Bait,Prey,log_fold_change,snr,mean_diff,median_diff,replicate_fold_change_sd,bait_cv,bait_control_sd_ratio,zero_or_neg_fc,composite_score,global_cv
EIF4A2,PDCD4,10.588740055121335,5223.375475975977,729764.5357055668,729512.6897888,87.2183880720064,0.05663431942147616,295.82231516472854,1,20.0528450020347,1.4145541534717798
EIF4A2,THSD1,11.325446806474229,68843.73400556893,113910.97743133333,122609.125,327.29345484873716,0.12753756444325226,8780.162162249364,1,14.741715157328837,1.430463902938437
EIF4A2,EIF4G1,5.643473072861648,1041.4953566534582,178969.72231399998,172800.352977,2.6248117275148806,0.05251018761779807,54.6891165809386,1,5.526673906377733,1.314240677956806
EIF4A2,PRKAR2B,8.926875670639493,344.14569217815836,24522.9490732,25360.71484,31.28947592307677,0.06428963403536389,22.12500060498079,1,2.681976199159646,1.3907617257440403
EIF4A2,AKAP5,8.146562896877985,200.37557442114095,29938.327187666666,30299.07031,23.51135332353176,0.08296938096357183,16.62503736994218,1,2.604647706479078,1.4140566357917197
EIF4A2,CDC20B,7.443638758250292,4670.073704128829,7685.855682333333,7849.323242,9.94648059141193,0.05713614320473214,266.8299999357587,1,2.537002213572117,1.4176719001873936
EIF4A2,PRKAR2A,7.362109250045015,185.65463367278528,28388.234777833335,28024.908585200003,7.5835077867378216,0.0460950667078416,8.557762723766933,1,2.3797511296485507,1.3725749043566635
EIF4A2,EIF4A1,4.644434680101252,278.98299110678096,50686.18331000001,48485.325684,1.6827817368117617,0.06728431138457011,18.771178444627406,1,2.269121919871547,1.2820583389960323
EIF4A2,HSPA1L,6.952611111739685,172.39268982415464,20735.111309033335,20600.141633299998,1.548052446792456,0.012498019915922004,2.1545672707816492,1,2.1100644776752113,1.1061492582628314
EIF4A2,EIF4G2,1.207792151184805,3.345343121708362,83256.71083866668,55307.79685000001,0.06129469330688068,0.026536466330536183,0.08877358511330476,1,1.9049991825778503,0.610191893285113
EIF4A2,PRKACA,4.79869748819969,132.7379101282275,32829.441286299996,32620.371091,1.4955034229980655,0.053732331243688924,7.13231735560493,1,1.8936786200875508,1.265188767563021
EIF4A2,EIF4G3,3.8417379342390703,26.617488762311748,27433.133727300003,27779.68457,1.2670636918156701,0.08837316221859932,2.3522716522435205,1,1.5427749544823335,1.1211737206100458
EIF4A2,DDX39A,3.8677712399687025,233.51769334744907,25529.288006000002,26702.383303,1.3008426945393008,0.08910660972676875,20.807969965406407,1,1.5424297961123643,1.1873301915564884
EIF4A2,RPL36AL,5.3573767874745695,1099.7557003897805,1775.993866,1594.369995,11.07120069510141,0.2700621485141588,297.00238728795756,1,1.4337428845734772,1.4895639268525038
EIF4A2,EIF3F,2.426998262234749,161.35317326189752,32632.603353,34268.483402,0.40706414346418063,0.07569450968264116,12.213549335797579,1,1.3745420114282163,0.808331117472178
EIF4A2,ATXN2,5.5464672132600805,33.04744666867787,2399.523071466667,2503.942627,3.665104263131194,0.07842118951574283,2.5916200782157914,1,1.3489252820346878,1.3774105833752723
EIF4A2,EIF3C,2.5117128367854065,180.6652009157165,30009.45687033334,30135.320318000002,0.21608529031690843,0.03789003976840946,6.845411647464184,1,1.3181676258678352,0.8080024775384276
EIF4A2,EIF3A,2.004068325253012,298.23944680375416,31439.928383333325,32914.43554,0.2206106041365082,0.054997479606739307,16.402417893514684,1,1.2674498605021935,0.6963702985854072
EIF4A2,IGKV2D-29,0.03894475676074669,133.34913478060972,63311.83333333349,39353.5,0.07633409020230565,0.07430178053128986,9.908078146506254,1,1.2408934314658056,0.05156913438152659
EIF4A2,EIF3E,2.561488048306927,65.04678261727929,25431.04459633333,24371.009275,0.4621204429365208,0.07828367054611744,5.0921009004960105,1,1.1938802026731479,0.8442021852007934
EIF4A2,EIF4E,3.9972527589017255,203.28451313094996,9642.935179433334,9381.4890124,0.9661420075789503,0.060499008444587346,12.298511476563169,1,1.1830749538399354,1.1854829491136727
EIF4A2,DHX9,1.2166742284721817,2.565956030478965,30699.486330000003,44726.687501,0.20481524603674697,0.08812694444841043,0.22612986455508347,1,1.176347253131881,0.45205004163598095
EIF4A2,DDX50,4.7976050696779335,19.665630701252912,2030.0310413,2152.243896,3.1753604628936336,0.11417477273590278,2.2453189160237437,1,1.168274210723954,0.8446786610671039
EIF4A2,SFPQ,1.7444781920051176,29.813328346616927,32139.43196666667,30824.42871,0.26772443724344064,0.07990041736705655,2.3820973779957906,1,1.1555486823300611,0.5915567948883376
EIF4A2,EIF3B,2.3935718971661597,144.3486168870592,23927.964677666667,24362.700192000004,0.3902844236094636,0.07427541849606009,10.721553928613769,1,1.1490037822260808,0.8159162269631869
EIF4A2,EIF3D,2.3198502312632705,120.69327167696761,23029.30354566667,22332.996581,0.25466773612009885,0.051007060059222606,6.156208957171158,1,1.0950477761572952,0.7578948949596845
EIF4A2,PABPC4,3.266843426067725,145.06657474742897,10589.056886333334,10519.687625999999,0.808531156999058,0.08400001218316548,12.18559404615412,1,1.0330060283589841,0.9839870541240997
EIF4A2,LSM14A,0.3703135439816827,60.715852842060904,42433.760433333344,34905.9688,0.0897423456889534,0.06942650327407514,4.215289356127606,1,1.013361885113974,0.11500248171407852
EIF4A2,CCT6B,4.168442002298268,24.540494349545778,2579.3907726333337,-39.35401919999998,24.721963638719714,1.3748557266825419,33.73963919209357,1,1.006639749095314,1.7739845317293903
EIF4A2,IGF2BP3,4.131162403669657,22.165806635262737,1237.17458868,1282.7797474400002,3.5855599809848084,0.20462252495318192,4.535623321331455,1,0.9976492865673424,0.833069822976412
EIF4A2,EIF3L,2.258206001535108,123.74844910883134,19083.370930333334,18859.270998,0.30147674786331974,0.06301834401884254,7.798422337738562,1,0.9954919489479455,0.7486113109379644
EIF4A2,EDRF1,3.88860973748249,19.60549110954135,3524.047210566667,3313.7398071000002,1.4950046759562692,0.10093799454117403,1.9789389545919207,1,0.9920981958263076,1.0675730176890763
EIF4A2,CANX,2.2017973792031125,131.90112836938846,31872.278971333333,5591.733398,4.709301174527276,1.0236473213420751,135.0202367373217,1,0.9777047252854971,1.3956588778600467
EIF4A2,EIF3H,2.444674976680387,49.13074517569208,15266.364749666667,14606.089114,0.3992204158306354,0.07333191777242992,3.6028517653220598,1,0.9342587375722128,0.7941592805923602
EIF4A2,SMC3,1.6998205177718329,9.119293643699175,21737.475585333334,19700.88867,0.20424692141989845,0.06287237888996107,0.5733516851754682,1,0.8931912171067392,0.4506581354191859
EIF4A2,EIF3G,1.2442319144478777,43.40146094157961,23302.63801333333,23187.759759999997,0.0833750242551701,0.03519546267526857,1.5275344986214918,1,0.8527226266880903,0.4771197498176022
EIF4A2,EIF3K,2.0776830536948965,94.01613579587801,13617.941001333333,13744.270510000002,0.10823361476111332,0.02564001478819422,2.4105751121351884,1,0.8277816165391444,0.6844863228256224
EIF4A2,PRKACB,2.6167223285387466,16.18944471487732,5397.610269933333,5794.55188,0.6046171274607971,0.09857555762125263,1.5958835403474732,1,0.7525539125068688,0.8779396981481749
EIF4A2,PABPC1,1.4566700229673772,4.904904610696696,17741.793619666663,13823.67383,0.03375754564435183,0.012299036068447794,0.06032559871925455,1,0.7228601091361072,0.4563967660116679
EIF4A2,PRSS3,0.9832894112486219,2.8944842397663537,16463.156903666666,23924.00879,0.07661072737553198,0.03875182634570803,0.11216655061981447,1,0.7172415515578909,0.380442669275566
EIF4A2,EIF3M,2.1295922169025823,24.112234758330686,7527.334797666668,7967.943358999999,0.5099184591084952,0.11652807990300204,2.809752418558701,1,0.6925940523570019,0.7333691046211405
EIF4A2,POLR3F,2.119180391465561,10.524284209695587,5776.722045933333,8197.670049,2.8611087528166492,0.6585647809181173,6.930922924878176,1,0.6707900185003051,1.2006612312148308
EIF4A2,EIF4E2,1.1227368038237164,12.441949924078495,16540.320310000003,16534.58496,0.16523914144956697,0.07588177286718618,0.9441172181638288,1,0.6654355523596496,0.3201227104038234
EIF4A2,FXR1,2.073335002213767,185.21082697345093,6237.509358666666,6080.836914,0.15772830976483154,0.03747784878569883,6.941303366785224,1,0.6649674010952121,0.606876961541547
EIF4A2,KRT78,2.407162241239988,377.3906573817609,1204.966034,0.0,39.78972353013676,1.4142135623730954,1067.4219719643686,1,0.6384373473114854,2.8284271247461894
EIF4A2,HNRNPL,2.4921980813908045,35.8174078562009,631.9048309333333,655.3318787,0.717479135934022,0.12752157579641527,4.567492290765643,1,0.6121405083867454,0.6465253508041335
EIF4A2,TAF15,1.6580782742046591,33.92856002392687,12553.018718333333,2637.3330080000005,2.5072773650585223,0.7944607765075802,26.95491014239298,1,0.582862258832004,1.0314142587441293
EIF4A2,EIF3I,1.0173295299956013,256.17369803148426,11432.907550000004,10263.662110000001,0.15375611324694413,0.07596050329765633,19.459083034093375,1,0.5428849338100428,0.39310789299385207
EIF4A2,DHX30,2.192081238605318,3.2312179855332066,372.6918131333334,526.7446899,0.9311634393716022,0.20377207149767573,0.6584319823726483,1,0.5348838271361727,0.7503114105718611
EIF4A2,PABPC3,2.0176848329924026,13.268114665905163,1867.2729694666664,1900.7738642,0.250215537493808,0.06179192006906845,0.8198622809028467,1,0.5297823571349005,0.6280431789587664
EIF4A2,IBTK,1.9465450899605694,7.884683230596519,2480.448811633334,2623.8051144,0.03759952546664391,0.009754725001698559,0.07691291663997323,1,0.5283340784846087,0.8783230740031926
EIF4A2,FOCAD,1.8709433153820099,36.24380433039539,2574.0984293666666,2532.5438231000003,0.1998704579685103,0.054643654509800264,1.9804939219509285,1,0.5150197680645369,0.5563083908769358
EIF4A2,CHERP,1.5685345067899878,179.07009446113213,4778.958333333334,4546.911620999999,0.32322521797929715,0.10897597554037926,19.514338234009738,1,0.5145503285772646,0.46965313240998274
EIF4A2,DHX15,1.2723331489003888,47.17562593394334,8252.300617333334,8124.934574000001,0.10051198807583514,0.04161110212783273,1.9630297886817505,1,0.5108024690881336,0.39435388784980885
EIF4A2,ELAVL1,1.7899754777984636,5.034702151663399,3318.5375469500004,3239.857422,1.0906869007932323,0.3154024356833451,1.5879573215748144,1,0.5091440887660604,0.5370208238266301
EIF4A2,ZC3H13,1.7975072907805167,22.28513300565271,2466.198039133333,3723.3946537,1.8930230882912056,0.5445697938571306,12.135810286967034,1,0.5089678346639174,0.7638994428883416
EIF4A2,ATXN2L,1.5383311681700567,34.34970662308912,5216.2639973333335,5374.436279,0.19616749706175354,0.06753745966791472,2.3198919256615844,1,0.5025771854627814,0.5334485318822894
EIF4A2,CBX4,1.9267606740651793,2.6884169027073916,911.8587239000001,1212.723877,0.3101304044444178,0.08157042600570294,0.21929531203477437,1,0.48860745826211527,1.1328870849495174
EIF4A2,IGF2BP1,1.5939923934146119,545.0758611864669,1417.352762933333,842.9235229999999,1.4177455894475772,0.4696347454088511,255.98656329681666,1,0.4884577929517385,0.5914686511569427
EIF4A2,ALB,0.8777610760151031,26.324604188822445,10860.38476666667,9709.664060000001,0.12284215910728227,0.06685245982676087,1.7598645439886333,1,0.4666853898409552,0.29508746867703173
EIF4A2,FXR2,1.706411522720457,19.659501247082463,2094.7640177666667,2116.646851,0.05380947824065802,0.016488420645711346,0.32415412624678247,1,0.4649326807666604,0.4784465413441119
EIF4A2,PURA,1.8697185337441327,2.5841943696743908,309.7955729333334,596.2885132,2.6020190701496726,0.711984110355978,1.8399053292795484,1,0.4614927934660056,0.9472613919401528
EIF4A2,FMR1,1.6725988738757924,13.098044860675364,2069.4180093,1846.0527342,0.31392940231116434,0.09847611884151812,1.2898446222914028,1,0.45290680297388175,0.48992130376416404
EIF4A2,UPF1,1.7442203694933103,17.574478508076925,1074.3580628,1139.3706355999998,0.47743533143532435,0.14251257946600893,2.5045842649559793,1,0.4501144225472885,0.5134547294935647
EIF4A2,HNRNPC,1.699871406817456,20.295805313356734,1347.1375532999998,1202.3740847,0.5090171657131364,0.156682857361874,3.180004768957038,1,0.4442759619866747,0.5200510132436086
EIF4A2,RFC5,1.7359003921320288,17.772452186856984,1679.6979978999998,-286.2822876,3.941923854359377,1.1834541778426988,21.032882791045505,1,0.43870482050211257,1.3280755489240397
EIF4A2,DRG1,1.368388288963625,48.02205497796498,3312.7771813333343,3401.6127930000002,0.24193124859316814,0.09370607089456422,4.499958088267847,1,0.42085340192138443,0.4690182937231597
EIF4A2,PTMA,1.4033262343223243,35.9274720035065,2817.249837333333,2327.710815,0.4696496630477566,0.1775547792563368,6.379094360820817,1,0.4089637237114195,0.41823377558408337
EIF4A2,ABCE1,1.3420697410996494,29.27025268685389,2254.9875083333336,2588.508789,0.2673945435740747,0.10547535738791455,3.0872903629804798,1,0.390634603337794,0.44221849457649676
EIF4A2,SET,1.0343051983126965,33.73033321968534,5327.094727666669,5461.9038120000005,0.04126448490776137,0.02014752296166298,0.6795826630481541,1,0.3900532918518036,0.4354503924480344
EIF4A2,PTMS,1.5208824169183803,6.110666884483422,776.4311216333333,712.4250484,0.16223099366539073,0.05653327099054408,0.34545598691344503,1,0.3893094499125268,0.4936600569443009
EIF4A2,HUWE1,1.0913488454226619,81.09580866987538,3614.379801666667,5296.177735,0.7602775534506546,0.3568169433485693,28.936358567965335,1,0.3877756275293639,0.43436365795675974
EIF4A2,LSM12,1.4067080804961436,3.5698536110246013,1355.661865266667,1594.8382566999999,0.13310150739797538,0.05020226185196186,0.17921472575382863,1,0.37990978024908906,0.5667523665153918
EIF4A2,NUFIP2,1.2872657497379885,22.594993250231077,1964.7904459999997,2248.96936,0.23365722745463552,0.09573602589051106,2.163154858800045,1,0.36995190191972555,0.4022176856841433
EIF4A2,ERH,0.6634462951100576,29.79568736051328,8005.028973333336,8103.30762,0.05126011707333263,0.03236421670017022,0.9643140824661746,1,0.36671288788856565,0.18715513783392543
EIF4A2,PTBP1,1.1906929472924332,56.11682472237806,1867.6605226666668,2153.992676,0.29140479906450917,0.12766278357947916,7.164030049700516,1,0.35031924116800384,0.36985098316801374
EIF4A2,ACTA1,0.8808767925841553,1.302125910459376,2893.5412189333338,7816.764648,1.132583809867148,0.6150385963340687,0.8008576922191558,1,0.3498829557016151,0.8110027448170104
EIF4A2,DYNC1LI1,1.2737222423653425,14.91187701979147,1171.3821819666668,1636.0164796,1.323265756001942,0.5472934731445813,8.161172965266541,1,0.3495321933569603,0.6879338239481342
EIF4A2,0CA4P,1.3372984121698999,85.63837366368038,239.10490926666668,0.0,9.029177445167647,1.4142135623730947,242.2218989895033,1,0.3438950710709938,2.82842712474619
EIF4A2,STAU1,1.3313592632208309,6.50335990514551,500.7149454666666,501.144165,0.2652129985672505,0.1053943812271975,0.6854175931005769,1,0.3405800781009053,0.5933875278115064
EIF4A2,LTV1,0.9972880606563693,41.63197545882024,3420.023275,3203.6037600000004,0.1478724046713408,0.0740756874063975,3.083917200198381,1,0.3344467065672122,0.3376747603050405
EIF4A2,THRAP3,0.5665507769688017,44.05216115605587,8378.292970000002,6629.73243,0.13373821502957128,0.09030455919572213,3.978110994816538,1,0.33381943477334647,0.21347993838223636
EIF4A2,NKAP,0.7111962289677912,67.20425937862896,5802.806315666665,6063.828122999999,0.025446903306528212,0.015543406124758833,1.0445830968356626,1,0.33355682405862846,0.2592564456251355
EIF4A2,HNRNPA2B1,0.9233763002214277,23.967650350380364,2918.312418666667,3003.4357910000003,0.0630955384076877,0.03326878779569388,0.7973746734681924,1,0.3070853381128035,0.25896777623558653
EIF4A2,HNRNPF,1.1020229753284747,62.466312623922995,1518.6572669999998,409.06701599999997,1.49682632979186,0.6973189470679493,43.558943346131336,1,0.30671758422125356,0.7128207886190991
EIF4A2,MOV10,1.1739958886920876,16.381427164420817,439.55919393333335,476.9797669,0.03020561885774024,0.013386951363218035,0.21929736871020022,1,0.30511896996334953,0.42050222527720515
EIF4A2,DDX3X,0.7389421044059297,39.8361629668725,4588.974445,4432.298824,0.13117276550154724,0.07859637906361633,3.130978164984306,1,0.30316753772370014,0.21843657813153516
EIF4A2,TUBB3,0.8038208730797098,23.09379199064433,3387.266763999998,3582.803223,0.12835160059368994,0.07352407725270724,1.6979497463780855,1,0.29189654457725106,0.24521611850293382
EIF4A2,HNRNPA3,1.001975381435991,17.660022452947725,1420.9923503333332,1421.9671629999998,0.04944110347926292,0.024686850044488316,0.43597032607821723,1,0.2884499604436558,0.30435430526513907
EIF4A2,FLNB,1.0067049732898665,48.063778794101616,2244.6783046666665,-206.10546799999975,1.6840125558569732,0.8381062762013732,40.28255466529104,1,0.28431082137103314,0.7345828073139322
EIF4A2,PRRC2A,0.953288019803662,32.55608926298514,1526.4119063333335,1538.148438,0.0925588010699651,0.047802617201278694,1.556266272609138,1,0.2819676762576408,0.2687997669868321
EIF4A2,METTL16,1.0952787521667626,1.5107573905834193,76.71369933333334,132.7359924,1.8178602263278159,0.8508456098231038,1.2854212932857103,1,0.2769791507624647,1.4088987444414174
EIF4A2,SYNCRIP,0.9000110610598103,28.87117991590933,1886.358357666666,1711.7133789999998,0.12506710074018734,0.06702164511188234,1.9349939742853801,1,0.27551323228093666,0.6416637136081009
EIF4A2,NPM1,0.8360174316469031,25.276411719312726,2868.811767333333,1823.5312499999995,0.4486745378801397,0.25134342754975797,6.353059957690932,1,0.2731139043202544,0.2969057434751181
EIF4A2,RARS1,0.8921596556053534,116.02700305116606,1201.7896319999998,1264.3427729999999,0.13464416650460317,0.07254760253662479,8.417480900871746,1,0.2725167252073942,0.3202398997994456
EIF4A2,SRSF3,0.3389457738582819,21.136415985430595,8869.430340000006,5409.464850000004,0.09608208661312104,0.07596490776355411,1.6056258907853456,1,0.27039910146086754,0.11711781095688993
EIF4A2,IBA57,0.8024817642892899,5.828576174305152,2211.971435666666,2873.876953,0.7937977423598499,0.4551360828957032,2.65279532883247,1,0.26741697960089444,0.47731326976244703
EIF4A2,CWC25,0.5378752869199662,173.10805818782086,4262.5533866666665,3724.926759,0.1597965859074173,0.11006617959515078,19.053342621868502,1,0.26360815070618837,0.17475161776411444
EIF4A2,ANP32B,0.8791986427399954,36.732274790253534,1234.1543373333334,1239.3847650000002,0.10036812430811039,0.05456736788059855,2.0043835515710007,1,0.2588256348773362,0.3145617814128122
EIF4A2,IFRD1,0.9618593043501585,19.43782102981821,544.204417,489.49066199999993,0.20753151209585036,0.10654615405912933,2.071025074016795,1,0.25860098862816705,0.5210520975973554
EIF4A2,RPL36,0.9292244518625746,22.78677760547538,623.5928752333335,737.7715454000002,0.35654944241193587,0.18723955899455905,4.266586189756305,1,0.2554282960265659,0.737558721476735
EIF4A2,CYFIP2,0.9067910343586235,63.07051949147195,576.4180706333333,729.4483034,0.8115306525546656,0.43284852666032747,27.2999814375851,1,0.25517899219640167,0.5124409923952233
EIF4A2,TAF2,0.8676951987244825,24.152221379709577,1229.8452146666664,1281.3055419999998,0.1903093823515044,0.10429423379631758,2.5189374232758506,1,0.25492618066831724,0.4432812438598183
EIF4A2,LARP1,0.8198044725468948,56.55607720480797,1347.6619873333334,1326.922852,0.0779005548364863,0.04413237242356587,2.4959538620185295,1,0.2503399614699107,0.2352522904417111
EIF4A2,CORO1C,0.8582233878681097,44.27347047235019,938.4724119999998,969.521972,0.1608763142899985,0.08874492381384566,3.929045764043263,1,0.24852959089095927,0.35700464221233763
EIF4A2,NFU1,0.8778024910626084,28.72066938976927,552.5290527666668,569.3355713000001,0.09215722160593987,0.050151838271089995,1.4403943662731535,1,0.24175644784407127,0.7323614124907581
EIF4A2,CAPRIN1,0.3642750525181378,6.639563454538786,5472.782546666662,5784.958979999999,0.25856924839272566,0.20087344573597066,1.3337119892958307,1,0.2392633047310825,0.21300663787208413
EIF4A2,YBX3,0.814869650434109,32.47993410957596,985.9565836666668,1047.930298,0.04082008550981861,0.02320471141004442,0.7536874976299682,1,0.23850948936272637,0.5223418105742825
EIF4A2,H1-4,0.3171089236230725,139.2181059352004,5687.3964833333375,4803.414059999999,0.06777263565278388,0.054399957901681145,7.573459102026687,1,0.23771829134221573,0.3473134238856014
EIF4A2,HNRNPAB,0.8452730171756377,50.01993362563779,476.28517669999997,482.1184084,0.07811918578147461,0.04348180786852214,2.1749571435062127,1,0.23536549246287625,0.36803636043599847
EIF4A2,BCLAF1,0.5967406798386312,46.752906550327765,3041.9876300000005,2831.4252929999993,0.10840440058266483,0.0716824664095711,3.3513636533436864,1,0.23527521460147888,0.18552396297504584
EIF4A2,RPL7A,0.6893606575580675,211.96065071049145,865.6302899999996,1057.107422,0.34763642502742975,0.21558062793048371,45.69461017672168,1,0.23315647687502405,0.5555695893678346
EIF4A2,ELOA,0.7539596291525031,29.174984919493493,1376.8697513333332,1151.4685059999997,0.19996540716389655,0.11857495899638942,3.4594226405492208,1,0.22991486604715308,0.22899736498605797
EIF4A2,YTHDF1,0.8512657037783853,43.65629835099781,100.12106323333333,0.0,4.6028485542984185,1.414213562373095,123.47865842197456,1,0.22591642393504263,1.269671331745443
EIF4A2,PAAF1,0.7772642895194828,17.52573455411303,927.1130373333333,917.5173340000001,0.09266407185682522,0.05406722106805073,0.9475677645172047,1,0.22571372395539083,0.24227393169834477
EIF4A2,PCLAF,0.8537276873850386,14.375208790942935,965.3523558999998,-683.2640994,1.8675793896649582,1.0334365887113608,14.855866734925634,1,0.22455672189237758,0.9189112567104867
EIF4A2,PSPC1,0.6452820133346095,33.23192456342454,3972.9594726666683,100.88818300000003,0.8023590641910066,0.5130058271764613,17.048170949325364,1,0.2235606289313577,0.45253758150677414
EIF4A2,H1-10,0.7105605182900869,32.82049142248113,1166.9099126666667,1495.129151,0.306486977527321,0.18729002622647312,6.146950699282227,1,0.22209295752548594,0.33007924385806964
EIF4A2,UTP14A,0.8420618634923905,5.263025048777417,180.64306133333335,170.710083,0.5481906449053862,0.3058075218709709,1.6094726477114676,1,0.22149188211564808,0.4786251785972393
EIF4A2,FUBP1,0.7864473889264234,16.74505825161231,614.0797935999998,606.4090581,0.10961209128803524,0.06355017159720266,1.0641513252951167,1,0.22046753490517834,0.36328803748654115
EIF4A2,ARHGAP22,0.8208592776062452,2.412025911613904,234.40104163333325,157.20318600000002,0.10852205739227963,0.061435190945872166,0.14818327244639157,1,0.21674106866529394,0.3998499250321645
EIF4A2,ALG13,0.7918574822031075,9.952702113236496,385.6964720333333,421.49169919999997,0.26804357334846723,0.15482284832116922,1.5409056896633944,1,0.21598495713861607,0.269030522088005
EIF4A2,ACSL3,0.7581422782621624,16.2545774159262,659.5648192333331,730.2080078000001,0.39619692462852285,0.234255664443171,3.8077268328107534,1,0.21591976737237842,0.2907871701423651
EIF4A2,PRSS1,0.2216759047577175,59.1010631098975,5926.861983333336,5500.191409999999,0.03704469470532498,0.03176864178882446,1.877560503277041,1,0.21591093974498893,0.07343222065950561
EIF4A2,LCP1,0.8045396954823262,40.918052887916886,91.05595906666667,0.0,4.3141449846617554,1.414213562373095,115.7337306799833,1,0.21480110497237298,1.418261574785201
EIF4A2,0P1L4,0.7939059640181114,8.532011111679381,235.63929236666667,389.6038208,0.9332092105479262,0.5382598828666836,4.592439301589787,1,0.2141519950914657,0.48544070796131017
EIF4A2,NCBP1,0.8069498398635773,13.470016216942811,120.7601115,125.02627560000002,0.29873993886242234,0.17075745106621676,2.3001056350257585,1,0.21339682634899396,0.45432169064333267
EIF4A2,G3BP2,0.6610426545289855,1.5586693940833407,911.9622497333332,1913.0313717999998,0.19524746198560494,0.1234793902846943,0.1924635464368248,1,0.20845386293813276,0.7310463772873076
EIF4A2,CLUH,0.6849393561986625,11.56694474659468,1131.9096676666668,1091.036621,0.2589944333935629,0.1611038205853081,1.8634789911755614,1,0.20826528219860557,0.2684798144244971
EIF4A2,HNRNPA1L3,0.7460070863458356,6.976737941557334,531.3527829999999,456.5373532,0.06670992131659016,0.0397761283121114,0.2775076235633605,1,0.20723241257682995,0.2579923387528905
EIF4A2,RPS19BP1,0.7284772638994949,14.067112446047393,692.5144447333334,526.5427240000001,0.18510954371795868,0.11172179991509516,1.5716031220804518,1,0.20688596667189962,0.23672689132466446
EIF4A2,ERBIN,0.7776573015404252,13.49891127846168,569.4771422333332,-359.1233521,1.6686670190706276,0.9733612246609524,13.139316813593002,1,0.2063037576713091,0.7208265961747332
EIF4A2,PHF3,0.7884288183967001,3.760289103358048,91.96365860333331,18.153625399999996,1.0489188891283914,0.6073005815688369,2.283625759336303,1,0.20628200702548566,0.7276366557203623
EIF4A2,RBM10,0.5032358634655311,38.983138672203964,2653.243977666667,2267.238281000001,0.09139900636553017,0.06448451661213754,2.513808853300998,1,0.20188688690274645,0.14898308524801382
EIF4A2,SRSF7,0.6087921903456924,43.159601452837514,1183.3037923333331,1282.7602539999998,0.07295270382937394,0.04783871771265483,2.0646999904929806,1,0.1980633094061644,0.2715224942832411
EIF4A2,ACTG1,0.13066779569668233,84.25012604058482,5698.878910000014,5546.8984400000045,0.06928736167447938,0.06328824686010912,5.33204277485184,1,0.19653281691316668,0.4822367777435582
EIF4A2,PA2G4,0.6290156693308672,9.60908819905242,988.5762943333332,1098.7052,0.008477455020973843,0.005481705733584404,0.05267419387526389,1,0.19369902081307044,0.29547489812116334
EIF4A2,ANP32E,0.6983709325190864,10.682175855620233,376.94371539999986,321.473877,0.21566104687099608,0.1329057549370347,1.4197226464613715,1,0.193541553359056,0.29195813857508957
EIF4A2,PRPF4,0.7155037361407522,3.253392989802903,322.0427246999999,99.1512452,1.2401779865299025,0.7552636385129363,2.457169426991021,1,0.19321279098676505,0.9746181337650899
EIF4A2,PPP1R10,0.5921368579328665,14.737711256556144,1261.076578666667,1412.402099,0.06659486198670249,0.0441766366722951,0.6510625155620745,1,0.19279547120706994,0.19367284331266651
EIF4A2,PMPCA,0.7210961750126015,4.806964954802699,95.47480264666669,40.809265100000005,0.7837594557716789,0.47545985067891705,2.2855188396292787,1,0.19140085885027758,0.5400951884204035
EIF4A2,TCOF1,0.5338237602410463,18.151536360722606,1682.7876790000014,1931.1215820000002,0.05274636830435046,0.036433307431926076,0.6613205045919913,1,0.19088309470696396,0.15609418894100668
EIF4A2,RPL19,0.6060433957640169,11.927577440897494,1171.8155926666664,1094.232422,0.4126091071742195,0.27108433506038676,3.2333793994469664,1,0.19085328454051204,0.6298183768364864
EIF4A2,SPIN1,0.14483194548551673,24.022478219630543,5442.554689999997,5730.578130000002,0.018273949261178923,0.01652865759372928,0.39705931704509256,1,0.19070202364039224,0.06374253840154188
EIF4A2,CCDC93,0.6695327897349997,7.577390357787729,524.2316586333333,418.3127439000001,1.0247603647745218,0.6442814052908978,4.881971708153176,1,0.1893799794234541,0.56412437448891
EIF4A2,VPS18,0.6912531995672141,17.26311180275701,710.6446739000003,-370.07666029999996,1.436627007929253,0.8897310946249916,15.359527360900605,1,0.18865410340265737,0.7160046574302108
EIF4A2,PPIL4,0.2842866338494269,11.74414127712329,4891.571616666668,3451.634769999997,0.09371458938315182,0.07695413638552391,0.9037602495706067,1,0.1879549773679447,0.10977368509380404
EIF4A2,YIPF4,0.695819877079932,2.2857876533100008,194.14827476666665,59.7687378,0.259668726214311,0.16030965302582761,0.366433825592847,1,0.18666388554512506,0.38307984843984116
EIF4A2,HNRNPA1,0.3481091365968073,29.20404586561829,3793.319659999999,2965.8476599999976,0.11964696520305942,0.09399695984593656,2.745091526569412,1,0.18652962792915492,0.13188388341443855
EIF4A2,ECHS1,0.6154854051926754,38.55609464531064,601.5341393333333,718.4724119999998,0.4341545819147313,0.283378994261557,10.925987323241532,1,0.18568284389822196,0.28522203591151607
EIF4A2,DDX52,0.6334959637514306,11.433687738051738,424.98966486666654,388.9190673999999,0.06069167421921624,0.03912286312879555,0.44731860043318616,1,0.18021431397077373,0.24299056901553692
EIF4A2,GTF2I,0.00396064615455122,498.46493086424664,201.26822666666703,7129.085930000001,0.13663013402060808,0.13625691508470392,67.91929375747246,1,0.17902147641686877,0.09762396855592846
EIF4A2,PCBP2,0.550952560168822,19.098235412368915,1122.5913896666666,1065.6608890000002,0.025541004726170494,0.017433624799458633,0.3329514705109738,1,0.17839061976431442,0.16056388862374404
EIF4A2,ARL8A,0.6266332068276247,23.518947355168507,248.5253194,318.92788699999994,0.289015790295113,0.18719273614451784,4.402576106652863,1,0.1774491172121174,0.2747515646070203
EIF4A2,SLC7A5,0.6320774771923193,13.458627102116077,185.63191729999988,217.86526489999994,0.24415406112633384,0.15754059252548944,2.120280088246978,1,0.17541498190523439,0.3395142486763558
EIF4A2,RPL37,0.628340402658809,9.250205019206012,247.00089516666668,278.8449707,0.2434305645979108,0.1574811607602031,1.4567330236944196,1,0.17540702816417802,0.4290700934897875
EIF4A2,GNL3L,0.4936463900734084,6.210480833126618,1726.3330076666662,1366.6181640000004,0.024286206768422886,0.01724886018942199,0.10712371559968603,1,0.17406014726685606,0.17923359555211854
EIF4A2,RPS23,0.3284206789479415,45.503939138091816,2972.5673800000004,2812.4189399999996,0.03656664554017807,0.029122194973353253,1.3251745876351098,1,0.17300126650057168,0.18490961135398956
EIF4A2,RP9,0.2792011729233377,35.91581995214261,3834.110023333331,3030.5625,0.10347516532413432,0.08526911978662861,3.0625103537342344,1,0.17298242917373996,0.25474255048914307
EIF4A2,YTHDF2,0.6213418258857445,3.557061609617131,178.9662068666667,257.1140442,0.30184287730312764,0.19621907685070572,0.6979633453401588,1,0.17199771715220472,0.9554865782994088
EIF4A2,KHDRBS3,0.48102917950975504,53.123757788019425,1329.2743326666673,1252.1538089999995,0.0856061744864168,0.06133438144314161,3.2583128238634482,1,0.17167266510698787,0.15093899818563272
EIF4A2,EIF5B,0.44269894540052396,31.900476088124226,1838.1232096666672,1696.096192,0.14017030476259956,0.10313202645582123,3.28996074387372,1,0.1710856939100949,0.15416116820212683
EIF4A2,DAP3,0.5988816052061641,11.661494499800247,305.0105081999999,304.30419919999997,0.06003657611738077,0.03964034786333045,0.4622656985783965,1,0.16999650947889686,0.2071189667379766
EIF4A2,LSM14B,0.5525194046660644,26.014821885982645,663.8362633333329,645.7819830000001,0.07223993542427282,0.049255575333951425,1.2813750192043465,1,0.16951418385746672,0.2785695458823562
EIF4A2,RPA1,0.30235136919339445,23.243551878913017,3489.1340360000013,2683.7841800000006,0.840309068414,0.681437047198821,15.839017358779095,1,0.16850895181914916,0.5471590334896392
EIF4A2,MTREX,0.5983016801448503,32.20817594380997,451.4019571,-209.59893799999998,1.132968184745665,0.7483656255106853,24.103491736747554,1,0.1683992111710214,0.9251755298565109
EIF4A2,EMD,0.5975338700278445,1.0699358764965028,137.34274289999996,350.1633606,0.6842116238254916,0.45218661192846316,0.48381067897366414,1,0.1668369358454809,0.6641669803216298
EIF4A2,COIL,0.5145247239660283,15.296382252882085,999.4743649999996,951.4765619999998,0.15731209710409666,0.11012293694108524,1.6844825382608692,1,0.16683046203992563,0.25344396156730375
EIF4A2,CCDC59,0.574731596957494,19.736596870180975,341.45550556666706,304.37640410000006,0.05189256919903804,0.03484148354336447,0.6876523150544291,1,0.16602373739281523,0.21800856393823198
EIF4A2,PPIH,0.5056167749072125,94.16612773218161,343.7061359999999,763.4141849,1.0177024650983033,0.7168331315520454,67.50140022838966,1,0.1658042469780278,0.900620744536152
EIF4A2,CKAP2,0.5918140979179816,4.877208130163743,181.68757123333324,187.55444339999997,0.07333214100397789,0.04865678965901267,0.23730929011260374,1,0.16468059574072802,0.25567922021615014
EIF4A2,OBSL1,0.6007640918411881,1.744363587220577,50.42474874999998,74.01898195,1.1914654670589857,0.7856630186143057,1.3704819614965973,1,0.16345486427066994,0.6700530471644554
EIF4A2,KIN,0.15921011981739278,700.8323334847001,121.20043970000006,72.97253499999988,0.3189082344729446,0.28558973978466,200.1505237525716,1,0.15918584962953874,0.24594012142002206
EIF4A2,U2SURP,0.3411583838505521,15.964302578581796,2335.4147116666663,2262.969725000001,0.06967921436300384,0.055005708995589396,0.8781277819550076,1,0.15812419953977894,0.17561946451526753
EIF4A2,ILF2,0.47956252143071953,17.0964041191783,981.116618,839.724854,0.15272983436225826,0.10953787002167799,1.8727036922446327,1,0.15760840125545833,0.2929538445910275
EIF4A2,PTGES3,0.5308453861631603,8.23114945921645,524.871745133333,382.97155799999996,0.05722460934210516,0.039608232097161286,0.3260212782070687,1,0.15749587813150778,0.3329936243922203
EIF4A2,SRRM1,0.4299357417533608,10.746689343464714,1619.7646483333328,1215.0058589999999,0.042196514967827274,0.03132248811471488,0.33661304923320656,1,0.1571847368657887,0.28181995916549857
EIF4A2,DHX36,0.42988697143511945,29.891558603755215,1350.1163740000002,832.5358889999998,0.1565388220464776,0.11620275164992229,3.4734813608612654,1,0.15223090052363947,0.15978939152495458
EIF4A2,PRRC2B,0.187985548407707,10.08484158828293,6007.8059899999935,1159.75,0.09624232722644895,0.08448520061236461,0.8520198647300011,1,0.1521204287692039,0.15581250329189486
EIF4A2,HNRNPA0,0.33146836487396114,36.37137138542854,2285.7766913333326,1729.3916019999997,0.1003461944854934,0.07974848438065564,2.9005617428338737,1,0.15193878477615497,0.1736200500483615
EIF4A2,HABP4,0.5466518202992039,2.064813688160761,143.0742492666667,-33.19934090000004,0.2659841823081961,0.1820959088743488,0.37599412520182995,1,0.1510078326438654,0.727210017089541
EIF4A2,RPS13,0.25040397211076176,61.92477456405664,2804.0478533333335,2338.176760000002,0.07404214353179271,0.06224486473085387,3.854499216228326,1,0.15003157545564033,0.537581768589677
EIF4A2,RPS9,0.2688894873943613,51.66096264822739,2490.9677733333338,2381.1113299999997,0.03849270832017753,0.031947602491609245,1.6504438990194414,1,0.14971604252045206,0.46200581683362285
EIF4A2,ZC3H18,0.5149039272796209,8.147493880813647,635.8626102000003,-97.222534,0.9470746829851584,0.6628049446387528,5.400199230617267,1,0.14956701070078698,0.5785211516618357
EIF4A2,MTHFD1L,0.41862854020265017,8.21685977434196,1068.5970050000005,1309.5385740000006,0.08065378667863031,0.06034041096358695,0.49580869561396024,1,0.1489884877873991,0.15358328731689752
EIF4A2,CCNT2,0.4448672432528193,4.544351287722818,1256.7994789999998,584.7702629999999,0.5582335740886499,0.41011037775978354,1.8636856232811638,1,0.14822642503071312,0.3663942196096786
EIF4A2,SNRNP27,0.15405821759794217,67.29174992696562,2830.082680000003,3852.5976499999997,0.11532433328492288,0.10364508476612845,6.97445912524147,1,0.14670634080883665,0.16477269964368532
EIF4A2,RANBP2,0.41697799841068395,82.0910340326383,512.3007813333334,698.002686,0.4149224101403348,0.31077584765514865,25.511910686380826,1,0.1451687640512856,0.24967040462953247
EIF4A2,USP9X,0.40879898975490825,15.947168833569654,892.9267579999996,1199.4882820000003,0.2795414021604969,0.21056619649918976,3.357934686215182,1,0.1444977398841547,0.20087179646857703
EIF4A2,MATR3,0.4614253856112005,12.749545916020327,480.12504033333335,377.98681599999986,0.14599907051496325,0.10603527406857921,1.35190159545515,1,0.14173472500691353,0.18922177911399427
EIF4A2,YBX1,0.42858917648212325,3.6566959178627494,657.7413329999997,928.8389889999999,0.07577865015418453,0.056303046374329896,0.2058831198402492,1,0.1414645508215721,0.3968261316206583
EIF4A2,RPL27,0.4166100854105927,22.125867946470603,736.4766439999999,834.1142580000001,0.03921888714065363,0.029382340521352704,0.6501097863336821,1,0.14107040557857137,0.635454087684495
EIF4A2,PMAIP1,0.37773211362300446,20.930414041217794,1337.3668619999999,984.1826170000004,0.06781436047861593,0.052193487466011816,1.0924313029187385,1,0.14074728418138055,0.32553271946276835
EIF4A2,IARS1,0.4395584983123721,45.49758121037852,359.3793337333333,365.57568349999997,0.034438662418868525,0.025393887123382995,1.1553604416433034,1,0.1396873806820347,0.13943111583049195
EIF4A2,RSL1D1,0.4598885713098222,11.616149520345731,285.8502604,236.1992798,0.44972850021697325,0.32697407019391506,3.7981796886485375,1,0.13733823254565777,0.5916871092368395
EIF4A2,THOC2,0.3207816348434261,6.617594713189221,1469.0390626666667,1840.1787110000005,0.2954300106164457,0.23653379135321898,1.5652847671496641,1,0.1372846508750466,0.2895260678174903
EIF4A2,RPL10,0.30963133276607985,16.168453033326937,1650.7929689999992,1721.5170900000003,0.023363520607507675,0.01885095999537781,0.30479086131839106,1,0.13677521780757645,0.35906059404944646
EIF4A2,TXN,0.16329929173176327,23.189570672953653,3450.711586666668,2599.65625,0.07738152471496075,0.06910081598945887,1.6024182559463223,1,0.13542737393689702,0.09223231898435233
EIF4A2,SCAF11,0.4432573598951794,12.578436314323875,320.8339435999999,282.6943362999999,0.17968681956573454,0.1321556255661019,1.6623111197628446,1,0.1346277721601346,0.1816658013419568
EIF4A2,FAM98A,0.3935591115136826,10.54817164482653,738.975382666667,700.2116700000001,0.061394090431811335,0.046736563725053214,0.4929852962612345,1,0.13271763321321628,0.2621126289991745
EIF4A2,AAAS,0.42351685183162024,24.29248642084944,459.1328533333335,153.06518600000004,0.3073637766173007,0.22917363106916108,5.567197320764354,1,0.13182840163991702,0.19679517019067755
EIF4A2,MYL6B,0.4517635467876822,4.5128030760808295,113.00061543333334,39.58239750000001,0.2356106355442772,0.17226763344936327,0.7774099061394514,1,0.1302385254650043,0.4906779002794986
EIF4A2,NOP14,0.38989670990463854,24.397402916398992,498.54451533333327,589.8831790000002,0.17191745030270691,0.13120569048865285,3.2010780957760026,1,0.1297139869171063,0.18515448726284128
EIF4A2,RPS15A,0.21772406100780284,44.06458440718986,2463.132159999999,1754.516599999999,0.06249952659249345,0.05374511410007545,2.368256116736825,1,0.12943895629946642,0.4212829398849387
EIF4A2,RPL28,0.3931904800698201,15.091726684047504,498.22326666666663,609.57898,0.2566153282732797,0.19539964605934698,2.9489180524872847,1,0.12941819675897542,0.5464012691343875
EIF4A2,RBM15,0.36479908705913067,64.3703877535802,635.226399666667,414.91919000000007,0.1292131542353754,0.10034474491099155,6.459230138954619,1,0.12900828463178257,0.13931522687746906
EIF4A2,RPL4,0.413666566555296,7.3075585033151125,487.7799073333333,249.33715899999993,0.25313886298148564,0.19003607005818152,1.3886996996902508,1,0.12871571188165146,0.7499292641552967
EIF4A2,LARS1,0.4280278691520872,5.426570270558686,317.65673806666643,111.07507299999997,0.5330967131254678,0.3962415421839975,2.1502325727760065,1,0.12815639416325142,0.5759701720875354
EIF4A2,0T10,0.3964436433875048,20.24623375785313,386.47534166666696,386.82531700000004,0.2681425474062417,0.2037171548760847,4.12450513810598,1,0.12698536367187194,0.20179779798516562
EIF4A2,YTHDC2,0.4318065036381693,4.212574131622171,98.1920318666667,119.5793152,0.589736235307678,0.43719413047583827,1.8417126845395646,1,0.12641155471699492,0.6885829886144422
EIF4A2,GNL3,0.42609029948819466,8.432190719811512,166.12996413333332,98.70532219999996,0.15291773078831858,0.11381385039972543,0.9597000931265804,1,0.12622982157117968,0.5255615984665487
EIF4A2,EEF1A2,0.41172915357093715,3.243241762621787,331.8353268333333,50.24816899999996,0.24502191523036257,0.1841897123374211,0.5973717672980174,1,0.1236062441954124,0.4496305069257225
EIF4A2,MAP7D3,0.29225853669841373,70.4500200157047,911.7340493333336,975.6679690000005,0.11530565377291475,0.09416197587397514,6.633713085039851,1,0.12302964799212548,0.1793908301266661
EIF4A2,ABRAXAS2,0.4023268768207461,9.94051807679164,149.4888509000001,251.54858389999998,0.24115300315995522,0.18246665171511597,1.8138130497857545,1,0.12260737748793185,0.20718969853429936
EIF4A2,PHF8,0.35772964917943717,10.718973085169738,706.6628416666663,560.471192,0.04186075745900961,0.03266804288100457,0.3501678723866588,1,0.12258957561796621,0.1324691218867804
EIF4A2,ANP32A,0.3434081592361636,6.08282636627557,735.3631183333332,773.189453,0.015626525579143832,0.012316567562758174,0.07491954191275985,1,0.12149675759186704,0.16972388566777258
EIF4A2,MTDH,0.40049182007044404,6.833623537435167,189.10387163333348,152.4420166,0.1737043384734552,0.1315993987173089,0.8993007485869174,1,0.12107359933183756,0.30959025583728644
EIF4A2,OAT,0.35467504420873486,6.409715227788615,474.0051266666667,743.7641600000002,0.08651263789130238,0.06765737188514916,0.43366448684439785,1,0.12074230536247788,0.20022504089853774
EIF4A2,RPL39,0.2546337931388248,11.083186151473546,1362.168619666666,1692.2255860000005,0.0379046448836417,0.031771934815014224,0.3521342679472859,1,0.11988376657535336,0.18064907494250182
EIF4A2,NONO,0.24624004612148698,6.522434215993852,3042.4990266666664,-0.42968000000109896,0.1818202448821945,0.15329227155804115,0.9998387570575887,1,0.11714095500671862,0.17610034214141512
EIF4A2,FIP1L1,0.3746555357498819,12.634750537740924,199.30670166666675,224.65527339999994,0.041731906499523436,0.03218763152869151,0.40668269476574176,1,0.11694016059500427,0.24804405876796798
EIF4A2,RSRC1,0.30713530813818796,39.89729353855799,620.391357,741.0895989999999,0.11876108773461132,0.09598883844875623,3.829694864015248,1,0.11615395084326482,0.13988481989286883
EIF4A2,RPSA,0.3556600282091881,32.173314958740185,252.3612463333335,245.26989709999998,0.019621023031321867,0.015334185224645714,0.49335157086818665,1,0.11613619460491711,0.13238386489466855
EIF4A2,0CA2,0.3475930467523818,0.8997410233371967,132.2727458,879.4386597,0.9032464360505463,0.7098616862494216,0.6386916800139226,1,0.11600039651822378,1.1595961442626739
EIF4A2,CLPTM1L,0.38013863657624414,6.252923503725246,113.76388549999996,92.4189758,0.07765611492695275,0.05966860220643848,0.37310320517107126,1,0.11479339558588364,0.21680381938751275
EIF4A2,RPL26,0.2131507388223586,170.23326490647273,905.7913410000001,622.9511709999997,0.08491171111379323,0.07324982192209341,12.46955633961568,1,0.11448246730949332,0.598455589753289
EIF4A2,SUPT5H,0.31312611828272713,18.17443007135948,595.5504559999995,723.1870119999999,0.06642031832134242,0.053461863686665737,0.9716389030578592,1,0.11405708006143087,0.2622157298116107
EIF4A2,LUC7L3,0.24045401973662137,72.83244371235534,992.7034506666669,1105.316895,0.050664224163097064,0.042886558823304624,3.1235328815149503,1,0.11400294137447774,0.171589331549807
EIF4A2,RO60,0.3756497736513253,9.69687032549215,123.18874103333337,36.291747999999984,0.41925565335999554,0.323147220757493,3.1335166957285954,1,0.11369942558841585,0.26638092055210333
EIF4A2,MMS19,0.3367063855115766,40.30802431114324,254.9119059333334,251.21386729999995,0.10366422670385361,0.08208685740562262,3.308759043931185,1,0.1130306268451849,0.17498667703914147
EIF4A2,RPL10A,0.3466716247315673,7.055310714531094,245.51527870000007,364.31988479999995,0.10926974079308711,0.08592999182087403,0.6062627919933818,1,0.11196323477558474,0.6831963941788329
EIF4A2,TXNDC9,0.3311211022233785,17.7762591440151,419.277791,362.79577600000016,0.05348003421558056,0.04251260766175567,0.7557151306832107,1,0.11187870675932032,0.12964363061689382
EIF4A2,RALA,0.33267164172926933,9.162477327630421,377.5192466666665,415.473023,0.03758433494061414,0.029844628378479225,0.2734507308693714,1,0.11118406466393425,0.26793954973273704
EIF4A2,MLLT11,0.3539691808178836,8.34410879821541,208.42114246666677,167.03582759999995,0.13296555473040145,0.10403685301815267,0.8680948206074113,1,0.11108217764759096,0.21037899345120298
EIF4A2,OLA1,0.34959688623796475,5.665154878153566,153.66190593333317,329.6032715,0.40620823123535027,0.31879608454071395,1.8060291934720822,1,0.1109742915250585,0.2956343900100813
EIF4A2,SART1,0.3030612753654534,13.94948553966047,488.1384680000001,702.878784,0.11803728792036763,0.09567362031379012,1.3345977830941813,1,0.1097113446480859,0.2614636850949719
EIF4A2,NBN,0.33168344299719177,1.7779628582807447,581.8232419999999,173.61254800000006,0.9344807949079442,0.7425525022337087,1.3202307692949637,1,0.10950710390777894,0.9217365334517942
EIF4A2,IRS4,0.2510648157981044,50.53489044214013,686.6921386666663,845.4042969999996,0.16291308895818432,0.1368931090824912,6.91787826976763,1,0.10681953357555608,0.20458974228944307
EIF4A2,RPL18A,0.32745104448724266,11.12362216777743,192.21028633333322,243.13134749999995,0.32552693875774824,0.25942857414881626,2.8857854383566632,1,0.10612060560793375,0.6996415088071628
EIF4A2,BRI3BP,0.29711198004937084,13.840668058024482,445.4731850000003,519.1583249999999,0.0715034631788093,0.0581957129950588,0.8054675459646707,1,0.10571694787216736,0.24779144696855776
EIF4A2,UBAP2,0.3121404903083238,28.668348438943227,223.24558509999997,236.46374509999998,0.0793297755770226,0.06389635337205744,1.8318029224479877,1,0.1053120654678036,0.11444588112816256
EIF4A2,SLU7,0.14311646039959178,4.348714929520737,1659.6822866666644,2401.4921799999975,0.08979194561782759,0.0813128095729793,0.35360622895129185,1,0.10524940220815324,0.17681237422606272
EIF4A2,TUFM,0.2877153044287289,12.307831717333677,528.2062176666673,518.4472659999997,0.12532470340288937,0.10266662992903541,1.2636036041523409,1,0.10431713174474552,0.13084126561781667
EIF4A2,RPL13,0.26036278938876534,3.5575838139427596,844.4565429999993,806.1459959999993,0.107817491968916,0.09001519810445159,0.320236611785248,1,0.10389165374871623,0.44876277302650236
EIF4A2,RPS11,0.16403060871664144,15.745537898490367,1659.5436200000022,1739.1591800000006,0.03855385085779936,0.034410699876362236,0.5418149790168393,1,0.10387898779976971,0.44921952078264205
EIF4A2,YY1,0.3047503000878373,18.598289615424054,242.06345593333344,282.53784100000007,0.25437980100251806,0.20594305824930925,3.8301886416067994,1,0.10300725425361852,0.16393317685057676
EIF4A2,FECH,0.3181386501972152,10.244921364638401,147.83787026666664,150.62506099999996,0.087980881036866,0.07057038937653749,0.7229880898345399,1,0.10229422138369443,0.16234930501883343
EIF4A2,RPL30,0.3298921833079815,6.1269881007934535,182.91328936666662,-125.17333989999997,0.5182719662309935,0.412338352009228,2.5263921762613224,1,0.10161291458565198,0.5128095320454458
EIF4A2,IPO8,0.3006746796557612,23.39189726649313,267.4388426666667,147.16687000000002,0.12054155022151204,0.09786518036023022,2.289252244953327,1,0.10145653771855664,0.15082863097537721
EIF4A2,C1orf131,0.2509241580242766,9.517797445896415,479.0968426666668,956.5954590000001,0.22726518749720134,0.1909857071251309,1.8177632754782915,1,0.1000774072914456,0.2355749029446805
EIF4A2,RPL24,0.25314415422505276,11.720694890607964,716.9540203333336,641.2583009999998,0.11254462950139858,0.09443314119991553,1.1068220355659102,1,0.09997504063010468,0.39505213475987966
EIF4A2,CALM1,0.2020169727702726,71.94677298584472,684.506672999999,932.779297,0.1231903681515182,0.10709454749372367,7.705107096552702,1,0.09956609295835331,0.22939743141488927
EIF4A2,ZNF326,0.2860092768977845,7.658069098930833,267.5533849999997,456.1160889999999,0.1591181580873475,0.13050463412557256,0.9994135058643213,1,0.09955644685869536,0.22026413542959697
EIF4A2,EXOC7,0.2891480759419839,20.868317308357838,260.68607533333375,231.16479400000003,0.03965497747253366,0.032453311450685036,0.6772460010598582,1,0.09938471827693446,0.23165243767063196
EIF4A2,NT5DC2,0.24598481050273885,16.252627051953834,808.3444013333328,501.1625979999999,0.0800489313907916,0.0675010291653754,1.0970690526479048,1,0.09839521526302403,0.12994024835658077
EIF4A2,RPS6,0.20248039209315233,18.133176735556287,1047.724446666667,1093.5356440000005,0.10523214697794017,0.09145333214351686,1.658339434813922,1,0.0983906834731756,0.3847693861394714
EIF4A2,RPL21,0.301260864211328,15.433983697144846,117.32191979999999,78.02844239999996,0.20130571979328102,0.16336953869234777,2.52144279678777,1,0.09796529849414289,0.8080270029407918
EIF4A2,RPL27A,0.15407842786491896,125.53065370701212,892.7783203333356,736.9594729999999,0.12152937605693549,0.10922019379170073,13.71048232467874,1,0.09610494373566898,0.5970187428019478
EIF4A2,SRRM2,0.22243935067023754,80.87275423695513,354.2146810000004,366.17016600000034,0.0756649173591678,0.06485408967410644,5.24492885547546,1,0.09503918924939567,0.45550148459832546
EIF4A2,0F1,0.29440871507514366,3.8780486943537675,69.1533609666667,63.35687250000001,0.3119612958296124,0.2543773289156856,0.9864876682746734,1,0.09410058400174112,0.3036002396370823
EIF4A2,LIMD2,0.2981591936365686,1.5246776402973239,58.026677466666655,-4.535186699999997,0.3341045710948266,0.27172593314235255,0.4142944545510704,1,0.09371657854494544,0.5234085585509598
EIF4A2,RPL37A,0.2802180415049634,6.56151855611534,127.58795169999996,212.3551026,0.2277786439765633,0.18756963945871966,1.230741669872253,1,0.09364128084062762,0.24841881395530724
EIF4A2,TRA2B,0.26799674702995385,14.755779680854939,207.36875413333337,271.90570020000007,0.09435061434471591,0.07835618436877802,1.156206593178138,1,0.09359153972008359,0.13713227086035626
EIF4A2,BYSL,0.1541830059854219,207.44046996979887,153.94954400000006,287.46301199999994,0.17849364566561382,0.16040317229493317,33.27410944550756,1,0.09355119714431648,0.296069306135001
EIF4A2,RBM27,0.15820207896626592,20.796697852705563,1162.3756513333337,1353.3574200000003,0.05760113200186554,0.05161920828360252,1.0735090780699579,1,0.09301561579004572,0.1704257151224636
EIF4A2,TMEM33,0.23346117678562797,12.690304705839306,501.90673833333267,576.3371579999998,0.04776938047888888,0.04063258813139012,0.5156399243742104,1,0.09238659986736814,0.1761843960578813
EIF4A2,PRPF40A,0.24825548954530513,9.48381669432346,316.3046873333333,463.5847170000002,0.10952487937917084,0.09221128858627818,0.8745149580996233,1,0.09186190161600098,0.1491147633566372
EIF4A2,TXLNG,0.260048554509058,34.97451997800406,281.4749753333331,-43.81115799999998,0.49335928755768543,0.4119879555774119,14.409080983039242,1,0.09173595407857257,0.27778374435598185
EIF4A2,MRPL34,0.26045904312944346,16.261893884209336,277.1799723333336,171.73535100000004,0.21980563855038612,0.1835001695728262,2.984060285327718,1,0.09172623837791571,0.17186475446345645
EIF4A2,TBCA,0.2621689527615272,21.849768272951504,134.61993410000002,178.39666750000004,0.1409969670236847,0.11756895912547587,2.568854512983755,1,0.09130703051908402,0.23756014155509253
EIF4A2,GTF2F1,0.21370230054571807,9.388366656196503,789.6427410000015,541.15625,0.10749474760061384,0.09269582770606052,0.8702624180041145,1,0.09035715456846813,0.1339198630742144
EIF4A2,RPL8,0.24388086537723058,9.162393997561852,321.0730389999999,410.411744,0.11295085180466619,0.0953844812446038,0.8739501984161089,1,0.09026031965391763,0.6978471046774342
EIF4A2,DARS2,0.2527704369632458,9.8073718669645,291.8642986666666,247.8466800000001,0.09831809284584195,0.08251741358360891,0.8092789605145603,1,0.09014783423710923,0.1856112129748392
EIF4A2,PUF60,0.1874486011893989,15.52197773072398,974.9988606666666,780.2783200000003,0.12580198679193152,0.1104749114633046,1.7147891155371173,1,0.09013638499105407,0.1227508555398545
EIF4A2,RPL6,0.24054723689691557,37.127459623429274,220.63468466666677,226.2437749999999,0.04069629135544671,0.034446616989412635,1.2789153814381504,1,0.09002070359005065,0.8762207768549478
EIF4A2,RPL17,0.20848333875562325,11.730599398552233,753.7654623333319,598.4306640000004,0.03983147277274846,0.0344723098604134,0.4043808573152716,1,0.0897385834372471,0.4423041604746266
EIF4A2,DIMT1,0.242232568788122,58.84651650513971,82.46201580000002,12.422363200000007,0.27340960350718874,0.23115227262112625,13.60250602599966,1,0.08929043007102169,0.4046659811678176
EIF4A2,NUP88,0.2551506885988027,28.511603155725457,154.39853926666672,-20.621276800000032,0.297806104644253,0.2495337103759478,7.114606124214755,1,0.0885382343478567,0.1771249806125335
EIF4A2,PES1,0.2570201164290813,9.646856680611043,115.08074953333335,180.33508299999994,0.17183715847325978,0.14379704194090956,1.3871894546997696,1,0.08826554817929166,0.26790012378554123
EIF4A2,BAIAP2L1,0.33314763178134005,2.517493873924498,528.6835123666663,-1674.0079958,1.417197674323846,1.124984265516356,2.8321409966988775,1,0.08788742223577109,0.8050916365222646
EIF4A2,C9orf78,0.2516557678980697,7.183605917458879,137.07464600000003,183.14624019999997,0.15655505849061016,0.1314966890422029,0.9446203935298189,1,0.08699509359314704,0.18201688002228905
EIF4A2,RPS8,0.20576686962330878,39.93805885013148,426.59724933333337,384.4113769999999,0.06839611034951257,0.05930525397879285,2.368536723527023,1,0.08670419275283985,0.559471978654475
EIF4A2,PKP2,0.20731859382084378,5.609808812655388,332.3129071333333,818.0615240000002,0.6011757997564003,0.5207102612108172,2.921085012180532,1,0.08631259028794629,0.3832002764848792
EIF4A2,ELOVL1,0.25364865945977133,6.785098143340113,78.93522139999999,60.49630739999998,0.19660137024661659,0.1649051915366719,1.1188979089226183,1,0.08529880292748755,0.19358659315578505
EIF4A2,RBMX2,0.23851081283470754,8.022214830118193,211.11814413333354,197.25781300000017,0.06499257795668734,0.05508946262138129,0.44193950402448684,1,0.08513728355190418,0.22880108353023987
EIF4A2,RPS3A,0.13745194242572206,76.58915928812024,607.5423179999998,928.3491219999996,0.11729038171429113,0.10663240153375708,8.166885986343718,1,0.08456090877301853,0.6846914793086529
EIF4A2,SLC38A2,0.24762285577936652,2.7885005253946122,57.97606406666665,119.78546139999997,0.9132598547276018,0.7692298311357619,2.144997788271281,1,0.08382708124599506,0.5032012258477889
EIF4A2,CPSF7,0.1327771715557056,7.5252051676389256,564.1476239999993,1751.8666990000002,0.3236731602554102,0.29521657534077156,2.22156529832704,1,0.08312223829820152,0.29651901595315594
EIF4A2,RBFA,0.23361850670316936,9.887623133691687,111.65500896666663,133.35577390000003,0.12364667315710753,0.10516226981914846,1.0398048918553393,1,0.0823865435938731,0.13021555382968072
EIF4A2,RDH11,0.24377180277240923,8.934979754202114,50.77144366666664,-4.9064025999999785,0.4229730246868631,0.3572183120320212,3.1917383858363633,1,0.08225933321701999,0.2879754607109255
EIF4A2,BAG2,0.14334880205824538,23.00498447365128,977.9817699999985,860.5146480000003,0.06515851708416573,0.05899603637788462,1.3572029008802018,1,0.08208467330564723,0.07107094225939346
EIF4A2,SLC25A5,0.14725363195798616,83.65375493882766,420.90169233333336,619.3972159999998,0.0808303293020122,0.07298783968713421,6.105706854701964,1,0.08201323371089216,0.11839786934320748
EIF4A2,HMGN4,0.22544933230176398,4.997546647852274,160.17462173333308,257.62799099999995,0.08163978212850521,0.06982943694013807,0.3489758685015988,1,0.08186245178528083,0.2571079234006632
EIF4A2,EPRS1,0.22332212304689747,14.227837966634523,225.9287926666666,120.11975099999995,0.10803232855348381,0.09254027792649817,1.3166480797255413,1,0.08180311717040717,0.19658520320619324
EIF4A2,TIMM50,0.2161918292157401,21.626453787910158,247.87727833333315,134.72644000000014,0.1729954128391196,0.14892173958402008,3.2206491191290016,1,0.08161335553879778,0.1338088883937608
EIF4A2,MRRF,0.20192291895759196,8.100318854311313,325.38574199999994,482.092529,0.18385046672315816,0.1598393324191215,1.2947495580551434,1,0.08144570294623275,0.15546157902622623
EIF4A2,RPL9,0.16708512573247725,11.077126700962143,573.8805339999999,878.6914059999999,0.08184522889189533,0.0728953123057901,0.807470610317442,1,0.08139737476532136,0.29281470085786004
EIF4A2,PNN,0.21393892771951648,6.7540684112165,207.17323799999986,217.50537099999997,0.09751383151296972,0.08407520424064618,0.5678496811283239,1,0.07955996530039043,0.1344783641165575
EIF4A2,RBMX,0.1365556064135883,36.348178289876465,838.6302096666659,756.8427730000003,0.08193704407189022,0.07453785823326971,2.7093153604084237,1,0.07954540308291994,0.11913583216837328
EIF4A2,HNRNPU,0.12948279995928239,26.201226102493518,782.393066333334,1063.503906,0.06029861926037835,0.055123036249645666,1.4442911362329123,1,0.07945818718072331,0.3157678131436266
EIF4A2,TRAF2,0.2085798390774496,36.56186799721556,84.61273189999997,81.79327390000003,0.049007088270051354,0.042410546637915894,1.550608807865235,1,0.0794172914779519,0.18636740180860814
EIF4A2,RAB21,0.22642430998309448,12.09336111066952,96.9051410666666,-86.50448599999999,0.5316185248888716,0.4544052173211425,5.495286383636836,1,0.07832820450096778,0.31896728430111015
EIF4A2,CSNK2A2,0.1995794152232791,10.848055381661394,193.5320233333332,294.57116699999983,0.16406215978293462,0.1428672929712758,1.5498323063804433,1,0.07758659730579379,0.1551758121405585
EIF4A2,DHX16,0.18488312954234593,55.91604994434163,105.96984870000006,124.9783936,0.06807329952294539,0.05988599288059675,3.348588168877935,1,0.07741332239446148,0.1543329394188798
EIF4A2,EIF4B,0.10265724962588257,18.97384247612328,1487.3515599999992,761.7363299999997,0.0762352113426343,0.07099973730704812,1.3471378315100644,1,0.07701564612953143,0.11209507011170237
EIF4A2,RRP12,0.20528535027767625,11.261657272790004,148.63079840000012,162.68432599999994,0.06574792815470501,0.057028085329243625,0.6422307519013652,1,0.076892316404396,0.20351325153963015
EIF4A2,PCBP1,0.17880825699592284,19.79581426529015,310.9119463333336,418.4409169999999,0.10364680383800288,0.09156575952358349,1.8126187685890816,1,0.0768745947920449,0.1050332570892566
EIF4A2,PDCD5,0.21907899558907454,21.21882855380318,412.57014966666657,-531.4272460000002,0.6449844501248108,0.5541197459046825,11.75777188662844,1,0.07638957547974429,0.4067335119800869
EIF4A2,MRE11,0.19633795913031127,5.644094679528156,210.6354980000001,238.22778300000004,0.06251894819956647,0.05456470836637593,0.3079683801806679,1,0.07568226193614636,0.14885680133968965
EIF4A2,IPO5,0.19013889096774775,3.854455178821394,323.0046186999998,224.58105499999965,0.5990417288401932,0.5250774570386805,2.0238875235651097,1,0.0751679041657184,0.355788512779857
EIF4A2,WBP11,0.19482085205664698,12.9566981361521,228.0967609999998,115.26513599999998,0.09935243730811398,0.08680313285149918,1.1246819896291826,1,0.07511031905145295,0.12860642290012156
EIF4A2,RPL7,0.18620939708271542,16.229139718116144,212.0758056666666,250.15014700000006,0.224098770625252,0.19696482618998137,3.1965696837916697,1,0.07497667853512972,0.8404168033088559
EIF4A2,RPL35,0.0644477462300181,18.590479993792318,1095.1900999999998,1710.8847600000008,0.05800116702935039,0.055467702870600266,1.031171220517511,1,0.0747440044976663,0.25560013119883274
EIF4A2,RPS24,0.091794978015731,57.03265492472157,887.0957066666651,811.0351599999995,0.06820598088827,0.06400199218088211,3.6502035345469777,1,0.07336929144647011,0.11367322580161122
EIF4A2,SAP30BP,0.1583295335608223,37.44762973189315,290.33593733333237,325.24780299999975,0.014651357476554055,0.013128642352624403,0.4916365377035292,1,0.07330332503451127,0.21573879260178697
EIF4A2,COG2,0.20770508360244141,0.47152277124238046,65.92366536666671,0.0,1.886091084969522,1.414213562373095,1.3336677961174415,1,0.07312586653117228,1.134945026924291
EIF4A2,DDX21,0.16440582850341845,7.778471651275833,383.1249186666669,428.6040039999998,0.08940241285777317,0.07977412133234658,0.6205207412890966,1,0.07290845269860805,0.520886569508966
EIF4A2,UPF3B,0.19665147097695887,7.8514047944565695,79.11023966666664,94.57269279999991,0.057907869043609554,0.05052931161639374,0.3967260794855439,1,0.07286703162698356,0.24030425083540122
EIF4A2,PAXBP1,0.17998437260341182,19.41843835343569,242.36254900000017,105.00244199999997,0.08509031220449845,0.07511095014868195,1.4585373551301617,1,0.07266100234786185,0.11766944490265972
EIF4A2,MAP7,0.10341277917108732,89.6509097870232,827.5634800000025,157.22364000000016,0.13102274549877732,0.12196083515840475,10.93389983033615,1,0.07219185598222146,0.08554133348326112
EIF4A2,ZNF638,0.13953210997531593,19.54832450842379,420.66235333333316,678.8972169999997,0.17718625310975442,0.16085353755483459,3.1444171504498395,1,0.07219149241263298,0.13704865533318236
EIF4A2,SRSF10,0.18255934658641618,10.11248901950414,168.62500000000023,164.20239300000003,0.10635699456955156,0.09371606480216832,0.9477026762630656,1,0.07181094081404929,0.27228977115869124
EIF4A2,ACTA2,0.1356701600810992,17.555791565032678,856.9205729999976,302.45019499999944,0.031107662758951254,0.02831591158204672,0.4971082417083069,1,0.07171713477078483,0.5215164438542055
EIF4A2,MAP1B,0.1700563063552737,15.901068945305495,125.48451760000012,296.8685915000001,0.18331102179505596,0.1629297492461501,2.5907571760043693,1,0.07079556278596337,0.14428818911263225
EIF4A2,TUBB8,0.1790596067707391,0.453164878505297,417.9765623333333,0.0,1.8126595140211883,1.4142135623730951,1.2817438343466938,1,0.07067376979225694,1.8890765008360166
EIF4A2,SSB,0.17892971528307813,5.900218517654349,225.7174070000001,83.76586900000007,0.12453892796032859,0.1100134407941287,0.6491033405643885,1,0.07013649830899982,0.9278826649496175
EIF4A2,ATP1A1,0.16429164495651863,14.031245402258943,395.1867676666666,92.46191399999998,0.10782637124190535,0.09622150649821681,1.3501075706515338,1,0.06997504909480282,0.17424414040306135
EIF4A2,TRAF3IP1,0.189470514405418,5.927655082996413,32.66705329999999,13.536132899999984,0.11210765535861966,0.09831114858843001,0.5827545796454229,1,0.06949232106977021,0.2246277061334515
EIF4A2,RPL18,0.15022649074025754,37.1070384866988,190.39457199999993,250.11523499999998,0.12004379630375846,0.10817351821952864,4.013998903813663,1,0.0693846856349655,0.7444088472407614
EIF4A2,RPL14,0.16386346641827662,5.155629603213956,168.84000633333335,346.1875,0.1048850613023219,0.09362453946861887,0.48269344727168495,1,0.06899252416328752,0.7807549192668967
EIF4A2,KNOP1,0.17892056942768925,9.96436483279457,89.86448159999998,-12.37066649999997,0.14165068542847842,0.12513017689749428,1.2468427341987558,1,0.06800266364764825,0.25076202164300304
EIF4A2,COPS5,0.169637537738173,13.344183629073278,194.20515966666676,19.957153000000062,0.39816324990249025,0.3539965638751172,4.723795152410531,1,0.06793264699018406,0.2631510090774932
EIF4A2,SPART,0.1709841350908035,5.566119789887587,95.32853186666671,67.14971919999994,0.08932013975660182,0.0793381186966797,0.44160547257003924,1,0.06658149949956645,0.3179393873337298
EIF4A2,NSA2,0.16988947301078525,8.902824442389326,45.531336466666744,53.25643919999999,0.33982416577033653,0.3020760492133554,2.689330034397061,1,0.06605075552106654,0.25806064744307305
EIF4A2,CIR1,0.09184859575760682,17.959006235026482,674.231770333332,846.2373059999991,0.03495960775743028,0.032803595196216236,0.5891199706601321,1,0.06599401941741967,0.24950734066117408
EIF4A2,TM9SF3,0.15583793853991457,16.795046488484907,150.52950066666654,34.95007399999986,0.14972276700245035,0.13439399035549776,2.2571533157935773,1,0.06493132961855416,0.17064255757941038
EIF4A2,SURF4,0.06738533542382906,44.74803517409078,456.4680986666681,1132.5859340000006,0.08606200449248289,0.0821354412627867,3.675399614666646,1,0.06488692214825241,0.05631438116374745
EIF4A2,SLC39A14,0.16623536353162474,10.208136290056947,78.80611153333325,-54.68395989999999,0.32649741527764115,0.2909656940560378,2.970217460655046,1,0.06452941849390009,0.2246764564527016
EIF4A2,KIF5B,0.15715193775758474,17.830725195282284,621.1796876666676,-521.6035160000001,0.5084354940620393,0.45596584140439805,8.130201616517486,1,0.06435642861533575,0.31093601077548483
EIF4A2,RPL36A,0.10704353965446729,26.136766426610997,496.8390299999992,416.6142579999996,0.0692842463680458,0.0643302461924753,1.6813846188991082,1,0.0635327295981542,0.24198873317196376
EIF4A2,DDX41,0.0960554127716513,24.002627440279785,495.83382166666706,610.0009769999997,0.04465228745420637,0.04177651561134588,1.002746139972167,1,0.06297244749965962,0.2413760157540803
EIF4A2,PLD3,0.13117369226868802,37.421609560629626,113.19441733333338,115.66516100000013,0.03631924024354627,0.03316297660197506,1.2410119622674063,1,0.06263757454805953,0.07107821690271829
EIF4A2,RPP25L,0.17389806310414205,1.5953626886599597,114.33510346666674,-311.3371579999998,0.13709127280103267,0.1215248588159278,0.19387622549960057,1,0.06253064475377278,0.49768464257529854
EIF4A2,RBM33,0.1224810691000791,10.821634367157,269.3024086666669,390.835693,0.15049064921703464,0.13824296170530834,1.4960147854077337,1,0.062025663962023,0.12055596799739003
EIF4A2,HMGN2,0.08937959871248065,12.42032291990547,640.0273433333332,648.2636739999998,0.13127859591657973,0.12339343805680744,1.5325863468629013,1,0.061983041066761585,0.18870456768605234
EIF4A2,TUBA1B,0.14999005498204354,5.0251293999442685,42.51678473333328,119.23080449999998,0.2810751741974143,0.25332316009200484,1.2729816594651222,1,0.06172218094679464,0.4668983812847105
EIF4A2,MYH10,0.08222624465764355,38.43363310014442,487.4879556666656,588.5146480000003,0.04923250871566732,0.046505412698438595,1.7873719688225864,1,0.061448674829013644,0.12562103701250688
EIF4A2,RFC1,0.15159963182903355,11.090638972407426,56.20386759999991,-30.398590000000013,0.2058944675572744,0.18535851882541826,2.055744412752899,1,0.061338658512267,0.17683635696617384
EIF4A2,CWC22,0.14703500346208354,9.339912671868358,64.22013346666665,-10.124328600000013,0.09012695755881542,0.08139480487918874,0.7602203695153874,1,0.06038852258516425,0.2268043474579556
EIF4A2,GATAD2B,0.14041133123849595,15.250192893999872,50.96460976666668,54.09527579999997,0.11092123738351686,0.1006353643920178,1.5347087189362374,1,0.06027948967020549,0.09722898650988211
EIF4A2,OGT,0.1396076635473557,13.301158036284017,74.40209963333336,61.471252400000026,0.10007826978651181,0.09084847393190994,1.2083899091235628,1,0.060187088125161284,0.19720426003185643
EIF4A2,RRP1B,0.13104632353921855,20.186265306432595,152.11967000000004,-0.2797849999999471,0.16930135431092605,0.1546021481007067,3.1208399785052494,1,0.0593603494003034,0.30205237864162154
EIF4A2,SNRPA,0.13277762565508874,12.261711612912444,96.19567853333342,106.12268000000006,0.06033037226970282,0.05502625015429362,0.6747160105319273,1,0.059260553157986076,0.1507726505820841
EIF4A2,RBBP7,0.07466019601464696,42.35144949705128,548.5598963333323,434.09180000000015,0.10032247585983646,0.0952636916028525,4.034555423820875,1,0.05917556817692186,0.0811500400722228
EIF4A2,NOC4L,0.14497465826278158,4.269792142035716,89.60080986666662,-40.39141840000002,0.05225520823273647,0.04725979024073663,0.2017894810041535,1,0.05916963005818303,0.30378950344488764
EIF4A2,MRPS17,0.13755517701077496,8.798462222894846,73.27512616666672,42.896728499999995,0.0526370042306564,0.04785054379418894,0.42101120191814684,1,0.05887658584849351,0.24595994615365763
EIF4A2,HNRNPM,0.07490552617168178,15.786610234669306,721.9641900000006,528.0156200000001,0.07813335324936618,0.07418084504000727,1.1710640875249965,1,0.058699949086361385,0.14676813974749095
EIF4A2,CHD4,0.12501694454885165,22.118074865412726,98.2001949999999,78.34521400000017,0.045666647247115104,0.04187639232952573,0.9262251806378454,1,0.05854036772705204,0.1288374702482024
EIF4A2,RPS21,0.13011693961090515,12.262093243424507,67.46899416666656,105.61663820000001,0.0636640339001438,0.05817401247394282,0.7133351652996273,1,0.0583168539825474,0.08413865877393877
EIF4A2,DUT,0.12293815235874331,19.96498918013246,107.17260733333319,104.13439900000003,0.07674410622247457,0.07047595171038568,1.4070516133573878,1,0.0581762261610006,0.09647004570444828
EIF4A2,ATP2B1,0.10405467474764225,50.93970742710947,78.97444633333293,112.83520500000009,0.06885831046227596,0.06406735946596659,3.26357254682379,1,0.057881153085344125,0.29290375744516306
EIF4A2,RTCA,0.13171129677237237,3.8167247885521625,28.384379066666668,135.83636470000002,0.3284101589541108,0.29975849245902236,1.1440956687473771,1,0.05742550770048938,0.5593695704132541
EIF4A2,CDK11B,0.09808363880705814,21.393516584275158,249.60034166666674,366.2541500000002,0.017197313588194103,0.016067138994678685,0.3437326045445125,1,0.057402052146163944,0.08929723552364688
EIF4A2,TMA16,0.11572470098176255,11.652482947550082,154.47493466666674,198.4665520000001,0.08135759163232913,0.075087126724084,0.8749514637329209,1,0.05704096805379087,0.13543461172468424
EIF4A2,ATP2A2,0.1012443551798907,27.7526384573495,184.11515266666675,180.890625,0.004993084969073833,0.004654739891792161,0.12918131332990995,1,0.056081491605889676,0.2556091225740368
EIF4A2,RPL34,0.11728855771064486,16.622462395716013,149.23905466666656,30.114257999999836,0.10719325868781972,0.09882438118372552,1.6427045600063828,1,0.056061388803001495,0.7295705102130634
EIF4A2,RFT1,0.11400225974472922,27.994137893303698,35.652618399999994,63.32537839999998,0.10534491020730759,0.0973418219142539,2.7250003854530354,1,0.05593759185545383,0.1125557839717274
EIF4A2,MAP7D2,0.11862339842071398,10.73945501751249,94.36779746666662,10.390869000000066,0.06707958588483275,0.06178530172576791,0.6635404686273213,1,0.05469868904104885,0.12123262153235044
EIF4A2,COMMD3,0.1380339478076312,1.5552705674615674,63.76542159999997,-236.41192620000004,0.20845657618958666,0.1894380385561322,0.29462740572400203,1,0.05464571573807941,0.4104801762788509
EIF4A2,RPL29,0.11902342885256458,12.998906333714395,49.66761270000006,11.89849849999996,0.3235270896322552,0.2979099631160736,3.872503706426151,1,0.05459878101409864,0.6651460742826818
EIF4A2,SREK1,0.11118793933894837,7.06626522379805,142.835327,118.0767820000001,0.0931333092167007,0.08622598228220119,0.6092956599885451,1,0.054314682435187306,0.1783497502284835
EIF4A2,RPL3,0.11020016403110236,7.725837040436828,80.52829993333341,186.89257799999996,0.22957834550530568,0.2126970127415209,1.643262459428706,1,0.054257860326472895,0.8666039091151878
EIF4A2,GIGYF2,0.10463018752832552,18.485438256460036,96.37593566666646,131.86096199999997,0.03956506586885739,0.036797567221412815,0.6802191568593643,1,0.05400350871314055,0.0645564373220798
EIF4A2,PTCD3,0.12313132810426022,4.9000845554301735,12.464467366666668,2.5716858000000116,0.31611786907273176,0.290259745571195,1.4222972963365041,1,0.05388979309425497,0.4535915713302848
EIF4A2,TARDBP,0.11429020197683529,8.422953008126463,60.68162030000008,31.807922400000052,0.15621765047875952,0.14432093535179993,1.2156084565570677,1,0.05325499840575098,0.12545062836319285
EIF4A2,PPIL3,0.09355598446266249,35.232198720496925,136.45149733333324,47.00170900000012,0.07057020834188929,0.06613971394611566,2.3302475450663684,1,0.053247612473714526,0.05403440381296704
EIF4A2,BZW2,0.10553624289326974,6.457447769504375,172.14481566666655,104.85522399999991,0.029137316290039357,0.027082204314909566,0.17488191984657453,1,0.05313054274497141,0.10912561828868268
EIF4A2,ILF3,0.09027531001373719,23.110064772877095,147.91406300000017,229.243653,0.08729109113574644,0.08199708728026044,1.894957998234075,1,0.05309314403766368,0.31985679637514436
EIF4A2,CLINT1,0.11741861336628698,3.5271760721788894,22.840103166666665,-9.196777300000008,0.05797085094076559,0.053440086711759864,0.18849259514488442,1,0.05238535457482497,0.2834962784195249
EIF4A2,RAB9A,0.09839054327167729,12.383818054014753,117.70064300000013,150.4091800000001,0.11099058194560833,0.10367443573676026,1.2838853490166842,1,0.05221196316928992,0.09253218277268292
EIF4A2,DDX42,0.09966180179055528,12.330618492636802,127.6121823333333,63.5058590000001,0.03264918039294286,0.03047018876925883,0.3757162731123571,1,0.0516002990788988,0.2720762162387566
EIF4A2,ATP5F1B,0.09502490125589205,11.210008999743751,113.40795933333334,175.65917999999988,0.06798778587063269,0.06365457435289207,0.7135683513707779,1,0.05152891749596194,0.10936597878945009
EIF4A2,ENO1,0.06371024532392616,28.215892856554323,365.51839200000086,309.16894499999944,0.11364929402347833,0.10874071962665924,3.068216494130431,1,0.05118682156483607,0.24567157749483923
EIF4A2,HNRNPUL1,0.11108112999724315,3.5080250220557323,132.22786446666623,-122.11572300000012,0.35112334590422734,0.3251059930035573,1.1404799582767549,1,0.05089478276717214,0.911581812695229
EIF4A2,PPIG,0.07030726551874197,26.33797474868984,152.29150366666636,333.9670409999999,0.11049154108189375,0.10523702723192477,2.77173016586162,1,0.05025412447645933,0.1223660834285888
EIF4A2,RPL15,0.08763497596348753,26.706227042628697,72.23880966666684,59.18896400000017,0.061676945826880374,0.05804251073505741,1.5500964698146567,1,0.050134638611320455,0.8105888788494242
EIF4A2,IPO9,0.10232910587549902,9.140275301670636,39.651753766666616,-10.592834400000015,0.1580370906637792,0.1472173315113578,1.3456069391911218,1,0.049894910038068334,0.1571748024491673
EIF4A2,ARHGEF2,0.07495671078834355,32.876446184394474,79.89921066666648,202.9442140000001,0.17515521362626765,0.16628879020152287,5.466984462128431,1,0.049847624658546884,0.19514607695198333
EIF4A2,CYFIP1,0.08945631950267978,7.641217634995727,151.03971366666656,114.81030299999975,0.143958726461761,0.13530474974771295,1.0338930398709079,1,0.049503184912632156,0.1329841439055458
EIF4A2,SRSF6,0.08523005816319941,12.642248829607286,91.76737500000013,172.24902399999996,0.08876717978660947,0.08367576893134843,1.0578498918388293,1,0.04920493020101945,0.15430712580613792
EIF4A2,CARHSP1,0.09572691194671205,7.2328411879913865,47.704325333333486,52.5780029,0.17058895159930126,0.15963874039584738,1.154641656734149,1,0.04895773425012488,0.2524235081378574
EIF4A2,RABL6,0.07512541288077389,23.09880298188434,208.00585933333286,68.45263699999987,0.09817992228145155,0.0931991183191141,2.1527880721385437,1,0.048472029852529935,0.08119802747167369
EIF4A2,DDX5,0.05641955362478852,22.373570700430516,360.7347009999994,260.1396489999988,0.06960708072438626,0.06693813661238161,1.4976451320521964,1,0.04810533504795207,0.24137848818665003
EIF4A2,SNRPA1,0.08607875121046885,11.478765914063711,90.99271666666664,65.72912600000018,0.06761454614990686,0.0636989014514082,0.731184778743728,1,0.047994292658833024,0.26128164930768644
EIF4A2,SRP72,0.08052750116301503,18.33179831531695,57.70576966666681,118.37109300000009,0.24399192255564564,0.23074822181415827,4.230029863915168,1,0.04789209592279545,0.15007599614697556
EIF4A2,RBM39,0.07032043818469666,34.65961099930414,178.94051133333323,-22.34350600000016,0.07526385280562678,0.0716839653975464,2.484538355566537,1,0.047566812573733575,0.15334606772967557
EIF4A2,CLPX,0.08826411390568974,7.5434315200049475,67.90708399999994,23.180908000000045,0.021065903514830786,0.01981591041136122,0.14947996319465642,1,0.04719382433705063,0.11707196327504628
EIF4A2,CDC5L,0.08958632680837365,9.008408929992944,24.83827716666667,-18.23001099999999,0.18151958035667173,0.17059228593305686,1.5367650719872592,1,0.04671622663356517,0.25446050851548413
EIF4A2,SRSF11,0.013005484427502816,35.047582184684785,87.3287783333326,1108.4033249999993,0.12589480007377712,0.12476623090290985,4.3727547314430915,1,0.04663420040203012,0.08830723223661781
EIF4A2,MRPS34,0.08548317331318935,8.105815446961934,48.51218666666682,37.26190180000003,0.09194600404952905,0.08665706055106422,0.702426140003132,1,0.046576655623097984,0.38175473871367993
EIF4A2,MPLKIP,0.08527922770185795,6.201270950269719,67.50736499999971,42.20190400000001,0.11165440337336342,0.1052466650855558,0.6526630868078235,1,0.04654720935273686,0.1427996808091267
EIF4A2,RAN,0.04741470831373327,26.65137168320704,262.84000666666634,222.8852539999998,0.032250335023467254,0.031207945843505815,0.8317345641446697,1,0.045075112794206014,0.06399784636410245
EIF4A2,COQ8A,0.07485177725959764,14.824705328713867,73.90238466666665,-23.88098100000002,0.26358259845388593,0.25025814911305777,3.7100033167104165,1,0.0446579280484049,0.1801318411983623
EIF4A2,FL0,0.0284027631788573,25.02475009760756,333.69400999999925,464.7988299999997,0.033806249090484436,0.033147529190031756,0.8295086343336966,1,0.044151679005791714,0.07696457117025785
EIF4A2,HNRNPD,0.06018538938149271,16.867983083766507,112.76668333333282,150.9353030000002,0.08761009511312279,0.0840312279287553,1.417437331210372,1,0.04407620601050841,0.22837631326482782
EIF4A2,CKB,0.006241510557456289,160.46565352518266,28.556966000000102,-405.9580080000005,0.11780153265022927,0.11729415831472653,18.82168376865883,1,0.04396453931010362,0.17500313790136018
EIF4A2,UCHL1,0.0630632909805134,16.61595623496749,83.92460133333338,84.78820799999994,0.061671219360541076,0.05903407332276059,0.9809075787028518,1,0.043595826182280056,0.18807001624457612
EIF4A2,RBM17,0.05939647035929609,22.54291616213008,130.0698246666666,-7.608398000000307,0.07809780218954088,0.07494848540009627,1.6895574228530004,1,0.043031748056997776,0.22155399388050476
EIF4A2,LIMA1,0.06837448687211055,4.894096553271018,73.58605933333342,51.921875,0.04902916760084378,0.04676014944234651,0.22884868621622573,1,0.04270365973106653,0.24689108621563524
EIF4A2,SACM1L,0.062491104839278014,14.54422716962832,53.605794666666725,62.0687260000002,0.10265430299121285,0.09830364478568535,1.429750541365456,1,0.042568494122783795,0.15298101203309308
EIF4A2,SNW1,0.0606772500024217,19.163311870457267,30.780070000000137,58.18865960000005,0.0488631473843435,0.046851114803047114,0.897822524449389,1,0.04247720141642615,0.2047155454162436
EIF4A2,CNIH4,0.05453207866591368,18.90644373793237,137.7181803333333,41.24462900000026,0.06952983981146751,0.06695139328621673,1.2658127503420395,1,0.04208329981595681,0.12441054941220137
EIF4A2,RPS4X,0.028555722675254115,16.368653015360398,454.2063799999996,170.51367000000027,0.08195565589449401,0.08035021794410659,1.3152248372356652,1,0.04098357842556603,0.2529610126052829
EIF4A2,TOP1,0.001873886695815452,7.413747387671489,55.29687333332549,1173.9843699999983,0.05639415369922905,0.05632151453589676,0.4175534812602064,1,0.04071820421955388,0.18456772154480303
EIF4A2,PPA1,0.055273868108350464,10.222279259987715,78.3733316666669,21.480591000000004,0.07635340557019815,0.0734841203864802,0.7511751997651568,1,0.0401509786490718,0.0891250154232387
EIF4A2,NUP50,0.05004557796454284,18.513146897587177,47.76664266666671,48.19177300000001,0.10807309940465747,0.10438944328182946,1.9325770980338535,1,0.040048693108724366,0.1991026845689062
EIF4A2,SCNM1,0.04521698518625489,18.03183388534736,30.617573833333267,61.71044880000011,0.10315300305246745,0.09997108740534445,1.8026620414307128,1,0.03884235962631632,0.11857108471207504
EIF4A2,SLC35F6,0.05758508649053475,1.469443785986129,6.877339633333349,-17.670379700000012,0.7564721749385779,0.7268792859461121,1.068108249895549,1,0.03820106439608708,0.6130200222014186
EIF4A2,COX17,0.03363109729890043,11.424235669070487,72.28865566666673,213.78832999999986,0.04556185206205544,0.044512464815667716,0.5085208882653962,1,0.037549467471082044,0.19130914706310378
EIF4A2,POLR3D,0.050222677058667085,5.446009507627647,60.33837900000003,-86.0913079999998,0.03035717972465872,0.029318860285291622,0.1596707918665048,1,0.03689226927207742,0.12758904527225404
EIF4A2,SNRNP70,0.03361838599281586,19.807619846902355,69.72395866666693,31.346436000000267,0.0277678657260331,0.027128551203440546,0.5373520292349757,1,0.03654439556983026,0.05352862767212343
EIF4A2,RBM25,0.002925091584573134,84.62796025982057,3.7753499999998894,-72.83630400000015,0.060554950730865864,0.060432901905187394,5.1143132208178335,1,0.036435120370903545,0.12817741503939978
EIF4A2,BZW1,0.03811801028486127,12.028181025979176,29.12821443333314,29.680786000000126,0.07068956938773857,0.06884698108781905,0.8281039516164522,1,0.03601784741916997,0.07093617537355862
EIF4A2,PSIP1,0.03497742743048496,12.472606945239313,24.875488100000098,79.87548830000003,0.061624181888314325,0.06014868691091874,0.7502109301121501,1,0.03589687111356142,0.07020413407931095
EIF4A2,HPX,0.0030547415756394646,64.18762253961592,5.81274433333374,109.3625490000004,0.05250781925095372,0.05239728044149325,3.3632568590809684,1,0.03581187740500866,0.21247040408287535
EIF4A2,NUMB,0.045414349759606676,10.482243303826372,33.88659659999985,-136.26879900000006,0.20508651271288136,0.19873310925018053,2.0831688036863003,1,0.03559710810230316,0.16069788567831475
EIF4A2,I0,0.00028192695281116726,27.147712892728666,0.5267736333335051,550.0683589999999,0.46930004004717946,0.46921303107475826,12.738060653144512,1,0.03517671953972745,0.44791288544660146
EIF4A2,RPS17,0.0111110738486315,20.469117350195983,60.195637999999235,356.287597999999,0.09617990480829759,0.09544295698245545,1.9536330867235874,1,0.03517152652153652,0.30121482996439924
EIF4A2,PFN1,0.02098082493146195,16.73973554732726,36.71223966666685,114.10375999999997,0.057667012839894574,0.056835001801828315,0.9514028999944744,1,0.03382730893892009,0.25026550607474823
EIF4A2,NDUFS7,0.03947015086002588,10.07513228173414,33.03741433333357,-222.48803700000008,0.2441252377688693,0.23753915416875757,2.393238400341472,1,0.03317810643319935,0.21527486954484357
EIF4A2,RAB3GAP2,0.036532027915206565,5.899140707094232,27.407796599999756,-124.93176200000016,0.03281942246326465,0.03199911244323437,0.18876726680476943,1,0.033006089652183296,0.1407592474430633
EIF4A2,RPL5,0.009960557969690607,21.674673773407463,13.09521500000028,204.10156199999983,0.163667590440522,0.16254311374312438,3.5230689644960846,1,0.03276358765867964,0.15048232651177645
EIF4A2,ALDH3A2,0.022893367904567728,10.04461512176225,11.186381033333419,57.51092529999994,0.09990298777773976,0.0983311596420113,0.9876986530805646,1,0.03239677949287663,0.16603507220276564
EIF4A2,MRPL58,0.03179701752266661,8.113790557917142,31.515787333333492,-144.4692389999998,0.06472184140119426,0.06331159534428739,0.5136970245111498,1,0.03205135772861563,0.11787902031529711
EIF4A2,CTTN,0.014248852441292892,25.732735512165213,13.255289666666613,10.653442000000041,0.0769739733110071,0.07621823249362149,1.9613036179630783,1,0.03205089487250415,0.07865470209458664
EIF4A2,RPS2,0.0024938075595691113,27.032897510781698,32.113280000001396,177.02929999999833,0.06405986249775966,0.06394986422111316,1.7287501253177575,1,0.031701158268401836,0.28048470897477396
EIF4A2,G3BP1,0.011686623203408401,63.55611433353322,94.10807099999693,-501.2050799999997,0.18360934417035252,0.18212982200482153,11.575463790884491,1,0.031626781395191435,0.24201532534683026
EIF4A2,BABAM2,0.012384736452896145,5.134177704444835,9.26887993333321,252.01367140000002,0.17892089018243706,0.17739328614099686,0.9107686546233091,1,0.03156902884874895,0.16250806914364893
EIF4A2,PIP5K1A,0.014205822282584248,19.431917708586504,42.08723966666639,-50.755371000000196,0.060370419995581084,0.05977947808433843,1.1616298987971148,1,0.030801756045102924,0.08244885604338228
EIF4A2,ANKRD28,0.015301177212503802,11.162953860966828,6.531839999999988,-16.85803229999999,0.07953693666510217,0.07869860680066575,0.878508916638202,1,0.02990438728431521,0.18707504238063855
EIF4A2,EBP,0.016595892127965077,7.4794873478415616,12.501668266666456,-32.08337399999982,0.08940872797412573,0.08838699077158788,0.6610893791898804,1,0.029588612523341697,0.16992396462359244
EIF4A2,CGGBP1,-0.001206444643548872,27.02421708707547,-0.9228520333331289,23.92626899999982,0.08905934834277238,0.0891347469036379,2.408796750325439,0,0.028699034951547714,0.12678750798475905
EIF4A2,EI24,0.005171726457421104,9.639990998508212,5.855428333333293,35.11340400000017,0.08952787247931632,0.08920839930827563,0.8599681663231032,1,0.02798585828488339,0.19879593642886587
EIF4A2,NOLC1,0.009982177439285337,9.484388139267294,29.985839666666834,-90.65429700000004,0.10329104796951656,0.10257985052568507,0.9729071176536193,1,0.027879328669527106,0.11989525494572666
EIF4A2,DDX6,0.0014520313390208536,6.031356553331696,1.1701457333333565,88.18188499999997,0.05385024489843748,0.05379661085604063,0.3244665414336157,1,0.027208073765441355,0.2097066393421567
EIF4A2,NUP153,0.008857591206133608,14.2785853400836,5.318827400000032,-184.84033210000007,0.4013334977509444,0.39888097788503957,5.695456083267537,1,0.02689966084905272,0.6342067146028038
EIF4A2,CCDC43,-0.011920761449791822,42.20443916135,-21.208495666666295,-93.7028809999997,0.04125454355393161,0.04159725496565849,1.7555888164772981,0,0.026732909699355493,0.04775158449008178
EIF4A2,COPG1,-0.004303275641921324,10.073193971874653,-7.50805633333357,111.64111400000002,0.055571535247561955,0.05573810071586373,0.5614607001347809,0,0.026621592651102477,0.1325626548951769
EIF4A2,AURKB,0.007368047107142954,11.887917823048275,7.680704699999978,-183.71728500000017,0.43337160782784345,0.43116824978825063,5.1256927213902745,1,0.026274553347898744,0.3144716289010955
EIF4A2,SCAMP3,-0.003440250093089734,3.9849606317448245,-2.6540324333332137,108.86425799999984,0.1077849504797005,0.10804336414162002,0.43054855262562625,0,0.026010795841277898,0.1713689594607511
EIF4A2,TARS1,-0.005908583697588401,10.84005768216837,-3.5546467666667922,35.10095220000005,0.1772626025039713,0.17799186059796462,1.9294420358384081,0,0.025518415537578925,0.13383761026975394
EIF4A2,ACTN4,-0.019424772072874946,16.264271488906328,-97.55078133333336,308.94531199999983,0.09460204467116735,0.09588537343045592,1.5595057452881005,0,0.025272757005878936,0.11042567559503166
EIF4A2,SRSF1,-0.0012325841409552623,42.053104405590965,-6.55566433333297,-443.8032229999999,0.07663845962183134,0.07670473230793896,3.2256721161486634,0,0.025252249203309755,0.08093320245240788
EIF4A2,EIF1,-0.005355588279644256,11.789573013131957,-11.722737666666035,-49.376464999999826,0.040280394095458874,0.04043060710979679,0.4766595944862013,0,0.024699209350045485,0.11532061874134947
EIF4A2,IKBKB,-0.0027180154763981074,9.287502828565168,-1.2894083333333128,-125.43847649999998,0.23744502090151512,0.23789516879931527,2.209452053125629,0,0.02419608615510044,0.19237130723369336
EIF4A2,SRSF9,-0.009962726285821157,21.388584845754036,-9.008463666666557,-122.30944900000009,0.15047070819825598,0.15151492581321988,3.240689846154181,0,0.024145991745749672,0.20022209093706908
EIF4A2,RAC2,-0.04220665274046573,66.22283426326321,-63.92692033333333,-84.82397499999979,0.13339675285582892,0.13735839213672024,9.096262037138342,0,0.022726674819326543,0.1778008791288338
EIF4A2,PRKAR1A,-0.014474959285413086,4.918314597598885,-5.48372396666673,25.666198699999995,0.1641144529208473,0.16577102127063595,0.8153140337742439,0,0.022628149907738572,0.26875589461083693
EIF4A2,RABL3,-0.010217082300413863,0.3485774633125425,-9.616536333333215,0.0,1.3943098532501703,1.414213562373095,0.9859259523084151,0,0.02262792925552051,1.4332156643555458
EIF4A2,MCTS1,-0.026538554451939932,35.95518467318208,-23.611491000000115,-124.19812000000002,0.15041147933869203,0.15320548260319808,5.5085314199419715,0,0.022170531276538036,0.10663789760899405
EIF4A2,MED1,-0.023313890839197025,10.186196662131932,-6.943257633333246,56.47717290000003,0.3060531260163764,0.3110422708213586,3.16833774082246,0,0.021675882204784686,0.21450246194989742
EIF4A2,AIMP2,-0.016453796360100043,3.6378708533799182,-6.864166266666643,-24.855224600000042,0.08320128647982084,0.08415647196266489,0.30615037647626286,0,0.021400678582364295,0.19319815759817366
EIF4A2,H1-2,-0.025394084678036492,2.3558323971968353,-53.45790589999979,210.59692399999994,0.5944424375203926,0.6050045037633787,1.4252892104157622,0,0.021383813851509267,0.6215416623898148
EIF4A2,EZR,-0.03229796539576471,22.385167050354394,-67.40201866666666,96.62084899999991,0.12054377611370286,0.1232741139271028,2.759511633242615,0,0.021062818637353854,0.11383841647476363
EIF4A2,HNRNPH1,-0.02481902527357611,13.218673828320904,-75.42854833333331,4.805664000000434,0.10573409683769752,0.1075698961546742,1.4219313710149892,0,0.020355680063983295,0.07667837592727526
EIF4A2,ZNF207,-0.033577484051626624,16.235732566284078,-52.39204900000004,102.19360400000005,0.11662593041294557,0.11937335407793465,1.938113852349684,0,0.020170273431982133,0.12153733232217381
EIF4A2,SRPRB,-0.039846511349967945,31.621339511015336,-27.340311666666707,-10.93273929999998,0.015058286194378158,0.01548014437203392,0.48950290086761794,0,0.019820652353515277,0.18034645123026508
EIF4A2,SRPK1,-0.026301288278409912,6.530191632740436,-6.153198233333342,-17.523406999999963,0.2098255476163092,0.21368806419627573,1.395424008831021,0,0.019647164073949848,0.35865808239720076
EIF4A2,POLR3C,-0.035334474242384444,18.98736027937019,-20.87862143333325,-1.7260742999999366,0.04844376829956026,0.04964541044196807,0.9426352942788546,0,0.019304532894049965,0.07112502181104735
EIF4A2,REEP4,-0.027610790440987864,6.803842616245159,-14.810852066666484,-16.94219970000006,0.004840505546358818,0.004934087252242951,0.033570753119082565,0,0.019293053872963838,0.22816474287996083
EIF4A2,SCP2,-0.013883060274785091,5.058664878375953,-11.416809233333424,-289.80346699999996,0.47968858501479156,0.4843318019045076,2.450072275774872,0,0.01905278987070592,0.3154572686923289
EIF4A2,RPS18,-0.006167766153357325,24.725009547574512,-452.19788666666136,-235.25,0.08010102822134046,0.08044501465892855,1.9890037554967799,0,0.01902965637698318,0.19598061663146965
EIF4A2,PRPF8,-0.056330383257113724,8.865604766247888,-167.1030276666661,609.5517570000002,0.1711223548907528,0.17793787470807979,1.5775268701079714,0,0.018545390402959903,0.17678048837682891
EIF4A2,BCAP31,-0.038911735130156486,6.958290790282021,-46.8168133333329,164.26171900000008,0.12894854756394974,0.1324751792732349,0.9218008198779101,0,0.018474132278489735,0.17209495827615728
EIF4A2,POLR3A,-0.034289668782917,10.122485174034523,-25.857055599999967,1.9066159999999854,0.006148567482819291,0.006296520334050893,0.06373643372943706,0,0.018316718695597783,0.17089058602920484
EIF4A2,SRP54,-0.04281844247443453,12.996987219376255,-156.81347666666625,253.45459000000028,0.08981162966913918,0.09251809594604031,1.202456510571712,0,0.018172161464084968,0.3078071031463785
EIF4A2,CLASP2,-0.042741774169448264,6.121857921669711,-55.565186000000494,171.52075100000002,0.01628166118739575,0.01677141643855146,0.10267222858196785,0,0.017471139874921167,0.11354452231269888
EIF4A2,WDR33,-0.04153442822462051,12.654965917217394,-84.58227499999975,63.61645499999986,0.10437203916133496,0.10742163225143432,1.359417094913762,0,0.01705021756105838,0.10949553416325035
EIF4A2,PRPF38B,-0.015996403176698152,21.5845160885562,-131.38150999999925,-501.02246000000014,0.07639163678418595,0.0772441509700162,1.667277619359179,0,0.016989572753285546,0.10968813911849513
EIF4A2,TCEANC2,-0.04317894186042374,5.453252786560163,-35.68452966666655,100.60620100000006,0.05317187291499942,0.05478789183417776,0.29877222381448665,0,0.01668737230344922,0.27352255280793497
EIF4A2,DERPC,-0.0368404642412678,12.414930587650076,-87.48754899999994,-75.83862299999964,0.04580512910337079,0.046990346952444494,0.5833818957041926,0,0.016434170431529175,0.10147229032387813
EIF4A2,PINX1,-0.038395192698490045,8.95421973353797,-21.785746399999994,-86.85009769999999,0.2033510880273997,0.20883777871426407,1.869979359271499,0,0.016239815843609465,0.22553298349679501
EIF4A2,RPL23A,-0.007866253638922495,18.452514105913217,-57.59179566666535,-771.0371080000004,0.09134344748232999,0.09184377875470966,1.6947486230116526,0,0.01613285834909634,0.2562236392330379
EIF4A2,PDCD6,-0.046690365084586946,8.297484907663044,-41.48632803333339,83.14453099999992,0.18181114539439022,0.18779334125357658,1.5582124148111673,0,0.01600661489288208,0.13112416139841906
EIF4A2,TFAM,-0.05437164180509964,21.374398437371152,-73.33801266666637,89.55542000000014,0.08358404025791565,0.08679513139734324,1.8551937209107974,0,0.015749367338113045,0.08220916660390691
EIF4A2,GADD45GIP1,-0.040808793755510865,6.494077281460819,-34.295288300000266,-43.253173999999944,0.09218320047670706,0.09482894539615756,0.6158264999220754,0,0.015715753529715798,0.1602152747528698
EIF4A2,CSNK2B,-0.04844217312708093,13.880506950714862,-123.06111633333376,79.9050299999999,0.06729453798140048,0.06959320765013012,0.9659890025101738,0,0.015389085820868516,2.206270670954933
EIF4A2,SREK1IP1,0.0046235020378303125,11.372063580063124,78.66992333333474,-1150.3574200000003,0.02803607316287091,0.027946646460842387,0.31781104040224567,1,0.015183599821457484,0.25962524961188177
EIF4A2,FDFT1,-0.052686949796607284,7.814428594433988,-65.33378099999982,134.80590800000004,0.09794050213394599,0.1015844381828978,0.7938243384859482,0,0.014899301346426488,0.09548749245962618
EIF4A2,SF3B1,-0.054195913130539876,17.679788653049567,-69.45548533333317,19.469115999999985,0.06354000524601813,0.06597301789371161,1.1663890131646786,0,0.014516612408520469,0.07513950618049839
EIF4A2,PRP4K,-0.04174704903466867,7.049572211137697,-47.7715656666669,-134.81237800000008,0.12046553761817014,0.12400363257558644,0.8741725622849835,0,0.01435972780487987,0.14129240521540626
EIF4A2,GLUD1,-0.06411813652561864,67.39672913989511,-190.43204766666713,-263.7724610000005,0.04333850589993025,0.04530852848982033,3.0536466223556413,0,0.014359603210661539,0.04471152517667647
EIF4A2,EIF5A,-0.04494364600995175,22.084846390023998,-211.8334959999993,-97.0917959999997,0.03156595199415356,0.032565125608867374,0.7191957967436727,0,0.014225119487965739,0.054178709816731035
EIF4A2,GTSE1,-0.052971900812138796,2.7953782810043517,-41.40732849999995,66.524048,0.07811748440524942,0.08103989802125741,0.22653717082343047,0,0.013633596909346048,0.23028160799149078
EIF4A2,TPR,-0.057955373259179536,14.841952996619565,-22.806335433333174,-18.895935099999974,0.09348766881075288,0.09732068502094571,1.444429032679694,0,0.013367674192068336,0.16293501990032175
EIF4A2,H2AZ1,-0.09498782890686167,146.79823394569163,-584.151366666667,-334.1416010000012,0.057206822756934284,0.06110076561698604,8.969484485303187,0,0.01280273009554845,0.17410568953108133
EIF4A2,CHMP2A,-0.05648571669281933,13.634666045674113,-36.27500396666676,-78.9470215,0.11110376108639174,0.11554127943913937,1.575366759642578,0,0.012684829958332564,0.11434044449509198
EIF4A2,HDAC2,-0.06382662789736034,21.55326069815173,-56.13932266666666,-14.163939999999911,0.09329901402169884,0.09752036612667077,2.10188187450734,0,0.012616813318354453,0.13261786561779212
EIF4A2,CHCHD2P9,-0.05725791152315916,7.030955347248626,-50.70318610000004,12.482056000000057,0.18247664137259315,0.18986641334216356,1.3349422741510026,0,0.012501582584170834,1.3013043198125387
EIF4A2,PRPF3,-0.05584616883165077,7.162791405334231,-56.410400666666646,-31.041503999999804,0.16974651687487569,0.17644800721515452,1.2638602695690613,0,0.012269909891996734,0.6692823396774931
EIF4A2,RPL31,-0.03706490427514334,12.187436198832836,-272.5615236666672,-272.6611300000004,0.08554513492923525,0.08777228803157677,1.069719160410421,0,0.011927885037464009,0.5601911743089137
EIF4A2,SRSF5,-0.06513290505376834,8.098164044810996,-71.33459466666659,125.08618200000001,0.16453776067076348,0.17213813128585223,1.3940028255200434,0,0.011922671207035945,0.17826962424144988
EIF4A2,C1QA,-0.04798315507259122,28.19937837486896,-230.81722000000082,-347.4223629999997,0.04110691764058314,0.04249753807711549,1.198404156236981,0,0.011243645384018754,0.07371610949141934
EIF4A2,SRSF4,-0.02395284450205162,48.703244637991716,-174.22916933333545,-1129.1191440000002,0.14856580577757872,0.15105454711186225,7.356846561670073,0,0.01109681516541354,0.15960551075691218
EIF4A2,SPTY2D1,-0.06869829575736808,8.715519289214244,-77.71317566666676,113.84460399999989,0.07755969302598381,0.08134313081773345,0.7089476256870335,0,0.010991121875049522,0.11481205646910093
EIF4A2,ZC3HAV1,-0.06537329442758837,10.567601173832214,-29.971618700000022,-70.54156499999999,0.17967892172698852,0.18801002168147435,1.986814925813368,0,0.01041338394575996,0.37883531607834403
EIF4A2,DDOST,-0.06791625072483728,21.747752360337525,-98.29325366666649,-106.66699200000016,0.0371290541577461,0.038919142855613355,0.8464038809004786,0,0.010151540651332823,0.19039978813898467
EIF4A2,SCAMP2,-0.0669861673508309,4.645047589293494,-34.85130816666651,4.446716300000048,0.25134256245230185,0.2632906480521812,1.2229975900183063,0,0.010051402732011288,0.2543382303453675
EIF4A2,RPLP0,-0.07293377739729419,6.02046754792578,-61.594563333333326,119.67883400000005,0.057662633639563185,0.060653280760556476,0.3651611084941614,0,0.00991313165890268,0.6745017181623131
EIF4A2,APEX1,-0.11140112652293456,112.46130406027648,-172.79813633333333,-274.0708010000003,0.0659258323195055,0.07121892167655548,8.00937280551212,0,0.009832794585531757,0.08418616743583761
EIF4A2,AP2A2,-0.06995960495578486,16.299835139989796,-64.4773763333335,-84.65746999999988,0.024611738062933753,0.025834899871019133,0.4211046087557555,0,0.009589093639831367,0.07150257804751536
EIF4A2,PRAF2,-0.07046860626859812,14.902427548440452,-36.00854493333327,-107.9631958,0.09748468432727816,0.1023656183809222,1.5254962113729973,0,0.009341237240928836,0.14663819688270996
EIF4A2,CKAP5,-0.076406094135695,22.970017915698325,-87.13248666666686,-37.786743000000115,0.22955990682282187,0.2420478030733521,5.559842373050318,0,0.009314124078205593,0.16624103092711678
EIF4A2,ZC3H4,-0.07351756796923796,1.753192780227511,-14.973907466666674,82.50909420000002,0.04024658226553555,0.0423510877445298,0.07424962126849147,0,0.009305493162625064,0.32795744928750953
EIF4A2,DARS1,-0.06972900155129139,14.22992739586636,-96.06811533333303,-73.22375499999998,0.09072410529406032,0.0952177189015446,1.3549412267689915,0,0.009126354462117221,0.09382536263139607
EIF4A2,TXN2,-0.06415817217658469,5.797157871929062,-196.5822753333332,-3.9052730000003066,0.18883221628178784,0.19742137171968083,1.144482859151781,0,0.00888523436477999,0.1692964295732111
EIF4A2,UBE2N,-0.07428259736735741,11.488823218067381,-64.58435066666652,-28.879638999999997,0.10560079530737544,0.11118163373509038,1.27734613507837,0,0.008594210014491102,0.11359846415890408
EIF4A2,CWF19L2,-0.05026562822778061,23.005646696228798,-366.14876099999856,-368.25682999999844,0.06974680073353094,0.07222045999049752,1.6614783867805132,0,0.008208246124678586,0.13479285682513573
EIF4A2,GPATCH4,-0.06832493640846629,10.871149358753053,-77.48868866666703,-164.2365729999999,0.2347109001888595,0.24609663079774954,2.6753532300882417,0,0.008146196464463781,0.35168758800583877
EIF4A2,TBC1D10B,-0.07592244091005242,20.62827042226825,-243.95719399999962,0.06396500000028027,0.16891853169898932,0.17804788019899076,3.672819820856402,0,0.007730174590000365,0.14589027370914665
EIF4A2,HSP90AA4P,-0.01891502115306202,1.214886031681116,-42.15694160000021,-1144.0567628,1.2890244346066728,1.306049204188846,1.5867009348572672,0,0.007114491079345338,1.2535383243417124
EIF4A2,CNP,-0.08628317463575624,5.690498584650881,-94.72135419999995,59.98986799999989,0.4150847198651162,0.44067172004347427,2.5076417992030597,0,0.0057535343107078364,0.2691631438309416
EIF4A2,ENY2,-0.08871769066622104,29.983308613758403,-278.7073566666659,-40.402342999999746,0.17229531378543222,0.18322501663869017,5.493692219638866,0,0.005223203876832977,0.18274793670455747
EIF4A2,HSD17B10,-0.08548374593716444,30.079066432860888,-201.09684233333292,-216.79443400000036,0.11765456910812098,0.12483793534270674,3.755008550514468,0,0.004823138980820217,0.07762209805570713
EIF4A2,RIOK2,-0.09446297330967235,4.08333790056091,-50.69537349999996,48.303039600000034,0.10578081369694207,0.11293998577724484,0.46117212441303396,0,0.00404560031586682,0.1926163655014285
EIF4A2,SMC4,-0.0897261936751978,38.58167194734377,-233.76993766666646,-280.4162590000001,0.06880863968470485,0.07322474525512711,2.8251330998611315,0,0.003902073109280004,0.09997604311202293
EIF4A2,C11orf98,-0.08326419417612069,11.892727190489248,-115.58410666666668,-218.36975099999995,0.06049845557858087,0.06409348833303494,0.7622463714315899,0,0.003816207854729068,0.148682764520903
EIF4A2,MTRFR,-0.09339593381050569,6.952977829139567,-135.6309000000001,-3.573120000000017,0.09424470037964129,0.10054872062739285,0.6991130252706108,0,0.0030960849171692765,0.1614370776771328
EIF4A2,RBM4B,-0.08584798897192723,1.2886315665380705,-38.19083669999998,-195.82421879999993,0.12098989685672322,0.12840931684756207,0.16547229912735736,0,0.002936974267437667,0.6226665811468941
EIF4A2,KDELR2,-0.09696576513107344,3.4747467479103413,-13.826426200000014,-40.51535039999999,0.24483209122494332,0.26185603699824517,0.9098834129803425,0,0.002788513897857973,0.3139028532843708
EIF4A2,C4A,-0.12992132205457116,306.6549331200587,-1666.4625666666652,-1334.9355499999983,0.059951735924450564,0.06560194715402415,20.117160717062895,0,0.0025449947866560893,0.0655826428917835
EIF4A2,EIF2B3,-0.09489004601005804,20.692778247184947,-138.42150900000001,-205.0418699999998,0.09662148913141057,0.10319130741321601,2.1353148413387713,0,0.0022616504997070384,0.10104537591618347
EIF4A2,ATP5PO,-0.1015464912071896,5.353012296518742,-84.17612699999995,39.01147499999979,0.09871192577837036,0.10591142812154596,0.5669451770764963,0,0.0021114532278374396,0.16316567376358074
EIF4A2,SLC30A7,-0.09927713057871335,9.854045811828048,-96.69616699999983,-65.15258799999992,0.015490276960030275,0.016593929069583412,0.16351733724990009,0,0.0018890452311639487,0.0686156306897763
EIF4A2,CYB5R3,-0.09680893310793712,6.938894450490804,-151.298096,-69.9978030000002,0.051243785344761594,0.054800969327116825,0.3802581419454477,0,0.0013652716969577922,0.18402262733349983
EIF4A2,HACD3,-0.1268108608369095,87.93247700155017,-320.17708300000004,-302.1667480000001,0.04906423785299981,0.053572716909858056,4.710781697586651,0,0.0009459090255215699,0.23268437044611048
EIF4A2,NSRP1,-0.09046030750682095,22.63964247324192,-260.3306476666662,-338.0222169999997,0.1369976231631998,0.14586426985200052,3.302314919069772,0,0.000582948929283361,0.1257773791888346
EIF4A2,MYH14,-0.09244253089434516,32.95598606627438,-248.48071333333382,-435.05249000000003,0.08025126992360684,0.08556270747877186,2.819803395463116,0,0.0005512215788977381,0.06259206613687897
EIF4A2,RPS15,-0.06785199106684593,8.547870389224755,-204.54695666666703,-689.3027350000002,0.06556177823281706,0.06871962186827175,0.5874064209265221,0,0.0003745811664932555,0.3595933293085194
EIF4A2,CBX5,-0.10957633498238611,4.440395877939792,-32.024190266666665,-20.83941649999997,0.039549213515247574,0.042670555899952084,0.1894741605275467,0,6.755854133797391e-05,0.15504114391396562
EIF4A2,IPO7,-0.08849225131713682,1.9859237620517887,-314.5904136666677,-138.98779300000024,0.4935059942065208,0.524729972540995,1.0420737211299445,0,-0.00010661118309004098,0.6229582992251514
EIF4A2,FARSA,-0.09986533535905244,22.335082629760002,-164.44848600000023,-317.1289059999999,0.16752094349789096,0.17952966729636083,4.009809953557541,0,-0.0002483310057811636,0.13887227635907
EIF4A2,RPLP2,-0.11081316162941598,11.885023844395358,-126.58756533333326,-55.449341000000004,0.11014347130910393,0.11893824746526492,1.4135839071352692,0,-0.0006928138975685575,0.6749573365358127
EIF4A2,MARCKS,-0.11710641738801082,4.846537115682856,-32.98047893333336,41.16293330000002,0.16694748866681872,0.18106609901342333,0.8775435692604631,0,-0.0008827311566855386,0.23571319097851426
EIF4A2,IGHG2,-0.045117792876472176,32.66795748326643,-968.793620000004,-769.1445300000014,0.08645292624128934,0.08920023277378897,2.9139894117516065,0,-0.0009217805445275737,0.06297450097972826
EIF4A2,CD2BP2,-0.08549713803819674,4.213043547167843,-113.90747066666677,-505.39917000000014,0.16908037831317,0.17940519806798522,0.7558419120486939,0,-0.0010517725055062262,0.1837339457586747
EIF4A2,SPTBN1,-0.11870825076436883,4.034268093005339,-52.18772380000007,38.68682860000001,0.07465873873823145,0.08106252147087975,0.3270279439085304,0,-0.001609112105301718,0.5048576394793641
EIF4A2,HOMER2,-0.11308019277256033,2.601828416324045,-49.73305253333331,-77.42620850000003,0.22732404270540663,0.24586154018029296,0.6396895417222822,0,-0.0018424698166537093,0.31029071063669705
EIF4A2,RBM26,-0.11224280923872426,22.179668577939378,-184.76839199999995,-222.85669000000007,0.03851829019684187,0.04163515133255747,0.9234538577484758,0,-0.0022282127039257096,0.31418209616105014
EIF4A2,PPP1R12A,-0.12002838403749763,4.212353368430413,-81.41884373333323,-18.20172119999995,0.07486584518353188,0.08136180888272083,0.3427246897087206,0,-0.0028834740593944893,0.30742294692694067
EIF4A2,SLC16A1,-0.126661596978153,25.628944582722188,-202.98071299999992,-34.806884999999966,0.08869046610794044,0.09683015316185169,2.4816546293215986,0,-0.003068114933266515,0.17171824028180221
EIF4A2,ARF4,-0.11371773543905121,7.440940982733873,-130.9171143333333,-149.51940999999988,0.09408390476515656,0.10180110268232903,0.7574959970364413,0,-0.003102353597075818,0.14758732299403138
EIF4A2,SLC25A3,-0.1291888584627469,24.90762783202923,-117.44506799999999,-135.99621500000012,0.07264374710098553,0.07944978185992231,1.978905597902852,0,-0.003926915687243737,0.2392351734787766
EIF4A2,CAPNS1,-0.13571847174617432,13.980395475539103,-43.99895223333334,-5.226226800000006,0.11041826232411076,0.12131123123984863,1.6959789883576577,0,-0.004538316752189274,0.162108428806155
EIF4A2,TMPO,-0.12022741468134072,8.268514891293675,-153.0323483333334,-143.63183600000002,0.0147883690267565,0.0160737443945608,0.13290599488527421,0,-0.00465865846481729,0.13686034550848322
EIF4A2,POLDIP3,-0.13095816602147198,11.031645611525837,-219.9181316666668,2.1635740000001533,0.049435945042342805,0.054133976808754466,0.5971868476967377,0,-0.005805877514452848,0.1975470424896592
EIF4A2,GLO1,-0.11499040785999796,8.022636251811393,-198.57722999999987,-348.87597700000015,0.04272698675432608,0.04627245388889514,0.37122706602932126,0,-0.006408385222962026,0.13318636054259753
EIF4A2,RPS7,-0.057718674005243546,17.050232985467428,-735.8932266666634,-1043.6132800000014,0.048956033585859524,0.050954881564089984,0.8687926024146331,0,-0.006413922836459324,0.2840637807272477
EIF4A2,DCTN1,-0.13120174439296683,21.70100878018035,-207.9242350000004,-248.74096700000018,0.10942187365876038,0.11984076261577752,2.600665441748497,0,-0.00717748918122113,0.11530456154917848
EIF4A2,AP3D1,-0.13503928281290847,39.9951867964183,-264.8659673333332,-336.1625979999999,0.05753610887595755,0.06318240184710272,2.5269919641212377,0,-0.007226452892629173,0.08707061348769052
EIF4A2,FAM76B,-0.14679484610324778,5.483884817511098,-15.74956766666665,32.456253000000004,0.6629585803444125,0.7339743041112317,4.025030542758857,0,-0.007455732316271009,0.4850655175105974
EIF4A2,MAP1LC3B2,-0.1507083592335218,12.377957048641377,-34.19216919999997,25.934692299999995,0.6675305038897691,0.7410434521361413,9.17260402171809,0,-0.007694371334031565,0.41906936095051706
EIF4A2,BABAM1,-0.13929210512297688,9.255389968537637,-87.55737283333337,-142.66949469999997,0.17830608068571685,0.19638216291582877,1.8175935006508854,0,-0.008095459737468643,0.15074781627821018
EIF4A2,PCNP,-0.14667893988268366,6.938471733628787,-87.99053943333331,20.66583250000008,0.15788201269552468,0.1747801962161699,1.212707451043988,0,-0.0082029955320105,0.13596389155753824
EIF4A2,LSM3,-0.1353168794074992,14.159164110561209,-158.37467433333336,-218.8991699999999,0.05558418622803534,0.06105067379606635,0.8644265093388422,0,-0.00822458464978181,1.0680747871227598
EIF4A2,RACK1,-0.14375546517358773,15.58422364157021,-178.9659833333335,-155.60144100000002,0.03199192406239528,0.0353443391071137,0.550814085108756,0,-0.00945461580634872,0.10425129498274308
EIF4A2,PNISR,-0.1283601158886623,15.117339784331243,-281.5332846666661,-357.98461899999984,0.03476522812838371,0.03800056691885226,0.5744674821095069,0,-0.009548304271922709,0.05632356657477445
EIF4A2,EIF5,-0.13995969606206515,7.79087836507695,-112.4701536,-250.85192859999995,0.23018284636531128,0.2536353650192305,1.9760422779467182,0,-0.009990790807201142,0.2037272115986249
EIF4A2,CLTC,-0.15120143063013142,22.84414407730873,-214.5627039999997,-154.94506899999988,0.12675931366838422,0.14076700414904944,3.215701724112001,0,-0.010562516785887717,0.13060537390441285
EIF4A2,RPS16,-0.06304940165038722,106.60122477726145,-2830.522133333332,-269.85936999999103,0.12463819578513695,0.1302073354917014,13.880261438399154,0,-0.010646274147241985,0.2170859345466088
EIF4A2,EIF2S3,-0.13093620731620143,11.116918156127214,-232.86454233333325,-415.40185500000007,0.26512918541214786,0.2903207111257581,3.227471584613704,0,-0.010784300667670303,0.2179713114258105
EIF4A2,FAM133A,-0.1236915394483044,1.297821583478367,-98.93648313333324,-604.2700199999999,0.23716906212445182,0.2584030476637274,0.33536105249457465,0,-0.011118443743694983,0.5500918876143173
EIF4A2,SF3B2,-0.15391502143541538,5.99460326070592,-175.91784633333305,-32.45519999999988,0.10639777821555028,0.11837784491830636,0.709628215142619,0,-0.01161228875977625,0.13010146674786002
EIF4A2,FGF2,-0.1396777528894959,10.45463399528013,-242.49442566666676,-301.35302699999966,0.12510231389855123,0.13782161043847907,1.440874493774378,0,-0.011652594914008808,0.16590915268601472
EIF4A2,CALR,-0.19225195100979056,84.58082937539677,-158.56005800000003,-228.69226000000003,0.0762897030851869,0.08716547289745015,7.372527990565003,0,-0.011687035260211963,0.08892353507452033
EIF4A2,PRPF6,-0.1521095713294901,5.360488368480023,-142.07275366666659,-126.00268499999993,0.015584054208385793,0.01731708623687372,0.09282803934872708,0,-0.011981979961785695,0.17541376359183786
EIF4A2,ALDH1L1,-0.15314436289443573,7.995009580301287,-136.5769456666667,-168.31103600000006,0.04431860562981343,0.04928241303568038,0.3940133643606296,0,-0.012285256523450826,0.10250005644615068
EIF4A2,BOLA2,-0.32746216666751543,407.95663694641013,-773.2909343333336,-849.2102049999999,0.05007138391669527,0.06283056703507602,25.63214682506559,0,-0.012628140863213377,0.10494288641847611
EIF4A2,ZGPAT,-0.15471938019168519,8.738994638730265,-102.4289146333333,-216.96533190000002,0.12156817907771034,0.13533181942290515,1.1826640443863803,0,-0.01271190058115033,0.41314017427262417
EIF4A2,SELENOH,-0.15535076383099636,9.61595617868767,-152.82478866666656,-186.27001999999993,0.0767529752878278,0.08548015404903644,0.8219734154830058,0,-0.012962514721697535,0.21058895640979788
EIF4A2,RPL12,-0.08979505930733228,10.39301372343409,-692.6858733333338,-974.670900000001,0.03163838351100001,0.0336705270342628,0.3499382495423518,0,-0.013324947879748309,0.16865526044226076
EIF4A2,PSMC2,-0.11575348400137196,15.199153759467146,-523.610514,-722.3784180000002,0.1027225871980801,0.1113053207994659,1.6917466850778988,0,-0.013695176265217672,0.07914028652742587
EIF4A2,PSMD7,-0.1517673978618964,19.120907348769915,-340.5899250000002,-256.33960000000025,0.0575123027251332,0.06389282936910064,1.2216888706173388,0,-0.013833625663055833,0.09012770218277685
EIF4A2,GET4,-0.169496700786338,9.247889434560182,-95.61979166666674,-101.748291,0.18485419292530603,0.20790157590921848,1.9226507872792735,0,-0.014590622227590347,0.2535766645004459
EIF4A2,NCAPD2,-0.14230421900533538,15.35877288043067,-590.4319663333335,-259.24853500000063,0.048601859399374794,0.05364083335312445,0.8238573765876688,0,-0.015116041402977858,0.09935548640308274
EIF4A2,BRD9,-0.17368276746283254,3.0620145793571543,-49.185648600000036,-42.22552489999998,0.22622579316811406,0.2551706623240727,0.7813362882605319,0,-0.015160362772222432,0.2551637410340973
EIF4A2,DPYSL2,-0.1761102225710592,16.545492997733987,-158.28776033333315,-67.60449199999994,0.11453021544306412,0.12940153975128435,2.141012269850872,0,-0.015428359936291634,0.0933276252371776
EIF4A2,SNRNP200,-0.14431120311292595,7.618241967763312,-307.26765966666653,-447.7407229999999,0.1276116118788715,0.14103827742084488,1.074463724108525,0,-0.015542283209278076,0.13069498878926641
EIF4A2,SMNDC1,-0.17787565340665196,17.442214944836483,-131.01635729999987,-109.22167999999988,0.0801526976543942,0.0906711165431701,1.5815051040342918,0,-0.01587536389874457,0.2696041262251043
EIF4A2,FAM50A,-0.15441382994684574,9.780624849673266,-388.44645200000014,-236.6203620000001,0.1463142715645303,0.16284510841207508,1.5927269139828786,0,-0.016035801180499656,0.17510642932332554
EIF4A2,NFATC2IP,-0.16247271181041648,12.017753719289656,-291.33430966666674,-254.240722,0.08528681972798995,0.09545439747571097,1.1471474402862787,0,-0.01664633541277697,0.1119471696106795
EIF4A2,SEC61A1,-0.14482823389269844,7.650007024840515,-366.0565590000001,-533.8005370000001,0.0988238458253881,0.10926075446610832,0.8358455392051033,0,-0.01733411534846496,0.24310844550126998
EIF4A2,KRT19,-0.11973355488196413,1.4519599160141121,-652.1876613333352,-678.8579100000006,0.6930254273614842,0.7530039937884415,1.0933316155793564,0,-0.017459862368942758,0.6207712136463344
EIF4A2,RAP1B,-0.20085515185474365,71.13424578404812,-281.95597299999986,-295.4631340000001,0.03390580598354875,0.03897108433163921,2.77217869131769,0,-0.017682969082317028,0.3040707959420075
EIF4A2,CHMP2B,-0.16627698615632963,5.378924637265894,-139.2342322333334,-369.1831660999999,0.31904232785291403,0.35802020701178416,1.9257637121347215,0,-0.017993512410966018,0.24061103907390122
EIF4A2,RCN2,-0.1638721617804186,32.772833280168534,-496.5656733333335,-384.1972649999998,0.045161746133915964,0.0505948166806497,1.6581354919156226,0,-0.01801276174228212,0.07665416064401231
EIF4A2,LTN1,-0.18480237026649385,6.816476794817441,-138.15502923333338,-26.792114000000083,0.14310838104343634,0.16266760102496117,1.1088199276552695,0,-0.018028838812654085,0.19128358987281202
EIF4A2,ELP3,-0.1744864710131251,10.84860381029827,-291.5960286666659,-138.92480399999977,0.051008069234561484,0.05756644993596043,0.6245156081206049,0,-0.01820567136550404,0.18713669351904622
EIF4A2,SEC22B,-0.1875798972890043,41.18194487526134,-196.26505499999985,-345.240356,0.16876467169171946,0.19220012268378045,7.915174857381912,0,-0.018336746285275332,0.14668864631807865
EIF4A2,CHUK,-0.18344855098604557,9.032928443266583,-197.38635249999993,-60.02502400000003,0.21677649110022515,0.24617312035689332,2.2236641808394695,0,-0.018488662136544768,0.16058818000426614
EIF4A2,GAR1,-0.15595962405316646,8.795282030173894,-307.71777333333284,-491.8483879999999,0.029013733637474837,0.0323263732699808,0.28431956992215585,0,-0.018550250454729557,0.26477257635197676
EIF4A2,ZCCHC17,-0.14983118581149021,17.973636252430886,-441.5181473333346,-601.0783690000003,0.06323050166437197,0.07015120363806657,1.2608722168608149,0,-0.018716936866288315,0.09624537105585079
EIF4A2,AMD1,-0.12911759497889308,23.846162411786004,-759.7060553333331,-794.506347999999,0.04970352581702018,0.05435759280342463,1.2962199863041939,0,-0.019124111288542356,0.11397219557945669
EIF4A2,HTATSF1,-0.18950572505659735,31.498109346787555,-240.37968,-235.13256899999988,0.0238551610694101,0.02720409065661691,0.8568774221820411,0,-0.019329662661939893,0.12552919669232349
EIF4A2,CFL1,-0.16467418980602033,19.554006796846558,-504.7349446666667,-341.3857419999995,0.11296508622406666,0.1266254427451479,2.4760347680923265,0,-0.01959766542374393,0.09151986323570013
EIF4A2,CCAR2,-0.14392974276680823,25.26650711563296,-495.43489599999975,-849.1289069999993,0.15369877233851734,0.1698252908447452,4.290891919543193,0,-0.019879752755216334,0.10945176115541455
EIF4A2,ACTR2,-0.20351644811833083,7.832798515894127,-106.07118733333334,44.869689900000026,0.21273640571533542,0.24496913788039912,1.918793899629454,0,-0.02094756855432629,0.16745427689797368
EIF4A2,ENSA,-0.13720698796939954,7.132073316824607,-395.5318193333328,-977.9335930000002,0.12363908535544625,0.13597653774297994,0.9697946365509013,0,-0.021164423840067302,0.12049271992051644
EIF4A2,ZW10,-0.17925296324799664,8.772304178930112,-229.08243833333358,-349.06152399999996,0.04825922390976086,0.05464441358692916,0.479357417663804,0,-0.021289628358096252,0.12418318798673866
EIF4A2,MYH9,-0.07873665955412508,31.14558407573191,-1272.4583333333321,-1553.8945300000014,0.03552763455310931,0.03752087655976042,1.168609615487177,0,-0.021400328511778713,0.040324381894422646
EIF4A2,NUP43,-0.19009941832955127,8.226495241096613,-114.15653476666671,-276.17895509999994,0.23016330130719131,0.2625830326840344,2.1601380687679246,0,-0.021658468441053687,0.1805174065342539
EIF4A2,RPS5,-0.09739360181660615,27.103920778807222,-1701.8157599999977,-762.6855499999983,0.04768717541014124,0.051018142327026395,1.3827916879136348,0,-0.021983319086177542,0.14644847363767102
EIF4A2,RAB7A,-0.18947785924201338,14.050068567344852,-329.41259800000034,-188.78784200000018,0.04174311007594955,0.047602337017747756,0.668816099065214,0,-0.022197153952871737,0.07996085848154255
EIF4A2,MCCC1,-0.20350665956468095,8.126427884537454,-79.32562253333333,-99.91931149999994,0.0545104433788165,0.06276916107948421,0.5100890608853437,0,-0.022276064033731925,0.10280986637854723
EIF4A2,DYNC2I1,-0.20491686903993672,6.707923268711647,-102.2297159666665,-41.25726309999993,0.10250204934553993,0.11814726659008971,0.7925227986943408,0,-0.022374903500511897,0.16486083634626952
EIF4A2,NHP2,-0.20580790952260827,4.786672069118142,-91.99468996666667,-26.216186499999935,0.08485127842302051,0.09786282605896422,0.46843725610141107,0,-0.022547134108570236,0.2524975962101271
EIF4A2,LDHA,-0.18443454772141582,7.025871542884393,-252.50561500000026,-316.5927740000002,0.05603866084883297,0.06368146044321553,0.4474177607373061,0,-0.022601693364275047,0.1643266109565704
EIF4A2,UBA1,-0.2092156882280658,22.49602902805375,-127.57267253333339,-145.97027579999997,0.08179960466137669,0.0945663056634677,2.1273663572811734,0,-0.022706230759378665,0.20497923217214511
EIF4A2,CUSTOS,-0.21038148908045592,29.069099115399894,-223.0447593333331,-191.57495199999994,0.028979422319494255,0.03352940814897873,0.9746696887633596,0,-0.023707509669682613,0.19404195089859697
EIF4A2,ERC1,-0.20806263933726646,7.9166027579762055,-141.5143637333332,-77.58813509999993,0.08156274087402986,0.09421714147905329,0.7458796820817076,0,-0.02380186933832451,0.20133629315270837
EIF4A2,RBM42,-0.20801251436545215,9.906970816588823,-119.45440676666658,-133.13470459999996,0.03721730002497197,0.042990043676989234,0.4259011081118112,0,-0.023908177717199393,0.2813209327795071
EIF4A2,PGD,-0.20140354787925852,5.011057340572044,-151.8224693000003,-199.4329838,0.08688253111882928,0.09990011021058222,0.5006051805946943,0,-0.024215735280150242,0.25173365854331203
EIF4A2,KIF11,-0.15490408901205177,35.38174637685915,-735.8435873333328,-891.548828,0.06965941795576072,0.07755600926224279,2.744067049718014,0,-0.02426939366484953,0.08694766455262433
EIF4A2,ATP5F1A,-0.17224718575418238,12.895195440614218,-629.1518553333317,-417.2802729999994,0.086128864765426,0.09705215569585211,1.2515065156309333,0,-0.02455009323407422,0.11418226110210572
EIF4A2,LBR,-0.1728604635400898,17.367094468969565,-655.6787110000005,-515.0673829999996,0.044684721278738786,0.050373268791587995,0.8748373178143052,0,-0.025520661401507626,0.6412089557244409
EIF4A2,IVNS1ABP,-0.11328650149953032,50.32140372378142,-1354.0885366666662,-1401.3476500000033,0.015453790943268096,0.016716385027746476,0.8411919597834056,0,-0.025821205401635093,0.180346375977832
EIF4A2,RRP36,-0.22343896386928289,5.36012053951109,-89.64866130000007,8.940856899999972,0.2620152121900024,0.3059098121283216,1.639713467226995,0,-0.026047276960801866,0.26709283684224955
EIF4A2,MARS1,-0.22797901228873552,30.68243366993026,-173.44956483333306,-122.69397000000004,0.15231944439059938,0.17839757820781169,5.473671860237379,0,-0.026120325742296516,0.16872249116963886
EIF4A2,RANGAP1,-0.2056729793714814,31.36316029296116,-334.9570309999999,-418.69091800000024,0.09859429580378187,0.1137026362067767,3.566074005085387,0,-0.026252077394216276,0.1113141530329202
EIF4A2,ZMAT2,-0.21283586919074166,84.40785853501247,-680.3339029999997,-570.6279299999997,0.056951592656462574,0.06600561589566198,5.571392689037406,0,-0.02639804377600497,0.12739904234720043
EIF4A2,SNU13,-0.2730851735102384,116.81501388228476,-241.02547200000004,-240.7154539999999,0.08786673869211754,0.10617849953362087,12.403242897020087,0,-0.02678038292153707,0.7728263071393426
EIF4A2,LMAN1,-0.21978649308037787,10.142454683171788,-156.76660193333316,-138.20489489999989,0.13257915102966,0.1543983370327778,1.5659781365120335,0,-0.027046568293897854,0.18495670008217382
EIF4A2,SEC13,-0.21621444605270254,6.298139009453587,-172.4282631000001,-150.74780299999998,0.06479156928909073,0.07526803493997039,0.4740485470203431,0,-0.027084918692644292,0.13393451130229939
EIF4A2,P4HA1,-0.21821618077338822,5.820541473343646,-176.8157143333333,-110.76367099999993,0.06959512237162421,0.08096055392573728,0.4712342618296286,0,-0.02719256293567335,0.262088474165679
EIF4A2,SEPTIN7,-0.19391879168277054,29.7543930559717,-447.29142233333323,-612.030029,0.0572885610479199,0.06553122021352782,1.9498416836707446,0,-0.027338530060608802,0.11233685645802845
EIF4A2,FHL1,-0.2078071428169819,6.154028862197679,-316.69559733333335,-201.37329099999988,0.03923643432057324,0.04531591279372695,0.2788754352494287,0,-0.02744655817405548,0.1267345718327032
EIF4A2,FRA10AC1,-0.22267359247344395,9.950955962373031,-175.2817382666667,-111.53601099999992,0.06659154619944653,0.0777061867195555,0.7732508420502329,0,-0.0276345818238377,0.1750932145738248
EIF4A2,MYL12B,-0.13891106594343694,35.67314067641187,-1606.7327500000047,-663.7949200000003,0.08582687792024565,0.09450276037743369,3.371210265253433,0,-0.028017368701547453,0.08219638041238735
EIF4A2,NCAPG,-0.19920287823681235,10.761525233734357,-529.1921383333342,-264.5283199999999,0.11674374707955663,0.13403081430614647,1.4423759902535591,0,-0.028049083538061154,0.11589336894853905
EIF4A2,TPM3,-0.22955760881576823,77.2017216755079,-466.97534233333363,-516.468018,0.046410320974457075,0.05441559597226935,4.200977695058027,0,-0.028092547970196547,0.32981833069217237
EIF4A2,HEXIM1,-0.2278603818692334,12.400999960881293,-139.36051450000002,-176.37481690000004,0.11534976486850904,0.13508732733958703,1.6752179410537773,0,-0.028817790923885613,1.1179816630896011
EIF4A2,ARF3,-0.14001577967420414,25.88475700421167,-677.3802083333339,-1525.609375,0.1587149040954189,0.17489260484047697,4.527052578129361,0,-0.02885819127125505,0.11444557331859541
EIF4A2,APLP2,-0.22214182972387253,5.238979053986464,-148.0756428333334,-216.05590800000004,0.03867613419413906,0.04511484591157428,0.2363557327545645,0,-0.029055021032097977,0.24149882569774359
EIF4A2,RPS12,-0.20652478295698823,15.130244516196715,-516.2416990000002,-285.8247070000002,0.05876193601718185,0.06780648970851497,1.0259287690748076,0,-0.029216773239479948,0.8493045968475446
EIF4A2,FANCD2,-0.22809229355821364,12.247112299489302,-181.61751299999992,-181.10681099999988,0.0224854443199318,0.026337174595099315,0.322554334917438,0,-0.029435172608965353,0.3040347243386742
EIF4A2,DPYSL3,-0.2249630069740609,6.871268401992823,-147.8073935,-220.17962660000012,0.10395692846751926,0.12150079738061957,0.8348645898583835,0,-0.029519139407488477,0.15496079891890033
EIF4A2,TRAP1,-0.23593289762859576,18.573433178248205,-154.49403856666675,-149.06640620000007,0.14107863608882948,0.16614575366216497,3.085897053493908,0,-0.029670875953631062,0.12093245747440126
EIF4A2,SKIC8,-0.19514981875312598,1.335398744306037,-271.14510080000014,-639.4998777999999,0.716028274182446,0.8197493726368049,1.094692282864851,0,-0.029780273842828175,0.6560725156045025
EIF4A2,MAP4,-0.23266873250265774,4.455603597398031,-138.46993013333338,-83.39117429999999,0.08436331130716061,0.09912860356236788,0.4416777626375296,0,-0.02990780252749959,0.1529386496621689
EIF4A2,CSNK1A1,-0.2233393642904407,2.861044800759692,-183.8626506333335,-208.4134521000001,0.33056567315570956,0.3859176763839492,1.1041277615395593,0,-0.029977431771242798,0.5017973366619952
EIF4A2,CAMK2D,-0.2661312875452209,91.01102652648345,-262.0639243333335,-345.652466,0.1160432209731818,0.1395527817900979,12.700841925343155,0,-0.030181133383730633,0.11556738474598341
EIF4A2,F5,-0.2203962032032358,9.351984482317375,-298.192952666667,-248.31469700000002,0.06295357609892616,0.07334513854572229,0.6859225975330128,0,-0.030206463259039976,0.30526365169605923
EIF4A2,DYNC1H1,-0.23079242841540462,26.82254630146775,-290.4012859999996,-261.06115699999987,0.005425063744940568,0.006366274868359936,0.17075970242445487,0,-0.030245769061642322,0.1403676592170696
EIF4A2,PARP1,-0.2030361473356783,9.301802721482902,-478.09448266666686,-431.88427699999966,0.10736783003890209,0.12359450022153863,1.1496516585210272,0,-0.030472024820160818,0.24320684224885356
EIF4A2,SART3,-0.20726652851530897,16.406969304191957,-297.80326333333346,-613.5007319999997,0.25530847261869766,0.2947566985969952,4.836064106085861,0,-0.030487530547412066,1.2719116553410323
EIF4A2,HP,-0.22823960627801554,4.651685975390378,-272.418945666667,-94.63745199999994,0.6606390264834657,0.7738847357188035,3.5998687717118467,0,-0.03055231461193436,0.42283604011600806
EIF4A2,DEK,-0.20731808661044882,11.855436825928637,-423.4772136666661,-439.73169000000007,0.048088634957179535,0.05552089089203032,0.6582244144897421,0,-0.030557589409804985,0.17568345940729135
EIF4A2,NOB1,-0.2163302222496045,5.584605523475048,-288.46476266666673,-360.5548100000001,0.00585249355640167,0.00679935748908733,0.03797172938963854,0,-0.030985123156179482,0.11655071768860771
EIF4A2,SARNP,-0.21765458744610414,32.01457773469637,-511.967529333333,-458.7309570000002,0.028366441079946913,0.0329860612693461,1.0560348226689378,0,-0.03140224239362882,0.11718043555419783
EIF4A2,PDIA3,-0.1966946315130559,38.79573429278382,-706.8230793333332,-756.6328129999993,0.027994317974431828,0.03208380385888254,1.2447147296109993,0,-0.03141533298418653,0.06499109499193562
EIF4A2,UGGT1,-0.2340873006588765,8.867415296664833,-253.61454233333347,-132.30859299999997,0.08769155564614195,0.10314072543282445,0.9145916464121349,0,-0.03152761531627977,0.11978787099071574
EIF4A2,TRAFD1,-0.23794078800266028,4.426636746126925,-107.30055746666665,-156.04522709999992,0.1151279394215464,0.135772922965105,0.6010174099263941,0,-0.031594494663345005,0.16395213752259083
EIF4A2,SRP9,-0.23590747167373474,61.58151457514164,-482.0120439999996,-530.4555660000001,0.03517835360506566,0.04142817953771877,2.5512100420236132,0,-0.032006694140680726,0.3909173764703756
EIF4A2,TCEA1,-0.22393931945457649,12.906111500751864,-381.9515783333336,-297.7265620000003,0.03840573480294418,0.04485528323356564,0.5789072868102038,0,-0.03206977847376388,0.08293062740575605
EIF4A2,DCAF1,-0.2718928176544413,61.89758426915938,-153.67757160000008,-179.4343262000001,0.189944649012979,0.22934020734116897,14.195604810206492,0,-0.03228508011016786,0.21442862990216038
EIF4A2,EIF2B2,-0.2533285605108421,69.75877342596513,-317.14766433333284,-480.61084000000005,0.14030114819446088,0.16723450818330915,11.666074165362174,0,-0.03237112737830641,0.19131624426410254
EIF4A2,TRIM21,-0.17245694707794237,34.0606041667889,-997.1878253333334,-982.0385739999992,0.02327533629796952,0.026231043831345772,0.893445200821158,0,-0.03251775377816851,0.09517806771639852
EIF4A2,C3,-0.1841894428902966,28.81408631424885,-651.7978513333337,-1108.5830070000002,0.09530377691917216,0.10828332770090343,3.120085150767925,0,-0.03337899398585887,0.08951874210841189
EIF4A2,AP1G1,-0.24223260766853358,6.24659335406629,-183.7659911333334,-198.14062450000006,0.040751737394272604,0.04820260916051129,0.3011020980307047,0,-0.033695753760057796,0.2090188481331675
EIF4A2,BTF3L4,-0.2360008872476151,14.597561614436529,-262.91601533333323,-341.9708249999999,0.10991874049314956,0.12945540992239404,1.8897333226642852,0,-0.033721386303053415,0.10849040860441787
EIF4A2,POLDIP2,-0.2508752031311062,9.823343015468955,-159.32545943333332,-108.41455040000005,0.19461519279495842,0.23158097067377023,2.274899310783702,0,-0.03385104648666067,0.4304340537377121
EIF4A2,RBBP4,-0.24497333123649753,12.113288715576717,-231.14607733333332,-202.80236800000011,0.07134128712367005,0.08454548271266223,1.0241238416962777,0,-0.034120737872568016,0.28736045179185776
EIF4A2,FAU,-0.0250801220769105,65.13603276620483,-2376.682299999986,-3028.6406000000134,0.022777725921566246,0.023177396536008123,1.5096836602047476,0,-0.03442784429827454,0.07384168428083424
EIF4A2,TRMT10C,-0.24508486095121348,20.39053216250065,-301.39790833333336,-312.1470939999999,0.11854458113306754,0.1404962550513624,2.8647934073356995,0,-0.03509734262577432,0.11105437880267537
EIF4A2,HSD17B12,-0.22797201087058558,21.803194173935314,-568.7031253333325,-480.4375,0.03354650198561295,0.03928970258417033,0.8566410144788339,0,-0.036052934209170544,0.12783581527512847
EIF4A2,SMC2,-0.20542098085969773,9.747823498215945,-667.9388020000006,-769.2900390000004,0.1367224084913736,0.15764586535172143,1.5367040706720971,0,-0.03706461778314613,0.12997901723498997
EIF4A2,YWHAZ,-0.2505901491787041,9.396589276417922,-346.1953533333335,-207.0764160000001,0.11237212641291855,0.13368999818818575,1.2562300033394376,0,-0.037150285761214714,0.2286062379865781
EIF4A2,UBE2E1,-0.24852837594222377,26.60323547632854,-448.33227533333275,-374.24243099999967,0.04075747929840516,0.04842024381910652,1.2881351481409322,0,-0.03745279389735772,0.10191550098997311
EIF4A2,YWHAE,-0.204952505217358,56.046977291449984,-1212.6015626666658,-828.5761719999991,0.0792419416905373,0.09133915012021582,5.119283272608077,0,-0.037623784827380914,0.19157381647223204
EIF4A2,CS,-0.2496229003434669,11.269034397744901,-321.86214233333317,-316.98767099999986,0.06056283404891238,0.07200378621964322,0.8114131436770298,0,-0.037668468437437846,0.11908158792209264
EIF4A2,TM9SF2,-0.2587825326599544,4.122287775447509,-178.85335273333328,-205.34020980000003,0.045617778772451496,0.054580892841370486,0.224998147332992,0,-0.03777990410173662,0.22853429120905705
EIF4A2,GPBP1,-0.26359253674315425,7.857522931248865,-200.15246579999996,-148.18048110000007,0.01881895913229903,0.022591760373029995,0.1775152751883626,0,-0.03794795250441826,0.19427356654411682
EIF4A2,PRRC2C,-0.23383515072372488,18.780057555812853,-447.19970699999976,-620.5871579999998,0.05984100389730785,0.07037126730358886,1.32157645023689,0,-0.03802150239268301,0.10249074832432568
EIF4A2,RTRAF,-0.22671410510144369,18.40064065702141,-486.2062990000004,-727.2121589999997,0.0610853363662716,0.07148086473866054,1.315293705909245,0,-0.03814061133706506,0.09333646703868397
EIF4A2,CPSF6,-0.18947423973950347,27.901621058086604,-989.6254879999988,-1071.201172,0.02640416979659409,0.030110287269946228,0.8401258253561688,0,-0.03817955071451945,0.1072602040253817
EIF4A2,HCFC1,-0.2626302548560872,7.032248344579701,-227.79878800000006,-156.868287,0.04266062114496876,0.051179020422120046,0.3599035816406644,0,-0.03826208752043613,0.11543083267616007
EIF4A2,MEPCE,-0.2697313666582854,46.93916074129084,-341.6219073333334,-385.749145,0.04462900201381147,0.05380462926447837,2.5255441416709115,0,-0.03840265225642764,1.4119753415159817
EIF4A2,IRAK1,-0.2747525335330853,5.259995202138718,-111.6809387666666,-38.54443360000005,0.1310425982233345,0.15853549152256818,0.8338959247774119,0,-0.03854771336829241,0.17990107076463213
EIF4A2,CISD2,-0.26372756486043514,10.099905784524656,-196.4069621333332,-234.23571760000016,0.12038656418008889,0.1445350382383137,1.459790268769637,0,-0.038627813865831785,0.14910167241657063
EIF4A2,FBXO21,-0.26986832461446203,16.876106380765044,-234.18310566666673,-194.67456100000004,0.03153795695231225,0.03802570309901182,0.6417258107023104,0,-0.03907839656292562,0.14276964387975666
EIF4A2,RAB11B,-0.24061835192889588,12.188977008548557,-470.50602200000003,-496.592529,0.0615905025101407,0.07276997406136843,0.8869915407466945,0,-0.03929614992246485,0.21746326817364672
EIF4A2,HAX1,-0.27842410145146235,20.224584301408235,-168.7712809333334,-157.42053220000003,0.05600792095772304,0.06793111221957127,1.373878505773142,0,-0.03938016159667632,0.13151523389247582
EIF4A2,MRPS23,-0.26696694351805633,4.146747520242286,-159.96669500000007,-213.3376465,0.15315497731785926,0.18428984253584035,0.7642034475413374,0,-0.03951404613610794,0.313915246225953
EIF4A2,CACYBP,-0.25916794002982474,12.448153042619294,-332.5189616666664,-317.38708499999984,0.05363238876608497,0.06418738194601316,0.7990143538690305,0,-0.03980819150142984,0.10088353745858951
EIF4A2,EXOC2,-0.26330469549268215,8.5297258178304,-251.74035633333324,-294.5793449999999,0.05251246875441989,0.06302752596899369,0.5376075154917015,0,-0.04008601977315948,0.15424827900420737
EIF4A2,KARS1,-0.27319097356394434,4.176488236185308,-203.6922202666666,-107.25976580000008,0.04559520349623499,0.0551014572089789,0.2301305878299685,0,-0.04020156510915914,0.27520850903507443
EIF4A2,KRR1,-0.2714883201415652,7.627209534671946,-180.00488270000005,-238.4775999000001,0.10359417559897538,0.12504510877644967,0.9537452459238277,0,-0.04059158100786174,0.24401444200329903
EIF4A2,HAUS3,-0.26913837601194046,6.260921886203554,-167.72688789999984,-285.38800000000003,0.07987595025109533,0.0962587007821595,0.6026682064645417,0,-0.04064552074896361,0.21260908266347212
EIF4A2,SAFB,-0.28236930524162857,7.597051758378538,-166.1825153333334,-97.73901360000002,0.17326626114229354,0.21072735528093717,1.6009066249755026,0,-0.041279686125578634,0.21561975205149111
EIF4A2,PROSER2,-0.2760900547604335,13.759366304796266,-237.6480707999999,-236.179077,0.11017173704937613,0.13340952682566498,1.8356305481438682,0,-0.041441882793237565,0.1452441345415421
EIF4A2,RPL11,-0.15504946737578315,23.205283496979856,-1417.0947266666662,-1587.9658199999994,0.07623161883663503,0.08488178788890594,1.9697059516925735,0,-0.04192408273951093,0.4613045606722963
EIF4A2,PRMT3,-0.2769286669104995,22.12972701167351,-322.6826983333333,-281.12438900000006,0.026637473672830304,0.03227469381588034,0.7142301635307793,0,-0.04199496167784578,0.1715946344402153
EIF4A2,HADHA,-0.27106898691902703,37.11786094431932,-454.22810866666623,-481.51830999999993,0.035079509452969546,0.04233101171245703,1.5712366063753327,0,-0.04246144765262314,0.10365891274046746
EIF4A2,DOCK7,-0.21544030795438374,23.631385609624925,-878.3325196666665,-994.9975589999995,0.06669900540483428,0.07744232718885308,1.8300694963065276,0,-0.04250213911648551,0.25293478661604807
EIF4A2,KRT38,-0.2907115518036913,0.23627768857104223,-157.3920695333333,0.0,0.9451107542841691,1.414213562373095,0.6682942233266687,0,-0.042947801001706726,1.0037987809991216
EIF4A2,EIF2B1,-0.2811246577240934,21.80326787802142,-350.75602233333325,-259.28393500000016,0.0964915086284134,0.11725228862953531,2.5564830583008433,0,-0.04306591644405883,0.27042978156168607
EIF4A2,ANKHD1,-0.2735226390861103,12.536014689049205,-218.5747679000001,-469.54321260000006,0.41296485190633936,0.49917963389046016,6.257723222925013,0,-0.04351179363825151,0.38670598950057594
EIF4A2,ECPAS,-0.27539209349643945,4.404013128883334,-332.4567053333333,-225.95727499999998,0.1088233910870398,0.1317130456144028,0.5800659821310394,0,-0.04353797496289205,0.17260464971769407
EIF4A2,NUP160,-0.2974641609347912,6.293412690043597,-146.12347413333327,-28.959045400000036,0.18525941300147689,0.22768334130494272,1.4329052294800542,0,-0.043863759420590995,0.20147640292746094
EIF4A2,SNRPE,-0.25634738675590873,13.6908567513028,-572.8776039999998,-505.076904,0.10927544021704144,0.13052569216574758,1.7870085538058964,0,-0.04395395935232989,0.15755204177498477
EIF4A2,PPM1B,-0.07098107755043992,16.572365359225017,-1884.4231766666635,-2875.1054700000022,0.09298864114465694,0.09767915563837508,1.6187746552197564,0,-0.04403239669837555,0.08700371695567645
EIF4A2,PPIA,-0.20095340630826652,21.241736271117226,-1112.1927086666647,-1156.7226569999993,0.08077676899243523,0.09285054833366704,1.9723068603323786,0,-0.04411164081983904,0.10784317209780596
EIF4A2,FAM204A,-0.2946696858340887,6.213655034957403,-105.0718485999999,-145.78704839999995,0.1382764467656387,0.1696125378849043,1.0539138000204389,0,-0.04411943326826521,0.156247489784386
EIF4A2,CSNK2A1,-0.24028478109776866,10.899683530655292,-614.5273439999996,-770.7011719999996,0.0951604819345672,0.11240734482748911,1.2252044851408732,0,-0.04424243611144105,0.19116904705453905
EIF4A2,RCOR1,-0.30188414610663344,7.018699465769979,-138.54781086666662,-45.272521900000015,0.12424050642105067,0.15315978568539096,1.074982505967498,0,-0.04487259552803383,0.17069665362182282
EIF4A2,TPM4,-0.1963935318239766,13.938616554377269,-1350.1311823333344,-993.6728469999998,0.051723957041521065,0.0592675619985164,0.8261078208101018,0,-0.04493024668837073,0.3300199201392762
EIF4A2,CDIPT,-0.2964071976680798,17.38956204772134,-219.8153077999999,-253.67492690000006,0.12293946457240966,0.15098162950919125,2.625504414416157,0,-0.04556805766201898,0.19942192244345486
EIF4A2,MRPS31,-0.2921970344464835,17.039881485066594,-264.7371418333332,-339.44030799999996,0.16998910052195493,0.20815481716353604,3.5469334150123597,0,-0.046172091931519506,0.2584740647895213
EIF4A2,C15orf40,-0.27075819719648114,6.158711901957699,-366.42390966666653,-559.731812,0.03129164054789911,0.037751995386482856,0.23250366330938413,0,-0.046509428192554464,0.17278742743623254
EIF4A2,KDM1A,-0.3029840963920819,4.91416527692674,-166.00457759999995,-114.19439699999998,0.026857242815586647,0.03313401654343892,0.16282603358288372,0,-0.04652757193597757,0.2716582487957303
EIF4A2,YARS1,-0.2926906119521389,8.845939794786617,-251.11018866666677,-282.47912599999995,0.09290697938752387,0.11380525438317182,1.0067144286039138,0,-0.04658453497782555,0.22149939171943545
EIF4A2,PHF6,-0.2392957665574531,27.82156925837977,-850.0831706666668,-963.0537110000005,0.08634586548974688,0.10192527153328616,2.8357210011424847,0,-0.04666317419179197,0.227279992456604
EIF4A2,MAT2A,-0.30393353536593987,5.96852191504833,-141.26485189999994,-203.24108879999994,0.06374232547918032,0.0786912376346082,0.469670376344435,0,-0.04734694369710958,0.15421110877693076
EIF4A2,CAND1,-0.2864947671745375,12.694093749728863,-458.152059,-359.9353030000002,0.036298495336912755,0.044272845758806606,0.5620036546295769,0,-0.04794184452968493,0.09805054277051793
EIF4A2,RPN2,-0.28177805600731937,7.035707887485373,-363.317952666667,-483.45422400000007,0.02162673713333217,0.026291776285397715,0.18498125778717356,0,-0.0479772219771751,0.18559305601580112
EIF4A2,BRD2,-0.3165233319432089,13.25120227853549,-196.86226406666663,-48.95343019999996,0.2118002412428497,0.2637636087547223,3.4951849333253198,0,-0.048071260307682384,0.19274788417698355
EIF4A2,KLC4,-0.3064600306292068,9.041458107110785,-196.96486416666653,-200.7203369,0.03491048180558567,0.04317326316119362,0.39034925021920136,0,-0.048117435058796926,0.17553140013250745
EIF4A2,BRD3,-0.30716454123814313,14.208318291988977,-197.55122886666652,-249.26898190000009,0.09833867155828661,0.12167334596758442,1.728773627158733,0,-0.048142558681788135,0.1595932096209038
EIF4A2,SRP14,-0.2874171853429476,22.393855705149285,-550.1130366666666,-385.1166989999997,0.09919425601829751,0.12106344243637139,2.711077261088748,0,-0.048183272559247016,0.3017412214917839
EIF4A2,CYCS,-0.2937908121171812,44.75423559123916,-609.5542806666672,-498.38378900000043,0.059809279903671644,0.07331852921707527,3.281314729784138,0,-0.04858324126460689,0.09977260680102532
EIF4A2,MRPS27,-0.31240756822293925,5.849370753333041,-123.31577553333346,-180.85449210000002,0.26539320523434096,0.3295636024734256,1.927739697671132,0,-0.04882489285770011,0.4404316266522641
EIF4A2,PRPF38A,-0.21287666952750614,18.91962178889939,-1137.187825,-1278.8330070000002,0.07201422710215155,0.08346523112788368,1.579130605462632,0,-0.04884885091953716,0.10673283910119594
EIF4A2,FEN1,-0.25802271850737235,72.99999840501252,-1037.207845,-1145.1293939999996,0.07191257633682431,0.08599686499341712,6.277771007355526,0,-0.049035127006674006,0.15254650007416806
EIF4A2,CNN3,-0.3122020556875365,7.00296296652902,-149.45290119999993,-208.4296875,0.049553229349704665,0.06152612140713099,0.4308651496883067,0,-0.04924285578300475,0.17284462056485025
EIF4A2,PSMD1,-0.25285417760128137,20.566036756096846,-796.5867509999989,-898.5483400000003,0.05463281270876608,0.06509916635950198,1.338831848140781,0,-0.049372968361724716,0.09050885059864464
EIF4A2,POLR2H,-0.3204292303474926,7.866841964797296,-125.52968343333322,-108.6367798,0.08225454662775798,0.10271270005249099,0.8080245790905736,0,-0.04956311272624509,0.18732570706239338
EIF4A2,ARL1,-0.28391237326457797,20.942076025800084,-494.41015633333336,-615.2939450000003,0.05506174527507865,0.06703805431172374,1.403916030017834,0,-0.04961040581204157,0.1706263440506393
EIF4A2,TECR,-0.27213366487469803,18.8010664758795,-684.8842773333336,-668.7546389999998,0.056051261654777425,0.06768789884952825,1.2726046858825881,0,-0.05004444617039043,0.18944749003044556
EIF4A2,SFSWAP,-0.30161626256965046,6.2973519236415765,-302.6726886666668,-343.6141359999999,0.04648549568810387,0.05729521604284672,0.36080813896288055,0,-0.05026997640436859,0.1911424675671023
EIF4A2,RTCB,-0.2749930302627318,12.945186967492482,-706.6079920000006,-575.0351570000003,0.04195348001705303,0.050763831838786654,0.657147294339441,0,-0.050658511134469,0.10196511704417745
EIF4A2,UBE2L3,-0.3119924572086534,8.027856403290516,-341.12821466666674,-165.06567399999994,0.1256719966114955,0.1560137926230847,1.252456324110869,0,-0.05076862339461627,0.15495742992101053
EIF4A2,GPN1,-0.3027332270538789,7.12182943158792,-183.08929410000007,-507.91320770000004,0.3877225450670914,0.47825354056085045,3.406040140927392,0,-0.05093528200307127,0.2738467277054441
EIF4A2,HNRNPR,-0.12823171576148962,2.392503466849456,-990.5436206666654,-3084.7470699999994,0.10590401815769493,0.11574940778925079,0.27693085942155393,0,-0.0510962802472473,0.33961250949727506
EIF4A2,EEF1E1,-0.3197898763167221,8.037684036237502,-212.1354371,-169.64086900000007,0.0866941840171553,0.10820858775672532,0.8697464383960358,0,-0.05110365986891789,0.22170621673082136
EIF4A2,STMN1,-0.2983016290559647,11.840401951045717,-414.23954300000014,-442.1016850000001,0.07506996147728785,0.09231436180566299,1.0930391496333123,0,-0.05119171898405086,0.12031092347123509
EIF4A2,EPB41L3,-0.3328569500667459,6.258348073053777,-96.365092,-71.96701050000001,0.08931976115970493,0.1125001105805971,0.7040648502704167,0,-0.05184896199932506,0.20008546814533523
EIF4A2,COPS3,-0.30962986560300065,13.900326847159599,-391.4748943333334,-336.0585940000001,0.0826131867250043,0.1023912004389564,1.4232711523745254,0,-0.05199548636658245,0.11295907392177394
EIF4A2,CTR9,-0.3203547497442942,7.99909722847422,-195.04945883333323,-273.3304447999999,0.13490990957528334,0.16845568146893097,1.3474933747588618,0,-0.05224312148073257,0.21064159292268317
EIF4A2,UBL4A,-0.31670192481136017,17.408021583731184,-389.249593,-269.3779299999999,0.09103481798281164,0.11338346276616969,1.9737817670716629,0,-0.05232700867214357,0.2777190149280014
EIF4A2,SEC31A,-0.31902554110019715,13.225239892159028,-385.36295566666695,-228.717895,0.11749110119706842,0.14657052699024017,1.938430380566096,0,-0.052910230955453025,0.12829915282702717
EIF4A2,NUP133,-0.314542086712928,3.813180817801234,-345.9720863333332,-260.10290499999996,0.19832287067878823,0.24664073396389052,0.9404857156395245,0,-0.05308321574775096,0.26335067630936515
EIF4A2,PNO1,-0.3114819215202538,8.172254250506205,-271.89298529999996,-469.7672115999999,0.28260182059678685,0.350708059524162,2.8660754301331157,0,-0.053367733843890895,0.28841329259067167
EIF4A2,DIAPH1,-0.28147059137214625,9.816070923177499,-792.0050453333338,-571.9047849999997,0.17831235588286798,0.21672938942284112,2.1274310577115636,0,-0.05351147493815099,0.17187829133732566
EIF4A2,CCDC134,-0.30307199806207213,11.230444909674523,-595.9392906666667,-373.547364,0.04655897391257131,0.05744371529380212,0.6451184800140726,0,-0.053666647803894775,0.11716291205352289
EIF4A2,TUBB2B,-0.15062205817468793,3.7701887567355814,-858.0524076666688,-3080.963379,0.4663842840949897,0.5177146872858549,1.9518820932020076,0,-0.0544290434311467,0.40470156564584414
EIF4A2,WDR26,-0.33482084524894806,6.535608414265859,-242.68809020000003,-124.19641100000001,0.09357740136056861,0.11802325166249039,0.7713537566443892,0,-0.05455634897495707,0.15842695779406743
EIF4A2,AP3S1,-0.32016606788271074,8.777912935220115,-395.39469399999984,-305.9346919999998,0.03835430436080019,0.047884959273787844,0.4203300034118707,0,-0.054789027265322254,0.15916212672161695
EIF4A2,SF3A1,-0.31507022856197286,6.232794602565593,-374.6154379999998,-418.4726559999999,0.07069133106979707,0.0879462147049855,0.5481506923293084,0,-0.05504204668948985,0.1703061019643159
EIF4A2,PSMD4,-0.3289770439999786,6.633803069045304,-277.4973349999998,-271.734864,0.04144159205767461,0.052056365706195006,0.34533167858510116,0,-0.055327217362553055,0.14348040181525412
EIF4A2,LRPPRC,-0.29000655663321084,39.33901860158119,-764.1921383333333,-952.8186029999997,0.06746907834215463,0.08249179615839497,3.2451463035529438,0,-0.05552253064192489,0.23140775402536562
EIF4A2,XPO1,-0.30212385439094924,24.720945726318153,-596.7429196666667,-714.935547,0.17952775163846524,0.2213529372314896,5.472053947660763,0,-0.055579783606348215,0.1650499447217169
EIF4A2,GPS1,-0.32329704888471483,30.96620312012309,-547.0328366666663,-431.21167000000014,0.06487241654259479,0.08116851847460252,2.513480830044005,0,-0.055679887904245315,0.14120397471167245
EIF4A2,TACC3,-0.3345424395494744,19.23947102932008,-315.0994873333332,-338.9488529999999,0.06128204641590293,0.07727625109060066,1.4867541941120757,0,-0.056087970977613366,0.11077943614382767
EIF4A2,PFKM,-0.3246503466382423,5.517668090383718,-314.87011733333316,-398.2416989999999,0.11278560669752191,0.14125005040137711,0.7793708958647704,0,-0.05639481686981697,0.23199201911618086
EIF4A2,FLII,-0.335570726708576,5.520328921689578,-296.79557333333355,-221.40893600000004,0.02009954051203479,0.025363457997639418,0.1400146307384277,0,-0.05661940632224541,0.1624478683561447
EIF4A2,PHF5A,-0.3356121342149178,5.546851425940785,-285.743041866667,-254.8039550000001,0.1428337223601202,0.18024596616586527,0.9997975944472042,0,-0.05688490614323552,0.16040863473280992
EIF4A2,RSRC2,-0.19831684089800541,29.06394757211373,-1546.693358999999,-1968.6660109999993,0.0888440651516435,0.10193720524841758,2.962697588987805,0,-0.05688988400116585,0.20587133464928745
EIF4A2,ADD1,-0.34223309537152563,11.589994495700902,-202.9602255666665,-281.43774410000003,0.09671759012812538,0.12261211947859631,1.4210737898631525,0,-0.056918814430708016,0.3724751016364253
EIF4A2,RPL35A,-0.32808159847057833,41.59333729319034,-603.3299969999998,-517.0810550000001,0.07387647682376423,0.09274148161601624,3.857427725925174,0,-0.05696566798015083,0.27373140243005645
EIF4A2,RPN1,-0.3165198144697359,10.057085736698804,-460.4286296666662,-556.5946049999998,0.049508863945376756,0.06165528756710102,0.6200725131831548,0,-0.057445043894282705,0.2292949117587337
EIF4A2,DCUN1D5,-0.3496106487203613,6.365255644758472,-135.20589196666657,-192.21105959999994,0.09499594622309306,0.1210469633381552,0.7704948666690642,0,-0.057492616395233065,0.21566343628783355
EIF4A2,EIF2B4,-0.30648528938076397,10.84188849432874,-529.773681333334,-719.775146,0.053169600467876846,0.06575518941807897,0.7129104315942774,0,-0.05774909363390689,0.15257858484378356
EIF4A2,RAB5C,-0.3149878853641893,51.5515441533613,-681.439046,-902.6064449999999,0.10076065128154488,0.1253479311517731,6.461879407303123,0,-0.058002368403381695,0.11286775296181466
EIF4A2,CDK9,-0.26683322983534413,19.4397669895537,-1093.9493813333338,-1092.9760740000002,0.011684956040055058,0.014059086863158191,0.27330537270569066,0,-0.05840378957012565,0.8925626403550879
EIF4A2,MMTAG2,-0.2010170081215566,16.31239103697036,-1558.4166633333316,-1886.297849999999,0.039962768679315835,0.045938066332493574,0.7493597014979181,0,-0.058425178810064274,0.17664887229019668
EIF4A2,ILVBL,-0.34103010103100645,12.178931820652453,-294.98347966666665,-358.8703620000001,0.048912635377086275,0.061956496845124304,0.7545639509232377,0,-0.05852725954739905,0.12807678747739082
EIF4A2,RETREG3,-0.359801184283181,4.168472268191196,-119.36356603333326,-85.73245229999998,0.3535043153939113,0.45363989564305507,1.8909853247332233,0,-0.05869352294461554,0.3106830481173041
EIF4A2,H2BC12,-0.2487069671927242,12.414332084769553,-1366.0651043333346,-1139.5341800000006,0.030166932204009508,0.03584301752595751,0.44496712248745174,0,-0.058923731118278325,0.26822112325196157
EIF4A2,RPS26,-0.18192508371691998,19.816167915123742,-1987.9778666666643,-1982.1933600000011,0.03346474149695892,0.03796271883369223,0.7522756109230758,0,-0.059681093697135756,0.37904332411619257
EIF4A2,UBE2S,-0.35504654106427785,5.316400040280757,-253.67962633333343,-154.5503536,0.16635767384766775,0.2127786516819177,1.1312164323726324,0,-0.05980628306536178,0.2589510537613525
EIF4A2,SCO2,-0.36959768464308185,5.798107707744923,-133.68786619999997,-17.857726999999954,0.5551156619416708,0.7172145329561103,4.158487111639498,0,-0.06007915570731841,0.4575285728571763
EIF4A2,PRIM2,-0.37530256504268156,33.49080423934808,-220.52593993333323,-172.09637450000002,0.09650318980163905,0.1251770266669831,4.192279295367585,0,-0.06039117366312205,0.19625095689882757
EIF4A2,GPX1,-0.32961869202858113,6.979728654981996,-550.9991049999999,-498.21948199999997,0.07112151451247374,0.08937819244843193,0.6238355309628157,0,-0.06121698907507369,0.21734271491517657
EIF4A2,QPCTL,-0.32957028518852816,6.807598382216753,-516.0356443333335,-568.306274,0.09629448660433514,0.12100893009574085,0.8237801967535455,0,-0.061638415268985815,0.18339318803222412
EIF4A2,HECTD1,-0.3528705458930125,15.020889645945966,-362.20377599999983,-384.43481399999996,0.05169123212756994,0.06601567216284233,0.9916141264610019,0,-0.06190862127361324,0.35270757610091963
EIF4A2,BAG5,-0.3557509564740028,6.111596461930734,-253.3231605333333,-342.6849363000001,0.12812652368397615,0.1639593958760223,1.0020536637361985,0,-0.06203702971821123,0.1871474174486762
EIF4A2,ACTR1A,-0.31816549419369394,14.041272622267682,-899.8502603333341,-538.0561520000001,0.09673156099790024,0.12060101644808577,1.6933917504701612,0,-0.0621422201691825,0.12864932462660447
EIF4A2,G0I3,-0.3192041857337455,23.148359730477637,-757.1461589999999,-805.3420409999999,0.02040790082578098,0.025462074717741187,0.5894052650505728,0,-0.06258662960280191,0.3332193203747743
EIF4A2,PQBP1,-0.35357561438908736,7.072768914962476,-362.7843833333334,-347.43676800000003,0.08745287981205475,0.11174202311476482,0.7903255075811272,0,-0.06273159689856075,0.1467502902216402
EIF4A2,SERBP1,-0.16240036388460735,40.53661658887404,-3422.5234366666664,-1453.2538999999997,0.1243214075372261,0.1391355662126023,5.640085101436157,0,-0.06285952099465325,0.09722194763892146
EIF4A2,EFTUD2,-0.3187456965834996,27.599796140962773,-711.8859863333332,-953.4765620000003,0.08782024773979256,0.10953479261479003,3.0231379465108397,0,-0.06307007175334532,0.15948474606442942
EIF4A2,UBA2,-0.3546775716675547,4.97550519928587,-277.6307169999999,-422.7820433999999,0.08662865210069486,0.11077345418078567,0.5511538972193541,0,-0.06315831521606782,0.41335131426009936
EIF4A2,XPO5,-0.36805614600906483,13.91318012052944,-288.1719969999999,-262.78906199999994,0.12711584745974863,0.164059446613947,2.2825886312142285,0,-0.0632490033240532,0.18307552359930007
EIF4A2,MYO1C,-0.35879489679505133,9.5230979528071,-362.5375976666669,-362.10070799999994,0.05719393346083452,0.07334382598934792,0.6984604391301994,0,-0.06375249355163531,0.16243527094371013
EIF4A2,ECH1,-0.3725141375437711,19.524178908519577,-298.0128989999997,-352.5377811000001,0.09636683575248833,0.12475878902697904,2.4358129173729877,0,-0.06465303137392284,0.24898845481568482
EIF4A2,PRPF19,-0.36861472979634885,5.264886021611893,-368.6535236666666,-200.75195299999996,0.11893421582815239,0.15355943702505248,0.8084729334797907,0,-0.06476766906862282,0.27381131402602965
EIF4A2,DHX40,-0.37272000840745223,6.68321940451956,-249.6623333333332,-272.0063477,0.049533015884479115,0.06413576763751976,0.42863340679882966,0,-0.06495933448246208,0.14425070558482045
EIF4A2,D0JC9,-0.38125735047480475,13.735283973417033,-207.0318196666667,-261.3865356,0.10258324577488094,0.13361400791381037,1.8352263415225758,0,-0.0653237966196567,0.21934326117183922
EIF4A2,PSMD14,-0.31636856346040954,65.83277883149944,-1140.5971680000002,-1227.4189459999998,0.028470472061510547,0.03545165409910219,2.3338809035170147,0,-0.06544588128630488,0.09924084648475155
EIF4A2,SLK,-0.3829550408321215,5.43852390424122,-210.09944673333325,-168.74914549999994,0.04829732169183904,0.06298101643948954,0.34252376341957314,0,-0.06580346052594224,0.14693991815699192
EIF4A2,AP3B1,-0.3239491484052158,8.246148410956552,-782.5345050000005,-790.0339349999999,0.07902495699769904,0.09892091281335816,0.8157165280062451,0,-0.06581718529257766,0.12875241103460605
EIF4A2,MANF,-0.35990276736368104,9.140434445637327,-517.0603836666667,-363.56860299999994,0.19040491840215798,0.2443572700586584,2.233531608286064,0,-0.06586090687649926,0.18088090700074472
EIF4A2,POLR2B,-0.3717770447593429,9.467331821326063,-358.77595999999994,-311.98376399999984,0.09592026242744117,0.12411721439948449,1.175058853458589,0,-0.06609030218012574,0.14959094819791016
EIF4A2,ATP6AP1,-0.40039504533842374,11.677486006561084,-104.89358516666658,-31.356750499999976,0.2739844774447246,0.3616284663339077,4.222911355188354,0,-0.06611083785270967,0.3536812829728636
EIF4A2,TMED10,-0.3921898891193162,12.537577087133721,-144.7382151333333,-176.50195309999998,0.37890339036160636,0.4972732658621598,6.23460190411757,0,-0.0662706153450477,0.3416522864184819
EIF4A2,NTPCR,-0.3135297768381111,6.7279216538401005,-825.9934896666668,-991.1147459999997,0.08489256041983217,0.1055010779367228,0.7098029867539494,0,-0.06648847244464434,0.1470124164572294
EIF4A2,UQCC2,-0.37761538248404203,7.452681379032191,-306.8287557333333,-291.80896000000007,0.0274163003354015,0.03561951881679245,0.2654609246159958,0,-0.0668595395215363,0.27102068179487226
EIF4A2,MRTO4,-0.3376253390056515,15.335621954748088,-657.2713216666666,-837.686768,0.09256396032247634,0.11697223011246156,1.793841900208511,0,-0.06706693995891519,0.17550544109861585
EIF4A2,TES,-0.3999624344336427,9.481108564311711,-120.8283793,-106.12570189999997,0.10904269544470939,0.14388085128501932,1.3641499713588565,0,-0.06736408704842779,0.21390398709691935
EIF4A2,ARGLU1,-0.36846579596062523,6.72033373376479,-422.4474276666667,-412.99047799999994,0.14494395503107,0.1871220519465586,1.257522638027745,0,-0.0676199298812435,0.33333168675529573
EIF4A2,PI4KA,-0.37950326476915747,4.557919515718045,-264.54339606666656,-329.49237099999993,0.07019725490806467,0.0913203663531231,0.41623087998342134,0,-0.06763275965470703,0.16194910228793777
EIF4A2,DDX49,-0.3695139550573527,6.580655987227287,-382.3064373333332,-456.945557,0.16514964747264654,0.21336247771200403,1.4040650664051477,0,-0.06792344516975465,0.20193623690755452
EIF4A2,SBDS,-0.3469358488322242,15.272355976358899,-689.3500163333338,-719.2985840000001,0.11044506804984244,0.14047205886797065,2.145339287763691,0,-0.06819222587735543,0.13020900595404275
EIF4A2,CSNK1D,-0.3783352317626321,20.698264669622958,-462.15494766666643,-410.2120359999999,0.08933092139071226,0.11611750932958553,2.4034309408811745,0,-0.06838527805875269,0.2051553412331891
EIF4A2,DDX1,-0.3006879318985273,17.27397036777181,-1488.6280923333325,-875.7177729999994,0.12101838517098046,0.14906400645551773,2.574927230413959,0,-0.06844926636983566,0.12567844086453112
EIF4A2,HBD,-0.3547350747850706,19.353170637605153,-621.9325360000003,-717.9938969999998,0.04889429488068687,0.06252441528933714,1.2100456781110303,0,-0.06861574688444375,0.1294618567344749
EIF4A2,CBX3,-0.41150517639687706,3.4224221718079617,-90.93131506666668,9.052703899999983,0.27219191925615766,0.36203987460769643,1.2390532939359544,0,-0.06913655228701099,0.4058511719719406
EIF4A2,SPTAN1,-0.3914465659467869,14.975238095324121,-348.8687945666668,-291.08044399999994,0.3539126984505463,0.4642361974174763,6.9520475887946,0,-0.06945878521195308,0.3516123172139645
EIF4A2,ATP6V1H,-0.3706062009685624,9.753499479266923,-718.4445800000003,-285.34375,0.2160011205066817,0.2792705897484436,2.7238655516860106,0,-0.06963488697592243,0.2086962069956423
EIF4A2,LSM4,-0.246831299197825,23.220580892156914,-1623.939451666667,-2016.5292950000003,0.07151588718856428,0.08486161819791214,1.9705360700039538,0,-0.07018009544251282,0.39887970770714276
EIF4A2,COPA,-0.2763253024226231,14.400641510988347,-1422.5162760000012,-1555.3120120000003,0.03242093583415398,0.03926566988397301,0.5654508356879068,0,-0.07041699170405702,0.1300048353563936
EIF4A2,RPL13A,-0.4126171098084601,30.531644845539695,-220.53586833333316,-273.1641846,0.10578928141546645,0.14081780642372121,4.299399253657015,0,-0.07046229011308489,0.9886179435622512
EIF4A2,S0PIN,-0.4015510125775997,7.0869416596044585,-262.2446695666665,-177.67388899999992,0.06293961779360038,0.08313975447302721,0.5892065895441827,0,-0.07051816964281243,0.1705068510100386
EIF4A2,PSMD11,-0.3258022206966714,18.786468301359108,-1186.892821999999,-896.751953,0.0782124976756203,0.09802973744841972,1.8416325551652932,0,-0.0707144978626964,0.1180090650885563
EIF4A2,ROCK1,-0.3713774112551687,6.8240735365006335,-577.7185466666667,-471.03125,0.042332760745054585,0.05476182972990635,0.37369875307020756,0,-0.07073765652771696,0.19771665388614315
EIF4A2,0CA,-0.3371645712901691,123.88625286569571,-1593.840495333332,-1555.7866219999996,0.05336899068708551,0.06742036902529377,8.352456885366063,0,-0.07130614289180487,0.11581835204434494
EIF4A2,RPA2,-0.387335254618967,46.95374007021864,-647.1333003333339,-617.415039,0.0901076824088054,0.11786016104836931,5.533975366499241,0,-0.07139311793855209,0.1686177997505688
EIF4A2,BRCC3,-0.37852450985030345,4.4729001579147525,-417.72436549999975,-520.02295,0.17596483512483876,0.22875930287267174,1.0232175219436421,0,-0.07140387038661199,0.2301653962434168
EIF4A2,EIF2S1,-0.3663839979675246,19.10747017061209,-749.9960126666665,-614.361817,0.09835331068313626,0.12679062868228017,2.422648155459822,0,-0.07157947443762494,0.18626378418618403
EIF4A2,AGPAT1,-0.4140856788792493,4.640421972975895,-151.76527913333337,-110.30114740000005,0.24368882496940034,0.3247084651169465,1.5067842963399554,0,-0.0716461533502112,0.24347689358943642
EIF4A2,POLR2L,-0.37663280864141363,12.571417630939733,-510.8402103333335,-594.7612310000002,0.04061357956462354,0.05272962465647231,0.6628861330792104,0,-0.0718117007303584,0.14279949186627328
EIF4A2,CDK1,-0.39012481158807005,22.60339006882491,-425.54028366666694,-555.9294440000001,0.12676365438967516,0.16612680494935153,3.7550289731577857,0,-0.0720764124476745,0.17048904173409798
EIF4A2,ABI1,-0.39501190748428683,9.272091312308987,-311.7860919333333,-419.6634517,0.16599809730125412,0.21828266816518602,2.0239368311220467,0,-0.0721122075733286,0.16925676710397794
EIF4A2,STK38L,-0.27981755859735663,12.317132497930933,-1701.7805976666668,-1343.6074219999991,0.033422430342444444,0.040576705022514134,0.4997886520917662,0,-0.07226931780425615,0.1141880973455072
EIF4A2,LRCH2,-0.4150632048603479,6.052699769280409,-161.8779805333333,-160.09890749999994,0.14363749758805375,0.19152262955798796,1.1592289757376109,0,-0.07237066159925228,0.18487791243178484
EIF4A2,PRDX6,-0.2721476719595456,37.228401798983434,-1673.7679033333334,-1825.796875,0.013479555234838523,0.01627816400519823,0.6060100301352691,0,-0.07239374855272473,0.09231618094653797
EIF4A2,DCTN3,-0.4517835242957032,131.61727364566556,-577.0973713333331,-530.2783199999999,0.07484320673238813,0.10236670382915126,13.473226470086203,0,-0.07268475085759674,0.14428717605550612
EIF4A2,TAF4,-0.41696709992365677,3.3874277334502674,-220.25099686666658,-75.6384888,0.06691415134631727,0.0893394710772532,0.3026310020188655,0,-0.07286290521422151,0.2212535374093766
EIF4A2,C1QB,-0.3563701725193351,9.828066492983536,-798.8452146666668,-831.2746580000003,0.057377793196415665,0.07345604005253235,0.7219308459475497,0,-0.07364868215417297,0.1295580825190236
EIF4A2,TUBB2A,-0.4228406440633352,23.67473984848385,-254.04174809999995,-236.34820549999995,0.05071421705748034,0.06798659086822281,1.6095648519904828,0,-0.07368593656747285,0.13511265182465693
EIF4A2,LRRC47,-0.3759505463585381,12.0964930264448,-666.289632,-610.8002930000002,0.03420321186030009,0.0443858884833182,0.5369135905110153,0,-0.0737050023256854,0.970505946489875
EIF4A2,LARP1B,-0.42611437246597056,2.6166560365979765,-104.14015706666669,-76.67297360000003,0.07725781940702872,0.10380576874994703,0.2716239914332425,0,-0.07371967307881362,0.32060438758267756
EIF4A2,BUD31,-0.32965236829943223,5.599946437699373,-825.0264483333331,-1320.1508790000003,0.06309644855696031,0.07929496725707944,0.4440475694187704,0,-0.07411948203785224,0.15358680114415432
EIF4A2,MDH2,-0.38006118065275046,6.6587892394983745,-774.2896730000002,-437.99389699999983,0.13401750253912356,0.17441225129345014,1.1613744221495124,0,-0.07462682982375927,0.19716106860430635
EIF4A2,EXOC4,-0.40306478509043225,4.887191996425862,-296.8951008666669,-444.2316892,0.0479679143542933,0.06342948262850297,0.30999205983945294,0,-0.07465686500377276,0.16075527455084615
EIF4A2,EIF2S2,-0.40424288073483305,5.230826995276926,-404.90978999999993,-336.60668899999996,0.026454484821116314,0.03501017555777534,0.18313217141699564,0,-0.07487838485628714,0.1756113807831954
EIF4A2,ANGEL2,-0.4292720651353958,10.692165688118942,-167.56150310000004,-183.69421389999997,0.16029080159026646,0.2158431232949825,2.307830436911038,0,-0.07531129316001443,0.3252900134084157
EIF4A2,UQCRC2,-0.42177487421632043,7.005241348736377,-208.83872480000014,-293.30578620000006,0.06121224029951101,0.08199945780787014,0.5744259924096559,0,-0.07585723181521571,0.23195634915328459
EIF4A2,THOC3,-0.4135435367985619,24.90180002700874,-392.48553436666634,-517.665405,0.12698715937692387,0.16914322314855637,4.2119707187690665,0,-0.07626738587825443,0.15053759465897973
EIF4A2,PSMA2,-0.33230886910223467,36.58771602952677,-1289.5374346666667,-1359.299317,0.02490514690657094,0.03135663950896316,1.1472678219941839,0,-0.07631975622719278,0.2486408695638525
EIF4A2,RBIS,-0.3905810662992968,17.244023620124544,-675.5914713333336,-623.0036620000001,0.06870125073532962,0.09006311289915311,1.5530504461349397,0,-0.07658191243975054,0.18825540337142543
EIF4A2,ELP2,-0.4302588748669995,21.94861044416788,-277.6560668333335,-299.0891720000001,0.07489362323586321,0.10091867058528284,2.2150245872196765,0,-0.07661138301621029,0.25751938899546034
EIF4A2,PAK4,-0.4225787635396937,20.30638296515901,-382.5660806666665,-370.76965300000006,0.05717128615133196,0.07662891330361579,1.5560560597471904,0,-0.0771322619232404,0.13791330087438317
EIF4A2,PSMC6,-0.4098994624179463,7.09136972332147,-410.3977460000001,-457.3698730000001,0.07687050228921823,0.1021309854292129,0.7242485778857064,0,-0.07737681853415632,0.14850679143020598
EIF4A2,PYCR1,-0.44165822774630986,9.870896894871485,-137.54189043333332,-144.68548579999998,0.010199063622128407,0.013852194273647927,0.1367335814429079,0,-0.07744318183710534,0.1960650906075121
EIF4A2,RANBP1,-0.4312165116447467,5.497929518236512,-266.8269855,-247.18652339999994,0.17059103041896206,0.23002294160275052,1.2646499205093555,0,-0.07834772857987846,0.19441589393956804
EIF4A2,LDHB,-0.37876630633742997,13.736269932999095,-805.3211263333328,-899.7810059999997,0.019289138779898338,0.02508063362734347,0.34451435359584415,0,-0.07908319087341467,0.31071421157435725
EIF4A2,P4HB,-0.43232703155346436,92.93196540032292,-899.1717939999999,-749.7734380000002,0.06696221485642317,0.09036059353310973,8.397387551771596,0,-0.07980855290087106,0.14755955153813316
EIF4A2,VPS52,-0.4259073474140309,6.566942571338218,-330.1541138000001,-434.0426024000001,0.20804777130996543,0.27949869803530886,1.8354518987616752,0,-0.07989378770684227,0.2072189224102071
EIF4A2,GCN1,-0.35407678701002665,7.424779173474486,-1175.734700666666,-1038.5791019999997,0.06170121227444198,0.0788654855761547,0.585558814811786,0,-0.08021868983311894,0.172361419909041
EIF4A2,SBF1,-0.4508309192086291,6.209418652259178,-211.5668436666666,-102.14953609999998,0.2971791378813792,0.4061980967967031,2.522254038761627,0,-0.08039357586224166,0.2641427734657825
EIF4A2,CCAR1,-0.4257940976213718,26.793839082411843,-583.0412603333334,-514.9411630000002,0.07339221180166589,0.09858994071114699,2.641603006558997,0,-0.08096981765525538,0.2758959817337956
EIF4A2,ACTR10,-0.4456829523866014,4.2926057512490425,-219.10107430000005,-226.84100350000006,0.11239092138830542,0.15307387763018632,0.6570858074813299,0,-0.0810174045884968,0.23794936214234788
EIF4A2,AP2B1,-0.4300586537839767,4.116897684270282,-365.0832722666669,-434.4898068,0.12226939198608225,0.1647343469179058,0.6781944513461037,0,-0.08158238709473284,0.26235257212773005
EIF4A2,TPM1,-0.4475078710569979,2.506903969532268,-289.69889333333356,-163.25744630000008,0.1282160824489202,0.17484842237911283,0.4383282041286526,0,-0.08175521308451238,0.5884931995712348
EIF4A2,MFAP1,-0.3135968692430312,4.663570391092737,-1012.4256186666662,-2106.0424809999995,0.22297937022308187,0.27712272838321467,1.2923813507867947,0,-0.08187892636033567,0.22878729291647165
EIF4A2,XPO7,-0.4206867011923881,12.268877077505442,-500.4791260000002,-607.6334219999999,0.13338574858039867,0.17854782314394657,2.1905812946092618,0,-0.0819109357771775,0.1872877324304025
EIF4A2,DDX17,-0.4016300065616066,8.71867714764295,-834.0988766666665,-615.1701659999999,0.026092359318198113,0.03446845099683649,0.30051929602076916,0,-0.08200308865747256,0.1654548330457934
EIF4A2,NDEL1,-0.45323010218842,2.4546203106832407,-136.26695756666663,-252.24792479999996,0.17844891225658419,0.2443181362196408,0.5997082594330051,0,-0.0823232524661552,0.2649208399657411
EIF4A2,AP3M1,-0.42521599074132177,9.986220461937815,-580.9641113333334,-485.46643099999983,0.019550058229621324,0.02625165298365307,0.26215479418504717,0,-0.08276675615173909,0.15342658825567373
EIF4A2,HDAC1,-0.3735392163964223,13.599108509554677,-1143.8348793333344,-1001.4660650000001,0.048127899681591355,0.062351807042637736,0.847928989739646,0,-0.08300662699730743,0.14091201130164452
EIF4A2,YBEY,-0.43975973413786595,5.229373670699077,-521.9478353333334,-245.17834500000004,0.10792974021289731,0.1463955559532305,0.765557065809177,0,-0.08325614825518243,0.7606982120509707
EIF4A2,PSRC1,-0.4392445900412287,19.698385240999393,-456.63305633333334,-492.2326660000001,0.017690380471692725,0.023986609181497313,0.47249746828242717,0,-0.08327502201916455,0.15508331365640887
EIF4A2,QARS1,-0.4600932783200515,8.925521863888237,-229.43349206666664,-193.8283692,0.23849382588043203,0.3280839555794343,2.9283205187151786,0,-0.08340168544260167,0.23117424825615193
EIF4A2,ATP1B3,-0.4394923179637498,9.209326259105698,-409.58361793333347,-430.2969969999999,0.21418553643675306,0.29046673333376477,2.6750029146872922,0,-0.0835005999134307,0.25327684875179746
EIF4A2,HNRNPK,-0.2724109287290294,32.17964604464123,-2764.3636066666695,-1633.0898500000003,0.11999800811885207,0.1449382934103192,4.664062980258429,0,-0.08351874932426048,0.12170402466148053
EIF4A2,BAG6,-0.375509616839289,10.738565101839653,-1117.911458000001,-1016.1328119999998,0.007075832119995434,0.009179580037103044,0.09857551783597869,0,-0.0837160931111019,0.22691148201236344
EIF4A2,CTSZ,-0.4751344363925722,8.954966457165693,-102.01094313333329,-88.47326659999999,0.29302451775563326,0.40732373192616983,3.6475703566064017,0,-0.08412555028040004,0.4396889679008249
EIF4A2,PPP4R2,-0.4684445444818485,1.2232149261679095,-76.68280283333334,-155.7049713,0.7387116789941659,1.4142135623730951,3.4597742765677237,0,-0.0841454513767842,0.6282521443893975
EIF4A2,SEC61B,-0.4604937013653914,23.60281549923886,-365.77431263333335,-321.0935061000001,0.07416528214931928,0.10205376845424953,2.4087562678276946,0,-0.08454253437730543,0.23008749788401855
EIF4A2,KP06,-0.4584338115754034,3.1523387410160373,-292.63568106666685,-202.94103999999993,0.1356795491563213,0.1864329568479631,0.5876998324740053,0,-0.08464871095023811,0.2739928673289743
EIF4A2,KRT18,-0.40958636124372694,11.022664405622946,-760.8754070000005,-800.6782229999999,0.04893736546240223,0.06500460666832164,0.7165239641244289,0,-0.08480554733416633,0.21851266828138594
EIF4A2,LRPAP1,-0.42865794298300236,5.180936583115332,-483.17618800000014,-671.7032469999999,0.13119200101244874,0.1765843050354323,0.9148720859620679,0,-0.08523650543641431,0.22518576652982045
EIF4A2,RPA3,-0.4015926575084446,33.483004226802855,-1063.8177896666662,-993.884521,0.02787497075406748,0.0368223577639178,1.2329231606501065,0,-0.08566481825809255,0.1355556743174671
EIF4A2,0RS1,-0.46136066159728545,8.986145468161588,-277.3356119,-331.4579462999999,0.11219410787424484,0.15447543509066602,1.388138730982278,0,-0.08583289498586891,0.17906059490181359
EIF4A2,CHCHD1,-0.4372419626091742,8.422114830506356,-588.8345536666668,-488.53491199999985,0.02655066064321357,0.03595043571754227,0.30277869781987815,0,-0.08584449031607524,0.20742146799821742
EIF4A2,CNOT9,-0.4712868773764493,5.509962606626167,-186.18255616666664,-209.82217410000004,0.1917868872571687,0.2658865800870239,1.4650251138832155,0,-0.08610150086858177,0.2732559662010187
EIF4A2,HOOK1,-0.47871233492810567,4.91124012908584,-160.3134053666667,-103.6806641,0.0834868677618859,0.11634051760225488,0.5713762186868117,0,-0.08634275899344773,0.18583600023691035
EIF4A2,CUL4B,-0.4440679265639668,13.84362692441937,-490.1655270000001,-579.5283200000001,0.0963554745114663,0.13108713411048115,1.8147213792168297,0,-0.08657303421840364,0.23495066560125522
EIF4A2,ZNF706,-0.27125002477052085,16.699707846325758,-2197.1165383333355,-2322.9023500000003,0.10053620842953657,0.12133389450433528,2.0262405900793095,0,-0.08681245171941648,0.1327218257447915
EIF4A2,API5,-0.4422224343550578,11.637738163481059,-475.8689373333334,-665.6789550000001,0.15820133212778686,0.2149503984077914,2.501536454805812,0,-0.08728842172635286,0.18983593842356927
EIF4A2,RPLP1,-0.4429361425498453,15.85890620350023,-596.1757406666663,-607.0882569999999,0.14169738555243755,0.19262152015546427,3.0547666209211366,0,-0.08758600149590894,0.5503449668790323
EIF4A2,GNB1,-0.44637704147918017,5.254245737344788,-591.1206866666666,-420.6601559999999,0.06881469482641395,0.09376915122557947,0.4926861631214397,0,-0.08759530052646419,0.32549869156278033
EIF4A2,MYO1B,-0.4710243355892845,11.159747570591426,-312.3312170333335,-308.4334101999999,0.061890125934904804,0.08578667589065568,0.9573576478598587,0,-0.08787351040059865,0.31703686165815187
EIF4A2,PPP4R3A,-0.47628563785833866,3.0421766063092317,-219.92928076666658,-203.59039309999997,0.1390644995991155,0.19346329607105026,0.5885495134868258,0,-0.0878942602558794,0.23984079973031977
EIF4A2,LRRC59,-0.2794060918950051,12.177521895042716,-1983.4401030000008,-2439.131834,0.04152113970974437,0.05039461731110132,0.6136815556982351,0,-0.08816415062776378,0.10002170737731363
EIF4A2,SLIRP,-0.4349279052022872,22.285559542681096,-763.7267656666663,-817.084961,0.042282195648323424,0.057159674616907186,1.2738353321153624,0,-0.08926001398929927,0.26846718086169635
EIF4A2,MRPS12,-0.4153708468547335,9.587316907190923,-902.4409176666663,-922.0568840000001,0.12755959330229033,0.1701210294593406,1.6310042220042613,0,-0.08936383267151239,0.23476650613384004
EIF4A2,EML4,-0.4767772400211289,6.20050453023537,-341.84403480000014,-270.73608449999995,0.055937978292793455,0.07784613595601723,0.48268531865660336,0,-0.08976399426770035,0.20618179571079842
EIF4A2,MOGS,-0.49234875251263016,10.484285686042256,-195.4440917666667,-229.32406610000004,0.0739377931084745,0.10401221280786277,1.0904937539150565,0,-0.09055030913220254,0.27138851572590467
EIF4A2,D0JC10,-0.45072546339140107,28.478767786954336,-695.0007323333334,-760.558106,0.040477795571783395,0.0553228662590039,1.575527061498903,0,-0.0905599635083425,0.20205826772015242
EIF4A2,ZNF593,-0.4331091733116715,39.817088365180496,-955.4750163333329,-986.3784180000002,0.044155216679129736,0.059616535805777006,2.37375687420457,0,-0.09063447147608931,0.1839662383900269
EIF4A2,TRAPPC1,-0.4886324139670792,5.3000050698061125,-215.57358803333318,-247.7984619,0.0738227503317389,0.10358320113702535,0.5489914911729806,0,-0.09085924041588964,0.214785396856972
EIF4A2,BLOC1S2,-0.47340235784719714,9.303158922402108,-380.66247566666664,-441.7717284999999,0.049035551036872904,0.06808091742822649,0.6333675944177265,0,-0.09100573601953912,0.1899805849815511
EIF4A2,IKBKG,-0.47629239013124625,15.440527467593729,-410.9190473333333,-443.636475,0.029496989106336354,0.04103571696734184,0.6336131149866436,0,-0.09119727941271319,0.2582531884591455
EIF4A2,AIMP1,-0.48564281266196196,6.309747014890016,-338.3392538333335,-225.96557630000007,0.07459226977807694,0.10444627539091582,0.6590295743642117,0,-0.09120719214760761,0.3007061744061611
EIF4A2,RAB34,-0.4911453170457211,12.995700002623435,-285.13930259999984,-275.15112309999995,0.025230332740516417,0.03546325174829751,0.4608697808383855,0,-0.0915025301969163,0.3896363949106282
EIF4A2,TRIP13,-0.4700294783597419,3.9295220703241722,-359.31701669999984,-523.4711917999999,0.04117954984891995,0.05704013993692033,0.22414048877650766,0,-0.09167272631646256,0.18995613022769747
EIF4A2,POLR2E,-0.45076018156040953,7.8324431407226704,-660.0656739999997,-671.4119870000002,0.06882636432786775,0.09407042375292222,0.7368012452684506,0,-0.09194807240368563,0.1514450631471085
EIF4A2,GTF2B,-0.45497247011996483,4.954749022163227,-498.764038,-738.0236810000001,0.08721880311024213,0.11955739299974202,0.5923768760578564,0,-0.09220742888009957,0.18007954637989879
EIF4A2,UBE2M,-0.4774523134773004,7.980876104940727,-333.6503293666666,-502.01763930000004,0.13135433124265225,0.18288492652905142,1.459581940089547,0,-0.09226360231934988,0.22211285947906734
EIF4A2,SSR1,-0.47033563149138624,6.127373520774565,-426.51123043333337,-534.884033,0.09201105250123724,0.12747679869432288,0.7810979608327038,0,-0.092351852683222,0.18815207151690988
EIF4A2,FANCI,-0.4580046451422833,7.929157149567481,-578.7563066666664,-673.0242919999998,0.038123827064229995,0.05236915819039366,0.41524328508219027,0,-0.0926624162777971,0.20257611753380203
EIF4A2,ARCN1,-0.37525423755366033,9.051071653729863,-1403.3173823333336,-1523.8281239999997,0.0579128123369246,0.0751178363199545,0.6798969190050598,0,-0.09308004568832282,0.1417833412486661
EIF4A2,UCKL1,-0.5045201660534917,3.551930659539418,-220.98738606666677,-109.56256110000004,0.17167875314156839,0.24355576566763107,0.8650931913824567,0,-0.09317310417308285,0.24624044726686423
EIF4A2,SMC1A,-0.46676977803273734,4.710613617185961,-584.1174316666668,-502.48706100000004,0.04708897560372887,0.06507841229418819,0.30655925513784515,0,-0.0931802152678677,0.3501721862519869
EIF4A2,PRPSAP2,-0.46674932717135914,5.537007818390194,-552.1274003333335,-563.951904,0.1306275390724927,0.18052871673058168,0.9995889159811793,0,-0.09340602482000349,0.18340130506225974
EIF4A2,USO1,-0.4768713989507034,23.329937093907542,-584.135823666667,-551.2651370000001,0.0749160324496394,0.10426376621728688,2.432467107023185,0,-0.09350405006623101,0.14993670169187548
EIF4A2,U2AF1,-0.14399453739913648,30.355327256561605,-3974.899743333328,-3806.9414099999995,0.05057623977754247,0.05588535463828331,1.696418228894093,0,-0.09375914872408159,0.12006072907780557
EIF4A2,NOP2,-0.4822738020898132,62.16721419391509,-747.1107180000001,-817.8079840000003,0.06305136728856942,0.08808043610752454,5.475715337789931,0,-0.09440937626783316,0.16029060027136216
EIF4A2,HMGA1,-0.35892329905702475,2.3007905094375203,-2109.0537103333345,-1229.107422000001,0.1502535396905496,0.19269789070484006,0.44335747812232457,0,-0.0950254855681176,0.2798708784525791
EIF4A2,BSG,-0.47174805754234506,12.488003695984187,-595.7817786666665,-653.0895989999999,0.08038276264995844,0.11147545836255948,1.392105936043174,0,-0.0951341477851323,0.2620756442350071
EIF4A2,KP03,-0.5101574005893902,2.6901617081553124,-236.93853753333326,-194.4996949,0.0841707394066392,0.11987814324524977,0.3224915906031283,0,-0.09574406480306608,0.9566240688386861
EIF4A2,GPHN,-0.4915229529460619,6.680596394955331,-541.1033123333334,-371.7757570000001,0.04241252908207058,0.059629810440530534,0.39836269666087804,0,-0.09653188556574965,0.21704165910367176
EIF4A2,PPP2CB,-0.4448075919840919,14.53958262878698,-851.8263349999997,-1088.5144050000004,0.08717182794442548,0.1186540295998655,1.7251800676057807,0,-0.09673491954143407,0.15801742093771382
EIF4A2,ZC3H15,-0.49447509938463374,6.3796148599045726,-450.28328413333315,-427.0671380000001,0.09288794313044833,0.1308631294000013,0.8348563649338634,0,-0.09683632162747664,0.18191897240556246
EIF4A2,CNOT1,-0.5045506078018694,16.678072829849363,-406.6030885333337,-430.1569217000001,0.06290875319117228,0.08924874265117816,1.4884970299088323,0,-0.09725467709209414,0.16993542363884453
EIF4A2,BTF3,-0.47273884429115437,9.248652762684811,-802.2687173333334,-593.0520019999999,0.2009908289791101,0.27892718291521157,2.579700660856663,0,-0.0974931337444543,0.21945351865352722
EIF4A2,ANKFY1,-0.4721348000908254,6.800835553385646,-684.6333416666664,-706.907105,0.05698562046830531,0.07904930255253799,0.5376013072696391,0,-0.09765059017811317,0.17351596156913415
EIF4A2,CMBL,-0.1242324188285962,37.90111636762369,-4301.578126666667,-4338.214840000001,0.05999965775644034,0.06539600090343127,2.4785814402181727,0,-0.09817295987251438,0.05653015451094561
EIF4A2,PSMD10,-0.49975200137620773,10.958955918944408,-461.53456616666654,-508.9830320000001,0.17537246248748325,0.24797499135990356,2.7175469993138037,0,-0.09849302712257953,0.25340969858368473
EIF4A2,MAZ,-0.4736211767807917,12.433794252219831,-811.7401529999997,-729.936279,0.053733080604406784,0.07461427981637718,0.9277386035143929,0,-0.09895705978713835,0.31443480985250455
EIF4A2,SEPTIN2,-0.4477385970144901,16.523692313361774,-1041.414632,-1109.388183,0.023321782419250526,0.03180902889118913,0.5256026061848444,0,-0.09956592660133574,0.1507221413384356
EIF4A2,LSM6,-0.5322820629575212,14.595093064648772,-242.51351929999987,-248.47937009999998,0.06638558781096564,0.0960092225747106,1.401263538542479,0,-0.09984607860820671,1.1362985418733171
EIF4A2,RTN3,-0.49075981820221637,8.15665110725641,-548.1954753333332,-689.796143,0.035729029099775204,0.05020659209356016,0.40951765499150844,0,-0.09992891711219615,0.16021906696576801
EIF4A2,KRT8,-0.3296805582986344,18.439046258847263,-1538.5499679999994,-2998.100098,0.2956398459238649,0.3715456339607796,6.850947131875548,0,-0.10009508136942055,0.2561738063227787
EIF4A2,RAF1,-0.502808820026333,6.244935270275901,-473.95983909999995,-527.1953735999999,0.19512012123419648,0.276483200380055,1.726619689692165,0,-0.10018745862657431,0.2240332368237388
EIF4A2,ALDH18A1,-0.5072028933861196,4.873524587320927,-481.67211953333344,-418.78747599999997,0.13308686391301025,0.18915797182442062,0.9218660265740729,0,-0.10020618921335601,0.2213299526875359
EIF4A2,COPZ1,-0.4116392355865202,13.283072933516607,-1510.976399666666,-1372.7690429999993,0.027129032997622617,0.03608742116211742,0.4793518472789363,0,-0.10027707592946258,0.13023547112210104
EIF4A2,ENDOG,-0.5368010145372906,1.7941994083349957,-138.3225301,-160.90994260000008,0.5259620841230809,0.7630516666258292,1.3690668487890951,0,-0.10040131567990185,1.3624371696803368
EIF4A2,KPNB1,-0.34493718393145656,26.496105162928597,-2038.3984376666658,-2335.455078,0.09429879323171914,0.1197700111421298,3.173438810587001,0,-0.10055931733489268,0.6959440229058665
EIF4A2,PGK1,-0.5134030027810247,7.15117184233275,-396.46425353333314,-450.0342404999999,0.02700135417022977,0.0385426390904835,0.27562503539305916,0,-0.1006838452343742,0.2070398595216314
EIF4A2,EIF4H,-0.3985116912579535,38.25668994851936,-1771.3557943333335,-1730.8295900000003,0.041432136879331435,0.05461438281616311,2.089365510127696,0,-0.10104529779657373,0.12094844142015536
EIF4A2,RNF40,-0.5263531331048911,9.40024580800747,-308.76263403333326,-342.5378414999999,0.07225634868551076,0.10407114869920851,0.978294379294257,0,-0.101063183213449,0.2442950060030361
EIF4A2,SARS1,-0.5294974751744653,3.7692405499480377,-286.9527179666668,-253.63989259999994,0.061128209235445645,0.08823534023033715,0.33258022233464823,0,-0.10126393327670506,0.2418908525489671
EIF4A2,SERF1A,-0.5111850164545153,5.284356361245339,-507.1531373,-430.4084479999999,0.14267825075675947,0.20335084865505912,1.074578350655,0,-0.10148610598147303,0.5521014462041224
EIF4A2,VPS51,-0.5147522936942045,7.798387057879353,-355.71370416666673,-547.479004,0.19478508401862688,0.278302932643355,2.170313988095809,0,-0.10156211785663544,0.2282895316735261
EIF4A2,PSMA5,-0.40592540459517673,16.20415592155627,-1403.6407873333337,-1740.071777,0.08082791360495001,0.10709343422235555,1.73535870631398,0,-0.10159844867302022,0.19462301684621924
EIF4A2,NCAPH,-0.3999309812374827,4.713128452752481,-1343.9344076666675,-1804.5996099999993,0.06299518156126249,0.08311976062465766,0.3917541087860494,0,-0.10186094760611296,0.18245451481091143
EIF4A2,COG7,-0.5111712594961896,5.863261891581308,-498.7833253333331,-526.3388679999998,0.036497256971314285,0.05201687971267025,0.3049885885382684,0,-0.1024203090692422,0.17587408308570526
EIF4A2,DCTN2,-0.3163209540786077,7.729942247397373,-2113.8743483333346,-2763.430663000001,0.07975476410998793,0.09930797767999089,0.7676449321721569,0,-0.1024460749537994,0.16085765018375436
EIF4A2,ZNF703,-0.5451419099514005,5.542841194508396,-205.06839999999994,-168.95559690000005,0.28713482080082947,0.4189828691397699,2.3223555068612374,0,-0.1026534917694402,0.2643042671700324
EIF4A2,PFKP,-0.4498872716304019,12.520459314175586,-1089.5854493333336,-1238.551026,0.0753876637645706,0.10297594367603542,1.2893061131346382,0,-0.10265741154013956,0.17560809124838905
EIF4A2,ACACA,-0.5110407601831208,14.51576653062614,-592.0215250000001,-624.680908,0.04657210553372806,0.06636982305785935,0.9634088561868539,0,-0.10342873560730245,0.157478948604194
EIF4A2,PYCR2,-0.49566581608661864,12.284510463448507,-781.693481333333,-722.8852539999998,0.009540942037392343,0.013452644305668272,0.16525914973403286,0,-0.10356637302136291,1.086045075036523
EIF4A2,CCT2,-0.13570217452706548,24.227794971975058,-3337.6328166666717,-5378.527349999997,0.0875517536433752,0.0961878119489302,2.3304185867015734,0,-0.10357485845443448,0.18211688481222674
EIF4A2,ANXA2,-0.4729388501795043,2.051282176191525,-621.7156779999996,-1270.17981,0.38784370708395033,0.5383088960862388,1.104223443827037,0,-0.10429054157152565,0.5715480617487224
EIF4A2,CMC1,-0.5276940039941863,4.017612933885608,-354.23606373333325,-501.9083865,0.13189685126887746,0.1901482849226273,0.7639422088613131,0,-0.10447842724695235,0.20749840317035517
EIF4A2,EIF1AX,-0.2442050173922931,17.378967915464788,-2860.994793333335,-3737.6660200000006,0.06458867932134847,0.07650231612221434,1.3295312973467077,0,-0.10465713288246092,0.09339642921176948
EIF4A2,PSMC5,-0.40454564360676404,7.806797257950179,-1874.5594079999983,-1475.7983400000003,0.13566170613395215,0.17957397518691454,1.4018976170884179,0,-0.10481002593480236,0.17928092215565486
EIF4A2,LARP7,-0.5219191030292656,16.079615028033185,-619.8922116666668,-578.548706,0.06483934325197849,0.09310181521383822,1.4970413470496016,0,-0.10547856930295223,1.3835292069629925
EIF4A2,NUDC,-0.5246240868573702,6.522900613174745,-496.75978599999985,-609.255371,0.08062865053142214,0.11599071494782646,0.7565959056557542,0,-0.1063313894189801,0.1822718800871966
EIF4A2,SNIP1,-0.5432065167258753,8.370392716056266,-411.16035993333355,-351.7640384,0.19880614279061112,0.2897060623350102,2.424953513966311,0,-0.10633148101456194,0.22233293512880603
EIF4A2,GPATCH8,-0.5317079794109801,4.921681929129864,-571.393798666667,-383.44799799999987,0.32309179927419,0.4670810673844724,2.298824448784846,0,-0.10640542216172574,0.46686694648505195
EIF4A2,OTUD4,-0.5604252736087497,5.011391181452146,-247.9603067666667,-158.73303220000003,0.12693852534215405,0.18719949423565238,0.9381298945848503,0,-0.10658252833951137,0.21701222961933356
EIF4A2,MYL6,-0.28152505987850235,20.927168883180403,-3027.7057299999997,-3060.75879,0.07097333947913202,0.08626765775966466,1.8053378430929108,0,-0.1067414221814411,0.09965417463721682
EIF4A2,ST13,-0.5301804155476524,19.647908595231062,-601.1823323333335,-587.071533,0.08066048702084563,0.11648428006088471,2.288672487417559,0,-0.10675455341931521,0.2194770244548261
EIF4A2,COPRS,-0.5349023733640405,9.747513054188117,-539.1504723333333,-476.5560310000001,0.11863400003515864,0.17188466235911387,1.6754479901601793,0,-0.10718130442431585,0.1865354639031149
EIF4A2,SF3A3,-0.5135966328231713,7.81508728690544,-648.4107256666666,-763.131836,0.03025190365414526,0.043188378694065006,0.3375209492740452,0,-0.10718398713175864,0.175864544831877
EIF4A2,PC0,-0.5474635147335764,9.3956620724084,-389.57092309999985,-424.5895389000001,0.07218312208912056,0.10549817555352033,0.9912252067564941,0,-0.10775595651212569,0.16834093795985708
EIF4A2,MRPS7,-0.5555290228531062,4.332273074501699,-308.7449038333334,-292.65295459999993,0.15165011488100363,0.2228845812865764,0.9655968702294201,0,-0.10781757441801433,0.25802979334731274
EIF4A2,SEPTIN11,-0.4802190731698499,7.479198581173482,-974.1450193333335,-1180.891357,0.04504810417609174,0.06284097612584562,0.47000013947998126,0,-0.10824628947825231,0.18062237627465944
EIF4A2,MSRB3,-0.5169585502808667,13.073736385839192,-699.133789,-810.8424069999999,0.036164501352767754,0.051749805989315126,0.6765633215226281,0,-0.10837157901046729,0.15579752811841205
EIF4A2,CSDE1,-0.5696055756690054,4.75197956306494,-165.47638956666663,-220.46780399999994,0.13728188932727592,0.2037455147376399,0.9681945220994115,0,-0.10847022936023576,0.2337062139219085
EIF4A2,GSPT2,-0.5526777635545542,6.441720274521431,-395.08614076666674,-353.89807129999997,0.16376190858816483,0.24021042206169158,1.5473683459461485,0,-0.10858968495685734,0.24956560008235396
EIF4A2,PSME2,-0.5791953612378251,14.58412626050012,-206.9143269666667,-189.6663818,0.11608961745883818,0.17344230863804913,2.529504528089939,0,-0.10943273900884141,0.3233189656298307
EIF4A2,ACLY,-0.33420909263384246,8.518628945946158,-2911.632813333332,-2259.1767600000003,0.0414142086386128,0.05221097506093329,0.4447659234501393,0,-0.10978467810606346,0.11588685740407273
EIF4A2,MON2,-0.5206610480405929,7.617894647410253,-809.6043700000002,-690.5825200000002,0.051380336081459664,0.0737119268973253,0.5615296933614302,0,-0.1098412843037882,0.17941710959290103
EIF4A2,SLTM,-0.5100939189790038,26.57833518151269,-1032.0847166666667,-901.296143,0.0369358602451915,0.05260269240219892,1.3980919901156537,0,-0.10986521614778075,0.15065192374016984
EIF4A2,KP02,-0.45622393079097895,5.746529207844635,-1130.5843913333333,-1623.9077150000003,0.06040224975001675,0.0828697752395491,0.47621358386158896,0,-0.1099703865695493,0.9412530494283045
EIF4A2,WASH3P,-0.558045131702656,8.149955764716287,-375.2806803333333,-418.7969966999999,0.05346117325468203,0.07871059640529623,0.6414878789176012,0,-0.11010233737248869,0.23873455822623907
EIF4A2,PSMD2,-0.47620914778541107,17.019220583641175,-1354.9541016666658,-1171.4060060000002,0.03775339540712139,0.052518860635730656,0.8938300739610093,0,-0.11032478488554276,0.14722193393100586
EIF4A2,HADHB,-0.5081271809420761,2.1910116091126253,-983.4629719999994,-769.3596189999998,0.077389538683457,0.11006518237036154,0.2411540923325604,0,-0.11065362901839723,0.26923045808751356
EIF4A2,SLC1A5,-0.38125829576153175,8.753753970850557,-1505.7158200000013,-2829.367187,0.3579706366257148,0.46625472272185764,4.081479130454286,0,-0.11082077653547814,0.26559385912009104
EIF4A2,WDR70,-0.5744406139444439,3.8174880811527854,-234.53071083333333,-262.5168762,0.10283041721846146,0.15312705163769222,0.5845606945289572,0,-0.110984942043743,0.21801322640635482
EIF4A2,SNRPD2,-0.4836905701123452,28.865235006177002,-1218.472738,-1358.8022459999997,0.05872349711309295,0.08211516198677868,2.3702734483186587,0,-0.11100683013473342,0.22539303112786183
EIF4A2,WASHC2A,-0.5798549861789979,9.165612279064481,-195.33653766666674,-268.86209110000004,0.16362395511314906,0.24457221770821802,2.2416541217444745,0,-0.11110771420053467,0.30100521619429454
EIF4A2,TRAPPC3,-0.5138002993021588,9.286790671497958,-916.0367026666663,-854.8259280000002,0.04896842666099769,0.06991842767198495,0.6493178018699944,0,-0.11118833372562778,0.20640969498842343
EIF4A2,MRPL14,-0.576409313559628,3.4536233845150712,-282.6026408333332,-200.82421869999996,0.03095113878404887,0.046152964485410966,0.15939495741150891,0,-0.11132281734129224,0.23792494941054396
EIF4A2,LONP1,-0.5337755569432335,18.475552635730082,-804.5812986666665,-709.6333009999998,0.018768994983619575,0.027172510122587933,0.5020271410147817,0,-0.11150734275312055,0.16556796715170058
EIF4A2,FAM98B,-0.5609816866844404,6.188409635562177,-449.34641493333334,-386.82714840000006,0.02123027543906363,0.03132090847685995,0.19382661181276117,0,-0.11152414715640087,0.18358178777181067
EIF4A2,SPINDOC,-0.5148288334261334,6.334236559974659,-982.3470053333331,-769.7590339999997,0.0023338713312387777,0.0033347404393196307,0.02112303480876436,0,-0.11160528238717438,0.20161113556809881
EIF4A2,0P1L1,-0.44864452514653397,7.640334904726761,-1538.6929523333338,-1534.1171870000007,0.09216910290035861,0.12579018244036255,0.9610791215710492,0,-0.111664044534797,0.1623023312063399
EIF4A2,LSM2,-0.5711666497271216,4.915861540157798,-424.00349953333296,-211.2728879,0.1232307079084294,0.18308960591092616,0.9000431521001696,0,-0.11168620069902709,1.0303999613493233
EIF4A2,JPT2,-0.5666297199698063,6.95795046516449,-440.88132743333347,-330.58709710000005,0.11299926793357112,0.16736113183863266,1.1644904651270698,0,-0.11195431088994948,0.21866275603500274
EIF4A2,CMAS,-0.5648705319903489,14.361445476791792,-491.52787266666655,-411.57189900000003,0.10253339278709178,0.15167525242842453,2.1782758679294507,0,-0.11206854760204375,0.707082231088022
EIF4A2,TXNDC5,-0.49881357655078784,12.228577632221876,-1111.7909343333336,-1068.196778,0.05698894181378741,0.08052942137474751,0.9847602809590077,0,-0.11211482771230347,0.18118488454733972
EIF4A2,TUBG1,-0.562804339787116,8.511701891233802,-433.96144619999995,-470.5170291999999,0.08187152828262391,0.12093730891816891,1.029382321039505,0,-0.11241508290432208,0.22714564938347834
EIF4A2,WASHC5,-0.5838838763448987,5.480829440586161,-238.41423543333343,-237.34420770000003,0.1595986587226903,0.23922265581858718,1.3111385748657232,0,-0.11266032880193916,0.2389430342478455
EIF4A2,MCM6,-0.40541820025326747,34.13931723891629,-2108.9108076666653,-2221.3779299999997,0.026136703689724684,0.034617811240894594,1.181828440069823,0,-0.11277539929679267,0.2960094572029839
EIF4A2,SUMO1,-0.5871664141465811,10.830576396951317,-253.95693969999985,-297.1681824,0.15015557890251052,0.22558109487442743,2.4431732817454095,0,-0.11355114021946923,0.29785454662939786
EIF4A2,ORC4,-0.6068378664834357,0.81905636839658,-30.19201915333334,-22.647750860000002,0.49359762193535345,0.7517199444447799,0.6157010077482202,0,-0.11362274300946908,0.6556635951151062
EIF4A2,CCDC61,-0.1296385791982587,31.280192090951818,-3411.15625,-6388.898439999997,0.11100729772644596,0.12144548759756564,3.7988381806311597,0,-0.11380614697766303,0.09057994870462728
EIF4A2,DSP,-0.5597005740134327,10.757784066747918,-608.2126056666666,-553.4527579999999,0.15735095067384045,0.23193294039161302,2.495084490698889,0,-0.11437936802703245,0.22464477207628697
EIF4A2,D0JB6,-0.48597744105673046,22.433157177509152,-1319.0165203333331,-1458.837646,0.04319124347063254,0.06049167037412853,1.3570191494328991,0,-0.11472902645919349,0.157568384220119
EIF4A2,PRPS1,-0.5088564748942499,14.804621869776717,-1103.9895833333335,-1160.1716310000002,0.055154538316110266,0.07848171697828647,1.1618921435543668,0,-0.11502634242751347,0.15708291017347964
EIF4A2,NUDT21,-0.3396409344678491,55.9091308887116,-2809.923505333334,-3283.0263699999996,0.06445053128667289,0.08155941584189648,4.559916055511449,0,-0.115255776173854,0.14616839152178165
EIF4A2,RAD50,-0.47132542884628265,28.552799220826362,-1494.3553063333334,-1731.7116699999997,0.07714083688770976,0.1069481949336561,3.0536703369704816,0,-0.115752245788456,0.319161644440715
EIF4A2,LRBA,-0.5876807456170403,8.18656289923466,-364.21199536666677,-347.1717526,0.044357738650855266,0.06666309252154161,0.5457415999851001,0,-0.11588443478793164,0.18683212087048287
EIF4A2,RAB10,-0.42366967572342606,20.92021624574437,-2077.593261666666,-2017.6152350000002,0.026013956931620435,0.034893900868203584,0.7299879518203862,0,-0.11600823296334242,0.12573097024652982
EIF4A2,KLC1,-0.5457090155631366,8.059837335869643,-754.5094810000003,-816.4266360000001,0.07979987905990629,0.11648858110554819,0.9388790151969764,0,-0.11630598250372777,0.21283379927091836
EIF4A2,CHID1,-0.5998237734964391,10.942980567887647,-274.3343505999999,-275.92443849999995,0.06409578337640273,0.09714064654140986,1.0630082074546903,0,-0.11640624526533,0.23788551797261687
EIF4A2,FASN,-0.2606413173672576,34.41081557532778,-3763.1132766666633,-3771.1601499999997,0.016706193963358294,0.020014446166120567,0.688713415864701,0,-0.11689449375853181,0.10783947717998896
EIF4A2,DIDO1,-0.4475949720236926,38.44169525529057,-1802.234375,-2147.2065430000002,0.0780255320877236,0.1064099341072089,4.090578259084874,0,-0.11738195500081715,0.13723008667043016
EIF4A2,USP7,-0.5952551044619317,7.176875436642093,-367.51861580000013,-319.20526140000004,0.03330366164670713,0.05031392386419487,0.3610967643020206,0,-0.11746021793379972,0.2322780863325883
EIF4A2,MOB1A,-0.5968586738320033,5.735934769407194,-376.81278506666683,-280.5522465,0.14843456036295363,0.2244987684529594,1.2877102916584249,0,-0.11768092859056506,0.288980606956899
EIF4A2,CD2AP,-0.5327478419320707,12.491145204088804,-955.1240233333328,-1065.1896969999998,0.013291913735495174,0.01922945065334522,0.24019786030579546,0,-0.11795711117646351,0.1537160593611836
EIF4A2,RNF20,-0.5980697804224007,4.0334835542368905,-375.56286623333347,-265.98547369999994,0.061588025476875426,0.0932265897852079,0.376027916716225,0,-0.11800555813019815,0.23810196503459433
EIF4A2,COPS2,-0.5541158714890294,23.65922831601714,-828.2784423333335,-929.140136,0.09427737616374446,0.13842653950747216,3.27506510320345,0,-0.11825107035049746,0.1884453907111427
EIF4A2,PRKDC,-0.5304202060196899,32.21460480904461,-1076.6978356666668,-1327.8083500000002,0.08273969116474711,0.1195067843238119,3.849863828991328,0,-0.11918789024042928,0.1977828252957681
EIF4A2,ADD3,-0.6093877049771335,3.420754974663248,-254.27929686666664,-276.3994751,0.29552827636129186,0.45086824086424804,1.542309777854044,0,-0.1193838941870028,0.3006737682225268
EIF4A2,GNG5,-0.6222630846592366,3.9617646281006733,-192.16774489999995,-206.7176513,0.19689207358814348,0.3030782504573802,1.2007246922086856,0,-0.12071412467946058,0.3847089967532168
EIF4A2,MYCBP,-0.549217365002133,11.1052322064705,-969.3922523333331,-969.521972,0.04031870392144552,0.05899888701236678,0.6551963401956497,0,-0.12095031424448723,0.172808111054692
EIF4A2,AMPD2,-0.6060335901948793,12.273879148093165,-427.4824216999998,-413.16973859999996,0.09680952829747683,0.14735300718662273,1.808593002316711,0,-0.12100176164364351,0.24869310092651176
EIF4A2,GA0B,-0.5176282322797428,25.270338981348065,-1408.515543666666,-1333.2429199999997,0.06030464105989389,0.08633334712859134,2.1816729473338956,0,-0.12112426365529504,0.15320591495943256
EIF4A2,CUL2,-0.6111319069407586,5.375607729158507,-356.2422892333335,-420.82446260000006,0.07892593463589953,0.1205578245224694,0.6480715733135215,0,-0.12236907342262651,0.21752080257120646
EIF4A2,COX4I1,-0.6436793066721029,3.1254966614030235,-154.07615149999992,3.597106999999994,0.45645771737571966,0.713138885711151,2.2289132064068746,0,-0.1228225065779408,0.4649382247588688
EIF4A2,NCKAP1,-0.5790168479719199,11.234595829246093,-728.6103919999998,-807.6269530000002,0.03363046337633095,0.050238975930646704,0.5644145894560383,0,-0.12305311190520883,0.17516359156383032
EIF4A2,D0JA2,-0.5008747345009184,21.811475239479226,-1653.6863606666661,-1580.5468750000005,0.036397669673248575,0.051506026151444693,1.1234224140862055,0,-0.1234876084481144,0.18840738453413497
EIF4A2,COPS8,-0.6173077460241164,11.19394270268353,-448.40643320000004,-422.1708986,0.08161556504058423,0.12520100123728375,1.4014928341687642,0,-0.12406205106062292,0.1945381509883827
EIF4A2,VIM,-0.3299489251583609,63.134886372745456,-4198.093100000002,-2935.0605499999983,0.0989754331118445,0.12441060251889262,7.854649253595086,0,-0.1240784868664837,0.22089336104970766
EIF4A2,ZRANB2,-0.27488260794888847,6.505425931643172,-3820.0979833333295,-3745.6972700000006,0.13963054759252874,0.16894043419344734,1.0990294815051092,0,-0.12430953445894816,0.18145245467060128
EIF4A2,BUB3,-0.6003647819379561,11.738394901407112,-616.0935059999997,-627.9488529999999,0.06003095205089498,0.09101429788083015,1.0683617701994848,0,-0.12445782973860675,0.19879120119700425
EIF4A2,DDX23,-0.6024355858980552,8.929947325901614,-612.0191245333333,-579.9550780000002,0.10897852267386686,0.1654621609363238,1.4775683815912273,0,-0.12470860742733363,0.282731946176679
EIF4A2,CCDC22,-0.6083438807393172,15.861459452136188,-595.1715085666667,-577.72937,0.07390744127495198,0.11267421568262248,1.7871775033511639,0,-0.12488661781900423,0.18491787344809374
EIF4A2,PSMB7,-0.49719259942210403,9.661531878280364,-1729.707519999999,-1569.5659180000002,0.02348570173706761,0.03314969654137955,0.3202768498898589,0,-0.12505983135638274,0.2503384368435559
EIF4A2,MORF4L2,-0.5097346666219027,15.371424171999404,-1513.4026689999996,-1610.9348139999997,0.07396460256406823,0.10531143629361935,1.6187867574317156,0,-0.1251140072209223,0.2427598517048422
EIF4A2,POLR1C,-0.5890831164129479,9.69237420285186,-977.5425213000005,-547.1992190000001,0.25388946061106166,0.3819292271203722,3.7018009882566445,0,-0.12541189931138583,0.25640552509645326
EIF4A2,SRP68,-0.596307434944785,6.461069629723006,-743.561360666667,-750.4936520000001,0.053819475201003254,0.08136777662386685,0.5257228703825517,0,-0.12715073975222754,0.2134526282902887
EIF4A2,TNPO1,-0.574613216953012,7.966698050730833,-916.5218916666663,-1078.0787360000002,0.03038517938014461,0.045252657299893764,0.36051425670145404,0,-0.12780813761478022,0.17487035530481534
EIF4A2,COPS6,-0.5912790276277015,37.94533867233848,-924.8476560000001,-1099.190429,0.11409899115810258,0.17190205586096657,6.522881728115625,0,-0.12785049630778894,0.19323033238296322
EIF4A2,CAPZA1,-0.49070561899142695,15.149939435830944,-1771.9464516666667,-1960.0698240000002,0.05378130837705016,0.0755708968352642,1.1448945101656811,0,-0.1278536570534428,0.16106696814027097
EIF4A2,ESYT1,-0.6094518462865776,14.67540347636898,-764.9299316666668,-658.944336,0.059694188158596936,0.09107558359579715,1.3365709361140952,0,-0.12820629049500273,0.18735566154599304
EIF4A2,SSR4,-0.6157578973776978,2.5829785463456227,-688.3299556666666,-483.440918,0.10317119744909731,0.1580981264648525,0.4083640688761511,0,-0.12837032224037415,0.2619046995741571
EIF4A2,NKRF,-0.6282228589151913,9.968308751818109,-460.0062050333336,-556.245239,0.09495154991289365,0.14676506642465026,1.4629994961020072,0,-0.12840399550290504,0.5064814024324495
EIF4A2,EIF2B5,-0.6012064188957663,8.388468439893405,-783.0778813333334,-774.311158,0.09194786313807715,0.13948560633492327,1.1700706065598994,0,-0.12873616455936043,0.24359979704068535
EIF4A2,RPS14,-0.3342368088103257,106.50403442790603,-4150.682946666666,-3821.4013699999996,0.09419975570454488,0.11876010060902581,12.648429843925268,0,-0.12887047654834535,0.3499792788508414
EIF4A2,ABCF1,-0.5961414397555468,3.633509036566398,-764.620035666667,-859.9074700000001,0.020634137929056467,0.031192440075593752,0.11333801288722575,0,-0.12901211649246985,0.2283647463530653
EIF4A2,PSMD13,-0.5293099230961102,6.77308561196216,-1671.3508300000003,-1306.2233880000003,0.06339830939476085,0.09150021378413847,0.61973878147281,0,-0.12903468992919392,0.17710609136382557
EIF4A2,CCNT1,-0.6173242021714923,4.162544638592434,-591.9126179,-646.433594,0.12251118456265808,0.18793839049475966,0.7823019397396531,0,-0.12928756998955018,0.9524740093786495
EIF4A2,CRIPT,-0.4627412288908958,13.753502213893652,-2167.367187666665,-2254.3330079999996,0.01033944513787091,0.014249584747086345,0.19598169536611726,0,-0.12966584019350477,0.13748963826651306
EIF4A2,CLSPN,-0.6461187685333883,4.1732872078326135,-376.9695028333333,-399.3775027999999,0.05605363490163471,0.08772264280506863,0.36609178305566253,0,-0.13048841762755847,0.2274301413292214
EIF4A2,LSM8,-0.6378635378400835,16.223380503511102,-569.1683958333333,-515.79602,0.15347182102453613,0.23880942453728435,3.874296162092885,0,-0.13053766402453384,1.1213520565247674
EIF4A2,CBR1,-0.6440018402518193,5.73703613657916,-395.99570716666665,-444.72735549999993,0.07069948176117923,0.1104808197877984,0.6338324555214894,0,-0.1305392941073031,0.2346431614801776
EIF4A2,REEP5,-0.6666922326844752,3.581978345117546,-182.50080360000004,-201.87536619999997,0.08439894345718234,0.13397947265145546,0.47991156972778193,0,-0.1307118000602492,0.3097271120323117
EIF4A2,KLC2,-0.6267473624379474,7.866626458052557,-681.4375816666663,-576.060547,0.0599444164687474,0.09256039485232995,0.7281380511131305,0,-0.1311456636313469,0.19962573828967423
EIF4A2,PSMD6,-0.501880824756458,14.614339245289242,-1849.7957356666666,-2116.257813,0.03878559056096686,0.0549234413290574,0.8026698041015848,0,-0.13318333546460867,0.15883871793091792
EIF4A2,RPL32,-0.6217892579404312,6.005274338308589,-736.9356283333334,-784.5029300000001,0.03184377058902153,0.0490013885749447,0.29426678135060313,0,-0.1333316369834626,0.40031486186927645
EIF4A2,PSMG1,-0.6594813193004981,8.943879304905954,-466.1080117666668,-350.60845990000007,0.06736903794305082,0.10641206326682479,0.9517366504444972,0,-0.1333438896593185,0.2041465328882971
EIF4A2,SEC23IP,-0.6071196382760884,1.9529854862669154,-544.4601238333335,-1225.6754153,0.5569977766009916,0.8484403197166572,1.656991630370293,0,-0.13343891717071807,0.5455510773857912
EIF4A2,QPCT,-0.4559138881092458,46.41756371501849,-2724.334311333335,-2543.421875000001,0.03127403922289354,0.042897668550680786,1.9912052631769699,0,-0.1334478226998986,0.13488632161046865
EIF4A2,PPP1CA,-0.6667751384424364,6.359305834681876,-358.94331866666664,-305.5442505,0.1815767281739822,0.2882613378430527,1.8331420076585283,0,-0.1335948951648884,0.2576357391265966
EIF4A2,RER1,-0.6672842362319085,6.782646782664315,-378.0884298333333,-286.22412109999993,0.10882806319326066,0.17283049263901315,1.1722481848442912,0,-0.1336502035084997,0.31407159520490174
EIF4A2,D0JC8,-0.57882470371703,13.810618459146081,-1232.1552736666663,-1269.915527,0.0177231627448442,0.026472277717997546,0.3655985273078184,0,-0.13384513207100276,0.21446508363061695
EIF4A2,COPS7B,-0.6683463622402155,6.147612426581148,-448.4577178999999,-211.3782349999999,0.3103883886625587,0.4932926799578571,3.032572209250439,0,-0.13392395274981295,0.3594186413764254
EIF4A2,YWHAQ,-0.6768010093902014,4.940080933186871,-251.54167683333327,-238.20800780000002,0.05872797185269061,0.09388351700230159,0.4637921722835955,0,-0.1340475482644743,0.2652337778967481
EIF4A2,AKAP12,-0.6675965075398809,6.547064836974068,-358.8597616666666,-402.0656739,0.13675206109834537,0.21722377307416726,1.4221781264487148,0,-0.13487528732048357,0.2998512511750527
EIF4A2,TRIR,-0.5842991232385514,5.012045017305196,-1234.902099333333,-1259.6992180000002,0.04022278299975845,0.06030734231781587,0.30226311457092786,0,-0.13620572268510064,0.1894072049900814
EIF4A2,KRT1,-0.26684460045494285,25.906526254579873,-4591.90755,-4509.6875,0.01724834411106961,0.020752998859177543,0.5376381098065492,0,-0.13762174275104622,0.18948668000368452
EIF4A2,NUCKS1,-0.47986682478263426,6.306022834140849,-2038.079264666665,-2648.2207040000003,0.05669194986148799,0.07906454196322713,0.4985828069909976,0,-0.13765649867004526,0.17453968433315392
EIF4A2,MBD3,-0.6612138560161198,3.1222656975628174,-527.0685630333334,-563.935059,0.13756153117612333,0.21754498370307976,0.679233240292988,0,-0.1377134146466456,0.26449937096191345
EIF4A2,CNBP,-0.3794787474097757,16.07531718541487,-3657.6839200000013,-3134.8261700000003,0.04490985634444879,0.05842272384012369,0.9391638165658875,0,-0.13784658324434318,0.15850484912100737
EIF4A2,PSMA4,-0.404145110697261,23.3447540411486,-2949.2864563333333,-3476.0693330000013,0.056747933494426535,0.07509579150514313,1.7530927822129427,0,-0.13823679937605943,0.1997300042657368
EIF4A2,PDIA4,-0.6392486585866227,5.135730911781882,-887.7361246666667,-704.7365729999999,0.10802140435598656,0.16824788142943028,0.8640758454989379,0,-0.1382430933199772,0.22606121970381896
EIF4A2,RELCH,-0.7020895107482382,2.777907991434118,-202.2445983666666,-176.38967889999998,0.13996499011404984,0.22770705454088294,0.6325492465150433,0,-0.13881196477638794,0.27916567185641894
EIF4A2,CAP1,-0.5853794747499904,21.61274147975515,-1555.5121256666657,-1386.44043,0.05733353016385953,0.08602644578921749,1.8592673332645286,0,-0.13936362736420532,0.17107555841110367
EIF4A2,PSME1,-0.6712798025202804,18.802535158201014,-618.0158486666669,-635.7204590000001,0.04871775497041062,0.07758353055550231,1.4587670609671948,0,-0.13974886794204616,0.24277141796284338
EIF4A2,COPS4,-0.6555233844073116,5.227829197684271,-742.4759116666667,-729.0742190000001,0.022882586871734747,0.036044928001261536,0.18843672703342237,0,-0.1405378623295163,0.24074989120741086
EIF4A2,CSRP1,-0.7161801148759032,3.948275357940805,-157.40687809666665,-178.25091550000002,0.296568623347979,0.48721879446463023,1.9236739601103257,0,-0.1413628387903297,0.41468055196903636
EIF4A2,MTA2,-0.6448752756676427,13.833689020884915,-914.0944416666669,-961.7414550000001,0.0747850054586367,0.11693596980952349,1.617655841700535,0,-0.14162353378534784,0.22815037170617375
EIF4A2,COPS7A,-0.6792596196576938,18.95638298804286,-633.4317016666664,-633.7659299999999,0.035985658841325645,0.05762539737136717,1.0923691024097943,0,-0.14169997547724605,0.22778032014222618
EIF4A2,GART,-0.5859982022216548,16.633852924340772,-1640.1061196666665,-1441.6684570000002,0.028365608402089598,0.04257960795470286,0.7082629362946178,0,-0.1418033158691413,0.17277077566516574
EIF4A2,DHCR24,-0.6673530433131588,18.29747044855853,-745.9611,-793.868774,0.03364704159577975,0.05343761492891356,0.977773180003246,0,-0.14223865226694218,0.21035527644100727
EIF4A2,TRAPPC11,-0.71112333983536,4.051394136610108,-230.79360959999997,-295.73348999999996,0.023714025253684476,0.038822352065427654,0.15728464952728693,0,-0.1424095510318831,0.23476261067946103
EIF4A2,ZNRD2,-0.6795702943093492,7.454083273700148,-602.9083452999998,-595.0449827999998,0.12402813691410983,0.19865441374395842,1.4807865427355493,0,-0.142538701510193,0.22615430823595065
EIF4A2,ESYT2,-0.685591755498221,5.038666595348321,-518.7788692666669,-547.6530147000001,0.07088428640389062,0.11400939469992584,0.5744553286303983,0,-0.14271635019610324,0.21937217786036078
EIF4A2,PDIA6,-0.4087337834061168,21.892862921661685,-3625.663738999998,-3163.467779999999,0.10990179619609965,0.14589878823523994,3.194142171270655,0,-0.14367401992088177,0.13962998633143678
EIF4A2,DYNLL1,-0.7243144752557252,4.843917748198441,-244.78358459999993,-267.50918579999995,0.24851813035203685,0.4105874173995148,1.9888516783284713,0,-0.14513844721918523,0.2864340649187301
EIF4A2,GAPVD1,-0.6792699920036639,23.019727018084225,-798.6593019999998,-820.4106450000002,0.06797982980699553,0.1088598346310513,2.5059236764405926,0,-0.14522413491398456,0.2762734395058361
EIF4A2,CCNB1,-0.6905526390803504,0.6240807504958875,-394.21559649999995,-741.2518921,0.542937163652906,1.414213562373095,1.7651669227345275,0,-0.14525431971314867,0.6526775219450123
EIF4A2,MAGED2,-0.6212390565076152,12.73145922801798,-1362.5410969999998,-1286.315185,0.08889290104112059,0.13673678064326558,1.740858747730174,0,-0.14534573628532357,0.22591031095785835
EIF4A2,SF3B4,-0.6869657407563454,4.505985007221785,-660.1659545333334,-611.70166,0.059101540687437684,0.09514875020420972,0.4287388418760597,0,-0.1454800919563097,0.24036978490075217
EIF4A2,SNRPD1,-0.6350145138637996,18.855628919788447,-1241.5379233333333,-1224.8771980000001,0.06611025899567538,0.10266774408029129,1.9358648844097794,0,-0.14553326677571002,0.3182905414600371
EIF4A2,PSMD3,-0.5548496660644998,27.66501300543097,-2078.4510090000003,-2090.787598,0.021675635947094866,0.03184231400228368,0.8809180309961947,0,-0.14580811198716376,0.15714559525763028
EIF4A2,TAGLN2,-0.5890534510129509,10.136878116425946,-1547.0964356666655,-1749.3461909999996,0.0895146336064963,0.13465526197137206,1.3649839783392044,0,-0.14588041967353876,0.19996160873084995
EIF4A2,COPE,-0.5544531424855891,50.69029367610325,-2182.410482000001,-2306.833985,0.06056348256810299,0.08894555422421782,4.508676264809368,0,-0.14628361002737422,0.17228578074097145
EIF4A2,TIMM44,-0.44979669840027275,10.005058575686144,-3203.8369153333315,-2928.471678,0.12276756047135115,0.16768408909971494,1.6776891336532223,0,-0.1470394943185648,0.1590235183387706
EIF4A2,HMGB1,-0.3439385725427048,58.689987024921166,-3917.151039999999,-4921.37695,0.07123605990606058,0.09041515468403925,5.3064642552625045,0,-0.14766982848116228,0.11228726158590968
EIF4A2,ELOB,-0.6791560147797269,5.870494949541357,-916.8909099999998,-753.3366699999999,0.10173798093575774,0.16290574513093167,0.9563373540424059,0,-0.1481283541107512,0.23138592236572425
EIF4A2,ATP5F1C,-0.7061619506562161,4.97831588332467,-653.3832192999998,-482.8787849999999,0.04053115332181579,0.06612595788645112,0.3291959064461778,0,-0.14821214260052945,0.3108701944715407
EIF4A2,FKBP3,-0.49212375544760895,19.278343574428227,-2758.6539716666675,-2763.666016,0.027853849640889945,0.03917737623447787,0.7552749193929035,0,-0.14834820200645768,0.15600404491279962
EIF4A2,COG5,-0.712808130072702,13.336802182631356,-539.0185956000001,-579.5719604999999,0.10796496139512013,0.17695652459475433,2.360034163446179,0,-0.14838343524223307,0.26680799876426436
EIF4A2,KP04,-0.7517244658327528,5.9213892101165815,-187.41860966666673,-118.1317444,0.20609106911367467,0.3470228702964708,2.054857479837208,0,-0.1488342026605003,1.0191919961754243
EIF4A2,CDK12,-0.7346543968245585,6.842972643324596,-359.2701618333333,-306.07196049999993,0.09274107362598155,0.15432360356849772,1.0560321974384999,0,-0.14899073488091424,0.28067234491244225
EIF4A2,HSD17B4,-0.6818935916070522,5.71571877614128,-917.1977946666666,-781.0642089999999,0.07895957782038579,0.12667246146211522,0.7240241663990447,0,-0.14909795725871386,0.21528321802252193
EIF4A2,HMGB3,-0.5243551132886038,2.7953117308073274,-1962.4332679999998,-2802.154053,0.13163972361867582,0.18933888957056552,0.529261219114635,0,-0.14917447215391333,0.24602444314429073
EIF4A2,WDR83,-0.639416878762816,7.965825583430249,-1256.495605666666,-1313.676026,0.03292892442841935,0.05129416573390938,0.40860037768388663,0,-0.14922547283668644,0.21162118292459312
EIF4A2,GBF1,-0.7346720358832701,13.285319792081374,-428.5586344999999,-361.06988549999994,0.08419328853997154,0.14010157568773796,1.8612942363860916,0,-0.14955469653605707,0.25830292453834863
EIF4A2,NOC2L,-0.7517264879944374,2.8919975870172547,-161.9649098666667,-175.0611115,0.03877028669239222,0.06528276594675284,0.18879760159182143,0,-0.14961447942339864,0.3711838449289649
EIF4A2,DDX46,-0.18596050839549896,23.40666327257364,-5251.126303333331,-6446.191409999999,0.06992925024279992,0.07955060802136873,1.8620142950846734,0,-0.1496448501417676,0.08934104367910152
EIF4A2,FRG1,-0.29127726711161944,12.158691772189234,-4486.152343333335,-5050.757819999999,0.03532212040471616,0.043225027242113724,0.5255597830813437,0,-0.1501159178618786,0.09917302669425168
EIF4A2,NEK9,-0.7310142653703771,3.1380605262378047,-514.7952675333335,-319.1418454000001,0.12524952807933093,0.2078933166314445,0.6523818105897933,0,-0.15061808980843774,0.2762071272314962
EIF4A2,ACAP2,-0.6906802915711916,5.47782530328467,-896.5514726666668,-763.2022699999998,0.039004764067008764,0.0629564382942522,0.34486437069293463,0,-0.15068460390568036,0.21186371260673492
EIF4A2,CAPZB,-0.6618305490651468,6.63372754120811,-1284.5638023333331,-975.4179690000001,0.0660831364094352,0.1045510419651982,0.6935631265465402,0,-0.150909064857114,0.21384581255269783
EIF4A2,NCAPD3,-0.7272194043398369,7.4745692013791825,-411.1174216999999,-578.9195562000001,0.2224624031306928,0.3682804524590292,2.75273772742025,0,-0.15097766104078636,0.3277497995693982
EIF4A2,SND1,-0.6883446319980857,36.029945618696146,-1048.360229333333,-1051.734253,0.02715565646727726,0.0437602390742237,1.5766790341054222,0,-0.15108556502163742,0.20161353871953475
EIF4A2,KHDRBS1,-0.41932304481320376,4.237867846431739,-4198.132486666667,-2886.8242200000004,0.03799514203712403,0.05081157941095198,0.2153327586120864,0,-0.15190488039348882,0.3605711153021829
EIF4A2,DCD,-0.7009920551018248,7.049884925636725,-803.6010746666666,-791.6468510000002,0.07062869638887265,0.11481744695406598,0.8094497884815641,0,-0.15207250690663704,0.22426862081138987
EIF4A2,CAPZA2,-0.6964181125590428,7.357671473354341,-816.9069010000005,-902.4746090000001,0.11394744051509932,0.18465214357275128,1.3586098092589622,0,-0.152429175959707,0.22125909242853925
EIF4A2,PSMA6,-0.5751587438048841,14.756223153435702,-2068.091145666667,-2169.8608400000003,0.059469339243268596,0.08860120279357672,1.3074191200848289,0,-0.15299130567259644,0.25243374424723686
EIF4A2,SPAG9,-0.680420939364683,8.711299734580724,-1017.8401686666666,-1083.993774,0.05658041432021507,0.0906776373503041,0.7899200781821113,0,-0.15303275871266403,0.39441209514741654
EIF4A2,TRIM28,-0.49611370784422754,5.325282241126477,-3267.2802723333343,-2458.1416010000003,0.010697395127795785,0.015087916442262771,0.08034741348558211,0,-0.1534979944145617,0.18216798479167257
EIF4A2,COPB2,-0.5119196147049482,10.648935269130321,-2604.0937503333325,-2918.1865239999997,0.06343870722557937,0.0904614774348738,0.9633184175538644,0,-0.1540382478718447,0.17045670400242707
EIF4A2,TMCO1,-0.7530004262388518,10.74260527592526,-372.69743856666673,-414.62573239999995,0.16750043725775574,0.28229226564711296,3.032554382293571,0,-0.15404954191852605,0.3768447637895478
EIF4A2,D0JC7,-0.7495567705470453,9.127839709182245,-440.18833413333334,-453.1547849,0.06412583764216381,0.10781505884185245,0.9841185753444811,0,-0.15471364653268285,0.2528905738750074
EIF4A2,PTS,-0.3971205125036842,54.22901518179789,-4201.95313,-4205.126959999998,0.04478590971930581,0.0589783075229874,3.1983355340608286,0,-0.15536743063865177,0.11813423948864724
EIF4A2,DDB1,-0.6023592718606327,10.474251080341917,-1861.717203666667,-2044.6303710000002,0.013541089210369011,0.02055835692323336,0.21533339221323175,0,-0.15592806680442708,0.23551186316642322
EIF4A2,NRBP1,-0.7747567282244425,5.183813560208834,-245.8543192666665,-227.49032589999996,0.03481524695084293,0.05956647837991883,0.3087815183597096,0,-0.15612268013371297,0.23163918360212601
EIF4A2,UQCC1,-0.7898996050289879,1.327794052505631,-198.00523886666673,53.398712099999955,0.4110883395873568,0.7107651767215869,0.9437497743790368,0,-0.1562834923937527,0.5867743952803599
EIF4A2,RAB8A,-0.7098578637235873,4.7792347581641215,-814.3383789999996,-955.0263669999997,0.03466590448391943,0.05670197018112177,0.2709920267460027,0,-0.15642069318857796,0.2204716022066931
EIF4A2,PPP1CB,-0.5252236333577498,1.2301507211254703,-1496.1929526666663,-3926.757202,0.571754304536845,0.8228558503470056,1.012236717686681,0,-0.15724379924960433,0.5851186995633387
EIF4A2,RAVER1,-0.7708751416295568,9.436188551195391,-384.0981852,-407.7298584,0.10864817637733482,0.18539003746994506,1.7493753490795803,0,-0.15834869951591377,0.2809431190090134
EIF4A2,ARHGAP42,-0.7541311316884061,7.51096914305998,-545.3703205333334,-559.3768315,0.10878703546129621,0.18348499663749196,1.3781501479586662,0,-0.15842461834528182,0.6487525270842699
EIF4A2,MRPL57,-0.8025606739979501,0.6747185653223529,-70.89436340000002,-11.210098299999999,0.40541585631407406,0.7071363161105121,0.4771180006934185,0,-0.15853456602373306,0.7501927737858405
EIF4A2,ORC6,-0.7140312490028838,9.582668004533804,-998.0152996666668,-962.908813,0.046817527065398636,0.07679985819885068,0.7359475439148596,0,-0.15893051043115455,0.22072256525000697
EIF4A2,NCAPG2,-0.7782434055575179,16.068826548891984,-429.8802896666665,-412.18432629999995,0.13828614363643993,0.23717052944971492,3.811052100236347,0,-0.15970164104922382,0.24787283035121213
EIF4A2,COPB1,-0.5049770949776937,31.290918702236823,-2975.5634753333316,-3482.6982399999997,0.0730208433942032,0.10362540969532845,3.2425342702625057,0,-0.16048607592513078,0.18341126048310818
EIF4A2,PSMB2,-0.5280733656186687,17.693374394156784,-3219.024899666666,-2675.3642549999995,0.13431885434125257,0.1936908764857441,3.4270451943946494,0,-0.16104733638899035,0.1943561188558905
EIF4A2,CDAN1,-0.8008142835582128,1.590613941598411,-157.87561546666663,-221.12376410000002,0.08284790473975766,0.14433053303518908,0.22957415804410178,0,-0.16145365363301523,0.5149909359244431
EIF4A2,VARS1,-0.6664944571600552,13.214038147662091,-1380.3855793333332,-1777.3596189999998,0.11629202226450512,0.18458297420534206,2.4390864625583175,0,-0.16148609076765733,0.2579301762558945
EIF4A2,TXL0,-0.7840255082442219,6.411699166828275,-416.31903066666666,-369.3273315,0.02805536285160168,0.04831016976630213,0.3097502752399319,0,-0.16168213489991523,0.24123324311706548
EIF4A2,EIF4ENIF1,-0.7634166235562764,7.041094020223367,-678.0151365666665,-577.2828984,0.03256147125638568,0.05527422918394808,0.3891910445795527,0,-0.1623442257940663,0.24556908243830566
EIF4A2,EXOSC8,-0.6739228419961619,11.018282530403983,-1618.4290363333325,-1526.7153319999998,0.017773967435416278,0.02835713163108759,0.3124468880631786,0,-0.16332121908130112,0.19480503247147038
EIF4A2,PSMA3,-0.6282857319772505,12.380799734013108,-2050.806722,-2056.1757809999995,0.008681568683695056,0.013419544342717062,0.1661446910288885,0,-0.16389031244369726,0.24848360293757596
EIF4A2,UGP2,-0.7996146947192625,17.22957851782741,-416.9268187000001,-396.4180298,0.055649849910331256,0.09686782867774987,1.668991860054745,0,-0.1640753675150171,0.2732843024274907
EIF4A2,SLFN11,-0.796256473516234,3.104126049783197,-416.25889096666674,-310.90368649999994,0.024581145851580742,0.042688092447519796,0.13250921978189956,0,-0.16423929790812966,0.28035295216203804
EIF4A2,ACTR3,-0.8024960446059319,10.066941333790526,-324.78784179999997,-404.9086914,0.18386122106894404,0.3206809012974269,3.2282758202282666,0,-0.16474212243191202,0.33964810796990985
EIF4A2,CFAP20,-0.7388166195569598,8.910078922689575,-1014.0557453333333,-972.535766,0.059621854814475024,0.09949899497648557,0.8865438979687799,0,-0.1649616548831612,0.225164275791841
EIF4A2,ADRM1,-0.6806777726018138,16.052148413200367,-1620.7719723333335,-1600.1723630000001,0.026801766254909792,0.04296104171452229,0.6896170175872036,0,-0.16505115619004745,0.20380322934028153
EIF4A2,ASNS,-0.7369673046832321,9.716652717983337,-1137.5343016666668,-987.505615,0.04586772562754942,0.07644757414473699,0.7428145290966913,0,-0.16603221259919343,0.3733184948511232
EIF4A2,R0SEL,-0.7817533164400872,0.832069783706923,-490.7454833666667,-718.1052856,0.4784535334109303,1.414213562373095,2.353448745918356,0,-0.16683446613749525,0.5824929599613914
EIF4A2,BCKDK,-0.7891560737577838,6.352661540191607,-598.5919393999999,-569.2257687,0.0530503897500172,0.09167601633741157,0.582386703144652,0,-0.16728554826705205,0.33255292098726863
EIF4A2,LUC7L,-0.6019007852622427,55.92076491715397,-2925.6931969999996,-2550.6748050000006,0.07053555692385931,0.10705448877706615,5.986568900228414,0,-0.1677954881646802,0.27682997375565266
EIF4A2,RUVBL1,-0.6172358509135429,14.193158938389997,-2413.924316333334,-2349.6298830000005,0.1229132617222109,0.18854365029118308,2.6760299954069833,0,-0.16873188143430307,0.2206171895138008
EIF4A2,MLF2,-0.7640842347247548,4.189197683289914,-883.3447469999999,-887.830688,0.12819475583313808,0.21771578063089655,0.9120544438346068,0,-0.1688635655251388,0.27464067701529915
EIF4A2,ATP6V1B2,-0.7550934920060939,5.63844365318793,-953.1826579999997,-1058.290772,0.09189686760214483,0.1551007253023307,0.874526700185771,0,-0.16940468093684327,0.23298976730610457
EIF4A2,HSPBP1,-0.7827720169893571,24.895953827442693,-871.4978430000001,-838.8728019999999,0.046935661327699295,0.08075106711464008,2.010374838402806,0,-0.16958564650497246,0.24115055341472927
EIF4A2,ELOC,-0.7942804409565437,1.7771674865914282,-455.8998617333333,-788.1104124,0.2387792152836205,0.4141010101975313,0.7359268514877181,0,-0.16996646478449176,0.436305319056158
EIF4A2,PSMC3,-0.6558913688117418,10.176843689708745,-2265.5187176666655,-1825.9208989999997,0.056060439419959834,0.08832961067724025,0.8989166410351026,0,-0.1702864730102489,0.20468397778165243
EIF4A2,VPS33A,-0.8279654728061828,1.0994413330658772,-440.39207953333334,-239.89688109999997,0.26889556254083713,0.4773465494714198,0.5248145266852544,0,-0.17118631655794173,0.49050653515436043
EIF4A2,GTF2F2,-0.8005799590156568,6.4264245344994695,-689.1519773666666,-650.0995480999999,0.02672110365296294,0.04654366069584882,0.29910932302122145,0,-0.1718617048683037,0.34883688720749634
EIF4A2,E0H,-0.7623565588929008,10.21511621896003,-1087.119425333333,-1069.10437,0.03691295759111459,0.06261500248793947,0.6396195274647731,0,-0.17210759120591412,0.24171871956140262
EIF4A2,SGPL1,-0.7406912196553972,3.7961392571321237,-1114.9652909999998,-1473.467529,0.09096457938925123,0.15200219077490096,0.5770214835706878,0,-0.17306620247958987,0.2580429895230578
EIF4A2,UBAP2L,-0.4510732427186676,37.48948516730285,-4289.087236666666,-4424.60742,0.07740759871364386,0.10582203493543739,3.9672136090858845,0,-0.17348891006825312,0.14119357329022744
EIF4A2,RPS3,-0.20423796090081883,22.1813321373857,-6870.5885433333315,-6568.925779999998,0.056358716387618496,0.06493036572691031,1.4402420079905227,0,-0.174124889512148,0.3201443921185592
EIF4A2,TFIP11,-0.7554602210605856,5.244428477708439,-1115.608439333333,-1295.139893,0.052948349014651855,0.08938732517617463,0.4687854337001148,0,-0.17416864128909765,0.25754795204965564
EIF4A2,CDK4,-0.8567114682021145,5.6388066838355115,-241.04398599999996,-191.54403680000001,0.1566289167062069,0.28364534363793614,1.5994212595444148,0,-0.1742439181393269,0.2716988116537345
EIF4A2,TSPAN3,-0.8091699711024823,4.77563377770466,-702.8280436000001,-668.4412232,0.03934416910984764,0.0689401812338928,0.3292330581416594,0,-0.17441347982432442,0.24372805764211933
EIF4A2,MRPS28,-0.8329689482991542,4.212621808139077,-586.6616821999999,-313.06066870000006,0.2848143877717573,0.5073624241587109,2.137326012641294,0,-0.17444077148880394,0.37099137822232786
EIF4A2,UBE2O,-0.7209572592932408,16.01376745259061,-2265.481607866666,-1013.6704100000006,0.34852323645462946,0.5744717242566393,9.199456600334576,0,-0.17487552556816297,0.32012181841744414
EIF4A2,RTN4,-0.7557574474851924,11.89204255847033,-1309.481323333333,-1244.2313229999997,0.047504522546725506,0.08021358962799295,0.9539034216237664,0,-0.17498003534918266,0.21954721835853994
EIF4A2,CAMSAP3,-0.8428391600666512,74.15743757200005,-880.2077232333331,-756.303467,0.10452824488668876,0.18748275057989555,13.90324037195546,0,-0.1756766931891836,0.29879466252405773
EIF4A2,HM13,-0.8180822141624371,5.148436328121303,-597.0229290666667,-756.0050662,0.12167975649516762,0.21453258917959656,1.104507375698158,0,-0.17618387289879942,0.3789727906318986
EIF4A2,NME1,-0.7377484262943271,9.504038927411893,-1524.8149416666665,-1462.805664,0.032673626369377574,0.05448650939190695,0.5178419062794773,0,-0.17623296165945876,0.22580249084275425
EIF4A2,APP,-0.7654409242608696,9.265658236404661,-1313.3718263333337,-1197.332886,0.017189360133831127,0.029220508630894072,0.2707472464677772,0,-0.1770437172249136,0.24304009582695432
EIF4A2,PPP2R2A,-0.8199698845627013,7.566825314907781,-745.8277386000001,-747.8773198000001,0.0016506469727834067,0.0029140526724237958,0.02205012753067105,0,-0.17790992888619153,0.2864771867202581
EIF4A2,LSM7,-0.8049557057065769,3.722402598375344,-996.629028333333,-926.6566159999998,0.04381690699256327,0.07655351174710476,0.2849629910421802,0,-0.1799918127063,0.9023833396246697
EIF4A2,PRPF31,-0.5580991530361801,14.923771869251379,-3641.1863583333343,-3300.2993149999993,0.006424003033275046,0.009458379106842434,0.1411546920434101,0,-0.18039409922174507,0.30274856337859507
EIF4A2,KHSRP,-0.7988776989698484,21.736457841389424,-1157.1203206666667,-1162.167236,0.06674459851979252,0.11612074968179266,2.5240537799688205,0,-0.1807377253877901,0.24019931989101015
EIF4A2,GAPDH,-0.581664040062195,9.074465130622814,-3109.894531,-3347.5068359999996,0.05680675817800806,0.0850168146140116,0.7714821197314723,0,-0.1809607154464472,0.21730557161250405
EIF4A2,HSPD1,-0.5901432239462042,28.061196677748793,-3359.8320289999983,-3162.59277,0.04283902703696983,0.06449067886556063,1.8096856235280345,0,-0.1810434777574872,0.17013040864045814
EIF4A2,RAD51AP1,-0.8712208440337396,17.168429841070285,-461.6086427,-440.92248559999996,0.04486229148998057,0.08206406089270642,1.4089110719097497,0,-0.18141720207245846,0.3036287623663335
EIF4A2,COPG2,-0.7028012617089379,7.548085068528666,-2207.8284506666664,-1947.3103029999997,0.06948702381342865,0.11310323856279543,0.8537128661980717,0,-0.1820653053405278,0.235940522509522
EIF4A2,MRPS26,-0.8439215877207762,4.433518029541351,-653.2234905000001,-756.3598025,0.05965819190514364,0.10708375555977641,0.47475776094526756,0,-0.1828175580647406,0.3330052200239987
EIF4A2,RBM14,-0.4251190473975235,18.868230710042855,-4480.378903333332,-5345.411130000002,0.07502277556651271,0.1007331798677541,1.9006568779010284,0,-0.18301987408416429,0.17111761037701445
EIF4A2,RPS29,-0.15288795656461437,35.96956304045015,-7599.8854166666715,-7817.65625,0.010817366670460654,0.012026804194584701,0.4325988916522646,0,-0.18347706959833415,0.1193659385877571
EIF4A2,TOMM34,-0.862423243604524,24.10063848857705,-653.9503376333336,-693.3385617,0.02856785213013267,0.051939857102455925,1.2517837191746413,0,-0.18362141852989441,0.2468957358728796
EIF4A2,RPS19,-0.21537497716996407,32.045529925558476,-6282.291666666664,-7876.136720000002,0.0771063672059142,0.08952196634651022,2.868778851551932,0,-0.18367883864085538,0.19011230664200338
EIF4A2,TELO2,-0.7994929443075773,12.69525622995608,-1340.5970053333333,-1131.1092529999999,0.06303287314502592,0.10970995070682342,1.3927959351989745,0,-0.18387346955474498,0.25429748729257284
EIF4A2,NUP107,-0.3297320634645883,1.0580910434570407,-14585.470703666666,2948.140630000009,0.44786899232487387,0.5628798414160571,0.5955781187448494,0,-0.18435885355506182,0.7909779610439716
EIF4A2,EEF2,-0.6557875753957443,11.310305676465536,-2901.3232419999995,-2458.662109000001,0.07036673085527134,0.11086282676756189,1.2538924588981704,0,-0.18480292994667788,0.19356084697556977
EIF4A2,C19orf53,-0.29321776599365357,31.230527835325784,-6047.864590000001,-6729.744150000002,0.04378622183011217,0.05365499238063978,1.6756737330477636,0,-0.1854966635116997,0.20976320539753865
EIF4A2,PSMA7,-0.5887728142086438,23.997323900746252,-3708.183593999999,-3192.5019570000004,0.04591486236769473,0.06905547171125209,1.6571465217737367,0,-0.18566181382544836,0.26557032082172144
EIF4A2,PSMB5,-0.7140824625396879,8.154719199875407,-2084.5445153333326,-2177.746827,0.04705485664063149,0.07719191578982638,0.6294783977664629,0,-0.1857987795313298,0.24066315393321147
EIF4A2,PRMT1,-0.5548912844366449,69.83717971197942,-3992.3395149999997,-4306.275388,0.07620832233140917,0.11195608471988709,7.818697208432348,0,-0.18790106037115456,0.23463790471159132
EIF4A2,NUP205,-0.8944310755278079,2.870424507139048,-370.17399083333333,-490.5059509,0.13391029936404128,0.24892736204543758,0.7145272005126986,0,-0.1881707024383399,0.32845202473151613
EIF4A2,PHF10,-0.8927149822597356,1.8167933999196844,-378.15192666666667,-533.0484009,0.410234378217547,1.414213562373095,5.138667732392688,0,-0.18850980781585192,0.7203650349503696
EIF4A2,GPATCH1,-0.7223979197672852,7.614089733908543,-2399.42041,-1964.002441,0.0799249935146217,0.13187218980778956,1.0040866866035292,0,-0.18892657294761409,0.2249528750632327
EIF4A2,ALDH16A1,-0.9029205604126069,3.9421970742733246,-420.21208700000017,-359.91366569999997,0.04654913163195718,0.08704140181549104,0.34313435957767763,0,-0.18902020897330027,0.31229269054445175
EIF4A2,ATP6V1A,-0.849166918313794,13.10115520368351,-998.5699870000001,-975.5657959999999,0.043001266478950834,0.07746647315277644,1.0149002878565059,0,-0.18936559913648324,0.25100301506869743
EIF4A2,ARPC3,-0.8962956561618566,6.17141037210893,-460.8081767333333,-508.0885319,0.09406640104474262,0.17508723702158346,1.080535190578895,0,-0.189396646449266,0.26333625386734977
EIF4A2,LAMP1,-0.9266794765378401,0.1882031392849811,-111.93397013333333,-193.98349,0.3913656157317779,1.4142135623730951,0.5323188641160258,0,-0.18945072581055852,0.9672227435827421
EIF4A2,SDF4,-0.8810930963730355,1.6172168804081752,-562.6000569666667,-756.2892456,0.4168975701055497,1.4142135623730951,4.574180091143899,0,-0.19061491179013174,0.5524655241280146
EIF4A2,FARSB,-0.881097778698809,7.685857723922596,-687.2245482666666,-718.6669312999999,0.03866312237754971,0.07121013078638953,0.5473109337261103,0,-0.19079211638309476,0.27025205915509976
EIF4A2,TAB1,-0.7969264803959897,2.0460224117111503,-1047.9339195333332,-1959.7420659000002,0.39891348018076467,0.6930826587921664,1.4180626530571243,0,-0.19097393239240384,0.5742441784015776
EIF4A2,MTHFD1,-0.7901288268755844,4.840953964745861,-1442.368123333333,-1740.486084,0.02462628354825168,0.04258521684165725,0.2061530743091829,0,-0.1910621000393605,0.24182841371161481
EIF4A2,STEEP1,-0.9139631479638861,4.447696406838571,-401.9951578666666,-377.10211180000005,0.13529875868113414,0.254936675268015,1.1338809345609222,0,-0.1914537075264788,0.34274055176869034
EIF4A2,APOB,-0.7998835006476505,6.755902809075096,-1530.7668459999995,-1556.8334959999997,0.10733034530256239,0.1868611486945917,1.2624157593727912,0,-0.19191241397063236,0.25287178234916013
EIF4A2,PSMC4,-0.6721949797542435,14.601624737898014,-3039.5087890000013,-2700.7724610000005,0.05500548307417565,0.08765238860369473,1.279867285771559,0,-0.1924959809325857,0.19238640563728607
EIF4A2,PRDX3,-0.6467569176641085,70.48773120880772,-3455.0680336666655,-3446.533203,0.00911114915836312,0.014265046385983257,1.0055107553363618,0,-0.19253501223368413,0.18378399588442157
EIF4A2,CSRP2,-0.6910730703466413,8.789221745564785,-2674.9641113333337,-2697.788574,0.038275379167693364,0.06179598181295564,0.5431385871389557,0,-0.19333656039724761,0.2712799801863827
EIF4A2,DCLK1,-0.9407833859843102,1.405106976099336,-307.60549926666664,-160.1912537,0.06232494890610879,0.11963941654700565,0.16810617880665196,0,-0.1943658752098416,0.3902820548492539
EIF4A2,PSMB1,-0.6215166028403176,126.48050534843615,-4056.885092333333,-4163.69043,0.022078558894111106,0.033968200846781975,4.296315208878161,0,-0.19442652367112234,0.2600892424689509
EIF4A2,A2M,-0.6487842939157684,42.14091476446833,-3443.8212889999986,-3317.354003999999,0.0646701270751974,0.10139442031285009,4.272853623996492,0,-0.19523740202107467,0.18822945323428822
EIF4A2,HDGFL2,-0.9093517721771568,24.361233514104043,-745.6321412,-715.4792481999999,0.1077864593614837,0.20244848131240992,4.931894727827347,0,-0.19558575558284358,0.2753591266058247
EIF4A2,YWHAG,-0.8418555393503026,7.266546836440324,-1340.5666299333338,-1421.4565429999998,0.29247525302428434,0.5242285614992145,3.809331395133779,0,-0.19762675825651446,0.33368555332284283
EIF4A2,ATP6V1E1,-0.8923261672428973,7.212806965142764,-806.5627033000001,-973.181152,0.1052852323420258,0.19543055412290367,1.4096028619793894,0,-0.19774610913132026,0.26396330053066874
EIF4A2,PSME3,-0.7433891178080092,11.54168245237574,-2226.8627930000007,-2546.571045,0.05752453109658942,0.0963036573540767,1.1115062321831528,0,-0.1979333006927569,0.9495019233286242
EIF4A2,RIOK1,-0.5310527569943252,15.173611177150056,-4864.120116333335,-4135.11328,0.061089463631931504,0.08827452649589573,1.3394433418957523,0,-0.1980325390500865,0.1608758539655688
EIF4A2,PSMD12,-0.6907644910177482,15.187527407066828,-2914.601888,-2950.1337890000004,0.02020484731771112,0.03261395103665729,0.49532527522196823,0,-0.1980922204062467,0.19782851020218054
EIF4A2,YWHAB,-0.9439140121306623,1.4069305197699087,-465.0621948333332,-269.05523690000007,0.044505295309328514,0.0856182748495645,0.12045896393590069,0,-0.19816238807606643,0.43591004758484125
EIF4A2,ZYX,-0.8024853242173037,9.986578159844143,-1838.965088,-1811.561768,0.058435573127734716,0.10191944174198868,1.0178264709640514,0,-0.19858354518752233,0.28214068696077255
EIF4A2,RUVBL2,-0.6846591392943427,19.56219153605936,-3131.2517903333337,-2993.1577150000003,0.0070207507176154905,0.011284789731705628,0.2207552181757814,0,-0.19910981533944663,0.2103919275560288
EIF4A2,ZNF511,-0.9795805798374427,0.10836028862548264,-121.14590198333332,-54.28961945,0.3636903980245405,1.414213562373095,0.3064891795936411,0,-0.19998952952064666,1.392977458491049
EIF4A2,SHMT2,-0.7418741481030245,8.463585736142221,-2431.420653999999,-2587.610108,0.03434197729187022,0.057432660016880986,0.48608624210757956,0,-0.20085042965450917,0.22181722100727722
EIF4A2,0SP,-0.6949259410628985,12.015156936665994,-2923.826659666667,-3064.0795899999994,0.05055365558528475,0.0818376497792797,0.9832922054259546,0,-0.2009015036563973,0.20349095560304772
EIF4A2,DIABLO,-0.8493872135139722,7.499097012530441,-1346.3430993333336,-1558.313965,0.04372425455164575,0.07878095989468734,0.5907860609905302,0,-0.20096438066941094,0.25997994114173295
EIF4A2,CCT3,-0.21444100622197287,228.91635521439332,-9039.877603333334,-8999.082030000005,0.0082357859012684,0.009555716624446176,2.187459821129804,0,-0.20150932963432583,0.09296332609308611
EIF4A2,SNRPD3,-0.1297207554454471,94.7643237961758,-11710.854133333341,-6507.570300000007,0.09712375764023612,0.10626250914810739,10.069894824305342,0,-0.20251504558486605,0.10425683592278384
EIF4A2,PPM1A,-0.912192852355223,3.7052575052822627,-974.9107869000002,-810.8701169999999,0.07536442795800057,0.14183126960991413,0.5255213762058464,0,-0.20281079108562827,0.31256910707351687
EIF4A2,HSPH1,-0.9059604262651502,74.08940681729571,-1408.6987299999996,-1441.5787349999998,0.05106716627539886,0.09569101484713463,7.089690527769241,0,-0.2041182593158742,0.4316474093117629
EIF4A2,ATP5IF1,-0.9416249245829335,1.1615254891747673,-655.5262554000001,-639.3209232,0.1684472341287869,0.3235411857715007,0.3758013340714266,0,-0.20417387480098836,0.508140070466148
EIF4A2,SNRPB,-0.1532234700939386,71.58464537389774,-8372.484376666689,-9326.882819999999,0.011212213220002685,0.012468696048126877,0.8925671848800827,0,-0.20513858840497615,0.11777665685608517
EIF4A2,EXOSC6,-0.858789681130616,42.00557337513106,-1887.8790693333326,-1626.1645510000003,0.08124937933685515,0.1473497428100331,6.189510433413536,0,-0.20544371816587248,0.24122227685692776
EIF4A2,PSMC1,-0.8088820226771591,11.867468863600196,-2156.0749509999996,-2129.9760739999997,0.010625644630090697,0.018614897409744275,0.2209117154092521,0,-0.2071448673974068,0.2787109296810835
EIF4A2,IGKV2-30,-0.7129142402655251,0.9123428345011282,-7494.336265,1388.01757,0.05299489428501643,0.0868659791646533,0.07925155365279575,0,-0.2077054776171022,0.65627815383059
EIF4A2,KRT2,-0.8268647364901612,13.647086812260016,-1955.9239093333335,-2068.067382,0.05177500168234388,0.09184148841028035,1.253368765302268,0,-0.20796250237293046,0.25013001008373564
EIF4A2,HMGN1,-0.9742676625388357,0.7270376284465917,-774.2208149999999,-267.1528319,0.28239750859928486,0.5548213740418124,0.40337601599483863,0,-0.20871800276310437,0.7977851157321333
EIF4A2,HSP90AB2P,-0.9570307183252972,0.09380991296363934,-1432.9243976666667,0.0,0.37523965185455743,1.4142135623730951,0.2653345023964368,0,-0.2093980920592096,2.2398625751148344
EIF4A2,PAICS,-0.7989380509118884,17.276155051502585,-2384.032796,-2599.115479,0.03461734839879203,0.06022900283685904,1.0405255916069658,0,-0.21222280651522316,0.25273290686022365
EIF4A2,RPS20,-0.39151717124592583,52.91623207329943,-6641.107419999993,-6851.08008,0.08232714325072592,0.10799587188876843,5.714734619824385,0,-0.21318129050764112,0.1972986467088264
EIF4A2,PSMB3,-0.768402679933805,36.95183179451733,-3017.8518883333336,-2967.59375,0.016291833946981096,0.027751702302186723,1.0254762354819233,0,-0.2141910488637696,0.2532572447512521
EIF4A2,TFG,-0.8244887966809047,14.486421548638818,-2297.0507000000002,-2389.275879,0.036450691119308314,0.06455194271216526,0.9351266539120093,0,-0.21497918492754917,0.24475941623200123
EIF4A2,USP11,-1.0113269987859668,4.860450836858994,-478.4416198333334,-425.0191651,0.18199274405761398,0.3668618820919895,1.7831141418256757,0,-0.21500123650623804,0.656966934132343
EIF4A2,EEF1B2,-0.6453876596185874,48.49625079541261,-4240.328937000001,-4394.391602000001,0.030038832883570128,0.04698626159136004,2.278657526073459,0,-0.21530533276088326,0.18354600217721292
EIF4A2,HSP90AB4P,-0.9281038367547114,9.44936141674025,-1351.1676839999998,-1383.355835,0.01902644184576273,0.03620369818444118,0.34210182876736756,0,-0.21664271713122663,0.2596958594722886
EIF4A2,CCDC124,-0.49968260221897415,19.470458801321392,-4703.385578666666,-6586.142575,0.25171680329281665,0.3559080408089223,6.929692845629134,0,-0.21688734662427916,0.22121607121829223
EIF4A2,DHX38,-0.9182726529764237,4.419603496046132,-1229.6688435,-1682.8646242999998,0.24896197486422444,0.47050998104614505,2.079467557156142,0,-0.21716181430732312,0.5681493343359972
EIF4A2,SF3A2,-0.9878632983161676,6.408760649086566,-757.4017537333333,-839.9064937,0.0562348038884728,0.1115296354251782,0.7147667387198531,0,-0.21748885119414318,0.2823560421312862
EIF4A2,PPP6C,-0.9731296865868527,3.027782428723013,-920.8141888333333,-1088.5546878,0.09794950019268547,0.19228790832929046,0.5822059500953272,0,-0.21937148958608021,0.3206542381327293
EIF4A2,RPS27L,-0.6585015516034932,7.674908123206009,-3921.710123333335,-4545.028810000001,0.05810814216653178,0.09172179910961877,0.7039563810614827,0,-0.22192686849855903,0.2215428414370469
EIF4A2,ALDOA,-0.7243907420666661,21.37570873948474,-3611.859375,-3763.411132,0.06575050401642082,0.10863495873408498,2.322149236825744,0,-0.22240244524023034,0.2615727633994356
EIF4A2,RPS27,-0.3206262242571505,74.79578405529875,-7991.914713333328,-8050.23633,0.047691418285939376,0.05956124576435023,4.454930076254917,0,-0.22359263113106365,0.11457878034993695
EIF4A2,RPL22,-0.19926410399053782,27.5687844784743,-8925.549479999994,-8984.230469999995,0.039619941948623755,0.0454886756936101,1.2540674964083491,0,-0.2240480100931829,0.16294079814763449
EIF4A2,CLNS1A,-0.23976905838099036,14.523674155986535,-7145.330733333343,-9816.273440000004,0.07296890214594773,0.08616296175307674,1.251402780816417,0,-0.2241173577117869,0.09260144216655523
EIF4A2,PSMD8,-0.7635546400633336,13.386293836363363,-3338.4023436666657,-3328.3056639999995,0.02678027692078757,0.045464800154695874,0.6086051740822974,0,-0.22419718033129002,0.22434269896800485
EIF4A2,AHCY,-0.9798449078737566,5.781439422773965,-1362.4442139666667,-1173.9193119999998,0.18455625642759194,0.36399887897673294,2.104437468761613,0,-0.22662189274617953,0.30628946837286725
EIF4A2,FAM32A,-0.7635482453133853,10.976260377548218,-3458.750162666668,-3402.141601000001,0.052143293443153715,0.08852312896510119,0.9716529129562311,0,-0.22677325594509595,0.2643668061416596
EIF4A2,EEF1D,-0.7651371935538576,12.224411264234755,-3520.843098666667,-3514.9638669999995,0.051542212040847156,0.08759910728952018,1.0708475138869193,0,-0.2289917922238598,0.22270927230046986
EIF4A2,TRMT112,-1.0912766761219588,0.38534150746354595,-293.5227407,-360.5815735,0.31151664446497834,1.4142135623730954,1.08991037200048,0,-0.23092566951653937,0.7209217798171657
EIF4A2,GEMIN5,-1.0513970145652205,0.8846350174023863,-1129.9876305333332,-346.862427,0.1617546474158497,0.3352492439336398,0.29657322074137227,0,-0.2312932570814607,0.702894612121791
EIF4A2,FKBP4,-1.0312914061908218,1.89399194793458,-846.6481323666666,-1138.1755979,0.02105669431735437,0.04303766655580333,0.08151299391458487,0,-0.2324842652105177,0.3421250726927809
EIF4A2,PKM,-0.6659031303845375,19.186153322998457,-4744.670897666667,-4646.363283000001,0.01880803542392838,0.029840571812686848,0.5725257860441558,0,-0.23273305201871966,0.22823868069385322
EIF4A2,CHMP1A,-1.0260486507836726,3.091261644152098,-1269.2139489999997,-961.5821539999997,0.06221915087401461,0.12670809016735562,0.3916878591381121,0,-0.2339648707803094,0.35432650785206
EIF4A2,SNRPB2,-1.1197894556637533,1.4460393057091023,-237.38747150000003,-242.19165040000001,0.3266766096373104,0.7099335371276292,1.0265917991276443,0,-0.23524854642563692,0.47538727718467594
EIF4A2,RBX1,-1.1045460617431624,2.8187210002400263,-437.3517861333333,-364.2914429,0.0361331447220097,0.07769920862390177,0.21901239105022285,0,-0.23532042157867664,0.5058406306083878
EIF4A2,IQGAP1,-1.0326179516355813,16.3674029375654,-1166.9641519666666,-1235.461181,0.06744244191659761,0.13797206002587886,2.25824430056952,0,-0.23564343315753372,0.3028001116813007
EIF4A2,PSMF1,-1.1173212519444897,2.7539662723681837,-397.6133321,-501.1316528,0.30046932004858057,1.414213562373095,7.789392905402325,0,-0.23936571394017617,0.5874116884800967
EIF4A2,SRSF2,-0.28246443506326613,28.199497046246496,-9975.746096666677,-7663.015630000002,0.04895333800426363,0.05954123801248361,1.679032965462891,0,-0.23971519267454183,0.14911751233889217
EIF4A2,PSMB6,-0.7025808700804266,10.680069674210166,-4908.031901000001,-4282.52539,0.036692808980038565,0.0597153447728308,0.6377640427933149,0,-0.2399108360160685,0.29048301600364645
EIF4A2,UBE2I,-0.9278858042947602,6.27036379908584,-2311.291585333334,-2441.262207,0.06742660583714159,0.12828061122090384,0.8043661007241604,0,-0.24040595861340192,0.27384763839771586
EIF4A2,SNRPC,-0.7332932550033814,6.057158157231593,-4426.622233999999,-4176.07227,0.04134362479529271,0.06873200862632681,0.4163206467138677,0,-0.24073087713035837,0.22403311603003392
EIF4A2,SUPT4H1,-1.1404240707226514,4.077904170038241,-284.81728110000006,-325.45283509999996,0.06857007459269304,0.15116319022547867,0.6164290037767632,0,-0.2411011251104807,0.858004210313758
EIF4A2,POLR3B,-1.0477136066633508,5.576985595191604,-1264.3039752666668,-1445.693237,0.09827179031904401,0.20315666208033784,1.1330017779892525,0,-0.2441180582357378,0.34623324542542894
EIF4A2,KRT9,-0.6319367053274136,12.60635141266121,-5474.519856333332,-5579.378906999998,0.011409034949606458,0.017680215094162528,0.22288300452844984,0,-0.24516595013907788,0.1941987943739264
EIF4A2,TIMM13,-1.0322075141984408,8.058816868736521,-1646.4802246666666,-1561.7639159999999,0.07630910858440912,0.15606685758017436,1.2577142245178095,0,-0.24601590041898058,0.3102483691870989
EIF4A2,LLGL1,-1.158509907393732,0.9724154237340553,-305.6951853666667,-455.9868164,0.17544953513766476,0.39165903451174805,0.38085528600401247,0,-0.24739825721936512,0.4944017545774802
EIF4A2,SF1,-1.126844519825129,0.6430899624727108,-650.2772216666665,-794.4018555,0.2965283929896833,1.4142135623730947,1.8189330935098242,0,-0.2481466834149506,0.6016267492756742
EIF4A2,IMPDH2,-1.0953454336884214,22.388218832493312,-1210.8037924999999,-1202.14856,0.040310945265421415,0.08613191294304151,1.9283401154300763,0,-0.24922111293668242,0.379043166489418
EIF4A2,ELP1,-0.9499500570238476,1.2374611287812283,-2472.492106,-2568.896485,0.14231202812208316,0.2749245097480904,0.34020839416249776,0,-0.24946094620598452,0.4544694532998012
EIF4A2,STUB1,-0.7972641794914859,11.989590310111984,-4280.132651333333,-3936.0537109999996,0.0036708103524087784,0.006379254484159586,0.07648464774901818,0,-0.2500040839899599,0.24508753278423323
EIF4A2,PRKCSH,-1.0004036369589502,4.475002779539843,-1933.6748049999999,-2205.185547,0.023762471383348922,0.04753919219674749,0.21273801721752383,0,-0.25005269632423927,0.2818494802031903
EIF4A2,ARL6IP4,-0.16944191055348679,48.10006487451054,-9010.161459999974,-12068.664059999996,0.04750715629326803,0.053428258284884844,2.569902689635066,0,-0.2512260219063762,0.07451659882709968
EIF4A2,CALU,-1.0887658270046743,11.522333560969058,-1297.0063271333336,-1304.863769,0.04695964789220753,0.09988154263344587,1.150868450806715,0,-0.2513955068031383,0.3144663564304147
EIF4A2,PSMB4,-0.8790527064804133,18.537881216988776,-3419.4406736666674,-3408.0634759999994,0.009309180420238955,0.017121454943474345,0.3173954980041526,0,-0.25164839366741776,0.3247076578463755
EIF4A2,PBDC1,-1.1413971497423014,8.401870031123222,-818.1253457000001,-781.5664062000001,0.01420527283209473,0.031336748985239235,0.26328729217191255,0,-0.25219230232148476,0.33393854310716126
EIF4A2,HSPA4L,-1.183043294808322,10.28662359781807,-429.33092246666666,-406.7105408,0.11707917830601755,0.2658404385257574,2.7346005281933596,0,-0.2525694021121382,0.3283158739954237
EIF4A2,SERF2,-0.7824218363002592,8.34645323590098,-4237.658367666666,-4607.657717000001,0.03503401896413208,0.06026010342311346,0.5029581352115732,0,-0.2544247260037819,0.24553203596158596
EIF4A2,GPX4,-1.1867922806839175,3.0322808281918645,-471.11447156666674,-414.1062012,0.10806380350408419,0.24600855555355425,0.7459670265762158,0,-0.2549821955230289,0.3558404599055026
EIF4A2,CCT5,-0.3823436511736874,47.77144561937317,-8901.460286666665,-8396.662110000001,0.015844219357558517,0.020652537288552212,0.9866015619821485,0,-0.2558693843747975,0.1226019748823081
EIF4A2,STT3A,-1.1869610846799439,4.004222283103466,-562.1766153666665,-463.05194090000003,0.12590557160148114,0.2866590960373723,1.1478467400071424,0,-0.2565089569886429,0.44082224343148796
EIF4A2,WARS1,-1.0365819375152237,36.08858629370213,-2219.6581619999997,-2223.9367669999997,0.05085897046883657,0.10433228757428016,3.765204763343756,0,-0.2574971751344133,0.29499782242584616
EIF4A2,H4C1,-0.7368525367428755,7.6626245862266895,-4832.457518666668,-5219.193356000001,0.04369240408092101,0.0728161805760089,0.5579630555568481,0,-0.25811929429735053,0.21738015575061462
EIF4A2,CUL1,-1.196190015661432,6.257164815664315,-538.2231342,-486.6233521,0.10653738629512509,0.2441187089268963,1.5274909963427736,0,-0.2582987630282091,0.499444433095336
EIF4A2,CLCC1,-1.2275873535300446,2.3529518618799536,-269.06010946666663,-141.42132569999995,0.3054763653540073,0.7153661736448496,1.6832221702035868,0,-0.2588606928788703,0.5295075531542274
EIF4A2,D0JA1,-0.8200335786407592,15.804247997178447,-4246.261230000001,-4350.104004,0.03215417905575978,0.05676750381336373,0.8971677084471734,0,-0.25907936975773577,0.226732465127853
EIF4A2,MCM2,-0.8086522032512496,8.036271012588625,-4513.0039056666665,-4236.173828,0.029548591140448582,0.05175745999283421,0.41593697542562896,0,-0.2593116726927307,0.23489121736132026
EIF4A2,VPS50,-1.1865778284067052,10.9486907694756,-736.0633337333336,-717.5909419,0.09433105865892563,0.2147138761651315,2.350835834047502,0,-0.2604381481978663,0.3569624735751394
EIF4A2,ABCF2,-1.1191772711715022,6.7036836501549795,-1432.8942874,-1457.686035,0.09611921971884574,0.208797646763491,1.3997133707992495,0,-0.26232094594207833,0.3229074294400022
EIF4A2,MCM5,-0.9235907602732975,27.404625339802102,-3527.993163999999,-3471.36084,0.07735938659584013,0.1467404268043443,4.021366418775709,0,-0.262566324331137,0.3016629384957795
EIF4A2,PRKRIP1,-1.1984924904358403,1.9736962597143646,-690.4995320666666,-745.5430300999999,0.15435905012629414,0.3542617419378373,0.6992050750226051,0,-0.2641730953349503,0.39048616461968094
EIF4A2,PSMA1,-0.732903657855101,48.420630316701406,-5324.811197999998,-5849.673824999999,0.06112535586420794,0.10159085220081328,4.9190930979742316,0,-0.2646657742746832,0.28055225731142486
EIF4A2,SSRP1,-1.131361385882416,5.405147427185983,-1480.360026333333,-1398.486328,0.02083663916728483,0.045646858934742775,0.2467280021302464,0,-0.2651337671685636,0.4032791344474299
EIF4A2,SF3B3,-1.054661959932551,11.89458857876273,-2298.3437500000005,-2221.411865,0.05778860070218634,0.12004279125913932,1.427859613873757,0,-0.2657965041092594,0.42909807704645914
EIF4A2,CARM1,-1.1983097624126813,8.161643631983397,-868.0251670333333,-861.4360350000001,0.04452532143187394,0.10217489776536569,0.8339151036952515,0,-0.2666844754325366,0.35887282575690976
EIF4A2,HSPA9,-0.8721222303742084,13.671453658890446,-4189.170573000002,-4048.2924809999995,0.03644999679354074,0.06671759687058122,0.9121265338486854,0,-0.2670655739946202,0.26156124279796905
EIF4A2,ALDH1A2,-1.198308278801344,6.181634410044661,-926.1557820333334,-1021.8349614,0.039479097320024185,0.09059493462493222,0.5600247652532275,0,-0.26948792501188906,0.5900482108477341
EIF4A2,ITGB1,-1.2781447076081205,1.8307916307245222,-209.70307923333328,-169.6190796,0.29225628639520956,0.7088172698200653,1.297696725299581,0,-0.270081584059,0.7950759061454656
EIF4A2,KIF7,-1.2775252685908407,4.629764437497433,-223.53518676666667,-208.57287600000004,0.3356644734795844,0.8137468729856626,3.767456333673761,0,-0.2701704300486857,0.4268738086520944
EIF4A2,AAR2,-1.2660881179307222,4.607997505017006,-476.62950643333335,-538.8858643,0.1298747763015322,0.3123674400780918,1.4393883845283963,0,-0.2743296001050558,0.3532121857626398
EIF4A2,VCP,-0.5128789190335786,109.25218585962475,-8792.418619999997,-8367.130860000001,0.0597966749105405,0.0853247787407217,9.321918585412686,0,-0.2755872826255357,0.19293949205043032
EIF4A2,SSBP1,-1.233340588567129,12.061816107361828,-1006.992757233333,-875.2398076000001,0.10521030340876757,0.24736656359787632,2.9836900012276084,0,-0.27589364187738713,0.4037288783457628
EIF4A2,KRT6A,-1.2819380446348438,0.4220209210976167,-411.91667173333326,-490.0243835,0.23915843864911962,1.414213562373095,1.1936554204428707,0,-0.2771937954141144,1.1149175899585353
EIF4A2,MCM7,-0.916542319391286,10.774963325879366,-4163.187662333332,-4176.030273,0.029037189643308703,0.054811225095828524,0.590588940254071,0,-0.27875451871967305,0.28105987486135753
EIF4A2,UBR5,-1.3045387272442397,1.1235631349910113,-426.0350596333332,-255.63348390000004,0.10923724972618158,0.26982784954008193,0.3031686245371374,0,-0.27968626061036106,0.5187004945173621
EIF4A2,VPS41,-1.3318427192502398,1.1047871468482777,-159.8993377766667,-122.78524785,0.13621945872959662,0.34290568922048426,0.378837798031941,0,-0.28128506531581055,0.711004304951432
EIF4A2,RCC2,-0.514085829651689,48.07590277532981,-8557.087243333328,-8376.552740000003,0.0050071866281142146,0.007150809953310111,0.34378164408019757,0,-0.28160170768219867,0.14465802817144438
EIF4A2,SF3B5,-1.2902253583743142,3.8608996707910426,-645.4766236000003,-577.6059263000001,0.035481109902438475,0.08677694413359052,0.33503707503763236,0,-0.28232806625634166,0.570455869908575
EIF4A2,HSPA4,-1.093775578561375,13.928997010439828,-2638.9609376666676,-2564.7807620000003,0.034172707840924604,0.07293700409592775,1.0159393120026152,0,-0.2823459286042077,0.30807048330523634
EIF4A2,VBP1,-1.3002776016450976,2.5883210411586397,-549.4803518,-479.5431824,0.10920564610758739,0.2689542115189557,0.6961398447827445,0,-0.2825420531280455,0.39041810745627087
EIF4A2,CCT6A,-0.3874969295260884,22.06971609195809,-9082.708983333327,-10133.767579999996,0.07028400382135257,0.09194124362272181,2.029117143895023,0,-0.2828043157952576,0.158458289827937
EIF4A2,MCM3,-0.8697900175317936,10.757404705222937,-4807.241700666667,-5019.569827,0.05369021577949628,0.09811512713760355,1.0554641303236032,0,-0.2853505553938223,0.28061894364599266
EIF4A2,LTBP1,-1.0052991313946797,0.9509066348400158,-2300.9210405999997,-4873.318481,0.39094649992331715,0.7847859882080774,0.7462582031165392,0,-0.28685564037992284,0.7148758793163735
EIF4A2,CLIP1,-1.263929792357542,2.7977452266968976,-1015.8213092666668,-1162.9583129,0.0236979995183011,0.056911875251790076,0.15922492732806498,0,-0.28756239466863204,0.3548838346205527
EIF4A2,CAD,-0.8984019563902224,28.721558301675465,-5161.716469666665,-5092.580075,0.059346495032868526,0.11062393616310935,3.17729183206957,0,-0.2943577216026261,0.2511873694440431
EIF4A2,CSE1L,-0.8364195882579318,14.982030030400582,-5637.472819999998,-5723.426268000001,0.03487115159479253,0.06226750005223941,0.9328935557006207,0,-0.2949458327512866,0.28723049146319213
EIF4A2,XRCC6,-1.0803310802640367,9.970459491431601,-3214.598714333334,-3353.636231,0.025144145569227932,0.053168955176005964,0.53011891378411,0,-0.2956364153742047,0.3742414101581013
EIF4A2,CALD1,-1.3437406575731388,2.7681886259705744,-663.5395814333333,-689.5257262,0.0918813759098009,0.23320870497835902,0.6455656845984208,0,-0.2961669931889044,0.5807787534425779
EIF4A2,TCP1,-0.420670251013378,23.779706456626748,-9679.087240000004,-10380.105470000002,0.024208912842592363,0.032405256544136264,0.7705874882712432,0,-0.2998775496934041,0.14885818317014887
EIF4A2,RBM3,-0.598831379964826,21.51397377946166,-8084.810223333336,-8536.309570000001,0.019043282870991957,0.028841284834466616,0.6204906456946999,0,-0.30091158232908566,0.1711285654451827
EIF4A2,PPP2R1A,-0.7903863637328741,10.003998275120125,-6191.956542000002,-6918.902339,0.031038255211187034,0.05368275735430902,0.5370422119761996,0,-0.3054307501497901,0.24067093325021416
EIF4A2,KRT10,-0.7560225663357028,8.078937121209409,-6717.694337333332,-7111.329099999999,0.03304321773398667,0.0558052600834961,0.4508471872473023,0,-0.30618367910613364,0.21620492705468092
EIF4A2,CCDC50,-1.4103607842116999,0.22763094549411875,-491.95472206666676,-609.4876709,0.20015318790706932,1.4142135623730951,0.643837540667187,0,-0.3087661689270528,0.7954959673146496
EIF4A2,ALYREF,-0.3585444008406094,15.428132189392935,-9416.130210000003,-12576.957029999998,0.09487555921198394,0.12164451645949095,1.876747680051811,0,-0.30932636746970976,0.335899291156866
EIF4A2,DSTN,-1.4227699976196977,4.083537871433912,-599.5001628666666,-554.7687071999999,0.10727072841410747,0.2876002898966598,1.174426675628382,0,-0.3116733182593749,0.46584497089373245
EIF4A2,AP1B1,-1.3866437776790008,1.394803349857125,-1024.1315306,-900.1695553999999,0.07886900317370511,0.20622393897137023,0.28764184089799855,0,-0.312735166416505,0.48783109334153857
EIF4A2,KRT14,-1.4044879873809544,0.747741593626546,-660.3062287,-928.6438901,0.17089132207325766,0.4524020032775207,0.33827979489057525,0,-0.31300857541729493,0.5409388017723467
EIF4A2,CCT8,-0.33845771330751934,41.30971378944135,-11256.692706666669,-12068.8125,0.0694819692015444,0.08785440334289406,3.629240257237093,0,-0.3166088631823114,0.12653250400023366
EIF4A2,SKP1,-1.0573252555908812,14.087201953820665,-4447.3362626666685,-4540.687988,0.056749427604133984,0.11810196964066826,1.6637262974720908,0,-0.3178674088184948,0.33436528843832275
EIF4A2,KRT5,-1.4294761132660139,3.523532214262333,-925.0499470666667,-837.1454463,0.11985447664276282,0.3228353965322649,1.1375209195855895,0,-0.32031773605447333,0.39388345976794814
EIF4A2,RPL23,-0.24056436455302174,21.637869729273486,-12624.842446666677,-13324.617190000004,0.04738507389750324,0.05598398166292035,1.2113741021483064,0,-0.3274038952665629,0.1283764147555182
EIF4A2,NIPS0P1,-1.477194434930188,3.7996828886178067,-827.9817300333334,-654.3897702999999,0.2612355840036388,0.7273178718182313,2.763577272133653,0,-0.3278994023819107,0.6107733988782025
EIF4A2,DHX35,-1.330166691347309,11.568604216292266,-2408.8737789999996,-2420.893188,0.005944044793759704,0.014945590083351407,0.17289961645323496,0,-0.33214957240981047,0.4127670054746399
EIF4A2,VPS35L,-1.5535295049652327,2.2952972820992867,-281.43501790000005,-268.6578064,0.2625810046524241,0.770788158438729,1.7691879651387292,0,-0.3346852448462111,0.47887356017964267
EIF4A2,HBA1,-1.449663600534449,14.843272976153383,-1432.569946266667,-1411.4902952999998,0.04909564784830375,0.13410565301561203,1.9905668153560365,0,-0.3359015103119213,0.3706363063332352
EIF4A2,LSM5,-1.5482877318537371,1.3495863945943571,-526.4507955,-361.26214600000003,0.24455620154399715,0.7152739878666171,0.9653240424320358,0,-0.33752911436882194,1.0218740197224108
EIF4A2,SEPTIN9,-1.3969945909674646,0.5461736515059198,-3094.511597333334,-774.4228519999999,0.05403638825899795,0.14230987151553756,0.07772590217097944,0,-0.33769057933694135,0.8248310317554046
EIF4A2,CDC73,-1.448299897934469,3.0076981255261552,-1416.8969317333335,-1571.2945555,0.06233279327962189,0.1701022869492171,0.5116163296048725,0,-0.33887996257407593,0.4626070909504144
EIF4A2,HMGB2,-0.6936769274671635,6.955027469350974,-8595.78548,-9910.95898,0.12245224871752713,0.19805752686766984,1.3774955398763624,0,-0.34634993898266037,0.2214641022593989
EIF4A2,LUC7L2,-0.45701177581288277,19.337801515056096,-12056.290366666668,-11705.828130000002,0.02857713931726224,0.03922825290499537,0.7585881684592232,0,-0.35163076940593907,0.18932160636377052
EIF4A2,RPL22L1,-1.5969043629701245,3.3379018407250265,-596.7540487333333,-588.6925048,0.03615888685695891,0.10938160789095429,0.3651050703206794,0,-0.3517767744385648,0.4547344912467904
EIF4A2,MYO1D,-0.9369530096462609,0.8015451631621522,-3855.830363700001,-10930.153992000001,0.6717164527431522,1.2860127099881864,1.0307972674560824,0,-0.3595815220528932,0.8958065696012976
EIF4A2,PIN4,-0.517379317600362,7.336061403758931,-13111.113280000001,-10256.863279999998,0.00823472015038428,0.011786958507006862,0.08646985137096104,0,-0.36239601608019534,0.15880701265623734
EIF4A2,NCL,-1.2939316406016201,6.268756032734867,-4213.250651333332,-4063.857422,0.023440162663381343,0.05747559900503247,0.36030050799784746,0,-0.3645555465830948,0.3676109539340216
EIF4A2,HSPA6,-0.9839001217857168,1.8804532411521229,-6223.0745443333335,-8331.856445,0.3615189861311971,1.4142135623730951,5.318724954091553,0,-0.3673465562035162,0.7193728985042688
EIF4A2,TRAPPC5,-1.2209671369514816,7.351960890172928,-4913.492025,-5177.642089999999,0.004013190483526987,0.009355082662514754,0.06877820185914331,0,-0.3688200246114215,0.32368800425815486
EIF4A2,EDF1,-0.40210019555076404,25.37107634573168,-12095.440100000007,-15051.460930000001,0.07286808468444335,0.09629135840301166,2.443015405477021,0,-0.37758189384057983,0.1270938062104229
EIF4A2,MCM4,-1.3181181163666296,11.03854226408867,-4758.128662333333,-4724.276856,0.019188645247015825,0.0478462861797093,0.5281532521744028,0,-0.3833746581109777,0.34193492121365787
EIF4A2,EPPK1,-0.7529787891751096,20.49478782342413,-10207.966146666664,-11098.554689999999,0.046683910578850026,0.07867626767773112,1.612453412794021,0,-0.3904252381619556,0.23091290287552727
EIF4A2,XRCC5,-1.399580267842966,28.973089926633453,-4438.393717666668,-4548.025391,0.03319645934641619,0.0875828080456594,2.5375445735339657,0,-0.3937275038175666,0.4136168584339771
EIF4A2,PHGDH,-1.3574653386971436,12.422179466297877,-4905.3330080000005,-4909.854737,0.019778343007340906,0.05068025806991533,0.6295592611427795,0,-0.39599844754161484,0.4937596115658879
EIF4A2,HSPA5,-0.9297413099008462,7.952526606432263,-8910.975260333335,-9258.325198999999,0.028325724377142387,0.053959674414680615,0.4291157464571698,0,-0.39602312894980707,0.2605122632682232
EIF4A2,TNPO3,-1.7574975403636277,0.8412210114911134,-868.0969947666665,-1182.4440303000001,0.10118217459189918,0.34211976902099184,0.28779833814694483,0,-0.39870255394548815,0.6175519172675279
EIF4A2,EEF1G,-0.9440072272952615,36.41097974609968,-9958.543942666662,-8893.494139999999,0.07277604172844913,0.14001394023509647,5.098044742071709,0,-0.40326640373938705,0.2714579660243979
EIF4A2,PDAP1,-0.5326187619769479,17.98563148432737,-13149.060546666671,-13703.236330000003,0.030654447502734765,0.04434391151921966,0.7975532511583042,0,-0.4048410972570704,0.15998094827654152
EIF4A2,U2AF2,-0.6938552990446818,2.2577986612613814,-10340.025066666669,-13485.970710000001,0.05069929362045496,0.08201252654567556,0.1851677726414898,0,-0.40868641469168543,0.36486335640795886
EIF4A2,FBL,-0.35362253205825683,23.862582009886353,-15585.66666666665,-15222.453119999998,0.005034607186770154,0.006433127072164308,0.1535110223395409,0,-0.4090985341884823,0.12296578960613679
EIF4A2,CIRBP,-0.7779490682327861,30.895057404467227,-11101.239910000006,-11470.508790000002,0.03175172173644618,0.05444534215072198,1.6820919711524147,0,-0.40933574961558167,0.24362346671363985
EIF4A2,RPS28,-0.5117587364440345,18.66342111120767,-14665.900386666668,-13182.5625,0.06446035267004128,0.09190806011426371,1.7153188294266928,0,-0.4114993693756634,0.1593143912771577
EIF4A2,DPM1,-1.404270656533994,0.5434199716089285,-9276.361167000001,-3191.5756839999995,0.05619760633026244,0.14874997540306711,0.08083370741036354,0,-0.43888406149123543,0.8999505757017681
EIF4A2,POTEI,-1.8819238552032884,0.19184631660077123,-6384.042316,3281.006836,0.19366909062242457,0.7138251581359676,0.13694472728534843,0,-0.43911040174559257,2.1851215075187023
EIF4A2,HSP90B1,-0.6981252963649136,10.911002670793106,-13322.656899999998,-13443.201169999997,0.044028009369300916,0.0714319903342547,0.7793946373171203,0,-0.4424727884575744,0.20409769070054654
EIF4A2,TUBB4B,-0.5087827924249859,15.88229340931281,-14111.708980000003,-16702.513669999997,0.08564056251806139,0.12185534186418345,1.93534229297908,0,-0.4456376082514688,0.20532828100835093
EIF4A2,D0JB1,-2.0138577367458397,0.7571582773188598,-987.6129202999998,-949.2420046,0.06745835296826892,0.27244877466628,0.20628684488395474,0,-0.4557476948588905,0.7628732890599423
EIF4A2,XRN2,-0.9510701596361776,14.68605396130837,-12013.150390000003,-11694.041020000002,0.032594995275231166,0.06301732511042149,0.9254758370689629,0,-0.4640971272381087,0.2668080698255999
EIF4A2,ATP6V1G1,-2.103910174789497,1.4474667179640803,-446.52426656666665,-462.1756744,0.21347476329362733,0.9177096131086723,1.3283541217304957,0,-0.4642437798423773,0.5437673257931925
EIF4A2,MRPL54,-2.0410869513767644,5.5703709117354805,-1500.9597168,-1424.7803957,0.17820574083423704,0.7334456897356577,4.085564535441274,0,-0.47274356478602875,0.5016113078018776
EIF4A2,PPIB,-0.22229036047756665,29.211224389991777,-18263.401033333357,-22472.2031,0.03478986975816142,0.040585783615701615,1.1855604322419118,0,-0.49356275177133513,0.06982409172786516
EIF4A2,SH3GLB2,-2.2310017240749374,0.5954754391492911,-912.8669129333332,-931.0198364,0.06415380110547261,1.414213562373095,1.6842588842100046,0,-0.5041243789322983,0.6765562477324989
EIF4A2,TBC1D4,-2.29912621469962,3.5396932245544783,-537.5944315666667,-502.5032959,0.14811535766719325,0.728999819561695,2.580435722003969,0,-0.5099180483155681,0.5292957020004798
EIF4A2,DDX54,-2.1179842260883626,0.23583934200190895,-4582.085429500002,-277.8748780000001,0.1002702741533099,0.4352791224465212,0.10265594182495592,0,-0.5132991800445321,1.317787209676848
EIF4A2,WASHC4,-2.2903273969544733,0.4652845162531271,-1026.8267314,-1076.9483033,0.14560480367945763,0.7122856488690473,0.3314154835680794,0,-0.5206581779832391,0.7532119140622329
EIF4A2,HSPA2,-1.8819864732126441,0.3572066913340116,-8119.837400666665,-2801.9052730000003,0.19198755906864293,0.7076580877012907,0.25278020410353186,0,-0.5297602158146846,0.9994023042327652
EIF4A2,CCT4,-0.4720774687065606,20.309727291276626,-19765.624996666673,-21162.406240000004,0.05962557621436788,0.08270810902463704,1.6797791390675536,0,-0.553812782352707,0.17814341110073653
EIF4A2,PFDN2,-2.3657005781533678,0.5018459261030181,-1715.9964496333334,-2206.8558345,0.031208361746673505,0.1608570835614938,0.08072547207014845,0,-0.5588920376641893,0.850116311563061
EIF4A2,RPS10,-0.33800435570243237,13.15076590894025,-28555.971373333334,-16075.734399999987,0.0968024379411972,0.12236049755920415,1.6091342599025489,0,-0.5668991149368895,0.13404107717638403
EIF4A2,PRDX2,-1.694836258125637,4.654401301952285,-10507.982908666665,-10706.575680000002,0.0070578257569790534,0.02284975479039483,0.10635192844570418,0,-0.6059122956320266,0.454168594995097
EIF4A2,RPS25,-0.08301269207296313,23.09793757459517,-16588.86459999997,-36686.15629999997,0.08594485329479662,0.09103612953745321,2.102746837088854,0,-0.6082634302243668,0.1272528675837642
EIF4A2,CCT7,-0.8111108104980863,14.701273233857274,-19712.81901,-19630.800779999998,0.03690470897337172,0.06475273082215831,0.951947588454961,0,-0.6133725491133251,0.23636900302415215
EIF4A2,PRDX1,-1.5220271878774283,5.416943387703011,-14333.918622000001,-14625.560061,0.00865887934853779,0.02486852338165521,0.1347113832941949,0,-0.656189416150611,0.454341922603126
EIF4A2,RNPS1,-0.7631453290068478,26.223310676025434,-21539.79036666666,-22713.375000000004,0.051554804764627586,0.08749961708645035,2.2945296428912507,0,-0.6577779348906201,0.30917493195715573
EIF4A2,EWSR1,-0.38548840811671703,22.392798249319444,-26771.989556666682,-27625.60152000001,0.0532971632859029,0.06962309760534326,1.5590559781691273,0,-0.6898385466383679,0.1438273173535457
EIF4A2,TUBB6,-2.002692434283396,4.44723387159499,-13000.876381666669,-12793.548339,0.05733051347636568,0.22975963408435118,1.0217948270251973,0,-0.7290659844332982,0.649885173988894
EIF4A2,TUBAL3,-0.5338022758543909,17.757861988628658,-28518.311196666684,-28947.253900000003,0.05294378002230526,0.07664992418761862,1.3611387751625812,0,-0.7597644725296437,0.20199610728293335
EIF4A2,STIP1,-0.8658830555351147,16.41193320703543,-25238.974606666663,-25733.984370000002,0.009778962986196928,0.017822043101777305,0.2924941809992756,0,-0.7603334499716061,0.24329111471849785
EIF4A2,RPL38,-0.21165190188234123,129.56189034636085,-29797.36459999997,-35634.65629999997,0.04588317932258327,0.053133950103578256,6.884135016988815,0,-0.7635576181670873,0.08492437020632033
EIF4A2,ACTBL2,-2.6130496420677414,0.207132141287233,-10063.524494000001,-8038.028198000001,0.044549003598998306,0.27256550246974715,0.05645707616758932,0,-0.7794354760783297,1.0891074883996392
EIF4A2,FAM133B,-0.423292955571019,18.717623468479967,-30780.479170000006,-32074.34371,0.05473739445061723,0.07340300189133657,1.373929750858161,0,-0.7969236886728157,0.12923598504833828
EIF4A2,STK38,-0.7489746571631409,11.975167892884148,-27535.30208333333,-30313.499999999993,0.037763288660731725,0.06346597333581025,0.7600156861816364,0,-0.8140214151026955,0.22791956067811092
EIF4A2,HAS1,-1.1372302573960278,16.06609088073607,-29907.971349999996,-20695.425779999998,0.32316558875674173,0.7108452772012944,11.42050482565802,0,-0.8176769985524853,0.7359154939660004
EIF4A2,EEF1A1,-0.45270762817927224,28.122338830284566,-29812.869786666663,-34430.7813,0.04558592956632417,0.062390050092259446,1.754554128332947,0,-0.8184896191601407,0.1555776781110336
EIF4A2,C1QBP,-0.9113901932424824,10.468424448784855,-29491.95508,-26068.542970000002,0.09142474028687597,0.17196010029798917,1.8001513181749658,0,-0.8245688557729969,1.3354499580289338
EIF4A2,FUS,-0.32443511291592897,33.612616855475046,-35322.140666666615,-35435.6563,0.04392299650973815,0.05499992529877843,1.8486914161475883,0,-0.8639113665724678,0.1129797557969203
EIF4A2,TUBB,-0.38874707318980983,34.87424629143453,-32739.958360000004,-37523.7812,0.05663861349581232,0.07415540807817692,2.5861139651601754,0,-0.8727481590601507,0.14356198167952527
EIF4A2,HSP90AB1,-0.6513082894416801,13.753082859030053,-32687.47135666667,-35475.00391,0.027401557232252398,0.04303733761773956,0.5918960702888233,0,-0.9110202123633228,0.1845190886075826
EIF4A2,FBXO31,-3.544884610168786,0.1039343865240737,-6776.365376633334,-6856.755859,0.01036787640622335,1.4142135623730951,0.29397083803854496,0,-0.9398506772308085,1.4002307022907192
EIF4A2,SUB1,-0.3145216110102823,18.184935416452944,-41593.02083333334,-38311.20310000001,0.042279708026199285,0.052579665588259474,0.9561578229411919,0,-0.969646333713863,0.11798739247547052
EIF4A2,WDR77,-0.22680038505795794,56.967050634757065,-42645.427066666685,-41699.187400000024,0.024031838508247465,0.02812326882058869,1.6020996789173607,0,-0.9958668454532343,0.07490631513374658
EIF4A2,PRMT5,-0.23315254256367693,121.88227465877303,-44528.3854,-47244.7812,0.05942622165245713,0.06985043773824882,8.513530237448768,0,-1.0745756459933808,0.09947238434635823
EIF4A2,EMG1,-4.7659458048222785,0.049620753580081105,-1448.5786895466665,-1096.27842665,0.026841797412835287,0.7305036950288695,0.03624814384036625,0,-1.0893637941808194,0.9660967555265969
EIF4A2,TMCO6,-5.5365468248122705,0.0,-44.405385333333335,0.0,0.0,0.0,0.0,0,-1.2358301682714177,1.3889061277614436
EIF4A2,TOE1,-5.5365468248122705,0.0,-44.405385333333335,0.0,0.0,0.0,0.0,0,-1.2358301682714177,1.4206886379948984
EIF4A2,PPIC,-5.5365468248122705,0.0,-126.38454183333333,0.0,0.0,0.0,0.0,0,-1.2367781979678338,1.4830102419621898
EIF4A2,HYOU1,-5.5365468248122705,0.0,-143.43858843333334,-211.1821899,0.0,0.0,0.0,0,-1.2394259324059957,1.526243009094815
EIF4A2,MRPS14,-5.5365468248122705,0.0,-215.85598246666666,-241.3752594,0.0,0.0,0.0,0,-1.2406137416870506,1.0378071363584191
EIF4A2,TANC2,-5.5365468248122705,0.0,-398.20018513333326,-438.3989258,0.0,0.0,0.0,0,-1.2450086445906219,1.3458796891901688
EIF4A2,ARF5,-5.5365468248122705,0.0,-417.38582356666666,-430.8492432,0.0,0.0,0.0,0,-1.2451429075968845,0.9609441766734983
EIF4A2,VAPB,-5.5365468248122705,0.0,-919.7384440000001,0.0,0.0,0.0,0.0,0,-1.2459527624685272,1.425697129812712
EIF4A2,DIS3,-5.5365468248122705,0.0,-602.1616821333333,-551.4404297,0.0,0.0,0.0,0,-1.2486790233366611,0.8692711892925453
EIF4A2,HSPA1A,-0.6872225358727104,35.82137559938358,-54684.47393333334,-54976.44529000002,0.014194853384505678,0.02285664595088108,0.8187564995486409,0,-1.3968532681091377,0.19250750661890217
EIF4A2,TUBA3C,-0.6259933963461425,11.446413637165037,-56007.22395333332,-54591.625000000015,0.01661062778830173,0.025635130842804443,0.2934303112695868,0,-1.397074068991272,0.2383213472647201
EIF4A2,HSP90AA1,-0.8756210858081018,24.250166430212836,-57323.37239666666,-57910.24222,0.011926798520696598,0.021883665255255164,0.5306825245430038,0,-1.5058799869405308,0.24198160665531762
EIF4A2,TXNDC12,-0.407951163707702,33.00532124540311,-66144.0156666667,-58506.20310000001,0.02558762727075206,0.03395012011304449,1.120534620651055,0,-1.5071445943789639,0.1300489968042826
EIF4A2,TUBA1C,-0.5917349428315646,13.386791723792745,-68845.07296666669,-52284.562600000005,0.09083573841184958,0.13689678955124576,1.832608809378414,0,-1.5107003540639075,0.20758959158719847
EIF4A2,TMA7,-0.5556381547024005,5.177675490882331,-56626.75783333334,-67708.6641,0.07590806733487276,0.11157273235856499,0.5776874017837159,0,-1.5412862913990062,0.19793407258627477
EIF4A2,HSPA8,-0.9204463398713472,12.780941608411466,-77371.10419,-76064.82029000002,0.02089705663332406,0.039552623692566825,0.5055197738741685,0,-1.9601494355878213,0.2634106463660608
EIF4A2,E2F7,-4.361908473377109,0.07262039736012402,-53392.659993,-77296.252195,0.0037504503393766984,0.0771326081657296,0.0056014006544180305,0,-2.4822913085220835,1.5346350795239003
MEPCE,C1QBP,5.267853934675343,758.6251072795677,2363228.3281266666,2414240.84375,1.7956086716642734,0.046604704614056566,35.35549903757123,1,21.479623197466815,1.3354499580289338
MEPCE,LARP7,6.817228344202597,2603.6665789441613,228236.97592,231824.689428,3.0108383177689078,0.02669913886161266,69.51565554057014,1,8.961213912334927,1.3835292069629925
MEPCE,TOE1,6.489734529772582,2410.848532481347,3946.2144059999996,4017.914062,7.029679818436844,0.07822234575831348,188.5822274786786,1,6.691735246753576,1.4206886379948984
MEPCE,METTL16,10.276787403998556,877.2154383392188,83668.44474959999,83680.79688,6.699731532655659,0.005400526930806499,4.737425598870178,1,4.903433966312653,1.4088987444414174
MEPCE,YTHDF1,5.2870859463428275,1047.457871697011,1689.426523666667,1710.508789,1.2643960203892832,0.03238260422355579,33.919413700012385,1,3.4166692652948405,1.269671331745443
MEPCE,SART3,4.6962411519249265,491.0617506716853,55461.417646,55359.757818,0.138793828404647,0.005353784292181141,2.62903868723704,1,2.4837838704380157,1.2719116553410323
MEPCE,CHCHD2P9,5.116472700316553,253.78551866249208,43889.528766999996,44254.560181,0.799478371154379,0.023045975155903953,5.8487347580239915,1,1.9813545011663232,1.3013043198125387
MEPCE,ENDOG,6.043925749112939,171.7406463369218,28927.07518223333,29312.2001941,2.1065615002333953,0.03192796704259641,5.483329696119445,1,1.911642254499838,1.3624371696803368
MEPCE,SNU13,2.071688966524621,593.4036714707098,4477.457356666668,4436.438476,0.058252158705531173,0.013857105918221752,8.22285752783129,1,1.6681975269411926,0.7728263071393426
MEPCE,PPIH,2.8035226532483066,463.05837715794235,4898.1463619999995,4988.4241939,0.7514108840257787,0.10763008700723574,49.83901342293871,1,1.5667686158009795,0.900620744536152
MEPCE,KIN,0.2734295992424842,758.5739342303823,216.77872743333342,109.57836999999995,0.31523438213601623,0.260811454614917,197.8447712195864,1,1.5558841497420934,0.24594012142002206
MEPCE,TMCO6,6.203567663363649,52.11285781080718,3228.214243666666,3229.467773,3.6676804194908277,0.04976586978327748,2.5934416958470847,1,1.4876168333536242,1.3889061277614436
MEPCE,RPL26,1.78382328971334,505.66915707924255,13901.260091666667,14043.880859,0.049495431635625295,0.014374146275308506,7.268562430768987,1,1.4818823383458546,0.598455589753289
MEPCE,TANC2,4.868279142218685,158.9674028417676,11232.325854866665,11074.1030242,1.0064931490790112,0.03445981350459139,5.4779870552365635,1,1.4569343669069206,1.3458796891901688
MEPCE,ACTG1,1.4141303326497987,205.08486844193177,100100.08463000003,98595.5,0.04837069361275224,0.01815048760805575,3.7223903632550264,1,1.4071408494486815,0.4822367777435582
MEPCE,RPL7A,1.8777076995161928,483.04196280509404,3779.999593333333,3715.810791,0.136154536834776,0.03704989301734923,17.89665304481912,1,1.3754601342564254,0.5555695893678346
MEPCE,CSNK2B,3.716612971342283,188.71395767010654,45254.724853666674,2275.1633300000003,16.491879050634168,1.2544648149177313,236.7350199810228,1,1.3418223406643963,2.206270670954933
MEPCE,LSM8,3.3446554844135084,256.45157375460036,14587.774046666666,14446.15576,0.40177228876536775,0.03954929813064659,10.142479746494192,1,1.3242944123152032,1.1213520565247674
MEPCE,LSM6,3.4815177338072485,235.76910564322307,7993.150919500001,8054.933349500001,0.28316795358906494,0.025351474428560127,5.977094452758661,1,1.2617777266664856,1.1362985418733171
MEPCE,RPL27A,1.7459591744539271,378.40446561659974,18648.967612000004,18343.715334999997,0.09834181627237516,0.02931928918405483,11.09454995595082,1,1.23140875880498,0.5970187428019478
MEPCE,RPL13A,2.788425686178557,280.77940745437866,5238.539021733333,5411.8841556,0.35247966579182427,0.05101935036862539,14.325182965209972,1,1.1697558008137914,0.9886179435622512
MEPCE,GTF2I,0.1651996780533361,557.4075569797185,8913.971353333356,6583.046870000006,0.05233013482216884,0.04666869623675779,26.01348395675974,1,1.1516526591532568,0.09762396855592846
MEPCE,IGF2BP1,1.32281512089905,451.67302991949833,1054.1741739333333,1060.458435,0.8651213720514028,0.3458372323696815,156.20535060338764,1,1.151081123790743,0.5914686511569427
MEPCE,PYCR2,3.2161583096644506,160.96591075207334,22294.317873,22849.520023,0.2744619422736279,0.029534014086680837,4.753969475627145,1,1.1484631483911363,1.086045075036523
MEPCE,HEXIM1,3.5097602470177263,165.4235484841088,9910.537660933334,9970.7556797,0.2508070946280186,0.02201897440533023,3.6424568801104966,1,1.1307157817092222,1.1179816630896011
MEPCE,LSM3,3.2872039703951756,151.8180389054476,15498.144774999999,15180.898196999999,0.30220929566372784,0.030957171034587436,4.699856996531591,1,1.0892551332028053,1.0680747871227598
MEPCE,RPS3A,1.996177236875862,277.78080320537174,18170.864257333335,18013.318845,0.12375124149679262,0.031019973910491754,8.616753268266075,1,1.070370812357683,0.6846914793086529
MEPCE,ZNF511,4.491306191520428,18.954005474361864,3504.967994616666,3129.37932555,6.65715501100811,0.29598587028881324,5.610117805787927,1,0.999356243780214,1.392977458491049
MEPCE,MTREX,2.9879752216918765,168.78423010858566,6090.0815023000005,6106.3370365,0.07960127648043068,0.01003345278876058,1.6934886042817963,1,0.9808914452438675,0.9251755298565109
MEPCE,RPL6,2.6758551656466483,200.81630232371512,6554.8828533333335,6441.826050000001,0.2473602441024047,0.03870953118172115,7.773504916597792,1,0.9776883527367324,0.8762207768549478
MEPCE,CDK9,2.4808642854508456,130.56743530372933,29684.788736333332,28840.868163,0.24394229803097506,0.04369918361757506,5.70569032981352,1,0.9558211498899171,0.8925626403550879
MEPCE,LCP1,2.7882109354893525,185.31036594541817,262.33442180000003,447.5048828,4.889988717800238,0.7079023597194385,131.1816453332342,1,0.9231940329194248,1.418261574785201
MEPCE,BOLA2,-0.05800748854479967,491.7324535507318,-150.10978166666655,-32.758056000000124,0.0470233425089363,0.048953078857534346,24.07181757547782,0,0.8929997561484349,0.10494288641847611
MEPCE,PSME3,2.495872880593955,108.99100252583273,25663.760416666664,25139.306645,0.16305258674665474,0.028906523302797006,3.150550954308191,1,0.8823027172395096,0.9495019233286242
MEPCE,H1-4,1.1278889071844327,244.2116143647263,27425.228516666666,26923.53516,0.04558742902422923,0.020860210885379916,5.094305776307266,1,0.8571428901675379,0.3473134238856014
MEPCE,LRRC47,2.7062899446737645,102.44984164725484,16050.495770000001,16785.846921,0.6056253132070584,0.09279620894915393,9.506956912306393,1,0.8488886170485764,0.970505946489875
MEPCE,RPS13,1.6291654848163128,161.03313704896573,30970.25879,30824.243159999998,0.04268166357209479,0.013797965775913069,2.2219297137895477,1,0.8274782343330127,0.537581768589677
MEPCE,BYSL,0.8549442634363761,337.1670666393651,1103.8689776666665,1100.4295650000001,0.18380768679538154,0.10162538473717259,34.26473286792938,1,0.7885556489952782,0.296069306135001
MEPCE,RPL18,2.1763227872919035,151.1384648615665,6107.395711333333,6264.898926,0.30458231696980853,0.06738561675503352,10.18455867010562,1,0.7456003718482669,0.7444088472407614
MEPCE,RPL15,2.3682874674595142,129.76590274344065,4803.0188800000005,4942.331543,0.21511201428677368,0.041661983448011225,5.406304892213458,1,0.7355789501618221,0.8105888788494242
MEPCE,LSM2,2.911429354908084,54.950465712371084,8460.445393666667,8664.131592,0.1853498947465558,0.024635725416081965,1.353744584775801,1,0.734042339819353,1.0303999613493233
MEPCE,KP02,2.583458319286043,47.2548497612069,20824.261882000006,20820.886721000003,0.12732222134437296,0.02124254196683759,1.0038131291890429,1,0.7335055560675896,0.9412530494283045
MEPCE,RPS12,2.350760843151301,89.05735398730079,15871.526611333335,16560.6875,0.2784304403974598,0.054584336964719586,4.86113661922914,1,0.7316306972480164,0.8493045968475446
MEPCE,CCT6B,3.45786374266234,14.996081183508267,1517.1256104333336,32.7853241,13.594023632875762,1.2371652372290178,18.552630334900616,1,0.7192794145203166,1.7739845317293903
MEPCE,DDX50,3.491459729141518,7.952775505139987,775.8479767,810.2445679,1.8638126646803186,0.16571756278107388,1.3179145740568223,1,0.7122221837415661,0.8446786610671039
MEPCE,KPNB1,1.7887170884320107,116.27336309380982,23531.546877666668,23693.456056999996,0.17534355614702854,0.05074971057866592,5.900839525018984,1,0.7119279230005848,0.6959440229058665
MEPCE,PRPF4,3.2494169792790895,18.841809445296313,4268.414072566667,4407.7541197,0.22914201765968545,0.02409534840627334,0.45399996318902647,1,0.7047336733406905,0.9746181337650899
MEPCE,SSB,2.836591033555664,37.2312056230348,10502.222696333334,10436.509278,0.08307742253954588,0.011630131777500658,0.4330038276311182,1,0.692245023470736,0.9278826649496175
MEPCE,KP04,2.782964620657912,68.62426881278266,2714.7775266999993,2717.0830075999997,0.2305055925193478,0.0334908577037912,2.2982856218356202,1,0.6867102499249199,1.0191919961754243
MEPCE,RPL7,2.5177901414337613,81.69101634070186,7277.050659,7339.0905760000005,0.18032802530577183,0.03148717007129695,2.5722189248167777,1,0.6865289155447762,0.8404168033088559
MEPCE,YTHDF2,3.167096478541242,20.770274640851888,2653.8837379666666,2781.5459895,0.5525705723701474,0.06151729019375498,1.2777310124852757,1,0.6761927609447245,0.9554865782994088
MEPCE,DHX30,3.33542033597433,7.137500327674313,949.4649149666666,987.8862915,1.0895400037806278,0.10793990748555703,0.7704211250472983,1,0.6738353193597383,0.7503114105718611
MEPCE,RPS14,0.8017700051968208,234.06752856268147,14916.881506666668,15406.988279999998,0.04942017192563167,0.02834979494957013,6.635766439104669,1,0.6615528360301056,0.3499792788508414
MEPCE,RPL36,2.5843013761038818,71.7649306580762,3446.249735533333,3564.0794064,0.23021080859846488,0.038386118741433876,2.7547771497116815,1,0.6513490735803978,0.737558721476735
MEPCE,SYNCRIP,2.275456802542365,74.90596252978631,8367.039018666666,8447.774898,0.11518137685290883,0.023790436548634344,1.7820455486792632,1,0.6213875622070986,0.6416637136081009
MEPCE,HNRNPUL1,2.7230057572407684,21.445377970944854,9256.857670133333,9087.158206,0.1812699729439462,0.027454915817379095,0.588781046864167,1,0.6201105508340085,0.911581812695229
MEPCE,CCNT1,2.5576059410771097,37.593610344958655,8309.650593999999,8383.136475,0.09936321476939913,0.016877583544246625,0.6344892993268939,1,0.6084752627002462,0.9524740093786495
MEPCE,RPL21,2.4577641958152254,68.8102221100977,2270.3594154999996,2200.7587891,0.37597995995246897,0.06843917136240166,4.709314582477895,1,0.6041806478806253,0.8080270029407918
MEPCE,RPS9,1.426280555738655,115.23221535509165,20518.163733333335,20771.32617,0.07069254274183999,0.026304011731053033,3.03106954449556,1,0.5981739120162481,0.46200581683362285
MEPCE,RPL3,2.565281391398597,42.36448433151247,4990.6030274999985,4836.495849,0.26157332780926534,0.04419443084834469,1.87227427321481,1,0.5938370943741106,0.8666039091151878
MEPCE,RPS16,0.5577566483184895,163.92493629283376,31233.953140000027,34572.99999000001,0.07700644870111863,0.05231528125973913,8.575779147644417,1,0.5884853009458636,0.2170859345466088
MEPCE,SRRM2,1.3615307206508327,178.11682141453835,3335.2220870000006,3310.0861820000005,0.242958237930355,0.09455222048855041,16.841340971107186,1,0.5834651642302583,0.45550148459832546
MEPCE,HSPA1L,2.663580234790157,27.936974888094745,6606.360655700001,-226.8075867,56.77406396245665,1.414213562373095,79.01769755684032,1,0.5731796430670899,1.1061492582628314
MEPCE,IGF2BP3,2.872148709329198,9.261520834557151,473.33655548,522.52559664,1.4227618351736409,0.1943255415191897,1.799750051466576,1,0.5619763392092818,0.833069822976412
MEPCE,KP03,2.6158177474379847,23.485301971966226,4080.4589843999997,4065.5180058,0.12290318938236734,0.020050456111105616,0.470891016444971,1,0.558502145745615,0.9566240688386861
MEPCE,RPL34,2.1179924435523407,66.52275770203448,5887.634969333333,5906.0712889999995,0.2292677322499827,0.05281589938445438,3.5134592775670908,1,0.5451607373612609,0.7295705102130634
MEPCE,LSM7,2.2853800685524805,31.703981369696855,9030.820555666665,9086.005611999999,0.14352544606241044,0.02944162956046788,0.93341687507859,1,0.5349707823852048,0.9023833396246697
MEPCE,RPS8,1.6654478472544818,109.8492528943802,6044.890787666665,6066.684082,0.11993847200462394,0.03781029994290619,4.153433200440671,1,0.5304317087324697,0.559471978654475
MEPCE,LSM5,2.5063505371605586,22.42747439778897,3745.2640992666666,3924.2798463000004,0.30302035244083264,0.053331754590619715,1.1960965606702882,1,0.527676785791478,1.0218740197224108
MEPCE,RPS15A,1.2885980683875804,92.5671372958772,21818.986976666667,21319.42871,0.03742945523025291,0.015321758509886318,1.4182913235989218,1,0.5226463400991755,0.4212829398849387
MEPCE,CCT3,0.10371375320231681,285.3986704430547,4877.330729999994,4280.812499999993,0.0383578332679004,0.035697447050422555,10.188003926401942,1,0.5203600960440032,0.09296332609308611
MEPCE,RPL27,1.9972652048610955,66.18004920123795,6583.009684333334,6555.952393,0.08237650049616888,0.020633252373090286,1.3655096572326748,1,0.5202936725127633,0.635454087684495
MEPCE,MYO1D,1.9916038046012203,6.102652843869732,24028.7853598,22349.547849999995,0.45336165715264454,0.11400224255849124,0.6957161097571035,1,0.5185431789165368,0.8958065696012976
MEPCE,RPL4,2.325850426503975,27.50422385818121,5895.840128666668,5610.531983,0.30609731374034777,0.061053369969626965,1.6792255549409782,1,0.5098166966105384,0.7499292641552967
MEPCE,DHX9,1.3252977765960354,2.766612226593268,34913.242840000006,50578.738281,0.3186900132771256,0.12717911644654334,0.3518552985283358,1,0.501525758452829,0.45205004163598095
MEPCE,LBR,1.7086531012069923,63.99156830361029,13171.562008666664,13321.042474999998,0.16754806576583445,0.051260744749845,3.2802554489536395,1,0.4975615229170379,0.6412089557244409
MEPCE,RPS25,0.29587547933082375,30.035230580525486,67517.08333333331,64407.15629999997,0.011414755909852255,0.009298283265290953,0.27927608187605524,1,0.492836416264986,0.1272528675837642
MEPCE,RPL14,2.304264742713954,22.730536849551573,5529.79069,5623.505005,0.1720414628703739,0.03483222367208447,0.7917551437301387,1,0.49278320286644234,0.7807549192668967
MEPCE,PSMB1,0.3403996284271811,246.37264301994864,3084.159826666668,3047.072260000001,0.01593279704751482,0.012584180983752039,3.1003979292083668,1,0.48125215422114637,0.2600892424689509
MEPCE,C4A,-0.10625165632289463,311.7276404233836,-1373.9648433333314,-2093.7011700000003,0.06127026727612508,0.06595373354697406,20.559601735710782,0,0.47704370782767525,0.0655826428917835
MEPCE,YBX3,1.8677673827779602,67.38608387326325,3441.3813886666667,3475.3599860000004,0.08442375413169911,0.02313192860147447,1.5587700808892957,1,0.46701593187021695,0.5223418105742825
MEPCE,RPL19,2.0524982244608747,32.507258298309274,7066.383951999999,7076.6843260000005,0.05430821340754249,0.013091910607423872,0.42558211973390286,1,0.46445783276240526,0.6298183768364864
MEPCE,RPL8,2.0864000253642874,32.859817177729326,5660.608439333334,5717.037476,0.1793319079337328,0.04222693901735675,1.387569496085468,1,0.4626454039804326,0.6978471046774342
MEPCE,NFU1,1.958462732835739,60.744498595652914,1904.1603597666667,1809.9597173,1.9131959322648004,0.4922713245712959,29.902774784101286,1,0.46211845502360094,0.7323614124907581
MEPCE,RPL31,1.5442429435623706,36.470054864853026,20586.413091333332,20494.45997,0.0852069884135585,0.029215495620033605,1.065490728166499,1,0.4548399446262338,0.5601911743089137
MEPCE,RPL18A,2.107643359903266,38.20673862246233,2496.967875233334,2547.6168215,0.3582718142102925,0.08312846843157658,3.1760676654508577,1,0.45463967280928735,0.6996415088071628
MEPCE,STAU1,2.3367988944633984,13.055879802885109,1337.9136555666666,1292.1571043,0.12203849770221668,0.024157453454842142,0.3153968086502106,1,0.4462930606497245,0.5933875278115064
MEPCE,KRT38,2.3856803488827056,3.6952643841898323,2005.156657,2363.173584,0.3966543714840878,0.07590173982238067,0.28047699586368635,1,0.4446321612786233,1.0037987809991216
MEPCE,ACTA2,1.5240766810782322,45.95945478812732,16305.380207333332,15702.628905000001,0.09585163607682434,0.0333279225639629,1.531733150260661,1,0.4350502470656306,0.5215164438542055
MEPCE,CMAS,1.7078032822769005,69.3978853497332,3438.6668703333335,3551.6794440000003,0.2719807606203987,0.08326059283129729,5.778109075457188,1,0.43272979201998146,0.707082231088022
MEPCE,RPS18,0.5449602562759732,36.22796329338939,48536.76043333333,49111.46879999999,0.054826826702194076,0.037579128436575404,1.3614152855978192,1,0.4325451744927704,0.19598061663146965
MEPCE,RPS3,0.7967242501927639,44.39251788618569,38364.42838666666,37867.81641,0.024013944471315912,0.013823821091740464,0.6136742250705196,1,0.42776123721562787,0.3201443921185592
MEPCE,H2AZ1,0.42516528070917536,210.52511985157332,3141.3567716666657,3426.3418009999987,0.09876109077302692,0.07355320640999695,15.48479759493212,1,0.4256427206084173,0.17410568953108133
MEPCE,RPL10A,2.0974717801947915,23.744438743268272,2964.4561157,3076.2266238,0.08527406371494976,0.019925813153900514,0.4731272498425999,1,0.4246168580887324,0.6831963941788329
MEPCE,YBEY,1.9492328518122,27.391314210785882,5684.618407666667,5880.142333,0.09123236226740403,0.023625036482542952,0.6471207975346136,1,0.4180872204538337,0.7606982120509707
MEPCE,RPLP2,1.8172615415414441,45.228463509733864,4321.111124333334,4389.547729,0.3421706008160992,0.09709429009757684,4.391425556681768,1,0.4135672639052145,0.6749573365358127
MEPCE,RPL11,1.2122278867879384,59.86615086964035,18312.82356333333,18318.7373,0.01791485226180627,0.007732112245169473,0.46289179821030924,1,0.40744629781060365,0.4613045606722963
MEPCE,RPS11,1.3376499363879162,35.518472518968814,21052.28938666667,20669.62988,0.06478164819977836,0.025631909269004678,0.9104062649798446,1,0.404996209989936,0.44921952078264205
MEPCE,SRP9,0.9620877880895495,141.2816502455106,3029.3383790000003,3036.608887,0.15249976887908476,0.07828059754127667,11.059612002836227,1,0.40385529474209164,0.3909173764703756
MEPCE,TPM3,0.8104080010348326,158.74148701394162,2392.4235023333326,2335.1870120000003,0.048171090259022824,0.027468303369203133,4.360359322577367,1,0.3996505735601526,0.32981833069217237
MEPCE,KRT6A,2.059331130893059,20.80236271112675,1570.5087691,1018.0930485,1.6731272296562776,0.40142976194243857,8.350687510967871,1,0.39544202497605396,1.1149175899585353
MEPCE,YTHDC2,2.0908084091729604,13.303291060332272,917.4013875333333,871.0547182,0.2127267481648681,0.04993753194586727,0.6643335223105132,1,0.38364530518470163,0.6885829886144422
MEPCE,RPL29,1.8089190343809323,41.93907434343397,1446.1895344999998,1263.6431278,0.6749375540474233,0.19263089555922153,8.078761449700457,1,0.38089230434673876,0.6651460742826818
MEPCE,PRPF3,1.8281758120560756,26.43825115203772,3788.7202553333336,3719.6198729999996,0.2958977980820798,0.08333111630221834,2.2031289815777133,1,0.3706662038248141,0.6692823396774931
MEPCE,RSL1D1,1.8343025107087123,30.1164623183277,1953.7452594000001,2062.8284908,0.2489033594652435,0.0697994337460129,2.1021120162524083,1,0.3664721394204212,0.5916871092368395
MEPCE,RPLP0,1.853335292911186,22.88223049033307,3264.575439666666,3405.6524660000005,0.16145712868863923,0.044683677797628885,1.0224622145211226,1,0.36576843993091473,0.6745017181623131
MEPCE,RPL28,1.707321416722651,37.526126526368,3602.9217530000005,3601.3765870000007,0.09941889528176383,0.030444952746024025,1.1424811488365925,1,0.364157159103266,0.5464012691343875
MEPCE,PTMS,2.0345473557149503,8.724039373674481,1286.0949809666668,1231.8233644000002,0.210895537155934,0.05147645938413544,0.4490826584845528,1,0.36284856098616736,0.4936600569443009
MEPCE,DIMT1,1.1185490690943098,108.02393246366825,528.3344216333332,637.5318906,0.4068722748027674,0.18738864714224687,20.242458563352233,1,0.3504405804083684,0.4046659811678176
MEPCE,PTMA,1.610449070026932,41.47410907849226,3516.5739743333334,3423.820678,0.16429776469659182,0.05380710182207865,2.2316016101664298,1,0.34812663977746977,0.41823377558408337
MEPCE,NUP153,1.627406103645529,43.84496663786929,1807.5967609333334,2053.4241942999997,0.6426742758534568,0.20801481659347373,9.120402693723355,1,0.345335175655888,0.6342067146028038
MEPCE,HNRNPAB,1.39029811876942,72.98149838171543,969.3887330333334,965.0742184,0.058902300987185026,0.02247048678181874,1.6399297947036622,1,0.3434243299425732,0.36803636043599847
MEPCE,RAP1B,0.748187056763881,137.3318622584569,1474.412679333333,1462.094971,0.09441931222681178,0.056212988118179714,7.719834341382132,1,0.3309347774739191,0.3040707959420075
MEPCE,PRMT5,0.07615345964097099,151.0260696495536,16170.010433333286,20159.343799999973,0.04533933118944553,0.04300854530637151,6.495411558966045,1,0.32770969886333834,0.09947238434635823
MEPCE,PURA,1.968101441655356,2.7665687091174402,339.8947347,602.8399658,2.825505274157073,0.7221703668701507,1.9979339396348212,1,0.3275355878254226,0.9472613919401528
MEPCE,ALYREF,0.7435344247393696,33.118839438695716,28851.114583333336,26653.195320000006,0.053777491542481105,0.03212010600690622,1.0637806335966127,1,0.30918966187624186,0.335899291156866
MEPCE,CORO1C,1.32801909056547,61.315013839838045,1744.1377356666665,1666.575683,0.1823536891486968,0.07263445841130123,4.453582822738076,1,0.30868038984027596,0.35700464221233763
MEPCE,HACD3,0.5821197807380416,143.7343389866777,1891.0056156666665,1787.1188969999998,0.10193374461004359,0.06809031833217626,9.786916896867817,1,0.3073327976370944,0.23268437044611048
MEPCE,DDX21,1.5292646586002874,20.03365043477873,5987.998046666666,6126.588867,0.09201175627116602,0.031877943124942285,0.6386315691448515,1,0.30199882612533724,0.520886569508966
MEPCE,RPLP1,1.3106119460902437,53.4746507565756,3338.499674333334,3245.479248,0.06060695254794768,0.024433781714765113,1.3065879438594674,1,0.29982410834467654,0.5503449668790323
MEPCE,LARS1,1.6991359383604987,13.096914076610874,2066.666626066666,1976.3990480000002,0.42952140305658937,0.13228032795045871,1.7324640891930658,1,0.29667104835825975,0.5759701720875354
MEPCE,RPS26,0.9707179280829304,44.05574047668343,16104.04134,15876.636719999999,0.06517976222543152,0.03325827914664017,1.4652181147854715,1,0.29606590914390707,0.37904332411619257
MEPCE,GNL3,1.664681329992061,19.89735442489888,1049.4656981333333,960.7911373999999,0.1689343809040994,0.0532844393865006,1.0602193758052438,1,0.29510706521778995,0.5255615984665487
MEPCE,FOCAD,1.5491735841349548,28.998206595871515,1865.8796790333336,1966.0948481,1.4538899570250412,0.4968042509896948,14.406432307906377,1,0.29389986307594795,0.5563083908769358
MEPCE,MOV10,1.6371619225424765,22.582869917930637,738.4100646666668,854.2140200000001,0.3395390587105545,0.10915818102171652,2.4651050024913492,1,0.29260186188451254,0.42050222527720515
MEPCE,VCP,0.1717784813137171,175.60419665777064,3715.66536333333,3744.6757800000014,0.004160151040222159,0.0036931970378912484,0.6485408989377507,1,0.29153152156353435,0.19293949205043032
MEPCE,LAMP1,1.7994975065347147,4.734680400427974,383.9626871666667,398.8326721000001,0.8464966608433312,0.24317771331772448,1.1513687530663228,1,0.29015011896412024,0.9672227435827421
MEPCE,EIF4A2,1.4620272954098867,3.7680895965051904,22262.083821333326,-885.3647460000002,3.32160055821602,1.2056879232667064,4.5431401202932244,1,0.28752283406321094,1.4071857844214264
MEPCE,PRSS3,1.09787682454947,3.1337590810456004,19217.135416999994,25455.793939999996,0.1746461478135151,0.08159568338768726,0.2557012137902866,1,0.28748484291333093,0.380442669275566
MEPCE,H1-2,1.5708314846511637,7.122937346006265,6034.661825000001,5085.267089999999,0.1404831099906968,0.04728878762907537,0.33683507145049996,1,0.2801976772011785,0.6215416623898148
MEPCE,RPL17,1.334555427376569,25.603758155710235,7379.298012333331,7596.728024999999,0.11309615916653086,0.04484441507768558,1.1481855582833471,1,0.27790894427621005,0.4423041604746266
MEPCE,NCBP1,1.579885636402801,23.016856373275644,320.54276530000004,291.561676,0.37535539330892637,0.12555995370581283,2.8899954206818332,1,0.2757667128446498,0.45432169064333267
MEPCE,LSM4,0.9797351039573456,54.338708259734446,10037.988934666666,9484.438479999999,0.1303846378880355,0.06611484335222301,3.5925951845544892,1,0.27183994907473163,0.39887970770714276
MEPCE,SNRPD3,0.17203927025635593,116.81122651000766,17244.567766666645,17776.031299999973,0.03299049132349138,0.029282196958696823,3.420489341652992,1,0.2716820630684276,0.10425683592278384
MEPCE,RPS6,1.1743404707299219,35.56597997814762,8740.392253333335,8787.258788000001,0.038959599524577206,0.0172625401424616,0.6139591570787588,1,0.27056395997416244,0.3847693861394714
MEPCE,CALM1,0.7245988480295926,103.35352332046075,2971.4373369999994,2969.3076169999995,0.0689923134300112,0.04175200616293943,4.315216942637382,1,0.2630792865448661,0.22939743141488927
MEPCE,RPL10,1.1562395408267736,29.075319123883162,8473.554363333333,8789.291508999999,0.053655098704098105,0.02407410568667707,0.6999623054622263,1,0.250996065978804,0.35906059404944646
MEPCE,RPL38,0.053685316850337124,155.722935732703,8276.328133333358,6987.406200000027,0.03560763946922959,0.03430729505657789,5.342432703258358,1,0.2501707672458039,0.08492437020632033
MEPCE,ARHGAP42,1.3346589879892945,31.951412454662336,2039.108602,1683.040649,0.5379291981631764,0.2132821207550526,6.814665009449784,1,0.24768380378127575,0.6487525270842699
MEPCE,RTCA,1.566431920576525,10.317804302510275,582.5514628,669.1618347,0.17517388221743008,0.059146333405562065,0.6102602932896156,1,0.24738011017050432,0.5593695704132541
MEPCE,RPL30,1.4971344746798856,13.760173044911273,1297.792805966667,1204.6993407,0.06563081321515979,0.023250213199003552,0.31992695694936896,1,0.24289974830495104,0.5128095320454458
MEPCE,RPS2,0.7943427430321341,46.80203216955127,13708.766926666663,14131.1875,0.044112208425980313,0.025435501946014055,1.1904331803260337,1,0.2428515908857266,0.28048470897477396
MEPCE,ATP2B1,0.8569795479132738,85.84422032774367,856.7357989999998,949.0166019999999,0.15700331162156905,0.08668314526191132,7.441247020565324,1,0.24104011328241443,0.29290375744516306
MEPCE,CAMSAP3,0.23284213885697658,156.3043790224867,348.4064943333335,450.89843799999994,0.09283744253604381,0.07900132871967694,12.34825362748045,1,0.2383437825491345,0.29879466252405773
MEPCE,ACTA1,1.3583191495541753,1.812917812026736,5377.4906396666665,11025.72461,1.377608788648602,0.5373197338640556,0.9741165162756117,1,0.2373266776281057,0.8110027448170104
MEPCE,SNRNP27,0.5093062412476657,86.08014408030009,10632.569010000007,11000.945310000003,0.058621455026086296,0.0411853906156735,3.5452443582006143,1,0.23455198381456144,0.16477269964368532
MEPCE,HNRNPU,0.9544225862739854,46.414637629287014,7814.590982,7658.059569000001,0.037159606323431384,0.01917624273936236,0.89005835783875,1,0.232570290028494,0.3157678131436266
MEPCE,H1-10,1.1507088555532359,44.52907045831048,2237.3030603333336,2060.615235,0.12357550405469495,0.055659136564316584,2.4784496137211787,1,0.23249358409038848,0.33007924385806964
MEPCE,USP11,1.3427854752737853,24.850896733911203,1458.7141114666665,1582.0026857999999,0.19176785901686896,0.07560644638607708,1.8788879915583951,1,0.2315346823397344,0.656966934132343
MEPCE,SNRPB,0.24412851959567947,94.28354607348122,15318.007796666643,17399.742159999994,0.04319046827590844,0.03646712892340639,3.438250230017566,1,0.2311669281123575,0.11777665685608517
MEPCE,ELAVL1,1.4902399328946725,4.09019584680556,2442.7135722833336,2312.257812,0.41259568137092756,0.14686533601837645,0.6007079874220664,1,0.22901943831035693,0.5370208238266301
MEPCE,G3BP1,0.5719341051918977,93.71519670014585,5636.037109999996,5713.384770000001,0.22196478494300573,0.1493198960056188,13.993543425411886,1,0.22613459565280905,0.24201532534683026
MEPCE,VIM,0.41884793003058096,106.09182679812591,6916.8893233333365,6717.113280000001,0.014524635968983233,0.010864824475172816,1.1526690764120737,1,0.22473341855777315,0.22089336104970766
MEPCE,RPL13,1.3091757541747677,7.360056970442644,6310.858721333333,5752.9423799999995,0.2348249877287863,0.09476432845055317,0.69747085616181,1,0.22068998633128978,0.44876277302650236
MEPCE,LSM14A,0.2353638265869323,55.293980802291316,25695.078166666673,26493.01569999999,0.033465667055689825,0.028428346717505198,1.5719164576386138,1,0.22056932981245317,0.11500248171407852
MEPCE,RPL24,1.1984529740599494,22.569473201066447,4840.676351,5506.496093999999,0.21769772637956444,0.09486051806429424,2.1409519202913687,1,0.22002768338109518,0.39505213475987966
MEPCE,SRSF7,0.9846693685404004,56.00520408568469,2206.3589683333325,2203.442139,0.10954179131820016,0.05535629531371298,3.1002406164719263,1,0.21745232881032459,0.2715224942832411
MEPCE,PMAIP1,1.0898810703716784,34.289197347984334,5042.945312333332,4866.733399000001,0.021648375757837998,0.010170456905438777,0.3487368039497603,1,0.21739856007619404,0.32553271946276835
MEPCE,HNRNPL,1.3956434727784373,16.74933020141991,222.7827301,190.69152830000002,0.6240802614270093,0.2371982873252827,3.9729124376224343,1,0.21650545279235853,0.6465253508041335
MEPCE,FAU,0.19720042217578973,75.98625588441435,20186.307233333355,21735.593699999998,0.029465476313004012,0.02570123613439107,1.9529407054535959,1,0.21602912138322006,0.07384168428083424
MEPCE,IGKV2D-29,0.023704621944269106,131.94788083070802,38323.33333333349,-17484.75,0.04413078771614304,0.04341203549608367,5.728126086255714,1,0.21531642165524983,0.05156913438152659
MEPCE,RPL35,0.7526368250341423,29.954200616329594,16421.634766666666,16250.337889999999,0.057590705206340014,0.03418131086181038,1.023873842883794,1,0.2150157103629089,0.25560013119883274
MEPCE,UTP14A,1.4542695966511687,8.045057751648184,396.60505166666667,290.90765379999993,0.634743351787921,0.23164395717127426,1.8635890132632198,1,0.2129295991604613,0.4786251785972393
MEPCE,MRPS14,1.4788191312245793,3.6067729500512162,385.77673846666676,326.72056580000003,0.75140819861698,0.26959297475435884,0.972360648867862,1,0.20935230582818967,1.0378071363584191
MEPCE,CWC25,0.2192700306803504,138.80554211652557,1548.464843333335,1757.5996090000008,0.05362248857985744,0.046062111219464796,6.393676318849506,1,0.20680541589719098,0.17475161776411444
MEPCE,TPM1,1.3630440833937465,8.793714855086149,1707.8380940666666,1925.7976079,0.25111070741384334,0.0976224640635198,0.8584641124254879,1,0.20387228262561904,0.5884931995712348
MEPCE,LUC7L3,0.5830841076439088,92.35652693113181,2726.177897333334,2742.6674809999995,0.054423729990138704,0.036329999843834906,3.355312608985153,1,0.20286618447355112,0.171589331549807
MEPCE,RPL37,1.3041863523029231,14.777545751353287,665.0195312333335,746.9433590000001,0.5940736079082785,0.2405707408881075,3.5550451299109658,1,0.19385763731321404,0.4290700934897875
MEPCE,SMC3,1.0908709898838023,5.979273575041533,10924.016602000002,8477.75586,0.24012242215335425,0.11273268868036153,0.6740595864698694,1,0.19335792146879527,0.4506581354191859
MEPCE,RPS7,0.7670529989559856,30.200442006455184,13165.02864666667,12872.667969999999,0.08676886685961392,0.05098712415043647,1.5398336859811872,1,0.1930826718412899,0.2840637807272477
MEPCE,PHF10,1.1718006804238428,28.2204354654375,667.3888853999998,706.9229121,0.14545101377063174,0.06456118996228347,1.8219448949024717,1,0.19070959061661247,0.7203650349503696
MEPCE,DCTN3,-0.07646608014817449,170.72458264280948,-110.82153299999959,-189.42468199999985,0.05894855857052315,0.06215790282747242,10.611882018172535,0,0.19009354323239666,0.14428717605550612
MEPCE,CHERP,0.5873125043498879,90.70774723703337,1221.3071293333333,1202.1347660000001,0.08569906668899177,0.05704010314755007,5.173979258682283,1,0.18838482103400078,0.46965313240998274
MEPCE,HSPH1,0.10296186461179992,149.09946481529596,223.4368896666665,-661.5139159999999,0.49802514478647514,0.46372520786624793,69.14118031421944,1,0.18625277259112966,0.4316474093117629
MEPCE,SPTBN1,1.2965620918656062,10.759857704152521,962.1393637333334,1062.3351437000001,0.2744752372031324,0.11173799035833429,1.2022848764036436,1,0.1856639868339022,0.5048576394793641
MEPCE,FXR1,0.7286557474564371,72.92492510299617,1277.3803713333339,1468.943848,0.1260239581540433,0.0760516253564607,5.546059083081021,1,0.18538747837822825,0.606876961541547
MEPCE,MAP7D3,0.5873939361359913,86.44231416970602,2040.4064126666676,1940.9541020000001,0.09312769377436789,0.061980995103700635,5.357780651305101,1,0.18523543462321304,0.1793908301266661
MEPCE,RNPS1,0.3904944020166895,58.34071417126142,16298.13411333334,15143.769529999998,0.052625831039523396,0.04014687557381993,2.3421973927214252,1,0.18379169212337013,0.30917493195715573
MEPCE,HPX,0.5363641280609717,92.8955160458105,1240.7373863333328,1545.8767090000006,0.20446483397699614,0.14098078601170502,13.096482869101319,1,0.18214627952751294,0.21247040408287535
MEPCE,RPS4X,0.7159459207286855,26.35964910707895,14606.749349999998,13770.400389999999,0.09255510065801642,0.05634842792250659,1.4853247877728035,1,0.18147458277769696,0.2529610126052829
MEPCE,YBX1,1.2499304699805402,6.4615783338817385,2620.8162840000005,2957.399536,0.04339122143465725,0.018244717263040458,0.11788966977466035,1,0.1788736152535601,0.3968261316206583
MEPCE,RBM4B,1.3185060875601233,3.411020544770953,987.5426636333334,1023.0621949,0.6680491424626623,0.2678553161864412,0.9136599865380706,1,0.17497651908670317,0.6226665811468941
MEPCE,ILF3,0.9256794099632883,41.23677077003593,2060.9047853333327,2139.881348,0.15039686487417286,0.07917422130528422,3.2648892148621003,1,0.17015769791990737,0.31985679637514436
MEPCE,MCM6,0.5972061856033136,68.40340601904659,4413.990558333335,4741.550786,0.10796955023523427,0.07137188838296364,4.882080259405937,1,0.16864952093955174,0.2960094572029839
MEPCE,HNRNPA3,1.128894359506776,19.28403244232136,1681.9845376666665,1667.460083,0.015730308950382497,0.007192968761291127,0.13870944294934218,1,0.16857122000086427,0.30435430526513907
MEPCE,RPS19,0.40612797059398403,49.301513546870396,14727.072916666672,16857.101559999996,0.048022184366024345,0.036240024859952334,1.78668807657186,1,0.16836252152189757,0.19011230664200338
MEPCE,RPS23,0.6344115538416908,56.25512403756716,6422.348303333334,6963.364260000002,0.10182599044183337,0.06559708392409798,3.6901720926528343,1,0.167852460065325,0.18490961135398956
MEPCE,PRKAR2A,1.311876709724894,2.801577202639373,257.3973948,239.95722959999998,0.939054138479663,0.3782493061866446,1.0596946331266632,1,0.1661129582675458,1.3725749043566635
MEPCE,RPL22,0.34966878995482004,40.33336559400585,18973.752603333327,20399.625,0.01223300338326668,0.009600098956791725,0.3872043009629148,1,0.1656539823826213,0.16294079814763449
MEPCE,RPS17,0.827966708956297,36.0577835416133,6043.243324666665,5816.020016,0.15644305405365572,0.08812840645841338,3.1777150039447846,1,0.1651153461388976,0.30121482996439924
MEPCE,RPL35A,0.5816873793329793,78.14371776970843,1472.884928,1518.9194329999996,0.07560120049943307,0.050515684770338805,3.947483413636914,1,0.16192085603634174,0.27373140243005645
MEPCE,TPM4,0.82141128264186,28.22357141312232,8137.285482999998,7650.02637,0.078541563869011,0.04444598825728798,1.2544245236063634,1,0.16188089664632685,0.3300199201392762
MEPCE,TUBA3C,0.2415283633875589,20.88442566385406,28992.572933333344,26806.718799999973,0.02529641134951301,0.021397119201117712,0.4468665453763672,1,0.1615236661707214,0.2383213472647201
MEPCE,ILF2,1.0101190914651295,24.69557687040958,2523.183105333333,2615.653809,0.05773933312554048,0.02866802497594231,0.7079734145162051,1,0.15842377022642837,0.2929538445910275
MEPCE,IRS4,0.6522528619788197,66.73625780899924,2065.0799966666664,1977.9506829999996,0.029244003316882875,0.01860766641109497,1.2418060228346897,1,0.15842070461976035,0.20458974228944307
MEPCE,PTGES3,1.1543928532833103,12.681424305646637,1446.6909994666667,1362.9641120000001,0.044371638206971396,0.019934279291542872,0.2527950539233202,1,0.15831205977415597,0.3329936243922203
MEPCE,COG2,1.2810453154632253,1.7183684126435472,282.55668133333324,638.4104004,1.7512915929606452,0.720654635004829,1.2383501612174628,1,0.15789477843503322,1.134945026924291
MEPCE,RAC2,0.4514571980634199,93.24309635993934,814.358968333333,852.9370120000003,0.04279370203243073,0.03129542660672268,2.918082478716052,1,0.15785776637448856,0.1778008791288338
MEPCE,PSMA1,0.3092177373712752,99.71120174210206,3195.350586666669,3190.9072300000007,0.022255459568324542,0.01796206475507837,1.7910190624983204,1,0.15577501275413166,0.28055225731142486
MEPCE,DIS3,1.1810958399137552,9.221142484125965,763.2275592,836.3190913,0.21454030050881667,0.09461620490990902,0.8724695067815297,1,0.1525435651627362,0.8692711892925453
MEPCE,YWHAE,0.4143232225865052,86.09432235431937,3045.7545563333333,3358.572263,0.06266007923886202,0.04701868520572806,4.048041840778219,1,0.15181473710250534,0.19157381647223204
MEPCE,G0I3,0.7605084265700472,48.92704204477752,2647.4716796666667,2777.4807130000004,0.10655826489484951,0.06290046491388623,3.0775336914777656,1,0.15145784982364444,0.3332193203747743
MEPCE,SLC25A5,0.37307386801041115,97.82833738452727,1155.9669596666658,1113.1315920000002,0.05267467604483702,0.04067230651444888,3.9789041239024114,1,0.15110436338146413,0.11839786934320748
MEPCE,MRPS34,1.0976631578144171,16.349155014813167,906.1842446333334,968.1924436999999,0.09588666316928071,0.04480543512104099,0.7325310043000532,1,0.14880595789642176,0.38175473871367993
MEPCE,POLDIP2,1.0286780141330543,23.847686162625084,1038.2014773,875.893799,0.18932071961022084,0.09279772667535653,2.2130110623589645,1,0.1484795897739044,0.4304340537377121
MEPCE,RPS20,0.29487568221779376,85.15612818142934,6336.179690000008,7048.906250000004,0.032700409484225604,0.026655713129877637,2.269897324055269,1,0.14801728155228955,0.1972986467088264
MEPCE,LIMD2,1.2281182335996976,2.904860460995823,339.36754356666665,341.9698487,0.3400599842860547,0.14516334188427385,0.42167925222564595,1,0.1466651863328053,0.5234085585509598
MEPCE,ZGPAT,1.0500310107847513,20.14328117745676,1078.2065224666667,1083.123535,0.1652334929260976,0.07980118685257856,1.6074577450662555,1,0.14658507161986667,0.41314017427262417
MEPCE,RBM26,0.8215658189719816,42.37031538041328,1893.8387043333337,1987.603027,0.10414010360483882,0.05892566709365873,2.4966990987595614,1,0.14602321569693275,0.31418209616105014
MEPCE,EIF2B2,0.31878217721037233,103.71057051123668,486.92655466666724,491.10839899999996,0.10852532465173387,0.08701048275418533,9.023906806894681,1,0.14561750025175269,0.19131624426410254
MEPCE,PRKAR2B,1.2349236378127493,1.9586297068301204,229.2183024,0.0,7.834518827320483,1.414213562373095,5.53984139013199,1,0.14450373803305314,1.3907617257440403
MEPCE,0CA,-0.0704106601399457,149.04759478322077,-364.3487956666668,-169.65625,0.08321667752008312,0.08737972090405563,13.02373723357861,0,0.14350890871940675,0.11581835204434494
MEPCE,RBM25,0.30276998170430136,104.17823439604385,436.5006103333337,324.5970460000001,0.13223958311779627,0.10720675383464737,11.168610329824865,1,0.14189122439765145,0.12817741503939978
MEPCE,RPL36A,0.7368566739080089,40.44323884882239,4300.264322333334,4349.988281,0.033763713515707,0.020259879186657507,0.8193751329942751,1,0.13988875613189797,0.24198873317196376
MEPCE,RRP1B,0.8885070404420151,34.12526189708209,1361.9583333333333,1340.3496089999999,0.0828238981834115,0.04473946047648914,1.526745805894345,1,0.13978061852886864,0.30205237864162154
MEPCE,C19orf53,0.42220495584963336,51.2796560948971,11178.460936666663,10185.27734,0.04690148984878394,0.03500205344201105,1.7948932631215362,1,0.13668104734970277,0.20976320539753865
MEPCE,FEN1,0.25360996108949113,104.07374549130428,1217.0651043333328,1212.518067,0.048485836184946694,0.04067001449652427,4.232680737838923,1,0.13622554346396495,0.15254650007416806
MEPCE,APEX1,0.07526274495640405,127.99562016645828,124.48787433333337,-16.333741000000373,0.09114748275914807,0.08651520826250775,11.073567735389974,1,0.1357312946257418,0.08418616743583761
MEPCE,RPP25L,1.1633309395918954,3.1674539972811036,1106.5806476666667,504.6501460000002,0.35587433969634125,0.15889166124142073,0.5032820275337732,1,0.1351303567998499,0.49768464257529854
MEPCE,LARP1,0.7099939964189237,52.41104716498655,1119.805054,946.3361819999998,0.12159781095993315,0.0743359544484776,3.8960252146534513,1,0.13359260618985352,0.2352522904417111
MEPCE,EMD,1.1782554208319724,1.600196467322814,338.0638122333333,651.0289917,0.281220839591266,0.12426796755691316,0.1988531626859585,1,0.1328809623303888,0.6641669803216298
MEPCE,RPL23A,0.7165702516990169,30.488382748324415,6800.483723000003,6741.511719999999,0.011777127341822569,0.007166925236748775,0.21850795974662224,1,0.13246839151534037,0.2562236392330379
MEPCE,DDX5,0.7066797225901681,35.11434985763107,5718.239257666666,5574.680666999999,0.0654045174750209,0.04007546896668087,1.4072240380046688,1,0.13131356060569335,0.24137848818665003
MEPCE,RPL9,0.8942091279693448,18.336430208219028,4013.130208333333,4036.7426749999995,0.06959737498571616,0.0374465167688089,0.6866354412721679,1,0.12778153023301111,0.29281470085786004
MEPCE,PSMA2,0.5111735955563151,65.6524961754397,2664.990071666666,2676.0766599999997,0.07368668265037918,0.05170272903673637,3.394413220344129,1,0.1267964113958216,0.2486408695638525
MEPCE,DCAF1,0.33322513524996394,94.15299748159553,232.4396770666666,233.70739749999996,0.12436648458017173,0.09871793104126256,9.294589112716315,1,0.12634828581258126,0.21442862990216038
MEPCE,XRCC5,0.2894927512184951,93.42527019251925,1588.1801756666664,1742.7036130000006,0.051164237473873365,0.04186239369708932,3.9110054420561853,1,0.12533215361506814,0.4136168584339771
MEPCE,ZMAT2,0.16844963303461294,109.94169396636451,614.2182616666669,433.2016599999997,0.10401408386575016,0.09255238620652713,10.175366120174782,1,0.12284491080653732,0.12739904234720043
MEPCE,P4HB,0.02488028693048507,127.58506255533953,60.3694660000001,45.90258799999992,0.052667793001951874,0.051767796076967194,6.60479750083192,1,0.1225596658593405,0.14755955153813316
MEPCE,TOP1,0.48847988544555365,10.387762879688063,17276.729160000003,18649.847650000003,0.047624342339411346,0.03394571722732517,0.352620061338396,1,0.12084192563765163,0.18456772154480303
MEPCE,RPS15,0.884948197342444,16.545563598800296,3768.8315426666677,3969.882812,0.31720339236343237,0.1717687768171051,2.842011221115546,1,0.12040683240385773,0.3595933293085194
MEPCE,RPS29,0.2520231985322479,47.62409621017555,14424.554686666655,15099.507809999996,0.02811115196590062,0.02360563825103455,1.1241971871698697,1,0.11918958931311083,0.1193659385877571
MEPCE,OBSL1,1.112393941391654,2.486874097200882,113.44441985000002,156.37670895000002,0.6499736353706732,0.30063103100712985,0.7476315238264264,1,0.11596839582023191,0.6700530471644554
MEPCE,CCT2,0.40531987918750956,35.25163366927237,12058.328123333325,13303.863279999998,0.10797146855717266,0.08152650902168773,2.873942630367165,1,0.11328620673317989,0.18211688481222674
MEPCE,LRPPRC,0.4772913343312132,66.95845008934063,1645.4361170000002,1569.7729500000005,0.08199394276240167,0.05889872339789908,3.943767230964105,1,0.11306453008995884,0.23140775402536562
MEPCE,HNRNPA2B1,0.8369498332307741,22.573991649084462,2559.344645333333,2695.0354009999996,0.04378722516467469,0.024513360440909775,0.5533643938840948,1,0.11210129532985356,0.25896777623558653
MEPCE,ZC3HAV1,0.9144074190122621,20.841167232130235,598.4480794666666,708.8425292999999,0.3402625478034999,0.18053125132118147,3.7624819994104755,1,0.11173385227034449,0.37883531607834403
MEPCE,SRP14,0.6733611164321364,43.58675533663388,1811.274902333333,1831.7822269999997,0.11559474205433515,0.07248345887287876,3.1593187878451308,1,0.11165523252568302,0.3017412214917839
MEPCE,NKRF,0.8408009979465383,27.595992248492355,1030.7150473333331,514.985962,0.5577059290757738,0.31138763687152343,8.593050813382913,1,0.10946051662115955,0.5064814024324495
MEPCE,CALD1,0.9531922804956173,13.603484686797392,1025.0078935333333,1099.084839,0.10435737043665819,0.05389964469957073,0.7332229912944306,1,0.10864034246245761,0.5807787534425779
MEPCE,MRPS27,0.9620813992837175,14.150497904904054,600.4559734000001,638.4482423999999,0.2718830399848924,0.13956257926484314,1.9748799854901689,1,0.10852852711874164,0.4404316266522641
MEPCE,HECTD1,0.7744292668022111,32.8132857591372,1186.0102133333337,1312.6998290000001,0.17319722189328562,0.10125512677415056,3.3225134094178665,1,0.10835066573248062,0.35270757610091963
MEPCE,DHX16,0.48230725692933873,68.71804249482165,307.69457980000004,355.1279291999999,0.11295403063246612,0.0808566772243226,5.5563125814910785,1,0.10810985932834802,0.1543329394188798
MEPCE,ARHGAP22,1.0680774826645796,2.8628754301791437,335.3791910666666,289.5186157,0.28147633595336663,0.1342519493742025,0.38434660731705866,1,0.10739094467160554,0.3998499250321645
MEPCE,SAP30BP,0.6046300772289732,51.024084389630026,1303.132079666666,1277.7233889999998,0.23384850445730823,0.15378913824021678,7.846949967777298,1,0.10693441260863529,0.21573879260178697
MEPCE,MTDH,0.9906152083281252,10.287195552136023,583.375478,564.7968754999999,0.1340785970094279,0.06747715302088493,0.6941506684272493,1,0.10672258382587392,0.30959025583728644
MEPCE,RAB34,0.7922634674797812,31.63354143639643,723.1298015666667,786.064575,0.20750577326086816,0.11982229232453791,3.790403449252276,1,0.10625475987794561,0.3896363949106282
MEPCE,ATP2A2,0.6758649138082128,41.33173463746485,1513.5443520000003,1003.4311520000001,0.2815094676492419,0.17621387920592702,7.28322529477766,1,0.10297386199358599,0.2556091225740368
MEPCE,RPS24,0.3547498356371907,68.4355193707933,3764.6383499999974,3667.124030000001,0.026530351963849085,0.020747036276023516,1.4198342029543587,1,0.10295699493791387,0.11367322580161122
MEPCE,PRRC2B,0.47073459515329824,12.268337181774534,16655.70833666667,14644.636720000002,0.04671714605120714,0.03371119941470082,0.4135803612215899,1,0.10263475902479915,0.15581250329189486
MEPCE,ORC4,1.0562796663242464,2.593979745789834,94.92185463666665,90.08828731,0.1062026464003567,0.05106996542475418,0.13247445592999943,1,0.10220939376697155,0.6556635951151062
MEPCE,PTCD3,0.9961274638655309,8.974358359461945,139.16323849999998,85.80905150000001,0.6234153871244237,0.3125470819319184,2.8049095174611494,1,0.10159586499287908,0.4535915713302848
MEPCE,SRSF4,0.3888799801339641,64.83866396384202,3271.509439999998,3575.311520000001,0.04699617097477254,0.03589229703550881,2.327208586375759,1,0.10113793962484022,0.15960551075691218
MEPCE,EDRF1,1.0356030543933334,2.7135342708074495,267.90804033333325,168.39086909999997,0.3979129643959528,0.19410763790218769,0.5267177276730692,1,0.09842353716462744,1.0675730176890763
MEPCE,SPART,0.945301171519329,9.520216064830846,701.2948811333334,630.8595583,0.011266947547488011,0.0058511943053439494,0.05570463402418223,1,0.09474544133944353,0.3179393873337298
MEPCE,BRI3BP,0.8236343825644452,19.936878877247075,1499.7312416666664,1571.4551999999999,0.040302555575233955,0.022771748820025174,0.4539975980479359,1,0.09457781584864386,0.24779144696855776
MEPCE,DDX3X,0.6114547120375926,36.466974283521346,3620.659994333333,3452.012694,0.11183616369629928,0.07320131694661461,2.6694305426120906,1,0.0945431319787846,0.21843657813153516
MEPCE,COIL,0.8252094420992169,18.972070785072418,1800.122151666667,1655.7868649999996,0.2127076763812732,0.12005294545371667,2.2776529791043507,1,0.09437943223238998,0.25344396156730375
MEPCE,RALA,0.8892151324116571,13.47566795817874,1240.5121256666664,1216.518799,0.051028418844377844,0.027550788253189382,0.37126527448607133,1,0.09409449135369188,0.26793954973273704
MEPCE,CTSZ,0.8330442578221577,22.175253290656457,284.07535806666664,325.3010254,0.3028208529694492,0.16998746876561044,3.769515176114964,1,0.09209515235883928,0.4396889679008249
MEPCE,SRPK1,0.9073280964037771,12.473217146955728,298.0547688666666,272.1978759,0.22263430230434333,0.11870292523391492,1.480607362421471,1,0.0889351659503758,0.35865808239720076
MEPCE,RSRC2,0.4640433649704907,45.99882369737826,4568.585286666668,4553.460940000001,0.03276819583290984,0.02375552904309394,1.092726392291227,1,0.08739881720372072,0.20587133464928745
MEPCE,ANKHD1,0.7622072558956079,25.700877235788045,880.9074706666668,775.807129,0.14444803777918294,0.08516613925566477,2.1888444896558696,1,0.08662279355415502,0.38670598950057594
MEPCE,DDX42,0.792975650558716,19.938600530899524,1307.3716630000004,1272.0126950000001,0.14884009478995594,0.08590392111952756,1.7128039672401631,1,0.08519566866473022,0.2720762162387566
MEPCE,SART1,0.7899344559049643,19.548913759435802,1522.3389080000002,1445.142456,0.24286007778391178,0.14046388489084125,2.745916372046373,1,0.08512972591497421,0.2614636850949719
MEPCE,RBM17,0.652419038839212,34.00392752376234,1769.9490563333338,1717.4763189999999,0.04820205532162588,0.03066695242385311,1.0427968275953692,1,0.08511442033636882,0.22155399388050476
MEPCE,CAMK2D,0.01993417724385357,110.97093311648332,21.62801133333278,-5.082153000000062,0.04342161460028669,0.0428261926610058,4.7524625614181035,1,0.08488081519439804,0.11556738474598341
MEPCE,CCAR1,0.5175736086880564,51.525204189526605,984.4351396666666,975.475586,0.09243982637901427,0.06457389358837354,3.327183052453709,1,0.08439633787065098,0.2758959817337956
MEPCE,LSM14B,0.7158562996564397,29.13335350037938,913.9486493333332,650.9560549999999,0.4559496606031878,0.27760374596966114,8.087528064363655,1,0.08244832370249616,0.2785695458823562
MEPCE,SLC25A3,0.6070387488222966,41.49166471528494,717.1902263333334,719.7009279999997,0.039963924636025806,0.026238204385045278,1.0886667790754176,1,0.08231313777489706,0.2392351734787766
MEPCE,DDX52,0.8534907763863605,13.31716438348881,621.9846598666666,568.2303463999999,0.10789562086993754,0.05971451334920616,0.7952279903514153,1,0.0800920445749323,0.24299056901553692
MEPCE,ADD1,0.7457837333771068,24.63836284502762,650.4962153666668,796.9254147,0.3331632323776861,0.1986810208835092,4.895175082948409,1,0.07948374099897487,0.3724751016364253
MEPCE,SRSF10,0.8153598013443702,15.680190692541977,949.761434,1056.1689459999998,0.14950626033827025,0.08495991885241369,1.332187728828739,1,0.07913445907215112,0.27228977115869124
MEPCE,EIF2B1,0.5982623009767615,40.10937101851898,1017.9963376666667,915.1535650000001,0.05552587439474501,0.03667780837643471,1.471123824316563,1,0.07911897349672248,0.27042978156168607
MEPCE,PRPF31,0.5309956776781362,31.749157290127926,5049.731773333335,5514.0332,0.01843899421647129,0.012761290855024055,0.4051602305812298,1,0.07834272630924127,0.30274856337859507
MEPCE,HNRNPR,0.7327470495869511,4.345453860703134,7706.902997000001,5319.6982499999995,0.006760533893489042,0.004068223148856877,0.01767827598840197,1,0.07764465703705446,0.33961250949727506
MEPCE,EIF4E2,0.6367498757600564,8.883641155246147,7792.866536666666,8556.46777,0.11385085590583395,0.07322481460358432,0.6505029765976708,1,0.07702062608919646,0.3201227104038234
MEPCE,H2BC12,0.62250260478592,22.70836736575694,4654.204263333333,4836.671871999999,0.030132457031256835,0.019572459832195466,0.444458608121016,1,0.07677395671224839,0.26822112325196157
MEPCE,FANCD2,0.7351007184574212,23.8773522315809,825.2174890000001,851.52649,0.05109930856003335,0.030699426798364973,0.7330210269721944,1,0.07613140095354164,0.3040347243386742
MEPCE,PHF6,0.4916060400210136,46.17501314860656,2257.9669596666663,2105.1884759999994,0.08369592729851127,0.05952772019898588,2.7486932628947454,1,0.0758598564649187,0.227279992456604
MEPCE,RPS27,0.052327698683072334,96.86093844721032,1480.8450500000035,1996.1132799999978,0.023579331447826736,0.022739633909541174,2.2025822804241644,1,0.07561826710632727,0.11457878034993695
MEPCE,KHDRBS1,0.6226952787019426,8.726280486020581,8983.289386666664,7854.082030000001,0.329255621459239,0.2138385801030286,1.8660154287114072,1,0.07524812638897715,0.3605711153021829
MEPCE,PES1,0.8268070604819859,14.318910466673028,456.63677999999993,491.3001713,0.0897736140585952,0.05061245827621729,0.7247152585553797,1,0.07482100366731029,0.26790012378554123
MEPCE,SNRPA1,0.7620956056744598,18.339947192352184,1030.169148666667,959.0526120000002,0.10611770531421064,0.0625715299518738,1.1475585550620486,1,0.07189173085427299,0.26128164930768644
MEPCE,EIF4G1,0.6377828828953628,32.41841201520277,2031.0395490000005,-195.77563499999997,0.8535818989944182,0.5486005133259071,17.784757472750993,1,0.07172486869892848,1.314240677956806
MEPCE,HSP90AA4P,0.8982498905630648,2.2942025505645818,2793.5561519999997,-660.3349611,2.2226709597426026,1.1925520540477799,2.735955964077448,1,0.0708592493067263,1.2535383243417124
MEPCE,FXR2,0.8363884129161744,10.75643460769438,727.0129187666669,567.521118,0.34644597978376235,0.1940260123132624,2.087028113639312,1,0.07077355281221764,0.4784465413441119
MEPCE,HNRNPA1L3,0.8662082305686399,7.582925118760966,645.7012126666667,541.1760252,0.03779687819979844,0.020734981572734193,0.15723181260493185,1,0.07070950564246571,0.2579923387528905
MEPCE,RBM27,0.5481088855518951,27.25015319577225,4635.613931333335,4876.41309,0.0459347491100405,0.031415726214176834,0.856083352092757,1,0.06861734396090347,0.1704257151224636
MEPCE,HNRNPD,0.6650229327032174,25.653039292232215,1550.4749346666667,1564.3845210000004,0.0645697571795915,0.04072302600783282,1.0446693862775298,1,0.06856386217457665,0.22837631326482782
MEPCE,RPS5,0.36331322239742997,37.30095600633915,7464.305990000001,7422.960940000001,0.02708219266090333,0.02105324389553762,0.7853061243381769,1,0.06654396812328314,0.14644847363767102
MEPCE,SNRPD1,0.5147839579541098,41.83777273198563,1495.0036620000005,1444.3830560000001,0.06652229433442998,0.04655912892416784,1.9479302545285524,1,0.06649188918979144,0.3182905414600371
MEPCE,NPM1,0.6702590005203427,22.53288835141161,2160.8151853333334,1822.9902339999994,0.14822351177717658,0.09314333067105932,2.098788270689592,1,0.06647269099671563,0.2969057434751181
MEPCE,SCO2,0.8026028869360932,13.066429600273617,440.22155756666655,345.8933716,0.14925320489928906,0.0855694246241614,1.1180868627875244,1,0.06557661756249766,0.4575285728571763
MEPCE,UBL4A,0.6023129693060825,32.91569386417311,1023.2284346666668,1095.3295900000003,0.013220324133172133,0.008708246088492761,0.28663796234271066,1,0.06518285859837568,0.2777190149280014
MEPCE,FIP1L1,0.765534129490162,16.566609979064584,470.4997153333335,544.6433109,0.26152455275580044,0.15383894292325587,2.548589767001157,1,0.06505200241281114,0.24804405876796798
MEPCE,SRPRB,0.4993857012532737,45.952244192405516,414.94842526666696,436.05352760000005,0.03313976951685774,0.02344350162797272,1.0772815115336587,1,0.06350674110482471,0.18034645123026508
MEPCE,ARL8A,0.6951738150243492,24.663277502807745,282.8478698333333,203.45468140000003,0.3464004189897512,0.21395031019869074,5.276715872242107,1,0.06346157571913572,0.2747515646070203
MEPCE,PPP4R2,0.8430354027527923,8.401354737751095,127.43923696666664,145.04100039999997,0.1748662230809317,0.09748311701919504,0.8189902470199587,1,0.06326085375484453,0.6282521443893975
MEPCE,SPTAN1,0.6250955365889957,30.296069028482226,796.1136473333333,763.5920410000001,0.05073805712630514,0.032897594437262416,0.9966677919423149,1,0.06284942702225164,0.3516123172139645
MEPCE,RPL32,0.732691703982188,15.355936922792779,1392.7062579999997,1167.1696779999997,0.21203180081099754,0.12759728537989848,1.95937586581331,1,0.060486417325429725,0.40031486186927645
MEPCE,PRRC2A,0.6450851292692947,26.29380159633232,919.2043056666669,938.8063970000001,0.1766925182426758,0.11298764685229554,2.9708747691707207,1,0.06018021785482482,0.2687997669868321
MEPCE,SRSF2,0.2341536422479092,40.34228470620853,9884.970049999996,9692.30859,0.026836623230697625,0.022816251292476806,0.9204597055694975,1,0.060086100998878136,0.14911751233889217
MEPCE,CDAN1,0.8537634040018182,5.007805600380055,299.1585998666668,254.739624,0.2983533446907485,0.1650915785739283,0.8267465317581021,1,0.059599002042764575,0.5149909359244431
MEPCE,HUWE1,0.4181971678298012,50.85789143801539,1074.820963666667,1034.811036,0.043969119430137316,0.03290494176803693,1.6734759562130406,1,0.059338656158490044,0.43436365795675974
MEPCE,RPS19BP1,0.7548984207565218,14.327109076823058,724.7991534,660.9882810000001,0.05218052895399853,0.030921744153086173,0.4430192013268813,1,0.0590507748467857,0.23672689132466446
MEPCE,PSMA7,0.37845623376836124,46.917078425750475,3319.0901700000013,3332.768549999999,0.04394460833648942,0.033805102770089,1.5860366578548204,1,0.05888229871806173,0.26557032082172144
MEPCE,CSNK1A1,0.8106473427612982,5.858524715854729,966.5391437000001,1565.875244,0.656087219821271,0.3740545036059314,2.191407554452121,1,0.05867326183298241,0.5017973366619952
MEPCE,NUDT21,0.1508780019173713,78.54982802201059,1476.611326666667,1580.3769499999999,0.052016784351021854,0.04685205110143266,3.680220556495987,1,0.05817068809746423,0.14616839152178165
MEPCE,MAZ,0.614048763485235,26.42580020371029,1538.8647463333332,1584.6022950000001,0.05624976589142685,0.03675161769627649,0.9711909064049458,1,0.05786611737380854,0.31443480985250455
MEPCE,SLIRP,0.48420506655456363,42.14178271643706,1170.1967770000006,1213.3945310000004,0.11562663403626192,0.08266101598805517,3.4834825748885514,1,0.057527316060601616,0.26846718086169635
MEPCE,RBM39,0.4504280540126217,45.107466590622906,1312.9827476666674,1403.7233890000002,0.07696930934734872,0.05632852936614994,2.5408372564825297,1,0.057054743654272384,0.15334606772967557
MEPCE,ARF5,0.8052558759651921,8.320942419121215,311.9732359666667,267.3327026,0.8613556583221159,0.492922705399197,4.101581448704168,1,0.05509243228157498,0.9609441766734983
MEPCE,TRAF2,0.48578942716944457,44.307519211563346,217.78318276666664,142.2494507,0.2480429596559433,0.17713028316330318,7.8482034242077106,1,0.05470165132557864,0.18636740180860814
MEPCE,TRMT112,0.8183468164883462,6.169557342856899,287.3677673,251.3605652,0.4157876650404237,0.23579094631074576,1.4547257641906384,1,0.05344258753205087,0.7209217798171657
MEPCE,ARHGEF2,0.47612205016537545,43.41588589194004,585.8983149999999,446.7677000000001,0.17021773511451152,0.12237167681721459,5.312874757101553,1,0.05304642371440081,0.19514607695198333
MEPCE,MYH10,0.37536879735594436,47.09305835010775,2470.352536333334,2655.73437,0.0806825548377619,0.06219933226813392,2.9291567838409707,1,0.052530261140545195,0.12562103701250688
MEPCE,KNOP1,0.7326429812203263,14.626415225969476,450.36897766666675,351.30822750000004,0.15310593880265205,0.0921397727817857,1.347674575532878,1,0.05199698390090468,0.25076202164300304
MEPCE,NOP14,0.5969843340151284,28.163305636708927,823.5042320000005,884.4281010000002,0.0355758332144424,0.023520565555183396,0.6624168764788784,1,0.05194475857716968,0.18515448726284128
MEPCE,U2AF1,0.24545384968032377,39.762318605023495,7759.649740000008,9074.37891,0.04186393086532792,0.03531463295448569,1.404191686955722,1,0.05076853241333222,0.12006072907780557
MEPCE,RBBP4,0.6417204007939333,22.39679330502983,829.0705160000002,797.8728029999997,0.15878735854791565,0.10177511888527146,2.2794363012682632,1,0.049985011468808065,0.28736045179185776
MEPCE,ARGLU1,0.6940941848225373,14.03641465880249,1157.975993333333,1323.5476079999999,0.1036135144681051,0.06404362703770217,0.8989429053548822,1,0.04789695003950322,0.33333168675529573
MEPCE,EIF3I,-0.1403237292027844,114.82687374898627,-1034.7685546666671,-851.2294899999997,0.06473991457305805,0.07135403880135041,8.193361204922933,0,0.04678762217896113,0.39310789299385207
MEPCE,UPF3B,0.7402275406393851,11.444089889721129,363.2098286999999,366.4871826,0.08429339281479829,0.050462114084896204,0.5774929696129147,1,0.046638038621694675,0.24030425083540122
MEPCE,SNW1,0.594134234445447,27.736931142213997,365.21348063333335,354.9479984000001,0.10587594727114251,0.07013712503798342,1.945388607691399,1,0.04645818121033947,0.2047155454162436
MEPCE,RPL39,0.5934294253786545,14.016934284639262,3590.7529299999997,4349.182617,0.06390759049198809,0.042356031700001275,0.5937017128970152,1,0.044699465029046634,0.18064907494250182
MEPCE,MYO1B,0.6137513925654778,23.67050838058861,594.5092776666663,657.991211,0.09285093436218068,0.06067803910019761,1.436280033038911,1,0.04447449414421227,0.31703686165815187
MEPCE,ELOA,0.5815764820772904,25.889151405505935,995.8835859999999,984.4589849999998,0.10617205508856256,0.07094816379084322,1.8367877543237738,1,0.044318835812518886,0.22899736498605797
MEPCE,UPF1,0.7563012243635726,8.861104866739712,315.04155480000014,246.10647589999996,0.14810388621595605,0.08767982438006121,0.7769401185290435,1,0.04427817490335751,0.5134547294935647
MEPCE,C1orf131,0.6769849957974049,12.787760194594673,1510.1985676666673,1727.9389640000004,0.10489161534589499,0.06560707861511988,0.8389675883980735,1,0.0439776743714959,0.2355749029446805
MEPCE,RSRC1,0.4261660935365241,43.328689205623924,898.6581216666664,917.1022950000001,0.08168193852898634,0.06079116847046898,2.634001645103675,1,0.04375477500024914,0.13988481989286883
MEPCE,TMCO1,0.5842159546542719,27.14290221683787,457.54221616666666,485.49877960000015,0.09955652713715585,0.06640581467892832,1.8024465344596083,1,0.04362316425301208,0.3768447637895478
MEPCE,MRPS17,0.7097780354657586,13.081703784108399,465.55773926666654,395.41101089999995,0.17155675568352224,0.10489287789270292,1.372177557654992,1,0.043302583022304754,0.24595994615365763
MEPCE,SPAG9,0.6082608116928703,21.282318097294795,1419.4890953333334,1046.114747,0.3107968049542422,0.20388000940306225,4.339039213795425,1,0.042714772219293415,0.39441209514741654
MEPCE,RPL23,0.19706764140290317,29.305977052914837,12029.755206666654,11528.71875,0.02081875519240639,0.018160812540794276,0.532220355582805,1,0.042666538987673565,0.1283764147555182
MEPCE,CUSTOS,0.4181454584704173,44.94059432964831,552.5912676666669,568.8983149999999,0.093761209676523,0.07017010501698875,3.153486223637312,1,0.042587737970009656,0.19404195089859697
MEPCE,RBM42,0.6590724972646317,18.0701495644695,515.1209309666664,531.3823849,0.12894112059326412,0.08165703370329866,1.4755548120095336,1,0.04252694983045226,0.2813209327795071
MEPCE,ELP2,0.4602864367966836,40.69027052176607,404.6221516666667,382.2396239999998,0.07104550516114969,0.05163922778408678,2.1012141480695896,1,0.04229715820325264,0.25751938899546034
MEPCE,ATP6AP1,0.6126377985241495,23.56706610459728,228.97066243333336,262.6397094,0.24477728843239807,0.16008535593668935,3.7727421657379425,1,0.04099967277749509,0.3536812829728636
MEPCE,TUBB,0.09265030487444133,48.687950581171464,9191.640600000013,9649.468800000002,0.02762143031495875,0.025903575582267975,1.2611920078251029,1,0.0408703992212972,0.14356198167952527
MEPCE,CCDC59,0.6330738543344407,20.55110393148418,384.34094256666697,324.06060809999997,0.2607281357284569,0.1681188768897265,3.455028511805163,1,0.040270586504421065,0.21800856393823198
MEPCE,TUBAL3,0.18119780632282556,29.14939901533939,12338.971326666651,11542.75778,0.029907314590324044,0.026377599779387216,0.7688911810362863,1,0.03974089691497615,0.20199610728293335
MEPCE,SRSF9,0.5288111466284564,31.072093160619723,578.700561666667,567.18103,0.014603226250912038,0.01012194112603576,0.3145098976344913,1,0.039473418510333036,0.20022209093706908
MEPCE,PSMB4,0.361603369521158,43.80658470600969,2134.636230666666,2192.096192000001,0.026542576542957334,0.02065822474089456,0.9049662719877825,1,0.03890789033867253,0.3247076578463755
MEPCE,CLCC1,0.7294022099755201,9.135517476491167,308.9571024666667,353.52960210000003,0.06644284403937337,0.04007549443565867,0.36611037979598426,1,0.03871801606688019,0.5295075531542274
MEPCE,CDC5L,0.6880251064934604,13.639470206213712,236.95003253333329,267.95803829999994,0.13798353559669793,0.08564731836852223,1.1681840471295593,1,0.037820497408005714,0.25446050851548413
MEPCE,PSMB3,0.16210697130060198,70.42888371745234,869.0135089999985,797.1445320000003,0.0136814132332001,0.012227446774670383,0.8611654270545981,1,0.0378075141106029,0.2532572447512521
MEPCE,PABPC4,0.5927120884868504,22.728521375903313,623.7382003333332,669.038941,0.0878333872778411,0.058242283492427875,1.3237609853390677,1,0.03746257841885586,0.9839870541240997
MEPCE,SMNDC1,0.5432658089094814,28.75337166224944,516.4222413333334,479.4970700000001,0.2788759358649632,0.19137037893677453,5.50254363071459,1,0.03736478318802045,0.2696041262251043
MEPCE,TCEANC2,0.7081044804199677,9.17944220473604,766.5933026666669,836.518677,0.09345105364160612,0.05720397024610729,0.5251005387555818,1,0.03731123500781605,0.27352255280793497
MEPCE,EIF3A,0.09163663455656883,79.2250986330646,684.5791033333317,318.54589999999916,0.06241626481636284,0.05857556354493626,4.640654799334919,1,0.03719168705211573,0.6963702985854072
MEPCE,EIF3C,0.3756000402534093,41.09962852125495,1897.5045576666653,2381.2685550000006,0.09737801297947288,0.07505806730386666,3.0848586837122713,1,0.03622402584669157,0.8080024775384276
MEPCE,SNRPD2,0.3248697925075089,50.55668920643072,1080.215983,1087.0795900000003,0.02238079742020973,0.017868309703359703,0.9033625803170068,1,0.03618588236277096,0.22539303112786183
MEPCE,ZNF593,0.22431517594084083,62.80237879209815,619.7235516666665,621.3149409999996,0.01930546903361925,0.016525647262853167,1.0378499591863046,1,0.03470264059612084,0.1839662383900269
MEPCE,MRPS31,0.5159801700170181,29.836950314384943,620.7993570000003,688.4436029999999,0.07300253072179494,0.05105231550119872,1.5232454010435703,1,0.03430047247053311,0.2584740647895213
MEPCE,SLC35F6,0.7777357637140604,2.4207033531293836,120.68516536666667,70.0961456,0.6087127014104957,0.3550529320508731,0.8594778231539678,1,0.034042125157988656,0.6130200222014186
MEPCE,ANGEL2,0.5971202256065795,21.77928028028381,333.77980549999995,324.32391359999997,0.18945988042034997,0.12524748991886586,2.7278001873450006,1,0.03398847577039593,0.3252900134084157
MEPCE,PPP1R12A,0.7131227429876423,7.50464835098029,651.9779664666668,645.7526859999999,0.18718621733885496,0.11418398115804444,0.8569106259060828,1,0.03369870801255133,0.30742294692694067
MEPCE,VAPB,0.7447901869757092,1.1849133628159916,621.4861653333335,2132.840332,1.1955208703785551,0.7134368984460497,0.8453609144947198,1,0.0333083405187377,1.425697129812712
MEPCE,DDOST,0.4875552421308757,31.961666451113974,859.2113443333337,720.9431159999999,0.1062828118099801,0.07580491771630517,2.422851495402686,1,0.03306952582216254,0.19039978813898467
MEPCE,IARS1,0.394338538795927,44.093608593978196,317.15411373333325,311.5605465000001,0.09709122466773351,0.0738712681782985,3.257250785394691,1,0.033021014039876936,0.13943111583049195
MEPCE,RBMX2,0.6757886403011989,10.862480078866307,701.6668094666668,635.997071,0.18761814941466357,0.11744780785239471,1.2757744731031553,1,0.032069022746038414,0.22880108353023987
MEPCE,AURKB,0.6081243409845922,18.028223376001016,787.978963,669.831299,0.18490586020907512,0.12130811572759398,2.1869698076588464,1,0.031648392116572,0.3144716289010955
MEPCE,HNRNPA1,0.38076194073764913,29.872568913466058,4198.368163333331,4472.218749999998,0.04868748584297807,0.03739382738131218,1.117049685386502,1,0.03027954317625257,0.13188388341443855
MEPCE,RRP12,0.6331740213035171,15.14992901141243,535.5644734000001,500.48937999999987,0.11312556567856825,0.07293889693778004,1.1050191107780951,1,0.029833505421053175,0.20351325153963015
MEPCE,EPRS1,0.5983907552430752,18.452137023646053,693.6985679999998,566.7529299999999,0.1368398741152317,0.0903820043107339,1.6677411280134302,1,0.029427743599579496,0.19658520320619324
MEPCE,RPA2,0.16068004077242665,68.65007700094841,323.7566733333333,229.06909199999973,0.07512024719021469,0.06720342102465707,4.613520028069863,1,0.029233050007139154,0.1686177997505688
MEPCE,PPP1R10,0.6047540350171278,14.867166916320668,1293.982340666667,1272.8654780000002,0.10817000947428605,0.07113127921597202,1.0575206010752674,1,0.028294308124999685,0.19367284331266651
MEPCE,FMR1,0.6982120175004601,6.666309730505703,588.7803952999999,568.7159422,0.04140261037130382,0.025518059145745658,0.17011128598690434,1,0.02769707271110755,0.48992130376416404
MEPCE,TMEM33,0.5806724289275987,16.14335666168551,1416.0213216666657,1508.8664549999999,0.04838943113074152,0.03235590873217596,0.5223329747764611,1,0.026603586113524466,0.1761843960578813
MEPCE,SLC16A1,0.4068260689930483,37.096076412472144,786.5928546666669,807.9548340000001,0.02085613017313529,0.015731500732438283,0.5835769532533921,1,0.024628248519326414,0.17171824028180221
MEPCE,NUP50,0.5134688853908211,25.52617344766091,578.6370036666667,704.2451169999999,0.1761928698734349,0.12343031449999547,3.15070361662622,1,0.024210541928998602,0.1991026845689062
MEPCE,GNB1,0.6221507366608277,11.019766421307216,1197.578817,1200.8696289999998,0.1320080872401607,0.08576642867296745,0.9451260107658072,1,0.023503859507371733,0.32549869156278033
MEPCE,HNRNPM,0.4321136026775649,20.221815171409666,4731.592770000001,4290.12695,0.042275242258074594,0.031333590834724055,0.6336220825163659,1,0.02320378036237509,0.14676813974749095
MEPCE,RPSA,0.44145483970631055,34.144662016233085,323.1353760000003,321.56372110000007,0.06720878345877042,0.049492350965068585,1.6898995960910541,1,0.02292272047272164,0.13238386489466855
MEPCE,PTBP1,0.4409825850714343,33.37386351846834,520.5959069999999,479.57202200000006,0.13755569464419543,0.10132877395788427,3.3817326725641585,1,0.0225256853509564,0.36985098316801374
MEPCE,MCM5,0.19276152175260652,59.413321156535915,1066.5681963333345,889.7426750000004,0.04687558686265269,0.04101318695160946,2.436729648009021,1,0.022460672441041277,0.3016629384957795
MEPCE,RBM15,0.2240436586471863,58.38673278338054,370.92903633333344,200.74951199999987,0.1356089498289569,0.11610427460897847,6.77894925660266,1,0.022421378796535305,0.13931522687746906
MEPCE,LUC7L2,0.22016779528123645,30.921510079971977,7320.326819999995,8638.421869999998,0.02597370619583937,0.022297724308127684,0.6894793069542063,1,0.021961728986941233,0.18932160636377052
MEPCE,TUBA1C,0.07092525837737608,21.191393432861965,10308.406233333342,20257.906199999998,0.08139791431230373,0.07749376855805698,1.6422009381089337,1,0.02131690817285538,0.20758959158719847
MEPCE,CLPTM1L,0.6733472171574497,7.662108669319229,224.45019536666666,222.65136719999998,0.10777974804573713,0.06758373315171948,0.5178339076867472,1,0.02102551022004539,0.21680381938751275
MEPCE,ECH1,0.42910745499925534,34.0319880446997,453.60384133333355,502.0067139999999,0.15194370825819078,0.11285264221417718,3.840599770645651,1,0.02088719036668511,0.24898845481568482
MEPCE,SEC61A1,0.579439043292455,12.63833620950537,1894.0625813333331,1580.2951660000003,0.058352873748675586,0.039051401315762034,0.49354473928092096,1,0.020851612009906633,0.24310844550126998
MEPCE,ERH,0.39203440388368954,24.685942931668357,4280.934569999999,4096.282230000001,0.03257519539360931,0.02482425501708816,0.6128101426730203,1,0.020617179847690695,0.18715513783392543
MEPCE,PRKAR1A,0.6665653543447081,7.885541434225803,322.2698974666665,309.65240470000003,0.08213196843725057,0.05174385746876332,0.4080283320366074,1,0.020584498360642023,0.26875589461083693
MEPCE,SMC1A,0.6157486259618288,9.975878739806731,1124.8925776666665,1506.5373529999997,0.26366249340028075,0.17206493817275723,1.7164989585837684,1,0.02057196823882306,0.3501721862519869
MEPCE,PABPC1,0.6048827132999658,2.717789161159197,5296.361656333334,1865.8877000000011,0.08006300578110996,0.05264376062669721,0.14307464203389697,1,0.020051635655165115,0.4563967660116679
MEPCE,TMED10,0.5221664670741013,23.630068564098796,265.16941323333333,261.3129272,0.13004946826023175,0.0905573771976842,2.1398770321662344,1,0.01924842519493105,0.3416522864184819
MEPCE,COX17,0.5476485475826955,16.314099099510557,1415.6885583333342,1516.5471189999998,0.05354902208243002,0.03663497296413833,0.5976665794448428,1,0.018963183712030186,0.19130914706310378
MEPCE,ATP1A1,0.5311219181963763,18.093559214145998,1458.2633466666662,1366.8122559999997,0.06861178642764121,0.04748080831126084,0.8590968167153135,1,0.01839704169222857,0.17424414040306135
MEPCE,CARHSP1,0.6340886668056792,10.504447911563547,383.85835766666673,240.64550780000002,0.21561138347695827,0.13892959702231267,1.4593787152953974,1,0.01834833565958589,0.2524235081378574
MEPCE,LIMA1,0.645666651691764,7.30224091210291,855.9738766666669,811.50061,0.14563842843137537,0.09309229359241245,0.6797823548720097,1,0.01828530485647997,0.24689108621563524
MEPCE,TRAF3IP1,0.6577666476945505,8.200780044166798,134.45971683333332,122.1415101,0.03734924910059415,0.02367429944805302,0.19414772247322226,1,0.01765778855764759,0.2246277061334515
MEPCE,HNRNPC,0.634783100048644,9.700213647135714,331.1032715,321.4573365,0.056713550052456374,0.03652589585509486,0.35430899344744893,1,0.01687301389348069,0.5200510132436086
MEPCE,ZC3H13,0.6256682203002278,9.891336000437576,540.7265223333336,525.5681157000001,0.22664932836951934,0.14689680485077647,1.4530056541697385,1,0.016690069472293168,0.7638994428883416
MEPCE,ERBIN,0.6079287790688855,12.000657753629438,417.78723149999985,471.50769090000006,0.1924179347979169,0.12625355072336553,1.5151256524116041,1,0.016261295457454337,0.7208265961747332
MEPCE,GAR1,0.5586665041721789,14.433629750017394,1420.0449219999996,1097.5781260000003,0.25652688440616384,0.17416482983180873,2.5138306692671115,1,0.015951028736543877,0.26477257635197676
MEPCE,OAT,0.6233343885186071,7.721716157470946,919.174560666667,1074.052979,0.039438647267841916,0.025602506284328842,0.19769528644745346,1,0.015027684050293165,0.20022504089853774
MEPCE,PSMA4,0.29838939636927786,37.99054096869995,2773.4671266666683,2525.499029999999,0.042828779766158995,0.034826920450287756,1.323093548180311,1,0.01469263491246138,0.1997300042657368
MEPCE,MMTAG2,0.38466755488917753,24.480929934644703,3660.8125000000036,3771.0,0.02073574898897108,0.01588278222362941,0.388825278783892,1,0.014662703078224957,0.17664887229019668
MEPCE,GLUD1,0.061163408276879,73.51106262311514,189.62874333333366,127.87011699999948,0.012322950580959096,0.011811548810428597,0.8682795042793978,1,0.014650544403833246,0.04471152517667647
MEPCE,GET4,0.5664018632253873,15.401822780537156,414.7272945666667,440.58837859999994,0.04636266318346901,0.031308867401720376,0.48221362718063404,1,0.013414219632619292,0.2535766645004459
MEPCE,MRPS23,0.6305753776204923,7.724976647890653,519.0403033666664,583.9908445000001,0.1742807539325529,0.11257193520050147,0.8696155706317337,1,0.01331500252813592,0.313915246225953
MEPCE,UQCC1,0.6751646497128082,3.6657580272154986,280.25663253333323,287.80838009999997,0.5240508430656848,0.32819452533300414,1.20308171572764,1,0.013252166402788644,0.5867743952803599
MEPCE,DHX36,0.4114421923741449,29.511826386732857,1283.5540366666673,1329.5876470000003,0.10945273606916882,0.0822949993945405,2.428675734627965,1,0.0132501369632393,0.15978939152495458
MEPCE,DHX35,0.35057094478668016,37.088640999753196,1100.0939946666672,1083.3940430000002,0.0421463201851306,0.03305450807285593,1.2259467833375977,1,0.013224269145076066,0.4127670054746399
MEPCE,MAP7,-0.01910611475075642,82.35168330563263,-146.6415999999972,-23.661129999998593,0.033120639647700734,0.03356252527366345,2.7639304522740233,0,0.012411589055017408,0.08554133348326112
MEPCE,CWF19L2,0.3484092676987124,30.32833956230553,2919.9329433333314,2906.5517600000003,0.012196657044676162,0.009579935454180274,0.290543535439349,1,0.012266969724493853,0.13479285682513573
MEPCE,PARP1,0.5260929607143742,15.419093433429197,1602.322998,1440.9013680000003,0.12853331252341693,0.08925837056330616,1.3762831554312638,1,0.012214986268866393,0.24320684224885356
MEPCE,VPS41,0.6686321101863735,4.4206867556444465,156.39908853333338,76.31761159999999,0.8028689570015872,0.5050903569338907,2.2328462513013765,1,0.011993464227182147,0.711004304951432
MEPCE,DARS2,0.5769959019390081,12.27877289233243,749.5098473333335,739.4006350000002,0.09216201059044254,0.06178197368645179,0.7586068237359997,1,0.011686104674327888,0.1856112129748392
MEPCE,FLNB,0.40023745063043475,31.568348846094096,711.040121,648.5932620000003,0.03248980690882538,0.024618803563959533,0.7771749790805391,1,0.010088834437784971,0.7345828073139322
MEPCE,TM9SF3,0.4966521740215766,21.27048234294077,542.3219806666666,518.2110599999999,0.06155483930209919,0.04362727406967041,0.9279731627695621,1,0.009998729195604949,0.17064255757941038
MEPCE,IPO8,0.45798727449490806,26.086848854533486,431.22351066666647,326.78393499999993,0.10063288127299895,0.07326139125876881,1.9111588406403426,1,0.009875938453579732,0.15082863097537721
MEPCE,D0JC10,0.2671730408043614,46.84168453499473,526.9123536666666,426.35986300000013,0.054365319732067284,0.04517503066059694,2.1160745350623964,1,0.009311195475544105,0.20205826772015242
MEPCE,IKBKG,0.42681390110514333,28.87533465672638,503.07914200000005,438.95275800000013,0.09642352004543794,0.07173026342704071,2.0712353614709413,1,0.009068365349263169,0.2582531884591455
MEPCE,SRSF3,0.29599133799655175,20.516376972259305,7626.75195333334,5994.828130000002,0.04286231302443577,0.034912172104930785,0.7162712838251555,1,0.008769361494993426,0.11711781095688993
MEPCE,PSMB6,0.3625034149427878,22.34601538546504,3636.3577466666648,4518.108399999999,0.07071744232422587,0.05500542460782033,1.2291520645703904,1,0.007422344960683522,0.29048301600364645
MEPCE,P4HA1,0.5806206786431709,10.12603426224257,624.0749106666667,712.0738530000001,0.08893400968678163,0.059468438766837266,0.6021794484750684,1,0.007285504483087133,0.262088474165679
MEPCE,EI24,0.5431258018646038,13.99646260917529,747.4060466666667,765.8052980000002,0.02635882005094959,0.01808971763464024,0.253192056483781,1,0.007268705711597925,0.19879593642886587
MEPCE,CANX,0.3009174586176088,35.32027328686326,2052.9700533333344,2420.8222680000017,0.09873563260474283,0.08014792020673955,2.830846445075751,1,0.0062443671069763885,1.3956588778600467
MEPCE,DAP3,0.5745525269156698,11.466486938510018,289.99714143333335,273.6534424,0.20127383245092825,0.13515517763263782,1.549755078996643,1,0.00570155092463771,0.2071189667379766
MEPCE,BAIAP2L1,0.6277757441533179,3.0878838679273946,1109.6211749333331,784.210693,0.8487586779389125,0.5492976091874608,1.6961672261010472,1,0.005664756617256015,0.8050916365222646
MEPCE,KRT19,0.49359395786136573,2.2211927114624666,3340.1643883333336,7394.854977999999,0.6356290796665747,0.45146101673826494,1.0027819198884687,1,0.005553724580060494,0.6207712136463344
MEPCE,HM13,0.5433831005077611,13.228844783968446,630.9029536666667,657.9324949999998,0.12117013238272864,0.08314266671653248,1.0998814329182276,1,0.0047831925745307514,0.3789727906318986
MEPCE,CBX3,0.6111321926659111,6.953141006289898,193.25951136666657,164.03390509999997,0.3927998989259809,0.25716099018179944,1.7880766260511836,1,0.00398640056097746,0.4058511719719406
MEPCE,KRT8,0.3479910861157875,29.494428932529484,2054.2662753333343,2089.9575190000005,0.04603166383109606,0.036166320775174246,1.0667049778544413,1,0.003761300677731361,0.2561738063227787
MEPCE,SCAF11,0.5435285909181404,13.48377565141214,408.1315916000001,456.3614503,0.015272372828129968,0.010478306258083539,0.14128713079078625,1,0.00371005833331213,0.1816658013419568
MEPCE,CSRP1,0.5834923293020606,9.719682084406967,200.51311243333333,200.01574709999994,0.20956314228987705,0.13985213692910684,1.3593183097758696,1,0.003440476438382639,0.41468055196903636
MEPCE,YIPF4,0.6508290533983664,2.215604355143215,178.5691325333334,38.12506109999998,0.22789618938276898,0.14515124406375662,0.321597728502115,1,0.0028044171863580956,0.38307984843984116
MEPCE,XRCC6,0.37516735426293,27.344481679538895,1811.2125646666655,1517.5078119999998,0.08326262897460222,0.06419731151424546,1.7554422085769363,1,0.002523100112236296,0.3742414101581013
MEPCE,TECR,0.37165523523259814,29.375423919666098,1170.5543619999994,1248.7958980000003,0.024144320750262318,0.018661174533626042,0.5481799127641424,1,0.0025065677198581274,0.18944749003044556
MEPCE,NOC4L,0.6080335287008081,5.885758273476357,444.32859296666663,289.77984620000007,0.4264464717180141,0.2797892630789986,1.6467719699970689,1,0.0023923082688561154,0.30378950344488764
MEPCE,ANKRD28,0.5197041789939613,15.835100754471917,265.90606690000004,280.2589111000001,0.038792177063675,0.027058307998292088,0.4284710333984885,1,0.001776829959749697,0.18707504238063855
MEPCE,COMMD3,0.6421695666502824,2.205804713568326,356.1051637666668,99.02972439999996,0.17317638668397922,0.11096324654028805,0.2447632522514116,1,0.0016136381680727386,0.4104801762788509
MEPCE,PRIM2,0.2116763761454809,50.306688216315514,152.13138830000003,160.34802230000003,0.15662924708075737,0.1352557297730028,6.8042678271606745,1,0.0008194301950786506,0.19625095689882757
MEPCE,SRSF1,0.19957945847405587,48.33359231120191,1125.6471353333336,975.2182619999994,0.02082798530559544,0.018137258423179495,0.8766388542688706,1,0.0005951963486730757,0.08093320245240788
MEPCE,RANBP2,0.07623901021484185,64.82196670440857,82.94222033333335,131.34960999999998,0.03954988145797117,0.03751449258600677,2.4317631893429126,1,-0.0009805009338517273,0.24967040462953247
MEPCE,SPIN1,0.19159366395831345,24.81387633405803,7319.901046666651,7923.214849999997,0.030837272549952326,0.027002521607081748,0.6700372318658564,1,-0.0010472956413397523,0.06374253840154188
MEPCE,GTF2F2,0.4958377113846297,15.784633497613124,663.6463216666664,667.2226559999999,0.05507843177493975,0.03905913506878818,0.6165341317945894,1,-0.0010697211487766707,0.34883688720749634
MEPCE,EWSR1,0.08682390437198234,31.066342403446807,7080.835966666651,11168.007899999997,0.046930833756117084,0.04419017887773547,1.3728272278852929,1,-0.0013354408419396918,0.1438273173535457
MEPCE,RPL12,0.4025878287775729,14.620588563083297,3694.0960300000006,3900.6669899999997,0.08508695962544671,0.06436878010118371,0.9411094501669903,1,-0.001779388473520634,0.16865526044226076
MEPCE,CGGBP1,0.33983494177361223,34.230853129359076,289.7657466666667,307.053222,0.025187703577491293,0.019901760432399607,0.6812542383771607,1,-0.0018188531944849408,0.12678750798475905
MEPCE,KARS1,0.5668752668611359,7.476506508960303,568.2579753,698.97876,0.07370600470060515,0.04975759068879801,0.37201295065498086,1,-0.002093506264440546,0.27520850903507443
MEPCE,CIRBP,0.09090853962228727,56.42149345074446,1731.995443333326,1852.9433599999975,0.02587922149890885,0.024299038445586542,1.370988038517049,1,-0.0024758130257925464,0.24362346671363985
MEPCE,MARS1,0.2603872679696447,43.04316163574797,234.6877440000003,225.50390599999992,0.06919750606126387,0.05777097404679033,2.4866453737505974,1,-0.0025349649565480827,0.16872249116963886
MEPCE,PPIG,0.3407180004080484,31.767630765315396,812.4711099999995,817.2172860000001,0.03154549499342919,0.024910040734124863,0.7913329763906448,1,-0.0029137988047088555,0.1223660834285888
MEPCE,POLDIP3,0.4664532926477836,16.690935661838154,967.242757,1180.2590330000003,0.08770935863697503,0.06347937553417192,1.0595301728945263,1,-0.003063661292264949,0.1975470424896592
MEPCE,CHD4,0.39903772309748664,26.744623375684164,345.68745899999976,335.58142,0.07664983983288429,0.05812891559368213,1.5546359547899629,1,-0.0033504299380372384,0.1288374702482024
MEPCE,SEC22B,0.1712538985088302,52.81139969936957,202.85514333333367,161.51342799999998,0.07105044202591532,0.06309836132346161,3.3323127802285732,1,-0.0033706730545681116,0.14668864631807865
MEPCE,MORF4L2,0.3524246399920792,27.94169199973004,1406.8146160000006,1484.388672,0.041981286547571495,0.03288279746851409,0.9188009989547232,1,-0.003444643284485055,0.2427598517048422
MEPCE,ARL6IP4,0.06182269162633012,56.46300238060795,3558.88281000001,1531.4375,0.024976182969840242,0.02392873518533639,1.351088231734586,1,-0.0034801991203425274,0.07451659882709968
MEPCE,ABRAXAS2,0.5406215453624831,10.940575392746412,211.28767906666678,268.21929930000005,0.13768383645832932,0.09465480017808843,1.035577977633723,1,-0.0040355048031893,0.20718969853429936
MEPCE,EIF3D,0.3284010655417682,30.352504860876884,1474.2918293333323,1400.8110349999997,0.04035277840251876,0.03213796178248807,0.9754676412216444,1,-0.004108380314756414,0.7578948949596845
MEPCE,YWHAZ,0.47634650489013314,15.552565076933437,849.3406173333333,928.5739749999998,0.0272988075444813,0.01962240396137179,0.30517871457511125,1,-0.0045720141372902305,0.2286062379865781
MEPCE,BSG,0.416445869654108,23.113664302170996,714.7715253333336,557.8547370000001,0.12346081660316378,0.09250595710325932,2.1381516384357666,1,-0.004684639500050906,0.2620756442350071
MEPCE,PSMA6,0.33761487539686763,27.781167085544087,1658.357747666665,1743.6787109999996,0.03381084879703308,0.02675637695668511,0.7433233788374708,1,-0.005398927782757362,0.25243374424723686
MEPCE,PABPC3,0.5837496042362016,4.9107731789712865,305.4001056999999,124.27386469999999,0.36167939530659593,0.24132400533649653,1.1850874528483908,1,-0.006831015831149504,0.6280431789587664
MEPCE,SUB1,0.05899692981939211,23.558806206148393,8860.614599999972,13872.6875,0.040557575058843574,0.03893285963610311,0.9172116952181302,1,-0.006909321983440894,0.11798739247547052
MEPCE,COPE,-0.02288148227446184,73.27330614266428,-107.68684900000062,-72.49658199999976,0.04163602413531676,0.04230207554775334,3.099612932080644,0,-0.008281488033958903,0.17228578074097145
MEPCE,AIMP1,0.5005661967531103,12.499523345444121,490.95109033333324,526.576904,0.16891304181940217,0.11939353543496217,1.4923622834644195,1,-0.008289823206509228,0.3007061744061611
MEPCE,DHX15,0.3512897844400509,24.914626715537377,1607.2535806666656,1759.691406,0.04259742869126498,0.033391661305835055,0.8319407768465337,1,-0.008442530711185664,0.39435388784980885
MEPCE,UQCC2,0.4877207180882709,13.577106423629054,535.8720296666665,557.4731449999999,0.17306508997242565,0.12342240478183057,1.675719124783137,1,-0.00877671841338201,0.27102068179487226
MEPCE,KRR1,0.4980252896952232,13.002130575232075,432.59914173333345,337.00952200000006,0.0764109495236321,0.054105089632054286,0.7034814401806049,1,-0.008781068649611166,0.24401444200329903
MEPCE,PRMT3,0.3124638536315097,33.2968116345125,446.74438466666675,423.9477539999998,0.052468398199449845,0.04225132282648659,1.406834337462502,1,-0.009439232493765026,0.1715946344402153
MEPCE,RPL5,0.3571241896013786,27.57148504773914,531.6438803333333,573.2003169999998,0.03637669560810157,0.028400209478750722,0.7830359509960351,1,-0.010100221589092687,0.15048232651177645
MEPCE,TUBB2B,0.49922278614537774,5.915447889849591,3578.0310873333347,668.2539059999999,0.4210112495101735,0.297862437996969,1.7619897303146248,1,-0.010162489322263891,0.40470156564584414
MEPCE,BAG6,0.4024811326283633,18.413958275328163,1569.5708009999998,1776.951172,0.07580441839995657,0.05735072495963436,1.0560538564665285,1,-0.010195925314237363,0.22691148201236344
MEPCE,RBM10,0.2799114352236518,33.39250026882216,1361.0815426666668,1277.0297849999997,0.027809135652397694,0.02290494901998017,0.7648535163070457,1,-0.010231735997141563,0.14898308524801382
MEPCE,KDM1A,0.5275168112733499,8.738920500688849,386.8347169333334,447.1763302999999,0.150463909061551,0.1043847295007853,0.9122098525932727,1,-0.010624749418457794,0.2716582487957303
MEPCE,SMC4,0.18423574124003217,46.65010261672109,527.9585776666672,565.588135,0.07697594493761058,0.0677482945147969,3.1604648912231186,1,-0.01075394813917802,0.09997604311202293
MEPCE,RPN1,0.4413914843707905,17.007026861517343,836.4694010000007,712.5317380000001,0.089432939402258,0.06586104641913892,1.1201005855779365,1,-0.010807811348916738,0.2292949117587337
MEPCE,PRPF19,0.507036000482588,9.660256555386045,688.5026856666668,843.7749019999999,0.06321753141883334,0.044484380211304186,0.4297305255485365,1,-0.010877050428261007,0.27381131402602965
MEPCE,STT3A,0.4895581531177375,12.799928731709844,405.00887050000017,409.5009769999999,0.16200394283093258,0.11538702841065325,1.4769457402201407,1,-0.011110517252403616,0.44082224343148796
MEPCE,ANXA2,0.5318398629772934,4.116204678406031,991.4942424666674,1986.4907230000003,0.7417660626939715,0.5130624277466406,2.1118699654050777,1,-0.011265886256763405,0.5715480617487224
MEPCE,SELENOH,0.4647752507698244,14.779872816724282,568.950317,501.1223140000002,0.1228790536201392,0.08903683485734878,1.3159530951952985,1,-0.011835301689793035,0.21058895640979788
MEPCE,CDIPT,0.3529011271124623,27.274189879306054,327.96875,341.5447999999999,0.029556899053103082,0.023143468348115478,0.6312193501922111,1,-0.013478586327612287,0.19942192244345486
MEPCE,NOC2L,0.5378692627552131,7.069834557059349,180.19030759999993,180.0592651,0.11821123373711206,0.08142297370548172,0.5756469532415495,1,-0.013586318606269219,0.3711838449289649
MEPCE,NT5DC2,0.40247411962719937,18.11473237667245,1399.1730146666669,1233.34375,0.07302244322180558,0.05524625745047041,1.0007711685280178,1,-0.013628883086958997,0.12994024835658077
MEPCE,SNRPA,0.45743411248804916,15.356181502981086,372.3254395333331,351.56567400000006,0.06754161394952536,0.049189590619630116,0.7553642816123759,1,-0.013727359440216432,0.1507726505820841
MEPCE,GNG5,0.5204482837641428,8.747475319358788,238.25827030000016,232.61895749999996,0.3073707923644612,0.21428663240192405,1.8744670282043399,1,-0.013746508105696664,0.3847089967532168
MEPCE,FECH,0.4928317049348968,11.563701596379081,244.0050252333334,262.623291,0.10299003308628062,0.07318821545413537,0.8463266838831214,1,-0.014207857559354704,0.16234930501883343
MEPCE,MRPL34,0.42381461153431743,18.21153014185986,478.3721516666667,597.7648919999999,0.10396086960473455,0.07749830971651507,1.4113628033455052,1,-0.014330470058829389,0.17186475446345645
MEPCE,PLD3,0.23617207905244433,40.2467119563028,211.5276283333335,231.06005800000003,0.0048077897370613935,0.004081823984935102,0.16427999417801112,1,-0.014580883717498806,0.07107821690271829
MEPCE,UBAP2,0.3328169153894043,29.08217933789511,239.81003843333315,237.81530809999992,0.05788692105557806,0.04596169369905779,1.3366662188294023,1,-0.015188146913906853,0.11444588112816256
MEPCE,POLR3A,0.4581210459380484,14.240289902081178,411.2705890666666,436.98449700000015,0.023939747683248993,0.017426675875893506,0.24816091650232797,1,-0.01550126572116989,0.17089058602920484
MEPCE,TPR,0.4094835398625858,20.521326825652668,190.04608156666666,191.72131350000006,0.0364070725342738,0.02741083091005917,0.5625066196680266,1,-0.015511953613570604,0.16293501990032175
MEPCE,CCT5,0.018162878677771048,63.057135033869336,484.0,603.0195299999978,0.0008320393484529171,0.0008216381245197301,0.05181014616681577,1,-0.015542029302511856,0.1226019748823081
MEPCE,AAAS,0.37573721011614514,23.501130508425103,400.33805366666684,373.66223200000013,0.06679156358107713,0.05147742171263076,1.2097776059057717,1,-0.015711609890780902,0.19679517019067755
MEPCE,CSE1L,0.23933195051683012,31.579716005287974,2311.93815,2442.3173799999986,0.015303396415001563,0.012964190715898263,0.40940546104645814,1,-0.015773943981184996,0.28723049146319213
MEPCE,APLP2,0.5069735619695941,8.6842891479397,436.8617147000002,370.6019289999999,0.09398067609276375,0.06613439302075297,0.5743301916157041,1,-0.015843671118017683,0.24149882569774359
MEPCE,OGT,0.44072394379177554,16.38834993420796,261.6457317333334,305.5507817,0.2653942692129359,0.19553459832118134,3.204489421532312,1,-0.01616787249843239,0.19720426003185643
MEPCE,SLC38A2,0.5604595649202312,3.4637351508183136,146.99328616666662,151.2041931,0.04669102123399007,0.03166074846967033,0.10966444737561426,1,-0.016170302526772116,0.5032012258477889
MEPCE,EIF3F,0.2386972520101545,35.402211650128635,1341.1424153333346,1199.9052730000003,0.025531776306193944,0.02163862590289096,0.7660552140321016,1,-0.01627391458195597,0.808331117472178
MEPCE,BCKDK,0.44532467823979455,14.947748022525179,513.7503253333334,493.0848389999999,0.022251410974912872,0.01634197939770913,0.24427579022625381,1,-0.016455448233637215,0.33255292098726863
MEPCE,CCT4,0.12220140264998172,30.662099734774454,6259.658859999981,6063.281259999989,0.0713674272736995,0.06557189634535271,2.0105720255394974,1,-0.01662921312564777,0.17814341110073653
MEPCE,PSMB7,0.3792301449554386,17.736924483813905,1783.7700193333349,1688.105469,0.08877140930943384,0.0682522235940777,1.210584535740538,1,-0.016824974566375262,0.2503384368435559
MEPCE,HTATSF1,0.20992832675317735,41.54581806912605,305.826538,362.8781740000002,0.08763932442708816,0.07577187823164593,3.1480046677679345,1,-0.01726163047791677,0.12552919669232349
MEPCE,SREK1,0.4856060440331303,9.160136253063794,713.5126949999999,783.3070060000002,0.08200850039608863,0.05857064233296793,0.5365150641994525,1,-0.01731710606817137,0.1783497502284835
MEPCE,PRPF38B,0.27029331088663544,26.322364472645724,2452.765950000001,2898.900389999999,0.05572003573473111,0.046200703969971856,1.2161117687904095,1,-0.017340525895626468,0.10968813911849513
MEPCE,HMGB1,-0.037938236964175046,72.55717190446862,-479.463539999997,-685.7402299999994,0.005468057459164106,0.005613814727708715,0.4073225202381989,0,-0.017351979773546376,0.11228726158590968
MEPCE,RARS1,0.021047328695066654,63.43459838565165,20.619710333333387,130.9388429999999,0.11649517840646165,0.11480911087460606,7.282869839344386,1,-0.01768245752974702,0.3202398997994456
MEPCE,EFTUD2,0.2158429063828188,39.97926047281024,579.4829910000003,456.3007809999999,0.031582907914555244,0.02719447408283801,1.087214962778868,1,-0.017782489938319105,0.15948474606442942
MEPCE,COPB1,0.12564545762256696,48.44587462244696,916.6901040000012,886.5253900000007,0.014705366147345158,0.013478972014022627,0.6530005882308116,1,-0.018331681554479513,0.18341126048310818
MEPCE,EIF3L,0.2751745281535008,31.30293994099166,1059.7379556666665,945.4448240000002,0.02780726051361274,0.022978729216265828,0.7193017805770796,1,-0.018405890865798642,0.7486113109379644
MEPCE,RBBP7,0.14736342807491512,44.54042278849483,1110.8343099999984,1373.6376999999993,0.07391471404434871,0.06673812641134137,2.972544366473158,1,-0.018879929060206288,0.0811500400722228
MEPCE,TRA2B,0.4254711689138691,16.457621107158566,348.45225013333334,348.82794219999994,0.06143526094662253,0.04574476036743316,0.7528499337649787,1,-0.019219422820703713,0.13713227086035626
MEPCE,PCBP2,0.4039624110985631,17.248227843517544,780.0134273333333,760.4985350000002,0.056371738032076055,0.04260493474751288,0.7348596217832998,1,-0.01943361854215573,0.16056388862374404
MEPCE,PNO1,0.44445138734178036,13.800749355716832,505.1346839999999,412.8767090000001,0.17267378206948714,0.12689262853610417,1.751213361514855,1,-0.019506812696982054,0.28841329259067167
MEPCE,SARNP,0.18271240533906685,42.25435491949168,493.5362956666668,614.6459960000002,0.04120430613221588,0.036303167286667264,1.5339669152325184,1,-0.02062861505062892,0.11718043555419783
MEPCE,TCOF1,0.3899283343023769,16.42843659236228,1166.2720540000014,1302.8198240000006,0.018411865782548952,0.014051445069576403,0.23084327435659754,1,-0.021002631628484023,0.15609418894100668
MEPCE,SCAMP2,0.5047188018670687,6.903860392481143,321.66292280000005,200.8699337999999,0.09478936140625265,0.0668077983184553,0.46123171271965185,1,-0.02137740625178615,0.2543382303453675
MEPCE,GAPVD1,0.19020137583662344,42.05719259822662,299.687907,251.05078099999992,0.21605353002657826,0.1893689859974671,7.964327916226354,1,-0.021410086894464928,0.2762734395058361
MEPCE,EEF1A1,0.06914993096683404,40.37829897540163,5433.526033333328,3508.9217999999964,0.02839128690526844,0.027062817866526936,1.0927505509314654,1,-0.021586295153720552,0.1555776781110336
MEPCE,PRSS1,0.052259865168451186,52.55275876348162,1316.072920000006,1935.8789099999995,0.03829764359447123,0.03693554015829503,1.9410645317377664,1,-0.021622273753895062,0.07343222065950561
MEPCE,PSMF1,0.288077898887207,31.653373933774194,111.58030196666658,72.21258550000005,0.16512920094587616,0.13524068056275915,4.280823832911123,1,-0.021639158368987426,0.5874116884800967
MEPCE,AP3D1,0.13325179149916003,48.169506808030015,286.7631020000008,275.12768600000027,0.04120895583667774,0.03757359795148871,1.8099016823264178,1,-0.0219431947472747,0.08707061348769052
MEPCE,KHDRBS3,0.17182592269538446,42.87543991929387,424.8304036666659,593.9960939999996,0.0670496803760414,0.05952176631806867,2.5520219156606028,1,-0.02228065134504857,0.15093899818563272
MEPCE,RPL37A,0.4947936396698107,7.613748851378358,243.49391683333317,224.16687009999998,0.3165423130055921,0.22464001854468316,1.7103526831681943,1,-0.022469514213602722,0.24841881395530724
MEPCE,TXNDC9,0.38645766407346505,18.471342778055167,499.2217203333332,439.9545900000003,0.09433386578765084,0.0721664937847265,1.333012043788071,1,-0.02338944820616918,0.12964363061689382
MEPCE,PINX1,0.4458765542664098,12.525911567582131,300.2875364999999,236.63269030000004,0.203147123897638,0.14913914507647474,1.868103742492725,1,-0.023425455925841103,0.22553298349679501
MEPCE,VPS33A,0.5215993521739634,2.801794237657635,439.23120126666674,757.2072752000001,0.07764691783422,0.054089154879692805,0.15154668246169464,1,-0.02356583227915489,0.49050653515436043
MEPCE,COPS7B,0.4332739612404382,13.19261615915357,423.665446,489.7144780000001,0.12414456697268704,0.09193957156022016,1.2129234774310165,1,-0.023575181155810393,0.3594186413764254
MEPCE,DDX23,0.3886808104908724,17.75039158250408,554.3199056666667,582.648682,0.07479915724279516,0.05713410640916811,1.01415276147919,1,-0.023644786945583814,0.282731946176679
MEPCE,EIF3K,0.2950982048069081,27.326774748341638,959.466389666667,583.1391600000006,0.12346494702858696,0.10062683258565389,2.7498067877072483,1,-0.02400113559364815,0.6844863228256224
MEPCE,ZNF638,0.32678192453868876,22.25757423865381,1053.1394040000005,1318.3137210000004,0.05645534618929103,0.04501293965168037,1.0018788459973196,1,-0.024090095957408256,0.13704865533318236
MEPCE,AMD1,0.23531689434765543,30.699073631951215,1571.908531000001,1772.8779330000016,0.03899716086688082,0.033128306505518665,1.0170083207147658,1,-0.024189437272371377,0.11397219557945669
MEPCE,HDAC2,0.3035759949338145,27.80437981805728,303.72387700000013,295.98107900000014,0.06667442748429196,0.05402283031585297,1.5020712929484352,1,-0.024607142268812374,0.13261786561779212
MEPCE,PUF60,0.34143685879107205,17.27040517984288,1876.4306640000004,2140.0273429999997,0.03720800413992641,0.02936682981309717,0.5071770497196777,1,-0.024922884015757124,0.1227508555398545
MEPCE,RRP36,0.47195973306988137,8.679852843567053,241.77821859999995,298.89080809999996,0.07348120218504982,0.052979194108096886,0.45985160862905566,1,-0.02542800290700915,0.26709283684224955
MEPCE,RAD51AP1,0.221802519827153,36.62415528426536,169.21598316666655,204.97753899999998,0.13228175723845279,0.1134317070662621,4.154340453754084,1,-0.026224339821714134,0.3036287623663335
MEPCE,BCLAF1,0.20476472213335997,35.62962061723919,905.4856769999997,917.5327150000003,0.05394790613876836,0.046809935004795765,1.6678202253384977,1,-0.026859433298747543,0.18552396297504584
MEPCE,CUL4B,0.3234217808004819,23.566210234069953,464.8829343333332,562.774658,0.13680515336951896,0.10933174274745887,2.5765348348438684,1,-0.027318772924740106,0.23495066560125522
MEPCE,PRKDC,0.09613439543443676,49.735529594759484,241.11173499999995,386.69677699999966,0.10822616986837533,0.101250462423429,5.035745370343537,1,-0.02732340201483588,0.1977828252957681
MEPCE,RAB11B,0.3621611018599697,18.51073683816219,873.8936359999993,458.01586899999984,0.216215646559593,0.16821671304167438,3.1138153068950802,1,-0.02766587642852602,0.21746326817364672
MEPCE,PHF3,0.51791641586094,3.1173701335118995,54.617487569999966,46.65444939999999,1.214118504734983,0.8479216709478006,2.643285692570178,1,-0.028051817956794442,0.7276366557203623
MEPCE,SUMO1,0.35152647959779415,20.76009843851375,209.5540567666667,351.2000729,0.20682675820680346,0.16210264980343653,3.3652669670632642,1,-0.028408089464543748,0.29785454662939786
MEPCE,LARP1B,0.4949962696283689,4.954859269940733,166.67022703333328,211.6156922,0.16967790573570912,0.12039810514173711,0.5965556673448351,1,-0.028554106357524624,0.32060438758267756
MEPCE,EIF2S3,0.3799030656835145,15.840313425524592,808.4365236666663,672.5219729999999,0.06046933565840012,0.046470389926033896,0.7361055414347174,1,-0.028580694524889663,0.2179713114258105
MEPCE,ELP3,0.3741147863434611,15.867950375086068,757.6979980000006,1042.9841310000002,0.13917000401339064,0.10738143865813668,1.7039233398326614,1,-0.028695429436136087,0.18713669351904622
MEPCE,TMA16,0.39584332469622624,14.149571611822525,583.9835203333337,607.469726,0.0431689869077843,0.0328106204703727,0.4642562239738685,1,-0.029516574896720892,0.13543461172468424
MEPCE,TBC1D10B,0.2743006502367666,26.29610700575973,996.2825523333331,962.0839850000002,0.04437787631784711,0.0366941965473868,0.9649145189004626,1,-0.029691643939464912,0.14589027370914665
MEPCE,SLU7,0.3462426340769162,5.006203817658315,4316.967773333332,4852.289059999999,0.09355837850263511,0.07359641911348289,0.3684386743318994,1,-0.03024904119363378,0.17681237422606272
MEPCE,CSNK2A1,0.3562037091019592,16.480734130929445,1121.6328933333343,1048.155761,0.08588515927213072,0.06709551908602052,1.1057834114334064,1,-0.030262964379412373,0.19116904705453905
MEPCE,NSA2,0.43750226511914614,10.717363002420202,129.07389323333337,170.23825070000004,0.26963476590838603,0.1991029936723437,2.1338590580550796,1,-0.030331603028458658,0.25806064744307305
MEPCE,WDR77,-0.007041932475706566,66.34043873455252,-1430.2499666667427,-1562.7187000000267,0.027066871978409957,0.027199584256618146,1.8044323529814752,0,-0.030508415752702238,0.07490631513374658
MEPCE,CCT8,0.02713498592242669,53.224033514667674,1021.4674499999965,1039.4492200000022,0.07000411912875049,0.06870042322903301,3.656513628413906,1,-0.030918995953931563,0.12653250400023366
MEPCE,FUS,0.021668228734766724,42.725875675958385,2652.2656000000134,5573.234399999987,0.04436016240145598,0.0436993139453372,1.8670914547531519,1,-0.03105478955424154,0.1129797557969203
MEPCE,CDK11B,0.2894677464350664,24.428400933270925,788.3911943333333,894.2770989999999,0.015062488429956796,0.012324287055776264,0.30106262541522366,1,-0.031145638342957093,0.08929723552364688
MEPCE,SACM1L,0.36279371495272866,17.909832502247024,346.2948406666667,315.4940190000002,0.15315495851672306,0.1191029857809945,2.1331145258551207,1,-0.03145921768566963,0.15298101203309308
MEPCE,FASN,0.08143018887815029,43.618411802463434,1321.7291700000023,2515.179689999997,0.06864249540789556,0.06487602590612256,2.8297892140805394,1,-0.031679397613701435,0.10783947717998896
MEPCE,CLINT1,0.487468871805214,4.558524288284665,108.29057313333334,134.9369812,0.37142701943757134,0.26493164655469575,1.2076973455548288,1,-0.03177667698777007,0.2834962784195249
MEPCE,PSMA5,0.26679119676885193,25.830715344016337,1162.473632666667,971.7158200000003,0.030741497442479934,0.02555150441014508,0.6600136370298356,1,-0.031836573969830695,0.19462301684621924
MEPCE,TUBB3,0.3393141804209576,16.73646975735386,1204.3808593333342,1410.7285160000001,0.12032486784149186,0.09510756874043828,1.5917649479197986,1,-0.032086608744910816,0.24521611850293382
MEPCE,ELOC,0.4822238910930294,4.305254956284647,427.37080893333336,103.02307100000007,0.24944032278213826,0.17856893686439743,0.7687848004739273,1,-0.032464780880455235,0.436305319056158
MEPCE,CALR,-0.21227441496725347,83.41506793177106,-173.8898923333336,-152.21240199999988,0.04857028285796933,0.05626996308978175,4.693762793652395,0,-0.03291150628466483,0.08892353507452033
MEPCE,CCT6A,0.13478231143467578,31.6971481379183,3775.5599,3012.5781300000017,0.06062042642577226,0.055214027090835505,1.7501271959892473,1,-0.03296902685143796,0.158458289827937
MEPCE,SRSF11,0.148656514639731,38.50290325633193,1047.7623683333331,1007.4716750000007,0.036518445130971786,0.032943226011564686,1.2684098440747529,1,-0.03336067828944212,0.08830723223661781
MEPCE,NUFIP2,0.4010056431612602,12.224182646751704,436.99605299999985,448.37231399999996,0.10855779612108457,0.08221471960765422,1.0050077487354436,1,-0.03364435574776693,0.4022176856841433
MEPCE,PAXBP1,0.317496928763005,21.360433063654995,449.03214533333335,525.0944830000001,0.10813401398727751,0.08677401858193046,1.8535306155836802,1,-0.03376596239765182,0.11766944490265972
MEPCE,FL0,0.1926605538633702,28.042500060531424,2398.874996666669,2505.8964799999994,0.07050188812090434,0.061689030137416286,1.729914631362621,1,-0.03423709681166976,0.07696457117025785
MEPCE,PRPF8,0.36917175192958096,11.906892307994298,1272.163411333334,1453.4677730000003,0.06397555270980254,0.04953197421499744,0.589771882780325,1,-0.03488433342575782,0.17678048837682891
MEPCE,PSMA3,0.27413078009614467,23.14228614088502,1215.4752606666661,1078.9716800000006,0.05953351960718957,0.04923155604159813,1.1393307570756805,1,-0.03526969493735285,0.24848360293757596
MEPCE,SRSF6,0.36543436106591864,15.352353322149568,434.7438156666667,417.49731499999984,0.1671303583293137,0.129733463118523,1.9917139635016252,1,-0.035631653614563025,0.15430712580613792
MEPCE,MRPS12,0.3442879628517896,16.232280630907937,972.1700846666672,697.4277349999998,0.09995244211602643,0.0787328235504881,1.2780132867352803,1,-0.03565471806966951,0.23476650613384004
MEPCE,REEP4,0.4228566201757307,9.297360034424662,265.9509076666667,365.5796513,0.29794680515438227,0.22225392839620497,2.0663747913647565,1,-0.0356860817770195,0.22816474287996083
MEPCE,EIF4G3,0.47199157260560876,2.574954257803164,796.0153196333331,506.827636,0.2316282624311007,0.16699791902130295,0.4300120026281721,1,-0.035694290710149304,1.1211737206100458
MEPCE,RBIS,0.2574783695557158,27.02252942504926,556.5017903333328,510.126221,0.05341382951707415,0.04468364950271444,1.2074652335056888,1,-0.03569980445657392,0.18825540337142543
MEPCE,ARL1,0.23036434635508676,29.91121372798294,479.1108396666664,670.153076,0.14342967549835084,0.12226330733893179,3.6570439169048536,1,-0.03570664017323119,0.1706263440506393
MEPCE,C11orf98,0.35195578190197696,16.080402766390684,569.3221436666663,621.0200199999999,0.056011424187518,0.04388648222200571,0.7057123101298962,1,-0.03600893275458692,0.148682764520903
MEPCE,EIF2S1,0.2346111848069726,28.981621147712502,590.4702143333338,671.4331050000005,0.09354869052657326,0.07950901988867828,2.3043002922396125,1,-0.036248078788221665,0.18626378418618403
MEPCE,SURF4,0.08648737941563002,45.344468269529834,589.8193379999993,715.4316440000002,0.012958781086585157,0.012204864106306794,0.5534230732023521,1,-0.03656541562709058,0.05631438116374745
MEPCE,PRAF2,0.32937602672844957,19.661803484569717,193.6761270333335,197.07299810000006,0.08183350536265828,0.06513022031981924,1.2805775928350152,1,-0.03684888552871552,0.14663819688270996
MEPCE,CSRP2,0.30264453778876554,17.50220310641916,1640.2801106666666,1606.0083009999998,0.03306136699920533,0.026805211838020527,0.46915026189962644,1,-0.03686717801522284,0.2712799801863827
MEPCE,EEF1E1,0.3819602685233136,13.073168562628993,323.39506016666655,258.57031299999994,0.11252717901411718,0.08635336511369858,1.1289120980816276,1,-0.037620328450495455,0.22170621673082136
MEPCE,ALG13,0.431911217523531,7.755069109184357,184.07383216666665,111.32519530000002,0.1788351016713181,0.13256770972363682,1.0280717505530947,1,-0.038144180288435345,0.269030522088005
MEPCE,CPSF6,0.16227734108082922,35.605598027349494,957.1225586666678,600.6435549999997,0.05848838343173295,0.05226646785453729,1.8609788447380387,1,-0.03827905062843989,0.1072602040253817
MEPCE,GPX1,0.37808581056777324,11.399372320749952,808.186767666667,762.5546879999997,0.06596326711835947,0.05075634370789984,0.5785904595663044,1,-0.03833115330299813,0.21734271491517657
MEPCE,CNIH4,0.2798684861653826,22.102605343652815,765.5209960000002,928.0625,0.1438271853350104,0.11846655229500493,2.6184194517997015,1,-0.03849927466233699,0.12441054941220137
MEPCE,GPS1,0.11933392792612349,42.08570385846914,234.93172200000072,322.56591800000024,0.08421156054869772,0.07752693628830064,3.2627756816838254,1,-0.03858096474554437,0.14120397471167245
MEPCE,MCTS1,0.1382045455859109,40.30460003595852,130.1497396666664,172.1439210000001,0.06679965321660622,0.06069800825420735,2.4464089456651363,1,-0.03885687577738375,0.10663789760899405
MEPCE,PRPF40A,0.38989593408205975,10.462163807573003,522.7196043333336,702.094971,0.119007856475108,0.09082566285045333,0.9502329626728406,1,-0.03885792586559557,0.1491147633566372
MEPCE,IKBKB,0.38844374039406815,12.180115709195587,210.54166666666663,147.59790039999996,0.05429349173158787,0.041478006306858765,0.505206916204284,1,-0.03886029163993279,0.19237130723369336
MEPCE,TUBB4B,0.1428534357076624,24.950399951917404,4941.8750033333345,3471.195319999999,0.12125171101753855,0.10982182088110509,2.740098354431406,1,-0.03927931298548626,0.20532828100835093
MEPCE,SEPTIN7,0.1503339972754964,37.773094564370545,390.5157873333337,337.8652340000003,0.07426819329834451,0.06691935243449637,2.5277510276946713,1,-0.03973522163082656,0.11233685645802845
MEPCE,EIF3H,0.35987613192223,11.581472428072827,973.2288413333331,1172.284424,0.03336708214991073,0.02600088343655498,0.3011285146259969,1,-0.0401278246815998,0.7941592805923602
MEPCE,YWHAB,0.44932675191924576,3.6956010843981013,353.8821820666668,552.070862,0.17051418241357993,0.12488286615347129,0.46151725557951145,1,-0.040350762196369586,0.43591004758484125
MEPCE,AKAP12,0.36695818003421404,13.411648598503811,280.55546056666674,303.23364259999994,0.09222669562279641,0.07151458074004548,0.9591284265548184,1,-0.04053338325643639,0.2998512511750527
MEPCE,MYL12B,0.08323058857672472,41.61149605089044,1039.1959599999973,1317.0683600000011,0.01466526602015411,0.013843284393651916,0.5760397738777999,1,-0.04136495566393333,0.08219638041238735
MEPCE,KRT18,0.30884863455091205,18.136744360025574,734.8262533333332,591.3583979999999,0.13162632005932426,0.1062609128786203,1.9272270123424855,1,-0.04149257408436251,0.21851266828138594
MEPCE,KIF11,0.10070312497645928,42.240153589147674,522.4143879999983,347.1259769999997,0.03790884488838784,0.03535329850536514,1.4933287587496082,1,-0.04154781540570508,0.08694766455262433
MEPCE,EZR,0.234328366412839,26.92920997175127,536.6625973333339,451.4589839999999,0.053612484680581336,0.04557532348671994,1.2273074557043686,1,-0.04184470138056576,0.11383841647476363
MEPCE,SKIC8,0.4305145364193619,2.0604232943567116,745.1189778333332,1819.997681,0.653897545938419,0.48519368633635773,0.9997043736022352,1,-0.04202505658150011,0.6560725156045025
MEPCE,PHF8,0.3710269448981312,10.81822715816618,736.4597166666667,650.9445800000003,0.05992810733128079,0.04633868235124044,0.5013023918858253,1,-0.042029655935876216,0.1324691218867804
MEPCE,HAUS3,0.39305178410524194,9.907847487735824,308.6169231000001,206.42956600000002,0.06835620476665878,0.052054810815701485,0.5157511265649115,1,-0.04206276110947853,0.21260908266347212
MEPCE,LTBP1,0.41629298657854474,2.54732999986355,1533.5899253333337,1611.4643560000004,0.7649721129233572,0.5732343168394456,1.4602169722364071,1,-0.04211531765051643,0.7148758793163735
MEPCE,DYNC1H1,0.16723744973032909,35.344363488105394,241.3989666666671,161.55566399999998,0.14261069677598884,0.12700256160324125,4.488824701225456,1,-0.04217399466718457,0.1403676592170696
MEPCE,AMPD2,0.277826974504528,22.64922847923495,264.654663,262.61084000000005,0.020904931193280407,0.017243208187761743,0.3905453619596305,1,-0.042368760303825005,0.24869310092651176
MEPCE,LMAN1,0.3419723109962345,14.971005072725529,296.7194416666666,334.63024900000005,0.022033299242092002,0.017383572609722356,0.26024955372224595,1,-0.04304040534572617,0.18495670008217382
MEPCE,C1QA,0.16416726854588676,32.666589116267055,850.0476889999991,1010.048828,0.03714166354953154,0.0331471318120175,1.0828037352859203,1,-0.0430468937915008,0.07371610949141934
MEPCE,ATP1B3,0.32708898500121986,15.667303374118621,396.87829599999986,471.14965800000004,0.07360316177809725,0.05867273552523508,0.9192435472632849,1,-0.04422457210436904,0.25327684875179746
MEPCE,GTF2F1,0.34129653455044695,10.256520467721694,1320.031738333335,1654.1318360000005,0.0854793412348896,0.06747208025449325,0.6920287721299707,1,-0.04429235217909276,0.1339198630742144
MEPCE,ATP5F1C,0.36686243292305387,10.473665341233803,488.75321466666696,745.5637199999999,0.1552380753715676,0.12038296092825683,1.2608508455493863,1,-0.04440677367656763,0.3108701944715407
MEPCE,CCDC61,0.08132416038196016,36.20563512417082,2301.049476666667,2374.976560000003,0.022198160819904954,0.020981671668857328,0.7596547487378006,1,-0.04448891084978408,0.09057994870462728
MEPCE,MRPS26,0.3747659782821515,10.318449369810775,437.4940589999999,330.496093,0.06842751289656467,0.05277379233540585,0.5445437042657932,1,-0.04463104452936306,0.3330052200239987
MEPCE,COPS6,-0.023106707700261592,56.25970807659478,-43.72843366666666,23.64428799999996,0.04418371506833759,0.04489753056238153,2.525921962799577,0,-0.044702964094364014,0.19323033238296322
MEPCE,SH3GLB2,0.20208655343195883,30.200684925544085,143.77239960000009,173.1973266,0.10824331660807701,0.09409591109242954,2.8417609636844734,1,-0.045214712750745255,0.6765562477324989
MEPCE,RER1,0.3449916416463654,13.681322550293334,275.8010659999999,308.47119150000015,0.22195312497523312,0.17474785393211656,2.3907817546168317,1,-0.04529359981406336,0.31407159520490174
MEPCE,FRA10AC1,0.3338979075836025,14.635620597950922,319.1132406666668,421.304443,0.06149904038005582,0.04879310987522734,0.7141174439279598,1,-0.04531098973783431,0.1750932145738248
MEPCE,DEK,0.30144902962698955,16.868373691051076,735.1040853333338,574.409424,0.14981013803017246,0.12156247344086134,2.0505612288089208,1,-0.04611645912060521,0.17568345940729135
MEPCE,RFC5,0.4021705906719594,7.051032161692242,231.67260753333346,265.30743429999995,0.13622861614791662,0.10308755046676793,0.7268736338112527,1,-0.04613068507549948,1.3280755489240397
MEPCE,RAN,0.1775686531323705,29.167564708983726,1030.5906579999992,1117.7182620000003,0.043181691785951444,0.03818123768414206,1.1136537208213015,1,-0.04626013978280673,0.06399784636410245
MEPCE,EBP,0.3785898013573719,9.612665045512683,324.5083413666664,175.13855000000012,0.146515488910209,0.1126989819509152,1.0833375644644272,1,-0.04628384251437344,0.16992396462359244
MEPCE,TM9SF2,0.40215294894200215,6.517808876705083,350.12023926666643,350.5229489999999,0.09102777875499359,0.06888380541211529,0.44897147837631074,1,-0.04649529873667518,0.22853429120905705
MEPCE,RFC1,0.3530005015074505,12.752190167025658,140.62540689999986,147.949524,0.16819058539285184,0.131686526691877,1.6792916308099157,1,-0.046520971178965066,0.17683635696617384
MEPCE,RFT1,0.20258386339108714,29.76686215076681,65.37074783333333,116.77392569999995,0.14196015077948726,0.12336342159971474,3.672141965205637,1,-0.04656586382413951,0.1125557839717274
MEPCE,COPG1,0.3364281267391514,12.756704214726893,659.8071289999998,635.07251,0.0533494307231587,0.04225307024159766,0.5390099192361404,1,-0.046603332145987775,0.1325626548951769
MEPCE,CNOT9,0.3752845039944756,9.90819860969841,198.47243243333332,190.4589843,0.0838327130831752,0.06463161038451046,0.6403828321543757,1,-0.04688558206981755,0.2732559662010187
MEPCE,CYB5R3,0.36418673241563304,9.551356932475237,669.2954913333338,569.1599120000001,0.16190256825646926,0.12578416804035386,1.201409485407864,1,-0.047032267588329756,0.18402262733349983
MEPCE,ACTN4,0.248550733899264,19.584118426017273,1370.2827150000003,1460.8579099999997,0.05453675016617528,0.04590623590886105,0.8990331605318216,1,-0.04714155318155923,0.11042567559503166
MEPCE,ZNF207,0.2737530572813614,20.09039397736931,475.6265463333334,502.66235400000005,0.00957094159560116,0.007916812817730693,0.15905188855329688,1,-0.04715900996314296,0.12153733232217381
MEPCE,TUFM,0.3352755126361228,12.720339841133288,626.1254883333331,572.7790529999997,0.06363810959508158,0.05044204978859908,0.6416400155943458,1,-0.04733769720348571,0.13084126561781667
MEPCE,MRTO4,0.24210389391630072,22.92023671260976,575.4978026666663,518.1586910000001,0.053707057184092466,0.045410312882676114,1.040815120464609,1,-0.04825612522609527,0.17550544109861585
MEPCE,GPBP1,0.34371997463924864,11.970346753238637,322.42065433333346,453.93017599999985,0.11259126291668956,0.08872338246466287,1.062049653222227,1,-0.04857523854368284,0.19427356654411682
MEPCE,MRRF,0.3625579870382314,9.054375180484946,618.8278810000002,578.8002930000002,0.01719228743863144,0.013371995203939663,0.12107506148811502,1,-0.04867182528690338,0.15546157902622623
MEPCE,MAP7D2,0.33983061815614496,12.519091692971319,292.5004474666664,269.570191,0.05960082461392033,0.047093014424065445,0.5895617656732962,1,-0.04916173448048975,0.12123262153235044
MEPCE,WASHC2A,0.30278839729848234,16.899217147324432,137.81616209999993,208.94537349999996,0.24784462055817535,0.20092530112375223,3.395480294081839,1,-0.0495037581405222,0.30100521619429454
MEPCE,RBM14,0.1546730775529644,28.201222079976244,1986.4095066666705,1215.5019599999978,0.03624357287819655,0.032559195788357524,0.9182091111728976,1,-0.04977272281933888,0.17111761037701445
MEPCE,RETREG3,0.38839551045116444,7.001785782843091,167.0514628333334,168.027649,0.0732498703159442,0.05596177477006549,0.39183235896771174,1,-0.05022418863782767,0.3106830481173041
MEPCE,SLC39A14,0.3461959255343133,11.56432905744267,175.01127120000012,187.59655769999995,0.19537562963867267,0.1536945434075199,1.7773742742979661,1,-0.05047064381152817,0.2246764564527016
MEPCE,ABCE1,0.31159718926203456,14.329186578720464,354.1128339999998,570.9304200000001,0.21190273060853262,0.17074183789517494,2.446591651993606,1,-0.05068840929676741,0.44221849457649676
MEPCE,CLUH,0.35597541499751806,9.208522537662516,521.2994789999998,462.2885739999999,0.302862602423324,0.23664087664480407,2.1791128459158933,1,-0.05077676930823222,0.2684798144244971
MEPCE,RANGAP1,0.09978824383205669,38.759107143811185,180.5066733333333,264.1035149999998,0.060434262192635105,0.056395963727921695,2.1858572006090062,1,-0.05101451738879829,0.1113141530329202
MEPCE,RPA3,0.04147861596265215,45.520149345104755,127.65608733333374,93.65136700000039,0.04009079039267823,0.03895493919360815,1.7732346498225178,1,-0.05137994441514694,0.1355556743174671
MEPCE,YY1,0.27968598687440843,18.277964715515505,220.1679686333332,225.74682600000006,0.06003803667185753,0.04945795874357529,0.9039908248164907,1,-0.05173944369138182,0.16393317685057676
MEPCE,XPO1,0.13758561460439858,33.52989762773146,315.98250333333317,316.6447760000001,0.023810484454787992,0.02164486008016996,0.7257499426546701,1,-0.05244214911919632,0.1650499447217169
MEPCE,RBFA,0.3453437682393335,10.68377750867742,171.7946167,203.85614010000006,0.005552267308054355,0.004370337250970315,0.04669171082725175,1,-0.05254241759312303,0.13021555382968072
MEPCE,BCAP31,0.3448724384563108,9.078919480392319,474.88248733333376,747.9228519999999,0.11739424745609003,0.0924343277508766,0.8392038188744018,1,-0.05283885610311663,0.17209495827615728
MEPCE,MRPS28,0.3457113598332312,9.53619050813678,362.141805,514.8264159999999,0.1130767768867624,0.08898306265248429,0.848559437451561,1,-0.05298977006662789,0.37099137822232786
MEPCE,PSMC1,0.2037038825623503,23.943115955387285,761.7906900000007,775.1928710000002,0.08927287217873023,0.07751795369361757,1.8560213539106272,1,-0.053647756331212854,0.2787109296810835
MEPCE,NSRP1,0.18227687395327846,27.350951109872955,576.7184246666675,368.74267600000076,0.09657472633580823,0.08511311927485639,2.327924764095383,1,-0.053762207783889224,0.1257773791888346
MEPCE,DCTN1,0.18707798276581217,27.057807905327383,331.10620133333305,342.1369629999999,0.041011973790193876,0.03602453648425822,0.9747449880695167,1,-0.054306099074357336,0.11530456154917848
MEPCE,HSD17B12,0.1652276734031445,28.634277878308044,472.05151333333424,646.2924800000005,0.09836235269581987,0.0877191258476705,2.5117738247644708,1,-0.05446179532231636,0.12783581527512847
MEPCE,CKB,-0.504438457256649,112.62900932122338,-1948.0172526666656,-2049.461426,0.045893065856421375,0.06510350026059793,7.332542737695152,0,-0.0548971446057957,0.17500313790136018
MEPCE,PPIL4,0.2281135039990664,11.295652632612358,3847.0917933333367,2857.087889999999,0.016971137956356307,0.014489241946609561,0.1636654439387777,1,-0.05492414281762169,0.10977368509380404
MEPCE,RCN2,0.08098414279503219,38.83504748065935,266.95247433333316,263.018067,0.015011615036953512,0.014192302798206269,0.551158753028235,1,-0.0550894830832395,0.07665416064401231
MEPCE,DDB1,0.2357262021293395,18.72469498686242,968.0688476666664,953.7514649999994,0.07427946728074075,0.06308292337228984,1.1812084990257419,1,-0.05568942367900147,0.23551186316642322
MEPCE,EIF1,0.27864865031039693,14.354651394868277,672.2168783333336,835.5327150000003,0.07809157022765383,0.06437631801073442,0.9240996031292726,1,-0.056370333002030565,0.11532061874134947
MEPCE,HADHA,0.023958114775294137,45.540303099861646,44.374593000000004,-127.20727499999975,0.0748922597443887,0.07365955572962331,3.3544784941281955,1,-0.05678707282614023,0.10365891274046746
MEPCE,ATP5F1B,0.3004007576454137,12.925007207450317,385.6293536666665,400.6536859999999,0.03742564307463993,0.030390871851566508,0.3928022377221961,1,-0.05700233076281466,0.10936597878945009
MEPCE,EIF5B,0.1735311103336981,26.470912773267433,654.1344400000007,391.24902399999974,0.09264080700037125,0.08214253679118257,2.1743879263743047,1,-0.0574112543418526,0.15416116820212683
MEPCE,FAM32A,0.19955862851979775,21.398436869245227,1248.4313163333318,982.4921879999984,0.03260556626664943,0.028393726579142287,0.6075813656863864,1,-0.057460169510997,0.2643668061416596
MEPCE,PRPF6,0.3449808980450264,7.565626660036966,383.47977733333323,436.4603280000001,0.036066834479527306,0.028396306019557293,0.21483584986813084,1,-0.05767130487547189,0.17541376359183786
MEPCE,CHCHD1,0.28290708873098486,13.874263395561483,487.8728026666663,622.2922360000002,0.04715455537665168,0.03875820934501588,0.5377416051930628,1,-0.057933990993591686,0.20742146799821742
MEPCE,HNRNPF,0.13507633848813105,31.95685240880402,129.99267566666686,98.07580499999995,0.04656479795663248,0.04240329918107812,1.355075973576074,1,-0.0580563945254889,0.7128207886190991
MEPCE,TCP1,0.07386261277459173,33.50251437268751,2009.8424466666547,977.9921899999972,0.054526217806043394,0.05180535311001162,1.735609587150316,1,-0.05874797661895731,0.14885818317014887
MEPCE,VARS1,0.19006065126491528,23.92695446739672,525.3354489999992,432.9135739999997,0.12352885025530339,0.1082824937727734,2.5908702981173177,1,-0.05926667343687511,0.2579301762558945
MEPCE,EIF3E,0.26755704521799706,13.264195310210718,1056.824544666667,982.5078130000002,0.04643363237827403,0.0385739017818438,0.5116517671112614,1,-0.05934967653019136,0.8442021852007934
MEPCE,HAX1,0.1678946952554412,27.557280121398083,118.66365549999989,154.7948,0.013107441311772109,0.011667570891456546,0.3215265193921384,1,-0.059457352649193405,0.13151523389247582
MEPCE,UQCRC2,0.3076521487890347,11.61461517147624,195.8040362999999,85.59753419999993,0.15471578129656227,0.12500448600491607,1.4518789996552874,1,-0.060058137044414026,0.23195634915328459
MEPCE,ZRANB2,0.21105247805651794,9.11083698190088,3468.455076666669,4201.181639999999,0.08520639712157692,0.07361101858707725,0.6706579904185364,1,-0.060119837878000765,0.18145245467060128
MEPCE,HOMER2,0.37632818336495855,3.6526377667109413,196.57843006666656,146.17749030000004,0.2781309124212195,0.21427254844590582,0.7826600028229154,1,-0.06041187832915364,0.31029071063669705
MEPCE,D0JC8,0.18635939140926092,23.472489977921153,514.0314126666667,470.0974120000001,0.04793160703987049,0.04212365431094852,0.9887470536471544,1,-0.061056615358230926,0.21446508363061695
MEPCE,TXLNG,0.12096695335590833,31.76023167522741,124.63212066666665,250.37402300000008,0.11572335097103001,0.10641682885822344,3.3798231386802025,1,-0.061350189869898784,0.27778374435598185
MEPCE,EIF3B,0.12461136047705632,29.94913540349887,507.31445300000087,579.5776370000003,0.011548754761444062,0.010593205210133655,0.31725733719534255,1,-0.061610357499649535,0.8159162269631869
MEPCE,GADD45GIP1,0.3250903285561735,8.368836140266177,310.6627196999998,287.51489300000003,0.1013629052733836,0.08091342341905658,0.6771511821420604,1,-0.061632837210739616,0.1602152747528698
MEPCE,SNRPE,0.2168252135768606,19.005146547835324,570.6191406666671,649.2878420000002,0.07715785366766734,0.06639157660961083,1.2617816430074897,1,-0.062434325814128756,0.15755204177498477
MEPCE,MAP1B,0.24591598163521428,16.759557818324772,186.41796883333336,241.1541135,0.1396701699929214,0.11778208477359103,1.973975659725829,1,-0.0633365391831865,0.14428818911263225
MEPCE,CHID1,0.22315162450542142,19.358815012554388,134.8954465666668,81.08227529999999,0.09636312342859088,0.08255421582132962,1.5981517925916107,1,-0.06405142795386806,0.23788551797261687
MEPCE,RNF40,0.24761547601726236,16.074207648788857,189.10748333333345,270.58435099999997,0.17513064094410602,0.14751157819584174,2.3711317385205146,1,-0.06428825064620163,0.2442950060030361
MEPCE,MRE11,0.3290031134816285,6.187722294132001,370.09549966666646,418.47522000000004,0.08572307120441901,0.06824351277853437,0.42227190544961923,1,-0.06467991346631902,0.14885680133968965
MEPCE,COPS7A,0.09864131897717823,32.50348207825322,119.34830733333365,224.39038100000016,0.09049511692307977,0.08451527435522561,2.74704070534373,1,-0.06529120041078229,0.22778032014222618
MEPCE,MOGS,0.233999052342826,17.345776242115463,119.02024336666659,216.8327637,0.2901784296627837,0.24673348053205593,4.279783744747394,1,-0.06532430588436156,0.27138851572590467
MEPCE,ROCK1,0.27740469308478755,10.699133510838351,539.6309403333335,680.996826,0.07141524661088566,0.05892334455970287,0.6304287303493916,1,-0.06574490146875767,0.19771665388614315
MEPCE,GPATCH4,0.2516139666860312,13.570241447015357,319.1114905666666,885.9702139999999,0.5597378601582123,0.4701592444383297,6.380174465574446,1,-0.0658602619029954,0.35168758800583877
MEPCE,0F1,0.3527658197834867,4.038133172455995,84.61830650000002,49.126190199999996,0.3691381008951764,0.28906744328543155,1.1672928318079432,1,-0.06612949064377253,0.3036002396370823
MEPCE,RPN2,0.28600090475052053,10.428648163801398,448.9344076666662,213.84399399999984,0.11458565373562955,0.09398076107274651,0.9800922913939558,1,-0.06640907825814925,0.18559305601580112
MEPCE,EIF2B5,0.24027582281719678,15.03131520621607,416.36507166666706,415.1511230000001,0.06677988993761724,0.0565352277076554,0.8497988279289687,1,-0.06688296498865717,0.24359979704068535
MEPCE,VPS50,0.13706470417905192,27.404648217364592,130.83138066666652,227.62683200000015,0.09932261297337773,0.09032157425022254,2.4752309687659246,1,-0.06696483017428562,0.3569624735751394
MEPCE,DERPC,0.23424965250194307,14.981362602920157,611.4649253333337,536.6721200000002,0.041354520554915244,0.035156894875771824,0.5266981901266833,1,-0.06721555803358874,0.10147229032387813
MEPCE,RAB3GAP2,0.3150402294861168,7.155316049057681,260.9086915999999,162.53613299999984,0.057713756476272124,0.04639233958190898,0.3319518519637672,1,-0.06739936033418766,0.1407592474430633
MEPCE,AP2B1,0.31013342143343103,6.8768957276591545,339.6385499999999,400.3010260000001,0.1808748549362586,0.14588889545591904,1.0032627218737227,1,-0.06796650887398445,0.26235257212773005
MEPCE,SRSF5,0.278318634786709,10.274879755350256,343.7591146666666,475.16064499999993,0.16616526260311787,0.13701293254561395,1.4077914068340989,1,-0.06801771801202443,0.17826962424144988
MEPCE,COPS2,0.05618837300255264,36.11791394957476,103.11466500000006,60.67920000000004,0.02454784472883696,0.023610389897368637,0.8527580306290697,1,-0.06846665124148922,0.1884453907111427
MEPCE,KP06,0.32099301528634666,5.410859094081476,267.85396289999994,361.3979488000001,0.11847121168783765,0.0948391779507417,0.5131614284899821,1,-0.0689450775230135,0.2739928673289743
MEPCE,MTA2,0.15502438458119205,24.084336700822448,287.6479493333336,206.25,0.03621532475292544,0.03252589791998034,0.783364677001387,1,-0.06927361679009254,0.22815037170617375
MEPCE,MCM3,0.1440827044381414,21.722890590122923,1114.9833966666665,1354.1708999999992,0.05870504474935766,0.05312588009465516,1.1540476808001832,1,-0.06934934725369227,0.28061894364599266
MEPCE,SFSWAP,0.28340185711115523,9.446430870098405,348.2086589999999,227.21398900000008,0.10243195811510578,0.08416404181525243,0.7950498027558536,1,-0.06952441838338037,0.1911424675671023
MEPCE,REEP5,0.3098892881268079,7.048661870695385,118.16350299999988,113.18225099999995,0.19124495749056705,0.1542792523107871,1.087462283202438,1,-0.0696416280105286,0.3097271120323117
MEPCE,LUC7L,-0.24559202535092134,71.58700122522042,-1342.585774666667,291.00195299999905,0.31068644520652916,0.36834774993801084,26.368910826119567,0,-0.06965012640509217,0.27682997375565266
MEPCE,PSMD10,0.2056520778586914,17.869785595568505,241.49711133333358,386.754639,0.19370916390782386,0.16797571118171473,3.0016899440803813,1,-0.06994321081241531,0.25340969858368473
MEPCE,GATAD2B,0.22680314240263116,16.19131390011878,84.88121540000003,82.58624259999999,0.03917026446806939,0.033472308533446,0.5419606544266486,1,-0.07024162144155441,0.09722898650988211
MEPCE,TFAM,0.14607459785788154,24.560364983066915,211.20450866666624,271.3529050000002,0.03319186453465926,0.02999595811848921,0.7367116794068841,1,-0.07046793600147273,0.08220916660390691
MEPCE,CDK1,0.08743628148938896,31.472801123997595,112.19282999999996,98.37634200000002,0.10121337980735148,0.09526230191577431,2.9981714828093797,1,-0.07077673644421656,0.17048904173409798
MEPCE,NUP88,0.13539522014563343,26.240453380905276,78.52294926666673,24.220764199999962,0.06456036610341438,0.0587776090452699,1.5423511099934812,1,-0.0708976996585891,0.1771249806125335
MEPCE,PPIC,0.3593250047725969,0.9070875816334345,35.74351499999999,196.9992523,0.9549163745445668,0.7443910131485014,0.6752278439065363,1,-0.070960927692161,1.4830102419621898
MEPCE,ACSL3,0.2601101160769528,11.509382007575082,188.49043789999996,279.0559078000001,0.06994069443727591,0.05840265886522321,0.6721785111379454,1,-0.07114109973256909,0.2907871701423651
MEPCE,ECHS1,0.12280239243282776,27.401826904712003,100.43729666666673,74.04345699999999,0.054635167057164195,0.05017750469873717,1.3749552982651692,1,-0.07115865233204538,0.28522203591151607
MEPCE,NOLC1,0.24456761060299853,11.159049856587016,798.950683666666,798.2685550000006,0.07030299005273777,0.059341056663883285,0.6621898098548288,1,-0.0712585835221896,0.11989525494572666
MEPCE,FANCI,0.2439072140728536,12.898103200282062,391.88090033333356,257.9738769999999,0.027911140327096722,0.02356990651909288,0.3040070867042609,1,-0.07134292971167315,0.20257611753380203
MEPCE,PRDX3,-0.34381961037696923,86.95769839530654,-2027.9062503333325,-1987.611817,0.014456413119105786,0.0183470429674912,1.5954166288128298,0,-0.07168568958714697,0.18378399588442157
MEPCE,DDX46,0.06865178106562324,27.924553850330433,2115.542966666675,984.2343699999983,0.035245367285122266,0.03360778857491424,0.9384825018507126,1,-0.07170203350587795,0.08934104367910152
MEPCE,GNL3L,0.29243329319607225,5.40198764381502,950.7532553333331,643.1157230000008,0.07621468330493301,0.06223160508353246,0.33617436171601833,1,-0.07212268358728317,0.17923359555211854
MEPCE,RACK1,0.1793666835232603,19.496452398722393,249.77217633333316,358.9062500000002,0.054572691347806554,0.048193054787994266,0.9395935986231506,1,-0.07288102882390855,0.10425129498274308
MEPCE,TMPO,0.25348866753840316,10.713425174673795,367.5734050000001,458.709961,0.09366063503926299,0.07856932982333997,0.841746636086619,1,-0.07307882724547599,0.13686034550848322
MEPCE,CMBL,-0.003222226657429786,41.2173513806902,-116.82032000000618,-71.17188000000169,0.021152209150361295,0.021199717398379666,0.8737962011803462,0,-0.07322481968947804,0.05653015451094561
MEPCE,PRPF38A,0.11968920893706744,23.82460953552279,716.909017666665,1035.422364,0.017842442805387156,0.016422083969639952,0.39124973833623994,1,-0.07352934236450395,0.10673283910119594
MEPCE,EIF4H,-0.06023590475934444,48.365952643509495,-300.17578133333427,-400.37695299999996,0.023080960775214158,0.024065296964647893,1.1639410133441528,0,-0.07356376303088766,0.12094844142015536
MEPCE,WASH3P,0.2277060483280638,14.050526909610298,200.00297033333345,159.64209000000005,0.1409851301128958,0.12040115901309943,1.691699724661822,1,-0.07392218790881395,0.23873455822623907
MEPCE,FAM50A,0.2240366837809398,12.714306394264815,642.8164059999999,683.5417480000001,0.17090954649852644,0.14632828350029026,1.860462630569535,1,-0.07393812268516395,0.17510642932332554
MEPCE,SFPQ,0.21052082271400893,10.29534313297071,2147.8343066666657,1336.5576099999998,0.009440280502390182,0.00815859866116586,0.08399557270089797,1,-0.07400021297288897,0.5915567948883376
MEPCE,CNBP,0.11515970909161145,22.649686912926864,1313.9013666666688,1105.5341800000006,0.10356775126219804,0.0956229262165314,2.1658293405023428,1,-0.07455171219705961,0.15850484912100737
MEPCE,IQGAP1,0.045310097536521564,34.551994826625865,72.8113603333336,68.35571299999992,0.05474690911316567,0.05305473078512785,1.8331467836157656,1,-0.07461007524221966,0.3028001116813007
MEPCE,PAAF1,0.2393613828404376,12.07119247709314,234.36665866666635,292.86205999999993,0.054877698256579135,0.046488401191479754,0.5611704387346782,1,-0.07473600625743118,0.24227393169834477
MEPCE,GPHN,0.24367355166267163,11.120744766651733,344.811645,383.6142570000002,0.07018537449466193,0.059278504885345765,0.6592211229786481,1,-0.0749638652602386,0.21704165910367176
MEPCE,ATP5PO,0.2795322514069654,6.971327008340679,264.7398273333331,460.8852539999998,0.0672503551787056,0.05540520523290638,0.3862478036428186,1,-0.07527322242781316,0.16316567376358074
MEPCE,CKAP2,0.3125977275348966,4.019001525114084,86.67593383333326,161.31555179999998,0.2769991729899216,0.22303893196729538,0.8963938077363764,1,-0.07550772389127945,0.25567922021615014
MEPCE,COPA,0.1522954093534846,19.382548624312236,908.4715166666665,678.4648429999997,0.0529191065890433,0.04761797525797189,0.922957720828937,1,-0.07587382033896968,0.1300048353563936
MEPCE,DRG1,0.15723593074028722,20.74174730959921,241.13419600000043,268.92529300000024,0.02733987850202619,0.02451702349273699,0.508525906069858,1,-0.07594422894451938,0.4690182937231597
MEPCE,IPO5,0.30148887513930733,4.163733914247773,532.9135336666668,117.61499000000003,0.0791593821700806,0.06423159774210066,0.26744328188510524,1,-0.07630036909323146,0.355788512779857
MEPCE,USP7,0.2279273133461407,12.69816193224832,186.04201266666655,212.67504899999994,0.020780624187591076,0.017743910509047365,0.22531504895520615,1,-0.0766585423427072,0.2322780863325883
MEPCE,MRPL57,0.33268044452998446,1.482068973644143,43.09047444666663,65.38705439999998,0.6155535943141212,0.488790242127492,0.7244208524771643,1,-0.07667852977890154,0.7501927737858405
MEPCE,FBXO21,0.1435868925951919,22.47687764006401,143.62463400000001,29.561157000000094,0.12834319192985222,0.11618573400406274,2.6114925267303426,1,-0.07680798346693085,0.14276964387975666
MEPCE,DDX6,0.27511289445311404,7.291147453181875,246.5678914,156.75439499999993,0.3023592957252866,0.2498674476688958,1.8218204047041249,1,-0.07690401455502557,0.2097066393421567
MEPCE,STEEP1,0.2529359143841398,9.986453715870164,164.14373780000005,91.11614989999998,0.16249928532184518,0.13636841809775524,1.361836895639664,1,-0.07702353401737691,0.34274055176869034
MEPCE,RO60,0.26197565642962745,8.962145584374108,82.47120153333344,158.56820670000002,0.22265443290884684,0.18568312524783193,1.664119201032641,1,-0.07711182400600368,0.26638092055210333
MEPCE,RIOK2,0.2920827637943563,5.337996333632541,179.46079516666668,187.76531980000004,0.1184822834733832,0.09676789401662152,0.516546663474068,1,-0.07716469935021271,0.1926163655014285
MEPCE,PRP4K,0.25676294893403107,8.670099119098882,326.1291503333332,377.8214110000001,0.0605674077686506,0.050693149257556205,0.43951462872228625,1,-0.07720187669505661,0.14129240521540626
MEPCE,RBM33,0.22389661242620185,11.609733418493972,510.2838540000007,563.1770019999999,0.06710347174599443,0.0574578157491282,0.6670699236563229,1,-0.07736486974469747,0.12055596799739003
MEPCE,COQ8A,0.19315460971573695,16.091595069459032,198.83581566666658,253.5810550000001,0.15969476324307824,0.13968479741846618,2.2477511974173745,1,-0.07753699855795854,0.1801318411983623
MEPCE,PDIA3,-0.0375379653297177,43.320696118052155,-142.48046866666573,-203.35839899999974,0.03214496170853703,0.03299266700734905,1.4292653015494532,0,-0.07761987233793768,0.06499109499193562
MEPCE,BRCC3,0.27095534856459086,7.016235694038121,373.9411620000003,175.6630859999998,0.009401409041490227,0.0077916755600123695,0.05466823218052326,1,-0.07793645446072803,0.2301653962434168
MEPCE,LTV1,0.1294715022261646,22.8132105863385,322.29549200000065,196.54931699999997,0.08059805015184791,0.07368069263814277,1.6808931573012316,1,-0.07815899452986245,0.3376747603050405
MEPCE,PSMD14,-0.24623083787609099,69.11240454105695,-908.8683270000001,-936.3828130000002,0.019010162277317926,0.022548302028354845,1.558367371497595,0,-0.07822433123847408,0.09924084648475155
MEPCE,MAGED2,0.13436857341145084,21.495198931879663,380.0744629999999,490.2746589999997,0.08479949409221033,0.07725885135001814,1.6606943790171598,1,-0.07846576081274624,0.22591031095785835
MEPCE,TOMM34,-0.039459621554058216,42.635240432274486,-39.22501633333354,-43.32885699999997,0.025100994433812997,0.02579728018016162,1.09987324297994,0,-0.07854933174800696,0.2468957358728796
MEPCE,CLPX,0.2571265182074271,8.480121060523846,210.0136923333332,198.06152399999996,0.09150566643374522,0.07656826876402757,0.6493081885136803,1,-0.07868254167511454,0.11707196327504628
MEPCE,CYCS,-0.1090836390326855,50.867123937381805,-240.94856766666726,-182.22583000000031,0.06190538958021149,0.06676834208850806,3.396313532109645,0,-0.07893847588910455,0.09977260680102532
MEPCE,NCAPD2,0.1482675183447426,18.78573542367403,680.2400713333336,691.951172,0.05987671394682434,0.054029245959742705,1.0149791197403355,1,-0.07900337310355741,0.09935548640308274
MEPCE,KLC4,0.21540004340278318,12.98182171220514,165.7089229666667,145.36993400000006,0.13822863512020533,0.11905835734748003,1.5455943684329945,1,-0.07943296230482193,0.17553140013250745
MEPCE,PPIL3,0.03234467077640453,33.768605691291825,46.16389933333335,45.27172800000017,0.03273150269858406,0.032006152835121336,1.0808031547844343,1,-0.07966490548984582,0.05403440381296704
MEPCE,C15orf40,0.24574002725119276,8.809939454099572,397.61043299999983,222.99023399999987,0.08747159186515358,0.07377268219174461,0.6499328634757997,1,-0.07989837207746238,0.17278742743623254
MEPCE,EPPK1,0.014227766986013392,34.881779430683956,248.5442733333366,277.55469000000085,0.06671740760639966,0.06606333266937439,2.3044065986290154,1,-0.07995423637570154,0.23091290287552727
MEPCE,RPS10,0.034394990162075305,17.02376711518723,3297.1457999999984,5882.140600000013,0.04055503540275591,0.039599992326357136,0.6741410471271052,1,-0.08009012724714955,0.13404107717638403
MEPCE,MTHFD1L,0.2461219655403535,7.290810484308144,590.424235,763.0590820000002,0.08790295090219193,0.07411686175037595,0.5403719927136582,1,-0.08025271437476486,0.15358328731689752
MEPCE,SNRNP70,0.1332572923429849,21.223982311205482,286.2709150000005,211.08691500000032,0.027685467177524743,0.025243023642394086,0.5357574872675138,1,-0.08077901365699362,0.05352862767212343
MEPCE,SEC61B,0.034120328414993906,33.25517253087126,32.019917366666505,-58.25610400000005,0.269338416435064,0.2630457573739706,8.747632044985096,1,-0.08080603361623408,0.23008749788401855
MEPCE,POLR3C,0.1358900796082847,21.38005489016153,85.19008380000002,112.9277343,0.04965334021166894,0.04519032155244711,0.9661715552953688,1,-0.08097501600756038,0.07112502181104735
MEPCE,ZCCHC17,0.12454093546656801,21.73857246049779,403.4624026666661,239.92871099999957,0.05730247139293173,0.05256380306901773,1.142662041815178,1,-0.08120658047531652,0.09624537105585079
MEPCE,ATP5F1A,0.16305194250364088,16.269119109147606,668.7983396666677,593.6684570000007,0.013346676977244698,0.011920473397989838,0.19393560154932218,1,-0.08130181286432156,0.11418226110210572
MEPCE,POLR2H,0.22263228710968422,11.46251542792837,105.15551756666673,82.53411859999994,0.1368388968266495,0.11727198865303864,1.3442319791992963,1,-0.08145873833605023,0.18732570706239338
MEPCE,PPM1B,0.09713494224578606,18.620569770900303,2732.755210000003,1248.8984399999972,0.06396304049123858,0.059798822001562384,1.1134881372977405,1,-0.08152810874108421,0.08700371695567645
MEPCE,PDCD4,0.28814914282517495,4.1415304058632225,104.82189943333333,54.49880979999995,0.4109792263212128,0.33657502886020557,1.3939357158788328,1,-0.08153563073479732,1.4145541534717798
MEPCE,MYH9,0.019945525979841817,33.3505561663794,333.21224333333157,266.74804999999833,0.007868271521070835,0.007760316249164419,0.2588108629366247,1,-0.08159816675193672,0.040324381894422646
MEPCE,PROSER2,0.156573896108441,18.571399077746552,156.39148000000023,154.42028800000003,0.052560990285643726,0.04715567828185306,0.875746920154119,1,-0.0816034552320441,0.1452441345415421
MEPCE,IGHG2,0.009865757013699319,33.93703114765041,215.52538666666442,677.4335900000005,0.050492394200524,0.05014878191543545,1.7019007738808605,1,-0.08165184831839824,0.06297450097972826
MEPCE,0P1L4,0.2713514907824452,5.939443401336946,66.45344033333333,100.61230469999998,0.14625324686624025,0.12117811055574036,0.719730529126771,1,-0.08168930462617606,0.48544070796131017
MEPCE,PIP5K1A,0.12504693792784258,20.98371993611507,385.4479163333326,424.3735349999997,0.10248582319280963,0.09397771841375248,1.9720021234292662,1,-0.0820813756973891,0.08244885604338228
MEPCE,TELO2,0.10152774211854827,23.707143861006244,229.70068366666692,315.0532229999999,0.012838786169761005,0.011966444139016808,0.2836902127083665,1,-0.08292604622536705,0.25429748729257284
MEPCE,CTR9,0.212684324878758,11.574530964079553,155.5720620999998,201.71594200000004,0.19232967268934445,0.16596850377306013,1.9210075859832387,1,-0.08297581223196991,0.21064159292268317
MEPCE,NUMB,0.2100207928963837,11.749142374636879,166.0911457333334,142.975952,0.14852127718116048,0.12840143323889636,1.5086067202312254,1,-0.08343056029273516,0.16069788567831475
MEPCE,MCM7,0.1046619254679875,21.86920868183463,666.0670576666689,513.4677739999988,0.025605709210330774,0.02381411624457126,0.5207958777259969,1,-0.08366297671418635,0.28105987486135753
MEPCE,EPB41L3,0.23110630210867728,9.251908713655542,81.24828083333324,140.58575439999993,0.1454948495941345,0.12395994957558758,1.1468661376226803,1,-0.08407184483537256,0.20008546814533523
MEPCE,ZC3H4,0.2891197059860408,2.254215264329654,66.86157226666666,131.1394043,0.1533676953631753,0.12551734433566253,0.28294311353957174,1,-0.08525623658578262,0.32795744928750953
MEPCE,ALDH3A2,0.20452805505500132,11.392296914728878,106.57950846666677,183.05432129999997,0.2408723264726376,0.2090362456304434,2.3814029761622084,1,-0.08562403928949301,0.16603507220276564
MEPCE,KLC1,0.18169305283803197,13.344387017059244,321.5004879999997,257.06787099999974,0.010155545444587424,0.008953895553176269,0.11948424757190988,1,-0.08580154451342108,0.21283379927091836
MEPCE,UBE2O,0.053608001939054344,27.39453093687876,217.99869800000124,506.53466799999933,0.04450926861563612,0.042886146606818235,1.174845869984,1,-0.08587978243360715,0.32012181841744414
MEPCE,EIF2B3,0.09258458671570746,23.564317016520196,144.07938666666678,221.67920000000004,0.10420058727088294,0.09772451008928934,2.3028113360281406,1,-0.08611462976881187,0.10104537591618347
MEPCE,TRAPPC3,0.15902813302463162,14.805037364146274,356.2366533333334,583.8579099999997,0.11144619755926742,0.09981525183402945,1.4777685329144759,1,-0.0867401608088319,0.20640969498842343
MEPCE,EIF2B4,0.1622878688575056,15.004488955275544,329.51684599999953,225.32861400000002,0.09518893101381166,0.08506223980552194,1.2763154376729537,1,-0.08700768894160522,0.15257858484378356
MEPCE,CKAP5,0.07372682611791376,25.48920550809251,88.53283733333319,43.26147500000002,0.15212469976052623,0.14454726360759113,3.6843949077263116,1,-0.08743168106266933,0.16624103092711678
MEPCE,DARS1,0.14832242156192682,16.55172806652372,220.39892600000007,233.47607399999993,0.04555813752221033,0.04110743530417862,0.6803990906669812,1,-0.08744403501856457,0.09382536263139607
MEPCE,HSD17B10,0.014779285811563861,32.243846298674995,35.950683666666464,-43.582520000000386,0.0037106658229659165,0.0036728833423221347,0.1184278859627986,1,-0.08764135165109294,0.07762209805570713
MEPCE,GIGYF2,0.1296820056409215,18.809236607025568,120.51041666666629,142.94909699999994,0.06366196873500736,0.05818966554091519,1.0945031872427562,1,-0.08781999095877659,0.0645564373220798
MEPCE,MRPS7,0.22785486006744354,7.456594820233614,165.2703243666664,58.34436000000005,0.09340905852661799,0.07976301390696058,0.594760476344864,1,-0.088752962284852,0.25802979334731274
MEPCE,CNN3,0.20561636761466984,10.026799566424502,117.63470456666676,30.65661620000003,0.10357489979331211,0.08981763049465652,0.9005833785010982,1,-0.08887471226307415,0.17284462056485025
MEPCE,RAB5C,-0.19156569894222594,56.1559659088299,-432.0135096666663,-387.62231500000007,0.019837608037834745,0.022654854964589907,1.2722052630609966,0,-0.08907250991919274,0.11286775296181466
MEPCE,SF3A1,0.20772819571652884,8.95493556098119,295.68204733333346,223.67944300000022,0.03312191053672499,0.02868050027706373,0.25683203183780884,1,-0.08923841749315327,0.1703061019643159
MEPCE,AP2A2,0.12528020719613195,18.661941714769668,123.53308099999981,59.52343799999994,0.043816116077964457,0.040172120799977735,0.7496897769278708,1,-0.08952317196549506,0.07150257804751536
MEPCE,WDR33,0.15580071434227777,14.509931038743188,339.74055999999973,235.77539099999967,0.09949114693370854,0.0893074414368507,1.2958448164952994,1,-0.0895814290595083,0.10949553416325035
MEPCE,CALU,0.062053858001723305,25.584490068782255,107.56250033333345,23.288818999999876,0.02261698428182691,0.02166500450756922,0.5542880926640275,1,-0.0900684830350561,0.3144663564304147
MEPCE,YWHAQ,0.20617410176916962,9.110437559315882,103.1902262333333,162.84906,0.11863986917924862,0.10284183918467012,0.9369341543771423,1,-0.0902763860954281,0.2652337778967481
MEPCE,SDF4,0.17737990533263448,12.407284109969838,104.3639525000001,86.75134280000009,0.10965119844566745,0.0969662390013008,1.2030876763643772,1,-0.09040860989957322,0.5524655241280146
MEPCE,C3,-0.002560056021068995,32.67994598532248,-9.694987000000765,80.04833999999937,0.05173504487586837,0.05182744918177937,1.6937182398175954,0,-0.09061635565751429,0.08951874210841189
MEPCE,HNRNPA0,0.0322499797885831,29.558689250888555,199.9692383333313,-572.1376950000013,0.23657701098178385,0.2313495057971593,6.838388150204872,1,-0.09062461689004445,0.1736200500483615
MEPCE,NKAP,-0.0553539201745354,39.5039343780568,-342.9098306666674,-212.6044920000004,0.03825003063057039,0.0397465548127666,1.5701452930773694,0,-0.09108538086133469,0.2592564456251355
MEPCE,A2M,-0.19144232688870588,57.860137175291136,-1181.6891273333313,-1120.96875,0.049589500967966486,0.056627133767832745,3.276453727650363,0,-0.0911461223611726,0.18822945323428822
MEPCE,HSPA9,0.04501866027554245,25.816974910408796,292.5937499999982,490.5771480000003,0.03430556196766275,0.03325192409328335,0.858464090039114,1,-0.09116753125433022,0.26156124279796905
MEPCE,MTRFR,0.20018707205697064,8.522146362886847,321.9803876666665,327.2695309999999,0.17909658951497795,0.15589377820267145,1.3285495949065853,1,-0.09150995928694072,0.1614370776771328
MEPCE,DDX17,0.15672382532851054,12.83907361037703,393.84318066666674,553.2556159999999,0.017308809428973487,0.01552717757449423,0.1993545758403269,1,-0.09154541299894926,0.1654548330457934
MEPCE,CCDC43,-0.0710007692021655,40.51101233349347,-123.64656566666645,-175.625,0.054888695694147005,0.057658167328471,2.335790727770319,0,-0.09169384875654928,0.04775158449008178
MEPCE,ALB,0.11799100453240086,15.547001132466404,1104.9899099999984,626.632810000001,0.04237413151128579,0.039046847875125974,0.6070613881338269,1,-0.09198804986672374,0.29508746867703173
MEPCE,MYO1C,0.15525032050941717,13.59950028003936,187.04398599999968,287.6461179999999,0.07778113502668528,0.06984626267551355,0.9498742688153493,1,-0.0920984944190677,0.16243527094371013
MEPCE,SBF1,0.19394894349155964,9.708478218833994,113.41888426666674,114.19934080000007,0.0503610637740033,0.04402650817891942,0.4274303957063559,1,-0.09210043749941495,0.2641427734657825
MEPCE,RAB9A,0.16324485195658256,12.953222728596714,199.80175766666684,113.78613300000006,0.044793183171933926,0.0400013093692925,0.5181458696959482,1,-0.09218038621674259,0.09253218277268292
MEPCE,BRD9,0.2438571272794258,4.089785378336657,79.84650673333334,131.43414300000006,0.15659662129085397,0.13224453842894068,0.5408517796315617,1,-0.09223239787228041,0.2551637410340973
MEPCE,BRD2,0.11894366257933126,17.920301827836298,85.86617016666673,158.03869609999992,0.11287222192710654,0.10394065837978214,1.8626479703497179,1,-0.09244585818404687,0.19274788417698355
MEPCE,LRPAP1,0.20247939609018287,8.024197659620462,283.1949056666672,228.22375499999998,0.13692106889917044,0.1189930738465628,0.954823944670634,1,-0.09257181695312325,0.22518576652982045
MEPCE,TXNDC5,0.1053321092447211,18.588485963436078,288.0327149999998,339.6784669999997,0.051282314521721314,0.04767201737812531,0.886150625881963,1,-0.09280288758714994,0.18118488454733972
MEPCE,CAD,-0.12912491012833116,48.95384525410139,-953.4827459999979,-731.7402299999994,0.028131179586048435,0.030765442359864982,1.5060867044588062,0,-0.09292752449722735,0.2511873694440431
MEPCE,DSP,0.12208432014936575,17.25690615240716,167.00333633333298,97.49133299999994,0.08347139506115485,0.07669916221090978,1.3235902442419238,1,-0.09303700348814868,0.22464477207628697
MEPCE,LSM12,0.2549375990120192,1.6066857536583257,158.67109183333332,460.3605347,0.5599991188352046,0.46929628771748283,0.7540116597204184,1,-0.093347269908988,0.5667523665153918
MEPCE,STUB1,0.06100031749800617,21.73557257520716,435.2893843333313,968.8769499999999,0.03663881234570902,0.03512227389410691,0.7634027332316646,1,-0.09373273924291312,0.24508753278423323
MEPCE,PSMB5,0.12904495302872124,14.629140346651884,499.53987600000073,566.3237300000001,0.038263588495750754,0.03498994557821273,0.5118728245853855,1,-0.09392301979656614,0.24066315393321147
MEPCE,SRP72,0.10286466149293873,18.61783979487074,74.29435203333355,68.73596200000009,0.08799861633503815,0.08194350551262412,1.5256110578641433,1,-0.09523564591558428,0.15007599614697556
MEPCE,CD2BP2,0.2183160499317947,5.200603043942549,323.34297633333335,76.29467699999987,0.06039717436175974,0.05191593433503448,0.26999416613190186,1,-0.09528514116129252,0.1837339457586747
MEPCE,CAPRIN1,0.18994013504483115,5.883815594987281,2681.0214833333303,-1007.6406199999983,0.17893600061498582,0.15686420594956646,0.9229600612613558,1,-0.09557399999137009,0.21300663787208413
MEPCE,BAG5,0.18536374473201858,8.892997395718641,158.9084068666666,145.79589899999996,0.04829754322490566,0.04247455249301695,0.37772608470471447,1,-0.09566119912128797,0.1871474174486762
MEPCE,SPINDOC,0.16426189469168323,10.14199255260876,394.67024733333346,517.608886,0.041155292643483415,0.03672669195287872,0.37248183626805204,1,-0.09570921263712359,0.20161113556809881
MEPCE,TXNDC12,-0.021230021882278793,43.15190596520981,-3925.3437999999733,-2033.1875,0.05412532672090136,0.05492825619076363,2.3702589459767855,0,-0.09608133160118182,0.1300489968042826
MEPCE,BZW2,0.19695672337267228,6.879889402576216,331.81132000000025,196.95141599999988,0.04360667398751558,0.03804230911710792,0.2617268793443193,1,-0.0963331224042758,0.10912561828868268
MEPCE,HDAC1,0.08535847233849589,18.691921192954833,305.5662436666653,379.2749020000001,0.033748126376415326,0.03180960671481278,0.5945826618921675,1,-0.09721800754076802,0.14091201130164452
MEPCE,EIF5,0.1722611768024107,9.673312170036741,154.24890133333338,123.65905799999996,0.19128596921738822,0.16975836692038734,1.6421256766965455,1,-0.09725877354808124,0.2037272115986249
MEPCE,AGPAT1,0.19562592981311516,7.081103659910775,88.3232422333333,151.37658699999997,0.020829163738770768,0.018188058962410898,0.12879153088540077,1,-0.09736011434874796,0.24347689358943642
MEPCE,TUBG1,0.134314847076911,13.799795443508016,131.06693533333328,154.96508800000015,0.14982167218907838,0.13650413241717635,1.8837291045505649,1,-0.09749564726566319,0.22714564938347834
MEPCE,NUP43,0.16426142591676815,10.516934600324701,111.49141433333341,122.64819380000006,0.05884633018987345,0.052514065746493734,0.5522869950530261,1,-0.09754532839145427,0.1805174065342539
MEPCE,PRKACA,0.2033333900051838,5.490968156289475,185.17077619999986,394.143677,0.3416407025358308,0.29673168913301906,1.6293442559913953,1,-0.09761709014133577,1.265188767563021
MEPCE,SCAMP3,0.2116946986950338,4.625798501059225,175.36769646666676,240.89672899999982,0.07927881011232624,0.06845960976906058,0.31668036025282,1,-0.0980950714659055,0.1713689594607511
MEPCE,GBF1,0.052786094229608775,22.931030404965334,40.01057946666674,68.45105000000012,0.1692888347430794,0.1632083239477869,3.7425350387901326,1,-0.09818665467841477,0.25830292453834863
MEPCE,RAVER1,0.09945714221607846,17.25027769243651,66.2144368666668,174.66198710000003,0.18113486362789075,0.16906998690611058,2.916504223587012,1,-0.09866031320982298,0.2809431190090134
MEPCE,SEPTIN9,0.21999425801350536,1.6753309046458444,821.7513843333327,530.450683,0.7995344877422605,0.6864613022741513,1.1500498345433183,1,-0.0988088672847689,0.8248310317554046
MEPCE,PNN,0.19158968168280624,6.650244357109421,184.06443266666656,100.74023399999987,0.1066637188319528,0.09339987244533475,0.6211319746843271,1,-0.09909675726624033,0.1344783641165575
MEPCE,BABAM2,0.19434733330727913,5.82435189693411,155.20585073333336,314.9650873999999,0.061760224263417304,0.05397694281683557,0.3143807092859402,1,-0.09950537442266341,0.16250806914364893
MEPCE,PSMB2,0.022453727437052238,25.914200968115452,164.61621366666623,-506.2294899999997,0.08263934214544431,0.08136392329847589,2.1084810599110355,1,-0.10081838454821315,0.1943561188558905
MEPCE,PKP2,0.18600478484894434,5.527540184827961,295.9025473333336,516.9702150000003,0.33520678659889946,0.29466163942117285,1.62875405282782,1,-0.10084221419517266,0.3832002764848792
MEPCE,EXOSC6,-0.2855858082774504,62.49727172836643,-755.8400066666659,-764.8002930000002,0.019678740171560676,0.02398680915817565,1.4991101298549718,0,-0.10091838161103045,0.24122227685692776
MEPCE,API5,0.0933381988857806,16.869034514574857,120.45125333333317,115.91259799999989,0.06429899211379875,0.06027131106999953,1.0167188266784997,1,-0.10099187496300405,0.18983593842356927
MEPCE,COPS4,0.15820894289436857,9.189294668542868,235.63663699999984,213.94702099999972,0.06966049966012748,0.06242590393866192,0.5736500262425152,1,-0.10106036065446647,0.24074989120741086
MEPCE,MARCKS,0.19121190271843339,6.001302412131144,59.939066566666725,67.76791380000003,0.29149159699067684,0.255310881580915,1.5321978094748738,1,-0.10121884435056346,0.23571319097851426
MEPCE,SPTY2D1,0.14942049321346904,10.138044789976345,182.30932600000028,243.0054929999999,0.1023037323441935,0.09223916091605341,0.935124744756785,1,-0.1012357045156545,0.11481205646910093
MEPCE,SEPTIN2,0.03677848088748096,23.11867623771673,100.7408853333327,61.64257799999996,0.051300534585037846,0.05000975172400419,1.156159258835849,1,-0.1014618759234585,0.1507221413384356
MEPCE,EIF3M,0.18280234392213643,6.254498355156364,301.1813963333334,137.70922800000017,0.03278953821115582,0.028887511918555438,0.18067689577916482,1,-0.10148973853164882,0.7333691046211405
MEPCE,PRKACB,0.21491308150084884,3.063460549788696,168.8865149333335,-6.221192000000201,0.3596484883722967,0.30987511230090825,0.9492901818951743,1,-0.10169153241244368,0.8779396981481749
MEPCE,VPS18,0.13393069726878506,11.731323865484818,112.45585130000018,225.2220460000001,0.2521946519285506,0.2298384442755151,2.696309226535253,1,-0.10188809204946266,0.7160046574302108
MEPCE,QARS1,0.1219579305135052,13.361354121984862,74.10605880000003,51.16833489999999,0.08189533940132607,0.07525756852899831,1.0055430234754898,1,-0.10208502239735562,0.23117424825615193
MEPCE,PFKM,0.16472379002115925,7.745927561799326,188.96984900000007,396.18640200000004,0.2572338062289167,0.22948014545826073,1.77753658359086,1,-0.10209122250132914,0.23199201911618086
MEPCE,MPLKIP,0.17886269821892778,6.616866859114644,146.3412269999999,167.37267999999995,0.1372350444209849,0.12123438857864498,0.8021918079710629,1,-0.10215906205694839,0.1427996808091267
MEPCE,CTTN,0.012006321083578636,25.692767113254558,11.158325333333323,80.44738800000005,0.10613318818187142,0.10525464106640542,2.7042829805083537,1,-0.1021779649492689,0.07865470209458664
MEPCE,LONP1,0.0005111151976691916,26.756894010122508,0.8958333333334849,39.54736300000013,0.024270819005523924,0.024262464448569786,0.6491881896747472,1,-0.10286199444056222,0.16556796715170058
MEPCE,ATXN2L,0.11756893794569373,12.830053763822,232.51171866666664,260.80004899999994,0.022473416879137533,0.020714828122845325,0.2657723585244375,1,-0.10286950891496942,0.5334485318822894
MEPCE,CSNK1D,0.0034940389909705306,26.96977432497081,4.837849999999889,-279.8829350000001,0.25013622657240503,0.24953364812656859,6.72986617646023,1,-0.10289485431521757,0.2051553412331891
MEPCE,FKBP3,-0.0021619701620650784,27.07476332920667,-14.387696333333224,34.99023400000078,0.04488472765068269,0.04495249088913911,1.2170780518817603,0,-0.10289981429107709,0.15600404491279962
MEPCE,CCNT2,0.18337722627816286,3.7910099401672173,471.60221333333357,908.0571289999998,0.28144684547799764,0.2478552738898505,0.9396218070392914,1,-0.10304689475196176,0.3663942196096786
MEPCE,WASHC5,0.15115269457469796,9.122564480295257,79.11191813333312,97.19451909999998,0.006460949267126184,0.0058183353217751135,0.05307813914087293,1,-0.10399536411050221,0.2389430342478455
MEPCE,TIMM13,0.07277333238893008,17.33438423886071,166.65087900000026,158.883057,0.06389886129222361,0.06075615652348771,1.0531705620544998,1,-0.10463747886414836,0.3102483691870989
MEPCE,XPO5,0.06419451545030354,18.773630826497087,58.21565766666686,-0.23266599999988102,0.1661064834639113,0.15887891429783416,2.9827340831422084,1,-0.10464250639883697,0.18307552359930007
MEPCE,PTS,-0.22901546803450099,60.930817835505046,-2563.2633466666684,-2579.187499999998,0.011370408426443913,0.013326671124625732,0.8120049706482556,0,-0.10473616383508887,0.11813423948864724
MEPCE,POLR2L,0.07546501808046258,17.198112197639805,119.36507166666661,33.869628999999804,0.05879308249000733,0.05579729152046911,0.9596080798934438,1,-0.1049499773807261,0.14279949186627328
MEPCE,PSRC1,-0.00739329278726234,26.57249562124819,-8.909545666666645,96.65429700000004,0.1143869755922886,0.11497582791491222,3.05519468381839,0,-0.10500492681917613,0.15508331365640887
MEPCE,DCLK1,0.19508869223991898,3.0877739557177923,92.96646120000003,230.58050540000005,0.07904041659701168,0.06904392404179036,0.21319203045679774,1,-0.10584828765569568,0.3902820548492539
MEPCE,LTN1,0.14682683832640325,8.578104124614327,123.08174669999994,89.30603099999985,0.2140033450979671,0.19329703931573336,1.65812213023003,1,-0.10608885211449677,0.19128358987281202
MEPCE,CCAR2,-0.01926186271794514,27.547004319321612,-69.24739599999975,38.614746000000196,0.05654700984848531,0.05730762951560462,1.5786535177964431,0,-0.10623935288410964,0.10945176115541455
MEPCE,RPS27L,0.0906693079755947,12.900271855208462,694.0162746666647,551.1718700000001,0.02738006372097708,0.02571250277406127,0.3316982758631921,1,-0.10631391091437759,0.2215428414370469
MEPCE,PSIP1,0.10561645219379125,13.09851025108285,77.01116916666672,121.82470730000011,0.04736805167538128,0.044024642511523424,0.5766572312374474,1,-0.10634981682005398,0.07020413407931095
MEPCE,DHCR24,-0.029728856136977018,28.466726228846422,-41.101195999999845,26.422607999999855,0.10688377392504281,0.10911023485872155,3.106011184488362,0,-0.10672375351673391,0.21035527644100727
MEPCE,SEPTIN11,0.11555891094573528,11.303271464875301,286.88427733333356,143.91162099999974,0.015372633558530736,0.01418945075490483,0.16038721382016907,1,-0.1069161335118643,0.18062237627465944
MEPCE,POLR3D,0.16631108730962008,5.902348018661248,208.15824399999974,42.66467300000022,0.09555687683362317,0.08515324274354039,0.5026040735899158,1,-0.10700690557230647,0.12758904527225404
MEPCE,COPG2,0.09265255872280609,13.100722343625604,379.6907549999996,385.61669900000015,0.052613141228500346,0.04934090435342829,0.6464014881176519,1,-0.10728098409727566,0.235940522509522
MEPCE,NFATC2IP,0.08862840829967943,14.302535859551712,173.26391633333287,136.92602599999964,0.09477923951094404,0.08913278869966847,1.274824906638854,1,-0.10742833220054276,0.1119471696106795
MEPCE,PPP1CA,0.12019226709449148,10.972697466208318,84.25172940000004,85.63006599999994,0.05238364019468894,0.04819679871671517,0.5288488911582528,1,-0.10753482401947394,0.2576357391265966
MEPCE,ATP6V1A,0.00777335906118126,23.728911885370355,12.10351533333278,19.881347000000005,0.02145170764853235,0.021336647138727877,0.5062954198841133,1,-0.10770941038861992,0.25100301506869743
MEPCE,0T10,0.07182434285977561,16.166770290917775,62.36771633333342,173.86303700000008,0.141888241694783,0.1349985977097688,2.1824913187698507,1,-0.10776204107044533,0.20179779798516562
MEPCE,JPT2,0.11535784334051746,11.163039688640884,112.97469066666667,179.22375499999998,0.0781231502259808,0.07212031011972486,0.8050818842235775,1,-0.1078216536091417,0.21866275603500274
MEPCE,CAPZA1,0.025703410544287618,21.67042060918968,110.40917966666711,-114.6396480000003,0.015495815478918167,0.015222332534975761,0.32987434868587734,1,-0.10795184414443676,0.16106696814027097
MEPCE,TFG,-0.008675222976781883,25.50050594911669,-31.686848666667174,-70.49365200000011,0.057127295721558564,0.057472427025671104,1.4655759672783009,0,-0.10838558024780431,0.24475941623200123
MEPCE,USP9X,0.09725549455937578,12.849873924259512,190.06819666666615,-10.935058000000026,0.10300534288881133,0.0962912868889408,1.2373308965275924,1,-0.10899277950073535,0.20087179646857703
MEPCE,ZW10,0.11602140931409344,10.764677806213532,164.15551733333314,-1.9532480000000305,0.11173570854001555,0.1031027075536458,1.1098674277632552,1,-0.1090255631257252,0.12418318798673866
MEPCE,YWHAG,0.08793945077329827,13.84292790293366,190.5577800000001,-13.388671999999588,0.10972333950167386,0.10323588634721684,1.429086931699976,1,-0.10910927977681677,0.33368555332284283
MEPCE,RCOR1,0.12395693196426806,9.428637807297369,65.82574463333344,148.3132935,0.1118615052024048,0.1026525848394354,0.9678740424339013,1,-0.10980557895967445,0.17069665362182282
MEPCE,SLC1A5,0.08704311737333727,12.110684119484798,403.1427413333331,467.4814460000007,0.0656506683751415,0.061807425114833024,0.7485302018044542,1,-0.11038928621779913,0.26559385912009104
MEPCE,VPS51,0.10054618188838367,11.946212579191867,85.54439333333335,3.6037599999999657,0.09771193024479007,0.09113479615561898,1.088715648236342,1,-0.11051389359640816,0.2282895316735261
MEPCE,THRAP3,-0.034950123467785206,29.033265721350066,-417.1041633333334,-592.14257,0.01593872015041638,0.016329727230395816,0.4741053098372476,0,-0.11064812774698528,0.21347993838223636
MEPCE,AP3M1,0.07622376182822674,14.136805026304708,123.44881166666619,180.06201099999998,0.02980339154353954,0.02826989329027481,0.3996459695590546,1,-0.1108388339918109,0.15342658825567373
MEPCE,0RS1,0.08577162928244517,13.130418341245946,62.05668130000015,45.534180000000106,0.01748146307612023,0.016472595586327292,0.2162920712146389,1,-0.11146668565484066,0.17906059490181359
MEPCE,EIF2S2,0.13068850597312984,7.578836360255529,157.08459500000026,239.98669500000005,0.026535758436752245,0.024237862168064117,0.18369479109418627,1,-0.11147223438183712,0.1756113807831954
MEPCE,GEMIN5,0.18155281804635368,2.0793336451819755,292.7956136666671,-92.7120359999999,0.7530591299481432,0.6640183231267114,1.3807156402946876,1,-0.11179783670502241,0.702894612121791
MEPCE,SMC2,0.08168989739383159,11.894263269121616,293.1289066666659,635.0371099999993,0.049294475247854734,0.04658126111756322,0.5540497831399952,1,-0.11194952275466159,0.12997901723498997
MEPCE,ANP32A,0.14278557191083738,5.293116983344779,284.6464030000002,481.2209469999998,0.16957423063912705,0.15359640430386676,0.8130037362014882,1,-0.11205724551379742,0.16972388566777258
MEPCE,MRPL54,-0.0032931516520994693,22.873609056339433,-4.540446000000202,48.595703000000185,0.08073699844326045,0.08092231341729123,1.8509853610416904,0,-0.11221800351584918,0.5016113078018776
MEPCE,AP3S1,0.09190733690290563,11.679898570949076,130.65429700000027,111.4639900000002,0.1468980472961269,0.13783300749088603,1.609875547222413,1,-0.11259971116528644,0.15916212672161695
MEPCE,RABL3,0.19217665208655438,0.46148071065984425,208.58162433333337,0.0,1.8459228426393774,1.4142135623730951,1.305264559577452,1,-0.1127031888524531,1.4332156643555458
MEPCE,IRAK1,0.13314112584854557,6.978705450538044,62.25463866666678,161.46618650000005,0.1134326651914885,0.10343383419452193,0.7218342624633585,1,-0.11285958715200632,0.17990107076463213
MEPCE,ACTR2,0.10892763371187447,9.726866822420973,63.21472169999993,91.9319458,0.03314909817450934,0.030738683261354864,0.29899107837977956,1,-0.11304499226517585,0.16745427689797368
MEPCE,ALDH18A1,0.12464997700225162,7.551826739438425,146.6234129999998,217.51330600000006,0.08403434373954342,0.07707923829711469,0.5820890528276971,1,-0.11312959906650599,0.2213299526875359
MEPCE,MYL6,-0.02128164429249762,25.064117892934558,-250.24153999999908,-131.54493000000002,0.012417889222471742,0.012602555017632855,0.3158719247141438,0,-0.11350534628308169,0.09965417463721682
MEPCE,PRRC2C,-0.00016020750897764147,22.08212427856051,-0.36173533333339947,-105.1511230000001,0.08887266041569274,0.08888341897295143,1.9627347040640768,0,-0.11375527070658709,0.10249074832432568
MEPCE,RAF1,0.10377987480424068,9.508925519497662,120.10949700000015,199.49084500000004,0.04911313159789061,0.04570469479505755,0.43460253869757465,1,-0.11413019826472316,0.2240332368237388
MEPCE,ANP32B,0.013891688003600121,20.163342885006838,14.211954333333097,-35.185302999999976,0.10834912316342651,0.10731190082332456,2.1637666519425407,1,-0.1141773645377527,0.3145617814128122
MEPCE,SNRPB2,0.15815950145022564,3.5066031042300527,50.943827333333275,2.573059100000023,0.21672212587384238,0.19422109134091375,0.6810562818029968,1,-0.11497823741754312,0.47538727718467594
MEPCE,MYH14,-0.09507077382506768,32.896002210756976,-255.3140463333334,-277.67114300000003,0.02993298820543121,0.031972299163084666,1.0517608239518166,0,-0.11502775589575007,0.06259206613687897
MEPCE,SNRNP200,0.10004993127218645,9.024341915091762,231.74666333333334,304.02905199999987,0.07759637276844364,0.07239814559218255,0.6533456198424489,1,-0.1152449627788705,0.13069498878926641
MEPCE,CNP,0.1274452554929783,6.599174659267547,150.65010533333339,-47.74719300000015,0.10554601069945664,0.09662309711903116,0.6376326940078576,1,-0.11553213329591724,0.2691631438309416
MEPCE,THSD1,0.05765207444898936,14.529183839649043,3.694234199999997,0.0,1.531866771978299,1.414213562373095,41.09473767248735,1,-0.11567889843173465,1.430463902938437
MEPCE,CCDC134,0.05153276487361847,14.359681248251743,114.33927433333338,275.78539999999975,0.017265468468678283,0.01665979485367423,0.23922934376002672,1,-0.1160307810025233,0.11716291205352289
MEPCE,SEC13,0.11149253782796795,7.90429060740257,99.52010133333351,122.28002900000001,0.0646012142018028,0.05979737265157185,0.4726558109971707,1,-0.11612202145266913,0.13393451130229939
MEPCE,ADRM1,-0.03790905830926703,25.062727515625596,-111.79370100000051,-127.2551269999999,0.05433665653122733,0.05578393343225176,1.3980975233623227,0,-0.11699181765930058,0.20380322934028153
MEPCE,ZNF706,0.001716967017754218,20.17813527866855,15.135739999999714,-17.259769999998753,0.1213494580466405,0.1212063352654154,2.445717829617206,1,-0.11703618700144487,0.1327218257447915
MEPCE,UGGT1,0.0794245373016488,11.01982032739008,95.81026199999997,143.5992429999999,0.02808124338828797,0.026577325532681897,0.2928773521527114,1,-0.11708744200921072,0.11978787099071574
MEPCE,MRPL14,0.1254141724218526,5.617555758274358,77.91440836666686,196.89953620000006,0.08637041782583665,0.07918001398819585,0.4447981435196338,1,-0.11750105987189889,0.23792494941054396
MEPCE,GPN1,0.09466702852773781,9.380419376885351,65.58593773333337,-5.417663000000061,0.09124758231270645,0.0854530991874147,0.8015859074325307,1,-0.11763796242239066,0.2738467277054441
MEPCE,TXN2,0.10459428465574076,6.516511711088585,339.7049153333346,696.5893560000004,0.1331088127679522,0.1238011936587012,0.8067519283236722,1,-0.11764303815455054,0.1692964295732111
MEPCE,PDCD6,0.09200170406157483,9.134764496419878,85.74348966666639,131.25707999999986,0.03349655118241383,0.03142743206681978,0.2870821906576329,1,-0.11821167806133526,0.13112416139841906
MEPCE,ARCN1,0.05812260549498795,12.222523864129082,251.81770833333303,332.90429700000004,0.0019679095634258566,0.0018902213319807444,0.02310327533862051,1,-0.1183076345622451,0.1417833412486661
MEPCE,BAG2,-0.013378468004323994,20.636777598300405,-86.51432299999942,425.6611329999996,0.040067854105081464,0.04044154952871687,0.8345832633547806,0,-0.11840056538205943,0.07107094225939346
MEPCE,RNF20,0.11239363014380717,6.600147547537182,89.64910869999994,182.9222407000001,0.1092684818421013,0.10107996260476973,0.6671426672910209,1,-0.11854234375716416,0.23810196503459433
MEPCE,ACTR1A,0.013700118257685386,17.672951602070555,43.33479833333331,190.04003999999986,0.05965284374557459,0.059089635008102964,1.0442882596822176,1,-0.11865093700076734,0.12864932462660447
MEPCE,PSPC1,-0.011736802116955299,21.075191060547784,-57.14176433333341,-24.766114000000016,0.04453058075824575,0.04489478200220181,0.9461661083180452,0,-0.11867644191723273,0.45253758150677414
MEPCE,HBD,-0.04094740105048877,24.05540723366102,-79.86409500000036,24.82373000000007,0.10106537613631973,0.10397603703354065,2.50118591338404,0,-0.11920613991755487,0.1294618567344749
MEPCE,EXOC2,0.06940745250650003,10.742181385894318,74.35388166666667,179.59399400000007,0.1671525159085489,0.15930277151946648,1.7112592669377884,1,-0.12007538158826692,0.15424827900420737
MEPCE,TAF4,0.12081096599149845,4.9176676211277535,76.63293470000008,142.26135250000004,0.12728116401763587,0.11705781354387444,0.5756514194647212,1,-0.12036027723963039,0.2212535374093766
MEPCE,DYNC2I1,0.08855450686289468,8.221152314431487,48.86340333333351,131.11907960000008,0.1750418759086263,0.16462223005507018,1.353384427624113,1,-0.12118392569399489,0.16486083634626952
MEPCE,PYCR1,0.040551845175589164,13.788530611243713,14.862436933333356,-1.0005492999999888,0.20090563380292797,0.1953390252474898,2.693438129195522,1,-0.12141221742210428,0.1960650906075121
MEPCE,TRAP1,-0.02748559591921157,21.46059536382096,-19.33422823333342,0.6684570999999551,0.059515358035624744,0.06066070675023075,1.3018148820501048,0,-0.12142449664432076,0.12093245747440126
MEPCE,NCAPG,0.04325273924408337,12.730955882530186,124.83015966666608,255.03832999999986,0.05644753106881017,0.054780853459061155,0.6974126285946587,1,-0.12162681084801408,0.11589336894853905
MEPCE,DDX49,0.07783952968210071,8.972996565850764,93.77412900000013,118.409179,0.15255670335796329,0.14454510099983667,1.2970026948820863,1,-0.122029352618826,0.20193623690755452
MEPCE,APP,0.01566635428327105,15.922676967868167,34.795572666665976,86.3647460000002,0.11224283955191611,0.11103167679688536,1.7679215228375489,1,-0.12241328853380987,0.24304009582695432
MEPCE,SSR1,0.07791667177247849,8.960178183371148,85.05708833333324,28.912598000000116,0.06879150987647976,0.06517539935985645,0.5839831914366875,1,-0.12241968459943171,0.18815207151690988
MEPCE,TFIP11,0.07252042727794672,9.309972102225888,141.05362933333345,-113.39306699999997,0.11148097913811196,0.10601665090175805,0.9870120622667886,1,-0.12330256996913118,0.25754795204965564
MEPCE,PSMD8,-0.03211890317729973,22.225287248621388,-178.93278033333263,-472.80078199999934,0.03180667198231721,0.032523061779339814,0.7228343902504868,0,-0.12335604416432287,0.22434269896800485
MEPCE,DIDO1,-0.2172977123130415,45.095145081675234,-944.7768553333335,-901.5029299999997,0.012811689387166434,0.014894453715459279,0.6716675512109328,0,-0.12340744719088506,0.13723008667043016
MEPCE,PPP4R3A,0.11115859322518155,4.571142683639129,62.639037933333384,168.7418212,0.055169879127369675,0.05107918774259299,0.23349025533578346,1,-0.12341651881504338,0.23984079973031977
MEPCE,POLR1C,0.020171848200729543,14.785514543828718,41.02758766666602,70.76830999999993,0.09947363219523452,0.09809343153266281,1.4503618585802525,1,-0.12382463101788677,0.25640552509645326
MEPCE,DSTN,0.05333366523545234,11.360449752235006,35.997761966666644,-92.68872069999998,0.3489013611951082,0.3362418884324265,3.81985907813319,1,-0.12385120076099329,0.46584497089373245
MEPCE,SF3A3,0.049207267006467624,11.544009919704564,75.08585600000015,-39.81591799999978,0.02517198286715592,0.024328131882174475,0.280844195775703,1,-0.12409712863152123,0.175864544831877
MEPCE,SF3B4,0.08104230812163628,7.673369084208143,100.6704103333334,104.27111799999989,0.05673278355257962,0.053634227831595695,0.41155522569834235,1,-0.12410282234744416,0.24036978490075217
MEPCE,COPB2,0.018790859647243262,15.3839501874854,114.19905599999947,-329.75,0.028012921833202416,0.02765069703913875,0.4253769458993606,1,-0.12412172675187123,0.17045670400242707
MEPCE,NOP2,-0.4105073324225713,65.33795852512266,-651.118815,-662.2344970000001,0.01617413229363962,0.02149818441446981,1.4046474816380667,0,-0.12434373081367929,0.16029060027136216
MEPCE,RCC2,-0.23425193648410356,58.3669416433473,-4278.4739633333265,-4156.156260000003,0.014137633891817348,0.016630246977763257,0.9706566548655609,0,-0.12448540058622132,0.14465802817144438
MEPCE,PDIA6,-0.07561637236030201,27.579226357065377,-750.5292966666675,-455.1875,0.01645973010539562,0.017345630175532752,0.4783790609169614,0,-0.12449969380999709,0.13962998633143678
MEPCE,SLFN11,0.09318523246372963,5.750312565687605,65.46870909999996,214.41943329999992,0.07846061153662623,0.0735536467986848,0.42295645943862514,1,-0.12504034794728885,0.28035295216203804
MEPCE,MRPL58,0.07538505398483095,8.362675131562083,75.88260900000023,-173.1005859999998,0.14935756401000355,0.1417549330253636,1.185450453187457,1,-0.12515415018039228,0.11787902031529711
MEPCE,CFL1,-0.03809542996276693,21.34716339412492,-121.97363300000052,-145.41308599999957,0.04188525806052091,0.04300644276667324,0.9180655607402552,0,-0.1252265157763076,0.09151986323570013
MEPCE,ADD3,0.09522251403388934,5.574851951165475,50.34891766666669,124.09478760000002,0.03991478152276116,0.037365688506244485,0.20830818147567842,1,-0.12533564405273712,0.3006737682225268
MEPCE,NTPCR,0.06633357737593573,8.754522006691506,198.91878266666663,-4.758788999999524,0.06352527681748586,0.06067116265396715,0.5311470286257153,1,-0.12536658646198306,0.1470124164572294
MEPCE,ACTBL2,0.16423596523727557,1.4200919457049244,1450.3302013333323,-3323.628906000001,0.9457750985252277,0.8440181753879532,1.1985834128969985,1,-0.12538220056477295,1.0891074883996392
MEPCE,ANKFY1,0.05692589739389478,9.813575375297196,98.69653300000027,83.43163999999979,0.0390669472898139,0.03755581999861276,0.36855687033748014,1,-0.12540941452406054,0.17351596156913415
MEPCE,SNIP1,0.03445963841447183,12.492310284680997,31.66349266666657,13.314575000000104,0.06103236190263721,0.05959242146158398,0.7444470195135902,1,-0.12559181517452683,0.22233293512880603
MEPCE,MON2,0.0410994890755086,11.24459308019476,77.19750999999951,148.4658199999999,0.03377236343176095,0.032824150569116146,0.36909421635275425,1,-0.1259842732030178,0.17941710959290103
MEPCE,RAB10,-0.07905493369605977,26.564814124738344,-435.40266900000006,-390.8173830000005,0.01491683264803923,0.01575720232068768,0.41858715077496383,0,-0.12604556099998152,0.12573097024652982
MEPCE,ELOB,0.0524227285749974,9.747755574701062,90.3386230000001,229.05590800000027,0.024242077545746303,0.023377238646319763,0.22787560833578058,1,-0.126117779183884,0.23138592236572425
MEPCE,CCDC93,0.09902333813161271,5.102439674866052,63.06085203333316,-118.27099610000005,0.3465995853711853,0.3236108682490823,1.6512049333719683,1,-0.12632610659243962,0.56412437448891
MEPCE,DPYSL3,0.06688949283612049,8.411901903192103,48.56781016666662,-44.85815400000001,0.14552706821449857,0.138935165458582,1.1687089827413557,1,-0.12672675846592835,0.15496079891890033
MEPCE,DDX1,-0.03845079598275762,20.717354777571817,-208.16861966666602,-89.10644499999944,0.05690311767620284,0.05844069403356715,1.2107365917409352,0,-0.1268054958601381,0.12567844086453112
MEPCE,TRAPPC1,0.06938653581373176,7.802947443015359,36.96097820000011,36.235717799999975,0.1664024946303224,0.15859027171913284,1.2374715551979185,1,-0.12717462873646856,0.214785396856972
MEPCE,CCDC22,-0.06510712209502223,23.11403581538724,-76.34781899999984,-32.23181199999999,0.0220676957801606,0.023086639868598983,0.5336254207797438,0,-0.12734206367350107,0.18491787344809374
MEPCE,RDH11,0.06645909518014827,7.90162926994183,13.000366199999974,31.473358099999984,0.27177459278613936,0.2595415058085981,2.050800759061996,1,-0.1277860954048989,0.2879754607109255
MEPCE,UBE2E1,-0.11491631703334429,29.184761762107325,-216.93196633333355,-316.12939400000005,0.10622597356706094,0.11503465162249177,3.357258901989435,0,-0.1279257298362995,0.10191550098997311
MEPCE,SCP2,0.08654912952602353,5.42337089581209,73.61710623333329,42.31958000000009,0.19387770023146908,0.1825904527516182,0.9902557473062786,1,-0.12800135662985587,0.3154572686923289
MEPCE,CHMP2A,0.00840463703011144,14.261941370089067,5.508972266666547,48.67504880000001,0.1410702581829574,0.14025221573740324,2.000268877871928,1,-0.12805410874687595,0.11434044449509198
MEPCE,GART,-0.07018102412590371,23.783253214797472,-233.33154300000024,-115.56543000000056,0.024440854888080184,0.025659461943642128,0.6102654807611001,0,-0.12806662755241385,0.17277077566516574
MEPCE,NCAPH,0.07206842678937121,6.537276511692944,284.2718099999993,94.0678710000002,0.09296522313628718,0.08843616253002022,0.5781316480917609,1,-0.12807049953217606,0.18245451481091143
MEPCE,MLLT11,0.07327518314077511,6.8688165168987645,39.04583736666655,-29.20141600000011,0.28066363164384434,0.2667670832002947,1.832374147251091,1,-0.12850421697525158,0.21037899345120298
MEPCE,TIMM50,-0.027393974355527657,18.26661143066514,-28.85673033333319,-51.93615799999998,0.08033084713174712,0.08187158176196693,1.4955163712597808,0,-0.12858830555135653,0.1338088883937608
MEPCE,MED1,0.03989626833567149,10.64242013833708,12.133280433333312,-44.31350709999998,0.18746958866530536,0.18235810793541893,1.9407316002809494,1,-0.12859095917057928,0.21450246194989742
MEPCE,IBA57,0.10141745189341986,3.585250720075018,216.46492466666678,-199.65112399999998,0.22407978055202343,0.20887046016758662,0.7488529677182403,1,-0.12875001409234826,0.47731326976244703
MEPCE,TARDBP,0.06031506011101546,8.113646610144684,31.42091879999998,-25.09326169999997,0.08316305974169662,0.07975868451491921,0.6471337802440736,1,-0.128967184707715,0.12545062836319285
MEPCE,NDUFS7,0.04187133553195242,10.091915199651947,35.07731116666673,18.82287599999995,0.27171708571187797,0.263946944394909,2.663730180040669,1,-0.1289716176291464,0.21527486954484357
MEPCE,EEF1B2,-0.32832784593717856,60.416285359525865,-2392.9833966666665,-2594.8271490000006,0.011901078744567584,0.01494267365465953,0.9027808355541794,0,-0.12942025018196096,0.18354600217721292
MEPCE,PSMD4,0.05249305342892095,8.641672116171385,50.41467266666655,-9.312256000000161,0.0727447716329771,0.0701461741290603,0.606180237027203,1,-0.1295871444465304,0.14348040181525412
MEPCE,QPCT,-0.2818592991755252,52.3695294140981,-1784.4363620000022,-1676.2001950000013,0.01932820037868385,0.023498752278118377,1.230618598623525,0,-0.12963466791736447,0.13488632161046865
MEPCE,MYCBP,-0.013277842097224997,16.101394400646285,-28.07967066666697,-44.76977500000021,0.028672563928442085,0.028937961971781723,0.4659415388585614,0,-0.1298284997870235,0.172808111054692
MEPCE,PSMC3,-0.01585018671968258,15.859414507443939,-67.8203126666649,262.8896480000003,0.05207858132798373,0.052654430234317096,0.8350684347393232,0,-0.129946272860549,0.20468397778165243
MEPCE,ECPAS,0.07433461520812783,5.612133147992087,101.13362633333327,154.62341300000026,0.08460035037585732,0.08035248967327197,0.45094887081906143,1,-0.1300206863955151,0.17260464971769407
MEPCE,FAM204A,0.05705116497939148,7.929153355149434,22.93491613333333,-24.46850589999997,0.03488308938967805,0.03353088402184199,0.265871521542915,1,-0.13019413526600238,0.156247489784386
MEPCE,USO1,-0.13167515866878685,29.636661287761044,-181.0437013333335,-239.28527800000006,0.06164634192264868,0.06753831809758455,2.001610257403175,0,-0.13058353818056045,0.14993670169187548
MEPCE,FLII,0.05900270178677461,7.256792485349098,59.684447999999975,54.42309599999999,0.1183070269719897,0.11356725446056683,0.8241339987511702,1,-0.13072977824311902,0.1624478683561447
MEPCE,PCBP1,-0.027122568254898786,17.162534619135815,-43.91162133333364,-45.84106500000007,0.09030556304711482,0.09202029829466364,1.579301555145369,0,-0.13095878503738168,0.1050332570892566
MEPCE,CYFIP2,-0.14528128016938865,30.417155442800095,-63.124165833333336,-88.67449950000002,0.13545291612542643,0.14980530236111833,4.556651168073804,0,-0.13114878329269675,0.5124409923952233
MEPCE,MATR3,0.03854826387540946,9.510315943132381,34.484415666666564,-47.06579600000009,0.13010003628154104,0.1266710768092376,1.2046819613126387,1,-0.13130283826260716,0.18922177911399427
MEPCE,MBD3,0.07333121453047037,5.195085475506896,74.73624633333316,109.04467700000009,0.05835147692477919,0.05546015581832352,0.2881202499611218,1,-0.13145284122311288,0.26449937096191345
MEPCE,PQBP1,0.03674838006759943,9.27021943782199,43.04187000000002,107.03527800000006,0.032352718757608416,0.0315393436706842,0.2923766367521246,1,-0.13163217414772016,0.1467502902216402
MEPCE,PPP1CB,0.08785777023810193,1.8815526773178728,307.8147783333334,692.8779290000002,0.3800030049041781,0.35755536019358897,0.6727592452616037,1,-0.13193607699972054,0.5851186995633387
MEPCE,EIF4ENIF1,0.008009179653338264,12.018921621319969,9.169189333333406,182.41821200000004,0.11471097691616046,0.11407705316716467,1.371083160807303,1,-0.13249469302159034,0.24556908243830566
MEPCE,LRRC59,-0.006848281466676308,14.709838445462816,-53.45670666666774,-568.0029300000006,0.008652868519927434,0.008694127531711416,0.12788921141572532,0,-0.13341637929094016,0.10002170737731363
MEPCE,PSMD3,-0.1819273079711186,35.82557320586994,-771.3123370000003,-719.9228519999997,0.029421895354240897,0.033376527442422164,1.195733227246222,0,-0.13356051127202706,0.15714559525763028
MEPCE,SBDS,-0.05086007862363038,18.75144545462955,-111.7411296666669,-91.90600600000016,0.04019952940144475,0.04164241204002307,0.7808554179677015,0,-0.13373023879354712,0.13020900595404275
MEPCE,ACACA,-0.06063605917967268,19.834760431325652,-81.70719399999984,-121.78747499999986,0.04178560869748341,0.043579729977797375,0.8643935037714717,0,-0.13375176650850043,0.157478948604194
MEPCE,SF3B2,0.048198746473719176,6.8960973540883215,59.037679000000026,149.8145750000001,0.06956508100893556,0.0672800378375026,0.46396969091416385,1,-0.1337773790969151,0.13010146674786002
MEPCE,PSMD2,-0.08108080798672884,22.381366397397535,-263.43229166666606,-196.09082000000035,0.06024433585554637,0.0637277477923161,1.4263140730207686,0,-0.1341995516239091,0.14722193393100586
MEPCE,DYNC1LI1,0.054549448843713724,6.40504738421443,31.82820636666679,-68.8301391,0.225235244562446,0.21688000315466996,1.3891266968942362,1,-0.13425370403721343,0.6879338239481342
MEPCE,LRCH2,0.03577078229684099,8.273042198700558,16.247375499999976,21.853027300000008,0.07401314698519858,0.07220130190365569,0.5973244174500625,1,-0.13447441729049014,0.18487791243178484
MEPCE,CCT7,-0.045948395249921135,24.985895795484026,-1437.3059899999935,-2857.804689999997,0.04670265790074501,0.048214528736544936,1.204683190839682,0,-0.13494245879866368,0.23636900302415215
MEPCE,THOC3,-0.153248433201308,29.825541004786377,-158.71602399999983,-187.19909699999994,0.06763399333117405,0.0752146147198974,2.243316575487509,0,-0.13513496240792833,0.15053759465897973
MEPCE,RPS28,-0.057646573765861776,25.56785589394672,-1924.058593333335,-2116.0351599999995,0.04137011537662164,0.0430570825781817,1.1008772825727138,0,-0.13557832951115611,0.1593143912771577
MEPCE,ZNRD2,-0.0028036110571344596,11.915819515300948,-3.131917333333149,50.811157000000094,0.035355246647536566,0.03542437476736545,0.4221104561703077,0,-0.13590995534788422,0.22615430823595065
MEPCE,TUBA1B,0.05856051592362943,4.7165447544406645,16.07349653333324,167.98226929999998,0.7665394302799557,0.7360548826233736,3.4716357956177117,1,-0.13609333102188423,0.4668983812847105
MEPCE,TRAFD1,0.05461512172937001,5.421792957845435,27.21903480000003,-46.60400389999995,0.06627069273333955,0.06380943542937714,0.34596154765508996,1,-0.136307721834271,0.16395213752259083
MEPCE,UBE2N,-0.0066549795034585545,12.040199909072866,-5.9343673333332845,70.146972,0.13336579681608793,0.13398376440992685,1.6131913080656417,0,-0.13651336450225268,0.11359846415890408
MEPCE,CSDE1,0.037358792426493204,7.237544697227057,13.302337666666688,-46.583465599999954,0.1291144947200403,0.12581520072849375,0.9105931388630676,1,-0.13661605682275027,0.2337062139219085
MEPCE,SRP68,0.012102695549943511,9.850456999986779,18.479451666666137,60.224853999999596,0.12851523799888967,0.12744290344314352,1.2553708403201524,1,-0.1366494744431099,0.2134526282902887
MEPCE,ABCF1,0.04915320251772564,5.68305233730171,78.2658286666665,-62.63769500000035,0.08827304299846996,0.0853170257908154,0.4848611228321238,1,-0.13692947937682745,0.2283647463530653
MEPCE,SERBP1,-0.1548280765111608,40.74994325557362,-3271.3717466666676,-3560.564449999998,0.03709422222248888,0.04129704715276306,1.6828523280978431,0,-0.13715853307537998,0.09722194763892146
MEPCE,HSPA8,-0.05157516086449855,23.3411826404338,-5762.296899999987,2265.2187999999733,0.05944738988993211,0.06161166744845037,1.43808918269595,0,-0.13716225362264994,0.2634106463660608
MEPCE,EDF1,-0.0910794545055317,31.475060782100325,-3042.5768233333365,-2677.8632799999978,0.03002463076899184,0.03198158246887594,1.0066222521156245,0,-0.13747873535307034,0.1270938062104229
MEPCE,C1QB,-0.010366645396641037,12.49184859908648,-26.167480333333515,-208.16332999999986,0.05016302334894899,0.0505252823604886,0.6311541776733184,0,-0.1375933529195774,0.1295580825190236
MEPCE,TAF15,-0.005317612090568284,10.71100910860119,-21.47981766666453,461.8398440000001,0.11883816506479003,0.11927819464407495,1.2775898292901924,0,-0.13762181702373807,1.0314142587441293
MEPCE,HOOK1,0.0331195108235515,7.0027676173942135,13.177530933333173,73.75854490000006,0.016256749999263888,0.015887955153667557,0.11125965785671466,1,-0.13769289207212299,0.18583600023691035
MEPCE,UBAP2L,-0.22444362227964504,43.86646653260435,-2301.550783333334,-2149.543950000001,0.044733814505987714,0.05226431578280412,2.292650859135842,0,-0.1380251370316437,0.14119357329022744
MEPCE,RBM3,-0.1122655097529893,30.143483506545582,-1781.9218733333364,-2088.1757800000014,0.015010555437786706,0.016225449726688143,0.48909157622270855,0,-0.1382566856596722,0.1711285654451827
MEPCE,ENSA,0.02221972878484506,7.9654171091210975,67.61653633333299,-136.8115230000003,0.05719721176744288,0.05632359022587022,0.44864088923227247,1,-0.13885380471502562,0.12049271992051644
MEPCE,FDFT1,0.016077895477208348,8.195920136187178,20.393106999999873,72.01867599999991,0.029695787259145918,0.029366974714404227,0.24068937940068533,1,-0.13922581873514428,0.09548749245962618
MEPCE,EEF1D,-0.07075671150070231,19.781541233856103,-409.48258433333376,-537.6210939999992,0.01984557906744683,0.020843383987353845,0.41231425979893616,0,-0.13924012783759487,0.22270927230046986
MEPCE,TUBB2A,-0.1598579024381424,28.40873392213689,-104.89105233333328,-116.08563229999993,0.07925494664878055,0.0885428003860943,2.5153888568894325,0,-0.1393360615328327,0.13511265182465693
MEPCE,RABL6,-0.08710708622988415,20.64201719326339,-228.0846353333336,-215.58544900000015,0.04136213483442206,0.04393689932928328,0.9069462313737483,0,-0.13938414989691406,0.08119802747167369
MEPCE,CLNS1A,-0.023523189564145727,16.87227726326582,-755.1250033333417,-1566.8984400000045,0.004891690827970538,0.004972154331418323,0.08389156647543802,0,-0.13942210096477198,0.09260144216655523
MEPCE,PRDX6,-0.21805452298370914,38.650778506322524,-1365.7550453333333,-1052.7958980000003,0.05567274575196072,0.06475728684752327,2.5029195506140147,0,-0.13985627295992942,0.09231618094653797
MEPCE,TRMT10C,-0.11228002164174562,22.356677044854827,-144.45515966666676,-73.23791499999993,0.059494688449793935,0.06431059734705469,1.4377712554497992,0,-0.14090210713337928,0.11105437880267537
MEPCE,SLC30A7,-0.010059281327960917,10.48267459980045,-10.116495666666424,16.046387000000095,0.039423378396396966,0.03969962068687874,0.41615820539605625,0,-0.1409548364461267,0.0686156306897763
MEPCE,DUT,-0.07038554461549962,17.461127181323796,-57.389729333333435,-84.79162599999995,0.10109107407037936,0.10614646395641829,1.8534369069908219,0,-0.14104674488799346,0.09647004570444828
MEPCE,RTN3,-0.015842056782719684,11.336476435265029,-20.7803550000001,-120.61425800000006,0.010494841180535893,0.010610826074990767,0.12028937975782855,0,-0.141077998497242,0.16021906696576801
MEPCE,KRT14,0.06678389923854422,2.073269979974373,50.26565543333322,-234.48376400000006,0.09973743859401445,0.09522662672498061,0.19743050648312765,1,-0.14126236175388898,0.5409388017723467
MEPCE,XPO7,-0.0560715422750954,15.796694283398285,-75.44600466666702,-108.18945299999996,0.16464921112158182,0.17117620171447087,2.704018127076814,0,-0.14134289174595732,0.1872877324304025
MEPCE,DPYSL2,-0.07570175946845294,17.7380551665513,-70.42211900000007,-9.396117999999888,0.02661436816107802,0.028048473962985192,0.49752537849300915,0,-0.14149841662392054,0.0933276252371776
MEPCE,DIABLO,-0.02993807906094931,13.234000057103993,-62.16821300000038,-386.4497070000002,0.10552226669182756,0.10773598965913063,1.42577809330109,0,-0.14157787092076304,0.25997994114173295
MEPCE,PAK4,-0.13555233398158467,24.776342016150167,-135.1285806666665,-186.94152800000006,0.08339993414991409,0.09161694311739094,2.269932717150653,0,-0.1417106155789471,0.13791330087438317
MEPCE,HNRNPH1,-0.032748654462940195,13.14621727631056,-99.24161800000002,-234.4638670000004,0.013899833976934766,0.014219108984764998,0.18692749618926033,0,-0.1420109383140386,0.07667837592727526
MEPCE,LLGL1,0.059597673877071655,2.262269217294757,23.349360166666656,-67.24462890000007,0.2058063429620104,0.19747959838182552,0.4467520164629354,1,-0.14205963005768002,0.4944017545774802
MEPCE,MSRB3,-0.07523463290577195,17.75716015759197,-117.97981766666635,-176.50073199999997,0.024143983014662772,0.02543673547163729,0.451684185656164,0,-0.14217882802071075,0.15579752811841205
MEPCE,CLASP2,0.018038942273683276,6.3852844589361935,23.92228166666655,197.27758700000004,0.10917167623506795,0.10781619599642346,0.6884370807175814,1,-0.14218594734095827,0.11354452231269888
MEPCE,BZW1,-0.025182001834865072,11.511835195842675,-18.843098900000314,-9.203125,0.043828329757265826,0.044600515449138615,0.5134337835001189,0,-0.14253134249102126,0.07093617537355862
MEPCE,NUP160,0.005431690108893033,7.763685943948597,2.9502970333332996,13.332336400000031,0.18096501824649391,0.18028676913525277,1.399689855415268,1,-0.14305398967319286,0.20147640292746094
MEPCE,NEK9,0.021961760488398905,5.288501317201916,19.851074333333145,205.60290599999985,0.11022741423034134,0.10856322806182375,0.5741367746046471,1,-0.14359946296762294,0.2762071272314962
MEPCE,0P1L1,-0.017701244070071943,10.300084327507841,-70.26041666666697,-105.55371100000048,0.04177783747850789,0.042294019199872655,0.4356319643079241,0,-0.14392158036757235,0.1623023312063399
MEPCE,KLC2,-0.03546479330038435,11.85180705198402,-46.97810866666646,92.3028569999999,0.05982372412295309,0.061313183014518435,0.7266720148310564,0,-0.14401374480589776,0.19962573828967423
MEPCE,ZNF703,-0.001667166275405571,8.0786096661604,-0.7591348999999354,25.537109399999963,0.06524400906194364,0.0653201020272205,0.5276956076316871,0,-0.14406496472176505,0.2643042671700324
MEPCE,HP,0.01660125252822151,5.5120814402473535,21.52701799999977,39.22668399999998,0.0603859795147128,0.05969568412124258,0.3290474725075698,1,-0.14505637192405324,0.42283604011600806
MEPCE,STIP1,-0.0832651957656096,28.2328360160346,-3136.901039999997,-3258.675780000005,0.019231787740657057,0.02037462290820326,0.5752333874558447,0,-0.14524938923194922,0.24329111471849785
MEPCE,PSMC2,-0.06957281394299522,15.693554633792116,-319.761555666666,-225.98046900000008,0.00237334304500106,0.0024906263441610878,0.039086780604453954,0,-0.14627775216467323,0.07914028652742587
MEPCE,PSMD1,-0.12408021437000286,22.486189956983505,-408.3680009999989,-637.7846680000002,0.05635202536130246,0.061413822459388624,1.3809628778062726,0,-0.14672539830664091,0.09050885059864464
MEPCE,E0H,-0.08477093099233911,16.33878175315158,-151.16096999999945,77.76416000000017,0.14605219707438352,0.1548928223576,2.530760019630504,0,-0.14673077999041415,0.24171871956140262
MEPCE,LRBA,-0.04551066382386459,11.921011444914624,-33.81247940000026,-53.343504999999936,0.061816342310726885,0.0637981170787656,0.7605380838599679,0,-0.14682122249075136,0.18683212087048287
MEPCE,R0SEL,0.01440032111676168,4.968160380026706,7.4325968666666995,26.290710500000046,0.23893620461985732,0.23656545826584102,1.1752951370392128,1,-0.14688076738042857,0.5824929599613914
MEPCE,EIF4E,-0.05036839818257417,12.292626586945527,-22.108103433333326,8.765808099999958,0.12278692250359038,0.12715077465609506,1.5630169930882338,0,-0.14690894133638016,1.1854829491136727
MEPCE,COPS8,-0.08298112315553362,16.21188381502478,-72.00964366666676,-126.32324199999994,0.07112492948596476,0.0753366416005754,1.2213488806426909,0,-0.14704828450565022,0.1945381509883827
MEPCE,MMS19,-0.18839082527204912,28.010443867401484,-118.72408043333326,-105.83331300000009,0.10688803467951244,0.1217994507835748,3.411656679253652,0,-0.1471638001798839,0.17498667703914147
MEPCE,PNISR,-0.07597739703073277,15.676326979562539,-169.67154966666658,-229.26367200000004,0.011168641267675116,0.011772708618537249,0.1845528297393039,0,-0.1472930308814287,0.05632356657477445
MEPCE,ESYT1,-0.12292616609448892,20.561309504267467,-181.34411600000044,-87.2448730000001,0.08435410017364708,0.09185766245765103,1.8887138281302933,0,-0.14759797963393645,0.18735566154599304
MEPCE,UBE2I,-0.03832270248562483,11.61667175884164,-127.76692700000058,-456.9169920000004,0.04893922799220832,0.050257150018253136,0.5838208152969089,0,-0.1476684387360362,0.27384763839771586
MEPCE,NDEL1,0.02516508303606711,3.4197731809084826,8.888610866666738,-117.017334,0.06670679857847184,0.06555395842217812,0.22417966891455451,1,-0.148176024857457,0.2649208399657411
MEPCE,HSPD1,-0.2229229900112787,36.19528181427614,-1432.889971999999,-1507.6581999999999,0.046498087713382374,0.05426835630942698,1.9642584502172604,0,-0.14840852967489054,0.17013040864045814
MEPCE,RPS21,-0.04551527949126231,10.85659243456523,-22.21002196666666,-28.028747599999974,0.039874268221105534,0.041152732047996084,0.44677843941396433,0,-0.1489926826892742,0.08413865877393877
MEPCE,ARF4,-0.02379879903438407,7.919475889564735,-28.27209466666659,204.85961900000007,0.1842045902109564,0.1872703472517539,1.4830829998906807,0,-0.14921336878229124,0.14758732299403138
MEPCE,SF3A2,-0.056557095063378075,12.221633358953035,-58.7452393333333,-128.17785600000002,0.00882548476196042,0.009178431437809158,0.11217542384319168,0,-0.14924561244963902,0.2823560421312862
MEPCE,COPZ1,-0.09356359677058704,16.5596063426684,-382.27734366666664,20.40918000000056,0.06018365194907677,0.06421679407973042,1.0634048305485346,0,-0.1495284835801545,0.13023547112210104
MEPCE,COPS3,-0.09077440689072039,16.1773666130488,-123.60974100000021,-223.4095460000001,0.048723660453027486,0.051888408730772266,0.8394178110054251,0,-0.14960112101155548,0.11295907392177394
MEPCE,SERF2,-0.06951812651072284,13.680761686736128,-476.32161733333305,86.71385999999984,0.1334780170220269,0.14006877960814196,1.9162475935709553,0,-0.15004914128956906,0.24553203596158596
MEPCE,RELCH,0.005461038563372739,4.5364333526745195,1.985280333333435,-18.258026099999995,0.09794845107834718,0.09757935941592395,0.4426622605870118,1,-0.15019000297516144,0.27916567185641894
MEPCE,CISD2,-0.05786316875241724,11.649019551899144,-46.22727456666644,11.69714399999998,0.14586945759384945,0.1518404346228678,1.768792191690651,0,-0.15021714621330737,0.14910167241657063
MEPCE,PSMD11,-0.12990144690965932,21.518789849066064,-505.6041663333317,-575.8842770000001,0.0750446706173088,0.08211619926539168,1.7670412351959965,0,-0.15039116944802683,0.1180090650885563
MEPCE,BUB3,-0.10056088235893483,16.598414645843384,-121.87060533333306,-131.85278300000004,0.1294459528469124,0.13879217293600432,2.303730035989402,0,-0.15070668679286914,0.19879120119700425
MEPCE,0SP,-0.10346855670985003,18.104153621041583,-529.4179683333341,-536.5717770000001,0.03841333048847404,0.041269933376891325,0.747157213785392,0,-0.15132208651693774,0.20349095560304772
MEPCE,NCKAP1,-0.09635869450194469,15.698345374375071,-142.41845666666677,-208.51611300000013,0.05752431664350493,0.06149827986498039,0.9654212372504384,0,-0.1520189716605419,0.17516359156383032
MEPCE,WDR70,-0.012500477199285964,5.635605873500578,-6.1671956333333355,-10.424011199999995,0.02724976794396401,0.027487181338563284,0.1549069205975827,0,-0.15217497713406472,0.21801322640635482
MEPCE,PPIB,-0.06392652229446746,32.6003717947848,-5544.3932333333505,-6402.046900000001,0.008630845671681198,0.009021976499583166,0.29411978821022233,0,-0.15275393010643543,0.06982409172786516
MEPCE,VPS52,-0.039284044556235215,8.585187827000441,-34.70503733333362,-135.60192900000015,0.10048921043906774,0.10326414951257347,0.8865421193608993,0,-0.15288050980599532,0.2072189224102071
MEPCE,RAB21,-0.05498386027779045,9.950248370335482,-21.331685366666647,17.39056400000004,0.12800209591867967,0.13297603638173333,1.3231445893010139,0,-0.15308913068921687,0.31896728430111015
MEPCE,TRIP13,-0.012971016616905083,5.394232639504513,-11.579040666666742,-130.09826700000008,0.05604044877451636,0.05654714095781279,0.3050284334252963,0,-0.15329942294025242,0.18995613022769747
MEPCE,MAP1LC3B2,-0.08359521787116636,12.967380639913108,-19.407470699999976,-54.19204720000005,0.1334495685191164,0.1414120584403494,1.833743988869648,0,-0.15376455330266206,0.41906936095051706
MEPCE,ARF3,-0.16994501310668564,25.353294142365,-813.8266600000006,-916.9765620000007,0.025214820691376046,0.028367385892985292,0.7192066785948316,0,-0.15434467377695416,0.11444557331859541
MEPCE,CHUK,-0.058365323478181984,9.851055886381891,-65.55334499999981,-70.09741200000008,0.07406223415703692,0.07712071443511279,0.7597204678979947,0,-0.1546420793149326,0.16058818000426614
MEPCE,HMGA1,0.009330503763261354,2.9698449259814463,62.03125033332981,-635.123047000001,0.17869971465620385,0.1775494831893916,0.5272944317606427,1,-0.15480632186451831,0.2798708784525791
MEPCE,TXN,-0.09908783210569229,19.333279963480038,-1911.6425766666653,-1022.09375,0.017393392367850764,0.018630193063308702,0.3601827382666309,0,-0.15493606959226214,0.09223231898435233
MEPCE,TACC3,-0.1620366867865299,21.683188762015927,-161.75215699999967,-194.67602599999987,0.051488458439826114,0.057609307080097004,1.249153479866684,0,-0.1550193102476807,0.11077943614382767
MEPCE,CNOT1,-0.15982799773451,21.179661818665462,-144.49155700000028,-165.9404300000001,0.12067350830446838,0.13481239129571151,2.855280856608769,0,-0.15539672452407943,0.16993542363884453
MEPCE,CRIPT,-0.10993884550544085,17.563808774318186,-579.6100263333328,-837.1308599999993,0.03270270295684623,0.035292565277806644,0.6198718676945377,0,-0.15543536697386018,0.13748963826651306
MEPCE,AP3B1,-0.060482158795963706,9.898366291666592,-159.7767736666665,-122.006347,0.06171595632841128,0.0643589479076136,0.6370484405358486,0,-0.1556287043296939,0.12875241103460605
MEPCE,POLR2E,-0.06329963844055335,10.245564565040546,-105.6127116666662,-218.6677239999999,0.01578414364857273,0.016492278209684092,0.16897270122192964,0,-0.15571981663342888,0.1514450631471085
MEPCE,HCFC1,-0.050630084843858156,8.14541698306577,-47.2114260000003,103.51379300000008,0.059100176462631375,0.06121170124310374,0.4985948308679253,0,-0.15572214492173703,0.11543083267616007
MEPCE,FAM98B,-0.0571388445378575,8.775113670358003,-54.174397666666664,32.9718019999998,0.06269271761826754,0.06522620644415252,0.5723673758336759,0,-0.15623851203358743,0.18358178777181067
MEPCE,MFAP1,-0.02508435337524272,5.696005972807338,-89.37174499999946,-287.0307619999994,0.1807568874518346,0.18392908752242995,1.0476611811007648,0,-0.15650839294915667,0.22878729291647165
MEPCE,OTUD4,-0.04465859601739508,7.165087035945369,-23.486551866666673,50.9143067,0.1116191854152025,0.11512957599657446,0.8249134324269428,0,-0.15650968358014028,0.21701222961933356
MEPCE,EIF5A,-0.14754471146445333,20.568757327977266,-671.2460936666657,-428.12744099999964,0.014411714760447303,0.015963784349226663,0.32835520631540477,0,-0.1568355766700022,0.054178709816731035
MEPCE,PCNP,-0.04960626100082065,7.421401442653242,-30.77042633333315,31.4842529,0.0636258148215532,0.0658522812845928,0.4887162153274842,0,-0.1572610689541738,0.13596389155753824
MEPCE,CYFIP1,-0.05093594041892735,6.932659508500055,-81.9444173333336,170.95727499999975,0.09472602400362129,0.0981311873623315,0.6803101091478679,0,-0.1583096899768773,0.1329841439055458
MEPCE,XRN2,-0.13186656760210544,25.912756322669626,-2173.889976666669,-3297.644540000001,0.07386101522380974,0.08093117088552436,2.0971497100649272,0,-0.1584651204650931,0.2668080698255999
MEPCE,NCAPD3,-0.09734802139382555,11.566418183739588,-67.76141373333337,116.68163999999979,0.29093612980628947,0.311248292727194,3.6000279126577186,0,-0.15968834562057754,0.3277497995693982
MEPCE,PPA1,-0.07425375180780126,9.344490991401349,-100.71407066666643,-65.45996100000002,0.05908202116452873,0.06220317071969431,0.5812569684267836,0,-0.159732960336139,0.0891250154232387
MEPCE,TCEA1,-0.11395050682898741,13.928543887082187,-201.76839133333306,-59.22143500000038,0.03868106270089547,0.04186061626014989,0.5830574307198039,0,-0.15980651230032342,0.08293062740575605
MEPCE,TIMM44,-0.08939482774139157,12.844367423605268,-718.7542333333313,-505.87694999999985,0.01574716495525106,0.016753961844426263,0.21519404173087434,0,-0.15996252740927586,0.1590235183387706
MEPCE,MLF2,-0.05709933158290284,6.838445252257596,-83.38684099999955,117.66992200000004,0.15563046248328086,0.16191524371352126,1.1072485296408612,0,-0.1602272536044031,0.27464067701529915
MEPCE,SND1,-0.3764915250141043,44.72415114792409,-634.6376953333329,-634.1572270000001,0.05798115679725234,0.07527101215274357,3.366432124576534,0,-0.1607083025377817,0.20161353871953475
MEPCE,SNRPC,-0.06868240496489404,9.601506495783214,-516.5742209999989,-390.09864000000016,0.05195915693218961,0.054493175265515996,0.523216576287705,0,-0.16072176459040396,0.22403311603003392
MEPCE,CBX5,-0.039314934310461847,4.662004653580522,-11.773498533333338,-23.59033199999999,0.13968879976342619,0.14354928155888746,0.6692274186456739,0,-0.16089338272604747,0.15504114391396562
MEPCE,GA0B,-0.25085209605565617,30.40323080622184,-745.672282,-742.8874509999996,0.023070738277897497,0.02745242195575409,0.8346423209105835,0,-0.16211828165546038,0.15320591495943256
MEPCE,DHX40,-0.07624479308492456,8.207949887475873,-56.45640049999997,2.671387000000095,0.08382788820033564,0.08837818410066156,0.7254037062443471,0,-0.16224969645077847,0.14425070558482045
MEPCE,POLR2B,-0.10342328227304008,11.402788913245422,-109.26623499999982,-67.03185999999982,0.10742291308681964,0.11540778381533584,1.315970597791736,0,-0.16239928484912278,0.14959094819791016
MEPCE,NOB1,-0.0567843383197566,6.237651781734455,-79.96883166666703,-145.60009800000012,0.04399591954939868,0.045762601554693694,0.285451173124439,0,-0.16246330388965138,0.11655071768860771
MEPCE,EEF2,-0.13319671421806703,16.247702050220262,-700.5566403333323,-407.3325190000005,0.014956539655140535,0.01640333279691069,0.26651646391481104,0,-0.16277302533781404,0.19356084697556977
MEPCE,PA2G4,-0.05417218059255358,5.984397643545303,-66.68249499999956,-387.90356500000007,0.3450286359948611,0.3582342469081818,2.1438161830345495,0,-0.16326413596945935,0.29547489812116334
MEPCE,SF3B1,-0.15284162776477928,16.51130618159879,-189.3376463333334,-72.94531200000006,0.05695491329915576,0.06332073363349916,1.045508020666165,0,-0.16366336237976187,0.07513950618049839
MEPCE,PCLAF,-0.07556810446340598,7.548594212249917,-61.04553250000026,-91.92712400000005,0.061954410486335265,0.06528675327413841,0.49282320790174944,0,-0.16390323858817424,0.9189112567104867
MEPCE,SEC31A,-0.14126345364750065,14.959459658203334,-181.19401033333338,-175.65258799999992,0.05535274001687842,0.06104757967295529,0.9132388053485286,0,-0.16458433277697515,0.12829915282702717
MEPCE,PHF5A,-0.07382835796087187,6.65046805668298,-68.6907553333333,35.656005999999934,0.014969405913580935,0.01575555427984921,0.10478181045347199,0,-0.16496842746589568,0.16040863473280992
MEPCE,EXOC4,-0.06785186195414103,6.165520361882517,-55.969278866666855,-149.32519500000012,0.05897644972840674,0.06181709939849639,0.38113458505394493,0,-0.16523408968339437,0.16075527455084615
MEPCE,CSNK2A2,-0.09556408633310755,8.84105288023324,-83.62544766666656,30.82641599999988,0.12032704370341217,0.12856878613811307,1.1366834369944558,0,-0.16557515797147143,0.1551758121405585
MEPCE,CACYBP,-0.13150136053381994,13.599934888336024,-176.18587266666646,-294.97790499999996,0.0686159543210641,0.07516500996495104,1.0222392414044625,0,-0.16560608545382513,0.10088353745858951
MEPCE,C9orf78,-0.06863447416739947,5.753400709491084,-33.42649333333338,-34.178833000000054,0.16011761730076818,0.1679208828149891,0.9661161263261273,0,-0.1657853399993608,0.18201688002228905
MEPCE,KDELR2,-0.05078083834592056,3.587784520581913,-7.357704173333332,-6.791900699999985,0.3766132391099455,0.3901095991635346,1.3996291812093444,0,-0.16593799472247422,0.3139028532843708
MEPCE,ATP6V1E1,-0.1238663625598703,12.286751933600913,-143.88273099999992,-255.319702,0.0492783886220629,0.05369683905894521,0.6597597411357521,0,-0.16632094675133954,0.26396330053066874
MEPCE,NUP133,-0.06456476700696814,4.534599443136801,-77.31018066666638,283.901611,0.26683010938118584,0.27904568261510826,1.2653603969961986,0,-0.16638593140344032,0.26335067630936515
MEPCE,CFAP20,-0.13861416082745065,13.507126309075597,-231.81445299999996,-15.64306600000009,0.09994546679871652,0.1100258929473558,1.4861336333087647,0,-0.16667758416191272,0.225164275791841
MEPCE,EXOC7,-0.15616331126940505,15.32618492622724,-120.5307214999998,-162.34387300000003,0.33767014275392837,0.37627671322029077,5.766886490247151,0,-0.16712281408156096,0.23165243767063196
MEPCE,MCM2,-0.11462796163939477,13.001084881327346,-803.4264313333333,-770.8632809999999,0.06111873226323684,0.06617371159878781,0.8603300414083161,0,-0.16712693452362037,0.23489121736132026
MEPCE,HSPA4L,-0.20268156778383753,20.295324427953275,-100.56496176666667,-120.17272949999995,0.06901545372848973,0.07942634484548677,1.6119834367656485,0,-0.167401554768528,0.3283158739954237
MEPCE,CUL2,-0.09289454277793541,7.699004316057992,-64.3417767000002,-44.7191160000001,0.13111269521366736,0.13983420596604085,1.0765841552650908,0,-0.16762469952780515,0.21752080257120646
MEPCE,STMN1,-0.13748876092783546,13.236601862758333,-201.5966800000001,-223.4162600000002,0.0891787128343586,0.09809665937158026,1.2984664241682289,0,-0.16767712923745803,0.12031092347123509
MEPCE,PDCD5,-0.15625271146696648,16.35815025278168,-258.28275533333317,-755.505249,0.248203178288508,0.2765979335758837,4.524630557043232,0,-0.16774419556592227,0.4067335119800869
MEPCE,RAB7A,-0.14858515578039203,14.454015378331293,-261.939534666667,-234.34423800000013,0.048647729028526564,0.05392572271663736,0.7794432254339057,0,-0.1680129136290936,0.07996085848154255
MEPCE,ESYT2,-0.0917734361192662,7.60457776455785,-84.54064900000003,-157.71801699999992,0.0501080078560008,0.05339963913170718,0.4060817083763937,0,-0.16807481249715167,0.21937217786036078
MEPCE,PC0,-0.1386935124941425,12.473289047860352,-113.08675133333327,-84.83789100000013,0.013870168636035742,0.01526994349556172,0.19046641896463642,0,-0.16874281433542232,0.16834093795985708
MEPCE,OLA1,-0.06964758283426153,4.236483090608876,-26.41740926666671,99.29180899999994,0.16606295911914276,0.17427831077077138,0.7383271166402515,0,-0.16878534875818377,0.2956343900100813
MEPCE,HDGFL2,-0.3438614313028175,36.05217534886385,-338.1925053,-206.48681699999997,0.11977911159706757,0.15201946669905503,5.4806324698751,0,-0.16878891437450827,0.2753591266058247
MEPCE,ANP32E,-0.08432436042587134,6.2093055982614835,-34.37551883333333,-92.36608890000002,0.08666274308085396,0.09188004465431708,0.5705112756405661,0,-0.16884316750172482,0.29195813857508957
MEPCE,CAPZB,-0.11152690683096415,9.71443870391967,-259.7590333333328,-177.18042000000014,0.10286084413937428,0.11112908035789504,1.0795566393597347,0,-0.1690656757886214,0.21384581255269783
MEPCE,ATP5IF1,-0.05206206071321708,2.1518782138819827,-48.482117100000096,-143.29211499999997,0.39947753072033826,0.4141609052038516,0.8912238289498093,0,-0.1700636273504948,0.508140070466148
MEPCE,RAB8A,-0.09467484602830657,7.320645401980715,-133.11450233333312,-331.7045899999998,0.026327499152341977,0.028113454483063828,0.20580863129523533,0,-0.17026491008046796,0.2204716022066931
MEPCE,NONO,-0.049030525898254095,5.315248541468815,-546.4404299999969,-1728.4287100000001,0.09292797054500862,0.09614143604108574,0.5110156276920984,0,-0.17056006643947816,0.17610034214141512
MEPCE,ACLY,-0.1027397479273547,10.001145120612026,-967.9651699999977,-560.0224600000001,0.025714535115813366,0.02761284065095096,0.27616002654249555,0,-0.1705898276461851,0.11588685740407273
MEPCE,RTN4,-0.18503016114086596,17.663016849653335,-386.57250966666606,-318.6560059999997,0.07512544666755232,0.08540663931269356,1.5085389092523713,0,-0.1707286907473103,0.21954721835853994
MEPCE,RBMX,-0.24575820727318226,27.886468873027923,-1323.3032226666674,-1364.7006840000004,0.006820177467050551,0.008086887790932615,0.22551474466151195,0,-0.17104604723694233,0.11913583216837328
MEPCE,ACAP2,-0.11218481146599536,8.180031672983253,-176.32788100000016,24.350830000000315,0.0364283308454899,0.03937449163896876,0.32208458871437873,0,-0.17145100804768335,0.21186371260673492
MEPCE,EIF1AX,-0.14642849409186104,18.59764634670031,-1773.3320333333359,-2042.0468800000017,0.05534676662886232,0.0612599206913883,1.1392903402453485,0,-0.1714652533668931,0.09339642921176948
MEPCE,SLK,-0.09976316208714141,6.618069157663641,-60.218587366666725,-19.26043699999991,0.03775108558013395,0.04045440360337799,0.2677300407791927,0,-0.17153225072587178,0.14693991815699192
MEPCE,HNRNPK,-0.2531239187067481,32.612740968889405,-2585.356770000002,-2428.0595700000013,0.03888833948859941,0.04634708959429113,1.5115056276005263,0,-0.17167903759700592,0.12170402466148053
MEPCE,SLTM,-0.30017928277290873,30.741086545511227,-650.9881183333332,-612.4975589999999,0.020014947724208778,0.02464465687053708,0.7576035297416083,0,-0.17251301904501226,0.15065192374016984
MEPCE,CCDC124,-0.1958216199539978,24.03524878089082,-2039.373373333332,-2378.3876899999996,0.028702830920071545,0.03287591799213663,0.7901808678411684,0,-0.17402404840926147,0.22121607121829223
MEPCE,MANF,-0.14312682721097839,10.622425067675964,-221.1994219999997,-51.041259999999966,0.1026817509962869,0.11339229102066696,1.204501114619141,0,-0.17414351584040558,0.18088090700074472
MEPCE,HSPA5,-0.12329235251723816,13.908298392716866,-1536.626949999998,-1805.421879999998,0.029585687734229503,0.032225606217446634,0.4482033471584396,0,-0.17417460244687702,0.2605122632682232
MEPCE,GPX4,-0.10977760657053756,6.397176645527951,-61.567504966666775,-12.36291499999993,0.13345507904456316,0.14400784306449765,0.9212436104250588,0,-0.17442929385601746,0.3558404599055026
MEPCE,BABAM1,-0.13469745720233017,9.284913543961256,-84.80232719999992,-151.98345949999998,0.11530548687812747,0.12659096686137492,1.1753861827543306,0,-0.1748505103966366,0.15074781627821018
MEPCE,H4C1,-0.11888794552347956,11.759962819979368,-955.8613299999997,-1721.9853500000008,0.048324260434379984,0.052475763965501195,0.6171130331843071,0,-0.17515098569744914,0.21738015575061462
MEPCE,PDIA4,-0.11750114468272352,7.373368942111132,-194.00077299999975,-157.22705099999985,0.11763025457957017,0.12761305849287943,0.9409381620992084,0,-0.17527269131906048,0.22606121970381896
MEPCE,D0JC9,-0.19463947838297044,15.63204895145881,-112.51763926666672,-153.38244629999997,0.2668689963477933,0.3054185520676222,4.7743177566047414,0,-0.17575885114490658,0.21934326117183922
MEPCE,ABI1,-0.1538645261948806,10.959006238197802,-131.6910396666667,-104.71166999999991,0.06581969563993642,0.07322823037029484,0.8025086334402467,0,-0.17587951132907384,0.16925676710397794
MEPCE,BTF3L4,-0.1877488790033983,15.094050097869621,-212.6045323333335,-219.07568300000003,0.029633051131426013,0.033751988251294815,0.5094542015677508,0,-0.17590174384507357,0.10849040860441787
MEPCE,CAP1,-0.2797927077692291,26.711721971668563,-822.2134603333329,-777.8640140000002,0.023916306761623964,0.029035237668400812,0.7755811959796407,0,-0.17762913272514658,0.17107555841110367
MEPCE,NUDC,-0.13822105929146042,8.526310243440829,-148.8815916666665,-189.44567800000004,0.0909005834105802,0.10004148624393133,0.8529847489306764,0,-0.17775660713797242,0.1822718800871966
MEPCE,RTRAF,-0.21887696343201996,18.500871486853807,-470.6437990000004,-560.8752449999997,0.042833648486833825,0.04985154863097581,0.9222970946423262,0,-0.17841863778372835,0.09333646703868397
MEPCE,WBP11,-0.15568239939385525,10.162049475171269,-161.40629033333335,-246.89562999999998,0.050804696983401836,0.056594441086256206,0.5751155103382012,0,-0.17872339734857576,0.12860642290012156
MEPCE,KIF5B,-0.17989718699291063,14.11581913770527,-632.8959960000002,-502.0830080000005,0.014833810000176296,0.016803977105817214,0.2372019016198558,0,-0.17887739181188855,0.31093601077548483
MEPCE,0CA2,-0.07443801491528086,0.31888496316110615,-47.610311000000024,0.0,1.2755398526444246,1.4142135623730951,0.9019428794785622,0,-0.17893817444174268,1.1595961442626739
MEPCE,CD2AP,-0.19899056761272751,15.742529120942933,-398.57047499999953,-529.2521969999998,0.019218914071517122,0.02206154685981021,0.3473045438936093,0,-0.17916660901100415,0.1537160593611836
MEPCE,TRAPPC5,-0.17925275883892358,15.135461543013692,-1005.4728193333331,-1110.1347659999992,0.035952806858253215,0.040709725727987915,0.6161604881825961,0,-0.1803342203886262,0.32368800425815486
MEPCE,ELOVL1,-0.12928479048611421,5.203320434747833,-35.205281566666656,-61.80783080000003,0.102521078118555,0.1121337935043321,0.583468059166885,0,-0.1818615426848152,0.19358659315578505
MEPCE,PI4KA,-0.1290259299051385,5.422115238526671,-97.85528553333324,-164.07641599999988,0.047044610330924254,0.05144643671631822,0.278948508487447,0,-0.18196703310411033,0.16194910228793777
MEPCE,PSMC4,-0.2288743680003284,19.8543564957803,-1197.2467450000013,-932.6547850000006,0.025590036763072317,0.029989833141539635,0.5954288384410948,0,-0.18222662593247096,0.19238640563728607
MEPCE,HMGB2,-0.12373475664023868,10.324542854771305,-1850.9895833333358,-1606.7109400000008,0.03898517939361544,0.042476834283348405,0.4385538958934496,0,-0.18254903693605884,0.2214641022593989
MEPCE,NRBP1,-0.15796112679351046,7.94924597342337,-61.367991133333135,-36.14154050000002,0.05098795761856631,0.05688837113652354,0.452219655191624,0,-0.18287688690518808,0.23163918360212601
MEPCE,TRIM21,-0.31135628198097237,30.934206930927086,-1717.968750000001,-1626.640625,0.040947728389920154,0.05081158977830643,1.5718162326915106,0,-0.18296732463237012,0.09517806771639852
MEPCE,CAND1,-0.20200780819356556,13.459691677597002,-332.3748373333333,-198.37255900000036,0.01911874267459188,0.021992506715785513,0.29601235961195443,0,-0.18332075047388968,0.09805054277051793
MEPCE,DCD,-0.17349292609592834,10.16195461017935,-236.6086426666668,-375.5797120000002,0.1187581741574704,0.1339352783720755,1.3610442195187673,0,-0.18385606996991533,0.22426862081138987
MEPCE,RANBP1,-0.1505851365310442,6.6784959172270435,-102.3680419333333,-21.96350099999995,0.08185099117777546,0.09085721211056859,0.6067895201310639,0,-0.1839514554603757,0.19441589393956804
MEPCE,EIF3G,-0.17240926798303585,16.25735160940885,-1917.6165400000027,-2402.654300000002,0.06453592153919102,0.07272885852299081,1.1823786251592132,0,-0.18484733968296552,0.4771197498176022
MEPCE,COPS5,-0.18213680058053505,10.456740149733916,-184.62853966666648,-314.5135499999999,0.11548462302953819,0.13102607414220485,1.3701056101448064,0,-0.18487721971384374,0.2631510090774932
MEPCE,TARS1,-0.18041457707722555,9.60504699390982,-101.99460856666667,-162.40435789999992,0.026479591824200552,0.03000726455099742,0.2882211861710145,0,-0.18539329897856774,0.13383761026975394
MEPCE,MAP4,-0.14071490478791943,4.74884201190896,-86.4006756,-12.099304200000006,0.06625689629200067,0.07304580561249192,0.3468829904863369,0,-0.18564260068788782,0.1529386496621689
MEPCE,CWC22,-0.1637007352220726,7.530106089153742,-64.21798706666675,-197.15432740000006,0.33034118853841826,0.3700380838689353,2.786426028560253,0,-0.18582068347957054,0.2268043474579556
MEPCE,CMC1,-0.14530060124319924,5.236986274204706,-110.79760769999984,-167.7601320000001,0.023103300879053924,0.025551633914031494,0.1338135560912864,0,-0.18639733858072033,0.20749840317035517
MEPCE,PSMD7,-0.2491481697469516,17.872842441821224,-540.9746910000003,-482.43481500000007,0.04433398103980818,0.05269179157846271,0.9417520888591464,0,-0.18712858530209642,0.09012770218277685
MEPCE,WARS1,-0.5249485985170795,51.45048956068975,-1321.0058589999994,-1351.750732,0.049692855871864346,0.07150320026612039,3.678874658847936,0,-0.18772446628831216,0.29499782242584616
MEPCE,HBA1,-0.37461810783127547,31.272085619307155,-516.8444823333336,-553.8352049999999,0.008020856921200126,0.01039914628167781,0.3252029928883281,0,-0.18872323580498937,0.3706363063332352
MEPCE,TRIR,-0.15981984490593926,6.726631212524908,-388.8702796666662,-549.7822260000003,0.034382438271275254,0.038410688418114826,0.2583745356078602,0,-0.18927421730918537,0.1894072049900814
MEPCE,FRG1,-0.14940443964272815,13.41514352566841,-2414.1373700000004,-2963.476569999999,0.04150456295656763,0.04603369964431733,0.6175486877460279,0,-0.18956467641327407,0.09917302669425168
MEPCE,ARPC3,-0.20246694358601142,9.982763136741601,-130.39853930000004,-96.75305220000007,0.060229914231694534,0.06930520702739237,0.6918574658972976,0,-0.18979906245135986,0.26333625386734977
MEPCE,ALDH1L1,-0.1864959820564052,7.812302257638805,-164.44364466666684,-230.75610400000005,0.06313547163888003,0.07184875649117942,0.5613042025445818,0,-0.191283858229671,0.10250005644615068
MEPCE,KIF7,-0.2090307121665528,9.709867747702566,-51.32367959999999,-24.8495178,0.07122358957035844,0.08232910461624511,0.7994047176105089,0,-0.19139883136692168,0.4268738086520944
MEPCE,KRT5,-0.19434390788342967,8.29462616702502,-185.4379476666668,-63.29931599999986,0.11798765094490406,0.1350034508401574,1.1198031559774455,0,-0.19158016890960838,0.39388345976794814
MEPCE,D0JA1,-0.27470322886221565,23.06412813622157,-1698.0849603333327,-1889.5078119999998,0.023655719365266337,0.02861773943271352,0.6600432092451054,0,-0.1920951241993285,0.226732465127853
MEPCE,RIOK1,-0.22596808555103726,18.746913891183013,-2290.0455733333347,-2003.8837899999999,0.05178540951363679,0.060566944687486864,1.1354432967083607,0,-0.1924033399677356,0.1608758539655688
MEPCE,MCCC1,-0.20013398442595637,8.145447967022351,-78.10017903333335,-75.00299069999994,0.025944700399553416,0.029805745006598487,0.24278114506958423,0,-0.1929346062064677,0.10280986637854723
MEPCE,TNPO1,-0.21107416979402066,10.249813318339164,-379.71655299999975,-452.171875,0.05473209563107409,0.06335585566395709,0.649385693179201,0,-0.1936779459310585,0.17487035530481534
MEPCE,PSMC6,-0.2014410969174996,8.193757866285099,-216.25219733333324,-198.30761700000016,0.05255555837272617,0.060431512055642504,0.49516117727742354,0,-0.1941724309964562,0.14850679143020598
MEPCE,BLOC1S2,-0.22854992972928076,11.024002587900766,-199.37292463333324,-212.56506299999978,0.1792684652696186,0.2100435613646115,2.3155207640553703,0,-0.1946070936600459,0.1899805849815511
MEPCE,SCNM1,-0.2614861576606006,14.578473612419756,-159.47536206666666,-192.78686519999997,0.04543568211420513,0.05446499088294013,0.7940164323876253,0,-0.19466285153946744,0.11857108471207504
MEPCE,MAT2A,-0.19283468261706627,6.446311345959882,-93.04541016666656,-104.33178709999993,0.126537218963151,0.14463462470048508,0.9323598222253864,0,-0.19502468882381838,0.15421110877693076
MEPCE,FARSA,-0.29888703896330937,19.456977311481992,-460.0599363333333,-556.0801999999999,0.026105651726812406,0.03211543778899821,0.6248693444088496,0,-0.1957587899891289,0.13887227635907
MEPCE,DIAPH1,-0.21091103553206453,10.308096660604326,-607.7430826666669,-1024.2192379999997,0.12270038090250011,0.14201737651453186,1.463928844597233,0,-0.19663047869234765,0.17187829133732566
MEPCE,CHMP2B,-0.18771499592255197,5.2995854929538275,-156.04425019999985,-215.3610839999999,0.09884505891625192,0.11258168786601092,0.5966362797869673,0,-0.1969510950498525,0.24061103907390122
MEPCE,RTCB,-0.25296959149794074,13.144319973295632,-654.8487143333336,-470.6176760000003,0.008429685644431788,0.010045417465900042,0.1320401814371227,0,-0.19874510966043016,0.10196511704417745
MEPCE,COG7,-0.21176812204979803,7.215555611706105,-228.24877966666645,-198.32849199999987,0.08702752339396944,0.1007883211520668,0.7272437362832327,0,-0.19886113449810144,0.17587408308570526
MEPCE,PPIA,-0.28933560413609494,19.979471889943788,-1554.3569339999985,-1175.801269999999,0.047721465260128486,0.05832003461386156,1.1652034921881955,0,-0.19903038805448114,0.10784317209780596
MEPCE,MCM4,-0.30678327992203314,22.25150053583465,-1521.8304036666668,-1553.2734380000002,0.03789936644141274,0.046880074312284505,1.0431519986797668,0,-0.19967188255801374,0.34193492121365787
MEPCE,AHCY,-0.2285602744115626,9.731923052608835,-404.9499513333335,-630.4594729999999,0.06568707720384848,0.07696415843792907,0.7490092677267207,0,-0.1998518258422873,0.30628946837286725
MEPCE,SRP54,-0.2574548880271149,11.20030800882754,-876.1650388999997,584.7753910000001,0.46910091909864543,0.5607549540924369,6.280628203311241,0,-0.20085121205590248,0.3078071031463785
MEPCE,PRPSAP2,-0.21617254315983822,6.587296652429873,-277.97196400000007,-190.08471600000007,0.050424710758025675,0.05857642741381352,0.3858603042143152,0,-0.20146436285289568,0.18340130506225974
MEPCE,CDK12,-0.24616236779689862,9.600583582066449,-141.2363078333334,-165.8127442,0.2443621724433058,0.2898286974003273,2.7825246338732867,0,-0.20157869418744737,0.28067234491244225
MEPCE,FHL1,-0.2164303660797062,6.117354517868295,-328.87618,-133.31323299999985,0.07738021152074293,0.0899056511099576,0.5499847409993899,0,-0.2025304904365484,0.1267345718327032
MEPCE,TRAPPC11,-0.21869222515834696,5.699583066695734,-83.42153926666663,-135.52008049999995,0.10553932852602868,0.1228152510004647,0.6999957249342348,0,-0.20302636493068968,0.23476261067946103
MEPCE,D0JB6,-0.3576512518233128,24.520027283602523,-1012.6832683333337,-1019.0976559999999,0.06171890981782591,0.07908380668426086,1.9391370975892241,0,-0.2030387764051781,0.157568384220119
MEPCE,AIMP2,-0.20017620113217552,3.202880430782488,-78.35700480000003,-106.5914917,0.1030914998711781,0.11843686100198005,0.3793391043865475,0,-0.20381480610556915,0.19319815759817366
MEPCE,U2SURP,-0.22855509707820956,10.755917037146563,-1282.735189,-1345.4858400000003,0.03360323309199576,0.03937205588344399,0.4234825666642218,0,-0.20386929320555292,0.17561946451526753
MEPCE,PIN4,-0.16608987366184902,9.358644729748148,-4731.38802333334,-1094.5195299999978,0.025796743678033928,0.02894461619897122,0.27088237984508484,0,-0.20437961484504696,0.15880701265623734
MEPCE,RPA1,-0.2858624797151589,15.46075537544042,-2690.211263000001,717.3691400000007,0.3684358936598065,0.4491799981496208,6.944662070932067,0,-0.20517173984286155,0.5471590334896392
MEPCE,SSR4,-0.20524895664169582,3.433190892409038,-262.7546386666668,-128.45703100000014,0.09614570242515216,0.11084624257408814,0.3805563104631223,0,-0.2053637797173301,0.2619046995741571
MEPCE,DYNLL1,-0.23886171915437057,6.781638742640904,-94.63054403333331,-121.48626709999996,0.08888847676235531,0.10489508306963519,0.711360559257574,0,-0.2055741967870283,0.2864340649187301
MEPCE,ILVBL,-0.28690445072425896,12.644534510482275,-252.69531266666672,-281.01965399999995,0.0686128379304241,0.08371003564163655,1.0584744345443746,0,-0.20576705831902287,0.12807678747739082
MEPCE,GTF2B,-0.22300478083607145,5.819045825824447,-264.1114100000002,-454.777832,0.07996466681362253,0.09333280736005194,0.5431078830809876,0,-0.2057687699666949,0.18007954637989879
MEPCE,CLTC,-0.34664756032038835,19.94982283692138,-460.56514533333325,-523.0716560000001,0.024062112886265648,0.03059782779243363,0.6104212436536802,0,-0.20618922840835843,0.13060537390441285
MEPCE,DDX39A,-0.2890876613275138,13.091082687882517,-340.9053550000001,-421.22900400000003,0.07347759195801029,0.089780967043061,1.1753300633587667,0,-0.20622008217048451,1.1873301915564884
MEPCE,IPO9,-0.25401260366436873,7.139841979045987,-87.10427859999999,-90.1445923,0.046601138165137994,0.05557341893865601,0.3967854294573255,0,-0.20833281740034115,0.1571748024491673
MEPCE,PRPS1,-0.32154784710302714,16.857128105304383,-742.1040856666664,-758.9453130000002,0.017708663147355943,0.022130271969422542,0.3730528295937825,0,-0.20883115967504007,0.15708291017347964
MEPCE,PSMG1,-0.29486461686757476,11.515638585382197,-234.84411626666656,-147.106812,0.08004012324243111,0.09819201467288309,1.1307437529434674,0,-0.2095701140190779,0.2041465328882971
MEPCE,TAF2,-0.28146648292310944,10.889853723661194,-264.3236899999997,-666.9572148000001,0.5075636890378107,0.6169154941925737,6.718119491617284,0,-0.209799540890753,0.4432812438598183
MEPCE,CS,-0.28746571606859267,10.977280067163122,-365.97290066666665,-364.55090399999995,0.06901327598754299,0.0842313472694882,0.9246310894116476,0,-0.21030084788395947,0.11908158792209264
MEPCE,EIF4B,-0.23480849047938743,15.016437556109572,-3029.8391933333332,-3345.6210900000005,0.02706428807753312,0.031848289842094556,0.4782478556826917,0,-0.21079368660206588,0.11209507011170237
MEPCE,TAB1,-0.20308258090803294,3.08800332372236,-324.22351066666624,-1624.161133,0.5692008301311664,0.6552461421783683,2.0234022649030554,0,-0.21162497875382552,0.5742441784015776
MEPCE,S0PIN,-0.2729781015526611,7.747536832862039,-186.0800984,-76.00823949999995,0.13461570565430153,0.16265805558844798,1.2601992768332217,0,-0.21196596798922915,0.1705068510100386
MEPCE,PPP6C,-0.24140190665378977,5.028055541577309,-289.2022706666671,-452.20398,0.16227565727546792,0.19183494670732987,0.9645567668599777,0,-0.2120569759046189,0.3206542381327293
MEPCE,KHSRP,-0.43505152322033147,27.97132565001503,-708.4618326666666,-741.813232,0.07708382562246958,0.1042155896152341,2.9150481949360376,0,-0.21210014471690042,0.24019931989101015
MEPCE,GTSE1,-0.22755481713763695,2.476767911644381,-167.56193056666677,-79.24798600000008,0.06168439666926109,0.07222394918936403,0.17888195980445104,0,-0.2123064581357583,0.23028160799149078
MEPCE,FAM133B,-0.12341373425123658,23.04222644536367,-9925.348966666672,-8319.929600000003,0.035047221350294706,0.038177682177558604,0.8796987978944303,0,-0.21279263575803375,0.12923598504833828
MEPCE,DOCK7,-0.3798508216295473,21.086091271817455,-1465.6711429999996,-154.3120119999994,0.3384626077724274,0.4404157468374566,9.28664663536026,0,-0.21435275974281218,0.25293478661604807
MEPCE,UBE2L3,-0.2818798224790223,8.197180782026559,-311.3269449999998,-264.9433589999999,0.0788210894183027,0.09583011183128241,0.7855367510428442,0,-0.21438336531756527,0.15495742992101053
MEPCE,PSMD12,-0.3388693729745844,19.382936717445258,-1603.6653646666664,-1890.9409180000002,0.03285590743919161,0.04155552802881329,0.8054681700425107,0,-0.21535289041258845,0.19782851020218054
MEPCE,EMG1,-0.23372420866309837,1.1484473079017374,-224.93368526666654,248.52978600000006,0.14665131525571162,0.1724443885112466,0.19804329374850246,0,-0.2156538404585304,0.9660967555265969
MEPCE,PSMD13,-0.26992523424607595,8.107186585177907,-928.6538083333335,-694.030761,0.06835761237441737,0.08242286637846052,0.6682175566153663,0,-0.2157748126036854,0.17710609136382557
MEPCE,PMPCA,-0.24540104119842665,2.4599358935881432,-23.03277078666666,-49.5330048,0.2992736052196343,0.35476979583697504,0.8727109547403124,0,-0.21600066015527328,0.5400951884204035
MEPCE,FAM76B,-0.2691647242136415,5.037915685447889,-27.706423433333327,-8.45802310000002,0.32343206592991325,0.38977588325724,1.9636580360709546,0,-0.21604034924439064,0.4850655175105974
MEPCE,PSMD6,-0.3307321042893915,16.455109287283246,-1289.8204749999995,-1310.2622069999998,0.05806024753353199,0.07302047083236674,1.201559827755473,0,-0.21624553184506642,0.15883871793091792
MEPCE,EEF1G,-0.48656027774097976,49.996532928940574,-5936.793619999995,-5753.191409999999,0.01744700188008634,0.024445342760835185,1.2221823843013355,0,-0.2168649724785011,0.2714579660243979
MEPCE,VPS35L,-0.27746108194047714,5.558803196279287,-74.68472796666669,-58.573547399999995,0.18501279248365746,0.22424931775279175,1.2465578242876683,0,-0.21730778650094454,0.47887356017964267
MEPCE,UBA1,-0.40138048931494397,19.69054691957322,-229.5096637666669,-363.9299315999999,0.24188466993189867,0.31947850812174083,6.290706553966392,0,-0.21854713467037323,0.20497923217214511
MEPCE,EXOSC8,-0.3390655529818848,13.896883854051634,-908.3116859999996,-860.8139649999998,0.019374671094231154,0.024508048672320214,0.34058550588867836,0,-0.22058511459595326,0.19480503247147038
MEPCE,SLC7A5,-0.3053194094271194,7.027706494325852,-64.40466816666674,-78.79373170000002,0.2549229652348259,0.3150102088072611,2.2137992902137316,0,-0.22093408596793954,0.3395142486763558
MEPCE,CDK4,-0.3210444374817792,8.174129035467455,-107.39848836666658,-79.64376829999998,0.03767668436540438,0.047067605844100247,0.3847366835601975,0,-0.22244339821431736,0.2716988116537345
MEPCE,BRD3,-0.3650836004348402,13.649196410749177,-230.31290693333324,-311.2398071000001,0.12061895080020597,0.15535393377771023,2.120456355314488,0,-0.2226448239655547,0.1595932096209038
MEPCE,ATP6V1B2,-0.305976439655577,7.6976632818677935,-447.0356446666665,-587.0013430000001,0.0415118177295761,0.051319829649277705,0.3950427683229551,0,-0.2231210650875016,0.23298976730610457
MEPCE,TBC1D4,-0.37652932810258377,13.41963469044053,-154.98661293333328,-138.10736080000004,0.044952121307791304,0.058358275672216575,0.7831467406851692,0,-0.22496160060063736,0.5292957020004798
MEPCE,PPP2CB,-0.3721022727238434,15.291099432339164,-729.9136560000002,-882.1093760000003,0.03155581357728815,0.04084124269501082,0.6245075029897059,0,-0.2249731718954811,0.15801742093771382
MEPCE,PRKCSH,-0.29939906885659007,7.274783201965065,-724.5983886666668,-972.2973630000001,0.029371041268085173,0.03614537946744165,0.2629497993783976,0,-0.22503073392180778,0.2818494802031903
MEPCE,ELP1,-0.24418611052972314,2.0183242087275666,-798.1837563333338,-1482.2268070000005,0.2600745549664164,0.3080422959754847,0.621729223279343,0,-0.22528435912631178,0.4544694532998012
MEPCE,NUCKS1,-0.2793919667988702,7.246115803500806,-1268.1666666666652,-1783.8232429999998,0.09267205163102264,0.11247588301061733,0.815013273395942,0,-0.22551802522270897,0.17453968433315392
MEPCE,HADHB,-0.27422192678696206,2.576665845452135,-573.4764809999997,-244.1660149999998,0.03478407975446798,0.04206634659256866,0.10839091850802347,0,-0.22569682352212486,0.26923045808751356
MEPCE,CAPZA2,-0.33505938313359296,9.451957678304755,-442.1717123333335,-459.79699700000015,0.0356743244052,0.045001206782967255,0.42534950198524735,0,-0.2258752726068969,0.22125909242853925
MEPCE,HMGN4,-0.2949659949401182,3.484132152315672,-175.1257119666668,-57.50543210000001,0.2685537406067163,0.3294808261633656,1.147954740007313,0,-0.22647398214270423,0.2571079234006632
MEPCE,AAR2,-0.3411148378412831,8.749069806123767,-171.79726153333343,-157.58459470000003,0.04615241116802978,0.05846361888870338,0.5115022827758818,0,-0.2266366156672897,0.3532121857626398
MEPCE,STK38L,-0.32029203768955666,11.976376239314941,-1921.7236320000002,-1786.500488999999,0.024512931816569796,0.030606818665368574,0.3665587758249412,0,-0.22778843275512467,0.1141880973455072
MEPCE,CCNB1,-0.2943544142160035,2.6510711090336794,-118.10293066666657,-141.1779785,0.3122767561768741,0.38296095138959246,1.015256714117,0,-0.22823482035918127,0.6526775219450123
MEPCE,SET,-0.3589218905042717,12.841449192202395,-1119.4947913333322,-869.0581049999996,0.04595465593677,0.058936093215613466,0.7568248466152047,0,-0.22858217372246548,0.4354503924480344
MEPCE,NCAPG2,-0.44935953616078106,20.18317988928067,-275.95290113333317,-253.37890629999993,0.01038309732466721,0.014177627255185336,0.2861496012945742,0,-0.22891267738297819,0.24787283035121213
MEPCE,HSD17B4,-0.3278013107946331,7.305749325728054,-494.9506023333331,-453.7062989999997,0.03559188002278318,0.04467189818750345,0.3263616900623456,0,-0.22896000327803956,0.21528321802252193
MEPCE,HSP90AB4P,-0.3836444947764259,13.78172726598259,-664.9914143333335,-644.0830070000002,0.04558948339968832,0.059478339784160686,0.8197142571387445,0,-0.22988587812123365,0.2596958594722886
MEPCE,HSPBP1,-0.5263345963938545,29.738930246024534,-636.189005,-709.5430899999999,0.06133997643710933,0.08834711277473618,2.6273486242455424,0,-0.2300697664312432,0.24115055341472927
MEPCE,COPRS,-0.3665243455087347,10.954217395838935,-390.4538170000001,-468.98205600000006,0.015141386152214421,0.01952117958379842,0.2138392449841405,0,-0.23010032994842716,0.1865354639031149
MEPCE,ATP6V1H,-0.355811363758722,9.854037534462229,-693.1617840000004,-455.63623099999995,0.09361500277219749,0.11980112752920931,1.180524807343725,0,-0.2310308715390683,0.2086962069956423
MEPCE,ZC3H15,-0.3411709212809151,7.094866595485618,-326.79956033333315,-292.06726000000003,0.05411802422771225,0.06855673327586544,0.4864008768145549,0,-0.23138161426867487,0.18191897240556246
MEPCE,ORC6,-0.3776255335224032,12.099185491762256,-588.7604980000001,-735.1892090000001,0.09310063135212382,0.12095807907856164,1.4634942354987648,0,-0.23212998805658605,0.22072256525000697
MEPCE,ZC3H18,-0.3182673229270241,4.57311507193055,-293.51759819999984,-579.4494630000002,0.17748088395088746,0.2212916407624952,1.0119921376632077,0,-0.23227007258205823,0.5785211516618357
MEPCE,RAD50,-0.488870985961774,28.207648215122717,-1541.1046139999999,-2153.8254389999997,0.37562243351368335,0.5271357217056645,14.869258999498214,0,-0.23345612044556152,0.319161644440715
MEPCE,KRT10,-0.29514715088785215,11.119712481751757,-3047.22624,-3509.6152299999994,0.01986084264472012,0.024369753985731723,0.2709846575723607,0,-0.2346606581533518,0.21620492705468092
MEPCE,ZNF326,-0.3382159143904091,4.968288946381376,-255.03090426666665,-214.49462860000006,0.06453974910228849,0.08159168429463273,0.4053710631976627,0,-0.2347012996423846,0.22026413542959697
MEPCE,MTHFD1,-0.3396302252032374,6.615254533727714,-717.4471026666665,-844.7702639999998,0.07454519639876064,0.09433308646050201,0.6240373778883643,0,-0.23573713574873353,0.24182841371161481
MEPCE,WDR26,-0.3594360741361312,6.425042529164995,-258.4043580000001,-209.26635729999998,0.036218421452614065,0.04646609003512589,0.2985466046396936,0,-0.2366933271213867,0.15842695779406743
MEPCE,BUD31,-0.3323824623312042,5.5893592273395765,-831.102132,-1109.0266110000002,0.02332131920927686,0.029364030923852653,0.1641261171961205,0,-0.23767689523834476,0.15358680114415432
MEPCE,HMGB3,-0.2996642949791921,3.266403437957912,-1207.8841146666673,-1505.6416020000006,0.020627278082997146,0.0253895620960588,0.08293255291881235,0,-0.23779019202036394,0.24602444314429073
MEPCE,BTF3,-0.38149792258737136,9.852469473773004,-667.1913246666668,-684.9548339999997,0.09033915712804916,0.11768578533165316,1.1594956074771154,0,-0.2380736293807277,0.21945351865352722
MEPCE,ENY2,-0.4858321538648061,22.768516058079804,-1335.909016666666,-1300.6643060000001,0.04758819548082371,0.06664312750401398,1.5173651187358022,0,-0.24042477090935355,0.18274793670455747
MEPCE,HMGN2,-0.3560422971574334,9.121075684650695,-2190.478353333335,-957.435547000001,0.1660992059428918,0.21259474538367049,1.9390927628035026,0,-0.2405524380113681,0.18870456768605234
MEPCE,TSPAN3,-0.37429835032307773,6.4556859899363035,-374.13688133333335,-303.20373500000005,0.02275600996375002,0.02949692713864343,0.1904228992751123,0,-0.24106720984167496,0.24372805764211933
MEPCE,PSMC5,-0.3519323714957986,8.09676025212818,-1659.459473,-1453.350098,0.0740433149208166,0.09450038915656918,0.7651469947335541,0,-0.24159807944807102,0.17928092215565486
MEPCE,TRIM28,-0.32648190986805264,5.989734458322349,-2274.0053683333335,-1452.6367180000016,0.08453361266521703,0.10600240613215363,0.6349262646748408,0,-0.2424132037353013,0.18216798479167257
MEPCE,GLO1,-0.378753686247431,6.682138909228635,-598.4364423333334,-664.907715,0.01128107685254094,0.014668051469663521,0.09801395744800688,0,-0.2439488399728241,0.13318636054259753
MEPCE,FUBP1,-0.39810753444582037,7.36710558298391,-204.31453450000015,-239.3742065,0.0756947777016596,0.0997502402436787,0.7348705518031916,0,-0.2439625925072253,0.36328803748654115
MEPCE,CAPNS1,-0.4372031678576626,11.343900567855677,-128.10833743333336,-150.47280890000002,0.09865651485119495,0.13358045471199936,1.515323396061869,0,-0.24418814550452564,0.162108428806155
MEPCE,FKBP4,-0.3517069474067001,3.0335891999239353,-358.64847799999984,-627.879394,0.05429582845266247,0.06928613677642512,0.2101856762294158,0,-0.2442042041134632,0.3421250726927809
MEPCE,PRMT1,-0.7284210908321647,61.92245985546903,-4956.900875999999,-5338.838865,0.038660700934752434,0.06405507102503831,3.966447564087152,0,-0.24433425499009792,0.23463790471159132
MEPCE,TBCA,-0.4543036941063684,13.297339239920461,-182.50210566666664,-180.79711909999997,0.16580842930474055,0.22718078440809378,3.020899959065656,0,-0.24443698296803235,0.23756014155509253
MEPCE,TMA7,-0.028478495126807297,7.4615259127464455,-3464.390633333358,-20523.5,0.07226831341923051,0.07370979955461429,0.549987579400101,0,-0.24525846673795992,0.19793407258627477
MEPCE,ACTR10,-0.37957582715358534,4.493880252130843,-190.71985886666664,-207.68090819999998,0.1859072643329445,0.24186093073881001,1.086894060409124,0,-0.24552140059813557,0.23794936214234788
MEPCE,PFKP,-0.42900888649868163,12.702972757637887,-1046.1832683333337,-982.6640630000002,0.08853046961188475,0.11919091621121952,1.5140789615890216,0,-0.2460967443358993,0.17560809124838905
MEPCE,D0JA2,-0.5067609775996724,21.72266374570539,-1669.9079586666662,-1719.9841300000003,0.0918975357260972,0.1305750772293327,2.836438496222307,0,-0.25074092497827294,0.18840738453413497
MEPCE,ABCF2,-0.4438852007520652,10.705333640346183,-703.2533369999999,-629.190674,0.0891496499749554,0.12126858496883892,1.2982206621840908,0,-0.2513349575445985,0.3229074294400022
MEPCE,TES,-0.44879025431871267,9.165586994822444,-133.41416420000007,-149.90921019999996,0.18094311348343328,0.2469717703978591,2.263641246846892,0,-0.25176425250806816,0.21390398709691935
MEPCE,RUVBL2,-0.4977080423367171,22.268770687744805,-2417.9331053333326,-2222.4858400000003,0.02504203026910816,0.03535906057804092,0.7874028117464704,0,-0.25225758968348466,0.2103919275560288
MEPCE,UCKL1,-0.4042180656821349,3.807665890737315,-182.98419186666672,-126.8843994,0.06093235816988681,0.08063721058850978,0.3070395562820705,0,-0.2526692375811871,0.24624044726686423
MEPCE,EML4,-0.4245456433034358,6.4291050394699125,-309.6645506000001,-365.02227830000004,0.14542469259351537,0.19518433372619182,1.2548605835846371,0,-0.25334261492064014,0.20618179571079842
MEPCE,DDX41,-0.4777302175906683,16.126128414296737,-2030.5531413333338,-892.4804690000001,0.27890654347466687,0.38839700881231237,6.263340039836091,0,-0.25406320247429964,0.2413760157540803
MEPCE,MOB1A,-0.43284637221910083,6.426544691607073,-288.27902240000014,-118.44018600000004,0.2500142505486593,0.3374973505248464,2.1689418064469033,0,-0.25432911450639417,0.288980606956899
MEPCE,SHMT2,-0.4269291136677482,10.528432684391447,-1549.1901039999993,-1821.662598,0.030380837272570387,0.04084360301068652,0.43001912488602084,0,-0.25556026033092827,0.22181722100727722
MEPCE,CLSPN,-0.42295481239667815,4.87145048862741,-265.3463542666666,-340.3353885999999,0.0519607695137255,0.06966320993714599,0.3393608780876637,0,-0.2560709927279955,0.2274301413292214
MEPCE,SEC23IP,-0.3968296954507234,2.259453946267547,-381.1724653000001,-655.799805,0.3061075068831889,0.4030299676917157,0.9106276509651291,0,-0.2570704361123848,0.5455510773857912
MEPCE,GPATCH1,-0.42974206166066925,9.326474305825139,-1569.1679686666666,-1406.7661129999997,0.0163645130293609,0.022043176960265653,0.20558512353867428,0,-0.25733017116674023,0.2249528750632327
MEPCE,TAGLN2,-0.4549112521059423,11.124631404126218,-1248.1536459999984,-1164.6232909999994,0.029208009448233277,0.04003592302519982,0.44538488657931785,0,-0.25733927800603146,0.19996160873084995
MEPCE,TXL0,-0.45883681715563157,8.032785992721346,-270.5225015000001,-231.458435,0.06199862404498011,0.08521414000381869,0.6845069502044704,0,-0.25753196948825596,0.24123324311706548
MEPCE,COG5,-0.5306746121374134,15.13143811198171,-425.5135296333333,-500.56097409999984,0.16595453660850756,0.23974214078273928,3.627643366088026,0,-0.26124349371806466,0.26680799876426436
MEPCE,LDHA,-0.4451178845244179,5.864428882217764,-558.5637203333335,-583.8094480000002,0.08573684564692886,0.11672590472827825,0.6845307669915139,0,-0.2614119335506969,0.1643266109565704
MEPCE,EIF4A1,-0.46369265079940236,8.088581436391172,-580.288045,-649.9580070000002,0.06373166479593724,0.08789145400828038,0.7109171833088053,0,-0.2614405467311147,1.2820583389960323
MEPCE,FGF2,-0.4671453459388576,8.331631360796143,-726.8292643333336,-812.2480469999998,0.025662086100771468,0.035475026033908924,0.2955648394291752,0,-0.2629615726433041,0.16590915268601472
MEPCE,APOB,-0.46451615395640944,8.523944088413252,-990.130533999999,-952.8735349999997,0.027209720462186154,0.03754597343889353,0.3200397783381775,0,-0.26349049803741653,0.25287178234916013
MEPCE,DCTN2,-0.39372379608069114,7.326142704448209,-2564.2835283333343,-3163.726562,0.08386333647305062,0.11017942840902138,0.8071902156190258,0,-0.26365673879362966,0.16085765018375436
MEPCE,ATP6V1G1,-0.4569139952277941,4.533321790149244,-157.96100869999998,-156.76083369999998,0.06959603351396094,0.09552900796080636,0.43306373338006404,0,-0.2639376403428884,0.5437673257931925
MEPCE,CLIP1,-0.44772505046764843,4.9262310777308445,-464.4145913333334,-665.9025879999999,0.02359905152016135,0.03218689933361089,0.15856010379302815,0,-0.26403191846500657,0.3548838346205527
MEPCE,SERF1A,-0.44678428120556524,5.525593355192223,-452.7083742333334,-1097.9464727,0.7148032361655117,0.9742892254051321,5.383526069933976,0,-0.2641272049874098,0.5521014462041224
MEPCE,NME1,-0.48905296007345156,11.29208525343401,-1095.1083980000003,-1106.0061030000002,0.024275636791956455,0.03407189878522586,0.38474278582914506,0,-0.2644544455010625,0.22580249084275425
MEPCE,THOC2,-0.42288165616293827,3.9521449402551587,-1499.0086263333333,-864.4853519999997,0.03432111391494228,0.04601159199427672,0.18184448049326551,0,-0.26496652589294867,0.2895260678174903
MEPCE,PAICS,-0.5546838493030637,20.463320732295927,-1789.5682776666667,-1608.1091310000002,0.08959951927560351,0.13160989283189187,2.693175448562098,0,-0.2651867987212456,0.25273290686022365
MEPCE,HSPA4,-0.5599681107498518,20.16576823996659,-1597.314290666668,-1471.5773930000005,0.013625665793244314,0.020087751768173154,0.40508494661895883,0,-0.26583022658846356,0.30807048330523634
MEPCE,FAM98A,-0.465202917736474,5.816495130343659,-649.4856773333333,-412.4929199999999,0.1350103609182232,0.1863859304647873,1.0841128569130072,0,-0.2661023277867821,0.2621126289991745
MEPCE,FARSB,-0.5089386408250878,9.947758265531924,-446.973287033333,-414.55126999999993,0.09321725494195915,0.1326503153002038,1.319573270453018,0,-0.2669740939773434,0.27025205915509976
MEPCE,KRT2,-0.5408879948193188,16.639064940562672,-1401.7969563333331,-1462.024414,0.0132305623055192,0.019248998182679704,0.32028533080238053,0,-0.26804194349858657,0.25013001008373564
MEPCE,MDH2,-0.46742367279392216,6.26752659661481,-925.2327473333335,-900.552979,0.07124527554601488,0.09850780033153353,0.6174002585519076,0,-0.2686448315418904,0.19716106860430635
MEPCE,WDR83,-0.485307105640579,8.86386520001723,-1002.5114743333329,-1158.014404,0.06020540199115016,0.08428174835127034,0.7470620562074347,0,-0.2686570197565583,0.21162118292459312
MEPCE,COX4I1,-0.4727638235703416,3.5186047489423413,-119.61459346666663,-13.346130300000027,0.28262638655833555,0.39222459639964813,1.3800833275437951,0,-0.26929532863100664,0.4649382247588688
MEPCE,D0JC7,-0.5276087927424985,10.645891728366102,-332.73598226666684,-386.5615232,0.11838157429790507,0.17065398900984197,1.8167638900125564,0,-0.26944096037738213,0.2528905738750074
MEPCE,SRRM1,-0.4440592283360754,5.863721136974514,-1236.1636556666667,-2030.3933110000003,0.21341391369022655,0.29033793663040075,1.702460695885248,0,-0.2694426599351727,0.28181995916549857
MEPCE,QPCTL,-0.47582277035681897,6.151300722270124,-709.8728840000001,-780.911499,0.07607363790930062,0.1057979253403649,0.6507948545608673,0,-0.2696263169375853,0.18339318803222412
MEPCE,KRT9,-0.441988559181374,14.380378899208173,-4072.9440099999993,-4378.05078,0.025344774995420885,0.0344307239103034,0.49512685560418934,0,-0.27074662583578313,0.1941987943739264
MEPCE,PDAP1,-0.34205959982135486,20.525346234923674,-8991.285156666672,-9219.906260000003,0.01626286770062389,0.020614501343428432,0.4231197775341678,0,-0.2712861289703871,0.15998094827654152
MEPCE,RUVBL1,-0.5233969664035754,15.147041128575605,-2110.0926106666666,-2000.8681640000004,0.017556392918244602,0.025234791500999398,0.38223242473666796,0,-0.27191923046342203,0.2206171895138008
MEPCE,UCHL1,-0.5355411801903325,10.972998009142415,-582.6045330000002,-623.54773,0.07569830064873738,0.10972520081944237,1.204014410144493,0,-0.272568307203828,0.18807001624457612
MEPCE,NBN,-0.3987747193628945,0.40640179863671283,-955.9728193333333,-3289.179932,0.8136191182826219,1.414213562373095,1.1494778708097175,0,-0.2740509608587879,0.9217365334517942
MEPCE,SGPL1,-0.479398192442,4.549884548125048,-785.0377196666664,-988.229004,0.028188969854719796,0.03930053801376005,0.17881291064180796,0,-0.27507949047501573,0.2580429895230578
MEPCE,SAFB,-0.5290354791273417,6.403098505975544,-286.98089586666674,-370.71502680000003,0.09376843389886083,0.13530644302015335,0.8663804831512089,0,-0.27877079449120623,0.21561975205149111
MEPCE,PRKRIP1,-0.5001984660996305,3.202518075443354,-358.53977456666655,-318.26269560000003,0.038849823007958924,0.05495028249057587,0.17597927292678767,0,-0.2787890861683659,0.39048616461968094
MEPCE,HSP90B1,-0.3643534327023603,13.751227277237676,-7750.873049999998,-7408.152349999997,0.012248758553441246,0.01576808589108691,0.21683053281534084,0,-0.27951291667034606,0.20409769070054654
MEPCE,FAM133A,-0.47242141055714393,1.0191439882513713,-336.22135430000003,-1191.2886967,0.32351277891369495,0.44885956160847723,0.4574525237824255,0,-0.2800676538410844,0.5500918876143173
MEPCE,ST13,-0.6288544934040557,18.34898424904718,-690.669963,-738.935303,0.07918056521885221,0.12244170787258107,2.246680969180426,0,-0.2801240160160654,0.2194770244548261
MEPCE,GCN1,-0.4969061988428924,6.72491851712902,-1574.1221519999995,-1661.3525399999999,0.02515459612281116,0.03549826673567952,0.2387229512967563,0,-0.2803445912074734,0.172361419909041
MEPCE,PPP2R1A,-0.469539329749479,12.495674024256141,-4078.0764936666674,-4385.35253,0.07690842194407332,0.10649404818378988,1.330714911628065,0,-0.2816006935517419,0.24067093325021416
MEPCE,IPO7,-0.4096344072288895,1.5896005310446433,-1306.8758953333336,-5144.979004000001,0.6612366795402939,0.8783648522849713,1.39624923564314,0,-0.2827012969483445,0.6229582992251514
MEPCE,ERC1,-0.5560837081201846,6.219746778638227,-337.0189210666665,-327.06646769999986,0.13179794874391074,0.19378176744908707,1.2052735238502812,0,-0.28578367200925026,0.20133629315270837
MEPCE,VBP1,-0.5410377510119945,4.381032636344439,-289.3131307,-305.8366089,0.09769463165887478,0.1421495897882693,0.622761992105382,0,-0.285847313014551,0.39041810745627087
MEPCE,IVNS1ABP,-0.6230530740728598,35.34237471770775,-6287.521809999998,-6517.593750000002,0.05564913469945036,0.08570827782696272,3.0291340713699193,0,-0.28630807275820586,0.180346375977832
MEPCE,CBR1,-0.5597121534003572,6.082213973629482,-353.6526081999999,-339.4060053999999,0.054938492736616044,0.080979163957355,0.4925326025942575,0,-0.2870797539479462,0.2346431614801776
MEPCE,SF1,-0.5483436048497861,4.194461537945931,-260.1735229333333,-215.55926520000003,0.03997088182278841,0.05845450050305336,0.2451851540798984,0,-0.2875665575258078,0.6016267492756742
MEPCE,DCUN1D5,-0.5599293460841289,5.501773987511952,-202.08851113333327,-288.65454099999994,0.1269850635465955,0.18720376187028814,1.0299527874223333,0,-0.28759803454493016,0.21566343628783355
MEPCE,UBE2M,-0.5798944664169973,7.433818665250643,-391.94826223333337,-454.51794440000003,0.06761875684133666,0.10107396489946548,0.7513655268405348,0,-0.2896522073208516,0.22211285947906734
MEPCE,PGK1,-0.5827389965222318,6.815609430065998,-439.9885251999999,-508.61401349999994,0.05246210681486192,0.07857314728678659,0.5355238835977874,0,-0.29208866818538815,0.2070398595216314
MEPCE,PSME1,-0.6827795846787938,18.653252740451855,-626.2970987333335,-689.4137570000001,0.05008797675756902,0.08040398912196482,1.4997959304325514,0,-0.29214450150999777,0.24277141796284338
MEPCE,AP1G1,-0.5750468838008781,4.959693307024177,-390.83054606666656,-325.79363969999997,0.1347522026602417,0.20074683352844827,0.9956427266573415,0,-0.29334830465635653,0.2090188481331675
MEPCE,HSPA1A,-0.2577756825689269,48.24146013494586,-23612.455700000006,-21299.179700000008,0.04294907880176804,0.05135198767738032,2.477294866388574,0,-0.2951841427200879,0.19250750661890217
MEPCE,SUPT5H,-0.6089153447239515,9.591698860799145,-846.003865666667,-816.923828,0.09779025308213429,0.14914337863415636,1.4305383749409732,0,-0.29522744589986954,0.2622157298116107
MEPCE,NHP2,-0.5802648893354203,3.6924056593559706,-229.14019776666663,-82.98962399999994,0.2027455581658019,0.303134229234862,1.1192945435713146,0,-0.2957933452219759,0.2524975962101271
MEPCE,CPSF7,-0.5417590119141624,4.7147683503610205,-1832.323242,-1601.951904,0.09692075748578033,0.14109409393969083,0.6652259685297189,0,-0.2964272393321153,0.29651901595315594
MEPCE,UGP2,-0.7125260665140195,18.30169804523637,-381.8995970333334,-383.83148200000005,0.05656793881014186,0.09269774935912235,1.6965262182436607,0,-0.2979996115672384,0.2732843024274907
MEPCE,NUP205,-0.5842259170528503,3.5590062342224686,-266.7867431333333,-295.75219719999996,0.08998815126211894,0.1349153505342485,0.4801645736437001,0,-0.2980210890385324,0.32845202473151613
MEPCE,GSPT2,-0.6157897555006306,6.1659922503165205,-431.3116657666667,-409.20288089999997,0.02870629502556047,0.04399010377913273,0.27124263899275186,0,-0.30112824990027226,0.24956560008235396
MEPCE,SARS1,-0.5974445700077662,3.5958323785994577,-316.72308336666674,-302.29876709999996,0.020109505554711266,0.03042682942721478,0.1094097784325017,0,-0.30138231890947803,0.2418908525489671
MEPCE,PBDC1,-0.6703511096200175,11.646022243932157,-556.1865030333333,-573.7335204,0.04565446484102804,0.07265842167843233,0.8461815950760253,0,-0.30362857853604797,0.33393854310716126
MEPCE,HSPA2,-0.5180061971533287,0.9194504947723625,-3361.5222773333317,-1729.9150390000004,0.6401334159884652,0.9166681058699964,0.8428309434842125,0,-0.3054459509392388,0.9994023042327652
MEPCE,PKM,-0.6315358314852099,19.648692714603,-4549.670735,-4580.897462999999,0.03103411240299765,0.0480792058513356,0.9446935417350357,0,-0.3081126799165295,0.22823868069385322
MEPCE,HABP4,-0.6034543354844121,0.3061748512981393,-176.0358378,-457.9035645,0.6126173048924103,1.4142135623730951,0.8659932543267886,0,-0.3100440089322579,0.727210017089541
MEPCE,HSP90AB1,-0.264033946398961,17.987999184039644,-15048.153646666673,-16764.96875,0.013411872134589045,0.016105594382510604,0.28970741861107424,0,-0.31101618829198163,0.1845190886075826
MEPCE,GAPDH,-0.5930206086437879,9.0033123442146,-3158.9980466666666,-3405.3212889999995,0.04804798846192646,0.07247675705607615,0.652530881471613,0,-0.3118218033508373,0.21730557161250405
MEPCE,UBE2S,-0.6449308779545398,4.348630782557849,-419.1683145666667,-377.66467249999994,0.12574430026458602,0.1966249561767301,0.8550493370492166,0,-0.31200421777773707,0.2589510537613525
MEPCE,RPL22L1,-0.6677721202709482,6.355891487615968,-330.3083293333333,-411.5396728,0.1696148469578559,0.269457454410133,1.712642340760032,0,-0.3129803248875781,0.4547344912467904
MEPCE,U2AF2,-0.32992326482666484,2.9056361909426154,-5536.318356666667,-14690.47266,0.32861832726721846,0.4130608539354071,1.2002045662563803,0,-0.314158459149838,0.36486335640795886
MEPCE,GPATCH8,-0.6490855136083695,4.537105235423537,-671.578348566667,-1082.9873048,0.44009075876480996,0.6901496451618829,3.1312815682896757,0,-0.31633776773591754,0.46686694648505195
MEPCE,TNPO3,-0.6306536124965227,1.837096181837203,-436.5158282333333,-1010.2669673,0.3121149159026494,0.4832444804965114,0.8877665900140438,0,-0.3165085580004687,0.6175519172675279
MEPCE,FBL,-0.3519536826814995,23.890201572468154,-15520.725259999992,-15786.58984,0.02669605145069833,0.03407227945646106,0.8139936242483204,0,-0.31766864598705874,0.12296578960613679
MEPCE,PPM1A,-0.6642669076116868,4.400001577651348,-767.6425780000002,-506.33313,0.06424629571824408,0.1018167521314689,0.4479938700097994,0,-0.3184781608405425,0.31256910707351687
MEPCE,ALDH16A1,-0.6761002345179791,4.6133800629174715,-337.96687823333355,-353.3898925,0.09811393484623951,0.1567704060933796,0.7232414659266732,0,-0.3186016478846391,0.31229269054445175
MEPCE,ITGB1,-0.6576902676190515,0.8920712568694297,-213.4518992333333,-381.4406128,0.5682444368935642,1.4142135623730954,2.5231585401359213,0,-0.3218264185894595,0.7950759061454656
MEPCE,ALDOA,-0.7344513054723515,21.227162358174663,-3650.3426106666666,-3696.952636,0.029720386248115304,0.04944854853338582,1.0496523680942604,0,-0.3227518307398088,0.2615727633994356
MEPCE,RP9,-0.6307842093714526,19.11391912900125,-6360.19694,-6568.813470000001,0.023766412618370352,0.036800636082559936,0.7034043819778559,0,-0.3239616575838942,0.25474255048914307
MEPCE,YARS1,-0.7185693212571233,6.584759028700565,-536.4704792000001,-519.8760374,0.043475596471332374,0.07154241815585514,0.4710895838868384,0,-0.32608580557577077,0.22149939171943545
MEPCE,CARM1,-0.7564484401853877,11.086482326911309,-627.7728680333335,-589.2940062,0.043924002597986955,0.07420324807766834,0.8226529984124856,0,-0.32615034582107016,0.35887282575690976
MEPCE,NCL,-0.6911966449122904,9.51976697843471,-2708.4337566666654,-2526.4907219999996,0.015002404686935698,0.02422360697961194,0.23060309382309027,0,-0.32941257505000177,0.3676109539340216
MEPCE,ACTR3,-0.7785052235097377,10.23574880649901,-317.4691162333334,-407.43731690000004,0.15187159183772375,0.2605178100757385,2.6665948635544763,0,-0.3314370913143635,0.33964810796990985
MEPCE,RBX1,-0.7345771810155817,3.6427212071924524,-326.21112043333335,-8.045654300000024,0.42533759900080237,0.7077351525187476,2.5780818491556268,0,-0.33356459380715775,0.5058406306083878
MEPCE,PPP2R2A,-0.7572819100350634,7.902872854219249,-702.5527551000001,-712.3092050000001,0.05771909284956446,0.09756440669354653,0.7710391011964357,0,-0.3340479531376737,0.2864771867202581
MEPCE,ENO1,-0.7501566711113326,16.050637771723583,-3283.2644856666657,-3353.5986329999996,0.05222419920118802,0.08784129981230214,1.4099088846846324,0,-0.3350472795648182,0.24567157749483923
MEPCE,EIF4G2,-0.2901447140154797,1.1844406675541714,-11580.550699000014,-16087.5625,0.5559262335083388,0.679774299163997,0.8051523246879736,0,-0.33755682296895095,0.610191893285113
MEPCE,ZYX,-0.7654001076900271,10.246620699216528,-1774.6148273333333,-1647.4750980000003,0.004475325827290011,0.007607473237307292,0.07795089274212867,0,-0.338795627549918,0.28214068696077255
MEPCE,D0JB1,-0.7277241436719998,1.8465531478706128,-519.9988406666664,-948.9083863999999,0.5197783024778846,0.8607799338368591,1.58947589645031,0,-0.3402138238891779,0.7628732890599423
MEPCE,POLR3B,-0.7602432558438812,6.806727167475634,-1003.0987550000002,-1241.688599,0.07845009192362118,0.13287914862122785,0.9044721109111441,0,-0.3403930145598414,0.34623324542542894
MEPCE,HSPA6,-0.7465174264873107,8.768897587116863,-3377.272135666667,-1143.9355469999991,0.4223851016030407,0.7086634193077912,6.214196947646076,0,-0.34180513456294853,0.7193728985042688
MEPCE,PGD,-0.7590773716097602,3.404477490636796,-476.69368496666686,-534.7763675,0.05333917956942817,0.0902731795780586,0.3073330078817138,0,-0.34268390954595945,0.25173365854331203
MEPCE,SKP1,-0.7973431763752579,16.868972695358387,-3635.0193683333346,-3712.3110349999997,0.009002936071662504,0.01564645397258446,0.26393960484270895,0,-0.3475384191230638,0.33436528843832275
MEPCE,PFN1,-0.8283373893585549,9.291266201460834,-1095.4995929999998,-995.5001219999999,0.010641794715023696,0.018896309310796063,0.17557064003174913,0,-0.3509813120464062,0.25026550607474823
MEPCE,POLR3F,-0.7772080684895476,1.4134691001274893,-719.4260253666667,-996.209045,0.16858875715718136,0.28893422858357853,0.408399604072061,0,-0.35417570764468265,1.2006612312148308
MEPCE,CHMP1A,-0.8014696968239992,3.611952594765658,-1062.9525556666665,-769.4996339999998,0.011268525666374053,0.01963998206523997,0.0709386841816945,0,-0.3557840124015824,0.35432650785206
MEPCE,KRT1,-0.6756533478891819,19.513886565966494,-10168.467123333336,-10094.783210000001,0.028146591333076926,0.04495983089271458,0.8773410400654685,0,-0.3627526957282973,0.18948668000368452
MEPCE,CIR1,-0.7884638175217689,9.756149193168493,-4319.294270333335,-3842.825683000001,0.029663463333978252,0.05123663698732898,0.4998722746045966,0,-0.36405644713026586,0.24950734066117408
MEPCE,SSBP1,-0.9511579890255413,14.667629920586084,-845.984069933333,-811.2310795000001,0.045936745352889566,0.08881691907132483,1.3027336996248369,0,-0.3674921427011599,0.4037288783457628
MEPCE,UBR5,-0.8526027354225717,1.5369036992235379,-319.4229532999999,-188.59478760000007,0.10218235884362825,0.1845197103115729,0.28358902535751196,0,-0.3675506732648654,0.5187004945173621
MEPCE,IFRD1,-0.8911115121227345,5.38073938266927,-264.58468626666667,-249.9702759,0.12506068671043064,0.2319424061701019,1.248021639390539,0,-0.36858924298335893,0.5210520975973554
MEPCE,IMPDH2,-1.0303429273015055,23.42004128325369,-1161.7109783333333,-1175.4021,0.011545987361463237,0.023583272831140117,0.5523212232995367,0,-0.3704013292472545,0.379043166489418
MEPCE,PRDX2,-0.7717994248547285,8.825356224883096,-6299.488279333331,-6495.501949000001,0.01898626963798401,0.03241767298922938,0.28609751211172013,0,-0.38013945325965065,0.454168594995097
MEPCE,AP1B1,-0.8962795225577062,1.9594338371474491,-767.3890988666666,-625.6810909999999,0.066682117179739,0.12411506086337926,0.2431952499553204,0,-0.3807324398230998,0.48783109334153857
MEPCE,EEF1A2,-0.9125248119705691,1.295192282408456,-470.9781700333333,-660.9326175,0.03333713214858121,0.06275289293116158,0.08127706262324463,0,-0.3850949511963236,0.4496305069257225
MEPCE,MYL6B,-0.9416073702400554,1.717887721309072,-147.31446839999998,-177.79125969999998,0.4016621344764762,0.7714740029394325,1.3253057169588098,0,-0.38810327465210526,0.4906779002794986
MEPCE,NIPS0P1,-0.9973519452112085,5.299046821013348,-644.8556517000001,-332.6654660999999,0.3555879012045438,0.7098858140528371,3.7617181662391594,0,-0.3964582489497483,0.6107733988782025
MEPCE,I0,-1.0593681101086618,13.023931181586835,-1477.656657,-1657.587036,0.09627327321984801,0.20063946735782712,2.6131146151785787,0,-0.4031908045837166,0.44791288544660146
MEPCE,PSME2,-1.0801985315291789,10.305302376837371,-329.7923279,-324.3485108,0.049383034919076856,0.1044140925644446,1.0760187962796883,0,-0.4044638107994775,0.3233189656298307
MEPCE,HSP90AA1,-0.37744950761938667,34.251661104964825,-29004.033849999993,-28904.92190999999,0.020599247503750202,0.02675966184809944,0.9165628689045587,0,-0.4055488223054614,0.24198160665531762
MEPCE,CDC73,-1.0297989817805917,4.019930626269062,-1141.0900876666667,-1387.7750239999998,0.037560607323993626,0.07669055065447371,0.30829069332135767,0,-0.41319131468190184,0.4626070909504144
MEPCE,WASHC4,-1.0391455551486612,1.1075776529536054,-662.6191203,-801.0363159999999,0.034120671766651865,0.07011976950099484,0.07766308972955967,0,-0.41763177433304616,0.7532119140622329
MEPCE,G3BP2,-1.0499270812214982,0.4760960193288386,-811.2323101333334,327.5646973,0.04042871363830698,0.08370636054190014,0.03985226504650323,0,-0.4178455221263523,0.7310463772873076
MEPCE,STK38,-0.5021859529928955,14.20932871133972,-19987.613279999998,-22319.562499999993,0.014261684884470419,0.02019993736604737,0.28702754998264096,0,-0.4182875024538991,0.22791956067811092
MEPCE,F5,-1.0678892274193776,5.19731346814779,-1100.7386883666668,-1107.546875,0.10337167821208466,0.21670920602397573,1.1263056751400233,0,-0.41865948885730275,0.30526365169605923
MEPCE,SSRP1,-1.091989847892325,5.554689839784958,-1445.9629723333333,-1394.149903,0.03106189975045343,0.06621539448635518,0.36780597899071,0,-0.42622710482229326,0.4032791344474299
MEPCE,HYOU1,-1.1067031394735365,0.15238452484021084,-112.51113380333334,-211.1821899,0.3049250990625365,1.4142135623730951,0.43100852344961194,0,-0.4316933657869628,1.526243009094815
MEPCE,UBA2,-1.125707907729903,2.915613834375786,-690.0249226666666,-503.72210689999997,0.3240876275151872,0.7072024799217382,2.061929334164684,0,-0.4337319238429692,0.41335131426009936
MEPCE,CCDC50,-1.1443357038695339,1.4552071242165503,-313.81438193333344,-366.62045290000003,0.14618780479165794,0.323146991163719,0.4702458037105865,0,-0.43942191978259015,0.7954959673146496
MEPCE,LDHB,-1.15484856371148,8.021226034742352,-1921.2641196666664,-2103.831421,0.042071556733748156,0.09367901386379095,0.7514205449132297,0,-0.44079903532089926,0.31071421157435725
MEPCE,SREK1IP1,-0.8491736033743845,6.292413374854221,-10938.07324,-12753.30175,0.07461186631820622,0.134413364894194,0.8457844550193871,0,-0.44709210527303356,0.25962524961188177
MEPCE,PRDX1,-0.9843110620554945,7.863698621421158,-10875.405926666666,-11533.62793,0.028826465310018683,0.05703049477870225,0.44847062317024744,0,-0.4716031979216731,0.454341922603126
MEPCE,ASNS,-1.2829738468362777,6.6550144679910055,-1675.152018,-1614.740234,0.03204617846555752,0.07798308768139077,0.5189785767782668,0,-0.4720941129242411,0.3733184948511232
MEPCE,HMGN1,-1.2939108534003538,0.5825491650128614,-933.7194009333333,-492.53283669999996,0.09469627748083993,0.2321932200968082,0.13526396648904318,0,-0.4806771910903133,0.7977851157321333
MEPCE,SF3B3,-1.32379106652968,9.87032927297696,-2661.426228666667,-2676.541015,0.00718645627622505,0.017989805923242688,0.1775653080193566,0,-0.4830587500347737,0.42909807704645914
MEPCE,IBTK,-1.32081601932399,0.8188433514341811,-521.1183422066666,-291.500824,0.21720617887378801,0.5426105895746441,0.4443130736909785,0,-0.4843015702458397,0.8783230740031926
MEPCE,CUL1,-1.3673707161584914,5.557069333852706,-584.8551939666667,-560.4995727999999,0.16950386019142855,0.4373311364945861,2.4302794473530165,0,-0.48662816965877326,0.499444433095336
MEPCE,IGKV2-30,-1.1495482519055424,0.6740864770554074,-10556.472657666667,-2298.2890669999997,0.00887254507272433,0.019683682637101848,0.013268504284320673,0,-0.4904217778750939,0.65627815383059
MEPCE,TUBB6,-1.0965943175772284,8.33414012311005,-9222.87646266667,-13095.505370000003,0.33256585852984005,0.7112048871357799,5.927281185630257,0,-0.4974262070718219,0.649885173988894
MEPCE,PHGDH,-1.375744871147281,12.265774322046463,-4944.862955666667,-5249.681885,0.07045329647610703,0.18283235829360597,2.242580445596911,0,-0.5095078936852702,0.4937596115658879
MEPCE,NUP107,-0.4466309999266213,0.9757363650610583,-19006.240216666665,-46025.22069999999,0.7275880548625563,0.9916097932430881,0.9675497352179584,0,-0.5214924060921194,0.7909779610439716
MEPCE,SF3B5,-1.7230360827101026,2.860195964961028,-761.1977387333334,-724.0967406,0.15221977047413499,0.5025403580836205,1.4373639044208417,0,-0.5804151044053681,0.570455869908575
MEPCE,PFDN2,-1.7390315177428324,0.7748621982192682,-1491.2787677333336,-2035.1035762000001,0.05626957702649908,0.18784031087676153,0.14555035620015816,0,-0.5968129263367175,0.850116311563061
MEPCE,DDX54,-1.8004301531723534,0.2939092675476901,-4244.398601000001,-358.062989,0.028704435663672243,0.09998794023289011,0.029387382277450944,0,-0.6172086800629926,1.317787209676848
MEPCE,DHX38,-1.841859130721048,2.329961335228528,-1883.0129189999998,-2063.2202151,0.08583432799831935,0.3077027842755765,0.7169355901042579,0,-0.6201261240853885,0.5681493343359972
MEPCE,DPM1,-1.6667439434099967,0.4530237485290747,-10213.324545666668,-4384.112792999999,0.017010561232489018,0.05400977320394082,0.02446770991405444,0,-0.6235428750469941,0.8999505757017681
MEPCE,ALDH1A2,-1.9019593784833755,3.7955696419852796,-1202.2610473333334,-1043.2607426,0.18925904880636596,0.7073261385027217,2.6847056182836058,0,-0.6249250985943999,0.5900482108477341
MEPCE,HAS1,-0.8522757106069826,5.421193810847503,-38013.984373333325,-55868.74219,0.43389009479876134,1.4142135623730947,15.33345162310724,0,-0.7239703507792051,0.7359154939660004
MEPCE,E2F7,-3.4149552474196305,0.1400112492652164,-50860.350259666666,-74656.924802,0.00250052956832608,0.02667363980563406,0.003734609631637229,0,-1.4830166052226714,1.5346350795239003
MEPCE,KRT78,-5.5365468248122705,0.0,-44.405385333333335,0.0,0.0,0.0,0.0,0,-1.5094386617979307,2.8284271247461894
MEPCE,0CA4P,-5.5365468248122705,0.0,-44.405385333333335,0.0,0.0,0.0,0.0,0,-1.5094386617979307,2.82842712474619
MEPCE,RPL36AL,-5.5365468248122705,0.0,-44.405385333333335,0.0,0.0,0.0,0.0,0,-1.5094386617979307,1.4895639268525038
MEPCE,CDC20B,-5.5365468248122705,0.0,-44.405385333333335,0.0,0.0,0.0,0.0,0,-1.5094386617979307,1.4176719001873936
MEPCE,ATXN2,-5.5365468248122705,0.0,-52.46447753333334,0.0,0.0,0.0,0.0,0,-1.5094705661253327,1.3774105833752723
MEPCE,AKAP5,-5.5365468248122705,0.0,-106.02372233333334,0.0,0.0,0.0,0.0,0,-1.5096825964184593,1.4140566357917197
MEPCE,CBX4,-5.5365468248122705,0.0,-325.43188476666666,0.0,0.0,0.0,0.0,0,-1.5105511892667873,1.1328870849495174
MEPCE,SUPT4H1,-5.5365468248122705,0.0,-521.2769673666667,-547.47052,0.0,0.0,0.0,0,-1.5134475463275383,0.858004210313758
MEPCE,TUBB8,-5.5365468248122705,0.0,-1483.534017,0.0,0.0,0.0,0.0,0,-1.5151358830107902,1.8890765008360166
MEPCE,HSP90AB2P,-5.5365468248122705,0.0,-1950.4446613333332,0.0,0.0,0.0,0.0,0,-1.5169842884756477,2.2398625751148344
MEPCE,POTEI,-5.5365468248122705,0.0,-8761.005206666667,0.0,0.0,0.0,0.0,0,-1.543945929816492,2.1851215075187023
MEPCE,FBXO31,-5.5365468248122705,0.0,-6826.411132666667,-6856.755859,0.0,0.0,0.0,0,-1.5628521476479191,1.4002307022907192
