Bait,Prey,log_fold_change,snr,mean_diff,median_diff,replicate_fold_change_sd,bait_cv,bait_control_sd_ratio,zero_or_neg_fc,composite_score,global_cv,predicted_probability,FDR,global_cv_flag
EIF4A2,PDCD4,10.588740055121336,5223.375475975977,729764.5357055668,729512.6897888,87.2183880720064,0.0566343194214761,295.82231516472854,1,20.0528450020347,1.4145541534717798,0.9998999999999999,0.0,
EIF4A2,THSD1,11.325446806474227,68843.73400556893,113910.97743133332,122609.125,327.29345484873716,0.1275375644432522,8780.162162249364,1,14.741715157328835,1.430463902938437,1.0,0.0,
EIF4A2,EIF4G1,5.643473072861648,1041.4953566534582,178969.72231399998,172800.352977,2.624811727514881,0.052510187617798,54.6891165809386,1,5.526673906377733,1.314240677956806,0.9998999999999999,0.0,
EIF4A2,PRKAR2B,8.926875670639493,344.14569217815836,24522.9490732,25360.71484,31.28947592307677,0.0642896340353638,22.12500060498079,1,2.681976199159646,1.3907617257440403,0.9998999999999999,0.0,
EIF4A2,AKAP5,8.146562896877985,200.37557442114095,29938.327187666662,30299.07031,23.51135332353176,0.0829693809635718,16.62503736994218,1,2.604647706479078,1.4140566357917197,0.9994,0.0,
EIF4A2,CDC20B,7.443638758250292,4670.073704128829,7685.855682333333,7849.323242,9.94648059141193,0.0571361432047321,266.8299999357587,1,2.537002213572117,1.4176719001873936,0.997,0.0,
EIF4A2,PRKAR2A,7.362109250045015,185.65463367278528,28388.234777833335,28024.908585200003,7.583507786737821,0.0460950667078416,8.557762723766933,1,2.3797511296485507,1.3725749043566635,0.9985999999999998,0.0,
EIF4A2,EIF4A1,4.644434680101252,278.98299110678096,50686.18331000001,48485.325684,1.6827817368117617,0.0672843113845701,18.77117844462741,1,2.269121919871547,1.2820583389960325,0.9998,0.0,
EIF4A2,HSPA1L,6.952611111739685,172.39268982415464,20735.111309033335,20600.1416333,1.548052446792456,0.012498019915922,2.1545672707816492,1,2.1100644776752113,1.1061492582628314,0.9865999999999993,0.0,
EIF4A2,EIF4G2,1.207792151184805,3.345343121708362,83256.71083866668,55307.79685000001,0.0612946933068806,0.0265364663305361,0.0887735851133047,1,1.9049991825778505,0.610191893285113,0.8795000000000002,0.0,
EIF4A2,PRKACA,4.79869748819969,132.7379101282275,32829.441286299996,32620.371091,1.4955034229980655,0.0537323312436889,7.13231735560493,1,1.8936786200875508,1.265188767563021,0.9768999999999999,0.0,
EIF4A2,EIF4G3,3.8417379342390703,26.617488762311748,27433.133727300003,27779.68457,1.26706369181567,0.0883731622185993,2.3522716522435205,1,1.5427749544823337,1.1211737206100458,0.9145999999999997,0.0,
EIF4A2,DDX39A,3.8677712399687025,233.51769334744907,25529.288006,26702.383303,1.3008426945393008,0.0891066097267687,20.807969965406407,1,1.5424297961123643,1.1873301915564884,0.9998,0.0,
EIF4A2,RPL36AL,5.3573767874745695,1099.7557003897805,1775.993866,1594.369995,11.07120069510141,0.2700621485141588,297.00238728795756,1,1.4337428845734772,1.4895639268525038,0.9428,0.0,
EIF4A2,EIF3F,2.426998262234749,161.35317326189752,32632.603353,34268.483402,0.4070641434641806,0.0756945096826411,12.21354933579758,1,1.3745420114282163,0.808331117472178,0.9843,0.0,
EIF4A2,ATXN2,5.5464672132600805,33.04744666867787,2399.523071466667,2503.942627,3.665104263131194,0.0784211895157428,2.591620078215791,1,1.3489252820346878,1.3774105833752723,0.8697999999999999,0.0,
EIF4A2,EIF3C,2.5117128367854065,180.6652009157165,30009.45687033334,30135.320318,0.2160852903169084,0.0378900397684094,6.845411647464184,1,1.3181676258678352,0.8080024775384276,0.9825999999999999,0.0,
EIF4A2,EIF3A,2.004068325253012,298.23944680375416,31439.928383333325,32914.43554,0.2206106041365082,0.0549974796067393,16.402417893514684,1,1.2674498605021935,0.6963702985854072,0.9848999999999997,0.0,
EIF4A2,IGKV2D-29,0.0389447567607466,133.34913478060972,63311.83333333349,39353.5,0.0763340902023056,0.0743017805312898,9.908078146506254,1,1.2408934314658056,0.0515691343815265,0.7865000000000001,0.028037383177570093,likely background
EIF4A2,EIF3E,2.561488048306927,65.04678261727929,25431.04459633333,24371.009275,0.4621204429365208,0.0782836705461174,5.0921009004960105,1,1.193880202673148,0.8442021852007934,0.9038,0.0,
EIF4A2,EIF4E,3.9972527589017255,203.28451313094996,9642.935179433334,9381.4890124,0.9661420075789504,0.0604990084445873,12.298511476563167,1,1.1830749538399354,1.1854829491136727,0.9920999999999996,0.0,
EIF4A2,DHX9,1.2166742284721817,2.565956030478965,30699.486330000003,44726.687501,0.2048152460367469,0.0881269444484104,0.2261298645550834,1,1.176347253131881,0.4520500416359809,0.8607999999999996,0.0,
EIF4A2,DDX50,4.7976050696779335,19.665630701252912,2030.0310413,2152.243896,3.1753604628936336,0.1141747727359027,2.2453189160237437,1,1.168274210723954,0.8446786610671039,0.8494000000000002,0.009009009009009009,
EIF4A2,SFPQ,1.7444781920051176,29.813328346616927,32139.43196666667,30824.42871,0.2677244372434406,0.0799004173670565,2.3820973779957906,1,1.1555486823300611,0.5915567948883376,0.8773999999999993,0.0,
EIF4A2,EIF3B,2.3935718971661597,144.3486168870592,23927.964677666667,24362.700192000004,0.3902844236094636,0.07427541849606,10.721553928613767,1,1.1490037822260808,0.8159162269631869,0.968,0.0,
EIF4A2,EIF3D,2.3198502312632705,120.6932716769676,23029.30354566667,22332.996581,0.2546677361200988,0.0510070600592226,6.156208957171158,1,1.0950477761572952,0.7578948949596845,0.9265000000000001,0.0,
EIF4A2,PABPC4,3.266843426067725,145.06657474742897,10589.056886333334,10519.687626,0.808531156999058,0.0840000121831654,12.18559404615412,1,1.033006028358984,0.9839870541240996,0.9761999999999995,0.0,
EIF4A2,LSM14A,0.3703135439816827,60.715852842060904,42433.760433333344,34905.9688,0.0897423456889534,0.0694265032740751,4.215289356127606,1,1.013361885113974,0.1150024817140785,0.7729,0.03418803418803419,likely background
EIF4A2,CCT6B,4.168442002298268,24.540494349545774,2579.3907726333337,-39.35401919999998,24.72196363871971,1.374855726682542,33.73963919209357,1,1.006639749095314,1.7739845317293903,0.7481000000000002,0.06746031746031746,
EIF4A2,IGF2BP3,4.131162403669657,22.165806635262737,1237.17458868,1282.7797474400002,3.5855599809848084,0.2046225249531819,4.535623321331455,1,0.9976492865673424,0.833069822976412,0.8136000000000001,0.01775147928994083,
EIF4A2,EIF3L,2.258206001535108,123.74844910883134,19083.370930333334,18859.270998,0.3014767478633197,0.0630183440188425,7.798422337738562,1,0.9954919489479456,0.7486113109379644,0.9303999999999999,0.0,
EIF4A2,EDRF1,3.88860973748249,19.60549110954135,3524.047210566667,3313.7398071,1.4950046759562692,0.100937994541174,1.9789389545919207,1,0.9920981958263076,1.0675730176890763,0.8628000000000001,0.0,
EIF4A2,CANX,2.2017973792031125,131.90112836938846,31872.278971333333,5591.733398,4.709301174527276,1.0236473213420751,135.0202367373217,1,0.9777047252854972,1.3956588778600467,0.9600000000000002,0.0,
EIF4A2,EIF3H,2.444674976680387,49.13074517569208,15266.364749666667,14606.089114,0.3992204158306354,0.0733319177724299,3.60285176532206,1,0.9342587375722128,0.7941592805923602,0.8909999999999997,0.0,
EIF4A2,SMC3,1.6998205177718329,9.119293643699176,21737.475585333337,19700.88867,0.2042469214198984,0.062872378889961,0.5733516851754682,1,0.8931912171067392,0.4506581354191859,0.8535000000000003,0.0,
EIF4A2,EIF3G,1.2442319144478775,43.40146094157961,23302.63801333333,23187.759759999997,0.0833750242551701,0.0351954626752685,1.5275344986214918,1,0.8527226266880903,0.4771197498176022,0.8593000000000001,0.0,
EIF4A2,EIF3K,2.0776830536948965,94.016135795878,13617.941001333333,13744.270510000002,0.1082336147611133,0.0256400147881942,2.4105751121351884,1,0.8277816165391444,0.6844863228256224,0.8848,0.0,
EIF4A2,PRKACB,2.616722328538746,16.18944471487732,5397.610269933333,5794.55188,0.6046171274607971,0.0985755576212526,1.5958835403474732,1,0.7525539125068688,0.8779396981481749,0.8402999999999998,0.0078125,
EIF4A2,PABPC1,1.4566700229673772,4.904904610696696,17741.793619666663,13823.67383,0.0337575456443518,0.0122990360684477,0.0603255987192545,1,0.7228601091361072,0.4563967660116679,0.8463999999999997,0.008403361344537815,
EIF4A2,PRSS3,0.983289411248622,2.8944842397663537,16463.156903666666,23924.00879,0.0766107273755319,0.038751826345708,0.1121665506198144,1,0.7172415515578909,0.380442669275566,0.8444000000000003,0.00819672131147541,
EIF4A2,EIF3M,2.1295922169025823,24.11223475833069,7527.334797666668,7967.943358999999,0.5099184591084952,0.116528079903002,2.809752418558701,1,0.6925940523570019,0.7333691046211405,0.8550000000000001,0.0,
EIF4A2,POLR3F,2.119180391465561,10.524284209695589,5776.722045933333,8197.670049,2.8611087528166492,0.6585647809181173,6.930922924878176,1,0.6707900185003051,1.2006612312148308,0.8844,0.0,
EIF4A2,EIF4E2,1.1227368038237164,12.441949924078497,16540.320310000003,16534.58496,0.1652391414495669,0.0758817728671861,0.9441172181638288,1,0.6654355523596496,0.3201227104038234,0.8479999999999999,0.008771929824561403,
EIF4A2,FXR1,2.073335002213767,185.2108269734509,6237.509358666666,6080.836914,0.1577283097648315,0.0374778487856988,6.941303366785224,1,0.6649674010952121,0.606876961541547,0.9620999999999998,0.0,
EIF4A2,KRT78,2.407162241239988,377.3906573817609,1204.966034,0.0,39.78972353013676,1.4142135623730954,1067.4219719643686,1,0.6384373473114854,2.8284271247461894,0.8137999999999999,0.017857142857142856,
EIF4A2,HNRNPL,2.4921980813908045,35.8174078562009,631.9048309333333,655.3318787,0.717479135934022,0.1275215757964152,4.567492290765643,1,0.6121405083867454,0.6465253508041335,0.6379999999999998,0.19550561797752808,
EIF4A2,TAF15,1.6580782742046591,33.92856002392687,12553.018718333333,2637.3330080000005,2.5072773650585223,0.7944607765075802,26.95491014239298,1,0.582862258832004,1.0314142587441293,0.8690000000000002,0.0,
EIF4A2,EIF3I,1.0173295299956011,256.17369803148426,11432.907550000004,10263.66211,0.1537561132469441,0.0759605032976563,19.459083034093375,1,0.5428849338100428,0.393107892993852,0.9664999999999998,0.0,
EIF4A2,DHX30,2.192081238605318,3.2312179855332066,372.6918131333334,526.7446899,0.9311634393716022,0.2037720714976757,0.6584319823726483,1,0.5348838271361727,0.7503114105718611,0.6324000000000001,0.20833333333333334,
EIF4A2,PABPC3,2.017684832992402,13.268114665905165,1867.2729694666664,1900.7738642,0.250215537493808,0.0617919200690684,0.8198622809028467,1,0.5297823571349005,0.6280431789587664,0.7798000000000005,0.030973451327433628,
EIF4A2,IBTK,1.9465450899605696,7.884683230596519,2480.448811633334,2623.8051144,0.0375995254666439,0.0097547250016985,0.0769129166399732,1,0.5283340784846087,0.8783230740031926,0.8128,0.023529411764705882,
EIF4A2,FOCAD,1.87094331538201,36.24380433039539,2574.0984293666666,2532.5438231000003,0.1998704579685103,0.0546436545098002,1.9804939219509283,1,0.5150197680645369,0.5563083908769358,0.8155999999999998,0.012195121951219513,
EIF4A2,CHERP,1.5685345067899878,179.07009446113213,4778.958333333334,4546.911620999999,0.3232252179792971,0.1089759755403792,19.514338234009735,1,0.5145503285772646,0.4696531324099827,0.9621000000000002,0.0,
EIF4A2,DHX15,1.2723331489003888,47.17562593394334,8252.300617333334,8124.934574000001,0.1005119880758351,0.0416111021278327,1.9630297886817505,1,0.5108024690881336,0.3943538878498088,0.8449000000000001,0.008264462809917356,
EIF4A2,ELAVL1,1.7899754777984636,5.034702151663399,3318.5375469500004,3239.857422,1.0906869007932325,0.3154024356833451,1.5879573215748144,1,0.5091440887660604,0.5370208238266301,0.8421000000000001,0.008,
EIF4A2,ZC3H13,1.7975072907805167,22.28513300565271,2466.198039133333,3723.3946537,1.8930230882912056,0.5445697938571306,12.135810286967034,1,0.5089678346639174,0.7638994428883416,0.8677000000000001,0.0,
EIF4A2,ATXN2L,1.5383311681700569,34.34970662308912,5216.2639973333335,5374.436279,0.1961674970617535,0.0675374596679147,2.3198919256615844,1,0.5025771854627814,0.5334485318822894,0.8290000000000001,0.013986013986013986,
EIF4A2,CBX4,1.9267606740651793,2.6884169027073916,911.8587239,1212.723877,0.3101304044444178,0.0815704260057029,0.2192953120347743,1,0.4886074582621152,1.1328870849495174,0.7464000000000004,0.06614785992217899,
EIF4A2,IGF2BP1,1.593992393414612,545.0758611864669,1417.352762933333,842.9235229999999,1.4177455894475772,0.4696347454088511,255.98656329681663,1,0.4884577929517385,0.5914686511569427,0.883,0.0,
EIF4A2,ALB,0.8777610760151031,26.324604188822445,10860.38476666667,9709.66406,0.1228421591072822,0.0668524598267608,1.7598645439886331,1,0.4666853898409552,0.2950874686770317,0.8228,0.012903225806451613,
EIF4A2,FXR2,1.706411522720457,19.659501247082463,2094.7640177666667,2116.646851,0.053809478240658,0.0164884206457113,0.3241541262467824,1,0.4649326807666604,0.4784465413441119,0.7838,0.027777777777777776,
EIF4A2,PURA,1.8697185337441329,2.5841943696743908,309.7955729333334,596.2885132,2.6020190701496726,0.711984110355978,1.8399053292795484,1,0.4614927934660056,0.9472613919401528,0.6463999999999998,0.18433179723502305,
EIF4A2,FMR1,1.6725988738757924,13.098044860675364,2069.4180093,1846.0527342,0.3139294023111643,0.0984761188415181,1.2898446222914028,1,0.4529068029738817,0.489921303764164,0.7802000000000006,0.03111111111111111,
EIF4A2,UPF1,1.7442203694933105,17.574478508076925,1074.3580628,1139.3706355999998,0.4774353314353243,0.1425125794660089,2.5045842649559793,1,0.4501144225472885,0.5134547294935647,0.7445,0.06538461538461539,
EIF4A2,HNRNPC,1.699871406817456,20.295805313356738,1347.1375532999998,1202.3740847,0.5090171657131364,0.156682857361874,3.180004768957038,1,0.4442759619866747,0.5200510132436086,0.7494000000000001,0.068,
EIF4A2,RFC5,1.7359003921320288,17.772452186856984,1679.6979978999998,-286.2822876,3.941923854359377,1.1834541778426988,21.032882791045505,1,0.4387048205021125,1.3280755489240397,0.7160000000000001,0.08766233766233766,
EIF4A2,DRG1,1.368388288963625,48.02205497796498,3312.7771813333343,3401.612793,0.2419312485931681,0.0937060708945642,4.499958088267847,1,0.4208534019213844,0.4690182937231597,0.8366999999999996,0.007462686567164179,
EIF4A2,PTMA,1.4033262343223245,35.9274720035065,2817.249837333333,2327.710815,0.4696496630477566,0.1775547792563368,6.379094360820817,1,0.4089637237114195,0.4182337755840833,0.8251999999999999,0.013513513513513514,
EIF4A2,ABCE1,1.3420697410996494,29.27025268685389,2254.9875083333336,2588.508789,0.2673945435740747,0.1054753573879145,3.08729036298048,1,0.390634603337794,0.4422184945764967,0.8122999999999996,0.023391812865497075,
EIF4A2,SET,1.0343051983126963,33.73033321968534,5327.094727666669,5461.9038120000005,0.0412644849077613,0.0201475229616629,0.6795826630481541,1,0.3900532918518036,0.4354503924480344,0.8153000000000002,0.012048192771084338,
EIF4A2,PTMS,1.5208824169183803,6.110666884483422,776.4311216333333,712.4250484,0.1622309936653907,0.056533270990544,0.345455986913445,1,0.3893094499125268,0.4936600569443009,0.5959000000000001,0.2862453531598513,
EIF4A2,HUWE1,1.091348845422662,81.09580866987538,3614.379801666667,5296.177735,0.7602775534506546,0.3568169433485693,28.936358567965335,1,0.3877756275293639,0.4343636579567597,0.8793000000000005,0.0,
EIF4A2,LSM12,1.4067080804961436,3.5698536110246013,1355.661865266667,1594.8382567,0.1331015073979753,0.0502022618519618,0.1792147257538286,1,0.379909780249089,0.5667523665153918,0.7351999999999999,0.07011070110701106,
EIF4A2,NUFIP2,1.2872657497379885,22.594993250231077,1964.7904459999995,2248.96936,0.2336572274546355,0.095736025890511,2.163154858800045,1,0.3699519019197255,0.4022176856841433,0.7893000000000002,0.02403846153846154,
EIF4A2,ERH,0.6634462951100576,29.79568736051328,8005.028973333336,8103.30762,0.0512601170733326,0.0323642167001702,0.9643140824661746,1,0.3667128878885656,0.1871551378339254,0.7832999999999999,0.0273972602739726,
EIF4A2,PTBP1,1.1906929472924332,56.11682472237806,1867.6605226666668,2153.992676,0.2914047990645091,0.1276627835794791,7.164030049700516,1,0.3503192411680038,0.3698509831680137,0.8176000000000002,0.012345679012345678,
EIF4A2,ACTA1,0.8808767925841553,1.302125910459376,2893.5412189333338,7816.764648,1.132583809867148,0.6150385963340687,0.8008576922191558,1,0.3498829557016151,0.8110027448170104,0.828,0.013793103448275862,
EIF4A2,DYNC1LI1,1.2737222423653425,14.91187701979147,1171.3821819666668,1636.0164796,1.323265756001942,0.5472934731445813,8.161172965266541,1,0.3495321933569603,0.6879338239481342,0.8025,0.021164021164021163,
EIF4A2,0CA4P,1.3372984121699,85.63837366368038,239.10490926666668,0.0,9.029177445167647,1.4142135623730947,242.2218989895033,1,0.3438950710709938,2.82842712474619,0.6442,0.18577981651376146,
EIF4A2,STAU1,1.3313592632208309,6.50335990514551,500.7149454666666,501.144165,0.2652129985672505,0.1053943812271975,0.6854175931005769,1,0.3405800781009053,0.5933875278115064,0.5946000000000001,0.285451197053407,
EIF4A2,LTV1,0.9972880606563692,41.63197545882024,3420.023275,3203.6037600000004,0.1478724046713408,0.0740756874063975,3.083917200198381,1,0.3344467065672122,0.3376747603050405,0.8106,0.022598870056497175,
EIF4A2,THRAP3,0.5665507769688017,44.05216115605587,8378.292970000002,6629.73243,0.1337382150295712,0.0903045591957221,3.978110994816538,1,0.3338194347733464,0.2134799383822363,0.7824000000000002,0.031818181818181815,
EIF4A2,NKAP,0.7111962289677912,67.20425937862896,5802.806315666665,6063.828122999999,0.0254469033065282,0.0155434061247588,1.0445830968356626,1,0.3335568240586284,0.2592564456251355,0.8049000000000001,0.021505376344086023,
EIF4A2,HNRNPA2B1,0.9233763002214276,23.967650350380364,2918.312418666667,3003.4357910000003,0.0630955384076877,0.0332687877956938,0.7973746734681924,1,0.3070853381128035,0.2589677762355865,0.7881000000000001,0.023696682464454975,
EIF4A2,HNRNPF,1.1020229753284747,62.466312623922995,1518.6572669999998,409.067016,1.49682632979186,0.6973189470679493,43.558943346131336,1,0.3067175842212535,0.7128207886190991,0.7584000000000001,0.04184100418410042,
EIF4A2,MOV10,1.1739958886920876,16.381427164420817,439.55919393333335,476.9797669,0.0302056188577402,0.013386951363218,0.2192973687102002,1,0.3051189699633495,0.4205022252772051,0.5933,0.29174311926605506,
EIF4A2,DDX3X,0.7389421044059297,39.8361629668725,4588.974445,4432.298824,0.1311727655015472,0.0785963790636163,3.130978164984306,1,0.3031675377237001,0.2184365781315351,0.7978999999999999,0.025380710659898477,
EIF4A2,TUBB3,0.8038208730797098,23.09379199064433,3387.266763999998,3582.803223,0.1283516005936899,0.0735240772527072,1.6979497463780855,1,0.291896544577251,0.2452161185029338,0.7819999999999996,0.03167420814479638,
EIF4A2,HNRNPA3,1.001975381435991,17.660022452947725,1420.9923503333332,1421.9671629999998,0.0494411034792629,0.0246868500444883,0.4359703260782172,1,0.2884499604436558,0.304354305265139,0.7314,0.0673758865248227,
EIF4A2,FLNB,1.0067049732898663,48.063778794101616,2244.6783046666665,-206.10546799999975,1.6840125558569732,0.8381062762013732,40.28255466529104,1,0.2843108213710331,0.7345828073139322,0.7357000000000002,0.07037037037037037,
EIF4A2,PRRC2A,0.953288019803662,32.55608926298514,1526.4119063333335,1538.148438,0.0925588010699651,0.0478026172012786,1.556266272609138,1,0.2819676762576408,0.2687997669868321,0.7322,0.06785714285714285,
EIF4A2,METTL16,1.0952787521667626,1.5107573905834193,76.71369933333334,132.7359924,1.817860226327816,0.8508456098231038,1.2854212932857103,1,0.2769791507624647,1.4088987444414174,0.5474,0.3911042944785276,
EIF4A2,SYNCRIP,0.9000110610598103,28.87117991590933,1886.358357666666,1711.7133789999998,0.1250671007401873,0.0670216451118823,1.93499397428538,1,0.2755132322809366,0.6416637136081009,0.7510000000000001,0.0653061224489796,
EIF4A2,NPM1,0.8360174316469031,25.276411719312726,2868.811767333333,1823.5312499999995,0.4486745378801397,0.2513434275497579,6.353059957690932,1,0.2731139043202544,0.2969057434751181,0.7886000000000003,0.023923444976076555,
EIF4A2,RARS1,0.8921596556053534,116.02700305116606,1201.7896319999998,1264.342773,0.1346441665046031,0.0725476025366247,8.417480900871746,1,0.2725167252073942,0.3202398997994456,0.7968000000000002,0.02512562814070352,
EIF4A2,SRSF3,0.3389457738582819,21.136415985430595,8869.430340000006,5409.464850000004,0.096082086613121,0.0759649077635541,1.6056258907853456,1,0.2703991014608675,0.1171178109568899,0.6994000000000006,0.10404624277456648,likely background
EIF4A2,IBA57,0.8024817642892899,5.828576174305152,2211.971435666666,2873.876953,0.7937977423598499,0.4551360828957032,2.65279532883247,1,0.2674169796008944,0.477313269762447,0.7926000000000002,0.024509803921568627,
EIF4A2,CWC25,0.5378752869199662,173.10805818782086,4262.5533866666665,3724.926759,0.1597965859074173,0.1100661795951507,19.053342621868502,1,0.2636081507061883,0.1747516177641144,0.8661000000000001,0.0,
EIF4A2,ANP32B,0.8791986427399954,36.732274790253534,1234.1543373333334,1239.3847650000002,0.1003681243081103,0.0545673678805985,2.0043835515710007,1,0.2588256348773362,0.3145617814128122,0.7239,0.08191126279863481,
EIF4A2,IFRD1,0.9618593043501584,19.43782102981821,544.204417,489.49066199999993,0.2075315120958503,0.1065461540591293,2.071025074016795,1,0.258600988628167,0.5210520975973554,0.5891000000000001,0.296028880866426,
EIF4A2,RPL36,0.9292244518625746,22.78677760547538,623.5928752333335,737.7715454000002,0.3565494424119358,0.187239558994559,4.266586189756305,1,0.2554282960265659,0.737558721476735,0.5992000000000001,0.2679245283018868,
EIF4A2,CYFIP2,0.9067910343586236,63.07051949147195,576.4180706333333,729.4483034,0.8115306525546656,0.4328485266603274,27.2999814375851,1,0.2551789921964016,0.5124409923952233,0.6515000000000001,0.1811764705882353,
EIF4A2,TAF2,0.8676951987244825,24.152221379709577,1229.8452146666664,1281.3055419999998,0.1903093823515044,0.1042942337963175,2.5189374232758506,1,0.2549261806683172,0.4432812438598183,0.7253999999999999,0.08247422680412371,
EIF4A2,LARP1,0.8198044725468948,56.55607720480797,1347.6619873333334,1326.922852,0.0779005548364863,0.0441323724235658,2.4959538620185295,1,0.2503399614699107,0.2352522904417111,0.7382,0.07116104868913857,
EIF4A2,CORO1C,0.8582233878681097,44.27347047235019,938.4724119999998,969.521972,0.1608763142899985,0.0887449238138456,3.929045764043263,1,0.2485295908909592,0.3570046422123376,0.7339000000000004,0.06909090909090909,
EIF4A2,NFU1,0.8778024910626084,28.72066938976927,552.5290527666668,569.3355713000001,0.0921572216059398,0.0501518382710899,1.4403943662731535,1,0.2417564478440712,0.7323614124907581,0.5825999999999998,0.3197879858657244,
EIF4A2,CAPRIN1,0.3642750525181378,6.639563454538786,5472.782546666662,5784.958979999999,0.2585692483927256,0.2008734457359706,1.333711989295831,1,0.2392633047310825,0.2130066378720841,0.6915,0.12429378531073447,
EIF4A2,YBX3,0.814869650434109,32.47993410957596,985.9565836666668,1047.930298,0.0408200855098186,0.0232047114100444,0.7536874976299682,1,0.2385094893627263,0.5223418105742825,0.7127999999999998,0.09404388714733543,
EIF4A2,H1-4,0.3171089236230725,139.2181059352004,5687.3964833333375,4803.414059999999,0.0677726356527838,0.0543999579016811,7.573459102026687,1,0.2377182913422157,0.3473134238856014,0.8002000000000001,0.025906735751295335,
EIF4A2,HNRNPAB,0.8452730171756377,50.01993362563779,476.2851767,482.1184084,0.0781191857814746,0.0434818078685221,2.1749571435062127,1,0.2353654924628762,0.3680363604359984,0.5888999999999999,0.2954954954954955,
EIF4A2,BCLAF1,0.5967406798386312,46.752906550327765,3041.9876300000005,2831.4252929999993,0.1084044005826648,0.0716824664095711,3.3513636533436864,1,0.2352752146014788,0.1855239629750458,0.7757999999999999,0.034482758620689655,
EIF4A2,RPL7A,0.6893606575580675,211.96065071049145,865.6302899999996,1057.107422,0.3476364250274297,0.2155806279304837,45.69461017672168,1,0.233156476875024,0.5555695893678346,0.8239999999999997,0.013245033112582781,
EIF4A2,ELOA,0.7539596291525031,29.174984919493493,1376.8697513333332,1151.4685059999997,0.1999654071638965,0.1185749589963894,3.4594226405492208,1,0.229914866047153,0.2289973649860579,0.7150000000000002,0.09003215434083602,
EIF4A2,YTHDF1,0.8512657037783853,43.65629835099781,100.12106323333332,0.0,4.6028485542984185,1.414213562373095,123.47865842197456,1,0.2259164239350426,1.269671331745443,0.6065999999999997,0.2611218568665377,
EIF4A2,PAAF1,0.7772642895194828,17.52573455411303,927.1130373333332,917.517334,0.0926640718568252,0.0540672210680507,0.9475677645172048,1,0.2257137239553908,0.2422739316983447,0.6779000000000002,0.14322916666666666,
EIF4A2,PCLAF,0.8537276873850386,14.375208790942937,965.3523558999998,-683.2640994,1.8675793896649584,1.0334365887113608,14.855866734925634,1,0.2245567218923775,0.9189112567104868,0.6768999999999998,0.14470284237726097,
EIF4A2,PSPC1,0.6452820133346095,33.23192456342454,3972.959472666668,100.88818300000004,0.8023590641910066,0.5130058271764613,17.048170949325364,1,0.2235606289313577,0.4525375815067741,0.7124000000000001,0.09375,
EIF4A2,H1-10,0.7105605182900869,32.82049142248113,1166.9099126666667,1495.129151,0.306486977527321,0.1872900262264731,6.146950699282227,1,0.2220929575254859,0.3300792438580696,0.7256999999999999,0.07931034482758621,
EIF4A2,UTP14A,0.8420618634923905,5.263025048777417,180.64306133333335,170.710083,0.5481906449053862,0.3058075218709709,1.6094726477114676,1,0.221491882115648,0.4786251785972393,0.5726000000000001,0.3310580204778157,
EIF4A2,FUBP1,0.7864473889264234,16.74505825161231,614.0797935999998,606.4090581,0.1096120912880352,0.0635501715972026,1.0641513252951167,1,0.2204675349051783,0.3632880374865411,0.5714999999999999,0.33220338983050846,
EIF4A2,ARHGAP22,0.8208592776062452,2.412025911613904,234.40104163333325,157.20318600000002,0.1085220573922796,0.0614351909458721,0.1481832724463915,1,0.2167410686652939,0.3998499250321645,0.5707999999999999,0.3350253807106599,
EIF4A2,ALG13,0.7918574822031075,9.952702113236496,385.6964720333333,421.4916992,0.2680435733484672,0.1548228483211692,1.5409056896633944,1,0.215984957138616,0.269030522088005,0.5723999999999999,0.3339011925042589,
EIF4A2,ACSL3,0.7581422782621624,16.2545774159262,659.5648192333331,730.2080078000001,0.3961969246285228,0.234255664443171,3.8077268328107534,1,0.2159197673723784,0.2907871701423651,0.5744,0.3236301369863014,
EIF4A2,PRSS1,0.2216759047577175,59.1010631098975,5926.861983333336,5500.191409999999,0.0370446947053249,0.0317686417888244,1.877560503277041,1,0.2159109397449889,0.0734322206595056,0.7141999999999997,0.09206349206349207,likely background
EIF4A2,LCP1,0.8045396954823262,40.918052887916886,91.05595906666667,0.0,4.3141449846617554,1.414213562373095,115.7337306799833,1,0.2148011049723729,1.418261574785201,0.5978999999999999,0.27631578947368424,
EIF4A2,0P1L4,0.7939059640181114,8.532011111679381,235.63929236666667,389.6038208,0.9332092105479262,0.5382598828666836,4.592439301589787,1,0.2141519950914657,0.4854407079613101,0.6071000000000002,0.26627218934911245,
EIF4A2,NCBP1,0.8069498398635773,13.470016216942811,120.7601115,125.02627560000002,0.2987399388624223,0.1707574510662167,2.3001056350257585,1,0.2133968263489939,0.4543216906433326,0.5754,0.3230240549828179,
EIF4A2,G3BP2,0.6610426545289855,1.5586693940833407,911.9622497333332,1913.0313718,0.1952474619856049,0.1234793902846943,0.1924635464368248,1,0.2084538629381327,0.7310463772873076,0.6984999999999999,0.10662824207492795,
EIF4A2,CLUH,0.6849393561986625,11.56694474659468,1131.9096676666668,1091.036621,0.2589944333935629,0.1611038205853081,1.8634789911755616,1,0.2082652821986055,0.2684798144244971,0.7016,0.10089020771513353,
EIF4A2,HNRNPA1L3,0.7460070863458356,6.976737941557334,531.3527829999999,456.5373532,0.0667099213165901,0.0397761283121114,0.2775076235633605,1,0.2072324125768299,0.2579923387528905,0.5598,0.36688311688311687,
EIF4A2,RPS19BP1,0.7284772638994949,14.067112446047393,692.5144447333334,526.5427240000001,0.1851095437179586,0.1117217999150951,1.5716031220804518,1,0.2068859666718996,0.2367268913246644,0.5627999999999997,0.36046511627906974,
EIF4A2,ERBIN,0.7776573015404252,13.49891127846168,569.4771422333332,-359.1233521,1.6686670190706276,0.9733612246609524,13.139316813593002,1,0.2063037576713091,0.7208265961747332,0.5801,0.3192982456140351,
EIF4A2,PHF3,0.7884288183967001,3.760289103358048,91.96365860333331,18.153625399999996,1.0489188891283914,0.6073005815688369,2.283625759336303,1,0.2062820070254856,0.7276366557203623,0.5691999999999999,0.3411764705882353,
EIF4A2,RBM10,0.5032358634655311,38.98313867220397,2653.243977666667,2267.238281000001,0.0913990063655301,0.0644845166121375,2.513808853300998,1,0.2018868869027464,0.1489830852480138,0.7190000000000002,0.0858085808580858,likely background
EIF4A2,SRSF7,0.6087921903456924,43.159601452837514,1183.3037923333331,1282.7602539999998,0.0729527038293739,0.0478387177126548,2.0646999904929806,1,0.1980633094061644,0.2715224942832411,0.6949,0.11647727272727272,
EIF4A2,ACTG1,0.1306677956966823,84.25012604058482,5698.878910000014,5546.8984400000045,0.0692873616744793,0.0632882468601091,5.33204277485184,1,0.1965328169131666,0.4822367777435582,0.7347000000000001,0.0695970695970696,
EIF4A2,PA2G4,0.6290156693308672,9.60908819905242,988.5762943333332,1098.7052,0.0084774550209738,0.0054817057335844,0.0526741938752638,1,0.1936990208130704,0.2954748981211633,0.6874000000000001,0.13008130081300814,
EIF4A2,ANP32E,0.6983709325190864,10.682175855620232,376.94371539999986,321.473877,0.215661046870996,0.1329057549370347,1.4197226464613717,1,0.193541553359056,0.2919581385750895,0.5611999999999999,0.36079077429983525,
EIF4A2,PRPF4,0.7155037361407522,3.253392989802903,322.0427246999999,99.1512452,1.2401779865299023,0.7552636385129363,2.457169426991021,1,0.193212790986765,0.97461813376509,0.6050999999999999,0.26003824091778205,
EIF4A2,PPP1R10,0.5921368579328665,14.737711256556144,1261.076578666667,1412.402099,0.0665948619867024,0.0441766366722951,0.6510625155620745,1,0.1927954712070699,0.1936728433126665,0.6759999999999997,0.14432989690721648,
EIF4A2,PMPCA,0.7210961750126015,4.806964954802699,95.47480264666667,40.809265100000005,0.7837594557716789,0.475459850678917,2.2855188396292787,1,0.1914008588502775,0.5400951884204035,0.5385000000000001,0.424287856071964,
EIF4A2,TCOF1,0.5338237602410463,18.15153636072261,1682.7876790000014,1931.121582,0.0527463683043504,0.036433307431926,0.6613205045919913,1,0.1908830947069639,0.1560941889410066,0.6827000000000001,0.13262599469496023,likely background
EIF4A2,RPL19,0.6060433957640169,11.927577440897494,1171.8155926666664,1094.232422,0.4126091071742195,0.2710843350603867,3.2333793994469664,1,0.190853284540512,0.6298183768364864,0.6971999999999998,0.10571428571428572,
EIF4A2,SPIN1,0.1448319454855167,24.022478219630543,5442.554689999997,5730.578130000002,0.0182739492611789,0.0165286575937292,0.3970593170450925,1,0.1907020236403922,0.0637425384015418,0.6912,0.12359550561797752,likely background
EIF4A2,CCDC93,0.6695327897349997,7.577390357787729,524.2316586333333,418.3127439000001,1.0247603647745218,0.6442814052908978,4.881971708153176,1,0.1893799794234541,0.56412437448891,0.6112,0.2591093117408907,
EIF4A2,VPS18,0.6912531995672141,17.26311180275701,710.6446739000003,-370.0766603,1.436627007929253,0.8897310946249916,15.359527360900604,1,0.1886541034026573,0.7160046574302108,0.5791000000000001,0.32111692844677137,
EIF4A2,PPIL4,0.2842866338494269,11.74414127712329,4891.571616666668,3451.634769999997,0.0937145893831518,0.0769541363855239,0.9037602495706069,1,0.1879549773679447,0.109773685093804,0.6717000000000003,0.14824120603015076,likely background
EIF4A2,YIPF4,0.695819877079932,2.2857876533100008,194.14827476666665,59.7687378,0.259668726214311,0.1603096530258276,0.366433825592847,1,0.186663885545125,0.3830798484398411,0.5599,0.36482084690553745,
EIF4A2,HNRNPA1,0.3481091365968073,29.20404586561829,3793.319659999999,2965.8476599999976,0.1196469652030594,0.0939969598459365,2.745091526569412,1,0.1865296279291549,0.1318838834144385,0.6865000000000001,0.12972972972972974,likely background
EIF4A2,ECHS1,0.6154854051926754,38.55609464531064,601.5341393333333,718.4724119999998,0.4341545819147313,0.283378994261557,10.925987323241532,1,0.1856828438982219,0.285222035911516,0.5783999999999998,0.3205574912891986,
EIF4A2,DDX52,0.6334959637514306,11.433687738051738,424.98966486666654,388.9190673999999,0.0606916742192162,0.0391228631287955,0.4473186004331861,1,0.1802143139707737,0.2429905690155369,0.5473999999999999,0.3905053598774885,
EIF4A2,GTF2I,0.0039606461545512,498.46493086424664,201.26822666666703,7129.085930000001,0.136630134020608,0.1362569150847039,67.91929375747246,1,0.1790214764168687,0.0976239685559284,0.6424,0.18284424379232506,likely background
EIF4A2,PCBP2,0.550952560168822,19.098235412368915,1122.5913896666666,1065.6608890000002,0.0255410047261704,0.0174336247994586,0.3329514705109738,1,0.1783906197643144,0.160563888623744,0.6491000000000001,0.18266978922716628,likely background
EIF4A2,ARL8A,0.6266332068276247,23.518947355168507,248.5253194,318.92788699999994,0.289015790295113,0.1871927361445178,4.402576106652863,1,0.1774491172121174,0.2747515646070203,0.5627,0.3598673300165838,
EIF4A2,SLC7A5,0.6320774771923193,13.458627102116075,185.63191729999988,217.86526489999991,0.2441540611263338,0.1575405925254894,2.120280088246978,1,0.1754149819052343,0.3395142486763558,0.5512999999999999,0.3904761904761905,
EIF4A2,RPL37,0.628340402658809,9.250205019206012,247.00089516666668,278.8449707,0.2434305645979108,0.1574811607602031,1.4567330236944196,1,0.175407028164178,0.4290700934897875,0.5490999999999998,0.38699690402476783,
EIF4A2,GNL3L,0.4936463900734084,6.210480833126618,1726.3330076666662,1366.6181640000004,0.0242862067684228,0.0172488601894219,0.107123715599686,1,0.174060147266856,0.1792335955521185,0.6480999999999999,0.18287037037037038,
EIF4A2,RPS23,0.3284206789479415,45.503939138091816,2972.5673800000004,2812.4189399999996,0.036566645540178,0.0291221949733532,1.3251745876351098,1,0.1730012665005716,0.1849096113539895,0.6850000000000002,0.1276595744680851,
EIF4A2,RP9,0.2792011729233377,35.91581995214261,3834.110023333331,3030.5625,0.1034751653241343,0.0852691197866286,3.0625103537342344,1,0.1729824291737399,0.254742550489143,0.6882,0.1307901907356948,
EIF4A2,YTHDF2,0.6213418258857445,3.557061609617131,178.9662068666667,257.1140442,0.3018428773031276,0.1962190768507057,0.6979633453401588,1,0.1719977171522047,0.9554865782994088,0.5474999999999999,0.3901689708141321,
EIF4A2,KHDRBS3,0.481029179509755,53.123757788019425,1329.2743326666673,1252.1538089999997,0.0856061744864168,0.0613343814431416,3.258312823863448,1,0.1716726651069878,0.1509389981856327,0.6430000000000001,0.18409090909090908,likely background
EIF4A2,EIF5B,0.4426989454005239,31.900476088124226,1838.1232096666672,1696.096192,0.1401703047625995,0.1031320264558212,3.28996074387372,1,0.1710856939100949,0.1541611682021268,0.647,0.18475750577367206,likely background
EIF4A2,DAP3,0.5988816052061641,11.661494499800249,305.0105081999999,304.30419919999997,0.0600365761173807,0.0396403478633304,0.4622656985783965,1,0.1699965094788968,0.2071189667379766,0.5416,0.40634441087613293,
EIF4A2,LSM14B,0.5525194046660644,26.014821885982645,663.8362633333329,645.7819830000001,0.0722399354242728,0.0492555753339514,1.2813750192043465,1,0.1695141838574667,0.2785695458823562,0.5112999999999999,0.5007112375533428,
EIF4A2,RPA1,0.3023513691933944,23.243551878913017,3489.1340360000013,2683.784180000001,0.840309068414,0.681437047198821,15.839017358779095,1,0.1685089518191491,0.5471590334896392,0.7222,0.08108108108108109,
EIF4A2,MTREX,0.5983016801448503,32.20817594380997,451.4019571,-209.598938,1.132968184745665,0.7483656255106853,24.103491736747554,1,0.1683992111710214,0.9251755298565107,0.5655,0.34833333333333333,
EIF4A2,EMD,0.5975338700278445,1.0699358764965028,137.34274289999996,350.1633606,0.6842116238254916,0.4521866119284631,0.4838106789736641,1,0.1668369358454809,0.6641669803216298,0.5422999999999999,0.4039334341906203,
EIF4A2,COIL,0.5145247239660283,15.296382252882085,999.4743649999996,951.4765619999998,0.1573120971040966,0.1101229369410852,1.6844825382608692,1,0.1668304620399256,0.2534439615673037,0.6266999999999998,0.21581196581196582,
EIF4A2,CCDC59,0.574731596957494,19.736596870180975,341.45550556666706,304.37640410000006,0.051892569199038,0.0348414835433644,0.6876523150544291,1,0.1660237373928152,0.2180085639382319,0.5318999999999999,0.43841642228739003,
EIF4A2,PPIH,0.5056167749072125,94.1661277321816,343.7061359999999,763.4141849,1.0177024650983033,0.7168331315520454,67.50140022838966,1,0.1658042469780278,0.900620744536152,0.6025,0.2618595825426945,
EIF4A2,CKAP2,0.5918140979179816,4.877208130163743,181.68757123333324,187.55444339999997,0.0733321410039778,0.0486567896590126,0.2373092901126037,1,0.164680595740728,0.2556792202161501,0.535,0.4311111111111111,
EIF4A2,OBSL1,0.6007640918411881,1.744363587220577,50.42474874999998,74.01898195,1.1914654670589857,0.7856630186143057,1.3704819614965973,1,0.1634548642706699,0.6700530471644554,0.5005999999999999,0.5314207650273224,
EIF4A2,KIN,0.1592101198173927,700.8323334847001,121.20043970000006,72.97253499999988,0.3189082344729446,0.28558973978466,200.1505237525716,1,0.1591858496295387,0.245940121420022,0.6359999999999998,0.20089285714285715,
EIF4A2,U2SURP,0.3411583838505521,15.964302578581796,2335.4147116666663,2262.969725000001,0.0696792143630038,0.0550057089955893,0.8781277819550076,1,0.1581241995397789,0.1756194645152675,0.6656999999999997,0.15441176470588236,
EIF4A2,ILF2,0.4795625214307195,17.0964041191783,981.116618,839.724854,0.1527298343622582,0.1095378700216779,1.8727036922446327,1,0.1576084012554583,0.2929538445910275,0.5763000000000001,0.32241379310344825,
EIF4A2,PTGES3,0.5308453861631603,8.23114945921645,524.871745133333,382.971558,0.0572246093421051,0.0396082320971612,0.3260212782070687,1,0.1574958781315077,0.3329936243922203,0.5068999999999998,0.4972375690607735,
EIF4A2,SRRM1,0.4299357417533608,10.746689343464714,1619.7646483333328,1215.005859,0.0421965149678272,0.0313224881147148,0.3366130492332065,1,0.1571847368657887,0.2818199591654985,0.6207,0.22129436325678498,
EIF4A2,DHX36,0.4298869714351194,29.891558603755215,1350.1163740000002,832.5358889999998,0.1565388220464776,0.1162027516499222,3.473481360861266,1,0.1522309005236394,0.1597893915249545,0.5832,0.32149200710479575,likely background
EIF4A2,PRRC2B,0.187985548407707,10.08484158828293,6007.8059899999935,1159.75,0.0962423272264489,0.0844852006123646,0.8520198647300011,1,0.1521204287692039,0.1558125032918948,0.643,0.1836734693877551,likely background
EIF4A2,HNRNPA0,0.3314683648739611,36.37137138542854,2285.776691333333,1729.3916019999997,0.1003461944854934,0.0797484843806556,2.9005617428338737,1,0.1519387847761549,0.1736200500483615,0.6630000000000003,0.1529126213592233,
EIF4A2,HABP4,0.5466518202992039,2.064813688160761,143.0742492666667,-33.19934090000004,0.2659841823081961,0.1820959088743488,0.3759941252018299,1,0.1510078326438654,0.727210017089541,0.4637999999999999,0.49318801089918257,
EIF4A2,RPS13,0.2504039721107617,61.92477456405664,2804.0478533333335,2338.176760000002,0.0740421435317927,0.0622448647308538,3.854499216228326,1,0.1500315754556403,0.537581768589677,0.7055000000000001,0.0963855421686747,
EIF4A2,RPS9,0.2688894873943613,51.66096264822739,2490.9677733333338,2381.1113299999997,0.0384927083201775,0.0319476024916092,1.6504438990194414,1,0.149716042520452,0.4620058168336228,0.6917999999999997,0.12464589235127478,
EIF4A2,ZC3H18,0.5149039272796209,8.147493880813647,635.8626102000003,-97.222534,0.9470746829851584,0.6628049446387528,5.400199230617267,1,0.1495670107007869,0.5785211516618357,0.5088,0.49719887955182074,
EIF4A2,MTHFD1L,0.4186285402026501,8.21685977434196,1068.5970050000003,1309.5385740000006,0.0806537866786303,0.0603404109635869,0.4958086956139602,1,0.1489884877873991,0.1535832873168975,0.6038999999999999,0.26285714285714284,likely background
EIF4A2,CCNT2,0.4448672432528193,4.544351287722818,1256.7994789999998,584.7702629999999,0.5582335740886499,0.4101103777597835,1.863685623281164,1,0.1482264250307131,0.3663942196096786,0.5493000000000002,0.38845553822152884,
EIF4A2,SNRNP27,0.1540582175979421,67.29174992696562,2830.082680000003,3852.59765,0.1153243332849228,0.1036450847661284,6.97445912524147,1,0.1467063408088366,0.1647726996436853,0.7278000000000001,0.08013937282229965,
EIF4A2,RANBP2,0.4169779984106839,82.0910340326383,512.3007813333334,698.002686,0.4149224101403348,0.3107758476551486,25.511910686380823,1,0.1451687640512856,0.2496704046295324,0.5265000000000001,0.45072463768115945,
EIF4A2,USP9X,0.4087989897549082,15.947168833569654,892.9267579999996,1199.4882820000005,0.2795414021604969,0.2105661964991897,3.357934686215182,1,0.1444977398841547,0.200871796468577,0.6181000000000002,0.2318840579710145,
EIF4A2,MATR3,0.4614253856112005,12.749545916020327,480.12504033333335,377.98681599999986,0.1459990705149632,0.1060352740685792,1.35190159545515,1,0.1417347250069135,0.1892217791139942,0.46839999999999976,0.571917808219178,
EIF4A2,YBX1,0.4285891764821232,3.6566959178627494,657.7413329999997,928.838989,0.0757786501541845,0.0563030463743298,0.2058831198402492,1,0.1414645508215721,0.3968261316206583,0.49910000000000027,0.5340599455040872,
EIF4A2,RPL27,0.4166100854105927,22.125867946470603,736.4766439999999,834.1142580000001,0.0392188871406536,0.0293823405213527,0.6501097863336821,1,0.1410704055785713,0.635454087684495,0.4876,0.5642384105960265,
EIF4A2,PMAIP1,0.3777321136230044,20.93041404121779,1337.366862,984.1826170000004,0.0678143604786159,0.0521934874660118,1.0924313029187385,1,0.1407472841813805,0.3255327194627683,0.5970999999999999,0.2766355140186916,
EIF4A2,IARS1,0.4395584983123721,45.49758121037852,359.3793337333333,365.5756835,0.0344386624188685,0.0253938871233829,1.1553604416433034,1,0.1396873806820347,0.1394311158304919,0.4772,0.5943152454780362,likely background
EIF4A2,RSL1D1,0.4598885713098222,11.616149520345733,285.8502604,236.1992798,0.4497285002169732,0.326974070193915,3.7981796886485375,1,0.1373382325456577,0.5916871092368395,0.4789999999999997,0.5922077922077922,
EIF4A2,THOC2,0.3207816348434261,6.617594713189221,1469.0390626666667,1840.1787110000005,0.2954300106164457,0.2365337913532189,1.565284767149664,1,0.1372846508750466,0.2895260678174903,0.6250999999999999,0.2156448202959831,
EIF4A2,RPL10,0.3096313327660798,16.168453033326937,1650.7929689999992,1721.5170900000005,0.0233635206075076,0.0188509599953778,0.304790861318391,1,0.1367752178075764,0.3590605940494464,0.6332000000000001,0.2097130242825607,
EIF4A2,TXN,0.1632992917317632,23.189570672953653,3450.711586666668,2599.65625,0.0773815247149607,0.0691008159894588,1.6024182559463225,1,0.135427373936897,0.0922323189843523,0.6756,0.14395886889460155,likely background
EIF4A2,SCAF11,0.4432573598951794,12.578436314323875,320.8339435999999,282.6943362999999,0.1796868195657345,0.1321556255661019,1.6623111197628446,1,0.1346277721601346,0.1816658013419568,0.46759999999999985,0.5609756097560976,
EIF4A2,FAM98A,0.3935591115136826,10.54817164482653,738.975382666667,700.2116700000001,0.0613940904318113,0.0467365637250532,0.4929852962612345,1,0.1327176332132162,0.2621126289991745,0.46539999999999976,0.5169738118331717,
EIF4A2,AAAS,0.4235168518316202,24.29248642084944,459.1328533333335,153.06518600000004,0.3073637766173007,0.229173631069161,5.567197320764354,1,0.131828401639917,0.1967951701906775,0.4883999999999999,0.5590969455511288,
EIF4A2,MYL6B,0.4517635467876822,4.5128030760808295,113.00061543333334,39.58239750000001,0.2356106355442772,0.1722676334493632,0.7774099061394514,1,0.1302385254650043,0.4906779002794986,0.4221000000000001,0.5989717223650386,
EIF4A2,NOP14,0.3898967099046385,24.397402916398992,498.54451533333327,589.8831790000002,0.1719174503027069,0.1312056904886528,3.2010780957760026,1,0.1297139869171063,0.1851544872628412,0.4756999999999998,0.5938697318007663,
EIF4A2,RPS15A,0.2177240610078028,44.06458440718986,2463.132159999999,1754.516599999999,0.0624995265924934,0.0537451141000754,2.368256116736825,1,0.1294389562994664,0.4212829398849387,0.6651000000000002,0.15403422982885084,
EIF4A2,RPL28,0.3931904800698201,15.091726684047504,498.22326666666663,609.57898,0.2566153282732797,0.1953996460593469,2.9489180524872847,1,0.1294181967589754,0.5464012691343875,0.47549999999999976,0.5936305732484076,
EIF4A2,RBM15,0.3647990870591306,64.3703877535802,635.226399666667,414.91919000000007,0.1292131542353754,0.1003447449109915,6.459230138954619,1,0.1290082846317825,0.139315226877469,0.5104,0.49787835926449786,likely background
EIF4A2,RPL4,0.413666566555296,7.307558503315112,487.7799073333333,249.33715899999993,0.2531388629814856,0.1900360700581815,1.3886996996902508,1,0.1287157118816514,0.7499292641552967,0.4675999999999999,0.5622222222222222,
EIF4A2,LARS1,0.4280278691520872,5.426570270558686,317.65673806666643,111.07507299999996,0.5330967131254678,0.3962415421839975,2.1502325727760065,1,0.1281563941632514,0.5759701720875354,0.46919999999999995,0.5855962219598583,
EIF4A2,0T10,0.3964436433875048,20.24623375785313,386.47534166666696,386.825317,0.2681425474062417,0.2037171548760847,4.12450513810598,1,0.1269853636718719,0.2017977979851656,0.47949999999999987,0.5903771131339401,
EIF4A2,YTHDC2,0.4318065036381693,4.212574131622171,98.1920318666667,119.5793152,0.589736235307678,0.4371941304758382,1.8417126845395648,1,0.1264115547169949,0.6885829886144422,0.46819999999999995,0.571753986332574,
EIF4A2,GNL3,0.4260902994881946,8.432190719811512,166.12996413333332,98.70532219999996,0.1529177307883185,0.1138138503997254,0.9597000931265804,1,0.1262298215711796,0.5255615984665487,0.4654999999999998,0.5200783545543585,
EIF4A2,EEF1A2,0.4117291535709371,3.243241762621787,331.8353268333333,50.24816899999996,0.2450219152303625,0.1841897123374211,0.5973717672980174,1,0.1236062441954124,0.4496305069257225,0.42210000000000014,0.5986277873070326,
EIF4A2,MAP7D3,0.2922585366984137,70.4500200157047,911.7340493333336,975.6679690000004,0.1153056537729147,0.0941619758739751,6.633713085039851,1,0.1230296479921254,0.1793908301266661,0.6441999999999999,0.1853546910755149,
EIF4A2,ABRAXAS2,0.4023268768207461,9.94051807679164,149.4888509000001,251.5485839,0.2411530031599552,0.1824666517151159,1.8138130497857543,1,0.1226073774879318,0.2071896985342993,0.4675999999999999,0.5622222222222222,
EIF4A2,PHF8,0.3577296491794371,10.718973085169738,706.6628416666663,560.471192,0.0418607574590096,0.0326680428810045,0.3501678723866588,1,0.1225895756179662,0.1324691218867804,0.4640999999999999,0.4913557779799818,likely background
EIF4A2,ANP32A,0.3434081592361636,6.08282636627557,735.3631183333332,773.189453,0.0156265255791438,0.0123165675627581,0.0749195419127598,1,0.121496757591867,0.1697238856677725,0.4663999999999998,0.5357512953367876,
EIF4A2,MTDH,0.400491820070444,6.833623537435167,189.10387163333348,152.4420166,0.1737043384734552,0.1315993987173089,0.8993007485869174,1,0.1210735993318375,0.3095902558372864,0.4654999999999998,0.5200783545543585,
EIF4A2,OAT,0.3546750442087348,6.409715227788615,474.0051266666667,743.7641600000002,0.0865126378913023,0.0676573718851491,0.4336644868443978,1,0.1207423053624778,0.2002250408985377,0.4651999999999997,0.5071090047393365,
EIF4A2,RPL39,0.2546337931388248,11.083186151473546,1362.168619666666,1692.2255860000005,0.0379046448836417,0.0317719348150142,0.3521342679472859,1,0.1198837665753533,0.1806490749425018,0.6114999999999998,0.258130081300813,
EIF4A2,NONO,0.2462400461214869,6.522434215993852,3042.4990266666664,-0.4296800000010989,0.1818202448821945,0.1532922715580411,0.9998387570575888,1,0.1171409550067186,0.1761003421414151,0.5398000000000002,0.41654135338345866,
EIF4A2,FIP1L1,0.3746555357498819,12.634750537740924,199.30670166666675,224.6552733999999,0.0417319064995234,0.0321876315286915,0.4066826947657417,1,0.1169401605950042,0.2480440587679679,0.4640999999999999,0.4913557779799818,
EIF4A2,RSRC1,0.3071353081381879,39.89729353855799,620.391357,741.0895989999999,0.1187610877346113,0.0959888384487562,3.829694864015248,1,0.1161539508432648,0.1398848198928688,0.4813,0.583224115334207,likely background
EIF4A2,RPSA,0.3556600282091881,32.173314958740185,252.3612463333335,245.2698971,0.0196210230313218,0.0153341852246457,0.4933515708681866,1,0.1161361946049171,0.1323838648946685,0.4674999999999998,0.5607064017660044,likely background
EIF4A2,0CA2,0.3475930467523818,0.8997410233371967,132.2727458,879.4386597,0.9032464360505464,0.7098616862494216,0.6386916800139226,1,0.1160003965182237,1.159596144262674,0.5223999999999998,0.4668587896253602,
EIF4A2,CLPTM1L,0.3801386365762441,6.252923503725246,113.76388549999996,92.4189758,0.0776561149269527,0.0596686022064384,0.3731032051710712,1,0.1147933955858836,0.2168038193875127,0.4655999999999998,0.5301204819277109,
EIF4A2,RPL26,0.2131507388223586,170.23326490647273,905.791341,622.9511709999997,0.0849117111137932,0.0732498219220934,12.46955633961568,1,0.1144824673094933,0.598455589753289,0.7016000000000001,0.10119047619047619,
EIF4A2,SUPT5H,0.3131261182827271,18.17443007135948,595.5504559999995,723.1870119999999,0.0664203183213424,0.0534618636866657,0.9716389030578592,1,0.1140570800614308,0.2622157298116107,0.4666999999999998,0.5456475583864119,
EIF4A2,LUC7L3,0.2404540197366213,72.83244371235534,992.7034506666668,1105.316895,0.050664224163097,0.0428865588233046,3.1235328815149503,1,0.1140029413744777,0.171589331549807,0.6395,0.18693693693693694,
EIF4A2,RO60,0.3756497736513253,9.69687032549215,123.18874103333336,36.291747999999984,0.4192556533599955,0.323147220757493,3.1335166957285954,1,0.1136994255884158,0.2663809205521033,0.42710000000000015,0.5948581560283688,
EIF4A2,MMS19,0.3367063855115766,40.30802431114324,254.9119059333334,251.21386729999995,0.1036642267038536,0.0820868574056226,3.308759043931185,1,0.1130306268451849,0.1749866770391414,0.4765999999999999,0.5958815958815958,
EIF4A2,RPL10A,0.3466716247315673,7.055310714531094,245.51527870000007,364.3198847999999,0.1092697407930871,0.085929991820874,0.6062627919933818,1,0.1119632347755847,0.6831963941788329,0.46509999999999985,0.49675625579240035,
EIF4A2,TXNDC9,0.3311211022233785,17.7762591440151,419.277791,362.79577600000016,0.0534800342155805,0.0425126076617556,0.7557151306832107,1,0.1118787067593203,0.1296436306168938,0.46649999999999986,0.5424973767051416,likely background
EIF4A2,RALA,0.3326716417292693,9.16247732763042,377.5192466666665,415.473023,0.0375843349406141,0.0298446283784792,0.2734507308693714,1,0.1111840646639342,0.267939549732737,0.46419999999999995,0.4926873857404022,
EIF4A2,MLLT11,0.3539691808178836,8.34410879821541,208.42114246666677,167.03582759999995,0.1329655547304014,0.1040368530181526,0.8680948206074113,1,0.1110821776475909,0.2103789934512029,0.4654999999999998,0.5200783545543585,
EIF4A2,OLA1,0.3495968862379647,5.665154878153566,153.66190593333317,329.6032715,0.4062082312353502,0.3187960845407139,1.8060291934720825,1,0.1109742915250585,0.2956343900100813,0.4679999999999999,0.5688487584650113,
EIF4A2,SART1,0.3030612753654534,13.94948553966047,488.1384680000001,702.878784,0.1180372879203676,0.0956736203137901,1.334597783094181,1,0.1097113446480859,0.2614636850949719,0.4683999999999998,0.5725714285714286,
EIF4A2,NBN,0.3316834429971917,1.7779628582807447,581.8232419999999,173.61254800000006,0.9344807949079442,0.7425525022337087,1.3202307692949635,1,0.1095071039077789,0.9217365334517942,0.49570000000000014,0.5391891891891892,
EIF4A2,IRS4,0.2510648157981044,50.53489044214013,686.6921386666663,845.4042969999996,0.1629130889581843,0.1368931090824912,6.91787826976763,1,0.106819533575556,0.204589742289443,0.5353,0.4323922734026746,
EIF4A2,RPL18A,0.3274510444872426,11.12362216777743,192.2102863333332,243.13134749999995,0.3255269387577482,0.2594285741488162,2.8857854383566632,1,0.1061206056079337,0.6996415088071628,0.47399999999999975,0.5909661229611042,
EIF4A2,BRI3BP,0.2971119800493708,13.840668058024482,445.4731850000003,519.1583249999999,0.0715034631788093,0.0581957129950588,0.8054675459646707,1,0.1057169478721673,0.2477914469685577,0.4666999999999998,0.5456475583864119,
EIF4A2,UBAP2,0.3121404903083238,28.668348438943227,223.24558509999997,236.4637451,0.0793297755770226,0.0638963533720574,1.8318029224479877,1,0.1053120654678036,0.1144458811281625,0.47009999999999985,0.591566265060241,likely background
EIF4A2,SLU7,0.1431164603995917,4.348714929520737,1659.6822866666644,2401.4921799999975,0.0897919456178275,0.0813128095729793,0.3536062289512918,1,0.1052494022081532,0.1768123742260627,0.6487000000000002,0.18181818181818182,
EIF4A2,TUFM,0.2877153044287289,12.307831717333675,528.2062176666673,518.4472659999997,0.1253247034028893,0.1026666299290354,1.2636036041523409,1,0.1043171317447455,0.1308412656178166,0.4666999999999997,0.544973544973545,likely background
EIF4A2,RPL13,0.2603627893887653,3.5575838139427596,844.4565429999993,806.1459959999993,0.107817491968916,0.0900151981044515,0.320236611785248,1,0.1038916537487162,0.4487627730265023,0.5414000000000001,0.4057315233785822,
EIF4A2,RPS11,0.1640306087166414,15.745537898490367,1659.5436200000022,1739.1591800000006,0.0385538508577993,0.0344106998763622,0.5418149790168393,1,0.1038789877997697,0.449219520782642,0.632,0.2096069868995633,
EIF4A2,YY1,0.3047503000878373,18.598289615424054,242.06345593333344,282.53784100000007,0.254379801002518,0.2059430582493092,3.8301886416067994,1,0.1030072542536185,0.1639331768505767,0.4784999999999999,0.594559585492228,
EIF4A2,FECH,0.3181386501972152,10.2449213646384,147.83787026666664,150.62506099999996,0.087980881036866,0.0705703893765374,0.7229880898345399,1,0.1022942213836944,0.1623493050188334,0.4655999999999998,0.5301204819277109,
EIF4A2,RPL30,0.3298921833079815,6.1269881007934535,182.91328936666665,-125.17333989999996,0.5182719662309935,0.412338352009228,2.5263921762613224,1,0.1016129145856519,0.5128095320454458,0.4235000000000002,0.5886402753872634,
EIF4A2,IPO8,0.3006746796557612,23.39189726649313,267.4388426666667,147.16687000000002,0.120541550221512,0.0978651803602302,2.289252244953327,1,0.1014565377185566,0.1508286309753772,0.47059999999999996,0.5956151035322778,likely background
EIF4A2,C1orf131,0.2509241580242766,9.517797445896417,479.0968426666668,956.595459,0.2272651874972013,0.1909857071251309,1.8177632754782915,1,0.1000774072914456,0.2355749029446805,0.5020000000000002,0.5273972602739726,
EIF4A2,RPL24,0.2531441542250527,11.720694890607964,716.9540203333336,641.2583009999998,0.1125446295013985,0.0944331411999155,1.1068220355659102,1,0.0999750406301046,0.3950521347598796,0.4652999999999997,0.5154440154440154,
EIF4A2,CALM1,0.2020169727702726,71.94677298584472,684.506672999999,932.779297,0.1231903681515182,0.1070945474937236,7.705107096552702,1,0.0995660929583533,0.2293974314148892,0.5523000000000002,0.3869426751592357,
EIF4A2,ZNF326,0.2860092768977845,7.658069098930833,267.5533849999997,456.1160889999999,0.1591181580873475,0.1305046341255725,0.9994135058643212,1,0.0995564468586953,0.2202641354295969,0.46509999999999985,0.49675625579240035,
EIF4A2,EXOC7,0.2891480759419839,20.86831730835784,260.68607533333375,231.16479400000003,0.0396549774725336,0.032453311450685,0.6772460010598582,1,0.0993847182769344,0.2316524376706319,0.4655999999999998,0.5301204819277109,
EIF4A2,NT5DC2,0.2459848105027388,16.252627051953834,808.3444013333328,501.1625979999999,0.0800489313907916,0.0675010291653754,1.0970690526479048,1,0.098395215263024,0.1299402483565807,0.4677999999999999,0.5629877369007804,likely background
EIF4A2,RPS6,0.2024803920931523,18.133176735556287,1047.724446666667,1093.5356440000005,0.1052321469779401,0.0914533321435168,1.658339434813922,1,0.0983906834731756,0.3847693861394714,0.6101999999999999,0.26156941649899396,
EIF4A2,RPL21,0.301260864211328,15.433983697144846,117.3219198,78.02844239999996,0.201305719793281,0.1633695386923477,2.52144279678777,1,0.0979652984941428,0.8080270029407918,0.4714999999999999,0.5945945945945946,
EIF4A2,RPL27A,0.1540784278649189,125.53065370701212,892.7783203333356,736.9594729999999,0.1215293760569354,0.1092201937917007,13.71048232467874,1,0.0961049437356689,0.5970187428019478,0.6339000000000001,0.20353982300884957,
EIF4A2,SRRM2,0.2224393506702375,80.87275423695513,354.2146810000004,366.17016600000034,0.0756649173591678,0.0648540896741064,5.24492885547546,1,0.0950391892493956,0.4555014845983254,0.5053999999999997,0.5020632737276479,
EIF4A2,0F1,0.2944087150751436,3.878048694353767,69.1533609666667,63.35687250000001,0.3119612958296124,0.2543773289156856,0.9864876682746734,1,0.0941005840017411,0.3036002396370823,0.3809,0.7086419753086419,
EIF4A2,LIMD2,0.2981591936365686,1.524677640297324,58.026677466666655,-4.535186699999997,0.3341045710948266,0.2717259331423525,0.4142944545510704,1,0.0937165785449454,0.5234085585509598,0.33699999999999997,0.8337273443656422,
EIF4A2,RPL37A,0.2802180415049634,6.56151855611534,127.58795169999996,212.3551026,0.2277786439765633,0.1875696394587196,1.230741669872253,1,0.0936412808406276,0.2484188139553072,0.46679999999999977,0.5498392282958199,
EIF4A2,TRA2B,0.2679967470299538,14.75577968085494,207.36875413333337,271.90570020000007,0.0943506143447159,0.078356184368778,1.156206593178138,1,0.0935915397200835,0.1371322708603562,0.4673999999999998,0.5551912568306011,likely background
EIF4A2,BYSL,0.1541830059854219,207.44046996979887,153.94954400000006,287.46301199999994,0.1784936456656138,0.1604031722949331,33.27410944550756,1,0.0935511971443164,0.296069306135001,0.6238999999999999,0.21428571428571427,
EIF4A2,RBM27,0.1582020789662659,20.796697852705563,1162.3756513333335,1353.3574200000005,0.0576011320018655,0.0516192082836025,1.073509078069958,1,0.0930156157900457,0.1704257151224636,0.6061999999999999,0.25862068965517243,
EIF4A2,TMEM33,0.2334611767856279,12.690304705839306,501.9067383333326,576.3371579999998,0.0477693804788888,0.0406325881313901,0.5156399243742104,1,0.0923865998673681,0.1761843960578813,0.46489999999999987,0.4944649446494465,
EIF4A2,PRPF40A,0.2482554895453051,9.48381669432346,316.3046873333333,463.5847170000002,0.1095248793791708,0.0922112885862781,0.8745149580996233,1,0.0918619016160009,0.1491147633566372,0.46509999999999985,0.49675625579240035,likely background
EIF4A2,TXLNG,0.260048554509058,34.97451997800406,281.4749753333331,-43.81115799999998,0.4933592875576854,0.4119879555774119,14.409080983039242,1,0.0917359540785725,0.2777837443559818,0.4506999999999999,0.5452898550724637,
EIF4A2,MRPL34,0.2604590431294434,16.261893884209336,277.1799723333336,171.73535100000004,0.2198056385503861,0.1835001695728262,2.984060285327718,1,0.0917262383779157,0.1718647544634564,0.4750999999999997,0.5911392405063292,
EIF4A2,TBCA,0.2621689527615272,21.849768272951504,134.61993410000002,178.39666750000004,0.1409969670236847,0.1175689591254758,2.568854512983755,1,0.091307030519084,0.2375601415550925,0.4716999999999999,0.5940959409594095,
EIF4A2,GTF2F1,0.213702300545718,9.388366656196505,789.6427410000015,541.15625,0.1074947476006138,0.0926958277060605,0.8702624180041145,1,0.0903571545684681,0.1339198630742144,0.46559999999999974,0.5305917753259779,likely background
EIF4A2,RPL8,0.2438808653772305,9.162393997561852,321.0730389999999,410.411744,0.1129508518046661,0.0953844812446038,0.8739501984161089,1,0.0902603196539176,0.6978471046774342,0.46509999999999985,0.49675625579240035,
EIF4A2,DARS2,0.2527704369632458,9.8073718669645,291.8642986666666,247.8466800000001,0.0983180928458419,0.0825174135836089,0.8092789605145603,1,0.0901478342371092,0.1856112129748392,0.46509999999999985,0.49675625579240035,
EIF4A2,PUF60,0.1874486011893989,15.52197773072398,974.9988606666666,780.2783200000003,0.1258019867919315,0.1104749114633046,1.714789115537117,1,0.090136384991054,0.1227508555398545,0.5502,0.3893249607535322,likely background
EIF4A2,RPL6,0.2405472368969155,37.127459623429274,220.63468466666677,226.2437749999999,0.0406962913554467,0.0344466169894126,1.2789153814381504,1,0.0900207035900506,0.8762207768549478,0.4681999999999997,0.5709421112372304,
EIF4A2,RPL17,0.2084833387556232,11.730599398552233,753.7654623333319,598.4306640000004,0.0398314727727484,0.0344723098604134,0.4043808573152716,1,0.0897385834372471,0.4423041604746266,0.4641999999999999,0.4922374429223744,
EIF4A2,DIMT1,0.242232568788122,58.84651650513971,82.46201580000002,12.422363200000008,0.2734096035071887,0.2311522726211262,13.60250602599966,1,0.0892904300710216,0.4046659811678176,0.3866000000000003,0.6959798994974874,
EIF4A2,NUP88,0.2551506885988027,28.511603155725457,154.39853926666672,-20.621276800000032,0.297806104644253,0.2495337103759478,7.114606124214755,1,0.0885382343478567,0.1771249806125335,0.44600000000000006,0.5591689250225835,
EIF4A2,PES1,0.2570201164290813,9.646856680611045,115.08074953333336,180.3350829999999,0.1718371584732597,0.1437970419409095,1.3871894546997696,1,0.0882655481792916,0.2679001237855412,0.46779999999999994,0.5636160714285714,
EIF4A2,BAIAP2L1,0.33314763178134,2.517493873924498,528.6835123666663,-1674.0079958,1.417197674323846,1.124984265516356,2.8321409966988775,1,0.087887422235771,0.8050916365222646,0.4773000000000001,0.5950840879689522,
EIF4A2,C9orf78,0.2516557678980697,7.183605917458879,137.07464600000003,183.14624019999997,0.1565550584906101,0.1314966890422029,0.9446203935298187,1,0.086995093593147,0.182016880022289,0.4654999999999998,0.5200783545543585,
EIF4A2,RPS8,0.2057668696233087,39.93805885013148,426.59724933333337,384.4113769999999,0.0683961103495125,0.0593052539787928,2.368536723527023,1,0.0867041927528398,0.559471978654475,0.47259999999999996,0.5923172242874845,
EIF4A2,PKP2,0.2073185938208437,5.609808812655388,332.3129071333333,818.0615240000002,0.6011757997564003,0.5207102612108172,2.921085012180532,1,0.0863125902879462,0.3832002764848792,0.493,0.5498652291105122,
EIF4A2,ELOVL1,0.2536486594597713,6.785098143340113,78.93522139999999,60.49630739999998,0.1966013702466165,0.1649051915366719,1.1188979089226183,1,0.0852988029274875,0.193586593155785,0.38020000000000004,0.7081967213114754,
EIF4A2,RBMX2,0.2385108128347075,8.022214830118193,211.11814413333352,197.25781300000017,0.0649925779566873,0.0550894626213812,0.4419395040244868,1,0.0851372835519041,0.2288010835302398,0.4655999999999998,0.5301204819277109,
EIF4A2,RPS3A,0.137451942425722,76.58915928812024,607.5423179999998,928.3491219999996,0.1172903817142911,0.106632401533757,8.166885986343718,1,0.0845609087730185,0.6846914793086529,0.5529000000000002,0.38596491228070173,
EIF4A2,SLC38A2,0.2476228557793665,2.788500525394612,57.97606406666665,119.78546139999996,0.9132598547276018,0.7692298311357619,2.144997788271281,1,0.083827081245995,0.5032012258477889,0.4161999999999997,0.6186440677966102,
EIF4A2,CPSF7,0.1327771715557056,7.525205167638925,564.1476239999993,1751.8666990000002,0.3236731602554102,0.2952165753407715,2.22156529832704,1,0.0831222382982015,0.2965190159531559,0.5375000000000001,0.4260089686098655,
EIF4A2,RBFA,0.2336185067031693,9.887623133691688,111.65500896666664,133.35577390000003,0.1236466731571075,0.1051622698191484,1.0398048918553393,1,0.0823865435938731,0.1302155538296807,0.4654999999999998,0.5200783545543585,likely background
EIF4A2,RDH11,0.2437718027724092,8.934979754202114,50.77144366666664,-4.9064025999999785,0.4229730246868631,0.3572183120320212,3.1917383858363633,1,0.0822593332170199,0.2879754607109255,0.3395000000000001,0.8267090620031796,
EIF4A2,BAG2,0.1433488020582453,23.00498447365128,977.9817699999984,860.5146480000003,0.0651585170841657,0.0589960363778846,1.3572029008802018,1,0.0820846733056472,0.0710709422593934,0.5843999999999995,0.3155080213903743,likely background
EIF4A2,SLC25A5,0.1472536319579861,83.65375493882766,420.90169233333336,619.3972159999998,0.0808303293020122,0.0729878396871342,6.105706854701964,1,0.0820132337108921,0.1183978693432074,0.5106999999999998,0.4985835694050991,likely background
EIF4A2,HMGN4,0.2254493323017639,4.997546647852274,160.17462173333308,257.62799099999995,0.0816397821285052,0.069829436940138,0.3489758685015988,1,0.0818624517852808,0.2571079234006632,0.4651999999999997,0.5071090047393365,
EIF4A2,EPRS1,0.2233221230468974,14.227837966634524,225.9287926666666,120.11975099999997,0.1080323285534838,0.0925402779264981,1.316648079725541,1,0.0818031171704071,0.1965852032061932,0.4685999999999998,0.576036866359447,
EIF4A2,TIMM50,0.2161918292157401,21.62645378791016,247.87727833333315,134.72644000000014,0.1729954128391196,0.14892173958402,3.2206491191290016,1,0.0816133555387977,0.1338088883937608,0.4752999999999997,0.5913705583756346,likely background
EIF4A2,MRRF,0.2019229189575919,8.100318854311313,325.38574199999994,482.092529,0.1838504667231581,0.1598393324191215,1.2947495580551434,1,0.0814457029462327,0.1554615790262262,0.4666999999999997,0.544973544973545,likely background
EIF4A2,RPL9,0.1670851257324772,11.077126700962143,573.8805339999999,878.6914059999999,0.0818452288918953,0.0728953123057901,0.807470610317442,1,0.0813973747653213,0.29281470085786,0.4990000000000003,0.5333333333333333,
EIF4A2,PNN,0.2139389277195164,6.7540684112165,207.17323799999983,217.50537099999997,0.0975138315129697,0.0840752042406461,0.5678496811283239,1,0.0795599653003904,0.1344783641165575,0.4654999999999998,0.5200783545543585,likely background
EIF4A2,RBMX,0.1365556064135883,36.348178289876465,838.6302096666659,756.8427730000003,0.0819370440718902,0.0745378582332697,2.7093153604084237,1,0.0795454030829199,0.1191358321683732,0.5319000000000002,0.4390602055800294,likely background
EIF4A2,HNRNPU,0.1294827999592823,26.20122610249352,782.393066333334,1063.503906,0.0602986192603783,0.0551230362496456,1.4442911362329125,1,0.0794581871807233,0.3157678131436266,0.5301999999999998,0.44169096209912534,
EIF4A2,TRAF2,0.2085798390774496,36.56186799721556,84.61273189999997,81.79327390000003,0.0490070882700513,0.0424105466379158,1.550608807865235,1,0.0794172914779519,0.1863674018086081,0.38690000000000013,0.6948868398994132,
EIF4A2,RAB21,0.2264243099830944,12.09336111066952,96.9051410666666,-86.50448599999999,0.5316185248888716,0.4544052173211425,5.495286383636836,1,0.0783282045009677,0.3189672843011101,0.4384,0.572841726618705,
EIF4A2,CSNK2A2,0.1995794152232791,10.848055381661394,193.5320233333332,294.57116699999983,0.1640621597829346,0.1428672929712758,1.5498323063804431,1,0.0775865973057937,0.1551758121405585,0.46739999999999987,0.556407447973713,likely background
EIF4A2,DHX16,0.1848831295423459,55.91604994434163,105.96984870000006,124.9783936,0.0680732995229453,0.0598859928805967,3.348588168877935,1,0.0774133223944614,0.1543329394188798,0.49699999999999983,0.537940379403794,likely background
EIF4A2,EIF4B,0.1026572496258825,18.97384247612328,1487.3515599999992,761.7363299999997,0.0762352113426343,0.0709997373070481,1.3471378315100644,1,0.0770156461295314,0.1120950701117023,0.5498000000000001,0.38810641627543035,likely background
EIF4A2,RRP12,0.2052853502776762,11.261657272790004,148.63079840000012,162.68432599999994,0.065747928154705,0.0570280853292436,0.6422307519013652,1,0.076892316404396,0.2035132515396301,0.4655999999999998,0.5301204819277109,
EIF4A2,PCBP1,0.1788082569959228,19.79581426529015,310.9119463333336,418.4409169999999,0.1036468038380028,0.0915657595235834,1.8126187685890816,1,0.0768745947920449,0.1050332570892566,0.4688999999999999,0.5765661252900232,likely background
EIF4A2,PDCD5,0.2190789955890745,21.21882855380318,412.57014966666657,-531.4272460000002,0.6449844501248108,0.5541197459046825,11.75777188662844,1,0.0763895754797442,0.4067335119800869,0.44610000000000005,0.5596745027124774,
EIF4A2,MRE11,0.1963379591303112,5.644094679528156,210.6354980000001,238.22778300000004,0.0625189481995664,0.0545647083663759,0.3079683801806679,1,0.0756822619361463,0.1488568013396896,0.4651999999999997,0.5071090047393365,likely background
EIF4A2,IPO5,0.1901388909677477,3.854455178821394,323.0046186999998,224.58105499999965,0.5990417288401932,0.5250774570386805,2.0238875235651097,1,0.0751679041657184,0.355788512779857,0.46589999999999987,0.5363357215967247,
EIF4A2,WBP11,0.1948208520566469,12.9566981361521,228.0967609999998,115.26513599999998,0.0993524373081139,0.0868031328514991,1.1246819896291826,1,0.0751103190514529,0.1286064229001215,0.4656999999999998,0.5361875637104995,likely background
EIF4A2,RPL7,0.1862093970827154,16.229139718116144,212.0758056666666,250.1501470000001,0.224098770625252,0.1969648261899813,3.1965696837916697,1,0.0749766785351297,0.8404168033088559,0.4749999999999999,0.5903919089759798,
EIF4A2,RPL35,0.0644477462300181,18.59047999379232,1095.1900999999998,1710.8847600000008,0.0580011670293503,0.0554677028706002,1.031171220517511,1,0.0747440044976663,0.2556001311988327,0.5747000000000001,0.3241852487135506,
EIF4A2,RPS24,0.091794978015731,57.03265492472157,887.0957066666651,811.0351599999995,0.06820598088827,0.0640019921808821,3.6502035345469777,1,0.0733692914464701,0.1136732258016112,0.5623999999999998,0.35927152317880795,likely background
EIF4A2,SAP30BP,0.1583295335608223,37.44762973189315,290.33593733333237,325.24780299999975,0.014651357476554,0.0131286423526244,0.4916365377035292,1,0.0733033250345112,0.2157387926017869,0.4674999999999998,0.5607064017660044,
EIF4A2,COG2,0.2077050836024414,0.4715227712423804,65.92366536666671,0.0,1.886091084969522,1.414213562373095,1.3336677961174417,1,0.0731258665311722,1.134945026924291,0.3929999999999999,0.6756529064869419,
EIF4A2,DDX21,0.1644058285034184,7.778471651275833,383.1249186666669,428.6040039999998,0.0894024128577731,0.0797741213323465,0.6205207412890966,1,0.072908452698608,0.520886569508966,0.46509999999999985,0.49675625579240035,
EIF4A2,UPF3B,0.1966514709769588,7.8514047944565695,79.11023966666664,94.57269279999991,0.0579078690436095,0.0505293116163937,0.3967260794855439,1,0.0728670316269835,0.2403042508354012,0.3799,0.7052117263843648,
EIF4A2,PAXBP1,0.1799843726034118,19.41843835343569,242.36254900000017,105.00244199999996,0.0850903122044984,0.0751109501486819,1.4585373551301617,1,0.0726610023478618,0.1176694449026597,0.46939999999999993,0.5878859857482185,likely background
EIF4A2,MAP7,0.1034127791710873,89.6509097870232,827.5634800000025,157.22364000000016,0.1310227454987773,0.1219608351584047,10.93389983033615,1,0.0721918559822214,0.0855413334832611,0.5766999999999999,0.3229706390328152,likely background
EIF4A2,ZNF638,0.1395321099753159,19.54832450842379,420.6623533333331,678.8972169999997,0.1771862531097544,0.1608535375548345,3.1444171504498395,1,0.0721914924126329,0.1370486553331823,0.47509999999999974,0.5918884664131813,likely background
EIF4A2,SRSF10,0.1825593465864161,10.11248901950414,168.62500000000023,164.20239300000003,0.1063569945695515,0.0937160648021683,0.9477026762630656,1,0.0718109408140492,0.2722897711586912,0.4654999999999998,0.5200783545543585,
EIF4A2,ACTA2,0.1356701600810992,17.555791565032678,856.9205729999976,302.45019499999944,0.0311076627589512,0.0283159115820467,0.4971082417083069,1,0.0717171347707848,0.5215164438542055,0.5205000000000002,0.46628407460545196,
EIF4A2,MAP1B,0.1700563063552737,15.901068945305497,125.48451760000012,296.8685915000001,0.1833110217950559,0.1629297492461501,2.5907571760043693,1,0.0707955627859633,0.1442881891126322,0.4733999999999999,0.5917602996254682,likely background
EIF4A2,TUBB8,0.1790596067707391,0.453164878505297,417.9765623333333,0.0,1.8126595140211883,1.4142135623730951,1.2817438343466938,1,0.0706737697922569,1.8890765008360169,0.4736999999999999,0.5919899874843555,
EIF4A2,SSB,0.1789297152830781,5.900218517654349,225.7174070000001,83.76586900000007,0.1245389279603285,0.1100134407941287,0.6491033405643885,1,0.0701364983089998,0.9278826649496176,0.4654999999999998,0.5200783545543585,
EIF4A2,ATP1A1,0.1642916449565186,14.031245402258945,395.1867676666666,92.46191399999998,0.1078263712419053,0.0962215064982168,1.3501075706515338,1,0.0699750490948028,0.1742441404030613,0.46879999999999983,0.5745664739884393,
EIF4A2,TRAF3IP1,0.189470514405418,5.927655082996413,32.66705329999999,13.536132899999984,0.1121076553586196,0.09831114858843,0.5827545796454229,1,0.0694923210697702,0.2246277061334515,0.33330000000000004,0.8554778554778555,
EIF4A2,RPL18,0.1502264907402575,37.1070384866988,190.39457199999993,250.115235,0.1200437963037584,0.1081735182195286,4.013998903813663,1,0.0693846856349655,0.7444088472407614,0.4799999999999999,0.5885416666666666,
EIF4A2,RPL14,0.1638634664182766,5.155629603213956,168.84000633333335,346.1875,0.1048850613023219,0.0936245394686188,0.4826934472716849,1,0.0689925241632875,0.7807549192668967,0.46509999999999985,0.49675625579240035,
EIF4A2,KNOP1,0.1789205694276892,9.96436483279457,89.86448159999998,-12.37066649999997,0.1416506854284784,0.1251301768974942,1.2468427341987558,1,0.0680026636476482,0.250762021643003,0.4217000000000002,0.601018675721562,
EIF4A2,COPS5,0.169637537738173,13.344183629073278,194.20515966666676,19.957153000000066,0.3981632499024902,0.3539965638751172,4.723795152410531,1,0.067932646990184,0.2631510090774932,0.43410000000000015,0.5813953488372093,
EIF4A2,SPART,0.1709841350908035,5.566119789887587,95.32853186666672,67.14971919999994,0.0893201397566018,0.0793381186966797,0.4416054725700392,1,0.0665814994995664,0.3179393873337298,0.4654999999999998,0.5200783545543585,
EIF4A2,NSA2,0.1698894730107852,8.902824442389326,45.531336466666744,53.25643919999999,0.3398241657703365,0.3020760492133554,2.689330034397061,1,0.0660507555210665,0.258060647443073,0.33980000000000005,0.8257756563245824,
EIF4A2,CIR1,0.0918485957576068,17.959006235026482,674.231770333332,846.2373059999991,0.0349596077574302,0.0328035951962162,0.5891199706601321,1,0.0659940194174196,0.249507340661174,0.4465,0.5601809954751131,
EIF4A2,TM9SF3,0.1558379385399145,16.795046488484907,150.52950066666654,34.95007399999986,0.1497227670024503,0.1343939903554977,2.2571533157935773,1,0.0649313296185541,0.1706425575794103,0.4229000000000001,0.5915735167669819,
EIF4A2,SURF4,0.067385335423829,44.74803517409078,456.4680986666681,1132.5859340000006,0.0860620044924828,0.0821354412627867,3.675399614666646,1,0.0648869221482524,0.0563143811637474,0.5078999999999998,0.4986072423398329,likely background
EIF4A2,SLC39A14,0.1662353635316247,10.208136290056949,78.80611153333325,-54.68395989999999,0.3264974152776411,0.2909656940560378,2.970217460655046,1,0.0645294184939,0.2246764564527016,0.34180000000000005,0.8208,
EIF4A2,KIF5B,0.1571519377575847,17.830725195282284,621.1796876666676,-521.6035160000001,0.5084354940620393,0.455965841404398,8.130201616517486,1,0.0643564286153357,0.3109360107754848,0.4453000000000001,0.5590622182146078,
EIF4A2,RPL36A,0.1070435396544672,26.136766426610997,496.8390299999992,416.6142579999996,0.0692842463680458,0.0643302461924753,1.6813846188991082,1,0.0635327295981542,0.2419887331719637,0.46969999999999984,0.5904191616766467,
EIF4A2,DDX41,0.0960554127716513,24.002627440279785,495.83382166666706,610.0009769999997,0.0446522874542063,0.0417765156113458,1.002746139972167,1,0.0629724474996596,0.2413760157540803,0.4658999999999998,0.5357873210633947,
EIF4A2,PLD3,0.131173692268688,37.421609560629626,113.19441733333338,115.66516100000013,0.0363192402435462,0.033162976601975,1.2410119622674065,1,0.0626375745480595,0.0710782169027182,0.4680999999999998,0.5696489241223103,likely background
EIF4A2,RPP25L,0.173898063104142,1.5953626886599597,114.33510346666674,-311.3371579999998,0.1370912728010326,0.1215248588159278,0.1938762254996005,1,0.0625306447537727,0.4976846425752985,0.42200000000000015,0.598458904109589,
EIF4A2,RBM33,0.1224810691000791,10.821634367157,269.3024086666669,390.835693,0.1504906492170346,0.1382429617053083,1.4960147854077337,1,0.062025663962023,0.12055596799739,0.46739999999999987,0.556407447973713,likely background
EIF4A2,HMGN2,0.0893795987124806,12.42032291990547,640.0273433333332,648.2636739999998,0.1312785959165797,0.1233934380568074,1.5325863468629013,1,0.0619830410667615,0.1887045676860523,0.4266000000000001,0.5924295774647887,
EIF4A2,TUBA1B,0.1499900549820435,5.0251293999442685,42.51678473333328,119.23080449999998,0.2810751741974143,0.2533231600920048,1.2729816594651222,1,0.0617221809467946,0.4668983812847105,0.3794000000000001,0.7051177904142973,
EIF4A2,MYH10,0.0822262446576435,38.43363310014442,487.4879556666656,588.5146480000003,0.0492325087156673,0.0465054126984385,1.7873719688225864,1,0.0614486748290136,0.1256210370125068,0.4290000000000001,0.5909090909090909,likely background
EIF4A2,RFC1,0.1515996318290335,11.090638972407426,56.20386759999991,-30.398590000000013,0.2058944675572744,0.1853585188254182,2.055744412752899,1,0.061338658512267,0.1768363569661738,0.33629999999999993,0.8307210031347962,
EIF4A2,CWC22,0.1470350034620835,9.339912671868358,64.22013346666665,-10.124328600000013,0.0901269575588154,0.0813948048791887,0.7602203695153874,1,0.0603885225851642,0.2268043474579556,0.3362,0.8294209702660407,
EIF4A2,GATAD2B,0.1404113312384959,15.250192893999872,50.96460976666668,54.09527579999997,0.1109212373835168,0.1006353643920178,1.5347087189362374,1,0.0602794896702054,0.0972289865098821,0.33399999999999996,0.8364485981308412,likely background
EIF4A2,OGT,0.1396076635473557,13.301158036284017,74.40209963333336,61.471252400000026,0.1000782697865118,0.0908484739319099,1.2083899091235628,1,0.0601870881251612,0.1972042600318564,0.3811,0.7080231596360629,
EIF4A2,RRP1B,0.1310463235392185,20.186265306432595,152.11967000000004,-0.2797849999999471,0.169301354310926,0.1546021481007067,3.1208399785052494,1,0.0593603494003034,0.3020523786416215,0.42719999999999997,0.5953859804791481,
EIF4A2,SNRPA,0.1327776256550887,12.261711612912444,96.19567853333342,106.12268000000006,0.0603303722697028,0.0550262501542936,0.6747160105319273,1,0.059260553157986,0.1507726505820841,0.46549999999999975,0.5180487804878049,likely background
EIF4A2,RBBP7,0.0746601960146469,42.35144949705128,548.5598963333323,434.09180000000015,0.1003224758598364,0.0952636916028525,4.034555423820875,1,0.0591755681769218,0.0811500400722228,0.4402,0.5733573357335734,likely background
EIF4A2,NOC4L,0.1449746582627815,4.269792142035716,89.60080986666662,-40.39141840000002,0.0522552082327364,0.0472597902407366,0.2017894810041535,1,0.059169630058183,0.3037895034448876,0.4216000000000001,0.6013570822731128,
EIF4A2,MRPS17,0.1375551770107749,8.798462222894846,73.27512616666672,42.896728499999995,0.0526370042306564,0.0478505437941889,0.4210112019181468,1,0.0588765858484935,0.2459599461536576,0.3361,0.828125,
EIF4A2,HNRNPM,0.0749055261716817,15.786610234669306,721.9641900000006,528.0156200000001,0.0781333532493661,0.0741808450400072,1.1710640875249965,1,0.0586999490863613,0.1467681397474909,0.4267000000000001,0.5934744268077602,likely background
EIF4A2,CHD4,0.1250169445488516,22.118074865412726,98.2001949999999,78.34521400000017,0.0456666472471151,0.0418763923295257,0.9262251806378454,1,0.058540367727052,0.1288374702482024,0.4667999999999999,0.5522066738428417,likely background
EIF4A2,RPS21,0.1301169396109051,12.262093243424507,67.46899416666656,105.6166382,0.0636640339001438,0.0581740124739428,0.7133351652996273,1,0.0583168539825474,0.0841386587739387,0.38010000000000005,0.7076167076167076,likely background
EIF4A2,DUT,0.1229381523587433,19.96498918013246,107.1726073333332,104.13439900000004,0.0767441062224745,0.0704759517103856,1.4070516133573878,1,0.0581762261610006,0.0964700457044482,0.46939999999999993,0.5878859857482185,likely background
EIF4A2,ATP2B1,0.1040546747476422,50.93970742710947,78.97444633333293,112.83520500000007,0.0688583104622759,0.0640673594659665,3.26357254682379,1,0.0578811530853441,0.292903757445163,0.4115000000000002,0.628595600676819,
EIF4A2,RTCA,0.1317112967723723,3.8167247885521625,28.384379066666668,135.83636470000002,0.3284101589541108,0.2997584924590223,1.1440956687473771,1,0.0574255077004893,0.5593695704132541,0.37830000000000014,0.7112733171127331,
EIF4A2,CDK11B,0.0980836388070581,21.39351658427516,249.6003416666667,366.2541500000002,0.0171973135881941,0.0160671389946786,0.3437326045445125,1,0.0574020521461639,0.0892972355236468,0.46649999999999975,0.5391032325338895,likely background
EIF4A2,TMA16,0.1157247009817625,11.652482947550082,154.47493466666674,198.4665520000001,0.0813575916323291,0.075087126724084,0.8749514637329209,1,0.0570409680537908,0.1354346117246842,0.4655999999999998,0.5301204819277109,likely background
EIF4A2,ATP2A2,0.1012443551798907,27.7526384573495,184.11515266666677,180.890625,0.0049930849690738,0.0046547398917921,0.1291813133299099,1,0.0560814916058896,0.2556091225740368,0.4680999999999999,0.5702947845804989,
EIF4A2,RPL34,0.1172885577106448,16.622462395716013,149.23905466666656,30.114257999999836,0.1071932586878197,0.0988243811837255,1.6427045600063828,1,0.0560613888030014,0.7295705102130634,0.4217000000000002,0.601018675721562,
EIF4A2,RFT1,0.1140022597447292,27.994137893303694,35.652618399999994,63.32537839999998,0.1053449102073075,0.0973418219142539,2.7250003854530354,1,0.0559375918554538,0.1125557839717274,0.3879000000000001,0.6895973154362416,likely background
EIF4A2,MAP7D2,0.1186233984207139,10.73945501751249,94.36779746666662,10.390869000000066,0.0670795858848327,0.0617853017257679,0.6635404686273213,1,0.0546986890410488,0.1212326215323504,0.4218000000000001,0.6,likely background
EIF4A2,COMMD3,0.1380339478076312,1.5552705674615674,63.76542159999997,-236.41192620000004,0.2084565761895866,0.1894380385561322,0.294627405724002,1,0.0546457157380794,0.4104801762788509,0.33649999999999997,0.8318931657501963,
EIF4A2,RPL29,0.1190234288525645,12.998906333714396,49.66761270000006,11.89849849999996,0.3235270896322552,0.2979099631160736,3.872503706426151,1,0.0545987810140986,0.6651460742826818,0.3430999999999999,0.8181089743589743,
EIF4A2,SREK1,0.1111879393389483,7.06626522379805,142.835327,118.0767820000001,0.0931333092167007,0.0862259822822011,0.6092956599885451,1,0.0543146824351873,0.1783497502284835,0.4654999999999998,0.5200783545543585,
EIF4A2,RPL3,0.1102001640311023,7.725837040436828,80.52829993333341,186.89257799999996,0.2295783455053056,0.2126970127415209,1.643262459428706,1,0.0542578603264728,0.8666039091151878,0.3825,0.7068106312292359,
EIF4A2,GIGYF2,0.1046301875283255,18.485438256460036,96.37593566666646,131.86096199999997,0.0395650658688573,0.0367975672214128,0.6802191568593643,1,0.0540035087131405,0.0645564373220798,0.46599999999999986,0.538540596094553,likely background
EIF4A2,PTCD3,0.1231313281042602,4.9000845554301735,12.464467366666668,2.5716858000000116,0.3161178690727317,0.290259745571195,1.422297296336504,1,0.0538897930942549,0.4535915713302848,0.33380000000000004,0.8412451361867704,
EIF4A2,TARDBP,0.1142902019768352,8.422953008126463,60.68162030000008,31.807922400000052,0.1562176504787595,0.1443209353517999,1.2156084565570675,1,0.0532549984057509,0.1254506283631928,0.3362,0.8294209702660407,likely background
EIF4A2,PPIL3,0.0935559844626624,35.232198720496925,136.45149733333324,47.00170900000012,0.0705702083418892,0.0661397139461156,2.3302475450663684,1,0.0532476124737145,0.054034403812967,0.3839000000000001,0.7076023391812866,likely background
EIF4A2,BZW2,0.1055362428932697,6.457447769504375,172.14481566666657,104.85522399999992,0.0291373162900393,0.0270822043149095,0.1748819198465745,1,0.0531305427449714,0.1091256182886826,0.4649999999999999,0.4962962962962963,likely background
EIF4A2,ILF3,0.0902753100137371,23.110064772877095,147.91406300000017,229.243653,0.0872910911357464,0.0819970872802604,1.894957998234075,1,0.0530931440376636,0.3198567963751443,0.42810000000000004,0.5928888888888889,
EIF4A2,CLINT1,0.1174186133662869,3.5271760721788894,22.840103166666665,-9.196777300000008,0.0579708509407655,0.0534400867117598,0.1884925951448844,1,0.0523853545748249,0.2834962784195249,0.33320000000000005,0.8579192546583851,
EIF4A2,RAB9A,0.0983905432716772,12.383818054014752,117.70064300000011,150.4091800000001,0.1109905819456083,0.1036744357367602,1.2838853490166842,1,0.0522119631692899,0.0925321827726829,0.46709999999999974,0.5536294691224268,likely background
EIF4A2,DDX42,0.0996618017905552,12.330618492636802,127.6121823333333,63.5058590000001,0.0326491803929428,0.0304701887692588,0.3757162731123571,1,0.0516002990788988,0.2720762162387566,0.46449999999999997,0.4922089825847846,
EIF4A2,ATP5F1B,0.095024901255892,11.210008999743753,113.40795933333334,175.65917999999988,0.0679877858706326,0.063654574352892,0.7135683513707779,1,0.0515289174959619,0.10936597878945,0.42480000000000007,0.5898778359511344,likely background
EIF4A2,ENO1,0.0637102453239261,28.215892856554323,365.51839200000086,309.16894499999944,0.1136492940234783,0.1087407196266592,3.068216494130431,1,0.051186821564836,0.2456715774948392,0.4352,0.5810205908683975,
EIF4A2,HNRNPUL1,0.1110811299972431,3.5080250220557323,132.22786446666623,-122.11572300000012,0.3511233459042273,0.3251059930035573,1.1404799582767549,1,0.0508947827671721,0.911581812695229,0.42220000000000013,0.5982832618025751,
EIF4A2,PPIG,0.0703072655187419,26.33797474868984,152.29150366666636,333.9670409999999,0.1104915410818937,0.1052370272319247,2.77173016586162,1,0.0502541244764593,0.1223660834285888,0.43529999999999996,0.5820627802690583,likely background
EIF4A2,RPL15,0.0876349759634875,26.706227042628697,72.23880966666684,59.18896400000017,0.0616769458268803,0.0580425107350574,1.5500964698146569,1,0.0501346386113204,0.8105888788494242,0.34430000000000005,0.8160642570281125,
EIF4A2,IPO9,0.102329105875499,9.140275301670636,39.651753766666616,-10.592834400000015,0.1580370906637792,0.1472173315113578,1.3456069391911218,1,0.0498949100380683,0.1571748024491673,0.33340000000000003,0.8506998444790047,likely background
EIF4A2,ARHGEF2,0.0749567107883435,32.876446184394474,79.89921066666648,202.9442140000001,0.1751552136262676,0.1662887902015228,5.466984462128431,1,0.0498476246585468,0.1951460769519833,0.3615,0.7758064516129032,
EIF4A2,CYFIP1,0.0894563195026797,7.641217634995727,151.03971366666656,114.81030299999976,0.143958726461761,0.1353047497477129,1.033893039870908,1,0.0495031849126321,0.1329841439055458,0.4247000000000001,0.5876736111111112,likely background
EIF4A2,SRSF6,0.0852300581631994,12.642248829607286,91.76737500000011,172.24902399999996,0.0887671797866094,0.0836757689313484,1.0578498918388293,1,0.0492049302010194,0.1543071258061379,0.4247000000000001,0.5876736111111112,likely background
EIF4A2,CARHSP1,0.095726911946712,7.232841187991387,47.704325333333486,52.5780029,0.1705889515993012,0.1596387403958473,1.154641656734149,1,0.0489577342501248,0.2524235081378574,0.33399999999999996,0.8364485981308412,
EIF4A2,RABL6,0.0751254128807738,23.09880298188434,208.0058593333329,68.45263699999987,0.0981799222814515,0.0931991183191141,2.1527880721385437,1,0.0484720298525299,0.0811980274716736,0.42960000000000015,0.5869759143621767,likely background
EIF4A2,DDX5,0.0564195536247885,22.373570700430516,360.7347009999994,260.1396489999988,0.0696070807243862,0.0669381366123816,1.4976451320521964,1,0.048105335047952,0.24137848818665,0.4282000000000001,0.5934163701067615,
EIF4A2,SNRPA1,0.0860787512104688,11.478765914063713,90.99271666666664,65.72912600000018,0.0676145461499068,0.0636989014514082,0.731184778743728,1,0.047994292658833,0.2612816493076864,0.42480000000000007,0.5898778359511344,
EIF4A2,SRP72,0.080527501163015,18.33179831531695,57.70576966666681,118.37109300000007,0.2439919225556456,0.2307482218141582,4.230029863915168,1,0.0478920959227954,0.1500759961469755,0.35259999999999997,0.7946859903381642,likely background
EIF4A2,RBM39,0.0703204381846966,34.65961099930414,178.94051133333323,-22.34350600000016,0.0752638528056267,0.0716839653975464,2.484538355566537,1,0.0475668125737335,0.1533460677296755,0.3838000000000001,0.7064220183486238,likely background
EIF4A2,CLPX,0.0882641139056897,7.5434315200049475,67.90708399999994,23.180908000000045,0.0210659035148307,0.0198159104113612,0.1494799631946564,1,0.0471938243370506,0.1170719632750462,0.2961,0.9708812260536398,likely background
EIF4A2,CDC5L,0.0895863268083736,9.008408929992944,24.83827716666667,-18.23001099999999,0.1815195803566717,0.1705922859330568,1.5367650719872592,1,0.0467162266335651,0.2544605085154841,0.29250000000000004,0.9582712369597616,
EIF4A2,SRSF11,0.0130054844275028,35.047582184684785,87.3287783333326,1108.4033249999993,0.1258948000737771,0.1247662309029098,4.3727547314430915,1,0.0466342004020301,0.0883072322366178,0.45330000000000004,0.5385312783318223,likely background
EIF4A2,MRPS34,0.0854831733131893,8.105815446961934,48.51218666666682,37.26190180000003,0.091946004049529,0.0866570605510642,0.702426140003132,1,0.0465766556230979,0.3817547387136799,0.2932,0.9645550527903469,
EIF4A2,MPLKIP,0.0852792277018579,6.201270950269719,67.50736499999971,42.20190400000001,0.1116544033733634,0.1052466650855558,0.6526630868078235,1,0.0465472093527368,0.1427996808091267,0.2954,0.9657794676806084,likely background
EIF4A2,RAN,0.0474147083137332,26.65137168320704,262.84000666666634,222.8852539999998,0.0322503350234672,0.0312079458435058,0.8317345641446697,1,0.045075112794206,0.0639978463641024,0.42590000000000006,0.5929824561403508,likely background
EIF4A2,COQ8A,0.0748517772595976,14.824705328713868,73.90238466666665,-23.88098100000002,0.2635825984538859,0.2502581491130577,3.710003316710417,1,0.0446579280484049,0.1801318411983623,0.30380000000000007,0.9528228924980665,
EIF4A2,FL0,0.0284027631788573,25.02475009760756,333.69400999999925,464.7988299999997,0.0338062490904844,0.0331475291900317,0.8295086343336966,1,0.0441516790057917,0.0769645711702578,0.4006,0.6590717299578059,likely background
EIF4A2,HNRNPD,0.0601853893814927,16.867983083766507,112.76668333333282,150.9353030000002,0.0876100951131227,0.0840312279287553,1.417437331210372,1,0.0440762060105084,0.2283763132648278,0.4285000000000001,0.5939447907390917,
EIF4A2,CKB,0.0062415105574562,160.46565352518266,28.556966000000106,-405.9580080000005,0.1178015326502292,0.1172941583147265,18.82168376865883,1,0.0439645393101036,0.1750031379013601,0.38940000000000013,0.6859781696053736,
EIF4A2,UCHL1,0.0630632909805134,16.61595623496749,83.92460133333338,84.78820799999994,0.061671219360541,0.0590340733227605,0.9809075787028518,1,0.04359582618228,0.1880700162445761,0.34300000000000014,0.8174539631705364,
EIF4A2,RBM17,0.059396470359296,22.54291616213008,130.0698246666666,-7.608398000000307,0.0780978021895408,0.0749484854000962,1.6895574228530004,1,0.0430317480569977,0.2215539938805047,0.381,0.7079207920792079,
EIF4A2,LIMA1,0.0683744868721105,4.894096553271018,73.58605933333342,51.921875,0.0490291676008437,0.0467601494423465,0.2288486862162257,1,0.0427036597310665,0.2468910862156352,0.2953,0.96580547112462,
EIF4A2,SACM1L,0.062491104839278,14.54422716962832,53.605794666666725,62.0687260000002,0.1026543029912128,0.0983036447856853,1.429750541365456,1,0.0425684941227837,0.152981012033093,0.34120000000000006,0.819632881085395,likely background
EIF4A2,SNW1,0.0606772500024217,19.163311870457267,30.780070000000137,58.18865960000005,0.0488631473843435,0.0468511148030471,0.897822524449389,1,0.0424772014164261,0.2047155454162436,0.33759999999999996,0.8303078137332282,
EIF4A2,CNIH4,0.0545320786659136,18.90644373793237,137.7181803333333,41.24462900000026,0.0695298398114675,0.0669513932862167,1.2658127503420395,1,0.0420832998159568,0.1244105494122013,0.381,0.7079207920792079,likely background
EIF4A2,RPS4X,0.0285557226752541,16.368653015360398,454.2063799999996,170.51367000000027,0.081955655894494,0.0803502179441065,1.3152248372356652,1,0.040983578425566,0.2529610126052829,0.4035000000000001,0.6525781910397295,
EIF4A2,TOP1,0.0018738866958154,7.413747387671489,55.29687333332549,1173.9843699999983,0.056394153699229,0.0563215145358967,0.4175534812602064,1,0.0407182042195538,0.184567721544803,0.34559999999999996,0.8143086816720257,
EIF4A2,PPA1,0.0552738681083504,10.222279259987715,78.3733316666669,21.480591000000004,0.0763534055701981,0.0734841203864802,0.7511751997651568,1,0.0401509786490718,0.0891250154232387,0.2955,0.9709480122324159,likely background
EIF4A2,NUP50,0.0500455779645428,18.513146897587177,47.76664266666671,48.19177300000001,0.1080730994046574,0.1043894432818294,1.9325770980338537,1,0.0400486931087243,0.1991026845689062,0.2932,0.9645550527903469,
EIF4A2,SCNM1,0.0452169851862548,18.03183388534736,30.617573833333267,61.71044880000011,0.1031530030524674,0.0999710874053444,1.8026620414307128,1,0.0388423596263163,0.118571084712075,0.34009999999999996,0.8240445859872612,likely background
EIF4A2,SLC35F6,0.0575850864905347,1.469443785986129,6.877339633333349,-17.670379700000012,0.7564721749385779,0.7268792859461121,1.068108249895549,1,0.038201064396087,0.6130200222014186,0.31729999999999997,0.9279628195197521,
EIF4A2,COX17,0.0336310972989004,11.424235669070487,72.28865566666673,213.78832999999983,0.0455618520620554,0.0445124648156677,0.5085208882653962,1,0.037549467471082,0.1913091470631037,0.33899999999999997,0.8258115597783057,
EIF4A2,POLR3D,0.050222677058667,5.446009507627647,60.33837900000003,-86.0913079999998,0.0303571797246587,0.0293188602852916,0.1596707918665048,1,0.0368922692720774,0.127589045272254,0.2954,0.9657794676806084,likely background
EIF4A2,SNRNP70,0.0336183859928158,19.807619846902355,69.72395866666693,31.346436000000267,0.0277678657260331,0.0271285512034405,0.5373520292349757,1,0.0365443955698302,0.0535286276721234,0.2958,0.9709257842387146,likely background
EIF4A2,RBM25,0.0029250915845731,84.62796025982057,3.7753499999998894,-72.83630400000015,0.0605549507308658,0.0604329019051873,5.1143132208178335,1,0.0364351203709035,0.1281774150393997,0.2763,1.0,likely background
EIF4A2,BZW1,0.0381180102848612,12.028181025979176,29.12821443333314,29.68078600000013,0.0706895693877385,0.068846981087819,0.8281039516164522,1,0.0360178474191699,0.0709361753735586,0.2926,0.9610778443113772,likely background
EIF4A2,PSIP1,0.0349774274304849,12.472606945239312,24.875488100000094,79.87548830000003,0.0616241818883143,0.0601486869109187,0.7502109301121501,1,0.0358968711135614,0.0702041340793109,0.3364000000000001,0.8312401883830455,likely background
EIF4A2,HPX,0.0030547415756394,64.18762253961592,5.81274433333374,109.3625490000004,0.0525078192509537,0.0523972804414932,3.3632568590809684,1,0.0358118774050086,0.2124704040828753,0.3159000000000002,0.9318885448916409,
EIF4A2,NUMB,0.0454143497596066,10.482243303826372,33.88659659999985,-136.26879900000006,0.2050865127128813,0.1987331092501805,2.0831688036863003,1,0.0355971081023031,0.1606978856783147,0.293,0.9660889223813113,likely background
EIF4A2,I0,0.0002819269528111,27.147712892728663,0.5267736333335051,550.0683589999999,0.4693000400471794,0.4692130310747582,12.738060653144512,1,0.0351767195397274,0.4479128854466014,0.3187999999999999,0.9270752521334368,
EIF4A2,RPS17,0.0111110738486315,20.469117350195983,60.195637999999235,356.287597999999,0.0961799048082975,0.0954429569824554,1.9536330867235872,1,0.0351715265215365,0.3012148299643992,0.29490000000000005,0.9658314350797267,
EIF4A2,PFN1,0.0209808249314619,16.73973554732726,36.71223966666685,114.10375999999997,0.0576670128398945,0.0568350018018283,0.9514028999944744,1,0.03382730893892,0.2502655060747482,0.2963000000000002,0.9723714504988488,
EIF4A2,NDUFS7,0.0394701508600258,10.07513228173414,33.03741433333357,-222.48803700000008,0.2441252377688693,0.2375391541687575,2.393238400341472,1,0.0331781064331993,0.2152748695448435,0.2943,0.9651515151515152,
EIF4A2,RAB3GAP2,0.0365320279152065,5.899140707094232,27.407796599999756,-124.93176200000016,0.0328194224632646,0.0319991124432343,0.1887672668047694,1,0.0330060896521832,0.1407592474430633,0.2924,0.9561338289962825,likely background
EIF4A2,RPL5,0.0099605579696906,21.674673773407463,13.09521500000028,204.10156199999983,0.163667590440522,0.1625431137431243,3.5230689644960846,1,0.0327635876586796,0.1504823265117764,0.2987,0.9699537750385208,likely background
EIF4A2,ALDH3A2,0.0228933679045677,10.04461512176225,11.18638103333342,57.51092529999994,0.0999029877777397,0.0983311596420113,0.9876986530805646,1,0.0323967794928766,0.1660350722027656,0.2948000000000001,0.9643669446550417,
EIF4A2,MRPL58,0.0317970175226666,8.113790557917142,31.515787333333492,-144.4692389999998,0.0647218414011942,0.0633115953442873,0.5136970245111498,1,0.0320513577286156,0.1178790203152971,0.2926,0.9610778443113772,likely background
EIF4A2,CTTN,0.0142488524412928,25.732735512165213,13.255289666666611,10.65344200000004,0.0769739733110071,0.0762182324936214,1.9613036179630785,1,0.0320508948725041,0.0786547020945866,0.2451,1.0,likely background
EIF4A2,RPS2,0.0024938075595691,27.032897510781694,32.113280000001396,177.02929999999833,0.0640598624977596,0.0639498642211131,1.7287501253177575,1,0.0317011582684018,0.2804847089747739,0.29170000000000007,0.9643387815750372,
EIF4A2,G3BP1,0.0116866232034084,63.55611433353322,94.10807099999693,-501.2050799999997,0.1836093441703525,0.1821298220048215,11.575463790884491,1,0.0316267813951914,0.2420153253468302,0.37550000000000006,0.7279352226720648,
EIF4A2,BABAM2,0.0123847364528961,5.134177704444835,9.26887993333321,252.0136714,0.178920890182437,0.1773932861409968,0.9107686546233092,1,0.0315690288487489,0.1625080691436489,0.2883,0.9733530717986677,
EIF4A2,PIP5K1A,0.0142058222825842,19.431917708586504,42.08723966666639,-50.75537100000019,0.060370419995581,0.0597794780843384,1.1616298987971148,1,0.0308017560451029,0.0824488560433822,0.24479999999999996,1.0,likely background
EIF4A2,ANKRD28,0.0153011772125038,11.162953860966828,6.531839999999988,-16.85803229999999,0.0795369366651021,0.0786986068006657,0.878508916638202,1,0.0299043872843152,0.1870750423806385,0.2447,1.0,
EIF4A2,EBP,0.016595892127965,7.4794873478415616,12.501668266666456,-32.08337399999982,0.0894087279741257,0.0883869907715878,0.6610893791898804,1,0.0295886125233416,0.1699239646235924,0.2475,1.0,
EIF4A2,CGGBP1,-0.0012064446435488,27.02421708707547,-0.9228520333331288,23.92626899999982,0.0890593483427723,0.0891347469036379,2.408796750325439,0,0.0286990349515477,0.126787507984759,0.0027,1.0,likely background
EIF4A2,EI24,0.0051717264574211,9.639990998508212,5.855428333333293,35.11340400000017,0.0895278724793163,0.0892083993082756,0.8599681663231032,1,0.0279858582848833,0.1987959364288658,0.24359999999999998,1.0,
EIF4A2,NOLC1,0.0099821774392853,9.484388139267294,29.98583966666683,-90.65429700000004,0.1032910479695165,0.102579850525685,0.9729071176536191,1,0.0278793286695271,0.1198952549457266,0.2447,1.0,likely background
EIF4A2,DDX6,0.0014520313390208,6.031356553331696,1.1701457333333565,88.18188499999997,0.0538502448984374,0.0537966108560406,0.3244665414336157,1,0.0272080737654413,0.2097066393421567,0.2864,0.9807834441980784,
EIF4A2,NUP153,0.0088575912061336,14.2785853400836,5.318827400000032,-184.84033210000007,0.4013334977509444,0.3988809778850395,5.695456083267537,1,0.0268996608490527,0.6342067146028038,0.2606999999999998,1.0,
EIF4A2,CCDC43,-0.0119207614497918,42.20443916135,-21.208495666666295,-93.7028809999997,0.0412545435539316,0.0415972549656584,1.755588816477298,0,0.0267329096993554,0.0477515844900817,0.0012,1.0,likely background
EIF4A2,COPG1,-0.0043032756419213,10.073193971874652,-7.50805633333357,111.64111400000002,0.0555715352475619,0.0557381007158637,0.5614607001347809,0,0.0266215926511024,0.1325626548951769,0.04129999999999999,1.0,likely background
EIF4A2,AURKB,0.0073680471071429,11.887917823048276,7.680704699999978,-183.71728500000015,0.4333716078278434,0.4311682497882506,5.1256927213902745,1,0.0262745533478987,0.3144716289010955,0.2549999999999999,1.0,
EIF4A2,SCAMP3,-0.0034402500930897,3.984960631744825,-2.6540324333332137,108.86425799999984,0.1077849504797005,0.10804336414162,0.4305485526256262,0,0.0260107958412778,0.1713689594607511,0.04129999999999999,1.0,
EIF4A2,TARS1,-0.0059085836975884,10.84005768216837,-3.554646766666792,35.10095220000005,0.1772626025039713,0.1779918605979646,1.929442035838408,0,0.0255184155375789,0.1338376102697539,0.0017000000000000001,1.0,likely background
EIF4A2,ACTN4,-0.0194247720728749,16.264271488906328,-97.55078133333336,308.94531199999983,0.0946020446711673,0.0958853734304559,1.5595057452881005,0,0.0252727570058789,0.1104256755950316,0.04369999999999998,1.0,likely background
EIF4A2,SRSF1,-0.0012325841409552,42.053104405590965,-6.55566433333297,-443.8032229999999,0.0766384596218313,0.0767047323079389,3.225672116148663,0,0.0252522492033097,0.0809332024524078,0.0049000000000000024,1.0,likely background
EIF4A2,EIF1,-0.0053555882796442,11.789573013131957,-11.722737666666037,-49.376464999999826,0.0402803940954588,0.0404306071097967,0.4766595944862013,0,0.0246992093500454,0.1153206187413494,0.0017000000000000001,1.0,likely background
EIF4A2,IKBKB,-0.0027180154763981,9.287502828565168,-1.2894083333333128,-125.43847649999998,0.2374450209015151,0.2378951687993152,2.209452053125629,0,0.0241960861551004,0.1923713072336933,0.0019,1.0,
EIF4A2,SRSF9,-0.0099627262858211,21.388584845754036,-9.008463666666556,-122.30944900000009,0.1504707081982559,0.1515149258132198,3.240689846154181,0,0.0241459917457496,0.200222090937069,0.003500000000000001,1.0,
EIF4A2,RAC2,-0.0422066527404657,66.22283426326321,-63.92692033333333,-84.82397499999979,0.1333967528558289,0.1373583921367202,9.096262037138342,0,0.0227266748193265,0.1778008791288338,0.04109999999999998,1.0,
EIF4A2,PRKAR1A,-0.014474959285413,4.918314597598885,-5.48372396666673,25.666198699999995,0.1641144529208473,0.1657710212706359,0.8153140337742439,0,0.0226281499077385,0.2687558946108369,0.0007000000000000001,1.0,
EIF4A2,RABL3,-0.0102170823004138,0.3485774633125425,-9.616536333333215,0.0,1.3943098532501703,1.414213562373095,0.9859259523084152,0,0.0226279292555205,1.4332156643555458,0.07379999999999998,1.0,
EIF4A2,MCTS1,-0.0265385544519399,35.95518467318208,-23.611491000000115,-124.19812000000002,0.150411479338692,0.153205482603198,5.5085314199419715,0,0.022170531276538,0.106637897608994,0.013100000000000007,1.0,likely background
EIF4A2,MED1,-0.023313890839197,10.186196662131932,-6.943257633333246,56.47717290000003,0.3060531260163764,0.3110422708213586,3.16833774082246,0,0.0216758822047846,0.2145024619498974,0.04569999999999998,1.0,
EIF4A2,AIMP2,-0.0164537963601,3.6378708533799182,-6.864166266666643,-24.85522460000004,0.0832012864798208,0.0841564719626648,0.3061503764762628,0,0.0214006785823642,0.1931981575981736,0.0007000000000000001,1.0,
EIF4A2,H1-2,-0.0253940846780364,2.3558323971968353,-53.45790589999979,210.59692399999992,0.5944424375203926,0.6050045037633787,1.4252892104157622,0,0.0213838138515092,0.6215416623898148,0.04059999999999999,1.0,
EIF4A2,EZR,-0.0322979653957647,22.385167050354394,-67.40201866666666,96.62084899999992,0.1205437761137028,0.1232741139271028,2.759511633242615,0,0.0210628186373538,0.1138384164747636,0.04629999999999998,1.0,likely background
EIF4A2,HNRNPH1,-0.0248190252735761,13.218673828320904,-75.42854833333331,4.805664000000434,0.1057340968376975,0.1075698961546742,1.4219313710149892,0,0.0203556800639832,0.0766783759272752,0.0002,1.0,likely background
EIF4A2,ZNF207,-0.0335774840516266,16.235732566284078,-52.39204900000004,102.19360400000004,0.1166259304129455,0.1193733540779346,1.938113852349684,0,0.0201702734319821,0.1215373323221738,0.04349999999999999,1.0,likely background
EIF4A2,SRPRB,-0.0398465113499679,31.621339511015336,-27.340311666666707,-10.93273929999998,0.0150582861943781,0.0154801443720339,0.4895029008676179,0,0.0198206523535152,0.180346451230265,0.0002,1.0,
EIF4A2,SRPK1,-0.0263012882784099,6.530191632740436,-6.153198233333342,-17.523406999999963,0.2098255476163092,0.2136880641962757,1.395424008831021,0,0.0196471640739498,0.3586580823972007,0.0001,1.0,
EIF4A2,POLR3C,-0.0353344742423844,18.98736027937019,-20.87862143333325,-1.7260742999999366,0.0484437682995602,0.049645410441968,0.9426352942788546,0,0.0193045328940499,0.0711250218110473,0.0,1.0,likely background
EIF4A2,REEP4,-0.0276107904409878,6.803842616245159,-14.810852066666484,-16.94219970000006,0.0048405055463588,0.0049340872522429,0.0335707531190825,0,0.0192930538729638,0.2281647428799608,0.0002,1.0,
EIF4A2,SCP2,-0.013883060274785,5.058664878375953,-11.416809233333424,-289.80346699999996,0.4796885850147915,0.4843318019045076,2.450072275774872,0,0.0190527898707059,0.3154572686923289,0.0010999999999999996,1.0,
EIF4A2,RPS18,-0.0061677661533573,24.725009547574512,-452.19788666666136,-235.25,0.0801010282213404,0.0804450146589285,1.98900375549678,0,0.0190296563769831,0.1959806166314696,0.0017000000000000001,1.0,
EIF4A2,PRPF8,-0.0563303832571137,8.865604766247888,-167.1030276666661,609.5517570000002,0.1711223548907528,0.1779378747080797,1.5775268701079714,0,0.0185453904029599,0.1767804883768289,0.04169999999999999,1.0,
EIF4A2,BCAP31,-0.0389117351301564,6.958290790282021,-46.8168133333329,164.26171900000008,0.1289485475639497,0.1324751792732349,0.92180081987791,0,0.0184741322784897,0.1720949582761572,0.039599999999999996,1.0,
EIF4A2,POLR3A,-0.034289668782917,10.122485174034525,-25.857055599999967,1.9066159999999857,0.0061485674828192,0.0062965203340508,0.063736433729437,0,0.0183167186955977,0.1708905860292048,0.0001,1.0,
EIF4A2,SRP54,-0.0428184424744345,12.996987219376257,-156.81347666666625,253.45459000000028,0.0898116296691391,0.0925180959460403,1.202456510571712,0,0.0181721614640849,0.3078071031463785,0.040299999999999996,1.0,
EIF4A2,CLASP2,-0.0427417741694482,6.121857921669711,-55.565186000000494,171.52075100000002,0.0162816611873957,0.0167714164385514,0.1026722285819678,0,0.0174711398749211,0.1135445223126988,0.039099999999999996,1.0,likely background
EIF4A2,WDR33,-0.0415344282246205,12.654965917217394,-84.58227499999975,63.61645499999986,0.1043720391613349,0.1074216322514343,1.359417094913762,0,0.0170502175610583,0.1094955341632503,0.041399999999999985,1.0,likely background
EIF4A2,PRPF38B,-0.0159964031766981,21.5845160885562,-131.38150999999925,-501.02246000000014,0.0763916367841859,0.0772441509700162,1.667277619359179,0,0.0169895727532855,0.1096881391184951,0.0007000000000000001,1.0,likely background
EIF4A2,TCEANC2,-0.0431789418604237,5.453252786560163,-35.68452966666655,100.60620100000006,0.0531718729149994,0.0547878918341777,0.2987722238144866,0,0.0166873723034492,0.2735225528079349,0.039599999999999996,1.0,
EIF4A2,DERPC,-0.0368404642412678,12.414930587650076,-87.48754899999994,-75.83862299999964,0.0458051291033707,0.0469903469524444,0.5833818957041926,0,0.0164341704315291,0.1014722903238781,0.0,1.0,likely background
EIF4A2,PINX1,-0.03839519269849,8.95421973353797,-21.785746399999994,-86.85009769999999,0.2033510880273997,0.208837778714264,1.869979359271499,0,0.0162398158436094,0.225532983496795,0.0,1.0,
EIF4A2,RPL23A,-0.0078662536389224,18.452514105913217,-57.59179566666535,-771.0371080000004,0.0913434474823299,0.0918437787547096,1.6947486230116526,0,0.0161328583490963,0.2562236392330379,0.0017000000000000001,1.0,
EIF4A2,PDCD6,-0.0466903650845869,8.297484907663044,-41.48632803333339,83.14453099999992,0.1818111453943902,0.1877933412535765,1.5582124148111671,0,0.016006614892882,0.131124161398419,0.04209999999999999,1.0,likely background
EIF4A2,TFAM,-0.0543716418050996,21.374398437371152,-73.33801266666637,89.55542000000014,0.0835840402579156,0.0867951313973432,1.8551937209107976,0,0.015749367338113,0.0822091666039069,0.04339999999999999,1.0,likely background
EIF4A2,GADD45GIP1,-0.0408087937555108,6.494077281460819,-34.295288300000266,-43.253173999999944,0.092183200476707,0.0948289453961575,0.6158264999220754,0,0.0157157535297157,0.1602152747528698,0.0,1.0,likely background
EIF4A2,CSNK2B,-0.0484421731270809,13.880506950714862,-123.06111633333376,79.9050299999999,0.0672945379814004,0.0695932076501301,0.9659890025101738,0,0.0153890858208685,2.206270670954933,0.041199999999999994,1.0,
EIF4A2,SREK1IP1,0.0046235020378303,11.372063580063124,78.66992333333474,-1150.3574200000005,0.0280360731628709,0.0279466464608423,0.3178110404022456,1,0.0151835998214574,0.2596252496118817,0.24569999999999997,1.0,
EIF4A2,FDFT1,-0.0526869497966072,7.814428594433988,-65.33378099999982,134.80590800000004,0.0979405021339459,0.1015844381828978,0.7938243384859482,0,0.0148993013464264,0.0954874924596261,0.039599999999999996,1.0,likely background
EIF4A2,SF3B1,-0.0541959131305398,17.679788653049567,-69.45548533333317,19.469115999999985,0.0635400052460181,0.0659730178937116,1.1663890131646786,0,0.0145166124085204,0.0751395061804983,0.0001,1.0,likely background
EIF4A2,PRP4K,-0.0417470490346686,7.049572211137697,-47.7715656666669,-134.81237800000008,0.1204655376181701,0.1240036325755864,0.8741725622849835,0,0.0143597278048798,0.1412924052154062,0.0,1.0,likely background
EIF4A2,GLUD1,-0.0641181365256186,67.39672913989511,-190.43204766666713,-263.7724610000005,0.0433385058999302,0.0453085284898203,3.0536466223556413,0,0.0143596032106615,0.0447115251766764,0.020900000000000012,1.0,likely background
EIF4A2,EIF5A,-0.0449436460099517,22.084846390024,-211.8334959999993,-97.0917959999997,0.0315659519941535,0.0325651256088673,0.7191957967436727,0,0.0142251194879657,0.054178709816731,0.0,1.0,likely background
EIF4A2,GTSE1,-0.0529719008121387,2.7953782810043517,-41.40732849999995,66.524048,0.0781174844052494,0.0810398980212574,0.2265371708234304,0,0.013633596909346,0.2302816079914907,0.039599999999999996,1.0,
EIF4A2,TPR,-0.0579553732591795,14.841952996619565,-22.806335433333174,-18.895935099999974,0.0934876688107528,0.0973206850209457,1.444429032679694,0,0.0133676741920683,0.1629350199003217,0.0,1.0,
EIF4A2,H2AZ1,-0.0949878289068616,146.79823394569163,-584.151366666667,-334.1416010000012,0.0572068227569342,0.061100765616986,8.969484485303187,0,0.0128027300955484,0.1741056895310813,0.14100000000000007,1.0,
EIF4A2,CHMP2A,-0.0564857166928193,13.634666045674113,-36.27500396666676,-78.9470215,0.1111037610863917,0.1155412794391393,1.575366759642578,0,0.0126848299583325,0.1143404444950919,0.0,1.0,likely background
EIF4A2,HDAC2,-0.0638266278973603,21.55326069815173,-56.13932266666666,-14.163939999999911,0.0932990140216988,0.0975203661266707,2.10188187450734,0,0.0126168133183544,0.1326178656177921,0.0001,1.0,likely background
EIF4A2,CHCHD2P9,-0.0572579115231591,7.030955347248626,-50.70318610000004,12.482056000000057,0.1824766413725931,0.1898664133421635,1.3349422741510026,0,0.0125015825841708,1.3013043198125387,0.0,1.0,
EIF4A2,PRPF3,-0.0558461688316507,7.162791405334231,-56.410400666666646,-31.041503999999804,0.1697465168748756,0.1764480072151545,1.2638602695690613,0,0.0122699098919967,0.6692823396774931,0.0,1.0,
EIF4A2,RPL31,-0.0370649042751433,12.187436198832836,-272.5615236666672,-272.6611300000004,0.0855451349292352,0.0877722880315767,1.069719160410421,0,0.011927885037464,0.5601911743089137,0.0,1.0,
EIF4A2,SRSF5,-0.0651329050537683,8.098164044810996,-71.33459466666659,125.086182,0.1645377606707634,0.1721381312858522,1.3940028255200434,0,0.0119226712070359,0.1782696242414498,0.041899999999999986,1.0,
EIF4A2,C1QA,-0.0479831550725912,28.19937837486896,-230.8172200000008,-347.4223629999997,0.0411069176405831,0.0424975380771154,1.198404156236981,0,0.0112436453840187,0.0737161094914193,0.0002,1.0,likely background
EIF4A2,SRSF4,-0.0239528445020516,48.70324463799171,-174.22916933333545,-1129.1191440000002,0.1485658057775787,0.1510545471118622,7.356846561670073,0,0.0110968151654135,0.1596055107569121,0.03269999999999997,1.0,likely background
EIF4A2,SPTY2D1,-0.068698295757368,8.715519289214244,-77.71317566666676,113.84460399999988,0.0775596930259838,0.0813431308177334,0.7089476256870335,0,0.0109911218750495,0.1148120564691009,0.039599999999999996,1.0,likely background
EIF4A2,ZC3HAV1,-0.0653732944275883,10.567601173832214,-29.971618700000025,-70.54156499999999,0.1796789217269885,0.1880100216814743,1.986814925813368,0,0.0104133839457599,0.378835316078344,0.0,1.0,
EIF4A2,DDOST,-0.0679162507248372,21.747752360337525,-98.29325366666647,-106.66699200000016,0.0371290541577461,0.0389191428556133,0.8464038809004786,0,0.0101515406513328,0.1903997881389846,0.0,1.0,
EIF4A2,SCAMP2,-0.0669861673508309,4.645047589293494,-34.85130816666651,4.446716300000048,0.2513425624523018,0.2632906480521812,1.2229975900183063,0,0.0100514027320112,0.2543382303453675,0.0,1.0,
EIF4A2,RPLP0,-0.0729337773972941,6.02046754792578,-61.594563333333326,119.67883400000004,0.0576626336395631,0.0606532807605564,0.3651611084941614,0,0.0099131316589026,0.6745017181623131,0.03969999999999999,1.0,
EIF4A2,APEX1,-0.1114011265229345,112.46130406027648,-172.79813633333333,-274.0708010000003,0.0659258323195055,0.0712189216765554,8.00937280551212,0,0.0098327945855317,0.0841861674358376,0.07099999999999995,1.0,likely background
EIF4A2,AP2A2,-0.0699596049557848,16.299835139989796,-64.4773763333335,-84.65746999999988,0.0246117380629337,0.0258348998710191,0.4211046087557555,0,0.0095890936398313,0.0715025780475153,0.0003,1.0,likely background
EIF4A2,PRAF2,-0.0704686062685981,14.902427548440452,-36.00854493333327,-107.9631958,0.0974846843272781,0.1023656183809222,1.5254962113729973,0,0.0093412372409288,0.1466381968827099,0.0,1.0,likely background
EIF4A2,CKAP5,-0.076406094135695,22.970017915698325,-87.13248666666686,-37.786743000000115,0.2295599068228218,0.2420478030733521,5.559842373050318,0,0.0093141240782055,0.1662410309271167,0.011900000000000006,1.0,
EIF4A2,ZC3H4,-0.0735175679692379,1.753192780227511,-14.973907466666674,82.50909420000002,0.0402465822655355,0.0423510877445298,0.0742496212684914,0,0.009305493162625,0.3279574492875095,0.036599999999999994,1.0,
EIF4A2,DARS1,-0.0697290015512913,14.22992739586636,-96.06811533333304,-73.22375499999998,0.0907241052940603,0.0952177189015446,1.3549412267689915,0,0.0091263544621172,0.093825362631396,0.0,1.0,likely background
EIF4A2,TXN2,-0.0641581721765846,5.797157871929062,-196.5822753333332,-3.905273000000306,0.1888322162817878,0.1974213717196808,1.144482859151781,0,0.0088852343647799,0.1692964295732111,0.0,1.0,
EIF4A2,UBE2N,-0.0742825973673574,11.48882321806738,-64.58435066666652,-28.879638999999997,0.1056007953073754,0.1111816337350903,1.27734613507837,0,0.0085942100144911,0.113598464158904,0.0,1.0,likely background
EIF4A2,CWF19L2,-0.0502656282277806,23.0056466962288,-366.14876099999856,-368.2568299999984,0.0697468007335309,0.0722204599904975,1.6614783867805132,0,0.0082082461246785,0.1347928568251357,0.0001,1.0,likely background
EIF4A2,GPATCH4,-0.0683249364084662,10.871149358753051,-77.48868866666703,-164.2365729999999,0.2347109001888595,0.2460966307977495,2.6753532300882417,0,0.0081461964644637,0.3516875880058387,0.0016,1.0,
EIF4A2,TBC1D10B,-0.0759224409100524,20.62827042226825,-243.9571939999996,0.0639650000002802,0.1689185316989893,0.1780478801989907,3.672819820856402,0,0.0077301745900003,0.1458902737091466,0.003500000000000001,1.0,likely background
EIF4A2,HSP90AA4P,-0.018915021153062,1.214886031681116,-42.15694160000021,-1144.0567628,1.2890244346066728,1.306049204188846,1.5867009348572672,0,0.0071144910793453,1.2535383243417124,0.07369999999999997,1.0,
EIF4A2,CNP,-0.0862831746357562,5.690498584650881,-94.72135419999996,59.98986799999989,0.4150847198651162,0.4406717200434742,2.5076417992030597,0,0.0057535343107078,0.2691631438309416,0.04299999999999998,1.0,
EIF4A2,ENY2,-0.088717690666221,29.983308613758403,-278.7073566666659,-40.402342999999746,0.1722953137854322,0.1832250166386901,5.493692219638866,0,0.0052232038768329,0.1827479367045574,0.011900000000000006,1.0,
EIF4A2,HSD17B10,-0.0854837459371644,30.079066432860888,-201.09684233333292,-216.79443400000036,0.1176545691081209,0.1248379353427067,3.755008550514468,0,0.0048231389808202,0.0776220980557071,0.004800000000000002,1.0,likely background
EIF4A2,RIOK2,-0.0944629733096723,4.08333790056091,-50.69537349999996,48.303039600000034,0.105780813696942,0.1129399857772448,0.4611721244130339,0,0.0040456003158668,0.1926163655014285,0.0,1.0,
EIF4A2,SMC4,-0.0897261936751978,38.58167194734377,-233.7699376666665,-280.4162590000001,0.0688086396847048,0.0732247452551271,2.8251330998611315,0,0.00390207310928,0.0999760431120229,0.0021000000000000003,1.0,likely background
EIF4A2,C11orf98,-0.0832641941761206,11.892727190489248,-115.58410666666668,-218.36975099999995,0.0604984555785808,0.0640934883330349,0.7622463714315899,0,0.003816207854729,0.148682764520903,0.0001,1.0,likely background
EIF4A2,MTRFR,-0.0933959338105056,6.952977829139567,-135.6309000000001,-3.573120000000017,0.0942447003796412,0.1005487206273928,0.6991130252706108,0,0.0030960849171692,0.1614370776771328,0.0,1.0,likely background
EIF4A2,RBM4B,-0.0858479889719272,1.2886315665380703,-38.19083669999998,-195.82421879999993,0.1209898968567232,0.128409316847562,0.1654722991273573,0,0.0029369742674376,0.6226665811468941,0.0,1.0,
EIF4A2,KDELR2,-0.0969657651310734,3.4747467479103413,-13.826426200000014,-40.51535039999999,0.2448320912249433,0.2618560369982451,0.9098834129803424,0,0.0027885138978579,0.3139028532843708,0.0,1.0,
EIF4A2,C4A,-0.1299213220545711,306.6549331200587,-1666.4625666666652,-1334.9355499999983,0.0599517359244505,0.0656019471540241,20.117160717062895,0,0.002544994786656,0.0655826428917835,0.1617,1.0,likely background
EIF4A2,EIF2B3,-0.094890046010058,20.692778247184947,-138.421509,-205.0418699999998,0.0966214891314105,0.103191307413216,2.1353148413387713,0,0.002261650499707,0.1010453759161834,0.0001,1.0,likely background
EIF4A2,ATP5PO,-0.1015464912071896,5.353012296518742,-84.17612699999995,39.01147499999979,0.0987119257783703,0.1059114281215459,0.5669451770764963,0,0.0021114532278374,0.1631656737635807,0.0,1.0,
EIF4A2,SLC30A7,-0.0992771305787133,9.854045811828048,-96.69616699999985,-65.15258799999992,0.0154902769600302,0.0165939290695834,0.1635173372499,0,0.0018890452311639,0.0686156306897763,0.0,1.0,likely background
EIF4A2,CYB5R3,-0.0968089331079371,6.938894450490804,-151.298096,-69.9978030000002,0.0512437853447615,0.0548009693271168,0.3802581419454477,0,0.0013652716969577,0.1840226273334998,0.0,1.0,
EIF4A2,HACD3,-0.1268108608369095,87.93247700155017,-320.17708300000004,-302.1667480000001,0.0490642378529998,0.053572716909858,4.710781697586651,0,0.0009459090255215,0.2326843704461104,0.027999999999999983,1.0,
EIF4A2,NSRP1,-0.0904603075068209,22.63964247324192,-260.3306476666662,-338.0222169999997,0.1369976231631998,0.1458642698520005,3.302314919069772,0,0.0005829489292833,0.1257773791888346,0.0019000000000000002,1.0,likely background
EIF4A2,MYH14,-0.0924425308943451,32.95598606627438,-248.48071333333385,-435.05249,0.0802512699236068,0.0855627074787718,2.819803395463116,0,0.0005512215788977,0.0625920661368789,0.0019000000000000006,1.0,likely background
EIF4A2,RPS15,-0.0678519910668459,8.547870389224755,-204.54695666666703,-689.3027350000002,0.065561778232817,0.0687196218682717,0.5874064209265221,0,0.0003745811664932,0.3595933293085194,0.0001,1.0,
EIF4A2,CBX5,-0.1095763349823861,4.440395877939792,-32.024190266666665,-20.83941649999997,0.0395492135152475,0.042670555899952,0.1894741605275467,0,6.755854133797391e-05,0.1550411439139656,0.0,1.0,likely background
EIF4A2,IPO7,-0.0884922513171368,1.9859237620517889,-314.5904136666677,-138.98779300000024,0.4935059942065208,0.524729972540995,1.0420737211299445,0,-0.00010661118309,0.6229582992251514,0.0001,1.0,
EIF4A2,FARSA,-0.0998653353590524,22.33508262976,-164.44848600000023,-317.1289059999999,0.1675209434978909,0.1795296672963608,4.009809953557541,0,-0.0002483310057811,0.13887227635907,0.004000000000000001,1.0,likely background
EIF4A2,RPLP2,-0.1108131616294159,11.885023844395358,-126.58756533333326,-55.449341,0.1101434713091039,0.1189382474652649,1.4135839071352692,0,-0.0006928138975685,0.6749573365358127,0.0,1.0,
EIF4A2,MARCKS,-0.1171064173880108,4.846537115682856,-32.98047893333336,41.16293330000002,0.1669474886668187,0.1810660990134233,0.8775435692604631,0,-0.0008827311566855,0.2357131909785142,0.0,1.0,
EIF4A2,IGHG2,-0.0451177928764721,32.66795748326643,-968.793620000004,-769.1445300000014,0.0864529262412893,0.0892002327737889,2.9139894117516065,0,-0.0009217805445275,0.0629745009797282,0.0016000000000000003,1.0,likely background
EIF4A2,CD2BP2,-0.0854971380381967,4.213043547167843,-113.90747066666675,-505.39917000000014,0.16908037831317,0.1794051980679852,0.7558419120486939,0,-0.0010517725055062,0.1837339457586747,0.0,1.0,
EIF4A2,SPTBN1,-0.1187082507643688,4.034268093005339,-52.18772380000007,38.68682860000001,0.0746587387382314,0.0810625214708797,0.3270279439085304,0,-0.0016091121053017,0.5048576394793641,0.0,1.0,
EIF4A2,HOMER2,-0.1130801927725603,2.601828416324045,-49.73305253333331,-77.42620850000003,0.2273240427054066,0.2458615401802929,0.6396895417222822,0,-0.0018424698166537,0.310290710636697,0.0,1.0,
EIF4A2,RBM26,-0.1122428092387242,22.179668577939378,-184.76839199999995,-222.85669000000007,0.0385182901968418,0.0416351513325574,0.9234538577484758,0,-0.0022282127039257,0.3141820961610501,0.0,1.0,
EIF4A2,PPP1R12A,-0.1200283840374976,4.212353368430413,-81.41884373333323,-18.20172119999995,0.0748658451835318,0.0813618088827208,0.3427246897087206,0,-0.0028834740593944,0.3074229469269406,0.0,1.0,
EIF4A2,SLC16A1,-0.126661596978153,25.628944582722188,-202.98071299999992,-34.806884999999966,0.0886904661079404,0.0968301531618516,2.481654629321598,0,-0.0030681149332665,0.1717182402818022,0.0004,1.0,
EIF4A2,ARF4,-0.1137177354390512,7.440940982733873,-130.9171143333333,-149.51940999999988,0.0940839047651565,0.101801102682329,0.7574959970364413,0,-0.0031023535970758,0.1475873229940313,0.0,1.0,likely background
EIF4A2,SLC25A3,-0.1291888584627469,24.90762783202923,-117.445068,-135.99621500000012,0.0726437471009855,0.0794497818599223,1.978905597902852,0,-0.0039269156872437,0.2392351734787766,0.0,1.0,
EIF4A2,CAPNS1,-0.1357184717461743,13.980395475539105,-43.99895223333334,-5.226226800000006,0.1104182623241107,0.1213112312398486,1.6959789883576577,0,-0.0045383167521892,0.162108428806155,0.0,1.0,
EIF4A2,TMPO,-0.1202274146813407,8.268514891293675,-153.0323483333334,-143.63183600000002,0.0147883690267565,0.0160737443945608,0.1329059948852742,0,-0.0046586584648172,0.1368603455084832,0.0001,1.0,likely background
EIF4A2,POLDIP3,-0.1309581660214719,11.031645611525835,-219.9181316666668,2.1635740000001533,0.0494359450423428,0.0541339768087544,0.5971868476967377,0,-0.0058058775144528,0.1975470424896592,0.0,1.0,
EIF4A2,GLO1,-0.1149904078599979,8.022636251811393,-198.57722999999987,-348.87597700000015,0.042726986754326,0.0462724538888951,0.3712270660293212,0,-0.006408385222962,0.1331863605425975,0.0,1.0,likely background
EIF4A2,RPS7,-0.0577186740052435,17.050232985467428,-735.8932266666634,-1043.6132800000014,0.0489560335858595,0.0509548815640899,0.8687926024146331,0,-0.0064139228364593,0.2840637807272477,0.0,1.0,
EIF4A2,DCTN1,-0.1312017443929668,21.70100878018035,-207.9242350000004,-248.74096700000015,0.1094218736587603,0.1198407626157775,2.600665441748497,0,-0.0071774891812211,0.1153045615491784,0.0011,1.0,likely background
EIF4A2,AP3D1,-0.1350392828129084,39.9951867964183,-264.8659673333332,-336.1625979999999,0.0575361088759575,0.0631824018471027,2.5269919641212377,0,-0.0072264528926291,0.0870706134876905,0.0007000000000000001,1.0,likely background
EIF4A2,FAM76B,-0.1467948461032477,5.483884817511098,-15.74956766666665,32.456253000000004,0.6629585803444125,0.7339743041112317,4.025030542758857,0,-0.007455732316271,0.4850655175105974,0.009100000000000004,1.0,
EIF4A2,MAP1LC3B2,-0.1507083592335218,12.377957048641376,-34.19216919999997,25.934692299999995,0.6675305038897691,0.7410434521361413,9.17260402171809,0,-0.0076943713340315,0.419069360950517,0.025499999999999978,1.0,
EIF4A2,BABAM1,-0.1392921051229768,9.255389968537637,-87.55737283333337,-142.66949469999997,0.1783060806857168,0.1963821629158287,1.8175935006508857,0,-0.0080954597374686,0.1507478162782101,0.0,1.0,likely background
EIF4A2,PCNP,-0.1466789398826836,6.938471733628787,-87.99053943333331,20.66583250000008,0.1578820126955246,0.1747801962161699,1.212707451043988,0,-0.0082029955320105,0.1359638915575382,0.0,1.0,likely background
EIF4A2,LSM3,-0.1353168794074992,14.159164110561209,-158.37467433333336,-218.8991699999999,0.0555841862280353,0.0610506737960663,0.8644265093388422,0,-0.0082245846497818,1.0680747871227598,0.0,1.0,
EIF4A2,RACK1,-0.1437554651735877,15.58422364157021,-178.9659833333335,-155.60144100000002,0.0319919240623952,0.0353443391071137,0.550814085108756,0,-0.0094546158063487,0.104251294982743,0.0,1.0,likely background
EIF4A2,PNISR,-0.1283601158886623,15.117339784331245,-281.5332846666661,-357.98461899999984,0.0347652281283837,0.0380005669188522,0.5744674821095069,0,-0.0095483042719227,0.0563235665747744,0.0,1.0,likely background
EIF4A2,EIF5,-0.1399596960620651,7.79087836507695,-112.4701536,-250.85192859999995,0.2301828463653112,0.2536353650192305,1.9760422779467184,0,-0.0099907908072011,0.2037272115986249,0.0,1.0,
EIF4A2,CLTC,-0.1512014306301314,22.84414407730873,-214.5627039999997,-154.94506899999988,0.1267593136683842,0.1407670041490494,3.215701724112001,0,-0.0105625167858877,0.1306053739044128,0.0016,1.0,likely background
EIF4A2,RPS16,-0.0630494016503872,106.60122477726144,-2830.522133333332,-269.85936999999103,0.1246381957851369,0.1302073354917014,13.880261438399154,0,-0.0106462741472419,0.2170859345466088,0.06409999999999996,1.0,
EIF4A2,EIF2S3,-0.1309362073162014,11.116918156127214,-232.86454233333325,-415.40185500000007,0.2651291854121478,0.2903207111257581,3.227471584613704,0,-0.0107843006676703,0.2179713114258105,0.0013,1.0,
EIF4A2,FAM133A,-0.1236915394483044,1.297821583478367,-98.93648313333324,-604.2700199999999,0.2371690621244518,0.2584030476637274,0.3353610524945746,0,-0.0111184437436949,0.5500918876143173,0.0,1.0,
EIF4A2,SF3B2,-0.1539150214354153,5.99460326070592,-175.91784633333305,-32.45519999999988,0.1063977782155502,0.1183778449183063,0.709628215142619,0,-0.0116122887597762,0.13010146674786,0.0,1.0,likely background
EIF4A2,FGF2,-0.1396777528894959,10.45463399528013,-242.49442566666676,-301.35302699999966,0.1251023138985512,0.137821610438479,1.440874493774378,0,-0.0116525949140088,0.1659091526860147,0.0,1.0,
EIF4A2,CALR,-0.1922519510097905,84.58082937539677,-158.56005800000003,-228.69226000000003,0.0762897030851869,0.0871654728974501,7.372527990565003,0,-0.0116870352602119,0.0889235350745203,0.04139999999999998,1.0,likely background
EIF4A2,PRPF6,-0.1521095713294901,5.360488368480023,-142.0727536666666,-126.00268499999991,0.0155840542083857,0.0173170862368737,0.092828039348727,0,-0.0119819799617856,0.1754137635918378,0.0010999999999999998,1.0,
EIF4A2,ALDH1L1,-0.1531443628944357,7.995009580301287,-136.5769456666667,-168.31103600000006,0.0443186056298134,0.0492824130356803,0.3940133643606296,0,-0.0122852565234508,0.1025000564461506,0.0,1.0,likely background
EIF4A2,BOLA2,-0.3274621666675154,407.9566369464102,-773.2909343333336,-849.2102049999999,0.0500713839166952,0.062830567035076,25.63214682506559,0,-0.0126281408632133,0.1049428864184761,0.16549999999999998,1.0,likely background
EIF4A2,ZGPAT,-0.1547193801916851,8.738994638730265,-102.4289146333333,-216.9653319,0.1215681790777103,0.1353318194229051,1.1826640443863805,0,-0.0127119005811503,0.4131401742726241,0.0,1.0,
EIF4A2,SELENOH,-0.1553507638309963,9.61595617868767,-152.82478866666656,-186.27001999999993,0.0767529752878278,0.0854801540490364,0.8219734154830058,0,-0.0129625147216975,0.2105889564097978,0.0,1.0,
EIF4A2,RPL12,-0.0897950593073322,10.39301372343409,-692.6858733333338,-974.670900000001,0.031638383511,0.0336705270342628,0.3499382495423518,0,-0.0133249478797483,0.1686552604422607,0.0,1.0,
EIF4A2,PSMC2,-0.1157534840013719,15.199153759467146,-523.610514,-722.3784180000002,0.1027225871980801,0.1113053207994659,1.6917466850778988,0,-0.0136951762652176,0.0791402865274258,0.0,1.0,likely background
EIF4A2,PSMD7,-0.1517673978618964,19.120907348769915,-340.5899250000002,-256.33960000000025,0.0575123027251332,0.0638928293691006,1.2216888706173388,0,-0.0138336256630558,0.0901277021827768,0.0001,1.0,likely background
EIF4A2,GET4,-0.169496700786338,9.247889434560182,-95.61979166666674,-101.748291,0.184854192925306,0.2079015759092184,1.9226507872792735,0,-0.0145906222275903,0.2535766645004459,0.0,1.0,
EIF4A2,NCAPD2,-0.1423042190053353,15.35877288043067,-590.4319663333335,-259.24853500000063,0.0486018593993747,0.0536408333531244,0.8238573765876688,0,-0.0151160414029778,0.0993554864030827,0.0,1.0,likely background
EIF4A2,BRD9,-0.1736827674628325,3.0620145793571543,-49.18564860000003,-42.22552489999998,0.226225793168114,0.2551706623240727,0.7813362882605319,0,-0.0151603627722224,0.2551637410340973,0.0,1.0,
EIF4A2,DPYSL2,-0.1761102225710592,16.545492997733987,-158.28776033333315,-67.60449199999994,0.1145302154430641,0.1294015397512843,2.141012269850872,0,-0.0154283599362916,0.0933276252371776,0.0002,1.0,likely background
EIF4A2,SNRNP200,-0.1443112031129259,7.618241967763312,-307.26765966666653,-447.7407229999999,0.1276116118788715,0.1410382774208448,1.074463724108525,0,-0.015542283209278,0.1306949887892664,0.0,1.0,likely background
EIF4A2,SMNDC1,-0.1778756534066519,17.442214944836483,-131.01635729999987,-109.22167999999988,0.0801526976543942,0.0906711165431701,1.5815051040342918,0,-0.0158753638987445,0.2696041262251043,0.0,1.0,
EIF4A2,FAM50A,-0.1544138299468457,9.780624849673266,-388.44645200000014,-236.6203620000001,0.1463142715645303,0.162845108412075,1.5927269139828786,0,-0.0160358011804996,0.1751064293233255,0.0,1.0,
EIF4A2,NFATC2IP,-0.1624727118104164,12.017753719289656,-291.33430966666674,-254.240722,0.0852868197279899,0.0954543974757109,1.147147440286279,0,-0.0166463354127769,0.1119471696106795,0.0,1.0,likely background
EIF4A2,SEC61A1,-0.1448282338926984,7.650007024840515,-366.0565590000001,-533.8005370000001,0.0988238458253881,0.1092607544661083,0.8358455392051033,0,-0.0173341153484649,0.2431084455012699,0.0,1.0,
EIF4A2,KRT19,-0.1197335548819641,1.451959916014112,-652.1876613333352,-678.8579100000006,0.6930254273614842,0.7530039937884415,1.0933316155793564,0,-0.0174598623689427,0.6207712136463344,0.005900000000000001,1.0,
EIF4A2,RAP1B,-0.2008551518547436,71.13424578404812,-281.95597299999986,-295.4631340000001,0.0339058059835487,0.0389710843316392,2.77217869131769,0,-0.017682969082317,0.3040707959420075,0.02010000000000001,1.0,
EIF4A2,CHMP2B,-0.1662769861563296,5.378924637265894,-139.2342322333334,-369.1831660999999,0.319042327852914,0.3580202070117841,1.9257637121347215,0,-0.017993512410966,0.2406110390739012,0.0001,1.0,
EIF4A2,RCN2,-0.1638721617804186,32.772833280168534,-496.5656733333335,-384.1972649999998,0.0451617461339159,0.0505948166806497,1.6581354919156226,0,-0.0180127617422821,0.0766541606440123,0.0002,1.0,likely background
EIF4A2,LTN1,-0.1848023702664938,6.816476794817441,-138.15502923333338,-26.792114000000083,0.1431083810434363,0.1626676010249611,1.1088199276552697,0,-0.018028838812654,0.191283589872812,0.0,1.0,
EIF4A2,ELP3,-0.1744864710131251,10.84860381029827,-291.5960286666659,-138.92480399999977,0.0510080692345614,0.0575664499359604,0.6245156081206049,0,-0.018205671365504,0.1871366935190462,0.0,1.0,
EIF4A2,SEC22B,-0.1875798972890043,41.18194487526134,-196.26505499999985,-345.240356,0.1687646716917194,0.1922001226837804,7.915174857381912,0,-0.0183367462852753,0.1466886463180786,0.020900000000000012,1.0,likely background
EIF4A2,CHUK,-0.1834485509860455,9.032928443266584,-197.38635249999993,-60.02502400000003,0.2167764911002251,0.2461731203568933,2.2236641808394695,0,-0.0184886621365447,0.1605881800042661,0.0002,1.0,likely background
EIF4A2,GAR1,-0.1559596240531664,8.795282030173894,-307.71777333333284,-491.8483879999999,0.0290137336374748,0.0323263732699808,0.2843195699221558,0,-0.0185502504547295,0.2647725763519767,0.0,1.0,
EIF4A2,ZCCHC17,-0.1498311858114902,17.973636252430886,-441.5181473333346,-601.0783690000003,0.0632305016643719,0.0701512036380665,1.2608722168608149,0,-0.0187169368662883,0.0962453710558507,0.0001,1.0,likely background
EIF4A2,AMD1,-0.129117594978893,23.846162411786004,-759.7060553333331,-794.506347999999,0.0497035258170201,0.0543575928034246,1.296219986304194,0,-0.0191241112885423,0.1139721955794566,0.0,1.0,likely background
EIF4A2,HTATSF1,-0.1895057250565973,31.498109346787555,-240.37968,-235.13256899999988,0.0238551610694101,0.0272040906566169,0.8568774221820411,0,-0.0193296626619398,0.1255291966923234,0.0003,1.0,likely background
EIF4A2,CFL1,-0.1646741898060203,19.55400679684656,-504.7349446666667,-341.3857419999995,0.1129650862240666,0.1266254427451479,2.4760347680923265,0,-0.0195976654237439,0.0915198632357001,0.0,1.0,likely background
EIF4A2,CCAR2,-0.1439297427668082,25.26650711563296,-495.43489599999975,-849.1289069999993,0.1536987723385173,0.1698252908447452,4.290891919543193,0,-0.0198797527552163,0.1094517611554145,0.004300000000000002,1.0,likely background
EIF4A2,ACTR2,-0.2035164481183308,7.832798515894127,-106.07118733333334,44.869689900000026,0.2127364057153354,0.2449691378803991,1.918793899629454,0,-0.0209475685543262,0.1674542768979736,0.0,1.0,
EIF4A2,ENSA,-0.1372069879693995,7.132073316824607,-395.5318193333328,-977.9335930000002,0.1236390853554462,0.1359765377429799,0.9697946365509011,0,-0.0211644238400673,0.1204927199205164,0.0,1.0,likely background
EIF4A2,ZW10,-0.1792529632479966,8.772304178930112,-229.0824383333336,-349.06152399999996,0.0482592239097608,0.0546444135869291,0.479357417663804,0,-0.0212896283580962,0.1241831879867386,0.0,1.0,likely background
EIF4A2,MYH9,-0.078736659554125,31.14558407573191,-1272.458333333332,-1553.8945300000014,0.0355276345531093,0.0375208765597604,1.168609615487177,0,-0.0214003285117787,0.0403243818944226,0.0,1.0,likely background
EIF4A2,NUP43,-0.1900994183295512,8.226495241096613,-114.15653476666672,-276.17895509999994,0.2301633013071913,0.2625830326840344,2.1601380687679246,0,-0.0216584684410536,0.1805174065342539,0.0,1.0,
EIF4A2,RPS5,-0.0973936018166061,27.103920778807225,-1701.8157599999977,-762.6855499999983,0.0476871754101412,0.0510181423270263,1.3827916879136348,0,-0.0219833190861775,0.146448473637671,0.0002,1.0,likely background
EIF4A2,RAB7A,-0.1894778592420133,14.050068567344852,-329.41259800000034,-188.78784200000015,0.0417431100759495,0.0476023370177477,0.668816099065214,0,-0.0221971539528717,0.0799608584815425,0.0,1.0,likely background
EIF4A2,MCCC1,-0.2035066595646809,8.126427884537454,-79.32562253333333,-99.91931149999994,0.0545104433788165,0.0627691610794842,0.5100890608853437,0,-0.0222760640337319,0.1028098663785472,0.0,1.0,likely background
EIF4A2,DYNC2I1,-0.2049168690399367,6.707923268711647,-102.2297159666665,-41.25726309999993,0.1025020493455399,0.1181472665900897,0.7925227986943408,0,-0.0223749035005118,0.1648608363462695,0.0,1.0,
EIF4A2,NHP2,-0.2058079095226082,4.786672069118142,-91.99468996666668,-26.216186499999935,0.0848512784230205,0.0978628260589642,0.468437256101411,0,-0.0225471341085702,0.2524975962101271,0.0,1.0,
EIF4A2,LDHA,-0.1844345477214158,7.025871542884393,-252.50561500000023,-316.5927740000002,0.0560386608488329,0.0636814604432155,0.4474177607373061,0,-0.022601693364275,0.1643266109565704,0.0,1.0,
EIF4A2,UBA1,-0.2092156882280658,22.49602902805375,-127.5726725333334,-145.97027579999997,0.0817996046613766,0.0945663056634677,2.1273663572811734,0,-0.0227062307593786,0.2049792321721451,0.0001,1.0,
EIF4A2,CUSTOS,-0.2103814890804559,29.069099115399897,-223.0447593333331,-191.5749519999999,0.0289794223194942,0.0335294081489787,0.9746696887633596,0,-0.0237075096696826,0.1940419508985969,0.0002,1.0,
EIF4A2,ERC1,-0.2080626393372664,7.916602757976205,-141.5143637333332,-77.58813509999993,0.0815627408740298,0.0942171414790532,0.7458796820817076,0,-0.0238018693383245,0.2013362931527083,0.0,1.0,
EIF4A2,RBM42,-0.2080125143654521,9.906970816588824,-119.45440676666658,-133.13470459999996,0.0372173000249719,0.0429900436769892,0.4259011081118112,0,-0.0239081777171993,0.2813209327795071,0.0,1.0,
EIF4A2,PGD,-0.2014035478792585,5.011057340572044,-151.8224693000003,-199.4329838,0.0868825311188292,0.0999001102105822,0.5006051805946943,0,-0.0242157352801502,0.251733658543312,0.0,1.0,
EIF4A2,KIF11,-0.1549040890120517,35.38174637685915,-735.8435873333328,-891.548828,0.0696594179557607,0.0775560092622427,2.744067049718014,0,-0.0242693936648495,0.0869476645526243,0.0016000000000000003,1.0,likely background
EIF4A2,ATP5F1A,-0.1722471857541823,12.895195440614218,-629.1518553333317,-417.2802729999994,0.086128864765426,0.0970521556958521,1.2515065156309333,0,-0.0245500932340742,0.1141822611021057,0.0,1.0,likely background
EIF4A2,LBR,-0.1728604635400898,17.367094468969565,-655.6787110000005,-515.0673829999996,0.0446847212787387,0.0503732687915879,0.8748373178143052,0,-0.0255206614015076,0.6412089557244409,0.0,1.0,
EIF4A2,IVNS1ABP,-0.1132865014995303,50.32140372378142,-1354.0885366666662,-1401.3476500000031,0.015453790943268,0.0167163850277464,0.8411919597834056,0,-0.025821205401635,0.180346375977832,0.017400000000000013,1.0,
EIF4A2,RRP36,-0.2234389638692828,5.36012053951109,-89.64866130000007,8.940856899999972,0.2620152121900024,0.3059098121283216,1.639713467226995,0,-0.0260472769608018,0.2670928368422495,0.0,1.0,
EIF4A2,MARS1,-0.2279790122887355,30.68243366993026,-173.44956483333306,-122.69397000000004,0.1523194443905993,0.1783975782078116,5.473671860237379,0,-0.0261203257422965,0.1687224911696388,0.011800000000000007,1.0,
EIF4A2,RANGAP1,-0.2056729793714814,31.36316029296116,-334.9570309999999,-418.69091800000024,0.0985942958037818,0.1137026362067767,3.566074005085387,0,-0.0262520773942162,0.1113141530329202,0.0034000000000000007,1.0,likely background
EIF4A2,ZMAT2,-0.2128358691907416,84.40785853501247,-680.3339029999997,-570.6279299999997,0.0569515926564625,0.0660056158956619,5.571392689037406,0,-0.0263980437760049,0.1273990423472004,0.03089999999999998,1.0,likely background
EIF4A2,SNU13,-0.2730851735102384,116.81501388228476,-241.02547200000004,-240.7154539999999,0.0878667386921175,0.1061784995336208,12.403242897020087,0,-0.026780382921537,0.7728263071393426,0.07619999999999995,1.0,
EIF4A2,LMAN1,-0.2197864930803778,10.142454683171788,-156.76660193333316,-138.20489489999989,0.13257915102966,0.1543983370327778,1.5659781365120335,0,-0.0270465682938978,0.1849567000821738,0.0,1.0,
EIF4A2,SEC13,-0.2162144460527025,6.298139009453587,-172.4282631000001,-150.74780299999998,0.0647915692890907,0.0752680349399703,0.4740485470203431,0,-0.0270849186926442,0.1339345113022993,0.0001,1.0,likely background
EIF4A2,P4HA1,-0.2182161807733882,5.820541473343646,-176.8157143333333,-110.76367099999992,0.0695951223716242,0.0809605539257372,0.4712342618296286,0,-0.0271925629356733,0.262088474165679,0.0,1.0,
EIF4A2,SEPTIN7,-0.1939187916827705,29.7543930559717,-447.2914223333332,-612.030029,0.0572885610479199,0.0655312202135278,1.9498416836707448,0,-0.0273385300606088,0.1123368564580284,0.0002,1.0,likely background
EIF4A2,FHL1,-0.2078071428169819,6.154028862197679,-316.69559733333335,-201.37329099999988,0.0392364343205732,0.0453159127937269,0.2788754352494287,0,-0.0274465581740554,0.1267345718327032,0.0,1.0,likely background
EIF4A2,FRA10AC1,-0.2226735924734439,9.950955962373031,-175.2817382666667,-111.53601099999992,0.0665915461994465,0.0777061867195555,0.7732508420502329,0,-0.0276345818238377,0.1750932145738248,0.0,1.0,
EIF4A2,MYL12B,-0.1389110659434369,35.67314067641187,-1606.732750000005,-663.7949200000003,0.0858268779202456,0.0945027603774336,3.371210265253433,0,-0.0280173687015474,0.0821963804123873,0.0019000000000000006,1.0,likely background
EIF4A2,NCAPG,-0.1992028782368123,10.761525233734355,-529.1921383333342,-264.5283199999999,0.1167437470795566,0.1340308143061464,1.4423759902535591,0,-0.0280490835380611,0.115893368948539,0.0,1.0,likely background
EIF4A2,TPM3,-0.2295576088157682,77.2017216755079,-466.9753423333336,-516.468018,0.046410320974457,0.0544155959722693,4.200977695058027,0,-0.0280925479701965,0.3298183306921723,0.023000000000000003,1.0,
EIF4A2,HEXIM1,-0.2278603818692334,12.400999960881292,-139.36051450000002,-176.37481690000004,0.115349764868509,0.135087327339587,1.6752179410537773,0,-0.0288177909238856,1.1179816630896011,0.0,1.0,
EIF4A2,ARF3,-0.1400157796742041,25.88475700421167,-677.3802083333339,-1525.609375,0.1587149040954189,0.1748926048404769,4.527052578129361,0,-0.028858191271255,0.1144455733185954,0.005300000000000003,1.0,likely background
EIF4A2,APLP2,-0.2221418297238725,5.238979053986464,-148.0756428333334,-216.05590800000004,0.038676134194139,0.0451148459115742,0.2363557327545645,0,-0.0290550210320979,0.2414988256977435,0.0,1.0,
EIF4A2,RPS12,-0.2065247829569882,15.130244516196717,-516.2416990000002,-285.8247070000002,0.0587619360171818,0.0678064897085149,1.0259287690748076,0,-0.0292167732394799,0.8493045968475446,0.0001,1.0,
EIF4A2,FANCD2,-0.2280922935582136,12.247112299489302,-181.61751299999992,-181.10681099999988,0.0224854443199318,0.0263371745950993,0.322554334917438,0,-0.0294351726089653,0.3040347243386742,0.0007000000000000001,1.0,
EIF4A2,DPYSL3,-0.2249630069740609,6.871268401992823,-147.8073935,-220.17962660000012,0.1039569284675192,0.1215007973806195,0.8348645898583835,0,-0.0295191394074884,0.1549607989189003,0.0,1.0,likely background
EIF4A2,TRAP1,-0.2359328976285957,18.573433178248205,-154.49403856666677,-149.06640620000007,0.1410786360888294,0.1661457536621649,3.085897053493908,0,-0.029670875953631,0.1209324574744012,0.0017000000000000001,1.0,likely background
EIF4A2,SKIC8,-0.1951498187531259,1.335398744306037,-271.14510080000014,-639.4998777999999,0.716028274182446,0.8197493726368049,1.094692282864851,0,-0.0297802738428281,0.6560725156045025,0.01770000000000001,1.0,
EIF4A2,MAP4,-0.2326687325026577,4.455603597398031,-138.46993013333338,-83.39117429999999,0.0843633113071606,0.0991286035623678,0.4416777626375296,0,-0.0299078025274995,0.1529386496621689,0.0,1.0,likely background
EIF4A2,CSNK1A1,-0.2233393642904407,2.861044800759692,-183.8626506333335,-208.4134521000001,0.3305656731557095,0.3859176763839492,1.1041277615395593,0,-0.0299774317712427,0.5017973366619952,0.0001,1.0,
EIF4A2,CAMK2D,-0.2661312875452209,91.01102652648343,-262.0639243333335,-345.652466,0.1160432209731818,0.1395527817900979,12.700841925343155,0,-0.0301811333837306,0.1155673847459834,0.04909999999999998,1.0,likely background
EIF4A2,F5,-0.2203962032032358,9.351984482317375,-298.192952666667,-248.314697,0.0629535760989261,0.0733451385457222,0.6859225975330128,0,-0.0302064632590399,0.3052636516960592,0.0001,1.0,
EIF4A2,DYNC1H1,-0.2307924284154046,26.82254630146775,-290.4012859999996,-261.06115699999987,0.0054250637449405,0.0063662748683599,0.1707597024244548,0,-0.0302457690616423,0.1403676592170696,0.0003,1.0,likely background
EIF4A2,PARP1,-0.2030361473356783,9.301802721482902,-478.09448266666686,-431.88427699999966,0.107367830038902,0.1235945002215386,1.1496516585210272,0,-0.0304720248201608,0.2432068422488535,0.0,1.0,
EIF4A2,SART3,-0.2072665285153089,16.406969304191957,-297.80326333333346,-613.5007319999997,0.2553084726186976,0.2947566985969952,4.836064106085861,0,-0.030487530547412,1.2719116553410323,0.006500000000000003,1.0,
EIF4A2,HP,-0.2282396062780155,4.651685975390378,-272.418945666667,-94.63745199999994,0.6606390264834657,0.7738847357188035,3.5998687717118467,0,-0.0305523146119343,0.422836040116008,0.007500000000000002,1.0,
EIF4A2,DEK,-0.2073180866104488,11.855436825928637,-423.4772136666661,-439.73169000000007,0.0480886349571795,0.0555208908920303,0.6582244144897421,0,-0.0305575894098049,0.1756834594072913,0.0,1.0,
EIF4A2,NOB1,-0.2163302222496045,5.584605523475048,-288.46476266666673,-360.5548100000001,0.0058524935564016,0.0067993574890873,0.0379717293896385,0,-0.0309851231561794,0.1165507176886077,0.0001,1.0,likely background
EIF4A2,SARNP,-0.2176545874461041,32.01457773469637,-511.967529333333,-458.7309570000002,0.0283664410799469,0.0329860612693461,1.0560348226689378,0,-0.0314022423936288,0.1171804355541978,0.0002,1.0,likely background
EIF4A2,PDIA3,-0.1966946315130559,38.79573429278382,-706.8230793333332,-756.6328129999993,0.0279943179744318,0.0320838038588825,1.2447147296109993,0,-0.0314153329841865,0.0649910949919356,0.0,1.0,likely background
EIF4A2,UGGT1,-0.2340873006588765,8.867415296664833,-253.61454233333347,-132.30859299999997,0.0876915556461419,0.1031407254328244,0.9145916464121348,0,-0.0315276153162797,0.1197878709907157,0.0,1.0,likely background
EIF4A2,TRAFD1,-0.2379407880026602,4.426636746126925,-107.30055746666665,-156.04522709999992,0.1151279394215464,0.135772922965105,0.6010174099263941,0,-0.031594494663345,0.1639521375225908,0.0,1.0,
EIF4A2,SRP9,-0.2359074716737347,61.58151457514164,-482.0120439999996,-530.4555660000001,0.0351783536050656,0.0414281795377187,2.5512100420236132,0,-0.0320066941406807,0.3909173764703756,0.018400000000000014,1.0,
EIF4A2,TCEA1,-0.2239393194545764,12.906111500751864,-381.9515783333336,-297.7265620000003,0.0384057348029441,0.0448552832335656,0.5789072868102038,0,-0.0320697784737638,0.082930627405756,0.0,1.0,likely background
EIF4A2,DCAF1,-0.2718928176544413,61.89758426915938,-153.67757160000008,-179.4343262000001,0.189944649012979,0.2293402073411689,14.195604810206492,0,-0.0322850801101678,0.2144286299021603,0.04319999999999997,1.0,
EIF4A2,EIF2B2,-0.2533285605108421,69.75877342596513,-317.14766433333284,-480.61084000000005,0.1403011481944608,0.1672345081833091,11.666074165362174,0,-0.0323711273783064,0.1913162442641025,0.040499999999999974,1.0,
EIF4A2,TRIM21,-0.1724569470779423,34.0606041667889,-997.1878253333334,-982.0385739999992,0.0232753362979695,0.0262310438313457,0.893445200821158,0,-0.0325177537781685,0.0951780677163985,0.0007000000000000001,1.0,likely background
EIF4A2,C3,-0.1841894428902966,28.81408631424885,-651.7978513333337,-1108.5830070000002,0.0953037769191721,0.1082833277009034,3.120085150767925,0,-0.0333789939858588,0.0895187421084118,0.0016000000000000003,1.0,likely background
EIF4A2,AP1G1,-0.2422326076685335,6.24659335406629,-183.7659911333334,-198.1406245000001,0.0407517373942726,0.0482026091605112,0.3011020980307047,0,-0.0336957537600577,0.2090188481331675,0.0,1.0,
EIF4A2,BTF3L4,-0.2360008872476151,14.597561614436527,-262.91601533333323,-341.9708249999999,0.1099187404931495,0.129455409922394,1.8897333226642852,0,-0.0337213863030534,0.1084904086044178,0.0,1.0,likely background
EIF4A2,POLDIP2,-0.2508752031311062,9.823343015468955,-159.32545943333332,-108.41455040000004,0.1946151927949584,0.2315809706737702,2.274899310783702,0,-0.0338510464866606,0.4304340537377121,0.0003,1.0,
EIF4A2,RBBP4,-0.2449733312364975,12.113288715576717,-231.14607733333332,-202.80236800000011,0.07134128712367,0.0845454827126622,1.0241238416962777,0,-0.034120737872568,0.2873604517918577,0.0,1.0,
EIF4A2,FAU,-0.0250801220769105,65.13603276620483,-2376.682299999986,-3028.640600000014,0.0227777259215662,0.0231773965360081,1.5096836602047476,0,-0.0344278442982745,0.0738416842808342,0.017400000000000013,1.0,likely background
EIF4A2,TRMT10C,-0.2450848609512134,20.39053216250065,-301.39790833333336,-312.1470939999999,0.1185445811330675,0.1404962550513624,2.8647934073356995,0,-0.0350973426257743,0.1110543788026753,0.0012,1.0,likely background
EIF4A2,HSD17B12,-0.2279720108705855,21.803194173935314,-568.7031253333325,-480.4375,0.0335465019856129,0.0392897025841703,0.8566410144788339,0,-0.0360529342091705,0.1278358152751284,0.0,1.0,likely background
EIF4A2,SMC2,-0.2054209808596977,9.747823498215944,-667.9388020000006,-769.2900390000004,0.1367224084913736,0.1576458653517214,1.5367040706720971,0,-0.0370646177831461,0.1299790172349899,0.0,1.0,likely background
EIF4A2,YWHAZ,-0.2505901491787041,9.396589276417922,-346.1953533333335,-207.0764160000001,0.1123721264129185,0.1336899981881857,1.2562300033394376,0,-0.0371502857612147,0.2286062379865781,0.0,1.0,
EIF4A2,UBE2E1,-0.2485283759422237,26.60323547632854,-448.33227533333275,-374.24243099999967,0.0407574792984051,0.0484202438191065,1.2881351481409322,0,-0.0374527938973577,0.1019155009899731,0.0003,1.0,likely background
EIF4A2,YWHAE,-0.204952505217358,56.046977291449984,-1212.6015626666658,-828.5761719999991,0.0792419416905373,0.0913391501202158,5.119283272608077,0,-0.0376237848273809,0.191573816472232,0.02489999999999999,1.0,
EIF4A2,CS,-0.2496229003434669,11.2690343977449,-321.86214233333317,-316.98767099999986,0.0605628340489123,0.0720037862196432,0.8114131436770298,0,-0.0376684684374378,0.1190815879220926,0.0001,1.0,likely background
EIF4A2,TM9SF2,-0.2587825326599544,4.122287775447509,-178.85335273333328,-205.34020980000005,0.0456177787724514,0.0545808928413704,0.224998147332992,0,-0.0377799041017366,0.228534291209057,0.0,1.0,
EIF4A2,GPBP1,-0.2635925367431542,7.857522931248865,-200.15246579999996,-148.1804811000001,0.018818959132299,0.0225917603730299,0.1775152751883626,0,-0.0379479525044182,0.1942735665441168,0.0,1.0,
EIF4A2,PRRC2C,-0.2338351507237248,18.780057555812853,-447.19970699999976,-620.5871579999998,0.0598410038973078,0.0703712673035888,1.32157645023689,0,-0.038021502392683,0.1024907483243256,0.0001,1.0,likely background
EIF4A2,RTRAF,-0.2267141051014436,18.40064065702141,-486.2062990000004,-727.2121589999997,0.0610853363662716,0.0714808647386605,1.315293705909245,0,-0.038140611337065,0.0933364670386839,0.0001,1.0,likely background
EIF4A2,CPSF6,-0.1894742397395034,27.901621058086604,-989.6254879999988,-1071.201172,0.026404169796594,0.0301102872699462,0.8401258253561688,0,-0.0381795507145194,0.1072602040253817,0.0,1.0,likely background
EIF4A2,HCFC1,-0.2626302548560872,7.032248344579701,-227.7987880000001,-156.868287,0.0426606211449687,0.05117902042212,0.3599035816406644,0,-0.0382620875204361,0.11543083267616,0.0,1.0,likely background
EIF4A2,MEPCE,-0.2697313666582854,46.93916074129084,-341.6219073333334,-385.749145,0.0446290020138114,0.0538046292644783,2.5255441416709115,0,-0.0384026522564276,1.4119753415159817,0.013000000000000006,1.0,
EIF4A2,IRAK1,-0.2747525335330853,5.259995202138718,-111.6809387666666,-38.54443360000005,0.1310425982233345,0.1585354915225681,0.8338959247774119,0,-0.0385477133682924,0.1799010707646321,0.0,1.0,
EIF4A2,CISD2,-0.2637275648604351,10.099905784524656,-196.4069621333332,-234.23571760000016,0.1203865641800888,0.1445350382383137,1.459790268769637,0,-0.0386278138658317,0.1491016724165706,0.0,1.0,likely background
EIF4A2,FBXO21,-0.269868324614462,16.876106380765044,-234.18310566666673,-194.67456100000004,0.0315379569523122,0.0380257030990118,0.6417258107023104,0,-0.0390783965629256,0.1427696438797566,0.0,1.0,likely background
EIF4A2,RAB11B,-0.2406183519288958,12.188977008548555,-470.506022,-496.592529,0.0615905025101407,0.0727699740613684,0.8869915407466945,0,-0.0392961499224648,0.2174632681736467,0.0001,1.0,
EIF4A2,HAX1,-0.2784241014514623,20.224584301408235,-168.7712809333334,-157.42053220000005,0.056007920957723,0.0679311122195712,1.373878505773142,0,-0.0393801615966763,0.1315152338924758,0.0,1.0,likely background
EIF4A2,MRPS23,-0.2669669435180563,4.146747520242286,-159.96669500000007,-213.3376465,0.1531549773178592,0.1842898425358403,0.7642034475413374,0,-0.0395140461361079,0.313915246225953,0.0,1.0,
EIF4A2,CACYBP,-0.2591679400298247,12.448153042619294,-332.5189616666664,-317.38708499999984,0.0536323887660849,0.0641873819460131,0.7990143538690305,0,-0.0398081915014298,0.1008835374585895,0.0,1.0,likely background
EIF4A2,EXOC2,-0.2633046954926821,8.5297258178304,-251.74035633333324,-294.5793449999999,0.0525124687544198,0.0630275259689936,0.5376075154917015,0,-0.0400860197731594,0.1542482790042073,0.0,1.0,likely background
EIF4A2,KARS1,-0.2731909735639443,4.176488236185308,-203.6922202666666,-107.25976580000008,0.0455952034962349,0.0551014572089789,0.2301305878299685,0,-0.0402015651091591,0.2752085090350744,0.0,1.0,
EIF4A2,KRR1,-0.2714883201415652,7.627209534671946,-180.00488270000005,-238.4775999000001,0.1035941755989753,0.1250451087764496,0.9537452459238276,0,-0.0405915810078617,0.244014442003299,0.0,1.0,
EIF4A2,HAUS3,-0.2691383760119404,6.260921886203554,-167.72688789999984,-285.38800000000003,0.0798759502510953,0.0962587007821595,0.6026682064645417,0,-0.0406455207489636,0.2126090826634721,0.0,1.0,
EIF4A2,SAFB,-0.2823693052416285,7.597051758378538,-166.1825153333334,-97.73901360000002,0.1732662611422935,0.2107273552809371,1.6009066249755026,0,-0.0412796861255786,0.2156197520514911,0.0,1.0,
EIF4A2,PROSER2,-0.2760900547604335,13.759366304796266,-237.6480707999999,-236.179077,0.1101717370493761,0.1334095268256649,1.835630548143868,0,-0.0414418827932375,0.1452441345415421,0.0,1.0,likely background
EIF4A2,RPL11,-0.1550494673757831,23.205283496979856,-1417.0947266666662,-1587.9658199999994,0.076231618836635,0.0848817878889059,1.9697059516925737,0,-0.0419240827395109,0.4613045606722963,0.0,1.0,
EIF4A2,PRMT3,-0.2769286669104995,22.12972701167351,-322.6826983333333,-281.12438900000006,0.0266374736728303,0.0322746938158803,0.7142301635307793,0,-0.0419949616778457,0.1715946344402153,0.0,1.0,
EIF4A2,HADHA,-0.271068986919027,37.11786094431932,-454.22810866666623,-481.51830999999993,0.0350795094529695,0.042331011712457,1.5712366063753327,0,-0.0424614476526231,0.1036589127404674,0.0002,1.0,likely background
EIF4A2,DOCK7,-0.2154403079543837,23.631385609624925,-878.3325196666665,-994.9975589999996,0.0666990054048342,0.077442327188853,1.8300694963065276,0,-0.0425021391164855,0.252934786616048,0.0,1.0,
EIF4A2,KRT38,-0.2907115518036913,0.2362776885710422,-157.3920695333333,0.0,0.9451107542841692,1.414213562373095,0.6682942233266687,0,-0.0429478010017067,1.0037987809991216,0.05219999999999996,1.0,
EIF4A2,EIF2B1,-0.2811246577240934,21.80326787802142,-350.75602233333325,-259.28393500000016,0.0964915086284134,0.1172522886295353,2.5564830583008433,0,-0.0430659164440588,0.270429781561686,0.0,1.0,
EIF4A2,ANKHD1,-0.2735226390861103,12.536014689049203,-218.5747679000001,-469.54321260000006,0.4129648519063393,0.4991796338904601,6.257723222925013,0,-0.0435117936382515,0.3867059895005759,0.009900000000000006,1.0,
EIF4A2,ECPAS,-0.2753920934964394,4.404013128883334,-332.4567053333333,-225.957275,0.1088233910870398,0.1317130456144028,0.5800659821310394,0,-0.043537974962892,0.172604649717694,0.0,1.0,
EIF4A2,NUP160,-0.2974641609347912,6.293412690043597,-146.12347413333327,-28.959045400000036,0.1852594130014768,0.2276833413049427,1.4329052294800542,0,-0.0438637594205909,0.2014764029274609,0.0,1.0,
EIF4A2,SNRPE,-0.2563473867559087,13.6908567513028,-572.8776039999998,-505.076904,0.1092754402170414,0.1305256921657475,1.7870085538058964,0,-0.0439539593523298,0.1575520417749847,0.0,1.0,likely background
EIF4A2,PPM1B,-0.0709810775504399,16.572365359225017,-1884.4231766666635,-2875.1054700000022,0.0929886411446569,0.097679155638375,1.6187746552197564,0,-0.0440323966983755,0.0870037169556764,0.0,1.0,likely background
EIF4A2,PPIA,-0.2009534063082665,21.241736271117222,-1112.1927086666649,-1156.7226569999991,0.0807767689924352,0.092850548333667,1.9723068603323783,0,-0.044111640819839,0.1078431720978059,0.0,1.0,likely background
EIF4A2,FAM204A,-0.2946696858340887,6.213655034957403,-105.0718485999999,-145.78704839999995,0.1382764467656387,0.1696125378849043,1.0539138000204389,0,-0.0441194332682652,0.156247489784386,0.0,1.0,likely background
EIF4A2,CSNK2A1,-0.2402847810977686,10.899683530655292,-614.5273439999996,-770.7011719999996,0.0951604819345672,0.1124073448274891,1.2252044851408732,0,-0.044242436111441,0.191169047054539,0.0,1.0,
EIF4A2,RCOR1,-0.3018841461066334,7.018699465769979,-138.54781086666662,-45.272521900000015,0.1242405064210506,0.1531597856853909,1.074982505967498,0,-0.0448725955280338,0.1706966536218228,0.0,1.0,
EIF4A2,TPM4,-0.1963935318239766,13.938616554377267,-1350.1311823333344,-993.6728469999998,0.051723957041521,0.0592675619985164,0.8261078208101018,0,-0.0449302466883707,0.3300199201392762,0.0,1.0,
EIF4A2,CDIPT,-0.2964071976680798,17.38956204772134,-219.8153077999999,-253.6749269000001,0.1229394645724096,0.1509816295091912,2.625504414416157,0,-0.0455680576620189,0.1994219224434548,0.001,1.0,
EIF4A2,MRPS31,-0.2921970344464835,17.039881485066594,-264.7371418333332,-339.44030799999996,0.1699891005219549,0.208154817163536,3.5469334150123597,0,-0.0461720919315195,0.2584740647895213,0.0021000000000000003,1.0,
EIF4A2,C15orf40,-0.2707581971964811,6.158711901957699,-366.42390966666653,-559.731812,0.0312916405478991,0.0377519953864828,0.2325036633093841,0,-0.0465094281925544,0.1727874274362325,0.0,1.0,
EIF4A2,KDM1A,-0.3029840963920819,4.91416527692674,-166.00457759999995,-114.19439699999998,0.0268572428155866,0.0331340165434389,0.1628260335828837,0,-0.0465275719359775,0.2716582487957303,0.0,1.0,
EIF4A2,YARS1,-0.2926906119521389,8.845939794786617,-251.11018866666677,-282.47912599999995,0.0929069793875238,0.1138052543831718,1.0067144286039138,0,-0.0465845349778255,0.2214993917194354,0.0,1.0,
EIF4A2,PHF6,-0.2392957665574531,27.82156925837977,-850.0831706666668,-963.0537110000004,0.0863458654897468,0.1019252715332861,2.8357210011424847,0,-0.0466631741917919,0.227279992456604,0.0012999999999999997,1.0,
EIF4A2,MAT2A,-0.3039335353659398,5.96852191504833,-141.26485189999994,-203.24108879999991,0.0637423254791803,0.0786912376346082,0.469670376344435,0,-0.0473469436971095,0.1542111087769307,0.0,1.0,likely background
EIF4A2,CAND1,-0.2864947671745375,12.694093749728864,-458.152059,-359.9353030000002,0.0362984953369127,0.0442728457588066,0.5620036546295769,0,-0.0479418445296849,0.0980505427705179,0.0,1.0,likely background
EIF4A2,RPN2,-0.2817780560073193,7.035707887485373,-363.317952666667,-483.45422400000007,0.0216267371333321,0.0262917762853977,0.1849812577871735,0,-0.0479772219771751,0.1855930560158011,0.0007000000000000001,1.0,
EIF4A2,BRD2,-0.3165233319432089,13.25120227853549,-196.86226406666665,-48.95343019999996,0.2118002412428497,0.2637636087547223,3.49518493332532,0,-0.0480712603076823,0.1927478841769835,0.002800000000000001,1.0,
EIF4A2,KLC4,-0.3064600306292068,9.041458107110785,-196.96486416666653,-200.7203369,0.0349104818055856,0.0431732631611936,0.3903492502192013,0,-0.0481174350587969,0.1755314001325074,0.0,1.0,
EIF4A2,BRD3,-0.3071645412381431,14.208318291988975,-197.55122886666652,-249.26898190000009,0.0983386715582866,0.1216733459675844,1.728773627158733,0,-0.0481425586817881,0.1595932096209038,0.0,1.0,likely background
EIF4A2,SRP14,-0.2874171853429476,22.393855705149285,-550.1130366666666,-385.1166989999997,0.0991942560182975,0.1210634424363713,2.711077261088748,0,-0.048183272559247,0.3017412214917839,0.0010999999999999998,1.0,
EIF4A2,CYCS,-0.2937908121171812,44.75423559123916,-609.5542806666672,-498.3837890000004,0.0598092799036716,0.0733185292170752,3.281314729784138,0,-0.0485832412646068,0.0997726068010253,0.010100000000000005,1.0,likely background
EIF4A2,MRPS27,-0.3124075682229392,5.849370753333041,-123.31577553333346,-180.8544921,0.2653932052343409,0.3295636024734256,1.927739697671132,0,-0.0488248928577001,0.4404316266522641,0.0,1.0,
EIF4A2,PRPF38A,-0.2128766695275061,18.91962178889939,-1137.187825,-1278.8330070000002,0.0720142271021515,0.0834652311278836,1.579130605462632,0,-0.0488488509195371,0.1067328391011959,0.0,1.0,likely background
EIF4A2,FEN1,-0.2580227185073723,72.99999840501252,-1037.207845,-1145.1293939999996,0.0719125763368243,0.0859968649934171,6.277771007355526,0,-0.049035127006674,0.152546500074168,0.02849999999999998,1.0,likely background
EIF4A2,CNN3,-0.3122020556875365,7.00296296652902,-149.45290119999993,-208.4296875,0.0495532293497046,0.0615261214071309,0.4308651496883067,0,-0.0492428557830047,0.1728446205648502,0.0,1.0,
EIF4A2,PSMD1,-0.2528541776012813,20.56603675609685,-796.5867509999989,-898.5483400000003,0.054632812708766,0.0650991663595019,1.338831848140781,0,-0.0493729683617247,0.0905088505986446,0.0,1.0,likely background
EIF4A2,POLR2H,-0.3204292303474926,7.866841964797296,-125.52968343333322,-108.6367798,0.0822545466277579,0.1027127000524909,0.8080245790905736,0,-0.049563112726245,0.1873257070623933,0.0,1.0,
EIF4A2,ARL1,-0.2839123732645779,20.942076025800084,-494.41015633333336,-615.2939450000003,0.0550617452750786,0.0670380543117237,1.403916030017834,0,-0.0496104058120415,0.1706263440506393,0.0,1.0,
EIF4A2,TECR,-0.272133664874698,18.8010664758795,-684.8842773333336,-668.7546389999998,0.0560512616547774,0.0676878988495282,1.272604685882588,0,-0.0500444461703904,0.1894474900304455,0.0,1.0,
EIF4A2,SFSWAP,-0.3016162625696504,6.2973519236415765,-302.6726886666668,-343.6141359999999,0.0464854956881038,0.0572952160428467,0.3608081389628805,0,-0.0502699764043685,0.1911424675671023,0.0,1.0,
EIF4A2,RTCB,-0.2749930302627318,12.945186967492482,-706.6079920000006,-575.0351570000003,0.041953480017053,0.0507638318387866,0.657147294339441,0,-0.050658511134469,0.1019651170441774,0.0,1.0,likely background
EIF4A2,UBE2L3,-0.3119924572086534,8.027856403290516,-341.12821466666674,-165.06567399999994,0.1256719966114955,0.1560137926230847,1.252456324110869,0,-0.0507686233946162,0.1549574299210105,0.0,1.0,likely background
EIF4A2,GPN1,-0.3027332270538789,7.12182943158792,-183.08929410000007,-507.9132077,0.3877225450670914,0.4782535405608504,3.406040140927392,0,-0.0509352820030712,0.2738467277054441,0.0013999999999999998,1.0,
EIF4A2,HNRNPR,-0.1282317157614896,2.392503466849456,-990.5436206666654,-3084.747069999999,0.1059040181576949,0.1157494077892507,0.2769308594215539,0,-0.0510962802472473,0.339612509497275,0.0,1.0,
EIF4A2,EEF1E1,-0.3197898763167221,8.037684036237502,-212.1354371,-169.64086900000007,0.0866941840171553,0.1082085877567253,0.8697464383960358,0,-0.0511036598689178,0.2217062167308213,0.0,1.0,
EIF4A2,STMN1,-0.2983016290559647,11.840401951045717,-414.23954300000014,-442.1016850000001,0.0750699614772878,0.0923143618056629,1.0930391496333125,0,-0.0511917189840508,0.120310923471235,0.0,1.0,likely background
EIF4A2,EPB41L3,-0.3328569500667459,6.258348073053777,-96.365092,-71.96701050000001,0.0893197611597049,0.1125001105805971,0.7040648502704167,0,-0.051848961999325,0.2000854681453352,0.0,1.0,
EIF4A2,COPS3,-0.3096298656030006,13.9003268471596,-391.4748943333334,-336.0585940000001,0.0826131867250043,0.1023912004389564,1.4232711523745254,0,-0.0519954863665824,0.1129590739217739,0.0,1.0,likely background
EIF4A2,CTR9,-0.3203547497442942,7.99909722847422,-195.04945883333323,-273.3304447999999,0.1349099095752833,0.1684556814689309,1.3474933747588618,0,-0.0522431214807325,0.2106415929226831,0.0,1.0,
EIF4A2,UBL4A,-0.3167019248113601,17.408021583731184,-389.249593,-269.3779299999999,0.0910348179828116,0.1133834627661696,1.9737817670716629,0,-0.0523270086721435,0.2777190149280014,0.0,1.0,
EIF4A2,SEC31A,-0.3190255411001971,13.225239892159028,-385.36295566666695,-228.717895,0.1174911011970684,0.1465705269902401,1.938430380566096,0,-0.052910230955453,0.1282991528270271,0.0,1.0,likely background
EIF4A2,NUP133,-0.314542086712928,3.813180817801234,-345.9720863333332,-260.10290499999996,0.1983228706787882,0.2466407339638905,0.9404857156395244,0,-0.0530832157477509,0.2633506763093651,0.0,1.0,
EIF4A2,PNO1,-0.3114819215202538,8.172254250506205,-271.89298529999996,-469.7672115999999,0.2826018205967868,0.350708059524162,2.8660754301331157,0,-0.0533677338438908,0.2884132925906716,0.0007000000000000001,1.0,
EIF4A2,DIAPH1,-0.2814705913721462,9.8160709231775,-792.0050453333338,-571.9047849999997,0.1783123558828679,0.2167293894228411,2.1274310577115636,0,-0.0535114749381509,0.1718782913373256,0.0,1.0,
EIF4A2,CCDC134,-0.3030719980620721,11.230444909674524,-595.9392906666667,-373.547364,0.0465589739125713,0.0574437152938021,0.6451184800140726,0,-0.0536666478038947,0.1171629120535228,0.0,1.0,likely background
EIF4A2,TUBB2B,-0.1506220581746879,3.7701887567355814,-858.0524076666688,-3080.963379,0.4663842840949897,0.5177146872858549,1.9518820932020076,0,-0.0544290434311467,0.4047015656458441,0.0002,1.0,
EIF4A2,WDR26,-0.334820845248948,6.535608414265859,-242.68809020000003,-124.196411,0.0935774013605686,0.1180232516624903,0.7713537566443892,0,-0.054556348974957,0.1584269577940674,0.0,1.0,likely background
EIF4A2,AP3S1,-0.3201660678827107,8.777912935220115,-395.39469399999984,-305.9346919999998,0.0383543043608001,0.0478849592737878,0.4203300034118707,0,-0.0547890272653222,0.1591621267216169,0.0,1.0,likely background
EIF4A2,SF3A1,-0.3150702285619728,6.232794602565593,-374.6154379999998,-418.4726559999999,0.070691331069797,0.0879462147049855,0.5481506923293084,0,-0.0550420466894898,0.1703061019643159,0.0,1.0,
EIF4A2,PSMD4,-0.3289770439999786,6.633803069045304,-277.4973349999998,-271.734864,0.0414415920576746,0.052056365706195,0.3453316785851011,0,-0.055327217362553,0.1434804018152541,0.0,1.0,likely background
EIF4A2,LRPPRC,-0.2900065566332108,39.33901860158119,-764.1921383333333,-952.8186029999996,0.0674690783421546,0.0824917961583949,3.245146303552944,0,-0.0555225306419248,0.2314077540253656,0.0015000000000000002,1.0,
EIF4A2,XPO1,-0.3021238543909492,24.720945726318153,-596.7429196666667,-714.935547,0.1795277516384652,0.2213529372314896,5.472053947660763,0,-0.0555797836063482,0.1650499447217169,0.008500000000000004,1.0,
EIF4A2,GPS1,-0.3232970488847148,30.96620312012309,-547.0328366666663,-431.21167000000014,0.0648724165425947,0.0811685184746025,2.513480830044005,0,-0.0556798879042453,0.1412039747116724,0.0005,1.0,likely background
EIF4A2,TACC3,-0.3345424395494744,19.23947102932008,-315.0994873333332,-338.9488529999999,0.0612820464159029,0.0772762510906006,1.4867541941120757,0,-0.0560879709776133,0.1107794361438276,0.0,1.0,likely background
EIF4A2,PFKM,-0.3246503466382423,5.517668090383718,-314.87011733333316,-398.2416989999999,0.1127856066975219,0.1412500504013771,0.7793708958647704,0,-0.0563948168698169,0.2319920191161808,0.0,1.0,
EIF4A2,FLII,-0.335570726708576,5.520328921689578,-296.79557333333355,-221.40893600000004,0.0200995405120347,0.0253634579976394,0.1400146307384277,0,-0.0566194063222454,0.1624478683561447,0.0003,1.0,
EIF4A2,PHF5A,-0.3356121342149178,5.546851425940785,-285.743041866667,-254.8039550000001,0.1428337223601202,0.1802459661658652,0.9997975944472042,0,-0.0568849061432355,0.1604086347328099,0.0,1.0,likely background
EIF4A2,RSRC2,-0.1983168408980054,29.06394757211373,-1546.693358999999,-1968.6660109999991,0.0888440651516435,0.1019372052484175,2.962697588987805,0,-0.0568898840011658,0.2058713346492874,0.0015000000000000002,1.0,
EIF4A2,ADD1,-0.3422330953715256,11.589994495700902,-202.9602255666665,-281.43774410000003,0.0967175901281253,0.1226121194785963,1.4210737898631525,0,-0.056918814430708,0.3724751016364253,0.0,1.0,
EIF4A2,RPL35A,-0.3280815984705783,41.59333729319034,-603.3299969999998,-517.0810550000001,0.0738764768237642,0.0927414816160162,3.857427725925174,0,-0.0569656679801508,0.2737314024300564,0.003700000000000001,1.0,
EIF4A2,RPN1,-0.3165198144697359,10.057085736698804,-460.4286296666662,-556.5946049999998,0.0495088639453767,0.061655287567101,0.6200725131831548,0,-0.0574450438942827,0.2292949117587337,0.0,1.0,
EIF4A2,DCUN1D5,-0.3496106487203613,6.365255644758472,-135.20589196666657,-192.2110595999999,0.094995946223093,0.1210469633381552,0.7704948666690642,0,-0.057492616395233,0.2156634362878335,0.0,1.0,
EIF4A2,EIF2B4,-0.3064852893807639,10.84188849432874,-529.773681333334,-719.775146,0.0531696004678768,0.0657551894180789,0.7129104315942774,0,-0.0577490936339068,0.1525785848437835,0.0,1.0,likely background
EIF4A2,RAB5C,-0.3149878853641893,51.5515441533613,-681.439046,-902.606445,0.1007606512815448,0.1253479311517731,6.461879407303123,0,-0.0580023684033816,0.1128677529618146,0.02899999999999998,1.0,likely background
EIF4A2,CDK9,-0.2668332298353441,19.4397669895537,-1093.9493813333338,-1092.9760740000002,0.011684956040055,0.0140590868631581,0.2733053727056906,0,-0.0584037895701256,0.8925626403550879,0.0,1.0,
EIF4A2,MMTAG2,-0.2010170081215566,16.31239103697036,-1558.4166633333316,-1886.297849999999,0.0399627686793158,0.0459380663324935,0.7493597014979181,0,-0.0584251788100642,0.1766488722901966,0.0,1.0,
EIF4A2,ILVBL,-0.3410301010310064,12.178931820652451,-294.98347966666665,-358.8703620000001,0.0489126353770862,0.0619564968451243,0.7545639509232377,0,-0.058527259547399,0.1280767874773908,0.0,1.0,likely background
EIF4A2,RETREG3,-0.359801184283181,4.168472268191196,-119.36356603333326,-85.73245229999998,0.3535043153939113,0.453639895643055,1.8909853247332231,0,-0.0586935229446155,0.3106830481173041,0.0001,1.0,
EIF4A2,H2BC12,-0.2487069671927242,12.414332084769551,-1366.0651043333346,-1139.5341800000006,0.0301669322040095,0.0358430175259575,0.4449671224874517,0,-0.0589237311182783,0.2682211232519615,0.0,1.0,
EIF4A2,RPS26,-0.1819250837169199,19.816167915123746,-1987.9778666666643,-1982.1933600000011,0.0334647414969589,0.0379627188336922,0.7522756109230758,0,-0.0596810936971357,0.3790433241161925,0.0,1.0,
EIF4A2,UBE2S,-0.3550465410642778,5.316400040280757,-253.67962633333343,-154.5503536,0.1663576738476677,0.2127786516819177,1.1312164323726324,0,-0.0598062830653617,0.2589510537613525,0.0,1.0,
EIF4A2,SCO2,-0.3695976846430818,5.798107707744923,-133.68786619999997,-17.857726999999954,0.5551156619416708,0.7172145329561103,4.158487111639498,0,-0.0600791557073184,0.4575285728571763,0.0034000000000000015,1.0,
EIF4A2,PRIM2,-0.3753025650426815,33.49080423934808,-220.52593993333323,-172.09637450000002,0.096503189801639,0.1251770266669831,4.192279295367585,0,-0.060391173663122,0.1962509568988275,0.0038000000000000013,1.0,
EIF4A2,GPX1,-0.3296186920285811,6.979728654981996,-550.9991049999999,-498.219482,0.0711215145124737,0.0893781924484319,0.6238355309628157,0,-0.0612169890750736,0.2173427149151765,0.0,1.0,
EIF4A2,QPCTL,-0.3295702851885281,6.807598382216753,-516.0356443333335,-568.306274,0.0962944866043351,0.1210089300957408,0.8237801967535455,0,-0.0616384152689858,0.1833931880322241,0.0,1.0,
EIF4A2,HECTD1,-0.3528705458930125,15.020889645945966,-362.20377599999983,-384.434814,0.0516912321275699,0.0660156721628423,0.991614126461002,0,-0.0619086212736132,0.3527075761009196,0.0,1.0,
EIF4A2,BAG5,-0.3557509564740028,6.111596461930734,-253.3231605333333,-342.6849363000001,0.1281265236839761,0.1639593958760223,1.0020536637361983,0,-0.0620370297182112,0.1871474174486762,0.0,1.0,
EIF4A2,ACTR1A,-0.3181654941936939,14.041272622267682,-899.8502603333341,-538.0561520000001,0.0967315609979002,0.1206010164480857,1.6933917504701612,0,-0.0621422201691825,0.1286493246266044,0.0,1.0,likely background
EIF4A2,G0I3,-0.3192041857337455,23.148359730477637,-757.1461589999999,-805.3420409999999,0.0204079008257809,0.0254620747177411,0.5894052650505728,0,-0.0625866296028019,0.3332193203747743,0.0002,1.0,
EIF4A2,PQBP1,-0.3535756143890873,7.072768914962476,-362.7843833333334,-347.43676800000003,0.0874528798120547,0.1117420231147648,0.7903255075811272,0,-0.0627315968985607,0.1467502902216402,0.0,1.0,likely background
EIF4A2,SERBP1,-0.1624003638846073,40.53661658887404,-3422.5234366666664,-1453.2538999999997,0.1243214075372261,0.1391355662126023,5.640085101436157,0,-0.0628595209946532,0.0972219476389214,0.009500000000000005,1.0,likely background
EIF4A2,EFTUD2,-0.3187456965834996,27.599796140962773,-711.8859863333332,-953.4765620000004,0.0878202477397925,0.10953479261479,3.0231379465108397,0,-0.0630700717533453,0.1594847460644294,0.0012,1.0,likely background
EIF4A2,UBA2,-0.3546775716675547,4.97550519928587,-277.6307169999999,-422.7820433999999,0.0866286521006948,0.1107734541807856,0.5511538972193541,0,-0.0631583152160678,0.4133513142600993,0.0,1.0,
EIF4A2,XPO5,-0.3680561460090648,13.91318012052944,-288.1719969999999,-262.78906199999994,0.1271158474597486,0.164059446613947,2.2825886312142285,0,-0.0632490033240532,0.1830755235993,0.0001,1.0,
EIF4A2,MYO1C,-0.3587948967950513,9.5230979528071,-362.5375976666669,-362.10070799999994,0.0571939334608345,0.0733438259893479,0.6984604391301994,0,-0.0637524935516353,0.1624352709437101,0.0,1.0,
EIF4A2,ECH1,-0.3725141375437711,19.524178908519577,-298.0128989999997,-352.5377811000001,0.0963668357524883,0.124758789026979,2.4358129173729877,0,-0.0646530313739228,0.2489884548156848,0.0,1.0,
EIF4A2,PRPF19,-0.3686147297963488,5.264886021611893,-368.6535236666666,-200.75195299999996,0.1189342158281523,0.1535594370250524,0.8084729334797907,0,-0.0647676690686228,0.2738113140260296,0.0,1.0,
EIF4A2,DHX40,-0.3727200084074522,6.68321940451956,-249.6623333333332,-272.0063477,0.0495330158844791,0.0641357676375197,0.4286334067988296,0,-0.064959334482462,0.1442507055848204,0.0,1.0,likely background
EIF4A2,D0JC9,-0.3812573504748047,13.735283973417031,-207.0318196666667,-261.3865356,0.1025832457748809,0.1336140079138103,1.835226341522576,0,-0.0653237966196567,0.2193432611718392,0.0,1.0,
EIF4A2,PSMD14,-0.3163685634604095,65.83277883149944,-1140.5971680000002,-1227.4189459999998,0.0284704720615105,0.0354516540991021,2.3338809035170147,0,-0.0654458812863048,0.0992408464847515,0.01820000000000001,1.0,likely background
EIF4A2,SLK,-0.3829550408321215,5.43852390424122,-210.09944673333325,-168.74914549999994,0.048297321691839,0.0629810164394895,0.3425237634195731,0,-0.0658034605259422,0.1469399181569919,0.0,1.0,likely background
EIF4A2,AP3B1,-0.3239491484052158,8.246148410956552,-782.5345050000005,-790.0339349999999,0.079024956997699,0.0989209128133581,0.8157165280062451,0,-0.0658171852925776,0.128752411034606,0.0,1.0,likely background
EIF4A2,MANF,-0.359902767363681,9.140434445637329,-517.0603836666667,-363.56860299999994,0.1904049184021579,0.2443572700586584,2.233531608286064,0,-0.0658609068764992,0.1808809070007447,0.0001,1.0,
EIF4A2,POLR2B,-0.3717770447593429,9.467331821326065,-358.77595999999994,-311.98376399999984,0.0959202624274411,0.1241172143994844,1.175058853458589,0,-0.0660903021801257,0.1495909481979101,0.0,1.0,likely background
EIF4A2,ATP6AP1,-0.4003950453384237,11.677486006561084,-104.89358516666658,-31.356750499999976,0.2739844774447246,0.3616284663339077,4.222911355188354,0,-0.0661108378527096,0.3536812829728636,0.0039000000000000024,1.0,
EIF4A2,TMED10,-0.3921898891193162,12.53757708713372,-144.7382151333333,-176.50195309999998,0.3789033903616063,0.4972732658621598,6.23460190411757,0,-0.0662706153450477,0.3416522864184819,0.009600000000000004,1.0,
EIF4A2,NTPCR,-0.3135297768381111,6.7279216538401005,-825.9934896666668,-991.1147459999996,0.0848925604198321,0.1055010779367228,0.7098029867539494,0,-0.0664884724446443,0.1470124164572294,0.0,1.0,likely background
EIF4A2,UQCC2,-0.377615382484042,7.452681379032191,-306.8287557333333,-291.80896000000007,0.0274163003354015,0.0356195188167924,0.2654609246159958,0,-0.0668595395215363,0.2710206817948722,0.0,1.0,
EIF4A2,MRTO4,-0.3376253390056515,15.335621954748088,-657.2713216666666,-837.686768,0.0925639603224763,0.1169722301124615,1.793841900208511,0,-0.0670669399589151,0.1755054410986158,0.0,1.0,
EIF4A2,TES,-0.3999624344336427,9.481108564311713,-120.8283793,-106.12570189999995,0.1090426954447093,0.1438808512850193,1.3641499713588563,0,-0.0673640870484277,0.2139039870969193,0.0,1.0,
EIF4A2,ARGLU1,-0.3684657959606252,6.72033373376479,-422.4474276666667,-412.99047799999994,0.14494395503107,0.1871220519465586,1.257522638027745,0,-0.0676199298812435,0.3333316867552957,0.0,1.0,
EIF4A2,PI4KA,-0.3795032647691574,4.557919515718045,-264.54339606666656,-329.49237099999993,0.0701972549080646,0.0913203663531231,0.4162308799834213,0,-0.067632759654707,0.1619491022879377,0.0,1.0,likely background
EIF4A2,DDX49,-0.3695139550573527,6.580655987227287,-382.3064373333332,-456.945557,0.1651496474726465,0.213362477712004,1.4040650664051475,0,-0.0679234451697546,0.2019362369075545,0.0,1.0,
EIF4A2,SBDS,-0.3469358488322242,15.2723559763589,-689.3500163333338,-719.2985840000001,0.1104450680498424,0.1404720588679706,2.145339287763691,0,-0.0681922258773554,0.1302090059540427,0.0,1.0,likely background
EIF4A2,CSNK1D,-0.3783352317626321,20.69826466962296,-462.1549476666664,-410.2120359999999,0.0893309213907122,0.1161175093295855,2.4034309408811745,0,-0.0683852780587526,0.2051553412331891,0.0,1.0,
EIF4A2,DDX1,-0.3006879318985273,17.27397036777181,-1488.6280923333325,-875.7177729999994,0.1210183851709804,0.1490640064555177,2.574927230413959,0,-0.0684492663698356,0.1256784408645311,0.0,1.0,likely background
EIF4A2,HBD,-0.3547350747850706,19.353170637605153,-621.9325360000003,-717.9938969999998,0.0488942948806868,0.0625244152893371,1.2100456781110305,0,-0.0686157468844437,0.1294618567344749,0.0,1.0,likely background
EIF4A2,CBX3,-0.411505176396877,3.4224221718079617,-90.93131506666668,9.052703899999983,0.2721919192561576,0.3620398746076964,1.2390532939359544,0,-0.0691365522870109,0.4058511719719406,0.0,1.0,
EIF4A2,SPTAN1,-0.3914465659467869,14.97523809532412,-348.8687945666668,-291.08044399999994,0.3539126984505463,0.4642361974174763,6.9520475887946,0,-0.069458785211953,0.3516123172139645,0.013400000000000007,1.0,
EIF4A2,ATP6V1H,-0.3706062009685624,9.753499479266925,-718.4445800000003,-285.34375,0.2160011205066817,0.2792705897484436,2.72386555168601,0,-0.0696348869759224,0.2086962069956423,0.0008,1.0,
EIF4A2,LSM4,-0.246831299197825,23.220580892156914,-1623.939451666667,-2016.5292950000005,0.0715158871885642,0.0848616181979121,1.9705360700039536,0,-0.0701800954425128,0.3988797077071427,0.0,1.0,
EIF4A2,COPA,-0.2763253024226231,14.400641510988349,-1422.5162760000012,-1555.3120120000003,0.0324209358341539,0.039265669883973,0.5654508356879068,0,-0.070416991704057,0.1300048353563936,0.0,1.0,likely background
EIF4A2,RPL13A,-0.4126171098084601,30.531644845539695,-220.53586833333316,-273.1641846,0.1057892814154664,0.1408178064237212,4.299399253657015,0,-0.0704622901130848,0.9886179435622512,0.0042000000000000015,1.0,
EIF4A2,S0PIN,-0.4015510125775997,7.0869416596044585,-262.2446695666665,-177.67388899999992,0.0629396177936003,0.0831397544730272,0.5892065895441827,0,-0.0705181696428124,0.1705068510100386,0.0,1.0,
EIF4A2,PSMD11,-0.3258022206966714,18.786468301359108,-1186.892821999999,-896.751953,0.0782124976756203,0.0980297374484197,1.8416325551652932,0,-0.0707144978626964,0.1180090650885563,0.0,1.0,likely background
EIF4A2,ROCK1,-0.3713774112551687,6.8240735365006335,-577.7185466666667,-471.03125,0.0423327607450545,0.0547618297299063,0.3736987530702075,0,-0.0707376565277169,0.1977166538861431,0.0,1.0,
EIF4A2,0CA,-0.3371645712901691,123.88625286569572,-1593.840495333332,-1555.7866219999996,0.0533689906870855,0.0674203690252937,8.352456885366063,0,-0.0713061428918048,0.1158183520443449,0.07089999999999998,1.0,likely background
EIF4A2,RPA2,-0.387335254618967,46.95374007021864,-647.1333003333339,-617.415039,0.0901076824088054,0.1178601610483693,5.533975366499241,0,-0.071393117938552,0.1686177997505688,0.02210000000000001,1.0,
EIF4A2,BRCC3,-0.3785245098503034,4.4729001579147525,-417.72436549999975,-520.02295,0.1759648351248387,0.2287593028726717,1.023217521943642,0,-0.0714038703866119,0.2301653962434168,0.0,1.0,
EIF4A2,EIF2S1,-0.3663839979675246,19.10747017061209,-749.9960126666665,-614.361817,0.0983533106831362,0.1267906286822801,2.422648155459822,0,-0.0715794744376249,0.186263784186184,0.0,1.0,
EIF4A2,AGPAT1,-0.4140856788792493,4.640421972975895,-151.76527913333337,-110.30114740000003,0.2436888249694003,0.3247084651169465,1.5067842963399554,0,-0.0716461533502112,0.2434768935894364,0.0,1.0,
EIF4A2,POLR2L,-0.3766328086414136,12.571417630939733,-510.8402103333335,-594.7612310000002,0.0406135795646235,0.0527296246564723,0.6628861330792104,0,-0.0718117007303584,0.1427994918662732,0.0,1.0,likely background
EIF4A2,CDK1,-0.39012481158807,22.60339006882491,-425.54028366666694,-555.9294440000001,0.1267636543896751,0.1661268049493515,3.7550289731577857,0,-0.0720764124476745,0.1704890417340979,0.0027,1.0,
EIF4A2,ABI1,-0.3950119074842868,9.272091312308987,-311.7860919333333,-419.6634517,0.1659980973012541,0.218282668165186,2.0239368311220467,0,-0.0721122075733286,0.1692567671039779,0.0,1.0,
EIF4A2,STK38L,-0.2798175585973566,12.317132497930931,-1701.7805976666668,-1343.6074219999991,0.0334224303424444,0.0405767050225141,0.4997886520917662,0,-0.0722693178042561,0.1141880973455072,0.0,1.0,likely background
EIF4A2,LRCH2,-0.4150632048603479,6.052699769280409,-161.8779805333333,-160.09890749999994,0.1436374975880537,0.1915226295579879,1.1592289757376109,0,-0.0723706615992522,0.1848779124317848,0.0,1.0,
EIF4A2,PRDX6,-0.2721476719595456,37.228401798983434,-1673.7679033333334,-1825.796875,0.0134795552348385,0.0162781640051982,0.6060100301352691,0,-0.0723937485527247,0.0923161809465379,0.0,1.0,likely background
EIF4A2,DCTN3,-0.4517835242957032,131.61727364566556,-577.0973713333331,-530.2783199999999,0.0748432067323881,0.1023667038291512,13.473226470086203,0,-0.0726847508575967,0.1442871760555061,0.10869999999999996,1.0,likely background
EIF4A2,TAF4,-0.4169670999236567,3.3874277334502674,-220.25099686666655,-75.6384888,0.0669141513463172,0.0893394710772532,0.3026310020188655,0,-0.0728629052142215,0.2212535374093766,0.0,1.0,
EIF4A2,C1QB,-0.3563701725193351,9.828066492983536,-798.8452146666668,-831.2746580000003,0.0573777931964156,0.0734560400525323,0.7219308459475497,0,-0.0736486821541729,0.1295580825190236,0.0,1.0,likely background
EIF4A2,TUBB2A,-0.4228406440633352,23.67473984848385,-254.04174809999995,-236.34820549999995,0.0507142170574803,0.0679865908682228,1.6095648519904828,0,-0.0736859365674728,0.1351126518246569,0.0,1.0,likely background
EIF4A2,LRRC47,-0.3759505463585381,12.0964930264448,-666.289632,-610.8002930000002,0.0342032118603,0.0443858884833182,0.5369135905110153,0,-0.0737050023256854,0.970505946489875,0.0,1.0,
EIF4A2,LARP1B,-0.4261143724659705,2.6166560365979765,-104.14015706666667,-76.67297360000003,0.0772578194070287,0.103805768749947,0.2716239914332425,0,-0.0737196730788136,0.3206043875826775,0.0,1.0,
EIF4A2,BUD31,-0.3296523682994322,5.599946437699373,-825.0264483333331,-1320.1508790000005,0.0630964485569603,0.0792949672570794,0.4440475694187704,0,-0.0741194820378522,0.1535868011441543,0.0,1.0,likely background
EIF4A2,MDH2,-0.3800611806527504,6.6587892394983745,-774.2896730000002,-437.99389699999983,0.1340175025391235,0.1744122512934501,1.1613744221495124,0,-0.0746268298237592,0.1971610686043063,0.0,1.0,
EIF4A2,EXOC4,-0.4030647850904322,4.887191996425862,-296.8951008666669,-444.2316892,0.0479679143542933,0.0634294826285029,0.3099920598394529,0,-0.0746568650037727,0.1607552745508461,0.0,1.0,likely background
EIF4A2,EIF2S2,-0.404242880734833,5.230826995276926,-404.90978999999993,-336.60668899999996,0.0264544848211163,0.0350101755577753,0.1831321714169956,0,-0.0748783848562871,0.1756113807831954,0.0,1.0,
EIF4A2,ANGEL2,-0.4292720651353958,10.692165688118942,-167.56150310000004,-183.69421389999997,0.1602908015902664,0.2158431232949825,2.307830436911038,0,-0.0753112931600144,0.3252900134084157,0.0002,1.0,
EIF4A2,UQCRC2,-0.4217748742163204,7.005241348736377,-208.83872480000016,-293.30578620000006,0.061212240299511,0.0819994578078701,0.5744259924096559,0,-0.0758572318152157,0.2319563491532845,0.0,1.0,
EIF4A2,THOC3,-0.4135435367985619,24.90180002700874,-392.48553436666634,-517.665405,0.1269871593769238,0.1691432231485563,4.2119707187690665,0,-0.0762673858782544,0.1505375946589797,0.0028000000000000004,1.0,likely background
EIF4A2,PSMA2,-0.3323088691022346,36.58771602952677,-1289.5374346666667,-1359.299317,0.0249051469065709,0.0313566395089631,1.147267821994184,0,-0.0763197562271927,0.2486408695638525,0.0,1.0,
EIF4A2,RBIS,-0.3905810662992968,17.244023620124544,-675.5914713333336,-623.0036620000001,0.0687012507353296,0.0900631128991531,1.5530504461349397,0,-0.0765819124397505,0.1882554033714254,0.0,1.0,
EIF4A2,ELP2,-0.4302588748669995,21.94861044416788,-277.6560668333335,-299.0891720000001,0.0748936232358632,0.1009186705852828,2.2150245872196765,0,-0.0766113830162102,0.2575193889954603,0.0,1.0,
EIF4A2,PAK4,-0.4225787635396937,20.30638296515901,-382.5660806666665,-370.76965300000006,0.0571712861513319,0.0766289133036157,1.5560560597471904,0,-0.0771322619232404,0.1379133008743831,0.0,1.0,likely background
EIF4A2,PSMC6,-0.4098994624179463,7.09136972332147,-410.3977460000001,-457.3698730000001,0.0768705022892182,0.1021309854292129,0.7242485778857064,0,-0.0773768185341563,0.1485067914302059,0.0,1.0,likely background
EIF4A2,PYCR1,-0.4416582277463098,9.870896894871484,-137.54189043333332,-144.68548579999998,0.0101990636221284,0.0138521942736479,0.1367335814429079,0,-0.0774431818371053,0.1960650906075121,0.0001,1.0,
EIF4A2,RANBP1,-0.4312165116447467,5.497929518236512,-266.8269855,-247.1865233999999,0.170591030418962,0.2300229416027505,1.2646499205093555,0,-0.0783477285798784,0.194415893939568,0.0,1.0,
EIF4A2,LDHB,-0.3787663063374299,13.736269932999097,-805.3211263333328,-899.7810059999997,0.0192891387798983,0.0250806336273434,0.3445143535958441,0,-0.0790831908734146,0.3107142115743572,0.0002,1.0,
EIF4A2,P4HB,-0.4323270315534643,92.93196540032292,-899.1717939999999,-749.7734380000002,0.0669622148564231,0.0903605935331097,8.397387551771596,0,-0.079808552900871,0.1475595515381331,0.041699999999999966,1.0,likely background
EIF4A2,VPS52,-0.4259073474140309,6.566942571338218,-330.1541138000001,-434.0426024000001,0.2080477713099654,0.2794986980353088,1.8354518987616752,0,-0.0798937877068422,0.2072189224102071,0.0,1.0,
EIF4A2,GCN1,-0.3540767870100266,7.424779173474486,-1175.734700666666,-1038.5791019999997,0.0617012122744419,0.0788654855761547,0.585558814811786,0,-0.0802186898331189,0.172361419909041,0.0,1.0,
EIF4A2,SBF1,-0.4508309192086291,6.209418652259178,-211.5668436666666,-102.14953609999998,0.2971791378813792,0.4061980967967031,2.522254038761627,0,-0.0803935758622416,0.2641427734657825,0.0002,1.0,
EIF4A2,CCAR1,-0.4257940976213718,26.793839082411843,-583.0412603333334,-514.9411630000002,0.0733922118016658,0.0985899407111469,2.641603006558997,0,-0.0809698176552553,0.2758959817337956,0.0013,1.0,
EIF4A2,ACTR10,-0.4456829523866014,4.2926057512490425,-219.10107430000005,-226.84100350000008,0.1123909213883054,0.1530738776301863,0.6570858074813299,0,-0.0810174045884968,0.2379493621423478,0.0,1.0,
EIF4A2,AP2B1,-0.4300586537839767,4.116897684270282,-365.0832722666669,-434.4898068,0.1222693919860822,0.1647343469179058,0.6781944513461037,0,-0.0815823870947328,0.26235257212773,0.0,1.0,
EIF4A2,TPM1,-0.4475078710569979,2.506903969532268,-289.69889333333356,-163.25744630000008,0.1282160824489202,0.1748484223791128,0.4383282041286526,0,-0.0817552130845123,0.5884931995712348,0.0,1.0,
EIF4A2,MFAP1,-0.3135968692430312,4.663570391092737,-1012.4256186666662,-2106.0424809999995,0.2229793702230818,0.2771227283832146,1.2923813507867947,0,-0.0818789263603356,0.2287872929164716,0.0,1.0,
EIF4A2,XPO7,-0.4206867011923881,12.268877077505442,-500.4791260000002,-607.6334219999999,0.1333857485803986,0.1785478231439465,2.1905812946092618,0,-0.0819109357771775,0.1872877324304025,0.0,1.0,
EIF4A2,DDX17,-0.4016300065616066,8.71867714764295,-834.0988766666665,-615.1701659999999,0.0260923593181981,0.0344684509968364,0.3005192960207691,0,-0.0820030886574725,0.1654548330457934,0.0,1.0,
EIF4A2,NDEL1,-0.45323010218842,2.4546203106832407,-136.26695756666663,-252.24792479999996,0.1784489122565841,0.2443181362196408,0.5997082594330051,0,-0.0823232524661552,0.2649208399657411,0.0,1.0,
EIF4A2,AP3M1,-0.4252159907413217,9.986220461937815,-580.9641113333334,-485.46643099999983,0.0195500582296213,0.026251652983653,0.2621547941850471,0,-0.082766756151739,0.1534265882556737,0.0007000000000000001,1.0,likely background
EIF4A2,HDAC1,-0.3735392163964223,13.599108509554677,-1143.8348793333344,-1001.466065,0.0481278996815913,0.0623518070426377,0.847928989739646,0,-0.0830066269973074,0.1409120113016445,0.0,1.0,likely background
EIF4A2,YBEY,-0.4397597341378659,5.229373670699077,-521.9478353333334,-245.17834500000004,0.1079297402128973,0.1463955559532305,0.765557065809177,0,-0.0832561482551824,0.7606982120509707,0.0,1.0,
EIF4A2,PSRC1,-0.4392445900412287,19.698385240999393,-456.63305633333334,-492.2326660000001,0.0176903804716927,0.0239866091814973,0.4724974682824271,0,-0.0832750220191645,0.1550833136564088,0.0,1.0,likely background
EIF4A2,QARS1,-0.4600932783200515,8.925521863888237,-229.43349206666664,-193.8283692,0.238493825880432,0.3280839555794343,2.9283205187151786,0,-0.0834016854426016,0.2311742482561519,0.0009,1.0,
EIF4A2,ATP1B3,-0.4394923179637498,9.209326259105698,-409.5836179333334,-430.2969969999999,0.214185536436753,0.2904667333337647,2.675002914687292,0,-0.0835005999134307,0.2532768487517974,0.0008,1.0,
EIF4A2,HNRNPK,-0.2724109287290294,32.17964604464123,-2764.3636066666695,-1633.0898500000003,0.119998008118852,0.1449382934103192,4.664062980258429,0,-0.0835187493242604,0.1217040246614805,0.0045000000000000005,1.0,likely background
EIF4A2,BAG6,-0.375509616839289,10.738565101839653,-1117.911458000001,-1016.1328119999998,0.0070758321199954,0.009179580037103,0.0985755178359786,0,-0.0837160931111019,0.2269114820123634,0.0005,1.0,
EIF4A2,CTSZ,-0.4751344363925722,8.954966457165693,-102.01094313333329,-88.47326659999999,0.2930245177556332,0.4073237319261698,3.6475703566064017,0,-0.0841255502804,0.4396889679008249,0.0026000000000000007,1.0,
EIF4A2,PPP4R2,-0.4684445444818485,1.2232149261679095,-76.68280283333334,-155.7049713,0.7387116789941659,1.4142135623730951,3.4597742765677237,0,-0.0841454513767842,0.6282521443893975,0.025799999999999997,1.0,
EIF4A2,SEC61B,-0.4604937013653914,23.60281549923886,-365.77431263333335,-321.0935061000001,0.0741652821493192,0.1020537684542495,2.4087562678276946,0,-0.0845425343773054,0.2300874978840185,0.0,1.0,
EIF4A2,KP06,-0.4584338115754034,3.1523387410160373,-292.63568106666685,-202.94103999999993,0.1356795491563213,0.1864329568479631,0.5876998324740053,0,-0.0846487109502381,0.2739928673289743,0.0,1.0,
EIF4A2,KRT18,-0.4095863612437269,11.022664405622946,-760.8754070000005,-800.6782229999999,0.0489373654624022,0.0650046066683216,0.7165239641244289,0,-0.0848055473341663,0.2185126682813859,0.0,1.0,
EIF4A2,LRPAP1,-0.4286579429830023,5.180936583115332,-483.17618800000014,-671.7032469999999,0.1311920010124487,0.1765843050354323,0.914872085962068,0,-0.0852365054364143,0.2251857665298204,0.0,1.0,
EIF4A2,RPA3,-0.4015926575084446,33.483004226802855,-1063.8177896666662,-993.884521,0.0278749707540674,0.0368223577639178,1.2329231606501063,0,-0.0856648182580925,0.1355556743174671,0.0,1.0,likely background
EIF4A2,0RS1,-0.4613606615972854,8.986145468161588,-277.3356119,-331.4579462999999,0.1121941078742448,0.154475435090666,1.388138730982278,0,-0.0858328949858689,0.1790605949018135,0.0,1.0,
EIF4A2,CHCHD1,-0.4372419626091742,8.422114830506356,-588.8345536666668,-488.53491199999985,0.0265506606432135,0.0359504357175422,0.3027786978198781,0,-0.0858444903160752,0.2074214679982174,0.0,1.0,
EIF4A2,CNOT9,-0.4712868773764493,5.509962606626167,-186.18255616666664,-209.82217410000004,0.1917868872571687,0.2658865800870239,1.4650251138832155,0,-0.0861015008685817,0.2732559662010187,0.0,1.0,
EIF4A2,HOOK1,-0.4787123349281056,4.91124012908584,-160.3134053666667,-103.6806641,0.0834868677618859,0.1163405176022548,0.5713762186868117,0,-0.0863427589934477,0.1858360002369103,0.0,1.0,
EIF4A2,CUL4B,-0.4440679265639668,13.84362692441937,-490.1655270000001,-579.5283200000001,0.0963554745114663,0.1310871341104811,1.8147213792168295,0,-0.0865730342184036,0.2349506656012552,0.0,1.0,
EIF4A2,ZNF706,-0.2712500247705208,16.699707846325758,-2197.1165383333355,-2322.9023500000003,0.1005362084295365,0.1213338945043352,2.0262405900793095,0,-0.0868124517194164,0.1327218257447915,0.0,1.0,likely background
EIF4A2,API5,-0.4422224343550578,11.63773816348106,-475.8689373333334,-665.6789550000001,0.1582013321277868,0.2149503984077914,2.501536454805812,0,-0.0872884217263528,0.1898359384235692,0.0,1.0,
EIF4A2,RPLP1,-0.4429361425498453,15.85890620350023,-596.1757406666663,-607.0882569999999,0.1416973855524375,0.1926215201554642,3.0547666209211366,0,-0.0875860014959089,0.5503449668790323,0.0007000000000000001,1.0,
EIF4A2,GNB1,-0.4463770414791801,5.254245737344788,-591.1206866666666,-420.6601559999999,0.0688146948264139,0.0937691512255794,0.4926861631214397,0,-0.0875953005264641,0.3254986915627803,0.0,1.0,
EIF4A2,MYO1B,-0.4710243355892845,11.159747570591426,-312.3312170333335,-308.4334101999999,0.0618901259349048,0.0857866758906556,0.9573576478598588,0,-0.0878735104005986,0.3170368616581518,0.0,1.0,
EIF4A2,PPP4R3A,-0.4762856378583386,3.0421766063092317,-219.92928076666655,-203.59039309999997,0.1390644995991155,0.1934632960710502,0.5885495134868258,0,-0.0878942602558794,0.2398407997303197,0.0,1.0,
EIF4A2,LRRC59,-0.2794060918950051,12.177521895042716,-1983.4401030000008,-2439.131834,0.0415211397097443,0.0503946173111013,0.6136815556982351,0,-0.0881641506277637,0.1000217073773136,0.0,1.0,likely background
EIF4A2,SLIRP,-0.4349279052022872,22.285559542681096,-763.7267656666663,-817.084961,0.0422821956483234,0.0571596746169071,1.2738353321153624,0,-0.0892600139892992,0.2684671808616963,0.0,1.0,
EIF4A2,MRPS12,-0.4153708468547335,9.587316907190925,-902.4409176666665,-922.056884,0.1275595933022903,0.1701210294593406,1.631004222004261,0,-0.0893638326715123,0.23476650613384,0.0,1.0,
EIF4A2,EML4,-0.4767772400211289,6.20050453023537,-341.84403480000014,-270.73608449999995,0.0559379782927934,0.0778461359560172,0.4826853186566033,0,-0.0897639942677003,0.2061817957107984,0.0,1.0,
EIF4A2,MOGS,-0.4923487525126301,10.484285686042256,-195.4440917666667,-229.32406610000004,0.0739377931084745,0.1040122128078627,1.0904937539150563,0,-0.0905503091322025,0.2713885157259046,0.0,1.0,
EIF4A2,D0JC10,-0.450725463391401,28.478767786954336,-695.0007323333334,-760.558106,0.0404777955717833,0.0553228662590039,1.575527061498903,0,-0.0905599635083425,0.2020582677201524,0.0,1.0,
EIF4A2,ZNF593,-0.4331091733116715,39.817088365180496,-955.4750163333327,-986.3784180000002,0.0441552166791297,0.059616535805777,2.37375687420457,0,-0.0906344714760893,0.1839662383900269,0.0003,1.0,
EIF4A2,TRAPPC1,-0.4886324139670792,5.3000050698061125,-215.5735880333332,-247.7984619,0.0738227503317389,0.1035832011370253,0.5489914911729806,0,-0.0908592404158896,0.214785396856972,0.0,1.0,
EIF4A2,BLOC1S2,-0.4734023578471971,9.303158922402108,-380.66247566666664,-441.7717284999999,0.0490355510368729,0.0680809174282264,0.6333675944177265,0,-0.0910057360195391,0.1899805849815511,0.0,1.0,
EIF4A2,IKBKG,-0.4762923901312462,15.440527467593729,-410.9190473333333,-443.636475,0.0294969891063363,0.0410357169673418,0.6336131149866436,0,-0.0911972794127131,0.2582531884591455,0.0,1.0,
EIF4A2,AIMP1,-0.4856428126619619,6.309747014890016,-338.3392538333335,-225.96557630000007,0.0745922697780769,0.1044462753909158,0.6590295743642117,0,-0.0912071921476076,0.3007061744061611,0.0,1.0,
EIF4A2,RAB34,-0.4911453170457211,12.995700002623437,-285.13930259999984,-275.15112309999995,0.0252303327405164,0.0354632517482975,0.4608697808383855,0,-0.0915025301969163,0.3896363949106282,0.0,1.0,
EIF4A2,TRIP13,-0.4700294783597419,3.929522070324172,-359.31701669999984,-523.4711917999999,0.0411795498489199,0.0570401399369203,0.2241404887765076,0,-0.0916727263164625,0.1899561302276974,0.0,1.0,
EIF4A2,POLR2E,-0.4507601815604095,7.8324431407226704,-660.0656739999997,-671.4119870000002,0.0688263643278677,0.0940704237529222,0.7368012452684506,0,-0.0919480724036856,0.1514450631471085,0.0,1.0,likely background
EIF4A2,GTF2B,-0.4549724701199648,4.954749022163227,-498.764038,-738.0236810000001,0.0872188031102421,0.119557392999742,0.5923768760578564,0,-0.0922074288800995,0.1800795463798987,0.0,1.0,
EIF4A2,UBE2M,-0.4774523134773004,7.980876104940727,-333.6503293666666,-502.0176393,0.1313543312426522,0.1828849265290514,1.459581940089547,0,-0.0922636023193498,0.2221128594790673,0.0,1.0,
EIF4A2,SSR1,-0.4703356314913862,6.127373520774565,-426.51123043333337,-534.884033,0.0920110525012372,0.1274767986943228,0.7810979608327038,0,-0.092351852683222,0.1881520715169098,0.0,1.0,
EIF4A2,FANCI,-0.4580046451422833,7.929157149567481,-578.7563066666664,-673.0242919999998,0.0381238270642299,0.0523691581903936,0.4152432850821902,0,-0.0926624162777971,0.202576117533802,0.0,1.0,
EIF4A2,ARCN1,-0.3752542375536603,9.051071653729863,-1403.3173823333336,-1523.8281239999997,0.0579128123369246,0.0751178363199545,0.6798969190050598,0,-0.0930800456883228,0.1417833412486661,0.0001,1.0,likely background
EIF4A2,UCKL1,-0.5045201660534917,3.551930659539418,-220.98738606666677,-109.56256110000004,0.1716787531415683,0.243555765667631,0.8650931913824567,0,-0.0931731041730828,0.2462404472668642,0.0,1.0,
EIF4A2,SMC1A,-0.4667697780327373,4.710613617185961,-584.1174316666668,-502.487061,0.0470889756037288,0.0650784122941881,0.3065592551378451,0,-0.0931802152678677,0.3501721862519869,0.0,1.0,
EIF4A2,PRPSAP2,-0.4667493271713591,5.537007818390194,-552.1274003333335,-563.951904,0.1306275390724927,0.1805287167305816,0.9995889159811792,0,-0.0934060248200034,0.1834013050622597,0.0,1.0,
EIF4A2,USO1,-0.4768713989507034,23.329937093907542,-584.135823666667,-551.2651370000001,0.0749160324496394,0.1042637662172868,2.432467107023185,0,-0.093504050066231,0.1499367016918754,0.0,1.0,likely background
EIF4A2,U2AF1,-0.1439945373991364,30.355327256561605,-3974.899743333328,-3806.941409999999,0.0505762397775424,0.0558853546382833,1.696418228894093,0,-0.0937591487240815,0.1200607290778055,0.0,1.0,likely background
EIF4A2,NOP2,-0.4822738020898132,62.16721419391509,-747.1107180000001,-817.8079840000003,0.0630513672885694,0.0880804361075245,5.475715337789931,0,-0.0944093762678331,0.1602906002713621,0.027199999999999988,1.0,likely background
EIF4A2,HMGA1,-0.3589232990570247,2.3007905094375203,-2109.0537103333345,-1229.107422000001,0.1502535396905496,0.19269789070484,0.4433574781223245,0,-0.0950254855681176,0.2798708784525791,0.0,1.0,
EIF4A2,BSG,-0.471748057542345,12.488003695984188,-595.7817786666665,-653.0895989999999,0.0803827626499584,0.1114754583625594,1.392105936043174,0,-0.0951341477851323,0.2620756442350071,0.0,1.0,
EIF4A2,KP03,-0.5101574005893902,2.6901617081553124,-236.9385375333333,-194.4996949,0.0841707394066392,0.1198781432452497,0.3224915906031283,0,-0.095744064803066,0.956624068838686,0.0,1.0,
EIF4A2,GPHN,-0.4915229529460619,6.680596394955331,-541.1033123333334,-371.7757570000001,0.0424125290820705,0.0596298104405305,0.398362696660878,0,-0.0965318855657496,0.2170416591036717,0.0,1.0,
EIF4A2,PPP2CB,-0.4448075919840919,14.53958262878698,-851.8263349999997,-1088.5144050000004,0.0871718279444254,0.1186540295998655,1.725180067605781,0,-0.096734919541434,0.1580174209377138,0.0,1.0,likely background
EIF4A2,ZC3H15,-0.4944750993846337,6.3796148599045726,-450.2832841333331,-427.0671380000001,0.0928879431304483,0.1308631294000013,0.8348563649338634,0,-0.0968363216274766,0.1819189724055624,0.0,1.0,
EIF4A2,CNOT1,-0.5045506078018694,16.678072829849363,-406.6030885333337,-430.1569217000001,0.0629087531911722,0.0892487426511781,1.4884970299088325,0,-0.0972546770920941,0.1699354236388445,0.0,1.0,
EIF4A2,BTF3,-0.4727388442911543,9.248652762684811,-802.2687173333334,-593.0520019999999,0.2009908289791101,0.2789271829152115,2.579700660856663,0,-0.0974931337444543,0.2194535186535272,0.0,1.0,
EIF4A2,ANKFY1,-0.4721348000908254,6.800835553385646,-684.6333416666664,-706.907105,0.0569856204683053,0.0790493025525379,0.5376013072696391,0,-0.0976505901781131,0.1735159615691341,0.0,1.0,
EIF4A2,CMBL,-0.1242324188285962,37.90111636762369,-4301.578126666667,-4338.214840000001,0.0599996577564403,0.0653960009034312,2.4785814402181727,0,-0.0981729598725143,0.0565301545109456,0.0003,1.0,likely background
EIF4A2,PSMD10,-0.4997520013762077,10.958955918944408,-461.53456616666654,-508.9830320000001,0.1753724624874832,0.2479749913599035,2.7175469993138037,0,-0.0984930271225795,0.2534096985836847,0.0006000000000000001,1.0,
EIF4A2,MAZ,-0.4736211767807917,12.433794252219831,-811.7401529999997,-729.936279,0.0537330806044067,0.0746142798163771,0.9277386035143927,0,-0.0989570597871383,0.3144348098525045,0.0,1.0,
EIF4A2,SEPTIN2,-0.4477385970144901,16.523692313361774,-1041.414632,-1109.388183,0.0233217824192505,0.0318090288911891,0.5256026061848444,0,-0.0995659266013357,0.1507221413384356,0.0,1.0,likely background
EIF4A2,LSM6,-0.5322820629575212,14.595093064648772,-242.51351929999987,-248.4793701,0.0663855878109656,0.0960092225747106,1.401263538542479,0,-0.0998460786082067,1.1362985418733171,0.0,1.0,
EIF4A2,RTN3,-0.4907598182022163,8.15665110725641,-548.1954753333332,-689.796143,0.0357290290997752,0.0502065920935601,0.4095176549915084,0,-0.0999289171121961,0.160219066965768,0.0,1.0,likely background
EIF4A2,KRT8,-0.3296805582986344,18.439046258847263,-1538.5499679999994,-2998.100098,0.2956398459238649,0.3715456339607796,6.850947131875548,0,-0.1000950813694205,0.2561738063227787,0.012100000000000007,1.0,
EIF4A2,RAF1,-0.502808820026333,6.244935270275901,-473.9598390999999,-527.1953735999999,0.1951201212341964,0.276483200380055,1.726619689692165,0,-0.1001874586265743,0.2240332368237388,0.0,1.0,
EIF4A2,ALDH18A1,-0.5072028933861196,4.873524587320927,-481.67211953333344,-418.787476,0.1330868639130102,0.1891579718244206,0.9218660265740728,0,-0.100206189213356,0.2213299526875359,0.0,1.0,
EIF4A2,COPZ1,-0.4116392355865202,13.283072933516609,-1510.976399666666,-1372.769042999999,0.0271290329976226,0.0360874211621174,0.4793518472789363,0,-0.1002770759294625,0.130235471122101,0.0,1.0,likely background
EIF4A2,ENDOG,-0.5368010145372906,1.7941994083349957,-138.3225301,-160.90994260000008,0.5259620841230809,0.7630516666258292,1.3690668487890951,0,-0.1004013156799018,1.3624371696803368,0.0001,1.0,
EIF4A2,KPNB1,-0.3449371839314565,26.496105162928597,-2038.3984376666656,-2335.455078,0.0942987932317191,0.1197700111421298,3.173438810587001,0,-0.1005593173348926,0.6959440229058665,0.0010999999999999998,1.0,
EIF4A2,PGK1,-0.5134030027810247,7.15117184233275,-396.46425353333314,-450.0342404999999,0.0270013541702297,0.0385426390904835,0.2756250353930591,0,-0.1006838452343742,0.2070398595216314,0.0,1.0,
EIF4A2,EIF4H,-0.3985116912579535,38.25668994851936,-1771.3557943333335,-1730.8295900000005,0.0414321368793314,0.0546143828161631,2.089365510127696,0,-0.1010452977965737,0.1209484414201553,0.0001,1.0,likely background
EIF4A2,RNF40,-0.5263531331048911,9.40024580800747,-308.76263403333326,-342.5378414999999,0.0722563486855107,0.1040711486992085,0.978294379294257,0,-0.101063183213449,0.2442950060030361,0.0,1.0,
EIF4A2,SARS1,-0.5294974751744653,3.7692405499480377,-286.9527179666668,-253.6398925999999,0.0611282092354456,0.0882353402303371,0.3325802223346482,0,-0.101263933276705,0.2418908525489671,0.0,1.0,
EIF4A2,SERF1A,-0.5111850164545153,5.284356361245339,-507.1531373,-430.4084479999999,0.1426782507567594,0.2033508486550591,1.074578350655,0,-0.101486105981473,0.5521014462041224,0.0,1.0,
EIF4A2,VPS51,-0.5147522936942045,7.798387057879353,-355.71370416666673,-547.479004,0.1947850840186268,0.278302932643355,2.170313988095809,0,-0.1015621178566354,0.2282895316735261,0.0,1.0,
EIF4A2,PSMA5,-0.4059254045951767,16.20415592155627,-1403.6407873333335,-1740.071777,0.08082791360495,0.1070934342223555,1.73535870631398,0,-0.1015984486730202,0.1946230168462192,0.0,1.0,
EIF4A2,NCAPH,-0.3999309812374827,4.713128452752481,-1343.9344076666675,-1804.5996099999993,0.0629951815612624,0.0831197606246576,0.3917541087860494,0,-0.1018609476061129,0.1824545148109114,0.0,1.0,
EIF4A2,COG7,-0.5111712594961896,5.863261891581308,-498.7833253333331,-526.3388679999998,0.0364972569713142,0.0520168797126702,0.3049885885382684,0,-0.1024203090692422,0.1758740830857052,0.0,1.0,
EIF4A2,DCTN2,-0.3163209540786077,7.729942247397373,-2113.874348333334,-2763.430663000001,0.0797547641099879,0.0993079776799908,0.7676449321721569,0,-0.1024460749537994,0.1608576501837543,0.0,1.0,likely background
EIF4A2,ZNF703,-0.5451419099514005,5.542841194508396,-205.0683999999999,-168.95559690000005,0.2871348208008294,0.4189828691397699,2.322355506861238,0,-0.1026534917694402,0.2643042671700324,0.0002,1.0,
EIF4A2,PFKP,-0.4498872716304019,12.520459314175586,-1089.5854493333336,-1238.551026,0.0753876637645706,0.1029759436760354,1.2893061131346382,0,-0.1026574115401395,0.175608091248389,0.0,1.0,
EIF4A2,ACACA,-0.5110407601831208,14.51576653062614,-592.0215250000001,-624.680908,0.046572105533728,0.0663698230578593,0.963408856186854,0,-0.1034287356073024,0.157478948604194,0.0,1.0,likely background
EIF4A2,PYCR2,-0.4956658160866186,12.284510463448507,-781.693481333333,-722.8852539999998,0.0095409420373923,0.0134526443056682,0.1652591497340328,0,-0.1035663730213629,1.086045075036523,0.0,1.0,
EIF4A2,CCT2,-0.1357021745270654,24.227794971975054,-3337.6328166666717,-5378.527349999997,0.0875517536433752,0.0961878119489302,2.3304185867015734,0,-0.1035748584544344,0.1821168848122267,0.0001,1.0,
EIF4A2,ANXA2,-0.4729388501795043,2.051282176191525,-621.7156779999996,-1270.17981,0.3878437070839503,0.5383088960862388,1.104223443827037,0,-0.1042905415715256,0.5715480617487224,0.0002,1.0,
EIF4A2,CMC1,-0.5276940039941863,4.017612933885608,-354.23606373333325,-501.9083865,0.1318968512688774,0.1901482849226273,0.7639422088613131,0,-0.1044784272469523,0.2074984031703551,0.0,1.0,
EIF4A2,EIF1AX,-0.2442050173922931,17.378967915464788,-2860.994793333335,-3737.666020000001,0.0645886793213484,0.0765023161222143,1.3295312973467075,0,-0.1046571328824609,0.0933964292117694,0.0,1.0,likely background
EIF4A2,PSMC5,-0.404545643606764,7.806797257950179,-1874.5594079999985,-1475.7983400000005,0.1356617061339521,0.1795739751869145,1.401897617088418,0,-0.1048100259348023,0.1792809221556548,0.0,1.0,
EIF4A2,LARP7,-0.5219191030292656,16.079615028033185,-619.8922116666668,-578.548706,0.0648393432519784,0.0931018152138382,1.4970413470496016,0,-0.1054785693029522,1.3835292069629923,0.0,1.0,
EIF4A2,NUDC,-0.5246240868573702,6.522900613174745,-496.75978599999985,-609.255371,0.0806286505314221,0.1159907149478264,0.7565959056557542,0,-0.1063313894189801,0.1822718800871966,0.0,1.0,
EIF4A2,SNIP1,-0.5432065167258753,8.370392716056266,-411.1603599333335,-351.7640384,0.1988061427906111,0.2897060623350102,2.424953513966311,0,-0.1063314810145619,0.222332935128806,0.0,1.0,
EIF4A2,GPATCH8,-0.5317079794109801,4.921681929129864,-571.393798666667,-383.4479979999998,0.32309179927419,0.4670810673844724,2.298824448784846,0,-0.1064054221617257,0.4668669464850519,0.0002,1.0,
EIF4A2,OTUD4,-0.5604252736087497,5.011391181452146,-247.9603067666667,-158.73303220000005,0.126938525342154,0.1871994942356523,0.9381298945848504,0,-0.1065825283395113,0.2170122296193335,0.0,1.0,
EIF4A2,MYL6,-0.2815250598785023,20.927168883180403,-3027.7057299999997,-3060.75879,0.070973339479132,0.0862676577596646,1.8053378430929108,0,-0.1067414221814411,0.0996541746372168,0.0,1.0,likely background
EIF4A2,ST13,-0.5301804155476524,19.647908595231065,-601.1823323333335,-587.071533,0.0806604870208456,0.1164842800608847,2.288672487417559,0,-0.1067545534193152,0.2194770244548261,0.0001,1.0,
EIF4A2,COPRS,-0.5349023733640405,9.747513054188117,-539.1504723333333,-476.5560310000001,0.1186340000351586,0.1718846623591138,1.675447990160179,0,-0.1071813044243158,0.1865354639031149,0.0,1.0,
EIF4A2,SF3A3,-0.5135966328231713,7.81508728690544,-648.4107256666666,-763.131836,0.0302519036541452,0.043188378694065,0.3375209492740452,0,-0.1071839871317586,0.175864544831877,0.0,1.0,
EIF4A2,PC0,-0.5474635147335764,9.3956620724084,-389.57092309999985,-424.5895389000001,0.0721831220891205,0.1054981755535203,0.991225206756494,0,-0.1077559565121256,0.168340937959857,0.0,1.0,
EIF4A2,MRPS7,-0.5555290228531062,4.332273074501699,-308.7449038333334,-292.65295459999993,0.1516501148810036,0.2228845812865764,0.96559687022942,0,-0.1078175744180143,0.2580297933473127,0.0,1.0,
EIF4A2,SEPTIN11,-0.4802190731698499,7.479198581173482,-974.1450193333336,-1180.891357,0.0450481041760917,0.0628409761258456,0.4700001394799812,0,-0.1082462894782523,0.1806223762746594,0.0,1.0,
EIF4A2,MSRB3,-0.5169585502808667,13.073736385839192,-699.133789,-810.8424069999999,0.0361645013527677,0.0517498059893151,0.6765633215226281,0,-0.1083715790104672,0.155797528118412,0.0,1.0,likely background
EIF4A2,CSDE1,-0.5696055756690054,4.75197956306494,-165.47638956666663,-220.46780399999992,0.1372818893272759,0.2037455147376399,0.9681945220994116,0,-0.1084702293602357,0.2337062139219085,0.0,1.0,
EIF4A2,GSPT2,-0.5526777635545542,6.441720274521431,-395.08614076666674,-353.89807129999997,0.1637619085881648,0.2402104220616915,1.5473683459461485,0,-0.1085896849568573,0.2495656000823539,0.0,1.0,
EIF4A2,PSME2,-0.5791953612378251,14.58412626050012,-206.9143269666667,-189.6663818,0.1160896174588381,0.1734423086380491,2.529504528089939,0,-0.1094327390088414,0.3233189656298307,0.0001,1.0,
EIF4A2,ACLY,-0.3342090926338424,8.518628945946158,-2911.632813333332,-2259.1767600000003,0.0414142086386128,0.0522109750609332,0.4447659234501393,0,-0.1097846781060634,0.1158868574040727,0.0,1.0,likely background
EIF4A2,MON2,-0.5206610480405929,7.617894647410253,-809.6043700000002,-690.5825200000002,0.0513803360814596,0.0737119268973253,0.5615296933614302,0,-0.1098412843037882,0.179417109592901,0.0,1.0,
EIF4A2,SLTM,-0.5100939189790038,26.57833518151269,-1032.0847166666667,-901.296143,0.0369358602451915,0.0526026924021989,1.3980919901156537,0,-0.1098652161477807,0.1506519237401698,0.0001,1.0,likely background
EIF4A2,KP02,-0.4562239307909789,5.746529207844635,-1130.584391333333,-1623.9077150000005,0.0604022497500167,0.0828697752395491,0.4762135838615889,0,-0.1099703865695493,0.9412530494283043,0.0,1.0,
EIF4A2,WASH3P,-0.558045131702656,8.149955764716287,-375.2806803333333,-418.7969966999999,0.053461173254682,0.0787105964052962,0.6414878789176012,0,-0.1101023373724886,0.238734558226239,0.0,1.0,
EIF4A2,PSMD2,-0.476209147785411,17.019220583641175,-1354.9541016666658,-1171.4060060000002,0.0377533954071213,0.0525188606357306,0.8938300739610093,0,-0.1103247848855427,0.1472219339310058,0.0,1.0,likely background
EIF4A2,HADHB,-0.5081271809420761,2.1910116091126253,-983.4629719999994,-769.3596189999998,0.077389538683457,0.1100651823703615,0.2411540923325604,0,-0.1106536290183972,0.2692304580875135,0.0,1.0,
EIF4A2,SLC1A5,-0.3812582957615317,8.753753970850557,-1505.7158200000013,-2829.367187,0.3579706366257148,0.4662547227218576,4.081479130454286,0,-0.1108207765354781,0.265593859120091,0.0021000000000000003,1.0,
EIF4A2,WDR70,-0.5744406139444439,3.817488081152786,-234.53071083333333,-262.5168762,0.1028304172184614,0.1531270516376922,0.5845606945289572,0,-0.110984942043743,0.2180132264063548,0.0,1.0,
EIF4A2,SNRPD2,-0.4836905701123452,28.865235006177,-1218.472738,-1358.8022459999995,0.0587234971130929,0.0821151619867786,2.3702734483186587,0,-0.1110068301347334,0.2253930311278618,0.0004,1.0,
EIF4A2,WASHC2A,-0.5798549861789979,9.16561227906448,-195.33653766666671,-268.86209110000004,0.163623955113149,0.244572217708218,2.2416541217444745,0,-0.1111077142005346,0.3010052161942945,0.0001,1.0,
EIF4A2,TRAPPC3,-0.5138002993021588,9.286790671497958,-916.0367026666664,-854.8259280000002,0.0489684266609976,0.0699184276719849,0.6493178018699944,0,-0.1111883337256277,0.2064096949884234,0.0,1.0,
EIF4A2,MRPL14,-0.576409313559628,3.4536233845150712,-282.6026408333332,-200.82421869999996,0.0309511387840488,0.0461529644854109,0.1593949574115089,0,-0.1113228173412922,0.2379249494105439,0.0,1.0,
EIF4A2,LONP1,-0.5337755569432335,18.47555263573008,-804.5812986666665,-709.6333009999998,0.0187689949836195,0.0271725101225879,0.5020271410147817,0,-0.1115073427531205,0.1655679671517005,0.0001,1.0,
EIF4A2,FAM98B,-0.5609816866844404,6.188409635562177,-449.34641493333334,-386.82714840000006,0.0212302754390636,0.0313209084768599,0.1938266118127611,0,-0.1115241471564008,0.1835817877718106,0.0,1.0,
EIF4A2,SPINDOC,-0.5148288334261334,6.334236559974659,-982.3470053333332,-769.7590339999997,0.0023338713312387,0.0033347404393196,0.0211230348087643,0,-0.1116052823871743,0.2016111355680988,0.0001,1.0,
EIF4A2,0P1L1,-0.4486445251465339,7.640334904726761,-1538.6929523333338,-1534.1171870000007,0.0921691029003586,0.1257901824403625,0.9610791215710492,0,-0.111664044534797,0.1623023312063399,0.0,1.0,
EIF4A2,LSM2,-0.5711666497271216,4.915861540157798,-424.00349953333296,-211.2728879,0.1232307079084294,0.1830896059109261,0.9000431521001696,0,-0.111686200699027,1.030399961349323,0.0,1.0,
EIF4A2,JPT2,-0.5666297199698063,6.95795046516449,-440.88132743333347,-330.58709710000005,0.1129992679335711,0.1673611318386326,1.1644904651270698,0,-0.1119543108899494,0.2186627560350027,0.0,1.0,
EIF4A2,CMAS,-0.5648705319903489,14.361445476791792,-491.52787266666655,-411.571899,0.1025333927870917,0.1516752524284245,2.1782758679294507,0,-0.1120685476020437,0.707082231088022,0.0,1.0,
EIF4A2,TXNDC5,-0.4988135765507878,12.228577632221876,-1111.7909343333336,-1068.196778,0.0569889418137874,0.0805294213747475,0.9847602809590076,0,-0.1121148277123034,0.1811848845473397,0.0,1.0,
EIF4A2,TUBG1,-0.562804339787116,8.511701891233802,-433.9614461999999,-470.5170291999999,0.0818715282826239,0.1209373089181689,1.029382321039505,0,-0.112415082904322,0.2271456493834783,0.0,1.0,
EIF4A2,WASHC5,-0.5838838763448987,5.480829440586161,-238.41423543333343,-237.34420770000003,0.1595986587226903,0.2392226558185871,1.3111385748657232,0,-0.1126603288019391,0.2389430342478455,0.0,1.0,
EIF4A2,MCM6,-0.4054182002532674,34.13931723891629,-2108.9108076666653,-2221.3779299999997,0.0261367036897246,0.0346178112408945,1.181828440069823,0,-0.1127753992967926,0.2960094572029839,0.0,1.0,
EIF4A2,SUMO1,-0.5871664141465811,10.830576396951315,-253.95693969999985,-297.1681824,0.1501555789025105,0.2255810948744274,2.4431732817454095,0,-0.1135511402194692,0.2978545466293978,0.0,1.0,
EIF4A2,ORC4,-0.6068378664834357,0.81905636839658,-30.19201915333334,-22.64775086,0.4935976219353534,0.7517199444447799,0.6157010077482202,0,-0.113622743009469,0.6556635951151062,0.0001,1.0,
EIF4A2,CCDC61,-0.1296385791982587,31.280192090951815,-3411.15625,-6388.898439999997,0.1110072977264459,0.1214454875975656,3.79883818063116,0,-0.113806146977663,0.0905799487046272,0.0026999999999999997,1.0,likely background
EIF4A2,DSP,-0.5597005740134327,10.757784066747918,-608.2126056666666,-553.4527579999999,0.1573509506738404,0.231932940391613,2.495084490698889,0,-0.1143793680270324,0.2246447720762869,0.0,1.0,
EIF4A2,D0JB6,-0.4859774410567304,22.433157177509152,-1319.0165203333331,-1458.837646,0.0431912434706325,0.0604916703741285,1.3570191494328991,0,-0.1147290264591934,0.157568384220119,0.0,1.0,likely background
EIF4A2,PRPS1,-0.5088564748942499,14.804621869776716,-1103.9895833333337,-1160.1716310000002,0.0551545383161102,0.0784817169782864,1.1618921435543668,0,-0.1150263424275134,0.1570829101734796,0.0,1.0,likely background
EIF4A2,NUDT21,-0.3396409344678491,55.9091308887116,-2809.923505333334,-3283.0263699999996,0.0644505312866728,0.0815594158418964,4.559916055511449,0,-0.115255776173854,0.1461683915217816,0.02210000000000001,1.0,likely background
EIF4A2,RAD50,-0.4713254288462826,28.55279922082636,-1494.3553063333334,-1731.7116699999997,0.0771408368877097,0.1069481949336561,3.0536703369704816,0,-0.115752245788456,0.319161644440715,0.0010999999999999998,1.0,
EIF4A2,LRBA,-0.5876807456170403,8.18656289923466,-364.2119953666668,-347.1717526,0.0443577386508552,0.0666630925215416,0.5457415999851001,0,-0.1158844347879316,0.1868321208704828,0.0,1.0,
EIF4A2,RAB10,-0.423669675723426,20.92021624574437,-2077.593261666666,-2017.615235,0.0260139569316204,0.0348939008682035,0.7299879518203862,0,-0.1160082329633424,0.1257309702465298,0.0,1.0,likely background
EIF4A2,KLC1,-0.5457090155631366,8.059837335869643,-754.5094810000003,-816.4266360000001,0.0797998790599062,0.1164885811055481,0.9388790151969764,0,-0.1163059825037277,0.2128337992709183,0.0,1.0,
EIF4A2,CHID1,-0.5998237734964391,10.942980567887648,-274.3343505999999,-275.92443849999995,0.0640957833764027,0.0971406465414098,1.0630082074546905,0,-0.11640624526533,0.2378855179726168,0.0,1.0,
EIF4A2,FASN,-0.2606413173672576,34.41081557532778,-3763.1132766666633,-3771.16015,0.0167061939633582,0.0200144461661205,0.688713415864701,0,-0.1168944937585318,0.1078394771799889,0.0,1.0,likely background
EIF4A2,DIDO1,-0.4475949720236926,38.44169525529057,-1802.234375,-2147.206543,0.0780255320877236,0.1064099341072089,4.090578259084874,0,-0.1173819550008171,0.1372300866704301,0.002800000000000001,1.0,likely background
EIF4A2,USP7,-0.5952551044619317,7.176875436642093,-367.51861580000013,-319.20526140000004,0.0333036616467071,0.0503139238641948,0.3610967643020206,0,-0.1174602179337997,0.2322780863325883,0.0,1.0,
EIF4A2,MOB1A,-0.5968586738320033,5.735934769407194,-376.8127850666668,-280.5522465,0.1484345603629536,0.2244987684529594,1.2877102916584249,0,-0.117680928590565,0.288980606956899,0.0,1.0,
EIF4A2,CD2AP,-0.5327478419320707,12.491145204088804,-955.1240233333328,-1065.1896969999998,0.0132919137354951,0.0192294506533452,0.2401978603057954,0,-0.1179571111764635,0.1537160593611836,0.0,1.0,likely background
EIF4A2,RNF20,-0.5980697804224007,4.0334835542368905,-375.56286623333347,-265.98547369999994,0.0615880254768754,0.0932265897852079,0.376027916716225,0,-0.1180055581301981,0.2381019650345943,0.0,1.0,
EIF4A2,COPS2,-0.5541158714890294,23.65922831601714,-828.2784423333335,-929.140136,0.0942773761637444,0.1384265395074721,3.27506510320345,0,-0.1182510703504974,0.1884453907111427,0.0008999999999999999,1.0,
EIF4A2,PRKDC,-0.5304202060196899,32.21460480904461,-1076.6978356666668,-1327.8083500000002,0.0827396911647471,0.1195067843238119,3.849863828991328,0,-0.1191878902404292,0.1977828252957681,0.0029000000000000002,1.0,
EIF4A2,ADD3,-0.6093877049771335,3.420754974663248,-254.27929686666664,-276.3994751,0.2955282763612918,0.450868240864248,1.542309777854044,0,-0.1193838941870028,0.3006737682225268,0.0,1.0,
EIF4A2,GNG5,-0.6222630846592366,3.9617646281006738,-192.16774489999997,-206.7176513,0.1968920735881434,0.3030782504573802,1.2007246922086856,0,-0.1207141246794605,0.3847089967532168,0.0,1.0,
EIF4A2,MYCBP,-0.549217365002133,11.1052322064705,-969.3922523333332,-969.521972,0.0403187039214455,0.0589988870123667,0.6551963401956497,0,-0.1209503142444872,0.172808111054692,0.0,1.0,
EIF4A2,AMPD2,-0.6060335901948793,12.273879148093163,-427.4824216999998,-413.1697386,0.0968095282974768,0.1473530071866227,1.808593002316711,0,-0.1210017616436435,0.2486931009265117,0.0,1.0,
EIF4A2,GA0B,-0.5176282322797428,25.270338981348065,-1408.515543666666,-1333.2429199999997,0.0603046410598938,0.0863333471285913,2.1816729473338956,0,-0.121124263655295,0.1532059149594325,0.0001,1.0,likely background
EIF4A2,CUL2,-0.6111319069407586,5.375607729158507,-356.2422892333335,-420.82446260000006,0.0789259346358995,0.1205578245224694,0.6480715733135215,0,-0.1223690734226265,0.2175208025712064,0.0,1.0,
EIF4A2,COX4I1,-0.6436793066721029,3.1254966614030235,-154.07615149999992,3.597106999999994,0.4564577173757196,0.713138885711151,2.228913206406874,0,-0.1228225065779408,0.4649382247588688,0.0005,1.0,
EIF4A2,NCKAP1,-0.5790168479719199,11.234595829246093,-728.6103919999998,-807.6269530000002,0.0336304633763309,0.0502389759306467,0.5644145894560383,0,-0.1230531119052088,0.1751635915638303,0.0,1.0,
EIF4A2,D0JA2,-0.5008747345009184,21.811475239479226,-1653.686360666666,-1580.5468750000005,0.0363976696732485,0.0515060261514446,1.1234224140862057,0,-0.1234876084481144,0.1884073845341349,0.0,1.0,
EIF4A2,COPS8,-0.6173077460241164,11.19394270268353,-448.4064332,-422.1708986,0.0816155650405842,0.1252010012372837,1.4014928341687642,0,-0.1240620510606229,0.1945381509883827,0.0,1.0,
EIF4A2,VIM,-0.3299489251583609,63.134886372745456,-4198.093100000002,-2935.0605499999983,0.0989754331118445,0.1244106025188926,7.854649253595086,0,-0.1240784868664837,0.2208933610497076,0.033999999999999975,1.0,
EIF4A2,ZRANB2,-0.2748826079488884,6.505425931643172,-3820.0979833333295,-3745.697270000001,0.1396305475925287,0.1689404341934473,1.0990294815051092,0,-0.1243095344589481,0.1814524546706012,0.0,1.0,
EIF4A2,BUB3,-0.6003647819379561,11.738394901407112,-616.0935059999997,-627.9488529999999,0.0600309520508949,0.0910142978808301,1.0683617701994848,0,-0.1244578297386067,0.1987912011970042,0.0,1.0,
EIF4A2,DDX23,-0.6024355858980552,8.929947325901614,-612.0191245333333,-579.9550780000002,0.1089785226738668,0.1654621609363238,1.4775683815912273,0,-0.1247086074273336,0.282731946176679,0.0,1.0,
EIF4A2,CCDC22,-0.6083438807393172,15.861459452136188,-595.1715085666667,-577.72937,0.0739074412749519,0.1126742156826224,1.787177503351164,0,-0.1248866178190042,0.1849178734480937,0.0,1.0,
EIF4A2,PSMB7,-0.497192599422104,9.661531878280364,-1729.707519999999,-1569.5659180000002,0.0234857017370676,0.0331496965413795,0.3202768498898589,0,-0.1250598313563827,0.2503384368435559,0.0,1.0,
EIF4A2,MORF4L2,-0.5097346666219027,15.371424171999404,-1513.4026689999996,-1610.9348139999995,0.0739646025640682,0.1053114362936193,1.6187867574317156,0,-0.1251140072209223,0.2427598517048422,0.0,1.0,
EIF4A2,POLR1C,-0.5890831164129479,9.69237420285186,-977.5425213000004,-547.1992190000001,0.2538894606110616,0.3819292271203722,3.701800988256645,0,-0.1254118993113858,0.2564055250964532,0.0023000000000000004,1.0,
EIF4A2,SRP68,-0.596307434944785,6.461069629723006,-743.561360666667,-750.4936520000001,0.0538194752010032,0.0813677766238668,0.5257228703825517,0,-0.1271507397522275,0.2134526282902887,0.0,1.0,
EIF4A2,TNPO1,-0.574613216953012,7.966698050730833,-916.5218916666664,-1078.0787360000002,0.0303851793801446,0.0452526572998937,0.360514256701454,0,-0.1278081376147802,0.1748703553048153,0.0,1.0,
EIF4A2,COPS6,-0.5912790276277015,37.94533867233848,-924.847656,-1099.190429,0.1140989911581025,0.1719020558609665,6.522881728115625,0,-0.1278504963077889,0.1932303323829632,0.009500000000000005,1.0,
EIF4A2,CAPZA1,-0.4907056189914269,15.149939435830944,-1771.9464516666667,-1960.069824,0.0537813083770501,0.0755708968352642,1.1448945101656811,0,-0.1278536570534428,0.1610669681402709,0.0,1.0,likely background
EIF4A2,ESYT1,-0.6094518462865776,14.67540347636898,-764.9299316666668,-658.944336,0.0596941881585969,0.0910755835957971,1.3365709361140952,0,-0.1282062904950027,0.187355661545993,0.0,1.0,
EIF4A2,SSR4,-0.6157578973776978,2.5829785463456227,-688.3299556666666,-483.440918,0.1031711974490973,0.1580981264648525,0.4083640688761511,0,-0.1283703222403741,0.2619046995741571,0.0,1.0,
EIF4A2,NKRF,-0.6282228589151913,9.968308751818109,-460.0062050333336,-556.245239,0.0949515499128936,0.1467650664246502,1.4629994961020072,0,-0.128403995502905,0.5064814024324495,0.0,1.0,
EIF4A2,EIF2B5,-0.6012064188957663,8.388468439893405,-783.0778813333334,-774.311158,0.0919478631380771,0.1394856063349232,1.1700706065598994,0,-0.1287361645593604,0.2435997970406853,0.0,1.0,
EIF4A2,RPS14,-0.3342368088103257,106.50403442790603,-4150.682946666666,-3821.40137,0.0941997557045448,0.1187601006090258,12.648429843925268,0,-0.1288704765483453,0.3499792788508414,0.05969999999999996,1.0,
EIF4A2,ABCF1,-0.5961414397555468,3.633509036566398,-764.620035666667,-859.9074700000001,0.0206341379290564,0.0311924400755937,0.1133380128872257,0,-0.1290121164924698,0.2283647463530653,0.0002,1.0,
EIF4A2,PSMD13,-0.5293099230961102,6.77308561196216,-1671.3508300000003,-1306.2233880000003,0.0633983093947608,0.0915002137841384,0.61973878147281,0,-0.1290346899291939,0.1771060913638255,0.0,1.0,
EIF4A2,CCNT1,-0.6173242021714923,4.162544638592434,-591.9126179,-646.433594,0.122511184562658,0.1879383904947596,0.7823019397396531,0,-0.1292875699895501,0.9524740093786496,0.0,1.0,
EIF4A2,CRIPT,-0.4627412288908958,13.753502213893652,-2167.367187666665,-2254.3330079999996,0.0103394451378709,0.0142495847470863,0.1959816953661172,0,-0.1296658401935047,0.137489638266513,0.0,1.0,likely background
EIF4A2,CLSPN,-0.6461187685333883,4.1732872078326135,-376.9695028333333,-399.3775027999999,0.0560536349016347,0.0877226428050686,0.3660917830556625,0,-0.1304884176275584,0.2274301413292214,0.0,1.0,
EIF4A2,LSM8,-0.6378635378400835,16.223380503511102,-569.1683958333333,-515.79602,0.1534718210245361,0.2388094245372843,3.874296162092885,0,-0.1305376640245338,1.1213520565247674,0.0026000000000000007,1.0,
EIF4A2,CBR1,-0.6440018402518193,5.73703613657916,-395.99570716666665,-444.72735549999993,0.0706994817611792,0.1104808197877984,0.6338324555214894,0,-0.1305392941073031,0.2346431614801776,0.0,1.0,
EIF4A2,REEP5,-0.6666922326844752,3.581978345117546,-182.50080360000004,-201.87536619999997,0.0843989434571823,0.1339794726514554,0.4799115697277819,0,-0.1307118000602492,0.3097271120323117,0.0,1.0,
EIF4A2,KLC2,-0.6267473624379474,7.866626458052557,-681.4375816666663,-576.060547,0.0599444164687474,0.0925603948523299,0.7281380511131305,0,-0.1311456636313469,0.1996257382896742,0.0,1.0,
EIF4A2,PSMD6,-0.501880824756458,14.614339245289242,-1849.7957356666664,-2116.257813,0.0387855905609668,0.0549234413290574,0.8026698041015848,0,-0.1331833354646086,0.1588387179309179,0.0,1.0,likely background
EIF4A2,RPL32,-0.6217892579404312,6.005274338308589,-736.9356283333334,-784.5029300000001,0.0318437705890215,0.0490013885749447,0.2942667813506031,0,-0.1333316369834626,0.4003148618692764,0.0,1.0,
EIF4A2,PSMG1,-0.6594813193004981,8.943879304905954,-466.1080117666668,-350.60845990000007,0.0673690379430508,0.1064120632668247,0.9517366504444972,0,-0.1333438896593185,0.2041465328882971,0.0,1.0,
EIF4A2,SEC23IP,-0.6071196382760884,1.9529854862669151,-544.4601238333335,-1225.6754153,0.5569977766009916,0.8484403197166572,1.656991630370293,0,-0.133438917170718,0.5455510773857912,0.0002,1.0,
EIF4A2,QPCT,-0.4559138881092458,46.41756371501849,-2724.334311333335,-2543.421875000001,0.0312740392228935,0.0428976685506807,1.99120526317697,0,-0.1334478226998986,0.1348863216104686,0.0079,1.0,likely background
EIF4A2,PPP1CA,-0.6667751384424364,6.359305834681876,-358.94331866666664,-305.5442505,0.1815767281739822,0.2882613378430527,1.8331420076585283,0,-0.1335948951648884,0.2576357391265966,0.0,1.0,
EIF4A2,RER1,-0.6672842362319085,6.782646782664315,-378.0884298333333,-286.22412109999993,0.1088280631932606,0.1728304926390131,1.1722481848442912,0,-0.1336502035084997,0.3140715952049017,0.0,1.0,
EIF4A2,D0JC8,-0.57882470371703,13.81061845914608,-1232.1552736666663,-1269.915527,0.0177231627448442,0.0264722777179975,0.3655985273078184,0,-0.1338451320710027,0.2144650836306169,0.0007000000000000001,1.0,
EIF4A2,COPS7B,-0.6683463622402155,6.147612426581148,-448.4577178999999,-211.3782349999999,0.3103883886625587,0.4932926799578571,3.032572209250439,0,-0.1339239527498129,0.3594186413764254,0.0007000000000000001,1.0,
EIF4A2,YWHAQ,-0.6768010093902014,4.940080933186871,-251.54167683333327,-238.2080078,0.0587279718526906,0.0938835170023015,0.4637921722835955,0,-0.1340475482644743,0.2652337778967481,0.0,1.0,
EIF4A2,AKAP12,-0.6675965075398809,6.547064836974068,-358.8597616666666,-402.0656739,0.1367520610983453,0.2172237730741672,1.4221781264487148,0,-0.1348752873204835,0.2998512511750527,0.0,1.0,
EIF4A2,TRIR,-0.5842991232385514,5.012045017305196,-1234.902099333333,-1259.6992180000002,0.0402227829997584,0.0603073423178158,0.3022631145709278,0,-0.1362057226851006,0.1894072049900814,0.0,1.0,
EIF4A2,KRT1,-0.2668446004549428,25.906526254579873,-4591.90755,-4509.6875,0.0172483441110696,0.0207529988591775,0.5376381098065492,0,-0.1376217427510462,0.1894866800036845,0.0001,1.0,
EIF4A2,NUCKS1,-0.4798668247826342,6.306022834140849,-2038.079264666665,-2648.2207040000003,0.0566919498614879,0.0790645419632271,0.4985828069909976,0,-0.1376564986700452,0.1745396843331539,0.0,1.0,
EIF4A2,MBD3,-0.6612138560161198,3.122265697562818,-527.0685630333334,-563.935059,0.1375615311761233,0.2175449837030797,0.679233240292988,0,-0.1377134146466456,0.2644993709619134,0.0,1.0,
EIF4A2,CNBP,-0.3794787474097757,16.07531718541487,-3657.6839200000018,-3134.8261700000003,0.0449098563444487,0.0584227238401236,0.9391638165658877,0,-0.1378465832443431,0.1585048491210073,0.0,1.0,likely background
EIF4A2,PSMA4,-0.404145110697261,23.3447540411486,-2949.2864563333333,-3476.0693330000013,0.0567479334944265,0.0750957915051431,1.7530927822129427,0,-0.1382367993760594,0.1997300042657368,0.0,1.0,
EIF4A2,PDIA4,-0.6392486585866227,5.135730911781882,-887.7361246666667,-704.7365729999999,0.1080214043559865,0.1682478814294302,0.8640758454989379,0,-0.1382430933199772,0.2260612197038189,0.0,1.0,
EIF4A2,RELCH,-0.7020895107482382,2.777907991434118,-202.2445983666666,-176.38967889999998,0.1399649901140498,0.2277070545408829,0.6325492465150433,0,-0.1388119647763879,0.2791656718564189,0.0,1.0,
EIF4A2,CAP1,-0.5853794747499904,21.61274147975515,-1555.5121256666655,-1386.44043,0.0573335301638595,0.0860264457892174,1.8592673332645289,0,-0.1393636273642053,0.1710755584111036,0.0,1.0,
EIF4A2,PSME1,-0.6712798025202804,18.802535158201017,-618.0158486666669,-635.7204590000001,0.0487177549704106,0.0775835305555023,1.4587670609671948,0,-0.1397488679420461,0.2427714179628433,0.0,1.0,
EIF4A2,COPS4,-0.6555233844073116,5.227829197684271,-742.4759116666667,-729.0742190000001,0.0228825868717347,0.0360449280012615,0.1884367270334223,0,-0.1405378623295163,0.2407498912074108,0.0,1.0,
EIF4A2,CSRP1,-0.7161801148759032,3.948275357940805,-157.40687809666665,-178.25091550000002,0.296568623347979,0.4872187944646302,1.9236739601103257,0,-0.1413628387903297,0.4146805519690363,0.0,1.0,
EIF4A2,MTA2,-0.6448752756676427,13.833689020884917,-914.0944416666669,-961.741455,0.0747850054586367,0.1169359698095234,1.617655841700535,0,-0.1416235337853478,0.2281503717061737,0.0,1.0,
EIF4A2,COPS7A,-0.6792596196576938,18.95638298804286,-633.4317016666664,-633.7659299999999,0.0359856588413256,0.0576253973713671,1.0923691024097943,0,-0.141699975477246,0.2277803201422261,0.0,1.0,
EIF4A2,GART,-0.5859982022216548,16.633852924340772,-1640.1061196666665,-1441.6684570000002,0.0283656084020895,0.0425796079547028,0.7082629362946178,0,-0.1418033158691413,0.1727707756651657,0.0,1.0,
EIF4A2,DHCR24,-0.6673530433131588,18.29747044855853,-745.9611,-793.868774,0.0336470415957797,0.0534376149289135,0.977773180003246,0,-0.1422386522669421,0.2103552764410072,0.0,1.0,
EIF4A2,TRAPPC11,-0.71112333983536,4.051394136610108,-230.79360959999997,-295.73348999999996,0.0237140252536844,0.0388223520654276,0.1572846495272869,0,-0.1424095510318831,0.234762610679461,0.0,1.0,
EIF4A2,ZNRD2,-0.6795702943093492,7.454083273700148,-602.9083452999998,-595.0449827999998,0.1240281369141098,0.1986544137439584,1.480786542735549,0,-0.142538701510193,0.2261543082359506,0.0,1.0,
EIF4A2,ESYT2,-0.685591755498221,5.038666595348321,-518.7788692666669,-547.6530147000001,0.0708842864038906,0.1140093946999258,0.5744553286303983,0,-0.1427163501961032,0.2193721778603607,0.0,1.0,
EIF4A2,PDIA6,-0.4087337834061168,21.892862921661685,-3625.663738999998,-3163.467779999999,0.1099017961960996,0.1458987882352399,3.194142171270655,0,-0.1436740199208817,0.1396299863314367,0.0006000000000000001,1.0,likely background
EIF4A2,DYNLL1,-0.7243144752557252,4.843917748198441,-244.78358459999993,-267.50918579999995,0.2485181303520368,0.4105874173995148,1.988851678328471,0,-0.1451384472191852,0.2864340649187301,0.0,1.0,
EIF4A2,GAPVD1,-0.6792699920036639,23.019727018084225,-798.6593019999998,-820.4106450000002,0.0679798298069955,0.1088598346310513,2.505923676440593,0,-0.1452241349139845,0.2762734395058361,0.0,1.0,
EIF4A2,CCNB1,-0.6905526390803504,0.6240807504958875,-394.21559649999995,-741.2518921,0.542937163652906,1.414213562373095,1.7651669227345277,0,-0.1452543197131486,0.6526775219450123,0.0002,1.0,
EIF4A2,MAGED2,-0.6212390565076152,12.73145922801798,-1362.5410969999998,-1286.315185,0.0888929010411205,0.1367367806432655,1.740858747730174,0,-0.1453457362853235,0.2259103109578583,0.0,1.0,
EIF4A2,SF3B4,-0.6869657407563454,4.505985007221785,-660.1659545333334,-611.70166,0.0591015406874376,0.0951487502042097,0.4287388418760597,0,-0.1454800919563097,0.2403697849007521,0.0,1.0,
EIF4A2,SNRPD1,-0.6350145138637996,18.855628919788447,-1241.5379233333333,-1224.877198,0.0661102589956753,0.1026677440802912,1.9358648844097792,0,-0.14553326677571,0.3182905414600371,0.0,1.0,
EIF4A2,PSMD3,-0.5548496660644998,27.66501300543097,-2078.4510090000003,-2090.787598,0.0216756359470948,0.0318423140022836,0.8809180309961947,0,-0.1458081119871637,0.1571455952576302,0.0001,1.0,likely background
EIF4A2,TAGLN2,-0.5890534510129509,10.136878116425946,-1547.0964356666657,-1749.3461909999996,0.0895146336064963,0.134655261971372,1.3649839783392044,0,-0.1458804196735387,0.1999616087308499,0.0,1.0,
EIF4A2,COPE,-0.5544531424855891,50.69029367610325,-2182.410482000001,-2306.833985,0.0605634825681029,0.0889455542242178,4.508676264809368,0,-0.1462836100273742,0.1722857807409714,0.022800000000000008,1.0,
EIF4A2,TIMM44,-0.4497966984002727,10.005058575686144,-3203.8369153333315,-2928.471678,0.1227675604713511,0.1676840890997149,1.6776891336532225,0,-0.1470394943185648,0.1590235183387706,0.0,1.0,likely background
EIF4A2,HMGB1,-0.3439385725427048,58.689987024921166,-3917.151039999999,-4921.37695,0.0712360599060605,0.0904151546840392,5.3064642552625045,0,-0.1476698284811622,0.1122872615859096,0.023000000000000007,1.0,likely background
EIF4A2,ELOB,-0.6791560147797269,5.870494949541357,-916.8909099999998,-753.3366699999999,0.1017379809357577,0.1629057451309316,0.956337354042406,0,-0.1481283541107512,0.2313859223657242,0.0,1.0,
EIF4A2,ATP5F1C,-0.7061619506562161,4.97831588332467,-653.3832192999998,-482.8787849999999,0.0405311533218157,0.0661259578864511,0.3291959064461778,0,-0.1482121426005294,0.3108701944715407,0.0,1.0,
EIF4A2,FKBP3,-0.4921237554476089,19.278343574428227,-2758.6539716666675,-2763.666016,0.0278538496408899,0.0391773762344778,0.7552749193929035,0,-0.1483482020064576,0.1560040449127996,0.0,1.0,likely background
EIF4A2,COG5,-0.712808130072702,13.336802182631356,-539.0185956000001,-579.5719604999999,0.1079649613951201,0.1769565245947543,2.360034163446179,0,-0.148383435242233,0.2668079987642643,0.0001,1.0,
EIF4A2,KP04,-0.7517244658327528,5.9213892101165815,-187.41860966666673,-118.1317444,0.2060910691136746,0.3470228702964708,2.054857479837208,0,-0.1488342026605003,1.0191919961754243,0.0001,1.0,
EIF4A2,CDK12,-0.7346543968245585,6.842972643324596,-359.2701618333333,-306.07196049999993,0.0927410736259815,0.1543236035684977,1.0560321974385,0,-0.1489907348809142,0.2806723449124422,0.0,1.0,
EIF4A2,HSD17B4,-0.6818935916070522,5.71571877614128,-917.1977946666666,-781.0642089999999,0.0789595778203857,0.1266724614621152,0.7240241663990447,0,-0.1490979572587138,0.2152832180225219,0.0,1.0,
EIF4A2,HMGB3,-0.5243551132886038,2.7953117308073274,-1962.433268,-2802.154053,0.1316397236186758,0.1893388895705655,0.529261219114635,0,-0.1491744721539133,0.2460244431442907,0.0,1.0,
EIF4A2,WDR83,-0.639416878762816,7.965825583430249,-1256.495605666666,-1313.676026,0.0329289244284193,0.0512941657339093,0.4086003776838866,0,-0.1492254728366864,0.2116211829245931,0.0,1.0,
EIF4A2,GBF1,-0.7346720358832701,13.285319792081374,-428.5586344999999,-361.06988549999994,0.0841932885399715,0.1401015756877379,1.8612942363860916,0,-0.149554696536057,0.2583029245383486,0.0,1.0,
EIF4A2,NOC2L,-0.7517264879944374,2.8919975870172547,-161.9649098666667,-175.0611115,0.0387702866923922,0.0652827659467528,0.1887976015918214,0,-0.1496144794233986,0.3711838449289649,0.0,1.0,
EIF4A2,DDX46,-0.1859605083954989,23.40666327257364,-5251.126303333331,-6446.191409999999,0.0699292502427999,0.0795506080213687,1.8620142950846736,0,-0.1496448501417676,0.0893410436791015,0.0,1.0,likely background
EIF4A2,FRG1,-0.2912772671116194,12.158691772189234,-4486.152343333335,-5050.757819999999,0.0353221204047161,0.0432250272421137,0.5255597830813437,0,-0.1501159178618786,0.0991730266942516,0.0,1.0,likely background
EIF4A2,NEK9,-0.7310142653703771,3.1380605262378047,-514.7952675333335,-319.1418454000001,0.1252495280793309,0.2078933166314445,0.6523818105897933,0,-0.1506180898084377,0.2762071272314962,0.0,1.0,
EIF4A2,ACAP2,-0.6906802915711916,5.47782530328467,-896.5514726666668,-763.2022699999998,0.0390047640670087,0.0629564382942522,0.3448643706929346,0,-0.1506846039056803,0.2118637126067349,0.0,1.0,
EIF4A2,CAPZB,-0.6618305490651468,6.63372754120811,-1284.5638023333331,-975.417969,0.0660831364094352,0.1045510419651982,0.6935631265465402,0,-0.150909064857114,0.2138458125526978,0.0,1.0,
EIF4A2,NCAPD3,-0.7272194043398369,7.4745692013791825,-411.1174216999999,-578.9195562000001,0.2224624031306928,0.3682804524590292,2.75273772742025,0,-0.1509776610407863,0.3277497995693982,0.0006000000000000001,1.0,
EIF4A2,SND1,-0.6883446319980857,36.029945618696146,-1048.360229333333,-1051.734253,0.0271556564672772,0.0437602390742237,1.5766790341054222,0,-0.1510855650216374,0.2016135387195347,0.0,1.0,
EIF4A2,KHDRBS1,-0.4193230448132037,4.237867846431739,-4198.132486666667,-2886.8242200000004,0.037995142037124,0.0508115794109519,0.2153327586120864,0,-0.1519048803934888,0.3605711153021829,0.0,1.0,
EIF4A2,DCD,-0.7009920551018248,7.049884925636725,-803.6010746666666,-791.6468510000002,0.0706286963888726,0.1148174469540659,0.8094497884815641,0,-0.152072506906637,0.2242686208113898,0.0,1.0,
EIF4A2,CAPZA2,-0.6964181125590428,7.357671473354341,-816.9069010000005,-902.474609,0.1139474405150993,0.1846521435727512,1.3586098092589622,0,-0.152429175959707,0.2212590924285392,0.0,1.0,
EIF4A2,PSMA6,-0.5751587438048841,14.756223153435702,-2068.091145666667,-2169.8608400000003,0.0594693392432685,0.0886012027935767,1.3074191200848289,0,-0.1529913056725964,0.2524337442472368,0.0,1.0,
EIF4A2,SPAG9,-0.680420939364683,8.711299734580724,-1017.8401686666666,-1083.993774,0.056580414320215,0.0906776373503041,0.7899200781821113,0,-0.153032758712664,0.3944120951474165,0.0,1.0,
EIF4A2,TRIM28,-0.4961137078442275,5.325282241126477,-3267.2802723333343,-2458.1416010000003,0.0106973951277957,0.0150879164422627,0.0803474134855821,0,-0.1534979944145617,0.1821679847916725,0.0002,1.0,
EIF4A2,COPB2,-0.5119196147049482,10.64893526913032,-2604.0937503333325,-2918.1865239999997,0.0634387072255793,0.0904614774348738,0.9633184175538644,0,-0.1540382478718447,0.170456704002427,0.0,1.0,
EIF4A2,TMCO1,-0.7530004262388518,10.74260527592526,-372.69743856666673,-414.62573239999995,0.1675004372577557,0.2822922656471129,3.032554382293571,0,-0.154049541918526,0.3768447637895478,0.0008,1.0,
EIF4A2,D0JC7,-0.7495567705470453,9.127839709182243,-440.18833413333334,-453.1547849,0.0641258376421638,0.1078150588418524,0.9841185753444812,0,-0.1547136465326828,0.2528905738750074,0.0,1.0,
EIF4A2,PTS,-0.3971205125036842,54.22901518179789,-4201.95313,-4205.126959999998,0.0447859097193058,0.0589783075229874,3.1983355340608286,0,-0.1553674306386517,0.1181342394886472,0.019600000000000013,1.0,likely background
EIF4A2,DDB1,-0.6023592718606327,10.474251080341917,-1861.717203666667,-2044.630371,0.013541089210369,0.0205583569232333,0.2153333922132317,0,-0.155928066804427,0.2355118631664232,0.0,1.0,
EIF4A2,NRBP1,-0.7747567282244425,5.183813560208834,-245.8543192666665,-227.49032589999996,0.0348152469508429,0.0595664783799188,0.3087815183597096,0,-0.1561226801337129,0.231639183602126,0.0,1.0,
EIF4A2,UQCC1,-0.7898996050289879,1.327794052505631,-198.00523886666673,53.398712099999955,0.4110883395873568,0.7107651767215869,0.9437497743790368,0,-0.1562834923937527,0.5867743952803599,0.0003,1.0,
EIF4A2,RAB8A,-0.7098578637235873,4.7792347581641215,-814.3383789999996,-955.0263669999996,0.0346659044839194,0.0567019701811217,0.2709920267460027,0,-0.1564206931885779,0.2204716022066931,0.0,1.0,
EIF4A2,PPP1CB,-0.5252236333577498,1.2301507211254703,-1496.1929526666663,-3926.757202,0.571754304536845,0.8228558503470056,1.012236717686681,0,-0.1572437992496043,0.5851186995633387,0.0001,1.0,
EIF4A2,RAVER1,-0.7708751416295568,9.436188551195391,-384.0981852,-407.7298584,0.1086481763773348,0.185390037469945,1.7493753490795805,0,-0.1583486995159137,0.2809431190090134,0.0,1.0,
EIF4A2,ARHGAP42,-0.7541311316884061,7.51096914305998,-545.3703205333334,-559.3768315,0.1087870354612962,0.1834849966374919,1.3781501479586662,0,-0.1584246183452818,0.6487525270842699,0.0,1.0,
EIF4A2,MRPL57,-0.8025606739979501,0.6747185653223529,-70.89436340000002,-11.2100983,0.405415856314074,0.7071363161105121,0.4771180006934185,0,-0.158534566023733,0.7501927737858405,0.0002,1.0,
EIF4A2,ORC6,-0.7140312490028838,9.582668004533804,-998.0152996666668,-962.908813,0.0468175270653986,0.0767998581988506,0.7359475439148596,0,-0.1589305104311545,0.2207225652500069,0.0,1.0,
EIF4A2,NCAPG2,-0.7782434055575179,16.068826548891984,-429.8802896666665,-412.1843262999999,0.1382861436364399,0.2371705294497149,3.811052100236347,0,-0.1597016410492238,0.2478728303512121,0.002800000000000001,1.0,
EIF4A2,COPB1,-0.5049770949776937,31.290918702236823,-2975.5634753333316,-3482.6982399999997,0.0730208433942032,0.1036254096953284,3.2425342702625057,0,-0.1604860759251307,0.1834112604831081,0.0008999999999999999,1.0,
EIF4A2,PSMB2,-0.5280733656186687,17.693374394156784,-3219.024899666666,-2675.3642549999995,0.1343188543412525,0.1936908764857441,3.4270451943946494,0,-0.1610473363889903,0.1943561188558905,0.0012999999999999997,1.0,
EIF4A2,CDAN1,-0.8008142835582128,1.590613941598411,-157.87561546666663,-221.1237641,0.0828479047397576,0.144330533035189,0.2295741580441017,0,-0.1614536536330152,0.5149909359244431,0.0,1.0,
EIF4A2,VARS1,-0.6664944571600552,13.214038147662093,-1380.3855793333332,-1777.3596189999998,0.1162920222645051,0.184582974205342,2.4390864625583175,0,-0.1614860907676573,0.2579301762558945,0.0,1.0,
EIF4A2,TXL0,-0.7840255082442219,6.411699166828275,-416.31903066666666,-369.3273315,0.0280553628516016,0.0483101697663021,0.3097502752399319,0,-0.1616821348999152,0.2412332431170654,0.0,1.0,
EIF4A2,EIF4ENIF1,-0.7634166235562764,7.041094020223367,-678.0151365666665,-577.2828984,0.0325614712563856,0.055274229183948,0.3891910445795527,0,-0.1623442257940663,0.2455690824383056,0.0,1.0,
EIF4A2,EXOSC8,-0.6739228419961619,11.018282530403985,-1618.4290363333323,-1526.7153319999998,0.0177739674354162,0.0283571316310875,0.3124468880631786,0,-0.1633212190813011,0.1948050324714703,0.0,1.0,
EIF4A2,PSMA3,-0.6282857319772505,12.380799734013108,-2050.806722,-2056.1757809999995,0.008681568683695,0.013419544342717,0.1661446910288885,0,-0.1638903124436972,0.2484836029375759,0.0,1.0,
EIF4A2,UGP2,-0.7996146947192625,17.22957851782741,-416.9268187000001,-396.4180298,0.0556498499103312,0.0968678286777498,1.668991860054745,0,-0.1640753675150171,0.2732843024274907,0.0,1.0,
EIF4A2,SLFN11,-0.796256473516234,3.104126049783197,-416.25889096666674,-310.90368649999994,0.0245811458515807,0.0426880924475197,0.1325092197818995,0,-0.1642392979081296,0.280352952162038,0.0001,1.0,
EIF4A2,ACTR3,-0.8024960446059319,10.066941333790526,-324.78784179999997,-404.9086914,0.183861221068944,0.3206809012974269,3.228275820228266,0,-0.164742122431912,0.3396481079699098,0.0008,1.0,
EIF4A2,CFAP20,-0.7388166195569598,8.910078922689575,-1014.0557453333332,-972.535766,0.059621854814475,0.0994989949764855,0.8865438979687799,0,-0.1649616548831612,0.225164275791841,0.0,1.0,
EIF4A2,ADRM1,-0.6806777726018138,16.052148413200367,-1620.7719723333337,-1600.172363,0.0268017662549097,0.0429610417145222,0.6896170175872036,0,-0.1650511561900474,0.2038032293402815,0.0,1.0,
EIF4A2,ASNS,-0.7369673046832321,9.716652717983337,-1137.5343016666668,-987.505615,0.0458677256275494,0.0764475741447369,0.7428145290966913,0,-0.1660322125991934,0.3733184948511232,0.0,1.0,
EIF4A2,R0SEL,-0.7817533164400872,0.832069783706923,-490.7454833666667,-718.1052856,0.4784535334109303,1.414213562373095,2.353448745918356,0,-0.1668344661374952,0.5824929599613914,0.0003,1.0,
EIF4A2,BCKDK,-0.7891560737577838,6.352661540191607,-598.5919393999999,-569.2257687,0.0530503897500172,0.0916760163374115,0.582386703144652,0,-0.167285548267052,0.3325529209872686,0.0,1.0,
EIF4A2,LUC7L,-0.6019007852622427,55.92076491715397,-2925.6931969999996,-2550.674805000001,0.0705355569238593,0.1070544887770661,5.986568900228414,0,-0.1677954881646802,0.2768299737556526,0.025899999999999986,1.0,
EIF4A2,RUVBL1,-0.6172358509135429,14.193158938389995,-2413.924316333334,-2349.6298830000005,0.1229132617222109,0.188543650291183,2.6760299954069833,0,-0.168731881434303,0.2206171895138008,0.0005,1.0,
EIF4A2,MLF2,-0.7640842347247548,4.189197683289914,-883.3447469999999,-887.830688,0.128194755833138,0.2177157806308965,0.9120544438346068,0,-0.1688635655251388,0.2746406770152991,0.0,1.0,
EIF4A2,ATP6V1B2,-0.7550934920060939,5.63844365318793,-953.1826579999996,-1058.290772,0.0918968676021448,0.1551007253023307,0.874526700185771,0,-0.1694046809368432,0.2329897673061045,0.0,1.0,
EIF4A2,HSPBP1,-0.7827720169893571,24.895953827442693,-871.4978430000001,-838.8728019999999,0.0469356613276992,0.08075106711464,2.010374838402806,0,-0.1695856465049724,0.2411505534147292,0.0,1.0,
EIF4A2,ELOC,-0.7942804409565437,1.7771674865914282,-455.8998617333333,-788.1104124,0.2387792152836205,0.4141010101975313,0.7359268514877181,0,-0.1699664647844917,0.436305319056158,0.0,1.0,
EIF4A2,PSMC3,-0.6558913688117418,10.176843689708743,-2265.5187176666655,-1825.9208989999995,0.0560604394199598,0.0883296106772402,0.8989166410351026,0,-0.1702864730102489,0.2046839777816524,0.0,1.0,
EIF4A2,VPS33A,-0.8279654728061828,1.0994413330658772,-440.39207953333334,-239.89688109999997,0.2688955625408371,0.4773465494714198,0.5248145266852544,0,-0.1711863165579417,0.4905065351543604,0.0,1.0,
EIF4A2,GTF2F2,-0.8005799590156568,6.4264245344994695,-689.1519773666666,-650.0995480999999,0.0267211036529629,0.0465436606958488,0.2991093230212214,0,-0.1718617048683037,0.3488368872074963,0.0,1.0,
EIF4A2,E0H,-0.7623565588929008,10.21511621896003,-1087.119425333333,-1069.10437,0.0369129575911145,0.0626150024879394,0.6396195274647731,0,-0.1721075912059141,0.2417187195614026,0.0,1.0,
EIF4A2,SGPL1,-0.7406912196553972,3.796139257132124,-1114.9652909999998,-1473.467529,0.0909645793892512,0.1520021907749009,0.5770214835706878,0,-0.1730662024795898,0.2580429895230578,0.0,1.0,
EIF4A2,UBAP2L,-0.4510732427186676,37.48948516730285,-4289.087236666666,-4424.60742,0.0774075987136438,0.1058220349354373,3.967213609085885,0,-0.1734889100682531,0.1411935732902274,0.002,1.0,likely background
EIF4A2,RPS3,-0.2042379609008188,22.1813321373857,-6870.5885433333315,-6568.925779999998,0.0563587163876184,0.0649303657269103,1.4402420079905227,0,-0.174124889512148,0.3201443921185592,0.0,1.0,
EIF4A2,TFIP11,-0.7554602210605856,5.244428477708439,-1115.608439333333,-1295.139893,0.0529483490146518,0.0893873251761746,0.4687854337001148,0,-0.1741686412890976,0.2575479520496556,0.0,1.0,
EIF4A2,CDK4,-0.8567114682021145,5.6388066838355115,-241.04398599999996,-191.5440368,0.1566289167062069,0.2836453436379361,1.5994212595444148,0,-0.1742439181393269,0.2716988116537345,0.0,1.0,
EIF4A2,TSPAN3,-0.8091699711024823,4.77563377770466,-702.8280436000001,-668.4412232,0.0393441691098476,0.0689401812338928,0.3292330581416594,0,-0.1744134798243244,0.2437280576421193,0.0,1.0,
EIF4A2,MRPS28,-0.8329689482991542,4.212621808139077,-586.6616821999999,-313.06066870000006,0.2848143877717573,0.5073624241587109,2.137326012641294,0,-0.1744407714888039,0.3709913782223278,0.0,1.0,
EIF4A2,UBE2O,-0.7209572592932408,16.01376745259061,-2265.481607866666,-1013.6704100000006,0.3485232364546294,0.5744717242566393,9.199456600334576,0,-0.1748755255681629,0.3201218184174441,0.01480000000000001,1.0,
EIF4A2,RTN4,-0.7557574474851924,11.89204255847033,-1309.481323333333,-1244.2313229999995,0.0475045225467255,0.0802135896279929,0.9539034216237664,0,-0.1749800353491826,0.2195472183585399,0.0,1.0,
EIF4A2,CAMSAP3,-0.8428391600666512,74.15743757200005,-880.2077232333331,-756.303467,0.1045282448866887,0.1874827505798955,13.90324037195546,0,-0.1756766931891836,0.2987946625240577,0.039599999999999975,1.0,
EIF4A2,HM13,-0.8180822141624371,5.148436328121303,-597.0229290666667,-756.0050662,0.1216797564951676,0.2145325891795965,1.104507375698158,0,-0.1761838728987994,0.3789727906318986,0.0,1.0,
EIF4A2,NME1,-0.7377484262943271,9.504038927411893,-1524.8149416666663,-1462.805664,0.0326736263693775,0.0544865093919069,0.5178419062794773,0,-0.1762329616594587,0.2258024908427542,0.0,1.0,
EIF4A2,APP,-0.7654409242608696,9.26565823640466,-1313.3718263333335,-1197.332886,0.0171893601338311,0.029220508630894,0.2707472464677772,0,-0.1770437172249136,0.2430400958269543,0.0,1.0,
EIF4A2,PPP2R2A,-0.8199698845627013,7.566825314907781,-745.8277386000001,-747.8773198000001,0.0016506469727834,0.0029140526724237,0.022050127530671,0,-0.1779099288861915,0.2864771867202581,0.0,1.0,
EIF4A2,LSM7,-0.8049557057065769,3.722402598375344,-996.629028333333,-926.6566159999998,0.0438169069925632,0.0765535117471047,0.2849629910421802,0,-0.1799918127063,0.9023833396246695,0.0,1.0,
EIF4A2,PRPF31,-0.5580991530361801,14.92377186925138,-3641.1863583333343,-3300.2993149999993,0.006424003033275,0.0094583791068424,0.1411546920434101,0,-0.180394099221745,0.302748563378595,0.0001,1.0,
EIF4A2,KHSRP,-0.7988776989698484,21.736457841389424,-1157.1203206666669,-1162.167236,0.0667445985197925,0.1161207496817926,2.5240537799688205,0,-0.1807377253877901,0.2401993198910101,0.0,1.0,
EIF4A2,GAPDH,-0.581664040062195,9.074465130622814,-3109.894531,-3347.5068359999996,0.056806758178008,0.0850168146140116,0.7714821197314723,0,-0.1809607154464472,0.217305571612504,0.0,1.0,
EIF4A2,HSPD1,-0.5901432239462042,28.061196677748793,-3359.8320289999983,-3162.59277,0.0428390270369698,0.0644906788655606,1.8096856235280343,0,-0.1810434777574872,0.1701304086404581,0.0,1.0,
EIF4A2,RAD51AP1,-0.8712208440337396,17.168429841070285,-461.6086427,-440.9224856,0.0448622914899805,0.0820640608927064,1.4089110719097495,0,-0.1814172020724584,0.3036287623663335,0.0,1.0,
EIF4A2,COPG2,-0.7028012617089379,7.548085068528666,-2207.8284506666664,-1947.3103029999995,0.0694870238134286,0.1131032385627954,0.8537128661980717,0,-0.1820653053405278,0.235940522509522,0.0,1.0,
EIF4A2,MRPS26,-0.8439215877207762,4.433518029541351,-653.2234905000001,-756.3598025,0.0596581919051436,0.1070837555597764,0.4747577609452675,0,-0.1828175580647406,0.3330052200239987,0.0,1.0,
EIF4A2,RBM14,-0.4251190473975235,18.868230710042855,-4480.378903333332,-5345.411130000002,0.0750227755665127,0.1007331798677541,1.9006568779010284,0,-0.1830198740841642,0.1711176103770144,0.0,1.0,
EIF4A2,RPS29,-0.1528879565646143,35.96956304045015,-7599.885416666672,-7817.65625,0.0108173666704606,0.0120268041945847,0.4325988916522646,0,-0.1834770695983341,0.1193659385877571,0.0,1.0,likely background
EIF4A2,TOMM34,-0.862423243604524,24.10063848857705,-653.9503376333336,-693.3385617,0.0285678521301326,0.0519398571024559,1.2517837191746413,0,-0.1836214185298944,0.2468957358728796,0.0,1.0,
EIF4A2,RPS19,-0.215374977169964,32.045529925558476,-6282.291666666664,-7876.136720000002,0.0771063672059142,0.0895219663465102,2.868778851551932,0,-0.1836788386408553,0.1901123066420033,0.0009999999999999998,1.0,
EIF4A2,TELO2,-0.7994929443075773,12.69525622995608,-1340.5970053333333,-1131.109253,0.0630328731450259,0.1097099507068234,1.3927959351989745,0,-0.1838734695547449,0.2542974872925728,0.0,1.0,
EIF4A2,NUP107,-0.3297320634645883,1.0580910434570407,-14585.470703666666,2948.140630000009,0.4478689923248738,0.5628798414160571,0.5955781187448494,0,-0.1843588535550618,0.7909779610439716,0.10889999999999998,1.0,
EIF4A2,EEF2,-0.6557875753957443,11.310305676465536,-2901.3232419999995,-2458.662109000001,0.0703667308552713,0.1108628267675618,1.2538924588981704,0,-0.1848029299466778,0.1935608469755697,0.0,1.0,
EIF4A2,C19orf53,-0.2932177659936535,31.230527835325784,-6047.864590000001,-6729.744150000002,0.0437862218301121,0.0536549923806397,1.6756737330477636,0,-0.1854966635116997,0.2097632053975386,0.0,1.0,
EIF4A2,PSMA7,-0.5887728142086438,23.997323900746252,-3708.183593999999,-3192.5019570000004,0.0459148623676947,0.069055471711252,1.657146521773737,0,-0.1856618138254483,0.2655703208217214,0.0,1.0,
EIF4A2,PSMB5,-0.7140824625396879,8.154719199875407,-2084.5445153333326,-2177.746827,0.0470548566406314,0.0771919157898263,0.6294783977664629,0,-0.1857987795313298,0.2406631539332114,0.0,1.0,
EIF4A2,PRMT1,-0.5548912844366449,69.83717971197942,-3992.339515,-4306.275388,0.0762083223314091,0.111956084719887,7.818697208432348,0,-0.1879010603711545,0.2346379047115913,0.03349999999999997,1.0,
EIF4A2,NUP205,-0.8944310755278079,2.870424507139048,-370.17399083333333,-490.5059509,0.1339102993640412,0.2489273620454375,0.7145272005126986,0,-0.1881707024383399,0.3284520247315161,0.0,1.0,
EIF4A2,PHF10,-0.8927149822597356,1.8167933999196844,-378.15192666666667,-533.0484009,0.410234378217547,1.414213562373095,5.138667732392688,0,-0.1885098078158519,0.7203650349503696,0.0049000000000000024,1.0,
EIF4A2,GPATCH1,-0.7223979197672852,7.614089733908543,-2399.42041,-1964.002441,0.0799249935146217,0.1318721898077895,1.0040866866035292,0,-0.188926572947614,0.2249528750632327,0.0,1.0,
EIF4A2,ALDH16A1,-0.9029205604126068,3.942197074273325,-420.21208700000017,-359.91366569999997,0.0465491316319571,0.087041401815491,0.3431343595776776,0,-0.1890202089733002,0.3122926905444517,0.0,1.0,
EIF4A2,ATP6V1A,-0.849166918313794,13.10115520368351,-998.569987,-975.565796,0.0430012664789508,0.0774664731527764,1.014900287856506,0,-0.1893655991364832,0.2510030150686974,0.0,1.0,
EIF4A2,ARPC3,-0.8962956561618566,6.17141037210893,-460.8081767333333,-508.0885319,0.0940664010447426,0.1750872370215834,1.080535190578895,0,-0.189396646449266,0.2633362538673497,0.0,1.0,
EIF4A2,LAMP1,-0.92667947653784,0.1882031392849811,-111.93397013333332,-193.98349,0.3913656157317779,1.4142135623730951,0.5323188641160258,0,-0.1894507258105585,0.967222743582742,0.0002,1.0,
EIF4A2,SDF4,-0.8810930963730355,1.6172168804081752,-562.6000569666667,-756.2892456,0.4168975701055497,1.4142135623730951,4.574180091143899,0,-0.1906149117901317,0.5524655241280146,0.0038000000000000013,1.0,
EIF4A2,FARSB,-0.881097778698809,7.685857723922596,-687.2245482666666,-718.6669312999999,0.0386631223775497,0.0712101307863895,0.5473109337261103,0,-0.1907921163830947,0.2702520591550997,0.0,1.0,
EIF4A2,TAB1,-0.7969264803959897,2.0460224117111503,-1047.9339195333332,-1959.7420659,0.3989134801807646,0.6930826587921664,1.4180626530571243,0,-0.1909739323924038,0.5742441784015776,0.0002,1.0,
EIF4A2,MTHFD1,-0.7901288268755844,4.840953964745861,-1442.368123333333,-1740.486084,0.0246262835482516,0.0425852168416572,0.2061530743091829,0,-0.1910621000393605,0.2418284137116148,0.0,1.0,
EIF4A2,STEEP1,-0.913963147963886,4.447696406838571,-401.9951578666666,-377.1021118000001,0.1352987586811341,0.254936675268015,1.1338809345609222,0,-0.1914537075264788,0.3427405517686903,0.0,1.0,
EIF4A2,APOB,-0.7998835006476505,6.755902809075096,-1530.7668459999995,-1556.8334959999995,0.1073303453025623,0.1868611486945917,1.2624157593727912,0,-0.1919124139706323,0.2528717823491601,0.0,1.0,
EIF4A2,PSMC4,-0.6721949797542435,14.601624737898014,-3039.5087890000013,-2700.7724610000005,0.0550054830741756,0.0876523886036947,1.279867285771559,0,-0.1924959809325857,0.192386405637286,0.0,1.0,
EIF4A2,PRDX3,-0.6467569176641085,70.48773120880772,-3455.0680336666655,-3446.533203,0.0091111491583631,0.0142650463859832,1.0055107553363618,0,-0.1925350122336841,0.1837839958844215,0.01720000000000001,1.0,
EIF4A2,CSRP2,-0.6910730703466413,8.789221745564785,-2674.9641113333337,-2697.788574,0.0382753791676933,0.0617959818129556,0.5431385871389557,0,-0.1933365603972476,0.2712799801863827,0.0,1.0,
EIF4A2,DCLK1,-0.9407833859843102,1.405106976099336,-307.60549926666664,-160.1912537,0.0623249489061087,0.1196394165470056,0.1681061788066519,0,-0.1943658752098416,0.3902820548492539,0.0,1.0,
EIF4A2,PSMB1,-0.6215166028403176,126.48050534843615,-4056.885092333333,-4163.69043,0.0220785588941111,0.0339682008467819,4.296315208878161,0,-0.1944265236711223,0.2600892424689509,0.05599999999999996,1.0,
EIF4A2,A2M,-0.6487842939157684,42.14091476446833,-3443.8212889999986,-3317.354003999999,0.0646701270751974,0.10139442031285,4.272853623996492,0,-0.1952374020210746,0.1882294532342882,0.003100000000000001,1.0,
EIF4A2,HDGFL2,-0.9093517721771568,24.361233514104043,-745.6321412,-715.4792481999999,0.1077864593614837,0.2024484813124099,4.931894727827347,0,-0.1955857555828435,0.2753591266058247,0.005300000000000003,1.0,
EIF4A2,YWHAG,-0.8418555393503026,7.266546836440324,-1340.5666299333338,-1421.4565429999998,0.2924752530242843,0.5242285614992145,3.809331395133779,0,-0.1976267582565144,0.3336855533228428,0.0016,1.0,
EIF4A2,ATP6V1E1,-0.8923261672428973,7.212806965142764,-806.5627033000001,-973.181152,0.1052852323420258,0.1954305541229036,1.4096028619793894,0,-0.1977461091313202,0.2639633005306687,0.0,1.0,
EIF4A2,PSME3,-0.7433891178080092,11.54168245237574,-2226.8627930000007,-2546.571045,0.0575245310965894,0.0963036573540767,1.1115062321831528,0,-0.1979333006927569,0.9495019233286242,0.0,1.0,
EIF4A2,RIOK1,-0.5310527569943252,15.173611177150056,-4864.120116333335,-4135.11328,0.0610894636319315,0.0882745264958957,1.3394433418957523,0,-0.1980325390500865,0.1608758539655688,0.0,1.0,likely background
EIF4A2,PSMD12,-0.6907644910177482,15.187527407066828,-2914.601888,-2950.1337890000004,0.0202048473177111,0.0326139510366572,0.4953252752219682,0,-0.1980922204062467,0.1978285102021805,0.0,1.0,
EIF4A2,YWHAB,-0.9439140121306624,1.406930519769909,-465.0621948333332,-269.05523690000007,0.0445052953093285,0.0856182748495645,0.1204589639359006,0,-0.1981623880760664,0.4359100475848412,0.0001,1.0,
EIF4A2,ZYX,-0.8024853242173037,9.986578159844145,-1838.965088,-1811.561768,0.0584355731277347,0.1019194417419886,1.0178264709640514,0,-0.1985835451875223,0.2821406869607725,0.0,1.0,
EIF4A2,RUVBL2,-0.6846591392943427,19.56219153605936,-3131.2517903333337,-2993.1577150000003,0.0070207507176154,0.0112847897317056,0.2207552181757814,0,-0.1991098153394466,0.2103919275560288,0.0,1.0,
EIF4A2,ZNF511,-0.9795805798374428,0.1083602886254826,-121.14590198333332,-54.28961945,0.3636903980245405,1.414213562373095,0.3064891795936411,0,-0.1999895295206466,1.392977458491049,0.0,1.0,
EIF4A2,SHMT2,-0.7418741481030245,8.463585736142221,-2431.420653999999,-2587.610108,0.0343419772918702,0.0574326600168809,0.4860862421075795,0,-0.2008504296545091,0.2218172210072772,0.0,1.0,
EIF4A2,0SP,-0.6949259410628985,12.015156936665994,-2923.826659666667,-3064.0795899999994,0.0505536555852847,0.0818376497792797,0.9832922054259546,0,-0.2009015036563973,0.2034909556030477,0.0,1.0,
EIF4A2,DIABLO,-0.8493872135139722,7.499097012530441,-1346.3430993333336,-1558.313965,0.0437242545516457,0.0787809598946873,0.5907860609905302,0,-0.2009643806694109,0.2599799411417329,0.0,1.0,
EIF4A2,CCT3,-0.2144410062219728,228.91635521439332,-9039.877603333334,-8999.082030000005,0.0082357859012684,0.0095557166244461,2.187459821129804,0,-0.2015093296343258,0.0929633260930861,0.13019999999999995,1.0,likely background
EIF4A2,SNRPD3,-0.1297207554454471,94.7643237961758,-11710.85413333334,-6507.570300000007,0.0971237576402361,0.1062625091481073,10.069894824305342,0,-0.202515045584866,0.1042568359227838,0.04259999999999997,1.0,likely background
EIF4A2,PPM1A,-0.912192852355223,3.7052575052822623,-974.9107869000002,-810.8701169999999,0.0753644279580005,0.1418312696099141,0.5255213762058464,0,-0.2028107910856282,0.3125691070735168,0.0,1.0,
EIF4A2,HSPH1,-0.9059604262651502,74.08940681729571,-1408.6987299999996,-1441.5787349999998,0.0510671662753988,0.0956910148471346,7.089690527769241,0,-0.2041182593158742,0.4316474093117629,0.03409999999999997,1.0,
EIF4A2,ATP5IF1,-0.9416249245829336,1.1615254891747673,-655.5262554000001,-639.3209232,0.1684472341287869,0.3235411857715007,0.3758013340714266,0,-0.2041738748009883,0.508140070466148,0.0,1.0,
EIF4A2,SNRPB,-0.1532234700939386,71.58464537389774,-8372.484376666689,-9326.88282,0.0112122132200026,0.0124686960481268,0.8925671848800827,0,-0.2051385884049761,0.1177766568560851,0.01720000000000001,1.0,likely background
EIF4A2,EXOSC6,-0.858789681130616,42.00557337513106,-1887.8790693333328,-1626.1645510000003,0.0812493793368551,0.1473497428100331,6.189510433413536,0,-0.2054437181658724,0.2412222768569277,0.008800000000000006,1.0,
EIF4A2,PSMC1,-0.8088820226771591,11.867468863600196,-2156.0749509999996,-2129.9760739999997,0.0106256446300906,0.0186148974097442,0.2209117154092521,0,-0.2071448673974068,0.2787109296810835,0.0,1.0,
EIF4A2,IGKV2-30,-0.7129142402655251,0.9123428345011282,-7494.336265,1388.01757,0.0529948942850164,0.0868659791646533,0.0792515536527957,0,-0.2077054776171022,0.65627815383059,0.08119999999999998,1.0,
EIF4A2,KRT2,-0.8268647364901612,13.647086812260016,-1955.9239093333335,-2068.067382,0.0517750016823438,0.0918414884102803,1.253368765302268,0,-0.2079625023729304,0.2501300100837356,0.0,1.0,
EIF4A2,HMGN1,-0.9742676625388356,0.7270376284465917,-774.2208149999999,-267.1528319,0.2823975085992848,0.5548213740418124,0.4033760159948386,0,-0.2087180027631043,0.7977851157321333,0.0,1.0,
EIF4A2,HSP90AB2P,-0.9570307183252972,0.0938099129636393,-1432.924397666667,0.0,0.3752396518545574,1.4142135623730951,0.2653345023964368,0,-0.2093980920592096,2.2398625751148344,0.0002,1.0,
EIF4A2,PAICS,-0.7989380509118884,17.276155051502585,-2384.032796,-2599.115479,0.034617348398792,0.060229002836859,1.0405255916069658,0,-0.2122228065152231,0.2527329068602236,0.0,1.0,
EIF4A2,RPS20,-0.3915171712459258,52.91623207329943,-6641.107419999993,-6851.08008,0.0823271432507259,0.1079958718887684,5.714734619824385,0,-0.2131812905076411,0.1972986467088264,0.024299999999999992,1.0,
EIF4A2,PSMB3,-0.768402679933805,36.95183179451733,-3017.8518883333336,-2967.59375,0.016291833946981,0.0277517023021867,1.0254762354819231,0,-0.2141910488637696,0.2532572447512521,0.0,1.0,
EIF4A2,TFG,-0.8244887966809047,14.486421548638818,-2297.0507,-2389.275879,0.0364506911193083,0.0645519427121652,0.9351266539120092,0,-0.2149791849275491,0.2447594162320012,0.0,1.0,
EIF4A2,USP11,-1.0113269987859668,4.860450836858994,-478.4416198333334,-425.0191651,0.1819927440576139,0.3668618820919895,1.7831141418256755,0,-0.215001236506238,0.656966934132343,0.0,1.0,
EIF4A2,EEF1B2,-0.6453876596185874,48.49625079541261,-4240.328937000001,-4394.391602000001,0.0300388328835701,0.04698626159136,2.278657526073459,0,-0.2153053327608832,0.1835460021772129,0.012500000000000006,1.0,
EIF4A2,HSP90AB4P,-0.9281038367547114,9.44936141674025,-1351.1676839999998,-1383.355835,0.0190264418457627,0.0362036981844411,0.3421018287673675,0,-0.2166427171312266,0.2596958594722886,0.0,1.0,
EIF4A2,CCDC124,-0.4996826022189741,19.470458801321392,-4703.385578666666,-6586.142575,0.2517168032928166,0.3559080408089223,6.929692845629134,0,-0.2168873466242791,0.2212160712182922,0.009700000000000005,1.0,
EIF4A2,DHX38,-0.9182726529764236,4.419603496046132,-1229.6688435,-1682.8646242999998,0.2489619748642244,0.470509981046145,2.079467557156142,0,-0.2171618143073231,0.5681493343359972,0.0,1.0,
EIF4A2,SF3A2,-0.9878632983161676,6.408760649086566,-757.4017537333333,-839.9064937,0.0562348038884728,0.1115296354251782,0.7147667387198531,0,-0.2174888511941431,0.2823560421312862,0.0,1.0,
EIF4A2,PPP6C,-0.9731296865868528,3.027782428723013,-920.8141888333332,-1088.5546878,0.0979495001926854,0.1922879083292904,0.5822059500953272,0,-0.2193714895860802,0.3206542381327293,0.0,1.0,
EIF4A2,RPS27L,-0.6585015516034932,7.674908123206009,-3921.710123333335,-4545.028810000001,0.0581081421665317,0.0917217991096187,0.7039563810614827,0,-0.221926868498559,0.2215428414370469,0.0,1.0,
EIF4A2,ALDOA,-0.7243907420666661,21.37570873948474,-3611.859375,-3763.411132,0.0657505040164208,0.1086349587340849,2.322149236825744,0,-0.2224024452402303,0.2615727633994356,0.0001,1.0,
EIF4A2,RPS27,-0.3206262242571505,74.79578405529875,-7991.914713333328,-8050.23633,0.0476914182859393,0.0595612457643502,4.454930076254917,0,-0.2235926311310636,0.1145787803499369,0.02120000000000001,1.0,likely background
EIF4A2,RPL22,-0.1992641039905378,27.5687844784743,-8925.549479999994,-8984.230469999995,0.0396199419486237,0.0454886756936101,1.2540674964083491,0,-0.2240480100931829,0.1629407981476344,0.0001,1.0,
EIF4A2,CLNS1A,-0.2397690583809903,14.523674155986535,-7145.330733333343,-9816.273440000004,0.0729689021459477,0.0861629617530767,1.251402780816417,0,-0.2241173577117869,0.0926014421665552,0.0,1.0,likely background
EIF4A2,PSMD8,-0.7635546400633336,13.386293836363365,-3338.4023436666657,-3328.3056639999995,0.0267802769207875,0.0454648001546958,0.6086051740822974,0,-0.22419718033129,0.2243426989680048,0.0,1.0,
EIF4A2,AHCY,-0.9798449078737566,5.781439422773965,-1362.444213966667,-1173.9193119999998,0.1845562564275919,0.3639988789767329,2.104437468761613,0,-0.2266218927461795,0.3062894683728672,0.0,1.0,
EIF4A2,FAM32A,-0.7635482453133853,10.976260377548218,-3458.750162666668,-3402.141601000001,0.0521432934431537,0.0885231289651011,0.9716529129562312,0,-0.2267732559450959,0.2643668061416596,0.0,1.0,
EIF4A2,EEF1D,-0.7651371935538576,12.224411264234757,-3520.843098666667,-3514.9638669999995,0.0515422120408471,0.0875991072895201,1.0708475138869191,0,-0.2289917922238598,0.2227092723004698,0.0,1.0,
EIF4A2,TRMT112,-1.0912766761219588,0.3853415074635459,-293.5227407,-360.5815735,0.3115166444649783,1.4142135623730954,1.08991037200048,0,-0.2309256695165393,0.7209217798171657,0.0,1.0,
EIF4A2,GEMIN5,-1.0513970145652205,0.8846350174023863,-1129.9876305333332,-346.862427,0.1617546474158497,0.3352492439336398,0.2965732207413722,0,-0.2312932570814607,0.702894612121791,0.0,1.0,
EIF4A2,FKBP4,-1.0312914061908218,1.89399194793458,-846.6481323666666,-1138.1755979,0.0210566943173543,0.0430376665558033,0.0815129939145848,0,-0.2324842652105177,0.3421250726927809,0.0001,1.0,
EIF4A2,PKM,-0.6659031303845375,19.186153322998457,-4744.670897666667,-4646.363283000001,0.0188080354239283,0.0298405718126868,0.5725257860441558,0,-0.2327330520187196,0.2282386806938532,0.0,1.0,
EIF4A2,CHMP1A,-1.0260486507836726,3.091261644152098,-1269.2139489999995,-961.5821539999996,0.0622191508740146,0.1267080901673556,0.3916878591381121,0,-0.2339648707803094,0.35432650785206,0.0,1.0,
EIF4A2,SNRPB2,-1.119789455663753,1.4460393057091023,-237.38747150000003,-242.1916504,0.3266766096373104,0.7099335371276292,1.0265917991276443,0,-0.2352485464256369,0.4753872771846759,0.0,1.0,
EIF4A2,RBX1,-1.1045460617431624,2.8187210002400263,-437.3517861333333,-364.2914429,0.0361331447220097,0.0776992086239017,0.2190123910502228,0,-0.2353204215786766,0.5058406306083878,0.0,1.0,
EIF4A2,IQGAP1,-1.0326179516355811,16.3674029375654,-1166.9641519666666,-1235.461181,0.0674424419165976,0.1379720600258788,2.25824430056952,0,-0.2356434331575337,0.3028001116813007,0.0001,1.0,
EIF4A2,PSMF1,-1.1173212519444895,2.7539662723681837,-397.6133321,-501.1316528,0.3004693200485805,1.414213562373095,7.789392905402325,0,-0.2393657139401761,0.5874116884800967,0.01530000000000001,1.0,
EIF4A2,SRSF2,-0.2824644350632661,28.199497046246496,-9975.746096666677,-7663.015630000002,0.0489533380042636,0.0595412380124836,1.679032965462891,0,-0.2397151926745418,0.1491175123388921,0.0,1.0,likely background
EIF4A2,PSMB6,-0.7025808700804266,10.680069674210166,-4908.031901000001,-4282.52539,0.0366928089800385,0.0597153447728308,0.6377640427933149,0,-0.2399108360160685,0.2904830160036464,0.0,1.0,
EIF4A2,UBE2I,-0.9278858042947602,6.27036379908584,-2311.291585333334,-2441.262207,0.0674266058371415,0.1282806112209038,0.8043661007241604,0,-0.2404059586134019,0.2738476383977158,0.0,1.0,
EIF4A2,SNRPC,-0.7332932550033814,6.057158157231593,-4426.622233999999,-4176.07227,0.0413436247952927,0.0687320086263268,0.4163206467138677,0,-0.2407308771303583,0.2240331160300339,0.0,1.0,
EIF4A2,SUPT4H1,-1.1404240707226514,4.077904170038241,-284.81728110000006,-325.45283509999996,0.068570074592693,0.1511631902254786,0.6164290037767632,0,-0.2411011251104807,0.858004210313758,0.0,1.0,
EIF4A2,POLR3B,-1.0477136066633508,5.576985595191604,-1264.3039752666668,-1445.693237,0.098271790319044,0.2031566620803378,1.1330017779892525,0,-0.2441180582357378,0.3462332454254289,0.0,1.0,
EIF4A2,KRT9,-0.6319367053274136,12.60635141266121,-5474.519856333332,-5579.378906999998,0.0114090349496064,0.0176802150941625,0.2228830045284498,0,-0.2451659501390778,0.1941987943739264,0.0,1.0,
EIF4A2,TIMM13,-1.0322075141984408,8.058816868736521,-1646.4802246666666,-1561.763916,0.0763091085844091,0.1560668575801743,1.2577142245178097,0,-0.2460159004189805,0.3102483691870989,0.0,1.0,
EIF4A2,LLGL1,-1.158509907393732,0.9724154237340552,-305.6951853666667,-455.9868164,0.1754495351376647,0.391659034511748,0.3808552860040124,0,-0.2473982572193651,0.4944017545774802,0.0,1.0,
EIF4A2,SF1,-1.126844519825129,0.6430899624727108,-650.2772216666665,-794.4018555,0.2965283929896833,1.4142135623730947,1.818933093509824,0,-0.2481466834149506,0.6016267492756742,0.0,1.0,
EIF4A2,IMPDH2,-1.0953454336884214,22.388218832493312,-1210.8037925,-1202.14856,0.0403109452654214,0.0861319129430415,1.9283401154300763,0,-0.2492211129366824,0.379043166489418,0.0,1.0,
EIF4A2,ELP1,-0.9499500570238476,1.2374611287812285,-2472.492106,-2568.896485,0.1423120281220831,0.2749245097480904,0.3402083941624977,0,-0.2494609462059845,0.4544694532998012,0.0,1.0,
EIF4A2,STUB1,-0.7972641794914859,11.989590310111984,-4280.132651333333,-3936.053711,0.0036708103524087,0.0063792544841595,0.0764846477490181,0,-0.2500040839899599,0.2450875327842332,0.0001,1.0,
EIF4A2,PRKCSH,-1.0004036369589502,4.475002779539843,-1933.674805,-2205.185547,0.0237624713833489,0.0475391921967474,0.2127380172175238,0,-0.2500526963242392,0.2818494802031903,0.0,1.0,
EIF4A2,ARL6IP4,-0.1694419105534867,48.10006487451054,-9010.161459999974,-12068.664059999996,0.047507156293268,0.0534282582848848,2.569902689635066,0,-0.2512260219063762,0.0745165988270996,0.013100000000000007,1.0,likely background
EIF4A2,CALU,-1.0887658270046745,11.522333560969058,-1297.0063271333336,-1304.863769,0.0469596478922075,0.0998815426334458,1.150868450806715,0,-0.2513955068031383,0.3144663564304147,0.0,1.0,
EIF4A2,PSMB4,-0.8790527064804133,18.537881216988776,-3419.4406736666674,-3408.0634759999994,0.0093091804202389,0.0171214549434743,0.3173954980041526,0,-0.2516483936674177,0.3247076578463755,0.0,1.0,
EIF4A2,PBDC1,-1.1413971497423014,8.401870031123222,-818.1253457000001,-781.5664062000001,0.0142052728320947,0.0313367489852392,0.2632872921719125,0,-0.2521923023214847,0.3339385431071612,0.0,1.0,
EIF4A2,HSPA4L,-1.183043294808322,10.28662359781807,-429.33092246666666,-406.7105408,0.1170791783060175,0.2658404385257574,2.7346005281933596,0,-0.2525694021121382,0.3283158739954237,0.0008,1.0,
EIF4A2,SERF2,-0.7824218363002592,8.34645323590098,-4237.658367666666,-4607.657717000001,0.035034018964132,0.0602601034231134,0.5029581352115732,0,-0.2544247260037819,0.2455320359615859,0.0,1.0,
EIF4A2,GPX4,-1.1867922806839175,3.0322808281918645,-471.11447156666674,-414.1062012,0.1080638035040841,0.2460085555535542,0.7459670265762158,0,-0.2549821955230289,0.3558404599055026,0.0,1.0,
EIF4A2,CCT5,-0.3823436511736874,47.77144561937317,-8901.460286666665,-8396.662110000001,0.0158442193575585,0.0206525372885522,0.9866015619821484,0,-0.2558693843747975,0.1226019748823081,0.011900000000000006,1.0,likely background
EIF4A2,STT3A,-1.186961084679944,4.004222283103466,-562.1766153666665,-463.0519409,0.1259055716014811,0.2866590960373723,1.1478467400071424,0,-0.2565089569886429,0.4408222434314879,0.0,1.0,
EIF4A2,WARS1,-1.0365819375152237,36.08858629370213,-2219.6581619999997,-2223.9367669999997,0.0508589704688365,0.1043322875742801,3.765204763343756,0,-0.2574971751344133,0.2949978224258461,0.002900000000000001,1.0,
EIF4A2,H4C1,-0.7368525367428755,7.6626245862266895,-4832.457518666668,-5219.193356000001,0.043692404080921,0.0728161805760089,0.5579630555568481,0,-0.2581192942973505,0.2173801557506146,0.0,1.0,
EIF4A2,CUL1,-1.196190015661432,6.257164815664315,-538.2231342,-486.6233521,0.106537386295125,0.2441187089268963,1.5274909963427736,0,-0.2582987630282091,0.499444433095336,0.0,1.0,
EIF4A2,CLCC1,-1.2275873535300446,2.3529518618799536,-269.06010946666663,-141.42132569999995,0.3054763653540073,0.7153661736448496,1.6832221702035868,0,-0.2588606928788703,0.5295075531542274,0.0,1.0,
EIF4A2,D0JA1,-0.8200335786407592,15.804247997178448,-4246.261230000001,-4350.104004,0.0321541790557597,0.0567675038133637,0.8971677084471734,0,-0.2590793697577357,0.226732465127853,0.0,1.0,
EIF4A2,MCM2,-0.8086522032512496,8.036271012588625,-4513.0039056666665,-4236.173828,0.0295485911404485,0.0517574599928342,0.4159369754256289,0,-0.2593116726927307,0.2348912173613202,0.0,1.0,
EIF4A2,VPS50,-1.1865778284067052,10.9486907694756,-736.0633337333336,-717.5909419,0.0943310586589256,0.2147138761651315,2.350835834047502,0,-0.2604381481978663,0.3569624735751394,0.0001,1.0,
EIF4A2,ABCF2,-1.1191772711715022,6.7036836501549795,-1432.8942874,-1457.686035,0.0961192197188457,0.208797646763491,1.3997133707992495,0,-0.2623209459420783,0.3229074294400022,0.0,1.0,
EIF4A2,MCM5,-0.9235907602732976,27.404625339802102,-3527.993163999999,-3471.36084,0.0773593865958401,0.1467404268043443,4.021366418775709,0,-0.262566324331137,0.3016629384957795,0.0021000000000000003,1.0,
EIF4A2,PRKRIP1,-1.1984924904358405,1.9736962597143648,-690.4995320666666,-745.5430300999999,0.1543590501262941,0.3542617419378373,0.6992050750226051,0,-0.2641730953349503,0.3904861646196809,0.0,1.0,
EIF4A2,PSMA1,-0.732903657855101,48.420630316701406,-5324.811197999998,-5849.673824999999,0.0611253558642079,0.1015908522008132,4.919093097974232,0,-0.2646657742746832,0.2805522573114248,0.01620000000000001,1.0,
EIF4A2,SSRP1,-1.131361385882416,5.405147427185983,-1480.360026333333,-1398.486328,0.0208366391672848,0.0456468589347427,0.2467280021302464,0,-0.2651337671685636,0.4032791344474299,0.0,1.0,
EIF4A2,SF3B3,-1.054661959932551,11.89458857876273,-2298.3437500000005,-2221.411865,0.0577886007021863,0.1200427912591393,1.427859613873757,0,-0.2657965041092594,0.4290980770464591,0.0,1.0,
EIF4A2,CARM1,-1.1983097624126813,8.161643631983397,-868.0251670333333,-861.4360350000001,0.0445253214318739,0.1021748977653656,0.8339151036952515,0,-0.2666844754325366,0.3588728257569097,0.0,1.0,
EIF4A2,HSPA9,-0.8721222303742084,13.671453658890446,-4189.170573000002,-4048.292480999999,0.0364499967935407,0.0667175968705812,0.9121265338486854,0,-0.2670655739946202,0.261561242797969,0.0,1.0,
EIF4A2,ALDH1A2,-1.198308278801344,6.181634410044661,-926.1557820333334,-1021.8349614,0.0394790973200241,0.0905949346249322,0.5600247652532275,0,-0.269487925011889,0.5900482108477341,0.0,1.0,
EIF4A2,ITGB1,-1.2781447076081205,1.8307916307245224,-209.70307923333328,-169.6190796,0.2922562863952095,0.7088172698200653,1.297696725299581,0,-0.270081584059,0.7950759061454656,0.0,1.0,
EIF4A2,KIF7,-1.2775252685908407,4.629764437497433,-223.53518676666667,-208.57287600000004,0.3356644734795844,0.8137468729856626,3.767456333673761,0,-0.2701704300486857,0.4268738086520944,0.0023000000000000004,1.0,
EIF4A2,AAR2,-1.2660881179307222,4.607997505017006,-476.62950643333335,-538.8858643,0.1298747763015322,0.3123674400780918,1.4393883845283963,0,-0.2743296001050558,0.3532121857626398,0.0,1.0,
EIF4A2,VCP,-0.5128789190335786,109.25218585962476,-8792.418619999997,-8367.130860000001,0.0597966749105405,0.0853247787407217,9.321918585412686,0,-0.2755872826255357,0.1929394920504303,0.06389999999999997,1.0,
EIF4A2,SSBP1,-1.233340588567129,12.061816107361828,-1006.992757233333,-875.2398076000001,0.1052103034087675,0.2473665635978763,2.9836900012276084,0,-0.2758936418773871,0.4037288783457628,0.0004,1.0,
EIF4A2,KRT6A,-1.2819380446348438,0.4220209210976167,-411.91667173333326,-490.0243835,0.2391584386491196,1.414213562373095,1.1936554204428709,0,-0.2771937954141144,1.1149175899585353,0.0,1.0,
EIF4A2,MCM7,-0.916542319391286,10.774963325879366,-4163.187662333332,-4176.030273,0.0290371896433087,0.0548112250958285,0.590588940254071,0,-0.278754518719673,0.2810598748613575,0.0,1.0,
EIF4A2,UBR5,-1.3045387272442397,1.1235631349910111,-426.0350596333332,-255.63348390000004,0.1092372497261815,0.2698278495400819,0.3031686245371374,0,-0.279686260610361,0.5187004945173621,0.0,1.0,
EIF4A2,VPS41,-1.3318427192502398,1.1047871468482775,-159.8993377766667,-122.78524785,0.1362194587295966,0.3429056892204842,0.378837798031941,0,-0.2812850653158105,0.711004304951432,0.0,1.0,
EIF4A2,RCC2,-0.514085829651689,48.07590277532981,-8557.087243333328,-8376.552740000003,0.0050071866281142,0.0071508099533101,0.3437816440801975,0,-0.2816017076821986,0.1446580281714443,0.011900000000000006,1.0,likely background
EIF4A2,SF3B5,-1.2902253583743142,3.8608996707910426,-645.4766236000003,-577.6059263000001,0.0354811099024384,0.0867769441335905,0.3350370750376323,0,-0.2823280662563416,0.570455869908575,0.0,1.0,
EIF4A2,HSPA4,-1.093775578561375,13.928997010439828,-2638.9609376666676,-2564.7807620000003,0.0341727078409246,0.0729370040959277,1.0159393120026152,0,-0.2823459286042077,0.3080704833052363,0.0,1.0,
EIF4A2,VBP1,-1.3002776016450976,2.5883210411586397,-549.4803518,-479.5431824,0.1092056461075873,0.2689542115189557,0.6961398447827445,0,-0.2825420531280455,0.3904181074562708,0.0,1.0,
EIF4A2,CCT6A,-0.3874969295260884,22.06971609195809,-9082.708983333328,-10133.767579999996,0.0702840038213525,0.0919412436227218,2.029117143895023,0,-0.2828043157952576,0.158458289827937,0.0,1.0,likely background
EIF4A2,MCM3,-0.8697900175317936,10.757404705222935,-4807.241700666667,-5019.569827,0.0536902157794962,0.0981151271376035,1.0554641303236032,0,-0.2853505553938223,0.2806189436459926,0.0,1.0,
EIF4A2,LTBP1,-1.0052991313946795,0.9509066348400158,-2300.9210405999997,-4873.318481,0.3909464999233171,0.7847859882080774,0.7462582031165392,0,-0.2868556403799228,0.7148758793163735,0.0002,1.0,
EIF4A2,CLIP1,-1.263929792357542,2.7977452266968976,-1015.8213092666668,-1162.9583129,0.0236979995183011,0.05691187525179,0.1592249273280649,0,-0.287562394668632,0.3548838346205527,0.0,1.0,
EIF4A2,CAD,-0.8984019563902224,28.721558301675465,-5161.716469666665,-5092.580075,0.0593464950328685,0.1106239361631093,3.17729183206957,0,-0.2943577216026261,0.2511873694440431,0.0008,1.0,
EIF4A2,CSE1L,-0.8364195882579318,14.982030030400582,-5637.472819999998,-5723.426268000001,0.0348711515947925,0.0622675000522394,0.9328935557006208,0,-0.2949458327512866,0.2872304914631921,0.0,1.0,
EIF4A2,XRCC6,-1.080331080264037,9.9704594914316,-3214.598714333334,-3353.636231,0.0251441455692279,0.0531689551760059,0.53011891378411,0,-0.2956364153742047,0.3742414101581013,0.0,1.0,
EIF4A2,CALD1,-1.3437406575731388,2.7681886259705744,-663.5395814333333,-689.5257262,0.0918813759098009,0.233208704978359,0.6455656845984208,0,-0.2961669931889044,0.5807787534425779,0.0,1.0,
EIF4A2,TCP1,-0.420670251013378,23.779706456626748,-9679.087240000004,-10380.105470000002,0.0242089128425923,0.0324052565441362,0.7705874882712432,0,-0.2998775496934041,0.1488581831701488,0.0,1.0,likely background
EIF4A2,RBM3,-0.598831379964826,21.51397377946166,-8084.810223333336,-8536.309570000001,0.0190432828709919,0.0288412848344666,0.6204906456946999,0,-0.3009115823290856,0.1711285654451827,0.0,1.0,
EIF4A2,PPP2R1A,-0.7903863637328741,10.003998275120123,-6191.956542000002,-6918.902339,0.031038255211187,0.053682757354309,0.5370422119761996,0,-0.3054307501497901,0.2406709332502141,0.0,1.0,
EIF4A2,KRT10,-0.7560225663357028,8.078937121209409,-6717.694337333332,-7111.329099999999,0.0330432177339866,0.0558052600834961,0.4508471872473023,0,-0.3061836791061336,0.2162049270546809,0.0,1.0,
EIF4A2,CCDC50,-1.4103607842117,0.2276309454941187,-491.9547220666667,-609.4876709,0.2001531879070693,1.4142135623730951,0.643837540667187,0,-0.3087661689270528,0.7954959673146496,0.0,1.0,
EIF4A2,ALYREF,-0.3585444008406094,15.428132189392937,-9416.130210000005,-12576.957029999998,0.0948755592119839,0.1216445164594909,1.876747680051811,0,-0.3093263674697097,0.335899291156866,0.0,1.0,
EIF4A2,DSTN,-1.4227699976196977,4.083537871433912,-599.5001628666666,-554.7687071999999,0.1072707284141074,0.2876002898966598,1.174426675628382,0,-0.3116733182593749,0.4658449708937324,0.0,1.0,
EIF4A2,AP1B1,-1.3866437776790008,1.394803349857125,-1024.1315306,-900.1695553999999,0.0788690031737051,0.2062239389713702,0.2876418408979985,0,-0.312735166416505,0.4878310933415385,0.0,1.0,
EIF4A2,KRT14,-1.4044879873809544,0.747741593626546,-660.3062287,-928.6438901,0.1708913220732576,0.4524020032775207,0.3382797948905752,0,-0.3130085754172949,0.5409388017723467,0.0,1.0,
EIF4A2,CCT8,-0.3384577133075193,41.30971378944135,-11256.692706666669,-12068.8125,0.0694819692015444,0.087854403342894,3.629240257237093,0,-0.3166088631823114,0.1265325040002336,0.0015000000000000002,1.0,likely background
EIF4A2,SKP1,-1.0573252555908812,14.087201953820664,-4447.3362626666685,-4540.687988,0.0567494276041339,0.1181019696406682,1.6637262974720908,0,-0.3178674088184948,0.3343652884383227,0.0,1.0,
EIF4A2,KRT5,-1.429476113266014,3.523532214262333,-925.0499470666668,-837.1454463,0.1198544766427628,0.3228353965322649,1.1375209195855895,0,-0.3203177360544733,0.3938834597679481,0.0,1.0,
EIF4A2,RPL23,-0.2405643645530217,21.637869729273486,-12624.842446666677,-13324.617190000004,0.0473850738975032,0.0559839816629203,1.2113741021483064,0,-0.3274038952665629,0.1283764147555182,0.0,1.0,likely background
EIF4A2,NIPS0P1,-1.477194434930188,3.7996828886178062,-827.9817300333334,-654.3897702999999,0.2612355840036388,0.7273178718182313,2.763577272133653,0,-0.3278994023819107,0.6107733988782025,0.0003,1.0,
EIF4A2,DHX35,-1.330166691347309,11.568604216292266,-2408.8737789999996,-2420.893188,0.0059440447937597,0.0149455900833514,0.1728996164532349,0,-0.3321495724098104,0.4127670054746399,0.0,1.0,
EIF4A2,VPS35L,-1.553529504965233,2.2952972820992867,-281.43501790000005,-268.6578064,0.2625810046524241,0.770788158438729,1.7691879651387292,0,-0.3346852448462111,0.4788735601796426,0.0,1.0,
EIF4A2,HBA1,-1.449663600534449,14.843272976153385,-1432.569946266667,-1411.4902952999998,0.0490956478483037,0.134105653015612,1.9905668153560363,0,-0.3359015103119213,0.3706363063332352,0.0,1.0,
EIF4A2,LSM5,-1.5482877318537371,1.3495863945943571,-526.4507955,-361.262146,0.2445562015439971,0.7152739878666171,0.9653240424320358,0,-0.3375291143688219,1.0218740197224108,0.0,1.0,
EIF4A2,SEPTIN9,-1.3969945909674646,0.5461736515059198,-3094.511597333334,-774.4228519999999,0.0540363882589979,0.1423098715155375,0.0777259021709794,0,-0.3376905793369413,0.8248310317554046,0.0002,1.0,
EIF4A2,CDC73,-1.448299897934469,3.0076981255261552,-1416.8969317333335,-1571.2945555,0.0623327932796218,0.1701022869492171,0.5116163296048725,0,-0.3388799625740759,0.4626070909504144,0.0,1.0,
EIF4A2,HMGB2,-0.6936769274671635,6.955027469350974,-8595.78548,-9910.95898,0.1224522487175271,0.1980575268676698,1.3774955398763624,0,-0.3463499389826603,0.2214641022593989,0.0,1.0,
EIF4A2,LUC7L2,-0.4570117758128827,19.337801515056096,-12056.290366666668,-11705.828130000002,0.0285771393172622,0.0392282529049953,0.7585881684592232,0,-0.351630769405939,0.1893216063637705,0.0,1.0,
EIF4A2,RPL22L1,-1.5969043629701245,3.3379018407250265,-596.7540487333333,-588.6925048,0.0361588868569589,0.1093816078909542,0.3651050703206794,0,-0.3517767744385648,0.4547344912467904,0.0,1.0,
EIF4A2,MYO1D,-0.9369530096462608,0.8015451631621522,-3855.830363700001,-10930.153992,0.6717164527431522,1.2860127099881864,1.0307972674560824,0,-0.3595815220528932,0.8958065696012976,0.004300000000000001,1.0,
EIF4A2,PIN4,-0.517379317600362,7.336061403758931,-13111.11328,-10256.863279999998,0.0082347201503842,0.0117869585070068,0.086469851370961,0,-0.3623960160801953,0.1588070126562373,0.0003,1.0,likely background
EIF4A2,NCL,-1.29393164060162,6.268756032734867,-4213.250651333332,-4063.857422,0.0234401626633813,0.0574755990050324,0.3603005079978474,0,-0.3645555465830948,0.3676109539340216,0.0,1.0,
EIF4A2,HSPA6,-0.9839001217857168,1.8804532411521229,-6223.0745443333335,-8331.856445,0.3615189861311971,1.4142135623730951,5.318724954091553,0,-0.3673465562035162,0.7193728985042688,0.0021000000000000003,1.0,
EIF4A2,TRAPPC5,-1.2209671369514816,7.351960890172928,-4913.492025,-5177.642089999999,0.0040131904835269,0.0093550826625147,0.0687782018591433,0,-0.3688200246114215,0.3236880042581548,0.0001,1.0,
EIF4A2,EDF1,-0.402100195550764,25.37107634573168,-12095.440100000009,-15051.46093,0.0728680846844433,0.0962913584030116,2.443015405477021,0,-0.3775818938405798,0.1270938062104229,0.0001,1.0,likely background
EIF4A2,MCM4,-1.3181181163666296,11.03854226408867,-4758.128662333333,-4724.276856,0.0191886452470158,0.0478462861797093,0.5281532521744028,0,-0.3833746581109777,0.3419349212136578,0.0,1.0,
EIF4A2,EPPK1,-0.7529787891751096,20.49478782342413,-10207.966146666664,-11098.55469,0.04668391057885,0.0786762676777311,1.612453412794021,0,-0.3904252381619556,0.2309129028755272,0.0,1.0,
EIF4A2,XRCC5,-1.399580267842966,28.973089926633453,-4438.393717666668,-4548.025391,0.0331964593464161,0.0875828080456594,2.5375445735339657,0,-0.3937275038175666,0.4136168584339771,0.0001,1.0,
EIF4A2,PHGDH,-1.3574653386971436,12.422179466297877,-4905.3330080000005,-4909.854737,0.0197783430073409,0.0506802580699153,0.6295592611427795,0,-0.3959984475416148,0.4937596115658879,0.0,1.0,
EIF4A2,HSPA5,-0.9297413099008462,7.952526606432263,-8910.975260333335,-9258.325199,0.0283257243771423,0.0539596744146806,0.4291157464571698,0,-0.396023128949807,0.2605122632682232,0.0,1.0,
EIF4A2,TNPO3,-1.7574975403636277,0.8412210114911134,-868.0969947666665,-1182.4440303,0.1011821745918991,0.3421197690209918,0.2877983381469448,0,-0.3987025539454881,0.6175519172675279,0.0,1.0,
EIF4A2,EEF1G,-0.9440072272952617,36.41097974609968,-9958.543942666662,-8893.494139999999,0.0727760417284491,0.1400139402350964,5.098044742071709,0,-0.403266403739387,0.2714579660243979,0.003300000000000001,1.0,
EIF4A2,PDAP1,-0.5326187619769479,17.98563148432737,-13149.060546666671,-13703.236330000003,0.0306544475027347,0.0443439115192196,0.7975532511583042,0,-0.4048410972570704,0.1599809482765415,0.0,1.0,likely background
EIF4A2,U2AF2,-0.6938552990446818,2.2577986612613814,-10340.025066666669,-13485.97071,0.0506992936204549,0.0820125265456755,0.1851677726414898,0,-0.4086864146916854,0.3648633564079588,0.0,1.0,
EIF4A2,FBL,-0.3536225320582568,23.862582009886353,-15585.66666666665,-15222.453119999998,0.0050346071867701,0.0064331270721643,0.1535110223395409,0,-0.4090985341884823,0.1229657896061367,0.0,1.0,likely background
EIF4A2,CIRBP,-0.7779490682327861,30.895057404467227,-11101.239910000006,-11470.508790000002,0.0317517217364461,0.0544453421507219,1.6820919711524147,0,-0.4093357496155816,0.2436234667136398,0.0,1.0,
EIF4A2,RPS28,-0.5117587364440345,18.66342111120767,-14665.900386666668,-13182.5625,0.0644603526700412,0.0919080601142637,1.7153188294266928,0,-0.4114993693756634,0.1593143912771577,0.0,1.0,likely background
EIF4A2,DPM1,-1.404270656533994,0.5434199716089285,-9276.361167,-3191.5756839999995,0.0561976063302624,0.1487499754030671,0.0808337074103635,0,-0.4388840614912354,0.8999505757017681,0.0002,1.0,
EIF4A2,POTEI,-1.8819238552032884,0.1918463166007712,-6384.042316,3281.006836,0.1936690906224245,0.7138251581359676,0.1369447272853484,0,-0.4391104017455925,2.1851215075187023,0.10200000000000004,1.0,
EIF4A2,HSP90B1,-0.6981252963649136,10.911002670793106,-13322.656899999998,-13443.201169999997,0.0440280093693009,0.0714319903342547,0.7793946373171203,0,-0.4424727884575744,0.2040976907005465,0.0,1.0,
EIF4A2,TUBB4B,-0.5087827924249859,15.88229340931281,-14111.708980000005,-16702.513669999997,0.0856405625180613,0.1218553418641834,1.93534229297908,0,-0.4456376082514688,0.2053282810083509,0.0,1.0,
EIF4A2,D0JB1,-2.0138577367458397,0.7571582773188598,-987.6129202999998,-949.2420046,0.0674583529682689,0.27244877466628,0.2062868448839547,0,-0.4557476948588905,0.7628732890599423,0.0,1.0,
EIF4A2,XRN2,-0.9510701596361776,14.68605396130837,-12013.150390000004,-11694.041020000002,0.0325949952752311,0.0630173251104214,0.9254758370689627,0,-0.4640971272381087,0.2668080698255999,0.0,1.0,
EIF4A2,ATP6V1G1,-2.103910174789497,1.4474667179640803,-446.52426656666665,-462.1756744,0.2134747632936273,0.9177096131086724,1.3283541217304955,0,-0.4642437798423773,0.5437673257931925,0.0,1.0,
EIF4A2,MRPL54,-2.0410869513767644,5.5703709117354805,-1500.9597168,-1424.7803957,0.178205740834237,0.7334456897356577,4.085564535441274,0,-0.4727435647860287,0.5016113078018776,0.0016,1.0,
EIF4A2,PPIB,-0.2222903604775666,29.211224389991777,-18263.401033333357,-22472.2031,0.0347898697581614,0.0405857836157016,1.1855604322419118,0,-0.4935627517713351,0.0698240917278651,0.0,1.0,likely background
EIF4A2,SH3GLB2,-2.231001724074938,0.5954754391492911,-912.8669129333332,-931.0198364,0.0641538011054726,1.414213562373095,1.6842588842100046,0,-0.5041243789322983,0.6765562477324989,0.0,1.0,
EIF4A2,TBC1D4,-2.29912621469962,3.5396932245544783,-537.5944315666667,-502.5032959,0.1481153576671932,0.728999819561695,2.580435722003969,0,-0.5099180483155681,0.5292957020004798,0.0,1.0,
EIF4A2,DDX54,-2.1179842260883626,0.2358393420019089,-4582.085429500002,-277.8748780000001,0.1002702741533099,0.4352791224465212,0.1026559418249559,0,-0.5132991800445321,1.317787209676848,0.0004,1.0,
EIF4A2,WASHC4,-2.2903273969544733,0.4652845162531271,-1026.8267314,-1076.9483033,0.1456048036794576,0.7122856488690473,0.3314154835680794,0,-0.5206581779832391,0.7532119140622329,0.0,1.0,
EIF4A2,HSPA2,-1.881986473212644,0.3572066913340116,-8119.837400666665,-2801.9052730000003,0.1919875590686429,0.7076580877012907,0.2527802041035318,0,-0.5297602158146846,0.9994023042327652,0.0,1.0,
EIF4A2,CCT4,-0.4720774687065606,20.309727291276623,-19765.624996666673,-21162.406240000004,0.0596255762143678,0.082708109024637,1.6797791390675536,0,-0.553812782352707,0.1781434111007365,0.0,1.0,
EIF4A2,PFDN2,-2.365700578153368,0.5018459261030181,-1715.9964496333334,-2206.8558345,0.0312083617466735,0.1608570835614938,0.0807254720701484,0,-0.5588920376641893,0.850116311563061,0.0001,1.0,
EIF4A2,RPS10,-0.3380043557024323,13.15076590894025,-28555.971373333337,-16075.734399999988,0.0968024379411972,0.1223604975592041,1.6091342599025489,0,-0.5668991149368895,0.134041077176384,0.0,1.0,likely background
EIF4A2,PRDX2,-1.694836258125637,4.654401301952285,-10507.982908666663,-10706.575680000002,0.007057825756979,0.0228497547903948,0.1063519284457041,0,-0.6059122956320266,0.454168594995097,0.0004,1.0,
EIF4A2,RPS25,-0.0830126920729631,23.09793757459517,-16588.86459999997,-36686.15629999997,0.0859448532947966,0.0910361295374532,2.102746837088854,0,-0.6082634302243668,0.1272528675837642,0.0,1.0,likely background
EIF4A2,CCT7,-0.8111108104980863,14.701273233857274,-19712.81901,-19630.80078,0.0369047089733717,0.0647527308221583,0.951947588454961,0,-0.6133725491133251,0.2363690030241521,0.0,1.0,
EIF4A2,PRDX1,-1.5220271878774283,5.416943387703011,-14333.918622,-14625.560061,0.0086588793485377,0.0248685233816552,0.1347113832941949,0,-0.656189416150611,0.454341922603126,0.0002,1.0,
EIF4A2,RNPS1,-0.7631453290068478,26.22331067602543,-21539.79036666666,-22713.375000000004,0.0515548047646275,0.0874996170864503,2.2945296428912507,0,-0.6577779348906201,0.3091749319571557,0.0002,1.0,
EIF4A2,EWSR1,-0.385488408116717,22.392798249319444,-26771.98955666668,-27625.60152000001,0.0532971632859029,0.0696230976053432,1.559055978169127,0,-0.6898385466383679,0.1438273173535457,0.0,1.0,likely background
EIF4A2,TUBB6,-2.002692434283396,4.44723387159499,-13000.876381666669,-12793.548339,0.0573305134763656,0.2297596340843511,1.0217948270251973,0,-0.7290659844332982,0.649885173988894,0.0,1.0,
EIF4A2,TUBAL3,-0.5338022758543909,17.757861988628658,-28518.311196666684,-28947.253900000003,0.0529437800223052,0.0766499241876186,1.3611387751625812,0,-0.7597644725296437,0.2019961072829333,0.0,1.0,
EIF4A2,STIP1,-0.8658830555351147,16.41193320703543,-25238.974606666663,-25733.98437,0.0097789629861969,0.0178220431017773,0.2924941809992756,0,-0.7603334499716061,0.2432911147184978,0.0,1.0,
EIF4A2,RPL38,-0.2116519018823412,129.56189034636083,-29797.36459999997,-35634.65629999997,0.0458831793225832,0.0531339501035782,6.884135016988815,0,-0.7635576181670873,0.0849243702063203,0.06539999999999994,1.0,likely background
EIF4A2,ACTBL2,-2.613049642067742,0.207132141287233,-10063.524494,-8038.028198000001,0.0445490035989983,0.2725655024697471,0.0564570761675893,0,-0.7794354760783297,1.0891074883996392,0.0,1.0,
EIF4A2,FAM133B,-0.423292955571019,18.717623468479967,-30780.47917000001,-32074.34371,0.0547373944506172,0.0734030018913365,1.373929750858161,0,-0.7969236886728157,0.1292359850483382,0.0,1.0,likely background
EIF4A2,STK38,-0.7489746571631409,11.975167892884148,-27535.30208333333,-30313.499999999993,0.0377632886607317,0.0634659733358102,0.7600156861816364,0,-0.8140214151026955,0.2279195606781109,0.0,1.0,
EIF4A2,HAS1,-1.1372302573960278,16.06609088073607,-29907.971349999996,-20695.42578,0.3231655887567417,0.7108452772012944,11.42050482565802,0,-0.8176769985524853,0.7359154939660004,0.009500000000000005,1.0,
EIF4A2,EEF1A1,-0.4527076281792722,28.12233883028457,-29812.869786666663,-34430.7813,0.0455859295663241,0.0623900500922594,1.754554128332947,0,-0.8184896191601407,0.1555776781110336,0.0,1.0,likely background
EIF4A2,C1QBP,-0.9113901932424824,10.468424448784855,-29491.95508,-26068.54297,0.0914247402868759,0.1719601002979891,1.8001513181749658,0,-0.8245688557729969,1.3354499580289338,0.0,1.0,
EIF4A2,FUS,-0.3244351129159289,33.612616855475046,-35322.140666666615,-35435.6563,0.0439229965097381,0.0549999252987784,1.8486914161475885,0,-0.8639113665724678,0.1129797557969203,0.0,1.0,likely background
EIF4A2,TUBB,-0.3887470731898098,34.87424629143453,-32739.958360000004,-37523.7812,0.0566386134958123,0.0741554080781769,2.586113965160175,0,-0.8727481590601507,0.1435619816795252,0.0002,1.0,likely background
EIF4A2,HSP90AB1,-0.6513082894416801,13.753082859030052,-32687.47135666667,-35475.00391,0.0274015572322523,0.0430373376177395,0.5918960702888233,0,-0.9110202123633228,0.1845190886075826,0.0,1.0,
EIF4A2,FBXO31,-3.544884610168786,0.1039343865240737,-6776.365376633334,-6856.755859,0.0103678764062233,1.4142135623730951,0.2939708380385449,0,-0.9398506772308084,1.4002307022907192,0.0,1.0,
EIF4A2,SUB1,-0.3145216110102823,18.184935416452944,-41593.02083333334,-38311.20310000001,0.0422797080261992,0.0525796655882594,0.956157822941192,0,-0.969646333713863,0.1179873924754705,0.0,1.0,likely background
EIF4A2,WDR77,-0.2268003850579579,56.967050634757065,-42645.427066666685,-41699.187400000024,0.0240318385082474,0.0281232688205886,1.6020996789173607,0,-0.9958668454532345,0.0749063151337465,0.010800000000000006,1.0,likely background
EIF4A2,PRMT5,-0.2331525425636769,121.88227465877304,-44528.3854,-47244.7812,0.0594262216524571,0.0698504377382488,8.513530237448768,0,-1.0745756459933808,0.0994723843463582,0.058399999999999966,1.0,likely background
EIF4A2,EMG1,-4.7659458048222785,0.0496207535800811,-1448.5786895466665,-1096.27842665,0.0268417974128352,0.7305036950288695,0.0362481438403662,0,-1.0893637941808194,0.9660967555265968,0.0,1.0,
EIF4A2,TMCO6,-5.5365468248122705,0.0,-44.405385333333335,0.0,0.0,0.0,0.0,0,-1.2358301682714177,1.3889061277614436,0.0,1.0,
EIF4A2,TOE1,-5.5365468248122705,0.0,-44.405385333333335,0.0,0.0,0.0,0.0,0,-1.2358301682714177,1.4206886379948984,0.0,1.0,
EIF4A2,PPIC,-5.5365468248122705,0.0,-126.38454183333332,0.0,0.0,0.0,0.0,0,-1.2367781979678338,1.4830102419621898,0.0,1.0,
EIF4A2,HYOU1,-5.5365468248122705,0.0,-143.43858843333334,-211.1821899,0.0,0.0,0.0,0,-1.2394259324059955,1.526243009094815,0.0,1.0,
EIF4A2,MRPS14,-5.5365468248122705,0.0,-215.85598246666663,-241.3752594,0.0,0.0,0.0,0,-1.2406137416870506,1.0378071363584191,0.0,1.0,
EIF4A2,TANC2,-5.5365468248122705,0.0,-398.20018513333326,-438.3989258,0.0,0.0,0.0,0,-1.245008644590622,1.3458796891901688,0.0,1.0,
EIF4A2,ARF5,-5.5365468248122705,0.0,-417.38582356666666,-430.8492432,0.0,0.0,0.0,0,-1.2451429075968845,0.9609441766734984,0.0,1.0,
EIF4A2,VAPB,-5.5365468248122705,0.0,-919.738444,0.0,0.0,0.0,0.0,0,-1.2459527624685272,1.425697129812712,0.0,1.0,
EIF4A2,DIS3,-5.5365468248122705,0.0,-602.1616821333333,-551.4404297,0.0,0.0,0.0,0,-1.2486790233366611,0.8692711892925453,0.0,1.0,
EIF4A2,HSPA1A,-0.6872225358727104,35.82137559938358,-54684.47393333334,-54976.44529000002,0.0141948533845056,0.022856645950881,0.8187564995486409,0,-1.3968532681091377,0.1925075066189021,0.0,1.0,
EIF4A2,TUBA3C,-0.6259933963461425,11.446413637165035,-56007.22395333332,-54591.625000000015,0.0166106277883017,0.0256351308428044,0.2934303112695868,0,-1.397074068991272,0.2383213472647201,0.0002,1.0,
EIF4A2,HSP90AA1,-0.8756210858081018,24.250166430212836,-57323.37239666666,-57910.24222,0.0119267985206965,0.0218836652552551,0.5306825245430038,0,-1.5058799869405308,0.2419816066553176,0.0,1.0,
EIF4A2,TXNDC12,-0.407951163707702,33.00532124540311,-66144.0156666667,-58506.20310000001,0.025587627270752,0.0339501201130444,1.120534620651055,0,-1.507144594378964,0.1300489968042826,0.0,1.0,likely background
EIF4A2,TUBA1C,-0.5917349428315646,13.386791723792744,-68845.07296666669,-52284.562600000005,0.0908357384118495,0.1368967895512457,1.832608809378414,0,-1.5107003540639077,0.2075895915871984,0.0,1.0,
EIF4A2,TMA7,-0.5556381547024005,5.177675490882331,-56626.75783333334,-67708.6641,0.0759080673348727,0.1115727323585649,0.5776874017837159,0,-1.5412862913990062,0.1979340725862747,0.0,1.0,
EIF4A2,HSPA8,-0.9204463398713472,12.780941608411466,-77371.10419,-76064.82029000002,0.020897056633324,0.0395526236925668,0.5055197738741685,0,-1.9601494355878213,0.2634106463660608,0.0,1.0,
EIF4A2,E2F7,-4.361908473377109,0.072620397360124,-53392.659993,-77296.252195,0.0037504503393766,0.0771326081657296,0.005601400654418,0,-2.4822913085220835,1.5346350795239003,0.0,1.0,
MEPCE,C1QBP,5.267853934675343,758.6251072795677,2363228.3281266666,2414240.84375,1.7956086716642734,0.0466047046140565,35.35549903757123,1,21.479623197466815,1.3354499580289338,0.9998999999999999,0.0,
MEPCE,LARP7,6.817228344202597,2603.6665789441613,228236.97592,231824.689428,3.010838317768908,0.0266991388616126,69.51565554057014,1,8.961213912334927,1.3835292069629923,1.0,0.0,
MEPCE,TOE1,6.489734529772582,2410.848532481347,3946.214406,4017.914062,7.029679818436844,0.0782223457583134,188.5822274786786,1,6.691735246753576,1.4206886379948984,0.9917999999999995,0.0,
MEPCE,METTL16,10.276787403998556,877.2154383392188,83668.44474959999,83680.79688,6.699731532655659,0.0054005269308064,4.737425598870178,1,4.903433966312653,1.4088987444414174,0.9978999999999995,0.0,
MEPCE,YTHDF1,5.2870859463428275,1047.457871697011,1689.426523666667,1710.508789,1.2643960203892832,0.0323826042235557,33.919413700012385,1,3.4166692652948405,1.269671331745443,0.9468999999999999,0.0,
MEPCE,SART3,4.6962411519249265,491.0617506716853,55461.417646,55359.757818,0.138793828404647,0.0053537842921811,2.62903868723704,1,2.4837838704380157,1.2719116553410323,0.9852999999999997,0.0,
MEPCE,CHCHD2P9,5.116472700316553,253.78551866249208,43889.528767,44254.560181,0.799478371154379,0.0230459751559039,5.8487347580239915,1,1.9813545011663232,1.3013043198125387,0.9923999999999996,0.0,
MEPCE,ENDOG,6.043925749112939,171.7406463369218,28927.07518223333,29312.2001941,2.1065615002333953,0.0319279670425964,5.483329696119445,1,1.911642254499838,1.3624371696803368,0.9968999999999997,0.0,
MEPCE,SNU13,2.071688966524621,593.4036714707098,4477.457356666668,4436.438476,0.0582521587055311,0.0138571059182217,8.22285752783129,1,1.6681975269411926,0.7728263071393426,0.9686999999999999,0.0,
MEPCE,PPIH,2.803522653248306,463.05837715794235,4898.1463619999995,4988.4241939,0.7514108840257787,0.1076300870072357,49.83901342293871,1,1.5667686158009797,0.900620744536152,0.9823999999999995,0.0,
MEPCE,KIN,0.2734295992424842,758.5739342303823,216.77872743333344,109.57836999999996,0.3152343821360162,0.260811454614917,197.8447712195864,1,1.5558841497420934,0.245940121420022,0.6359999999999998,0.20089285714285715,
MEPCE,TMCO6,6.203567663363649,52.11285781080718,3228.214243666666,3229.467773,3.667680419490828,0.0497658697832774,2.5934416958470847,1,1.4876168333536242,1.3889061277614436,0.8927999999999993,0.0,
MEPCE,RPL26,1.78382328971334,505.66915707924255,13901.260091666669,14043.880859,0.0494954316356252,0.0143741462753085,7.268562430768987,1,1.4818823383458546,0.598455589753289,0.9766999999999996,0.0,
MEPCE,TANC2,4.868279142218685,158.9674028417676,11232.325854866664,11074.1030242,1.0064931490790112,0.0344598135045913,5.4779870552365635,1,1.4569343669069206,1.3458796891901688,0.9917999999999995,0.0,
MEPCE,ACTG1,1.4141303326497987,205.08486844193175,100100.08463000004,98595.5,0.0483706936127522,0.0181504876080557,3.7223903632550264,1,1.4071408494486817,0.4822367777435582,0.9730999999999996,0.0,
MEPCE,RPL7A,1.8777076995161928,483.0419628050941,3779.999593333333,3715.810791,0.136154536834776,0.0370498930173492,17.89665304481912,1,1.3754601342564254,0.5555695893678346,0.9603999999999999,0.0,
MEPCE,CSNK2B,3.716612971342283,188.71395767010657,45254.724853666674,2275.1633300000003,16.491879050634168,1.254464814917731,236.7350199810228,1,1.3418223406643963,2.206270670954933,0.9724999999999995,0.0,
MEPCE,LSM8,3.3446554844135084,256.45157375460036,14587.774046666666,14446.15576,0.4017722887653677,0.0395492981306465,10.142479746494192,1,1.3242944123152032,1.1213520565247674,0.9816999999999994,0.0,
MEPCE,LSM6,3.4815177338072485,235.76910564322307,7993.150919500001,8054.933349500001,0.2831679535890649,0.0253514744285601,5.977094452758661,1,1.2617777266664856,1.1362985418733171,0.9722999999999999,0.0,
MEPCE,RPL27A,1.7459591744539271,378.40446561659974,18648.967612000004,18343.715334999997,0.0983418162723751,0.0293192891840548,11.09454995595082,1,1.23140875880498,0.5970187428019478,0.9784999999999998,0.0,
MEPCE,RPL13A,2.788425686178557,280.77940745437866,5238.539021733333,5411.8841556,0.3524796657918242,0.0510193503686253,14.325182965209972,1,1.1697558008137914,0.9886179435622512,0.9694000000000002,0.0,
MEPCE,GTF2I,0.1651996780533361,557.4075569797185,8913.971353333356,6583.046870000006,0.0523301348221688,0.0466686962367577,26.01348395675974,1,1.1516526591532568,0.0976239685559284,0.8513999999999997,0.009174311926605505,likely background
MEPCE,IGF2BP1,1.32281512089905,451.67302991949833,1054.1741739333331,1060.458435,0.8651213720514028,0.3458372323696815,156.20535060338764,1,1.151081123790743,0.5914686511569427,0.9104000000000003,0.0,
MEPCE,PYCR2,3.2161583096644506,160.96591075207334,22294.317873,22849.520023,0.2744619422736279,0.0295340140866808,4.753969475627145,1,1.1484631483911365,1.086045075036523,0.9743999999999999,0.0,
MEPCE,HEXIM1,3.5097602470177263,165.4235484841088,9910.537660933334,9970.7556797,0.2508070946280186,0.0220189744053302,3.6424568801104966,1,1.1307157817092222,1.1179816630896011,0.9632999999999996,0.0,
MEPCE,LSM3,3.2872039703951756,151.8180389054476,15498.144775,15180.898197,0.3022092956637278,0.0309571710345874,4.699856996531591,1,1.089255133202805,1.0680747871227598,0.9706999999999995,0.0,
MEPCE,RPS3A,1.996177236875862,277.78080320537174,18170.864257333335,18013.318845,0.1237512414967926,0.0310199739104917,8.616753268266075,1,1.070370812357683,0.6846914793086529,0.9810999999999995,0.0,
MEPCE,ZNF511,4.491306191520428,18.954005474361864,3504.967994616666,3129.37932555,6.65715501100811,0.2959858702888132,5.610117805787927,1,0.999356243780214,1.392977458491049,0.8800000000000001,0.0,
MEPCE,MTREX,2.9879752216918765,168.78423010858566,6090.0815023000005,6106.3370365,0.0796012764804306,0.0100334527887605,1.6934886042817965,1,0.9808914452438676,0.9251755298565107,0.9425000000000001,0.0,
MEPCE,RPL6,2.6758551656466483,200.81630232371512,6554.8828533333335,6441.826050000001,0.2473602441024047,0.0387095311817211,7.773504916597792,1,0.9776883527367324,0.8762207768549478,0.9681999999999998,0.0,
MEPCE,CDK9,2.4808642854508456,130.56743530372933,29684.788736333332,28840.868163,0.243942298030975,0.043699183617575,5.70569032981352,1,0.9558211498899172,0.8925626403550879,0.9379000000000001,0.0,
MEPCE,LCP1,2.7882109354893525,185.31036594541817,262.33442180000003,447.5048828,4.889988717800238,0.7079023597194385,131.1816453332342,1,0.9231940329194248,1.418261574785201,0.7767999999999996,0.034782608695652174,
MEPCE,BOLA2,-0.0580074885447996,491.7324535507318,-150.10978166666655,-32.758056000000124,0.0470233425089363,0.0489530788575343,24.07181757547782,0,0.8929997561484349,0.1049428864184761,0.16989999999999994,1.0,likely background
MEPCE,PSME3,2.495872880593955,108.99100252583273,25663.760416666664,25139.306645,0.1630525867466547,0.028906523302797,3.150550954308191,1,0.8823027172395096,0.9495019233286242,0.9160999999999996,0.0,
MEPCE,H1-4,1.127888907184433,244.2116143647263,27425.228516666662,26923.53516,0.0455874290242292,0.0208602108853799,5.094305776307266,1,0.8571428901675379,0.3473134238856014,0.9632999999999997,0.0,
MEPCE,LRRC47,2.7062899446737645,102.44984164725484,16050.49577,16785.846921,0.6056253132070584,0.0927962089491539,9.506956912306393,1,0.8488886170485764,0.970505946489875,0.9192000000000005,0.0,
MEPCE,RPS13,1.6291654848163128,161.03313704896573,30970.25879,30824.24316,0.0426816635720947,0.013797965775913,2.2219297137895477,1,0.8274782343330127,0.537581768589677,0.9585999999999997,0.0,
MEPCE,BYSL,0.8549442634363761,337.1670666393651,1103.8689776666663,1100.429565,0.1838076867953815,0.1016253847371725,34.26473286792938,1,0.7885556489952782,0.296069306135001,0.8705000000000002,0.0,
MEPCE,RPL18,2.1763227872919035,151.1384648615665,6107.395711333333,6264.898926,0.3045823169698085,0.0673856167550335,10.18455867010562,1,0.7456003718482669,0.7444088472407614,0.9627999999999999,0.0,
MEPCE,RPL15,2.3682874674595142,129.76590274344065,4803.0188800000005,4942.331543,0.2151120142867736,0.0416619834480112,5.406304892213458,1,0.7355789501618221,0.8105888788494242,0.9113,0.0,
MEPCE,LSM2,2.911429354908084,54.95046571237109,8460.445393666667,8664.131592,0.1853498947465558,0.0246357254160819,1.353744584775801,1,0.734042339819353,1.030399961349323,0.8702000000000002,0.0,
MEPCE,KP02,2.583458319286043,47.2548497612069,20824.26188200001,20820.886721000003,0.1273222213443729,0.0212425419668375,1.0038131291890429,1,0.7335055560675896,0.9412530494283043,0.8833999999999999,0.0,
MEPCE,RPS12,2.350760843151301,89.05735398730079,15871.526611333336,16560.6875,0.2784304403974598,0.0545843369647195,4.86113661922914,1,0.7316306972480164,0.8493045968475446,0.9046000000000001,0.0,
MEPCE,CCT6B,3.45786374266234,14.996081183508268,1517.1256104333336,32.7853241,13.594023632875762,1.2371652372290178,18.552630334900616,1,0.7192794145203166,1.7739845317293903,0.715,0.08974358974358974,
MEPCE,DDX50,3.491459729141518,7.952775505139987,775.8479767,810.2445679,1.8638126646803184,0.1657175627810738,1.3179145740568223,1,0.7122221837415661,0.8446786610671039,0.6773000000000002,0.14507772020725387,
MEPCE,KPNB1,1.7887170884320107,116.27336309380982,23531.546877666668,23693.456056999996,0.1753435561470285,0.0507497105786659,5.900839525018984,1,0.7119279230005848,0.6959440229058665,0.9165000000000001,0.0,
MEPCE,PRPF4,3.2494169792790895,18.841809445296313,4268.414072566667,4407.7541197,0.2291420176596854,0.0240953484062733,0.4539999631890264,1,0.7047336733406905,0.97461813376509,0.8378999999999998,0.007633587786259542,
MEPCE,SSB,2.836591033555664,37.2312056230348,10502.222696333334,10436.509278,0.0830774225395458,0.0116301317775006,0.4330038276311182,1,0.692245023470736,0.9278826649496176,0.8546999999999998,0.0,
MEPCE,KP04,2.782964620657912,68.62426881278266,2714.7775266999993,2717.0830075999997,0.2305055925193478,0.0334908577037912,2.29828562183562,1,0.6867102499249199,1.0191919961754243,0.846,0.008333333333333333,
MEPCE,RPL7,2.5177901414337613,81.69101634070186,7277.050659,7339.090576,0.1803280253057718,0.0314871700712969,2.5722189248167777,1,0.6865289155447762,0.8404168033088559,0.8739,0.0,
MEPCE,YTHDF2,3.167096478541242,20.770274640851888,2653.8837379666666,2781.5459895,0.5525705723701474,0.0615172901937549,1.2777310124852757,1,0.6761927609447245,0.9554865782994088,0.8236999999999999,0.013157894736842105,
MEPCE,DHX30,3.33542033597433,7.137500327674313,949.4649149666666,987.8862915,1.0895400037806278,0.107939907485557,0.7704211250472983,1,0.6738353193597383,0.7503114105718611,0.7817000000000002,0.03139013452914798,
MEPCE,RPS14,0.8017700051968208,234.06752856268147,14916.881506666668,15406.988279999998,0.0494201719256316,0.0283497949495701,6.635766439104669,1,0.6615528360301056,0.3499792788508414,0.9422999999999999,0.0,
MEPCE,RPL36,2.5843013761038818,71.7649306580762,3446.249735533333,3564.0794064,0.2302108085984648,0.0383861187414338,2.7547771497116815,1,0.6513490735803978,0.737558721476735,0.852,0.009345794392523364,
MEPCE,SYNCRIP,2.275456802542365,74.90596252978631,8367.039018666666,8447.774898,0.1151813768529088,0.0237904365486343,1.7820455486792632,1,0.6213875622070986,0.6416637136081009,0.8692000000000002,0.0,
MEPCE,HNRNPUL1,2.7230057572407684,21.445377970944858,9256.857670133331,9087.158206,0.1812699729439462,0.027454915817379,0.588781046864167,1,0.6201105508340085,0.911581812695229,0.8469999999999999,0.008547008547008548,
MEPCE,CCNT1,2.5576059410771097,37.593610344958655,8309.650593999999,8383.136475,0.0993632147693991,0.0168775835442466,0.6344892993268939,1,0.6084752627002462,0.9524740093786496,0.8488,0.008928571428571428,
MEPCE,RPL21,2.4577641958152254,68.8102221100977,2270.3594154999996,2200.7587891,0.3759799599524689,0.0684391713624016,4.709314582477895,1,0.6041806478806253,0.8080270029407918,0.8465999999999998,0.00847457627118644,
MEPCE,RPS9,1.426280555738655,115.23221535509164,20518.163733333335,20771.32617,0.0706925427418399,0.026304011731053,3.03106954449556,1,0.5981739120162481,0.4620058168336228,0.9113,0.0,
MEPCE,RPL3,2.565281391398597,42.36448433151247,4990.6030274999985,4836.495849,0.2615733278092653,0.0441944308483446,1.87227427321481,1,0.5938370943741106,0.8666039091151878,0.8410000000000001,0.007936507936507936,
MEPCE,RPS16,0.5577566483184895,163.92493629283376,31233.953140000027,34572.99999000001,0.0770064487011186,0.0523152812597391,8.575779147644417,1,0.5884853009458636,0.2170859345466088,0.8884999999999998,0.0,
MEPCE,SRRM2,1.3615307206508327,178.11682141453835,3335.222087000001,3310.0861820000005,0.242958237930355,0.0945522204885504,16.841340971107186,1,0.5834651642302583,0.4555014845983254,0.9440000000000002,0.0,
MEPCE,HSPA1L,2.663580234790157,27.936974888094745,6606.360655700001,-226.8075867,56.77406396245665,1.414213562373095,79.01769755684032,1,0.5731796430670899,1.1061492582628314,0.7497000000000003,0.06451612903225806,
MEPCE,IGF2BP3,2.872148709329198,9.261520834557151,473.33655548,522.52559664,1.4227618351736409,0.1943255415191897,1.799750051466576,1,0.5619763392092818,0.833069822976412,0.6532999999999999,0.17298578199052134,
MEPCE,KP03,2.6158177474379847,23.485301971966223,4080.4589844,4065.5180058,0.1229031893823673,0.0200504561111056,0.470891016444971,1,0.558502145745615,0.956624068838686,0.8345999999999997,0.014814814814814815,
MEPCE,RPL34,2.1179924435523407,66.52275770203448,5887.634969333333,5906.0712889999995,0.2292677322499827,0.0528158993844543,3.5134592775670908,1,0.5451607373612609,0.7295705102130634,0.8689999999999999,0.0,
MEPCE,LSM7,2.2853800685524805,31.703981369696855,9030.820555666663,9086.005612,0.1435254460624104,0.0294416295604678,0.93341687507859,1,0.5349707823852048,0.9023833396246695,0.8472999999999999,0.008695652173913044,
MEPCE,RPS8,1.6654478472544818,109.8492528943802,6044.890787666665,6066.684082,0.1199384720046239,0.0378102999429061,4.153433200440671,1,0.5304317087324697,0.559471978654475,0.8843,0.0,
MEPCE,LSM5,2.5063505371605586,22.42747439778897,3745.2640992666666,3924.2798463,0.3030203524408326,0.0533317545906197,1.1960965606702882,1,0.527676785791478,1.0218740197224108,0.8316999999999998,0.014492753623188406,
MEPCE,RPS15A,1.2885980683875804,92.5671372958772,21818.986976666667,21319.42871,0.0374294552302529,0.0153217585098863,1.4182913235989218,1,0.5226463400991755,0.4212829398849387,0.8779999999999997,0.0,
MEPCE,CCT3,0.1037137532023168,285.3986704430547,4877.330729999994,4280.812499999993,0.0383578332679004,0.0356974470504225,10.188003926401942,1,0.5203600960440032,0.0929633260930861,0.8379999999999996,0.007692307692307693,likely background
MEPCE,RPL27,1.9972652048610957,66.18004920123795,6583.009684333334,6555.952393,0.0823765004961688,0.0206332523730902,1.3655096572326748,1,0.5202936725127633,0.635454087684495,0.8587000000000002,0.0,
MEPCE,MYO1D,1.9916038046012203,6.102652843869732,24028.7853598,22349.547849999995,0.4533616571526445,0.1140022425584912,0.6957161097571035,1,0.5185431789165368,0.8958065696012976,0.8642000000000003,0.0,
MEPCE,RPL4,2.325850426503975,27.50422385818121,5895.840128666668,5610.531983,0.3060973137403477,0.0610533699696269,1.6792255549409782,1,0.5098166966105384,0.7499292641552967,0.8422999999999999,0.008064516129032258,
MEPCE,DHX9,1.3252977765960354,2.766612226593268,34913.242840000006,50578.738281,0.3186900132771256,0.1271791164465433,0.3518552985283358,1,0.501525758452829,0.4520500416359809,0.8644999999999999,0.0,
MEPCE,LBR,1.7086531012069923,63.99156830361029,13171.562008666664,13321.042474999998,0.1675480657658344,0.051260744749845,3.2802554489536395,1,0.4975615229170379,0.6412089557244409,0.8730000000000001,0.0,
MEPCE,RPS25,0.2958754793308237,30.03523058052549,67517.08333333331,64407.15629999997,0.0114147559098522,0.0092982832652909,0.2792760818760552,1,0.492836416264986,0.1272528675837642,0.7492000000000002,0.06772908366533864,likely background
MEPCE,RPL14,2.304264742713954,22.730536849551573,5529.79069,5623.505005,0.1720414628703739,0.0348322236720844,0.7917551437301387,1,0.4927832028664423,0.7807549192668967,0.8345,0.014705882352941176,
MEPCE,PSMB1,0.3403996284271811,246.37264301994864,3084.159826666668,3047.072260000001,0.0159327970475148,0.012584180983752,3.1003979292083668,1,0.4812521542211463,0.2600892424689509,0.7996,0.02577319587628866,
MEPCE,C4A,-0.1062516563228946,311.7276404233836,-1373.9648433333314,-2093.7011700000003,0.061270267276125,0.065953733546974,20.559601735710785,0,0.4770437078276752,0.0655826428917835,0.16310000000000002,1.0,likely background
MEPCE,YBX3,1.86776738277796,67.38608387326325,3441.3813886666667,3475.3599860000004,0.0844237541316991,0.0231319286014744,1.5587700808892957,1,0.4670159318702169,0.5223418105742825,0.8372000000000003,0.007518796992481203,
MEPCE,RPL19,2.0524982244608747,32.507258298309274,7066.383951999999,7076.6843260000005,0.0543082134075424,0.0130919106074238,0.4255821197339028,1,0.4644578327624052,0.6298183768364864,0.8427999999999999,0.008130081300813009,
MEPCE,RPL8,2.0864000253642874,32.859817177729326,5660.608439333334,5717.037476,0.1793319079337328,0.0422269390173567,1.387569496085468,1,0.4626454039804326,0.6978471046774342,0.8403999999999998,0.007874015748031496,
MEPCE,NFU1,1.958462732835739,60.744498595652914,1904.1603597666667,1809.9597173,1.9131959322648004,0.4922713245712959,29.90277478410129,1,0.4621184550236009,0.7323614124907581,0.8634999999999999,0.0,
MEPCE,RPL31,1.5442429435623706,36.470054864853026,20586.413091333332,20494.45997,0.0852069884135585,0.0292154956200336,1.065490728166499,1,0.4548399446262338,0.5601911743089137,0.8589000000000003,0.0,
MEPCE,RPL18A,2.107643359903266,38.20673862246233,2496.967875233334,2547.6168215,0.3582718142102925,0.0831284684315765,3.1760676654508577,1,0.4546396728092873,0.6996415088071628,0.8288999999999999,0.013888888888888888,
MEPCE,STAU1,2.3367988944633984,13.055879802885109,1337.9136555666666,1292.1571043,0.1220384977022166,0.0241574534548421,0.3153968086502106,1,0.4462930606497245,0.5933875278115064,0.7495000000000003,0.06827309236947791,
MEPCE,KRT38,2.3856803488827056,3.695264384189832,2005.156657,2363.173584,0.3966543714840878,0.0759017398223806,0.2804769958636863,1,0.4446321612786233,1.0037987809991216,0.7985000000000002,0.02564102564102564,
MEPCE,ACTA2,1.5240766810782322,45.95945478812732,16305.380207333332,15702.628905,0.0958516360768243,0.0333279225639629,1.531733150260661,1,0.4350502470656306,0.5215164438542055,0.8684000000000003,0.0,
MEPCE,CMAS,1.7078032822769005,69.3978853497332,3438.6668703333335,3551.6794440000003,0.2719807606203987,0.0832605928312972,5.778109075457188,1,0.4327297920199814,0.707082231088022,0.8483000000000002,0.008849557522123894,
MEPCE,RPS18,0.5449602562759732,36.22796329338939,48536.76043333333,49111.46879999999,0.054826826702194,0.0375791284365754,1.3614152855978192,1,0.4325451744927704,0.1959806166314696,0.7906000000000002,0.024154589371980676,
MEPCE,RPS3,0.7967242501927639,44.39251788618569,38364.42838666666,37867.81641,0.0240139444713159,0.0138238210917404,0.6136742250705196,1,0.4277612372156278,0.3201443921185592,0.8497000000000002,0.00909090909090909,
MEPCE,H2AZ1,0.4251652807091753,210.52511985157332,3141.3567716666657,3426.3418009999987,0.0987610907730269,0.0735532064099969,15.48479759493212,1,0.4256427206084173,0.1741056895310813,0.8241000000000003,0.013333333333333334,
MEPCE,RPL10A,2.0974717801947915,23.744438743268272,2964.4561157,3076.2266238,0.0852740637149497,0.0199258131539005,0.4731272498425999,1,0.4246168580887324,0.6831963941788329,0.8166999999999999,0.012269938650306749,
MEPCE,YBEY,1.9492328518122,27.39131421078588,5684.618407666667,5880.142333,0.091232362267404,0.0236250364825429,0.6471207975346136,1,0.4180872204538337,0.7606982120509707,0.8378999999999996,0.007575757575757576,
MEPCE,RPLP2,1.817261541541444,45.228463509733864,4321.111124333334,4389.547729,0.3421706008160992,0.0970942900975768,4.391425556681768,1,0.4135672639052145,0.6749573365358127,0.8553000000000002,0.0,
MEPCE,RPL11,1.2122278867879384,59.86615086964035,18312.82356333333,18318.7373,0.0179148522618062,0.0077321122451694,0.4628917982103092,1,0.4074462978106036,0.4613045606722963,0.8677000000000001,0.0,
MEPCE,RPS11,1.3376499363879162,35.518472518968814,21052.28938666667,20669.62988,0.0647816481997783,0.0256319092690046,0.9104062649798446,1,0.404996209989936,0.449219520782642,0.8591000000000001,0.0,
MEPCE,SRP9,0.9620877880895496,141.2816502455106,3029.3383790000003,3036.608887,0.1524997688790847,0.0782805975412766,11.059612002836229,1,0.4038552947420916,0.3909173764703756,0.903500000000001,0.0,
MEPCE,TPM3,0.8104080010348326,158.74148701394162,2392.4235023333326,2335.1870120000003,0.0481710902590228,0.0274683033692031,4.360359322577367,1,0.3996505735601526,0.3298183306921723,0.8926,0.0,
MEPCE,KRT6A,2.059331130893059,20.80236271112675,1570.5087691,1018.0930485,1.6731272296562776,0.4014297619424385,8.350687510967871,1,0.3954420249760539,1.1149175899585353,0.8050999999999998,0.021621621621621623,
MEPCE,YTHDC2,2.0908084091729604,13.303291060332272,917.4013875333331,871.0547182,0.2127267481648681,0.0499375319458672,0.6643335223105132,1,0.3836453051847016,0.6885829886144422,0.7223000000000003,0.08163265306122448,
MEPCE,RPL29,1.8089190343809325,41.93907434343397,1446.1895344999998,1263.6431278,0.6749375540474233,0.1926308955592215,8.078761449700457,1,0.3808923043467387,0.6651460742826818,0.7756000000000003,0.034334763948497854,
MEPCE,PRPF3,1.8281758120560756,26.43825115203772,3788.7202553333336,3719.619873,0.2958977980820798,0.0833311163022183,2.2031289815777133,1,0.3706662038248141,0.6692823396774931,0.8262999999999997,0.013605442176870748,
MEPCE,RSL1D1,1.8343025107087123,30.1164623183277,1953.7452594,2062.8284908,0.2489033594652435,0.0697994337460129,2.1021120162524083,1,0.3664721394204212,0.5916871092368395,0.7962000000000005,0.025,
MEPCE,RPLP0,1.853335292911186,22.88223049033307,3264.575439666666,3405.6524660000005,0.1614571286886392,0.0446836777976288,1.0224622145211226,1,0.3657684399309147,0.6745017181623131,0.8111,0.022988505747126436,
MEPCE,RPL28,1.707321416722651,37.526126526368,3602.921753000001,3601.3765870000007,0.0994188952817638,0.030444952746024,1.1424811488365925,1,0.364157159103266,0.5464012691343875,0.8058,0.021739130434782608,
MEPCE,PTMS,2.0345473557149503,8.724039373674481,1286.0949809666668,1231.8233644000002,0.210895537155934,0.0514764593841354,0.4490826584845528,1,0.3628485609861673,0.4936600569443009,0.7455000000000003,0.06589147286821706,
MEPCE,DIMT1,1.1185490690943098,108.02393246366825,528.3344216333332,637.5318906,0.4068722748027674,0.1873886471422468,20.242458563352233,1,0.3504405804083684,0.4046659811678176,0.6687000000000002,0.1506172839506173,
MEPCE,PTMA,1.610449070026932,41.47410907849226,3516.573974333334,3423.820678,0.1642977646965918,0.0538071018220786,2.2316016101664298,1,0.3481266397774697,0.4182337755840833,0.8111999999999998,0.023121387283236993,
MEPCE,NUP153,1.627406103645529,43.84496663786929,1807.5967609333336,2053.4241942999997,0.6426742758534568,0.2080148165934737,9.120402693723356,1,0.345335175655888,0.6342067146028038,0.8085,0.022099447513812154,
MEPCE,HNRNPAB,1.39029811876942,72.98149838171543,969.3887330333334,965.0742184,0.058902300987185,0.0224704867818187,1.6399297947036622,1,0.3434243299425732,0.3680363604359984,0.7529,0.04918032786885246,
MEPCE,RAP1B,0.748187056763881,137.3318622584569,1474.412679333333,1462.094971,0.0944193122268117,0.0562129881181797,7.719834341382132,1,0.3309347774739191,0.3040707959420075,0.8064000000000004,0.02185792349726776,
MEPCE,PRMT5,0.0761534596409709,151.0260696495536,16170.010433333286,20159.343799999973,0.0453393311894455,0.0430085453063715,6.495411558966045,1,0.3277096988633383,0.0994723843463582,0.8025999999999999,0.02127659574468085,likely background
MEPCE,PURA,1.968101441655356,2.76656870911744,339.8947347,602.8399658,2.825505274157073,0.7221703668701507,1.9979339396348212,1,0.3275355878254226,0.9472613919401528,0.6502999999999998,0.18309859154929578,
MEPCE,ALYREF,0.7435344247393696,33.118839438695716,28851.114583333336,26653.19532000001,0.0537774915424811,0.0321201060069062,1.063780633596613,1,0.3091896618762418,0.335899291156866,0.8233,0.012987012987012988,
MEPCE,CORO1C,1.32801909056547,61.315013839838045,1744.1377356666665,1666.575683,0.1823536891486968,0.0726344584113012,4.453582822738076,1,0.3086803898402759,0.3570046422123376,0.8013000000000001,0.02617801047120419,
MEPCE,HACD3,0.5821197807380416,143.7343389866777,1891.0056156666665,1787.1188969999998,0.1019337446100435,0.0680903183321762,9.786916896867815,1,0.3073327976370944,0.2326843704461104,0.8183999999999998,0.012422360248447204,
MEPCE,DDX21,1.5292646586002874,20.03365043477873,5987.998046666666,6126.588867,0.092011756271166,0.0318779431249422,0.6386315691448515,1,0.3019988261253372,0.520886569508966,0.8235999999999997,0.013071895424836602,
MEPCE,RPLP1,1.3106119460902437,53.4746507565756,3338.499674333334,3245.479248,0.0606069525479476,0.0244337817147651,1.3065879438594674,1,0.2998241083446765,0.5503449668790323,0.8267999999999998,0.0136986301369863,
MEPCE,LARS1,1.6991359383604987,13.096914076610874,2066.666626066666,1976.399048,0.4295214030565893,0.1322803279504587,1.7324640891930658,1,0.2966710483582597,0.5759701720875354,0.7811000000000006,0.03125,
MEPCE,RPS26,0.9707179280829304,44.05574047668343,16104.04134,15876.63672,0.0651797622254315,0.0332582791466401,1.4652181147854717,1,0.296065909143907,0.3790433241161925,0.8535999999999996,0.0,
MEPCE,GNL3,1.664681329992061,19.89735442489888,1049.4656981333333,960.7911374,0.1689343809040994,0.0532844393865006,1.0602193758052438,1,0.2951070652177899,0.5255615984665487,0.7129000000000002,0.09433962264150944,
MEPCE,FOCAD,1.5491735841349548,28.998206595871515,1865.8796790333336,1966.0948481,1.4538899570250412,0.4968042509896948,14.406432307906377,1,0.2938998630759479,0.5563083908769358,0.8337,0.014598540145985401,
MEPCE,MOV10,1.6371619225424765,22.582869917930637,738.4100646666668,854.2140200000001,0.3395390587105545,0.1091581810217165,2.4651050024913492,1,0.2926018618845125,0.4205022252772051,0.6257000000000001,0.21656050955414013,
MEPCE,VCP,0.1717784813137171,175.60419665777064,3715.66536333333,3744.6757800000014,0.0041601510402221,0.0036931970378912,0.6485408989377507,1,0.2915315215635343,0.1929394920504303,0.7922,0.024390243902439025,
MEPCE,LAMP1,1.7994975065347147,4.734680400427974,383.9626871666667,398.8326721000001,0.8464966608433312,0.2431777133177244,1.1513687530663228,1,0.2901501189641202,0.967222743582742,0.6191999999999999,0.23029045643153526,
MEPCE,EIF4A2,1.4620272954098867,3.7680895965051904,22262.083821333326,-885.3647460000002,3.32160055821602,1.2056879232667064,4.543140120293224,1,0.2875228340632109,1.4071857844214264,0.7341999999999997,0.06934306569343066,
MEPCE,PRSS3,1.09787682454947,3.1337590810456004,19217.13541699999,25455.793939999996,0.1746461478135151,0.0815956833876872,0.2557012137902866,1,0.2874848429133309,0.380442669275566,0.847,0.008620689655172414,
MEPCE,H1-2,1.5708314846511635,7.122937346006265,6034.661825000001,5085.267089999999,0.1404831099906968,0.0472887876290753,0.3368350714504999,1,0.2801976772011785,0.6215416623898148,0.8193999999999998,0.012578616352201259,
MEPCE,RPL17,1.334555427376569,25.603758155710235,7379.298012333331,7596.728024999999,0.1130961591665308,0.0448444150776855,1.1481855582833471,1,0.27790894427621,0.4423041604746266,0.8316000000000001,0.014388489208633094,
MEPCE,NCBP1,1.579885636402801,23.016856373275644,320.54276530000004,291.561676,0.3753553933089263,0.1255599537058128,2.8899954206818332,1,0.2757667128446498,0.4543216906433326,0.6068000000000001,0.26522593320235754,
MEPCE,LSM4,0.9797351039573456,54.338708259734446,10037.988934666666,9484.43848,0.1303846378880355,0.066114843352223,3.5925951845544892,1,0.2718399490747316,0.3988797077071427,0.8569999999999998,0.0,
MEPCE,SNRPD3,0.1720392702563559,116.81122651000766,17244.567766666645,17776.031299999973,0.0329904913234913,0.0292821969586968,3.420489341652992,1,0.2716820630684276,0.1042568359227838,0.7789999999999998,0.03070175438596491,likely background
MEPCE,RPS6,1.174340470729922,35.56597997814762,8740.392253333335,8787.258788000001,0.0389595995245772,0.0172625401424616,0.6139591570787588,1,0.2705639599741624,0.3847693861394714,0.8302000000000005,0.014285714285714285,
MEPCE,CALM1,0.7245988480295926,103.35352332046077,2971.4373369999994,2969.3076169999995,0.0689923134300112,0.0417520061629394,4.315216942637382,1,0.2630792865448661,0.2293974314148892,0.8194999999999999,0.012658227848101266,
MEPCE,RPL10,1.1562395408267736,29.07531912388316,8473.554363333333,8789.291508999999,0.0536550987040981,0.024074105686677,0.6999623054622263,1,0.250996065978804,0.3590605940494464,0.8301000000000005,0.014184397163120567,
MEPCE,RPL38,0.0536853168503371,155.722935732703,8276.328133333358,6987.406200000027,0.0356076394692295,0.0343072950565778,5.342432703258358,1,0.2501707672458039,0.0849243702063203,0.7877999999999998,0.023474178403755867,likely background
MEPCE,ARHGAP42,1.3346589879892945,31.951412454662336,2039.108602,1683.040649,0.5379291981631764,0.2132821207550526,6.814665009449784,1,0.2476838037812757,0.6487525270842699,0.7985,0.025510204081632654,
MEPCE,RTCA,1.566431920576525,10.317804302510275,582.5514628,669.1618347,0.17517388221743,0.059146333405562,0.6102602932896156,1,0.2473801101705043,0.5593695704132541,0.5958000000000001,0.2851851851851852,
MEPCE,RPL30,1.4971344746798856,13.760173044911271,1297.792805966667,1204.6993407,0.0656308132151597,0.0232502131990035,0.3199269569493689,1,0.242899748304951,0.5128095320454458,0.7392000000000006,0.07142857142857142,
MEPCE,RPS2,0.7943427430321341,46.80203216955127,13708.766926666663,14131.1875,0.0441122084259803,0.025435501946014,1.1904331803260335,1,0.2428515908857266,0.2804847089747739,0.8385000000000001,0.007751937984496124,
MEPCE,ATP2B1,0.8569795479132738,85.84422032774367,856.7357989999998,949.016602,0.157003311621569,0.0866831452619113,7.441247020565324,1,0.2410401132824144,0.292903757445163,0.7187999999999997,0.08524590163934426,
MEPCE,CAMSAP3,0.2328421388569765,156.3043790224867,348.4064943333335,450.89843799999994,0.0928374425360438,0.0790013287196769,12.34825362748045,1,0.2383437825491345,0.2987946625240577,0.6162999999999995,0.2329896907216495,
MEPCE,ACTA1,1.358319149554175,1.812917812026736,5377.4906396666665,11025.72461,1.377608788648602,0.5373197338640556,0.9741165162756116,1,0.2373266776281057,0.8110027448170104,0.8514999999999999,0.009259259259259259,
MEPCE,SNRNP27,0.5093062412476657,86.08014408030009,10632.569010000008,11000.945310000005,0.0586214550260862,0.0411853906156735,3.5452443582006143,1,0.2345519838145614,0.1647726996436853,0.7833000000000002,0.027522935779816515,
MEPCE,HNRNPU,0.9544225862739854,46.414637629287014,7814.590982,7658.059569000001,0.0371596063234313,0.0191762427393623,0.89005835783875,1,0.232570290028494,0.3157678131436266,0.8295000000000003,0.014084507042253521,
MEPCE,H1-10,1.150708855553236,44.52907045831048,2237.3030603333336,2060.615235,0.1235755040546949,0.0556591365643165,2.4784496137211787,1,0.2324935840903884,0.3300792438580696,0.8024999999999998,0.021052631578947368,
MEPCE,USP11,1.3427854752737851,24.850896733911203,1458.7141114666665,1582.0026858,0.1917678590168689,0.075606446386077,1.8788879915583951,1,0.2315346823397344,0.656966934132343,0.7400000000000001,0.07169811320754717,
MEPCE,SNRPB,0.2441285195956794,94.28354607348122,15318.007796666643,17399.742159999994,0.0431904682759084,0.0364671289234063,3.438250230017566,1,0.2311669281123575,0.1177766568560851,0.7583999999999997,0.041666666666666664,likely background
MEPCE,ELAVL1,1.4902399328946725,4.09019584680556,2442.7135722833336,2312.257812,0.4125956813709275,0.1468653360183764,0.6007079874220664,1,0.2290194383103569,0.5370208238266301,0.7961000000000001,0.024875621890547265,
MEPCE,G3BP1,0.5719341051918977,93.71519670014584,5636.037109999996,5713.384770000001,0.2219647849430057,0.1493198960056188,13.993543425411886,1,0.226134595652809,0.2420153253468302,0.8109000000000001,0.022727272727272728,
MEPCE,VIM,0.4188479300305809,106.09182679812592,6916.8893233333365,6717.113280000001,0.0145246359689832,0.0108648244751728,1.1526690764120735,1,0.2247334185577731,0.2208933610497076,0.7318000000000001,0.06761565836298933,
MEPCE,RPL13,1.3091757541747675,7.360056970442644,6310.858721333333,5752.9423799999995,0.2348249877287863,0.0947643284505531,0.69747085616181,1,0.2206899863312897,0.4487627730265023,0.8188999999999997,0.0125,
MEPCE,LSM14A,0.2353638265869323,55.293980802291316,25695.078166666673,26493.01569999999,0.0334656670556898,0.0284283467175051,1.5719164576386138,1,0.2205693298124531,0.1150024817140785,0.7451999999999999,0.06563706563706563,likely background
MEPCE,RPL24,1.1984529740599494,22.569473201066447,4840.676351,5506.496093999999,0.2176977263795644,0.0948605180642942,2.1409519202913687,1,0.2200276833810951,0.3950521347598796,0.8220999999999999,0.01282051282051282,
MEPCE,SRSF7,0.9846693685404004,56.00520408568469,2206.3589683333325,2203.442139,0.1095417913182001,0.0553562953137129,3.1002406164719263,1,0.2174523288103245,0.2715224942832411,0.8071000000000003,0.02197802197802198,
MEPCE,PMAIP1,1.0898810703716784,34.289197347984334,5042.945312333332,4866.733399000001,0.0216483757578379,0.0101704569054387,0.3487368039497603,1,0.217398560076194,0.3255327194627683,0.8154,0.012121212121212121,
MEPCE,HNRNPL,1.3956434727784373,16.74933020141991,222.7827301,190.6915283,0.6240802614270093,0.2371982873252827,3.9729124376224343,1,0.2165054527923585,0.6465253508041335,0.6100999999999999,0.26104417670682734,
MEPCE,FAU,0.1972004221757897,75.98625588441435,20186.307233333355,21735.5937,0.029465476313004,0.025701236134391,1.952940705453596,1,0.21602912138322,0.0738416842808342,0.7469999999999999,0.06666666666666667,likely background
MEPCE,IGKV2D-29,0.0237046219442691,131.94788083070802,38323.33333333349,-17484.75,0.044130787716143,0.0434120354960836,5.728126086255714,1,0.2153164216552498,0.0515691343815265,0.5660000000000001,0.34557595993322204,likely background
MEPCE,RPL35,0.7526368250341423,29.954200616329594,16421.634766666666,16250.33789,0.05759070520634,0.0341813108618103,1.023873842883794,1,0.2150157103629089,0.2556001311988327,0.8211999999999997,0.012738853503184714,
MEPCE,UTP14A,1.4542695966511687,8.045057751648184,396.60505166666667,290.90765379999993,0.634743351787921,0.2316439571712742,1.86358901326322,1,0.2129295991604613,0.4786251785972393,0.5984,0.2749529190207156,
MEPCE,MRPS14,1.4788191312245793,3.606772950051216,385.7767384666667,326.72056580000003,0.75140819861698,0.2695929747543588,0.972360648867862,1,0.2093523058281896,1.0378071363584191,0.6114999999999999,0.25865580448065173,
MEPCE,CWC25,0.2192700306803504,138.80554211652557,1548.464843333335,1757.5996090000008,0.0536224885798574,0.0460621112194647,6.393676318849506,1,0.2068054158971909,0.1747516177641144,0.7217,0.08080808080808081,
MEPCE,TPM1,1.3630440833937465,8.793714855086149,1707.8380940666666,1925.7976079,0.2511107074138433,0.0976224640635198,0.8584641124254879,1,0.203872282625619,0.5884931995712348,0.7686,0.038135593220338986,
MEPCE,LUC7L3,0.5830841076439088,92.3565269311318,2726.177897333334,2742.6674809999995,0.0544237299901387,0.0363299998438349,3.355312608985153,1,0.2028661844735511,0.171589331549807,0.7758999999999999,0.03463203463203463,
MEPCE,RPL37,1.3041863523029231,14.777545751353289,665.0195312333335,746.9433590000001,0.5940736079082785,0.2405707408881075,3.5550451299109658,1,0.193857637313214,0.4290700934897875,0.6079,0.268389662027833,
MEPCE,SMC3,1.0908709898838025,5.979273575041533,10924.016602000002,8477.75586,0.2401224221533542,0.1127326886803615,0.6740595864698694,1,0.1933579214687952,0.4506581354191859,0.8244000000000002,0.013422818791946308,
MEPCE,RPS7,0.7670529989559856,30.200442006455184,13165.02864666667,12872.66797,0.0867688668596139,0.0509871241504364,1.5398336859811872,1,0.1930826718412899,0.2840637807272477,0.8092999999999998,0.022222222222222223,
MEPCE,PHF10,1.1718006804238428,28.2204354654375,667.3888853999998,706.9229121,0.1454510137706317,0.0645611899622834,1.8219448949024717,1,0.1907095906166124,0.7203650349503696,0.5955999999999999,0.2846580406654344,
MEPCE,DCTN3,-0.0764660801481744,170.72458264280948,-110.8215329999996,-189.42468199999985,0.0589485585705231,0.0621579028274724,10.611882018172537,0,0.1900935432323966,0.1442871760555061,0.1564,1.0,likely background
MEPCE,CHERP,0.5873125043498879,90.70774723703336,1221.3071293333333,1202.134766,0.0856990666889917,0.05704010314755,5.173979258682283,1,0.1883848210340007,0.4696531324099827,0.7165,0.08823529411764706,
MEPCE,HSPH1,0.1029618646117999,149.09946481529596,223.4368896666665,-661.5139159999999,0.4980251447864751,0.4637252078662479,69.14118031421944,1,0.1862527725911296,0.4316474093117629,0.5630999999999999,0.3577371048252912,
MEPCE,SPTBN1,1.2965620918656062,10.75985770415252,962.1393637333334,1062.3351437,0.2744752372031324,0.1117379903583342,1.2022848764036436,1,0.1856639868339022,0.5048576394793641,0.7347999999999999,0.06985294117647059,
MEPCE,FXR1,0.7286557474564371,72.92492510299617,1277.380371333334,1468.943848,0.1260239581540433,0.0760516253564607,5.546059083081021,1,0.1853874783782282,0.606876961541547,0.7436999999999998,0.06513409961685823,
MEPCE,MAP7D3,0.5873939361359913,86.44231416970602,2040.4064126666676,1940.954102,0.0931276937743678,0.0619809951037006,5.357780651305101,1,0.185235434623213,0.1793908301266661,0.7571000000000001,0.045454545454545456,
MEPCE,RNPS1,0.3904944020166895,58.34071417126142,16298.13411333334,15143.769529999998,0.0526258310395233,0.0401468755738199,2.3421973927214252,1,0.1837916921233701,0.3091749319571557,0.7480999999999998,0.06719367588932806,
MEPCE,HPX,0.5363641280609717,92.8955160458105,1240.7373863333328,1545.8767090000006,0.2044648339769961,0.140980786011705,13.09648286910132,1,0.1821462795275129,0.2124704040828753,0.7062999999999998,0.0972644376899696,
MEPCE,RPS4X,0.7159459207286855,26.35964910707895,14606.749349999998,13770.40039,0.0925551006580164,0.0563484279225065,1.4853247877728035,1,0.1814745827776969,0.2529610126052829,0.8149999999999997,0.011976047904191617,
MEPCE,YBX1,1.2499304699805402,6.4615783338817385,2620.8162840000005,2957.399536,0.0433912214346572,0.0182447172630404,0.1178896697746603,1,0.1788736152535601,0.3968261316206583,0.7976000000000001,0.025252525252525252,
MEPCE,RBM4B,1.318506087560123,3.411020544770953,987.5426636333334,1023.0621949,0.6680491424626623,0.2678553161864412,0.9136599865380706,1,0.1749765190867031,0.6226665811468941,0.7359,0.0708955223880597,
MEPCE,ILF3,0.9256794099632883,41.23677077003593,2060.9047853333327,2139.881348,0.1503968648741728,0.0791742213052842,3.2648892148621003,1,0.1701576979199073,0.3198567963751443,0.7819000000000003,0.03153153153153153,
MEPCE,MCM6,0.5972061856033136,68.40340601904659,4413.990558333335,4741.550786,0.1079695502352342,0.0713718883829636,4.882080259405937,1,0.1686495209395517,0.2960094572029839,0.8048000000000002,0.0213903743315508,
MEPCE,HNRNPA3,1.128894359506776,19.28403244232136,1681.9845376666665,1667.460083,0.0157303089503824,0.0071929687612911,0.1387094429493421,1,0.1685712200008642,0.304354305265139,0.7594,0.037815126050420166,
MEPCE,RPS19,0.406127970593984,49.3015135468704,14727.072916666672,16857.101559999996,0.0480221843660243,0.0362400248599523,1.78668807657186,1,0.1683625215218975,0.1901123066420033,0.7409999999999993,0.07196969696969698,
MEPCE,RPS23,0.6344115538416908,56.25512403756716,6422.348303333334,6963.364260000002,0.1018259904418333,0.0655970839240979,3.6901720926528343,1,0.167852460065325,0.1849096113539895,0.8101000000000004,0.02247191011235955,
MEPCE,PRKAR2A,1.311876709724894,2.801577202639373,257.3973948,239.9572296,0.939054138479663,0.3782493061866446,1.0596946331266632,1,0.1661129582675458,1.3725749043566635,0.6204,0.22245322245322247,
MEPCE,RPL22,0.34966878995482,40.33336559400585,18973.752603333327,20399.625,0.0122330033832666,0.0096000989567917,0.3872043009629148,1,0.1656539823826213,0.1629407981476344,0.7279000000000002,0.08041958041958042,
MEPCE,RPS17,0.827966708956297,36.0577835416133,6043.243324666665,5816.020016,0.1564430540536557,0.0881284064584133,3.177715003944785,1,0.1651153461388976,0.3012148299643992,0.8112000000000001,0.023255813953488372,
MEPCE,RPL35A,0.5816873793329793,78.14371776970843,1472.884928,1518.9194329999996,0.075601200499433,0.0505156847703388,3.947483413636914,1,0.1619208560363417,0.2737314024300564,0.7075,0.09785932721712538,
MEPCE,TPM4,0.82141128264186,28.22357141312232,8137.285482999998,7650.02637,0.078541563869011,0.0444459882572879,1.2544245236063634,1,0.1618808966463268,0.3300199201392762,0.8096,0.0223463687150838,
MEPCE,TUBA3C,0.2415283633875589,20.88442566385406,28992.572933333344,26806.718799999973,0.025296411349513,0.0213971192011177,0.4468665453763672,1,0.1615236661707214,0.2383213472647201,0.7269,0.0798611111111111,
MEPCE,ILF2,1.0101190914651297,24.69557687040958,2523.183105333333,2615.653809,0.0577393331255404,0.0286680249759423,0.7079734145162051,1,0.1584237702264283,0.2929538445910275,0.7955000000000004,0.024752475247524754,
MEPCE,IRS4,0.6522528619788197,66.73625780899924,2065.0799966666664,1977.9506829999996,0.0292440033168828,0.0186076664110949,1.2418060228346897,1,0.1584207046197603,0.204589742289443,0.7508999999999998,0.06504065040650407,
MEPCE,PTGES3,1.1543928532833103,12.681424305646637,1446.6909994666669,1362.964112,0.0443716382069713,0.0199342792915428,0.2527950539233202,1,0.1583120597741559,0.3329936243922203,0.7301000000000001,0.0706713780918728,
MEPCE,COG2,1.2810453154632253,1.7183684126435472,282.55668133333324,638.4104004,1.7512915929606452,0.720654635004829,1.2383501612174628,1,0.1578947784350332,1.134945026924291,0.6298999999999998,0.21475054229934923,
MEPCE,RAC2,0.4514571980634199,93.24309635993934,814.358968333333,852.9370120000003,0.0427937020324307,0.0312954266067226,2.918082478716052,1,0.1578577663744885,0.1778008791288338,0.5246,0.4552023121387283,
MEPCE,PSMA1,0.3092177373712752,99.71120174210206,3195.350586666669,3190.9072300000007,0.0222554595683245,0.0179620647550783,1.7910190624983204,1,0.1557750127541316,0.2805522573114248,0.7111000000000002,0.09627329192546584,
MEPCE,DIS3,1.1810958399137552,9.221142484125965,763.2275592,836.3190913,0.2145403005088166,0.094616204909909,0.8724695067815297,1,0.1525435651627362,0.8692711892925453,0.6131000000000001,0.24948875255623723,
MEPCE,YWHAE,0.4143232225865052,86.09432235431937,3045.7545563333333,3358.572263,0.062660079238862,0.047018685205728,4.048041840778219,1,0.1518147371025053,0.191573816472232,0.7137,0.0914826498422713,
MEPCE,G0I3,0.7605084265700472,48.92704204477752,2647.4716796666667,2777.4807130000004,0.1065582648948495,0.0629004649138862,3.0775336914777656,1,0.1514578498236444,0.3332193203747743,0.7936999999999996,0.024630541871921183,
MEPCE,SLC25A5,0.3730738680104111,97.82833738452727,1155.9669596666658,1113.1315920000002,0.052674676044837,0.0406723065144488,3.978904123902411,1,0.1511043633814641,0.1183978693432074,0.6577000000000003,0.16507177033492823,likely background
MEPCE,MRPS34,1.0976631578144171,16.349155014813167,906.1842446333334,968.1924437,0.0958866631692807,0.0448054351210409,0.7325310043000532,1,0.1488059578964217,0.3817547387136799,0.7213,0.0802675585284281,
MEPCE,POLDIP2,1.0286780141330545,23.847686162625084,1038.2014773,875.893799,0.1893207196102208,0.0927977266753565,2.2130110623589645,1,0.1484795897739044,0.4304340537377121,0.7096000000000001,0.09876543209876543,
MEPCE,RPS20,0.2948756822177937,85.15612818142934,6336.179690000008,7048.906250000004,0.0327004094842256,0.0266557131298776,2.269897324055269,1,0.1480172815522895,0.1972986467088264,0.7212000000000001,0.08,
MEPCE,LIMD2,1.2281182335996976,2.904860460995823,339.36754356666665,341.9698487,0.3400599842860547,0.1451633418842738,0.4216792522256459,1,0.1466651863328053,0.5234085585509598,0.5924000000000001,0.29014598540145986,
MEPCE,ZGPAT,1.0500310107847513,20.14328117745676,1078.206522466667,1083.123535,0.1652334929260976,0.0798011868525785,1.6074577450662555,1,0.1465850716198666,0.4131401742726241,0.7338000000000001,0.06884057971014493,
MEPCE,RBM26,0.8215658189719816,42.37031538041328,1893.8387043333337,1987.603027,0.1041401036048388,0.0589256670936587,2.4966990987595614,1,0.1460232156969327,0.3141820961610501,0.7547000000000001,0.04938271604938271,
MEPCE,EIF2B2,0.3187821772103723,103.71057051123668,486.9265546666672,491.108399,0.1085253246517338,0.0870104827541853,9.02390680689468,1,0.1456175002517526,0.1913162442641025,0.5351999999999998,0.4317507418397626,
MEPCE,PRKAR2B,1.2349236378127493,1.9586297068301204,229.2183024,0.0,7.834518827320483,1.414213562373095,5.53984139013199,1,0.1445037380330531,1.3907617257440403,0.6062999999999997,0.25961538461538464,
MEPCE,0CA,-0.0704106601399457,149.04759478322077,-364.3487956666668,-169.65625,0.0832166775200831,0.0873797209040556,13.02373723357861,0,0.1435089087194067,0.1158183520443449,0.1469,1.0,likely background
MEPCE,RBM25,0.3027699817043013,104.17823439604383,436.5006103333337,324.5970460000001,0.1322395831177962,0.1072067538346473,11.168610329824864,1,0.1418912243976514,0.1281774150393997,0.5368999999999998,0.42921013412816694,likely background
MEPCE,RPL36A,0.7368566739080089,40.44323884882239,4300.264322333334,4349.988281,0.033763713515707,0.0202598791866575,0.8193751329942751,1,0.1398887561318979,0.2419887331719637,0.7857999999999999,0.027906976744186046,
MEPCE,RRP1B,0.8885070404420151,34.12526189708209,1361.9583333333333,1340.349609,0.0828238981834115,0.0447394604764891,1.526745805894345,1,0.1397806185288686,0.3020523786416215,0.7242000000000001,0.0821917808219178,
MEPCE,C19orf53,0.4222049558496333,51.2796560948971,11178.460936666665,10185.27734,0.0469014898487839,0.035002053442011,1.7948932631215362,1,0.1366810473497027,0.2097632053975386,0.7298,0.07042253521126761,
MEPCE,FEN1,0.2536099610894911,104.07374549130428,1217.0651043333328,1212.518067,0.0484858361849466,0.0406700144965242,4.232680737838923,1,0.1362255434639649,0.152546500074168,0.6613,0.1566265060240964,likely background
MEPCE,APEX1,0.075262744956404,127.99562016645828,124.48787433333337,-16.333741000000373,0.091147482759148,0.0865152082625077,11.073567735389974,1,0.1357312946257418,0.0841861674358376,0.4684999999999999,0.5747126436781609,likely background
MEPCE,RPP25L,1.1633309395918954,3.1674539972811036,1106.580647666667,504.6501460000002,0.3558743396963412,0.1588916612414207,0.5032820275337732,1,0.1351303567998499,0.4976846425752985,0.6729999999999999,0.14646464646464646,
MEPCE,LARP1,0.7099939964189237,52.41104716498655,1119.805054,946.3361819999998,0.1215978109599331,0.0743359544484776,3.8960252146534513,1,0.1335926061898535,0.2352522904417111,0.7102999999999997,0.09597523219814241,
MEPCE,EMD,1.1782554208319724,1.600196467322814,338.0638122333333,651.0289917,0.281220839591266,0.1242679675569131,0.1988531626859585,1,0.1328809623303888,0.6641669803216298,0.5899000000000001,0.29326047358834245,
MEPCE,RPL23A,0.7165702516990169,30.488382748324415,6800.483723000003,6741.511719999999,0.0117771273418225,0.0071669252367487,0.2185079597466222,1,0.1324683915153403,0.2562236392330379,0.7880999999999999,0.02358490566037736,
MEPCE,DDX5,0.7066797225901681,35.11434985763107,5718.239257666666,5574.680666999999,0.0654045174750209,0.0400754689666808,1.4072240380046688,1,0.1313135606056933,0.24137848818665,0.7919000000000002,0.024271844660194174,
MEPCE,RPL9,0.8942091279693448,18.336430208219028,4013.130208333333,4036.742674999999,0.0695973749857161,0.0374465167688089,0.6866354412721679,1,0.1277815302330111,0.29281470085786,0.8006999999999997,0.026041666666666668,
MEPCE,PSMA2,0.5111735955563151,65.6524961754397,2664.990071666666,2676.0766599999997,0.0736866826503791,0.0517027290367363,3.394413220344129,1,0.1267964113958216,0.2486408695638525,0.7468000000000002,0.06640625,
MEPCE,DCAF1,0.3332251352499639,94.15299748159552,232.4396770666666,233.70739749999996,0.1243664845801717,0.0987179310412625,9.294589112716316,1,0.1263482858125812,0.2144286299021603,0.5227999999999999,0.4603174603174603,
MEPCE,XRCC5,0.2894927512184951,93.42527019251924,1588.1801756666664,1742.7036130000006,0.0511642374738733,0.0418623936970893,3.9110054420561857,1,0.1253321536150681,0.4136168584339771,0.6594000000000001,0.16105769230769232,
MEPCE,ZMAT2,0.1684496330346129,109.94169396636453,614.2182616666669,433.2016599999997,0.1040140838657501,0.0925523862065271,10.175366120174782,1,0.1228449108065373,0.1273990423472004,0.5448,0.3960546282245827,likely background
MEPCE,P4HB,0.024880286930485,127.58506255533952,60.3694660000001,45.90258799999992,0.0526677930019518,0.0517677960769671,6.60479750083192,1,0.1225596658593405,0.1475595515381331,0.3366999999999999,0.8317610062893082,likely background
MEPCE,TOP1,0.4884798854455536,10.387762879688063,17276.729160000003,18649.847650000003,0.0476243423394113,0.0339457172273251,0.352620061338396,1,0.1208419256376516,0.184567721544803,0.7297,0.07368421052631578,
MEPCE,RPS15,0.884948197342444,16.545563598800296,3768.831542666668,3969.882812,0.3172033923634323,0.1717687768171051,2.842011221115546,1,0.1204068324038577,0.3595933293085194,0.8109999999999998,0.022857142857142857,
MEPCE,RPS29,0.2520231985322479,47.62409621017555,14424.554686666655,15099.507809999996,0.0281111519659006,0.0236056382510345,1.1241971871698695,1,0.1191895893131108,0.1193659385877571,0.7331999999999995,0.06810035842293907,likely background
MEPCE,OBSL1,1.112393941391654,2.486874097200882,113.44441985000002,156.37670895000002,0.6499736353706732,0.3006310310071298,0.7476315238264264,1,0.1159683958202319,0.6700530471644554,0.5924000000000001,0.29014598540145986,
MEPCE,CCT2,0.4053198791875095,35.25163366927237,12058.328123333324,13303.863279999998,0.1079714685571726,0.0815265090216877,2.873942630367165,1,0.1132862067331798,0.1821168848122267,0.7216999999999998,0.08053691275167785,
MEPCE,LRPPRC,0.4772913343312132,66.95845008934063,1645.4361170000002,1569.7729500000005,0.0819939427624016,0.058898723397899,3.943767230964105,1,0.1130645300899588,0.2314077540253656,0.6648999999999999,0.15365853658536585,
MEPCE,HNRNPA2B1,0.8369498332307741,22.573991649084466,2559.344645333333,2695.0354009999996,0.0437872251646746,0.0245133604409097,0.5533643938840948,1,0.1121012953298535,0.2589677762355865,0.7784,0.034934497816593885,
MEPCE,ZC3HAV1,0.914407419012262,20.841167232130235,598.4480794666666,708.8425292999999,0.3402625478034999,0.1805312513211814,3.762481999410475,1,0.1117338522703444,0.378835316078344,0.5932999999999999,0.29120879120879123,
MEPCE,SRP14,0.6733611164321364,43.58675533663388,1811.274902333333,1831.7822269999997,0.1155947420543351,0.0724834588728787,3.1593187878451308,1,0.111655232525683,0.3017412214917839,0.7499000000000002,0.06477732793522267,
MEPCE,NKRF,0.8408009979465383,27.595992248492355,1030.7150473333331,514.985962,0.5577059290757738,0.3113876368715234,8.593050813382913,1,0.1094605166211595,0.5064814024324495,0.6824999999999999,0.13227513227513227,
MEPCE,CALD1,0.9531922804956172,13.603484686797392,1025.0078935333331,1099.084839,0.1043573704366581,0.0538996446995707,0.7332229912944306,1,0.1086403424624576,0.5807787534425779,0.7266000000000001,0.07958477508650519,
MEPCE,MRPS27,0.9620813992837176,14.150497904904054,600.4559734000001,638.4482423999999,0.2718830399848924,0.1395625792648431,1.9748799854901689,1,0.1085285271187416,0.4404316266522641,0.5892,0.2965641952983725,
MEPCE,HECTD1,0.7744292668022111,32.8132857591372,1186.0102133333337,1312.699829,0.1731972218932856,0.1012551267741505,3.3225134094178665,1,0.1083506657324806,0.3527075761009196,0.7147000000000001,0.0926517571884984,
MEPCE,DHX16,0.4823072569293387,68.71804249482165,307.69457980000004,355.1279291999999,0.1129540306324661,0.0808566772243226,5.5563125814910785,1,0.108109859328348,0.1543329394188798,0.5116999999999998,0.5021398002853067,likely background
MEPCE,ARHGAP22,1.0680774826645796,2.8628754301791437,335.3791910666666,289.5186157,0.2814763359533666,0.1342519493742025,0.3843466073170586,1,0.1073909446716055,0.3998499250321645,0.5894000000000001,0.29528985507246375,
MEPCE,SAP30BP,0.6046300772289732,51.024084389630026,1303.132079666666,1277.7233889999998,0.2338485044573082,0.1537891382402167,7.846949967777298,1,0.1069344126086352,0.2157387926017869,0.7358,0.07063197026022305,
MEPCE,MTDH,0.9906152083281252,10.287195552136025,583.375478,564.7968754999999,0.1340785970094279,0.0674771530208849,0.6941506684272493,1,0.1067225838258739,0.3095902558372864,0.5852,0.3107142857142857,
MEPCE,RAB34,0.7922634674797812,31.63354143639643,723.1298015666667,786.064575,0.2075057732608681,0.1198222923245379,3.790403449252276,1,0.1062547598779456,0.3896363949106282,0.5861999999999999,0.3100358422939068,
MEPCE,ATP2A2,0.6758649138082128,41.33173463746485,1513.5443520000003,1003.431152,0.2815094676492419,0.176213879205927,7.28322529477766,1,0.1029738619935859,0.2556091225740368,0.7202999999999998,0.08305647840531562,
MEPCE,RPS24,0.3547498356371907,68.4355193707933,3764.6383499999974,3667.124030000001,0.026530351963849,0.0207470362760235,1.4198342029543587,1,0.1029569949379138,0.1136732258016112,0.7043999999999997,0.0990990990990991,likely background
MEPCE,PRRC2B,0.4707345951532982,12.268337181774534,16655.70833666667,14644.636720000002,0.0467171460512071,0.0337111994147008,0.4135803612215899,1,0.1026347590247991,0.1558125032918948,0.72,0.08278145695364239,likely background
MEPCE,ORC4,1.0562796663242464,2.593979745789834,94.92185463666664,90.08828731,0.1062026464003567,0.0510699654247541,0.1324744559299994,1,0.1022093937669715,0.6556635951151062,0.5897000000000001,0.29454545454545455,
MEPCE,PTCD3,0.9961274638655307,8.974358359461945,139.16323849999998,85.80905150000001,0.6234153871244237,0.3125470819319184,2.80490951746115,1,0.101595864992879,0.4535915713302848,0.5974,0.275797373358349,
MEPCE,SRSF4,0.3888799801339641,64.83866396384202,3271.509439999998,3575.311520000001,0.0469961709747725,0.0358922970355088,2.327208586375759,1,0.1011379396248402,0.1596055107569121,0.7012999999999999,0.10029498525073746,likely background
MEPCE,EDRF1,1.0356030543933334,2.7135342708074495,267.90804033333325,168.39086909999995,0.3979129643959528,0.1941076379021876,0.5267177276730692,1,0.0984235371646274,1.0675730176890763,0.5895000000000001,0.2958257713248639,
MEPCE,SPART,0.945301171519329,9.520216064830846,701.2948811333334,630.8595583,0.011266947547488,0.0058511943053439,0.0557046340241822,1,0.0947454413394435,0.3179393873337298,0.5867999999999999,0.3016157989228007,
MEPCE,BRI3BP,0.8236343825644452,19.936878877247075,1499.7312416666664,1571.4552,0.0403025555752339,0.0227717488200251,0.4539975980479359,1,0.0945778158486438,0.2477914469685577,0.7120999999999996,0.09345794392523364,
MEPCE,DDX3X,0.6114547120375926,36.466974283521346,3620.659994333333,3452.012694,0.1118361636962992,0.0732013169466146,2.6694305426120906,1,0.0945431319787846,0.2184365781315351,0.7682000000000002,0.0379746835443038,
MEPCE,COIL,0.8252094420992169,18.972070785072415,1800.122151666667,1655.7868649999996,0.2127076763812732,0.1200529454537166,2.2776529791043507,1,0.0943794322323899,0.2534439615673037,0.7436000000000004,0.0648854961832061,
MEPCE,RALA,0.8892151324116571,13.47566795817874,1240.5121256666664,1216.518799,0.0510284188443778,0.0275507882531893,0.3712652744860713,1,0.0940944913536918,0.267939549732737,0.7188000000000001,0.08552631578947369,
MEPCE,CTSZ,0.8330442578221577,22.175253290656457,284.07535806666664,325.3010254,0.3028208529694492,0.1699874687656104,3.769515176114964,1,0.0920951523588392,0.4396889679008249,0.5842,0.31494661921708184,
MEPCE,SRPK1,0.9073280964037772,12.473217146955728,298.0547688666666,272.1978759,0.2226343023043433,0.1187029252339149,1.480607362421471,1,0.0889351659503758,0.3586580823972007,0.5799,0.318739054290718,
MEPCE,RSRC2,0.4640433649704907,45.99882369737826,4568.585286666668,4553.460940000001,0.0327681958329098,0.0237555290430939,1.092726392291227,1,0.0873988172037207,0.2058713346492874,0.7007999999999999,0.10263929618768329,
MEPCE,ANKHD1,0.7622072558956079,25.700877235788045,880.9074706666668,775.807129,0.1444480377791829,0.0851661392556647,2.1888444896558696,1,0.086622793554155,0.3867059895005759,0.6459999999999998,0.18620689655172415,
MEPCE,DDX42,0.792975650558716,19.938600530899524,1307.3716630000004,1272.012695,0.1488400947899559,0.0859039211195275,1.7128039672401631,1,0.0851956686647302,0.2720762162387566,0.7150999999999997,0.09032258064516129,
MEPCE,SART1,0.7899344559049643,19.5489137594358,1522.3389080000002,1445.142456,0.2428600777839117,0.1404638848908412,2.745916372046373,1,0.0851297259149742,0.2614636850949719,0.7223000000000002,0.08135593220338982,
MEPCE,RBM17,0.652419038839212,34.00392752376234,1769.9490563333338,1717.476319,0.0482020553216258,0.0306669524238531,1.0427968275953692,1,0.0851144203363688,0.2215539938805047,0.7164000000000001,0.08794788273615635,
MEPCE,CAMK2D,0.0199341772438535,110.97093311648332,21.62801133333278,-5.082153000000062,0.0434216146002866,0.0428261926610058,4.7524625614181035,1,0.084880815194398,0.1155673847459834,0.3037999999999999,0.9520865533230294,likely background
MEPCE,CCAR1,0.5175736086880564,51.525204189526605,984.4351396666666,975.475586,0.0924398263790142,0.0645738935883735,3.327183052453709,1,0.0843963378706509,0.2758959817337956,0.6695000000000002,0.1517412935323383,
MEPCE,LSM14B,0.7158562996564397,29.13335350037938,913.9486493333332,650.9560549999999,0.4559496606031878,0.2776037459696611,8.087528064363655,1,0.0824483237024961,0.2785695458823562,0.6702000000000001,0.1525,
MEPCE,SLC25A3,0.6070387488222966,41.49166471528494,717.1902263333334,719.7009279999997,0.0399639246360258,0.0262382043850452,1.0886667790754176,1,0.082313137774897,0.2392351734787766,0.5504999999999998,0.389937106918239,
MEPCE,DDX52,0.8534907763863605,13.31716438348881,621.9846598666666,568.2303463999999,0.1078956208699375,0.0597145133492061,0.7952279903514153,1,0.0800920445749323,0.2429905690155369,0.5774000000000001,0.3217993079584775,
MEPCE,ADD1,0.7457837333771068,24.63836284502762,650.4962153666668,796.9254147,0.3331632323776861,0.1986810208835092,4.895175082948409,1,0.0794837409989748,0.3724751016364253,0.5794000000000002,0.31993006993006995,
MEPCE,SRSF10,0.8153598013443702,15.680190692541975,949.761434,1056.1689459999998,0.1495062603382702,0.0849599188524136,1.332187728828739,1,0.0791344590721511,0.2722897711586912,0.7138999999999998,0.09177215189873418,
MEPCE,EIF2B1,0.5982623009767615,40.10937101851898,1017.9963376666668,915.153565,0.055525874394745,0.0366778083764347,1.471123824316563,1,0.0791189734967224,0.270429781561686,0.6624999999999999,0.15458937198067632,
MEPCE,PRPF31,0.5309956776781362,31.74915729012793,5049.731773333335,5514.0332,0.0184389942164712,0.012761290855024,0.4051602305812298,1,0.0783427263092412,0.302748563378595,0.7336000000000003,0.06859205776173286,
MEPCE,HNRNPR,0.7327470495869511,4.345453860703134,7706.902997000001,5319.6982499999995,0.006760533893489,0.0040682231488568,0.0176782759884019,1,0.0776446570370544,0.339612509497275,0.7884999999999995,0.023809523809523808,
MEPCE,EIF4E2,0.6367498757600564,8.883641155246147,7792.866536666666,8556.46777,0.1138508559058339,0.0732248146035843,0.6505029765976708,1,0.0770206260891964,0.3201227104038234,0.7794,0.030837004405286344,
MEPCE,H2BC12,0.62250260478592,22.70836736575694,4654.204263333333,4836.671871999999,0.0301324570312568,0.0195724598321954,0.444458608121016,1,0.0767739567122483,0.2682211232519615,0.7723,0.03404255319148936,
MEPCE,FANCD2,0.7351007184574212,23.8773522315809,825.2174890000001,851.52649,0.0510993085600333,0.0306994267983649,0.7330210269721944,1,0.0761314009535416,0.3040347243386742,0.6373,0.19730941704035873,
MEPCE,PHF6,0.4916060400210136,46.17501314860656,2257.9669596666663,2105.1884759999994,0.0836959272985112,0.0595277201989858,2.748693262894746,1,0.0758598564649187,0.227279992456604,0.6982000000000003,0.10632183908045977,
MEPCE,RPS27,0.0523276986830723,96.86093844721032,1480.8450500000035,1996.1132799999975,0.0235793314478267,0.0227396339095411,2.2025822804241644,1,0.0756182671063272,0.1145787803499369,0.6204999999999999,0.22083333333333333,likely background
MEPCE,KHDRBS1,0.6226952787019426,8.726280486020581,8983.289386666664,7854.082030000001,0.329255621459239,0.2138385801030286,1.8660154287114072,1,0.0752481263889771,0.3605711153021829,0.7837000000000001,0.027649769585253458,
MEPCE,PES1,0.8268070604819859,14.318910466673028,456.63677999999993,491.3001713,0.0897736140585952,0.0506124582762172,0.7247152585553797,1,0.0748210036673102,0.2679001237855412,0.5715999999999999,0.33276740237691,
MEPCE,SNRPA1,0.7620956056744598,18.339947192352184,1030.169148666667,959.0526120000002,0.1061177053142106,0.0625715299518738,1.1475585550620486,1,0.0718917308542729,0.2612816493076864,0.6776000000000001,0.14285714285714285,
MEPCE,EIF4G1,0.6377828828953628,32.41841201520277,2031.0395490000003,-195.77563499999997,0.8535818989944182,0.5486005133259071,17.784757472750993,1,0.0717248686989284,1.314240677956806,0.6588999999999998,0.16546762589928057,
MEPCE,HSP90AA4P,0.8982498905630648,2.2942025505645818,2793.5561519999997,-660.3349611,2.222670959742602,1.19255205404778,2.735955964077448,1,0.0708592493067263,1.2535383243417124,0.6995,0.10434782608695652,
MEPCE,FXR2,0.8363884129161744,10.75643460769438,727.0129187666669,567.521118,0.3464459797837623,0.1940260123132624,2.087028113639312,1,0.0707735528122176,0.4784465413441119,0.5737000000000001,0.3299145299145299,
MEPCE,HNRNPA1L3,0.8662082305686399,7.582925118760966,645.7012126666667,541.1760252,0.0377968781997984,0.0207349815727341,0.1572318126049318,1,0.0707095056424657,0.2579923387528905,0.5777000000000001,0.3217391304347826,
MEPCE,RBM27,0.5481088855518951,27.25015319577225,4635.613931333335,4876.41309,0.0459347491100405,0.0314157262141768,0.856083352092757,1,0.0686173439609034,0.1704257151224636,0.7333000000000004,0.0683453237410072,
MEPCE,HNRNPD,0.6650229327032174,25.653039292232215,1550.4749346666667,1564.3845210000004,0.0645697571795915,0.0407230260078328,1.0446693862775298,1,0.0685638621745766,0.2283763132648278,0.6893,0.1298342541436464,
MEPCE,RPS5,0.3633132223974299,37.30095600633915,7464.305990000001,7422.960940000001,0.0270821926609033,0.0210532438955376,0.7853061243381769,1,0.0665439681232831,0.146448473637671,0.7015000000000002,0.10059171597633136,likely background
MEPCE,SNRPD1,0.5147839579541098,41.83777273198563,1495.0036620000003,1444.383056,0.0665222943344299,0.0465591289241678,1.9479302545285524,1,0.0664918891897914,0.3182905414600371,0.6541000000000002,0.171021377672209,
MEPCE,NPM1,0.6702590005203427,22.53288835141161,2160.8151853333334,1822.9902339999992,0.1482235117771765,0.0931433306710593,2.098788270689592,1,0.0664726909967156,0.2969057434751181,0.7476,0.06692913385826772,
MEPCE,SCO2,0.8026028869360932,13.066429600273617,440.22155756666655,345.8933716,0.149253204899289,0.0855694246241614,1.1180868627875244,1,0.0655766175624976,0.4575285728571763,0.57,0.3367003367003367,
MEPCE,UBL4A,0.6023129693060825,32.91569386417311,1023.2284346666668,1095.3295900000005,0.0132203241331721,0.0087082460884927,0.2866379623427106,1,0.0651828585983756,0.2777190149280014,0.6895999999999998,0.13055555555555556,
MEPCE,FIP1L1,0.765534129490162,16.566609979064584,470.4997153333335,544.6433109,0.2615245527558004,0.1538389429232558,2.548589767001157,1,0.0650520024128111,0.2480440587679679,0.5660999999999999,0.34615384615384615,
MEPCE,SRPRB,0.4993857012532737,45.95224419240552,414.94842526666696,436.05352760000005,0.0331397695168577,0.0234435016279727,1.0772815115336587,1,0.0635067411048247,0.180346451230265,0.5170999999999999,0.4821173104434907,
MEPCE,ARL8A,0.6951738150243492,24.663277502807745,282.8478698333333,203.45468140000003,0.3464004189897512,0.2139503101986907,5.276715872242107,1,0.0634615757191357,0.2747515646070203,0.5776000000000004,0.3223570190641248,
MEPCE,PPP4R2,0.8430354027527923,8.401354737751095,127.43923696666664,145.04100039999997,0.1748662230809317,0.097483117019195,0.8189902470199587,1,0.0632608537548445,0.6282521443893975,0.5702,0.33558178752107926,
MEPCE,SPTAN1,0.6250955365889957,30.296069028482226,796.1136473333333,763.5920410000001,0.0507380571263051,0.0328975944372624,0.9966677919423148,1,0.0628494270222516,0.3516123172139645,0.5504999999999999,0.3905511811023622,
MEPCE,RPL32,0.732691703982188,15.35593692279278,1392.7062579999997,1167.1696779999995,0.2120318008109975,0.1275972853798984,1.95937586581331,1,0.0604864173254297,0.4003148618692764,0.7042999999999999,0.09880239520958084,
MEPCE,PRRC2A,0.6450851292692947,26.29380159633232,919.2043056666668,938.806397,0.1766925182426758,0.1129876468522955,2.9708747691707207,1,0.0601802178548248,0.2687997669868321,0.6745,0.14795918367346939,
MEPCE,SRSF2,0.2341536422479092,40.34228470620853,9884.970049999996,9692.30859,0.0268366232306976,0.0228162512924768,0.9204597055694976,1,0.0600861009988781,0.1491175123388921,0.7026000000000002,0.09850746268656717,likely background
MEPCE,CDAN1,0.8537634040018182,5.007805600380055,299.1585998666668,254.739624,0.2983533446907485,0.1650915785739283,0.8267465317581021,1,0.0595990020427645,0.5149909359244431,0.5777,0.3211805555555556,
MEPCE,HUWE1,0.4181971678298012,50.85789143801539,1074.820963666667,1034.811036,0.0439691194301373,0.0329049417680369,1.6734759562130406,1,0.05933865615849,0.4343636579567597,0.6302000000000002,0.21304347826086956,
MEPCE,RPS19BP1,0.7548984207565218,14.327109076823058,724.7991534,660.9882810000001,0.0521805289539985,0.0309217441530861,0.4430192013268813,1,0.0590507748467857,0.2367268913246644,0.5609999999999999,0.361247947454844,
MEPCE,PSMA7,0.3784562337683612,46.917078425750475,3319.0901700000013,3332.768549999999,0.0439446083364894,0.033805102770089,1.5860366578548204,1,0.0588822987180617,0.2655703208217214,0.6909000000000002,0.12324929971988796,
MEPCE,CSNK1A1,0.8106473427612982,5.858524715854729,966.5391437,1565.875244,0.656087219821271,0.3740545036059314,2.191407554452121,1,0.0586732618329824,0.5017973366619952,0.7157999999999997,0.09061488673139159,
MEPCE,NUDT21,0.1508780019173713,78.54982802201059,1476.611326666667,1580.37695,0.0520167843510218,0.0468520511014326,3.680220556495987,1,0.0581706880974642,0.1461683915217816,0.6439000000000002,0.18493150684931506,likely background
MEPCE,MAZ,0.614048763485235,26.42580020371029,1538.8647463333332,1584.602295,0.0562497658914268,0.0367516176962764,0.9711909064049458,1,0.0578661173738085,0.3144348098525045,0.6896999999999998,0.1309192200557103,
MEPCE,SLIRP,0.4842050665545636,42.14178271643706,1170.1967770000006,1213.3945310000004,0.1156266340362619,0.0826610159880551,3.4834825748885514,1,0.0575273160606016,0.2684671808616963,0.6267999999999998,0.21627408993576017,
MEPCE,RBM39,0.4504280540126217,45.107466590622906,1312.9827476666674,1403.7233890000002,0.0769693093473487,0.0563285293661499,2.5408372564825297,1,0.0570547436542723,0.1533460677296755,0.6239999999999999,0.21518987341772153,likely background
MEPCE,ARF5,0.8052558759651921,8.320942419121215,311.9732359666667,267.3327026,0.8613556583221159,0.492922705399197,4.101581448704168,1,0.0550924322815749,0.9609441766734984,0.6008000000000001,0.26704545454545453,
MEPCE,TRAF2,0.4857894271694445,44.307519211563346,217.78318276666664,142.2494507,0.2480429596559433,0.1771302831633031,7.8482034242077106,1,0.0547016513255786,0.1863674018086081,0.5093999999999999,0.49507735583684953,
MEPCE,TRMT112,0.8183468164883462,6.169557342856899,287.3677673,251.3605652,0.4157876650404237,0.2357909463107457,1.4547257641906384,1,0.0534425875320508,0.7209217798171657,0.5721,0.3333333333333333,
MEPCE,ARHGEF2,0.4761220501653754,43.41588589194004,585.8983149999999,446.7677000000001,0.1702177351145115,0.1223716768172145,5.312874757101553,1,0.0530464237144008,0.1951460769519833,0.49160000000000004,0.5510752688172043,
MEPCE,MYH10,0.3753687973559443,47.09305835010775,2470.352536333334,2655.73437,0.0806825548377619,0.0621993322681339,2.9291567838409707,1,0.0525302611405451,0.1256210370125068,0.6997,0.10495626822157435,likely background
MEPCE,KNOP1,0.7326429812203263,14.626415225969476,450.3689776666667,351.30822750000004,0.153105938802652,0.0921397727817857,1.347674575532878,1,0.0519969839009046,0.250762021643003,0.5622999999999998,0.3586776859504132,
MEPCE,NOP14,0.5969843340151284,28.163305636708927,823.5042320000005,884.4281010000002,0.0355758332144424,0.0235205655551833,0.6624168764788784,1,0.0519447585771696,0.1851544872628412,0.6327,0.2092511013215859,
MEPCE,U2AF1,0.2454538496803237,39.762318605023495,7759.649740000008,9074.37891,0.0418639308653279,0.0353146329544856,1.404191686955722,1,0.0507685324133322,0.1200607290778055,0.7056999999999999,0.09696969696969697,likely background
MEPCE,RBBP4,0.6417204007939333,22.39679330502983,829.0705160000002,797.8728029999997,0.1587873585479156,0.1017751188852714,2.2794363012682632,1,0.049985011468808,0.2873604517918577,0.6289000000000001,0.21382289416846653,
MEPCE,ARGLU1,0.6940941848225373,14.03641465880249,1157.975993333333,1323.547608,0.1036135144681051,0.0640436270377021,0.8989429053548822,1,0.0478969500395032,0.3333316867552957,0.7005000000000001,0.1023391812865497,
MEPCE,EIF3I,-0.1403237292027844,114.82687374898627,-1034.7685546666671,-851.2294899999997,0.064739914573058,0.0713540388013504,8.193361204922933,0,0.0467876221789611,0.393107892993852,0.07149999999999997,1.0,
MEPCE,UPF3B,0.7402275406393851,11.444089889721129,363.2098286999999,366.4871826,0.0842933928147982,0.0504621140848962,0.5774929696129147,1,0.0466380386216946,0.2403042508354012,0.5598,0.36688311688311687,
MEPCE,SNW1,0.594134234445447,27.736931142213997,365.21348063333335,354.9479984000001,0.1058759472711425,0.0701371250379834,1.945388607691399,1,0.0464581812103394,0.2047155454162436,0.5431999999999999,0.403030303030303,
MEPCE,RPL39,0.5934294253786545,14.016934284639262,3590.7529299999997,4349.182617,0.063907590491988,0.0423560317000012,0.5937017128970152,1,0.0446994650290466,0.1806490749425018,0.7579,0.04149377593360996,
MEPCE,MYO1B,0.6137513925654778,23.67050838058861,594.5092776666663,657.991211,0.0928509343621806,0.0606780391001976,1.436280033038911,1,0.0444744941442122,0.3170368616581518,0.5507999999999997,0.3902053712480253,
MEPCE,ELOA,0.5815764820772904,25.889151405505935,995.883586,984.4589849999998,0.1061720550885625,0.0709481637908432,1.8367877543237736,1,0.0443188358125188,0.2289973649860579,0.6675999999999999,0.15233415233415235,
MEPCE,UPF1,0.7563012243635726,8.861104866739712,315.04155480000014,246.10647589999996,0.148103886215956,0.0876798243800612,0.7769401185290435,1,0.0442781749033575,0.5134547294935647,0.5591999999999999,0.36553945249597425,
MEPCE,C1orf131,0.6769849957974049,12.787760194594672,1510.1985676666673,1727.9389640000004,0.1048916153458949,0.0656070786151198,0.8389675883980735,1,0.0439776743714959,0.2355749029446805,0.7067999999999998,0.0975609756097561,
MEPCE,RSRC1,0.4261660935365241,43.32868920562392,898.6581216666664,917.102295,0.0816819385289863,0.0607911684704689,2.634001645103675,1,0.0437547750002491,0.1398848198928688,0.5946999999999999,0.2859778597785978,likely background
MEPCE,TMCO1,0.5842159546542719,27.14290221683787,457.54221616666666,485.49877960000015,0.0995565271371558,0.0664058146789283,1.8024465344596083,1,0.043623164253012,0.3768447637895478,0.5365999999999997,0.43154761904761907,
MEPCE,MRPS17,0.7097780354657586,13.0817037841084,465.55773926666654,395.4110108999999,0.1715567556835222,0.1048928778927029,1.372177557654992,1,0.0433025830223047,0.2459599461536576,0.5608999999999998,0.36065573770491804,
MEPCE,SPAG9,0.6082608116928703,21.282318097294795,1419.4890953333334,1046.114747,0.3107968049542422,0.2038800094030622,4.339039213795425,1,0.0427147722192934,0.3944120951474165,0.7055000000000001,0.0963855421686747,
MEPCE,RPL23,0.1970676414029031,29.305977052914837,12029.755206666654,11528.71875,0.0208187551924063,0.0181608125407942,0.532220355582805,1,0.0426665389876735,0.1283764147555182,0.7084000000000004,0.09815950920245399,likely background
MEPCE,CUSTOS,0.4181454584704173,44.94059432964831,552.5912676666669,568.8983149999999,0.093761209676523,0.0701701050169887,3.153486223637312,1,0.0425877379700096,0.1940419508985969,0.4861999999999999,0.5661375661375662,
MEPCE,RBM42,0.6590724972646317,18.0701495644695,515.1209309666664,531.3823849,0.1289411205932641,0.0816570337032986,1.4755548120095336,1,0.0425269498304522,0.2813209327795071,0.5506999999999997,0.38958990536277605,
MEPCE,ELP2,0.4602864367966836,40.69027052176607,404.6221516666667,382.2396239999998,0.0710455051611496,0.0516392277840867,2.1012141480695896,1,0.0422971582032526,0.2575193889954603,0.4722999999999999,0.5901234567901235,
MEPCE,ATP6AP1,0.6126377985241495,23.56706610459728,228.97066243333336,262.6397094,0.244777288432398,0.1600853559366893,3.7727421657379425,1,0.040999672777495,0.3536812829728636,0.5601999999999999,0.36437908496732024,
MEPCE,TUBB,0.0926503048744413,48.687950581171464,9191.640600000012,9649.468800000002,0.0276214303149587,0.0259035755822679,1.2611920078251029,1,0.0408703992212972,0.1435619816795252,0.6788,0.14173228346456693,likely background
MEPCE,CCDC59,0.6330738543344407,20.55110393148418,384.34094256666697,324.06060809999997,0.2607281357284569,0.1681188768897265,3.455028511805163,1,0.040270586504421,0.2180085639382319,0.5587,0.36378205128205127,
MEPCE,TUBAL3,0.1811978063228255,29.14939901533939,12338.971326666651,11542.75778,0.029907314590324,0.0263775997793872,0.7688911810362863,1,0.0397408969149761,0.2019961072829333,0.7091000000000003,0.09846153846153846,
MEPCE,SRSF9,0.5288111466284564,31.072093160619723,578.700561666667,567.18103,0.014603226250912,0.0101219411260357,0.3145098976344913,1,0.039473418510333,0.200222090937069,0.5095999999999999,0.49577464788732395,
MEPCE,PSMB4,0.361603369521158,43.80658470600969,2134.636230666666,2192.096192000001,0.0265425765429573,0.0206582247408945,0.9049662719877823,1,0.0389078903386725,0.3247076578463755,0.6566,0.16467780429594273,
MEPCE,CLCC1,0.7294022099755201,9.135517476491168,308.9571024666667,353.52960210000003,0.0664428440393733,0.0400754944356586,0.3661103797959842,1,0.0387180160668801,0.5295075531542274,0.5596,0.3667205169628433,
MEPCE,CDC5L,0.6880251064934604,13.639470206213712,236.95003253333329,267.95803829999994,0.1379835355966979,0.0856473183685222,1.1681840471295593,1,0.0378204974080057,0.2544605085154841,0.5611999999999998,0.36019736842105265,
MEPCE,PSMB3,0.1621069713006019,70.42888371745234,869.0135089999985,797.1445320000003,0.0136814132332001,0.0122274467746703,0.8611654270545981,1,0.0378075141106029,0.2532572447512521,0.5674999999999999,0.34563758389261745,
MEPCE,PABPC4,0.5927120884868504,22.728521375903313,623.7382003333332,669.038941,0.0878333872778411,0.0582422834924278,1.3237609853390675,1,0.0374625784188558,0.9839870541240996,0.5374,0.42686567164179107,
MEPCE,SMNDC1,0.5432658089094814,28.75337166224944,516.4222413333334,479.4970700000001,0.2788759358649632,0.1913703789367745,5.50254363071459,1,0.0373647831880204,0.2696041262251043,0.5297,0.44250363901018924,
MEPCE,TCEANC2,0.7081044804199677,9.17944220473604,766.5933026666669,836.518677,0.0934510536416061,0.0572039702461072,0.5251005387555818,1,0.037311235007816,0.2735225528079349,0.5808000000000001,0.31985940246045697,
MEPCE,EIF3A,0.0916366345565688,79.2250986330646,684.5791033333317,318.54589999999916,0.0624162648163628,0.0585755635449362,4.640654799334919,1,0.0371916870521157,0.6963702985854072,0.46379999999999993,0.49363636363636365,
MEPCE,EIF3C,0.3756000402534093,41.09962852125495,1897.5045576666653,2381.268555000001,0.0973780129794728,0.0750580673038666,3.0848586837122713,1,0.0362240258466915,0.8080024775384276,0.6625999999999999,0.1549636803874092,
MEPCE,SNRPD2,0.3248697925075089,50.55668920643072,1080.215983,1087.0795900000005,0.0223807974202097,0.0178683097033597,0.9033625803170068,1,0.0361858823627709,0.2253930311278618,0.6263000000000001,0.21748400852878466,
MEPCE,ZNF593,0.2243151759408408,62.80237879209815,619.7235516666665,621.3149409999996,0.0193054690336192,0.0165256472628531,1.0378499591863046,1,0.0347026405961208,0.1839662383900269,0.4861,0.5653896961690885,
MEPCE,MRPS31,0.5159801700170181,29.836950314384943,620.7993570000003,688.4436029999999,0.0730025307217949,0.0510523155011987,1.5232454010435703,1,0.0343004724705331,0.2584740647895213,0.5117999999999996,0.5014285714285714,
MEPCE,SLC35F6,0.7777357637140604,2.4207033531293836,120.68516536666668,70.0961456,0.6087127014104957,0.3550529320508731,0.8594778231539678,1,0.0340421251579886,0.6130200222014186,0.5617000000000002,0.3613861386138614,
MEPCE,ANGEL2,0.5971202256065795,21.77928028028381,333.77980549999995,324.32391359999997,0.1894598804203499,0.1252474899188658,2.7278001873450006,1,0.0339884757703959,0.3252900134084157,0.5509999999999999,0.39082278481012656,
MEPCE,PPP1R12A,0.7131227429876423,7.50464835098029,651.9779664666668,645.7526859999999,0.1871862173388549,0.1141839811580444,0.8569106259060828,1,0.0336987080125513,0.3074229469269406,0.5589,0.36436597110754415,
MEPCE,VAPB,0.7447901869757092,1.1849133628159916,621.4861653333335,2132.840332,1.1955208703785551,0.7134368984460497,0.8453609144947198,1,0.0333083405187377,1.425697129812712,0.6696999999999997,0.15211970074812967,
MEPCE,DDOST,0.4875552421308757,31.961666451113977,859.2113443333337,720.9431159999999,0.1062828118099801,0.0758049177163051,2.422851495402686,1,0.0330695258221625,0.1903997881389846,0.5347000000000002,0.4349112426035503,
MEPCE,IARS1,0.394338538795927,44.09360859397819,317.15411373333325,311.5605465000001,0.0970912246677335,0.0738712681782985,3.257250785394691,1,0.0330210140398769,0.1394311158304919,0.4810999999999999,0.5837696335078534,likely background
MEPCE,RBMX2,0.6757886403011989,10.862480078866309,701.6668094666668,635.997071,0.1876181494146635,0.1174478078523947,1.2757744731031553,1,0.0320690227460384,0.2288010835302398,0.5604999999999999,0.36333878887070375,
MEPCE,AURKB,0.6081243409845922,18.028223376001016,787.978963,669.831299,0.1849058602090751,0.1213081157275939,2.1869698076588464,1,0.031648392116572,0.3144716289010955,0.5521999999999998,0.38791732909379967,
MEPCE,HNRNPA1,0.3807619407376491,29.872568913466058,4198.368163333331,4472.218749999998,0.048687485842978,0.0373938273813121,1.117049685386502,1,0.0302795431762525,0.1318838834144385,0.6914000000000002,0.12394366197183099,likely background
MEPCE,RRP12,0.6331740213035171,15.14992901141243,535.5644734000001,500.4893799999998,0.1131255656785682,0.07293889693778,1.1050191107780951,1,0.0298335054210531,0.2035132515396301,0.5486999999999997,0.38639876352395675,
MEPCE,EPRS1,0.5983907552430752,18.452137023646053,693.6985679999998,566.7529299999999,0.1368398741152317,0.0903820043107339,1.6677411280134302,1,0.0294277435995794,0.1965852032061932,0.5451,0.3966565349544073,
MEPCE,RPA2,0.1606800407724266,68.65007700094841,323.7566733333333,229.06909199999973,0.0751202471902146,0.067203421024657,4.613520028069863,1,0.0292330500071391,0.1686177997505688,0.5032999999999999,0.5116598079561042,
MEPCE,PPP1R10,0.6047540350171278,14.867166916320668,1293.982340666667,1272.8654780000002,0.108170009474286,0.071131279215972,1.0575206010752674,1,0.0282943081249996,0.1936728433126665,0.6884,0.13150684931506848,
MEPCE,FMR1,0.6982120175004601,6.666309730505703,588.7803952999999,568.7159422,0.0414026103713038,0.0255180591457456,0.1701112859869043,1,0.0276970727111075,0.489921303764164,0.5597999999999999,0.36628849270664504,
MEPCE,TMEM33,0.5806724289275987,16.14335666168551,1416.0213216666657,1508.866455,0.0483894311307415,0.0323559087321759,0.5223329747764611,1,0.0266035861135244,0.1761843960578813,0.6729000000000002,0.14609571788413098,
MEPCE,SLC16A1,0.4068260689930483,37.096076412472144,786.5928546666669,807.9548340000001,0.0208561301731352,0.0157315007324382,0.5835769532533921,1,0.0246282485193264,0.1717182402818022,0.4898999999999999,0.5546666666666666,
MEPCE,NUP50,0.5134688853908211,25.52617344766091,578.6370036666667,704.2451169999999,0.1761928698734349,0.1234303144999954,3.15070361662622,1,0.0242105419289986,0.1991026845689062,0.5172999999999998,0.4828080229226361,
MEPCE,GNB1,0.6221507366608277,11.019766421307216,1197.578817,1200.8696289999998,0.1320080872401607,0.0857664286729674,0.9451260107658072,1,0.0235038595073717,0.3254986915627803,0.6856,0.12834224598930483,
MEPCE,HNRNPM,0.4321136026775649,20.221815171409663,4731.592770000001,4290.12695,0.0422752422580745,0.031333590834724,0.6336220825163659,1,0.023203780362375,0.1467681397474909,0.6892000000000005,0.12947658402203857,likely background
MEPCE,RPSA,0.4414548397063105,34.144662016233085,323.1353760000003,321.56372110000007,0.0672087834587704,0.0494923509650685,1.689899596091054,1,0.0229227204727216,0.1323838648946685,0.4704999999999998,0.5953827460510328,likely background
MEPCE,PTBP1,0.4409825850714343,33.37386351846834,520.5959069999999,479.57202200000006,0.1375556946441954,0.1013287739578842,3.3817326725641585,1,0.0225256853509564,0.3698509831680137,0.47709999999999986,0.5935483870967742,
MEPCE,MCM5,0.1927615217526065,59.413321156535915,1066.5681963333343,889.7426750000004,0.0468755868626526,0.0410131869516094,2.436729648009021,1,0.0224606724410412,0.3016629384957795,0.6085000000000002,0.266,
MEPCE,RBM15,0.2240436586471863,58.38673278338054,370.92903633333344,200.74951199999987,0.1356089498289569,0.1161042746089784,6.77894925660266,1,0.0224213787965353,0.139315226877469,0.5110999999999999,0.5,likely background
MEPCE,LUC7L2,0.2201677952812364,30.921510079971977,7320.326819999995,8638.421869999998,0.0259737061958393,0.0222977243081276,0.6894793069542063,1,0.0219617289869412,0.1893216063637705,0.7012000000000002,0.1,
MEPCE,TUBA1C,0.070925258377376,21.191393432861965,10308.406233333342,20257.9062,0.0813979143123037,0.0774937685580569,1.6422009381089335,1,0.0213169081728553,0.2075895915871984,0.6781000000000003,0.14360313315926893,
MEPCE,CLPTM1L,0.6733472171574497,7.662108669319229,224.45019536666663,222.6513672,0.1077797480457371,0.0675837331517194,0.5178339076867472,1,0.0210255102200453,0.2168038193875127,0.5590999999999999,0.364951768488746,
MEPCE,ECH1,0.4291074549992553,34.0319880446997,453.60384133333355,502.0067139999999,0.1519437082581907,0.1128526422141771,3.840599770645651,1,0.0208871903666851,0.2489884548156848,0.4806999999999999,0.5861618798955613,
MEPCE,SEC61A1,0.579439043292455,12.63833620950537,1894.0625813333331,1580.2951660000003,0.0583528737486755,0.039051401315762,0.4935447392809209,1,0.0208516120099066,0.2431084455012699,0.6884000000000001,0.13186813186813187,
MEPCE,ERH,0.3920344038836895,24.685942931668357,4280.934569999999,4096.282230000001,0.0325751953936093,0.0248242550170881,0.6128101426730203,1,0.0206171798476906,0.1871551378339254,0.6882000000000005,0.13114754098360656,
MEPCE,PRKAR1A,0.6665653543447081,7.885541434225803,322.2698974666665,309.65240470000003,0.0821319684372505,0.0517438574687633,0.4080283320366074,1,0.020584498360642,0.2687558946108369,0.5591999999999999,0.36553945249597425,
MEPCE,SMC1A,0.6157486259618288,9.975878739806731,1124.8925776666665,1506.5373529999997,0.2636624934002807,0.1720649381727572,1.7164989585837684,1,0.020571968238823,0.3501721862519869,0.6895,0.13019390581717452,
MEPCE,PABPC1,0.6048827132999658,2.717789161159197,5296.361656333334,1865.8877000000011,0.0800630057811099,0.0526437606266972,0.1430746420338969,1,0.0200516356551651,0.4563967660116679,0.7413,0.07224334600760456,
MEPCE,TMED10,0.5221664670741013,23.630068564098796,265.16941323333333,261.3129272,0.1300494682602317,0.0905573771976842,2.1398770321662344,1,0.019248425194931,0.3416522864184819,0.5116999999999997,0.5014245014245015,
MEPCE,COX17,0.5476485475826955,16.314099099510557,1415.6885583333342,1516.5471189999998,0.05354902208243,0.0366349729641383,0.5976665794448428,1,0.0189631837120301,0.1913091470631037,0.6484000000000002,0.18329466357308585,
MEPCE,ATP1A1,0.5311219181963763,18.093559214146,1458.2633466666662,1366.8122559999997,0.0686117864276412,0.0474808083112608,0.8590968167153135,1,0.0183970416922285,0.1742441404030613,0.6487000000000002,0.18181818181818182,
MEPCE,CARHSP1,0.6340886668056792,10.504447911563547,383.85835766666673,240.6455078,0.2156113834769582,0.1389295970223126,1.4593787152953974,1,0.0183483356595858,0.2524235081378574,0.5490999999999998,0.38699690402476783,
MEPCE,LIMA1,0.645666651691764,7.30224091210291,855.9738766666669,811.50061,0.1456384284313753,0.0930922935924124,0.6797823548720097,1,0.0182853048564799,0.2468910862156352,0.6232000000000001,0.2175732217573222,
MEPCE,TRAF3IP1,0.6577666476945505,8.200780044166798,134.45971683333332,122.1415101,0.0373492491005941,0.023674299448053,0.1941477224732222,1,0.0176577885576475,0.2246277061334515,0.5475999999999998,0.39076923076923076,
MEPCE,HNRNPC,0.634783100048644,9.700213647135714,331.1032715,321.4573365,0.0567135500524563,0.0365258958550948,0.3543089934474489,1,0.0168730138934806,0.5200510132436086,0.5468999999999999,0.39236641221374047,
MEPCE,ZC3H13,0.6256682203002278,9.891336000437576,540.7265223333336,525.5681157000001,0.2266493283695193,0.1468968048507764,1.4530056541697385,1,0.0166900694722931,0.7638994428883416,0.5490999999999998,0.38699690402476783,
MEPCE,ERBIN,0.6079287790688855,12.000657753629438,417.78723149999985,471.50769090000006,0.1924179347979169,0.1262535507233655,1.515125652411604,1,0.0162612954574543,0.7208265961747332,0.5490999999999998,0.38699690402476783,
MEPCE,GAR1,0.5586665041721789,14.433629750017394,1420.0449219999996,1097.5781260000003,0.2565268844061638,0.1741648298318087,2.5138306692671115,1,0.0159510287365438,0.2647725763519767,0.6552000000000002,0.16666666666666666,
MEPCE,OAT,0.6233343885186071,7.721716157470946,919.174560666667,1074.052979,0.0394386472678419,0.0256025062843288,0.1976952864474534,1,0.0150276840502931,0.2002250408985377,0.6864,0.1293800539083558,
MEPCE,PSMA4,0.2983893963692778,37.99054096869995,2773.4671266666683,2525.499029999999,0.0428287797661589,0.0348269204502877,1.323093548180311,1,0.0146926349124613,0.1997300042657368,0.6747000000000001,0.1483375959079284,
MEPCE,MMTAG2,0.3846675548891775,24.480929934644703,3660.812500000003,3771.0,0.020735748988971,0.0158827822236294,0.388825278783892,1,0.0146627030782249,0.1766488722901966,0.6803000000000003,0.1368421052631579,
MEPCE,GLUD1,0.061163408276879,73.51106262311514,189.6287433333337,127.87011699999948,0.012322950580959,0.0118115488104285,0.8682795042793978,1,0.0146505444038332,0.0447115251766764,0.44580000000000003,0.5586642599277978,likely background
MEPCE,GET4,0.5664018632253873,15.401822780537156,414.7272945666667,440.58837859999994,0.046362663183469,0.0313088674017203,0.482213627180634,1,0.0134142196326192,0.2535766645004459,0.5319999999999999,0.43970588235294117,
MEPCE,MRPS23,0.6305753776204923,7.724976647890653,519.0403033666664,583.9908445000001,0.1742807539325529,0.1125719352005014,0.8696155706317337,1,0.0133150025281359,0.313915246225953,0.5467999999999998,0.39176829268292684,
MEPCE,UQCC1,0.6751646497128082,3.6657580272154986,280.25663253333323,287.80838009999997,0.5240508430656848,0.3281945253330041,1.20308171572764,1,0.0132521664027886,0.5867743952803599,0.5600999999999999,0.36541598694942906,
MEPCE,DHX36,0.4114421923741449,29.511826386732857,1283.5540366666671,1329.5876470000003,0.1094527360691688,0.0822949993945405,2.428675734627965,1,0.0132501369632393,0.1597893915249545,0.6143,0.24229979466119098,likely background
MEPCE,DHX35,0.3505709447866801,37.0886409997532,1100.0939946666672,1083.3940430000002,0.0421463201851306,0.0330545080728559,1.2259467833375977,1,0.013224269145076,0.4127670054746399,0.6080999999999999,0.2689243027888446,
MEPCE,MAP7,-0.0191061147507564,82.35168330563263,-146.6415999999972,-23.661129999998593,0.0331206396477007,0.0335625252736634,2.7639304522740233,0,0.0124115890550174,0.0855413334832611,0.022200000000000008,1.0,likely background
MEPCE,CWF19L2,0.3484092676987124,30.32833956230553,2919.9329433333314,2906.5517600000003,0.0121966570446761,0.0095799354541802,0.290543535439349,1,0.0122669697244938,0.1347928568251357,0.6744000000000001,0.1475826972010178,likely background
MEPCE,PARP1,0.5260929607143742,15.419093433429197,1602.322998,1440.9013680000005,0.1285333125234169,0.0892583705633061,1.3762831554312638,1,0.0122149862688663,0.2432068422488535,0.6693000000000001,0.15099009900990099,
MEPCE,VPS41,0.6686321101863735,4.4206867556444465,156.39908853333338,76.31761159999999,0.8028689570015872,0.5050903569338907,2.2328462513013765,1,0.0119934642271821,0.711004304951432,0.5815999999999999,0.3204225352112676,
MEPCE,DARS2,0.5769959019390081,12.27877289233243,749.5098473333335,739.4006350000002,0.0921620105904425,0.0617819736864517,0.7586068237359997,1,0.0116861046743278,0.1856112129748392,0.5309999999999999,0.44298245614035087,
MEPCE,FLNB,0.4002374506304347,31.568348846094096,711.040121,648.5932620000003,0.0324898069088253,0.0246188035639595,0.7771749790805391,1,0.0100888344377849,0.7345828073139322,0.46739999999999987,0.556407447973713,
MEPCE,TM9SF3,0.4966521740215766,21.27048234294077,542.3219806666666,518.2110599999999,0.0615548393020991,0.0436272740696704,0.927973162769562,1,0.0099987291956049,0.1706425575794103,0.49189999999999984,0.5518169582772544,
MEPCE,IPO8,0.457987274494908,26.08684885453349,431.22351066666647,326.78393499999993,0.1006328812729989,0.0732613912587688,1.9111588406403424,1,0.0098759384535797,0.1508286309753772,0.47009999999999974,0.5908543922984356,likely background
MEPCE,D0JC10,0.2671730408043614,46.84168453499473,526.9123536666666,426.35986300000013,0.0543653197320672,0.0451750306605969,2.1160745350623964,1,0.0093111954755441,0.2020582677201524,0.485,0.5691699604743083,
MEPCE,IKBKG,0.4268139011051433,28.87533465672638,503.0791420000001,438.9527580000002,0.0964235200454379,0.0717302634270407,2.0712353614709413,1,0.0090683653492631,0.2582531884591455,0.4704999999999999,0.5961070559610706,
MEPCE,SRSF3,0.2959913379965517,20.516376972259305,7626.75195333334,5994.828130000002,0.0428623130244357,0.0349121721049307,0.7162712838251555,1,0.0087693614949934,0.1171178109568899,0.6954000000000004,0.1111111111111111,likely background
MEPCE,PSMB6,0.3625034149427878,22.34601538546504,3636.3577466666648,4518.108399999999,0.0707174423242258,0.0550054246078203,1.2291520645703904,1,0.0074223449606835,0.2904830160036464,0.6901000000000005,0.12849162011173185,
MEPCE,P4HA1,0.5806206786431709,10.12603426224257,624.0749106666667,712.0738530000001,0.0889340096867816,0.0594684387668372,0.6021794484750684,1,0.0072855044830871,0.262088474165679,0.5316999999999998,0.4407027818448023,
MEPCE,EI24,0.5431258018646038,13.99646260917529,747.4060466666667,765.8052980000002,0.0263588200509495,0.0180897176346402,0.253192056483781,1,0.0072687057115979,0.1987959364288658,0.5091,0.49719101123595505,
MEPCE,CANX,0.3009174586176088,35.32027328686326,2052.9700533333344,2420.8222680000017,0.0987356326047428,0.0801479202067395,2.830846445075751,1,0.0062443671069763,1.3956588778600467,0.6731999999999999,0.1468354430379747,
MEPCE,DAP3,0.5745525269156698,11.466486938510018,289.99714143333335,273.6534424,0.2012738324509282,0.1351551776326378,1.549755078996643,1,0.0057015509246377,0.2071189667379766,0.5325999999999999,0.43593519882179677,
MEPCE,BAIAP2L1,0.6277757441533179,3.0878838679273946,1109.6211749333331,784.210693,0.8487586779389125,0.5492976091874608,1.6961672261010472,1,0.005664756617256,0.8050916365222646,0.6519000000000003,0.1792452830188679,
MEPCE,KRT19,0.4935939578613657,2.2211927114624666,3340.1643883333336,7394.854977999999,0.6356290796665747,0.4514610167382649,1.0027819198884689,1,0.0055537245800604,0.6207712136463344,0.7145000000000001,0.09235668789808917,
MEPCE,HM13,0.5433831005077611,13.228844783968446,630.9029536666667,657.9324949999998,0.1211701323827286,0.0831426667165324,1.0998814329182276,1,0.0047831925745307,0.3789727906318986,0.5070999999999999,0.49722991689750695,
MEPCE,CBX3,0.6111321926659111,6.953141006289898,193.25951136666657,164.03390509999997,0.3927998989259809,0.2571609901817994,1.7880766260511836,1,0.0039864005609774,0.4058511719719406,0.5498999999999999,0.3887147335423197,
MEPCE,KRT8,0.3479910861157875,29.494428932529484,2054.2662753333343,2089.9575190000005,0.046031663831096,0.0361663207751742,1.0667049778544413,1,0.0037613006777313,0.2561738063227787,0.6524000000000001,0.17966903073286053,
MEPCE,SCAF11,0.5435285909181404,13.48377565141214,408.1315916000001,456.3614503,0.0152723728281299,0.0104783062580835,0.1412871307907862,1,0.0037100583333121,0.1816658013419568,0.5082999999999999,0.497907949790795,
MEPCE,CSRP1,0.5834923293020606,9.719682084406967,200.51311243333333,200.0157470999999,0.209563142289877,0.1398521369291068,1.3593183097758696,1,0.0034404764383826,0.4146805519690363,0.5337,0.43722304283604135,
MEPCE,YIPF4,0.6508290533983664,2.215604355143215,178.5691325333334,38.12506109999998,0.2278961893827689,0.1451512440637566,0.321597728502115,1,0.002804417186358,0.3830798484398411,0.5037999999999998,0.5082417582417582,
MEPCE,XRCC6,0.37516735426293,27.344481679538895,1811.2125646666657,1517.5078119999998,0.0832626289746022,0.0641973115142454,1.7554422085769363,1,0.0025231001122362,0.3742414101581013,0.6295000000000001,0.21428571428571427,
MEPCE,TECR,0.3716552352325981,29.375423919666098,1170.5543619999994,1248.7958980000003,0.0241443207502623,0.018661174533626,0.5481799127641424,1,0.0025065677198581,0.1894474900304455,0.6074999999999999,0.26785714285714285,
MEPCE,NOC4L,0.6080335287008081,5.885758273476357,444.32859296666663,289.77984620000007,0.4264464717180141,0.2797892630789986,1.6467719699970689,1,0.0023923082688561,0.3037895034448876,0.5493,0.3878504672897196,
MEPCE,ANKRD28,0.5197041789939613,15.835100754471917,265.90606690000004,280.2589111000001,0.038792177063675,0.027058307998292,0.4284710333984885,1,0.0017768299597496,0.1870750423806385,0.5084999999999998,0.49860335195530725,
MEPCE,COMMD3,0.6421695666502824,2.205804713568326,356.1051637666668,99.02972439999996,0.1731763866839792,0.110963246540288,0.2447632522514116,1,0.0016136381680727,0.4104801762788509,0.5475999999999999,0.3913713405238829,
MEPCE,PRIM2,0.2116763761454809,50.306688216315514,152.13138830000003,160.34802230000005,0.1566292470807573,0.1352557297730028,6.8042678271606745,1,0.0008194301950786,0.1962509568988275,0.5109999999999999,0.49929078014184397,
MEPCE,SRSF1,0.1995794584740558,48.33359231120191,1125.6471353333336,975.2182619999994,0.0208279853055954,0.0181372584231794,0.8766388542688706,1,0.000595196348673,0.0809332024524078,0.6108999999999998,0.2585858585858586,likely background
MEPCE,RANBP2,0.0762390102148418,64.82196670440857,82.94222033333335,131.34960999999998,0.0395498814579711,0.0375144925860067,2.4317631893429126,1,-0.0009805009338517,0.2496704046295324,0.3671000000000002,0.7643260694108152,
MEPCE,SPIN1,0.1915936639583134,24.81387633405803,7319.901046666651,7923.214849999997,0.0308372725499523,0.0270025216070817,0.6700372318658564,1,-0.0010472956413397,0.0637425384015418,0.6995000000000003,0.10465116279069768,likely background
MEPCE,GTF2F2,0.4958377113846297,15.784633497613124,663.6463216666664,667.2226559999999,0.0550784317749397,0.0390591350687881,0.6165341317945894,1,-0.0010697211487766,0.3488368872074963,0.4914999999999998,0.5503355704697986,
MEPCE,EWSR1,0.0868239043719823,31.066342403446807,7080.835966666651,11168.007899999997,0.046930833756117,0.0441901788777354,1.3728272278852929,1,-0.0013354408419396,0.1438273173535457,0.6681,0.15024630541871922,likely background
MEPCE,RPL12,0.4025878287775729,14.620588563083295,3694.0960300000006,3900.66699,0.0850869596254467,0.0643687801011837,0.9411094501669904,1,-0.0017793884735206,0.1686552604422607,0.6859000000000002,0.128686327077748,
MEPCE,CGGBP1,0.3398349417736122,34.230853129359076,289.7657466666667,307.053222,0.0251877035774912,0.0199017604323996,0.6812542383771607,1,-0.0018188531944849,0.126787507984759,0.4673999999999998,0.5551912568306011,likely background
MEPCE,KARS1,0.5668752668611359,7.476506508960303,568.2579753,698.97876,0.0737060047006051,0.049757590688798,0.3720129506549808,1,-0.0020935062644405,0.2752085090350744,0.5308999999999999,0.44233576642335765,
MEPCE,CIRBP,0.0909085396222872,56.42149345074446,1731.995443333326,1852.9433599999977,0.0258792214989088,0.0242990384455865,1.370988038517049,1,-0.0024758130257925,0.2436234667136398,0.6233,0.2180293501048218,
MEPCE,MARS1,0.2603872679696447,43.04316163574797,234.6877440000003,225.50390599999992,0.0691975060612638,0.0577709740467903,2.486645373750598,1,-0.002534964956548,0.1687224911696388,0.4729999999999999,0.5952677459526775,
MEPCE,PPIG,0.3407180004080484,31.767630765315396,812.4711099999995,817.2172860000001,0.0315454949934291,0.0249100407341248,0.7913329763906448,1,-0.0029137988047088,0.1223660834285888,0.49040000000000006,0.5563002680965148,likely background
MEPCE,POLDIP3,0.4664532926477836,16.690935661838154,967.242757,1180.2590330000005,0.087709358636975,0.0634793755341719,1.0595301728945263,1,-0.0030636612922649,0.1975470424896592,0.6080999999999999,0.2689243027888446,
MEPCE,CHD4,0.3990377230974866,26.744623375684164,345.68745899999976,335.58142,0.0766498398328842,0.0581289155936821,1.5546359547899629,1,-0.0033504299380372,0.1288374702482024,0.4701999999999999,0.5951515151515151,likely background
MEPCE,SEC22B,0.1712538985088302,52.81139969936957,202.85514333333367,161.51342799999998,0.0710504420259153,0.0630983613234616,3.3323127802285732,1,-0.0033706730545681,0.1466886463180786,0.49719999999999986,0.5386702849389416,likely background
MEPCE,MORF4L2,0.3524246399920792,27.94169199973004,1406.8146160000006,1484.388672,0.0419812865475714,0.032882797468514,0.9188009989547232,1,-0.003444643284485,0.2427598517048422,0.6065999999999999,0.2616279069767442,
MEPCE,ARL6IP4,0.0618226916263301,56.46300238060795,3558.88281000001,1531.4375,0.0249761829698402,0.0239287351853363,1.351088231734586,1,-0.0034801991203425,0.0745165988270996,0.6252000000000001,0.21610169491525424,likely background
MEPCE,ABRAXAS2,0.5406215453624831,10.940575392746412,211.2876790666668,268.21929930000005,0.1376838364583293,0.0946548001780884,1.035577977633723,1,-0.0040355048031893,0.2071896985342993,0.5066999999999999,0.5,
MEPCE,EIF3D,0.3284010655417682,30.352504860876884,1474.2918293333323,1400.8110349999995,0.0403527784025187,0.032137961782488,0.9754676412216444,1,-0.0041083803147564,0.7578948949596845,0.6065999999999999,0.2616279069767442,
MEPCE,YWHAZ,0.4763465048901331,15.552565076933435,849.3406173333333,928.5739749999998,0.0272988075444813,0.0196224039613717,0.3051787145751112,1,-0.0045720141372902,0.2286062379865781,0.5597000000000001,0.3656957928802589,
MEPCE,BSG,0.416445869654108,23.113664302170996,714.7715253333336,557.8547370000001,0.1234608166031637,0.0925059571032593,2.1381516384357666,1,-0.0046846395000509,0.2620756442350071,0.47009999999999996,0.5944309927360775,
MEPCE,PSMA6,0.3376148753968676,27.781167085544087,1658.357747666665,1743.6787109999996,0.033810848797033,0.0267563769566851,0.7433233788374708,1,-0.0053989277827573,0.2524337442472368,0.6341000000000002,0.2039911308203991,
MEPCE,PABPC3,0.5837496042362016,4.9107731789712865,305.4001056999999,124.2738647,0.3616793953065959,0.2413240053364965,1.1850874528483908,1,-0.0068310158311495,0.6280431789587664,0.5336999999999998,0.4365781710914454,
MEPCE,SUB1,0.0589969298193921,23.558806206148393,8860.614599999972,13872.6875,0.0405575750588435,0.0389328596361031,0.9172116952181302,1,-0.0069093219834408,0.1179873924754705,0.6633,0.15328467153284672,likely background
MEPCE,COPE,-0.0228814822744618,73.27330614266428,-107.68684900000062,-72.49658199999976,0.0416360241353167,0.0423020755477533,3.099612932080644,0,-0.0082814880339589,0.1722857807409714,0.022000000000000006,1.0,
MEPCE,AIMP1,0.5005661967531103,12.49952334544412,490.9510903333333,526.576904,0.1689130418194021,0.1193935354349621,1.4923622834644197,1,-0.0082898232065092,0.3007061744061611,0.5089999999999997,0.4964936886395512,
MEPCE,DHX15,0.3512897844400509,24.914626715537377,1607.2535806666656,1759.691406,0.0425974286912649,0.033391661305835,0.8319407768465337,1,-0.0084425307111856,0.3943538878498088,0.6324000000000002,0.2087912087912088,
MEPCE,UQCC2,0.4877207180882709,13.577106423629054,535.8720296666665,557.4731449999999,0.1730650899724256,0.1234224047818305,1.675719124783137,1,-0.008776718413382,0.2710206817948722,0.47619999999999996,0.5928297055057619,
MEPCE,KRR1,0.4980252896952232,13.002130575232076,432.59914173333345,337.00952200000006,0.0764109495236321,0.0541050896320542,0.7034814401806049,1,-0.0087810686496111,0.244014442003299,0.49009999999999976,0.5554072096128171,
MEPCE,PRMT3,0.3124638536315097,33.2968116345125,446.74438466666675,423.9477539999998,0.0524683981994498,0.0422513228264865,1.406834337462502,1,-0.009439232493765,0.1715946344402153,0.4698999999999999,0.5906362545018007,
MEPCE,RPL5,0.3571241896013786,27.57148504773914,531.6438803333333,573.2003169999998,0.0363766956081015,0.0284002094787507,0.7830359509960351,1,-0.0101002215890926,0.1504823265117764,0.4667999999999999,0.5522066738428417,likely background
MEPCE,TUBB2B,0.4992227861453777,5.915447889849591,3578.0310873333347,668.2539059999999,0.4210112495101735,0.297862437996969,1.7619897303146248,1,-0.0101624893222638,0.4047015656458441,0.6274000000000003,0.2145922746781116,
MEPCE,BAG6,0.4024811326283633,18.413958275328163,1569.5708009999998,1776.951172,0.0758044183999565,0.0573507249596343,1.0560538564665285,1,-0.0101959253142373,0.2269114820123634,0.6163000000000001,0.2334710743801653,
MEPCE,RBM10,0.2799114352236518,33.39250026882216,1361.0815426666668,1277.0297849999995,0.0278091356523976,0.0229049490199801,0.7648535163070457,1,-0.0102317359971415,0.1489830852480138,0.6073,0.26679841897233203,likely background
MEPCE,KDM1A,0.5275168112733499,8.738920500688849,386.8347169333334,447.1763302999999,0.150463909061551,0.1043847295007853,0.9122098525932728,1,-0.0106247494184577,0.2716582487957303,0.5066999999999999,0.5,
MEPCE,SMC4,0.1842357412400321,46.65010261672109,527.9585776666672,565.588135,0.0769759449376105,0.0677482945147969,3.1604648912231186,1,-0.010753948139178,0.0999760431120229,0.48599999999999993,0.5659630606860159,likely background
MEPCE,RPN1,0.4413914843707905,17.007026861517343,836.4694010000007,712.5317380000001,0.089432939402258,0.0658610464191389,1.1201005855779365,1,-0.0108078113489167,0.2292949117587337,0.5219000000000001,0.46695402298850575,
MEPCE,PRPF19,0.507036000482588,9.660256555386043,688.5026856666668,843.7749019999999,0.0632175314188333,0.0444843802113041,0.4297305255485365,1,-0.010877050428261,0.2738113140260296,0.5289,0.4412191582002903,
MEPCE,STT3A,0.4895581531177375,12.799928731709844,405.00887050000017,409.5009769999999,0.1620039428309325,0.1153870284106532,1.4769457402201407,1,-0.0111105172524036,0.4408222434314879,0.4747,0.593198992443325,
MEPCE,ANXA2,0.5318398629772934,4.116204678406031,991.4942424666674,1986.4907230000003,0.7417660626939715,0.5130624277466406,2.1118699654050777,1,-0.0112658862567634,0.5715480617487224,0.6807999999999997,0.13192612137203166,
MEPCE,SELENOH,0.4647752507698244,14.779872816724282,568.950317,501.1223140000002,0.1228790536201392,0.0890368348573487,1.3159530951952985,1,-0.011835301689793,0.2105889564097978,0.4696999999999998,0.5897129186602871,
MEPCE,CDIPT,0.3529011271124623,27.274189879306057,327.96875,341.5447999999999,0.029556899053103,0.0231434683481154,0.6312193501922111,1,-0.0134785863276122,0.1994219224434548,0.46739999999999987,0.556407447973713,
MEPCE,NOC2L,0.5378692627552131,7.069834557059349,180.19030759999993,180.0592651,0.118211233737112,0.0814229737054817,0.5756469532415495,1,-0.0135863186062692,0.3711838449289649,0.5071999999999999,0.49791955617198336,
MEPCE,NT5DC2,0.4024741196271993,18.11473237667245,1399.1730146666669,1233.34375,0.0730224432218055,0.0552462574504704,1.0007711685280178,1,-0.0136288830869589,0.1299402483565807,0.6065999999999999,0.2616279069767442,likely background
MEPCE,SNRPA,0.4574341124880491,15.356181502981086,372.3254395333331,351.56567400000006,0.0675416139495253,0.0491895906196301,0.7553642816123759,1,-0.0137273594402164,0.1507726505820841,0.46729999999999977,0.5549510337323177,likely background
MEPCE,GNG5,0.5204482837641428,8.747475319358788,238.25827030000016,232.61895749999996,0.3073707923644612,0.214286632401924,1.87446702820434,1,-0.0137465081056966,0.3847089967532168,0.5096999999999997,0.49647390691114246,
MEPCE,FECH,0.4928317049348968,11.56370159637908,244.0050252333334,262.623291,0.1029900330862806,0.0731882154541353,0.8463266838831214,1,-0.0142078575593547,0.1623493050188334,0.49009999999999976,0.5554072096128171,
MEPCE,MRPL34,0.4238146115343174,18.21153014185986,478.3721516666667,597.7648919999999,0.1039608696047345,0.077498309716515,1.4113628033455052,1,-0.0143304700588293,0.1718647544634564,0.4688999999999999,0.5765661252900232,
MEPCE,PLD3,0.2361720790524443,40.2467119563028,211.5276283333335,231.06005800000003,0.0048077897370613,0.0040818239849351,0.1642799941780111,1,-0.0145808837174988,0.0710782169027182,0.4674999999999998,0.5607064017660044,likely background
MEPCE,UBAP2,0.3328169153894043,29.08217933789511,239.81003843333315,237.81530809999992,0.057886921055578,0.0459616936990577,1.3366662188294025,1,-0.0151881469139068,0.1144458811281625,0.4694999999999998,0.5913978494623656,likely background
MEPCE,POLR3A,0.4581210459380484,14.240289902081178,411.2705890666666,436.98449700000015,0.0239397476832489,0.0174266758758935,0.2481609165023279,1,-0.0155012657211698,0.1708905860292048,0.46709999999999974,0.5536294691224268,
MEPCE,TPR,0.4094835398625858,20.521326825652668,190.04608156666663,191.7213135000001,0.0364070725342738,0.0274108309100591,0.5625066196680266,1,-0.0155119536135706,0.1629350199003217,0.4663999999999999,0.5385416666666667,
MEPCE,CCT5,0.018162878677771,63.057135033869336,484.0,603.0195299999978,0.0008320393484529,0.0008216381245197,0.0518101461668157,1,-0.0155420293025118,0.1226019748823081,0.39959999999999996,0.6610455311973018,likely background
MEPCE,AAAS,0.3757372101161451,23.501130508425103,400.3380536666669,373.6622320000002,0.0667915635810771,0.0514774217126307,1.2097776059057717,1,-0.0157116098907809,0.1967951701906775,0.46779999999999977,0.5623608017817372,
MEPCE,CSE1L,0.2393319505168301,31.579716005287978,2311.93815,2442.3173799999986,0.0153033964150015,0.0129641907158982,0.4094054610464581,1,-0.0157739439811849,0.2872304914631921,0.6693999999999999,0.1513647642679901,
MEPCE,APLP2,0.5069735619695941,8.6842891479397,436.8617147000002,370.6019289999999,0.0939806760927637,0.0661343930207529,0.5743301916157041,1,-0.0158436711180176,0.2414988256977435,0.5068999999999998,0.4972375690607735,
MEPCE,OGT,0.4407239437917755,16.38834993420796,261.6457317333334,305.5507817,0.2653942692129359,0.1955345983211813,3.204489421532312,1,-0.0161678724984323,0.1972042600318564,0.47559999999999986,0.5943877551020408,
MEPCE,SLC38A2,0.5604595649202312,3.4637351508183136,146.99328616666662,151.2041931,0.04669102123399,0.0316607484696703,0.1096644473756142,1,-0.0161703025267721,0.5032012258477889,0.5087999999999999,0.4965034965034965,
MEPCE,EIF3F,0.2386972520101545,35.402211650128635,1341.1424153333346,1199.9052730000003,0.0255317763061939,0.0216386259028909,0.7660552140321016,1,-0.0162739145819559,0.808331117472178,0.6071,0.265748031496063,
MEPCE,BCKDK,0.4453246782397945,14.94774802252518,513.7503253333334,493.0848389999999,0.0222514109749128,0.0163419793977091,0.2442757902262538,1,-0.0164554482336372,0.3325529209872686,0.46689999999999976,0.552319309600863,
MEPCE,CCT4,0.1222014026499817,30.662099734774458,6259.658859999981,6063.281259999989,0.0713674272736995,0.0655718963453527,2.0105720255394974,1,-0.0166292131256477,0.1781434111007365,0.6980000000000003,0.10601719197707736,
MEPCE,PSMB7,0.3792301449554386,17.736924483813905,1783.7700193333349,1688.105469,0.0887714093094338,0.0682522235940777,1.210584535740538,1,-0.0168249745663752,0.2503384368435559,0.6349,0.2026726057906459,
MEPCE,HTATSF1,0.2099283267531773,41.54581806912605,305.826538,362.8781740000002,0.0876393244270881,0.0757718782316459,3.1480046677679345,1,-0.0172616304779167,0.1255291966923234,0.47659999999999975,0.5951156812339332,likely background
MEPCE,SREK1,0.4856060440331303,9.160136253063794,713.5126949999999,783.3070060000002,0.0820085003960886,0.0585706423329679,0.5365150641994525,1,-0.0173171060681713,0.1783497502284835,0.47089999999999976,0.5939024390243902,
MEPCE,PRPF38B,0.2702933108866354,26.322364472645724,2452.765950000001,2898.900389999999,0.0557200357347311,0.0462007039699718,1.2161117687904095,1,-0.0173405258956264,0.1096881391184951,0.6754000000000001,0.14358974358974358,likely background
MEPCE,HMGB1,-0.037938236964175,72.55717190446862,-479.463539999997,-685.7402299999994,0.0054680574591641,0.0056138147277087,0.4073225202381989,0,-0.0173519797735463,0.1122872615859096,0.01720000000000001,1.0,likely background
MEPCE,RARS1,0.0210473286950666,63.43459838565165,20.619710333333387,130.9388429999999,0.1164951784064616,0.114809110874606,7.282869839344386,1,-0.017682457529747,0.3202398997994456,0.34120000000000006,0.819632881085395,
MEPCE,EFTUD2,0.2158429063828188,39.97926047281024,579.4829910000003,456.3007809999999,0.0315829079145552,0.027194474082838,1.087214962778868,1,-0.0177824899383191,0.1594847460644294,0.46709999999999985,0.5554347826086956,likely background
MEPCE,COPB1,0.1256454576225669,48.44587462244696,916.6901040000012,886.5253900000007,0.0147053661473451,0.0134789720140226,0.6530005882308116,1,-0.0183316815544795,0.1834112604831081,0.5960999999999995,0.28677839851024206,
MEPCE,EIF3L,0.2751745281535008,31.30293994099166,1059.7379556666665,945.4448240000002,0.0278072605136127,0.0229787292162658,0.7193017805770796,1,-0.0184058908657986,0.7486113109379644,0.5828999999999998,0.32035398230088497,
MEPCE,RBBP7,0.1473634280749151,44.54042278849483,1110.8343099999984,1373.6376999999993,0.0739147140443487,0.0667381264113413,2.972544366473158,1,-0.0188799290602062,0.0811500400722228,0.6279,0.2129032258064516,likely background
MEPCE,TRA2B,0.4254711689138691,16.457621107158566,348.45225013333334,348.82794219999994,0.0614352609466225,0.0457447603674331,0.7528499337649787,1,-0.0192194228207037,0.1371322708603562,0.4668999999999998,0.5529157667386609,likely background
MEPCE,PCBP2,0.4039624110985631,17.248227843517544,780.0134273333333,760.4985350000002,0.056371738032076,0.0426049347475128,0.7348596217832998,1,-0.0194336185421557,0.160563888623744,0.4666999999999998,0.5456475583864119,likely background
MEPCE,PNO1,0.4444513873417803,13.800749355716832,505.1346839999999,412.8767090000001,0.1726737820694871,0.1268926285361041,1.751213361514855,1,-0.019506812696982,0.2884132925906716,0.46909999999999985,0.5828437132784959,
MEPCE,SARNP,0.1827124053390668,42.25435491949168,493.5362956666668,614.6459960000002,0.0412043061322158,0.0363031672866672,1.5339669152325184,1,-0.0206286150506289,0.1171804355541978,0.4691999999999999,0.5842167255594818,likely background
MEPCE,TCOF1,0.3899283343023769,16.42843659236228,1166.2720540000014,1302.8198240000006,0.0184118657825489,0.0140514450695764,0.2308432743565975,1,-0.021002631628484,0.1560941889410066,0.6063999999999998,0.26011560693641617,likely background
MEPCE,SCAMP2,0.5047188018670687,6.903860392481143,321.66292280000005,200.8699337999999,0.0947893614062526,0.0668077983184553,0.4612317127196518,1,-0.0213774062517861,0.2543382303453675,0.5072999999999999,0.4986111111111111,
MEPCE,GAPVD1,0.1902013758366234,42.05719259822662,299.687907,251.05078099999992,0.2160535300265782,0.1893689859974671,7.964327916226354,1,-0.0214100868944649,0.2762734395058361,0.49600000000000016,0.5399188092016238,
MEPCE,EEF1A1,0.069149930966834,40.37829897540163,5433.526033333328,3508.9217999999964,0.0283912869052684,0.0270628178665269,1.0927505509314654,1,-0.0215862951537205,0.1555776781110336,0.6344,0.20222222222222222,likely background
MEPCE,PRSS1,0.0522598651684511,52.55275876348162,1316.072920000006,1935.8789099999997,0.0382976435944712,0.036935540158295,1.9410645317377664,1,-0.021622273753895,0.0734322206595056,0.6065999999999999,0.2616279069767442,likely background
MEPCE,PSMF1,0.288077898887207,31.65337393377419,111.58030196666658,72.21258550000005,0.1651292009458761,0.1352406805627591,4.280823832911123,1,-0.0216391583689874,0.5874116884800967,0.4815999999999999,0.5813648293963255,
MEPCE,AP3D1,0.13325179149916,48.169506808030015,286.7631020000008,275.12768600000027,0.0412089558366777,0.0375735979514887,1.8099016823264176,1,-0.0219431947472747,0.0870706134876905,0.4825,0.5755584756898817,likely background
MEPCE,KHDRBS3,0.1718259226953844,42.87543991929387,424.8304036666659,593.9960939999996,0.0670496803760414,0.0595217663180686,2.5520219156606028,1,-0.0222806513450485,0.1509389981856327,0.4733999999999999,0.5917602996254682,likely background
MEPCE,RPL37A,0.4947936396698107,7.613748851378358,243.49391683333317,224.1668701,0.3165423130055921,0.2246400185446831,1.7103526831681943,1,-0.0224695142136027,0.2484188139553072,0.49329999999999985,0.5492577597840755,
MEPCE,TXNDC9,0.386457664073465,18.471342778055167,499.2217203333332,439.9545900000003,0.0943338657876508,0.0721664937847265,1.333012043788071,1,-0.0233894482061691,0.1296436306168938,0.4683999999999998,0.5725714285714286,likely background
MEPCE,PINX1,0.4458765542664098,12.525911567582131,300.2875364999999,236.63269030000004,0.203147123897638,0.1491391450764747,1.868103742492725,1,-0.0234254559258411,0.225532983496795,0.46759999999999985,0.5609756097560976,
MEPCE,VPS33A,0.5215993521739634,2.801794237657635,439.23120126666674,757.2072752000001,0.07764691783422,0.0540891548796928,0.1515466824616946,1,-0.0235658322791548,0.4905065351543604,0.5072999999999999,0.4986111111111111,
MEPCE,COPS7B,0.4332739612404382,13.19261615915357,423.665446,489.7144780000001,0.124144566972687,0.0919395715602201,1.2129234774310165,1,-0.0235751811558103,0.3594186413764254,0.4661999999999998,0.5391752577319587,
MEPCE,DDX23,0.3886808104908724,17.75039158250408,554.3199056666667,582.648682,0.0747991572427951,0.0571341064091681,1.01415276147919,1,-0.0236447869455838,0.282731946176679,0.4666999999999998,0.5456475583864119,
MEPCE,EIF3K,0.2950982048069081,27.32677474834164,959.466389666667,583.1391600000006,0.1234649470285869,0.1006268325856538,2.7498067877072483,1,-0.0240011355936481,0.6844863228256224,0.5581,0.3632,
MEPCE,ZNF638,0.3267819245386887,22.25757423865381,1053.1394040000005,1318.3137210000004,0.056455346189291,0.0450129396516803,1.0018788459973196,1,-0.0240900959574082,0.1370486553331823,0.6063999999999999,0.2606177606177606,likely background
MEPCE,AMD1,0.2353168943476554,30.699073631951215,1571.908531000001,1772.8779330000016,0.0389971608668808,0.0331283065055186,1.0170083207147658,1,-0.0241894372723713,0.1139721955794566,0.6161,0.23251028806584362,likely background
MEPCE,HDAC2,0.3035759949338145,27.80437981805728,303.72387700000013,295.98107900000014,0.0666744274842919,0.0540228303158529,1.5020712929484352,1,-0.0246071422688123,0.1326178656177921,0.47009999999999985,0.591566265060241,likely background
MEPCE,PUF60,0.341436858791072,17.27040517984288,1876.4306640000004,2140.0273429999997,0.0372080041399264,0.0293668298130971,0.5071770497196777,1,-0.0249228840157571,0.1227508555398545,0.6425000000000002,0.1832579185520362,likely background
MEPCE,RRP36,0.4719597330698813,8.679852843567053,241.77821859999997,298.89080809999996,0.0734812021850498,0.0529791941080968,0.4598516086290556,1,-0.0254280029070091,0.2670928368422495,0.4674999999999997,0.5600882028665931,
MEPCE,RAD51AP1,0.221802519827153,36.62415528426536,169.21598316666655,204.977539,0.1322817572384527,0.1134317070662621,4.154340453754084,1,-0.0262243398217141,0.3036287623663335,0.48009999999999986,0.5893089960886571,
MEPCE,BCLAF1,0.2047647221333599,35.62962061723919,905.4856769999996,917.5327150000004,0.0539479061387683,0.0468099350047957,1.6678202253384975,1,-0.0268594332987475,0.1855239629750458,0.5860999999999997,0.3094812164579606,
MEPCE,CUL4B,0.3234217808004819,23.566210234069953,464.8829343333332,562.774658,0.1368051533695189,0.1093317427474588,2.5765348348438684,1,-0.0273187729247401,0.2349506656012552,0.47169999999999995,0.5948275862068966,
MEPCE,PRKDC,0.0961343954344367,49.73552959475949,241.11173499999995,386.69677699999966,0.1082261698683753,0.101250462423429,5.035745370343537,1,-0.0273234020148358,0.1977828252957681,0.4989999999999999,0.532608695652174,
MEPCE,RAB11B,0.3621611018599697,18.51073683816219,873.8936359999993,458.01586899999984,0.216215646559593,0.1682167130416743,3.11381530689508,1,-0.027665876428526,0.2174632681736467,0.5566,0.3722044728434505,
MEPCE,PHF3,0.51791641586094,3.1173701335118995,54.617487569999966,46.65444939999999,1.214118504734983,0.8479216709478006,2.643285692570178,1,-0.0280518179567944,0.7276366557203623,0.43270000000000003,0.5835567470956211,
MEPCE,SUMO1,0.3515264795977941,20.76009843851375,209.5540567666667,351.2000729,0.2068267582068034,0.1621026498034365,3.365266967063264,1,-0.0284080894645437,0.2978545466293978,0.4753999999999998,0.5928753180661578,
MEPCE,LARP1B,0.4949962696283689,4.954859269940733,166.67022703333328,211.6156922,0.1696779057357091,0.1203981051417371,0.5965556673448351,1,-0.0285541063575246,0.3206043875826775,0.4903999999999998,0.5568942436412316,
MEPCE,EIF2S3,0.3799030656835145,15.840313425524592,808.4365236666663,672.5219729999999,0.0604693356584001,0.0464703899260338,0.7361055414347174,1,-0.0285806945248896,0.2179713114258105,0.46789999999999987,0.5693348365276212,
MEPCE,ELP3,0.3741147863434611,15.867950375086068,757.6979980000006,1042.9841310000002,0.1391700040133906,0.1073814386581366,1.7039233398326614,1,-0.028695429436136,0.1871366935190462,0.5291999999999998,0.4418604651162791,
MEPCE,TMA16,0.3958433246962262,14.149571611822523,583.9835203333337,607.469726,0.0431689869077843,0.0328106204703727,0.4642562239738685,1,-0.0295165748967208,0.1354346117246842,0.46569999999999984,0.536734693877551,likely background
MEPCE,TBC1D10B,0.2743006502367666,26.29610700575973,996.2825523333332,962.0839850000002,0.0443778763178471,0.0366941965473868,0.9649145189004626,1,-0.0296916439394649,0.1458902737091466,0.5970999999999999,0.2766355140186916,likely background
MEPCE,SLU7,0.3462426340769162,5.006203817658315,4316.967773333332,4852.289059999999,0.0935583785026351,0.0735964191134828,0.3684386743318994,1,-0.0302490411936337,0.1768123742260627,0.6874000000000001,0.13008130081300814,
MEPCE,CSNK2A1,0.3562037091019592,16.480734130929445,1121.6328933333343,1048.155761,0.0858851592721307,0.0670955190860205,1.1057834114334064,1,-0.0302629643794123,0.191169047054539,0.6067999999999999,0.26418786692759294,
MEPCE,NSA2,0.4375022651191461,10.717363002420202,129.07389323333337,170.23825070000004,0.269634765908386,0.1991029936723437,2.1338590580550796,1,-0.0303316030284586,0.258060647443073,0.4694,0.5899880810488677,
MEPCE,WDR77,-0.0070419324757065,66.34043873455252,-1430.2499666667427,-1562.7187000000267,0.0270668719784099,0.0271995842566181,1.8044323529814752,0,-0.0305084157527022,0.0749063151337465,0.01900000000000001,1.0,likely background
MEPCE,CCT8,0.0271349859224266,53.224033514667674,1021.4674499999963,1039.4492200000022,0.0700041191287504,0.068700423229033,3.656513628413906,1,-0.0309189959539315,0.1265325040002336,0.5754000000000001,0.32358003442340794,likely background
MEPCE,FUS,0.0216682287347667,42.725875675958385,2652.265600000014,5573.234399999987,0.0443601624014559,0.0436993139453372,1.867091454753152,1,-0.0310547895542415,0.1129797557969203,0.6133000000000001,0.25,likely background
MEPCE,CDK11B,0.2894677464350664,24.428400933270925,788.3911943333333,894.2770989999999,0.0150624884299567,0.0123242870557762,0.3010626254152236,1,-0.031145638342957,0.0892972355236468,0.5012000000000001,0.53077975376197,likely background
MEPCE,SACM1L,0.3627937149527286,17.909832502247024,346.2948406666667,315.4940190000002,0.153154958516723,0.1191029857809945,2.1331145258551207,1,-0.0314592176856696,0.152981012033093,0.4699999999999999,0.5901442307692307,likely background
MEPCE,FASN,0.0814301888781502,43.618411802463434,1321.7291700000023,2515.179689999997,0.0686424954078955,0.0648760259061225,2.8297892140805394,1,-0.0316793976137014,0.1078394771799889,0.6094000000000004,0.2625250501002004,likely background
MEPCE,CLINT1,0.487468871805214,4.558524288284665,108.29057313333334,134.9369812,0.3714270194375713,0.2649316465546957,1.2076973455548288,1,-0.03177667698777,0.2834962784195249,0.47489999999999993,0.5896464646464646,
MEPCE,PSMA5,0.2667911967688519,25.830715344016337,1162.473632666667,971.7158200000003,0.0307414974424799,0.025551504410145,0.6600136370298356,1,-0.0318365739698306,0.1946230168462192,0.5969999999999999,0.27611940298507465,
MEPCE,TUBB3,0.3393141804209576,16.73646975735386,1204.3808593333342,1410.728516,0.1203248678414918,0.0951075687404382,1.5917649479197986,1,-0.0320866087449108,0.2452161185029338,0.6103999999999999,0.2600806451612903,
MEPCE,ELOC,0.4822238910930294,4.305254956284647,427.37080893333336,103.02307100000009,0.2494403227821382,0.1785689368643974,0.7687848004739273,1,-0.0324647808804552,0.436305319056158,0.46949999999999975,0.5906921241050119,
MEPCE,CALR,-0.2122744149672534,83.41506793177106,-173.8898923333336,-152.21240199999988,0.0485702828579693,0.0562699630897817,4.693762793652395,0,-0.0329115062846648,0.0889235350745203,0.026099999999999984,1.0,likely background
MEPCE,CCT6A,0.1347823114346757,31.6971481379183,3775.5599,3012.5781300000017,0.0606204264257722,0.0552140270908355,1.7501271959892473,1,-0.0329690268514379,0.158458289827937,0.6785,0.14136125654450263,likely background
MEPCE,SRSF11,0.148656514639731,38.50290325633193,1047.7623683333331,1007.4716750000008,0.0365184451309717,0.0329432260115646,1.2684098440747529,1,-0.0333606782894421,0.0883072322366178,0.5994999999999999,0.2684310018903592,likely background
MEPCE,NUFIP2,0.4010056431612602,12.224182646751704,436.99605299999985,448.372314,0.1085577961210845,0.0822147196076542,1.0050077487354436,1,-0.0336443557477669,0.4022176856841433,0.46509999999999985,0.49675625579240035,
MEPCE,PAXBP1,0.317496928763005,21.360433063654995,449.03214533333335,525.0944830000001,0.1081340139872775,0.0867740185819304,1.85353061558368,1,-0.0337659623976518,0.1176694449026597,0.4688999999999999,0.5765661252900232,likely background
MEPCE,FL0,0.1926605538633702,28.042500060531424,2398.874996666669,2505.896479999999,0.0705018881209043,0.0616890301374162,1.729914631362621,1,-0.0342370968116697,0.0769645711702578,0.6743999999999999,0.14720812182741116,likely background
MEPCE,PRPF8,0.3691717519295809,11.906892307994298,1272.163411333334,1453.4677730000003,0.0639755527098025,0.0495319742149974,0.589771882780325,1,-0.0348843334257578,0.1767804883768289,0.604,0.2633587786259542,
MEPCE,PSMA3,0.2741307800961446,23.14228614088502,1215.475260666666,1078.9716800000006,0.0595335196071895,0.0492315560415981,1.1393307570756803,1,-0.0352696949373528,0.2484836029375759,0.6067999999999999,0.26418786692759294,
MEPCE,SRSF6,0.3654343610659186,15.352353322149568,434.7438156666667,417.49731499999984,0.1671303583293137,0.129733463118523,1.9917139635016252,1,-0.035631653614563,0.1543071258061379,0.46899999999999986,0.5801169590643275,likely background
MEPCE,MRPS12,0.3442879628517896,16.232280630907937,972.1700846666672,697.4277349999998,0.0999524421160264,0.0787328235504881,1.2780132867352805,1,-0.0356547180696695,0.23476650613384,0.5495,0.3890625,
MEPCE,REEP4,0.4228566201757307,9.297360034424662,265.9509076666667,365.5796513,0.2979468051543822,0.2222539283962049,2.0663747913647565,1,-0.0356860817770195,0.2281647428799608,0.4684,0.5738831615120275,
MEPCE,EIF4G3,0.4719915726056087,2.574954257803164,796.0153196333331,506.827636,0.2316282624311007,0.1669979190213029,0.4300120026281721,1,-0.0356942907101493,1.1211737206100458,0.4688999999999999,0.5765661252900232,
MEPCE,RBIS,0.2574783695557158,27.02252942504926,556.5017903333328,510.126221,0.0534138295170741,0.0446836495027144,1.2074652335056888,1,-0.0356998044565739,0.1882554033714254,0.46879999999999983,0.5745664739884393,
MEPCE,ARL1,0.2303643463550867,29.91121372798294,479.1108396666664,670.153076,0.1434296754983508,0.1222633073389317,3.6570439169048536,1,-0.0357066401732311,0.1706263440506393,0.47869999999999985,0.5940337224383917,
MEPCE,C11orf98,0.3519557819019769,16.080402766390684,569.3221436666663,621.0200199999999,0.056011424187518,0.0438864822220057,0.7057123101298962,1,-0.0360089327545869,0.148682764520903,0.46649999999999986,0.5424973767051416,likely background
MEPCE,EIF2S1,0.2346111848069726,28.981621147712502,590.4702143333338,671.4331050000005,0.0935486905265732,0.0795090198886782,2.3043002922396125,1,-0.0362480787882216,0.186263784186184,0.47200000000000003,0.593094944512947,
MEPCE,SURF4,0.08648737941563,45.344468269529834,589.8193379999993,715.4316440000002,0.0129587810865851,0.0122048641063067,0.5534230732023521,1,-0.0365654156270905,0.0563143811637474,0.43529999999999985,0.5815412186379928,likely background
MEPCE,PRAF2,0.3293760267284495,19.661803484569717,193.6761270333335,197.0729981000001,0.0818335053626582,0.0651302203198192,1.2805775928350152,1,-0.0368488855287155,0.1466381968827099,0.4686999999999998,0.5755478662053056,likely background
MEPCE,CSRP2,0.3026445377887655,17.50220310641916,1640.2801106666666,1606.0083009999998,0.0330613669992053,0.0268052118380205,0.4691502618996264,1,-0.0368671780152228,0.2712799801863827,0.6239000000000001,0.21473684210526317,
MEPCE,EEF1E1,0.3819602685233136,13.073168562628991,323.39506016666655,258.57031299999994,0.1125271790141171,0.0863533651136985,1.1289120980816276,1,-0.0376203284504954,0.2217062167308213,0.4652999999999997,0.5154440154440154,
MEPCE,ALG13,0.431911217523531,7.755069109184357,184.07383216666665,111.32519530000002,0.1788351016713181,0.1325677097236368,1.0280717505530947,1,-0.0381441802884353,0.269030522088005,0.4654999999999998,0.5200783545543585,
MEPCE,CPSF6,0.1622773410808292,35.605598027349494,957.1225586666678,600.6435549999997,0.0584883834317329,0.0522664678545372,1.8609788447380389,1,-0.0382790506284398,0.1072602040253817,0.5512000000000001,0.3898573692551506,likely background
MEPCE,GPX1,0.3780858105677732,11.399372320749952,808.186767666667,762.5546879999997,0.0659632671183594,0.0507563437078998,0.5785904595663044,1,-0.0383311533029981,0.2173427149151765,0.4662999999999998,0.5382231404958677,
MEPCE,CNIH4,0.2798684861653826,22.102605343652815,765.5209960000002,928.0625,0.1438271853350104,0.1184665522950049,2.6184194517997015,1,-0.0384992746623369,0.1244105494122013,0.5101,0.4971751412429379,likely background
MEPCE,GPS1,0.1193339279261234,42.08570385846914,234.93172200000072,322.56591800000024,0.0842115605486977,0.0775269362883006,3.262775681683826,1,-0.0385809647455443,0.1412039747116724,0.47679999999999984,0.595360824742268,likely background
MEPCE,MCTS1,0.1382045455859109,40.30460003595852,130.1497396666664,172.1439210000001,0.0667996532166062,0.0606980082542073,2.4464089456651363,1,-0.0388568757773837,0.106637897608994,0.47279999999999994,0.5937888198757764,likely background
MEPCE,PRPF40A,0.3898959340820597,10.462163807573004,522.7196043333336,702.094971,0.119007856475108,0.0908256628504533,0.9502329626728406,1,-0.0388579258655955,0.1491147633566372,0.46509999999999985,0.49675625579240035,likely background
MEPCE,IKBKB,0.3884437403940681,12.180115709195588,210.54166666666663,147.59790039999996,0.0542934917315878,0.0414780063068587,0.505206916204284,1,-0.0388602916399327,0.1923713072336933,0.46539999999999987,0.5179786200194364,
MEPCE,TUBB4B,0.1428534357076624,24.950399951917404,4941.8750033333345,3471.195319999999,0.1212517110175385,0.109821820881105,2.740098354431406,1,-0.0392793129854862,0.2053282810083509,0.6862,0.12903225806451613,
MEPCE,SEPTIN7,0.1503339972754964,37.773094564370545,390.5157873333337,337.8652340000003,0.0742681932983445,0.0669193524344963,2.5277510276946713,1,-0.0397352216308265,0.1123368564580284,0.4727999999999999,0.5930521091811415,likely background
MEPCE,EIF3H,0.35987613192223,11.581472428072829,973.2288413333332,1172.284424,0.0333670821499107,0.0260008834365549,0.3011285146259969,1,-0.0401278246815998,0.7941592805923602,0.6038,0.2623574144486692,
MEPCE,YWHAB,0.4493267519192457,3.6956010843981018,353.8821820666668,552.070862,0.1705141824135799,0.1248828661534712,0.4615172555795114,1,-0.0403507621963695,0.4359100475848412,0.46549999999999975,0.5180487804878049,
MEPCE,AKAP12,0.366958180034214,13.411648598503811,280.55546056666674,303.23364259999994,0.0922266956227964,0.0715145807400454,0.9591284265548184,1,-0.0405333832564363,0.2998512511750527,0.46599999999999964,0.5368852459016393,
MEPCE,MYL12B,0.0832305885767247,41.61149605089044,1039.1959599999973,1317.0683600000011,0.0146652660201541,0.0138432843936519,0.5760397738777999,1,-0.0413649556639333,0.0821963804123873,0.5670999999999999,0.34505862646566166,likely background
MEPCE,KRT18,0.308848634550912,18.136744360025578,734.8262533333332,591.3583979999999,0.1316263200593242,0.1062609128786203,1.9272270123424855,1,-0.0414925740843625,0.2185126682813859,0.4688999999999999,0.5765661252900232,
MEPCE,KIF11,0.1007031249764592,42.240153589147674,522.4143879999983,347.1259769999997,0.0379088448883878,0.0353532985053651,1.4933287587496082,1,-0.041547815405705,0.0869476645526243,0.4691999999999999,0.5842167255594818,likely background
MEPCE,EZR,0.234328366412839,26.92920997175127,536.6625973333339,451.4589839999999,0.0536124846805813,0.0455753234867199,1.2273074557043686,1,-0.0418447013805657,0.1138384164747636,0.46879999999999983,0.5745664739884393,likely background
MEPCE,SKIC8,0.4305145364193619,2.0604232943567116,745.1189778333332,1819.997681,0.653897545938419,0.4851936863363577,0.9997043736022352,1,-0.0420250565815001,0.6560725156045025,0.5391,0.42342342342342343,
MEPCE,PHF8,0.3710269448981312,10.81822715816618,736.4597166666667,650.9445800000003,0.0599281073312807,0.0463386823512404,0.5013023918858253,1,-0.0420296559358762,0.1324691218867804,0.4651999999999997,0.5071090047393365,likely background
MEPCE,HAUS3,0.3930517841052419,9.907847487735824,308.6169231000001,206.429566,0.0683562047666587,0.0520548108157014,0.5157511265649115,1,-0.0420627611094785,0.2126090826634721,0.4655999999999998,0.5301204819277109,
MEPCE,LTBP1,0.4162929865785447,2.54732999986355,1533.5899253333337,1611.4643560000004,0.7649721129233572,0.5732343168394456,1.4602169722364071,1,-0.0421153176505164,0.7148758793163735,0.6281999999999999,0.21336206896551724,
MEPCE,DYNC1H1,0.167237449730329,35.344363488105394,241.3989666666671,161.55566399999998,0.1426106967759888,0.1270025616032412,4.488824701225456,1,-0.0421739946671845,0.1403676592170696,0.4831999999999999,0.5763157894736842,likely background
MEPCE,AMPD2,0.277826974504528,22.64922847923495,264.654663,262.61084000000005,0.0209049311932804,0.0172432081877617,0.3905453619596305,1,-0.042368760303825,0.2486931009265117,0.46649999999999975,0.5391032325338895,
MEPCE,LMAN1,0.3419723109962345,14.971005072725529,296.7194416666666,334.63024900000005,0.022033299242092,0.0173835726097223,0.2602495537222459,1,-0.0430404053457261,0.1849567000821738,0.46649999999999975,0.5391032325338895,
MEPCE,C1QA,0.1641672685458867,32.666589116267055,850.0476889999991,1010.048828,0.0371416635495315,0.0331471318120175,1.0828037352859203,1,-0.0430468937915008,0.0737161094914193,0.5704,0.3344594594594595,likely background
MEPCE,ATP1B3,0.3270889850012198,15.66730337411862,396.87829599999986,471.149658,0.0736031617780972,0.058672735525235,0.9192435472632848,1,-0.044224572104369,0.2532768487517974,0.4666999999999998,0.5456475583864119,
MEPCE,GTF2F1,0.3412965345504469,10.256520467721694,1320.031738333335,1654.1318360000005,0.0854793412348896,0.0674720802544932,0.6920287721299707,1,-0.0442923521790927,0.1339198630742144,0.6129,0.24897959183673468,likely background
MEPCE,ATP5F1C,0.3668624329230538,10.473665341233804,488.75321466666696,745.5637199999999,0.1552380753715676,0.1203829609282568,1.2608508455493863,1,-0.0444067736765676,0.3108701944715407,0.4666999999999997,0.544973544973545,
MEPCE,CCDC61,0.0813241603819601,36.20563512417082,2301.049476666667,2374.976560000003,0.0221981608199049,0.0209816716688573,0.7596547487378006,1,-0.044488910849784,0.0905799487046272,0.6258,0.2170212765957447,likely background
MEPCE,MRPS26,0.3747659782821515,10.318449369810777,437.4940589999999,330.496093,0.0684275128965646,0.0527737923354058,0.5445437042657932,1,-0.044631044529363,0.3330052200239987,0.4651999999999997,0.5071090047393365,
MEPCE,COPS6,-0.0231067077002615,56.25970807659478,-43.72843366666666,23.64428799999996,0.0441837150683375,0.0448975305623815,2.525921962799577,0,-0.044702964094364,0.1932303323829632,0.019400000000000014,1.0,
MEPCE,SH3GLB2,0.2020865534319588,30.200684925544085,143.77239960000009,173.1973266,0.108243316608077,0.0940959110924295,2.8417609636844734,1,-0.0452147127507452,0.6765562477324989,0.4762999999999997,0.5935897435897436,
MEPCE,RER1,0.3449916416463654,13.681322550293334,275.8010659999999,308.47119150000015,0.2219531249752331,0.1747478539321165,2.3907817546168317,1,-0.0452935998140633,0.3140715952049017,0.4711999999999999,0.5941320293398533,
MEPCE,FRA10AC1,0.3338979075836025,14.635620597950922,319.1132406666668,421.304443,0.0614990403800558,0.0487931098752273,0.7141174439279598,1,-0.0453109897378343,0.1750932145738248,0.46679999999999977,0.5498392282958199,
MEPCE,DEK,0.3014490296269895,16.868373691051076,735.1040853333338,574.409424,0.1498101380301724,0.1215624734408613,2.0505612288089208,1,-0.0461164591206052,0.1756834594072913,0.4690999999999999,0.5835294117647059,
MEPCE,RFC5,0.4021705906719594,7.051032161692242,231.67260753333343,265.30743429999995,0.1362286161479166,0.1030875504667679,0.7268736338112527,1,-0.0461306850754994,1.3280755489240397,0.46509999999999985,0.49675625579240035,
MEPCE,RAN,0.1775686531323705,29.16756470898373,1030.5906579999992,1117.7182620000003,0.0431816917859514,0.038181237684142,1.1136537208213015,1,-0.0462601397828067,0.0639978463641024,0.6065999999999999,0.2616279069767442,likely background
MEPCE,EBP,0.3785898013573719,9.612665045512683,324.5083413666664,175.13855000000012,0.146515488910209,0.1126989819509152,1.0833375644644272,1,-0.0462838425143734,0.1699239646235924,0.4654999999999998,0.5200783545543585,
MEPCE,TM9SF2,0.4021529489420021,6.517808876705083,350.12023926666643,350.5229489999999,0.0910277787549935,0.0688838054121152,0.4489714783763107,1,-0.0464952987366751,0.228534291209057,0.4651999999999997,0.5071090047393365,
MEPCE,RFC1,0.3530005015074505,12.752190167025658,140.62540689999986,147.949524,0.1681905853928518,0.131686526691877,1.6792916308099155,1,-0.046520971178965,0.1768363569661738,0.46779999999999994,0.5636160714285714,
MEPCE,RFT1,0.2025838633910871,29.76686215076681,65.37074783333333,116.77392569999996,0.1419601507794872,0.1233634215997147,3.672141965205637,1,-0.0465658638241395,0.1125557839717274,0.3925,0.6767676767676768,likely background
MEPCE,COPG1,0.3364281267391514,12.756704214726891,659.8071289999998,635.07251,0.0533494307231587,0.0422530702415976,0.5390099192361404,1,-0.0466033321459877,0.1325626548951769,0.46499999999999986,0.494921514312096,likely background
MEPCE,CNOT9,0.3752845039944756,9.90819860969841,198.47243243333332,190.4589843,0.0838327130831752,0.0646316103845104,0.6403828321543757,1,-0.0468855820698175,0.2732559662010187,0.4655999999999998,0.5301204819277109,
MEPCE,CYB5R3,0.364186732415633,9.551356932475237,669.2954913333338,569.1599120000001,0.1619025682564692,0.1257841680403538,1.201409485407864,1,-0.0470322675883297,0.1840226273334998,0.4661999999999998,0.5391752577319587,
MEPCE,ACTN4,0.248550733899264,19.584118426017273,1370.2827150000005,1460.8579099999995,0.0545367501661752,0.045906235908861,0.8990331605318216,1,-0.0471415531815592,0.1104256755950316,0.6061999999999999,0.25862068965517243,likely background
MEPCE,ZNF207,0.2737530572813614,20.09039397736931,475.6265463333334,502.6623540000001,0.0095709415956011,0.0079168128177306,0.1590518885532968,1,-0.0471590099631429,0.1215373323221738,0.46649999999999975,0.5391032325338895,likely background
MEPCE,TUFM,0.3352755126361228,12.720339841133288,626.1254883333331,572.7790529999997,0.0636381095950815,0.050442049788599,0.6416400155943458,1,-0.0473376972034857,0.1308412656178166,0.4652999999999998,0.5164410058027079,likely background
MEPCE,MRTO4,0.2421038939163007,22.92023671260976,575.4978026666663,518.1586910000001,0.0537070571840924,0.0454103128826761,1.040815120464609,1,-0.0482561252260952,0.1755054410986158,0.46649999999999986,0.5424973767051416,
MEPCE,GPBP1,0.3437199746392486,11.970346753238635,322.42065433333346,453.93017599999985,0.1125912629166895,0.0887233824646628,1.062049653222227,1,-0.0485752385436828,0.1942735665441168,0.46509999999999985,0.49675625579240035,
MEPCE,MRRF,0.3625579870382314,9.054375180484946,618.8278810000002,578.8002930000002,0.0171922874386314,0.0133719952039396,0.121075061488115,1,-0.0486718252869033,0.1554615790262262,0.46509999999999985,0.49675625579240035,likely background
MEPCE,MAP7D2,0.3398306181561449,12.51909169297132,292.5004474666664,269.570191,0.0596008246139203,0.0470930144240654,0.5895617656732962,1,-0.0491617344804897,0.1212326215323504,0.4651999999999997,0.5071090047393365,likely background
MEPCE,WASHC2A,0.3027883972984823,16.899217147324432,137.81616209999993,208.94537349999996,0.2478446205581753,0.2009253011237522,3.395480294081839,1,-0.0495037581405222,0.3010052161942945,0.4752999999999997,0.5913705583756346,
MEPCE,RBM14,0.1546730775529644,28.201222079976244,1986.4095066666705,1215.5019599999978,0.0362435728781965,0.0325591957883575,0.9182091111728976,1,-0.0497727228193388,0.1711176103770144,0.6322000000000001,0.2100656455142232,
MEPCE,RETREG3,0.3883955104511644,7.001785782843091,167.0514628333334,168.027649,0.0732498703159442,0.0559617747700654,0.3918323589677117,1,-0.0502241886378276,0.3106830481173041,0.4655999999999998,0.5301204819277109,
MEPCE,SLC39A14,0.3461959255343133,11.56432905744267,175.01127120000012,187.59655769999995,0.1953756296386726,0.1536945434075199,1.777374274297966,1,-0.0504706438115281,0.2246764564527016,0.46779999999999994,0.5636160714285714,
MEPCE,ABCE1,0.3115971892620345,14.329186578720464,354.1128339999998,570.9304200000001,0.2119027306085326,0.1707418378951749,2.446591651993606,1,-0.0506884092967674,0.4422184945764967,0.4711999999999999,0.5941320293398533,
MEPCE,CLUH,0.355975414997518,9.208522537662516,521.2994789999998,462.2885739999999,0.302862602423324,0.236640876644804,2.1791128459158933,1,-0.0507767693082322,0.2684798144244971,0.4693,0.5871886120996441,
MEPCE,RANGAP1,0.0997882438320566,38.759107143811185,180.5066733333333,264.1035149999998,0.0604342621926351,0.0563959637279216,2.1858572006090062,1,-0.0510145173887982,0.1113141530329202,0.47119999999999995,0.5955882352941176,likely background
MEPCE,RPA3,0.0414786159626521,45.520149345104755,127.65608733333374,93.6513670000004,0.0400907903926782,0.0389549391936081,1.7732346498225178,1,-0.0513799444151469,0.1355556743174671,0.4373,0.5750224618149147,likely background
MEPCE,YY1,0.2796859868744084,18.277964715515505,220.1679686333332,225.74682600000008,0.0600380366718575,0.0494579587435752,0.9039908248164908,1,-0.0517394436913818,0.1639331768505767,0.4666999999999998,0.5456475583864119,
MEPCE,XPO1,0.1375856146043985,33.52989762773146,315.98250333333317,316.6447760000001,0.0238104844547879,0.0216448600801699,0.7257499426546701,1,-0.0524421491191963,0.1650499447217169,0.4672999999999998,0.5544662309368191,
MEPCE,RBFA,0.3453437682393335,10.68377750867742,171.7946167,203.8561401000001,0.0055522673080543,0.0043703372509703,0.0466917108272517,1,-0.052542417593123,0.1302155538296807,0.46679999999999977,0.5498392282958199,likely background
MEPCE,BCAP31,0.3448724384563108,9.07891948039232,474.88248733333376,747.9228519999999,0.11739424745609,0.0924343277508766,0.8392038188744018,1,-0.0528388561031166,0.1720949582761572,0.46509999999999985,0.49675625579240035,
MEPCE,MRPS28,0.3457113598332312,9.53619050813678,362.141805,514.8264159999999,0.1130767768867624,0.0889830626524842,0.848559437451561,1,-0.0529897700666278,0.3709913782223278,0.46509999999999985,0.49675625579240035,
MEPCE,PSMC1,0.2037038825623503,23.943115955387285,761.7906900000007,775.1928710000002,0.0892728721787302,0.0775179536936175,1.8560213539106272,1,-0.0536477563312128,0.2787109296810835,0.46899999999999986,0.5801169590643275,
MEPCE,NSRP1,0.1822768739532784,27.350951109872955,576.7184246666675,368.7426760000008,0.0965747263358082,0.0851131192748563,2.327924764095383,1,-0.0537622077838892,0.1257773791888346,0.4728,0.5945273631840796,likely background
MEPCE,DCTN1,0.1870779827658121,27.057807905327383,331.10620133333305,342.1369629999999,0.0410119737901938,0.0360245364842582,0.9747449880695168,1,-0.0543060990743573,0.1153045615491784,0.4666999999999998,0.5456475583864119,likely background
MEPCE,HSD17B12,0.1652276734031445,28.634277878308044,472.05151333333424,646.2924800000005,0.0983623526958198,0.0877191258476705,2.5117738247644708,1,-0.0544617953223163,0.1278358152751284,0.4725999999999999,0.5915841584158416,likely background
MEPCE,CKB,-0.504438457256649,112.62900932122338,-1948.0172526666656,-2049.461426,0.0458930658564213,0.0651035002605979,7.332542737695152,0,-0.0548971446057957,0.1750031379013601,0.06479999999999997,1.0,
MEPCE,PPIL4,0.2281135039990664,11.295652632612358,3847.0917933333367,2857.087889999999,0.0169711379563563,0.0144892419466095,0.1636654439387777,1,-0.0549241428176216,0.109773685093804,0.6716000000000001,0.14786967418546365,likely background
MEPCE,RCN2,0.0809841427950321,38.83504748065935,266.95247433333316,263.018067,0.0150116150369535,0.0141923027982062,0.551158753028235,1,-0.0550894830832395,0.0766541606440123,0.4267,0.5929515418502203,likely background
MEPCE,DDB1,0.2357262021293395,18.72469498686242,968.0688476666664,953.7514649999994,0.0742794672807407,0.0630829233722898,1.181208499025742,1,-0.0556894236790014,0.2355118631664232,0.5830999999999995,0.32092198581560283,
MEPCE,EIF1,0.2786486503103969,14.354651394868275,672.2168783333336,835.5327150000003,0.0780915702276538,0.0643763180107344,0.9240996031292726,1,-0.0563703330020305,0.1153206187413494,0.48849999999999993,0.5598404255319149,likely background
MEPCE,HADHA,0.0239581147752941,45.540303099861646,44.374593,-127.20727499999975,0.0748922597443887,0.0736595557296233,3.3544784941281955,1,-0.0567870728261402,0.1036589127404674,0.27099999999999996,1.0,likely background
MEPCE,ATP5F1B,0.3004007576454137,12.925007207450316,385.6293536666665,400.6536859999999,0.0374256430746399,0.0303908718515665,0.3928022377221961,1,-0.0570023307628146,0.10936597878945,0.4640999999999999,0.4913557779799818,likely background
MEPCE,EIF5B,0.1735311103336981,26.470912773267433,654.1344400000007,391.24902399999974,0.0926408070003712,0.0821425367911825,2.1743879263743047,1,-0.0574112543418526,0.1541611682021268,0.4714,0.5950920245398773,likely background
MEPCE,FAM32A,0.1995586285197977,21.398436869245227,1248.4313163333318,982.4921879999984,0.0326055662666494,0.0283937265791422,0.6075813656863864,1,-0.057460169510997,0.2643668061416596,0.5958999999999999,0.2857142857142857,
MEPCE,PRPF6,0.3449808980450264,7.565626660036966,383.4797773333332,436.4603280000001,0.0360668344795273,0.0283963060195572,0.2148358498681308,1,-0.0576713048754718,0.1754137635918378,0.46419999999999995,0.4926873857404022,
MEPCE,CHCHD1,0.2829070887309848,13.874263395561483,487.8728026666663,622.2922360000002,0.0471545553766516,0.0387582093450158,0.5377416051930628,1,-0.0579339909935916,0.2074214679982174,0.46639999999999987,0.5363070539419087,
MEPCE,HNRNPF,0.135076338488131,31.95685240880402,129.99267566666686,98.07580499999996,0.0465647979566324,0.0424032991810781,1.355075973576074,1,-0.0580563945254889,0.7128207886190991,0.46969999999999984,0.5904191616766467,
MEPCE,TCP1,0.0738626127745917,33.50251437268751,2009.8424466666547,977.9921899999972,0.0545262178060433,0.0518053531100116,1.735609587150316,1,-0.0587479766189573,0.1488581831701488,0.5868000000000001,0.302158273381295,likely background
MEPCE,VARS1,0.1900606512649152,23.92695446739672,525.3354489999992,432.9135739999997,0.1235288502553033,0.1082824937727734,2.5908702981173177,1,-0.0592666734368751,0.2579301762558945,0.47399999999999987,0.5917085427135679,
MEPCE,EIF3E,0.267557045217997,13.264195310210718,1056.824544666667,982.5078130000002,0.046433632378274,0.0385739017818438,0.5116517671112614,1,-0.0593496765301913,0.8442021852007934,0.5940999999999999,0.28860294117647056,
MEPCE,HAX1,0.1678946952554412,27.557280121398083,118.66365549999988,154.7948,0.0131074413117721,0.0116675708914565,0.3215265193921384,1,-0.0594573526491934,0.1315152338924758,0.4679999999999999,0.5688487584650113,likely background
MEPCE,UQCRC2,0.3076521487890347,11.61461517147624,195.8040362999999,85.59753419999993,0.1547157812965622,0.125004486004916,1.4518789996552874,1,-0.060058137044414,0.2319563491532845,0.46779999999999994,0.5636160714285714,
MEPCE,ZRANB2,0.2110524780565179,9.11083698190088,3468.455076666669,4201.181639999999,0.0852063971215769,0.0736110185870772,0.6706579904185364,1,-0.0601198378780007,0.1814524546706012,0.6855,0.128,
MEPCE,HOMER2,0.3763281833649585,3.6526377667109418,196.57843006666656,146.17749030000004,0.2781309124212195,0.2142725484459058,0.7826600028229154,1,-0.0604118783291536,0.310290710636697,0.4659999999999998,0.5374358974358975,
MEPCE,D0JC8,0.1863593914092609,23.472489977921153,514.0314126666667,470.0974120000001,0.0479316070398704,0.0421236543109485,0.9887470536471544,1,-0.0610566153582309,0.2144650836306169,0.46639999999999987,0.5363070539419087,
MEPCE,TXLNG,0.1209669533559083,31.76023167522741,124.63212066666664,250.37402300000008,0.11572335097103,0.1064168288582234,3.3798231386802025,1,-0.0613501898698987,0.2777837443559818,0.47639999999999993,0.5943517329910141,
MEPCE,EIF3B,0.1246113604770563,29.94913540349887,507.31445300000087,579.5776370000003,0.011548754761444,0.0105932052101336,0.3172573371953425,1,-0.0616103574996495,0.8159162269631869,0.4674999999999998,0.5607064017660044,
MEPCE,GADD45GIP1,0.3250903285561735,8.368836140266177,310.6627196999998,287.51489300000003,0.1013629052733836,0.0809134234190565,0.6771511821420604,1,-0.0616328372107396,0.1602152747528698,0.46509999999999985,0.49675625579240035,likely background
MEPCE,SNRPE,0.2168252135768606,19.005146547835324,570.6191406666671,649.2878420000002,0.0771578536676673,0.0663915766096108,1.2617816430074895,1,-0.0624343258141287,0.1575520417749847,0.46829999999999977,0.5712656784492588,likely background
MEPCE,MAP1B,0.2459159816352142,16.759557818324772,186.41796883333336,241.1541135,0.1396701699929214,0.117782084773591,1.973975659725829,1,-0.0633365391831865,0.1442881891126322,0.46899999999999986,0.5801169590643275,likely background
MEPCE,CHID1,0.2231516245054214,19.358815012554388,134.8954465666668,81.08227529999999,0.0963631234285908,0.0825542158213296,1.5981517925916109,1,-0.064051427953868,0.2378855179726168,0.46929999999999994,0.5851063829787234,
MEPCE,RNF40,0.2476154760172623,16.074207648788857,189.10748333333345,270.58435099999997,0.175130640944106,0.1475115781958417,2.3711317385205146,1,-0.0642882506462016,0.2442950060030361,0.4709999999999999,0.5946275946275946,
MEPCE,MRE11,0.3290031134816285,6.187722294132001,370.09549966666646,418.47522,0.085723071204419,0.0682435127785343,0.4222719054496192,1,-0.064679913466319,0.1488568013396896,0.4651999999999997,0.5071090047393365,likely background
MEPCE,COPS7A,0.0986413189771782,32.50348207825322,119.34830733333364,224.39038100000016,0.0904951169230797,0.0845152743552256,2.74704070534373,1,-0.0652912004107822,0.2277803201422261,0.4758999999999998,0.5946291560102301,
MEPCE,MOGS,0.233999052342826,17.345776242115463,119.0202433666666,216.8327637,0.2901784296627837,0.2467334805320559,4.279783744747394,1,-0.0653243058843615,0.2713885157259046,0.48089999999999977,0.5869281045751634,
MEPCE,ROCK1,0.2774046930847875,10.699133510838353,539.6309403333335,680.996826,0.0714152466108856,0.0589233445597028,0.6304287303493916,1,-0.0657449014687576,0.1977166538861431,0.4651999999999997,0.5071090047393365,
MEPCE,GPATCH4,0.2516139666860312,13.570241447015356,319.1114905666666,885.9702139999999,0.5597378601582123,0.4701592444383297,6.380174465574446,1,-0.0658602619029954,0.3516875880058387,0.5223,0.46618705035971225,
MEPCE,0F1,0.3527658197834867,4.038133172455995,84.61830650000002,49.1261902,0.3691381008951764,0.2890674432854315,1.1672928318079432,1,-0.0661294906437725,0.3036002396370823,0.3390000000000001,0.8264659270998416,
MEPCE,RPN2,0.2860009047505205,10.428648163801398,448.9344076666662,213.84399399999984,0.1145856537356295,0.0939807610727465,0.9800922913939558,1,-0.0664090782581492,0.1855930560158011,0.4654999999999998,0.5200783545543585,
MEPCE,EIF2B5,0.2402758228171967,15.03131520621607,416.36507166666706,415.1511230000001,0.0667798899376172,0.0565352277076554,0.8497988279289687,1,-0.0668829649886571,0.2435997970406853,0.4666999999999998,0.5456475583864119,
MEPCE,VPS50,0.1370647041790519,27.404648217364592,130.83138066666652,227.62683200000015,0.0993226129733777,0.0903215742502225,2.4752309687659246,1,-0.0669648301742856,0.3569624735751394,0.47239999999999993,0.5908529048207664,
MEPCE,DERPC,0.234249652501943,14.981362602920155,611.4649253333337,536.6721200000002,0.0413545205549152,0.0351568948757718,0.5266981901266833,1,-0.0672155580335887,0.1014722903238781,0.4655999999999998,0.5301204819277109,likely background
MEPCE,RAB3GAP2,0.3150402294861168,7.155316049057681,260.9086915999999,162.53613299999984,0.0577137564762721,0.0463923395819089,0.3319518519637672,1,-0.0673993603341876,0.1407592474430633,0.4654999999999998,0.5200783545543585,likely background
MEPCE,AP2B1,0.310133421433431,6.8768957276591545,339.6385499999999,400.3010260000001,0.1808748549362586,0.145888895455919,1.003262721873723,1,-0.0679665088739844,0.26235257212773,0.46509999999999985,0.49675625579240035,
MEPCE,SRSF5,0.278318634786709,10.274879755350256,343.7591146666666,475.16064499999993,0.1661652626031178,0.1370129325456139,1.4077914068340989,1,-0.0680177180120244,0.1782696242414498,0.46739999999999987,0.556407447973713,
MEPCE,COPS2,0.0561883730025526,36.11791394957476,103.11466500000006,60.67920000000004,0.0245478447288369,0.0236103898973686,0.8527580306290697,1,-0.0684666512414892,0.1884453907111427,0.42690000000000006,0.5936395759717314,
MEPCE,KP06,0.3209930152863466,5.410859094081476,267.85396289999994,361.3979488000001,0.1184712116878376,0.0948391779507417,0.5131614284899821,1,-0.0689450775230135,0.2739928673289743,0.46509999999999985,0.49675625579240035,
MEPCE,MTA2,0.155024384581192,24.084336700822448,287.6479493333336,206.25,0.0362153247529254,0.0325258979199803,0.783364677001387,1,-0.0692736167900925,0.2281503717061737,0.46609999999999985,0.5386199794026777,
MEPCE,MCM3,0.1440827044381414,21.722890590122923,1114.9833966666663,1354.1708999999992,0.0587050447493576,0.0531258800946551,1.1540476808001832,1,-0.0693493472536922,0.2806189436459926,0.6073999999999998,0.26732673267326734,
MEPCE,SFSWAP,0.2834018571111552,9.446430870098403,348.2086589999999,227.21398900000008,0.1024319581151057,0.0841640418152524,0.7950498027558536,1,-0.0695244183833803,0.1911424675671023,0.46509999999999985,0.49675625579240035,
MEPCE,REEP5,0.3098892881268079,7.048661870695385,118.16350299999988,113.18225099999997,0.191244957490567,0.1542792523107871,1.087462283202438,1,-0.0696416280105286,0.3097271120323117,0.4654999999999998,0.5200783545543585,
MEPCE,LUC7L,-0.2455920253509213,71.58700122522042,-1342.585774666667,291.00195299999905,0.3106864452065291,0.3683477499380108,26.368910826119567,0,-0.0696501264050921,0.2768299737556526,0.09029999999999996,1.0,
MEPCE,PSMD10,0.2056520778586914,17.869785595568505,241.4971113333336,386.754639,0.1937091639078238,0.1679757111817147,3.0016899440803813,1,-0.0699432108124153,0.2534096985836847,0.4748999999999998,0.5889029003783102,
MEPCE,GATAD2B,0.2268031424026311,16.19131390011878,84.88121540000003,82.58624259999999,0.0391702644680693,0.033472308533446,0.5419606544266486,1,-0.0702416214415544,0.0972289865098821,0.38270000000000004,0.7057356608478803,likely background
MEPCE,TFAM,0.1460745978578815,24.560364983066915,211.20450866666624,271.3529050000002,0.0331918645346592,0.0299959581184892,0.7367116794068841,1,-0.0704679360014727,0.0822091666039069,0.4657999999999998,0.5372829417773238,likely background
MEPCE,CDK1,0.0874362814893889,31.472801123997595,112.19282999999996,98.37634200000002,0.1012133798073514,0.0952623019157743,2.9981714828093797,1,-0.0707767364442165,0.1704890417340979,0.4354999999999999,0.5816876122082585,
MEPCE,NUP88,0.1353952201456334,26.240453380905276,78.52294926666673,24.22076419999996,0.0645603661034143,0.0587776090452699,1.5423511099934812,1,-0.0708976996585891,0.1771249806125335,0.3370000000000001,0.833596214511041,
MEPCE,PPIC,0.3593250047725969,0.9070875816334344,35.74351499999999,196.9992523,0.9549163745445668,0.7443910131485014,0.6752278439065363,1,-0.070960927692161,1.4830102419621898,0.4133,0.6240474174428451,
MEPCE,ACSL3,0.2601101160769528,11.509382007575082,188.49043789999996,279.0559078000001,0.0699406944372759,0.0584026588652232,0.6721785111379454,1,-0.071141099732569,0.2907871701423651,0.4651999999999997,0.5071090047393365,
MEPCE,ECHS1,0.1228023924328277,27.401826904712003,100.43729666666673,74.04345699999999,0.0546351670571641,0.0501775046987371,1.3749552982651692,1,-0.0711586523320453,0.285222035911516,0.4700999999999999,0.5929951690821256,
MEPCE,NOLC1,0.2445676106029985,11.159049856587016,798.950683666666,798.2685550000006,0.0703029900527377,0.0593410566638832,0.6621898098548288,1,-0.0712585835221896,0.1198952549457266,0.4878,0.5649867374005305,likely background
MEPCE,FANCI,0.2439072140728536,12.898103200282062,391.8809003333336,257.9738769999999,0.0279111403270967,0.0235699065190928,0.3040070867042609,1,-0.0713429297116731,0.202576117533802,0.4647999999999999,0.49264705882352944,
MEPCE,PRDX3,-0.3438196103769692,86.95769839530654,-2027.9062503333323,-1987.611817,0.0144564131191057,0.0183470429674912,1.5954166288128298,0,-0.0716856895871469,0.1837839958844215,0.01910000000000001,1.0,
MEPCE,DDX46,0.0686517810656232,27.924553850330433,2115.542966666675,984.2343699999984,0.0352453672851222,0.0336077885749142,0.9384825018507126,1,-0.0717020335058779,0.0893410436791015,0.5822000000000002,0.32098765432098764,likely background
MEPCE,GNL3L,0.2924332931960722,5.40198764381502,950.7532553333332,643.1157230000008,0.076214683304933,0.0622316050835324,0.3361743617160183,1,-0.0721226835872831,0.1792335955521185,0.5465,0.3926940639269406,
MEPCE,RACK1,0.1793666835232603,19.496452398722393,249.77217633333316,358.9062500000002,0.0545726913478065,0.0481930547879942,0.9395935986231506,1,-0.0728810288239085,0.104251294982743,0.46649999999999986,0.5424973767051416,likely background
MEPCE,TMPO,0.2534886675384031,10.713425174673796,367.5734050000001,458.709961,0.0936606350392629,0.0785693298233399,0.841746636086619,1,-0.0730788272454759,0.1368603455084832,0.46509999999999985,0.49675625579240035,likely background
MEPCE,CMBL,-0.0032222266574297,41.2173513806902,-116.82032000000618,-71.17188000000169,0.0211522091503612,0.0211997173983796,0.8737962011803462,0,-0.073224819689478,0.0565301545109456,0.0019,1.0,likely background
MEPCE,PRPF38A,0.1196892089370674,23.82460953552279,716.909017666665,1035.422364,0.0178424428053871,0.0164220839696399,0.3912497383362399,1,-0.0735293423645039,0.1067328391011959,0.5248999999999999,0.4558610709117221,likely background
MEPCE,EIF4H,-0.0602359047593444,48.365952643509495,-300.17578133333427,-400.376953,0.0230809607752141,0.0240652969646478,1.1639410133441528,0,-0.0735637630308876,0.1209484414201553,0.012000000000000005,1.0,likely background
MEPCE,WASH3P,0.2277060483280638,14.050526909610298,200.00297033333345,159.64209000000005,0.1409851301128958,0.1204011590130994,1.691699724661822,1,-0.0739221879088139,0.238734558226239,0.46929999999999994,0.5851063829787234,
MEPCE,FAM50A,0.2240366837809398,12.714306394264815,642.8164059999999,683.5417480000001,0.1709095464985264,0.1463282835002902,1.860462630569535,1,-0.0739381226851639,0.1751064293233255,0.46739999999999987,0.556407447973713,
MEPCE,SFPQ,0.2105208227140089,10.29534313297071,2147.8343066666657,1336.5576099999998,0.0094402805023901,0.0081585986611658,0.0839955727008979,1,-0.0740002129728889,0.5915567948883376,0.6303999999999997,0.21350762527233116,
MEPCE,CNBP,0.1151597090916114,22.649686912926864,1313.9013666666688,1105.5341800000006,0.103567751262198,0.0956229262165314,2.1658293405023428,1,-0.0745517121970596,0.1585048491210073,0.6114,0.25760649087221094,likely background
MEPCE,IQGAP1,0.0453100975365215,34.551994826625865,72.8113603333336,68.35571299999992,0.0547469091131656,0.0530547307851278,1.8331467836157656,1,-0.0746100752422196,0.3028001116813007,0.3439000000000001,0.8147554129911788,
MEPCE,PAAF1,0.2393613828404376,12.07119247709314,234.36665866666635,292.86205999999993,0.0548776982565791,0.0464884011914797,0.5611704387346782,1,-0.0747360062574311,0.2422739316983447,0.46499999999999986,0.494921514312096,
MEPCE,GPHN,0.2436735516626716,11.120744766651733,344.811645,383.6142570000002,0.0701853744946619,0.0592785048853457,0.6592211229786481,1,-0.0749638652602386,0.2170416591036717,0.4651999999999997,0.5071090047393365,
MEPCE,ATP5PO,0.2795322514069654,6.971327008340679,264.7398273333331,460.8852539999998,0.0672503551787056,0.0554052052329063,0.3862478036428186,1,-0.0752732224278131,0.1631656737635807,0.4651999999999997,0.5071090047393365,
MEPCE,CKAP2,0.3125977275348966,4.019001525114084,86.67593383333326,161.31555179999998,0.2769991729899216,0.2230389319672953,0.8963938077363764,1,-0.0755077238912794,0.2556792202161501,0.4659999999999998,0.5374358974358975,
MEPCE,COPA,0.1522954093534846,19.382548624312236,908.4715166666664,678.4648429999997,0.0529191065890433,0.0476179752579718,0.922957720828937,1,-0.0758738203389696,0.1300048353563936,0.5478000000000001,0.3904320987654321,likely background
MEPCE,DRG1,0.1572359307402872,20.74174730959921,241.13419600000043,268.92529300000024,0.0273398785020261,0.0245170234927369,0.508525906069858,1,-0.0759442289445193,0.4690182937231597,0.4662999999999998,0.5382231404958677,
MEPCE,IPO5,0.3014888751393073,4.163733914247773,532.9135336666668,117.61499000000003,0.0791593821700806,0.0642315977421006,0.2674432818851052,1,-0.0763003690932314,0.355788512779857,0.4655999999999998,0.5301204819277109,
MEPCE,USP7,0.2279273133461407,12.69816193224832,186.04201266666655,212.67504899999992,0.020780624187591,0.0177439105090473,0.2253150489552061,1,-0.0766585423427072,0.2322780863325883,0.46539999999999987,0.5179786200194364,
MEPCE,MRPL57,0.3326804445299844,1.482068973644143,43.09047444666663,65.38705439999998,0.6155535943141212,0.488790242127492,0.7244208524771643,1,-0.0766785297789015,0.7501927737858405,0.3748,0.7340339531123686,
MEPCE,FBXO21,0.1435868925951919,22.47687764006401,143.624634,29.561157000000097,0.1283431919298522,0.1161857340040627,2.6114925267303426,1,-0.0768079834669308,0.1427696438797566,0.4267000000000001,0.5934744268077602,likely background
MEPCE,DDX6,0.275112894453114,7.291147453181875,246.5678914,156.75439499999993,0.3023592957252866,0.2498674476688958,1.8218204047041249,1,-0.0769040145550255,0.2097066393421567,0.4684999999999999,0.5747126436781609,
MEPCE,STEEP1,0.2529359143841398,9.986453715870164,164.14373780000005,91.11614989999998,0.1624992853218451,0.1363684180977552,1.361836895639664,1,-0.0770235340173769,0.3427405517686903,0.4672999999999998,0.5544662309368191,
MEPCE,RO60,0.2619756564296274,8.962145584374108,82.47120153333344,158.56820670000002,0.2226544329088468,0.1856831252478319,1.664119201032641,1,-0.0771118240060036,0.2663809205521033,0.38470000000000004,0.7031772575250836,
MEPCE,RIOK2,0.2920827637943563,5.337996333632541,179.46079516666668,187.76531980000004,0.1184822834733832,0.0967678940166215,0.516546663474068,1,-0.0771646993502127,0.1926163655014285,0.4654999999999998,0.5200783545543585,
MEPCE,PRP4K,0.256762948934031,8.670099119098882,326.1291503333332,377.8214110000001,0.0605674077686506,0.0506931492575562,0.4395146287222862,1,-0.0772018766950566,0.1412924052154062,0.4651999999999997,0.5071090047393365,likely background
MEPCE,RBM33,0.2238966124262018,11.609733418493972,510.2838540000007,563.1770019999999,0.0671034717459944,0.0574578157491282,0.6670699236563229,1,-0.0773648697446974,0.12055596799739,0.4651999999999997,0.5071090047393365,likely background
MEPCE,COQ8A,0.1931546097157369,16.091595069459032,198.83581566666655,253.5810550000001,0.1596947632430782,0.1396847974184661,2.2477511974173745,1,-0.0775369985579585,0.1801318411983623,0.47019999999999995,0.595873786407767,
MEPCE,PDIA3,-0.0375379653297177,43.320696118052155,-142.48046866666573,-203.35839899999976,0.032144961708537,0.032992667007349,1.4292653015494532,0,-0.0776198723379376,0.0649910949919356,0.0010999999999999998,1.0,likely background
MEPCE,BRCC3,0.2709553485645908,7.016235694038121,373.9411620000003,175.6630859999998,0.0094014090414902,0.0077916755600123,0.0546682321805232,1,-0.077936454460728,0.2301653962434168,0.46639999999999987,0.5363070539419087,
MEPCE,LTV1,0.1294715022261646,22.8132105863385,322.29549200000065,196.54931699999997,0.0805980501518479,0.0736806926381427,1.6808931573012316,1,-0.0781589945298624,0.3376747603050405,0.46939999999999993,0.5878859857482185,
MEPCE,PSMD14,-0.2462308378760909,69.11240454105695,-908.868327,-936.3828130000002,0.0190101622773179,0.0225483020283548,1.558367371497595,0,-0.078224331238474,0.0992408464847515,0.01720000000000001,1.0,likely background
MEPCE,MAGED2,0.1343685734114508,21.495198931879663,380.0744629999999,490.2746589999997,0.0847994940922103,0.0772588513500181,1.6606943790171598,1,-0.0784657608127462,0.2259103109578583,0.4688999999999999,0.5765661252900232,
MEPCE,TOMM34,-0.0394596215540582,42.635240432274486,-39.22501633333354,-43.32885699999997,0.0251009944338129,0.0257972801801616,1.09987324297994,0,-0.0785493317480069,0.2468957358728796,0.0009,1.0,
MEPCE,CLPX,0.2571265182074271,8.480121060523846,210.0136923333332,198.06152399999996,0.0915056664337452,0.0765682687640275,0.6493081885136803,1,-0.0786825416751145,0.1170719632750462,0.4654999999999998,0.5200783545543585,likely background
MEPCE,CYCS,-0.1090836390326855,50.867123937381805,-240.9485676666673,-182.22583000000031,0.0619053895802114,0.066768342088508,3.396313532109645,0,-0.0789384758891045,0.0997726068010253,0.021700000000000007,1.0,likely background
MEPCE,NCAPD2,0.1482675183447426,18.78573542367403,680.2400713333336,691.951172,0.0598767139468243,0.0540292459597427,1.0149791197403355,1,-0.0790033731035574,0.0993554864030827,0.46659999999999985,0.5438225976768744,likely background
MEPCE,KLC4,0.2154000434027831,12.98182171220514,165.7089229666667,145.36993400000006,0.1382286351202053,0.11905835734748,1.5455943684329945,1,-0.0794329623048219,0.1755314001325074,0.46779999999999994,0.5636160714285714,
MEPCE,PPIL3,0.0323446707764045,33.768605691291825,46.16389933333335,45.27172800000017,0.032731502698584,0.0320061528351213,1.0808031547844343,1,-0.0796649054898458,0.054034403812967,0.29370000000000007,0.9666919000757003,likely background
MEPCE,C15orf40,0.2457400272511927,8.809939454099572,397.61043299999983,222.99023399999987,0.0874715918651535,0.0737726821917446,0.6499328634757997,1,-0.0798983720774623,0.1727874274362325,0.4651999999999997,0.5071090047393365,
MEPCE,EPPK1,0.0142277669860133,34.881779430683956,248.5442733333366,277.55469000000085,0.0667174076063996,0.0660633326693743,2.304406598629015,1,-0.0799542363757015,0.2309129028755272,0.3831000000000001,0.7052456286427977,
MEPCE,RPS10,0.0343949901620753,17.02376711518723,3297.1457999999984,5882.140600000013,0.0405550354027559,0.0395999923263571,0.6741410471271052,1,-0.0800901272471495,0.134041077176384,0.6484999999999999,0.18372093023255814,likely background
MEPCE,MTHFD1L,0.2461219655403535,7.290810484308144,590.424235,763.0590820000002,0.0879029509021919,0.0741168617503759,0.5403719927136582,1,-0.0802527143747648,0.1535832873168975,0.4651999999999997,0.5071090047393365,likely background
MEPCE,SNRNP70,0.1332572923429849,21.22398231120548,286.2709150000005,211.08691500000032,0.0276854671775247,0.025243023642394,0.5357574872675138,1,-0.0807790136569936,0.0535286276721234,0.4668999999999999,0.5541125541125541,likely background
MEPCE,SEC61B,0.0341203284149939,33.25517253087126,32.019917366666505,-58.25610400000005,0.269338416435064,0.2630457573739706,8.747632044985096,1,-0.080806033616234,0.2300874978840185,0.31849999999999995,0.9263565891472868,
MEPCE,POLR3C,0.1358900796082847,21.38005489016153,85.19008380000002,112.9277343,0.0496533402116689,0.0451903215524471,0.9661715552953688,1,-0.0809750160075603,0.0711250218110473,0.38360000000000005,0.7058333333333333,likely background
MEPCE,ZCCHC17,0.124540935466568,21.73857246049779,403.4624026666661,239.92871099999957,0.0573024713929317,0.0525638030690177,1.142662041815178,1,-0.0812065804753165,0.0962453710558507,0.46659999999999985,0.5438225976768744,likely background
MEPCE,ATP5F1A,0.1630519425036408,16.269119109147606,668.7983396666677,593.6684570000007,0.0133466769772446,0.0119204733979898,0.1939356015493221,1,-0.0813018128643215,0.1141822611021057,0.46649999999999975,0.5391032325338895,likely background
MEPCE,POLR2H,0.2226322871096842,11.46251542792837,105.15551756666672,82.53411859999994,0.1368388968266495,0.1172719886530386,1.3442319791992965,1,-0.0814587383360502,0.1873257070623933,0.4672999999999998,0.5544662309368191,
MEPCE,PPM1B,0.097134942245786,18.620569770900303,2732.755210000003,1248.8984399999972,0.0639630404912385,0.0597988220015623,1.1134881372977403,1,-0.0815281087410842,0.0870037169556764,0.6434000000000001,0.1845102505694761,likely background
MEPCE,PDCD4,0.2881491428251749,4.1415304058632225,104.82189943333331,54.49880979999995,0.4109792263212128,0.3365750288602055,1.3939357158788328,1,-0.0815356307347973,1.4145541534717798,0.42190000000000005,0.5988023952095808,
MEPCE,MYH9,0.0199455259798418,33.3505561663794,333.21224333333157,266.74804999999833,0.0078682715210708,0.0077603162491644,0.2588108629366247,1,-0.0815981667519367,0.0403243818944226,0.38170000000000004,0.7075393537696769,likely background
MEPCE,PROSER2,0.156573896108441,18.571399077746552,156.39148000000023,154.42028800000003,0.0525609902856437,0.047155678281853,0.875746920154119,1,-0.0816034552320441,0.1452441345415421,0.4668999999999998,0.5529157667386609,likely background
MEPCE,IGHG2,0.0098657570136993,33.93703114765041,215.5253866666644,677.4335900000005,0.050492394200524,0.0501487819154354,1.7019007738808605,1,-0.0816518483183982,0.0629745009797282,0.38130000000000003,0.7086092715231788,likely background
MEPCE,0P1L4,0.2713514907824452,5.939443401336946,66.45344033333333,100.61230469999998,0.1462532468662402,0.1211781105557403,0.719730529126771,1,-0.081689304626176,0.4854407079613101,0.38,0.7049714751426243,
MEPCE,PIP5K1A,0.1250469379278425,20.98371993611507,385.4479163333326,424.3735349999997,0.1024858231928096,0.0939777184137524,1.9720021234292664,1,-0.0820813756973891,0.0824488560433822,0.46899999999999986,0.5801169590643275,likely background
MEPCE,TELO2,0.1015277421185482,23.707143861006244,229.70068366666692,315.0532229999999,0.012838786169761,0.0119664441390168,0.2836902127083665,1,-0.082926046225367,0.2542974872925728,0.46649999999999975,0.5391032325338895,
MEPCE,CTR9,0.212684324878758,11.574530964079552,155.5720620999998,201.71594200000004,0.1923296726893444,0.1659685037730601,1.9210075859832387,1,-0.0829758122319699,0.2106415929226831,0.46779999999999994,0.5636160714285714,
MEPCE,NUMB,0.2100207928963837,11.74914237463688,166.0911457333334,142.975952,0.1485212771811604,0.1284014332388963,1.5086067202312254,1,-0.0834305602927351,0.1606978856783147,0.46779999999999994,0.5636160714285714,likely background
MEPCE,MCM7,0.1046619254679875,21.86920868183463,666.0670576666689,513.4677739999988,0.0256057092103307,0.0238141162445712,0.5207958777259969,1,-0.0836629767141863,0.2810598748613575,0.4662999999999998,0.5382231404958677,
MEPCE,EPB41L3,0.2311063021086772,9.251908713655542,81.24828083333324,140.58575439999993,0.1454948495941345,0.1239599495755875,1.1468661376226803,1,-0.0840718448353725,0.2000854681453352,0.3808,0.7074774034511093,
MEPCE,ZC3H4,0.2891197059860408,2.254215264329654,66.86157226666666,131.1394043,0.1533676953631753,0.1255173443356625,0.2829431135395717,1,-0.0852562365857826,0.3279574492875095,0.3803,0.7087776866283839,
MEPCE,ALDH3A2,0.2045280550550013,11.392296914728878,106.57950846666677,183.05432129999997,0.2408723264726376,0.2090362456304434,2.3814029761622084,1,-0.085624039289493,0.1660350722027656,0.4700999999999999,0.5929951690821256,
MEPCE,KLC1,0.1816930528380319,13.344387017059244,321.5004879999997,257.06787099999974,0.0101555454445874,0.0089538955531762,0.1194842475719098,1,-0.085801544513421,0.2128337992709183,0.46509999999999985,0.49675625579240035,
MEPCE,UBE2O,0.0536080019390543,27.39453093687876,217.99869800000124,506.5346679999994,0.0445092686156361,0.0428861466068182,1.174845869984,1,-0.0858797824336071,0.3201218184174441,0.4270000000000001,0.5946902654867257,
MEPCE,EIF2B3,0.0925845867157074,23.564317016520196,144.07938666666678,221.67920000000004,0.1042005872708829,0.0977245100892893,2.3028113360281406,1,-0.0861146297688118,0.1010453759161834,0.42960000000000015,0.5869759143621767,likely background
MEPCE,TRAPPC3,0.1590281330246316,14.805037364146274,356.2366533333334,583.8579099999997,0.1114461975592674,0.0998152518340294,1.477768532914476,1,-0.0867401608088319,0.2064096949884234,0.4688999999999999,0.5765661252900232,
MEPCE,EIF2B4,0.1622878688575056,15.004488955275544,329.51684599999953,225.328614,0.0951889310138116,0.0850622398055219,1.2763154376729535,1,-0.0870076889416052,0.1525785848437835,0.4681999999999998,0.571590909090909,likely background
MEPCE,CKAP5,0.0737268261179137,25.48920550809251,88.53283733333319,43.26147500000002,0.1521246997605262,0.1445472636075911,3.684394907726312,1,-0.0874316810626693,0.1662410309271167,0.38990000000000014,0.6862910008410429,
MEPCE,DARS1,0.1483224215619268,16.55172806652372,220.39892600000007,233.47607399999993,0.0455581375222103,0.0411074353041786,0.6803990906669812,1,-0.0874440350185645,0.093825362631396,0.46639999999999987,0.5363070539419087,likely background
MEPCE,HSD17B10,0.0147792858115638,32.243846298674995,35.950683666666464,-43.582520000000386,0.0037106658229659,0.0036728833423221,0.1184278859627986,1,-0.0876413516510929,0.0776220980557071,0.2463,1.0,likely background
MEPCE,GIGYF2,0.1296820056409215,18.809236607025568,120.51041666666627,142.94909699999994,0.0636619687350073,0.0581896655409151,1.0945031872427562,1,-0.0878199909587765,0.0645564373220798,0.4670999999999998,0.5548317046688382,likely background
MEPCE,MRPS7,0.2278548600674435,7.456594820233614,165.2703243666664,58.34436000000005,0.0934090585266179,0.0797630139069605,0.594760476344864,1,-0.088752962284852,0.2580297933473127,0.4654999999999998,0.5200783545543585,
MEPCE,CNN3,0.2056163676146698,10.026799566424502,117.63470456666676,30.65661620000003,0.1035748997933121,0.0898176304946565,0.9005833785010982,1,-0.0888747122630741,0.1728446205648502,0.4217000000000002,0.601018675721562,
MEPCE,RAB5C,-0.1915656989422259,56.1559659088299,-432.0135096666663,-387.62231500000007,0.0198376080378347,0.0226548549645899,1.2722052630609966,0,-0.0890725099191927,0.1128677529618146,0.01730000000000001,1.0,likely background
MEPCE,SF3A1,0.2077281957165288,8.95493556098119,295.68204733333346,223.67944300000025,0.0331219105367249,0.0286805002770637,0.2568320318378088,1,-0.0892384174931532,0.1703061019643159,0.46419999999999995,0.4926873857404022,
MEPCE,AP2A2,0.1252802071961319,18.661941714769668,123.5330809999998,59.52343799999994,0.0438161160779644,0.0401721207999777,0.7496897769278708,1,-0.089523171965495,0.0715025780475153,0.46599999999999986,0.538540596094553,likely background
MEPCE,WDR33,0.1558007143422777,14.509931038743188,339.74055999999973,235.77539099999967,0.0994911469337085,0.0893074414368507,1.2958448164952994,1,-0.0895814290595083,0.1094955341632503,0.4681999999999998,0.571590909090909,likely background
MEPCE,CALU,0.0620538580017233,25.584490068782255,107.56250033333345,23.288818999999876,0.0226169842818269,0.0216650045075692,0.5542880926640275,1,-0.0900684830350561,0.3144663564304147,0.3818000000000001,0.7081260364842454,
MEPCE,YWHAQ,0.2061741017691696,9.110437559315882,103.1902262333333,162.84906,0.1186398691792486,0.1028418391846701,0.9369341543771424,1,-0.0902763860954281,0.2652337778967481,0.4654999999999998,0.5200783545543585,
MEPCE,SDF4,0.1773799053326344,12.407284109969838,104.3639525000001,86.75134280000009,0.1096511984456674,0.0969662390013008,1.2030876763643772,1,-0.0904086098995732,0.5524655241280146,0.46659999999999974,0.5432489451476793,
MEPCE,C3,-0.0025600560210689,32.67994598532248,-9.694987000000763,80.04833999999937,0.0517350448758683,0.0518274491817793,1.6937182398175954,0,-0.0906163556575142,0.0895187421084118,0.0458,1.0,likely background
MEPCE,HNRNPA0,0.0322499797885831,29.558689250888555,199.9692383333313,-572.1376950000013,0.2365770109817838,0.2313495057971593,6.838388150204872,1,-0.0906246168900444,0.1736200500483615,0.40090000000000003,0.6587837837837838,
MEPCE,NKAP,-0.0553539201745354,39.5039343780568,-342.9098306666674,-212.6044920000004,0.0382500306305703,0.0397465548127666,1.5701452930773694,0,-0.0910853808613346,0.2592564456251355,0.0002,1.0,
MEPCE,A2M,-0.1914423268887058,57.860137175291136,-1181.6891273333313,-1120.96875,0.0495895009679664,0.0566271337678327,3.276453727650363,0,-0.0911461223611726,0.1882294532342882,0.02070000000000001,1.0,
MEPCE,HSPA9,0.0450186602755424,25.816974910408796,292.5937499999982,490.5771480000003,0.0343055619676627,0.0332519240932833,0.858464090039114,1,-0.0911675312543302,0.261561242797969,0.4251,0.5914260717410323,
MEPCE,MTRFR,0.2001870720569706,8.522146362886847,321.9803876666665,327.2695309999999,0.1790965895149779,0.1558937782026714,1.3285495949065853,1,-0.0915099592869407,0.1614370776771328,0.46679999999999977,0.5498392282958199,likely background
MEPCE,DDX17,0.1567238253285105,12.83907361037703,393.84318066666674,553.2556159999999,0.0173088094289734,0.0155271775744942,0.1993545758403269,1,-0.0915454129989492,0.1654548330457934,0.46499999999999986,0.494921514312096,
MEPCE,CCDC43,-0.0710007692021655,40.51101233349347,-123.64656566666643,-175.625,0.054888695694147,0.057658167328471,2.335790727770319,0,-0.0916938487565492,0.0477515844900817,0.0007000000000000001,1.0,likely background
MEPCE,ALB,0.1179910045324008,15.547001132466404,1104.9899099999984,626.632810000001,0.0423741315112857,0.0390468478751259,0.6070613881338269,1,-0.0919880498667237,0.2950874686770317,0.5469,0.3929663608562691,
MEPCE,MYO1C,0.1552503205094171,13.59950028003936,187.04398599999968,287.6461179999999,0.0777811350266852,0.0698462626755135,0.9498742688153492,1,-0.0920984944190677,0.1624352709437101,0.4666999999999998,0.5456475583864119,
MEPCE,SBF1,0.1939489434915596,9.708478218833994,113.41888426666674,114.19934080000009,0.0503610637740033,0.0440265081789194,0.4274303957063559,1,-0.0921004374994149,0.2641427734657825,0.46539999999999987,0.5179786200194364,
MEPCE,RAB9A,0.1632448519565825,12.953222728596714,199.80175766666684,113.78613300000006,0.0447931831719339,0.0400013093692925,0.5181458696959482,1,-0.0921803862167425,0.0925321827726829,0.4647999999999999,0.49264705882352944,likely background
MEPCE,BRD9,0.2438571272794258,4.089785378336657,79.84650673333334,131.43414300000006,0.1565966212908539,0.1322445384289406,0.5408517796315617,1,-0.0922323978722804,0.2551637410340973,0.38,0.7049714751426243,
MEPCE,BRD2,0.1189436625793312,17.920301827836298,85.86617016666673,158.03869609999992,0.1128722219271065,0.1039406583797821,1.862647970349718,1,-0.0924458581840468,0.1927478841769835,0.38600000000000007,0.697907949790795,
MEPCE,LRPAP1,0.2024793960901828,8.024197659620462,283.1949056666672,228.223755,0.1369210688991704,0.1189930738465628,0.954823944670634,1,-0.0925718169531232,0.2251857665298204,0.46509999999999985,0.49675625579240035,
MEPCE,TXNDC5,0.1053321092447211,18.58848596343608,288.0327149999998,339.6784669999997,0.0512823145217213,0.0476720173781253,0.886150625881963,1,-0.0928028875871499,0.1811848845473397,0.46649999999999986,0.5424973767051416,
MEPCE,CAD,-0.1291249101283311,48.95384525410139,-953.482745999998,-731.7402299999994,0.0281311795860484,0.0307654423598649,1.5060867044588062,0,-0.0929275244972273,0.2511873694440431,0.011900000000000006,1.0,
MEPCE,DSP,0.1220843201493657,17.25690615240716,167.00333633333298,97.49133299999994,0.0834713950611548,0.0766991622109097,1.3235902442419238,1,-0.0930370034881486,0.2246447720762869,0.46869999999999984,0.5750577367205543,
MEPCE,LSM12,0.2549375990120192,1.6066857536583257,158.67109183333332,460.3605347,0.5599991188352046,0.4692962877174828,0.7540116597204184,1,-0.093347269908988,0.5667523665153918,0.4632999999999998,0.4981851179673321,
MEPCE,STUB1,0.0610003174980061,21.73557257520716,435.2893843333313,968.87695,0.036638812345709,0.0351222738941069,0.7634027332316646,1,-0.0937327392429131,0.2450875327842332,0.474,0.5924528301886792,
MEPCE,PSMB5,0.1290449530287212,14.629140346651884,499.53987600000073,566.3237300000001,0.0382635884957507,0.0349899455782127,0.5118728245853855,1,-0.0939230197965661,0.2406631539332114,0.4655999999999998,0.5301204819277109,
MEPCE,SRP72,0.1028646614929387,18.61783979487074,74.29435203333355,68.73596200000009,0.0879986163350381,0.0819435055126241,1.5256110578641433,1,-0.0952356459155842,0.1500759961469755,0.3838000000000001,0.7064220183486238,likely background
MEPCE,CD2BP2,0.2183160499317947,5.200603043942549,323.34297633333335,76.29467699999987,0.0603971743617597,0.0519159343350344,0.2699941661319018,1,-0.0952851411612925,0.1837339457586747,0.46549999999999975,0.5180487804878049,
MEPCE,CAPRIN1,0.1899401350448311,5.883815594987281,2681.0214833333303,-1007.6406199999984,0.1789360006149858,0.1568642059495664,0.9229600612613558,1,-0.09557399999137,0.2130066378720841,0.5398000000000002,0.41654135338345866,
MEPCE,BAG5,0.1853637447320185,8.892997395718641,158.9084068666666,145.79589899999996,0.0482975432249056,0.0424745524930169,0.3777260847047144,1,-0.0956611991212879,0.1871474174486762,0.4652999999999999,0.515972894482091,
MEPCE,SPINDOC,0.1642618946916832,10.14199255260876,394.67024733333346,517.608886,0.0411552926434834,0.0367266919528787,0.372481836268052,1,-0.0957092126371235,0.2016111355680988,0.4640999999999999,0.4913557779799818,
MEPCE,TXNDC12,-0.0212300218822787,43.15190596520981,-3925.3437999999737,-2033.1875,0.0541253267209013,0.0549282561907636,2.3702589459767855,0,-0.0960813316011818,0.1300489968042826,0.0012,1.0,likely background
MEPCE,BZW2,0.1969567233726722,6.879889402576216,331.81132000000025,196.95141599999988,0.0436066739875155,0.0380423091171079,0.2617268793443193,1,-0.0963331224042758,0.1091256182886826,0.46449999999999997,0.4922089825847846,likely background
MEPCE,HDAC1,0.0853584723384958,18.691921192954833,305.5662436666653,379.2749020000001,0.0337481263764153,0.0318096067148127,0.5945826618921675,1,-0.097218007540768,0.1409120113016445,0.42479999999999996,0.5893635571054926,likely background
MEPCE,EIF5,0.1722611768024107,9.67331217003674,154.24890133333338,123.65905799999996,0.1912859692173882,0.1697583669203873,1.6421256766965455,1,-0.0972587735480812,0.2037272115986249,0.46779999999999994,0.5636160714285714,
MEPCE,AGPAT1,0.1956259298131151,7.081103659910775,88.3232422333333,151.37658699999997,0.0208291637387707,0.0181880589624108,0.1287915308854007,1,-0.0973601143487479,0.2434768935894364,0.4654999999999998,0.5200783545543585,
MEPCE,TUBG1,0.134314847076911,13.799795443508016,131.06693533333328,154.96508800000015,0.1498216721890783,0.1365041324171763,1.8837291045505649,1,-0.0974956472656631,0.2271456493834783,0.46929999999999994,0.5851063829787234,
MEPCE,NUP43,0.1642614259167681,10.5169346003247,111.4914143333334,122.64819380000006,0.0588463301898734,0.0525140657464937,0.5522869950530261,1,-0.0975453283914542,0.1805174065342539,0.46539999999999976,0.5169738118331717,
MEPCE,PRKACA,0.2033333900051838,5.490968156289475,185.17077619999984,394.143677,0.3416407025358308,0.296731689133019,1.629344255991395,1,-0.0976170901413357,1.265188767563021,0.4684,0.5738831615120275,
MEPCE,SCAMP3,0.2116946986950338,4.625798501059225,175.36769646666676,240.89672899999985,0.0792788101123262,0.0684596097690605,0.31668036025282,1,-0.0980950714659055,0.1713689594607511,0.4651999999999997,0.5071090047393365,
MEPCE,GBF1,0.0527860942296087,22.931030404965338,40.01057946666674,68.45105000000012,0.1692888347430794,0.1632083239477869,3.7425350387901326,1,-0.0981866546784147,0.2583029245383486,0.34900000000000003,0.8020917135961384,
MEPCE,RAVER1,0.0994571422160784,17.25027769243651,66.2144368666668,174.66198710000003,0.1811348636278907,0.1690699869061105,2.916504223587012,1,-0.0986603132098229,0.2809431190090134,0.38940000000000013,0.6859781696053736,
MEPCE,SEPTIN9,0.2199942580135053,1.6753309046458444,821.7513843333327,530.450683,0.7995344877422605,0.6864613022741513,1.1500498345433183,1,-0.0988088672847689,0.8248310317554046,0.4890999999999998,0.5579227696404794,
MEPCE,PNN,0.1915896816828062,6.650244357109421,184.06443266666656,100.74023399999987,0.1066637188319528,0.0933998724453347,0.6211319746843271,1,-0.0990967572662403,0.1344783641165575,0.4654999999999998,0.5200783545543585,likely background
MEPCE,BABAM2,0.1943473333072791,5.82435189693411,155.20585073333336,314.9650873999999,0.0617602242634173,0.0539769428168355,0.3143807092859402,1,-0.0995053744226634,0.1625080691436489,0.4651999999999997,0.5071090047393365,
MEPCE,PSMB2,0.0224537274370522,25.914200968115452,164.61621366666623,-506.2294899999997,0.0826393421454443,0.0813639232984758,2.1084810599110355,1,-0.1008183845482131,0.1943561188558905,0.34040000000000004,0.8231075697211155,
MEPCE,PKP2,0.1860047848489443,5.527540184827961,295.9025473333336,516.9702150000003,0.3352067865988994,0.2946616394211728,1.62875405282782,1,-0.1008422141951726,0.3832002764848792,0.4684,0.5738831615120275,
MEPCE,EXOSC6,-0.2855858082774504,62.49727172836643,-755.8400066666659,-764.8002930000002,0.0196787401715606,0.0239868091581756,1.4991101298549718,0,-0.1009183816110304,0.2412222768569277,0.01720000000000001,1.0,
MEPCE,API5,0.0933381988857806,16.869034514574857,120.45125333333316,115.91259799999987,0.0642989921137987,0.0602713110699995,1.0167188266784997,1,-0.100991874963004,0.1898359384235692,0.4263000000000001,0.5908691834942933,
MEPCE,COPS4,0.1582089428943685,9.189294668542868,235.63663699999984,213.94702099999972,0.0696604996601274,0.0624259039386619,0.5736500262425152,1,-0.1010603606544664,0.2407498912074108,0.4655999999999998,0.5301204819277109,
MEPCE,MARCKS,0.1912119027184333,6.001302412131144,59.939066566666725,67.76791380000003,0.2914915969906768,0.255310881580915,1.5321978094748738,1,-0.1012188443505634,0.2357131909785142,0.38300000000000006,0.7054908485856906,
MEPCE,SPTY2D1,0.149420493213469,10.138044789976345,182.30932600000028,243.0054929999999,0.1023037323441935,0.0922391609160534,0.935124744756785,1,-0.1012357045156545,0.1148120564691009,0.46509999999999985,0.49675625579240035,likely background
MEPCE,SEPTIN2,0.0367784808874809,23.11867623771673,100.7408853333327,61.64257799999996,0.0513005345850378,0.0500097517240041,1.156159258835849,1,-0.1014618759234585,0.1507221413384356,0.42690000000000006,0.5936395759717314,likely background
MEPCE,EIF3M,0.1828023439221364,6.254498355156364,301.1813963333334,137.70922800000017,0.0327895382111558,0.0288875119185554,0.1806768957791648,1,-0.1014897385316488,0.7333691046211405,0.4646,0.4921946740128558,
MEPCE,PRKACB,0.2149130815008488,3.063460549788696,168.8865149333335,-6.221192000000201,0.3596484883722967,0.3098751123009082,0.9492901818951744,1,-0.1016915324124436,0.8779396981481749,0.42250000000000015,0.5962199312714777,
MEPCE,VPS18,0.133930697268785,11.731323865484818,112.45585130000018,225.2220460000001,0.2521946519285506,0.2298384442755151,2.696309226535253,1,-0.1018880920494626,0.7160046574302108,0.47319999999999984,0.5947630922693267,
MEPCE,QARS1,0.1219579305135052,13.361354121984862,74.10605880000003,51.16833489999999,0.081895339401326,0.0752575685289983,1.0055430234754898,1,-0.1020850223973556,0.2311742482561519,0.33629999999999993,0.8307210031347962,
MEPCE,PFKM,0.1647237900211592,7.745927561799326,188.96984900000007,396.186402,0.2572338062289167,0.2294801454582607,1.77753658359086,1,-0.1020912225013291,0.2319920191161808,0.46779999999999994,0.5636160714285714,
MEPCE,MPLKIP,0.1788626982189277,6.616866859114644,146.3412269999999,167.37267999999997,0.1372350444209849,0.1212343885786449,0.8021918079710629,1,-0.1021590620569483,0.1427996808091267,0.4654999999999998,0.5200783545543585,likely background
MEPCE,CTTN,0.0120063210835786,25.69276711325456,11.158325333333323,80.44738800000005,0.1061331881818714,0.1052546410664054,2.7042829805083537,1,-0.1021779649492689,0.0786547020945866,0.2980000000000001,0.9715165511932256,likely background
MEPCE,LONP1,0.0005111151976691,26.756894010122508,0.8958333333334849,39.54736300000013,0.0242708190055239,0.0242624644485697,0.6491881896747472,1,-0.1028619944405622,0.1655679671517005,0.2441,1.0,
MEPCE,ATXN2L,0.1175689379456937,12.830053763822,232.51171866666664,260.80004899999994,0.0224734168791375,0.0207148281228453,0.2657723585244375,1,-0.1028695089149694,0.5334485318822894,0.4647999999999999,0.49264705882352944,
MEPCE,CSNK1D,0.0034940389909705,26.96977432497081,4.837849999999889,-279.8829350000001,0.250136226572405,0.2495336481265685,6.72986617646023,1,-0.1028948543152175,0.2051553412331891,0.2606999999999999,1.0,
MEPCE,FKBP3,-0.002161970162065,27.07476332920667,-14.387696333333224,34.99023400000078,0.0448847276506826,0.0449524908891391,1.2170780518817603,0,-0.102899814291077,0.1560040449127996,0.002,1.0,likely background
MEPCE,CCNT2,0.1833772262781628,3.7910099401672177,471.6022133333336,908.0571289999998,0.2814468454779976,0.2478552738898505,0.9396218070392914,1,-0.1030468947519617,0.3663942196096786,0.4994000000000003,0.5334242837653479,
MEPCE,WASHC5,0.1511526945746979,9.122564480295257,79.11191813333312,97.19451909999998,0.0064609492671261,0.0058183353217751,0.0530781391408729,1,-0.1039953641105022,0.2389430342478455,0.38050000000000006,0.7093596059113301,
MEPCE,TIMM13,0.07277333238893,17.33438423886071,166.65087900000026,158.883057,0.0638988612922236,0.0607561565234877,1.0531705620544998,1,-0.1046374788641483,0.3102483691870989,0.4263000000000001,0.5908691834942933,
MEPCE,XPO5,0.0641945154503035,18.773630826497087,58.21565766666686,-0.232665999999881,0.1661064834639113,0.1588789142978341,2.9827340831422084,1,-0.1046425063988369,0.1830755235993,0.3008,0.966820987654321,
MEPCE,PTS,-0.2290154680345009,60.930817835505046,-2563.2633466666684,-2579.187499999998,0.0113704084264439,0.0133266711246257,0.8120049706482556,0,-0.1047361638350888,0.1181342394886472,0.01720000000000001,1.0,likely background
MEPCE,POLR2L,0.0754650180804625,17.198112197639805,119.3650716666666,33.869628999999804,0.0587930824900073,0.0557972915204691,0.9596080798934438,1,-0.1049499773807261,0.1427994918662732,0.3808,0.7074774034511093,likely background
MEPCE,PSRC1,-0.0073932927872623,26.57249562124819,-8.909545666666645,96.65429700000004,0.1143869755922886,0.1149758279149122,3.05519468381839,0,-0.1050049268191761,0.1550833136564088,0.04939999999999998,1.0,likely background
MEPCE,DCLK1,0.1950886922399189,3.0877739557177923,92.96646120000004,230.58050540000005,0.0790404165970116,0.0690439240417903,0.2131920304567977,1,-0.1058482876556956,0.3902820548492539,0.46549999999999975,0.5180487804878049,
MEPCE,LTN1,0.1468268383264032,8.578104124614327,123.08174669999994,89.30603099999985,0.2140033450979671,0.1932970393157333,1.65812213023003,1,-0.1060888521144967,0.191283589872812,0.4679999999999999,0.5688487584650113,
MEPCE,CCAR2,-0.0192618627179451,27.547004319321612,-69.24739599999975,38.61474600000019,0.0565470098484853,0.0573076295156046,1.5786535177964431,0,-0.1062393528841096,0.1094517611554145,0.0010999999999999998,1.0,likely background
MEPCE,RPS27L,0.0906693079755947,12.900271855208462,694.0162746666647,551.1718700000001,0.027380063720977,0.0257125027740612,0.3316982758631921,1,-0.1063139109143775,0.2215428414370469,0.4242999999999999,0.5896103896103896,
MEPCE,PSIP1,0.1056164521937912,13.09851025108285,77.01116916666672,121.82470730000011,0.0473680516753812,0.0440246425115234,0.5766572312374474,1,-0.1063498168200539,0.0702041340793109,0.37980000000000014,0.7046379170056957,likely background
MEPCE,DHCR24,-0.029728856136977,28.466726228846422,-41.101195999999845,26.422607999999855,0.1068837739250428,0.1091102348587215,3.106011184488362,0,-0.1067237535167339,0.2103552764410072,0.0036000000000000016,1.0,
MEPCE,SEPTIN11,0.1155589109457352,11.3032714648753,286.88427733333356,143.91162099999974,0.0153726335585307,0.0141894507549048,0.160387213820169,1,-0.1069161335118643,0.1806223762746594,0.46539999999999987,0.5179786200194364,
MEPCE,POLR3D,0.16631108730962,5.902348018661248,208.15824399999977,42.66467300000022,0.0955568768336231,0.0851532427435403,0.5026040735899158,1,-0.1070069055723064,0.127589045272254,0.4217000000000002,0.601018675721562,likely background
MEPCE,COPG2,0.092652558722806,13.100722343625604,379.6907549999996,385.61669900000015,0.0526131412285003,0.0493409043534282,0.6464014881176519,1,-0.1072809840972756,0.235940522509522,0.42419999999999997,0.5891003460207612,
MEPCE,NFATC2IP,0.0886284082996794,14.302535859551712,173.26391633333287,136.92602599999964,0.094779239510944,0.0891327886996684,1.274824906638854,1,-0.1074283322005427,0.1119471696106795,0.4278,0.5950266429840142,likely background
MEPCE,PPP1CA,0.1201922670944914,10.972697466208318,84.25172940000004,85.63006599999994,0.0523836401946889,0.0481967987167151,0.5288488911582528,1,-0.1075348240194739,0.2576357391265966,0.3821,0.7070539419087137,
MEPCE,ATP6V1A,0.0077733590611812,23.728911885370355,12.10351533333278,19.881347000000005,0.0214517076485323,0.0213366471387278,0.5062954198841133,1,-0.1077094103886199,0.2510030150686974,0.24419999999999994,1.0,
MEPCE,0T10,0.0718243428597756,16.166770290917775,62.36771633333342,173.86303700000008,0.141888241694783,0.1349985977097688,2.1824913187698507,1,-0.1077620410704453,0.2017977979851656,0.34409999999999996,0.8154093097913323,
MEPCE,JPT2,0.1153578433405174,11.163039688640884,112.97469066666667,179.22375499999998,0.0781231502259808,0.0721203101197248,0.8050818842235775,1,-0.1078216536091417,0.2186627560350027,0.4655999999999998,0.5301204819277109,
MEPCE,CAPZA1,0.0257034105442876,21.67042060918968,110.40917966666711,-114.6396480000003,0.0154958154789181,0.0152223325349757,0.3298743486858773,1,-0.1079518441444367,0.1610669681402709,0.3574000000000001,0.7840451248992748,likely background
MEPCE,TFG,-0.0086752229767818,25.50050594911669,-31.686848666667174,-70.49365200000011,0.0571272957215585,0.0574724270256711,1.4655759672783009,0,-0.1083855802478043,0.2447594162320012,0.0009,1.0,
MEPCE,USP9X,0.0972554945593757,12.849873924259512,190.06819666666615,-10.935058000000026,0.1030053428888113,0.0962912868889408,1.2373308965275924,1,-0.1089927795007353,0.200871796468577,0.4217000000000002,0.601018675721562,
MEPCE,ZW10,0.1160214093140934,10.764677806213532,164.15551733333314,-1.9532480000000303,0.1117357085400155,0.1031027075536458,1.1098674277632552,1,-0.1090255631257252,0.1241831879867386,0.4217000000000002,0.601018675721562,likely background
MEPCE,YWHAG,0.0879394507732982,13.84292790293366,190.5577800000001,-13.388671999999588,0.1097233395016738,0.1032358863472168,1.429086931699976,1,-0.1091092797768167,0.3336855533228428,0.3809,0.7086419753086419,
MEPCE,RCOR1,0.123956931964268,9.428637807297369,65.82574463333344,148.3132935,0.1118615052024048,0.1026525848394354,0.9678740424339012,1,-0.1098055789596744,0.1706966536218228,0.38,0.7049714751426243,
MEPCE,SLC1A5,0.0870431173733372,12.110684119484798,403.1427413333331,467.4814460000007,0.0656506683751415,0.061807425114833,0.7485302018044542,1,-0.1103892862177991,0.265593859120091,0.4244,0.5883882149046794,
MEPCE,VPS51,0.1005461818883836,11.946212579191869,85.54439333333335,3.6037599999999657,0.09771193024479,0.0911347961556189,1.088715648236342,1,-0.1105138935964081,0.2282895316735261,0.33840000000000003,0.8284584980237154,
MEPCE,THRAP3,-0.0349501234677852,29.033265721350062,-417.1041633333334,-592.14257,0.0159387201504163,0.0163297272303958,0.4741053098372476,0,-0.1106481277469852,0.2134799383822363,0.0001,1.0,
MEPCE,AP3M1,0.0762237618282267,14.136805026304708,123.4488116666662,180.06201099999998,0.0298033915435395,0.0282698932902748,0.3996459695590546,1,-0.1108388339918109,0.1534265882556737,0.4253,0.5919439579684763,likely background
MEPCE,0RS1,0.0857716292824451,13.130418341245946,62.05668130000015,45.534180000000106,0.0174814630761202,0.0164725955863272,0.2162920712146389,1,-0.1114666856548406,0.1790605949018135,0.29619999999999996,0.9716257668711656,
MEPCE,EIF2S2,0.1306885059731298,7.578836360255529,157.08459500000026,239.98669500000003,0.0265357584367522,0.0242378621680641,0.1836947910941862,1,-0.1114722343818371,0.1756113807831954,0.4647999999999999,0.49264705882352944,
MEPCE,GEMIN5,0.1815528180463536,2.0793336451819755,292.7956136666671,-92.7120359999999,0.7530591299481432,0.6640183231267114,1.3807156402946876,1,-0.1117978367050224,0.702894612121791,0.44309999999999994,0.5648648648648649,
MEPCE,SMC2,0.0816898973938315,11.894263269121616,293.1289066666659,635.0371099999993,0.0492944752478547,0.0465812611175632,0.5540497831399952,1,-0.1119495227546615,0.1299790172349899,0.4241,0.5875754961173425,likely background
MEPCE,ANP32A,0.1427855719108373,5.293116983344779,284.6464030000002,481.2209469999998,0.169574230639127,0.1535964043038667,0.8130037362014882,1,-0.1120572455137974,0.1697238856677725,0.46509999999999985,0.49675625579240035,
MEPCE,MRPL54,-0.0032931516520994,22.873609056339433,-4.540446000000202,48.595703000000185,0.0807369984432604,0.0809223134172912,1.8509853610416904,0,-0.1122180035158491,0.5016113078018776,0.0017000000000000001,1.0,
MEPCE,AP3S1,0.0919073369029056,11.679898570949076,130.65429700000027,111.4639900000002,0.1468980472961269,0.137833007490886,1.609875547222413,1,-0.1125997111652864,0.1591621267216169,0.42700000000000016,0.5952170062001771,likely background
MEPCE,RABL3,0.1921766520865543,0.4614807106598442,208.58162433333337,0.0,1.8459228426393777,1.4142135623730951,1.305264559577452,1,-0.1127031888524531,1.4332156643555458,0.4736999999999999,0.5919899874843555,
MEPCE,IRAK1,0.1331411258485455,6.978705450538044,62.25463866666678,161.46618650000005,0.1134326651914885,0.1034338341945219,0.7218342624633585,1,-0.1128595871520063,0.1799010707646321,0.38,0.7049714751426243,
MEPCE,ACTR2,0.1089276337118744,9.726866822420972,63.21472169999993,91.9319458,0.0331490981745093,0.0307386832613548,0.2989910783797795,1,-0.1130449922651758,0.1674542768979736,0.37900000000000006,0.7061688311688312,
MEPCE,ALDH18A1,0.1246499770022516,7.551826739438425,146.6234129999998,217.51330600000009,0.0840343437395434,0.0770792382971146,0.5820890528276971,1,-0.1131295990665059,0.2213299526875359,0.4654999999999998,0.5200783545543585,
MEPCE,MYL6,-0.0212816442924976,25.06411789293456,-250.24153999999908,-131.54493000000002,0.0124178892224717,0.0126025550176328,0.3158719247141438,0,-0.1135053462830816,0.0996541746372168,0.0002,1.0,likely background
MEPCE,PRRC2C,-0.0001602075089776,22.08212427856051,-0.3617353333333994,-105.1511230000001,0.0888726604156927,0.0888834189729514,1.9627347040640768,0,-0.113755270706587,0.1024907483243256,0.0017000000000000001,1.0,likely background
MEPCE,RAF1,0.1037798748042406,9.508925519497662,120.10949700000016,199.49084500000004,0.0491131315978906,0.0457046947950575,0.4346025386975746,1,-0.1141301982647231,0.2240332368237388,0.4652999999999999,0.515972894482091,
MEPCE,ANP32B,0.0138916880036001,20.16334288500684,14.211954333333097,-35.185302999999976,0.1083491231634265,0.1073119008233245,2.1637666519425407,1,-0.1141773645377527,0.3145617814128122,0.24559999999999998,1.0,
MEPCE,SNRPB2,0.1581595014502256,3.5066031042300527,50.943827333333275,2.573059100000023,0.2167221258738423,0.1942210913409137,0.6810562818029968,1,-0.1149782374175431,0.4753872771846759,0.33399999999999996,0.8364485981308412,
MEPCE,MYH14,-0.0950707738250676,32.896002210756976,-255.3140463333334,-277.67114300000003,0.0299329882054312,0.0319722991630846,1.0517608239518166,0,-0.11502775589575,0.0625920661368789,0.0002,1.0,likely background
MEPCE,SNRNP200,0.1000499312721864,9.024341915091762,231.74666333333337,304.02905199999987,0.0775963727684436,0.0723981455921825,0.6533456198424489,1,-0.1152449627788705,0.1306949887892664,0.4651999999999997,0.5071090047393365,likely background
MEPCE,CNP,0.1274452554929783,6.599174659267547,150.6501053333334,-47.74719300000015,0.1055460106994566,0.0966230971190311,0.6376326940078576,1,-0.1155321332959172,0.2691631438309416,0.4217000000000002,0.601018675721562,
MEPCE,THSD1,0.0576520744489893,14.529183839649043,3.694234199999997,0.0,1.531866771978299,1.414213562373095,41.09473767248735,1,-0.1156788984317346,1.430463902938437,0.3749000000000002,0.732200647249191,
MEPCE,CCDC134,0.0515327648736184,14.359681248251745,114.33927433333338,275.78539999999975,0.0172654684686782,0.0166597948536742,0.2392293437600267,1,-0.1160307810025233,0.1171629120535228,0.4256999999999999,0.5924627519719544,likely background
MEPCE,SEC13,0.1114925378279679,7.90429060740257,99.52010133333351,122.280029,0.0646012142018028,0.0597973726515718,0.4726558109971707,1,-0.1161220214526691,0.1339345113022993,0.4655999999999998,0.5301204819277109,likely background
MEPCE,ADRM1,-0.037909058309267,25.062727515625596,-111.79370100000052,-127.2551269999999,0.0543366565312273,0.0557839334322517,1.3980975233623227,0,-0.1169918176593005,0.2038032293402815,0.0,1.0,
MEPCE,ZNF706,0.0017169670177542,20.17813527866855,15.135739999999714,-17.259769999998753,0.1213494580466405,0.1212063352654154,2.445717829617206,1,-0.1170361870014448,0.1327218257447915,0.2446,1.0,likely background
MEPCE,UGGT1,0.0794245373016488,11.01982032739008,95.81026199999997,143.5992429999999,0.0280812433882879,0.0265773255326818,0.2928773521527114,1,-0.1170874420092107,0.1197878709907157,0.4250999999999999,0.5909090909090909,likely background
MEPCE,MRPL14,0.1254141724218526,5.617555758274358,77.91440836666686,196.89953620000009,0.0863704178258366,0.0791800139881958,0.4447981435196338,1,-0.1175010598718988,0.2379249494105439,0.38,0.7049714751426243,
MEPCE,GPN1,0.0946670285277378,9.380419376885351,65.58593773333337,-5.417663000000061,0.0912475823127064,0.0854530991874147,0.8015859074325307,1,-0.1176379624223906,0.2738467277054441,0.2954,0.9657794676806084,
MEPCE,TXN2,0.1045942846557407,6.516511711088585,339.7049153333346,696.5893560000004,0.1331088127679522,0.1238011936587012,0.8067519283236722,1,-0.1176430381545505,0.1692964295732111,0.46509999999999985,0.49675625579240035,
MEPCE,PDCD6,0.0920017040615748,9.134764496419878,85.74348966666639,131.25707999999986,0.0334965511824138,0.0314274320668197,0.2870821906576329,1,-0.1182116780613352,0.131124161398419,0.34040000000000004,0.8231075697211155,likely background
MEPCE,ARCN1,0.0581226054949879,12.222523864129082,251.81770833333303,332.90429700000004,0.0019679095634258,0.0018902213319807,0.0231032753386205,1,-0.1183076345622451,0.1417833412486661,0.4247999999999999,0.5888501742160279,likely background
MEPCE,BAG2,-0.0133784680043239,20.636777598300405,-86.51432299999942,425.6611329999996,0.0400678541050814,0.0404415495287168,0.8345832633547806,0,-0.1184005653820594,0.0710709422593934,0.0405,1.0,likely background
MEPCE,RNF20,0.1123936301438071,6.600147547537182,89.64910869999994,182.9222407000001,0.1092684818421013,0.1010799626047697,0.6671426672910209,1,-0.1185423437571641,0.2381019650345943,0.4654999999999998,0.5200783545543585,
MEPCE,ACTR1A,0.0137001182576853,17.672951602070555,43.33479833333331,190.04003999999983,0.0596528437455745,0.0590896350081029,1.0442882596822176,1,-0.1186509370007673,0.1286493246266044,0.29009999999999997,0.9644444444444444,likely background
MEPCE,PSPC1,-0.0117368021169552,21.075191060547784,-57.14176433333341,-24.766114000000016,0.0445305807582457,0.0448947820022018,0.9461661083180452,0,-0.1186764419172327,0.4525375815067741,0.0007000000000000001,1.0,
MEPCE,HBD,-0.0409474010504887,24.05540723366102,-79.86409500000036,24.82373000000007,0.1010653761363197,0.1039760370335406,2.50118591338404,0,-0.1192061399175548,0.1294618567344749,0.0002,1.0,likely background
MEPCE,EXOC2,0.0694074525065,10.742181385894318,74.35388166666667,179.59399400000007,0.1671525159085489,0.1593027715194664,1.7112592669377884,1,-0.1200753815882669,0.1542482790042073,0.3414999999999999,0.820943245403677,likely background
MEPCE,TAF4,0.1208109659914984,4.9176676211277535,76.63293470000008,142.26135250000004,0.1272811640176358,0.1170578135438744,0.5756514194647212,1,-0.1203602772396303,0.2212535374093766,0.38,0.7049714751426243,
MEPCE,DYNC2I1,0.0885545068628946,8.221152314431487,48.86340333333351,131.11907960000008,0.1750418759086263,0.1646222300550701,1.353384427624113,1,-0.1211839256939948,0.1648608363462695,0.33879999999999993,0.8259493670886076,
MEPCE,PYCR1,0.0405518451755891,13.788530611243711,14.862436933333356,-1.0005492999999888,0.2009056338029279,0.1953390252474898,2.693438129195522,1,-0.1214122174221042,0.1960650906075121,0.2977000000000001,0.9708141321044547,
MEPCE,TRAP1,-0.0274855959192115,21.46059536382096,-19.33422823333342,0.6684570999999551,0.0595153580356247,0.0606607067502307,1.3018148820501048,0,-0.1214244966443207,0.1209324574744012,0.0002,1.0,likely background
MEPCE,NCAPG,0.0432527392440833,12.730955882530186,124.83015966666608,255.03832999999983,0.0564475310688101,0.0547808534590611,0.6974126285946587,1,-0.121626810848014,0.115893368948539,0.4241,0.5875754961173425,likely background
MEPCE,DDX49,0.0778395296821007,8.972996565850764,93.77412900000012,118.409179,0.1525567033579632,0.1445451009998366,1.2970026948820863,1,-0.122029352618826,0.2019362369075545,0.4263000000000001,0.5908691834942933,
MEPCE,APP,0.015666354283271,15.922676967868169,34.795572666665976,86.3647460000002,0.1122428395519161,0.1110316767968853,1.7679215228375489,1,-0.1224132885338098,0.2430400958269543,0.2924,0.9561338289962825,
MEPCE,SSR1,0.0779166717724784,8.960178183371148,85.05708833333324,28.912598000000116,0.0687915098764797,0.0651753993598564,0.5839831914366875,1,-0.1224196845994317,0.1881520715169098,0.2977000000000001,0.9708141321044547,
MEPCE,TFIP11,0.0725204272779467,9.309972102225888,141.05362933333345,-113.39306699999996,0.1114809791381119,0.106016650901758,0.9870120622667886,1,-0.1233025699691311,0.2575479520496556,0.3809,0.7086419753086419,
MEPCE,PSMD8,-0.0321189031772997,22.225287248621388,-178.93278033333263,-472.80078199999934,0.0318066719823172,0.0325230617793398,0.7228343902504868,0,-0.1233560441643228,0.2243426989680048,0.0,1.0,
MEPCE,DIDO1,-0.2172977123130415,45.095145081675234,-944.7768553333336,-901.5029299999997,0.0128116893871664,0.0148944537154592,0.6716675512109328,0,-0.123407447190885,0.1372300866704301,0.007700000000000002,1.0,likely background
MEPCE,PPP4R3A,0.1111585932251815,4.571142683639129,62.639037933333384,168.7418212,0.0551698791273696,0.0510791877425929,0.2334902553357834,1,-0.1234165188150433,0.2398407997303197,0.3798,0.7048780487804878,
MEPCE,POLR1C,0.0201718482007295,14.785514543828718,41.02758766666602,70.76830999999993,0.0994736321952345,0.0980934315326628,1.4503618585802525,1,-0.1238246310178867,0.2564055250964532,0.2987,0.9699537750385208,
MEPCE,DSTN,0.0533336652354523,11.360449752235006,35.997761966666644,-92.68872069999998,0.3489013611951082,0.3362418884324265,3.81985907813319,1,-0.1238512007609932,0.4658449708937324,0.3016,0.962934362934363,
MEPCE,SF3A3,0.0492072670064676,11.544009919704564,75.08585600000015,-39.81591799999978,0.0251719828671559,0.0243281318821744,0.280844195775703,1,-0.1240971286315212,0.175864544831877,0.296,0.9701378254211332,
MEPCE,SF3B4,0.0810423081216362,7.673369084208143,100.6704103333334,104.27111799999987,0.0567327835525796,0.0536342278315956,0.4115552256983423,1,-0.1241028223474441,0.2403697849007521,0.42450000000000004,0.5888985255854293,
MEPCE,COPB2,0.0187908596472432,15.3839501874854,114.19905599999947,-329.75,0.0280129218332024,0.0276506970391387,0.4253769458993606,1,-0.1241217267518712,0.170456704002427,0.33610000000000007,0.8287724784988272,
MEPCE,NOP2,-0.4105073324225713,65.33795852512266,-651.118815,-662.2344970000001,0.0161741322936396,0.0214981844144698,1.4046474816380667,0,-0.1243437308136792,0.1602906002713621,0.01720000000000001,1.0,likely background
MEPCE,RCC2,-0.2342519364841035,58.3669416433473,-4278.4739633333265,-4156.156260000003,0.0141376338918173,0.0166302469777632,0.9706566548655609,0,-0.1244854005862213,0.1446580281714443,0.01720000000000001,1.0,likely background
MEPCE,PDIA6,-0.075616372360302,27.579226357065377,-750.5292966666675,-455.1875,0.0164597301053956,0.0173456301755327,0.4783790609169614,0,-0.124499693809997,0.1396299863314367,0.0003,1.0,likely background
MEPCE,SLFN11,0.0931852324637296,5.750312565687605,65.46870909999996,214.41943329999992,0.0784606115366262,0.0735536467986848,0.4229564594386251,1,-0.1250403479472888,0.280352952162038,0.33930000000000005,0.8253968253968254,
MEPCE,MRPL58,0.0753850539848309,8.362675131562083,75.88260900000023,-173.1005859999998,0.1493575640100035,0.1417549330253636,1.185450453187457,1,-0.1251541501803922,0.1178790203152971,0.2954,0.9657794676806084,likely background
MEPCE,CFL1,-0.0380954299627669,21.34716339412492,-121.97363300000052,-145.41308599999957,0.0418852580605209,0.0430064427666732,0.9180655607402552,0,-0.1252265157763076,0.0915198632357001,0.0,1.0,likely background
MEPCE,ADD3,0.0952225140338893,5.574851951165475,50.34891766666669,124.09478760000002,0.0399147815227611,0.0373656885062444,0.2083081814756784,1,-0.1253356440527371,0.3006737682225268,0.3768000000000001,0.7220421393841167,
MEPCE,NTPCR,0.0663335773759357,8.754522006691506,198.91878266666663,-4.758788999999524,0.0635252768174858,0.0606711626539671,0.5311470286257153,1,-0.125366586461983,0.1470124164572294,0.381,0.7079207920792079,likely background
MEPCE,ACTBL2,0.1642359652372755,1.4200919457049244,1450.3302013333323,-3323.628906000001,0.9457750985252276,0.8440181753879532,1.1985834128969983,1,-0.1253822005647729,1.0891074883996392,0.5377999999999998,0.42664670658682635,
MEPCE,ANKFY1,0.0569258973938947,9.813575375297196,98.69653300000029,83.43163999999979,0.0390669472898139,0.0375558199986127,0.3685568703374801,1,-0.1254094145240605,0.1735159615691341,0.42369999999999997,0.5882859603789836,
MEPCE,SNIP1,0.0344596384144718,12.492310284680997,31.66349266666657,13.314575000000104,0.0610323619026372,0.0595924214615839,0.7444470195135902,1,-0.1255918151745268,0.222332935128806,0.2926,0.9610778443113772,
MEPCE,MON2,0.0410994890755086,11.24459308019476,77.19750999999951,148.4658199999999,0.0337723634317609,0.0328241505691161,0.3690942163527542,1,-0.1259842732030178,0.179417109592901,0.33819999999999995,0.8285939968404423,
MEPCE,RAB10,-0.0790549336960597,26.564814124738344,-435.40266900000006,-390.8173830000005,0.0149168326480392,0.0157572023206876,0.4185871507749638,0,-0.1260455609999815,0.1257309702465298,0.0003,1.0,likely background
MEPCE,ELOB,0.0524227285749974,9.747755574701062,90.3386230000001,229.05590800000027,0.0242420775457463,0.0233772386463197,0.2278756083357805,1,-0.126117779183884,0.2313859223657242,0.42399999999999993,0.5879310344827586,
MEPCE,CCDC93,0.0990233381316127,5.102439674866052,63.06085203333316,-118.27099610000003,0.3465995853711853,0.3236108682490823,1.6512049333719685,1,-0.1263261065924396,0.56412437448891,0.3367,0.8324154209284028,
MEPCE,DPYSL3,0.0668894928361204,8.411901903192103,48.56781016666662,-44.85815400000001,0.1455270682144985,0.138935165458582,1.1687089827413557,1,-0.1267267584659283,0.1549607989189003,0.2932,0.9645550527903469,likely background
MEPCE,DDX1,-0.0384507959827576,20.717354777571817,-208.168619666666,-89.10644499999944,0.0569031176762028,0.0584406940335671,1.2107365917409352,0,-0.1268054958601381,0.1256784408645311,0.0,1.0,likely background
MEPCE,TRAPPC1,0.0693865358137317,7.802947443015359,36.96097820000011,36.235717799999975,0.1664024946303224,0.1585902717191328,1.2374715551979183,1,-0.1271746287364685,0.214785396856972,0.2926,0.9610778443113772,
MEPCE,CCDC22,-0.0651071220950222,23.11403581538724,-76.34781899999984,-32.23181199999999,0.0220676957801606,0.0230866398685989,0.5336254207797438,0,-0.127342063673501,0.1849178734480937,0.0,1.0,
MEPCE,RDH11,0.0664590951801482,7.90162926994183,13.000366199999974,31.473358099999984,0.2717745927861393,0.2595415058085981,2.050800759061996,1,-0.1277860954048989,0.2879754607109255,0.2927,0.9646616541353383,
MEPCE,UBE2E1,-0.1149163170333442,29.184761762107325,-216.93196633333355,-316.12939400000005,0.1062259735670609,0.1150346516224917,3.357258901989435,0,-0.1279257298362995,0.1019155009899731,0.0024000000000000007,1.0,likely background
MEPCE,SCP2,0.0865491295260235,5.42337089581209,73.61710623333329,42.31958000000009,0.193877700231469,0.1825904527516182,0.9902557473062786,1,-0.1280013566298558,0.3154572686923289,0.2954,0.9657794676806084,
MEPCE,CHMP2A,0.0084046370301114,14.261941370089067,5.508972266666547,48.67504880000001,0.1410702581829574,0.1402522157374032,2.000268877871928,1,-0.1280541087468759,0.1143404444950919,0.2447,1.0,likely background
MEPCE,GART,-0.0701810241259037,23.783253214797472,-233.33154300000024,-115.56543000000056,0.0244408548880801,0.0256594619436421,0.6102654807611001,0,-0.1280666275524138,0.1727707756651657,0.0002,1.0,
MEPCE,NCAPH,0.0720684267893712,6.537276511692944,284.2718099999993,94.0678710000002,0.0929652231362871,0.0884361625300202,0.5781316480917609,1,-0.128070499532176,0.1824545148109114,0.4247000000000001,0.5876736111111112,
MEPCE,MLLT11,0.0732751831407751,6.8688165168987645,39.04583736666655,-29.20141600000011,0.2806636316438443,0.2667670832002947,1.832374147251091,1,-0.1285042169752515,0.2103789934512029,0.2928,0.9653875094055681,
MEPCE,TIMM50,-0.0273939743555276,18.26661143066514,-28.85673033333319,-51.93615799999998,0.0803308471317471,0.0818715817619669,1.4955163712597808,0,-0.1285883055513565,0.1338088883937608,0.0001,1.0,likely background
MEPCE,MED1,0.0398962683356714,10.64242013833708,12.133280433333312,-44.31350709999998,0.1874695886653053,0.1823581079354189,1.9407316002809496,1,-0.1285909591705792,0.2145024619498974,0.29250000000000004,0.9582712369597616,
MEPCE,IBA57,0.1014174518934198,3.585250720075018,216.4649246666668,-199.651124,0.2240797805520234,0.2088704601675866,0.7488529677182403,1,-0.1287500140923482,0.477313269762447,0.4217000000000002,0.601018675721562,
MEPCE,TARDBP,0.0603150601110154,8.113646610144684,31.42091879999998,-25.09326169999997,0.0831630597416966,0.0797586845149192,0.6471337802440736,1,-0.128967184707715,0.1254506283631928,0.29250000000000004,0.9582712369597616,likely background
MEPCE,NDUFS7,0.0418713355319524,10.091915199651948,35.07731116666673,18.82287599999995,0.2717170857118779,0.263946944394909,2.663730180040669,1,-0.1289716176291464,0.2152748695448435,0.29790000000000005,0.9715384615384616,
MEPCE,EEF1B2,-0.3283278459371785,60.416285359525865,-2392.9833966666665,-2594.8271490000006,0.0119010787445675,0.0149426736546595,0.9027808355541794,0,-0.1294202501819609,0.1835460021772129,0.01720000000000001,1.0,
MEPCE,PSMD4,0.0524930534289209,8.641672116171385,50.41467266666655,-9.31225600000016,0.0727447716329771,0.0701461741290603,0.606180237027203,1,-0.1295871444465304,0.1434804018152541,0.2933,0.9659863945578231,likely background
MEPCE,QPCT,-0.2818592991755252,52.3695294140981,-1784.4363620000022,-1676.2001950000013,0.0193282003786838,0.0234987522781183,1.230618598623525,0,-0.1296346679173644,0.1348863216104686,0.017400000000000013,1.0,likely background
MEPCE,MYCBP,-0.0132778420972249,16.101394400646285,-28.07967066666697,-44.76977500000021,0.028672563928442,0.0289379619717817,0.4659415388585614,0,-0.1298284997870235,0.172808111054692,0.0007000000000000001,1.0,
MEPCE,PSMC3,-0.0158501867196825,15.85941450744394,-67.8203126666649,262.8896480000003,0.0520785813279837,0.052654430234317,0.8350684347393232,0,-0.129946272860549,0.2046839777816524,0.0414,1.0,
MEPCE,ECPAS,0.0743346152081278,5.612133147992087,101.13362633333328,154.62341300000026,0.0846003503758573,0.0803524896732719,0.4509488708190614,1,-0.1300206863955151,0.172604649717694,0.4247000000000001,0.5876736111111112,
MEPCE,FAM204A,0.0570511649793914,7.929153355149434,22.93491613333333,-24.46850589999997,0.034883089389678,0.0335308840218419,0.265871521542915,1,-0.1301941352660023,0.156247489784386,0.2924,0.9561338289962825,likely background
MEPCE,USO1,-0.1316751586687868,29.636661287761044,-181.0437013333335,-239.2852780000001,0.0616463419226486,0.0675383180975845,2.001610257403175,0,-0.1305835381805604,0.1499367016918754,0.0004,1.0,likely background
MEPCE,FLII,0.0590027017867746,7.256792485349098,59.684447999999975,54.42309599999999,0.1183070269719897,0.1135672544605668,0.8241339987511702,1,-0.130729778243119,0.1624478683561447,0.2954,0.9657794676806084,
MEPCE,PCBP1,-0.0271225682548987,17.162534619135815,-43.91162133333364,-45.84106500000007,0.0903055630471148,0.0920202982946636,1.579301555145369,0,-0.1309587850373816,0.1050332570892566,0.0001,1.0,likely background
MEPCE,CYFIP2,-0.1452812801693886,30.417155442800095,-63.124165833333336,-88.67449950000002,0.1354529161254264,0.1498053023611183,4.556651168073804,0,-0.1311487832926967,0.5124409923952233,0.007200000000000004,1.0,
MEPCE,MATR3,0.0385482638754094,9.51031594313238,34.484415666666564,-47.06579600000009,0.130100036281541,0.1266710768092376,1.2046819613126387,1,-0.1313028382626071,0.1892217791139942,0.29250000000000004,0.9582712369597616,
MEPCE,MBD3,0.0733312145304703,5.195085475506896,74.73624633333316,109.04467700000008,0.0583514769247791,0.0554601558183235,0.2881202499611218,1,-0.1314528412231128,0.2644993709619134,0.3391,0.8263283108643933,
MEPCE,PQBP1,0.0367483800675994,9.27021943782199,43.04187000000002,107.03527800000006,0.0323527187576084,0.0315393436706842,0.2923766367521246,1,-0.1316321741477201,0.1467502902216402,0.3354,0.8306010928961749,likely background
MEPCE,PPP1CB,0.0878577702381019,1.8815526773178728,307.8147783333334,692.8779290000002,0.3800030049041781,0.3575553601935889,0.6727592452616037,1,-0.1319360769997205,0.5851186995633387,0.42410000000000003,0.5885911840968021,
MEPCE,EIF4ENIF1,0.0080091796533382,12.018921621319969,9.169189333333406,182.41821200000004,0.1147109769161604,0.1140770531671646,1.371083160807303,1,-0.1324946930215903,0.2455690824383056,0.2905,0.9651335311572701,
MEPCE,LRRC59,-0.0068482814666763,14.709838445462816,-53.45670666666774,-568.0029300000006,0.0086528685199274,0.0086941275317114,0.1278892114157253,0,-0.1334163792909401,0.1000217073773136,0.0018,1.0,likely background
MEPCE,PSMD3,-0.1819273079711186,35.82557320586994,-771.3123370000003,-719.9228519999997,0.0294218953542408,0.0333765274424221,1.195733227246222,0,-0.133560511272027,0.1571455952576302,0.0,1.0,likely background
MEPCE,SBDS,-0.0508600786236303,18.75144545462955,-111.7411296666669,-91.90600600000016,0.0401995294014447,0.041642412040023,0.7808554179677015,0,-0.1337302387935471,0.1302090059540427,0.0,1.0,likely background
MEPCE,ACACA,-0.0606360591796726,19.834760431325652,-81.70719399999984,-121.78747499999986,0.0417856086974834,0.0435797299777973,0.8643935037714717,0,-0.1337517665085004,0.157478948604194,0.0,1.0,likely background
MEPCE,SF3B2,0.0481987464737191,6.8960973540883215,59.037679000000026,149.8145750000001,0.0695650810089355,0.0672800378375026,0.4639696909141638,1,-0.1337773790969151,0.13010146674786,0.33930000000000005,0.8253968253968254,likely background
MEPCE,PSMD2,-0.0810808079867288,22.381366397397535,-263.43229166666606,-196.09082000000035,0.0602443358555463,0.0637277477923161,1.4263140730207686,0,-0.1341995516239091,0.1472219339310058,0.0001,1.0,likely background
MEPCE,DYNC1LI1,0.0545494488437137,6.40504738421443,31.82820636666679,-68.8301391,0.225235244562446,0.2168800031546699,1.3891266968942362,1,-0.1342537040372134,0.6879338239481342,0.29250000000000004,0.9582712369597616,
MEPCE,LRCH2,0.0357707822968409,8.273042198700558,16.247375499999976,21.853027300000008,0.0740131469851985,0.0722013019036556,0.5973244174500625,1,-0.1344744172904901,0.1848779124317848,0.2926,0.9610778443113772,
MEPCE,CCT7,-0.0459483952499211,24.985895795484023,-1437.3059899999937,-2857.804689999997,0.046702657900745,0.0482145287365449,1.204683190839682,0,-0.1349424587986636,0.2363690030241521,0.0,1.0,
MEPCE,THOC3,-0.153248433201308,29.825541004786377,-158.71602399999983,-187.1990969999999,0.067633993331174,0.0752146147198974,2.243316575487509,0,-0.1351349624079283,0.1505375946589797,0.0007000000000000001,1.0,likely background
MEPCE,RPS28,-0.0576465737658617,25.56785589394672,-1924.058593333335,-2116.0351599999995,0.0413701153766216,0.0430570825781817,1.1008772825727138,0,-0.1355783295111561,0.1593143912771577,0.0001,1.0,likely background
MEPCE,ZNRD2,-0.0028036110571344,11.915819515300948,-3.131917333333149,50.811157000000094,0.0353552466475365,0.0354243747673654,0.4221104561703077,0,-0.1359099553478842,0.2261543082359506,0.0017000000000000001,1.0,
MEPCE,TUBA1B,0.0585605159236294,4.7165447544406645,16.07349653333324,167.98226929999998,0.7665394302799557,0.7360548826233736,3.4716357956177117,1,-0.1360933310218842,0.4668983812847105,0.37219999999999986,0.7520193861066236,
MEPCE,TRAFD1,0.05461512172937,5.421792957845435,27.21903480000003,-46.60400389999995,0.0662706927333395,0.0638094354293771,0.3459615476550899,1,-0.136307721834271,0.1639521375225908,0.2926,0.9610778443113772,
MEPCE,UBE2N,-0.0066549795034585,12.040199909072866,-5.9343673333332845,70.146972,0.1333657968160879,0.1339837644099268,1.6131913080656417,0,-0.1365133645022526,0.113598464158904,0.043599999999999986,1.0,likely background
MEPCE,CSDE1,0.0373587924264932,7.237544697227057,13.302337666666688,-46.583465599999954,0.1291144947200403,0.1258152007284937,0.9105931388630676,1,-0.1366160568227502,0.2337062139219085,0.29250000000000004,0.9582712369597616,
MEPCE,SRP68,0.0121026955499435,9.85045699998678,18.479451666666137,60.2248539999996,0.1285152379988896,0.1274429034431435,1.2553708403201524,1,-0.1366494744431099,0.2134526282902887,0.29009999999999997,0.9644444444444444,
MEPCE,ABCF1,0.0491532025177256,5.68305233730171,78.2658286666665,-62.63769500000035,0.0882730429984699,0.0853170257908154,0.4848611228321238,1,-0.1369294793768274,0.2283647463530653,0.2954,0.9657794676806084,
MEPCE,SERBP1,-0.1548280765111608,40.74994325557362,-3271.3717466666676,-3560.564449999998,0.0370942222224888,0.041297047152763,1.6828523280978431,0,-0.1371585330753799,0.0972219476389214,0.0,1.0,likely background
MEPCE,HSPA8,-0.0515751608644985,23.3411826404338,-5762.296899999987,2265.2187999999733,0.0594473898899321,0.0616116674484503,1.43808918269595,0,-0.1371622536226499,0.2634106463660608,0.1202,1.0,
MEPCE,EDF1,-0.0910794545055317,31.475060782100325,-3042.5768233333365,-2677.8632799999978,0.0300246307689918,0.0319815824688759,1.0066222521156245,0,-0.1374787353530703,0.1270938062104229,0.0,1.0,likely background
MEPCE,C1QB,-0.010366645396641,12.49184859908648,-26.167480333333515,-208.16332999999983,0.0501630233489489,0.0505252823604886,0.6311541776733184,0,-0.1375933529195774,0.1295580825190236,0.0007000000000000001,1.0,likely background
MEPCE,TAF15,-0.0053176120905682,10.71100910860119,-21.47981766666453,461.8398440000001,0.11883816506479,0.1192781946440749,1.2775898292901924,0,-0.137621817023738,1.0314142587441293,0.04249999999999999,1.0,
MEPCE,HOOK1,0.0331195108235515,7.0027676173942135,13.177530933333172,73.75854490000006,0.0162567499992638,0.0158879551536675,0.1112596578567146,1,-0.1376928920721229,0.1858360002369103,0.33690000000000003,0.8330708661417323,
MEPCE,UBAP2L,-0.224443622279645,43.86646653260435,-2301.550783333334,-2149.543950000001,0.0447338145059877,0.0522643157828041,2.292650859135842,0,-0.1380251370316437,0.1411935732902274,0.0020000000000000005,1.0,likely background
MEPCE,RBM3,-0.1122655097529893,30.143483506545586,-1781.9218733333364,-2088.1757800000014,0.0150105554377867,0.0162254497266881,0.4890915762227085,0,-0.1382566856596722,0.1711285654451827,0.0,1.0,
MEPCE,ENSA,0.022219728784845,7.9654171091210975,67.61653633333299,-136.8115230000003,0.0571972117674428,0.0563235902258702,0.4486408892322724,1,-0.1388538047150256,0.1204927199205164,0.2537,1.0,likely background
MEPCE,FDFT1,0.0160778954772083,8.195920136187178,20.393106999999873,72.01867599999991,0.0296957872591459,0.0293669747144042,0.2406893794006853,1,-0.1392258187351442,0.0954874924596261,0.28759999999999997,0.9785502958579881,likely background
MEPCE,EEF1D,-0.0707567115007023,19.781541233856103,-409.48258433333376,-537.6210939999992,0.0198455790674468,0.0208433839873538,0.4123142597989361,0,-0.1392401278375948,0.2227092723004698,0.0,1.0,
MEPCE,TUBB2A,-0.1598579024381424,28.40873392213689,-104.89105233333328,-116.08563229999992,0.0792549466487805,0.0885428003860943,2.5153888568894325,0,-0.1393360615328327,0.1351126518246569,0.0006000000000000001,1.0,likely background
MEPCE,RABL6,-0.0871070862298841,20.64201719326339,-228.0846353333336,-215.58544900000015,0.041362134834422,0.0439368993292832,0.9069462313737484,0,-0.139384149896914,0.0811980274716736,0.0,1.0,likely background
MEPCE,CLNS1A,-0.0235231895641457,16.87227726326582,-755.1250033333417,-1566.8984400000045,0.0048916908279705,0.0049721543314183,0.083891566475438,0,-0.1394221009647719,0.0926014421665552,0.0004,1.0,likely background
MEPCE,PRDX6,-0.2180545229837091,38.65077850632253,-1365.755045333333,-1052.7958980000003,0.0556727457519607,0.0647572868475232,2.5029195506140147,0,-0.1398562729599294,0.0923161809465379,0.0003,1.0,likely background
MEPCE,TRMT10C,-0.1122800216417456,22.356677044854827,-144.45515966666676,-73.23791499999993,0.0594946884497939,0.0643105973470546,1.4377712554497992,0,-0.1409021071333792,0.1110543788026753,0.0001,1.0,likely background
MEPCE,SLC30A7,-0.0100592813279609,10.48267459980045,-10.116495666666424,16.046387000000095,0.0394233783963969,0.0396996206868787,0.4161582053960562,0,-0.1409548364461267,0.0686156306897763,0.0007000000000000001,1.0,likely background
MEPCE,DUT,-0.0703855446154996,17.461127181323796,-57.389729333333435,-84.79162599999995,0.1010910740703793,0.1061464639564182,1.853436906990822,0,-0.1410467448879934,0.0964700457044482,0.0,1.0,likely background
MEPCE,RTN3,-0.0158420567827196,11.336476435265029,-20.7803550000001,-120.61425800000006,0.0104948411805358,0.0106108260749907,0.1202893797578285,0,-0.141077998497242,0.160219066965768,0.0008,1.0,likely background
MEPCE,KRT14,0.0667838992385442,2.073269979974373,50.26565543333322,-234.4837640000001,0.0997374385940144,0.0952266267249806,0.1974305064831276,1,-0.1412623617538889,0.5409388017723467,0.29350000000000004,0.9667170953101362,
MEPCE,XPO7,-0.0560715422750954,15.796694283398285,-75.44600466666702,-108.18945299999996,0.1646492111215818,0.1711762017144708,2.704018127076814,0,-0.1413428917459573,0.1872877324304025,0.0022,1.0,
MEPCE,DPYSL2,-0.0757017594684529,17.7380551665513,-70.42211900000007,-9.396117999999888,0.026614368161078,0.0280484739629851,0.4975253784930091,0,-0.1414984166239205,0.0933276252371776,0.0,1.0,likely background
MEPCE,DIABLO,-0.0299380790609493,13.234000057103993,-62.16821300000038,-386.4497070000002,0.1055222666918275,0.1077359896591306,1.42577809330109,0,-0.141577870920763,0.2599799411417329,0.0,1.0,
MEPCE,PAK4,-0.1355523339815846,24.776342016150167,-135.1285806666665,-186.9415280000001,0.083399934149914,0.0916169431173909,2.269932717150653,0,-0.1417106155789471,0.1379133008743831,0.0002,1.0,likely background
MEPCE,HNRNPH1,-0.0327486544629401,13.14621727631056,-99.24161800000002,-234.4638670000004,0.0138998339769347,0.0142191089847649,0.1869274961892603,0,-0.1420109383140386,0.0766783759272752,0.0,1.0,likely background
MEPCE,LLGL1,0.0595976738770716,2.262269217294757,23.349360166666656,-67.24462890000007,0.2058063429620104,0.1974795983818255,0.4467520164629354,1,-0.14205963005768,0.4944017545774802,0.29280000000000006,0.9661144578313253,
MEPCE,MSRB3,-0.0752346329057719,17.75716015759197,-117.97981766666636,-176.50073199999997,0.0241439830146627,0.0254367354716372,0.451684185656164,0,-0.1421788280207107,0.155797528118412,0.0002,1.0,likely background
MEPCE,CLASP2,0.0180389422736832,6.3852844589361935,23.92228166666655,197.27758700000004,0.1091716762350679,0.1078161959964234,0.6884370807175814,1,-0.1421859473409582,0.1135445223126988,0.29130000000000006,0.9651076466221232,likely background
MEPCE,BZW1,-0.025182001834865,11.511835195842677,-18.843098900000314,-9.203125,0.0438283297572658,0.0446005154491386,0.5134337835001189,0,-0.1425313424910212,0.0709361753735586,0.0002,1.0,likely background
MEPCE,NUP160,0.005431690108893,7.763685943948597,2.9502970333332996,13.332336400000033,0.1809650182464939,0.1802867691352527,1.399689855415268,1,-0.1430539896731928,0.2014764029274609,0.24359999999999998,1.0,
MEPCE,NEK9,0.0219617604883989,5.288501317201916,19.851074333333145,205.60290599999985,0.1102274142303413,0.1085632280618237,0.5741367746046471,1,-0.1435994629676229,0.2762071272314962,0.2948000000000001,0.9643669446550417,
MEPCE,0P1L1,-0.0177012440700719,10.30008432750784,-70.26041666666697,-105.55371100000048,0.0417778374785078,0.0422940191998726,0.4356319643079241,0,-0.1439215803675723,0.1623023312063399,0.0007000000000000001,1.0,
MEPCE,KLC2,-0.0354647933003843,11.85180705198402,-46.97810866666646,92.3028569999999,0.059823724122953,0.0613131830145184,0.7266720148310564,0,-0.1440137448058977,0.1996257382896742,0.03969999999999999,1.0,
MEPCE,ZNF703,-0.0016671662754055,8.0786096661604,-0.7591348999999354,25.537109399999963,0.0652440090619436,0.0653201020272205,0.5276956076316871,0,-0.144064964721765,0.2643042671700324,0.0018,1.0,
MEPCE,HP,0.0166012525282215,5.5120814402473535,21.52701799999977,39.22668399999998,0.0603859795147128,0.0596956841212425,0.3290474725075698,1,-0.1450563719240532,0.422836040116008,0.2475,1.0,
MEPCE,STIP1,-0.0832651957656096,28.2328360160346,-3136.901039999997,-3258.675780000005,0.019231787740657,0.0203746229082032,0.5752333874558447,0,-0.1452493892319492,0.2432911147184978,0.0,1.0,
MEPCE,PSMC2,-0.0695728139429952,15.693554633792116,-319.761555666666,-225.98046900000008,0.002373343045001,0.002490626344161,0.0390867806044539,0,-0.1462777521646732,0.0791402865274258,0.0001,1.0,likely background
MEPCE,PSMD1,-0.1240802143700028,22.486189956983505,-408.3680009999989,-637.7846680000002,0.0563520253613024,0.0614138224593886,1.3809628778062726,0,-0.1467253983066409,0.0905088505986446,0.0,1.0,likely background
MEPCE,E0H,-0.0847709309923391,16.33878175315158,-151.16096999999945,77.76416000000017,0.1460521970743835,0.1548928223576,2.530760019630504,0,-0.1467307799904141,0.2417187195614026,0.04379999999999999,1.0,
MEPCE,LRBA,-0.0455106638238645,11.921011444914624,-33.81247940000026,-53.343504999999936,0.0618163423107268,0.0637981170787656,0.7605380838599679,0,-0.1468212224907513,0.1868321208704828,0.0001,1.0,
MEPCE,R0SEL,0.0144003211167616,4.968160380026706,7.4325968666666995,26.29071050000005,0.2389362046198573,0.236565458265841,1.1752951370392128,1,-0.1468807673804285,0.5824929599613914,0.2447,1.0,
MEPCE,EIF4E,-0.0503683981825741,12.292626586945527,-22.108103433333326,8.765808099999958,0.1227869225035903,0.127150774656095,1.5630169930882338,0,-0.1469089413363801,1.1854829491136727,0.0,1.0,
MEPCE,COPS8,-0.0829811231555336,16.21188381502478,-72.00964366666676,-126.32324199999994,0.0711249294859647,0.0753366416005754,1.2213488806426909,0,-0.1470482845056502,0.1945381509883827,0.0001,1.0,
MEPCE,MMS19,-0.1883908252720491,28.010443867401484,-118.72408043333326,-105.83331300000008,0.1068880346795124,0.1217994507835748,3.411656679253652,0,-0.1471638001798839,0.1749866770391414,0.0030000000000000005,1.0,
MEPCE,PNISR,-0.0759773970307327,15.67632697956254,-169.67154966666658,-229.26367200000004,0.0111686412676751,0.0117727086185372,0.1845528297393039,0,-0.1472930308814287,0.0563235665747744,0.0,1.0,likely background
MEPCE,ESYT1,-0.1229261660944889,20.561309504267467,-181.34411600000044,-87.2448730000001,0.084354100173647,0.091857662457651,1.888713828130293,0,-0.1475979796339364,0.187355661545993,0.0,1.0,
MEPCE,UBE2I,-0.0383227024856248,11.61667175884164,-127.76692700000058,-456.9169920000004,0.0489392279922083,0.0502571500182531,0.5838208152969089,0,-0.1476684387360362,0.2738476383977158,0.0,1.0,
MEPCE,NDEL1,0.0251650830360671,3.4197731809084826,8.888610866666738,-117.017334,0.0667067985784718,0.0655539584221781,0.2241796689145545,1,-0.148176024857457,0.2649208399657411,0.2567000000000001,1.0,
MEPCE,HSPD1,-0.2229229900112787,36.19528181427614,-1432.889971999999,-1507.6582,0.0464980877133823,0.0542683563094269,1.9642584502172604,0,-0.1484085296748905,0.1701304086404581,0.0001,1.0,
MEPCE,RPS21,-0.0455152794912623,10.85659243456523,-22.21002196666666,-28.028747599999974,0.0398742682211055,0.041152732047996,0.4467784394139643,0,-0.1489926826892742,0.0841386587739387,0.0,1.0,likely background
MEPCE,ARF4,-0.023798799034384,7.919475889564735,-28.27209466666659,204.85961900000007,0.1842045902109564,0.1872703472517539,1.4830829998906807,0,-0.1492133687822912,0.1475873229940313,0.042299999999999977,1.0,likely background
MEPCE,SF3A2,-0.056557095063378,12.221633358953037,-58.7452393333333,-128.17785600000002,0.0088254847619604,0.0091784314378091,0.1121754238431916,0,-0.149245612449639,0.2823560421312862,0.0001,1.0,
MEPCE,COPZ1,-0.093563596770587,16.5596063426684,-382.27734366666664,20.40918000000056,0.0601836519490767,0.0642167940797304,1.0634048305485346,0,-0.1495284835801545,0.130235471122101,0.0001,1.0,likely background
MEPCE,COPS3,-0.0907744068907203,16.1773666130488,-123.6097410000002,-223.4095460000001,0.0487236604530274,0.0518884087307722,0.8394178110054251,0,-0.1496011210115554,0.1129590739217739,0.0,1.0,likely background
MEPCE,SERF2,-0.0695181265107228,13.680761686736128,-476.32161733333305,86.71385999999984,0.1334780170220269,0.1400687796081419,1.9162475935709553,0,-0.150049141289569,0.2455320359615859,0.04099999999999999,1.0,
MEPCE,RELCH,0.0054610385633727,4.5364333526745195,1.985280333333435,-18.258026099999995,0.0979484510783471,0.0975793594159239,0.4426622605870118,1,-0.1501900029751614,0.2791656718564189,0.24359999999999998,1.0,
MEPCE,CISD2,-0.0578631687524172,11.649019551899144,-46.22727456666644,11.69714399999998,0.1458694575938494,0.1518404346228678,1.768792191690651,0,-0.1502171462133073,0.1491016724165706,0.0,1.0,likely background
MEPCE,PSMD11,-0.1299014469096593,21.518789849066064,-505.6041663333317,-575.8842770000001,0.0750446706173088,0.0821161992653916,1.7670412351959963,0,-0.1503911694480268,0.1180090650885563,0.0,1.0,likely background
MEPCE,BUB3,-0.1005608823589348,16.598414645843384,-121.87060533333306,-131.85278300000004,0.1294459528469124,0.1387921729360043,2.303730035989402,0,-0.1507066867928691,0.1987912011970042,0.0002,1.0,
MEPCE,0SP,-0.10346855670985,18.104153621041583,-529.4179683333341,-536.5717770000001,0.038413330488474,0.0412699333768913,0.747157213785392,0,-0.1513220865169377,0.2034909556030477,0.0,1.0,
MEPCE,NCKAP1,-0.0963586945019446,15.698345374375071,-142.41845666666677,-208.51611300000013,0.0575243166435049,0.0614982798649803,0.9654212372504384,0,-0.1520189716605419,0.1751635915638303,0.0001,1.0,
MEPCE,WDR70,-0.0125004771992859,5.635605873500578,-6.1671956333333355,-10.424011199999995,0.027249767943964,0.0274871813385632,0.1549069205975827,0,-0.1521749771340647,0.2180132264063548,0.0007000000000000001,1.0,
MEPCE,PPIB,-0.0639265222944674,32.6003717947848,-5544.3932333333505,-6402.046900000001,0.0086308456716811,0.0090219764995831,0.2941197882102223,0,-0.1527539301064354,0.0698240917278651,0.0,1.0,likely background
MEPCE,VPS52,-0.0392840445562352,8.585187827000441,-34.70503733333362,-135.60192900000015,0.1004892104390677,0.1032641495125734,0.8865421193608993,0,-0.1528805098059953,0.2072189224102071,0.0,1.0,
MEPCE,RAB21,-0.0549838602777904,9.950248370335482,-21.331685366666647,17.39056400000004,0.1280020959186796,0.1329760363817333,1.323144589301014,0,-0.1530891306892168,0.3189672843011101,0.0,1.0,
MEPCE,TRIP13,-0.012971016616905,5.394232639504513,-11.579040666666742,-130.09826700000008,0.0560404487745163,0.0565471409578127,0.3050284334252963,0,-0.1532994229402524,0.1899561302276974,0.0007000000000000001,1.0,
MEPCE,MAP1LC3B2,-0.0835952178711663,12.967380639913108,-19.407470699999976,-54.19204720000005,0.1334495685191164,0.1414120584403494,1.833743988869648,0,-0.153764553302662,0.419069360950517,0.0,1.0,
MEPCE,ARF3,-0.1699450131066856,25.353294142365,-813.8266600000006,-916.9765620000009,0.025214820691376,0.0283673858929852,0.7192066785948316,0,-0.1543446737769541,0.1144455733185954,0.0001,1.0,likely background
MEPCE,CHUK,-0.0583653234781819,9.851055886381891,-65.55334499999981,-70.09741200000008,0.0740622341570369,0.0771207144351127,0.7597204678979947,0,-0.1546420793149326,0.1605881800042661,0.0,1.0,likely background
MEPCE,HMGA1,0.0093305037632613,2.9698449259814463,62.03125033332981,-635.123047000001,0.1786997146562038,0.1775494831893916,0.5272944317606427,1,-0.1548063218645183,0.2798708784525791,0.24789999999999998,1.0,
MEPCE,TXN,-0.0990878321056922,19.33327996348004,-1911.6425766666653,-1022.09375,0.0173933923678507,0.0186301930633087,0.3601827382666309,0,-0.1549360695922621,0.0922323189843523,0.0,1.0,likely background
MEPCE,TACC3,-0.1620366867865299,21.683188762015927,-161.75215699999967,-194.6760259999999,0.0514884584398261,0.057609307080097,1.249153479866684,0,-0.1550193102476807,0.1107794361438276,0.0,1.0,likely background
MEPCE,CNOT1,-0.15982799773451,21.179661818665465,-144.49155700000028,-165.9404300000001,0.1206735083044683,0.1348123912957115,2.855280856608769,0,-0.1553967245240794,0.1699354236388445,0.0018000000000000002,1.0,
MEPCE,CRIPT,-0.1099388455054408,17.563808774318186,-579.6100263333328,-837.1308599999993,0.0327027029568462,0.0352925652778066,0.6198718676945377,0,-0.1554353669738601,0.137489638266513,0.0,1.0,likely background
MEPCE,AP3B1,-0.0604821587959637,9.898366291666592,-159.7767736666665,-122.006347,0.0617159563284112,0.0643589479076136,0.6370484405358486,0,-0.1556287043296939,0.128752411034606,0.0001,1.0,likely background
MEPCE,POLR2E,-0.0632996384405533,10.245564565040546,-105.6127116666662,-218.6677239999999,0.0157841436485727,0.016492278209684,0.1689727012219296,0,-0.1557198166334288,0.1514450631471085,0.0,1.0,likely background
MEPCE,HCFC1,-0.0506300848438581,8.14541698306577,-47.2114260000003,103.51379300000008,0.0591001764626313,0.0612117012431037,0.4985948308679253,0,-0.155722144921737,0.11543083267616,0.03969999999999999,1.0,likely background
MEPCE,FAM98B,-0.0571388445378575,8.775113670358003,-54.174397666666664,32.9718019999998,0.0626927176182675,0.0652262064441525,0.5723673758336759,0,-0.1562385120335874,0.1835817877718106,0.0001,1.0,
MEPCE,MFAP1,-0.0250843533752427,5.696005972807338,-89.37174499999946,-287.0307619999994,0.1807568874518346,0.1839290875224299,1.0476611811007648,0,-0.1565083929491566,0.2287872929164716,0.0002,1.0,
MEPCE,OTUD4,-0.044658596017395,7.165087035945369,-23.486551866666673,50.9143067,0.1116191854152025,0.1151295759965744,0.8249134324269428,0,-0.1565096835801402,0.2170122296193335,0.0,1.0,
MEPCE,EIF5A,-0.1475447114644533,20.568757327977263,-671.2460936666657,-428.1274409999997,0.0144117147604473,0.0159637843492266,0.3283552063154047,0,-0.1568355766700022,0.054178709816731,0.0,1.0,likely background
MEPCE,PCNP,-0.0496062610008206,7.421401442653242,-30.77042633333315,31.4842529,0.0636258148215532,0.0658522812845928,0.4887162153274842,0,-0.1572610689541738,0.1359638915575382,0.0001,1.0,likely background
MEPCE,CYFIP1,-0.0509359404189273,6.932659508500055,-81.9444173333336,170.95727499999975,0.0947260240036212,0.0981311873623315,0.6803101091478679,0,-0.1583096899768773,0.1329841439055458,0.039599999999999996,1.0,likely background
MEPCE,XRN2,-0.1318665676021054,25.912756322669622,-2173.889976666669,-3297.644540000001,0.0738610152238097,0.0809311708855243,2.0971497100649272,0,-0.1584651204650931,0.2668080698255999,0.0002,1.0,
MEPCE,NCAPD3,-0.0973480213938255,11.566418183739588,-67.76141373333337,116.6816399999998,0.2909361298062894,0.311248292727194,3.6000279126577186,0,-0.1596883456205775,0.3277497995693982,0.04619999999999998,1.0,
MEPCE,PPA1,-0.0742537518078012,9.344490991401347,-100.71407066666644,-65.45996100000002,0.0590820211645287,0.0622031707196943,0.5812569684267836,0,-0.159732960336139,0.0891250154232387,0.0001,1.0,likely background
MEPCE,TCEA1,-0.1139505068289874,13.928543887082188,-201.76839133333303,-59.22143500000038,0.0386810627008954,0.0418606162601498,0.5830574307198039,0,-0.1598065123003234,0.082930627405756,0.0,1.0,likely background
MEPCE,TIMM44,-0.0893948277413915,12.844367423605268,-718.7542333333313,-505.87694999999985,0.015747164955251,0.0167539618444262,0.2151940417308743,0,-0.1599625274092758,0.1590235183387706,0.0,1.0,likely background
MEPCE,MLF2,-0.0570993315829028,6.838445252257596,-83.38684099999955,117.66992200000004,0.1556304624832808,0.1619152437135212,1.1072485296408612,0,-0.1602272536044031,0.2746406770152991,0.039799999999999995,1.0,
MEPCE,SND1,-0.3764915250141043,44.72415114792409,-634.6376953333329,-634.1572270000001,0.0579811567972523,0.0752710121527435,3.366432124576534,0,-0.1607083025377817,0.2016135387195347,0.010000000000000002,1.0,
MEPCE,SNRPC,-0.068682404964894,9.601506495783214,-516.5742209999989,-390.09864000000016,0.0519591569321896,0.0544931752655159,0.523216576287705,0,-0.1607217645904039,0.2240331160300339,0.0,1.0,
MEPCE,CBX5,-0.0393149343104618,4.662004653580522,-11.773498533333338,-23.59033199999999,0.1396887997634261,0.1435492815588874,0.6692274186456739,0,-0.1608933827260474,0.1550411439139656,0.0,1.0,likely background
MEPCE,GA0B,-0.2508520960556561,30.40323080622184,-745.672282,-742.8874509999996,0.0230707382778974,0.027452421955754,0.8346423209105835,0,-0.1621182816554603,0.1532059149594325,0.0,1.0,likely background
MEPCE,DHX40,-0.0762447930849245,8.207949887475873,-56.45640049999997,2.671387000000095,0.0838278882003356,0.0883781841006615,0.7254037062443471,0,-0.1622496964507784,0.1442507055848204,0.0,1.0,likely background
MEPCE,POLR2B,-0.10342328227304,11.402788913245422,-109.26623499999982,-67.03185999999982,0.1074229130868196,0.1154077838153358,1.315970597791736,0,-0.1623992848491227,0.1495909481979101,0.0,1.0,likely background
MEPCE,NOB1,-0.0567843383197566,6.237651781734455,-79.96883166666703,-145.60009800000012,0.0439959195493986,0.0457626015546936,0.285451173124439,0,-0.1624633038896513,0.1165507176886077,0.0,1.0,likely background
MEPCE,EEF2,-0.133196714218067,16.247702050220262,-700.5566403333323,-407.3325190000005,0.0149565396551405,0.0164033327969106,0.266516463914811,0,-0.162773025337814,0.1935608469755697,0.0,1.0,
MEPCE,PA2G4,-0.0541721805925535,5.984397643545303,-66.68249499999956,-387.90356500000007,0.3450286359948611,0.3582342469081818,2.1438161830345495,0,-0.1632641359694593,0.2954748981211633,0.0001,1.0,
MEPCE,SF3B1,-0.1528416277647792,16.51130618159879,-189.3376463333334,-72.94531200000006,0.0569549132991557,0.0633207336334991,1.045508020666165,0,-0.1636633623797618,0.0751395061804983,0.0,1.0,likely background
MEPCE,PCLAF,-0.0755681044634059,7.548594212249917,-61.04553250000026,-91.92712400000003,0.0619544104863352,0.0652867532741384,0.4928232079017494,0,-0.1639032385881742,0.9189112567104868,0.0001,1.0,
MEPCE,SEC31A,-0.1412634536475006,14.959459658203334,-181.19401033333335,-175.65258799999992,0.0553527400168784,0.0610475796729552,0.9132388053485286,0,-0.1645843327769751,0.1282991528270271,0.0,1.0,likely background
MEPCE,PHF5A,-0.0738283579608718,6.65046805668298,-68.6907553333333,35.656005999999934,0.0149694059135809,0.0157555542798492,0.1047818104534719,0,-0.1649684274658956,0.1604086347328099,0.0004,1.0,likely background
MEPCE,EXOC4,-0.067851861954141,6.165520361882517,-55.969278866666855,-149.32519500000012,0.0589764497284067,0.0618170993984963,0.3811345850539449,0,-0.1652340896833943,0.1607552745508461,0.0001,1.0,likely background
MEPCE,CSNK2A2,-0.0955640863331075,8.84105288023324,-83.62544766666656,30.82641599999988,0.1203270437034121,0.128568786138113,1.1366834369944558,0,-0.1655751579714714,0.1551758121405585,0.0,1.0,likely background
MEPCE,CACYBP,-0.1315013605338199,13.599934888336024,-176.18587266666646,-294.97790499999996,0.0686159543210641,0.075165009964951,1.0222392414044623,0,-0.1656060854538251,0.1008835374585895,0.0001,1.0,likely background
MEPCE,C9orf78,-0.0686344741673994,5.753400709491084,-33.42649333333338,-34.178833000000054,0.1601176173007681,0.1679208828149891,0.9661161263261272,0,-0.1657853399993608,0.182016880022289,0.0,1.0,
MEPCE,KDELR2,-0.0507808383459205,3.587784520581913,-7.357704173333332,-6.791900699999985,0.3766132391099455,0.3901095991635346,1.3996291812093444,0,-0.1659379947224742,0.3139028532843708,0.0003,1.0,
MEPCE,ATP6V1E1,-0.1238663625598703,12.286751933600913,-143.88273099999992,-255.319702,0.0492783886220629,0.0536968390589452,0.6597597411357521,0,-0.1663209467513395,0.2639633005306687,0.0,1.0,
MEPCE,NUP133,-0.0645647670069681,4.534599443136801,-77.31018066666638,283.901611,0.2668301093811858,0.2790456826151082,1.2653603969961986,0,-0.1663859314034403,0.2633506763093651,0.041299999999999996,1.0,
MEPCE,CFAP20,-0.1386141608274506,13.507126309075597,-231.81445299999996,-15.64306600000009,0.0999454667987165,0.1100258929473558,1.4861336333087647,0,-0.1666775841619127,0.225164275791841,0.0,1.0,
MEPCE,EXOC7,-0.156163311269405,15.32618492622724,-120.5307214999998,-162.34387300000003,0.3376701427539283,0.3762767132202907,5.766886490247151,0,-0.1671228140815609,0.2316524376706319,0.012000000000000005,1.0,
MEPCE,MCM2,-0.1146279616393947,13.001084881327346,-803.4264313333333,-770.8632809999999,0.0611187322632368,0.0661737115987878,0.8603300414083161,0,-0.1671269345236203,0.2348912173613202,0.0001,1.0,
MEPCE,HSPA4L,-0.2026815677838375,20.295324427953275,-100.56496176666668,-120.17272949999996,0.0690154537284897,0.0794263448454867,1.6119834367656485,0,-0.167401554768528,0.3283158739954237,0.0,1.0,
MEPCE,CUL2,-0.0928945427779354,7.699004316057992,-64.3417767000002,-44.7191160000001,0.1311126952136673,0.1398342059660408,1.0765841552650908,0,-0.1676246995278051,0.2175208025712064,0.0,1.0,
MEPCE,STMN1,-0.1374887609278354,13.236601862758333,-201.5966800000001,-223.4162600000002,0.0891787128343586,0.0980966593715802,1.2984664241682289,0,-0.167677129237458,0.120310923471235,0.0,1.0,likely background
MEPCE,PDCD5,-0.1562527114669664,16.35815025278168,-258.28275533333317,-755.505249,0.248203178288508,0.2765979335758837,4.524630557043232,0,-0.1677441955659222,0.4067335119800869,0.005000000000000002,1.0,
MEPCE,RAB7A,-0.148585155780392,14.454015378331292,-261.939534666667,-234.34423800000013,0.0486477290285265,0.0539257227166373,0.7794432254339057,0,-0.1680129136290936,0.0799608584815425,0.0,1.0,likely background
MEPCE,ESYT2,-0.0917734361192662,7.60457776455785,-84.54064900000003,-157.71801699999992,0.0501080078560008,0.0533996391317071,0.4060817083763937,0,-0.1680748124971516,0.2193721778603607,0.0,1.0,
MEPCE,PC0,-0.1386935124941425,12.473289047860352,-113.08675133333328,-84.83789100000013,0.0138701686360357,0.0152699434955617,0.1904664189646364,0,-0.1687428143354223,0.168340937959857,0.0,1.0,
MEPCE,OLA1,-0.0696475828342615,4.236483090608876,-26.41740926666671,99.29180899999994,0.1660629591191427,0.1742783107707713,0.7383271166402515,0,-0.1687853487581837,0.2956343900100813,0.039799999999999995,1.0,
MEPCE,HDGFL2,-0.3438614313028175,36.05217534886385,-338.1925053,-206.48681699999997,0.1197791115970675,0.152019466699055,5.4806324698751,0,-0.1687889143745082,0.2753591266058247,0.010100000000000007,1.0,
MEPCE,ANP32E,-0.0843243604258713,6.2093055982614835,-34.37551883333333,-92.36608890000002,0.0866627430808539,0.091880044654317,0.5705112756405661,0,-0.1688431675017248,0.2919581385750895,0.0,1.0,
MEPCE,CAPZB,-0.1115269068309641,9.71443870391967,-259.7590333333328,-177.18042000000014,0.1028608441393742,0.111129080357895,1.079556639359735,0,-0.1690656757886214,0.2138458125526978,0.0,1.0,
MEPCE,ATP5IF1,-0.052062060713217,2.1518782138819827,-48.482117100000096,-143.29211499999997,0.3994775307203382,0.4141609052038516,0.8912238289498093,0,-0.1700636273504948,0.508140070466148,0.0003,1.0,
MEPCE,RAB8A,-0.0946748460283065,7.320645401980715,-133.11450233333312,-331.7045899999998,0.0263274991523419,0.0281134544830638,0.2058086312952353,0,-0.1702649100804679,0.2204716022066931,0.0,1.0,
MEPCE,NONO,-0.049030525898254,5.315248541468815,-546.4404299999969,-1728.42871,0.0929279705450086,0.0961414360410857,0.5110156276920984,0,-0.1705600664394781,0.1761003421414151,0.0,1.0,
MEPCE,ACLY,-0.1027397479273547,10.001145120612026,-967.9651699999976,-560.0224600000001,0.0257145351158133,0.0276128406509509,0.2761600265424955,0,-0.1705898276461851,0.1158868574040727,0.0,1.0,likely background
MEPCE,RTN4,-0.1850301611408659,17.663016849653335,-386.57250966666606,-318.6560059999997,0.0751254466675523,0.0854066393126935,1.508538909252371,0,-0.1707286907473103,0.2195472183585399,0.0,1.0,
MEPCE,RBMX,-0.2457582072731822,27.886468873027923,-1323.3032226666674,-1364.7006840000004,0.0068201774670505,0.0080868877909326,0.2255147446615119,0,-0.1710460472369423,0.1191358321683732,0.0,1.0,likely background
MEPCE,ACAP2,-0.1121848114659953,8.180031672983253,-176.32788100000016,24.350830000000315,0.0364283308454899,0.0393744916389687,0.3220845887143787,0,-0.1714510080476833,0.2118637126067349,0.0,1.0,
MEPCE,EIF1AX,-0.146428494091861,18.59764634670031,-1773.332033333336,-2042.0468800000017,0.0553467666288623,0.0612599206913883,1.1392903402453485,0,-0.1714652533668931,0.0933964292117694,0.0,1.0,likely background
MEPCE,SLK,-0.0997631620871414,6.618069157663641,-60.218587366666725,-19.26043699999991,0.0377510855801339,0.0404544036033779,0.2677300407791927,0,-0.1715322507258717,0.1469399181569919,0.0,1.0,likely background
MEPCE,HNRNPK,-0.2531239187067481,32.612740968889405,-2585.356770000002,-2428.0595700000013,0.0388883394885994,0.0463470895942911,1.5115056276005263,0,-0.1716790375970059,0.1217040246614805,0.0,1.0,likely background
MEPCE,SLTM,-0.3001792827729087,30.741086545511227,-650.9881183333332,-612.4975589999999,0.0200149477242087,0.024644656870537,0.7576035297416083,0,-0.1725130190450122,0.1506519237401698,0.0001,1.0,likely background
MEPCE,CCDC124,-0.1958216199539978,24.03524878089082,-2039.373373333332,-2378.3876899999996,0.0287028309200715,0.0328759179921366,0.7901808678411684,0,-0.1740240484092614,0.2212160712182922,0.0,1.0,
MEPCE,MANF,-0.1431268272109783,10.622425067675964,-221.1994219999997,-51.041259999999966,0.1026817509962869,0.1133922910206669,1.204501114619141,0,-0.1741435158404055,0.1808809070007447,0.0,1.0,
MEPCE,HSPA5,-0.1232923525172381,13.908298392716866,-1536.626949999998,-1805.421879999998,0.0295856877342295,0.0322256062174466,0.4482033471584396,0,-0.174174602446877,0.2605122632682232,0.0,1.0,
MEPCE,GPX4,-0.1097776065705375,6.397176645527951,-61.567504966666775,-12.36291499999993,0.1334550790445631,0.1440078430644976,0.9212436104250588,0,-0.1744292938560174,0.3558404599055026,0.0,1.0,
MEPCE,BABAM1,-0.1346974572023301,9.284913543961256,-84.80232719999992,-151.98345949999998,0.1153054868781274,0.1265909668613749,1.1753861827543306,0,-0.1748505103966366,0.1507478162782101,0.0,1.0,likely background
MEPCE,H4C1,-0.1188879455234795,11.759962819979368,-955.8613299999996,-1721.9853500000008,0.0483242604343799,0.0524757639655011,0.6171130331843071,0,-0.1751509856974491,0.2173801557506146,0.0,1.0,
MEPCE,PDIA4,-0.1175011446827235,7.373368942111132,-194.00077299999975,-157.22705099999985,0.1176302545795701,0.1276130584928794,0.9409381620992084,0,-0.1752726913190604,0.2260612197038189,0.0,1.0,
MEPCE,D0JC9,-0.1946394783829704,15.63204895145881,-112.51763926666672,-153.38244629999997,0.2668689963477933,0.3054185520676222,4.7743177566047414,0,-0.1757588511449065,0.2193432611718392,0.0063000000000000035,1.0,
MEPCE,ABI1,-0.1538645261948806,10.959006238197802,-131.6910396666667,-104.71166999999993,0.0658196956399364,0.0732282303702948,0.8025086334402467,0,-0.1758795113290738,0.1692567671039779,0.0001,1.0,
MEPCE,BTF3L4,-0.1877488790033983,15.09405009786962,-212.6045323333335,-219.07568300000003,0.029633051131426,0.0337519882512948,0.5094542015677508,0,-0.1759017438450735,0.1084904086044178,0.0,1.0,likely background
MEPCE,CAP1,-0.2797927077692291,26.711721971668563,-822.2134603333329,-777.8640140000002,0.0239163067616239,0.0290352376684008,0.7755811959796407,0,-0.1776291327251465,0.1710755584111036,0.0001,1.0,
MEPCE,NUDC,-0.1382210592914604,8.526310243440829,-148.8815916666665,-189.44567800000004,0.0909005834105802,0.1000414862439313,0.8529847489306764,0,-0.1777566071379724,0.1822718800871966,0.0,1.0,
MEPCE,RTRAF,-0.2188769634320199,18.500871486853807,-470.6437990000004,-560.8752449999997,0.0428336484868338,0.0498515486309758,0.9222970946423262,0,-0.1784186377837283,0.0933364670386839,0.0,1.0,likely background
MEPCE,WBP11,-0.1556823993938552,10.162049475171267,-161.40629033333337,-246.89563,0.0508046969834018,0.0565944410862562,0.5751155103382012,0,-0.1787233973485757,0.1286064229001215,0.0,1.0,likely background
MEPCE,KIF5B,-0.1798971869929106,14.11581913770527,-632.8959960000002,-502.0830080000005,0.0148338100001762,0.0168039771058172,0.2372019016198558,0,-0.1788773918118885,0.3109360107754848,0.0,1.0,
MEPCE,0CA2,-0.0744380149152808,0.3188849631611061,-47.610311000000024,0.0,1.2755398526444246,1.4142135623730951,0.9019428794785622,0,-0.1789381744417426,1.159596144262674,0.07299999999999998,1.0,
MEPCE,CD2AP,-0.1989905676127275,15.742529120942931,-398.57047499999953,-529.2521969999998,0.0192189140715171,0.0220615468598102,0.3473045438936093,0,-0.1791666090110041,0.1537160593611836,0.0,1.0,likely background
MEPCE,TRAPPC5,-0.1792527588389235,15.135461543013692,-1005.4728193333332,-1110.1347659999992,0.0359528068582532,0.0407097257279879,0.6161604881825961,0,-0.1803342203886262,0.3236880042581548,0.0,1.0,
MEPCE,ELOVL1,-0.1292847904861142,5.203320434747833,-35.205281566666656,-61.80783080000003,0.102521078118555,0.1121337935043321,0.583468059166885,0,-0.1818615426848152,0.193586593155785,0.0,1.0,
MEPCE,PI4KA,-0.1290259299051385,5.422115238526671,-97.85528553333324,-164.07641599999988,0.0470446103309242,0.0514464367163182,0.278948508487447,0,-0.1819670331041103,0.1619491022879377,0.0,1.0,likely background
MEPCE,PSMC4,-0.2288743680003284,19.8543564957803,-1197.2467450000013,-932.6547850000006,0.0255900367630723,0.0299898331415396,0.5954288384410948,0,-0.1822266259324709,0.192386405637286,0.0,1.0,
MEPCE,HMGB2,-0.1237347566402386,10.324542854771304,-1850.989583333336,-1606.7109400000008,0.0389851793936154,0.0424768342833484,0.4385538958934496,0,-0.1825490369360588,0.2214641022593989,0.0,1.0,
MEPCE,NRBP1,-0.1579611267935104,7.94924597342337,-61.367991133333135,-36.14154050000002,0.0509879576185663,0.0568883711365235,0.452219655191624,0,-0.182876886905188,0.231639183602126,0.0,1.0,
MEPCE,TRIM21,-0.3113562819809723,30.93420693092709,-1717.968750000001,-1626.640625,0.0409477283899201,0.0508115897783064,1.5718162326915106,0,-0.1829673246323701,0.0951780677163985,0.0,1.0,likely background
MEPCE,CAND1,-0.2020078081935655,13.459691677597002,-332.3748373333333,-198.37255900000036,0.0191187426745918,0.0219925067157855,0.2960123596119544,0,-0.1833207504738896,0.0980505427705179,0.0,1.0,likely background
MEPCE,DCD,-0.1734929260959283,10.16195461017935,-236.6086426666668,-375.5797120000002,0.1187581741574704,0.1339352783720755,1.3610442195187673,0,-0.1838560699699153,0.2242686208113898,0.0,1.0,
MEPCE,RANBP1,-0.1505851365310442,6.6784959172270435,-102.3680419333333,-21.96350099999995,0.0818509911777754,0.0908572121105685,0.6067895201310639,0,-0.1839514554603757,0.194415893939568,0.0,1.0,
MEPCE,EIF3G,-0.1724092679830358,16.25735160940885,-1917.6165400000027,-2402.654300000002,0.064535921539191,0.0727288585229908,1.1823786251592132,0,-0.1848473396829655,0.4771197498176022,0.0001,1.0,
MEPCE,COPS5,-0.182136800580535,10.456740149733916,-184.62853966666648,-314.5135499999999,0.1154846230295381,0.1310260741422048,1.3701056101448064,0,-0.1848772197138437,0.2631510090774932,0.0,1.0,
MEPCE,TARS1,-0.1804145770772255,9.60504699390982,-101.99460856666668,-162.40435789999992,0.0264795918242005,0.0300072645509974,0.2882211861710145,0,-0.1853932989785677,0.1338376102697539,0.0,1.0,likely background
MEPCE,MAP4,-0.1407149047879194,4.74884201190896,-86.4006756,-12.099304200000006,0.0662568962920006,0.0730458056124919,0.3468829904863369,0,-0.1856426006878878,0.1529386496621689,0.0001,1.0,likely background
MEPCE,CWC22,-0.1637007352220726,7.530106089153742,-64.21798706666675,-197.15432740000008,0.3303411885384182,0.3700380838689353,2.786426028560253,0,-0.1858206834795705,0.2268043474579556,0.0017,1.0,
MEPCE,CMC1,-0.1453006012431992,5.236986274204706,-110.79760769999984,-167.7601320000001,0.0231033008790539,0.0255516339140314,0.1338135560912864,0,-0.1863973385807203,0.2074984031703551,0.0003,1.0,
MEPCE,PSMD7,-0.2491481697469516,17.872842441821224,-540.9746910000003,-482.43481500000007,0.0443339810398081,0.0526917915784627,0.9417520888591464,0,-0.1871285853020964,0.0901277021827768,0.0,1.0,likely background
MEPCE,WARS1,-0.5249485985170795,51.45048956068975,-1321.0058589999994,-1351.750732,0.0496928558718643,0.0715032002661203,3.678874658847936,0,-0.1877244662883121,0.2949978224258461,0.021700000000000007,1.0,
MEPCE,HBA1,-0.3746181078312754,31.272085619307155,-516.8444823333336,-553.8352049999999,0.0080208569212001,0.0103991462816778,0.3252029928883281,0,-0.1887232358049893,0.3706363063332352,0.0002,1.0,
MEPCE,TRIR,-0.1598198449059392,6.726631212524908,-388.8702796666662,-549.7822260000003,0.0343824382712752,0.0384106884181148,0.2583745356078602,0,-0.1892742173091853,0.1894072049900814,0.0,1.0,
MEPCE,FRG1,-0.1494044396427281,13.41514352566841,-2414.1373700000004,-2963.476569999999,0.0415045629565676,0.0460336996443173,0.6175486877460279,0,-0.189564676413274,0.0991730266942516,0.0,1.0,likely background
MEPCE,ARPC3,-0.2024669435860114,9.9827631367416,-130.39853930000004,-96.75305220000008,0.0602299142316945,0.0693052070273923,0.6918574658972976,0,-0.1897990624513598,0.2633362538673497,0.0001,1.0,
MEPCE,ALDH1L1,-0.1864959820564052,7.812302257638805,-164.44364466666684,-230.75610400000005,0.06313547163888,0.0718487564911794,0.5613042025445818,0,-0.191283858229671,0.1025000564461506,0.0001,1.0,likely background
MEPCE,KIF7,-0.2090307121665528,9.709867747702566,-51.32367959999999,-24.8495178,0.0712235895703584,0.0823291046162451,0.7994047176105089,0,-0.1913988313669216,0.4268738086520944,0.0,1.0,
MEPCE,KRT5,-0.1943439078834296,8.29462616702502,-185.4379476666668,-63.29931599999986,0.117987650944904,0.1350034508401574,1.1198031559774455,0,-0.1915801689096083,0.3938834597679481,0.0,1.0,
MEPCE,D0JA1,-0.2747032288622156,23.06412813622157,-1698.084960333333,-1889.507812,0.0236557193652663,0.0286177394327135,0.6600432092451054,0,-0.1920951241993285,0.226732465127853,0.0,1.0,
MEPCE,RIOK1,-0.2259680855510372,18.746913891183013,-2290.0455733333347,-2003.88379,0.0517854095136367,0.0605669446874868,1.1354432967083607,0,-0.1924033399677356,0.1608758539655688,0.0,1.0,likely background
MEPCE,MCCC1,-0.2001339844259563,8.145447967022351,-78.10017903333335,-75.00299069999994,0.0259447003995534,0.0298057450065984,0.2427811450695842,0,-0.1929346062064677,0.1028098663785472,0.0,1.0,likely background
MEPCE,TNPO1,-0.2110741697940206,10.249813318339164,-379.71655299999975,-452.171875,0.054732095631074,0.063355855663957,0.649385693179201,0,-0.1936779459310585,0.1748703553048153,0.0,1.0,
MEPCE,PSMC6,-0.2014410969174996,8.193757866285099,-216.25219733333324,-198.30761700000016,0.0525555583727261,0.0604315120556425,0.4951611772774235,0,-0.1941724309964562,0.1485067914302059,0.0,1.0,likely background
MEPCE,BLOC1S2,-0.2285499297292807,11.024002587900766,-199.37292463333324,-212.56506299999975,0.1792684652696186,0.2100435613646115,2.3155207640553703,0,-0.1946070936600459,0.1899805849815511,0.0002,1.0,
MEPCE,SCNM1,-0.2614861576606006,14.578473612419756,-159.47536206666666,-192.78686519999997,0.0454356821142051,0.0544649908829401,0.7940164323876253,0,-0.1946628515394674,0.118571084712075,0.0,1.0,likely background
MEPCE,MAT2A,-0.1928346826170662,6.446311345959882,-93.04541016666656,-104.33178709999991,0.126537218963151,0.144634624700485,0.9323598222253864,0,-0.1950246888238183,0.1542111087769307,0.0,1.0,likely background
MEPCE,FARSA,-0.2988870389633093,19.456977311481992,-460.0599363333333,-556.0801999999999,0.0261056517268124,0.0321154377889982,0.6248693444088496,0,-0.1957587899891289,0.13887227635907,0.0,1.0,likely background
MEPCE,DIAPH1,-0.2109110355320645,10.308096660604326,-607.7430826666669,-1024.2192379999997,0.1227003809025001,0.1420173765145318,1.463928844597233,0,-0.1966304786923476,0.1718782913373256,0.0,1.0,
MEPCE,CHMP2B,-0.1877149959225519,5.2995854929538275,-156.04425019999985,-215.3610839999999,0.0988450589162519,0.1125816878660109,0.5966362797869673,0,-0.1969510950498525,0.2406110390739012,0.0,1.0,
MEPCE,RTCB,-0.2529695914979407,13.144319973295632,-654.8487143333336,-470.6176760000003,0.0084296856444317,0.0100454174659,0.1320401814371227,0,-0.1987451096604301,0.1019651170441774,0.0001,1.0,likely background
MEPCE,COG7,-0.211768122049798,7.215555611706105,-228.24877966666645,-198.32849199999987,0.0870275233939694,0.1007883211520668,0.7272437362832327,0,-0.1988611344981014,0.1758740830857052,0.0,1.0,
MEPCE,PPIA,-0.2893356041360949,19.979471889943788,-1554.3569339999983,-1175.801269999999,0.0477214652601284,0.0583200346138615,1.1652034921881955,0,-0.1990303880544811,0.1078431720978059,0.0,1.0,likely background
MEPCE,MCM4,-0.3067832799220331,22.25150053583465,-1521.8304036666668,-1553.2734380000002,0.0378993664414127,0.0468800743122845,1.0431519986797668,0,-0.1996718825580137,0.3419349212136578,0.0,1.0,
MEPCE,AHCY,-0.2285602744115626,9.731923052608836,-404.9499513333335,-630.4594729999999,0.0656870772038484,0.076964158437929,0.7490092677267207,0,-0.1998518258422873,0.3062894683728672,0.0,1.0,
MEPCE,SRP54,-0.2574548880271149,11.20030800882754,-876.1650388999997,584.7753910000001,0.4691009190986454,0.5607549540924369,6.280628203311241,0,-0.2008512120559024,0.3078071031463785,0.04839999999999998,1.0,
MEPCE,PRPSAP2,-0.2161725431598382,6.587296652429873,-277.97196400000007,-190.08471600000007,0.0504247107580256,0.0585764274138135,0.3858603042143152,0,-0.2014643628528956,0.1834013050622597,0.0,1.0,
MEPCE,CDK12,-0.2461623677968986,9.600583582066449,-141.2363078333334,-165.8127442,0.2443621724433058,0.2898286974003273,2.7825246338732867,0,-0.2015786941874473,0.2806723449124422,0.0012999999999999997,1.0,
MEPCE,FHL1,-0.2164303660797062,6.117354517868295,-328.87618,-133.31323299999983,0.0773802115207429,0.0899056511099576,0.5499847409993899,0,-0.2025304904365484,0.1267345718327032,0.0,1.0,likely background
MEPCE,TRAPPC11,-0.2186922251583469,5.699583066695734,-83.42153926666663,-135.52008049999995,0.1055393285260286,0.1228152510004647,0.6999957249342348,0,-0.2030263649306896,0.234762610679461,0.0,1.0,
MEPCE,D0JB6,-0.3576512518233128,24.520027283602523,-1012.6832683333336,-1019.097656,0.0617189098178259,0.0790838066842608,1.939137097589224,0,-0.2030387764051781,0.157568384220119,0.0,1.0,likely background
MEPCE,AIMP2,-0.2001762011321755,3.202880430782488,-78.35700480000003,-106.5914917,0.1030914998711781,0.11843686100198,0.3793391043865475,0,-0.2038148061055691,0.1931981575981736,0.0,1.0,
MEPCE,U2SURP,-0.2285550970782095,10.755917037146563,-1282.735189,-1345.4858400000005,0.0336032330919957,0.0393720558834439,0.4234825666642218,0,-0.2038692932055529,0.1756194645152675,0.0,1.0,
MEPCE,PIN4,-0.166089873661849,9.358644729748148,-4731.38802333334,-1094.5195299999978,0.0257967436780339,0.0289446161989712,0.2708823798450848,0,-0.2043796148450469,0.1588070126562373,0.0,1.0,likely background
MEPCE,RPA1,-0.2858624797151589,15.46075537544042,-2690.211263000001,717.3691400000007,0.3684358936598065,0.4491799981496208,6.944662070932067,0,-0.2051717398428615,0.5471590334896392,0.05699999999999998,1.0,
MEPCE,SSR4,-0.2052489566416958,3.433190892409038,-262.7546386666668,-128.45703100000014,0.0961457024251521,0.1108462425740881,0.3805563104631223,0,-0.2053637797173301,0.2619046995741571,0.0,1.0,
MEPCE,DYNLL1,-0.2388617191543705,6.781638742640904,-94.63054403333332,-121.48626709999996,0.0888884767623553,0.1048950830696351,0.711360559257574,0,-0.2055741967870283,0.2864340649187301,0.0,1.0,
MEPCE,ILVBL,-0.2869044507242589,12.644534510482275,-252.69531266666672,-281.01965399999995,0.0686128379304241,0.0837100356416365,1.0584744345443746,0,-0.2057670583190228,0.1280767874773908,0.0,1.0,likely background
MEPCE,GTF2B,-0.2230047808360714,5.819045825824447,-264.1114100000002,-454.777832,0.0799646668136225,0.0933328073600519,0.5431078830809876,0,-0.2057687699666949,0.1800795463798987,0.0,1.0,
MEPCE,CLTC,-0.3466475603203883,19.94982283692138,-460.5651453333333,-523.0716560000001,0.0240621128862656,0.0305978277924336,0.6104212436536802,0,-0.2061892284083584,0.1306053739044128,0.0,1.0,likely background
MEPCE,DDX39A,-0.2890876613275138,13.091082687882516,-340.9053550000001,-421.229004,0.0734775919580102,0.089780967043061,1.1753300633587669,0,-0.2062200821704845,1.1873301915564884,0.0,1.0,
MEPCE,IPO9,-0.2540126036643687,7.139841979045987,-87.10427859999999,-90.1445923,0.0466011381651379,0.055573418938656,0.3967854294573255,0,-0.2083328174003411,0.1571748024491673,0.0,1.0,likely background
MEPCE,PRPS1,-0.3215478471030271,16.857128105304383,-742.1040856666664,-758.9453130000002,0.0177086631473559,0.0221302719694225,0.3730528295937825,0,-0.20883115967504,0.1570829101734796,0.0,1.0,likely background
MEPCE,PSMG1,-0.2948646168675747,11.515638585382195,-234.84411626666656,-147.106812,0.0800401232424311,0.098192014672883,1.1307437529434674,0,-0.2095701140190779,0.2041465328882971,0.0,1.0,
MEPCE,TAF2,-0.2814664829231094,10.889853723661194,-264.3236899999997,-666.9572148000001,0.5075636890378107,0.6169154941925737,6.718119491617284,0,-0.209799540890753,0.4432812438598183,0.011400000000000006,1.0,
MEPCE,CS,-0.2874657160685926,10.977280067163122,-365.97290066666665,-364.55090399999995,0.0690132759875429,0.0842313472694882,0.9246310894116476,0,-0.2103008478839594,0.1190815879220926,0.0,1.0,likely background
MEPCE,EIF4B,-0.2348084904793874,15.016437556109572,-3029.8391933333332,-3345.6210900000005,0.0270642880775331,0.0318482898420945,0.4782478556826917,0,-0.2107936866020658,0.1120950701117023,0.0,1.0,likely background
MEPCE,TAB1,-0.2030825809080329,3.08800332372236,-324.22351066666624,-1624.161133,0.5692008301311664,0.6552461421783683,2.0234022649030554,0,-0.2116249787538255,0.5742441784015776,0.0002,1.0,
MEPCE,S0PIN,-0.2729781015526611,7.747536832862039,-186.0800984,-76.00823949999995,0.1346157056543015,0.1626580555884479,1.2601992768332215,0,-0.2119659679892291,0.1705068510100386,0.0,1.0,
MEPCE,PPP6C,-0.2414019066537897,5.028055541577309,-289.2022706666671,-452.20398,0.1622756572754679,0.1918349467073298,0.9645567668599776,0,-0.2120569759046189,0.3206542381327293,0.0,1.0,
MEPCE,KHSRP,-0.4350515232203314,27.97132565001503,-708.4618326666666,-741.813232,0.0770838256224695,0.1042155896152341,2.9150481949360376,0,-0.2121001447169004,0.2401993198910101,0.0010999999999999998,1.0,
MEPCE,GTSE1,-0.2275548171376369,2.476767911644381,-167.56193056666675,-79.24798600000008,0.061684396669261,0.072223949189364,0.178881959804451,0,-0.2123064581357583,0.2302816079914907,0.0001,1.0,
MEPCE,FAM133B,-0.1234137342512365,23.04222644536367,-9925.348966666672,-8319.929600000003,0.0350472213502947,0.0381776821775586,0.8796987978944303,0,-0.2127926357580337,0.1292359850483382,0.0,1.0,likely background
MEPCE,DOCK7,-0.3798508216295473,21.086091271817455,-1465.6711429999996,-154.3120119999994,0.3384626077724274,0.4404157468374566,9.28664663536026,0,-0.2143527597428121,0.252934786616048,0.018400000000000014,1.0,
MEPCE,UBE2L3,-0.2818798224790223,8.197180782026559,-311.3269449999998,-264.9433589999999,0.0788210894183027,0.0958301118312824,0.7855367510428442,0,-0.2143833653175652,0.1549574299210105,0.0,1.0,likely background
MEPCE,PSMD12,-0.3388693729745844,19.382936717445254,-1603.6653646666664,-1890.940918,0.0328559074391916,0.0415555280288132,0.8054681700425107,0,-0.2153528904125884,0.1978285102021805,0.0,1.0,
MEPCE,EMG1,-0.2337242086630983,1.1484473079017374,-224.93368526666657,248.5297860000001,0.1466513152557116,0.1724443885112466,0.1980432937485024,0,-0.2156538404585304,0.9660967555265968,0.037099999999999994,1.0,
MEPCE,PSMD13,-0.2699252342460759,8.107186585177907,-928.6538083333336,-694.030761,0.0683576123744173,0.0824228663784605,0.6682175566153663,0,-0.2157748126036854,0.1771060913638255,0.0,1.0,
MEPCE,PMPCA,-0.2454010411984266,2.4599358935881432,-23.03277078666666,-49.5330048,0.2992736052196343,0.354769795836975,0.8727109547403124,0,-0.2160006601552732,0.5400951884204035,0.0,1.0,
MEPCE,FAM76B,-0.2691647242136415,5.037915685447889,-27.706423433333327,-8.45802310000002,0.3234320659299132,0.38977588325724,1.9636580360709543,0,-0.2160403492443906,0.4850655175105974,0.0001,1.0,
MEPCE,PSMD6,-0.3307321042893915,16.455109287283246,-1289.8204749999995,-1310.2622069999998,0.0580602475335319,0.0730204708323667,1.201559827755473,0,-0.2162455318450664,0.1588387179309179,0.0001,1.0,likely background
MEPCE,EEF1G,-0.4865602777409797,49.996532928940574,-5936.793619999995,-5753.191409999999,0.0174470018800863,0.0244453427608351,1.2221823843013355,0,-0.2168649724785011,0.2714579660243979,0.011900000000000006,1.0,
MEPCE,VPS35L,-0.2774610819404771,5.558803196279287,-74.68472796666669,-58.573547399999995,0.1850127924836574,0.2242493177527917,1.2465578242876685,0,-0.2173077865009445,0.4788735601796426,0.0,1.0,
MEPCE,UBA1,-0.4013804893149439,19.69054691957322,-229.5096637666669,-363.9299315999999,0.2418846699318986,0.3194785081217408,6.290706553966392,0,-0.2185471346703732,0.2049792321721451,0.010200000000000004,1.0,
MEPCE,EXOSC8,-0.3390655529818848,13.896883854051634,-908.3116859999996,-860.8139649999998,0.0193746710942311,0.0245080486723202,0.3405855058886783,0,-0.2205851145959532,0.1948050324714703,0.0,1.0,
MEPCE,SLC7A5,-0.3053194094271194,7.027706494325852,-64.40466816666674,-78.79373170000002,0.2549229652348259,0.3150102088072611,2.2137992902137316,0,-0.2209340859679395,0.3395142486763558,0.0002,1.0,
MEPCE,CDK4,-0.3210444374817792,8.174129035467455,-107.39848836666658,-79.64376829999998,0.0376766843654043,0.0470676058441002,0.3847366835601975,0,-0.2224433982143173,0.2716988116537345,0.0,1.0,
MEPCE,BRD3,-0.3650836004348402,13.649196410749177,-230.31290693333324,-311.2398071000001,0.1206189508002059,0.1553539337777102,2.120456355314488,0,-0.2226448239655547,0.1595932096209038,0.0,1.0,likely background
MEPCE,ATP6V1B2,-0.305976439655577,7.6976632818677935,-447.0356446666665,-587.0013430000001,0.0415118177295761,0.0513198296492777,0.3950427683229551,0,-0.2231210650875016,0.2329897673061045,0.0,1.0,
MEPCE,TBC1D4,-0.3765293281025837,13.41963469044053,-154.98661293333328,-138.10736080000004,0.0449521213077913,0.0583582756722165,0.7831467406851692,0,-0.2249616006006373,0.5292957020004798,0.0,1.0,
MEPCE,PPP2CB,-0.3721022727238434,15.291099432339164,-729.9136560000002,-882.1093760000003,0.0315558135772881,0.0408412426950108,0.6245075029897059,0,-0.2249731718954811,0.1580174209377138,0.0,1.0,likely background
MEPCE,PRKCSH,-0.29939906885659,7.274783201965065,-724.5983886666668,-972.297363,0.0293710412680851,0.0361453794674416,0.2629497993783976,0,-0.2250307339218077,0.2818494802031903,0.0,1.0,
MEPCE,ELP1,-0.2441861105297231,2.0183242087275666,-798.1837563333338,-1482.2268070000005,0.2600745549664164,0.3080422959754847,0.621729223279343,0,-0.2252843591263117,0.4544694532998012,0.0,1.0,
MEPCE,NUCKS1,-0.2793919667988702,7.246115803500806,-1268.1666666666652,-1783.8232429999998,0.0926720516310226,0.1124758830106173,0.815013273395942,0,-0.2255180252227089,0.1745396843331539,0.0,1.0,
MEPCE,HADHB,-0.274221926786962,2.576665845452135,-573.4764809999997,-244.1660149999998,0.0347840797544679,0.0420663465925686,0.1083909185080234,0,-0.2256968235221248,0.2692304580875135,0.0005,1.0,
MEPCE,CAPZA2,-0.3350593831335929,9.451957678304757,-442.1717123333335,-459.79699700000015,0.0356743244052,0.0450012067829672,0.4253495019852473,0,-0.2258752726068969,0.2212590924285392,0.0,1.0,
MEPCE,HMGN4,-0.2949659949401182,3.484132152315672,-175.1257119666668,-57.50543210000001,0.2685537406067163,0.3294808261633656,1.147954740007313,0,-0.2264739821427042,0.2571079234006632,0.0001,1.0,
MEPCE,AAR2,-0.3411148378412831,8.749069806123767,-171.79726153333343,-157.58459470000005,0.0461524111680297,0.0584636188887033,0.5115022827758818,0,-0.2266366156672897,0.3532121857626398,0.0,1.0,
MEPCE,STK38L,-0.3202920376895566,11.97637623931494,-1921.723632,-1786.500488999999,0.0245129318165697,0.0306068186653685,0.3665587758249412,0,-0.2277884327551246,0.1141880973455072,0.0,1.0,likely background
MEPCE,CCNB1,-0.2943544142160035,2.6510711090336794,-118.10293066666657,-141.1779785,0.3122767561768741,0.3829609513895924,1.015256714117,0,-0.2282348203591812,0.6526775219450123,0.0001,1.0,
MEPCE,SET,-0.3589218905042717,12.841449192202395,-1119.4947913333322,-869.0581049999996,0.04595465593677,0.0589360932156134,0.7568248466152047,0,-0.2285821737224654,0.4354503924480344,0.0,1.0,
MEPCE,NCAPG2,-0.449359536160781,20.18317988928067,-275.95290113333317,-253.37890629999993,0.0103830973246672,0.0141776272551853,0.2861496012945742,0,-0.2289126773829781,0.2478728303512121,0.0,1.0,
MEPCE,HSD17B4,-0.3278013107946331,7.305749325728054,-494.9506023333331,-453.7062989999997,0.0355918800227831,0.0446718981875034,0.3263616900623456,0,-0.2289600032780395,0.2152832180225219,0.0,1.0,
MEPCE,HSP90AB4P,-0.3836444947764259,13.78172726598259,-664.9914143333335,-644.0830070000002,0.0455894833996883,0.0594783397841606,0.8197142571387445,0,-0.2298858781212336,0.2596958594722886,0.0,1.0,
MEPCE,HSPBP1,-0.5263345963938545,29.738930246024537,-636.189005,-709.5430899999999,0.0613399764371093,0.0883471127747361,2.6273486242455424,0,-0.2300697664312432,0.2411505534147292,0.0010999999999999998,1.0,
MEPCE,COPRS,-0.3665243455087347,10.954217395838937,-390.4538170000001,-468.98205600000006,0.0151413861522144,0.0195211795837984,0.2138392449841405,0,-0.2301003299484271,0.1865354639031149,0.0,1.0,
MEPCE,ATP6V1H,-0.355811363758722,9.854037534462227,-693.1617840000004,-455.6362309999999,0.0936150027721974,0.1198011275292093,1.180524807343725,0,-0.2310308715390683,0.2086962069956423,0.0,1.0,
MEPCE,ZC3H15,-0.3411709212809151,7.094866595485618,-326.79956033333315,-292.06726000000003,0.0541180242277122,0.0685567332758654,0.4864008768145549,0,-0.2313816142686748,0.1819189724055624,0.0,1.0,
MEPCE,ORC6,-0.3776255335224032,12.099185491762256,-588.7604980000001,-735.1892090000001,0.0931006313521238,0.1209580790785616,1.4634942354987648,0,-0.232129988056586,0.2207225652500069,0.0,1.0,
MEPCE,ZC3H18,-0.3182673229270241,4.57311507193055,-293.51759819999984,-579.4494630000002,0.1774808839508874,0.2212916407624952,1.0119921376632075,0,-0.2322700725820582,0.5785211516618357,0.0,1.0,
MEPCE,RAD50,-0.488870985961774,28.207648215122717,-1541.104614,-2153.8254389999997,0.3756224335136833,0.5271357217056645,14.869258999498214,0,-0.2334561204455615,0.319161644440715,0.019900000000000015,1.0,
MEPCE,KRT10,-0.2951471508878521,11.119712481751757,-3047.22624,-3509.615229999999,0.0198608426447201,0.0243697539857317,0.2709846575723607,0,-0.2346606581533518,0.2162049270546809,0.0,1.0,
MEPCE,ZNF326,-0.3382159143904091,4.968288946381376,-255.03090426666665,-214.49462860000008,0.0645397491022884,0.0815916842946327,0.4053710631976627,0,-0.2347012996423846,0.2202641354295969,0.0,1.0,
MEPCE,MTHFD1,-0.3396302252032374,6.615254533727714,-717.4471026666665,-844.7702639999998,0.0745451963987606,0.094333086460502,0.6240373778883643,0,-0.2357371357487335,0.2418284137116148,0.0,1.0,
MEPCE,WDR26,-0.3594360741361312,6.425042529164995,-258.4043580000001,-209.2663573,0.036218421452614,0.0464660900351258,0.2985466046396936,0,-0.2366933271213867,0.1584269577940674,0.0,1.0,likely background
MEPCE,BUD31,-0.3323824623312042,5.5893592273395765,-831.102132,-1109.0266110000002,0.0233213192092768,0.0293640309238526,0.1641261171961205,0,-0.2376768952383447,0.1535868011441543,0.0,1.0,likely background
MEPCE,HMGB3,-0.2996642949791921,3.266403437957912,-1207.8841146666673,-1505.6416020000006,0.0206272780829971,0.0253895620960588,0.0829325529188123,0,-0.2377901920203639,0.2460244431442907,0.0005,1.0,
MEPCE,BTF3,-0.3814979225873713,9.852469473773004,-667.1913246666668,-684.9548339999997,0.0903391571280491,0.1176857853316531,1.1594956074771154,0,-0.2380736293807277,0.2194535186535272,0.0,1.0,
MEPCE,ENY2,-0.4858321538648061,22.768516058079804,-1335.909016666666,-1300.664306,0.0475881954808237,0.0666431275040139,1.5173651187358022,0,-0.2404247709093535,0.1827479367045574,0.0,1.0,
MEPCE,HMGN2,-0.3560422971574334,9.121075684650696,-2190.478353333335,-957.435547000001,0.1660992059428918,0.2125947453836704,1.9390927628035024,0,-0.2405524380113681,0.1887045676860523,0.0,1.0,
MEPCE,TSPAN3,-0.3742983503230777,6.4556859899363035,-374.13688133333335,-303.20373500000005,0.02275600996375,0.0294969271386434,0.1904228992751123,0,-0.2410672098416749,0.2437280576421193,0.0,1.0,
MEPCE,PSMC5,-0.3519323714957986,8.09676025212818,-1659.459473,-1453.350098,0.0740433149208166,0.0945003891565691,0.7651469947335541,0,-0.241598079448071,0.1792809221556548,0.0,1.0,
MEPCE,TRIM28,-0.3264819098680526,5.989734458322349,-2274.0053683333335,-1452.6367180000016,0.084533612665217,0.1060024061321536,0.6349262646748408,0,-0.2424132037353013,0.1821679847916725,0.0,1.0,
MEPCE,GLO1,-0.378753686247431,6.682138909228635,-598.4364423333334,-664.907715,0.0112810768525409,0.0146680514696635,0.0980139574480068,0,-0.2439488399728241,0.1331863605425975,0.0006000000000000001,1.0,likely background
MEPCE,FUBP1,-0.3981075344458203,7.36710558298391,-204.31453450000015,-239.3742065,0.0756947777016596,0.0997502402436787,0.7348705518031916,0,-0.2439625925072253,0.3632880374865411,0.0,1.0,
MEPCE,CAPNS1,-0.4372031678576626,11.343900567855677,-128.10833743333336,-150.47280890000002,0.0986565148511949,0.1335804547119993,1.515323396061869,0,-0.2441881455045256,0.162108428806155,0.0,1.0,
MEPCE,FKBP4,-0.3517069474067001,3.0335891999239353,-358.64847799999984,-627.879394,0.0542958284526624,0.0692861367764251,0.2101856762294158,0,-0.2442042041134632,0.3421250726927809,0.0,1.0,
MEPCE,PRMT1,-0.7284210908321647,61.92245985546903,-4956.900875999999,-5338.838865,0.0386607009347524,0.0640550710250383,3.966447564087152,0,-0.2443342549900979,0.2346379047115913,0.020000000000000014,1.0,
MEPCE,TBCA,-0.4543036941063684,13.29733923992046,-182.50210566666664,-180.79711909999995,0.1658084293047405,0.2271807844080937,3.020899959065656,0,-0.2444369829680323,0.2375601415550925,0.0010999999999999998,1.0,
MEPCE,TMA7,-0.0284784951268072,7.461525912746445,-3464.390633333358,-20523.5,0.0722683134192305,0.0737097995546142,0.549987579400101,0,-0.2452584667379599,0.1979340725862747,0.0001,1.0,
MEPCE,ACTR10,-0.3795758271535853,4.493880252130843,-190.71985886666664,-207.6809082,0.1859072643329445,0.24186093073881,1.086894060409124,0,-0.2455214005981355,0.2379493621423478,0.0,1.0,
MEPCE,PFKP,-0.4290088864986816,12.702972757637887,-1046.1832683333337,-982.6640630000002,0.0885304696118847,0.1191909162112195,1.5140789615890216,0,-0.2460967443358993,0.175608091248389,0.0,1.0,
MEPCE,D0JA2,-0.5067609775996724,21.72266374570539,-1669.9079586666662,-1719.9841300000005,0.0918975357260972,0.1305750772293327,2.836438496222307,0,-0.2507409249782729,0.1884073845341349,0.0006000000000000001,1.0,
MEPCE,ABCF2,-0.4438852007520652,10.705333640346185,-703.2533369999999,-629.190674,0.0891496499749554,0.1212685849688389,1.2982206621840908,0,-0.2513349575445985,0.3229074294400022,0.0,1.0,
MEPCE,TES,-0.4487902543187126,9.165586994822444,-133.41416420000007,-149.90921019999996,0.1809431134834332,0.2469717703978591,2.263641246846892,0,-0.2517642525080681,0.2139039870969193,0.0002,1.0,
MEPCE,RUVBL2,-0.4977080423367171,22.268770687744805,-2417.9331053333326,-2222.4858400000003,0.0250420302691081,0.0353590605780409,0.7874028117464704,0,-0.2522575896834846,0.2103919275560288,0.0,1.0,
MEPCE,UCKL1,-0.4042180656821349,3.807665890737315,-182.98419186666672,-126.8843994,0.0609323581698868,0.0806372105885097,0.3070395562820705,0,-0.2526692375811871,0.2462404472668642,0.0,1.0,
MEPCE,EML4,-0.4245456433034358,6.4291050394699125,-309.6645506000001,-365.0222783,0.1454246925935153,0.1951843337261918,1.2548605835846371,0,-0.2533426149206401,0.2061817957107984,0.0,1.0,
MEPCE,DDX41,-0.4777302175906683,16.126128414296737,-2030.5531413333335,-892.4804690000001,0.2789065434746668,0.3883970088123123,6.263340039836091,0,-0.2540632024742996,0.2413760157540803,0.008200000000000004,1.0,
MEPCE,MOB1A,-0.4328463722191008,6.426544691607073,-288.27902240000014,-118.44018600000004,0.2500142505486593,0.3374973505248464,2.1689418064469033,0,-0.2543291145063941,0.288980606956899,0.0001,1.0,
MEPCE,SHMT2,-0.4269291136677482,10.528432684391449,-1549.190103999999,-1821.662598,0.0303808372725703,0.0408436030106865,0.4300191248860208,0,-0.2555602603309282,0.2218172210072772,0.0,1.0,
MEPCE,CLSPN,-0.4229548123966781,4.87145048862741,-265.3463542666666,-340.3353885999999,0.0519607695137255,0.0696632099371459,0.3393608780876637,0,-0.2560709927279955,0.2274301413292214,0.0,1.0,
MEPCE,SEC23IP,-0.3968296954507234,2.259453946267547,-381.1724653000001,-655.799805,0.3061075068831889,0.4030299676917157,0.9106276509651292,0,-0.2570704361123848,0.5455510773857912,0.0,1.0,
MEPCE,GPATCH1,-0.4297420616606692,9.32647430582514,-1569.1679686666666,-1406.7661129999997,0.0163645130293609,0.0220431769602656,0.2055851235386742,0,-0.2573301711667402,0.2249528750632327,0.0,1.0,
MEPCE,TAGLN2,-0.4549112521059423,11.124631404126218,-1248.1536459999984,-1164.6232909999994,0.0292080094482332,0.0400359230251998,0.4453848865793178,0,-0.2573392780060314,0.1999616087308499,0.0,1.0,
MEPCE,TXL0,-0.4588368171556315,8.032785992721346,-270.5225015000001,-231.458435,0.0619986240449801,0.0852141400038186,0.6845069502044704,0,-0.2575319694882559,0.2412332431170654,0.0,1.0,
MEPCE,COG5,-0.5306746121374134,15.13143811198171,-425.5135296333333,-500.56097409999984,0.1659545366085075,0.2397421407827392,3.627643366088026,0,-0.2612434937180646,0.2668079987642643,0.0018,1.0,
MEPCE,LDHA,-0.4451178845244179,5.864428882217764,-558.5637203333335,-583.8094480000002,0.0857368456469288,0.1167259047282782,0.6845307669915139,0,-0.2614119335506969,0.1643266109565704,0.0,1.0,
MEPCE,EIF4A1,-0.4636926507994023,8.088581436391172,-580.288045,-649.9580070000002,0.0637316647959372,0.0878914540082803,0.7109171833088053,0,-0.2614405467311147,1.2820583389960325,0.0,1.0,
MEPCE,FGF2,-0.4671453459388576,8.331631360796143,-726.8292643333336,-812.2480469999998,0.0256620861007714,0.0354750260339089,0.2955648394291752,0,-0.2629615726433041,0.1659091526860147,0.0,1.0,
MEPCE,APOB,-0.4645161539564094,8.523944088413252,-990.130533999999,-952.8735349999996,0.0272097204621861,0.0375459734388935,0.3200397783381775,0,-0.2634904980374165,0.2528717823491601,0.0,1.0,
MEPCE,DCTN2,-0.3937237960806911,7.326142704448209,-2564.2835283333343,-3163.726562,0.0838633364730506,0.1101794284090213,0.8071902156190258,0,-0.2636567387936296,0.1608576501837543,0.0,1.0,likely background
MEPCE,ATP6V1G1,-0.4569139952277941,4.533321790149244,-157.96100869999998,-156.76083369999998,0.0695960335139609,0.0955290079608063,0.433063733380064,0,-0.2639376403428884,0.5437673257931925,0.0,1.0,
MEPCE,CLIP1,-0.4477250504676484,4.9262310777308445,-464.4145913333334,-665.9025879999999,0.0235990515201613,0.0321868993336108,0.1585601037930281,0,-0.2640319184650065,0.3548838346205527,0.0,1.0,
MEPCE,SERF1A,-0.4467842812055652,5.525593355192223,-452.7083742333334,-1097.9464727,0.7148032361655117,0.974289225405132,5.383526069933976,0,-0.2641272049874098,0.5521014462041224,0.023300000000000008,1.0,
MEPCE,NME1,-0.4890529600734515,11.29208525343401,-1095.1083980000003,-1106.0061030000002,0.0242756367919564,0.0340718987852258,0.384742785829145,0,-0.2644544455010625,0.2258024908427542,0.0,1.0,
MEPCE,THOC2,-0.4228816561629382,3.9521449402551583,-1499.0086263333333,-864.4853519999997,0.0343211139149422,0.0460115919942767,0.1818444804932655,0,-0.2649665258929486,0.2895260678174903,0.0,1.0,
MEPCE,PAICS,-0.5546838493030637,20.463320732295927,-1789.5682776666667,-1608.1091310000002,0.0895995192756035,0.1316098928318918,2.693175448562098,0,-0.2651867987212456,0.2527329068602236,0.0006000000000000001,1.0,
MEPCE,HSPA4,-0.5599681107498518,20.16576823996659,-1597.314290666668,-1471.5773930000005,0.0136256657932443,0.0200877517681731,0.4050849466189588,0,-0.2658302265884635,0.3080704833052363,0.0,1.0,
MEPCE,FAM98A,-0.465202917736474,5.816495130343659,-649.4856773333333,-412.4929199999999,0.1350103609182232,0.1863859304647873,1.0841128569130072,0,-0.2661023277867821,0.2621126289991745,0.0,1.0,
MEPCE,FARSB,-0.5089386408250878,9.947758265531924,-446.973287033333,-414.55126999999993,0.0932172549419591,0.1326503153002038,1.319573270453018,0,-0.2669740939773434,0.2702520591550997,0.0,1.0,
MEPCE,KRT2,-0.5408879948193188,16.639064940562672,-1401.7969563333331,-1462.024414,0.0132305623055192,0.0192489981826797,0.3202853308023805,0,-0.2680419434985865,0.2501300100837356,0.0,1.0,
MEPCE,MDH2,-0.4674236727939221,6.26752659661481,-925.2327473333336,-900.552979,0.0712452755460148,0.0985078003315335,0.6174002585519076,0,-0.2686448315418904,0.1971610686043063,0.0,1.0,
MEPCE,WDR83,-0.485307105640579,8.86386520001723,-1002.5114743333328,-1158.014404,0.0602054019911501,0.0842817483512703,0.7470620562074347,0,-0.2686570197565583,0.2116211829245931,0.0,1.0,
MEPCE,COX4I1,-0.4727638235703416,3.5186047489423413,-119.61459346666663,-13.346130300000029,0.2826263865583355,0.3922245963996481,1.3800833275437951,0,-0.2692953286310066,0.4649382247588688,0.0,1.0,
MEPCE,D0JC7,-0.5276087927424985,10.645891728366102,-332.73598226666684,-386.5615232,0.118381574297905,0.1706539890098419,1.8167638900125564,0,-0.2694409603773821,0.2528905738750074,0.0,1.0,
MEPCE,SRRM1,-0.4440592283360754,5.863721136974514,-1236.1636556666667,-2030.3933110000005,0.2134139136902265,0.2903379366304007,1.702460695885248,0,-0.2694426599351727,0.2818199591654985,0.0,1.0,
MEPCE,QPCTL,-0.4758227703568189,6.151300722270124,-709.8728840000001,-780.911499,0.0760736379093006,0.1057979253403649,0.6507948545608673,0,-0.2696263169375853,0.1833931880322241,0.0,1.0,
MEPCE,KRT9,-0.441988559181374,14.380378899208171,-4072.9440099999993,-4378.05078,0.0253447749954208,0.0344307239103034,0.4951268556041893,0,-0.2707466258357831,0.1941987943739264,0.0,1.0,
MEPCE,PDAP1,-0.3420595998213548,20.52534623492367,-8991.285156666672,-9219.906260000003,0.0162628677006238,0.0206145013434284,0.4231197775341678,0,-0.2712861289703871,0.1599809482765415,0.0,1.0,likely background
MEPCE,RUVBL1,-0.5233969664035754,15.147041128575603,-2110.0926106666666,-2000.8681640000004,0.0175563929182446,0.0252347915009993,0.3822324247366679,0,-0.271919230463422,0.2206171895138008,0.0002,1.0,
MEPCE,UCHL1,-0.5355411801903325,10.972998009142415,-582.6045330000002,-623.54773,0.0756983006487373,0.1097252008194423,1.204014410144493,0,-0.272568307203828,0.1880700162445761,0.0,1.0,
MEPCE,NBN,-0.3987747193628945,0.4064017986367128,-955.9728193333332,-3289.179932,0.8136191182826219,1.414213562373095,1.1494778708097175,0,-0.2740509608587879,0.9217365334517942,0.041399999999999965,1.0,
MEPCE,SGPL1,-0.479398192442,4.549884548125048,-785.0377196666664,-988.229004,0.0281889698547197,0.03930053801376,0.1788129106418079,0,-0.2750794904750157,0.2580429895230578,0.0,1.0,
MEPCE,SAFB,-0.5290354791273417,6.403098505975544,-286.98089586666674,-370.7150268,0.0937684338988608,0.1353064430201533,0.8663804831512089,0,-0.2787707944912062,0.2156197520514911,0.0,1.0,
MEPCE,PRKRIP1,-0.5001984660996305,3.202518075443354,-358.53977456666655,-318.26269560000003,0.0388498230079589,0.0549502824905758,0.1759792729267876,0,-0.2787890861683659,0.3904861646196809,0.0,1.0,
MEPCE,HSP90B1,-0.3643534327023603,13.751227277237676,-7750.873049999998,-7408.152349999997,0.0122487585534412,0.0157680858910869,0.2168305328153408,0,-0.279512916670346,0.2040976907005465,0.0,1.0,
MEPCE,FAM133A,-0.4724214105571439,1.019143988251371,-336.22135430000003,-1191.2886967,0.3235127789136949,0.4488595616084772,0.4574525237824255,0,-0.2800676538410844,0.5500918876143173,0.0001,1.0,
MEPCE,ST13,-0.6288544934040557,18.34898424904718,-690.669963,-738.935303,0.0791805652188522,0.122441707872581,2.246680969180426,0,-0.2801240160160654,0.2194770244548261,0.0001,1.0,
MEPCE,GCN1,-0.4969061988428924,6.72491851712902,-1574.1221519999997,-1661.35254,0.0251545961228111,0.0354982667356795,0.2387229512967563,0,-0.2803445912074734,0.172361419909041,0.0,1.0,
MEPCE,PPP2R1A,-0.469539329749479,12.49567402425614,-4078.0764936666674,-4385.35253,0.0769084219440733,0.1064940481837898,1.330714911628065,0,-0.2816006935517419,0.2406709332502141,0.0,1.0,
MEPCE,IPO7,-0.4096344072288895,1.5896005310446433,-1306.8758953333336,-5144.979004000001,0.6612366795402939,0.8783648522849713,1.39624923564314,0,-0.2827012969483445,0.6229582992251514,0.004300000000000001,1.0,
MEPCE,ERC1,-0.5560837081201846,6.219746778638227,-337.0189210666665,-327.06646769999986,0.1317979487439107,0.193781767449087,1.2052735238502812,0,-0.2857836720092502,0.2013362931527083,0.0,1.0,
MEPCE,VBP1,-0.5410377510119945,4.381032636344439,-289.3131307,-305.8366089,0.0976946316588747,0.1421495897882693,0.622761992105382,0,-0.285847313014551,0.3904181074562708,0.0,1.0,
MEPCE,IVNS1ABP,-0.6230530740728598,35.34237471770775,-6287.521809999998,-6517.593750000002,0.0556491346994503,0.0857082778269627,3.0291340713699193,0,-0.2863080727582058,0.180346375977832,0.0007000000000000001,1.0,
MEPCE,CBR1,-0.5597121534003572,6.082213973629482,-353.6526081999999,-339.4060053999999,0.054938492736616,0.080979163957355,0.4925326025942575,0,-0.2870797539479462,0.2346431614801776,0.0,1.0,
MEPCE,SF1,-0.5483436048497861,4.194461537945931,-260.1735229333333,-215.55926520000003,0.0399708818227884,0.0584545005030533,0.2451851540798984,0,-0.2875665575258078,0.6016267492756742,0.0,1.0,
MEPCE,DCUN1D5,-0.5599293460841289,5.501773987511952,-202.08851113333327,-288.65454099999994,0.1269850635465955,0.1872037618702881,1.029952787422333,0,-0.2875980345449301,0.2156634362878335,0.0,1.0,
MEPCE,UBE2M,-0.5798944664169973,7.433818665250643,-391.94826223333337,-454.5179444,0.0676187568413366,0.1010739648994654,0.7513655268405348,0,-0.2896522073208516,0.2221128594790673,0.0,1.0,
MEPCE,PGK1,-0.5827389965222318,6.815609430065998,-439.9885251999999,-508.61401349999994,0.0524621068148619,0.0785731472867865,0.5355238835977874,0,-0.2920886681853881,0.2070398595216314,0.0,1.0,
MEPCE,PSME1,-0.6827795846787938,18.653252740451855,-626.2970987333335,-689.4137570000001,0.050087976757569,0.0804039891219648,1.4997959304325514,0,-0.2921445015099977,0.2427714179628433,0.0,1.0,
MEPCE,AP1G1,-0.5750468838008781,4.959693307024177,-390.83054606666656,-325.79363969999997,0.1347522026602417,0.2007468335284482,0.9956427266573415,0,-0.2933483046563565,0.2090188481331675,0.0,1.0,
MEPCE,HSPA1A,-0.2577756825689269,48.24146013494586,-23612.45570000001,-21299.179700000008,0.042949078801768,0.0513519876773803,2.477294866388574,0,-0.2951841427200879,0.1925075066189021,0.008900000000000002,1.0,
MEPCE,SUPT5H,-0.6089153447239515,9.591698860799143,-846.003865666667,-816.923828,0.0977902530821342,0.1491433786341563,1.4305383749409732,0,-0.2952274458998695,0.2622157298116107,0.0,1.0,
MEPCE,NHP2,-0.5802648893354203,3.69240565935597,-229.14019776666663,-82.98962399999994,0.2027455581658019,0.303134229234862,1.1192945435713146,0,-0.2957933452219759,0.2524975962101271,0.0,1.0,
MEPCE,CPSF7,-0.5417590119141624,4.7147683503610205,-1832.323242,-1601.951904,0.0969207574857803,0.1410940939396908,0.6652259685297189,0,-0.2964272393321153,0.2965190159531559,0.0,1.0,
MEPCE,UGP2,-0.7125260665140195,18.30169804523637,-381.8995970333334,-383.8314820000001,0.0565679388101418,0.0926977493591223,1.696526218243661,0,-0.2979996115672384,0.2732843024274907,0.0,1.0,
MEPCE,NUP205,-0.5842259170528503,3.5590062342224686,-266.7867431333333,-295.75219719999996,0.0899881512621189,0.1349153505342485,0.4801645736437001,0,-0.2980210890385324,0.3284520247315161,0.0,1.0,
MEPCE,GSPT2,-0.6157897555006306,6.1659922503165205,-431.3116657666667,-409.2028809,0.0287062950255604,0.0439901037791327,0.2712426389927518,0,-0.3011282499002722,0.2495656000823539,0.0,1.0,
MEPCE,SARS1,-0.5974445700077662,3.5958323785994577,-316.72308336666674,-302.29876709999996,0.0201095055547112,0.0304268294272147,0.1094097784325017,0,-0.301382318909478,0.2418908525489671,0.0004,1.0,
MEPCE,PBDC1,-0.6703511096200175,11.646022243932157,-556.1865030333333,-573.7335204,0.045654464841028,0.0726584216784323,0.8461815950760253,0,-0.3036285785360479,0.3339385431071612,0.0,1.0,
MEPCE,HSPA2,-0.5180061971533287,0.9194504947723624,-3361.5222773333317,-1729.9150390000004,0.6401334159884652,0.9166681058699964,0.8428309434842125,0,-0.3054459509392388,0.9994023042327652,0.0016,1.0,
MEPCE,PKM,-0.6315358314852099,19.648692714603,-4549.670735,-4580.897462999999,0.0310341124029976,0.0480792058513356,0.9446935417350356,0,-0.3081126799165295,0.2282386806938532,0.0,1.0,
MEPCE,HABP4,-0.6034543354844121,0.3061748512981393,-176.0358378,-457.9035645,0.6126173048924103,1.4142135623730951,0.8659932543267886,0,-0.3100440089322579,0.727210017089541,0.0006000000000000001,1.0,
MEPCE,HSP90AB1,-0.264033946398961,17.987999184039644,-15048.153646666671,-16764.96875,0.013411872134589,0.0161055943825106,0.2897074186110742,0,-0.3110161882919816,0.1845190886075826,0.0,1.0,
MEPCE,GAPDH,-0.5930206086437879,9.0033123442146,-3158.9980466666666,-3405.3212889999995,0.0480479884619264,0.0724767570560761,0.652530881471613,0,-0.3118218033508373,0.217305571612504,0.0,1.0,
MEPCE,UBE2S,-0.6449308779545398,4.348630782557849,-419.1683145666667,-377.66467249999994,0.125744300264586,0.1966249561767301,0.8550493370492166,0,-0.312004217777737,0.2589510537613525,0.0,1.0,
MEPCE,RPL22L1,-0.6677721202709482,6.355891487615968,-330.3083293333333,-411.5396728,0.1696148469578559,0.269457454410133,1.712642340760032,0,-0.3129803248875781,0.4547344912467904,0.0,1.0,
MEPCE,U2AF2,-0.3299232648266648,2.9056361909426154,-5536.318356666667,-14690.47266,0.3286183272672184,0.4130608539354071,1.2002045662563805,0,-0.314158459149838,0.3648633564079588,0.0001,1.0,
MEPCE,GPATCH8,-0.6490855136083695,4.537105235423537,-671.578348566667,-1082.9873048,0.4400907587648099,0.6901496451618829,3.1312815682896757,0,-0.3163377677359175,0.4668669464850519,0.0004,1.0,
MEPCE,TNPO3,-0.6306536124965227,1.837096181837203,-436.5158282333333,-1010.2669673,0.3121149159026494,0.4832444804965114,0.8877665900140438,0,-0.3165085580004687,0.6175519172675279,0.0,1.0,
MEPCE,FBL,-0.3519536826814995,23.89020157246815,-15520.725259999992,-15786.58984,0.0266960514506983,0.034072279456461,0.8139936242483204,0,-0.3176686459870587,0.1229657896061367,0.0,1.0,likely background
MEPCE,PPM1A,-0.6642669076116868,4.400001577651348,-767.6425780000002,-506.33313,0.064246295718244,0.1018167521314689,0.4479938700097994,0,-0.3184781608405425,0.3125691070735168,0.0,1.0,
MEPCE,ALDH16A1,-0.6761002345179791,4.6133800629174715,-337.96687823333355,-353.3898925,0.0981139348462395,0.1567704060933796,0.7232414659266732,0,-0.3186016478846391,0.3122926905444517,0.0,1.0,
MEPCE,ITGB1,-0.6576902676190515,0.8920712568694297,-213.4518992333333,-381.4406128,0.5682444368935642,1.4142135623730954,2.5231585401359213,0,-0.3218264185894595,0.7950759061454656,0.0002,1.0,
MEPCE,ALDOA,-0.7344513054723515,21.227162358174663,-3650.3426106666666,-3696.952636,0.0297203862481153,0.0494485485333858,1.0496523680942604,0,-0.3227518307398088,0.2615727633994356,0.0,1.0,
MEPCE,RP9,-0.6307842093714526,19.11391912900125,-6360.19694,-6568.813470000001,0.0237664126183703,0.0368006360825599,0.7034043819778559,0,-0.3239616575838942,0.254742550489143,0.0,1.0,
MEPCE,YARS1,-0.7185693212571233,6.584759028700565,-536.4704792000001,-519.8760374,0.0434755964713323,0.0715424181558551,0.4710895838868384,0,-0.3260858055757707,0.2214993917194354,0.0,1.0,
MEPCE,CARM1,-0.7564484401853877,11.086482326911309,-627.7728680333335,-589.2940062,0.0439240025979869,0.0742032480776683,0.8226529984124856,0,-0.3261503458210701,0.3588728257569097,0.0,1.0,
MEPCE,NCL,-0.6911966449122904,9.51976697843471,-2708.4337566666654,-2526.4907219999996,0.0150024046869356,0.0242236069796119,0.2306030938230902,0,-0.3294125750500017,0.3676109539340216,0.0,1.0,
MEPCE,ACTR3,-0.7785052235097377,10.23574880649901,-317.4691162333334,-407.4373169,0.1518715918377237,0.2605178100757385,2.6665948635544763,0,-0.3314370913143635,0.3396481079699098,0.0008,1.0,
MEPCE,RBX1,-0.7345771810155817,3.642721207192453,-326.21112043333335,-8.045654300000024,0.4253375990008023,0.7077351525187476,2.5780818491556268,0,-0.3335645938071577,0.5058406306083878,0.0004,1.0,
MEPCE,PPP2R2A,-0.7572819100350634,7.902872854219249,-702.5527551000001,-712.3092050000001,0.0577190928495644,0.0975644066935465,0.7710391011964357,0,-0.3340479531376737,0.2864771867202581,0.0,1.0,
MEPCE,ENO1,-0.7501566711113326,16.050637771723583,-3283.2644856666657,-3353.5986329999996,0.052224199201188,0.0878412998123021,1.4099088846846324,0,-0.3350472795648182,0.2456715774948392,0.0,1.0,
MEPCE,EIF4G2,-0.2901447140154797,1.1844406675541714,-11580.550699000014,-16087.5625,0.5559262335083388,0.679774299163997,0.8051523246879736,0,-0.3375568229689509,0.610191893285113,0.0001,1.0,
MEPCE,ZYX,-0.7654001076900271,10.246620699216528,-1774.614827333333,-1647.4750980000003,0.00447532582729,0.0076074732373072,0.0779508927421286,0,-0.338795627549918,0.2821406869607725,0.0001,1.0,
MEPCE,D0JB1,-0.7277241436719998,1.8465531478706128,-519.9988406666664,-948.9083864,0.5197783024778846,0.8607799338368591,1.58947589645031,0,-0.3402138238891779,0.7628732890599423,0.0001,1.0,
MEPCE,POLR3B,-0.7602432558438812,6.806727167475634,-1003.0987550000002,-1241.688599,0.0784500919236211,0.1328791486212278,0.904472110911144,0,-0.3403930145598414,0.3462332454254289,0.0,1.0,
MEPCE,HSPA6,-0.7465174264873107,8.768897587116863,-3377.272135666667,-1143.9355469999991,0.4223851016030407,0.7086634193077912,6.214196947646076,0,-0.3418051345629485,0.7193728985042688,0.0063000000000000035,1.0,
MEPCE,PGD,-0.7590773716097602,3.404477490636796,-476.69368496666686,-534.7763675,0.0533391795694281,0.0902731795780586,0.3073330078817138,0,-0.3426839095459594,0.251733658543312,0.0,1.0,
MEPCE,SKP1,-0.7973431763752579,16.868972695358387,-3635.0193683333346,-3712.311035,0.0090029360716625,0.0156464539725844,0.2639396048427089,0,-0.3475384191230638,0.3343652884383227,0.0,1.0,
MEPCE,PFN1,-0.8283373893585549,9.291266201460834,-1095.4995929999998,-995.500122,0.0106417947150236,0.018896309310796,0.1755706400317491,0,-0.3509813120464062,0.2502655060747482,0.0,1.0,
MEPCE,POLR3F,-0.7772080684895476,1.4134691001274893,-719.4260253666667,-996.209045,0.1685887571571813,0.2889342285835785,0.408399604072061,0,-0.3541757076446826,1.2006612312148308,0.0,1.0,
MEPCE,CHMP1A,-0.8014696968239992,3.611952594765658,-1062.9525556666665,-769.4996339999998,0.011268525666374,0.0196399820652399,0.0709386841816945,0,-0.3557840124015824,0.35432650785206,0.0002,1.0,
MEPCE,KRT1,-0.6756533478891819,19.513886565966494,-10168.467123333336,-10094.78321,0.0281465913330769,0.0449598308927145,0.8773410400654685,0,-0.3627526957282973,0.1894866800036845,0.0,1.0,
MEPCE,CIR1,-0.7884638175217689,9.756149193168492,-4319.294270333335,-3842.825683000001,0.0296634633339782,0.0512366369873289,0.4998722746045966,0,-0.3640564471302658,0.249507340661174,0.0,1.0,
MEPCE,SSBP1,-0.9511579890255412,14.667629920586084,-845.984069933333,-811.2310795000001,0.0459367453528895,0.0888169190713248,1.3027336996248369,0,-0.3674921427011599,0.4037288783457628,0.0,1.0,
MEPCE,UBR5,-0.8526027354225717,1.536903699223538,-319.4229532999999,-188.59478760000007,0.1021823588436282,0.1845197103115729,0.2835890253575119,0,-0.3675506732648654,0.5187004945173621,0.0,1.0,
MEPCE,IFRD1,-0.8911115121227345,5.38073938266927,-264.58468626666667,-249.9702759,0.1250606867104306,0.2319424061701019,1.248021639390539,0,-0.3685892429833589,0.5210520975973554,0.0,1.0,
MEPCE,IMPDH2,-1.0303429273015057,23.42004128325369,-1161.7109783333333,-1175.4021,0.0115459873614632,0.0235832728311401,0.5523212232995367,0,-0.3704013292472545,0.379043166489418,0.0,1.0,
MEPCE,PRDX2,-0.7717994248547285,8.825356224883096,-6299.488279333331,-6495.501949000001,0.018986269637984,0.0324176729892293,0.2860975121117201,0,-0.3801394532596506,0.454168594995097,0.0,1.0,
MEPCE,AP1B1,-0.8962795225577062,1.9594338371474491,-767.3890988666666,-625.6810909999999,0.066682117179739,0.1241150608633792,0.2431952499553204,0,-0.3807324398230998,0.4878310933415385,0.0,1.0,
MEPCE,EEF1A2,-0.9125248119705692,1.295192282408456,-470.9781700333333,-660.9326175,0.0333371321485812,0.0627528929311615,0.0812770626232446,0,-0.3850949511963236,0.4496305069257225,0.0001,1.0,
MEPCE,MYL6B,-0.9416073702400554,1.717887721309072,-147.31446839999998,-177.79125969999998,0.4016621344764762,0.7714740029394325,1.3253057169588098,0,-0.3881032746521052,0.4906779002794986,0.0002,1.0,
MEPCE,NIPS0P1,-0.9973519452112084,5.299046821013348,-644.8556517000001,-332.6654660999999,0.3555879012045438,0.7098858140528371,3.761718166239159,0,-0.3964582489497483,0.6107733988782025,0.0022,1.0,
MEPCE,I0,-1.0593681101086618,13.023931181586835,-1477.656657,-1657.587036,0.096273273219848,0.2006394673578271,2.6131146151785787,0,-0.4031908045837166,0.4479128854466014,0.0003,1.0,
MEPCE,PSME2,-1.0801985315291789,10.305302376837371,-329.7923279,-324.3485108,0.0493830349190768,0.1044140925644446,1.0760187962796883,0,-0.4044638107994775,0.3233189656298307,0.0,1.0,
MEPCE,HSP90AA1,-0.3774495076193866,34.251661104964825,-29004.033849999993,-28904.92190999999,0.0205992475037502,0.0267596618480994,0.9165628689045588,0,-0.4055488223054614,0.2419816066553176,0.0001,1.0,
MEPCE,CDC73,-1.0297989817805917,4.019930626269062,-1141.0900876666667,-1387.7750239999998,0.0375606073239936,0.0766905506544737,0.3082906933213576,0,-0.4131913146819018,0.4626070909504144,0.0,1.0,
MEPCE,WASHC4,-1.0391455551486612,1.1075776529536054,-662.6191203,-801.0363159999999,0.0341206717666518,0.0701197695009948,0.0776630897295596,0,-0.4176317743330461,0.7532119140622329,0.0001,1.0,
MEPCE,G3BP2,-1.0499270812214982,0.4760960193288386,-811.2323101333334,327.5646973,0.0404287136383069,0.0837063605419001,0.0398522650465032,0,-0.4178455221263523,0.7310463772873076,0.0285,1.0,
MEPCE,STK38,-0.5021859529928955,14.20932871133972,-19987.61328,-22319.562499999993,0.0142616848844704,0.0201999373660473,0.2870275499826409,0,-0.4182875024538991,0.2279195606781109,0.0,1.0,
MEPCE,F5,-1.0678892274193776,5.19731346814779,-1100.7386883666668,-1107.546875,0.1033716782120846,0.2167092060239757,1.126305675140023,0,-0.4186594888573027,0.3052636516960592,0.0,1.0,
MEPCE,SSRP1,-1.091989847892325,5.554689839784958,-1445.9629723333333,-1394.149903,0.0310618997504534,0.0662153944863551,0.36780597899071,0,-0.4262271048222932,0.4032791344474299,0.0,1.0,
MEPCE,HYOU1,-1.1067031394735365,0.1523845248402108,-112.51113380333334,-211.1821899,0.3049250990625365,1.4142135623730951,0.4310085234496119,0,-0.4316933657869628,1.526243009094815,0.0,1.0,
MEPCE,UBA2,-1.125707907729903,2.915613834375786,-690.0249226666666,-503.7221069,0.3240876275151872,0.7072024799217382,2.061929334164684,0,-0.4337319238429692,0.4133513142600993,0.0,1.0,
MEPCE,CCDC50,-1.144335703869534,1.4552071242165503,-313.81438193333344,-366.6204529,0.1461878047916579,0.323146991163719,0.4702458037105865,0,-0.4394219197825901,0.7954959673146496,0.0,1.0,
MEPCE,LDHB,-1.15484856371148,8.021226034742352,-1921.2641196666664,-2103.831421,0.0420715567337481,0.0936790138637909,0.7514205449132297,0,-0.4407990353208992,0.3107142115743572,0.0,1.0,
MEPCE,SREK1IP1,-0.8491736033743845,6.292413374854221,-10938.07324,-12753.30175,0.0746118663182062,0.134413364894194,0.8457844550193871,0,-0.4470921052730335,0.2596252496118817,0.0,1.0,
MEPCE,PRDX1,-0.9843110620554943,7.863698621421158,-10875.405926666666,-11533.62793,0.0288264653100186,0.0570304947787022,0.4484706231702474,0,-0.4716031979216731,0.454341922603126,0.0,1.0,
MEPCE,ASNS,-1.2829738468362777,6.6550144679910055,-1675.152018,-1614.740234,0.0320461784655575,0.0779830876813907,0.5189785767782668,0,-0.4720941129242411,0.3733184948511232,0.0,1.0,
MEPCE,HMGN1,-1.2939108534003538,0.5825491650128614,-933.7194009333332,-492.5328367,0.0946962774808399,0.2321932200968082,0.1352639664890431,0,-0.4806771910903133,0.7977851157321333,0.0001,1.0,
MEPCE,SF3B3,-1.32379106652968,9.87032927297696,-2661.426228666667,-2676.541015,0.007186456276225,0.0179898059232426,0.1775653080193566,0,-0.4830587500347737,0.4290980770464591,0.0,1.0,
MEPCE,IBTK,-1.32081601932399,0.8188433514341811,-521.1183422066666,-291.500824,0.217206178873788,0.5426105895746441,0.4443130736909785,0,-0.4843015702458397,0.8783230740031926,0.0,1.0,
MEPCE,CUL1,-1.3673707161584914,5.557069333852706,-584.8551939666667,-560.4995727999999,0.1695038601914285,0.4373311364945861,2.4302794473530165,0,-0.4866281696587732,0.499444433095336,0.0,1.0,
MEPCE,IGKV2-30,-1.1495482519055424,0.6740864770554074,-10556.472657666667,-2298.2890669999997,0.0088725450727243,0.0196836826371018,0.0132685042843206,0,-0.4904217778750939,0.65627815383059,0.0,1.0,
MEPCE,TUBB6,-1.0965943175772284,8.33414012311005,-9222.87646266667,-13095.505370000004,0.33256585852984,0.7112048871357799,5.927281185630257,0,-0.4974262070718219,0.649885173988894,0.003300000000000001,1.0,
MEPCE,PHGDH,-1.375744871147281,12.265774322046465,-4944.862955666667,-5249.681885,0.070453296476107,0.1828323582936059,2.242580445596911,0,-0.5095078936852702,0.4937596115658879,0.0001,1.0,
MEPCE,NUP107,-0.4466309999266213,0.9757363650610584,-19006.240216666665,-46025.22069999999,0.7275880548625563,0.991609793243088,0.9675497352179584,0,-0.5214924060921194,0.7909779610439716,0.019600000000000013,1.0,
MEPCE,SF3B5,-1.7230360827101026,2.860195964961028,-761.1977387333334,-724.0967406,0.1522197704741349,0.5025403580836205,1.4373639044208415,0,-0.5804151044053681,0.570455869908575,0.0,1.0,
MEPCE,PFDN2,-1.7390315177428324,0.7748621982192682,-1491.2787677333336,-2035.1035762,0.056269577026499,0.1878403108767615,0.1455503562001581,0,-0.5968129263367175,0.850116311563061,0.0001,1.0,
MEPCE,DDX54,-1.8004301531723534,0.2939092675476901,-4244.398601000001,-358.062989,0.0287044356636722,0.0999879402328901,0.0293873822774509,0,-0.6172086800629926,1.317787209676848,0.0,1.0,
MEPCE,DHX38,-1.841859130721048,2.329961335228528,-1883.012919,-2063.2202151,0.0858343279983193,0.3077027842755765,0.7169355901042579,0,-0.6201261240853885,0.5681493343359972,0.0,1.0,
MEPCE,DPM1,-1.6667439434099969,0.4530237485290747,-10213.324545666668,-4384.112792999999,0.017010561232489,0.0540097732039408,0.0244677099140544,0,-0.6235428750469941,0.8999505757017681,0.0,1.0,
MEPCE,ALDH1A2,-1.9019593784833757,3.79556964198528,-1202.2610473333334,-1043.2607426,0.1892590488063659,0.7073261385027217,2.6847056182836058,0,-0.6249250985943999,0.5900482108477341,0.0002,1.0,
MEPCE,HAS1,-0.8522757106069826,5.421193810847503,-38013.984373333325,-55868.74219,0.4338900947987613,1.4142135623730947,15.33345162310724,0,-0.7239703507792051,0.7359154939660004,0.011300000000000006,1.0,
MEPCE,E2F7,-3.4149552474196305,0.1400112492652164,-50860.350259666666,-74656.924802,0.002500529568326,0.026673639805634,0.0037346096316372,0,-1.4830166052226714,1.5346350795239003,0.0001,1.0,
MEPCE,KRT78,-5.5365468248122705,0.0,-44.405385333333335,0.0,0.0,0.0,0.0,0,-1.5094386617979307,2.8284271247461894,0.0,1.0,
MEPCE,0CA4P,-5.5365468248122705,0.0,-44.405385333333335,0.0,0.0,0.0,0.0,0,-1.5094386617979307,2.82842712474619,0.0,1.0,
MEPCE,RPL36AL,-5.5365468248122705,0.0,-44.405385333333335,0.0,0.0,0.0,0.0,0,-1.5094386617979307,1.4895639268525038,0.0,1.0,
MEPCE,CDC20B,-5.5365468248122705,0.0,-44.405385333333335,0.0,0.0,0.0,0.0,0,-1.5094386617979307,1.4176719001873936,0.0,1.0,
MEPCE,ATXN2,-5.5365468248122705,0.0,-52.46447753333334,0.0,0.0,0.0,0.0,0,-1.5094705661253327,1.3774105833752723,0.0,1.0,
MEPCE,AKAP5,-5.5365468248122705,0.0,-106.02372233333334,0.0,0.0,0.0,0.0,0,-1.5096825964184593,1.4140566357917197,0.0,1.0,
MEPCE,CBX4,-5.5365468248122705,0.0,-325.43188476666666,0.0,0.0,0.0,0.0,0,-1.510551189266787,1.1328870849495174,0.0,1.0,
MEPCE,SUPT4H1,-5.5365468248122705,0.0,-521.2769673666667,-547.47052,0.0,0.0,0.0,0,-1.5134475463275383,0.858004210313758,0.0,1.0,
MEPCE,TUBB8,-5.5365468248122705,0.0,-1483.534017,0.0,0.0,0.0,0.0,0,-1.5151358830107902,1.8890765008360169,0.0,1.0,
MEPCE,HSP90AB2P,-5.5365468248122705,0.0,-1950.4446613333332,0.0,0.0,0.0,0.0,0,-1.5169842884756477,2.2398625751148344,0.0,1.0,
MEPCE,POTEI,-5.5365468248122705,0.0,-8761.005206666667,0.0,0.0,0.0,0.0,0,-1.543945929816492,2.1851215075187023,0.0,1.0,
MEPCE,FBXO31,-5.5365468248122705,0.0,-6826.411132666667,-6856.755859,0.0,0.0,0.0,0,-1.5628521476479191,1.4002307022907192,0.0,1.0,
