Bait,Prey
LMNA,LIPJ
LMNA,BECN1
LMNA,KRT222
LMNA,PRPF19
LMNA,KRT7
LMNA,HIF3A
LMNA,LOC100653049
LMNA,ITGB4
LMNA,FANCL
LMNA,SUN1
LMNA,PEMT
LMNA,GLI3
LMNA,DRG1
LMNA,SRSF3
LMNA,SETD1A
LMNA,SFPQ
LMNA,THOC7
LMNA,NDFIP2
LMNA,MSANTD1
LMNA,PRKCE
LMNA,KAT5
LMNA,DLX1
LMNA,EXD2
LMNA,INO80
LMNA,MX1
LMNA,RAB40B
LMNA,MTDH
LMNA,PRKAA1
LMNA,BNIP3L
LMNA,ZNF174
LMNA,SRSF7
LMNA,RPA4
LMNA,HOXA2
LMNA,RNF113A
LMNA,CYP4F2
LMNA,MAGOH
LMNA,THAP7
LMNA,SARNP
LMNA,DZIP1
LMNA,SNX5
LMNA,RBM4
LMNA,VPS37A
LMNA,BMP2
LMNA,DSG2
LMNA,VTA1
LMNA,OR51E2
LMNA,NEMP2
LMNA,DOT1L
LMNA,APBB3
LMNA,NRM
LMNA,MVK
LMNA,HMG20B
LMNA,GTF2B
LMNA,ACSS3
LMNA,OSBPL8
LMNA,CANX
LMNA,NHEJ1
LMNA,shieldin_human
LMNA,APEX2
LMNA,ATP2B1
LMNA,HSPA1A
LMNA,CD38
LMNA,AKAP9
LMNA,RETREG1
LMNA,EGR2
LMNA,PRPF6
LMNA,KLK6
LMNA,PEA15
LMNA,QSOX1
LMNA,DUSP2
LMNA,KRTAP5-4
LMNA,SMU1
LMNA,AK9
LMNA,WDR48
LMNA,HSD3B2
LMNA,MAD2L2
LMNA,PRPF40B
LMNA,SON
LMNA,CYP1A2
LMNA,PDXDC1
LMNA,ERCC6
LMNA,PLCB1
LMNA,TMEM38A
LMNA,NOP53
LMNA,SUZ12
LMNA,SLC16A10
LMNA,RC3H2
LMNA,TDP1
LMNA,CDK4
LMNA,SRSF5
LMNA,RSRC1
LMNA,CLUAP1
LMNA,TAX1BP3
LMNA,MAPK14
LMNA,AGXT
LMNA,ANXA11
LMNA,RIC3
LMNA,SLC7A14
LMNA,AKAP17A
LMNA,LAMP3
LMNA,IDI2
LMNA,CBLL1
LMNA,BCL2
LMNA,PSMA6
LMNA,MYO1C
LMNA,INCENP
LMNA,KRT28
LMNA,KRT34
LMNA,PIN1
LMNA,CYP2E1
LMNA,INKA2
LMNA,GMCL1
LMNA,ZWINT
LMNA,ZFHX3
LMNA,YME1L1
LMNA,ARL14EP
LMNA,KRT5
LMNA,KRTAP5-9
LMNA,AXL
LMNA,CNST
LMNA,DTL
LMNA,IGHMBP2
LMNA,CTSK
LMNA,SLC22A18
LMNA,SNAI1
LMNA,BMAL1
LMNA,AP1B1
LMNA,EVPL
LMNA,PPIG
LMNA,PARP3
LMNA,VPS25
LMNA,YY1
LMNA,ASCC1
LMNA,FIG4
LMNA,MAPK9
LMNA,MACO1
LMNA,REPS1
LMNA,GM2A
LMNA,DYNLT4
LMNA,SLC9A7
LMNA,PRKN
LMNA,ATP8B1
LMNA,CENPW
LMNA,AP1G1
LMNA,MCUB
LMNA,SHLD2
LMNA,NPC1
LMNA,MYPN
LMNA,BCAS2
LMNA,KRTAP20-4
LMNA,ABCA9
LMNA,DCAF7
LMNA,FEV
LMNA,CYP2U1
LMNA,HDHD3
LMNA,KRT31
LMNA,HSD17B3
LMNA,SEC16A
LMNA,ALX1
LMNA,IL37
LMNA,JUP
LMNA,LRIF1
LMNA,GIMAP4
LMNA,CTSE
LMNA,SMAD6
LMNA,AKNA
LMNA,CD1C
LMNA,RUNX1
LMNA,MATR3
LMNA,ZFYVE9
LMNA,NARF
LMNA,CYP2S1
LMNA,DDX5
LMNA,PPARG
LMNA,TRAPPC14
LMNA,SNCA
LMNA,BLM
LMNA,KAT7
LMNA,KRTAP19-3
LMNA,EPN2
LMNA,PAFAH1B1
LMNA,SPTBN4
LMNA,TMEM9
LMNA,PARP2
LMNA,SMCHD1
LMNA,CD40
LMNA,KRTAP19-7
LMNA,SALL4
LMNA,DAXX
LMNA,XRCC2
LMNA,AKT2
LMNA,CDKN1B
LMNA,SOX2
LMNA,SMARCC1
LMNA,S100A10
LMNA,TBC1D20
LMNA,GADD45A
LMNA,TFIP11
LMNA,TMEM258
LMNA,ATP1A3
LMNA,DTX1
LMNA,DSP
LMNA,SPART
LMNA,CTSH
LMNA,GTF2F1
LMNA,PSKH1
LMNA,ZNF106
LMNA,SNX19
LMNA,AQP11
LMNA,CLCA2
LMNA,BASP1
LMNA,SMARCAL1
LMNA,SOX30
LMNA,NFKBIZ
LMNA,IFITM5
LMNA,KRTAP22-1
LMNA,ZC3H14
LMNA,TPP2
LMNA,TREX1
LMNA,PLA2G15
LMNA,EIF5A2
LMNA,PRKAA2
LMNA,KRT24
LMNA,RAN
LMNA,CEP164
LMNA,WDR76
LMNA,LAMTOR4
LMNA,NHS
LMNA,NDUFS3
LMNA,DMC1
LMNA,SLC39A8
LMNA,MKNK2
LMNA,DPP7
LMNA,PLEKHH2
LMNA,YARS1
LMNA,EFTUD2
LMNA,CHTOP
LMNA,NOC4L
LMNA,STX1A
LMNA,KMT2E
LMNA,SEH1L
LMNA,NLRP6
LMNA,HACE1
LMNA,EDA
LMNA,APLF
LMNA,MAD2L1BP
LMNA,PIK3CB
LMNA,ADCYAP1R1
LMNA,PNN
LMNA,BDKRB2
LMNA,POMP
LMNA,CDK2
LMNA,GTPBP4
LMNA,EPPK1
LMNA,MAP1LC3B2
LMNA,LBR
LMNA,IL33
LMNA,XPO1
LMNA,KRTAP19-8
LMNA,GLIS2
LMNA,FLI1
LMNA,SCAI
LMNA,DNAAF1
LMNA,FOXF2
LMNA,BMP2K
LMNA,RAB30
LMNA,ABCA6
LMNA,EAF1
LMNA,NXF1
LMNA,KRT8
LMNA,SEPHS1
LMNA,SLC26A11
LMNA,PPP4R3A
LMNA,LRG1
LMNA,ROGDI
LMNA,npc_human-1
LMNA,LIG4
LMNA,CLIC4
LMNA,TICRR
LMNA,MRPS14
LMNA,SMARCAD1
LMNA,MAP1LC3C
LMNA,GEMIN2
LMNA,CLDN9
LMNA,TRA2A
LMNA,NUP37
LMNA,SETBP1
LMNA,COPS4
LMNA,ALKBH5
LMNA,DCT
LMNA,THOC1
LMNA,OGG1
LMNA,CORIN
LMNA,HIPK2
LMNA,CXXC1
LMNA,AGPAT5
LMNA,AMBRA1
LMNA,CCKBR
LMNA,PTGER3
LMNA,DACH1
LMNA,GON4L
LMNA,SEC24D
LMNA,BAAT
LMNA,VIRMA
LMNA,CCNL1
LMNA,VPS53
LMNA,HIF1A
LMNA,DRAM2
LMNA,PPIB
LMNA,NUP62
LMNA,POMZP3
LMNA,ATRX
LMNA,CBX6
LMNA,SUN2
LMNA,ANO10
LMNA,HDAC10
LMNA,GAPDH
LMNA,CPNE1
LMNA,DHRS9
LMNA,DLAT
LMNA,UNC13D
LMNA,KRTAP5-3
LMNA,KRTAP13-1
LMNA,pbaf_var1_human
LMNA,CTNS
LMNA,CYP7A1
LMNA,PRPF40A
LMNA,ATXN2L
LMNA,ARIH1
LMNA,SLC4A1AP
LMNA,PRICKLE2
LMNA,TOMM34
LMNA,TINF2
LMNA,HLCS
LMNA,ZBTB18
LMNA,PTCH1
LMNA,SLC30A8
LMNA,KRTAP21-1
LMNA,PSEN1
LMNA,GGA1
LMNA,UBE2I
LMNA,CHMP4B
LMNA,ITFG2
LMNA,HSD17B6
LMNA,PTGDS
LMNA,SRSF1
LMNA,MAP1LC3A
LMNA,KIAA0319
LMNA,LYRM4
LMNA,NUDT21
LMNA,MACROH2A1
LMNA,AP3S1
LMNA,CTTN
LMNA,CTDP1
LMNA,SLC16A1
LMNA,SLC23A1
LMNA,DNAJA3
LMNA,CTNNA1
LMNA,STAM2
LMNA,PSPC1
LMNA,BICD2
LMNA,IQSEC1
LMNA,RAD51
LMNA,ZMYND8
LMNA,LIMK1
LMNA,HEXIM1
LMNA,XRCC4
LMNA,TEX2
LMNA,CBX5
LMNA,ASAP3
LMNA,ATXN1
LMNA,DES
LMNA,RMI2
LMNA,SHLD1
LMNA,FOSB
LMNA,ALOX12B
LMNA,NLRP10
LMNA,SATB2
LMNA,NTS
LMNA,ANKRD13B
LMNA,SCNM1
LMNA,ABCA1
LMNA,VPS29
LMNA,VGF
LMNA,DBF4B
LMNA,THAP1
LMNA,UQCC2
LMNA,COMMD4
LMNA,TERF1
LMNA,PKP1
LMNA,FAF1
LMNA,LHPP
LMNA,RNF43
LMNA,ADAM10
LMNA,PRCP
LMNA,HOXA4
LMNA,ESCO2
LMNA,LRRC59
LMNA,ADAP2
LMNA,BSG
LMNA,TECPR1
LMNA,KRT20
LMNA,ZBTB7A
LMNA,GLB1
LMNA,WRAP53
LMNA,RNF138
LMNA,PPIE
LMNA,PHB2
LMNA,PLSCR2
LMNA,POM121
LMNA,ADGRD1
LMNA,DHRS2
LMNA,ASCC3
LMNA,MARF1
LMNA,DCTN1
LMNA,HLA-DMA
LMNA,TPR
LMNA,THOC3
LMNA,SMARCC2
LMNA,WDR24
LMNA,CYP2C18
LMNA,CYP2W1
LMNA,CTSS
LMNA,AGFG1
LMNA,NCBP3
LMNA,ADAMTSL3
LMNA,SEC23IP
LMNA,TONSL
LMNA,CYP27C1
LMNA,FNDC3A
LMNA,BPNT2
LMNA,B3GAT1
LMNA,FLYWCH1
LMNA,ZNF540
LMNA,ICOSLG
LMNA,VCP
LMNA,GNAZ
LMNA,ACD
LMNA,SDCBP
LMNA,QSOX2
LMNA,SYNE1
LMNA,NT5C3A
LMNA,HOXB7
LMNA,RUVBL2
LMNA,RUBCN
LMNA,CCN3
LMNA,POR
LMNA,TKT
LMNA,AIPL1
LMNA,LDLRAD4
LMNA,TRIM69
LMNA,GPRC5D
LMNA,CHPT1
LMNA,SRRM1
LMNA,ENG
LMNA,NPAP1
LMNA,PPL
LMNA,GPBP1
LMNA,FMNL3
LMNA,TRIP10
LMNA,PRCC
LMNA,SERTM2
LMNA,BRIP1
LMNA,PARP8
LMNA,S100B
LMNA,PPWD1
LMNA,NSRP1
LMNA,ARPC3
LMNA,TMEM168
LMNA,GPATCH2
LMNA,NSMCE4A
LMNA,LPIN1
LMNA,TESK2
LMNA,TELO2
LMNA,TEP1
LMNA,SYNC
LMNA,WDR59
LMNA,MGST3
LMNA,PPP4R3B
LMNA,RMI1
LMNA,REXO4
LMNA,FIGN
LMNA,NBR1
LMNA,FAM156A
LMNA,BTAF1
LMNA,DDOST
LMNA,PDGFRB
LMNA,CACTIN
LMNA,PRDM8
LMNA,PLPP6
LMNA,HIPK3
LMNA,SPHK2
LMNA,SULT1E1
LMNA,CBX3
LMNA,EPHX3
LMNA,ATG12
LMNA,SIX5
LMNA,KNL1
LMNA,PCSK2
LMNA,LARS1
LMNA,HOXD3
LMNA,RPA1
LMNA,RNF220
LMNA,KRTAP21-2
LMNA,KRTAP22-2
LMNA,STARD3
LMNA,LEMD2
LMNA,TAP2
LMNA,NUTF2
LMNA,FOXC2
LMNA,UBA5
LMNA,HDAC4
LMNA,ADRA1A
LMNA,MAK16
LMNA,WDR3
LMNA,DST
LMNA,AAAS
LMNA,FZR1
LMNA,CYP2A6
LMNA,TFRC
LMNA,SLU7
LMNA,KRTAP19-4
LMNA,AMBP
LMNA,GLRX2
LMNA,CELF2
LMNA,KRT33B
LMNA,LURAP1
LMNA,C11orf54
LMNA,RTN2
LMNA,ARID2
LMNA,DBH
LMNA,MYCT1
LMNA,DNAJC1
LMNA,KRT32
LMNA,SMARCA2
LMNA,TAF3
LMNA,RBSN
LMNA,NDUFB1
LMNA,TYRO3
LMNA,PNISR
LMNA,ABHD17A
LMNA,FYTTD1
LMNA,EPC1
LMNA,CDYL
LMNA,UPRT
LMNA,RPN2
LMNA,CYB5B
LMNA,ZCCHC8
LMNA,SREBF2
LMNA,HSPA8
LMNA,MRE11
LMNA,CPQ
LMNA,SNRPB2
LMNA,NUCB2
LMNA,RBM25
LMNA,SEC31A
LMNA,GCH1
LMNA,HNF1B
LMNA,DDB1
LMNA,DNAJB12
LMNA,PIR
LMNA,ORC3
LMNA,RAD21
LMNA,ERBIN
LMNA,CEPT1
LMNA,CLIC1
LMNA,DYRK1A
LMNA,LITAF
LMNA,MSH6
LMNA,PAXIP1
LMNA,CLCC1
LMNA,ANXA2
LMNA,SYF2
LMNA,VPS51
LMNA,DLC1
LMNA,TBK1
LMNA,SPTBN2
LMNA,BYSL
LMNA,TMEM176B
LMNA,CYP2A7
LMNA,CTSC
LMNA,NUFIP2
LMNA,NUP42
LMNA,ARHGAP18
LMNA,RNF169
LMNA,SGK1
LMNA,CLIP4
LMNA,LIPA
LMNA,APBB1
LMNA,LPXN
LMNA,NMRK2
LMNA,SCAMP2
LMNA,PRPF18
LMNA,ERGIC1
LMNA,MYZAP
LMNA,ZDHHC17
LMNA,ELF2
LMNA,FAM72A
LMNA,OAS2
LMNA,CSF1R
LMNA,SUN3
LMNA,EXOSC4
LMNA,OARD1
LMNA,GZMH
LMNA,STK38
LMNA,NAMPT
LMNA,TXLNG
LMNA,SCYGR1
LMNA,SPAG5
LMNA,ZNF217
LMNA,ATF6
LMNA,CYBB
LMNA,CYP2R1
LMNA,AGR3
LMNA,PHF11
LMNA,CLINT1
LMNA,SFT2D2
LMNA,LMNB1
LMNA,USF2
LMNA,ARRDC4
LMNA,PPP1R10
LMNA,POLA1
LMNA,SERPINB13
LMNA,SYNM
LMNA,KRTAP17-1
LMNA,MAML2
LMNA,SYNE3
LMNA,TRABD2A
LMNA,YEATS4
LMNA,ZC3H13
LMNA,U2AF2
LMNA,INTS7
LMNA,EPB41
LMNA,RNF112
LMNA,GABRB1
LMNA,SF3A1
LMNA,E2F5
LMNA,ICE1
LMNA,KIN
LMNA,CEP128
LMNA,SLC2A4RG
LMNA,ATP6V1A
LMNA,NMNAT1
LMNA,ACKR2
LMNA,DENND6A
LMNA,ZNF470
LMNA,AASS
LMNA,SNRPD3
LMNA,ZBTB16
LMNA,PABPN1
LMNA,NUP155
LMNA,TNFSF13B
LMNA,ZNRF2
LMNA,WBP11
LMNA,RAB11FIP1
LMNA,DUX4
LMNA,HSPB9
LMNA,EHMT1
LMNA,KPNB1
LMNA,SERTM1
LMNA,EIF2D
LMNA,CITED2
LMNA,POU2F3
LMNA,ENC1
LMNA,DISP3
LMNA,CFL1
LMNA,BDH1
LMNA,SORT1
LMNA,RGS10
LMNA,AFTPH
LMNA,EGLN1
LMNA,ITPA
LMNA,TYR
LMNA,KRT19
LMNA,TMEM201
LMNA,CTR9
LMNA,KCNA6
LMNA,SIRT6
LMNA,ZRANB1
LMNA,RABEP1
LMNA,STK35
LMNA,IGSF8
LMNA,SPRTN
LMNA,ABCA10
LMNA,KRT76
LMNA,TIMM50
LMNA,NUP58
LMNA,HEXA
LMNA,RP2
LMNA,PRPF3
LMNA,CDKN1A
LMNA,IFI30
LMNA,NUP160
LMNA,ERO1A
LMNA,MAU2
LMNA,ZNF232
LMNA,ATP1A1
LMNA,CCDC92
LMNA,KRT40
LMNA,CEMIP
LMNA,FAM72D
LMNA,RAB11FIP5
LMNA,HNRNPU
LMNA,CLCN3
LMNA,RBM19
LMNA,STS
LMNA,DDX46
LMNA,NISCH
LMNA,BLOC1S6
LMNA,MED7
LMNA,BABAM1
LMNA,RNF34
LMNA,TSPAN15
LMNA,WASHC2A
LMNA,SMARCB1
LMNA,PHPT1
LMNA,SNURFL
LMNA,CALCOCO1
LMNA,KRTAP7-1
LMNA,CC2D1B
LMNA,CDC40
LMNA,PRKCZ
LMNA,SFMBT2
LMNA,SAYSD1
LMNA,UBASH3A
LMNA,HSD3B1
LMNA,ITGB1BP1
LMNA,PRPF8
LMNA,INA
LMNA,SCAMP3
LMNA,GATA6
LMNA,SP100
LMNA,NELL1
LMNA,ICE2
LMNA,HSD11B1
LMNA,INO80B
LMNA,ATP1B4
LMNA,CSF1
LMNA,DDX31
LMNA,SF3A3
LMNA,CLOCK
LMNA,POM121C
LMNA,CYP1B1
LMNA,GATAD2B
LMNA,SNX1
LMNA,USP18
LMNA,SULT2B1
LMNA,GOLT1A
LMNA,SNRNP40
LMNA,CYREN
LMNA,TRAIP
LMNA,WAS
LMNA,ABCA7
LMNA,YTHDC1
LMNA,BFSP2
LMNA,CDH5
LMNA,PHF20
LMNA,POLR3H
LMNA,CGAS
LMNA,TOR1AIP2
LMNA,PRDM5
LMNA,KAT6A
LMNA,API5
LMNA,MNDA
LMNA,TLE2
LMNA,DYRK4
LMNA,TOR3A
LMNA,TNRC6A
LMNA,CLK3
LMNA,CLTB
LMNA,NRDE2
LMNA,TMPO
LMNA,BNIP1
LMNA,STK19
LMNA,SLC9A6
LMNA,TSPAN1
LMNA,DAB1
LMNA,SETD1B
LMNA,ADRA1B
LMNA,HSD11B1L
LMNA,HAX1
LMNA,ARFGEF2
LMNA,MPV17L
LMNA,UIMC1
LMNA,LEMD3
LMNA,CADPS2
LMNA,CEBPB
LMNA,MUC5B
LMNA,KLF11
LMNA,TOPORS
LMNA,TMEM165
LMNA,CD84
LMNA,APEH
LMNA,HPGDS
LMNA,THOC2
LMNA,CHRNA3
LMNA,HSPB3
LMNA,SLF2
LMNA,TRIM22
LMNA,PNKP
LMNA,INSR
LMNA,SPG21
LMNA,XRCC5
LMNA,MYH15
LMNA,ARHGAP30
LMNA,PUM2
LMNA,PRSS41
LMNA,PODXL
LMNA,CDC5L
LMNA,PAF1
LMNA,CTDNEP1
LMNA,CCNB3
LMNA,APOB
LMNA,RANBP9
LMNA,PCNP
LMNA,NAPEPLD
LMNA,KRTAP13-4
LMNA,ATM
LMNA,SETMAR
LMNA,FAS
LMNA,AQP1
LMNA,BIN1
LMNA,STARD3NL
LMNA,TMEM18
LMNA,KRT3
LMNA,BUB1
LMNA,NUP98
LMNA,DTX2
LMNA,SLC28A1
LMNA,ZDHHC20
LMNA,YIPF4
LMNA,BCLAF1
LMNA,CDK5R1
LMNA,ABCA3
LMNA,BMI1
LMNA,PPP1R16B
LMNA,IPO11
LMNA,U2AF1
LMNA,GOLPH3
LMNA,RCN3
LMNA,NUP85
LMNA,SCYGR5
LMNA,OAS3
LMNA,PLD2
LMNA,MTPAP
LMNA,UBXN4
LMNA,PARP16
LMNA,SCYGR10
LMNA,KLHL12
LMNA,HSPA5
LMNA,BHLHE40
LMNA,ARPC2
LMNA,BANF1
LMNA,LUC7L2
LMNA,KRT2
LMNA,ADAMTS4
LMNA,SREBF1
LMNA,YBX1
LMNA,NUMA1
LMNA,HPF1
LMNA,TMEM33
LMNA,SRSF6
LMNA,ME2
LMNA,DBNL
LMNA,DAG1
LMNA,CTSF
LMNA,CHMP1A
LMNA,ANXA4
LMNA,CRTC1
LMNA,DNAJC6
LMNA,MGRN1
LMNA,CTSL
LMNA,GRIPAP1
LMNA,SF3B2
LMNA,ELL3
LMNA,IFFO1
LMNA,DEPP1
LMNA,POLR2M
LMNA,GPR174
LMNA,SYNE2
LMNA,GTF2H2
LMNA,SGO2
LMNA,HSDL1
LMNA,PIK3C2B
LMNA,HOXC10
LMNA,SPOP
LMNA,HTATIP2
LMNA,CYP3A5
LMNA,INTS13
LMNA,ATP6V1B2
LMNA,PTGS1
LMNA,PAPOLG
LMNA,PAK1
LMNA,POP7
LMNA,DNAJB2
LMNA,RTCB
LMNA,DCP1B
LMNA,KRTAP20-2
LMNA,RAET1L
LMNA,TMEM63A
LMNA,HTATSF1
LMNA,KLF15
LMNA,KRTAP8-1
LMNA,PRKCSH
LMNA,TOE1
LMNA,SDR9C7
LMNA,CDK5RAP3
LMNA,DYNLL1
LMNA,PLEKHM1
LMNA,CHMP2A
LMNA,AP1M1
LMNA,RAB14
LMNA,SUGP2
LMNA,SPDYA
LMNA,DOCK1
LMNA,WDFY3
LMNA,GPRC5B
LMNA,RREB1
LMNA,UBOX5
LMNA,SAFB2
LMNA,PTK2
LMNA,CHMP7
LMNA,RBM8A
LMNA,KRTAP5-7
LMNA,RUNDC3A
LMNA,CDKL1
LMNA,SLA2
LMNA,PIAS1
LMNA,PLAGL1
LMNA,KRTAP5-10
LMNA,UBAP1
LMNA,METTL3
LMNA,ITM2B
LMNA,MAD1L1
LMNA,HP1BP3
LMNA,KRT39
LMNA,WASHC2C
LMNA,RING1
LMNA,MRPS23
LMNA,SRSF10
LMNA,SPECC1
LMNA,BST2
LMNA,HOOK2
LMNA,MGST2
LMNA,BCL11A
LMNA,CEMIP2
LMNA,INPPL1
LMNA,RBM14
LMNA,EGFR
LMNA,SNAPC3
LMNA,AGK
LMNA,GEMIN5
LMNA,CENPI
LMNA,MTREX
LMNA,pbaf_var2_human
LMNA,MIA3
LMNA,LYN
LMNA,LTC4S
LMNA,CYP2J2
LMNA,TNKS
LMNA,LGALS13
LMNA,IL16
LMNA,RAPGEF1
LMNA,GFAP
LMNA,TACC3
LMNA,SURF2
LMNA,CYP4A11
LMNA,OSBPL9
LMNA,abeta-42-oligomer_human
LMNA,TMEM179B
LMNA,VTI1A
LMNA,FAM241B
LMNA,RAD23A
LMNA,CWC25
LMNA,SRCAP
LMNA,SRRM2
LMNA,YIPF5
LMNA,AUNIP
LMNA,KRT27
LMNA,CEP131
LMNA,PRDX5
LMNA,TP53
LMNA,CCN2
LMNA,SPHK1
LMNA,POLQ
LMNA,GRHL1
LMNA,MSI2
LMNA,IST1
LMNA,ADAMTS9
LMNA,ABRAXAS1
LMNA,UNC45A
LMNA,MYBBP1A
LMNA,LIPF
LMNA,GFI1
LMNA,C12orf57
LMNA,PLA2G4C
LMNA,PTPN23
LMNA,NEFL
LMNA,PRNP
LMNA,RB1CC1
LMNA,CYB561A3
LMNA,PYHIN1
LMNA,GZMB
LMNA,VTN
LMNA,WDR70
LMNA,SRY
LMNA,EMD
LMNA,NGRN
LMNA,ZC3HC1
LMNA,ACTL6A
LMNA,GUSB
LMNA,TNPO3
LMNA,RUNX3
LMNA,SNX17
LMNA,ETV3
LMNA,ANKRD17
LMNA,SHLD3
LMNA,USP28
LMNA,VBP1
LMNA,FZD7
LMNA,PCNA
LMNA,CLK2
LMNA,NRXN1
LMNA,MOCS2
LMNA,FAM107A
LMNA,TGFBRAP1
LMNA,CALCOCO2
LMNA,SNX14
LMNA,RETSAT
LMNA,TMEM97
LMNA,KRTAP12-2
LMNA,SENP1
LMNA,KLF5
LMNA,NPIPA1
LMNA,MITD1
LMNA,FBXW11
LMNA,B4GALNT3
LMNA,SNW1
LMNA,GLRA1
LMNA,S100A6
LMNA,SLC30A2
LMNA,LRWD1
LMNA,DCTN5
LMNA,H2BW1
LMNA,TOR1AIP1
LMNA,IL15
LMNA,SMARCA5
LMNA,HSPB6
LMNA,NOP10
LMNA,RUBCNL
LMNA,NOS1AP
LMNA,GEMIN7
LMNA,SYNDIG1
LMNA,CES2
LMNA,CNOT7
LMNA,NUGGC
LMNA,RTN4
LMNA,SNURF
LMNA,PCGF2
LMNA,TUG1
LMNA,AK6
LMNA,RPA3
LMNA,NEU1
LMNA,ATOH8
LMNA,AP4S1
LMNA,TMED2
LMNA,FOXN2
LMNA,QRICH2
LMNA,CD24
LMNA,AKIRIN1
LMNA,CFL2
LMNA,SPIN1
LMNA,SLC2A13
LMNA,HLA-DRB1
LMNA,CCNL2
LMNA,DNASE1
LMNA,RBM27
LMNA,SCYGR4
LMNA,PLA2G4A
LMNA,KSR1
LMNA,KRTAP13-3
LMNA,PHC1
LMNA,TMC6
LMNA,TNKS2
LMNA,RALBP1
LMNA,ATF2
LMNA,MECOM
LMNA,KCTD13
LMNA,MAML1
LMNA,TMEM38B
LMNA,ACTR2
LMNA,HLTF
LMNA,BAX
LMNA,GNL3
LMNA,PHACTR3
LMNA,ATP2B3
LMNA,EPOR
LMNA,SPTAN1
LMNA,LIPK
LMNA,SNX8
LMNA,NCOA6
LMNA,PCBP1
LMNA,ABCA8
LMNA,RNF144A
LMNA,CMA1
LMNA,TNXB
LMNA,OBSCN
LMNA,MRAP
LMNA,TRAPPC2B
LMNA,BCL2L14
LMNA,FAM76B
LMNA,ABCA2
LMNA,DPAGT1
LMNA,MTA3
LMNA,RBM11
LMNA,IL17RB
LMNA,KRT35
LMNA,APEX1
LMNA,CWC22
LMNA,ALOX5AP
LMNA,NEMP1
LMNA,DHX37
LMNA,RAPGEF5
LMNA,CUEDC2
LMNA,USP15
LMNA,RANBP1
LMNA,PARP11
LMNA,ZC3H8
LMNA,RNF123
LMNA,FAM193B
LMNA,RUFY1
LMNA,BARD1
LMNA,KRT15
LMNA,KAZN
LMNA,ADORA2A
LMNA,RNF4
LMNA,SMURF2
LMNA,KANSL3
LMNA,RAE1
LMNA,EP400
LMNA,CYB5A
LMNA,FLOT2
LMNA,PHF8
LMNA,GCHFR
LMNA,CENPB
LMNA,ANKRD2
LMNA,POLG
LMNA,KRTAP20-3
LMNA,SCRN1
LMNA,MPO
LMNA,MLX
LMNA,L1TD1
LMNA,UTP18
LMNA,CAD
LMNA,SRSF2
LMNA,SRP54
LMNA,PLPP7
LMNA,MSRA
LMNA,CENPE
LMNA,SMC5
LMNA,ACKR3
LMNA,KAT8
LMNA,INIP
LMNA,BAZ2A
LMNA,PPP1CC
LMNA,MTMR8
LMNA,H2AX
LMNA,DDX20
LMNA,NSMF
LMNA,SRSF9
LMNA,MTOR
LMNA,SURF4
LMNA,SLC15A3
LMNA,MCM3AP
LMNA,ADRA2B
LMNA,HSD17B2
LMNA,SAP18
LMNA,RRAGC
LMNA,CMKLR2
LMNA,EXOSC8
LMNA,SNRPA1
LMNA,RANBP2
LMNA,GASK1A
LMNA,ATMIN
LMNA,BBLN
LMNA,ATP5MF
LMNA,ATPAF2
LMNA,RNF2
LMNA,AFDN
LMNA,TCERG1
LMNA,AP1S2
LMNA,TOLLIP
LMNA,KRT33A
LMNA,CUSTOS
LMNA,IPO5
LMNA,INAVA
LMNA,PHLDB1
LMNA,SPAST
LMNA,PRTN3
LMNA,ARPC5
LMNA,TSPO
LMNA,GPX4
LMNA,GFI1B
LMNA,KRTAP19-1
LMNA,MYOF
LMNA,SERINC5
LMNA,ANKFY1
LMNA,KRT10
LMNA,SLC18A2
LMNA,TRAPPC2
LMNA,CASZ1
LMNA,SMARCE1
LMNA,FADS1
LMNA,FAAP24
LMNA,SAMHD1
LMNA,HIP1R
LMNA,MICAL1
LMNA,ATP2A3
LMNA,HPSE
LMNA,ABHD5
LMNA,ZFYVE16
LMNA,HELB
LMNA,TBC1D14
LMNA,SETDB1
LMNA,ZNF703
LMNA,CHD5
LMNA,MNS1
LMNA,YLPM1
LMNA,MEF2D
LMNA,SPINDOC
LMNA,ABL1
LMNA,IK
LMNA,MTMR2
LMNA,FAAH
LMNA,C9orf72
LMNA,MAGEA11
LMNA,SSNA1
LMNA,PSMA4
LMNA,PLCH1
LMNA,RRP12
LMNA,ATP6V0A2
LMNA,WAC
LMNA,LRRK2
LMNA,AP1S1
LMNA,CPSF6
LMNA,VRK2
LMNA,PATL1
LMNA,CTCFL
LMNA,MEOX2
LMNA,RNF180
LMNA,KDM4D
LMNA,KRT38
LMNA,AR
LMNA,KRT75
LMNA,ABCA4
LMNA,MBD1
LMNA,ATP1B1
LMNA,ATP8A1
LMNA,TBC1D5
LMNA,PARP6
LMNA,MYH9
LMNA,CYP3A4
LMNA,GRIK1
LMNA,KCNH1
LMNA,PMF1
LMNA,GAK
LMNA,MKI67
LMNA,KRTAP5-8
LMNA,PPP1R8
LMNA,SIM2
LMNA,FNBP1
LMNA,SHROOM4
LMNA,FAM76A
LMNA,PRKACA
LMNA,RAD1
LMNA,RAB11FIP2
LMNA,NME8
LMNA,NPIPB3
LMNA,NUP93
LMNA,MMS22L
LMNA,KLHL22
LMNA,SLC29A3
LMNA,RGS5
LMNA,RAB5A
LMNA,SAP130
LMNA,SH3BGRL2
LMNA,SRRT
LMNA,IFI16
LMNA,S100PBP
LMNA,PARN
LMNA,KRTAP5-5
LMNA,RNF13
LMNA,RGS14
LMNA,APOL4
LMNA,AGTPBP1
LMNA,CYP2C8
LMNA,HOMER2
LMNA,MISP
LMNA,DHX15
LMNA,CHEK1
LMNA,CYP2D7
LMNA,AP1M2
LMNA,NR4A2
LMNA,TARDBP
LMNA,CBX1
LMNA,AP2S1
LMNA,TOR1A
LMNA,WT1
LMNA,STK17A
LMNA,NABP1
LMNA,P4HA2
LMNA,CSTF2
LMNA,GLRA3
LMNA,PKP2
LMNA,CALR
LMNA,GANAB
LMNA,NLRP2
LMNA,SMC3
LMNA,NELFA
LMNA,ALOX5
LMNA,NUP107
LMNA,TNRC18
LMNA,IGF1R
LMNA,PARM1
LMNA,CENPT
LMNA,MYORG
LMNA,PARP1
LMNA,COIL
LMNA,ZNF326
LMNA,SFT2D1
LMNA,DPF2
LMNA,RNPS1
LMNA,RAB20
LMNA,CDK12
LMNA,ADPRS
LMNA,VAMP7
LMNA,SNAPC2
LMNA,SYT13
LMNA,BROX
LMNA,AKAP6
LMNA,LYPLA1
LMNA,PQBP1
LMNA,SCARB1
LMNA,SMARCA4
LMNA,ARFGEF1
LMNA,PLAG1
LMNA,WDR54
LMNA,TNMD
LMNA,RBM4B
LMNA,NBN
LMNA,C11orf24
LMNA,DENND1A
LMNA,ZBED1
LMNA,INTS3
LMNA,SNX25
LMNA,LMNTD1
LMNA,PALB2
LMNA,PLEC
LMNA,PSME4
LMNA,MAMLD1
LMNA,RUVBL1
LMNA,HEPACAM2
LMNA,NLRP5
LMNA,NUFIP1
LMNA,HSPA1B
LMNA,TMC8
LMNA,NONO
LMNA,SMC6
LMNA,AFF3
LMNA,CLU
LMNA,ADAP1
LMNA,THRB
LMNA,SRPK2
LMNA,TERT
LMNA,ITSN1
LMNA,SCAF8
LMNA,MYB
LMNA,HPN
LMNA,KRTAP25-1
LMNA,ANKRD6
LMNA,HELQ
LMNA,LMBRD1
LMNA,PLIN5
LMNA,NSMCE1
LMNA,KIF2A
LMNA,SPPL3
LMNA,DNAJB14
LMNA,HSPA13
LMNA,PRPH
LMNA,OSBPL3
LMNA,ALDH3A2
LMNA,TFG
LMNA,SF1
LMNA,PIK3C2A
LMNA,CBX4
LMNA,CSNK1A1
LMNA,HIKESHI
LMNA,SUDS3
LMNA,IPO7
LMNA,NRIP1
LMNA,KRTAP21-3
LMNA,RYR1
LMNA,FBXL3
LMNA,POU2F2
LMNA,CA13
LMNA,CAT
LMNA,PSME3IP1
LMNA,KRTAP6-2
LMNA,STAM
LMNA,TOR2A
LMNA,ZBTB4
LMNA,SUN5
LMNA,WTAP
LMNA,DGCR8
LMNA,AIRE
LMNA,INTS2
LMNA,GLRA2
LMNA,TOR1B
LMNA,MRGPRF
LMNA,PMIS2
LMNA,USP7
LMNA,lig3alpha_xrcc1_human
LMNA,CD2BP2
LMNA,TMEM53
LMNA,MBD4
LMNA,PTPRH
LMNA,RNF125
LMNA,TRAPPC2L
LMNA,FRAT1
LMNA,MAP1LC3B
LMNA,HACL1
LMNA,MVB12A
LMNA,RBBP8
LMNA,PLAAT3
LMNA,ZIC2
LMNA,RIF1
LMNA,EPN3
LMNA,DAPK2
LMNA,TMEM147
LMNA,COPB1
LMNA,INCA1
LMNA,FTO
LMNA,RNF152
LMNA,BNIP3
LMNA,DDX53
LMNA,SNX16
LMNA,PLD1
LMNA,EIF6
LMNA,CCZ1
LMNA,BANP
LMNA,KRTAP5-2
LMNA,ABITRAM
LMNA,EPHA3
LMNA,ELL
LMNA,HIVEP1
LMNA,ZNF300
LMNA,IPO8
LMNA,PRKG2
LMNA,ARPC1A
LMNA,FTCDNL1
LMNA,CD63
LMNA,CD1B
LMNA,DNAJC5
LMNA,PRKCD
LMNA,TRPC7
LMNA,FAAP20
LMNA,TENM1
LMNA,USH1G
LMNA,DCLRE1B
LMNA,NOVA1
LMNA,IRAG2
LMNA,HAO1
LMNA,KIF22
LMNA,SCAF11
LMNA,CTSZ
LMNA,RBM15B
LMNA,TMX2
LMNA,AFF2
LMNA,SORBS1
LMNA,AKAP8
LMNA,PARG
LMNA,NUP210
LMNA,CROT
LMNA,TM7SF2
LMNA,SIAH2
LMNA,UHMK1
LMNA,AIM2
LMNA,CLCN4
LMNA,FYCO1
LMNA,EIF4ENIF1
LMNA,HK2
LMNA,SH3BGRL3
LMNA,TMEM170A
LMNA,ZFYVE27
LMNA,TMEM91
LMNA,CWC15
LMNA,TRAF7
LMNA,SIRT7
LMNA,KISS1R
LMNA,REPIN1
LMNA,POLK
LMNA,RPS12
LMNA,NCKIPSD
LMNA,CLCN7
LMNA,HBP1
LMNA,MPL
LMNA,EIF4A3
LMNA,RNF6
LMNA,RRM1
LMNA,SHOX
LMNA,RNF32
LMNA,OTULINL
LMNA,TERF2
LMNA,MREG
LMNA,CCNI
LMNA,AP5Z1
LMNA,CREB3L4
LMNA,CIR1
LMNA,PRPF4
LMNA,SMARCD1
LMNA,GAA
LMNA,EBP
LMNA,SF3B1
LMNA,CTSA
LMNA,SCRT1
LMNA,NEFM
LMNA,SNRNP70
LMNA,TEPSIN
LMNA,NIPBL
LMNA,VOPP1
LMNA,MRPL36
LMNA,SH3BP5
LMNA,TOR4A
LMNA,SNX27
LMNA,KRTAP6-3
LMNA,PPP5C
LMNA,STN1
LMNA,ABCA12
LMNA,ATP11A
LMNA,SRSF4
LMNA,DVL2
LMNA,TNK2
LMNA,MORC2
LMNA,DYRK3
LMNA,TENT4A
LMNA,NUP205
LMNA,CPSF4
LMNA,PAK5
LMNA,DDB2
LMNA,DGAT2
LMNA,SLC1A4
LMNA,PLRG1
LMNA,NCOR2
LMNA,SRPK1
LMNA,ATR
LMNA,SRSF8
LMNA,TREML1
LMNA,PMEPA1
LMNA,SYBU
LMNA,TERF2IP
LMNA,DGKH
LMNA,RAB29
LMNA,NABP2
LMNA,BRAF
LMNA,LMNTD2
LMNA,SPATA18
LMNA,WLS
LMNA,GRB14
LMNA,HES1
LMNA,COMT
LMNA,KRTAP15-1
LMNA,HECTD1
LMNA,PDX1
LMNA,ELAVL4
LMNA,USP36
LMNA,SREK1
LMNA,NOP16
LMNA,NOC3L
LMNA,NUDT9
LMNA,SRP19
LMNA,IRS1
LMNA,RFWD3
LMNA,MINDY1
LMNA,GATAD2A
LMNA,HEXIM2
LMNA,NR0B2
LMNA,COP1
LMNA,ALYREF
LMNA,ZNF395
LMNA,WDFY2
LMNA,VAMP3
LMNA,LAMP2
LMNA,TRIP4
LMNA,ODF2
LMNA,SHISA5
LMNA,SRSF11
LMNA,IVL
LMNA,SLC22A17
LMNA,FAM72C
LMNA,MRPL44
LMNA,TLK2
LMNA,LIG1
LMNA,AQP10
LMNA,SLC5A1
LMNA,RFX1
LMNA,POLE2
LMNA,MAP3K14
LMNA,NR1D1
LMNA,AP3S2
LMNA,ARPC4
LMNA,SMOX
LMNA,AEN
LMNA,ARHGAP19
LMNA,G2E3
LMNA,AHCTF1
LMNA,PIK3R4
LMNA,DNM1L
LMNA,RAPH1
LMNA,ATXN7
LMNA,ESRP1
LMNA,GRK5
LMNA,MORF4L1
LMNA,SCYGR7
LMNA,RCHY1
LMNA,MCOLN1
LMNA,SFXN4
LMNA,CLIP1
LMNA,PEX11B
LMNA,IPO9
LMNA,COL4A3
LMNA,HMBOX1
LMNA,RAB5B
LMNA,AMACR
LMNA,RAB11A
LMNA,UHRF1
LMNA,DAZAP2
LMNA,ECT2
LMNA,ZNF224
LMNA,SETX
LMNA,EXO1
LMNA,CYP2B6
LMNA,DIAPH2
LMNA,KRTAP23-1
LMNA,SIGMAR1
LMNA,INPP5F
LMNA,RBMX2
LMNA,PDXDC2P
LMNA,TRIM27
LMNA,DHX8
LMNA,ZBTB20
LMNA,CNEP1R1
LMNA,DENND1B
LMNA,OSBPL5
LMNA,MARCHF1
LMNA,HEATR5B
LMNA,HROB
LMNA,SYNPO2
LMNA,GTF3C3
LMNA,CMYA5
LMNA,ABCB9
LMNA,RND1
LMNA,ARL6IP4
LMNA,NUP214
LMNA,ZC3H18
LMNA,ANKRD27
LMNA,SMN1
LMNA,CBY1
LMNA,BRCA1
LMNA,CREBBP
LMNA,PRDM14
LMNA,PLA2G6
LMNA,TOPBP1
LMNA,WRN
LMNA,TCF7
LMNA,SLC16A3
LMNA,KRTAP13-2
LMNA,SPAG4
LMNA,DGKQ
LMNA,TCIM
LMNA,GJA1
LMNA,NCAM2
LMNA,KRT12
LMNA,FMO3
LMNA,ARRB1
LMNA,DNAJC11
LMNA,NUDT1
LMNA,NUP54
LMNA,RNASEL
LMNA,UBE2O
LMNA,KRTAP5-1
LMNA,SAMD9
LMNA,DHX36
LMNA,ATG9A
LMNA,SLF1
LMNA,XRRA1
LMNA,TMEM209
LMNA,CYP2C19
LMNA,NPHP4
LMNA,AAGAB
LMNA,PHF5A
LMNA,XPC
LMNA,VRK3
LMNA,SFT2D3
LMNA,CEBPA
LMNA,TASL
LMNA,DNTT
LMNA,DENND1C
LMNA,FIBP
LMNA,NXT1
LMNA,CCND2
LMNA,UBN1
LMNA,EIF4E
LMNA,PGRMC2
LMNA,BCL3
LMNA,PICALM
LMNA,HAT1
LMNA,NUP133
LMNA,DUSP11
LMNA,PHF1
LMNA,CAV3
LMNA,PASD1
LMNA,ELF4
LMNA,ASCC2
LMNA,KRTAP20-1
LMNA,RERE
LMNA,IKZF4
LMNA,EPAS1
LMNA,BFSP1
LMNA,SLFN11
LMNA,SLC35F6
LMNA,ILRUN
LMNA,SART1
LMNA,HCFC2
LMNA,CARMIL1
LMNA,KCNK1
LMNA,CALR3
LMNA,LMNB2
LMNA,CMTR1
LMNA,RBM10
LMNA,TARBP2
LMNA,ATP6V0A1
LMNA,FBXL4
LMNA,SERPINA1
LMNA,UPF3A
LMNA,SMO
LMNA,DRG2
LMNA,DDX42
LMNA,SQSTM1
LMNA,TCF12
LMNA,REXO1
LMNA,CHD4
LMNA,PRDM15
LMNA,MORC3
LMNA,ATF7IP
LMNA,BCL2L1
LMNA,NCAPG2
LMNA,BRAP
LMNA,PKD2L1
LMNA,NLRC3
LMNA,E2F7
LMNA,BAG6
LMNA,DIO3
LMNA,KRT23
LMNA,EYA1
LMNA,VAC14
LMNA,TGFB3
LMNA,PCYT1A
LMNA,SNAPC5
LMNA,NKX3-1
LMNA,GPRC5C
LMNA,OSBPL6
LMNA,ZNF354C
LMNA,ZNF383
LMNA,PIP5K1A
LMNA,ECSCR
LMNA,AP1S3
LMNA,CDC34
LMNA,ZNF350
LMNA,CHD1L
LMNA,EI24
LMNA,CASC3
LMNA,MINDY3
LMNA,NSMCE2
LMNA,MYO6
LMNA,PRICKLE1
LMNA,DNAJC2
LMNA,MDM2
LMNA,IL15RA
LMNA,ARNT
LMNA,PCDH1
LMNA,ZNF830
LMNA,SART3
LMNA,DMPK
LMNA,SCYGR3
LMNA,SDCBP2
LMNA,EHMT2
LMNA,STX2
LMNA,MARCHF3
LMNA,AAK1
LMNA,LSM10
LMNA,RGS12
LMNA,FANCD2
LMNA,RHNO1
LMNA,S1PR1
LMNA,RFX5
LMNA,RPA2
LMNA,STX12
LMNA,MDC1
LMNA,RAET1G
LMNA,SNX15
LMNA,VAMP2
LMNA,CCDC93
LMNA,CASK
LMNA,NR3C1
LMNA,ALS2
LMNA,FOXI1
LMNA,WAPL
LMNA,WWTR1
LMNA,ABCA13
LMNA,HACD3
LMNA,BRD2
LMNA,SMC4
LMNA,RAD51C
LMNA,PAXX
LMNA,POLL
LMNA,PTPRK
LMNA,PELI1
LMNA,SLC7A5
LMNA,RAC2
LMNA,RANGAP1
LMNA,KRT18
LMNA,P3H2
LMNA,NFATC4
LMNA,INPP4A
LMNA,EVA1A
LMNA,RAP1GAP2
LMNA,ATRAID
LMNA,CLIC3
LMNA,INTS5
LMNA,PIAS3
LMNA,PACSIN2
LMNA,ATP23
LMNA,ARAP1
LMNA,ATP2B2
LMNA,SENP2
LMNA,CYP2C9
LMNA,CYP39A1
LMNA,KRT14
LMNA,CDK13
LMNA,CLN6
LMNA,MACF1
LMNA,TEAD2
LMNA,YARS2
LMNA,MAN2B1
LMNA,AKAP8L
LMNA,UFL1
LMNA,TSPO2
LMNA,WDFY1
LMNA,SPINK5
LMNA,RDH5
LMNA,ATP1A2
LMNA,KCNJ11
LMNA,GDF11
LMNA,PABIR1
LMNA,RO60
LMNA,DDX17
LMNA,XRCC1
LMNA,HSF4
LMNA,HABP4
LMNA,OTP
LMNA,PHF10
LMNA,KLRG1
LMNA,CGRRF1
LMNA,NELFE
LMNA,CACNB4
LMNA,POU2F1
LMNA,SKI
LMNA,ZNF202
LMNA,LAGE3
LMNA,HSD11B2
LMNA,KRTAP19-6
LMNA,IFFO2
LMNA,TIMELESS
LMNA,ESX1
LMNA,STK4
LMNA,FAM241A
LMNA,ESR2
LMNA,GPRC5A
LMNA,IFI27
LMNA,LSM11
LMNA,GNAQ
LMNA,MAEA
LMNA,MSX2
LMNA,SUV39H1
LMNA,SPPL2A
LMNA,anxa2-s100a10-smarca3_human
LMNA,CENPC
LMNA,GCAT
LMNA,SMC1A
LMNA,EAPP
LMNA,ASF1A
LMNA,CIC
LMNA,CSTF2T
LMNA,CENPO
LMNA,KRT4
LMNA,P4HA1
LMNA,RORC
LMNA,KLF6
LMNA,ZBTB1
LMNA,PPT1
LMNA,GTF2H4
LMNA,ACTR3
LMNA,POLI
LMNA,NUP153
LMNA,PRR14
LMNA,PADI3
LMNA,SPATA46
LMNA,STAG1
LMNA,NR4A1
LMNA,ZGRF1
LMNA,MLIP
LMNA,KLHDC2
LMNA,PSMB7
LMNA,GMCL2
LMNA,PRODH
LMNA,TDP2
LMNA,CDT1
LMNA,SLC30A1
LMNA,PIP4K2C
LMNA,ACTL6B
LMNA,NFATC1
LMNA,DENND4C
LMNA,LMO7
LMNA,SCYGR8
LMNA,CFAP157
LMNA,SEC13
LMNA,VPS72
LMNA,AMER1
LMNA,AZU1
LMNA,MARCHF6-DT
LMNA,CSF2
LMNA,SMARCA1
LMNA,DSN1
LMNA,NEIL2
LMNA,VTI1B
LMNA,NCS1
LMNA,PRP4K
LMNA,GEMIN4
LMNA,GEMIN6
LMNA,SYMPK
LMNA,RABEPK
LMNA,KRT16
LMNA,GTF2H2C
LMNA,MPLKIP
LMNA,ELOA
LMNA,ERCC8
LMNA,SLC34A1
LMNA,PPIH
LMNA,PITPNM1
LMNA,XAB2
LMNA,P3H4
LMNA,ODAM
LMNA,NR1I2
LMNA,RNF168
LMNA,SYNDIG1L
LMNA,KPNA2
LMNA,OIT3
LMNA,DOLPP1
LMNA,CCZ1B
LMNA,LPAR4
LMNA,TGFB1I1
LMNA,A0A1B0GTQ1
LMNA,RBM39
LMNA,CAVIN1
LMNA,ABCF1
LMNA,COG7
LMNA,CCNDBP1
LMNA,POLH
LMNA,NCOA2
LMNA,PIAS4
LMNA,CYP2D6
LMNA,VAMP5
LMNA,LLGL2
LMNA,EPS15
LMNA,GPLD1
LMNA,SCYGR9
LMNA,NUP43
LMNA,ASPSCR1
LMNA,NUP50
LMNA,CHAMP1
LMNA,TAF5L
LMNA,GJB3
LMNA,PIAS2
LMNA,RBBP6
LMNA,RAD18
LMNA,XPOT
LMNA,DDX39B
LMNA,DCANP1
LMNA,STAG2
LMNA,DGKZ
LMNA,PCM1
LMNA,KRTAP19-2
LMNA,GAPT
LMNA,SPARC
LMNA,KRTAP5-11
LMNA,ERGIC2
LMNA,MEF2C
LMNA,MBTD1
LMNA,SLTM
LMNA,RAD50
LMNA,TCF20
LMNA,CYP1A1
LMNA,HOXA7
LMNA,CTSG
LMNA,RNF8
LMNA,F8A1
LMNA,H1-0
LMNA,HNRNPA2B1
LMNA,GHRHR
LMNA,KIF4A
LMNA,RRAGD
LMNA,HIP1
LMNA,SBF1
LMNA,NR0B1
LMNA,HUS1
LMNA,TBXA2R
LMNA,FOXO4
LMNA,BLNK
LMNA,AURKAIP1
LMNA,TMBIM1
LMNA,NEK6
LMNA,ECI2
LMNA,DBF4
LMNA,EDNRB
LMNA,OLR1
LMNA,FAM72B
LMNA,MSL1
LMNA,JADE1
LMNA,EIF1AD
LMNA,MCIDAS
LMNA,TRIP12
LMNA,CENPF
LMNA,KIF18B
LMNA,HIPK1
LMNA,CCDC134
LMNA,SMNDC1
LMNA,HUS1B
LMNA,RUNX1T1
LMNA,OVGP1
LMNA,SPESP1
LMNA,POU4F2
LMNA,ZNRF1
LMNA,KRT37
LMNA,NSL1
LMNA,ACTB
LMNA,ADGRA2
LMNA,PARP9
LMNA,CDC14A
LMNA,SEC16B
LMNA,YIF1A
LMNA,MAML3
LMNA,BORCS5
LMNA,BCL2L10
LMNA,SLC52A3
LMNA,AGTRAP
LMNA,PBRM1
LMNA,AQP9
LMNA,CRY2
LMNA,HLA-DPA1
LMNA,PML
LMNA,CYP4A22
LMNA,ARMC8
LMNA,ATN1
LMNA,KIF4B
LMNA,THOC6
LMNA,KRTAP5-6
LMNA,SCGB1A1
LMNA,WNT2B
LMNA,TRABD2B
LMNA,RADX
LMNA,CLCN6
LMNA,CNTD1
LMNA,POLDIP3
LMNA,RFXAP
LMNA,MTA1
LMNA,HLA-DMB
LMNA,NACC1
LMNA,SLCO5A1
LMNA,UBQLN4
LMNA,SMPD4
LMNA,PDZD2
LMNA,POLR2D
LMNA,INTS1
LMNA,ATF4
LMNA,CCND1
LMNA,NUP88
LMNA,SCYGR6
LMNA,YIPF3
LMNA,SCYGR2
LMNA,HOXA6
LMNA,CMTM3
LMNA,CYP4F12
LMNA,MAPT
LMNA,LSG1
LMNA,SF3A2
LMNA,TAB1
LMNA,FXR1
LMNA,THRAP3
LMNA,B4GALT2
LMNA,TP53BP1
LMNA,CFAP410
LMNA,HDAC5
LMNA,AGPAT3
LMNA,WBP4
LMNA,SRSF12
LMNA,ITPKC
LMNA,SIRT1
LMNA,VIM
LMNA,RAB11FIP3
LMNA,DHX9
LMNA,NANOGP8
LMNA,MTMR6
LMNA,ATP2B4
LMNA,ICA1
LMNA,STK39
LMNA,RAD17
LMNA,ATXN3
LMNA,CSE1L
LMNA,KRT26
LMNA,PHF7
LMNA,ULBP2
LMNA,CYP2F1
LMNA,SAGE1
LMNA,DAB2
LMNA,SQLE
LMNA,FOXK2
LMNA,TP73
LMNA,NANOG
LMNA,PTK6
LMNA,DNAJC13
LMNA,MYCBP2
LMNA,SDE2
LMNA,UGT1A6
LMNA,KRTAP19-5
LMNA,GHDC
LMNA,CENPV
LMNA,KRT6C
LMNA,POLR3G
LMNA,RGS7
LMNA,TRIM25
LMNA,U2AF1L4
LMNA,NDC1
LMNA,E4F1
LMNA,NAA15
LMNA,HHEX
LMNA,TRIM41
LMNA,BRD1
LMNA,GPER1
LMNA,ZNF638
LMNA,CELF3
LMNA,SLC66A1
LMNA,BNIP2
LMNA,CERS1
LMNA,RABEP2
LMNA,NES
LMNA,HNRNPM
LMNA,NUP188
LMNA,STK11IP
LMNA,LUC7L3
LMNA,NLRC4
LMNA,RTEL1
LMNA,STAU2
LMNA,KPNA4
LMNA,ABCD3
LMNA,PPIC
LMNA,ITCH
LMNA,PRPF31
LMNA,PSAP
LMNA,TDRP
LMNA,KRTAP6-1
LMNA,BLVRB
LMNA,SCAPER
LMNA,STX16
LMNA,PUSL1
LMNA,DEFA5
LMNA,SLC35B1
LMNA,ADD1
LMNA,GTF3C6
LMNA,MEN1
LMNA,CUL5
LMNA,FUCA1
LMNA,RDH16
LMNA,ACIN1
LMNA,VAPA
LMNA,SMARCD2
LMNA,TUT1
LMNA,OIP5
LMNA,PRDX3
LMNA,KRTAP12-4
LMNA,SATB1
LMNA,GATA4
LMNA,MAPK3
LMNA,SUMO1
LMNA,FAM98B
LMNA,EAF2
LMNA,CYP2A13
LMNA,BOLA3
LMNA,HCK
LMNA,SLC49A4
LMNA,GLE1
LMNA,CHIC2
LMNA,BRD7
LMNA,DNMT3A
LMNA,SORCS2
LMNA,RAB41
LMNA,OSBPL7
LMNA,RBM15
LMNA,NUP35
LMNA,PKN2
LMNA,CRNKL1
LMNA,G6PD
LMNA,SCN1A
LMNA,ACOX2
LMNA,DDX39A
ACTB,par_human-4
ACTB,LIPJ
ACTB,LGI1
ACTB,KALRN
ACTB,TUBB4B
ACTB,PIP5K1C
ACTB,KCNK3
ACTB,PRKAR1A
ACTB,MUC16
ACTB,KCNJ8
ACTB,B4GALT1
ACTB,SKA2
ACTB,CSRP1
ACTB,URS0000535FDD_9606
ACTB,EZH2
ACTB,NPR2
ACTB,CALCR
ACTB,DTNA
ACTB,URS00000D0BB4_9606
ACTB,B2M
ACTB,SHROOM1
ACTB,LOC100653049
ACTB,ITGB4
ACTB,DRD1
ACTB,FANCL
ACTB,URS000013D17D_9606
ACTB,ARL8A
ACTB,SUN1
ACTB,RAC1
ACTB,SNTB2
ACTB,GLI3
ACTB,PEMT
ACTB,TUBB2A
ACTB,PSMC2
ACTB,JCAD
ACTB,SFPQ
ACTB,FRMD4B
ACTB,SLC16A7
ACTB,NDFIP2
ACTB,SUMO3
ACTB,PRKCE
ACTB,LY6H
ACTB,H2AC1
ACTB,KAT5
ACTB,DLX1
ACTB,ZPR1
ACTB,FRMD1
ACTB,EFR3B
ACTB,CDH13
ACTB,ADAM9
ACTB,arp2_3_human-4
ACTB,CARD16
ACTB,PRKAA1
ACTB,CABP1
ACTB,EEF2KMT
ACTB,LSP1
ACTB,DHX30
ACTB,CHMP4BP1
ACTB,TSC1
ACTB,HOXA2
ACTB,COQ5
ACTB,H2BC9
ACTB,METTL21C
ACTB,BTBD9
ACTB,DYNLL2
ACTB,PTGS2
ACTB,SORCS3
ACTB,SNAP23
ACTB,S100A7
ACTB,DNM2
ACTB,SCHIP1
ACTB,RPS9
ACTB,CYP4F2
ACTB,QTRT2
ACTB,ULK1
ACTB,DGKI
ACTB,MPP3
ACTB,LAMA3
ACTB,PLEKHH3
ACTB,HSPG2
ACTB,A1BG
ACTB,CFB
ACTB,REXO2
ACTB,THAP7
ACTB,SH3GL2
ACTB,SARNP
ACTB,DZIP1
ACTB,METTL22
ACTB,UGGT1
ACTB,SNX5
ACTB,VPS37A
ACTB,BMP2
ACTB,TEFM
ACTB,H2AL3
ACTB,ESR1
ACTB,DSG2
ACTB,FLNC
ACTB,PRKCI
ACTB,SLC5A5
ACTB,FARP1
ACTB,GAS2
ACTB,FEZ2
ACTB,VCL
ACTB,PRKCH
ACTB,VTA1
ACTB,SLC41A1
ACTB,OR51E2
ACTB,C1QTNF5
ACTB,DOT1L
ACTB,TRIM9
ACTB,APBB3
ACTB,DNMT3B
ACTB,SCN9A
ACTB,CD19
ACTB,NCDN
ACTB,APOBEC3G
ACTB,ATP13A2
ACTB,LRFN2
ACTB,BPTF
ACTB,URS0000272A3D_9606
ACTB,MVK
ACTB,SNTA1
ACTB,CDH19
ACTB,RASSF2
ACTB,GTF2B
ACTB,ACSS3
ACTB,FEZ1
ACTB,CD177
ACTB,CANX
ACTB,FOCAD
ACTB,DAPK1
ACTB,PGM5
ACTB,SLC2A1
ACTB,BBS7
ACTB,ATP2B1
ACTB,BRCA2
ACTB,APEX2
ACTB,HSPA1A
ACTB,TRIP6
ACTB,IGLC3
ACTB,AKAP9
ACTB,ARID1A
ACTB,HNRNPC
ACTB,IGKV1-33
ACTB,GABRG2
ACTB,METTL21A
ACTB,APAF1
ACTB,NGDN
ACTB,EGR2
ACTB,PCDH8
ACTB,PEA15
ACTB,TRPV4
ACTB,QSOX1
ACTB,TH
ACTB,WDR48
ACTB,ADGRE5
ACTB,GRK3
ACTB,CFHR3
ACTB,HSD3B2
ACTB,CST1
ACTB,MYOZ2
ACTB,ZFP36L1
ACTB,ABCB4
ACTB,DSC2
ACTB,SLC12A4
ACTB,TJP3
ACTB,CACNA1B
ACTB,CYP1A2
ACTB,BUB3
ACTB,PDXDC1
ACTB,FLT1
ACTB,HSF1
ACTB,SLIRP
ACTB,ITGB6
ACTB,PLCB1
ACTB,CAMKMT
ACTB,NOP53
ACTB,CKAP5
ACTB,SUZ12
ACTB,H2BC20P
ACTB,DOCK2
ACTB,SLC16A10
ACTB,RC3H2
ACTB,LAT
ACTB,ACR
ACTB,AP3M2
ACTB,TDP1
ACTB,RHOG
ACTB,RIC3
ACTB,TAX1BP3
ACTB,MAPK14
ACTB,AGXT
ACTB,CLUAP1
ACTB,EIF4EBP2
ACTB,CAMK2B
ACTB,arp2_3_human-2
ACTB,P2RX3
ACTB,RPS6
ACTB,CAV1
ACTB,PRICKLE4
ACTB,WASH3P
ACTB,AUTS2
ACTB,URS00005A4DCF_9606
ACTB,SLC7A14
ACTB,SLC17A7
ACTB,LAMP3
ACTB,LY6G6D
ACTB,PRKDC
ACTB,IDI2
ACTB,CFAP263
ACTB,GABRB3
ACTB,BCL2
ACTB,PSMA6
ACTB,SLC12A5
ACTB,SLC22A6
ACTB,PYM1
ACTB,CAMK2G
ACTB,UBC
ACTB,MYO1C
ACTB,KCNC2
ACTB,INCENP
ACTB,IL1RL1
ACTB,CDC42BPA
ACTB,KRT28
ACTB,TANC2
ACTB,HTT
ACTB,OGT
ACTB,CDC42SE1
ACTB,PIN1
ACTB,MAP3K5
ACTB,KRT34
ACTB,CYP2E1
ACTB,INKA2
ACTB,BRPF3
ACTB,POLDIP2
ACTB,GMCL1
ACTB,ZWINT
ACTB,MAGI3
ACTB,MINK1
ACTB,EDC4
ACTB,WNK4
ACTB,BARX2
ACTB,CAPRIN1
ACTB,ARL14EP
ACTB,ADGRA1
ACTB,CTBP2
ACTB,SEMA4F
ACTB,PCBP4
ACTB,AXL
ACTB,GRIK3
ACTB,UNC119
ACTB,CNST
ACTB,IGHMBP2
ACTB,CTSK
ACTB,ITPR3
ACTB,FGD1
ACTB,FILIP1
ACTB,CPNE5
ACTB,SNAI1
ACTB,BOC
ACTB,BMAL1
ACTB,CTU2
ACTB,HCN2
ACTB,AP1B1
ACTB,AKT1
ACTB,FRMPD3
ACTB,CAMK2N1
ACTB,KLHL1
ACTB,PPIG
ACTB,KCNN3
ACTB,FZD2
ACTB,VPS25
ACTB,YY1
ACTB,FIG4
ACTB,MAPK9
ACTB,URS00002C6949_9606
ACTB,MACO1
ACTB,TAF6
ACTB,EIF3B
ACTB,GM2A
ACTB,REPS1
ACTB,SLC9A3
ACTB,DYNLT4
ACTB,N4BP3
ACTB,MEGF10
ACTB,SLC9A7
ACTB,CHRNA9
ACTB,PRKN
ACTB,CHRNG
ACTB,KEAP1
ACTB,KIT
ACTB,CENPW
ACTB,H2BC1
ACTB,TCP11L2
ACTB,DNM3
ACTB,IGHG3
ACTB,BVES
ACTB,H2BC19P
ACTB,AP1G1
ACTB,CRHR2
ACTB,MCUB
ACTB,NR1I3
ACTB,SHLD2
ACTB,ASF1B
ACTB,JAK2
ACTB,SCN2A
ACTB,GRIP2
ACTB,GDI2
ACTB,CHAT
ACTB,IGKV2D-40
ACTB,FAM81A
ACTB,C10orf90
ACTB,LRPPRC
ACTB,MYL6
ACTB,DEF6
ACTB,URS00005030C1_9606
ACTB,MYPN
ACTB,CC2D2A
ACTB,DYNC1I2
ACTB,NFATC2
ACTB,RPS16
ACTB,STON2
ACTB,RBMS2
ACTB,ABCA9
ACTB,MAPK8
ACTB,DCAF7
ACTB,CYP2U1
ACTB,HDHD3
ACTB,KRT31
ACTB,HSD17B3
ACTB,RPS19
ACTB,CEACAM1
ACTB,SLITRK1
ACTB,MARK4
ACTB,ARVCF
ACTB,IL37
ACTB,TUBA4A
ACTB,MAPK6
ACTB,JUP
ACTB,KCNQ1
ACTB,MYOG
ACTB,KIF2B
ACTB,VWC2
ACTB,ANXA3
ACTB,LRIF1
ACTB,GSN
ACTB,GAD1
ACTB,GRIN3A
ACTB,GIMAP4
ACTB,CTSE
ACTB,PMCHL1
ACTB,ROBO3
ACTB,BAIAP2L1
ACTB,SMAD6
ACTB,CD1C
ACTB,FZD9
ACTB,AKNA
ACTB,TRIOBP
ACTB,RUNX1
ACTB,CAMK2A
ACTB,RAP1B
ACTB,MATR3
ACTB,ZFYVE9
ACTB,PCDHB10
ACTB,CYP2S1
ACTB,gabar_a4_b3_delta_human
ACTB,CETP
ACTB,DDX5
ACTB,PPARG
ACTB,ALDH5A1
ACTB,CD2AP
ACTB,C4B
ACTB,TRAPPC14
ACTB,SNCA
ACTB,SIPA1
ACTB,BLM
ACTB,KAT7
ACTB,CXADR
ACTB,VIP
ACTB,APOA1
ACTB,CSPG4
ACTB,arp2_3_human-6
ACTB,ROBO4
ACTB,EPN2
ACTB,PAFAH1B1
ACTB,EPHA5
ACTB,SPTBN4
ACTB,LRRC26
ACTB,AGO3
ACTB,TMEM9
ACTB,CRTAP
ACTB,PIK3R1
ACTB,DOC2A
ACTB,CYTH1
ACTB,FZD3
ACTB,SLC11A2
ACTB,ABI2
ACTB,MPST
ACTB,VAV1
ACTB,GNA12
ACTB,NRN1
ACTB,UBE2D2
ACTB,CD40
ACTB,ADD3
ACTB,SALL4
ACTB,TUBG1
ACTB,XRCC2
ACTB,AKT2
ACTB,BCL10
ACTB,CDKN1B
ACTB,H1-5
ACTB,SMARCC1
ACTB,S100A10
ACTB,HNRNPCL1
ACTB,EDC3
ACTB,URS00003B6B84_9606
ACTB,MYOZ3
ACTB,DNAJC7
ACTB,F2RL2
ACTB,ITGB8
ACTB,ATP1A3
ACTB,TMEM258
ACTB,METTL5
ACTB,CRB2
ACTB,HPR
ACTB,DSP
ACTB,SPART
ACTB,CTSH
ACTB,DROSHA
ACTB,FMN2
ACTB,NFASC
ACTB,GTF2F1
ACTB,DDR2
ACTB,URS00004E57E7_9606
ACTB,CDC42EP4
ACTB,CASS4
ACTB,GPR149
ACTB,OLFM2
ACTB,MAP7
ACTB,CHN2
ACTB,SLC22A1
ACTB,ARPIN
ACTB,SERBP1
ACTB,GABPB1
ACTB,scribble_human-9
ACTB,SNX19
ACTB,DLL1
ACTB,EXT1
ACTB,AQP11
ACTB,TPBG
ACTB,CDH26
ACTB,USP6
ACTB,ZAP70
ACTB,NEXN
ACTB,CLCA2
ACTB,BASP1
ACTB,SOX30
ACTB,GNAT3
ACTB,NFKBIZ
ACTB,ERVK-6
ACTB,LIMS3
ACTB,VPS35
ACTB,UGGT2
ACTB,CHRND
ACTB,CACNB2
ACTB,ALK
ACTB,IFITM5
ACTB,IGKV1-5
ACTB,MYRIP
ACTB,URS0000759B99_9606
ACTB,ZC3H14
ACTB,SHISA9
ACTB,PTPRM
ACTB,PLA2G15
ACTB,EIF5A2
ACTB,RPUSD4
ACTB,PRKAA2
ACTB,TREX1
ACTB,DDX6
ACTB,JCHAIN
ACTB,KRT24
ACTB,H2AC6
ACTB,RAN
ACTB,CEP164
ACTB,LAMTOR4
ACTB,NHS
ACTB,NAPB
ACTB,EEA1
ACTB,FAT2
ACTB,SLC4A8
ACTB,DPP7
ACTB,URS000058BF17_9606
ACTB,PLEKHH2
ACTB,H2AC14
ACTB,EFTUD2
ACTB,NLGN4Y
ACTB,PHAX
ACTB,STX1A
ACTB,KMT2E
ACTB,PERP
ACTB,MYD88
ACTB,KCNK2
ACTB,C1QB
ACTB,CROCC
ACTB,PGRMC1
ACTB,HSP90AA2P
ACTB,AKAP4
ACTB,SEH1L
ACTB,NLRP6
ACTB,PXK
ACTB,TNS3
ACTB,CFAP144P1
ACTB,PLPPR1
ACTB,EDA
ACTB,FERMT2
ACTB,OLFML3
ACTB,REC8
ACTB,ZNF276
ACTB,PIK3CB
ACTB,ADCYAP1R1
ACTB,PNN
ACTB,BDKRB2
ACTB,DENND2A
ACTB,CNIH3
ACTB,SEPTIN3
ACTB,EPPK1
ACTB,GABRR2
ACTB,TIA1
ACTB,TPRG1L
ACTB,BOP1
ACTB,MAP1LC3B2
ACTB,H2AC21
ACTB,KATNIP
ACTB,G3BP2
ACTB,SLC4A10
ACTB,IL33
ACTB,XPO1
ACTB,EIF4G2
ACTB,TRIM21
ACTB,E2F1
ACTB,LENG8
ACTB,SLITRK5
ACTB,RBM20
ACTB,IGF2R
ACTB,CDH24
ACTB,FOXF2
ACTB,NRXN3
ACTB,LAPTM4B
ACTB,CAPG
ACTB,P2RY1
ACTB,ARMC5
ACTB,RAB30
ACTB,SAPCD2
ACTB,GPSM1
ACTB,ABCA6
ACTB,SEMA3F
ACTB,EAF1
ACTB,TMEM204
ACTB,CNP
ACTB,FAM186B
ACTB,PDE7B
ACTB,acpc_human-1
ACTB,KRT8
ACTB,CDK5RAP2
ACTB,TANK
ACTB,ARHGAP32
ACTB,SLC26A11
ACTB,CAMKV
ACTB,AMFR
ACTB,LRG1
ACTB,ROGDI
ACTB,MCAM
ACTB,PPP2R2B
ACTB,ARHGAP24
ACTB,AGER
ACTB,KANSL2
ACTB,LIG4
ACTB,CLIC4
ACTB,LAYN
ACTB,ADORA1
ACTB,TICRR
ACTB,ERCC5
ACTB,ALB
ACTB,CLIC5
ACTB,CEP290
ACTB,HMGCL
ACTB,MAP1LC3C
ACTB,ILF2
ACTB,KRT77
ACTB,CLDN9
ACTB,TRA2A
ACTB,NUP37
ACTB,COPS4
ACTB,RPH3A
ACTB,PHLDB2
ACTB,DCT
ACTB,SNCG
ACTB,PEX14
ACTB,SEPTIN7
ACTB,THOC1
ACTB,OGG1
ACTB,MMP14
ACTB,CORIN
ACTB,MYCBPAP
ACTB,PRR12
ACTB,URS000006FDD4_9606
ACTB,CXXC1
ACTB,HAS2
ACTB,URS00004BCD9C_9606
ACTB,PALS1
ACTB,AMBRA1
ACTB,SPIRE1
ACTB,CCKBR
ACTB,SERPINB1
ACTB,NECTIN2
ACTB,EEF2
ACTB,GPR161
ACTB,ZC3H12A
ACTB,N6AMT1
ACTB,ITGB2
ACTB,SHANK1
ACTB,CACNA1E
ACTB,SEC24D
ACTB,BCAR3
ACTB,PTK7
ACTB,BAAT
ACTB,FBXO28
ACTB,ETFBKMT
ACTB,CLN8
ACTB,KANK4
ACTB,VPS53
ACTB,CLSTN2
ACTB,CEP68
ACTB,HNRNPK
ACTB,PPIB
ACTB,HIF1A
ACTB,DRAM2
ACTB,URS000005CE28_9606
ACTB,VASH2
ACTB,C8G
ACTB,NUP62
ACTB,ADCY8
ACTB,URS000075D1FC_9606
ACTB,AKR1A1
ACTB,MAGI2
ACTB,GABRA6
ACTB,SNAPIN
ACTB,GPR142
ACTB,SP1
ACTB,RAB8A
ACTB,CTNND2
ACTB,CAP1
ACTB,ANO10
ACTB,HDAC10
ACTB,GAPDH
ACTB,DRD5
ACTB,DHRS9
ACTB,GUCY1A1
ACTB,DLAT
ACTB,CTBP1
ACTB,SLC12A7
ACTB,UNC13D
ACTB,PPA2
ACTB,AIF1
ACTB,URS000075BAE6_9606
ACTB,FOXO3
ACTB,ITGAV
ACTB,RGS4
ACTB,ARL6IP5
ACTB,TMOD2
ACTB,CHRM5
ACTB,pbaf_var1_human
ACTB,CTNS
ACTB,CYP7A1
ACTB,PRPF40A
ACTB,PARD6A
ACTB,MYO10
ACTB,URS00003CC245_9606
ACTB,SLC4A1AP
ACTB,CARMIL2
ACTB,MYO1E
ACTB,TOMM34
ACTB,TINF2
ACTB,WNT3A
ACTB,HLCS
ACTB,OTOF
ACTB,PTCH1
ACTB,NRCAM
ACTB,MYO15B
ACTB,SLC30A8
ACTB,CNTNAP1
ACTB,YWHAZ
ACTB,EXT2
ACTB,IBSP
ACTB,DCAF13
ACTB,PSEN1
ACTB,GGA1
ACTB,ACTL10
ACTB,UBQLN1
ACTB,EMX2
ACTB,RBM12B
ACTB,RRAS
ACTB,CARTPT
ACTB,SLC6A14
ACTB,RIPOR2
ACTB,UBE2I
ACTB,CENPA
ACTB,H2BC10
ACTB,EPB41L5
ACTB,CHMP4B
ACTB,ITFG2
ACTB,HSD17B6
ACTB,IL31RA
ACTB,KCNMB1
ACTB,GABRA2
ACTB,KIAA0319
ACTB,MAP1LC3A
ACTB,NPFF
ACTB,ROR2
ACTB,RPL8
ACTB,RAB22A
ACTB,MUL1
ACTB,SHPRH
ACTB,MACROH2A1
ACTB,gluk1-gluk5_human
ACTB,AP3S1
ACTB,CTTN
ACTB,GAS2L3
ACTB,H3-3A
ACTB,CD5L
ACTB,CTDP1
ACTB,OPRD1
ACTB,SLC16A1
ACTB,S100A8
ACTB,SLC23A1
ACTB,FRMD7
ACTB,DNAJA3
ACTB,CTNNA1
ACTB,ADSL
ACTB,STX4
ACTB,TRIM36
ACTB,SNAP47
ACTB,ZWILCH
ACTB,DIAPH3
ACTB,ESRP2
ACTB,STAM2
ACTB,CLEC4E
ACTB,ITGB3
ACTB,URS0000357286_9606
ACTB,PPP6R2
ACTB,SPARCL1
ACTB,CDC42
ACTB,PSPC1
ACTB,GABRP
ACTB,JAK3
ACTB,CD2
ACTB,IQSEC1
ACTB,HTR1A
ACTB,PCBP2
ACTB,PAK3
ACTB,SH3KBP1
ACTB,JAM3
ACTB,URS00005DBAF3_9606
ACTB,PABPC5
ACTB,BPIFB4
ACTB,RAD51
ACTB,ACVR2B
ACTB,CNR1
ACTB,RNF135
ACTB,KY
ACTB,LIMK1
ACTB,MEPCE
ACTB,HEXIM1
ACTB,HOMER1
ACTB,TTC17
ACTB,SGCG
ACTB,TRAF6
ACTB,H2AC11
ACTB,FLRT2
ACTB,IRF2
ACTB,PTPN1
ACTB,MAX
ACTB,CBX5
ACTB,ARF1
ACTB,ATXN1
ACTB,ATCAY
ACTB,ASAP3
ACTB,GBGT1
ACTB,DES
ACTB,FOSB
ACTB,TOMM40L
ACTB,ALOX12B
ACTB,USP8
ACTB,CLEC12B
ACTB,PXMP2
ACTB,BAG2
ACTB,TXNRD2
ACTB,NTS
ACTB,CXCR4
ACTB,ANKRD13B
ACTB,CPT1C
ACTB,SATB2
ACTB,URS0000480E22_9606
ACTB,FAM89B
ACTB,KIZ
ACTB,SYN2
ACTB,TUBB
ACTB,ABCA1
ACTB,VPS29
ACTB,LAP3
ACTB,SLC6A11
ACTB,ACTL9
ACTB,APOA5
ACTB,VGF
ACTB,RPS26
ACTB,F2
ACTB,KLK3
ACTB,BICRAL
ACTB,DBF4B
ACTB,CNOT9
ACTB,THAP1
ACTB,SECISBP2
ACTB,HNRNPLL
ACTB,SPTBN5
ACTB,CNTNAP2
ACTB,COMMD4
ACTB,EPB41L2
ACTB,PKP1
ACTB,DYNLT3
ACTB,PTGES3
ACTB,TBC1D2
ACTB,MTSS2
ACTB,RAB39B
ACTB,SGCE
ACTB,ZFP36L2
ACTB,ADAM10
ACTB,PRCP
ACTB,ESCO2
ACTB,ADAP2
ACTB,BSG
ACTB,FCN3
ACTB,IGHM
ACTB,NQO1
ACTB,ITIH4
ACTB,URS00000A07C1_9606
ACTB,TECPR1
ACTB,GIPC1
ACTB,NRXN2
ACTB,CDK5
ACTB,EIF3F
ACTB,arp2_3_human-5
ACTB,PGLYRP4
ACTB,KRT20
ACTB,GLB1
ACTB,LIM2
ACTB,YEATS2
ACTB,MYO9B
ACTB,SYNPR
ACTB,SERPINE2
ACTB,ERBB4
ACTB,PPIE
ACTB,PHB2
ACTB,PLSCR2
ACTB,CHRFAM7A
ACTB,FER
ACTB,RPS20
ACTB,UBE2V1
ACTB,SV2A
ACTB,CDC42EP2
ACTB,SKIL
ACTB,PROS1
ACTB,IGSF9
ACTB,AGT
ACTB,TBC1D4
ACTB,RAB6B
ACTB,CADPS
ACTB,AIF1L
ACTB,CIB1
ACTB,PDPN
ACTB,SRA1
ACTB,AGO1
ACTB,MARF1
ACTB,KIRREL2
ACTB,DCTN1
ACTB,HLA-DMA
ACTB,EPS8
ACTB,TPR
ACTB,PMCHL2
ACTB,ALDH3B1
ACTB,SEPTIN9
ACTB,SMARCC2
ACTB,GPR37
ACTB,WDR24
ACTB,URS00002C11C3_9606
ACTB,HOXD10
ACTB,CYP2C18
ACTB,SEMG1
ACTB,CLTC
ACTB,TUBA1A
ACTB,CYP2W1
ACTB,CTSS
ACTB,AGFG1
ACTB,PRUNE1
ACTB,CDH1
ACTB,FLRT3
ACTB,CNN1
ACTB,PPP2R2A
ACTB,LAD1
ACTB,USP14
ACTB,arp2_3_human
ACTB,ADAMTSL3
ACTB,SEC23IP
ACTB,CEP97
ACTB,CYP27C1
ACTB,FNDC3A
ACTB,CCDC13
ACTB,ANG
ACTB,TRIAP1
ACTB,URS000019B0F7_9606
ACTB,AKAP12
ACTB,XIRP2
ACTB,B3GAT1
ACTB,KRAS
ACTB,CALM3
ACTB,CHMP5
ACTB,NRP2
ACTB,PCDHB6
ACTB,CARMIL3
ACTB,DDIT3
ACTB,DRD4
ACTB,CYS1
ACTB,ICOSLG
ACTB,VCP
ACTB,ZNF540
ACTB,PACRG
ACTB,LCTL
ACTB,ARHGAP31
ACTB,SDCBP
ACTB,PDPK1
ACTB,SYNE1
ACTB,NTN1
ACTB,RAI14
ACTB,EPB41L3
ACTB,LY6G5C
ACTB,dgc_human-1
ACTB,EIF2S1
ACTB,PFN2
ACTB,CLDN11
ACTB,SEPTIN4
ACTB,STEAP1
ACTB,RUVBL2
ACTB,RUBCN
ACTB,DLGAP1
ACTB,KIF17
ACTB,CCN3
ACTB,POR
ACTB,P4HB
ACTB,CAPN1
ACTB,TKT
ACTB,KDM1B
ACTB,RAB13
ACTB,SLC38A6
ACTB,LDLRAD4
ACTB,CFDP1
ACTB,SLC6A12
ACTB,KHDC3L
ACTB,GPRC5D
ACTB,SMARCD3
ACTB,CHPT1
ACTB,SLC38A2
ACTB,FRMD8P1
ACTB,ADCY9
ACTB,gluk1-gluk4_human
ACTB,CYTH2
ACTB,USH1C
ACTB,GIGYF2
ACTB,CNKSR2
ACTB,TBCEL
ACTB,CAPZA1
ACTB,SRRM1
ACTB,PPL
ACTB,ENG
ACTB,NPAP1
ACTB,GPBP1
ACTB,FMNL3
ACTB,gluk3-gluk5_human
ACTB,TRIP10
ACTB,SERTM2
ACTB,CAPZB
ACTB,HBA1
ACTB,MARCKS
ACTB,FHL3
ACTB,HBB
ACTB,URS00003AFD9B_9606
ACTB,TRMT10A
ACTB,GABRA1
ACTB,LZTS1
ACTB,CLDN17
ACTB,S100B
ACTB,NPM1
ACTB,NSRP1
ACTB,ARPC3
ACTB,THEMIS
ACTB,FNBP1L
ACTB,TLN2
ACTB,NGF
ACTB,PALS2
ACTB,IRX3
ACTB,gluk3-gluk4_human
ACTB,KHNYN
ACTB,RPL22
ACTB,NGFR
ACTB,HNRNPH3
ACTB,GABRR3
ACTB,TEP1
ACTB,PTPN11
ACTB,WDR59
ACTB,SNTG1
ACTB,NFYA
ACTB,AQP3
ACTB,PPIA
ACTB,ADD2
ACTB,DCXR
ACTB,CIMAP1D
ACTB,MGST3
ACTB,RPS5
ACTB,LSM14A
ACTB,POLB
ACTB,CHMP6
ACTB,FIGN
ACTB,NBR1
ACTB,MAP1A
ACTB,CNTF
ACTB,NDRG1
ACTB,ITGB5
ACTB,CORT
ACTB,BTAF1
ACTB,DDOST
ACTB,FLRT1
ACTB,PDGFRB
ACTB,MARVELD1
ACTB,NRSN1
ACTB,MPP7
ACTB,GRIK2
ACTB,SPHK2
ACTB,COTL1
ACTB,EPHX3
ACTB,TMSB10
ACTB,ACTN4
ACTB,ATG12
ACTB,SIX5
ACTB,KNL1
ACTB,GPATCH11
ACTB,ANK2
ACTB,ARRDC1
ACTB,PCSK2
ACTB,NDEL1
ACTB,DUOX2
ACTB,PLXND1
ACTB,CPSF3
ACTB,KANK1
ACTB,ADORA2B
ACTB,TOP2B
ACTB,NEK3
ACTB,IL1RAPL1
ACTB,NCBP1
ACTB,RGS7BP
ACTB,PREPL
ACTB,EID1
ACTB,CPNE3
ACTB,RGS8
ACTB,RNF220
ACTB,PRRT2
ACTB,STARD3
ACTB,RPS3A
ACTB,SMAD2
ACTB,TGFB1
ACTB,IKZF5
ACTB,CEP295
ACTB,PNLIPRP2
ACTB,PECAM1
ACTB,ACTG2
ACTB,UBA5
ACTB,ABLIM1
ACTB,SCN2B
ACTB,ADRA1A
ACTB,TRPM2
ACTB,MAK16
ACTB,ANGPTL3
ACTB,SYNPO2L
ACTB,DST
ACTB,HNRNPD
ACTB,CLDN20
ACTB,GABBR2
ACTB,HCAR2
ACTB,PPFIA1
ACTB,CYP2A6
ACTB,TFRC
ACTB,STRA6
ACTB,PITPNM3
ACTB,ROCK2
ACTB,SLU7
ACTB,NTRK1
ACTB,AMBP
ACTB,GNA15
ACTB,GLRX2
ACTB,CELF2
ACTB,RAB3GAP1
ACTB,RILP
ACTB,KRT33B
ACTB,SAMD14
ACTB,RIPK3
ACTB,LURAP1
ACTB,VSIG10
ACTB,SPTB
ACTB,VCAN
ACTB,ARID2
ACTB,NLGN3
ACTB,DBH
ACTB,MYCT1
ACTB,HTR1F
ACTB,MYH1
ACTB,KRT32
ACTB,DTX3L
ACTB,MME
ACTB,SMARCA2
ACTB,PLPPR4
ACTB,RBSN
ACTB,URS00003380CC_9606
ACTB,ABHD17A
ACTB,URS000025307A_9606
ACTB,GRM1
ACTB,EPC1
ACTB,PVR
ACTB,UPRT
ACTB,CYB5B
ACTB,CST3
ACTB,P2RX4
ACTB,SREBF2
ACTB,HSPA8
ACTB,CPQ
ACTB,MCC
ACTB,SNRPB2
ACTB,EPHA8
ACTB,SAC3D1
ACTB,BTBD1
ACTB,RAB10
ACTB,GRM5
ACTB,LIMS1
ACTB,RPS6KA3
ACTB,GRHPR
ACTB,PCDHB9
ACTB,ALDOA
ACTB,CDH9
ACTB,CKAP4
ACTB,SEC31A
ACTB,GCH1
ACTB,RPL4
ACTB,RAD51AP1
ACTB,HNF1B
ACTB,COLQ
ACTB,SCGN
ACTB,DDB1
ACTB,SLBP
ACTB,RNF40
ACTB,RAD21
ACTB,SLC9A5
ACTB,ERBIN
ACTB,MCRS1
ACTB,CLIC1
ACTB,YWHAQ
ACTB,NEU4
ACTB,GPHN
ACTB,PTPRD
ACTB,MTTP
ACTB,DYRK1A
ACTB,HTR3B
ACTB,WASL
ACTB,LIMS2
ACTB,LITAF
ACTB,MSH6
ACTB,TRIM15
ACTB,PAXIP1
ACTB,SKA1
ACTB,CLCC1
ACTB,CAMK2N2
ACTB,WHRN
ACTB,ARHGAP26
ACTB,LYNX1
ACTB,URS00005540D2_9606
ACTB,ANXA2
ACTB,EIF3D
ACTB,CNTN4
ACTB,MYL12B
ACTB,VPS51
ACTB,DLC1
ACTB,TBK1
ACTB,FHDC1
ACTB,YWHAG
ACTB,SERPINF2
ACTB,SPTBN2
ACTB,BYSL
ACTB,KCTD12
ACTB,AHCYL2
ACTB,CTSC
ACTB,CYP2A7
ACTB,CFAP44
ACTB,URS00002B3783_9606
ACTB,PPP1R12A
ACTB,CLIP4
ACTB,FERRY3
ACTB,RAB4A
ACTB,MFAP3L
ACTB,PPP1R18
ACTB,PLCG1
ACTB,APBB1
ACTB,LIPA
ACTB,LAMTOR3
ACTB,LPXN
ACTB,CTNNAL1
ACTB,NMRK2
ACTB,KANSL1
ACTB,SCAMP2
ACTB,APCS
ACTB,RPS29
ACTB,H2BC26
ACTB,ATP5IF1
ACTB,NRG3
ACTB,ABO
ACTB,ERGIC1
ACTB,MARVELD2
ACTB,MYZAP
ACTB,TWF2
ACTB,SERPINA5
ACTB,CHRM1
ACTB,ZDHHC17
ACTB,SLC26A6
ACTB,TCF7L2
ACTB,ap3b_s3a_human
ACTB,scribble_human-7
ACTB,RAD51AP2
ACTB,STARD8
ACTB,ATP1A4
ACTB,SLC4A1
ACTB,H1-1
ACTB,FAM72A
ACTB,IFITM1
ACTB,ACTC1
ACTB,OAS2
ACTB,ROCK1
ACTB,CLDN4
ACTB,CSF1R
ACTB,PIKFYVE
ACTB,CHRNA10
ACTB,PDIA3
ACTB,SOST
ACTB,TFCP2
ACTB,TCTN1
ACTB,WNK1
ACTB,PTPA
ACTB,CSH2
ACTB,SLC8A2
ACTB,CCDC110
ACTB,NPTXR
ACTB,EXOSC4
ACTB,GZMH
ACTB,STK38
ACTB,NAMPT
ACTB,LAPTM5
ACTB,STK17B
ACTB,RAB21
ACTB,SPAG5
ACTB,ERC2
ACTB,CYP2R1
ACTB,EEFSEC
ACTB,DRC7
ACTB,NFE2L2
ACTB,HCRTR2
ACTB,VDAC1
ACTB,NPFFR2
ACTB,arp2_3_human-1
ACTB,KLHL14
ACTB,MCHR1
ACTB,AGR3
ACTB,SDC4
ACTB,SWAP70
ACTB,CLINT1
ACTB,SFT2D2
ACTB,LMNB1
ACTB,KIF11
ACTB,STXBP4
ACTB,PLEKHH1
ACTB,CPEB3
ACTB,USF2
ACTB,LY6G6E
ACTB,ARRDC4
ACTB,IGHD
ACTB,SPTBN1
ACTB,POLA1
ACTB,SYNM
ACTB,BCL7B
ACTB,RPGRIP1L
ACTB,URS0000169868_9606
ACTB,CALB1
ACTB,BDNF
ACTB,CHP1
ACTB,FAM168B
ACTB,ITGA1
ACTB,SHROOM3
ACTB,YEATS4
ACTB,PLEKHA5
ACTB,IP6K2
ACTB,EPB41
ACTB,RNF112
ACTB,scribble_human-1
ACTB,DAZ4
ACTB,CHRNB4
ACTB,MICAL3
ACTB,GABRB1
ACTB,CRB3
ACTB,E2F5
ACTB,KIN
ACTB,NFE2
ACTB,CCT3
ACTB,ATP6V1A
ACTB,GSK3B
ACTB,ABL2
ACTB,ACKR2
ACTB,LARGE1
ACTB,DENND6A
ACTB,APBB1IP
ACTB,TMEM230
ACTB,MAPK8IP1
ACTB,SLC5A7
ACTB,GRIN2B
ACTB,ACTL7A
ACTB,PCDHGA12
ACTB,AASS
ACTB,TJP2
ACTB,ZBTB16
ACTB,PABPN1
ACTB,SHANK3
ACTB,TNFSF13B
ACTB,DCTN6
ACTB,ZNRF2
ACTB,MAP4
ACTB,WBP11
ACTB,PEAK3
ACTB,RAB11FIP1
ACTB,RTN1
ACTB,HSPB9
ACTB,DIP2B
ACTB,STPG3
ACTB,SERTM1
ACTB,RPS8
ACTB,TESC
ACTB,CITED2
ACTB,CEP350
ACTB,ENC1
ACTB,PLEKHA7
ACTB,CYP17A1
ACTB,MIF
ACTB,CHAF1A
ACTB,SEMA6A
ACTB,DNMT3L
ACTB,URS000024463E_9606
ACTB,CFL1
ACTB,LZTS3
ACTB,SEPTIN2
ACTB,BDH1
ACTB,BIRC5
ACTB,SORBS3
ACTB,SLC22A2
ACTB,SLC1A1
ACTB,RGS10
ACTB,AFTPH
ACTB,ZNF74
ACTB,CLDN2
ACTB,SMAD7
ACTB,PMP22
ACTB,AMOT
ACTB,UBXN6
ACTB,EGLN1
ACTB,H2BC17
ACTB,TYR
ACTB,PPP1CB
ACTB,ITPA
ACTB,DCP1A
ACTB,KRT19
ACTB,INSRR
ACTB,crumbs_human-2
ACTB,NFIA
ACTB,CLASP2
ACTB,KCNA6
ACTB,SIRT6
ACTB,FBF1
ACTB,ZRANB1
ACTB,SDCCAG8
ACTB,RABEP1
ACTB,MTA2
ACTB,IGSF8
ACTB,ABCA10
ACTB,EFS
ACTB,HEXA
ACTB,TNIK
ACTB,NCK1
ACTB,ARHGDIA
ACTB,CRB1
ACTB,CDKN1A
ACTB,IFI30
ACTB,C4A
ACTB,VPS54
ACTB,NUP160
ACTB,CACNG2
ACTB,GID8
ACTB,ERO1A
ACTB,SYNPO
ACTB,MAL2
ACTB,PABPC4L
ACTB,GNB2
ACTB,RIN3
ACTB,MAP2K6
ACTB,ZNF232
ACTB,CENPQ
ACTB,TPH2
ACTB,ATP1A1
ACTB,CD9
ACTB,LRRFIP1
ACTB,URS000039ED8D_9606
ACTB,OMP
ACTB,GLT6D1
ACTB,CCDC92
ACTB,SCRG1
ACTB,KRT40
ACTB,SNTB1
ACTB,ING3
ACTB,BRD9
ACTB,FAM72D
ACTB,RAB11FIP5
ACTB,HNRNPU
ACTB,TGFB2
ACTB,CLCN3
ACTB,HSP90AB2P
ACTB,DYTN
ACTB,CIMAP1B
ACTB,TPH1
ACTB,PARVA
ACTB,PSMG4
ACTB,OXA1L
ACTB,STS
ACTB,DNAJC19
ACTB,NISCH
ACTB,TRA2B
ACTB,CHD8
ACTB,BLOC1S6
ACTB,KCNB1
ACTB,ADARB1
ACTB,RTN3
ACTB,ELAVL3
ACTB,METTL23
ACTB,CAPN3
ACTB,TSPAN15
ACTB,CGNL1
ACTB,PCCB
ACTB,CDH8
ACTB,WASHC2A
ACTB,SMARCB1
ACTB,MEAF6
ACTB,ADAM15
ACTB,CALCOCO1
ACTB,CLN3
ACTB,PATL2
ACTB,AP2B1
ACTB,CC2D1B
ACTB,ACTRT2
ACTB,PRKCZ
ACTB,USP10
ACTB,SFMBT2
ACTB,SAYSD1
ACTB,PCMT1
ACTB,CCDC85B
ACTB,GABRE
ACTB,MYO9A
ACTB,LPL
ACTB,ITGB1BP1
ACTB,MYOT
ACTB,HSD3B1
ACTB,INA
ACTB,PLPP3
ACTB,SCAMP3
ACTB,TPM4
ACTB,HIRA
ACTB,AGRN
ACTB,SRGAP2C
ACTB,SDK2
ACTB,FASTKD5
ACTB,ARHGAP35
ACTB,NOS3
ACTB,HSD11B1
ACTB,SCN10A
ACTB,TMOD1
ACTB,DDX31
ACTB,TLR2
ACTB,S100A1
ACTB,CLOCK
ACTB,MIER3
ACTB,CABP4
ACTB,WWC1
ACTB,SLC34A2
ACTB,KDF1
ACTB,PDLIM5
ACTB,STAC3
ACTB,CYP1B1
ACTB,MSN
ACTB,GATAD2B
ACTB,SNX1
ACTB,USP18
ACTB,RPH3AL
ACTB,PARP4
ACTB,SULT2B1
ACTB,LAMA1
ACTB,RPL10
ACTB,LRP8
ACTB,H1-10
ACTB,GHRL
ACTB,ZNF185
ACTB,SRCIN1
ACTB,CLDN19
ACTB,MFHAS1
ACTB,WAS
ACTB,Q6Q795
ACTB,HRH1
ACTB,PKNOX2
ACTB,ABCA7
ACTB,ANAPC16
ACTB,BFSP2
ACTB,GJA5
ACTB,CDH5
ACTB,PHF20
ACTB,POLR3H
ACTB,CYGB
ACTB,KAT6A
ACTB,TSPOAP1
ACTB,FASTKD2
ACTB,IGHV3-23
ACTB,UNC13C
ACTB,RPLP0
ACTB,MNDA
ACTB,MYO1H
ACTB,TLE2
ACTB,SNAP25
ACTB,PCDH17
ACTB,ARAP3
ACTB,H2BC15
ACTB,CHRDL1
ACTB,FHL2
ACTB,SIN3A
ACTB,TNRC6A
ACTB,DYRK4
ACTB,CLTB
ACTB,GHSR
ACTB,MSRB1
ACTB,STK38L
ACTB,DPH1
ACTB,PPP1CA
ACTB,TPGS1
ACTB,URS000019907A_9606
ACTB,BNIP1
ACTB,WNT5A
ACTB,SLC9A6
ACTB,TSPAN1
ACTB,CSPG5
ACTB,ANK1
ACTB,WIPI1
ACTB,URS0000416056_9606
ACTB,PLEK2
ACTB,UTS2
ACTB,DAB1
ACTB,SEPTIN14
ACTB,ATXN2
ACTB,QARS1
ACTB,H1-9P
ACTB,RHOA
ACTB,HSD11B1L
ACTB,HAX1
ACTB,GATA1
ACTB,EMC1
ACTB,MPV17L
ACTB,ARFGEF2
ACTB,LGR6
ACTB,CADPS2
ACTB,H3C1
ACTB,KIF13B
ACTB,OXTR
ACTB,CEBPB
ACTB,RTN4RL2
ACTB,MUC5B
ACTB,NCR1
ACTB,MAP2K4
ACTB,ACTL7B
ACTB,ILDR2
ACTB,KLF11
ACTB,APOA4
ACTB,CAV2
ACTB,ZBTB17
ACTB,TMEM165
ACTB,KCNN4
ACTB,GALR3
ACTB,LEF1
ACTB,PTPRO
ACTB,NYNRIN
ACTB,CD84
ACTB,PRLHR
ACTB,HPGDS
ACTB,CHMP4A
ACTB,IRAK1
ACTB,MAP2K1
ACTB,kin-mis12_human
ACTB,DPEP1
ACTB,APOA2
ACTB,SLF2
ACTB,gabar_a1_b1_g2_human
ACTB,UPF2
ACTB,PRM2
ACTB,H2AB1
ACTB,PROM2
ACTB,SPG21
ACTB,CHRNA3
ACTB,HNRNPUL2
ACTB,PURG
ACTB,INSR
ACTB,CD53
ACTB,IGSF9B
ACTB,SSH3
ACTB,HAPLN2
ACTB,CALM1
ACTB,STON1
ACTB,XRCC5
ACTB,NMNAT3
ACTB,ARHGAP30
ACTB,MYH15
ACTB,PRSS41
ACTB,DTNB
ACTB,LCP1
ACTB,RPS28
ACTB,PODXL
ACTB,H2BC21
ACTB,AHR
ACTB,PAF1
ACTB,CEP250
ACTB,RPL11
ACTB,BIN2
ACTB,ADRB1
ACTB,LRRC27
ACTB,GIT2
ACTB,URS000030F801_9606
ACTB,IGHV3-13
ACTB,UBXN11
ACTB,RPL37A
ACTB,RBMX
ACTB,KCNE3
ACTB,TBC1D24
ACTB,NAPA
ACTB,APOB
ACTB,CCDC6
ACTB,CDH15
ACTB,SLC4A2
ACTB,ZW10
ACTB,IL1RAPL2
ACTB,SERF1A
ACTB,NAPEPLD
ACTB,PDLIM1
ACTB,HNRNPA1
ACTB,ATM
ACTB,AKAP10
ACTB,HCRTR1
ACTB,AQP1
ACTB,PTPN21
ACTB,MAGI1
ACTB,BIN1
ACTB,STARD3NL
ACTB,MYO1D
ACTB,GC
ACTB,APP
ACTB,HTR2B
ACTB,UBE2N
ACTB,ARHGEF7
ACTB,BUB1
ACTB,TRIB2
ACTB,SKAP1
ACTB,MRPS18B
ACTB,ANK3
ACTB,TMEM108
ACTB,NUP98
ACTB,TTC21B
ACTB,DTNBP1
ACTB,PPFIA2
ACTB,URS000059311D_9606
ACTB,HDAC1
ACTB,P2RX1
ACTB,TMEM102
ACTB,KAT2B
ACTB,KCNQ2
ACTB,SDK1
ACTB,HDAC2
ACTB,SRGAP2B
ACTB,KDR
ACTB,PIWIL2
ACTB,SLC51A
ACTB,CNTN6
ACTB,ARFGAP1
ACTB,GRM6
ACTB,H2AZ2
ACTB,KCNA4
ACTB,ZDHHC20
ACTB,SCP2
ACTB,MTNR1B
ACTB,CDK5R1
ACTB,TM4SF20
ACTB,BAIAP3
ACTB,YIPF4
ACTB,BRD8
ACTB,ABCA3
ACTB,PPP1R16B
ACTB,RPL7A
ACTB,CDCA8
ACTB,URS00005743AE_9606
ACTB,ZFP36
ACTB,STMN4
ACTB,ZFYVE21
ACTB,PLAT
ACTB,JAG1
ACTB,RCN3
ACTB,GOLPH3
ACTB,NUP85
ACTB,TNS4
ACTB,URS000075A53F_9606
ACTB,OLFM3
ACTB,OAS3
ACTB,NMB
ACTB,PI4KA
ACTB,NOSTRIN
ACTB,MAPK8IP3
ACTB,PLD2
ACTB,RAC3
ACTB,MTPAP
ACTB,MAP1S
ACTB,gluk1-gluk3_human-1
ACTB,URS00003D1AE3_9606
ACTB,H2BC18
ACTB,RPL31
ACTB,KIF23
ACTB,HOMER3
ACTB,GJB6
ACTB,KLHL12
ACTB,HSPA5
ACTB,LYPD1
ACTB,NPHS2
ACTB,ARPC2
ACTB,KCNIP2
ACTB,URS0000316FA5_9606
ACTB,arp2_3_human-7
ACTB,YBX1
ACTB,KRT1
ACTB,C8B
ACTB,NUMA1
ACTB,FCHSD2
ACTB,MLKL
ACTB,IGLV3-25
ACTB,ME2
ACTB,DBNL
ACTB,CCP110
ACTB,UCN
ACTB,DAG1
ACTB,KCTD8
ACTB,KCNQ3
ACTB,SSTR4
ACTB,CTSF
ACTB,SLITRK4
ACTB,HSPA9
ACTB,STT3B
ACTB,CHMP1A
ACTB,PLCE1
ACTB,URS00005A1F52_9606
ACTB,IGHG1
ACTB,SCYL3
ACTB,USP3
ACTB,DNAJC6
ACTB,MGRN1
ACTB,P2RX6
ACTB,CTSL
ACTB,GRIPAP1
ACTB,NAE1
ACTB,CDSN
ACTB,ELL3
ACTB,GLDN
ACTB,HNRNPH1
ACTB,gabar_a1_b3_g2_human
ACTB,KCMF1
ACTB,KIFBP
ACTB,PDLIM7
ACTB,ANO5
ACTB,IFFO1
ACTB,NME9
ACTB,DEPP1
ACTB,DNAJC24
ACTB,RASD2
ACTB,GPR174
ACTB,FGF12
ACTB,ATG5
ACTB,SYNE2
ACTB,SPOUT1
ACTB,BUB1B
ACTB,HSDL1
ACTB,PIK3C2B
ACTB,MITF
ACTB,UBB
ACTB,ANKRA2
ACTB,SGO2
ACTB,KHDRBS3
ACTB,BMP6
ACTB,SYK
ACTB,CYP3A5
ACTB,INTS13
ACTB,ATP6V1B2
ACTB,PTGS1
ACTB,PLAUR
ACTB,DMTN
ACTB,IGHA2
ACTB,LIMS4
ACTB,STXBP3
ACTB,NPPA
ACTB,PAK1
ACTB,POP7
ACTB,FN1
ACTB,FKBP8
ACTB,CACNB1
ACTB,CISD2
ACTB,IGHG4
ACTB,RTCB
ACTB,MAGED1
ACTB,DCP1B
ACTB,MPHOSPH8
ACTB,MACROH2A2
ACTB,AFM
ACTB,MYO7A
ACTB,RAET1L
ACTB,TMEM63A
ACTB,URS000031B6ED_9606
ACTB,EMB
ACTB,ATP6AP2
ACTB,CYTH3
ACTB,KLF15
ACTB,CFAP58
ACTB,CCDC170
ACTB,PINX1
ACTB,SIPA1L1
ACTB,PRKCSH
ACTB,CTNNA2
ACTB,SDR9C7
ACTB,APC2
ACTB,XRCC6
ACTB,TESK1
ACTB,PIK3R2
ACTB,CDK16
ACTB,FOXA3
ACTB,CDK5RAP3
ACTB,DYNLL1
ACTB,PLEKHM1
ACTB,CHMP2A
ACTB,SPATS2L
ACTB,AP1M1
ACTB,RAB14
ACTB,RNH1
ACTB,RGS22
ACTB,SVIL
ACTB,RPS6KA1
ACTB,HTR2A
ACTB,TBC1D21
ACTB,SKA3
ACTB,SYN3
ACTB,DOCK1
ACTB,WDFY3
ACTB,PKD2
ACTB,GPRC5B
ACTB,MORN4
ACTB,LIMA1
ACTB,UBOX5
ACTB,HTR3E
ACTB,SAFB2
ACTB,TBX5
ACTB,GRWD1
ACTB,FRMD3
ACTB,PTK2
ACTB,DDX28
ACTB,CHMP7
ACTB,CFAP300
ACTB,RPL5
ACTB,LDLRAP1
ACTB,DAZL
ACTB,RUNDC3A
ACTB,CDKL1
ACTB,URS0000759CD8_9606
ACTB,URS000075EBEE_9606
ACTB,SLA2
ACTB,CELF6
ACTB,MYH10
ACTB,OSBPL2
ACTB,JAK1
ACTB,HSPH1
ACTB,PIAS1
ACTB,SS18
ACTB,CDC20
ACTB,MTMR9
ACTB,PPP2CA
ACTB,GPR158
ACTB,PLAGL1
ACTB,URS0000096022_9606
ACTB,APC
ACTB,SLC39A12
ACTB,URS00004AD914_9606
ACTB,UBAP1
ACTB,URS000075A41A_9606
ACTB,CBR1
ACTB,FAM86B2
ACTB,PLS3
ACTB,PZP
ACTB,C22orf39
ACTB,RPS17
ACTB,NPY4R2
ACTB,PVALB
ACTB,CTNNA3
ACTB,GYPC
ACTB,ITM2B
ACTB,HP1BP3
ACTB,MAD1L1
ACTB,URS00000CDD4F_9606
ACTB,EPHA7
ACTB,EFNB3
ACTB,LALBA
ACTB,GRB7
ACTB,WASHC2C
ACTB,KRT39
ACTB,PLK1
ACTB,VSIG10L2
ACTB,STAP1
ACTB,TSPAN5
ACTB,FBP2
ACTB,CDKL5
ACTB,ITGA5
ACTB,CHRNA5
ACTB,CD44
ACTB,PFN1
ACTB,RAPGEF2
ACTB,SRSF10
ACTB,SPECC1
ACTB,URS00001230A0_9606
ACTB,TANC1
ACTB,AVIL
ACTB,ACTRT3
ACTB,crumbs_human-1
ACTB,AHSG
ACTB,EEF1A2
ACTB,ITIH2
ACTB,BST2
ACTB,TBCC
ACTB,RIT2
ACTB,ABTB3
ACTB,TJP1
ACTB,FZD5
ACTB,HOOK2
ACTB,MGST2
ACTB,ACTRT1
ACTB,BCL11A
ACTB,STOML2
ACTB,FBXO7
ACTB,MAD2L1
ACTB,DFFA
ACTB,WDR19
ACTB,GABRG1
ACTB,CCDC85C
ACTB,CEMIP2
ACTB,URS0000315338_9606
ACTB,PKN1
ACTB,SLC30A9
ACTB,INPPL1
ACTB,RIMS1
ACTB,ACAN
ACTB,RBM14
ACTB,H2AZ1
ACTB,ARL8B
ACTB,SLC34A3
ACTB,PEX3
ACTB,EGFR
ACTB,AGK
ACTB,PLK2
ACTB,CENPI
ACTB,RPS27A
ACTB,P2RY4
ACTB,DLG3
ACTB,ATAT1
ACTB,URS0000547F6A_9606
ACTB,pbaf_var2_human
ACTB,SPMIP5
ACTB,MIA3
ACTB,LYN
ACTB,IRGM
ACTB,LTC4S
ACTB,CYP2J2
ACTB,SMAD5
ACTB,PCBP3
ACTB,URS0000476BE1_9606
ACTB,NEU2
ACTB,LGALS13
ACTB,IL16
ACTB,RAPGEF1
ACTB,GFAP
ACTB,EEF2K
ACTB,TAF5
ACTB,TACC3
ACTB,RIGI
ACTB,GABRA5
ACTB,ITGA6
ACTB,SPIRE2
ACTB,LIN7B
ACTB,RAP2A
ACTB,CYP4A11
ACTB,OSBPL9
ACTB,abeta-42-oligomer_human
ACTB,VTI1A
ACTB,GAN
ACTB,FAM241B
ACTB,NASP
ACTB,PI4K2A
ACTB,scribble_human-5
ACTB,RAD23A
ACTB,SRCAP
ACTB,PTPRC
ACTB,LIN7A
ACTB,KLC3
ACTB,MYLK3
ACTB,CDH22
ACTB,HRH4
ACTB,TBRG4
ACTB,MYO5C
ACTB,YIPF5
ACTB,GRIN2A
ACTB,ANGPTL4
ACTB,PAWR
ACTB,JADE2
ACTB,ATP7A
ACTB,SOAT2
ACTB,KRT27
ACTB,SYAP1
ACTB,gluk1-gluk2_human-1
ACTB,PRDX5
ACTB,TP53
ACTB,RALA
ACTB,CCN2
ACTB,OPRM1
ACTB,OLFM4
ACTB,LMOD2
ACTB,SPHK1
ACTB,GRHL1
ACTB,TSPAN33
ACTB,MSI2
ACTB,TRIP11
ACTB,FMN1
ACTB,ARHGEF6
ACTB,IST1
ACTB,H2BC14
ACTB,ADAMTS9
ACTB,GRHL2
ACTB,GRIA4
ACTB,WASF3
ACTB,HTR3A
ACTB,TTC29
ACTB,NECTIN4
ACTB,MYBBP1A
ACTB,RANBP6
ACTB,RIC1
ACTB,MALT1
ACTB,LIPF
ACTB,GFI1
ACTB,IGSF21
ACTB,PTPN14
ACTB,TSPAN9
ACTB,PTPN23
ACTB,NEFL
ACTB,PRNP
ACTB,IGKV2D-28
ACTB,CYB561A3
ACTB,DCX
ACTB,EIF5B
ACTB,PYHIN1
ACTB,PUM1
ACTB,RAB3C
ACTB,KRT38
ACTB,STIP1
ACTB,GZMB
ACTB,PDZK1
ACTB,LRGUK
ACTB,VTN
ACTB,H3Y2
ACTB,SPECC1L
ACTB,SPRY2
ACTB,SET
ACTB,FUZ
ACTB,FZD1
ACTB,ACTL6A
ACTB,GUSB
ACTB,SNCAIP
ACTB,ZC4H2
ACTB,TNPO3
ACTB,USP26
ACTB,RPL36
ACTB,CALB2
ACTB,SGCZ
ACTB,OSBPL10
ACTB,AQP7
ACTB,RUNX3
ACTB,PIWIL1
ACTB,CD99
ACTB,ASIC1
ACTB,SNX17
ACTB,TUBA1C
ACTB,NPY1R
ACTB,RALGDS
ACTB,ETV3
ACTB,CBLN2
ACTB,CD59
ACTB,HAVCR2
ACTB,SPG11
ACTB,APPL1
ACTB,TEX14
ACTB,ASAP1
ACTB,EPHA2
ACTB,SND1
ACTB,USP28
ACTB,EPHA4
ACTB,VBP1
ACTB,par_human-5
ACTB,RELN
ACTB,AP3D1
ACTB,FZD7
ACTB,OSBP
ACTB,RGS17
ACTB,NRXN1
ACTB,SMURF1
ACTB,LTF
ACTB,SLC30A3
ACTB,C1S
ACTB,ARHGAP29
ACTB,FAM107A
ACTB,AZIN2
ACTB,TGFBRAP1
ACTB,CALCOCO2
ACTB,SNX14
ACTB,ITGB1
ACTB,CFHR5
ACTB,SENP1
ACTB,SHB
ACTB,HSPA7
ACTB,PCDHB14
ACTB,HAP1
ACTB,ANXA6
ACTB,KLF5
ACTB,ADGRL3
ACTB,FEN1
ACTB,MYLK2
ACTB,ZC3H12D
ACTB,GPSM2
ACTB,MITD1
ACTB,FBXW11
ACTB,RTN4R
ACTB,B4GALNT3
ACTB,H2AC25
ACTB,SELE
ACTB,TIAM1
ACTB,KITLG
ACTB,SLC17A6
ACTB,SYNJ2
ACTB,SLC38A8
ACTB,WIPF1
ACTB,FYN
ACTB,SNW1
ACTB,GLRA1
ACTB,SSX1
ACTB,ATP6V0D1
ACTB,SLC30A2
ACTB,IQGAP2
ACTB,LRWD1
ACTB,SLC12A6
ACTB,DCTN5
ACTB,FES
ACTB,EFNB1
ACTB,KRIT1
ACTB,ADAM21
ACTB,PTPN12
ACTB,CSK
ACTB,H2BW1
ACTB,SPP1
ACTB,C4BPA
ACTB,PDSS2
ACTB,FGB
ACTB,RUBCNL
ACTB,ARHGAP39
ACTB,ANXA9
ACTB,CAPS
ACTB,SPC24
ACTB,BICD1
ACTB,URS0000574A2C_9606
ACTB,H2AJ
ACTB,NOS1AP
ACTB,gluk2-gluk3_human-1
ACTB,CIMAP1A
ACTB,TAOK2
ACTB,AHNAK
ACTB,KCNJ2
ACTB,GRM2
ACTB,SYNDIG1
ACTB,CES2
ACTB,DCAF6
ACTB,CNOT7
ACTB,RTN4
ACTB,URS0000209905_9606
ACTB,PTK2B
ACTB,LTBP1
ACTB,URS00003B95DA_9606
ACTB,DRD3
ACTB,LRRTM2
ACTB,IGKV1-17
ACTB,SYT17
ACTB,ONECUT2
ACTB,UCHL1
ACTB,GGA3
ACTB,HCN4
ACTB,IFITM3
ACTB,NEU1
ACTB,NPR3
ACTB,DYRK2
ACTB,HMGA1
ACTB,APOE
ACTB,HYCC1
ACTB,AP4S1
ACTB,TMED2
ACTB,LYPD6
ACTB,SPPL2B
ACTB,URS0000157026_9606
ACTB,HDAC6
ACTB,CEP43
ACTB,ENPEP
ACTB,FOXN2
ACTB,CD24
ACTB,CFL2
ACTB,gluk1-gluk3-gluk4_human-1
ACTB,PPM1H
ACTB,UBA3
ACTB,KIRREL1
ACTB,SLC2A13
ACTB,HSP90AA1
ACTB,RPL3
ACTB,CCNL2
ACTB,DACT1
ACTB,FCHSD1
ACTB,PCDH15
ACTB,STRN3
ACTB,FSCN2
ACTB,PLA2G4A
ACTB,IGHA1
ACTB,KSR1
ACTB,SEMA4B
ACTB,CELF4
ACTB,FGG
ACTB,TBP
ACTB,IQGAP1
ACTB,MTBP
ACTB,GIT1
ACTB,RPL26
ACTB,DRP2
ACTB,ATF2
ACTB,MRPL46
ACTB,ITGA11
ACTB,ACTR2
ACTB,RPUSD3
ACTB,HLTF
ACTB,URS00001DE669_9606
ACTB,DLGAP3
ACTB,PDLIM2
ACTB,HNRNPA0
ACTB,UXS1
ACTB,PHACTR3
ACTB,scribble_human-2
ACTB,NOS2
ACTB,ATP2B3
ACTB,CAMK2D
ACTB,gluk2-gluk4_human
ACTB,SPTAN1
ACTB,UNC13A
ACTB,LIPK
ACTB,SNX8
ACTB,STX10
ACTB,FAM86C1P
ACTB,NCOA6
ACTB,HNRNPH2
ACTB,IFITM2
ACTB,SSTR5
ACTB,SLC38A1
ACTB,STX1B
ACTB,PCBP1
ACTB,ABCA8
ACTB,PHOSPHO1
ACTB,ATF6B
ACTB,RNF144A
ACTB,CMA1
ACTB,CSNK1E
ACTB,YTHDF2
ACTB,POTEE
ACTB,TNXB
ACTB,GAS2L1
ACTB,PPP1R9A
ACTB,LIMD1
ACTB,MRAP
ACTB,TRAPPC2B
ACTB,ASPN
ACTB,NCOA5
ACTB,BCL2L14
ACTB,HCN1
ACTB,ACHE
ACTB,ABCA2
ACTB,DPAGT1
ACTB,MTA3
ACTB,IL17RB
ACTB,LPAR2
ACTB,KRT35
ACTB,PTPRA
ACTB,ZYX
ACTB,CNNM4
ACTB,CP
ACTB,EPB41L4A
ACTB,NPBWR2
ACTB,ESPN
ACTB,RNF128
ACTB,THY1
ACTB,SNTG2
ACTB,RS1
ACTB,CLSTN3
ACTB,HYOU1
ACTB,CDH4
ACTB,URS00005165DA_9606
ACTB,LRRC4
ACTB,gabar_a4_b2_delta_human
ACTB,FAP
ACTB,PARVB
ACTB,S100A12
ACTB,KCNC3
ACTB,GRIN2C
ACTB,KIF5B
ACTB,GRAP
ACTB,LDB1
ACTB,FGD3
ACTB,LMLN
ACTB,ABHD17C
ACTB,EXOC4
ACTB,NPPB
ACTB,RUFY1
ACTB,BARD1
ACTB,SH3RF1
ACTB,KAZN
ACTB,NRP1
ACTB,ADORA2A
ACTB,CSRP3
ACTB,IQSEC2
ACTB,CRIPT
ACTB,ABI3
ACTB,KRT15
ACTB,RAB3B
ACTB,HPCA
ACTB,OPRL1
ACTB,RAB34
ACTB,KANSL3
ACTB,NTRK3
ACTB,PRKCG
ACTB,EP400
ACTB,NHERF4
ACTB,ADAM17
ACTB,CHRNA2
ACTB,CYB5A
ACTB,GNAT2
ACTB,HSP90AB3P
ACTB,FLOT2
ACTB,ANKRD2
ACTB,COL12A1
ACTB,MAP2
ACTB,POLG
ACTB,RELB
ACTB,SCRN1
ACTB,SGCA
ACTB,EXOG
ACTB,MPO
ACTB,HAPLN1
ACTB,PAM16
ACTB,L1TD1
ACTB,CTTNBP2
ACTB,DPH2
ACTB,IGLC1
ACTB,RARA
ACTB,CADM3
ACTB,METTL18
ACTB,SNPH
ACTB,CAD
ACTB,ANO7
ACTB,H2BC13
ACTB,DMAP1
ACTB,PHF6
ACTB,TMOD4
ACTB,ICAM5
ACTB,RBP3
ACTB,TMIGD1
ACTB,PENK
ACTB,NF1
ACTB,DLG2
ACTB,MSRA
ACTB,CENPE
ACTB,MVB12B
ACTB,FUS
ACTB,SMC5
ACTB,ACKR3
ACTB,KAT8
ACTB,crumbs_human
ACTB,PAK2
ACTB,MEIKIN
ACTB,KCNA1
ACTB,CTNND1
ACTB,XPO6
ACTB,MRC2
ACTB,PPP1CC
ACTB,EPB41L1
ACTB,H2AX
ACTB,DDX20
ACTB,NSMF
ACTB,ARHGEF15
ACTB,DFFB
ACTB,OPN4
ACTB,RET
ACTB,SRGAP2
ACTB,DDX3X
ACTB,PLEKHG5
ACTB,SHANK2
ACTB,PSMC4
ACTB,STMN3
ACTB,SHTN1
ACTB,CCDC88C
ACTB,SLC15A3
ACTB,CARD18
ACTB,PABPC1
ACTB,SNAP29
ACTB,ADRA2B
ACTB,HSD17B2
ACTB,EPB41L4B
ACTB,AGO2
ACTB,RRAGC
ACTB,CMKLR2
ACTB,CAMKK2
ACTB,VANGL2
ACTB,ARHGDIB
ACTB,EXOSC8
ACTB,LY6G6C
ACTB,PARVG
ACTB,RANBP2
ACTB,CDH20
ACTB,GASK1A
ACTB,SYT2
ACTB,HTR1E
ACTB,SH3GL3
ACTB,EPS8L1
ACTB,PTPRU
ACTB,FAM86B1
ACTB,BBLN
ACTB,KIF24
ACTB,SLC2A11
ACTB,NLGN1
ACTB,AFDN
ACTB,PTPN4
ACTB,SYT11
ACTB,NEURL1B
ACTB,AP1S2
ACTB,FAT1
ACTB,TOLLIP
ACTB,MAN1B1
ACTB,CCT4
ACTB,KRT33A
ACTB,POLR2H
ACTB,DMD
ACTB,PTPRS
ACTB,PHLDB1
ACTB,IKZF1
ACTB,AKAP13
ACTB,KIF5A
ACTB,PRTN3
ACTB,ARPC5
ACTB,TSPO
ACTB,GPX4
ACTB,GFI1B
ACTB,ATAD1
ACTB,PICK1
ACTB,SERINC5
ACTB,DBN1
ACTB,MYOF
ACTB,UBR5
ACTB,SDC1
ACTB,ANKFY1
ACTB,DZANK1
ACTB,EPS8L2
ACTB,gluk3_human
ACTB,TNFRSF21
ACTB,HIGD1A
ACTB,KRT10
ACTB,SLC18A2
ACTB,TRAPPC2
ACTB,BAIAP2
ACTB,PDE6D
ACTB,CASZ1
ACTB,SMARCE1
ACTB,FADS1
ACTB,NF2
ACTB,kin-knl1_human
ACTB,FAAP24
ACTB,CHRM4
ACTB,HIP1R
ACTB,TFAM
ACTB,MICAL1
ACTB,GPC4
ACTB,LARP7
ACTB,ACTN2
ACTB,CACNB3
ACTB,ING4
ACTB,ZNHIT1
ACTB,HPSE
ACTB,ABHD5
ACTB,ZFYVE16
ACTB,URS00002F4D78_9606
ACTB,CLXN
ACTB,BGLAP
ACTB,TBC1D14
ACTB,SETDB1
ACTB,PNOC
ACTB,AFAP1L1
ACTB,ZNF703
ACTB,SPTA1
ACTB,CDK5R2
ACTB,MEF2D
ACTB,MIER2
ACTB,FYB1
ACTB,ABL1
ACTB,KIRREL3
ACTB,STK3
ACTB,RINL
ACTB,NPHS1
ACTB,SH2D3C
ACTB,CCNF
ACTB,MTMR2
ACTB,FAAH
ACTB,KLHL24
ACTB,WIPF2
ACTB,C9orf72
ACTB,ARR3
ACTB,EDIL3
ACTB,SSNA1
ACTB,HOXD4
ACTB,PSMA4
ACTB,STOM
ACTB,PLCH1
ACTB,SLX4
ACTB,SLC15A1
ACTB,YTHDC2
ACTB,scribble_human
ACTB,SSTR1
ACTB,PPFIA4
ACTB,RRP12
ACTB,PLAU
ACTB,SMCR8
ACTB,ATP6V0A2
ACTB,CFAP276
ACTB,ARK2C
ACTB,NPTX1
ACTB,RPS18
ACTB,ARHGAP21
ACTB,ELK1
ACTB,CD200
ACTB,NECTIN1
ACTB,TCHH
ACTB,SLC6A17
ACTB,TRAF4
ACTB,CLASP1
ACTB,LRRK2
ACTB,AP1S1
ACTB,CPSF6
ACTB,VRK2
ACTB,PATL1
ACTB,PPP1R9B
ACTB,EIF2A
ACTB,EHD3
ACTB,DRD2
ACTB,STX5
ACTB,RAD52
ACTB,BMP1
ACTB,UBE2L3
ACTB,FHOD3
ACTB,SERPING1
ACTB,SERPINA3
ACTB,TSC22D4
ACTB,URS000075C7E0_9606
ACTB,G3BP1
ACTB,KDM4D
ACTB,CDH2
ACTB,CENPH
ACTB,SLC7A2
ACTB,HJURP
ACTB,URS000050DE77_9606
ACTB,AR
ACTB,ndc80_human-1
ACTB,CIMAP1C
ACTB,VPS4B
ACTB,MBD1
ACTB,ATP1B1
ACTB,EVX1
ACTB,TRADD
ACTB,TBC1D5
ACTB,TAMALIN
ACTB,TNS2
ACTB,ATP8A1
ACTB,COL13A1
ACTB,SPA17
ACTB,NEB
ACTB,PCDHB4
ACTB,MYH9
ACTB,CYP3A4
ACTB,GRIK1
ACTB,SERPINB3
ACTB,APBA1
ACTB,PRX
ACTB,CD3E
ACTB,CDH10
ACTB,WIPI2
ACTB,KCNH1
ACTB,PPP2R1A
ACTB,TNR
ACTB,SYNCRIP
ACTB,PMF1
ACTB,GAK
ACTB,CADM2
ACTB,FNBP1
ACTB,INSC
ACTB,TSTD1
ACTB,GBP1
ACTB,CBLN1
ACTB,SLC6A1
ACTB,PRKAR2A
ACTB,BCR
ACTB,DARS1
ACTB,URS00000B1B47_9606
ACTB,ATP6V0C
ACTB,IGKV1D-33
ACTB,TRPC4
ACTB,STXBP2
ACTB,SHROOM4
ACTB,PRKACA
ACTB,SYT7
ACTB,MARK2
ACTB,CFAP418
ACTB,RAD1
ACTB,EZR
ACTB,NPY4R
ACTB,RAB11FIP2
ACTB,CACNG7
ACTB,MFF
ACTB,SLC9A1
ACTB,KLHL22
ACTB,SLC29A3
ACTB,URS0000315B13_9606
ACTB,RGS5
ACTB,RAB5A
ACTB,SRRT
ACTB,COL6A3
ACTB,F13B
ACTB,GPC2
ACTB,MAPK8IP2
ACTB,SASH1
ACTB,NOMO2
ACTB,PARN
ACTB,PXN
ACTB,EFEMP2
ACTB,NRTN
ACTB,MCMBP
ACTB,RNF13
ACTB,RGS14
ACTB,NEK2
ACTB,APOL4
ACTB,CCDC88A
ACTB,AGTPBP1
ACTB,CYP2C8
ACTB,H4C1
ACTB,MISP
ACTB,HOMER2
ACTB,CHEK1
ACTB,CYP2D7
ACTB,HNRNPF
ACTB,MYO19
ACTB,F11R
ACTB,FOXA2
ACTB,ZNF804A
ACTB,ARSJ
ACTB,RPL21
ACTB,AP1M2
ACTB,CHAF1B
ACTB,HSPD1
ACTB,NR4A2
ACTB,TEK
ACTB,PDXP
ACTB,CRHR1
ACTB,TARDBP
ACTB,ST18
ACTB,CBX1
ACTB,AP2S1
ACTB,TOR1A
ACTB,TNC
ACTB,GSG1L
ACTB,TRAPPC12
ACTB,IVNS1ABP
ACTB,P4HA2
ACTB,CACNA1A
ACTB,GLRA3
ACTB,PKP2
ACTB,CALR
ACTB,ERLIN2
ACTB,GANAB
ACTB,NLRP2
ACTB,TENM4
ACTB,FOXP3
ACTB,HSPA1L
ACTB,ALOX5
ACTB,NUP107
ACTB,SMC3
ACTB,VILL
ACTB,URS00002373FD_9606
ACTB,IGF1R
ACTB,RAB3A
ACTB,AMPH
ACTB,CRK
ACTB,PARM1
ACTB,PARP1
ACTB,GPM6A
ACTB,IQCA1
ACTB,CENPT
ACTB,MYO1A
ACTB,FOS
ACTB,ZNF326
ACTB,SFT2D1
ACTB,DPF2
ACTB,RIMS2
ACTB,BIRC3
ACTB,PCLO
ACTB,RAB20
ACTB,NEFH
ACTB,TYK2
ACTB,TUT4
ACTB,VAMP7
ACTB,PHF2
ACTB,HRH2
ACTB,ACTA1
ACTB,SYT13
ACTB,HRAS
ACTB,FBXO2
ACTB,SCARB1
ACTB,CASP8
ACTB,TMEM63B
ACTB,URS000040D674_9606
ACTB,RPL12
ACTB,GPR176
ACTB,HNRNPAB
ACTB,MAP6
ACTB,SMARCA4
ACTB,DAZAP1
ACTB,ARFGEF1
ACTB,CHRNA1
ACTB,NPPC
ACTB,CHMP1B
ACTB,DDX1
ACTB,WDR54
ACTB,GAB1
ACTB,HYPK
ACTB,DYNC1LI2
ACTB,RBM4B
ACTB,BSN
ACTB,CDK8
ACTB,C11orf24
ACTB,AHI1
ACTB,MYO7B
ACTB,DENND1A
ACTB,URS00003FE4D4_9606
ACTB,DPF3
ACTB,EFL1
ACTB,ERC1
ACTB,RHOF
ACTB,CAMP
ACTB,CRHBP
ACTB,QKI
ACTB,IGKV3-15
ACTB,WARS1
ACTB,MYH2
ACTB,ITK
ACTB,LPP
ACTB,SNX25
ACTB,TADA1
ACTB,SEPTIN8
ACTB,PALB2
ACTB,H1-8
ACTB,RAB3GAP2
ACTB,PLEC
ACTB,MAPK15
ACTB,CMAHP
ACTB,FASTK
ACTB,CELF5
ACTB,ABI1
ACTB,RUVBL1
ACTB,HEPACAM2
ACTB,NLRP5
ACTB,PSTPIP1
ACTB,NUFIP1
ACTB,HSPA1B
ACTB,ECE1
ACTB,NONO
ACTB,PRSS1
ACTB,SCNN1D
ACTB,H2AP
ACTB,PTPRT
ACTB,F5
ACTB,EGFLAM
ACTB,URS00004023EA_9606
ACTB,CLU
ACTB,SH3BP1
ACTB,NUDCD2
ACTB,TLN1
ACTB,ADAP1
ACTB,SLC8A3
ACTB,CST5
ACTB,URS00004B1671_9606
ACTB,ITSN1
ACTB,CDC42EP1
ACTB,NFYB
ACTB,NPM3
ACTB,SCAF8
ACTB,ILK
ACTB,MYB
ACTB,HPN
ACTB,SLC2A2
ACTB,ANKRD6
ACTB,HBD
ACTB,LMBRD1
ACTB,DLG1
ACTB,NECAB2
ACTB,PLIN5
ACTB,NSMCE1
ACTB,SUGT1
ACTB,COQ6
ACTB,PLCXD3
ACTB,SPPL3
ACTB,PYCARD
ACTB,HSPA13
ACTB,EFNA5
ACTB,PRPH
ACTB,ACADM
ACTB,ALDH3A2
ACTB,FRMPD2
ACTB,TFG
ACTB,USP53
ACTB,PIK3C2A
ACTB,DLD
ACTB,LZTS2
ACTB,ERCC6L2
ACTB,CSNK1A1
ACTB,HAND2
ACTB,RCSD1
ACTB,PSEN2
ACTB,RPL22L1
ACTB,CHRNA7
ACTB,POU2F2
ACTB,FRMD5
ACTB,LRFN5
ACTB,SSX2IP
ACTB,CA13
ACTB,CTNNB1
ACTB,CAT
ACTB,NPTX2
ACTB,ACTN3
ACTB,CIB2
ACTB,PALM
ACTB,RSC1A1
ACTB,CDK9
ACTB,CORO1B
ACTB,PSME3IP1
ACTB,TRIM67
ACTB,HRG
ACTB,H1-6
ACTB,TEC
ACTB,WNK3
ACTB,KCNAB2
ACTB,SYT5
ACTB,LFNG
ACTB,GABRA4
ACTB,STAM
ACTB,RGS6
ACTB,SOCS1
ACTB,PLEKHG6
ACTB,LPAR1
ACTB,H2BN1
ACTB,YAP1
ACTB,DOC2B
ACTB,DGCR8
ACTB,CD74
ACTB,SMAD1
ACTB,ALOX15B
ACTB,SRP68
ACTB,MYADM
ACTB,APBA2
ACTB,SLC6A2
ACTB,HPX
ACTB,CFHR2
ACTB,RIPK1
ACTB,GLRA2
ACTB,H2BK1
ACTB,P3H1
ACTB,URS000005CF5F_9606
ACTB,VSIG4
ACTB,MBD3
ACTB,HNRNPL
ACTB,PMIS2
ACTB,UNC80
ACTB,ITGBL1
ACTB,USP7
ACTB,CNIH2
ACTB,gluk1-gluk1_human-1
ACTB,ACTBL2
ACTB,SCARB2
ACTB,RNF125
ACTB,TRAPPC2L
ACTB,NOX1
ACTB,FRAT1
ACTB,PSMD10
ACTB,ADAM2
ACTB,APBB2
ACTB,MAP1LC3B
ACTB,CDH6
ACTB,SCRIB
ACTB,KLHL20
ACTB,TGM2
ACTB,PABPC3
ACTB,MAST1
ACTB,CAPZA2
ACTB,HACL1
ACTB,NRSN2
ACTB,ENAH
ACTB,CD151
ACTB,MIS12
ACTB,MYO15A
ACTB,PTPN6
ACTB,LRFN3
ACTB,STX7
ACTB,MVB12A
ACTB,TES
ACTB,RBBP8
ACTB,WASF1
ACTB,ACTR3B
ACTB,CFAP298
ACTB,SP3
ACTB,DISC1
ACTB,NETO1
ACTB,DCP2
ACTB,DYNC1I1
ACTB,TRAPPC4
ACTB,PDLIM4
ACTB,TOP2A
ACTB,UBE3A
ACTB,DESI1
ACTB,RIMBP2
ACTB,STOML3
ACTB,EPN3
ACTB,DAPK2
ACTB,HSP90AA4P
ACTB,BACE1
ACTB,TMEM147
ACTB,COPB1
ACTB,UACA
ACTB,FGA
ACTB,GAP43
ACTB,gluk1-gluk3-gluk5_human
ACTB,A2M
ACTB,PCDH12
ACTB,FTO
ACTB,HOXA11
ACTB,SNX9
ACTB,CASP4
ACTB,URS000075D6B0_9606
ACTB,SH3GL1
ACTB,GRP
ACTB,IGLC2
ACTB,DDX53
ACTB,kin-ska_human
ACTB,SNX16
ACTB,PRELP
ACTB,DNPEP
ACTB,SOD1
ACTB,PLD1
ACTB,STX8
ACTB,DDN
ACTB,ADAM11
ACTB,EIF6
ACTB,CDH12
ACTB,RYR2
ACTB,CCZ1
ACTB,PTPN3
ACTB,JMY
ACTB,ABITRAM
ACTB,ARF6
ACTB,EPHA3
ACTB,TNS1
ACTB,NTNG1
ACTB,PLEKHA2
ACTB,RAPGEF3
ACTB,NDN
ACTB,ARPC5L
ACTB,GABRD
ACTB,SH2B2
ACTB,URS00001CC0F4_9606
ACTB,POLRMT
ACTB,FCN2
ACTB,SCART1
ACTB,TMSB4Y
ACTB,PSTPIP2
ACTB,CHRNB3
ACTB,PTPRZ1
ACTB,FHOD1
ACTB,TOP1
ACTB,gluk2-gluk5_human
ACTB,MPZL1
ACTB,ARPC1A
ACTB,CYFIP1
ACTB,STMN1
ACTB,MBP
ACTB,FTCDNL1
ACTB,HNRNPR
ACTB,YWHAE
ACTB,CD63
ACTB,TNP1
ACTB,CD1B
ACTB,TUBB3
ACTB,DNAJC5
ACTB,PRKCD
ACTB,TENM1
ACTB,FAAP20
ACTB,KIF1B
ACTB,NDE1
ACTB,PAK6
ACTB,LRFN4
ACTB,UBE2D1
ACTB,IGHG2
ACTB,HNRNPA3
ACTB,GNA13
ACTB,USH1G
ACTB,TP53BP2
ACTB,DSCAML1
ACTB,VCPKMT
ACTB,H3-5
ACTB,SLC38A7
ACTB,URS00001F1DA8_9606
ACTB,NOVA1
ACTB,CRYAA
ACTB,URS000075CF0B_9606
ACTB,ERCC6L
ACTB,CTTNBP2NL
ACTB,MYL2
ACTB,NHERF1
ACTB,PLK3
ACTB,TPM2
ACTB,LMOD1
ACTB,DGKG
ACTB,HAO1
ACTB,PA2G4
ACTB,LIMD2
ACTB,RPS13
ACTB,FLG
ACTB,TAF4
ACTB,KIF22
ACTB,GLRB
ACTB,ARHGAP22
ACTB,GRB2
ACTB,ILDR1
ACTB,SNX2
ACTB,KPTN
ACTB,MLLT10
ACTB,GPIHBP1
ACTB,CTSZ
ACTB,PLG
ACTB,HSPB1
ACTB,PRKD1
ACTB,IGKC
ACTB,CX3CR1
ACTB,FZD4
ACTB,SORBS1
ACTB,CYP46A1
ACTB,SYNJ1
ACTB,AKAP8
ACTB,TMX2
ACTB,MICALL2
ACTB,URS0000170CF4_9606
ACTB,VPS26A
ACTB,RAB17
ACTB,CROT
ACTB,TM7SF2
ACTB,SIAH2
ACTB,ZAR1L
ACTB,PKM
ACTB,CLCN4
ACTB,UHMK1
ACTB,POTEF
ACTB,MAP4K4
ACTB,GTF3C1
ACTB,FYCO1
ACTB,EIF4ENIF1
ACTB,PCDHB11
ACTB,PABPC1L2A
ACTB,HK2
ACTB,FBXO45
ACTB,ARHGEF5
ACTB,RNF111
ACTB,SHARPIN
ACTB,UXT
ACTB,ELAVL1
ACTB,BSND
ACTB,PRIMA1
ACTB,TUBB2B
ACTB,CPEB4
ACTB,ZFYVE27
ACTB,SIGLEC15
ACTB,POF1B
ACTB,NKX2-5
ACTB,NCLN
ACTB,NTNG2
ACTB,TMEM91
ACTB,NTF4
ACTB,INPP5K
ACTB,IPP
ACTB,TRAF7
ACTB,GAD2
ACTB,PKP4
ACTB,PKP3
ACTB,H2BW2
ACTB,CHRNE
ACTB,PCSK1
ACTB,SLC6A3
ACTB,GRM3
ACTB,KISS1R
ACTB,DSG1
ACTB,RIN1
ACTB,HINT1
ACTB,SGCB
ACTB,RPS12
ACTB,CLCN7
ACTB,KDM1A
ACTB,H1-3
ACTB,TMPRSS15
ACTB,EIF4A3
ACTB,RNF6
ACTB,H2BC11
ACTB,RRM1
ACTB,SHOX
ACTB,DSCAM
ACTB,CHMP3
ACTB,H2BC12
ACTB,SNX6
ACTB,MREG
ACTB,EPC2
ACTB,ERLIN1
ACTB,CAPN5
ACTB,SMTN
ACTB,SLC8A1
ACTB,CCDC66
ACTB,FKBP15
ACTB,PDGFRA
ACTB,MAP9
ACTB,L1CAM
ACTB,LASP1
ACTB,PEG10
ACTB,CIR1
ACTB,GAA
ACTB,STAU1
ACTB,SMARCD1
ACTB,RADIL
ACTB,CCDC85A
ACTB,PINK1
ACTB,FRMD6
ACTB,NECTIN3
ACTB,CTSA
ACTB,NEFM
ACTB,TEPSIN
ACTB,MYO5A
ACTB,NIPBL
ACTB,SAMD4A
ACTB,ZC3H12C
ACTB,SLC1A6
ACTB,MYH14
ACTB,VAMP1
ACTB,gluk1-gluk2-gluk3-gluk5_human
ACTB,CRYAB
ACTB,TRUB2
ACTB,SNX27
ACTB,UBA52
ACTB,FMR1
ACTB,ARRB2
ACTB,URS000029C2DC_9606
ACTB,HSP90AB4P
ACTB,NEDD4
ACTB,CFTR
ACTB,TPM3
ACTB,RPS11
ACTB,BMPR2
ACTB,JAKMIP1
ACTB,GJB4
ACTB,EFNB2
ACTB,PPP5C
ACTB,RPL6
ACTB,IQCJ-SCHIP1
ACTB,scribble_human-6
ACTB,STN1
ACTB,ABCA12
ACTB,ANXA5
ACTB,IMPG2
ACTB,COBL
ACTB,SLC1A3
ACTB,MAPRE2
ACTB,IGHV3-7
ACTB,PTN
ACTB,CX3CL1
ACTB,ATP11A
ACTB,TNK2
ACTB,MORC2
ACTB,DYRK3
ACTB,ACTR10
ACTB,HTR3D
ACTB,C1QC
ACTB,GDI1
ACTB,NFE4
ACTB,CPSF4
ACTB,PAK5
ACTB,AICDA
ACTB,DDB2
ACTB,DGAT2
ACTB,SLC1A4
ACTB,GARS1
ACTB,PTPRR
ACTB,PIH1D2
ACTB,GYS2
ACTB,gluk2_human-1
ACTB,CD81
ACTB,NCOR2
ACTB,C3
ACTB,BCAR1
ACTB,RPS3
ACTB,SRPK1
ACTB,CD274
ACTB,MRI1
ACTB,URS0000155642_9606
ACTB,URS000075D95B_9606
ACTB,SVBP
ACTB,PPP3CA
ACTB,KLHL41
ACTB,PMEPA1
ACTB,SYBU
ACTB,HAPLN4
ACTB,DGKH
ACTB,CELF1
ACTB,MUC4
ACTB,CCDC146
ACTB,RAB29
ACTB,ANO1
ACTB,BRAF
ACTB,GABRR1
ACTB,SPATA18
ACTB,TMEM47
ACTB,BMP7
ACTB,GRB14
ACTB,HES1
ACTB,COMT
ACTB,BOD1L2
ACTB,CFHR1
ACTB,URS0000521832_9606
ACTB,NCL
ACTB,AJM1
ACTB,COMP
ACTB,DGKE
ACTB,C15orf62
ACTB,ELAVL4
ACTB,CYB5D1
ACTB,NPY6R
ACTB,S100A11
ACTB,RPL9
ACTB,gabbr_r1_r2_human
ACTB,SOX9
ACTB,EPHB1
ACTB,CPEB1
ACTB,ORM2
ACTB,TNP2
ACTB,NOP16
ACTB,ROR1
ACTB,ANXA1
ACTB,NUDT9
ACTB,SLURP2
ACTB,C1QL1
ACTB,IRS1
ACTB,RPS2
ACTB,HNRNPUL1
ACTB,LRRC10
ACTB,ILF3
ACTB,CALY
ACTB,MYC
ACTB,C1R
ACTB,NR0B2
ACTB,FRMPD4
ACTB,KIF1C
ACTB,EIF4G3
ACTB,CALM2
ACTB,XIRP1
ACTB,H2AC18
ACTB,HTR1B
ACTB,COL6A2
ACTB,WDFY2
ACTB,KNSTRN
ACTB,CST4
ACTB,SLC27A5
ACTB,F7
ACTB,UTRN
ACTB,MYO1F
ACTB,VAMP3
ACTB,LRP6
ACTB,BAALC
ACTB,LLGL1
ACTB,SPC25
ACTB,ERG
ACTB,LAMP2
ACTB,TMSB15B
ACTB,TRIP4
ACTB,GSK3A
ACTB,ODF2
ACTB,AJAP1
ACTB,ELAVL2
ACTB,FAM72C
ACTB,NDFIP1
ACTB,RPLP1
ACTB,ACTA2
ACTB,GPC6
ACTB,GRK2
ACTB,LIG1
ACTB,AQP10
ACTB,PTPN9
ACTB,MYLIP
ACTB,C1QA
ACTB,SLC5A1
ACTB,RFX1
ACTB,NRBP1
ACTB,KLHL5
ACTB,COL17A1
ACTB,POLE2
ACTB,MAP3K14
ACTB,SMOX
ACTB,AP3S2
ACTB,ARPC4
ACTB,MRPL55
ACTB,GRIP1
ACTB,FLII
ACTB,ARHGAP19
ACTB,G2E3
ACTB,AHCTF1
ACTB,DNM1L
ACTB,RAPH1
ACTB,ADCY1
ACTB,PIK3R4
ACTB,ATXN7
ACTB,L1RE1
ACTB,MSL3B
ACTB,SACS
ACTB,CDC42SE2
ACTB,MORF4L1
ACTB,ESRP1
ACTB,WDR1
ACTB,ORM1
ACTB,ACTL8
ACTB,KIF1A
ACTB,NCAPH2
ACTB,LRRC7
ACTB,RCHY1
ACTB,MCOLN1
ACTB,TRIM29
ACTB,GNB1
ACTB,SFXN4
ACTB,DCC
ACTB,LPAR3
ACTB,CACNG5
ACTB,PDCL3
ACTB,TULP1
ACTB,DAB2IP
ACTB,CLIP1
ACTB,SMAGP
ACTB,SBF2
ACTB,FGF13
ACTB,DOCK7
ACTB,ITPKA
ACTB,HTR3C
ACTB,PEX11B
ACTB,C9
ACTB,RPL19
ACTB,CNTNAP4
ACTB,PALLD
ACTB,CABYR
ACTB,CRKL
ACTB,H2BC12L
ACTB,COL4A3
ACTB,BICRA
ACTB,DLGAP4
ACTB,GNAI2
ACTB,SECISBP2L
ACTB,H2AC7
ACTB,NCAN
ACTB,URS00005070A9_9606
ACTB,OPRK1
ACTB,RAB5B
ACTB,AMACR
ACTB,IGKV3-20
ACTB,RAB11A
ACTB,UHRF1
ACTB,DAZAP2
ACTB,PPFIBP1
ACTB,gabar_a6_b3_delta_human
ACTB,LAMTOR5
ACTB,PARD3
ACTB,ECT2
ACTB,ATP8A2
ACTB,SLC7A1
ACTB,FERMT3
ACTB,SETX
ACTB,PEAR1
ACTB,EP300
ACTB,CYFIP2
ACTB,ESAM
ACTB,RND3
ACTB,FKBP4
ACTB,IRF4
ACTB,CYP2B6
ACTB,DIAPH2
ACTB,URS000030BD69_9606
ACTB,CNTN5
ACTB,WNT7A
ACTB,PDYN
ACTB,FGD2
ACTB,DOK7
ACTB,SIGMAR1
ACTB,MIER1
ACTB,CDH11
ACTB,INPP5F
ACTB,PLEKHG4B
ACTB,PDXDC2P
ACTB,PRELID1
ACTB,URS00004176D4_9606
ACTB,NFYC
ACTB,BRSK1
ACTB,PEX11A
ACTB,DOCK10
ACTB,RDX
ACTB,NME2
ACTB,PHACTR1
ACTB,CALD1
ACTB,URS000025576D_9606
ACTB,OSBPL5
ACTB,DENND1B
ACTB,MARCHF1
ACTB,HEATR5B
ACTB,SYNPO2
ACTB,PRAM1
ACTB,CMYA5
ACTB,IGF2BP2
ACTB,IGKV1D-12
ACTB,ABCB9
ACTB,ACTN1
ACTB,OGN
ACTB,RND1
ACTB,THG1L
ACTB,VPS18
ACTB,ZC3H18
ACTB,ANKRD27
ACTB,URS0000164F91_9606
ACTB,CST2
ACTB,HNF1A
ACTB,CAPZA3
ACTB,ELMOD3
ACTB,SMN1
ACTB,KCTD16
ACTB,CD69
ACTB,BRCA1
ACTB,FIRRM
ACTB,CREBBP
ACTB,PRDM14
ACTB,MVP
ACTB,RASIP1
ACTB,RPL28
ACTB,FERMT1
ACTB,ANKS4B
ACTB,TOPBP1
ACTB,nlgn1+a+b-nrxn1beta-ss4_human
ACTB,H2AC20
ACTB,FXYD6
ACTB,NEDD9
ACTB,HMCN1
ACTB,BRK1
ACTB,TWF1
ACTB,SPAG4
ACTB,DGKQ
ACTB,EIF2S2
ACTB,SLC39A2
ACTB,par_human-1
ACTB,GJA1
ACTB,NCAM2
ACTB,CDCA3
ACTB,KRT12
ACTB,DVL1
ACTB,TAC1
ACTB,FMO3
ACTB,HTR7
ACTB,NRN1L
ACTB,CLNK
ACTB,SPRY4
ACTB,ICAM1
ACTB,LY6G5B
ACTB,PCDHB5
ACTB,PCDHB2
ACTB,PLP1
ACTB,RPS7
ACTB,RAP1A
ACTB,CDC42EP3
ACTB,TNKS1BP1
ACTB,CFH
ACTB,TCAF2C
ACTB,LBH
ACTB,RPL13A
ACTB,RBM12
ACTB,CDC42BPB
ACTB,PTEN
ACTB,PLA2G4F
ACTB,RNASEL
ACTB,TMOD3
ACTB,NOS1
ACTB,SRC
ACTB,KLC2
ACTB,SAMD9
ACTB,RPL34
ACTB,RAD54L
ACTB,DHX36
ACTB,RAB23
ACTB,scribble_human-3
ACTB,ATG9A
ACTB,SLF1
ACTB,NPHP1
ACTB,SLC29A1
ACTB,CYP2C19
ACTB,EVL
ACTB,MIOS
ACTB,FASTKD3
ACTB,DPP4
ACTB,RETREG3
ACTB,NPHP4
ACTB,PCCA
ACTB,ADAM23
ACTB,ANKS1A
ACTB,RELA
ACTB,PHF5A
ACTB,XPC
ACTB,ANKRD23
ACTB,MSL3
ACTB,VRK3
ACTB,PTPRF
ACTB,SFT2D3
ACTB,BEGAIN
ACTB,CEBPA
ACTB,PON1
ACTB,DNTT
ACTB,CARD9
ACTB,TASL
ACTB,HRH3
ACTB,RSU1
ACTB,gluk1-gluk2-gluk4_human
ACTB,DENND1C
ACTB,EIF4E
ACTB,CAPN2
ACTB,FLNB
ACTB,BCL3
ACTB,STX3
ACTB,EIF3I
ACTB,RPS6KL1
ACTB,PICALM
ACTB,HAT1
ACTB,NUP133
ACTB,URS0000010D30_9606
ACTB,ERMN
ACTB,OPHN1
ACTB,HTR1D
ACTB,PEX19
ACTB,KLHL17
ACTB,VAMP8
ACTB,CAV3
ACTB,EGR3
ACTB,PORCN
ACTB,MORF4L2
ACTB,PTPRN2
ACTB,KIF18A
ACTB,CFAP47
ACTB,BCHE
ACTB,RPL30
ACTB,IKZF4
ACTB,MTCL1
ACTB,NTRK2
ACTB,URS00005C2E31_9606
ACTB,CPSF2
ACTB,CDC42BPG
ACTB,SLC35F6
ACTB,TENM3
ACTB,RPL7
ACTB,FRMD4A
ACTB,abeta-40-42-oligomer_human
ACTB,PARD3B
ACTB,RUFY3
ACTB,CARMIL1
ACTB,KCNK1
ACTB,LSM14B
ACTB,LRRTM3
ACTB,MARCKSL1
ACTB,CMTR1
ACTB,MOV10
ACTB,NIBAN2
ACTB,SLC6A4
ACTB,RBM10
ACTB,IL1RAP
ACTB,ATP6V0A1
ACTB,YWHAB
ACTB,SERPINA1
ACTB,UPF3A
ACTB,PEAK1
ACTB,COQ4
ACTB,USP33
ACTB,SPATA13
ACTB,FGD6
ACTB,SMO
ACTB,THSD7A
ACTB,URS000075BC79_9606
ACTB,DRG2
ACTB,RTN4RL1
ACTB,RGS9
ACTB,SQSTM1
ACTB,TCF12
ACTB,CD99L2
ACTB,LAMA5
ACTB,IGLV3-21
ACTB,CHD4
ACTB,FRS2
ACTB,ARHGAP33
ACTB,POU4F1
ACTB,NTF3
ACTB,HCFC1
ACTB,ALKBH6
ACTB,MORC3
ACTB,NCOA1
ACTB,CPNE6
ACTB,HSPA2
ACTB,SHROOM2
ACTB,P3H3
ACTB,KCNA3
ACTB,OOEP
ACTB,KNTC1
ACTB,HEG1
ACTB,DNAAF4
ACTB,PURA
ACTB,CLDN25
ACTB,DAO
ACTB,RPLP2
ACTB,DCTN2
ACTB,NLRC3
ACTB,RAP1GAP
ACTB,PKD2L1
ACTB,SYT4
ACTB,SSTR3
ACTB,STXBP1
ACTB,CBLN4
ACTB,BAG6
ACTB,C8A
ACTB,PPFIA3
ACTB,FFAR2
ACTB,DIO3
ACTB,KLHL2
ACTB,HTR4
ACTB,SGO1
ACTB,KRT23
ACTB,PABPC4
ACTB,MTSS1
ACTB,VAC14
ACTB,TGFB3
ACTB,EYA1
ACTB,escrt-iii_human
ACTB,CRYBG3
ACTB,H1-2
ACTB,ATOH7
ACTB,GPRC5C
ACTB,SNX31
ACTB,IFIT5
ACTB,DLG5
ACTB,LHX1
ACTB,RPS6KA4
ACTB,PIP5K1A
ACTB,PRR7
ACTB,H2BC3
ACTB,ECSCR
ACTB,TF
ACTB,CHRNA6
ACTB,AP1S3
ACTB,URS000059273E_9606
ACTB,GJC1
ACTB,KIF2C
ACTB,ZNF350
ACTB,KCNC1
ACTB,SSTR2
ACTB,IGLV1-47
ACTB,OLFM1
ACTB,OTX2
ACTB,SHC1
ACTB,CGN
ACTB,ROBO1
ACTB,RPS6KA2
ACTB,NCOA3
ACTB,MYO6
ACTB,PADI4
ACTB,MYOZ1
ACTB,JRK
ACTB,RPS21
ACTB,RPS10
ACTB,HEPACAM
ACTB,SLC6A7
ACTB,NUF2
ACTB,FXR2
ACTB,WASF2
ACTB,TMSB4X
ACTB,CBLN3
ACTB,MDM2
ACTB,MEFV
ACTB,WDR5
ACTB,H2AC12
ACTB,PCDH1
ACTB,GNA11
ACTB,GJD2
ACTB,NLGN2
ACTB,PMCH
ACTB,TMEM216
ACTB,BMP5
ACTB,KHDRBS1
ACTB,SARM1
ACTB,GOPC
ACTB,RPL15
ACTB,PLS1
ACTB,CR1
ACTB,MAPRE1
ACTB,STX2
ACTB,IQGAP3
ACTB,CSH1
ACTB,IGKV3-11
ACTB,MARCHF3
ACTB,PPP1R13L
ACTB,AAK1
ACTB,RGS12
ACTB,DNM1
ACTB,COX11
ACTB,RPL27
ACTB,DSC3
ACTB,SNU13
ACTB,DUSP29
ACTB,S1PR1
ACTB,RFX5
ACTB,KAT6B
ACTB,KRT25
ACTB,STX12
ACTB,ZDHHC5
ACTB,ADRA2A
ACTB,MDC1
ACTB,PRKAR1B
ACTB,RAET1G
ACTB,PDSS1
ACTB,AFAP1
ACTB,IQCG
ACTB,ADAM22
ACTB,SNX15
ACTB,CCM2
ACTB,VAMP2
ACTB,ABLIM3
ACTB,CCDC93
ACTB,CASK
ACTB,NR3C1
ACTB,ZC3H12B
ACTB,ALS2
ACTB,ap3b_s3b_human
ACTB,FOXI1
ACTB,PRSS12
ACTB,WAPL
ACTB,CACNG4
ACTB,ARC
ACTB,ABCA13
ACTB,DPF1
ACTB,POTEKP
ACTB,AMTN
ACTB,HACD3
ACTB,RPL18
ACTB,gluk1-gluk2-gluk5_human
ACTB,RAD51C
ACTB,MEF2B
ACTB,SSH1
ACTB,MRPL10
ACTB,HBE1
ACTB,DCTN4
ACTB,SH3PXD2A
ACTB,RPS14
ACTB,PTPRK
ACTB,SLC7A5
ACTB,GAS2L2
ACTB,ANKK1
ACTB,NOX4
ACTB,DCLK2
ACTB,RAC2
ACTB,RANGAP1
ACTB,KRT18
ACTB,ATP12A
ACTB,P3H2
ACTB,BIN3
ACTB,HMCN2
ACTB,H3Y1
ACTB,EVA1A
ACTB,URS0000324096_9606
ACTB,KCNJ10
ACTB,ATRAID
ACTB,KCNMB4
ACTB,PACSIN2
ACTB,ATP23
ACTB,PTPN13
ACTB,ITGA2B
ACTB,ARAP1
ACTB,URS0000010C72_9606
ACTB,VPS4A
ACTB,ARL2
ACTB,ATP2B2
ACTB,CNTN2
ACTB,HSPB7
ACTB,ITPR1
ACTB,SGCD
ACTB,TCAF2
ACTB,VWC2L
ACTB,CATIP
ACTB,CPEB2
ACTB,STRADA
ACTB,CYP2C9
ACTB,ACTR6
ACTB,AGO4
ACTB,CYP39A1
ACTB,KRT14
ACTB,TMSB15C
ACTB,MACF1
ACTB,CLN6
ACTB,SNCB
ACTB,TDRD5
ACTB,STAT1
ACTB,MUC1
ACTB,TEAD2
ACTB,DAZ1
ACTB,SERPINC1
ACTB,RBMS3
ACTB,scribble_human-4
ACTB,IGF2BP1
ACTB,MAN2B1
ACTB,FGD4
ACTB,AKAP8L
ACTB,LARP6
ACTB,MYO1B
ACTB,scribble_human-8
ACTB,HTRA2
ACTB,UFL1
ACTB,WDFY1
ACTB,SPINK5
ACTB,RDH5
ACTB,APOL1
ACTB,ATP1A2
ACTB,KCNJ11
ACTB,MAPKAPK5
ACTB,FASTKD1
ACTB,ITGA2
ACTB,GFRAL
ACTB,GDF11
ACTB,CACNA1G
ACTB,INF2
ACTB,HCN3
ACTB,CBL
ACTB,DNMBP
ACTB,PATJ
ACTB,IFT56
ACTB,RO60
ACTB,DDX17
ACTB,SORBS2
ACTB,DNAJB1
ACTB,KIF21A
ACTB,KIF9
ACTB,PAK4
ACTB,CDHR3
ACTB,BEST1
ACTB,ITGB7
ACTB,LMTK3
ACTB,SEM1
ACTB,PHF10
ACTB,KLRG1
ACTB,CGRRF1
ACTB,PDCD6IP
ACTB,TAGLN3
ACTB,SCN11A
ACTB,CACNB4
ACTB,POU2F1
ACTB,SKI
ACTB,LGALS3BP
ACTB,SLC24A4
ACTB,SAXO1
ACTB,HSD11B2
ACTB,SLC1A2
ACTB,LRP1
ACTB,ID2
ACTB,STK4
ACTB,FAM241A
ACTB,SH3PXD2B
ACTB,PARK7
ACTB,ESR2
ACTB,KANK3
ACTB,PEX5
ACTB,GPRC5A
ACTB,PSD2
ACTB,CHMP2B
ACTB,TRRAP
ACTB,PDLIM3
ACTB,GNAQ
ACTB,TDRD1
ACTB,MAEA
ACTB,FGFR3
ACTB,RPS6KB1
ACTB,SAXO2
ACTB,H2AB2
ACTB,SPPL2A
ACTB,MAPK1
ACTB,CASR
ACTB,SYT1
ACTB,CENPC
ACTB,SMC1A
ACTB,ANLN
ACTB,anxa2-s100a10-smarca3_human
ACTB,APOBEC3F
ACTB,ASF1A
ACTB,A3GALT2
ACTB,MPP4
ACTB,CIC
ACTB,CSTF2T
ACTB,JMJD6
ACTB,LSM1
ACTB,ARPC1B
ACTB,PRM3
ACTB,RPS15A
ACTB,CADM1
ACTB,FBLN2
ACTB,ING5
ACTB,P4HA1
ACTB,KLF6
ACTB,PPT1
ACTB,CFAP57
ACTB,ACTR3
ACTB,POLI
ACTB,POTEI
ACTB,URS00003E6479_9606
ACTB,SLC2A4
ACTB,PADI3
ACTB,GABBR1
ACTB,ACSM1
ACTB,LCP2
ACTB,STAG1
ACTB,FARP2
ACTB,BBS2
ACTB,NR4A1
ACTB,SHISA7
ACTB,ANGPT2
ACTB,PRKAR2B
ACTB,VEZT
ACTB,EIF3L
ACTB,PAX2
ACTB,RRAS2
ACTB,CLEC16A
ACTB,GMCL2
ACTB,INPP5D
ACTB,FIS1
ACTB,PRODH
ACTB,RPL23
ACTB,TMPRSS13
ACTB,CDT1
ACTB,SLC30A1
ACTB,SLC12A2
ACTB,GABRB2
ACTB,PIP4K2C
ACTB,ACTL6B
ACTB,AURKB
ACTB,KAT2A
ACTB,RPL13
ACTB,DENND4C
ACTB,PARD6G
ACTB,RPL10A
ACTB,URS000075A2F8_9606
ACTB,DLG4
ACTB,LMO7
ACTB,CFAP157
ACTB,CPLX2
ACTB,SEC13
ACTB,ZNF827
ACTB,PTPRN
ACTB,VPS72
ACTB,AMER1
ACTB,AZU1
ACTB,HMGB2
ACTB,ITPKB
ACTB,CSF2
ACTB,DNAJC3
ACTB,SMARCA1
ACTB,STMN2
ACTB,DSN1
ACTB,YBX3
ACTB,NEIL2
ACTB,RHO
ACTB,HSP90B1
ACTB,VASP
ACTB,EVC2
ACTB,LRRC4B
ACTB,MPP1
ACTB,P2RX7
ACTB,SLC6A13
ACTB,ZNF207
ACTB,NCS1
ACTB,PRP4K
ACTB,VTI1B
ACTB,ITGA3
ACTB,CHMP4C
ACTB,CEP76
ACTB,QPRT
ACTB,BCL7C
ACTB,RGP1
ACTB,GRM4
ACTB,NOD2
ACTB,GLYR1
ACTB,PCP4
ACTB,RAB33B
ACTB,SYMPK
ACTB,RABEPK
ACTB,EEF1AKMT3
ACTB,NETO2
ACTB,URS00001234DF_9606
ACTB,KRT16
ACTB,MPP2
ACTB,TTYH1
ACTB,CHRM3
ACTB,LDB3
ACTB,CDH7
ACTB,TRIM28
ACTB,RNF10
ACTB,FABP1
ACTB,RHOU
ACTB,CD46
ACTB,CHRNB2
ACTB,MPLKIP
ACTB,PABPC1L
ACTB,CLRN1
ACTB,ERCC8
ACTB,PLCB3
ACTB,CLDN5
ACTB,NMNAT2
ACTB,DECR1
ACTB,RASGRF1
ACTB,GTF2A2
ACTB,MPRIP
ACTB,PITPNM1
ACTB,FGD5
ACTB,PPIH
ACTB,SLC34A1
ACTB,TSPAN4
ACTB,H3-7
ACTB,ZAR1
ACTB,XAB2
ACTB,TAGLN2
ACTB,P3H4
ACTB,ODAM
ACTB,H4C7
ACTB,RNF168
ACTB,GDPD2
ACTB,SYNDIG1L
ACTB,APPL2
ACTB,CDHR2
ACTB,DOLPP1
ACTB,CCZ1B
ACTB,CPLX1
ACTB,STK11
ACTB,GBA3
ACTB,PCDHB16
ACTB,RNF19A
ACTB,ARHGEF18
ACTB,RSPH10B2
ACTB,LPAR4
ACTB,MICAL2
ACTB,TGFB1I1
ACTB,GRIA1
ACTB,CEP89
ACTB,A0A1B0GTQ1
ACTB,RBM39
ACTB,SS18L1
ACTB,CAVIN1
ACTB,LIN7C
ACTB,IFT172
ACTB,HSP90AB1
ACTB,COG7
ACTB,MARK1
ACTB,DRC12
ACTB,NDC80
ACTB,RPS4X
ACTB,CHRNB1
ACTB,acpc_human
ACTB,RHOB
ACTB,RBBP4
ACTB,NCOA2
ACTB,H2AL1Q
ACTB,PSMC5
ACTB,ADA
ACTB,PIAS4
ACTB,NAT9
ACTB,RGS9BP
ACTB,CYP2D6
ACTB,TLE6
ACTB,DCTN3
ACTB,CPN2
ACTB,LLGL2
ACTB,EPS15
ACTB,NPS
ACTB,PIP5KL1
ACTB,GRID2
ACTB,GPLD1
ACTB,GRIN1
ACTB,PHACTR4
ACTB,SCARF2
ACTB,GABARAP
ACTB,NUP43
ACTB,ASPSCR1
ACTB,GABRG3
ACTB,STXBP6
ACTB,ITIH1
ACTB,SYT10
ACTB,SSH2
ACTB,CHAMP1
ACTB,TAF5L
ACTB,IGKV4-1
ACTB,MRPL41
ACTB,GJB3
ACTB,LRP2
ACTB,RBBP6
ACTB,DPYSL5
ACTB,XPOT
ACTB,KPNA1
ACTB,CLNS1A
ACTB,CLDN18
ACTB,STAG2
ACTB,CAVIN3
ACTB,par_human-2
ACTB,DGKZ
ACTB,PCM1
ACTB,HOXC5
ACTB,TRPM1
ACTB,GAPT
ACTB,SPARC
ACTB,JAM2
ACTB,CLDN3
ACTB,SYT8
ACTB,FRMPD1
ACTB,ERGIC2
ACTB,ARHGAP6
ACTB,MEF2C
ACTB,MBTD1
ACTB,VSTM5
ACTB,DLGAP2
ACTB,TIAM2
ACTB,FSCN1
ACTB,MADD
ACTB,CYP1A1
ACTB,HNRNPCL2
ACTB,CRH
ACTB,INTS11
ACTB,gabar_a1_b2_g2_human
ACTB,URS0000149452_9606
ACTB,CTSG
ACTB,TRIO
ACTB,CASP1
ACTB,H1-0
ACTB,HNRNPA2B1
ACTB,RAB3IP
ACTB,KCNN1
ACTB,NPBWR1
ACTB,UPK1A
ACTB,GHRHR
ACTB,KIF4A
ACTB,TCTE1
ACTB,RRAGD
ACTB,KLHL3
ACTB,HIP1
ACTB,ADORA3
ACTB,RPL13AP3
ACTB,CPS1
ACTB,NSG1
ACTB,TICAM2
ACTB,NR0B1
ACTB,ADGRB1
ACTB,AURKAIP1
ACTB,BLNK
ACTB,PROM1
ACTB,BCL7A
ACTB,TMBIM1
ACTB,HEXD
ACTB,PPM1F
ACTB,ECI2
ACTB,NEK6
ACTB,YES1
ACTB,IKBKG
ACTB,RPS15
ACTB,S100A9
ACTB,MTPN
ACTB,SLC17A8
ACTB,CLDN1
ACTB,PGLYRP3
ACTB,AP2M1
ACTB,PSMA3
ACTB,TMEM151A
ACTB,OLR1
ACTB,FAM72B
ACTB,RB1
ACTB,SYNGAP1
ACTB,JADE1
ACTB,EIF1AD
ACTB,SLC29A4
ACTB,UCN3
ACTB,URS00003BBF48_9606
ACTB,EPB42
ACTB,CENPF
ACTB,FABP5
ACTB,GRIN2D
ACTB,ZNF177
ACTB,DSTN
ACTB,PPP3CC
ACTB,PPP3CB
ACTB,VHL
ACTB,CCDC134
ACTB,MAP1B
ACTB,MKRN3
ACTB,CCSAP
ACTB,AJUBA
ACTB,DSTYK
ACTB,MBD2
ACTB,URS000075B0F6_9606
ACTB,EPPIN
ACTB,FLOT1
ACTB,EPRS1
ACTB,RUNX1T1
ACTB,OVGP1
ACTB,PTPRJ
ACTB,QTRT1
ACTB,GABRA3
ACTB,FLNA
ACTB,PTCHD1
ACTB,LMOD3
ACTB,SPESP1
ACTB,PACSIN1
ACTB,ZNRF1
ACTB,MFGE8
ACTB,NHERF2
ACTB,NCSTN
ACTB,arp2_3_human-3
ACTB,KRT37
ACTB,NSL1
ACTB,KRT9
ACTB,CNTN1
ACTB,ADGRA2
ACTB,PARP9
ACTB,PARD6B
ACTB,SEC16B
ACTB,YIF1A
ACTB,GHR
ACTB,BORCS5
ACTB,SEMA3A
ACTB,SSB
ACTB,AGTRAP
ACTB,PBRM1
ACTB,SEPTIN11
ACTB,AQP9
ACTB,NCKAP1
ACTB,HLA-DPA1
ACTB,PML
ACTB,AURKC
ACTB,CCK
ACTB,CYP4A22
ACTB,IGKV1-39
ACTB,CNN2
ACTB,PTPN5
ACTB,ARMC8
ACTB,VDAC3
ACTB,HTR2C
ACTB,ATN1
ACTB,ABR
ACTB,COL6A1
ACTB,KIF4B
ACTB,NUMB
ACTB,SPRN
ACTB,TENM2
ACTB,PPP3R1
ACTB,SCIN
ACTB,IGKV2-30
ACTB,WNT2B
ACTB,IPO4
ACTB,SNX4
ACTB,CLCN6
ACTB,GUCY1B1
ACTB,YWHAH
ACTB,SH3GLB1
ACTB,GNB5
ACTB,KNG1
ACTB,PLEKHN1
ACTB,ARHGEF2
ACTB,ITGA4
ACTB,ADGRL1
ACTB,POLDIP3
ACTB,MTA1
ACTB,URS00002E857A_9606
ACTB,CASP9
ACTB,HLA-DMB
ACTB,NACC1
ACTB,CDH3
ACTB,SLCO5A1
ACTB,UBQLN4
ACTB,URS00002075FA_9606
ACTB,CNKSR1
ACTB,PDZD2
ACTB,H2BC5
ACTB,NOTCH1
ACTB,MYO1G
ACTB,PRAG1
ACTB,HCAR3
ACTB,ATF4
ACTB,AKAP7
ACTB,MYLK
ACTB,YIPF3
ACTB,DIAPH1
ACTB,VEGFA
ACTB,ABRA
ACTB,ITGA8
ACTB,JADE3
ACTB,CYP4F12
ACTB,ZMYND19
ACTB,NPY5R
ACTB,PCDHB3
ACTB,URS00003768C5_9606
ACTB,SLC2A3
ACTB,MGAT1
ACTB,NLGN4X
ACTB,PEX11G
ACTB,CDC42EP5
ACTB,MAPT
ACTB,TBCD
ACTB,GRSF1
ACTB,FRRS1L
ACTB,TAB1
ACTB,FXR1
ACTB,ACTG1
ACTB,FBLN7
ACTB,POTEJ
ACTB,B4GALT2
ACTB,TP53BP1
ACTB,MT3
ACTB,CFAP410
ACTB,SPAST
ACTB,SI
ACTB,RCC1
ACTB,PIH1D1
ACTB,C1QL3
ACTB,SCN8A
ACTB,PFN3
ACTB,CSRP2
ACTB,PROCR
ACTB,FGR
ACTB,NRG1
ACTB,STK36
ACTB,TRMT112
ACTB,PTGDR2
ACTB,SLITRK2
ACTB,ABCA4
ACTB,URS00003F7488_9606
ACTB,TTK
ACTB,ALCAM
ACTB,HP
ACTB,VIM
ACTB,PLOD1
ACTB,RAB11FIP3
ACTB,DHX9
ACTB,GPC1
ACTB,RBMY1C
ACTB,NANOGP8
ACTB,AP3B2
ACTB,GRM7
ACTB,STMND1
ACTB,MYO5B
ACTB,GABRQ
ACTB,GAS7
ACTB,INTS6
ACTB,ATP2B4
ACTB,ICA1
ACTB,TFPT
ACTB,H1-4
ACTB,BLTP1
ACTB,SLC32A1
ACTB,RIPK2
ACTB,MECP2
ACTB,SEPTIN6
ACTB,DOCK5
ACTB,STK39
ACTB,DNAI1
ACTB,ATXN3
ACTB,CDH17
ACTB,SLC6A6
ACTB,HMGA2
ACTB,KRT26
ACTB,BTBD8
ACTB,LRRTM1
ACTB,TCTN2
ACTB,CYP2F1
ACTB,ULBP2
ACTB,GIGYF1
ACTB,HAPLN3
ACTB,RBMS1
ACTB,DAB2
ACTB,gluk1-gluk2-gluk3-gluk4_human
ACTB,SQLE
ACTB,TUFM
ACTB,RPS23
ACTB,TP73
ACTB,FOXK2
ACTB,NANOG
ACTB,glua1-glua2_human
ACTB,CHRNA4
ACTB,KCNC4
ACTB,TGM3
ACTB,HSPA6
ACTB,EFCAB2
ACTB,MRGBP
ACTB,ADCYAP1
ACTB,DNAJC13
ACTB,PLAA
ACTB,FSCN3
ACTB,PRM1
ACTB,FBXL20
ACTB,UNC5C
ACTB,DAZ3
ACTB,MPZL2
ACTB,MYCBP2
ACTB,KCNA2
ACTB,UGT1A6
ACTB,TPM1
ACTB,LRRC4C
ACTB,RBM45
ACTB,CENPV
ACTB,GPN3
ACTB,KIDINS220
ACTB,SLC3A2
ACTB,RGS7
ACTB,ABLIM2
ACTB,FGFR4
ACTB,RGS11
ACTB,WTIP
ACTB,RFTN1
ACTB,CORO1A
ACTB,THSD1
ACTB,ADNP
ACTB,GLS
ACTB,NDC1
ACTB,KRT17
ACTB,NAA15
ACTB,LMNA
ACTB,HHEX
ACTB,SLC22A3
ACTB,CHRM2
ACTB,CACNG3
ACTB,NOG
ACTB,CUL3
ACTB,F13A1
ACTB,LSR
ACTB,GPER1
ACTB,CYB561D2
ACTB,ZNF638
ACTB,CELF3
ACTB,NUPR1
ACTB,SLC51B
ACTB,SLC66A1
ACTB,KRT13
ACTB,ZMPSTE24
ACTB,BNIP2
ACTB,PRKCB
ACTB,CERS1
ACTB,RABEP2
ACTB,HNRNPM
ACTB,NLRC4
ACTB,MCF2
ACTB,STK11IP
ACTB,CORO1C
ACTB,tln1-vinc_human
ACTB,H3-4
ACTB,CORO2B
ACTB,RBBP7
ACTB,TMSB15A
ACTB,SCLY
ACTB,SLC30A7
ACTB,OAZ3
ACTB,STAU2
ACTB,URS00004449AE_9606
ACTB,ARID1B
ACTB,PLEKHG3
ACTB,FBLIM1
ACTB,ABCD3
ACTB,PPIC
ACTB,PSMG3
ACTB,ITCH
ACTB,ACACA
ACTB,par_human-3
ACTB,DAZ2
ACTB,CDH18
ACTB,PSAP
ACTB,TDRP
ACTB,METTL21EP
ACTB,PDZD11
ACTB,BLVRB
ACTB,ZBTB38
ACTB,AURKA
ACTB,GSTP1
ACTB,DPYSL3
ACTB,CLSTN1
ACTB,STX16
ACTB,PIK3CA
ACTB,H2AC4
ACTB,RPL38
ACTB,PUSL1
ACTB,DEFA5
ACTB,PUF60
ACTB,SLC35B1
ACTB,ADD1
ACTB,ARHGAP44
ACTB,RASGRP2
ACTB,MEN1
ACTB,HTR6
ACTB,EIF5
ACTB,MYSM1
ACTB,BCAN
ACTB,PANX1
ACTB,BCL11B
ACTB,ATL1
ACTB,FUCA1
ACTB,URS000075CAC3_9606
ACTB,RDH16
ACTB,BRPF1
ACTB,TDRD7
ACTB,RPL24
ACTB,TRIM46
ACTB,VAPA
ACTB,par_human
ACTB,RGS19
ACTB,SMARCD2
ACTB,ALDOC
ACTB,ARHGAP28
ACTB,GOLT1B
ACTB,kmn_human
ACTB,OIP5
ACTB,H3C13
ACTB,CNN3
ACTB,SIRT3
ACTB,PRDX3
ACTB,CARD17P
ACTB,SATB1
ACTB,MAPK3
ACTB,FAM98B
ACTB,LSM4
ACTB,GRID1
ACTB,FHL1
ACTB,CARD8
ACTB,URS000037DAEA_9606
ACTB,CYP2A13
ACTB,HCK
ACTB,RHOQ
ACTB,VIL1
ACTB,SLC49A4
ACTB,SYN1
ACTB,ZNF10
ACTB,URS000043D1A9_9606
ACTB,ALDH1A1
ACTB,IGSF11
ACTB,OCLN
ACTB,CEND1
ACTB,DIXDC1
ACTB,ARF4
ACTB,KCND2
ACTB,MPZ
ACTB,RSPH10B
ACTB,BRD7
ACTB,CHIC2
ACTB,DNMT3A
ACTB,EPHB2
ACTB,HBG2
ACTB,SORCS2
ACTB,GRB10
ACTB,RAB41
ACTB,TRPS1
ACTB,SPEF1
ACTB,SYP
ACTB,PKN2
ACTB,PPM1E
ACTB,MAP2K2
ACTB,ABHD6
ACTB,G6PD
ACTB,DYNC1LI1
ACTB,GFRA1
ACTB,ACOX2
KRT8,LIPJ
KRT8,TUBB4B
KRT8,PRKAR1A
KRT8,MUC16
KRT8,KRT222
KRT8,KCNJ8
KRT8,B4GALT1
KRT8,URS0000535FDD_9606
KRT8,CSRP1
KRT8,KRT7
KRT8,DTNA
KRT8,URS00000D0BB4_9606
KRT8,LOC100653049
KRT8,ITGB4
KRT8,FANCL
KRT8,URS000013D17D_9606
KRT8,SUN1
KRT8,SNTB2
KRT8,PEMT
KRT8,GLI3
KRT8,RAC1
KRT8,TUBB2A
KRT8,SFPQ
KRT8,FRMD4B
KRT8,NDFIP2
KRT8,PRKCE
KRT8,SLC28A2
KRT8,KAT5
KRT8,DLX1
KRT8,FRMD1
KRT8,EXD2
KRT8,CARD16
KRT8,CABP1
KRT8,EEF2KMT
KRT8,TSC1
KRT8,HOXA2
KRT8,JPH1
KRT8,COQ5
KRT8,H2BC9
KRT8,METTL21C
KRT8,KRTAP27-1
KRT8,DYNLL2
KRT8,PTGS2
KRT8,SCHIP1
KRT8,CYP4F2
KRT8,QTRT2
KRT8,DGKI
KRT8,MPP3
KRT8,PLEKHH3
KRT8,HSPG2
KRT8,THAP7
KRT8,DZIP1
KRT8,METTL22
KRT8,UGGT1
KRT8,SNX5
KRT8,VPS37A
KRT8,BMP2
KRT8,ESR1
KRT8,KCNA5
KRT8,DSG2
KRT8,FLNC
KRT8,SLC5A5
KRT8,FARP1
KRT8,VCL
KRT8,PRKCH
KRT8,VTA1
KRT8,SLC41A1
KRT8,OR51E2
KRT8,DOT1L
KRT8,TRIM9
KRT8,CD19
KRT8,ATP13A2
KRT8,URS0000272A3D_9606
KRT8,MVK
KRT8,SNTA1
KRT8,RASSF2
KRT8,ACSS3
KRT8,KRTAP10-5
KRT8,PGM5
KRT8,SLC2A1
KRT8,APEX2
KRT8,BRCA2
KRT8,ATP2B1
KRT8,HSPA1A
KRT8,KRTAP12-3
KRT8,TRIP6
KRT8,AKAP9
KRT8,HNRNPC
KRT8,METTL21A
KRT8,APAF1
KRT8,EGR2
KRT8,PEA15
KRT8,QSOX1
KRT8,KRTAP5-4
KRT8,WDR48
KRT8,HSD3B2
KRT8,CST1
KRT8,MYOZ2
KRT8,TJP3
KRT8,CYP1A2
KRT8,PDXDC1
KRT8,ITGB6
KRT8,KRTAP10-1
KRT8,CAMKMT
KRT8,FKBP1A
KRT8,CKAP5
KRT8,NOP53
KRT8,DOCK2
KRT8,SLC16A10
KRT8,RC3H2
KRT8,LAT
KRT8,ACR
KRT8,TDP1
KRT8,RHOG
KRT8,CLUAP1
KRT8,TAX1BP3
KRT8,RIC3
KRT8,AGXT
KRT8,EIF4EBP2
KRT8,CAV1
KRT8,URS00005A4DCF_9606
KRT8,SLC7A14
KRT8,LAMP3
KRT8,LY6G6D
KRT8,PRKDC
KRT8,IDI2
KRT8,CFAP263
KRT8,BCL2
KRT8,PSMA6
KRT8,SLC22A6
KRT8,PYM1
KRT8,UBC
KRT8,KCNC2
KRT8,INCENP
KRT8,CDC42BPA
KRT8,KRT28
KRT8,HTT
KRT8,OGT
KRT8,KRT34
KRT8,CDC42SE1
KRT8,MAP3K5
KRT8,CYP2E1
KRT8,INKA2
KRT8,POLDIP2
KRT8,GMCL1
KRT8,MAGI3
KRT8,WNK4
KRT8,CAPRIN1
KRT8,ARL14EP
KRT8,KRT5
KRT8,KRTAP5-9
KRT8,AXL
KRT8,CNST
KRT8,CTSK
KRT8,FGD1
KRT8,SNAI1
KRT8,BMAL1
KRT8,CTU2
KRT8,AP1B1
KRT8,EVPL
KRT8,AKT1
KRT8,FRMPD3
KRT8,KLHL1
KRT8,PPIG
KRT8,VPS25
KRT8,YY1
KRT8,FIG4
KRT8,URS00002C6949_9606
KRT8,TAF6
KRT8,REPS1
KRT8,GM2A
KRT8,DYNLT4
KRT8,SLC9A7
KRT8,KIT
KRT8,CENPW
KRT8,TCP11L2
KRT8,BVES
KRT8,AP1G1
KRT8,MCUB
KRT8,NR1I3
KRT8,ASF1B
KRT8,FBXO22
KRT8,JAK2
KRT8,GDI2
KRT8,DEF6
KRT8,LRPPRC
KRT8,MYL6
KRT8,URS00005030C1_9606
KRT8,MYPN
KRT8,CC2D2A
KRT8,DYNC1I2
KRT8,KRTAP20-4
KRT8,KRTAP10-2
KRT8,ABCA9
KRT8,DCAF7
KRT8,CYP2U1
KRT8,HDHD3
KRT8,KRT31
KRT8,HSD17B3
KRT8,CEACAM1
KRT8,IL37
KRT8,TUBA4A
KRT8,MAPK6
KRT8,JUP
KRT8,LRIF1
KRT8,krt36-krt86_human
KRT8,GIMAP4
KRT8,CTSE
KRT8,SMAD6
KRT8,CD1C
KRT8,AKNA
KRT8,RUNX1
KRT8,RAP1B
KRT8,MATR3
KRT8,ZFYVE9
KRT8,CYP2S1
KRT8,CETP
KRT8,PPARG
KRT8,CD2AP
KRT8,TRAPPC14
KRT8,SIPA1
KRT8,SNCA
KRT8,BLM
KRT8,CXADR
KRT8,VCAM1
KRT8,APOA1
KRT8,KRTAP19-3
KRT8,KRTAP2-2
KRT8,NEBL
KRT8,EPN2
KRT8,SPTBN4
KRT8,LRRC26
KRT8,TMEM9
KRT8,CRTAP
KRT8,PIK3R1
KRT8,DOC2A
KRT8,ABI2
KRT8,SLC11A2
KRT8,VAV1
KRT8,BCAS3
KRT8,UBE2D2
KRT8,CD40
KRT8,KRTAP29-1
KRT8,KRTAP19-7
KRT8,ADD3
KRT8,SALL4
KRT8,XRCC2
KRT8,AKT2
KRT8,BCL10
KRT8,CDKN1B
KRT8,MYOZ3
KRT8,SMARCC1
KRT8,S100A10
KRT8,URS00003B6B84_9606
KRT8,DNAJC7
KRT8,F2RL2
KRT8,TMEM258
KRT8,ATP1A3
KRT8,CRB2
KRT8,DSP
KRT8,SPART
KRT8,CTSH
KRT8,GTF2F1
KRT8,URS00004E57E7_9606
KRT8,CASS4
KRT8,CDC42EP4
KRT8,SERBP1
KRT8,SNX19
KRT8,AQP11
KRT8,ASB2
KRT8,ZAP70
KRT8,NEXN
KRT8,CLCA2
KRT8,BASP1
KRT8,KRTAP4-12
KRT8,SOX30
KRT8,GNAT3
KRT8,ERVK-6
KRT8,UGGT2
KRT8,ALK
KRT8,IFITM5
KRT8,KRTAP22-1
KRT8,URS0000759B99_9606
KRT8,PTPRM
KRT8,PLA2G15
KRT8,EIF5A2
KRT8,KRT24
KRT8,RAN
KRT8,CEP164
KRT8,LAMTOR4
KRT8,NHS
KRT8,DPP7
KRT8,URS000058BF17_9606
KRT8,EFTUD2
KRT8,PERP
KRT8,KMT2E
KRT8,MYD88
KRT8,SCN5A
KRT8,KRTAP9-3
KRT8,HSP90AA2P
KRT8,AKAP4
KRT8,NLRP6
KRT8,PXK
KRT8,CASQ1
KRT8,CFAP144P1
KRT8,EDA
KRT8,FERMT2
KRT8,OLFML3
KRT8,PIK3CB
KRT8,ADCYAP1R1
KRT8,PNN
KRT8,BDKRB2
KRT8,EPPK1
KRT8,MAP1LC3B2
KRT8,KATNIP
KRT8,IL33
KRT8,XPO1
KRT8,KRTAP19-8
KRT8,E2F1
KRT8,LENG8
KRT8,CDH24
KRT8,FOXF2
KRT8,RAB30
KRT8,GPSM1
KRT8,ABCA6
KRT8,EAF1
KRT8,FAM186B
KRT8,ACP1
KRT8,CDK5RAP2
KRT8,TANK
KRT8,NDOR1
KRT8,SLC26A11
KRT8,AMFR
KRT8,LRG1
KRT8,PPP2R2B
KRT8,ARHGAP24
KRT8,AGER
KRT8,LIG4
KRT8,CLIC4
KRT8,TICRR
KRT8,ERCC5
KRT8,ALB
KRT8,CEP290
KRT8,HMGCL
KRT8,KRT77
KRT8,CLDN9
KRT8,TRA2A
KRT8,COPS4
KRT8,RPH3A
KRT8,PHLDB2
KRT8,DCT
KRT8,PEX14
KRT8,THOC1
KRT8,OGG1
KRT8,MMP14
KRT8,URS000006FDD4_9606
KRT8,CXXC1
KRT8,MYL9
KRT8,HAS2
KRT8,URS00004BCD9C_9606
KRT8,PALS1
KRT8,AMBRA1
KRT8,SPIRE1
KRT8,CCKBR
KRT8,NECTIN2
KRT8,N6AMT1
KRT8,ZC3H12A
KRT8,ITGB2
KRT8,SEC24D
KRT8,PTK7
KRT8,KRTAP9-2
KRT8,BAAT
KRT8,ETFBKMT
KRT8,KANK4
KRT8,VPS53
KRT8,CEP68
KRT8,OBSL1
KRT8,PPIB
KRT8,HIF1A
KRT8,DRAM2
KRT8,URS000005CE28_9606
KRT8,VASH2
KRT8,URS000075D1FC_9606
KRT8,MAGI2
KRT8,GLRX3
KRT8,GPR142
KRT8,ANO10
KRT8,HDAC10
KRT8,GAPDH
KRT8,DHRS9
KRT8,DLAT
KRT8,SLC12A7
KRT8,UNC13D
KRT8,KRTAP5-3
KRT8,krt5-krt14_human
KRT8,URS000075BAE6_9606
KRT8,FOXO3
KRT8,NRAP
KRT8,RGS4
KRT8,ARL6IP5
KRT8,TMOD2
KRT8,KRTAP13-1
KRT8,pbaf_var1_human
KRT8,CTNS
KRT8,CYP7A1
KRT8,PRPF40A
KRT8,SLC2A5
KRT8,URS00003CC245_9606
KRT8,SLC4A1AP
KRT8,CARMIL2
KRT8,MYO1E
KRT8,TOMM34
KRT8,TINF2
KRT8,HLCS
KRT8,PTCH1
KRT8,SLC30A8
KRT8,YWHAZ
KRT8,KRTAP21-1
KRT8,KRTAP10-11
KRT8,IBSP
KRT8,DCAF13
KRT8,PSEN1
KRT8,GGA1
KRT8,UBQLN1
KRT8,SLC6A14
KRT8,RIPOR2
KRT8,EPB41L5
KRT8,CHMP4B
KRT8,ITFG2
KRT8,HSD17B6
KRT8,MAP1LC3A
KRT8,KIAA0319
KRT8,KCND3
KRT8,AP3S1
KRT8,CTTN
KRT8,CTDP1
KRT8,H3-3A
KRT8,SLC16A1
KRT8,S100A8
KRT8,SLC23A1
KRT8,FRMD7
KRT8,DNAJA3
KRT8,MPDZ
KRT8,ADSL
KRT8,CTNNA1
KRT8,TRIM36
KRT8,STAM2
KRT8,ITGB3
KRT8,URS0000357286_9606
KRT8,PFDN5
KRT8,CDC42
KRT8,PSPC1
KRT8,JAK3
KRT8,CD2
KRT8,FAM83H
KRT8,IQSEC1
KRT8,SH3KBP1
KRT8,JAM3
KRT8,RAD51
KRT8,ACVR2B
KRT8,KY
KRT8,LIMK1
KRT8,HEXIM1
KRT8,HOMER1
KRT8,SGCG
KRT8,TRAF6
KRT8,FLRT2
KRT8,PTPN1
KRT8,CBX5
KRT8,ARF1
KRT8,ATXN1
KRT8,DES
KRT8,ASAP3
KRT8,GBGT1
KRT8,FOSB
KRT8,TOMM40L
KRT8,ALOX12B
KRT8,CLEC12B
KRT8,PXMP2
KRT8,SATB2
KRT8,NTS
KRT8,CXCR4
KRT8,ANKRD13B
KRT8,URS0000480E22_9606
KRT8,TUBB
KRT8,ABCA1
KRT8,VPS29
KRT8,APOA5
KRT8,VGF
KRT8,KLK3
KRT8,CNOT9
KRT8,DBF4B
KRT8,THAP1
KRT8,SPTBN5
KRT8,COMMD4
KRT8,EPB41L2
KRT8,PKP1
KRT8,PTGES3
KRT8,TBC1D2
KRT8,RAB39B
KRT8,SGCE
KRT8,ADAM10
KRT8,PRCP
KRT8,ESCO2
KRT8,FHL5
KRT8,ADAP2
KRT8,BSG
KRT8,URS00000A07C1_9606
KRT8,TECPR1
KRT8,NRXN2
KRT8,KRT20
KRT8,CDK5
KRT8,PGLYRP4
KRT8,GLB1
KRT8,LIM2
KRT8,SERPINE2
KRT8,PPIE
KRT8,PHB2
KRT8,PLSCR2
KRT8,FER
KRT8,UBE2V1
KRT8,SV2A
KRT8,CDC42EP2
KRT8,SKIL
KRT8,TBC1D4
KRT8,CIB1
KRT8,PDPN
KRT8,MARF1
KRT8,KIRREL2
KRT8,HLA-DMA
KRT8,EPS8
KRT8,ALDH3B1
KRT8,SMARCC2
KRT8,CLDN6
KRT8,WDR24
KRT8,URS00002C11C3_9606
KRT8,CYP2C18
KRT8,CLTC
KRT8,SEMG1
KRT8,CYP2W1
KRT8,CTSS
KRT8,AGFG1
KRT8,FLRT3
KRT8,CDH1
KRT8,CNN1
KRT8,ADAMTSL3
KRT8,SEC23IP
KRT8,CEP97
KRT8,CYP27C1
KRT8,FNDC3A
KRT8,TRIAP1
KRT8,URS000019B0F7_9606
KRT8,AKAP12
KRT8,XIRP2
KRT8,CAB39
KRT8,B3GAT1
KRT8,CALM3
KRT8,CYS1
KRT8,ZNF540
KRT8,ICOSLG
KRT8,VCP
KRT8,PACRG
KRT8,SDCBP
KRT8,SYNE1
KRT8,RAI14
KRT8,EPB41L3
KRT8,LY6G5C
KRT8,PFN2
KRT8,CLDN11
KRT8,STEAP1
KRT8,RUVBL2
KRT8,RUBCN
KRT8,CCN3
KRT8,POR
KRT8,P4HB
KRT8,TKT
KRT8,RAB13
KRT8,LDLRAD4
KRT8,KHDC3L
KRT8,GPRC5D
KRT8,FRMD8P1
KRT8,CHPT1
KRT8,SLC38A2
KRT8,KRTAP3-2
KRT8,GIGYF2
KRT8,USH1C
KRT8,TBCEL
KRT8,CAPZA1
KRT8,SRRM1
KRT8,PPL
KRT8,NPAP1
KRT8,GPBP1
KRT8,FMNL3
KRT8,TRIP10
KRT8,SERTM2
KRT8,CAPZB
KRT8,FHL3
KRT8,URS00003AFD9B_9606
KRT8,SCN3B
KRT8,S100B
KRT8,NPM1
KRT8,THEMIS
KRT8,FNBP1L
KRT8,ZNF131
KRT8,PALS2
KRT8,PPP1R12B
KRT8,NGFR
KRT8,TEP1
KRT8,PTPN11
KRT8,SYNC
KRT8,WDR59
KRT8,SNTG1
KRT8,AQP3
KRT8,BAG3
KRT8,PPIA
KRT8,ADD2
KRT8,CIMAP1D
KRT8,MGST3
KRT8,POLB
KRT8,FIGN
KRT8,NBR1
KRT8,BTAF1
KRT8,DDOST
KRT8,FLRT1
KRT8,PDGFRB
KRT8,MARVELD1
KRT8,MPP7
KRT8,SPHK2
KRT8,EPHX3
KRT8,TMSB10
KRT8,ACTN4
KRT8,ATG12
KRT8,SIX5
KRT8,URS00003BBF48_9606
KRT8,ANK2
KRT8,ARRDC1
KRT8,PCSK2
KRT8,DUOX2
KRT8,KANK1
KRT8,ITGB1BP2
KRT8,PREPL
KRT8,CPNE3
KRT8,BMP10
KRT8,RNF220
KRT8,KRTAP21-2
KRT8,KRTAP22-2
KRT8,STARD3
KRT8,FBXL22
KRT8,PRRT2
KRT8,KRT73
KRT8,SMAD2
KRT8,IKZF5
KRT8,CEP295
KRT8,PECAM1
KRT8,ACTG2
KRT8,UBA5
KRT8,ADRA1A
KRT8,MAK16
KRT8,SYNPO2L
KRT8,DST
KRT8,HCAR2
KRT8,PPFIA1
KRT8,CYP2A6
KRT8,TFRC
KRT8,STRA6
KRT8,SLU7
KRT8,NTRK1
KRT8,KRTAP19-4
KRT8,ROCK2
KRT8,SLC8B1
KRT8,GLRX2
KRT8,CELF2
KRT8,RAB3GAP1
KRT8,KRT33B
KRT8,RILP
KRT8,RIPK3
KRT8,LURAP1
KRT8,RTN2
KRT8,VSIG10
KRT8,SPTB
KRT8,ARID2
KRT8,DBH
KRT8,MYCT1
KRT8,KRT32
KRT8,DTX3L
KRT8,DYSF
KRT8,SMARCA2
KRT8,RBSN
KRT8,URS00003380CC_9606
KRT8,ABHD17A
KRT8,URS000025307A_9606
KRT8,UPRT
KRT8,CYB5B
KRT8,CST3
KRT8,P2RX4
KRT8,SREBF2
KRT8,HSPA8
KRT8,KRT83
KRT8,CPQ
KRT8,SAC3D1
KRT8,BTBD1
KRT8,RAB10
KRT8,LIMS1
KRT8,CKAP4
KRT8,SEC31A
KRT8,GCH1
KRT8,RAD51AP1
KRT8,HNF1B
KRT8,COLQ
KRT8,DDB1
KRT8,RAD21
KRT8,ERBIN
KRT8,CLIC1
KRT8,YWHAQ
KRT8,GPHN
KRT8,MTTP
KRT8,DYRK1A
KRT8,LITAF
KRT8,LIMS2
KRT8,MSH6
KRT8,PAXIP1
KRT8,CLCC1
KRT8,URS00005540D2_9606
KRT8,ARHGAP26
KRT8,ANXA2
KRT8,MYL12B
KRT8,VPS51
KRT8,DLC1
KRT8,TBK1
KRT8,DNAJB4
KRT8,LOC100996750
KRT8,SPTBN2
KRT8,BYSL
KRT8,CYP2A7
KRT8,CTSC
KRT8,CFAP44
KRT8,URS00002B3783_9606
KRT8,PPP1R12A
KRT8,CLIP4
KRT8,FERRY3
KRT8,RAB4A
KRT8,MFAP3L
KRT8,PPP1R18
KRT8,PLCG1
KRT8,LIPA
KRT8,CTNNAL1
KRT8,NMRK2
KRT8,SCAMP2
KRT8,ATP5IF1
KRT8,ABO
KRT8,ERGIC1
KRT8,MARVELD2
KRT8,MYZAP
KRT8,SLC26A6
KRT8,SERPINA5
KRT8,ZDHHC17
KRT8,RAD51AP2
KRT8,EFCAB7
KRT8,SLC4A1
KRT8,H1-1
KRT8,FAM72A
KRT8,IFITM1
KRT8,OAS2
KRT8,ROCK1
KRT8,CLDN4
KRT8,CSF1R
KRT8,PIKFYVE
KRT8,SLC8A2
KRT8,SOST
KRT8,WNK1
KRT8,TFCP2
KRT8,TCTN1
KRT8,CSH2
KRT8,CCDC110
KRT8,EXOSC4
KRT8,GZMH
KRT8,NAMPT
KRT8,LAPTM5
KRT8,SCYGR1
KRT8,CYP2R1
KRT8,DRC7
KRT8,NFE2L2
KRT8,SAP30BP
KRT8,AGR3
KRT8,SDC4
KRT8,CLINT1
KRT8,SFT2D2
KRT8,LMNB1
KRT8,KIF11
KRT8,PLEKHH1
KRT8,USF2
KRT8,ARRDC4
KRT8,SPTBN1
KRT8,POLA1
KRT8,SYNM
KRT8,RPGRIP1L
KRT8,KRTAP17-1
KRT8,URS0000169868_9606
KRT8,EVC
KRT8,SHROOM3
KRT8,IP6K2
KRT8,YEATS4
KRT8,EPB41
KRT8,DAZ4
KRT8,CRB3
KRT8,E2F5
KRT8,KIN
KRT8,CCT3
KRT8,ATP6V1A
KRT8,ACKR2
KRT8,LARGE1
KRT8,DENND6A
KRT8,APBB1IP
KRT8,GRIN2B
KRT8,ACTL7A
KRT8,PCDHGA12
KRT8,AASS
KRT8,ZBTB16
KRT8,TNFSF13B
KRT8,ANXA8
KRT8,ZNRF2
KRT8,WBP11
KRT8,RAB11FIP1
KRT8,HSPB9
KRT8,STPG3
KRT8,SERTM1
KRT8,CITED2
KRT8,ENC1
KRT8,PLEKHA7
KRT8,MIF
KRT8,CHAF1A
KRT8,URS000024463E_9606
KRT8,CFL1
KRT8,LZTS3
KRT8,BDH1
KRT8,SORBS3
KRT8,AFTPH
KRT8,C15orf62
KRT8,AMOT
KRT8,CLDN2
KRT8,SMAD7
KRT8,UBXN6
KRT8,EGLN1
KRT8,ITPA
KRT8,TYR
KRT8,KRT19
KRT8,NFIA
KRT8,KCNA6
KRT8,SIRT6
KRT8,FBF1
KRT8,ZRANB1
KRT8,SDCCAG8
KRT8,RABEP1
KRT8,MTA2
KRT8,IGSF8
KRT8,ABCA10
KRT8,KRT76
KRT8,HEXA
KRT8,TNIK
KRT8,NCK1
KRT8,ARHGDIA
KRT8,CRB1
KRT8,CDKN1A
KRT8,IFI30
KRT8,GID8
KRT8,ERO1A
KRT8,SYNPO
KRT8,GNB2
KRT8,RIN3
KRT8,MAP2K6
KRT8,ZNF232
KRT8,ATP1A1
KRT8,CD9
KRT8,LRRFIP1
KRT8,URS000039ED8D_9606
KRT8,GLT6D1
KRT8,CCDC92
KRT8,KRT40
KRT8,SNTB1
KRT8,FAM72D
KRT8,RAB11FIP5
KRT8,HNRNPU
KRT8,CLCN3
KRT8,HSP90AB2P
KRT8,CIMAP1B
KRT8,PARVA
KRT8,PSMG4
KRT8,OXA1L
KRT8,STS
KRT8,DNAJC19
KRT8,NISCH
KRT8,TRA2B
KRT8,CHD8
KRT8,BLOC1S6
KRT8,KCNB1
KRT8,METTL23
KRT8,CAPN3
KRT8,TSPAN15
KRT8,CGNL1
KRT8,WASHC2A
KRT8,ABCC8
KRT8,SMARCB1
KRT8,CALCOCO1
KRT8,KRTAP7-1
KRT8,CC2D1B
KRT8,ACTRT2
KRT8,PRKCZ
KRT8,USP10
KRT8,SFMBT2
KRT8,SAYSD1
KRT8,PCMT1
KRT8,HSD3B1
KRT8,MYOT
KRT8,ITGB1BP1
KRT8,INA
KRT8,SCAMP3
KRT8,TPM4
KRT8,HIRA
KRT8,NOS3
KRT8,HSD11B1
KRT8,KRTAP10-12
KRT8,DDX31
KRT8,TMOD1
KRT8,S100A1
KRT8,CLOCK
KRT8,MIER3
KRT8,WWC1
KRT8,PDLIM5
KRT8,SLC34A2
KRT8,KDF1
KRT8,CYP1B1
KRT8,MSN
KRT8,GATAD2B
KRT8,SNX1
KRT8,USP18
KRT8,SULT2B1
KRT8,LAMA1
KRT8,RPL10
KRT8,ZNF185
KRT8,MFHAS1
KRT8,KRT80
KRT8,WAS
KRT8,Q6Q795
KRT8,ABCA7
KRT8,BFSP2
KRT8,FXYD1
KRT8,CDH5
KRT8,POLR3H
KRT8,KRT86
KRT8,MNDA
KRT8,SNAP25
KRT8,ARAP3
KRT8,DYRK4
KRT8,FHL2
KRT8,TNRC6A
KRT8,CLK3
KRT8,CLTB
KRT8,URS000019907A_9606
KRT8,DPH1
KRT8,BNIP1
KRT8,SLC9A6
KRT8,TSPAN1
KRT8,WIPI1
KRT8,ANK1
KRT8,URS0000416056_9606
KRT8,PLEK2
KRT8,DAB1
KRT8,SEPTIN14
KRT8,QARS1
KRT8,RHOA
KRT8,HSD11B1L
KRT8,EMC1
KRT8,ARFGEF2
KRT8,MPV17L
KRT8,LGR6
KRT8,CADPS2
KRT8,H3C1
KRT8,CEBPB
KRT8,MUC5B
KRT8,CAV2
KRT8,ZBTB17
KRT8,APOA4
KRT8,TMEM165
KRT8,KCNN4
KRT8,CD84
KRT8,HPGDS
KRT8,IRAK1
KRT8,DPEP1
KRT8,SLF2
KRT8,PRICKLE4
KRT8,SPG21
KRT8,CD53
KRT8,SSH3
KRT8,STUB1
KRT8,CALM1
KRT8,XRCC5
KRT8,MYH15
KRT8,ARHGAP30
KRT8,PRSS41
KRT8,LCP1
KRT8,PODXL
KRT8,AHR
KRT8,KRTAP4-2
KRT8,PAF1
KRT8,CEP250
KRT8,RPL11
KRT8,BIN2
KRT8,LRRC27
KRT8,URS000030F801_9606
KRT8,UBXN11
KRT8,RBMX
KRT8,KCNE3
KRT8,TBC1D24
KRT8,APOB
KRT8,CCDC6
KRT8,SERF1A
KRT8,NAPEPLD
KRT8,PDLIM1
KRT8,KRTAP13-4
KRT8,ATM
KRT8,AKAP10
KRT8,MAGI1
KRT8,AQP1
KRT8,PTPN21
KRT8,KRTAP10-10
KRT8,BIN1
KRT8,STARD3NL
KRT8,UBE2N
KRT8,APP
KRT8,ARHGEF7
KRT8,KRT3
KRT8,TRIB2
KRT8,MRPS18B
KRT8,BUB1
KRT8,KRTAP2-4
KRT8,SKAP1
KRT8,ANK3
KRT8,TTC21B
KRT8,URS000059311D_9606
KRT8,DTNBP1
KRT8,URS00005DBAF3_9606
KRT8,HDAC1
KRT8,P2RX1
KRT8,TMEM102
KRT8,KAT2B
KRT8,HDAC2
KRT8,KDR
KRT8,SLC51A
KRT8,ZDHHC20
KRT8,YIPF4
KRT8,SCP2
KRT8,CDK5R1
KRT8,ABCA3
KRT8,CDCA8
KRT8,GOLPH3
KRT8,RCN3
KRT8,TNS4
KRT8,URS000075A53F_9606
KRT8,FRG1
KRT8,SCYGR5
KRT8,OAS3
KRT8,NOSTRIN
KRT8,UNC45B
KRT8,PLD2
KRT8,RAC3
KRT8,MTPAP
KRT8,MAP1S
KRT8,URS00003D1AE3_9606
KRT8,KRTAP3-1
KRT8,GJB6
KRT8,SCYGR10
KRT8,KLHL12
KRT8,HSPA5
KRT8,NPHS2
KRT8,URS0000316FA5_9606
KRT8,KRT2
KRT8,YBX1
KRT8,KRT1
KRT8,C8B
KRT8,NUMA1
KRT8,FCHSD2
KRT8,MLKL
KRT8,ME2
KRT8,DBNL
KRT8,KRTAP3-3
KRT8,CCP110
KRT8,DAG1
KRT8,CTSF
KRT8,URS00005A1F52_9606
KRT8,STT3B
KRT8,CHMP1A
KRT8,AHNAK2
KRT8,DNAJC6
KRT8,MGRN1
KRT8,P2RX6
KRT8,CTSL
KRT8,GRIPAP1
KRT8,NAE1
KRT8,CDSN
KRT8,ELL3
KRT8,SSPN
KRT8,KIFBP
KRT8,PDLIM7
KRT8,ANO5
KRT8,IFFO1
KRT8,NME9
KRT8,DEPP1
KRT8,DNAJC24
KRT8,GPR174
KRT8,ATG5
KRT8,SYNE2
KRT8,HSDL1
KRT8,PIK3C2B
KRT8,MITF
KRT8,UBB
KRT8,ANKRA2
KRT8,KHDRBS3
KRT8,BMP6
KRT8,SYK
KRT8,CYP3A5
KRT8,INTS13
KRT8,ATP6V1B2
KRT8,PTGS1
KRT8,PDE4B
KRT8,NPPA
KRT8,KRTAP1-1
KRT8,PAK1
KRT8,POP7
KRT8,FKBP8
KRT8,CISD2
KRT8,RTCB
KRT8,MAGED1
KRT8,DCP1B
KRT8,KRTAP20-2
KRT8,URS000031B6ED_9606
KRT8,RAET1L
KRT8,TMEM63A
KRT8,KLF15
KRT8,CFAP58
KRT8,CCDC170
KRT8,KRTAP8-1
KRT8,PRKCSH
KRT8,SDR9C7
KRT8,XRCC6
KRT8,CDK5RAP3
KRT8,DYNLL1
KRT8,PLEKHM1
KRT8,SPATS2L
KRT8,AP1M1
KRT8,RAB14
KRT8,SVIL
KRT8,CCDC78
KRT8,TBC1D21
KRT8,KRT79
KRT8,KRT84
KRT8,CAVIN4
KRT8,PKD2
KRT8,GPRC5B
KRT8,SAFB2
KRT8,TBX5
KRT8,GRWD1
KRT8,FRMD3
KRT8,PTK2
KRT8,CFAP300
KRT8,RPL5
KRT8,KRTAP5-7
KRT8,RUNDC3A
KRT8,CDKL1
KRT8,DAZL
KRT8,URS0000759CD8_9606
KRT8,SLA2
KRT8,URS000075EBEE_9606
KRT8,JAK1
KRT8,HSPH1
KRT8,PIAS1
KRT8,MTMR9
KRT8,PLAGL1
KRT8,URS00004AD914_9606
KRT8,URS0000096022_9606
KRT8,KRTAP5-10
KRT8,SLC39A12
KRT8,CACNA1C
KRT8,UBAP1
KRT8,URS000075A41A_9606
KRT8,CBR1
KRT8,FAM86B2
KRT8,KRT6B
KRT8,MYH6
KRT8,CTNNA3
KRT8,ITM2B
KRT8,URS00000CDD4F_9606
KRT8,KRT39
KRT8,LALBA
KRT8,WASHC2C
KRT8,GGPS1
KRT8,VSIG10L2
KRT8,STAP1
KRT8,FBP2
KRT8,RAPGEF2
KRT8,ITGA5
KRT8,KRT85
KRT8,PFN1
KRT8,SPECC1
KRT8,URS00001230A0_9606
KRT8,ACTRT3
KRT8,BST2
KRT8,TBCC
KRT8,TJP1
KRT8,HOOK2
KRT8,MGST2
KRT8,ACTRT1
KRT8,BCL11A
KRT8,FBXO7
KRT8,KRT87P
KRT8,DFFA
KRT8,WDR19
KRT8,CEMIP2
KRT8,URS0000315338_9606
KRT8,KRTAP9-7
KRT8,PKN1
KRT8,SLC30A9
KRT8,SLC34A3
KRT8,PEX3
KRT8,EGFR
KRT8,AGK
KRT8,RPS27A
KRT8,URS0000547F6A_9606
KRT8,PJA2
KRT8,pbaf_var2_human
KRT8,MYH7
KRT8,SPMIP5
KRT8,MIA3
KRT8,LYN
KRT8,LTC4S
KRT8,CYP2J2
KRT8,SMAD5
KRT8,URS0000476BE1_9606
KRT8,LGALS13
KRT8,GFAP
KRT8,RAPGEF1
KRT8,DDX60
KRT8,TACC3
KRT8,SPIRE2
KRT8,LIN7B
KRT8,CYP4A11
KRT8,OSBPL9
KRT8,VTI1A
KRT8,GAN
KRT8,FAM241B
KRT8,NASP
KRT8,RAD23A
KRT8,SRCAP
KRT8,LIN7A
KRT8,MYO5C
KRT8,YIPF5
KRT8,KRT27
KRT8,PRDX5
KRT8,TP53
KRT8,CCN2
KRT8,OLFM4
KRT8,SPHK1
KRT8,LMOD2
KRT8,GRHL1
KRT8,MSI2
KRT8,TRIP11
KRT8,ARHGEF6
KRT8,IST1
KRT8,ADAMTS9
KRT8,GRHL2
KRT8,GRIA4
KRT8,WASF3
KRT8,TTC29
KRT8,MALT1
KRT8,MYBBP1A
KRT8,RIC1
KRT8,LIPF
KRT8,GFI1
KRT8,PTPN14
KRT8,PTPN23
KRT8,NEFL
KRT8,PRNP
KRT8,CYB561A3
KRT8,DCX
KRT8,PYHIN1
KRT8,RAB3C
KRT8,STIP1
KRT8,GZMB
KRT8,VTN
KRT8,SPRY2
KRT8,SET
KRT8,FUZ
KRT8,ACTL6A
KRT8,GUSB
KRT8,ZC4H2
KRT8,TNPO3
KRT8,USP26
KRT8,SGCZ
KRT8,OSBPL10
KRT8,ANXA8L1
KRT8,AQP7
KRT8,RUNX3
KRT8,TUBA1C
KRT8,SNX17
KRT8,ETV3
KRT8,CD59
KRT8,HAVCR2
KRT8,USP28
KRT8,VBP1
KRT8,OSBP
KRT8,FZD7
KRT8,NRXN1
KRT8,LTF
KRT8,ARHGAP29
KRT8,TGFBRAP1
KRT8,CALCOCO2
KRT8,SNX14
KRT8,ITGB1
KRT8,CFHR5
KRT8,KRTAP12-2
KRT8,HAP1
KRT8,KRTAP4-4
KRT8,KLF5
KRT8,ADGRL3
KRT8,FEN1
KRT8,ANXA6
KRT8,GPSM2
KRT8,MITD1
KRT8,ALOX12
KRT8,CEFIP
KRT8,B4GALNT3
KRT8,TIAM1
KRT8,KITLG
KRT8,SYNJ2
KRT8,SNW1
KRT8,GLRA1
KRT8,SSX1
KRT8,SLC30A2
KRT8,LRWD1
KRT8,KRTAP10-3
KRT8,PADI6
KRT8,KRIT1
KRT8,CASQ2
KRT8,CSK
KRT8,FGB
KRT8,RUBCNL
KRT8,ARHGAP39
KRT8,CAPS
KRT8,BICD1
KRT8,URS0000574A2C_9606
KRT8,NOS1AP
KRT8,CIMAP1A
KRT8,AHNAK
KRT8,SYNDIG1
KRT8,CES2
KRT8,CNOT7
KRT8,RTN4
KRT8,URS0000209905_9606
KRT8,PTK2B
KRT8,LTBP1
KRT8,URS00003B95DA_9606
KRT8,GGA3
KRT8,IFITM3
KRT8,NEU1
KRT8,NPR3
KRT8,DYRK2
KRT8,APOE
KRT8,IGFN1
KRT8,AP4S1
KRT8,TMED2
KRT8,URS0000157026_9606
KRT8,FOXN2
KRT8,CD24
KRT8,CFL2
KRT8,UBA3
KRT8,KIRREL1
KRT8,SLC2A13
KRT8,HSP90AA1
KRT8,HLA-DRB1
KRT8,RPL3
KRT8,CCNL2
KRT8,SCYGR4
KRT8,STRN3
KRT8,PLA2G4A
KRT8,KSR1
KRT8,KRTAP13-3
KRT8,TBP
KRT8,MRPL46
KRT8,HLTF
KRT8,URS00001DE669_9606
KRT8,BGN
KRT8,PDLIM2
KRT8,PHACTR3
KRT8,ATP2B3
KRT8,CAMK2D
KRT8,SPTAN1
KRT8,LIPK
KRT8,SNX8
KRT8,STX10
KRT8,FAM86C1P
KRT8,POPDC3
KRT8,NCOA6
KRT8,IFITM2
KRT8,SMPX
KRT8,ABCA8
KRT8,PHOSPHO1
KRT8,RNF144A
KRT8,CMA1
KRT8,TNXB
KRT8,OBSCN
KRT8,MRAP
KRT8,TRAPPC2B
KRT8,BCL2L14
KRT8,ABCA2
KRT8,DPAGT1
KRT8,MTA3
KRT8,IL17RB
KRT8,KRT35
KRT8,CNNM4
KRT8,KRTAP4-8
KRT8,FBXO32
KRT8,krt1-krt10_human
KRT8,EPB41L4A
KRT8,RNF128
KRT8,SNTG2
KRT8,RS1
KRT8,CLSTN3
KRT8,URS00005165DA_9606
KRT8,PARVB
KRT8,S100A12
KRT8,KCNC3
KRT8,KIF5B
KRT8,LDB1
KRT8,FGD3
KRT8,NPPB
KRT8,RUFY1
KRT8,KRT15
KRT8,KAZN
KRT8,ADORA2A
KRT8,CSRP3
KRT8,RAB3B
KRT8,RAB34
KRT8,KANSL3
KRT8,PRKCG
KRT8,ADAM17
KRT8,CYB5A
KRT8,HSP90AB3P
KRT8,FLOT2
KRT8,ANKRD2
KRT8,COL12A1
KRT8,POLG
KRT8,KRTAP20-3
KRT8,RELB
KRT8,SGCA
KRT8,EXOG
KRT8,MPO
KRT8,PAM16
KRT8,L1TD1
KRT8,DPH2
KRT8,RARA
KRT8,CADM3
KRT8,METTL18
KRT8,ANO7
KRT8,CAD
KRT8,TMOD4
KRT8,RBP3
KRT8,MSRA
KRT8,CENPE
KRT8,MVB12B
KRT8,FUS
KRT8,SMC5
KRT8,ACKR3
KRT8,KAT8
KRT8,PAK2
KRT8,KCNA1
KRT8,CTNND1
KRT8,XPO6
KRT8,EPB41L1
KRT8,PPP1CC
KRT8,DDX20
KRT8,NSMF
KRT8,DFFB
KRT8,RET
KRT8,PLEKHG5
KRT8,CCDC88C
KRT8,SLC15A3
KRT8,CARD18
KRT8,FZD6
KRT8,ADRA2B
KRT8,HSD17B2
KRT8,krt25-krt71_human
KRT8,NOL9
KRT8,EPB41L4B
KRT8,RRAGC
KRT8,CMKLR2
KRT8,VANGL2
KRT8,ARHGDIB
KRT8,EXOSC8
KRT8,LY6G6C
KRT8,PARVG
KRT8,RANBP2
KRT8,GASK1A
KRT8,EPS8L1
KRT8,PTPRU
KRT8,FAM86B1
KRT8,BBLN
KRT8,KIF24
KRT8,SLC2A11
KRT8,AFDN
KRT8,PTPN4
KRT8,SYT11
KRT8,AP1S2
KRT8,FAT1
KRT8,TOLLIP
KRT8,MAN1B1
KRT8,KRT33A
KRT8,DMD
KRT8,PHLDB1
KRT8,IKZF1
KRT8,PRTN3
KRT8,TSPO
KRT8,GFI1B
KRT8,GPX4
KRT8,KRTAP19-1
KRT8,PICK1
KRT8,MYOF
KRT8,SERINC5
KRT8,DBN1
KRT8,ANKFY1
KRT8,UBR5
KRT8,SDC1
KRT8,KCNE1
KRT8,KRT36
KRT8,FGF6
KRT8,EPS8L2
KRT8,HIGD1A
KRT8,KRT10
KRT8,SLC18A2
KRT8,TRAPPC2
KRT8,PDE6D
KRT8,CASZ1
KRT8,SMARCE1
KRT8,FADS1
KRT8,NF2
KRT8,FAAP24
KRT8,HIP1R
KRT8,TFAM
KRT8,MICAL1
KRT8,ACTN2
KRT8,HPSE
KRT8,ABHD5
KRT8,ZFYVE16
KRT8,URS00002F4D78_9606
KRT8,CLXN
KRT8,BGLAP
KRT8,TBC1D14
KRT8,SETDB1
KRT8,AFAP1L1
KRT8,ZNF703
KRT8,SPTA1
KRT8,MNS1
KRT8,MEF2D
KRT8,krt80-krt82_human
KRT8,MIER2
KRT8,FYB1
KRT8,ABL1
KRT8,KIRREL3
KRT8,STK3
KRT8,NPHS1
KRT8,CCNF
KRT8,MTMR2
KRT8,FAAH
KRT8,WIPF2
KRT8,C9orf72
KRT8,EDIL3
KRT8,SSNA1
KRT8,HOXD4
KRT8,PSMA4
KRT8,STOM
KRT8,KRTAP10-9
KRT8,PLCH1
KRT8,SLX4
KRT8,RRP12
KRT8,ATP6V0A2
KRT8,CFAP276
KRT8,ARK2C
KRT8,ARHGAP21
KRT8,TCHH
KRT8,TRAF4
KRT8,LRRK2
KRT8,AP1S1
KRT8,KRTAP10-8
KRT8,VRK2
KRT8,HRC
KRT8,STX5
KRT8,RAD52
KRT8,BMP1
KRT8,FHOD3
KRT8,URS000075C7E0_9606
KRT8,CDH2
KRT8,KRT38
KRT8,SLC7A2
KRT8,URS000050DE77_9606
KRT8,AR
KRT8,KRT75
KRT8,CIMAP1C
KRT8,MBD1
KRT8,ATP1B1
KRT8,TRADD
KRT8,ATP8A1
KRT8,TBC1D5
KRT8,COL13A1
KRT8,ABCA4
KRT8,NEB
KRT8,MYH9
KRT8,CYP3A4
KRT8,GRIK1
KRT8,SERPINB3
KRT8,PRX
KRT8,CD3E
KRT8,WIPI2
KRT8,KCNH1
KRT8,PMF1
KRT8,GAK
KRT8,KRTAP5-8
KRT8,INSC
KRT8,FNBP1
KRT8,PRKAR2A
KRT8,BCR
KRT8,CCT8
KRT8,URS00000B1B47_9606
KRT8,TRPC4
KRT8,SHROOM4
KRT8,CFAP418
KRT8,RAD1
KRT8,EZR
KRT8,RAB11FIP2
KRT8,MFF
KRT8,KLHL22
KRT8,SLC29A3
KRT8,URS0000315B13_9606
KRT8,RGS5
KRT8,RAB5A
KRT8,SRRT
KRT8,COL6A3
KRT8,MAPK8IP2
KRT8,SASH1
KRT8,NOMO2
KRT8,PXN
KRT8,EFEMP2
KRT8,KRTAP5-5
KRT8,MCMBP
KRT8,RNF13
KRT8,NEK2
KRT8,APOL4
KRT8,AGTPBP1
KRT8,CYP2C8
KRT8,H4C1
KRT8,MISP
KRT8,HOMER2
KRT8,CHEK1
KRT8,CYP2D7
KRT8,MYO19
KRT8,F11R
KRT8,FOXA2
KRT8,AP1M2
KRT8,CHAF1B
KRT8,HSPD1
KRT8,NR4A2
KRT8,TEK
KRT8,PDXP
KRT8,TARDBP
KRT8,CBX1
KRT8,AP2S1
KRT8,TOR1A
KRT8,IVNS1ABP
KRT8,P4HA2
KRT8,GLRA3
KRT8,PKP2
KRT8,NLRP2
KRT8,ERLIN2
KRT8,GANAB
KRT8,CORO1C
KRT8,FOXP3
KRT8,SMC3
KRT8,ALOX5
KRT8,IGF1R
KRT8,RAB3A
KRT8,PARM1
KRT8,CRK
KRT8,PARP1
KRT8,GPM6A
KRT8,IQCA1
KRT8,ZNF326
KRT8,SFT2D1
KRT8,DPF2
KRT8,PCLO
KRT8,BIRC3
KRT8,RAB20
KRT8,NEFH
KRT8,TYK2
KRT8,VAMP7
KRT8,SYT13
KRT8,SCARB1
KRT8,CASP8
KRT8,URS000040D674_9606
KRT8,SMARCA4
KRT8,DAZAP1
KRT8,ARFGEF1
KRT8,NPPC
KRT8,WDR54
KRT8,HYPK
KRT8,GAB1
KRT8,RBM4B
KRT8,CDK8
KRT8,C11orf24
KRT8,AHI1
KRT8,DENND1A
KRT8,URS00003FE4D4_9606
KRT8,RHOF
KRT8,WARS1
KRT8,MYH2
KRT8,ITK
KRT8,LMNTD1
KRT8,SNX25
KRT8,PALB2
KRT8,CMAHP
KRT8,RAB3GAP2
KRT8,PLEC
KRT8,MAPK15
KRT8,ABI1
KRT8,RUVBL1
KRT8,HEPACAM2
KRT8,NLRP5
KRT8,NUFIP1
KRT8,HSPA1B
KRT8,ECE1
KRT8,NONO
KRT8,F5
KRT8,URS00004023EA_9606
KRT8,CLU
KRT8,ADAP1
KRT8,TLN1
KRT8,SLC8A3
KRT8,CST5
KRT8,URS00004B1671_9606
KRT8,CDC42EP1
KRT8,SCAF8
KRT8,MYB
KRT8,HPN
KRT8,SLC2A2
KRT8,KRTAP25-1
KRT8,ANKRD6
KRT8,DNAJB6
KRT8,LMBRD1
KRT8,DLG1
KRT8,SUGT1
KRT8,PLIN5
KRT8,NSMCE1
KRT8,SPPL3
KRT8,PYCARD
KRT8,HSPA13
KRT8,PRPH
KRT8,ALDH3A2
KRT8,FRMPD2
KRT8,TFG
KRT8,USP53
KRT8,PIK3C2A
KRT8,LZTS2
KRT8,ERCC6L2
KRT8,CSNK1A1
KRT8,HAND2
KRT8,PSEN2
KRT8,KRTAP21-3
KRT8,RYR1
KRT8,POU2F2
KRT8,FRMD5
KRT8,SSX2IP
KRT8,CA13
KRT8,CTNNB1
KRT8,CAT
KRT8,RSC1A1
KRT8,PSME3IP1
KRT8,CIB2
KRT8,PALM
KRT8,URS00002373FD_9606
KRT8,ACTN3
KRT8,KRTAP6-2
KRT8,TRIM67
KRT8,TEC
KRT8,POPDC2
KRT8,LFNG
KRT8,STAM
KRT8,TRIM54
KRT8,PLEKHG6
KRT8,YAP1
KRT8,CD74
KRT8,SMAD1
KRT8,ALOX15B
KRT8,MYADM
KRT8,CFHR2
KRT8,RIPK1
KRT8,GLRA2
KRT8,KRTAP10-7
KRT8,P3H1
KRT8,URS000005CF5F_9606
KRT8,VSIG4
KRT8,MBD3
KRT8,PMIS2
KRT8,USP7
KRT8,CACNG1
KRT8,RNF125
KRT8,FKRP
KRT8,TRAPPC2L
KRT8,NOX1
KRT8,PSMD10
KRT8,FRAT1
KRT8,ADAM2
KRT8,MAP1LC3B
KRT8,CDH6
KRT8,SCRIB
KRT8,MAST1
KRT8,HACL1
KRT8,ENAH
KRT8,PTPN6
KRT8,STX7
KRT8,MVB12A
KRT8,TES
KRT8,RBBP8
KRT8,WASF1
KRT8,ACTR3B
KRT8,CFAP298
KRT8,DISC1
KRT8,DCP2
KRT8,DYNC1I1
KRT8,PDLIM4
KRT8,TOP2A
KRT8,DESI1
KRT8,EPN3
KRT8,DAPK2
KRT8,HSP90AA4P
KRT8,TMEM147
KRT8,COPB1
KRT8,UACA
KRT8,FGA
KRT8,PCDH12
KRT8,FTO
KRT8,HOXA11
KRT8,CASP4
KRT8,URS000075D6B0_9606
KRT8,SH3GL1
KRT8,DDX53
KRT8,SNX16
KRT8,PRELP
KRT8,JPH2
KRT8,SOD1
KRT8,PLD1
KRT8,STX8
KRT8,KRTAP10-6
KRT8,RYR2
KRT8,CCZ1
KRT8,PTPN3
KRT8,JMY
KRT8,KRTAP5-2
KRT8,TNS1
KRT8,KRT82
KRT8,PLEKHA2
KRT8,NDN
KRT8,URS00001CC0F4_9606
KRT8,POLRMT
KRT8,TMSB4Y
KRT8,FHOD1
KRT8,MBP
KRT8,FTCDNL1
KRT8,CD63
KRT8,CD1B
KRT8,DNAJC5
KRT8,PRKCD
KRT8,TENM1
KRT8,FAAP20
KRT8,PAK6
KRT8,UBE2D1
KRT8,TP53BP2
KRT8,KRTAP4-11
KRT8,VCPKMT
KRT8,URS00001F1DA8_9606
KRT8,NOVA1
KRT8,CRYAA
KRT8,KCNN2
KRT8,URS000075CF0B_9606
KRT8,MYL2
KRT8,NHERF1
KRT8,LMOD1
KRT8,DGKG
KRT8,HAO1
KRT8,TAF4
KRT8,GRB2
KRT8,ILDR1
KRT8,SNX2
KRT8,MLLT10
KRT8,CTSZ
KRT8,PRKD1
KRT8,HSPB1
KRT8,FZD4
KRT8,TMX2
KRT8,SORBS1
KRT8,AKAP8
KRT8,URS0000170CF4_9606
KRT8,VPS26A
KRT8,CROT
KRT8,TM7SF2
KRT8,SIAH2
KRT8,ZAR1L
KRT8,PKM
KRT8,CLCN4
KRT8,UHMK1
KRT8,FYCO1
KRT8,EIF4ENIF1
KRT8,HK2
KRT8,ARHGEF5
KRT8,RNF111
KRT8,UXT
KRT8,BSND
KRT8,PRIMA1
KRT8,ZFYVE27
KRT8,SIGLEC15
KRT8,NKX2-5
KRT8,NCLN
KRT8,TMEM91
KRT8,TRAF7
KRT8,TCHP
KRT8,PKP4
KRT8,PKP3
KRT8,KISS1R
KRT8,FKBP1B
KRT8,DSG1
KRT8,RIN1
KRT8,HINT1
KRT8,SGCB
KRT8,RPS12
KRT8,NCKIPSD
KRT8,CLCN7
KRT8,KDM1A
KRT8,RNF6
KRT8,KRTAP26-1
KRT8,SHOX
KRT8,SYCE1L
KRT8,MREG
KRT8,ERLIN1
KRT8,SMTN
KRT8,SLC8A1
KRT8,CCDC66
KRT8,MICALL2
KRT8,PDGFRA
KRT8,PEG10
KRT8,CIR1
KRT8,RADIL
KRT8,ING4
KRT8,SMARCD1
KRT8,GAA
KRT8,KRTAP1-5
KRT8,PINK1
KRT8,FRMD6
KRT8,NECTIN3
KRT8,CTSA
KRT8,NEFM
KRT8,TEPSIN
KRT8,MYO5A
KRT8,NIPBL
KRT8,KRTAP9-6
KRT8,SAMD4A
KRT8,SLC1A6
KRT8,CRYAB
KRT8,SNX27
KRT8,UBA52
KRT8,FMR1
KRT8,HSP90AB4P
KRT8,URS000029C2DC_9606
KRT8,NEDD4
KRT8,CFTR
KRT8,TPM3
KRT8,KRTAP6-3
KRT8,IQCJ-SCHIP1
KRT8,GJB4
KRT8,PPP5C
KRT8,STN1
KRT8,ABCA12
KRT8,ANXA5
KRT8,SLC1A3
KRT8,ATP11A
KRT8,PTN
KRT8,TNK2
KRT8,MORC2
KRT8,DYRK3
KRT8,NFE4
KRT8,GDI1
KRT8,CPSF4
KRT8,AICDA
KRT8,DDB2
KRT8,DGAT2
KRT8,SLC1A4
KRT8,PTPRR
KRT8,GYS2
KRT8,CD81
KRT8,NCOR2
KRT8,C3
KRT8,SRPK1
KRT8,URS0000155642_9606
KRT8,SVBP
KRT8,PPP3CA
KRT8,KLHL41
KRT8,PMEPA1
KRT8,SYBU
KRT8,DGKH
KRT8,MUC4
KRT8,CCDC146
KRT8,KRTAP4-3
KRT8,RAB29
KRT8,SSPOP
KRT8,BRAF
KRT8,SPATA18
KRT8,TMEM47
KRT8,BMP7
KRT8,GRB14
KRT8,HES1
KRT8,COMT
KRT8,KRTAP15-1
KRT8,CFHR1
KRT8,URS0000521832_9606
KRT8,COMP
KRT8,CYB5D1
KRT8,SOX9
KRT8,KRT81
KRT8,NOP16
KRT8,ANXA1
KRT8,NUDT9
KRT8,IRS1
KRT8,LRRC10
KRT8,MYC
KRT8,NR0B2
KRT8,FRMPD4
KRT8,EIF4G3
KRT8,CALM2
KRT8,COL6A2
KRT8,WDFY2
KRT8,CST4
KRT8,SLC27A5
KRT8,F7
KRT8,UTRN
KRT8,VAMP3
KRT8,LLGL1
KRT8,LAMP2
KRT8,TRIP4
KRT8,TMSB15B
KRT8,ODF2
KRT8,FAM72C
KRT8,ACTA2
KRT8,KRT78
KRT8,TLK2
KRT8,LIG1
KRT8,AQP10
KRT8,MYLIP
KRT8,SLC5A1
KRT8,RFX1
KRT8,PPP2R5A
KRT8,KLHL5
KRT8,COL17A1
KRT8,POLE2
KRT8,MAP3K14
KRT8,SMOX
KRT8,AP3S2
KRT8,ARHGAP19
KRT8,G2E3
KRT8,AHCTF1
KRT8,PIK3R4
KRT8,DNM1L
KRT8,RAPH1
KRT8,ATXN7
KRT8,CDC42SE2
KRT8,SCYGR7
KRT8,WDR1
KRT8,NCAPH2
KRT8,RCHY1
KRT8,MCOLN1
KRT8,SFXN4
KRT8,GNB1
KRT8,PDCL3
KRT8,CLIP1
KRT8,SMAGP
KRT8,FGF13
KRT8,ITPKA
KRT8,PEX11B
KRT8,KRTAP4-6
KRT8,AQP4
KRT8,PALLD
KRT8,CABYR
KRT8,CRKL
KRT8,COL4A3
KRT8,GNAI2
KRT8,LAMA2
KRT8,URS00005070A9_9606
KRT8,RAB5B
KRT8,AMACR
KRT8,RAB11A
KRT8,UHRF1
KRT8,DAZAP2
KRT8,LAMTOR5
KRT8,PARD3
KRT8,ECT2
KRT8,SLC7A1
KRT8,ESAM
KRT8,FKBP4
KRT8,CYP2B6
KRT8,DIAPH2
KRT8,URS000030BD69_9606
KRT8,THBD
KRT8,KRTAP23-1
KRT8,FGD2
KRT8,SIGMAR1
KRT8,INPP5F
KRT8,MIER1
KRT8,PDXDC2P
KRT8,PLEKHG4B
KRT8,PRELID1
KRT8,URS00004176D4_9606
KRT8,BRSK1
KRT8,PEX11A
KRT8,CALD1
KRT8,URS000025576D_9606
KRT8,OSBPL5
KRT8,DENND1B
KRT8,MARCHF1
KRT8,HEATR5B
KRT8,SYNPO2
KRT8,PRAM1
KRT8,CMYA5
KRT8,IGF2BP2
KRT8,ABCB9
KRT8,ACTN1
KRT8,OGN
KRT8,RND1
KRT8,KRT74
KRT8,ZC3H18
KRT8,ANKRD27
KRT8,URS0000164F91_9606
KRT8,CST2
KRT8,HNF1A
KRT8,ELMOD3
KRT8,SMN1
KRT8,CD69
KRT8,ZG16B
KRT8,BRCA1
KRT8,KRTAP10-4
KRT8,PRDM14
KRT8,MVP
KRT8,RASIP1
KRT8,FERMT1
KRT8,CASP14
KRT8,KRT71
KRT8,KRTAP13-2
KRT8,BRK1
KRT8,TWF1
KRT8,SPAG4
KRT8,DGKQ
KRT8,GJA1
KRT8,KRT12
KRT8,FMO3
KRT8,CLNK
KRT8,LY6G5B
KRT8,RPS7
KRT8,RAP1A
KRT8,CDC42EP3
KRT8,TNKS1BP1
KRT8,TCAF2C
KRT8,LBH
KRT8,CDC42BPB
KRT8,PLA2G4F
KRT8,RNASEL
KRT8,TMOD3
KRT8,NOS1
KRT8,KRTAP5-1
KRT8,SRC
KRT8,KLC2
KRT8,SAMD9
KRT8,RAD54L
KRT8,RAB23
KRT8,ATG9A
KRT8,NPHP1
KRT8,CYP2C19
KRT8,MIOS
KRT8,RETREG3
KRT8,NPHP4
KRT8,PHF5A
KRT8,XPC
KRT8,VRK3
KRT8,SFT2D3
KRT8,CEBPA
KRT8,CARD9
KRT8,DNTT
KRT8,TASL
KRT8,DENND1C
KRT8,FLNB
KRT8,BCL3
KRT8,STX3
KRT8,PICALM
KRT8,HAT1
KRT8,URS0000010D30_9606
KRT8,ERMN
KRT8,VAMP8
KRT8,PEX19
KRT8,CAV3
KRT8,SLC27A6
KRT8,KRTAP20-1
KRT8,CFAP47
KRT8,IKZF4
KRT8,MTCL1
KRT8,BFSP1
KRT8,URS00005C2E31_9606
KRT8,CDC42BPG
KRT8,CLCN1
KRT8,SLC35F6
KRT8,FRMD4A
KRT8,PARD3B
KRT8,RUFY3
KRT8,KCNK1
KRT8,LMNB2
KRT8,MARCKSL1
KRT8,CMTR1
KRT8,RBM10
KRT8,ATP6V0A1
KRT8,SERPINA1
KRT8,UPF3A
KRT8,COQ4
KRT8,FGD6
KRT8,SMO
KRT8,URS000075BC79_9606
KRT8,DRG2
KRT8,SQSTM1
KRT8,TCF12
KRT8,CHD4
KRT8,FRS2
KRT8,ARHGAP33
KRT8,HCFC1
KRT8,MYO18B
KRT8,KRTAP9-8
KRT8,MORC3
KRT8,SRI
KRT8,NCOA1
KRT8,HEG1
KRT8,SHROOM2
KRT8,OOEP
KRT8,DCTN2
KRT8,PKD2L1
KRT8,NLRC3
KRT8,STXBP1
KRT8,BAG6
KRT8,DIO3
KRT8,KRT23
KRT8,VAC14
KRT8,TGFB3
KRT8,CRYBG3
KRT8,PRKG1
KRT8,GPRC5C
KRT8,SNX31
KRT8,DLG5
KRT8,LHX1
KRT8,ECSCR
KRT8,TF
KRT8,AP1S3
KRT8,URS000059273E_9606
KRT8,ZNF350
KRT8,OTX2
KRT8,CGN
KRT8,NCOA3
KRT8,PADI4
KRT8,MYOZ1
KRT8,HEPACAM
KRT8,WASF2
KRT8,KRT6A
KRT8,TMSB4X
KRT8,MDM2
KRT8,PCDH1
KRT8,TMEM216
KRT8,BMP5
KRT8,KHDRBS1
KRT8,PDE9A
KRT8,SCYGR3
KRT8,SARM1
KRT8,GOPC
KRT8,CR1
KRT8,STX2
KRT8,IQGAP3
KRT8,CSH1
KRT8,MARCHF3
KRT8,PPP1R13L
KRT8,AAK1
KRT8,RGS12
KRT8,COX11
KRT8,DSC3
KRT8,SNU13
KRT8,DUSP29
KRT8,S1PR1
KRT8,RFX5
KRT8,KRT25
KRT8,STX12
KRT8,RAET1G
KRT8,SNX15
KRT8,MTRR
KRT8,CCM2
KRT8,VAMP2
KRT8,CCDC93
KRT8,KRTAP4-1
KRT8,CASK
KRT8,NR3C1
KRT8,ALS2
KRT8,FOXI1
KRT8,WAPL
KRT8,ARC
KRT8,ABCA13
KRT8,AMTN
KRT8,RAD51C
KRT8,MEF2B
KRT8,SSH1
KRT8,SH3PXD2A
KRT8,PTPRK
KRT8,SLC7A5
KRT8,DCLK2
KRT8,RANGAP1
KRT8,KRT18
KRT8,P3H2
KRT8,EVA1A
KRT8,URS0000324096_9606
KRT8,CLDN7
KRT8,ATRAID
KRT8,PACSIN2
KRT8,ATP23
KRT8,PTPN13
KRT8,ARAP1
KRT8,URS0000010C72_9606
KRT8,ATP2B2
KRT8,SGCD
KRT8,TCAF2
KRT8,CYP2C9
KRT8,ACTR6
KRT8,CYP39A1
KRT8,KRT14
KRT8,TMSB15C
KRT8,CLDN8
KRT8,MACF1
KRT8,CLN6
KRT8,STAT1
KRT8,MUC1
KRT8,TEAD2
KRT8,DAZ1
KRT8,MAN2B1
KRT8,SESTD1
KRT8,FGD4
KRT8,AKAP8L
KRT8,HTRA2
KRT8,UFL1
KRT8,WDFY1
KRT8,SPINK5
KRT8,KRTAP4-9
KRT8,RDH5
KRT8,ATP1A2
KRT8,MAPKAPK5
KRT8,GDF11
KRT8,DNMBP
KRT8,PATJ
KRT8,SORBS2
KRT8,KIF9
KRT8,SEM1
KRT8,PHF10
KRT8,KLRG1
KRT8,CGRRF1
KRT8,PDCD6IP
KRT8,POU2F1
KRT8,SKI
KRT8,SLC24A4
KRT8,SAXO1
KRT8,HSD11B2
KRT8,SLC1A2
KRT8,KRTAP19-6
KRT8,IFFO2
KRT8,KRTAP1-3
KRT8,LRP1
KRT8,ID2
KRT8,STK4
KRT8,FAM241A
KRT8,SH3PXD2B
KRT8,PDLIM3
KRT8,ESR2
KRT8,KANK3
KRT8,PEX5
KRT8,GPRC5A
KRT8,MAEA
KRT8,SAXO2
KRT8,SPPL2A
KRT8,MAPK1
KRT8,anxa2-s100a10-smarca3_human
KRT8,SMC1A
KRT8,A3GALT2
KRT8,ASF1A
KRT8,MPP4
KRT8,CIC
KRT8,CSTF2T
KRT8,KRT4
KRT8,CADM1
KRT8,FBLN2
KRT8,P4HA1
KRT8,KLF6
KRT8,PPT1
KRT8,CFAP57
KRT8,ACTR3
KRT8,URS00003E6479_9606
KRT8,SLC2A4
KRT8,PADI3
KRT8,LCP2
KRT8,STAG1
KRT8,FARP2
KRT8,MLIP
KRT8,PAX2
KRT8,CLEC16A
KRT8,GMCL2
KRT8,INPP5D
KRT8,TCAP
KRT8,PRODH
KRT8,RPL23
KRT8,FIS1
KRT8,SLC12A2
KRT8,PIP4K2C
KRT8,ACTL6B
KRT8,DENND4C
KRT8,URS000075A2F8_9606
KRT8,DLG4
KRT8,SCYGR8
KRT8,CFAP157
KRT8,SEC13
KRT8,VPS72
KRT8,AMER1
KRT8,AZU1
KRT8,HMGB2
KRT8,ITPKB
KRT8,CSF2
KRT8,DNAJC3
KRT8,SMARCA1
KRT8,NEIL2
KRT8,RHO
KRT8,HSP90B1
KRT8,EVC2
KRT8,KRTAP12-1
KRT8,P2RX7
KRT8,VTI1B
KRT8,MPP1
KRT8,NCS1
KRT8,CEP76
KRT8,RGP1
KRT8,NOD2
KRT8,PCP4
KRT8,SYMPK
KRT8,RABEPK
KRT8,EEF1AKMT3
KRT8,URS00001234DF_9606
KRT8,KRT16
KRT8,MPP2
KRT8,LDB3
KRT8,TRIM28
KRT8,FABP1
KRT8,KRTAP16-1
KRT8,MPLKIP
KRT8,ERCC8
KRT8,PLCB3
KRT8,CLDN5
KRT8,KRTAP9-9
KRT8,GTF2A2
KRT8,PPIH
KRT8,PITPNM1
KRT8,FGD5
KRT8,SLC34A1
KRT8,TSPAN4
KRT8,ZAR1
KRT8,XAB2
KRT8,TAGLN2
KRT8,P3H4
KRT8,ODAM
KRT8,NR1I2
KRT8,KRTAP4-16
KRT8,RNF168
KRT8,KRTAP11-1
KRT8,SYNDIG1L
KRT8,KRTAP1-4
KRT8,APPL2
KRT8,CDHR2
KRT8,DOLPP1
KRT8,CCZ1B
KRT8,STK11
KRT8,ARHGEF18
KRT8,RSPH10B2
KRT8,LPAR4
KRT8,GRIA1
KRT8,TGFB1I1
KRT8,A0A1B0GTQ1
KRT8,RBM39
KRT8,CAVIN1
KRT8,LIN7C
KRT8,IFT172
KRT8,HSP90AB1
KRT8,COG7
KRT8,MARK1
KRT8,DRC12
KRT8,RBBP4
KRT8,NCOA2
KRT8,ADA
KRT8,PIAS4
KRT8,NAT9
KRT8,CYP2D6
KRT8,TLE6
KRT8,LLGL2
KRT8,EPS15
KRT8,KRTAP4-7
KRT8,GPLD1
KRT8,SCYGR9
KRT8,KRTAP9-1
KRT8,ASPSCR1
KRT8,SSH2
KRT8,DPYSL5
KRT8,GJB3
KRT8,RBBP6
KRT8,XPOT
KRT8,CLNS1A
KRT8,CLDN18
KRT8,STAG2
KRT8,CAVIN3
KRT8,PCM1
KRT8,KRTAP19-2
KRT8,HOXC5
KRT8,GAPT
KRT8,SPARC
KRT8,KRTAP5-11
KRT8,CLDN3
KRT8,FRMPD1
KRT8,ERGIC2
KRT8,MEF2C
KRT8,FSCN1
KRT8,CYP1A1
KRT8,URS0000149452_9606
KRT8,CTSG
KRT8,CASP1
KRT8,HNRNPA2B1
KRT8,UPK1A
KRT8,GHRHR
KRT8,KIF4A
KRT8,TCTE1
KRT8,RRAGD
KRT8,KLHL3
KRT8,HIP1
KRT8,CPS1
KRT8,NR0B1
KRT8,ADGRB1
KRT8,AURKAIP1
KRT8,BLNK
KRT8,PROM1
KRT8,TMBIM1
KRT8,HEXD
KRT8,PPM1F
KRT8,ECI2
KRT8,NEK6
KRT8,IKBKG
KRT8,S100A9
KRT8,TRIM72
KRT8,CLDN1
KRT8,PGLYRP3
KRT8,OLR1
KRT8,FAM72B
KRT8,EIF1AD
KRT8,EPB42
KRT8,CENPF
KRT8,PPP3CB
KRT8,VHL
KRT8,CCDC134
KRT8,AJUBA
KRT8,URS000075B0F6_9606
KRT8,MBD2
KRT8,DSTYK
KRT8,EPPIN
KRT8,FLOT1
KRT8,RUNX1T1
KRT8,OVGP1
KRT8,PTPRJ
KRT8,QTRT1
KRT8,FLNA
KRT8,RYR3
KRT8,LMOD3
KRT8,SPESP1
KRT8,ZNRF1
KRT8,MFGE8
KRT8,NCSTN
KRT8,KRT37
KRT8,ACTB
KRT8,KRT9
KRT8,ADGRA2
KRT8,PARP9
KRT8,KRTAP24-1
KRT8,SEC16B
KRT8,YIF1A
KRT8,BORCS5
KRT8,AGTRAP
KRT8,PBRM1
KRT8,AQP9
KRT8,HLA-DPA1
KRT8,PML
KRT8,KRTAP2-1
KRT8,CYP4A22
KRT8,CNN2
KRT8,PTPN5
KRT8,ARMC8
KRT8,ATN1
KRT8,KIF4B
KRT8,COL6A1
KRT8,TENM2
KRT8,SPRN
KRT8,SCIN
KRT8,PPP3R1
KRT8,KRTAP5-6
KRT8,WNT2B
KRT8,IPO4
KRT8,SNX4
KRT8,CLCN6
KRT8,SH3GLB1
KRT8,PLEKHN1
KRT8,ARHGEF2
KRT8,MTA1
KRT8,URS00002E857A_9606
KRT8,CASP9
KRT8,HLA-DMB
KRT8,NACC1
KRT8,CDH3
KRT8,SLCO5A1
KRT8,UBQLN4
KRT8,URS00002075FA_9606
KRT8,CNKSR1
KRT8,SMPD4
KRT8,PDZD2
KRT8,HCAR3
KRT8,ATF4
KRT8,AKAP7
KRT8,SCYGR6
KRT8,YIPF3
KRT8,SCYGR2
KRT8,CYP4F12
KRT8,URS00003768C5_9606
KRT8,MGAT1
KRT8,PEX11G
KRT8,CDC42EP5
KRT8,TAB1
KRT8,FXR1
KRT8,ACTG1
KRT8,B4GALT2
KRT8,CFAP410
KRT8,RCC1
KRT8,KRTAP4-5
KRT8,SCN8A
KRT8,PFN3
KRT8,CSRP2
KRT8,FGR
KRT8,STK36
KRT8,TRMT112
KRT8,URS00003F7488_9606
KRT8,VIM
KRT8,RAB11FIP3
KRT8,DHX9
KRT8,RBMY1C
KRT8,NANOGP8
KRT8,MYO5B
KRT8,ATP2B4
KRT8,ICA1
KRT8,STK39
KRT8,URS00005743AE_9606
KRT8,DNAI1
KRT8,KRT72
KRT8,RIPK2
KRT8,DOCK5
KRT8,ATXN3
KRT8,CDH17
KRT8,STAC2
KRT8,SLC6A6
KRT8,KRT26
KRT8,ULBP2
KRT8,TCTN2
KRT8,CYP2F1
KRT8,GIGYF1
KRT8,DAB2
KRT8,SQLE
KRT8,FOXK2
KRT8,TP73
KRT8,LAMP1
KRT8,NANOG
KRT8,TGM3
KRT8,EFCAB2
KRT8,DNAJC13
KRT8,KRTAP9-4
KRT8,FSCN3
KRT8,DAZ3
KRT8,MPZL2
KRT8,MYCBP2
KRT8,UGT1A6
KRT8,KRTAP19-5
KRT8,TPM1
KRT8,GPN3
KRT8,KRT6C
KRT8,KIDINS220
KRT8,SLC3A2
KRT8,RGS7
KRT8,FGFR4
KRT8,RGS11
KRT8,NEO1
KRT8,RFTN1
KRT8,CORO1A
KRT8,KRT17
KRT8,NAA15
KRT8,LMNA
KRT8,LSR
KRT8,GPER1
KRT8,SLMAP
KRT8,CYB561D2
KRT8,ZNF638
KRT8,KRT13
KRT8,SLC66A1
KRT8,SLC51B
KRT8,ZMPSTE24
KRT8,BNIP2
KRT8,CERS1
KRT8,RABEP2
KRT8,NES
KRT8,HNRNPM
KRT8,NLRC4
KRT8,MCF2
KRT8,STK11IP
KRT8,URS00004449AE_9606
KRT8,TMSB15A
KRT8,TTN
KRT8,SLC30A7
KRT8,CACNA1D
KRT8,PLEKHG3
KRT8,FBLIM1
KRT8,ABCD3
KRT8,PPIC
KRT8,PSMG3
KRT8,ITCH
KRT8,DAZ2
KRT8,PSAP
KRT8,TDRP
KRT8,METTL21EP
KRT8,HOXA13
KRT8,KRTAP6-1
KRT8,PDZD11
KRT8,BLVRB
KRT8,GSTP1
KRT8,STX16
KRT8,PUSL1
KRT8,DEFA5
KRT8,PUF60
KRT8,SLC35B1
KRT8,ADD1
KRT8,TMEM114
KRT8,MEN1
KRT8,MYSM1
KRT8,PANX1
KRT8,URS000075CAC3_9606
KRT8,FUCA1
KRT8,KRTAP2-3
KRT8,RDH16
KRT8,VAPA
KRT8,TRIM46
KRT8,SMARCD2
KRT8,ALDOC
KRT8,ARHGAP28
KRT8,MDN1
KRT8,GOLT1B
KRT8,OIP5
KRT8,SIRT3
KRT8,PRDX3
KRT8,CARD17P
KRT8,KRTAP12-4
KRT8,SATB1
KRT8,MAPK3
KRT8,FAM98B
KRT8,LSM4
KRT8,CYP2A13
KRT8,CARD8
KRT8,krt8-krt18_human
KRT8,URS000037DAEA_9606
KRT8,HCK
KRT8,SLC49A4
KRT8,SYN1
KRT8,ZNF10
KRT8,URS000043D1A9_9606
KRT8,TRIM63
KRT8,IGSF11
KRT8,OCLN
KRT8,CEND1
KRT8,KCND2
KRT8,RSPH10B
KRT8,BRD7
KRT8,CHIC2
KRT8,DNMT3A
KRT8,SORCS2
KRT8,GRB10
KRT8,RAB41
KRT8,TRPS1
KRT8,HJV
KRT8,PKN2
KRT8,PPM1E
KRT8,MAP2K2
KRT8,G6PD
KRT8,SCN1A
KRT8,GFRA1
KRT8,ACOX2
MAPRE3,CRACR2A
MAPRE3,SEPTIN7
MAPRE3,DCDC2
MAPRE3,JTB
MAPRE3,EML4
MAPRE3,ANKRD54
MAPRE3,ATXN10
MAPRE3,MAP1S
MAPRE3,EXOC5
MAPRE3,RAD21
MAPRE3,DCTN1
MAPRE3,KIF23
MAPRE3,CAMSAP1
MAPRE3,ERH
MAPRE3,HSPA5
MAPRE3,HNRNPU
MAPRE3,MPLKIP
MAPRE3,CIAO2B
MAPRE3,KIF3B
MAPRE3,IST1
MAPRE3,PIK3C3
MAPRE3,SSH1
MAPRE3,ARL8A
MAPRE3,AGBL5
MAPRE3,NUMA1
MAPRE3,TTC19
MAPRE3,PITPNM1
MAPRE3,MARK4
MAPRE3,GAS2L2
MAPRE3,MAPRE2
MAPRE3,ANXA2
MAPRE3,RNF4
MAPRE3,CHMP1A
MAPRE3,KRT18
MAPRE3,GDI1
MAPRE3,SCCPDH
MAPRE3,USO1
MAPRE3,RACK1
MAPRE3,RAB11FIP4
MAPRE3,CCDC124
MAPRE3,BIRC6
MAPRE3,CHMP5
MAPRE3,TRIOBP
MAPRE3,CHMP4BP1
MAPRE3,SPECC1L
MAPRE3,PRKCZ
MAPRE3,SPRY2
MAPRE3,GLG1
MAPRE3,VPS4A
MAPRE3,KATNBL1
MAPRE3,RAB8A
MAPRE3,RASGEF1B
MAPRE3,SYNE1
MAPRE3,CLIP4
MAPRE3,RIF1
MAPRE3,GNAI3
MAPRE3,TRAPPC14
MAPRE3,VIM
MAPRE3,DNM2
MAPRE3,NEK2
MAPRE3,RAB11FIP3
MAPRE3,CEP126
MAPRE3,KIFC2
MAPRE3,NCKAP5
MAPRE3,ABRAXAS2
MAPRE3,DCDC1
MAPRE3,RALB
MAPRE3,MISP
MAPRE3,KIF17
MAPRE3,KIFC1
MAPRE3,KATNB1
MAPRE3,DCTN3
MAPRE3,BCL3
MAPRE3,TEX14
MAPRE3,TACC1
MAPRE3,PDXP
MAPRE3,vps4a-vps4b_human
MAPRE3,SEPTIN6
MAPRE3,CENPE
MAPRE3,SAFB
MAPRE3,MSRA
MAPRE3,EXOC3
MAPRE3,ARL3
MAPRE3,EML3
MAPRE3,NEK7
MAPRE3,ZNF330
MAPRE3,CLIP2
MAPRE3,CTNND1
MAPRE3,ENTR1
MAPRE3,DDX11
MAPRE3,CEP55
MAPRE3,TEKT2
MAPRE3,KLHL9
MAPRE3,PPP1CC
MAPRE3,DCDC2B
MAPRE3,MTCL1
MAPRE3,PTCH1
MAPRE3,CYLD
MAPRE3,KIF20A
MAPRE3,NAV3
MAPRE3,SPART
MAPRE3,ALKBH4
MAPRE3,SHCBP1
MAPRE3,APC2
MAPRE3,ARF6
MAPRE3,SLAIN2
MAPRE3,CHMP2A
MAPRE3,SPAG5
MAPRE3,LYRM1
MAPRE3,CDC6
MAPRE3,SVIL
MAPRE3,MITD1
MAPRE3,KNSTRN
MAPRE3,SEPTIN1
MAPRE3,CHMP4B
MAPRE3,CETN3
MAPRE3,VPS37B
MAPRE3,WRAP73
MAPRE3,ZFYVE26
MAPRE3,CENPV
MAPRE3,FAM234B
MAPRE3,KATNA1
MAPRE3,CCDC69
MAPRE3,CPEB3
MAPRE3,SLC2A1
MAPRE3,TTLL12
MAPRE3,NUDC
MAPRE3,GNAI1
MAPRE3,RNF8
MAPRE3,CHMP7
MAPRE3,PRC1
MAPRE3,LRP1
MAPRE3,CHMP1B
MAPRE3,CTDP1
MAPRE3,LATS1
MAPRE3,CNTRL
MAPRE3,MYH10
MAPRE3,CHMP6
MAPRE3,CHMP2B
MAPRE3,KIF4A
MAPRE3,RAN
MAPRE3,TPPP
MAPRE3,EXOC7
MAPRE3,SPAST
MAPRE3,DIAPH3
MAPRE3,FAM50B
MAPRE3,RHOA
MAPRE3,CDC42
MAPRE3,PPP1R42
MAPRE3,TTC28
MAPRE3,UVRAG
MAPRE3,CENPC
MAPRE3,ARFGEF2
MAPRE3,ANLN
MAPRE3,MTCL2
MAPRE3,ZFYVE19
MAPRE3,PLK1
MAPRE3,CKAP5
MAPRE3,ARL2BP
MAPRE3,escrt-iii_human
MAPRE3,C6orf89
MAPRE3,CLIP1
MAPRE3,TOPORS
MAPRE3,SPECC1
MAPRE3,SMTNL2
MAPRE3,HEPACAM2
MAPRE3,MICAL1
MAPRE3,ANXA11
MAPRE3,CHMP4A
MAPRE3,CENPF
MAPRE3,CLIP3
MAPRE3,KIF18B
MAPRE3,PIK3CB
MAPRE3,AURKA
MAPRE3,YPEL5
MAPRE3,FLCN
MAPRE3,GNAI2
MAPRE3,MAP4
MAPRE3,PSRC1
MAPRE3,KLHDC8B
MAPRE3,GEM
MAPRE3,KIF2C
MAPRE3,MAK
MAPRE3,NAT10
MAPRE3,DEFA5
MAPRE3,ASPM
MAPRE3,CEP44
MAPRE3,FLOT1
MAPRE3,DST
MAPRE3,RACGAP1
MAPRE3,DCDC2C
MAPRE3,ECT2
MAPRE3,TUBGCP2
MAPRE3,USP8
MAPRE3,ALDOB
MAPRE3,PAX2
MAPRE3,CEP250
MAPRE3,INCENP
MAPRE3,PKN1
MAPRE3,USP50
MAPRE3,TBCB
MAPRE3,TM9SF2
MAPRE3,WIZ
MAPRE3,NEXMIF
MAPRE3,PIN1
MAPRE3,ARL8B
MAPRE3,URB2
MAPRE3,IQGAP1
MAPRE3,RCC2
MAPRE3,SEPTIN2
MAPRE3,SPAG8
MAPRE3,POLDIP2
MAPRE3,BIRC5
MAPRE3,AURKB
MAPRE3,PKP4
MAPRE3,MYO18A
MAPRE3,SEPTIN12
MAPRE3,SSNA1
MAPRE3,CDK1
MAPRE3,MAP10
MAPRE3,TXNDC9
MAPRE3,KIF13A
MAPRE3,TBCK
MAPRE3,UNC119
MAPRE3,GNL3
MAPRE3,CDK5RAP2
MAPRE3,RDX
MAPRE3,LZTS2
MAPRE3,APP
MAPRE3,ANKRD45
MAPRE3,AURKC
MAPRE3,CLASP2
MAPRE3,SLAIN1
MAPRE3,NCKAP5L
MAPRE3,MAPRE1
MAPRE3,DTNBP1
MAPRE3,CLIC4
MAPRE3,CCDC61
MAPRE3,CLASP1
MAPRE3,KIF20B
MAPRE3,CHMP3
MAPRE3,SIRT2
MAPRE3,HSP90B1
MAPRE3,TTC23L
MAPRE3,RAP2A
MAPRE3,KIF14
MAPRE3,SMTNL1
MAPRE3,GAS2L1
MAPRE3,PKN2
MAPRE3,MBD5
MAPRE3,CHMP4C
MAPRE3,SH3GLB1
MAPRE3,SMTN
MAPRE3,CDCA8
MAPRE3,CAMSAP2
MAPRE3,DYNLT4
MAPRE3,MAP9
MAPRE3,FIRRM
MAPRE3,CRMP1
MAPRE3,VPS4B
MAPRE3,ABCA2
MAPRE3,KEAP1
MAPRE3,NLRP3
CTNNA1,LIPJ
CTNNA1,KALRN
CTNNA1,TUBB4B
CTNNA1,PIP5K1C
CTNNA1,PRKAR1A
CTNNA1,MUC16
CTNNA1,B4GALT1
CTNNA1,CSRP1
CTNNA1,CALCR
CTNNA1,ARRDC2
CTNNA1,DTNA
CTNNA1,B2M
CTNNA1,SHROOM1
CTNNA1,LOC100653049
CTNNA1,ITGB4
CTNNA1,FANCL
CTNNA1,SUN1
CTNNA1,RAC1
CTNNA1,SNTB2
CTNNA1,GLI3
CTNNA1,PEMT
CTNNA1,JCAD
CTNNA1,FRMD4B
CTNNA1,NDFIP2
CTNNA1,PRKCE
CTNNA1,KAT5
CTNNA1,DLX1
CTNNA1,FRMD1
CTNNA1,EFR3B
CTNNA1,CDH13
CTNNA1,ADAM9
CTNNA1,arp2_3_human-4
CTNNA1,CARD16
CTNNA1,CABP1
CTNNA1,EEF2KMT
CTNNA1,SCNN1A
CTNNA1,LSP1
CTNNA1,TSC1
CTNNA1,HOXA2
CTNNA1,COQ5
CTNNA1,H2BC9
CTNNA1,METTL21C
CTNNA1,DYNLL2
CTNNA1,PTGS2
CTNNA1,SCHIP1
CTNNA1,SNAP23
CTNNA1,S100A7
CTNNA1,DNM2
CTNNA1,RPS9
CTNNA1,CYP4F2
CTNNA1,QTRT2
CTNNA1,DGKI
CTNNA1,MPP3
CTNNA1,LAMA3
CTNNA1,PLEKHH3
CTNNA1,HSPG2
CTNNA1,REXO2
CTNNA1,THAP7
CTNNA1,SH3GL2
CTNNA1,DZIP1
CTNNA1,METTL22
CTNNA1,UGGT1
CTNNA1,SNX5
CTNNA1,VPS37A
CTNNA1,CST7
CTNNA1,BMP2
CTNNA1,GZMK
CTNNA1,RAB27A
CTNNA1,ESR1
CTNNA1,KCNA5
CTNNA1,DSG2
CTNNA1,FLNC
CTNNA1,FARP1
CTNNA1,VCL
CTNNA1,PRKCH
CTNNA1,VTA1
CTNNA1,SLC41A1
CTNNA1,OR51E2
CTNNA1,C1QTNF5
CTNNA1,DOT1L
CTNNA1,TRIM9
CTNNA1,APBB3
CTNNA1,CD19
CTNNA1,ATP13A2
CTNNA1,MVK
CTNNA1,SNTA1
CTNNA1,CDH19
CTNNA1,RASSF2
CTNNA1,ACSS3
CTNNA1,CD177
CTNNA1,FOCAD
CTNNA1,DAPK1
CTNNA1,PGM5
CTNNA1,SLC2A1
CTNNA1,ATP2B1
CTNNA1,BRCA2
CTNNA1,APEX2
CTNNA1,HSPA1A
CTNNA1,TRIP6
CTNNA1,AKAP9
CTNNA1,HNRNPC
CTNNA1,METTL21A
CTNNA1,APAF1
CTNNA1,EGR2
CTNNA1,KLK6
CTNNA1,PEA15
CTNNA1,TRPV4
CTNNA1,QSOX1
CTNNA1,TH
CTNNA1,WDR48
CTNNA1,ADGRE5
CTNNA1,GRK3
CTNNA1,HSD3B2
CTNNA1,CST1
CTNNA1,MYOZ2
CTNNA1,ABCB4
CTNNA1,DSC2
CTNNA1,TJP3
CTNNA1,EBAG9
CTNNA1,CYP1A2
CTNNA1,PDXDC1
CTNNA1,RAP2C
CTNNA1,FLT1
CTNNA1,SLIRP
CTNNA1,ITGB6
CTNNA1,CAMKMT
CTNNA1,NOP53
CTNNA1,CKAP5
CTNNA1,DOCK2
CTNNA1,SLC16A10
CTNNA1,RC3H2
CTNNA1,LAT
CTNNA1,ACR
CTNNA1,TDP1
CTNNA1,AP3M2
CTNNA1,RHOG
CTNNA1,CLUAP1
CTNNA1,TAX1BP3
CTNNA1,arp2_3_human-2
CTNNA1,AGXT
CTNNA1,RIC3
CTNNA1,EIF4EBP2
CTNNA1,CAV1
CTNNA1,ADGRF1
CTNNA1,WASH3P
CTNNA1,AUTS2
CTNNA1,SLC7A14
CTNNA1,LAMP3
CTNNA1,LY6G6D
CTNNA1,PRKDC
CTNNA1,IDI2
CTNNA1,CFAP263
CTNNA1,BCL2
CTNNA1,SLC22A6
CTNNA1,PYM1
CTNNA1,POMC
CTNNA1,CFAP119
CTNNA1,ADGRF5
CTNNA1,UBC
CTNNA1,KCNC2
CTNNA1,INCENP
CTNNA1,MYO1C
CTNNA1,IL1RL1
CTNNA1,CDC42BPA
CTNNA1,KRT28
CTNNA1,HTT
CTNNA1,OGT
CTNNA1,CDC42SE1
CTNNA1,KRT34
CTNNA1,MAP3K5
CTNNA1,CYP2E1
CTNNA1,INKA2
CTNNA1,POLDIP2
CTNNA1,MAGI3
CTNNA1,WNK4
CTNNA1,BARX2
CTNNA1,CAPRIN1
CTNNA1,ARL14EP
CTNNA1,CNST
CTNNA1,AXL
CTNNA1,CTSK
CTNNA1,FILIP1
CTNNA1,FGD1
CTNNA1,SNAI1
CTNNA1,BMAL1
CTNNA1,CTU2
CTNNA1,AP1B1
CTNNA1,AKT1
CTNNA1,FRMPD3
CTNNA1,KLHL1
CTNNA1,FZD2
CTNNA1,VPS25
CTNNA1,FIG4
CTNNA1,TAF6
CTNNA1,REPS1
CTNNA1,GM2A
CTNNA1,DYNLT4
CTNNA1,SLC9A7
CTNNA1,MEGF10
CTNNA1,N4BP3
CTNNA1,KIT
CTNNA1,TCP11L2
CTNNA1,TMEM65
CTNNA1,BVES
CTNNA1,AP1G1
CTNNA1,MCUB
CTNNA1,NR1I3
CTNNA1,SHLD2
CTNNA1,ASF1B
CTNNA1,JAK2
CTNNA1,SCN2A
CTNNA1,GDI2
CTNNA1,DEF6
CTNNA1,C10orf90
CTNNA1,LRPPRC
CTNNA1,MYL6
CTNNA1,MYPN
CTNNA1,CC2D2A
CTNNA1,DYNC1I2
CTNNA1,RPS16
CTNNA1,ABCA9
CTNNA1,CATSPER4
CTNNA1,DCAF7
CTNNA1,CYP2U1
CTNNA1,HDHD3
CTNNA1,FGFR2
CTNNA1,HSD17B3
CTNNA1,RPS19
CTNNA1,CEACAM1
CTNNA1,KRT31
CTNNA1,ARVCF
CTNNA1,IL37
CTNNA1,TUBA4A
CTNNA1,MAPK6
CTNNA1,JUP
CTNNA1,GSN
CTNNA1,GIMAP4
CTNNA1,CTSE
CTNNA1,SMAD6
CTNNA1,CD1C
CTNNA1,AKNA
CTNNA1,TRIOBP
CTNNA1,RUNX1
CTNNA1,RAP1B
CTNNA1,ZFYVE9
CTNNA1,CYP2S1
CTNNA1,CETP
CTNNA1,PPARG
CTNNA1,CD2AP
CTNNA1,TRAPPC14
CTNNA1,SIPA1
CTNNA1,SNCA
CTNNA1,BLM
CTNNA1,CXADR
CTNNA1,APOA1
CTNNA1,CSPG4
CTNNA1,KLK5
CTNNA1,WFS1
CTNNA1,arp2_3_human-6
CTNNA1,EPN2
CTNNA1,SPTBN4
CTNNA1,LRRC26
CTNNA1,TMEM9
CTNNA1,CRTAP
CTNNA1,PIK3R1
CTNNA1,DOC2A
CTNNA1,CYTH1
CTNNA1,ABI2
CTNNA1,SLC11A2
CTNNA1,VAV1
CTNNA1,GNA12
CTNNA1,UBE2D2
CTNNA1,CD40
CTNNA1,ADD3
CTNNA1,SALL4
CTNNA1,XRCC2
CTNNA1,AKT2
CTNNA1,BCL10
CTNNA1,CDKN1B
CTNNA1,MYOZ3
CTNNA1,SMARCC1
CTNNA1,S100A10
CTNNA1,FLACC1
CTNNA1,ITGB8
CTNNA1,DNAJC7
CTNNA1,F2RL2
CTNNA1,TMEM258
CTNNA1,METTL5
CTNNA1,CRB2
CTNNA1,DSP
CTNNA1,SPART
CTNNA1,ACSBG1
CTNNA1,CTSH
CTNNA1,FMN2
CTNNA1,NFASC
CTNNA1,GTF2F1
CTNNA1,DDR2
CTNNA1,CDC42EP4
CTNNA1,CASS4
CTNNA1,ARPIN
CTNNA1,SERBP1
CTNNA1,TTC5
CTNNA1,scribble_human-9
CTNNA1,SNX19
CTNNA1,DLL1
CTNNA1,AQP11
CTNNA1,CDH26
CTNNA1,ZAP70
CTNNA1,NEXN
CTNNA1,CLCA2
CTNNA1,BASP1
CTNNA1,SOX30
CTNNA1,GNAT3
CTNNA1,MAPKAP1
CTNNA1,ERVK-6
CTNNA1,LIMS3
CTNNA1,SPAM1
CTNNA1,UGGT2
CTNNA1,PCDH9
CTNNA1,ALK
CTNNA1,IFITM5
CTNNA1,PTPRM
CTNNA1,PLA2G15
CTNNA1,EIF5A2
CTNNA1,KRT24
CTNNA1,RAN
CTNNA1,CEP164
CTNNA1,LAMTOR4
CTNNA1,NHS
CTNNA1,FAT2
CTNNA1,HYAL4
CTNNA1,DPP7
CTNNA1,PLEKHH2
CTNNA1,EFTUD2
CTNNA1,PERP
CTNNA1,KMT2E
CTNNA1,MYD88
CTNNA1,SCN5A
CTNNA1,CROCC
CTNNA1,HSP90AA2P
CTNNA1,AKAP4
CTNNA1,NLRP6
CTNNA1,PXK
CTNNA1,TNS3
CTNNA1,CFAP144P1
CTNNA1,EDA
CTNNA1,FERMT2
CTNNA1,ZPBP
CTNNA1,PIK3CB
CTNNA1,ADCYAP1R1
CTNNA1,PNN
CTNNA1,BDKRB2
CTNNA1,DENND2A
CTNNA1,EPPK1
CTNNA1,MAP1LC3B2
CTNNA1,FAM170B
CTNNA1,KATNIP
CTNNA1,IL33
CTNNA1,XPO1
CTNNA1,EIF4G2
CTNNA1,TRIM21
CTNNA1,E2F1
CTNNA1,LENG8
CTNNA1,IGF2R
CTNNA1,CDH24
CTNNA1,FOXF2
CTNNA1,NRXN3
CTNNA1,LAPTM4B
CTNNA1,CAPG
CTNNA1,ARMC5
CTNNA1,RAB30
CTNNA1,SPAG8
CTNNA1,GPSM1
CTNNA1,ABCA6
CTNNA1,EAF1
CTNNA1,TMEM204
CTNNA1,FAM186B
CTNNA1,acpc_human-1
CTNNA1,KRT8
CTNNA1,CDK5RAP2
CTNNA1,SPAG17
CTNNA1,TANK
CTNNA1,SLC26A11
CTNNA1,IFT74
CTNNA1,HERC3
CTNNA1,AMFR
CTNNA1,LRG1
CTNNA1,ARHGAP32
CTNNA1,MCAM
CTNNA1,PPP2R2B
CTNNA1,ARHGAP24
CTNNA1,AGER
CTNNA1,KANSL2
CTNNA1,LIG4
CTNNA1,CLIC4
CTNNA1,LAYN
CTNNA1,TICRR
CTNNA1,ERCC5
CTNNA1,ALB
CTNNA1,CLIC5
CTNNA1,CEP290
CTNNA1,HMGCL
CTNNA1,MAP1LC3C
CTNNA1,GBP3
CTNNA1,KRT77
CTNNA1,ATP2C2
CTNNA1,CLDN9
CTNNA1,TRA2A
CTNNA1,ADAMTS1
CTNNA1,COPS4
CTNNA1,RPH3A
CTNNA1,PHLDB2
CTNNA1,DCT
CTNNA1,PEX14
CTNNA1,OGG1
CTNNA1,MMP14
CTNNA1,CORIN
CTNNA1,HAS2
CTNNA1,PALS1
CTNNA1,AMBRA1
CTNNA1,SPIRE1
CTNNA1,CCKBR
CTNNA1,NECTIN2
CTNNA1,N6AMT1
CTNNA1,ZC3H12A
CTNNA1,ITGB2
CTNNA1,SEC24D
CTNNA1,BCAR3
CTNNA1,PTK7
CTNNA1,BAAT
CTNNA1,ETFBKMT
CTNNA1,KANK4
CTNNA1,VPS53
CTNNA1,CEP68
CTNNA1,IL1B
CTNNA1,HNRNPK
CTNNA1,OBSL1
CTNNA1,PPIB
CTNNA1,HIF1A
CTNNA1,DRAM2
CTNNA1,VASH2
CTNNA1,ADCY8
CTNNA1,MAGI2
CTNNA1,SNAPIN
CTNNA1,GPR142
CTNNA1,SCG2
CTNNA1,CTNND2
CTNNA1,CAP1
CTNNA1,ANO10
CTNNA1,HDAC10
CTNNA1,GAPDH
CTNNA1,DHRS9
CTNNA1,DLAT
CTNNA1,SLC12A7
CTNNA1,UNC13D
CTNNA1,AIF1
CTNNA1,ENTPD4
CTNNA1,FOXO3
CTNNA1,ITGAV
CTNNA1,RGS4
CTNNA1,ARL6IP5
CTNNA1,TMOD2
CTNNA1,CTNS
CTNNA1,CYP7A1
CTNNA1,ATP7B
CTNNA1,MYO10
CTNNA1,SLC4A1AP
CTNNA1,CARMIL2
CTNNA1,MYO1E
CTNNA1,TOMM34
CTNNA1,OTOF
CTNNA1,PTCH1
CTNNA1,MYO15B
CTNNA1,SLC30A8
CTNNA1,YWHAZ
CTNNA1,IBSP
CTNNA1,DCAF13
CTNNA1,PSEN1
CTNNA1,GGA1
CTNNA1,ACTL10
CTNNA1,UBQLN1
CTNNA1,RRAS
CTNNA1,CARTPT
CTNNA1,SLC6A14
CTNNA1,RIPOR2
CTNNA1,CADM4
CTNNA1,EPB41L5
CTNNA1,CHMP4B
CTNNA1,TEX22
CTNNA1,ITFG2
CTNNA1,HSD17B6
CTNNA1,MAP1LC3A
CTNNA1,KIAA0319
CTNNA1,RPL8
CTNNA1,RAB22A
CTNNA1,TRH
CTNNA1,TSSK1B
CTNNA1,AP3S1
CTNNA1,CTTN
CTNNA1,GAS2L3
CTNNA1,H3-3A
CTNNA1,CTDP1
CTNNA1,SLC16A1
CTNNA1,S100A8
CTNNA1,SLC23A1
CTNNA1,FRMD7
CTNNA1,DNAJA3
CTNNA1,ADSL
CTNNA1,STX4
CTNNA1,TRIM36
CTNNA1,STAM2
CTNNA1,CLEC4E
CTNNA1,ITGB3
CTNNA1,THBS1
CTNNA1,CDC42
CTNNA1,BICD2
CTNNA1,JAK3
CTNNA1,CD2
CTNNA1,IQSEC1
CTNNA1,PCBP2
CTNNA1,SH3KBP1
CTNNA1,JAM3
CTNNA1,BPIFB4
CTNNA1,RAD51
CTNNA1,ACVR2B
CTNNA1,CNR1
CTNNA1,KY
CTNNA1,LIMK1
CTNNA1,USP6NL
CTNNA1,HEXIM1
CTNNA1,TTC17
CTNNA1,SGCG
CTNNA1,TRAF6
CTNNA1,FLRT2
CTNNA1,IRF2
CTNNA1,PTPN1
CTNNA1,ENKUR
CTNNA1,CBX5
CTNNA1,ARF1
CTNNA1,ASAP3
CTNNA1,DES
CTNNA1,GBGT1
CTNNA1,FOSB
CTNNA1,TOMM40L
CTNNA1,ALOX12B
CTNNA1,CLEC12B
CTNNA1,PXMP2
CTNNA1,NTS
CTNNA1,CXCR4
CTNNA1,ANKRD13B
CTNNA1,FAM89B
CTNNA1,KIZ
CTNNA1,TUBB
CTNNA1,ABCA1
CTNNA1,VPS29
CTNNA1,LAP3
CTNNA1,SLC6A11
CTNNA1,ACTL9
CTNNA1,DPEP3
CTNNA1,VGF
CTNNA1,KLK3
CTNNA1,CNOT9
CTNNA1,DBF4B
CTNNA1,THAP1
CTNNA1,SPTBN5
CTNNA1,FAM220A
CTNNA1,COMMD4
CTNNA1,EPB41L2
CTNNA1,PKP1
CTNNA1,PTGES3
CTNNA1,TBC1D2
CTNNA1,MTSS2
CTNNA1,RAB39B
CTNNA1,SGCE
CTNNA1,TSSK4
CTNNA1,ADAM10
CTNNA1,PRCP
CTNNA1,ESCO2
CTNNA1,CCDC62
CTNNA1,SPRED1
CTNNA1,ADAP2
CTNNA1,BSG
CTNNA1,TECPR1
CTNNA1,GIPC1
CTNNA1,NRXN2
CTNNA1,CDK5
CTNNA1,arp2_3_human-5
CTNNA1,KRT20
CTNNA1,EXOC3L1
CTNNA1,PGLYRP4
CTNNA1,GLB1
CTNNA1,LIM2
CTNNA1,KLK2
CTNNA1,MYO9B
CTNNA1,PPIE
CTNNA1,SYPL1
CTNNA1,PHB2
CTNNA1,PLSCR2
CTNNA1,FER
CTNNA1,UBE2V1
CTNNA1,SV2A
CTNNA1,CDC42EP2
CTNNA1,SKIL
CTNNA1,RNASE6
CTNNA1,TBC1D4
CTNNA1,RAB6B
CTNNA1,KLK10
CTNNA1,AIF1L
CTNNA1,CIB1
CTNNA1,TUBA8
CTNNA1,PDPN
CTNNA1,MARF1
CTNNA1,PIGT
CTNNA1,KIRREL2
CTNNA1,HLA-DMA
CTNNA1,EPS8
CTNNA1,SPAG6
CTNNA1,ALDH3B1
CTNNA1,SEPTIN9
CTNNA1,SMARCC2
CTNNA1,WDR24
CTNNA1,CYP2C18
CTNNA1,CLTC
CTNNA1,SEMG1
CTNNA1,CYP2W1
CTNNA1,CTSS
CTNNA1,AGFG1
CTNNA1,PRUNE1
CTNNA1,CDH1
CTNNA1,FLRT3
CTNNA1,CNN1
CTNNA1,LAD1
CTNNA1,USP14
CTNNA1,arp2_3_human
CTNNA1,ADAMTSL3
CTNNA1,SEC23IP
CTNNA1,CEP97
CTNNA1,ADGRL4
CTNNA1,CYP27C1
CTNNA1,FNDC3A
CTNNA1,CCDC13
CTNNA1,ANG
CTNNA1,TRIAP1
CTNNA1,AKAP12
CTNNA1,XIRP2
CTNNA1,B3GAT1
CTNNA1,KRAS
CTNNA1,CALM3
CTNNA1,CARMIL3
CTNNA1,CYS1
CTNNA1,ZNF540
CTNNA1,ICOSLG
CTNNA1,VCP
CTNNA1,PACRG
CTNNA1,ARHGAP31
CTNNA1,SDCBP
CTNNA1,PDPK1
CTNNA1,SYNE1
CTNNA1,NTN1
CTNNA1,RAI14
CTNNA1,EPB41L3
CTNNA1,LY6G5C
CTNNA1,PFN2
CTNNA1,CLDN11
CTNNA1,STEAP1
CTNNA1,FAM91A1
CTNNA1,RUBCN
CTNNA1,CCN3
CTNNA1,POR
CTNNA1,P4HB
CTNNA1,CAPN1
CTNNA1,TKT
CTNNA1,BTK
CTNNA1,RAB13
CTNNA1,LDLRAD4
CTNNA1,SLC6A12
CTNNA1,KHDC3L
CTNNA1,SNX33
CTNNA1,GPRC5D
CTNNA1,FRMD8P1
CTNNA1,CHPT1
CTNNA1,CYTH2
CTNNA1,USH1C
CTNNA1,GIGYF2
CTNNA1,TBCEL
CTNNA1,CAPZA1
CTNNA1,PPL
CTNNA1,ENG
CTNNA1,NPAP1
CTNNA1,GPBP1
CTNNA1,FMNL3
CTNNA1,TRIP10
CTNNA1,SERTM2
CTNNA1,CAPZB
CTNNA1,MARCKS
CTNNA1,FHL3
CTNNA1,TRMT10A
CTNNA1,S100B
CTNNA1,NPM1
CTNNA1,ARPC3
CTNNA1,THEMIS
CTNNA1,FNBP1L
CTNNA1,TLN2
CTNNA1,PALS2
CTNNA1,RPL22
CTNNA1,NGFR
CTNNA1,LY6K
CTNNA1,PTPN11
CTNNA1,WDR59
CTNNA1,SNTG1
CTNNA1,AQP3
CTNNA1,ADD2
CTNNA1,PPIA
CTNNA1,CIMAP1D
CTNNA1,MGST3
CTNNA1,RPS5
CTNNA1,POLB
CTNNA1,NBR1
CTNNA1,NDRG1
CTNNA1,ITGB5
CTNNA1,BTAF1
CTNNA1,DDOST
CTNNA1,FLRT1
CTNNA1,PDGFRB
CTNNA1,MARVELD1
CTNNA1,NRSN1
CTNNA1,MPP7
CTNNA1,SPHK2
CTNNA1,EPHX3
CTNNA1,TMSB10
CTNNA1,ACTN4
CTNNA1,ATG12
CTNNA1,SIX5
CTNNA1,KNL1
CTNNA1,DUSP16
CTNNA1,ANK2
CTNNA1,ARRDC1
CTNNA1,PCSK2
CTNNA1,DUOX2
CTNNA1,BAIAP2L1
CTNNA1,PLXND1
CTNNA1,KANK1
CTNNA1,PREPL
CTNNA1,GGNBP2
CTNNA1,CPNE3
CTNNA1,RNF220
CTNNA1,PRRT2
CTNNA1,STARD3
CTNNA1,RPS3A
CTNNA1,SMAD2
CTNNA1,IKZF5
CTNNA1,CEP295
CTNNA1,ACTG2
CTNNA1,PECAM1
CTNNA1,UBA5
CTNNA1,ABLIM1
CTNNA1,ADRA1A
CTNNA1,TRPM2
CTNNA1,MAK16
CTNNA1,ANGPTL3
CTNNA1,SYNPO2L
CTNNA1,DST
CTNNA1,NRBF2
CTNNA1,CFAP65
CTNNA1,HCAR2
CTNNA1,PPFIA1
CTNNA1,CYP2A6
CTNNA1,TFRC
CTNNA1,STRA6
CTNNA1,PITPNM3
CTNNA1,SLU7
CTNNA1,NTRK1
CTNNA1,ROCK2
CTNNA1,GLRX2
CTNNA1,CELF2
CTNNA1,RAB3GAP1
CTNNA1,RILP
CTNNA1,KRT33B
CTNNA1,SAMD14
CTNNA1,RIPK3
CTNNA1,LURAP1
CTNNA1,VSIG10
CTNNA1,SPTB
CTNNA1,DBH
CTNNA1,MYCT1
CTNNA1,MYH1
CTNNA1,TBC1D7
CTNNA1,KRT32
CTNNA1,DTX3L
CTNNA1,MME
CTNNA1,SMARCA2
CTNNA1,RBSN
CTNNA1,IQUB
CTNNA1,ABHD17A
CTNNA1,PVR
CTNNA1,UPRT
CTNNA1,CYB5B
CTNNA1,CST3
CTNNA1,P2RX4
CTNNA1,SREBF2
CTNNA1,HSPA8
CTNNA1,CPQ
CTNNA1,MCC
CTNNA1,SAC3D1
CTNNA1,BTBD1
CTNNA1,RAB10
CTNNA1,LIMS1
CTNNA1,CDH9
CTNNA1,ALDOA
CTNNA1,CKAP4
CTNNA1,SEC31A
CTNNA1,GCH1
CTNNA1,RPL4
CTNNA1,RAD51AP1
CTNNA1,HNF1B
CTNNA1,COLQ
CTNNA1,DDB1
CTNNA1,SLC9A5
CTNNA1,ERBIN
CTNNA1,GBP5
CTNNA1,CLIC1
CTNNA1,YWHAQ
CTNNA1,KIAA1210
CTNNA1,GPHN
CTNNA1,MTTP
CTNNA1,DYRK1A
CTNNA1,WASL
CTNNA1,LIMS2
CTNNA1,LITAF
CTNNA1,MSH6
CTNNA1,TRIM15
CTNNA1,CLCC1
CTNNA1,ARHGAP26
CTNNA1,MARVELD3
CTNNA1,ANXA2
CTNNA1,NKD2
CTNNA1,VPS51
CTNNA1,DLC1
CTNNA1,TBK1
CTNNA1,YWHAG
CTNNA1,RGL4
CTNNA1,SPTBN2
CTNNA1,BYSL
CTNNA1,KCTD12
CTNNA1,CYP2A7
CTNNA1,CTSC
CTNNA1,HFE
CTNNA1,CFAP44
CTNNA1,TSSK2
CTNNA1,PPP1R12A
CTNNA1,CLIP4
CTNNA1,FERRY3
CTNNA1,DENND4B
CTNNA1,RAB4A
CTNNA1,MFAP3L
CTNNA1,SPINK2
CTNNA1,PLCG1
CTNNA1,APBB1
CTNNA1,LIPA
CTNNA1,PPP1R18
CTNNA1,LPXN
CTNNA1,LAMTOR3
CTNNA1,CTNNAL1
CTNNA1,KLK7
CTNNA1,NMRK2
CTNNA1,SCAMP2
CTNNA1,RPS29
CTNNA1,ATP5IF1
CTNNA1,ABO
CTNNA1,ERGIC1
CTNNA1,MARVELD2
CTNNA1,MYZAP
CTNNA1,TWF2
CTNNA1,SERPINA5
CTNNA1,ZDHHC17
CTNNA1,SLC26A6
CTNNA1,scribble_human-7
CTNNA1,RAD51AP2
CTNNA1,EFCAB7
CTNNA1,STARD8
CTNNA1,ATP1A4
CTNNA1,H1-1
CTNNA1,FAM72A
CTNNA1,IFITM1
CTNNA1,ACTC1
CTNNA1,OAS2
CTNNA1,ROCK1
CTNNA1,CLDN4
CTNNA1,CSF1R
CTNNA1,PIKFYVE
CTNNA1,PDIA3
CTNNA1,SOST
CTNNA1,TFCP2
CTNNA1,TCTN1
CTNNA1,WNK1
CTNNA1,CSH2
CTNNA1,CCDC110
CTNNA1,EXOSC4
CTNNA1,GZMH
CTNNA1,NAMPT
CTNNA1,LAPTM5
CTNNA1,STK17B
CTNNA1,KLK12
CTNNA1,RAB21
CTNNA1,DCHS1
CTNNA1,CYP2R1
CTNNA1,DRC7
CTNNA1,NFE2L2
CTNNA1,CATSPER3
CTNNA1,NPFFR2
CTNNA1,arp2_3_human-1
CTNNA1,KLHL14
CTNNA1,AGR3
CTNNA1,SDC4
CTNNA1,SWAP70
CTNNA1,CLINT1
CTNNA1,SFT2D2
CTNNA1,KIF11
CTNNA1,PLEKHH1
CTNNA1,STXBP4
CTNNA1,USF2
CTNNA1,STARD4
CTNNA1,ARRDC4
CTNNA1,SPTBN1
CTNNA1,SYNM
CTNNA1,RPGRIP1L
CTNNA1,EVC
CTNNA1,LYZL4
CTNNA1,CHP1
CTNNA1,SHROOM3
CTNNA1,ITGA1
CTNNA1,IP6K2
CTNNA1,EPB41
CTNNA1,scribble_human-1
CTNNA1,DAZ4
CTNNA1,MICAL3
CTNNA1,CRB3
CTNNA1,E2F5
CTNNA1,KLK13
CTNNA1,KIN
CTNNA1,CCT3
CTNNA1,SCG5
CTNNA1,ATP6V1A
CTNNA1,ABL2
CTNNA1,ACKR2
CTNNA1,LARGE1
CTNNA1,DENND6A
CTNNA1,APBB1IP
CTNNA1,GRIN2B
CTNNA1,ACTL7A
CTNNA1,PCDHGA12
CTNNA1,AASS
CTNNA1,TJP2
CTNNA1,ZBTB16
CTNNA1,OCEL1
CTNNA1,TNFSF13B
CTNNA1,ZNRF2
CTNNA1,PEAK3
CTNNA1,WBP11
CTNNA1,RAB11FIP1
CTNNA1,HSPB9
CTNNA1,STPG3
CTNNA1,SERTM1
CTNNA1,RPS8
CTNNA1,TESC
CTNNA1,CITED2
CTNNA1,CEP350
CTNNA1,ENC1
CTNNA1,PLEKHA7
CTNNA1,ACRBP
CTNNA1,MIF
CTNNA1,SPACA9
CTNNA1,CHAF1A
CTNNA1,CFL1
CTNNA1,LZTS3
CTNNA1,SEPTIN2
CTNNA1,BDH1
CTNNA1,SORT1
CTNNA1,SORBS3
CTNNA1,AFTPH
CTNNA1,C15orf62
CTNNA1,ZNF74
CTNNA1,CLDN2
CTNNA1,SMAD7
CTNNA1,AMOT
CTNNA1,UBXN6
CTNNA1,EGLN1
CTNNA1,ITPA
CTNNA1,TYR
CTNNA1,PPP1CB
CTNNA1,KRT19
CTNNA1,RUSC1
CTNNA1,NFIA
CTNNA1,CLASP2
CTNNA1,KCNA6
CTNNA1,SIRT6
CTNNA1,ZRANB1
CTNNA1,SDCCAG8
CTNNA1,RABEP1
CTNNA1,MTA2
CTNNA1,GBP7
CTNNA1,IGSF8
CTNNA1,ABCA10
CTNNA1,EFS
CTNNA1,HEXA
CTNNA1,RP2
CTNNA1,TNIK
CTNNA1,NCK1
CTNNA1,ARHGDIA
CTNNA1,CRB1
CTNNA1,CDKN1A
CTNNA1,IFI30
CTNNA1,GID8
CTNNA1,ERO1A
CTNNA1,SYNPO
CTNNA1,GNB2
CTNNA1,RIN3
CTNNA1,MAP2K6
CTNNA1,ZNF232
CTNNA1,CENPQ
CTNNA1,ATP1A1
CTNNA1,CD9
CTNNA1,LRRFIP1
CTNNA1,GLT6D1
CTNNA1,CCDC92
CTNNA1,KRT40
CTNNA1,SNTB1
CTNNA1,FAM72D
CTNNA1,RAB11FIP5
CTNNA1,HNRNPU
CTNNA1,CLCN3
CTNNA1,HSP90AB2P
CTNNA1,CIMAP1B
CTNNA1,PARVA
CTNNA1,PSMG4
CTNNA1,OXA1L
CTNNA1,STS
CTNNA1,DNAJC19
CTNNA1,NISCH
CTNNA1,TRA2B
CTNNA1,CHD8
CTNNA1,BLOC1S6
CTNNA1,METTL23
CTNNA1,CAPN3
CTNNA1,TSPAN15
CTNNA1,CGNL1
CTNNA1,WASHC2A
CTNNA1,CDH8
CTNNA1,SMARCB1
CTNNA1,ADAM15
CTNNA1,CALCOCO1
CTNNA1,CC2D1B
CTNNA1,ACTRT2
CTNNA1,PRKCZ
CTNNA1,USP10
CTNNA1,SFMBT2
CTNNA1,SAYSD1
CTNNA1,CCDC85B
CTNNA1,HSD3B1
CTNNA1,MYOT
CTNNA1,ITGB1BP1
CTNNA1,PLPP3
CTNNA1,SCAMP3
CTNNA1,TPM4
CTNNA1,HIRA
CTNNA1,ARHGAP35
CTNNA1,NOS3
CTNNA1,HSD11B1
CTNNA1,BAIAP2L2
CTNNA1,DDX31
CTNNA1,TMOD1
CTNNA1,TLR2
CTNNA1,S100A1
CTNNA1,CLOCK
CTNNA1,MIER3
CTNNA1,WWC1
CTNNA1,PDLIM5
CTNNA1,SLC34A2
CTNNA1,KDF1
CTNNA1,CYP1B1
CTNNA1,MSN
CTNNA1,GATAD2B
CTNNA1,SNX1
CTNNA1,USP18
CTNNA1,TRAK2
CTNNA1,SULT2B1
CTNNA1,LAMA1
CTNNA1,RPL10
CTNNA1,ZNF185
CTNNA1,SRCIN1
CTNNA1,MFHAS1
CTNNA1,WAS
CTNNA1,Q6Q795
CTNNA1,PKNOX2
CTNNA1,ABCA7
CTNNA1,BFSP2
CTNNA1,GJA5
CTNNA1,FXYD1
CTNNA1,CDH5
CTNNA1,POLR3H
CTNNA1,RPLP0
CTNNA1,MNDA
CTNNA1,TEKT3
CTNNA1,TLE2
CTNNA1,SNAP25
CTNNA1,MYO1H
CTNNA1,ARAP3
CTNNA1,DYRK4
CTNNA1,FHL2
CTNNA1,TNRC6A
CTNNA1,CLK3
CTNNA1,CLTB
CTNNA1,MSRB1
CTNNA1,STK38L
CTNNA1,DPH1
CTNNA1,PPP1CA
CTNNA1,BNIP1
CTNNA1,TMPRSS12
CTNNA1,SLC9A6
CTNNA1,TSPAN1
CTNNA1,WIPI1
CTNNA1,SLC31A1
CTNNA1,ANK1
CTNNA1,PLEK2
CTNNA1,DAB1
CTNNA1,SEPTIN14
CTNNA1,QARS1
CTNNA1,RHOA
CTNNA1,HSD11B1L
CTNNA1,EMC1
CTNNA1,HAX1
CTNNA1,WDR11
CTNNA1,ARFGEF2
CTNNA1,MPV17L
CTNNA1,LGR6
CTNNA1,CADPS2
CTNNA1,H3C1
CTNNA1,ANP32E
CTNNA1,OXTR
CTNNA1,MUC5B
CTNNA1,ACTL7B
CTNNA1,KLF11
CTNNA1,CAV2
CTNNA1,ZBTB17
CTNNA1,TMEM165
CTNNA1,KCNN4
CTNNA1,PTPRO
CTNNA1,CD84
CTNNA1,HPGDS
CTNNA1,IRAK1
CTNNA1,MAP2K1
CTNNA1,DPEP1
CTNNA1,SLF2
CTNNA1,PRICKLE4
CTNNA1,PROM2
CTNNA1,SPG21
CTNNA1,CD53
CTNNA1,SSH3
CTNNA1,CALM1
CTNNA1,STON1
CTNNA1,XRCC5
CTNNA1,MYH15
CTNNA1,ARHGAP30
CTNNA1,PRSS41
CTNNA1,LCP1
CTNNA1,PODXL
CTNNA1,AHR
CTNNA1,SNX18
CTNNA1,PAF1
CTNNA1,CEP250
CTNNA1,AP4M1
CTNNA1,RPL11
CTNNA1,BIN2
CTNNA1,LRRC27
CTNNA1,GIT2
CTNNA1,UBXN11
CTNNA1,RPL37A
CTNNA1,RBMX
CTNNA1,KCNE3
CTNNA1,TBC1D24
CTNNA1,APOB
CTNNA1,CCDC6
CTNNA1,CDH15
CTNNA1,SLC4A2
CTNNA1,SERF1A
CTNNA1,NAPEPLD
CTNNA1,PDLIM1
CTNNA1,MAGI1
CTNNA1,ATM
CTNNA1,AKAP10
CTNNA1,CIMIP4
CTNNA1,CDH20
CTNNA1,PTPN21
CTNNA1,BIN1
CTNNA1,STARD3NL
CTNNA1,MYO1D
CTNNA1,APP
CTNNA1,UBE2N
CTNNA1,ARHGEF7
CTNNA1,TRIB2
CTNNA1,MRPS18B
CTNNA1,BUB1
CTNNA1,SKAP1
CTNNA1,ANK3
CTNNA1,TTC21B
CTNNA1,HDAC1
CTNNA1,P2RX1
CTNNA1,TMEM102
CTNNA1,KAT2B
CTNNA1,CD164L2
CTNNA1,HDAC2
CTNNA1,KDR
CTNNA1,SLC51A
CTNNA1,TP53INP2
CTNNA1,ZDHHC20
CTNNA1,YIPF4
CTNNA1,SCP2
CTNNA1,CDK5R1
CTNNA1,TM4SF20
CTNNA1,ABCA3
CTNNA1,BAIAP3
CTNNA1,PPP1R16B
CTNNA1,RPL7A
CTNNA1,CDCA8
CTNNA1,ZFYVE21
CTNNA1,PLAT
CTNNA1,JAG1
CTNNA1,RCN3
CTNNA1,GOLPH3
CTNNA1,TNS4
CTNNA1,OAS3
CTNNA1,NOSTRIN
CTNNA1,PI4KA
CTNNA1,MAPK8IP3
CTNNA1,PLD2
CTNNA1,RAC3
CTNNA1,MTPAP
CTNNA1,MAP1S
CTNNA1,RPL31
CTNNA1,KIF23
CTNNA1,GJB6
CTNNA1,KLHL12
CTNNA1,AKAP3
CTNNA1,HSPA5
CTNNA1,RUSC2
CTNNA1,NPHS2
CTNNA1,ARPC2
CTNNA1,arp2_3_human-7
CTNNA1,YBX1
CTNNA1,KRT1
CTNNA1,NUMA1
CTNNA1,FCHSD2
CTNNA1,MLKL
CTNNA1,ME2
CTNNA1,DBNL
CTNNA1,CCP110
CTNNA1,DAG1
CTNNA1,KCTD8
CTNNA1,CTSF
CTNNA1,HSPA9
CTNNA1,STT3B
CTNNA1,PLCE1
CTNNA1,SCYL3
CTNNA1,DNAJC6
CTNNA1,MGRN1
CTNNA1,P2RX6
CTNNA1,CTSL
CTNNA1,GRIPAP1
CTNNA1,NAE1
CTNNA1,CDSN
CTNNA1,ELL3
CTNNA1,TFF3
CTNNA1,KIFBP
CTNNA1,PDLIM7
CTNNA1,ANO5
CTNNA1,NME9
CTNNA1,DEPP1
CTNNA1,DNAJC24
CTNNA1,GPR174
CTNNA1,ATG5
CTNNA1,SYNE2
CTNNA1,LYZL6
CTNNA1,HSDL1
CTNNA1,PIK3C2B
CTNNA1,MITF
CTNNA1,UBB
CTNNA1,LACRT
CTNNA1,ANKRA2
CTNNA1,KHDRBS3
CTNNA1,BMP6
CTNNA1,SYK
CTNNA1,CYP3A5
CTNNA1,INTS13
CTNNA1,ATP6V1B2
CTNNA1,PTGS1
CTNNA1,PLAUR
CTNNA1,DMTN
CTNNA1,LIMS4
CTNNA1,NPPA
CTNNA1,PAK1
CTNNA1,FKBP8
CTNNA1,POP7
CTNNA1,CISD2
CTNNA1,RTCB
CTNNA1,STXBP3
CTNNA1,MAGED1
CTNNA1,DCP1B
CTNNA1,MYO7A
CTNNA1,RAET1L
CTNNA1,TMEM63A
CTNNA1,CYTH3
CTNNA1,KLF15
CTNNA1,RANGRF
CTNNA1,CFAP58
CTNNA1,CCDC170
CTNNA1,SIPA1L1
CTNNA1,PRKCSH
CTNNA1,AMOTL2
CTNNA1,CTNNA2
CTNNA1,SDR9C7
CTNNA1,APC2
CTNNA1,XRCC6
CTNNA1,TESK1
CTNNA1,PIK3R2
CTNNA1,CDK5RAP3
CTNNA1,FOXA3
CTNNA1,DYNLL1
CTNNA1,PLEKHM1
CTNNA1,SPATS2L
CTNNA1,AP1M1
CTNNA1,RAB14
CTNNA1,RNH1
CTNNA1,RGS22
CTNNA1,SVIL
CTNNA1,HTR2A
CTNNA1,TBC1D21
CTNNA1,PKD2
CTNNA1,GPRC5B
CTNNA1,MORN4
CTNNA1,LIMA1
CTNNA1,UBOX5
CTNNA1,SAFB2
CTNNA1,TBX5
CTNNA1,GRWD1
CTNNA1,FRMD3
CTNNA1,PTK2
CTNNA1,CFAP300
CTNNA1,RPL5
CTNNA1,DAZL
CTNNA1,RUNDC3A
CTNNA1,CDKL1
CTNNA1,SLA2
CTNNA1,MYH10
CTNNA1,JAK1
CTNNA1,HSPH1
CTNNA1,PIAS1
CTNNA1,MTMR9
CTNNA1,PLAGL1
CTNNA1,GPR158
CTNNA1,APC
CTNNA1,TMPRSS4
CTNNA1,UBAP1
CTNNA1,FAM86B2
CTNNA1,RPS17
CTNNA1,CTNNA3
CTNNA1,ITM2B
CTNNA1,SPATA1
CTNNA1,KRT39
CTNNA1,LALBA
CTNNA1,GRB7
CTNNA1,WASHC2C
CTNNA1,VSIG10L2
CTNNA1,STAP1
CTNNA1,TSPAN5
CTNNA1,FBP2
CTNNA1,RAPGEF2
CTNNA1,ITGA5
CTNNA1,CD44
CTNNA1,PFN1
CTNNA1,SPECC1
CTNNA1,AVIL
CTNNA1,ACTRT3
CTNNA1,BST2
CTNNA1,TBCC
CTNNA1,TJP1
CTNNA1,HOOK2
CTNNA1,RCBTB2
CTNNA1,MGST2
CTNNA1,ACTRT1
CTNNA1,FBXO7
CTNNA1,STOML2
CTNNA1,AP3M1
CTNNA1,DFFA
CTNNA1,WDR19
CTNNA1,RAB27B
CTNNA1,CCDC85C
CTNNA1,CEMIP2
CTNNA1,PKN1
CTNNA1,SLC30A9
CTNNA1,INPPL1
CTNNA1,RIMS1
CTNNA1,SLC34A3
CTNNA1,PEX3
CTNNA1,EGFR
CTNNA1,AGK
CTNNA1,HEXB
CTNNA1,RPS27A
CTNNA1,DLG3
CTNNA1,ATAT1
CTNNA1,IZUMO1
CTNNA1,MIA3
CTNNA1,SPMIP5
CTNNA1,LYN
CTNNA1,IRGM
CTNNA1,LTC4S
CTNNA1,CPA3
CTNNA1,SMAD5
CTNNA1,CYP2J2
CTNNA1,CHGA
CTNNA1,IL16
CTNNA1,RAPGEF1
CTNNA1,GFAP
CTNNA1,TAF5
CTNNA1,TACC3
CTNNA1,RIGI
CTNNA1,TMEM74
CTNNA1,ITGA6
CTNNA1,SPIRE2
CTNNA1,LIN7B
CTNNA1,CYP4A11
CTNNA1,OSBPL9
CTNNA1,VTI1A
CTNNA1,GAN
CTNNA1,FAM241B
CTNNA1,NASP
CTNNA1,PI4K2A
CTNNA1,MIB1
CTNNA1,scribble_human-5
CTNNA1,RAD23A
CTNNA1,SRCAP
CTNNA1,PTPRC
CTNNA1,LIN7A
CTNNA1,CDH22
CTNNA1,MYLK3
CTNNA1,MYO5C
CTNNA1,RAP2B
CTNNA1,YIPF5
CTNNA1,PAWR
CTNNA1,ATP7A
CTNNA1,CEP131
CTNNA1,ABHD2
CTNNA1,HPS4
CTNNA1,KRT27
CTNNA1,PRDX5
CTNNA1,TP53
CTNNA1,RALA
CTNNA1,CCN2
CTNNA1,OLFM4
CTNNA1,SPHK1
CTNNA1,LMOD2
CTNNA1,GRHL1
CTNNA1,TSPAN33
CTNNA1,MSI2
CTNNA1,TRIP11
CTNNA1,FMN1
CTNNA1,ARHGEF6
CTNNA1,IST1
CTNNA1,ADAMTS9
CTNNA1,GRHL2
CTNNA1,WASF3
CTNNA1,TTC29
CTNNA1,NECTIN4
CTNNA1,MYBBP1A
CTNNA1,RIC1
CTNNA1,MALT1
CTNNA1,LIPF
CTNNA1,IGSF21
CTNNA1,PTPN14
CTNNA1,TSPAN9
CTNNA1,PTPN23
CTNNA1,PRNP
CTNNA1,CABS1
CTNNA1,CYB561A3
CTNNA1,DCX
CTNNA1,PYHIN1
CTNNA1,RAB3C
CTNNA1,STIP1
CTNNA1,GZMB
CTNNA1,LRGUK
CTNNA1,VTN
CTNNA1,ARHGDIG
CTNNA1,SPECC1L
CTNNA1,SPRY2
CTNNA1,SET
CTNNA1,FUZ
CTNNA1,FZD1
CTNNA1,HYAL2
CTNNA1,ACTL6A
CTNNA1,GUSB
CTNNA1,ZC4H2
CTNNA1,TNPO3
CTNNA1,USP26
CTNNA1,SGCZ
CTNNA1,OSBPL10
CTNNA1,AQP7
CTNNA1,RUNX3
CTNNA1,TUBA1C
CTNNA1,CD99
CTNNA1,SNX17
CTNNA1,ETV3
CTNNA1,CD59
CTNNA1,HAVCR2
CTNNA1,SPG11
CTNNA1,APPL1
CTNNA1,ZPBP2
CTNNA1,EPHA2
CTNNA1,USP28
CTNNA1,EPHA4
CTNNA1,VBP1
CTNNA1,OSBP
CTNNA1,FZD7
CTNNA1,PDCD6
CTNNA1,NRXN1
CTNNA1,TAX1BP1
CTNNA1,LTF
CTNNA1,HYAL1
CTNNA1,CORO7
CTNNA1,ARHGAP29
CTNNA1,FAM107A
CTNNA1,AZIN2
CTNNA1,TGFBRAP1
CTNNA1,CALCOCO2
CTNNA1,SNX14
CTNNA1,ITGB1
CTNNA1,CFHR5
CTNNA1,SENP1
CTNNA1,HAP1
CTNNA1,ANXA6
CTNNA1,KLF5
CTNNA1,ADGRL3
CTNNA1,FEN1
CTNNA1,GPSM2
CTNNA1,MITD1
CTNNA1,TCP11X2
CTNNA1,B4GALNT3
CTNNA1,TIAM1
CTNNA1,KITLG
CTNNA1,SYNJ2
CTNNA1,WIPF1
CTNNA1,GLRA1
CTNNA1,RAB25
CTNNA1,SSX1
CTNNA1,SLC30A2
CTNNA1,IQGAP2
CTNNA1,LRWD1
CTNNA1,SPRR2A
CTNNA1,FES
CTNNA1,KRIT1
CTNNA1,PTPN12
CTNNA1,CSK
CTNNA1,SPP1
CTNNA1,RUBCNL
CTNNA1,ARHGAP39
CTNNA1,CAPS
CTNNA1,BICD1
CTNNA1,NOS1AP
CTNNA1,CIMAP1A
CTNNA1,TAOK2
CTNNA1,AHNAK
CTNNA1,KCNJ2
CTNNA1,SYNDIG1
CTNNA1,CES2
CTNNA1,DCAF6
CTNNA1,CNOT7
CTNNA1,RTN4
CTNNA1,PTK2B
CTNNA1,LTBP1
CTNNA1,GGA3
CTNNA1,ONECUT2
CTNNA1,IFITM3
CTNNA1,NEU1
CTNNA1,NPR3
CTNNA1,DYRK2
CTNNA1,HMGA1
CTNNA1,AP4S1
CTNNA1,TMED2
CTNNA1,SPPL2B
CTNNA1,CEP43
CTNNA1,ENPEP
CTNNA1,TBC1D25
CTNNA1,FOXN2
CTNNA1,CD24
CTNNA1,PRSS58
CTNNA1,CFL2
CTNNA1,UBA3
CTNNA1,KIRREL1
CTNNA1,SLC2A13
CTNNA1,HSP90AA1
CTNNA1,RPL3
CTNNA1,CCNL2
CTNNA1,FCHSD1
CTNNA1,STRN3
CTNNA1,FSCN2
CTNNA1,PLA2G4A
CTNNA1,KSR1
CTNNA1,TCP1
CTNNA1,TBP
CTNNA1,IQGAP1
CTNNA1,GIT1
CTNNA1,MRPL46
CTNNA1,ITGA11
CTNNA1,ACTR2
CTNNA1,SLC30A5
CTNNA1,PDLIM2
CTNNA1,scribble_human-2
CTNNA1,ATP2B3
CTNNA1,SPTAN1
CTNNA1,LIPK
CTNNA1,SNX8
CTNNA1,STX10
CTNNA1,FAM86C1P
CTNNA1,NCOA6
CTNNA1,IFITM2
CTNNA1,TMEM35A
CTNNA1,ABCA8
CTNNA1,TCP11X1
CTNNA1,RNF144A
CTNNA1,CMA1
CTNNA1,ABCG4
CTNNA1,PPP1R9A
CTNNA1,TNXB
CTNNA1,POTEE
CTNNA1,LIMD1
CTNNA1,MRAP
CTNNA1,TRAPPC2B
CTNNA1,ASPN
CTNNA1,NCOA5
CTNNA1,BCL2L14
CTNNA1,ABCA2
CTNNA1,DPAGT1
CTNNA1,MTA3
CTNNA1,IL17RB
CTNNA1,KRT35
CTNNA1,PTPRA
CTNNA1,ZYX
CTNNA1,CNNM4
CTNNA1,EPB41L4A
CTNNA1,RNF128
CTNNA1,THY1
CTNNA1,SNTG2
CTNNA1,RS1
CTNNA1,CLSTN3
CTNNA1,HYOU1
CTNNA1,CDH4
CTNNA1,FAP
CTNNA1,PARVB
CTNNA1,S100A12
CTNNA1,KCNC3
CTNNA1,GABARAPL2
CTNNA1,KIF5B
CTNNA1,LDB1
CTNNA1,FGD3
CTNNA1,LMLN
CTNNA1,NPPB
CTNNA1,RUFY1
CTNNA1,SH3RF1
CTNNA1,KAZN
CTNNA1,NRP1
CTNNA1,KRT15
CTNNA1,CSRP3
CTNNA1,ABI3
CTNNA1,RAB3B
CTNNA1,OPRL1
CTNNA1,RAB34
CTNNA1,KANSL3
CTNNA1,PRKCG
CTNNA1,ADAM17
CTNNA1,CYB5A
CTNNA1,HSP90AB3P
CTNNA1,FLOT2
CTNNA1,ANKRD2
CTNNA1,POLG
CTNNA1,EXOG
CTNNA1,RELB
CTNNA1,SGCA
CTNNA1,MPO
CTNNA1,PAM16
CTNNA1,L1TD1
CTNNA1,DPH2
CTNNA1,RARA
CTNNA1,CADM3
CTNNA1,METTL18
CTNNA1,ANO7
CTNNA1,CAD
CTNNA1,TMOD4
CTNNA1,ACRV1
CTNNA1,DLG2
CTNNA1,MSRA
CTNNA1,CENPE
CTNNA1,MVB12B
CTNNA1,FUS
CTNNA1,SMC5
CTNNA1,ACKR3
CTNNA1,PAK2
CTNNA1,KCNA1
CTNNA1,CTNND1
CTNNA1,XPO6
CTNNA1,MRC2
CTNNA1,PPP1CC
CTNNA1,EPB41L1
CTNNA1,DDX20
CTNNA1,TMEM198
CTNNA1,DFFB
CTNNA1,RET
CTNNA1,GAL
CTNNA1,SRGAP2
CTNNA1,DDX3X
CTNNA1,PLEKHG5
CTNNA1,SHTN1
CTNNA1,CCDC88C
CTNNA1,SLC15A3
CTNNA1,CARD18
CTNNA1,PABPC1
CTNNA1,ADRA2B
CTNNA1,HSD17B2
CTNNA1,EPB41L4B
CTNNA1,RRAGC
CTNNA1,CMKLR2
CTNNA1,VANGL2
CTNNA1,ARHGDIB
CTNNA1,EXOSC8
CTNNA1,LY6G6C
CTNNA1,PARVG
CTNNA1,RANBP2
CTNNA1,PHLDA1
CTNNA1,GASK1A
CTNNA1,SH3GL3
CTNNA1,EPS8L1
CTNNA1,PTPRU
CTNNA1,FAM86B1
CTNNA1,BBLN
CTNNA1,KIF24
CTNNA1,SLC2A11
CTNNA1,CCDC198
CTNNA1,AFDN
CTNNA1,PTPN4
CTNNA1,SYT11
CTNNA1,NEURL1B
CTNNA1,AP1S2
CTNNA1,FAT1
CTNNA1,TOLLIP
CTNNA1,MAN1B1
CTNNA1,CCT4
CTNNA1,KRT33A
CTNNA1,DMD
CTNNA1,PHLDB1
CTNNA1,IKZF1
CTNNA1,AKAP13
CTNNA1,SPAST
CTNNA1,PRTN3
CTNNA1,ARPC5
CTNNA1,TSPO
CTNNA1,GPX4
CTNNA1,CBY2
CTNNA1,PICK1
CTNNA1,MYOF
CTNNA1,SERINC5
CTNNA1,DBN1
CTNNA1,ANKFY1
CTNNA1,UBR5
CTNNA1,SDC1
CTNNA1,DZANK1
CTNNA1,EPS8L2
CTNNA1,HIGD1A
CTNNA1,MLC1
CTNNA1,KRT10
CTNNA1,ANKRD9
CTNNA1,SLC18A2
CTNNA1,TRAPPC2
CTNNA1,BAIAP2
CTNNA1,PDE6D
CTNNA1,CASZ1
CTNNA1,SMARCE1
CTNNA1,FADS1
CTNNA1,NF2
CTNNA1,FAAP24
CTNNA1,HIP1R
CTNNA1,TFAM
CTNNA1,MICAL1
CTNNA1,ACTN2
CTNNA1,HPSE
CTNNA1,ABHD5
CTNNA1,ZFYVE16
CTNNA1,CLXN
CTNNA1,BGLAP
CTNNA1,TBC1D14
CTNNA1,SETDB1
CTNNA1,ITSN2
CTNNA1,AFAP1L1
CTNNA1,ZNF703
CTNNA1,SPTA1
CTNNA1,MEF2D
CTNNA1,KLK1
CTNNA1,MIER2
CTNNA1,FYB1
CTNNA1,ABL1
CTNNA1,KIRREL3
CTNNA1,STK3
CTNNA1,RINL
CTNNA1,NPHS1
CTNNA1,CCNF
CTNNA1,HILPDA
CTNNA1,MTMR2
CTNNA1,FAAH
CTNNA1,KLHL24
CTNNA1,WIPF2
CTNNA1,C9orf72
CTNNA1,HOXD4
CTNNA1,PSMA4
CTNNA1,STOM
CTNNA1,PLCH1
CTNNA1,SLX4
CTNNA1,scribble_human
CTNNA1,RRP12
CTNNA1,PLAU
CTNNA1,SMCR8
CTNNA1,ATP6V0A2
CTNNA1,CFAP276
CTNNA1,ARK2C
CTNNA1,ARHGAP21
CTNNA1,RPS18
CTNNA1,SLC6A17
CTNNA1,NECTIN1
CTNNA1,TCHH
CTNNA1,TRAF4
CTNNA1,CLASP1
CTNNA1,LRRK2
CTNNA1,AP1S1
CTNNA1,VRK2
CTNNA1,PPP1R9B
CTNNA1,EHD3
CTNNA1,DRD2
CTNNA1,STX5
CTNNA1,RAD52
CTNNA1,BMP1
CTNNA1,FHOD3
CTNNA1,G3BP1
CTNNA1,CDH2
CTNNA1,KRT38
CTNNA1,SLC7A2
CTNNA1,AR
CTNNA1,CIMAP1C
CTNNA1,ABCA4
CTNNA1,MBD1
CTNNA1,ATP1B1
CTNNA1,TRADD
CTNNA1,ATP8A1
CTNNA1,TBC1D5
CTNNA1,COL13A1
CTNNA1,TNS2
CTNNA1,NEB
CTNNA1,MYH9
CTNNA1,CYP3A4
CTNNA1,GRIK1
CTNNA1,SERPINB3
CTNNA1,KIF21B
CTNNA1,PRX
CTNNA1,CD3E
CTNNA1,CDH10
CTNNA1,WIPI2
CTNNA1,KCNH1
CTNNA1,SCN4B
CTNNA1,ECPAS
CTNNA1,PMF1
CTNNA1,GAK
CTNNA1,PCSK1N
CTNNA1,FNBP1
CTNNA1,INSC
CTNNA1,BPIFA2
CTNNA1,GBP1
CTNNA1,PRKAR2A
CTNNA1,BCR
CTNNA1,ATP6V0C
CTNNA1,TRPC4
CTNNA1,SHROOM4
CTNNA1,STXBP2
CTNNA1,PRKACA
CTNNA1,CFAP418
CTNNA1,RAD1
CTNNA1,EZR
CTNNA1,RAB11FIP2
CTNNA1,MFF
CTNNA1,SLC9A1
CTNNA1,OXT
CTNNA1,KLHL22
CTNNA1,SLC29A3
CTNNA1,RAB2B
CTNNA1,RGS5
CTNNA1,RAB5A
CTNNA1,SRRT
CTNNA1,MAPK8IP2
CTNNA1,SASH1
CTNNA1,NOMO2
CTNNA1,PXN
CTNNA1,MCMBP
CTNNA1,RNF13
CTNNA1,NEK2
CTNNA1,APOL4
CTNNA1,AGTPBP1
CTNNA1,CCDC88A
CTNNA1,CYP2C8
CTNNA1,H4C1
CTNNA1,MISP
CTNNA1,HOMER2
CTNNA1,CHEK1
CTNNA1,CYP2D7
CTNNA1,LOXL1
CTNNA1,MYO19
CTNNA1,F11R
CTNNA1,FOXA2
CTNNA1,ARSJ
CTNNA1,AP1M2
CTNNA1,CHAF1B
CTNNA1,HSPD1
CTNNA1,NR4A2
CTNNA1,TEK
CTNNA1,PDXP
CTNNA1,TARDBP
CTNNA1,CBX1
CTNNA1,AP2S1
CTNNA1,TOR1A
CTNNA1,TNC
CTNNA1,IVNS1ABP
CTNNA1,P4HA2
CTNNA1,CACNA1A
CTNNA1,GLRA3
CTNNA1,PKP2
CTNNA1,CALR
CTNNA1,ERLIN2
CTNNA1,GANAB
CTNNA1,NLRP2
CTNNA1,FOXP3
CTNNA1,CORO1C
CTNNA1,VILL
CTNNA1,COL1A1
CTNNA1,IGF1R
CTNNA1,RAB3A
CTNNA1,AMPH
CTNNA1,CRK
CTNNA1,PARM1
CTNNA1,PARP1
CTNNA1,IQCA1
CTNNA1,MYO1A
CTNNA1,ZNF326
CTNNA1,CXXC4
CTNNA1,SFT2D1
CTNNA1,DPF2
CTNNA1,RIMS2
CTNNA1,BIRC3
CTNNA1,PCLO
CTNNA1,RAB20
CTNNA1,NEFH
CTNNA1,TYK2
CTNNA1,TBC1D23
CTNNA1,VAMP7
CTNNA1,ACTA1
CTNNA1,SYT13
CTNNA1,AKAP6
CTNNA1,SCARB1
CTNNA1,CASP8
CTNNA1,TMEM63B
CTNNA1,RPL12
CTNNA1,SMARCA4
CTNNA1,DAZAP1
CTNNA1,NPPC
CTNNA1,WDR54
CTNNA1,HYPK
CTNNA1,GAB1
CTNNA1,RBM4B
CTNNA1,CDK8
CTNNA1,C11orf24
CTNNA1,ELANE
CTNNA1,AHI1
CTNNA1,SV2B
CTNNA1,DENND1A
CTNNA1,MYO7B
CTNNA1,RHOF
CTNNA1,CAMP
CTNNA1,CRHBP
CTNNA1,WARS1
CTNNA1,TFR2
CTNNA1,MYH2
CTNNA1,ITK
CTNNA1,LPP
CTNNA1,SNX25
CTNNA1,TADA1
CTNNA1,PALB2
CTNNA1,CMAHP
CTNNA1,RAB3GAP2
CTNNA1,PLEC
CTNNA1,MAPK15
CTNNA1,ABI1
CTNNA1,HEPACAM2
CTNNA1,NLRP5
CTNNA1,PSTPIP1
CTNNA1,NUFIP1
CTNNA1,HSPA1B
CTNNA1,ECE1
CTNNA1,SCNN1D
CTNNA1,EGFLAM
CTNNA1,CLU
CTNNA1,FLCN
CTNNA1,SH3BP1
CTNNA1,TLN1
CTNNA1,ADAP1
CTNNA1,MAN1A1
CTNNA1,SLC8A3
CTNNA1,CST5
CTNNA1,ITSN1
CTNNA1,CDC42EP1
CTNNA1,NPM3
CTNNA1,ILK
CTNNA1,HPN
CTNNA1,SLC2A2
CTNNA1,ANKRD6
CTNNA1,LMBRD1
CTNNA1,DLG1
CTNNA1,SUGT1
CTNNA1,PLIN5
CTNNA1,NSMCE1
CTNNA1,COQ6
CTNNA1,CHGB
CTNNA1,SPPL3
CTNNA1,KIAA0319L
CTNNA1,PYCARD
CTNNA1,HSPA13
CTNNA1,EFNA5
CTNNA1,ALDH3A2
CTNNA1,FRMPD2
CTNNA1,TFG
CTNNA1,USP53
CTNNA1,PIK3C2A
CTNNA1,POMT1
CTNNA1,CDH23
CTNNA1,LZTS2
CTNNA1,RUFY4
CTNNA1,ERCC6L2
CTNNA1,HAND2
CTNNA1,PSEN2
CTNNA1,LRIG2
CTNNA1,POU2F2
CTNNA1,FRMD5
CTNNA1,MPEG1
CTNNA1,SSX2IP
CTNNA1,CA13
CTNNA1,CTNNB1
CTNNA1,CAT
CTNNA1,ACTN3
CTNNA1,RSC1A1
CTNNA1,CORO1B
CTNNA1,PALM
CTNNA1,PSME3IP1
CTNNA1,STK31
CTNNA1,TRIM67
CTNNA1,WNK3
CTNNA1,TEC
CTNNA1,STAM
CTNNA1,SCN1B
CTNNA1,SOCS1
CTNNA1,PLEKHG6
CTNNA1,YAP1
CTNNA1,CD74
CTNNA1,SMAD1
CTNNA1,ALOX15B
CTNNA1,SRP68
CTNNA1,MYADM
CTNNA1,IFT20
CTNNA1,CFHR2
CTNNA1,RIPK1
CTNNA1,GLRA2
CTNNA1,GKN1
CTNNA1,P3H1
CTNNA1,CLTA
CTNNA1,VSIG4
CTNNA1,PRSS55
CTNNA1,MBD3
CTNNA1,PMIS2
CTNNA1,ITGBL1
CTNNA1,USP7
CTNNA1,ACTBL2
CTNNA1,SCARB2
CTNNA1,RNF125
CTNNA1,TRAPPC2L
CTNNA1,NOX1
CTNNA1,RESP18
CTNNA1,FRAT1
CTNNA1,PSMD10
CTNNA1,ADAM2
CTNNA1,PLA2G2A
CTNNA1,APBB2
CTNNA1,CDH6
CTNNA1,MAP1LC3B
CTNNA1,SCRIB
CTNNA1,CYBA
CTNNA1,KLHL20
CTNNA1,TGM2
CTNNA1,CBARP
CTNNA1,MAST1
CTNNA1,CAPZA2
CTNNA1,HACL1
CTNNA1,ENAH
CTNNA1,CD151
CTNNA1,MYO15A
CTNNA1,PTPN6
CTNNA1,STX7
CTNNA1,MVB12A
CTNNA1,TES
CTNNA1,RBBP8
CTNNA1,WASF1
CTNNA1,ACTR3B
CTNNA1,CFAP298
CTNNA1,DCP2
CTNNA1,DYNC1I1
CTNNA1,PDLIM4
CTNNA1,TOP2A
CTNNA1,DESI1
CTNNA1,EPN3
CTNNA1,DAPK2
CTNNA1,HSP90AA4P
CTNNA1,TMEM147
CTNNA1,KLK4
CTNNA1,COPB1
CTNNA1,UACA
CTNNA1,PCDH12
CTNNA1,FTO
CTNNA1,HOXA11
CTNNA1,SNX9
CTNNA1,CASP4
CTNNA1,SH3GL1
CTNNA1,DDX53
CTNNA1,SNX16
CTNNA1,SOD1
CTNNA1,PLD1
CTNNA1,STX8
CTNNA1,DDN
CTNNA1,CDH12
CTNNA1,RYR2
CTNNA1,CCZ1
CTNNA1,PTPN3
CTNNA1,JMY
CTNNA1,ABITRAM
CTNNA1,ARF6
CTNNA1,EPHA3
CTNNA1,TNS1
CTNNA1,PLEKHA2
CTNNA1,RAPGEF3
CTNNA1,NDN
CTNNA1,ARPC5L
CTNNA1,POLRMT
CTNNA1,TMSB4Y
CTNNA1,FHOD1
CTNNA1,VDAC2
CTNNA1,MPZL1
CTNNA1,ARPC1A
CTNNA1,CYFIP1
CTNNA1,FGFRL1
CTNNA1,MBP
CTNNA1,FTCDNL1
CTNNA1,AQP8
CTNNA1,YWHAE
CTNNA1,CD63
CTNNA1,CD1B
CTNNA1,TUBB3
CTNNA1,DNAJC5
CTNNA1,PRKCD
CTNNA1,TENM1
CTNNA1,FAAP20
CTNNA1,KIF1B
CTNNA1,PAK6
CTNNA1,UBE2D1
CTNNA1,USH1G
CTNNA1,GNA13
CTNNA1,TP53BP2
CTNNA1,VCPKMT
CTNNA1,NOVA1
CTNNA1,CRYAA
CTNNA1,CTTNBP2NL
CTNNA1,MYL2
CTNNA1,NHERF1
CTNNA1,TPM2
CTNNA1,LMOD1
CTNNA1,DGKG
CTNNA1,MARCHF2
CTNNA1,CT55
CTNNA1,HAO1
CTNNA1,LIMD2
CTNNA1,RPS13
CTNNA1,TAF4
CTNNA1,ARHGAP22
CTNNA1,GRB2
CTNNA1,ILDR1
CTNNA1,SNX2
CTNNA1,KPTN
CTNNA1,MLLT10
CTNNA1,CTSZ
CTNNA1,PRKD1
CTNNA1,HSPB1
CTNNA1,FZD4
CTNNA1,TMX2
CTNNA1,SORBS1
CTNNA1,VPS26A
CTNNA1,CROT
CTNNA1,TM7SF2
CTNNA1,SIAH2
CTNNA1,ZAR1L
CTNNA1,PKM
CTNNA1,CLCN4
CTNNA1,UHMK1
CTNNA1,MAP4K4
CTNNA1,FYCO1
CTNNA1,EIF4ENIF1
CTNNA1,POTEF
CTNNA1,HK2
CTNNA1,FBXO45
CTNNA1,ARHGEF5
CTNNA1,RNF111
CTNNA1,KLC1
CTNNA1,UXT
CTNNA1,ELAVL1
CTNNA1,BSND
CTNNA1,PRIMA1
CTNNA1,COMMD7
CTNNA1,ZFYVE27
CTNNA1,SIGLEC15
CTNNA1,POF1B
CTNNA1,NKX2-5
CTNNA1,NCLN
CTNNA1,AUP1
CTNNA1,TMEM91
CTNNA1,MALL
CTNNA1,IPP
CTNNA1,TRAF7
CTNNA1,PKP4
CTNNA1,PKP3
CTNNA1,SLC6A3
CTNNA1,FGFR1
CTNNA1,KISS1R
CTNNA1,DSG1
CTNNA1,RIN1
CTNNA1,HINT1
CTNNA1,SGCB
CTNNA1,RPS12
CTNNA1,CLCN7
CTNNA1,KDM1A
CTNNA1,RNF6
CTNNA1,RRM1
CTNNA1,SHOX
CTNNA1,CHMP3
CTNNA1,MREG
CTNNA1,ERLIN1
CTNNA1,CAPN5
CTNNA1,SMTN
CTNNA1,SLC8A1
CTNNA1,CCDC66
CTNNA1,FKBP15
CTNNA1,PDGFRA
CTNNA1,CIR1
CTNNA1,L1CAM
CTNNA1,LASP1
CTNNA1,MICALL2
CTNNA1,SMARCD1
CTNNA1,GAA
CTNNA1,RADIL
CTNNA1,CCDC85A
CTNNA1,EBP
CTNNA1,PINK1
CTNNA1,FRMD6
CTNNA1,NECTIN3
CTNNA1,CTSA
CTNNA1,TEPSIN
CTNNA1,SPACA7
CTNNA1,MYO5A
CTNNA1,NIPBL
CTNNA1,SAMD4A
CTNNA1,SLC1A6
CTNNA1,CRYAB
CTNNA1,SNX27
CTNNA1,UBA52
CTNNA1,FMR1
CTNNA1,ARRB2
CTNNA1,HSP90AB4P
CTNNA1,NEDD4
CTNNA1,CFTR
CTNNA1,TPM3
CTNNA1,RPS11
CTNNA1,BMPR2
CTNNA1,GJB4
CTNNA1,GBP4
CTNNA1,EFNB2
CTNNA1,PPP5C
CTNNA1,RPL6
CTNNA1,IQCJ-SCHIP1
CTNNA1,scribble_human-6
CTNNA1,STN1
CTNNA1,ABCA12
CTNNA1,ANXA5
CTNNA1,IMPG2
CTNNA1,SLC1A3
CTNNA1,MAPRE2
CTNNA1,CX3CL1
CTNNA1,PTN
CTNNA1,DVL2
CTNNA1,ATP11A
CTNNA1,TNK2
CTNNA1,DYRK3
CTNNA1,ACTR10
CTNNA1,NFE4
CTNNA1,GDI1
CTNNA1,CPSF4
CTNNA1,AICDA
CTNNA1,DDB2
CTNNA1,DGAT2
CTNNA1,GARS1
CTNNA1,PTPRR
CTNNA1,GYS2
CTNNA1,CD81
CTNNA1,C3
CTNNA1,BCAR1
CTNNA1,RPS3
CTNNA1,CD274
CTNNA1,MRI1
CTNNA1,SVBP
CTNNA1,KLHL41
CTNNA1,PMEPA1
CTNNA1,SYBU
CTNNA1,DGKH
CTNNA1,MUC4
CTNNA1,CCDC146
CTNNA1,RAB29
CTNNA1,ANO1
CTNNA1,SSPOP
CTNNA1,BRAF
CTNNA1,WLS
CTNNA1,SPATA18
CTNNA1,LGALS8
CTNNA1,TMEM47
CTNNA1,BMP7
CTNNA1,GRB14
CTNNA1,COMT
CTNNA1,CFHR1
CTNNA1,AJM1
CTNNA1,COMP
CTNNA1,CYB5D1
CTNNA1,S100A11
CTNNA1,RPL9
CTNNA1,SOX9
CTNNA1,NOP16
CTNNA1,ANXA1
CTNNA1,AOAH
CTNNA1,NUDT9
CTNNA1,IRS1
CTNNA1,LRRC10
CTNNA1,RPS2
CTNNA1,CALY
CTNNA1,MYC
CTNNA1,NR0B2
CTNNA1,FRMPD4
CTNNA1,GRAMD1A
CTNNA1,EIF4G3
CTNNA1,CALM2
CTNNA1,XIRP1
CTNNA1,COL6A2
CTNNA1,WDFY2
CTNNA1,CST4
CTNNA1,SLC27A5
CTNNA1,F7
CTNNA1,UTRN
CTNNA1,MYO1F
CTNNA1,VAMP3
CTNNA1,LRP6
CTNNA1,LLGL1
CTNNA1,LAMP2
CTNNA1,TRIP4
CTNNA1,TMSB15B
CTNNA1,ODF2
CTNNA1,AJAP1
CTNNA1,FAM72C
CTNNA1,RPLP1
CTNNA1,ACTA2
CTNNA1,LIG1
CTNNA1,AQP10
CTNNA1,MYLIP
CTNNA1,SLC5A1
CTNNA1,RFX1
CTNNA1,NRBP1
CTNNA1,KLHL5
CTNNA1,COL17A1
CTNNA1,POLE2
CTNNA1,MAP3K14
CTNNA1,SMOX
CTNNA1,AP3S2
CTNNA1,ARPC4
CTNNA1,SLC39A4
CTNNA1,GRIP1
CTNNA1,FLII
CTNNA1,ARHGAP19
CTNNA1,G2E3
CTNNA1,PIK3R4
CTNNA1,DNM1L
CTNNA1,RAPH1
CTNNA1,RHCG
CTNNA1,CDC42SE2
CTNNA1,AMOTL1
CTNNA1,WDR1
CTNNA1,ACTL8
CTNNA1,NCAPH2
CTNNA1,LRRC7
CTNNA1,CRCP
CTNNA1,RCHY1
CTNNA1,MCOLN1
CTNNA1,TRIM29
CTNNA1,SFXN4
CTNNA1,PDCL3
CTNNA1,TULP1
CTNNA1,SMAGP
CTNNA1,FGF13
CTNNA1,DOCK7
CTNNA1,ITPKA
CTNNA1,PEX11B
CTNNA1,RPL19
CTNNA1,CNTNAP4
CTNNA1,AVP
CTNNA1,PALLD
CTNNA1,CABYR
CTNNA1,CRKL
CTNNA1,COL4A3
CTNNA1,RAB5B
CTNNA1,AMACR
CTNNA1,RAB11A
CTNNA1,DAZAP2
CTNNA1,PPFIBP1
CTNNA1,LAMTOR5
CTNNA1,PARD3
CTNNA1,ECT2
CTNNA1,ATP8A2
CTNNA1,SLC7A1
CTNNA1,FERMT3
CTNNA1,PEAR1
CTNNA1,ESAM
CTNNA1,RND3
CTNNA1,FKBP4
CTNNA1,CYP2B6
CTNNA1,DIAPH2
CTNNA1,CAPN11
CTNNA1,FGD2
CTNNA1,SIGMAR1
CTNNA1,INPP5F
CTNNA1,MIER1
CTNNA1,TGFA
CTNNA1,FSTL4
CTNNA1,PLEKHG4B
CTNNA1,PDXDC2P
CTNNA1,CDH11
CTNNA1,PRELID1
CTNNA1,BRSK1
CTNNA1,PEX11A
CTNNA1,RDX
CTNNA1,NME2
CTNNA1,CALD1
CTNNA1,OSBPL5
CTNNA1,DENND1B
CTNNA1,MARCHF1
CTNNA1,HEATR5B
CTNNA1,SYNPO2
CTNNA1,PRAM1
CTNNA1,CMYA5
CTNNA1,KIFC3
CTNNA1,IGF2BP2
CTNNA1,ABCB9
CTNNA1,ACTN1
CTNNA1,RND1
CTNNA1,ZC3H18
CTNNA1,ANKRD27
CTNNA1,CST2
CTNNA1,HNF1A
CTNNA1,ELMOD3
CTNNA1,KCTD16
CTNNA1,CD69
CTNNA1,BRCA1
CTNNA1,GABARAPL3
CTNNA1,PRDM14
CTNNA1,MVP
CTNNA1,RASIP1
CTNNA1,FERMT1
CTNNA1,PRSS37
CTNNA1,TOPBP1
CTNNA1,RAB3D
CTNNA1,NEDD9
CTNNA1,HMCN1
CTNNA1,SPAG9
CTNNA1,BRK1
CTNNA1,TWF1
CTNNA1,SPAG4
CTNNA1,DGKQ
CTNNA1,SLC39A2
CTNNA1,GJA1
CTNNA1,CDCA3
CTNNA1,KRT12
CTNNA1,DVL1
CTNNA1,FMO3
CTNNA1,CLNK
CTNNA1,ARRB1
CTNNA1,SPRY4
CTNNA1,ICAM1
CTNNA1,LY6G5B
CTNNA1,NUDT1
CTNNA1,RPS7
CTNNA1,RAP1A
CTNNA1,ESD
CTNNA1,SPACDR
CTNNA1,TNKS1BP1
CTNNA1,CDC42EP3
CTNNA1,CIMAP3
CTNNA1,TCAF2C
CTNNA1,LBH
CTNNA1,RPL13A
CTNNA1,CDC42BPB
CTNNA1,PTEN
CTNNA1,PLA2G4F
CTNNA1,TMOD3
CTNNA1,NOS1
CTNNA1,SRC
CTNNA1,KLC2
CTNNA1,SAMD9
CTNNA1,RAD54L
CTNNA1,RAB23
CTNNA1,scribble_human-3
CTNNA1,ATG9A
CTNNA1,NPHP1
CTNNA1,CYP2C19
CTNNA1,EVL
CTNNA1,MIOS
CTNNA1,DPP4
CTNNA1,RETREG3
CTNNA1,NPHP4
CTNNA1,XPC
CTNNA1,ANKRD23
CTNNA1,VRK3
CTNNA1,SFT2D3
CTNNA1,CEBPA
CTNNA1,CARD9
CTNNA1,TASL
CTNNA1,DENND1C
CTNNA1,RSU1
CTNNA1,CAPN2
CTNNA1,FLNB
CTNNA1,BCL3
CTNNA1,STX3
CTNNA1,PICALM
CTNNA1,HAT1
CTNNA1,ERMN
CTNNA1,KLHL17
CTNNA1,VAMP8
CTNNA1,PEX19
CTNNA1,OPHN1
CTNNA1,CAV3
CTNNA1,SRGN
CTNNA1,PTPRN2
CTNNA1,DENND4A
CTNNA1,CFAP47
CTNNA1,RPL30
CTNNA1,IKZF4
CTNNA1,MTCL1
CTNNA1,CDC42BPG
CTNNA1,SLC35F6
CTNNA1,RPL7
CTNNA1,FRMD4A
CTNNA1,PARD3B
CTNNA1,RUFY3
CTNNA1,CARMIL1
CTNNA1,KCNK1
CTNNA1,MARCKSL1
CTNNA1,CMTR1
CTNNA1,NIBAN2
CTNNA1,SLC6A4
CTNNA1,RBM10
CTNNA1,ATP6V0A1
CTNNA1,ALS2CL
CTNNA1,YWHAB
CTNNA1,SERPINA1
CTNNA1,UPF3A
CTNNA1,PEAK1
CTNNA1,OPALIN
CTNNA1,COQ4
CTNNA1,USP33
CTNNA1,SPATA13
CTNNA1,FGD6
CTNNA1,SMO
CTNNA1,THSD7A
CTNNA1,MYOC
CTNNA1,DRG2
CTNNA1,RTN4RL1
CTNNA1,SQSTM1
CTNNA1,TCF12
CTNNA1,CD99L2
CTNNA1,CHD4
CTNNA1,FRS2
CTNNA1,ARHGAP33
CTNNA1,HCFC1
CTNNA1,ALKBH6
CTNNA1,NCOA1
CTNNA1,MORN3
CTNNA1,HEG1
CTNNA1,SHROOM2
CTNNA1,OOEP
CTNNA1,KNTC1
CTNNA1,GBP6
CTNNA1,DAO
CTNNA1,DCTN2
CTNNA1,RPLP2
CTNNA1,PKD2L1
CTNNA1,NLRC3
CTNNA1,STXBP1
CTNNA1,BAG6
CTNNA1,PPFIA3
CTNNA1,FFAR2
CTNNA1,DIO3
CTNNA1,KLHL2
CTNNA1,KRT23
CTNNA1,MTSS1
CTNNA1,VAC14
CTNNA1,TGFB3
CTNNA1,CRYBG3
CTNNA1,PRKG1
CTNNA1,GPRC5C
CTNNA1,SNX31
CTNNA1,IFIT5
CTNNA1,DLG5
CTNNA1,LHX1
CTNNA1,PIP5K1A
CTNNA1,ECSCR
CTNNA1,TF
CTNNA1,AP1S3
CTNNA1,GJC1
CTNNA1,ANGPTL6
CTNNA1,RACGAP1
CTNNA1,OTX2
CTNNA1,SHC1
CTNNA1,CGN
CTNNA1,NCOA3
CTNNA1,MYO6
CTNNA1,PADI4
CTNNA1,MYOZ1
CTNNA1,TYRP1
CTNNA1,HEPACAM
CTNNA1,RPS10
CTNNA1,WASF2
CTNNA1,GOLGA1
CTNNA1,TMSB4X
CTNNA1,MDM2
CTNNA1,MEFV
CTNNA1,PCDH1
CTNNA1,IQCF1
CTNNA1,TMEM216
CTNNA1,BMP5
CTNNA1,KHDRBS1
CTNNA1,SARM1
CTNNA1,GOPC
CTNNA1,CR1
CTNNA1,DKKL1
CTNNA1,TRAF3IP2
CTNNA1,MAPRE1
CTNNA1,STX2
CTNNA1,IQGAP3
CTNNA1,CSH1
CTNNA1,MARCHF3
CTNNA1,PPP1R13L
CTNNA1,AAK1
CTNNA1,AP2A2
CTNNA1,DNM1
CTNNA1,ATP6V1E2
CTNNA1,RPL27
CTNNA1,COX11
CTNNA1,DSC3
CTNNA1,SNU13
CTNNA1,DUSP29
CTNNA1,S1PR1
CTNNA1,RFX5
CTNNA1,KRT25
CTNNA1,STX12
CTNNA1,ANXA13
CTNNA1,MDC1
CTNNA1,RAET1G
CTNNA1,AFAP1
CTNNA1,IQCG
CTNNA1,SNX15
CTNNA1,CCM2
CTNNA1,SPACA5
CTNNA1,VAMP2
CTNNA1,ABLIM3
CTNNA1,CCDC93
CTNNA1,CASK
CTNNA1,NR3C1
CTNNA1,ALS2
CTNNA1,FOXI1
CTNNA1,PRSS12
CTNNA1,WAPL
CTNNA1,POTEKP
CTNNA1,ARC
CTNNA1,ABCA13
CTNNA1,RAB2A
CTNNA1,AMTN
CTNNA1,HACD3
CTNNA1,RPL18
CTNNA1,RAD51C
CTNNA1,MEF2B
CTNNA1,SSH1
CTNNA1,HCRT
CTNNA1,DCTN4
CTNNA1,SH3PXD2A
CTNNA1,RPS14
CTNNA1,PTPRK
CTNNA1,SLC7A5
CTNNA1,ANKK1
CTNNA1,NOX4
CTNNA1,DCLK2
CTNNA1,RAC2
CTNNA1,RANGAP1
CTNNA1,KRT18
CTNNA1,ATP12A
CTNNA1,PCSK4
CTNNA1,P3H2
CTNNA1,BIN3
CTNNA1,EVA1A
CTNNA1,ATRAID
CTNNA1,PACSIN2
CTNNA1,ATP23
CTNNA1,PTPN13
CTNNA1,ITGA2B
CTNNA1,ARAP1
CTNNA1,ARL2
CTNNA1,ATP2B2
CTNNA1,HSPB7
CTNNA1,SGCD
CTNNA1,TCAF2
CTNNA1,CATIP
CTNNA1,CYP2C9
CTNNA1,ACTR6
CTNNA1,CYP39A1
CTNNA1,KRT14
CTNNA1,TMSB15C
CTNNA1,MACF1
CTNNA1,CLN6
CTNNA1,STAT1
CTNNA1,MUC1
CTNNA1,TEAD2
CTNNA1,DAZ1
CTNNA1,scribble_human-4
CTNNA1,IGF2BP1
CTNNA1,MAN2B1
CTNNA1,FGD4
CTNNA1,SLC9A8
CTNNA1,scribble_human-8
CTNNA1,MYO1B
CTNNA1,HTRA2
CTNNA1,UFL1
CTNNA1,WDFY1
CTNNA1,SPINK5
CTNNA1,RDH5
CTNNA1,ATP1A2
CTNNA1,KCNJ11
CTNNA1,MAPKAPK5
CTNNA1,ITGA2
CTNNA1,GFRAL
CTNNA1,GDF11
CTNNA1,CBL
CTNNA1,DNMBP
CTNNA1,PATJ
CTNNA1,SORBS2
CTNNA1,KIF9
CTNNA1,PAK4
CTNNA1,CDHR3
CTNNA1,ITGB7
CTNNA1,CHIC1
CTNNA1,SEM1
CTNNA1,KLRG1
CTNNA1,CGRRF1
CTNNA1,PDCD6IP
CTNNA1,TAGLN3
CTNNA1,POU2F1
CTNNA1,SKI
CTNNA1,SLC24A4
CTNNA1,SAXO1
CTNNA1,HSD11B2
CTNNA1,SLC1A2
CTNNA1,PLCG2
CTNNA1,LRP1
CTNNA1,ID2
CTNNA1,STK4
CTNNA1,FAM241A
CTNNA1,SH3PXD2B
CTNNA1,PARK7
CTNNA1,ESR2
CTNNA1,KANK3
CTNNA1,PEX5
CTNNA1,GPRC5A
CTNNA1,PDLIM3
CTNNA1,MAEA
CTNNA1,FGFR3
CTNNA1,SUV39H1
CTNNA1,SAXO2
CTNNA1,SPPL2A
CTNNA1,MAPK1
CTNNA1,ANLN
CTNNA1,A3GALT2
CTNNA1,ASF1A
CTNNA1,MPP4
CTNNA1,CIC
CTNNA1,CSTF2T
CTNNA1,KLK15
CTNNA1,ARPC1B
CTNNA1,CADM1
CTNNA1,P4HA1
CTNNA1,KLF6
CTNNA1,PPT1
CTNNA1,CFAP57
CTNNA1,ACTR3
CTNNA1,TCP11
CTNNA1,POTEI
CTNNA1,PADI3
CTNNA1,LCP2
CTNNA1,FARP2
CTNNA1,ANGPT2
CTNNA1,KLK9
CTNNA1,VEZT
CTNNA1,PAX2
CTNNA1,RRAS2
CTNNA1,CLEC16A
CTNNA1,INPP5D
CTNNA1,FIS1
CTNNA1,PRODH
CTNNA1,RPL23
CTNNA1,SLC12A2
CTNNA1,PIP4K2C
CTNNA1,DENND4C
CTNNA1,RPL10A
CTNNA1,PLA2G10
CTNNA1,DLG4
CTNNA1,LMO7
CTNNA1,CFAP157
CTNNA1,SEC13
CTNNA1,PTPRN
CTNNA1,VPS72
CTNNA1,AMER1
CTNNA1,AZU1
CTNNA1,HMGB2
CTNNA1,ITPKB
CTNNA1,CSF2
CTNNA1,STMN2
CTNNA1,SMARCA1
CTNNA1,NEIL2
CTNNA1,RHO
CTNNA1,HSP90B1
CTNNA1,VASP
CTNNA1,EVC2
CTNNA1,P2RX7
CTNNA1,VTI1B
CTNNA1,MPP1
CTNNA1,NCS1
CTNNA1,SLC6A13
CTNNA1,NCF2
CTNNA1,ITGA3
CTNNA1,CEP76
CTNNA1,RGP1
CTNNA1,GRM4
CTNNA1,NOD2
CTNNA1,PCP4
CTNNA1,DYNLT1
CTNNA1,RABEPK
CTNNA1,SYMPK
CTNNA1,HPS1
CTNNA1,EEF1AKMT3
CTNNA1,KRT16
CTNNA1,MPP2
CTNNA1,CDH7
CTNNA1,LDB3
CTNNA1,TRIM28
CTNNA1,FABP1
CTNNA1,RHOU
CTNNA1,CD46
CTNNA1,MPLKIP
CTNNA1,CLRN1
CTNNA1,ERCC8
CTNNA1,PLCB3
CTNNA1,CLDN5
CTNNA1,MROH2B
CTNNA1,GTF2A2
CTNNA1,MPRIP
CTNNA1,PITPNM1
CTNNA1,FGD5
CTNNA1,PPIH
CTNNA1,SLC34A1
CTNNA1,TSPAN4
CTNNA1,ZAR1
CTNNA1,XAB2
CTNNA1,TAGLN2
CTNNA1,P3H4
CTNNA1,RNF168
CTNNA1,GDPD2
CTNNA1,SNX10
CTNNA1,SYNDIG1L
CTNNA1,APPL2
CTNNA1,CDHR2
CTNNA1,DOLPP1
CTNNA1,CCZ1B
CTNNA1,SPATA16
CTNNA1,ARHGEF18
CTNNA1,RSPH10B2
CTNNA1,LPAR4
CTNNA1,GRIA1
CTNNA1,TGFB1I1
CTNNA1,A0A1B0GTQ1
CTNNA1,RBM39
CTNNA1,CAVIN1
CTNNA1,LIN7C
CTNNA1,HSP90AB1
CTNNA1,COG7
CTNNA1,MARK1
CTNNA1,DRC12
CTNNA1,RPS4X
CTNNA1,acpc_human
CTNNA1,RHOB
CTNNA1,RBBP4
CTNNA1,NCOA2
CTNNA1,PSMC5
CTNNA1,ADA
CTNNA1,NAT9
CTNNA1,CYP2D6
CTNNA1,TMEM123
CTNNA1,TLE6
CTNNA1,VAMP5
CTNNA1,LLGL2
CTNNA1,EPS15
CTNNA1,PIP5KL1
CTNNA1,GPLD1
CTNNA1,PHACTR4
CTNNA1,SCARF2
CTNNA1,GABARAP
CTNNA1,ASPSCR1
CTNNA1,STXBP6
CTNNA1,SSH2
CTNNA1,DPYSL5
CTNNA1,GJB3
CTNNA1,RBBP6
CTNNA1,SH3TC2
CTNNA1,CLNS1A
CTNNA1,CLDN18
CTNNA1,CAVIN3
CTNNA1,TP53INP1
CTNNA1,DGKZ
CTNNA1,UBQLN2
CTNNA1,PCM1
CTNNA1,HOXC5
CTNNA1,GAPT
CTNNA1,SPARC
CTNNA1,JAM2
CTNNA1,CLDN3
CTNNA1,ATG4B
CTNNA1,SYT8
CTNNA1,FRMPD1
CTNNA1,ERGIC2
CTNNA1,ARHGAP6
CTNNA1,MEF2C
CTNNA1,TIAM2
CTNNA1,FSCN1
CTNNA1,CYP1A1
CTNNA1,CTSG
CTNNA1,TRIO
CTNNA1,CASP1
CTNNA1,TXNDC8
CTNNA1,H1-0
CTNNA1,RAB3IP
CTNNA1,UPK1A
CTNNA1,HYAL3
CTNNA1,GHRHR
CTNNA1,CAMSAP3
CTNNA1,TCTE1
CTNNA1,RRAGD
CTNNA1,KLHL3
CTNNA1,HIP1
CTNNA1,CPS1
CTNNA1,TICAM2
CTNNA1,NR0B1
CTNNA1,ADGRB1
CTNNA1,TBXA2R
CTNNA1,BLNK
CTNNA1,PROM1
CTNNA1,AURKAIP1
CTNNA1,TMBIM1
CTNNA1,PPM1F
CTNNA1,ECI2
CTNNA1,NEK6
CTNNA1,YES1
CTNNA1,IKBKG
CTNNA1,RPS15
CTNNA1,S100A9
CTNNA1,UQCC1
CTNNA1,CLDN1
CTNNA1,PGLYRP3
CTNNA1,AP2M1
CTNNA1,OLR1
CTNNA1,FAM72B
CTNNA1,EIF1AD
CTNNA1,EPB42
CTNNA1,DSTN
CTNNA1,CPB1
CTNNA1,VHL
CTNNA1,CCDC134
CTNNA1,AJUBA
CTNNA1,MBD2
CTNNA1,DSTYK
CTNNA1,EPPIN
CTNNA1,FLOT1
CTNNA1,OVGP1
CTNNA1,PTPRJ
CTNNA1,QTRT1
CTNNA1,FLNA
CTNNA1,LMOD3
CTNNA1,SPESP1
CTNNA1,ZNRF1
CTNNA1,ARL14
CTNNA1,NHERF2
CTNNA1,NCSTN
CTNNA1,arp2_3_human-3
CTNNA1,KRT37
CTNNA1,ACTB
CTNNA1,KRT9
CTNNA1,ADGRA2
CTNNA1,PARP9
CTNNA1,SEC16B
CTNNA1,YIF1A
CTNNA1,BORCS5
CTNNA1,AGTRAP
CTNNA1,AQP9
CTNNA1,NCKAP1
CTNNA1,HLA-DPA1
CTNNA1,CYP4A22
CTNNA1,CNN2
CTNNA1,PTPN5
CTNNA1,ARMC8
CTNNA1,ATN1
CTNNA1,COL6A1
CTNNA1,NUMB
CTNNA1,SPRN
CTNNA1,TENM2
CTNNA1,SCIN
CTNNA1,SCGB1A1
CTNNA1,WNT2B
CTNNA1,IPO4
CTNNA1,SNX4
CTNNA1,CLCN6
CTNNA1,YWHAH
CTNNA1,SH3GLB1
CTNNA1,PLEKHN1
CTNNA1,ARHGEF2
CTNNA1,ITGA4
CTNNA1,DENND3
CTNNA1,MTA1
CTNNA1,CASP9
CTNNA1,HLA-DMB
CTNNA1,NACC1
CTNNA1,CDH3
CTNNA1,SLCO5A1
CTNNA1,UBQLN4
CTNNA1,SPACA4
CTNNA1,CNKSR1
CTNNA1,PDZD2
CTNNA1,NOTCH1
CTNNA1,MYO1G
CTNNA1,PRAG1
CTNNA1,HCAR3
CTNNA1,ATF4
CTNNA1,AKAP7
CTNNA1,MYLK
CTNNA1,YIPF3
CTNNA1,VEGFA
CTNNA1,ABRA
CTNNA1,ITGA8
CTNNA1,CMTM3
CTNNA1,TRAK1
CTNNA1,CYP4F12
CTNNA1,SLC2A3
CTNNA1,PEX11G
CTNNA1,CDC42EP5
CTNNA1,TBCD
CTNNA1,POTEJ
CTNNA1,TAB1
CTNNA1,FXR1
CTNNA1,ACTG1
CTNNA1,FBLN7
CTNNA1,B4GALT2
CTNNA1,CFAP410
CTNNA1,RCC1
CTNNA1,TEX101
CTNNA1,SCN8A
CTNNA1,PFN3
CTNNA1,CSRP2
CTNNA1,PROCR
CTNNA1,FGR
CTNNA1,STK36
CTNNA1,TRMT112
CTNNA1,ALCAM
CTNNA1,VIM
CTNNA1,RAB11FIP3
CTNNA1,DHX9
CTNNA1,RBMY1C
CTNNA1,NANOGP8
CTNNA1,AP3B2
CTNNA1,MYO5B
CTNNA1,INTS6
CTNNA1,ATP2B4
CTNNA1,ICA1
CTNNA1,STK39
CTNNA1,DNAI1
CTNNA1,RIPK2
CTNNA1,DOCK5
CTNNA1,CDH17
CTNNA1,SLC6A6
CTNNA1,KRT26
CTNNA1,ULBP2
CTNNA1,TCTN2
CTNNA1,CYP2F1
CTNNA1,CSNK2A2
CTNNA1,GIGYF1
CTNNA1,DAB2
CTNNA1,AXIN1
CTNNA1,SQLE
CTNNA1,SPACA3
CTNNA1,FOXK2
CTNNA1,TP73
CTNNA1,NANOG
CTNNA1,TGM3
CTNNA1,EFCAB2
CTNNA1,DNAJC13
CTNNA1,FSCN3
CTNNA1,UNC5C
CTNNA1,DAZ3
CTNNA1,MPZL2
CTNNA1,MYCBP2
CTNNA1,KCNA2
CTNNA1,UGT1A6
CTNNA1,GLIPR1L1
CTNNA1,TM9SF1
CTNNA1,TPM1
CTNNA1,GPN3
CTNNA1,KIDINS220
CTNNA1,SLC3A2
CTNNA1,RGS7
CTNNA1,ABLIM2
CTNNA1,FGFR4
CTNNA1,RGS11
CTNNA1,NEO1
CTNNA1,WTIP
CTNNA1,RFTN1
CTNNA1,CORO1A
CTNNA1,THSD1
CTNNA1,NDC1
CTNNA1,KRT17
CTNNA1,NAA15
CTNNA1,LSR
CTNNA1,GPER1
CTNNA1,CYB561D2
CTNNA1,ZNF638
CTNNA1,KLK14
CTNNA1,SLC51B
CTNNA1,SLC66A1
CTNNA1,KRT13
CTNNA1,ZMPSTE24
CTNNA1,BNIP2
CTNNA1,CERS1
CTNNA1,RABEP2
CTNNA1,NLRC4
CTNNA1,tln1-vinc_human
CTNNA1,MCF2
CTNNA1,STK11IP
CTNNA1,CORO2B
CTNNA1,TMSB15A
CTNNA1,IL4I1
CTNNA1,SLC30A7
CTNNA1,PLEKHG3
CTNNA1,FBLIM1
CTNNA1,ABCD3
CTNNA1,PPIC
CTNNA1,PSMG3
CTNNA1,ITCH
CTNNA1,ACACA
CTNNA1,KLK11
CTNNA1,DAZ2
CTNNA1,CDH18
CTNNA1,PSAP
CTNNA1,GBP2
CTNNA1,TDRP
CTNNA1,METTL21EP
CTNNA1,PDZD11
CTNNA1,BLVRB
CTNNA1,GSTP1
CTNNA1,PATE4
CTNNA1,DPYSL3
CTNNA1,STX16
CTNNA1,PIK3CA
CTNNA1,EMP2
CTNNA1,RPL38
CTNNA1,MORN2
CTNNA1,PUSL1
CTNNA1,DEFA5
CTNNA1,PUF60
CTNNA1,SLC35B1
CTNNA1,ADD1
CTNNA1,MEN1
CTNNA1,MYSM1
CTNNA1,PANX1
CTNNA1,FUCA1
CTNNA1,RDH16
CTNNA1,VAPA
CTNNA1,TRIM46
CTNNA1,SMARCD2
CTNNA1,ALDOC
CTNNA1,ARHGAP28
CTNNA1,GOLT1B
CTNNA1,OIP5
CTNNA1,RAB6A
CTNNA1,CNN3
CTNNA1,SIRT3
CTNNA1,PRDX3
CTNNA1,CARD17P
CTNNA1,MAPK3
CTNNA1,FAM98B
CTNNA1,LSM4
CTNNA1,CYP2A13
CTNNA1,FHL1
CTNNA1,CARD8
CTNNA1,HCK
CTNNA1,VIL1
CTNNA1,C17orf75
CTNNA1,SLC49A4
CTNNA1,SYN1
CTNNA1,ZNF10
CTNNA1,IGSF11
CTNNA1,OCLN
CTNNA1,CEND1
CTNNA1,DIXDC1
CTNNA1,KCND2
CTNNA1,RSPH10B
CTNNA1,CHIC2
CTNNA1,SORCS2
CTNNA1,SPEF1
CTNNA1,GRB10
CTNNA1,RAB41
CTNNA1,TRPS1
CTNNA1,HJV
CTNNA1,PKN2
CTNNA1,PPM1E
CTNNA1,KLK8
CTNNA1,MAP2K2
CTNNA1,G6PD
CTNNA1,SCN1A
CTNNA1,GFRA1
CTNNA1,ACOX2
