Bait	PreyGene	#Rep	AvgP	BFDR
ACTB	IGKV3-7	3	0.3333	0.3843
ACTB	IGLV3-9	3	0.3333	0.3843
ACTB	IGKV2-28	3	0.3333	0.3843
ACTB	IGHV3-49	3	0.3333	0.3843
ACTB	IGKV3D-20	3	0.3333	0.3843
ACTB	IGHV5-51	3	0.3333	0.3843
KRT8	TTC26	3	0.0041	0.8393
ACTB	UBA6	3	0.0305	0.7523
CTNNA1	UBA6	3	0.0114	0.8088
KRT8	UBA6	3	0.0488	0.7264
LMNA	UBA6	3	0.0067	0.8281
MAPRE3	UBA6	3	0.0012	0.8539
ACTB	ESYT2	3	0.0034	0.8424
KRT8	ESYT2	3	0.2336	0.5592
LMNA	ESYT2	3	0.0026	0.846
ACTB	UHRF1BP1L	3	0.0139	0.7977
CTNNA1	UHRF1BP1L	3	0.0004	0.8609
KRT8	UHRF1BP1L	3	0.0208	0.7732
LMNA	UHRF1BP1L	3	0.0009	0.856
MAPRE3	UHRF1BP1L	3	0.0042	0.8388
ACTB	SHTN1	3	0.3544	0.3383
CTNNA1	SHTN1	3	0.1958	0.5927
KRT8	SHTN1	3	0.3289	0.4563
LMNA	SHTN1	3	0.1316	0.6479
MAPRE3	SHTN1	3	0.2949	0.4933
ACTB	FAM168B	3	0.0288	0.7551
CTNNA1	FAM168B	3	0.021	0.7727
KRT8	FAM168B	3	0.0461	0.7301
LMNA	FAM168B	3	0.0073	0.8256
MAPRE3	FAM168B	3	0.0068	0.8277
ACTB	MEX3A	3	0.003	0.8442
KRT8	ILVBL	3	0.0683	0.7054
ACTB	PLEKHG3	3	0.9753	0.0015
CTNNA1	PLEKHG3	3	0.0003	0.8621
KRT8	PLEKHG3	3	0.025	0.7637
ACTB	SH3PXD2B	3	0.349	0.3509
CTNNA1	SH3PXD2B	3	0.0976	0.6774
KRT8	SH3PXD2B	3	0.2518	0.5421
LMNA	SH3PXD2B	3	0.1505	0.6314
MAPRE3	SH3PXD2B	3	0.2574	0.5359
ACTB	PIPSL	3	0.022	0.7702
KRT8	PIPSL	3	0.1125	0.6641
LMNA	ZNF320	3	1	0
ACTB	NBAS	3	0.0055	0.833
KRT8	NBAS	3	0.0384	0.7398
LMNA	NBAS	3	0.0008	0.8571
KRT8	CCDC66	3	0.004	0.8397
MAPRE3	CCDC66	3	0.0055	0.833
ACTB	VWA8	3	0.1224	0.6563
KRT8	VWA8	3	0.0504	0.7246
ACTB	SBNO1	3	0.146	0.6354
CTNNA1	SBNO1	3	0.019	0.7787
KRT8	SBNO1	3	0.069	0.7045
LMNA	SBNO1	3	0.2625	0.5313
MAPRE3	SBNO1	3	0.0977	0.6772
KRT8	GTPBP10	3	1	0
ACTB	POTEF	3	0.9996	0
LMNA	POTEF	3	0.0617	0.7124
LMNA	PEDS1	3	0.3333	0.3843
ACTB	CNOT1	3	0.022	0.7702
CTNNA1	CNOT1	3	0.0002	0.8634
KRT8	CNOT1	3	0.0195	0.7772
MAPRE3	CNOT1	3	0.0065	0.8289
KRT8	KRT87P	3	0.0593	0.7147
ACTB	FAM83G	3	0.3333	0.3843
KRT8	FAM83G	3	1	0
MAPRE3	FAM83G	3	1	0
ACTB	DDTL	3	0.0127	0.8033
CTNNA1	DDTL	3	0.0002	0.8634
KRT8	DDTL	3	0.0305	0.7523
LMNA	DDTL	3	0.0122	0.8053
MAPRE3	DDTL	3	0.0013	0.8533
ACTB	TUBAL3	3	0.0474	0.7284
CTNNA1	TUBAL3	3	0.0235	0.767
KRT8	TUBAL3	3	0.23	0.5619
LMNA	TUBAL3	3	0.0264	0.7601
MAPRE3	TUBAL3	3	0.0374	0.7413
ACTB	SMCHD1	3	0.0002	0.8634
KRT8	SMCHD1	3	0.0001	0.865
LMNA	SMCHD1	3	0.0105	0.8127
MAPRE3	SMCHD1	3	0.0016	0.8515
ACTB	ARHGAP42	3	0.0183	0.7807
KRT8	ARHGAP42	3	0.0004	0.8609
KRT8	CCDC85C	3	0.6667	0.0712
KRT8	ZSWIM8	3	1	0
ACTB	ARHGAP32	3	0.0293	0.7541
CTNNA1	ARHGAP32	3	0.0041	0.8393
KRT8	ARHGAP32	3	0.5432	0.164
ACTB	POM121C	3	0.008	0.8229
CTNNA1	POM121C	3	0.0004	0.8609
KRT8	POM121C	3	0.0066	0.8285
LMNA	POM121C	3	0.8768	0.0107
MAPRE3	POM121C	3	0.001	0.8552
ACTB	DDX11L8	3	0.0119	0.8066
LMNA	DDX11L8	3	0.7559	0.0331
ACTB	SNRPGP15	3	0.0194	0.7776
CTNNA1	SNRPGP15	3	0.0073	0.8256
LMNA	SNRPGP15	3	0.2179	0.5739
ACTB	AHRR	3	0.0035	0.8419
KRT8	AHRR	3	0	0.8672
LMNA	AHRR	3	0	0.8672
ACTB	MYO9A	3	0.0181	0.7814
CTNNA1	MYO9A	3	0	0.8672
KRT8	MYO9A	3	0.0082	0.8221
ACTB	GPR89A	3	0.0029	0.8445
KRT8	GPR89A	3	0.0288	0.7551
LMNA	GPR89A	3	0.9238	0.007
MAPRE3	GPR89A	3	0.0024	0.847
ACTB	IGLL5	3	0.3333	0.3843
LMNA	ZNF587B	3	0.3333	0.3843
ACTB	NACA	3	0.0732	0.7001
CTNNA1	NACA	3	0.0037	0.8409
KRT8	NACA	3	0.0891	0.6845
LMNA	NACA	3	0.0093	0.8179
MAPRE3	NACA	3	0.0186	0.7799
ACTB	AGPS	3	0.0983	0.6766
KRT8	AGPS	3	0.0872	0.6865
LMNA	AGPS	3	0.0821	0.6918
MAPRE3	AGPS	3	0.0026	0.846
LMNA	UBXN8	3	0.0567	0.7176
LMNA	KIF2A	3	0.0028	0.8451
MAPRE3	KIF2A	3	0.0277	0.7576
ACTB	DDX39A	3	0.0984	0.6765
CTNNA1	DDX39A	3	0.0265	0.76
KRT8	DDX39A	3	0.5291	0.1708
LMNA	DDX39A	3	0.4249	0.2341
MAPRE3	DDX39A	3	0.0513	0.723
ACTB	PDLIM1	3	0.3534	0.3401
CTNNA1	PDLIM1	3	0.114	0.6632
KRT8	PDLIM1	3	0.2537	0.5398
LMNA	PDLIM1	3	0.0432	0.7335
MAPRE3	PDLIM1	3	0.1351	0.645
ACTB	ACOT7	3	0.1667	0.618
CTNNA1	ACOT7	3	0.0599	0.714
KRT8	ACOT7	3	0.3436	0.3611
LMNA	ACOT7	3	0.4436	0.2166
MAPRE3	ACOT7	3	0.0617	0.7124
ACTB	MYO1C	3	0.3108	0.4766
CTNNA1	MYO1C	3	0.1119	0.6647
KRT8	MYO1C	3	0.2762	0.515
LMNA	MYO1C	3	0.2268	0.5656
MAPRE3	MYO1C	3	0.1379	0.6424
ACTB	SNAP23	3	0.2067	0.5831
CTNNA1	SNAP23	3	0.1465	0.6349
KRT8	SNAP23	3	0.1101	0.6662
LMNA	SNAP23	3	0.001	0.8552
MAPRE3	SNAP23	3	0.0036	0.8414
ACTB	AIP	3	0.1638	0.6202
CTNNA1	AIP	3	0.0231	0.7679
KRT8	AIP	3	0.3175	0.4678
LMNA	AIP	3	0.1832	0.6035
MAPRE3	AIP	3	0.0089	0.8194
ACTB	GTPBP1	3	0.3901	0.2727
KRT8	GTPBP1	3	0.0075	0.8248
MAPRE3	GTPBP1	3	0.0037	0.8409
ACTB	AP4M1	3	0.0084	0.8215
KRT8	AP4M1	3	0.3835	0.2815
ACTB	SMAP	3	0.1342	0.6454
CTNNA1	SMAP	3	0.0387	0.7392
KRT8	SMAP	3	0.1292	0.6511
LMNA	SMAP	3	0.3279	0.458
MAPRE3	SMAP	3	0.0977	0.6772
ACTB	AP3B1	3	0.0125	0.8041
CTNNA1	AP3B1	3	0.0006	0.8588
KRT8	AP3B1	3	0.0101	0.8144
LMNA	AP3B1	3	0	0.8672
MAPRE3	AP3B1	3	0.0049	0.8357
ACTB	APBB1	3	0.0106	0.8123
CTNNA1	APBB1	3	0.0001	0.865
KRT8	APBB1	3	0.0186	0.7799
LMNA	APBB1	3	0.0385	0.7395
MAPRE3	APBB1	3	0.0018	0.8502
ACTB	PSMD11	3	0.0131	0.8017
KRT8	PSMD11	3	0.0075	0.8248
ACTB	PSMD12	3	0.205	0.5849
CTNNA1	PSMD12	3	0.0844	0.6886
KRT8	PSMD12	3	0.1598	0.6233
LMNA	PSMD12	3	0.0514	0.7227
MAPRE3	PSMD12	3	0.0394	0.7382
ACTB	PSMD9	3	0.0763	0.697
CTNNA1	PSMD9	3	0.009	0.819
KRT8	PSMD9	3	0.0282	0.7564
LMNA	PSMD9	3	0.0032	0.8433
LMNA	CBX4	3	0.0055	0.833
MAPRE3	CBX4	3	0.0226	0.769
ACTB	PGRMC1	3	0.166	0.6186
KRT8	PGRMC1	3	0.1123	0.6644
LMNA	PGRMC1	3	0.096	0.6788
MAPRE3	PGRMC1	3	0.006	0.831
ACTB	SUPT5H	3	0.0009	0.856
KRT8	SUPT5H	3	0.0028	0.8451
LMNA	SUPT5H	3	0.4505	0.2132
ACTB	TAF4	3	0	0.8672
LMNA	TAF4	3	0.0042	0.8388
ACTB	DFFA	3	0.0146	0.795
CTNNA1	DFFA	3	0.0006	0.8588
KRT8	DFFA	3	0.0162	0.7886
LMNA	DFFA	3	0.0911	0.6828
ACTB	CLIC1	3	0.0273	0.7584
CTNNA1	CLIC1	3	0.0133	0.8007
KRT8	CLIC1	3	0.0639	0.71
LMNA	CLIC1	3	0.1331	0.6465
MAPRE3	CLIC1	3	0.0032	0.8433
ACTB	EIF3F	3	0.1974	0.5913
CTNNA1	EIF3F	3	0.0412	0.7361
KRT8	EIF3F	3	0.2772	0.5136
LMNA	EIF3F	3	0.1022	0.6734
MAPRE3	EIF3F	3	0.0703	0.7033
KRT8	SLC28A1	3	0.0065	0.8289
MAPRE3	SLC28A1	3	0.0038	0.8404
ACTB	SLC33A1	3	0.0039	0.84
LMNA	SLC33A1	3	0.7244	0.0424
ACTB	WASL	3	0.994	0.0004
CTNNA1	WASL	3	0.0021	0.8485
KRT8	WASL	3	0.0137	0.7987
LMNA	WASL	3	0.0019	0.8497
MAPRE3	WASL	3	0.0069	0.8272
ACTB	PDE2A	3	0.0168	0.7862
CTNNA1	PDE2A	3	0.0018	0.8502
KRT8	PDE2A	3	0.0675	0.7063
LMNA	PDE2A	3	0.0001	0.865
MAPRE3	PDE2A	3	0.0091	0.8188
ACTB	IPO5	3	0.3419	0.3643
CTNNA1	IPO5	3	0.0246	0.7648
KRT8	IPO5	3	0.3849	0.2791
LMNA	IPO5	3	0.3114	0.476
MAPRE3	IPO5	3	0.1911	0.5972
KRT8	POLRMT	3	0.6298	0.1376
ACTB	EEF2K	3	0.0306	0.7521
KRT8	EEF2K	3	0.0289	0.7551
MAPRE3	EEF2K	3	0.0001	0.865
ACTB	SAP18	3	0.0001	0.865
ACTB	IGF2BP3	3	0.2703	0.5219
CTNNA1	IGF2BP3	3	0.1068	0.6686
KRT8	IGF2BP3	3	0.2986	0.4892
LMNA	IGF2BP3	3	0.136	0.644
MAPRE3	IGF2BP3	3	0.133	0.6468
ACTB	DNM1L	3	0.2441	0.5503
CTNNA1	DNM1L	3	0.0594	0.7146
KRT8	DNM1L	3	0.2378	0.5556
LMNA	DNM1L	3	0.1197	0.658
MAPRE3	DNM1L	3	0.1471	0.6341
ACTB	PIK3C2A	3	0.0164	0.7877
CTNNA1	PIK3C2A	3	0.0018	0.8502
KRT8	PIK3C2A	3	0.0345	0.7461
LMNA	PIK3C2A	3	0.0006	0.8588
MAPRE3	PIK3C2A	3	0.0085	0.8211
KRT8	PLK4	3	0.3333	0.3843
ACTB	TRAF5	3	0.0015	0.852
CTNNA1	TRAF5	3	0.0012	0.8539
KRT8	TRAF5	3	0.0627	0.7113
ACTB	PLOD2	3	0.0368	0.7423
CTNNA1	PLOD2	3	0.0073	0.8256
KRT8	PLOD2	3	0.0022	0.8481
LMNA	PLOD2	3	0.0428	0.734
MAPRE3	PLOD2	3	0.0075	0.8248
ACTB	EXOC5	3	0.0017	0.8509
KRT8	EXOC5	3	0.02	0.7755
LMNA	ELL2	3	0.0676	0.7061
ACTB	NDUFA4	3	0.139	0.6413
KRT8	NDUFA4	3	0.0381	0.7403
LMNA	NDUFA4	3	0.157	0.6253
MAPRE3	NDUFA4	3	0.038	0.7404
ACTB	PSMD14	3	0.0115	0.8082
KRT8	PSMD14	3	0.7336	0.0405
LMNA	PSMD14	3	0.0036	0.8414
ACTB	BIN1	3	0.0005	0.8597
KRT8	BIN1	3	0.0031	0.8437
MAPRE3	BIN1	3	0	0.8672
ACTB	KPNA3	3	0.2572	0.5363
CTNNA1	KPNA3	3	0.024	0.766
KRT8	KPNA3	3	0.2603	0.5332
LMNA	KPNA3	3	0.27	0.5224
MAPRE3	KPNA3	3	0.1332	0.6462
ACTB	PES1	3	0.0006	0.8588
LMNA	PES1	3	0.0101	0.8144
KRT8	SDCBP	3	0.0195	0.7772
LMNA	SDCBP	3	0.0017	0.8509
KRT8	PITPNM1	3	0.3333	0.3843
KRT8	MPHOSPH10	3	0	0.8672
LMNA	MPHOSPH10	3	0	0.8672
ACTB	NOP56	3	0.0159	0.7897
CTNNA1	NOP56	3	0.0146	0.795
KRT8	NOP56	3	0.0892	0.6844
LMNA	NOP56	3	0.1815	0.6054
MAPRE3	NOP56	3	0.0141	0.7971
ACTB	DDX3X	3	0.2646	0.5288
CTNNA1	DDX3X	3	0.059	0.7152
KRT8	DDX3X	3	0.3276	0.4583
LMNA	DDX3X	3	0.1006	0.675
MAPRE3	DDX3X	3	0.1719	0.6137
LMNA	KPNA4	3	1	0
LMNA	NFIB	3	1	0
KRT8	E2F3	3	0.0035	0.8419
LMNA	E2F3	3	0.0028	0.8451
ACTB	PPP6C	3	0.0079	0.8232
KRT8	PPP6C	3	0.0391	0.7386
LMNA	PPP6C	3	0.28	0.5105
ACTB	PIK3C2B	3	0.2588	0.5346
KRT8	PIK3C2B	3	0.3085	0.479
ACTB	ACACB	3	0.0175	0.7836
CTNNA1	ACACB	3	0.0088	0.8198
KRT8	ACACB	3	0.0224	0.7694
LMNA	ACACB	3	0.0176	0.7832
MAPRE3	ACACB	3	0.005	0.8352
ACTB	SCD	3	0.0036	0.8414
KRT8	SCD	3	0.0049	0.8357
LMNA	SCD	3	0.9499	0.0034
ACTB	ARID1A	3	0	0.8672
KRT8	ARID1A	3	0	0.8672
LMNA	ARID1A	3	0.0024	0.847
LMNA	BHLHE40	3	0.6667	0.0712
ACTB	NCKAP5	3	0.0008	0.8571
KRT8	NCKAP5	3	0.0089	0.8194
MAPRE3	NCKAP5	3	0.6578	0.128
LMNA	NEMP1	3	0.3333	0.3843
ACTB	TXNDC9	3	0.694	0.0554
KRT8	TXNDC9	3	0.012	0.8063
LMNA	TXNDC9	3	0.064	0.7097
MAPRE3	TXNDC9	3	0.0028	0.8451
ACTB	DPYSL4	3	0.0068	0.8277
KRT8	DPYSL4	3	0.3167	0.4693
ACTB	UBFD1	3	0.0333	0.7478
CTNNA1	UBFD1	3	0.0189	0.7791
KRT8	UBFD1	3	0.0093	0.8179
LMNA	UBFD1	3	0.0209	0.773
MAPRE3	UBFD1	3	0.0048	0.8361
ACTB	CIT	3	0.0066	0.8285
KRT8	CIT	3	0.2779	0.5131
MAPRE3	CIT	3	0.0094	0.8174
CTNNA1	UTY	3	0.0034	0.8424
ACTB	CDC42EP2	3	0.0054	0.8334
KRT8	CDC42EP2	3	0.0127	0.8033
MAPRE3	CDC42EP2	3	0.0022	0.8481
ACTB	AP3D1	3	0.0136	0.7993
CTNNA1	AP3D1	3	0.0002	0.8634
KRT8	AP3D1	3	0.0154	0.7921
LMNA	AP3D1	3	0.0146	0.795
MAPRE3	AP3D1	3	0.0066	0.8285
LMNA	CCS	3	0.3151	0.4713
LMNA	ZNF195	3	0.9992	0
ACTB	ABLIM1	3	0.2761	0.5152
CTNNA1	ABLIM1	3	0.0024	0.847
KRT8	ABLIM1	3	0.0198	0.7761
MAPRE3	ABLIM1	3	0.0037	0.8409
ACTB	DVL1	3	0.0059	0.8315
KRT8	DVL1	3	0.3521	0.3434
MAPRE3	DVL1	3	0.0007	0.8579
ACTB	DVL2	3	0.4276	0.2318
CTNNA1	DVL2	3	0.2252	0.567
KRT8	DVL2	3	0.4639	0.2025
LMNA	DVL2	3	0.264	0.5296
MAPRE3	DVL2	3	0.3711	0.3074
ACTB	CHD1	3	0.0012	0.8539
KRT8	CHD1	3	0.001	0.8552
LMNA	CHD1	3	0.0447	0.7317
LMNA	CHD2	3	0.0169	0.7858
LMNA	GOSR2	3	0.0119	0.8066
ACTB	EI24	3	0.3333	0.3843
LMNA	EI24	3	0.3333	0.3843
KRT8	KMT2D	3	0.0034	0.8424
LMNA	KMT2D	3	0.0052	0.8344
KRT8	RGPD8	3	0.2871	0.5023
ACTB	RIOK3	3	0.1421	0.6385
CTNNA1	RIOK3	3	0.1302	0.6499
KRT8	RIOK3	3	0.1167	0.6605
LMNA	RIOK3	3	0.0689	0.7047
MAPRE3	RIOK3	3	0.1234	0.6553
ACTB	IMPA2	3	0.0299	0.753
KRT8	IMPA2	3	0.1012	0.6744
LMNA	IMPA2	3	0.0029	0.8445
ACTB	CDIPT	3	0.0072	0.8261
KRT8	CDIPT	3	1	0
LMNA	CDIPT	3	0.2439	0.5507
MAPRE3	CDIPT	3	0.0146	0.795
ACTB	PDCD5	3	0.0106	0.8123
KRT8	PDCD5	3	0.0291	0.7547
LMNA	PDCD5	3	0.0088	0.8198
ACTB	SLC9A3R1	3	0.1544	0.6274
CTNNA1	SLC9A3R1	3	0.0265	0.76
LMNA	SLC9A3R1	3	0.0676	0.7061
KRT8	CHEK1	3	0.0105	0.8127
LMNA	CHEK1	3	0.0028	0.8451
ACTB	TCERG1	3	0.0001	0.865
KRT8	TCERG1	3	0.0018	0.8502
LMNA	TCERG1	3	0.0101	0.8144
MAPRE3	TCERG1	3	0.0001	0.865
ACTB	NDC80	3	0.2784	0.5123
KRT8	NDC80	3	0.9483	0.0037
MAPRE3	NDC80	3	0.0097	0.8161
ACTB	TNPO2	3	0.0113	0.8094
KRT8	TNPO2	3	0.9921	0.0006
CTNNA1	UNC13B	3	0.1836	0.6032
KRT8	UNC13B	3	0.0835	0.6899
LMNA	UNC13B	3	0.0623	0.7117
MAPRE3	UNC13B	3	0.1179	0.6596
KRT8	POLR3A	3	0.0433	0.7335
ACTB	PSMA7	3	0.0069	0.8272
KRT8	PSMA7	3	0.0155	0.7917
MAPRE3	PSMA7	3	0.0041	0.8393
ACTB	SCAMP3	3	0.0122	0.8053
KRT8	SCAMP3	3	0.0426	0.7342
ACTB	MGST3	3	0.1147	0.6627
KRT8	MGST3	3	0.0822	0.6916
LMNA	MGST3	3	0.1576	0.6251
ACTB	TAX1BP3	3	0.082	0.692
CTNNA1	TAX1BP3	3	0.0077	0.824
KRT8	TAX1BP3	3	0.0316	0.7501
MAPRE3	TAX1BP3	3	0.0086	0.8207
KRT8	GIPC1	3	0.0033	0.8429
ACTB	HAT1	3	0.1979	0.591
CTNNA1	HAT1	3	0.0623	0.7117
KRT8	HAT1	3	0.2163	0.5754
LMNA	HAT1	3	0.3084	0.4791
MAPRE3	HAT1	3	0.1489	0.6328
ACTB	MYL12B	3	0.084	0.6894
CTNNA1	MYL12B	3	0.0113	0.8094
KRT8	MYL12B	3	0.124	0.6546
LMNA	MYL12B	3	0.0319	0.7495
MAPRE3	MYL12B	3	0.0188	0.7795
ACTB	AURKA	3	0.0029	0.8445
KRT8	AURKA	3	0.0028	0.8451
MAPRE3	AURKA	3	0.7094	0.0489
LMNA	RAB29	3	1	0
ACTB	VPS26C	3	0.0054	0.8334
ACTB	PPP1R12A	3	0.347	0.3557
CTNNA1	PPP1R12A	3	0.1709	0.6149
KRT8	PPP1R12A	3	0.262	0.532
LMNA	PPP1R12A	3	0.0524	0.7219
MAPRE3	PPP1R12A	3	0.2516	0.5424
ACTB	GAK	3	0.0256	0.7621
CTNNA1	GAK	3	0.0005	0.8597
KRT8	GAK	3	0.0281	0.7566
LMNA	GAK	3	0.0031	0.8437
MAPRE3	GAK	3	0.0098	0.8157
ACTB	HNRNPDL	3	0.0145	0.7955
CTNNA1	HNRNPDL	3	0.0101	0.8144
KRT8	HNRNPDL	3	0.2687	0.5239
LMNA	HNRNPDL	3	0.2525	0.5413
MAPRE3	HNRNPDL	3	0.0074	0.8253
ACTB	XPO1	3	0.2186	0.573
CTNNA1	XPO1	3	0.0416	0.7356
KRT8	XPO1	3	0.263	0.5305
LMNA	XPO1	3	0.2043	0.5853
MAPRE3	XPO1	3	0.1296	0.6504
KRT8	BTAF1	3	0.0006	0.8588
LMNA	BTAF1	3	0.0775	0.6958
ACTB	ARHGEF10	3	0.01	0.8148
CTNNA1	ARHGEF10	3	0.0002	0.8634
KRT8	ARHGEF10	3	0.0221	0.77
MAPRE3	ARHGEF10	3	0.0001	0.865
ACTB	ZNF609	3	0.0025	0.8466
LMNA	ZNF609	3	0.0213	0.7717
MAPRE3	ZNF609	3	0.0003	0.8621
ACTB	PDZD2	3	0.6439	0.1342
ACTB	SPTBN2	3	0.4651	0.2005
CTNNA1	SPTBN2	3	0.0003	0.8621
KRT8	SPTBN2	3	0.0111	0.8104
LMNA	SPTBN2	3	0.0007	0.8579
ACTB	SEC16A	3	0.2658	0.527
CTNNA1	SEC16A	3	0.1141	0.6631
KRT8	SEC16A	3	0.3405	0.3677
LMNA	SEC16A	3	0.162	0.6215
MAPRE3	SEC16A	3	0.2223	0.5698
ACTB	PLXNB2	3	0.0006	0.8588
KRT8	PLXNB2	3	0.0054	0.8334
ACTB	U2SURP	3	0.2004	0.5887
CTNNA1	U2SURP	3	0.007	0.8268
KRT8	U2SURP	3	0.1579	0.6246
LMNA	U2SURP	3	0.2864	0.5027
MAPRE3	U2SURP	3	0.1793	0.6068
ACTB	KDM6B	3	0.0137	0.7987
KRT8	KDM6B	3	0.0068	0.8277
LMNA	KDM6B	3	0.0001	0.865
ACTB	SYNJ2	3	0.3765	0.2926
CTNNA1	SYNJ2	3	0.2739	0.5181
KRT8	SYNJ2	3	0.3695	0.3099
LMNA	SYNJ2	3	0.1212	0.6571
MAPRE3	SYNJ2	3	0.3547	0.3365
ACTB	SYNM	3	0.1826	0.6042
CTNNA1	SYNM	3	0.0611	0.7129
KRT8	SYNM	3	0.2783	0.5125
LMNA	SYNM	3	0.1275	0.6522
MAPRE3	SYNM	3	0.1235	0.6551
KRT8	GARRE1	3	0.02	0.7755
ACTB	PFAS	3	0.0173	0.7843
CTNNA1	PFAS	3	0.0169	0.7858
KRT8	PFAS	3	0.0556	0.7185
LMNA	PFAS	3	0.0127	0.8033
MAPRE3	PFAS	3	0.0065	0.8289
ACTB	CEP290	3	0.0186	0.7799
CTNNA1	CEP290	3	0.0001	0.865
KRT8	CEP290	3	0.1461	0.6353
MAPRE3	CEP290	3	0.0028	0.8451
KRT8	ERC2	3	0.185	0.6021
ACTB	ANKRD28	3	0.0145	0.7955
CTNNA1	ANKRD28	3	0.0005	0.8597
KRT8	ANKRD28	3	0.0237	0.7666
LMNA	ANKRD28	3	0.0011	0.8545
MAPRE3	ANKRD28	3	0.0047	0.8366
ACTB	ARHGEF11	3	0.9423	0.005
KRT8	ARHGEF11	3	0.0087	0.8203
ACTB	PRORP	3	0.0063	0.8298
KRT8	PRORP	3	1	0
LMNA	PRORP	3	0.0252	0.7633
ACTB	ARPC1B	3	1	0
KRT8	ARPC1B	3	0.8761	0.011
LMNA	ARPC1B	3	0.1791	0.6071
ACTB	ARPC2	3	0.6646	0.1238
KRT8	ARPC2	3	0.172	0.6135
ACTB	BET1	3	0.0478	0.7278
CTNNA1	BET1	3	0.0171	0.7851
KRT8	BET1	3	0.0542	0.7201
LMNA	BET1	3	0.6454	0.1334
MAPRE3	BET1	3	0.0118	0.8069
ACTB	TRIM24	3	0.0018	0.8502
LMNA	TRIM24	3	0.0132	0.8011
MAPRE3	TRIM24	3	0	0.8672
ACTB	PGRMC2	3	0.2248	0.5674
CTNNA1	PGRMC2	3	0.0355	0.7445
KRT8	PGRMC2	3	0.258	0.5354
LMNA	PGRMC2	3	0.2632	0.5302
MAPRE3	PGRMC2	3	0.0652	0.7083
ACTB	PFDN6	3	1	0
KRT8	PFDN6	3	1	0
ACTB	WDR46	3	0.0861	0.6872
ACTB	NKRF	3	0.0955	0.6793
CTNNA1	NKRF	3	0.0378	0.741
KRT8	NKRF	3	0.2209	0.5715
LMNA	NKRF	3	0.1869	0.6007
ACTB	ZNF185	3	0.9973	0.0001
KRT8	ZNF185	3	0.01	0.8148
ACTB	RER1	3	0.3333	0.3843
KRT8	RER1	3	0.3333	0.3843
LMNA	RER1	3	0.3333	0.3843
ACTB	SURF4	3	0.2483	0.5464
CTNNA1	SURF4	3	0.0595	0.7145
KRT8	SURF4	3	0.3983	0.2602
LMNA	SURF4	3	0.3976	0.261
MAPRE3	SURF4	3	0.2161	0.5756
ACTB	SPTLC1	3	0.0145	0.7955
KRT8	SPTLC1	3	0.9681	0.0018
LMNA	SPTLC1	3	0.3395	0.3716
ACTB	OGT	3	0.0153	0.7926
CTNNA1	OGT	3	0	0.8672
KRT8	OGT	3	0.0668	0.7068
LMNA	OGT	3	0.0199	0.7758
MAPRE3	OGT	3	0.0086	0.8207
CTNNA1	PMM2	3	0.0347	0.7457
ACTB	PPM1G	3	0.1461	0.6353
CTNNA1	PPM1G	3	0.0256	0.7621
KRT8	PPM1G	3	0.0895	0.6839
LMNA	PPM1G	3	0.1887	0.5993
MAPRE3	PPM1G	3	0.0242	0.7655
ACTB	INPPL1	3	0.3136	0.4733
CTNNA1	INPPL1	3	0.1524	0.6291
KRT8	INPPL1	3	0.3231	0.4624
LMNA	INPPL1	3	0.1458	0.6356
MAPRE3	INPPL1	3	0.233	0.5597
ACTB	EIF3D	3	0.1031	0.6725
CTNNA1	EIF3D	3	0.0103	0.8135
KRT8	EIF3D	3	0.1867	0.6009
LMNA	EIF3D	3	0.108	0.6676
MAPRE3	EIF3D	3	0.0292	0.7544
ACTB	EIF3H	3	0.206	0.5839
CTNNA1	EIF3H	3	0.0618	0.7123
KRT8	EIF3H	3	0.3562	0.3331
LMNA	EIF3H	3	0.2174	0.5746
MAPRE3	EIF3H	3	0.1535	0.6284
ACTB	NVL	3	0.0001	0.865
LMNA	NVL	3	0.0254	0.7627
ACTB	IPO8	3	0.0126	0.8036
KRT8	IPO8	3	0.2709	0.5213
LMNA	IPO8	3	0.0124	0.8045
MAPRE3	IPO8	3	0.0019	0.8497
ACTB	SLC16A3	3	0.4239	0.235
CTNNA1	SLC16A3	3	0.0337	0.7474
KRT8	SLC16A3	3	0.7913	0.0249
LMNA	SLC16A3	3	0.2946	0.4936
MAPRE3	SLC16A3	3	0.0954	0.6795
LMNA	YKT6	3	0.9987	0.0001
ACTB	NUP42	3	0.0003	0.8621
KRT8	NUP42	3	0.0045	0.8375
ACTB	ARPC5	3	0.4344	0.2228
KRT8	ARPC5	3	0.2153	0.5762
LMNA	ARPC5	3	0.0164	0.7877
MAPRE3	ARPC5	3	0.0002	0.8634
CTNNA1	TAPBP	3	0.3162	0.4701
LMNA	TAPBP	3	0.3327	0.4501
MAPRE3	TAPBP	3	0.3332	0.4487
LMNA	RNF113A	3	0.9986	0.0001
ACTB	KDM6A	3	0.0457	0.7305
ACTB	DHX15	3	0.023	0.7682
CTNNA1	DHX15	3	0.0098	0.8157
KRT8	DHX15	3	0.0229	0.7683
LMNA	DHX15	3	0.1476	0.6338
MAPRE3	DHX15	3	0.0142	0.7968
ACTB	RNMT	3	0.0468	0.7291
LMNA	RNMT	3	0.1747	0.6103
MAPRE3	RNMT	3	0.0086	0.8207
KRT8	ZZEF1	3	0.08	0.6936
LMNA	ZZEF1	3	0.3333	0.3843
ACTB	ASAP2	3	0.0833	0.6901
KRT8	ASAP2	3	0.0134	0.8003
ACTB	TTI1	3	0.0118	0.8069
KRT8	TTI1	3	0.0682	0.7055
ACTB	RRP8	3	0.0024	0.847
LMNA	RRP8	3	0.0124	0.8045
KRT8	PJA2	3	1	0
ACTB	SIPA1L1	3	0.5673	0.1527
CTNNA1	SIPA1L1	3	0.0004	0.8609
KRT8	SIPA1L1	3	0.0188	0.7795
MAPRE3	SIPA1L1	3	0.002	0.8491
ACTB	CYB5B	3	0.0108	0.8115
CTNNA1	CYB5B	3	0	0.8672
KRT8	CYB5B	3	0.0088	0.8198
LMNA	CYB5B	3	0.0047	0.8366
MAPRE3	CYB5B	3	0	0.8672
ACTB	PRPF4	3	0.0016	0.8515
LMNA	PRPF4	3	0.0261	0.7608
ACTB	PHGDH	3	0.0724	0.7012
CTNNA1	PHGDH	3	0.0388	0.739
KRT8	PHGDH	3	0.0596	0.7144
LMNA	PHGDH	3	0.027	0.759
MAPRE3	PHGDH	3	0.0081	0.8226
ACTB	DYNC1LI2	3	0.0121	0.8057
CTNNA1	DYNC1LI2	3	0	0.8672
KRT8	DYNC1LI2	3	0.009	0.819
MAPRE3	DYNC1LI2	3	0.0003	0.8621
ACTB	PSMD3	3	0.018	0.7818
CTNNA1	PSMD3	3	0	0.8672
KRT8	PSMD3	3	0.0471	0.7287
LMNA	PSMD3	3	0.0049	0.8357
MAPRE3	PSMD3	3	0.0039	0.84
ACTB	PAPSS1	3	0.0004	0.8609
LMNA	PAPSS1	3	0.0181	0.7814
ACTB	ZW10	3	0.0011	0.8545
KRT8	ZW10	3	0.0058	0.8318
LMNA	ZW10	3	0	0.8672
MAPRE3	ZW10	3	0.0001	0.865
ACTB	SART1	3	0.1789	0.6073
CTNNA1	SART1	3	0.0286	0.7557
KRT8	SART1	3	0.1359	0.6442
LMNA	SART1	3	0.2579	0.5355
MAPRE3	SART1	3	0.1722	0.6132
ACTB	TGFB1I1	3	0.0155	0.7917
CTNNA1	TGFB1I1	3	0.0019	0.8497
KRT8	TGFB1I1	3	0.0222	0.7699
LMNA	TGFB1I1	3	0.0028	0.8451
MAPRE3	TGFB1I1	3	0.0005	0.8597
ACTB	CCP110	3	0.0075	0.8248
CTNNA1	CCP110	3	0	0.8672
KRT8	CCP110	3	0.0782	0.6953
MAPRE3	CCP110	3	0.0266	0.7598
ACTB	CTIF	3	0.0148	0.7943
KRT8	CTIF	3	0.101	0.6745
MAPRE3	CTIF	3	0.0004	0.8609
ACTB	PPIP5K2	3	0.0019	0.8497
KRT8	PPIP5K2	3	0.0024	0.847
LMNA	PPIP5K2	3	0.0009	0.856
MAPRE3	PPIP5K2	3	0.0001	0.865
ACTB	MAP3K7	3	0.1645	0.6196
KRT8	MAP3K7	3	0.3713	0.3064
ACTB	EEF1E1	3	0.1059	0.6698
CTNNA1	EEF1E1	3	0.071	0.7027
LMNA	EEF1E1	3	0.0077	0.824
ACTB	WDR62	3	0.0038	0.8404
KRT8	WDR62	3	0.9987	0.0001
ACTB	HNRNPR	3	0.0342	0.7465
CTNNA1	HNRNPR	3	0.021	0.7727
KRT8	HNRNPR	3	0.0292	0.7544
LMNA	HNRNPR	3	0.0729	0.7004
MAPRE3	HNRNPR	3	0.0126	0.8036
ACTB	PRPF3	3	0.2592	0.5344
CTNNA1	PRPF3	3	0.0146	0.795
KRT8	PRPF3	3	0.1547	0.6267
LMNA	PRPF3	3	0.2656	0.5278
MAPRE3	PRPF3	3	0.207	0.5831
ACTB	TXNL1	3	0.1728	0.6124
KRT8	TXNL1	3	0.0669	0.7067
ACTB	TPD52L2	3	0.3634	0.32
CTNNA1	TPD52L2	3	0.1351	0.645
KRT8	TPD52L2	3	0.3661	0.316
LMNA	TPD52L2	3	0.2796	0.511
MAPRE3	TPD52L2	3	0.2717	0.5203
LMNA	GRID2	3	0.3333	0.3843
ACTB	SYNJ1	3	0.0048	0.8361
KRT8	SYNJ1	3	0.0114	0.8088
MAPRE3	SYNJ1	3	0.0004	0.8609
ACTB	EIF4G3	3	0.0097	0.8161
CTNNA1	EIF4G3	3	0	0.8672
KRT8	EIF4G3	3	0.006	0.831
MAPRE3	EIF4G3	3	0.004	0.8397
LMNA	PPIH	3	0.1795	0.6066
ACTB	MGAM	3	0.3895	0.2739
LMNA	KLF4	3	0.3333	0.3843
KRT8	OIP5	3	1	0
ACTB	EPB41L2	3	0.2753	0.5165
CTNNA1	EPB41L2	3	0.19	0.5984
KRT8	EPB41L2	3	0.2074	0.5829
LMNA	EPB41L2	3	0.0117	0.8074
MAPRE3	EPB41L2	3	0.0959	0.6789
LMNA	RAD51C	3	1	0
ACTB	LAMTOR5	3	0.0036	0.8414
CTNNA1	LAMTOR5	3	0.015	0.7937
KRT8	LAMTOR5	3	0.0032	0.8433
LMNA	LAMTOR5	3	0.0072	0.8261
MAPRE3	LAMTOR5	3	0.0005	0.8597
ACTB	FOXO3	3	0.0199	0.7758
KRT8	FOXO3	3	0.0593	0.7147
LMNA	FOXO3	3	0.0402	0.7373
ACTB	AKAP10	3	0.0111	0.8104
KRT8	AKAP10	3	0.0597	0.7143
CTNNA1	DENR	3	0.0132	0.8011
ACTB	XPOT	3	0.0209	0.773
KRT8	XPOT	3	0.5148	0.1762
LMNA	XPOT	3	0.1072	0.6683
ACTB	TIMM44	3	0.0654	0.708
KRT8	TIMM44	3	0.9997	0
LMNA	TIMM44	3	0.995	0.0003
MAPRE3	PRC1	3	0.9519	0.0032
ACTB	ZNF207	3	0.001	0.8552
LMNA	ZNF207	3	0.005	0.8352
ACTB	BUB1	3	0.0197	0.7764
CTNNA1	BUB1	3	0	0.8672
KRT8	BUB1	3	0.1421	0.6385
LMNA	BUB1	3	0.0051	0.8347
MAPRE3	BUB1	3	0.0097	0.8161
ACTB	BUB3	3	0.0358	0.7439
CTNNA1	BUB3	3	0.0144	0.796
KRT8	BUB3	3	0.0374	0.7413
LMNA	BUB3	3	0.0292	0.7544
MAPRE3	BUB3	3	0.016	0.7893
ACTB	ACTN4	3	0.4759	0.195
CTNNA1	ACTN4	3	0.1242	0.6545
KRT8	ACTN4	3	0.1794	0.6067
LMNA	ACTN4	3	0.098	0.677
MAPRE3	ACTN4	3	0.1066	0.6689
ACTB	HTATSF1	3	0.0013	0.8533
KRT8	HTATSF1	3	0.001	0.8552
LMNA	HTATSF1	3	0.0257	0.7618
KRT8	CYTH3	3	1	0
ACTB	ENSA	3	0.0145	0.7955
CTNNA1	ENSA	3	0	0.8672
KRT8	ENSA	3	0.0088	0.8198
LMNA	ENSA	3	0.0078	0.8237
MAPRE3	ENSA	3	0.0041	0.8393
KRT8	SLC25A20	3	0.6667	0.0712
LMNA	SLC25A20	3	1	0
ACTB	NARS1	3	0.0077	0.824
KRT8	NARS1	3	0.0114	0.8088
LMNA	NARS1	3	0.0008	0.8571
MAPRE3	NARS1	3	0.0012	0.8539
ACTB	MYO1B	3	0.3475	0.3551
CTNNA1	MYO1B	3	0.1688	0.6165
KRT8	MYO1B	3	0.265	0.5281
LMNA	MYO1B	3	0.116	0.6612
MAPRE3	MYO1B	3	0.1295	0.6507
KRT8	NUDT21	3	0.0002	0.8634
LMNA	NUDT21	3	0.0114	0.8088
ACTB	LANCL1	3	0.0505	0.7244
CTNNA1	LANCL1	3	0.017	0.7854
KRT8	LANCL1	3	0.0469	0.729
LMNA	LANCL1	3	0.0105	0.8127
MAPRE3	LANCL1	3	0.0065	0.8289
ACTB	STRN	3	0.0138	0.7982
CTNNA1	STRN	3	0	0.8672
KRT8	STRN	3	0.0122	0.8053
ACTB	AKAP8	3	0.0152	0.7929
CTNNA1	AKAP8	3	0.0588	0.7154
KRT8	AKAP8	3	0.0158	0.7903
LMNA	AKAP8	3	0.0532	0.7212
MAPRE3	AKAP8	3	0.0056	0.8326
ACTB	GTPBP6	3	0.0153	0.7926
KRT8	GTPBP6	3	0.9451	0.0044
ACTB	NRDC	3	0.0197	0.7764
CTNNA1	NRDC	3	0.0273	0.7584
KRT8	NRDC	3	0.333	0.4498
LMNA	NRDC	3	0.0147	0.7947
MAPRE3	NRDC	3	0.0171	0.7851
ACTB	AHCYL1	3	0.0181	0.7814
CTNNA1	AHCYL1	3	0.0002	0.8634
KRT8	AHCYL1	3	0.018	0.7818
LMNA	AHCYL1	3	0.0031	0.8437
MAPRE3	AHCYL1	3	0.0034	0.8424
ACTB	KIF1C	3	0.0137	0.7987
KRT8	KIF1C	3	0.1543	0.6275
MAPRE3	KIF1C	3	0.0149	0.794
ACTB	ORC5	3	0.0008	0.8571
KRT8	ORC5	3	0.001	0.8552
LMNA	ORC5	3	0.3121	0.4749
ACTB	ORC4	3	0.0041	0.8393
KRT8	ORC4	3	0.0003	0.8621
LMNA	ORC4	3	0.0088	0.8198
ACTB	PEX1	3	0.0055	0.833
KRT8	PEX1	3	0.5573	0.1556
KRT8	RAD21	3	0.0092	0.8184
LMNA	RAD21	3	0.0185	0.7803
MAPRE3	RAD21	3	0.0031	0.8437
ACTB	DHX16	3	0.0019	0.8497
KRT8	DHX16	3	0.0012	0.8539
LMNA	DHX16	3	0.1157	0.6617
ACTB	PPP1R12B	3	0.4292	0.2299
ACTB	MED14	3	0.0124	0.8045
ACTB	SMARCA5	3	0.2051	0.5849
CTNNA1	SMARCA5	3	0.0665	0.7073
KRT8	SMARCA5	3	0.2233	0.5688
LMNA	SMARCA5	3	0.2796	0.511
MAPRE3	SMARCA5	3	0.1981	0.5909
ACTB	SPAG9	3	0.2999	0.4871
CTNNA1	SPAG9	3	0.0986	0.6764
KRT8	SPAG9	3	0.3127	0.474
MAPRE3	SPAG9	3	0.2279	0.5645
ACTB	URB1	3	0	0.8672
KRT8	URB1	3	0.0005	0.8597
LMNA	URB1	3	0.0004	0.8609
MAPRE3	URB1	3	0	0.8672
ACTB	SIPA1L3	3	0.5846	0.1474
CTNNA1	SIPA1L3	3	0.3743	0.2989
KRT8	SIPA1L3	3	0.5611	0.1546
MAPRE3	SIPA1L3	3	0.2149	0.5767
ACTB	ZFC3H1	3	0.0001	0.865
CTNNA1	ZFC3H1	3	0.0002	0.8634
KRT8	ZFC3H1	3	0.0001	0.865
LMNA	ZFC3H1	3	0.0059	0.8315
MAPRE3	ZFC3H1	3	0.0006	0.8588
ACTB	TRAK2	3	0.1498	0.632
KRT8	TRAK2	3	0.4289	0.2308
KRT8	KATNIP	3	0.6667	0.0712
ACTB	AQR	3	0.1718	0.614
KRT8	AQR	3	0.1744	0.6106
LMNA	AQR	3	0.2171	0.5748
MAPRE3	AQR	3	0.0131	0.8017
ACTB	CEP104	3	0.4527	0.2123
KRT8	CEP104	3	0.3629	0.3206
MAPRE3	CEP104	3	0.5165	0.1753
KRT8	ZEB2	3	0.6667	0.0712
LMNA	ZEB2	3	0.1058	0.6699
ACTB	MCM3AP	3	0.052	0.7222
KRT8	MCM3AP	3	0.1371	0.6431
LMNA	MCM3AP	3	0.3576	0.329
ACTB	KIF1B	3	0.0203	0.7747
KRT8	KIF1B	3	0.059	0.7152
MAPRE3	KIF1B	3	0.0131	0.8017
ACTB	KDM1A	3	0.0018	0.8502
CTNNA1	KDM1A	3	0.0032	0.8433
KRT8	KDM1A	3	1	0
LMNA	KDM1A	3	0.0103	0.8135
ACTB	TBC1D4	3	0.1176	0.6599
CTNNA1	TBC1D4	3	0.0062	0.8302
KRT8	TBC1D4	3	0.3402	0.3688
ACTB	FADS1	3	0.0055	0.833
KRT8	FADS1	3	0.0214	0.7713
LMNA	FADS1	3	0.022	0.7702
ACTB	PPL	3	0.2929	0.4959
CTNNA1	PPL	3	0.1527	0.6289
KRT8	PPL	3	0.3776	0.2904
LMNA	PPL	3	0.0179	0.7823
MAPRE3	PPL	3	0.2181	0.5736
ACTB	GSDME	3	0.0142	0.7968
KRT8	GSDME	3	0.0256	0.7621
LMNA	GSDME	3	0.0005	0.8597
MAPRE3	GSDME	3	0.0007	0.8579
KRT8	EVI5	3	0.9985	0.0001
ACTB	ACSL4	3	0.1207	0.6574
CTNNA1	ACSL4	3	0.0156	0.7913
KRT8	ACSL4	3	0.0938	0.6807
LMNA	ACSL4	3	0.0369	0.7421
MAPRE3	ACSL4	3	0.0081	0.8226
ACTB	SNX3	3	0.2399	0.5539
CTNNA1	SNX3	3	0.0342	0.7465
KRT8	SNX3	3	0.2381	0.5554
LMNA	SNX3	3	0.1506	0.6313
MAPRE3	SNX3	3	0.0605	0.7134
ACTB	OGA	3	0.0122	0.8053
KRT8	OGA	3	0.0177	0.7828
LMNA	OGA	3	0.0008	0.8571
MAPRE3	OGA	3	0.0007	0.8579
ACTB	SYNCRIP	3	0.1282	0.6516
CTNNA1	SYNCRIP	3	0.0357	0.7441
KRT8	SYNCRIP	3	0.137	0.6433
LMNA	SYNCRIP	3	0.1244	0.6543
MAPRE3	SYNCRIP	3	0.0766	0.6966
LMNA	CDC40	3	0.0111	0.8104
ACTB	RANBP6	3	0.0078	0.8237
KRT8	RANBP6	3	0.172	0.6135
LMNA	RANBP6	3	1	0
ACTB	NEMF	3	0.0034	0.8424
KRT8	GMDS	3	0.0032	0.8433
ACTB	CCNT1	3	0.0937	0.6807
KRT8	CCNT1	3	0.1614	0.6219
LMNA	CCNT1	3	0.3103	0.4773
MAPRE3	CCNT1	3	0.1904	0.5982
ACTB	BUB1B	3	0.3361	0.3783
CTNNA1	BUB1B	3	0.2059	0.584
KRT8	BUB1B	3	0.3713	0.3064
LMNA	BUB1B	3	0.1382	0.642
MAPRE3	BUB1B	3	0.2913	0.4981
ACTB	EIF4E2	3	0.0117	0.8074
KRT8	EIF4E2	3	0.1212	0.6571
MAPRE3	EIF4E2	3	0.0076	0.8244
ACTB	DIAPH1	3	0.337	0.3771
CTNNA1	DIAPH1	3	0.1055	0.6702
KRT8	DIAPH1	3	0.2855	0.5042
LMNA	DIAPH1	3	0.1688	0.6165
MAPRE3	DIAPH1	3	0.2222	0.57
ACTB	EXOC3	3	0.0004	0.8609
KRT8	EXOC3	3	0.0029	0.8445
ACTB	PLIN3	3	0.0151	0.7933
CTNNA1	PLIN3	3	0.0001	0.865
KRT8	PLIN3	3	0.0157	0.7907
LMNA	PLIN3	3	0.0016	0.8515
MAPRE3	PLIN3	3	0.0005	0.8597
ACTB	PRMT3	3	0.017	0.7854
CTNNA1	PRMT3	3	0.0205	0.774
KRT8	PRMT3	3	0.1745	0.6105
LMNA	PRMT3	3	0.0248	0.7642
MAPRE3	PRMT3	3	0.0049	0.8357
ACTB	KPNA6	3	0.0769	0.6963
CTNNA1	KPNA6	3	0.0252	0.7633
KRT8	KPNA6	3	0.1685	0.6166
LMNA	KPNA6	3	0.3479	0.354
MAPRE3	KPNA6	3	0.0422	0.7347
ACTB	UGDH	3	0.1371	0.6431
CTNNA1	UGDH	3	0.0385	0.7395
KRT8	UGDH	3	0.8908	0.0096
LMNA	UGDH	3	0.1061	0.6696
MAPRE3	UGDH	3	0.0844	0.6886
ACTB	CTNND1	3	0.2284	0.5637
CTNNA1	CTNND1	3	0.4344	0.2228
KRT8	CTNND1	3	0.2516	0.5424
LMNA	CTNND1	3	0.0231	0.7679
MAPRE3	CTNND1	3	0.1104	0.6659
KRT8	ICMT	3	0.6667	0.0712
ACTB	SNX2	3	0.247	0.5475
KRT8	SNX2	3	0.6494	0.1309
ACTB	USO1	3	0.0125	0.8041
CTNNA1	USO1	3	0.0001	0.865
KRT8	USO1	3	0.0097	0.8161
LMNA	USO1	3	0.0014	0.8526
MAPRE3	USO1	3	0.0002	0.8634
ACTB	TOM1	3	0.0042	0.8388
KRT8	TOM1	3	0.0053	0.8338
ACTB	H2BC12	3	0.0593	0.7147
CTNNA1	H2BC12	3	0.0103	0.8135
KRT8	H2BC12	3	0.0046	0.8372
LMNA	H2BC12	3	0.0994	0.6757
MAPRE3	H2BC12	3	0.0082	0.8221
ACTB	CCDC22	3	0.0494	0.7258
KRT8	CCDC22	3	0.373	0.3021
MAPRE3	CCDC22	3	0.0002	0.8634
ACTB	PQBP1	3	0.0003	0.8621
LMNA	PQBP1	3	0.0057	0.8322
ACTB	PRAF2	3	0.0269	0.7593
CTNNA1	PRAF2	3	0.0247	0.7645
LMNA	PRAF2	3	0.2894	0.4999
ACTB	DKC1	3	0	0.8672
LMNA	DKC1	3	0.0003	0.8621
ACTB	EIF5B	3	0.3116	0.4755
CTNNA1	EIF5B	3	0.0106	0.8123
KRT8	EIF5B	3	0.2867	0.5024
MAPRE3	EIF5B	3	0.1842	0.6027
ACTB	EDF1	3	0.1175	0.6601
KRT8	EDF1	3	0.0215	0.7712
LMNA	EDF1	3	0.0371	0.7418
MAPRE3	EDF1	3	0.0246	0.7648
LMNA	KIN	3	0.06	0.7139
ACTB	DIAPH2	3	0.3646	0.3187
CTNNA1	DIAPH2	3	0.0177	0.7828
KRT8	DIAPH2	3	0.2281	0.5643
LMNA	DIAPH2	3	0.0174	0.784
MAPRE3	DIAPH2	3	0.1246	0.6539
ACTB	BRD4	3	0.0005	0.8597
LMNA	BRD4	3	0.0112	0.8098
ACTB	OPHN1	3	0.6885	0.0567
ACTB	NBN	3	0.0005	0.8597
LMNA	NBN	3	0.0172	0.7846
LMNA	RNGTT	3	0.01	0.8148
KRT8	ABCB7	3	0.0152	0.7929
LMNA	ABCB7	3	1	0
ACTB	SRGAP2	3	0.6086	0.1429
KRT8	SRGAP2	3	0.0568	0.7175
ACTB	WDR1	3	0.2229	0.5691
KRT8	WDR1	3	0.0773	0.696
ACTB	N4BP1	3	0.0255	0.7624
KRT8	N4BP1	3	0.0256	0.7621
LMNA	N4BP1	3	0.0021	0.8485
ACTB	ROCK2	3	0.0188	0.7795
CTNNA1	ROCK2	3	0.0004	0.8609
KRT8	ROCK2	3	0.0204	0.7744
MAPRE3	ROCK2	3	0.0038	0.8404
ACTB	CLASP2	3	0.0131	0.8017
CTNNA1	CLASP2	3	0.0029	0.8445
KRT8	CLASP2	3	0.0198	0.7761
LMNA	CLASP2	3	0.0009	0.856
MAPRE3	CLASP2	3	0.9099	0.0074
LMNA	ZNF623	3	0.6667	0.0712
ACTB	COBL	3	0.9563	0.0026
CTNNA1	COBL	3	0.0021	0.8485
KRT8	COBL	3	0.1246	0.6539
MAPRE3	COBL	3	0.0449	0.7315
ACTB	CPNE3	3	0.0668	0.7068
CTNNA1	CPNE3	3	0.0244	0.7652
KRT8	CPNE3	3	0.0404	0.7369
LMNA	CPNE3	3	0.0681	0.7057
MAPRE3	CPNE3	3	0.0165	0.7874
LMNA	ZBED4	3	0.5052	0.1817
ACTB	HIP1R	3	0.2669	0.5255
KRT8	HIP1R	3	0.5416	0.1644
ACTB	RNF40	3	0.0006	0.8588
KRT8	RNF40	3	0.0024	0.847
LMNA	RNF40	3	0.0272	0.7586
LMNA	PHF2	3	0.01	0.8148
ACTB	ZC3H11A	3	0.0069	0.8272
LMNA	ZC3H11A	3	0.0157	0.7907
MAPRE3	ZC3H11A	3	0.0081	0.8226
ACTB	CLUH	3	0.0285	0.756
KRT8	CLUH	3	0.7019	0.0509
MAPRE3	CLUH	3	0.0017	0.8509
KRT8	NPHP4	3	0.0725	0.7011
ACTB	DNAJC13	3	0.3351	0.38
CTNNA1	DNAJC13	3	0.1829	0.6039
KRT8	DNAJC13	3	0.324	0.4618
LMNA	DNAJC13	3	0.1335	0.646
MAPRE3	DNAJC13	3	0.2637	0.5299
ACTB	PHACTR2	3	0.9943	0.0004
CTNNA1	PHACTR2	3	0.0223	0.7697
KRT8	PHACTR2	3	0.0181	0.7814
ACTB	PPP6R2	3	0.0188	0.7795
KRT8	PPP6R2	3	0.0544	0.7199
ACTB	CNOT3	3	0.0002	0.8634
KRT8	CNOT3	3	0.003	0.8442
MAPRE3	CNOT3	3	0.0001	0.865
ACTB	ANKRD17	3	0.0103	0.8135
CTNNA1	ANKRD17	3	0.0002	0.8634
KRT8	ANKRD17	3	0.026	0.7612
LMNA	ANKRD17	3	0.0009	0.856
MAPRE3	ANKRD17	3	0.0027	0.8456
ACTB	LRP5	3	0.0012	0.8539
KRT8	LRP5	3	0.0013	0.8533
LMNA	LRP5	3	0.2343	0.5585
ACTB	GGCT	3	0.0035	0.8419
CTNNA1	GGCT	3	0.0158	0.7903
KRT8	GGCT	3	0.01	0.8148
LMNA	GGCT	3	0.0115	0.8082
MAPRE3	GGCT	3	0.0029	0.8445
KRT8	NDUFS7	3	0.3333	0.3843
LMNA	NDUFS7	3	0.3333	0.3843
KRT8	NDUFS2	3	0.0699	0.7037
ACTB	HMMR	3	0.0165	0.7874
CTNNA1	HMMR	3	0.0039	0.84
KRT8	HMMR	3	0.018	0.7818
LMNA	HMMR	3	0.001	0.8552
MAPRE3	HMMR	3	0.331	0.4534
CTNNA1	PPFIA2	3	0.0356	0.7444
KRT8	PPFIA2	3	0.0201	0.7753
ACTB	PDCD6	3	0.0079	0.8232
CTNNA1	PDCD6	3	0.0063	0.8298
KRT8	PDCD6	3	0.0152	0.7929
LMNA	PDCD6	3	0.028	0.7568
MAPRE3	PDCD6	3	0.01	0.8148
ACTB	ATP6V1G1	3	0.0092	0.8184
CTNNA1	ATP6V1G1	3	0.013	0.8021
KRT8	ATP6V1G1	3	0.0039	0.84
LMNA	ATP6V1G1	3	0.217	0.575
MAPRE3	ATP6V1G1	3	0.0047	0.8366
ACTB	VPS4B	3	0.0099	0.8153
KRT8	VPS4B	3	0.0164	0.7877
LMNA	VPS4B	3	0.0218	0.7706
MAPRE3	VPS4B	3	0.0039	0.84
KRT8	MPDU1	3	0.1708	0.6149
LMNA	MPDU1	3	0.0192	0.7782
ACTB	ZNF217	3	0.0002	0.8634
LMNA	ZNF217	3	0.0076	0.8244
ACTB	MACROH2A1	3	0.1371	0.6431
LMNA	MACROH2A1	3	0.1305	0.6493
ACTB	FLNB	3	0.2907	0.4989
CTNNA1	FLNB	3	0.0338	0.7473
KRT8	FLNB	3	0.1942	0.5938
LMNA	FLNB	3	0.0279	0.7571
MAPRE3	FLNB	3	0.0476	0.7281
ACTB	NCOR1	3	0.0015	0.852
KRT8	NCOR1	3	0.0053	0.8338
LMNA	NCOR1	3	0.0153	0.7926
MAPRE3	NCOR1	3	0.0013	0.8533
ACTB	PEX14	3	0.0042	0.8388
KRT8	PEX14	3	0.0012	0.8539
MAPRE3	PEX14	3	0.0001	0.865
ACTB	CS	3	0.0019	0.8497
CTNNA1	CS	3	0.0051	0.8347
KRT8	CS	3	0.0032	0.8433
LMNA	CS	3	0.0385	0.7395
MAPRE3	CS	3	0.0063	0.8298
ACTB	SPAG7	3	0.0242	0.7655
LMNA	SPAG7	3	0.3087	0.4788
MAPRE3	SPAG7	3	0.0978	0.6771
ACTB	SEC22B	3	0.1323	0.6473
CTNNA1	SEC22B	3	0.063	0.711
KRT8	SEC22B	3	0.1031	0.6725
LMNA	SEC22B	3	0.717	0.045
MAPRE3	SEC22B	3	0.0786	0.695
ACTB	PRPF40A	3	0.2741	0.518
KRT8	PRPF40A	3	0.1465	0.6349
LMNA	PRPF40A	3	0.3118	0.4751
MAPRE3	PRPF40A	3	0.1177	0.6597
ACTB	TACC1	3	0.2439	0.5507
CTNNA1	TACC1	3	0.111	0.6654
KRT8	TACC1	3	0.2368	0.5564
LMNA	TACC1	3	0.1246	0.6539
MAPRE3	TACC1	3	0.3316	0.4525
KRT8	CDC45	3	1	0
ACTB	GIGYF1	3	0.0074	0.8253
KRT8	GIGYF1	3	0.073	0.7002
MAPRE3	GIGYF1	3	0.0009	0.856
ACTB	LRCH4	3	0.2665	0.5258
KRT8	LRCH4	3	0.1961	0.5926
ACTB	VPS26A	3	0.0516	0.7225
KRT8	VPS26A	3	0.1365	0.6436
LMNA	VPS26A	3	0.231	0.5613
ACTB	PMPCB	3	0.0155	0.7917
CTNNA1	PMPCB	3	0.0799	0.6937
KRT8	PMPCB	3	0.0379	0.7406
LMNA	PMPCB	3	0.0323	0.749
MAPRE3	PMPCB	3	0.0023	0.8475
ACTB	MED24	3	0.0054	0.8334
LMNA	MED24	3	0.1643	0.6198
ACTB	KATNA1	3	0.0007	0.8579
KRT8	KATNA1	3	0.1635	0.6207
MAPRE3	KATNA1	3	0.0015	0.852
LMNA	E2F6	3	0.6667	0.0712
ACTB	PSIP1	3	0.154	0.6277
KRT8	PSIP1	3	0.1057	0.67
LMNA	PSIP1	3	0.275	0.5168
MAPRE3	PSIP1	3	0.0646	0.7092
KRT8	ERLIN1	3	0.3433	0.3619
ACTB	SRSF10	3	0.0147	0.7947
CTNNA1	SRSF10	3	0.0323	0.749
KRT8	SRSF10	3	0.013	0.8021
LMNA	SRSF10	3	0.0388	0.739
MAPRE3	SRSF10	3	0.0058	0.8318
ACTB	HSBP1	3	0.6667	0.0712
KRT8	HSBP1	3	0.3333	0.3843
ACTB	ECI2	3	0.0057	0.8322
ACTB	TADA3	3	0.0093	0.8179
KRT8	TADA3	3	1	0
LMNA	TADA3	3	0.0156	0.7913
MAPRE3	TADA3	3	0.005	0.8352
LMNA	TAF5L	3	0.0056	0.8326
ACTB	SF3B1	3	0.1918	0.5964
CTNNA1	SF3B1	3	0.0393	0.7384
KRT8	SF3B1	3	0.1691	0.6163
LMNA	SF3B1	3	0.2194	0.5724
MAPRE3	SF3B1	3	0.1139	0.6632
ACTB	CSDE1	3	0.2152	0.5764
CTNNA1	CSDE1	3	0.0751	0.6984
KRT8	CSDE1	3	0.2524	0.5414
LMNA	CSDE1	3	0.0218	0.7706
MAPRE3	CSDE1	3	0.1567	0.6256
ACTB	SCGB2A1	3	0.3333	0.3843
ACTB	CRCP	3	0.0078	0.8237
KRT8	CRCP	3	0.1731	0.6121
LMNA	CRCP	3	0.038	0.7404
MAPRE3	CRCP	3	0.0019	0.8497
LMNA	RPS6KA5	3	0.1144	0.6629
MAPRE3	RPS6KA5	3	0.0005	0.8597
ACTB	MYCBP2	3	0.3008	0.4862
CTNNA1	MYCBP2	3	0.1637	0.6204
KRT8	MYCBP2	3	0.3161	0.4702
LMNA	MYCBP2	3	0.0785	0.695
MAPRE3	MYCBP2	3	0.2633	0.53
ACTB	NPM3	3	0.0104	0.8132
CTNNA1	NPM3	3	0.2269	0.5655
LMNA	NPM3	3	0.0554	0.7188
ACTB	LYPLA1	3	0.0351	0.745
CTNNA1	LYPLA1	3	0.014	0.7974
KRT8	LYPLA1	3	0.0002	0.8634
LMNA	LYPLA1	3	0.0044	0.8379
CTNNA1	ERAL1	3	0.0009	0.856
KRT8	ERAL1	3	0.1189	0.6588
ACTB	SNRNP200	3	0.2278	0.5647
CTNNA1	SNRNP200	3	0.0608	0.7132
KRT8	SNRNP200	3	0.2281	0.5643
LMNA	SNRNP200	3	0.2845	0.505
MAPRE3	SNRNP200	3	0.1868	0.6007
ACTB	TIPRL	3	0.0347	0.7457
KRT8	TIPRL	3	0.1356	0.6444
LMNA	TIPRL	3	0.0143	0.7965
MAPRE3	TIPRL	3	0.0005	0.8597
ACTB	OFD1	3	0.3391	0.3726
CTNNA1	OFD1	3	0.0018	0.8502
KRT8	OFD1	3	1	0
MAPRE3	OFD1	3	0.2275	0.565
ACTB	TOM1L1	3	0.0005	0.8597
KRT8	TOM1L1	3	0.0007	0.8579
ACTB	UTP20	3	0.0002	0.8634
KRT8	UTP20	3	0.0007	0.8579
LMNA	UTP20	3	0.0007	0.8579
ACTB	NUP155	3	0.1859	0.6015
CTNNA1	NUP155	3	0.0726	0.7009
KRT8	NUP155	3	0.2447	0.5498
LMNA	NUP155	3	0.43	0.2276
MAPRE3	NUP155	3	0.111	0.6654
ACTB	WDHD1	3	0.0026	0.846
KRT8	WDHD1	3	0.0007	0.8579
LMNA	WDHD1	3	0.02	0.7755
MAPRE3	WDHD1	3	0.0003	0.8621
KRT8	SLC25A12	3	0.6667	0.0712
KRT8	RNASEH2A	3	0.0055	0.833
LMNA	RNASEH2A	3	0.0172	0.7846
ACTB	CDC123	3	0.0172	0.7846
CTNNA1	CDC123	3	0.0001	0.865
KRT8	CDC123	3	0.0281	0.7566
LMNA	CDC123	3	0.0017	0.8509
MAPRE3	CDC123	3	0.0021	0.8485
ACTB	CAPN15	3	0.0121	0.8057
CTNNA1	CAPN15	3	0.0002	0.8634
KRT8	CAPN15	3	0.0127	0.8033
LMNA	CAPN15	3	0.0144	0.796
MAPRE3	CAPN15	3	0	0.8672
ACTB	BCAR3	3	0.0077	0.824
KRT8	BCAR3	3	0.1547	0.6267
MAPRE3	BCAR3	3	0.0005	0.8597
KRT8	POP7	3	0.348	0.3537
ACTB	EIF3G	3	0.2737	0.5185
CTNNA1	EIF3G	3	0.0941	0.6804
KRT8	EIF3G	3	0.2945	0.4939
LMNA	EIF3G	3	0.052	0.7222
MAPRE3	EIF3G	3	0.1793	0.6068
ACTB	EIF3J	3	0.0097	0.8161
CTNNA1	EIF3J	3	0.0001	0.865
KRT8	EIF3J	3	0.0052	0.8344
LMNA	EIF3J	3	0.0008	0.8571
MAPRE3	EIF3J	3	0.0014	0.8526
ACTB	IDH1	3	0.0091	0.8188
KRT8	IDH1	3	0.2687	0.5239
ACTB	STAM2	3	0.0028	0.8451
LMNA	DHRS3	3	0.6203	0.1397
ACTB	ARL6IP5	3	0.3333	0.3843
LMNA	ARL6IP5	3	1	0
KRT8	PIAS1	3	0.0343	0.7464
LMNA	PIAS1	3	0.5586	0.1551
LMNA	PIAS2	3	1	0
ACTB	BCAS2	3	0.0018	0.8502
KRT8	BCAS2	3	0.01	0.8148
LMNA	BCAS2	3	0.0386	0.7394
LMNA	DNAJC8	3	0.3333	0.3843
ACTB	SMNDC1	3	0.0088	0.8198
CTNNA1	SMNDC1	3	0.029	0.7549
LMNA	SMNDC1	3	0.2118	0.5788
MAPRE3	SMNDC1	3	0.0177	0.7828
ACTB	ATP5PD	3	0.1062	0.6695
CTNNA1	ATP5PD	3	0.0345	0.7461
KRT8	ATP5PD	3	0.0578	0.7162
LMNA	ATP5PD	3	0.0133	0.8007
ACTB	FLOT1	3	0.0021	0.8485
CTNNA1	FLOT1	3	0.0001	0.865
KRT8	FLOT1	3	0.0012	0.8539
LMNA	FLOT1	3	0	0.8672
ACTB	TRIO	3	0.0159	0.7897
CTNNA1	TRIO	3	0.0021	0.8485
KRT8	TRIO	3	0.0244	0.7652
LMNA	TRIO	3	0.0068	0.8277
MAPRE3	TRIO	3	0.5679	0.1522
ACTB	MPDZ	3	0.064	0.7097
CTNNA1	MPDZ	3	0.0007	0.8579
KRT8	MPDZ	3	0.0727	0.7007
MAPRE3	MPDZ	3	0.0054	0.8334
ACTB	GLRX3	3	0.0547	0.7195
CTNNA1	GLRX3	3	0.0475	0.7281
KRT8	GLRX3	3	0.0746	0.6989
LMNA	GLRX3	3	0.0438	0.7327
MAPRE3	GLRX3	3	0.0006	0.8588
KRT8	KRT36	3	0	0.8672
ACTB	KRT37	3	0.0983	0.6766
KRT8	KRT37	3	0.3227	0.4629
ACTB	RSL1D1	3	0.1294	0.6508
CTNNA1	RSL1D1	3	0.0503	0.7247
KRT8	RSL1D1	3	0.2362	0.557
LMNA	RSL1D1	3	0.1615	0.6218
MAPRE3	RSL1D1	3	0.0417	0.7355
ACTB	CLPX	3	0.0109	0.8112
KRT8	CLPX	3	0.006	0.831
MAPRE3	CDKL5	3	0.3333	0.3843
ACTB	SNCG	3	0.0152	0.7929
CTNNA1	SNCG	3	0.0001	0.865
KRT8	SNCG	3	0.0118	0.8069
LMNA	SNCG	3	0.0034	0.8424
MAPRE3	SNCG	3	0.0009	0.856
ACTB	SRP72	3	0.0169	0.7858
CTNNA1	SRP72	3	0.001	0.8552
KRT8	SRP72	3	0.0286	0.7557
LMNA	SRP72	3	0.0066	0.8285
MAPRE3	SRP72	3	0.0016	0.8515
LMNA	RECQL5	3	0.6667	0.0712
ACTB	URI1	3	0.0064	0.8295
CTNNA1	URI1	3	0.0297	0.7533
KRT8	URI1	3	0.0436	0.7332
LMNA	URI1	3	0.0336	0.7475
MAPRE3	URI1	3	0.0029	0.8445
ACTB	MTA2	3	0.1761	0.6094
CTNNA1	MTA2	3	0.0249	0.7639
KRT8	MTA2	3	0.0599	0.714
LMNA	MTA2	3	0.1657	0.619
MAPRE3	MTA2	3	0.0399	0.7376
ACTB	USP1	3	0.0009	0.856
LMNA	USP1	3	0.0263	0.7604
ACTB	STK10	3	0.0062	0.8302
ACTB	PRKD3	3	0.0009	0.856
CTNNA1	PRKD3	3	0.0013	0.8533
KRT8	PRKD3	3	0.001	0.8552
ACTB	GFPT2	3	0.0015	0.852
KRT8	GFPT2	3	0.0066	0.8285
ACTB	LTN1	3	0.0015	0.852
KRT8	LTN1	3	0.5503	0.159
ACTB	TOMM70	3	0.634	0.1367
KRT8	TOMM70	3	0.0141	0.7971
MAPRE3	TOMM70	3	0.0008	0.8571
KRT8	DDHD2	3	0.3333	0.3843
ACTB	TOX4	3	0.1286	0.6514
CTNNA1	TOX4	3	0.0195	0.7772
LMNA	TOX4	3	0.2959	0.4925
MAPRE3	TOX4	3	0.1297	0.6503
ACTB	MICAL2	3	0.0026	0.846
KRT8	MICAL2	3	0.0162	0.7886
ACTB	KIAA0754	3	0.0679	0.7059
KRT8	KIAA0754	3	0.0053	0.8338
MAPRE3	KIAA0754	3	0.1428	0.6381
CTNNA1	SEC24D	3	0.0277	0.7576
KRT8	SEC24D	3	0.1832	0.6035
LMNA	SUPT7L	3	0.3333	0.3843
ACTB	FCHSD2	3	0.0094	0.8174
KRT8	FCHSD2	3	0.0058	0.8318
ACTB	SORBS2	3	1	0
KRT8	SORBS2	3	0.0036	0.8414
ACTB	PHF14	3	0.0008	0.8571
KRT8	PHF14	3	0.002	0.8491
LMNA	PHF14	3	0.0346	0.7458
ACTB	SASH1	3	0.5046	0.1827
KRT8	SASH1	3	0.0291	0.7547
MAPRE3	SASH1	3	0.0008	0.8571
KRT8	FARP2	3	1	0
LMNA	UBXN7	3	0.329	0.4561
KRT8	TOX	3	0.0191	0.7785
LMNA	TOX	3	0.0012	0.8539
ACTB	SUN1	3	0.0041	0.8393
KRT8	SUN1	3	0.0073	0.8256
LMNA	SUN1	3	1	0
ACTB	PLPBP	3	0.0025	0.8466
CTNNA1	PLPBP	3	0.0158	0.7903
KRT8	PLPBP	3	0.0204	0.7744
LMNA	PLPBP	3	0.0032	0.8433
CTNNA1	ERLIN2	3	0.3333	0.3843
ACTB	PRPF6	3	0.0042	0.8388
KRT8	PRPF6	3	0.0081	0.8226
LMNA	PRPF6	3	0.0718	0.7019
MAPRE3	PRPF6	3	0.0009	0.856
ACTB	PCF11	3	0	0.8672
LMNA	PCF11	3	0.0008	0.8571
ACTB	FRYL	3	0.0546	0.7197
CTNNA1	FRYL	3	0.0011	0.8545
KRT8	FRYL	3	0.0652	0.7083
LMNA	FRYL	3	0.0172	0.7846
MAPRE3	FRYL	3	0.0137	0.7987
ACTB	NFAT5	3	0.0002	0.8634
KRT8	NFAT5	3	0.0005	0.8597
LMNA	NFAT5	3	0.0009	0.856
MAPRE3	NFAT5	3	0.0001	0.865
ACTB	GLS	3	0.0189	0.7791
CTNNA1	GLS	3	0.0087	0.8203
KRT8	GLS	3	0.9488	0.0036
LMNA	GLS	3	0.0514	0.7227
MAPRE3	GLS	3	0.0014	0.8526
ACTB	HAUS5	3	0.3319	0.4518
KRT8	HAUS5	3	0.0644	0.7094
ACTB	ABLIM3	3	0.9956	0.0002
CTNNA1	ABLIM3	3	0.0189	0.7791
KRT8	ABLIM3	3	0.4631	0.204
MAPRE3	ABLIM3	3	0.0071	0.8264
ACTB	SOGA1	3	0.0061	0.8305
KRT8	SOGA1	3	0.6375	0.1359
LMNA	SOGA1	3	0.0002	0.8634
MAPRE3	SOGA1	3	0.0432	0.7335
ACTB	USP19	3	0.0112	0.8098
KRT8	USP19	3	0.2653	0.5279
LMNA	USP19	3	0.029	0.7549
KRT8	WDR47	3	0.0144	0.796
ACTB	TRIM37	3	0.0023	0.8475
CTNNA1	TRIM37	3	0.1068	0.6686
KRT8	TRIM37	3	0.2825	0.5072
ACTB	SEC31A	3	0.0083	0.8218
CTNNA1	SEC31A	3	0	0.8672
KRT8	SEC31A	3	0.0047	0.8366
LMNA	SEC31A	3	0.0001	0.865
MAPRE3	SEC31A	3	0.0001	0.865
ACTB	CEP152	3	0.3381	0.3746
CTNNA1	CEP152	3	0.2436	0.551
KRT8	CEP152	3	0.3629	0.3206
LMNA	CEP152	3	0.1271	0.6527
MAPRE3	CEP152	3	0.3115	0.4758
ACTB	SLITRK5	3	0.0248	0.7642
KRT8	SLITRK5	3	0.0053	0.8338
LMNA	SLITRK5	3	0.0217	0.7708
ACTB	HEXIM1	3	0.0206	0.7737
CTNNA1	HEXIM1	3	0.019	0.7787
KRT8	HEXIM1	3	0.0065	0.8289
LMNA	HEXIM1	3	0.197	0.5916
MAPRE3	HEXIM1	3	0.0022	0.8481
CTNNA1	RPP14	3	0.3333	0.3843
KRT8	CCNB2	3	0.3333	0.3843
LMNA	YIF1A	3	0.9907	0.0008
ACTB	UBR5	3	0.0085	0.8211
CTNNA1	UBR5	3	0.0006	0.8588
KRT8	UBR5	3	0.0056	0.8326
LMNA	UBR5	3	0.0355	0.7445
MAPRE3	UBR5	3	0.0005	0.8597
ACTB	AGFG2	3	0.0017	0.8509
KRT8	AGFG2	3	0.0252	0.7633
ACTB	MFN2	3	0.0049	0.8357
KRT8	MFN2	3	0.3528	0.341
LMNA	MFN2	3	0.0113	0.8094
ACTB	SNUPN	3	0.6266	0.1389
KRT8	SNUPN	3	0.2879	0.5013
ACTB	ELP1	3	0.2342	0.5586
CTNNA1	ELP1	3	0.0823	0.6914
KRT8	ELP1	3	0.3029	0.4833
LMNA	ELP1	3	0.1434	0.6374
MAPRE3	ELP1	3	0.2108	0.58
ACTB	RTN3	3	0.2218	0.5704
CTNNA1	RTN3	3	0.0488	0.7264
KRT8	RTN3	3	0.2648	0.5284
LMNA	RTN3	3	0.0422	0.7347
MAPRE3	RTN3	3	0.0541	0.7203
ACTB	EPN2	3	0.0014	0.8526
KRT8	EPN2	3	0.005	0.8352
ACTB	STBD1	3	0.0001	0.865
LMNA	ZRANB2	3	0.4297	0.229
ACTB	SNX4	3	0.0083	0.8218
KRT8	SNX4	3	0.0352	0.7449
LMNA	SNX4	3	0	0.8672
ACTB	ZWINT	3	0.0104	0.8132
KRT8	ZWINT	3	0.0222	0.7699
LMNA	ZWINT	3	0.0073	0.8256
MAPRE3	ZWINT	3	0.0014	0.8526
ACTB	LUC7L3	3	0.0255	0.7624
CTNNA1	LUC7L3	3	0.0088	0.8198
KRT8	LUC7L3	3	0.0167	0.7866
LMNA	LUC7L3	3	0.0203	0.7747
MAPRE3	LUC7L3	3	0.0001	0.865
ACTB	KIF20A	3	0.0034	0.8424
KRT8	KIF20A	3	0.6445	0.1338
LMNA	KIF20A	3	0.0419	0.7351
MAPRE3	KIF20A	3	0.003	0.8442
ACTB	KIF4A	3	0.1961	0.5926
CTNNA1	KIF4A	3	0.0127	0.8033
KRT8	KIF4A	3	0.1799	0.6063
LMNA	KIF4A	3	0.301	0.486
MAPRE3	KIF4A	3	0.192	0.5961
LMNA	GOSR1	3	0.0354	0.7448
ACTB	PDE8B	3	0.0719	0.7017
KRT8	PDE8B	3	0.1084	0.6674
MAPRE3	PDE8B	3	0.0489	0.7263
ACTB	VAPB	3	0.1521	0.6295
CTNNA1	VAPB	3	0.0086	0.8207
KRT8	VAPB	3	0.1519	0.6297
LMNA	VAPB	3	0.328	0.4579
MAPRE3	VAPB	3	0.0685	0.7051
CTNNA1	NDUFA10	3	0.0228	0.7685
KRT8	NDUFA10	3	0.5836	0.1479
LMNA	NDUFA10	3	0.085	0.6881
ACTB	PGLS	3	0.0017	0.8509
CTNNA1	PGLS	3	0.0804	0.6934
LMNA	PGLS	3	0.0087	0.8203
KRT8	PAPSS2	3	0.0036	0.8414
LMNA	PAPSS2	3	0.0051	0.8347
ACTB	SMC2	3	0.2058	0.5844
CTNNA1	SMC2	3	0.0309	0.7516
KRT8	SMC2	3	0.2757	0.5158
LMNA	SMC2	3	0.2212	0.571
MAPRE3	SMC2	3	0.1678	0.6169
CTNNA1	ATG7	3	0.0021	0.8485
LMNA	ATG7	3	0.0006	0.8588
MAPRE3	ATG7	3	0.0358	0.7439
ACTB	TACC2	3	0.3125	0.4744
CTNNA1	TACC2	3	0.1389	0.6415
KRT8	TACC2	3	0.3488	0.3512
LMNA	TACC2	3	0.1578	0.6247
MAPRE3	TACC2	3	0.3737	0.3
ACTB	TRIM16	3	0.1638	0.6202
KRT8	TRIM16	3	0.1852	0.602
ACTB	LYPLA2	3	0.315	0.4716
CTNNA1	LYPLA2	3	0.1017	0.6739
KRT8	LYPLA2	3	0.3372	0.3768
LMNA	LYPLA2	3	0.2649	0.5283
MAPRE3	LYPLA2	3	0.1999	0.5894
ACTB	IPO7	3	0.3755	0.296
CTNNA1	IPO7	3	0.1724	0.6128
KRT8	IPO7	3	0.469	0.1985
LMNA	IPO7	3	0.3386	0.3736
MAPRE3	IPO7	3	0.312	0.475
KRT8	MAP3K6	3	1	0
LMNA	SLU7	3	0.342	0.364
MAPRE3	SLU7	3	0.0006	0.8588
KRT8	MOCS3	3	0.6667	0.0712
LMNA	CD2BP2	3	0.6684	0.0699
LMNA	MED26	3	0.0061	0.8305
ACTB	SVIL	3	0.103	0.6726
CTNNA1	SVIL	3	0.0011	0.8545
KRT8	SVIL	3	0.0109	0.8112
LMNA	SVIL	3	0.0005	0.8597
MAPRE3	SVIL	3	0.0046	0.8372
ACTB	AHSA1	3	0.1635	0.6207
CTNNA1	AHSA1	3	0.0223	0.7697
KRT8	AHSA1	3	0.2889	0.5005
LMNA	AHSA1	3	0.1733	0.6121
MAPRE3	AHSA1	3	0.0573	0.7168
LMNA	PARN	3	0.0099	0.8153
ACTB	PSMG1	3	0.0485	0.7268
CTNNA1	PSMG1	3	0.0027	0.8456
KRT8	PSMG1	3	0.0727	0.7007
LMNA	PSMG1	3	0.0237	0.7666
MAPRE3	PSMG1	3	0.0018	0.8502
ACTB	FMNL1	3	1	0
KRT8	FMNL1	3	0.0081	0.8226
LMNA	FMNL1	3	0.0044	0.8379
CTNNA1	NSA2	3	0.3333	0.3843
ACTB	SEC24A	3	0.0031	0.8437
KRT8	SEC24A	3	0.0134	0.8003
ACTB	SEC24B	3	0.0069	0.8272
KRT8	SEC24B	3	0.0133	0.8007
MAPRE3	SEC24B	3	0	0.8672
ACTB	TDP2	3	0.2219	0.5703
CTNNA1	TDP2	3	0.082	0.692
KRT8	TDP2	3	0.2457	0.5489
LMNA	TDP2	3	0.3668	0.3153
MAPRE3	TDP2	3	0.2007	0.5885
LMNA	ACSL3	3	0.1462	0.6351
ACTB	POLR1A	3	0.0062	0.8302
KRT8	POLR1A	3	0.0046	0.8372
MAPRE3	POLR1A	3	0	0.8672
ACTB	PCNT	3	0.157	0.6253
CTNNA1	PCNT	3	0.0355	0.7445
KRT8	PCNT	3	0.2386	0.5548
LMNA	PCNT	3	0.0177	0.7828
MAPRE3	PCNT	3	0.1888	0.5992
ACTB	CPSF4	3	0.0004	0.8609
KRT8	CPSF4	3	0.0015	0.852
LMNA	CPSF4	3	0.0057	0.8322
ACTB	EYA4	3	0.1285	0.6515
KRT8	EYA4	3	0.3276	0.4583
LMNA	EYA4	3	0.2384	0.555
ACTB	CEP43	3	0.0122	0.8053
CTNNA1	CEP43	3	0.0002	0.8634
KRT8	CEP43	3	0.0123	0.805
MAPRE3	CEP43	3	0.9539	0.0031
ACTB	POP4	3	0.0007	0.8579
LMNA	POP4	3	0.0171	0.7851
MAPRE3	POP4	3	0.0006	0.8588
ACTB	HERC2	3	0.0032	0.8433
KRT8	HERC2	3	0.167	0.6176
ACTB	SNAP29	3	0.0277	0.7576
KRT8	SNAP29	3	0.0375	0.7413
LMNA	SNAP29	3	0.0007	0.8579
MAPRE3	SNAP29	3	0.0047	0.8366
ACTB	OXSR1	3	0.3069	0.4803
CTNNA1	OXSR1	3	0.0741	0.6992
KRT8	OXSR1	3	0.2297	0.5622
LMNA	OXSR1	3	0.1312	0.6484
ACTB	HSPA4L	3	0.1092	0.6668
CTNNA1	HSPA4L	3	0.0293	0.7541
KRT8	HSPA4L	3	0.0696	0.704
LMNA	HSPA4L	3	0.0682	0.7055
MAPRE3	HSPA4L	3	0.0543	0.7201
ACTB	PTBP3	3	0.0006	0.8588
KRT8	PTBP3	3	0.0199	0.7758
MAPRE3	PTBP3	3	0.0001	0.865
ACTB	TBC1D8	3	0.0094	0.8174
KRT8	TBC1D8	3	0.9983	0.0001
ACTB	AP2A1	3	0.2417	0.5524
KRT8	AP2A1	3	0.3031	0.4831
LMNA	AP2A1	3	0.1097	0.6665
MAPRE3	AP2A1	3	0.1407	0.6398
ACTB	WIZ	3	0.0432	0.7335
LMNA	WIZ	3	0.2508	0.5435
MAPRE3	WIZ	3	0.1221	0.6565
ACTB	STAU1	3	0.0042	0.8388
KRT8	STAU1	3	0.0252	0.7633
MAPRE3	STAU1	3	0.0011	0.8545
ACTB	TTC4	3	0.0654	0.708
KRT8	TTC4	3	0.9838	0.0012
LMNA	TTC4	3	0.3462	0.3562
MAPRE3	TTC4	3	0.005	0.8352
ACTB	BAG2	3	0.2659	0.5268
CTNNA1	BAG2	3	0.042	0.735
KRT8	BAG2	3	0.3109	0.4764
LMNA	BAG2	3	0.139	0.6413
MAPRE3	BAG2	3	0.0973	0.6777
ACTB	BAG3	3	0.2738	0.5182
CTNNA1	BAG3	3	0.0247	0.7645
KRT8	BAG3	3	0.2946	0.4936
LMNA	BAG3	3	0.0453	0.7311
MAPRE3	BAG3	3	0.0624	0.7116
ACTB	MAP4K4	3	0.01	0.8148
KRT8	MAP4K4	3	0.0168	0.7862
ACTB	LATS1	3	0.3154	0.4709
KRT8	LATS1	3	0.669	0.0686
ACTB	BPNT1	3	0.0033	0.8429
CTNNA1	BPNT1	3	0.0273	0.7584
KRT8	BPNT1	3	0.0007	0.8579
LMNA	BPNT1	3	0.0426	0.7342
MAPRE3	BPNT1	3	0.0077	0.824
ACTB	TXNDC12	3	0.0076	0.8244
CTNNA1	TXNDC12	3	0.0143	0.7965
KRT8	TXNDC12	3	0.0051	0.8347
LMNA	TXNDC12	3	0.0107	0.8119
MAPRE3	TXNDC12	3	0.0035	0.8419
ACTB	ECD	3	0.0048	0.8361
CTNNA1	ECD	3	0.003	0.8442
KRT8	ECD	3	0.0789	0.6947
LMNA	SYF2	3	0.6774	0.062
LMNA	MBD3	3	0.0573	0.7168
ACTB	TOP3B	3	0.014	0.7974
KRT8	TOP3B	3	0.0118	0.8069
LMNA	TOP3B	3	0.0001	0.865
MAPRE3	TOP3B	3	0.5095	0.1792
KRT8	PTTG1	3	0.3333	0.3843
MAPRE3	PTTG1	3	0.3333	0.3843
LMNA	CLPTM1	3	0.6667	0.0712
ACTB	MOCS2	3	0.0106	0.8123
CTNNA1	MOCS2	3	0.0094	0.8174
KRT8	MOCS2	3	0.0164	0.7877
LMNA	MOCS2	3	0.0133	0.8007
MAPRE3	MOCS2	3	0.0022	0.8481
ACTB	TOMM40	3	0.0726	0.7009
CTNNA1	TOMM40	3	0.0348	0.7455
KRT8	TOMM40	3	0.1756	0.61
LMNA	TOMM40	3	0.1626	0.6213
MAPRE3	TOMM40	3	0.0318	0.7497
ACTB	ACTL6A	3	0.3333	0.3843
ACTB	NSD2	3	0.0969	0.678
KRT8	NSD2	3	0.1025	0.6731
LMNA	NSD2	3	0.2697	0.5227
LMNA	CYB5A	3	0.6667	0.0712
ACTB	LDHA	3	0.0469	0.729
CTNNA1	LDHA	3	0.0161	0.789
KRT8	LDHA	3	0.0475	0.7281
LMNA	LDHA	3	0.0408	0.7366
MAPRE3	LDHA	3	0.0077	0.824
ACTB	GLUD1	3	0	0.8672
KRT8	GLUD1	3	0.0078	0.8237
LMNA	GLUD1	3	0.0057	0.8322
ACTB	DHFR	3	0.2146	0.5768
CTNNA1	DHFR	3	0.1502	0.6316
KRT8	DHFR	3	0.3745	0.2985
LMNA	DHFR	3	0.3485	0.352
MAPRE3	DHFR	3	0.2838	0.5055
ACTB	GSR	3	0.01	0.8148
CTNNA1	GSR	3	0.0126	0.8036
KRT8	GSR	3	0.0044	0.8379
LMNA	GSR	3	0.0091	0.8188
MAPRE3	GSR	3	0.0042	0.8388
CTNNA1	SOD1	3	0.183	0.6038
LMNA	SOD1	3	0.2248	0.5674
ACTB	PNP	3	0.036	0.7434
MAPRE3	PNP	3	0.0038	0.8404
ACTB	HPRT1	3	0.0117	0.8074
CTNNA1	HPRT1	3	0.0149	0.794
KRT8	HPRT1	3	0.008	0.8229
LMNA	HPRT1	3	0.0141	0.7971
MAPRE3	HPRT1	3	0.0071	0.8264
ACTB	ABL1	3	0.226	0.5661
KRT8	ABL1	3	0.0015	0.852
MAPRE3	ABL1	3	0.0005	0.8597
ACTB	EGFR	3	0.2692	0.5235
CTNNA1	EGFR	3	0.2464	0.5481
KRT8	EGFR	3	0.2212	0.571
LMNA	EGFR	3	0.1457	0.6357
MAPRE3	EGFR	3	0.0491	0.7261
ACTB	PGK1	3	0.0571	0.7172
CTNNA1	PGK1	3	0.0085	0.8211
KRT8	PGK1	3	0.0043	0.8384
LMNA	PGK1	3	0.0047	0.8366
MAPRE3	PGK1	3	0.0032	0.8433
CTNNA1	AK1	3	0.036	0.7434
LMNA	AK1	3	0.0057	0.8322
ACTB	HP	3	0.3333	0.3843
ACTB	ADA	3	0.0408	0.7366
CTNNA1	ADA	3	0.056	0.7181
KRT8	ADA	3	0.0557	0.7183
LMNA	ADA	3	0.0127	0.8033
MAPRE3	ADA	3	0.0057	0.8322
ACTB	C3	3	0.3333	0.3843
KRT8	C3	3	0.3333	0.3843
ACTB	CSTA	3	0.3333	0.3843
LMNA	MYC	3	0.3333	0.3843
ACTB	JCHAIN	3	0.3333	0.3843
ACTB	IGKV3-20	3	0.3333	0.3843
ACTB	IGHV3-7	3	0.3333	0.3843
ACTB	PIGR	3	0.3333	0.3843
LMNA	PIGR	3	0.3333	0.3843
ACTB	IGKC	3	0.5729	0.1512
KRT8	IGKC	3	0.013	0.8021
ACTB	IGHG1	3	0.3333	0.3843
ACTB	IGHG2	3	0.3333	0.3843
ACTB	IGHG3	3	0.3333	0.3843
LMNA	IGHG3	3	0.3333	0.3843
ACTB	IGHM	3	0.3333	0.3843
ACTB	IGHA1	3	0.6667	0.0712
ACTB	IGHA2	3	0.3333	0.3843
ACTB	HLA-B	3	0.0052	0.8344
CTNNA1	HLA-B	3	0.0119	0.8066
KRT8	HLA-B	3	0.0096	0.8166
LMNA	HLA-B	3	0.0105	0.8127
MAPRE3	HLA-B	3	0.0031	0.8437
ACTB	COL1A1	3	0.0483	0.727
LMNA	COL1A1	3	0.0014	0.8526
ACTB	COL3A1	3	0.0113	0.8094
KRT8	COL3A1	3	0.0018	0.8502
LMNA	COL3A1	3	0	0.8672
MAPRE3	COL3A1	3	0.0002	0.8634
ACTB	KRT14	3	0.1304	0.6495
CTNNA1	KRT14	3	0.0564	0.7178
KRT8	KRT14	3	0.4436	0.2166
LMNA	KRT14	3	0.1048	0.6709
MAPRE3	KRT14	3	0.0538	0.7206
ACTB	KRT6A	3	0.2289	0.5632
CTNNA1	KRT6A	3	0.1336	0.6459
KRT8	KRT6A	3	0.0593	0.7147
LMNA	KRT6A	3	0.1319	0.6476
MAPRE3	KRT6A	3	0.1793	0.6068
ACTB	LMNA	3	0.0556	0.7185
CTNNA1	LMNA	3	0.0362	0.7431
KRT8	LMNA	3	0.1049	0.6708
LMNA	LMNA	3	1	0
MAPRE3	LMNA	3	0.0399	0.7376
ACTB	CSN1S1	3	0.0009	0.856
LMNA	CSN1S1	3	0.0015	0.852
ACTB	FN1	3	0.1715	0.6143
KRT8	FN1	3	0.1296	0.6504
ACTB	ALB	3	0.3333	0.3843
LMNA	TFRC	3	0.0873	0.6863
ACTB	LTF	3	0.3333	0.3843
ACTB	STATH	3	0.3333	0.3843
ACTB	MT-ATP8	3	0.0067	0.8281
KRT8	MT-ATP8	3	0.0047	0.8366
ACTB	VTN	3	0.0088	0.8198
KRT8	VTN	3	0.0017	0.8509
MAPRE3	VTN	3	0.001	0.8552
ACTB	CAT	3	0.2191	0.5726
CTNNA1	CAT	3	0.0317	0.7499
KRT8	CAT	3	0.0497	0.7256
LMNA	CAT	3	0.0811	0.6928
ACTB	RAF1	3	0.0068	0.8277
KRT8	RAF1	3	0.0099	0.8153
MAPRE3	RAF1	3	0.0003	0.8621
ACTB	ALDOA	3	0.0033	0.8429
CTNNA1	ALDOA	3	0.0575	0.7165
LMNA	ALDOA	3	0.0197	0.7764
MAPRE3	ALDOA	3	0.0023	0.8475
ACTB	CSTB	3	0.0104	0.8132
CTNNA1	CSTB	3	0.0455	0.7307
KRT8	CSTB	3	0.0096	0.8166
LMNA	CSTB	3	0.0157	0.7907
MAPRE3	CSTB	3	0.0068	0.8277
ACTB	ANXA1	3	0.2835	0.5061
CTNNA1	ANXA1	3	0.0631	0.7107
KRT8	ANXA1	3	0.281	0.509
LMNA	ANXA1	3	0.2003	0.5888
MAPRE3	ANXA1	3	0.1296	0.6504
ACTB	NR3C1	3	0.4231	0.2354
CTNNA1	NR3C1	3	0.1917	0.5966
KRT8	NR3C1	3	0.4378	0.22
LMNA	NR3C1	3	0.4078	0.2502
MAPRE3	NR3C1	3	0.3492	0.3503
CTNNA1	OAT	3	0.0056	0.8326
ACTB	TK1	3	0.2472	0.5473
CTNNA1	TK1	3	0.0079	0.8232
KRT8	TK1	3	0.2906	0.499
LMNA	TK1	3	0.1964	0.5922
MAPRE3	TK1	3	0.1598	0.6233
ACTB	KRT6B	3	0.0337	0.7474
CTNNA1	KRT6B	3	0.0037	0.8409
KRT8	KRT6B	3	0.0153	0.7926
LMNA	KRT6B	3	0.0155	0.7917
MAPRE3	KRT6B	3	0.0534	0.721
ACTB	KRT1	3	0.1614	0.6219
CTNNA1	KRT1	3	0.0577	0.7163
KRT8	KRT1	3	0.0727	0.7007
LMNA	KRT1	3	0.1235	0.6551
MAPRE3	KRT1	3	0.0333	0.7478
ACTB	GAPDH	3	0.1546	0.627
CTNNA1	GAPDH	3	0.0111	0.8104
KRT8	GAPDH	3	0.0309	0.7516
LMNA	GAPDH	3	0.0648	0.709
MAPRE3	GAPDH	3	0.0086	0.8207
ACTB	HLA-A	3	0.0118	0.8069
CTNNA1	HLA-A	3	0.0131	0.8017
KRT8	HLA-A	3	0.0121	0.8057
LMNA	HLA-A	3	0.0123	0.805
MAPRE3	HLA-A	3	0.0037	0.8409
ACTB	ERBB2	3	0.0367	0.7425
CTNNA1	ERBB2	3	0.0103	0.8135
KRT8	ERBB2	3	0.0038	0.8404
LMNA	ERBB2	3	0.0831	0.6903
CTNNA1	CAPNS1	3	0.0215	0.7712
KRT8	CAPNS1	3	0.0056	0.8326
LMNA	CAPNS1	3	0.0529	0.7214
MAPRE3	CAPNS1	3	0.0046	0.8372
ACTB	HSPB1	3	0.0325	0.7487
CTNNA1	HSPB1	3	0.0116	0.8077
KRT8	HSPB1	3	0.0836	0.6898
LMNA	HSPB1	3	0.0167	0.7866
MAPRE3	HSPB1	3	0.0102	0.814
ACTB	TYMS	3	0.2554	0.5377
KRT8	TYMS	3	0.3215	0.4641
LMNA	TYMS	3	0.6112	0.1415
ACTB	RPN1	3	0.194	0.5941
KRT8	RPN1	3	0.1874	0.6002
LMNA	RPN1	3	0.425	0.2336
MAPRE3	RPN1	3	0.0792	0.6944
ACTB	GNAI2	3	0.1051	0.6706
CTNNA1	GNAI2	3	0.0516	0.7225
KRT8	GNAI2	3	0.1412	0.6395
LMNA	GNAI2	3	0.0758	0.6976
MAPRE3	GNAI2	3	0.0213	0.7717
ACTB	ATP1A1	3	0.1401	0.6402
CTNNA1	ATP1A1	3	0.0196	0.7768
KRT8	ATP1A1	3	0.248	0.5467
LMNA	ATP1A1	3	0.1226	0.6561
MAPRE3	ATP1A1	3	0.0182	0.7811
LMNA	APP	3	0.6667	0.0712
ACTB	ARG1	3	0.1174	0.6602
LMNA	ARG1	3	0.0219	0.7704
MAPRE3	ARG1	3	0.0047	0.8366
ACTB	S100A8	3	0.3333	0.3843
CTNNA1	S100A8	3	0.3333	0.3843
MAPRE3	S100A8	3	0.3333	0.3843
ACTB	SLC25A5	3	0.1272	0.6525
CTNNA1	SLC25A5	3	0.0216	0.7711
KRT8	SLC25A5	3	0.5023	0.1837
LMNA	SLC25A5	3	0.17	0.6155
MAPRE3	SLC25A5	3	0.0474	0.7284
ACTB	ISG15	3	0.0157	0.7907
CTNNA1	ISG15	3	0.0067	0.8281
KRT8	ISG15	3	0.031	0.7514
LMNA	ISG15	3	0.0089	0.8194
MAPRE3	ISG15	3	0.0056	0.8326
ACTB	MPO	3	0.3333	0.3843
KRT8	MPO	3	0.3333	0.3843
ACTB	PCCA	3	0.0065	0.8289
CTNNA1	PCCA	3	0.015	0.7937
KRT8	PCCA	3	0.0085	0.8211
LMNA	PCCA	3	0.0148	0.7943
MAPRE3	PCCA	3	0.0066	0.8285
ACTB	PCCB	3	0.0145	0.7955
CTNNA1	PCCB	3	0.0478	0.7278
KRT8	PCCB	3	0.236	0.5573
LMNA	PCCB	3	0.0233	0.7673
ACTB	EIF2S1	3	0.1444	0.6364
CTNNA1	EIF2S1	3	0.0262	0.7606
KRT8	EIF2S1	3	0.175	0.6101
LMNA	EIF2S1	3	0.0612	0.7128
MAPRE3	EIF2S1	3	0.038	0.7404
ACTB	RPLP1	3	0.036	0.7434
CTNNA1	RPLP1	3	0.0124	0.8045
KRT8	RPLP1	3	0.0397	0.738
LMNA	RPLP1	3	0.019	0.7787
MAPRE3	RPLP1	3	0.0056	0.8326
ACTB	RPLP2	3	0	0.8672
KRT8	RPLP2	3	0	0.8672
ACTB	RPLP0	3	0.0132	0.8011
CTNNA1	RPLP0	3	0.0115	0.8082
KRT8	RPLP0	3	0.0195	0.7772
LMNA	RPLP0	3	0.0084	0.8215
MAPRE3	RPLP0	3	0.0039	0.84
LMNA	JUN	3	0.2222	0.57
ACTB	SSB	3	0.0004	0.8609
LMNA	SSB	3	0.0044	0.8379
ACTB	ITGB1	3	0.0142	0.7968
CTNNA1	ITGB1	3	0.0093	0.8179
KRT8	ITGB1	3	0.0035	0.8419
LMNA	ITGB1	3	1	0
MAPRE3	ITGB1	3	0.0035	0.8419
ACTB	KRT18	3	0.1399	0.6406
CTNNA1	KRT18	3	0.0593	0.7147
KRT8	KRT18	3	0.7557	0.0337
LMNA	KRT18	3	0.0513	0.723
MAPRE3	KRT18	3	0.0754	0.698
ACTB	KRT8	3	0.1311	0.6485
CTNNA1	KRT8	3	0.0641	0.7096
KRT8	KRT8	3	0.7573	0.0325
LMNA	KRT8	3	0.0724	0.7012
MAPRE3	KRT8	3	0.0817	0.6923
ACTB	IGKV4-1	3	0.3333	0.3843
ACTB	GSN	3	0.3675	0.3133
KRT8	GSN	3	0.0041	0.8393
ACTB	CDK1	3	0.3462	0.3562
CTNNA1	CDK1	3	0.0198	0.7761
KRT8	CDK1	3	0.3057	0.481
LMNA	CDK1	3	0.2407	0.5529
MAPRE3	CDK1	3	0.0714	0.7022
ACTB	ATP5F1B	3	0.052	0.7222
KRT8	ATP5F1B	3	0.2128	0.578
ACTB	S100A9	3	0.6667	0.0712
CTNNA1	S100A9	3	0.3333	0.3843
MAPRE3	S100A9	3	0.3333	0.3843
ACTB	S100A6	3	0.047	0.7288
CTNNA1	S100A6	3	0.0199	0.7758
KRT8	S100A6	3	0.035	0.7452
LMNA	S100A6	3	0.0446	0.7318
MAPRE3	S100A6	3	0.0247	0.7645
ACTB	birA	3	0.002	0.8491
CTNNA1	birA	3	0.0107	0.8119
LMNA	birA	3	0.0004	0.8609
MAPRE3	birA	3	0.0001	0.865
ACTB	ENO1	3	0.0255	0.7624
CTNNA1	ENO1	3	0.0078	0.8237
KRT8	ENO1	3	0.0241	0.7658
LMNA	ENO1	3	0.0144	0.796
MAPRE3	ENO1	3	0.0055	0.833
ACTB	PYGL	3	0.0733	0.6999
KRT8	PYGL	3	0.2311	0.5612
LMNA	PYGL	3	0.051	0.7236
ACTB	GPI	3	0.0116	0.8077
KRT8	GPI	3	0.0312	0.751
ACTB	NPM1	3	0.1118	0.6648
CTNNA1	NPM1	3	0.0181	0.7814
KRT8	NPM1	3	0.1446	0.6362
LMNA	NPM1	3	0.1117	0.6649
MAPRE3	NPM1	3	0.069	0.7045
ACTB	TPM3	3	0.0694	0.7041
CTNNA1	TPM3	3	0.0148	0.7943
KRT8	TPM3	3	0.0129	0.8025
LMNA	TPM3	3	0.0044	0.8379
MAPRE3	TPM3	3	0.0069	0.8272
KRT8	LPL	3	0.0036	0.8414
CTNNA1	H2BC11	3	0.0139	0.7977
LMNA	H2BC11	3	0.3783	0.2892
MAPRE3	H2BC11	3	0.0293	0.7541
ACTB	LDHB	3	0.0224	0.7694
CTNNA1	LDHB	3	0.0135	0.7997
KRT8	LDHB	3	0.0529	0.7214
LMNA	LDHB	3	0.0232	0.7677
MAPRE3	LDHB	3	0.0042	0.8388
ACTB	GPX1	3	0.0129	0.8025
CTNNA1	GPX1	3	0.0094	0.8174
KRT8	GPX1	3	0.08	0.6936
LMNA	GPX1	3	0.0131	0.8017
MAPRE3	GPX1	3	0.0005	0.8597
ACTB	P4HB	3	0.0748	0.6986
CTNNA1	P4HB	3	0.0123	0.805
KRT8	P4HB	3	0.0136	0.7993
LMNA	P4HB	3	0.0606	0.7134
MAPRE3	P4HB	3	0.0028	0.8451
CTNNA1	H1-0	3	0.3333	0.3843
ACTB	CTSD	3	0.0018	0.8502
KRT8	CTSD	3	0	0.8672
ACTB	ANXA2	3	0.1063	0.6692
CTNNA1	ANXA2	3	0.0185	0.7803
KRT8	ANXA2	3	0.1791	0.6071
LMNA	ANXA2	3	0.0171	0.7851
MAPRE3	ANXA2	3	0.0259	0.7613
ACTB	CAPN1	3	0.1543	0.6275
KRT8	CAPN1	3	0.346	0.3568
LMNA	CAPN1	3	0.0339	0.747
MAPRE3	CAPN1	3	0.0037	0.8409
ACTB	TUBB	3	0.1054	0.6704
CTNNA1	TUBB	3	0.0169	0.7858
KRT8	TUBB	3	0.2419	0.5521
LMNA	TUBB	3	0.0646	0.7092
MAPRE3	TUBB	3	0.0357	0.7441
ACTB	PRSS1	3	0.0115	0.8082
CTNNA1	PRSS1	3	0.0158	0.7903
KRT8	PRSS1	3	0.0075	0.8248
LMNA	PRSS1	3	0.0146	0.795
MAPRE3	PRSS1	3	0.0061	0.8305
ACTB	PFN1	3	0.0318	0.7497
CTNNA1	PFN1	3	0.0092	0.8184
KRT8	PFN1	3	0.0107	0.8119
LMNA	PFN1	3	0.045	0.7314
MAPRE3	PFN1	3	0.0008	0.8571
ACTB	EPRS1	3	0.2628	0.5308
CTNNA1	EPRS1	3	0.0766	0.6966
KRT8	EPRS1	3	0.2533	0.5403
LMNA	EPRS1	3	0.1495	0.6323
MAPRE3	EPRS1	3	0.1578	0.6247
ACTB	HSP90AA1	3	0.1265	0.6529
CTNNA1	HSP90AA1	3	0.0104	0.8132
KRT8	HSP90AA1	3	0.0795	0.694
LMNA	HSP90AA1	3	0.0511	0.7234
MAPRE3	HSP90AA1	3	0.0151	0.7933
ACTB	HNRNPC	3	0.1232	0.6554
CTNNA1	HNRNPC	3	0.0436	0.7332
KRT8	HNRNPC	3	0.064	0.7097
LMNA	HNRNPC	3	0.156	0.6258
MAPRE3	HNRNPC	3	0.0712	0.7025
KRT8	LAMB1	3	0.0226	0.769
ACTB	YES1	3	0.3333	0.3843
KRT8	YES1	3	0.3333	0.3843
ACTB	TPM2	3	0.0024	0.847
KRT8	TPM2	3	0.008	0.8229
ACTB	FH	3	0.0109	0.8112
CTNNA1	FH	3	0.0042	0.8388
LMNA	FH	3	0.0165	0.7874
ACTB	THBS1	3	0.0602	0.7137
KRT8	THBS1	3	0.7996	0.0238
LMNA	THBS1	3	0.2693	0.5231
MAPRE3	THBS1	3	0.0553	0.7189
ACTB	SP1	3	0.0089	0.8194
CTNNA1	SP1	3	0.0055	0.833
ACTB	ANXA6	3	0.128	0.6517
CTNNA1	ANXA6	3	0.0357	0.7441
KRT8	ANXA6	3	0.2217	0.5705
LMNA	ANXA6	3	0.0355	0.7445
ACTB	SLC3A2	3	0.2059	0.584
CTNNA1	SLC3A2	3	0.1038	0.6719
KRT8	SLC3A2	3	0.2561	0.537
LMNA	SLC3A2	3	0.1232	0.6554
MAPRE3	SLC3A2	3	0.0584	0.7157
ACTB	PFKM	3	0.3296	0.4549
CTNNA1	PFKM	3	0.1196	0.6581
KRT8	PFKM	3	0.3731	0.3014
LMNA	PFKM	3	0.3195	0.4659
MAPRE3	PFKM	3	0.2413	0.5526
ACTB	HSP90AB1	3	0.144	0.6368
CTNNA1	HSP90AB1	3	0.0241	0.7658
KRT8	HSP90AB1	3	0.2153	0.5762
LMNA	HSP90AB1	3	0.1342	0.6454
MAPRE3	HSP90AB1	3	0.0522	0.722
ACTB	SRPRA	3	0.0179	0.7823
CTNNA1	SRPRA	3	0.0001	0.865
KRT8	SRPRA	3	0.007	0.8268
LMNA	SRPRA	3	0.0035	0.8419
MAPRE3	SRPRA	3	0.0024	0.847
ACTB	ASNS	3	0.0306	0.7521
KRT8	ASNS	3	0.0506	0.7242
LMNA	ASNS	3	0.0001	0.865
MAPRE3	ASNS	3	0.0014	0.8526
ACTB	CTSG	3	0.3333	0.3843
ACTB	PDHA1	3	0.0112	0.8098
CTNNA1	PDHA1	3	0.0191	0.7785
KRT8	PDHA1	3	0.156	0.6258
LMNA	PDHA1	3	0.0017	0.8509
ACTB	MET	3	0.002	0.8491
KRT8	MET	3	0.2055	0.5846
MAPRE3	MET	3	0.0043	0.8384
ACTB	SNRNP70	3	0.0102	0.814
CTNNA1	SNRNP70	3	0.0089	0.8194
KRT8	SNRNP70	3	0.0148	0.7943
LMNA	SNRNP70	3	0.0068	0.8277
MAPRE3	SNRNP70	3	0.0004	0.8609
ACTB	NFIC	3	0.0254	0.7627
KRT8	NFIC	3	0.0359	0.7438
LMNA	NFIC	3	0.2828	0.507
ACTB	VIM	3	0.2084	0.5821
CTNNA1	VIM	3	0.1063	0.6692
KRT8	VIM	3	0.4434	0.2175
LMNA	VIM	3	0.0966	0.6785
MAPRE3	VIM	3	0.1561	0.6257
ACTB	RPS17	3	0.0363	0.743
CTNNA1	RPS17	3	0.0207	0.7735
KRT8	RPS17	3	0.0425	0.7344
LMNA	RPS17	3	0.0412	0.7361
MAPRE3	RPS17	3	0.0065	0.8289
ACTB	KRT19	3	0.3512	0.346
KRT8	KRT19	3	1	0
ACTB	KRT7	3	0.1315	0.6482
CTNNA1	KRT7	3	0.0614	0.7127
KRT8	KRT7	3	0.9255	0.0065
LMNA	KRT7	3	0.0784	0.6951
MAPRE3	KRT7	3	0.0837	0.6897
ACTB	GNAI3	3	0.1118	0.6648
CTNNA1	GNAI3	3	0.0267	0.7596
KRT8	GNAI3	3	0.1243	0.6544
LMNA	GNAI3	3	0.1205	0.6575
MAPRE3	GNAI3	3	0.0106	0.8123
ACTB	ANXA5	3	0.071	0.7027
CTNNA1	ANXA5	3	0.0029	0.8445
KRT8	ANXA5	3	0.0179	0.7823
LMNA	ANXA5	3	0.15	0.6317
MAPRE3	ANXA5	3	0.005	0.8352
ACTB	KRT16	3	0.1544	0.6274
CTNNA1	KRT16	3	0.0682	0.7055
KRT8	KRT16	3	0.1432	0.6378
LMNA	KRT16	3	0.1028	0.6729
MAPRE3	KRT16	3	0.0936	0.6809
ACTB	RPSA	3	0.0553	0.7189
CTNNA1	RPSA	3	0.0138	0.7982
KRT8	RPSA	3	0.0573	0.7168
LMNA	RPSA	3	0.007	0.8268
MAPRE3	RPSA	3	0.0108	0.8115
ACTB	FGF2	3	0.0273	0.7584
CTNNA1	FGF2	3	0.018	0.7818
KRT8	FGF2	3	0.0058	0.8318
LMNA	FGF2	3	0.0193	0.7779
MAPRE3	FGF2	3	0.0077	0.824
CTNNA1	ACAA1	3	0.3333	0.3843
LMNA	ACAA1	3	0.3333	0.3843
ACTB	GSTP1	3	0.0074	0.8253
CTNNA1	GSTP1	3	0.0081	0.8226
KRT8	GSTP1	3	0.0051	0.8347
LMNA	GSTP1	3	0.0068	0.8277
MAPRE3	GSTP1	3	0.0024	0.847
ACTB	SNRPC	3	0.1057	0.67
CTNNA1	SNRPC	3	0.0282	0.7564
KRT8	SNRPC	3	0.0822	0.6916
LMNA	SNRPC	3	0.1165	0.6607
MAPRE3	SNRPC	3	0.0431	0.7337
ACTB	LGALS1	3	0.0074	0.8253
CTNNA1	LGALS1	3	0.0154	0.7921
KRT8	LGALS1	3	0.0051	0.8347
LMNA	LGALS1	3	0.0095	0.817
MAPRE3	LGALS1	3	0.0022	0.8481
LMNA	HMGB1	3	0.6667	0.0712
ACTB	CNP	3	0.0566	0.7177
KRT8	CNP	3	0.1064	0.6692
LMNA	CNP	3	0.073	0.7002
KRT8	DLD	3	1	0
ACTB	HNRNPA1	3	0.1275	0.6522
CTNNA1	HNRNPA1	3	0.0196	0.7768
KRT8	HNRNPA1	3	0.1014	0.6742
LMNA	HNRNPA1	3	0.2725	0.5196
MAPRE3	HNRNPA1	3	0.1433	0.6376
ACTB	SNRPA1	3	0.0587	0.7155
CTNNA1	SNRPA1	3	0.0067	0.8281
LMNA	SNRPA1	3	0.0637	0.7101
ACTB	PARP1	3	0.1471	0.6341
CTNNA1	PARP1	3	0.108	0.6676
KRT8	PARP1	3	0.1614	0.6219
LMNA	PARP1	3	0.256	0.5372
MAPRE3	PARP1	3	0.0977	0.6772
ACTB	POLA1	3	0.2336	0.5592
CTNNA1	POLA1	3	0.0193	0.7779
KRT8	POLA1	3	0.2813	0.5087
LMNA	POLA1	3	0.3256	0.4604
MAPRE3	POLA1	3	0.1721	0.6133
ACTB	ALDOC	3	0.0114	0.8088
CTNNA1	ALDOC	3	0.0015	0.852
KRT8	ALDOC	3	0.0167	0.7866
ACTB	H2AZ1	3	0.0197	0.7764
LMNA	H2AZ1	3	0.0144	0.796
CTNNA1	UQCRFS1P1	3	0.0066	0.8285
KRT8	UQCRFS1P1	3	0.002	0.8491
LMNA	UQCRFS1P1	3	0.0197	0.7764
CTNNA1	MYZAP	3	0.3333	0.3843
KRT8	MYZAP	3	0.3333	0.3843
ACTB	POLR2M	3	0.2575	0.5357
CTNNA1	POLR2M	3	0.1318	0.6478
KRT8	POLR2M	3	0.3724	0.3036
LMNA	POLR2M	3	0.0398	0.7378
MAPRE3	POLR2M	3	0.2125	0.5782
ACTB	IGLC6	3	0.3333	0.3843
ACTB	UBB	3	0.2177	0.5744
CTNNA1	UBB	3	0.0458	0.7303
KRT8	UBB	3	0.2282	0.564
LMNA	UBB	3	0.1647	0.6194
MAPRE3	UBB	3	0.1006	0.675
KRT8	RGPD1	3	0.208	0.5824
ACTB	HSPA1A	3	0.1377	0.6426
CTNNA1	HSPA1A	3	0.017	0.7854
KRT8	HSPA1A	3	0.2497	0.5447
LMNA	HSPA1A	3	0.0797	0.6939
MAPRE3	HSPA1A	3	0.0261	0.7608
ACTB	U2AF1L5	3	0.0009	0.856
CTNNA1	U2AF1L5	3	0.0074	0.8253
LMNA	U2AF1L5	3	0.1186	0.6592
ACTB	CBSL	3	0.0001	0.865
CTNNA1	CBSL	3	0.0102	0.814
KRT8	CBSL	3	0.0005	0.8597
LMNA	CBSL	3	0.017	0.7854
ACTB	CALM1	3	0.0172	0.7846
KRT8	CALM1	3	0.0645	0.7093
LMNA	CALM1	3	0.0048	0.8361
MAPRE3	CALM1	3	0.0002	0.8634
KRT8	GLI2	3	0.3333	0.3843
KRT8	RO60	3	0.0678	0.706
LMNA	MYBL2	3	0.4293	0.2294
MAPRE3	MYBL2	3	0.0023	0.8475
LMNA	AR	3	0.03	0.7528
ACTB	HLA-C	3	0.0081	0.8226
CTNNA1	HLA-C	3	0.0171	0.7851
KRT8	HLA-C	3	0.0114	0.8088
LMNA	HLA-C	3	0.0184	0.7806
MAPRE3	HLA-C	3	0.0018	0.8502
ACTB	ARAF	3	0.2154	0.5761
CTNNA1	ARAF	3	0.0972	0.6778
KRT8	ARAF	3	0.2662	0.5264
LMNA	ARAF	3	0.0101	0.8144
MAPRE3	ARAF	3	0.122	0.6565
ACTB	H1-4	3	0.0487	0.7267
CTNNA1	H1-4	3	0.0164	0.7877
KRT8	H1-4	3	0.0438	0.7327
LMNA	H1-4	3	0.0554	0.7188
MAPRE3	H1-4	3	0.0206	0.7737
KRT8	PTPRF	3	0.6667	0.0712
ACTB	TXN	3	0.0178	0.7826
CTNNA1	TXN	3	0.0132	0.8011
KRT8	TXN	3	0.0209	0.773
LMNA	TXN	3	0.0206	0.7737
MAPRE3	TXN	3	0.0096	0.8166
ACTB	MGST1	3	0.026	0.7612
KRT8	MGST1	3	0.0246	0.7648
LMNA	MGST1	3	0.0705	0.7032
MAPRE3	MGST1	3	0.0059	0.8315
ACTB	PRKAR1A	3	0.0034	0.8424
LMNA	PRKAR1A	3	0.1816	0.6052
MAPRE3	PRKAR1A	3	0.0004	0.8609
ACTB	HSPD1	3	0.0496	0.7256
CTNNA1	HSPD1	3	0.016	0.7893
KRT8	HSPD1	3	0.0374	0.7413
LMNA	HSPD1	3	0.0514	0.7227
MAPRE3	HSPD1	3	0.0113	0.8094
ACTB	CLU	3	0.3201	0.465
CTNNA1	CLU	3	0.0021	0.8485
ACTB	HSPA5	3	0.1352	0.6447
CTNNA1	HSPA5	3	0.0266	0.7598
KRT8	HSPA5	3	0.1592	0.6239
LMNA	HSPA5	3	0.0886	0.6851
MAPRE3	HSPA5	3	0.0631	0.7107
ACTB	MAP2	3	0.1291	0.6511
CTNNA1	MAP2	3	0.0105	0.8127
KRT8	MAP2	3	0.1038	0.6719
MAPRE3	MAP2	3	0.4786	0.1935
ACTB	HSPA8	3	0.107	0.6684
CTNNA1	HSPA8	3	0.0169	0.7858
KRT8	HSPA8	3	0.2647	0.5287
LMNA	HSPA8	3	0.1332	0.6462
MAPRE3	HSPA8	3	0.0238	0.7664
ACTB	SLC2A1	3	0.2171	0.5748
CTNNA1	SLC2A1	3	0.0733	0.6999
KRT8	SLC2A1	3	0.4151	0.2458
LMNA	SLC2A1	3	0.2196	0.5724
MAPRE3	SLC2A1	3	0.1306	0.6492
ACTB	EPB41	3	0.0115	0.8082
CTNNA1	EPB41	3	0	0.8672
KRT8	EPB41	3	0.0023	0.8475
ACTB	PDHB	3	0.6691	0.068
CTNNA1	PDHB	3	0.6625	0.1251
KRT8	PDHB	3	0.6439	0.1342
LMNA	PDHB	3	0.3444	0.36
MAPRE3	PDHB	3	0.0023	0.8475
KRT8	DBT	3	0.6667	0.0712
ACTB	BCR	3	0.0138	0.7982
KRT8	BCR	3	0.0176	0.7832
MAPRE3	BCR	3	0.0009	0.856
CTNNA1	TOP1	3	0.0048	0.8361
KRT8	TOP1	3	0.0115	0.8082
LMNA	TOP1	3	0.1195	0.6581
ACTB	TOP2A	3	0.2233	0.5688
CTNNA1	TOP2A	3	0.0722	0.7014
KRT8	TOP2A	3	0.2588	0.5346
LMNA	TOP2A	3	0.2832	0.5065
MAPRE3	TOP2A	3	0.1939	0.5942
ACTB	G6PD	3	0.1379	0.6424
CTNNA1	G6PD	3	0.0154	0.7921
KRT8	G6PD	3	0.1204	0.6576
LMNA	G6PD	3	0.0195	0.7772
MAPRE3	G6PD	3	0.0213	0.7717
ACTB	PC	3	0.0067	0.8281
CTNNA1	PC	3	0.0135	0.7997
KRT8	PC	3	0.0095	0.817
LMNA	PC	3	0.0141	0.7971
MAPRE3	PC	3	0.0058	0.8318
ACTB	MTHFD1	3	0.0756	0.6979
CTNNA1	MTHFD1	3	0.0183	0.7807
KRT8	MTHFD1	3	0.0455	0.7307
LMNA	MTHFD1	3	0.0223	0.7697
MAPRE3	MTHFD1	3	0.0182	0.7811
ACTB	EPX	3	0.3333	0.3843
ACTB	IGF2R	3	0.0103	0.8135
CTNNA1	IGF2R	3	0.0001	0.865
KRT8	IGF2R	3	0.0064	0.8295
LMNA	IGF2R	3	0.3384	0.3741
ACTB	PRPS2	3	0.048	0.7276
CTNNA1	PRPS2	3	0.0071	0.8264
KRT8	PRPS2	3	0.1323	0.6473
LMNA	PRPS2	3	0.0803	0.6934
MAPRE3	PRPS2	3	0.0328	0.7484
ACTB	PABPC1	3	0.2296	0.5625
CTNNA1	PABPC1	3	0.1067	0.6688
KRT8	PABPC1	3	0.2501	0.5442
LMNA	PABPC1	3	0.0709	0.7028
MAPRE3	PABPC1	3	0.2125	0.5782
KRT8	KRT3	3	0.0001	0.865
LMNA	KRT3	3	0.0001	0.865
KRT8	NEFH	3	1	0
ACTB	HARS1	3	0.2401	0.5537
KRT8	HARS1	3	0.0916	0.6824
MAPRE3	HARS1	3	0.0029	0.8445
ACTB	SLC25A4	3	0.1457	0.6357
KRT8	SLC25A4	3	0.534	0.1679
LMNA	SLC25A4	3	0.1668	0.6178
ACTB	SLC25A6	3	0.3759	0.2949
CTNNA1	SLC25A6	3	0.0217	0.7708
KRT8	SLC25A6	3	0.6599	0.1268
LMNA	SLC25A6	3	0.8954	0.0093
MAPRE3	SLC25A6	3	0.1648	0.6194
ACTB	IMPDH2	3	0.1154	0.662
KRT8	IMPDH2	3	0.5491	0.161
ACTB	TPR	3	0.1637	0.6204
CTNNA1	TPR	3	0.0648	0.709
KRT8	TPR	3	0.1306	0.6492
LMNA	TPR	3	0.2912	0.4982
MAPRE3	TPR	3	0.1264	0.6531
ACTB	PIP	3	0.3333	0.3843
MAPRE3	PIP	3	0.3333	0.3843
KRT8	CKB	3	0.3333	0.3843
ACTB	ANXA3	3	0.0728	0.7005
CTNNA1	ANXA3	3	0.0118	0.8069
KRT8	ANXA3	3	0.0076	0.8244
LMNA	ANXA3	3	0.01	0.8148
MAPRE3	ANXA3	3	0.0018	0.8502
ACTB	ACTN1	3	0.4723	0.1965
CTNNA1	ACTN1	3	0.0826	0.6909
KRT8	ACTN1	3	0.1932	0.595
LMNA	ACTN1	3	0.0547	0.7195
MAPRE3	ACTN1	3	0.087	0.6866
KRT8	PEPD	3	0.0193	0.7779
ACTB	XRCC6	3	0.212	0.5784
CTNNA1	XRCC6	3	0.0707	0.703
KRT8	XRCC6	3	0.2201	0.572
LMNA	XRCC6	3	0.2856	0.5041
MAPRE3	XRCC6	3	0.1228	0.6559
ACTB	XRCC5	3	0.1037	0.672
CTNNA1	XRCC5	3	0.0102	0.814
KRT8	XRCC5	3	0.1077	0.6678
LMNA	XRCC5	3	0.2291	0.563
MAPRE3	XRCC5	3	0.0406	0.7368
KRT8	UNG	3	0.0018	0.8502
LMNA	UNG	3	0.943	0.0048
LMNA	NR2C1	3	0.0001	0.865
ACTB	RNH1	3	0.0154	0.7921
CTNNA1	RNH1	3	0.0094	0.8174
KRT8	RNH1	3	0.0089	0.8194
ACTB	EEF2	3	0.0421	0.7348
CTNNA1	EEF2	3	0.0125	0.8041
KRT8	EEF2	3	0.048	0.7276
LMNA	EEF2	3	0.0254	0.7627
MAPRE3	EEF2	3	0.0146	0.795
ACTB	KRT10	3	0.1806	0.6059
CTNNA1	KRT10	3	0.0756	0.6979
KRT8	KRT10	3	0.0484	0.7269
LMNA	KRT10	3	0.1061	0.6696
MAPRE3	KRT10	3	0.0565	0.7178
ACTB	KRT13	3	0.9061	0.0077
KRT8	KRT13	3	1	0
ACTB	KRT5	3	0.1658	0.6188
CTNNA1	KRT5	3	0.1045	0.6714
KRT8	KRT5	3	0.0408	0.7366
LMNA	KRT5	3	0.1491	0.6325
MAPRE3	KRT5	3	0.0742	0.6991
CTNNA1	PDIA4	3	0.0048	0.8361
MAPRE3	PDIA4	3	0.0062	0.8302
LMNA	ZNF35	3	0.2596	0.534
ACTB	TPT1	3	0.0134	0.8003
CTNNA1	TPT1	3	0.0187	0.7798
KRT8	TPT1	3	0.0258	0.7616
LMNA	TPT1	3	0.0598	0.7141
MAPRE3	TPT1	3	0.0025	0.8466
ACTB	LCP1	3	0.3333	0.3843
ACTB	PLS3	3	0.17	0.6155
CTNNA1	PLS3	3	0.0525	0.7218
KRT8	PLS3	3	0.1436	0.6372
LMNA	PLS3	3	0.0313	0.7508
MAPRE3	PLS3	3	0.0212	0.7721
ACTB	APEH	3	0.0075	0.8248
KRT8	APEH	3	0.0499	0.7253
KRT8	ETFA	3	0.6667	0.0712
ACTB	PRKAR2A	3	0.2117	0.5789
CTNNA1	PRKAR2A	3	0.0441	0.732
KRT8	PRKAR2A	3	0.0317	0.7499
LMNA	PRKAR2A	3	0.0771	0.6963
MAPRE3	PRKAR2A	3	0.0841	0.6893
ACTB	ANXA8	3	0.202	0.5876
KRT8	ANXA8	3	0.1409	0.6396
ACTB	GTF2F2	3	0.0009	0.856
KRT8	GTF2F2	3	0.0004	0.8609
LMNA	GTF2F2	3	0.0758	0.6976
MAPRE3	GTF2F2	3	0.0021	0.8485
ACTB	MIF	3	0.0168	0.7862
CTNNA1	MIF	3	0.0111	0.8104
KRT8	MIF	3	0.0311	0.7511
LMNA	MIF	3	0.0193	0.7779
MAPRE3	MIF	3	0.004	0.8397
ACTB	FDPS	3	0.0094	0.8174
CTNNA1	FDPS	3	0.0038	0.8404
KRT8	FDPS	3	0.084	0.6894
ACTB	TRIM27	3	0.0049	0.8357
KRT8	TRIM27	3	0.9955	0.0002
LMNA	TRIM27	3	0.0612	0.7128
ACTB	AKR1A1	3	0.0024	0.847
KRT8	AKR1A1	3	0.0079	0.8232
ACTB	PKM	3	0.0228	0.7685
CTNNA1	PKM	3	0.0138	0.7982
KRT8	PKM	3	0.0292	0.7544
LMNA	PKM	3	0.0193	0.7779
MAPRE3	PKM	3	0.0077	0.824
ACTB	ACYP2	3	0.0287	0.7554
CTNNA1	ACYP2	3	0.0291	0.7547
KRT8	ACYP2	3	0.008	0.8229
LMNA	ACYP2	3	0.0929	0.6813
MAPRE3	ACYP2	3	0.0302	0.7526
ACTB	HSP90B1	3	0.0485	0.7268
CTNNA1	HSP90B1	3	0.0185	0.7803
KRT8	HSP90B1	3	0.0221	0.77
LMNA	HSP90B1	3	0.0108	0.8115
MAPRE3	HSP90B1	3	0.0022	0.8481
ACTB	CCNB1	3	0.2568	0.5366
CTNNA1	CCNB1	3	0.0909	0.6831
KRT8	CCNB1	3	0.2665	0.5258
LMNA	CCNB1	3	0.0876	0.6859
MAPRE3	CCNB1	3	0.3946	0.2661
ACTB	SNRPB	3	0.0003	0.8621
KRT8	SNRPB	3	0.0004	0.8609
LMNA	SNRPB	3	0.0038	0.8404
MAPRE3	SNRPB	3	0.0005	0.8597
KRT8	IDE	3	0.3333	0.3843
LMNA	IDE	3	0.3333	0.3843
ACTB	HNRNPL	3	0.0146	0.795
CTNNA1	HNRNPL	3	0.0072	0.8261
KRT8	HNRNPL	3	0.0142	0.7968
LMNA	HNRNPL	3	0.0232	0.7677
MAPRE3	HNRNPL	3	0.0047	0.8366
ACTB	DARS1	3	0.0106	0.8123
CTNNA1	DARS1	3	0.0017	0.8509
ACTB	JUP	3	0.1389	0.6415
CTNNA1	JUP	3	0.2632	0.5302
KRT8	JUP	3	0.0674	0.7063
LMNA	JUP	3	0.06	0.7139
MAPRE3	JUP	3	0.0349	0.7454
LMNA	ETS2	3	0.9975	0.0001
ACTB	BRAF	3	0.004	0.8397
KRT8	BRAF	3	0.0565	0.7178
ACTB	GSPT1	3	0.2639	0.5297
CTNNA1	GSPT1	3	0.1158	0.6615
KRT8	GSPT1	3	0.2719	0.5199
LMNA	GSPT1	3	0.0504	0.7246
MAPRE3	GSPT1	3	0.1974	0.5913
ACTB	PGAM2	3	0.0644	0.7094
ACTB	EZR	3	0.3094	0.4783
CTNNA1	EZR	3	0.1515	0.6303
KRT8	EZR	3	0.3069	0.4803
LMNA	EZR	3	0.1303	0.6498
MAPRE3	EZR	3	0.2039	0.586
LMNA	ATF2	3	0.0702	0.7034
ACTB	FOSL1	3	0.0004	0.8609
LMNA	FOSL1	3	0.0399	0.7376
ACTB	FOSL2	3	0.0009	0.856
CTNNA1	FOSL2	3	0.0005	0.8597
LMNA	FOSL2	3	0.034	0.747
MAPRE3	FOSL2	3	0.0019	0.8497
ACTB	NME1	3	0.0135	0.7997
CTNNA1	NME1	3	0.011	0.8109
KRT8	NME1	3	0.0126	0.8036
LMNA	NME1	3	0.0188	0.7795
MAPRE3	NME1	3	0.0045	0.8375
ACTB	IGLL1	3	0.3333	0.3843
LMNA	HIVEP1	3	0.0164	0.7877
MAPRE3	HIVEP1	3	0.0002	0.8634
ACTB	RPS2	3	0.23	0.5619
CTNNA1	RPS2	3	0.0298	0.7532
KRT8	RPS2	3	0.2916	0.4976
LMNA	RPS2	3	0.1515	0.6303
MAPRE3	RPS2	3	0.0939	0.6806
LMNA	TCF3	3	0.3333	0.3843
ACTB	DSP	3	0.0806	0.6931
CTNNA1	DSP	3	0.0294	0.7539
KRT8	DSP	3	0.1708	0.6149
LMNA	DSP	3	0.0679	0.7059
MAPRE3	DSP	3	0.0187	0.7798
ACTB	CD44	3	0.0223	0.7697
CTNNA1	CD44	3	0.003	0.8442
KRT8	CD44	3	0.0011	0.8545
ACTB	ITGB4	3	0.019	0.7787
KRT8	ITGB4	3	0.0152	0.7929
ACTB	CBR1	3	0.0562	0.718
CTNNA1	CBR1	3	0.0126	0.8036
KRT8	CBR1	3	0.0114	0.8088
LMNA	CBR1	3	0.0117	0.8074
LMNA	CREB1	3	0.3333	0.3843
ACTB	NCK1	3	0.0346	0.7458
KRT8	NCK1	3	0.0797	0.6939
LMNA	NCK1	3	0.0008	0.8571
MAPRE3	NCK1	3	0.0036	0.8414
ACTB	H1-5	3	0.009	0.819
CTNNA1	H1-5	3	0.0103	0.8135
KRT8	H1-5	3	0.0062	0.8302
LMNA	H1-5	3	0.0373	0.7417
MAPRE3	H1-5	3	0.0107	0.8119
ACTB	H1-3	3	0.0103	0.8135
CTNNA1	H1-3	3	0.0166	0.787
KRT8	H1-3	3	0.0186	0.7799
LMNA	H1-3	3	0.1066	0.6689
MAPRE3	H1-3	3	0.0189	0.7791
ACTB	H1-2	3	0.0076	0.8244
CTNNA1	H1-2	3	0.0152	0.7929
KRT8	H1-2	3	0.0075	0.8248
LMNA	H1-2	3	0.046	0.7302
MAPRE3	H1-2	3	0.0123	0.805
KRT8	MGMT	3	0.3333	0.3843
LMNA	MGMT	3	0.6667	0.0712
ACTB	FER	3	0.1299	0.6501
KRT8	FER	3	0.2624	0.5314
ACTB	ATP2A2	3	0.1081	0.6676
CTNNA1	ATP2A2	3	0.036	0.7434
KRT8	ATP2A2	3	0.3813	0.285
LMNA	ATP2A2	3	0.1126	0.664
MAPRE3	ATP2A2	3	0.0418	0.7354
ACTB	STMN1	3	0.3767	0.2919
CTNNA1	STMN1	3	0.001	0.8552
KRT8	STMN1	3	0.3515	0.3449
LMNA	STMN1	3	0.0465	0.7295
MAPRE3	STMN1	3	0.0221	0.77
LMNA	ZNF24	3	0.9897	0.0008
LMNA	ZNF3	3	0.3333	0.3843
LMNA	ZNF8	3	0.4162	0.2431
KRT8	TMEM11	3	0.3333	0.3843
LMNA	TMEM11	3	0.3333	0.3843
KRT8	PRKCA	3	0.0509	0.7237
LMNA	PRKCA	3	0.1736	0.6118
ACTB	JUNB	3	0.0931	0.6812
CTNNA1	JUNB	3	0.0151	0.7933
KRT8	JUNB	3	0.0455	0.7307
LMNA	JUNB	3	0.2179	0.5739
ACTB	UBTF	3	0.0138	0.7982
CTNNA1	UBTF	3	0.1116	0.665
LMNA	UBTF	3	0.1491	0.6325
ACTB	JUND	3	0.0832	0.6902
LMNA	JUND	3	0.2598	0.5338
MAPRE3	JUND	3	0.0301	0.7527
ACTB	ATF7	3	0.0008	0.8571
KRT8	ATF7	3	0.0001	0.865
LMNA	ATF7	3	0.017	0.7854
ACTB	PRKACA	3	0.0124	0.8045
CTNNA1	PRKACA	3	0.0243	0.7654
KRT8	PRKACA	3	0.0339	0.747
LMNA	PRKACA	3	0.025	0.7637
MAPRE3	PRKACA	3	0.0099	0.8153
ACTB	CAPN2	3	0.0939	0.6806
KRT8	CAPN2	3	0.0982	0.6768
MAPRE3	CAPN2	3	0.0125	0.8041
KRT8	DES	3	0.3333	0.3843
ACTB	CEBPB	3	0.0066	0.8285
LMNA	CEBPB	3	0.3432	0.3622
ACTB	PTPN2	3	0.3333	0.3843
KRT8	PTPN2	3	0.6667	0.0712
LMNA	PTPN2	3	1	0
ACTB	CTPS1	3	0.1962	0.5924
CTNNA1	CTPS1	3	0.0449	0.7315
KRT8	CTPS1	3	0.2574	0.5359
LMNA	CTPS1	3	0.1412	0.6395
MAPRE3	CTPS1	3	0.1036	0.6723
ACTB	ENG	3	0.0028	0.8451
CTNNA1	ENG	3	0.0132	0.8011
KRT8	ENG	3	0.0028	0.8451
LMNA	ENG	3	0.0137	0.7987
ACTB	DDX5	3	0.062	0.7122
CTNNA1	DDX5	3	0.0138	0.7982
KRT8	DDX5	3	0.1015	0.674
LMNA	DDX5	3	0.2603	0.5332
MAPRE3	DDX5	3	0.051	0.7236
KRT8	PFKL	3	0.3333	0.3843
LMNA	PFKL	3	0.3333	0.3843
MAPRE3	PFKL	3	0.3333	0.3843
ACTB	PSMC3	3	0.0144	0.796
CTNNA1	PSMC3	3	0.0011	0.8545
KRT8	PSMC3	3	0.4202	0.2395
LMNA	PSMC3	3	0.0092	0.8184
MAPRE3	PSMC3	3	0.0045	0.8375
ACTB	TCP1	3	0.0776	0.6957
CTNNA1	TCP1	3	0.0134	0.8003
KRT8	TCP1	3	0.1136	0.6635
LMNA	TCP1	3	0.0959	0.6789
MAPRE3	TCP1	3	0.0097	0.8161
ACTB	PTPN1	3	0.0105	0.8127
KRT8	PTPN1	3	0.0045	0.8375
LMNA	PTPN1	3	0.8695	0.0125
MAPRE3	PTPN1	3	0.0018	0.8502
ACTB	ERCC2	3	0.0022	0.8481
KRT8	ERCC2	3	0.099	0.6761
ACTB	RPL35A	3	0.1436	0.6372
CTNNA1	RPL35A	3	0.0105	0.8127
KRT8	RPL35A	3	0.0479	0.7277
LMNA	RPL35A	3	0.0243	0.7654
MAPRE3	RPL35A	3	0.0314	0.7506
ACTB	ARF4	3	0.0679	0.7059
CTNNA1	ARF4	3	0.018	0.7818
KRT8	ARF4	3	0.3958	0.2627
LMNA	ARF4	3	0.1534	0.6286
MAPRE3	ARF4	3	0.0379	0.7406
ACTB	RPL7	3	0.1371	0.6431
CTNNA1	RPL7	3	0.0182	0.7811
KRT8	RPL7	3	0.0995	0.6756
LMNA	RPL7	3	0.0846	0.6884
MAPRE3	RPL7	3	0.0572	0.7171
ACTB	VCL	3	0.3717	0.305
CTNNA1	VCL	3	0.261	0.5325
KRT8	VCL	3	0.2246	0.5677
LMNA	VCL	3	0.0138	0.7982
MAPRE3	VCL	3	0.0983	0.6766
ACTB	SON	3	0.1789	0.6073
CTNNA1	SON	3	0.0295	0.7537
KRT8	SON	3	0.1506	0.6313
LMNA	SON	3	0.23	0.5619
MAPRE3	SON	3	0.0955	0.6793
ACTB	NELFE	3	0.1331	0.6465
KRT8	NELFE	3	0.1204	0.6576
LMNA	NELFE	3	0.2938	0.4949
MAPRE3	NELFE	3	0.1149	0.6626
ACTB	RPL17	3	0.1675	0.6172
CTNNA1	RPL17	3	0.0116	0.8077
KRT8	RPL17	3	0.0464	0.7296
LMNA	RPL17	3	0.0419	0.7351
MAPRE3	RPL17	3	0.0102	0.814
ACTB	RCC1	3	0.3333	0.3843
LMNA	RCC1	3	0.3333	0.3843
LMNA	ATF1	3	0.0116	0.8077
ACTB	ATF6	3	0.0141	0.7971
KRT8	ATF6	3	0.2988	0.4886
ACTB	LIG1	3	0.0002	0.8634
CTNNA1	LIG1	3	0	0.8672
KRT8	LIG1	3	0.0002	0.8634
LMNA	LIG1	3	0.0004	0.8609
LMNA	XRCC1	3	0.0176	0.7832
ACTB	KRT4	3	0.6675	0.0706
KRT8	KRT4	3	0.0026	0.846
ACTB	NCL	3	0.0222	0.7699
CTNNA1	NCL	3	0.0197	0.7764
KRT8	NCL	3	0.017	0.7854
LMNA	NCL	3	0.191	0.5976
MAPRE3	NCL	3	0.0865	0.687
ACTB	HK1	3	0.042	0.735
CTNNA1	HK1	3	0.0065	0.8289
KRT8	HK1	3	0.0165	0.7874
LMNA	HK1	3	0.1144	0.6629
MAPRE3	HK1	3	0.0158	0.7903
ACTB	NDUFV2	3	0.0467	0.7293
KRT8	NDUFV2	3	0.0178	0.7826
ACTB	ERCC3	3	0.0019	0.8497
LMNA	ERCC3	3	0.3397	0.3706
KRT8	TRIM21	3	0.0037	0.8409
ACTB	TFEB	3	0.0214	0.7713
KRT8	TFEB	3	0.0387	0.7392
MAPRE3	TFEB	3	0.0007	0.8579
ACTB	EIF2AK2	3	0.1112	0.6653
KRT8	EIF2AK2	3	0.2622	0.5316
LMNA	EIF2AK2	3	0.0125	0.8041
MAPRE3	EIF2AK2	3	0.0116	0.8077
ACTB	SRM	3	0.0082	0.8221
CTNNA1	SRM	3	0.0089	0.8194
KRT8	SRM	3	0.0192	0.7782
LMNA	SRM	3	0.0751	0.6984
MAPRE3	SRM	3	0.0016	0.8515
ACTB	RXRA	3	0.0085	0.8211
KRT8	RXRA	3	0.0058	0.8318
LMNA	RXRA	3	0.0074	0.8253
ACTB	NFKB1	3	0.0038	0.8404
KRT8	NFKB1	3	0.0208	0.7732
ACTB	ATP2B1	3	0.1488	0.633
CTNNA1	ATP2B1	3	0.0463	0.7298
KRT8	ATP2B1	3	0.2506	0.5436
LMNA	ATP2B1	3	0.0511	0.7234
ACTB	EIF2S2	3	0.0154	0.7921
KRT8	EIF2S2	3	0.0072	0.8261
LMNA	EIF2S2	3	0	0.8672
MAPRE3	EIF2S2	3	0.0008	0.8571
ACTB	BTF3	3	0.0109	0.8112
KRT8	BTF3	3	0.0322	0.7493
ACTB	MSH3	3	0.0047	0.8366
KRT8	MSH3	3	0.0024	0.847
LMNA	MSH3	3	0.0098	0.8157
MAPRE3	MSH3	3	0	0.8672
ACTB	LMNB1	3	0.0021	0.8485
KRT8	LMNB1	3	0.0023	0.8475
LMNA	LMNB1	3	1	0
ACTB	CAST	3	0.1927	0.5955
CTNNA1	CAST	3	0.0714	0.7022
KRT8	CAST	3	0.3427	0.3627
LMNA	CAST	3	0.0794	0.6941
MAPRE3	CAST	3	0.1378	0.6426
ACTB	FLG	3	0.3852	0.2787
LMNA	FLG	3	0.1545	0.6272
ACTB	RASA1	3	0.0424	0.7345
CTNNA1	RASA1	3	0.0005	0.8597
KRT8	RASA1	3	0.0213	0.7717
LMNA	RASA1	3	0.0033	0.8429
MAPRE3	RASA1	3	0.0019	0.8497
ACTB	CDK11B	3	0.0137	0.7987
KRT8	CDK11B	3	0.0328	0.7484
LMNA	CDK11B	3	0.2258	0.5667
MAPRE3	CDK11B	3	0.0067	0.8281
ACTB	GSTM3	3	0.0151	0.7933
CTNNA1	GSTM3	3	0.0285	0.756
KRT8	GSTM3	3	0.0153	0.7926
LMNA	GSTM3	3	0.0176	0.7832
MAPRE3	GSTM3	3	0.0115	0.8082
ACTB	ATP6V1C1	3	0.0028	0.8451
KRT8	ATP6V1C1	3	0.005	0.8352
LMNA	ATP6V1C1	3	0.0004	0.8609
ACTB	CSRP1	3	0.3812	0.2858
CTNNA1	CSRP1	3	0.0647	0.7091
KRT8	CSRP1	3	0.3156	0.4704
LMNA	CSRP1	3	0.2005	0.5886
MAPRE3	CSRP1	3	0.1517	0.63
ACTB	FLNA	3	0.3188	0.4664
CTNNA1	FLNA	3	0.1051	0.6706
KRT8	FLNA	3	0.2531	0.5406
LMNA	FLNA	3	0.0711	0.7026
MAPRE3	FLNA	3	0.1529	0.6288
ACTB	NF1	3	0.0129	0.8025
CTNNA1	NF1	3	0.001	0.8552
KRT8	NF1	3	0.05	0.7251
LMNA	NF1	3	0.0005	0.8597
MAPRE3	NF1	3	0.0024	0.847
KRT8	ACO1	3	0.0024	0.847
ACTB	VDAC1	3	0.0127	0.8033
CTNNA1	VDAC1	3	0.0051	0.8347
KRT8	VDAC1	3	0.0673	0.7064
LMNA	VDAC1	3	0.3347	0.3812
ACTB	COMT	3	0.0032	0.8433
ACTB	TGM2	3	0.2605	0.5331
CTNNA1	TGM2	3	0.028	0.7568
KRT8	TGM2	3	0.3156	0.4704
MAPRE3	TGM2	3	0.0235	0.767
ACTB	PCMT1	3	0.0177	0.7828
CTNNA1	PCMT1	3	0.0157	0.7907
KRT8	PCMT1	3	0.0181	0.7814
LMNA	PCMT1	3	0.0255	0.7624
MAPRE3	PCMT1	3	0.0055	0.833
ACTB	FBL	3	0.0636	0.7102
CTNNA1	FBL	3	0.0676	0.7061
KRT8	FBL	3	0.079	0.6947
LMNA	FBL	3	0.2601	0.5337
MAPRE3	FBL	3	0.0132	0.8011
ACTB	GART	3	0.179	0.6072
CTNNA1	GART	3	0.0325	0.7487
KRT8	GART	3	0.1803	0.6062
LMNA	GART	3	0.0794	0.6941
MAPRE3	GART	3	0.0282	0.7564
ACTB	PAICS	3	0.3412	0.3654
CTNNA1	PAICS	3	0.1484	0.6333
KRT8	PAICS	3	0.2971	0.491
LMNA	PAICS	3	0.0972	0.6778
MAPRE3	PAICS	3	0.2363	0.5568
ACTB	UBA1	3	0.0093	0.8179
CTNNA1	UBA1	3	0.012	0.8063
KRT8	UBA1	3	0.0093	0.8179
LMNA	UBA1	3	0.0114	0.8088
MAPRE3	UBA1	3	0.0028	0.8451
ACTB	NME2	3	0.0034	0.8424
KRT8	NME2	3	0.0446	0.7318
ACTB	HNRNPA2B1	3	0.0852	0.6878
CTNNA1	HNRNPA2B1	3	0.0159	0.7897
KRT8	HNRNPA2B1	3	0.075	0.6985
LMNA	HNRNPA2B1	3	0.2928	0.4963
MAPRE3	HNRNPA2B1	3	0.0475	0.7281
ACTB	CBL	3	0.0097	0.8161
KRT8	CBL	3	0.0202	0.7751
MAPRE3	CBL	3	0.0017	0.8509
CTNNA1	PRKACB	3	0.01	0.8148
KRT8	PRKACB	3	0.1058	0.6699
ACTB	UQCRC2	3	0.0477	0.7279
CTNNA1	UQCRC2	3	0.0287	0.7554
KRT8	UQCRC2	3	0.0226	0.769
LMNA	UQCRC2	3	0.0348	0.7455
ACTB	TGM1	3	0.3032	0.4827
KRT8	TCEA1	3	0.3333	0.3843
LMNA	TCEA1	3	1	0
ACTB	SFPQ	3	0.1644	0.6197
CTNNA1	SFPQ	3	0.0009	0.856
KRT8	SFPQ	3	0.1547	0.6267
LMNA	SFPQ	3	0.2657	0.5272
MAPRE3	SFPQ	3	0.1194	0.6582
KRT8	TUBG1	3	0.0048	0.8361
ACTB	PPIB	3	0.019	0.7787
CTNNA1	PPIB	3	0.6361	0.1363
KRT8	PPIB	3	0.0388	0.739
LMNA	PPIB	3	0.0111	0.8104
MAPRE3	PPIB	3	0.0333	0.7478
ACTB	WARS1	3	0.011	0.8109
KRT8	WARS1	3	0.0126	0.8036
LMNA	WARS1	3	0.0025	0.8466
MAPRE3	WARS1	3	0.0011	0.8545
ACTB	RPS3	3	0.0916	0.6824
CTNNA1	RPS3	3	0.0232	0.7677
KRT8	RPS3	3	0.2106	0.5801
LMNA	RPS3	3	0.1416	0.639
MAPRE3	RPS3	3	0.0468	0.7291
ACTB	RPS6KB1	3	0.0063	0.8298
KRT8	RPS6KB1	3	0.0024	0.847
KRT8	JAK1	3	0.3333	0.3843
LMNA	SP100	3	0.7389	0.0368
ACTB	MCC	3	0.0276	0.7578
KRT8	MCC	3	0.122	0.6565
MAPRE3	MCC	3	0.0003	0.8621
ACTB	AHCY	3	0.1882	0.5999
CTNNA1	AHCY	3	0.0215	0.7712
KRT8	AHCY	3	0.1698	0.6158
LMNA	AHCY	3	0.0489	0.7263
MAPRE3	AHCY	3	0.0357	0.7441
ACTB	CFL1	3	0.0095	0.817
CTNNA1	CFL1	3	0.0096	0.8166
KRT8	CFL1	3	0.0183	0.7807
LMNA	CFL1	3	0.0161	0.789
MAPRE3	CFL1	3	0.0057	0.8322
ACTB	EIF4B	3	0.3558	0.3347
CTNNA1	EIF4B	3	0.1715	0.6143
KRT8	EIF4B	3	0.3585	0.3278
LMNA	EIF4B	3	0.1737	0.6114
MAPRE3	EIF4B	3	0.2898	0.4995
ACTB	RRM1	3	0.007	0.8268
CTNNA1	RRM1	3	0.0143	0.7965
KRT8	RRM1	3	0.0207	0.7735
LMNA	RRM1	3	0.0126	0.8036
MAPRE3	RRM1	3	0.0027	0.8456
ACTB	PRTN3	3	0.3333	0.3843
KRT8	PRTN3	3	0.3333	0.3843
ACTB	KDELR1	3	0.0699	0.7037
CTNNA1	KDELR1	3	0.0006	0.8588
KRT8	KDELR1	3	0.0573	0.7168
LMNA	KDELR1	3	0.0008	0.8571
ACTB	EEF1B2	3	0.1977	0.5911
CTNNA1	EEF1B2	3	0.0569	0.7174
KRT8	EEF1B2	3	0.1672	0.6175
LMNA	EEF1B2	3	0.0283	0.7563
MAPRE3	EEF1B2	3	0.0823	0.6914
ACTB	ACP1	3	0.0208	0.7732
CTNNA1	ACP1	3	0.0131	0.8017
KRT8	ACP1	3	0.0453	0.7311
KRT8	ACAT1	3	0.0241	0.7658
ACTB	POLR2A	3	0.0002	0.8634
KRT8	POLR2A	3	0.0002	0.8634
LMNA	POLR2A	3	0.0016	0.8515
MAPRE3	POLR2A	3	0	0.8672
ACTB	CDK2	3	0.0092	0.8184
KRT8	CDK2	3	0.3677	0.3126
LMNA	CDK2	3	0.0327	0.7485
ACTB	APC	3	0.0137	0.7987
CTNNA1	APC	3	0.2061	0.5837
KRT8	APC	3	0.0468	0.7291
LMNA	APC	3	0.0009	0.856
MAPRE3	APC	3	0.0195	0.7772
ACTB	GRK2	3	0.6713	0.0653
KRT8	GRK2	3	0.1665	0.6182
MAPRE3	GRK2	3	0.0041	0.8393
ACTB	MCM3	3	0.1231	0.6557
CTNNA1	MCM3	3	0.0134	0.8003
KRT8	MCM3	3	0.1252	0.6535
LMNA	MCM3	3	0.1887	0.5993
MAPRE3	MCM3	3	0.031	0.7514
ACTB	AZGP1	3	0.3375	0.3763
ACTB	RPS12	3	0.0135	0.7997
CTNNA1	RPS12	3	0.0167	0.7866
KRT8	RPS12	3	0.0142	0.7968
LMNA	RPS12	3	0.0108	0.8115
MAPRE3	RPS12	3	0.0087	0.8203
LMNA	YY1	3	0.0124	0.8045
ACTB	DNAJB1	3	0.0895	0.6839
KRT8	DNAJB1	3	0.0754	0.698
LMNA	DNAJB1	3	0.0013	0.8533
ACTB	ATP5F1A	3	0.0791	0.6945
CTNNA1	ATP5F1A	3	0.0185	0.7803
KRT8	ATP5F1A	3	0.2694	0.5229
LMNA	ATP5F1A	3	0.0822	0.6916
MAPRE3	ATP5F1A	3	0.0302	0.7526
ACTB	PSMA2	3	0.0133	0.8007
KRT8	PSMA2	3	0.0079	0.8232
ACTB	PSMA4	3	0.2715	0.5206
CTNNA1	PSMA4	3	0.0515	0.7227
KRT8	PSMA4	3	0.2947	0.4935
LMNA	PSMA4	3	0.1771	0.6086
MAPRE3	PSMA4	3	0.1294	0.6508
ACTB	MSN	3	0.514	0.1772
CTNNA1	MSN	3	0.0611	0.7129
KRT8	MSN	3	0.3093	0.4784
LMNA	MSN	3	0.192	0.5961
MAPRE3	MSN	3	0.1149	0.6626
ACTB	DDX6	3	0.0033	0.8429
CTNNA1	DDX6	3	0	0.8672
KRT8	DDX6	3	0.0075	0.8248
LMNA	DDX6	3	0.0001	0.865
MAPRE3	DDX6	3	0.0017	0.8509
ACTB	CTNNA2	3	0.0177	0.7828
CTNNA1	CTNNA2	3	1	0
KRT8	CTNNA2	3	0.013	0.8021
LMNA	CTNNA2	3	0.0061	0.8305
MAPRE3	CTNNA2	3	0.0032	0.8433
ACTB	DNMT1	3	0.0271	0.7589
KRT8	DNMT1	3	0.0019	0.8497
LMNA	DNMT1	3	0.0077	0.824
MAPRE3	DNMT1	3	0.0008	0.8571
ACTB	U2AF2	3	0.1715	0.6143
CTNNA1	U2AF2	3	0.0314	0.7506
KRT8	U2AF2	3	0.1146	0.6628
LMNA	U2AF2	3	0.272	0.5198
MAPRE3	U2AF2	3	0.1035	0.6723
ACTB	RPL13	3	0.0963	0.6787
CTNNA1	RPL13	3	0.0176	0.7832
KRT8	RPL13	3	0.0295	0.7537
LMNA	RPL13	3	0.068	0.7058
MAPRE3	RPL13	3	0.0235	0.767
ACTB	S100A4	3	0.0211	0.7724
CTNNA1	S100A4	3	0.0115	0.8082
KRT8	S100A4	3	0.0326	0.7486
LMNA	S100A4	3	0.0619	0.7123
MAPRE3	S100A4	3	0.0101	0.8144
ACTB	PTBP1	3	0.0093	0.8179
CTNNA1	PTBP1	3	0.0122	0.8053
KRT8	PTBP1	3	0.0099	0.8153
LMNA	PTBP1	3	0.0135	0.7997
MAPRE3	PTBP1	3	0.0027	0.8456
ACTB	TARS1	3	0.2778	0.5132
CTNNA1	TARS1	3	0.0346	0.7458
KRT8	TARS1	3	0.2815	0.5084
LMNA	TARS1	3	0.0204	0.7744
MAPRE3	TARS1	3	0.1673	0.6174
ACTB	VARS1	3	0.2902	0.4993
CTNNA1	VARS1	3	0.1277	0.6518
KRT8	VARS1	3	0.2718	0.5201
LMNA	VARS1	3	0.132	0.6475
MAPRE3	VARS1	3	0.2156	0.576
ACTB	EEF1G	3	0.0304	0.7525
CTNNA1	EEF1G	3	0.0104	0.8132
KRT8	EEF1G	3	0.0307	0.752
LMNA	EEF1G	3	0.0083	0.8218
MAPRE3	EEF1G	3	0.007	0.8268
ACTB	STOM	3	0.059	0.7152
CTNNA1	STOM	3	0.0001	0.865
KRT8	STOM	3	0.0686	0.705
LMNA	STOM	3	0.5783	0.1507
MAPRE3	STOM	3	0.0202	0.7751
ACTB	YWHAQ	3	0.0332	0.7479
CTNNA1	YWHAQ	3	0.0135	0.7997
KRT8	YWHAQ	3	0.0343	0.7464
LMNA	YWHAQ	3	0.1437	0.6369
MAPRE3	YWHAQ	3	0.0099	0.8153
ACTB	MAPK3	3	0.0122	0.8053
KRT8	MAPK3	3	0.0044	0.8379
ACTB	ARNT	3	0.0006	0.8588
KRT8	ARNT	3	0.3333	0.3843
LMNA	ARNT	3	0.1449	0.6361
ACTB	RPL10	3	0.0412	0.7361
CTNNA1	RPL10	3	0.0134	0.8003
KRT8	RPL10	3	0.0806	0.6931
LMNA	RPL10	3	0.0495	0.7257
MAPRE3	RPL10	3	0.017	0.7854
ACTB	RPA1	3	0.1768	0.6087
CTNNA1	RPA1	3	0.0672	0.7065
KRT8	RPA1	3	0.1779	0.608
LMNA	RPA1	3	0.3505	0.3481
MAPRE3	RPA1	3	0.1741	0.611
ACTB	CAD	3	0.1926	0.5957
CTNNA1	CAD	3	0.0391	0.7386
KRT8	CAD	3	0.3249	0.4613
LMNA	CAD	3	0.1599	0.6232
MAPRE3	CAD	3	0.0949	0.6798
ACTB	MAP4	3	0.2405	0.5533
CTNNA1	MAP4	3	0.1398	0.6407
KRT8	MAP4	3	0.251	0.5431
LMNA	MAP4	3	0.0747	0.6987
MAPRE3	MAP4	3	0.3311	0.4533
ACTB	CANX	3	0.122	0.6565
CTNNA1	CANX	3	0.0072	0.8261
KRT8	CANX	3	0.0826	0.6909
LMNA	CANX	3	0.2158	0.5758
MAPRE3	CANX	3	0.0296	0.7535
ACTB	PSMB4	3	0.3291	0.4557
KRT8	PSMB4	3	0.6492	0.1317
LMNA	PSMB4	3	0.9999	0
ACTB	ABCD3	3	0.0118	0.8069
KRT8	ABCD3	3	0.7639	0.0301
LMNA	ABCD3	3	0.0148	0.7943
MAPRE3	ABCD3	3	0.0024	0.847
ACTB	TMOD1	3	0.2823	0.5073
ACTB	ITPRID2	3	0.3168	0.4689
CTNNA1	ITPRID2	3	0.1774	0.6083
KRT8	ITPRID2	3	0.3813	0.285
LMNA	ITPRID2	3	0.2098	0.5806
MAPRE3	ITPRID2	3	0.2064	0.5835
ACTB	NDUFS1	3	0.0501	0.725
CTNNA1	NDUFS1	3	0.0021	0.8485
KRT8	NDUFS1	3	0.2758	0.5157
LMNA	NDUFS1	3	0.0339	0.747
ACTB	POLD1	3	0.0022	0.8481
KRT8	POLD1	3	0.002	0.8491
LMNA	POLD1	3	0.0162	0.7886
MAPRE3	POLD1	3	0.0002	0.8634
ACTB	SMARCA1	3	0.0006	0.8588
KRT8	SMARCA1	3	0.0058	0.8318
LMNA	SMARCA1	3	0.0273	0.7584
MAPRE3	SMARCA1	3	0.0001	0.865
ACTB	ERCC5	3	0.001	0.8552
KRT8	ERCC5	3	0.0004	0.8609
LMNA	ERCC5	3	0.0691	0.7044
LMNA	GTF2E1	3	0.3866	0.2767
LMNA	GTF2E2	3	0.6493	0.1313
ACTB	TPP2	3	0.0023	0.8475
CTNNA1	TPP2	3	0.0357	0.7441
KRT8	TPP2	3	0.0812	0.6927
MAPRE3	TPP2	3	0.0548	0.7195
LMNA	EPHA3	3	0.003	0.8442
ACTB	SHC1	3	0.2477	0.5469
CTNNA1	SHC1	3	0.0991	0.6759
KRT8	SHC1	3	0.298	0.4899
LMNA	SHC1	3	0.0608	0.7132
MAPRE3	SHC1	3	0.1015	0.674
ACTB	ARID4A	3	0.0063	0.8298
CTNNA1	ARID4A	3	0.0064	0.8295
LMNA	ARID4A	3	0.0002	0.8634
LMNA	KDM5A	3	0.0039	0.84
ACTB	TKT	3	0.1411	0.6396
CTNNA1	TKT	3	0.0156	0.7913
KRT8	TKT	3	0.1715	0.6143
LMNA	TKT	3	0.2113	0.5796
MAPRE3	TKT	3	0.0498	0.7255
ACTB	SERPINB3	3	0.3333	0.3843
MAPRE3	SERPINB3	3	0.006	0.831
ACTB	RBMS1	3	0.0046	0.8372
KRT8	RBMS1	3	0.0113	0.8094
MAPRE3	RBMS1	3	0.0008	0.8571
ACTB	PML	3	0.001	0.8552
LMNA	PML	3	0.1265	0.6529
MAPRE3	PML	3	0.002	0.8491
ACTB	EEF1D	3	0.2937	0.495
CTNNA1	EEF1D	3	0.1187	0.659
KRT8	EEF1D	3	0.2663	0.5261
LMNA	EEF1D	3	0.069	0.7045
MAPRE3	EEF1D	3	0.2308	0.5615
ACTB	MARCKS	3	0.0526	0.7216
CTNNA1	MARCKS	3	0.005	0.8352
KRT8	MARCKS	3	0.0615	0.7126
LMNA	MARCKS	3	0.0259	0.7613
MAPRE3	MARCKS	3	0.0016	0.8515
ACTB	ERP29	3	0.1653	0.6192
CTNNA1	ERP29	3	0.037	0.742
ACTB	PRDX6	3	0.0653	0.7081
CTNNA1	PRDX6	3	0.0158	0.7903
KRT8	PRDX6	3	0.0524	0.7219
LMNA	PRDX6	3	0.031	0.7514
MAPRE3	PRDX6	3	0.0093	0.8179
ACTB	PRDX5	3	0.0242	0.7655
CTNNA1	PRDX5	3	0.0129	0.8025
KRT8	PRDX5	3	0.0494	0.7258
LMNA	PRDX5	3	0.039	0.7388
MAPRE3	PRDX5	3	0.0134	0.8003
ACTB	PRDX3	3	0.0121	0.8057
CTNNA1	PRDX3	3	0.0168	0.7862
KRT8	PRDX3	3	0.0112	0.8098
LMNA	PRDX3	3	0.0145	0.7955
MAPRE3	PRDX3	3	0.0093	0.8179
ACTB	RPL12	3	0.0056	0.8326
CTNNA1	RPL12	3	0.0149	0.794
KRT8	RPL12	3	0.0108	0.8115
LMNA	RPL12	3	0.0149	0.794
ACTB	ECHS1	3	0.0798	0.6938
KRT8	ECHS1	3	0.0873	0.6863
ACTB	CMPK1	3	0.172	0.6135
KRT8	CMPK1	3	0.1512	0.6308
LMNA	CMPK1	3	0.1416	0.639
MAPRE3	CMPK1	3	0.0182	0.7811
ACTB	PDIA3	3	0.0056	0.8326
CTNNA1	PDIA3	3	0.008	0.8229
KRT8	PDIA3	3	0.0054	0.8334
LMNA	PDIA3	3	0.0091	0.8188
MAPRE3	PDIA3	3	0.0007	0.8579
ACTB	PPP2R1A	3	0.1723	0.613
CTNNA1	PPP2R1A	3	0.1147	0.6627
KRT8	PPP2R1A	3	0.1727	0.6126
LMNA	PPP2R1A	3	0.241	0.5526
MAPRE3	PPP2R1A	3	0.0406	0.7368
ACTB	CDC27	3	0.0008	0.8571
KRT8	CDC27	3	0.0047	0.8366
LMNA	CDC27	3	0.0013	0.8533
MAPRE3	CDC27	3	0.0305	0.7523
LMNA	WEE1	3	0.8753	0.0114
ACTB	CDC25C	3	0.0111	0.8104
CTNNA1	CDC25C	3	0	0.8672
KRT8	CDC25C	3	0.028	0.7568
LMNA	CDC25C	3	0.0005	0.8597
MAPRE3	CDC25C	3	0.0036	0.8414
MAPRE3	NKTR	3	0.3333	0.3843
ACTB	NMT1	3	0.0107	0.8119
KRT8	NMT1	3	0.0065	0.8289
ACTB	HMOX2	3	0.0007	0.8579
KRT8	HMOX2	3	0.0061	0.8305
LMNA	HMOX2	3	0.0189	0.7791
ACTB	AXL	3	0.0022	0.8481
KRT8	AXL	3	0.0044	0.8379
ACTB	ADSL	3	0.2633	0.53
KRT8	ADSL	3	0.2251	0.5671
LMNA	ADSL	3	0.0463	0.7298
ACTB	CLIP1	3	0.0132	0.8011
CTNNA1	CLIP1	3	0.0007	0.8579
KRT8	CLIP1	3	0.0128	0.8029
MAPRE3	CLIP1	3	0.9993	0
ACTB	SRI	3	0.0157	0.7907
CTNNA1	SRI	3	0.0649	0.7088
MAPRE3	SRI	3	0.0127	0.8033
ACTB	SERPINB1	3	0.1948	0.5935
CTNNA1	SERPINB1	3	0.0532	0.7212
KRT8	SERPINB1	3	0.0064	0.8295
LMNA	SERPINB1	3	0.004	0.8397
MAPRE3	SERPINB1	3	0.0013	0.8533
ACTB	ALDH1B1	3	0.1011	0.6745
KRT8	ALDH1B1	3	0.0984	0.6765
MAPRE3	ALDH1B1	3	0.0053	0.8338
ACTB	ALDH3A1	3	0.2407	0.5529
ACTB	POLR2B	3	0.0121	0.8057
CTNNA1	POLR2B	3	0	0.8672
KRT8	POLR2B	3	0.0238	0.7664
LMNA	POLR2B	3	0.0036	0.8414
MAPRE3	POLR2B	3	0.0019	0.8497
ACTB	LCN1	3	0.3333	0.3843
ACTB	SDHA	3	0.0419	0.7351
CTNNA1	SDHA	3	0.0099	0.8153
KRT8	SDHA	3	0.2186	0.573
LMNA	SDHA	3	0.0246	0.7648
MAPRE3	SDHA	3	0.0013	0.8533
ACTB	MAT2A	3	0.0189	0.7791
CTNNA1	MAT2A	3	0.006	0.831
KRT8	MAT2A	3	0.0569	0.7174
LMNA	MAT2A	3	0.0257	0.7618
MAPRE3	MAT2A	3	0.0069	0.8272
ACTB	CPS1	3	0.0737	0.6997
CTNNA1	CPS1	3	0.0085	0.8211
KRT8	CPS1	3	0.1316	0.6479
LMNA	CPS1	3	0.0861	0.6872
MAPRE3	CPS1	3	0.0063	0.8298
ACTB	RRM2	3	0.1883	0.5997
CTNNA1	RRM2	3	0.0147	0.7947
KRT8	RRM2	3	0.237	0.5561
LMNA	RRM2	3	0.0301	0.7527
MAPRE3	RRM2	3	0.0598	0.7141
ACTB	HIVEP2	3	0.0005	0.8597
KRT8	HIVEP2	3	0.0714	0.7022
ACTB	DNAJA1	3	0.0882	0.6853
CTNNA1	DNAJA1	3	0.0107	0.8119
KRT8	DNAJA1	3	0.245	0.5496
LMNA	DNAJA1	3	0.129	0.6512
MAPRE3	DNAJA1	3	0.0087	0.8203
ACTB	AKT2	3	0.0048	0.8361
KRT8	AKT2	3	0.178	0.6079
LMNA	AKT2	3	0.001	0.8552
ACTB	UQCRC1	3	0.0123	0.805
CTNNA1	UQCRC1	3	0.0161	0.789
KRT8	UQCRC1	3	0.0075	0.8248
LMNA	UQCRC1	3	0.015	0.7937
MAPRE3	UQCRC1	3	0.0071	0.8264
ACTB	ATIC	3	0.0053	0.8338
KRT8	ATIC	3	0.011	0.8109
ACTB	HNRNPH3	3	0.0042	0.8388
KRT8	HNRNPH3	3	0.0072	0.8261
LMNA	HNRNPH3	3	0.0601	0.7138
MAPRE3	HNRNPH3	3	0.001	0.8552
ACTB	HNRNPH1	3	0.0524	0.7219
CTNNA1	HNRNPH1	3	0.015	0.7937
KRT8	HNRNPH1	3	0.0684	0.7053
LMNA	HNRNPH1	3	0.1925	0.5957
MAPRE3	HNRNPH1	3	0.0177	0.7828
ACTB	CASP14	3	0.3177	0.4675
CTNNA1	CASP14	3	0.0228	0.7685
LMNA	CASP14	3	0.0649	0.7088
ACTB	YWHAB	3	0.2321	0.5606
CTNNA1	YWHAB	3	0.0354	0.7448
KRT8	YWHAB	3	0.2476	0.547
LMNA	YWHAB	3	0.1462	0.6351
MAPRE3	YWHAB	3	0.1468	0.6345
ACTB	SFN	3	0.0228	0.7685
LMNA	SFN	3	0.1007	0.6749
MAPRE3	SFN	3	0.0261	0.7608
ACTB	STIP1	3	0.0812	0.6927
CTNNA1	STIP1	3	0.0076	0.8244
KRT8	STIP1	3	0.0795	0.694
LMNA	STIP1	3	0.0868	0.6867
MAPRE3	STIP1	3	0.0107	0.8119
ACTB	S100A11	3	0.1577	0.625
CTNNA1	S100A11	3	0.0073	0.8256
KRT8	S100A11	3	0.0807	0.693
LMNA	S100A11	3	0.0536	0.7208
MAPRE3	S100A11	3	0.0736	0.6997
ACTB	INPP5B	3	0.0256	0.7621
KRT8	INPP5B	3	0.0125	0.8041
LMNA	INPP5B	3	0.0035	0.8419
ACTB	PRDX2	3	0.0668	0.7068
CTNNA1	PRDX2	3	0.0146	0.795
KRT8	PRDX2	3	0.0649	0.7088
LMNA	PRDX2	3	0.0698	0.7038
MAPRE3	PRDX2	3	0.0097	0.8161
ACTB	CDA	3	0.0008	0.8571
CTNNA1	CDA	3	0.0287	0.7554
LMNA	CDA	3	0.0121	0.8057
MAPRE3	CDA	3	0.0124	0.8045
CTNNA1	DCTD	3	0.0028	0.8451
ACTB	PYCR1	3	0.1795	0.6066
KRT8	PYCR1	3	0.3628	0.3213
LMNA	PYCR1	3	0.0168	0.7862
ACTB	GBP1	3	0.0003	0.8621
KRT8	GBP1	3	0.0026	0.846
ACTB	GTF2H1	3	0.4158	0.2445
KRT8	GTF2H1	3	0.4537	0.2108
LMNA	GTF2H1	3	0.14	0.6404
ACTB	RPL9	3	0.037	0.742
CTNNA1	RPL9	3	0.0097	0.8161
KRT8	RPL9	3	0.5139	0.1777
LMNA	RPL9	3	0.2619	0.5321
MAPRE3	RPL9	3	0.0113	0.8094
ACTB	KIF5B	3	0.3105	0.477
CTNNA1	KIF5B	3	0.1589	0.6241
KRT8	KIF5B	3	0.3229	0.4626
LMNA	KIF5B	3	0.1301	0.65
MAPRE3	KIF5B	3	0.2622	0.5316
ACTB	CSTF2	3	0.263	0.5305
CTNNA1	CSTF2	3	0.0838	0.6896
KRT8	CSTF2	3	0.2606	0.533
LMNA	CSTF2	3	0.298	0.4899
MAPRE3	CSTF2	3	0.2255	0.5668
ACTB	DUT	3	0.0085	0.8211
CTNNA1	DUT	3	0.0134	0.8003
KRT8	DUT	3	0.0062	0.8302
LMNA	DUT	3	0.0144	0.796
MAPRE3	DUT	3	0.0042	0.8388
ACTB	ABCC1	3	0.1536	0.6282
KRT8	ABCC1	3	0.0968	0.6782
ACTB	ABCD1	3	0.0043	0.8384
KRT8	ABCD1	3	0.016	0.7893
LMNA	ABCD1	3	0.0022	0.8481
MAPRE3	ABCD1	3	0.0003	0.8621
ACTB	KDELR2	3	0.1894	0.5987
CTNNA1	KDELR2	3	0.031	0.7514
KRT8	KDELR2	3	0.3548	0.3362
LMNA	KDELR2	3	0.159	0.6239
MAPRE3	KDELR2	3	0.0891	0.6845
ACTB	TTK	3	0.0156	0.7913
CTNNA1	TTK	3	0.0004	0.8609
KRT8	TTK	3	0.0288	0.7551
LMNA	TTK	3	0.0074	0.8253
MAPRE3	TTK	3	0.0105	0.8127
ACTB	MCM4	3	0.01	0.8148
KRT8	MCM4	3	0.0159	0.7897
LMNA	MCM4	3	0.3434	0.3616
MAPRE3	MCM4	3	0.0003	0.8621
ACTB	MCM5	3	0.0408	0.7366
KRT8	MCM5	3	0.1384	0.6419
LMNA	MCM5	3	0.1535	0.6284
MAPRE3	MCM5	3	0.0285	0.756
ACTB	MCM7	3	0.2024	0.5872
CTNNA1	MCM7	3	0.0719	0.7017
KRT8	MCM7	3	0.2999	0.4871
LMNA	MCM7	3	0.2509	0.5432
MAPRE3	MCM7	3	0.1598	0.6233
ACTB	SHMT1	3	0.0728	0.7005
CTNNA1	SHMT1	3	0.0112	0.8098
KRT8	SHMT1	3	0.5296	0.1698
LMNA	SHMT1	3	0.0996	0.6756
MAPRE3	SHMT1	3	0.0138	0.7982
KRT8	SHMT2	3	0.6667	0.0712
ACTB	HSPA4	3	0.005	0.8352
KRT8	HSPA4	3	0.0024	0.847
LMNA	HSPA4	3	0.0034	0.8424
ACTB	PRSS3	3	0.0053	0.8338
CTNNA1	PRSS3	3	0.0195	0.7772
KRT8	PRSS3	3	0.02	0.7755
LMNA	PRSS3	3	0.0142	0.7968
MAPRE3	PRSS3	3	0.0101	0.8144
ACTB	PFN2	3	0.0171	0.7851
CTNNA1	PFN2	3	0.0247	0.7645
KRT8	PFN2	3	0.0167	0.7866
LMNA	PFN2	3	0.0222	0.7699
MAPRE3	PFN2	3	0.0137	0.7987
ACTB	CTNNA1	3	0.273	0.5192
CTNNA1	CTNNA1	3	0.7271	0.0418
KRT8	CTNNA1	3	0.2133	0.5776
LMNA	CTNNA1	3	0.1304	0.6495
MAPRE3	CTNNA1	3	0.1444	0.6364
ACTB	CTNNB1	3	0.2248	0.5674
CTNNA1	CTNNB1	3	0.4778	0.1945
KRT8	CTNNB1	3	0.1723	0.613
LMNA	CTNNB1	3	0.0792	0.6944
MAPRE3	CTNNB1	3	0.2142	0.577
ACTB	PHB	3	0.1173	0.6603
CTNNA1	PHB	3	0.0341	0.7467
KRT8	PHB	3	0.119	0.6586
LMNA	PHB	3	0.0901	0.6835
MAPRE3	PHB	3	0.0459	0.7302
ACTB	SERPINB6	3	0.0144	0.796
CTNNA1	SERPINB6	3	0.0271	0.7589
KRT8	SERPINB6	3	0.0156	0.7913
LMNA	SERPINB6	3	0.0202	0.7751
MAPRE3	SERPINB6	3	0.0074	0.8253
ACTB	NF2	3	0.0163	0.7882
CTNNA1	NF2	3	0.0095	0.817
KRT8	NF2	3	0.0153	0.7926
LMNA	NF2	3	0.0001	0.865
MAPRE3	NF2	3	0.0071	0.8264
ACTB	RDX	3	0.1665	0.6182
KRT8	RDX	3	0.0041	0.8393
ACTB	RFC4	3	0.1907	0.5979
KRT8	RFC4	3	0.2443	0.5502
LMNA	RFC4	3	0.2179	0.5739
ACTB	RFC2	3	0.0235	0.767
KRT8	RFC2	3	0.0278	0.7573
LMNA	RFC2	3	0.1911	0.5972
MAPRE3	RFC2	3	0.0039	0.84
ACTB	RFC1	3	0.0003	0.8621
KRT8	RFC1	3	0.0008	0.8571
LMNA	RFC1	3	0.0131	0.8017
MAPRE3	RFC1	3	0.0001	0.865
ACTB	RPL22	3	0.0766	0.6966
CTNNA1	RPL22	3	0.0099	0.8153
KRT8	RPL22	3	0.1331	0.6465
LMNA	RPL22	3	0.0991	0.6759
MAPRE3	RPL22	3	0.0227	0.7688
ACTB	GTF2F1	3	0.0011	0.8545
LMNA	GTF2F1	3	0.2085	0.5819
MAPRE3	GTF2F1	3	0.0013	0.8533
ACTB	KRT9	3	0.0567	0.7176
CTNNA1	KRT9	3	0.0622	0.7119
KRT8	KRT9	3	0.0434	0.7334
LMNA	KRT9	3	0.1738	0.6112
MAPRE3	KRT9	3	0.0279	0.7571
ACTB	MYH9	3	0.3564	0.3319
CTNNA1	MYH9	3	0.1015	0.674
KRT8	MYH9	3	0.2291	0.563
LMNA	MYH9	3	0.084	0.6894
MAPRE3	MYH9	3	0.1516	0.6302
ACTB	MYH10	3	0.4351	0.2219
KRT8	MYH10	3	0.1021	0.6736
ACTB	COPB2	3	0.0384	0.7398
KRT8	COPB2	3	0.0503	0.7247
ACTB	SOAT1	3	0.0049	0.8357
KRT8	SOAT1	3	0.0093	0.8179
LMNA	SOAT1	3	1	0
ACTB	ADD1	3	0.9706	0.0017
CTNNA1	ADD1	3	0.0047	0.8366
KRT8	ADD1	3	0.0244	0.7652
LMNA	ADD1	3	0.0072	0.8261
MAPRE3	ADD1	3	0.0021	0.8485
ACTB	FUS	3	0.0317	0.7499
CTNNA1	FUS	3	0.016	0.7893
KRT8	FUS	3	0.0186	0.7799
LMNA	FUS	3	0.2144	0.577
MAPRE3	FUS	3	0.0368	0.7423
ACTB	NUP214	3	0.3591	0.3271
CTNNA1	NUP214	3	0.1573	0.6252
KRT8	NUP214	3	0.3873	0.2751
LMNA	NUP214	3	0.2571	0.5364
MAPRE3	NUP214	3	0.3014	0.4855
LMNA	DEK	3	0.21	0.5805
MAPRE3	DEK	3	0.013	0.8021
ACTB	AHR	3	0.0204	0.7744
KRT8	AHR	3	0.0766	0.6966
LMNA	AHR	3	0.0099	0.8153
ACTB	KRT2	3	0.132	0.6475
CTNNA1	KRT2	3	0.0852	0.6878
KRT8	KRT2	3	0.0338	0.7473
LMNA	KRT2	3	0.0951	0.6796
MAPRE3	KRT2	3	0.0668	0.7068
CTNNA1	HMGCL	3	0.0083	0.8218
KRT8	HMGCL	3	0.0075	0.8248
LMNA	HMGCL	3	0.0079	0.8232
ACTB	PSMC2	3	0.0159	0.7897
CTNNA1	PSMC2	3	0.0004	0.8609
KRT8	PSMC2	3	0.0629	0.711
LMNA	PSMC2	3	0.0005	0.8597
MAPRE3	PSMC2	3	0.0003	0.8621
ACTB	ARL2	3	0.0075	0.8248
CTNNA1	ARL2	3	0	0.8672
KRT8	ARL2	3	0.0175	0.7836
LMNA	ARL2	3	0.0132	0.8011
MAPRE3	ARL2	3	0.0047	0.8366
ACTB	ATP5F1C	3	0.1603	0.6228
CTNNA1	ATP5F1C	3	0.0361	0.7433
KRT8	ATP5F1C	3	0.1949	0.5933
LMNA	ATP5F1C	3	0.1457	0.6357
MAPRE3	ATP5F1C	3	0.0505	0.7244
LMNA	ATP6V1E1	3	0.3333	0.3843
ACTB	CPOX	3	0.0968	0.6782
CTNNA1	CPOX	3	0.0625	0.7114
ACTB	RPL4	3	0.0049	0.8357
CTNNA1	RPL4	3	0.0477	0.7279
KRT8	RPL4	3	0.0508	0.7239
LMNA	RPL4	3	0.01	0.8148
MAPRE3	RPL4	3	0.0012	0.8539
ACTB	LONP1	3	0.0598	0.7141
CTNNA1	LONP1	3	0.036	0.7434
KRT8	LONP1	3	0.1048	0.6709
LMNA	LONP1	3	0.1394	0.6409
ACTB	PPP1CC	3	0.0044	0.8379
LMNA	PPP1CC	3	0.0018	0.8502
ACTB	SERPINB5	3	0.0237	0.7666
CTNNA1	SERPINB5	3	0.0267	0.7596
KRT8	SERPINB5	3	0.0264	0.7601
LMNA	SERPINB5	3	0.0368	0.7423
MAPRE3	SERPINB5	3	0.013	0.8021
ACTB	POLR2I	3	0.0088	0.8198
CTNNA1	POLR2I	3	0.0383	0.74
KRT8	POLR2I	3	0.0157	0.7907
LMNA	POLR2I	3	0.099	0.6761
ACTB	GPX4	3	0.2362	0.557
CTNNA1	GPX4	3	0.109	0.667
KRT8	GPX4	3	0.3528	0.341
LMNA	GPX4	3	0.2726	0.5193
MAPRE3	GPX4	3	0.2554	0.5377
ACTB	SRP14	3	0.0115	0.8082
CTNNA1	SRP14	3	0.0096	0.8166
KRT8	SRP14	3	0.0205	0.774
LMNA	SRP14	3	0.0324	0.7489
MAPRE3	SRP14	3	0.0038	0.8404
ACTB	NUP62	3	0.014	0.7974
CTNNA1	NUP62	3	0	0.8672
KRT8	NUP62	3	0.1319	0.6476
LMNA	NUP62	3	0.0129	0.8025
MAPRE3	NUP62	3	0.0014	0.8526
ACTB	HPCAL1	3	0.0826	0.6909
CTNNA1	HPCAL1	3	0.0098	0.8157
KRT8	HPCAL1	3	0.0825	0.6912
LMNA	HPCAL1	3	0.119	0.6586
MAPRE3	HPCAL1	3	0.0087	0.8203
LMNA	ZEB1	3	0.3333	0.3843
ACTB	TAGLN2	3	0.4529	0.2118
CTNNA1	TAGLN2	3	0.0806	0.6931
KRT8	TAGLN2	3	0.317	0.4687
LMNA	TAGLN2	3	0.2588	0.5346
MAPRE3	TAGLN2	3	0.1844	0.6026
ACTB	SNCA	3	0.0196	0.7768
CTNNA1	SNCA	3	0.0001	0.865
KRT8	SNCA	3	0.0205	0.774
LMNA	SNCA	3	0.0052	0.8344
MAPRE3	SNCA	3	0.0015	0.852
CTNNA1	ETFB	3	0.0076	0.8244
ACTB	RBMX	3	0.0081	0.8226
CTNNA1	RBMX	3	0.0211	0.7724
KRT8	RBMX	3	0.0105	0.8127
LMNA	RBMX	3	0.0159	0.7897
MAPRE3	RBMX	3	0.0145	0.7955
ACTB	BRCA1	3	0.2204	0.5718
CTNNA1	BRCA1	3	0.0999	0.6754
KRT8	BRCA1	3	0.221	0.5713
LMNA	BRCA1	3	0.3523	0.3422
MAPRE3	BRCA1	3	0.2312	0.5611
ACTB	COIL	3	0.1157	0.6617
CTNNA1	COIL	3	0.0158	0.7903
KRT8	COIL	3	0.1235	0.6551
LMNA	COIL	3	0.2532	0.5405
MAPRE3	COIL	3	0.2077	0.5827
KRT8	GGCX	3	0.072	0.7016
LMNA	GGCX	3	0.1357	0.6443
ACTB	ATP6V1A	3	0.2613	0.5324
CTNNA1	ATP6V1A	3	0.0384	0.7398
KRT8	ATP6V1A	3	0.2806	0.5099
LMNA	ATP6V1A	3	0.2128	0.578
MAPRE3	ATP6V1A	3	0.1227	0.6559
ACTB	HSPA9	3	0.0186	0.7799
CTNNA1	HSPA9	3	0.0124	0.8045
KRT8	HSPA9	3	0.027	0.759
LMNA	HSPA9	3	0.0159	0.7897
MAPRE3	HSPA9	3	0.0103	0.8135
ACTB	EIF4A3	3	0.3028	0.4834
CTNNA1	EIF4A3	3	0.0903	0.6833
KRT8	EIF4A3	3	0.2842	0.5053
LMNA	EIF4A3	3	0.252	0.5419
MAPRE3	EIF4A3	3	0.1817	0.605
ACTB	RPL3	3	0.154	0.6277
CTNNA1	RPL3	3	0.0287	0.7554
KRT8	RPL3	3	0.2754	0.5163
LMNA	RPL3	3	0.1954	0.5931
MAPRE3	RPL3	3	0.0439	0.7325
ACTB	FEN1	3	0.0136	0.7993
CTNNA1	FEN1	3	0.0205	0.774
KRT8	FEN1	3	0.0216	0.7711
LMNA	FEN1	3	0.2265	0.5657
MAPRE3	FEN1	3	0.0078	0.8237
ACTB	CUX1	3	0.0053	0.8338
KRT8	CUX1	3	0.0021	0.8485
LMNA	CUX1	3	0.0171	0.7851
MAPRE3	CUX1	3	0.0002	0.8634
ACTB	CAP2	3	0.9947	0.0004
KRT8	CAP2	3	0.014	0.7974
MAPRE3	IL6ST	3	0.2627	0.5309
ACTB	TXLNA	3	0.1363	0.6438
CTNNA1	TXLNA	3	0.0477	0.7279
KRT8	TXLNA	3	0.241	0.5526
LMNA	TXLNA	3	0.0429	0.7339
MAPRE3	TXLNA	3	0.008	0.8229
ACTB	CCT6A	3	0.3188	0.4664
CTNNA1	CCT6A	3	0.0321	0.7494
KRT8	CCT6A	3	0.212	0.5784
LMNA	CCT6A	3	0.0833	0.6901
MAPRE3	CCT6A	3	0.0519	0.7223
ACTB	NNMT	3	0.0127	0.8033
CTNNA1	NNMT	3	0	0.8672
KRT8	NNMT	3	0.0228	0.7685
LMNA	NNMT	3	0.0048	0.8361
ACTB	PBX1	3	0.0196	0.7768
CTNNA1	PBX1	3	0.0562	0.718
KRT8	PBX1	3	0.0434	0.7334
LMNA	PBX1	3	0.2949	0.4933
MAPRE3	PBX1	3	0.0537	0.7207
ACTB	RPL13A	3	0.1001	0.6753
CTNNA1	RPL13A	3	0.0246	0.7648
KRT8	RPL13A	3	0.0891	0.6845
LMNA	RPL13A	3	0.1845	0.6025
MAPRE3	RPL13A	3	0.0436	0.7332
ACTB	ARL1	3	0.5411	0.1649
CTNNA1	ARL1	3	0.0116	0.8077
KRT8	ARL1	3	0.2657	0.5272
LMNA	ARL1	3	0.2238	0.5682
MAPRE3	ARL1	3	0.1523	0.6292
ACTB	MLH1	3	0.0029	0.8445
KRT8	MLH1	3	0.0055	0.833
LMNA	MLH1	3	0.0659	0.7076
MAPRE3	MLH1	3	0.0001	0.865
ACTB	STAT3	3	0.3173	0.4679
CTNNA1	STAT3	3	0.1132	0.6639
KRT8	STAT3	3	0.3427	0.3627
LMNA	STAT3	3	0.2704	0.5218
MAPRE3	STAT3	3	0.2111	0.5798
ACTB	USP8	3	0.0398	0.7378
KRT8	USP8	3	0.0146	0.795
MAPRE3	USP8	3	0.002	0.8491
ACTB	PEX19	3	0.0037	0.8409
KRT8	PEX19	3	0.002	0.8491
ACTB	MDH2	3	0.0115	0.8082
CTNNA1	MDH2	3	0.0002	0.8634
KRT8	MDH2	3	0.4216	0.2373
MAPRE3	MDH2	3	0.008	0.8229
ACTB	RFC5	3	0.0027	0.8456
KRT8	RFC5	3	0.0578	0.7162
LMNA	RFC5	3	0.1275	0.6522
MAPRE3	RFC5	3	0.0728	0.7005
ACTB	HADHA	3	0.0007	0.8579
CTNNA1	HADHA	3	0.0105	0.8127
KRT8	HADHA	3	0.0086	0.8207
LMNA	HADHA	3	0.012	0.8063
MAPRE3	HADHA	3	0.0069	0.8272
ACTB	EIF2S3	3	0.2264	0.5659
CTNNA1	EIF2S3	3	0.0779	0.6956
KRT8	EIF2S3	3	0.3348	0.381
LMNA	EIF2S3	3	0.3326	0.4502
MAPRE3	EIF2S3	3	0.1313	0.6483
LMNA	ETV3	3	0.0189	0.7791
LMNA	ETV6	3	0.6758	0.0627
ACTB	MNDA	3	0.3333	0.3843
LMNA	BUD31	3	0.3377	0.3753
ACTB	NAA10	3	0.0133	0.8007
KRT8	NAA10	3	0.013	0.8021
LMNA	NAA10	3	0.0031	0.8437
ACTB	KDM5C	3	0.0005	0.8597
KRT8	KDM5C	3	0.0039	0.84
LMNA	KDM5C	3	0.2977	0.4907
MAPRE3	KDM5C	3	0.0002	0.8634
ACTB	PPP1R2	3	0.0112	0.8098
KRT8	PPP1R2	3	0.0119	0.8066
LMNA	PPP1R2	3	0.0057	0.8322
MAPRE3	PPP1R2	3	0.0001	0.865
ACTB	CSK	3	0.0085	0.8211
KRT8	CSK	3	0.3191	0.4663
MAPRE3	CSK	3	0.0013	0.8533
ACTB	GARS1	3	0.035	0.7452
KRT8	GARS1	3	0.0323	0.749
ACTB	IARS1	3	0.2182	0.5735
CTNNA1	IARS1	3	0.0721	0.7015
KRT8	IARS1	3	0.2878	0.5017
LMNA	IARS1	3	0.1967	0.5917
MAPRE3	IARS1	3	0.15	0.6317
CTNNA1	EIF1	3	0.0102	0.814
LMNA	EIF1	3	0.1532	0.6287
ACTB	PRKCI	3	0.0745	0.699
ACTB	TMPO	3	0.1246	0.6539
CTNNA1	TMPO	3	0.0856	0.6877
KRT8	TMPO	3	0.1222	0.6563
LMNA	TMPO	3	0.4968	0.1876
MAPRE3	TMPO	3	0.1066	0.6689
ACTB	STAT1	3	0.2288	0.5633
CTNNA1	STAT1	3	0.0739	0.6993
KRT8	STAT1	3	0.2663	0.5261
LMNA	STAT1	3	0.2497	0.5447
MAPRE3	STAT1	3	0.164	0.62
ACTB	MTREX	3	0.0158	0.7903
CTNNA1	MTREX	3	0.0022	0.8481
KRT8	MTREX	3	0.0101	0.8144
LMNA	MTREX	3	0.0082	0.8221
ACTB	AKR1C3	3	0.0231	0.7679
CTNNA1	AKR1C3	3	0.036	0.7434
KRT8	AKR1C3	3	0.021	0.7727
LMNA	AKR1C3	3	0.0241	0.7658
MAPRE3	AKR1C3	3	0.0112	0.8098
ACTB	PIK3CA	3	0.1556	0.6262
KRT8	PIK3CA	3	0.3303	0.4541
MAPRE3	PIK3CA	3	0.0054	0.8334
ACTB	MTOR	3	0.0151	0.7933
KRT8	MTOR	3	0.1523	0.6292
LMNA	MTOR	3	0.0001	0.865
MAPRE3	MTOR	3	0.0033	0.8429
ACTB	PI4KA	3	0.0116	0.8077
KRT8	PI4KA	3	0.3367	0.3778
MAPRE3	PI4KA	3	0.0002	0.8634
ACTB	HAL	3	0.0145	0.7955
ACTB	EPS15	3	0.1963	0.5923
CTNNA1	EPS15	3	0.0512	0.7232
KRT8	EPS15	3	0.1919	0.5963
MAPRE3	EPS15	3	0.057	0.7173
ACTB	RPS27	3	0.0934	0.681
CTNNA1	RPS27	3	0.0169	0.7858
KRT8	RPS27	3	0.2693	0.5231
LMNA	RPS27	3	0.1082	0.6675
MAPRE3	RPS27	3	0.0345	0.7461
ACTB	ABL2	3	0.3703	0.3095
ACTB	HELZ	3	0.1918	0.5964
CTNNA1	HELZ	3	0.0204	0.7744
KRT8	HELZ	3	0.226	0.5661
MAPRE3	HELZ	3	0.0463	0.7298
ACTB	NCAPD3	3	0.0002	0.8634
KRT8	NCAPD3	3	0.2762	0.515
LMNA	NCAPD3	3	0.0095	0.817
ACTB	LRPPRC	3	0.1611	0.6224
CTNNA1	LRPPRC	3	0.107	0.6684
KRT8	LRPPRC	3	0.4488	0.2142
LMNA	LRPPRC	3	0.1941	0.594
MAPRE3	LRPPRC	3	0.0585	0.7156
ACTB	ACAA2	3	0.0031	0.8437
CTNNA1	CDKN2A	3	0.0159	0.7897
KRT8	CDKN2A	3	0.0095	0.817
LMNA	CDKN2A	3	0.01	0.8148
MAPRE3	CDKN2A	3	0.0044	0.8379
ACTB	HTT	3	0.1892	0.599
KRT8	HTT	3	0.2216	0.5706
LMNA	HTT	3	0.0374	0.7413
MAPRE3	HTT	3	0.0379	0.7406
ACTB	ECE1	3	0.0074	0.8253
CTNNA1	ECE1	3	0	0.8672
KRT8	ECE1	3	0.0008	0.8571
LMNA	ECE1	3	0.0037	0.8409
LMNA	SLC1A1	3	0.3333	0.3843
ACTB	MCAM	3	0.2401	0.5537
CTNNA1	MCAM	3	0.2406	0.5531
KRT8	MCAM	3	0.0993	0.6758
LMNA	MCAM	3	0.2078	0.5826
MAPRE3	MCAM	3	0.0287	0.7554
ACTB	MATR3	3	0.1345	0.6452
CTNNA1	MATR3	3	0.037	0.742
KRT8	MATR3	3	0.133	0.6468
LMNA	MATR3	3	0.187	0.6006
MAPRE3	MATR3	3	0.0205	0.774
ACTB	MSH2	3	0.0011	0.8545
KRT8	MSH2	3	0.1428	0.6381
LMNA	MSH2	3	0.762	0.0313
ACTB	GPD2	3	0.0253	0.7631
CTNNA1	GPD2	3	0.012	0.8063
KRT8	GPD2	3	0.0104	0.8132
LMNA	GPD2	3	0.0088	0.8198
MAPRE3	GPD2	3	0.0005	0.8597
LMNA	SSR1	3	0.3333	0.3843
ACTB	MAGEA1	3	0.0285	0.756
KRT8	MAGEA1	3	0.3513	0.3454
MAPRE3	MAGEA1	3	0.0009	0.856
ACTB	RANBP1	3	0.0599	0.714
CTNNA1	RANBP1	3	0.0006	0.8588
KRT8	RANBP1	3	0.0248	0.7642
MAPRE3	RANBP1	3	0.0036	0.8414
ACTB	NAMPT	3	0.0026	0.846
KRT8	NAMPT	3	0.0148	0.7943
LMNA	NAMPT	3	0.0008	0.8571
ACTB	PSMC4	3	0.0279	0.7571
KRT8	PSMC4	3	0.067	0.7066
ACTB	TSFM	3	0.0023	0.8475
CTNNA1	TSFM	3	0.009	0.819
KRT8	TSFM	3	0.009	0.819
LMNA	TSFM	3	0.0043	0.8384
MAPRE3	TSFM	3	0.0017	0.8509
ACTB	VDAC2	3	0.1758	0.6097
CTNNA1	VDAC2	3	0.0254	0.7627
KRT8	VDAC2	3	0.221	0.5713
LMNA	VDAC2	3	0.2062	0.5836
MAPRE3	VDAC2	3	0.0668	0.7068
ACTB	CBX5	3	0.0203	0.7747
CTNNA1	CBX5	3	0.0441	0.732
KRT8	CBX5	3	0.0327	0.7485
LMNA	CBX5	3	0.2467	0.5479
MAPRE3	CBX5	3	0.0696	0.704
ACTB	USP5	3	0.027	0.759
CTNNA1	USP5	3	0.008	0.8229
KRT8	USP5	3	0.0421	0.7348
LMNA	USP5	3	0.0476	0.7281
MAPRE3	USP5	3	0.0033	0.8429
ACTB	MKI67	3	0.3005	0.4863
CTNNA1	MKI67	3	0.1527	0.6289
KRT8	MKI67	3	0.2522	0.5415
LMNA	MKI67	3	0.3572	0.3306
MAPRE3	MKI67	3	0.302	0.4849
ACTB	PHKA2	3	0.0009	0.856
KRT8	PHKA2	3	0.0172	0.7846
LMNA	PHKA2	3	0.0003	0.8621
ACTB	PHKA1	3	0.0029	0.8445
KRT8	PHKA1	3	0.0181	0.7814
ACTB	RANGAP1	3	0.3784	0.2888
CTNNA1	RANGAP1	3	0.1859	0.6015
KRT8	RANGAP1	3	0.3314	0.453
LMNA	RANGAP1	3	0.1929	0.5953
MAPRE3	RANGAP1	3	0.2551	0.5381
ACTB	RECQL	3	0.0511	0.7234
CTNNA1	RECQL	3	0.0083	0.8218
KRT8	RECQL	3	0.0544	0.7199
LMNA	RECQL	3	0.169	0.6164
MAPRE3	RECQL	3	0.0111	0.8104
ACTB	NOP2	3	0.0937	0.6807
KRT8	NOP2	3	0.1814	0.6054
LMNA	NOP2	3	0.2401	0.5537
MAPRE3	NOP2	3	0.1176	0.6599
ACTB	ATRX	3	0.0019	0.8497
KRT8	ATRX	3	0.0002	0.8634
LMNA	ATRX	3	0.0157	0.7907
MAPRE3	ATRX	3	0.0004	0.8609
ACTB	CRKL	3	0.0029	0.8445
CTNNA1	CRKL	3	0.0109	0.8112
KRT8	CRKL	3	0.0088	0.8198
LMNA	CRKL	3	0.013	0.8021
MAPRE3	CRKL	3	0.0045	0.8375
CTNNA1	BAG6	3	0.3333	0.3843
ACTB	NSF	3	0.027	0.759
KRT8	NSF	3	0.2184	0.5732
LMNA	NSF	3	0.0098	0.8157
MAPRE3	NSF	3	0.0249	0.7639
ACTB	BRCC3	3	0.0099	0.8153
CTNNA1	BRCC3	3	0	0.8672
KRT8	BRCC3	3	0.0164	0.7877
LMNA	BRCC3	3	0.0027	0.8456
MAPRE3	BRCC3	3	0.0016	0.8515
ACTB	RPL27A	3	0.0114	0.8088
CTNNA1	RPL27A	3	0.0132	0.8011
KRT8	RPL27A	3	0.0153	0.7926
LMNA	RPL27A	3	0.0247	0.7645
MAPRE3	RPL27A	3	0.0083	0.8218
ACTB	RPL5	3	0.0974	0.6776
CTNNA1	RPL5	3	0.0166	0.787
KRT8	RPL5	3	0.2081	0.5823
LMNA	RPL5	3	0.2344	0.5584
MAPRE3	RPL5	3	0.028	0.7568
ACTB	RPL21	3	0.1156	0.6618
CTNNA1	RPL21	3	0.0231	0.7679
KRT8	RPL21	3	0.1542	0.6277
LMNA	RPL21	3	0.2	0.5892
MAPRE3	RPL21	3	0.0382	0.7401
ACTB	RPL28	3	0.1055	0.6702
CTNNA1	RPL28	3	0.0296	0.7535
KRT8	RPL28	3	0.1951	0.5932
LMNA	RPL28	3	0.1194	0.6582
MAPRE3	RPL28	3	0.0456	0.7305
ACTB	RPS9	3	0.1871	0.6004
CTNNA1	RPS9	3	0.0247	0.7645
KRT8	RPS9	3	0.2096	0.5808
LMNA	RPS9	3	0.1451	0.6359
MAPRE3	RPS9	3	0.0649	0.7088
ACTB	RPS5	3	0.0846	0.6884
CTNNA1	RPS5	3	0.0008	0.8571
KRT8	RPS5	3	0.092	0.6819
LMNA	RPS5	3	0.0813	0.6926
LMNA	RPS10	3	0.0062	0.8302
ACTB	MAP1B	3	0.3323	0.4508
CTNNA1	MAP1B	3	0.219	0.5727
KRT8	MAP1B	3	0.3377	0.3753
LMNA	MAP1B	3	0.1312	0.6484
MAPRE3	MAP1B	3	0.3203	0.4644
ACTB	NEDD4	3	0.2793	0.5114
ACTB	YAP1	3	0.2894	0.4999
CTNNA1	YAP1	3	0.096	0.6788
KRT8	YAP1	3	0.3126	0.4743
LMNA	YAP1	3	0.292	0.4971
MAPRE3	YAP1	3	0.2129	0.5778
ACTB	UTRN	3	0.0213	0.7717
CTNNA1	UTRN	3	0.0014	0.8526
KRT8	UTRN	3	0.0087	0.8203
LMNA	UTRN	3	0.0002	0.8634
ACTB	IQGAP1	3	0.4323	0.2252
CTNNA1	IQGAP1	3	0.155	0.6265
KRT8	IQGAP1	3	0.3051	0.4813
LMNA	IQGAP1	3	0.2301	0.5619
MAPRE3	IQGAP1	3	0.2072	0.5829
ACTB	STT3A	3	0.0065	0.8289
KRT8	STT3A	3	0.0941	0.6804
LMNA	STT3A	3	0.0349	0.7454
MAPRE3	STT3A	3	0.0056	0.8326
ACTB	PLA2G4A	3	0.0157	0.7907
KRT8	PLA2G4A	3	0.0145	0.7955
LMNA	PLA2G4A	3	0.0023	0.8475
MAPRE3	PLA2G4A	3	0.0005	0.8597
ACTB	RAP1GAP	3	0.0094	0.8174
ACTB	CAPZA2	3	0.212	0.5784
CTNNA1	CAPZA2	3	0.0282	0.7564
KRT8	CAPZA2	3	0.3855	0.2783
LMNA	CAPZA2	3	0.1667	0.618
MAPRE3	CAPZA2	3	0.0229	0.7683
ACTB	CAPZB	3	0.0817	0.6923
CTNNA1	CAPZB	3	0.0638	0.71
KRT8	CAPZB	3	0.0539	0.7205
LMNA	CAPZB	3	0.0852	0.6878
MAPRE3	CAPZB	3	0.0456	0.7305
ACTB	QARS1	3	0.2273	0.5651
CTNNA1	QARS1	3	0.0687	0.705
KRT8	QARS1	3	0.2166	0.5752
LMNA	QARS1	3	0.0607	0.7133
MAPRE3	QARS1	3	0.0875	0.686
ACTB	RPL29	3	0.1304	0.6495
CTNNA1	RPL29	3	0.0305	0.7523
KRT8	RPL29	3	0.1066	0.6689
LMNA	RPL29	3	0.0936	0.6809
MAPRE3	RPL29	3	0.0369	0.7421
MAPRE3	LGALS7	3	0.3333	0.3843
ACTB	ATP5PO	3	0.0771	0.6963
CTNNA1	ATP5PO	3	0.1856	0.6019
KRT8	ATP5PO	3	0.0394	0.7382
LMNA	ATP5PO	3	0.0347	0.7457
MAPRE3	ATP5PO	3	0.0278	0.7573
ACTB	LIMS1	3	0.0318	0.7497
MAPRE3	LIMS1	3	0.0026	0.846
ACTB	PREP	3	0.3064	0.4809
CTNNA1	PREP	3	0.1553	0.6264
KRT8	PREP	3	0.0419	0.7351
LMNA	PREP	3	0.0447	0.7317
ACTB	IREB2	3	0.061	0.713
KRT8	IREB2	3	0.1895	0.5987
LMNA	RFX5	3	0.0087	0.8203
ACTB	ARCN1	3	0.214	0.5771
CTNNA1	ARCN1	3	0.0334	0.7477
KRT8	ARCN1	3	0.2282	0.564
LMNA	ARCN1	3	0.1498	0.632
MAPRE3	ARCN1	3	0.0602	0.7137
ACTB	PPP3CC	3	0.0007	0.8579
MAPRE3	PPP3CC	3	0.011	0.8109
ACTB	GCLM	3	0.204	0.5859
CTNNA1	GCLM	3	0.0176	0.7832
KRT8	GCLM	3	0.2239	0.5681
LMNA	GCLM	3	0.1864	0.6011
MAPRE3	GCLM	3	0.0261	0.7608
ACTB	NRIP1	3	0.1798	0.6064
LMNA	NRIP1	3	0.2139	0.5773
KRT8	TRAPPC10	3	0.1897	0.5986
ACTB	PRRC2A	3	0.2476	0.547
CTNNA1	PRRC2A	3	0.125	0.6536
KRT8	PRRC2A	3	0.2491	0.5458
LMNA	PRRC2A	3	0.1079	0.6678
MAPRE3	PRRC2A	3	0.3184	0.467
ACTB	CCT5	3	0.1146	0.6628
CTNNA1	CCT5	3	0.0188	0.7795
KRT8	CCT5	3	0.0967	0.6783
LMNA	CCT5	3	0.0213	0.7717
MAPRE3	CCT5	3	0.0107	0.8119
ACTB	PTDSS1	3	0.0085	0.8211
CTNNA1	PTDSS1	3	0.0002	0.8634
KRT8	PTDSS1	3	0.0364	0.7429
LMNA	PTDSS1	3	0.1867	0.6009
MAPRE3	PTDSS1	3	0.002	0.8491
ACTB	NES	3	0.0116	0.8077
CTNNA1	NES	3	0.0005	0.8597
KRT8	NES	3	0.029	0.7549
MAPRE3	NES	3	0.0025	0.8466
ACTB	CSNK1A1	3	0.0163	0.7882
KRT8	CSNK1A1	3	0.9964	0.0002
LMNA	CSNK1A1	3	0.0197	0.7764
MAPRE3	CSNK1A1	3	0.0007	0.8579
ACTB	CSNK1D	3	0.0056	0.8326
CTNNA1	CSNK1D	3	0.0011	0.8545
KRT8	CSNK1D	3	0.0418	0.7354
MAPRE3	CSNK1D	3	0.0002	0.8634
ACTB	PITPNB	3	0.0009	0.856
CTNNA1	PITPNB	3	0.0314	0.7506
KRT8	PITPNB	3	0.0023	0.8475
ACTB	POLD2	3	0.3333	0.3843
KRT8	POLD2	3	1	0
LMNA	POLD2	3	0.3333	0.3843
ACTB	PXN	3	0.2106	0.5801
CTNNA1	PXN	3	0.0828	0.6908
KRT8	PXN	3	0.2566	0.5368
LMNA	PXN	3	0.0182	0.7811
MAPRE3	PXN	3	0.0817	0.6923
LMNA	CAMLG	3	1	0
KRT8	ALDH9A1	3	0.0085	0.8211
LMNA	ALDH9A1	3	0.0049	0.8357
ACTB	RPL34	3	0.0126	0.8036
KRT8	RPL34	3	0.0077	0.824
LMNA	RPL34	3	0.0045	0.8375
MAPRE3	RPL34	3	0.0007	0.8579
LMNA	LMAN1	3	1	0
ACTB	NASP	3	0.0917	0.6823
CTNNA1	NASP	3	0.0309	0.7516
KRT8	NASP	3	0.0584	0.7157
LMNA	NASP	3	0.1989	0.5902
MAPRE3	NASP	3	0.0341	0.7467
ACTB	FASN	3	0.2575	0.5357
CTNNA1	FASN	3	0.0438	0.7327
KRT8	FASN	3	0.2749	0.5169
LMNA	FASN	3	0.0635	0.7103
MAPRE3	FASN	3	0.1051	0.6706
ACTB	CCT3	3	0.1276	0.652
CTNNA1	CCT3	3	0.0116	0.8077
KRT8	CCT3	3	0.089	0.6847
LMNA	CCT3	3	0.035	0.7452
MAPRE3	CCT3	3	0.0157	0.7907
ACTB	TUFM	3	0.1046	0.6712
CTNNA1	TUFM	3	0.0157	0.7907
KRT8	TUFM	3	0.0895	0.6839
LMNA	TUFM	3	0.0487	0.7267
MAPRE3	TUFM	3	0.0159	0.7897
ACTB	ALDH7A1	3	0.3953	0.2644
KRT8	ALDH7A1	3	0.0644	0.7094
LMNA	ALDH7A1	3	0.0299	0.753
ACTB	CENPF	3	0.0002	0.8634
CTNNA1	CENPF	3	0.0001	0.865
KRT8	CENPF	3	0.0002	0.8634
LMNA	CENPF	3	0.007	0.8268
MAPRE3	CENPF	3	0.0001	0.865
ACTB	SRP9	3	0.0944	0.6802
CTNNA1	SRP9	3	0.0287	0.7554
KRT8	SRP9	3	0.1874	0.6002
LMNA	SRP9	3	0.1229	0.6558
MAPRE3	SRP9	3	0.0513	0.723
ACTB	PCYT1A	3	0.0607	0.7133
LMNA	PCYT1A	3	0.5239	0.1728
ACTB	AARS1	3	0.0152	0.7929
CTNNA1	AARS1	3	0.0001	0.865
KRT8	AARS1	3	0.0611	0.7129
MAPRE3	AARS1	3	0.0005	0.8597
ACTB	CARS1	3	0.069	0.7045
KRT8	CARS1	3	0.0025	0.8466
ACTB	SARS1	3	0.063	0.711
CTNNA1	SARS1	3	0.0016	0.8515
KRT8	SARS1	3	0.105	0.6707
MAPRE3	SARS1	3	0.0188	0.7795
ACTB	PRIM2	3	0.0009	0.856
KRT8	PRIM2	3	0.0003	0.8621
LMNA	PRIM2	3	0.01	0.8148
ACTB	CASP4	3	0.0015	0.852
KRT8	CASP4	3	0.006	0.831
ACTB	PSMB2	3	0.0115	0.8082
KRT8	PSMB2	3	0.3335	0.3836
ACTB	MCM2	3	0.0059	0.8315
CTNNA1	MCM2	3	0.0011	0.8545
KRT8	MCM2	3	0.0225	0.7694
LMNA	MCM2	3	0.2468	0.5479
LMNA	ACADVL	3	0.0552	0.7191
ACTB	YLPM1	3	0	0.8672
KRT8	YLPM1	3	0.0001	0.865
LMNA	YLPM1	3	0.0027	0.8456
MAPRE3	YLPM1	3	0	0.8672
ACTB	ACOT2	3	0.4408	0.2185
KRT8	ACOT2	3	0.9999	0
LMNA	ACOT2	3	0.0106	0.8123
MAPRE3	ACOT2	3	0.0794	0.6941
ACTB	RBM25	3	0.0003	0.8621
KRT8	RBM25	3	0	0.8672
LMNA	RBM25	3	0.0063	0.8298
MAPRE3	RBM25	3	0.0001	0.865
ACTB	NUMB	3	0.2377	0.5557
CTNNA1	NUMB	3	0.101	0.6745
KRT8	NUMB	3	0.0259	0.7613
MAPRE3	NUMB	3	0.0231	0.7679
LMNA	CLK2	3	0.3523	0.3422
KRT8	EIF2B2	3	0.0136	0.7993
LMNA	EIF2B2	3	0.0099	0.8153
ACTB	NUP153	3	0.1737	0.6114
CTNNA1	NUP153	3	0.0226	0.769
KRT8	NUP153	3	0.1737	0.6114
LMNA	NUP153	3	0.3501	0.3492
MAPRE3	NUP153	3	0.1276	0.652
ACTB	RANBP2	3	0.3443	0.3606
CTNNA1	RANBP2	3	0.1668	0.6178
KRT8	RANBP2	3	0.3876	0.2747
LMNA	RANBP2	3	0.2506	0.5436
MAPRE3	RANBP2	3	0.2673	0.5252
ACTB	TSC2	3	0.0454	0.731
KRT8	TSC2	3	0.0296	0.7535
MAPRE3	TSC2	3	0.0065	0.8289
ACTB	GSK3B	3	0.0842	0.6891
KRT8	GSK3B	3	0.0019	0.8497
ACTB	TAF6	3	0	0.8672
LMNA	TAF6	3	0.0035	0.8419
KRT8	NT5C2	3	0.0031	0.8437
ACTB	CAMP	3	0.3333	0.3843
ACTB	GMPS	3	0.0299	0.753
CTNNA1	GMPS	3	0.0028	0.8451
KRT8	GMPS	3	0.0357	0.7441
LMNA	GMPS	3	0.076	0.6974
MAPRE3	GMPS	3	0.0019	0.8497
ACTB	LIG3	3	0.0004	0.8609
LMNA	LIG3	3	0.2657	0.5272
ACTB	LIG4	3	0.0001	0.865
KRT8	LIG4	3	0	0.8672
LMNA	LIG4	3	0	0.8672
ACTB	MRE11	3	0.3956	0.264
CTNNA1	MRE11	3	0.2003	0.5888
KRT8	MRE11	3	0.4305	0.2271
LMNA	MRE11	3	0.3762	0.2941
MAPRE3	MRE11	3	0.3694	0.3106
ACTB	GDI2	3	0.4069	0.2515
CTNNA1	GDI2	3	0.0124	0.8045
KRT8	GDI2	3	0.0912	0.6826
LMNA	GDI2	3	0.0635	0.7103
MAPRE3	GDI2	3	0.0104	0.8132
ACTB	EMD	3	0.1374	0.6429
CTNNA1	EMD	3	0.0831	0.6903
KRT8	EMD	3	0.1489	0.6328
LMNA	EMD	3	0.6956	0.0548
MAPRE3	EMD	3	0.1029	0.6728
ACTB	CPT1A	3	0.2191	0.5726
CTNNA1	CPT1A	3	0.0082	0.8221
KRT8	CPT1A	3	0.2506	0.5436
LMNA	CPT1A	3	0.0754	0.698
MAPRE3	CPT1A	3	0.0116	0.8077
ACTB	SERPINH1	3	0.1507	0.6311
CTNNA1	SERPINH1	3	0.0287	0.7554
KRT8	SERPINH1	3	0.278	0.513
LMNA	SERPINH1	3	0.1821	0.6045
MAPRE3	SERPINH1	3	0.0508	0.7239
ACTB	ST13	3	0.0274	0.7581
CTNNA1	ST13	3	0.0174	0.784
KRT8	ST13	3	0.0798	0.6938
LMNA	ST13	3	0.0139	0.7977
MAPRE3	ST13	3	0.0082	0.8221
ACTB	PEX5	3	0.2497	0.5447
CTNNA1	PEX5	3	0.0514	0.7227
KRT8	PEX5	3	0.341	0.3662
MAPRE3	PEX5	3	0.1743	0.6108
ACTB	VASP	3	0.5887	0.147
CTNNA1	VASP	3	0.0192	0.7782
KRT8	VASP	3	0.1277	0.6518
LMNA	VASP	3	0.0522	0.722
MAPRE3	VASP	3	0.0217	0.7708
KRT8	DNM2	3	0.0035	0.8419
ACTB	METAP2	3	0.3333	0.3843
KRT8	NUDT2	3	0.3333	0.3843
ACTB	CDK7	3	0.2214	0.5708
KRT8	CDK7	3	0.0534	0.721
LMNA	CDK7	3	0.0208	0.7732
CTNNA1	HLCS	3	0.0021	0.8485
MAPRE3	HLCS	3	0.0019	0.8497
ACTB	KNTC1	3	0.0035	0.8419
KRT8	KNTC1	3	0.3077	0.4795
ACTB	LRBA	3	0.3377	0.3753
CTNNA1	LRBA	3	0.1584	0.6243
KRT8	LRBA	3	0.351	0.3466
LMNA	LRBA	3	0.044	0.7323
MAPRE3	LRBA	3	0.2678	0.5248
ACTB	RPL14	3	0.0314	0.7506
CTNNA1	RPL14	3	0.0181	0.7814
KRT8	RPL14	3	0.0372	0.7417
LMNA	RPL14	3	0.0244	0.7652
MAPRE3	RPL14	3	0.0137	0.7987
ACTB	CCT8	3	0.3541	0.3389
CTNNA1	CCT8	3	0.0721	0.7015
KRT8	CCT8	3	0.2287	0.5636
LMNA	CCT8	3	0.1308	0.6489
MAPRE3	CCT8	3	0.1183	0.6594
ACTB	CCT4	3	0.0634	0.7104
CTNNA1	CCT4	3	0.0163	0.7882
KRT8	CCT4	3	0.0789	0.6947
LMNA	CCT4	3	0.0594	0.7146
MAPRE3	CCT4	3	0.0044	0.8379
ACTB	ANXA11	3	0.2979	0.4904
CTNNA1	ANXA11	3	0.2028	0.5868
LMNA	ANXA11	3	0.3066	0.4807
MAPRE3	ANXA11	3	0.0849	0.6881
ACTB	PAPOLA	3	0	0.8672
KRT8	PAPOLA	3	0	0.8672
LMNA	PAPOLA	3	0.0072	0.8261
ACTB	FXR1	3	0.2003	0.5888
CTNNA1	FXR1	3	0.0261	0.7608
KRT8	FXR1	3	0.2172	0.5747
LMNA	FXR1	3	0.0552	0.7191
MAPRE3	FXR1	3	0.0945	0.6801
ACTB	RAB5C	3	0.0147	0.7947
CTNNA1	RAB5C	3	0.0006	0.8588
KRT8	RAB5C	3	0.0207	0.7735
LMNA	RAB5C	3	0.0378	0.741
MAPRE3	RAB5C	3	0.0065	0.8289
LMNA	RAB7A	3	1	0
ACTB	RAB13	3	0.1002	0.6752
CTNNA1	RAB13	3	0.025	0.7637
KRT8	RAB13	3	0.1288	0.6513
LMNA	RAB13	3	0.1107	0.6658
LMNA	RAB27A	3	0.2877	0.5018
ACTB	DAP3	3	0.0093	0.8179
CTNNA1	DAP3	3	0.0097	0.8161
KRT8	DAP3	3	0.0192	0.7782
LMNA	DAP3	3	0.003	0.8442
ACTB	SMARCA2	3	0.0017	0.8509
KRT8	SMARCA2	3	0.0009	0.856
LMNA	SMARCA2	3	0.0005	0.8597
MAPRE3	SMARCA2	3	0.0293	0.7541
ACTB	SMARCA4	3	0.0073	0.8256
KRT8	SMARCA4	3	0.0025	0.8466
LMNA	SMARCA4	3	0.0117	0.8074
MAPRE3	SMARCA4	3	0	0.8672
ACTB	SSR4	3	0.0214	0.7713
CTNNA1	SSR4	3	0.0178	0.7826
KRT8	SSR4	3	0.0732	0.7001
LMNA	SSR4	3	0.0635	0.7103
MAPRE3	SSR4	3	0.0168	0.7862
ACTB	BCAP31	3	0.0007	0.8579
KRT8	BCAP31	3	0.002	0.8491
LMNA	BCAP31	3	0.0017	0.8509
ACTB	BRCA2	3	0.1662	0.6184
CTNNA1	BRCA2	3	0.0072	0.8261
KRT8	BRCA2	3	0.1795	0.6066
LMNA	BRCA2	3	0.2943	0.4942
MAPRE3	BRCA2	3	0.1472	0.6339
LMNA	MECP2	3	0.1816	0.6052
ACTB	HCFC1	3	0.212	0.5784
CTNNA1	HCFC1	3	0.0369	0.7421
KRT8	HCFC1	3	0.1902	0.5982
LMNA	HCFC1	3	0.286	0.5036
MAPRE3	HCFC1	3	0.2158	0.5758
ACTB	IRAK1	3	0.064	0.7097
KRT8	IRAK1	3	0.9994	0
ACTB	ALDH3A2	3	0.0057	0.8322
KRT8	ALDH3A2	3	0.1218	0.6568
LMNA	ALDH3A2	3	0.5003	0.1846
ACTB	HSD17B4	3	0.0032	0.8433
KRT8	HSD17B4	3	0.0044	0.8379
ACTB	STAT5B	3	0.0411	0.7363
CTNNA1	STAT5B	3	0.0977	0.6772
KRT8	STAT5B	3	0.1832	0.6035
LMNA	STAT5B	3	0.0183	0.7807
KRT8	USP11	3	0.0274	0.7581
ACTB	RPS6KA3	3	0.0024	0.847
LMNA	RPS6KA3	3	0.0001	0.865
ACTB	AFF1	3	0	0.8672
LMNA	AFF1	3	0.012	0.8063
ACTB	HDGF	3	0.0205	0.774
CTNNA1	HDGF	3	0.0257	0.7618
KRT8	HDGF	3	0.0145	0.7955
LMNA	HDGF	3	0.1497	0.6321
MAPRE3	HDGF	3	0.0116	0.8077
LMNA	MNAT1	3	0.1047	0.6711
ACTB	UBE2E1	3	0.0033	0.8429
CTNNA1	UBE2E1	3	0.0094	0.8174
KRT8	UBE2E1	3	0.3936	0.2669
LMNA	UBE2E1	3	0.82	0.0203
ACTB	NDUFA8	3	0.0155	0.7917
KRT8	NDUFA8	3	0.2445	0.55
LMNA	NDUFA8	3	0.0105	0.8127
MAPRE3	NDUFA8	3	0.0004	0.8609
ACTB	HNRNPA3	3	0.0161	0.789
CTNNA1	HNRNPA3	3	0.0123	0.805
KRT8	HNRNPA3	3	0.0116	0.8077
LMNA	HNRNPA3	3	0.1057	0.67
MAPRE3	HNRNPA3	3	0.0125	0.8041
ACTB	PGD	3	0.3322	0.4512
ACTB	HNRNPM	3	0.1433	0.6376
CTNNA1	HNRNPM	3	0.0266	0.7598
KRT8	HNRNPM	3	0.1737	0.6114
LMNA	HNRNPM	3	0.2784	0.5123
MAPRE3	HNRNPM	3	0.1164	0.6609
ACTB	KPNA2	3	0.0083	0.8218
KRT8	KPNA2	3	0.0194	0.7776
LMNA	KPNA2	3	0.0873	0.6863
MAPRE3	KPNA2	3	0.0011	0.8545
ACTB	KPNA1	3	0.0135	0.7997
KRT8	KPNA1	3	0.0194	0.7776
LMNA	KPNA1	3	0.4723	0.1965
ACTB	NCBP2	3	0.0013	0.8533
LMNA	NCBP2	3	0.1309	0.6488
KRT8	POLR2H	3	0.0025	0.8466
LMNA	POLR2H	3	0.006	0.831
ACTB	ARHGDIA	3	0.004	0.8397
KRT8	ARHGDIA	3	0.0053	0.8338
ACTB	AGFG1	3	0.3356	0.3795
CTNNA1	AGFG1	3	0.1188	0.6589
KRT8	AGFG1	3	0.3503	0.3486
LMNA	AGFG1	3	0.2832	0.5065
MAPRE3	AGFG1	3	0.2609	0.5328
ACTB	HNRNPF	3	0.0512	0.7232
CTNNA1	HNRNPF	3	0.0192	0.7782
KRT8	HNRNPF	3	0.0768	0.6964
LMNA	HNRNPF	3	0.3776	0.2904
MAPRE3	HNRNPF	3	0.0212	0.7721
ACTB	STAT2	3	0.0162	0.7886
KRT8	STAT2	3	0.0758	0.6976
MAPRE3	STAT2	3	0.0012	0.8539
KRT8	GTF2A1	3	0.3358	0.379
LMNA	GTF2A1	3	0.0752	0.6983
ACTB	MSH6	3	0.0034	0.8424
KRT8	MSH6	3	0.0096	0.8166
LMNA	MSH6	3	0.0326	0.7486
MAPRE3	MSH6	3	0.0001	0.865
ACTB	KIF11	3	0.2986	0.4892
CTNNA1	KIF11	3	0.104	0.6718
KRT8	KIF11	3	0.3128	0.4739
LMNA	KIF11	3	0.0324	0.7489
MAPRE3	KIF11	3	0.2738	0.5182
ACTB	VAV2	3	0.3333	0.3843
LMNA	VAV2	3	0.6667	0.0712
CTNNA1	RBM5	3	0.0186	0.7799
LMNA	RBM5	3	0.3181	0.4673
MAPRE3	RBM5	3	0.0201	0.7753
ACTB	HK2	3	0.0715	0.7021
CTNNA1	HK2	3	0.0198	0.7761
KRT8	HK2	3	0.0532	0.7212
LMNA	HK2	3	0.054	0.7203
ACTB	THOP1	3	0.0011	0.8545
CTNNA1	THOP1	3	0.0008	0.8571
LMNA	THOP1	3	0	0.8672
ACTB	AKR1C2	3	0.0029	0.8445
CTNNA1	AKR1C2	3	0.01	0.8148
KRT8	AKR1C2	3	0.0003	0.8621
LMNA	AKR1C2	3	0.0053	0.8338
MAPRE3	AKR1C2	3	0.002	0.8491
ACTB	CAPZA1	3	0.3166	0.4696
CTNNA1	CAPZA1	3	0.0066	0.8285
KRT8	CAPZA1	3	0.1183	0.6594
LMNA	CAPZA1	3	0.2769	0.514
ACTB	CRIP2	3	0.0816	0.6925
KRT8	CRIP2	3	0.0384	0.7398
LMNA	CRIP2	3	0.0045	0.8375
ACTB	NUP98	3	0.2498	0.5444
CTNNA1	NUP98	3	0.0998	0.6755
KRT8	NUP98	3	0.2821	0.5075
LMNA	NUP98	3	0.3758	0.2956
MAPRE3	NUP98	3	0.1729	0.6123
ACTB	BLVRA	3	0.0284	0.7562
CTNNA1	BLVRA	3	0.0121	0.8057
KRT8	BLVRA	3	0.4622	0.2045
LMNA	BLVRA	3	0.64	0.1355
KRT8	SLC25A1	3	0.0088	0.8198
LMNA	SLC25A1	3	0.0069	0.8272
LMNA	PPP5C	3	0.0261	0.7608
ACTB	PLK1	3	0.0146	0.795
CTNNA1	PLK1	3	0.0003	0.8621
KRT8	PLK1	3	0.3217	0.4635
LMNA	PLK1	3	0.0217	0.7708
MAPRE3	PLK1	3	0.0768	0.6964
ACTB	DAPK1	3	1	0
KRT8	DAPK1	3	0.0028	0.8451
ACTB	ARFIP2	3	0.0668	0.7068
KRT8	ARFIP2	3	0.2306	0.5616
LMNA	ARFIP2	3	0.0551	0.7193
ACTB	ARFIP1	3	0.0088	0.8198
KRT8	ARFIP1	3	0.0045	0.8375
LMNA	ARFIP1	3	0.0007	0.8579
MAPRE3	ARFIP1	3	0	0.8672
ACTB	ACLY	3	0.0958	0.679
CTNNA1	ACLY	3	0.0162	0.7886
KRT8	ACLY	3	0.1294	0.6508
LMNA	ACLY	3	0.0532	0.7212
MAPRE3	ACLY	3	0.0257	0.7618
ACTB	COPB1	3	0.0506	0.7242
CTNNA1	COPB1	3	0.0249	0.7639
KRT8	COPB1	3	0.4334	0.2243
LMNA	COPB1	3	0.1522	0.6294
MAPRE3	COPB1	3	0.0176	0.7832
ACTB	COPA	3	0.3759	0.2949
CTNNA1	COPA	3	0.1346	0.6451
KRT8	COPA	3	0.4181	0.2409
LMNA	COPA	3	0.3125	0.4744
MAPRE3	COPA	3	0.3319	0.4518
ACTB	AP2S1	3	0.3021	0.4847
KRT8	AP2S1	3	0.6129	0.1411
ACTB	HCCS	3	0.0017	0.8509
CTNNA1	HCCS	3	0.0284	0.7562
LMNA	HCCS	3	0.0033	0.8429
MAPRE3	HCCS	3	0.0008	0.8571
ACTB	TTC3	3	0.1134	0.6637
KRT8	TTC3	3	0.993	0.0005
ACTB	SMTN	3	0.0062	0.8302
KRT8	SMTN	3	0.1871	0.6004
LMNA	SMTN	3	0.0155	0.7917
ACTB	SLC16A1	3	0.2056	0.5845
CTNNA1	SLC16A1	3	0.0377	0.7411
KRT8	SLC16A1	3	0.1719	0.6137
LMNA	SLC16A1	3	0.1632	0.6209
MAPRE3	SLC16A1	3	0.0713	0.7024
ACTB	IST1	3	0.0157	0.7907
KRT8	IST1	3	0.0471	0.7287
ACTB	SEC24C	3	0.0103	0.8135
CTNNA1	SEC24C	3	0.0088	0.8198
KRT8	SEC24C	3	0.1395	0.6409
LMNA	SEC24C	3	0.0538	0.7206
MAPRE3	SEC24C	3	0.0034	0.8424
ACTB	SUB1	3	0.0834	0.6901
CTNNA1	SUB1	3	0.0401	0.7374
KRT8	SUB1	3	0.1356	0.6444
LMNA	SUB1	3	0.3154	0.4709
MAPRE3	SUB1	3	0.1416	0.639
ACTB	CLNS1A	3	0.0087	0.8203
CTNNA1	CLNS1A	3	0.0103	0.8135
KRT8	CLNS1A	3	0.02	0.7755
LMNA	CLNS1A	3	0.0083	0.8218
MAPRE3	CLNS1A	3	0.0065	0.8289
LMNA	BLM	3	0.0656	0.7078
MAPRE3	BLM	3	0.0023	0.8475
ACTB	RARS1	3	0.2235	0.5686
CTNNA1	RARS1	3	0.0555	0.7186
KRT8	RARS1	3	0.2691	0.5237
LMNA	RARS1	3	0.1068	0.6686
MAPRE3	RARS1	3	0.0546	0.7197
ACTB	ATXN1	3	0	0.8672
LMNA	ATXN1	3	0.0129	0.8025
LMNA	ATN1	3	0.1676	0.6171
ACTB	PMS1	3	0.2466	0.548
CTNNA1	PMS1	3	0.0417	0.7355
KRT8	PMS1	3	0.2669	0.5255
LMNA	PMS1	3	0.3464	0.3559
MAPRE3	PMS1	3	0.2298	0.5622
LMNA	PMS2	3	0.2285	0.5637
ACTB	YARS1	3	0.16	0.6231
CTNNA1	YARS1	3	0.001	0.8552
KRT8	YARS1	3	0.1042	0.6717
LMNA	YARS1	3	0.0455	0.7307
MAPRE3	YARS1	3	0.0154	0.7921
ACTB	USP14	3	0.018	0.7818
KRT8	USP14	3	0.0437	0.7328
ACTB	PRKAG1	3	0.004	0.8397
CTNNA1	PRKAG1	3	0	0.8672
KRT8	PRKAG1	3	0.0001	0.865
LMNA	PRKAG1	3	0	0.8672
MAPRE3	PRKAG1	3	0.0011	0.8545
ACTB	BCAT1	3	0.1525	0.629
CTNNA1	BCAT1	3	0.0398	0.7378
KRT8	BCAT1	3	0.0998	0.6755
LMNA	BCAT1	3	0.0161	0.789
MAPRE3	BCAT1	3	0.0114	0.8088
ACTB	AK2	3	0.0128	0.8029
CTNNA1	AK2	3	0.0239	0.7662
KRT8	AK2	3	0.0063	0.8298
LMNA	AK2	3	0.0048	0.8361
MAPRE3	AK2	3	0.0006	0.8588
ACTB	ALDH18A1	3	0.1198	0.658
CTNNA1	ALDH18A1	3	0.0388	0.739
KRT8	ALDH18A1	3	0.3983	0.2602
LMNA	ALDH18A1	3	0.1924	0.5958
MAPRE3	ALDH18A1	3	0.0438	0.7327
ACTB	NAPA	3	0.0574	0.7167
CTNNA1	NAPA	3	0.0385	0.7395
KRT8	NAPA	3	0.2828	0.507
ACTB	EIF5	3	0.2574	0.5359
CTNNA1	EIF5	3	0.1536	0.6282
KRT8	EIF5	3	0.25	0.5443
LMNA	EIF5	3	0.049	0.7262
MAPRE3	EIF5	3	0.2047	0.5851
ACTB	PSMD4	3	0.0102	0.814
KRT8	PSMD4	3	0.015	0.7937
LMNA	PSMD4	3	0.0826	0.6909
ACTB	DRG2	3	0.224	0.568
KRT8	DRG2	3	0.3317	0.4523
MAPRE3	DRG2	3	0.0526	0.7216
ACTB	CSE1L	3	0.2772	0.5136
CTNNA1	CSE1L	3	0.0911	0.6828
KRT8	CSE1L	3	0.2918	0.4974
LMNA	CSE1L	3	0.3315	0.4527
MAPRE3	CSE1L	3	0.1882	0.5999
ACTB	VCP	3	0.1091	0.6669
KRT8	VCP	3	0.1033	0.6724
LMNA	VCP	3	0.0102	0.814
MAPRE3	VCP	3	0.0083	0.8218
ACTB	MFAP1	3	0.0021	0.8485
LMNA	MFAP1	3	0.3039	0.4821
MAPRE3	MFAP1	3	0.0044	0.8379
ACTB	HADHB	3	0.0068	0.8277
CTNNA1	HADHB	3	0.0018	0.8502
LMNA	HADHB	3	0.0145	0.7955
MAPRE3	HADHB	3	0.0003	0.8621
ACTB	AFDN	3	0.1286	0.6514
CTNNA1	AFDN	3	0.0512	0.7232
KRT8	AFDN	3	0.0106	0.8123
MAPRE3	AFDN	3	0.0005	0.8597
ACTB	NAP1L1	3	0.3444	0.36
CTNNA1	NAP1L1	3	0.2253	0.5669
KRT8	NAP1L1	3	0.361	0.3249
LMNA	NAP1L1	3	0.115	0.6625
MAPRE3	NAP1L1	3	0.2031	0.5866
ACTB	ADAR	3	0.0738	0.6996
CTNNA1	ADAR	3	0.0166	0.787
KRT8	ADAR	3	0.1381	0.6421
LMNA	ADAR	3	0.1335	0.646
MAPRE3	ADAR	3	0.0652	0.7083
ACTB	TPD52	3	0.0139	0.7977
KRT8	TPD52	3	0.0095	0.817
LMNA	TPD52	3	0.0001	0.865
MAPRE3	TPD52	3	0.0003	0.8621
ACTB	SEC13	3	0.0089	0.8194
KRT8	SEC13	3	0.0008	0.8571
ACTB	SNU13	3	0.0181	0.7814
CTNNA1	SNU13	3	0.0052	0.8344
LMNA	SNU13	3	0.0105	0.8127
ACTB	NPEPPS	3	0.3268	0.4592
CTNNA1	NPEPPS	3	0.0736	0.6997
KRT8	NPEPPS	3	0.2495	0.5453
LMNA	NPEPPS	3	0.2041	0.5856
ACTB	HNRNPH2	3	0.1437	0.6369
CTNNA1	HNRNPH2	3	0.0113	0.8094
KRT8	HNRNPH2	3	0.2423	0.5519
LMNA	HNRNPH2	3	0.2551	0.5381
MAPRE3	HNRNPH2	3	0.0286	0.7557
CTNNA1	OXCT1	3	0.0105	0.8127
ACTB	SUMO3	3	0.0158	0.7903
CTNNA1	SUMO3	3	0.0009	0.856
KRT8	SUMO3	3	0.0136	0.7993
LMNA	SUMO3	3	0.0175	0.7836
MAPRE3	SUMO3	3	0.0047	0.8366
ACTB	EIF3B	3	0.2773	0.5134
CTNNA1	EIF3B	3	0.1104	0.6659
KRT8	EIF3B	3	0.3038	0.4822
LMNA	EIF3B	3	0.1647	0.6194
MAPRE3	EIF3B	3	0.1939	0.5942
ACTB	BID	3	0.0177	0.7828
CTNNA1	BID	3	0.0032	0.8433
KRT8	BID	3	0.0292	0.7544
ACTB	ATP5MF	3	0.0194	0.7776
CTNNA1	ATP5MF	3	0.0204	0.7744
KRT8	ATP5MF	3	0.0258	0.7616
LMNA	ATP5MF	3	0.0186	0.7799
MAPRE3	ATP5MF	3	0.007	0.8268
ACTB	MARS1	3	0.1604	0.6228
CTNNA1	MARS1	3	0.0591	0.715
KRT8	MARS1	3	0.2212	0.571
LMNA	MARS1	3	0.0756	0.6979
MAPRE3	MARS1	3	0.0157	0.7907
ACTB	ARPP19	3	0.3333	0.3843
KRT8	ARPP19	3	0.3333	0.3843
ACTB	EIF6	3	0.0103	0.8135
CTNNA1	EIF6	3	0.0079	0.8232
KRT8	EIF6	3	0.0034	0.8424
LMNA	EIF6	3	0.0068	0.8277
MAPRE3	EIF6	3	0.0026	0.846
ACTB	CTBP2	3	0.0023	0.8475
CTNNA1	CTBP2	3	0.0009	0.856
LMNA	CTBP2	3	0.0139	0.7977
KRT8	NDUFA6	3	0.3333	0.3843
ACTB	BCAR1	3	0.0112	0.8098
KRT8	BCAR1	3	0.2096	0.5808
MAPRE3	BCAR1	3	0.0004	0.8609
LMNA	CFAP298	3	0.2709	0.5213
ACTB	TMEM33	3	0.2626	0.5312
CTNNA1	TMEM33	3	0.0549	0.7194
KRT8	TMEM33	3	0.4555	0.2089
LMNA	TMEM33	3	0.2683	0.5242
MAPRE3	TMEM33	3	0.1478	0.6336
ACTB	GEMIN4	3	0.3412	0.3654
CTNNA1	GEMIN4	3	0.0621	0.712
KRT8	GEMIN4	3	0.366	0.3163
LMNA	GEMIN4	3	0.302	0.4849
MAPRE3	GEMIN4	3	0.2453	0.5494
ACTB	CORO7	3	0.018	0.7818
CTNNA1	CORO7	3	0.0002	0.8634
KRT8	CORO7	3	0.0189	0.7791
LMNA	CORO7	3	0.0018	0.8502
MAPRE3	CORO7	3	0.0017	0.8509
ACTB	NUP107	3	0.2387	0.5547
CTNNA1	NUP107	3	0.0923	0.6817
KRT8	NUP107	3	0.2555	0.5375
LMNA	NUP107	3	0.4178	0.2418
MAPRE3	NUP107	3	0.1612	0.6222
KRT8	EEFSEC	3	0.1202	0.6577
ACTB	EPPK1	3	0.1997	0.5896
CTNNA1	EPPK1	3	0.0835	0.6899
KRT8	EPPK1	3	0.5058	0.1812
LMNA	EPPK1	3	0.1444	0.6364
MAPRE3	EPPK1	3	0.132	0.6475
LMNA	ZNF121	3	1	0
ACTB	MTPN	3	0.0112	0.8098
CTNNA1	MTPN	3	0.0196	0.7768
KRT8	MTPN	3	0.0165	0.7874
LMNA	MTPN	3	0.0132	0.8011
MAPRE3	MTPN	3	0.0099	0.8153
ACTB	BPIFB4	3	0.3333	0.3843
KRT8	ARPC4	3	0.2296	0.5625
ACTB	SEC61G	3	0.2296	0.5625
CTNNA1	SEC61G	3	0.0372	0.7417
KRT8	SEC61G	3	0.1651	0.6193
LMNA	SEC61G	3	0.1305	0.6493
MAPRE3	SEC61G	3	0.0547	0.7195
ACTB	TPI1	3	0.3333	0.3843
LMNA	TPI1	3	0.3158	0.4703
ACTB	EIF3E	3	0.0502	0.7249
KRT8	EIF3E	3	0.109	0.667
LMNA	EIF3E	3	0.0586	0.7155
MAPRE3	EIF3E	3	0.044	0.7323
ACTB	SEC61B	3	0.0469	0.729
CTNNA1	SEC61B	3	0.0124	0.8045
KRT8	SEC61B	3	0.0392	0.7385
LMNA	SEC61B	3	0.0962	0.6787
MAPRE3	SEC61B	3	0.004	0.8397
ACTB	MYL6	3	0.2289	0.5632
CTNNA1	MYL6	3	0.0129	0.8025
KRT8	MYL6	3	0.1065	0.6691
LMNA	MYL6	3	0.0246	0.7648
MAPRE3	MYL6	3	0.0074	0.8253
ACTB	ACTB	3	1	0
CTNNA1	ACTB	3	0.0173	0.7843
KRT8	ACTB	3	0.0155	0.7917
LMNA	ACTB	3	0.0163	0.7882
MAPRE3	ACTB	3	0.0125	0.8041
ACTB	EIF4A1	3	0.0766	0.6966
CTNNA1	EIF4A1	3	0.0185	0.7803
KRT8	EIF4A1	3	0.1695	0.616
LMNA	EIF4A1	3	0.0921	0.6819
MAPRE3	EIF4A1	3	0.0262	0.7606
ACTB	RPS20	3	0.0199	0.7758
CTNNA1	RPS20	3	0.0113	0.8094
KRT8	RPS20	3	0.1043	0.6716
LMNA	RPS20	3	0.0462	0.73
MAPRE3	RPS20	3	0.0099	0.8153
ACTB	S100A10	3	0.2396	0.5543
CTNNA1	S100A10	3	0.0559	0.7181
KRT8	S100A10	3	0.2403	0.5535
LMNA	S100A10	3	0.122	0.6565
MAPRE3	S100A10	3	0.0584	0.7157
ACTB	DSTN	3	0.0215	0.7712
CTNNA1	DSTN	3	0.0104	0.8132
KRT8	DSTN	3	0.0246	0.7648
LMNA	DSTN	3	0.0262	0.7606
MAPRE3	DSTN	3	0.0086	0.8207
ACTB	GMFB	3	0.1214	0.657
LMNA	GMFB	3	0.2325	0.5602
MAPRE3	GMFB	3	0.0152	0.7929
ACTB	SRP54	3	0.3361	0.3783
CTNNA1	SRP54	3	0.1937	0.5945
KRT8	SRP54	3	0.3269	0.4591
LMNA	SRP54	3	0.1475	0.6338
MAPRE3	SRP54	3	0.2885	0.5009
ACTB	UBE2D3	3	0.0886	0.6851
CTNNA1	UBE2D3	3	0.0087	0.8203
KRT8	UBE2D3	3	0.2541	0.5393
MAPRE3	UBE2D3	3	0.0664	0.7073
ACTB	UBE2M	3	0.0087	0.8203
CTNNA1	UBE2M	3	0.1495	0.6323
KRT8	UBE2M	3	0.3013	0.4856
LMNA	UBE2M	3	0.5633	0.1541
MAPRE3	UBE2M	3	0.0874	0.6862
KRT8	UBE2N	3	0.3333	0.3843
ACTB	RAB14	3	0.1046	0.6712
CTNNA1	RAB14	3	0.0186	0.7799
KRT8	RAB14	3	0.0929	0.6813
LMNA	RAB14	3	0.0942	0.6803
MAPRE3	RAB14	3	0	0.8672
ACTB	ACTR3	3	0.0539	0.7205
CTNNA1	ACTR3	3	0.0706	0.7031
KRT8	ACTR3	3	0.0514	0.7227
LMNA	ACTR3	3	0.0129	0.8025
MAPRE3	ACTR3	3	0.0035	0.8419
ACTB	ACTR2	3	0.0174	0.784
CTNNA1	ACTR2	3	0.0116	0.8077
KRT8	ACTR2	3	0.0592	0.7149
LMNA	ACTR2	3	0.0058	0.8318
MAPRE3	ACTR2	3	0.0001	0.865
ACTB	COPS2	3	0.0051	0.8347
CTNNA1	COPS2	3	0	0.8672
KRT8	COPS2	3	0.0002	0.8634
LMNA	COPS2	3	0.0056	0.8326
ACTB	ARF3	3	0.2088	0.5814
CTNNA1	ARF3	3	0.0288	0.7551
KRT8	ARF3	3	0.1816	0.6052
LMNA	ARF3	3	0.2108	0.58
MAPRE3	ARF3	3	0.0624	0.7116
ACTB	ABCE1	3	0.1429	0.638
CTNNA1	ABCE1	3	0.037	0.742
KRT8	ABCE1	3	0.1272	0.6525
LMNA	ABCE1	3	0.0266	0.7598
MAPRE3	ABCE1	3	0.0168	0.7862
LMNA	MAX	3	0.6667	0.0712
ACTB	RPS3A	3	0.0602	0.7137
CTNNA1	RPS3A	3	0.0144	0.796
KRT8	RPS3A	3	0.0994	0.6757
LMNA	RPS3A	3	0.0627	0.7113
MAPRE3	RPS3A	3	0.0088	0.8198
CTNNA1	RPL26	3	0.0461	0.7301
MAPRE3	RPL26	3	0.0112	0.8098
ACTB	PSME3	3	0.1344	0.6452
CTNNA1	PSME3	3	0.0138	0.7982
KRT8	PSME3	3	0.1206	0.6575
LMNA	PSME3	3	0.2737	0.5185
ACTB	RPL15	3	0.1005	0.6751
CTNNA1	RPL15	3	0.0228	0.7685
KRT8	RPL15	3	0.3415	0.3646
LMNA	RPL15	3	0.1121	0.6646
MAPRE3	RPL15	3	0.0393	0.7384
ACTB	RPL27	3	0.0239	0.7662
CTNNA1	RPL27	3	0.003	0.8442
KRT8	RPL27	3	0.1467	0.6346
LMNA	RPL27	3	0.0427	0.7341
MAPRE3	RPL27	3	0.013	0.8021
ACTB	RPL37A	3	0.051	0.7236
CTNNA1	RPL37A	3	0.0134	0.8003
KRT8	RPL37A	3	0.0407	0.7368
LMNA	RPL37A	3	0.0257	0.7618
MAPRE3	RPL37A	3	0.018	0.7818
ACTB	HSPE1	3	0.7159	0.0457
KRT8	HSPE1	3	0.9951	0.0003
LMNA	HSPE1	3	0.2905	0.4991
ACTB	SEC61A1	3	0.1176	0.6599
KRT8	SEC61A1	3	0.2419	0.5521
LMNA	SEC61A1	3	0.0625	0.7114
MAPRE3	SEC61A1	3	0.0073	0.8256
ACTB	LYZ	3	0.3333	0.3843
ACTB	VBP1	3	0.1764	0.6092
CTNNA1	VBP1	3	0.0099	0.8153
KRT8	VBP1	3	0.0444	0.7319
LMNA	VBP1	3	0.0121	0.8057
MAPRE3	VBP1	3	0.0069	0.8272
ACTB	STXBP1	3	0.3333	0.3843
ACTB	B2M	3	0.3333	0.3843
ACTB	COPZ1	3	0.3074	0.4799
KRT8	COPZ1	3	0.3279	0.458
LMNA	COPZ1	3	0.2259	0.5664
MAPRE3	COPZ1	3	0.2781	0.5128
ACTB	UFM1	3	0.0031	0.8437
CTNNA1	UFM1	3	0.0176	0.7832
KRT8	UFM1	3	0.0051	0.8347
MAPRE3	UFM1	3	0.0031	0.8437
ACTB	DCAF7	3	0.1304	0.6495
CTNNA1	DCAF7	3	0.0421	0.7348
KRT8	DCAF7	3	0.016	0.7893
LMNA	DCAF7	3	0.4575	0.2069
MAPRE3	DCAF7	3	0.0091	0.8188
LMNA	WDR5	3	0.0379	0.7406
ACTB	HNRNPK	3	0.0973	0.6777
CTNNA1	HNRNPK	3	0.0123	0.805
KRT8	HNRNPK	3	0.0944	0.6802
LMNA	HNRNPK	3	0.2815	0.5084
MAPRE3	HNRNPK	3	0.0615	0.7126
ACTB	YWHAG	3	0.0847	0.6883
LMNA	YWHAG	3	0.0362	0.7431
ACTB	RPS7	3	0.0144	0.796
CTNNA1	RPS7	3	0.0258	0.7616
KRT8	RPS7	3	0.0455	0.7307
LMNA	RPS7	3	0.0911	0.6828
MAPRE3	RPS7	3	0.0401	0.7374
ACTB	PPP1CB	3	0.2904	0.4992
CTNNA1	PPP1CB	3	0.0537	0.7207
KRT8	PPP1CB	3	0.2681	0.5244
LMNA	PPP1CB	3	0.2463	0.5482
MAPRE3	PPP1CB	3	0.252	0.5419
ACTB	PSMC1	3	0.0098	0.8157
KRT8	PSMC1	3	0.0138	0.7982
ACTB	PSMC5	3	0.4057	0.2533
CTNNA1	PSMC5	3	0.2258	0.5667
KRT8	PSMC5	3	0.4308	0.2266
LMNA	PSMC5	3	0.3155	0.4708
MAPRE3	PSMC5	3	0.3233	0.4621
ACTB	RPS8	3	0.1028	0.6729
CTNNA1	RPS8	3	0.0213	0.7717
KRT8	RPS8	3	0.4683	0.199
LMNA	RPS8	3	0.1293	0.651
MAPRE3	RPS8	3	0.0379	0.7406
ACTB	RPS15A	3	0.1152	0.6623
CTNNA1	RPS15A	3	0.0205	0.774
KRT8	RPS15A	3	0.2152	0.5764
LMNA	RPS15A	3	0.1018	0.6738
MAPRE3	RPS15A	3	0.0416	0.7356
ACTB	RPS16	3	0.0107	0.8119
CTNNA1	RPS16	3	0.0114	0.8088
KRT8	RPS16	3	0.0205	0.774
LMNA	RPS16	3	0.0221	0.77
MAPRE3	RPS16	3	0.0057	0.8322
CTNNA1	UBE2H	3	0.0254	0.7627
ACTB	YWHAE	3	0.1246	0.6539
CTNNA1	YWHAE	3	0.0229	0.7683
KRT8	YWHAE	3	0.1136	0.6635
LMNA	YWHAE	3	0.0429	0.7339
MAPRE3	YWHAE	3	0.0424	0.7345
ACTB	RPS14	3	0.1891	0.5991
CTNNA1	RPS14	3	0.0232	0.7677
KRT8	RPS14	3	0.8769	0.0103
LMNA	RPS14	3	0.0501	0.725
MAPRE3	RPS14	3	0.019	0.7787
ACTB	RPS23	3	0.1239	0.6547
CTNNA1	RPS23	3	0.0265	0.76
KRT8	RPS23	3	0.2529	0.5408
LMNA	RPS23	3	0.1743	0.6108
MAPRE3	RPS23	3	0.0571	0.7172
ACTB	RPS18	3	0.003	0.8442
ACTB	RPS11	3	0.0988	0.6762
CTNNA1	RPS11	3	0.0286	0.7557
KRT8	RPS11	3	0.2831	0.5068
LMNA	RPS11	3	0.1413	0.6394
MAPRE3	RPS11	3	0.0594	0.7146
ACTB	SNRPE	3	0.1821	0.6045
KRT8	SNRPE	3	0.0204	0.7744
LMNA	SNRPE	3	0.2362	0.557
MAPRE3	SNRPE	3	0.0242	0.7655
ACTB	SNRPF	3	0.001	0.8552
KRT8	SNRPF	3	0.001	0.8552
LMNA	SNRPF	3	0.0066	0.8285
MAPRE3	SNRPF	3	0	0.8672
ACTB	SNRPD1	3	0	0.8672
LMNA	SNRPD1	3	0.0004	0.8609
ACTB	SNRPD2	3	0.266	0.5266
CTNNA1	SNRPD2	3	0.0612	0.7128
KRT8	SNRPD2	3	0.2512	0.5427
LMNA	SNRPD2	3	0.2744	0.5176
MAPRE3	SNRPD2	3	0.2072	0.5829
ACTB	SNRPD3	3	0.1331	0.6465
CTNNA1	SNRPD3	3	0.0037	0.8409
KRT8	SNRPD3	3	0.095	0.6797
LMNA	SNRPD3	3	0.1737	0.6114
MAPRE3	SNRPD3	3	0.0248	0.7642
ACTB	TMSB4X	3	0.0121	0.8057
CTNNA1	TMSB4X	3	0.0001	0.865
KRT8	TMSB4X	3	0.0152	0.7929
LMNA	TMSB4X	3	0.0094	0.8174
MAPRE3	TMSB4X	3	0.004	0.8397
ACTB	ARF6	3	0.0318	0.7497
CTNNA1	ARF6	3	0.1055	0.6702
KRT8	ARF6	3	0.0274	0.7581
LMNA	ARF6	3	0.5822	0.1493
MAPRE3	ARF6	3	0.0053	0.8338
ACTB	PSMC6	3	0.0138	0.7982
KRT8	PSMC6	3	0.0073	0.8256
LMNA	PSMC6	3	0.0008	0.8571
ACTB	RPL7A	3	0.0374	0.7413
CTNNA1	RPL7A	3	0.0194	0.7776
KRT8	RPL7A	3	0.0253	0.7631
LMNA	RPL7A	3	0.0508	0.7239
MAPRE3	RPL7A	3	0.0213	0.7717
KRT8	RAB11A	3	0.005	0.8352
LMNA	RAB11A	3	1	0
ACTB	ETF1	3	0.3067	0.4806
CTNNA1	ETF1	3	0.1246	0.6539
KRT8	ETF1	3	0.3293	0.4553
LMNA	ETF1	3	0.1354	0.6446
MAPRE3	ETF1	3	0.2221	0.5701
ACTB	RPS4X	3	0.0866	0.6869
CTNNA1	RPS4X	3	0.0174	0.784
KRT8	RPS4X	3	0.0982	0.6768
LMNA	RPS4X	3	0.07	0.7035
MAPRE3	RPS4X	3	0.0189	0.7791
CTNNA1	PPP2CB	3	0.0257	0.7618
LMNA	PPP2CB	3	0.0081	0.8226
ACTB	RPL23A	3	0.0328	0.7484
CTNNA1	RPL23A	3	0.0198	0.7761
KRT8	RPL23A	3	0.0468	0.7291
LMNA	RPL23A	3	0.0385	0.7395
MAPRE3	RPL23A	3	0.0195	0.7772
ACTB	RPS6	3	0.0925	0.6815
CTNNA1	RPS6	3	0.0144	0.796
KRT8	RPS6	3	0.485	0.1905
LMNA	RPS6	3	0.1296	0.6504
MAPRE3	RPS6	3	0.0297	0.7533
ACTB	H4C1	3	0.0151	0.7933
CTNNA1	H4C1	3	0.0264	0.7601
KRT8	H4C1	3	0.0124	0.8045
LMNA	H4C1	3	0.1471	0.6341
MAPRE3	H4C1	3	0.0111	0.8104
ACTB	RAB1A	3	0.0763	0.697
CTNNA1	RAB1A	3	0.0186	0.7799
KRT8	RAB1A	3	0.0488	0.7264
LMNA	RAB1A	3	0.1942	0.5938
MAPRE3	RAB1A	3	0.0233	0.7673
ACTB	RAN	3	0.0822	0.6916
CTNNA1	RAN	3	0.0175	0.7836
KRT8	RAN	3	0.2334	0.5595
LMNA	RAN	3	0.3005	0.4863
MAPRE3	RAN	3	0.0435	0.7333
ACTB	RPL23	3	0.0339	0.747
CTNNA1	RPL23	3	0.0122	0.8053
KRT8	RPL23	3	0.0818	0.6922
LMNA	RPL23	3	0.0741	0.6992
MAPRE3	RPL23	3	0.0091	0.8188
ACTB	RPS24	3	0.0183	0.7807
CTNNA1	RPS24	3	0.0209	0.773
KRT8	RPS24	3	0.0143	0.7965
LMNA	RPS24	3	0.0286	0.7557
MAPRE3	RPS24	3	0.0168	0.7862
ACTB	RPS25	3	0.0207	0.7735
CTNNA1	RPS25	3	0.0278	0.7573
KRT8	RPS25	3	0.0087	0.8203
LMNA	RPS25	3	0.0294	0.7539
MAPRE3	RPS25	3	0.0067	0.8281
ACTB	RPS26	3	0.1909	0.5978
CTNNA1	RPS26	3	0.0278	0.7573
KRT8	RPS26	3	0.217	0.575
LMNA	RPS26	3	0.106	0.6698
MAPRE3	RPS26	3	0.0298	0.7532
ACTB	RPS28	3	0.0167	0.7866
CTNNA1	RPS28	3	0.0146	0.795
KRT8	RPS28	3	0.0166	0.787
LMNA	RPS28	3	0.0196	0.7768
MAPRE3	RPS28	3	0.0112	0.8098
ACTB	FAU	3	0.0196	0.7768
CTNNA1	FAU	3	0.0114	0.8088
KRT8	FAU	3	0.0256	0.7621
LMNA	FAU	3	0.0228	0.7685
MAPRE3	FAU	3	0.0112	0.8098
ACTB	GNB1	3	0.0825	0.6912
CTNNA1	GNB1	3	0.0145	0.7955
KRT8	GNB1	3	0.0688	0.7049
LMNA	GNB1	3	0.0509	0.7237
MAPRE3	GNB1	3	0.0056	0.8326
ACTB	RBX1	3	0.0063	0.8298
KRT8	RBX1	3	0.0281	0.7566
LMNA	RBX1	3	0.0135	0.7997
ACTB	RPL30	3	0.0172	0.7846
CTNNA1	RPL30	3	0.0168	0.7862
KRT8	RPL30	3	0.022	0.7702
LMNA	RPL30	3	0.0224	0.7694
MAPRE3	RPL30	3	0.0093	0.8179
ACTB	RPL31	3	0.0113	0.8094
CTNNA1	RPL31	3	0.0226	0.769
KRT8	RPL31	3	0.0132	0.8011
LMNA	RPL31	3	0.0233	0.7673
MAPRE3	RPL31	3	0.0148	0.7943
ACTB	RPL10A	3	0.0239	0.7662
CTNNA1	RPL10A	3	0.0093	0.8179
KRT8	RPL10A	3	0.0166	0.787
ACTB	RPL32	3	0.0067	0.8281
LMNA	RPL32	3	0.036	0.7434
ACTB	RPL11	3	0.0226	0.769
CTNNA1	RPL11	3	0.0102	0.814
KRT8	RPL11	3	0.3692	0.3109
LMNA	RPL11	3	0.0879	0.6856
MAPRE3	RPL11	3	0.0116	0.8077
ACTB	RPL8	3	0.1933	0.5948
CTNNA1	RPL8	3	0.0204	0.7744
KRT8	RPL8	3	0.2024	0.5872
LMNA	RPL8	3	0.183	0.6038
MAPRE3	RPL8	3	0.0511	0.7234
ACTB	PPIA	3	0.0094	0.8174
CTNNA1	PPIA	3	0.016	0.7893
KRT8	PPIA	3	0.0105	0.8127
LMNA	PPIA	3	0.016	0.7893
MAPRE3	PPIA	3	0.0049	0.8357
ACTB	GRB2	3	0.0181	0.7814
CTNNA1	GRB2	3	0.0378	0.741
KRT8	GRB2	3	0.001	0.8552
LMNA	GRB2	3	0.0268	0.7594
MAPRE3	GRB2	3	0.0017	0.8509
ACTB	TRA2B	3	0.028	0.7568
CTNNA1	TRA2B	3	0.0085	0.8211
KRT8	TRA2B	3	0.0116	0.8077
LMNA	TRA2B	3	0.0296	0.7535
MAPRE3	TRA2B	3	0.0027	0.8456
LMNA	RAC1	3	0.6667	0.0712
ACTB	AP2B1	3	0.016	0.7893
CTNNA1	AP2B1	3	0.0001	0.865
KRT8	AP2B1	3	0.01	0.8148
LMNA	AP2B1	3	0.0008	0.8571
MAPRE3	AP2B1	3	0.0003	0.8621
ACTB	VAMP2	3	0.024	0.766
KRT8	VAMP2	3	0.0279	0.7571
ACTB	GNAS	3	0.017	0.7854
CTNNA1	GNAS	3	0.0111	0.8104
KRT8	GNAS	3	0.0108	0.8115
LMNA	GNAS	3	0.0248	0.7642
MAPRE3	GNAS	3	0.0034	0.8424
ACTB	GNAI1	3	0.0226	0.769
ACTB	YWHAZ	3	0.0311	0.7511
CTNNA1	YWHAZ	3	0.0116	0.8077
KRT8	YWHAZ	3	0.031	0.7514
LMNA	YWHAZ	3	0.0214	0.7713
MAPRE3	YWHAZ	3	0.0112	0.8098
ACTB	PPP2R2A	3	0.0109	0.8112
CTNNA1	PPP2R2A	3	0.0126	0.8036
KRT8	PPP2R2A	3	0.0137	0.7987
LMNA	PPP2R2A	3	0.014	0.7974
MAPRE3	PPP2R2A	3	0.0067	0.8281
ACTB	SUMO1	3	0.0139	0.7977
KRT8	SUMO1	3	0.0479	0.7277
LMNA	SUMO1	3	0.0039	0.84
ACTB	DYNLL1	3	0.0739	0.6993
CTNNA1	DYNLL1	3	0.0096	0.8166
KRT8	DYNLL1	3	0.147	0.6344
LMNA	DYNLL1	3	0.0341	0.7467
MAPRE3	DYNLL1	3	0.0296	0.7535
ACTB	RPL38	3	0.222	0.5702
CTNNA1	RPL38	3	0.0198	0.7761
KRT8	RPL38	3	0.2487	0.5462
LMNA	RPL38	3	0.0576	0.7164
MAPRE3	RPL38	3	0.0742	0.6991
ACTB	SKP1	3	0.0404	0.7369
CTNNA1	SKP1	3	0.017	0.7854
KRT8	SKP1	3	0.05	0.7251
LMNA	SKP1	3	0.0224	0.7694
MAPRE3	SKP1	3	0.0063	0.8298
ACTB	RPS21	3	0.0104	0.8132
CTNNA1	RPS21	3	0.0121	0.8057
KRT8	RPS21	3	0.0136	0.7993
LMNA	RPS21	3	0.0048	0.8361
MAPRE3	RPS21	3	0.002	0.8491
ACTB	EIF5A	3	0.0151	0.7933
CTNNA1	EIF5A	3	0.0105	0.8127
KRT8	EIF5A	3	0.0248	0.7642
LMNA	EIF5A	3	0.0214	0.7713
MAPRE3	EIF5A	3	0.0075	0.8248
ACTB	RACK1	3	0.0177	0.7828
CTNNA1	RACK1	3	0.0104	0.8132
KRT8	RACK1	3	0.4144	0.2463
LMNA	RACK1	3	0.7872	0.0254
MAPRE3	RACK1	3	0.0074	0.8253
ACTB	UBE2I	3	0.1761	0.6094
KRT8	UBE2I	3	0.0691	0.7044
ACTB	TMSB10	3	0.0178	0.7826
KRT8	TMSB10	3	0.0265	0.76
LMNA	TMSB10	3	0.017	0.7854
MAPRE3	TMSB10	3	0.006	0.831
ACTB	TPM4	3	0.0094	0.8174
CTNNA1	TPM4	3	0.0108	0.8115
KRT8	TPM4	3	0.0092	0.8184
LMNA	TPM4	3	0.0091	0.8188
MAPRE3	TPM4	3	0.0049	0.8357
ACTB	ACTC1	3	1	0
CTNNA1	ACTC1	3	0.0172	0.7846
KRT8	ACTC1	3	0.0174	0.784
LMNA	ACTC1	3	0.0175	0.7836
MAPRE3	ACTC1	3	0.0121	0.8057
ACTB	UBE2L3	3	0.0029	0.8445
LMNA	UBE2L3	3	0.0109	0.8112
ACTB	EEF1A1	3	0.1472	0.6339
CTNNA1	EEF1A1	3	0.0308	0.7518
KRT8	EEF1A1	3	0.2375	0.5558
LMNA	EEF1A1	3	0.1329	0.6469
MAPRE3	EEF1A1	3	0.0537	0.7207
ACTB	TUBA4A	3	0.1437	0.6369
CTNNA1	TUBA4A	3	0.0173	0.7843
KRT8	TUBA4A	3	0.294	0.4946
LMNA	TUBA4A	3	0.0876	0.6859
MAPRE3	TUBA4A	3	0.0388	0.739
ACTB	TUBB4B	3	0.0651	0.7085
CTNNA1	TUBB4B	3	0.0167	0.7866
KRT8	TUBB4B	3	0.2235	0.5686
LMNA	TUBB4B	3	0.0557	0.7183
MAPRE3	TUBB4B	3	0.0252	0.7633
CTNNA1	H3C1	3	0.0096	0.8166
LMNA	H3C1	3	0.0104	0.8132
MAPRE3	H3C1	3	0.0105	0.8127
ACTB	HBB	3	0.0157	0.7907
CTNNA1	HBB	3	0.0055	0.833
KRT8	HBB	3	0.0001	0.865
LMNA	HBB	3	0.001	0.8552
MAPRE3	HBB	3	0.0007	0.8579
ACTB	HBA1	3	0.6667	0.0712
CTNNA1	HBA1	3	0.3333	0.3843
KRT8	HBA1	3	0.3333	0.3843
MAPRE3	HBA1	3	0.3333	0.3843
ACTB	FAM193A	3	0.0096	0.8166
CTNNA1	FAM193A	3	0.0004	0.8609
KRT8	FAM193A	3	0.0164	0.7877
LMNA	FAM193A	3	0	0.8672
MAPRE3	FAM193A	3	0.0033	0.8429
ACTB	SH3BP2	3	0.1174	0.6602
KRT8	SH3BP2	3	0.0129	0.8025
ACTB	NOP14	3	0.0003	0.8621
LMNA	NOP14	3	0.0272	0.7586
MAPRE3	NOP14	3	0.0005	0.8597
ACTB	IGBP1	3	0.3867	0.2763
CTNNA1	IGBP1	3	0.1088	0.6671
KRT8	IGBP1	3	0.41	0.2489
LMNA	IGBP1	3	0.3899	0.2731
MAPRE3	IGBP1	3	0.3357	0.3793
LMNA	RBM6	3	0.9949	0.0004
ACTB	PITX1	3	0.0026	0.846
KRT8	PITX1	3	0.0005	0.8597
LMNA	PITX1	3	0.0181	0.7814
ACTB	EIF4G2	3	0.3511	0.3463
CTNNA1	EIF4G2	3	0.1991	0.5901
KRT8	EIF4G2	3	0.3654	0.3173
LMNA	EIF4G2	3	0.1374	0.6429
MAPRE3	EIF4G2	3	0.3202	0.4647
ACTB	RPP38	3	0.0009	0.856
LMNA	RPP38	3	0.0005	0.8597
ACTB	RPP30	3	0.0324	0.7489
KRT8	RPP30	3	0.2789	0.5119
LMNA	RPP30	3	0.1993	0.5897
MAPRE3	RPP30	3	0.0176	0.7832
ACTB	GTF2I	3	0.2185	0.5731
CTNNA1	GTF2I	3	0.0929	0.6813
KRT8	GTF2I	3	0.1901	0.5983
LMNA	GTF2I	3	0.3184	0.467
MAPRE3	GTF2I	3	0.2179	0.5739
ACTB	CCT2	3	0.3525	0.3419
CTNNA1	CCT2	3	0.0253	0.7631
KRT8	CCT2	3	0.1132	0.6639
LMNA	CCT2	3	0.0483	0.727
MAPRE3	CCT2	3	0.0181	0.7814
ACTB	RAE1	3	0.0133	0.8007
CTNNA1	RAE1	3	0.0191	0.7785
KRT8	RAE1	3	0.0076	0.8244
LMNA	RAE1	3	0.0053	0.8338
MAPRE3	RAE1	3	0.0049	0.8357
ACTB	DENND2B	3	0.0823	0.6914
CTNNA1	DENND2B	3	0.0003	0.8621
KRT8	DENND2B	3	0.015	0.7937
MAPRE3	DENND2B	3	0.0072	0.8261
ACTB	PRKDC	3	0.2065	0.5833
CTNNA1	PRKDC	3	0.0626	0.7113
KRT8	PRKDC	3	0.3817	0.2846
LMNA	PRKDC	3	0.2093	0.5812
MAPRE3	PRKDC	3	0.1338	0.6457
LMNA	ADAM17	3	1	0
ACTB	MAP1A	3	0.0003	0.8621
ACTB	LCN2	3	0.3333	0.3843
ACTB	NUCB2	3	0.3333	0.3843
ACTB	BASP1	3	0.0132	0.8011
KRT8	BASP1	3	0.0005	0.8597
MAPRE3	DCD	3	0.0085	0.8211
ACTB	TMF1	3	0.0075	0.8248
CTNNA1	TMF1	3	0.0001	0.865
KRT8	TMF1	3	0.0102	0.814
MAPRE3	TMF1	3	0.0004	0.8609
KRT8	MRPS35	3	1	0
KRT8	MRPS5	3	0.2734	0.5189
LMNA	MRPS21	3	0.0085	0.8211
ACTB	MRPS9	3	0.6667	0.0712
KRT8	MRPS9	3	1	0
ACTB	SARNP	3	0	0.8672
KRT8	SARNP	3	0.0052	0.8344
LMNA	SARNP	3	0.0226	0.769
MAPRE3	SARNP	3	0.0095	0.817
ACTB	COG7	3	0.6667	0.0712
KRT8	COG7	3	0.3333	0.3843
ACTB	RPL24	3	0.1159	0.6613
CTNNA1	RPL24	3	0.0308	0.7518
KRT8	RPL24	3	0.1595	0.6236
LMNA	RPL24	3	0.1442	0.6367
MAPRE3	RPL24	3	0.0887	0.685
ACTB	ARF5	3	0.0684	0.7053
KRT8	ARF5	3	0.7533	0.0343
LMNA	ARF5	3	0.2992	0.4884
MAPRE3	ARF5	3	0.0644	0.7094
ACTB	ERH	3	0.0023	0.8475
KRT8	ERH	3	0.0061	0.8305
LMNA	ERH	3	0.0079	0.8232
ACTB	RPL19	3	0.1257	0.6534
CTNNA1	RPL19	3	0.0201	0.7753
KRT8	RPL19	3	0.149	0.6327
LMNA	RPL19	3	0.1191	0.6584
MAPRE3	RPL19	3	0.0481	0.7275
ACTB	SRSF3	3	0.0069	0.8272
CTNNA1	SRSF3	3	0.0136	0.7993
KRT8	SRSF3	3	0.0051	0.8347
LMNA	SRSF3	3	0.0159	0.7897
MAPRE3	SRSF3	3	0.0069	0.8272
ACTB	FOXK1	3	0	0.8672
KRT8	FOXK1	3	0.0008	0.8571
LMNA	FOXK1	3	0.001	0.8552
ACTB	CCZ1B	3	0.0122	0.8053
CTNNA1	CCZ1B	3	0.0219	0.7704
KRT8	CCZ1B	3	0.0105	0.8127
LMNA	CCZ1B	3	0.0026	0.846
MAPRE3	CCZ1B	3	0.0058	0.8318
ACTB	DAB2	3	0.3026	0.484
CTNNA1	DAB2	3	0.1859	0.6015
KRT8	DAB2	3	0.3332	0.4487
LMNA	DAB2	3	0.0837	0.6897
MAPRE3	DAB2	3	0.2378	0.5556
ACTB	MUC5AC	3	0.5307	0.1693
ACTB	XIAP	3	0.1636	0.6206
CTNNA1	XIAP	3	0.0421	0.7348
KRT8	XIAP	3	0.2435	0.5512
LMNA	XIAP	3	0.2462	0.5484
MAPRE3	XIAP	3	0.0463	0.7298
ACTB	FGD1	3	0.1537	0.628
KRT8	FGD1	3	0.0256	0.7621
MAPRE3	FGD1	3	0.0059	0.8315
ACTB	RBM10	3	0.0014	0.8526
KRT8	RBM10	3	0.0012	0.8539
LMNA	RBM10	3	0.0913	0.6826
MAPRE3	RBM10	3	0.0005	0.8597
ACTB	ATP2C1	3	0.1693	0.6161
CTNNA1	ATP2C1	3	0.0137	0.7987
KRT8	ATP2C1	3	0.0591	0.715
LMNA	CYCS	3	0.0026	0.846
ACTB	MPP1	3	0.0017	0.8509
KRT8	MPP1	3	0.0002	0.8634
ACTB	SLC25A3	3	0.1098	0.6664
CTNNA1	SLC25A3	3	0.016	0.7893
KRT8	SLC25A3	3	0.1846	0.6023
LMNA	SLC25A3	3	0.1046	0.6712
MAPRE3	SLC25A3	3	0.0334	0.7477
ACTB	HDLBP	3	0.4014	0.2563
CTNNA1	HDLBP	3	0.2509	0.5432
KRT8	HDLBP	3	0.3869	0.2755
LMNA	HDLBP	3	0.2551	0.5381
MAPRE3	HDLBP	3	0.3361	0.3783
LMNA	GTF2B	3	0.9972	0.0001
ACTB	CDC42EP1	3	0.0005	0.8597
ACTB	CLTC	3	0.1918	0.5964
CTNNA1	CLTC	3	0.0249	0.7639
KRT8	CLTC	3	0.2498	0.5444
LMNA	CLTC	3	0.14	0.6404
MAPRE3	CLTC	3	0.0991	0.6759
LMNA	HSF1	3	0.6988	0.0528
ACTB	FKBP3	3	0.2276	0.5648
LMNA	FKBP3	3	0.001	0.8552
MAPRE3	FKBP3	3	0.0051	0.8347
KRT8	REEP5	3	0.0076	0.8244
ACTB	SORD	3	0.0801	0.6935
KRT8	SORD	3	0.0417	0.7355
LMNA	SORD	3	0.0036	0.8414
ACTB	HNRNPU	3	0.0904	0.6833
CTNNA1	HNRNPU	3	0.0201	0.7753
KRT8	HNRNPU	3	0.2627	0.5309
LMNA	HNRNPU	3	0.2435	0.5512
MAPRE3	HNRNPU	3	0.0583	0.7158
ACTB	SPTBN1	3	0.3576	0.329
CTNNA1	SPTBN1	3	0.1601	0.623
KRT8	SPTBN1	3	0.2848	0.5047
LMNA	SPTBN1	3	0.1337	0.6459
MAPRE3	SPTBN1	3	0.1992	0.5899
ACTB	SET	3	0.0285	0.756
CTNNA1	SET	3	0.6712	0.0667
LMNA	SET	3	0.1268	0.6528
MAPRE3	SET	3	0.0313	0.7508
ACTB	FOXK2	3	0.003	0.8442
ACTB	AMPD2	3	0.0033	0.8429
KRT8	AMPD2	3	0.0117	0.8074
MAPRE3	AMPD2	3	0.001	0.8552
ACTB	CAP1	3	0.6063	0.1438
CTNNA1	CAP1	3	0.0487	0.7267
KRT8	CAP1	3	0.1116	0.665
LMNA	CAP1	3	0.05	0.7251
MAPRE3	CAP1	3	0.0518	0.7224
ACTB	HMGCS1	3	0.0048	0.8361
KRT8	HMGCS1	3	0.0048	0.8361
ACTB	SLC7A5	3	0.1579	0.6246
CTNNA1	SLC7A5	3	0.0553	0.7189
KRT8	SLC7A5	3	0.2534	0.5402
LMNA	SLC7A5	3	0.0999	0.6754
MAPRE3	SLC7A5	3	0.0374	0.7413
ACTB	TFAP4	3	0.0002	0.8634
LMNA	TFAP4	3	0.0254	0.7627
ACTB	EXOSC10	3	0.1774	0.6083
CTNNA1	EXOSC10	3	0.0396	0.7381
KRT8	EXOSC10	3	0.1479	0.6336
LMNA	EXOSC10	3	0.2489	0.5459
MAPRE3	EXOSC10	3	0.1929	0.5953
ACTB	OTUD4	3	0.0002	0.8634
KRT8	OTUD4	3	0.0135	0.7997
MAPRE3	OTUD4	3	0.0072	0.8261
ACTB	PFKP	3	0.2039	0.586
CTNNA1	PFKP	3	0.0312	0.751
KRT8	PFKP	3	0.2228	0.5693
LMNA	PFKP	3	0.1234	0.6553
MAPRE3	PFKP	3	0.0203	0.7747
LMNA	XPC	3	0.0596	0.7144
ACTB	EWSR1	3	0.1048	0.6709
LMNA	EWSR1	3	0.1187	0.659
ACTB	CDR2	3	0.0098	0.8157
KRT8	CDR2	3	0.1468	0.6345
LMNA	CDR2	3	0.0001	0.865
ACTB	OCRL	3	0.3274	0.4587
CTNNA1	OCRL	3	0.1582	0.6244
KRT8	OCRL	3	0.3381	0.3746
LMNA	OCRL	3	0.0179	0.7823
MAPRE3	OCRL	3	0.2747	0.5172
ACTB	PLCB3	3	0.0852	0.6878
CTNNA1	PLCB3	3	0.0673	0.7064
KRT8	PLCB3	3	0.2934	0.4954
LMNA	PLCB3	3	0.0127	0.8033
MAPRE3	PLCB3	3	0.0261	0.7608
ACTB	TAGLN	3	0.4603	0.2059
CTNNA1	TAGLN	3	0.1715	0.6143
KRT8	TAGLN	3	0.4473	0.2151
LMNA	TAGLN	3	0.3858	0.2775
MAPRE3	TAGLN	3	0.3172	0.4684
ACTB	CENPE	3	0.0106	0.8123
KRT8	CENPE	3	0.0363	0.743
MAPRE3	CENPE	3	0.2952	0.4929
ACTB	KIF23	3	0.2441	0.5503
CTNNA1	KIF23	3	0.0811	0.6928
KRT8	KIF23	3	0.2788	0.5122
LMNA	KIF23	3	0.3284	0.4571
MAPRE3	KIF23	3	0.282	0.5077
ACTB	DSG1	3	0.1387	0.6418
CTNNA1	DSG1	3	0.076	0.6974
KRT8	DSG1	3	0.0542	0.7201
LMNA	DSG1	3	0.1446	0.6362
ACTB	RPL18A	3	0.1084	0.6674
CTNNA1	RPL18A	3	0.0176	0.7832
KRT8	RPL18A	3	0.3559	0.334
LMNA	RPL18A	3	0.1247	0.6539
MAPRE3	RPL18A	3	0.0359	0.7438
ACTB	MAP2K1	3	0.0237	0.7666
KRT8	MAP2K1	3	0.0575	0.7165
ACTB	FKBP4	3	0.2023	0.5873
CTNNA1	FKBP4	3	0.0414	0.7359
KRT8	FKBP4	3	0.1501	0.6317
LMNA	FKBP4	3	0.1434	0.6374
MAPRE3	FKBP4	3	0.0359	0.7438
ACTB	PLOD1	3	0.1375	0.6428
KRT8	PLOD1	3	0.2572	0.5363
LMNA	PLOD1	3	0.0018	0.8502
MAPRE3	PLOD1	3	0.0048	0.8361
ACTB	RPL6	3	0.176	0.6095
CTNNA1	RPL6	3	0.0319	0.7495
KRT8	RPL6	3	0.202	0.5876
LMNA	RPL6	3	0.1807	0.6058
MAPRE3	RPL6	3	0.0778	0.6956
ACTB	TOP2B	3	0.2006	0.5885
CTNNA1	TOP2B	3	0.0502	0.7249
KRT8	TOP2B	3	0.2228	0.5693
LMNA	TOP2B	3	0.2582	0.5353
MAPRE3	TOP2B	3	0.1216	0.6568
ACTB	AKAP12	3	0.0122	0.8053
CTNNA1	AKAP12	3	0.0003	0.8621
KRT8	AKAP12	3	0.0018	0.8502
MAPRE3	AKAP12	3	0.0001	0.865
ACTB	SLC25A11	3	0.0439	0.7325
CTNNA1	SLC25A11	3	0.006	0.831
KRT8	SLC25A11	3	0.836	0.016
LMNA	SLC25A11	3	0.0622	0.7119
MAPRE3	SLC25A11	3	0.0173	0.7843
ACTB	DST	3	0.1444	0.6364
CTNNA1	DST	3	0.0558	0.7182
KRT8	DST	3	0.1159	0.6613
LMNA	DST	3	0.0295	0.7537
MAPRE3	DST	3	0.3002	0.4868
LMNA	HHEX	3	1	0
ACTB	MECOM	3	0.0295	0.7537
LMNA	MECOM	3	0.2027	0.587
MAPRE3	MECOM	3	0.0069	0.8272
ACTB	CAV1	3	0.0038	0.8404
CTNNA1	CAV1	3	0	0.8672
KRT8	CAV1	3	0.0001	0.865
LMNA	CAV1	3	0.0003	0.8621
KRT8	ACY1	3	0.3333	0.3843
ACTB	KMT2A	3	0	0.8672
KRT8	KMT2A	3	0	0.8672
LMNA	KMT2A	3	0.0075	0.8248
MAPRE3	KMT2A	3	0.0001	0.865
KRT8	TNFAIP2	3	0.1068	0.6686
LMNA	LMNB2	3	1	0
KRT8	ERCC6	3	0.0031	0.8437
LMNA	ERCC6	3	0.1639	0.6201
MAPRE3	ERCC6	3	0.0056	0.8326
ACTB	CEBPZ	3	0.0164	0.7877
KRT8	CEBPZ	3	0.0725	0.7011
LMNA	CEBPZ	3	0.2347	0.5582
MAPRE3	CEBPZ	3	0.1635	0.6207
ACTB	RELA	3	0.006	0.831
CTNNA1	RELA	3	0.0003	0.8621
KRT8	RELA	3	0.2813	0.5087
ACTB	UBXN1	3	0.1478	0.6336
KRT8	UBXN1	3	0.1034	0.6724
LMNA	UBXN1	3	0.0507	0.724
ACTB	GBE1	3	0.0233	0.7673
CTNNA1	GBE1	3	0.0101	0.8144
KRT8	GBE1	3	0.0847	0.6883
LMNA	GBE1	3	0.0076	0.8244
MAPRE3	GBE1	3	0.0011	0.8545
ACTB	EIF4G1	3	0.3413	0.3651
CTNNA1	EIF4G1	3	0.2116	0.5791
KRT8	EIF4G1	3	0.3379	0.3751
LMNA	EIF4G1	3	0.1358	0.6442
MAPRE3	EIF4G1	3	0.3199	0.4655
ACTB	KRT17	3	0.1308	0.6489
CTNNA1	KRT17	3	0.0451	0.7314
KRT8	KRT17	3	0.8104	0.0233
LMNA	KRT17	3	0.0895	0.6839
MAPRE3	KRT17	3	0.0835	0.6899
ACTB	NOTCH2	3	0.0086	0.8207
CTNNA1	NOTCH2	3	0.0018	0.8502
KRT8	NOTCH2	3	0.0061	0.8305
LMNA	NOTCH2	3	0	0.8672
MAPRE3	NOTCH2	3	0	0.8672
ACTB	TLE3	3	0.1091	0.6669
LMNA	TLE3	3	0.0965	0.6786
ACTB	GLO1	3	0.0082	0.8221
KRT8	GLO1	3	0.0196	0.7768
LMNA	GLO1	3	0.0007	0.8579
MAPRE3	GLO1	3	0.0009	0.856
ACTB	YWHAH	3	0.3287	0.4566
CTNNA1	YWHAH	3	0.1028	0.6729
KRT8	YWHAH	3	0.3244	0.4616
LMNA	YWHAH	3	0.5172	0.1748
MAPRE3	YWHAH	3	0.0458	0.7303
KRT8	CSTF1	3	0.3333	0.3843
ACTB	PTPN12	3	0.3291	0.4557
CTNNA1	PTPN12	3	0.1538	0.6279
KRT8	PTPN12	3	0.2848	0.5047
LMNA	PTPN12	3	0.1414	0.6392
MAPRE3	PTPN12	3	0.2314	0.5609
ACTB	PTK2	3	0.3333	0.3843
KRT8	PTK2	3	1	0
LMNA	PTK2	3	0.3333	0.3843
ACTB	SRSF11	3	0.3022	0.4845
KRT8	SRSF11	3	0.2682	0.5243
ACTB	EEF1A2	3	0.0685	0.7051
CTNNA1	EEF1A2	3	0.0128	0.8029
KRT8	EEF1A2	3	0.2152	0.5764
LMNA	EEF1A2	3	0.0542	0.7201
MAPRE3	EEF1A2	3	0.0123	0.805
ACTB	PRKCD	3	0.0314	0.7506
CTNNA1	PRKCD	3	0.6644	0.1243
MAPRE3	PRKCD	3	0.3449	0.3592
ACTB	CALD1	3	0.4221	0.2368
CTNNA1	CALD1	3	0.1164	0.6609
KRT8	CALD1	3	0.2522	0.5415
LMNA	CALD1	3	0.1397	0.6407
MAPRE3	CALD1	3	0.1971	0.5915
LMNA	MBTD1	3	0.0039	0.84
ACTB	FHIP1A	3	0.008	0.8229
KRT8	FHIP1A	3	0.07	0.7035
ACTB	PTPN11	3	0.0381	0.7403
CTNNA1	PTPN11	3	0.006	0.831
KRT8	PTPN11	3	0.0976	0.6774
LMNA	PTPN11	3	0.0136	0.7993
ACTB	PPAT	3	0.0252	0.7633
CTNNA1	PPAT	3	0.0026	0.846
KRT8	PPAT	3	0.4105	0.248
MAPRE3	PPAT	3	0.0014	0.8526
ACTB	GFPT1	3	0.0174	0.784
CTNNA1	GFPT1	3	0.0004	0.8609
KRT8	GFPT1	3	0.3822	0.2838
LMNA	GFPT1	3	0.0021	0.8485
ACTB	EXOSC9	3	0.0025	0.8466
KRT8	EXOSC9	3	0.0012	0.8539
LMNA	EXOSC9	3	0.0634	0.7104
MAPRE3	EXOSC9	3	0.0001	0.865
KRT8	PSME1	3	0.0016	0.8515
LMNA	PSME1	3	0.0609	0.7131
ACTB	RBPJ	3	0.0009	0.856
LMNA	RBPJ	3	0.0035	0.8419
ACTB	GABPA	3	0.0061	0.8305
LMNA	GABPA	3	0.1437	0.6369
LMNA	RING1	3	0.3333	0.3843
ACTB	FMR1	3	0.0311	0.7511
KRT8	FMR1	3	0.4207	0.2382
ACTB	PRDX1	3	0.0102	0.814
CTNNA1	PRDX1	3	0.0233	0.7673
KRT8	PRDX1	3	0.012	0.8063
LMNA	PRDX1	3	0.0212	0.7721
MAPRE3	PRDX1	3	0.0129	0.8025
ACTB	RPL18	3	0.0042	0.8388
CTNNA1	RPL18	3	0.0122	0.8053
KRT8	RPL18	3	0.0207	0.7735
LMNA	RPL18	3	0.0725	0.7011
MAPRE3	RPL18	3	0.0053	0.8338
ACTB	C1QBP	3	0.0339	0.747
CTNNA1	C1QBP	3	0.0171	0.7851
KRT8	C1QBP	3	0.0312	0.751
LMNA	C1QBP	3	0.0655	0.7079
MAPRE3	C1QBP	3	0.0066	0.8285
ACTB	CKAP4	3	0.0214	0.7713
CTNNA1	CKAP4	3	0.0001	0.865
KRT8	CKAP4	3	0.0144	0.796
LMNA	CKAP4	3	0.0361	0.7433
MAPRE3	CKAP4	3	0.0069	0.8272
ACTB	TJP1	3	0.4274	0.2322
CTNNA1	TJP1	3	0.2799	0.5108
KRT8	TJP1	3	0.3787	0.2881
LMNA	TJP1	3	0.1496	0.6322
MAPRE3	TJP1	3	0.3015	0.4853
ACTB	KHDRBS1	3	0.0473	0.7285
CTNNA1	KHDRBS1	3	0.0256	0.7621
KRT8	KHDRBS1	3	0.0309	0.7516
LMNA	KHDRBS1	3	0.0366	0.7428
MAPRE3	KHDRBS1	3	0.0021	0.8485
ACTB	POLE	3	0.006	0.831
KRT8	POLE	3	0.0043	0.8384
LMNA	POLE	3	0.0259	0.7613
MAPRE3	POLE	3	0.002	0.8491
ACTB	KLC1	3	0.0155	0.7917
CTNNA1	KLC1	3	0.0021	0.8485
KRT8	KLC1	3	0.0169	0.7858
LMNA	KLC1	3	0	0.8672
MAPRE3	KLC1	3	0.0094	0.8174
ACTB	ARHGAP1	3	0.0165	0.7874
KRT8	ARHGAP1	3	0.0179	0.7823
LMNA	ARHGAP1	3	0.0001	0.865
MAPRE3	ARHGAP1	3	0.0012	0.8539
MAPRE3	FOXM1	3	0	0.8672
ACTB	TGM3	3	0.1806	0.6059
LMNA	TGM3	3	0.1246	0.6539
ACTB	PPP3CA	3	0.3415	0.3646
CTNNA1	PPP3CA	3	0.1296	0.6504
KRT8	PPP3CA	3	0.3329	0.45
LMNA	PPP3CA	3	0.1399	0.6406
MAPRE3	PPP3CA	3	0.2782	0.5127
ACTB	DHX9	3	0.1088	0.6671
CTNNA1	DHX9	3	0.0167	0.7866
KRT8	DHX9	3	0.1956	0.5929
LMNA	DHX9	3	0.2614	0.5322
MAPRE3	DHX9	3	0.0621	0.712
KRT8	CRYZ	3	0.0514	0.7227
ACTB	GOLGA3	3	0.2236	0.5684
CTNNA1	GOLGA3	3	0.1339	0.6456
KRT8	GOLGA3	3	0.2563	0.5369
LMNA	GOLGA3	3	0.0589	0.7154
MAPRE3	GOLGA3	3	0.181	0.6058
ACTB	GOLGA2	3	0.2767	0.5144
CTNNA1	GOLGA2	3	0.213	0.5778
KRT8	GOLGA2	3	0.2818	0.5079
LMNA	GOLGA2	3	0.0966	0.6785
MAPRE3	GOLGA2	3	0.2493	0.5454
ACTB	LGALS3BP	3	0.3333	0.3843
LMNA	LGALS3BP	3	0.3333	0.3843
ACTB	PDE4D	3	0.0356	0.7444
CTNNA1	PDE4D	3	0.0053	0.8338
KRT8	PDE4D	3	0.0908	0.6832
ACTB	DSC1	3	0.1776	0.6082
CTNNA1	DSC1	3	0.0208	0.7732
KRT8	DSC1	3	0.0277	0.7576
LMNA	DSC1	3	0.1381	0.6421
ACTB	PPID	3	0.0975	0.6775
KRT8	PPID	3	0.0829	0.6905
LMNA	PPID	3	0.0061	0.8305
ACTB	SSRP1	3	0.1989	0.5902
CTNNA1	SSRP1	3	0.0441	0.732
KRT8	SSRP1	3	0.202	0.5876
LMNA	SSRP1	3	0.2726	0.5193
MAPRE3	SSRP1	3	0.1459	0.6355
ACTB	CAMSAP2	3	0.0135	0.7997
CTNNA1	CAMSAP2	3	0.0007	0.8579
KRT8	CAMSAP2	3	0.1602	0.6229
MAPRE3	CAMSAP2	3	0.728	0.0412
ACTB	SPIRE1	3	0.001	0.8552
ACTB	NSUN2	3	0.0293	0.7541
CTNNA1	NSUN2	3	0.0131	0.8017
KRT8	NSUN2	3	0.0427	0.7341
LMNA	NSUN2	3	0.0579	0.7161
MAPRE3	NSUN2	3	0.0019	0.8497
ACTB	RBBP4	3	0.3115	0.4758
CTNNA1	RBBP4	3	0.0342	0.7465
KRT8	RBBP4	3	0.2992	0.4884
LMNA	RBBP4	3	0.0252	0.7633
MAPRE3	RBBP4	3	0.0224	0.7694
ACTB	NCBP1	3	0.2743	0.5177
CTNNA1	NCBP1	3	0.018	0.7818
LMNA	NCBP1	3	0.2114	0.5795
ACTB	AHNAK	3	0.3856	0.2779
CTNNA1	AHNAK	3	0.3293	0.4553
KRT8	AHNAK	3	0.3635	0.3197
LMNA	AHNAK	3	0.1259	0.6532
MAPRE3	AHNAK	3	0.3375	0.3763
ACTB	ELP6	3	0.016	0.7893
CTNNA1	ELP6	3	0.0001	0.865
KRT8	ELP6	3	0.0143	0.7965
LMNA	ELP6	3	0.0004	0.8609
MAPRE3	ELP6	3	0.0033	0.8429
ACTB	NEXN	3	0.9998	0
CTNNA1	NEXN	3	0.0011	0.8545
KRT8	NEXN	3	0.0061	0.8305
ACTB	CPSF1	3	0.0102	0.814
KRT8	CPSF1	3	0.3386	0.3736
LMNA	CPSF1	3	0.0036	0.8414
ACTB	WASHC5	3	0.108	0.6676
CTNNA1	WASHC5	3	0.0046	0.8372
KRT8	WASHC5	3	0.1063	0.6692
LMNA	WASHC5	3	0.0171	0.7851
MAPRE3	WASHC5	3	0.0059	0.8315
ACTB	NUP160	3	0.2117	0.5789
CTNNA1	NUP160	3	0.07	0.7035
KRT8	NUP160	3	0.3508	0.3472
LMNA	NUP160	3	0.2633	0.53
MAPRE3	NUP160	3	0.1466	0.6348
ACTB	ARHGEF5	3	0.1391	0.6413
KRT8	ARHGEF5	3	0.1001	0.6753
MAPRE3	ARHGEF5	3	0.0179	0.7823
ACTB	TBL3	3	0.0331	0.748
KRT8	TBL3	3	0.0574	0.7167
LMNA	TBL3	3	0.247	0.5475
ACTB	GTF3C1	3	0.2496	0.545
CTNNA1	GTF3C1	3	0.0722	0.7014
KRT8	GTF3C1	3	0.2706	0.5218
LMNA	GTF3C1	3	0.273	0.5192
MAPRE3	GTF3C1	3	0.1559	0.626
ACTB	TWF1	3	0.042	0.735
KRT8	TWF1	3	0.0177	0.7828
LMNA	TWF1	3	0.0008	0.8571
MAPRE3	TWF1	3	0.002	0.8491
ACTB	ASPH	3	0.0659	0.7076
CTNNA1	ASPH	3	0.0172	0.7846
KRT8	ASPH	3	0.0223	0.7697
LMNA	ASPH	3	0.1677	0.617
MAPRE3	ASPH	3	0.004	0.8397
ACTB	TFCP2	3	0.1306	0.6492
CTNNA1	TFCP2	3	0.0003	0.8621
KRT8	TFCP2	3	0.0941	0.6804
ACTB	AKAP13	3	0.3616	0.3239
CTNNA1	AKAP13	3	0.2648	0.5284
KRT8	AKAP13	3	0.3805	0.2869
LMNA	AKAP13	3	0.161	0.6226
MAPRE3	AKAP13	3	0.3254	0.4605
ACTB	TROAP	3	0.0022	0.8481
KRT8	TROAP	3	0.0236	0.7667
MAPRE3	TROAP	3	1	0
KRT8	SMARCB1	3	0.0001	0.865
LMNA	SMARCB1	3	0.0054	0.8334
MAPRE3	SMARCB1	3	0	0.8672
ACTB	BPTF	3	0.1822	0.6045
KRT8	BPTF	3	0.116	0.6612
LMNA	BPTF	3	0.2666	0.5257
MAPRE3	BPTF	3	0.0827	0.6909
ACTB	CDC20	3	0.0267	0.7596
KRT8	CDC20	3	0.0219	0.7704
LMNA	CDC20	3	0.0014	0.8526
MAPRE3	CDC20	3	0.0017	0.8509
ACTB	GRSF1	3	0.0163	0.7882
KRT8	GRSF1	3	0.6831	0.0601
LMNA	GRSF1	3	0.0263	0.7604
LMNA	NFIA	3	1	0
ACTB	SFSWAP	3	0	0.8672
LMNA	SFSWAP	3	0.0015	0.852
KRT8	CHD3	3	0.0015	0.852
LMNA	CHD3	3	0.298	0.4899
ACTB	SF3A3	3	0.3163	0.4698
CTNNA1	SF3A3	3	0.1993	0.5897
KRT8	SF3A3	3	0.3725	0.3032
LMNA	SF3A3	3	0.1716	0.6142
MAPRE3	SF3A3	3	0.2471	0.5474
ACTB	TP53BP1	3	0.143	0.638
CTNNA1	TP53BP1	3	0.0264	0.7601
KRT8	TP53BP1	3	0.1297	0.6503
LMNA	TP53BP1	3	0.2136	0.5776
MAPRE3	TP53BP1	3	0.0536	0.7208
ACTB	IFRD2	3	0.0104	0.8132
CTNNA1	IFRD2	3	0.0001	0.865
KRT8	IFRD2	3	0.0199	0.7758
LMNA	IFRD2	3	0.0069	0.8272
MAPRE3	IFRD2	3	0.0015	0.852
KRT8	TRIM26	3	0.3333	0.3843
ACTB	AIMP1	3	0.0018	0.8502
ACTB	ILF2	3	0.0379	0.7406
LMNA	ILF2	3	0.3333	0.3843
ACTB	ILF3	3	0.1667	0.618
CTNNA1	ILF3	3	0.0316	0.7501
KRT8	ILF3	3	0.1352	0.6447
LMNA	ILF3	3	0.2648	0.5284
MAPRE3	ILF3	3	0.0811	0.6928
ACTB	PTPN13	3	0.0145	0.7955
CTNNA1	PTPN13	3	0.0011	0.8545
KRT8	PTPN13	3	0.0195	0.7772
MAPRE3	PTPN13	3	0.0002	0.8634
ACTB	EPS8	3	0.9999	0
ACTB	TRAP1	3	0.1949	0.5933
CTNNA1	TRAP1	3	0.0682	0.7055
KRT8	TRAP1	3	0.3653	0.318
LMNA	TRAP1	3	0.2016	0.588
MAPRE3	TRAP1	3	0.0814	0.6925
KRT8	TRAF2	3	0.0205	0.774
KRT8	ANK3	3	0.0031	0.8437
LMNA	ANK3	3	0.0168	0.7862
ACTB	DLG1	3	0.0206	0.7737
CTNNA1	DLG1	3	0.0041	0.8393
KRT8	DLG1	3	0.0021	0.8485
ACTB	TAF10	3	0.3403	0.3682
KRT8	TAF10	3	0.5814	0.1498
LMNA	TAF10	3	0.1405	0.6399
ACTB	MYO1E	3	0.0618	0.7123
CTNNA1	MYO1E	3	0.1303	0.6498
KRT8	MYO1E	3	0.3315	0.4527
LMNA	MYO1E	3	0.0054	0.8334
MAPRE3	MYO1E	3	0.0064	0.8295
LMNA	PPP1R8	3	0.0181	0.7814
ACTB	ABR	3	0.0012	0.8539
KRT8	ABR	3	0.0038	0.8404
LMNA	ABR	3	0	0.8672
MAPRE3	ABR	3	0	0.8672
ACTB	NFX1	3	0.0156	0.7913
KRT8	NFX1	3	0.0082	0.8221
MAPRE3	NFX1	3	0.6218	0.1393
ACTB	MLLT11	3	1	0
ACTB	ARHGAP5	3	0.3333	0.3843
KRT8	ARHGAP5	3	0.3333	0.3843
ACTB	STRN3	3	0.0159	0.7897
KRT8	STRN3	3	0.0093	0.8179
ACTB	CDC16	3	0.0014	0.8526
KRT8	CDC16	3	0.1882	0.5999
LMNA	CDC16	3	0.0063	0.8298
MAPRE3	CDC16	3	0.0036	0.8414
ACTB	STK4	3	0.0117	0.8074
KRT8	STK4	3	0.0198	0.7761
ACTB	FLII	3	0.9996	0
CTNNA1	FLII	3	0.0033	0.8429
KRT8	FLII	3	0.027	0.759
LMNA	FLII	3	0.0042	0.8388
MAPRE3	FLII	3	0.008	0.8229
ACTB	COASY	3	0.002	0.8491
ACTB	ACACA	3	0.0063	0.8298
CTNNA1	ACACA	3	0.014	0.7974
KRT8	ACACA	3	0.0106	0.8123
LMNA	ACACA	3	0.0148	0.7943
MAPRE3	ACACA	3	0.0071	0.8264
LMNA	GPS1	3	0.0061	0.8305
ACTB	USP4	3	0.0227	0.7688
KRT8	USP4	3	0.0793	0.6943
LMNA	USP4	3	0.0348	0.7455
ACTB	CHAF1A	3	0.0001	0.865
KRT8	CHAF1A	3	0.0003	0.8621
LMNA	CHAF1A	3	0.0111	0.8104
MAPRE3	CHAF1A	3	0.0001	0.865
LMNA	CHAF1B	3	0.0076	0.8244
KRT8	KLF10	3	0.3333	0.3843
LMNA	KLF10	3	0.3333	0.3843
ACTB	IK	3	0.1841	0.6028
CTNNA1	IK	3	0.0293	0.7541
KRT8	IK	3	0.1236	0.6549
LMNA	IK	3	0.317	0.4687
MAPRE3	IK	3	0.1862	0.6012
ACTB	MTAP	3	0.0025	0.8466
CTNNA1	MTAP	3	0.006	0.831
KRT8	MTAP	3	0.0892	0.6844
LMNA	MTAP	3	0.0098	0.8157
MAPRE3	MTAP	3	0	0.8672
LMNA	RLF	3	0.1692	0.6162
ACTB	PRKAA1	3	0.028	0.7568
KRT8	PRKAA1	3	0.2279	0.5645
ACTB	PPFIA1	3	0.2087	0.5816
CTNNA1	PPFIA1	3	0.1099	0.6663
KRT8	PPFIA1	3	0.3446	0.3598
MAPRE3	PPFIA1	3	0.0389	0.7389
ACTB	EIF2B5	3	0.0058	0.8318
KRT8	EIF2B5	3	0.0033	0.8429
MAPRE3	EIF2B5	3	0.0054	0.8334
ACTB	TARDBP	3	0.065	0.7086
CTNNA1	TARDBP	3	0.0132	0.8011
KRT8	TARDBP	3	0.0949	0.6798
LMNA	TARDBP	3	0.2109	0.5799
MAPRE3	TARDBP	3	0.0121	0.8057
ACTB	HNRNPA0	3	0.1074	0.6681
CTNNA1	HNRNPA0	3	0.0254	0.7627
KRT8	HNRNPA0	3	0.1309	0.6488
LMNA	HNRNPA0	3	0.2236	0.5684
MAPRE3	HNRNPA0	3	0.0482	0.7273
ACTB	AIMP2	3	0.199	0.5901
CTNNA1	AIMP2	3	0.0033	0.8429
KRT8	AIMP2	3	0.1489	0.6328
LMNA	AIMP2	3	0.0655	0.7079
ACTB	PRDX4	3	0.1579	0.6246
KRT8	PRDX4	3	0.0512	0.7232
LMNA	PRDX4	3	0.0762	0.6972
MAPRE3	PRDX4	3	0.0095	0.817
ACTB	PAK2	3	0.4228	0.2359
CTNNA1	PAK2	3	0.235	0.558
KRT8	PAK2	3	0.4169	0.2427
LMNA	PAK2	3	0.3405	0.3677
MAPRE3	PAK2	3	0.3606	0.3252
ACTB	CBX3	3	0.0365	0.7428
CTNNA1	CBX3	3	0.0154	0.7921
KRT8	CBX3	3	0.0229	0.7683
LMNA	CBX3	3	0.0848	0.6882
MAPRE3	CBX3	3	0.0181	0.7814
ACTB	STK3	3	0.0279	0.7571
KRT8	STK3	3	0.3673	0.3136
MAPRE3	STK3	3	0.0011	0.8545
ACTB	STX5	3	0.017	0.7854
CTNNA1	STX5	3	0.0009	0.856
KRT8	STX5	3	0.0188	0.7795
LMNA	STX5	3	0.6567	0.1284
ACTB	CBLB	3	0.0162	0.7886
KRT8	CBLB	3	0.011	0.8109
MAPRE3	CBLB	3	0.0011	0.8545
ACTB	PSMD2	3	0.0068	0.8277
KRT8	PSMD2	3	0.2398	0.5541
LMNA	DDX10	3	0.0007	0.8579
ACTB	SELENBP1	3	0.0049	0.8357
CTNNA1	SELENBP1	3	0.0368	0.7423
KRT8	SELENBP1	3	0.0041	0.8393
LMNA	SELENBP1	3	0.0204	0.7744
MAPRE3	SELENBP1	3	0.004	0.8397
LMNA	NME3	3	0.6667	0.0712
ACTB	SRSF9	3	0.0229	0.7683
CTNNA1	SRSF9	3	0.0046	0.8372
KRT8	SRSF9	3	0.0114	0.8088
LMNA	SRSF9	3	0.323	0.4625
ACTB	SRSF5	3	0.146	0.6354
LMNA	SRSF5	3	0.1697	0.6159
MAPRE3	SRSF5	3	0.0494	0.7258
ACTB	SRSF6	3	0.0082	0.8221
KRT8	SRSF6	3	0.0061	0.8305
LMNA	SRSF6	3	0.0049	0.8357
ACTB	TRIM28	3	0.1343	0.6453
CTNNA1	TRIM28	3	0.0234	0.7672
KRT8	TRIM28	3	0.092	0.6819
LMNA	TRIM28	3	0.257	0.5365
MAPRE3	TRIM28	3	0.0875	0.686
ACTB	G3BP1	3	0.2967	0.4915
CTNNA1	G3BP1	3	0.1654	0.6191
KRT8	G3BP1	3	0.294	0.4946
LMNA	G3BP1	3	0.1467	0.6346
MAPRE3	G3BP1	3	0.3521	0.3434
ACTB	SKP2	3	0.0056	0.8326
LMNA	SKP2	3	0.4704	0.198
ACTB	PABPC4	3	0.0061	0.8305
KRT8	PABPC4	3	0.0054	0.8334
LMNA	PABPC4	3	0.0002	0.8634
MAPRE3	PABPC4	3	0.0009	0.856
ACTB	ATM	3	0.0043	0.8384
KRT8	ATM	3	0.0054	0.8334
LMNA	ATM	3	0.0001	0.865
ACTB	IFIT5	3	0.0164	0.7877
KRT8	IFIT5	3	0.0134	0.8003
MAPRE3	IFIT5	3	0.0004	0.8609
LMNA	MTA1	3	0.0071	0.8264
KRT8	EIF3I	3	1	0
ACTB	PPIL2	3	0.0042	0.8388
KRT8	PPIL2	3	0.005	0.8352
LMNA	PPIL2	3	0.2272	0.5652
LMNA	PPP2R5C	3	0.3333	0.3843
KRT8	PDCL	3	0.0062	0.8302
KRT8	PLD1	3	0.0023	0.8475
ACTB	UBE2V1	3	0.0843	0.6889
CTNNA1	UBE2V1	3	0.0143	0.7965
KRT8	UBE2V1	3	0.1418	0.6387
LMNA	UBE2V1	3	0.0482	0.7273
MAPRE3	UBE2V1	3	0.0109	0.8112
ACTB	DYNC1I2	3	0.0008	0.8571
KRT8	DYNC1I2	3	0.0015	0.852
ACTB	ORC2	3	0.001	0.8552
KRT8	ORC2	3	0.0025	0.8466
LMNA	ORC2	3	0.0153	0.7926
MAPRE3	ORC2	3	0.0002	0.8634
ACTB	ILK	3	0.0867	0.6868
CTNNA1	ILK	3	0.0006	0.8588
KRT8	ILK	3	0.0454	0.731
LMNA	ILK	3	0.0003	0.8621
MAPRE3	ILK	3	0.0023	0.8475
ACTB	NNT	3	0.0066	0.8285
CTNNA1	NNT	3	0.0511	0.7234
KRT8	NNT	3	0.4988	0.1856
LMNA	NNT	3	0.3717	0.305
ACTB	PPIG	3	0.0043	0.8384
CTNNA1	PPIG	3	0.0007	0.8579
LMNA	PPIG	3	0.0062	0.8302
ACTB	TCOF1	3	0.1166	0.6607
CTNNA1	TCOF1	3	0.0162	0.7886
KRT8	TCOF1	3	0.0494	0.7258
LMNA	TCOF1	3	0.2632	0.5302
MAPRE3	TCOF1	3	0.1045	0.6714
ACTB	SF3B2	3	0.2323	0.5604
CTNNA1	SF3B2	3	0.0634	0.7104
KRT8	SF3B2	3	0.2079	0.5824
LMNA	SF3B2	3	0.2769	0.514
MAPRE3	SF3B2	3	0.1963	0.5923
ACTB	GOLGA4	3	0.0118	0.8069
CTNNA1	GOLGA4	3	0.0002	0.8634
KRT8	GOLGA4	3	0.0112	0.8098
MAPRE3	GOLGA4	3	0.0006	0.8588
ACTB	PDAP1	3	0.0154	0.7921
CTNNA1	PDAP1	3	0.0003	0.8621
KRT8	PDAP1	3	0.0179	0.7823
LMNA	PDAP1	3	0.0027	0.8456
MAPRE3	PDAP1	3	0.0163	0.7882
ACTB	MYO9B	3	0.4256	0.2332
KRT8	MYO9B	3	0.3833	0.2823
MAPRE3	MYO9B	3	0.1858	0.6017
ACTB	ROCK1	3	1	0
ACTB	TNK1	3	0.007	0.8268
CTNNA1	TNK1	3	0.0001	0.865
KRT8	TNK1	3	0.0128	0.8029
LMNA	TNK1	3	0.0028	0.8451
MAPRE3	TNK1	3	0.0038	0.8404
LMNA	TOP3A	3	0.3333	0.3843
ACTB	PICALM	3	0.0111	0.8104
CTNNA1	PICALM	3	0.0008	0.8571
KRT8	PICALM	3	0.0309	0.7516
LMNA	PICALM	3	0	0.8672
MAPRE3	PICALM	3	0.0021	0.8485
LMNA	MAMLD1	3	0.9996	0
ACTB	SQSTM1	3	0.2296	0.5625
CTNNA1	SQSTM1	3	0.0743	0.6991
KRT8	SQSTM1	3	0.2556	0.5374
LMNA	SQSTM1	3	0.1076	0.6679
MAPRE3	SQSTM1	3	0.234	0.5588
ACTB	NAB1	3	0.2209	0.5715
KRT8	NAB1	3	0.1637	0.6204
LMNA	NAB1	3	0.3223	0.4633
MAPRE3	NAB1	3	0.1497	0.6321
ACTB	TUBB3	3	0.047	0.7288
CTNNA1	TUBB3	3	0.0089	0.8194
KRT8	TUBB3	3	0.1568	0.6254
LMNA	TUBB3	3	0.0402	0.7373
MAPRE3	TUBB3	3	0.0007	0.8579
ACTB	PRPF4B	3	0.0045	0.8375
LMNA	PRPF4B	3	0.0004	0.8609
ACTB	ATR	3	0.0031	0.8437
KRT8	ATR	3	0.0117	0.8074
LMNA	ATR	3	0.011	0.8109
ACTB	EIF4EBP1	3	0.1516	0.6302
CTNNA1	EIF4EBP1	3	0.0293	0.7541
KRT8	EIF4EBP1	3	0.0779	0.6956
LMNA	EIF4EBP1	3	0.0282	0.7564
ACTB	RIPK1	3	0.0274	0.7581
KRT8	RIPK1	3	0.0504	0.7246
CTNNA1	HDAC1	3	0.0018	0.8502
KRT8	HDAC1	3	0.0316	0.7501
ACTB	CAMK2G	3	0.0228	0.7685
CTNNA1	CAMK2G	3	0	0.8672
KRT8	CAMK2G	3	0.0275	0.7579
LMNA	CAMK2G	3	0.0027	0.8456
MAPRE3	CAMK2G	3	0.0016	0.8515
ACTB	CAMK2D	3	0.3032	0.4827
CTNNA1	CAMK2D	3	0.0824	0.6913
KRT8	CAMK2D	3	0.3258	0.4599
LMNA	CAMK2D	3	0.2451	0.5495
MAPRE3	CAMK2D	3	0.2481	0.5466
ACTB	DCTN2	3	0.0203	0.7747
KRT8	DCTN2	3	0.1911	0.5972
MAPRE3	DCTN2	3	0.0004	0.8609
ACTB	SNW1	3	0.0044	0.8379
CTNNA1	SNW1	3	0	0.8672
KRT8	SNW1	3	0.0078	0.8237
LMNA	SNW1	3	0.0715	0.7021
MAPRE3	SNW1	3	0.0114	0.8088
ACTB	IQGAP2	3	0.0991	0.6759
KRT8	IQGAP2	3	0.0711	0.7026
LMNA	IQGAP2	3	0.017	0.7854
MAPRE3	IQGAP2	3	0.0007	0.8579
ACTB	STIM1	3	0.009	0.819
CTNNA1	STIM1	3	0.0001	0.865
KRT8	STIM1	3	0.0082	0.8221
LMNA	STIM1	3	0.0012	0.8539
MAPRE3	STIM1	3	0.0172	0.7846
LMNA	TRA2A	3	0.396	0.2623
ACTB	SNX1	3	0.1696	0.6159
CTNNA1	SNX1	3	0.0252	0.7633
KRT8	SNX1	3	0.1023	0.6733
LMNA	SNX1	3	0.0075	0.8248
MAPRE3	SNX1	3	0.0185	0.7803
ACTB	MTMR1	3	0.0211	0.7724
KRT8	MTMR1	3	0.0492	0.7261
LMNA	MTMR1	3	0.0004	0.8609
ACTB	MTMR2	3	0.0102	0.814
CTNNA1	MTMR2	3	0.001	0.8552
KRT8	MTMR2	3	0.0924	0.6816
MAPRE3	MTMR2	3	0.0009	0.856
ACTB	MTMR3	3	0.0079	0.8232
KRT8	MTMR3	3	0.6858	0.0581
KRT8	CUL1	3	0.005	0.8352
ACTB	CUL4A	3	0.1154	0.662
KRT8	CUL4A	3	0.3081	0.4794
LMNA	CUL4A	3	0.2116	0.5791
ACTB	CUL4B	3	0.2805	0.5101
CTNNA1	CUL4B	3	0.1085	0.6673
KRT8	CUL4B	3	0.3042	0.482
LMNA	CUL4B	3	0.3287	0.4566
MAPRE3	CUL4B	3	0.201	0.5883
ACTB	TP53BP2	3	0.0183	0.7807
CTNNA1	TP53BP2	3	0.0009	0.856
KRT8	TP53BP2	3	0.0504	0.7246
MAPRE3	TP53BP2	3	0.003	0.8442
CTNNA1	RAB32	3	0.215	0.5766
KRT8	RAB32	3	0.1759	0.6095
LMNA	RAB32	3	0.2641	0.5293
MAPRE3	RAB32	3	0.0052	0.8344
ACTB	FHL1	3	0.0305	0.7523
KRT8	FHL1	3	0.1914	0.597
LMNA	FHL1	3	0.0483	0.727
MAPRE3	FHL1	3	0.0024	0.847
ACTB	FHL3	3	0.0059	0.8315
KRT8	RIN1	3	0.4802	0.1925
ACTB	NCOA4	3	0.0022	0.8481
KRT8	NCOA4	3	0.991	0.0007
ACTB	SPTAN1	3	0.2916	0.4976
CTNNA1	SPTAN1	3	0.2061	0.5837
KRT8	SPTAN1	3	0.2511	0.5429
LMNA	SPTAN1	3	0.0758	0.6976
MAPRE3	SPTAN1	3	0.2031	0.5866
ACTB	GNL2	3	0	0.8672
KRT8	GNL2	3	0	0.8672
LMNA	GNL2	3	0.0007	0.8579
MAPRE3	GNL2	3	0	0.8672
ACTB	PKP1	3	0.082	0.692
LMNA	PKP1	3	0.0315	0.7503
ACTB	DDX39B	3	0.0636	0.7102
CTNNA1	DDX39B	3	0.0195	0.7772
KRT8	DDX39B	3	0.0852	0.6878
LMNA	DDX39B	3	0.2866	0.5026
MAPRE3	DDX39B	3	0.0072	0.8261
ACTB	BLMH	3	0.1915	0.5968
KRT8	BLMH	3	0.0095	0.817
LMNA	BLMH	3	0.1029	0.6728
KRT8	TUBB2A	3	0.0093	0.8179
LMNA	KLF5	3	0.2653	0.5279
KRT8	GTF2H2	3	0.3333	0.3843
LMNA	GTF2H2	3	1	0
LMNA	BYSL	3	0.3333	0.3843
ACTB	CDK13	3	0.2043	0.5853
KRT8	CDK13	3	0.0865	0.687
LMNA	CDK13	3	0.28	0.5105
MAPRE3	CDK13	3	0.0757	0.6978
ACTB	CKAP5	3	0.2747	0.5172
CTNNA1	CKAP5	3	0.1517	0.63
KRT8	CKAP5	3	0.2792	0.5116
LMNA	CKAP5	3	0.0488	0.7264
MAPRE3	CKAP5	3	0.3304	0.4538
KRT8	CAMK1	3	0.0153	0.7926
ACTB	COTL1	3	0.0437	0.7328
CTNNA1	COTL1	3	0.0156	0.7913
KRT8	COTL1	3	0.3514	0.3452
LMNA	COTL1	3	0.4715	0.1975
MAPRE3	COTL1	3	0.0506	0.7242
ACTB	COX17	3	0.0133	0.8007
CTNNA1	COX17	3	0.0084	0.8215
KRT8	COX17	3	0.0137	0.7987
LMNA	COX17	3	0.0117	0.8074
MAPRE3	COX17	3	0.0039	0.84
ACTB	HNRNPD	3	0.0166	0.787
CTNNA1	HNRNPD	3	0.0137	0.7987
KRT8	HNRNPD	3	0.0254	0.7627
LMNA	HNRNPD	3	0.0139	0.7977
MAPRE3	HNRNPD	3	0.0073	0.8256
ACTB	IL18	3	0.0206	0.7737
CTNNA1	IL18	3	0.009	0.819
KRT8	IL18	3	0.0242	0.7655
LMNA	IL18	3	0.0899	0.6836
MAPRE3	IL18	3	0.0053	0.8338
ACTB	DSG2	3	0.2078	0.5826
CTNNA1	DSG2	3	0.1703	0.6154
KRT8	DSG2	3	0.158	0.6245
LMNA	DSG2	3	0.0381	0.7403
MAPRE3	DSG2	3	0.0409	0.7365
KRT8	TRIM29	3	0.3333	0.3843
LMNA	VGLL4	3	0.3389	0.3728
ACTB	BOP1	3	0.0886	0.6851
CTNNA1	BOP1	3	0.0133	0.8007
KRT8	BOP1	3	0.0576	0.7164
LMNA	BOP1	3	0.2381	0.5554
KRT8	URB2	3	0.0188	0.7795
LMNA	URB2	3	0.0067	0.8281
ACTB	SAFB2	3	0.2148	0.5767
CTNNA1	SAFB2	3	0.0733	0.6999
KRT8	SAFB2	3	0.2348	0.5581
LMNA	SAFB2	3	0.2558	0.5373
MAPRE3	SAFB2	3	0.1828	0.6041
ACTB	EIF3A	3	0.2875	0.502
CTNNA1	EIF3A	3	0.1049	0.6708
KRT8	EIF3A	3	0.281	0.509
LMNA	EIF3A	3	0.1856	0.6019
MAPRE3	EIF3A	3	0.2341	0.5587
ACTB	ARHGEF7	3	0.0698	0.7038
ACTB	UBAP2L	3	0.3117	0.4754
CTNNA1	UBAP2L	3	0.1863	0.6011
KRT8	UBAP2L	3	0.3338	0.3827
LMNA	UBAP2L	3	0.1496	0.6322
MAPRE3	UBAP2L	3	0.2813	0.5087
ACTB	SCRIB	3	0.3719	0.3046
CTNNA1	SCRIB	3	0.3566	0.3312
KRT8	SCRIB	3	0.2998	0.4874
LMNA	SCRIB	3	0.004	0.8397
MAPRE3	SCRIB	3	0.2447	0.5498
ACTB	GIT2	3	0.0039	0.84
KRT8	GIT2	3	0.0156	0.7913
ACTB	TTLL12	3	0.1103	0.6661
CTNNA1	TTLL12	3	0.0236	0.7667
KRT8	TTLL12	3	0.1191	0.6584
LMNA	TTLL12	3	0.025	0.7637
MAPRE3	TTLL12	3	0.0138	0.7982
ACTB	POLA2	3	0.1859	0.6015
KRT8	POLA2	3	0.1723	0.613
LMNA	POLA2	3	0.3032	0.4827
MAPRE3	POLA2	3	0.0255	0.7624
ACTB	DOCK1	3	0.042	0.735
KRT8	DOCK1	3	0.0093	0.8179
MAPRE3	DOCK1	3	0.0001	0.865
ACTB	TFDP1	3	0.0001	0.865
KRT8	TFDP1	3	0.0028	0.8451
LMNA	TFDP1	3	0.0098	0.8157
KRT8	WRN	3	0.3293	0.4553
LMNA	WRN	3	0.3114	0.476
MAPRE3	WRN	3	0.0083	0.8218
ACTB	DPYSL3	3	0.3577	0.3287
CTNNA1	DPYSL3	3	0.1718	0.614
KRT8	DPYSL3	3	0.3716	0.3057
LMNA	DPYSL3	3	0.2001	0.5891
MAPRE3	DPYSL3	3	0.2722	0.5197
ACTB	ZMYM3	3	0.0853	0.6877
CTNNA1	ZMYM3	3	0.0068	0.8277
KRT8	ZMYM3	3	0.1049	0.6708
LMNA	ZMYM3	3	0.2106	0.5801
MAPRE3	ZMYM3	3	0.0175	0.7836
ACTB	DCTN1	3	0.0048	0.8361
KRT8	DCTN1	3	0.0256	0.7621
MAPRE3	DCTN1	3	0.1016	0.6739
ACTB	DYNC1H1	3	0.2998	0.4874
CTNNA1	DYNC1H1	3	0.0886	0.6851
KRT8	DYNC1H1	3	0.391	0.2719
LMNA	DYNC1H1	3	0.2808	0.5097
MAPRE3	DYNC1H1	3	0.2417	0.5524
LMNA	NPAT	3	0.0108	0.8115
ACTB	EIF2B1	3	0.0042	0.8388
KRT8	EIF2B1	3	0.0042	0.8388
MAPRE3	EIF2B1	3	0.0013	0.8533
ACTB	ELOA	3	0.0806	0.6931
KRT8	ELOA	3	0.0176	0.7832
LMNA	ELOA	3	0.2806	0.5099
MAPRE3	ELOA	3	0.1823	0.6043
ACTB	MAP7	3	0.0093	0.8179
KRT8	MAP7	3	0.0118	0.8069
MAPRE3	MAP7	3	1	0
ACTB	CTTN	3	0.4014	0.2563
CTNNA1	CTTN	3	0.1537	0.628
KRT8	CTTN	3	0.3056	0.4812
LMNA	CTTN	3	0.1465	0.6349
MAPRE3	CTTN	3	0.2322	0.5605
ACTB	FLOT2	3	0.0416	0.7356
KRT8	FLOT2	3	0.009	0.819
ACTB	TRIM25	3	0.31	0.4777
CTNNA1	TRIM25	3	0.0838	0.6896
KRT8	TRIM25	3	0.3151	0.4713
LMNA	TRIM25	3	0.1931	0.5951
MAPRE3	TRIM25	3	0.296	0.4922
ACTB	FLNC	3	0.3152	0.4712
CTNNA1	FLNC	3	0.125	0.6536
KRT8	FLNC	3	0.2715	0.5206
LMNA	FLNC	3	0.0791	0.6945
MAPRE3	FLNC	3	0.203	0.5867
ACTB	FKBP8	3	0.0049	0.8357
CTNNA1	FKBP8	3	0.01	0.8148
KRT8	FKBP8	3	0.0075	0.8248
LMNA	FKBP8	3	0.0321	0.7494
MAPRE3	FKBP8	3	0.0023	0.8475
ACTB	FAM50A	3	0.0015	0.852
KRT8	FAM50A	3	0.0013	0.8533
LMNA	FAM50A	3	0.0346	0.7458
MAPRE3	FAM50A	3	0.0004	0.8609
ACTB	FRG1	3	0.0004	0.8609
LMNA	FRG1	3	0.0262	0.7606
ACTB	PDE3A	3	0.2543	0.5391
CTNNA1	PDE3A	3	0.0515	0.7227
KRT8	PDE3A	3	0.298	0.4899
LMNA	PDE3A	3	0.1937	0.5945
MAPRE3	PDE3A	3	0.2361	0.5572
ACTB	CAPRIN1	3	0.2169	0.5751
CTNNA1	CAPRIN1	3	0.049	0.7262
KRT8	CAPRIN1	3	0.1836	0.6032
MAPRE3	CAPRIN1	3	0.2535	0.54
ACTB	RBM39	3	0.0344	0.7463
KRT8	RBM39	3	0.0498	0.7255
LMNA	RBM39	3	0.2539	0.5396
MAPRE3	RBM39	3	0.0689	0.7047
LMNA	HLTF	3	0.2914	0.498
ACTB	DHX8	3	0.2577	0.5356
KRT8	DHX8	3	0.1731	0.6121
LMNA	DHX8	3	0.2882	0.5012
MAPRE3	DHX8	3	0.1682	0.6168
ACTB	MCM6	3	0.1189	0.6588
CTNNA1	MCM6	3	0.073	0.7002
KRT8	MCM6	3	0.2214	0.5708
LMNA	MCM6	3	0.2924	0.4968
MAPRE3	MCM6	3	0.0754	0.698
KRT8	ITPR2	3	0.0202	0.7751
LMNA	ITPR2	3	0.0089	0.8194
ACTB	ITPR3	3	0.1938	0.5943
KRT8	ITPR3	3	0.3266	0.4593
LMNA	ITPR3	3	0.1915	0.5968
MAPRE3	ITPR3	3	0.0195	0.7772
ACTB	DSC3	3	0.0001	0.865
LMNA	DSC3	3	0	0.8672
LMNA	ZNF267	3	0.6667	0.0712
LMNA	ZNF268	3	0.0032	0.8433
LMNA	ZNF460	3	0.3333	0.3843
ACTB	NBR1	3	0.0763	0.697
KRT8	NBR1	3	0.7636	0.0307
MAPRE3	NBR1	3	0.0035	0.8419
ACTB	ITPR1	3	0.001	0.8552
KRT8	ITPR1	3	0.0135	0.7997
LMNA	ITPR1	3	0.0028	0.8451
ACTB	RASA3	3	0.0031	0.8437
CTNNA1	RASA3	3	0.0027	0.8456
ACTB	KIAA0100	3	0.0032	0.8433
KRT8	KIAA0100	3	0.0726	0.7009
MAPRE3	KIAA0100	3	0.0058	0.8318
ACTB	TRIP12	3	0.3272	0.4588
CTNNA1	TRIP12	3	0.1046	0.6712
KRT8	TRIP12	3	0.3261	0.4596
LMNA	TRIP12	3	0.3895	0.2739
MAPRE3	TRIP12	3	0.3229	0.4626
ACTB	PUM1	3	0.0115	0.8082
CTNNA1	PUM1	3	0.0003	0.8621
KRT8	PUM1	3	0.0174	0.784
LMNA	PUM1	3	0.0001	0.865
MAPRE3	PUM1	3	0.0037	0.8409
CTNNA1	ESPL1	3	0.0003	0.8621
KRT8	ESPL1	3	0.0014	0.8526
MAPRE3	ESPL1	3	0	0.8672
ACTB	MDC1	3	0.0879	0.6856
LMNA	MDC1	3	0.2332	0.5596
MAPRE3	MDC1	3	0.0622	0.7119
ACTB	CLINT1	3	0.3964	0.2619
CTNNA1	CLINT1	3	0.1965	0.592
KRT8	CLINT1	3	0.4075	0.2511
LMNA	CLINT1	3	0.28	0.5105
MAPRE3	CLINT1	3	0.2893	0.5002
ACTB	KANK1	3	0.3284	0.4571
CTNNA1	KANK1	3	0.2641	0.5293
KRT8	KANK1	3	0.3669	0.3143
LMNA	KANK1	3	0.0969	0.678
MAPRE3	KANK1	3	0.3024	0.4844
ACTB	MELK	3	0.0176	0.7832
CTNNA1	MELK	3	0.0005	0.8597
KRT8	MELK	3	0.0734	0.6999
LMNA	MELK	3	0.0031	0.8437
MAPRE3	MELK	3	0.0086	0.8207
ACTB	SMC1A	3	0.2	0.5892
CTNNA1	SMC1A	3	0.0351	0.745
KRT8	SMC1A	3	0.3028	0.4834
LMNA	SMC1A	3	0.0948	0.6799
MAPRE3	SMC1A	3	0.0671	0.7066
LMNA	RRP1B	3	0.3319	0.4518
KRT8	GSE1	3	0	0.8672
LMNA	GSE1	3	0.0032	0.8433
ACTB	PDCD11	3	0.0001	0.865
KRT8	PDCD11	3	0.0055	0.833
LMNA	PDCD11	3	0	0.8672
ACTB	BMS1	3	0.0001	0.865
KRT8	BMS1	3	0	0.8672
LMNA	BMS1	3	0.005	0.8352
ACTB	LPIN1	3	0.0096	0.8166
KRT8	LPIN1	3	0.0156	0.7913
ACTB	USP10	3	0.0058	0.8318
CTNNA1	USP10	3	0	0.8672
KRT8	USP10	3	0.0022	0.8481
LMNA	USP10	3	0.0001	0.865
MAPRE3	USP10	3	0.0027	0.8456
ACTB	GANAB	3	0.1639	0.6201
CTNNA1	GANAB	3	0.0229	0.7683
KRT8	GANAB	3	0.1738	0.6112
LMNA	GANAB	3	0.0661	0.7075
LMNA	MFSD10	3	0.2732	0.5191
ACTB	PPP2R5D	3	0.1586	0.6241
KRT8	PPP2R5D	3	0.0216	0.7711
LMNA	PPP2R5D	3	0.0099	0.8153
MAPRE3	PPP2R5D	3	0.0035	0.8419
ACTB	LBR	3	0.2113	0.5796
CTNNA1	LBR	3	0.0952	0.6795
KRT8	LBR	3	0.1987	0.5904
LMNA	LBR	3	0.4986	0.1866
MAPRE3	LBR	3	0.1627	0.6212
ACTB	MVP	3	0.0039	0.84
KRT8	MVP	3	0.0053	0.8338
LMNA	MVP	3	0.0005	0.8597
ACTB	GOLGB1	3	0.2789	0.5119
CTNNA1	GOLGB1	3	0.1373	0.643
KRT8	GOLGB1	3	0.2749	0.5169
LMNA	GOLGB1	3	0.1757	0.6098
MAPRE3	GOLGB1	3	0.1803	0.6062
ACTB	CASP8	3	0.0019	0.8497
CTNNA1	CASP8	3	0	0.8672
KRT8	CASP8	3	0.0049	0.8357
ACTB	KIF22	3	0.002	0.8491
CTNNA1	KIF22	3	0.0001	0.865
KRT8	KIF22	3	0.006	0.831
LMNA	KIF22	3	0.2853	0.5044
MAPRE3	KIF22	3	0.0142	0.7968
ACTB	MEF2D	3	0.0014	0.8526
KRT8	MEF2D	3	0.0066	0.8285
LMNA	MEF2D	3	0.2773	0.5134
ACTB	CHD4	3	0.1924	0.5958
CTNNA1	CHD4	3	0.0411	0.7363
KRT8	CHD4	3	0.1838	0.603
LMNA	CHD4	3	0.2595	0.5341
MAPRE3	CHD4	3	0.1974	0.5913
ACTB	LASP1	3	0.4567	0.2079
CTNNA1	LASP1	3	0.203	0.5867
KRT8	LASP1	3	0.3506	0.3475
LMNA	LASP1	3	0.166	0.6186
MAPRE3	LASP1	3	0.2838	0.5055
LMNA	ARID5B	3	0.3494	0.3498
ACTB	MTF1	3	0.0054	0.8334
LMNA	MTF1	3	0.0848	0.6882
KRT8	PTGR1	3	0.3333	0.3843
LMNA	PTGR1	3	1	0
ACTB	NFIX	3	0.0002	0.8634
LMNA	NFIX	3	0.0175	0.7836
ACTB	ZNF638	3	0.0015	0.852
KRT8	ZNF638	3	0.0036	0.8414
LMNA	ZNF638	3	0.0094	0.8174
MAPRE3	ZNF638	3	0.0026	0.846
ACTB	KPNB1	3	0.3226	0.463
CTNNA1	KPNB1	3	0.1568	0.6254
KRT8	KPNB1	3	0.3721	0.3039
LMNA	KPNB1	3	0.2483	0.5464
MAPRE3	KPNB1	3	0.2433	0.5514
ACTB	NUMA1	3	0.1985	0.5906
CTNNA1	NUMA1	3	0.0498	0.7255
KRT8	NUMA1	3	0.2041	0.5856
LMNA	NUMA1	3	0.283	0.5069
MAPRE3	NUMA1	3	0.1785	0.6077
ACTB	PSME4	3	0.0076	0.8244
ACTB	SLMAP	3	0.3387	0.3733
ACTB	GAPVD1	3	0.0182	0.7811
CTNNA1	GAPVD1	3	0.0007	0.8579
KRT8	GAPVD1	3	0.016	0.7893
LMNA	GAPVD1	3	0.0001	0.865
MAPRE3	GAPVD1	3	0.0036	0.8414
ACTB	KRT72	3	0.1522	0.6294
CTNNA1	KRT72	3	0.0863	0.6871
KRT8	KRT72	3	0.1163	0.661
LMNA	KRT72	3	0.0641	0.7096
MAPRE3	KRT72	3	0.0326	0.7486
ACTB	NAA25	3	0.3332	0.4487
KRT8	NAA25	3	0.0016	0.8515
LMNA	NAA25	3	0.0144	0.796
ACTB	NCAPH	3	0.2657	0.5272
CTNNA1	NCAPH	3	0.0392	0.7385
KRT8	NCAPH	3	0.3156	0.4704
LMNA	NCAPH	3	0.1789	0.6073
MAPRE3	NCAPH	3	0.1304	0.6495
ACTB	SPCS2	3	0.3333	0.3843
KRT8	SPCS2	3	0.6667	0.0712
LMNA	SPCS2	3	1	0
ACTB	PSMD6	3	0.0088	0.8198
CTNNA1	PSMD6	3	0.0007	0.8579
KRT8	PSMD6	3	0.0235	0.767
LMNA	PSMD6	3	0.0159	0.7897
ACTB	ABRAXAS2	3	0.059	0.7152
KRT8	ABRAXAS2	3	0.1724	0.6128
LMNA	ABRAXAS2	3	0.0055	0.833
MAPRE3	ABRAXAS2	3	0.0026	0.846
ACTB	SEPTIN2	3	0.0246	0.7648
CTNNA1	SEPTIN2	3	0.0003	0.8621
KRT8	SEPTIN2	3	0.0172	0.7846
MAPRE3	SEPTIN2	3	0.0008	0.8571
ACTB	SART3	3	0.0014	0.8526
KRT8	SART3	3	0.0002	0.8634
LMNA	SART3	3	0.0233	0.7673
MAPRE3	SART3	3	0.0017	0.8509
ACTB	NCAPD2	3	0.0052	0.8344
CTNNA1	NCAPD2	3	0	0.8672
KRT8	NCAPD2	3	0.0111	0.8104
LMNA	NCAPD2	3	0.0019	0.8497
MAPRE3	NCAPD2	3	0.0065	0.8289
ACTB	SUZ12	3	0.0037	0.8409
LMNA	SUZ12	3	0.1812	0.6056
LMNA	EXOSC7	3	0.3333	0.3843
MAPRE3	EXOSC7	3	0.3333	0.3843
ACTB	EFTUD2	3	0.232	0.5607
CTNNA1	EFTUD2	3	0.0634	0.7104
KRT8	EFTUD2	3	0.2837	0.5058
LMNA	EFTUD2	3	0.2157	0.5759
MAPRE3	EFTUD2	3	0.097	0.678
ACTB	SNX17	3	0.0118	0.8069
KRT8	SNX17	3	0.1471	0.6341
LMNA	SNX17	3	0.0564	0.7178
ACTB	RAB3GAP1	3	0.0143	0.7965
KRT8	RAB3GAP1	3	0.0156	0.7913
LMNA	RAB3GAP1	3	0.0009	0.856
MAPRE3	RAB3GAP1	3	0.0011	0.8545
ACTB	SLC39A14	3	0.0843	0.6889
CTNNA1	SLC39A14	3	0.0233	0.7673
KRT8	SLC39A14	3	0.1549	0.6266
ACTB	KARS1	3	0.0719	0.7017
KRT8	KARS1	3	0.0484	0.7269
KRT8	SETDB1	3	0.0282	0.7564
CTNNA1	RRS1	3	0.0135	0.7997
LMNA	RRS1	3	0.0275	0.7579
ACTB	POLD3	3	0.0004	0.8609
KRT8	POLD3	3	0.0005	0.8597
LMNA	POLD3	3	0.0203	0.7747
MAPRE3	POLD3	3	0.0002	0.8634
ACTB	EIF4H	3	0.2836	0.5059
CTNNA1	EIF4H	3	0.0358	0.7439
KRT8	EIF4H	3	0.2946	0.4936
LMNA	EIF4H	3	0.1613	0.6222
MAPRE3	EIF4H	3	0.1836	0.6032
KRT8	ACAP2	3	0.3333	0.3843
ACTB	KIF14	3	0.1362	0.6439
CTNNA1	KIF14	3	0.0036	0.8414
KRT8	KIF14	3	0.6088	0.1424
LMNA	KIF14	3	0.0032	0.8433
MAPRE3	KIF14	3	0.6854	0.0587
ACTB	WDR43	3	0.0425	0.7344
CTNNA1	WDR43	3	0.0189	0.7791
KRT8	WDR43	3	0.0257	0.7618
LMNA	WDR43	3	0.0111	0.8104
MAPRE3	WDR43	3	0.0167	0.7866
ACTB	PDIA6	3	0.0077	0.824
CTNNA1	PDIA6	3	0.0137	0.7987
KRT8	PDIA6	3	0.003	0.8442
LMNA	PDIA6	3	0.0173	0.7843
MAPRE3	PDIA6	3	0.0003	0.8621
ACTB	PEA15	3	0.226	0.5661
KRT8	PEA15	3	0.136	0.644
MAPRE3	PEA15	3	0.0009	0.856
KRT8	EBP	3	0.1338	0.6457
LMNA	EBP	3	0.0617	0.7124
ACTB	PMVK	3	0.3247	0.4615
ACTB	PLEC	3	0.2274	0.5651
CTNNA1	PLEC	3	0.086	0.6874
KRT8	PLEC	3	0.5672	0.1532
LMNA	PLEC	3	0.1168	0.6604
MAPRE3	PLEC	3	0.12	0.6578
ACTB	PCM1	3	0.2306	0.5616
CTNNA1	PCM1	3	0.1973	0.5915
KRT8	PCM1	3	0.371	0.3081
LMNA	PCM1	3	0.0819	0.6921
MAPRE3	PCM1	3	0.2277	0.5647
CTNNA1	PON2	3	0.0231	0.7679
KRT8	PON2	3	0.1185	0.6593
LMNA	PON2	3	0.0946	0.68
KRT8	PPP2R5A	3	0.0089	0.8194
ACTB	PPA1	3	0.0414	0.7359
CTNNA1	PPA1	3	0.0206	0.7737
KRT8	PPA1	3	0.0028	0.8451
LMNA	PPA1	3	0.012	0.8063
MAPRE3	PPA1	3	0.0178	0.7826
ACTB	PTGES3	3	0.0143	0.7965
CTNNA1	PTGES3	3	0.0152	0.7929
KRT8	PTGES3	3	0.02	0.7755
LMNA	PTGES3	3	0.0257	0.7618
MAPRE3	PTGES3	3	0.0065	0.8289
ACTB	STK38	3	0.0087	0.8203
CTNNA1	STK38	3	0.0001	0.865
KRT8	STK38	3	0.0125	0.8041
LMNA	STK38	3	0.0013	0.8533
MAPRE3	STK38	3	0.002	0.8491
ACTB	NONO	3	0.1669	0.6177
CTNNA1	NONO	3	0.0413	0.736
KRT8	NONO	3	0.1944	0.5937
LMNA	NONO	3	0.3145	0.4724
MAPRE3	NONO	3	0.1273	0.6524
ACTB	PWP2	3	0.0013	0.8533
KRT8	PWP2	3	0.0076	0.8244
LMNA	PWP2	3	0.0209	0.773
ACTB	RABEP1	3	0.0882	0.6853
KRT8	RABEP1	3	0.1838	0.603
MAPRE3	RABEP1	3	0.0068	0.8277
LMNA	RNPS1	3	0.0116	0.8077
LMNA	RBBP5	3	0.0038	0.8404
ACTB	LLGL1	3	0.3333	0.3843
CTNNA1	LLGL1	3	0.6667	0.0712
ACTB	PCBP1	3	0.2297	0.5622
CTNNA1	PCBP1	3	0.0403	0.7371
KRT8	PCBP1	3	0.2511	0.5429
LMNA	PCBP1	3	0.1595	0.6236
MAPRE3	PCBP1	3	0.0681	0.7057
ACTB	PCBP2	3	0.1389	0.6415
CTNNA1	PCBP2	3	0.0178	0.7826
KRT8	PCBP2	3	0.1955	0.593
LMNA	PCBP2	3	0.1214	0.657
MAPRE3	PCBP2	3	0.0367	0.7425
ACTB	RHEB	3	0.3394	0.3721
CTNNA1	RHEB	3	0.0926	0.6815
KRT8	RHEB	3	0.3569	0.3309
LMNA	RHEB	3	0.3343	0.3817
MAPRE3	RHEB	3	0.2707	0.5215
ACTB	UBE3C	3	0.0107	0.8119
KRT8	UBE3C	3	0.044	0.7323
ACTB	TOMM20	3	0.0062	0.8302
MAPRE3	TOMM20	3	0.0034	0.8424
ACTB	MTFR1	3	0.9943	0.0004
KRT8	MTFR1	3	0.0154	0.7921
ACTB	DHCR24	3	0.0653	0.7081
KRT8	DHCR24	3	0.4028	0.2546
LMNA	DHCR24	3	0.3028	0.4834
MAPRE3	DHCR24	3	0.0088	0.8198
ACTB	SF3B3	3	0.0129	0.8025
CTNNA1	SF3B3	3	0	0.8672
KRT8	SF3B3	3	0.0262	0.7606
LMNA	SF3B3	3	0.0084	0.8215
MAPRE3	SF3B3	3	0.0014	0.8526
ACTB	PUM3	3	0.0111	0.8104
LMNA	PUM3	3	0.0169	0.7858
ACTB	DLGAP5	3	0.0068	0.8277
CTNNA1	DLGAP5	3	0	0.8672
KRT8	DLGAP5	3	0.0047	0.8366
MAPRE3	DLGAP5	3	0.0251	0.7636
ACTB	CNN3	3	0.5695	0.1517
KRT8	CNN3	3	0.1328	0.647
LMNA	CNN3	3	0.0586	0.7155
MAPRE3	CNN3	3	0.0317	0.7499
ACTB	RPS6KA1	3	0.2929	0.4959
CTNNA1	RPS6KA1	3	0.1055	0.6702
KRT8	RPS6KA1	3	0.2924	0.4968
LMNA	RPS6KA1	3	0.1724	0.6128
MAPRE3	RPS6KA1	3	0.2326	0.56
ACTB	SAFB	3	0.2037	0.5864
CTNNA1	SAFB	3	0.0385	0.7395
KRT8	SAFB	3	0.0791	0.6945
LMNA	SAFB	3	0.2541	0.5393
MAPRE3	SAFB	3	0.1581	0.6244
ACTB	SEC23A	3	0.0078	0.8237
CTNNA1	SEC23A	3	0.0047	0.8366
KRT8	SEC23A	3	0.0264	0.7601
KRT8	CYTH1	3	0.6667	0.0712
ACTB	SF3A1	3	0.2228	0.5693
CTNNA1	SF3A1	3	0.0269	0.7593
KRT8	SF3A1	3	0.1846	0.6023
LMNA	SF3A1	3	0.2544	0.5389
MAPRE3	SF3A1	3	0.1523	0.6292
ACTB	STIL	3	0.0145	0.7955
KRT8	STIL	3	0.5808	0.1503
LMNA	STIL	3	0.0006	0.8588
MAPRE3	STIL	3	0.0029	0.8445
ACTB	SKIV2L	3	0.1332	0.6462
CTNNA1	SKIV2L	3	0.0358	0.7439
KRT8	SKIV2L	3	0.2942	0.4944
LMNA	SKIV2L	3	0.0821	0.6918
MAPRE3	SKIV2L	3	0.0486	0.7268
ACTB	CDSN	3	0.039	0.7388
CTNNA1	CDSN	3	0.0129	0.8025
LMNA	CDSN	3	0.038	0.7404
ACTB	TAF7	3	0.0113	0.8094
CTNNA1	TAF7	3	0.0002	0.8634
KRT8	TAF7	3	0.0153	0.7926
LMNA	TAF7	3	0.0055	0.833
MAPRE3	TAF7	3	0.0017	0.8509
ACTB	MAPRE2	3	0.0157	0.7907
KRT8	MAPRE2	3	0.3909	0.2723
LMNA	MAPRE2	3	0.0203	0.7747
MAPRE3	MAPRE2	3	1	0
ACTB	TGFBI	3	0.0876	0.6859
KRT8	TGFBI	3	0.0549	0.7194
LMNA	TGFBI	3	0.0095	0.817
MAPRE3	TGFBI	3	0.1515	0.6303
ACTB	NCOA2	3	0.0025	0.8466
KRT8	NCOA2	3	0.0029	0.8445
LMNA	NCOA2	3	0.0083	0.8218
LMNA	SLC9A3R2	3	0.3258	0.4599
ACTB	DIXDC1	3	1	0
ACTB	SF1	3	0.2657	0.5272
CTNNA1	SF1	3	0.0101	0.8144
KRT8	SF1	3	0.2509	0.5432
LMNA	SF1	3	0.3388	0.3731
MAPRE3	SF1	3	0.2066	0.5832
ACTB	TRIP10	3	0.0371	0.7418
KRT8	TRIP10	3	0.2351	0.5578
MAPRE3	TRIP10	3	0.0269	0.7593
ACTB	TRIP11	3	0.018	0.7818
CTNNA1	TRIP11	3	0.0015	0.852
KRT8	TRIP11	3	0.0316	0.7501
LMNA	TRIP11	3	0.0115	0.8082
MAPRE3	TRIP11	3	0.0029	0.8445
ACTB	TRIP13	3	0.0218	0.7706
CTNNA1	TRIP13	3	0.0158	0.7903
KRT8	TRIP13	3	0.3101	0.4776
LMNA	TRIP13	3	0.044	0.7323
MAPRE3	TRIP13	3	0.009	0.819
ACTB	MED1	3	0.0015	0.852
KRT8	MED1	3	0.0001	0.865
LMNA	MED1	3	0.0112	0.8098
MAPRE3	MED1	3	0	0.8672
ACTB	TRIP4	3	0.0261	0.7608
CTNNA1	TRIP4	3	0.0007	0.8579
KRT8	TRIP4	3	0.0234	0.7672
LMNA	TRIP4	3	0	0.8672
MAPRE3	TRIP4	3	0.0097	0.8161
ACTB	JMJD1C	3	0.0003	0.8621
LMNA	JMJD1C	3	0.0241	0.7658
ACTB	TRIP6	3	0.2917	0.4975
CTNNA1	TRIP6	3	0.1462	0.6351
KRT8	TRIP6	3	0.3716	0.3057
LMNA	TRIP6	3	0.0641	0.7096
MAPRE3	TRIP6	3	0.1719	0.6137
ACTB	MAPRE1	3	0.0341	0.7467
CTNNA1	MAPRE1	3	0.019	0.7787
KRT8	MAPRE1	3	0.3002	0.4868
LMNA	MAPRE1	3	0.0195	0.7772
MAPRE3	MAPRE1	3	1	0
ACTB	ALX1	3	0.1406	0.6398
KRT8	ALX1	3	0.1307	0.649
LMNA	ALX1	3	0.0165	0.7874
ACTB	TSC22D1	3	0.0003	0.8621
KRT8	TSC22D1	3	0.0019	0.8497
LMNA	TSC22D1	3	0.0009	0.856
ACTB	ELAVL1	3	0.0222	0.7699
CTNNA1	ELAVL1	3	0.0096	0.8166
KRT8	ELAVL1	3	0.0151	0.7933
LMNA	ELAVL1	3	0.1116	0.665
MAPRE3	ELAVL1	3	0.0267	0.7596
LMNA	ELF2	3	0.3201	0.465
LMNA	NSDHL	3	0.1785	0.6077
LMNA	NAB2	3	0.3333	0.3843
ACTB	MYLK	3	0.5048	0.1822
ACTB	TAB1	3	0.0185	0.7803
KRT8	TAB1	3	0.0138	0.7982
MAPRE3	TAB1	3	0.0007	0.8579
ACTB	HERC1	3	0.0039	0.84
KRT8	HERC1	3	0.4192	0.2404
ACTB	SLC1A5	3	0.1965	0.592
CTNNA1	SLC1A5	3	0.0919	0.6821
KRT8	SLC1A5	3	0.2791	0.5117
LMNA	SLC1A5	3	0.2288	0.5633
MAPRE3	SLC1A5	3	0.0681	0.7057
ACTB	SPEG	3	0.6667	0.0712
KRT8	MLF2	3	0.3333	0.3843
LMNA	MLF2	3	0.3333	0.3843
ACTB	TOMM34	3	0.2553	0.5379
KRT8	TOMM34	3	0.2328	0.5599
MAPRE3	TOMM34	3	0.0415	0.7358
ACTB	ITSN1	3	0.0009	0.856
KRT8	UBE2V2	3	0.3333	0.3843
ACTB	NEDD8	3	0.1305	0.6493
KRT8	NEDD8	3	0.1728	0.6124
LMNA	NEDD8	3	0.276	0.5154
MAPRE3	NEDD8	3	0.0652	0.7083
LMNA	ATP6AP1	3	1	0
ACTB	ZFHX3	3	0.0001	0.865
LMNA	ZFHX3	3	0.0133	0.8007
ACTB	ZYX	3	0.3232	0.4622
CTNNA1	ZYX	3	0.1586	0.6241
KRT8	ZYX	3	0.2314	0.5609
LMNA	ZYX	3	0.0629	0.711
MAPRE3	ZYX	3	0.1547	0.6267
ACTB	SEPTIN7	3	0.2897	0.4996
CTNNA1	SEPTIN7	3	0.1982	0.5908
KRT8	SEPTIN7	3	0.2737	0.5185
LMNA	SEPTIN7	3	0.0437	0.7328
MAPRE3	SEPTIN7	3	0.2441	0.5503
ACTB	ADRM1	3	0.0032	0.8433
KRT8	ADRM1	3	0.6658	0.1234
LMNA	ADRM1	3	0.0122	0.8053
ACTB	CCDC6	3	0.1433	0.6376
KRT8	CCDC6	3	0.0065	0.8289
LMNA	CCDC6	3	0.0004	0.8609
MAPRE3	CCDC6	3	0.0008	0.8571
CTNNA1	INA	3	0.0044	0.8379
KRT8	INA	3	0.3695	0.3099
ACTB	PRR4	3	0.2969	0.4913
ACTB	PSMD5	3	0.0262	0.7606
CTNNA1	PSMD5	3	0.0004	0.8609
KRT8	PSMD5	3	0.0955	0.6793
LMNA	PSMD5	3	0.0163	0.7882
MAPRE3	PSMD5	3	0.0025	0.8466
ACTB	PKN1	3	0.3436	0.3611
CTNNA1	PKN1	3	0.1767	0.6088
KRT8	PKN1	3	0.3936	0.2669
LMNA	PKN1	3	0.0822	0.6916
MAPRE3	PKN1	3	0.2584	0.5349
ACTB	PKN2	3	0.3841	0.2807
CTNNA1	PKN2	3	0.1284	0.6515
KRT8	PKN2	3	0.4061	0.2524
LMNA	PKN2	3	0.3072	0.4802
MAPRE3	PKN2	3	0.3406	0.3672
ACTB	CSRP2	3	0.0311	0.7511
CTNNA1	CSRP2	3	0.0351	0.745
KRT8	CSRP2	3	0.0427	0.7341
LMNA	CSRP2	3	0.0335	0.7477
MAPRE3	CSRP2	3	0.0168	0.7862
CTNNA1	DDB1	3	0.0065	0.8289
KRT8	DDB1	3	0.9931	0.0005
ACTB	CDC37	3	0.2035	0.5865
CTNNA1	CDC37	3	0.0313	0.7508
KRT8	CDC37	3	0.2469	0.5478
LMNA	CDC37	3	0.241	0.5526
MAPRE3	CDC37	3	0.0773	0.696
ACTB	DPYSL2	3	0.3396	0.3711
CTNNA1	DPYSL2	3	0.1338	0.6457
KRT8	DPYSL2	3	0.3683	0.3123
LMNA	DPYSL2	3	0.1909	0.5978
MAPRE3	DPYSL2	3	0.2624	0.5314
ACTB	RBBP7	3	0.1824	0.6043
CTNNA1	RBBP7	3	0.0292	0.7544
KRT8	RBBP7	3	0.0923	0.6817
LMNA	RBBP7	3	0.1558	0.6261
MAPRE3	RBBP7	3	0.0361	0.7433
LMNA	TAF9	3	0.0391	0.7386
MAPRE3	TAF9	3	0.0003	0.8621
ACTB	ECM1	3	0.0567	0.7176
ACTB	CPSF6	3	0.0295	0.7537
KRT8	CPSF6	3	0.0003	0.8621
LMNA	CPSF6	3	0.0057	0.8322
MAPRE3	CPSF6	3	0.0004	0.8609
ACTB	SMN1	3	0.337	0.3771
CTNNA1	SMN1	3	0.1722	0.6132
KRT8	SMN1	3	0.3334	0.3841
LMNA	SMN1	3	0.3065	0.4808
MAPRE3	SMN1	3	0.2553	0.5379
ACTB	DBN1	3	0.3753	0.2971
CTNNA1	DBN1	3	0.1297	0.6503
KRT8	DBN1	3	0.1832	0.6035
LMNA	DBN1	3	0.0819	0.6921
MAPRE3	DBN1	3	0.1321	0.6474
KRT8	NFIL3	3	0.0022	0.8481
LMNA	NFIL3	3	0.0096	0.8166
ACTB	FSCN1	3	0.0357	0.7441
CTNNA1	FSCN1	3	0.0154	0.7921
KRT8	FSCN1	3	0.0108	0.8115
LMNA	FSCN1	3	0.036	0.7434
MAPRE3	FSCN1	3	0.005	0.8352
ACTB	IFI16	3	0.2922	0.497
CTNNA1	IFI16	3	0.2592	0.5344
KRT8	IFI16	3	0.2891	0.5003
LMNA	IFI16	3	0.3284	0.4571
MAPRE3	IFI16	3	0.2861	0.5035
ACTB	KYNU	3	0.0379	0.7406
KRT8	KYNU	3	0.3498	0.3495
ACTB	H2AC20	3	0.0229	0.7683
CTNNA1	H2AC20	3	0.0118	0.8069
KRT8	H2AC20	3	0.0182	0.7811
LMNA	H2AC20	3	0.0845	0.6885
MAPRE3	H2AC20	3	0.0058	0.8318
ACTB	NDUFA9	3	0.0337	0.7474
KRT8	NDUFA9	3	0.708	0.0496
LMNA	NDUFA9	3	0.0098	0.8157
ACTB	TXNRD1	3	0.0016	0.8515
KRT8	TXNRD1	3	0.0014	0.8526
LMNA	TXNRD1	3	0.0008	0.8571
ACTB	TPD52L1	3	0.0264	0.7601
CTNNA1	TPD52L1	3	0	0.8672
KRT8	TPD52L1	3	0.0219	0.7704
LMNA	TPD52L1	3	0.0056	0.8326
MAPRE3	TPD52L1	3	0.0019	0.8497
ACTB	IMMT	3	0.0154	0.7921
CTNNA1	IMMT	3	0.0102	0.814
LMNA	IMMT	3	0.0061	0.8305
LMNA	ZNF827	3	0.0598	0.7141
ACTB	GEN1	3	0.001	0.8552
CTNNA1	GEN1	3	0.0021	0.8485
MAPRE3	GEN1	3	0.0008	0.8571
KRT8	CPEB4	3	0.6667	0.0712
ACTB	KNOP1	3	0.0001	0.865
KRT8	KNOP1	3	0.0002	0.8634
LMNA	KNOP1	3	0.0076	0.8244
MAPRE3	KNOP1	3	0.0001	0.865
ACTB	HNRNPUL2	3	0.0288	0.7551
CTNNA1	HNRNPUL2	3	0.0301	0.7527
KRT8	HNRNPUL2	3	0.0509	0.7237
LMNA	HNRNPUL2	3	0.0396	0.7381
MAPRE3	HNRNPUL2	3	0.0443	0.732
KRT8	CSPP1	3	1	0
ACTB	INF2	3	0.0528	0.7215
CTNNA1	INF2	3	0.0002	0.8634
KRT8	INF2	3	0.0103	0.8135
LMNA	INF2	3	0.0009	0.856
MAPRE3	INF2	3	0.0003	0.8621
ACTB	PDS5A	3	0.002	0.8491
KRT8	PDS5A	3	0.0006	0.8588
LMNA	PDS5A	3	0.0201	0.7753
KRT8	KIAA0753	3	1	0
MAPRE3	KIAA0753	3	0.0048	0.8361
ACTB	RFX7	3	0	0.8672
LMNA	RFX7	3	0.0018	0.8502
ACTB	QSER1	3	0.0037	0.8409
KRT8	QSER1	3	0.0035	0.8419
LMNA	QSER1	3	0.0163	0.7882
MAPRE3	QSER1	3	0.0003	0.8621
ACTB	CLEC16A	3	0.0112	0.8098
KRT8	CLEC16A	3	0.1675	0.6172
MAPRE3	CLEC16A	3	0.0009	0.856
KRT8	KIAA1109	3	0	0.8672
ACTB	KIF7	3	0.016	0.7893
KRT8	KIF7	3	0.6843	0.0594
MAPRE3	KIF7	3	0.0145	0.7955
ACTB	ARHGAP31	3	0.0029	0.8445
KRT8	ARHGAP31	3	0.0107	0.8119
ACTB	AAK1	3	0.0471	0.7287
CTNNA1	AAK1	3	0.0058	0.8318
KRT8	AAK1	3	0.0129	0.8025
LMNA	AAK1	3	0.0088	0.8198
MAPRE3	AAK1	3	0.0015	0.852
ACTB	KIZ	3	0.0016	0.8515
KRT8	KIZ	3	0.1158	0.6615
ACTB	WASHC4	3	0.0522	0.722
KRT8	WASHC4	3	0.2963	0.4918
CTNNA1	SHROOM1	3	0	0.8672
KRT8	SHROOM1	3	0.0001	0.865
ACTB	ERCC6L	3	0.0169	0.7858
CTNNA1	ERCC6L	3	0.001	0.8552
KRT8	ERCC6L	3	0.0274	0.7581
LMNA	ERCC6L	3	0.0001	0.865
MAPRE3	ERCC6L	3	0.0074	0.8253
ACTB	TSR1	3	0.0009	0.856
KRT8	TSR1	3	0.0001	0.865
LMNA	TSR1	3	0.0281	0.7566
KRT8	RALGAPA2	3	0.0002	0.8634
LMNA	RALGAPA2	3	0.0007	0.8579
LMNA	IAH1	3	0.0377	0.7411
ACTB	QRICH1	3	0.1883	0.5997
KRT8	QRICH1	3	0.2204	0.5718
LMNA	QRICH1	3	0.2113	0.5796
MAPRE3	QRICH1	3	0.1182	0.6595
KRT8	SMU1	3	0.3333	0.3843
ACTB	ATG2A	3	0.0709	0.7028
CTNNA1	ATG2A	3	0.0092	0.8184
KRT8	ATG2A	3	0.2248	0.5674
MAPRE3	ATG2A	3	0.0109	0.8112
LMNA	CWF19L2	3	0.8204	0.0198
ACTB	CTU2	3	0.3566	0.3312
KRT8	CTU2	3	0.2245	0.5678
LMNA	CTU2	3	0.0131	0.8017
MAPRE3	CTU2	3	0.0933	0.6811
ACTB	LRRFIP1	3	0.359	0.3274
CTNNA1	LRRFIP1	3	0.1929	0.5953
KRT8	LRRFIP1	3	0.2897	0.4996
LMNA	LRRFIP1	3	0.0315	0.7503
MAPRE3	LRRFIP1	3	0.247	0.5475
KRT8	POLR1F	3	0.021	0.7727
ACTB	EDRF1	3	0.0073	0.8256
KRT8	EDRF1	3	0.0094	0.8174
MAPRE3	EDRF1	3	0.0004	0.8609
MAPRE3	FAM161A	3	0.9978	0.0001
ACTB	MAP7D1	3	0.029	0.7549
KRT8	MAP7D1	3	0.0404	0.7369
LMNA	MAP7D1	3	0.0114	0.8088
MAPRE3	MAP7D1	3	0.1744	0.6106
LMNA	CHD9	3	0.3677	0.3126
ACTB	LSM12	3	0.036	0.7434
CTNNA1	LSM12	3	0.0097	0.8161
KRT8	LSM12	3	0.1023	0.6733
LMNA	LSM12	3	0.024	0.766
MAPRE3	LSM12	3	0.013	0.8021
LMNA	GON4L	3	0.03	0.7528
ACTB	CCDC88A	3	0.3457	0.3573
CTNNA1	CCDC88A	3	0.2028	0.5868
KRT8	CCDC88A	3	0.3836	0.2811
LMNA	CCDC88A	3	0.0134	0.8003
MAPRE3	CCDC88A	3	0.3147	0.4721
ACTB	RABL6	3	0.1178	0.6597
CTNNA1	RABL6	3	0.0022	0.8481
KRT8	RABL6	3	0.0814	0.6925
LMNA	RABL6	3	0.0079	0.8232
MAPRE3	RABL6	3	0.0167	0.7866
LMNA	VMA21	3	0.9969	0.0001
ACTB	TIMM50	3	0.1161	0.6612
CTNNA1	TIMM50	3	0.013	0.8021
KRT8	TIMM50	3	0.3672	0.314
LMNA	TIMM50	3	0.0453	0.7311
ACTB	PARP14	3	0.0148	0.7943
CTNNA1	PARP14	3	0.0001	0.865
KRT8	PARP14	3	0.0068	0.8277
MAPRE3	PARP14	3	0	0.8672
ACTB	GLYR1	3	0	0.8672
LMNA	GLYR1	3	0.0097	0.8161
KRT8	CCDC14	3	1	0
ACTB	ZBED5	3	0.0033	0.8429
LMNA	ZBED5	3	0.8641	0.0133
KRT8	C5orf22	3	0.3333	0.3843
ACTB	C2CD3	3	0.0104	0.8132
CTNNA1	C2CD3	3	0.0001	0.865
KRT8	C2CD3	3	0.9777	0.0015
MAPRE3	C2CD3	3	0.0121	0.8057
KRT8	RIC1	3	0.007	0.8268
LMNA	LARP7	3	0.1072	0.6683
ACTB	NADK2	3	0.0008	0.8571
CTNNA1	NADK2	3	0.0107	0.8119
KRT8	NADK2	3	0.0924	0.6816
LMNA	NADK2	3	0.0075	0.8248
MAPRE3	NADK2	3	0.0008	0.8571
LMNA	CCDC152	3	0.3331	0.4497
KRT8	TBC1D10B	3	0.3333	0.3843
ACTB	TPRN	3	1	0
ACTB	ANO6	3	0.0011	0.8545
ACTB	AASDH	3	0.0043	0.8384
KRT8	AASDH	3	0.0037	0.8409
LMNA	AASDH	3	0.0638	0.71
ACTB	ARID4B	3	0.0059	0.8315
LMNA	ARID4B	3	0.0089	0.8194
MAPRE3	ARID4B	3	0.0001	0.865
ACTB	GRIPAP1	3	0.0123	0.805
KRT8	GRIPAP1	3	0.0145	0.7955
MAPRE3	GRIPAP1	3	0.0005	0.8597
KRT8	CBWD6	3	0.0284	0.7562
KRT8	FLYWCH1	3	0.021	0.7727
LMNA	FLYWCH1	3	0.2783	0.5125
ACTB	FAM98B	3	0.0025	0.8466
KRT8	FAM98B	3	0.0047	0.8366
LMNA	FAM98B	3	0.0126	0.8036
LMNA	EPC2	3	0.0012	0.8539
ACTB	ARHGAP29	3	0.0196	0.7768
CTNNA1	ARHGAP29	3	0.0014	0.8526
KRT8	ARHGAP29	3	0.039	0.7388
LMNA	ARHGAP29	3	0	0.8672
MAPRE3	ARHGAP29	3	0.0046	0.8372
ACTB	PDCD4	3	0.0875	0.686
KRT8	PDCD4	3	0.0892	0.6844
LMNA	PDCD4	3	0.2652	0.528
MAPRE3	PDCD4	3	0.0183	0.7807
KRT8	FNDC3B	3	0.0704	0.7033
LMNA	FNDC3B	3	0.0458	0.7303
ACTB	CEP55	3	0.0193	0.7779
CTNNA1	CEP55	3	0.0002	0.8634
KRT8	CEP55	3	0.0747	0.6987
MAPRE3	CEP55	3	0.0142	0.7968
LMNA	NCBP3	3	0.1817	0.605
MAPRE3	NCBP3	3	0.0006	0.8588
ACTB	IFI44L	3	0.0063	0.8298
CTNNA1	IFI44L	3	0.0001	0.865
KRT8	IFI44L	3	0.0079	0.8232
KRT8	HSD17B12	3	1	0
LMNA	HSD17B12	3	0.3333	0.3843
MAPRE3	HSD17B12	3	0.3333	0.3843
ACTB	GLE1	3	0.134	0.6455
KRT8	GLE1	3	0.0182	0.7811
MAPRE3	GLE1	3	0.0002	0.8634
KRT8	AGK	3	0.418	0.2413
LMNA	AGK	3	0.0455	0.7307
KRT8	PYCR3	3	0.0143	0.7965
ACTB	CDCA8	3	0.0106	0.8123
KRT8	CDCA8	3	0.0034	0.8424
LMNA	CDCA8	3	0.282	0.5077
MAPRE3	CDCA8	3	0.191	0.5976
ACTB	SOWAHC	3	0.3654	0.3173
KRT8	SOWAHC	3	0.0034	0.8424
MAPRE3	SOWAHC	3	0.0005	0.8597
ACTB	ASPRV1	3	0.007	0.8268
ACTB	COBLL1	3	0.5463	0.1625
KRT8	COBLL1	3	0.005	0.8352
ACTB	WDR81	3	0.0231	0.7679
KRT8	WDR81	3	0.7121	0.047
ACTB	SGO2	3	0.0044	0.8379
CTNNA1	SGO2	3	0.0025	0.8466
KRT8	SGO2	3	0.0009	0.856
LMNA	SGO2	3	0.1706	0.6151
MAPRE3	SGO2	3	0.0115	0.8082
ACTB	ACTBL2	3	1	0
CTNNA1	ACTBL2	3	0.0374	0.7413
KRT8	ACTBL2	3	0.0122	0.8053
LMNA	ACTBL2	3	0.0211	0.7724
ACTB	CCDC93	3	0.0213	0.7717
LMNA	ESCO2	3	0.6667	0.0712
KRT8	PAN3	3	0.3333	0.3843
KRT8	TMEM97	3	0.0871	0.6866
LMNA	TMEM97	3	0.0554	0.7188
ACTB	ODF2	3	0.0004	0.8609
KRT8	ODF2	3	0.0772	0.6961
MAPRE3	ODF2	3	0.0318	0.7497
ACTB	C19orf54	3	0.3333	0.3843
ACTB	ZNF326	3	0.0028	0.8451
LMNA	ZNF326	3	0.0239	0.7662
ACTB	FLG2	3	0.1618	0.6217
CTNNA1	FLG2	3	0.0465	0.7295
KRT8	FLG2	3	0.0546	0.7197
LMNA	FLG2	3	0.1522	0.6294
MAPRE3	FLG2	3	0.0181	0.7814
ACTB	DNAJC21	3	0.3332	0.4487
CTNNA1	DNAJC21	3	0.1873	0.6003
KRT8	DNAJC21	3	0.3196	0.4657
LMNA	DNAJC21	3	0.1207	0.6574
MAPRE3	DNAJC21	3	0.2807	0.5098
LMNA	ESCO1	3	0.3333	0.3843
LMNA	CT83	3	1	0
LMNA	BCORL1	3	0.0293	0.7541
ACTB	PPP6R3	3	0.3519	0.3443
CTNNA1	PPP6R3	3	0.2293	0.5629
KRT8	PPP6R3	3	0.4001	0.2576
LMNA	PPP6R3	3	0.2512	0.5427
MAPRE3	PPP6R3	3	0.2225	0.5696
ACTB	RABL3	3	0.0067	0.8281
CTNNA1	RABL3	3	0.002	0.8491
KRT8	RABL3	3	0.3333	0.3843
LMNA	RABL3	3	0.2816	0.5083
ACTB	SH3D19	3	0.0198	0.7761
CTNNA1	SH3D19	3	0	0.8672
KRT8	SH3D19	3	0.003	0.8442
MAPRE3	SH3D19	3	0.0004	0.8609
CTNNA1	ZNF311	3	0.0736	0.6997
MAPRE3	ZNF311	3	0.0009	0.856
ACTB	MIA3	3	0.0211	0.7724
KRT8	MIA3	3	0.6666	0.1218
ACTB	PITRM1	3	0.1628	0.6212
LMNA	PITRM1	3	0.0272	0.7586
ACTB	WDR44	3	0.0053	0.8338
KRT8	WDR44	3	0.0026	0.846
MAPRE3	WDR44	3	0.0001	0.865
ACTB	DOCK11	3	0.078	0.6955
KRT8	DOCK11	3	0.084	0.6894
MAPRE3	DOCK11	3	0.0021	0.8485
ACTB	PRRC2B	3	0.0031	0.8437
CTNNA1	PRRC2B	3	0	0.8672
KRT8	PRRC2B	3	0.0111	0.8104
LMNA	PRRC2B	3	0.0017	0.8509
MAPRE3	PRRC2B	3	0.0076	0.8244
ACTB	RRP12	3	0.0013	0.8533
LMNA	RRP12	3	0.0004	0.8609
ACTB	TOR1AIP1	3	0.0212	0.7721
KRT8	TOR1AIP1	3	0.0185	0.7803
LMNA	TOR1AIP1	3	1	0
MAPRE3	TOR1AIP1	3	0.0076	0.8244
ACTB	CEP78	3	0.029	0.7549
KRT8	CEP78	3	0.3398	0.3698
ACTB	AARS2	3	0.3333	0.3843
ACTB	PCID2	3	0.0039	0.84
KRT8	PCID2	3	0.2622	0.5316
LMNA	PCID2	3	0.1153	0.6621
ACTB	SAMD9	3	0.0106	0.8123
KRT8	SAMD9	3	0.0066	0.8285
ACTB	SPECC1	3	0.3004	0.4867
CTNNA1	SPECC1	3	0.0008	0.8571
KRT8	SPECC1	3	0.341	0.3662
MAPRE3	SPECC1	3	0.022	0.7702
ACTB	PPP4R3B	3	0.0002	0.8634
LMNA	PPP4R3B	3	0.0221	0.77
ACTB	WIPI1	3	0.0029	0.8445
LMNA	WIPI1	3	0.0026	0.846
MAPRE3	WIPI1	3	0.0005	0.8597
ACTB	SAMD4B	3	0.0037	0.8409
KRT8	SAMD4B	3	0.0889	0.6849
ACTB	DNTTIP2	3	0.0003	0.8621
KRT8	DNTTIP2	3	0	0.8672
LMNA	DNTTIP2	3	0.0148	0.7943
MAPRE3	DNTTIP2	3	0.002	0.8491
ACTB	RABGAP1L	3	0.0168	0.7862
KRT8	RABGAP1L	3	0.0043	0.8384
LMNA	RABGAP1L	3	0	0.8672
MAPRE3	RABGAP1L	3	0.0001	0.865
LMNA	RBM48	3	0.3333	0.3843
LMNA	TMEM201	3	1	0
ACTB	SNAP47	3	0.0006	0.8588
KRT8	SNAP47	3	0.0759	0.6975
ACTB	NUP188	3	0.0131	0.8017
CTNNA1	NUP188	3	0.0005	0.8597
KRT8	NUP188	3	0.9998	0
LMNA	NUP188	3	0.0134	0.8003
MAPRE3	NUP188	3	0.0027	0.8456
ACTB	HP1BP3	3	0.1772	0.6084
CTNNA1	HP1BP3	3	0.0937	0.6807
KRT8	HP1BP3	3	0.1504	0.6315
LMNA	HP1BP3	3	0.3347	0.3812
MAPRE3	HP1BP3	3	0.1364	0.6437
ACTB	ZMYM1	3	0.0004	0.8609
CTNNA1	ZMYM1	3	0.0015	0.852
KRT8	ZMYM1	3	0.0038	0.8404
LMNA	ZMYM1	3	0.0156	0.7913
MAPRE3	ZMYM1	3	0.0001	0.865
ACTB	CEP170	3	0.2936	0.4952
CTNNA1	CEP170	3	0.1858	0.6017
KRT8	CEP170	3	0.3941	0.2665
LMNA	CEP170	3	0.1134	0.6637
MAPRE3	CEP170	3	0.3455	0.3584
ACTB	PPP1R15B	3	0.0166	0.787
CTNNA1	PPP1R15B	3	0.0013	0.8533
KRT8	PPP1R15B	3	0.0213	0.7717
LMNA	PPP1R15B	3	0.0009	0.856
MAPRE3	PPP1R15B	3	0.0023	0.8475
ACTB	ODR4	3	0.3333	0.3843
LMNA	ODR4	3	0.3333	0.3843
LMNA	SNAPC4	3	0.0329	0.7482
ACTB	NOL9	3	0.0003	0.8621
KRT8	NOL9	3	0.0013	0.8533
LMNA	NOL9	3	0.0026	0.846
MAPRE3	NOL9	3	0	0.8672
ACTB	NHSL1	3	0.1445	0.6363
CTNNA1	NHSL1	3	0.0092	0.8184
KRT8	NHSL1	3	0.0067	0.8281
LMNA	NHSL1	3	0.0339	0.747
KRT8	C6orf141	3	0.3333	0.3843
KRT8	CEP85L	3	1	0
KRT8	SZT2	3	0.0173	0.7843
ACTB	CC2D1B	3	0.002	0.8491
CTNNA1	CC2D1B	3	0.0287	0.7554
LMNA	CC2D1B	3	0.1156	0.6618
MAPRE3	CC2D1B	3	0.0005	0.8597
ACTB	FNBP1L	3	0.0162	0.7886
KRT8	FNBP1L	3	0.0306	0.7521
MAPRE3	FNBP1L	3	0.0008	0.8571
KRT8	FAM83B	3	1	0
ACTB	FKBP15	3	0.0164	0.7877
CTNNA1	FKBP15	3	0	0.8672
KRT8	FKBP15	3	0.0148	0.7943
MAPRE3	FKBP15	3	0.0027	0.8456
KRT8	ODAD2	3	1	0
ACTB	GPATCH4	3	0.1827	0.6041
CTNNA1	GPATCH4	3	0.0528	0.7215
KRT8	GPATCH4	3	0.1324	0.6472
LMNA	GPATCH4	3	0.2555	0.5375
MAPRE3	GPATCH4	3	0.2121	0.5784
LMNA	LRIF1	3	0.15	0.6317
MAPRE3	LRIF1	3	0.0241	0.7658
ACTB	UBR4	3	0.163	0.621
CTNNA1	UBR4	3	0.001	0.8552
KRT8	UBR4	3	0.1519	0.6297
LMNA	UBR4	3	0.0175	0.7836
MAPRE3	UBR4	3	0.0115	0.8082
ACTB	STXBP5	3	0.0056	0.8326
KRT8	STXBP5	3	0.0419	0.7351
LMNA	STXBP5	3	0.0017	0.8509
ACTB	KIAA1217	3	0.0201	0.7753
CTNNA1	KIAA1217	3	0.3026	0.484
KRT8	KIAA1217	3	0.1611	0.6224
LMNA	KIAA1217	3	0	0.8672
MAPRE3	KIAA1217	3	0.4638	0.203
ACTB	ARHGAP21	3	0.351	0.3466
CTNNA1	ARHGAP21	3	0.4298	0.2285
KRT8	ARHGAP21	3	0.3136	0.4733
MAPRE3	ARHGAP21	3	0.0785	0.695
ACTB	BEND3	3	0.0041	0.8393
KRT8	BEND3	3	0.0047	0.8366
LMNA	BEND3	3	0.0358	0.7439
MAPRE3	BEND3	3	0.0004	0.8609
ACTB	CAMSAP1	3	0.0164	0.7877
CTNNA1	CAMSAP1	3	0.0011	0.8545
KRT8	CAMSAP1	3	0.0298	0.7532
MAPRE3	CAMSAP1	3	0.1631	0.621
ACTB	UBAP2	3	0.2543	0.5391
CTNNA1	UBAP2	3	0.1139	0.6632
KRT8	UBAP2	3	0.2769	0.514
LMNA	UBAP2	3	0.0555	0.7186
MAPRE3	UBAP2	3	0.2323	0.5604
LMNA	C9orf64	3	0.1488	0.633
ACTB	KIF24	3	0.0313	0.7508
KRT8	KIF24	3	0.073	0.7002
MAPRE3	KIF24	3	0.1075	0.6679
ACTB	TSTD2	3	0.3049	0.4814
CTNNA1	TSTD2	3	0.154	0.6277
KRT8	TSTD2	3	0.2915	0.4979
LMNA	TSTD2	3	0.0772	0.6961
MAPRE3	TSTD2	3	0.2453	0.5494
ACTB	HENMT1	3	0.0053	0.8338
KRT8	HENMT1	3	0.0325	0.7487
MAPRE3	HENMT1	3	0.0022	0.8481
ACTB	RBM26	3	0.0004	0.8609
KRT8	RBM26	3	0.0013	0.8533
LMNA	RBM26	3	0.0242	0.7655
MAPRE3	RBM26	3	0.0002	0.8634
CTNNA1	ATAD3B	3	0.0134	0.8003
KRT8	ATAD3B	3	0.0625	0.7114
LMNA	ATAD3B	3	0.0874	0.6862
LMNA	WLS	3	1	0
ACTB	CCDC18	3	0.0138	0.7982
CTNNA1	CCDC18	3	0.0001	0.865
KRT8	CCDC18	3	0.1331	0.6465
LMNA	CCDC18	3	0.0003	0.8621
MAPRE3	CCDC18	3	0.0048	0.8361
KRT8	INTS11	3	0.0003	0.8621
LMNA	INTS11	3	0.0456	0.7305
ACTB	DCAF8	3	0.6667	0.0712
KRT8	TUT4	3	0.0049	0.8357
ACTB	CEP162	3	0.0019	0.8497
KRT8	CEP162	3	0.0249	0.7639
MAPRE3	CEP162	3	0.1657	0.619
ACTB	RC3H1	3	0.0643	0.7095
KRT8	RC3H1	3	0.3927	0.269
ACTB	SH3PXD2A	3	0.0204	0.7744
MAPRE3	SH3PXD2A	3	0.5064	0.1802
ACTB	H3-2	3	0.1414	0.6392
CTNNA1	H3-2	3	0.0127	0.8033
KRT8	H3-2	3	0.1699	0.6156
LMNA	H3-2	3	0.1004	0.6751
MAPRE3	H3-2	3	0.0425	0.7344
KRT8	IFFO2	3	1	0
ACTB	NT5DC1	3	0.0077	0.824
CTNNA1	NT5DC1	3	0.0076	0.8244
KRT8	NT5DC1	3	0.0085	0.8211
ACTB	AHDC1	3	0.0007	0.8579
KRT8	AHDC1	3	0.0014	0.8526
LMNA	AHDC1	3	0.1158	0.6615
ACTB	VPS13D	3	0.0346	0.7458
KRT8	VPS13D	3	0.2283	0.5638
LMNA	VPS13D	3	0.0394	0.7382
LMNA	LIN9	3	0.4546	0.2103
KRT8	CROCC	3	0.6667	0.0712
ACTB	LYRM7	3	0.1915	0.5968
CTNNA1	LYRM7	3	0.0205	0.774
KRT8	LYRM7	3	0.9999	0
LMNA	LYRM7	3	0.0847	0.6883
ACTB	RIF1	3	0.1888	0.5992
CTNNA1	RIF1	3	0.0191	0.7785
KRT8	RIF1	3	0.1578	0.6247
LMNA	RIF1	3	0.3132	0.4736
MAPRE3	RIF1	3	0.1695	0.616
ACTB	STRIP1	3	0.0106	0.8123
KRT8	STRIP1	3	0.0037	0.8409
LMNA	STRIP1	3	0.0001	0.865
ACTB	CEP350	3	0.3628	0.3213
CTNNA1	CEP350	3	0.2711	0.521
KRT8	CEP350	3	0.3735	0.3007
LMNA	CEP350	3	0.1299	0.6501
MAPRE3	CEP350	3	0.3563	0.3328
ACTB	CDC42BPA	3	0.005	0.8352
KRT8	CDC42BPA	3	0.0031	0.8437
ACTB	RPRD2	3	0.2088	0.5814
CTNNA1	RPRD2	3	0.0395	0.7382
KRT8	RPRD2	3	0.2016	0.588
LMNA	RPRD2	3	0.2879	0.5013
MAPRE3	RPRD2	3	0.1813	0.6055
LMNA	RNF220	3	0.6667	0.0712
CTNNA1	PRPF38B	3	0.0058	0.8318
LMNA	PRPF38B	3	0.0971	0.6779
ACTB	RNF20	3	0.0035	0.8419
KRT8	RNF20	3	0.0007	0.8579
LMNA	RNF20	3	0.0072	0.8261
ACTB	PDE4DIP	3	0.0083	0.8218
KRT8	PDE4DIP	3	0.1329	0.6469
MAPRE3	PDE4DIP	3	0.9999	0
ACTB	ZNF318	3	0.0016	0.8515
CTNNA1	ZNF318	3	0.0024	0.847
KRT8	ZNF318	3	0.0011	0.8545
LMNA	ZNF318	3	0.0162	0.7886
MAPRE3	ZNF318	3	0.0001	0.865
ACTB	ARHGEF16	3	0.2603	0.5332
KRT8	ARHGEF16	3	0.1368	0.6434
ACTB	CDKAL1	3	0.0093	0.8179
KRT8	CDKAL1	3	0.0058	0.8318
LMNA	CDKAL1	3	0.1233	0.6554
LMNA	MYSM1	3	0.6667	0.0712
ACTB	FOCAD	3	0.022	0.7702
CTNNA1	FOCAD	3	0.0436	0.7332
KRT8	FOCAD	3	0.0167	0.7866
LMNA	FOCAD	3	0.0203	0.7747
MAPRE3	FOCAD	3	0.0008	0.8571
ACTB	TASOR2	3	0.1624	0.6214
KRT8	TASOR2	3	0.1661	0.6186
LMNA	TASOR2	3	0.2537	0.5398
MAPRE3	TASOR2	3	0.0726	0.7009
LMNA	RSBN1	3	0.0176	0.7832
ACTB	DAB2IP	3	0.0453	0.7311
CTNNA1	DAB2IP	3	0.0025	0.8466
KRT8	DAB2IP	3	0.0633	0.7107
ACTB	ECPAS	3	0.0085	0.8211
KRT8	ECPAS	3	0.0448	0.7316
LMNA	ECPAS	3	0.0004	0.8609
ACTB	TUT7	3	0.0061	0.8305
KRT8	TUT7	3	0.0042	0.8388
MAPRE3	TUT7	3	0.0235	0.767
ACTB	DENND4C	3	0.0143	0.7965
CTNNA1	DENND4C	3	0.0006	0.8588
KRT8	DENND4C	3	0.033	0.7481
MAPRE3	DENND4C	3	0.0022	0.8481
ACTB	CARMIL1	3	0.0114	0.8088
KRT8	CARMIL1	3	0.0149	0.794
LMNA	CARMIL1	3	0.0008	0.8571
MAPRE3	CARMIL1	3	0.0004	0.8609
ACTB	ZMYM4	3	0.0178	0.7826
KRT8	ZMYM4	3	0.0715	0.7021
LMNA	ZMYM4	3	0.151	0.631
MAPRE3	ZMYM4	3	0.0196	0.7768
ACTB	RRAGB	3	0.1025	0.6731
KRT8	RRAGB	3	0.0119	0.8066
LMNA	RRAGB	3	0.0159	0.7897
ACTB	OBI1	3	0.009	0.819
CTNNA1	OBI1	3	0.0006	0.8588
KRT8	OBI1	3	0.0166	0.787
LMNA	OBI1	3	0.3849	0.2791
MAPRE3	OBI1	3	0.0007	0.8579
KRT8	FHIP2A	3	0.3456	0.3578
ACTB	FBXW9	3	0.0132	0.8011
KRT8	FBXW9	3	0.0765	0.6969
LMNA	FBXW9	3	0.0154	0.7921
ACTB	RNF213	3	0.0255	0.7624
CTNNA1	RNF213	3	0.0077	0.824
KRT8	RNF213	3	0.6739	0.064
LMNA	RNF213	3	0.0053	0.8338
MAPRE3	RNF213	3	0.008	0.8229
ACTB	KANK2	3	0.2974	0.4908
CTNNA1	KANK2	3	0.2025	0.5871
KRT8	KANK2	3	0.2993	0.4881
LMNA	KANK2	3	0.0225	0.7694
MAPRE3	KANK2	3	0.2019	0.5878
ACTB	WASHC2A	3	0.3376	0.3761
CTNNA1	WASHC2A	3	0.2153	0.5762
KRT8	WASHC2A	3	0.3188	0.4664
LMNA	WASHC2A	3	0.0425	0.7344
MAPRE3	WASHC2A	3	0.2511	0.5429
ACTB	STEAP3	3	0.0028	0.8451
CTNNA1	STEAP3	3	0.0009	0.856
KRT8	STEAP3	3	0.0004	0.8609
LMNA	STEAP3	3	0.0024	0.847
ACTB	ICE2	3	0.0003	0.8621
KRT8	ICE2	3	0.0017	0.8509
LMNA	ICE2	3	0.0064	0.8295
MAPRE3	ICE2	3	0	0.8672
ACTB	LARP1B	3	0.0011	0.8545
KRT8	LARP1B	3	0.0024	0.847
KRT8	CEP135	3	0.4662	0.2
MAPRE3	CEP135	3	0.0021	0.8485
ACTB	TBC1D9B	3	0.0073	0.8256
KRT8	TBC1D9B	3	0.0942	0.6803
KRT8	MAP1S	3	0.3333	0.3843
MAPRE3	MAP1S	3	0.6667	0.0712
KRT8	PPP2R2D	3	0.0037	0.8409
ACTB	ARL6IP4	3	0.1149	0.6626
KRT8	ARL6IP4	3	0.0708	0.7029
LMNA	ARL6IP4	3	0.0811	0.6928
ACTB	ARID2	3	0.0004	0.8609
LMNA	ARID2	3	0.0089	0.8194
ACTB	RPGRIP1L	3	0.0087	0.8203
KRT8	RPGRIP1L	3	0.0608	0.7132
MAPRE3	RPGRIP1L	3	0.0006	0.8588
ACTB	TNS3	3	0.2951	0.493
CTNNA1	TNS3	3	0.1714	0.6147
KRT8	TNS3	3	0.3224	0.4632
LMNA	TNS3	3	0.1381	0.6421
MAPRE3	TNS3	3	0.1871	0.6004
KRT8	HAUS3	3	0.002	0.8491
ACTB	ZFYVE26	3	0.0023	0.8475
KRT8	ZFYVE26	3	0.0086	0.8207
ACTB	CRYBG3	3	0.2498	0.5444
CTNNA1	CRYBG3	3	0.1513	0.6306
KRT8	CRYBG3	3	0.2767	0.5144
LMNA	CRYBG3	3	0.0067	0.8281
MAPRE3	CRYBG3	3	0.1813	0.6055
ACTB	INTS3	3	0.0035	0.8419
LMNA	INTS3	3	0.3355	0.3798
ACTB	ARHGAP17	3	0.2895	0.4998
CTNNA1	ARHGAP17	3	0.1239	0.6547
KRT8	ARHGAP17	3	0.2527	0.541
LMNA	ARHGAP17	3	0.0576	0.7164
MAPRE3	ARHGAP17	3	0.1938	0.5943
ACTB	CDCA2	3	0.0011	0.8545
KRT8	CDCA2	3	0.0016	0.8515
LMNA	CDCA2	3	0.1992	0.5899
MAPRE3	CDCA2	3	0.0028	0.8451
LMNA	CWF19L1	3	0.3333	0.3843
LMNA	VIRMA	3	0.0021	0.8485
ACTB	SPECC1L	3	0.9477	0.0039
KRT8	SPECC1L	3	0.0419	0.7351
MAPRE3	SPECC1L	3	0.0105	0.8127
ACTB	WWC2	3	0.0245	0.7651
KRT8	WWC2	3	0.9022	0.008
MAPRE3	WWC2	3	0.0116	0.8077
ACTB	UHRF1BP1	3	0.0154	0.7921
KRT8	UHRF1BP1	3	0.0189	0.7791
ACTB	ATL3	3	0.0059	0.8315
KRT8	ATL3	3	0.0058	0.8318
LMNA	ATL3	3	0.0001	0.865
KRT8	TTLL5	3	0.9624	0.0022
MAPRE3	TTLL5	3	0.4987	0.1861
CTNNA1	VASN	3	0.0158	0.7903
ACTB	CIAPIN1	3	0.2454	0.5492
CTNNA1	CIAPIN1	3	0.0124	0.8045
KRT8	CIAPIN1	3	0.2354	0.5577
LMNA	CIAPIN1	3	0.0519	0.7223
MAPRE3	CIAPIN1	3	0.0425	0.7344
CTNNA1	SMYD5	3	0.0346	0.7458
KRT8	SMYD5	3	0.0014	0.8526
ACTB	RALGAPA1	3	0.0127	0.8033
KRT8	RALGAPA1	3	0.012	0.8063
MAPRE3	RALGAPA1	3	0.0005	0.8597
KRT8	THOC7	3	1	0
KRT8	ELP2	3	0.3312	0.4532
ACTB	LAMTOR1	3	0.027	0.759
KRT8	LAMTOR1	3	0.0051	0.8347
MAPRE3	LAMTOR1	3	0.0001	0.865
ACTB	TWF2	3	0.2944	0.4941
CTNNA1	TWF2	3	0.0825	0.6912
KRT8	TWF2	3	0.2908	0.4987
LMNA	TWF2	3	0.182	0.6046
MAPRE3	TWF2	3	0.1894	0.5987
ACTB	PHETA2	3	0.0066	0.8285
KRT8	PHETA2	3	0.0874	0.6862
KRT8	KIAA0930	3	0.0013	0.8533
LMNA	KIAA0930	3	0.0121	0.8057
LMNA	PPP4R3A	3	0.6495	0.1305
KRT8	IQCE	3	0.0119	0.8066
MAPRE3	IQCE	3	0.4325	0.2247
LMNA	SPOPL	3	1	0
LMNA	SDE2	3	0.6667	0.0712
MAPRE3	TTBK2	3	1	0
ACTB	KRT80	3	0.1281	0.6516
CTNNA1	KRT80	3	0.0254	0.7627
KRT8	KRT80	3	0.3951	0.2648
LMNA	KRT80	3	0.1037	0.672
MAPRE3	KRT80	3	0.0799	0.6937
ACTB	NIPBL	3	0.0147	0.7947
CTNNA1	NIPBL	3	0.0002	0.8634
KRT8	NIPBL	3	0.0082	0.8221
LMNA	NIPBL	3	0.012	0.8063
MAPRE3	NIPBL	3	0.0008	0.8571
ACTB	PDE12	3	0.0634	0.7104
CTNNA1	PDE12	3	0.0138	0.7982
LMNA	LIN54	3	0.2047	0.5851
KRT8	TET2	3	0.0164	0.7877
LMNA	TET2	3	0.1517	0.63
ACTB	ZNF280D	3	0.0012	0.8539
LMNA	ZNF280D	3	0.0197	0.7764
MAPRE3	ZNF280D	3	0.0008	0.8571
LMNA	ZSCAN25	3	0.0099	0.8153
ACTB	HMBOX1	3	0.0007	0.8579
LMNA	MRNIP	3	0.6667	0.0712
ACTB	RHBDD2	3	0.0087	0.8203
KRT8	RHBDD2	3	0.0329	0.7482
LMNA	RHBDD2	3	0.6143	0.1406
ACTB	SLC25A24	3	0.0042	0.8388
LMNA	TYW1B	3	0.6667	0.0712
LMNA	ZNF746	3	0.5968	0.1456
ACTB	RINT1	3	0.1528	0.6289
CTNNA1	RINT1	3	0.0653	0.7081
KRT8	RINT1	3	0.2296	0.5625
LMNA	RINT1	3	0.0294	0.7539
MAPRE3	RINT1	3	0.0133	0.8007
LMNA	TMEM214	3	1	0
ACTB	HIBCH	3	0.3333	0.3843
ACTB	PPP1R18	3	0.7856	0.026
CTNNA1	PPP1R18	3	0.0024	0.847
KRT8	PPP1R18	3	0.0123	0.805
LMNA	PPP1R18	3	0.0028	0.8451
MAPRE3	PPP1R18	3	0.0022	0.8481
ACTB	CAVIN1	3	0.0035	0.8419
CTNNA1	CAVIN1	3	0	0.8672
KRT8	CAVIN1	3	0.0036	0.8414
MAPRE3	CAVIN1	3	0.0001	0.865
ACTB	ZCCHC8	3	0.0147	0.7947
LMNA	ZCCHC8	3	0.0018	0.8502
ACTB	MIS18BP1	3	0.0051	0.8347
KRT8	MIS18BP1	3	0.0004	0.8609
LMNA	MIS18BP1	3	0.0067	0.8281
MAPRE3	MIS18BP1	3	0.9474	0.0041
ACTB	MAST2	3	0.0382	0.7401
KRT8	MAST2	3	0.0419	0.7351
MAPRE3	MAST2	3	0.0129	0.8025
ACTB	DHX57	3	0.0182	0.7811
CTNNA1	DHX57	3	0.0002	0.8634
KRT8	DHX57	3	0.0119	0.8066
LMNA	DHX57	3	0.0005	0.8597
MAPRE3	DHX57	3	0.0074	0.8253
ACTB	CDC73	3	0.0017	0.8509
KRT8	CDC73	3	0.0001	0.865
LMNA	CDC73	3	0.0311	0.7511
MAPRE3	CDC73	3	0.0018	0.8502
ACTB	PMF1	3	0.0052	0.8344
KRT8	PMF1	3	0.0036	0.8414
LMNA	PMF1	3	0.0185	0.7803
ACTB	FAM117B	3	0.016	0.7893
KRT8	FAM117B	3	0.0183	0.7807
MAPRE3	FAM117B	3	0.0044	0.8379
ACTB	SLC27A4	3	0.0025	0.8466
KRT8	SLC27A4	3	0.0045	0.8375
LMNA	SLC27A4	3	0.3477	0.3543
ACTB	CC2D1A	3	0.04	0.7375
CTNNA1	CC2D1A	3	0.0022	0.8481
KRT8	CC2D1A	3	0.0509	0.7237
LMNA	CC2D1A	3	0.0003	0.8621
MAPRE3	CC2D1A	3	0.0247	0.7645
KRT8	METTL2B	3	0.3333	0.3843
LMNA	METTL2B	3	0.3333	0.3843
LMNA	MED27	3	0.1458	0.6356
LMNA	ZFP1	3	0.3333	0.3843
ACTB	EDC4	3	0.2712	0.5208
CTNNA1	EDC4	3	0.0844	0.6886
KRT8	EDC4	3	0.281	0.509
LMNA	EDC4	3	0.1239	0.6547
MAPRE3	EDC4	3	0.2091	0.5813
ACTB	CEP85	3	0.0097	0.8161
CTNNA1	CEP85	3	0.0002	0.8634
KRT8	CEP85	3	0.6938	0.0561
MAPRE3	CEP85	3	0.0054	0.8334
KRT8	PRMT9	3	0.3333	0.3843
ACTB	PRPF8	3	0.2939	0.4948
CTNNA1	PRPF8	3	0.0896	0.6838
KRT8	PRPF8	3	0.3216	0.4637
LMNA	PRPF8	3	0.3216	0.4637
MAPRE3	PRPF8	3	0.2726	0.5193
ACTB	SCYL2	3	0.0146	0.795
KRT8	SCYL2	3	0.0379	0.7406
LMNA	SCYL2	3	0.0001	0.865
MAPRE3	SCYL2	3	0.0011	0.8545
KRT8	TTC27	3	0.6055	0.1442
LMNA	TTC27	3	0.3333	0.3843
ACTB	ARHGAP11A	3	0.0387	0.7392
LMNA	ARHGAP11A	3	0.3323	0.4508
CTNNA1	WDR73	3	0.0168	0.7862
KRT8	WDR73	3	0.0084	0.8215
LMNA	WDR73	3	0.0067	0.8281
LMNA	NFRKB	3	0.0001	0.865
MAPRE3	NFRKB	3	0.0003	0.8621
ACTB	PKN3	3	0.0065	0.8289
CTNNA1	PKN3	3	0	0.8672
KRT8	PKN3	3	0.0059	0.8315
LMNA	PKN3	3	0.0011	0.8545
MAPRE3	PKN3	3	0.0017	0.8509
ACTB	PDXDC1	3	0.225	0.5673
CTNNA1	PDXDC1	3	0.0301	0.7527
KRT8	PDXDC1	3	0.2963	0.4918
MAPRE3	PDXDC1	3	0.1226	0.6561
ACTB	RSBN1L	3	0.0259	0.7613
KRT8	RSBN1L	3	0.0003	0.8621
LMNA	RSBN1L	3	0.0025	0.8466
ACTB	CTR9	3	0.0028	0.8451
KRT8	CTR9	3	0.0005	0.8597
LMNA	CTR9	3	0.0136	0.7993
MAPRE3	CTR9	3	0.0005	0.8597
ACTB	AAGAB	3	0.0028	0.8451
KRT8	AAGAB	3	0.0103	0.8135
KRT8	PSRC1	3	0.0094	0.8174
MAPRE3	PSRC1	3	0.0157	0.7907
ACTB	TTC37	3	0.104	0.6718
KRT8	TTC37	3	0.3146	0.4723
LMNA	TTC37	3	0.0312	0.751
KRT8	BORA	3	0.017	0.7854
LMNA	BORA	3	0.0017	0.8509
ACTB	TTC33	3	0.001	0.8552
KRT8	TTC33	3	0.0033	0.8429
LMNA	TTC33	3	0.252	0.5419
LMNA	CCDC174	3	0.9402	0.0052
LMNA	FBXO38	3	0.1739	0.6112
KRT8	FIGNL1	3	0.0045	0.8375
LMNA	FIGNL1	3	0.1636	0.6206
ACTB	MIDEAS	3	0	0.8672
LMNA	MIDEAS	3	0.0079	0.8232
ACTB	BRAT1	3	0.0004	0.8609
KRT8	BRAT1	3	0.2936	0.4952
LMNA	BRAT1	3	0.3493	0.35
ACTB	WDR59	3	0.0199	0.7758
KRT8	WDR59	3	0.2014	0.5881
ACTB	DCLRE1A	3	0.0013	0.8533
LMNA	DCLRE1A	3	0.0492	0.7261
MAPRE3	DCLRE1A	3	0.0047	0.8366
ACTB	ZC3H14	3	0.0012	0.8539
KRT8	ZC3H14	3	0.0022	0.8481
LMNA	ZC3H14	3	0.0214	0.7713
MAPRE3	ZC3H14	3	0.0006	0.8588
ACTB	LARP1	3	0.3203	0.4644
CTNNA1	LARP1	3	0.1675	0.6172
KRT8	LARP1	3	0.3197	0.4656
LMNA	LARP1	3	0.1466	0.6348
MAPRE3	LARP1	3	0.2769	0.514
ACTB	ATAD2	3	0.0024	0.847
CTNNA1	ATAD2	3	0	0.8672
KRT8	ATAD2	3	0.0035	0.8419
LMNA	ATAD2	3	0.0249	0.7639
KRT8	TRAF7	3	0.296	0.4922
ACTB	BLOC1S2	3	0.0046	0.8372
KRT8	BLOC1S2	3	0.0057	0.8322
MAPRE3	BLOC1S2	3	0.0002	0.8634
ACTB	RICTOR	3	0.0145	0.7955
CTNNA1	RICTOR	3	0.0002	0.8634
KRT8	RICTOR	3	0.0197	0.7764
MAPRE3	RICTOR	3	0.0095	0.817
ACTB	WDR74	3	0.6667	0.0712
LMNA	FAM111B	3	0.0082	0.8221
MAPRE3	FAM111B	3	0.0015	0.852
ACTB	SMARCD3	3	0.2336	0.5592
CTNNA1	SMARCD3	3	0.0036	0.8414
KRT8	SMARCD3	3	0.1836	0.6032
LMNA	SMARCD3	3	0.2734	0.5189
MAPRE3	SMARCD3	3	0.1936	0.5946
ACTB	NHS	3	0.0307	0.752
CTNNA1	NHS	3	0.2079	0.5824
KRT8	NHS	3	0.009	0.819
MAPRE3	NHS	3	0.0009	0.856
ACTB	MTHFD1L	3	0.0138	0.7982
CTNNA1	MTHFD1L	3	0.0198	0.7761
KRT8	MTHFD1L	3	0.0932	0.6811
LMNA	MTHFD1L	3	0.0141	0.7971
MAPRE3	MTHFD1L	3	0.0001	0.865
LMNA	ANKRD12	3	0.228	0.5644
LMNA	ANKRD11	3	0.0021	0.8485
ACTB	AFTPH	3	0.337	0.3771
KRT8	AFTPH	3	0.0094	0.8174
ACTB	FIP1L1	3	0.1372	0.643
LMNA	FIP1L1	3	0.2585	0.5348
MAPRE3	FIP1L1	3	0.0733	0.6999
ACTB	CRTC3	3	0.0037	0.8409
KRT8	CRTC3	3	0.0258	0.7616
LMNA	CRTC3	3	0.284	0.5054
MAPRE3	CRTC3	3	0.0005	0.8597
ACTB	SASS6	3	0.0766	0.6966
KRT8	SASS6	3	0.3996	0.2589
MAPRE3	SASS6	3	0.0088	0.8198
ACTB	LRSAM1	3	0.0169	0.7858
CTNNA1	LRSAM1	3	0.0004	0.8609
KRT8	LRSAM1	3	0.0175	0.7836
LMNA	LRSAM1	3	0.0014	0.8526
MAPRE3	LRSAM1	3	0.0047	0.8366
ACTB	LCLAT1	3	0.0109	0.8112
KRT8	LCLAT1	3	0.0038	0.8404
LMNA	SBSN	3	0.3333	0.3843
ACTB	LCN15	3	0.3333	0.3843
ACTB	CWC27	3	0.0022	0.8481
KRT8	CWC27	3	0.0011	0.8545
LMNA	CWC27	3	0.1038	0.6719
ACTB	WDR82	3	0.0843	0.6889
ACTB	FAT4	3	0.0073	0.8256
CTNNA1	FAT4	3	0	0.8672
KRT8	FAT4	3	0.0003	0.8621
LMNA	ATF7IP	3	0.0059	0.8315
ACTB	PACS1	3	0.1316	0.6479
KRT8	PACS1	3	0.0189	0.7791
LMNA	PACS1	3	0.0001	0.865
MAPRE3	PACS1	3	0.0042	0.8388
ACTB	BCOR	3	0.0017	0.8509
KRT8	BCOR	3	0.0019	0.8497
LMNA	BCOR	3	0.0276	0.7578
ACTB	MPRIP	3	0.3535	0.3395
CTNNA1	MPRIP	3	0.1488	0.633
KRT8	MPRIP	3	0.2641	0.5293
LMNA	MPRIP	3	0.1008	0.6748
MAPRE3	MPRIP	3	0.1914	0.597
ACTB	RAB11FIP1	3	0.0063	0.8298
CTNNA1	RAB11FIP1	3	0	0.8672
KRT8	RAB11FIP1	3	0.0037	0.8409
MAPRE3	RAB11FIP1	3	0.0001	0.865
ACTB	DNMBP	3	0.0152	0.7929
KRT8	DNMBP	3	0.0477	0.7279
MAPRE3	DNMBP	3	0.0017	0.8509
ACTB	GIGYF2	3	0.2659	0.5268
CTNNA1	GIGYF2	3	0.1571	0.6252
KRT8	GIGYF2	3	0.3016	0.4852
LMNA	GIGYF2	3	0.0924	0.6816
MAPRE3	GIGYF2	3	0.281	0.509
ACTB	THADA	3	0.1601	0.623
CTNNA1	THADA	3	0.0208	0.7732
KRT8	THADA	3	0.1427	0.6382
LMNA	THADA	3	0.0383	0.74
MAPRE3	THADA	3	0.0111	0.8104
ACTB	HSDL2	3	0.1052	0.6705
CTNNA1	HSDL2	3	0.0194	0.7776
KRT8	HSDL2	3	0.2192	0.5725
LMNA	HSDL2	3	0.0775	0.6958
MAPRE3	HSDL2	3	0.0142	0.7968
KRT8	KYAT3	3	0.3333	0.3843
LMNA	BNC2	3	0.6667	0.0712
ACTB	NBEAL2	3	0.3333	0.3843
KRT8	NBEAL2	3	0.3333	0.3843
ACTB	C15orf39	3	0.0061	0.8305
LMNA	C15orf39	3	0.3764	0.293
ACTB	QSOX2	3	0.1259	0.6532
KRT8	QSOX2	3	0.1766	0.6088
LMNA	MMS22L	3	0.9999	0
ACTB	SRCAP	3	0.0106	0.8123
KRT8	SRCAP	3	0.0048	0.8361
LMNA	SRCAP	3	0.008	0.8229
MAPRE3	SRCAP	3	0	0.8672
ACTB	FAM83H	3	0.0124	0.8045
KRT8	FAM83H	3	1	0
LMNA	FAM83H	3	0.0042	0.8388
KRT8	RIPOR1	3	1	0
KRT8	C1orf122	3	0.2059	0.584
ACTB	ARHGEF18	3	0.0006	0.8588
KRT8	ARHGEF18	3	0.0042	0.8388
MAPRE3	ARHGEF18	3	0.0002	0.8634
LMNA	CFAP47	3	0.3333	0.3843
ACTB	CRACD	3	0.9435	0.0046
KRT8	CRACD	3	0.0038	0.8404
ACTB	DENND5B	3	0.0147	0.7947
KRT8	DENND5B	3	0.0395	0.7382
ACTB	FGD6	3	0.8293	0.0174
ACTB	SYDE1	3	0.1176	0.6599
KRT8	SYDE1	3	0.0914	0.6825
ACTB	STXBP4	3	0.0156	0.7913
KRT8	STXBP4	3	0.3171	0.4686
ACTB	VPS13C	3	0.013	0.8021
CTNNA1	VPS13C	3	0.0002	0.8634
KRT8	VPS13C	3	0.0702	0.7034
LMNA	VPS13C	3	0.002	0.8491
MAPRE3	VPS13C	3	0.0029	0.8445
ACTB	USP34	3	0.0025	0.8466
KRT8	USP34	3	0.0073	0.8256
LMNA	USP34	3	0.0746	0.6989
ACTB	RAPH1	3	0.9364	0.0054
KRT8	RAPH1	3	0.0128	0.8029
MAPRE3	RAPH1	3	0.0031	0.8437
ACTB	USP54	3	0.0399	0.7376
CTNNA1	USP54	3	0.0311	0.7511
KRT8	USP54	3	0.5409	0.1654
ACTB	UNC13D	3	0.0718	0.7019
KRT8	UNC13D	3	0.0468	0.7291
ACTB	LARP4	3	0.15	0.6317
CTNNA1	LARP4	3	0.0268	0.7594
KRT8	LARP4	3	0.1757	0.6098
LMNA	LARP4	3	0.0096	0.8166
MAPRE3	LARP4	3	0.2383	0.5552
ACTB	TUBA1A	3	0.1183	0.6594
CTNNA1	TUBA1A	3	0.0167	0.7866
KRT8	TUBA1A	3	0.2518	0.5421
LMNA	TUBA1A	3	0.0571	0.7172
MAPRE3	TUBA1A	3	0.0363	0.743
ACTB	RPS27L	3	0.1096	0.6666
CTNNA1	RPS27L	3	0.0208	0.7732
KRT8	RPS27L	3	0.3551	0.3359
LMNA	RPS27L	3	0.1536	0.6282
MAPRE3	RPS27L	3	0.0708	0.7029
LMNA	CBLL1	3	0.3333	0.3843
ACTB	MTSS2	3	0.7846	0.0266
KRT8	MTSS2	3	0.0029	0.8445
ACTB	NOL8	3	0.002	0.8491
LMNA	NOL8	3	0.001	0.8552
ACTB	SSH2	3	0.0502	0.7249
KRT8	SSH2	3	0.0145	0.7955
MAPRE3	SSH2	3	0.0005	0.8597
ACTB	ASXL2	3	0.014	0.7974
KRT8	ASXL2	3	0.0717	0.702
LMNA	ASXL2	3	0.0002	0.8634
ACTB	SUPT6H	3	0.0029	0.8445
LMNA	SUPT6H	3	0.5559	0.1576
ACTB	SND1	3	0.0619	0.7123
CTNNA1	SND1	3	0.0157	0.7907
KRT8	SND1	3	0.044	0.7323
LMNA	SND1	3	0.0065	0.8289
MAPRE3	SND1	3	0.0114	0.8088
ACTB	MARK2	3	0.0053	0.8338
KRT8	MARK2	3	0.0039	0.84
MAPRE3	MARK2	3	0.0006	0.8588
ACTB	DDX46	3	0.2054	0.5847
CTNNA1	DDX46	3	0.0739	0.6993
KRT8	DDX46	3	0.1357	0.6443
LMNA	DDX46	3	0.2909	0.4985
MAPRE3	DDX46	3	0.1811	0.6057
ACTB	TRMT10C	3	0.0329	0.7482
KRT8	TRMT10C	3	1	0
LMNA	TRMT10C	3	0.3114	0.476
ACTB	BZW1	3	0.0126	0.8036
MAPRE3	BZW1	3	0.0038	0.8404
ACTB	ASRGL1	3	0.0194	0.7776
CTNNA1	ASRGL1	3	0.0007	0.8579
KRT8	ASRGL1	3	0.0267	0.7596
LMNA	ASRGL1	3	0.0322	0.7493
MAPRE3	ASRGL1	3	0.002	0.8491
ACTB	KCTD9	3	0.0623	0.7117
KRT8	KCTD9	3	0.0499	0.7253
LMNA	KCTD9	3	0.0945	0.6801
ACTB	DHX30	3	0.103	0.6726
CTNNA1	DHX30	3	0.0384	0.7398
KRT8	DHX30	3	0.2329	0.5598
LMNA	DHX30	3	0.1432	0.6378
MAPRE3	DHX30	3	0.0255	0.7624
ACTB	EIF3M	3	0.2718	0.5201
CTNNA1	EIF3M	3	0.0491	0.7261
KRT8	EIF3M	3	0.2793	0.5114
LMNA	EIF3M	3	0.2162	0.5755
MAPRE3	EIF3M	3	0.1718	0.614
ACTB	MEPCE	3	0	0.8672
LMNA	MEPCE	3	0.0026	0.846
KRT8	ARMCX2	3	0.3333	0.3843
ACTB	CDC37L1	3	0.0137	0.7987
KRT8	CDC37L1	3	0.0236	0.7667
LMNA	CDC37L1	3	0.0009	0.856
MAPRE3	CDC37L1	3	0	0.8672
LMNA	RSRC2	3	0.0193	0.7779
ACTB	CYFIP1	3	0.3485	0.352
CTNNA1	CYFIP1	3	0.2987	0.4889
KRT8	CYFIP1	3	0.377	0.2911
LMNA	CYFIP1	3	0.2998	0.4874
MAPRE3	CYFIP1	3	0.1057	0.67
ACTB	MCM10	3	0.0017	0.8509
KRT8	MCM10	3	0.0037	0.8409
LMNA	MCM10	3	0.2646	0.5288
MAPRE3	MCM10	3	0.0238	0.7664
ACTB	NDUFAF7	3	1	0
KRT8	NDUFAF7	3	1	0
LMNA	NDUFAF7	3	0.3333	0.3843
KRT8	GET4	3	0.6666	0.1218
LMNA	GET4	3	1	0
KRT8	COPS6	3	0.3272	0.4588
ACTB	EPM2AIP1	3	0.1394	0.6409
KRT8	EPM2AIP1	3	0.2996	0.488
LMNA	EPM2AIP1	3	0.4604	0.2054
ACTB	DHX32	3	0.0249	0.7639
CTNNA1	DHX32	3	0.0183	0.7807
KRT8	DHX32	3	0.1325	0.6471
LMNA	DHX32	3	0.0214	0.7713
MAPRE3	DHX32	3	0.0002	0.8634
ACTB	RAB11FIP2	3	0.0046	0.8372
KRT8	FASTKD5	3	1	0
ACTB	MOB1B	3	0.3333	0.3843
ACTB	KDM3B	3	0.2664	0.526
KRT8	KDM3B	3	0.2265	0.5657
LMNA	KDM3B	3	0.3738	0.2996
MAPRE3	KDM3B	3	0.1911	0.5972
ACTB	MICAL3	3	0.0146	0.795
CTNNA1	MICAL3	3	0.0003	0.8621
KRT8	MICAL3	3	0.0171	0.7851
LMNA	MICAL3	3	0.003	0.8442
MAPRE3	MICAL3	3	0.0015	0.852
LMNA	TRMT1L	3	0.0112	0.8098
ACTB	ZC3HAV1	3	0.2661	0.5265
CTNNA1	ZC3HAV1	3	0.1314	0.6483
KRT8	ZC3HAV1	3	0.2689	0.5238
LMNA	ZC3HAV1	3	0.0473	0.7285
MAPRE3	ZC3HAV1	3	0.1861	0.6013
LMNA	TICRR	3	0.6667	0.0712
ACTB	EFL1	3	0.3333	0.3843
KRT8	EFL1	3	0.3333	0.3843
LMNA	EFL1	3	0.0035	0.8419
ACTB	SETX	3	0.0024	0.847
KRT8	SETX	3	0.0105	0.8127
LMNA	SETX	3	0.0807	0.693
MAPRE3	SETX	3	0.0052	0.8344
KRT8	HDX	3	0.0062	0.8302
LMNA	HDX	3	0.314	0.4728
LMNA	KANSL1	3	0.0001	0.865
KRT8	NUP54	3	0.2984	0.4894
ACTB	ATG9A	3	0.0049	0.8357
KRT8	ATG9A	3	0.0138	0.7982
LMNA	ATG9A	3	0	0.8672
ACTB	CCDC186	3	0.006	0.831
KRT8	CCDC186	3	0.09	0.6836
ACTB	ARMC9	3	0.0107	0.8119
KRT8	ARMC9	3	0.8969	0.0086
MAPRE3	ARMC9	3	0.0064	0.8295
CTNNA1	VPS35L	3	0.0053	0.8338
KRT8	VPS35L	3	0.0019	0.8497
ACTB	POGZ	3	0.0008	0.8571
KRT8	POGZ	3	0.0002	0.8634
LMNA	POGZ	3	0.0162	0.7886
MAPRE3	POGZ	3	0.0015	0.852
ACTB	ZFYVE16	3	0.3289	0.4563
CTNNA1	ZFYVE16	3	0.2261	0.566
KRT8	ZFYVE16	3	0.335	0.3807
LMNA	ZFYVE16	3	0.131	0.6485
MAPRE3	ZFYVE16	3	0.2757	0.5158
ACTB	MON2	3	0.0122	0.8053
CTNNA1	MON2	3	0.0002	0.8634
KRT8	MON2	3	0.0195	0.7772
LMNA	MON2	3	0.0005	0.8597
MAPRE3	MON2	3	0.0015	0.852
ACTB	DENND4A	3	0.0112	0.8098
CTNNA1	DENND4A	3	0.0003	0.8621
KRT8	DENND4A	3	0.0292	0.7544
MAPRE3	DENND4A	3	0.0008	0.8571
KRT8	MYH14	3	0.0261	0.7608
ACTB	NUFIP2	3	0.0117	0.8074
CTNNA1	NUFIP2	3	0.0004	0.8609
KRT8	NUFIP2	3	0.0077	0.824
LMNA	NUFIP2	3	0	0.8672
MAPRE3	NUFIP2	3	0.0139	0.7977
ACTB	MAVS	3	0.0049	0.8357
KRT8	MAVS	3	0.0007	0.8579
MAPRE3	MAVS	3	0	0.8672
ACTB	CLASP1	3	0.008	0.8229
KRT8	CLASP1	3	0.0159	0.7897
MAPRE3	CLASP1	3	0.9996	0
ACTB	DHX29	3	0.0002	0.8634
KRT8	DHX29	3	0.0004	0.8609
MAPRE3	DHX29	3	0	0.8672
ACTB	TRMT11	3	0.0093	0.8179
KRT8	TRMT11	3	0.6661	0.123
LMNA	TRMT11	3	0.0009	0.856
ACTB	HAUS6	3	0.0165	0.7874
CTNNA1	HAUS6	3	0.0032	0.8433
KRT8	HAUS6	3	0.0468	0.7291
LMNA	HAUS6	3	0	0.8672
MAPRE3	HAUS6	3	0.0175	0.7836
ACTB	KIF21A	3	0.0213	0.7717
KRT8	KIF21A	3	0.0121	0.8057
MAPRE3	KIF21A	3	0.0005	0.8597
ACTB	HDGFL2	3	0.0213	0.7717
CTNNA1	HDGFL2	3	0.0006	0.8588
KRT8	HDGFL2	3	0.1392	0.6411
LMNA	HDGFL2	3	0.0317	0.7499
ACTB	BRAP	3	0.0025	0.8466
ACTB	EMSY	3	0.0031	0.8437
KRT8	EMSY	3	0.0015	0.852
LMNA	EMSY	3	0.0097	0.8161
MAPRE3	EMSY	3	0.0009	0.856
ACTB	RAI1	3	0.0014	0.8526
KRT8	RAI1	3	0.0012	0.8539
LMNA	RAI1	3	0.0861	0.6872
ACTB	WAPL	3	0.1029	0.6728
CTNNA1	WAPL	3	0.0321	0.7494
KRT8	WAPL	3	0.0556	0.7185
LMNA	WAPL	3	0.2116	0.5791
MAPRE3	WAPL	3	0.0972	0.6778
ACTB	VMO1	3	0.3333	0.3843
KRT8	R3HCC1L	3	0.6667	0.0712
LMNA	IRF2BP2	3	0.0234	0.7672
ACTB	SRGAP1	3	1	0
KRT8	SRGAP1	3	0.6667	0.0712
ACTB	RBBP6	3	0.0053	0.8338
CTNNA1	RBBP6	3	0	0.8672
KRT8	RBBP6	3	0.0007	0.8579
LMNA	RBBP6	3	0.0084	0.8215
MAPRE3	RBBP6	3	0.0015	0.852
ACTB	PTAR1	3	0.0096	0.8166
KRT8	PTAR1	3	0.0058	0.8318
LMNA	PTAR1	3	0.3403	0.3682
MAPRE3	PTAR1	3	0.0023	0.8475
ACTB	ARPIN	3	0.0079	0.8232
KRT8	ARPIN	3	0.0039	0.84
LMNA	ARPIN	3	0.0062	0.8302
CTNNA1	RABEPK	3	0.3333	0.3843
ACTB	HUWE1	3	0.205	0.5849
CTNNA1	HUWE1	3	0.0629	0.711
KRT8	HUWE1	3	0.2993	0.4881
LMNA	HUWE1	3	0.166	0.6186
MAPRE3	HUWE1	3	0.1063	0.6692
ACTB	YTHDF3	3	0.0073	0.8256
CTNNA1	YTHDF3	3	0	0.8672
KRT8	YTHDF3	3	0.0166	0.787
MAPRE3	YTHDF3	3	0.0039	0.84
ACTB	KRT77	3	0.04	0.7375
KRT8	KRT77	3	0.0447	0.7317
MAPRE3	KRT77	3	0.0051	0.8347
KRT8	CNTRL	3	0.33	0.4544
LMNA	KHDC4	3	0.7134	0.0463
ACTB	VPS13B	3	0.0066	0.8285
KRT8	VPS13B	3	0.0125	0.8041
LMNA	VPS13B	3	0.0095	0.817
MAPRE3	VPS13B	3	0.0039	0.84
LMNA	RALYL	3	0.0103	0.8135
LMNA	SCD5	3	0.3333	0.3843
ACTB	PHLDB2	3	0.0144	0.796
KRT8	PHLDB2	3	0.9884	0.0009
MAPRE3	PHLDB2	3	0.0044	0.8379
KRT8	SDCCAG8	3	0.3333	0.3843
ACTB	GLRX5	3	0.0099	0.8153
KRT8	GLRX5	3	0.0259	0.7613
ACTB	ZBTB33	3	0.0005	0.8597
LMNA	ZBTB33	3	0.3015	0.4853
ACTB	PATL1	3	0.0107	0.8119
CTNNA1	PATL1	3	0	0.8672
KRT8	PATL1	3	0.0747	0.6987
MAPRE3	PATL1	3	0.0111	0.8104
ACTB	MYPN	3	0.3947	0.2657
KRT8	MYPN	3	0.2506	0.5436
MAPRE3	MYPN	3	0.1159	0.6613
ACTB	PEG10	3	0.3284	0.4571
CTNNA1	PEG10	3	0.0793	0.6943
KRT8	PEG10	3	0.2307	0.5615
LMNA	PEG10	3	0.1362	0.6439
MAPRE3	PEG10	3	0.1243	0.6544
ACTB	DPP9	3	0.3333	0.3843
KRT8	DPP9	3	0.3321	0.4515
KRT8	ACOT1	3	1	0
LMNA	ACOT1	3	0.3333	0.3843
ACTB	RBM23	3	0.0007	0.8579
KRT8	RBM23	3	0.0035	0.8419
LMNA	RBM23	3	0.0369	0.7421
MAPRE3	RBM23	3	0.0002	0.8634
ACTB	PABPN1	3	0.001	0.8552
LMNA	PABPN1	3	0.3832	0.2827
MAPRE3	PABPN1	3	0.012	0.8063
CTNNA1	PBRM1	3	0.2884	0.5011
LMNA	PBRM1	3	0.3333	0.3843
LMNA	PRPF39	3	0.2246	0.5677
ACTB	MTDH	3	0.2981	0.4897
CTNNA1	MTDH	3	0.1471	0.6341
KRT8	MTDH	3	0.0817	0.6923
LMNA	MTDH	3	0.2229	0.5691
MAPRE3	MTDH	3	0.1943	0.5938
LMNA	TLK2	3	0.0431	0.7337
ACTB	ZNF598	3	0.0728	0.7005
CTNNA1	ZNF598	3	0.0003	0.8621
KRT8	ZNF598	3	0.0107	0.8119
MAPRE3	ZNF598	3	0.0464	0.7296
LMNA	GPAT4	3	1	0
ACTB	KTN1	3	0.2926	0.4964
CTNNA1	KTN1	3	0.1518	0.6298
KRT8	KTN1	3	0.281	0.509
LMNA	KTN1	3	0.0286	0.7557
MAPRE3	KTN1	3	0.2346	0.5583
ACTB	BCL9L	3	0.0014	0.8526
LMNA	BCL9L	3	0.007	0.8268
ACTB	PHLDB1	3	0.0137	0.7987
CTNNA1	PHLDB1	3	0.0001	0.865
KRT8	PHLDB1	3	0.1779	0.608
MAPRE3	PHLDB1	3	0.0027	0.8456
ACTB	USP48	3	0.121	0.6572
CTNNA1	USP48	3	0.0351	0.745
KRT8	USP48	3	0.1236	0.6549
LMNA	USP48	3	0.2674	0.5251
MAPRE3	USP48	3	0.0332	0.7479
ACTB	N4BP2	3	0.1136	0.6635
KRT8	N4BP2	3	0.2781	0.5128
ACTB	LUZP1	3	0.3641	0.3193
CTNNA1	LUZP1	3	0.1273	0.6524
KRT8	LUZP1	3	0.2712	0.5208
LMNA	LUZP1	3	0.1155	0.6619
MAPRE3	LUZP1	3	0.281	0.509
ACTB	ALYREF	3	0.0131	0.8017
CTNNA1	ALYREF	3	0.1033	0.6724
LMNA	ALYREF	3	0.2544	0.5389
MAPRE3	ALYREF	3	0.1514	0.6305
LMNA	KBTBD6	3	0.9915	0.0006
ACTB	IQGAP3	3	0.2398	0.5541
KRT8	IQGAP3	3	0.0278	0.7573
LMNA	ZC3H18	3	0.0056	0.8326
KRT8	TAX1BP1	3	0.0263	0.7604
ACTB	CAND1	3	0.1962	0.5924
CTNNA1	CAND1	3	0.0429	0.7339
KRT8	CAND1	3	0.3487	0.3515
LMNA	CAND1	3	0.2364	0.5568
MAPRE3	CAND1	3	0.1232	0.6554
ACTB	GLCCI1	3	0.0238	0.7664
KRT8	GLCCI1	3	0.0096	0.8166
ACTB	HOOK3	3	0.3564	0.3319
KRT8	HOOK3	3	0.9885	0.0009
ACTB	RTTN	3	0.002	0.8491
KRT8	RTTN	3	0.3492	0.3503
ACTB	SESTD1	3	0.0041	0.8393
CTNNA1	SESTD1	3	0	0.8672
KRT8	SESTD1	3	0.0084	0.8215
LMNA	SESTD1	3	0.0042	0.8388
MAPRE3	SESTD1	3	0	0.8672
ACTB	PARG	3	0.1882	0.5999
CTNNA1	PARG	3	0.009	0.819
KRT8	PARG	3	0.1699	0.6156
LMNA	PARG	3	0.2328	0.5599
MAPRE3	PARG	3	0.0343	0.7464
ACTB	PPFIBP1	3	0.0646	0.7092
CTNNA1	PPFIBP1	3	0.0101	0.8144
KRT8	PPFIBP1	3	0.1191	0.6584
LMNA	PPFIBP1	3	0.0003	0.8621
MAPRE3	PPFIBP1	3	0.003	0.8442
ACTB	ZC3HC1	3	0.0209	0.773
CTNNA1	ZC3HC1	3	0.002	0.8491
KRT8	ZC3HC1	3	0.0912	0.6826
LMNA	ZC3HC1	3	0.1577	0.625
MAPRE3	ZC3HC1	3	0.0082	0.8221
KRT8	CHD1L	3	0.0014	0.8526
LMNA	CHD1L	3	0.3558	0.3347
ACTB	GPBP1	3	0.0285	0.756
KRT8	GPBP1	3	0.1176	0.6599
MAPRE3	GPBP1	3	0.2877	0.5018
ACTB	CDR2L	3	0.0051	0.8347
KRT8	CDR2L	3	0.9996	0
ACTB	RALGAPB	3	0.0121	0.8057
KRT8	RALGAPB	3	0.0195	0.7772
MAPRE3	RALGAPB	3	0.0006	0.8588
CTNNA1	CHSY1	3	0.0164	0.7877
LMNA	ERICH1	3	0.1999	0.5894
ACTB	CARM1	3	0.0371	0.7418
CTNNA1	CARM1	3	0.0211	0.7724
ACTB	HEATR5A	3	0.0048	0.8361
KRT8	HEATR5A	3	0.0177	0.7828
ACTB	NCAPG2	3	0.0013	0.8533
KRT8	NCAPG2	3	0.021	0.7727
LMNA	NCAPG2	3	0.0018	0.8502
MAPRE3	NCAPG2	3	0.0001	0.865
MAPRE3	GAS2L3	3	1	0
ACTB	ANKLE2	3	0.0122	0.8053
KRT8	ANKLE2	3	0.0296	0.7535
LMNA	ANKLE2	3	0.0013	0.8533
MAPRE3	ANKLE2	3	0.0006	0.8588
ACTB	DDX42	3	0.1556	0.6262
CTNNA1	DDX42	3	0.0375	0.7413
KRT8	DDX42	3	0.111	0.6654
LMNA	DDX42	3	0.2925	0.4966
MAPRE3	DDX42	3	0.1662	0.6184
ACTB	CEP57	3	0.2818	0.5079
KRT8	CEP57	3	0.3213	0.4642
ACTB	TMEM219	3	0.0078	0.8237
CTNNA1	TMEM219	3	0.009	0.819
KRT8	TMEM219	3	0.0088	0.8198
LMNA	TMEM219	3	0.0075	0.8248
MAPRE3	TMEM219	3	0.0018	0.8502
LMNA	FRAS1	3	0	0.8672
ACTB	SPATS2	3	0.0004	0.8609
CTNNA1	SPATS2	3	0	0.8672
KRT8	SPATS2	3	0.014	0.7974
MAPRE3	SPATS2	3	0.0071	0.8264
KRT8	VRK2	3	0.0571	0.7172
LMNA	VRK2	3	1	0
ACTB	CACUL1	3	0.0065	0.8289
KRT8	CACUL1	3	0.0032	0.8433
LMNA	CACUL1	3	0.3708	0.3088
KRT8	PTRH1	3	0.0052	0.8344
ACTB	KIF18B	3	0.0035	0.8419
LMNA	KIF18B	3	0.012	0.8063
MAPRE3	KIF18B	3	0.9998	0
ACTB	ZGRF1	3	0.0001	0.865
LMNA	ZGRF1	3	0.0139	0.7977
LMNA	PALB2	3	0.6293	0.138
ACTB	DOLPP1	3	0.0028	0.8451
LMNA	GATAD2A	3	0.001	0.8552
ACTB	MIB1	3	0.0047	0.8366
KRT8	MIB1	3	0.0002	0.8634
ACTB	PRAG1	3	0.2386	0.5548
CTNNA1	PRAG1	3	0.0003	0.8621
KRT8	PRAG1	3	0.0134	0.8003
MAPRE3	PRAG1	3	0.0033	0.8429
ACTB	HRNR	3	0.0413	0.736
CTNNA1	HRNR	3	0.001	0.8552
KRT8	HRNR	3	0.0013	0.8533
LMNA	HRNR	3	0.2454	0.5492
ACTB	RHPN2	3	0.6667	0.0712
ACTB	ERC1	3	0.0148	0.7943
CTNNA1	ERC1	3	0.0001	0.865
KRT8	ERC1	3	0.7757	0.0277
MAPRE3	ERC1	3	0.0081	0.8226
ACTB	CREBRF	3	0.1406	0.6398
CTNNA1	CREBRF	3	0.0803	0.6934
KRT8	CREBRF	3	0.3342	0.3822
LMNA	CREBRF	3	0.0677	0.7061
MAPRE3	CREBRF	3	0.0388	0.739
ACTB	PLD3	3	0.0295	0.7537
CTNNA1	PLD3	3	0.033	0.7481
KRT8	PLD3	3	0.992	0.0006
LMNA	PLD3	3	0.0463	0.7298
MAPRE3	PLD3	3	0.0217	0.7708
ACTB	LYSMD2	3	0.0075	0.8248
KRT8	LYSMD2	3	0.0073	0.8256
LMNA	LYSMD2	3	0.0316	0.7501
MAPRE3	LYSMD2	3	0.0009	0.856
ACTB	NUDCD3	3	0.137	0.6433
KRT8	NUDCD3	3	0.5569	0.1561
LMNA	NUDCD3	3	0.0381	0.7403
ACTB	AHNAK2	3	0.3957	0.2632
CTNNA1	AHNAK2	3	0.3013	0.4856
KRT8	AHNAK2	3	0.3834	0.2819
LMNA	AHNAK2	3	0.1517	0.63
MAPRE3	AHNAK2	3	0.3502	0.3489
KRT8	TIAM2	3	0.3333	0.3843
LMNA	TIAM2	3	0.3333	0.3843
ACTB	FMNL3	3	0.6667	0.0712
LMNA	FOXP4	3	0.0071	0.8264
ACTB	NAV3	3	0.3333	0.3843
MAPRE3	NAV3	3	0.6667	0.0712
ACTB	NAV2	3	0.0174	0.784
KRT8	NAV2	3	0.0146	0.795
MAPRE3	NAV2	3	0.9999	0
ACTB	CCDC50	3	0.2115	0.5794
KRT8	CCDC50	3	0.2743	0.5177
ACTB	MISP	3	0.4394	0.219
CTNNA1	MISP	3	0.1012	0.6744
KRT8	MISP	3	0.218	0.5737
LMNA	MISP	3	0.102	0.6737
MAPRE3	MISP	3	0.1022	0.6734
ACTB	CEP97	3	0.2456	0.549
CTNNA1	CEP97	3	0.1432	0.6378
KRT8	CEP97	3	0.3295	0.4551
LMNA	CEP97	3	0.0107	0.8119
MAPRE3	CEP97	3	0.2001	0.5891
ACTB	WDR75	3	0.0029	0.8445
KRT8	WDR75	3	0.0559	0.7181
LMNA	WDR75	3	0.0119	0.8066
MAPRE3	WDR75	3	0.0001	0.865
ACTB	WDFY1	3	0.2349	0.558
CTNNA1	WDFY1	3	0.0089	0.8194
KRT8	WDFY1	3	0.2874	0.5021
LMNA	WDFY1	3	0.2209	0.5715
MAPRE3	WDFY1	3	0.1105	0.6659
ACTB	TEX2	3	0.0091	0.8188
CTNNA1	TEX2	3	0	0.8672
KRT8	TEX2	3	0.0116	0.8077
MAPRE3	TEX2	3	0.0003	0.8621
ACTB	MAP7D3	3	0.1115	0.6651
CTNNA1	MAP7D3	3	0.0201	0.7753
KRT8	MAP7D3	3	0.0957	0.6791
LMNA	MAP7D3	3	0.0983	0.6766
MAPRE3	MAP7D3	3	0.152	0.6297
ACTB	FAM114A1	3	0.2292	0.563
CTNNA1	FAM114A1	3	0.0545	0.7198
KRT8	FAM114A1	3	0.2443	0.5502
MAPRE3	FAM114A1	3	0.1062	0.6695
ACTB	MGA	3	0.2934	0.4954
CTNNA1	MGA	3	0.0967	0.6783
KRT8	MGA	3	0.2967	0.4915
LMNA	MGA	3	0.3573	0.3303
MAPRE3	MGA	3	0.3087	0.4788
ACTB	GCC2	3	0.1862	0.6012
KRT8	GCC2	3	0.1747	0.6103
MAPRE3	GCC2	3	0.065	0.7086
ACTB	ZC3H7A	3	0.007	0.8268
KRT8	ZC3H7A	3	0.1123	0.6644
MAPRE3	ZC3H7A	3	0.0003	0.8621
ACTB	PHF6	3	0.0004	0.8609
KRT8	PHF6	3	0.0015	0.852
ACTB	LMTK2	3	0.0074	0.8253
KRT8	LMTK2	3	0.0757	0.6978
ACTB	UBR1	3	0.0273	0.7584
KRT8	UBR1	3	0.178	0.6079
LMNA	UBR1	3	0.1376	0.6427
ACTB	ARHGAP12	3	0.5162	0.1757
KRT8	ARHGAP12	3	0.0523	0.722
ACTB	CHERP	3	0.0023	0.8475
KRT8	CHERP	3	0	0.8672
LMNA	CHERP	3	0.0142	0.7968
MAPRE3	CHERP	3	0.0001	0.865
ACTB	ANKHD1	3	0.3266	0.4593
CTNNA1	ANKHD1	3	0.184	0.6029
KRT8	ANKHD1	3	0.3713	0.3064
LMNA	ANKHD1	3	0.1436	0.6372
MAPRE3	ANKHD1	3	0.293	0.4957
KRT8	BBS7	3	0.0126	0.8036
ACTB	SUGP1	3	0.0829	0.6905
KRT8	SUGP1	3	0.0275	0.7579
LMNA	SUGP1	3	0.2239	0.5681
MAPRE3	SUGP1	3	0.011	0.8109
ACTB	SUGP2	3	0.2533	0.5403
CTNNA1	SUGP2	3	0.0969	0.678
KRT8	SUGP2	3	0.2234	0.5687
LMNA	SUGP2	3	0.31	0.4777
MAPRE3	SUGP2	3	0.2546	0.5387
ACTB	WWC1	3	0.1715	0.6143
KRT8	WWC1	3	0.2214	0.5708
ACTB	UEVLD	3	0.0035	0.8419
KRT8	UEVLD	3	0.0108	0.8115
LMNA	UEVLD	3	0.0006	0.8588
MAPRE3	UEVLD	3	0	0.8672
ACTB	CCAR1	3	0	0.8672
LMNA	CCAR1	3	0	0.8672
KRT8	DHX40	3	0.3333	0.3843
LMNA	DHX40	3	0.3333	0.3843
LMNA	SLF2	3	0.3333	0.3843
ACTB	SKA3	3	0.0103	0.8135
CTNNA1	SKA3	3	0	0.8672
KRT8	SKA3	3	0.0119	0.8066
LMNA	SKA3	3	0.0021	0.8485
MAPRE3	SKA3	3	0.03	0.7528
KRT8	DNAJC10	3	0.0045	0.8375
LMNA	NELFCD	3	0.6802	0.0614
CTNNA1	RHOT2	3	0.0009	0.856
MAPRE3	RHOT2	3	0.0003	0.8621
LMNA	PHC2	3	0.0128	0.8029
KRT8	MSRB3	3	0.3443	0.3606
LMNA	BAP18	3	0.0166	0.787
ACTB	GPALPP1	3	0.0121	0.8057
LMNA	GPALPP1	3	0.4672	0.1995
ACTB	PALM2	3	0.2659	0.5268
CTNNA1	PALM2	3	0.0025	0.8466
KRT8	PALM2	3	0.0089	0.8194
MAPRE3	PALM2	3	0.0012	0.8539
ACTB	RBM12B	3	0.0008	0.8571
KRT8	RBM12B	3	0.0189	0.7791
LMNA	RBM12B	3	0.0409	0.7365
LMNA	ZC3H3	3	0.0707	0.703
ACTB	PNPLA6	3	0.0071	0.8264
KRT8	PNPLA6	3	0.3291	0.4557
LMNA	PNPLA6	3	0.0054	0.8334
KRT8	SMC5	3	0.3333	0.3843
LMNA	SMC5	3	0.3333	0.3843
ACTB	DDX60	3	0.0034	0.8424
KRT8	DDX60	3	0.3399	0.369
KRT8	IFT20	3	0.461	0.2049
ACTB	MICALL2	3	1	0
ACTB	DHX37	3	0.0032	0.8433
KRT8	DHX37	3	0.3561	0.3334
LMNA	DHX37	3	0.0134	0.8003
ACTB	KBTBD2	3	0.0355	0.7445
KRT8	KBTBD2	3	0.0071	0.8264
LMNA	KBTBD2	3	0.0052	0.8344
ACTB	AMOTL1	3	0.0126	0.8036
KRT8	AMOTL1	3	0.0217	0.7708
MAPRE3	AMOTL1	3	0.0031	0.8437
ACTB	RAVER1	3	0.0013	0.8533
KRT8	RAVER1	3	0.0093	0.8179
LMNA	RAVER1	3	0.1143	0.6631
MAPRE3	RAVER1	3	0.0004	0.8609
ACTB	FTSJ3	3	0.0948	0.6799
CTNNA1	FTSJ3	3	0.0065	0.8289
KRT8	FTSJ3	3	0.1595	0.6236
LMNA	FTSJ3	3	0.2439	0.5507
MAPRE3	FTSJ3	3	0.0437	0.7328
LMNA	SLX4	3	1	0
KRT8	CKAP2L	3	0.3333	0.3843
MAPRE3	CKAP2L	3	1	0
ACTB	MB21D2	3	0.3531	0.3404
KRT8	MB21D2	3	0.3396	0.3711
ACTB	SRRM1	3	0	0.8672
LMNA	SRRM1	3	0.0004	0.8609
ACTB	SMAP1	3	0.1275	0.6522
CTNNA1	SMAP1	3	0.0117	0.8074
KRT8	SMAP1	3	0.0918	0.6822
MAPRE3	SMAP1	3	0.0437	0.7328
ACTB	FANCM	3	0.0472	0.7287
LMNA	FANCM	3	0.4216	0.2373
LMNA	ZZZ3	3	0.0247	0.7645
LMNA	C1orf174	3	0.0227	0.7688
ACTB	PHACTR4	3	0.7601	0.0319
CTNNA1	PHACTR4	3	0.0067	0.8281
KRT8	PHACTR4	3	0.0071	0.8264
MAPRE3	PHACTR4	3	0.0002	0.8634
ACTB	KMT2E	3	0.0042	0.8388
KRT8	KMT2E	3	0.001	0.8552
LMNA	KMT2E	3	0.0004	0.8609
ACTB	DCP1B	3	0.0002	0.8634
KRT8	DCP1B	3	0.0044	0.8379
ACTB	XRN1	3	0.2499	0.5443
CTNNA1	XRN1	3	0.1468	0.6345
KRT8	XRN1	3	0.2867	0.5024
LMNA	XRN1	3	0.0767	0.6965
MAPRE3	XRN1	3	0.2751	0.5166
LMNA	MAML2	3	0.0035	0.8419
ACTB	ABI1	3	0.111	0.6654
CTNNA1	ABI1	3	0.0004	0.8609
KRT8	ABI1	3	0.0045	0.8375
MAPRE3	ABI1	3	0.0001	0.865
KRT8	WDFY3	3	0.6667	0.0712
ACTB	ASPM	3	0.0041	0.8393
KRT8	ASPM	3	0.0243	0.7654
LMNA	ASPM	3	0.0341	0.7467
MAPRE3	ASPM	3	0.0131	0.8017
ACTB	RDH10	3	0.3333	0.3843
LMNA	RDH10	3	0.3333	0.3843
ACTB	TNS4	3	0.3333	0.3843
KRT8	TNS4	3	1	0
LMNA	VKORC1L1	3	1	0
ACTB	SPART	3	0.353	0.3407
CTNNA1	SPART	3	0.1367	0.6435
KRT8	SPART	3	0.3684	0.3119
LMNA	SPART	3	0.2598	0.5338
MAPRE3	SPART	3	0.2552	0.538
ACTB	SPICE1	3	0.0114	0.8088
CTNNA1	SPICE1	3	0.0005	0.8597
KRT8	SPICE1	3	0.5226	0.1733
MAPRE3	SPICE1	3	0.0118	0.8069
LMNA	MIER1	3	0.954	0.0029
ACTB	RPTOR	3	0.1766	0.6088
KRT8	RPTOR	3	0.3997	0.2585
LMNA	RPTOR	3	0.0549	0.7194
MAPRE3	RPTOR	3	0.0776	0.6957
ACTB	CNTROB	3	0.0126	0.8036
KRT8	CNTROB	3	1	0
ACTB	AHI1	3	0.0552	0.7191
KRT8	AHI1	3	0.0323	0.749
MAPRE3	AHI1	3	0.0004	0.8609
ACTB	CCAR2	3	0.1913	0.5972
CTNNA1	CCAR2	3	0.0064	0.8295
KRT8	CCAR2	3	0.254	0.5394
LMNA	CCAR2	3	0.3095	0.4782
MAPRE3	CCAR2	3	0.2404	0.5535
KRT8	NDUFAF2	3	0.6667	0.0712
KRT8	VPS52	3	1	0
ACTB	NUP93	3	0.0045	0.8375
KRT8	NUP93	3	0.7689	0.0295
LMNA	NUP93	3	0.0746	0.6989
KRT8	ZNF687	3	0.2339	0.5589
LMNA	ZNF687	3	0.0071	0.8264
ACTB	CMTR1	3	0.2363	0.5568
KRT8	CMTR1	3	0.1685	0.6166
LMNA	CMTR1	3	0.3749	0.2974
MAPRE3	CMTR1	3	0.1987	0.5904
KRT8	DOCK4	3	0.0155	0.7917
ACTB	KRT78	3	0.2086	0.5818
KRT8	KRT78	3	0.0285	0.756
LMNA	KRT78	3	0.1167	0.6605
ACTB	ARHGEF28	3	0.2022	0.5875
CTNNA1	ARHGEF28	3	0.0353	0.7448
KRT8	ARHGEF28	3	0.7226	0.0437
MAPRE3	ARHGEF28	3	0.035	0.7452
KRT8	INTS1	3	0.1513	0.6306
LMNA	ABHD12	3	0.6667	0.0712
CTNNA1	CLASRP	3	0.3333	0.3843
LMNA	CLASRP	3	1	0
LMNA	PIAS4	3	0.5435	0.163
ACTB	RUSC2	3	0.0129	0.8025
KRT8	RUSC2	3	0.6198	0.1402
MAPRE3	RUSC2	3	0.0272	0.7586
LMNA	AGGF1	3	1	0
ACTB	ARHGAP18	3	0.0372	0.7417
ACTB	ASCC3	3	0.3806	0.2865
CTNNA1	ASCC3	3	0.2703	0.5219
KRT8	ASCC3	3	0.3911	0.2715
LMNA	ASCC3	3	0.145	0.636
MAPRE3	ASCC3	3	0.3547	0.3365
ACTB	EHBP1L1	3	0.0689	0.7047
CTNNA1	EHBP1L1	3	0.0006	0.8588
KRT8	EHBP1L1	3	0.0172	0.7846
KRT8	VPS8	3	0.1671	0.6176
ACTB	PALS1	3	0.0166	0.787
CTNNA1	PALS1	3	0.0003	0.8621
KRT8	PALS1	3	0.0206	0.7737
MAPRE3	PALS1	3	0.002	0.8491
ACTB	STAG2	3	0.0001	0.865
LMNA	STAG2	3	0.0214	0.7713
ACTB	SYNPO	3	0.3927	0.269
CTNNA1	SYNPO	3	0.1037	0.672
KRT8	SYNPO	3	0.2172	0.5747
LMNA	SYNPO	3	0.092	0.6819
MAPRE3	SYNPO	3	0.1377	0.6426
ACTB	FNBP4	3	0	0.8672
LMNA	FNBP4	3	0.0026	0.846
ACTB	NIN	3	0.2251	0.5671
CTNNA1	NIN	3	0.0136	0.7993
KRT8	NIN	3	0.5354	0.1674
LMNA	NIN	3	0.0729	0.7004
MAPRE3	NIN	3	0.0406	0.7368
ACTB	MINK1	3	0.0132	0.8011
CTNNA1	MINK1	3	0.0014	0.8526
KRT8	MINK1	3	0.0111	0.8104
LMNA	MINK1	3	0	0.8672
MAPRE3	MINK1	3	0.0068	0.8277
ACTB	AFAP1	3	1	0
KRT8	AFAP1	3	0.0147	0.7947
MAPRE3	AFAP1	3	0.001	0.8552
KRT8	TTC39C	3	0.3333	0.3843
LMNA	MPND	3	0.3185	0.4669
ACTB	TAB3	3	0.0034	0.8424
KRT8	TAB3	3	0.4309	0.2262
ACTB	MACO1	3	0.0049	0.8357
LMNA	MACO1	3	0.0369	0.7421
LMNA	NOPCHAP1	3	0.3333	0.3843
ACTB	CISD2	3	0.1027	0.6731
CTNNA1	CISD2	3	0.0525	0.7218
KRT8	CISD2	3	0.1009	0.6747
LMNA	CISD2	3	0.71	0.0476
ACTB	TTC9C	3	0.0124	0.8045
CTNNA1	TTC9C	3	0	0.8672
KRT8	TTC9C	3	0.002	0.8491
LMNA	TTC9C	3	0.0087	0.8203
MAPRE3	TTC9C	3	0.0008	0.8571
LMNA	PARP16	3	0.6667	0.0712
KRT8	CPSF7	3	0.0158	0.7903
LMNA	CPSF7	3	0.0392	0.7385
ACTB	ARFGAP2	3	0.3044	0.4818
CTNNA1	ARFGAP2	3	0.0729	0.7004
KRT8	ARFGAP2	3	0.3425	0.3632
LMNA	ARFGAP2	3	0.0841	0.6893
MAPRE3	ARFGAP2	3	0.2702	0.5222
ACTB	C1orf52	3	0.1643	0.6198
LMNA	C1orf52	3	0.5434	0.1635
ACTB	EEF1AKNMT	3	0.0005	0.8597
KRT8	EEF1AKNMT	3	0.0455	0.7307
LMNA	ARL6IP6	3	1	0
ACTB	ARFGAP1	3	0.2384	0.555
CTNNA1	ARFGAP1	3	0.0502	0.7249
KRT8	ARFGAP1	3	0.2505	0.544
LMNA	ARFGAP1	3	0.1829	0.6039
MAPRE3	ARFGAP1	3	0.1334	0.6462
LMNA	ZNF655	3	0.0053	0.8338
ACTB	PAF1	3	0.1788	0.6075
CTNNA1	PAF1	3	0.0495	0.7257
KRT8	PAF1	3	0.103	0.6726
LMNA	PAF1	3	0.2916	0.4976
MAPRE3	PAF1	3	0.2114	0.5795
LMNA	CNTD1	3	0.0218	0.7706
KRT8	CGAS	3	0.0038	0.8404
KRT8	DDX51	3	0.0063	0.8298
MAPRE3	C2orf69	3	0.0012	0.8539
ACTB	ENAH	3	1	0
KRT8	ENAH	3	0.0121	0.8057
MAPRE3	ENAH	3	0.0015	0.852
LMNA	GPATCH11	3	0.9928	0.0006
KRT8	CEP120	3	0.6667	0.0712
ACTB	ABTB2	3	0.1705	0.6153
KRT8	ABTB2	3	0.0881	0.6854
ACTB	JMY	3	0.1612	0.6222
KRT8	JMY	3	0.0552	0.7191
LMNA	JMY	3	0.0003	0.8621
MAPRE3	JMY	3	0.0038	0.8404
ACTB	ASCC1	3	0.0076	0.8244
CTNNA1	ASCC1	3	0.0001	0.865
KRT8	ASCC1	3	0.0245	0.7651
MAPRE3	ASCC1	3	0.008	0.8229
LMNA	SCAI	3	0.3333	0.3843
LMNA	KRI1	3	0.05	0.7251
MAPRE3	POC5	3	1	0
KRT8	ZBTB38	3	0.0014	0.8526
LMNA	ZBTB38	3	0.0623	0.7117
MAPRE3	ZBTB38	3	0.0003	0.8621
ACTB	ANKRD52	3	0.003	0.8442
KRT8	ANKRD52	3	0.0409	0.7365
ACTB	SPATA5	3	0.0026	0.846
CTNNA1	SPATA5	3	0.0001	0.865
KRT8	SPATA5	3	0.0007	0.8579
MAPRE3	SPATA5	3	0.0017	0.8509
ACTB	AVL9	3	0.0002	0.8634
KRT8	AVL9	3	0.0002	0.8634
CTNNA1	SUMF1	3	0.0267	0.7596
LMNA	SUMF1	3	0.0192	0.7782
ACTB	UBAC2	3	0.0073	0.8256
KRT8	UBAC2	3	0.9992	0
LMNA	UBAC2	3	0.0056	0.8326
ACTB	TXNDC5	3	0.293	0.4957
CTNNA1	TXNDC5	3	0.0323	0.749
KRT8	TXNDC5	3	0.0086	0.8207
LMNA	TXNDC5	3	0.012	0.8063
MAPRE3	TXNDC5	3	0.0021	0.8485
ACTB	SERBP1	3	0.0689	0.7047
CTNNA1	SERBP1	3	0.0277	0.7576
KRT8	SERBP1	3	0.045	0.7314
LMNA	SERBP1	3	0.0251	0.7636
MAPRE3	SERBP1	3	0.0789	0.6947
LMNA	NETO2	3	0.3333	0.3843
ACTB	FAM98A	3	0.2176	0.5745
CTNNA1	FAM98A	3	0.0081	0.8226
KRT8	FAM98A	3	0.2673	0.5252
MAPRE3	FAM98A	3	0.1104	0.6659
LMNA	HJURP	3	0.1405	0.6399
MAPRE3	HJURP	3	0.0009	0.856
LMNA	NFATC2IP	3	0.7693	0.0289
KRT8	DAGLB	3	0.3333	0.3843
LMNA	DAGLB	3	0.3333	0.3843
ACTB	DYNC2H1	3	0.332	0.4516
KRT8	DYNC2H1	3	0.3407	0.3667
ACTB	ZBTB34	3	0.0403	0.7371
KRT8	ZBTB34	3	0.0217	0.7708
LMNA	ZBTB34	3	0.0001	0.865
MAPRE3	ZBTB34	3	0.0072	0.8261
LMNA	RNF169	3	0.4178	0.2418
ACTB	SMG8	3	0.0273	0.7584
KRT8	SMG8	3	0.001	0.8552
MAPRE3	SMG8	3	0.004	0.8397
ACTB	RNF214	3	0.0102	0.814
CTNNA1	RNF214	3	0.001	0.8552
KRT8	RNF214	3	0.984	0.0011
MAPRE3	LSM14A	3	0.0362	0.7431
LMNA	ZNF280C	3	0.3584	0.3284
ACTB	MAPK1IP1L	3	0.0065	0.8289
CTNNA1	MAPK1IP1L	3	0.0116	0.8077
KRT8	MAPK1IP1L	3	0.0125	0.8041
LMNA	MAPK1IP1L	3	0.0298	0.7532
MAPRE3	MAPK1IP1L	3	0.0074	0.8253
LMNA	C1orf131	3	1	0
ACTB	TDRD9	3	0.0046	0.8372
KRT8	TDRD9	3	0.3105	0.477
ACTB	EHBP1	3	0.0163	0.7882
CTNNA1	EHBP1	3	0.0005	0.8597
KRT8	EHBP1	3	0.0155	0.7917
MAPRE3	EHBP1	3	0.0029	0.8445
ACTB	TNRC6A	3	0.2802	0.5104
CTNNA1	TNRC6A	3	0.131	0.6485
KRT8	TNRC6A	3	0.3731	0.3014
MAPRE3	TNRC6A	3	0.2367	0.5566
ACTB	ABCF1	3	0.3554	0.3356
CTNNA1	ABCF1	3	0.1998	0.5895
KRT8	ABCF1	3	0.3527	0.3416
LMNA	ABCF1	3	0.2059	0.584
MAPRE3	ABCF1	3	0.29	0.4994
KRT8	MCU	3	0.3333	0.3843
LMNA	GMCL2	3	1	0
ACTB	PIK3C3	3	0.0238	0.7664
KRT8	PIK3C3	3	0.0263	0.7604
LMNA	PIK3C3	3	0.0001	0.865
MAPRE3	PIK3C3	3	0.0018	0.8502
ACTB	SRFBP1	3	0.0013	0.8533
LMNA	SRFBP1	3	0.1153	0.6621
MAPRE3	SRFBP1	3	0.0018	0.8502
ACTB	DDHD1	3	0.0093	0.8179
KRT8	DDHD1	3	0.1187	0.659
LMNA	DDHD1	3	0.243	0.5516
ACTB	SHCBP1	3	0.0006	0.8588
KRT8	SHCBP1	3	0.0102	0.814
LMNA	SHCBP1	3	0.0128	0.8029
ACTB	APPL2	3	0.0079	0.8232
KRT8	APPL2	3	0.065	0.7086
LMNA	APPL2	3	0.0019	0.8497
ACTB	EXPH5	3	0.0028	0.8451
KRT8	EXPH5	3	0.4632	0.2035
ACTB	NAV1	3	0.0132	0.8011
CTNNA1	NAV1	3	0.0037	0.8409
KRT8	NAV1	3	0.0557	0.7183
LMNA	NAV1	3	0.0012	0.8539
MAPRE3	NAV1	3	0.9679	0.0019
LMNA	PPHLN1	3	0.0536	0.7208
ACTB	VPS37A	3	0.0177	0.7828
KRT8	VPS37A	3	0.0339	0.747
LMNA	VPS37A	3	0.0004	0.8609
MAPRE3	VPS37A	3	0.0013	0.8533
KRT8	WDR19	3	0.0006	0.8588
LMNA	KMT2C	3	0.0029	0.8445
ACTB	FBXO22	3	0.0034	0.8424
CTNNA1	FBXO22	3	0.0183	0.7807
KRT8	FBXO22	3	0.0034	0.8424
LMNA	FBXO22	3	0.0236	0.7667
MAPRE3	FBXO22	3	0.0069	0.8272
ACTB	LPCAT1	3	0.054	0.7203
CTNNA1	LPCAT1	3	0.0135	0.7997
KRT8	LPCAT1	3	0.5212	0.1738
LMNA	LPCAT1	3	0.3173	0.4679
MAPRE3	LPCAT1	3	0.0141	0.7971
ACTB	ANKRD20A12P	3	0.0121	0.8057
KRT8	ANKRD20A12P	3	0.3778	0.29
ACTB	SYNE1	3	0.0091	0.8188
CTNNA1	SYNE1	3	0.0143	0.7965
KRT8	SYNE1	3	0	0.8672
LMNA	SYNE1	3	0.2043	0.5853
MAPRE3	SYNE1	3	0.0037	0.8409
CTNNA1	USP32	3	0.0002	0.8634
KRT8	USP32	3	0.0659	0.7076
ACTB	BOD1L1	3	0.1763	0.6093
KRT8	BOD1L1	3	0.0787	0.6949
LMNA	BOD1L1	3	0.2463	0.5482
MAPRE3	BOD1L1	3	0.07	0.7035
ACTB	ARID1B	3	0	0.8672
KRT8	ARID1B	3	0	0.8672
LMNA	ARID1B	3	0.0011	0.8545
MAPRE3	ARID1B	3	0	0.8672
ACTB	NUP43	3	0.0842	0.6891
KRT8	NUP43	3	0.9545	0.0028
LMNA	NUP43	3	0.9979	0.0001
ACTB	NUP35	3	0.0125	0.8041
KRT8	NUP35	3	0.0026	0.846
LMNA	NUP35	3	0.7362	0.0387
ACTB	GPRC5A	3	0.2987	0.4889
CTNNA1	GPRC5A	3	0.1415	0.6391
MAPRE3	GPRC5A	3	0.0506	0.7242
ACTB	NBEA	3	0.6667	0.0712
KRT8	NBEA	3	0.6667	0.0712
LMNA	TOR1AIP2	3	0.0604	0.7135
ACTB	KNL1	3	0.2943	0.4942
CTNNA1	KNL1	3	0.0748	0.6986
KRT8	KNL1	3	0.3076	0.4797
LMNA	KNL1	3	0.3239	0.462
MAPRE3	KNL1	3	0.276	0.5154
ACTB	KDM2B	3	0.0727	0.7007
KRT8	KDM2B	3	0.013	0.8021
LMNA	KDM2B	3	0.119	0.6586
ACTB	RASSF8	3	0.6667	0.0712
KRT8	RASSF8	3	0.3333	0.3843
MAPRE3	RASSF8	3	0.3333	0.3843
KRT8	DDX55	3	0.0052	0.8344
LMNA	DDX55	3	0.0547	0.7195
ACTB	TDRD7	3	0.2852	0.5045
KRT8	TDRD7	3	0.0026	0.846
ACTB	NEDD1	3	0.005	0.8352
KRT8	NEDD1	3	0.237	0.5561
MAPRE3	NEDD1	3	0.537	0.1669
KRT8	B4GALNT2	3	0.3333	0.3843
ACTB	NCOA7	3	0.007	0.8268
KRT8	NCOA7	3	0.0062	0.8302
LMNA	NCOA7	3	0.0073	0.8256
MAPRE3	NCOA7	3	0.0003	0.8621
ACTB	THOC2	3	0.0017	0.8509
KRT8	THOC2	3	0.0117	0.8074
LMNA	THOC2	3	0.0214	0.7713
ACTB	PATJ	3	0.0084	0.8215
KRT8	PATJ	3	0.0385	0.7395
MAPRE3	PATJ	3	0.0001	0.865
ACTB	WDR36	3	0.2139	0.5773
CTNNA1	WDR36	3	0.0519	0.7223
KRT8	WDR36	3	0.2036	0.5864
LMNA	WDR36	3	0.2791	0.5117
MAPRE3	WDR36	3	0.1394	0.6409
ACTB	KIF18A	3	0.0004	0.8609
KRT8	KIF18A	3	0.002	0.8491
LMNA	KIF18A	3	0.0252	0.7633
MAPRE3	KIF18A	3	0.4574	0.2074
LMNA	RP9	3	0.0685	0.7051
LMNA	WDR48	3	0.1134	0.6637
ACTB	SMARCC2	3	0.0845	0.6885
LMNA	SMARCC2	3	0.1307	0.649
LMNA	NEIL3	3	0.0205	0.774
ACTB	NPLOC4	3	0.1658	0.6188
KRT8	NPLOC4	3	0.0338	0.7473
LMNA	NPLOC4	3	0.1335	0.646
ACTB	FBXO30	3	0.1106	0.6658
KRT8	FBXO30	3	0.0672	0.7065
KRT8	SLC35B2	3	0.6667	0.0712
LMNA	SLC35B2	3	0.3333	0.3843
KRT8	PUM2	3	0.0046	0.8372
ACTB	GOLGA5	3	0.0014	0.8526
KRT8	GOLGA5	3	0.0036	0.8414
MAPRE3	KLHDC4	3	0.256	0.5372
ACTB	RAB3IL1	3	0.0021	0.8485
KRT8	RAB3IL1	3	0.0158	0.7903
MAPRE3	RAB3IL1	3	0.0001	0.865
KRT8	PIP4K2C	3	0.0039	0.84
ACTB	TBC1D15	3	0.2489	0.5459
CTNNA1	TBC1D15	3	0.083	0.6904
KRT8	TBC1D15	3	0.2699	0.5226
LMNA	TBC1D15	3	0.1063	0.6692
MAPRE3	TBC1D15	3	0.1365	0.6436
ACTB	CIP2A	3	0.0364	0.7429
CTNNA1	CIP2A	3	0.0007	0.8579
KRT8	CIP2A	3	0.0474	0.7284
MAPRE3	CIP2A	3	0.0128	0.8029
LMNA	FBXO25	3	0.3333	0.3843
ACTB	STT3B	3	0.1042	0.6717
CTNNA1	STT3B	3	0.0137	0.7987
KRT8	STT3B	3	0.1759	0.6095
LMNA	STT3B	3	0.7386	0.0374
MAPRE3	STT3B	3	0.0268	0.7594
ACTB	PNPT1	3	0.0004	0.8609
KRT8	PNPT1	3	0.3768	0.2915
LMNA	PNPT1	3	0.0048	0.8361
ACTB	HM13	3	0.161	0.6226
KRT8	HM13	3	0.2805	0.5101
LMNA	HM13	3	0.3351	0.38
MAPRE3	HM13	3	0.0013	0.8533
ACTB	ALMS1	3	0.0129	0.8025
CTNNA1	ALMS1	3	0	0.8672
KRT8	ALMS1	3	0.0336	0.7475
MAPRE3	ALMS1	3	0.0047	0.8366
KRT8	URGCP	3	0.3333	0.3843
ACTB	BICD2	3	0.0164	0.7877
KRT8	BICD2	3	0.0685	0.7051
MAPRE3	BICD2	3	0	0.8672
ACTB	NEK9	3	0.3656	0.317
CTNNA1	NEK9	3	0.2178	0.5742
KRT8	NEK9	3	0.3708	0.3088
LMNA	NEK9	3	0.1513	0.6306
MAPRE3	NEK9	3	0.2979	0.4904
ACTB	CHD6	3	0.0006	0.8588
KRT8	CHD6	3	0.0005	0.8597
LMNA	CHD6	3	0.0781	0.6954
ACTB	CCHCR1	3	0.0697	0.7039
KRT8	CCHCR1	3	0.9997	0
ACTB	DTX3L	3	0.0155	0.7917
KRT8	DTX3L	3	0.2702	0.5222
MAPRE3	DTX3L	3	0.0008	0.8571
LMNA	DDX54	3	0.3333	0.3843
LMNA	CHD5	3	0.3333	0.3843
ACTB	DMXL2	3	0.0112	0.8098
KRT8	DMXL2	3	0.0474	0.7284
MAPRE3	DMXL2	3	0.0005	0.8597
ACTB	BPIFB1	3	0.3333	0.3843
ACTB	DLG5	3	0.0137	0.7987
CTNNA1	DLG5	3	0.0084	0.8215
KRT8	DLG5	3	0.0575	0.7165
LMNA	DLG5	3	0.0005	0.8597
MAPRE3	DLG5	3	0.0069	0.8272
ACTB	BRIX1	3	0.1602	0.6229
KRT8	BRIX1	3	0.2232	0.569
LMNA	BRIX1	3	0.1894	0.5987
MAPRE3	BRIX1	3	0.0506	0.7242
ACTB	NEK7	3	0.0155	0.7917
KRT8	NEK7	3	0.1024	0.6732
LMNA	NEK7	3	0.0244	0.7652
MAPRE3	NEK7	3	0.0013	0.8533
ACTB	RB1CC1	3	0.3333	0.3843
KRT8	RB1CC1	3	1	0
ACTB	MICAL1	3	0.0047	0.8366
KRT8	MICAL1	3	0.0079	0.8232
LMNA	MORC4	3	0.0993	0.6758
ACTB	UTP15	3	0.025	0.7637
KRT8	UTP15	3	0.0322	0.7493
ACTB	GPX8	3	0.2038	0.5862
CTNNA1	GPX8	3	0.0084	0.8215
KRT8	GPX8	3	0.1381	0.6421
LMNA	GPX8	3	0.0268	0.7594
MAPRE3	GPX8	3	0.0609	0.7131
LMNA	DOT1L	3	0.3333	0.3843
LMNA	NUP210	3	0.0531	0.7213
ACTB	CEP192	3	0.0103	0.8135
CTNNA1	CEP192	3	0	0.8672
KRT8	CEP192	3	0.4899	0.1886
MAPRE3	CEP192	3	0.0064	0.8295
ACTB	GEMIN5	3	0.2574	0.5359
CTNNA1	GEMIN5	3	0.0604	0.7135
KRT8	GEMIN5	3	0.2388	0.5546
LMNA	GEMIN5	3	0.0663	0.7074
MAPRE3	GEMIN5	3	0.1927	0.5955
ACTB	ARHGEF40	3	0.0365	0.7428
KRT8	ARHGEF40	3	0.5528	0.1586
ACTB	RAPGEF6	3	0.0244	0.7652
CTNNA1	RAPGEF6	3	0	0.8672
KRT8	RAPGEF6	3	0.0176	0.7832
LMNA	RAPGEF6	3	0.0001	0.865
MAPRE3	RAPGEF6	3	0.0048	0.8361
ACTB	SMCR8	3	0.0073	0.8256
KRT8	SMCR8	3	0.0231	0.7679
MAPRE3	SMCR8	3	0.0002	0.8634
ACTB	PARD3	3	0.0051	0.8347
CTNNA1	PARD3	3	0.0423	0.7346
KRT8	PARD3	3	0.0029	0.8445
MAPRE3	PARD3	3	0.0012	0.8539
ACTB	IPO4	3	0.0157	0.7907
CTNNA1	IPO4	3	0.0008	0.8571
KRT8	IPO4	3	0.628	0.1384
LMNA	IPO4	3	0.006	0.831
MAPRE3	IPO4	3	0.0032	0.8433
KRT8	USP33	3	0.0055	0.833
LMNA	USP33	3	0.0021	0.8485
ACTB	PPP4R1	3	1	0
KRT8	PPP4R1	3	0.0652	0.7083
ACTB	FNIP1	3	0.0021	0.8485
CTNNA1	FNIP1	3	0.002	0.8491
KRT8	FNIP1	3	0.0078	0.8237
KRT8	UBASH3B	3	0.3333	0.3843
LMNA	ZNF384	3	0.0631	0.7107
MAPRE3	ZNF384	3	0.0004	0.8609
ACTB	SHROOM3	3	0.0304	0.7525
CTNNA1	SHROOM3	3	0.0052	0.8344
KRT8	SHROOM3	3	0.0684	0.7053
MAPRE3	SHROOM3	3	0.0018	0.8502
ACTB	WIPF2	3	1	0
KRT8	NOC3L	3	0.1023	0.6733
ACTB	COG1	3	0.0863	0.6871
CTNNA1	COG1	3	0.0052	0.8344
KRT8	COG1	3	0.0739	0.6993
MAPRE3	COG1	3	0.0381	0.7403
KRT8	PYROXD1	3	0.0054	0.8334
LMNA	PYROXD1	3	0.6863	0.0574
ACTB	SCFD2	3	0.0158	0.7903
CTNNA1	SCFD2	3	0.0003	0.8621
KRT8	SCFD2	3	0.0178	0.7826
LMNA	SCFD2	3	0.0009	0.856
MAPRE3	SCFD2	3	0.0057	0.8322
ACTB	SMAP2	3	0.0202	0.7751
KRT8	SMAP2	3	0.0821	0.6918
MAPRE3	SMAP2	3	0.0035	0.8419
ACTB	ZC3H15	3	0.2685	0.5241
CTNNA1	ZC3H15	3	0.2085	0.5819
KRT8	ZC3H15	3	0.253	0.5407
LMNA	ZC3H15	3	0.0288	0.7551
MAPRE3	ZC3H15	3	0.2993	0.4881
ACTB	PPIL4	3	0.0402	0.7373
CTNNA1	PPIL4	3	0.0101	0.8144
LMNA	PPIL4	3	0.3335	0.3836
ACTB	GTF3C2	3	0.1182	0.6595
KRT8	GTF3C2	3	0.0124	0.8045
LMNA	GTF3C2	3	0.1931	0.5951
MAPRE3	GTF3C2	3	0.0387	0.7392
ACTB	PPP1R13L	3	0.268	0.5245
CTNNA1	PPP1R13L	3	0.1402	0.6401
KRT8	PPP1R13L	3	0.313	0.4737
LMNA	PPP1R13L	3	0.0358	0.7439
MAPRE3	PPP1R13L	3	0.286	0.5036
ACTB	TMEM263	3	0.1252	0.6535
CTNNA1	TMEM263	3	0.0082	0.8221
KRT8	TMEM263	3	0.0226	0.769
LMNA	TMEM263	3	0.0083	0.8218
MAPRE3	TMEM263	3	0.0018	0.8502
ACTB	NUP133	3	0.0118	0.8069
CTNNA1	NUP133	3	0.0007	0.8579
KRT8	NUP133	3	0.0186	0.7799
LMNA	NUP133	3	0.9855	0.0011
MAPRE3	NUP133	3	0.0048	0.8361
ACTB	PDCD6IP	3	0.0091	0.8188
CTNNA1	PDCD6IP	3	0.0116	0.8077
KRT8	PDCD6IP	3	0.0196	0.7768
LMNA	PDCD6IP	3	0.0115	0.8082
MAPRE3	PDCD6IP	3	0.0041	0.8393
ACTB	FBLIM1	3	1	0
LMNA	CACTIN	3	0.4834	0.191
LMNA	GATAD1	3	0.0075	0.8248
LMNA	SLC38A5	3	0.0174	0.784
ACTB	CHMP7	3	0.0197	0.7764
CTNNA1	CHMP7	3	0.0003	0.8621
KRT8	CHMP7	3	0.1401	0.6402
MAPRE3	CHMP7	3	0.0028	0.8451
ACTB	THEM6	3	0.0002	0.8634
KRT8	THEM6	3	0.0031	0.8437
LMNA	THEM6	3	0.0066	0.8285
ACTB	PRUNE2	3	0.2224	0.5697
CTNNA1	PRUNE2	3	0.1548	0.6266
KRT8	PRUNE2	3	0.2368	0.5564
LMNA	PRUNE2	3	0.025	0.7637
MAPRE3	PRUNE2	3	0.1738	0.6112
ACTB	BCL7C	3	0.0105	0.8127
CTNNA1	BCL7C	3	0.0069	0.8272
LMNA	CHTF18	3	0.0829	0.6905
LMNA	LEO1	3	0.021	0.7727
ACTB	NUDCD2	3	0.1989	0.5902
CTNNA1	NUDCD2	3	0.0005	0.8597
KRT8	NUDCD2	3	0.526	0.1723
LMNA	NUDCD2	3	0.0754	0.698
MAPRE3	NUDCD2	3	0.0004	0.8609
LMNA	STAG1	3	0.0131	0.8017
ACTB	SCFD1	3	0.0097	0.8161
KRT8	SCFD1	3	0.002	0.8491
LMNA	SCFD1	3	0.0115	0.8082
ACTB	HNRNPLL	3	0.0709	0.7028
CTNNA1	HNRNPLL	3	0.0155	0.7917
KRT8	HNRNPLL	3	0.083	0.6904
LMNA	HNRNPLL	3	0.0575	0.7165
MAPRE3	HNRNPLL	3	0.0017	0.8509
KRT8	FAR1	3	0.2746	0.5174
LMNA	UBLCP1	3	0.0002	0.8634
LMNA	KBTBD7	3	0.6667	0.0712
CTNNA1	TSEN15	3	0.0144	0.796
ACTB	PCNP	3	0.0027	0.8456
KRT8	PCNP	3	0.0013	0.8533
LMNA	PCNP	3	0.3669	0.3143
MAPRE3	PCNP	3	0.0061	0.8305
ACTB	MAIP1	3	0.3487	0.3515
CTNNA1	MAIP1	3	0.0021	0.8485
KRT8	MAIP1	3	0.0253	0.7631
LMNA	MAIP1	3	0.0705	0.7032
MAPRE3	MAIP1	3	0.0018	0.8502
ACTB	LMO7	3	0.4161	0.2436
CTNNA1	LMO7	3	0.1512	0.6308
KRT8	LMO7	3	0.2983	0.4896
LMNA	LMO7	3	0.0233	0.7673
MAPRE3	LMO7	3	0.2458	0.5487
ACTB	CKAP2	3	0.0201	0.7753
CTNNA1	CKAP2	3	0.0022	0.8481
KRT8	CKAP2	3	0.1379	0.6424
LMNA	CKAP2	3	0.0076	0.8244
MAPRE3	CKAP2	3	1	0
ACTB	ATXN2L	3	0.2424	0.5518
CTNNA1	ATXN2L	3	0.0745	0.699
KRT8	ATXN2L	3	0.2086	0.5818
LMNA	ATXN2L	3	0.0475	0.7281
MAPRE3	ATXN2L	3	0.2137	0.5775
ACTB	ARAP3	3	0.3481	0.3529
KRT8	ARAP3	3	0.1442	0.6367
MAPRE3	ARAP3	3	0.0031	0.8437
LMNA	PHIP	3	0.0057	0.8322
ACTB	PRPF31	3	0.0011	0.8545
KRT8	PRPF31	3	0.0033	0.8429
LMNA	PRPF31	3	0.019	0.7787
MAPRE3	PRPF31	3	0.0002	0.8634
LMNA	NELFB	3	0.1191	0.6584
ACTB	PALLD	3	0.6024	0.1447
CTNNA1	PALLD	3	0.0368	0.7423
KRT8	PALLD	3	0.1269	0.6527
LMNA	PALLD	3	0.0313	0.7508
MAPRE3	PALLD	3	0.0398	0.7378
ACTB	SREK1	3	0.0257	0.7618
CTNNA1	SREK1	3	0.0045	0.8375
KRT8	SREK1	3	0.0579	0.7161
ACTB	GEMIN6	3	0.007	0.8268
KRT8	GEMIN6	3	0.0078	0.8237
ACTB	CASKIN2	3	0.0299	0.753
CTNNA1	CASKIN2	3	0.0372	0.7417
KRT8	CASKIN2	3	0.0086	0.8207
LMNA	CASKIN2	3	0.0387	0.7392
MAPRE3	CASKIN2	3	0.0145	0.7955
KRT8	ATRIP	3	0.0011	0.8545
LMNA	ATRIP	3	0.2463	0.5482
LMNA	PSPC1	3	0.0214	0.7713
ACTB	MADD	3	0.0269	0.7593
CTNNA1	MADD	3	0	0.8672
KRT8	MADD	3	0.0747	0.6987
MAPRE3	MADD	3	0.01	0.8148
ACTB	SYNE2	3	0.3595	0.3265
CTNNA1	SYNE2	3	0.043	0.7339
KRT8	SYNE2	3	0.0257	0.7618
LMNA	SYNE2	3	0.0658	0.7078
MAPRE3	SYNE2	3	0.0437	0.7328
ACTB	GATAD2B	3	0.0018	0.8502
KRT8	GATAD2B	3	0.0002	0.8634
LMNA	GATAD2B	3	0.0151	0.7933
MAPRE3	GATAD2B	3	0.0005	0.8597
ACTB	PIBF1	3	0.0127	0.8033
KRT8	PIBF1	3	0.991	0.0007
MAPRE3	PIBF1	3	0.0028	0.8451
ACTB	DNAJC9	3	0.0032	0.8433
KRT8	DNAJC9	3	0.0003	0.8621
LMNA	DNAJC9	3	0.0896	0.6838
ACTB	BBX	3	0.0005	0.8597
KRT8	BBX	3	0.0013	0.8533
LMNA	BBX	3	0.0281	0.7566
LMNA	THAP4	3	0.0754	0.698
KRT8	IFT81	3	1	0
ACTB	KAT6B	3	0.0319	0.7495
KRT8	KAT6B	3	0.1356	0.6444
LMNA	KAT6B	3	0.0165	0.7874
MAPRE3	KAT6B	3	0.0628	0.7112
LMNA	JDP2	3	0.1466	0.6348
ACTB	SSH1	3	0.0286	0.7557
ACTB	AHCTF1	3	0.1278	0.6517
CTNNA1	AHCTF1	3	0.0795	0.694
KRT8	AHCTF1	3	0.1536	0.6282
LMNA	AHCTF1	3	0.4079	0.2498
MAPRE3	AHCTF1	3	0.1165	0.6607
KRT8	ZCCHC14	3	0.2432	0.5515
ACTB	LZIC	3	0.2593	0.5343
KRT8	LZIC	3	0.2596	0.534
LMNA	LZIC	3	0.1067	0.6688
KRT8	IRGQ	3	0.0002	0.8634
LMNA	DDB2	3	0.0024	0.847
MAPRE3	DDB2	3	0.0002	0.8634
ACTB	DDX1	3	0.0002	0.8634
LMNA	DDX1	3	0.0262	0.7606
LMNA	H1-10	3	0.0162	0.7886
ACTB	GBF1	3	0.1332	0.6462
KRT8	GBF1	3	0.1764	0.6092
LMNA	GBF1	3	0.0233	0.7673
MAPRE3	GBF1	3	0.0265	0.76
ACTB	SMG7	3	0.0343	0.7464
KRT8	SMG7	3	0.2312	0.5611
MAPRE3	SMG7	3	0.0086	0.8207
ACTB	RTF1	3	0.142	0.6386
KRT8	RTF1	3	0.095	0.6797
LMNA	RTF1	3	0.2912	0.4982
MAPRE3	RTF1	3	0.1401	0.6402
ACTB	TMEM131	3	0.0089	0.8194
KRT8	TMEM131	3	0.0336	0.7475
MAPRE3	TMEM131	3	0.9659	0.0021
ACTB	TOPBP1	3	0.0059	0.8315
LMNA	TOPBP1	3	0.0345	0.7461
ACTB	IP6K1	3	0.0046	0.8372
KRT8	IP6K1	3	0.0084	0.8215
MAPRE3	IP6K1	3	0.0004	0.8609
KRT8	MRPS27	3	0.0063	0.8298
ACTB	AP3S1	3	0.0131	0.8017
CTNNA1	AP3S1	3	0.0012	0.8539
KRT8	AP3S1	3	0.0505	0.7244
LMNA	AP3S1	3	0.0054	0.8334
MAPRE3	AP3S1	3	0.0038	0.8404
ACTB	TSC1	3	0.024	0.766
KRT8	TSC1	3	0.0121	0.8057
MAPRE3	TSC1	3	0.0009	0.856
ACTB	PHF3	3	0.0004	0.8609
LMNA	PHF3	3	0.0129	0.8025
MAPRE3	PHF3	3	0.0011	0.8545
LMNA	MAML1	3	0.5401	0.1659
ACTB	NDRG1	3	0.0103	0.8135
KRT8	NDRG1	3	0.002	0.8491
MAPRE3	NDRG1	3	0	0.8672
ACTB	HSPH1	3	0.1883	0.5997
CTNNA1	HSPH1	3	0.0287	0.7554
KRT8	HSPH1	3	0.2175	0.5745
LMNA	HSPH1	3	0.0768	0.6964
MAPRE3	HSPH1	3	0.0277	0.7576
ACTB	CNOT9	3	0.3043	0.4819
KRT8	CNOT9	3	0.0555	0.7186
ACTB	DOCK2	3	0	0.8672
ACTB	TBC1D5	3	0.0145	0.7955
KRT8	TBC1D5	3	0.0165	0.7874
LMNA	TBC1D5	3	0.001	0.8552
MAPRE3	TBC1D5	3	0.0031	0.8437
LMNA	JADE3	3	0.3689	0.3116
ACTB	MYO18A	3	0.0912	0.6826
KRT8	MYO18A	3	0.0054	0.8334
ACTB	LARP4B	3	0.0021	0.8485
KRT8	LARP4B	3	0.0095	0.817
MAPRE3	LARP4B	3	0.0053	0.8338
ACTB	GCN1	3	0.286	0.5036
CTNNA1	GCN1	3	0.0891	0.6845
KRT8	GCN1	3	0.2862	0.5031
LMNA	GCN1	3	0.174	0.6111
MAPRE3	GCN1	3	0.2219	0.5703
ACTB	DHX38	3	0.1867	0.6009
CTNNA1	DHX38	3	0.0133	0.8007
KRT8	DHX38	3	0.1719	0.6137
LMNA	DHX38	3	0.3343	0.3817
MAPRE3	DHX38	3	0.1616	0.6218
ACTB	NUP205	3	0.0089	0.8194
KRT8	NUP205	3	0.7414	0.0355
LMNA	NUP205	3	0.069	0.7045
MAPRE3	NUP205	3	0.0018	0.8502
ACTB	ANKS1A	3	0.0058	0.8318
KRT8	ANKS1A	3	0.0036	0.8414
KRT8	KIAA0232	3	0.3333	0.3843
KRT8	PIGK	3	0.3364	0.3781
ACTB	MRPS31	3	0.2777	0.5133
KRT8	MRPS31	3	1	0
LMNA	MRPS31	3	0.395	0.2653
ACTB	AKAP1	3	0.0153	0.7926
CTNNA1	AKAP1	3	0.0002	0.8634
KRT8	AKAP1	3	0.0097	0.8161
LMNA	AKAP1	3	0.0005	0.8597
MAPRE3	AKAP1	3	0.0001	0.865
ACTB	ALG3	3	0.0252	0.7633
KRT8	ALG3	3	0.0919	0.6821
LMNA	ALG3	3	0.0367	0.7425
ACTB	ANP32B	3	0.0132	0.8011
CTNNA1	ANP32B	3	0.0148	0.7943
KRT8	ANP32B	3	0.0208	0.7732
LMNA	ANP32B	3	0.0254	0.7627
MAPRE3	ANP32B	3	0.0128	0.8029
ACTB	PRCC	3	0.0025	0.8466
LMNA	PRCC	3	0.1308	0.6489
ACTB	TFG	3	0.0035	0.8419
KRT8	TFG	3	0.0047	0.8366
ACTB	ARPC1A	3	0.0009	0.856
CTNNA1	ARPC1A	3	0.0149	0.794
KRT8	ARPC1A	3	0.0027	0.8456
LMNA	ARPC1A	3	0.0067	0.8281
LMNA	RREB1	3	0.0325	0.7487
ACTB	HDAC2	3	0.0661	0.7075
CTNNA1	HDAC2	3	0.0079	0.8232
KRT8	HDAC2	3	0.1022	0.6734
LMNA	HDAC2	3	0.2495	0.5453
MAPRE3	HDAC2	3	0.0115	0.8082
ACTB	STAM	3	0.1736	0.6118
CTNNA1	STAM	3	0.0194	0.7776
KRT8	STAM	3	0.2215	0.5707
LMNA	STAM	3	0.0197	0.7764
MAPRE3	STAM	3	0.0622	0.7119
ACTB	CREBBP	3	0.0272	0.7586
LMNA	CREBBP	3	0.0574	0.7167
ACTB	SYMPK	3	0.1967	0.5917
CTNNA1	SYMPK	3	0.0415	0.7358
KRT8	SYMPK	3	0.1487	0.6332
LMNA	SYMPK	3	0.2537	0.5398
MAPRE3	SYMPK	3	0.1625	0.6214
ACTB	TAF15	3	0.0002	0.8634
KRT8	TAF15	3	0.0026	0.846
LMNA	TAF15	3	0.3091	0.4785
ACTB	EVPL	3	0.0276	0.7578
CTNNA1	EVPL	3	0.0008	0.8571
KRT8	EVPL	3	0.366	0.3163
ACTB	CORO2A	3	1	0
ACTB	DDX17	3	0.0829	0.6905
CTNNA1	DDX17	3	0.0136	0.7993
KRT8	DDX17	3	0.0604	0.7135
LMNA	DDX17	3	0.1772	0.6084
MAPRE3	DDX17	3	0.0127	0.8033
ACTB	TANK	3	0.0115	0.8082
CTNNA1	TANK	3	0.0002	0.8634
KRT8	TANK	3	0.0315	0.7503
LMNA	TANK	3	0.0007	0.8579
MAPRE3	TANK	3	0.0039	0.84
ACTB	APBB2	3	0.0015	0.852
KRT8	APBB2	3	0.0014	0.8526
LMNA	APBB2	3	0.0001	0.865
MAPRE3	APBB2	3	0	0.8672
ACTB	RAD50	3	0.0202	0.7751
KRT8	RAD50	3	0.0575	0.7165
LMNA	RAD50	3	0.0077	0.824
MAPRE3	RAD50	3	0.0005	0.8597
ACTB	CELF1	3	0.0654	0.708
KRT8	CELF1	3	0.1533	0.6286
LMNA	CELF1	3	0.0573	0.7168
MAPRE3	CELF1	3	0.001	0.8552
ACTB	ARHGEF1	3	0.0124	0.8045
KRT8	ARHGEF1	3	0.6662	0.1226
LMNA	ERCC4	3	0.1922	0.596
ACTB	UPF1	3	0.2953	0.4928
CTNNA1	UPF1	3	0.2043	0.5853
KRT8	UPF1	3	0.3147	0.4721
LMNA	UPF1	3	0.0893	0.6843
MAPRE3	UPF1	3	0.2794	0.5112
ACTB	GPKOW	3	0.0724	0.7012
LMNA	GPKOW	3	0.2526	0.5412
MAPRE3	GPKOW	3	0.0483	0.727
ACTB	SMARCC1	3	0.1718	0.614
CTNNA1	SMARCC1	3	0.0159	0.7897
KRT8	SMARCC1	3	0.1593	0.6238
LMNA	SMARCC1	3	0.2421	0.5521
MAPRE3	SMARCC1	3	0.0296	0.7535
ACTB	KHSRP	3	0.0218	0.7706
CTNNA1	KHSRP	3	0.0112	0.8098
KRT8	KHSRP	3	0.0135	0.7997
LMNA	KHSRP	3	0.065	0.7086
MAPRE3	KHSRP	3	0.0075	0.8248
ACTB	TNPO1	3	0.2161	0.5756
CTNNA1	TNPO1	3	0.1199	0.6579
KRT8	TNPO1	3	0.5563	0.1566
LMNA	TNPO1	3	0.1119	0.6647
MAPRE3	TNPO1	3	0.1367	0.6435
ACTB	ARHGEF2	3	0.0112	0.8098
KRT8	ARHGEF2	3	0.3394	0.3721
LMNA	ARHGEF2	3	0.0342	0.7465
MAPRE3	ARHGEF2	3	0.3849	0.2791
ACTB	GLMN	3	0.1843	0.6027
KRT8	GLMN	3	1	0
LMNA	GLMN	3	0.0048	0.8361
LMNA	BRF1	3	0.3333	0.3843
ACTB	DVL3	3	0.0162	0.7886
CTNNA1	DVL3	3	0.0003	0.8621
KRT8	DVL3	3	0.0505	0.7244
LMNA	DVL3	3	0.0006	0.8588
MAPRE3	DVL3	3	0.0049	0.8357
ACTB	USP9X	3	0.0115	0.8082
KRT8	USP9X	3	0.0542	0.7201
LMNA	USP9X	3	0.0021	0.8485
MAPRE3	USP9X	3	0.0016	0.8515
ACTB	USP7	3	0.2023	0.5873
CTNNA1	USP7	3	0.0274	0.7581
KRT8	USP7	3	0.1986	0.5906
LMNA	USP7	3	0.3481	0.3529
MAPRE3	USP7	3	0.1389	0.6415
ACTB	NAA80	3	0.1875	0.6001
KRT8	NAA80	3	0.0323	0.749
MAPRE3	NAA80	3	0.0006	0.8588
ACTB	LPP	3	0.3127	0.474
CTNNA1	LPP	3	0.1727	0.6126
KRT8	LPP	3	0.2693	0.5231
LMNA	LPP	3	0.0049	0.8357
MAPRE3	LPP	3	0.1545	0.6272
ACTB	SECISBP2L	3	0.0219	0.7704
ACTB	MED12	3	0.0001	0.865
KRT8	MED12	3	0.0017	0.8509
LMNA	MED12	3	0.0128	0.8029
MAPRE3	MED12	3	0.0026	0.846
ACTB	PHKB	3	0.0073	0.8256
KRT8	PHKB	3	0.0137	0.7987
LMNA	PHKB	3	0.4078	0.2502
KRT8	HPS3	3	0.3333	0.3843
ACTB	SMARCE1	3	0.0007	0.8579
LMNA	ZKSCAN4	3	0.1408	0.6397
LMNA	RNF34	3	0.6667	0.0712
ACTB	YIPF5	3	0.0025	0.8466
KRT8	YIPF5	3	0.027	0.759
LMNA	YIPF5	3	0.814	0.0213
MAPRE3	YIPF5	3	0.0022	0.8481
LMNA	L3MBTL2	3	0.5003	0.1846
MAPRE3	L3MBTL2	3	0.0085	0.8211
ACTB	ZNF622	3	0.0043	0.8384
KRT8	ZNF622	3	0.0106	0.8123
LMNA	ZNF622	3	0.0331	0.748
MAPRE3	ZNF622	3	0.0001	0.865
ACTB	GFM2	3	0.0015	0.852
KRT8	GFM2	3	0.0314	0.7506
ACTB	NCLN	3	0.0255	0.7624
KRT8	NCLN	3	0.0191	0.7785
LMNA	NCLN	3	0.0038	0.8404
ACTB	MRTFA	3	0.9998	0
CTNNA1	MRTFA	3	0.0006	0.8588
KRT8	MRTFA	3	0.0146	0.795
KRT8	TBRG4	3	0.6667	0.0712
CTNNA1	H2BC1	3	0.3333	0.3843
ACTB	CCDC102A	3	0.0147	0.7947
CTNNA1	CCDC102A	3	0.0017	0.8509
KRT8	CCDC102A	3	0.0328	0.7484
LMNA	CCDC102A	3	0.0006	0.8588
MAPRE3	CCDC102A	3	0.0085	0.8211
KRT8	CCDC47	3	0.0006	0.8588
LMNA	CCDC47	3	0.3163	0.4698
ACTB	SYAP1	3	0.3148	0.4719
CTNNA1	SYAP1	3	0.1797	0.6064
KRT8	SYAP1	3	0.3173	0.4679
LMNA	SYAP1	3	0.0566	0.7177
MAPRE3	SYAP1	3	0.2496	0.545
ACTB	EXOC4	3	0.0164	0.7877
CTNNA1	EXOC4	3	0.0006	0.8588
KRT8	EXOC4	3	0.0411	0.7363
LMNA	EXOC4	3	0.0039	0.84
MAPRE3	EXOC4	3	0.0068	0.8277
ACTB	MAGOHB	3	0.0105	0.8127
CTNNA1	MAGOHB	3	0.0002	0.8634
KRT8	MAGOHB	3	0.0108	0.8115
LMNA	MAGOHB	3	0.5492	0.1605
MAPRE3	MAGOHB	3	0.0014	0.8526
ACTB	KIAA1191	3	0.0132	0.8011
KRT8	KIAA1191	3	0.0194	0.7776
CTNNA1	ISOC2	3	0.0165	0.7874
LMNA	ISOC2	3	0.0147	0.7947
ACTB	FERMT2	3	0.3253	0.4609
CTNNA1	FERMT2	3	0.226	0.5661
KRT8	FERMT2	3	0.3559	0.334
LMNA	FERMT2	3	0.2621	0.5319
MAPRE3	FERMT2	3	0.2011	0.5882
ACTB	FUBP1	3	0.0013	0.8533
KRT8	FUBP1	3	0.0005	0.8597
LMNA	FUBP1	3	0.0098	0.8157
MAPRE3	FUBP1	3	0	0.8672
MAPRE3	TTC17	3	0.3333	0.3843
ACTB	LRRC59	3	0.1623	0.6215
CTNNA1	LRRC59	3	0.0256	0.7621
LMNA	LRRC59	3	0.5289	0.1713
MAPRE3	LRRC59	3	0.0141	0.7971
CTNNA1	PBXIP1	3	0.0026	0.846
LMNA	KIAA1143	3	0.6667	0.0712
ACTB	EME1	3	0.0004	0.8609
LMNA	EME1	3	0.1439	0.6369
ACTB	TTC28	3	0.0095	0.817
KRT8	TTC28	3	0.0181	0.7814
MAPRE3	TTC28	3	0.0003	0.8621
LMNA	RAD51AP1	3	0.2673	0.5252
ACTB	EXOSC8	3	0.0037	0.8409
LMNA	EXOSC8	3	0.0506	0.7242
ACTB	TMEM159	3	0.0088	0.8198
KRT8	TMEM159	3	0.0035	0.8419
LMNA	TMEM159	3	0.0005	0.8597
MAPRE3	TMEM159	3	0	0.8672
ACTB	SH3KBP1	3	0.0533	0.7211
KRT8	SH3KBP1	3	0.0087	0.8203
MAPRE3	SH3KBP1	3	0.0006	0.8588
ACTB	PHF21A	3	0.0008	0.8571
KRT8	PHF21A	3	0	0.8672
LMNA	PHF21A	3	0.0124	0.8045
MAPRE3	PHF21A	3	0.0005	0.8597
ACTB	SKA1	3	0.0184	0.7806
CTNNA1	SKA1	3	0.3333	0.3843
KRT8	SKA1	3	0.0113	0.8094
LMNA	SKA1	3	0.0015	0.852
MAPRE3	SKA1	3	0.0501	0.725
ACTB	RNF25	3	0.4024	0.255
KRT8	RNF25	3	0.0211	0.7724
LMNA	RNF25	3	0.0043	0.8384
MAPRE3	RNF25	3	0.0045	0.8375
ACTB	PINX1	3	0.0003	0.8621
LMNA	PINX1	3	0.1343	0.6453
CTNNA1	OTULIN	3	0.0203	0.7747
KRT8	OTULIN	3	0.0184	0.7806
MAPRE3	OTULIN	3	0.0003	0.8621
LMNA	PPWD1	3	0.5835	0.1484
LMNA	S100PBP	3	0.0051	0.8347
ACTB	TAMM41	3	0.0102	0.814
KRT8	TAMM41	3	0.0053	0.8338
ACTB	DOCK10	3	0.0144	0.796
CTNNA1	DOCK10	3	0.0003	0.8621
KRT8	DOCK10	3	0.0172	0.7846
LMNA	DOCK10	3	0.0002	0.8634
MAPRE3	DOCK10	3	0.002	0.8491
ACTB	ATG2B	3	0.0226	0.769
KRT8	ATG2B	3	0.2583	0.535
LMNA	ATG2B	3	0.0007	0.8579
MAPRE3	ATG2B	3	0.002	0.8491
ACTB	EFHD2	3	0.4444	0.2161
CTNNA1	EFHD2	3	0.0017	0.8509
KRT8	EFHD2	3	0.0272	0.7586
LMNA	EFHD2	3	0.0019	0.8497
MAPRE3	EFHD2	3	0.0073	0.8256
ACTB	SYTL4	3	0.3972	0.2615
CTNNA1	SYTL4	3	0.3916	0.2702
KRT8	SYTL4	3	0.3998	0.258
LMNA	SYTL4	3	0.2535	0.54
MAPRE3	SYTL4	3	0.3621	0.3226
ACTB	ENTR1	3	0.0107	0.8119
KRT8	ENTR1	3	0.0076	0.8244
LMNA	INTS12	3	0.0056	0.8326
ACTB	HAUS1	3	0.0079	0.8232
KRT8	HAUS1	3	0.8457	0.0137
ACTB	FAF2	3	0.0211	0.7724
KRT8	FAF2	3	0.1983	0.5907
LMNA	FAF2	3	0.3456	0.3578
ACTB	CCDC124	3	0.0061	0.8305
KRT8	CCDC124	3	0.0001	0.865
MAPRE3	CCDC124	3	0.0001	0.865
ACTB	OPTN	3	0.0159	0.7897
KRT8	OPTN	3	0.0246	0.7648
ACTB	TUBGCP3	3	0.0974	0.6776
CTNNA1	TUBGCP3	3	0.0192	0.7782
KRT8	TUBGCP3	3	0.2406	0.5531
LMNA	TUBGCP3	3	0.0309	0.7516
MAPRE3	TUBGCP3	3	0.0762	0.6972
ACTB	KCTD12	3	0.0017	0.8509
KRT8	KCTD12	3	0.0061	0.8305
ACTB	REPS1	3	0.0024	0.847
KRT8	REPS1	3	0.003	0.8442
ACTB	ZG16B	3	0.3333	0.3843
ACTB	ANAPC16	3	0.0114	0.8088
CTNNA1	ANAPC16	3	0.0005	0.8597
KRT8	ANAPC16	3	0.0166	0.787
LMNA	ANAPC16	3	0.0054	0.8334
MAPRE3	ANAPC16	3	0.0087	0.8203
ACTB	ESS2	3	0.0012	0.8539
KRT8	ESS2	3	0.0038	0.8404
LMNA	ESS2	3	0.4043	0.2537
ACTB	CMBL	3	0.0131	0.8017
CTNNA1	CMBL	3	0.0774	0.6959
KRT8	CMBL	3	0.0027	0.8456
LMNA	CMBL	3	0.0345	0.7461
MAPRE3	CMBL	3	0.0302	0.7526
ACTB	SNRNP40	3	0.0404	0.7369
KRT8	TBC1D31	3	0.3333	0.3843
ACTB	ZBTB10	3	0.1222	0.6563
CTNNA1	ZBTB10	3	0.0889	0.6849
KRT8	ZBTB10	3	0.0061	0.8305
LMNA	ZBTB10	3	0.1087	0.6672
MAPRE3	ZBTB10	3	0.0669	0.7067
LMNA	MTBP	3	0.3333	0.3843
KRT8	MRRF	3	0.3333	0.3843
ACTB	SPDL1	3	0.1892	0.599
CTNNA1	SPDL1	3	0.0685	0.7051
KRT8	SPDL1	3	0.2339	0.5589
LMNA	SPDL1	3	0.2966	0.4917
MAPRE3	SPDL1	3	0.1644	0.6197
ACTB	ELP4	3	0.0192	0.7782
KRT8	ELP4	3	0.0259	0.7613
LMNA	ELP4	3	0.0006	0.8588
MAPRE3	ELP4	3	0.0025	0.8466
LMNA	SIRT1	3	0.6438	0.1351
ACTB	HOOK2	3	0.0038	0.8404
KRT8	HOOK2	3	0.0094	0.8174
ACTB	SEH1L	3	0.0137	0.7987
CTNNA1	SEH1L	3	0.0001	0.865
KRT8	SEH1L	3	0.0089	0.8194
LMNA	SEH1L	3	0.0205	0.774
ACTB	TCEAL4	3	0.0269	0.7593
CTNNA1	TCEAL4	3	0.0163	0.7882
LMNA	TCEAL4	3	0.2737	0.5185
ACTB	THAP11	3	0.0244	0.7652
CTNNA1	THAP11	3	0.0099	0.8153
KRT8	THAP11	3	0.0166	0.787
LMNA	THAP11	3	0.0254	0.7627
MAPRE3	THAP11	3	0.006	0.831
KRT8	KIFBP	3	0.6667	0.0712
ACTB	FAM120B	3	0.032	0.7495
KRT8	FAM120B	3	0.1185	0.6593
KRT8	MOCOS	3	0.0004	0.8609
ACTB	DAZAP1	3	0.0842	0.6891
CTNNA1	DAZAP1	3	0.026	0.7612
LMNA	DAZAP1	3	0.091	0.683
LMNA	RRP36	3	0.1744	0.6106
ACTB	RBM33	3	0.2639	0.5297
KRT8	RBM33	3	0.1933	0.5948
LMNA	RBM33	3	0.0095	0.817
MAPRE3	RBM33	3	0.0211	0.7724
ACTB	DYNC2I2	3	0.3333	0.3843
MAPRE3	DYNC2I2	3	0.3333	0.3843
KRT8	TMA16	3	1	0
ACTB	MVB12A	3	0.0319	0.7495
KRT8	MVB12A	3	0.0092	0.8184
LMNA	MVB12A	3	0.0001	0.865
MAPRE3	MVB12A	3	0.0006	0.8588
KRT8	PTCD3	3	1	0
ACTB	NRBF2	3	0.3333	0.3843
LMNA	ZNF503	3	0.4203	0.2391
LMNA	CCDC97	3	0.0087	0.8203
ACTB	EDC3	3	0.3868	0.2759
CTNNA1	EDC3	3	0.1916	0.5967
KRT8	EDC3	3	0.4152	0.2449
LMNA	EDC3	3	0.2474	0.5472
MAPRE3	EDC3	3	0.3322	0.4512
KRT8	DDX11	3	0.0021	0.8485
LMNA	DDX11	3	0.9823	0.0012
LMNA	CDCA5	3	0.7806	0.0271
MAPRE3	CDCA5	3	0.0023	0.8475
ACTB	STAMBPL1	3	0.0108	0.8115
CTNNA1	STAMBPL1	3	0.0001	0.865
KRT8	STAMBPL1	3	0.0348	0.7455
LMNA	STAMBPL1	3	0.0079	0.8232
MAPRE3	STAMBPL1	3	0.0008	0.8571
ACTB	SIPA1	3	0.8663	0.0129
KRT8	SIPA1	3	0.0128	0.8029
ACTB	OTUB1	3	0.0259	0.7613
CTNNA1	OTUB1	3	0.0082	0.8221
KRT8	OTUB1	3	0.0115	0.8082
LMNA	OTUB1	3	0.006	0.831
MAPRE3	OTUB1	3	0.0003	0.8621
ACTB	HMCES	3	0.0033	0.8429
LMNA	HMCES	3	0.5293	0.1703
MAPRE3	HMCES	3	0.0019	0.8497
ACTB	BICD1	3	0.0132	0.8011
CTNNA1	BICD1	3	0.0006	0.8588
KRT8	BICD1	3	0.0341	0.7467
MAPRE3	BICD1	3	0.0027	0.8456
ACTB	CERS2	3	0.0135	0.7997
LMNA	CERS2	3	0.7355	0.0399
LMNA	OTUD5	3	0.9014	0.0083
ACTB	LTV1	3	0.005	0.8352
KRT8	LTV1	3	0.054	0.7203
KRT8	MRPL48	3	0.3333	0.3843
LMNA	VMP1	3	0.0397	0.738
KRT8	AURKB	3	0.3643	0.319
LMNA	AURKB	3	0.3585	0.3278
MAPRE3	AURKB	3	0.2719	0.5199
ACTB	CEP95	3	0.0069	0.8272
KRT8	CEP95	3	0.2962	0.492
KRT8	TRMT2B	3	0.3333	0.3843
ACTB	TOE1	3	0.0057	0.8322
KRT8	TOE1	3	0.0044	0.8379
LMNA	TOE1	3	0.0344	0.7463
ACTB	CDCA7L	3	0.0103	0.8135
ACTB	DDX27	3	0.0048	0.8361
KRT8	DDX27	3	0.0038	0.8404
LMNA	DDX27	3	0.0001	0.865
MAPRE3	DDX27	3	0.0043	0.8384
KRT8	BORCS6	3	0.0981	0.6769
LMNA	MASTL	3	0.1823	0.6043
MAPRE3	MASTL	3	0.0005	0.8597
MAPRE3	ZC2HC1A	3	0.6667	0.0712
ACTB	SNF8	3	0.0099	0.8153
CTNNA1	SNF8	3	0.0005	0.8597
KRT8	SNF8	3	0.0168	0.7862
LMNA	SNF8	3	0.0051	0.8347
MAPRE3	SNF8	3	0.0003	0.8621
LMNA	RBM18	3	0.3333	0.3843
ACTB	MYO19	3	0.0272	0.7586
KRT8	MYO19	3	0.0119	0.8066
MAPRE3	MYO19	3	0.0002	0.8634
LMNA	POM121	3	0.9999	0
LMNA	TONSL	3	0.4291	0.2304
ACTB	PDLIM5	3	0.362	0.3233
CTNNA1	PDLIM5	3	0.1103	0.6661
KRT8	PDLIM5	3	0.2751	0.5166
LMNA	PDLIM5	3	0.0867	0.6868
MAPRE3	PDLIM5	3	0.1846	0.6023
ACTB	ERO1A	3	0.0168	0.7862
CTNNA1	ERO1A	3	0.1507	0.6311
KRT8	ERO1A	3	0.0084	0.8215
ACTB	PRR11	3	0.7064	0.0502
CTNNA1	PRR11	3	0.0004	0.8609
LMNA	PRR11	3	0.0011	0.8545
MAPRE3	PRR11	3	0.011	0.8109
ACTB	CCDC34	3	0.0009	0.856
KRT8	CCDC34	3	0.0167	0.7866
LMNA	CCDC34	3	0.0041	0.8393
MAPRE3	CCDC34	3	0.004	0.8397
ACTB	FMC1	3	0.0045	0.8375
KRT8	FMC1	3	0.0004	0.8609
ACTB	DOCK6	3	0.0068	0.8277
KRT8	DOCK6	3	0.2373	0.556
MAPRE3	DOCK6	3	0.0004	0.8609
KRT8	NAF1	3	0.0019	0.8497
LMNA	NAF1	3	0.0025	0.8466
ACTB	PGAM5	3	0.1277	0.6518
CTNNA1	PGAM5	3	0.0019	0.8497
KRT8	PGAM5	3	0.1385	0.6419
LMNA	PGAM5	3	0.2834	0.5063
MAPRE3	PGAM5	3	0.0793	0.6943
ACTB	SGSM3	3	0.0294	0.7539
KRT8	SGSM3	3	0.0212	0.7721
LMNA	SGSM3	3	0.004	0.8397
MAPRE3	SGSM3	3	0.0004	0.8609
ACTB	INTS4	3	0.009	0.819
KRT8	INTS4	3	0.061	0.713
LMNA	INTS4	3	0.2919	0.4972
LMNA	DDRGK1	3	0.334	0.3824
ACTB	FUBP3	3	0.2182	0.5735
CTNNA1	FUBP3	3	0.0179	0.7823
KRT8	FUBP3	3	0.2759	0.5156
LMNA	FUBP3	3	0.1965	0.592
MAPRE3	FUBP3	3	0.0858	0.6875
ACTB	RBM17	3	0.0009	0.856
KRT8	RBM17	3	0.0001	0.865
LMNA	RBM17	3	0.0143	0.7965
MAPRE3	RBM17	3	0.0009	0.856
ACTB	SUCLG2	3	0.0037	0.8409
CTNNA1	SUCLG2	3	0.0199	0.7758
KRT8	SUCLG2	3	0.0063	0.8298
LMNA	SUCLG2	3	0.058	0.716
MAPRE3	SUCLG2	3	0.0029	0.8445
ACTB	LRCH3	3	0.1677	0.617
CTNNA1	LRCH3	3	0.0003	0.8621
KRT8	LRCH3	3	0.2088	0.5814
MAPRE3	LRCH3	3	0.1044	0.6715
LMNA	GMCL1	3	1	0
ACTB	ATP5MK	3	0.2104	0.5803
CTNNA1	ATP5MK	3	0.0659	0.7076
KRT8	ATP5MK	3	0.2657	0.5272
LMNA	ATP5MK	3	0.2873	0.5022
MAPRE3	ATP5MK	3	0.1683	0.6167
ACTB	PAWR	3	0.4641	0.202
KRT8	PAWR	3	0.0513	0.723
ACTB	RBM41	3	0.0006	0.8588
KRT8	RBM41	3	0.0021	0.8485
LMNA	RBM41	3	0.197	0.5916
ACTB	THOC3	3	0.0368	0.7423
CTNNA1	THOC3	3	0.0141	0.7971
KRT8	THOC3	3	0.0843	0.6889
LMNA	THOC3	3	0.0188	0.7795
MAPRE3	THOC3	3	0.0037	0.8409
ACTB	ITCH	3	0.2764	0.5147
CTNNA1	ITCH	3	0.0049	0.8357
KRT8	ITCH	3	0.0313	0.7508
ACTB	KIRREL1	3	0.0227	0.7688
CTNNA1	KIRREL1	3	0.0392	0.7385
LMNA	KIRREL1	3	0.0719	0.7017
KRT8	COG3	3	0.6667	0.0712
ACTB	VPS39	3	0	0.8672
KRT8	VPS39	3	0	0.8672
LMNA	VPS39	3	0	0.8672
KRT8	VPS50	3	0.0251	0.7636
ACTB	VCPIP1	3	0.0156	0.7913
KRT8	VCPIP1	3	0.0091	0.8188
MAPRE3	VCPIP1	3	0	0.8672
ACTB	SPG11	3	0.0093	0.8179
KRT8	SPG11	3	0.0169	0.7858
MAPRE3	SPG11	3	0	0.8672
ACTB	CHAMP1	3	0.1532	0.6287
CTNNA1	CHAMP1	3	0.0217	0.7708
KRT8	CHAMP1	3	0.0917	0.6823
LMNA	CHAMP1	3	0.2643	0.5292
MAPRE3	CHAMP1	3	0.1321	0.6474
LMNA	L3MBTL3	3	0.0052	0.8344
ACTB	ZFP91	3	0.0022	0.8481
KRT8	ZFP91	3	0.0002	0.8634
LMNA	ZFP91	3	0.03	0.7528
MAPRE3	ZFP91	3	0.0019	0.8497
ACTB	CLMN	3	0.0082	0.8221
CTNNA1	CLMN	3	0.0014	0.8526
KRT8	CLMN	3	0.3326	0.4502
ACTB	USP47	3	0.0137	0.7987
CTNNA1	USP47	3	0.0002	0.8634
KRT8	USP47	3	0.0151	0.7933
LMNA	USP47	3	0.0003	0.8621
MAPRE3	USP47	3	0.0013	0.8533
ACTB	CLPTM1L	3	0.0264	0.7601
KRT8	CLPTM1L	3	0.115	0.6625
LMNA	CLPTM1L	3	0.0144	0.796
MAPRE3	CLPTM1L	3	0.002	0.8491
ACTB	PBK	3	0.0411	0.7363
LMNA	DNAJC1	3	1	0
ACTB	SCYL1	3	0.0045	0.8375
KRT8	SCYL1	3	0.007	0.8268
LMNA	SCYL1	3	0.0014	0.8526
MAPRE3	SCYL1	3	0	0.8672
KRT8	ZNF512B	3	0.3332	0.4487
LMNA	ZNF512B	3	0.5089	0.1797
MAPRE3	ZNF512B	3	0.8156	0.0208
ACTB	EXOC2	3	0.0047	0.8366
KRT8	EXOC2	3	0.0011	0.8545
MAPRE3	EXOC2	3	0.0001	0.865
ACTB	CNDP2	3	0.0259	0.7613
KRT8	CNDP2	3	0.0857	0.6876
LMNA	CNDP2	3	0.0028	0.8451
LMNA	EHMT2	3	0.0021	0.8485
ACTB	ZFR	3	0.0115	0.8082
KRT8	ZFR	3	0.007	0.8268
LMNA	ZFR	3	0.0008	0.8571
KRT8	WDR90	3	0.6667	0.0712
ACTB	NSD1	3	0.0004	0.8609
LMNA	NSD1	3	0.0133	0.8007
ACTB	EP400	3	0.006	0.831
KRT8	EP400	3	0	0.8672
LMNA	EP400	3	0.0064	0.8295
ACTB	KIF16B	3	0.0458	0.7303
CTNNA1	KIF16B	3	0.0008	0.8571
KRT8	KIF16B	3	0.0351	0.745
LMNA	KIF16B	3	0.0016	0.8515
MAPRE3	KIF16B	3	0.0099	0.8153
ACTB	C9orf72	3	0.0002	0.8634
ACTB	PRRC1	3	0.0112	0.8098
CTNNA1	PRRC1	3	0	0.8672
KRT8	PRRC1	3	0.0135	0.7997
LMNA	PRRC1	3	0.0005	0.8597
MAPRE3	PRRC1	3	0.0016	0.8515
ACTB	CCDC138	3	0.0315	0.7503
KRT8	CCDC138	3	0.2889	0.5005
MAPRE3	CCDC138	3	0.0077	0.824
ACTB	FGD4	3	0.9951	0.0003
KRT8	FGD4	3	0.012	0.8063
LMNA	ZNF512	3	0.3333	0.3843
KRT8	C5orf34	3	0.3333	0.3843
ACTB	CCDC43	3	0.0688	0.7049
KRT8	CCDC43	3	0.0177	0.7828
MAPRE3	CCDC43	3	0.0279	0.7571
LMNA	TTC14	3	0.0517	0.7224
ACTB	MBOAT7	3	0.2116	0.5791
KRT8	MBOAT7	3	0.2334	0.5595
LMNA	MBOAT7	3	0.6579	0.1276
MAPRE3	MBOAT7	3	0.0371	0.7418
ACTB	DOCK7	3	0.3742	0.2993
CTNNA1	DOCK7	3	0.2407	0.5529
KRT8	DOCK7	3	0.3926	0.2698
LMNA	DOCK7	3	0.1404	0.6401
MAPRE3	DOCK7	3	0.3337	0.3832
LMNA	ZNF830	3	0.1222	0.6563
ACTB	ZMAT2	3	0.0027	0.8456
KRT8	ZMAT2	3	0.0003	0.8621
LMNA	ZMAT2	3	0.2102	0.5805
ACTB	FRMD6	3	0.0032	0.8433
CTNNA1	FRMD6	3	0.0047	0.8366
KRT8	FRMD6	3	0.0544	0.7199
ACTB	SCLT1	3	0.0456	0.7305
KRT8	SCLT1	3	0.8708	0.0121
LMNA	TOX2	3	0.3333	0.3843
KRT8	CCDC115	3	0.3333	0.3843
LMNA	CCDC115	3	0.3333	0.3843
KRT8	SAMD11	3	0.3333	0.3843
ACTB	LRRC7	3	0.0004	0.8609
CTNNA1	LRRC7	3	0.0043	0.8384
MAPRE3	LRRC7	3	0.0001	0.865
ACTB	MUS81	3	0.024	0.766
KRT8	MUS81	3	0.0042	0.8388
LMNA	MUS81	3	0.0126	0.8036
MAPRE3	MUS81	3	0	0.8672
LMNA	NSUN5	3	0.3333	0.3843
ACTB	ARAP1	3	0.0161	0.789
KRT8	ARAP1	3	0.0174	0.784
LMNA	ARAP1	3	0.0009	0.856
MAPRE3	ARAP1	3	0.0008	0.8571
ACTB	SERPINB12	3	0.0937	0.6807
LMNA	SERPINB12	3	0.0156	0.7913
ACTB	IPO9	3	0.3123	0.4748
CTNNA1	IPO9	3	0.2673	0.5252
KRT8	IPO9	3	0.4315	0.2257
LMNA	IPO9	3	0.1611	0.6224
MAPRE3	IPO9	3	0.2082	0.5822
ACTB	ARHGEF17	3	0.0693	0.7042
KRT8	ARHGEF17	3	0.0219	0.7704
MAPRE3	ARHGEF17	3	0.004	0.8397
ACTB	RBM14	3	0.2514	0.5425
KRT8	RBM14	3	0.3763	0.2937
LMNA	RBM14	3	0.3709	0.3085
MAPRE3	RBM14	3	0.1689	0.6164
ACTB	TRERF1	3	0.0031	0.8437
LMNA	TRERF1	3	0.1215	0.657
KRT8	KLHL5	3	0.0555	0.7186
ACTB	NEDD4L	3	0.6667	0.0712
KRT8	NEDD4L	3	0.3333	0.3843
LMNA	NEDD4L	3	0.6667	0.0712
ACTB	QKI	3	0.0028	0.8451
KRT8	QKI	3	0.0071	0.8264
LMNA	QKI	3	0.0273	0.7584
LMNA	LENG8	3	0.2059	0.584
ACTB	FMNL2	3	0.9998	0
CTNNA1	FMNL2	3	0.0154	0.7921
ACTB	NEK1	3	0.0139	0.7977
CTNNA1	NEK1	3	0.0006	0.8588
KRT8	NEK1	3	0.0227	0.7688
MAPRE3	NEK1	3	0.0205	0.774
ACTB	PUS7	3	0.1187	0.659
CTNNA1	PUS7	3	0.0494	0.7258
KRT8	PUS7	3	0.2128	0.578
LMNA	PUS7	3	0.1639	0.6201
MAPRE3	PUS7	3	0.1061	0.6696
ACTB	TRAPPC9	3	0.0025	0.8466
KRT8	TRAPPC9	3	0.0035	0.8419
ACTB	SMG1	3	0.0002	0.8634
KRT8	SMG1	3	0.0001	0.865
ACTB	PPP1R10	3	0.0001	0.865
KRT8	PPP1R10	3	0.0001	0.865
LMNA	PPP1R10	3	0.01	0.8148
MAPRE3	PPP1R10	3	0.0005	0.8597
ACTB	DEPDC7	3	0.0095	0.817
CTNNA1	DEPDC7	3	0.0093	0.8179
KRT8	DEPDC7	3	0.0064	0.8295
LMNA	DEPDC7	3	0.0073	0.8256
MAPRE3	DEPDC7	3	0.0026	0.846
ACTB	SLC38A2	3	0.0035	0.8419
CTNNA1	SLC38A2	3	0.001	0.8552
LMNA	SLC38A2	3	0.2339	0.5589
LMNA	ATAD5	3	0.0097	0.8161
CTNNA1	PURB	3	0.0051	0.8347
KRT8	PURB	3	0.0401	0.7374
LMNA	PURB	3	0.0943	0.6803
ACTB	TRPM7	3	0.231	0.5613
KRT8	TRPM7	3	0.1597	0.6235
LMNA	TRPM7	3	0.0045	0.8375
KRT8	XPO6	3	0.4069	0.2515
LMNA	XPO6	3	0.5061	0.1807
MAPRE3	XPO6	3	0.0329	0.7482
ACTB	SPAG5	3	0.2548	0.5386
CTNNA1	SPAG5	3	0.1394	0.6409
KRT8	SPAG5	3	0.3168	0.4689
LMNA	SPAG5	3	0.1091	0.6669
MAPRE3	SPAG5	3	0.372	0.3043
ACTB	NACC1	3	0.0006	0.8588
LMNA	NACC1	3	0.3098	0.4779
ACTB	PASK	3	0.2238	0.5682
KRT8	PASK	3	0.2835	0.5061
LMNA	CIC	3	0.1424	0.6384
LMNA	UIMC1	3	0.3789	0.2877
ACTB	VPS13A	3	0.0014	0.8526
KRT8	VPS13A	3	0.0291	0.7547
ACTB	MED15	3	0.0061	0.8305
CTNNA1	MED15	3	0	0.8672
KRT8	MED15	3	0.0103	0.8135
LMNA	MED15	3	0.0172	0.7846
MAPRE3	MED15	3	0.0021	0.8485
ACTB	GFM1	3	0.0281	0.7566
KRT8	GFM1	3	0.2455	0.5491
LMNA	GFM1	3	0.0526	0.7216
ACTB	MCCC1	3	0.0066	0.8285
CTNNA1	MCCC1	3	0.0136	0.7993
KRT8	MCCC1	3	0.0094	0.8174
LMNA	MCCC1	3	0.0131	0.8017
MAPRE3	MCCC1	3	0.005	0.8352
ACTB	TGS1	3	0.005	0.8352
KRT8	TGS1	3	0.0191	0.7785
LMNA	TGS1	3	0.0064	0.8295
MAPRE3	TGS1	3	0	0.8672
LMNA	NUDCD1	3	0.0034	0.8424
ACTB	ERBIN	3	0.2832	0.5065
CTNNA1	ERBIN	3	0.3305	0.4537
KRT8	ERBIN	3	0.2817	0.5081
LMNA	ERBIN	3	0.0621	0.712
MAPRE3	ERBIN	3	0.2199	0.5722
LMNA	USP28	3	0.0165	0.7874
ACTB	FNBP1	3	0.0136	0.7993
KRT8	FNBP1	3	0.0011	0.8545
ACTB	IFT140	3	0.2645	0.529
KRT8	IFT140	3	0.1894	0.5987
LMNA	IFT140	3	0.0631	0.7107
ACTB	WDR24	3	0.1401	0.6402
KRT8	WDR24	3	0.0432	0.7335
ACTB	WRNIP1	3	0.0037	0.8409
KRT8	WRNIP1	3	0.0016	0.8515
LMNA	WRNIP1	3	0.7955	0.0244
ACTB	RANBP9	3	0	0.8672
KRT8	RANBP9	3	0.002	0.8491
ACTB	CLCC1	3	0.1199	0.6579
CTNNA1	CLCC1	3	0.0037	0.8409
KRT8	CLCC1	3	0.1015	0.674
KRT8	MYADM	3	0.3333	0.3843
ACTB	PPP1R9B	3	0.9881	0.001
KRT8	PPP1R9B	3	0.0022	0.8481
ACTB	SRPK1	3	0.1424	0.6384
CTNNA1	SRPK1	3	0.0213	0.7717
KRT8	SRPK1	3	0.1163	0.661
LMNA	SRPK1	3	0.021	0.7727
MAPRE3	SRPK1	3	0.0095	0.817
LMNA	STRBP	3	0.0001	0.865
MAPRE3	STRBP	3	0	0.8672
ACTB	TMEM209	3	0.0063	0.8298
KRT8	TMEM209	3	0.0236	0.7667
LMNA	TMEM209	3	0.9997	0
ACTB	CDK5RAP2	3	0.0122	0.8053
CTNNA1	CDK5RAP2	3	0.0013	0.8533
KRT8	CDK5RAP2	3	0.031	0.7514
MAPRE3	CDK5RAP2	3	0.1075	0.6679
LMNA	IWS1	3	0.4786	0.1935
MAPRE3	IWS1	3	0.0124	0.8045
ACTB	SIN3A	3	0.0001	0.865
KRT8	SIN3A	3	0.0002	0.8634
LMNA	SIN3A	3	0.0106	0.8123
CTNNA1	CEP89	3	0.0016	0.8515
KRT8	CEP89	3	0.0141	0.7971
ACTB	OSBPL9	3	0.0228	0.7685
CTNNA1	OSBPL9	3	0.0005	0.8597
KRT8	OSBPL9	3	0.0991	0.6759
LMNA	OSBPL9	3	0.0011	0.8545
MAPRE3	OSBPL9	3	0.0024	0.847
ACTB	INTS14	3	0.0006	0.8588
LMNA	INTS14	3	0.3517	0.3446
ACTB	CDK5RAP1	3	0.0044	0.8379
KRT8	CDK5RAP1	3	0.1396	0.6408
ACTB	MAP7D2	3	0.007	0.8268
KRT8	MAP7D2	3	0.009	0.819
MAPRE3	MAP7D2	3	0.6981	0.0535
ACTB	RSF1	3	0.0005	0.8597
LMNA	RSF1	3	0.0118	0.8069
ACTB	RBM15	3	0.0114	0.8088
KRT8	RBM15	3	0.033	0.7481
LMNA	RBM15	3	0.0035	0.8419
MAPRE3	RBM15	3	0.0001	0.865
ACTB	RUFY1	3	0.3035	0.4826
CTNNA1	RUFY1	3	0.1227	0.6559
KRT8	RUFY1	3	0.2493	0.5454
LMNA	RUFY1	3	0.1417	0.6388
MAPRE3	RUFY1	3	0.1766	0.6088
ACTB	SPEN	3	0.0018	0.8502
KRT8	SPEN	3	0.0004	0.8609
LMNA	SPEN	3	0.0719	0.7017
ACTB	MMS19	3	0.0064	0.8295
KRT8	MMS19	3	0.009	0.819
MAPRE3	MMS19	3	0.0003	0.8621
ACTB	UHRF1	3	0.0211	0.7724
CTNNA1	UHRF1	3	0.0071	0.8264
KRT8	UHRF1	3	0.0078	0.8237
LMNA	UHRF1	3	0.3428	0.3624
MAPRE3	UHRF1	3	0.2817	0.5081
ACTB	NIBAN2	3	0.3454	0.3589
CTNNA1	NIBAN2	3	0.2626	0.5312
KRT8	NIBAN2	3	0.2583	0.535
LMNA	NIBAN2	3	0.1157	0.6617
MAPRE3	NIBAN2	3	0.2427	0.5517
ACTB	TCF12	3	0.1779	0.608
KRT8	TCF12	3	0.2272	0.5652
LMNA	TCF12	3	0.3616	0.3239
MAPRE3	TCF12	3	0.1728	0.6124
ACTB	CNN2	3	0.3338	0.3827
CTNNA1	CNN2	3	0.0374	0.7413
KRT8	CNN2	3	0.2265	0.5657
LMNA	CNN2	3	0.0899	0.6836
MAPRE3	CNN2	3	0.0907	0.6832
ACTB	CDC5L	3	0.0014	0.8526
KRT8	CDC5L	3	0.0007	0.8579
LMNA	CDC5L	3	0.0146	0.795
MAPRE3	CDC5L	3	0.0003	0.8621
ACTB	PSMD1	3	0.0115	0.8082
KRT8	PSMD1	3	0.0003	0.8621
LMNA	PSMD1	3	0.0012	0.8539
ACTB	PFDN5	3	1	0
ACTB	PARK7	3	0.0085	0.8211
CTNNA1	PARK7	3	0.0392	0.7385
KRT8	PARK7	3	0.0113	0.8094
LMNA	PARK7	3	0.0439	0.7325
MAPRE3	PARK7	3	0.0172	0.7846
ACTB	EYA3	3	0.0154	0.7921
KRT8	EYA3	3	0.0065	0.8289
LMNA	EYA3	3	0.6084	0.1433
ACTB	MPHOSPH8	3	0.0012	0.8539
ACTB	MPHOSPH9	3	0.0131	0.8017
KRT8	MPHOSPH9	3	0.0528	0.7215
ACTB	NUP88	3	0.0412	0.7361
CTNNA1	NUP88	3	0.0002	0.8634
KRT8	NUP88	3	0.1941	0.594
LMNA	NUP88	3	0.0012	0.8539
MAPRE3	NUP88	3	0.0022	0.8481
ACTB	PKP4	3	0.005	0.8352
CTNNA1	PKP4	3	1	0
KRT8	PKP4	3	0.3251	0.4612
ACTB	PIK3R4	3	0.0081	0.8226
KRT8	PIK3R4	3	0.0712	0.7025
LMNA	PIK3R4	3	0	0.8672
MAPRE3	PIK3R4	3	0.0123	0.805
ACTB	SCAF11	3	0.0011	0.8545
KRT8	SCAF11	3	0	0.8672
LMNA	SCAF11	3	0.0129	0.8025
MAPRE3	SCAF11	3	0.0007	0.8579
ACTB	EIF3C	3	0.3481	0.3529
CTNNA1	EIF3C	3	0.1907	0.5979
KRT8	EIF3C	3	0.3543	0.3386
LMNA	EIF3C	3	0.1618	0.6217
MAPRE3	EIF3C	3	0.2756	0.5161
ACTB	TTC1	3	0.2803	0.5103
CTNNA1	TTC1	3	0.0536	0.7208
KRT8	TTC1	3	0.3105	0.477
LMNA	TTC1	3	0.1099	0.6663
MAPRE3	TTC1	3	0.2084	0.5821
ACTB	DNAJC7	3	0.1585	0.6242
CTNNA1	DNAJC7	3	0.0129	0.8025
KRT8	DNAJC7	3	0.2372	0.556
LMNA	DNAJC7	3	0.1747	0.6103
ACTB	C12orf57	3	0.019	0.7787
KRT8	C12orf57	3	0.0158	0.7903
LMNA	C12orf57	3	0.0169	0.7858
MAPRE3	C12orf57	3	0.0001	0.865
ACTB	COPS8	3	0.0046	0.8372
ACTB	PRPF18	3	0.0055	0.833
CTNNA1	PRPF18	3	0.0002	0.8634
LMNA	PRPF18	3	0.2251	0.5671
LMNA	PKMYT1	3	1	0
ACTB	OSMR	3	0.0051	0.8347
LMNA	OSMR	3	0.399	0.2593
ACTB	CHP1	3	0.0063	0.8298
KRT8	CHP1	3	0.0113	0.8094
ACTB	KIF2C	3	0.1122	0.6645
CTNNA1	KIF2C	3	0.0133	0.8007
KRT8	KIF2C	3	0.2336	0.5592
LMNA	KIF2C	3	0.1299	0.6501
MAPRE3	KIF2C	3	0.8293	0.0174
ACTB	LYST	3	0.0073	0.8256
KRT8	LYST	3	0.0001	0.865
ACTB	ATXN2	3	0.0006	0.8588
KRT8	ATXN2	3	0.0235	0.767
MAPRE3	ATXN2	3	0.0051	0.8347
ACTB	DOK1	3	0.0096	0.8166
ACTB	MTR	3	0.0163	0.7882
CTNNA1	MTR	3	0.0016	0.8515
KRT8	MTR	3	0.0238	0.7664
LMNA	MTR	3	0.0015	0.852
MAPRE3	MTR	3	0.0031	0.8437
LMNA	RBBP8	3	1	0
ACTB	HSD17B10	3	0.0124	0.8045
CTNNA1	HSD17B10	3	0.0092	0.8184
KRT8	HSD17B10	3	0.0352	0.7449
LMNA	HSD17B10	3	0.0546	0.7197
MAPRE3	HSD17B10	3	0.0021	0.8485
ACTB	BARD1	3	0.0182	0.7811
LMNA	BARD1	3	0.2772	0.5136
ACTB	HNRNPAB	3	0.0643	0.7095
CTNNA1	HNRNPAB	3	0.0064	0.8295
KRT8	HNRNPAB	3	0.0431	0.7337
LMNA	HNRNPAB	3	0.0288	0.7551
MAPRE3	HNRNPAB	3	0.0047	0.8366
ACTB	NAP1L4	3	0.0125	0.8041
CTNNA1	NAP1L4	3	0.0011	0.8545
KRT8	NAP1L4	3	0.0516	0.7225
MAPRE3	NAP1L4	3	0.0009	0.856
KRT8	NAPG	3	0.0713	0.7024
LMNA	NAPG	3	0.0113	0.8094
ACTB	ACO2	3	0.0044	0.8379
CTNNA1	ACO2	3	0.1241	0.6545
LMNA	ACO2	3	0.0783	0.6952
ACTB	TSG101	3	0.0305	0.7523
CTNNA1	TSG101	3	0.0177	0.7828
KRT8	TSG101	3	0.1096	0.6666
LMNA	TSG101	3	0.0482	0.7273
MAPRE3	TSG101	3	0.0076	0.8244
ACTB	CPNE1	3	0.0098	0.8157
CTNNA1	CPNE1	3	0.0115	0.8082
KRT8	CPNE1	3	0.0112	0.8098
LMNA	CPNE1	3	0.0114	0.8088
MAPRE3	CPNE1	3	0.0007	0.8579
ACTB	CCT7	3	0.12	0.6578
CTNNA1	CCT7	3	0.0209	0.773
KRT8	CCT7	3	0.0823	0.6914
LMNA	CCT7	3	0.0389	0.7389
MAPRE3	CCT7	3	0.0217	0.7708
ACTB	EBNA1BP2	3	0.1074	0.6681
KRT8	EBNA1BP2	3	0.0636	0.7102
LMNA	EBNA1BP2	3	0.0903	0.6833
ACTB	HAUS7	3	0.0086	0.8207
KRT8	HAUS7	3	0.0538	0.7206
MAPRE3	HAUS7	3	0.011	0.8109
CTNNA1	PRMT1	3	0.0423	0.7346
LMNA	PRMT1	3	0.0563	0.718
ACTB	BAG1	3	0.0121	0.8057
LMNA	BAG1	3	0.0078	0.8237
ACTB	ATF6B	3	0.0053	0.8338
KRT8	ATF6B	3	0.0039	0.84
LMNA	RNF5	3	0.3333	0.3843
ACTB	SH3GL1	3	0.2366	0.5567
CTNNA1	SH3GL1	3	0.0781	0.6954
KRT8	SH3GL1	3	0.2317	0.5608
LMNA	SH3GL1	3	0.0331	0.748
MAPRE3	SH3GL1	3	0.0912	0.6826
ACTB	AKAP9	3	0.2276	0.5648
CTNNA1	AKAP9	3	0.0616	0.7126
KRT8	AKAP9	3	0.2539	0.5396
MAPRE3	AKAP9	3	0.2472	0.5473
ACTB	NCAPG	3	0.0091	0.8188
CTNNA1	NCAPG	3	0.0001	0.865
KRT8	NCAPG	3	0.01	0.8148
LMNA	NCAPG	3	0.001	0.8552
MAPRE3	NCAPG	3	0.0009	0.856
ACTB	PAIP2	3	0.1568	0.6254
CTNNA1	PAIP2	3	0.0151	0.7933
KRT8	PAIP2	3	0.318	0.4674
LMNA	PAIP2	3	0.0122	0.8053
MAPRE3	PAIP2	3	0.0081	0.8226
ACTB	MAPKAP1	3	0.0263	0.7604
KRT8	MAPKAP1	3	0.0146	0.795
MAPRE3	MAPKAP1	3	0.0072	0.8261
LMNA	DDX50	3	0.0007	0.8579
KRT8	ELAC2	3	0.0009	0.856
LMNA	ELAC2	3	0.3986	0.2598
ACTB	TRIR	3	0.0062	0.8302
KRT8	TRIR	3	0.0014	0.8526
LMNA	TRIR	3	0.9953	0.0003
ACTB	GRWD1	3	0.0847	0.6883
CTNNA1	GRWD1	3	0.0348	0.7455
KRT8	GRWD1	3	0.1216	0.6568
LMNA	GRWD1	3	0.1819	0.6048
MAPRE3	GRWD1	3	0.044	0.7323
CTNNA1	WDR77	3	0.0034	0.8424
ACTB	TUBA1C	3	0.0121	0.8057
KRT8	TUBA1C	3	0.3546	0.3377
LMNA	TUBA1C	3	0.006	0.831
MAPRE3	TUBA1C	3	0.0021	0.8485
LMNA	SENP7	3	1	0
ACTB	MYBBP1A	3	0.0053	0.8338
CTNNA1	MYBBP1A	3	0	0.8672
KRT8	MYBBP1A	3	0.0081	0.8226
LMNA	MYBBP1A	3	0.0057	0.8322
MAPRE3	MYBBP1A	3	0.0018	0.8502
ACTB	SLF1	3	0.4033	0.2542
KRT8	SLF1	3	0.1118	0.6648
ACTB	LPIN3	3	1	0
ACTB	FERMT1	3	0.1139	0.6632
KRT8	FERMT1	3	0.8257	0.0193
LMNA	FERMT1	3	0.0478	0.7278
ACTB	FYCO1	3	0.0026	0.846
KRT8	FYCO1	3	0.0123	0.805
ACTB	JPH2	3	0.0023	0.8475
LMNA	JPH2	3	0.004	0.8397
ACTB	CORO1B	3	0.9317	0.0056
KRT8	CORO1B	3	0.3931	0.2682
KRT8	CCDC77	3	0.0475	0.7281
MAPRE3	CCDC77	3	0.0029	0.8445
ACTB	BUD13	3	0.0021	0.8485
KRT8	BUD13	3	0.0015	0.852
LMNA	BUD13	3	0.0853	0.6877
MAPRE3	BUD13	3	0.0007	0.8579
ACTB	CPPED1	3	0.0079	0.8232
CTNNA1	CPPED1	3	0.0253	0.7631
LMNA	CPPED1	3	0.0043	0.8384
MAPRE3	CPPED1	3	0.0013	0.8533
KRT8	MRPL45	3	0.6667	0.0712
ACTB	C7orf50	3	0.0047	0.8366
LMNA	C7orf50	3	0.3202	0.4647
ACTB	NUDT16L1	3	0.0039	0.84
KRT8	NUDT16L1	3	0.007	0.8268
LMNA	NUDT16L1	3	0.0431	0.7337
CTNNA1	LZTS2	3	0.0036	0.8414
KRT8	LZTS2	3	0.8116	0.0228
ACTB	PYM1	3	0.0053	0.8338
KRT8	PYM1	3	0.3308	0.4536
ACTB	GPATCH1	3	0.0031	0.8437
CTNNA1	GPATCH1	3	0.0003	0.8621
KRT8	GPATCH1	3	0.0005	0.8597
LMNA	GPATCH1	3	0.0306	0.7521
MAPRE3	GPATCH1	3	0.0036	0.8414
ACTB	RIOK1	3	0.0015	0.852
KRT8	RIOK1	3	0.2233	0.5688
KRT8	GINS4	3	0.2382	0.5553
LMNA	GINS4	3	0.0077	0.824
KRT8	PELO	3	0.3575	0.3297
LMNA	PELO	3	0.0122	0.8053
KRT8	TRIM56	3	0.3333	0.3843
KRT8	CENPK	3	0.0034	0.8424
KRT8	NOL10	3	0.0023	0.8475
LMNA	NOL10	3	0.0452	0.7313
CTNNA1	NTPCR	3	0.0975	0.6775
KRT8	TACO1	3	0.3333	0.3843
ACTB	TUBGCP2	3	0.0003	0.8621
KRT8	TUBGCP2	3	0.0051	0.8347
MAPRE3	TUBGCP2	3	0.0002	0.8634
KRT8	C17orf80	3	0.6667	0.0712
ACTB	ESYT1	3	0.2863	0.5028
CTNNA1	ESYT1	3	0.1426	0.6383
KRT8	ESYT1	3	0.3216	0.4637
LMNA	ESYT1	3	0.2383	0.5552
MAPRE3	ESYT1	3	0.1792	0.607
ACTB	PHAF1	3	0.0367	0.7425
KRT8	PHAF1	3	0.6097	0.142
LMNA	PHAF1	3	0.0315	0.7503
MAPRE3	PHAF1	3	0.003	0.8442
CTNNA1	ALG1	3	0.3333	0.3843
KRT8	ALG1	3	1	0
LMNA	ALG1	3	0.3333	0.3843
ACTB	HAUS8	3	0.0098	0.8157
CTNNA1	HAUS8	3	0.0001	0.865
KRT8	HAUS8	3	0.035	0.7452
MAPRE3	HAUS8	3	0.0154	0.7921
ACTB	INPP5K	3	0.3333	0.3843
KRT8	INPP5K	3	0.3333	0.3843
KRT8	TCHP	3	0.5972	0.1451
LMNA	WAC	3	0	0.8672
ACTB	DIDO1	3	0.1934	0.5947
CTNNA1	DIDO1	3	0.0341	0.7467
KRT8	DIDO1	3	0.1249	0.6538
LMNA	DIDO1	3	0.2418	0.5523
MAPRE3	DIDO1	3	0.1917	0.5966
ACTB	MCMBP	3	0.0374	0.7413
CTNNA1	MCMBP	3	0.0138	0.7982
KRT8	MCMBP	3	0.084	0.6894
LMNA	MCMBP	3	0.0286	0.7557
MAPRE3	MCMBP	3	0.0015	0.852
LMNA	DCUN1D5	3	0.0415	0.7358
KRT8	URM1	3	0.2399	0.5539
ACTB	PI4K2A	3	0.0037	0.8409
ACTB	TBCD	3	0.0092	0.8184
ACTB	NDC1	3	0.0113	0.8094
KRT8	NDC1	3	0.0192	0.7782
LMNA	NDC1	3	0.841	0.0141
MAPRE3	NDC1	3	0.0001	0.865
KRT8	THTPA	3	0.0115	0.8082
ACTB	LMF2	3	0.3333	0.3843
KRT8	LMF2	3	0.3333	0.3843
CTNNA1	MMTAG2	3	0.0279	0.7571
LMNA	MMTAG2	3	0.4487	0.2147
ACTB	TUBB6	3	0.19	0.5984
CTNNA1	TUBB6	3	0.0327	0.7485
KRT8	TUBB6	3	0.3425	0.3632
LMNA	TUBB6	3	0.1336	0.6459
MAPRE3	TUBB6	3	0.0956	0.6792
ACTB	BEGAIN	3	0.4013	0.2572
CTNNA1	BEGAIN	3	0.3621	0.3226
KRT8	BEGAIN	3	0.4244	0.2345
LMNA	BEGAIN	3	0.3201	0.465
MAPRE3	BEGAIN	3	0.3785	0.2884
LMNA	POLR3C	3	0.9962	0.0002
KRT8	HNRNPUL1	3	0.0008	0.8571
LMNA	HNRNPUL1	3	0.015	0.7937
MAPRE3	HNRNPUL1	3	0.0002	0.8634
ACTB	MSTO1	3	0.0097	0.8161
KRT8	MSTO1	3	0.0097	0.8161
LMNA	PHF23	3	0.1669	0.6177
ACTB	DERL1	3	0.0553	0.7189
KRT8	DERL1	3	0.5325	0.1689
LMNA	DERL1	3	0.0893	0.6843
MAPRE3	DERL1	3	0.0348	0.7455
LMNA	DDX23	3	0.0625	0.7114
ACTB	WDR18	3	0.0027	0.8456
CTNNA1	WDR18	3	0.0464	0.7296
KRT8	WDR18	3	0.0075	0.8248
LMNA	WDR18	3	0.0664	0.7073
MAPRE3	WDR18	3	0.0011	0.8545
ACTB	THUMPD3	3	0.263	0.5305
CTNNA1	THUMPD3	3	0.0031	0.8437
KRT8	THUMPD3	3	0.4549	0.2098
MAPRE3	THUMPD3	3	0.0115	0.8082
ACTB	ADI1	3	0.0015	0.852
CTNNA1	ADI1	3	0.0137	0.7987
KRT8	ADI1	3	0.0071	0.8264
LMNA	ADI1	3	0.0051	0.8347
KRT8	CEP250	3	0.9993	0
ACTB	MLST8	3	0.534	0.1679
CTNNA1	MLST8	3	0.2987	0.4889
LMNA	TMEM109	3	0.6667	0.0712
ACTB	KIFC3	3	0.0059	0.8315
KRT8	KIFC3	3	1	0
MAPRE3	KIFC3	3	0.1555	0.6264
ACTB	UTP14A	3	0.0034	0.8424
KRT8	UTP14A	3	0.0001	0.865
LMNA	UTP14A	3	0.0132	0.8011
MAPRE3	UTP14A	3	0.0006	0.8588
KRT8	NUP58	3	0.6667	0.0712
LMNA	NUP58	3	1	0
ACTB	GNL3	3	0.2017	0.5879
CTNNA1	GNL3	3	0.0168	0.7862
KRT8	GNL3	3	0.2956	0.4926
LMNA	GNL3	3	0.2696	0.5228
MAPRE3	GNL3	3	0.0881	0.6854
ACTB	SPATA5L1	3	0.1352	0.6447
KRT8	SPATA5L1	3	0.3476	0.3545
KRT8	RIOK2	3	0.0043	0.8384
ACTB	KIAA0586	3	0.0058	0.8318
KRT8	KIAA0586	3	0.315	0.4716
MAPRE3	KIAA0586	3	0.0293	0.7541
KRT8	KIFC1	3	0.0055	0.833
LMNA	KIFC1	3	0.1389	0.6415
MAPRE3	KIFC1	3	0.9231	0.0072
ACTB	NUP85	3	0.0076	0.8244
KRT8	NUP85	3	0.285	0.5046
LMNA	NUP85	3	0.7367	0.038
LMNA	ELOVL1	3	0.0698	0.7038
CTNNA1	DDA1	3	0.3325	0.4505
ACTB	KATNAL1	3	0.0097	0.8161
LMNA	YJU2	3	0.3398	0.3698
ACTB	TARS2	3	0.3333	0.3843
ACTB	RBM4	3	0.0103	0.8135
KRT8	RBM4	3	0.0096	0.8166
LMNA	RBM4	3	0.1489	0.6328
LMNA	SCNM1	3	0.7499	0.0349
ACTB	RPAP1	3	0.0175	0.7836
KRT8	RPAP1	3	0.3747	0.2978
MAPRE3	RPAP1	3	0.0001	0.865
LMNA	C1orf43	3	1	0
ACTB	SFXN3	3	0.3406	0.3672
KRT8	SFXN3	3	0.6748	0.0634
LMNA	SFXN3	3	0.0572	0.7171
KRT8	PRR14	3	0.0041	0.8393
LMNA	PRR14	3	1	0
LMNA	PAPOLG	3	0.3764	0.293
KRT8	CARD10	3	0.6667	0.0712
LMNA	SLC4A1AP	3	0.131	0.6485
ACTB	LSM14B	3	0.0044	0.8379
CTNNA1	LSM14B	3	0	0.8672
KRT8	LSM14B	3	0.0083	0.8218
MAPRE3	LSM14B	3	0.0012	0.8539
ACTB	BRIP1	3	0.2551	0.5381
KRT8	BRIP1	3	0.2503	0.5441
LMNA	BRIP1	3	0.3823	0.2834
MAPRE3	BRIP1	3	0.1849	0.6021
ACTB	CARD6	3	0.015	0.7937
CTNNA1	CARD6	3	0.0003	0.8621
KRT8	CARD6	3	0.3535	0.3395
LMNA	CARD6	3	0.0005	0.8597
MAPRE3	CARD6	3	0.741	0.0361
LMNA	LGR4	3	0.6667	0.0712
ACTB	OSBPL11	3	0.0082	0.8221
KRT8	OSBPL11	3	0.0352	0.7449
LMNA	OSBPL11	3	0.0001	0.865
MAPRE3	OSBPL11	3	0.0006	0.8588
ACTB	OSBPL10	3	0.6667	0.0712
KRT8	OSBPL10	3	0.6667	0.0712
KRT8	BBS2	3	0.0894	0.6842
ACTB	RAB11FIP5	3	0.0055	0.833
CTNNA1	RAB11FIP5	3	0	0.8672
KRT8	RAB11FIP5	3	0.0033	0.8429
MAPRE3	RAB11FIP5	3	0.0001	0.865
ACTB	NAA15	3	0.1315	0.6482
KRT8	NAA15	3	0.0702	0.7034
LMNA	NAA15	3	0.01	0.8148
MAPRE3	NAA15	3	0.0078	0.8237
KRT8	SRRT	3	0.265	0.5281
LMNA	SRRT	3	0.0087	0.8203
KRT8	AP1M1	3	0.0466	0.7294
LMNA	NUSAP1	3	0.3333	0.3843
MAPRE3	NUSAP1	3	1	0
LMNA	FANCD2	3	0.0463	0.7298
ACTB	ITPA	3	0.0362	0.7431
CTNNA1	ITPA	3	0.0023	0.8475
KRT8	ITPA	3	0.0638	0.71
LMNA	ITPA	3	0.0112	0.8098
MAPRE3	ITPA	3	0.0043	0.8384
ACTB	RTF2	3	0.0193	0.7779
CTNNA1	RTF2	3	0.0106	0.8123
KRT8	RTF2	3	0.0315	0.7503
LMNA	RTF2	3	0.1817	0.605
MAPRE3	RTF2	3	0.0068	0.8277
ACTB	EIF2A	3	0.3038	0.4822
CTNNA1	EIF2A	3	0.1772	0.6084
KRT8	EIF2A	3	0.2755	0.5162
LMNA	EIF2A	3	0.1087	0.6672
MAPRE3	EIF2A	3	0.2854	0.5043
ACTB	POLDIP3	3	0	0.8672
KRT8	POLDIP3	3	0.0008	0.8571
LMNA	POLDIP3	3	0.0171	0.7851
MAPRE3	POLDIP3	3	0.0051	0.8347
ACTB	KIAA1671	3	0.4152	0.2449
CTNNA1	KIAA1671	3	0.131	0.6485
KRT8	KIAA1671	3	0.3931	0.2682
MAPRE3	KIAA1671	3	0.3141	0.4727
CTNNA1	NIFK	3	0.0168	0.7862
LMNA	NIFK	3	0.0019	0.8497
ACTB	FAM126A	3	0.0034	0.8424
KRT8	FAM126A	3	0.0313	0.7508
ACTB	YTHDF1	3	0.0006	0.8588
KRT8	YTHDF1	3	0.028	0.7568
MAPRE3	YTHDF1	3	0	0.8672
ACTB	SETD2	3	0.0027	0.8456
KRT8	SETD2	3	0.0005	0.8597
LMNA	SETD2	3	0.0138	0.7982
MAPRE3	SETD2	3	0	0.8672
ACTB	TBC1D2	3	0.0163	0.7882
CTNNA1	TBC1D2	3	0.0004	0.8609
KRT8	TBC1D2	3	0.029	0.7549
LMNA	TBC1D2	3	0.0009	0.856
MAPRE3	TBC1D2	3	0.0071	0.8264
ACTB	DOCK9	3	0.3592	0.3268
KRT8	DOCK9	3	0.0046	0.8372
MAPRE3	DOCK9	3	0.3332	0.4487
LMNA	NSD3	3	0.3538	0.3392
ACTB	NUF2	3	0.0146	0.795
KRT8	NUF2	3	0.9731	0.0016
MAPRE3	NUF2	3	0.0323	0.749
ACTB	MRPL37	3	0.0092	0.8184
CTNNA1	MRPL37	3	0.0016	0.8515
KRT8	MRPL37	3	0.8279	0.0184
LMNA	MRPL37	3	0.0112	0.8098
MAPRE3	MRPL37	3	0.0007	0.8579
ACTB	GTPBP4	3	0.1559	0.626
CTNNA1	GTPBP4	3	0.0208	0.7732
KRT8	GTPBP4	3	0.2496	0.545
LMNA	GTPBP4	3	0.2518	0.5421
MAPRE3	GTPBP4	3	0.1009	0.6747
ACTB	UACA	3	0.3144	0.4726
CTNNA1	UACA	3	0.014	0.7974
KRT8	UACA	3	0.0038	0.8404
MAPRE3	UACA	3	0.0009	0.856
ACTB	RAB34	3	0.0382	0.7401
CTNNA1	RAB34	3	0.0137	0.7987
KRT8	RAB34	3	0.0125	0.8041
LMNA	RAB34	3	0.1272	0.6525
MAPRE3	RAB34	3	0.0003	0.8621
ACTB	WDR11	3	0.0013	0.8533
KRT8	WDR11	3	0.0059	0.8315
ACTB	UPF3B	3	0.0097	0.8161
KRT8	UPF3B	3	0.0166	0.787
LMNA	UPF3B	3	0.0001	0.865
MAPRE3	UPF3B	3	0.005	0.8352
LMNA	CRNKL1	3	0.3166	0.4696
ACTB	PPP1R12C	3	0	0.8672
ACTB	NIBAN1	3	0.239	0.5544
CTNNA1	NIBAN1	3	0.0157	0.7907
KRT8	NIBAN1	3	0.0317	0.7499
KRT8	UBXN6	3	0.0067	0.8281
ACTB	UCK2	3	0.0114	0.8088
KRT8	UCK2	3	0.266	0.5266
ACTB	API5	3	0.0099	0.8153
KRT8	API5	3	0.0007	0.8579
LMNA	API5	3	0.3458	0.357
ACTB	TRIM5	3	0.0481	0.7275
KRT8	TRIM5	3	0.0047	0.8366
MAPRE3	TRIM5	3	0.003	0.8442
ACTB	UNK	3	0.0085	0.8211
KRT8	UNK	3	0.0437	0.7328
ACTB	FTO	3	0.015	0.7937
CTNNA1	FTO	3	0.0246	0.7648
KRT8	FTO	3	0.0058	0.8318
LMNA	FTO	3	0.0441	0.732
MAPRE3	FTO	3	0.0015	0.852
ACTB	ZDHHC5	3	0.015	0.7937
CTNNA1	ZDHHC5	3	0.0005	0.8597
ACTB	TANGO6	3	0.0724	0.7012
KRT8	TANGO6	3	0.4754	0.1955
LMNA	TANGO6	3	0.0261	0.7608
KRT8	ZCCHC2	3	0.3333	0.3843
MAPRE3	ZCCHC2	3	0.3333	0.3843
ACTB	TNKS1BP1	3	0.36	0.3258
CTNNA1	TNKS1BP1	3	0.2493	0.5454
KRT8	TNKS1BP1	3	0.3109	0.4764
LMNA	TNKS1BP1	3	0.1108	0.6657
MAPRE3	TNKS1BP1	3	0.2604	0.5331
ACTB	UBE2O	3	0.0276	0.7578
CTNNA1	UBE2O	3	0.0008	0.8571
KRT8	UBE2O	3	0.0306	0.7521
ACTB	CEP295	3	0.0094	0.8174
KRT8	CEP295	3	0.4735	0.196
MAPRE3	CEP295	3	0.0404	0.7369
ACTB	TANC1	3	0.2583	0.535
CTNNA1	TANC1	3	0.1932	0.595
KRT8	TANC1	3	0.2703	0.5219
LMNA	TANC1	3	0.0533	0.7211
MAPRE3	TANC1	3	0.2444	0.5501
ACTB	CEP44	3	0.0104	0.8132
CTNNA1	CEP44	3	0	0.8672
KRT8	CEP44	3	0.0261	0.7608
MAPRE3	CEP44	3	0.0221	0.77
LMNA	ARHGAP39	3	0.3333	0.3843
ACTB	MTMR12	3	0.0302	0.7526
KRT8	MTMR12	3	0.0801	0.6935
KRT8	WDR33	3	0.0002	0.8634
LMNA	WDR33	3	0	0.8672
MAPRE3	NDEL1	3	0.3333	0.3843
CTNNA1	PITHD1	3	0.0433	0.7335
KRT8	PITHD1	3	0.0137	0.7987
LMNA	SENP6	3	0.9454	0.0043
LMNA	REXO4	3	0.03	0.7528
ACTB	DDX24	3	0.0014	0.8526
KRT8	DDX24	3	0.0308	0.7518
LMNA	DDX24	3	0.0054	0.8334
MAPRE3	NIF3L1	3	0.3333	0.3843
ACTB	EGLN1	3	0.0135	0.7997
KRT8	EGLN1	3	0.0196	0.7768
ACTB	PSME3IP1	3	0.1151	0.6624
KRT8	PSME3IP1	3	0.0766	0.6966
LMNA	PSME3IP1	3	0.3455	0.3584
MAPRE3	PSME3IP1	3	0.0721	0.7015
ACTB	WWTR1	3	0.0048	0.8361
KRT8	WWTR1	3	0.0238	0.7664
ACTB	MFF	3	0.0004	0.8609
KRT8	MFF	3	0.0018	0.8502
ACTB	NAA50	3	0.0271	0.7589
LMNA	NAA50	3	0.0012	0.8539
MAPRE3	NAA50	3	0.0007	0.8579
ACTB	LACRT	3	0.3333	0.3843
ACTB	MTFR1L	3	0.0026	0.846
KRT8	MTFR1L	3	0.016	0.7893
ACTB	PAIP1	3	0.0111	0.8104
CTNNA1	PAIP1	3	0.0035	0.8419
KRT8	PAIP1	3	0.0123	0.805
LMNA	PAIP1	3	0.0093	0.8179
MAPRE3	PAIP1	3	0.0047	0.8366
LMNA	CLPB	3	0.3261	0.4596
ACTB	LSG1	3	0.006	0.831
CTNNA1	LSG1	3	0	0.8672
KRT8	LSG1	3	0.015	0.7937
LMNA	LSG1	3	0.5831	0.1488
MAPRE3	LSG1	3	0.0114	0.8088
ACTB	FAM107B	3	0.5135	0.1787
KRT8	FAM107B	3	0.0055	0.833
MAPRE3	FAM107B	3	0.0022	0.8481
ACTB	NAT10	3	0.0017	0.8509
KRT8	NAT10	3	0.0033	0.8429
LMNA	NAT10	3	0.1264	0.6531
MAPRE3	NAT10	3	0.0001	0.865
ACTB	COMMD4	3	0.2283	0.5638
KRT8	COMMD4	3	0.6491	0.1322
ACTB	KLC2	3	0.1413	0.6394
KRT8	KLC2	3	0.0159	0.7897
ACTB	ILKAP	3	0.0006	0.8588
LMNA	ILKAP	3	0.0403	0.7371
MAPRE3	ILKAP	3	0.0006	0.8588
ACTB	XRN2	3	0.0068	0.8277
KRT8	XRN2	3	0.0066	0.8285
LMNA	XRN2	3	0.004	0.8397
MAPRE3	XRN2	3	0.0001	0.865
ACTB	BRD8	3	0.0297	0.7533
ACTB	NSRP1	3	0.0004	0.8609
LMNA	NSRP1	3	0.1381	0.6421
ACTB	RACGAP1	3	0.0009	0.856
KRT8	RACGAP1	3	0.0029	0.8445
LMNA	RACGAP1	3	0.015	0.7937
MAPRE3	RACGAP1	3	0.0026	0.846
ACTB	SIK2	3	0.139	0.6413
KRT8	SIK2	3	0.2345	0.5584
ACTB	CSTF2T	3	0.007	0.8268
KRT8	CSTF2T	3	0.0023	0.8475
LMNA	CSTF2T	3	0.0003	0.8621
MAPRE3	CSTF2T	3	0.0001	0.865
ACTB	DDX47	3	0.1277	0.6518
KRT8	DDX47	3	0.2178	0.5742
LMNA	DDX47	3	0.0071	0.8264
LMNA	MAGT1	3	0.3333	0.3843
ACTB	TSPYL1	3	0.0036	0.8414
LMNA	TSPYL1	3	0.0155	0.7917
ACTB	SMG9	3	0.0139	0.7977
CTNNA1	SMG9	3	0	0.8672
KRT8	SMG9	3	0.0172	0.7846
LMNA	SMG9	3	0.0004	0.8609
MAPRE3	SMG9	3	0.0046	0.8372
CTNNA1	C11orf54	3	0.0475	0.7281
LMNA	C11orf54	3	0.0243	0.7654
LMNA	DNTTIP1	3	0.3333	0.3843
ACTB	ANAPC1	3	0.0126	0.8036
CTNNA1	ANAPC1	3	0	0.8672
KRT8	ANAPC1	3	0.0458	0.7303
LMNA	ANAPC1	3	0.0077	0.824
MAPRE3	ANAPC1	3	0.0018	0.8502
ACTB	IRF2BPL	3	0.0135	0.7997
LMNA	IRF2BPL	3	0.0051	0.8347
KRT8	UNC93B1	3	0.0955	0.6793
ACTB	POLR3F	3	0.0003	0.8621
LMNA	POLR3F	3	0.039	0.7388
ACTB	KIF13A	3	0.0103	0.8135
KRT8	KIF13A	3	0.054	0.7203
MAPRE3	KIF13A	3	0.0014	0.8526
ACTB	ASCC2	3	0.1537	0.628
KRT8	ASCC2	3	0.021	0.7727
MAPRE3	ASCC2	3	0.0137	0.7987
LMNA	CDT1	3	0.6485	0.1326
ACTB	EHD4	3	0.016	0.7893
CTNNA1	EHD4	3	0.0087	0.8203
KRT8	EHD4	3	0.0323	0.749
LMNA	EHD4	3	0.0188	0.7795
ACTB	VPS33B	3	0.0897	0.6837
KRT8	VPS33B	3	0.3333	0.3843
KRT8	VPS16	3	0.6667	0.0712
LMNA	VPS16	3	0.3333	0.3843
ACTB	TRIOBP	3	0.2954	0.4927
ACTB	SLK	3	0.0162	0.7886
CTNNA1	SLK	3	0	0.8672
KRT8	SLK	3	0.0152	0.7929
MAPRE3	SLK	3	0.0023	0.8475
KRT8	PPIL3	3	0.3333	0.3843
LMNA	PPIL3	3	0.3333	0.3843
ACTB	SLC38A1	3	0.1933	0.5948
ACTB	PDCL3	3	0.0138	0.7982
KRT8	PDCL3	3	0.0101	0.8144
LMNA	PDCL3	3	0.0032	0.8433
MAPRE3	PDCL3	3	0.0001	0.865
ACTB	RAB3GAP2	3	0.2482	0.5465
CTNNA1	RAB3GAP2	3	0.0783	0.6952
KRT8	RAB3GAP2	3	0.2528	0.5409
LMNA	RAB3GAP2	3	0.1786	0.6076
MAPRE3	RAB3GAP2	3	0.1452	0.6359
ACTB	ADNP	3	0.1658	0.6188
CTNNA1	ADNP	3	0.0173	0.7843
KRT8	ADNP	3	0.1545	0.6272
LMNA	ADNP	3	0.2489	0.5459
MAPRE3	ADNP	3	0.1766	0.6088
ACTB	DHX36	3	0.2716	0.5204
CTNNA1	DHX36	3	0.0459	0.7302
KRT8	DHX36	3	0.3027	0.4839
LMNA	DHX36	3	0.2859	0.5039
MAPRE3	DHX36	3	0.182	0.6046
ACTB	PPA2	3	0.0667	0.7071
CTNNA1	PPA2	3	0.0157	0.7907
KRT8	PPA2	3	0.0001	0.865
LMNA	PPA2	3	0.0085	0.8211
MAPRE3	PPA2	3	0.0015	0.852
KRT8	SPNS1	3	0.9964	0.0002
LMNA	SPNS1	3	0.0033	0.8429
ACTB	ZNF106	3	0.1114	0.6652
KRT8	ZNF106	3	0.1819	0.6048
LMNA	ZNF106	3	0.3107	0.4769
MAPRE3	ZNF106	3	0.1938	0.5943
KRT8	PNN	3	0.0001	0.865
LMNA	PNN	3	0.0056	0.8326
LMNA	FOXP1	3	0.0018	0.8502
ACTB	BOLA2	3	0.0167	0.7866
CTNNA1	BOLA2	3	0.021	0.7727
KRT8	BOLA2	3	0.0102	0.814
LMNA	BOLA2	3	0.015	0.7937
MAPRE3	BOLA2	3	0.0089	0.8194
KRT8	TXNIP	3	0.3333	0.3843
LMNA	TMX1	3	0.4811	0.192
ACTB	NELFA	3	0.0012	0.8539
LMNA	NELFA	3	0.019	0.7787
ACTB	CDC42EP4	3	0.0046	0.8372
KRT8	CDC42EP4	3	0.0004	0.8609
ACTB	CENPH	3	0.0002	0.8634
KRT8	CENPH	3	0.0132	0.8011
LMNA	CENPH	3	0.0176	0.7832
ACTB	PTPN23	3	0.0141	0.7971
CTNNA1	PTPN23	3	0.0002	0.8634
KRT8	PTPN23	3	0.0149	0.794
LMNA	PTPN23	3	0.0001	0.865
MAPRE3	PTPN23	3	0.0014	0.8526
ACTB	UNC45A	3	0.0203	0.7747
CTNNA1	UNC45A	3	0.0005	0.8597
KRT8	UNC45A	3	0.0958	0.679
LMNA	UNC45A	3	0.0036	0.8414
MAPRE3	UNC45A	3	0.005	0.8352
ACTB	PPDPF	3	0.2396	0.5543
CTNNA1	PPDPF	3	0.0294	0.7539
KRT8	PPDPF	3	0.2694	0.5229
LMNA	PPDPF	3	0.1663	0.6184
MAPRE3	PPDPF	3	0.098	0.677
LMNA	DSN1	3	0.6667	0.0712
ACTB	C1orf198	3	0.1482	0.6334
KRT8	C1orf198	3	0.8965	0.0089
MAPRE3	C1orf198	3	0.0061	0.8305
ACTB	CHMP4B	3	0.0172	0.7846
CTNNA1	CHMP4B	3	0.0004	0.8609
KRT8	CHMP4B	3	0.0203	0.7747
LMNA	CHMP4B	3	0.0697	0.7039
MAPRE3	CHMP4B	3	0.0042	0.8388
ACTB	CUEDC2	3	0.0379	0.7406
KRT8	CUEDC2	3	0.0488	0.7264
LMNA	CUEDC2	3	0.0121	0.8057
MAPRE3	CUEDC2	3	0.0011	0.8545
LMNA	PIGU	3	1	0
ACTB	WNK1	3	0.0148	0.7943
CTNNA1	WNK1	3	0.0007	0.8579
KRT8	WNK1	3	0.0149	0.794
LMNA	WNK1	3	0	0.8672
MAPRE3	WNK1	3	0.0045	0.8375
ACTB	RNPEP	3	0.0051	0.8347
CTNNA1	RNPEP	3	0.0121	0.8057
KRT8	RNPEP	3	0.0011	0.8545
LMNA	RNPEP	3	0.0016	0.8515
MAPRE3	RNPEP	3	0.0006	0.8588
ACTB	GOLPH3L	3	0.024	0.766
KRT8	GOLPH3L	3	0.0292	0.7544
ACTB	GOLPH3	3	0.1953	0.5931
CTNNA1	GOLPH3	3	0.0811	0.6928
KRT8	GOLPH3	3	0.2514	0.5425
LMNA	GOLPH3	3	0.2644	0.5292
MAPRE3	GOLPH3	3	0.1786	0.6076
ACTB	SAV1	3	0.0278	0.7573
KRT8	SAV1	3	0.9989	0
ACTB	SMOC1	3	0.0035	0.8419
ACTB	EPB41L1	3	0.3746	0.2982
CTNNA1	EPB41L1	3	0.2199	0.5722
KRT8	EPB41L1	3	0.248	0.5467
MAPRE3	EPB41L1	3	0.1259	0.6532
ACTB	GLIPR2	3	0.0043	0.8384
CTNNA1	GLIPR2	3	0.0001	0.865
KRT8	GLIPR2	3	0.0063	0.8298
LMNA	GLIPR2	3	0.0023	0.8475
MAPRE3	GLIPR2	3	0	0.8672
ACTB	FAM83D	3	0.0584	0.7157
KRT8	FAM83D	3	1	0
MAPRE3	FAM83D	3	0.4802	0.1925
LMNA	ZHX3	3	0.0242	0.7655
ACTB	TRABD	3	0.2224	0.5697
ACTB	SENP3	3	0.0015	0.852
KRT8	SENP3	3	0.0582	0.7159
LMNA	SENP3	3	0.0056	0.8326
MAPRE3	SENP3	3	0.0006	0.8588
ACTB	OSBPL3	3	0.0197	0.7764
CTNNA1	OSBPL3	3	0.0051	0.8347
KRT8	OSBPL3	3	0.1241	0.6545
MAPRE3	OSBPL3	3	0.0004	0.8609
ACTB	SMARCAD1	3	0.0896	0.6838
KRT8	SMARCAD1	3	0.5651	0.1536
LMNA	SMARCAD1	3	0.0233	0.7673
ACTB	EHD1	3	0.019	0.7787
CTNNA1	EHD1	3	0.0004	0.8609
KRT8	EHD1	3	0.0149	0.794
LMNA	EHD1	3	0.0013	0.8533
MAPRE3	EHD1	3	0.0039	0.84
LMNA	ZNF644	3	0.0102	0.814
ACTB	HEATR1	3	0.2325	0.5602
KRT8	HEATR1	3	0.3299	0.4547
LMNA	HEATR1	3	0.2527	0.541
MAPRE3	HEATR1	3	0.1136	0.6635
CTNNA1	TFB2M	3	0.0026	0.846
KRT8	TFB2M	3	0.6605	0.1255
LMNA	TFB2M	3	0.0031	0.8437
ACTB	STEEP1	3	0.2087	0.5816
CTNNA1	STEEP1	3	0.0142	0.7968
KRT8	STEEP1	3	0.1924	0.5958
LMNA	STEEP1	3	0.3957	0.2632
MAPRE3	STEEP1	3	0.1546	0.627
LMNA	DHX35	3	0.3333	0.3843
KRT8	BICC1	3	0.3333	0.3843
ACTB	HAUS4	3	0.0073	0.8256
KRT8	HAUS4	3	0.0132	0.8011
MAPRE3	HAUS4	3	0.0001	0.865
ACTB	REEP4	3	0.3333	0.3843
LMNA	REEP4	3	1	0
ACTB	C11orf49	3	0.0203	0.7747
CTNNA1	C11orf49	3	0.0004	0.8609
KRT8	C11orf49	3	0.1047	0.6711
LMNA	C11orf49	3	0.0023	0.8475
MAPRE3	C11orf49	3	0.0082	0.8221
ACTB	CIAO3	3	0.0412	0.7361
CTNNA1	CIAO3	3	0.0233	0.7673
KRT8	CIAO3	3	0.0001	0.865
LMNA	CIAO3	3	0.021	0.7727
ACTB	NOL6	3	0.2159	0.5757
CTNNA1	NOL6	3	0.082	0.692
KRT8	NOL6	3	0.1417	0.6388
LMNA	NOL6	3	0.2911	0.4984
MAPRE3	NOL6	3	0.1995	0.5897
ACTB	WDCP	3	0.0439	0.7325
KRT8	WDCP	3	0.6601	0.1263
LMNA	WDCP	3	0.0064	0.8295
MAPRE3	WDCP	3	0.0098	0.8157
ACTB	YTHDC2	3	0.019	0.7787
CTNNA1	YTHDC2	3	0.0016	0.8515
KRT8	YTHDC2	3	0.0165	0.7874
LMNA	YTHDC2	3	0.0003	0.8621
MAPRE3	YTHDC2	3	0.0141	0.7971
ACTB	AZI2	3	0.0068	0.8277
KRT8	AZI2	3	0.2201	0.572
ACTB	EPS8L2	3	0.1209	0.6573
KRT8	EPS8L2	3	0.0415	0.7358
LMNA	EPS8L2	3	0.0449	0.7315
ACTB	RPAP3	3	0.3935	0.2678
CTNNA1	RPAP3	3	0.1419	0.6387
KRT8	RPAP3	3	0.4382	0.2195
LMNA	RPAP3	3	0.3073	0.48
MAPRE3	RPAP3	3	0.3257	0.4603
ACTB	BCAS3	3	0.0152	0.7929
KRT8	BCAS3	3	0.0065	0.8289
LMNA	BCAS3	3	0.0002	0.8634
MAPRE3	BCAS3	3	0.0052	0.8344
ACTB	ANTXR1	3	0.0058	0.8318
KRT8	ANTXR1	3	0.0064	0.8295
ACTB	WDR55	3	0.1068	0.6686
CTNNA1	WDR55	3	0.0061	0.8305
KRT8	WDR55	3	0.0552	0.7191
LMNA	WDR55	3	0.2973	0.4909
ACTB	RANBP3	3	0.0011	0.8545
KRT8	RANBP3	3	0.0008	0.8571
LMNA	RANBP3	3	0.1154	0.662
ACTB	DCTPP1	3	0.0094	0.8174
CTNNA1	DCTPP1	3	0.01	0.8148
KRT8	DCTPP1	3	0.0051	0.8347
LMNA	DCTPP1	3	0.0027	0.8456
MAPRE3	DCTPP1	3	0.0029	0.8445
ACTB	SH2D4A	3	0.2711	0.521
CTNNA1	SH2D4A	3	0.0859	0.6875
KRT8	SH2D4A	3	0.369	0.3112
LMNA	SH2D4A	3	0.1548	0.6266
MAPRE3	SH2D4A	3	0.1504	0.6315
ACTB	EXO5	3	0.0417	0.7355
KRT8	EXO5	3	0.0463	0.7298
LMNA	EXO5	3	0.1108	0.6657
MAPRE3	EXO5	3	0.011	0.8109
ACTB	PEAK1	3	0.3782	0.2896
CTNNA1	PEAK1	3	0.2041	0.5856
KRT8	PEAK1	3	0.2932	0.4956
LMNA	PEAK1	3	0.0106	0.8123
MAPRE3	PEAK1	3	0.2487	0.5462
ACTB	CPLANE1	3	0.0128	0.8029
KRT8	CPLANE1	3	0.9253	0.0067
MAPRE3	CPLANE1	3	0.008	0.8229
ACTB	RPF2	3	0.0143	0.7965
CTNNA1	RPF2	3	0.0009	0.856
KRT8	RPF2	3	0.0377	0.7411
LMNA	RPF2	3	0.0513	0.723
MAPRE3	RPF2	3	0.0014	0.8526
ACTB	SYNC	3	0.0065	0.8289
KRT8	SYNC	3	0.6638	0.1247
ACTB	DOCK5	3	0.0114	0.8088
KRT8	DOCK5	3	0.0035	0.8419
LMNA	DOCK5	3	0.0012	0.8539
MAPRE3	DOCK5	3	0	0.8672
ACTB	TDRD3	3	0.1511	0.631
KRT8	TDRD3	3	0.0219	0.7704
MAPRE3	TDRD3	3	0.3096	0.4781
ACTB	C8orf33	3	0.0041	0.8393
LMNA	C8orf33	3	0.038	0.7404
ACTB	PLEKHG2	3	0.2834	0.5063
CTNNA1	PLEKHG2	3	0.0004	0.8609
KRT8	PLEKHG2	3	0.0414	0.7359
MAPRE3	PLEKHG2	3	0.0008	0.8571
LMNA	ZNF703	3	0.6667	0.0712
LMNA	AUNIP	3	0.6667	0.0712
KRT8	CCSER2	3	0.2692	0.5235
MAPRE3	CCSER2	3	0.71	0.0476
ACTB	PHAX	3	0.0044	0.8379
KRT8	PHAX	3	0.0019	0.8497
LMNA	PHAX	3	0.3667	0.3157
KRT8	ACAD9	3	0.0092	0.8184
LMNA	ACAD9	3	0.3301	0.4542
ACTB	NT5DC2	3	0.007	0.8268
KRT8	NT5DC2	3	0.989	0.0009
LMNA	NT5DC2	3	0.0271	0.7589
ACTB	DDX31	3	0.1276	0.652
KRT8	DDX31	3	0.0693	0.7042
LMNA	DDX31	3	0.1741	0.611
ACTB	METTL7A	3	0.3333	0.3843
KRT8	METTL7A	3	0.3333	0.3843
KRT8	PAAT	3	0.0091	0.8188
LMNA	BRD9	3	0.201	0.5883
CTNNA1	MINDY3	3	0.0125	0.8041
ACTB	ECT2	3	0.0044	0.8379
KRT8	ECT2	3	0.001	0.8552
LMNA	ECT2	3	0.3304	0.4538
MAPRE3	ECT2	3	0.0018	0.8502
LMNA	FAM204A	3	0.6667	0.0712
ACTB	JPT2	3	0.2742	0.5179
CTNNA1	JPT2	3	0.049	0.7262
KRT8	JPT2	3	0.2888	0.5007
LMNA	JPT2	3	0.1993	0.5897
MAPRE3	JPT2	3	0.1486	0.6333
ACTB	RNF121	3	0.2009	0.5884
CTNNA1	RNF121	3	0.0777	0.6957
KRT8	RNF121	3	0.1868	0.6007
LMNA	RNF121	3	0.2997	0.4877
MAPRE3	RNF121	3	0.0752	0.6983
KRT8	SLC25A22	3	0.3333	0.3843
LMNA	SLC25A22	3	0.3333	0.3843
LMNA	WDR76	3	0.3333	0.3843
ACTB	LRRC40	3	0.1561	0.6257
KRT8	LRRC40	3	0.1752	0.6101
LMNA	LRRC40	3	0.0445	0.7319
MAPRE3	LRRC40	3	0.0162	0.7886
LMNA	RMI1	3	0.1055	0.6702
ACTB	EHMT1	3	0.039	0.7388
LMNA	EHMT1	3	0.0161	0.789
MAPRE3	EHMT1	3	0.0014	0.8526
KRT8	SFXN1	3	0.0062	0.8302
LMNA	SFXN1	3	0.121	0.6572
ACTB	VIPAS39	3	0.0061	0.8305
KRT8	VIPAS39	3	0.0063	0.8298
ACTB	COG4	3	0.014	0.7974
KRT8	COG4	3	0.5268	0.1718
LMNA	COG4	3	0.0027	0.8456
MAPRE3	COG4	3	0.0009	0.856
LMNA	USP42	3	0.0013	0.8533
ACTB	ELP3	3	0.0054	0.8334
KRT8	ELP3	3	0.0055	0.833
LMNA	ELP3	3	0.0061	0.8305
MAPRE3	ELP3	3	0.0049	0.8357
ACTB	POLR1B	3	0.0076	0.8244
KRT8	POLR1B	3	0.2577	0.5356
ACTB	FN3KRP	3	0.0024	0.847
CTNNA1	FN3KRP	3	0.0097	0.8161
KRT8	FN3KRP	3	0.0039	0.84
LMNA	FN3KRP	3	0.008	0.8229
MAPRE3	FN3KRP	3	0.0015	0.852
KRT8	CARS2	3	0.3333	0.3843
ACTB	WDR41	3	0.0193	0.7779
KRT8	WDR41	3	0.0196	0.7768
LMNA	WDR41	3	0.0031	0.8437
MAPRE3	WDR41	3	0.0023	0.8475
ACTB	FBRS	3	0.0015	0.852
LMNA	FBRS	3	0.05	0.7251
ACTB	PLEKHA5	3	0.297	0.4911
CTNNA1	PLEKHA5	3	0.33	0.4544
KRT8	PLEKHA5	3	0.3206	0.4643
LMNA	PLEKHA5	3	0.0027	0.8456
MAPRE3	PLEKHA5	3	0.4372	0.2204
ACTB	UPF2	3	0.0072	0.8261
KRT8	UPF2	3	0.0107	0.8119
MAPRE3	UPF2	3	0.0026	0.846
CTNNA1	GRPEL1	3	0.0297	0.7533
KRT8	GRPEL1	3	0.0544	0.7199
ACTB	CLSPN	3	0.0014	0.8526
KRT8	CLSPN	3	0.0021	0.8485
LMNA	CLSPN	3	0.4416	0.218
ACTB	PLEKHA2	3	0.2925	0.4966
CTNNA1	PLEKHA2	3	0.0674	0.7063
KRT8	PLEKHA2	3	0.3102	0.4775
LMNA	PLEKHA2	3	0.2627	0.5309
MAPRE3	PLEKHA2	3	0.2146	0.5768
ACTB	CACYBP	3	0.3031	0.4831
CTNNA1	CACYBP	3	0.0398	0.7378
KRT8	CACYBP	3	0.301	0.486
LMNA	CACYBP	3	0.2836	0.5059
MAPRE3	CACYBP	3	0.2055	0.5846
ACTB	RC3H2	3	0.0023	0.8475
KRT8	RC3H2	3	0.0175	0.7836
ACTB	ZFYVE1	3	0.0169	0.7858
CTNNA1	ZFYVE1	3	0.0003	0.8621
KRT8	ZFYVE1	3	0.0226	0.769
MAPRE3	ZFYVE1	3	0.0049	0.8357
ACTB	IFT122	3	0	0.8672
KRT8	IFT122	3	0.0015	0.852
MAPRE3	IFT122	3	0	0.8672
ACTB	VEZT	3	0.7186	0.0444
KRT8	VEZT	3	0.0118	0.8069
ACTB	TMEM165	3	0.0075	0.8248
KRT8	TMEM165	3	0.4107	0.2476
LMNA	TMEM165	3	0.0481	0.7275
ACTB	EML4	3	0.191	0.5976
CTNNA1	EML4	3	0.0691	0.7044
KRT8	EML4	3	0.1451	0.6359
MAPRE3	EML4	3	0.5142	0.1767
CTNNA1	GLOD4	3	0.0017	0.8509
KRT8	GLOD4	3	0.0021	0.8485
LMNA	GLOD4	3	0.0089	0.8194
MAPRE3	GLOD4	3	0.0008	0.8571
ACTB	GPBP1L1	3	0.0132	0.8011
KRT8	GPBP1L1	3	0.3077	0.4795
MAPRE3	GPBP1L1	3	0.0015	0.852
LMNA	CBX8	3	0.0437	0.7328
LMNA	SENP2	3	0.3333	0.3843
KRT8	CENPJ	3	1	0
ACTB	MUC5B	3	0.3333	0.3843
ACTB	NEK6	3	0.0068	0.8277
KRT8	NEK6	3	0.0986	0.6764
ACTB	MCCC2	3	0.0101	0.8144
CTNNA1	MCCC2	3	0.018	0.7818
KRT8	MCCC2	3	0.0086	0.8207
LMNA	MCCC2	3	0.0186	0.7799
MAPRE3	MCCC2	3	0.0045	0.8375
LMNA	NCOA5	3	0.0159	0.7897
ACTB	TANC2	3	0.0751	0.6984
CTNNA1	TANC2	3	0.0013	0.8533
KRT8	TANC2	3	0.0648	0.709
MAPRE3	TANC2	3	0.0035	0.8419
ACTB	EPG5	3	0.0093	0.8179
KRT8	EPG5	3	0.0118	0.8069
LMNA	EPG5	3	0.0042	0.8388
MAPRE3	EPG5	3	0.0001	0.865
ACTB	MOV10	3	0.0125	0.8041
KRT8	MOV10	3	0.0169	0.7858
LMNA	MOV10	3	0.0061	0.8305
MAPRE3	MOV10	3	0.001	0.8552
ACTB	ZNF532	3	0.0001	0.865
MAPRE3	ZNF532	3	0	0.8672
ACTB	NCKAP5L	3	0.026	0.7612
CTNNA1	NCKAP5L	3	0.0002	0.8634
KRT8	NCKAP5L	3	0.8371	0.0151
MAPRE3	NCKAP5L	3	0.9952	0.0003
LMNA	RAVER2	3	0.2594	0.5342
ACTB	CHD8	3	0.162	0.6215
CTNNA1	CHD8	3	0.02	0.7755
KRT8	CHD8	3	0.1804	0.6061
LMNA	CHD8	3	0.2951	0.493
MAPRE3	CHD8	3	0.0969	0.678
ACTB	GPN1	3	0.3333	0.3843
KRT8	GPN1	3	1	0
ACTB	XAB2	3	0.2428	0.5517
CTNNA1	XAB2	3	0.0507	0.724
KRT8	XAB2	3	0.2184	0.5732
LMNA	XAB2	3	0.3187	0.4668
MAPRE3	XAB2	3	0.2272	0.5652
ACTB	PREB	3	0.0427	0.7341
CTNNA1	PREB	3	0.0207	0.7735
LMNA	PREB	3	0.0345	0.7461
MAPRE3	PREB	3	0.007	0.8268
ACTB	S100A14	3	0.32	0.4654
ACTB	SRA1	3	0.0042	0.8388
LMNA	SRA1	3	0.0023	0.8475
ACTB	GOPC	3	0.6721	0.0647
CTNNA1	GOPC	3	0.0026	0.846
KRT8	GOPC	3	0.3025	0.4842
MAPRE3	GOPC	3	0.0103	0.8135
ACTB	CHMP1A	3	0.3333	0.3843
KRT8	TM9SF3	3	0.3333	0.3843
ACTB	MYO10	3	0.0951	0.6796
KRT8	MYO10	3	0.1174	0.6602
LMNA	MYO10	3	0.0063	0.8298
MAPRE3	MYO10	3	0.006	0.831
ACTB	WDR6	3	0.0084	0.8215
KRT8	WDR6	3	0.3254	0.4605
LMNA	WDR6	3	0.0082	0.8221
ACTB	TUFT1	3	0.0096	0.8166
KRT8	TUFT1	3	0.0157	0.7907
LMNA	TUFT1	3	0	0.8672
ACTB	BPIFA1	3	0.3333	0.3843
ACTB	ARFGAP3	3	0.0108	0.8115
KRT8	ARFGAP3	3	0.0175	0.7836
MAPRE3	ARFGAP3	3	0.0002	0.8634
CTNNA1	ZCCHC17	3	0.0226	0.769
LMNA	ZCCHC17	3	0.2187	0.5728
ACTB	RAB18	3	0.005	0.8352
CTNNA1	RAB18	3	0.0668	0.7068
KRT8	RAB18	3	0.0105	0.8127
LMNA	RAB18	3	0.0452	0.7313
MAPRE3	RAB18	3	0.0073	0.8256
KRT8	ALG13	3	0.3333	0.3843
ACTB	PALMD	3	0.2658	0.527
CTNNA1	PALMD	3	0.0003	0.8621
KRT8	PALMD	3	0.0114	0.8088
MAPRE3	PALMD	3	0.0005	0.8597
KRT8	PNPLA8	3	1	0
LMNA	EMC7	3	1	0
ACTB	MID1IP1	3	0.0021	0.8485
KRT8	MID1IP1	3	0.0154	0.7921
LMNA	UBE2T	3	0.0044	0.8379
ACTB	DMAP1	3	0.3287	0.4566
LMNA	DMAP1	3	0.0049	0.8357
MAPRE3	DMAP1	3	0.0038	0.8404
LMNA	UBN1	3	0.0007	0.8579
ACTB	DCP1A	3	0.0112	0.8098
KRT8	DCP1A	3	0.0157	0.7907
LMNA	DCP1A	3	0.0002	0.8634
MAPRE3	DCP1A	3	0.0014	0.8526
ACTB	RIC8A	3	0.0125	0.8041
KRT8	RIC8A	3	0.0224	0.7694
LMNA	RIC8A	3	0.0216	0.7711
ACTB	LZTFL1	3	0.0557	0.7183
KRT8	LZTFL1	3	0.0384	0.7398
ACTB	PPAN	3	0.0352	0.7449
KRT8	PPAN	3	0.0764	0.697
LMNA	PPAN	3	0.0806	0.6931
MAPRE3	TRIM36	3	0.3333	0.3843
ACTB	TIGAR	3	0.003	0.8442
KRT8	TIGAR	3	0.0175	0.7836
MAPRE3	TIGAR	3	0.0009	0.856
ACTB	COPRS	3	0.0012	0.8539
KRT8	COPRS	3	0.0152	0.7929
LMNA	COPRS	3	0.0022	0.8481
LMNA	TCF7L2	3	0.068	0.7058
ACTB	RTN4	3	0.3336	0.3834
CTNNA1	RTN4	3	0.171	0.6148
KRT8	RTN4	3	0.3412	0.3654
LMNA	RTN4	3	0.2092	0.5813
MAPRE3	RTN4	3	0.2436	0.551
ACTB	CYLD	3	0.0163	0.7882
CTNNA1	CYLD	3	0.0005	0.8597
KRT8	CYLD	3	0.1507	0.6311
LMNA	CYLD	3	0.0047	0.8366
MAPRE3	CYLD	3	0.0019	0.8497
ACTB	RPRD1B	3	0.013	0.8021
KRT8	RPRD1B	3	0.0007	0.8579
LMNA	RPRD1B	3	0.1007	0.6749
ACTB	PFDN4	3	0.3316	0.4525
CTNNA1	PFDN4	3	0.009	0.819
ACTB	AVEN	3	0.0137	0.7987
KRT8	AVEN	3	0.0286	0.7557
MAPRE3	AVEN	3	0.0023	0.8475
ACTB	INCENP	3	0.2118	0.5788
CTNNA1	INCENP	3	0.1326	0.6471
KRT8	INCENP	3	0.2799	0.5108
LMNA	INCENP	3	0.3005	0.4863
MAPRE3	INCENP	3	0.2608	0.5329
LMNA	PRDM11	3	0.6667	0.0712
ACTB	ANLN	3	0.2351	0.5578
CTNNA1	ANLN	3	0.058	0.716
KRT8	ANLN	3	0.1747	0.6103
LMNA	ANLN	3	0.2531	0.5406
MAPRE3	ANLN	3	0.1898	0.5985
ACTB	GPHN	3	0.184	0.6029
KRT8	GPHN	3	0.2179	0.5739
ACTB	BIRC6	3	0.2645	0.529
CTNNA1	BIRC6	3	0.1232	0.6554
KRT8	BIRC6	3	0.3083	0.4793
LMNA	BIRC6	3	0.1614	0.6219
MAPRE3	BIRC6	3	0.1905	0.5981
ACTB	PDLIM7	3	0.3422	0.3638
CTNNA1	PDLIM7	3	0.1294	0.6508
KRT8	PDLIM7	3	0.2692	0.5235
LMNA	PDLIM7	3	0.1676	0.6171
MAPRE3	PDLIM7	3	0.186	0.6014
ACTB	DDX21	3	0.0931	0.6812
CTNNA1	DDX21	3	0.0336	0.7475
KRT8	DDX21	3	0.2707	0.5215
LMNA	DDX21	3	0.2525	0.5413
MAPRE3	DDX21	3	0.0666	0.7072
KRT8	SAR1A	3	0.0043	0.8384
LMNA	SAR1A	3	1	0
ACTB	SH3GLB2	3	0.3333	0.3843
KRT8	SH3GLB2	3	0.3333	0.3843
LMNA	ASH1L	3	0.129	0.6512
ACTB	EIF4ENIF1	3	0.0093	0.8179
KRT8	EIF4ENIF1	3	0.376	0.2945
MAPRE3	EIF4ENIF1	3	0.0349	0.7454
KRT8	PICK1	3	1	0
LMNA	TSHZ2	3	0.3333	0.3843
LMNA	CHRAC1	3	0.0072	0.8261
ACTB	AAAS	3	0.0444	0.7319
CTNNA1	AAAS	3	0.0116	0.8077
KRT8	AAAS	3	0.0065	0.8289
LMNA	AAAS	3	0.996	0.0002
MAPRE3	AAAS	3	0.0115	0.8082
LMNA	BAZ1A	3	0.1295	0.6507
ACTB	STRN4	3	0.0136	0.7993
CTNNA1	STRN4	3	0.0004	0.8609
KRT8	STRN4	3	0.0135	0.7997
KRT8	LATS2	3	0.6518	0.1301
KRT8	AASDHPPT	3	0.2772	0.5136
LMNA	AASDHPPT	3	0.3108	0.4766
ACTB	DROSHA	3	0.06	0.7139
KRT8	DROSHA	3	0.1667	0.618
LMNA	DROSHA	3	0.1805	0.606
KRT8	HEBP1	3	0	0.8672
LMNA	HEBP1	3	0	0.8672
ACTB	VPS45	3	0.0035	0.8419
KRT8	VPS45	3	0.0088	0.8198
ACTB	ARHGAP35	3	0.1054	0.6704
CTNNA1	ARHGAP35	3	0.0014	0.8526
KRT8	ARHGAP35	3	0.016	0.7893
LMNA	ARHGAP35	3	0.0011	0.8545
MAPRE3	ARHGAP35	3	0.0048	0.8361
ACTB	FAM114A2	3	0.0247	0.7645
CTNNA1	FAM114A2	3	0.0001	0.865
KRT8	FAM114A2	3	0.0146	0.795
MAPRE3	FAM114A2	3	0.0014	0.8526
ACTB	HELLS	3	0.2603	0.5332
CTNNA1	HELLS	3	0.1319	0.6476
KRT8	HELLS	3	0.2187	0.5728
LMNA	HELLS	3	0.3727	0.3029
MAPRE3	HELLS	3	0.2549	0.5386
LMNA	TOPORS	3	1	0
ACTB	LANCL2	3	0.001	0.8552
CTNNA1	LANCL2	3	0.0128	0.8029
KRT8	LANCL2	3	0.0042	0.8388
LMNA	LANCL2	3	0.0053	0.8338
MAPRE3	LANCL2	3	0.0006	0.8588
ACTB	KIF15	3	0.0581	0.7159
CTNNA1	KIF15	3	0.0002	0.8634
KRT8	KIF15	3	0.0292	0.7544
LMNA	KIF15	3	0.0005	0.8597
MAPRE3	KIF15	3	0.0416	0.7356
LMNA	RAD18	3	0.0881	0.6854
ACTB	HOMER2	3	0.3333	0.3843
KRT8	HOMER2	3	0.3333	0.3843
ACTB	FARSB	3	0.0003	0.8621
CTNNA1	FARSB	3	0.0133	0.8007
LMNA	FARSB	3	0.0436	0.7332
MAPRE3	FARSB	3	0.001	0.8552
ACTB	IARS2	3	0.2129	0.5778
CTNNA1	IARS2	3	0.0473	0.7285
KRT8	IARS2	3	0.5953	0.146
LMNA	IARS2	3	0.3286	0.457
MAPRE3	IARS2	3	0.1235	0.6551
KRT8	C1orf112	3	0.012	0.8063
LMNA	C1orf112	3	0.0441	0.732
ACTB	FAM207A	3	0.0088	0.8198
KRT8	FAM207A	3	0.001	0.8552
LMNA	BRWD1	3	0.0113	0.8094
ACTB	KLC4	3	0.0018	0.8502
KRT8	KLC4	3	0.0023	0.8475
ACTB	CENPM	3	0.0254	0.7627
KRT8	CENPM	3	0.5499	0.16
LMNA	CENPM	3	0.9872	0.001
ACTB	DIAPH3	3	0.0203	0.7747
CTNNA1	DIAPH3	3	0.0038	0.8404
KRT8	DIAPH3	3	0.0663	0.7074
LMNA	DIAPH3	3	0.0009	0.856
MAPRE3	DIAPH3	3	0.0467	0.7293
ACTB	BMP2K	3	0.0183	0.7807
KRT8	BMP2K	3	0.1966	0.5919
MAPRE3	BMP2K	3	0.0179	0.7823
ACTB	ATG3	3	0.1819	0.6048
CTNNA1	ATG3	3	0.0378	0.741
KRT8	ATG3	3	0.2551	0.5381
MAPRE3	ATG3	3	0.0625	0.7114
KRT8	TENM2	3	0.1114	0.6652
LMNA	TENM2	3	0.3295	0.4551
MAPRE3	TENM2	3	0.2988	0.4886
ACTB	PDS5B	3	0	0.8672
KRT8	PDS5B	3	0.0016	0.8515
LMNA	PDS5B	3	0.0044	0.8379
ACTB	SMC4	3	0.3897	0.2735
CTNNA1	SMC4	3	0.0791	0.6945
KRT8	SMC4	3	0.2567	0.5367
LMNA	SMC4	3	0.172	0.6135
MAPRE3	SMC4	3	0.1414	0.6392
ACTB	OLA1	3	0.1125	0.6641
CTNNA1	OLA1	3	0.0894	0.6842
KRT8	OLA1	3	0.2094	0.581
LMNA	OLA1	3	0.0601	0.7138
MAPRE3	OLA1	3	0.0049	0.8357
ACTB	ECHDC1	3	0.0988	0.6762
KRT8	ECHDC1	3	0.0051	0.8347
ACTB	RBM12	3	0.0009	0.856
LMNA	RBM12	3	0.0864	0.6871
ACTB	MDN1	3	0.0041	0.8393
KRT8	MDN1	3	0.017	0.7854
LMNA	MDN1	3	0.0013	0.8533
MAPRE3	MDN1	3	0.0001	0.865
ACTB	ZCCHC3	3	0.1389	0.6415
MAPRE3	ZCCHC3	3	0.0015	0.852
ACTB	PDRG1	3	0.3333	0.3843
KRT8	PDRG1	3	0.3333	0.3843
ACTB	TCP11L1	3	0.3399	0.369
CTNNA1	TCP11L1	3	0.1448	0.6362
ACTB	STAU2	3	0.0074	0.8253
CTNNA1	STAU2	3	0.0001	0.865
KRT8	STAU2	3	0.0069	0.8272
MAPRE3	STAU2	3	0.0007	0.8579
ACTB	TXLNG	3	0.0631	0.7107
CTNNA1	TXLNG	3	0.0086	0.8207
KRT8	TXLNG	3	0.1759	0.6095
LMNA	TXLNG	3	0.0051	0.8347
MAPRE3	TXLNG	3	0.0191	0.7785
ACTB	SPATS2L	3	0.0048	0.8361
KRT8	SPATS2L	3	0.0043	0.8384
MAPRE3	SPATS2L	3	0.006	0.831
ACTB	ABCF3	3	0.0159	0.7897
CTNNA1	ABCF3	3	0	0.8672
KRT8	ABCF3	3	0.0195	0.7772
MAPRE3	ABCF3	3	0.003	0.8442
ACTB	OTULINL	3	0.0857	0.6876
KRT8	OTULINL	3	0.8129	0.0218
LMNA	OTULINL	3	0.1578	0.6247
ACTB	DDX19A	3	0.0358	0.7439
CTNNA1	DDX19A	3	0.0007	0.8579
KRT8	DDX19A	3	0.086	0.6874
LMNA	DDX19A	3	0.0048	0.8361
MAPRE3	DDX19A	3	0.0053	0.8338
ACTB	TBC1D23	3	0.0141	0.7971
KRT8	TBC1D23	3	0.0159	0.7897
LMNA	TBC1D23	3	0.0014	0.8526
MAPRE3	TBC1D23	3	0.0003	0.8621
ACTB	DCAF13	3	0.0002	0.8634
KRT8	DCAF13	3	0.0013	0.8533
LMNA	DCAF13	3	0.0109	0.8112
ACTB	EXOC1	3	0.0467	0.7293
KRT8	EXOC1	3	0.2368	0.5564
LMNA	INTS9	3	0.0826	0.6909
KRT8	SEPTIN11	3	0.3333	0.3843
KRT8	MED17	3	0.0042	0.8388
LMNA	MED17	3	0.0055	0.833
ACTB	PARVA	3	0.0136	0.7993
CTNNA1	PARVA	3	0	0.8672
KRT8	PARVA	3	0.0012	0.8539
MAPRE3	PARVA	3	0.0009	0.856
ACTB	DNAJC11	3	0.013	0.8021
KRT8	DNAJC11	3	0.1097	0.6665
LMNA	DNAJC11	3	0.0042	0.8388
KRT8	TMLHE	3	0.3333	0.3843
ACTB	FANCI	3	0.254	0.5394
KRT8	FANCI	3	0.3139	0.4731
LMNA	FANCI	3	0.3794	0.2873
MAPRE3	FANCI	3	0.1629	0.6211
ACTB	ATAD3A	3	0.001	0.8552
CTNNA1	ATAD3A	3	0.0187	0.7798
KRT8	ATAD3A	3	0.0093	0.8179
LMNA	ATAD3A	3	0.0061	0.8305
MAPRE3	ATAD3A	3	0.0014	0.8526
ACTB	DNAJC17	3	0.0005	0.8597
KRT8	DNAJC17	3	0.0045	0.8375
LMNA	DNAJC17	3	0.4204	0.2386
ACTB	INTS13	3	0.1521	0.6295
KRT8	INTS13	3	0.1735	0.6119
LMNA	INTS13	3	0.3253	0.4609
MAPRE3	INTS13	3	0.0268	0.7594
ACTB	GNL3L	3	0.0274	0.7581
LMNA	GNL3L	3	0.2355	0.5576
ACTB	DDX18	3	0.0013	0.8533
KRT8	DDX18	3	0.0105	0.8127
LMNA	DDX18	3	0.004	0.8397
MAPRE3	DDX18	3	0.0002	0.8634
ACTB	ASF1B	3	0.0001	0.865
KRT8	ASF1B	3	0.0036	0.8414
LMNA	ASF1B	3	0.0154	0.7921
LMNA	INTS10	3	0.0045	0.8375
ACTB	DNAAF2	3	0.0214	0.7713
KRT8	DNAAF2	3	0.0139	0.7977
LMNA	DNAAF2	3	0.0014	0.8526
MAPRE3	DNAAF2	3	0.0003	0.8621
ACTB	PNPO	3	0.0053	0.8338
CTNNA1	PNPO	3	0.0075	0.8248
LMNA	PNPO	3	0.012	0.8063
CTNNA1	POLR3E	3	0.2341	0.5587
LMNA	TMEM38B	3	0.3333	0.3843
KRT8	HAUS2	3	0.2838	0.5055
MAPRE3	HAUS2	3	0.0082	0.8221
ACTB	NLE1	3	0.0429	0.7339
CTNNA1	NLE1	3	0.0179	0.7823
KRT8	NLE1	3	0.1437	0.6369
LMNA	NLE1	3	0.0078	0.8237
MAPRE3	NLE1	3	0.002	0.8491
ACTB	KBTBD4	3	0.0047	0.8366
LMNA	KBTBD4	3	1	0
ACTB	NECAP2	3	0.0098	0.8157
CTNNA1	NECAP2	3	0.0004	0.8609
KRT8	NECAP2	3	0.0288	0.7551
LMNA	NECAP2	3	0.0084	0.8215
MAPRE3	NECAP2	3	0.0058	0.8318
KRT8	RBM28	3	0.6519	0.1297
ACTB	RBM22	3	0.2057	0.5844
KRT8	RBM22	3	0.315	0.4716
LMNA	RBM22	3	0.4646	0.201
MAPRE3	RBM22	3	0.2844	0.5052
ACTB	BSDC1	3	0.0017	0.8509
CTNNA1	BSDC1	3	0.0094	0.8174
ACTB	WDR70	3	0.2038	0.5862
KRT8	WDR70	3	0.1382	0.642
LMNA	WDR70	3	0.3711	0.3074
MAPRE3	WDR70	3	0.2002	0.589
KRT8	IFT57	3	0.3333	0.3843
LMNA	RNF216	3	0.1949	0.5933
ACTB	SLTM	3	0.1167	0.6605
CTNNA1	SLTM	3	0.0034	0.8424
KRT8	SLTM	3	0.1037	0.672
LMNA	SLTM	3	0.2359	0.5574
MAPRE3	SLTM	3	0.1126	0.664
ACTB	ZNHIT6	3	0.1766	0.6088
LMNA	ZNHIT6	3	0.0128	0.8029
KRT8	ASNSD1	3	0.0066	0.8285
ACTB	PIH1D1	3	0.057	0.7173
KRT8	PIH1D1	3	0.1706	0.6151
LMNA	PIH1D1	3	0.0008	0.8571
MAPRE3	PIH1D1	3	0.001	0.8552
ACTB	PAK1IP1	3	0.0031	0.8437
LMNA	HPF1	3	0.3118	0.4751
ACTB	IRAK4	3	0.0009	0.856
KRT8	IRAK4	3	0.018	0.7818
ACTB	UCKL1	3	0.003	0.8442
ACTB	GEMIN8	3	0.0097	0.8161
KRT8	GEMIN8	3	0.0134	0.8003
LMNA	GEMIN8	3	0.001	0.8552
MAPRE3	GEMIN8	3	0	0.8672
ACTB	COMMD8	3	0.2133	0.5776
KRT8	COMMD8	3	0.3397	0.3706
LMNA	COMMD8	3	0.0772	0.6961
MAPRE3	COMMD8	3	0.0155	0.7917
KRT8	NHP2	3	0.001	0.8552
LMNA	NHP2	3	0.0122	0.8053
ACTB	OCIAD1	3	0.0027	0.8456
LMNA	TMEM161A	3	0.6667	0.0712
LMNA	DUS2	3	0.1121	0.6646
MAPRE3	SYBU	3	1	0
ACTB	MKS1	3	0.0441	0.732
KRT8	MKS1	3	0.2259	0.5664
LMNA	MKS1	3	0.0134	0.8003
ACTB	MIOS	3	0.0112	0.8098
KRT8	MIOS	3	0.0513	0.723
MAPRE3	MIOS	3	0.0007	0.8579
KRT8	SMPD4	3	0.6667	0.0712
LMNA	SMPD4	3	1	0
ACTB	TEX10	3	0	0.8672
LMNA	TEX10	3	0.0002	0.8634
KRT8	CNTLN	3	0.7243	0.0431
CTNNA1	THUMPD1	3	0.0004	0.8609
LMNA	THUMPD1	3	0.101	0.6745
LMNA	TRMT1	3	0.0603	0.7136
ACTB	NDE1	3	0.5474	0.162
KRT8	NDE1	3	0.9784	0.0014
MAPRE3	NDE1	3	0.0967	0.6783
LMNA	ING3	3	0.0045	0.8375
ACTB	ARL15	3	0.0096	0.8166
CTNNA1	ARL15	3	0.0001	0.865
KRT8	ARL15	3	0.0558	0.7182
LMNA	ARL15	3	0.0068	0.8277
MAPRE3	ARL15	3	0.0014	0.8526
ACTB	CDKN2AIP	3	0.0003	0.8621
KRT8	CDKN2AIP	3	0.0018	0.8502
LMNA	CDKN2AIP	3	0.0135	0.7997
MAPRE3	CDKN2AIP	3	0.0007	0.8579
LMNA	PPP4R2	3	0.175	0.6101
LMNA	AATF	3	0.0037	0.8409
KRT8	ETAA1	3	0.0029	0.8445
LMNA	ETAA1	3	0.3167	0.4693
MAPRE3	DDX56	3	0.3333	0.3843
ACTB	BCLAF1	3	0.227	0.5654
CTNNA1	BCLAF1	3	0.0065	0.8289
KRT8	BCLAF1	3	0.173	0.6123
LMNA	BCLAF1	3	0.3046	0.4816
MAPRE3	BCLAF1	3	0.2355	0.5576
ACTB	PSD3	3	0.009	0.819
CTNNA1	PSD3	3	0.0012	0.8539
KRT8	PSD3	3	0.1188	0.6589
ACTB	TAB2	3	0.0366	0.7428
KRT8	TAB2	3	0.0739	0.6993
KRT8	EURL	3	0.2614	0.5322
LMNA	EURL	3	0.2693	0.5231
ACTB	MAP3K20	3	0.0034	0.8424
KRT8	MAP3K20	3	0.2846	0.5049
LMNA	MAP3K20	3	0.0148	0.7943
MAPRE3	MAP3K20	3	0.001	0.8552
ACTB	TMOD3	3	0.4131	0.2471
CTNNA1	TMOD3	3	0.14	0.6404
KRT8	TMOD3	3	0.3138	0.4732
LMNA	TMOD3	3	0.1845	0.6025
MAPRE3	TMOD3	3	0.2119	0.5787
ACTB	ELOVL5	3	0.0059	0.8315
KRT8	ELOVL5	3	0.036	0.7434
LMNA	ELOVL5	3	0.0077	0.824
MAPRE3	ELOVL5	3	0.0003	0.8621
ACTB	MIS18A	3	0.0025	0.8466
KRT8	MIS18A	3	0.0711	0.7026
LMNA	MIS18A	3	0.2908	0.4987
MAPRE3	MIS18A	3	0.016	0.7893
KRT8	PLEK2	3	0.3333	0.3843
LMNA	CDK12	3	0.0042	0.8388
KRT8	FASTKD2	3	0.9615	0.0023
ACTB	GTSE1	3	0.0054	0.8334
CTNNA1	GTSE1	3	0.0001	0.865
KRT8	GTSE1	3	0.0112	0.8098
LMNA	GTSE1	3	0.0101	0.8144
MAPRE3	GTSE1	3	0.9293	0.0058
ACTB	TECR	3	0.1957	0.5929
CTNNA1	TECR	3	0.0394	0.7382
KRT8	TECR	3	0.3574	0.33
LMNA	TECR	3	0.1757	0.6098
MAPRE3	TECR	3	0.0895	0.6839
ACTB	UBAP1	3	0.214	0.5771
CTNNA1	UBAP1	3	0.0352	0.7449
KRT8	UBAP1	3	0.2492	0.5457
LMNA	UBAP1	3	0.0297	0.7533
MAPRE3	UBAP1	3	0.1097	0.6665
ACTB	USE1	3	0.0065	0.8289
LMNA	USE1	3	0.6307	0.1372
ACTB	CISD1	3	0.0045	0.8375
KRT8	CISD1	3	0.0028	0.8451
LMNA	CISD1	3	0	0.8672
LMNA	C9orf78	3	0.2862	0.5031
ACTB	FAM120A	3	0.2212	0.571
CTNNA1	FAM120A	3	0.078	0.6955
KRT8	FAM120A	3	0.2479	0.5469
LMNA	FAM120A	3	0.0379	0.7406
MAPRE3	FAM120A	3	0.098	0.677
ACTB	SMARCAL1	3	0.0841	0.6893
KRT8	SMARCAL1	3	0.1048	0.6709
LMNA	SMARCAL1	3	0.0784	0.6951
LMNA	IGF2BP1	3	0.3333	0.3843
ACTB	DTL	3	0.0484	0.7269
KRT8	DTL	3	0.0466	0.7294
LMNA	DTL	3	0.0336	0.7475
ACTB	SACS	3	0.0139	0.7977
KRT8	SACS	3	0.9999	0
LMNA	SACS	3	0.0009	0.856
MAPRE3	SACS	3	0.0008	0.8571
KRT8	COQ3	3	0.4058	0.2528
LMNA	COQ3	3	0.2754	0.5163
ACTB	MTCH1	3	0.0739	0.6993
KRT8	MTCH1	3	0.0763	0.697
LMNA	MTCH1	3	0.0282	0.7564
MAPRE3	MTCH1	3	0.0162	0.7886
ACTB	HSPBP1	3	0.014	0.7974
KRT8	HSPBP1	3	0.0508	0.7239
LMNA	HSPBP1	3	0.0085	0.8211
ACTB	MYOF	3	0.159	0.6239
CTNNA1	MYOF	3	0.0224	0.7694
KRT8	MYOF	3	0.2025	0.5871
LMNA	MYOF	3	0.0413	0.736
MAPRE3	MYOF	3	0.0229	0.7683
ACTB	EHD2	3	0.0081	0.8226
CTNNA1	EHD2	3	0.0002	0.8634
KRT8	EHD2	3	0.011	0.8109
LMNA	EHD2	3	0.0044	0.8379
MAPRE3	EHD2	3	0.0001	0.865
ACTB	CNOT2	3	0.2282	0.564
KRT8	CNOT2	3	0.0591	0.715
ACTB	CALML5	3	0.6534	0.1288
LMNA	CALML5	3	0.0034	0.8424
MAPRE3	CALML5	3	0.2506	0.5436
LMNA	OGFR	3	0.0038	0.8404
KRT8	PALS2	3	0.0014	0.8526
MAPRE3	PALS2	3	0	0.8672
ACTB	CHMP5	3	0.0141	0.7971
CTNNA1	CHMP5	3	0.0001	0.865
KRT8	CHMP5	3	0.018	0.7818
LMNA	CHMP5	3	0.0098	0.8157
MAPRE3	CHMP5	3	0.0018	0.8502
ACTB	COMMD9	3	0.0143	0.7965
CTNNA1	COMMD9	3	0.0015	0.852
KRT8	COMMD9	3	0.0188	0.7795
LMNA	COMMD9	3	0.0119	0.8066
MAPRE3	COMMD9	3	0.0002	0.8634
ACTB	CNIH4	3	0.3244	0.4616
CTNNA1	CNIH4	3	0.0274	0.7581
KRT8	CNIH4	3	0.4086	0.2493
LMNA	CNIH4	3	0.3546	0.3377
MAPRE3	CNIH4	3	0.2886	0.5008
ACTB	CWC15	3	0.0042	0.8388
LMNA	CWC15	3	0.0002	0.8634
ACTB	HACD3	3	0.3124	0.4747
CTNNA1	HACD3	3	0.092	0.6819
KRT8	HACD3	3	0.3631	0.3203
LMNA	HACD3	3	0.3116	0.4755
MAPRE3	HACD3	3	0.2359	0.5574
KRT8	PDP1	3	0.3333	0.3843
ACTB	RAI14	3	0.4535	0.2113
CTNNA1	RAI14	3	0.356	0.3337
KRT8	RAI14	3	0.4341	0.2238
MAPRE3	RAI14	3	0.2048	0.5851
ACTB	VAPA	3	0.0162	0.7886
KRT8	VAPA	3	0.0182	0.7811
LMNA	VAPA	3	0.3755	0.296
MAPRE3	VAPA	3	0.0001	0.865
KRT8	SENP1	3	0.007	0.8268
LMNA	SENP1	3	1	0
ACTB	SH3BP4	3	0.2749	0.5169
CTNNA1	SH3BP4	3	0.2422	0.552
KRT8	SH3BP4	3	0.2862	0.5031
LMNA	SH3BP4	3	0.0829	0.6905
MAPRE3	SH3BP4	3	0.1977	0.5911
ACTB	SEPTIN10	3	0.0165	0.7874
KRT8	SEPTIN10	3	0.0045	0.8375
MAPRE3	SEPTIN10	3	0.0001	0.865
ACTB	SPATA7	3	0.1612	0.6222
KRT8	SPATA7	3	0.076	0.6974
LMNA	SPATA7	3	0.0578	0.7162
ACTB	ABRACL	3	0.0057	0.8322
CTNNA1	ABRACL	3	0.0133	0.8007
KRT8	ABRACL	3	0.029	0.7549
LMNA	ABRACL	3	0.0078	0.8237
MAPRE3	ABRACL	3	0.0025	0.8466
LMNA	PHRF1	3	0.0064	0.8295
KRT8	CALCOCO1	3	0.1492	0.6325
MAPRE3	CALCOCO1	3	0.0186	0.7799
ACTB	KIAA1522	3	0.9815	0.0013
CTNNA1	KIAA1522	3	0.0013	0.8533
KRT8	KIAA1522	3	0.0041	0.8393
ACTB	CEP72	3	0.0065	0.8289
KRT8	CEP72	3	0.9264	0.0063
LMNA	CEP72	3	0.0089	0.8194
MAPRE3	CEP72	3	0.0036	0.8414
ACTB	CCDC88C	3	0.1318	0.6478
CTNNA1	CCDC88C	3	0.0676	0.7061
KRT8	CCDC88C	3	0.0597	0.7143
MAPRE3	CCDC88C	3	0.0212	0.7721
ACTB	NYAP2	3	0.3173	0.4679
KRT8	NYAP2	3	0.2459	0.5486
MAPRE3	NYAP2	3	0.0033	0.8429
ACTB	STIM2	3	0.001	0.8552
KRT8	STIM2	3	0.0065	0.8289
LMNA	STIM2	3	0.0018	0.8502
MAPRE3	STIM2	3	0.0092	0.8184
ACTB	VPS18	3	0.0036	0.8414
KRT8	VPS18	3	0.9986	0.0001
ACTB	RCC2	3	0.0058	0.8318
CTNNA1	RCC2	3	0.0089	0.8194
KRT8	RCC2	3	0.0081	0.8226
LMNA	RCC2	3	0.0138	0.7982
MAPRE3	RCC2	3	0.0031	0.8437
ACTB	RELCH	3	0.0019	0.8497
KRT8	RELCH	3	0.0032	0.8433
ACTB	DIP2B	3	0.1346	0.6451
KRT8	DIP2B	3	0.3522	0.3431
MAPRE3	DIP2B	3	0.0026	0.846
ACTB	SLAIN2	3	0.3382	0.3743
CTNNA1	SLAIN2	3	0.1481	0.6335
KRT8	SLAIN2	3	0.3504	0.3483
LMNA	SLAIN2	3	0.0355	0.7445
MAPRE3	SLAIN2	3	0.436	0.2214
LMNA	USP36	3	0.0004	0.8609
ACTB	BCCIP	3	0.0364	0.7429
KRT8	BCCIP	3	0.0317	0.7499
LMNA	BCCIP	3	0.0786	0.695
ACTB	STK26	3	0.0101	0.8144
CTNNA1	STK26	3	0.0001	0.865
KRT8	STK26	3	0.0063	0.8298
LMNA	STK26	3	0.0005	0.8597
MAPRE3	STK26	3	0.0012	0.8539
KRT8	ARMCX1	3	0.3333	0.3843
ACTB	CTTNBP2NL	3	0.8127	0.0223
CTNNA1	CTTNBP2NL	3	0.0002	0.8634
KRT8	CTTNBP2NL	3	0.0149	0.794
MAPRE3	CTTNBP2NL	3	0.0043	0.8384
KRT8	CFAP97	3	0.1487	0.6332
LMNA	CFAP97	3	0.2438	0.5509
MAPRE3	CFAP97	3	0.6533	0.1292
ACTB	IBTK	3	0.0023	0.8475
KRT8	IBTK	3	0.011	0.8109
MAPRE3	IBTK	3	0.0041	0.8393
ACTB	CHD7	3	0.0117	0.8074
KRT8	CHD7	3	0.0003	0.8621
LMNA	CHD7	3	0.01	0.8148
KRT8	HEATR5B	3	0.3333	0.3843
KRT8	FAM135A	3	0.0085	0.8211
ACTB	RRBP1	3	0.0647	0.7091
CTNNA1	RRBP1	3	0.0878	0.6858
KRT8	RRBP1	3	0.0555	0.7186
LMNA	RRBP1	3	0.1269	0.6527
MAPRE3	RRBP1	3	0.0868	0.6867
ACTB	SIPA1L2	3	0.047	0.7288
KRT8	SIPA1L2	3	0.4366	0.2209
MAPRE3	SIPA1L2	3	0.0003	0.8621
ACTB	CPSF2	3	0	0.8672
KRT8	CPSF2	3	0	0.8672
LMNA	CPSF2	3	0.0001	0.865
KRT8	KLHL9	3	0.004	0.8397
ACTB	LARS1	3	0.2679	0.5246
CTNNA1	LARS1	3	0.0589	0.7154
KRT8	LARS1	3	0.2745	0.5175
LMNA	LARS1	3	0.1668	0.6178
MAPRE3	LARS1	3	0.1641	0.6199
KRT8	CC2D2A	3	0.3333	0.3843
ACTB	EIF2AK4	3	0.0053	0.8338
KRT8	EIF2AK4	3	0.0274	0.7581
ACTB	CGN	3	0.02	0.7755
KRT8	CGN	3	0.2891	0.5003
ACTB	RBM27	3	0.0002	0.8634
KRT8	RBM27	3	0.0024	0.847
LMNA	RBM27	3	0.0195	0.7772
MAPRE3	RBM27	3	0.0053	0.8338
ACTB	KLHL13	3	0.1512	0.6308
CTNNA1	KLHL13	3	0.0009	0.856
KRT8	KLHL13	3	0.0258	0.7616
LMNA	KLHL13	3	0.0042	0.8388
MAPRE3	KLHL13	3	0.0012	0.8539
KRT8	ANKFY1	3	0.0018	0.8502
KRT8	SUCLA2	3	0.6667	0.0712
ACTB	WRAP73	3	0.1699	0.6156
CTNNA1	WRAP73	3	0.0101	0.8144
KRT8	WRAP73	3	0.089	0.6847
ACTB	DPM3	3	0.0451	0.7314
ACTB	ATXN10	3	0.0227	0.7688
CTNNA1	ATXN10	3	0.0001	0.865
KRT8	ATXN10	3	0.0253	0.7631
LMNA	ATXN10	3	0.0102	0.814
MAPRE3	ATXN10	3	0.0073	0.8256
LMNA	MBD2	3	0.6667	0.0712
ACTB	NCDN	3	0.0031	0.8437
KRT8	NCDN	3	0.3407	0.3667
ACTB	TFIP11	3	0.0001	0.865
KRT8	TFIP11	3	0.0079	0.8232
LMNA	TFIP11	3	0.0192	0.7782
ACTB	EPS15L1	3	0.0157	0.7907
CTNNA1	EPS15L1	3	0.0002	0.8634
KRT8	EPS15L1	3	0.0124	0.8045
MAPRE3	EPS15L1	3	0.0015	0.852
ACTB	ORC3	3	0.4448	0.2156
KRT8	ORC3	3	0.3737	0.3
LMNA	ORC3	3	0.4503	0.2137
MAPRE3	ORC3	3	0.2522	0.5415
ACTB	PI4KB	3	0.0118	0.8069
ACTB	XPR1	3	0.0057	0.8322
KRT8	XPR1	3	0.0032	0.8433
ACTB	MTRR	3	0.0191	0.7785
CTNNA1	MTRR	3	0.0016	0.8515
KRT8	MTRR	3	0.0224	0.7694
LMNA	MTRR	3	0.0006	0.8588
MAPRE3	MTRR	3	0.0097	0.8161
ACTB	UXT	3	0.0116	0.8077
ACTB	DHCR7	3	0.0082	0.8221
KRT8	DHCR7	3	0.2041	0.5856
LMNA	DHCR7	3	0.59	0.1465
MAPRE3	DHCR7	3	0.0023	0.8475
ACTB	HDAC6	3	0.006	0.831
KRT8	HDAC6	3	0.5398	0.1664
ACTB	SPAST	3	0.3333	0.3843
ACTB	GULP1	3	0.0086	0.8207
KRT8	GULP1	3	0.004	0.8397
CTNNA1	EIF3K	3	0.0056	0.8326
KRT8	EIF3K	3	0.0367	0.7425
CTNNA1	GRHPR	3	0.0252	0.7633
KRT8	GRHPR	3	0.0455	0.7307
LMNA	GRHPR	3	0.1646	0.6196
LMNA	POLK	3	0.3333	0.3843
ACTB	NXF1	3	0.015	0.7937
KRT8	NXF1	3	0.0154	0.7921
LMNA	NXF1	3	0.0161	0.789
MAPRE3	NXF1	3	0.0042	0.8388
ACTB	PEF1	3	0.0093	0.8179
CTNNA1	PEF1	3	0.0103	0.8135
KRT8	PEF1	3	0.011	0.8109
LMNA	PEF1	3	0.0078	0.8237
MAPRE3	PEF1	3	0.0017	0.8509
ACTB	ZMYM2	3	0	0.8672
LMNA	ZMYM2	3	0.0092	0.8184
ACTB	SLC25A10	3	0.0036	0.8414
KRT8	SLC25A10	3	0.2063	0.5836
LMNA	SLC25A10	3	0.0496	0.7256
ACTB	TJP2	3	0.218	0.5737
KRT8	TJP2	3	0.0161	0.789
MAPRE3	TJP2	3	0.0032	0.8433
ACTB	DNAJB4	3	0.0482	0.7273
CTNNA1	DNAJB4	3	0.0065	0.8289
KRT8	DNAJB4	3	0.9269	0.006
LMNA	DNAJB4	3	0.0278	0.7573
KRT8	MALT1	3	0.0115	0.8082
ACTB	CFDP1	3	0.0024	0.847
LMNA	CFDP1	3	0.3473	0.3554
MAPRE3	CFDP1	3	0.0018	0.8502
ACTB	ZNF629	3	0.0023	0.8475
KRT8	ZNF629	3	0.0009	0.856
LMNA	ZNF629	3	0.4863	0.1891
ACTB	ADD3	3	0.3091	0.4785
CTNNA1	ADD3	3	0.0017	0.8509
KRT8	ADD3	3	0.0119	0.8066
LMNA	ADD3	3	0.0082	0.8221
MAPRE3	ADD3	3	0.0016	0.8515
ACTB	CNOT8	3	0.0118	0.8069
CTNNA1	CNOT8	3	0.001	0.8552
KRT8	CNOT8	3	0.0229	0.7683
LMNA	CNOT8	3	0.0011	0.8545
MAPRE3	CNOT8	3	0.0049	0.8357
ACTB	C19orf25	3	0.0805	0.6933
KRT8	C19orf25	3	0.2764	0.5147
ACTB	IFT172	3	0.0056	0.8326
KRT8	IFT172	3	0.8367	0.0155
ACTB	ABCF2	3	0.3399	0.369
CTNNA1	ABCF2	3	0.1681	0.6169
KRT8	ABCF2	3	0.3812	0.2858
LMNA	ABCF2	3	0.239	0.5544
MAPRE3	ABCF2	3	0.3	0.487
ACTB	TES	3	0.435	0.2224
CTNNA1	TES	3	0.1911	0.5972
KRT8	TES	3	0.261	0.5325
LMNA	TES	3	0.0493	0.726
MAPRE3	TES	3	0.1727	0.6126
ACTB	TUBGCP4	3	0.3333	0.3843
KRT8	TUBGCP4	3	0.3333	0.3843
ACTB	DMBT1	3	0.3333	0.3843
KRT8	DMBT1	3	0.0034	0.8424
ACTB	LIMD1	3	0.1125	0.6641
CTNNA1	LIMD1	3	0.0063	0.8298
KRT8	LIMD1	3	0.362	0.3233
LMNA	LIMD1	3	0.0009	0.856
MAPRE3	LIMD1	3	0.0011	0.8545
LMNA	POLL	3	0.3333	0.3843
ACTB	SEC63	3	0.0021	0.8485
CTNNA1	SEC63	3	0.0009	0.856
KRT8	SEC63	3	0.0018	0.8502
LMNA	SEC63	3	0.5553	0.1581
MAPRE3	SEC63	3	0.0017	0.8509
KRT8	ZC3H7B	3	0.0079	0.8232
ACTB	TCF20	3	0.0021	0.8485
KRT8	TCF20	3	0.0007	0.8579
LMNA	TCF20	3	0.0212	0.7721
MAPRE3	TCF20	3	0.0011	0.8545
ACTB	HMGXB4	3	0.0224	0.7694
KRT8	HMGXB4	3	0.0007	0.8579
MAPRE3	HMGXB4	3	0.0002	0.8634
ACTB	NDRG3	3	0.1838	0.603
CTNNA1	NDRG3	3	0.0042	0.8388
KRT8	NDRG3	3	0.1491	0.6325
LMNA	NDRG3	3	0.1737	0.6114
MAPRE3	NDRG3	3	0.0107	0.8119
KRT8	ARMCX3	3	0.0023	0.8475
LMNA	ARMCX3	3	0.0056	0.8326
MAPRE3	ARMCX3	3	0.0006	0.8588
ACTB	SWAP70	3	0.0198	0.7761
KRT8	SWAP70	3	0.0157	0.7907
LMNA	SWAP70	3	0.0009	0.856
MAPRE3	SWAP70	3	0.0025	0.8466
LMNA	SUN2	3	1	0
LMNA	RSL24D1	3	0.6667	0.0712
ACTB	LIMA1	3	0.4582	0.2064
CTNNA1	LIMA1	3	0.1013	0.6743
KRT8	LIMA1	3	0.1734	0.612
LMNA	LIMA1	3	0.0915	0.6825
MAPRE3	LIMA1	3	0.122	0.6565
ACTB	AFF4	3	0.0006	0.8588
LMNA	AFF4	3	0.0132	0.8011
ACTB	SRP68	3	0.2863	0.5028
CTNNA1	SRP68	3	0.1599	0.6232
KRT8	SRP68	3	0.2602	0.5336
LMNA	SRP68	3	0.083	0.6904
MAPRE3	SRP68	3	0.2201	0.572
ACTB	MLH3	3	0.0017	0.8509
LMNA	MLH3	3	0.1472	0.6339
ACTB	CHORDC1	3	0.2183	0.5733
CTNNA1	CHORDC1	3	0.0355	0.7445
KRT8	CHORDC1	3	0.3298	0.4548
LMNA	CHORDC1	3	0.1982	0.5908
MAPRE3	CHORDC1	3	0.1083	0.6675
ACTB	TBK1	3	0.0151	0.7933
CTNNA1	TBK1	3	0.0002	0.8634
KRT8	TBK1	3	0.1259	0.6532
LMNA	TBK1	3	0.0006	0.8588
MAPRE3	TBK1	3	0.0029	0.8445
ACTB	SEPTIN9	3	0.4552	0.2093
CTNNA1	SEPTIN9	3	0.1518	0.6298
KRT8	SEPTIN9	3	0.314	0.4728
MAPRE3	SEPTIN9	3	0.3484	0.3526
LMNA	TRPS1	3	0.0047	0.8366
ACTB	DDX20	3	0.281	0.509
CTNNA1	DDX20	3	0.1013	0.6743
KRT8	DDX20	3	0.2942	0.4944
LMNA	DDX20	3	0.2326	0.56
MAPRE3	DDX20	3	0.1922	0.596
LMNA	GTF2IRD1	3	0.3558	0.3347
LMNA	CEMIP2	3	0.3333	0.3843
LMNA	NARF	3	1	0
ACTB	BAIAP2L1	3	0.3625	0.3223
KRT8	BAIAP2L1	3	0.0049	0.8357
ACTB	SAP30BP	3	0.0036	0.8414
LMNA	SAP30BP	3	0.5503	0.159
ACTB	MED13	3	0.0126	0.8036
LMNA	MED13	3	0.01	0.8148
ACTB	PFDN2	3	1	0
KRT8	PFDN2	3	0.066	0.7076
LMNA	GPN3	3	0.3333	0.3843
ACTB	PUF60	3	0.3447	0.3595
CTNNA1	PUF60	3	0.107	0.6684
KRT8	PUF60	3	0.3457	0.3573
LMNA	PUF60	3	0.3221	0.4634
MAPRE3	PUF60	3	0.2679	0.5246
MAPRE3	EIF2B4	3	0.0028	0.8451
ACTB	ATP6V1H	3	0.0044	0.8379
KRT8	ATP6V1H	3	0.0483	0.727
LMNA	ATP6V1H	3	0.0025	0.8466
ACTB	TAGLN3	3	0.3547	0.3365
KRT8	TAGLN3	3	0.0185	0.7803
LMNA	TAGLN3	3	0.001	0.8552
ACTB	IPO11	3	0.0109	0.8112
KRT8	IPO11	3	0.151	0.631
LMNA	IPO11	3	0.0083	0.8218
ACTB	TRMT112	3	0.4103	0.2485
KRT8	TRMT112	3	0.6479	0.133
ACTB	VPS51	3	0.0083	0.8218
KRT8	VPS51	3	1	0
MAPRE3	VPS51	3	0.0055	0.833
ACTB	BAZ2B	3	0.0006	0.8588
LMNA	BAZ2B	3	0.0129	0.8025
KRT8	BAZ2A	3	0.0005	0.8597
LMNA	BAZ2A	3	0.0134	0.8003
ACTB	BAZ1B	3	0.1777	0.6082
CTNNA1	BAZ1B	3	0.0694	0.7041
KRT8	BAZ1B	3	0.1886	0.5995
LMNA	BAZ1B	3	0.2859	0.5039
MAPRE3	BAZ1B	3	0.2065	0.5833
LMNA	SIX4	3	0.0192	0.7782
LMNA	GGT7	3	0.3333	0.3843
ACTB	RABGEF1	3	0.0044	0.8379
KRT8	RABGEF1	3	0.3395	0.3716
ACTB	NAGK	3	0.0046	0.8372
LMNA	NAGK	3	0.0005	0.8597
ACTB	ANXA10	3	0.0134	0.8003
CTNNA1	ANXA10	3	0.02	0.7755
KRT8	ANXA10	3	0.0148	0.7943
LMNA	ANXA10	3	0.0236	0.7667
MAPRE3	ANXA10	3	0.0082	0.8221
ACTB	HACL1	3	0.0055	0.833
KRT8	HACL1	3	0.0057	0.8322
LMNA	TRMT6	3	0.025	0.7637
KRT8	HOOK1	3	0.6667	0.0712
ACTB	RASAL2	3	0.0151	0.7933
CTNNA1	RASAL2	3	0.0005	0.8597
KRT8	RASAL2	3	0.0163	0.7882
MAPRE3	RASAL2	3	0.0011	0.8545
ACTB	SLC25A13	3	0.0844	0.6886
CTNNA1	SLC25A13	3	0.0067	0.8281
KRT8	SLC25A13	3	0.5015	0.1841
LMNA	SLC25A13	3	0.3913	0.271
ACTB	DBNL	3	0.4814	0.1915
CTNNA1	DBNL	3	0.0621	0.712
KRT8	DBNL	3	0.1706	0.6151
LMNA	DBNL	3	0.0483	0.727
MAPRE3	DBNL	3	0.091	0.683
LMNA	DDX41	3	0.6667	0.0712
ACTB	DCTN4	3	0.1358	0.6442
LMNA	ZNF180	3	0.3333	0.3843
ACTB	ANAPC5	3	0.0127	0.8033
CTNNA1	ANAPC5	3	0	0.8672
KRT8	ANAPC5	3	0.0862	0.6872
LMNA	ANAPC5	3	0.0031	0.8437
MAPRE3	ANAPC5	3	0.0027	0.8456
KRT8	ANAPC4	3	1	0
ACTB	HSPB8	3	0.0104	0.8132
CTNNA1	HSPB8	3	0.0011	0.8545
ACTB	GGA2	3	0.0079	0.8232
KRT8	GGA2	3	0.0158	0.7903
MAPRE3	GGA2	3	0	0.8672
LMNA	DBR1	3	0.3333	0.3843
ACTB	TASOR	3	0.1915	0.5968
KRT8	TASOR	3	0.2097	0.5807
LMNA	TASOR	3	0.3319	0.4518
MAPRE3	TASOR	3	0.1958	0.5927
ACTB	JPT1	3	0.0184	0.7806
CTNNA1	JPT1	3	0.0002	0.8634
KRT8	JPT1	3	0.0257	0.7618
LMNA	JPT1	3	0.0096	0.8166
MAPRE3	JPT1	3	0.0038	0.8404
ACTB	AKAP11	3	0.0017	0.8509
KRT8	AKAP11	3	0.0011	0.8545
ACTB	DNAJC12	3	0.0126	0.8036
KRT8	DNAJC12	3	0.1037	0.672
LMNA	DNAJC12	3	0.0038	0.8404
LMNA	GMEB2	3	0.0111	0.8104
LMNA	MRTO4	3	0.123	0.6558
ACTB	CPSF3	3	0.0147	0.7947
CTNNA1	CPSF3	3	0.0001	0.865
KRT8	CPSF3	3	0.014	0.7974
LMNA	CPSF3	3	0.0087	0.8203
MAPRE3	CPSF3	3	0.001	0.8552
ACTB	APPL1	3	0.0047	0.8366
KRT8	APPL1	3	0.3049	0.4814
ACTB	CDC42EP3	3	0.0027	0.8456
CTNNA1	CDC42EP3	3	0.0003	0.8621
KRT8	CDC42EP3	3	0.0082	0.8221
LMNA	TLK1	3	0.3333	0.3843
LMNA	GPATCH8	3	0.0022	0.8481
ACTB	PARP4	3	0.0113	0.8094
CTNNA1	PARP4	3	0.0001	0.865
KRT8	PARP4	3	0.0212	0.7721
LMNA	PARP4	3	0.0019	0.8497
MAPRE3	PARP4	3	0.0009	0.856
ACTB	NUDT5	3	0.0071	0.8264
CTNNA1	NUDT5	3	0	0.8672
KRT8	NUDT5	3	0.0148	0.7943
LMNA	NUDT5	3	0.0026	0.846
MAPRE3	NUDT5	3	0.0021	0.8485
ACTB	RCOR1	3	0.2387	0.5547
KRT8	RCOR1	3	0.1693	0.6161
ACTB	CASP8AP2	3	0.1364	0.6437
ACTB	GTF3C4	3	0.0866	0.6869
KRT8	GTF3C4	3	0.1302	0.6499
LMNA	GTF3C4	3	0.3037	0.4825
MAPRE3	GTF3C4	3	0.0959	0.6789
ACTB	ACIN1	3	0.2237	0.5684
LMNA	ACIN1	3	0.2926	0.4964
MAPRE3	ACIN1	3	0.0975	0.6775
ACTB	AGO2	3	0.0656	0.7078
CTNNA1	AGO2	3	0.0005	0.8597
KRT8	AGO2	3	0.0527	0.7216
MAPRE3	AGO2	3	0.004	0.8397
ACTB	NUP50	3	0.1162	0.6611
KRT8	NUP50	3	0.1316	0.6479
LMNA	NUP50	3	0.3828	0.283
ACTB	ZHX1	3	0.0651	0.7085
LMNA	ZHX1	3	0.0057	0.8322
ACTB	CDV3	3	0.0136	0.7993
KRT8	CDV3	3	0.0202	0.7751
MAPRE3	CDV3	3	0.0006	0.8588
LMNA	BAG5	3	0.3333	0.3843
ACTB	RAB21	3	0.0052	0.8344
KRT8	RAB21	3	0.5136	0.1782
LMNA	RAB21	3	0.9911	0.0007
ACTB	PSME2	3	0.0564	0.7178
CTNNA1	PSME2	3	0.0135	0.7997
KRT8	PSME2	3	0.0885	0.6853
LMNA	PSME2	3	0.0068	0.8277
ACTB	TAOK2	3	0.3333	0.3843
MAPRE3	TAOK2	3	0.3333	0.3843
ACTB	MKLN1	3	0.0051	0.8347
CTNNA1	DNPEP	3	0.0084	0.8215
CTNNA1	MCTS1	3	0.0002	0.8634
ACTB	MTUS1	3	0.011	0.8109
CTNNA1	MTUS1	3	0.0023	0.8475
KRT8	MTUS1	3	0.0161	0.789
LMNA	MTUS1	3	0.0007	0.8579
MAPRE3	MTUS1	3	0.0526	0.7216
KRT8	WWC3	3	0.3333	0.3843
KRT8	CCPG1	3	0.3333	0.3843
ACTB	KIDINS220	3	0.0109	0.8112
CTNNA1	KIDINS220	3	0.0006	0.8588
KRT8	KIDINS220	3	0.0098	0.8157
MAPRE3	KIDINS220	3	0.0001	0.865
ACTB	ASAP1	3	0.3513	0.3454
KRT8	ASAP1	3	0.6713	0.0653
MAPRE3	ASAP1	3	0.0043	0.8384
ACTB	MRTFB	3	0.9929	0.0005
KRT8	MRTFB	3	0.0877	0.6859
KRT8	ODF2L	3	0.023	0.7682
CTNNA1	ZBTB21	3	0.0002	0.8634
LMNA	ZBTB21	3	0.0268	0.7594
ACTB	ANKRD50	3	0.0115	0.8082
CTNNA1	ANKRD50	3	0.0073	0.8256
KRT8	ANKRD50	3	0.125	0.6536
MAPRE3	ANKRD50	3	0.0204	0.7744
ACTB	PPP1R9A	3	1	0
ACTB	MED23	3	0.3012	0.4859
CTNNA1	MED23	3	0.1125	0.6641
KRT8	MED23	3	0.2863	0.5028
LMNA	MED23	3	0.3523	0.3422
MAPRE3	MED23	3	0.2676	0.5249
ACTB	PRR12	3	0.0024	0.847
KRT8	PRR12	3	0.0004	0.8609
LMNA	PRR12	3	0.0163	0.7882
MAPRE3	PRR12	3	0	0.8672
ACTB	YEATS2	3	0.0008	0.8571
CTNNA1	YEATS2	3	0.0135	0.7997
KRT8	YEATS2	3	0.0464	0.7296
LMNA	YEATS2	3	0.0265	0.76
MAPRE3	YEATS2	3	0.0071	0.8264
ACTB	STRIP2	3	0.0049	0.8357
KRT8	STRIP2	3	0.0162	0.7886
ACTB	ISY1	3	0.0706	0.7031
CTNNA1	ISY1	3	0.0517	0.7224
KRT8	ISY1	3	0.0966	0.6785
LMNA	ISY1	3	0.0789	0.6947
MAPRE3	ISY1	3	0.0488	0.7264
ACTB	HECTD1	3	0.3028	0.4834
KRT8	HECTD1	3	0.4299	0.228
ACTB	CORO1C	3	0.5024	0.1832
CTNNA1	CORO1C	3	0.1008	0.6748
KRT8	CORO1C	3	0.2223	0.5698
LMNA	CORO1C	3	0.0692	0.7043
MAPRE3	CORO1C	3	0.1163	0.661
ACTB	TPX2	3	0.1472	0.6339
CTNNA1	TPX2	3	0.0761	0.6973
KRT8	TPX2	3	0.1327	0.647
LMNA	TPX2	3	0.3275	0.4586
MAPRE3	TPX2	3	0.237	0.5561
ACTB	NOB1	3	0.9999	0
KRT8	NOB1	3	0.6968	0.0541
MAPRE3	NOB1	3	0.0759	0.6975
ACTB	AKAP8L	3	0.0068	0.8277
KRT8	AKAP8L	3	0.3606	0.3252
LMNA	AKAP8L	3	0.1482	0.6334
MAPRE3	AKAP8L	3	0.003	0.8442
ACTB	MYO6	3	0.0198	0.7761
CTNNA1	MYO6	3	0.0062	0.8302
KRT8	MYO6	3	0.0146	0.795
LMNA	MYO6	3	0.0001	0.865
MAPRE3	MYO6	3	0.0089	0.8194
ACTB	SPATA2	3	0.0902	0.6834
CTNNA1	SPATA2	3	0.1144	0.6629
KRT8	SPATA2	3	0.0843	0.6889
LMNA	SPATA2	3	0.017	0.7854
MAPRE3	SPATA2	3	0.1022	0.6734
ACTB	PRPF19	3	0.3547	0.3365
KRT8	PRPF19	3	0.2716	0.5204
ACTB	SYNPO2	3	1	0
KRT8	SUFU	3	0.3333	0.3843
MAPRE3	SUFU	3	0.3333	0.3843
ACTB	SNX12	3	0.0139	0.7977
KRT8	SNX12	3	0.017	0.7854
LMNA	SNX12	3	0.0053	0.8338
ACTB	SYNRG	3	0.2815	0.5084
CTNNA1	SYNRG	3	0.1906	0.598
KRT8	SYNRG	3	0.296	0.4922
LMNA	SYNRG	3	0.0595	0.7145
MAPRE3	SYNRG	3	0.2242	0.5679
ACTB	G3BP2	3	0.0316	0.7501
KRT8	G3BP2	3	0.0247	0.7645
LMNA	G3BP2	3	0.0316	0.7501
CTNNA1	STUB1	3	0.0101	0.8144
KRT8	STUB1	3	0.6812	0.0607
LMNA	STUB1	3	0.3767	0.2919
ACTB	MAGED2	3	0.2497	0.5447
CTNNA1	MAGED2	3	0.1019	0.6738
KRT8	MAGED2	3	0.2879	0.5013
LMNA	MAGED2	3	0.2521	0.5418
MAPRE3	MAGED2	3	0.0949	0.6798
ACTB	SNX7	3	0.0061	0.8305
CTNNA1	SNX7	3	0.0004	0.8609
KRT8	SNX7	3	0.0382	0.7401
MAPRE3	SNX7	3	0.0011	0.8545
ACTB	SNX6	3	0.0139	0.7977
KRT8	SNX6	3	0.002	0.8491
MAPRE3	SNX6	3	0.0006	0.8588
ACTB	DUSP12	3	0.0196	0.7768
ACTB	PSMD13	3	0.2061	0.5837
KRT8	PSMD13	3	0.1227	0.6559
LMNA	PSMD13	3	0.0336	0.7475
LMNA	PPIE	3	0.4852	0.1901
ACTB	DIMT1	3	0.0107	0.8119
KRT8	DIMT1	3	0.1093	0.6668
LMNA	DIMT1	3	0.004	0.8397
LMNA	TIMELESS	3	0.047	0.7288
ACTB	COPS3	3	0.0121	0.8057
LMNA	COPS3	3	0.0129	0.8025
ACTB	WDR3	3	0.2094	0.581
KRT8	WDR3	3	0.2297	0.5622
LMNA	WDR3	3	0.3819	0.2842
MAPRE3	WDR3	3	0.0304	0.7525
ACTB	TTF2	3	0.0231	0.7679
CTNNA1	TTF2	3	0.0002	0.8634
KRT8	TTF2	3	0.0307	0.752
MAPRE3	TTF2	3	0.0176	0.7832
ACTB	NSFL1C	3	0.0043	0.8384
KRT8	NSFL1C	3	0.0131	0.8017
LMNA	NSFL1C	3	0.0011	0.8545
ACTB	AP4E1	3	0.0151	0.7933
CTNNA1	AP4E1	3	0.0005	0.8597
KRT8	AP4E1	3	0.0237	0.7666
MAPRE3	AP4E1	3	0.0029	0.8445
ACTB	MACF1	3	0.2546	0.5387
CTNNA1	MACF1	3	0.1249	0.6538
KRT8	MACF1	3	0.2458	0.5487
LMNA	MACF1	3	0.0345	0.7461
MAPRE3	MACF1	3	0.2929	0.4959
ACTB	CEP131	3	0.0062	0.8302
KRT8	CEP131	3	0.9998	0
LMNA	CEP131	3	0.0012	0.8539
MAPRE3	CEP131	3	0.0092	0.8184
LMNA	SCAF8	3	0.313	0.4737
ACTB	PPP6R1	3	0.0067	0.8281
KRT8	PPP6R1	3	0.452	0.2127
LMNA	TRIM33	3	0.0084	0.8215
ACTB	PHF8	3	0.0007	0.8579
LMNA	PHF8	3	0.4022	0.2555
ACTB	LIMCH1	3	0.3193	0.4661
CTNNA1	LIMCH1	3	0.0911	0.6828
KRT8	LIMCH1	3	0.2053	0.5848
LMNA	LIMCH1	3	0.0591	0.715
MAPRE3	LIMCH1	3	0.1304	0.6495
ACTB	AGAP1	3	0.006	0.831
CTNNA1	AGAP1	3	0.0001	0.865
KRT8	AGAP1	3	0.0156	0.7913
MAPRE3	AGAP1	3	0.001	0.8552
KRT8	DOLK	3	0.3333	0.3843
ACTB	TNRC6B	3	0.0128	0.8029
CTNNA1	TNRC6B	3	0.0004	0.8609
KRT8	TNRC6B	3	0.0507	0.724
MAPRE3	TNRC6B	3	0.0068	0.8277
ACTB	ANKRD26	3	0.0278	0.7573
CTNNA1	ANKRD26	3	0.0014	0.8526
KRT8	ANKRD26	3	0.0193	0.7779
ACTB	EXOC7	3	0.0258	0.7616
CTNNA1	EXOC7	3	0.0002	0.8634
KRT8	EXOC7	3	0.0422	0.7347
MAPRE3	EXOC7	3	0.0004	0.8609
ACTB	ZC3H4	3	0	0.8672
KRT8	ZC3H4	3	0.0002	0.8634
LMNA	ZC3H4	3	0.0084	0.8215
ACTB	USP22	3	0.0048	0.8361
KRT8	USP22	3	0.0023	0.8475
LMNA	USP22	3	0.0248	0.7642
MAPRE3	USP22	3	0.0001	0.865
ACTB	USP24	3	0.0144	0.796
KRT8	USP24	3	0.1021	0.6736
LMNA	USP24	3	0.0066	0.8285
MAPRE3	USP24	3	0.0007	0.8579
ACTB	TBC1D2B	3	0.0873	0.6863
KRT8	TBC1D2B	3	0.7012	0.0515
MAPRE3	TBC1D2B	3	0.0029	0.8445
KRT8	TRAK1	3	0.6667	0.0712
LMNA	FOXJ3	3	0.0693	0.7042
ACTB	DICER1	3	0.0025	0.8466
CTNNA1	DICER1	3	0.0002	0.8634
MAPRE3	DICER1	3	0.0002	0.8634
ACTB	SLC7A11	3	0.0206	0.7737
CTNNA1	SLC7A11	3	0.0004	0.8609
KRT8	SLC7A11	3	0.0895	0.6839
LMNA	SLC7A11	3	0.0059	0.8315
ACTB	MAPRE3	3	0.0367	0.7425
CTNNA1	MAPRE3	3	1	0
KRT8	MAPRE3	3	0.3863	0.2771
LMNA	MAPRE3	3	1	0
MAPRE3	MAPRE3	3	1	0
ACTB	HPS5	3	0.0055	0.833
KRT8	HPS5	3	0.1436	0.6372
ACTB	SRRM2	3	0.1537	0.628
CTNNA1	SRRM2	3	0.027	0.759
KRT8	SRRM2	3	0.088	0.6856
LMNA	SRRM2	3	0.2446	0.5499
MAPRE3	SRRM2	3	0.0984	0.6765
ACTB	BAIAP2	3	0.3848	0.2803
KRT8	BAIAP2	3	0.1238	0.6548
ACTB	SMC3	3	0.0012	0.8539
CTNNA1	SMC3	3	0.0069	0.8272
KRT8	SMC3	3	0.0012	0.8539
LMNA	SMC3	3	0.0844	0.6886
MAPRE3	SMC3	3	0.0061	0.8305
ACTB	CHMP2B	3	0.1977	0.5911
KRT8	CHMP2B	3	0.0145	0.7955
LMNA	CHMP2B	3	0.0006	0.8588
MAPRE3	CHMP2B	3	0.0038	0.8404
LMNA	SCML2	3	0.0073	0.8256
ACTB	ZNF148	3	0.1594	0.6238
CTNNA1	ZNF148	3	0.0199	0.7758
KRT8	ZNF148	3	0.1637	0.6204
LMNA	ZNF148	3	0.2461	0.5485
MAPRE3	ZNF148	3	0.0826	0.6909
ACTB	MTMR6	3	0.009	0.819
KRT8	MTMR6	3	0.0152	0.7929
MAPRE3	MTMR6	3	0	0.8672
ACTB	NIP7	3	0.0015	0.852
KRT8	NIP7	3	0.0036	0.8414
LMNA	NIP7	3	0.0026	0.846
ACTB	GNE	3	0.0139	0.7977
KRT8	GNE	3	0.0056	0.8326
MAPRE3	GNE	3	0.0001	0.865
ACTB	RTRAF	3	0.2288	0.5633
CTNNA1	RTRAF	3	0.0183	0.7807
KRT8	RTRAF	3	0.2216	0.5706
LMNA	RTRAF	3	0.1964	0.5922
MAPRE3	RTRAF	3	0.1177	0.6597
ACTB	RUVBL2	3	0.1109	0.6656
CTNNA1	RUVBL2	3	0.028	0.7568
KRT8	RUVBL2	3	0.2094	0.581
LMNA	RUVBL2	3	0.0929	0.6813
MAPRE3	RUVBL2	3	0.1003	0.6752
ACTB	CDYL	3	0.0065	0.8289
LMNA	CDYL	3	0.058	0.716
LMNA	FAM50B	3	0.3258	0.4599
ACTB	EIF3L	3	0.0078	0.8237
KRT8	EIF3L	3	0.2183	0.5733
LMNA	EIF3L	3	0.3398	0.3698
ACTB	PLAA	3	0.3168	0.4689
CTNNA1	PLAA	3	0.1137	0.6634
KRT8	PLAA	3	0.3351	0.38
LMNA	PLAA	3	0.2968	0.4914
MAPRE3	PLAA	3	0.226	0.5661
ACTB	RUVBL1	3	0.1566	0.6257
CTNNA1	RUVBL1	3	0.0234	0.7672
KRT8	RUVBL1	3	0.1362	0.6439
LMNA	RUVBL1	3	0.0331	0.748
MAPRE3	RUVBL1	3	0.1236	0.6549
ACTB	NUDC	3	0.2767	0.5144
CTNNA1	NUDC	3	0.0397	0.738
KRT8	NUDC	3	0.2822	0.5074
LMNA	NUDC	3	0.1232	0.6554
MAPRE3	NUDC	3	0.0878	0.6858
KRT8	BCS1L	3	0.3333	0.3843
ACTB	VDAC3	3	0.1949	0.5933
CTNNA1	VDAC3	3	0.0209	0.773
KRT8	VDAC3	3	0.2164	0.5753
LMNA	VDAC3	3	0.2209	0.5715
MAPRE3	VDAC3	3	0.0832	0.6902
ACTB	CFL2	3	0.0073	0.8256
KRT8	CFL2	3	0.0499	0.7253
KRT8	INVS	3	0.0956	0.6792
LMNA	INVS	3	0.4258	0.2327
MAPRE3	INVS	3	0.0009	0.856
ACTB	FARSA	3	0.1433	0.6376
CTNNA1	FARSA	3	0.0117	0.8074
KRT8	FARSA	3	0.2794	0.5112
LMNA	FARSA	3	0.1101	0.6662
MAPRE3	FARSA	3	0.0668	0.7068
ACTB	ASF1A	3	0.0118	0.8069
KRT8	ASF1A	3	0.6605	0.1255
LMNA	ASF1A	3	0.0242	0.7655
MAPRE3	ASF1A	3	0.0002	0.8634
ACTB	DRG1	3	0.1267	0.6529
CTNNA1	DRG1	3	0.064	0.7097
KRT8	DRG1	3	0.2042	0.5856
LMNA	DRG1	3	0.0077	0.824
MAPRE3	DRG1	3	0.0615	0.7126
ACTB	NCKAP1	3	0.7011	0.0522
CTNNA1	NCKAP1	3	0.3283	0.4576
KRT8	NCKAP1	3	0.8794	0.0099
LMNA	NCKAP1	3	0.5562	0.1571
MAPRE3	NCKAP1	3	0.0009	0.856
ACTB	AKAP2	3	0.3914	0.2706
CTNNA1	AKAP2	3	0.1352	0.6447
KRT8	AKAP2	3	0.249	0.5459
MAPRE3	AKAP2	3	0.1418	0.6387
ACTB	SSX2IP	3	0.0214	0.7713
KRT8	SSX2IP	3	0.7359	0.0393
MAPRE3	SSX2IP	3	0.1126	0.664
ACTB	ICE1	3	0.0068	0.8277
CTNNA1	ICE1	3	0	0.8672
KRT8	ICE1	3	0.0079	0.8232
LMNA	ICE1	3	0.0139	0.7977
MAPRE3	ICE1	3	0.0005	0.8597
ACTB	DNAJC16	3	0.0718	0.7019
KRT8	DNAJC16	3	0.0652	0.7083
LMNA	DNAJC16	3	0.0901	0.6835
KRT8	STK38L	3	0.0002	0.8634
CTNNA1	PLEKHA6	3	1	0
KRT8	PLEKHA6	3	0.0591	0.715
ACTB	FNDC3A	3	0.0239	0.7662
KRT8	FNDC3A	3	0.1945	0.5936
LMNA	FNDC3A	3	0.1427	0.6382
ACTB	PIKFYVE	3	0.0483	0.727
KRT8	PIKFYVE	3	0.2164	0.5753
MAPRE3	PIKFYVE	3	0.0002	0.8634
KRT8	AMOTL2	3	1	0
LMNA	ZBTB1	3	0.6592	0.1272
ACTB	KDM2A	3	0.1069	0.6685
LMNA	KDM2A	3	0.7694	0.0283
LMNA	DIS3	3	0.4287	0.2313
ACTB	TRAPPC8	3	0.0047	0.8366
ACTB	LRCH1	3	0.0772	0.6961
KRT8	LRCH1	3	0.0038	0.8404
MAPRE3	LRCH1	3	0.0019	0.8497
ACTB	GSTK1	3	0.3282	0.4578
CTNNA1	GSTK1	3	0.0016	0.8515
KRT8	GSTK1	3	0.0342	0.7465
LMNA	GSTK1	3	0.3476	0.3545
KRT8	DDX52	3	0.0005	0.8597
LMNA	DDX52	3	0.0055	0.833
KRT8	MRPS17	3	0.4986	0.1866
ACTB	POLDIP2	3	0.3333	0.3843
KRT8	POLDIP2	3	1	0
ACTB	AP3M1	3	0.0233	0.7673
CTNNA1	AP3M1	3	0.0098	0.8157
KRT8	AP3M1	3	0.5482	0.1615
LMNA	AP3M1	3	0.0426	0.7342
CTNNA1	GDA	3	0.022	0.7702
LMNA	GDA	3	0.001	0.8552
MAPRE3	GDA	3	0	0.8672
ACTB	LEMD3	3	0.0016	0.8515
KRT8	LEMD3	3	0.0022	0.8481
LMNA	LEMD3	3	1	0
MAPRE3	LEMD3	3	0.0017	0.8509
LMNA	CARHSP1	3	0.0213	0.7717
MAPRE3	CARHSP1	3	0.0087	0.8203
ACTB	THRAP3	3	0.1707	0.615
CTNNA1	THRAP3	3	0.0071	0.8264
KRT8	THRAP3	3	0.1153	0.6621
LMNA	THRAP3	3	0.2763	0.5149
MAPRE3	THRAP3	3	0.2076	0.5828
ACTB	WBP11	3	0.0003	0.8621
LMNA	WBP11	3	0.0167	0.7866
MAPRE3	WBP11	3	0.0006	0.8588
ACTB	NOP58	3	0.028	0.7568
CTNNA1	NOP58	3	0.0094	0.8174
KRT8	NOP58	3	0.0455	0.7307
LMNA	NOP58	3	0.1559	0.626
MAPRE3	NOP58	3	0.0076	0.8244
ACTB	GIT1	3	0.0107	0.8119
KRT8	GIT1	3	0.0087	0.8203
LMNA	GIT1	3	0.0001	0.865
MAPRE3	GIT1	3	0.0026	0.846
ACTB	ZNF281	3	0.2065	0.5833
CTNNA1	ZNF281	3	0.0579	0.7161
KRT8	ZNF281	3	0.2104	0.5803
LMNA	ZNF281	3	0.2979	0.4904
MAPRE3	ZNF281	3	0.1884	0.5996
CTNNA1	ARL2BP	3	0.0002	0.8634
ACTB	SUGT1	3	0.1713	0.6147
CTNNA1	SUGT1	3	0.0573	0.7168
KRT8	SUGT1	3	0.2259	0.5664
LMNA	SUGT1	3	0.2318	0.5607
MAPRE3	SUGT1	3	0.0299	0.753
ACTB	COQ6	3	0.4201	0.24
KRT8	COQ6	3	0.2711	0.521
LMNA	COQ6	3	0.0739	0.6993
ACTB	ACOT9	3	0.1721	0.6133
CTNNA1	ACOT9	3	0.0438	0.7327
KRT8	ACOT9	3	0.4962	0.1881
LMNA	ACOT9	3	0.3729	0.3025
MAPRE3	ACOT9	3	0.0482	0.7273
ACTB	AAR2	3	0.0453	0.7311
KRT8	AAR2	3	0.957	0.0024
LMNA	AAR2	3	0.3323	0.4508
ACTB	NOSIP	3	0.1194	0.6582
CTNNA1	NOSIP	3	0.0595	0.7145
KRT8	NOSIP	3	0.0922	0.6818
LMNA	NOSIP	3	0.3596	0.3262
MAPRE3	NOSIP	3	0.0836	0.6898
ACTB	SH3GLB1	3	0.3333	0.3843
KRT8	SH3GLB1	3	0.2757	0.5158
ACTB	LUC7L2	3	0.0027	0.8456
CTNNA1	LUC7L2	3	0.0034	0.8424
KRT8	LUC7L2	3	0.0023	0.8475
LMNA	LUC7L2	3	0.0355	0.7445
MAPRE3	LUC7L2	3	0.0007	0.8579
KRT8	MRPS2	3	0.0074	0.8253
ACTB	RRP7A	3	0.0543	0.7201
CTNNA1	RRP7A	3	0.0109	0.8112
KRT8	RRP7A	3	0.0667	0.7071
LMNA	RRP7A	3	0.3254	0.4605
MAPRE3	RRP7A	3	0.0135	0.7997
ACTB	SBDS	3	0.0879	0.6856
CTNNA1	SBDS	3	0.0243	0.7654
KRT8	SBDS	3	0.4021	0.2559
LMNA	SBDS	3	0.2375	0.5558
MAPRE3	SBDS	3	0.0108	0.8115
ACTB	SF3B6	3	0.0036	0.8414
KRT8	SF3B6	3	0.0011	0.8545
LMNA	SF3B6	3	0.0195	0.7772
MAPRE3	SF3B6	3	0	0.8672
ACTB	RRP15	3	0.0016	0.8515
LMNA	RRP15	3	0.6704	0.0673
KRT8	NOP16	3	0.3333	0.3843
ACTB	PPIL1	3	0.0081	0.8226
CTNNA1	PPIL1	3	0.0207	0.7735
KRT8	PPIL1	3	0.006	0.831
LMNA	PPIL1	3	0.0161	0.789
ACTB	UFC1	3	0.0069	0.8272
CTNNA1	UFC1	3	0.0239	0.7662
LMNA	UFC1	3	0.018	0.7818
MAPRE3	UFC1	3	0.0026	0.846
ACTB	MSRB2	3	0.0002	0.8634
CTNNA1	MSRB2	3	0.0003	0.8621
KRT8	MSRB2	3	0.0002	0.8634
LMNA	MSRB2	3	0.0079	0.8232
MAPRE3	MSRB2	3	0.001	0.8552
KRT8	MRPS23	3	0.3073	0.48
ACTB	STRAP	3	0.0749	0.6985
CTNNA1	STRAP	3	0.018	0.7818
KRT8	STRAP	3	0.1112	0.6653
LMNA	STRAP	3	0.031	0.7514
MAPRE3	STRAP	3	0.0164	0.7877
KRT8	FBXO7	3	0.0077	0.824
LMNA	FBXO7	3	0.0017	0.8509
LMNA	RHBDD3	3	0.3333	0.3843
ACTB	RABGAP1	3	0.0158	0.7903
CTNNA1	RABGAP1	3	0.0016	0.8515
KRT8	RABGAP1	3	0.0248	0.7642
LMNA	RABGAP1	3	0.0003	0.8621
MAPRE3	RABGAP1	3	0.0024	0.847
ACTB	TSC22D4	3	0.0135	0.7997
KRT8	TSC22D4	3	0.0173	0.7843
MAPRE3	TSC22D4	3	0.0002	0.8634
ACTB	RPL36	3	0.2039	0.586
CTNNA1	RPL36	3	0.089	0.6847
KRT8	RPL36	3	0.1832	0.6035
LMNA	RPL36	3	0.0503	0.7247
ACTB	SAMHD1	3	0.0004	0.8609
LMNA	SAMHD1	3	0.0109	0.8112
KRT8	C2CD2	3	0.0048	0.8361
ACTB	PKP3	3	0.0062	0.8302
CTNNA1	PKP3	3	0.3333	0.3843
KRT8	PKP3	3	0.0056	0.8326
MAPRE3	PKP3	3	0.0029	0.8445
ACTB	KNSTRN	3	0.0275	0.7579
KRT8	KNSTRN	3	0.3669	0.3143
LMNA	KNSTRN	3	0.0051	0.8347
MAPRE3	KNSTRN	3	0.9993	0
ACTB	HBS1L	3	0.0152	0.7929
KRT8	HBS1L	3	0.0125	0.8041
LMNA	HBS1L	3	0.0056	0.8326
MAPRE3	HBS1L	3	0.0062	0.8302
ACTB	WDR45	3	0.0172	0.7846
KRT8	WDR45	3	0.0236	0.7667
ACTB	DMXL1	3	0.008	0.8229
KRT8	DMXL1	3	0.0231	0.7679
LMNA	DMXL1	3	0.0002	0.8634
ACTB	TLN1	3	0.352	0.344
CTNNA1	TLN1	3	0.1847	0.6022
KRT8	TLN1	3	0.3324	0.4507
LMNA	TLN1	3	0.1546	0.627
MAPRE3	TLN1	3	0.2561	0.537
ACTB	TRRAP	3	0.0197	0.7764
KRT8	TRRAP	3	0.0385	0.7395
LMNA	TRRAP	3	0.018	0.7818
MAPRE3	TRRAP	3	0.0005	0.8597
KRT8	RAD54L2	3	0.0113	0.8094
LMNA	RAD54L2	3	0.0035	0.8419
ACTB	MTCL1	3	0.6685	0.0693
KRT8	MTCL1	3	0.8386	0.0146
MAPRE3	MTCL1	3	0.0188	0.7795
ACTB	DCAF1	3	0.0059	0.8315
CTNNA1	DCAF1	3	0.0628	0.7112
KRT8	DCAF1	3	0.2282	0.564
LMNA	DCAF1	3	0.0069	0.8272
MAPRE3	DCAF1	3	0.0042	0.8388
LMNA	KDM3A	3	0.134	0.6455
ACTB	RBM19	3	0.0004	0.8609
LMNA	RBM19	3	0.0114	0.8088
MAPRE3	RBM19	3	0.0002	0.8634
ACTB	DAAM1	3	0.8345	0.0165
ACTB	WASHC2C	3	0.0205	0.774
CTNNA1	WASHC2C	3	0.0001	0.865
KRT8	WASHC2C	3	0.0115	0.8082
MAPRE3	WASHC2C	3	0.0011	0.8545
LMNA	ZNF451	3	0.4644	0.2015
ACTB	WDR7	3	0.8751	0.0118
KRT8	WDR7	3	0.1074	0.6681
ACTB	USP15	3	0.3195	0.4659
CTNNA1	USP15	3	0.1173	0.6603
KRT8	USP15	3	0.3647	0.3183
LMNA	USP15	3	0.3177	0.4675
MAPRE3	USP15	3	0.2095	0.5809
KRT8	FARP1	3	0.4858	0.1896
MAPRE3	FARP1	3	0.0023	0.8475
ACTB	MARF1	3	0.0011	0.8545
KRT8	MARF1	3	0.013	0.8021
MAPRE3	MARF1	3	0.0046	0.8372
ACTB	CEP170B	3	0.4226	0.2364
KRT8	CEP170B	3	0.1887	0.5993
MAPRE3	CEP170B	3	0.8322	0.017
ACTB	TLN2	3	0.0235	0.767
CTNNA1	TLN2	3	0.0008	0.8571
KRT8	TLN2	3	0.0108	0.8115
LMNA	TLN2	3	0.0002	0.8634
MAPRE3	TLN2	3	0.0003	0.8621
ACTB	RAPGEF2	3	0.0065	0.8289
KRT8	RAPGEF2	3	0.0308	0.7518
ACTB	IRS2	3	0.0018	0.8502
KRT8	IRS2	3	0.1258	0.6534
ACTB	MYO5A	3	0.0249	0.7639
KRT8	MYO5A	3	0.0103	0.8135
LMNA	MYO5A	3	0.0002	0.8634
ACTB	CRYBG1	3	0.0154	0.7921
CTNNA1	CRYBG1	3	0.0011	0.8545
KRT8	CRYBG1	3	0.1444	0.6364
LMNA	CRYBG1	3	0.0004	0.8609
MAPRE3	CRYBG1	3	0.0109	0.8112
ACTB	TBL2	3	0.009	0.819
CTNNA1	TBL2	3	0.0004	0.8609
KRT8	TBL2	3	0.0029	0.8445
LMNA	TBL2	3	0.2997	0.4877
ACTB	WIPI2	3	0.0138	0.7982
CTNNA1	WIPI2	3	0.0001	0.865
KRT8	WIPI2	3	0.0177	0.7828
LMNA	WIPI2	3	0.0022	0.8481
MAPRE3	WIPI2	3	0.0011	0.8545
ACTB	TELO2	3	0.0124	0.8045
KRT8	TELO2	3	0.0496	0.7256
LMNA	TELO2	3	0.0125	0.8041
MAPRE3	TELO2	3	0	0.8672
ACTB	LAS1L	3	0.2707	0.5215
CTNNA1	LAS1L	3	0.0382	0.7401
KRT8	LAS1L	3	0.2981	0.4897
LMNA	LAS1L	3	0.27	0.5224
MAPRE3	LAS1L	3	0.1929	0.5953
ACTB	LSM4	3	0.0052	0.8344
KRT8	LSM4	3	0.0119	0.8066
CTNNA1	RNF114	3	0.0122	0.8053
ACTB	SAMM50	3	0.0057	0.8322
KRT8	SAMM50	3	0.0069	0.8272
KRT8	TMEM184B	3	0.3333	0.3843
ACTB	PRRC2C	3	0.2435	0.5512
CTNNA1	PRRC2C	3	0.1075	0.6679
KRT8	PRRC2C	3	0.2449	0.5497
LMNA	PRRC2C	3	0.0631	0.7107
MAPRE3	PRRC2C	3	0.2663	0.5261
LMNA	LRRC42	3	0.1165	0.6607
ACTB	PPME1	3	0.2207	0.5718
CTNNA1	PPME1	3	0.0362	0.7431
KRT8	PPME1	3	0.2405	0.5533
LMNA	PPME1	3	0.2441	0.5503
MAPRE3	PPME1	3	0.1015	0.674
ACTB	KCTD3	3	0.0203	0.7747
KRT8	KCTD3	3	0.202	0.5876
ACTB	YTHDF2	3	0.0712	0.7025
CTNNA1	YTHDF2	3	0.0002	0.8634
KRT8	YTHDF2	3	0.0184	0.7806
LMNA	YTHDF2	3	0.0012	0.8539
MAPRE3	YTHDF2	3	0.0076	0.8244
LMNA	PAXBP1	3	0.0045	0.8375
ACTB	SUPT16H	3	0.1103	0.6661
CTNNA1	SUPT16H	3	0.0341	0.7467
KRT8	SUPT16H	3	0.3021	0.4847
LMNA	SUPT16H	3	0.2402	0.5536
MAPRE3	SUPT16H	3	0.0765	0.6969
ACTB	UTP18	3	0.0127	0.8033
LMNA	UTP18	3	0.031	0.7514
ACTB	UCHL5	3	0.1152	0.6623
ACTB	CD2AP	3	0.3564	0.3319
CTNNA1	CD2AP	3	0.1745	0.6105
KRT8	CD2AP	3	0.3022	0.4845
LMNA	CD2AP	3	0.1225	0.6562
MAPRE3	CD2AP	3	0.2616	0.5322
ACTB	TNPO3	3	0.1653	0.6192
CTNNA1	TNPO3	3	0.0148	0.7943
KRT8	TNPO3	3	0.416	0.244
ACTB	SRPRB	3	0.0109	0.8112
LMNA	SRPRB	3	0.0051	0.8347
MAPRE3	SRPRB	3	0.0009	0.856
ACTB	GTF3C5	3	0.0014	0.8526
CTNNA1	GTF3C5	3	0	0.8672
KRT8	GTF3C5	3	0.0065	0.8289
LMNA	GTF3C5	3	0.0125	0.8041
MAPRE3	GTF3C5	3	0.0003	0.8621
ACTB	GTF3C3	3	0.2789	0.5119
CTNNA1	GTF3C3	3	0.1513	0.6306
KRT8	GTF3C3	3	0.3612	0.3246
LMNA	GTF3C3	3	0.2885	0.5009
MAPRE3	GTF3C3	3	0.1796	0.6065
ACTB	CDC42BPB	3	0.0017	0.8509
KRT8	CDC42BPB	3	0.0092	0.8184
ACTB	USP16	3	0.0058	0.8318
CTNNA1	USP16	3	0	0.8672
KRT8	USP16	3	0.0012	0.8539
MAPRE3	USP16	3	0.0007	0.8579
ACTB	SNX14	3	0.1703	0.6154
KRT8	SNX14	3	0.0887	0.685
MAPRE3	SNX14	3	0.4566	0.2084
ACTB	SNX9	3	0.2005	0.5886
CTNNA1	SNX9	3	0.0726	0.7009
KRT8	SNX9	3	0.2226	0.5695
LMNA	SNX9	3	0.018	0.7818
MAPRE3	SNX9	3	0.119	0.6586
ACTB	SNX5	3	0.0142	0.7968
KRT8	SNX5	3	0.0241	0.7658
MAPRE3	SNX5	3	0.0067	0.8281
ACTB	MRFAP1	3	0.6667	0.0712
LMNA	PUS1	3	0.0233	0.7673
ACTB	LRRFIP2	3	0.6667	0.0712
ACTB	FHOD1	3	0.1352	0.6447
CTNNA1	FHOD1	3	0.0015	0.852
KRT8	FHOD1	3	0.0153	0.7926
LMNA	FHOD1	3	0.0046	0.8372
MAPRE3	FHOD1	3	0.0037	0.8409
KRT8	IRAK3	3	0.0152	0.7929
ACTB	PSAT1	3	0.2738	0.5182
KRT8	PSAT1	3	0.0185	0.7803
LMNA	PSAT1	3	0.0002	0.8634
MAPRE3	PSAT1	3	0.0003	0.8621
ACTB	NCOR2	3	0.2304	0.5618
KRT8	NCOR2	3	0.2675	0.525
LMNA	NCOR2	3	0.3754	0.2967
MAPRE3	NCOR2	3	0.1787	0.6075
LMNA	SLC25A15	3	0.3333	0.3843
ACTB	COPG1	3	0.0117	0.8074
KRT8	COPG1	3	0.4132	0.2467
LMNA	COPG1	3	0.007	0.8268
MAPRE3	COPG1	3	0.0002	0.8634
KRT8	AUP1	3	0.0098	0.8157
LMNA	AUP1	3	0.8262	0.0189
ACTB	CLIC4	3	0.0114	0.8088
KRT8	CLIC4	3	0.0918	0.6822
LMNA	CLIC4	3	0.0403	0.7371
LMNA	CFAP20	3	0.3333	0.3843
ACTB	TACC3	3	0.2761	0.5152
CTNNA1	TACC3	3	0.0184	0.7806
KRT8	TACC3	3	0.3734	0.3011
MAPRE3	TACC3	3	0.3506	0.3475
LMNA	SAR1B	3	1	0
KRT8	AP4B1	3	0.3333	0.3843
ACTB	MTCH2	3	0.014	0.7974
CTNNA1	MTCH2	3	0.0174	0.784
KRT8	MTCH2	3	0.0069	0.8272
LMNA	MTCH2	3	0.0174	0.784
MAPRE3	MTCH2	3	0.001	0.8552
ACTB	ARFGEF2	3	0.0135	0.7997
KRT8	ARFGEF2	3	0.0139	0.7977
MAPRE3	ARFGEF2	3	0.0005	0.8597
ACTB	ARFGEF1	3	0.0107	0.8119
KRT8	ARFGEF1	3	0.0264	0.7601
LMNA	ARFGEF1	3	0.3332	0.4487
MAPRE3	ARFGEF1	3	0.0011	0.8545
ACTB	MAD1L1	3	0.0054	0.8334
CTNNA1	MAD1L1	3	0.0002	0.8634
KRT8	MAD1L1	3	0.0098	0.8157
LMNA	MAD1L1	3	0.0112	0.8098
ACTB	BZW2	3	0.2458	0.5487
CTNNA1	BZW2	3	0.0005	0.8597
KRT8	BZW2	3	0.0133	0.8007
LMNA	BZW2	3	0.0319	0.7495
MAPRE3	BZW2	3	0.0017	0.8509
ACTB	COMMD10	3	0.3628	0.3213
CTNNA1	COMMD10	3	0.0001	0.865
KRT8	COMMD10	3	0.0173	0.7843
LMNA	COMMD10	3	0.0094	0.8174
MAPRE3	COMMD10	3	0.0126	0.8036
ACTB	DYNC1LI1	3	0.0122	0.8053
KRT8	DYNC1LI1	3	0.0192	0.7782
LMNA	DYNC1LI1	3	0	0.8672
MAPRE3	DYNC1LI1	3	0.0019	0.8497
ACTB	EPN1	3	0.0095	0.817
KRT8	EPN1	3	0.0108	0.8115
MAPRE3	EPN1	3	0.0009	0.856
LMNA	USP3	3	1	0
ACTB	TEX264	3	0.005	0.8352
LMNA	TEX264	3	1	0
KRT8	CEPT1	3	1	0
LMNA	CEPT1	3	0.3333	0.3843
ACTB	IKBKG	3	0.0095	0.817
CTNNA1	IKBKG	3	0.0001	0.865
KRT8	IKBKG	3	0.0214	0.7713
LMNA	IKBKG	3	0.0008	0.8571
MAPRE3	IKBKG	3	0.0004	0.8609
ACTB	PRSS21	3	0.0002	0.8634
KRT8	PRSS21	3	0.0058	0.8318
CTNNA1	SLC30A1	3	0.0118	0.8069
ACTB	SLC4A7	3	0.0026	0.846
KRT8	SLC4A7	3	0.0001	0.865
KRT8	SQOR	3	0.0075	0.8248
LMNA	SQOR	3	0.0152	0.7929
ACTB	ROBO1	3	0.1607	0.6227
CTNNA1	ROBO1	3	0.0071	0.8264
KRT8	ROBO1	3	0.0027	0.8456
MAPRE3	ROBO1	3	0.0005	0.8597
ACTB	NCOA3	3	0.0012	0.8539
KRT8	NCOA3	3	0.0084	0.8215
LMNA	NCOA3	3	0.0231	0.7679
ACTB	NUMBL	3	0.1556	0.6262
KRT8	NUMBL	3	0.0044	0.8379
MAPRE3	NUMBL	3	0.0828	0.6908
ACTB	FCGBP	3	0.3333	0.3843
KRT8	CAPN7	3	0.1729	0.6123
ACTB	WASF2	3	0.5197	0.1743
KRT8	WASF2	3	0.0098	0.8157
KRT8	PIAS3	3	1	0
LMNA	PIAS3	3	1	0
ACTB	MAU2	3	0.0012	0.8539
LMNA	MAU2	3	0.001	0.8552
KRT8	FAM169A	3	0.3333	0.3843
LMNA	FAM169A	3	1	0
LMNA	ZHX2	3	0.1125	0.6641
LMNA	MORC2	3	0.3333	0.3843
ACTB	IVNS1ABP	3	0.1545	0.6272
CTNNA1	IVNS1ABP	3	0.0096	0.8166
KRT8	IVNS1ABP	3	0.1392	0.6411
LMNA	IVNS1ABP	3	0.0405	0.7369
MAPRE3	IVNS1ABP	3	0.0158	0.7903
ACTB	SEC23IP	3	0.2138	0.5774
CTNNA1	SEC23IP	3	0.04	0.7375
KRT8	SEC23IP	3	0.261	0.5325
LMNA	SEC23IP	3	0.0222	0.7699
MAPRE3	SEC23IP	3	0.1133	0.6638
CTNNA1	egfp	3	0	0.8672
MAPRE3	egfp	3	0	0.8672