Bait	PreyGene	#Rep	AvgP	BFDR
ACTB	A2M	3	0.0989	0.6744
CTNNA1	A2M	3	0.0626	0.7042
KRT8	A2M	3	0.1395	0.6456
LMNA	A2M	3	0.1373	0.6470
MAPRE3	A2M	3	0.0629	0.7039
ACTB	A2ML1	3	0.3333	0.4096
LMNA	A2ML1	3	0.3333	0.4096
ACTB	AAAS	3	0.3474	0.3671
CTNNA1	AAAS	3	0.0184	0.7619
KRT8	AAAS	3	0.1080	0.6680
LMNA	AAAS	3	0.4980	0.2117
MAPRE3	AAAS	3	0.0110	0.7857
CTNNA1	AADAC	3	0.3333	0.4096
ACTB	AAGAB	3	0.0122	0.7807
KRT8	AAGAB	3	0.0182	0.7626
LMNA	AAGAB	3	0.0001	0.8514
MAPRE3	AAGAB	3	0.0001	0.8514
ACTB	AAK1	3	0.0181	0.7628
CTNNA1	AAK1	3	0.0004	0.8448
KRT8	AAK1	3	0.0268	0.7447
LMNA	AAK1	3	0.0001	0.8514
MAPRE3	AAK1	3	0.0019	0.8289
LMNA	AAMDC	3	0.6667	0.0721
ACTB	AAR2	3	0.0090	0.7935
KRT8	AAR2	3	0.9827	0.0008
LMNA	AAR2	3	0.0039	0.8165
ACTB	AARS1	3	0.2033	0.6079
CTNNA1	AARS1	3	0.0020	0.8282
KRT8	AARS1	3	0.0224	0.7534
LMNA	AARS1	3	0.0041	0.8156
MAPRE3	AARS1	3	0.0063	0.8048
ACTB	AARS2	3	0.0777	0.6913
CTNNA1	AARS2	3	0.0394	0.7262
KRT8	AARS2	3	0.3633	0.3371
LMNA	AARS2	3	0.1115	0.6656
CTNNA1	AARSD1	3	0.2450	0.5876
LMNA	AARSD1	3	0.2186	0.5998
KRT8	AASDH	3	0.2240	0.5973
LMNA	AASDH	3	0.4207	0.2559
MAPRE3	AASDH	3	0.0006	0.8417
ACTB	AASDHPPT	3	0.0074	0.8000
KRT8	AASDHPPT	3	0.0258	0.7468
LMNA	AASDHPPT	3	0.0161	0.7684
MAPRE3	AASDHPPT	3	0.0000	0.8553
ACTB	AASS	3	0.0701	0.6972
LMNA	AATF	3	0.0007	0.8404
MAPRE3	AATF	3	0.0000	0.8553
LMNA	ABAT	3	0.3333	0.4096
LMNA	ABCA12	3	0.3333	0.4096
ACTB	ABCA3	3	0.3333	0.4096
ACTB	ABCA4	3	0.3333	0.4096
KRT8	ABCA4	3	0.3333	0.4096
KRT8	ABCA5	3	0.0001	0.8514
MAPRE3	ABCA5	3	0.0039	0.8165
ACTB	ABCA7	3	0.3165	0.5518
KRT8	ABCA7	3	0.0407	0.7249
MAPRE3	ABCA7	3	0.0579	0.7082
KRT8	ABCA9	3	0.0043	0.8145
ACTB	ABCB10	3	0.3333	0.4096
KRT8	ABCB10	3	1.0000	0.0000
MAPRE3	ABCB11	3	0.0000	0.8553
MAPRE3	ABCB5	3	0.0621	0.7047
KRT8	ABCB6	3	0.6667	0.0721
ACTB	ABCB7	3	0.0413	0.7243
CTNNA1	ABCB7	3	0.0364	0.7306
KRT8	ABCB7	3	0.7053	0.0484
LMNA	ABCB7	3	0.8945	0.0087
MAPRE3	ABCB7	3	0.0074	0.8000
ACTB	ABCB8	3	0.3333	0.4096
ACTB	ABCC1	3	0.0286	0.7416
CTNNA1	ABCC1	3	0.0012	0.8352
KRT8	ABCC1	3	0.1294	0.6528
LMNA	ABCC1	3	0.0174	0.7647
MAPRE3	ABCC1	3	0.0020	0.8282
ACTB	ABCC2	3	0.3333	0.4096
KRT8	ABCC3	3	0.0000	0.8553
LMNA	ABCC3	3	0.0000	0.8553
KRT8	ABCC4	3	0.3127	0.5540
LMNA	ABCC5	3	0.3333	0.4096
ACTB	ABCD1	3	0.2675	0.5759
CTNNA1	ABCD1	3	0.0680	0.6990
KRT8	ABCD1	3	0.3672	0.3291
LMNA	ABCD1	3	0.2197	0.5992
MAPRE3	ABCD1	3	0.1030	0.6712
KRT8	ABCD2	3	0.3333	0.4096
ACTB	ABCD3	3	0.2166	0.6010
CTNNA1	ABCD3	3	0.0880	0.6830
KRT8	ABCD3	3	0.4188	0.2580
LMNA	ABCD3	3	0.2389	0.5909
MAPRE3	ABCD3	3	0.1547	0.6362
ACTB	ABCE1	3	0.2959	0.5627
CTNNA1	ABCE1	3	0.1414	0.6444
KRT8	ABCE1	3	0.2573	0.5807
LMNA	ABCE1	3	0.0022	0.8268
MAPRE3	ABCE1	3	0.1906	0.6147
ACTB	ABCF1	3	0.3351	0.4040
CTNNA1	ABCF1	3	0.1521	0.6380
KRT8	ABCF1	3	0.3084	0.5559
LMNA	ABCF1	3	0.2309	0.5942
MAPRE3	ABCF1	3	0.2572	0.5807
ACTB	ABCF2	3	0.3275	0.5467
CTNNA1	ABCF2	3	0.1252	0.6552
KRT8	ABCF2	3	0.3718	0.3219
LMNA	ABCF2	3	0.1837	0.6189
MAPRE3	ABCF2	3	0.2521	0.5836
ACTB	ABCF3	3	0.0129	0.7782
CTNNA1	ABCF3	3	0.0002	0.8487
KRT8	ABCF3	3	0.0251	0.7482
LMNA	ABCF3	3	0.0004	0.8448
MAPRE3	ABCF3	3	0.0017	0.8305
ACTB	ABHD12	3	0.0590	0.7071
CTNNA1	ABHD12	3	0.0024	0.8252
KRT8	ABHD12	3	0.0387	0.7272
LMNA	ABHD12	3	0.2393	0.5905
MAPRE3	ABHD12	3	0.0078	0.7983
ACTB	ABHD14B	3	0.0033	0.8195
KRT8	ABHD14B	3	0.0039	0.8165
LMNA	ABHD14B	3	0.0006	0.8417
KRT8	ABHD16A	3	0.3333	0.4096
LMNA	ABHD16A	3	0.3333	0.4096
KRT8	ABHD18	3	0.3333	0.4096
ACTB	ABHD3	3	0.3333	0.4096
KRT8	ABHD3	3	0.3333	0.4096
ACTB	ABI1	3	0.4170	0.2606
CTNNA1	ABI1	3	0.2745	0.5728
KRT8	ABI1	3	0.3999	0.2818
LMNA	ABI1	3	0.1637	0.6310
MAPRE3	ABI1	3	0.2900	0.5658
ACTB	ABI2	3	0.4725	0.2205
CTNNA1	ABI2	3	0.0010	0.8371
KRT8	ABI2	3	0.6770	0.0602
KRT8	ABI3BP	3	0.3333	0.4096
ACTB	ABL1	3	0.6295	0.1734
KRT8	ABL1	3	0.0103	0.7884
LMNA	ABL1	3	0.0008	0.8393
MAPRE3	ABL1	3	0.0024	0.8252
ACTB	ABL2	3	0.3452	0.3733
CTNNA1	ABL2	3	0.0001	0.8514
KRT8	ABL2	3	0.0374	0.7291
LMNA	ABL2	3	0.0006	0.8417
MAPRE3	ABL2	3	0.0061	0.8057
ACTB	ABLIM1	3	0.4486	0.2371
CTNNA1	ABLIM1	3	0.1034	0.6709
KRT8	ABLIM1	3	0.2186	0.5998
LMNA	ABLIM1	3	0.0826	0.6880
MAPRE3	ABLIM1	3	0.1240	0.6561
ACTB	ABLIM3	3	0.9971	0.0001
CTNNA1	ABLIM3	3	0.0121	0.7811
KRT8	ABLIM3	3	0.5918	0.1815
LMNA	ABLIM3	3	0.0002	0.8487
MAPRE3	ABLIM3	3	0.0041	0.8156
ACTB	ABR	3	0.0029	0.8218
CTNNA1	ABR	3	0.0000	0.8553
KRT8	ABR	3	0.0024	0.8252
LMNA	ABR	3	0.0004	0.8448
MAPRE3	ABR	3	0.0001	0.8514
KRT8	ABRA	3	0.3333	0.4096
LMNA	ABRAXAS1	3	0.0040	0.8161
ACTB	ABRAXAS2	3	0.0067	0.8030
KRT8	ABRAXAS2	3	0.0219	0.7543
MAPRE3	ABRAXAS2	3	0.0003	0.8465
ACTB	ABTB2	3	0.0032	0.8201
KRT8	ABTB2	3	0.0117	0.7830
MAPRE3	ABTB2	3	0.0001	0.8514
ACTB	ACAA1	3	0.0008	0.8393
CTNNA1	ACAA1	3	0.0001	0.8514
KRT8	ACAA1	3	0.0021	0.8274
LMNA	ACAA1	3	0.0001	0.8514
ACTB	ACAA2	3	0.1776	0.6226
LMNA	ACAA2	3	0.0306	0.7386
ACTB	ACACA	3	0.0049	0.8116
CTNNA1	ACACA	3	0.0124	0.7799
KRT8	ACACA	3	0.0084	0.7959
LMNA	ACACA	3	0.0161	0.7684
MAPRE3	ACACA	3	0.0039	0.8165
ACTB	ACACB	3	0.0111	0.7854
CTNNA1	ACACB	3	0.2996	0.5605
KRT8	ACACB	3	0.0355	0.7317
LMNA	ACACB	3	0.6635	0.1638
MAPRE3	ACACB	3	0.3777	0.3117
ACTB	ACAD9	3	0.0120	0.7815
KRT8	ACAD9	3	0.7278	0.0404
LMNA	ACAD9	3	0.0034	0.8190
MAPRE3	ACAD9	3	0.0026	0.8238
CTNNA1	ACADM	3	0.1511	0.6386
KRT8	ACADM	3	0.6651	0.1630
LMNA	ACADM	3	0.2472	0.5860
ACTB	ACADVL	3	0.0683	0.6988
CTNNA1	ACADVL	3	0.0097	0.7904
KRT8	ACADVL	3	0.0978	0.6753
LMNA	ACADVL	3	0.0397	0.7257
MAPRE3	ACADVL	3	0.0094	0.7917
ACTB	ACAP2	3	0.0016	0.8315
KRT8	ACAP2	3	0.0956	0.6772
ACTB	ACAP3	3	0.3333	0.4096
ACTB	ACAT1	3	0.0393	0.7263
CTNNA1	ACAT1	3	0.0225	0.7530
KRT8	ACAT1	3	0.3574	0.3494
LMNA	ACAT1	3	0.0117	0.7830
MAPRE3	ACAT1	3	0.0037	0.8175
ACTB	ACAT2	3	0.0899	0.6819
CTNNA1	ACAT2	3	0.2942	0.5636
KRT8	ACAT2	3	0.0131	0.7774
LMNA	ACAT2	3	0.0004	0.8448
ACTB	ACBD3	3	0.0081	0.7973
CTNNA1	ACBD3	3	0.0106	0.7871
KRT8	ACBD3	3	0.0138	0.7750
LMNA	ACBD3	3	0.0108	0.7866
MAPRE3	ACBD3	3	0.0007	0.8404
ACTB	ACBD6	3	0.2912	0.5649
CTNNA1	ACBD6	3	0.0383	0.7278
KRT8	ACBD6	3	0.2623	0.5782
LMNA	ACBD6	3	0.1550	0.6361
MAPRE3	ACBD6	3	0.0930	0.6793
ACTB	ACIN1	3	0.1947	0.6124
CTNNA1	ACIN1	3	0.0331	0.7349
KRT8	ACIN1	3	0.0970	0.6759
LMNA	ACIN1	3	0.2824	0.5692
MAPRE3	ACIN1	3	0.1327	0.6502
KRT8	ACKR3	3	0.3333	0.4096
LMNA	ACKR3	3	0.3333	0.4096
ACTB	ACLY	3	0.1412	0.6445
CTNNA1	ACLY	3	0.0179	0.7634
KRT8	ACLY	3	0.1970	0.6111
LMNA	ACLY	3	0.0748	0.6934
MAPRE3	ACLY	3	0.0417	0.7240
LMNA	ACMSD	3	0.3333	0.4096
ACTB	ACO1	3	0.3110	0.5547
CTNNA1	ACO1	3	0.0028	0.8224
KRT8	ACO1	3	0.3845	0.3022
LMNA	ACO1	3	0.0113	0.7846
MAPRE3	ACO1	3	0.0219	0.7543
ACTB	ACO2	3	0.1134	0.6642
CTNNA1	ACO2	3	0.0048	0.8121
KRT8	ACO2	3	0.1288	0.6530
LMNA	ACO2	3	0.0882	0.6829
ACTB	ACOT1	3	0.1882	0.6162
CTNNA1	ACOT1	3	0.0261	0.7463
KRT8	ACOT1	3	0.6369	0.1727
LMNA	ACOT1	3	0.1598	0.6333
MAPRE3	ACOT1	3	0.0910	0.6808
KRT8	ACOT12	3	0.3333	0.4096
ACTB	ACOT2	3	0.3333	0.4096
KRT8	ACOT2	3	0.6667	0.0721
ACTB	ACOT7	3	0.1038	0.6706
CTNNA1	ACOT7	3	0.0281	0.7426
KRT8	ACOT7	3	0.3968	0.2839
LMNA	ACOT7	3	0.6543	0.1672
MAPRE3	ACOT7	3	0.0338	0.7339
ACTB	ACOT8	3	0.0002	0.8487
KRT8	ACOT8	3	0.0151	0.7711
LMNA	ACOT8	3	0.0009	0.8382
ACTB	ACOT9	3	0.1171	0.6614
CTNNA1	ACOT9	3	0.0208	0.7566
KRT8	ACOT9	3	0.3062	0.5571
LMNA	ACOT9	3	0.2210	0.5987
MAPRE3	ACOT9	3	0.0377	0.7286
KRT8	ACOX1	3	0.3333	0.4096
LMNA	ACOX1	3	0.3333	0.4096
KRT8	ACOX3	3	0.6667	0.0721
ACTB	ACP1	3	0.0151	0.7711
CTNNA1	ACP1	3	0.0069	0.8021
KRT8	ACP1	3	0.0374	0.7291
LMNA	ACP1	3	0.0178	0.7637
MAPRE3	ACP1	3	0.0045	0.8137
CTNNA1	ACP4	3	0.3333	0.4096
KRT8	ACSF3	3	0.3333	0.4096
MAPRE3	ACSF3	3	0.3333	0.4096
LMNA	ACSL1	3	0.0024	0.8252
MAPRE3	ACSL1	3	0.0016	0.8315
ACTB	ACSL3	3	0.0907	0.6812
CTNNA1	ACSL3	3	0.0125	0.7796
KRT8	ACSL3	3	0.0994	0.6741
LMNA	ACSL3	3	0.0942	0.6782
MAPRE3	ACSL3	3	0.0450	0.7204
ACTB	ACSL4	3	0.1045	0.6700
CTNNA1	ACSL4	3	0.0204	0.7574
KRT8	ACSL4	3	0.2207	0.5988
LMNA	ACSL4	3	0.1148	0.6632
MAPRE3	ACSL4	3	0.0201	0.7580
ACTB	ACTB;ACTG1	3	1.0000	0.0000
CTNNA1	ACTB;ACTG1	3	0.0212	0.7559
KRT8	ACTB;ACTG1	3	0.0225	0.7530
LMNA	ACTB;ACTG1	3	0.0188	0.7610
MAPRE3	ACTB;ACTG1	3	0.0131	0.7774
ACTB	ACTBL2	3	0.6179	0.1760
CTNNA1	ACTBL2	3	0.0587	0.7076
KRT8	ACTBL2	3	0.0725	0.6955
LMNA	ACTBL2	3	0.0588	0.7074
MAPRE3	ACTBL2	3	0.0271	0.7443
ACTB	ACTC1	3	0.8451	0.0171
CTNNA1	ACTC1	3	0.0899	0.6819
KRT8	ACTC1	3	0.1194	0.6594
LMNA	ACTC1	3	0.0891	0.6825
MAPRE3	ACTC1	3	0.0664	0.7004
ACTB	ACTL6A	3	0.0042	0.8151
KRT8	ACTL6A	3	0.0083	0.7964
LMNA	ACTL6A	3	0.0005	0.8431
MAPRE3	ACTL6A	3	0.0001	0.8514
KRT8	ACTL6B	3	0.3333	0.4096
ACTB	ACTMAP	3	0.3412	0.3842
KRT8	ACTMAP	3	0.0048	0.8121
LMNA	ACTMAP	3	0.0005	0.8431
ACTB	ACTN1	3	1.0000	0.0000
CTNNA1	ACTN1	3	0.0030	0.8212
KRT8	ACTN1	3	0.0213	0.7557
LMNA	ACTN1	3	0.0052	0.8103
MAPRE3	ACTN1	3	0.0049	0.8116
ACTB	ACTN4	3	0.5436	0.1960
CTNNA1	ACTN4	3	0.0891	0.6825
KRT8	ACTN4	3	0.2101	0.6045
LMNA	ACTN4	3	0.1072	0.6686
MAPRE3	ACTN4	3	0.1047	0.6699
ACTB	ACTR10	3	0.0028	0.8224
ACTB	ACTR2	3	0.0674	0.6996
CTNNA1	ACTR2	3	0.0117	0.7830
KRT8	ACTR2	3	0.0773	0.6916
LMNA	ACTR2	3	0.2049	0.6071
MAPRE3	ACTR2	3	0.0239	0.7505
ACTB	ACTR3	3	0.0740	0.6941
CTNNA1	ACTR3	3	0.0140	0.7745
KRT8	ACTR3	3	0.1104	0.6664
LMNA	ACTR3	3	0.0121	0.7811
MAPRE3	ACTR3	3	0.0043	0.8145
ACTB	ACTR5	3	0.0052	0.8103
KRT8	ACTR5	3	0.3398	0.3881
LMNA	ACTR5	3	0.0137	0.7754
LMNA	ACTR8	3	0.0181	0.7628
ACTB	ACVR2A	3	0.3333	0.4096
MAPRE3	ACVR2A	3	0.3333	0.4096
ACTB	ACY1	3	0.0017	0.8305
KRT8	ACY1	3	0.0049	0.8116
ACTB	ACYP2	3	0.0178	0.7637
CTNNA1	ACYP2	3	0.0146	0.7726
KRT8	ACYP2	3	0.0244	0.7493
LMNA	ACYP2	3	0.0304	0.7389
MAPRE3	ACYP2	3	0.0061	0.8057
ACTB	ADA	3	0.0220	0.7542
CTNNA1	ADA	3	0.0329	0.7353
KRT8	ADA	3	0.0247	0.7487
LMNA	ADA	3	0.0167	0.7666
MAPRE3	ADA	3	0.0191	0.7603
ACTB	ADA2	3	0.3186	0.5509
KRT8	ADAL	3	0.3333	0.4096
LMNA	ADAM12	3	0.3333	0.4096
LMNA	ADAM17	3	1.0000	0.0000
LMNA	ADAM28	3	0.3333	0.4096
LMNA	ADAM9	3	0.3333	0.4096
LMNA	ADAMTS13	3	0.3333	0.4096
LMNA	ADAMTS17	3	0.3333	0.4096
MAPRE3	ADAMTSL3	3	0.3333	0.4096
ACTB	ADAR	3	0.0747	0.6935
CTNNA1	ADAR	3	0.0177	0.7640
KRT8	ADAR	3	0.1368	0.6473
LMNA	ADAR	3	0.1352	0.6483
MAPRE3	ADAR	3	0.0791	0.6907
KRT8	ADARB2	3	0.3333	0.4096
LMNA	ADAT1	3	0.3333	0.4096
ACTB	ADCK5	3	0.3333	0.4096
CTNNA1	ADCY10	3	0.6667	0.0721
KRT8	ADCY10	3	0.3333	0.4096
MAPRE3	ADCY10	3	0.3333	0.4096
KRT8	ADCY4	3	0.3333	0.4096
LMNA	ADCY5;ADCY6	3	0.3333	0.4096
MAPRE3	ADCY5;ADCY6	3	0.3333	0.4096
MAPRE3	ADCY8	3	0.3333	0.4096
ACTB	ADCY9	3	0.1188	0.6598
KRT8	ADCY9	3	0.0056	0.8082
ACTB	ADD1	3	0.9566	0.0025
CTNNA1	ADD1	3	0.0024	0.8252
KRT8	ADD1	3	0.0117	0.7830
LMNA	ADD1	3	0.0070	0.8017
MAPRE3	ADD1	3	0.0039	0.8165
MAPRE3	ADD2	3	0.3333	0.4096
ACTB	ADD3	3	0.3957	0.2863
CTNNA1	ADD3	3	0.0361	0.7310
KRT8	ADD3	3	0.1488	0.6399
LMNA	ADD3	3	0.0603	0.7062
MAPRE3	ADD3	3	0.0477	0.7176
ACTB	ADGRA3	3	0.3333	0.4096
CTNNA1	ADGRE1	3	0.3333	0.4096
CTNNA1	ADGRE2	3	0.3333	0.4096
ACTB	ADGRE5	3	0.3333	0.4096
KRT8	ADGRE5	3	0.3333	0.4096
LMNA	ADGRE5	3	0.3333	0.4096
MAPRE3	ADGRE5	3	0.3333	0.4096
LMNA	ADGRF5	3	0.3333	0.4096
ACTB	ADGRG1	3	0.3324	0.5437
MAPRE3	ADGRG4	3	0.3333	0.4096
ACTB	ADGRL2	3	0.0373	0.7293
KRT8	ADGRL2	3	0.0026	0.8238
LMNA	ADGRV1	3	0.3333	0.4096
ACTB	ADH7	3	0.3333	0.4096
LMNA	ADH7	3	0.3333	0.4096
ACTB	ADI1	3	0.0199	0.7585
CTNNA1	ADI1	3	0.0181	0.7628
KRT8	ADI1	3	0.0468	0.7185
LMNA	ADI1	3	0.0496	0.7157
MAPRE3	ADI1	3	0.0051	0.8108
KRT8	ADIPOR1	3	0.3333	0.4096
ACTB	ADISSP	3	0.0051	0.8108
CTNNA1	ADISSP	3	0.0002	0.8487
KRT8	ADISSP	3	0.0065	0.8039
LMNA	ADISSP	3	0.0022	0.8268
MAPRE3	ADISSP	3	0.0000	0.8553
LMNA	ADK	3	0.3333	0.4096
MAPRE3	ADK	3	0.3333	0.4096
ACTB	ADNP	3	0.1379	0.6465
CTNNA1	ADNP	3	0.0160	0.7686
KRT8	ADNP	3	0.1412	0.6445
LMNA	ADNP	3	0.2556	0.5815
MAPRE3	ADNP	3	0.1309	0.6517
LMNA	ADNP2	3	0.0020	0.8282
MAPRE3	ADNP2	3	0.0000	0.8553
KRT8	ADO	3	0.3333	0.4096
ACTB	ADPGK	3	0.0388	0.7270
KRT8	ADPGK	3	0.0544	0.7113
LMNA	ADPGK	3	0.0193	0.7598
MAPRE3	ADPGK	3	0.0029	0.8218
LMNA	ADPRS	3	0.0037	0.8175
ACTB	ADRM1	3	0.0512	0.7143
CTNNA1	ADRM1	3	0.0022	0.8268
KRT8	ADRM1	3	0.0641	0.7025
LMNA	ADRM1	3	0.0182	0.7626
MAPRE3	ADRM1	3	0.0020	0.8282
ACTB	ADSL	3	0.1971	0.6111
CTNNA1	ADSL	3	0.0204	0.7574
KRT8	ADSL	3	0.1577	0.6347
LMNA	ADSL	3	0.0600	0.7064
MAPRE3	ADSL	3	0.0390	0.7268
ACTB	ADSS2	3	0.0991	0.6742
CTNNA1	ADSS2	3	0.0296	0.7400
KRT8	ADSS2	3	0.0429	0.7229
LMNA	ADSS2	3	0.0359	0.7313
MAPRE3	ADSS2	3	0.0089	0.7939
ACTB	AFAP1	3	1.0000	0.0000
CTNNA1	AFAP1	3	0.0026	0.8238
KRT8	AFAP1	3	0.0128	0.7786
LMNA	AFAP1	3	0.0030	0.8212
MAPRE3	AFAP1	3	0.0056	0.8082
ACTB	AFAP1L1	3	0.8478	0.0162
KRT8	AFAP1L1	3	0.2081	0.6052
ACTB	AFAP1L2	3	0.0040	0.8161
CTNNA1	AFAP1L2	3	0.3016	0.5594
ACTB	AFDN	3	0.2798	0.5705
CTNNA1	AFDN	3	0.1932	0.6131
KRT8	AFDN	3	0.1618	0.6323
LMNA	AFDN	3	0.0220	0.7542
MAPRE3	AFDN	3	0.0553	0.7106
KRT8	AFF1	3	0.0001	0.8514
LMNA	AFF1	3	0.0262	0.7461
MAPRE3	AFF1	3	0.0005	0.8431
ACTB	AFF4	3	0.0000	0.8553
KRT8	AFF4	3	0.0000	0.8553
LMNA	AFF4	3	0.0037	0.8175
MAPRE3	AFF4	3	0.0003	0.8465
ACTB	AFG2A	3	0.0099	0.7897
CTNNA1	AFG2A	3	0.0004	0.8448
KRT8	AFG2A	3	0.0153	0.7706
LMNA	AFG2A	3	0.0008	0.8393
MAPRE3	AFG2A	3	0.0012	0.8352
ACTB	AFG2B	3	0.0088	0.7944
CTNNA1	AFG2B	3	0.0001	0.8514
KRT8	AFG2B	3	0.0618	0.7050
LMNA	AFG2B	3	0.0000	0.8553
MAPRE3	AFG2B	3	0.0016	0.8315
ACTB	AFG3L2	3	0.0508	0.7146
CTNNA1	AFG3L2	3	0.0258	0.7468
KRT8	AFG3L2	3	0.2945	0.5635
LMNA	AFG3L2	3	0.2060	0.6063
ACTB	AFM	3	0.3333	0.4096
ACTB	AFTPH	3	0.0110	0.7857
CTNNA1	AFTPH	3	0.0003	0.8465
KRT8	AFTPH	3	0.3405	0.3860
MAPRE3	AFTPH	3	0.0033	0.8195
ACTB	AGAP1	3	0.0037	0.8175
CTNNA1	AGAP1	3	0.0003	0.8465
KRT8	AGAP1	3	0.3474	0.3671
MAPRE3	AGAP1	3	0.0029	0.8218
ACTB	AGAP3	3	0.3277	0.5466
CTNNA1	AGAP3	3	0.0230	0.7521
KRT8	AGAP3	3	0.3315	0.5445
LMNA	AGAP3	3	0.2159	0.6014
MAPRE3	AGAP3	3	0.1961	0.6116
ACTB	AGFG1	3	0.3339	0.4079
CTNNA1	AGFG1	3	0.1517	0.6382
KRT8	AGFG1	3	0.3385	0.3928
LMNA	AGFG1	3	0.2534	0.5826
MAPRE3	AGFG1	3	0.2111	0.6040
ACTB	AGFG2	3	0.0025	0.8246
KRT8	AGFG2	3	0.1783	0.6221
LMNA	AGFG2	3	0.0014	0.8335
MAPRE3	AGFG2	3	0.0004	0.8448
LMNA	AGGF1	3	0.8798	0.0110
ACTB	AGK	3	0.0254	0.7476
CTNNA1	AGK	3	0.0004	0.8448
KRT8	AGK	3	0.0101	0.7890
LMNA	AGK	3	0.0205	0.7572
MAPRE3	AGK	3	0.0021	0.8274
ACTB	AGL	3	0.3333	0.4096
KRT8	AGL	3	0.0258	0.7468
LMNA	AGL	3	0.0004	0.8448
MAPRE3	AGL	3	0.0025	0.8246
ACTB	AGMAT	3	0.3333	0.4096
CTNNA1	AGMAT	3	0.3333	0.4096
ACTB	AGO1	3	0.0326	0.7357
KRT8	AGO1	3	0.0275	0.7437
ACTB	AGO2	3	0.0130	0.7779
CTNNA1	AGO2	3	0.0021	0.8274
KRT8	AGO2	3	0.4597	0.2294
LMNA	AGO2	3	0.0018	0.8297
MAPRE3	AGO2	3	0.0092	0.7925
ACTB	AGO3	3	0.0267	0.7449
CTNNA1	AGO3	3	0.0021	0.8274
KRT8	AGO3	3	0.1103	0.6665
MAPRE3	AGO3	3	0.0051	0.8108
KRT8	AGPAT1	3	0.3333	0.4096
LMNA	AGPAT1	3	0.3333	0.4096
ACTB	AGPAT2	3	0.3333	0.4096
ACTB	AGPAT5	3	0.3333	0.4096
ACTB	AGPS	3	0.1623	0.6320
CTNNA1	AGPS	3	0.0262	0.7461
KRT8	AGPS	3	0.2822	0.5693
LMNA	AGPS	3	0.0863	0.6845
MAPRE3	AGPS	3	0.0200	0.7582
ACTB	AGR2;AGR3	3	0.3333	0.4096
CTNNA1	AGRN	3	0.0021	0.8274
KRT8	AGRN	3	0.0375	0.7289
LMNA	AGRN	3	0.3333	0.4096
ACTB	AGTPBP1	3	0.0020	0.8282
KRT8	AGTPBP1	3	0.0261	0.7463
MAPRE3	AGTPBP1	3	0.0013	0.8344
ACTB	AHCTF1	3	0.0917	0.6802
CTNNA1	AHCTF1	3	0.0588	0.7074
KRT8	AHCTF1	3	0.1145	0.6634
LMNA	AHCTF1	3	0.6818	0.0567
MAPRE3	AHCTF1	3	0.0827	0.6878
ACTB	AHCY	3	0.1670	0.6288
CTNNA1	AHCY	3	0.0116	0.7833
KRT8	AHCY	3	0.1966	0.6113
LMNA	AHCY	3	0.0566	0.7095
MAPRE3	AHCY	3	0.0263	0.7458
ACTB	AHCYL1	3	0.2578	0.5804
CTNNA1	AHCYL1	3	0.0903	0.6817
KRT8	AHCYL1	3	0.2545	0.5822
LMNA	AHCYL1	3	0.1234	0.6566
MAPRE3	AHCYL1	3	0.1386	0.6461
ACTB	AHDC1	3	0.0001	0.8514
CTNNA1	AHDC1	3	0.0000	0.8553
KRT8	AHDC1	3	0.0001	0.8514
LMNA	AHDC1	3	0.0071	0.8013
MAPRE3	AHDC1	3	0.0000	0.8553
ACTB	AHI1	3	0.0101	0.7890
CTNNA1	AHI1	3	0.0001	0.8514
KRT8	AHI1	3	0.0542	0.7115
MAPRE3	AHI1	3	0.0007	0.8404
ACTB	AHNAK	3	0.3899	0.2944
CTNNA1	AHNAK	3	0.3210	0.5499
KRT8	AHNAK	3	0.3767	0.3132
LMNA	AHNAK	3	0.1166	0.6618
MAPRE3	AHNAK	3	0.3385	0.3928
ACTB	AHNAK2	3	0.3662	0.3316
CTNNA1	AHNAK2	3	0.2204	0.5989
KRT8	AHNAK2	3	0.3604	0.3431
LMNA	AHNAK2	3	0.1501	0.6393
MAPRE3	AHNAK2	3	0.3119	0.5543
ACTB	AHR	3	0.0042	0.8151
KRT8	AHR	3	0.0475	0.7178
LMNA	AHR	3	0.0041	0.8156
MAPRE3	AHR	3	0.0001	0.8514
LMNA	AHRR	3	0.3658	0.3324
ACTB	AHSA1	3	0.2158	0.6016
CTNNA1	AHSA1	3	0.0230	0.7521
KRT8	AHSA1	3	0.3165	0.5518
LMNA	AHSA1	3	0.1772	0.6229
MAPRE3	AHSA1	3	0.0520	0.7132
ACTB	AHSG	3	0.3241	0.5486
CTNNA1	AHSG	3	0.0435	0.7223
KRT8	AHSG	3	0.2024	0.6083
LMNA	AHSG	3	0.1062	0.6690
MAPRE3	AHSG	3	0.1245	0.6558
LMNA	AIDA	3	0.3333	0.4096
MAPRE3	AIFM1	3	0.0049	0.8116
ACTB	AIMP1	3	0.0024	0.8252
KRT8	AIMP1	3	0.0340	0.7337
MAPRE3	AIMP1	3	0.0000	0.8553
ACTB	AIMP2	3	0.2907	0.5654
CTNNA1	AIMP2	3	0.0547	0.7111
KRT8	AIMP2	3	0.2970	0.5621
LMNA	AIMP2	3	0.1366	0.6475
MAPRE3	AIMP2	3	0.1276	0.6536
ACTB	AIP	3	0.1902	0.6150
CTNNA1	AIP	3	0.0196	0.7592
KRT8	AIP	3	0.2513	0.5840
LMNA	AIP	3	0.1535	0.6372
MAPRE3	AIP	3	0.0326	0.7357
CTNNA1	AJM1	3	0.3333	0.4096
ACTB	AJUBA	3	0.0113	0.7846
KRT8	AJUBA	3	0.4624	0.2275
MAPRE3	AJUBA	3	0.0143	0.7735
ACTB	AK1	3	0.0105	0.7876
CTNNA1	AK1	3	0.0110	0.7857
KRT8	AK1	3	0.0139	0.7747
LMNA	AK1	3	0.0348	0.7328
MAPRE3	AK1	3	0.0081	0.7973
ACTB	AK2	3	0.0291	0.7409
CTNNA1	AK2	3	0.0214	0.7555
KRT8	AK2	3	0.0574	0.7085
LMNA	AK2	3	0.0391	0.7267
MAPRE3	AK2	3	0.0094	0.7917
KRT8	AK3	3	1.0000	0.0000
KRT8	AK4	3	1.0000	0.0000
LMNA	AK4	3	1.0000	0.0000
MAPRE3	AK4	3	0.6667	0.0721
CTNNA1	AK6	3	0.1242	0.6560
KRT8	AK6	3	0.0304	0.7389
LMNA	AK6	3	0.0197	0.7589
KRT8	AK7	3	0.3333	0.4096
ACTB	AKAP1	3	0.0277	0.7434
CTNNA1	AKAP1	3	0.0001	0.8514
KRT8	AKAP1	3	0.0181	0.7628
LMNA	AKAP1	3	0.0001	0.8514
MAPRE3	AKAP1	3	0.0174	0.7647
ACTB	AKAP10	3	0.0041	0.8156
KRT8	AKAP10	3	0.0092	0.7925
LMNA	AKAP10	3	0.0001	0.8514
MAPRE3	AKAP10	3	0.0001	0.8514
ACTB	AKAP11	3	0.0112	0.7849
CTNNA1	AKAP11	3	0.0001	0.8514
KRT8	AKAP11	3	0.0173	0.7650
MAPRE3	AKAP11	3	0.0004	0.8448
ACTB	AKAP12	3	0.3706	0.3241
CTNNA1	AKAP12	3	0.2708	0.5743
KRT8	AKAP12	3	0.3258	0.5476
LMNA	AKAP12	3	0.1127	0.6646
MAPRE3	AKAP12	3	0.2455	0.5872
ACTB	AKAP13	3	0.3837	0.3040
CTNNA1	AKAP13	3	0.2297	0.5946
KRT8	AKAP13	3	0.3681	0.3275
LMNA	AKAP13	3	0.1735	0.6253
MAPRE3	AKAP13	3	0.3296	0.5455
MAPRE3	AKAP17A	3	0.0000	0.8553
ACTB	AKAP8	3	0.1481	0.6403
CTNNA1	AKAP8	3	0.0021	0.8274
KRT8	AKAP8	3	0.1915	0.6141
LMNA	AKAP8	3	0.2925	0.5643
MAPRE3	AKAP8	3	0.0701	0.6972
ACTB	AKAP8L	3	0.2169	0.6008
CTNNA1	AKAP8L	3	0.1111	0.6660
KRT8	AKAP8L	3	0.3833	0.3042
LMNA	AKAP8L	3	0.3247	0.5482
MAPRE3	AKAP8L	3	0.1539	0.6367
ACTB	AKAP9	3	0.3035	0.5584
CTNNA1	AKAP9	3	0.1341	0.6490
KRT8	AKAP9	3	0.3046	0.5580
LMNA	AKAP9	3	0.1469	0.6412
MAPRE3	AKAP9	3	0.2807	0.5700
MAPRE3	AKNA	3	0.6667	0.0721
ACTB	AKR1A1	3	0.1358	0.6480
CTNNA1	AKR1A1	3	0.0270	0.7444
KRT8	AKR1A1	3	0.2521	0.5836
LMNA	AKR1A1	3	0.0626	0.7042
MAPRE3	AKR1A1	3	0.0228	0.7526
ACTB	AKR1C2	3	0.0552	0.7107
CTNNA1	AKR1C2	3	0.0300	0.7394
KRT8	AKR1C2	3	0.0964	0.6766
LMNA	AKR1C2	3	0.0827	0.6878
MAPRE3	AKR1C2	3	0.0203	0.7576
ACTB	AKR1C3	3	0.0547	0.7111
CTNNA1	AKR1C3	3	0.0183	0.7623
KRT8	AKR1C3	3	0.0475	0.7178
LMNA	AKR1C3	3	0.0382	0.7279
MAPRE3	AKR1C3	3	0.0088	0.7944
ACTB	AKR7A2	3	0.3333	0.4096
ACTB	AKT1	3	0.3434	0.3778
KRT8	AKT1	3	0.9168	0.0057
ACTB	AKT1S1	3	0.1399	0.6455
CTNNA1	AKT1S1	3	0.0060	0.8062
KRT8	AKT1S1	3	0.2137	0.6027
ACTB	AKT2	3	0.0098	0.7900
CTNNA1	AKT2	3	0.0001	0.8514
KRT8	AKT2	3	0.1868	0.6170
LMNA	AKT2	3	0.0109	0.7861
MAPRE3	AKT2	3	0.0051	0.8108
ACTB	ALAD	3	0.3333	0.4096
ACTB	ALAS1	3	0.6667	0.0721
KRT8	ALAS1	3	0.6667	0.0721
ACTB	ALB	3	0.2162	0.6013
CTNNA1	ALB	3	0.0363	0.7307
KRT8	ALB	3	0.0750	0.6932
LMNA	ALB	3	0.1015	0.6725
MAPRE3	ALB	3	0.1185	0.6600
ACTB	ALCAM	3	0.3333	0.4096
ACTB	ALDH16A1	3	0.0026	0.8238
KRT8	ALDH16A1	3	0.0253	0.7478
ACTB	ALDH18A1	3	0.1521	0.6380
CTNNA1	ALDH18A1	3	0.0671	0.6998
KRT8	ALDH18A1	3	0.5650	0.1883
LMNA	ALDH18A1	3	0.3159	0.5521
MAPRE3	ALDH18A1	3	0.1024	0.6716
ACTB	ALDH1A1	3	0.3333	0.4096
ACTB	ALDH1A3	3	0.3319	0.5442
KRT8	ALDH1A3	3	0.0696	0.6976
MAPRE3	ALDH1A3	3	0.0047	0.8127
ACTB	ALDH1B1	3	0.1863	0.6173
CTNNA1	ALDH1B1	3	0.0417	0.7240
KRT8	ALDH1B1	3	0.3479	0.3662
LMNA	ALDH1B1	3	0.1010	0.6731
MAPRE3	ALDH1B1	3	0.0670	0.6999
ACTB	ALDH2	3	0.0157	0.7695
CTNNA1	ALDH2	3	0.0016	0.8315
KRT8	ALDH2	3	0.0143	0.7735
LMNA	ALDH2	3	0.0822	0.6883
ACTB	ALDH3A1	3	0.3396	0.3891
KRT8	ALDH3A1	3	0.0831	0.6874
LMNA	ALDH3A1	3	0.0075	0.7995
MAPRE3	ALDH3A1	3	0.0060	0.8062
ACTB	ALDH3A2	3	0.0518	0.7135
KRT8	ALDH3A2	3	0.0091	0.7930
LMNA	ALDH3A2	3	0.2904	0.5656
MAPRE3	ALDH3A2	3	0.0000	0.8553
ACTB	ALDH3B1	3	0.0159	0.7689
KRT8	ALDH3B1	3	0.0309	0.7381
LMNA	ALDH3B1	3	0.0040	0.8161
MAPRE3	ALDH3B1	3	0.0004	0.8448
ACTB	ALDH7A1	3	0.1065	0.6690
CTNNA1	ALDH7A1	3	0.0089	0.7939
KRT8	ALDH7A1	3	0.1098	0.6669
LMNA	ALDH7A1	3	0.0116	0.7833
MAPRE3	ALDH7A1	3	0.0242	0.7498
LMNA	ALDH9A1	3	0.0017	0.8305
ACTB	ALDOA	3	0.1158	0.6625
CTNNA1	ALDOA	3	0.0142	0.7739
KRT8	ALDOA	3	0.0604	0.7061
LMNA	ALDOA	3	0.0160	0.7686
MAPRE3	ALDOA	3	0.0063	0.8048
LMNA	ALDOB	3	0.0038	0.8170
ACTB	ALDOC	3	0.0650	0.7020
KRT8	ALDOC	3	0.0587	0.7076
LMNA	ALDOC	3	0.0654	0.7015
ACTB	ALG1	3	0.0466	0.7188
KRT8	ALG1	3	0.7019	0.0494
LMNA	ALG1	3	0.2106	0.6043
MAPRE3	ALG1	3	0.0282	0.7424
ACTB	ALG12	3	0.3333	0.4096
LMNA	ALG12	3	0.3333	0.4096
ACTB	ALG13	3	0.0222	0.7539
KRT8	ALG13	3	0.3485	0.3650
LMNA	ALG13	3	0.0007	0.8404
ACTB	ALG3	3	0.0038	0.8170
KRT8	ALG3	3	0.0151	0.7711
LMNA	ALG3	3	0.0022	0.8268
MAPRE3	ALG3	3	0.0005	0.8431
ACTB	ALG8	3	0.0014	0.8335
KRT8	ALG8	3	0.0957	0.6771
LMNA	ALG8	3	0.0038	0.8170
LMNA	ALG9	3	0.3333	0.4096
LMNA	ALKBH2	3	1.0000	0.0000
MAPRE3	ALKBH2	3	0.3333	0.4096
ACTB	ALKBH3	3	0.0042	0.8151
KRT8	ALKBH3	3	0.0681	0.6990
LMNA	ALKBH3	3	0.0049	0.8116
MAPRE3	ALKBH3	3	0.0001	0.8514
ACTB	ALKBH5	3	0.0008	0.8393
CTNNA1	ALKBH5	3	0.0003	0.8465
LMNA	ALKBH5	3	0.2159	0.6014
ACTB	ALKBH8	3	0.3333	0.4096
ACTB	ALMS1	3	0.0396	0.7259
CTNNA1	ALMS1	3	0.0069	0.8021
KRT8	ALMS1	3	0.1624	0.6319
LMNA	ALMS1	3	0.0044	0.8141
MAPRE3	ALMS1	3	0.0379	0.7283
KRT8	ALOX15B	3	0.0137	0.7754
MAPRE3	ALOX15B	3	0.0005	0.8431
ACTB	ALPK1	3	0.0206	0.7570
KRT8	ALPK1	3	0.3325	0.5436
ACTB	ALPK2	3	0.3540	0.3548
KRT8	ALPK2	3	0.4381	0.2433
KRT8	ALS2	3	0.0052	0.8103
LMNA	ALX1	3	0.6667	0.0721
ACTB	ALYREF	3	0.0984	0.6747
CTNNA1	ALYREF	3	0.0562	0.7099
KRT8	ALYREF	3	0.0425	0.7233
LMNA	ALYREF	3	0.1500	0.6394
MAPRE3	ALYREF	3	0.0645	0.7023
KRT8	AMACR	3	0.0092	0.7925
MAPRE3	AMDHD1	3	0.3333	0.4096
ACTB	AMER1	3	0.6667	0.0721
CTNNA1	AMER1	3	0.6664	0.1626
KRT8	AMER1	3	1.0000	0.0000
CTNNA1	AMFR	3	0.3333	0.4096
KRT8	AMMECR1	3	0.0000	0.8553
LMNA	AMMECR1	3	0.0004	0.8448
KRT8	AMMECR1L	3	0.0015	0.8325
LMNA	AMMECR1L	3	0.0005	0.8431
ACTB	AMOT	3	0.0747	0.6935
KRT8	AMOT	3	0.0963	0.6767
ACTB	AMOTL1	3	0.0467	0.7186
CTNNA1	AMOTL1	3	0.0017	0.8305
KRT8	AMOTL1	3	0.0590	0.7071
MAPRE3	AMOTL1	3	0.0021	0.8274
KRT8	AMOTL2	3	1.0000	0.0000
ACTB	AMPD2	3	0.0127	0.7790
CTNNA1	AMPD2	3	0.0003	0.8465
KRT8	AMPD2	3	0.0144	0.7732
LMNA	AMPD2	3	0.0002	0.8487
MAPRE3	AMPD2	3	0.0018	0.8297
LMNA	AMPD3	3	0.3333	0.4096
LMNA	AMY2A	3	0.3333	0.4096
KRT8	AMZ2	3	0.0041	0.8156
LMNA	AMZ2	3	0.0027	0.8233
ACTB	ANAPC1	3	0.2891	0.5662
CTNNA1	ANAPC1	3	0.0880	0.6830
KRT8	ANAPC1	3	0.3747	0.3162
LMNA	ANAPC1	3	0.2362	0.5920
MAPRE3	ANAPC1	3	0.2323	0.5937
ACTB	ANAPC16	3	0.0035	0.8185
KRT8	ANAPC16	3	0.0070	0.8017
LMNA	ANAPC16	3	0.0026	0.8238
MAPRE3	ANAPC16	3	0.0064	0.8044
KRT8	ANAPC2	3	0.0322	0.7363
KRT8	ANAPC4	3	0.2776	0.5714
ACTB	ANAPC5	3	0.0130	0.7779
CTNNA1	ANAPC5	3	0.0002	0.8487
KRT8	ANAPC5	3	0.0402	0.7253
LMNA	ANAPC5	3	0.0076	0.7991
MAPRE3	ANAPC5	3	0.0076	0.7991
ACTB	ANAPC7	3	0.0065	0.8039
KRT8	ANAPC7	3	0.2583	0.5801
LMNA	ANAPC7	3	0.0069	0.8021
MAPRE3	ANAPC7	3	0.0107	0.7868
KRT8	ANGEL1	3	0.0383	0.7278
ACTB	ANGEL2	3	0.0042	0.8151
LMNA	ANGEL2	3	1.0000	0.0000
MAPRE3	ANGPT1	3	0.3333	0.4096
KRT8	ANGPT2	3	0.3333	0.4096
LMNA	ANGPTL3	3	0.3333	0.4096
ACTB	ANK1	3	0.3333	0.4096
LMNA	ANK1	3	0.3333	0.4096
KRT8	ANK2	3	0.3331	0.5430
ACTB	ANK3	3	0.0046	0.8132
CTNNA1	ANK3	3	0.0055	0.8088
ACTB	ANKAR	3	0.3333	0.4096
KRT8	ANKFN1	3	0.3333	0.4096
ACTB	ANKFY1	3	0.0044	0.8141
CTNNA1	ANKFY1	3	0.0002	0.8487
KRT8	ANKFY1	3	0.1857	0.6179
LMNA	ANKFY1	3	0.0008	0.8393
MAPRE3	ANKFY1	3	0.0003	0.8465
ACTB	ANKHD1	3	0.3404	0.3861
CTNNA1	ANKHD1	3	0.1876	0.6166
KRT8	ANKHD1	3	0.3863	0.3000
LMNA	ANKHD1	3	0.1732	0.6255
MAPRE3	ANKHD1	3	0.2982	0.5614
ACTB	ANKK1	3	0.3333	0.4096
ACTB	ANKLE2	3	0.0115	0.7837
CTNNA1	ANKLE2	3	0.0000	0.8553
KRT8	ANKLE2	3	0.0119	0.7820
LMNA	ANKLE2	3	0.0067	0.8030
MAPRE3	ANKLE2	3	0.0026	0.8238
KRT8	ANKMY1	3	0.6667	0.0721
KRT8	ANKMY2	3	0.6667	0.0721
ACTB	ANKRD10	3	0.0005	0.8431
ACTB	ANKRD11	3	0.0002	0.8487
KRT8	ANKRD11	3	0.0007	0.8404
LMNA	ANKRD11	3	0.0103	0.7884
MAPRE3	ANKRD11	3	0.0000	0.8553
LMNA	ANKRD12	3	0.0662	0.7006
LMNA	ANKRD13A	3	0.3333	0.4096
KRT8	ANKRD13B	3	0.0002	0.8487
KRT8	ANKRD13C	3	0.3333	0.4096
LMNA	ANKRD13C	3	0.3333	0.4096
ACTB	ANKRD17	3	0.3066	0.5568
CTNNA1	ANKRD17	3	0.1331	0.6499
KRT8	ANKRD17	3	0.3464	0.3705
LMNA	ANKRD17	3	0.1581	0.6344
MAPRE3	ANKRD17	3	0.2456	0.5871
LMNA	ANKRD18B	3	0.3333	0.4096
MAPRE3	ANKRD18B	3	0.3333	0.4096
ACTB	ANKRD20A12P	3	0.0031	0.8206
KRT8	ANKRD20A12P	3	0.3360	0.4012
LMNA	ANKRD20A12P	3	0.0103	0.7884
ACTB	ANKRD26	3	0.0053	0.8097
CTNNA1	ANKRD26	3	0.0012	0.8352
KRT8	ANKRD26	3	0.0113	0.7846
LMNA	ANKRD26	3	0.0000	0.8553
MAPRE3	ANKRD26	3	0.0004	0.8448
ACTB	ANKRD27	3	0.0317	0.7371
KRT8	ANKRD27	3	0.3095	0.5552
LMNA	ANKRD27	3	0.0040	0.8161
MAPRE3	ANKRD27	3	0.0011	0.8360
ACTB	ANKRD28	3	0.3523	0.3570
CTNNA1	ANKRD28	3	0.3424	0.3801
KRT8	ANKRD28	3	0.4208	0.2556
LMNA	ANKRD28	3	0.1692	0.6276
MAPRE3	ANKRD28	3	0.3538	0.3555
LMNA	ANKRD30A	3	0.3333	0.4096
KRT8	ANKRD31	3	0.0501	0.7154
LMNA	ANKRD34C	3	0.3333	0.4096
MAPRE3	ANKRD35	3	0.0001	0.8514
KRT8	ANKRD36C	3	0.3333	0.4096
ACTB	ANKRD40	3	0.0015	0.8325
KRT8	ANKRD40	3	0.0000	0.8553
LMNA	ANKRD40	3	0.0002	0.8487
MAPRE3	ANKRD40	3	0.0000	0.8553
ACTB	ANKRD44	3	0.0095	0.7913
KRT8	ANKRD44	3	0.1295	0.6526
LMNA	ANKRD46	3	0.3333	0.4096
ACTB	ANKRD50	3	0.0163	0.7678
CTNNA1	ANKRD50	3	0.0011	0.8360
KRT8	ANKRD50	3	0.0165	0.7670
LMNA	ANKRD50	3	0.0004	0.8448
MAPRE3	ANKRD50	3	0.0074	0.8000
ACTB	ANKRD52	3	0.0070	0.8017
CTNNA1	ANKRD52	3	0.0000	0.8553
KRT8	ANKRD52	3	0.0056	0.8082
LMNA	ANKRD52	3	0.0002	0.8487
MAPRE3	ANKRD52	3	0.0007	0.8404
LMNA	ANKRD6	3	0.3333	0.4096
KRT8	ANKRD62	3	0.3333	0.4096
LMNA	ANKRD65	3	0.3333	0.4096
ACTB	ANKS1A	3	0.0099	0.7897
CTNNA1	ANKS1A	3	0.0001	0.8514
KRT8	ANKS1A	3	0.0306	0.7386
LMNA	ANKS1A	3	0.0001	0.8514
MAPRE3	ANKS1A	3	0.0003	0.8465
LMNA	ANKS1B	3	0.3312	0.5447
KRT8	ANKS3	3	0.6667	0.0721
KRT8	ANKS6	3	0.0202	0.7578
MAPRE3	ANKS6	3	0.0013	0.8344
ACTB	ANKUB1	3	0.3333	0.4096
MAPRE3	ANKUB1	3	0.3333	0.4096
ACTB	ANKZF1	3	0.0110	0.7857
CTNNA1	ANKZF1	3	0.0001	0.8514
KRT8	ANKZF1	3	0.2642	0.5774
LMNA	ANKZF1	3	0.0019	0.8289
MAPRE3	ANKZF1	3	0.0010	0.8371
ACTB	ANLN	3	0.3653	0.3331
CTNNA1	ANLN	3	0.1116	0.6655
KRT8	ANLN	3	0.3374	0.3968
LMNA	ANLN	3	0.3804	0.3085
MAPRE3	ANLN	3	0.3113	0.5546
ACTB	ANO1	3	0.0036	0.8180
KRT8	ANO1	3	0.0001	0.8514
KRT8	ANO10	3	0.1148	0.6632
LMNA	ANO10	3	0.9755	0.0012
ACTB	ANO6	3	0.0067	0.8030
KRT8	ANO6	3	0.0010	0.8371
LMNA	ANO6	3	0.0057	0.8078
MAPRE3	ANO6	3	0.0000	0.8553
KRT8	ANO7	3	0.3333	0.4096
KRT8	ANO8	3	0.0014	0.8335
LMNA	ANP32A	3	0.6667	0.0721
MAPRE3	ANP32A	3	0.3333	0.4096
ACTB	ANP32B	3	0.0441	0.7215
CTNNA1	ANP32B	3	0.0191	0.7603
KRT8	ANP32B	3	0.0622	0.7046
LMNA	ANP32B	3	0.0473	0.7180
MAPRE3	ANP32B	3	0.0164	0.7674
CTNNA1	ANP32E	3	0.3333	0.4096
LMNA	ANP32E	3	1.0000	0.0000
ACTB	ANTXR1	3	0.1686	0.6280
CTNNA1	ANTXR1	3	0.0417	0.7240
KRT8	ANTXR1	3	0.3743	0.3170
LMNA	ANTXR1	3	0.2422	0.5892
MAPRE3	ANTXR1	3	0.0636	0.7029
ACTB	ANXA1	3	0.3194	0.5506
CTNNA1	ANXA1	3	0.0840	0.6865
KRT8	ANXA1	3	0.3327	0.5435
LMNA	ANXA1	3	0.2240	0.5973
MAPRE3	ANXA1	3	0.1783	0.6221
ACTB	ANXA10	3	0.0145	0.7729
CTNNA1	ANXA10	3	0.0130	0.7779
KRT8	ANXA10	3	0.0169	0.7661
LMNA	ANXA10	3	0.0212	0.7559
MAPRE3	ANXA10	3	0.0048	0.8121
ACTB	ANXA11	3	0.0052	0.8103
CTNNA1	ANXA11	3	0.0465	0.7190
KRT8	ANXA11	3	0.0197	0.7589
LMNA	ANXA11	3	0.0013	0.8344
MAPRE3	ANXA11	3	0.0011	0.8360
ACTB	ANXA2	3	0.2426	0.5888
CTNNA1	ANXA2	3	0.0186	0.7616
KRT8	ANXA2	3	0.2646	0.5772
LMNA	ANXA2	3	0.0302	0.7392
MAPRE3	ANXA2	3	0.0376	0.7288
ACTB	ANXA3	3	0.0294	0.7404
CTNNA1	ANXA3	3	0.0116	0.7833
KRT8	ANXA3	3	0.0354	0.7319
LMNA	ANXA3	3	0.0692	0.6980
MAPRE3	ANXA3	3	0.0067	0.8030
ACTB	ANXA4	3	0.3333	0.4096
CTNNA1	ANXA4	3	0.6667	0.0721
KRT8	ANXA4	3	0.3333	0.4096
LMNA	ANXA4	3	0.3333	0.4096
MAPRE3	ANXA4	3	0.5908	0.1820
ACTB	ANXA5	3	0.1225	0.6575
CTNNA1	ANXA5	3	0.0185	0.7618
KRT8	ANXA5	3	0.0733	0.6949
LMNA	ANXA5	3	0.0480	0.7173
MAPRE3	ANXA5	3	0.0176	0.7642
ACTB	ANXA6	3	0.1521	0.6380
CTNNA1	ANXA6	3	0.0136	0.7758
KRT8	ANXA6	3	0.2067	0.6059
LMNA	ANXA6	3	0.0475	0.7178
MAPRE3	ANXA6	3	0.0253	0.7478
ACTB	ANXA7	3	0.0375	0.7289
CTNNA1	ANXA7	3	0.0008	0.8393
LMNA	ANXA7	3	0.0015	0.8325
MAPRE3	ANXA7	3	0.0010	0.8371
ACTB	ANXA8;ANXA8L1	3	0.0195	0.7594
CTNNA1	ANXA8;ANXA8L1	3	0.0026	0.8238
KRT8	ANXA8;ANXA8L1	3	0.0121	0.7811
LMNA	ANXA8;ANXA8L1	3	0.0010	0.8371
ACTB	AP1B1	3	0.0168	0.7664
KRT8	AP1B1	3	0.3991	0.2825
LMNA	AP1B1	3	0.0002	0.8487
ACTB	AP1G1	3	0.3719	0.3217
CTNNA1	AP1G1	3	0.0880	0.6830
KRT8	AP1G1	3	0.3153	0.5524
LMNA	AP1G1	3	0.1531	0.6375
MAPRE3	AP1G1	3	0.1212	0.6583
ACTB	AP1G2	3	0.0042	0.8151
KRT8	AP1G2	3	0.2198	0.5992
ACTB	AP1M1	3	0.1620	0.6321
CTNNA1	AP1M1	3	0.0138	0.7750
KRT8	AP1M1	3	0.3655	0.3330
LMNA	AP1M1	3	0.1897	0.6154
MAPRE3	AP1M1	3	0.0612	0.7056
KRT8	AP1S1	3	0.0656	0.7013
LMNA	AP1S1	3	0.0794	0.6903
LMNA	AP1S2	3	0.3333	0.4096
ACTB	AP2A1	3	0.3372	0.3977
CTNNA1	AP2A1	3	0.1517	0.6382
KRT8	AP2A1	3	0.3831	0.3051
LMNA	AP2A1	3	0.2753	0.5725
MAPRE3	AP2A1	3	0.2327	0.5934
ACTB	AP2A2	3	0.0007	0.8404
KRT8	AP2A2	3	0.2031	0.6080
LMNA	AP2A2	3	0.0030	0.8212
ACTB	AP2B1	3	0.3536	0.3556
CTNNA1	AP2B1	3	0.1294	0.6528
KRT8	AP2B1	3	0.3660	0.3320
LMNA	AP2B1	3	0.1860	0.6175
MAPRE3	AP2B1	3	0.2231	0.5977
KRT8	AP2M1	3	0.0034	0.8190
LMNA	AP2M1	3	0.0003	0.8465
ACTB	AP2S1	3	0.0447	0.7206
KRT8	AP2S1	3	0.3577	0.3483
LMNA	AP2S1	3	0.0044	0.8141
MAPRE3	AP2S1	3	0.0048	0.8121
ACTB	AP3B1	3	0.0065	0.8039
CTNNA1	AP3B1	3	0.0001	0.8514
KRT8	AP3B1	3	0.0120	0.7815
LMNA	AP3B1	3	0.0001	0.8514
MAPRE3	AP3B1	3	0.0009	0.8382
ACTB	AP3D1	3	0.3127	0.5540
CTNNA1	AP3D1	3	0.0786	0.6909
KRT8	AP3D1	3	0.3423	0.3810
LMNA	AP3D1	3	0.2538	0.5825
MAPRE3	AP3D1	3	0.2103	0.6043
ACTB	AP3M1	3	0.2789	0.5709
CTNNA1	AP3M1	3	0.0489	0.7165
KRT8	AP3M1	3	0.3349	0.4044
LMNA	AP3M1	3	0.2495	0.5847
MAPRE3	AP3M1	3	0.1597	0.6334
ACTB	AP3S1	3	0.0079	0.7980
KRT8	AP3S1	3	0.0124	0.7799
LMNA	AP3S1	3	0.0019	0.8289
MAPRE3	AP3S1	3	0.0020	0.8282
ACTB	AP4B1	3	0.0131	0.7774
KRT8	AP4B1	3	0.2036	0.6078
LMNA	AP4B1	3	0.0045	0.8137
MAPRE3	AP4B1	3	0.0003	0.8465
ACTB	AP4E1	3	0.0053	0.8097
CTNNA1	AP4E1	3	0.0000	0.8553
KRT8	AP4E1	3	0.0252	0.7480
LMNA	AP4E1	3	0.0003	0.8465
MAPRE3	AP4E1	3	0.0008	0.8393
ACTB	AP4M1	3	0.3357	0.4024
KRT8	AP4M1	3	0.2059	0.6065
LMNA	AP4M1	3	0.0023	0.8260
MAPRE3	AP4M1	3	0.0013	0.8344
ACTB	AP4S1	3	0.0027	0.8233
ACTB	AP5B1	3	0.1072	0.6686
KRT8	AP5B1	3	0.2348	0.5928
LMNA	AP5B1	3	0.0038	0.8170
MAPRE3	AP5B1	3	0.0123	0.7804
ACTB	AP5Z1	3	0.0056	0.8082
KRT8	AP5Z1	3	0.0232	0.7518
KRT8	APAF1	3	0.0006	0.8417
LMNA	APBA1;APBA2	3	0.3333	0.4096
ACTB	APBB1	3	0.0073	0.8005
CTNNA1	APBB1	3	0.0002	0.8487
KRT8	APBB1	3	0.0375	0.7289
LMNA	APBB1	3	0.0531	0.7122
MAPRE3	APBB1	3	0.0008	0.8393
ACTB	APBB2	3	0.0183	0.7623
CTNNA1	APBB2	3	0.0001	0.8514
KRT8	APBB2	3	0.0085	0.7955
LMNA	APBB2	3	0.0005	0.8431
MAPRE3	APBB2	3	0.0003	0.8465
KRT8	APBB3	3	0.3333	0.4096
ACTB	APC	3	0.2530	0.5829
CTNNA1	APC	3	0.3340	0.4071
KRT8	APC	3	0.3357	0.4024
LMNA	APC	3	0.0632	0.7035
MAPRE3	APC	3	0.2743	0.5729
LMNA	APC2	3	0.6667	0.0721
ACTB	APEH	3	0.0106	0.7871
CTNNA1	APEH	3	0.0000	0.8553
KRT8	APEH	3	0.0126	0.7792
LMNA	APEH	3	0.0030	0.8212
MAPRE3	APEH	3	0.0009	0.8382
ACTB	APEX2	3	0.1075	0.6685
KRT8	APEX2	3	0.4749	0.2197
LMNA	APEX2	3	0.9089	0.0063
MAPRE3	APEX2	3	0.0492	0.7162
ACTB	API5	3	0.1474	0.6408
CTNNA1	API5	3	0.0475	0.7178
KRT8	API5	3	0.1455	0.6419
LMNA	API5	3	0.3552	0.3520
MAPRE3	API5	3	0.2250	0.5969
CTNNA1	APOA1	3	0.0000	0.8553
KRT8	APOA1	3	0.0000	0.8553
MAPRE3	APOA1	3	0.0015	0.8325
ACTB	APOA2	3	0.3333	0.4096
ACTB	APOA4	3	0.3333	0.4096
KRT8	APOA4	3	0.3333	0.4096
LMNA	APOB	3	0.0000	0.8553
KRT8	APOBEC3B;APOBEC3D	3	0.6667	0.0721
LMNA	APOBEC3B;APOBEC3D	3	0.6667	0.0721
LMNA	APOBEC3C	3	0.3333	0.4096
LMNA	APOBEC4	3	0.3333	0.4096
MAPRE3	APOBEC4	3	0.3333	0.4096
CTNNA1	APOL1	3	0.3333	0.4096
LMNA	APOO	3	0.3333	0.4096
MAPRE3	APOO	3	0.3333	0.4096
KRT8	APOOL	3	0.1125	0.6648
LMNA	APOOL	3	0.0051	0.8108
LMNA	APP	3	1.0000	0.0000
ACTB	APPL1	3	0.0097	0.7904
KRT8	APPL1	3	0.2214	0.5985
LMNA	APPL1	3	0.0051	0.8108
ACTB	APPL2	3	0.0246	0.7489
CTNNA1	APPL2	3	0.0001	0.8514
KRT8	APPL2	3	0.0571	0.7090
LMNA	APPL2	3	0.0016	0.8315
LMNA	APTX	3	0.3333	0.4096
ACTB	AQR	3	0.1038	0.6706
CTNNA1	AQR	3	0.0095	0.7913
KRT8	AQR	3	0.1370	0.6472
LMNA	AQR	3	0.2104	0.6043
MAPRE3	AQR	3	0.0468	0.7185
ACTB	AR	3	0.0033	0.8195
KRT8	AR	3	0.0155	0.7700
LMNA	AR	3	0.0218	0.7546
MAPRE3	AR	3	0.0001	0.8514
ACTB	ARAF	3	0.3270	0.5468
CTNNA1	ARAF	3	0.1069	0.6688
KRT8	ARAF	3	0.3542	0.3543
LMNA	ARAF	3	0.2136	0.6028
MAPRE3	ARAF	3	0.2426	0.5888
ACTB	ARAP1	3	0.0183	0.7623
CTNNA1	ARAP1	3	0.0001	0.8514
KRT8	ARAP1	3	0.0197	0.7589
LMNA	ARAP1	3	0.0019	0.8289
MAPRE3	ARAP1	3	0.0010	0.8371
ACTB	ARAP2	3	0.5863	0.1837
KRT8	ARAP2	3	0.5269	0.2004
MAPRE3	ARAP2	3	0.0068	0.8026
ACTB	ARAP3	3	0.0140	0.7745
CTNNA1	ARAP3	3	0.0007	0.8404
KRT8	ARAP3	3	0.6569	0.1662
LMNA	ARAP3	3	0.0016	0.8315
MAPRE3	ARAP3	3	0.0046	0.8132
ACTB	ARCN1	3	0.3134	0.5536
CTNNA1	ARCN1	3	0.0926	0.6795
KRT8	ARCN1	3	0.3460	0.3716
LMNA	ARCN1	3	0.2178	0.6002
MAPRE3	ARCN1	3	0.2102	0.6044
ACTB	ARF1;ARF3	3	0.3062	0.5571
CTNNA1	ARF1;ARF3	3	0.0776	0.6913
KRT8	ARF1;ARF3	3	0.2857	0.5676
LMNA	ARF1;ARF3	3	0.2248	0.5970
MAPRE3	ARF1;ARF3	3	0.1460	0.6416
ACTB	ARF4	3	0.1326	0.6504
CTNNA1	ARF4	3	0.0215	0.7553
KRT8	ARF4	3	0.4592	0.2297
LMNA	ARF4	3	0.1661	0.6295
MAPRE3	ARF4	3	0.0411	0.7245
ACTB	ARF5	3	0.2523	0.5834
CTNNA1	ARF5	3	0.0180	0.7632
KRT8	ARF5	3	0.1986	0.6102
LMNA	ARF5	3	0.1746	0.6246
MAPRE3	ARF5	3	0.0441	0.7215
ACTB	ARF6	3	0.1446	0.6425
CTNNA1	ARF6	3	0.0169	0.7661
KRT8	ARF6	3	0.1922	0.6136
LMNA	ARF6	3	0.1316	0.6514
MAPRE3	ARF6	3	0.0247	0.7487
ACTB	ARFGAP1	3	0.2527	0.5830
CTNNA1	ARFGAP1	3	0.0447	0.7206
KRT8	ARFGAP1	3	0.2881	0.5665
LMNA	ARFGAP1	3	0.1447	0.6424
MAPRE3	ARFGAP1	3	0.0971	0.6759
ACTB	ARFGAP2	3	0.0111	0.7854
CTNNA1	ARFGAP2	3	0.0001	0.8514
KRT8	ARFGAP2	3	0.1785	0.6220
LMNA	ARFGAP2	3	0.0016	0.8315
MAPRE3	ARFGAP2	3	0.0023	0.8260
ACTB	ARFGAP3	3	0.0077	0.7987
CTNNA1	ARFGAP3	3	0.0001	0.8514
KRT8	ARFGAP3	3	0.0203	0.7576
LMNA	ARFGAP3	3	0.0021	0.8274
MAPRE3	ARFGAP3	3	0.0033	0.8195
ACTB	ARFGEF1	3	0.0056	0.8082
CTNNA1	ARFGEF1	3	0.0000	0.8553
KRT8	ARFGEF1	3	0.0184	0.7619
LMNA	ARFGEF1	3	0.0023	0.8260
MAPRE3	ARFGEF1	3	0.0009	0.8382
ACTB	ARFGEF2	3	0.0113	0.7846
CTNNA1	ARFGEF2	3	0.0001	0.8514
KRT8	ARFGEF2	3	0.0115	0.7837
LMNA	ARFGEF2	3	0.0004	0.8448
MAPRE3	ARFGEF2	3	0.0005	0.8431
LMNA	ARFGEF3	3	0.0129	0.7782
ACTB	ARFIP1	3	0.0096	0.7908
KRT8	ARFIP1	3	0.2358	0.5923
LMNA	ARFIP1	3	0.0007	0.8404
MAPRE3	ARFIP1	3	0.0004	0.8448
ACTB	ARFIP2	3	0.0100	0.7894
CTNNA1	ARFIP2	3	0.0000	0.8553
KRT8	ARFIP2	3	0.0087	0.7947
LMNA	ARFIP2	3	0.0039	0.8165
MAPRE3	ARFIP2	3	0.0012	0.8352
ACTB	ARG1	3	0.3150	0.5527
CTNNA1	ARG1	3	0.0716	0.6959
LMNA	ARG1	3	0.1275	0.6537
MAPRE3	ARG1	3	0.0550	0.7108
CTNNA1	ARGLU1	3	0.0101	0.7890
MAPRE3	ARGLU1	3	0.0077	0.7987
ACTB	ARHGAP1	3	0.2173	0.6005
CTNNA1	ARHGAP1	3	0.0005	0.8431
KRT8	ARHGAP1	3	0.0160	0.7686
LMNA	ARHGAP1	3	0.0005	0.8431
MAPRE3	ARHGAP1	3	0.0014	0.8335
ACTB	ARHGAP11A	3	0.0177	0.7640
KRT8	ARHGAP11A	3	0.0006	0.8417
LMNA	ARHGAP11A	3	0.1077	0.6682
MAPRE3	ARHGAP11A	3	0.0033	0.8195
ACTB	ARHGAP12	3	0.6118	0.1773
KRT8	ARHGAP12	3	0.0213	0.7557
MAPRE3	ARHGAP12	3	0.0009	0.8382
ACTB	ARHGAP17	3	0.2909	0.5652
CTNNA1	ARHGAP17	3	0.0763	0.6924
KRT8	ARHGAP17	3	0.2631	0.5778
LMNA	ARHGAP17	3	0.0998	0.6739
MAPRE3	ARHGAP17	3	0.1782	0.6222
ACTB	ARHGAP18	3	0.0115	0.7837
KRT8	ARHGAP18	3	0.0114	0.7842
LMNA	ARHGAP18	3	0.0009	0.8382
MAPRE3	ARHGAP18	3	0.0001	0.8514
LMNA	ARHGAP19	3	0.6667	0.0721
ACTB	ARHGAP21	3	0.2015	0.6088
CTNNA1	ARHGAP21	3	0.1677	0.6285
KRT8	ARHGAP21	3	0.0171	0.7655
LMNA	ARHGAP21	3	0.0012	0.8352
MAPRE3	ARHGAP21	3	0.0048	0.8121
ACTB	ARHGAP23	3	0.0043	0.8145
CTNNA1	ARHGAP23	3	0.0035	0.8185
KRT8	ARHGAP23	3	0.9927	0.0003
MAPRE3	ARHGAP23	3	0.4792	0.2180
LMNA	ARHGAP28	3	0.3333	0.4096
MAPRE3	ARHGAP28	3	0.2712	0.5742
ACTB	ARHGAP29	3	0.0197	0.7589
CTNNA1	ARHGAP29	3	0.0022	0.8268
KRT8	ARHGAP29	3	0.0165	0.7670
LMNA	ARHGAP29	3	0.0002	0.8487
MAPRE3	ARHGAP29	3	0.0061	0.8057
ACTB	ARHGAP31	3	0.0120	0.7815
CTNNA1	ARHGAP31	3	0.0004	0.8448
KRT8	ARHGAP31	3	0.1093	0.6671
MAPRE3	ARHGAP31	3	0.0012	0.8352
ACTB	ARHGAP32	3	0.0782	0.6910
CTNNA1	ARHGAP32	3	0.0218	0.7546
KRT8	ARHGAP32	3	0.7162	0.0436
MAPRE3	ARHGAP32	3	0.0068	0.8026
ACTB	ARHGAP35	3	0.0678	0.6992
CTNNA1	ARHGAP35	3	0.0005	0.8431
KRT8	ARHGAP35	3	0.0145	0.7729
LMNA	ARHGAP35	3	0.0006	0.8417
MAPRE3	ARHGAP35	3	0.0013	0.8344
KRT8	ARHGAP36	3	0.3333	0.4096
ACTB	ARHGAP39	3	0.0179	0.7634
CTNNA1	ARHGAP39	3	0.0001	0.8514
KRT8	ARHGAP39	3	0.0008	0.8393
LMNA	ARHGAP39	3	0.0014	0.8335
ACTB	ARHGAP40	3	0.3333	0.4096
ACTB	ARHGAP42	3	0.9617	0.0022
CTNNA1	ARHGAP42	3	0.0014	0.8335
KRT8	ARHGAP42	3	0.3523	0.3570
LMNA	ARHGAP42	3	0.0025	0.8246
MAPRE3	ARHGAP42	3	0.0075	0.7995
ACTB	ARHGAP45	3	0.0059	0.8068
KRT8	ARHGAP45	3	0.0938	0.6787
LMNA	ARHGAP45	3	0.0014	0.8335
ACTB	ARHGAP5	3	0.5918	0.1815
KRT8	ARHGAP5	3	0.0124	0.7799
LMNA	ARHGAP5	3	0.0011	0.8360
MAPRE3	ARHGAP5	3	0.0013	0.8344
ACTB	ARHGDIA	3	0.1148	0.6632
CTNNA1	ARHGDIA	3	0.0001	0.8514
KRT8	ARHGDIA	3	0.0281	0.7426
LMNA	ARHGDIA	3	0.0002	0.8487
MAPRE3	ARHGDIA	3	0.0033	0.8195
ACTB	ARHGDIB	3	0.3333	0.4096
ACTB	ARHGEF1	3	0.0173	0.7650
CTNNA1	ARHGEF1	3	0.0010	0.8371
KRT8	ARHGEF1	3	0.2532	0.5828
LMNA	ARHGEF1	3	0.0060	0.8062
MAPRE3	ARHGEF1	3	0.0046	0.8132
ACTB	ARHGEF10	3	0.3049	0.5577
CTNNA1	ARHGEF10	3	0.1175	0.6610
KRT8	ARHGEF10	3	0.3516	0.3584
LMNA	ARHGEF10	3	0.1450	0.6423
MAPRE3	ARHGEF10	3	0.2242	0.5972
ACTB	ARHGEF10L	3	0.0098	0.7900
ACTB	ARHGEF11	3	0.4039	0.2757
CTNNA1	ARHGEF11	3	0.0142	0.7739
KRT8	ARHGEF11	3	0.2893	0.5661
MAPRE3	ARHGEF11	3	0.1618	0.6323
ACTB	ARHGEF12	3	0.3361	0.4008
KRT8	ARHGEF12	3	0.0212	0.7559
MAPRE3	ARHGEF12	3	0.0137	0.7754
ACTB	ARHGEF16	3	0.0089	0.7939
KRT8	ARHGEF16	3	0.0296	0.7400
MAPRE3	ARHGEF16	3	0.0013	0.8344
ACTB	ARHGEF17	3	0.0353	0.7320
CTNNA1	ARHGEF17	3	0.0008	0.8393
KRT8	ARHGEF17	3	0.2208	0.5988
LMNA	ARHGEF17	3	0.0117	0.7830
MAPRE3	ARHGEF17	3	0.0056	0.8082
ACTB	ARHGEF18	3	0.0244	0.7493
KRT8	ARHGEF18	3	0.0101	0.7890
MAPRE3	ARHGEF18	3	0.0016	0.8315
ACTB	ARHGEF2	3	0.0049	0.8116
KRT8	ARHGEF2	3	0.0113	0.7846
MAPRE3	ARHGEF2	3	0.7256	0.0408
ACTB	ARHGEF28	3	0.0595	0.7067
KRT8	ARHGEF28	3	0.0673	0.6997
MAPRE3	ARHGEF28	3	0.0059	0.8068
LMNA	ARHGEF3	3	0.0002	0.8487
KRT8	ARHGEF39	3	0.3333	0.4096
ACTB	ARHGEF4	3	0.0036	0.8180
KRT8	ARHGEF4	3	0.3384	0.3932
ACTB	ARHGEF40	3	0.0114	0.7842
CTNNA1	ARHGEF40	3	0.0001	0.8514
KRT8	ARHGEF40	3	0.0308	0.7382
LMNA	ARHGEF40	3	0.0006	0.8417
MAPRE3	ARHGEF40	3	0.0018	0.8297
ACTB	ARHGEF5	3	0.0513	0.7141
KRT8	ARHGEF5	3	0.8964	0.0083
MAPRE3	ARHGEF5	3	0.0299	0.7396
ACTB	ARHGEF7	3	0.0636	0.7029
CTNNA1	ARHGEF7	3	0.0019	0.8289
KRT8	ARHGEF7	3	0.0953	0.6775
MAPRE3	ARHGEF7	3	0.0239	0.7505
ACTB	ARHGEF9	3	0.3333	0.4096
MAPRE3	ARHGEF9	3	0.3333	0.4096
ACTB	ARID1A	3	0.0003	0.8465
KRT8	ARID1A	3	0.0000	0.8553
LMNA	ARID1A	3	0.0010	0.8371
MAPRE3	ARID1A	3	0.0000	0.8553
ACTB	ARID1B	3	0.1076	0.6684
KRT8	ARID1B	3	0.0346	0.7330
LMNA	ARID1B	3	0.2655	0.5767
MAPRE3	ARID1B	3	0.0643	0.7024
ACTB	ARID2	3	0.0003	0.8465
CTNNA1	ARID2	3	0.0000	0.8553
KRT8	ARID2	3	0.0003	0.8465
LMNA	ARID2	3	0.0024	0.8252
MAPRE3	ARID2	3	0.0000	0.8553
ACTB	ARID3B	3	0.3333	0.4096
MAPRE3	ARID4A	3	0.0015	0.8325
ACTB	ARID4B	3	0.0492	0.7162
LMNA	ARID4B	3	0.0016	0.8315
ACTB	ARID5B	3	0.0005	0.8431
CTNNA1	ARID5B	3	0.0011	0.8360
KRT8	ARID5B	3	0.0014	0.8335
LMNA	ARID5B	3	0.1809	0.6206
MAPRE3	ARID5B	3	0.0013	0.8344
CTNNA1	ARIH1	3	0.0018	0.8297
LMNA	ARIH1	3	0.0099	0.7897
ACTB	ARIH2	3	0.3333	0.4096
LMNA	ARK2N	3	0.3333	0.4096
ACTB	ARL1	3	0.1942	0.6127
CTNNA1	ARL1	3	0.0513	0.7141
KRT8	ARL1	3	0.2657	0.5765
LMNA	ARL1	3	0.2557	0.5814
MAPRE3	ARL1	3	0.0876	0.6835
ACTB	ARL15	3	0.0061	0.8057
CTNNA1	ARL15	3	0.0001	0.8514
KRT8	ARL15	3	0.0508	0.7146
LMNA	ARL15	3	0.0058	0.8072
MAPRE3	ARL15	3	0.0008	0.8393
ACTB	ARL2	3	0.3185	0.5510
CTNNA1	ARL2	3	0.0769	0.6920
KRT8	ARL2	3	0.3709	0.3233
LMNA	ARL2	3	0.2760	0.5722
MAPRE3	ARL2	3	0.2185	0.5999
ACTB	ARL2BP	3	0.0033	0.8195
CTNNA1	ARL2BP	3	0.0219	0.7543
LMNA	ARL2BP	3	0.0191	0.7603
MAPRE3	ARL2BP	3	0.0046	0.8132
ACTB	ARL3	3	0.0518	0.7135
CTNNA1	ARL3	3	0.0074	0.8000
KRT8	ARL3	3	0.2080	0.6053
LMNA	ARL3	3	0.1280	0.6534
MAPRE3	ARL3	3	0.0296	0.7400
KRT8	ARL6	3	0.3333	0.4096
ACTB	ARL6IP4	3	0.0245	0.7491
CTNNA1	ARL6IP4	3	0.0060	0.8062
KRT8	ARL6IP4	3	0.0436	0.7220
LMNA	ARL6IP4	3	0.1121	0.6651
MAPRE3	ARL6IP4	3	0.0064	0.8044
ACTB	ARL6IP5	3	0.0092	0.7925
KRT8	ARL6IP5	3	0.0082	0.7969
LMNA	ARL6IP5	3	0.9989	0.0000
MAPRE3	ARL6IP5	3	0.0015	0.8325
LMNA	ARL6IP6	3	0.6667	0.0721
LMNA	ARL8A;ARL8B	3	0.3333	0.4096
ACTB	ARMC1	3	0.0147	0.7724
KRT8	ARMC1	3	0.0307	0.7384
LMNA	ARMC1	3	0.0151	0.7711
MAPRE3	ARMC1	3	0.0005	0.8431
ACTB	ARMC6	3	0.0037	0.8175
KRT8	ARMC6	3	0.5728	0.1866
LMNA	ARMC6	3	0.0069	0.8021
ACTB	ARMC8	3	0.0037	0.8175
KRT8	ARMC8	3	0.0031	0.8206
LMNA	ARMC8	3	0.0000	0.8553
MAPRE3	ARMC8	3	0.0118	0.7826
ACTB	ARMC9	3	0.1102	0.6666
KRT8	ARMC9	3	0.5946	0.1808
MAPRE3	ARMC9	3	0.0091	0.7930
ACTB	ARMCX1	3	0.0016	0.8315
KRT8	ARMCX1	3	0.2572	0.5807
LMNA	ARMCX1	3	0.0011	0.8360
MAPRE3	ARMCX1	3	0.0003	0.8465
KRT8	ARMCX2	3	0.0616	0.7053
ACTB	ARMCX3	3	0.1990	0.6099
CTNNA1	ARMCX3	3	0.0546	0.7111
KRT8	ARMCX3	3	0.2325	0.5936
LMNA	ARMCX3	3	0.2052	0.6070
MAPRE3	ARMCX3	3	0.0059	0.8068
KRT8	ARMCX4	3	0.6636	0.1634
ACTB	ARMCX5	3	0.0184	0.7619
KRT8	ARMCX5	3	0.4706	0.2217
MAPRE3	ARMCX5	3	0.0042	0.8151
ACTB	ARNT	3	0.0025	0.8246
KRT8	ARNT	3	0.0043	0.8145
LMNA	ARNT	3	0.5145	0.2068
MAPRE3	ARNT	3	0.0003	0.8465
ACTB	ARPC1A	3	0.0359	0.7313
CTNNA1	ARPC1A	3	0.0129	0.7782
KRT8	ARPC1A	3	0.0282	0.7424
LMNA	ARPC1A	3	0.0224	0.7534
MAPRE3	ARPC1A	3	0.0074	0.8000
ACTB	ARPC1B	3	0.4744	0.2200
CTNNA1	ARPC1B	3	0.0256	0.7472
KRT8	ARPC1B	3	0.2736	0.5732
LMNA	ARPC1B	3	0.0736	0.6946
MAPRE3	ARPC1B	3	0.0342	0.7335
ACTB	ARPC2	3	0.4281	0.2492
CTNNA1	ARPC2	3	0.0404	0.7251
KRT8	ARPC2	3	0.2855	0.5677
LMNA	ARPC2	3	0.1371	0.6471
MAPRE3	ARPC2	3	0.1732	0.6255
ACTB	ARPC3	3	0.1193	0.6595
CTNNA1	ARPC3	3	0.0010	0.8371
KRT8	ARPC3	3	0.0307	0.7384
LMNA	ARPC3	3	0.0013	0.8344
MAPRE3	ARPC3	3	0.0008	0.8393
ACTB	ARPC4	3	0.2984	0.5612
CTNNA1	ARPC4	3	0.0853	0.6853
KRT8	ARPC4	3	0.3242	0.5485
LMNA	ARPC4	3	0.2446	0.5878
MAPRE3	ARPC4	3	0.2125	0.6034
ACTB	ARPC5	3	0.2690	0.5752
CTNNA1	ARPC5	3	0.0311	0.7378
KRT8	ARPC5	3	0.1215	0.6581
LMNA	ARPC5	3	0.1332	0.6498
MAPRE3	ARPC5	3	0.0688	0.6983
ACTB	ARPIN	3	0.0115	0.7837
KRT8	ARPIN	3	0.0062	0.8053
LMNA	ARPIN	3	0.0058	0.8072
MAPRE3	ARPIN	3	0.0003	0.8465
ACTB	ARPP19	3	0.0010	0.8371
CTNNA1	ARPP19	3	0.3321	0.5441
KRT8	ARPP19	3	0.0025	0.8246
CTNNA1	ARRDC1	3	0.3333	0.4096
CTNNA1	ARRDC4	3	0.3333	0.4096
ACTB	ARSB	3	0.3333	0.4096
CTNNA1	ARSK	3	0.3333	0.4096
ACTB	ASAH1	3	0.3333	0.4096
ACTB	ASAP1	3	0.6204	0.1755
CTNNA1	ASAP1	3	0.0009	0.8382
KRT8	ASAP1	3	0.0265	0.7454
LMNA	ASAP1	3	0.0016	0.8315
MAPRE3	ASAP1	3	0.0059	0.8068
ACTB	ASAP2	3	0.3414	0.3835
KRT8	ASAP2	3	0.0158	0.7691
MAPRE3	ASAP2	3	0.0068	0.8026
LMNA	ASAP3	3	0.3333	0.4096
ACTB	ASB18	3	0.0015	0.8325
KRT8	ASB18	3	0.0143	0.7735
LMNA	ASB18	3	0.0004	0.8448
ACTB	ASB3	3	0.0307	0.7384
KRT8	ASB3	3	0.0230	0.7521
LMNA	ASB3	3	0.0275	0.7437
MAPRE3	ASB3	3	0.0001	0.8514
ACTB	ASB5	3	0.3333	0.4096
KRT8	ASB6	3	0.0033	0.8195
LMNA	ASB7	3	0.3333	0.4096
ACTB	ASCC1	3	0.0200	0.7582
CTNNA1	ASCC1	3	0.0002	0.8487
KRT8	ASCC1	3	0.0259	0.7466
MAPRE3	ASCC1	3	0.0063	0.8048
ACTB	ASCC2	3	0.1545	0.6364
CTNNA1	ASCC2	3	0.0044	0.8141
KRT8	ASCC2	3	0.2211	0.5986
LMNA	ASCC2	3	0.0071	0.8013
MAPRE3	ASCC2	3	0.0406	0.7250
ACTB	ASCC3	3	0.3870	0.2998
CTNNA1	ASCC3	3	0.2301	0.5944
KRT8	ASCC3	3	0.4038	0.2760
LMNA	ASCC3	3	0.1859	0.6177
MAPRE3	ASCC3	3	0.3559	0.3508
ACTB	ASF1A	3	0.0030	0.8212
CTNNA1	ASF1A	3	0.0001	0.8514
KRT8	ASF1A	3	0.0013	0.8344
LMNA	ASF1A	3	0.0057	0.8078
ACTB	ASF1B	3	0.0004	0.8448
KRT8	ASF1B	3	0.0037	0.8175
LMNA	ASF1B	3	0.0171	0.7655
ACTB	ASH1L	3	0.0003	0.8465
CTNNA1	ASH1L	3	0.0284	0.7420
KRT8	ASH1L	3	0.0005	0.8431
LMNA	ASH1L	3	0.0145	0.7729
MAPRE3	ASH1L	3	0.0007	0.8404
LMNA	ASH2L	3	0.0338	0.7339
LMNA	ASIC1	3	0.3333	0.4096
LMNA	ASIC4	3	0.3333	0.4096
ACTB	ASL	3	0.0022	0.8268
KRT8	ASL	3	0.5540	0.1927
ACTB	ASMTL	3	0.0260	0.7465
KRT8	ASMTL	3	0.0730	0.6951
MAPRE3	ASMTL	3	0.0031	0.8206
ACTB	ASNS	3	0.1755	0.6240
CTNNA1	ASNS	3	0.0126	0.7792
KRT8	ASNS	3	0.2378	0.5913
LMNA	ASNS	3	0.0609	0.7058
MAPRE3	ASNS	3	0.0337	0.7341
ACTB	ASNSD1	3	0.3403	0.3863
KRT8	ASNSD1	3	0.9037	0.0069
MAPRE3	ASNSD1	3	0.0030	0.8212
CTNNA1	ASPDH	3	0.0036	0.8180
ACTB	ASPH	3	0.2207	0.5988
CTNNA1	ASPH	3	0.1324	0.6506
KRT8	ASPH	3	0.3220	0.5494
LMNA	ASPH	3	0.2916	0.5647
MAPRE3	ASPH	3	0.1633	0.6313
LMNA	ASPHD1	3	1.0000	0.0000
ACTB	ASPM	3	0.0283	0.7422
CTNNA1	ASPM	3	0.0008	0.8393
KRT8	ASPM	3	0.8439	0.0174
LMNA	ASPM	3	0.0288	0.7413
MAPRE3	ASPM	3	0.0160	0.7686
ACTB	ASPRV1	3	0.0126	0.7792
LMNA	ASPRV1	3	0.0018	0.8297
MAPRE3	ASPRV1	3	0.0004	0.8448
ACTB	ASRGL1	3	0.0118	0.7826
CTNNA1	ASRGL1	3	0.0001	0.8514
KRT8	ASRGL1	3	0.0118	0.7826
LMNA	ASRGL1	3	0.0070	0.8017
MAPRE3	ASRGL1	3	0.0022	0.8268
KRT8	ASTE1	3	0.3333	0.4096
MAPRE3	ASTE1	3	0.6667	0.0721
MAPRE3	ASTN1	3	0.3333	0.4096
MAPRE3	ASTN2	3	0.3333	0.4096
LMNA	ASXL1	3	0.0003	0.8465
ACTB	ASXL2	3	0.0003	0.8465
CTNNA1	ASXL2	3	0.0000	0.8553
KRT8	ASXL2	3	0.0002	0.8487
LMNA	ASXL2	3	0.0023	0.8260
MAPRE3	ASXL2	3	0.0000	0.8553
ACTB	ATAD1	3	0.0033	0.8195
CTNNA1	ATAD1	3	0.0000	0.8553
KRT8	ATAD1	3	0.0054	0.8093
LMNA	ATAD1	3	0.0030	0.8212
MAPRE3	ATAD1	3	0.0002	0.8487
ACTB	ATAD2	3	0.1718	0.6262
CTNNA1	ATAD2	3	0.0218	0.7546
KRT8	ATAD2	3	0.1704	0.6270
LMNA	ATAD2	3	0.2728	0.5734
MAPRE3	ATAD2	3	0.0709	0.6965
KRT8	ATAD2B	3	0.3333	0.4096
LMNA	ATAD2B	3	0.7451	0.0363
ACTB	ATAD3A	3	0.0087	0.7947
CTNNA1	ATAD3A	3	0.0659	0.7009
KRT8	ATAD3A	3	0.0381	0.7281
LMNA	ATAD3A	3	0.0718	0.6957
MAPRE3	ATAD3A	3	0.0051	0.8108
ACTB	ATAD3B	3	0.0115	0.7837
CTNNA1	ATAD3B	3	0.0084	0.7959
KRT8	ATAD3B	3	0.0282	0.7424
LMNA	ATAD3B	3	0.0200	0.7582
MAPRE3	ATAD3B	3	0.0044	0.8141
ACTB	ATAD5	3	0.0040	0.8161
KRT8	ATAD5	3	0.0000	0.8553
LMNA	ATAD5	3	0.0090	0.7935
MAPRE3	ATAD5	3	0.0010	0.8371
LMNA	ATE1	3	0.3333	0.4096
ACTB	ATF2	3	0.0001	0.8514
LMNA	ATF2	3	0.0197	0.7589
ACTB	ATF6	3	0.0205	0.7572
CTNNA1	ATF6	3	0.0002	0.8487
KRT8	ATF6	3	0.0695	0.6977
LMNA	ATF6	3	0.0015	0.8325
MAPRE3	ATF6	3	0.0005	0.8431
ACTB	ATF6B	3	0.0092	0.7925
KRT8	ATF6B	3	0.0592	0.7070
LMNA	ATF6B	3	0.0017	0.8305
ACTB	ATF7	3	0.0007	0.8404
KRT8	ATF7	3	0.0010	0.8371
LMNA	ATF7	3	0.0187	0.7613
ACTB	ATF7IP	3	0.0002	0.8487
KRT8	ATF7IP	3	0.0000	0.8553
LMNA	ATF7IP	3	0.0056	0.8082
MAPRE3	ATF7IP	3	0.0000	0.8553
ACTB	ATG13	3	0.0035	0.8185
CTNNA1	ATG13	3	0.3333	0.4096
KRT8	ATG13	3	0.6711	0.0669
LMNA	ATG13	3	0.0071	0.8013
ACTB	ATG14	3	0.3333	0.4096
KRT8	ATG16L1	3	0.3333	0.4096
LMNA	ATG16L1	3	0.3333	0.4096
MAPRE3	ATG16L1	3	0.3333	0.4096
KRT8	ATG16L2	3	0.3333	0.4096
ACTB	ATG2A	3	0.2252	0.5969
CTNNA1	ATG2A	3	0.0139	0.7747
KRT8	ATG2A	3	0.2692	0.5751
MAPRE3	ATG2A	3	0.0857	0.6851
ACTB	ATG2B	3	0.0140	0.7745
CTNNA1	ATG2B	3	0.0003	0.8465
KRT8	ATG2B	3	0.1235	0.6565
LMNA	ATG2B	3	0.0015	0.8325
MAPRE3	ATG2B	3	0.0014	0.8335
ACTB	ATG3	3	0.2565	0.5811
CTNNA1	ATG3	3	0.0637	0.7029
KRT8	ATG3	3	0.2443	0.5879
LMNA	ATG3	3	0.0679	0.6992
MAPRE3	ATG3	3	0.1048	0.6698
ACTB	ATG4C	3	0.0044	0.8141
KRT8	ATG4C	3	0.0066	0.8035
ACTB	ATG7	3	0.1367	0.6473
CTNNA1	ATG7	3	0.0493	0.7161
KRT8	ATG7	3	0.1314	0.6514
LMNA	ATG7	3	0.0912	0.6806
MAPRE3	ATG7	3	0.0345	0.7331
ACTB	ATG9A	3	0.0112	0.7849
CTNNA1	ATG9A	3	0.0001	0.8514
KRT8	ATG9A	3	0.7497	0.0354
LMNA	ATG9A	3	0.0100	0.7894
MAPRE3	ATG9A	3	0.0017	0.8305
ACTB	ATIC	3	0.0116	0.7833
KRT8	ATIC	3	0.0163	0.7678
MAPRE3	ATIC	3	0.0005	0.8431
ACTB	ATL1	3	0.3333	0.4096
ACTB	ATL3	3	0.0186	0.7616
CTNNA1	ATL3	3	0.0002	0.8487
KRT8	ATL3	3	0.0513	0.7141
LMNA	ATL3	3	0.0129	0.7782
MAPRE3	ATL3	3	0.0006	0.8417
ACTB	ATM	3	0.0024	0.8252
CTNNA1	ATM	3	0.0000	0.8553
KRT8	ATM	3	0.0127	0.7790
LMNA	ATM	3	0.0036	0.8180
MAPRE3	ATM	3	0.0000	0.8553
ACTB	ATN1	3	0.0002	0.8487
LMNA	ATN1	3	0.0041	0.8156
ACTB	ATOX1	3	0.0115	0.7837
CTNNA1	ATOX1	3	0.0165	0.7670
LMNA	ATOX1	3	0.0372	0.7295
MAPRE3	ATOX1	3	0.0102	0.7887
CTNNA1	ATP11B	3	0.3333	0.4096
ACTB	ATP13A1	3	0.2064	0.6061
CTNNA1	ATP13A1	3	0.0164	0.7674
KRT8	ATP13A1	3	0.1967	0.6112
LMNA	ATP13A1	3	0.3928	0.2898
MAPRE3	ATP13A1	3	0.0168	0.7664
ACTB	ATP1A1	3	0.1378	0.6466
CTNNA1	ATP1A1	3	0.0409	0.7247
KRT8	ATP1A1	3	0.1918	0.6138
LMNA	ATP1A1	3	0.1188	0.6598
MAPRE3	ATP1A1	3	0.0096	0.7908
ACTB	ATP1A2	3	0.3333	0.4096
LMNA	ATP1A2	3	0.6667	0.0721
KRT8	ATP1A3	3	0.3333	0.4096
LMNA	ATP1B1	3	0.3333	0.4096
ACTB	ATP2A1	3	0.3333	0.4096
MAPRE3	ATP2A1	3	0.3333	0.4096
ACTB	ATP2A2	3	0.1861	0.6174
CTNNA1	ATP2A2	3	0.0151	0.7711
KRT8	ATP2A2	3	0.2609	0.5787
LMNA	ATP2A2	3	0.1354	0.6481
MAPRE3	ATP2A2	3	0.0868	0.6841
KRT8	ATP2A3	3	0.3333	0.4096
ACTB	ATP2B1	3	0.0125	0.7796
CTNNA1	ATP2B1	3	0.0029	0.8218
KRT8	ATP2B1	3	0.3812	0.3075
LMNA	ATP2B1	3	0.6691	0.0702
MAPRE3	ATP2B1	3	0.0031	0.8206
CTNNA1	ATP2B3	3	0.6667	0.0721
MAPRE3	ATP2B4	3	0.0000	0.8553
ACTB	ATP2C1	3	0.0349	0.7327
CTNNA1	ATP2C1	3	0.0225	0.7530
KRT8	ATP2C1	3	0.3426	0.3793
LMNA	ATP2C1	3	0.1081	0.6678
MAPRE3	ATP2C1	3	0.0004	0.8448
KRT8	ATP2C2	3	0.3333	0.4096
ACTB	ATP5F1A	3	0.1610	0.6328
CTNNA1	ATP5F1A	3	0.0248	0.7485
KRT8	ATP5F1A	3	0.2701	0.5746
LMNA	ATP5F1A	3	0.1634	0.6312
MAPRE3	ATP5F1A	3	0.0650	0.7020
ACTB	ATP5F1B	3	0.1271	0.6538
CTNNA1	ATP5F1B	3	0.0131	0.7774
KRT8	ATP5F1B	3	0.3777	0.3117
MAPRE3	ATP5F1B	3	0.0091	0.7930
ACTB	ATP5F1C	3	0.2639	0.5775
CTNNA1	ATP5F1C	3	0.0138	0.7750
KRT8	ATP5F1C	3	0.1631	0.6314
LMNA	ATP5F1C	3	0.1587	0.6339
MAPRE3	ATP5F1C	3	0.1178	0.6607
ACTB	ATP5MF	3	0.0318	0.7369
CTNNA1	ATP5MF	3	0.0180	0.7632
KRT8	ATP5MF	3	0.0569	0.7092
LMNA	ATP5MF	3	0.0221	0.7540
MAPRE3	ATP5MF	3	0.0078	0.7983
ACTB	ATP5MK	3	0.2894	0.5660
CTNNA1	ATP5MK	3	0.0443	0.7212
KRT8	ATP5MK	3	0.3291	0.5459
LMNA	ATP5MK	3	0.2002	0.6095
MAPRE3	ATP5MK	3	0.1238	0.6563
ACTB	ATP5PB	3	0.3333	0.4096
ACTB	ATP5PD	3	0.0923	0.6796
CTNNA1	ATP5PD	3	0.0215	0.7553
KRT8	ATP5PD	3	0.1240	0.6561
LMNA	ATP5PD	3	0.0216	0.7550
MAPRE3	ATP5PD	3	0.0123	0.7804
ACTB	ATP5PO	3	0.0288	0.7413
CTNNA1	ATP5PO	3	0.0156	0.7698
KRT8	ATP5PO	3	0.0305	0.7387
LMNA	ATP5PO	3	0.0260	0.7465
MAPRE3	ATP5PO	3	0.0060	0.8062
KRT8	ATP6AP1	3	0.3333	0.4096
LMNA	ATP6AP1	3	1.0000	0.0000
CTNNA1	ATP6V0A2	3	0.3333	0.4096
CTNNA1	ATP6V0D1	3	0.0066	0.8035
KRT8	ATP6V0D1	3	0.1988	0.6101
LMNA	ATP6V0D1	3	0.0150	0.7715
MAPRE3	ATP6V0D1	3	0.0015	0.8325
ACTB	ATP6V1A	3	0.2770	0.5716
CTNNA1	ATP6V1A	3	0.0396	0.7259
KRT8	ATP6V1A	3	0.2992	0.5607
LMNA	ATP6V1A	3	0.1839	0.6188
MAPRE3	ATP6V1A	3	0.0908	0.6811
MAPRE3	ATP6V1B1	3	0.3333	0.4096
ACTB	ATP6V1B2	3	0.0537	0.7118
KRT8	ATP6V1B2	3	0.0002	0.8487
ACTB	ATP6V1C1	3	0.1045	0.6700
CTNNA1	ATP6V1C1	3	0.0280	0.7430
KRT8	ATP6V1C1	3	0.1369	0.6473
LMNA	ATP6V1C1	3	0.0524	0.7130
MAPRE3	ATP6V1C1	3	0.0880	0.6830
ACTB	ATP6V1C2	3	0.0045	0.8137
LMNA	ATP6V1C2	3	0.0162	0.7681
MAPRE3	ATP6V1C2	3	0.0011	0.8360
ACTB	ATP6V1E1	3	0.3137	0.5535
LMNA	ATP6V1E1	3	0.0045	0.8137
ACTB	ATP6V1G1	3	0.0386	0.7273
CTNNA1	ATP6V1G1	3	0.0131	0.7774
KRT8	ATP6V1G1	3	0.0467	0.7186
LMNA	ATP6V1G1	3	0.0179	0.7634
MAPRE3	ATP6V1G1	3	0.0047	0.8127
ACTB	ATP6V1H	3	0.0237	0.7509
CTNNA1	ATP6V1H	3	0.0001	0.8514
KRT8	ATP6V1H	3	0.3588	0.3462
LMNA	ATP6V1H	3	0.0182	0.7626
MAPRE3	ATP6V1H	3	0.0019	0.8289
ACTB	ATP7A	3	0.0028	0.8224
CTNNA1	ATP7A	3	0.0001	0.8514
KRT8	ATP7A	3	0.0053	0.8097
LMNA	ATP7A	3	0.0001	0.8514
ACTB	ATP8A2	3	0.6667	0.0721
ACTB	ATP9A	3	0.0013	0.8344
KRT8	ATP9A	3	0.2473	0.5859
LMNA	ATP9A	3	0.0062	0.8053
ACTB	ATPAF1	3	0.3333	0.4096
CTNNA1	ATPAF1	3	0.3333	0.4096
KRT8	ATPAF1	3	0.3333	0.4096
ACTB	ATPAF2	3	0.3333	0.4096
KRT8	ATPAF2	3	0.3333	0.4096
ACTB	ATPSCKMT	3	0.0862	0.6846
CTNNA1	ATPSCKMT	3	0.0131	0.7774
KRT8	ATPSCKMT	3	0.2454	0.5874
LMNA	ATPSCKMT	3	0.0965	0.6765
MAPRE3	ATPSCKMT	3	0.0845	0.6859
ACTB	ATR	3	0.0052	0.8103
KRT8	ATR	3	0.0089	0.7939
LMNA	ATR	3	0.0072	0.8009
MAPRE3	ATR	3	0.0043	0.8145
ACTB	ATRIP	3	0.0010	0.8371
KRT8	ATRIP	3	0.0008	0.8393
LMNA	ATRIP	3	0.0204	0.7574
MAPRE3	ATRIP	3	0.0000	0.8553
LMNA	ATRN	3	0.3333	0.4096
ACTB	ATRX	3	0.2550	0.5819
CTNNA1	ATRX	3	0.0622	0.7046
KRT8	ATRX	3	0.1886	0.6158
LMNA	ATRX	3	0.3426	0.3793
MAPRE3	ATRX	3	0.1689	0.6277
ACTB	ATXN1	3	0.0313	0.7377
KRT8	ATXN1	3	0.0130	0.7779
LMNA	ATXN1	3	0.1103	0.6665
MAPRE3	ATXN1	3	0.0044	0.8141
ACTB	ATXN10	3	0.3564	0.3504
CTNNA1	ATXN10	3	0.1540	0.6367
KRT8	ATXN10	3	0.3730	0.3192
LMNA	ATXN10	3	0.2926	0.5642
MAPRE3	ATXN10	3	0.2416	0.5896
LMNA	ATXN1L	3	0.3333	0.4096
ACTB	ATXN2	3	0.0054	0.8093
CTNNA1	ATXN2	3	0.0000	0.8553
KRT8	ATXN2	3	0.0063	0.8048
LMNA	ATXN2	3	0.0001	0.8514
MAPRE3	ATXN2	3	0.0049	0.8116
ACTB	ATXN2L	3	0.2694	0.5750
CTNNA1	ATXN2L	3	0.1053	0.6696
KRT8	ATXN2L	3	0.2060	0.6063
LMNA	ATXN2L	3	0.0340	0.7337
MAPRE3	ATXN2L	3	0.2393	0.5905
LMNA	ATXN3L	3	0.3333	0.4096
ACTB	ATXN7L3B	3	0.5940	0.1813
KRT8	ATXN7L3B	3	0.6667	0.0721
MAPRE3	ATXN7L3B	3	0.3218	0.5495
LMNA	AUNIP	3	1.0000	0.0000
ACTB	AUP1	3	0.0030	0.8212
KRT8	AUP1	3	0.0190	0.7605
LMNA	AUP1	3	0.6739	0.0631
ACTB	AURKA	3	0.0231	0.7520
CTNNA1	AURKA	3	0.0006	0.8417
KRT8	AURKA	3	0.1678	0.6284
LMNA	AURKA	3	0.0098	0.7900
MAPRE3	AURKA	3	0.0231	0.7520
ACTB	AURKB	3	0.0187	0.7613
CTNNA1	AURKB	3	0.0014	0.8335
KRT8	AURKB	3	0.0642	0.7025
LMNA	AURKB	3	0.0921	0.6798
MAPRE3	AURKB	3	0.0377	0.7286
LMNA	AUTS2	3	0.6667	0.0721
ACTB	AVEN	3	0.0048	0.8121
KRT8	AVEN	3	0.0067	0.8030
LMNA	AVEN	3	0.0000	0.8553
MAPRE3	AVEN	3	0.0005	0.8431
CTNNA1	AVIL	3	0.3333	0.4096
MAPRE3	AVIL	3	0.3333	0.4096
ACTB	AVL9	3	0.0046	0.8132
KRT8	AVL9	3	0.0158	0.7691
LMNA	AVL9	3	0.0041	0.8156
CTNNA1	AXDND1	3	0.3333	0.4096
ACTB	AXIN1	3	0.0112	0.7849
CTNNA1	AXIN1	3	0.0005	0.8431
KRT8	AXIN1	3	0.0566	0.7095
LMNA	AXIN1	3	0.0971	0.6759
ACTB	AXL	3	0.0091	0.7930
CTNNA1	AXL	3	0.0014	0.8335
KRT8	AXL	3	0.0287	0.7414
LMNA	AXL	3	0.0039	0.8165
MAPRE3	AXL	3	0.0000	0.8553
ACTB	AZGP1	3	0.3381	0.3940
LMNA	AZGP1	3	0.0054	0.8093
ACTB	AZI2	3	0.0161	0.7684
CTNNA1	AZI2	3	0.0002	0.8487
KRT8	AZI2	3	0.1554	0.6359
LMNA	AZI2	3	0.0010	0.8371
MAPRE3	AZI2	3	0.0014	0.8335
ACTB	B3GALT6	3	0.3333	0.4096
KRT8	B3GALT6	3	1.0000	0.0000
LMNA	B3GALT9	3	0.3333	0.4096
ACTB	B3GNT2	3	0.3333	0.4096
KRT8	B3GNT2	3	0.3333	0.4096
ACTB	B3GNT3	3	0.3333	0.4096
KRT8	B3GNT7	3	0.3317	0.5443
ACTB	B4GALT1	3	0.1306	0.6519
KRT8	B4GALT1	3	0.0006	0.8417
KRT8	B4GALT3	3	0.0005	0.8431
LMNA	B4GALT3	3	0.0028	0.8224
KRT8	B9D1	3	0.3333	0.4096
KRT8	B9D2	3	0.6667	0.0721
ACTB	BABAM1	3	0.0082	0.7969
KRT8	BABAM1	3	0.0150	0.7715
ACTB	BABAM2	3	0.0004	0.8448
KRT8	BABAM2	3	0.0104	0.7880
LMNA	BABAM2	3	0.0015	0.8325
KRT8	BACH1	3	0.1502	0.6392
ACTB	BAG1	3	0.2595	0.5794
CTNNA1	BAG1	3	0.0326	0.7357
KRT8	BAG1	3	0.2476	0.5858
LMNA	BAG1	3	0.1928	0.6134
MAPRE3	BAG1	3	0.0963	0.6767
ACTB	BAG2	3	0.2695	0.5749
CTNNA1	BAG2	3	0.0444	0.7210
KRT8	BAG2	3	0.2960	0.5627
LMNA	BAG2	3	0.1537	0.6370
MAPRE3	BAG2	3	0.0956	0.6772
ACTB	BAG3	3	0.2260	0.5965
CTNNA1	BAG3	3	0.0242	0.7498
KRT8	BAG3	3	0.2483	0.5854
LMNA	BAG3	3	0.0845	0.6859
MAPRE3	BAG3	3	0.0539	0.7117
ACTB	BAG4	3	0.3333	0.4096
LMNA	BAG4	3	0.6667	0.0721
KRT8	BAG5	3	0.0613	0.7055
LMNA	BAG5	3	0.0148	0.7721
MAPRE3	BAG5	3	0.0256	0.7472
ACTB	BAG6	3	0.3640	0.3356
KRT8	BAG6	3	0.0056	0.8082
LMNA	BAG6	3	0.0024	0.8252
ACTB	BAHD1	3	0.3333	0.4096
LMNA	BAHD1	3	1.0000	0.0000
ACTB	BAIAP2	3	0.0348	0.7328
KRT8	BAIAP2	3	0.0513	0.7141
MAPRE3	BAIAP2	3	0.0000	0.8553
ACTB	BAIAP2L1	3	0.2120	0.6037
CTNNA1	BAIAP2L1	3	0.0003	0.8465
KRT8	BAIAP2L1	3	0.0536	0.7119
MAPRE3	BAIAP2L1	3	0.0012	0.8352
ACTB	BAK1	3	0.0007	0.8404
CTNNA1	BAK1	3	0.0010	0.8371
LMNA	BAK1	3	0.0009	0.8382
ACTB	BANF1	3	0.0319	0.7368
CTNNA1	BANF1	3	0.0004	0.8448
KRT8	BANP	3	0.0004	0.8448
LMNA	BANP	3	0.0084	0.7959
ACTB	BAP1	3	0.0000	0.8553
LMNA	BAP1	3	0.0028	0.8224
MAPRE3	BAP1	3	0.0000	0.8553
LMNA	BAP18	3	0.0130	0.7779
ACTB	BARD1	3	0.0032	0.8201
KRT8	BARD1	3	0.0014	0.8335
LMNA	BARD1	3	0.2978	0.5616
MAPRE3	BARD1	3	0.0028	0.8224
ACTB	BASP1	3	0.0060	0.8062
CTNNA1	BASP1	3	0.0001	0.8514
KRT8	BASP1	3	0.0010	0.8371
MAPRE3	BASP1	3	0.0000	0.8553
ACTB	BAX	3	0.0043	0.8145
KRT8	BAX	3	0.0004	0.8448
LMNA	BAX	3	0.0001	0.8514
ACTB	BAZ1A	3	0.0010	0.8371
KRT8	BAZ1A	3	0.0109	0.7861
LMNA	BAZ1A	3	0.0103	0.7884
MAPRE3	BAZ1A	3	0.0000	0.8553
ACTB	BAZ1B	3	0.1228	0.6571
CTNNA1	BAZ1B	3	0.0148	0.7721
KRT8	BAZ1B	3	0.0688	0.6983
LMNA	BAZ1B	3	0.2662	0.5763
MAPRE3	BAZ1B	3	0.0846	0.6858
KRT8	BAZ2A	3	0.0020	0.8282
LMNA	BAZ2A	3	0.0249	0.7484
MAPRE3	BAZ2A	3	0.0002	0.8487
ACTB	BAZ2B	3	0.0003	0.8465
CTNNA1	BAZ2B	3	0.0000	0.8553
KRT8	BAZ2B	3	0.0002	0.8487
LMNA	BAZ2B	3	0.0141	0.7742
MAPRE3	BAZ2B	3	0.0002	0.8487
KRT8	BBOF1	3	0.3333	0.4096
LMNA	BBOF1	3	0.3333	0.4096
ACTB	BBS1	3	0.3333	0.4096
KRT8	BBS1	3	0.6667	0.0721
MAPRE3	BBS1	3	0.3333	0.4096
ACTB	BBS10	3	0.3333	0.4096
KRT8	BBS10	3	0.3332	0.5427
LMNA	BBS10	3	0.3328	0.5435
KRT8	BBS2	3	0.3944	0.2877
KRT8	BBS4	3	0.3333	0.4096
KRT8	BBS7	3	1.0000	0.0000
LMNA	BBS7	3	0.6667	0.0721
MAPRE3	BBS7	3	0.3333	0.4096
ACTB	BBX	3	0.0015	0.8325
CTNNA1	BBX	3	0.0000	0.8553
KRT8	BBX	3	0.0017	0.8305
LMNA	BBX	3	0.0334	0.7345
MAPRE3	BBX	3	0.0006	0.8417
ACTB	BCAP31	3	0.0151	0.7711
CTNNA1	BCAP31	3	0.0001	0.8514
KRT8	BCAP31	3	0.0136	0.7758
LMNA	BCAP31	3	0.0083	0.7964
MAPRE3	BCAP31	3	0.0005	0.8431
ACTB	BCAR1	3	0.0115	0.7837
CTNNA1	BCAR1	3	0.0003	0.8465
KRT8	BCAR1	3	0.0579	0.7082
LMNA	BCAR1	3	0.0007	0.8404
MAPRE3	BCAR1	3	0.0024	0.8252
ACTB	BCAR3	3	0.0136	0.7758
CTNNA1	BCAR3	3	0.0008	0.8393
KRT8	BCAR3	3	0.1644	0.6307
LMNA	BCAR3	3	0.0007	0.8404
MAPRE3	BCAR3	3	0.0092	0.7925
ACTB	BCAS2	3	0.0044	0.8141
KRT8	BCAS2	3	0.0108	0.7866
LMNA	BCAS2	3	0.1165	0.6620
MAPRE3	BCAS2	3	0.0001	0.8514
ACTB	BCAS3	3	0.0116	0.7833
CTNNA1	BCAS3	3	0.0002	0.8487
KRT8	BCAS3	3	0.0189	0.7607
MAPRE3	BCAS3	3	0.0022	0.8268
ACTB	BCAT1	3	0.0088	0.7944
CTNNA1	BCAT1	3	0.0255	0.7474
KRT8	BCAT1	3	0.1226	0.6573
LMNA	BCAT1	3	0.0431	0.7226
MAPRE3	BCAT1	3	0.0062	0.8053
ACTB	BCCIP	3	0.0100	0.7894
CTNNA1	BCCIP	3	0.0018	0.8297
KRT8	BCCIP	3	0.1600	0.6332
LMNA	BCCIP	3	0.0180	0.7632
MAPRE3	BCCIP	3	0.0019	0.8289
ACTB	BCKDHA	3	0.3333	0.4096
KRT8	BCKDHA	3	0.6667	0.0721
LMNA	BCKDHA	3	0.6667	0.0721
ACTB	BCL10	3	0.0086	0.7950
CTNNA1	BCL10	3	0.0004	0.8448
KRT8	BCL10	3	0.0170	0.7658
LMNA	BCL10	3	0.0711	0.6963
MAPRE3	BCL10	3	0.0013	0.8344
LMNA	BCL2L12	3	0.3333	0.4096
ACTB	BCL2L13	3	0.0036	0.8180
KRT8	BCL2L13	3	0.0019	0.8289
KRT8	BCL3	3	0.1499	0.6394
LMNA	BCL3	3	0.1901	0.6151
MAPRE3	BCL3	3	0.0005	0.8431
ACTB	BCL7A	3	0.3333	0.4096
ACTB	BCL7C	3	0.0859	0.6849
CTNNA1	BCL7C	3	0.0341	0.7336
KRT8	BCL7C	3	0.0214	0.7555
LMNA	BCL7C	3	0.0734	0.6947
MAPRE3	BCL7C	3	0.0040	0.8161
LMNA	BCL9	3	0.0031	0.8206
ACTB	BCL9L	3	0.0006	0.8417
LMNA	BCL9L	3	0.0076	0.7991
MAPRE3	BCL9L	3	0.0000	0.8553
ACTB	BCLAF1	3	0.1795	0.6214
CTNNA1	BCLAF1	3	0.0299	0.7396
KRT8	BCLAF1	3	0.1430	0.6437
LMNA	BCLAF1	3	0.2825	0.5691
MAPRE3	BCLAF1	3	0.2126	0.6033
LMNA	BCO1	3	0.3333	0.4096
ACTB	BCOR	3	0.0018	0.8297
CTNNA1	BCOR	3	0.0000	0.8553
KRT8	BCOR	3	0.0065	0.8039
LMNA	BCOR	3	0.0702	0.6970
MAPRE3	BCOR	3	0.0008	0.8393
ACTB	BCORL1	3	0.0005	0.8431
CTNNA1	BCORL1	3	0.0000	0.8553
KRT8	BCORL1	3	0.0006	0.8417
LMNA	BCORL1	3	0.0123	0.7804
MAPRE3	BCORL1	3	0.0003	0.8465
ACTB	BCR	3	0.3664	0.3310
CTNNA1	BCR	3	0.1401	0.6453
KRT8	BCR	3	0.3860	0.3007
LMNA	BCR	3	0.2293	0.5947
MAPRE3	BCR	3	0.3189	0.5508
KRT8	BCS1L	3	1.0000	0.0000
KRT8	BDH1	3	0.3333	0.4096
ACTB	BDP1	3	0.0001	0.8514
LMNA	BDP1	3	0.0015	0.8325
ACTB	BEGAIN	3	0.3242	0.5485
CTNNA1	BEGAIN	3	0.2175	0.6004
KRT8	BEGAIN	3	0.3552	0.3520
LMNA	BEGAIN	3	0.1167	0.6618
MAPRE3	BEGAIN	3	0.2553	0.5817
ACTB	BEND3	3	0.1331	0.6499
CTNNA1	BEND3	3	0.0132	0.7771
KRT8	BEND3	3	0.1626	0.6318
LMNA	BEND3	3	0.2800	0.5704
MAPRE3	BEND3	3	0.0716	0.6959
KRT8	BEND6	3	0.3333	0.4096
ACTB	BET1	3	0.0728	0.6953
CTNNA1	BET1	3	0.0353	0.7320
KRT8	BET1	3	0.0661	0.7007
LMNA	BET1	3	0.6314	0.1731
MAPRE3	BET1	3	0.0213	0.7557
ACTB	BFSP2	3	0.3333	0.4096
LMNA	BHLHE40	3	0.0955	0.6774
LMNA	BHMT	3	0.3333	0.4096
ACTB	BICC1	3	0.0921	0.6798
KRT8	BICC1	3	0.0105	0.7876
LMNA	BICC1	3	0.0000	0.8553
MAPRE3	BICC1	3	0.0086	0.7950
ACTB	BICD1	3	0.0129	0.7782
CTNNA1	BICD1	3	0.0010	0.8371
KRT8	BICD1	3	0.1088	0.6674
LMNA	BICD1	3	0.0009	0.8382
MAPRE3	BICD1	3	0.0046	0.8132
ACTB	BICD2	3	0.0141	0.7742
KRT8	BICD2	3	0.0283	0.7422
MAPRE3	BICD2	3	0.0016	0.8315
ACTB	BICDL1	3	0.3333	0.4096
ACTB	BID	3	0.0017	0.8305
CTNNA1	BID	3	0.0032	0.8201
ACTB	BIN1	3	0.0129	0.7782
CTNNA1	BIN1	3	0.0000	0.8553
KRT8	BIN1	3	0.0117	0.7830
LMNA	BIN1	3	0.0215	0.7553
MAPRE3	BIN1	3	0.0041	0.8156
KRT8	BIN3	3	0.3333	0.4096
ACTB	BIRC6	3	0.0152	0.7709
CTNNA1	BIRC6	3	0.0004	0.8448
KRT8	BIRC6	3	0.2504	0.5843
LMNA	BIRC6	3	0.0027	0.8233
MAPRE3	BIRC6	3	0.0014	0.8335
ACTB	BLM	3	0.0013	0.8344
CTNNA1	BLM	3	0.0000	0.8553
KRT8	BLM	3	0.0015	0.8325
LMNA	BLM	3	0.0432	0.7226
MAPRE3	BLM	3	0.0007	0.8404
ACTB	BLMH	3	0.2274	0.5959
CTNNA1	BLMH	3	0.0330	0.7351
KRT8	BLMH	3	0.0966	0.6763
LMNA	BLMH	3	0.1149	0.6631
MAPRE3	BLMH	3	0.0121	0.7811
KRT8	BLOC1S2	3	0.3333	0.4096
ACTB	BLTP1	3	0.2531	0.5828
KRT8	BLTP1	3	0.0169	0.7661
ACTB	BLTP2	3	0.0126	0.7792
KRT8	BLTP2	3	0.4495	0.2358
LMNA	BLTP2	3	0.0004	0.8448
MAPRE3	BLTP2	3	0.0021	0.8274
ACTB	BLTP3A	3	0.0039	0.8165
KRT8	BLTP3A	3	0.2467	0.5863
MAPRE3	BLTP3A	3	0.0022	0.8268
ACTB	BLTP3B	3	0.3344	0.4057
CTNNA1	BLTP3B	3	0.1639	0.6309
KRT8	BLTP3B	3	0.3940	0.2891
LMNA	BLTP3B	3	0.1937	0.6129
MAPRE3	BLTP3B	3	0.2617	0.5786
ACTB	BLVRA	3	0.1257	0.6548
CTNNA1	BLVRA	3	0.0201	0.7580
KRT8	BLVRA	3	0.2624	0.5781
LMNA	BLVRA	3	0.2037	0.6077
MAPRE3	BLVRA	3	0.0375	0.7289
LMNA	BLZF1	3	0.3333	0.4096
ACTB	BMP2K	3	0.0079	0.7980
KRT8	BMP2K	3	0.2149	0.6019
LMNA	BMP2K	3	0.0004	0.8448
MAPRE3	BMP2K	3	0.0018	0.8297
MAPRE3	BMP2KL	3	0.3333	0.4096
KRT8	BMPR1A	3	0.3333	0.4096
ACTB	BMPR2	3	0.0048	0.8121
CTNNA1	BMPR2	3	0.0001	0.8514
KRT8	BMPR2	3	0.0009	0.8382
MAPRE3	BMPR2	3	0.0000	0.8553
ACTB	BMS1	3	0.1017	0.6722
CTNNA1	BMS1	3	0.0080	0.7976
KRT8	BMS1	3	0.1046	0.6700
LMNA	BMS1	3	0.2077	0.6055
MAPRE3	BMS1	3	0.0419	0.7238
LMNA	BMX	3	0.3333	0.4096
MAPRE3	BMX	3	0.3333	0.4096
LMNA	BNC1	3	0.3333	0.4096
LMNA	BNC2	3	0.0129	0.7782
ACTB	BNIP2	3	0.0036	0.8180
KRT8	BNIP2	3	0.0916	0.6804
LMNA	BNIP2	3	0.1934	0.6130
MAPRE3	BNIP2	3	0.0001	0.8514
KRT8	BOC	3	0.0000	0.8553
ACTB	BOD1L1	3	0.1683	0.6281
CTNNA1	BOD1L1	3	0.0417	0.7240
KRT8	BOD1L1	3	0.0661	0.7007
LMNA	BOD1L1	3	0.2183	0.6000
MAPRE3	BOD1L1	3	0.1287	0.6531
ACTB	BOLA1	3	0.0018	0.8297
CTNNA1	BOLA1	3	0.0000	0.8553
ACTB	BOLA2	3	0.0302	0.7392
CTNNA1	BOLA2	3	0.0244	0.7493
KRT8	BOLA2	3	0.0089	0.7939
LMNA	BOLA2	3	0.0209	0.7564
MAPRE3	BOLA2	3	0.0152	0.7709
ACTB	BOP1	3	0.1404	0.6451
CTNNA1	BOP1	3	0.0129	0.7782
KRT8	BOP1	3	0.1856	0.6180
LMNA	BOP1	3	0.2455	0.5872
MAPRE3	BOP1	3	0.0481	0.7173
ACTB	BORA	3	0.0016	0.8315
KRT8	BORA	3	0.1866	0.6171
LMNA	BORA	3	0.0039	0.8165
MAPRE3	BORA	3	0.0003	0.8465
KRT8	BORCS5	3	0.0284	0.7420
CTNNA1	BORCS6	3	0.0001	0.8514
KRT8	BORCS6	3	0.0155	0.7700
ACTB	BPI	3	0.3333	0.4096
ACTB	BPIFA1	3	0.3333	0.4096
ACTB	BPIFB1	3	0.3333	0.4096
ACTB	BPIFB2	3	0.3333	0.4096
ACTB	BPIFB4	3	0.3333	0.4096
ACTB	BPNT1	3	0.0116	0.7833
CTNNA1	BPNT1	3	0.0081	0.7973
KRT8	BPNT1	3	0.0108	0.7866
LMNA	BPNT1	3	0.0119	0.7820
MAPRE3	BPNT1	3	0.0053	0.8097
ACTB	BPTF	3	0.2843	0.5684
CTNNA1	BPTF	3	0.0053	0.8097
KRT8	BPTF	3	0.2976	0.5618
LMNA	BPTF	3	0.3410	0.3848
MAPRE3	BPTF	3	0.2774	0.5715
ACTB	BRAF	3	0.0059	0.8068
KRT8	BRAF	3	0.0563	0.7099
ACTB	BRAP	3	0.0064	0.8044
KRT8	BRAP	3	0.0053	0.8097
MAPRE3	BRAP	3	0.0003	0.8465
ACTB	BRAT1	3	0.0060	0.8062
KRT8	BRAT1	3	0.2363	0.5919
LMNA	BRAT1	3	0.1566	0.6352
MAPRE3	BRAT1	3	0.0002	0.8487
ACTB	BRCA1	3	0.1865	0.6172
CTNNA1	BRCA1	3	0.0337	0.7341
KRT8	BRCA1	3	0.2020	0.6085
LMNA	BRCA1	3	0.3167	0.5517
MAPRE3	BRCA1	3	0.1790	0.6218
ACTB	BRCA2	3	0.0114	0.7842
CTNNA1	BRCA2	3	0.0001	0.8514
KRT8	BRCA2	3	0.0100	0.7894
LMNA	BRCA2	3	0.0317	0.7371
MAPRE3	BRCA2	3	0.0021	0.8274
ACTB	BRCC3	3	0.0028	0.8224
CTNNA1	BRCC3	3	0.0000	0.8553
KRT8	BRCC3	3	0.0058	0.8072
LMNA	BRCC3	3	0.0003	0.8465
MAPRE3	BRCC3	3	0.0002	0.8487
LMNA	BRD1	3	0.2602	0.5790
LMNA	BRD2	3	0.3333	0.4096
LMNA	BRD3	3	0.0701	0.6972
ACTB	BRD4	3	0.0000	0.8553
LMNA	BRD4	3	0.0019	0.8289
MAPRE3	BRD4	3	0.0000	0.8553
LMNA	BRD7	3	0.0270	0.7444
LMNA	BRD8	3	0.0181	0.7628
MAPRE3	BRD8	3	0.0002	0.8487
ACTB	BRD9	3	0.0000	0.8553
LMNA	BRD9	3	0.0033	0.8195
LMNA	BRF1	3	0.2756	0.5724
ACTB	BRINP1	3	0.3333	0.4096
ACTB	BRIP1	3	0.2364	0.5919
CTNNA1	BRIP1	3	0.0775	0.6914
KRT8	BRIP1	3	0.2361	0.5921
LMNA	BRIP1	3	0.3383	0.3933
MAPRE3	BRIP1	3	0.2227	0.5979
ACTB	BRIX1	3	0.3296	0.5455
CTNNA1	BRIX1	3	0.1599	0.6333
KRT8	BRIX1	3	0.3988	0.2827
LMNA	BRIX1	3	0.3367	0.3992
MAPRE3	BRIX1	3	0.2194	0.5993
ACTB	BRK1	3	0.1606	0.6329
CTNNA1	BRK1	3	0.0277	0.7434
KRT8	BRK1	3	0.0773	0.6916
LMNA	BRK1	3	0.0795	0.6903
MAPRE3	BRK1	3	0.0103	0.7884
KRT8	BROX	3	0.3333	0.4096
LMNA	BRPF1	3	0.3333	0.4096
KRT8	BRSK1	3	0.3333	0.4096
LMNA	BRWD1	3	0.0074	0.8000
CTNNA1	BSCL2	3	0.0001	0.8514
ACTB	BSDC1	3	0.6667	0.0721
CTNNA1	BSDC1	3	0.3333	0.4096
MAPRE3	BSDC1	3	0.3333	0.4096
KRT8	BSG	3	0.3333	0.4096
LMNA	BSG	3	0.3333	0.4096
KRT8	BSN	3	0.6667	0.0721
CTNNA1	BST2	3	0.0984	0.6747
KRT8	BST2	3	1.0000	0.0000
MAPRE3	BST2	3	0.3325	0.5436
ACTB	BSTAR	3	0.4102	0.2675
CTNNA1	BSTAR	3	0.1845	0.6185
KRT8	BSTAR	3	0.3971	0.2837
LMNA	BSTAR	3	0.4184	0.2585
MAPRE3	BSTAR	3	0.4085	0.2705
ACTB	BTAF1	3	0.0025	0.8246
KRT8	BTAF1	3	0.0063	0.8048
LMNA	BTAF1	3	0.2284	0.5953
MAPRE3	BTAF1	3	0.0003	0.8465
ACTB	BTBD1	3	0.0056	0.8082
KRT8	BTBD1	3	0.0202	0.7578
LMNA	BTBD1	3	0.0004	0.8448
MAPRE3	BTBD1	3	0.0018	0.8297
ACTB	BTBD10	3	0.0343	0.7334
KRT8	BTBD10	3	0.1760	0.6237
LMNA	BTBD10	3	0.0203	0.7576
ACTB	BTBD7	3	0.0005	0.8431
KRT8	BTBD7	3	0.0055	0.8088
MAPRE3	BTBD7	3	0.0001	0.8514
KRT8	BTBD8	3	0.3333	0.4096
MAPRE3	BTBD8	3	0.6667	0.0721
ACTB	BTD	3	0.3333	0.4096
ACTB	BTF3	3	0.0048	0.8121
KRT8	BTF3	3	0.2856	0.5676
CTNNA1	BTG1	3	0.3333	0.4096
KRT8	BTN2A1	3	0.0013	0.8344
KRT8	BTNL2	3	0.3333	0.4096
ACTB	BUB1	3	0.0155	0.7700
CTNNA1	BUB1	3	0.0001	0.8514
KRT8	BUB1	3	0.0252	0.7480
LMNA	BUB1	3	0.0042	0.8151
MAPRE3	BUB1	3	0.0051	0.8108
ACTB	BUB1B	3	0.4416	0.2417
CTNNA1	BUB1B	3	0.2317	0.5938
KRT8	BUB1B	3	0.4193	0.2575
LMNA	BUB1B	3	0.2081	0.6052
MAPRE3	BUB1B	3	0.3964	0.2851
ACTB	BUB3	3	0.0866	0.6843
CTNNA1	BUB3	3	0.0172	0.7653
KRT8	BUB3	3	0.0712	0.6963
LMNA	BUB3	3	0.0684	0.6986
MAPRE3	BUB3	3	0.0207	0.7568
ACTB	BUD13	3	0.0024	0.8252
CTNNA1	BUD13	3	0.0001	0.8514
KRT8	BUD13	3	0.0000	0.8553
LMNA	BUD13	3	0.0140	0.7745
MAPRE3	BUD13	3	0.0021	0.8274
ACTB	BUD31	3	0.0007	0.8404
KRT8	BUD31	3	0.0011	0.8360
LMNA	BUD31	3	0.0671	0.6998
MAPRE3	BUD31	3	0.0001	0.8514
ACTB	BYSL	3	0.0017	0.8305
KRT8	BYSL	3	0.0004	0.8448
LMNA	BYSL	3	0.0046	0.8132
MAPRE3	BYSL	3	0.0001	0.8514
ACTB	BZW1	3	0.9993	0.0000
CTNNA1	BZW1	3	0.1521	0.6380
KRT8	BZW1	3	0.3333	0.4096
MAPRE3	BZW1	3	0.8617	0.0141
ACTB	BZW2	3	0.3304	0.5451
CTNNA1	BZW2	3	0.0654	0.7015
KRT8	BZW2	3	0.3007	0.5599
LMNA	BZW2	3	0.1911	0.6144
MAPRE3	BZW2	3	0.2209	0.5987
KRT8	C10orf120	3	0.1029	0.6713
LMNA	C11orf24	3	0.3333	0.4096
ACTB	C11orf54	3	0.0811	0.6890
CTNNA1	C11orf54	3	0.0303	0.7390
KRT8	C11orf54	3	0.0922	0.6797
LMNA	C11orf54	3	0.0841	0.6864
MAPRE3	C11orf54	3	0.0219	0.7543
ACTB	C11orf68	3	0.3333	0.4096
CTNNA1	C11orf96	3	0.3333	0.4096
LMNA	C11orf98	3	0.3333	0.4096
KRT8	C12orf4	3	0.3333	0.4096
ACTB	C12orf57	3	0.0134	0.7764
CTNNA1	C12orf57	3	0.0000	0.8553
KRT8	C12orf57	3	0.0229	0.7524
LMNA	C12orf57	3	0.0031	0.8206
MAPRE3	C12orf57	3	0.0006	0.8417
ACTB	C13orf42	3	0.3333	0.4096
KRT8	C14orf93	3	0.3333	0.4096
ACTB	C15orf39	3	0.0009	0.8382
KRT8	C15orf39	3	0.0047	0.8127
LMNA	C15orf39	3	0.0350	0.7325
KRT8	C17orf113	3	0.3333	0.4096
ACTB	C17orf75	3	0.3333	0.4096
KRT8	C17orf80	3	1.0000	0.0000
ACTB	C17orf99	3	0.3333	0.4096
LMNA	C19orf18	3	0.3333	0.4096
ACTB	C19orf25	3	0.0692	0.6980
KRT8	C19orf25	3	0.1475	0.6407
KRT8	C19orf44	3	0.3403	0.3863
LMNA	C19orf47	3	0.0332	0.7348
ACTB	C19orf85	3	0.3333	0.4096
ACTB	C1QBP	3	0.0684	0.6986
CTNNA1	C1QBP	3	0.0204	0.7574
KRT8	C1QBP	3	0.1321	0.6509
LMNA	C1QBP	3	0.0672	0.6998
MAPRE3	C1QBP	3	0.0165	0.7670
LMNA	C1R	3	0.3333	0.4096
CTNNA1	C1RL	3	0.3333	0.4096
KRT8	C1orf122	3	0.0888	0.6826
LMNA	C1orf122	3	0.0001	0.8514
LMNA	C1orf131	3	0.0658	0.7011
LMNA	C1orf174	3	0.1349	0.6485
ACTB	C1orf198	3	0.0341	0.7336
CTNNA1	C1orf198	3	0.0015	0.8325
KRT8	C1orf198	3	0.4684	0.2231
LMNA	C1orf198	3	0.0010	0.8371
MAPRE3	C1orf198	3	0.0050	0.8113
LMNA	C1orf43	3	1.0000	0.0000
ACTB	C1orf52	3	0.0017	0.8305
KRT8	C1orf52	3	0.0001	0.8514
LMNA	C1orf52	3	0.1701	0.6273
MAPRE3	C1orf52	3	0.0010	0.8371
KRT8	C2	3	0.3333	0.4096
ACTB	C21orf140	3	0.3333	0.4096
ACTB	C2CD2	3	0.0803	0.6897
KRT8	C2CD2	3	0.0064	0.8044
ACTB	C2CD3	3	0.0049	0.8116
CTNNA1	C2CD3	3	0.0000	0.8553
KRT8	C2CD3	3	0.3131	0.5538
MAPRE3	C2CD3	3	0.0042	0.8151
LMNA	C2CD4C	3	0.3333	0.4096
ACTB	C2CD5	3	0.0094	0.7917
KRT8	C2CD5	3	0.0361	0.7310
LMNA	C2CD5	3	0.0009	0.8382
MAPRE3	C2CD5	3	0.0001	0.8514
CTNNA1	C2CD6	3	0.3333	0.4096
CTNNA1	C2orf16	3	0.3333	0.4096
MAPRE3	C2orf16	3	0.3333	0.4096
CTNNA1	C2orf49	3	0.0139	0.7747
LMNA	C2orf49	3	0.1301	0.6524
LMNA	C2orf50	3	0.3333	0.4096
CTNNA1	C2orf69	3	0.6667	0.0721
LMNA	C2orf69	3	0.3333	0.4096
KRT8	C2orf74	3	0.3333	0.4096
MAPRE3	C2orf81	3	0.3333	0.4096
ACTB	C3	3	0.6667	0.0721
KRT8	C3	3	1.0000	0.0000
LMNA	C3	3	0.3333	0.4096
KRT8	C3orf22	3	0.3333	0.4096
KRT8	C3orf38	3	1.0000	0.0000
LMNA	C3orf38	3	1.0000	0.0000
ACTB	C4	3	0.0171	0.7655
CTNNA1	C4	3	0.0040	0.8161
KRT8	C4	3	0.1458	0.6417
LMNA	C4	3	0.0158	0.7691
MAPRE3	C4	3	0.0031	0.8206
ACTB	C4A;C4B	3	0.0002	0.8487
MAPRE3	C4A;C4B	3	0.0000	0.8553
ACTB	C4BPA	3	0.3333	0.4096
MAPRE3	C4orf36	3	0.3333	0.4096
ACTB	C4orf54	3	0.6667	0.0721
KRT8	C4orf54	3	0.6667	0.0721
KRT8	C5	3	0.3333	0.4096
ACTB	C5orf22	3	0.3333	0.4096
KRT8	C5orf22	3	0.3484	0.3652
CTNNA1	C5orf24	3	0.0011	0.8360
LMNA	C5orf24	3	0.0718	0.6957
MAPRE3	C5orf24	3	0.0053	0.8097
ACTB	C5orf34	3	0.0271	0.7443
KRT8	C5orf34	3	0.8657	0.0129
LMNA	C5orf34	3	0.0014	0.8335
ACTB	C6orf120	3	0.0019	0.8289
ACTB	C6orf132	3	0.3333	0.4096
KRT8	C6orf132	3	0.6667	0.0721
ACTB	C7orf50	3	0.0093	0.7922
CTNNA1	C7orf50	3	0.0000	0.8553
KRT8	C7orf50	3	0.0048	0.8121
LMNA	C7orf50	3	0.0486	0.7167
MAPRE3	C7orf50	3	0.0011	0.8360
KRT8	C8orf17	3	0.3333	0.4096
ACTB	C8orf33	3	0.0005	0.8431
CTNNA1	C8orf33	3	0.0290	0.7410
KRT8	C8orf33	3	0.0767	0.6922
LMNA	C8orf33	3	0.0614	0.7054
MAPRE3	C8orf33	3	0.0181	0.7628
KRT8	C8orf82	3	0.3471	0.3683
CTNNA1	C9orf50	3	0.3333	0.4096
ACTB	C9orf72	3	0.0150	0.7715
KRT8	C9orf72	3	0.0188	0.7610
MAPRE3	C9orf72	3	0.0002	0.8487
LMNA	C9orf78	3	0.1353	0.6482
KRT8	CA11	3	0.3333	0.4096
MAPRE3	CA2	3	0.3333	0.4096
KRT8	CA7	3	0.3333	0.4096
ACTB	CAAP1	3	0.0002	0.8487
KRT8	CAAP1	3	0.0002	0.8487
LMNA	CAAP1	3	0.0153	0.7706
ACTB	CAB39	3	0.2014	0.6088
KRT8	CAB39	3	0.0009	0.8382
LMNA	CABIN1	3	0.0233	0.7516
ACTB	CABLES1	3	0.6667	0.0721
KRT8	CABLES1	3	0.6667	0.0721
MAPRE3	CABLES1	3	0.3333	0.4096
KRT8	CABP5	3	0.3333	0.4096
MAPRE3	CABP7	3	0.3333	0.4096
ACTB	CACNA1G	3	0.3333	0.4096
LMNA	CACNA1G	3	0.3333	0.4096
ACTB	CACNA1S	3	0.3333	0.4096
MAPRE3	CACNA2D1	3	0.3333	0.4096
MAPRE3	CACNA2D2	3	0.3333	0.4096
ACTB	CACNA2D3	3	0.0006	0.8417
MAPRE3	CACNA2D3	3	0.0000	0.8553
LMNA	CACTIN	3	0.1406	0.6449
ACTB	CACUL1	3	0.0024	0.8252
CTNNA1	CACUL1	3	0.0000	0.8553
KRT8	CACUL1	3	0.0054	0.8093
LMNA	CACUL1	3	0.0572	0.7088
MAPRE3	CACUL1	3	0.0001	0.8514
ACTB	CACYBP	3	0.2007	0.6092
CTNNA1	CACYBP	3	0.0136	0.7758
KRT8	CACYBP	3	0.2316	0.5938
LMNA	CACYBP	3	0.1746	0.6246
MAPRE3	CACYBP	3	0.0571	0.7090
ACTB	CAD	3	0.1655	0.6300
CTNNA1	CAD	3	0.0226	0.7529
KRT8	CAD	3	0.3660	0.3320
LMNA	CAD	3	0.1196	0.6594
MAPRE3	CAD	3	0.0506	0.7149
KRT8	CADM2	3	0.3333	0.4096
ACTB	CADPS2	3	0.3333	0.4096
MAPRE3	CALB1	3	0.6667	0.0721
ACTB	CALCOCO1	3	0.0834	0.6871
CTNNA1	CALCOCO1	3	0.0104	0.7880
KRT8	CALCOCO1	3	0.1501	0.6393
MAPRE3	CALCOCO1	3	0.0260	0.7465
ACTB	CALD1	3	0.4116	0.2655
CTNNA1	CALD1	3	0.1338	0.6494
KRT8	CALD1	3	0.2701	0.5746
LMNA	CALD1	3	0.1618	0.6323
MAPRE3	CALD1	3	0.2047	0.6073
ACTB	CALM1;CALM2;CALM3	3	0.0134	0.7764
KRT8	CALM1;CALM2;CALM3	3	0.0243	0.7495
LMNA	CALM1;CALM2;CALM3	3	0.0069	0.8021
MAPRE3	CALM1;CALM2;CALM3	3	0.0007	0.8404
LMNA	CALML3	3	0.3333	0.4096
ACTB	CALML5	3	0.3333	0.4096
MAPRE3	CALML5	3	0.3333	0.4096
ACTB	CALR	3	0.0024	0.8252
CTNNA1	CALR	3	0.0009	0.8382
KRT8	CALR	3	0.1767	0.6233
LMNA	CALR	3	0.0512	0.7143
ACTB	CALU	3	0.3333	0.4096
KRT8	CALU	3	0.3333	0.4096
ACTB	CAMK1D	3	0.0097	0.7904
CTNNA1	CAMK1D	3	0.0001	0.8514
KRT8	CAMK1D	3	0.0919	0.6800
LMNA	CAMK2B	3	0.3333	0.4096
ACTB	CAMK2D	3	0.3051	0.5576
CTNNA1	CAMK2D	3	0.0684	0.6986
KRT8	CAMK2D	3	0.3424	0.3801
LMNA	CAMK2D	3	0.1950	0.6121
MAPRE3	CAMK2D	3	0.1794	0.6215
ACTB	CAMK2G	3	0.2682	0.5756
CTNNA1	CAMK2G	3	0.0524	0.7130
KRT8	CAMK2G	3	0.2894	0.5660
LMNA	CAMK2G	3	0.1515	0.6384
MAPRE3	CAMK2G	3	0.1582	0.6343
KRT8	CAMK4	3	0.0173	0.7650
ACTB	CAMKK1	3	0.0067	0.8030
KRT8	CAMKK1	3	0.0103	0.7884
LMNA	CAMLG	3	1.0000	0.0000
MAPRE3	CAMLG	3	0.0024	0.8252
ACTB	CAMP	3	0.3333	0.4096
ACTB	CAMSAP1	3	0.0105	0.7876
CTNNA1	CAMSAP1	3	0.0008	0.8393
KRT8	CAMSAP1	3	0.1207	0.6585
LMNA	CAMSAP1	3	0.0015	0.8325
MAPRE3	CAMSAP1	3	0.0383	0.7278
ACTB	CAMSAP2	3	0.0129	0.7782
CTNNA1	CAMSAP2	3	0.0034	0.8190
KRT8	CAMSAP2	3	0.3514	0.3589
LMNA	CAMSAP2	3	0.0016	0.8315
MAPRE3	CAMSAP2	3	0.8546	0.0149
LMNA	CAMSAP3	3	0.3333	0.4096
MAPRE3	CAMTA1	3	0.0009	0.8382
ACTB	CAND1	3	0.2086	0.6050
CTNNA1	CAND1	3	0.0239	0.7505
KRT8	CAND1	3	0.3125	0.5541
LMNA	CAND1	3	0.1745	0.6247
MAPRE3	CAND1	3	0.0832	0.6873
CTNNA1	CANT1	3	0.3333	0.4096
ACTB	CANX	3	0.1327	0.6502
CTNNA1	CANX	3	0.0090	0.7935
KRT8	CANX	3	0.1308	0.6518
LMNA	CANX	3	0.0659	0.7009
MAPRE3	CANX	3	0.0388	0.7270
ACTB	CAP1	3	0.6214	0.1753
CTNNA1	CAP1	3	0.0568	0.7093
KRT8	CAP1	3	0.1443	0.6427
LMNA	CAP1	3	0.0627	0.7041
MAPRE3	CAP1	3	0.0678	0.6992
ACTB	CAP2	3	1.0000	0.0000
KRT8	CAP2	3	0.2582	0.5801
LMNA	CAP2	3	0.0136	0.7758
ACTB	CAPG	3	0.0042	0.8151
KRT8	CAPG	3	0.0053	0.8097
LMNA	CAPG	3	0.0021	0.8274
ACTB	CAPN1	3	0.1917	0.6138
CTNNA1	CAPN1	3	0.0133	0.7767
KRT8	CAPN1	3	0.2908	0.5654
LMNA	CAPN1	3	0.0565	0.7097
MAPRE3	CAPN1	3	0.0467	0.7186
LMNA	CAPN14	3	0.3329	0.5434
ACTB	CAPN15	3	0.0086	0.7950
CTNNA1	CAPN15	3	0.0001	0.8514
KRT8	CAPN15	3	0.0138	0.7750
LMNA	CAPN15	3	0.0072	0.8009
MAPRE3	CAPN15	3	0.0002	0.8487
ACTB	CAPN2	3	0.1411	0.6446
CTNNA1	CAPN2	3	0.0153	0.7706
KRT8	CAPN2	3	0.2387	0.5909
LMNA	CAPN2	3	0.0622	0.7046
MAPRE3	CAPN2	3	0.0086	0.7950
LMNA	CAPN3	3	0.3333	0.4096
ACTB	CAPN7	3	0.0131	0.7774
KRT8	CAPN7	3	0.3892	0.2955
MAPRE3	CAPN7	3	0.0015	0.8325
ACTB	CAPNS1	3	0.0956	0.6772
CTNNA1	CAPNS1	3	0.0189	0.7607
KRT8	CAPNS1	3	0.0157	0.7695
LMNA	CAPNS1	3	0.0363	0.7307
MAPRE3	CAPNS1	3	0.0119	0.7820
ACTB	CAPNS2	3	0.0001	0.8514
MAPRE3	CAPNS2	3	0.0003	0.8465
ACTB	CAPRIN1	3	0.1684	0.6281
CTNNA1	CAPRIN1	3	0.0439	0.7217
KRT8	CAPRIN1	3	0.1816	0.6202
LMNA	CAPRIN1	3	0.0103	0.7884
MAPRE3	CAPRIN1	3	0.1903	0.6148
ACTB	CAPS	3	0.3333	0.4096
ACTB	CAPZA1	3	0.1987	0.6101
CTNNA1	CAPZA1	3	0.0221	0.7540
KRT8	CAPZA1	3	0.2786	0.5711
LMNA	CAPZA1	3	0.1017	0.6722
MAPRE3	CAPZA1	3	0.0226	0.7529
ACTB	CAPZA2	3	0.1288	0.6530
CTNNA1	CAPZA2	3	0.0170	0.7658
KRT8	CAPZA2	3	0.2303	0.5943
LMNA	CAPZA2	3	0.0831	0.6874
MAPRE3	CAPZA2	3	0.0209	0.7564
ACTB	CAPZB	3	0.1201	0.6590
CTNNA1	CAPZB	3	0.0115	0.7837
KRT8	CAPZB	3	0.0540	0.7116
LMNA	CAPZB	3	0.0065	0.8039
MAPRE3	CAPZB	3	0.0044	0.8141
KRT8	CARD10	3	0.7008	0.0503
ACTB	CARD11	3	0.0077	0.7987
KRT8	CARD11	3	0.0171	0.7655
ACTB	CARD14	3	0.3333	0.4096
MAPRE3	CARD14	3	0.6667	0.0721
ACTB	CARD6	3	0.0136	0.7758
CTNNA1	CARD6	3	0.0020	0.8282
KRT8	CARD6	3	0.6257	0.1742
LMNA	CARD6	3	0.0021	0.8274
MAPRE3	CARD6	3	0.4805	0.2169
KRT8	CARD8	3	0.3333	0.4096
ACTB	CARHSP1	3	0.0300	0.7394
CTNNA1	CARHSP1	3	0.0094	0.7917
KRT8	CARHSP1	3	0.0155	0.7700
LMNA	CARHSP1	3	0.0145	0.7729
MAPRE3	CARHSP1	3	0.0024	0.8252
ACTB	CARM1	3	0.0515	0.7140
CTNNA1	CARM1	3	0.0976	0.6755
KRT8	CARM1	3	0.1308	0.6518
LMNA	CARM1	3	0.0556	0.7104
MAPRE3	CARM1	3	0.0635	0.7031
ACTB	CARMIL1	3	0.0240	0.7503
CTNNA1	CARMIL1	3	0.0492	0.7162
KRT8	CARMIL1	3	0.1199	0.6592
LMNA	CARMIL1	3	0.0014	0.8335
MAPRE3	CARMIL1	3	0.0021	0.8274
MAPRE3	CARMIL3	3	0.0220	0.7542
CTNNA1	CARNMT1	3	0.3333	0.4096
ACTB	CARS1	3	0.0113	0.7846
CTNNA1	CARS1	3	0.0001	0.8514
KRT8	CARS1	3	0.0128	0.7786
LMNA	CARS1	3	0.0009	0.8382
MAPRE3	CARS1	3	0.0020	0.8282
KRT8	CARS2	3	0.9523	0.0031
MAPRE3	CASC3	3	0.6667	0.0721
ACTB	CASK	3	0.0662	0.7006
CTNNA1	CASK	3	0.0133	0.7767
KRT8	CASK	3	0.0056	0.8082
LMNA	CASK	3	0.0156	0.7698
MAPRE3	CASK	3	0.0063	0.8048
LMNA	CASKIN1	3	0.3333	0.4096
ACTB	CASKIN2	3	0.1744	0.6248
KRT8	CASKIN2	3	0.1167	0.6618
ACTB	CASP14	3	0.4187	0.2582
LMNA	CASP14	3	0.2801	0.5704
LMNA	CASP2	3	1.0000	0.0000
ACTB	CASP3	3	0.3333	0.4096
KRT8	CASP3	3	0.3333	0.4096
ACTB	CASP4	3	0.0060	0.8062
KRT8	CASP4	3	0.0117	0.7830
ACTB	CASP6	3	0.1902	0.6150
CTNNA1	CASP6	3	0.0527	0.7126
KRT8	CASP6	3	0.1066	0.6689
LMNA	CASP6	3	0.0276	0.7435
ACTB	CASP8	3	0.0134	0.7764
CTNNA1	CASP8	3	0.0009	0.8382
KRT8	CASP8	3	0.0288	0.7413
LMNA	CASP8	3	0.0045	0.8137
MAPRE3	CASP8	3	0.0005	0.8431
ACTB	CASP8AP2	3	0.1113	0.6657
LMNA	CASP8AP2	3	0.0159	0.7689
LMNA	CASP9	3	0.3333	0.4096
MAPRE3	CASQ2	3	0.3333	0.4096
ACTB	CAST	3	0.2411	0.5899
CTNNA1	CAST	3	0.1207	0.6585
KRT8	CAST	3	0.3883	0.2980
LMNA	CAST	3	0.1440	0.6430
MAPRE3	CAST	3	0.1675	0.6285
ACTB	CAT	3	0.2069	0.6057
CTNNA1	CAT	3	0.0069	0.8021
KRT8	CAT	3	0.3020	0.5592
LMNA	CAT	3	0.0084	0.7959
LMNA	CATSPERG	3	0.0007	0.8404
ACTB	CAV1	3	0.0043	0.8145
CTNNA1	CAV1	3	0.0147	0.7724
KRT8	CAV1	3	0.0071	0.8013
LMNA	CAV1	3	0.0005	0.8431
ACTB	CAVIN1	3	0.0034	0.8190
CTNNA1	CAVIN1	3	0.0000	0.8553
KRT8	CAVIN1	3	0.1618	0.6323
MAPRE3	CAVIN1	3	0.0007	0.8404
ACTB	CAVIN3	3	0.0098	0.7900
KRT8	CAVIN3	3	0.0001	0.8514
ACTB	CBFB	3	0.3333	0.4096
MAPRE3	CBFB	3	0.3333	0.4096
ACTB	CBL	3	0.0143	0.7735
CTNNA1	CBL	3	0.0000	0.8553
KRT8	CBL	3	0.0186	0.7616
LMNA	CBL	3	0.0001	0.8514
MAPRE3	CBL	3	0.0028	0.8224
ACTB	CBLB	3	0.0192	0.7600
CTNNA1	CBLB	3	0.0003	0.8465
KRT8	CBLB	3	0.0172	0.7653
LMNA	CBLB	3	0.0010	0.8371
MAPRE3	CBLB	3	0.0034	0.8190
ACTB	CBLL1	3	0.0001	0.8514
KRT8	CBLL1	3	0.0001	0.8514
LMNA	CBLL1	3	0.0025	0.8246
ACTB	CBR1	3	0.2619	0.5785
CTNNA1	CBR1	3	0.0633	0.7033
KRT8	CBR1	3	0.1707	0.6268
LMNA	CBR1	3	0.0728	0.6953
MAPRE3	CBR1	3	0.0091	0.7930
ACTB	CBS	3	0.0058	0.8072
CTNNA1	CBS	3	0.0096	0.7908
KRT8	CBS	3	0.0120	0.7815
LMNA	CBS	3	0.0222	0.7539
MAPRE3	CBS	3	0.0056	0.8082
LMNA	CBX2	3	0.0073	0.8005
ACTB	CBX3	3	0.0756	0.6929
CTNNA1	CBX3	3	0.0228	0.7526
KRT8	CBX3	3	0.0928	0.6793
LMNA	CBX3	3	0.1108	0.6662
MAPRE3	CBX3	3	0.0520	0.7132
LMNA	CBX4	3	0.0162	0.7681
MAPRE3	CBX4	3	0.0116	0.7833
ACTB	CBX5	3	0.1247	0.6557
CTNNA1	CBX5	3	0.0411	0.7245
KRT8	CBX5	3	0.3192	0.5507
LMNA	CBX5	3	0.2400	0.5902
MAPRE3	CBX5	3	0.0620	0.7049
LMNA	CBX6	3	0.3333	0.4096
LMNA	CBX8	3	0.0070	0.8017
ACTB	CC2D1A	3	0.0170	0.7658
CTNNA1	CC2D1A	3	0.0018	0.8297
KRT8	CC2D1A	3	0.1036	0.6708
LMNA	CC2D1A	3	0.0003	0.8465
MAPRE3	CC2D1A	3	0.0122	0.7807
ACTB	CC2D1B	3	0.0084	0.7959
CTNNA1	CC2D1B	3	0.0000	0.8553
KRT8	CC2D1B	3	0.3286	0.5461
LMNA	CC2D1B	3	0.0007	0.8404
MAPRE3	CC2D1B	3	0.0321	0.7365
ACTB	CC2D2A	3	0.0150	0.7715
CTNNA1	CC2D2A	3	0.0001	0.8514
KRT8	CC2D2A	3	0.3432	0.3780
LMNA	CC2D2A	3	0.0005	0.8431
MAPRE3	CC2D2A	3	0.0019	0.8289
ACTB	CCAR1	3	0.0001	0.8514
KRT8	CCAR1	3	0.0001	0.8514
LMNA	CCAR1	3	0.0017	0.8305
MAPRE3	CCAR1	3	0.0000	0.8553
ACTB	CCAR2	3	0.1008	0.6732
CTNNA1	CCAR2	3	0.0170	0.7658
KRT8	CCAR2	3	0.1815	0.6203
LMNA	CCAR2	3	0.2270	0.5961
MAPRE3	CCAR2	3	0.1440	0.6430
ACTB	CCDC102A	3	0.0110	0.7857
CTNNA1	CCDC102A	3	0.0002	0.8487
KRT8	CCDC102A	3	0.0907	0.6812
LMNA	CCDC102A	3	0.0008	0.8393
MAPRE3	CCDC102A	3	0.0025	0.8246
LMNA	CCDC106	3	0.6667	0.0721
KRT8	CCDC120	3	0.0118	0.7826
ACTB	CCDC121	3	0.3333	0.4096
KRT8	CCDC122	3	0.3333	0.4096
LMNA	CCDC122	3	0.3333	0.4096
ACTB	CCDC124	3	0.0230	0.7521
KRT8	CCDC124	3	0.0319	0.7368
MAPRE3	CCDC124	3	0.0034	0.8190
LMNA	CCDC127	3	0.3333	0.4096
CTNNA1	CCDC136	3	0.3333	0.4096
ACTB	CCDC137	3	0.0346	0.7330
KRT8	CCDC137	3	0.0331	0.7349
LMNA	CCDC137	3	0.2872	0.5669
ACTB	CCDC138	3	0.0086	0.7950
KRT8	CCDC138	3	0.6480	0.1697
MAPRE3	CCDC138	3	0.0035	0.8185
ACTB	CCDC14	3	0.0018	0.8297
KRT8	CCDC14	3	0.8650	0.0132
MAPRE3	CCDC14	3	0.0071	0.8013
KRT8	CCDC149	3	0.3333	0.4096
LMNA	CCDC149	3	0.3333	0.4096
MAPRE3	CCDC149	3	0.3333	0.4096
KRT8	CCDC15	3	0.3333	0.4096
ACTB	CCDC152	3	0.0023	0.8260
KRT8	CCDC152	3	0.0079	0.7980
LMNA	CCDC152	3	0.0180	0.7632
MAPRE3	CCDC154	3	0.3333	0.4096
ACTB	CCDC168	3	0.0003	0.8465
LMNA	CCDC168	3	0.0011	0.8360
ACTB	CCDC170	3	0.3333	0.4096
KRT8	CCDC172	3	0.3333	0.4096
ACTB	CCDC174	3	0.0048	0.8121
LMNA	CCDC174	3	0.4980	0.2117
MAPRE3	CCDC174	3	0.0031	0.8206
ACTB	CCDC18	3	0.0172	0.7653
CTNNA1	CCDC18	3	0.0012	0.8352
KRT8	CCDC18	3	0.0267	0.7449
LMNA	CCDC18	3	0.0000	0.8553
MAPRE3	CCDC18	3	0.0071	0.8013
CTNNA1	CCDC180	3	1.0000	0.0000
CTNNA1	CCDC181	3	0.3333	0.4096
KRT8	CCDC181	3	0.3333	0.4096
MAPRE3	CCDC183	3	0.3333	0.4096
ACTB	CCDC186	3	0.0043	0.8145
CTNNA1	CCDC186	3	0.0001	0.8514
KRT8	CCDC186	3	0.0198	0.7587
MAPRE3	CCDC186	3	0.0002	0.8487
ACTB	CCDC22	3	0.3986	0.2832
CTNNA1	CCDC22	3	0.0021	0.8274
KRT8	CCDC22	3	0.9806	0.0009
LMNA	CCDC22	3	0.0024	0.8252
MAPRE3	CCDC22	3	0.0097	0.7904
CTNNA1	CCDC25	3	0.0133	0.7767
KRT8	CCDC25	3	0.1851	0.6183
LMNA	CCDC25	3	0.1504	0.6389
MAPRE3	CCDC25	3	0.0216	0.7550
KRT8	CCDC28B	3	0.3333	0.4096
ACTB	CCDC34	3	0.0082	0.7969
KRT8	CCDC34	3	0.0362	0.7308
LMNA	CCDC34	3	0.0321	0.7365
MAPRE3	CCDC34	3	0.0047	0.8127
ACTB	CCDC39	3	0.3333	0.4096
ACTB	CCDC43	3	0.0092	0.7925
CTNNA1	CCDC43	3	0.0000	0.8553
KRT8	CCDC43	3	0.0104	0.7880
LMNA	CCDC43	3	0.0000	0.8553
MAPRE3	CCDC43	3	0.0008	0.8393
ACTB	CCDC47	3	0.0022	0.8268
KRT8	CCDC47	3	0.0051	0.8108
LMNA	CCDC47	3	0.8642	0.0135
ACTB	CCDC50	3	0.3028	0.5589
CTNNA1	CCDC50	3	0.0368	0.7299
KRT8	CCDC50	3	0.2605	0.5788
LMNA	CCDC50	3	0.0505	0.7151
MAPRE3	CCDC50	3	0.0918	0.6802
KRT8	CCDC57	3	0.0044	0.8141
LMNA	CCDC57	3	0.6397	0.1723
ACTB	CCDC6	3	0.2846	0.5683
CTNNA1	CCDC6	3	0.0551	0.7107
KRT8	CCDC6	3	0.2851	0.5680
LMNA	CCDC6	3	0.1652	0.6302
MAPRE3	CCDC6	3	0.1031	0.6711
KRT8	CCDC61	3	0.6667	0.0721
ACTB	CCDC66	3	0.0095	0.7913
KRT8	CCDC66	3	0.0331	0.7349
LMNA	CCDC66	3	0.0000	0.8553
MAPRE3	CCDC66	3	0.0177	0.7640
KRT8	CCDC68	3	0.3333	0.4096
LMNA	CCDC71L	3	0.0061	0.8057
MAPRE3	CCDC73	3	0.3333	0.4096
KRT8	CCDC77	3	0.9966	0.0002
MAPRE3	CCDC77	3	0.0069	0.8021
KRT8	CCDC8	3	0.3333	0.4096
LMNA	CCDC80	3	0.3333	0.4096
ACTB	CCDC81	3	0.3333	0.4096
LMNA	CCDC81	3	0.3333	0.4096
ACTB	CCDC85C	3	0.0210	0.7563
CTNNA1	CCDC85C	3	0.0007	0.8404
KRT8	CCDC85C	3	0.0311	0.7378
MAPRE3	CCDC85C	3	0.0010	0.8371
LMNA	CCDC86	3	0.0036	0.8180
ACTB	CCDC88A	3	0.0128	0.7786
CTNNA1	CCDC88A	3	0.0025	0.8246
KRT8	CCDC88A	3	0.0386	0.7273
LMNA	CCDC88A	3	0.0000	0.8553
MAPRE3	CCDC88A	3	0.0083	0.7964
ACTB	CCDC88C	3	0.0444	0.7210
CTNNA1	CCDC88C	3	0.0082	0.7969
KRT8	CCDC88C	3	0.0446	0.7208
LMNA	CCDC88C	3	0.1655	0.6300
MAPRE3	CCDC88C	3	0.0048	0.8121
KRT8	CCDC9	3	0.3333	0.4096
KRT8	CCDC90B	3	0.3333	0.4096
KRT8	CCDC92	3	0.3333	0.4096
ACTB	CCDC93	3	0.5198	0.2039
KRT8	CCDC93	3	0.0034	0.8190
LMNA	CCDC97	3	0.0209	0.7564
MAPRE3	CCDC9B	3	0.3333	0.4096
ACTB	CCHCR1	3	0.0233	0.7516
KRT8	CCHCR1	3	0.7812	0.0276
MAPRE3	CCHCR1	3	0.0080	0.7976
LMNA	CCIN	3	0.3333	0.4096
ACTB	CCM2	3	0.3333	0.4096
ACTB	CCNA2	3	0.0005	0.8431
LMNA	CCNA2	3	0.0032	0.8201
MAPRE3	CCNA2	3	0.0003	0.8465
ACTB	CCNB1	3	0.2518	0.5837
CTNNA1	CCNB1	3	0.0619	0.7049
KRT8	CCNB1	3	0.2689	0.5753
LMNA	CCNB1	3	0.0809	0.6892
MAPRE3	CCNB1	3	0.3550	0.3529
ACTB	CCNB2	3	0.1040	0.6704
KRT8	CCNB2	3	0.4035	0.2762
MAPRE3	CCNB2	3	0.1702	0.6272
LMNA	CCNE2	3	0.0609	0.7058
ACTB	CCNG2	3	0.3333	0.4096
LMNA	CCNH	3	0.0011	0.8360
LMNA	CCNK	3	0.0010	0.8371
ACTB	CCNT1	3	0.0001	0.8514
KRT8	CCNT1	3	0.0002	0.8487
LMNA	CCNT1	3	0.0217	0.7547
MAPRE3	CCNT1	3	0.0007	0.8404
LMNA	CCNT2	3	0.3333	0.4096
ACTB	CCP110	3	0.0095	0.7913
CTNNA1	CCP110	3	0.0005	0.8431
KRT8	CCP110	3	0.0621	0.7047
LMNA	CCP110	3	0.0002	0.8487
MAPRE3	CCP110	3	0.0179	0.7634
ACTB	CCS	3	0.0329	0.7353
CTNNA1	CCS	3	0.0119	0.7820
KRT8	CCS	3	0.0145	0.7729
LMNA	CCS	3	0.0356	0.7316
MAPRE3	CCS	3	0.0046	0.8132
MAPRE3	CCSER1	3	0.6667	0.0721
KRT8	CCSER2	3	0.0005	0.8431
MAPRE3	CCSER2	3	0.0077	0.7987
ACTB	CCT2	3	0.4245	0.2506
CTNNA1	CCT2	3	0.0318	0.7369
KRT8	CCT2	3	0.1481	0.6403
LMNA	CCT2	3	0.0586	0.7077
MAPRE3	CCT2	3	0.0316	0.7372
ACTB	CCT3	3	0.1566	0.6352
CTNNA1	CCT3	3	0.0165	0.7670
KRT8	CCT3	3	0.1407	0.6449
LMNA	CCT3	3	0.0831	0.6874
MAPRE3	CCT3	3	0.0268	0.7447
ACTB	CCT4	3	0.1636	0.6311
CTNNA1	CCT4	3	0.0120	0.7815
KRT8	CCT4	3	0.1727	0.6258
LMNA	CCT4	3	0.0493	0.7161
MAPRE3	CCT4	3	0.0134	0.7764
ACTB	CCT5	3	0.1464	0.6414
CTNNA1	CCT5	3	0.0172	0.7653
KRT8	CCT5	3	0.1771	0.6230
LMNA	CCT5	3	0.0259	0.7466
MAPRE3	CCT5	3	0.0203	0.7576
ACTB	CCT6A	3	0.3346	0.4055
CTNNA1	CCT6A	3	0.0257	0.7470
KRT8	CCT6A	3	0.2350	0.5927
LMNA	CCT6A	3	0.1144	0.6636
MAPRE3	CCT6A	3	0.0571	0.7090
CTNNA1	CCT6B	3	0.1631	0.6314
KRT8	CCT6B	3	0.3333	0.4096
ACTB	CCT7	3	0.1011	0.6730
CTNNA1	CCT7	3	0.0176	0.7642
KRT8	CCT7	3	0.0820	0.6884
LMNA	CCT7	3	0.0443	0.7212
MAPRE3	CCT7	3	0.0103	0.7884
ACTB	CCT8	3	0.3228	0.5492
CTNNA1	CCT8	3	0.0920	0.6799
KRT8	CCT8	3	0.2485	0.5853
LMNA	CCT8	3	0.1533	0.6373
MAPRE3	CCT8	3	0.1400	0.6454
ACTB	CCZ1;CCZ1B	3	0.0076	0.7991
CTNNA1	CCZ1;CCZ1B	3	0.0001	0.8514
KRT8	CCZ1;CCZ1B	3	0.0974	0.6756
LMNA	CCZ1;CCZ1B	3	0.0041	0.8156
MAPRE3	CCZ1;CCZ1B	3	0.0010	0.8371
LMNA	CD247	3	0.3333	0.4096
ACTB	CD2AP	3	0.3491	0.3645
CTNNA1	CD2AP	3	0.1817	0.6202
KRT8	CD2AP	3	0.2997	0.5604
LMNA	CD2AP	3	0.1279	0.6534
MAPRE3	CD2AP	3	0.2591	0.5796
LMNA	CD2BP2	3	0.0478	0.7175
ACTB	CD4	3	0.3333	0.4096
LMNA	CD4	3	0.3333	0.4096
ACTB	CD44	3	0.0889	0.6826
CTNNA1	CD44	3	0.0046	0.8132
KRT8	CD44	3	0.0082	0.7969
LMNA	CD44	3	0.0003	0.8465
MAPRE3	CD44	3	0.0001	0.8514
LMNA	CD47	3	0.3333	0.4096
KRT8	CD70	3	0.3333	0.4096
ACTB	CD84	3	0.3333	0.4096
KRT8	CD84	3	0.3333	0.4096
ACTB	CDA	3	0.1953	0.6118
CTNNA1	CDA	3	0.1793	0.6216
KRT8	CDA	3	0.2229	0.5978
LMNA	CDA	3	0.2711	0.5742
MAPRE3	CDA	3	0.1352	0.6483
ACTB	CDAN1	3	0.3333	0.4096
KRT8	CDAN1	3	0.6667	0.0721
ACTB	CDC123	3	0.0146	0.7726
CTNNA1	CDC123	3	0.0001	0.8514
KRT8	CDC123	3	0.0412	0.7244
LMNA	CDC123	3	0.0029	0.8218
MAPRE3	CDC123	3	0.0007	0.8404
KRT8	CDC14A	3	0.3333	0.4096
ACTB	CDC16	3	0.0074	0.8000
CTNNA1	CDC16	3	0.0000	0.8553
KRT8	CDC16	3	0.2853	0.5678
LMNA	CDC16	3	0.0193	0.7598
MAPRE3	CDC16	3	0.0056	0.8082
ACTB	CDC20	3	0.0176	0.7642
KRT8	CDC20	3	0.0325	0.7359
LMNA	CDC20	3	0.0057	0.8078
MAPRE3	CDC20	3	0.0016	0.8315
ACTB	CDC23	3	0.0373	0.7293
KRT8	CDC23	3	0.4010	0.2801
LMNA	CDC23	3	0.0071	0.8013
MAPRE3	CDC23	3	0.0086	0.7950
MAPRE3	CDC25A	3	0.3333	0.4096
LMNA	CDC25B	3	0.5854	0.1841
ACTB	CDC25C	3	0.0135	0.7761
CTNNA1	CDC25C	3	0.0003	0.8465
KRT8	CDC25C	3	0.0639	0.7027
LMNA	CDC25C	3	0.0017	0.8305
MAPRE3	CDC25C	3	0.0029	0.8218
ACTB	CDC27	3	0.0056	0.8082
CTNNA1	CDC27	3	0.0001	0.8514
KRT8	CDC27	3	0.0138	0.7750
LMNA	CDC27	3	0.0054	0.8093
MAPRE3	CDC27	3	0.0183	0.7623
ACTB	CDC37	3	0.2143	0.6024
CTNNA1	CDC37	3	0.0205	0.7572
KRT8	CDC37	3	0.2722	0.5738
LMNA	CDC37	3	0.2169	0.6008
MAPRE3	CDC37	3	0.0653	0.7017
ACTB	CDC37L1	3	0.0122	0.7807
CTNNA1	CDC37L1	3	0.0000	0.8553
KRT8	CDC37L1	3	0.0176	0.7642
LMNA	CDC37L1	3	0.0023	0.8260
MAPRE3	CDC37L1	3	0.0010	0.8371
KRT8	CDC40	3	0.0024	0.8252
LMNA	CDC40	3	0.2352	0.5926
ACTB	CDC42	3	0.3333	0.4096
ACTB	CDC42BPA	3	0.0068	0.8026
CTNNA1	CDC42BPA	3	0.0002	0.8487
KRT8	CDC42BPA	3	0.0131	0.7774
LMNA	CDC42BPA	3	0.0001	0.8514
MAPRE3	CDC42BPA	3	0.0003	0.8465
ACTB	CDC42BPB	3	0.0172	0.7653
CTNNA1	CDC42BPB	3	0.0002	0.8487
KRT8	CDC42BPB	3	0.0137	0.7754
LMNA	CDC42BPB	3	0.0010	0.8371
MAPRE3	CDC42BPB	3	0.0013	0.8344
ACTB	CDC42BPG	3	0.0086	0.7950
KRT8	CDC42BPG	3	0.3374	0.3968
MAPRE3	CDC42BPG	3	0.0081	0.7973
ACTB	CDC42EP1	3	0.0033	0.8195
CTNNA1	CDC42EP1	3	0.0004	0.8448
KRT8	CDC42EP1	3	0.0014	0.8335
LMNA	CDC42EP1	3	0.0002	0.8487
ACTB	CDC42EP2	3	0.0030	0.8212
CTNNA1	CDC42EP2	3	0.0005	0.8431
KRT8	CDC42EP2	3	0.0140	0.7745
LMNA	CDC42EP2	3	0.0109	0.7861
MAPRE3	CDC42EP2	3	0.0181	0.7628
ACTB	CDC42EP3	3	0.0017	0.8305
CTNNA1	CDC42EP3	3	0.0001	0.8514
KRT8	CDC42EP3	3	0.0047	0.8127
LMNA	CDC42EP3	3	0.0000	0.8553
MAPRE3	CDC42EP3	3	0.0000	0.8553
ACTB	CDC42EP4	3	0.0256	0.7472
CTNNA1	CDC42EP4	3	0.0046	0.8132
KRT8	CDC42EP4	3	0.0015	0.8325
KRT8	CDC45	3	0.2069	0.6057
LMNA	CDC45	3	0.0067	0.8030
ACTB	CDC5L	3	0.0003	0.8465
CTNNA1	CDC5L	3	0.0000	0.8553
KRT8	CDC5L	3	0.0002	0.8487
LMNA	CDC5L	3	0.0038	0.8170
MAPRE3	CDC5L	3	0.0003	0.8465
MAPRE3	CDC6	3	1.0000	0.0000
LMNA	CDC7	3	0.0685	0.6985
MAPRE3	CDC7	3	0.0074	0.8000
ACTB	CDC73	3	0.1349	0.6485
CTNNA1	CDC73	3	0.0558	0.7102
KRT8	CDC73	3	0.1366	0.6475
LMNA	CDC73	3	0.2894	0.5660
MAPRE3	CDC73	3	0.2134	0.6030
ACTB	CDCA2	3	0.0048	0.8121
CTNNA1	CDCA2	3	0.0000	0.8553
KRT8	CDCA2	3	0.0016	0.8315
LMNA	CDCA2	3	0.0822	0.6883
MAPRE3	CDCA2	3	0.0018	0.8297
LMNA	CDCA3	3	0.0000	0.8553
ACTB	CDCA5	3	0.1802	0.6210
KRT8	CDCA5	3	0.1267	0.6541
LMNA	CDCA5	3	0.3270	0.5468
MAPRE3	CDCA5	3	0.2143	0.6024
ACTB	CDCA7L	3	0.0002	0.8487
LMNA	CDCA7L	3	0.0043	0.8145
MAPRE3	CDCA7L	3	0.0000	0.8553
ACTB	CDCA8	3	0.2803	0.5702
CTNNA1	CDCA8	3	0.0322	0.7363
KRT8	CDCA8	3	0.2977	0.5617
LMNA	CDCA8	3	0.3797	0.3096
MAPRE3	CDCA8	3	0.3214	0.5498
ACTB	CDCP1	3	0.0031	0.8206
KRT8	CDCP1	3	0.0029	0.8218
LMNA	CDCP1	3	0.0032	0.8201
CTNNA1	CDH2	3	1.0000	0.0000
LMNA	CDH26	3	0.3333	0.4096
ACTB	CDH5	3	0.3333	0.4096
ACTB	CDHR3	3	0.3262	0.5474
CTNNA1	CDHR3	3	0.3333	0.4096
KRT8	CDHR5	3	0.3333	0.4096
ACTB	CDIPT	3	0.1842	0.6186
CTNNA1	CDIPT	3	0.0414	0.7243
KRT8	CDIPT	3	0.5237	0.2023
LMNA	CDIPT	3	0.1836	0.6190
MAPRE3	CDIPT	3	0.0943	0.6782
ACTB	CDK1	3	0.0161	0.7684
CTNNA1	CDK1	3	0.0001	0.8514
KRT8	CDK1	3	0.1183	0.6601
LMNA	CDK1	3	0.1804	0.6209
MAPRE3	CDK1	3	0.0066	0.8035
LMNA	CDK11A	3	0.6667	0.0721
ACTB	CDK11B	3	0.0058	0.8072
CTNNA1	CDK11B	3	0.0001	0.8514
KRT8	CDK11B	3	0.0029	0.8218
LMNA	CDK11B	3	0.0375	0.7289
MAPRE3	CDK11B	3	0.0015	0.8325
ACTB	CDK12	3	0.0001	0.8514
LMNA	CDK12	3	0.0014	0.8335
ACTB	CDK13	3	0.0012	0.8352
KRT8	CDK13	3	0.0002	0.8487
LMNA	CDK13	3	0.0061	0.8057
MAPRE3	CDK13	3	0.0000	0.8553
ACTB	CDK16	3	0.0384	0.7275
KRT8	CDK16	3	0.0165	0.7670
MAPRE3	CDK16	3	0.0001	0.8514
ACTB	CDK17	3	0.0266	0.7452
KRT8	CDK17	3	0.5970	0.1803
MAPRE3	CDK17	3	0.0022	0.8268
ACTB	CDK2	3	0.0185	0.7618
KRT8	CDK2	3	0.3610	0.3416
LMNA	CDK2	3	0.0128	0.7786
MAPRE3	CDK2	3	0.0051	0.8108
ACTB	CDK4	3	0.0067	0.8030
CTNNA1	CDK4	3	0.0004	0.8448
KRT8	CDK4	3	0.0295	0.7402
LMNA	CDK4	3	0.0283	0.7422
ACTB	CDK5	3	0.0021	0.8274
KRT8	CDK5	3	0.0181	0.7628
LMNA	CDK5	3	0.0021	0.8274
MAPRE3	CDK5	3	0.0001	0.8514
ACTB	CDK5RAP1	3	0.0486	0.7167
CTNNA1	CDK5RAP1	3	0.0012	0.8352
KRT8	CDK5RAP1	3	1.0000	0.0000
LMNA	CDK5RAP1	3	0.0051	0.8108
MAPRE3	CDK5RAP1	3	0.0021	0.8274
ACTB	CDK5RAP2	3	0.2481	0.5855
CTNNA1	CDK5RAP2	3	0.1220	0.6577
KRT8	CDK5RAP2	3	0.3484	0.3652
LMNA	CDK5RAP2	3	0.1298	0.6525
MAPRE3	CDK5RAP2	3	0.3345	0.4056
ACTB	CDK5RAP3	3	0.0338	0.7339
KRT8	CDK5RAP3	3	0.0049	0.8116
LMNA	CDK5RAP3	3	0.0047	0.8127
ACTB	CDK6	3	0.6573	0.1660
KRT8	CDK6	3	0.6701	0.0679
LMNA	CDK6	3	0.1431	0.6436
MAPRE3	CDK6	3	0.0396	0.7259
ACTB	CDK7	3	0.0003	0.8465
LMNA	CDK7	3	0.3070	0.5566
ACTB	CDK9	3	0.0149	0.7719
KRT8	CDK9	3	0.3352	0.4038
LMNA	CDK9	3	0.0937	0.6789
MAPRE3	CDK9	3	0.0001	0.8514
ACTB	CDKAL1	3	0.0060	0.8062
CTNNA1	CDKAL1	3	0.0000	0.8553
KRT8	CDKAL1	3	0.0084	0.7959
LMNA	CDKAL1	3	0.0165	0.7670
MAPRE3	CDKAL1	3	0.0004	0.8448
CTNNA1	CDKL2	3	0.3333	0.4096
ACTB	CDKL5	3	0.0170	0.7658
KRT8	CDKL5	3	0.1198	0.6593
LMNA	CDKL5	3	0.1979	0.6107
MAPRE3	CDKL5	3	0.3261	0.5475
LMNA	CDKN1A	3	0.0016	0.8315
LMNA	CDKN1B	3	0.0071	0.8013
ACTB	CDKN2A	3	0.0666	0.7003
CTNNA1	CDKN2A	3	0.0112	0.7849
KRT8	CDKN2A	3	0.0631	0.7036
LMNA	CDKN2A	3	0.0225	0.7530
MAPRE3	CDKN2A	3	0.0071	0.8013
ACTB	CDKN2AIP	3	0.0000	0.8553
CTNNA1	CDKN2AIP	3	0.0000	0.8553
KRT8	CDKN2AIP	3	0.0003	0.8465
LMNA	CDKN2AIP	3	0.0010	0.8371
MAPRE3	CDKN2AIP	3	0.0000	0.8553
ACTB	CDKN2C	3	0.3333	0.4096
CTNNA1	CDKN2C	3	0.3332	0.5427
KRT8	CDKN2C	3	0.3333	0.4096
ACTB	CDR2	3	0.0119	0.7820
CTNNA1	CDR2	3	0.0003	0.8465
KRT8	CDR2	3	0.0330	0.7351
LMNA	CDR2	3	0.0005	0.8431
MAPRE3	CDR2	3	0.0015	0.8325
ACTB	CDR2L	3	0.0130	0.7779
KRT8	CDR2L	3	0.9484	0.0035
MAPRE3	CDR2L	3	0.0010	0.8371
ACTB	CDRT15L2	3	0.3333	0.4096
KRT8	CDS2	3	0.0034	0.8190
ACTB	CDSN	3	0.0002	0.8487
CTNNA1	CDSN	3	0.0000	0.8553
KRT8	CDSN	3	0.0000	0.8553
LMNA	CDSN	3	0.0015	0.8325
LMNA	CDT1	3	0.6492	0.1686
ACTB	CDV3	3	0.0136	0.7758
CTNNA1	CDV3	3	0.0001	0.8514
KRT8	CDV3	3	0.0155	0.7700
LMNA	CDV3	3	0.0011	0.8360
MAPRE3	CDV3	3	0.0020	0.8282
LMNA	CDYL	3	0.0298	0.7397
MAPRE3	CDYL	3	0.0002	0.8487
KRT8	CEBPB	3	0.0060	0.8062
LMNA	CEBPB	3	0.0467	0.7186
MAPRE3	CEBPB	3	0.0007	0.8404
ACTB	CEBPZ	3	0.1025	0.6715
CTNNA1	CEBPZ	3	0.0041	0.8156
KRT8	CEBPZ	3	0.1395	0.6456
LMNA	CEBPZ	3	0.1808	0.6206
MAPRE3	CEBPZ	3	0.1335	0.6495
MAPRE3	CELA1	3	0.3333	0.4096
ACTB	CELF1	3	0.0027	0.8233
KRT8	CELF1	3	0.0029	0.8218
LMNA	CELF1	3	0.0037	0.8175
MAPRE3	CELF1	3	0.0000	0.8553
KRT8	CELSR1	3	0.3331	0.5430
MAPRE3	CELSR1	3	0.3236	0.5488
CTNNA1	CELSR3	3	0.3333	0.4096
ACTB	CEMIP2	3	0.0052	0.8103
CTNNA1	CEMIP2	3	0.0012	0.8352
LMNA	CEMIP2	3	0.2738	0.5732
LMNA	CENPB	3	0.3333	0.4096
KRT8	CENPC	3	0.0003	0.8465
LMNA	CENPC	3	0.0016	0.8315
MAPRE3	CENPC	3	0.0070	0.8017
ACTB	CENPE	3	0.0261	0.7463
CTNNA1	CENPE	3	0.0017	0.8305
KRT8	CENPE	3	0.0419	0.7238
LMNA	CENPE	3	0.0015	0.8325
MAPRE3	CENPE	3	0.1044	0.6701
ACTB	CENPF	3	0.0014	0.8335
CTNNA1	CENPF	3	0.0007	0.8404
KRT8	CENPF	3	0.2290	0.5949
LMNA	CENPF	3	0.0103	0.7884
MAPRE3	CENPF	3	0.0009	0.8382
ACTB	CENPH	3	0.0026	0.8238
KRT8	CENPH	3	0.0054	0.8093
LMNA	CENPH	3	0.0024	0.8252
MAPRE3	CENPH	3	0.0000	0.8553
KRT8	CENPI	3	0.0019	0.8289
LMNA	CENPI	3	0.0091	0.7930
ACTB	CENPJ	3	0.0110	0.7857
KRT8	CENPJ	3	0.2803	0.5702
MAPRE3	CENPJ	3	0.0281	0.7426
ACTB	CENPK	3	0.0003	0.8465
KRT8	CENPK	3	0.0044	0.8141
LMNA	CENPK	3	0.0025	0.8246
KRT8	CENPL	3	0.0039	0.8165
LMNA	CENPL	3	0.0065	0.8039
KRT8	CENPM	3	1.0000	0.0000
LMNA	CENPM	3	1.0000	0.0000
KRT8	CENPO	3	0.0003	0.8465
LMNA	CENPO	3	0.0010	0.8371
LMNA	CENPT	3	0.0025	0.8246
ACTB	CENPU	3	0.3333	0.4096
LMNA	CENPU	3	0.3333	0.4096
KRT8	CEP104	3	0.2357	0.5924
MAPRE3	CEP104	3	0.9988	0.0001
KRT8	CEP112	3	0.3333	0.4096
ACTB	CEP120	3	0.0081	0.7973
KRT8	CEP120	3	1.0000	0.0000
MAPRE3	CEP120	3	0.0093	0.7922
CTNNA1	CEP126	3	0.3333	0.4096
MAPRE3	CEP126	3	0.6667	0.0721
KRT8	CEP128	3	0.0061	0.8057
ACTB	CEP131	3	0.0111	0.7854
CTNNA1	CEP131	3	0.0003	0.8465
KRT8	CEP131	3	1.0000	0.0000
LMNA	CEP131	3	0.0028	0.8224
MAPRE3	CEP131	3	0.0118	0.7826
ACTB	CEP135	3	0.1497	0.6395
KRT8	CEP135	3	0.9648	0.0021
MAPRE3	CEP135	3	0.4231	0.2530
ACTB	CEP152	3	0.3473	0.3675
CTNNA1	CEP152	3	0.1915	0.6141
KRT8	CEP152	3	0.4104	0.2673
LMNA	CEP152	3	0.2051	0.6070
MAPRE3	CEP152	3	0.2990	0.5610
ACTB	CEP162	3	0.0000	0.8553
KRT8	CEP162	3	0.0747	0.6935
MAPRE3	CEP162	3	0.0747	0.6935
ACTB	CEP164	3	0.1234	0.6566
KRT8	CEP164	3	0.5733	0.1863
MAPRE3	CEP164	3	0.0225	0.7530
ACTB	CEP170	3	0.3378	0.3951
CTNNA1	CEP170	3	0.1867	0.6170
KRT8	CEP170	3	0.3909	0.2923
LMNA	CEP170	3	0.1783	0.6221
MAPRE3	CEP170	3	0.4241	0.2508
ACTB	CEP170B	3	0.0060	0.8062
KRT8	CEP170B	3	0.1255	0.6550
MAPRE3	CEP170B	3	0.9979	0.0001
MAPRE3	CEP170P1	3	0.3333	0.4096
ACTB	CEP192	3	0.0061	0.8057
CTNNA1	CEP192	3	0.0002	0.8487
KRT8	CEP192	3	0.0264	0.7456
LMNA	CEP192	3	0.0022	0.8268
MAPRE3	CEP192	3	0.0040	0.8161
KRT8	CEP20	3	0.3333	0.4096
ACTB	CEP250	3	0.0394	0.7262
KRT8	CEP250	3	0.0830	0.6875
MAPRE3	CEP250	3	0.0005	0.8431
ACTB	CEP290	3	0.0035	0.8185
KRT8	CEP290	3	0.4218	0.2546
MAPRE3	CEP290	3	0.0907	0.6812
ACTB	CEP295	3	0.0048	0.8121
KRT8	CEP295	3	0.4155	0.2616
LMNA	CEP295	3	0.0007	0.8404
MAPRE3	CEP295	3	0.0034	0.8190
ACTB	CEP350	3	0.2418	0.5895
CTNNA1	CEP350	3	0.1293	0.6528
KRT8	CEP350	3	0.3108	0.5549
LMNA	CEP350	3	0.0647	0.7022
MAPRE3	CEP350	3	0.2499	0.5844
ACTB	CEP41	3	0.6667	0.0721
KRT8	CEP41	3	1.0000	0.0000
ACTB	CEP43	3	0.0158	0.7691
CTNNA1	CEP43	3	0.0049	0.8116
KRT8	CEP43	3	0.0238	0.7507
LMNA	CEP43	3	0.0010	0.8371
MAPRE3	CEP43	3	1.0000	0.0000
ACTB	CEP44	3	0.0186	0.7616
CTNNA1	CEP44	3	0.0009	0.8382
KRT8	CEP44	3	0.2150	0.6019
LMNA	CEP44	3	0.0038	0.8170
MAPRE3	CEP44	3	0.7715	0.0297
ACTB	CEP55	3	0.0131	0.7774
CTNNA1	CEP55	3	0.0004	0.8448
KRT8	CEP55	3	0.0466	0.7188
LMNA	CEP55	3	0.0006	0.8417
MAPRE3	CEP55	3	0.0028	0.8224
KRT8	CEP57	3	1.0000	0.0000
MAPRE3	CEP57	3	0.6667	0.0721
KRT8	CEP57L1	3	0.6667	0.0721
KRT8	CEP63	3	0.6667	0.0721
ACTB	CEP68	3	0.0008	0.8393
KRT8	CEP68	3	0.3445	0.3763
ACTB	CEP72	3	0.0128	0.7786
CTNNA1	CEP72	3	0.0006	0.8417
KRT8	CEP72	3	0.3650	0.3335
LMNA	CEP72	3	0.0104	0.7880
MAPRE3	CEP72	3	0.0085	0.7955
ACTB	CEP76	3	0.0089	0.7939
KRT8	CEP76	3	0.0395	0.7260
MAPRE3	CEP76	3	0.0006	0.8417
ACTB	CEP78	3	0.0147	0.7724
KRT8	CEP78	3	0.0320	0.7366
MAPRE3	CEP78	3	0.0006	0.8417
ACTB	CEP85	3	0.0124	0.7799
CTNNA1	CEP85	3	0.0015	0.8325
KRT8	CEP85	3	0.6147	0.1764
LMNA	CEP85	3	0.0005	0.8431
MAPRE3	CEP85	3	0.0075	0.7995
ACTB	CEP85L	3	0.0271	0.7443
KRT8	CEP85L	3	0.5596	0.1896
MAPRE3	CEP85L	3	0.0812	0.6889
ACTB	CEP89	3	0.0186	0.7616
CTNNA1	CEP89	3	0.0029	0.8218
KRT8	CEP89	3	0.2347	0.5929
ACTB	CEP95	3	0.0194	0.7597
KRT8	CEP95	3	0.4961	0.2122
LMNA	CEP95	3	0.0016	0.8315
MAPRE3	CEP95	3	0.0049	0.8116
ACTB	CEP97	3	0.3298	0.5454
CTNNA1	CEP97	3	0.1861	0.6174
KRT8	CEP97	3	0.3708	0.3237
LMNA	CEP97	3	0.1174	0.6612
MAPRE3	CEP97	3	0.2511	0.5841
ACTB	CEPT1	3	0.0099	0.7897
CTNNA1	CEPT1	3	0.0005	0.8431
KRT8	CEPT1	3	0.6815	0.0572
LMNA	CEPT1	3	0.0119	0.7820
MAPRE3	CEPT1	3	0.0020	0.8282
KRT8	CERS2	3	0.0035	0.8185
LMNA	CERS2	3	0.4204	0.2567
CTNNA1	CERS6	3	0.0013	0.8344
LMNA	CERS6	3	0.5456	0.1950
KRT8	CERT1	3	0.0019	0.8289
MAPRE3	CERT1	3	0.0001	0.8514
ACTB	CES1	3	0.3333	0.4096
ACTB	CES2	3	0.0039	0.8165
KRT8	CES2	3	0.2654	0.5768
ACTB	CETN2	3	0.0096	0.7908
KRT8	CETN2	3	0.0298	0.7397
ACTB	CFAP100	3	0.3333	0.4096
ACTB	CFAP20	3	0.0034	0.8190
KRT8	CFAP20	3	0.0110	0.7857
LMNA	CFAP20	3	0.0130	0.7779
MAPRE3	CFAP20	3	0.0008	0.8393
KRT8	CFAP221	3	0.3333	0.4096
ACTB	CFAP298	3	0.0137	0.7754
KRT8	CFAP298	3	0.0053	0.8097
ACTB	CFAP410	3	0.0234	0.7514
KRT8	CFAP410	3	0.3333	0.4096
KRT8	CFAP43	3	0.0038	0.8170
CTNNA1	CFAP44	3	0.3333	0.4096
KRT8	CFAP44	3	0.3333	0.4096
MAPRE3	CFAP46	3	0.3333	0.4096
ACTB	CFAP47	3	0.3333	0.4096
LMNA	CFAP47	3	0.3333	0.4096
KRT8	CFAP54	3	0.3333	0.4096
LMNA	CFAP54	3	0.3333	0.4096
KRT8	CFAP57	3	0.3333	0.4096
ACTB	CFAP58	3	0.0015	0.8325
KRT8	CFAP58	3	0.0017	0.8305
ACTB	CFAP73	3	0.0007	0.8404
KRT8	CFAP73	3	0.0001	0.8514
MAPRE3	CFAP74	3	0.3333	0.4096
KRT8	CFAP91	3	0.3333	0.4096
KRT8	CFAP97	3	0.3333	0.4096
MAPRE3	CFAP97	3	1.0000	0.0000
ACTB	CFB	3	0.3333	0.4096
KRT8	CFB	3	0.3333	0.4096
ACTB	CFDP1	3	0.0028	0.8224
LMNA	CFDP1	3	0.2696	0.5748
MAPRE3	CFDP1	3	0.0021	0.8274
ACTB	CFH	3	0.3333	0.4096
ACTB	CFL1	3	0.0237	0.7509
CTNNA1	CFL1	3	0.0110	0.7857
KRT8	CFL1	3	0.0800	0.6899
LMNA	CFL1	3	0.0266	0.7452
MAPRE3	CFL1	3	0.0072	0.8009
ACTB	CFL2	3	0.6667	0.0721
CTNNA1	CFL2	3	0.6667	0.0721
ACTB	CFTR	3	0.3333	0.4096
KRT8	CFTR	3	0.3333	0.4096
KRT8	CGAS	3	0.1000	0.6737
LMNA	CGAS	3	0.0079	0.7980
MAPRE3	CGAS	3	0.0006	0.8417
ACTB	CGN	3	0.9910	0.0005
KRT8	CGN	3	0.3466	0.3700
ACTB	CGNL1	3	0.5825	0.1851
KRT8	CGNL1	3	0.6976	0.0513
MAPRE3	CHADL	3	0.3333	0.4096
ACTB	CHAF1A	3	0.0003	0.8465
KRT8	CHAF1A	3	0.0000	0.8553
LMNA	CHAF1A	3	0.0078	0.7983
ACTB	CHAF1B	3	0.0005	0.8431
CTNNA1	CHAF1B	3	0.0000	0.8553
KRT8	CHAF1B	3	0.0001	0.8514
LMNA	CHAF1B	3	0.0026	0.8238
ACTB	CHAMP1	3	0.1700	0.6273
CTNNA1	CHAMP1	3	0.0491	0.7164
KRT8	CHAMP1	3	0.1141	0.6638
LMNA	CHAMP1	3	0.2838	0.5684
MAPRE3	CHAMP1	3	0.1144	0.6636
CTNNA1	CHCHD1	3	0.3333	0.4096
KRT8	CHCHD3	3	0.3333	0.4096
KRT8	CHCHD4	3	0.3333	0.4096
ACTB	CHD1	3	0.0022	0.8268
CTNNA1	CHD1	3	0.0000	0.8553
KRT8	CHD1	3	0.0046	0.8132
LMNA	CHD1	3	0.0284	0.7420
MAPRE3	CHD1	3	0.0029	0.8218
ACTB	CHD1L	3	0.0004	0.8448
KRT8	CHD1L	3	0.0016	0.8315
LMNA	CHD1L	3	0.0242	0.7498
MAPRE3	CHD1L	3	0.0001	0.8514
KRT8	CHD2	3	0.3333	0.4096
LMNA	CHD2	3	0.6693	0.0693
ACTB	CHD3	3	0.0006	0.8417
KRT8	CHD3	3	0.0007	0.8404
LMNA	CHD3	3	0.0050	0.8113
MAPRE3	CHD3	3	0.0001	0.8514
ACTB	CHD4	3	0.1326	0.6504
CTNNA1	CHD4	3	0.0262	0.7461
KRT8	CHD4	3	0.1364	0.6477
LMNA	CHD4	3	0.2943	0.5635
MAPRE3	CHD4	3	0.1554	0.6359
ACTB	CHD6	3	0.0013	0.8344
CTNNA1	CHD6	3	0.0000	0.8553
KRT8	CHD6	3	0.0024	0.8252
LMNA	CHD6	3	0.0119	0.7820
MAPRE3	CHD6	3	0.0005	0.8431
ACTB	CHD7	3	0.0005	0.8431
LMNA	CHD7	3	0.0700	0.6973
ACTB	CHD8	3	0.0014	0.8335
CTNNA1	CHD8	3	0.0000	0.8553
KRT8	CHD8	3	0.0013	0.8344
LMNA	CHD8	3	0.0111	0.7854
MAPRE3	CHD8	3	0.0010	0.8371
ACTB	CHD9	3	0.0006	0.8417
KRT8	CHD9	3	0.0019	0.8289
LMNA	CHD9	3	0.3401	0.3871
MAPRE3	CHDH	3	0.3333	0.4096
ACTB	CHEK1	3	0.0046	0.8132
CTNNA1	CHEK1	3	0.0000	0.8553
KRT8	CHEK1	3	0.1475	0.6407
LMNA	CHEK1	3	0.0145	0.7729
MAPRE3	CHEK1	3	0.0005	0.8431
CTNNA1	CHEK2	3	0.0353	0.7320
LMNA	CHEK2	3	0.0004	0.8448
ACTB	CHERP	3	0.0028	0.8224
CTNNA1	CHERP	3	0.0000	0.8553
KRT8	CHERP	3	0.0008	0.8393
LMNA	CHERP	3	0.0112	0.7849
MAPRE3	CHERP	3	0.0007	0.8404
LMNA	CHFR	3	0.3333	0.4096
KRT8	CHKA	3	0.3333	0.4096
ACTB	CHL1	3	0.3333	0.4096
ACTB	CHML	3	0.0085	0.7955
CTNNA1	CHML	3	0.0002	0.8487
KRT8	CHML	3	0.0176	0.7642
LMNA	CHML	3	0.0459	0.7195
MAPRE3	CHML	3	0.0003	0.8465
KRT8	CHMP1A	3	0.3333	0.4096
KRT8	CHMP2A	3	0.3333	0.4096
ACTB	CHMP2B	3	0.0794	0.6903
CTNNA1	CHMP2B	3	0.0000	0.8553
KRT8	CHMP2B	3	0.2977	0.5617
LMNA	CHMP2B	3	0.0003	0.8465
MAPRE3	CHMP2B	3	0.0062	0.8053
CTNNA1	CHMP3	3	0.0370	0.7297
KRT8	CHMP3	3	0.0255	0.7474
ACTB	CHMP4A	3	0.0072	0.8009
KRT8	CHMP4A	3	0.0618	0.7050
ACTB	CHMP4B	3	0.0133	0.7767
CTNNA1	CHMP4B	3	0.0002	0.8487
KRT8	CHMP4B	3	0.0241	0.7500
LMNA	CHMP4B	3	0.0128	0.7786
MAPRE3	CHMP4B	3	0.0028	0.8224
ACTB	CHMP4C	3	0.3333	0.4096
KRT8	CHMP4C	3	0.3333	0.4096
MAPRE3	CHMP4C	3	0.3333	0.4096
ACTB	CHMP5	3	0.0119	0.7820
CTNNA1	CHMP5	3	0.0020	0.8282
KRT8	CHMP5	3	0.0133	0.7767
LMNA	CHMP5	3	0.0100	0.7894
MAPRE3	CHMP5	3	0.0005	0.8431
MAPRE3	CHMP6	3	0.3333	0.4096
ACTB	CHMP7	3	0.0189	0.7607
CTNNA1	CHMP7	3	0.0030	0.8212
KRT8	CHMP7	3	0.1972	0.6110
MAPRE3	CHMP7	3	0.0089	0.7939
MAPRE3	CHODL	3	0.3333	0.4096
ACTB	CHORDC1	3	0.2574	0.5806
CTNNA1	CHORDC1	3	0.0368	0.7299
KRT8	CHORDC1	3	0.2949	0.5632
LMNA	CHORDC1	3	0.1760	0.6237
MAPRE3	CHORDC1	3	0.0901	0.6818
LMNA	CHP1	3	0.0027	0.8233
LMNA	CHPT1	3	0.6667	0.0721
KRT8	CHRAC1	3	0.0089	0.7939
KRT8	CHRNA10	3	0.0009	0.8382
LMNA	CHRNA10	3	0.1937	0.6129
LMNA	CHRNA7	3	0.3333	0.4096
LMNA	CHRNB1	3	0.0027	0.8233
KRT8	CHRNG	3	0.3333	0.4096
LMNA	CHRNG	3	0.3333	0.4096
KRT8	CHST10	3	0.3333	0.4096
KRT8	CHST12	3	0.3333	0.4096
ACTB	CHST6	3	0.3333	0.4096
ACTB	CHSY1	3	0.3333	0.4096
KRT8	CHSY1	3	0.3333	0.4096
LMNA	CHTF18	3	0.0422	0.7235
ACTB	CHUK	3	0.0103	0.7884
KRT8	CHUK	3	0.2369	0.5916
LMNA	CHUK	3	0.0001	0.8514
MAPRE3	CHUK	3	0.0048	0.8121
ACTB	CIAO2A	3	0.3333	0.4096
KRT8	CIAO2A	3	0.0035	0.8185
LMNA	CIAO2A	3	0.0065	0.8039
MAPRE3	CIAO2A	3	0.0008	0.8393
ACTB	CIAO3	3	0.0886	0.6828
CTNNA1	CIAO3	3	0.0334	0.7345
KRT8	CIAO3	3	0.0321	0.7365
LMNA	CIAO3	3	0.0673	0.6997
MAPRE3	CIAO3	3	0.0264	0.7456
ACTB	CIAPIN1	3	0.3061	0.5572
CTNNA1	CIAPIN1	3	0.0720	0.6956
KRT8	CIAPIN1	3	0.3272	0.5467
LMNA	CIAPIN1	3	0.2432	0.5885
MAPRE3	CIAPIN1	3	0.1718	0.6262
ACTB	CIC	3	0.0006	0.8417
CTNNA1	CIC	3	0.0000	0.8553
KRT8	CIC	3	0.0016	0.8315
LMNA	CIC	3	0.0053	0.8097
MAPRE3	CIC	3	0.0002	0.8487
CTNNA1	CIMAP2	3	0.2334	0.5932
LMNA	CIMAP2	3	0.0377	0.7286
MAPRE3	CIMAP2	3	0.0076	0.7991
ACTB	CIP2A	3	0.0136	0.7758
CTNNA1	CIP2A	3	0.0005	0.8431
KRT8	CIP2A	3	0.1226	0.6573
LMNA	CIP2A	3	0.0008	0.8393
MAPRE3	CIP2A	3	0.0036	0.8180
ACTB	CIR1	3	0.0001	0.8514
LMNA	CIR1	3	0.0383	0.7278
ACTB	CISD1	3	0.0068	0.8026
CTNNA1	CISD1	3	0.0000	0.8553
KRT8	CISD1	3	0.0053	0.8097
LMNA	CISD1	3	0.0018	0.8297
MAPRE3	CISD1	3	0.0001	0.8514
ACTB	CISD2	3	0.2059	0.6065
CTNNA1	CISD2	3	0.1217	0.6579
KRT8	CISD2	3	0.2019	0.6086
LMNA	CISD2	3	0.5904	0.1822
MAPRE3	CISD2	3	0.1445	0.6426
ACTB	CISH	3	0.3333	0.4096
MAPRE3	CISH	3	0.3333	0.4096
ACTB	CIT	3	0.0050	0.8113
CTNNA1	CIT	3	0.0002	0.8487
KRT8	CIT	3	0.0068	0.8026
LMNA	CIT	3	0.0029	0.8218
MAPRE3	CIT	3	0.0044	0.8141
ACTB	CIZ1	3	0.0043	0.8145
LMNA	CIZ1	3	0.1769	0.6231
ACTB	CKAP2	3	0.0122	0.7807
CTNNA1	CKAP2	3	0.0025	0.8246
KRT8	CKAP2	3	0.0608	0.7059
LMNA	CKAP2	3	0.0050	0.8113
MAPRE3	CKAP2	3	1.0000	0.0000
ACTB	CKAP2L	3	0.0061	0.8057
KRT8	CKAP2L	3	0.0069	0.8021
LMNA	CKAP2L	3	0.0011	0.8360
MAPRE3	CKAP2L	3	1.0000	0.0000
ACTB	CKAP4	3	0.0423	0.7235
CTNNA1	CKAP4	3	0.0002	0.8487
KRT8	CKAP4	3	0.0299	0.7396
LMNA	CKAP4	3	0.0224	0.7534
MAPRE3	CKAP4	3	0.0026	0.8238
ACTB	CKAP5	3	0.2562	0.5812
CTNNA1	CKAP5	3	0.1201	0.6590
KRT8	CKAP5	3	0.2713	0.5742
LMNA	CKAP5	3	0.1337	0.6494
MAPRE3	CKAP5	3	0.3908	0.2926
ACTB	CKB	3	0.0031	0.8206
KRT8	CKB	3	0.3444	0.3764
LMNA	CKB	3	0.0034	0.8190
LMNA	CKMT1A	3	0.3333	0.4096
ACTB	CLASP1	3	0.0151	0.7711
CTNNA1	CLASP1	3	0.0020	0.8282
KRT8	CLASP1	3	0.0291	0.7409
LMNA	CLASP1	3	0.0007	0.8404
MAPRE3	CLASP1	3	0.9294	0.0051
ACTB	CLASP2	3	0.2557	0.5814
CTNNA1	CLASP2	3	0.1322	0.6508
KRT8	CLASP2	3	0.2949	0.5632
LMNA	CLASP2	3	0.1311	0.6516
MAPRE3	CLASP2	3	0.4153	0.2619
LMNA	CLASRP	3	0.7074	0.0475
ACTB	CLCA2	3	0.3333	0.4096
LMNA	CLCA4	3	0.3333	0.4096
MAPRE3	CLCA4	3	0.3333	0.4096
ACTB	CLCC1	3	0.1330	0.6500
CTNNA1	CLCC1	3	0.0365	0.7304
KRT8	CLCC1	3	0.0623	0.7045
LMNA	CLCC1	3	0.0629	0.7039
MAPRE3	CLCC1	3	0.0999	0.6738
KRT8	CLCN3;CLCN4;CLCN5	3	0.0120	0.7815
LMNA	CLCN6	3	0.3333	0.4096
MAPRE3	CLCN6	3	0.3333	0.4096
LMNA	CLCN7	3	0.0028	0.8224
LMNA	CLCNKB	3	0.3333	0.4096
LMNA	CLDN1	3	0.3333	0.4096
ACTB	CLEC16A	3	0.0150	0.7715
CTNNA1	CLEC16A	3	0.0005	0.8431
KRT8	CLEC16A	3	0.0293	0.7406
LMNA	CLEC16A	3	0.0012	0.8352
MAPRE3	CLEC16A	3	0.0056	0.8082
MAPRE3	CLEC20A	3	0.3333	0.4096
KRT8	CLGN	3	0.3333	0.4096
ACTB	CLIC1	3	0.0835	0.6869
CTNNA1	CLIC1	3	0.0155	0.7700
KRT8	CLIC1	3	0.1347	0.6486
LMNA	CLIC1	3	0.2037	0.6077
MAPRE3	CLIC1	3	0.0415	0.7242
ACTB	CLIC4	3	0.2542	0.5824
CTNNA1	CLIC4	3	0.0756	0.6929
KRT8	CLIC4	3	0.1366	0.6475
LMNA	CLIC4	3	0.0213	0.7557
MAPRE3	CLIC4	3	0.0069	0.8021
ACTB	CLINT1	3	0.3708	0.3237
CTNNA1	CLINT1	3	0.1654	0.6301
KRT8	CLINT1	3	0.4060	0.2735
LMNA	CLINT1	3	0.2728	0.5734
MAPRE3	CLINT1	3	0.2811	0.5699
ACTB	CLIP1	3	0.0138	0.7750
CTNNA1	CLIP1	3	0.0017	0.8305
KRT8	CLIP1	3	0.0145	0.7729
LMNA	CLIP1	3	0.0015	0.8325
MAPRE3	CLIP1	3	0.8978	0.0080
MAPRE3	CLIP2	3	0.6667	0.0721
MAPRE3	CLIP4	3	1.0000	0.0000
LMNA	CLK1;CLK4	3	0.0005	0.8431
LMNA	CLK2	3	1.0000	0.0000
LMNA	CLK3	3	0.3333	0.4096
ACTB	CLMN	3	0.0187	0.7613
CTNNA1	CLMN	3	0.0026	0.8238
KRT8	CLMN	3	0.2415	0.5896
MAPRE3	CLMN	3	0.0004	0.8448
ACTB	CLN3	3	0.0011	0.8360
KRT8	CLN3	3	0.0618	0.7050
MAPRE3	CLN3	3	0.0002	0.8487
ACTB	CLN6	3	0.0096	0.7908
CTNNA1	CLN6	3	0.0001	0.8514
KRT8	CLN6	3	0.1178	0.6607
LMNA	CLN6	3	0.0028	0.8224
MAPRE3	CLN6	3	0.0006	0.8417
ACTB	CLNS1A	3	0.0396	0.7259
CTNNA1	CLNS1A	3	0.0152	0.7709
KRT8	CLNS1A	3	0.0697	0.6975
LMNA	CLNS1A	3	0.0316	0.7372
MAPRE3	CLNS1A	3	0.0163	0.7678
KRT8	CLOCK	3	0.0069	0.8021
LMNA	CLOCK	3	0.0004	0.8448
ACTB	CLP1	3	0.0018	0.8297
KRT8	CLP1	3	0.0070	0.8017
LMNA	CLP1	3	0.0109	0.7861
MAPRE3	CLP1	3	0.0012	0.8352
ACTB	CLPB	3	0.0270	0.7444
CTNNA1	CLPB	3	0.0145	0.7729
KRT8	CLPB	3	0.0985	0.6746
LMNA	CLPB	3	0.1547	0.6362
MAPRE3	CLPB	3	0.0200	0.7582
ACTB	CLPTM1	3	0.3333	0.4096
KRT8	CLPTM1	3	0.6667	0.0721
LMNA	CLPTM1	3	0.6667	0.0721
MAPRE3	CLPTM1	3	0.3333	0.4096
ACTB	CLPTM1L	3	0.0292	0.7407
CTNNA1	CLPTM1L	3	0.0005	0.8431
KRT8	CLPTM1L	3	0.1084	0.6676
LMNA	CLPTM1L	3	0.0392	0.7265
MAPRE3	CLPTM1L	3	0.0063	0.8048
ACTB	CLPX	3	0.2009	0.6091
CTNNA1	CLPX	3	0.0412	0.7244
KRT8	CLPX	3	0.9559	0.0026
LMNA	CLPX	3	0.2919	0.5646
MAPRE3	CLPX	3	0.0569	0.7092
ACTB	CLSPN	3	0.0016	0.8315
KRT8	CLSPN	3	0.0031	0.8206
LMNA	CLSPN	3	0.1614	0.6325
MAPRE3	CLSPN	3	0.0005	0.8431
KRT8	CLSTN2	3	0.3333	0.4096
LMNA	CLSTN3	3	0.3333	0.4096
ACTB	CLTA	3	0.0564	0.7098
CTNNA1	CLTA	3	0.0034	0.8190
KRT8	CLTA	3	0.0705	0.6967
LMNA	CLTA	3	0.0450	0.7204
MAPRE3	CLTA	3	0.0131	0.7774
ACTB	CLTC	3	0.2293	0.5947
CTNNA1	CLTC	3	0.0259	0.7466
KRT8	CLTC	3	0.3159	0.5521
LMNA	CLTC	3	0.1578	0.6346
MAPRE3	CLTC	3	0.0755	0.6929
ACTB	CLU	3	0.3333	0.4096
ACTB	CLUH	3	0.1658	0.6297
CTNNA1	CLUH	3	0.0344	0.7333
KRT8	CLUH	3	0.3827	0.3057
LMNA	CLUH	3	0.0713	0.6962
MAPRE3	CLUH	3	0.1239	0.6562
LMNA	CLYBL	3	0.3333	0.4096
MAPRE3	CLYBL	3	0.3333	0.4096
LMNA	CMAS	3	0.0001	0.8514
ACTB	CMBL	3	0.0215	0.7553
CTNNA1	CMBL	3	0.0566	0.7095
KRT8	CMBL	3	0.0038	0.8170
LMNA	CMBL	3	0.0311	0.7378
MAPRE3	CMBL	3	0.0297	0.7398
ACTB	CMIP	3	0.3333	0.4096
KRT8	CMIP	3	0.0243	0.7495
LMNA	CMIP	3	0.0450	0.7204
ACTB	CMPK1	3	0.1173	0.6612
CTNNA1	CMPK1	3	0.0163	0.7678
KRT8	CMPK1	3	0.1255	0.6550
LMNA	CMPK1	3	0.0566	0.7095
MAPRE3	CMPK1	3	0.0291	0.7409
ACTB	CMSS1	3	0.0047	0.8127
KRT8	CMSS1	3	0.0006	0.8417
LMNA	CMSS1	3	0.0057	0.8078
ACTB	CMTR1	3	0.1909	0.6145
CTNNA1	CMTR1	3	0.0739	0.6942
KRT8	CMTR1	3	0.1652	0.6302
LMNA	CMTR1	3	0.3295	0.5456
MAPRE3	CMTR1	3	0.1597	0.6334
LMNA	CMYA5	3	0.0002	0.8487
ACTB	CNDP2	3	0.0234	0.7514
CTNNA1	CNDP2	3	0.0005	0.8431
KRT8	CNDP2	3	0.0566	0.7095
LMNA	CNDP2	3	0.0036	0.8180
MAPRE3	CNDP2	3	0.0010	0.8371
MAPRE3	CNGA2	3	0.3333	0.4096
ACTB	CNN1	3	0.0000	0.8553
ACTB	CNN2	3	0.4472	0.2385
CTNNA1	CNN2	3	0.0279	0.7431
KRT8	CNN2	3	0.2005	0.6093
LMNA	CNN2	3	0.1476	0.6406
MAPRE3	CNN2	3	0.0969	0.6760
ACTB	CNN3	3	0.4653	0.2244
CTNNA1	CNN3	3	0.0359	0.7313
KRT8	CNN3	3	0.2222	0.5981
LMNA	CNN3	3	0.1154	0.6627
MAPRE3	CNN3	3	0.0732	0.6950
KRT8	CNNM1	3	0.0025	0.8246
LMNA	CNNM1	3	0.0011	0.8360
ACTB	CNNM3	3	0.3333	0.4096
LMNA	CNNM3	3	0.3376	0.3962
MAPRE3	CNNM3	3	0.0038	0.8170
ACTB	CNNM4	3	0.3333	0.4096
ACTB	CNOT1	3	0.0252	0.7480
CTNNA1	CNOT1	3	0.0003	0.8465
KRT8	CNOT1	3	0.0297	0.7398
LMNA	CNOT1	3	0.0006	0.8417
MAPRE3	CNOT1	3	0.0007	0.8404
ACTB	CNOT10	3	0.4295	0.2473
KRT8	CNOT10	3	0.1047	0.6699
MAPRE3	CNOT10	3	0.0053	0.8097
ACTB	CNOT11	3	0.0047	0.8127
KRT8	CNOT11	3	0.3403	0.3863
ACTB	CNOT2	3	0.0152	0.7709
CTNNA1	CNOT2	3	0.0000	0.8553
KRT8	CNOT2	3	0.0277	0.7434
LMNA	CNOT2	3	0.0004	0.8448
MAPRE3	CNOT2	3	0.0009	0.8382
ACTB	CNOT3	3	0.0056	0.8082
CTNNA1	CNOT3	3	0.0000	0.8553
KRT8	CNOT3	3	0.0071	0.8013
LMNA	CNOT3	3	0.0002	0.8487
MAPRE3	CNOT3	3	0.0007	0.8404
ACTB	CNOT4	3	0.0007	0.8404
KRT8	CNOT4	3	0.1760	0.6237
LMNA	CNOT4	3	0.0006	0.8417
MAPRE3	CNOT4	3	0.0002	0.8487
KRT8	CNOT6	3	0.6667	0.0721
ACTB	CNOT6L	3	0.0137	0.7754
CTNNA1	CNOT6L	3	0.0003	0.8465
KRT8	CNOT6L	3	0.0388	0.7270
LMNA	CNOT6L	3	0.0001	0.8514
MAPRE3	CNOT6L	3	0.0026	0.8238
LMNA	CNOT7	3	0.3333	0.4096
ACTB	CNOT8	3	0.0063	0.8048
CTNNA1	CNOT8	3	0.0001	0.8514
KRT8	CNOT8	3	0.0251	0.7482
LMNA	CNOT8	3	0.0019	0.8289
MAPRE3	CNOT8	3	0.0009	0.8382
ACTB	CNOT9	3	0.1796	0.6214
CTNNA1	CNOT9	3	0.0014	0.8335
KRT8	CNOT9	3	0.0431	0.7226
MAPRE3	CNOT9	3	0.0023	0.8260
ACTB	CNP	3	0.1003	0.6735
CTNNA1	CNP	3	0.0078	0.7983
KRT8	CNP	3	0.1265	0.6542
LMNA	CNP	3	0.0384	0.7275
MAPRE3	CNP	3	0.0080	0.7976
ACTB	CNPY3	3	0.3333	0.4096
MAPRE3	CNPY3	3	0.3333	0.4096
ACTB	CNST	3	0.0007	0.8404
ACTB	CNTLN	3	0.0759	0.6927
KRT8	CNTLN	3	0.0790	0.6907
MAPRE3	CNTLN	3	0.0444	0.7210
ACTB	CNTNAP1	3	0.3209	0.5499
CTNNA1	CNTNAP1	3	0.0143	0.7735
MAPRE3	CNTNAP1	3	0.0193	0.7598
KRT8	CNTNAP3;CNTNAP3B	3	0.3333	0.4096
ACTB	CNTRL	3	0.0544	0.7113
CTNNA1	CNTRL	3	0.0234	0.7514
KRT8	CNTRL	3	0.4492	0.2360
LMNA	CNTRL	3	0.1188	0.6598
MAPRE3	CNTRL	3	0.0585	0.7078
ACTB	CNTROB	3	0.1439	0.6431
KRT8	CNTROB	3	0.4834	0.2161
MAPRE3	CNTROB	3	0.0181	0.7628
KRT8	COA4	3	0.1220	0.6577
ACTB	COASY	3	0.0842	0.6861
CTNNA1	COASY	3	0.0508	0.7146
KRT8	COASY	3	0.0208	0.7566
LMNA	COASY	3	0.0952	0.6776
MAPRE3	COASY	3	0.0113	0.7846
ACTB	COBL	3	0.9460	0.0040
CTNNA1	COBL	3	0.0035	0.8185
KRT8	COBL	3	0.0115	0.7837
LMNA	COBL	3	0.0024	0.8252
MAPRE3	COBL	3	0.6673	0.0716
ACTB	COBLL1	3	0.8670	0.0123
CTNNA1	COBLL1	3	0.0019	0.8289
KRT8	COBLL1	3	0.0095	0.7913
MAPRE3	COBLL1	3	0.0041	0.8156
ACTB	COG1	3	0.0086	0.7950
CTNNA1	COG1	3	0.0001	0.8514
KRT8	COG1	3	0.0106	0.7871
LMNA	COG1	3	0.0002	0.8487
MAPRE3	COG1	3	0.0013	0.8344
ACTB	COG2	3	0.0219	0.7543
CTNNA1	COG2	3	0.0001	0.8514
KRT8	COG2	3	0.0358	0.7314
MAPRE3	COG2	3	0.0003	0.8465
ACTB	COG3	3	0.2400	0.5902
KRT8	COG3	3	0.1761	0.6235
LMNA	COG3	3	0.0169	0.7661
ACTB	COG4	3	0.0132	0.7771
CTNNA1	COG4	3	0.0001	0.8514
KRT8	COG4	3	0.6257	0.1742
LMNA	COG4	3	0.0061	0.8057
MAPRE3	COG4	3	0.0015	0.8325
ACTB	COG5	3	0.0020	0.8282
KRT8	COG5	3	0.3203	0.5502
ACTB	COG7	3	0.0778	0.6912
KRT8	COG7	3	0.3522	0.3575
MAPRE3	COG7	3	0.0333	0.7346
ACTB	COG8	3	0.0018	0.8297
ACTB	COIL	3	0.2087	0.6049
CTNNA1	COIL	3	0.0486	0.7167
KRT8	COIL	3	0.1650	0.6304
LMNA	COIL	3	0.2978	0.5616
MAPRE3	COIL	3	0.2501	0.5843
ACTB	COL12A1	3	0.0076	0.7991
CTNNA1	COL12A1	3	0.0000	0.8553
KRT8	COL12A1	3	0.0104	0.7880
LMNA	COL12A1	3	0.0019	0.8289
MAPRE3	COL12A1	3	0.0018	0.8297
CTNNA1	COL14A1	3	0.3333	0.4096
KRT8	COL14A1	3	0.3333	0.4096
KRT8	COL16A1	3	0.3333	0.4096
ACTB	COL1A1	3	0.0163	0.7678
KRT8	COL1A1	3	0.0333	0.7346
ACTB	COL1A2	3	0.3333	0.4096
MAPRE3	COL1A2	3	0.3333	0.4096
ACTB	COL22A1	3	0.3333	0.4096
KRT8	COL24A1	3	0.3333	0.4096
ACTB	COL3A1	3	0.0101	0.7890
CTNNA1	COL3A1	3	0.0002	0.8487
KRT8	COL3A1	3	0.0039	0.8165
LMNA	COL3A1	3	0.0000	0.8553
MAPRE3	COL3A1	3	0.0017	0.8305
ACTB	COL4A2	3	0.0042	0.8151
CTNNA1	COL4A3	3	0.3333	0.4096
KRT8	COL4A3	3	0.6667	0.0721
LMNA	COL4A4	3	0.3333	0.4096
LMNA	COL4A5	3	0.3333	0.4096
ACTB	COL5A1	3	0.0135	0.7761
LMNA	COL5A1	3	0.0003	0.8465
ACTB	COL5A3	3	0.3333	0.4096
CTNNA1	COL6A3	3	0.3333	0.4096
LMNA	COL6A3	3	0.6667	0.0721
MAPRE3	COL6A3	3	0.3333	0.4096
CTNNA1	COL6A5	3	0.0083	0.7964
KRT8	COL6A5	3	0.0605	0.7061
MAPRE3	COL6A5	3	0.0003	0.8465
ACTB	COMMD10	3	0.0518	0.7135
CTNNA1	COMMD10	3	0.0016	0.8315
KRT8	COMMD10	3	0.5857	0.1839
LMNA	COMMD10	3	0.2124	0.6035
MAPRE3	COMMD10	3	0.0056	0.8082
ACTB	COMMD2	3	0.6667	0.0721
KRT8	COMMD2	3	0.6667	0.0721
ACTB	COMMD3	3	0.1414	0.6444
KRT8	COMMD3	3	0.1016	0.6724
LMNA	COMMD3	3	0.0034	0.8190
ACTB	COMMD4	3	0.0218	0.7546
CTNNA1	COMMD4	3	0.0001	0.8514
KRT8	COMMD4	3	0.0293	0.7406
LMNA	COMMD4	3	0.0034	0.8190
MAPRE3	COMMD4	3	0.0009	0.8382
ACTB	COMMD8	3	0.0159	0.7689
KRT8	COMMD8	3	0.3585	0.3465
LMNA	COMMD8	3	0.0152	0.7709
MAPRE3	COMMD8	3	0.0014	0.8335
ACTB	COMMD9	3	0.2787	0.5710
KRT8	COMMD9	3	0.0567	0.7094
ACTB	COMT	3	0.0244	0.7493
CTNNA1	COMT	3	0.0066	0.8035
KRT8	COMT	3	0.0434	0.7224
LMNA	COMT	3	0.0263	0.7458
LMNA	COP1	3	0.3333	0.4096
ACTB	COPA	3	0.2849	0.5681
CTNNA1	COPA	3	0.0802	0.6898
KRT8	COPA	3	0.3565	0.3502
LMNA	COPA	3	0.2003	0.6094
MAPRE3	COPA	3	0.2095	0.6046
ACTB	COPB1	3	0.0526	0.7127
CTNNA1	COPB1	3	0.0184	0.7619
KRT8	COPB1	3	0.5172	0.2055
LMNA	COPB1	3	0.2088	0.6049
MAPRE3	COPB1	3	0.0247	0.7487
ACTB	COPB2	3	0.0176	0.7642
CTNNA1	COPB2	3	0.0001	0.8514
KRT8	COPB2	3	0.0208	0.7566
LMNA	COPB2	3	0.0055	0.8088
MAPRE3	COPB2	3	0.0002	0.8487
ACTB	COPG1	3	0.3799	0.3094
CTNNA1	COPG1	3	0.2124	0.6035
KRT8	COPG1	3	0.4531	0.2327
LMNA	COPG1	3	0.3314	0.5446
MAPRE3	COPG1	3	0.2905	0.5655
ACTB	COPG2	3	0.0617	0.7052
CTNNA1	COPG2	3	0.0006	0.8417
KRT8	COPG2	3	0.1891	0.6156
LMNA	COPG2	3	0.0056	0.8082
MAPRE3	COPG2	3	0.0096	0.7908
ACTB	COPRS	3	0.0058	0.8072
CTNNA1	COPRS	3	0.0000	0.8553
KRT8	COPRS	3	0.0166	0.7668
LMNA	COPRS	3	0.0005	0.8431
MAPRE3	COPRS	3	0.0000	0.8553
ACTB	COPS2	3	0.0037	0.8175
CTNNA1	COPS2	3	0.0001	0.8514
KRT8	COPS2	3	0.0042	0.8151
LMNA	COPS2	3	0.0015	0.8325
ACTB	COPS3	3	0.0828	0.6877
CTNNA1	COPS3	3	0.0029	0.8218
KRT8	COPS3	3	0.1848	0.6184
LMNA	COPS3	3	0.0025	0.8246
MAPRE3	COPS3	3	0.0037	0.8175
ACTB	COPS4	3	0.0101	0.7890
KRT8	COPS4	3	0.3351	0.4040
KRT8	COPS5	3	0.0381	0.7281
ACTB	COPS6	3	0.0199	0.7585
KRT8	COPS6	3	0.2293	0.5947
LMNA	COPS6	3	0.0132	0.7771
ACTB	COPS7A	3	0.0007	0.8404
KRT8	COPS7A	3	0.0024	0.8252
LMNA	COPS7A	3	0.0000	0.8553
ACTB	COPS8	3	0.0001	0.8514
KRT8	COPS8	3	0.0035	0.8185
ACTB	COPZ1	3	0.3771	0.3128
CTNNA1	COPZ1	3	0.2736	0.5732
KRT8	COPZ1	3	0.4702	0.2219
LMNA	COPZ1	3	0.3931	0.2896
MAPRE3	COPZ1	3	0.3924	0.2903
ACTB	COQ3	3	0.0021	0.8274
CTNNA1	COQ3	3	0.0001	0.8514
KRT8	COQ3	3	0.0346	0.7330
LMNA	COQ3	3	0.0004	0.8448
ACTB	COQ6	3	0.3333	0.4096
CTNNA1	COQ6	3	0.1335	0.6495
KRT8	COQ6	3	0.2883	0.5664
LMNA	COQ6	3	0.3148	0.5529
KRT8	COQ8A	3	0.0013	0.8344
KRT8	COQ8B	3	0.2166	0.6010
ACTB	CORO1A	3	0.3333	0.4096
ACTB	CORO1B	3	0.6491	0.1690
CTNNA1	CORO1B	3	0.0019	0.8289
KRT8	CORO1B	3	0.1770	0.6231
LMNA	CORO1B	3	0.0032	0.8201
MAPRE3	CORO1B	3	0.0035	0.8185
ACTB	CORO1C	3	0.5070	0.2082
CTNNA1	CORO1C	3	0.0759	0.6927
KRT8	CORO1C	3	0.2173	0.6005
LMNA	CORO1C	3	0.0623	0.7045
MAPRE3	CORO1C	3	0.1013	0.6727
ACTB	CORO2A	3	0.9998	0.0000
KRT8	CORO2A	3	0.0143	0.7735
LMNA	CORO2A	3	0.0007	0.8404
ACTB	CORO7	3	0.0135	0.7761
CTNNA1	CORO7	3	0.0000	0.8553
KRT8	CORO7	3	0.0124	0.7799
LMNA	CORO7	3	0.0014	0.8335
MAPRE3	CORO7	3	0.0006	0.8417
ACTB	COTL1	3	0.1778	0.6224
CTNNA1	COTL1	3	0.1777	0.6225
KRT8	COTL1	3	0.2586	0.5800
LMNA	COTL1	3	0.7318	0.0399
MAPRE3	COTL1	3	0.3183	0.5511
KRT8	COX15	3	0.3333	0.4096
ACTB	COX17	3	0.0320	0.7366
CTNNA1	COX17	3	0.0124	0.7799
KRT8	COX17	3	0.0516	0.7139
LMNA	COX17	3	0.0409	0.7247
MAPRE3	COX17	3	0.0045	0.8137
KRT8	COX4I1	3	0.3333	0.4096
KRT8	COX5B	3	1.0000	0.0000
MAPRE3	COX6B2	3	0.3333	0.4096
ACTB	CP	3	0.3333	0.4096
MAPRE3	CP	3	0.3333	0.4096
ACTB	CPA4	3	0.3333	0.4096
LMNA	CPA5	3	0.3333	0.4096
CTNNA1	CPB2	3	0.3333	0.4096
KRT8	CPEB2	3	0.3333	0.4096
ACTB	CPEB4	3	0.0061	0.8057
KRT8	CPEB4	3	0.0686	0.6985
MAPRE3	CPEB4	3	0.0014	0.8335
MAPRE3	CPED1	3	0.3333	0.4096
ACTB	CPLANE1	3	0.0030	0.8212
KRT8	CPLANE1	3	0.3906	0.2930
MAPRE3	CPLANE1	3	0.3170	0.5517
ACTB	CPNE1	3	0.0377	0.7286
CTNNA1	CPNE1	3	0.0087	0.7947
KRT8	CPNE1	3	0.0636	0.7029
LMNA	CPNE1	3	0.0377	0.7286
MAPRE3	CPNE1	3	0.0079	0.7980
ACTB	CPNE3	3	0.1203	0.6589
CTNNA1	CPNE3	3	0.0699	0.6974
KRT8	CPNE3	3	0.1204	0.6588
LMNA	CPNE3	3	0.0797	0.6901
MAPRE3	CPNE3	3	0.0225	0.7530
CTNNA1	CPNE7	3	0.0097	0.7904
MAPRE3	CPNE7	3	0.0054	0.8093
ACTB	CPNE8	3	0.1077	0.6682
CTNNA1	CPNE8	3	0.0159	0.7689
KRT8	CPNE8	3	0.0462	0.7193
LMNA	CPNE8	3	0.0526	0.7127
MAPRE3	CPNE8	3	0.0082	0.7969
ACTB	CPOX	3	0.0266	0.7452
CTNNA1	CPOX	3	0.0082	0.7969
KRT8	CPOX	3	0.0102	0.7887
LMNA	CPOX	3	0.0097	0.7904
MAPRE3	CPOX	3	0.0007	0.8404
ACTB	CPPED1	3	0.0316	0.7372
CTNNA1	CPPED1	3	0.0372	0.7295
KRT8	CPPED1	3	0.0029	0.8218
LMNA	CPPED1	3	0.0307	0.7384
MAPRE3	CPPED1	3	0.0094	0.7917
ACTB	CPS1	3	0.1178	0.6607
CTNNA1	CPS1	3	0.0137	0.7754
KRT8	CPS1	3	0.3315	0.5445
LMNA	CPS1	3	0.0938	0.6787
MAPRE3	CPS1	3	0.0361	0.7310
ACTB	CPSF1	3	0.1288	0.6530
KRT8	CPSF1	3	0.1021	0.6719
LMNA	CPSF1	3	0.1965	0.6114
MAPRE3	CPSF1	3	0.0111	0.7854
ACTB	CPSF2	3	0.0035	0.8185
CTNNA1	CPSF2	3	0.0000	0.8553
KRT8	CPSF2	3	0.0084	0.7959
LMNA	CPSF2	3	0.0064	0.8044
MAPRE3	CPSF2	3	0.0000	0.8553
ACTB	CPSF3	3	0.0132	0.7771
CTNNA1	CPSF3	3	0.0001	0.8514
KRT8	CPSF3	3	0.0311	0.7378
LMNA	CPSF3	3	0.0046	0.8132
MAPRE3	CPSF3	3	0.0012	0.8352
KRT8	CPSF4	3	0.0003	0.8465
ACTB	CPSF6	3	0.1661	0.6295
CTNNA1	CPSF6	3	0.0331	0.7349
KRT8	CPSF6	3	0.1346	0.6487
LMNA	CPSF6	3	0.2915	0.5648
MAPRE3	CPSF6	3	0.1162	0.6622
ACTB	CPSF7	3	0.0007	0.8404
KRT8	CPSF7	3	0.0017	0.8305
LMNA	CPSF7	3	0.0059	0.8068
MAPRE3	CPSF7	3	0.0000	0.8553
ACTB	CPT1A	3	0.1680	0.6282
CTNNA1	CPT1A	3	0.0272	0.7441
KRT8	CPT1A	3	0.1990	0.6099
LMNA	CPT1A	3	0.1042	0.6702
MAPRE3	CPT1A	3	0.0592	0.7070
CTNNA1	CPXCR1	3	0.3333	0.4096
ACTB	CPZ	3	0.3333	0.4096
LMNA	CR1;CR1L	3	0.3333	0.4096
MAPRE3	CR1;CR1L	3	0.3333	0.4096
MAPRE3	CRABP2	3	0.0005	0.8431
ACTB	CRACD	3	0.3333	0.4096
KRT8	CRACD	3	0.0126	0.7792
MAPRE3	CRACD	3	0.0008	0.8393
MAPRE3	CRADD	3	0.3333	0.4096
ACTB	CRAMP1	3	0.3333	0.4096
LMNA	CRAMP1	3	0.0112	0.7849
MAPRE3	CRAMP1	3	0.0094	0.7917
KRT8	CRBN	3	0.0081	0.7973
ACTB	CRCP	3	0.0031	0.8206
CTNNA1	CRCP	3	0.0000	0.8553
KRT8	CRCP	3	0.0353	0.7320
LMNA	CRCP	3	0.0062	0.8053
MAPRE3	CRCP	3	0.0017	0.8305
LMNA	CREB1	3	0.0163	0.7678
KRT8	CREB3L1	3	0.0472	0.7181
KRT8	CREB3L4	3	0.3333	0.4096
LMNA	CREB5	3	0.3333	0.4096
ACTB	CREBBP	3	0.0009	0.8382
KRT8	CREBBP	3	0.0009	0.8382
LMNA	CREBBP	3	0.0020	0.8282
MAPRE3	CREBBP	3	0.0000	0.8553
CTNNA1	CREBRF	3	0.0716	0.6959
MAPRE3	CREBRF	3	0.0215	0.7553
ACTB	CRIP2	3	0.4465	0.2387
KRT8	CRIP2	3	0.1990	0.6099
LMNA	CRIP2	3	0.0043	0.8145
MAPRE3	CRIP2	3	0.0011	0.8360
LMNA	CRIPT	3	1.0000	0.0000
MAPRE3	CRISPLD2	3	0.3333	0.4096
ACTB	CRKL	3	0.0086	0.7950
CTNNA1	CRKL	3	0.0095	0.7913
KRT8	CRKL	3	0.0241	0.7500
LMNA	CRKL	3	0.0508	0.7146
MAPRE3	CRKL	3	0.0052	0.8103
KRT8	CRLF3	3	0.3333	0.4096
LMNA	CRLF3	3	0.3333	0.4096
MAPRE3	CRMP1	3	0.3333	0.4096
ACTB	CRNKL1	3	0.0000	0.8553
LMNA	CRNKL1	3	0.0026	0.8238
ACTB	CRNN	3	0.3333	0.4096
ACTB	CROCC	3	0.0055	0.8088
KRT8	CROCC	3	0.7948	0.0248
MAPRE3	CROCC	3	0.0003	0.8465
ACTB	CRTAP	3	0.2453	0.5874
CTNNA1	CRTAP	3	0.0057	0.8078
KRT8	CRTAP	3	0.0024	0.8252
LMNA	CRTAP	3	0.0016	0.8315
ACTB	CRTC1	3	0.0031	0.8206
KRT8	CRTC1	3	0.0018	0.8297
LMNA	CRTC1	3	0.0006	0.8417
MAPRE3	CRTC1	3	0.0004	0.8448
KRT8	CRTC2	3	0.3333	0.4096
LMNA	CRTC2	3	0.3333	0.4096
ACTB	CRTC3	3	0.0049	0.8116
CTNNA1	CRTC3	3	0.0000	0.8553
KRT8	CRTC3	3	0.0136	0.7758
LMNA	CRTC3	3	0.0136	0.7758
MAPRE3	CRTC3	3	0.0006	0.8417
ACTB	CRYBG1	3	0.0147	0.7724
CTNNA1	CRYBG1	3	0.0016	0.8315
KRT8	CRYBG1	3	0.2009	0.6091
LMNA	CRYBG1	3	0.0005	0.8431
MAPRE3	CRYBG1	3	0.0086	0.7950
KRT8	CRYBG2	3	0.3333	0.4096
LMNA	CRYBG2	3	0.3333	0.4096
ACTB	CRYBG3	3	0.2657	0.5765
CTNNA1	CRYBG3	3	0.0857	0.6851
KRT8	CRYBG3	3	0.2447	0.5877
LMNA	CRYBG3	3	0.0486	0.7167
MAPRE3	CRYBG3	3	0.2781	0.5713
ACTB	CRYZ	3	0.0070	0.8017
CTNNA1	CRYZ	3	0.0000	0.8553
KRT8	CRYZ	3	0.0109	0.7861
MAPRE3	CRYZ	3	0.0001	0.8514
ACTB	CS	3	0.0068	0.8026
CTNNA1	CS	3	0.0067	0.8030
KRT8	CS	3	0.0119	0.7820
LMNA	CS	3	0.0051	0.8108
MAPRE3	CS	3	0.0029	0.8218
ACTB	CSDE1	3	0.0074	0.8000
CTNNA1	CSDE1	3	0.0003	0.8465
KRT8	CSDE1	3	0.0247	0.7487
LMNA	CSDE1	3	0.0001	0.8514
MAPRE3	CSDE1	3	0.0014	0.8335
ACTB	CSE1L	3	0.0742	0.6939
CTNNA1	CSE1L	3	0.0058	0.8072
KRT8	CSE1L	3	0.1773	0.6228
LMNA	CSE1L	3	0.1179	0.6606
MAPRE3	CSE1L	3	0.0289	0.7412
MAPRE3	CSF1R	3	0.3333	0.4096
ACTB	CSK	3	0.1161	0.6623
CTNNA1	CSK	3	0.0011	0.8360
KRT8	CSK	3	0.1626	0.6318
LMNA	CSK	3	0.0255	0.7474
MAPRE3	CSK	3	0.0091	0.7930
MAPRE3	CSMD2	3	0.3333	0.4096
ACTB	CSN1S1	3	0.0015	0.8325
LMNA	CSN1S1	3	0.0111	0.7854
LMNA	CSN1S2	3	0.3333	0.4096
ACTB	CSN3	3	0.3333	0.4096
ACTB	CSNK1A1	3	0.0100	0.7894
CTNNA1	CSNK1A1	3	0.0004	0.8448
KRT8	CSNK1A1	3	0.6293	0.1736
LMNA	CSNK1A1	3	0.0132	0.7771
MAPRE3	CSNK1A1	3	0.0025	0.8246
KRT8	CSNK1D	3	0.1885	0.6159
LMNA	CSNK1D	3	0.0028	0.8224
MAPRE3	CSNK1D	3	0.0007	0.8404
ACTB	CSNK1E	3	0.0096	0.7908
CTNNA1	CSNK1E	3	0.0001	0.8514
KRT8	CSNK1E	3	0.1153	0.6627
LMNA	CSNK1E	3	0.0027	0.8233
MAPRE3	CSNK1E	3	0.0015	0.8325
ACTB	CSNK1G1	3	0.0070	0.8017
CTNNA1	CSNK1G1	3	0.3329	0.5434
KRT8	CSNK1G1	3	0.3162	0.5520
ACTB	CSNK1G2	3	0.0223	0.7537
CTNNA1	CSNK1G2	3	0.0002	0.8487
KRT8	CSNK1G2	3	0.0232	0.7518
LMNA	CSNK1G2	3	0.0005	0.8431
MAPRE3	CSNK1G3	3	0.0000	0.8553
ACTB	CSNK2A1;CSNK2A3	3	0.0000	0.8553
ACTB	CSNK2A2	3	0.0020	0.8282
CTNNA1	CSNK2A2	3	0.0015	0.8325
KRT8	CSNK2A2	3	0.0052	0.8103
MAPRE3	CSNK2A2	3	0.0003	0.8465
LMNA	CSNK2B	3	0.0134	0.7764
ACTB	CSPG4	3	0.0614	0.7054
CTNNA1	CSPG4	3	0.0461	0.7194
ACTB	CSPP1	3	0.0092	0.7925
KRT8	CSPP1	3	1.0000	0.0000
ACTB	CSRP1	3	0.3251	0.5479
CTNNA1	CSRP1	3	0.0596	0.7067
KRT8	CSRP1	3	0.2964	0.5623
LMNA	CSRP1	3	0.1876	0.6166
MAPRE3	CSRP1	3	0.1232	0.6568
ACTB	CSRP2	3	0.0164	0.7674
CTNNA1	CSRP2	3	0.0104	0.7880
KRT8	CSRP2	3	0.0368	0.7299
LMNA	CSRP2	3	0.0209	0.7564
MAPRE3	CSRP2	3	0.0041	0.8156
ACTB	CSTA	3	0.3333	0.4096
MAPRE3	CSTA	3	0.3333	0.4096
ACTB	CSTB	3	0.0128	0.7786
CTNNA1	CSTB	3	0.0528	0.7125
KRT8	CSTB	3	0.0093	0.7922
LMNA	CSTB	3	0.0171	0.7655
MAPRE3	CSTB	3	0.0055	0.8088
ACTB	CSTF1	3	0.0390	0.7268
CTNNA1	CSTF1	3	0.0345	0.7331
KRT8	CSTF1	3	0.0968	0.6761
LMNA	CSTF1	3	0.0388	0.7270
MAPRE3	CSTF1	3	0.1099	0.6668
ACTB	CSTF2	3	0.1751	0.6243
CTNNA1	CSTF2	3	0.0006	0.8417
KRT8	CSTF2	3	0.0847	0.6857
LMNA	CSTF2	3	0.2135	0.6028
MAPRE3	CSTF2	3	0.1024	0.6716
ACTB	CSTF2T	3	0.3036	0.5584
CTNNA1	CSTF2T	3	0.0909	0.6809
KRT8	CSTF2T	3	0.2940	0.5638
LMNA	CSTF2T	3	0.3219	0.5495
MAPRE3	CSTF2T	3	0.2330	0.5934
ACTB	CSTF3	3	0.0009	0.8382
KRT8	CSTF3	3	0.0001	0.8514
LMNA	CSTF3	3	0.0235	0.7512
ACTB	CSTPP1	3	0.0169	0.7661
CTNNA1	CSTPP1	3	0.0005	0.8431
KRT8	CSTPP1	3	0.0811	0.6890
LMNA	CSTPP1	3	0.0006	0.8417
MAPRE3	CSTPP1	3	0.0047	0.8127
LMNA	CT83	3	1.0000	0.0000
ACTB	CTAGE15;CTAGE4;CTAGE6;CTAGE8;CTAGE9	3	0.3333	0.4096
KRT8	CTAGE15;CTAGE4;CTAGE6;CTAGE8;CTAGE9	3	0.3333	0.4096
KRT8	CTBP1	3	0.3333	0.4096
LMNA	CTBP1	3	0.3333	0.4096
ACTB	CTBP2	3	0.0935	0.6791
CTNNA1	CTBP2	3	0.0178	0.7637
KRT8	CTBP2	3	0.2023	0.6084
LMNA	CTBP2	3	0.1921	0.6137
MAPRE3	CTBP2	3	0.0291	0.7409
LMNA	CTDNEP1	3	1.0000	0.0000
ACTB	CTDP1	3	0.0019	0.8289
KRT8	CTDP1	3	0.0025	0.8246
LMNA	CTDP1	3	0.0080	0.7976
LMNA	CTDSPL2	3	1.0000	0.0000
CTNNA1	CTH	3	0.0007	0.8404
ACTB	CTIF	3	0.0098	0.7900
CTNNA1	CTIF	3	0.0001	0.8514
KRT8	CTIF	3	0.0267	0.7449
LMNA	CTIF	3	0.0001	0.8514
MAPRE3	CTIF	3	0.0020	0.8282
ACTB	CTNNA1	3	0.2193	0.5994
CTNNA1	CTNNA1	3	0.8764	0.0112
KRT8	CTNNA1	3	0.1486	0.6400
LMNA	CTNNA1	3	0.0902	0.6818
MAPRE3	CTNNA1	3	0.1143	0.6636
KRT8	CTNNA2	3	0.0000	0.8553
ACTB	CTNNB1	3	0.0337	0.7341
CTNNA1	CTNNB1	3	0.9827	0.0008
KRT8	CTNNB1	3	0.1642	0.6307
LMNA	CTNNB1	3	0.0007	0.8404
MAPRE3	CTNNB1	3	0.0114	0.7842
ACTB	CTNND1	3	0.0117	0.7830
CTNNA1	CTNND1	3	0.9945	0.0002
KRT8	CTNND1	3	0.0123	0.7804
LMNA	CTNND1	3	0.0014	0.8335
MAPRE3	CTNND1	3	0.0019	0.8289
ACTB	CTPS1	3	0.2699	0.5747
CTNNA1	CTPS1	3	0.0370	0.7297
KRT8	CTPS1	3	0.2988	0.5611
LMNA	CTPS1	3	0.1646	0.6306
MAPRE3	CTPS1	3	0.1123	0.6650
KRT8	CTPS2	3	0.0103	0.7884
ACTB	CTR9	3	0.0011	0.8360
CTNNA1	CTR9	3	0.0000	0.8553
KRT8	CTR9	3	0.0007	0.8404
LMNA	CTR9	3	0.0177	0.7640
MAPRE3	CTR9	3	0.0014	0.8335
ACTB	CTSD	3	0.2657	0.5765
CTNNA1	CTSD	3	0.0305	0.7387
KRT8	CTSD	3	0.0395	0.7260
LMNA	CTSD	3	0.0548	0.7110
MAPRE3	CTSD	3	0.0353	0.7320
MAPRE3	CTSF	3	0.3333	0.4096
ACTB	CTSG	3	0.3333	0.4096
MAPRE3	CTSO	3	0.3333	0.4096
CTNNA1	CTSZ	3	0.0064	0.8044
LMNA	CTSZ	3	0.0056	0.8082
MAPRE3	CTSZ	3	0.0034	0.8190
ACTB	CTTN	3	0.3781	0.3113
CTNNA1	CTTN	3	0.1415	0.6443
KRT8	CTTN	3	0.2905	0.5655
LMNA	CTTN	3	0.1169	0.6616
MAPRE3	CTTN	3	0.2058	0.6066
MAPRE3	CTTNBP2	3	1.0000	0.0000
ACTB	CTTNBP2NL	3	0.7966	0.0232
CTNNA1	CTTNBP2NL	3	0.0030	0.8212
KRT8	CTTNBP2NL	3	0.2671	0.5761
LMNA	CTTNBP2NL	3	0.0000	0.8553
MAPRE3	CTTNBP2NL	3	0.0066	0.8035
ACTB	CTU1	3	0.0048	0.8121
KRT8	CTU1	3	0.0797	0.6901
ACTB	CTU2	3	0.3423	0.3810
CTNNA1	CTU2	3	0.1956	0.6118
KRT8	CTU2	3	0.3674	0.3287
LMNA	CTU2	3	0.1721	0.6260
MAPRE3	CTU2	3	0.3058	0.5573
ACTB	CUEDC2	3	0.0128	0.7786
KRT8	CUEDC2	3	0.0443	0.7212
LMNA	CUEDC2	3	0.0048	0.8121
MAPRE3	CUEDC2	3	0.0001	0.8514
ACTB	CUL1	3	0.0053	0.8097
KRT8	CUL1	3	0.8465	0.0168
LMNA	CUL1	3	0.0095	0.7913
ACTB	CUL2	3	0.2951	0.5632
KRT8	CUL2	3	0.3265	0.5473
LMNA	CUL2	3	0.3301	0.5453
MAPRE3	CUL2	3	0.0144	0.7732
ACTB	CUL3	3	0.0812	0.6889
KRT8	CUL3	3	0.0654	0.7015
LMNA	CUL3	3	0.0281	0.7426
MAPRE3	CUL3	3	0.0203	0.7576
ACTB	CUL4A	3	0.2946	0.5634
CTNNA1	CUL4A	3	0.0651	0.7018
KRT8	CUL4A	3	0.3450	0.3746
LMNA	CUL4A	3	0.2709	0.5743
MAPRE3	CUL4A	3	0.2391	0.5907
ACTB	CUL4B	3	0.3200	0.5504
CTNNA1	CUL4B	3	0.1225	0.6575
KRT8	CUL4B	3	0.3443	0.3766
LMNA	CUL4B	3	0.3267	0.5470
MAPRE3	CUL4B	3	0.2453	0.5874
ACTB	CUL5	3	0.3333	0.4096
KRT8	CUL5	3	0.3333	0.4096
KRT8	CUL7	3	0.3361	0.4008
KRT8	CUL9	3	0.3333	0.4096
ACTB	CUSTOS	3	0.0023	0.8260
CTNNA1	CUSTOS	3	0.0030	0.8212
LMNA	CUSTOS	3	0.0341	0.7336
LMNA	CUTC	3	0.3333	0.4096
ACTB	CUX1	3	0.1575	0.6347
CTNNA1	CUX1	3	0.0301	0.7393
KRT8	CUX1	3	0.1622	0.6321
LMNA	CUX1	3	0.2121	0.6037
MAPRE3	CUX1	3	0.1098	0.6669
CTNNA1	CUX2	3	0.3333	0.4096
LMNA	CWC15	3	0.0022	0.8268
LMNA	CWC22	3	0.0047	0.8127
LMNA	CWC25	3	0.0039	0.8165
ACTB	CWC27	3	0.0003	0.8465
KRT8	CWC27	3	0.0001	0.8514
LMNA	CWC27	3	0.0520	0.7132
MAPRE3	CWC27	3	0.0001	0.8514
ACTB	CWF19L1	3	0.0048	0.8121
LMNA	CWF19L1	3	0.0972	0.6757
MAPRE3	CWF19L1	3	0.0011	0.8360
CTNNA1	CWF19L2	3	0.0005	0.8431
KRT8	CWF19L2	3	0.0006	0.8417
LMNA	CWF19L2	3	0.0646	0.7023
MAPRE3	CWF19L2	3	0.0009	0.8382
CTNNA1	CX3CR1	3	0.0000	0.8553
ACTB	CXADR	3	0.0005	0.8431
KRT8	CXCR4	3	0.1113	0.6657
LMNA	CXCR4	3	0.0024	0.8252
LMNA	CXXC5	3	0.0106	0.7871
CTNNA1	CXorf38	3	0.2753	0.5725
MAPRE3	CYB561A3	3	0.3333	0.4096
LMNA	CYB5A	3	1.0000	0.0000
ACTB	CYB5B	3	0.0261	0.7463
CTNNA1	CYB5B	3	0.0001	0.8514
KRT8	CYB5B	3	0.0402	0.7253
LMNA	CYB5B	3	0.0212	0.7559
MAPRE3	CYB5B	3	0.0038	0.8170
ACTB	CYB5R1	3	0.3333	0.4096
ACTB	CYBB	3	0.3333	0.4096
ACTB	CYCS	3	0.2262	0.5964
CTNNA1	CYCS	3	0.0278	0.7433
KRT8	CYCS	3	0.2704	0.5745
LMNA	CYCS	3	0.2401	0.5901
MAPRE3	CYCS	3	0.0948	0.6778
ACTB	CYFIP1	3	0.3791	0.3103
CTNNA1	CYFIP1	3	0.2341	0.5931
KRT8	CYFIP1	3	0.3709	0.3233
LMNA	CYFIP1	3	0.2048	0.6072
MAPRE3	CYFIP1	3	0.1149	0.6631
ACTB	CYFIP2	3	0.2089	0.6048
CTNNA1	CYFIP2	3	0.0016	0.8315
KRT8	CYFIP2	3	0.2675	0.5759
LMNA	CYFIP2	3	0.0020	0.8282
MAPRE3	CYGB	3	0.0004	0.8448
ACTB	CYLD	3	0.0131	0.7774
CTNNA1	CYLD	3	0.0003	0.8465
KRT8	CYLD	3	0.0861	0.6847
LMNA	CYLD	3	0.0024	0.8252
MAPRE3	CYLD	3	0.0021	0.8274
ACTB	CYP17A1	3	0.3333	0.4096
MAPRE3	CYP17A1	3	0.6667	0.0721
ACTB	CYP1A1	3	0.3333	0.4096
CTNNA1	CYP1A1	3	0.3333	0.4096
MAPRE3	CYP1A1	3	0.3333	0.4096
MAPRE3	CYP1A2	3	0.3333	0.4096
KRT8	CYP1B1	3	0.3250	0.5480
ACTB	CYP26A1	3	0.3333	0.4096
ACTB	CYP2A13	3	0.3333	0.4096
KRT8	CYP2A6	3	0.3333	0.4096
MAPRE3	CYP2C9	3	0.3333	0.4096
KRT8	CYP2D6;CYP2D7	3	0.3333	0.4096
LMNA	CYP2J2	3	0.3333	0.4096
ACTB	CYP2U1	3	0.3333	0.4096
KRT8	CYP2U1	3	0.3333	0.4096
ACTB	CYP3A7	3	0.3333	0.4096
KRT8	CYP4Z1	3	0.6667	0.0721
ACTB	CYP51A1	3	0.0023	0.8260
LMNA	CYP51A1	3	0.1925	0.6135
ACTB	CYRIB	3	0.0518	0.7135
CTNNA1	CYRIB	3	0.0088	0.7944
KRT8	CYRIB	3	0.2084	0.6050
LMNA	CYRIB	3	0.0965	0.6765
MAPRE3	CYRIB	3	0.0075	0.7995
ACTB	CYTH1	3	0.0022	0.8268
KRT8	CYTH1	3	0.7513	0.0345
ACTB	CYTH2	3	0.3333	0.4096
KRT8	CYTH2	3	1.0000	0.0000
LMNA	CYTH2	3	0.3333	0.4096
ACTB	CYTH3	3	0.0000	0.8553
KRT8	CYTH3	3	0.0015	0.8325
LMNA	CYTH3	3	0.0000	0.8553
ACTB	D2HGDH	3	0.3333	0.4096
KRT8	D2HGDH	3	0.3333	0.4096
ACTB	DAAM1	3	0.9999	0.0000
CTNNA1	DAAM1	3	0.0058	0.8072
KRT8	DAAM1	3	0.6688	0.0712
LMNA	DAAM1	3	0.3247	0.5482
ACTB	DAB2	3	0.2771	0.5715
CTNNA1	DAB2	3	0.1082	0.6678
KRT8	DAB2	3	0.3030	0.5587
LMNA	DAB2	3	0.0796	0.6901
MAPRE3	DAB2	3	0.1616	0.6325
ACTB	DAB2IP	3	0.0599	0.7064
CTNNA1	DAB2IP	3	0.0011	0.8360
KRT8	DAB2IP	3	0.0635	0.7031
MAPRE3	DAB2IP	3	0.0052	0.8103
CTNNA1	DACH1	3	0.3333	0.4096
ACTB	DAD1	3	0.3333	0.4096
ACTB	DAG1	3	0.0044	0.8141
CTNNA1	DAG1	3	0.0009	0.8382
KRT8	DAGLB	3	0.0034	0.8190
ACTB	DAP3	3	0.0590	0.7071
CTNNA1	DAP3	3	0.0323	0.7361
KRT8	DAP3	3	0.1417	0.6442
LMNA	DAP3	3	0.0099	0.7897
MAPRE3	DAP3	3	0.0124	0.7799
ACTB	DAPK1	3	1.0000	0.0000
KRT8	DAPK1	3	0.0099	0.7897
ACTB	DAPK3	3	1.0000	0.0000
KRT8	DAPK3	3	1.0000	0.0000
MAPRE3	DAPK3	3	1.0000	0.0000
ACTB	DARS1	3	0.1479	0.6404
CTNNA1	DARS1	3	0.0430	0.7227
KRT8	DARS1	3	0.1471	0.6410
LMNA	DARS1	3	0.0299	0.7396
MAPRE3	DARS1	3	0.0021	0.8274
ACTB	DARS2	3	0.0704	0.6968
CTNNA1	DARS2	3	0.0062	0.8053
KRT8	DARS2	3	0.0485	0.7169
LMNA	DARS2	3	0.0929	0.6793
LMNA	DAW1	3	0.1794	0.6215
LMNA	DAXX	3	0.0263	0.7458
ACTB	DAZAP1	3	0.1267	0.6541
CTNNA1	DAZAP1	3	0.0230	0.7521
KRT8	DAZAP1	3	0.1284	0.6533
LMNA	DAZAP1	3	0.0632	0.7035
MAPRE3	DAZAP1	3	0.0281	0.7426
LMNA	DBF4	3	0.0001	0.8514
ACTB	DBN1	3	0.3906	0.2930
CTNNA1	DBN1	3	0.1008	0.6732
KRT8	DBN1	3	0.1791	0.6217
LMNA	DBN1	3	0.0770	0.6919
MAPRE3	DBN1	3	0.1076	0.6684
ACTB	DBNL	3	0.3964	0.2851
CTNNA1	DBNL	3	0.0865	0.6843
KRT8	DBNL	3	0.2048	0.6072
LMNA	DBNL	3	0.0857	0.6851
MAPRE3	DBNL	3	0.1263	0.6544
LMNA	DBR1	3	1.0000	0.0000
KRT8	DBT	3	0.8807	0.0107
KRT8	DBX1;DBX2	3	0.3333	0.4096
ACTB	DCAF1	3	0.0107	0.7868
CTNNA1	DCAF1	3	0.0000	0.8553
KRT8	DCAF1	3	0.0155	0.7700
LMNA	DCAF1	3	0.0062	0.8053
MAPRE3	DCAF1	3	0.0499	0.7155
KRT8	DCAF10	3	0.3333	0.4096
ACTB	DCAF13	3	0.0047	0.8127
KRT8	DCAF13	3	0.0043	0.8145
LMNA	DCAF13	3	0.5247	0.2015
MAPRE3	DCAF13	3	0.0002	0.8487
KRT8	DCAF15	3	0.0040	0.8161
LMNA	DCAF15	3	0.0065	0.8039
MAPRE3	DCAF15	3	0.0004	0.8448
LMNA	DCAF5	3	0.0003	0.8465
ACTB	DCAF7	3	0.0462	0.7193
CTNNA1	DCAF7	3	0.0333	0.7346
KRT8	DCAF7	3	0.0653	0.7017
LMNA	DCAF7	3	0.0150	0.7715
MAPRE3	DCAF7	3	0.0091	0.7930
ACTB	DCAF8	3	0.0155	0.7700
KRT8	DCAF8	3	0.0124	0.7799
LMNA	DCAF8	3	0.0016	0.8315
KRT8	DCBLD1	3	0.0823	0.6882
MAPRE3	DCBLD2	3	0.3333	0.4096
ACTB	DCC	3	0.3333	0.4096
LMNA	DCC	3	0.3333	0.4096
MAPRE3	DCC	3	0.3333	0.4096
CTNNA1	DCD	3	0.0029	0.8218
LMNA	DCD	3	0.0001	0.8514
MAPRE3	DCD	3	0.0037	0.8175
MAPRE3	DCDC1	3	0.0068	0.8026
MAPRE3	DCDC2C	3	0.0000	0.8553
LMNA	DCHS2	3	0.3333	0.4096
ACTB	DCLK1	3	0.0115	0.7837
CTNNA1	DCLK1	3	0.0000	0.8553
KRT8	DCLK1	3	0.0142	0.7739
LMNA	DCLK1	3	0.0013	0.8344
MAPRE3	DCLK1	3	0.0055	0.8088
ACTB	DCLRE1A	3	0.0068	0.8026
CTNNA1	DCLRE1A	3	0.0000	0.8553
KRT8	DCLRE1A	3	0.0007	0.8404
LMNA	DCLRE1A	3	0.0393	0.7263
MAPRE3	DCLRE1A	3	0.0012	0.8352
ACTB	DCLRE1B	3	0.3333	0.4096
LMNA	DCLRE1C	3	0.0206	0.7570
ACTB	DCP1A	3	0.0089	0.7939
CTNNA1	DCP1A	3	0.0001	0.8514
KRT8	DCP1A	3	0.0143	0.7735
LMNA	DCP1A	3	0.0008	0.8393
MAPRE3	DCP1A	3	0.0024	0.8252
ACTB	DCP1B	3	0.0061	0.8057
CTNNA1	DCP1B	3	0.0000	0.8553
KRT8	DCP1B	3	0.0152	0.7709
MAPRE3	DCP1B	3	0.0008	0.8393
ACTB	DCPS	3	0.0037	0.8175
LMNA	DCPS	3	0.0004	0.8448
ACTB	DCTD	3	0.0772	0.6917
CTNNA1	DCTD	3	0.0039	0.8165
KRT8	DCTD	3	0.1175	0.6610
LMNA	DCTD	3	0.0281	0.7426
ACTB	DCTN1	3	0.0148	0.7721
CTNNA1	DCTN1	3	0.0008	0.8393
KRT8	DCTN1	3	0.0626	0.7042
LMNA	DCTN1	3	0.0018	0.8297
MAPRE3	DCTN1	3	0.2277	0.5957
ACTB	DCTN2	3	0.0333	0.7346
CTNNA1	DCTN2	3	0.0022	0.8268
KRT8	DCTN2	3	0.1985	0.6103
MAPRE3	DCTN2	3	0.0396	0.7259
ACTB	DCTN4	3	0.0079	0.7980
KRT8	DCTN4	3	0.0045	0.8137
LMNA	DCTN4	3	0.0000	0.8553
MAPRE3	DCTN4	3	0.0004	0.8448
ACTB	DCTN6	3	0.0074	0.8000
KRT8	DCTN6	3	0.0045	0.8137
ACTB	DCTPP1	3	0.0338	0.7339
CTNNA1	DCTPP1	3	0.0165	0.7670
KRT8	DCTPP1	3	0.0196	0.7592
LMNA	DCTPP1	3	0.0229	0.7524
MAPRE3	DCTPP1	3	0.0070	0.8017
ACTB	DCUN1D1	3	0.0067	0.8030
KRT8	DCUN1D1	3	0.0121	0.7811
LMNA	DCUN1D4	3	0.3333	0.4096
ACTB	DCUN1D5	3	0.0002	0.8487
KRT8	DCUN1D5	3	0.0009	0.8382
LMNA	DCUN1D5	3	0.0204	0.7574
MAPRE3	DCUN1D5	3	0.0000	0.8553
CTNNA1	DDA1	3	0.0004	0.8448
LMNA	DDA1	3	0.0023	0.8260
ACTB	DDB1	3	0.0264	0.7456
CTNNA1	DDB1	3	0.0023	0.8260
KRT8	DDB1	3	0.4655	0.2242
LMNA	DDB1	3	0.0066	0.8035
MAPRE3	DDB1	3	0.0053	0.8097
ACTB	DDB2	3	0.0058	0.8072
KRT8	DDB2	3	0.0030	0.8212
LMNA	DDB2	3	0.0275	0.7437
MAPRE3	DDB2	3	0.0008	0.8393
ACTB	DDHD1	3	0.0091	0.7930
CTNNA1	DDHD1	3	0.0001	0.8514
KRT8	DDHD1	3	0.0693	0.6979
LMNA	DDHD1	3	0.0088	0.7944
MAPRE3	DDHD1	3	0.0003	0.8465
ACTB	DDHD2	3	0.6713	0.0650
KRT8	DDHD2	3	0.0813	0.6888
LMNA	DDN	3	0.3333	0.4096
MAPRE3	DDN	3	0.3333	0.4096
ACTB	DDOST	3	0.1805	0.6208
CTNNA1	DDOST	3	0.0269	0.7446
KRT8	DDOST	3	0.2485	0.5853
LMNA	DDOST	3	0.2060	0.6063
MAPRE3	DDOST	3	0.0441	0.7215
CTNNA1	DDRGK1	3	0.3333	0.4096
LMNA	DDRGK1	3	0.6667	0.0721
ACTB	DDT	3	0.0125	0.7796
CTNNA1	DDT	3	0.0001	0.8514
KRT8	DDT	3	0.0173	0.7650
LMNA	DDT	3	0.0064	0.8044
MAPRE3	DDT	3	0.0008	0.8393
ACTB	DDX1	3	0.0122	0.7807
CTNNA1	DDX1	3	0.0000	0.8553
KRT8	DDX1	3	0.0026	0.8238
LMNA	DDX1	3	0.0084	0.7959
MAPRE3	DDX1	3	0.0007	0.8404
ACTB	DDX10	3	0.0040	0.8161
CTNNA1	DDX10	3	0.0000	0.8553
KRT8	DDX10	3	0.0086	0.7950
LMNA	DDX10	3	0.0018	0.8297
MAPRE3	DDX10	3	0.0001	0.8514
ACTB	DDX11	3	0.0020	0.8282
KRT8	DDX11	3	0.0044	0.8141
LMNA	DDX11	3	0.0524	0.7130
MAPRE3	DDX11	3	0.0004	0.8448
ACTB	DDX11L8	3	0.0028	0.8224
KRT8	DDX11L8	3	0.0064	0.8044
LMNA	DDX11L8	3	0.9710	0.0017
MAPRE3	DDX11L8	3	0.0025	0.8246
ACTB	DDX17	3	0.0677	0.6994
CTNNA1	DDX17	3	0.0097	0.7904
KRT8	DDX17	3	0.1213	0.6583
LMNA	DDX17	3	0.2587	0.5799
MAPRE3	DDX17	3	0.0382	0.7279
ACTB	DDX18	3	0.3268	0.5470
CTNNA1	DDX18	3	0.1319	0.6511
KRT8	DDX18	3	0.3398	0.3881
LMNA	DDX18	3	0.3496	0.3631
MAPRE3	DDX18	3	0.2979	0.5615
ACTB	DDX19A	3	0.0500	0.7154
KRT8	DDX19A	3	0.1733	0.6253
MAPRE3	DDX19A	3	0.0007	0.8404
ACTB	DDX19B	3	0.0528	0.7125
KRT8	DDX19B	3	0.6713	0.0650
LMNA	DDX19B	3	0.0044	0.8141
MAPRE3	DDX19B	3	0.0045	0.8137
ACTB	DDX20	3	0.2366	0.5917
CTNNA1	DDX20	3	0.0384	0.7275
KRT8	DDX20	3	0.1568	0.6351
LMNA	DDX20	3	0.0991	0.6742
MAPRE3	DDX20	3	0.0131	0.7774
ACTB	DDX21	3	0.1100	0.6668
CTNNA1	DDX21	3	0.0200	0.7582
KRT8	DDX21	3	0.2767	0.5718
LMNA	DDX21	3	0.2515	0.5839
MAPRE3	DDX21	3	0.0806	0.6894
ACTB	DDX23	3	0.2855	0.5677
CTNNA1	DDX23	3	0.0987	0.6745
KRT8	DDX23	3	0.2524	0.5833
LMNA	DDX23	3	0.2984	0.5612
MAPRE3	DDX23	3	0.1618	0.6323
ACTB	DDX24	3	0.1438	0.6432
CTNNA1	DDX24	3	0.0101	0.7890
KRT8	DDX24	3	0.2537	0.5826
LMNA	DDX24	3	0.2484	0.5853
MAPRE3	DDX24	3	0.0538	0.7117
ACTB	DDX27	3	0.0098	0.7900
CTNNA1	DDX27	3	0.0000	0.8553
KRT8	DDX27	3	0.0089	0.7939
LMNA	DDX27	3	0.0056	0.8082
MAPRE3	DDX27	3	0.0002	0.8487
KRT8	DDX28	3	0.0660	0.7008
ACTB	DDX31	3	0.0014	0.8335
CTNNA1	DDX31	3	0.0000	0.8553
KRT8	DDX31	3	0.0109	0.7861
LMNA	DDX31	3	0.0038	0.8170
MAPRE3	DDX31	3	0.0019	0.8289
ACTB	DDX39A	3	0.0923	0.6796
CTNNA1	DDX39A	3	0.0231	0.7520
KRT8	DDX39A	3	0.4502	0.2347
LMNA	DDX39A	3	0.3170	0.5517
MAPRE3	DDX39A	3	0.0362	0.7308
ACTB	DDX39B	3	0.1130	0.6645
CTNNA1	DDX39B	3	0.0362	0.7308
KRT8	DDX39B	3	0.0228	0.7526
LMNA	DDX39B	3	0.1650	0.6304
MAPRE3	DDX39B	3	0.0183	0.7623
ACTB	DDX3X	3	0.2751	0.5726
CTNNA1	DDX3X	3	0.0508	0.7146
KRT8	DDX3X	3	0.3642	0.3349
LMNA	DDX3X	3	0.0989	0.6744
MAPRE3	DDX3X	3	0.1824	0.6199
LMNA	DDX3Y	3	0.3333	0.4096
KRT8	DDX4	3	0.6667	0.0721
ACTB	DDX41	3	0.2479	0.5856
LMNA	DDX41	3	0.1556	0.6359
ACTB	DDX42	3	0.1523	0.6378
CTNNA1	DDX42	3	0.0475	0.7178
KRT8	DDX42	3	0.1239	0.6562
LMNA	DDX42	3	0.3228	0.5492
MAPRE3	DDX42	3	0.1447	0.6424
ACTB	DDX46	3	0.2065	0.6060
CTNNA1	DDX46	3	0.0807	0.6893
KRT8	DDX46	3	0.1234	0.6566
LMNA	DDX46	3	0.3132	0.5537
MAPRE3	DDX46	3	0.1536	0.6371
ACTB	DDX47	3	0.1882	0.6162
CTNNA1	DDX47	3	0.0166	0.7668
KRT8	DDX47	3	0.2600	0.5791
LMNA	DDX47	3	0.1790	0.6218
MAPRE3	DDX47	3	0.0881	0.6829
ACTB	DDX49	3	0.0038	0.8170
CTNNA1	DDX49	3	0.0002	0.8487
KRT8	DDX49	3	0.0045	0.8137
LMNA	DDX49	3	0.0304	0.7389
MAPRE3	DDX49	3	0.0000	0.8553
ACTB	DDX5	3	0.1036	0.6708
CTNNA1	DDX5	3	0.0102	0.7887
KRT8	DDX5	3	0.1176	0.6610
LMNA	DDX5	3	0.2716	0.5740
MAPRE3	DDX5	3	0.0590	0.7071
ACTB	DDX50	3	0.0029	0.8218
CTNNA1	DDX50	3	0.0000	0.8553
KRT8	DDX50	3	0.0012	0.8352
LMNA	DDX50	3	0.0019	0.8289
MAPRE3	DDX50	3	0.0005	0.8431
ACTB	DDX51	3	0.0010	0.8371
KRT8	DDX51	3	0.3306	0.5449
LMNA	DDX51	3	0.0118	0.7826
ACTB	DDX52	3	0.0008	0.8393
CTNNA1	DDX52	3	0.1225	0.6575
KRT8	DDX52	3	0.0065	0.8039
LMNA	DDX52	3	0.0182	0.7626
MAPRE3	DDX52	3	0.0000	0.8553
LMNA	DDX53	3	0.3333	0.4096
ACTB	DDX54	3	0.0162	0.7681
CTNNA1	DDX54	3	0.0022	0.8268
KRT8	DDX54	3	0.0641	0.7025
LMNA	DDX54	3	0.3967	0.2846
MAPRE3	DDX54	3	0.0183	0.7623
ACTB	DDX55	3	0.0000	0.8553
KRT8	DDX55	3	0.0078	0.7983
LMNA	DDX55	3	0.0069	0.8021
MAPRE3	DDX55	3	0.0006	0.8417
ACTB	DDX56	3	0.2187	0.5997
KRT8	DDX56	3	0.0717	0.6958
LMNA	DDX56	3	0.1797	0.6214
MAPRE3	DDX56	3	0.0290	0.7410
ACTB	DDX59	3	0.0063	0.8048
KRT8	DDX59	3	0.0047	0.8127
LMNA	DDX59	3	0.3394	0.3894
ACTB	DDX6	3	0.2575	0.5805
CTNNA1	DDX6	3	0.0338	0.7339
KRT8	DDX6	3	0.2910	0.5652
LMNA	DDX6	3	0.1385	0.6462
MAPRE3	DDX6	3	0.1979	0.6107
ACTB	DDX60	3	0.0235	0.7512
CTNNA1	DDX60	3	0.0001	0.8514
KRT8	DDX60	3	0.0622	0.7046
LMNA	DDX60	3	0.0007	0.8404
MAPRE3	DDX60	3	0.0680	0.6990
ACTB	DDX60L	3	0.0083	0.7964
CTNNA1	DDX60L	3	0.0019	0.8289
KRT8	DDX60L	3	0.0132	0.7771
MAPRE3	DDX60L	3	0.0057	0.8078
ACTB	DECR1	3	0.0060	0.8062
CTNNA1	DECR1	3	0.0034	0.8190
KRT8	DECR1	3	0.3540	0.3548
LMNA	DECR1	3	0.0152	0.7709
ACTB	DECR2	3	0.0027	0.8233
KRT8	DECR2	3	0.0100	0.7894
LMNA	DECR2	3	0.0007	0.8404
LMNA	DEFB131B	3	0.3333	0.4096
ACTB	DEGS1	3	0.0384	0.7275
KRT8	DEGS1	3	0.0233	0.7516
LMNA	DEGS1	3	0.0239	0.7505
MAPRE3	DEGS1	3	0.0002	0.8487
ACTB	DEK	3	0.0058	0.8072
CTNNA1	DEK	3	0.0000	0.8553
KRT8	DEK	3	0.0106	0.7871
LMNA	DEK	3	0.0115	0.7837
MAPRE3	DEK	3	0.0022	0.8268
KRT8	DELE1	3	0.3333	0.4096
LMNA	DENND11	3	0.3333	0.4096
KRT8	DENND1A	3	0.6667	0.0721
ACTB	DENND2B	3	0.1351	0.6485
CTNNA1	DENND2B	3	0.0010	0.8371
KRT8	DENND2B	3	0.0139	0.7747
LMNA	DENND2B	3	0.0005	0.8431
MAPRE3	DENND2B	3	0.0042	0.8151
ACTB	DENND2C	3	0.3333	0.4096
ACTB	DENND3	3	0.0704	0.6968
KRT8	DENND3	3	0.2058	0.6066
LMNA	DENND3	3	0.0028	0.8224
MAPRE3	DENND3	3	0.0002	0.8487
ACTB	DENND4A	3	0.0139	0.7747
CTNNA1	DENND4A	3	0.0018	0.8297
KRT8	DENND4A	3	0.0284	0.7420
LMNA	DENND4A	3	0.0002	0.8487
MAPRE3	DENND4A	3	0.0056	0.8082
ACTB	DENND4B	3	0.0014	0.8335
KRT8	DENND4B	3	0.3323	0.5439
ACTB	DENND4C	3	0.3055	0.5575
CTNNA1	DENND4C	3	0.1835	0.6191
KRT8	DENND4C	3	0.3497	0.3627
LMNA	DENND4C	3	0.1245	0.6558
MAPRE3	DENND4C	3	0.2434	0.5884
KRT8	DENND5A	3	0.3333	0.4096
ACTB	DENND5B	3	0.0086	0.7950
KRT8	DENND5B	3	0.2045	0.6074
LMNA	DENND5B	3	0.0057	0.8078
MAPRE3	DENND5B	3	0.0021	0.8274
ACTB	DENND6A	3	0.0059	0.8068
KRT8	DENND6A	3	0.0101	0.7890
MAPRE3	DENND6A	3	0.0021	0.8274
ACTB	DENR	3	0.0975	0.6756
CTNNA1	DENR	3	0.0115	0.7837
KRT8	DENR	3	0.1093	0.6671
LMNA	DENR	3	0.0209	0.7564
MAPRE3	DENR	3	0.0117	0.7830
ACTB	DEPDC1B	3	0.6667	0.0721
CTNNA1	DEPDC1B	3	0.0022	0.8268
ACTB	DEPDC7	3	0.3138	0.5534
CTNNA1	DEPDC7	3	0.2595	0.5794
KRT8	DEPDC7	3	0.3374	0.3968
LMNA	DEPDC7	3	0.2850	0.5681
MAPRE3	DEPDC7	3	0.2500	0.5844
MAPRE3	DEPP1	3	0.3333	0.4096
ACTB	DERL1	3	0.0485	0.7169
CTNNA1	DERL1	3	0.0004	0.8448
KRT8	DERL1	3	0.2109	0.6041
LMNA	DERL1	3	0.0327	0.7356
MAPRE3	DERL1	3	0.0074	0.8000
KRT8	DERL2	3	0.3333	0.4096
ACTB	DFFA	3	0.0063	0.8048
CTNNA1	DFFA	3	0.0001	0.8514
KRT8	DFFA	3	0.0051	0.8108
LMNA	DFFA	3	0.0038	0.8170
ACTB	DGCR2	3	0.3333	0.4096
LMNA	DGCR2	3	0.3333	0.4096
ACTB	DGCR8	3	0.1031	0.6711
KRT8	DGCR8	3	0.0962	0.6768
LMNA	DGCR8	3	0.2915	0.5648
ACTB	DGKA	3	0.0344	0.7333
KRT8	DGKA	3	0.0453	0.7201
LMNA	DGKA	3	0.0067	0.8030
MAPRE3	DGKA	3	0.0000	0.8553
ACTB	DGKD	3	0.0064	0.8044
CTNNA1	DGKD	3	0.0011	0.8360
KRT8	DGKD	3	0.0127	0.7790
MAPRE3	DGKD	3	0.0077	0.7987
LMNA	DGKE	3	1.0000	0.0000
MAPRE3	DGKG	3	0.3333	0.4096
ACTB	DGKH	3	0.0011	0.8360
KRT8	DGKH	3	0.0912	0.6806
KRT8	DGKZ	3	0.3632	0.3377
LMNA	DGKZ	3	0.0146	0.7726
ACTB	DGUOK	3	0.0442	0.7214
LMNA	DGUOK	3	0.0382	0.7279
ACTB	DHCR24	3	0.0702	0.6970
CTNNA1	DHCR24	3	0.0180	0.7632
KRT8	DHCR24	3	0.3186	0.5509
LMNA	DHCR24	3	0.3270	0.5468
MAPRE3	DHCR24	3	0.0345	0.7331
ACTB	DHCR7	3	0.2148	0.6020
CTNNA1	DHCR7	3	0.0485	0.7169
KRT8	DHCR7	3	0.3394	0.3894
LMNA	DHCR7	3	0.3515	0.3587
MAPRE3	DHCR7	3	0.1441	0.6429
MAPRE3	DHDH	3	0.0001	0.8514
ACTB	DHFR	3	0.0067	0.8030
CTNNA1	DHFR	3	0.0002	0.8487
KRT8	DHFR	3	0.0420	0.7237
LMNA	DHFR	3	0.0025	0.8246
MAPRE3	DHFR	3	0.0014	0.8335
CTNNA1	DHODH	3	0.6667	0.0721
KRT8	DHPS	3	0.6699	0.0684
LMNA	DHRS1	3	0.6667	0.0721
KRT8	DHRS13	3	0.3333	0.4096
ACTB	DHRS3	3	0.1978	0.6109
CTNNA1	DHRS3	3	0.0030	0.8212
KRT8	DHRS3	3	0.3305	0.5449
LMNA	DHRS3	3	0.8328	0.0190
LMNA	DHRS7	3	1.0000	0.0000
KRT8	DHRS7B	3	0.3333	0.4096
LMNA	DHRS7B	3	0.3333	0.4096
ACTB	DHRS7C	3	0.3333	0.4096
ACTB	DHTKD1	3	0.3333	0.4096
ACTB	DHX15	3	0.0308	0.7382
CTNNA1	DHX15	3	0.0109	0.7861
KRT8	DHX15	3	0.0403	0.7251
LMNA	DHX15	3	0.2370	0.5915
MAPRE3	DHX15	3	0.0169	0.7661
ACTB	DHX16	3	0.0107	0.7868
KRT8	DHX16	3	0.0058	0.8072
LMNA	DHX16	3	0.0193	0.7598
MAPRE3	DHX16	3	0.0002	0.8487
ACTB	DHX29	3	0.6514	0.1678
CTNNA1	DHX29	3	0.0018	0.8297
KRT8	DHX29	3	0.0142	0.7739
LMNA	DHX29	3	0.0008	0.8393
MAPRE3	DHX29	3	0.0071	0.8013
ACTB	DHX30	3	0.0384	0.7275
CTNNA1	DHX30	3	0.0145	0.7729
KRT8	DHX30	3	0.2951	0.5632
LMNA	DHX30	3	0.0389	0.7270
MAPRE3	DHX30	3	0.0111	0.7854
ACTB	DHX32	3	0.0170	0.7658
CTNNA1	DHX32	3	0.0156	0.7698
KRT8	DHX32	3	0.0940	0.6785
LMNA	DHX32	3	0.1131	0.6644
MAPRE3	DHX32	3	0.0050	0.8113
KRT8	DHX33	3	0.0066	0.8035
KRT8	DHX34	3	0.1874	0.6167
LMNA	DHX34	3	0.1161	0.6623
KRT8	DHX35	3	0.0896	0.6822
LMNA	DHX35	3	0.2164	0.6012
MAPRE3	DHX35	3	0.0237	0.7509
ACTB	DHX36	3	0.2128	0.6032
CTNNA1	DHX36	3	0.0457	0.7197
KRT8	DHX36	3	0.2728	0.5734
LMNA	DHX36	3	0.2063	0.6062
MAPRE3	DHX36	3	0.1061	0.6691
ACTB	DHX37	3	0.0230	0.7521
CTNNA1	DHX37	3	0.0007	0.8404
KRT8	DHX37	3	0.1955	0.6118
LMNA	DHX37	3	0.3184	0.5511
MAPRE3	DHX37	3	0.0083	0.7964
ACTB	DHX38	3	0.2090	0.6047
CTNNA1	DHX38	3	0.0983	0.6747
KRT8	DHX38	3	0.2089	0.6048
LMNA	DHX38	3	0.3641	0.3351
MAPRE3	DHX38	3	0.1845	0.6185
ACTB	DHX40	3	0.1252	0.6552
CTNNA1	DHX40	3	0.0817	0.6886
KRT8	DHX40	3	0.3917	0.2912
LMNA	DHX40	3	0.2576	0.5805
MAPRE3	DHX40	3	0.1248	0.6555
ACTB	DHX57	3	0.0026	0.8238
CTNNA1	DHX57	3	0.0000	0.8553
KRT8	DHX57	3	0.0028	0.8224
LMNA	DHX57	3	0.0000	0.8553
MAPRE3	DHX57	3	0.0008	0.8393
KRT8	DHX58	3	0.3333	0.4096
ACTB	DHX8	3	0.0016	0.8315
KRT8	DHX8	3	0.0014	0.8335
LMNA	DHX8	3	0.0177	0.7640
MAPRE3	DHX8	3	0.0000	0.8553
ACTB	DHX9	3	0.1458	0.6417
CTNNA1	DHX9	3	0.0273	0.7439
KRT8	DHX9	3	0.2605	0.5788
LMNA	DHX9	3	0.2343	0.5929
MAPRE3	DHX9	3	0.0699	0.6974
ACTB	DIAPH1	3	0.3840	0.3036
CTNNA1	DIAPH1	3	0.1217	0.6579
KRT8	DIAPH1	3	0.3139	0.5533
LMNA	DIAPH1	3	0.1963	0.6115
MAPRE3	DIAPH1	3	0.2287	0.5952
ACTB	DIAPH2	3	0.4207	0.2559
CTNNA1	DIAPH2	3	0.1716	0.6264
KRT8	DIAPH2	3	0.3999	0.2818
LMNA	DIAPH2	3	0.1453	0.6421
MAPRE3	DIAPH2	3	0.3449	0.3752
ACTB	DIAPH3	3	0.3238	0.5487
CTNNA1	DIAPH3	3	0.1582	0.6343
KRT8	DIAPH3	3	0.3375	0.3964
LMNA	DIAPH3	3	0.1145	0.6634
MAPRE3	DIAPH3	3	0.3520	0.3580
ACTB	DICER1	3	0.0055	0.8088
CTNNA1	DICER1	3	0.0000	0.8553
KRT8	DICER1	3	0.0142	0.7739
LMNA	DICER1	3	0.0002	0.8487
MAPRE3	DICER1	3	0.0000	0.8553
ACTB	DIDO1	3	0.1829	0.6195
CTNNA1	DIDO1	3	0.0306	0.7386
KRT8	DIDO1	3	0.2226	0.5980
LMNA	DIDO1	3	0.2548	0.5820
MAPRE3	DIDO1	3	0.2012	0.6089
ACTB	DIMT1	3	0.0097	0.7904
CTNNA1	DIMT1	3	0.0004	0.8448
KRT8	DIMT1	3	0.6053	0.1782
LMNA	DIMT1	3	0.0113	0.7846
MAPRE3	DIMT1	3	0.0028	0.8224
ACTB	DIP2A	3	0.3258	0.5476
KRT8	DIP2A	3	0.3285	0.5463
ACTB	DIP2B	3	0.0095	0.7913
CTNNA1	DIP2B	3	0.0000	0.8553
KRT8	DIP2B	3	0.0300	0.7394
LMNA	DIP2B	3	0.0034	0.8190
MAPRE3	DIP2B	3	0.0023	0.8260
ACTB	DIS3	3	0.0035	0.8185
CTNNA1	DIS3	3	0.0004	0.8448
KRT8	DIS3	3	0.0060	0.8062
LMNA	DIS3	3	0.3373	0.3974
MAPRE3	DIS3	3	0.0021	0.8274
ACTB	DIS3L	3	0.3333	0.4096
ACTB	DIS3L2	3	0.0086	0.7950
CTNNA1	DIS3L2	3	0.0002	0.8487
KRT8	DIS3L2	3	0.0124	0.7799
LMNA	DIS3L2	3	0.0001	0.8514
ACTB	DIXDC1	3	0.1840	0.6188
KRT8	DIXDC1	3	0.0121	0.7811
ACTB	DKC1	3	0.0004	0.8448
CTNNA1	DKC1	3	0.0000	0.8553
KRT8	DKC1	3	0.0002	0.8487
LMNA	DKC1	3	0.0007	0.8404
MAPRE3	DKC1	3	0.0001	0.8514
LMNA	DKKL1	3	0.3333	0.4096
KRT8	DLAT	3	0.6667	0.0721
LMNA	DLAT	3	0.3333	0.4096
KRT8	DLD	3	0.8839	0.0102
LMNA	DLD	3	0.3332	0.5427
MAPRE3	DLD	3	0.0111	0.7854
ACTB	DLG1	3	0.0029	0.8218
CTNNA1	DLG1	3	0.0012	0.8352
KRT8	DLG1	3	0.0014	0.8335
MAPRE3	DLG1	3	0.0000	0.8553
KRT8	DLG2	3	0.3333	0.4096
ACTB	DLG3	3	0.3423	0.3810
KRT8	DLG3	3	0.0037	0.8175
LMNA	DLG3	3	0.0039	0.8165
LMNA	DLG4	3	0.3333	0.4096
ACTB	DLG5	3	0.0159	0.7689
CTNNA1	DLG5	3	0.0087	0.7947
KRT8	DLG5	3	0.3801	0.3092
LMNA	DLG5	3	0.0004	0.8448
MAPRE3	DLG5	3	0.0083	0.7964
ACTB	DLGAP3	3	0.3333	0.4096
ACTB	DLGAP5	3	0.2599	0.5792
CTNNA1	DLGAP5	3	0.0905	0.6814
KRT8	DLGAP5	3	0.2523	0.5834
LMNA	DLGAP5	3	0.1878	0.6164
MAPRE3	DLGAP5	3	0.4093	0.2698
KRT8	DLST	3	1.0000	0.0000
LMNA	DLST	3	0.3333	0.4096
LMNA	DLX1	3	0.3430	0.3783
LMNA	DLX2;DLX5	3	0.6667	0.0721
ACTB	DMAC2L	3	0.0025	0.8246
CTNNA1	DMAC2L	3	0.0001	0.8514
ACTB	DMAP1	3	0.0017	0.8305
CTNNA1	DMAP1	3	0.0005	0.8431
LMNA	DMAP1	3	0.0059	0.8068
MAPRE3	DMAP1	3	0.0009	0.8382
ACTB	DMBT1	3	0.3333	0.4096
KRT8	DMBT1	3	0.0477	0.7176
ACTB	DMC1	3	0.3333	0.4096
ACTB	DMD	3	0.0157	0.7695
CTNNA1	DMD	3	0.0002	0.8487
KRT8	DMD	3	0.0111	0.7854
MAPRE3	DMD	3	0.3341	0.4067
KRT8	DMTN	3	0.3333	0.4096
LMNA	DMWD	3	0.3333	0.4096
ACTB	DMXL1	3	0.0225	0.7530
CTNNA1	DMXL1	3	0.0003	0.8465
KRT8	DMXL1	3	0.0660	0.7008
LMNA	DMXL1	3	0.0001	0.8514
MAPRE3	DMXL1	3	0.0052	0.8103
ACTB	DMXL2	3	0.0087	0.7947
CTNNA1	DMXL2	3	0.0001	0.8514
KRT8	DMXL2	3	0.0245	0.7491
LMNA	DMXL2	3	0.0002	0.8487
MAPRE3	DMXL2	3	0.0022	0.8268
KRT8	DNA2	3	0.0000	0.8553
ACTB	DNAAF2	3	0.0152	0.7709
CTNNA1	DNAAF2	3	0.0003	0.8465
KRT8	DNAAF2	3	0.0484	0.7171
LMNA	DNAAF2	3	0.0011	0.8360
MAPRE3	DNAAF2	3	0.0001	0.8514
ACTB	DNAAF5	3	0.0153	0.7706
CTNNA1	DNAAF5	3	0.0002	0.8487
KRT8	DNAAF5	3	0.0786	0.6909
LMNA	DNAAF5	3	0.0026	0.8238
MAPRE3	DNAAF5	3	0.0010	0.8371
ACTB	DNAAF9	3	0.3333	0.4096
LMNA	DNAAF9	3	0.3333	0.4096
KRT8	DNAH1	3	0.0231	0.7520
ACTB	DNAH10	3	0.0248	0.7485
KRT8	DNAH10	3	0.0673	0.6997
LMNA	DNAH10	3	0.0180	0.7632
LMNA	DNAH11	3	0.1642	0.6307
CTNNA1	DNAH12	3	0.6667	0.0721
KRT8	DNAH12	3	0.3333	0.4096
ACTB	DNAH14	3	0.0130	0.7779
KRT8	DNAH14	3	0.0019	0.8289
ACTB	DNAH2	3	0.0278	0.7433
CTNNA1	DNAH2	3	0.3333	0.4096
KRT8	DNAH3	3	0.2935	0.5639
MAPRE3	DNAH3	3	0.0022	0.8268
ACTB	DNAH5	3	0.6667	0.0721
CTNNA1	DNAH5	3	0.3333	0.4096
KRT8	DNAH5	3	0.3333	0.4096
LMNA	DNAH5	3	0.6667	0.0721
MAPRE3	DNAH5	3	0.3333	0.4096
ACTB	DNAH6	3	0.4645	0.2250
KRT8	DNAH6	3	0.1894	0.6155
KRT8	DNAH7	3	0.3333	0.4096
MAPRE3	DNAH7	3	0.3333	0.4096
ACTB	DNAH8	3	0.0000	0.8553
MAPRE3	DNAH8	3	0.0000	0.8553
ACTB	DNAH9	3	0.1187	0.6599
CTNNA1	DNAH9	3	0.0055	0.8088
KRT8	DNAH9	3	0.0183	0.7623
LMNA	DNAH9	3	0.0013	0.8344
ACTB	DNAI4	3	0.3333	0.4096
LMNA	DNAI4	3	0.3333	0.4096
CTNNA1	DNAI7	3	0.0000	0.8553
ACTB	DNAJA1	3	0.1600	0.6332
CTNNA1	DNAJA1	3	0.0352	0.7322
KRT8	DNAJA1	3	0.2126	0.6033
LMNA	DNAJA1	3	0.2753	0.5725
MAPRE3	DNAJA1	3	0.0522	0.7131
KRT8	DNAJA3	3	0.3333	0.4096
ACTB	DNAJB1	3	0.0150	0.7715
CTNNA1	DNAJB1	3	0.0003	0.8465
KRT8	DNAJB1	3	0.3506	0.3609
LMNA	DNAJB1	3	0.0094	0.7917
MAPRE3	DNAJB1	3	0.0010	0.8371
KRT8	DNAJB12	3	0.3333	0.4096
LMNA	DNAJB12	3	1.0000	0.0000
ACTB	DNAJB4	3	0.5202	0.2034
CTNNA1	DNAJB4	3	0.0670	0.6999
KRT8	DNAJB4	3	0.9858	0.0007
LMNA	DNAJB4	3	0.1945	0.6125
MAPRE3	DNAJB4	3	0.0922	0.6797
KRT8	DNAJB6	3	0.0192	0.7600
LMNA	DNAJB6	3	0.0004	0.8448
LMNA	DNAJC1	3	1.0000	0.0000
ACTB	DNAJC10	3	0.0049	0.8116
CTNNA1	DNAJC10	3	0.0032	0.8201
KRT8	DNAJC10	3	0.3527	0.3565
LMNA	DNAJC10	3	0.3140	0.5532
MAPRE3	DNAJC10	3	0.0001	0.8514
ACTB	DNAJC11	3	0.0164	0.7674
KRT8	DNAJC11	3	0.0486	0.7167
LMNA	DNAJC11	3	0.0072	0.8009
MAPRE3	DNAJC11	3	0.0000	0.8553
ACTB	DNAJC12	3	0.3333	0.4096
KRT8	DNAJC12	3	0.6667	0.0721
ACTB	DNAJC13	3	0.4102	0.2675
CTNNA1	DNAJC13	3	0.2012	0.6089
KRT8	DNAJC13	3	0.4070	0.2718
LMNA	DNAJC13	3	0.2678	0.5757
MAPRE3	DNAJC13	3	0.3377	0.3955
KRT8	DNAJC16	3	0.6667	0.0721
LMNA	DNAJC16	3	1.0000	0.0000
ACTB	DNAJC17	3	0.0011	0.8360
KRT8	DNAJC17	3	0.0010	0.8371
LMNA	DNAJC17	3	0.0651	0.7018
MAPRE3	DNAJC17	3	0.0000	0.8553
CTNNA1	DNAJC18	3	0.3333	0.4096
ACTB	DNAJC2	3	0.0018	0.8297
KRT8	DNAJC2	3	0.0074	0.8000
LMNA	DNAJC2	3	0.0006	0.8417
MAPRE3	DNAJC2	3	0.0000	0.8553
ACTB	DNAJC21	3	0.4024	0.2779
CTNNA1	DNAJC21	3	0.2555	0.5815
KRT8	DNAJC21	3	0.4110	0.2657
LMNA	DNAJC21	3	0.2096	0.6046
MAPRE3	DNAJC21	3	0.3422	0.3814
ACTB	DNAJC30	3	0.3333	0.4096
CTNNA1	DNAJC30	3	0.0015	0.8325
KRT8	DNAJC5G	3	0.3333	0.4096
ACTB	DNAJC6	3	0.3333	0.4096
ACTB	DNAJC7	3	0.1727	0.6258
CTNNA1	DNAJC7	3	0.0192	0.7600
KRT8	DNAJC7	3	0.3145	0.5530
LMNA	DNAJC7	3	0.1037	0.6706
MAPRE3	DNAJC7	3	0.0280	0.7430
LMNA	DNAJC8	3	0.0144	0.7732
ACTB	DNAJC9	3	0.0065	0.8039
CTNNA1	DNAJC9	3	0.0004	0.8448
KRT8	DNAJC9	3	0.0053	0.8097
LMNA	DNAJC9	3	0.0522	0.7131
MAPRE3	DNAJC9	3	0.0011	0.8360
LMNA	DNASE1L1	3	0.3333	0.4096
MAPRE3	DNASE1L1	3	0.3333	0.4096
CTNNA1	DNHD1	3	0.3333	0.4096
MAPRE3	DNHD1	3	0.3333	0.4096
ACTB	DNM1L	3	0.2794	0.5707
CTNNA1	DNM1L	3	0.0990	0.6743
KRT8	DNM1L	3	0.2855	0.5677
LMNA	DNM1L	3	0.1753	0.6242
MAPRE3	DNM1L	3	0.1751	0.6243
ACTB	DNM2	3	0.0520	0.7132
CTNNA1	DNM2	3	0.0009	0.8382
KRT8	DNM2	3	0.0948	0.6778
LMNA	DNM2	3	0.0082	0.7969
MAPRE3	DNM2	3	0.0036	0.8180
ACTB	DNMBP	3	0.0109	0.7861
CTNNA1	DNMBP	3	0.0004	0.8448
KRT8	DNMBP	3	0.0850	0.6855
LMNA	DNMBP	3	0.0019	0.8289
MAPRE3	DNMBP	3	0.0046	0.8132
ACTB	DNMT1	3	0.1487	0.6400
CTNNA1	DNMT1	3	0.0120	0.7815
KRT8	DNMT1	3	0.1376	0.6467
LMNA	DNMT1	3	0.1742	0.6249
MAPRE3	DNMT1	3	0.0394	0.7262
KRT8	DNMT3A	3	0.0003	0.8465
LMNA	DNMT3A	3	0.0036	0.8180
ACTB	DNPEP	3	0.0437	0.7219
CTNNA1	DNPEP	3	0.0228	0.7526
KRT8	DNPEP	3	0.0656	0.7013
LMNA	DNPEP	3	0.0078	0.7983
MAPRE3	DNPEP	3	0.0292	0.7407
LMNA	DNPH1	3	0.6667	0.0721
LMNA	DNTTIP1	3	0.0121	0.7811
ACTB	DNTTIP2	3	0.1317	0.6513
CTNNA1	DNTTIP2	3	0.0237	0.7509
KRT8	DNTTIP2	3	0.1513	0.6385
LMNA	DNTTIP2	3	0.2741	0.5730
MAPRE3	DNTTIP2	3	0.1588	0.6339
ACTB	DOC2A	3	0.3333	0.4096
ACTB	DOCK1	3	0.0208	0.7566
CTNNA1	DOCK1	3	0.0007	0.8404
KRT8	DOCK1	3	0.0199	0.7585
MAPRE3	DOCK1	3	0.0064	0.8044
ACTB	DOCK10	3	0.0089	0.7939
CTNNA1	DOCK10	3	0.0002	0.8487
KRT8	DOCK10	3	0.0179	0.7634
LMNA	DOCK10	3	0.0005	0.8431
MAPRE3	DOCK10	3	0.0009	0.8382
ACTB	DOCK11	3	0.0049	0.8116
CTNNA1	DOCK11	3	0.0000	0.8553
KRT8	DOCK11	3	0.0036	0.8180
LMNA	DOCK11	3	0.0015	0.8325
MAPRE3	DOCK11	3	0.0001	0.8514
ACTB	DOCK2	3	0.0184	0.7619
KRT8	DOCK2	3	0.0991	0.6742
MAPRE3	DOCK2	3	0.0464	0.7191
ACTB	DOCK4	3	0.0276	0.7435
KRT8	DOCK4	3	0.0625	0.7044
MAPRE3	DOCK4	3	0.0023	0.8260
ACTB	DOCK5	3	0.0142	0.7739
CTNNA1	DOCK5	3	0.0001	0.8514
KRT8	DOCK5	3	0.0610	0.7057
LMNA	DOCK5	3	0.0001	0.8514
MAPRE3	DOCK5	3	0.0027	0.8233
ACTB	DOCK6	3	0.0113	0.7846
KRT8	DOCK6	3	0.3421	0.3816
LMNA	DOCK6	3	0.0000	0.8553
MAPRE3	DOCK6	3	0.0037	0.8175
ACTB	DOCK7	3	0.3295	0.5456
CTNNA1	DOCK7	3	0.1592	0.6336
KRT8	DOCK7	3	0.3616	0.3401
LMNA	DOCK7	3	0.1460	0.6416
MAPRE3	DOCK7	3	0.2763	0.5720
CTNNA1	DOCK8	3	0.0017	0.8305
KRT8	DOCK8	3	0.4170	0.2606
ACTB	DOCK9	3	0.2420	0.5893
CTNNA1	DOCK9	3	0.0807	0.6893
KRT8	DOCK9	3	0.3246	0.5483
MAPRE3	DOCK9	3	0.2054	0.6069
CTNNA1	DOHH	3	0.0480	0.7173
KRT8	DOHH	3	0.0509	0.7146
LMNA	DOHH	3	0.3292	0.5459
ACTB	DOK1	3	0.4250	0.2503
CTNNA1	DOK1	3	0.0013	0.8344
KRT8	DOK1	3	0.0569	0.7092
LMNA	DOK1	3	0.0143	0.7735
MAPRE3	DOK1	3	0.0253	0.7478
CTNNA1	DOK3	3	0.3333	0.4096
KRT8	DOK6	3	0.3333	0.4096
ACTB	DOLK	3	0.6696	0.0688
KRT8	DOLK	3	0.4951	0.2125
LMNA	DOLK	3	0.0053	0.8097
ACTB	DOLPP1	3	0.0013	0.8344
KRT8	DOLPP1	3	0.0081	0.7973
LMNA	DOLPP1	3	0.0024	0.8252
LMNA	DONSON	3	0.0313	0.7377
ACTB	DOP1A	3	0.0019	0.8289
KRT8	DOP1A	3	0.2159	0.6014
KRT8	DOP1B	3	0.3333	0.4096
KRT8	DOT1L	3	0.0010	0.8371
LMNA	DOT1L	3	0.0110	0.7857
ACTB	DPF3	3	0.3333	0.4096
ACTB	DPH1	3	0.0214	0.7555
KRT8	DPH1	3	0.1361	0.6478
LMNA	DPH1	3	0.0038	0.8170
MAPRE3	DPH1	3	0.3067	0.5567
ACTB	DPH2	3	0.0067	0.8030
KRT8	DPH2	3	0.2938	0.5638
ACTB	DPH6	3	1.0000	0.0000
CTNNA1	DPH6	3	0.3333	0.4096
MAPRE3	DPH6	3	0.3333	0.4096
ACTB	DPH7	3	0.0041	0.8156
KRT8	DPH7	3	0.0054	0.8093
KRT8	DPM1	3	1.0000	0.0000
LMNA	DPM1	3	0.3333	0.4096
ACTB	DPM3	3	0.0048	0.8121
KRT8	DPM3	3	0.1948	0.6122
LMNA	DPM3	3	0.0002	0.8487
ACTB	DPP7	3	0.3333	0.4096
ACTB	DPP9	3	0.0085	0.7955
KRT8	DPP9	3	0.0549	0.7109
ACTB	DPY19L1	3	0.0828	0.6877
KRT8	DPY19L1	3	0.0121	0.7811
LMNA	DPY19L1	3	0.1201	0.6590
MAPRE3	DPY19L1	3	0.0003	0.8465
ACTB	DPYD	3	0.0108	0.7866
CTNNA1	DPYD	3	0.0000	0.8553
KRT8	DPYD	3	0.0156	0.7698
LMNA	DPYD	3	0.0004	0.8448
MAPRE3	DPYD	3	0.0015	0.8325
ACTB	DPYSL2	3	0.3203	0.5502
CTNNA1	DPYSL2	3	0.1230	0.6570
KRT8	DPYSL2	3	0.3255	0.5477
LMNA	DPYSL2	3	0.1504	0.6389
MAPRE3	DPYSL2	3	0.2204	0.5989
ACTB	DPYSL3	3	0.3139	0.5533
CTNNA1	DPYSL3	3	0.1377	0.6467
KRT8	DPYSL3	3	0.3361	0.4008
LMNA	DPYSL3	3	0.1663	0.6294
MAPRE3	DPYSL3	3	0.2177	0.6003
KRT8	DPYSL4	3	0.3333	0.4096
ACTB	DQX1	3	0.3333	0.4096
ACTB	DR1	3	0.2513	0.5840
CTNNA1	DR1	3	0.0130	0.7779
KRT8	DR1	3	0.0317	0.7371
LMNA	DR1	3	0.1828	0.6197
MAPRE3	DR1	3	0.0166	0.7668
ACTB	DRG1	3	0.1186	0.6599
CTNNA1	DRG1	3	0.0549	0.7109
KRT8	DRG1	3	0.1836	0.6190
LMNA	DRG1	3	0.1415	0.6443
MAPRE3	DRG1	3	0.0776	0.6913
ACTB	DRG2	3	0.3061	0.5572
CTNNA1	DRG2	3	0.0993	0.6741
KRT8	DRG2	3	0.3756	0.3143
LMNA	DRG2	3	0.1988	0.6101
MAPRE3	DRG2	3	0.2164	0.6012
ACTB	DROSHA	3	0.0006	0.8417
CTNNA1	DROSHA	3	0.0000	0.8553
KRT8	DROSHA	3	0.0032	0.8201
LMNA	DROSHA	3	0.0023	0.8260
MAPRE3	DROSHA	3	0.0001	0.8514
ACTB	DSC1	3	0.1694	0.6275
CTNNA1	DSC1	3	0.0816	0.6887
KRT8	DSC1	3	0.0634	0.7032
LMNA	DSC1	3	0.2027	0.6082
MAPRE3	DSC1	3	0.0246	0.7489
ACTB	DSC3	3	0.0022	0.8268
CTNNA1	DSC3	3	0.0001	0.8514
LMNA	DSC3	3	0.0016	0.8315
ACTB	DSEL	3	0.0105	0.7876
ACTB	DSG1	3	0.1585	0.6341
CTNNA1	DSG1	3	0.0431	0.7226
KRT8	DSG1	3	0.0830	0.6875
LMNA	DSG1	3	0.1840	0.6188
MAPRE3	DSG1	3	0.0491	0.7164
ACTB	DSG2	3	0.0094	0.7917
CTNNA1	DSG2	3	0.0021	0.8274
KRT8	DSG2	3	0.0045	0.8137
LMNA	DSG2	3	0.0001	0.8514
MAPRE3	DSG2	3	0.0002	0.8487
ACTB	DSG3	3	0.0006	0.8417
KRT8	DSG3	3	0.0655	0.7015
ACTB	DSG4	3	0.0141	0.7742
KRT8	DSN1	3	0.3124	0.5541
LMNA	DSN1	3	0.3332	0.5427
ACTB	DSP	3	0.0918	0.6802
CTNNA1	DSP	3	0.0297	0.7398
KRT8	DSP	3	0.2832	0.5687
LMNA	DSP	3	0.1084	0.6676
MAPRE3	DSP	3	0.0210	0.7563
ACTB	DST	3	0.2185	0.5999
CTNNA1	DST	3	0.1019	0.6720
KRT8	DST	3	0.2142	0.6025
LMNA	DST	3	0.0950	0.6777
MAPRE3	DST	3	0.4605	0.2286
ACTB	DSTN	3	0.0187	0.7613
CTNNA1	DSTN	3	0.0101	0.7890
KRT8	DSTN	3	0.0333	0.7346
LMNA	DSTN	3	0.0357	0.7315
MAPRE3	DSTN	3	0.0078	0.7983
ACTB	DTL	3	0.0027	0.8233
KRT8	DTL	3	0.0095	0.7913
LMNA	DTL	3	0.0633	0.7033
MAPRE3	DTL	3	0.0013	0.8344
KRT8	DTNA;DTNB	3	0.3333	0.4096
ACTB	DTWD2	3	0.9935	0.0003
KRT8	DTWD2	3	0.3333	0.4096
LMNA	DTX2	3	0.6667	0.0721
ACTB	DTX3L	3	0.0040	0.8161
KRT8	DTX3L	3	0.0097	0.7904
LMNA	DTX3L	3	0.0000	0.8553
MAPRE3	DTX3L	3	0.0024	0.8252
KRT8	DTYMK	3	0.3333	0.4096
LMNA	DTYMK	3	0.3333	0.4096
LMNA	DUS1L	3	0.3333	0.4096
ACTB	DUS2	3	0.0120	0.7815
KRT8	DUS2	3	0.0842	0.6861
LMNA	DUS2	3	0.0950	0.6777
MAPRE3	DUS2	3	0.0003	0.8465
ACTB	DUS3L	3	0.0006	0.8417
CTNNA1	DUS3L	3	0.0006	0.8417
KRT8	DUS3L	3	0.0021	0.8274
LMNA	DUS3L	3	0.0046	0.8132
KRT8	DUSP12	3	0.0000	0.8553
ACTB	DUSP16	3	0.3333	0.4096
KRT8	DUSP16	3	0.3333	0.4096
ACTB	DUSP3	3	0.0006	0.8417
KRT8	DUSP3	3	0.0128	0.7786
MAPRE3	DUSP3	3	0.0003	0.8465
LMNA	DUSP4	3	0.3333	0.4096
ACTB	DUT	3	0.0082	0.7969
CTNNA1	DUT	3	0.0187	0.7613
KRT8	DUT	3	0.0126	0.7792
LMNA	DUT	3	0.0248	0.7485
MAPRE3	DUT	3	0.0046	0.8132
LMNA	DUXA	3	0.3333	0.4096
ACTB	DVL1	3	0.3490	0.3649
CTNNA1	DVL1	3	0.1664	0.6294
KRT8	DVL1	3	0.4214	0.2551
LMNA	DVL1	3	0.2177	0.6003
MAPRE3	DVL1	3	0.2610	0.5787
ACTB	DVL2	3	0.3454	0.3730
CTNNA1	DVL2	3	0.1544	0.6365
KRT8	DVL2	3	0.4099	0.2685
LMNA	DVL2	3	0.1968	0.6112
MAPRE3	DVL2	3	0.2620	0.5783
ACTB	DVL3	3	0.0142	0.7739
CTNNA1	DVL3	3	0.0004	0.8448
KRT8	DVL3	3	0.0182	0.7626
LMNA	DVL3	3	0.0006	0.8417
MAPRE3	DVL3	3	0.0039	0.8165
KRT8	DYM	3	0.2486	0.5852
LMNA	DYM	3	0.0033	0.8195
ACTB	DYNC1H1	3	0.2393	0.5905
CTNNA1	DYNC1H1	3	0.0502	0.7153
KRT8	DYNC1H1	3	0.3900	0.2942
LMNA	DYNC1H1	3	0.2268	0.5962
MAPRE3	DYNC1H1	3	0.1475	0.6407
ACTB	DYNC1I2	3	0.0122	0.7807
KRT8	DYNC1I2	3	0.0174	0.7647
MAPRE3	DYNC1I2	3	0.0000	0.8553
ACTB	DYNC1LI1	3	0.0065	0.8039
CTNNA1	DYNC1LI1	3	0.0001	0.8514
KRT8	DYNC1LI1	3	0.0138	0.7750
LMNA	DYNC1LI1	3	0.0002	0.8487
MAPRE3	DYNC1LI1	3	0.0029	0.8218
ACTB	DYNC1LI2	3	0.2639	0.5775
CTNNA1	DYNC1LI2	3	0.0905	0.6814
KRT8	DYNC1LI2	3	0.2390	0.5908
LMNA	DYNC1LI2	3	0.0486	0.7167
MAPRE3	DYNC1LI2	3	0.1808	0.6206
ACTB	DYNC2H1	3	0.2253	0.5968
CTNNA1	DYNC2H1	3	0.0032	0.8201
KRT8	DYNC2H1	3	0.0757	0.6928
LMNA	DYNC2H1	3	0.0049	0.8116
MAPRE3	DYNC2H1	3	0.0427	0.7231
ACTB	DYNC2I1	3	0.0072	0.8009
KRT8	DYNC2I1	3	0.0068	0.8026
MAPRE3	DYNC2I1	3	0.0019	0.8289
ACTB	DYNC2I2	3	0.0096	0.7908
KRT8	DYNC2I2	3	0.0134	0.7764
LMNA	DYNC2I2	3	0.0033	0.8195
MAPRE3	DYNC2I2	3	0.0004	0.8448
CTNNA1	DYNC2LI1	3	0.0001	0.8514
ACTB	DYNLL1;DYNLL2	3	0.0639	0.7027
CTNNA1	DYNLL1;DYNLL2	3	0.0231	0.7520
KRT8	DYNLL1;DYNLL2	3	0.1205	0.6587
LMNA	DYNLL1;DYNLL2	3	0.0372	0.7295
MAPRE3	DYNLL1;DYNLL2	3	0.0607	0.7059
ACTB	DYNLRB1;DYNLRB2	3	0.0004	0.8448
LMNA	DYNLRB1;DYNLRB2	3	0.0028	0.8224
KRT8	DYRK1A	3	0.0028	0.8224
MAPRE3	DYRK1A	3	0.0039	0.8165
ACTB	DYRK4	3	0.3333	0.4096
MAPRE3	DYSF	3	0.3350	0.4043
KRT8	DZIP1L	3	0.3333	0.4096
KRT8	DZIP3	3	0.4344	0.2455
LMNA	E2F3	3	0.1235	0.6565
KRT8	E2F4	3	0.6802	0.0587
LMNA	E2F6	3	0.0340	0.7337
MAPRE3	E2F6	3	0.0002	0.8487
LMNA	E2F7	3	0.6667	0.0721
LMNA	E2F8	3	1.0000	0.0000
LMNA	EAPP	3	0.0068	0.8026
ACTB	EARS2	3	0.0006	0.8417
KRT8	EARS2	3	0.0001	0.8514
LMNA	EARS2	3	0.0003	0.8465
ACTB	EBF1	3	0.0146	0.7726
LMNA	EBF1	3	0.0033	0.8195
MAPRE3	EBF2	3	0.3333	0.4096
ACTB	EBF3	3	0.3333	0.4096
ACTB	EBNA1BP2	3	0.0528	0.7125
CTNNA1	EBNA1BP2	3	0.0147	0.7724
KRT8	EBNA1BP2	3	0.0240	0.7503
LMNA	EBNA1BP2	3	0.0586	0.7077
MAPRE3	EBNA1BP2	3	0.0285	0.7418
ACTB	EBP	3	0.0059	0.8068
CTNNA1	EBP	3	0.0001	0.8514
KRT8	EBP	3	0.0197	0.7589
LMNA	EBP	3	0.0068	0.8026
MAPRE3	EBP	3	0.0014	0.8335
ACTB	ECD	3	0.3448	0.3755
CTNNA1	ECD	3	0.0086	0.7950
KRT8	ECD	3	0.7598	0.0314
MAPRE3	ECD	3	0.0019	0.8289
ACTB	ECE1	3	0.0034	0.8190
CTNNA1	ECE1	3	0.0001	0.8514
KRT8	ECE1	3	0.0006	0.8417
LMNA	ECE1	3	0.0016	0.8315
MAPRE3	ECE1	3	0.0000	0.8553
ACTB	ECHDC1	3	0.3514	0.3589
KRT8	ECHDC1	3	0.4029	0.2772
LMNA	ECHDC1	3	0.2973	0.5619
MAPRE3	ECHDC1	3	0.1548	0.6362
ACTB	ECHS1	3	0.1631	0.6314
KRT8	ECHS1	3	1.0000	0.0000
LMNA	ECHS1	3	0.0019	0.8289
ACTB	ECI1	3	0.3333	0.4096
ACTB	ECI2	3	0.1967	0.6112
CTNNA1	ECI2	3	0.0268	0.7447
KRT8	ECI2	3	0.2983	0.5613
LMNA	ECI2	3	0.0111	0.7854
ACTB	ECM1	3	0.0020	0.8282
ACTB	ECPAS	3	0.0128	0.7786
CTNNA1	ECPAS	3	0.0002	0.8487
KRT8	ECPAS	3	0.0273	0.7439
LMNA	ECPAS	3	0.0109	0.7861
MAPRE3	ECPAS	3	0.0042	0.8151
ACTB	ECT2	3	0.0035	0.8185
KRT8	ECT2	3	0.0021	0.8274
LMNA	ECT2	3	0.5793	0.1856
MAPRE3	ECT2	3	0.0096	0.7908
ACTB	ECT2L	3	0.3333	0.4096
KRT8	ECT2L	3	0.3333	0.4096
ACTB	EDC3	3	0.3447	0.3758
CTNNA1	EDC3	3	0.1522	0.6379
KRT8	EDC3	3	0.3872	0.2996
LMNA	EDC3	3	0.2591	0.5796
MAPRE3	EDC3	3	0.2964	0.5623
ACTB	EDC4	3	0.3323	0.5439
CTNNA1	EDC4	3	0.1249	0.6554
KRT8	EDC4	3	0.3224	0.5493
LMNA	EDC4	3	0.1473	0.6409
MAPRE3	EDC4	3	0.1822	0.6200
MAPRE3	EDEM1	3	0.3333	0.4096
LMNA	EDEM3	3	0.3326	0.5436
ACTB	EDF1	3	0.0001	0.8514
KRT8	EDF1	3	0.0038	0.8170
MAPRE3	EDF1	3	0.0010	0.8371
ACTB	EDRF1	3	0.0119	0.7820
KRT8	EDRF1	3	0.0190	0.7605
LMNA	EDRF1	3	0.0007	0.8404
MAPRE3	EDRF1	3	0.0056	0.8082
ACTB	EEA1	3	0.2350	0.5927
KRT8	EEA1	3	0.0182	0.7626
MAPRE3	EEA1	3	0.0081	0.7973
KRT8	EED	3	0.0005	0.8431
LMNA	EED	3	0.0005	0.8431
ACTB	EEF1A1	3	0.1407	0.6449
CTNNA1	EEF1A1	3	0.0170	0.7658
KRT8	EEF1A1	3	0.2434	0.5884
LMNA	EEF1A1	3	0.0751	0.6930
MAPRE3	EEF1A1	3	0.0295	0.7402
ACTB	EEF1A2	3	0.2004	0.6094
CTNNA1	EEF1A2	3	0.0267	0.7449
KRT8	EEF1A2	3	0.2955	0.5630
LMNA	EEF1A2	3	0.1830	0.6195
MAPRE3	EEF1A2	3	0.0741	0.6940
ACTB	EEF1B2	3	0.1930	0.6133
CTNNA1	EEF1B2	3	0.0159	0.7689
KRT8	EEF1B2	3	0.1451	0.6422
LMNA	EEF1B2	3	0.0144	0.7732
MAPRE3	EEF1B2	3	0.0283	0.7422
ACTB	EEF1D	3	0.2756	0.5724
CTNNA1	EEF1D	3	0.1010	0.6731
KRT8	EEF1D	3	0.2619	0.5785
LMNA	EEF1D	3	0.0724	0.6955
MAPRE3	EEF1D	3	0.2148	0.6020
ACTB	EEF1E1	3	0.0195	0.7594
CTNNA1	EEF1E1	3	0.0022	0.8268
KRT8	EEF1E1	3	0.0056	0.8082
LMNA	EEF1E1	3	0.0081	0.7973
MAPRE3	EEF1E1	3	0.0024	0.8252
ACTB	EEF1G	3	0.0446	0.7208
CTNNA1	EEF1G	3	0.0115	0.7837
KRT8	EEF1G	3	0.0552	0.7107
LMNA	EEF1G	3	0.0117	0.7830
MAPRE3	EEF1G	3	0.0052	0.8103
ACTB	EEF2	3	0.0694	0.6978
CTNNA1	EEF2	3	0.0117	0.7830
KRT8	EEF2	3	0.0919	0.6800
LMNA	EEF2	3	0.0291	0.7409
MAPRE3	EEF2	3	0.0157	0.7695
ACTB	EEF2K	3	0.0094	0.7917
KRT8	EEF2K	3	0.3360	0.4012
LMNA	EEF2K	3	0.0005	0.8431
MAPRE3	EEF2K	3	0.0009	0.8382
ACTB	EEFSEC	3	0.0004	0.8448
KRT8	EEFSEC	3	0.0895	0.6822
LMNA	EEFSEC	3	0.3062	0.5571
MAPRE3	EEFSEC	3	0.0010	0.8371
LMNA	EEIG2	3	0.0000	0.8553
KRT8	EFCAB2	3	0.0018	0.8297
MAPRE3	EFCAB5	3	0.0003	0.8465
MAPRE3	EFCAB7	3	0.6667	0.0721
MAPRE3	EFCC1	3	0.3333	0.4096
MAPRE3	EFHB	3	0.3333	0.4096
ACTB	EFHC1	3	0.0067	0.8030
KRT8	EFHC1	3	0.0074	0.8000
LMNA	EFHC1	3	0.0000	0.8553
ACTB	EFHD2	3	0.2835	0.5686
CTNNA1	EFHD2	3	0.0005	0.8431
KRT8	EFHD2	3	0.0176	0.7642
LMNA	EFHD2	3	0.0014	0.8335
MAPRE3	EFHD2	3	0.0022	0.8268
ACTB	EFL1	3	0.0250	0.7483
CTNNA1	EFL1	3	0.0000	0.8553
KRT8	EFL1	3	0.0337	0.7341
MAPRE3	EFL1	3	0.0019	0.8289
ACTB	EFNB1	3	0.0554	0.7105
CTNNA1	EFNB1	3	0.0111	0.7854
KRT8	EFNB1	3	0.0230	0.7521
LMNA	EFNB1	3	0.0179	0.7634
MAPRE3	EFNB1	3	0.0079	0.7980
CTNNA1	EFNB2	3	0.3333	0.4096
ACTB	EFR3A	3	0.0095	0.7913
KRT8	EFR3A	3	0.0266	0.7452
LMNA	EFR3A	3	0.0005	0.8431
CTNNA1	EFS	3	0.3333	0.4096
ACTB	EFTUD2	3	0.2836	0.5685
CTNNA1	EFTUD2	3	0.0629	0.7039
KRT8	EFTUD2	3	0.3283	0.5464
LMNA	EFTUD2	3	0.2765	0.5719
MAPRE3	EFTUD2	3	0.1602	0.6331
ACTB	EGFR	3	0.3288	0.5461
CTNNA1	EGFR	3	0.2449	0.5877
KRT8	EGFR	3	0.2964	0.5623
LMNA	EGFR	3	0.2030	0.6080
MAPRE3	EGFR	3	0.0863	0.6845
ACTB	EGLN1	3	0.0077	0.7987
CTNNA1	EGLN1	3	0.0000	0.8553
KRT8	EGLN1	3	0.0181	0.7628
LMNA	EGLN1	3	0.0003	0.8465
MAPRE3	EGLN1	3	0.0011	0.8360
KRT8	EGLN2	3	0.0013	0.8344
ACTB	EHBP1	3	0.0114	0.7842
CTNNA1	EHBP1	3	0.0003	0.8465
KRT8	EHBP1	3	0.0165	0.7670
LMNA	EHBP1	3	0.0002	0.8487
MAPRE3	EHBP1	3	0.0006	0.8417
ACTB	EHBP1L1	3	0.0257	0.7470
CTNNA1	EHBP1L1	3	0.0009	0.8382
KRT8	EHBP1L1	3	0.0109	0.7861
LMNA	EHBP1L1	3	0.0001	0.8514
MAPRE3	EHBP1L1	3	0.0002	0.8487
ACTB	EHD1	3	0.0110	0.7857
CTNNA1	EHD1	3	0.0000	0.8553
KRT8	EHD1	3	0.0090	0.7935
LMNA	EHD1	3	0.0007	0.8404
MAPRE3	EHD1	3	0.0002	0.8487
ACTB	EHD2	3	0.0064	0.8044
CTNNA1	EHD2	3	0.0001	0.8514
KRT8	EHD2	3	0.0243	0.7495
LMNA	EHD2	3	0.0036	0.8180
MAPRE3	EHD2	3	0.0003	0.8465
ACTB	EHD4	3	0.2656	0.5767
CTNNA1	EHD4	3	0.0006	0.8417
KRT8	EHD4	3	0.0177	0.7640
LMNA	EHD4	3	0.0009	0.8382
MAPRE3	EHD4	3	0.0014	0.8335
ACTB	EHMT1	3	0.0010	0.8371
CTNNA1	EHMT1	3	0.0000	0.8553
KRT8	EHMT1	3	0.0004	0.8448
LMNA	EHMT1	3	0.0090	0.7935
MAPRE3	EHMT1	3	0.0012	0.8352
ACTB	EHMT2	3	0.0000	0.8553
CTNNA1	EHMT2	3	0.0089	0.7939
KRT8	EHMT2	3	0.0001	0.8514
LMNA	EHMT2	3	0.0030	0.8212
MAPRE3	EHMT2	3	0.0006	0.8417
ACTB	EI24	3	0.0085	0.7955
CTNNA1	EI24	3	0.0006	0.8417
KRT8	EI24	3	0.4293	0.2476
LMNA	EI24	3	0.4426	0.2412
MAPRE3	EI24	3	0.0003	0.8465
ACTB	EIF1;EIF1B	3	0.0870	0.6839
CTNNA1	EIF1;EIF1B	3	0.0184	0.7619
KRT8	EIF1;EIF1B	3	0.0089	0.7939
LMNA	EIF1;EIF1B	3	0.0518	0.7135
MAPRE3	EIF1;EIF1B	3	0.0028	0.8224
ACTB	EIF1AD	3	0.3333	0.4096
KRT8	EIF1AD	3	0.3629	0.3383
LMNA	EIF1AD	3	0.0934	0.6791
ACTB	EIF2A	3	0.0114	0.7842
CTNNA1	EIF2A	3	0.0002	0.8487
KRT8	EIF2A	3	0.0081	0.7973
LMNA	EIF2A	3	0.0001	0.8514
MAPRE3	EIF2A	3	0.0048	0.8121
ACTB	EIF2AK2	3	0.1479	0.6404
CTNNA1	EIF2AK2	3	0.0487	0.7166
KRT8	EIF2AK2	3	0.2063	0.6062
LMNA	EIF2AK2	3	0.0879	0.6832
MAPRE3	EIF2AK2	3	0.0456	0.7198
ACTB	EIF2AK3	3	0.3359	0.4017
LMNA	EIF2AK3	3	0.3400	0.3876
MAPRE3	EIF2AK3	3	0.0470	0.7183
ACTB	EIF2AK4	3	0.2425	0.5889
CTNNA1	EIF2AK4	3	0.0266	0.7452
KRT8	EIF2AK4	3	0.2878	0.5665
LMNA	EIF2AK4	3	0.1329	0.6500
MAPRE3	EIF2AK4	3	0.1051	0.6697
ACTB	EIF2B1	3	0.3461	0.3715
KRT8	EIF2B1	3	0.3067	0.5567
LMNA	EIF2B1	3	0.1890	0.6157
ACTB	EIF2B2	3	0.0166	0.7668
CTNNA1	EIF2B2	3	0.0248	0.7485
KRT8	EIF2B2	3	0.0168	0.7664
LMNA	EIF2B2	3	0.1895	0.6154
MAPRE3	EIF2B2	3	0.0345	0.7331
ACTB	EIF2B3	3	0.0459	0.7195
CTNNA1	EIF2B3	3	0.0018	0.8297
KRT8	EIF2B3	3	0.0970	0.6759
LMNA	EIF2B3	3	0.0102	0.7887
MAPRE3	EIF2B3	3	0.0060	0.8062
ACTB	EIF2B4	3	0.1635	0.6311
CTNNA1	EIF2B4	3	0.0445	0.7210
KRT8	EIF2B4	3	0.1592	0.6336
LMNA	EIF2B4	3	0.1568	0.6351
MAPRE3	EIF2B4	3	0.0574	0.7085
ACTB	EIF2B5	3	0.0054	0.8093
CTNNA1	EIF2B5	3	0.0001	0.8514
KRT8	EIF2B5	3	0.0043	0.8145
LMNA	EIF2B5	3	0.0001	0.8514
MAPRE3	EIF2B5	3	0.0001	0.8514
ACTB	EIF2D	3	0.0164	0.7674
KRT8	EIF2D	3	0.0282	0.7424
LMNA	EIF2D	3	0.0027	0.8233
ACTB	EIF2S1	3	0.1286	0.6531
CTNNA1	EIF2S1	3	0.0292	0.7407
KRT8	EIF2S1	3	0.4640	0.2258
LMNA	EIF2S1	3	0.0898	0.6821
MAPRE3	EIF2S1	3	0.0664	0.7004
ACTB	EIF2S2	3	0.1904	0.6148
CTNNA1	EIF2S2	3	0.0130	0.7779
KRT8	EIF2S2	3	0.1628	0.6317
LMNA	EIF2S2	3	0.0276	0.7435
MAPRE3	EIF2S2	3	0.0464	0.7191
ACTB	EIF2S3	3	0.2290	0.5949
CTNNA1	EIF2S3	3	0.0925	0.6795
KRT8	EIF2S3	3	0.3493	0.3636
LMNA	EIF2S3	3	0.3266	0.5471
MAPRE3	EIF2S3	3	0.1327	0.6502
ACTB	EIF3A	3	0.2727	0.5735
CTNNA1	EIF3A	3	0.0338	0.7339
KRT8	EIF3A	3	0.2978	0.5616
LMNA	EIF3A	3	0.1195	0.6594
MAPRE3	EIF3A	3	0.1163	0.6621
ACTB	EIF3B	3	0.3058	0.5573
CTNNA1	EIF3B	3	0.0960	0.6770
KRT8	EIF3B	3	0.3471	0.3683
LMNA	EIF3B	3	0.1837	0.6189
MAPRE3	EIF3B	3	0.2264	0.5963
ACTB	EIF3C	3	0.3585	0.3465
CTNNA1	EIF3C	3	0.1775	0.6226
KRT8	EIF3C	3	0.3397	0.3887
LMNA	EIF3C	3	0.1815	0.6203
MAPRE3	EIF3C	3	0.2818	0.5697
ACTB	EIF3D	3	0.1313	0.6515
CTNNA1	EIF3D	3	0.0220	0.7542
KRT8	EIF3D	3	0.1725	0.6258
LMNA	EIF3D	3	0.0895	0.6822
MAPRE3	EIF3D	3	0.0494	0.7160
ACTB	EIF3E	3	0.2761	0.5722
CTNNA1	EIF3E	3	0.0155	0.7700
KRT8	EIF3E	3	0.2926	0.5642
LMNA	EIF3E	3	0.1538	0.6369
MAPRE3	EIF3E	3	0.1455	0.6419
ACTB	EIF3F	3	0.2596	0.5793
CTNNA1	EIF3F	3	0.0305	0.7387
KRT8	EIF3F	3	0.3150	0.5527
LMNA	EIF3F	3	0.1179	0.6606
MAPRE3	EIF3F	3	0.0849	0.6856
ACTB	EIF3G	3	0.3039	0.5583
CTNNA1	EIF3G	3	0.1023	0.6717
KRT8	EIF3G	3	0.3266	0.5471
LMNA	EIF3G	3	0.1297	0.6526
MAPRE3	EIF3G	3	0.1890	0.6157
ACTB	EIF3H	3	0.3238	0.5487
CTNNA1	EIF3H	3	0.1145	0.6634
KRT8	EIF3H	3	0.3903	0.2937
LMNA	EIF3H	3	0.2620	0.5783
MAPRE3	EIF3H	3	0.2403	0.5901
ACTB	EIF3I	3	0.0037	0.8175
KRT8	EIF3I	3	0.7955	0.0240
LMNA	EIF3I	3	0.0336	0.7343
ACTB	EIF3J	3	0.0173	0.7650
CTNNA1	EIF3J	3	0.0001	0.8514
KRT8	EIF3J	3	0.0028	0.8224
LMNA	EIF3J	3	0.0004	0.8448
MAPRE3	EIF3J	3	0.0007	0.8404
ACTB	EIF3K	3	0.1230	0.6570
CTNNA1	EIF3K	3	0.0135	0.7761
KRT8	EIF3K	3	0.0786	0.6909
LMNA	EIF3K	3	0.0434	0.7224
MAPRE3	EIF3K	3	0.0118	0.7826
ACTB	EIF3L	3	0.1653	0.6301
CTNNA1	EIF3L	3	0.0112	0.7849
KRT8	EIF3L	3	0.2151	0.6018
LMNA	EIF3L	3	0.1115	0.6656
MAPRE3	EIF3L	3	0.0135	0.7761
ACTB	EIF3M	3	0.3289	0.5460
CTNNA1	EIF3M	3	0.1024	0.6716
KRT8	EIF3M	3	0.3450	0.3746
LMNA	EIF3M	3	0.2554	0.5816
MAPRE3	EIF3M	3	0.1847	0.6184
ACTB	EIF4A1	3	0.1178	0.6607
CTNNA1	EIF4A1	3	0.0167	0.7666
KRT8	EIF4A1	3	0.2574	0.5806
LMNA	EIF4A1	3	0.1164	0.6621
MAPRE3	EIF4A1	3	0.0315	0.7374
CTNNA1	EIF4A2	3	0.0030	0.8212
KRT8	EIF4A2	3	0.0126	0.7792
LMNA	EIF4A2	3	0.3582	0.3474
MAPRE3	EIF4A2	3	0.0017	0.8305
ACTB	EIF4A3	3	0.1057	0.6694
CTNNA1	EIF4A3	3	0.0097	0.7904
KRT8	EIF4A3	3	0.1395	0.6456
LMNA	EIF4A3	3	0.0715	0.6961
MAPRE3	EIF4A3	3	0.0246	0.7489
ACTB	EIF4B	3	0.0120	0.7815
CTNNA1	EIF4B	3	0.0002	0.8487
KRT8	EIF4B	3	0.0195	0.7594
LMNA	EIF4B	3	0.0002	0.8487
MAPRE3	EIF4B	3	0.0029	0.8218
KRT8	EIF4E	3	0.1802	0.6210
MAPRE3	EIF4E	3	0.3839	0.3038
ACTB	EIF4E2	3	0.0139	0.7747
KRT8	EIF4E2	3	0.0786	0.6909
MAPRE3	EIF4E2	3	0.0050	0.8113
ACTB	EIF4EBP1	3	0.0243	0.7495
CTNNA1	EIF4EBP1	3	0.0155	0.7700
KRT8	EIF4EBP1	3	0.0497	0.7156
LMNA	EIF4EBP1	3	0.0241	0.7500
MAPRE3	EIF4EBP1	3	0.0045	0.8137
ACTB	EIF4ENIF1	3	0.0094	0.7917
CTNNA1	EIF4ENIF1	3	0.0001	0.8514
KRT8	EIF4ENIF1	3	0.0412	0.7244
LMNA	EIF4ENIF1	3	0.0000	0.8553
MAPRE3	EIF4ENIF1	3	0.0043	0.8145
ACTB	EIF4G1	3	0.3054	0.5575
CTNNA1	EIF4G1	3	0.1543	0.6365
KRT8	EIF4G1	3	0.2960	0.5627
LMNA	EIF4G1	3	0.1153	0.6627
MAPRE3	EIF4G1	3	0.2690	0.5752
ACTB	EIF4G2	3	0.2768	0.5718
CTNNA1	EIF4G2	3	0.1159	0.6625
KRT8	EIF4G2	3	0.3008	0.5599
LMNA	EIF4G2	3	0.0937	0.6789
MAPRE3	EIF4G2	3	0.2276	0.5958
ACTB	EIF4G3	3	0.2559	0.5813
CTNNA1	EIF4G3	3	0.0664	0.7004
KRT8	EIF4G3	3	0.2450	0.5876
LMNA	EIF4G3	3	0.0436	0.7220
MAPRE3	EIF4G3	3	0.2146	0.6021
ACTB	EIF4H	3	0.2857	0.5676
CTNNA1	EIF4H	3	0.0451	0.7202
KRT8	EIF4H	3	0.3334	0.4090
LMNA	EIF4H	3	0.2326	0.5935
MAPRE3	EIF4H	3	0.1704	0.6270
ACTB	EIF5	3	0.2587	0.5799
CTNNA1	EIF5	3	0.0469	0.7184
KRT8	EIF5	3	0.2525	0.5833
LMNA	EIF5	3	0.0262	0.7461
MAPRE3	EIF5	3	0.1257	0.6548
ACTB	EIF5A	3	0.0436	0.7220
CTNNA1	EIF5A	3	0.0158	0.7691
KRT8	EIF5A	3	0.0486	0.7167
LMNA	EIF5A	3	0.0296	0.7400
MAPRE3	EIF5A	3	0.0130	0.7779
ACTB	EIF5B	3	0.3062	0.5571
CTNNA1	EIF5B	3	0.1050	0.6698
KRT8	EIF5B	3	0.2974	0.5619
LMNA	EIF5B	3	0.1431	0.6436
MAPRE3	EIF5B	3	0.2219	0.5982
ACTB	EIF6	3	0.0238	0.7507
CTNNA1	EIF6	3	0.0196	0.7592
KRT8	EIF6	3	0.0237	0.7509
LMNA	EIF6	3	0.0119	0.7820
MAPRE3	EIF6	3	0.0067	0.8030
ACTB	ELAC2	3	0.0014	0.8335
CTNNA1	ELAC2	3	0.0001	0.8514
KRT8	ELAC2	3	0.0060	0.8062
LMNA	ELAC2	3	0.0323	0.7361
MAPRE3	ELAC2	3	0.0006	0.8417
ACTB	ELANE	3	0.3333	0.4096
ACTB	ELAVL1	3	0.0258	0.7468
CTNNA1	ELAVL1	3	0.0061	0.8057
KRT8	ELAVL1	3	0.0379	0.7283
LMNA	ELAVL1	3	0.0451	0.7202
MAPRE3	ELAVL1	3	0.0084	0.7959
LMNA	ELF1	3	0.3304	0.5451
KRT8	ELF2	3	0.0001	0.8514
LMNA	ELF2	3	0.0189	0.7607
LMNA	ELF4	3	0.3333	0.4096
MAPRE3	ELF4	3	0.3333	0.4096
ACTB	ELFN2	3	0.0101	0.7890
KRT8	ELFN2	3	0.0000	0.8553
LMNA	ELK1	3	0.3333	0.4096
LMNA	ELK3	3	0.3427	0.3790
CTNNA1	ELK4	3	0.3333	0.4096
KRT8	ELK4	3	0.3333	0.4096
MAPRE3	ELK4	3	0.3333	0.4096
LMNA	ELL	3	0.0094	0.7917
ACTB	ELL2	3	0.0036	0.8180
KRT8	ELL2	3	0.0019	0.8289
LMNA	ELL2	3	0.3535	0.3558
MAPRE3	ELL2	3	0.0003	0.8465
ACTB	ELMO2	3	0.0081	0.7973
KRT8	ELMO2	3	0.0244	0.7493
LMNA	ELMO2	3	0.0001	0.8514
MAPRE3	ELMO2	3	0.0000	0.8553
ACTB	ELMO3	3	0.1086	0.6675
MAPRE3	ELMO3	3	0.0017	0.8305
ACTB	ELOA	3	0.0013	0.8344
CTNNA1	ELOA	3	0.0000	0.8553
KRT8	ELOA	3	0.0005	0.8431
LMNA	ELOA	3	0.0090	0.7935
MAPRE3	ELOA	3	0.0008	0.8393
CTNNA1	ELOB	3	0.0001	0.8514
KRT8	ELOB	3	0.0084	0.7959
LMNA	ELOB	3	0.0001	0.8514
KRT8	ELOC	3	0.0141	0.7742
ACTB	ELOVL1	3	0.0063	0.8048
KRT8	ELOVL1	3	0.1059	0.6692
LMNA	ELOVL1	3	0.0328	0.7353
ACTB	ELP1	3	0.0053	0.8097
CTNNA1	ELP1	3	0.0000	0.8553
KRT8	ELP1	3	0.0843	0.6860
LMNA	ELP1	3	0.0017	0.8305
MAPRE3	ELP1	3	0.0018	0.8297
ACTB	ELP2	3	0.0058	0.8072
CTNNA1	ELP2	3	0.0046	0.8132
KRT8	ELP2	3	0.0082	0.7969
MAPRE3	ELP2	3	0.0000	0.8553
ACTB	ELP3	3	0.0064	0.8044
KRT8	ELP3	3	0.0857	0.6851
LMNA	ELP3	3	0.0005	0.8431
MAPRE3	ELP3	3	0.0053	0.8097
ACTB	ELP4	3	0.2715	0.5740
CTNNA1	ELP4	3	0.0713	0.6962
KRT8	ELP4	3	0.3037	0.5583
LMNA	ELP4	3	0.1417	0.6442
MAPRE3	ELP4	3	0.2169	0.6008
ACTB	ELP5	3	0.0118	0.7826
KRT8	ELP5	3	0.0069	0.8021
ACTB	ELP6	3	0.0152	0.7709
CTNNA1	ELP6	3	0.0002	0.8487
KRT8	ELP6	3	0.0170	0.7658
LMNA	ELP6	3	0.0007	0.8404
MAPRE3	ELP6	3	0.0033	0.8195
ACTB	EMC1	3	0.0002	0.8487
KRT8	EMC1	3	0.0162	0.7681
LMNA	EMC1	3	0.0730	0.6951
ACTB	EMC2	3	0.3333	0.4096
LMNA	EMC7	3	0.3520	0.3580
LMNA	EMC8	3	1.0000	0.0000
ACTB	EMC9	3	0.0000	0.8553
ACTB	EMD	3	0.1237	0.6564
CTNNA1	EMD	3	0.0726	0.6954
KRT8	EMD	3	0.1276	0.6536
LMNA	EMD	3	0.7541	0.0327
MAPRE3	EMD	3	0.0866	0.6843
ACTB	EME1	3	0.0014	0.8335
KRT8	EME1	3	0.0003	0.8465
LMNA	EME1	3	0.1003	0.6735
MAPRE3	EME1	3	0.0090	0.7935
LMNA	EMG1	3	0.0142	0.7739
LMNA	EMILIN3	3	0.3333	0.4096
CTNNA1	EML1	3	0.3333	0.4096
LMNA	EML1	3	0.3333	0.4096
CTNNA1	EML3	3	0.0234	0.7514
MAPRE3	EML3	3	1.0000	0.0000
ACTB	EML4	3	0.0092	0.7925
CTNNA1	EML4	3	0.0006	0.8417
KRT8	EML4	3	0.0072	0.8009
LMNA	EML4	3	0.0023	0.8260
MAPRE3	EML4	3	0.7724	0.0293
KRT8	EML5	3	0.0000	0.8553
ACTB	EMSY	3	0.0002	0.8487
CTNNA1	EMSY	3	0.0000	0.8553
KRT8	EMSY	3	0.0002	0.8487
LMNA	EMSY	3	0.0094	0.7917
MAPRE3	EMSY	3	0.0003	0.8465
ACTB	EMX1	3	0.3333	0.4096
ACTB	ENAH	3	1.0000	0.0000
CTNNA1	ENAH	3	0.0032	0.8201
KRT8	ENAH	3	0.0106	0.7871
MAPRE3	ENAH	3	0.0057	0.8078
ACTB	ENDOD1	3	0.3333	0.4096
ACTB	ENG	3	0.0878	0.6833
CTNNA1	ENG	3	0.0297	0.7398
KRT8	ENG	3	0.1860	0.6175
LMNA	ENG	3	0.0668	0.7002
MAPRE3	ENG	3	0.0244	0.7493
KRT8	ENGASE	3	0.0000	0.8553
ACTB	ENO1	3	0.0630	0.7038
CTNNA1	ENO1	3	0.0108	0.7866
KRT8	ENO1	3	0.0585	0.7078
LMNA	ENO1	3	0.0268	0.7447
MAPRE3	ENO1	3	0.0068	0.8026
CTNNA1	ENO2	3	0.3333	0.4096
ACTB	ENOSF1	3	0.0028	0.8224
KRT8	ENOSF1	3	0.0717	0.6958
LMNA	ENPP2	3	0.6667	0.0721
MAPRE3	ENPP2	3	0.3333	0.4096
KRT8	ENPP6	3	0.3333	0.4096
ACTB	ENSA	3	0.3854	0.3016
CTNNA1	ENSA	3	0.0997	0.6739
KRT8	ENSA	3	0.3455	0.3726
LMNA	ENSA	3	0.2942	0.5636
MAPRE3	ENSA	3	0.2992	0.5607
KRT8	ENTPD8	3	0.3333	0.4096
LMNA	ENTPD8	3	0.3333	0.4096
ACTB	ENTR1	3	0.0106	0.7871
KRT8	ENTR1	3	0.9734	0.0014
LMNA	ENY2	3	0.6667	0.0721
ACTB	EP300	3	0.0000	0.8553
LMNA	EP300	3	0.0019	0.8289
ACTB	EP400	3	0.0043	0.8145
KRT8	EP400	3	0.0006	0.8417
LMNA	EP400	3	0.0002	0.8487
MAPRE3	EP400	3	0.0000	0.8553
ACTB	EPAS1	3	0.3333	0.4096
ACTB	EPB41	3	0.0256	0.7472
CTNNA1	EPB41	3	0.0015	0.8325
KRT8	EPB41	3	0.0046	0.8132
LMNA	EPB41	3	0.0002	0.8487
MAPRE3	EPB41	3	0.0016	0.8315
ACTB	EPB41L1	3	0.4602	0.2289
CTNNA1	EPB41L1	3	0.3462	0.3713
KRT8	EPB41L1	3	0.3963	0.2856
LMNA	EPB41L1	3	0.2425	0.5889
MAPRE3	EPB41L1	3	0.2807	0.5700
ACTB	EPB41L2	3	0.3786	0.3109
CTNNA1	EPB41L2	3	0.2870	0.5670
KRT8	EPB41L2	3	0.3204	0.5502
LMNA	EPB41L2	3	0.1452	0.6422
MAPRE3	EPB41L2	3	0.2455	0.5872
ACTB	EPB41L4A	3	0.0279	0.7431
CTNNA1	EPB41L4A	3	0.1439	0.6431
KRT8	EPB41L4A	3	0.0257	0.7470
MAPRE3	EPB41L4A	3	0.2200	0.5991
KRT8	EPB41L4B	3	0.0095	0.7913
ACTB	EPB41L5	3	0.0000	0.8553
MAPRE3	EPB41L5	3	0.0001	0.8514
ACTB	EPC1	3	0.0002	0.8487
KRT8	EPC1	3	0.0000	0.8553
LMNA	EPC1	3	0.0053	0.8097
MAPRE3	EPC1	3	0.0000	0.8553
ACTB	EPC2	3	0.0007	0.8404
KRT8	EPC2	3	0.0002	0.8487
LMNA	EPC2	3	0.1804	0.6209
ACTB	EPG5	3	0.0075	0.7995
KRT8	EPG5	3	0.0188	0.7610
MAPRE3	EPG5	3	0.0000	0.8553
ACTB	EPHA2	3	0.0065	0.8039
KRT8	EPHA2	3	0.0036	0.8180
KRT8	EPHA6	3	0.3333	0.4096
KRT8	EPHB2	3	0.3333	0.4096
CTNNA1	EPHX1	3	0.3333	0.4096
LMNA	EPHX1	3	0.6667	0.0721
MAPRE3	EPHX1	3	0.3333	0.4096
ACTB	EPM2AIP1	3	0.0091	0.7930
KRT8	EPM2AIP1	3	0.0113	0.7846
LMNA	EPM2AIP1	3	0.0273	0.7439
ACTB	EPN1	3	0.0106	0.7871
CTNNA1	EPN1	3	0.0002	0.8487
KRT8	EPN1	3	0.0121	0.7811
MAPRE3	EPN1	3	0.0001	0.8514
ACTB	EPN2	3	0.0149	0.7719
CTNNA1	EPN2	3	0.0010	0.8371
KRT8	EPN2	3	0.0141	0.7742
LMNA	EPN2	3	0.0013	0.8344
MAPRE3	EPN2	3	0.0020	0.8282
ACTB	EPPK1	3	0.1544	0.6365
CTNNA1	EPPK1	3	0.0636	0.7029
KRT8	EPPK1	3	0.6433	0.1715
LMNA	EPPK1	3	0.1148	0.6632
MAPRE3	EPPK1	3	0.0966	0.6763
ACTB	EPRS1	3	0.2451	0.5875
CTNNA1	EPRS1	3	0.0418	0.7239
KRT8	EPRS1	3	0.2309	0.5942
LMNA	EPRS1	3	0.0837	0.6867
MAPRE3	EPRS1	3	0.1168	0.6617
ACTB	EPS15	3	0.0084	0.7959
CTNNA1	EPS15	3	0.0003	0.8465
KRT8	EPS15	3	0.0093	0.7922
LMNA	EPS15	3	0.0000	0.8553
MAPRE3	EPS15	3	0.0007	0.8404
ACTB	EPS15L1	3	0.0142	0.7739
CTNNA1	EPS15L1	3	0.0003	0.8465
KRT8	EPS15L1	3	0.0087	0.7947
LMNA	EPS15L1	3	0.0001	0.8514
MAPRE3	EPS15L1	3	0.0007	0.8404
ACTB	EPS8	3	1.0000	0.0000
KRT8	EPS8	3	0.3048	0.5579
MAPRE3	EPS8	3	0.0025	0.8246
ACTB	EPS8L2	3	1.0000	0.0000
KRT8	EPS8L2	3	0.6693	0.0693
ACTB	EPX	3	0.3333	0.4096
LMNA	EQTN	3	0.3333	0.4096
ACTB	ERAL1	3	0.1563	0.6354
CTNNA1	ERAL1	3	0.0372	0.7295
KRT8	ERAL1	3	0.3467	0.3699
LMNA	ERAL1	3	0.1478	0.6405
MAPRE3	ERAL1	3	0.0495	0.7159
ACTB	ERAP1	3	0.3333	0.4096
KRT8	ERAP1	3	0.6667	0.0721
LMNA	ERAP1	3	0.6667	0.0721
ACTB	ERBB2	3	0.1307	0.6518
CTNNA1	ERBB2	3	0.0421	0.7236
KRT8	ERBB2	3	0.0640	0.7026
LMNA	ERBB2	3	0.0017	0.8305
KRT8	ERBB3	3	0.3333	0.4096
ACTB	ERBIN	3	0.2943	0.5635
CTNNA1	ERBIN	3	0.3228	0.5492
KRT8	ERBIN	3	0.2976	0.5618
LMNA	ERBIN	3	0.0741	0.6940
MAPRE3	ERBIN	3	0.2180	0.6001
ACTB	ERC1	3	0.0142	0.7739
CTNNA1	ERC1	3	0.0012	0.8352
KRT8	ERC1	3	0.9840	0.0007
LMNA	ERC1	3	0.0021	0.8274
MAPRE3	ERC1	3	0.0070	0.8017
LMNA	ERCC1	3	0.3333	0.4096
ACTB	ERCC2	3	0.0071	0.8013
CTNNA1	ERCC2	3	0.0000	0.8553
KRT8	ERCC2	3	0.3611	0.3412
LMNA	ERCC2	3	0.0047	0.8127
MAPRE3	ERCC2	3	0.0002	0.8487
ACTB	ERCC3	3	0.0031	0.8206
KRT8	ERCC3	3	0.0284	0.7420
LMNA	ERCC3	3	0.1953	0.6118
ACTB	ERCC4	3	0.0019	0.8289
KRT8	ERCC4	3	0.0004	0.8448
LMNA	ERCC4	3	0.0163	0.7678
MAPRE3	ERCC4	3	0.0002	0.8487
ACTB	ERCC5	3	0.1237	0.6564
CTNNA1	ERCC5	3	0.0397	0.7257
KRT8	ERCC5	3	0.0906	0.6813
LMNA	ERCC5	3	0.2820	0.5694
MAPRE3	ERCC5	3	0.1120	0.6651
ACTB	ERCC6	3	0.0017	0.8305
KRT8	ERCC6	3	0.0006	0.8417
LMNA	ERCC6	3	0.0195	0.7594
MAPRE3	ERCC6	3	0.0007	0.8404
ACTB	ERCC6L	3	0.3151	0.5526
CTNNA1	ERCC6L	3	0.1313	0.6515
KRT8	ERCC6L	3	0.3290	0.5460
LMNA	ERCC6L	3	0.1230	0.6570
MAPRE3	ERCC6L	3	0.2164	0.6012
LMNA	ERCC6L2	3	0.3333	0.4096
KRT8	ERF	3	0.2793	0.5707
ACTB	ERGIC1	3	0.0695	0.6977
CTNNA1	ERGIC1	3	0.0001	0.8514
KRT8	ERGIC1	3	0.2910	0.5652
LMNA	ERGIC1	3	0.0440	0.7216
MAPRE3	ERGIC1	3	0.0010	0.8371
LMNA	ERGIC2	3	0.3333	0.4096
ACTB	ERI1	3	0.0041	0.8156
CTNNA1	ERI1	3	0.0001	0.8514
KRT8	ERI1	3	0.0048	0.8121
LMNA	ERI1	3	0.0010	0.8371
MAPRE3	ERI1	3	0.0003	0.8465
ACTB	ERI3	3	0.0059	0.8068
MAPRE3	ERI3	3	0.0008	0.8393
ACTB	ERICH1	3	0.0011	0.8360
KRT8	ERICH1	3	0.0011	0.8360
LMNA	ERICH1	3	0.2679	0.5757
MAPRE3	ERICH1	3	0.0011	0.8360
ACTB	ERLIN1	3	0.3333	0.4096
KRT8	ERLIN1	3	1.0000	0.0000
ACTB	ERLIN2	3	0.3352	0.4038
KRT8	ERLIN2	3	1.0000	0.0000
LMNA	ERLIN2	3	0.5596	0.1896
ACTB	ERO1A	3	0.0302	0.7392
CTNNA1	ERO1A	3	0.0084	0.7959
KRT8	ERO1A	3	0.0198	0.7587
LMNA	ERO1A	3	0.0189	0.7607
MAPRE3	ERO1A	3	0.0037	0.8175
ACTB	ERP29	3	0.1286	0.6531
CTNNA1	ERP29	3	0.0025	0.8246
KRT8	ERP29	3	0.0739	0.6942
LMNA	ERP29	3	0.0444	0.7210
MAPRE3	ERP29	3	0.0021	0.8274
ACTB	ERP44	3	0.0088	0.7944
CTNNA1	ERP44	3	0.0006	0.8417
KRT8	ERP44	3	0.0113	0.7846
LMNA	ERP44	3	0.0045	0.8137
MAPRE3	ERP44	3	0.0011	0.8360
MAPRE3	ERVV-1	3	0.3333	0.4096
LMNA	ESCO1	3	0.3333	0.4096
KRT8	ESCO2	3	0.0011	0.8360
LMNA	ESCO2	3	0.0202	0.7578
MAPRE3	ESCO2	3	0.0000	0.8553
LMNA	ESF1	3	0.2100	0.6045
MAPRE3	ESF1	3	0.0110	0.7857
ACTB	ESPL1	3	0.0468	0.7185
KRT8	ESPL1	3	0.1201	0.6590
MAPRE3	ESPL1	3	0.0897	0.6821
ACTB	ESRP1;ESRP2	3	0.3333	0.4096
LMNA	ESRRA;ESRRB	3	0.0044	0.8141
MAPRE3	ESRRA;ESRRB	3	0.0023	0.8260
ACTB	ESS2	3	0.0021	0.8274
KRT8	ESS2	3	0.0052	0.8103
LMNA	ESS2	3	0.6712	0.0665
MAPRE3	ESS2	3	0.0021	0.8274
ACTB	ESYT1	3	0.3554	0.3515
CTNNA1	ESYT1	3	0.1457	0.6418
KRT8	ESYT1	3	0.3632	0.3377
LMNA	ESYT1	3	0.3032	0.5585
MAPRE3	ESYT1	3	0.2506	0.5842
ACTB	ESYT2	3	0.2664	0.5763
CTNNA1	ESYT2	3	0.0629	0.7039
KRT8	ESYT2	3	0.3616	0.3401
LMNA	ESYT2	3	0.2080	0.6053
MAPRE3	ESYT2	3	0.1322	0.6508
ACTB	ETAA1	3	0.2577	0.5804
KRT8	ETAA1	3	0.0141	0.7742
LMNA	ETAA1	3	0.0301	0.7393
MAPRE3	ETAA1	3	0.0001	0.8514
ACTB	ETF1	3	0.2964	0.5623
CTNNA1	ETF1	3	0.0632	0.7035
KRT8	ETF1	3	0.3156	0.5522
LMNA	ETF1	3	0.0904	0.6816
MAPRE3	ETF1	3	0.1504	0.6389
ACTB	ETFA	3	0.0771	0.6918
CTNNA1	ETFA	3	0.2625	0.5780
KRT8	ETFA	3	0.7439	0.0367
LMNA	ETFA	3	0.5030	0.2095
MAPRE3	ETFA	3	0.0338	0.7339
ACTB	ETFB	3	0.1639	0.6309
CTNNA1	ETFB	3	0.0208	0.7566
KRT8	ETFB	3	0.2236	0.5975
LMNA	ETFB	3	0.0715	0.6961
MAPRE3	ETFB	3	0.0184	0.7619
CTNNA1	ETHE1	3	0.0132	0.7771
LMNA	ETHE1	3	0.0537	0.7118
LMNA	ETS2	3	0.1104	0.6664
LMNA	ETV3	3	0.0206	0.7570
LMNA	ETV6	3	1.0000	0.0000
ACTB	EURL	3	0.0068	0.8026
KRT8	EURL	3	0.2249	0.5970
LMNA	EURL	3	0.1733	0.6253
ACTB	EVI5	3	0.3018	0.5593
CTNNA1	EVI5	3	0.0077	0.7987
KRT8	EVI5	3	0.2903	0.5657
MAPRE3	EVI5	3	0.0020	0.8282
ACTB	EVL	3	0.6667	0.0721
ACTB	EVPL	3	0.0230	0.7521
CTNNA1	EVPL	3	0.0005	0.8431
KRT8	EVPL	3	0.2131	0.6032
LMNA	EVPL	3	0.0009	0.8382
MAPRE3	EVPL	3	0.0041	0.8156
CTNNA1	EVPLL	3	0.3333	0.4096
ACTB	EWSR1	3	0.1031	0.6711
CTNNA1	EWSR1	3	0.0119	0.7820
KRT8	EWSR1	3	0.0378	0.7285
LMNA	EWSR1	3	0.0530	0.7123
MAPRE3	EWSR1	3	0.0312	0.7377
ACTB	EXD2	3	0.0037	0.8175
KRT8	EXD2	3	0.0035	0.8185
LMNA	EXO1	3	0.6639	0.1632
ACTB	EXO5	3	0.0059	0.8068
CTNNA1	EXO5	3	0.0001	0.8514
KRT8	EXO5	3	0.0253	0.7478
LMNA	EXO5	3	0.0128	0.7786
MAPRE3	EXO5	3	0.0038	0.8170
ACTB	EXOC1	3	0.0574	0.7085
CTNNA1	EXOC1	3	0.0001	0.8514
KRT8	EXOC1	3	0.2047	0.6073
MAPRE3	EXOC1	3	0.0302	0.7392
ACTB	EXOC2	3	0.0109	0.7861
CTNNA1	EXOC2	3	0.0010	0.8371
KRT8	EXOC2	3	0.0122	0.7807
LMNA	EXOC2	3	0.0005	0.8431
MAPRE3	EXOC2	3	0.0014	0.8335
ACTB	EXOC3	3	0.3732	0.3188
CTNNA1	EXOC3	3	0.0011	0.8360
KRT8	EXOC3	3	0.0237	0.7509
LMNA	EXOC3	3	0.0035	0.8185
MAPRE3	EXOC3	3	0.0069	0.8021
MAPRE3	EXOC3L1	3	0.6667	0.0721
ACTB	EXOC4	3	0.0443	0.7212
CTNNA1	EXOC4	3	0.0008	0.8393
KRT8	EXOC4	3	0.6145	0.1767
LMNA	EXOC4	3	0.0022	0.8268
MAPRE3	EXOC4	3	0.0056	0.8082
ACTB	EXOC5	3	0.0191	0.7603
KRT8	EXOC5	3	0.3602	0.3434
LMNA	EXOC5	3	0.0003	0.8465
MAPRE3	EXOC5	3	0.0038	0.8170
ACTB	EXOC6	3	0.3349	0.4044
KRT8	EXOC6	3	0.0438	0.7218
LMNA	EXOC6	3	0.0041	0.8156
ACTB	EXOC6B	3	0.1441	0.6429
KRT8	EXOC6B	3	0.0263	0.7458
MAPRE3	EXOC6B	3	0.0002	0.8487
ACTB	EXOC7	3	0.0144	0.7732
CTNNA1	EXOC7	3	0.0008	0.8393
KRT8	EXOC7	3	0.0393	0.7263
LMNA	EXOC7	3	0.0002	0.8487
MAPRE3	EXOC7	3	0.0034	0.8190
ACTB	EXOC8	3	0.3368	0.3985
KRT8	EXOC8	3	0.3731	0.3190
ACTB	EXOSC10	3	0.1201	0.6590
CTNNA1	EXOSC10	3	0.0171	0.7655
KRT8	EXOSC10	3	0.1304	0.6521
LMNA	EXOSC10	3	0.2631	0.5778
MAPRE3	EXOSC10	3	0.1587	0.6339
KRT8	EXOSC2	3	0.3333	0.4096
KRT8	EXOSC5	3	0.3333	0.4096
LMNA	EXOSC5	3	0.6667	0.0721
ACTB	EXOSC7	3	0.0255	0.7474
KRT8	EXOSC7	3	0.0532	0.7121
LMNA	EXOSC7	3	0.0036	0.8180
MAPRE3	EXOSC7	3	0.0003	0.8465
KRT8	EXOSC8	3	0.3370	0.3980
LMNA	EXOSC8	3	0.3343	0.4060
ACTB	EXOSC9	3	0.2067	0.6059
CTNNA1	EXOSC9	3	0.0627	0.7041
KRT8	EXOSC9	3	0.2527	0.5830
LMNA	EXOSC9	3	0.3117	0.5543
MAPRE3	EXOSC9	3	0.1177	0.6609
ACTB	EXPH5	3	0.1838	0.6189
KRT8	EXPH5	3	0.7843	0.0260
MAPRE3	EXPH5	3	0.0428	0.7230
KRT8	EYA1	3	0.3333	0.4096
ACTB	EYA2	3	0.3333	0.4096
ACTB	EYA3	3	0.0005	0.8431
LMNA	EYA3	3	0.4407	0.2422
ACTB	EYA4	3	0.0112	0.7849
CTNNA1	EYA4	3	0.0001	0.8514
KRT8	EYA4	3	0.1642	0.6307
LMNA	EYA4	3	0.0417	0.7240
MAPRE3	EYS	3	0.3333	0.4096
MAPRE3	EZH1	3	0.3333	0.4096
LMNA	EZH2	3	0.0040	0.8161
ACTB	EZR	3	0.3715	0.3227
CTNNA1	EZR	3	0.1708	0.6268
KRT8	EZR	3	0.3828	0.3053
LMNA	EZR	3	0.1960	0.6116
MAPRE3	EZR	3	0.2832	0.5687
ACTB	F5	3	0.0005	0.8431
LMNA	F5	3	0.0008	0.8393
KRT8	F8	3	0.3333	0.4096
KRT8	FA2H	3	0.3333	0.4096
KRT8	FAAP100	3	0.0192	0.7600
LMNA	FAAP100	3	0.0008	0.8393
ACTB	FABP7	3	0.3333	0.4096
ACTB	FADS1	3	0.2590	0.5797
KRT8	FADS1	3	0.3183	0.5511
LMNA	FADS1	3	0.2528	0.5830
MAPRE3	FADS1	3	0.0314	0.7376
ACTB	FADS2	3	0.0017	0.8305
KRT8	FADS2	3	0.0206	0.7570
LMNA	FADS2	3	0.2201	0.5991
ACTB	FAF1	3	0.0054	0.8093
KRT8	FAF1	3	0.0146	0.7726
LMNA	FAF1	3	0.0006	0.8417
MAPRE3	FAF1	3	0.0000	0.8553
ACTB	FAF2	3	0.0513	0.7141
CTNNA1	FAF2	3	0.0183	0.7623
KRT8	FAF2	3	0.1182	0.6603
LMNA	FAF2	3	0.4476	0.2379
MAPRE3	FAF2	3	0.0355	0.7317
CTNNA1	FAHD2A	3	0.3333	0.4096
KRT8	FAHD2A	3	0.3333	0.4096
LMNA	FAHD2A	3	0.3333	0.4096
ACTB	FAM107B	3	0.9016	0.0078
KRT8	FAM107B	3	0.1377	0.6467
MAPRE3	FAM107B	3	0.0010	0.8371
CTNNA1	FAM110A	3	0.6667	0.0721
ACTB	FAM111B	3	0.0009	0.8382
KRT8	FAM111B	3	0.0034	0.8190
LMNA	FAM111B	3	0.0096	0.7908
MAPRE3	FAM111B	3	0.0004	0.8448
ACTB	FAM114A1	3	0.3285	0.5463
CTNNA1	FAM114A1	3	0.1855	0.6181
KRT8	FAM114A1	3	0.3282	0.5465
LMNA	FAM114A1	3	0.0055	0.8088
MAPRE3	FAM114A1	3	0.2312	0.5940
ACTB	FAM114A2	3	0.0144	0.7732
CTNNA1	FAM114A2	3	0.0001	0.8514
KRT8	FAM114A2	3	0.0092	0.7925
MAPRE3	FAM114A2	3	0.0011	0.8360
ACTB	FAM117B	3	0.0649	0.7021
CTNNA1	FAM117B	3	0.0007	0.8404
KRT8	FAM117B	3	0.0060	0.8062
LMNA	FAM117B	3	0.0023	0.8260
MAPRE3	FAM117B	3	0.0190	0.7605
ACTB	FAM120A	3	0.2942	0.5636
CTNNA1	FAM120A	3	0.0654	0.7015
KRT8	FAM120A	3	0.3348	0.4049
LMNA	FAM120A	3	0.1841	0.6187
MAPRE3	FAM120A	3	0.1947	0.6124
ACTB	FAM120B	3	0.0162	0.7681
KRT8	FAM120B	3	0.0570	0.7091
LMNA	FAM120B	3	0.0037	0.8175
MAPRE3	FAM120B	3	0.0026	0.8238
CTNNA1	FAM120C	3	0.3333	0.4096
KRT8	FAM120C	3	0.3333	0.4096
MAPRE3	FAM124A	3	0.3333	0.4096
ACTB	FAM135A	3	0.0024	0.8252
KRT8	FAM135A	3	0.3391	0.3910
MAPRE3	FAM135A	3	0.0006	0.8417
ACTB	FAM13A	3	0.0047	0.8127
KRT8	FAM13A	3	0.0054	0.8093
MAPRE3	FAM13A	3	0.0180	0.7632
ACTB	FAM161A	3	0.0043	0.8145
KRT8	FAM161A	3	0.1069	0.6688
MAPRE3	FAM161A	3	0.8384	0.0187
KRT8	FAM168A	3	0.6667	0.0721
LMNA	FAM168A	3	0.3333	0.4096
LMNA	FAM169A	3	1.0000	0.0000
ACTB	FAM171A1	3	0.2138	0.6027
CTNNA1	FAM171A1	3	0.0001	0.8514
KRT8	FAM171A1	3	0.0054	0.8093
ACTB	FAM171A2	3	0.0016	0.8315
ACTB	FAM172A	3	0.1019	0.6720
LMNA	FAM172A	3	0.2413	0.5897
KRT8	FAM177A1	3	0.3333	0.4096
LMNA	FAM177A1	3	0.3333	0.4096
MAPRE3	FAM177A1	3	0.3333	0.4096
ACTB	FAM181A	3	0.3333	0.4096
MAPRE3	FAM181B	3	0.3333	0.4096
MAPRE3	FAM186A	3	0.3157	0.5522
ACTB	FAM193A	3	0.0058	0.8072
CTNNA1	FAM193A	3	0.0004	0.8448
KRT8	FAM193A	3	0.0474	0.7179
LMNA	FAM193A	3	0.0002	0.8487
MAPRE3	FAM193A	3	0.0009	0.8382
ACTB	FAM193B	3	0.3388	0.3917
KRT8	FAM193B	3	0.9993	0.0000
ACTB	FAM200B	3	0.3333	0.4096
KRT8	FAM200C	3	0.3333	0.4096
LMNA	FAM200C	3	0.6667	0.0721
LMNA	FAM204A	3	1.0000	0.0000
CTNNA1	FAM210B	3	0.0015	0.8325
KRT8	FAM210B	3	0.0017	0.8305
LMNA	FAM210B	3	0.0008	0.8393
ACTB	FAM217A	3	0.3333	0.4096
KRT8	FAM237B	3	0.3333	0.4096
MAPRE3	FAM241A	3	0.3333	0.4096
LMNA	FAM25A;FAM25C;FAM25G	3	0.3333	0.4096
LMNA	FAM27D1	3	0.3333	0.4096
LMNA	FAM32A	3	0.1158	0.6625
ACTB	FAM50A	3	0.0102	0.7887
CTNNA1	FAM50A	3	0.0001	0.8514
KRT8	FAM50A	3	0.0059	0.8068
LMNA	FAM50A	3	0.0188	0.7610
MAPRE3	FAM50A	3	0.0074	0.8000
LMNA	FAM50B	3	0.2340	0.5931
ACTB	FAM83B	3	0.0038	0.8170
KRT8	FAM83B	3	0.6746	0.0611
KRT8	FAM83C	3	0.3333	0.4096
ACTB	FAM83D	3	0.0416	0.7242
CTNNA1	FAM83D	3	0.0008	0.8393
KRT8	FAM83D	3	0.7818	0.0272
LMNA	FAM83D	3	0.0172	0.7653
MAPRE3	FAM83D	3	0.1113	0.6657
ACTB	FAM83G	3	0.0179	0.7634
KRT8	FAM83G	3	0.5558	0.1909
LMNA	FAM83G	3	0.0015	0.8325
MAPRE3	FAM83G	3	0.1344	0.6488
ACTB	FAM83H	3	0.0117	0.7830
KRT8	FAM83H	3	1.0000	0.0000
LMNA	FAM83H	3	0.0073	0.8005
MAPRE3	FAM83H	3	0.0030	0.8212
ACTB	FAM86C2P	3	0.3333	0.4096
KRT8	FAM8A1	3	0.3333	0.4096
ACTB	FAM91A1	3	0.0133	0.7767
KRT8	FAM91A1	3	0.2461	0.5867
ACTB	FAM98A	3	0.2515	0.5839
CTNNA1	FAM98A	3	0.0216	0.7550
KRT8	FAM98A	3	0.2488	0.5851
LMNA	FAM98A	3	0.1092	0.6672
MAPRE3	FAM98A	3	0.1046	0.6700
ACTB	FAM98B	3	0.0844	0.6859
CTNNA1	FAM98B	3	0.0108	0.7866
KRT8	FAM98B	3	0.1523	0.6378
LMNA	FAM98B	3	0.2391	0.5907
MAPRE3	FAM98B	3	0.0560	0.7101
ACTB	FAN1	3	0.0282	0.7424
LMNA	FAN1	3	0.1429	0.6437
MAPRE3	FAN1	3	0.0014	0.8335
ACTB	FANCA	3	0.0007	0.8404
CTNNA1	FANCA	3	0.0002	0.8487
KRT8	FANCA	3	0.0079	0.7980
LMNA	FANCA	3	0.0031	0.8206
KRT8	FANCB	3	0.0003	0.8465
LMNA	FANCB	3	0.0075	0.7995
KRT8	FANCD2	3	0.3250	0.5480
LMNA	FANCD2	3	0.3475	0.3667
KRT8	FANCG	3	0.9981	0.0001
LMNA	FANCG	3	0.3333	0.4096
ACTB	FANCI	3	0.2736	0.5732
CTNNA1	FANCI	3	0.1517	0.6382
KRT8	FANCI	3	0.3165	0.5518
LMNA	FANCI	3	0.3597	0.3442
MAPRE3	FANCI	3	0.2187	0.5997
KRT8	FANCL	3	0.0000	0.8553
LMNA	FANCL	3	0.0123	0.7804
ACTB	FANCM	3	0.0019	0.8289
KRT8	FANCM	3	0.0051	0.8108
LMNA	FANCM	3	0.3482	0.3660
MAPRE3	FANCM	3	0.0003	0.8465
ACTB	FAR1	3	0.0885	0.6828
CTNNA1	FAR1	3	0.1166	0.6618
KRT8	FAR1	3	0.9972	0.0001
LMNA	FAR1	3	0.0499	0.7155
MAPRE3	FAR1	3	0.0039	0.8165
ACTB	FARP1	3	0.0210	0.7563
CTNNA1	FARP1	3	0.0080	0.7976
KRT8	FARP1	3	0.2769	0.5716
LMNA	FARP1	3	0.0296	0.7400
ACTB	FARP2	3	0.0089	0.7939
KRT8	FARP2	3	0.2795	0.5706
LMNA	FARP2	3	0.0042	0.8151
CTNNA1	FARS2	3	0.0042	0.8151
KRT8	FARS2	3	0.1804	0.6209
LMNA	FARS2	3	0.0460	0.7195
ACTB	FARSA	3	0.1829	0.6195
CTNNA1	FARSA	3	0.0195	0.7594
KRT8	FARSA	3	0.2852	0.5679
LMNA	FARSA	3	0.0983	0.6747
MAPRE3	FARSA	3	0.0651	0.7018
ACTB	FARSB	3	0.0675	0.6995
CTNNA1	FARSB	3	0.0470	0.7183
KRT8	FARSB	3	0.2570	0.5809
LMNA	FARSB	3	0.0456	0.7198
MAPRE3	FARSB	3	0.0101	0.7890
MAPRE3	FASLG	3	0.3333	0.4096
ACTB	FASN	3	0.2351	0.5926
CTNNA1	FASN	3	0.0328	0.7353
KRT8	FASN	3	0.2797	0.5706
LMNA	FASN	3	0.0733	0.6949
MAPRE3	FASN	3	0.0853	0.6853
ACTB	FASTKD1	3	0.3333	0.4096
KRT8	FASTKD1	3	1.0000	0.0000
ACTB	FASTKD2	3	0.0453	0.7201
KRT8	FASTKD2	3	0.9983	0.0001
LMNA	FASTKD2	3	0.0062	0.8053
ACTB	FASTKD3	3	0.3333	0.4096
KRT8	FASTKD3	3	0.3333	0.4096
KRT8	FASTKD5	3	0.3913	0.2919
LMNA	FASTKD5	3	0.0035	0.8185
KRT8	FAT1	3	0.3281	0.5465
LMNA	FAT2	3	0.3333	0.4096
ACTB	FAT4	3	0.0256	0.7472
CTNNA1	FAT4	3	0.0061	0.8057
KRT8	FAT4	3	0.0059	0.8068
LMNA	FAT4	3	0.0171	0.7655
MAPRE3	FAT4	3	0.0001	0.8514
ACTB	FAU	3	0.0127	0.7790
CTNNA1	FAU	3	0.0088	0.7944
KRT8	FAU	3	0.0327	0.7356
LMNA	FAU	3	0.0265	0.7454
MAPRE3	FAU	3	0.0073	0.8005
KRT8	FBF1	3	0.3333	0.4096
MAPRE3	FBF1	3	0.3333	0.4096
ACTB	FBL	3	0.1383	0.6463
CTNNA1	FBL	3	0.0115	0.7837
KRT8	FBL	3	0.1866	0.6171
LMNA	FBL	3	0.1234	0.6566
MAPRE3	FBL	3	0.0455	0.7199
ACTB	FBLIM1	3	0.2637	0.5776
KRT8	FBLIM1	3	0.0036	0.8180
KRT8	FBRS	3	0.0001	0.8514
LMNA	FBRS	3	0.2957	0.5630
MAPRE3	FBRS	3	0.0157	0.7695
ACTB	FBRSL1	3	0.0377	0.7286
CTNNA1	FBRSL1	3	0.0181	0.7628
KRT8	FBRSL1	3	0.3158	0.5522
LMNA	FBRSL1	3	0.0805	0.6896
MAPRE3	FBRSL1	3	0.0023	0.8260
KRT8	FBXL12	3	0.9996	0.0000
LMNA	FBXL12	3	0.0018	0.8297
ACTB	FBXL18	3	0.0028	0.8224
CTNNA1	FBXL18	3	0.0002	0.8487
KRT8	FBXL18	3	0.0110	0.7857
LMNA	FBXL18	3	0.0014	0.8335
ACTB	FBXL19	3	0.3333	0.4096
KRT8	FBXL19	3	0.6667	0.0721
LMNA	FBXL20	3	1.0000	0.0000
CTNNA1	FBXL21P	3	0.3333	0.4096
LMNA	FBXL3	3	0.3333	0.4096
ACTB	FBXO22	3	0.0277	0.7434
CTNNA1	FBXO22	3	0.0112	0.7849
KRT8	FBXO22	3	0.0201	0.7580
LMNA	FBXO22	3	0.0366	0.7303
MAPRE3	FBXO22	3	0.0091	0.7930
ACTB	FBXO25	3	0.0032	0.8201
LMNA	FBXO25	3	0.0043	0.8145
LMNA	FBXO28	3	0.3333	0.4096
MAPRE3	FBXO28	3	0.3333	0.4096
KRT8	FBXO3	3	1.0000	0.0000
LMNA	FBXO3	3	0.6667	0.0721
ACTB	FBXO30	3	0.0213	0.7557
CTNNA1	FBXO30	3	0.0001	0.8514
KRT8	FBXO30	3	0.2482	0.5854
LMNA	FBXO30	3	0.0006	0.8417
MAPRE3	FBXO30	3	0.0006	0.8417
ACTB	FBXO38	3	0.0000	0.8553
CTNNA1	FBXO38	3	0.0002	0.8487
KRT8	FBXO38	3	0.0000	0.8553
LMNA	FBXO38	3	0.0098	0.7900
ACTB	FBXO4	3	0.0192	0.7600
KRT8	FBXO4	3	0.1160	0.6624
LMNA	FBXO4	3	0.0055	0.8088
MAPRE3	FBXO4	3	0.0004	0.8448
ACTB	FBXO42	3	0.0808	0.6892
KRT8	FBXO42	3	0.2208	0.5988
ACTB	FBXO45	3	0.0002	0.8487
KRT8	FBXO45	3	0.0035	0.8185
MAPRE3	FBXO45	3	0.0001	0.8514
ACTB	FBXO46	3	0.3333	0.4096
ACTB	FBXO5	3	0.0030	0.8212
KRT8	FBXO5	3	0.0054	0.8093
LMNA	FBXO5	3	0.0046	0.8132
MAPRE3	FBXO5	3	0.0014	0.8335
ACTB	FBXO7	3	0.0294	0.7404
KRT8	FBXO7	3	0.0649	0.7021
LMNA	FBXO7	3	0.0169	0.7661
KRT8	FBXW5	3	0.6667	0.0721
ACTB	FBXW9	3	0.0910	0.6808
KRT8	FBXW9	3	0.2758	0.5723
LMNA	FBXW9	3	0.0708	0.6966
MAPRE3	FBXW9	3	0.0117	0.7830
KRT8	FCAR	3	0.3333	0.4096
ACTB	FCGBP	3	0.3333	0.4096
ACTB	FCHO2	3	0.0027	0.8233
KRT8	FCHO2	3	0.0015	0.8325
MAPRE3	FCHO2	3	0.0080	0.7976
ACTB	FCHSD1	3	0.0030	0.8212
KRT8	FCHSD1	3	0.0548	0.7110
ACTB	FCHSD2	3	0.0114	0.7842
KRT8	FCHSD2	3	0.3418	0.3825
MAPRE3	FCHSD2	3	0.0008	0.8393
ACTB	FCRL3	3	0.0009	0.8382
ACTB	FDCSP	3	0.3333	0.4096
ACTB	FDPS	3	0.1827	0.6197
CTNNA1	FDPS	3	0.0390	0.7268
KRT8	FDPS	3	0.1896	0.6154
LMNA	FDPS	3	0.1336	0.6495
MAPRE3	FDPS	3	0.0393	0.7263
ACTB	FDXR	3	0.0034	0.8190
KRT8	FDXR	3	0.0245	0.7491
LMNA	FDXR	3	0.0724	0.6955
KRT8	FECH	3	0.1106	0.6663
LMNA	FECH	3	0.0719	0.6956
LMNA	FEM1A	3	0.3333	0.4096
ACTB	FEN1	3	0.0920	0.6799
CTNNA1	FEN1	3	0.0413	0.7243
KRT8	FEN1	3	0.0640	0.7026
LMNA	FEN1	3	0.1737	0.6251
MAPRE3	FEN1	3	0.0545	0.7112
ACTB	FER	3	0.0063	0.8048
KRT8	FER	3	0.0057	0.8078
MAPRE3	FER	3	0.0000	0.8553
LMNA	FER1L4	3	0.6667	0.0721
ACTB	FERMT1	3	0.0237	0.7509
CTNNA1	FERMT1	3	0.0039	0.8165
KRT8	FERMT1	3	0.0868	0.6841
LMNA	FERMT1	3	0.0132	0.7771
MAPRE3	FERMT1	3	0.0042	0.8151
ACTB	FERMT2	3	0.2912	0.5649
CTNNA1	FERMT2	3	0.1327	0.6502
KRT8	FERMT2	3	0.3354	0.4033
LMNA	FERMT2	3	0.1713	0.6266
MAPRE3	FERMT2	3	0.1307	0.6518
MAPRE3	FERMT3	3	0.3333	0.4096
ACTB	FETUB	3	0.0291	0.7409
ACTB	FEZ1	3	0.3333	0.4096
KRT8	FFAR2	3	0.3333	0.4096
ACTB	FGA	3	0.0746	0.6937
CTNNA1	FGA	3	0.0028	0.8224
KRT8	FGA	3	0.3333	0.4096
ACTB	FGB	3	0.0075	0.7995
CTNNA1	FGB	3	0.0003	0.8465
ACTB	FGD1	3	0.0798	0.6900
CTNNA1	FGD1	3	0.0005	0.8431
KRT8	FGD1	3	0.0152	0.7709
LMNA	FGD1	3	0.0006	0.8417
MAPRE3	FGD1	3	0.0033	0.8195
ACTB	FGD4	3	0.5976	0.1801
CTNNA1	FGD4	3	0.0010	0.8371
KRT8	FGD4	3	0.0122	0.7807
MAPRE3	FGD4	3	0.0010	0.8371
ACTB	FGD6	3	0.0395	0.7260
KRT8	FGD6	3	0.0006	0.8417
CTNNA1	FGF1	3	0.3333	0.4096
ACTB	FGF14	3	0.3333	0.4096
ACTB	FGF2	3	0.0242	0.7498
CTNNA1	FGF2	3	0.0148	0.7721
KRT8	FGF2	3	0.0179	0.7634
LMNA	FGF2	3	0.0155	0.7700
MAPRE3	FGF2	3	0.0064	0.8044
ACTB	FGFR1	3	0.3333	0.4096
MAPRE3	FGFR1OP2	3	0.3333	0.4096
MAPRE3	FGFR3	3	0.3333	0.4096
ACTB	FGG	3	0.3333	0.4096
ACTB	FGL1	3	0.3333	0.4096
LMNA	FGR	3	0.3333	0.4096
ACTB	FH	3	0.0494	0.7160
CTNNA1	FH	3	0.0118	0.7826
KRT8	FH	3	0.0661	0.7007
LMNA	FH	3	0.0275	0.7437
MAPRE3	FH	3	0.0049	0.8116
LMNA	FHAD1	3	0.3333	0.4096
MAPRE3	FHDC1	3	0.3333	0.4096
ACTB	FHIP1A	3	0.0088	0.7944
CTNNA1	FHIP1A	3	0.0000	0.8553
KRT8	FHIP1A	3	0.0193	0.7598
LMNA	FHIP1A	3	0.0003	0.8465
MAPRE3	FHIP1A	3	0.0004	0.8448
LMNA	FHIP1B	3	0.3333	0.4096
ACTB	FHIP2A	3	0.0125	0.7796
KRT8	FHIP2A	3	0.0110	0.7857
MAPRE3	FHIP2A	3	0.0017	0.8305
KRT8	FHIP2B	3	0.3333	0.4096
ACTB	FHL1	3	0.0326	0.7357
CTNNA1	FHL1	3	0.0002	0.8487
KRT8	FHL1	3	0.0551	0.7107
LMNA	FHL1	3	0.0207	0.7568
MAPRE3	FHL1	3	0.0034	0.8190
ACTB	FHL3	3	0.0908	0.6811
CTNNA1	FHL3	3	0.0164	0.7674
KRT8	FHL3	3	0.0982	0.6749
LMNA	FHL3	3	0.0899	0.6819
MAPRE3	FHL3	3	0.0066	0.8035
ACTB	FHOD1	3	0.1959	0.6116
CTNNA1	FHOD1	3	0.0006	0.8417
KRT8	FHOD1	3	0.0130	0.7779
LMNA	FHOD1	3	0.0010	0.8371
MAPRE3	FHOD1	3	0.0021	0.8274
ACTB	FHOD3	3	1.0000	0.0000
LMNA	FHOD3	3	0.3333	0.4096
LMNA	FIBCD1	3	0.3333	0.4096
ACTB	FICD	3	0.0184	0.7619
KRT8	FICD	3	0.0023	0.8260
LMNA	FICD	3	0.0086	0.7950
ACTB	FIG4	3	0.0019	0.8289
KRT8	FIG4	3	0.0002	0.8487
ACTB	FIGNL1	3	0.2312	0.5940
CTNNA1	FIGNL1	3	0.0383	0.7278
KRT8	FIGNL1	3	0.2907	0.5654
LMNA	FIGNL1	3	0.2763	0.5720
MAPRE3	FIGNL1	3	0.1201	0.6590
ACTB	FILIP1L	3	0.3333	0.4096
LMNA	FILIP1L	3	0.3333	0.4096
ACTB	FIP1L1	3	0.0015	0.8325
CTNNA1	FIP1L1	3	0.0000	0.8553
KRT8	FIP1L1	3	0.0026	0.8238
LMNA	FIP1L1	3	0.2302	0.5944
MAPRE3	FIP1L1	3	0.0010	0.8371
ACTB	FIRRM	3	0.0199	0.7585
KRT8	FIRRM	3	0.2184	0.6000
LMNA	FIRRM	3	0.1941	0.6127
LMNA	FIZ1	3	0.0029	0.8218
ACTB	FKBP10	3	0.0012	0.8352
LMNA	FKBP10	3	0.0007	0.8404
ACTB	FKBP15	3	0.0171	0.7655
CTNNA1	FKBP15	3	0.0004	0.8448
KRT8	FKBP15	3	0.0164	0.7674
LMNA	FKBP15	3	0.0007	0.8404
MAPRE3	FKBP15	3	0.0029	0.8218
ACTB	FKBP3	3	0.1180	0.6605
CTNNA1	FKBP3	3	0.0242	0.7498
KRT8	FKBP3	3	0.0960	0.6770
LMNA	FKBP3	3	0.0355	0.7317
MAPRE3	FKBP3	3	0.0718	0.6957
ACTB	FKBP4	3	0.2547	0.5820
CTNNA1	FKBP4	3	0.0655	0.7015
KRT8	FKBP4	3	0.2986	0.5612
LMNA	FKBP4	3	0.1867	0.6170
MAPRE3	FKBP4	3	0.0973	0.6757
KRT8	FKBP5	3	0.3333	0.4096
LMNA	FKBP5	3	0.3333	0.4096
LMNA	FKBP7	3	0.0002	0.8487
ACTB	FKBP8	3	0.0503	0.7152
CTNNA1	FKBP8	3	0.0205	0.7572
KRT8	FKBP8	3	0.0604	0.7061
LMNA	FKBP8	3	0.0835	0.6869
MAPRE3	FKBP8	3	0.0044	0.8141
ACTB	FKRP	3	0.6667	0.0721
ACTB	FLAD1	3	0.0074	0.8000
KRT8	FLAD1	3	0.0171	0.7655
LMNA	FLAD1	3	0.0007	0.8404
KRT8	FLCN	3	0.3333	0.4096
ACTB	FLG	3	0.4614	0.2278
LMNA	FLG	3	0.0947	0.6780
ACTB	FLG2	3	0.2438	0.5881
CTNNA1	FLG2	3	0.1434	0.6435
KRT8	FLG2	3	0.1563	0.6354
LMNA	FLG2	3	0.1880	0.6163
MAPRE3	FLG2	3	0.0506	0.7149
ACTB	FLII	3	0.6007	0.1792
CTNNA1	FLII	3	0.0009	0.8382
KRT8	FLII	3	0.1053	0.6696
LMNA	FLII	3	0.0032	0.8201
MAPRE3	FLII	3	0.0050	0.8113
ACTB	FLNA	3	0.3051	0.5576
CTNNA1	FLNA	3	0.1329	0.6500
KRT8	FLNA	3	0.2666	0.5762
LMNA	FLNA	3	0.0830	0.6875
MAPRE3	FLNA	3	0.1815	0.6203
ACTB	FLNB	3	0.2884	0.5664
CTNNA1	FLNB	3	0.0472	0.7181
KRT8	FLNB	3	0.2107	0.6042
LMNA	FLNB	3	0.0484	0.7171
MAPRE3	FLNB	3	0.0635	0.7031
ACTB	FLNC	3	0.2990	0.5610
CTNNA1	FLNC	3	0.0949	0.6777
KRT8	FLNC	3	0.2814	0.5698
LMNA	FLNC	3	0.1185	0.6600
MAPRE3	FLNC	3	0.1529	0.6376
ACTB	FLOT1	3	0.0053	0.8097
CTNNA1	FLOT1	3	0.0003	0.8465
KRT8	FLOT1	3	0.0040	0.8161
LMNA	FLOT1	3	0.0002	0.8487
MAPRE3	FLOT1	3	0.0001	0.8514
ACTB	FLOT2	3	0.1017	0.6722
CTNNA1	FLOT2	3	0.0400	0.7255
KRT8	FLOT2	3	0.0506	0.7149
LMNA	FLOT2	3	0.0159	0.7689
MAPRE3	FLOT2	3	0.0096	0.7908
LMNA	FLRT1	3	0.3333	0.4096
ACTB	FLYWCH1	3	0.0034	0.8190
CTNNA1	FLYWCH1	3	0.0005	0.8431
KRT8	FLYWCH1	3	0.0017	0.8305
LMNA	FLYWCH1	3	0.0272	0.7441
MAPRE3	FLYWCH1	3	0.0014	0.8335
ACTB	FLYWCH2	3	0.0145	0.7729
CTNNA1	FLYWCH2	3	0.0039	0.8165
KRT8	FLYWCH2	3	0.0156	0.7698
LMNA	FLYWCH2	3	0.2473	0.5859
ACTB	FMN1	3	0.0957	0.6771
CTNNA1	FMN1	3	0.0173	0.7650
KRT8	FMN1	3	0.4021	0.2784
MAPRE3	FMN1	3	0.0006	0.8417
ACTB	FMNL1	3	0.9989	0.0000
KRT8	FMNL1	3	0.0129	0.7782
LMNA	FMNL1	3	0.0073	0.8005
MAPRE3	FMNL1	3	0.0012	0.8352
ACTB	FMNL2	3	1.0000	0.0000
CTNNA1	FMNL2	3	0.0076	0.7991
KRT8	FMNL2	3	0.0056	0.8082
ACTB	FMNL3	3	1.0000	0.0000
KRT8	FMO3	3	0.3333	0.4096
KRT8	FMOD	3	0.3333	0.4096
ACTB	FMR1	3	0.0045	0.8137
KRT8	FMR1	3	0.3338	0.4080
LMNA	FMR1	3	0.0033	0.8195
MAPRE3	FMR1	3	0.0020	0.8282
ACTB	FN1	3	0.1064	0.6690
CTNNA1	FN1	3	0.0014	0.8335
KRT8	FN1	3	0.0370	0.7297
MAPRE3	FN1	3	0.0010	0.8371
ACTB	FN3KRP	3	0.0062	0.8053
CTNNA1	FN3KRP	3	0.0115	0.7837
KRT8	FN3KRP	3	0.0041	0.8156
LMNA	FN3KRP	3	0.0147	0.7724
MAPRE3	FN3KRP	3	0.0038	0.8170
ACTB	FNBP1	3	0.0862	0.6846
KRT8	FNBP1	3	0.0124	0.7799
MAPRE3	FNBP1	3	0.0070	0.8017
ACTB	FNBP1L	3	0.3324	0.5437
CTNNA1	FNBP1L	3	0.0001	0.8514
KRT8	FNBP1L	3	0.0160	0.7686
LMNA	FNBP1L	3	0.0006	0.8417
MAPRE3	FNBP1L	3	0.0017	0.8305
ACTB	FNBP4	3	0.0030	0.8212
CTNNA1	FNBP4	3	0.0001	0.8514
KRT8	FNBP4	3	0.0010	0.8371
LMNA	FNBP4	3	0.0042	0.8151
MAPRE3	FNBP4	3	0.0001	0.8514
ACTB	FNDC3A	3	0.0004	0.8448
KRT8	FNDC3A	3	0.0000	0.8553
LMNA	FNDC3A	3	0.0005	0.8431
MAPRE3	FNDC3A	3	0.0044	0.8141
ACTB	FNDC3B	3	0.1109	0.6662
KRT8	FNDC3B	3	0.0207	0.7568
LMNA	FNDC3B	3	0.0014	0.8335
MAPRE3	FNDC3B	3	0.0002	0.8487
ACTB	FNIP1	3	0.0075	0.7995
CTNNA1	FNIP1	3	0.0000	0.8553
KRT8	FNIP1	3	0.0109	0.7861
LMNA	FNIP1	3	0.0001	0.8514
MAPRE3	FNIP1	3	0.0009	0.8382
ACTB	FNTB	3	0.0345	0.7331
CTNNA1	FNTB	3	0.0180	0.7632
KRT8	FNTB	3	0.0125	0.7796
LMNA	FNTB	3	0.0680	0.6990
MAPRE3	FNTB	3	0.0068	0.8026
ACTB	FOCAD	3	0.0157	0.7695
CTNNA1	FOCAD	3	0.0001	0.8514
KRT8	FOCAD	3	0.0916	0.6804
LMNA	FOCAD	3	0.0063	0.8048
MAPRE3	FOCAD	3	0.0019	0.8289
ACTB	FOLH1;FOLH1B	3	0.3333	0.4096
LMNA	FOSB	3	0.3333	0.4096
LMNA	FOSL1	3	0.3333	0.4096
ACTB	FOSL2	3	0.0010	0.8371
KRT8	FOSL2	3	0.0001	0.8514
LMNA	FOSL2	3	0.0364	0.7306
MAPRE3	FOSL2	3	0.0001	0.8514
KRT8	FOXD2	3	0.3333	0.4096
KRT8	FOXD4L1	3	0.3333	0.4096
LMNA	FOXF2	3	0.2792	0.5708
LMNA	FOXJ2	3	0.6667	0.0721
CTNNA1	FOXJ3	3	0.0002	0.8487
LMNA	FOXJ3	3	0.0621	0.7047
ACTB	FOXK1	3	0.0001	0.8514
KRT8	FOXK1	3	0.0003	0.8465
LMNA	FOXK1	3	0.0018	0.8297
LMNA	FOXK2	3	0.0083	0.7964
LMNA	FOXM1	3	0.0202	0.7578
MAPRE3	FOXM1	3	0.0487	0.7166
MAPRE3	FOXN1	3	0.3333	0.4096
ACTB	FOXO1	3	0.0000	0.8553
ACTB	FOXO3	3	0.0042	0.8151
KRT8	FOXO3	3	0.0175	0.7646
LMNA	FOXO3	3	0.0073	0.8005
MAPRE3	FOXO3	3	0.0001	0.8514
LMNA	FOXP1	3	0.1013	0.6727
MAPRE3	FOXP1	3	0.0001	0.8514
LMNA	FOXP4	3	0.1342	0.6489
ACTB	FOXRED1	3	0.0007	0.8404
KRT8	FOXRED1	3	0.3373	0.3974
ACTB	FPGS	3	0.0295	0.7402
KRT8	FPGS	3	0.0653	0.7017
LMNA	FPGS	3	0.0069	0.8021
MAPRE3	FPGS	3	0.0002	0.8487
MAPRE3	FPGT	3	0.3333	0.4096
LMNA	FRA10AC1	3	1.0000	0.0000
ACTB	FRAS1	3	0.0064	0.8044
KRT8	FRAS1	3	0.3333	0.4096
LMNA	FRAS1	3	0.5992	0.1796
LMNA	FREM2	3	0.3333	0.4096
KRT8	FREM3	3	0.3333	0.4096
ACTB	FRG1	3	0.0012	0.8352
CTNNA1	FRG1	3	0.0000	0.8553
KRT8	FRG1	3	0.0012	0.8352
LMNA	FRG1	3	0.0155	0.7700
MAPRE3	FRG1	3	0.0001	0.8514
LMNA	FRK	3	0.3333	0.4096
LMNA	FRMD3	3	0.0001	0.8514
KRT8	FRMD4A	3	0.0030	0.8212
ACTB	FRMD4B	3	0.3333	0.4096
ACTB	FRMD6	3	0.0013	0.8344
CTNNA1	FRMD6	3	0.0028	0.8224
KRT8	FRMD6	3	0.0261	0.7463
LMNA	FRMD6	3	0.0108	0.7866
MAPRE3	FRMD6	3	0.0028	0.8224
LMNA	FRMD8;FRMD8P1	3	0.3333	0.4096
CTNNA1	FRMPD1	3	0.0000	0.8553
LMNA	FRMPD1	3	0.0000	0.8553
MAPRE3	FRMPD2	3	0.3333	0.4096
ACTB	FRY	3	0.6667	0.0721
KRT8	FRY	3	0.6667	0.0721
ACTB	FRYL	3	0.2994	0.5606
CTNNA1	FRYL	3	0.0864	0.6844
KRT8	FRYL	3	0.3050	0.5577
LMNA	FRYL	3	0.1122	0.6650
MAPRE3	FRYL	3	0.1794	0.6215
ACTB	FSCN1	3	0.0560	0.7101
CTNNA1	FSCN1	3	0.0094	0.7917
KRT8	FSCN1	3	0.0420	0.7237
LMNA	FSCN1	3	0.0263	0.7458
MAPRE3	FSCN1	3	0.0058	0.8072
CTNNA1	FSD2	3	0.0000	0.8553
KRT8	FSHR	3	0.3333	0.4096
ACTB	FSIP2	3	0.3333	0.4096
KRT8	FSIP2	3	0.3333	0.4096
ACTB	FSTL1	3	0.0014	0.8335
MAPRE3	FSTL1	3	0.0000	0.8553
KRT8	FSTL5	3	0.3333	0.4096
ACTB	FTO	3	0.0258	0.7468
CTNNA1	FTO	3	0.0155	0.7700
KRT8	FTO	3	0.0212	0.7559
LMNA	FTO	3	0.0238	0.7507
MAPRE3	FTO	3	0.0054	0.8093
ACTB	FTSJ1	3	0.0058	0.8072
KRT8	FTSJ1	3	0.0274	0.7438
LMNA	FTSJ1	3	0.0021	0.8274
MAPRE3	FTSJ1	3	0.0007	0.8404
ACTB	FTSJ3	3	0.1319	0.6511
CTNNA1	FTSJ3	3	0.0205	0.7572
KRT8	FTSJ3	3	0.1563	0.6354
LMNA	FTSJ3	3	0.2464	0.5865
MAPRE3	FTSJ3	3	0.0271	0.7443
ACTB	FUBP1	3	0.2440	0.5880
CTNNA1	FUBP1	3	0.0230	0.7521
KRT8	FUBP1	3	0.1804	0.6209
LMNA	FUBP1	3	0.2958	0.5629
MAPRE3	FUBP1	3	0.1646	0.6306
ACTB	FUBP3	3	0.2598	0.5793
CTNNA1	FUBP3	3	0.1712	0.6266
KRT8	FUBP3	3	0.3639	0.3360
LMNA	FUBP3	3	0.2114	0.6039
MAPRE3	FUBP3	3	0.2265	0.5963
MAPRE3	FUNDC2	3	0.6667	0.0721
KRT8	FUOM	3	0.3333	0.4096
LMNA	FURIN	3	0.3333	0.4096
ACTB	FUS	3	0.1179	0.6606
CTNNA1	FUS	3	0.0163	0.7678
KRT8	FUS	3	0.0273	0.7439
LMNA	FUS	3	0.2144	0.6023
MAPRE3	FUS	3	0.0418	0.7239
ACTB	FXR1	3	0.2399	0.5903
CTNNA1	FXR1	3	0.1270	0.6539
KRT8	FXR1	3	0.1941	0.6127
LMNA	FXR1	3	0.0256	0.7472
MAPRE3	FXR1	3	0.2118	0.6038
ACTB	FXR2	3	0.0076	0.7991
KRT8	FXR2	3	0.4363	0.2444
LMNA	FXR2	3	0.2745	0.5728
MAPRE3	FXR2	3	0.0014	0.8335
CTNNA1	FXYD1	3	0.3333	0.4096
ACTB	FYCO1	3	0.0106	0.7871
KRT8	FYCO1	3	0.4487	0.2368
LMNA	FYCO1	3	0.0002	0.8487
MAPRE3	FYCO1	3	0.0013	0.8344
CTNNA1	FYN	3	0.3333	0.4096
KRT8	FZD3	3	0.3333	0.4096
LMNA	FZD6	3	0.3333	0.4096
KRT8	FZR1	3	0.3333	0.4096
MAPRE3	FZR1	3	0.3333	0.4096
ACTB	G3BP1	3	0.3049	0.5577
CTNNA1	G3BP1	3	0.1427	0.6439
KRT8	G3BP1	3	0.2993	0.5607
LMNA	G3BP1	3	0.1884	0.6160
MAPRE3	G3BP1	3	0.3400	0.3876
ACTB	G3BP2	3	0.0015	0.8325
KRT8	G3BP2	3	0.0240	0.7503
LMNA	G3BP2	3	0.0009	0.8382
MAPRE3	G3BP2	3	0.0046	0.8132
ACTB	G6PC1	3	0.3333	0.4096
ACTB	G6PD	3	0.1306	0.6519
CTNNA1	G6PD	3	0.0211	0.7561
KRT8	G6PD	3	0.1912	0.6143
LMNA	G6PD	3	0.0235	0.7512
MAPRE3	G6PD	3	0.0435	0.7223
ACTB	GAB1	3	0.0076	0.7991
KRT8	GAB1	3	0.0072	0.8009
MAPRE3	GABBR1	3	0.0012	0.8352
LMNA	GABPA	3	0.0693	0.6979
MAPRE3	GABPA	3	0.0002	0.8487
CTNNA1	GABPB1	3	0.3333	0.4096
LMNA	GABRR1	3	0.3333	0.4096
KRT8	GABRR2	3	0.3333	0.4096
ACTB	GAD1	3	0.3333	0.4096
KRT8	GADD45GIP1	3	0.0001	0.8514
ACTB	GAK	3	0.3959	0.2861
CTNNA1	GAK	3	0.1350	0.6485
KRT8	GAK	3	0.3594	0.3451
LMNA	GAK	3	0.2327	0.5934
MAPRE3	GAK	3	0.2553	0.5817
LMNA	GAL3ST3	3	0.3333	0.4096
LMNA	GAL3ST4	3	0.3333	0.4096
ACTB	GALE	3	0.0440	0.7216
CTNNA1	GALE	3	0.0144	0.7732
KRT8	GALE	3	0.0240	0.7503
LMNA	GALE	3	0.0216	0.7550
MAPRE3	GALE	3	0.0078	0.7983
ACTB	GALK1	3	0.0001	0.8514
KRT8	GALK1	3	0.0005	0.8431
ACTB	GALNT1	3	0.3252	0.5478
KRT8	GALNT1	3	0.3241	0.5486
LMNA	GALNT1	3	0.0159	0.7689
MAPRE3	GALNT1	3	0.0040	0.8161
ACTB	GALNT11	3	0.3333	0.4096
MAPRE3	GALNT14;GALNT16	3	0.3333	0.4096
KRT8	GALNT2	3	0.6667	0.0721
LMNA	GALNT8	3	0.3333	0.4096
LMNA	GAMT	3	0.0012	0.8352
ACTB	GANAB	3	0.2544	0.5824
CTNNA1	GANAB	3	0.1194	0.6594
KRT8	GANAB	3	0.2562	0.5812
LMNA	GANAB	3	0.1405	0.6450
MAPRE3	GANAB	3	0.0571	0.7090
ACTB	GAPDH	3	0.1503	0.6391
CTNNA1	GAPDH	3	0.0076	0.7991
KRT8	GAPDH	3	0.0567	0.7094
LMNA	GAPDH	3	0.0744	0.6938
MAPRE3	GAPDH	3	0.0120	0.7815
ACTB	GAPVD1	3	0.3146	0.5530
CTNNA1	GAPVD1	3	0.1578	0.6346
KRT8	GAPVD1	3	0.3610	0.3416
LMNA	GAPVD1	3	0.1582	0.6343
MAPRE3	GAPVD1	3	0.2516	0.5838
ACTB	GAR1	3	0.0957	0.6771
CTNNA1	GAR1	3	0.0337	0.7341
KRT8	GAR1	3	0.2872	0.5669
LMNA	GAR1	3	0.3272	0.5467
MAPRE3	GAR1	3	0.0225	0.7530
ACTB	GAREM1	3	0.3333	0.4096
KRT8	GAREM1	3	0.3333	0.4096
KRT8	GARNL3	3	0.0097	0.7904
ACTB	GARRE1	3	0.0055	0.8088
KRT8	GARRE1	3	0.4046	0.2750
ACTB	GARS1	3	0.0687	0.6984
CTNNA1	GARS1	3	0.0118	0.7826
KRT8	GARS1	3	0.1225	0.6575
LMNA	GARS1	3	0.0150	0.7715
MAPRE3	GARS1	3	0.0105	0.7876
ACTB	GART	3	0.1010	0.6731
CTNNA1	GART	3	0.0327	0.7356
KRT8	GART	3	0.1074	0.6685
LMNA	GART	3	0.1319	0.6511
MAPRE3	GART	3	0.0315	0.7374
MAPRE3	GAS2L1	3	1.0000	0.0000
ACTB	GAS2L2	3	0.3333	0.4096
ACTB	GAS2L3	3	0.3333	0.4096
MAPRE3	GAS2L3	3	1.0000	0.0000
LMNA	GAS6	3	0.3333	0.4096
CTNNA1	GATA6	3	0.0001	0.8514
KRT8	GATA6	3	0.0009	0.8382
LMNA	GATA6	3	0.0034	0.8190
LMNA	GATAD1	3	0.0015	0.8325
ACTB	GATAD2A	3	0.0001	0.8514
CTNNA1	GATAD2A	3	0.0000	0.8553
KRT8	GATAD2A	3	0.0001	0.8514
LMNA	GATAD2A	3	0.0025	0.8246
MAPRE3	GATAD2A	3	0.0005	0.8431
ACTB	GATAD2B	3	0.0009	0.8382
KRT8	GATAD2B	3	0.0002	0.8487
LMNA	GATAD2B	3	0.0062	0.8053
MAPRE3	GATAD2B	3	0.0000	0.8553
KRT8	GATB	3	0.3333	0.4096
CTNNA1	GATD1	3	0.0634	0.7032
LMNA	GATD1	3	0.0317	0.7371
ACTB	GBA1	3	0.3333	0.4096
ACTB	GBE1	3	0.1143	0.6636
CTNNA1	GBE1	3	0.0112	0.7849
KRT8	GBE1	3	0.1270	0.6539
LMNA	GBE1	3	0.0245	0.7491
MAPRE3	GBE1	3	0.0063	0.8048
ACTB	GBF1	3	0.0080	0.7976
CTNNA1	GBF1	3	0.0000	0.8553
KRT8	GBF1	3	0.0138	0.7750
LMNA	GBF1	3	0.0007	0.8404
MAPRE3	GBF1	3	0.0021	0.8274
ACTB	GBP1	3	0.0048	0.8121
KRT8	GBP1	3	0.0224	0.7534
LMNA	GBP1	3	0.0011	0.8360
MAPRE3	GBP1	3	0.0004	0.8448
ACTB	GBP2	3	0.0013	0.8344
KRT8	GBP2	3	0.0279	0.7431
LMNA	GBP2	3	0.0017	0.8305
MAPRE3	GBP2	3	0.0004	0.8448
CTNNA1	GCAT	3	0.3333	0.4096
ACTB	GCC1	3	0.0069	0.8021
KRT8	GCC1	3	0.0087	0.7947
MAPRE3	GCC1	3	0.0001	0.8514
ACTB	GCC2	3	0.0075	0.7995
CTNNA1	GCC2	3	0.0000	0.8553
KRT8	GCC2	3	0.0083	0.7964
LMNA	GCC2	3	0.0001	0.8514
MAPRE3	GCC2	3	0.0008	0.8393
CTNNA1	GCDH	3	0.3333	0.4096
KRT8	GCDH	3	0.0218	0.7546
LMNA	GCDH	3	0.4065	0.2723
LMNA	GCFC2	3	0.0048	0.8121
ACTB	GCLC	3	0.0100	0.7894
CTNNA1	GCLC	3	0.0002	0.8487
KRT8	GCLC	3	0.0538	0.7117
LMNA	GCLC	3	0.0101	0.7890
MAPRE3	GCLC	3	0.0026	0.8238
ACTB	GCLM	3	0.2484	0.5853
CTNNA1	GCLM	3	0.0441	0.7215
KRT8	GCLM	3	0.2971	0.5621
LMNA	GCLM	3	0.2235	0.5975
MAPRE3	GCLM	3	0.1163	0.6621
ACTB	GCN1	3	0.3852	0.3018
CTNNA1	GCN1	3	0.1593	0.6335
KRT8	GCN1	3	0.4110	0.2657
LMNA	GCN1	3	0.3024	0.5591
MAPRE3	GCN1	3	0.3153	0.5524
MAPRE3	GCNT7	3	0.3333	0.4096
ACTB	GDA	3	0.1002	0.6736
CTNNA1	GDA	3	0.0297	0.7398
KRT8	GDA	3	0.1365	0.6476
LMNA	GDA	3	0.0702	0.6970
MAPRE3	GDA	3	0.0381	0.7281
CTNNA1	GDAP1L1	3	0.0001	0.8514
ACTB	GDAP2	3	0.3333	0.4096
CTNNA1	GDAP2	3	0.3333	0.4096
LMNA	GDAP2	3	0.3333	0.4096
ACTB	GDF1	3	0.3333	0.4096
ACTB	GDF5-AS1	3	0.3333	0.4096
ACTB	GDI1	3	0.3333	0.4096
ACTB	GDI2	3	0.3450	0.3746
CTNNA1	GDI2	3	0.0865	0.6843
KRT8	GDI2	3	0.2475	0.5858
LMNA	GDI2	3	0.1343	0.6489
MAPRE3	GDI2	3	0.0867	0.6842
ACTB	GEMIN4	3	0.3353	0.4037
CTNNA1	GEMIN4	3	0.1259	0.6547
KRT8	GEMIN4	3	0.3585	0.3465
LMNA	GEMIN4	3	0.3157	0.5522
MAPRE3	GEMIN4	3	0.2499	0.5844
ACTB	GEMIN5	3	0.3077	0.5562
CTNNA1	GEMIN5	3	0.0956	0.6772
KRT8	GEMIN5	3	0.3209	0.5499
LMNA	GEMIN5	3	0.1151	0.6629
MAPRE3	GEMIN5	3	0.1934	0.6130
ACTB	GEMIN6	3	0.0000	0.8553
ACTB	GEMIN8	3	0.2808	0.5700
CTNNA1	GEMIN8	3	0.0357	0.7315
KRT8	GEMIN8	3	0.2998	0.5603
LMNA	GEMIN8	3	0.1660	0.6296
MAPRE3	GEMIN8	3	0.1248	0.6555
ACTB	GEN1	3	0.0041	0.8156
KRT8	GEN1	3	0.0044	0.8141
MAPRE3	GEN1	3	0.3722	0.3205
ACTB	GET3	3	0.0009	0.8382
CTNNA1	GET3	3	0.0000	0.8553
KRT8	GET3	3	0.0060	0.8062
LMNA	GET3	3	0.0007	0.8404
MAPRE3	GET3	3	0.0003	0.8465
ACTB	GET4	3	0.0104	0.7880
KRT8	GET4	3	0.5875	0.1829
LMNA	GET4	3	0.5941	0.1810
ACTB	GFER	3	0.0729	0.6952
CTNNA1	GFER	3	0.0707	0.6966
KRT8	GFER	3	0.1502	0.6392
ACTB	GFM1	3	0.1115	0.6656
CTNNA1	GFM1	3	0.0175	0.7646
KRT8	GFM1	3	0.3218	0.5495
LMNA	GFM1	3	0.1132	0.6643
MAPRE3	GFM1	3	0.0209	0.7564
ACTB	GFM2	3	0.0060	0.8062
KRT8	GFM2	3	0.3551	0.3527
LMNA	GFM2	3	0.0010	0.8371
KRT8	GFOD1	3	0.3333	0.4096
ACTB	GFPT1	3	0.1988	0.6101
KRT8	GFPT1	3	0.0304	0.7389
LMNA	GFPT1	3	0.0063	0.8048
MAPRE3	GFPT1	3	0.0028	0.8224
ACTB	GFPT2	3	0.0093	0.7922
KRT8	GFPT2	3	0.0194	0.7597
LMNA	GFPT2	3	0.0006	0.8417
ACTB	GGA1	3	0.0970	0.6759
KRT8	GGA1	3	0.1554	0.6359
ACTB	GGA2	3	0.0118	0.7826
CTNNA1	GGA2	3	0.0001	0.8514
KRT8	GGA2	3	0.0264	0.7456
LMNA	GGA2	3	0.0000	0.8553
MAPRE3	GGA2	3	0.0060	0.8062
ACTB	GGA3	3	0.0826	0.6880
KRT8	GGA3	3	0.2649	0.5770
MAPRE3	GGA3	3	0.0198	0.7587
ACTB	GGCT	3	0.0144	0.7732
CTNNA1	GGCT	3	0.0094	0.7917
KRT8	GGCT	3	0.0117	0.7830
LMNA	GGCT	3	0.0181	0.7628
MAPRE3	GGCT	3	0.0040	0.8161
KRT8	GGCX	3	0.9370	0.0047
LMNA	GGCX	3	0.7531	0.0331
KRT8	GGH	3	0.0008	0.8393
LMNA	GGH	3	0.0006	0.8417
LMNA	GGNBP1	3	0.3333	0.4096
LMNA	GGT7	3	0.3333	0.4096
KRT8	GID8	3	0.3333	0.4096
LMNA	GID8	3	0.6667	0.0721
ACTB	GIGYF1	3	0.3419	0.3820
KRT8	GIGYF1	3	0.2132	0.6031
LMNA	GIGYF1	3	0.0003	0.8465
MAPRE3	GIGYF1	3	0.0252	0.7480
ACTB	GIGYF2	3	0.3147	0.5529
CTNNA1	GIGYF2	3	0.1772	0.6229
KRT8	GIGYF2	3	0.3385	0.3928
LMNA	GIGYF2	3	0.1307	0.6518
MAPRE3	GIGYF2	3	0.3065	0.5569
CTNNA1	GIMAP8	3	0.3333	0.4096
MAPRE3	GINS2	3	0.0707	0.6966
ACTB	GINS4	3	0.0241	0.7500
KRT8	GINS4	3	0.0222	0.7539
LMNA	GINS4	3	0.0043	0.8145
MAPRE3	GINS4	3	0.0001	0.8514
ACTB	GIPC1	3	0.0110	0.7857
CTNNA1	GIPC1	3	0.0002	0.8487
KRT8	GIPC1	3	0.0060	0.8062
LMNA	GIPC1	3	0.0017	0.8305
MAPRE3	GIPC1	3	0.0003	0.8465
ACTB	GIPC2	3	0.0216	0.7550
KRT8	GIPC2	3	0.0035	0.8185
ACTB	GIT1	3	0.0210	0.7563
CTNNA1	GIT1	3	0.0003	0.8465
KRT8	GIT1	3	0.0150	0.7715
LMNA	GIT1	3	0.0004	0.8448
MAPRE3	GIT1	3	0.0047	0.8127
ACTB	GIT2	3	0.0096	0.7908
CTNNA1	GIT2	3	0.0004	0.8448
KRT8	GIT2	3	0.0166	0.7668
LMNA	GIT2	3	0.0031	0.8206
MAPRE3	GIT2	3	0.0017	0.8305
ACTB	GJA10	3	0.3333	0.4096
MAPRE3	GJA8	3	0.3333	0.4096
ACTB	GKN3P	3	0.3333	0.4096
ACTB	GLCCI1	3	0.0260	0.7465
CTNNA1	GLCCI1	3	0.0001	0.8514
KRT8	GLCCI1	3	0.0181	0.7628
MAPRE3	GLCCI1	3	0.0044	0.8141
LMNA	GLDN	3	0.3333	0.4096
ACTB	GLE1	3	0.1480	0.6404
CTNNA1	GLE1	3	0.0008	0.8393
KRT8	GLE1	3	0.0942	0.6782
LMNA	GLE1	3	0.0046	0.8132
MAPRE3	GLE1	3	0.0052	0.8103
ACTB	GLI2	3	0.0111	0.7854
KRT8	GLI2	3	0.3492	0.3639
MAPRE3	GLI2	3	0.0410	0.7246
KRT8	GLI3	3	0.0020	0.8282
LMNA	GLI3	3	0.0006	0.8417
MAPRE3	GLI3	3	0.0040	0.8161
ACTB	GLIPR2	3	0.0035	0.8185
CTNNA1	GLIPR2	3	0.0000	0.8553
KRT8	GLIPR2	3	0.0020	0.8282
LMNA	GLIPR2	3	0.0004	0.8448
MAPRE3	GLIPR2	3	0.0000	0.8553
ACTB	GLIS2	3	0.3333	0.4096
ACTB	GLMN	3	0.0238	0.7507
CTNNA1	GLMN	3	0.0024	0.8252
KRT8	GLMN	3	0.7768	0.0284
LMNA	GLMN	3	0.0096	0.7908
MAPRE3	GLMN	3	0.0030	0.8212
ACTB	GLO1	3	0.3833	0.3042
CTNNA1	GLO1	3	0.1788	0.6219
KRT8	GLO1	3	0.3262	0.5474
LMNA	GLO1	3	0.3625	0.3390
MAPRE3	GLO1	3	0.3038	0.5583
ACTB	GLOD4	3	0.0216	0.7550
CTNNA1	GLOD4	3	0.0109	0.7861
KRT8	GLOD4	3	0.0263	0.7458
LMNA	GLOD4	3	0.0106	0.7871
MAPRE3	GLOD4	3	0.0064	0.8044
ACTB	GLP1R	3	0.3333	0.4096
ACTB	GLRX	3	0.4206	0.2564
CTNNA1	GLRX	3	0.0254	0.7476
KRT8	GLRX	3	0.0306	0.7386
LMNA	GLRX	3	0.0917	0.6802
MAPRE3	GLRX	3	0.0142	0.7739
ACTB	GLRX3	3	0.0261	0.7463
CTNNA1	GLRX3	3	0.0077	0.7987
KRT8	GLRX3	3	0.1644	0.6307
LMNA	GLRX3	3	0.0282	0.7424
MAPRE3	GLRX3	3	0.0075	0.7995
ACTB	GLRX5	3	0.0122	0.7807
KRT8	GLRX5	3	0.0258	0.7468
LMNA	GLRX5	3	0.0032	0.8201
MAPRE3	GLRX5	3	0.0002	0.8487
ACTB	GLS	3	0.0154	0.7704
CTNNA1	GLS	3	0.0080	0.7976
KRT8	GLS	3	0.9964	0.0002
LMNA	GLS	3	0.1984	0.6103
MAPRE3	GLS	3	0.0037	0.8175
ACTB	GLUD1	3	0.1545	0.6364
KRT8	GLUD1	3	0.5546	0.1919
MAPRE3	GLUD1	3	0.0130	0.7779
ACTB	GLUD2	3	0.0024	0.8252
CTNNA1	GLYATL3	3	0.0278	0.7433
ACTB	GLYR1	3	0.0003	0.8465
KRT8	GLYR1	3	0.0006	0.8417
LMNA	GLYR1	3	0.0047	0.8127
ACTB	GM2A	3	0.3333	0.4096
LMNA	GMCL1	3	1.0000	0.0000
CTNNA1	GMDS	3	0.0001	0.8514
KRT8	GMDS	3	0.2638	0.5776
LMNA	GMDS	3	0.0022	0.8268
MAPRE3	GMDS	3	0.0033	0.8195
LMNA	GMEB1	3	0.3333	0.4096
ACTB	GMEB2	3	0.0000	0.8553
CTNNA1	GMEB2	3	0.0000	0.8553
KRT8	GMEB2	3	0.0010	0.8371
LMNA	GMEB2	3	0.0098	0.7900
MAPRE3	GMEB2	3	0.0006	0.8417
ACTB	GMFB	3	0.1658	0.6297
CTNNA1	GMFB	3	0.0312	0.7377
KRT8	GMFB	3	0.1111	0.6660
LMNA	GMFB	3	0.1113	0.6657
MAPRE3	GMFB	3	0.0295	0.7402
ACTB	GMIP	3	0.0011	0.8360
KRT8	GMIP	3	0.3460	0.3716
LMNA	GMNN	3	0.3333	0.4096
ACTB	GMPPA	3	0.0042	0.8151
CTNNA1	GMPPA	3	0.0015	0.8325
KRT8	GMPPA	3	0.0033	0.8195
LMNA	GMPPA	3	0.0036	0.8180
MAPRE3	GMPPB	3	0.0029	0.8218
ACTB	GMPS	3	0.0481	0.7173
CTNNA1	GMPS	3	0.0073	0.8005
KRT8	GMPS	3	0.0600	0.7064
LMNA	GMPS	3	0.1137	0.6640
MAPRE3	GMPS	3	0.0073	0.8005
ACTB	GNA11	3	0.3333	0.4096
MAPRE3	GNA11	3	0.3317	0.5443
ACTB	GNA13	3	0.0031	0.8206
KRT8	GNA13	3	0.3307	0.5449
LMNA	GNA13	3	0.0002	0.8487
ACTB	GNAI1	3	0.3331	0.5430
KRT8	GNAI1	3	0.3381	0.3940
LMNA	GNAI1	3	0.0046	0.8132
ACTB	GNAI2	3	0.1117	0.6654
CTNNA1	GNAI2	3	0.0185	0.7618
KRT8	GNAI2	3	0.1558	0.6358
LMNA	GNAI2	3	0.0512	0.7143
MAPRE3	GNAI2	3	0.0163	0.7678
ACTB	GNAI3	3	0.0965	0.6765
CTNNA1	GNAI3	3	0.0120	0.7815
KRT8	GNAI3	3	0.1335	0.6495
LMNA	GNAI3	3	0.0530	0.7123
MAPRE3	GNAI3	3	0.0105	0.7876
MAPRE3	GNAL	3	0.3333	0.4096
ACTB	GNAS	3	0.0396	0.7259
CTNNA1	GNAS	3	0.0096	0.7908
KRT8	GNAS	3	0.0146	0.7726
LMNA	GNAS	3	0.0382	0.7279
MAPRE3	GNAS	3	0.0101	0.7890
CTNNA1	GNAZ	3	0.0000	0.8553
ACTB	GNB1;GNB2	3	0.0833	0.6872
CTNNA1	GNB1;GNB2	3	0.0116	0.7833
KRT8	GNB1;GNB2	3	0.1170	0.6615
LMNA	GNB1;GNB2	3	0.0397	0.7257
MAPRE3	GNB1;GNB2	3	0.0049	0.8116
ACTB	GNB1L	3	0.0053	0.8097
CTNNA1	GNB1L	3	0.0234	0.7514
KRT8	GNB1L	3	0.0089	0.7939
LMNA	GNB1L	3	0.0493	0.7161
MAPRE3	GNB1L	3	0.0198	0.7587
ACTB	GNE	3	0.1303	0.6522
CTNNA1	GNE	3	0.0021	0.8274
KRT8	GNE	3	0.0621	0.7047
LMNA	GNE	3	0.0126	0.7792
MAPRE3	GNE	3	0.0052	0.8103
KRT8	GNL1	3	0.0010	0.8371
ACTB	GNL2	3	0.0001	0.8514
KRT8	GNL2	3	0.0000	0.8553
LMNA	GNL2	3	0.0032	0.8201
MAPRE3	GNL2	3	0.0000	0.8553
ACTB	GNL3	3	0.3646	0.3339
CTNNA1	GNL3	3	0.1367	0.6473
KRT8	GNL3	3	0.4100	0.2680
LMNA	GNL3	3	0.3623	0.3394
MAPRE3	GNL3	3	0.2676	0.5758
ACTB	GNL3L	3	0.0016	0.8315
CTNNA1	GNL3L	3	0.0000	0.8553
KRT8	GNL3L	3	0.0036	0.8180
LMNA	GNL3L	3	0.0028	0.8224
MAPRE3	GNL3L	3	0.0003	0.8465
KRT8	GNMT	3	0.3333	0.4096
ACTB	GNPAT	3	0.0223	0.7537
KRT8	GNPAT	3	0.2958	0.5629
LMNA	GNPAT	3	0.0069	0.8021
MAPRE3	GNPAT	3	0.0021	0.8274
ACTB	GNPDA1	3	0.0113	0.7846
KRT8	GNPDA1	3	0.0060	0.8062
ACTB	GNPNAT1	3	0.0821	0.6884
CTNNA1	GNPNAT1	3	0.0023	0.8260
KRT8	GNPNAT1	3	0.0022	0.8268
LMNA	GNPNAT1	3	0.0184	0.7619
MAPRE3	GNPNAT1	3	0.0036	0.8180
ACTB	GOLGA1	3	0.0032	0.8201
KRT8	GOLGA1	3	0.0017	0.8305
ACTB	GOLGA2	3	0.3343	0.4060
CTNNA1	GOLGA2	3	0.1857	0.6179
KRT8	GOLGA2	3	0.3389	0.3915
LMNA	GOLGA2	3	0.1903	0.6148
MAPRE3	GOLGA2	3	0.2848	0.5682
ACTB	GOLGA3	3	0.3251	0.5479
CTNNA1	GOLGA3	3	0.2021	0.6085
KRT8	GOLGA3	3	0.3741	0.3176
LMNA	GOLGA3	3	0.1379	0.6465
MAPRE3	GOLGA3	3	0.2855	0.5677
ACTB	GOLGA4	3	0.0105	0.7876
CTNNA1	GOLGA4	3	0.0011	0.8360
KRT8	GOLGA4	3	0.0118	0.7826
LMNA	GOLGA4	3	0.0002	0.8487
MAPRE3	GOLGA4	3	0.0052	0.8103
ACTB	GOLGA5	3	0.0018	0.8297
KRT8	GOLGA5	3	0.0011	0.8360
LMNA	GOLGA6L10;GOLGA6L19;GOLGA6L4;GOLGA6L9	3	0.3333	0.4096
KRT8	GOLGA6L1;GOLGA6L22;GOLGA6L24;GOLGA6L25;GOLGA6L26;GOLGA6L6	3	0.0048	0.8121
ACTB	GOLGA7	3	0.0574	0.7085
CTNNA1	GOLGA7	3	0.0066	0.8035
KRT8	GOLGA7	3	0.1323	0.6508
LMNA	GOLGA7	3	0.0094	0.7917
ACTB	GOLGA8S	3	0.3333	0.4096
LMNA	GOLGA8S	3	0.3333	0.4096
ACTB	GOLGB1	3	0.2642	0.5774
CTNNA1	GOLGB1	3	0.0794	0.6903
KRT8	GOLGB1	3	0.2599	0.5792
LMNA	GOLGB1	3	0.1288	0.6530
MAPRE3	GOLGB1	3	0.1180	0.6605
CTNNA1	GOLM2	3	0.0027	0.8233
ACTB	GOLPH3	3	0.3150	0.5527
CTNNA1	GOLPH3	3	0.0568	0.7093
KRT8	GOLPH3	3	0.3020	0.5592
LMNA	GOLPH3	3	0.2958	0.5629
MAPRE3	GOLPH3	3	0.1670	0.6288
ACTB	GOLPH3L	3	0.2511	0.5841
CTNNA1	GOLPH3L	3	0.0003	0.8465
KRT8	GOLPH3L	3	0.5450	0.1955
LMNA	GOLPH3L	3	0.0169	0.7661
MAPRE3	GOLPH3L	3	0.0025	0.8246
ACTB	GON4L	3	0.0000	0.8553
KRT8	GON4L	3	0.0000	0.8553
LMNA	GON4L	3	0.0021	0.8274
MAPRE3	GON4L	3	0.0000	0.8553
ACTB	GOPC	3	0.3318	0.5443
CTNNA1	GOPC	3	0.0739	0.6942
KRT8	GOPC	3	0.3553	0.3517
LMNA	GOPC	3	0.1549	0.6362
MAPRE3	GOPC	3	0.1813	0.6203
ACTB	GORAB	3	0.0141	0.7742
KRT8	GORAB	3	0.0114	0.7842
ACTB	GORASP2	3	0.0019	0.8289
KRT8	GORASP2	3	0.0001	0.8514
LMNA	GOSR1	3	0.6667	0.0721
ACTB	GOSR2	3	0.3656	0.3326
LMNA	GOSR2	3	0.3072	0.5565
MAPRE3	GOSR2	3	0.0208	0.7566
KRT8	GPAA1	3	0.4035	0.2762
LMNA	GPAA1	3	0.0152	0.7709
LMNA	GPALPP1	3	0.2009	0.6091
ACTB	GPAM	3	0.0062	0.8053
KRT8	GPAM	3	0.0461	0.7194
ACTB	GPANK1	3	0.3333	0.4096
MAPRE3	GPANK1	3	0.3333	0.4096
LMNA	GPAT3	3	0.6667	0.0721
ACTB	GPAT4	3	0.0069	0.8021
KRT8	GPAT4	3	0.0060	0.8062
LMNA	GPAT4	3	0.0514	0.7140
ACTB	GPATCH1	3	0.3035	0.5584
CTNNA1	GPATCH1	3	0.0185	0.7618
KRT8	GPATCH1	3	0.2855	0.5677
LMNA	GPATCH1	3	0.4065	0.2723
MAPRE3	GPATCH1	3	0.2725	0.5736
ACTB	GPATCH11	3	0.0023	0.8260
KRT8	GPATCH11	3	0.0021	0.8274
LMNA	GPATCH11	3	0.3269	0.5469
MAPRE3	GPATCH11	3	0.0002	0.8487
LMNA	GPATCH2	3	0.3333	0.4096
LMNA	GPATCH2L	3	0.3333	0.4096
ACTB	GPATCH4	3	0.1302	0.6523
CTNNA1	GPATCH4	3	0.0216	0.7550
KRT8	GPATCH4	3	0.1241	0.6561
LMNA	GPATCH4	3	0.2848	0.5682
MAPRE3	GPATCH4	3	0.1721	0.6260
ACTB	GPATCH8	3	0.0003	0.8465
LMNA	GPATCH8	3	0.0196	0.7592
ACTB	GPBP1	3	0.0052	0.8103
KRT8	GPBP1	3	0.0358	0.7314
LMNA	GPBP1	3	0.0003	0.8465
MAPRE3	GPBP1	3	0.0307	0.7384
ACTB	GPBP1L1	3	0.0059	0.8068
KRT8	GPBP1L1	3	0.0120	0.7815
MAPRE3	GPBP1L1	3	0.0146	0.7726
CTNNA1	GPC2	3	0.3333	0.4096
ACTB	GPC3	3	0.0052	0.8103
CTNNA1	GPC4	3	0.3333	0.4096
MAPRE3	GPD1L	3	0.3333	0.4096
ACTB	GPD2	3	0.0540	0.7116
CTNNA1	GPD2	3	0.0125	0.7796
KRT8	GPD2	3	0.0323	0.7361
LMNA	GPD2	3	0.0105	0.7876
MAPRE3	GPD2	3	0.0082	0.7969
ACTB	GPHN	3	0.2827	0.5690
CTNNA1	GPHN	3	0.0662	0.7006
KRT8	GPHN	3	0.3237	0.5488
LMNA	GPHN	3	0.0927	0.6794
MAPRE3	GPHN	3	0.1771	0.6230
ACTB	GPI	3	0.9999	0.0000
CTNNA1	GPI	3	0.1204	0.6588
KRT8	GPI	3	0.4240	0.2511
LMNA	GPI	3	0.5246	0.2020
MAPRE3	GPI	3	0.6483	0.1692
ACTB	GPKOW	3	0.1083	0.6676
CTNNA1	GPKOW	3	0.0581	0.7080
KRT8	GPKOW	3	0.1289	0.6529
LMNA	GPKOW	3	0.3615	0.3405
MAPRE3	GPKOW	3	0.1011	0.6730
ACTB	GPN1	3	0.0243	0.7495
KRT8	GPN1	3	0.4871	0.2147
KRT8	GPN3	3	0.3408	0.3854
KRT8	GPNMB	3	0.3333	0.4096
LMNA	GPR143	3	0.3333	0.4096
LMNA	GPR158	3	0.3333	0.4096
MAPRE3	GPR174	3	0.3333	0.4096
LMNA	GPR180	3	0.3333	0.4096
LMNA	GPR87	3	0.3333	0.4096
ACTB	GPR89A;GPR89B	3	0.0145	0.7729
KRT8	GPR89A;GPR89B	3	0.2580	0.5802
LMNA	GPR89A;GPR89B	3	0.8587	0.0146
MAPRE3	GPR89A;GPR89B	3	0.0050	0.8113
ACTB	GPRASP2	3	0.0138	0.7750
KRT8	GPRASP2	3	0.0259	0.7466
ACTB	GPRC5A	3	0.3449	0.3752
CTNNA1	GPRC5A	3	0.1665	0.6292
KRT8	GPRC5A	3	0.2414	0.5897
LMNA	GPRC5A	3	0.1634	0.6312
MAPRE3	GPRC5A	3	0.0800	0.6899
ACTB	GPRIN1	3	0.3478	0.3663
CTNNA1	GPRIN1	3	0.0028	0.8224
KRT8	GPRIN1	3	0.0087	0.7947
ACTB	GPS1	3	0.3075	0.5563
KRT8	GPS1	3	0.3337	0.4083
LMNA	GPS1	3	0.2413	0.5897
MAPRE3	GPS1	3	0.1251	0.6553
LMNA	GPS2	3	0.0036	0.8180
ACTB	GPSM1	3	0.3333	0.4096
KRT8	GPSM1	3	0.6667	0.0721
ACTB	GPSM2	3	0.3040	0.5582
KRT8	GPSM2	3	0.0304	0.7389
LMNA	GPSM2	3	0.0038	0.8170
MAPRE3	GPSM2	3	0.0842	0.6861
KRT8	GPT2	3	0.3333	0.4096
ACTB	GPX1	3	0.0360	0.7312
CTNNA1	GPX1	3	0.0134	0.7764
KRT8	GPX1	3	0.0133	0.7767
LMNA	GPX1	3	0.0245	0.7491
MAPRE3	GPX1	3	0.0092	0.7925
ACTB	GPX4	3	0.1033	0.6710
CTNNA1	GPX4	3	0.0171	0.7655
KRT8	GPX4	3	0.1819	0.6201
LMNA	GPX4	3	0.1223	0.6576
MAPRE3	GPX4	3	0.0357	0.7315
ACTB	GPX8	3	0.3153	0.5524
CTNNA1	GPX8	3	0.1257	0.6548
KRT8	GPX8	3	0.3117	0.5543
LMNA	GPX8	3	0.1568	0.6351
MAPRE3	GPX8	3	0.1081	0.6678
ACTB	GRAMD1A	3	0.0153	0.7706
KRT8	GRAMD1A	3	0.1611	0.6326
LMNA	GRAMD1A	3	0.0111	0.7854
MAPRE3	GRAMD1A	3	0.0016	0.8315
KRT8	GRAMD1B	3	0.3333	0.4096
MAPRE3	GRAMD1B	3	0.0048	0.8121
ACTB	GRAMD2B	3	0.0018	0.8297
CTNNA1	GRAMD2B	3	0.0001	0.8514
KRT8	GRAMD2B	3	0.0029	0.8218
MAPRE3	GRAMD2B	3	0.0009	0.8382
ACTB	GRB10	3	0.1417	0.6442
KRT8	GRB10	3	0.0022	0.8268
ACTB	GRB2	3	0.0510	0.7145
CTNNA1	GRB2	3	0.0131	0.7774
KRT8	GRB2	3	0.0294	0.7404
LMNA	GRB2	3	0.0211	0.7561
MAPRE3	GRB2	3	0.0089	0.7939
LMNA	GREB1	3	0.3333	0.4096
ACTB	GREB1L	3	0.0011	0.8360
KRT8	GREB1L	3	0.0030	0.8212
LMNA	GREB1L	3	0.4870	0.2150
MAPRE3	GREB1L	3	0.3333	0.4096
LMNA	GRHL1	3	0.3333	0.4096
ACTB	GRHPR	3	0.0748	0.6934
CTNNA1	GRHPR	3	0.0137	0.7754
KRT8	GRHPR	3	0.0770	0.6919
LMNA	GRHPR	3	0.0511	0.7144
MAPRE3	GRHPR	3	0.0086	0.7950
CTNNA1	GRIA2	3	0.3333	0.4096
KRT8	GRIA2;GRIA4	3	0.3333	0.4096
ACTB	GRID2	3	0.3333	0.4096
CTNNA1	GRIK2	3	0.3333	0.4096
LMNA	GRIK2	3	0.3333	0.4096
ACTB	GRIN1	3	0.3333	0.4096
ACTB	GRIN2C	3	0.3333	0.4096
LMNA	GRIN2C	3	0.3333	0.4096
ACTB	GRIN2D	3	0.3333	0.4096
CTNNA1	GRIN2D	3	0.3333	0.4096
ACTB	GRIPAP1	3	0.0114	0.7842
CTNNA1	GRIPAP1	3	0.0007	0.8404
KRT8	GRIPAP1	3	0.0143	0.7735
LMNA	GRIPAP1	3	0.0001	0.8514
MAPRE3	GRIPAP1	3	0.0027	0.8233
ACTB	GRK2	3	0.0237	0.7509
CTNNA1	GRK2	3	0.0002	0.8487
KRT8	GRK2	3	0.0086	0.7950
LMNA	GRK2	3	0.0001	0.8514
MAPRE3	GRK2	3	0.0029	0.8218
CTNNA1	GRK3	3	0.3333	0.4096
KRT8	GRM5	3	0.3333	0.4096
ACTB	GRPEL1	3	0.3349	0.4044
CTNNA1	GRPEL1	3	0.0267	0.7449
KRT8	GRPEL1	3	0.5154	0.2063
LMNA	GRPEL1	3	0.0137	0.7754
MAPRE3	GRPEL1	3	0.0058	0.8072
ACTB	GRSF1	3	0.0761	0.6925
CTNNA1	GRSF1	3	0.0514	0.7140
KRT8	GRSF1	3	0.6946	0.0518
LMNA	GRSF1	3	0.2164	0.6012
MAPRE3	GRSF1	3	0.0483	0.7171
ACTB	GRWD1	3	0.0692	0.6980
CTNNA1	GRWD1	3	0.0482	0.7172
KRT8	GRWD1	3	0.2437	0.5882
LMNA	GRWD1	3	0.1761	0.6235
MAPRE3	GRWD1	3	0.1023	0.6717
ACTB	GSDMA	3	0.0069	0.8021
KRT8	GSDMA	3	0.0007	0.8404
LMNA	GSDMA	3	0.0051	0.8108
MAPRE3	GSDMA	3	0.0011	0.8360
ACTB	GSDME	3	0.0165	0.7670
CTNNA1	GSDME	3	0.0003	0.8465
KRT8	GSDME	3	0.0691	0.6982
LMNA	GSDME	3	0.0019	0.8289
MAPRE3	GSDME	3	0.0018	0.8297
ACTB	GSE1	3	0.0000	0.8553
KRT8	GSE1	3	0.0024	0.8252
LMNA	GSE1	3	0.0054	0.8093
MAPRE3	GSE1	3	0.0000	0.8553
ACTB	GSK3A	3	0.0139	0.7747
KRT8	GSK3A	3	0.1033	0.6710
LMNA	GSK3A	3	0.0000	0.8553
ACTB	GSK3B	3	0.1665	0.6292
CTNNA1	GSK3B	3	0.0091	0.7930
KRT8	GSK3B	3	0.5076	0.2079
LMNA	GSK3B	3	0.0163	0.7678
MAPRE3	GSK3B	3	0.0103	0.7884
ACTB	GSN	3	0.3630	0.3381
KRT8	GSN	3	0.1058	0.6693
LMNA	GSN	3	0.0288	0.7413
ACTB	GSPT1	3	0.2982	0.5614
CTNNA1	GSPT1	3	0.1354	0.6481
KRT8	GSPT1	3	0.3306	0.5449
LMNA	GSPT1	3	0.0893	0.6824
MAPRE3	GSPT1	3	0.2425	0.5889
ACTB	GSPT2	3	0.2814	0.5698
CTNNA1	GSPT2	3	0.1534	0.6372
KRT8	GSPT2	3	0.3266	0.5471
LMNA	GSPT2	3	0.0913	0.6805
MAPRE3	GSPT2	3	0.2490	0.5850
ACTB	GSR	3	0.0073	0.8005
CTNNA1	GSR	3	0.0375	0.7289
KRT8	GSR	3	0.0141	0.7742
LMNA	GSR	3	0.0268	0.7447
MAPRE3	GSR	3	0.0110	0.7857
ACTB	GSTCD	3	0.6667	0.0721
KRT8	GSTCD	3	1.0000	0.0000
LMNA	GSTCD	3	0.3333	0.4096
ACTB	GSTK1	3	0.2152	0.6018
CTNNA1	GSTK1	3	0.0394	0.7262
KRT8	GSTK1	3	0.3645	0.3341
LMNA	GSTK1	3	0.1246	0.6558
MAPRE3	GSTK1	3	0.0682	0.6989
ACTB	GSTM1	3	0.0030	0.8212
KRT8	GSTM1	3	0.2425	0.5889
LMNA	GSTM1	3	0.0006	0.8417
MAPRE3	GSTM1	3	0.0007	0.8404
ACTB	GSTM3	3	0.0193	0.7598
CTNNA1	GSTM3	3	0.0226	0.7529
KRT8	GSTM3	3	0.0181	0.7628
LMNA	GSTM3	3	0.0132	0.7771
MAPRE3	GSTM3	3	0.0063	0.8048
ACTB	GSTO1	3	0.1080	0.6680
CTNNA1	GSTO1	3	0.0012	0.8352
KRT8	GSTO1	3	0.0444	0.7210
LMNA	GSTO1	3	0.0047	0.8127
MAPRE3	GSTO1	3	0.0001	0.8514
MAPRE3	GSTO2	3	0.3333	0.4096
ACTB	GSTP1	3	0.0687	0.6984
CTNNA1	GSTP1	3	0.0112	0.7849
KRT8	GSTP1	3	0.0328	0.7353
LMNA	GSTP1	3	0.0214	0.7555
MAPRE3	GSTP1	3	0.0021	0.8274
ACTB	GTF2A1	3	0.0042	0.8151
CTNNA1	GTF2A1	3	0.0000	0.8553
KRT8	GTF2A1	3	0.0042	0.8151
LMNA	GTF2A1	3	0.2492	0.5850
MAPRE3	GTF2A1	3	0.0008	0.8393
LMNA	GTF2B	3	0.3161	0.5520
ACTB	GTF2E1	3	0.0015	0.8325
KRT8	GTF2E1	3	0.0003	0.8465
LMNA	GTF2E1	3	0.1603	0.6330
MAPRE3	GTF2E1	3	0.0004	0.8448
KRT8	GTF2E2	3	0.0011	0.8360
LMNA	GTF2E2	3	0.0197	0.7589
MAPRE3	GTF2E2	3	0.0000	0.8553
ACTB	GTF2F1	3	0.0003	0.8465
LMNA	GTF2F1	3	0.1837	0.6189
ACTB	GTF2F2	3	0.0942	0.6782
CTNNA1	GTF2F2	3	0.0555	0.7105
KRT8	GTF2F2	3	0.1921	0.6137
LMNA	GTF2F2	3	0.3172	0.5515
MAPRE3	GTF2F2	3	0.1430	0.6437
LMNA	GTF2H1	3	0.0090	0.7935
ACTB	GTF2H2;GTF2H2C	3	0.0296	0.7400
CTNNA1	GTF2H2;GTF2H2C	3	0.0251	0.7482
KRT8	GTF2H2;GTF2H2C	3	0.2557	0.5814
LMNA	GTF2H2;GTF2H2C	3	0.4033	0.2767
MAPRE3	GTF2H2;GTF2H2C	3	0.0417	0.7240
KRT8	GTF2H4	3	0.0480	0.7173
MAPRE3	GTF2H4	3	0.0005	0.8431
ACTB	GTF2I	3	0.1965	0.6114
CTNNA1	GTF2I	3	0.0503	0.7152
KRT8	GTF2I	3	0.1575	0.6347
LMNA	GTF2I	3	0.3064	0.5570
MAPRE3	GTF2I	3	0.1716	0.6264
KRT8	GTF2IRD1	3	0.0001	0.8514
LMNA	GTF2IRD1	3	0.0925	0.6795
CTNNA1	GTF2IRD2	3	0.3333	0.4096
KRT8	GTF2IRD2	3	0.3333	0.4096
LMNA	GTF3A	3	0.0077	0.7987
ACTB	GTF3C1	3	0.2149	0.6019
CTNNA1	GTF3C1	3	0.0872	0.6837
KRT8	GTF3C1	3	0.2972	0.5620
LMNA	GTF3C1	3	0.3061	0.5572
MAPRE3	GTF3C1	3	0.1974	0.6110
ACTB	GTF3C2	3	0.2055	0.6068
CTNNA1	GTF3C2	3	0.1160	0.6624
KRT8	GTF3C2	3	0.2537	0.5826
LMNA	GTF3C2	3	0.2698	0.5748
MAPRE3	GTF3C2	3	0.1706	0.6269
ACTB	GTF3C3	3	0.3072	0.5565
CTNNA1	GTF3C3	3	0.1258	0.6548
KRT8	GTF3C3	3	0.3607	0.3423
LMNA	GTF3C3	3	0.3360	0.4012
MAPRE3	GTF3C3	3	0.2296	0.5946
ACTB	GTF3C4	3	0.1794	0.6215
CTNNA1	GTF3C4	3	0.0642	0.7025
KRT8	GTF3C4	3	0.1411	0.6446
LMNA	GTF3C4	3	0.3132	0.5537
MAPRE3	GTF3C4	3	0.1286	0.6531
ACTB	GTF3C5	3	0.3070	0.5566
CTNNA1	GTF3C5	3	0.1600	0.6332
KRT8	GTF3C5	3	0.3544	0.3539
LMNA	GTF3C5	3	0.3746	0.3166
MAPRE3	GTF3C5	3	0.2466	0.5864
ACTB	GTF3C6	3	0.0166	0.7668
CTNNA1	GTF3C6	3	0.0001	0.8514
KRT8	GTF3C6	3	0.0192	0.7600
LMNA	GTF3C6	3	0.0907	0.6812
MAPRE3	GTF3C6	3	0.0014	0.8335
ACTB	GTPBP1	3	0.0076	0.7991
CTNNA1	GTPBP1	3	0.0001	0.8514
KRT8	GTPBP1	3	0.0114	0.7842
LMNA	GTPBP1	3	0.0009	0.8382
MAPRE3	GTPBP1	3	0.0006	0.8417
KRT8	GTPBP10	3	1.0000	0.0000
KRT8	GTPBP2	3	0.0144	0.7732
MAPRE3	GTPBP2	3	0.0000	0.8553
ACTB	GTPBP4	3	0.1721	0.6260
CTNNA1	GTPBP4	3	0.0325	0.7359
KRT8	GTPBP4	3	0.2527	0.5830
LMNA	GTPBP4	3	0.2233	0.5976
MAPRE3	GTPBP4	3	0.0572	0.7088
ACTB	GTPBP6	3	0.3415	0.3832
KRT8	GTPBP6	3	1.0000	0.0000
LMNA	GTPBP6	3	0.0109	0.7861
MAPRE3	GTPBP6	3	0.0074	0.8000
KRT8	GTPBP8	3	0.3333	0.4096
ACTB	GTSE1	3	0.0104	0.7880
CTNNA1	GTSE1	3	0.0013	0.8344
KRT8	GTSE1	3	0.0860	0.6848
LMNA	GTSE1	3	0.0109	0.7861
MAPRE3	GTSE1	3	0.9595	0.0024
ACTB	GUCD1	3	0.3333	0.4096
KRT8	GUF1	3	0.3333	0.4096
LMNA	GUF1	3	0.6667	0.0721
ACTB	GULP1	3	0.0124	0.7799
CTNNA1	GULP1	3	0.0001	0.8514
KRT8	GULP1	3	0.1966	0.6113
LMNA	GULP1	3	0.0591	0.7071
MAPRE3	GULP1	3	0.0033	0.8195
ACTB	GVINP1	3	0.3333	0.4096
ACTB	GYS1	3	0.0037	0.8175
CTNNA1	GYS1	3	0.0001	0.8514
KRT8	GYS1	3	0.0125	0.7796
LMNA	GYS1	3	0.0069	0.8021
MAPRE3	GYS1	3	0.0004	0.8448
CTNNA1	H1-0	3	0.0145	0.7729
LMNA	H1-0	3	0.3333	0.4096
MAPRE3	H1-0	3	0.3411	0.3844
ACTB	H1-1	3	0.0083	0.7964
CTNNA1	H1-1	3	0.0659	0.7009
KRT8	H1-1	3	0.0094	0.7917
LMNA	H1-1	3	0.0761	0.6925
MAPRE3	H1-1	3	0.0613	0.7055
ACTB	H1-10	3	0.0094	0.7917
CTNNA1	H1-10	3	0.0318	0.7369
LMNA	H1-10	3	0.0146	0.7726
MAPRE3	H1-10	3	0.0240	0.7503
ACTB	H1-2;H1-3;H1-4	3	0.0060	0.8062
CTNNA1	H1-2;H1-3;H1-4	3	0.0094	0.7917
KRT8	H1-2;H1-3;H1-4	3	0.0050	0.8113
LMNA	H1-2;H1-3;H1-4	3	0.0633	0.7033
MAPRE3	H1-2;H1-3;H1-4	3	0.0061	0.8057
ACTB	H1-5	3	0.0348	0.7328
CTNNA1	H1-5	3	0.0619	0.7049
KRT8	H1-5	3	0.0330	0.7351
LMNA	H1-5	3	0.0957	0.6771
MAPRE3	H1-5	3	0.0447	0.7206
KRT8	H1-7	3	0.3333	0.4096
ACTB	H2AC11;H2AC12;H2AC14;H2AC18;H2AC20;H2AC25;H2AC4;H2AC6;H2AC7;H2AJ	3	0.0054	0.8093
CTNNA1	H2AC11;H2AC12;H2AC14;H2AC18;H2AC20;H2AC25;H2AC4;H2AC6;H2AC7;H2AJ	3	0.0025	0.8246
KRT8	H2AC11;H2AC12;H2AC14;H2AC18;H2AC20;H2AC25;H2AC4;H2AC6;H2AC7;H2AJ	3	0.0046	0.8132
LMNA	H2AC11;H2AC12;H2AC14;H2AC18;H2AC20;H2AC25;H2AC4;H2AC6;H2AC7;H2AJ	3	0.0272	0.7441
MAPRE3	H2AC11;H2AC12;H2AC14;H2AC18;H2AC20;H2AC25;H2AC4;H2AC6;H2AC7;H2AJ	3	0.0021	0.8274
LMNA	H2AZ1;H2AZ2	3	0.8283	0.0200
ACTB	H2BC1	3	0.1496	0.6396
CTNNA1	H2BC1	3	0.0260	0.7465
KRT8	H2BC1	3	0.1319	0.6511
LMNA	H2BC1	3	0.2898	0.5659
MAPRE3	H2BC1	3	0.0285	0.7418
CTNNA1	H2BC11;H2BC17;H2BC21;H2BC26;H2BC3	3	0.0031	0.8206
LMNA	H2BC11;H2BC17;H2BC21;H2BC26;H2BC3	3	0.0142	0.7739
MAPRE3	H2BC11;H2BC17;H2BC21;H2BC26;H2BC3	3	0.0012	0.8352
ACTB	H2BC12;H2BC12L;H2BC13;H2BC14;H2BC15;H2BC18;H2BC4;H2BC5;H2BC9	3	0.0239	0.7505
CTNNA1	H2BC12;H2BC12L;H2BC13;H2BC14;H2BC15;H2BC18;H2BC4;H2BC5;H2BC9	3	0.0166	0.7668
KRT8	H2BC12;H2BC12L;H2BC13;H2BC14;H2BC15;H2BC18;H2BC4;H2BC5;H2BC9	3	0.0030	0.8212
LMNA	H2BC12;H2BC12L;H2BC13;H2BC14;H2BC15;H2BC18;H2BC4;H2BC5;H2BC9	3	0.0597	0.7066
MAPRE3	H2BC12;H2BC12L;H2BC13;H2BC14;H2BC15;H2BC18;H2BC4;H2BC5;H2BC9	3	0.0100	0.7894
KRT8	H2BK1	3	0.3333	0.4096
ACTB	H3-7	3	0.1475	0.6407
CTNNA1	H3-7	3	0.0151	0.7711
KRT8	H3-7	3	0.1450	0.6423
LMNA	H3-7	3	0.0938	0.6787
MAPRE3	H3-7	3	0.0228	0.7526
ACTB	H4C1	3	0.0209	0.7564
CTNNA1	H4C1	3	0.0093	0.7922
KRT8	H4C1	3	0.0160	0.7686
LMNA	H4C1	3	0.1183	0.6601
MAPRE3	H4C1	3	0.0033	0.8195
KRT8	H4C7	3	0.0032	0.8201
ACTB	HACD2	3	0.0000	0.8553
KRT8	HACD2	3	0.0000	0.8553
LMNA	HACD2	3	0.0000	0.8553
ACTB	HACD3	3	0.3030	0.5587
CTNNA1	HACD3	3	0.1013	0.6727
KRT8	HACD3	3	0.3726	0.3197
LMNA	HACD3	3	0.2769	0.5716
MAPRE3	HACD3	3	0.2112	0.6040
ACTB	HACL1	3	0.0163	0.7678
KRT8	HACL1	3	0.6401	0.1719
LMNA	HACL1	3	0.0026	0.8238
MAPRE3	HACL1	3	0.0003	0.8465
ACTB	HADH	3	0.0007	0.8404
KRT8	HADH	3	0.0064	0.8044
ACTB	HADHA	3	0.0986	0.6746
CTNNA1	HADHA	3	0.0197	0.7589
KRT8	HADHA	3	0.0577	0.7083
LMNA	HADHA	3	0.0498	0.7156
MAPRE3	HADHA	3	0.0063	0.8048
ACTB	HADHB	3	0.0320	0.7366
CTNNA1	HADHB	3	0.0285	0.7418
KRT8	HADHB	3	0.1305	0.6521
LMNA	HADHB	3	0.0089	0.7939
MAPRE3	HADHB	3	0.0012	0.8352
ACTB	HAL	3	0.3333	0.4096
LMNA	HAP1	3	0.3333	0.4096
ACTB	HARS1	3	0.1533	0.6373
CTNNA1	HARS1	3	0.0066	0.8035
KRT8	HARS1	3	0.1575	0.6347
LMNA	HARS1	3	0.0105	0.7876
MAPRE3	HARS1	3	0.0245	0.7491
CTNNA1	HAS2	3	0.3333	0.4096
ACTB	HAT1	3	0.2038	0.6077
CTNNA1	HAT1	3	0.0427	0.7231
KRT8	HAT1	3	0.2494	0.5849
LMNA	HAT1	3	0.2965	0.5623
MAPRE3	HAT1	3	0.1353	0.6482
ACTB	HAUS1	3	0.0430	0.7227
KRT8	HAUS1	3	1.0000	0.0000
MAPRE3	HAUS1	3	0.0012	0.8352
ACTB	HAUS2	3	0.0928	0.6793
KRT8	HAUS2	3	0.3842	0.3027
MAPRE3	HAUS2	3	0.0937	0.6789
ACTB	HAUS3	3	0.0187	0.7613
KRT8	HAUS3	3	0.0282	0.7424
MAPRE3	HAUS3	3	0.0048	0.8121
ACTB	HAUS4	3	0.0223	0.7537
KRT8	HAUS4	3	0.8659	0.0126
LMNA	HAUS4	3	0.0007	0.8404
MAPRE3	HAUS4	3	0.0033	0.8195
ACTB	HAUS5	3	0.0273	0.7439
KRT8	HAUS5	3	0.0334	0.7345
LMNA	HAUS5	3	0.0002	0.8487
MAPRE3	HAUS5	3	0.0035	0.8185
ACTB	HAUS6	3	0.0113	0.7846
CTNNA1	HAUS6	3	0.0014	0.8335
KRT8	HAUS6	3	0.1976	0.6109
LMNA	HAUS6	3	0.0005	0.8431
MAPRE3	HAUS6	3	0.0110	0.7857
ACTB	HAUS7	3	0.0974	0.6756
KRT8	HAUS7	3	0.4601	0.2292
MAPRE3	HAUS7	3	0.2431	0.5885
ACTB	HAUS8	3	0.0143	0.7735
CTNNA1	HAUS8	3	0.0006	0.8417
KRT8	HAUS8	3	0.0409	0.7247
LMNA	HAUS8	3	0.0004	0.8448
MAPRE3	HAUS8	3	0.0156	0.7698
ACTB	HBA	3	0.0190	0.7605
CTNNA1	HBA	3	0.0070	0.8017
KRT8	HBA	3	0.0072	0.8009
LMNA	HBA	3	0.0006	0.8417
MAPRE3	HBA	3	0.0076	0.7991
CTNNA1	HBA1	3	0.3333	0.4096
CTNNA1	HBB	3	0.1744	0.6248
KRT8	HBB	3	0.0739	0.6942
LMNA	HBB	3	0.2170	0.6007
MAPRE3	HBB	3	0.0474	0.7179
ACTB	HBBF	3	0.2138	0.6027
CTNNA1	HBBF	3	0.0169	0.7661
KRT8	HBBF	3	0.1394	0.6458
LMNA	HBBF	3	0.1086	0.6675
MAPRE3	HBBF	3	0.0730	0.6951
ACTB	HBS1L	3	0.0162	0.7681
CTNNA1	HBS1L	3	0.0003	0.8465
KRT8	HBS1L	3	0.0331	0.7349
LMNA	HBS1L	3	0.0026	0.8238
MAPRE3	HBS1L	3	0.0060	0.8062
ACTB	HCCS	3	0.0506	0.7149
CTNNA1	HCCS	3	0.0188	0.7610
KRT8	HCCS	3	0.0570	0.7091
LMNA	HCCS	3	0.0211	0.7561
MAPRE3	HCCS	3	0.0020	0.8282
ACTB	HCFC1	3	0.2645	0.5773
CTNNA1	HCFC1	3	0.0467	0.7186
KRT8	HCFC1	3	0.2459	0.5869
LMNA	HCFC1	3	0.3152	0.5525
MAPRE3	HCFC1	3	0.2658	0.5764
LMNA	HCFC2	3	0.0011	0.8360
MAPRE3	HCFC2	3	0.2824	0.5692
MAPRE3	HCK	3	0.0088	0.7944
MAPRE3	HCRTR2	3	0.3333	0.4096
ACTB	HDAC1	3	0.0108	0.7866
CTNNA1	HDAC1	3	0.0071	0.8013
KRT8	HDAC1	3	0.0122	0.7807
LMNA	HDAC1	3	0.1606	0.6329
MAPRE3	HDAC1	3	0.0158	0.7691
ACTB	HDAC2	3	0.0531	0.7122
CTNNA1	HDAC2	3	0.0114	0.7842
KRT8	HDAC2	3	0.1437	0.6434
LMNA	HDAC2	3	0.1851	0.6183
MAPRE3	HDAC2	3	0.0181	0.7628
KRT8	HDAC3	3	0.0384	0.7275
LMNA	HDAC3	3	0.0019	0.8289
ACTB	HDAC4	3	0.0065	0.8039
KRT8	HDAC4	3	0.0088	0.7944
LMNA	HDAC4	3	0.0028	0.8224
ACTB	HDAC5	3	0.3242	0.5485
KRT8	HDAC5	3	0.3493	0.3636
LMNA	HDAC5	3	0.2238	0.5974
MAPRE3	HDAC5	3	0.0027	0.8233
ACTB	HDAC6	3	0.0322	0.7363
CTNNA1	HDAC6	3	0.0004	0.8448
KRT8	HDAC6	3	0.5257	0.2010
LMNA	HDAC6	3	0.0012	0.8352
MAPRE3	HDAC6	3	0.0023	0.8260
ACTB	HDAC7	3	0.0057	0.8078
KRT8	HDAC7	3	0.1070	0.6687
ACTB	HDGF	3	0.0071	0.8013
CTNNA1	HDGF	3	0.0076	0.7991
KRT8	HDGF	3	0.0065	0.8039
LMNA	HDGF	3	0.6251	0.1747
MAPRE3	HDGF	3	0.0082	0.7969
ACTB	HDGFL2	3	0.0008	0.8393
CTNNA1	HDGFL2	3	0.0000	0.8553
KRT8	HDGFL2	3	0.0007	0.8404
LMNA	HDGFL2	3	0.0077	0.7987
MAPRE3	HDGFL2	3	0.0000	0.8553
ACTB	HDHD2	3	0.0016	0.8315
CTNNA1	HDHD2	3	0.0048	0.8121
KRT8	HDHD2	3	0.0068	0.8026
LMNA	HDHD2	3	0.0115	0.7837
ACTB	HDHD5	3	0.0408	0.7248
CTNNA1	HDHD5	3	0.0028	0.8224
KRT8	HDHD5	3	0.0555	0.7105
LMNA	HDHD5	3	0.0201	0.7580
MAPRE3	HDHD5	3	0.0126	0.7792
ACTB	HDLBP	3	0.4106	0.2667
CTNNA1	HDLBP	3	0.2079	0.6054
KRT8	HDLBP	3	0.4140	0.2624
LMNA	HDLBP	3	0.2527	0.5830
MAPRE3	HDLBP	3	0.3498	0.3622
ACTB	HDX	3	0.0055	0.8088
KRT8	HDX	3	0.0067	0.8030
LMNA	HDX	3	0.9559	0.0026
MAPRE3	HDX	3	0.0046	0.8132
ACTB	HEATR1	3	0.1781	0.6223
CTNNA1	HEATR1	3	0.0405	0.7250
KRT8	HEATR1	3	0.3446	0.3760
LMNA	HEATR1	3	0.2128	0.6032
MAPRE3	HEATR1	3	0.0962	0.6768
ACTB	HEATR3	3	0.0025	0.8246
CTNNA1	HEATR3	3	0.0000	0.8553
KRT8	HEATR3	3	0.0087	0.7947
LMNA	HEATR3	3	0.0059	0.8068
MAPRE3	HEATR3	3	0.0002	0.8487
ACTB	HEATR5A	3	0.0106	0.7871
KRT8	HEATR5A	3	0.0298	0.7397
LMNA	HEATR5A	3	0.0005	0.8431
MAPRE3	HEATR5A	3	0.0010	0.8371
ACTB	HEATR5B	3	0.0070	0.8017
CTNNA1	HEATR5B	3	0.0000	0.8553
KRT8	HEATR5B	3	0.0188	0.7610
MAPRE3	HEATR5B	3	0.0006	0.8417
ACTB	HEATR6	3	0.1028	0.6713
KRT8	HEATR6	3	0.5180	0.2050
ACTB	HEBP1	3	0.0084	0.7959
KRT8	HEBP1	3	0.0772	0.6917
LMNA	HEBP1	3	0.0035	0.8185
MAPRE3	HEBP1	3	0.0001	0.8514
KRT8	HECA	3	0.0265	0.7454
ACTB	HECTD1	3	0.3249	0.5481
CTNNA1	HECTD1	3	0.1717	0.6264
KRT8	HECTD1	3	0.4006	0.2803
LMNA	HECTD1	3	0.1863	0.6173
MAPRE3	HECTD1	3	0.2517	0.5837
ACTB	HECTD3	3	0.3333	0.4096
KRT8	HECTD3	3	0.3375	0.3964
MAPRE3	HECTD3	3	0.0019	0.8289
ACTB	HECTD4	3	0.0031	0.8206
KRT8	HECTD4	3	0.1582	0.6343
MAPRE3	HECW1	3	0.3333	0.4096
LMNA	HECW2	3	0.3222	0.5493
MAPRE3	HEG1	3	0.0056	0.8082
ACTB	HELLS	3	0.2146	0.6021
CTNNA1	HELLS	3	0.0825	0.6880
KRT8	HELLS	3	0.1708	0.6268
LMNA	HELLS	3	0.3541	0.3544
MAPRE3	HELLS	3	0.2022	0.6084
MAPRE3	HELT	3	0.3333	0.4096
ACTB	HELZ	3	0.0027	0.8233
CTNNA1	HELZ	3	0.0000	0.8553
KRT8	HELZ	3	0.0162	0.7681
MAPRE3	HELZ	3	0.0002	0.8487
KRT8	HELZ2	3	0.6667	0.0721
ACTB	HENMT1	3	0.0717	0.6958
KRT8	HENMT1	3	0.1849	0.6184
LMNA	HENMT1	3	0.0379	0.7283
MAPRE3	HENMT1	3	0.0023	0.8260
KRT8	HEPH	3	0.3333	0.4096
ACTB	HERC1	3	0.0157	0.7695
CTNNA1	HERC1	3	0.0039	0.8165
KRT8	HERC1	3	0.2361	0.5921
LMNA	HERC1	3	0.0028	0.8224
MAPRE3	HERC1	3	0.0006	0.8417
ACTB	HERC2	3	0.0793	0.6905
CTNNA1	HERC2	3	0.0044	0.8141
KRT8	HERC2	3	0.1413	0.6444
LMNA	HERC2	3	0.0005	0.8431
MAPRE3	HERC2	3	0.0134	0.7764
ACTB	HERC4	3	0.1931	0.6132
CTNNA1	HERC4	3	0.1362	0.6478
KRT8	HERC4	3	0.4003	0.2808
LMNA	HERC4	3	0.1722	0.6260
MAPRE3	HERC4	3	0.2570	0.5809
ACTB	HERC5	3	0.0051	0.8108
CTNNA1	HERC5	3	0.0001	0.8514
KRT8	HERC5	3	0.0236	0.7511
LMNA	HERC5	3	0.0010	0.8371
MAPRE3	HERC5	3	0.0003	0.8465
CTNNA1	HEXA	3	0.3333	0.4096
ACTB	HEXIM1	3	0.1255	0.6550
CTNNA1	HEXIM1	3	0.1479	0.6404
KRT8	HEXIM1	3	0.0854	0.6852
LMNA	HEXIM1	3	0.3999	0.2818
MAPRE3	HEXIM1	3	0.0831	0.6874
MAPRE3	HFE	3	0.0052	0.8103
ACTB	HFM1	3	0.3333	0.4096
KRT8	HGS	3	0.4496	0.2355
LMNA	HHEX	3	0.0000	0.8553
KRT8	HHIPL1	3	0.3333	0.4096
LMNA	HHIPL1	3	0.3333	0.4096
ACTB	HIBCH	3	0.0112	0.7849
KRT8	HIBCH	3	0.0858	0.6850
LMNA	HIBCH	3	0.0184	0.7619
KRT8	HIF1A	3	0.5554	0.1914
LMNA	HIF1A	3	0.0019	0.8289
ACTB	HIF3A	3	0.3333	0.4096
ACTB	HINT1	3	0.0008	0.8393
LMNA	HINT1	3	0.0002	0.8487
ACTB	HIP1	3	0.0104	0.7880
ACTB	HIP1R	3	0.3825	0.3064
CTNNA1	HIP1R	3	0.0008	0.8393
KRT8	HIP1R	3	0.2051	0.6070
MAPRE3	HIP1R	3	0.0017	0.8305
ACTB	HIPK2	3	0.3333	0.4096
LMNA	HIPK2	3	0.3333	0.4096
KRT8	HIRA	3	0.0008	0.8393
LMNA	HIRA	3	0.0013	0.8344
LMNA	HIRIP3	3	0.1510	0.6386
ACTB	HIVEP1	3	0.0016	0.8315
KRT8	HIVEP1	3	0.0024	0.8252
LMNA	HIVEP1	3	0.3509	0.3604
MAPRE3	HIVEP1	3	0.0007	0.8404
ACTB	HIVEP2	3	0.0057	0.8078
KRT8	HIVEP2	3	0.0367	0.7301
LMNA	HIVEP2	3	0.0012	0.8352
MAPRE3	HIVEP2	3	0.0001	0.8514
LMNA	HIVEP3	3	0.0002	0.8487
ACTB	HJURP	3	0.0001	0.8514
KRT8	HJURP	3	0.0001	0.8514
LMNA	HJURP	3	0.0087	0.7947
MAPRE3	HJURP	3	0.0003	0.8465
ACTB	HK1	3	0.0980	0.6751
CTNNA1	HK1	3	0.0241	0.7500
KRT8	HK1	3	0.0601	0.7063
LMNA	HK1	3	0.0302	0.7392
MAPRE3	HK1	3	0.0111	0.7854
ACTB	HK2	3	0.1667	0.6290
CTNNA1	HK2	3	0.0439	0.7217
KRT8	HK2	3	0.2247	0.5971
LMNA	HK2	3	0.0999	0.6738
MAPRE3	HK2	3	0.0832	0.6873
ACTB	HK3	3	0.3333	0.4096
ACTB	HKDC1	3	0.3333	0.4096
ACTB	HLA-A	3	0.0568	0.7093
CTNNA1	HLA-A	3	0.0163	0.7678
KRT8	HLA-A	3	0.0392	0.7265
LMNA	HLA-A	3	0.0174	0.7647
MAPRE3	HLA-A	3	0.0030	0.8212
ACTB	HLA-B	3	0.0342	0.7335
CTNNA1	HLA-B	3	0.0142	0.7739
KRT8	HLA-B	3	0.0267	0.7449
LMNA	HLA-B	3	0.0226	0.7529
MAPRE3	HLA-B	3	0.0025	0.8246
ACTB	HLA-C	3	0.0760	0.6926
CTNNA1	HLA-C	3	0.0100	0.7894
KRT8	HLA-C	3	0.1094	0.6671
LMNA	HLA-C	3	0.1034	0.6709
MAPRE3	HLA-C	3	0.0009	0.8382
ACTB	HLCS	3	0.2161	0.6013
CTNNA1	HLCS	3	0.1050	0.6698
KRT8	HLCS	3	0.3127	0.5540
LMNA	HLCS	3	0.0736	0.6946
MAPRE3	HLCS	3	0.1428	0.6438
ACTB	HLTF	3	0.0003	0.8465
KRT8	HLTF	3	0.0042	0.8151
LMNA	HLTF	3	0.3097	0.5552
MAPRE3	HLTF	3	0.0031	0.8206
LMNA	HLX	3	0.2481	0.5855
ACTB	HM13	3	0.0130	0.7779
CTNNA1	HM13	3	0.0001	0.8514
KRT8	HM13	3	0.0651	0.7018
LMNA	HM13	3	0.2455	0.5872
MAPRE3	HM13	3	0.0022	0.8268
ACTB	HMBOX1	3	0.0020	0.8282
KRT8	HMBOX1	3	0.0071	0.8013
LMNA	HMBOX1	3	0.4810	0.2166
ACTB	HMCES	3	0.0028	0.8224
KRT8	HMCES	3	0.0006	0.8417
LMNA	HMCES	3	0.3260	0.5475
KRT8	HMCN1	3	0.3333	0.4096
LMNA	HMCN1	3	0.3333	0.4096
LMNA	HMG20B	3	0.3333	0.4096
LMNA	HMGB1	3	0.0165	0.7670
LMNA	HMGB2	3	0.3333	0.4096
LMNA	HMGB3	3	0.0385	0.7274
ACTB	HMGCL	3	0.0135	0.7761
CTNNA1	HMGCL	3	0.0101	0.7890
KRT8	HMGCL	3	0.0128	0.7786
LMNA	HMGCL	3	0.0069	0.8021
MAPRE3	HMGCL	3	0.0025	0.8246
ACTB	HMGCS1	3	0.2754	0.5725
KRT8	HMGCS1	3	0.3898	0.2946
KRT8	HMGXB3	3	0.1181	0.6603
LMNA	HMGXB4	3	0.0013	0.8344
ACTB	HMMR	3	0.3092	0.5554
CTNNA1	HMMR	3	0.1428	0.6438
KRT8	HMMR	3	0.3335	0.4086
LMNA	HMMR	3	0.1287	0.6531
MAPRE3	HMMR	3	0.3733	0.3184
ACTB	HMOX2	3	0.0000	0.8553
KRT8	HMOX2	3	0.0000	0.8553
LMNA	HMOX2	3	0.0000	0.8553
KRT8	HMX2	3	0.3333	0.4096
MAPRE3	HNF4A	3	0.3333	0.4096
LMNA	HNMT	3	0.3333	0.4096
ACTB	HNRNPA0	3	0.0835	0.6869
CTNNA1	HNRNPA0	3	0.0162	0.7681
KRT8	HNRNPA0	3	0.1339	0.6493
LMNA	HNRNPA0	3	0.1697	0.6274
MAPRE3	HNRNPA0	3	0.0454	0.7200
ACTB	HNRNPA1	3	0.1780	0.6223
CTNNA1	HNRNPA1	3	0.0352	0.7322
KRT8	HNRNPA1	3	0.1617	0.6324
LMNA	HNRNPA1	3	0.2878	0.5665
MAPRE3	HNRNPA1	3	0.1799	0.6212
ACTB	HNRNPA2B1	3	0.0739	0.6942
CTNNA1	HNRNPA2B1	3	0.0093	0.7922
KRT8	HNRNPA2B1	3	0.0792	0.6905
LMNA	HNRNPA2B1	3	0.3060	0.5573
MAPRE3	HNRNPA2B1	3	0.0735	0.6947
ACTB	HNRNPA3	3	0.0233	0.7516
CTNNA1	HNRNPA3	3	0.0104	0.7880
KRT8	HNRNPA3	3	0.0134	0.7764
LMNA	HNRNPA3	3	0.1347	0.6486
MAPRE3	HNRNPA3	3	0.0145	0.7729
ACTB	HNRNPAB	3	0.0749	0.6933
CTNNA1	HNRNPAB	3	0.0141	0.7742
KRT8	HNRNPAB	3	0.1366	0.6475
LMNA	HNRNPAB	3	0.0577	0.7083
MAPRE3	HNRNPAB	3	0.0120	0.7815
ACTB	HNRNPC	3	0.1945	0.6125
CTNNA1	HNRNPC	3	0.0297	0.7398
KRT8	HNRNPC	3	0.3249	0.5481
LMNA	HNRNPC	3	0.1652	0.6302
MAPRE3	HNRNPC	3	0.0732	0.6950
ACTB	HNRNPD	3	0.0361	0.7310
CTNNA1	HNRNPD	3	0.0121	0.7811
KRT8	HNRNPD	3	0.0287	0.7414
LMNA	HNRNPD	3	0.0167	0.7666
MAPRE3	HNRNPD	3	0.0056	0.8082
ACTB	HNRNPDL	3	0.0775	0.6914
CTNNA1	HNRNPDL	3	0.0141	0.7742
KRT8	HNRNPDL	3	0.0350	0.7325
LMNA	HNRNPDL	3	0.0513	0.7141
MAPRE3	HNRNPDL	3	0.0091	0.7930
ACTB	HNRNPF	3	0.0846	0.6858
CTNNA1	HNRNPF	3	0.0265	0.7454
KRT8	HNRNPF	3	0.1154	0.6627
LMNA	HNRNPF	3	0.3049	0.5577
MAPRE3	HNRNPF	3	0.0358	0.7314
ACTB	HNRNPH1	3	0.1185	0.6600
CTNNA1	HNRNPH1	3	0.0119	0.7820
KRT8	HNRNPH1	3	0.1820	0.6201
LMNA	HNRNPH1	3	0.1982	0.6105
MAPRE3	HNRNPH1	3	0.0245	0.7491
ACTB	HNRNPH2	3	0.1802	0.6210
CTNNA1	HNRNPH2	3	0.0242	0.7498
KRT8	HNRNPH2	3	0.2331	0.5933
LMNA	HNRNPH2	3	0.1989	0.6100
MAPRE3	HNRNPH2	3	0.1113	0.6657
ACTB	HNRNPH3	3	0.0008	0.8393
CTNNA1	HNRNPH3	3	0.0000	0.8553
KRT8	HNRNPH3	3	0.0021	0.8274
LMNA	HNRNPH3	3	0.0054	0.8093
MAPRE3	HNRNPH3	3	0.0001	0.8514
ACTB	HNRNPK	3	0.1492	0.6398
CTNNA1	HNRNPK	3	0.0212	0.7559
KRT8	HNRNPK	3	0.1573	0.6349
LMNA	HNRNPK	3	0.2820	0.5694
MAPRE3	HNRNPK	3	0.0750	0.6932
ACTB	HNRNPL	3	0.0091	0.7930
CTNNA1	HNRNPL	3	0.0081	0.7973
KRT8	HNRNPL	3	0.0125	0.7796
LMNA	HNRNPL	3	0.0233	0.7516
MAPRE3	HNRNPL	3	0.0055	0.8088
ACTB	HNRNPLL	3	0.0522	0.7131
CTNNA1	HNRNPLL	3	0.0251	0.7482
KRT8	HNRNPLL	3	0.0704	0.6968
LMNA	HNRNPLL	3	0.0591	0.7071
MAPRE3	HNRNPLL	3	0.0091	0.7930
ACTB	HNRNPM	3	0.1592	0.6336
CTNNA1	HNRNPM	3	0.0334	0.7345
KRT8	HNRNPM	3	0.1909	0.6145
LMNA	HNRNPM	3	0.3162	0.5520
MAPRE3	HNRNPM	3	0.1466	0.6413
ACTB	HNRNPR	3	0.0737	0.6945
CTNNA1	HNRNPR	3	0.0174	0.7647
KRT8	HNRNPR	3	0.0430	0.7227
LMNA	HNRNPR	3	0.0580	0.7081
MAPRE3	HNRNPR	3	0.0303	0.7390
ACTB	HNRNPU	3	0.1328	0.6502
CTNNA1	HNRNPU	3	0.0217	0.7547
KRT8	HNRNPU	3	0.2723	0.5737
LMNA	HNRNPU	3	0.2461	0.5867
MAPRE3	HNRNPU	3	0.0667	0.7002
ACTB	HNRNPUL1	3	0.0953	0.6775
KRT8	HNRNPUL1	3	0.0936	0.6790
LMNA	HNRNPUL1	3	0.3134	0.5536
MAPRE3	HNRNPUL1	3	0.1431	0.6436
ACTB	HNRNPUL2	3	0.0631	0.7036
CTNNA1	HNRNPUL2	3	0.0375	0.7289
KRT8	HNRNPUL2	3	0.1113	0.6657
LMNA	HNRNPUL2	3	0.1131	0.6644
MAPRE3	HNRNPUL2	3	0.0083	0.7964
ACTB	HOMER1	3	0.3333	0.4096
LMNA	HOMER1	3	0.3333	0.4096
MAPRE3	HOMER1	3	0.3333	0.4096
ACTB	HOOK1	3	0.2401	0.5901
KRT8	HOOK1	3	0.4924	0.2131
MAPRE3	HOOK1	3	0.0025	0.8246
KRT8	HOOK2	3	0.6667	0.0721
ACTB	HOOK3	3	0.0284	0.7420
KRT8	HOOK3	3	0.1666	0.6291
MAPRE3	HOOK3	3	0.0062	0.8053
MAPRE3	HOXA6	3	0.3333	0.4096
ACTB	HOXB13	3	0.3333	0.4096
LMNA	HOXC10	3	0.0265	0.7454
LMNA	HOXC11	3	0.3333	0.4096
KRT8	HOXD3	3	0.3333	0.4096
ACTB	HP	3	0.3333	0.4096
ACTB	HP1BP3	3	0.1596	0.6335
CTNNA1	HP1BP3	3	0.0592	0.7070
KRT8	HP1BP3	3	0.1538	0.6369
LMNA	HP1BP3	3	0.3130	0.5538
MAPRE3	HP1BP3	3	0.0910	0.6808
ACTB	HPCAL1	3	0.1137	0.6640
CTNNA1	HPCAL1	3	0.0122	0.7807
KRT8	HPCAL1	3	0.0966	0.6763
LMNA	HPCAL1	3	0.0563	0.7099
MAPRE3	HPCAL1	3	0.0099	0.7897
MAPRE3	HPD	3	0.3333	0.4096
ACTB	HPDL	3	0.0047	0.8127
KRT8	HPDL	3	0.0056	0.8082
LMNA	HPDL	3	0.0002	0.8487
ACTB	HPF1	3	0.0112	0.7849
KRT8	HPF1	3	0.1041	0.6703
LMNA	HPF1	3	0.4020	0.2789
MAPRE3	HPF1	3	0.0018	0.8297
ACTB	HPRT1	3	0.0633	0.7033
CTNNA1	HPRT1	3	0.0098	0.7900
KRT8	HPRT1	3	0.0503	0.7152
LMNA	HPRT1	3	0.0107	0.7868
MAPRE3	HPRT1	3	0.0044	0.8141
KRT8	HPS1	3	0.3333	0.4096
ACTB	HPS3	3	0.0222	0.7539
KRT8	HPS3	3	0.7149	0.0441
MAPRE3	HPS3	3	0.2166	0.6010
CTNNA1	HPS4	3	0.3332	0.5427
KRT8	HPS4	3	0.3333	0.4096
ACTB	HPS5	3	0.0100	0.7894
CTNNA1	HPS5	3	0.0003	0.8465
KRT8	HPS5	3	0.0526	0.7127
LMNA	HPS5	3	0.0009	0.8382
MAPRE3	HPS5	3	0.0028	0.8224
ACTB	HPS6	3	0.0023	0.8260
KRT8	HPS6	3	0.2545	0.5822
MAPRE3	HPS6	3	0.0001	0.8514
KRT8	HPX	3	0.0015	0.8325
ACTB	HRNR	3	0.3296	0.5455
KRT8	HRNR	3	0.0189	0.7607
LMNA	HRNR	3	0.3160	0.5520
KRT8	HROB	3	0.3333	0.4096
ACTB	HS3ST2	3	0.3333	0.4096
ACTB	HSBP1	3	0.0039	0.8165
CTNNA1	HSBP1	3	0.0000	0.8553
KRT8	HSBP1	3	0.0119	0.7820
LMNA	HSBP1	3	0.0004	0.8448
KRT8	HSD11B1	3	0.3333	0.4096
ACTB	HSD17B10	3	0.0175	0.7646
CTNNA1	HSD17B10	3	0.0193	0.7598
KRT8	HSD17B10	3	0.1917	0.6138
LMNA	HSD17B10	3	0.2103	0.6043
MAPRE3	HSD17B10	3	0.0067	0.8030
ACTB	HSD17B11	3	0.2144	0.6023
KRT8	HSD17B11	3	0.0026	0.8238
LMNA	HSD17B11	3	0.0045	0.8137
ACTB	HSD17B12	3	0.0072	0.8009
KRT8	HSD17B12	3	0.1438	0.6432
LMNA	HSD17B12	3	0.0008	0.8393
ACTB	HSD17B2	3	0.0059	0.8068
ACTB	HSD17B4	3	0.0119	0.7820
CTNNA1	HSD17B4	3	0.0011	0.8360
KRT8	HSD17B4	3	0.0512	0.7143
LMNA	HSD17B4	3	0.3347	0.4053
MAPRE3	HSD17B4	3	0.0028	0.8224
ACTB	HSD17B7	3	0.0105	0.7876
CTNNA1	HSD17B7	3	0.0002	0.8487
KRT8	HSD17B7	3	0.0049	0.8116
LMNA	HSD17B7	3	0.0024	0.8252
MAPRE3	HSD17B7	3	0.0000	0.8553
ACTB	HSD17B8	3	0.1574	0.6348
CTNNA1	HSD17B8	3	0.0127	0.7790
LMNA	HSD17B8	3	0.0441	0.7215
ACTB	HSDL1	3	0.0041	0.8156
KRT8	HSDL1	3	0.0511	0.7144
LMNA	HSDL1	3	0.0206	0.7570
ACTB	HSDL2	3	0.1571	0.6349
CTNNA1	HSDL2	3	0.0154	0.7704
KRT8	HSDL2	3	0.2480	0.5855
LMNA	HSDL2	3	0.0861	0.6847
MAPRE3	HSDL2	3	0.0370	0.7297
ACTB	HSF1	3	0.0010	0.8371
KRT8	HSF1	3	0.0017	0.8305
LMNA	HSF1	3	0.0456	0.7198
MAPRE3	HSF1	3	0.0000	0.8553
KRT8	HSF2	3	0.0043	0.8145
LMNA	HSF2	3	0.3333	0.4096
CTNNA1	HSFX1	3	0.3333	0.4096
ACTB	HSP90AA1	3	0.1319	0.6511
CTNNA1	HSP90AA1	3	0.0179	0.7634
KRT8	HSP90AA1	3	0.2421	0.5893
LMNA	HSP90AA1	3	0.0954	0.6774
MAPRE3	HSP90AA1	3	0.0332	0.7348
KRT8	HSP90AA4P	3	0.1235	0.6565
MAPRE3	HSP90AA4P	3	0.0006	0.8417
ACTB	HSP90AB1	3	0.1249	0.6554
CTNNA1	HSP90AB1	3	0.0158	0.7691
KRT8	HSP90AB1	3	0.0296	0.7400
LMNA	HSP90AB1	3	0.1589	0.6338
MAPRE3	HSP90AB1	3	0.0366	0.7303
ACTB	HSP90AB2P	3	0.0910	0.6808
CTNNA1	HSP90AB2P	3	0.0517	0.7138
KRT8	HSP90AB2P	3	0.2969	0.5622
LMNA	HSP90AB2P	3	0.0295	0.7402
ACTB	HSP90AB3P	3	0.0078	0.7983
KRT8	HSP90AB3P	3	0.0085	0.7955
ACTB	HSP90AB4P	3	0.1537	0.6370
CTNNA1	HSP90AB4P	3	0.0045	0.8137
KRT8	HSP90AB4P	3	0.2401	0.5901
LMNA	HSP90AB4P	3	0.1102	0.6666
MAPRE3	HSP90AB4P	3	0.0386	0.7273
ACTB	HSP90B1	3	0.0976	0.6755
CTNNA1	HSP90B1	3	0.0172	0.7653
KRT8	HSP90B1	3	0.1858	0.6178
LMNA	HSP90B1	3	0.0934	0.6791
MAPRE3	HSP90B1	3	0.0293	0.7406
KRT8	HSPA12A	3	0.3333	0.4096
ACTB	HSPA14	3	0.3333	0.4096
CTNNA1	HSPA14	3	0.3333	0.4096
LMNA	HSPA14	3	0.3333	0.4096
ACTB	HSPA1A;HSPA1B	3	0.2275	0.5958
CTNNA1	HSPA1A;HSPA1B	3	0.0187	0.7613
KRT8	HSPA1A;HSPA1B	3	0.3498	0.3622
LMNA	HSPA1A;HSPA1B	3	0.1162	0.6622
MAPRE3	HSPA1A;HSPA1B	3	0.0343	0.7334
KRT8	HSPA2	3	0.0160	0.7686
ACTB	HSPA4	3	0.0233	0.7516
CTNNA1	HSPA4	3	0.0015	0.8325
KRT8	HSPA4	3	0.0253	0.7478
LMNA	HSPA4	3	0.0179	0.7634
MAPRE3	HSPA4	3	0.0057	0.8078
ACTB	HSPA4L	3	0.0966	0.6763
CTNNA1	HSPA4L	3	0.0144	0.7732
KRT8	HSPA4L	3	0.1202	0.6589
LMNA	HSPA4L	3	0.0513	0.7141
MAPRE3	HSPA4L	3	0.0127	0.7790
ACTB	HSPA5	3	0.2018	0.6086
CTNNA1	HSPA5	3	0.0199	0.7585
KRT8	HSPA5	3	0.3046	0.5580
LMNA	HSPA5	3	0.1360	0.6479
MAPRE3	HSPA5	3	0.0400	0.7255
ACTB	HSPA8	3	0.1525	0.6378
CTNNA1	HSPA8	3	0.0142	0.7739
KRT8	HSPA8	3	0.3185	0.5510
LMNA	HSPA8	3	0.1248	0.6555
MAPRE3	HSPA8	3	0.0221	0.7540
ACTB	HSPA9	3	0.0392	0.7265
CTNNA1	HSPA9	3	0.0071	0.8013
KRT8	HSPA9	3	0.0652	0.7017
LMNA	HSPA9	3	0.0176	0.7642
MAPRE3	HSPA9	3	0.0059	0.8068
ACTB	HSPB1	3	0.0617	0.7052
CTNNA1	HSPB1	3	0.0083	0.7964
KRT8	HSPB1	3	0.1004	0.6734
LMNA	HSPB1	3	0.0173	0.7650
MAPRE3	HSPB1	3	0.0064	0.8044
ACTB	HSPB8	3	0.0089	0.7939
KRT8	HSPB8	3	0.0168	0.7664
ACTB	HSPBP1	3	0.1022	0.6718
CTNNA1	HSPBP1	3	0.0403	0.7251
KRT8	HSPBP1	3	0.1734	0.6253
LMNA	HSPBP1	3	0.0757	0.6928
MAPRE3	HSPBP1	3	0.0171	0.7655
ACTB	HSPD1	3	0.1416	0.6443
CTNNA1	HSPD1	3	0.0166	0.7668
KRT8	HSPD1	3	0.0875	0.6836
LMNA	HSPD1	3	0.0549	0.7109
MAPRE3	HSPD1	3	0.0199	0.7585
ACTB	HSPE1	3	0.5744	0.1861
KRT8	HSPE1	3	0.9922	0.0004
LMNA	HSPE1	3	0.6471	0.1699
MAPRE3	HSPE1	3	0.0241	0.7500
ACTB	HSPH1	3	0.1439	0.6431
CTNNA1	HSPH1	3	0.0337	0.7341
KRT8	HSPH1	3	0.4535	0.2322
LMNA	HSPH1	3	0.0680	0.6990
MAPRE3	HSPH1	3	0.0430	0.7227
ACTB	HTATSF1	3	0.0008	0.8393
CTNNA1	HTATSF1	3	0.0000	0.8553
KRT8	HTATSF1	3	0.0004	0.8448
LMNA	HTATSF1	3	0.0166	0.7668
MAPRE3	HTATSF1	3	0.0002	0.8487
KRT8	HTRA3	3	0.3333	0.4096
ACTB	HTT	3	0.2863	0.5673
CTNNA1	HTT	3	0.0015	0.8325
KRT8	HTT	3	0.0837	0.6867
LMNA	HTT	3	0.0132	0.7771
MAPRE3	HTT	3	0.0118	0.7826
LMNA	HUNK	3	0.3333	0.4096
MAPRE3	HUNK	3	0.3333	0.4096
ACTB	HUWE1	3	0.3455	0.3726
CTNNA1	HUWE1	3	0.1761	0.6235
KRT8	HUWE1	3	0.3883	0.2980
LMNA	HUWE1	3	0.3090	0.5556
MAPRE3	HUWE1	3	0.2799	0.5704
ACTB	HYCC1	3	0.0021	0.8274
CTNNA1	HYCC1	3	0.0000	0.8553
KRT8	HYCC1	3	0.0056	0.8082
LMNA	HYCC1	3	0.0003	0.8465
MAPRE3	HYCC1	3	0.0000	0.8553
ACTB	HYDIN	3	0.0000	0.8553
LMNA	HYDIN	3	0.0000	0.8553
MAPRE3	HYOU1	3	0.0000	0.8553
ACTB	HYPK	3	0.0000	0.8553
KRT8	HYPK	3	0.0000	0.8553
ACTB	IAH1	3	0.0345	0.7331
CTNNA1	IAH1	3	0.0176	0.7642
KRT8	IAH1	3	0.0713	0.6962
LMNA	IAH1	3	0.0789	0.6907
MAPRE3	IAH1	3	0.0095	0.7913
ACTB	IARS1	3	0.2079	0.6054
CTNNA1	IARS1	3	0.0335	0.7343
KRT8	IARS1	3	0.3129	0.5539
LMNA	IARS1	3	0.1537	0.6370
MAPRE3	IARS1	3	0.0846	0.6858
ACTB	IARS2	3	0.2060	0.6063
CTNNA1	IARS2	3	0.0352	0.7322
KRT8	IARS2	3	0.4625	0.2272
LMNA	IARS2	3	0.2683	0.5755
MAPRE3	IARS2	3	0.0729	0.6952
ACTB	IBA57	3	0.0037	0.8175
KRT8	IBA57	3	0.2977	0.5617
ACTB	IBTK	3	0.0058	0.8072
CTNNA1	IBTK	3	0.0005	0.8431
KRT8	IBTK	3	0.0136	0.7758
MAPRE3	IBTK	3	0.0026	0.8238
ACTB	ICAM5	3	0.3333	0.4096
ACTB	ICE1	3	0.0013	0.8344
CTNNA1	ICE1	3	0.0000	0.8553
KRT8	ICE1	3	0.0067	0.8030
LMNA	ICE1	3	0.0112	0.7849
MAPRE3	ICE1	3	0.0006	0.8417
ACTB	ICE2	3	0.0049	0.8116
CTNNA1	ICE2	3	0.0000	0.8553
KRT8	ICE2	3	0.0107	0.7868
LMNA	ICE2	3	0.0060	0.8062
MAPRE3	ICE2	3	0.0009	0.8382
KRT8	ICMT	3	1.0000	0.0000
LMNA	ICMT	3	0.6607	0.1648
LMNA	ID3	3	0.0555	0.7105
ACTB	IDE	3	0.2339	0.5931
CTNNA1	IDE	3	0.0498	0.7156
KRT8	IDE	3	0.2514	0.5839
LMNA	IDE	3	0.1089	0.6673
MAPRE3	IDE	3	0.0389	0.7270
ACTB	IDH1	3	0.0145	0.7729
CTNNA1	IDH1	3	0.0004	0.8448
KRT8	IDH1	3	0.2282	0.5955
LMNA	IDH1	3	0.0043	0.8145
MAPRE3	IDH1	3	0.0011	0.8360
ACTB	IDH2	3	0.0436	0.7220
CTNNA1	IDH2	3	0.0096	0.7908
KRT8	IDH2	3	0.0076	0.7991
LMNA	IDH2	3	0.0740	0.6941
MAPRE3	IDH2	3	0.0023	0.8260
ACTB	IDH3A	3	0.0433	0.7225
CTNNA1	IDH3A	3	0.0005	0.8431
KRT8	IDH3A	3	0.1079	0.6681
LMNA	IDH3A	3	0.1027	0.6714
MAPRE3	IDH3A	3	0.0016	0.8315
KRT8	IDH3B	3	0.3333	0.4096
ACTB	IDI1	3	0.0418	0.7239
CTNNA1	IDI1	3	0.0001	0.8514
KRT8	IDI1	3	0.0679	0.6992
LMNA	IDI1	3	0.0038	0.8170
MAPRE3	IDI1	3	0.0004	0.8448
KRT8	IDI2	3	0.3333	0.4096
ACTB	IFFO2	3	0.0205	0.7572
KRT8	IFFO2	3	0.9951	0.0002
LMNA	IFFO2	3	0.2909	0.5652
ACTB	IFI16	3	0.3136	0.5535
CTNNA1	IFI16	3	0.2498	0.5845
KRT8	IFI16	3	0.2964	0.5623
LMNA	IFI16	3	0.3391	0.3910
MAPRE3	IFI16	3	0.3023	0.5591
ACTB	IFI44	3	0.0066	0.8035
CTNNA1	IFI44	3	0.0000	0.8553
KRT8	IFI44	3	0.2233	0.5976
LMNA	IFI44	3	0.0057	0.8078
MAPRE3	IFI44	3	0.0016	0.8315
ACTB	IFI44L	3	0.0090	0.7935
KRT8	IFI44L	3	0.2625	0.5780
LMNA	IFI44L	3	0.0051	0.8108
MAPRE3	IFI44L	3	0.0010	0.8371
ACTB	IFIT5	3	0.0177	0.7640
CTNNA1	IFIT5	3	0.0000	0.8553
KRT8	IFIT5	3	0.0273	0.7439
MAPRE3	IFIT5	3	0.0031	0.8206
ACTB	IFNGR1	3	0.0048	0.8121
MAPRE3	IFNL2;IFNL3	3	0.3333	0.4096
ACTB	IFRD1	3	0.0127	0.7790
KRT8	IFRD1	3	0.0471	0.7182
MAPRE3	IFRD1	3	0.0014	0.8335
ACTB	IFRD2	3	0.0053	0.8097
CTNNA1	IFRD2	3	0.0000	0.8553
KRT8	IFRD2	3	0.0211	0.7561
LMNA	IFRD2	3	0.0017	0.8305
MAPRE3	IFRD2	3	0.0003	0.8465
ACTB	IFT122	3	0.0057	0.8078
KRT8	IFT122	3	0.0525	0.7129
MAPRE3	IFT122	3	0.0002	0.8487
ACTB	IFT140	3	0.0083	0.7964
KRT8	IFT140	3	0.3898	0.2946
MAPRE3	IFT140	3	0.0015	0.8325
ACTB	IFT172	3	0.1655	0.6300
CTNNA1	IFT172	3	0.0002	0.8487
KRT8	IFT172	3	0.1171	0.6614
LMNA	IFT172	3	0.0003	0.8465
MAPRE3	IFT172	3	0.0028	0.8224
ACTB	IFT20	3	0.0074	0.8000
KRT8	IFT20	3	0.6370	0.1725
MAPRE3	IFT20	3	0.0004	0.8448
KRT8	IFT56	3	0.6046	0.1787
KRT8	IFT57	3	1.0000	0.0000
ACTB	IFT74	3	0.0062	0.8053
KRT8	IFT74	3	0.0112	0.7849
LMNA	IFT74	3	0.0005	0.8431
MAPRE3	IFT74	3	0.3406	0.3855
ACTB	IFT81	3	0.0618	0.7050
KRT8	IFT81	3	0.9122	0.0061
LMNA	IFT81	3	0.0038	0.8170
MAPRE3	IFT81	3	0.0018	0.8297
KRT8	IFT88	3	0.3333	0.4096
ACTB	IGBP1	3	0.3583	0.3472
CTNNA1	IGBP1	3	0.1046	0.6700
KRT8	IGBP1	3	0.3828	0.3053
LMNA	IGBP1	3	0.3533	0.3563
MAPRE3	IGBP1	3	0.2851	0.5680
ACTB	IGF2BP1	3	0.0057	0.8078
CTNNA1	IGF2BP1	3	0.0857	0.6851
KRT8	IGF2BP1	3	0.0127	0.7790
LMNA	IGF2BP1	3	0.0015	0.8325
MAPRE3	IGF2BP1	3	0.0010	0.8371
ACTB	IGF2BP2	3	0.1745	0.6247
CTNNA1	IGF2BP2	3	0.0586	0.7077
KRT8	IGF2BP2	3	0.2852	0.5679
LMNA	IGF2BP2	3	0.0812	0.6889
MAPRE3	IGF2BP2	3	0.0828	0.6877
ACTB	IGF2BP3	3	0.2435	0.5884
CTNNA1	IGF2BP3	3	0.0489	0.7165
KRT8	IGF2BP3	3	0.3128	0.5540
LMNA	IGF2BP3	3	0.1739	0.6251
MAPRE3	IGF2BP3	3	0.1737	0.6251
ACTB	IGF2R	3	0.0070	0.8017
CTNNA1	IGF2R	3	0.0000	0.8553
KRT8	IGF2R	3	0.0036	0.8180
LMNA	IGF2R	3	0.0058	0.8072
MAPRE3	IGF2R	3	0.0001	0.8514
ACTB	IGFBP7	3	0.3333	0.4096
KRT8	IGFBP7	3	1.0000	0.0000
LMNA	IGFN1	3	0.3333	0.4096
ACTB	IGHA1	3	0.3333	0.4096
ACTB	IGHA2	3	0.3333	0.4096
ACTB	IGHD	3	0.3333	0.4096
ACTB	IGHG1	3	0.3333	0.4096
MAPRE3	IGHG1	3	0.3333	0.4096
ACTB	IGHG2	3	0.3333	0.4096
ACTB	IGHG3	3	0.3333	0.4096
ACTB	IGHM	3	0.3333	0.4096
ACTB	IGHMBP2	3	0.0001	0.8514
KRT8	IGHMBP2	3	0.0018	0.8297
LMNA	IGHMBP2	3	0.0000	0.8553
MAPRE3	IGHMBP2	3	0.0000	0.8553
ACTB	IGHV1-69	3	0.3333	0.4096
ACTB	IGHV3-23;IGHV3-30;IGHV3-30-3;IGHV3-30-5;IGHV3-33;IGHV3-53;IGHV3-66;IGHV3-74	3	0.3333	0.4096
ACTB	IGHV3-49	3	0.3333	0.4096
ACTB	IGHV3-7	3	0.3333	0.4096
ACTB	IGHV5-51	3	0.3333	0.4096
ACTB	IGKC	3	0.3333	0.4096
ACTB	IGKV1-16	3	0.3333	0.4096
ACTB	IGKV2-28;IGKV2-29;IGKV2-30;IGKV2-40;IGKV2D-26;IGKV2D-28;IGKV2D-29;IGKV2D-30;IGKV2D-40	3	0.3333	0.4096
ACTB	IGKV3-11;IGKV3D-11	3	0.3333	0.4096
ACTB	IGKV3-15;IGKV3-7;IGKV3D-7	3	0.3333	0.4096
ACTB	IGKV3-20	3	0.3333	0.4096
ACTB	IGKV3D-15	3	0.3333	0.4096
ACTB	IGKV3D-20	3	0.3333	0.4096
ACTB	IGKV4-1	3	0.3333	0.4096
ACTB	IGLC2;IGLC3;IGLC6;IGLC7	3	0.3333	0.4096
ACTB	IGLL1	3	0.3333	0.4096
ACTB	IGLV1-47	3	0.3333	0.4096
ACTB	IGLV3-21;IGLV3-9	3	0.3333	0.4096
LMNA	IGLV5-45	3	0.3333	0.4096
ACTB	IGSF11	3	0.3333	0.4096
ACTB	IGSF3	3	0.0021	0.8274
LMNA	IGSF5	3	0.3333	0.4096
ACTB	IGSF6	3	0.3333	0.4096
ACTB	IK	3	0.2173	0.6005
CTNNA1	IK	3	0.0870	0.6839
KRT8	IK	3	0.1935	0.6130
LMNA	IK	3	0.3359	0.4017
MAPRE3	IK	3	0.2054	0.6069
ACTB	IKBKB	3	0.0333	0.7346
CTNNA1	IKBKB	3	0.0002	0.8487
KRT8	IKBKB	3	0.0744	0.6938
LMNA	IKBKB	3	0.0051	0.8108
MAPRE3	IKBKB	3	0.0020	0.8282
ACTB	IKBKE	3	0.3333	0.4096
ACTB	IKBKG	3	0.0131	0.7774
CTNNA1	IKBKG	3	0.0001	0.8514
KRT8	IKBKG	3	0.0390	0.7268
LMNA	IKBKG	3	0.0041	0.8156
MAPRE3	IKBKG	3	0.0028	0.8224
ACTB	IKZF5	3	0.3333	0.4096
KRT8	IL17RA	3	0.3333	0.4096
MAPRE3	IL17RE	3	0.3333	0.4096
ACTB	IL18	3	0.0598	0.7065
CTNNA1	IL18	3	0.0229	0.7524
KRT8	IL18	3	0.0526	0.7127
LMNA	IL18	3	0.0476	0.7177
MAPRE3	IL18	3	0.0104	0.7880
CTNNA1	IL1RAP	3	0.0000	0.8553
ACTB	IL1RAPL2	3	0.6667	0.0721
KRT8	IL21R	3	0.3333	0.4096
MAPRE3	IL24	3	0.3333	0.4096
KRT8	IL6	3	0.3333	0.4096
KRT8	IL6R	3	0.3333	0.4096
ACTB	IL6ST	3	0.0115	0.7837
CTNNA1	IL6ST	3	0.0057	0.8078
KRT8	IL6ST	3	0.3012	0.5597
LMNA	IL6ST	3	0.0942	0.6782
ACTB	ILF2	3	0.2546	0.5822
KRT8	ILF2	3	0.2827	0.5690
LMNA	ILF2	3	0.1305	0.6521
MAPRE3	ILF2	3	0.0502	0.7153
ACTB	ILF3	3	0.0877	0.6834
CTNNA1	ILF3	3	0.0106	0.7871
KRT8	ILF3	3	0.0785	0.6910
LMNA	ILF3	3	0.1813	0.6203
MAPRE3	ILF3	3	0.0782	0.6910
ACTB	ILK	3	0.2688	0.5754
CTNNA1	ILK	3	0.1080	0.6680
KRT8	ILK	3	0.3082	0.5559
LMNA	ILK	3	0.1667	0.6290
MAPRE3	ILK	3	0.1811	0.6205
ACTB	ILKAP	3	0.0013	0.8344
KRT8	ILKAP	3	0.0012	0.8352
LMNA	ILKAP	3	0.0735	0.6947
MAPRE3	ILKAP	3	0.0001	0.8514
ACTB	ILRUN	3	0.0066	0.8035
KRT8	ILRUN	3	0.0807	0.6893
LMNA	ILRUN	3	0.0023	0.8260
ACTB	ILVBL	3	0.3192	0.5507
CTNNA1	ILVBL	3	0.0085	0.7955
KRT8	ILVBL	3	0.9994	0.0000
LMNA	ILVBL	3	0.5606	0.1893
ACTB	IMMT	3	0.1438	0.6432
CTNNA1	IMMT	3	0.0350	0.7325
KRT8	IMMT	3	0.2025	0.6083
LMNA	IMMT	3	0.0478	0.7175
MAPRE3	IMMT	3	0.0588	0.7074
KRT8	IMP3	3	0.0004	0.8448
LMNA	IMP3	3	0.0026	0.8238
ACTB	IMPA2	3	0.3333	0.4096
CTNNA1	IMPA2	3	0.3333	0.4096
LMNA	IMPA2	3	0.3333	0.4096
MAPRE3	IMPA2	3	0.3464	0.3705
CTNNA1	IMPDH1	3	0.0017	0.8305
LMNA	IMPDH1	3	0.0012	0.8352
ACTB	IMPDH2	3	0.1217	0.6579
CTNNA1	IMPDH2	3	0.0196	0.7592
KRT8	IMPDH2	3	0.1472	0.6410
LMNA	IMPDH2	3	0.0829	0.6876
MAPRE3	IMPDH2	3	0.0362	0.7308
KRT8	INA	3	1.0000	0.0000
MAPRE3	INA	3	0.3333	0.4096
ACTB	INCENP	3	0.1490	0.6398
CTNNA1	INCENP	3	0.0229	0.7524
KRT8	INCENP	3	0.2137	0.6027
LMNA	INCENP	3	0.2743	0.5729
MAPRE3	INCENP	3	0.2002	0.6095
ACTB	INF2	3	0.3605	0.3429
CTNNA1	INF2	3	0.1251	0.6553
KRT8	INF2	3	0.2601	0.5791
LMNA	INF2	3	0.1234	0.6566
MAPRE3	INF2	3	0.1491	0.6398
LMNA	ING1	3	0.3299	0.5453
ACTB	ING3	3	0.0004	0.8448
LMNA	ING3	3	0.0150	0.7715
MAPRE3	ING3	3	0.0000	0.8553
KRT8	INKA2	3	0.0009	0.8382
MAPRE3	INKA2	3	0.0004	0.8448
ACTB	INO80	3	0.0005	0.8431
KRT8	INO80	3	0.0013	0.8344
LMNA	INO80	3	0.3317	0.5443
KRT8	INO80D	3	0.1874	0.6167
LMNA	INO80E	3	0.1211	0.6584
MAPRE3	INO80E	3	0.0007	0.8404
ACTB	INPP1	3	0.0032	0.8201
KRT8	INPP1	3	0.0031	0.8206
LMNA	INPP1	3	0.0068	0.8026
KRT8	INPP4B	3	0.3333	0.4096
ACTB	INPP5B	3	0.0200	0.7582
KRT8	INPP5B	3	0.0437	0.7219
LMNA	INPP5B	3	0.0074	0.8000
MAPRE3	INPP5B	3	0.0008	0.8393
CTNNA1	INPP5D	3	0.3333	0.4096
KRT8	INPP5D	3	0.3333	0.4096
ACTB	INPP5E	3	0.3333	0.4096
KRT8	INPP5E	3	0.3333	0.4096
ACTB	INPP5F	3	0.0905	0.6814
KRT8	INPP5F	3	0.2849	0.5681
KRT8	INPP5J	3	0.3333	0.4096
KRT8	INPP5K	3	0.0411	0.7245
ACTB	INPPL1	3	0.2644	0.5774
CTNNA1	INPPL1	3	0.0565	0.7097
KRT8	INPPL1	3	0.3066	0.5568
LMNA	INPPL1	3	0.0774	0.6915
MAPRE3	INPPL1	3	0.1489	0.6399
KRT8	INSRR	3	0.0035	0.8185
ACTB	INSYN2A	3	0.3333	0.4096
ACTB	INTS1	3	0.0020	0.8282
CTNNA1	INTS1	3	0.0000	0.8553
KRT8	INTS1	3	0.0043	0.8145
LMNA	INTS1	3	0.0061	0.8057
MAPRE3	INTS1	3	0.0005	0.8431
ACTB	INTS10	3	0.0016	0.8315
KRT8	INTS10	3	0.0022	0.8268
LMNA	INTS10	3	0.0476	0.7177
ACTB	INTS11	3	0.0024	0.8252
CTNNA1	INTS11	3	0.0000	0.8553
KRT8	INTS11	3	0.0058	0.8072
LMNA	INTS11	3	0.0297	0.7398
MAPRE3	INTS11	3	0.0002	0.8487
LMNA	INTS12	3	0.0044	0.8141
ACTB	INTS13	3	0.0461	0.7194
CTNNA1	INTS13	3	0.0060	0.8062
KRT8	INTS13	3	0.0545	0.7112
LMNA	INTS13	3	0.1993	0.6098
MAPRE3	INTS13	3	0.0224	0.7534
ACTB	INTS14	3	0.1433	0.6436
CTNNA1	INTS14	3	0.0047	0.8127
KRT8	INTS14	3	0.1212	0.6583
LMNA	INTS14	3	0.2759	0.5723
MAPRE3	INTS14	3	0.0455	0.7199
LMNA	INTS15	3	0.0019	0.8289
KRT8	INTS2	3	0.3333	0.4096
ACTB	INTS3	3	0.0000	0.8553
KRT8	INTS3	3	0.0001	0.8514
LMNA	INTS3	3	0.0063	0.8048
MAPRE3	INTS3	3	0.0011	0.8360
ACTB	INTS4	3	0.0006	0.8417
KRT8	INTS4	3	0.0256	0.7472
LMNA	INTS4	3	0.3329	0.5434
MAPRE3	INTS4	3	0.0045	0.8137
KRT8	INTS5	3	0.6824	0.0562
LMNA	INTS5	3	0.3067	0.5567
ACTB	INTS6	3	0.0002	0.8487
KRT8	INTS6	3	0.0005	0.8431
LMNA	INTS6	3	0.0002	0.8487
MAPRE3	INTS6L	3	0.3333	0.4096
ACTB	INTS7	3	0.0021	0.8274
CTNNA1	INTS7	3	0.0000	0.8553
KRT8	INTS7	3	0.0507	0.7148
LMNA	INTS7	3	0.0059	0.8068
ACTB	INTS8	3	0.0066	0.8035
KRT8	INTS8	3	0.0018	0.8297
LMNA	INTS8	3	0.3720	0.3215
ACTB	INTS9	3	0.0000	0.8553
KRT8	INTS9	3	0.0009	0.8382
LMNA	INTS9	3	0.0109	0.7861
LMNA	INTU	3	0.3333	0.4096
ACTB	INVS	3	0.0077	0.7987
CTNNA1	INVS	3	0.0000	0.8553
KRT8	INVS	3	0.0087	0.7947
LMNA	INVS	3	0.0460	0.7195
MAPRE3	INVS	3	0.0054	0.8093
ACTB	IP6K1	3	0.3201	0.5504
CTNNA1	IP6K1	3	0.0201	0.7580
KRT8	IP6K1	3	0.3424	0.3801
LMNA	IP6K1	3	0.3365	0.4000
MAPRE3	IP6K1	3	0.1799	0.6212
LMNA	IPMK	3	0.2708	0.5743
ACTB	IPO11	3	0.0096	0.7908
CTNNA1	IPO11	3	0.0000	0.8553
KRT8	IPO11	3	0.6106	0.1780
LMNA	IPO11	3	0.0076	0.7991
MAPRE3	IPO11	3	0.0025	0.8246
ACTB	IPO13	3	0.0034	0.8190
KRT8	IPO13	3	0.4570	0.2305
ACTB	IPO4	3	0.3089	0.5556
CTNNA1	IPO4	3	0.1151	0.6629
KRT8	IPO4	3	0.4289	0.2490
LMNA	IPO4	3	0.2459	0.5869
MAPRE3	IPO4	3	0.2057	0.6067
ACTB	IPO5	3	0.3088	0.5557
CTNNA1	IPO5	3	0.0837	0.6867
KRT8	IPO5	3	0.3576	0.3487
LMNA	IPO5	3	0.2864	0.5672
MAPRE3	IPO5	3	0.1674	0.6286
ACTB	IPO7	3	0.3288	0.5461
CTNNA1	IPO7	3	0.1379	0.6465
KRT8	IPO7	3	0.4445	0.2409
LMNA	IPO7	3	0.2873	0.5668
MAPRE3	IPO7	3	0.2739	0.5730
ACTB	IPO8	3	0.0099	0.7897
CTNNA1	IPO8	3	0.0003	0.8465
KRT8	IPO8	3	0.3689	0.3259
LMNA	IPO8	3	0.0075	0.7995
MAPRE3	IPO8	3	0.0019	0.8289
ACTB	IPO9	3	0.2949	0.5632
CTNNA1	IPO9	3	0.2126	0.6033
KRT8	IPO9	3	0.4643	0.2253
LMNA	IPO9	3	0.1933	0.6131
MAPRE3	IPO9	3	0.2006	0.6093
CTNNA1	IPPK	3	0.3333	0.4096
MAPRE3	IPPK	3	0.3333	0.4096
ACTB	IQCB1	3	0.0022	0.8268
KRT8	IQCB1	3	0.2597	0.5793
KRT8	IQCE	3	0.2657	0.5765
MAPRE3	IQCE	3	0.3264	0.5473
ACTB	IQCH	3	0.3333	0.4096
CTNNA1	IQCH	3	0.3333	0.4096
ACTB	IQCJ-SCHIP1;SCHIP1	3	0.0029	0.8218
KRT8	IQCJ-SCHIP1;SCHIP1	3	0.0085	0.7955
CTNNA1	IQCM	3	0.0005	0.8431
ACTB	IQCN	3	0.3333	0.4096
ACTB	IQGAP1	3	0.4500	0.2352
CTNNA1	IQGAP1	3	0.1277	0.6535
KRT8	IQGAP1	3	0.3014	0.5595
LMNA	IQGAP1	3	0.2361	0.5921
MAPRE3	IQGAP1	3	0.1949	0.6121
ACTB	IQGAP2	3	0.6553	0.1668
KRT8	IQGAP2	3	0.0709	0.6965
LMNA	IQGAP2	3	0.0029	0.8218
MAPRE3	IQGAP2	3	0.0110	0.7857
ACTB	IQGAP3	3	0.0778	0.6912
KRT8	IQGAP3	3	0.3613	0.3407
ACTB	IQSEC1	3	0.0019	0.8289
CTNNA1	IQSEC1	3	0.0000	0.8553
KRT8	IQSEC1	3	0.0225	0.7530
LMNA	IQUB	3	0.3333	0.4096
KRT8	IRAG2	3	0.3333	0.4096
ACTB	IRAK1	3	0.0293	0.7406
CTNNA1	IRAK1	3	0.0004	0.8448
KRT8	IRAK1	3	0.4982	0.2111
LMNA	IRAK1	3	0.0016	0.8315
MAPRE3	IRAK1	3	0.0037	0.8175
KRT8	IRAK2	3	0.3333	0.4096
LMNA	IRAK2	3	0.3333	0.4096
ACTB	IRAK3	3	0.0287	0.7414
KRT8	IRAK3	3	0.0392	0.7265
LMNA	IRAK3	3	0.3240	0.5486
MAPRE3	IRAK3	3	0.0075	0.7995
ACTB	IRAK4	3	0.0166	0.7668
KRT8	IRAK4	3	0.0557	0.7103
LMNA	IRAK4	3	0.0007	0.8404
MAPRE3	IRAK4	3	0.0002	0.8487
ACTB	IREB2	3	0.1071	0.6687
CTNNA1	IREB2	3	0.0044	0.8141
KRT8	IREB2	3	0.1762	0.6235
LMNA	IREB2	3	0.0117	0.7830
MAPRE3	IREB2	3	0.0176	0.7642
KRT8	IRF2BP1	3	0.0030	0.8212
LMNA	IRF2BP1	3	0.0818	0.6885
ACTB	IRF2BP2	3	0.0000	0.8553
LMNA	IRF2BP2	3	0.0023	0.8260
ACTB	IRF2BPL	3	0.1017	0.6722
CTNNA1	IRF2BPL	3	0.0248	0.7485
KRT8	IRF2BPL	3	0.0264	0.7456
LMNA	IRF2BPL	3	0.2256	0.5967
MAPRE3	IRF2BPL	3	0.0082	0.7969
CTNNA1	IRGQ	3	0.3333	0.4096
ACTB	IRS1	3	0.0075	0.7995
KRT8	IRS1	3	0.0475	0.7178
LMNA	IRS1	3	0.0012	0.8352
MAPRE3	IRS1	3	0.0087	0.7947
ACTB	IRS2	3	0.0424	0.7234
KRT8	IRS2	3	0.0152	0.7709
LMNA	IRS2	3	0.0000	0.8553
MAPRE3	IRS2	3	0.0058	0.8072
ACTB	IRX3	3	0.3333	0.4096
ACTB	IRX6	3	0.3333	0.4096
CTNNA1	ISCA2	3	0.0124	0.7799
LMNA	ISCA2	3	0.0173	0.7650
ACTB	ISG15	3	0.0948	0.6778
CTNNA1	ISG15	3	0.0142	0.7739
KRT8	ISG15	3	0.1736	0.6253
LMNA	ISG15	3	0.0761	0.6925
MAPRE3	ISG15	3	0.0164	0.7674
KRT8	ISG20L2	3	0.3332	0.5427
MAPRE3	ISG20L2	3	0.0019	0.8289
KRT8	ISM2	3	0.0000	0.8553
LMNA	ISM2	3	0.0000	0.8553
ACTB	ISOC1	3	0.1275	0.6537
CTNNA1	ISOC1	3	0.0070	0.8017
KRT8	ISOC1	3	0.0209	0.7564
LMNA	ISOC1	3	0.0179	0.7634
ACTB	ISOC2	3	0.0651	0.7018
CTNNA1	ISOC2	3	0.0122	0.7807
KRT8	ISOC2	3	0.0595	0.7067
LMNA	ISOC2	3	0.0318	0.7369
MAPRE3	ISOC2	3	0.0065	0.8039
ACTB	IST1	3	0.0693	0.6979
CTNNA1	IST1	3	0.0001	0.8514
KRT8	IST1	3	0.0636	0.7029
MAPRE3	IST1	3	0.0046	0.8132
ACTB	ISY1	3	0.0008	0.8393
KRT8	ISY1	3	0.0008	0.8393
LMNA	ISY1	3	0.0189	0.7607
MAPRE3	ISY1	3	0.0000	0.8553
ACTB	ITCH	3	0.0088	0.7944
KRT8	ITCH	3	0.0099	0.7897
LMNA	ITCH	3	0.0002	0.8487
MAPRE3	ITCH	3	0.0001	0.8514
KRT8	ITGA1	3	0.3333	0.4096
ACTB	ITGA11	3	0.0021	0.8274
KRT8	ITGA11	3	0.0187	0.7613
LMNA	ITGA11	3	0.4696	0.2225
MAPRE3	ITGA11	3	0.0001	0.8514
LMNA	ITGA2B	3	0.3333	0.4096
LMNA	ITGA3	3	0.0006	0.8417
LMNA	ITGA6	3	0.3333	0.4096
ACTB	ITGAD	3	0.3333	0.4096
KRT8	ITGAM	3	0.6667	0.0721
KRT8	ITGAV	3	0.3333	0.4096
MAPRE3	ITGAX	3	0.3333	0.4096
ACTB	ITGB1	3	0.2283	0.5954
CTNNA1	ITGB1	3	0.1584	0.6341
KRT8	ITGB1	3	0.1834	0.6192
LMNA	ITGB1	3	0.4889	0.2139
MAPRE3	ITGB1	3	0.1181	0.6603
ACTB	ITGB4	3	0.1650	0.6304
CTNNA1	ITGB4	3	0.1150	0.6631
KRT8	ITGB4	3	0.4183	0.2588
LMNA	ITGB4	3	0.2289	0.5950
LMNA	ITGB5	3	1.0000	0.0000
ACTB	ITIH2	3	0.3333	0.4096
KRT8	ITIH3	3	0.0004	0.8448
MAPRE3	ITIH4	3	0.3333	0.4096
KRT8	ITIH6	3	0.3333	0.4096
ACTB	ITPA	3	0.0028	0.8224
ACTB	ITPK1	3	0.0804	0.6897
KRT8	ITPK1	3	0.4408	0.2420
LMNA	ITPK1	3	0.0107	0.7868
ACTB	ITPKC	3	0.0704	0.6968
KRT8	ITPKC	3	0.0892	0.6824
ACTB	ITPR1	3	0.0095	0.7913
CTNNA1	ITPR1	3	0.0000	0.8553
KRT8	ITPR1	3	0.0576	0.7084
LMNA	ITPR1	3	0.0106	0.7871
MAPRE3	ITPR1	3	0.0008	0.8393
ACTB	ITPR2	3	0.0125	0.7796
KRT8	ITPR2	3	0.6131	0.1771
LMNA	ITPR2	3	0.0092	0.7925
ACTB	ITPR3	3	0.1570	0.6350
CTNNA1	ITPR3	3	0.0298	0.7397
KRT8	ITPR3	3	0.2683	0.5755
LMNA	ITPR3	3	0.1563	0.6354
MAPRE3	ITPR3	3	0.0806	0.6894
ACTB	ITPRID1	3	0.3333	0.4096
ACTB	ITPRID2	3	0.2282	0.5955
CTNNA1	ITPRID2	3	0.0834	0.6871
KRT8	ITPRID2	3	0.3368	0.3985
LMNA	ITPRID2	3	0.0962	0.6768
MAPRE3	ITPRID2	3	0.1275	0.6537
ACTB	ITPRIP	3	0.3355	0.4030
LMNA	ITPRIP	3	0.0018	0.8297
LMNA	ITPRIPL2	3	0.0133	0.7767
ACTB	ITSN1	3	0.0124	0.7799
KRT8	ITSN1	3	0.0030	0.8212
MAPRE3	ITSN1	3	0.0001	0.8514
ACTB	ITSN2	3	0.1883	0.6161
KRT8	ITSN2	3	0.0583	0.7079
ACTB	IVNS1ABP	3	0.1837	0.6189
CTNNA1	IVNS1ABP	3	0.0178	0.7637
KRT8	IVNS1ABP	3	0.2215	0.5984
LMNA	IVNS1ABP	3	0.0680	0.6990
MAPRE3	IVNS1ABP	3	0.0195	0.7594
ACTB	IWS1	3	0.0005	0.8431
CTNNA1	IWS1	3	0.0000	0.8553
KRT8	IWS1	3	0.0002	0.8487
LMNA	IWS1	3	0.0328	0.7353
MAPRE3	IWS1	3	0.0018	0.8297
KRT8	JADE1	3	0.0011	0.8360
LMNA	JADE1	3	0.0071	0.8013
KRT8	JADE2	3	1.0000	0.0000
KRT8	JADE3	3	0.0002	0.8487
LMNA	JADE3	3	0.0237	0.7509
LMNA	JAG2	3	0.0052	0.8103
ACTB	JAK1	3	0.0056	0.8082
CTNNA1	JAK1	3	0.0000	0.8553
KRT8	JAK1	3	0.0524	0.7130
LMNA	JAK1	3	0.0041	0.8156
MAPRE3	JAK1	3	0.0009	0.8382
MAPRE3	JAK2	3	0.3333	0.4096
ACTB	JARID2	3	0.3333	0.4096
LMNA	JARID2	3	0.3333	0.4096
ACTB	JCHAIN	3	0.3333	0.4096
LMNA	JDP2	3	0.1127	0.6646
ACTB	JMJD1C	3	0.0129	0.7782
KRT8	JMJD1C	3	0.0233	0.7516
LMNA	JMJD1C	3	0.1899	0.6152
MAPRE3	JMJD1C	3	0.0096	0.7908
LMNA	JMJD6	3	0.0000	0.8553
ACTB	JMY	3	0.4715	0.2211
KRT8	JMY	3	0.0198	0.7587
LMNA	JMY	3	0.0020	0.8282
MAPRE3	JMY	3	0.0010	0.8371
ACTB	JPH2	3	0.0080	0.7976
KRT8	JPH2	3	0.0134	0.7764
LMNA	JPH2	3	0.3742	0.3174
CTNNA1	JPH3	3	0.0000	0.8553
KRT8	JPH3	3	0.0094	0.7917
MAPRE3	JPH3	3	0.0074	0.8000
ACTB	JPT1	3	0.0160	0.7686
CTNNA1	JPT1	3	0.0001	0.8514
KRT8	JPT1	3	0.0225	0.7530
LMNA	JPT1	3	0.0049	0.8116
MAPRE3	JPT1	3	0.0012	0.8352
ACTB	JPT2	3	0.2718	0.5738
CTNNA1	JPT2	3	0.0352	0.7322
KRT8	JPT2	3	0.3075	0.5563
LMNA	JPT2	3	0.1991	0.6099
MAPRE3	JPT2	3	0.1077	0.6682
LMNA	JRK	3	0.3333	0.4096
MAPRE3	JRK	3	0.3333	0.4096
ACTB	JRKL	3	0.3333	0.4096
LMNA	JRKL	3	0.3333	0.4096
ACTB	JUN	3	0.0001	0.8514
LMNA	JUN	3	0.0136	0.7758
ACTB	JUNB	3	0.1894	0.6155
CTNNA1	JUNB	3	0.0534	0.7120
KRT8	JUNB	3	0.1528	0.6377
LMNA	JUNB	3	0.3010	0.5598
MAPRE3	JUNB	3	0.1092	0.6672
ACTB	JUND	3	0.0868	0.6841
CTNNA1	JUND	3	0.0090	0.7935
KRT8	JUND	3	0.0775	0.6914
LMNA	JUND	3	0.2478	0.5856
MAPRE3	JUND	3	0.0603	0.7062
ACTB	JUP	3	0.2249	0.5970
CTNNA1	JUP	3	0.3034	0.5585
KRT8	JUP	3	0.1620	0.6321
LMNA	JUP	3	0.0617	0.7052
MAPRE3	JUP	3	0.0815	0.6887
LMNA	K2M1	3	0.0000	0.8553
ACTB	K2M3	3	0.0603	0.7062
CTNNA1	K2M3	3	0.0466	0.7188
KRT8	K2M3	3	0.2046	0.6073
LMNA	K2M3	3	0.0382	0.7279
MAPRE3	K2M3	3	0.0390	0.7268
ACTB	KANK1	3	0.2998	0.5603
CTNNA1	KANK1	3	0.2171	0.6006
KRT8	KANK1	3	0.3556	0.3513
LMNA	KANK1	3	0.0806	0.6894
MAPRE3	KANK1	3	0.2991	0.5608
ACTB	KANK2	3	0.3260	0.5475
CTNNA1	KANK2	3	0.2122	0.6036
KRT8	KANK2	3	0.3440	0.3770
LMNA	KANK2	3	0.0980	0.6751
MAPRE3	KANK2	3	0.2300	0.5944
LMNA	KANSL1	3	0.0016	0.8315
LMNA	KANSL2	3	0.0011	0.8360
KRT8	KANSL3	3	0.0017	0.8305
LMNA	KANSL3	3	0.1327	0.6502
ACTB	KARS1	3	0.0111	0.7854
CTNNA1	KARS1	3	0.0002	0.8487
KRT8	KARS1	3	0.0134	0.7764
LMNA	KARS1	3	0.0016	0.8315
MAPRE3	KARS1	3	0.0016	0.8315
ACTB	KAT14	3	0.0006	0.8417
KRT8	KAT14	3	0.0005	0.8431
LMNA	KAT14	3	0.0039	0.8165
CTNNA1	KAT2B	3	0.3333	0.4096
MAPRE3	KAT2B	3	0.0209	0.7564
ACTB	KAT5	3	0.3333	0.4096
KRT8	KAT5	3	0.3329	0.5434
LMNA	KAT5	3	0.0178	0.7637
KRT8	KAT7	3	0.0063	0.8048
LMNA	KAT7	3	0.0480	0.7173
MAPRE3	KAT7	3	0.0001	0.8514
CTNNA1	KAT8	3	0.3333	0.4096
LMNA	KAT8	3	0.3333	0.4096
ACTB	KATNA1	3	0.0120	0.7815
CTNNA1	KATNA1	3	0.0002	0.8487
KRT8	KATNA1	3	0.0150	0.7715
LMNA	KATNA1	3	0.0012	0.8352
MAPRE3	KATNA1	3	0.0013	0.8344
ACTB	KATNAL1	3	0.2323	0.5937
KRT8	KATNAL1	3	0.0320	0.7366
LMNA	KATNAL1	3	0.0239	0.7505
MAPRE3	KATNAL1	3	0.0250	0.7483
KRT8	KATNAL2	3	0.3333	0.4096
MAPRE3	KATNAL2	3	0.3333	0.4096
ACTB	KATNB1	3	0.0977	0.6754
KRT8	KATNB1	3	0.0918	0.6802
LMNA	KATNB1	3	0.0003	0.8465
MAPRE3	KATNB1	3	0.0032	0.8201
ACTB	KATNIP	3	0.0173	0.7650
KRT8	KATNIP	3	0.1135	0.6641
MAPRE3	KATNIP	3	0.0342	0.7335
MAPRE3	KAZN	3	0.3333	0.4096
ACTB	KBTBD2	3	0.0002	0.8487
KRT8	KBTBD2	3	0.0033	0.8195
LMNA	KBTBD2	3	0.0043	0.8145
ACTB	KBTBD4	3	0.0123	0.7804
CTNNA1	KBTBD4	3	0.0001	0.8514
KRT8	KBTBD4	3	0.0100	0.7894
LMNA	KBTBD4	3	0.6810	0.0577
MAPRE3	KBTBD4	3	0.0020	0.8282
LMNA	KBTBD6	3	1.0000	0.0000
ACTB	KBTBD7	3	0.0018	0.8297
LMNA	KBTBD7	3	0.3716	0.3225
CTNNA1	KCMF1	3	0.1011	0.6730
MAPRE3	KCMF1	3	0.3333	0.4096
ACTB	KCNA10	3	0.3333	0.4096
ACTB	KCNA3	3	0.3333	0.4096
CTNNA1	KCNA6	3	0.3333	0.4096
ACTB	KCNAB3	3	0.3333	0.4096
MAPRE3	KCNC2	3	0.3333	0.4096
LMNA	KCNF1	3	0.3333	0.4096
LMNA	KCNG4	3	0.3333	0.4096
ACTB	KCNH5	3	0.2099	0.6046
MAPRE3	KCNH7	3	0.3333	0.4096
MAPRE3	KCNIP3	3	0.3333	0.4096
LMNA	KCNJ13	3	0.3333	0.4096
MAPRE3	KCNJ3	3	0.3333	0.4096
KRT8	KCNK5	3	0.3333	0.4096
LMNA	KCNN4	3	0.1979	0.6107
KRT8	KCNQ2	3	0.0000	0.8553
ACTB	KCT2	3	0.3371	0.3979
LMNA	KCT2	3	0.3333	0.4096
KRT8	KCTD10	3	0.0105	0.7876
LMNA	KCTD10	3	0.0020	0.8282
ACTB	KCTD12	3	0.0267	0.7449
KRT8	KCTD12	3	0.1598	0.6333
LMNA	KCTD12	3	0.0035	0.8185
MAPRE3	KCTD12	3	0.0009	0.8382
ACTB	KCTD16	3	0.0015	0.8325
KRT8	KCTD16	3	0.0003	0.8465
KRT8	KCTD19	3	0.3333	0.4096
MAPRE3	KCTD19	3	0.3333	0.4096
KRT8	KCTD20	3	0.0005	0.8431
KRT8	KCTD21	3	0.3333	0.4096
ACTB	KCTD3	3	0.0743	0.6939
CTNNA1	KCTD3	3	0.0027	0.8233
KRT8	KCTD3	3	0.0979	0.6752
LMNA	KCTD3	3	0.0014	0.8335
MAPRE3	KCTD3	3	0.0094	0.7917
ACTB	KCTD4	3	0.3333	0.4096
KRT8	KCTD5	3	0.3333	0.4096
MAPRE3	KCTD5	3	0.3333	0.4096
ACTB	KCTD9	3	0.0456	0.7198
KRT8	KCTD9	3	0.2204	0.5989
LMNA	KCTD9	3	0.0074	0.8000
ACTB	KDELR1	3	0.0818	0.6885
KRT8	KDELR1	3	0.0747	0.6935
LMNA	KDELR1	3	0.0320	0.7366
ACTB	KDELR2	3	0.1658	0.6297
CTNNA1	KDELR2	3	0.0315	0.7374
KRT8	KDELR2	3	0.3066	0.5568
LMNA	KDELR2	3	0.2043	0.6075
MAPRE3	KDELR2	3	0.0710	0.6965
ACTB	KDELR3	3	0.0027	0.8233
KRT8	KDELR3	3	0.0139	0.7747
LMNA	KDELR3	3	0.0030	0.8212
ACTB	KDM1A	3	0.0071	0.8013
KRT8	KDM1A	3	0.9994	0.0000
LMNA	KDM1A	3	0.0734	0.6947
MAPRE3	KDM1A	3	0.0018	0.8297
KRT8	KDM1B	3	0.1181	0.6603
ACTB	KDM2A	3	0.1463	0.6414
CTNNA1	KDM2A	3	0.0283	0.7422
KRT8	KDM2A	3	0.1754	0.6241
LMNA	KDM2A	3	0.3174	0.5515
MAPRE3	KDM2A	3	0.0854	0.6852
ACTB	KDM2B	3	0.0006	0.8417
CTNNA1	KDM2B	3	0.0001	0.8514
LMNA	KDM2B	3	0.0196	0.7592
MAPRE3	KDM2B	3	0.0021	0.8274
ACTB	KDM3A	3	0.0004	0.8448
KRT8	KDM3A	3	0.0006	0.8417
LMNA	KDM3A	3	0.0361	0.7310
MAPRE3	KDM3A	3	0.0001	0.8514
ACTB	KDM3B	3	0.1076	0.6684
CTNNA1	KDM3B	3	0.0311	0.7378
KRT8	KDM3B	3	0.1080	0.6680
LMNA	KDM3B	3	0.2914	0.5649
MAPRE3	KDM3B	3	0.0827	0.6878
LMNA	KDM4A	3	0.0000	0.8553
ACTB	KDM4B	3	0.0014	0.8335
KRT8	KDM4B	3	0.0118	0.7826
LMNA	KDM4B	3	0.0089	0.7939
MAPRE3	KDM4B	3	0.1951	0.6120
LMNA	KDM4C	3	1.0000	0.0000
ACTB	KDM5A	3	0.0043	0.8145
CTNNA1	KDM5A	3	0.0004	0.8448
KRT8	KDM5A	3	0.0049	0.8116
LMNA	KDM5A	3	0.0161	0.7684
MAPRE3	KDM5A	3	0.0004	0.8448
ACTB	KDM5B	3	0.3324	0.5437
KRT8	KDM5B	3	1.0000	0.0000
ACTB	KDM5C	3	0.0040	0.8161
CTNNA1	KDM5C	3	0.0001	0.8514
KRT8	KDM5C	3	0.0096	0.7908
LMNA	KDM5C	3	0.0233	0.7516
MAPRE3	KDM5C	3	0.0010	0.8371
LMNA	KDM6A	3	0.0000	0.8553
LMNA	KDM6B	3	0.0206	0.7570
ACTB	KDSR	3	0.0079	0.7980
KRT8	KDSR	3	0.0075	0.7995
LMNA	KDSR	3	0.0032	0.8201
ACTB	KEAP1	3	0.0299	0.7396
KRT8	KEAP1	3	0.7122	0.0451
LMNA	KEAP1	3	0.0049	0.8116
MAPRE3	KEAP1	3	0.0041	0.8156
ACTB	KEL	3	0.3333	0.4096
ACTB	KHDC4	3	0.0048	0.8121
KRT8	KHDC4	3	0.0006	0.8417
LMNA	KHDC4	3	0.0230	0.7521
ACTB	KHDRBS1	3	0.2088	0.6049
CTNNA1	KHDRBS1	3	0.0085	0.7955
KRT8	KHDRBS1	3	0.1442	0.6428
LMNA	KHDRBS1	3	0.1252	0.6552
MAPRE3	KHDRBS1	3	0.0710	0.6965
ACTB	KHSRP	3	0.0576	0.7084
CTNNA1	KHSRP	3	0.0064	0.8044
KRT8	KHSRP	3	0.0734	0.6947
LMNA	KHSRP	3	0.0855	0.6852
MAPRE3	KHSRP	3	0.0096	0.7908
ACTB	KIAA0232	3	0.0225	0.7530
CTNNA1	KIAA0232	3	0.0001	0.8514
KRT8	KIAA0232	3	0.0879	0.6832
MAPRE3	KIAA0232	3	0.0024	0.8252
CTNNA1	KIAA0408	3	0.0025	0.8246
LMNA	KIAA0408	3	0.3333	0.4096
MAPRE3	KIAA0408	3	0.0070	0.8017
ACTB	KIAA0586	3	0.0065	0.8039
CTNNA1	KIAA0586	3	0.0004	0.8448
KRT8	KIAA0586	3	0.1000	0.6737
LMNA	KIAA0586	3	0.0000	0.8553
MAPRE3	KIAA0586	3	0.0173	0.7650
ACTB	KIAA0753	3	0.0028	0.8224
KRT8	KIAA0753	3	1.0000	0.0000
MAPRE3	KIAA0753	3	0.0849	0.6856
ACTB	KIAA0930	3	0.0021	0.8274
KRT8	KIAA0930	3	0.3367	0.3992
LMNA	KIAA0930	3	0.0086	0.7950
MAPRE3	KIAA0930	3	0.0059	0.8068
LMNA	KIAA1143	3	0.2291	0.5948
ACTB	KIAA1191	3	0.0384	0.7275
KRT8	KIAA1191	3	0.5373	0.1981
MAPRE3	KIAA1191	3	0.0234	0.7514
KRT8	KIAA1210	3	0.0004	0.8448
ACTB	KIAA1217	3	0.2982	0.5614
CTNNA1	KIAA1217	3	0.3712	0.3229
KRT8	KIAA1217	3	0.3718	0.3219
LMNA	KIAA1217	3	0.0607	0.7059
MAPRE3	KIAA1217	3	0.3889	0.2964
KRT8	KIAA1328	3	0.3512	0.3597
LMNA	KIAA1328	3	0.2911	0.5651
ACTB	KIAA1522	3	0.4027	0.2774
CTNNA1	KIAA1522	3	0.1136	0.6641
KRT8	KIAA1522	3	0.1864	0.6172
LMNA	KIAA1522	3	0.0428	0.7230
MAPRE3	KIAA1522	3	0.1166	0.6618
ACTB	KIAA1549	3	0.0017	0.8305
KRT8	KIAA1549	3	0.0295	0.7402
LMNA	KIAA1549L	3	0.3333	0.4096
LMNA	KIAA1586	3	1.0000	0.0000
ACTB	KIAA1671	3	0.3512	0.3597
CTNNA1	KIAA1671	3	0.1858	0.6178
KRT8	KIAA1671	3	0.3124	0.5541
LMNA	KIAA1671	3	0.0850	0.6855
MAPRE3	KIAA1671	3	0.2458	0.5870
LMNA	KIAA1958	3	0.3333	0.4096
ACTB	KIDINS220	3	0.0054	0.8093
CTNNA1	KIDINS220	3	0.0001	0.8514
KRT8	KIDINS220	3	0.0051	0.8108
LMNA	KIDINS220	3	0.0000	0.8553
MAPRE3	KIDINS220	3	0.0002	0.8487
ACTB	KIF11	3	0.2675	0.5759
CTNNA1	KIF11	3	0.0905	0.6814
KRT8	KIF11	3	0.3006	0.5600
LMNA	KIF11	3	0.1172	0.6613
MAPRE3	KIF11	3	0.2555	0.5815
ACTB	KIF13A	3	0.0118	0.7826
CTNNA1	KIF13A	3	0.0000	0.8553
KRT8	KIF13A	3	0.0283	0.7422
LMNA	KIF13A	3	0.0008	0.8393
MAPRE3	KIF13A	3	0.0042	0.8151
ACTB	KIF13B	3	0.1829	0.6195
CTNNA1	KIF13B	3	0.0572	0.7088
KRT8	KIF13B	3	0.0583	0.7079
LMNA	KIF13B	3	0.1533	0.6373
MAPRE3	KIF13B	3	0.2498	0.5845
ACTB	KIF14	3	0.3472	0.3680
CTNNA1	KIF14	3	0.0019	0.8289
KRT8	KIF14	3	0.3144	0.5531
LMNA	KIF14	3	0.0029	0.8218
MAPRE3	KIF14	3	0.8139	0.0217
ACTB	KIF15	3	0.0127	0.7790
CTNNA1	KIF15	3	0.0006	0.8417
KRT8	KIF15	3	0.0157	0.7695
LMNA	KIF15	3	0.0021	0.8274
MAPRE3	KIF15	3	0.0310	0.7380
ACTB	KIF16B	3	0.0010	0.8371
CTNNA1	KIF16B	3	0.0000	0.8553
KRT8	KIF16B	3	0.0025	0.8246
LMNA	KIF16B	3	0.0023	0.8260
MAPRE3	KIF16B	3	0.0002	0.8487
ACTB	KIF18A	3	0.0033	0.8195
CTNNA1	KIF18A	3	0.0003	0.8465
KRT8	KIF18A	3	0.0054	0.8093
LMNA	KIF18A	3	0.0225	0.7530
MAPRE3	KIF18A	3	0.8254	0.0207
ACTB	KIF18B	3	0.0032	0.8201
LMNA	KIF18B	3	0.4738	0.2203
MAPRE3	KIF18B	3	1.0000	0.0000
ACTB	KIF1B	3	0.0156	0.7698
CTNNA1	KIF1B	3	0.0011	0.8360
KRT8	KIF1B	3	0.2933	0.5640
LMNA	KIF1B	3	0.0007	0.8404
MAPRE3	KIF1B	3	0.0221	0.7540
ACTB	KIF1C	3	0.0439	0.7217
CTNNA1	KIF1C	3	0.0047	0.8127
KRT8	KIF1C	3	0.6826	0.0557
LMNA	KIF1C	3	0.0066	0.8035
MAPRE3	KIF1C	3	0.0684	0.6986
ACTB	KIF20A	3	0.2577	0.5804
CTNNA1	KIF20A	3	0.0418	0.7239
KRT8	KIF20A	3	0.3968	0.2839
LMNA	KIF20A	3	0.2959	0.5627
MAPRE3	KIF20A	3	0.2010	0.6090
ACTB	KIF20B	3	0.0088	0.7944
KRT8	KIF20B	3	0.0593	0.7069
LMNA	KIF20B	3	0.0074	0.8000
MAPRE3	KIF20B	3	0.0018	0.8297
ACTB	KIF21A	3	0.0202	0.7578
KRT8	KIF21A	3	0.0844	0.6859
MAPRE3	KIF21A	3	0.0119	0.7820
ACTB	KIF22	3	0.0020	0.8282
CTNNA1	KIF22	3	0.0001	0.8514
KRT8	KIF22	3	0.0051	0.8108
LMNA	KIF22	3	0.1605	0.6330
MAPRE3	KIF22	3	0.0085	0.7955
ACTB	KIF23	3	0.3115	0.5545
CTNNA1	KIF23	3	0.0947	0.6780
KRT8	KIF23	3	0.3253	0.5477
LMNA	KIF23	3	0.3575	0.3490
MAPRE3	KIF23	3	0.3116	0.5544
ACTB	KIF24	3	0.1438	0.6432
KRT8	KIF24	3	0.6740	0.0626
MAPRE3	KIF24	3	0.5454	0.1952
KRT8	KIF27	3	0.3333	0.4096
ACTB	KIF2A	3	0.0063	0.8048
CTNNA1	KIF2A	3	0.0001	0.8514
KRT8	KIF2A	3	0.0287	0.7414
LMNA	KIF2A	3	0.0042	0.8151
MAPRE3	KIF2A	3	0.0114	0.7842
ACTB	KIF2C	3	0.1358	0.6480
CTNNA1	KIF2C	3	0.0596	0.7067
KRT8	KIF2C	3	0.1877	0.6166
LMNA	KIF2C	3	0.1221	0.6577
MAPRE3	KIF2C	3	0.7514	0.0340
KRT8	KIF3A	3	0.1037	0.6706
MAPRE3	KIF3A	3	0.0081	0.7973
ACTB	KIF3B	3	0.3333	0.4096
KRT8	KIF3B	3	1.0000	0.0000
MAPRE3	KIF3B	3	0.6667	0.0721
ACTB	KIF4A	3	0.1790	0.6218
CTNNA1	KIF4A	3	0.0474	0.7179
KRT8	KIF4A	3	0.1777	0.6225
LMNA	KIF4A	3	0.2625	0.5780
MAPRE3	KIF4A	3	0.1325	0.6505
CTNNA1	KIF4B	3	0.3333	0.4096
ACTB	KIF5A	3	0.3333	0.4096
ACTB	KIF5B	3	0.3432	0.3780
CTNNA1	KIF5B	3	0.1920	0.6137
KRT8	KIF5B	3	0.3755	0.3147
LMNA	KIF5B	3	0.1687	0.6278
MAPRE3	KIF5B	3	0.2824	0.5692
MAPRE3	KIF5C	3	0.3333	0.4096
ACTB	KIF7	3	0.0096	0.7908
CTNNA1	KIF7	3	0.0001	0.8514
KRT8	KIF7	3	0.5478	0.1939
MAPRE3	KIF7	3	0.0066	0.8035
LMNA	KIFAP3	3	0.3333	0.4096
ACTB	KIFBP	3	0.0087	0.7947
KRT8	KIFBP	3	0.5682	0.1876
LMNA	KIFBP	3	0.0027	0.8233
MAPRE3	KIFBP	3	0.0676	0.6994
ACTB	KIFC1	3	0.0030	0.8212
KRT8	KIFC1	3	0.0322	0.7363
LMNA	KIFC1	3	0.2522	0.5835
MAPRE3	KIFC1	3	0.6601	0.1654
ACTB	KIFC3	3	0.3468	0.3696
CTNNA1	KIFC3	3	0.0025	0.8246
KRT8	KIFC3	3	0.9900	0.0005
LMNA	KIFC3	3	0.0026	0.8238
MAPRE3	KIFC3	3	0.0339	0.7338
LMNA	KIN	3	0.2425	0.5889
ACTB	KIRREL1	3	0.0034	0.8190
CTNNA1	KIRREL1	3	0.0034	0.8190
KRT8	KIRREL1	3	0.2959	0.5627
LMNA	KIRREL1	3	0.0137	0.7754
MAPRE3	KIRREL1	3	0.0000	0.8553
ACTB	KIT	3	0.0005	0.8431
ACTB	KIZ	3	0.0265	0.7454
KRT8	KIZ	3	0.6998	0.0508
LMNA	KIZ	3	0.0024	0.8252
KRT8	KL	3	0.0004	0.8448
MAPRE3	KL	3	0.0100	0.7894
ACTB	KLC1	3	0.3641	0.3351
CTNNA1	KLC1	3	0.1813	0.6203
KRT8	KLC1	3	0.3761	0.3141
LMNA	KLC1	3	0.2180	0.6001
MAPRE3	KLC1	3	0.2835	0.5686
ACTB	KLC2	3	0.0076	0.7991
CTNNA1	KLC2	3	0.0000	0.8553
KRT8	KLC2	3	0.0286	0.7416
MAPRE3	KLC2	3	0.0016	0.8315
ACTB	KLC4	3	0.1256	0.6549
CTNNA1	KLC4	3	0.3285	0.5463
KRT8	KLC4	3	0.0815	0.6887
LMNA	KLC4	3	0.0492	0.7162
ACTB	KLF10	3	0.0006	0.8417
KRT8	KLF10	3	0.0001	0.8514
LMNA	KLF10	3	0.0099	0.7897
MAPRE3	KLF10	3	0.0000	0.8553
ACTB	KLF3	3	0.3333	0.4096
LMNA	KLF4	3	0.2519	0.5837
ACTB	KLF5	3	0.0025	0.8246
CTNNA1	KLF5	3	0.0014	0.8335
KRT8	KLF5	3	0.0063	0.8048
LMNA	KLF5	3	0.7103	0.0460
MAPRE3	KLF5	3	0.0003	0.8465
KRT8	KLHL1	3	0.3333	0.4096
ACTB	KLHL13	3	0.2828	0.5689
CTNNA1	KLHL13	3	0.0389	0.7270
KRT8	KLHL13	3	0.2936	0.5639
LMNA	KLHL13	3	0.1248	0.6555
MAPRE3	KLHL13	3	0.1588	0.6339
LMNA	KLHL22	3	0.3333	0.4096
MAPRE3	KLHL25	3	0.3333	0.4096
KRT8	KLHL26	3	0.0014	0.8335
MAPRE3	KLHL34	3	0.3333	0.4096
ACTB	KLHL5	3	0.0227	0.7528
KRT8	KLHL5	3	0.4572	0.2300
LMNA	KLHL5	3	0.0019	0.8289
MAPRE3	KLHL5	3	0.0008	0.8393
ACTB	KLHL9	3	0.0055	0.8088
KRT8	KLHL9	3	0.0072	0.8009
MAPRE3	KLHL9	3	0.0002	0.8487
KRT8	KLRC1	3	0.3333	0.4096
MAPRE3	KLRC3	3	0.3333	0.4096
MAPRE3	KLRF2	3	0.3333	0.4096
ACTB	KMT2A	3	0.0014	0.8335
CTNNA1	KMT2A	3	0.0000	0.8553
KRT8	KMT2A	3	0.0004	0.8448
LMNA	KMT2A	3	0.0104	0.7880
MAPRE3	KMT2A	3	0.0036	0.8180
KRT8	KMT2B	3	0.0000	0.8553
LMNA	KMT2B	3	0.0012	0.8352
KRT8	KMT2C	3	0.0000	0.8553
LMNA	KMT2C	3	0.0036	0.8180
ACTB	KMT2D	3	0.0023	0.8260
KRT8	KMT2D	3	0.0090	0.7935
LMNA	KMT2D	3	0.0138	0.7750
MAPRE3	KMT2D	3	0.0053	0.8097
ACTB	KMT2E	3	0.0001	0.8514
LMNA	KMT2E	3	0.0073	0.8005
LMNA	KMT5B	3	0.0005	0.8431
ACTB	KNL1	3	0.3254	0.5477
CTNNA1	KNL1	3	0.1031	0.6711
KRT8	KNL1	3	0.3651	0.3333
LMNA	KNL1	3	0.3893	0.2951
MAPRE3	KNL1	3	0.3263	0.5473
ACTB	KNOP1	3	0.0112	0.7849
CTNNA1	KNOP1	3	0.0001	0.8514
KRT8	KNOP1	3	0.0003	0.8465
LMNA	KNOP1	3	0.0152	0.7709
MAPRE3	KNOP1	3	0.0018	0.8297
ACTB	KNSTRN	3	0.0115	0.7837
CTNNA1	KNSTRN	3	0.0018	0.8297
KRT8	KNSTRN	3	0.2803	0.5702
LMNA	KNSTRN	3	0.0068	0.8026
MAPRE3	KNSTRN	3	1.0000	0.0000
ACTB	KNTC1	3	0.0082	0.7969
CTNNA1	KNTC1	3	0.0001	0.8514
KRT8	KNTC1	3	0.1922	0.6136
LMNA	KNTC1	3	0.0057	0.8078
MAPRE3	KNTC1	3	0.0020	0.8282
ACTB	KPNA1	3	0.0060	0.8062
CTNNA1	KPNA1	3	0.0004	0.8448
KRT8	KPNA1	3	0.0093	0.7922
LMNA	KPNA1	3	0.3316	0.5445
MAPRE3	KPNA1	3	0.0009	0.8382
ACTB	KPNA2	3	0.0130	0.7779
CTNNA1	KPNA2	3	0.0005	0.8431
KRT8	KPNA2	3	0.0532	0.7121
LMNA	KPNA2	3	0.0361	0.7310
MAPRE3	KPNA2	3	0.0015	0.8325
ACTB	KPNA3	3	0.2991	0.5608
CTNNA1	KPNA3	3	0.0972	0.6757
KRT8	KPNA3	3	0.3359	0.4017
LMNA	KPNA3	3	0.3712	0.3229
MAPRE3	KPNA3	3	0.2436	0.5883
ACTB	KPNA4	3	0.0043	0.8145
KRT8	KPNA4	3	0.0069	0.8021
LMNA	KPNA4	3	0.5540	0.1927
LMNA	KPNA5	3	0.6667	0.0721
ACTB	KPNA6	3	0.0040	0.8161
KRT8	KPNA6	3	0.0291	0.7409
LMNA	KPNA6	3	0.2060	0.6063
MAPRE3	KPNA6	3	0.0002	0.8487
ACTB	KPNB1	3	0.3245	0.5483
CTNNA1	KPNB1	3	0.1099	0.6668
KRT8	KPNB1	3	0.3553	0.3517
LMNA	KPNB1	3	0.2593	0.5795
MAPRE3	KPNB1	3	0.2551	0.5818
LMNA	KRBOX1	3	0.3333	0.4096
LMNA	KRI1	3	0.0033	0.8195
ACTB	KRIT1	3	0.0183	0.7623
CTNNA1	KRIT1	3	0.0001	0.8514
KRT8	KRIT1	3	0.0420	0.7237
LMNA	KRIT1	3	0.0068	0.8026
LMNA	KRR1	3	0.6667	0.0721
MAPRE3	KRR1	3	0.3333	0.4096
ACTB	KRT1	3	0.1720	0.6261
CTNNA1	KRT1	3	0.0586	0.7077
KRT8	KRT1	3	0.2187	0.5997
LMNA	KRT1	3	0.1334	0.6496
MAPRE3	KRT1	3	0.0373	0.7293
ACTB	KRT10	3	0.2078	0.6055
CTNNA1	KRT10	3	0.0961	0.6769
KRT8	KRT10	3	0.0676	0.6994
LMNA	KRT10	3	0.1341	0.6490
MAPRE3	KRT10	3	0.0702	0.6970
ACTB	KRT13	3	0.0108	0.7866
ACTB	KRT14	3	0.1016	0.6724
CTNNA1	KRT14	3	0.0518	0.7135
KRT8	KRT14	3	0.8892	0.0092
LMNA	KRT14	3	0.0794	0.6903
MAPRE3	KRT14	3	0.0518	0.7135
ACTB	KRT15	3	0.3333	0.4096
MAPRE3	KRT15	3	0.3333	0.4096
ACTB	KRT16	3	0.1389	0.6460
CTNNA1	KRT16	3	0.0814	0.6888
KRT8	KRT16	3	0.5182	0.2047
LMNA	KRT16	3	0.1183	0.6601
MAPRE3	KRT16	3	0.0602	0.7063
ACTB	KRT17	3	0.1238	0.6563
CTNNA1	KRT17	3	0.0554	0.7105
KRT8	KRT17	3	0.7960	0.0236
LMNA	KRT17	3	0.0888	0.6826
MAPRE3	KRT17	3	0.0749	0.6933
ACTB	KRT18	3	0.1559	0.6357
CTNNA1	KRT18	3	0.0782	0.6910
KRT8	KRT18	3	0.7227	0.0427
LMNA	KRT18	3	0.0828	0.6877
MAPRE3	KRT18	3	0.0948	0.6778
ACTB	KRT19	3	0.2002	0.6095
CTNNA1	KRT19	3	0.0702	0.6970
KRT8	KRT19	3	0.4455	0.2401
LMNA	KRT19	3	0.1523	0.6378
MAPRE3	KRT19	3	0.1392	0.6459
ACTB	KRT2	3	0.1871	0.6168
CTNNA1	KRT2	3	0.0630	0.7038
KRT8	KRT2	3	0.0457	0.7197
LMNA	KRT2	3	0.1132	0.6643
MAPRE3	KRT2	3	0.0620	0.7049
ACTB	KRT23	3	0.6667	0.0721
KRT8	KRT24	3	0.3333	0.4096
LMNA	KRT26	3	0.3333	0.4096
MAPRE3	KRT33B	3	0.0000	0.8553
ACTB	KRT38	3	0.3333	0.4096
ACTB	KRT4	3	0.0371	0.7296
KRT8	KRT4	3	0.0030	0.8212
LMNA	KRT4	3	0.3028	0.5589
MAPRE3	KRT4	3	0.0018	0.8297
ACTB	KRT5	3	0.2339	0.5931
CTNNA1	KRT5	3	0.0670	0.6999
KRT8	KRT5	3	0.0467	0.7186
LMNA	KRT5	3	0.1445	0.6426
MAPRE3	KRT5	3	0.0640	0.7026
ACTB	KRT6A	3	0.2187	0.5997
CTNNA1	KRT6A	3	0.0677	0.6994
KRT8	KRT6A	3	0.0823	0.6882
LMNA	KRT6A	3	0.0909	0.6809
MAPRE3	KRT6A	3	0.1019	0.6720
ACTB	KRT6B	3	0.2904	0.5656
CTNNA1	KRT6B	3	0.0361	0.7310
KRT8	KRT6B	3	0.1670	0.6288
LMNA	KRT6B	3	0.5465	0.1944
MAPRE3	KRT6B	3	0.0752	0.6930
ACTB	KRT7	3	0.1387	0.6461
CTNNA1	KRT7	3	0.0662	0.7006
KRT8	KRT7	3	0.8534	0.0152
LMNA	KRT7	3	0.0905	0.6814
MAPRE3	KRT7	3	0.0908	0.6811
KRT8	KRT74	3	1.0000	0.0000
KRT8	KRT75	3	0.0000	0.8553
ACTB	KRT77	3	0.4011	0.2799
CTNNA1	KRT77	3	0.0030	0.8212
KRT8	KRT77	3	0.4570	0.2305
LMNA	KRT77	3	0.1731	0.6256
MAPRE3	KRT77	3	0.0022	0.8268
ACTB	KRT78	3	0.2333	0.5933
CTNNA1	KRT78	3	0.0170	0.7658
KRT8	KRT78	3	0.0760	0.6926
LMNA	KRT78	3	0.0979	0.6752
MAPRE3	KRT78	3	0.0188	0.7610
ACTB	KRT8	3	0.0861	0.6847
CTNNA1	KRT8	3	0.0421	0.7236
KRT8	KRT8	3	0.7355	0.0381
LMNA	KRT8	3	0.0544	0.7113
MAPRE3	KRT8	3	0.0643	0.7024
ACTB	KRT80	3	0.1519	0.6382
CTNNA1	KRT80	3	0.0350	0.7325
KRT8	KRT80	3	0.4455	0.2401
LMNA	KRT80	3	0.0983	0.6747
MAPRE3	KRT80	3	0.0872	0.6837
ACTB	KRT9	3	0.0750	0.6932
CTNNA1	KRT9	3	0.0873	0.6836
KRT8	KRT9	3	0.0649	0.7021
LMNA	KRT9	3	0.2265	0.5963
MAPRE3	KRT9	3	0.0430	0.7227
KRT8	KRTCAP2	3	0.6667	0.0721
ACTB	KSR1	3	0.0878	0.6833
KRT8	KSR1	3	0.1835	0.6191
MAPRE3	KSR1	3	0.0029	0.8218
ACTB	KTI12	3	0.3333	0.4096
ACTB	KTN1	3	0.2359	0.5923
CTNNA1	KTN1	3	0.0443	0.7212
KRT8	KTN1	3	0.2356	0.5925
LMNA	KTN1	3	0.1042	0.6702
MAPRE3	KTN1	3	0.1325	0.6505
KRT8	KXD1	3	0.1381	0.6464
ACTB	KYAT3	3	0.0164	0.7674
KRT8	KYAT3	3	0.3335	0.4086
ACTB	KYNU	3	0.0102	0.7887
KRT8	KYNU	3	0.0676	0.6994
MAPRE3	KYNU	3	0.0001	0.8514
ACTB	Krt20	3	0.0017	0.8305
ACTB	Krt39	3	0.3333	0.4096
ACTB	Krt42	3	0.1436	0.6434
CTNNA1	Krt42	3	0.0039	0.8165
LMNA	Krt42	3	0.0332	0.7348
MAPRE3	Krt42	3	0.1119	0.6652
ACTB	Krt72	3	0.0319	0.7368
KRT8	Krt72	3	0.2973	0.5619
LMNA	Krt72	3	0.0660	0.7008
MAPRE3	Krt72	3	0.0465	0.7190
KRT8	Krt79	3	1.0000	0.0000
MAPRE3	Krt79	3	0.3333	0.4096
ACTB	L1CAM	3	0.0035	0.8185
KRT8	L1CAM	3	0.0012	0.8352
LMNA	L1CAM	3	0.0008	0.8393
ACTB	L2HGDH	3	0.0067	0.8030
CTNNA1	L2HGDH	3	0.0001	0.8514
KRT8	L2HGDH	3	0.0050	0.8113
LMNA	L2HGDH	3	0.0021	0.8274
KRT8	L3MBTL1	3	0.3333	0.4096
ACTB	L3MBTL2	3	0.0015	0.8325
KRT8	L3MBTL2	3	0.0003	0.8465
LMNA	L3MBTL2	3	0.0312	0.7377
MAPRE3	L3MBTL2	3	0.0026	0.8238
ACTB	L3MBTL3	3	0.0007	0.8404
LMNA	L3MBTL3	3	0.0100	0.7894
MAPRE3	L3MBTL3	3	0.0001	0.8514
LMNA	L5	3	0.3333	0.4096
ACTB	LACRT	3	0.3333	0.4096
ACTB	LACTB	3	0.0139	0.7747
CTNNA1	LACTB	3	0.0175	0.7646
KRT8	LACTB	3	0.0239	0.7505
LMNA	LACTB	3	0.0012	0.8352
MAPRE3	LACTB	3	0.0041	0.8156
CTNNA1	LACTB2	3	0.0161	0.7684
KRT8	LACTB2	3	0.0150	0.7715
LMNA	LACTB2	3	0.0270	0.7444
MAPRE3	LACTB2	3	0.0022	0.8268
KRT8	LAD1	3	0.3333	0.4096
ACTB	LAGE3	3	0.0014	0.8335
CTNNA1	LAGE3	3	0.0003	0.8465
LMNA	LAGE3	3	0.0001	0.8514
CTNNA1	LAMA2	3	0.0796	0.6901
KRT8	LAMA3	3	0.3666	0.3302
ACTB	LAMA4	3	0.0000	0.8553
LMNA	LAMA5	3	0.0027	0.8233
ACTB	LAMB1	3	0.0000	0.8553
KRT8	LAMB1	3	0.0013	0.8344
LMNA	LAMB1	3	0.0043	0.8145
MAPRE3	LAMB2	3	0.3333	0.4096
KRT8	LAMC1	3	0.0060	0.8062
LMNA	LAMC1	3	0.0001	0.8514
KRT8	LAMC2	3	0.3333	0.4096
ACTB	LAMC3	3	0.3333	0.4096
KRT8	LAMC3	3	0.3333	0.4096
LMNA	LAMC3	3	0.3333	0.4096
MAPRE3	LAMC3	3	0.3333	0.4096
ACTB	LAMTOR1	3	0.0114	0.7842
CTNNA1	LAMTOR1	3	0.0003	0.8465
KRT8	LAMTOR1	3	0.0051	0.8108
LMNA	LAMTOR1	3	0.0002	0.8487
MAPRE3	LAMTOR1	3	0.0002	0.8487
ACTB	LAMTOR3	3	0.0129	0.7782
CTNNA1	LAMTOR3	3	0.0011	0.8360
KRT8	LAMTOR4	3	0.3333	0.4096
KRT8	LAMTOR5	3	0.3333	0.4096
ACTB	LANCL1	3	0.0453	0.7201
CTNNA1	LANCL1	3	0.0191	0.7603
KRT8	LANCL1	3	0.0286	0.7416
LMNA	LANCL1	3	0.0195	0.7594
MAPRE3	LANCL1	3	0.0093	0.7922
ACTB	LANCL2	3	0.0074	0.8000
CTNNA1	LANCL2	3	0.0202	0.7578
KRT8	LANCL2	3	0.0315	0.7374
LMNA	LANCL2	3	0.0354	0.7319
MAPRE3	LANCL2	3	0.0077	0.7987
ACTB	LANCL3	3	0.0107	0.7868
CTNNA1	LANCL3	3	0.0264	0.7456
LMNA	LANCL3	3	0.0364	0.7306
MAPRE3	LANCL3	3	0.0027	0.8233
ACTB	LAPTM4A	3	0.0058	0.8072
KRT8	LAPTM4A	3	0.3333	0.4096
LMNA	LAPTM4A	3	0.0084	0.7959
ACTB	LARP1	3	0.3026	0.5590
CTNNA1	LARP1	3	0.0880	0.6830
KRT8	LARP1	3	0.3021	0.5592
LMNA	LARP1	3	0.1027	0.6714
MAPRE3	LARP1	3	0.2477	0.5857
ACTB	LARP1B	3	0.0049	0.8116
KRT8	LARP1B	3	0.3392	0.3904
MAPRE3	LARP1B	3	0.0017	0.8305
ACTB	LARP4	3	0.2244	0.5972
CTNNA1	LARP4	3	0.1227	0.6573
KRT8	LARP4	3	0.2551	0.5818
LMNA	LARP4	3	0.0386	0.7273
MAPRE3	LARP4	3	0.2227	0.5979
ACTB	LARP4B	3	0.0004	0.8448
KRT8	LARP4B	3	0.0115	0.7837
MAPRE3	LARP4B	3	0.0117	0.7830
ACTB	LARP6	3	0.0969	0.6760
KRT8	LARP6	3	0.1500	0.6394
ACTB	LARP7	3	0.0011	0.8360
CTNNA1	LARP7	3	0.0001	0.8514
LMNA	LARP7	3	0.0063	0.8048
MAPRE3	LARP7	3	0.0000	0.8553
ACTB	LARS1	3	0.2135	0.6028
CTNNA1	LARS1	3	0.0368	0.7299
KRT8	LARS1	3	0.2645	0.5773
LMNA	LARS1	3	0.0949	0.6777
MAPRE3	LARS1	3	0.0667	0.7002
CTNNA1	LARS2	3	0.0283	0.7422
KRT8	LARS2	3	0.0328	0.7353
LMNA	LARS2	3	0.0486	0.7167
ACTB	LAS1L	3	0.2255	0.5967
CTNNA1	LAS1L	3	0.0305	0.7387
KRT8	LAS1L	3	0.2590	0.5797
LMNA	LAS1L	3	0.2030	0.6080
MAPRE3	LAS1L	3	0.1134	0.6642
ACTB	LASP1	3	0.4106	0.2667
CTNNA1	LASP1	3	0.1464	0.6414
KRT8	LASP1	3	0.2852	0.5679
LMNA	LASP1	3	0.1372	0.6470
MAPRE3	LASP1	3	0.1876	0.6166
ACTB	LATS1	3	0.0141	0.7742
KRT8	LATS1	3	0.2033	0.6079
MAPRE3	LATS1	3	0.0018	0.8297
ACTB	LATS2	3	0.0867	0.6842
KRT8	LATS2	3	0.1856	0.6180
MAPRE3	LATS2	3	0.0318	0.7369
ACTB	LBR	3	0.1624	0.6319
CTNNA1	LBR	3	0.0834	0.6871
KRT8	LBR	3	0.1777	0.6225
LMNA	LBR	3	0.5882	0.1827
MAPRE3	LBR	3	0.1200	0.6592
ACTB	LCA10	3	0.3333	0.4096
KRT8	LCA5	3	1.0000	0.0000
LMNA	LCA5	3	0.6667	0.0721
MAPRE3	LCA5	3	0.3333	0.4096
MAPRE3	LCK	3	0.3333	0.4096
ACTB	LCLAT1	3	0.0904	0.6816
KRT8	LCLAT1	3	0.1420	0.6440
LMNA	LCLAT1	3	0.5619	0.1891
LMNA	LCMT1	3	0.1656	0.6299
ACTB	LCMT2	3	0.0464	0.7191
CTNNA1	LCMT2	3	0.0146	0.7726
LMNA	LCMT2	3	0.0726	0.6954
MAPRE3	LCMT2	3	0.0649	0.7021
ACTB	LCN1	3	0.3374	0.3968
KRT8	LCN1	3	0.0049	0.8116
MAPRE3	LCN1	3	0.0062	0.8053
ACTB	LCN15	3	0.3333	0.4096
ACTB	LCN2	3	0.3333	0.4096
ACTB	LCOR	3	0.0003	0.8465
LMNA	LCOR	3	0.0152	0.7709
LMNA	LCORL	3	0.3333	0.4096
ACTB	LCP1	3	0.3333	0.4096
ACTB	LDAF1	3	0.0088	0.7944
CTNNA1	LDAF1	3	0.0001	0.8514
KRT8	LDAF1	3	0.0115	0.7837
LMNA	LDAF1	3	0.0004	0.8448
MAPRE3	LDAF1	3	0.0001	0.8514
ACTB	LDAH	3	0.0269	0.7446
KRT8	LDAH	3	0.0424	0.7234
LMNA	LDAH	3	0.0033	0.8195
MAPRE3	LDAH	3	0.0010	0.8371
LMNA	LDB1	3	0.0095	0.7913
ACTB	LDHA	3	0.0442	0.7214
CTNNA1	LDHA	3	0.0073	0.8005
KRT8	LDHA	3	0.0851	0.6854
LMNA	LDHA	3	0.0280	0.7430
MAPRE3	LDHA	3	0.0077	0.7987
ACTB	LDHAL6B	3	0.0968	0.6761
CTNNA1	LDHAL6B	3	0.1906	0.6147
KRT8	LDHAL6B	3	0.1979	0.6107
LMNA	LDHAL6B	3	0.1703	0.6271
MAPRE3	LDHAL6B	3	0.1437	0.6434
ACTB	LDHB	3	0.0517	0.7138
CTNNA1	LDHB	3	0.0090	0.7935
KRT8	LDHB	3	0.0770	0.6919
LMNA	LDHB	3	0.0225	0.7530
MAPRE3	LDHB	3	0.0049	0.8116
ACTB	LDLRAP1	3	0.0012	0.8352
KRT8	LDLRAP1	3	0.0063	0.8048
LMNA	LEFTY1;LEFTY2	3	0.3333	0.4096
ACTB	LEMD3	3	0.0064	0.8044
CTNNA1	LEMD3	3	0.0010	0.8371
KRT8	LEMD3	3	0.0062	0.8053
LMNA	LEMD3	3	1.0000	0.0000
MAPRE3	LEMD3	3	0.0027	0.8233
LMNA	LENG1	3	0.6492	0.1686
ACTB	LENG8	3	0.0001	0.8514
KRT8	LENG8	3	0.0003	0.8465
LMNA	LENG8	3	0.0054	0.8093
MAPRE3	LENG8	3	0.0000	0.8553
LMNA	LENG9	3	0.3333	0.4096
ACTB	LEO1	3	0.0000	0.8553
LMNA	LEO1	3	0.0047	0.8127
MAPRE3	LEO1	3	0.0000	0.8553
ACTB	LETM1	3	0.0925	0.6795
CTNNA1	LETM1	3	0.0178	0.7637
KRT8	LETM1	3	0.2571	0.5808
LMNA	LETM1	3	0.0328	0.7353
MAPRE3	LETM1	3	0.0066	0.8035
ACTB	LGALS1	3	0.0185	0.7618
CTNNA1	LGALS1	3	0.0143	0.7735
KRT8	LGALS1	3	0.0256	0.7472
LMNA	LGALS1	3	0.0143	0.7735
MAPRE3	LGALS1	3	0.0016	0.8315
MAPRE3	LGALS3	3	0.0015	0.8325
ACTB	LGALS3BP	3	0.3332	0.5427
KRT8	LGALS3BP	3	0.2221	0.5982
LMNA	LGALS3BP	3	0.0168	0.7664
KRT8	LGALS4	3	0.3333	0.4096
ACTB	LGALS7	3	0.3331	0.5430
KRT8	LGALS7	3	0.3333	0.4096
LMNA	LGALS7	3	0.0322	0.7363
MAPRE3	LGALS7	3	0.3333	0.4096
ACTB	LGALS8	3	0.0123	0.7804
KRT8	LGALS8	3	0.0404	0.7251
LMNA	LGALS8	3	0.0030	0.8212
ACTB	LGR4	3	0.0096	0.7908
CTNNA1	LGR4	3	0.0004	0.8448
KRT8	LGR4	3	0.0097	0.7904
LMNA	LGR4	3	0.7192	0.0432
KRT8	LGR5	3	0.3333	0.4096
ACTB	LIG1	3	0.0001	0.8514
KRT8	LIG1	3	0.0007	0.8404
LMNA	LIG1	3	0.0063	0.8048
MAPRE3	LIG1	3	0.0000	0.8553
ACTB	LIG3	3	0.0034	0.8190
CTNNA1	LIG3	3	0.0000	0.8553
KRT8	LIG3	3	0.0007	0.8404
LMNA	LIG3	3	0.0050	0.8113
MAPRE3	LIG3	3	0.0001	0.8514
ACTB	LIG4	3	0.0385	0.7274
CTNNA1	LIG4	3	0.0000	0.8553
KRT8	LIG4	3	0.0568	0.7093
LMNA	LIG4	3	0.1119	0.6652
MAPRE3	LIG4	3	0.0276	0.7435
ACTB	LIMA1	3	0.4454	0.2406
CTNNA1	LIMA1	3	0.0941	0.6784
KRT8	LIMA1	3	0.1756	0.6239
LMNA	LIMA1	3	0.0987	0.6745
MAPRE3	LIMA1	3	0.1063	0.6690
ACTB	LIMCH1	3	0.3047	0.5579
CTNNA1	LIMCH1	3	0.0871	0.6838
KRT8	LIMCH1	3	0.2110	0.6041
LMNA	LIMCH1	3	0.0693	0.6979
MAPRE3	LIMCH1	3	0.1229	0.6571
ACTB	LIMD1	3	0.4855	0.2155
CTNNA1	LIMD1	3	0.0043	0.8145
KRT8	LIMD1	3	0.3740	0.3180
LMNA	LIMD1	3	0.0018	0.8297
MAPRE3	LIMD1	3	0.0021	0.8274
KRT8	LIMK1	3	0.3333	0.4096
ACTB	LIMS1	3	0.0052	0.8103
KRT8	LIMS1	3	0.0027	0.8233
ACTB	LIN54	3	0.0020	0.8282
CTNNA1	LIN54	3	0.3333	0.4096
KRT8	LIN54	3	0.0035	0.8185
LMNA	LIN54	3	0.0137	0.7754
MAPRE3	LIN54	3	0.0051	0.8108
ACTB	LIN9	3	0.0004	0.8448
KRT8	LIN9	3	0.0022	0.8268
LMNA	LIN9	3	0.0133	0.7767
MAPRE3	LIN9	3	0.0001	0.8514
ACTB	LINC00336	3	0.3333	0.4096
LMNA	LINC00336	3	0.3333	0.4096
ACTB	LINC01599	3	0.0003	0.8465
MAPRE3	LINC01599	3	0.0000	0.8553
LMNA	LINC02877	3	0.3333	0.4096
ACTB	LINC03043	3	0.3333	0.4096
LMNA	LIPC	3	0.3333	0.4096
MAPRE3	LIPG	3	0.3333	0.4096
LMNA	LIX1L	3	0.6667	0.0721
ACTB	LLGL1	3	0.1996	0.6097
CTNNA1	LLGL1	3	0.1215	0.6581
KRT8	LLGL1	3	0.1388	0.6460
LMNA	LLGL1	3	0.0847	0.6857
MAPRE3	LLGL1	3	0.0269	0.7446
LMNA	LLPH	3	0.0062	0.8053
CTNNA1	LMAN1	3	0.6667	0.0721
KRT8	LMAN1	3	0.0520	0.7132
LMNA	LMAN1	3	0.6263	0.1740
CTNNA1	LMAN2	3	0.0086	0.7950
LMNA	LMAN2	3	0.0108	0.7866
KRT8	LMF1	3	0.3333	0.4096
LMNA	LMF2	3	0.0378	0.7285
ACTB	LMNA	3	0.0640	0.7026
CTNNA1	LMNA	3	0.0449	0.7205
KRT8	LMNA	3	0.0891	0.6825
LMNA	LMNA	3	0.9996	0.0000
MAPRE3	LMNA	3	0.0510	0.7145
ACTB	LMNB1	3	0.0305	0.7387
CTNNA1	LMNB1	3	0.0257	0.7470
KRT8	LMNB1	3	0.0402	0.7253
LMNA	LMNB1	3	1.0000	0.0000
ACTB	LMNB2	3	0.3333	0.4096
LMNA	LMNB2	3	1.0000	0.0000
KRT8	LMNTD1	3	0.3333	0.4096
ACTB	LMO7	3	0.4100	0.2680
CTNNA1	LMO7	3	0.1298	0.6525
KRT8	LMO7	3	0.2633	0.5778
LMNA	LMO7	3	0.1339	0.6493
MAPRE3	LMO7	3	0.2128	0.6032
CTNNA1	LMOD3	3	0.3333	0.4096
KRT8	LMOD3	3	0.3333	0.4096
ACTB	LMTK2	3	0.0078	0.7983
CTNNA1	LMTK2	3	0.0000	0.8553
KRT8	LMTK2	3	0.0044	0.8141
MAPRE3	LMTK2	3	0.0004	0.8448
ACTB	LNPEP	3	0.0064	0.8044
CTNNA1	LNPEP	3	0.0000	0.8553
KRT8	LNPEP	3	0.0129	0.7782
LMNA	LNPEP	3	0.3952	0.2865
MAPRE3	LNPEP	3	0.0135	0.7761
ACTB	LONP1	3	0.0745	0.6937
CTNNA1	LONP1	3	0.0125	0.7796
KRT8	LONP1	3	0.4099	0.2685
LMNA	LONP1	3	0.0608	0.7059
MAPRE3	LONP1	3	0.0135	0.7761
ACTB	LONP2	3	0.3333	0.4096
LMNA	LONRF3	3	0.3333	0.4096
KRT8	LOXHD1	3	0.3333	0.4096
LMNA	LOXHD1	3	0.6667	0.0721
ACTB	LPAR2	3	0.0003	0.8465
KRT8	LPAR2	3	0.0005	0.8431
ACTB	LPCAT1	3	0.3009	0.5599
CTNNA1	LPCAT1	3	0.1453	0.6421
KRT8	LPCAT1	3	0.3772	0.3126
LMNA	LPCAT1	3	0.2816	0.5698
MAPRE3	LPCAT1	3	0.1360	0.6479
ACTB	LPCAT2	3	0.0921	0.6798
CTNNA1	LPCAT2	3	0.0203	0.7576
KRT8	LPCAT2	3	0.1591	0.6338
LMNA	LPCAT2	3	0.3266	0.5471
MAPRE3	LPCAT2	3	0.0197	0.7589
KRT8	LPCAT3	3	0.1028	0.6713
LMNA	LPCAT3	3	0.0901	0.6818
ACTB	LPCAT4	3	0.3333	0.4096
LMNA	LPCAT4	3	0.6667	0.0721
ACTB	LPGAT1	3	0.1858	0.6178
KRT8	LPGAT1	3	0.3903	0.2937
LMNA	LPGAT1	3	0.0656	0.7013
ACTB	LPIN1	3	0.3111	0.5547
KRT8	LPIN1	3	0.0024	0.8252
LMNA	LPIN1	3	0.0017	0.8305
ACTB	LPIN2	3	0.0006	0.8417
ACTB	LPIN3	3	0.9781	0.0011
KRT8	LPIN3	3	0.0227	0.7528
KRT8	LPL	3	0.0062	0.8053
ACTB	LPO	3	0.3333	0.4096
ACTB	LPP	3	0.3343	0.4060
CTNNA1	LPP	3	0.1899	0.6152
KRT8	LPP	3	0.3043	0.5581
LMNA	LPP	3	0.0698	0.6975
MAPRE3	LPP	3	0.1582	0.6343
ACTB	LRBA	3	0.3450	0.3746
CTNNA1	LRBA	3	0.1879	0.6164
KRT8	LRBA	3	0.4239	0.2514
LMNA	LRBA	3	0.2290	0.5949
MAPRE3	LRBA	3	0.2555	0.5815
ACTB	LRCH1	3	0.1516	0.6383
CTNNA1	LRCH1	3	0.0005	0.8431
KRT8	LRCH1	3	0.0942	0.6782
LMNA	LRCH1	3	0.0012	0.8352
MAPRE3	LRCH1	3	0.0082	0.7969
ACTB	LRCH3	3	0.0392	0.7265
CTNNA1	LRCH3	3	0.0010	0.8371
KRT8	LRCH3	3	0.0379	0.7283
LMNA	LRCH3	3	0.0006	0.8417
MAPRE3	LRCH3	3	0.0101	0.7890
ACTB	LRCH4	3	0.0062	0.8053
KRT8	LRCH4	3	0.0095	0.7913
LMNA	LRCH4	3	0.0000	0.8553
MAPRE3	LRCH4	3	0.0006	0.8417
KRT8	LRFN1	3	0.3333	0.4096
LMNA	LRFN4	3	0.3333	0.4096
ACTB	LRFN5	3	0.3333	0.4096
ACTB	LRIF1	3	0.0000	0.8553
KRT8	LRIF1	3	0.0001	0.8514
LMNA	LRIF1	3	0.0054	0.8093
MAPRE3	LRIF1	3	0.0001	0.8514
ACTB	LRIG1	3	0.3333	0.4096
CTNNA1	LRIG1	3	0.3333	0.4096
LMNA	LRIG2	3	0.2853	0.5678
ACTB	LRIG3	3	0.0053	0.8097
CTNNA1	LRIG3	3	0.0000	0.8553
KRT8	LRIG3	3	0.0497	0.7156
LMNA	LRIG3	3	0.0022	0.8268
MAPRE3	LRIG3	3	0.0001	0.8514
ACTB	LRP1	3	0.0282	0.7424
KRT8	LRP1	3	0.1184	0.6601
LMNA	LRP1	3	0.0652	0.7017
MAPRE3	LRP1	3	0.0014	0.8335
LMNA	LRP10	3	0.3333	0.4096
ACTB	LRP5	3	0.0054	0.8093
KRT8	LRP5	3	0.0478	0.7175
LMNA	LRP5	3	0.5594	0.1901
LMNA	LRP6	3	1.0000	0.0000
ACTB	LRP8	3	0.0061	0.8057
MAPRE3	LRP8	3	0.0001	0.8514
ACTB	LRPPRC	3	0.1149	0.6631
CTNNA1	LRPPRC	3	0.0217	0.7547
KRT8	LRPPRC	3	0.3095	0.5552
LMNA	LRPPRC	3	0.0958	0.6771
MAPRE3	LRPPRC	3	0.0269	0.7446
KRT8	LRR1	3	0.0001	0.8514
LMNA	LRR1	3	0.0017	0.8305
KRT8	LRRC15	3	0.0006	0.8417
MAPRE3	LRRC15	3	0.0013	0.8344
LMNA	LRRC17	3	0.3333	0.4096
LMNA	LRRC37A	3	0.6667	0.0721
ACTB	LRRC37B	3	0.3333	0.4096
ACTB	LRRC40	3	0.3222	0.5493
CTNNA1	LRRC40	3	0.1298	0.6525
KRT8	LRRC40	3	0.3892	0.2955
LMNA	LRRC40	3	0.2716	0.5740
MAPRE3	LRRC40	3	0.2498	0.5845
KRT8	LRRC41	3	0.0017	0.8305
LMNA	LRRC41	3	0.0013	0.8344
MAPRE3	LRRC41	3	0.0000	0.8553
ACTB	LRRC42	3	0.0003	0.8465
KRT8	LRRC42	3	0.0006	0.8417
LMNA	LRRC42	3	0.0227	0.7528
MAPRE3	LRRC42	3	0.0002	0.8487
ACTB	LRRC47	3	0.2312	0.5940
CTNNA1	LRRC47	3	0.0274	0.7438
KRT8	LRRC47	3	0.0104	0.7880
LMNA	LRRC47	3	0.0806	0.6894
MAPRE3	LRRC47	3	0.0126	0.7792
ACTB	LRRC49	3	0.3333	0.4096
KRT8	LRRC49	3	0.2398	0.5903
MAPRE3	LRRC49	3	0.0843	0.6860
KRT8	LRRC4B	3	0.3333	0.4096
KRT8	LRRC4C	3	0.0198	0.7587
LMNA	LRRC53	3	0.3333	0.4096
ACTB	LRRC57	3	0.0168	0.7664
CTNNA1	LRRC57	3	0.0036	0.8180
KRT8	LRRC57	3	0.0267	0.7449
LMNA	LRRC57	3	0.0090	0.7935
MAPRE3	LRRC57	3	0.0009	0.8382
ACTB	LRRC59	3	0.1913	0.6142
CTNNA1	LRRC59	3	0.1025	0.6715
KRT8	LRRC59	3	0.1289	0.6529
LMNA	LRRC59	3	0.5298	0.1996
MAPRE3	LRRC59	3	0.0841	0.6864
ACTB	LRRC7	3	0.0131	0.7774
CTNNA1	LRRC7	3	0.0065	0.8039
KRT8	LRRC7	3	0.0032	0.8201
MAPRE3	LRRC7	3	0.0001	0.8514
KRT8	LRRC74B	3	0.3333	0.4096
LMNA	LRRC74B	3	0.3333	0.4096
MAPRE3	LRRC74B	3	0.3333	0.4096
LMNA	LRRC8E	3	0.3333	0.4096
CTNNA1	LRRC9	3	0.3333	0.4096
KRT8	LRRCC1	3	0.3333	0.4096
ACTB	LRRFIP1	3	0.3215	0.5497
CTNNA1	LRRFIP1	3	0.0562	0.7099
KRT8	LRRFIP1	3	0.2171	0.6006
LMNA	LRRFIP1	3	0.0497	0.7156
MAPRE3	LRRFIP1	3	0.1023	0.6717
ACTB	LRRFIP2	3	0.9412	0.0042
KRT8	LRRFIP2	3	0.0109	0.7861
CTNNA1	LRRIQ3	3	0.3333	0.4096
KRT8	LRRIQ3	3	0.3333	0.4096
ACTB	LRRK1	3	0.0016	0.8315
KRT8	LRRK1	3	0.0008	0.8393
ACTB	LRRN2	3	0.3333	0.4096
ACTB	LRSAM1	3	0.0105	0.7876
CTNNA1	LRSAM1	3	0.0001	0.8514
KRT8	LRSAM1	3	0.0114	0.7842
LMNA	LRSAM1	3	0.0016	0.8315
MAPRE3	LRSAM1	3	0.0019	0.8289
ACTB	LRWD1	3	0.0101	0.7890
KRT8	LRWD1	3	0.0129	0.7782
LMNA	LRWD1	3	0.1103	0.6665
MAPRE3	LRWD1	3	0.0004	0.8448
ACTB	LSG1	3	0.0063	0.8048
CTNNA1	LSG1	3	0.0001	0.8514
KRT8	LSG1	3	0.0104	0.7880
LMNA	LSG1	3	0.0938	0.6787
MAPRE3	LSG1	3	0.0023	0.8260
LMNA	LSM10	3	0.3333	0.4096
LMNA	LSM11	3	0.0287	0.7414
ACTB	LSM12	3	0.2009	0.6091
CTNNA1	LSM12	3	0.1039	0.6704
KRT8	LSM12	3	0.2530	0.5829
LMNA	LSM12	3	0.1723	0.6259
MAPRE3	LSM12	3	0.0951	0.6776
ACTB	LSM14A	3	0.0897	0.6821
CTNNA1	LSM14A	3	0.0326	0.7357
KRT8	LSM14A	3	0.0216	0.7550
LMNA	LSM14A	3	0.0513	0.7141
MAPRE3	LSM14A	3	0.6605	0.1650
ACTB	LSM14B	3	0.0067	0.8030
CTNNA1	LSM14B	3	0.0001	0.8514
KRT8	LSM14B	3	0.0054	0.8093
MAPRE3	LSM14B	3	0.0015	0.8325
ACTB	LSM4	3	0.0040	0.8161
CTNNA1	LSM4	3	0.0000	0.8553
KRT8	LSM4	3	0.0211	0.7561
LMNA	LSM4	3	0.0023	0.8260
MAPRE3	LSM4	3	0.0011	0.8360
KRT8	LSM7	3	0.3333	0.4096
ACTB	LSS	3	0.0269	0.7446
CTNNA1	LSS	3	0.0040	0.8161
KRT8	LSS	3	0.0522	0.7131
LMNA	LSS	3	0.1599	0.6333
MAPRE3	LSS	3	0.0011	0.8360
ACTB	LTA4H	3	0.0823	0.6882
CTNNA1	LTA4H	3	0.0091	0.7930
KRT8	LTA4H	3	0.1006	0.6733
LMNA	LTA4H	3	0.0013	0.8344
CTNNA1	LTBP1	3	0.0032	0.8201
ACTB	LTF	3	0.3333	0.4096
ACTB	LTN1	3	0.0380	0.7283
KRT8	LTN1	3	0.2588	0.5798
LMNA	LTN1	3	0.0125	0.7796
ACTB	LTV1	3	0.0083	0.7964
KRT8	LTV1	3	0.1134	0.6642
MAPRE3	LTV1	3	0.0003	0.8465
LMNA	LUC7L	3	0.3333	0.4096
ACTB	LUC7L2	3	0.0253	0.7478
CTNNA1	LUC7L2	3	0.0071	0.8013
KRT8	LUC7L2	3	0.0343	0.7334
LMNA	LUC7L2	3	0.0331	0.7349
MAPRE3	LUC7L2	3	0.0062	0.8053
ACTB	LUC7L3	3	0.1630	0.6316
CTNNA1	LUC7L3	3	0.0176	0.7642
KRT8	LUC7L3	3	0.1561	0.6356
LMNA	LUC7L3	3	0.1337	0.6494
MAPRE3	LUC7L3	3	0.0367	0.7301
ACTB	LUZP1	3	0.3430	0.3783
CTNNA1	LUZP1	3	0.1361	0.6478
KRT8	LUZP1	3	0.2693	0.5750
LMNA	LUZP1	3	0.1226	0.6573
MAPRE3	LUZP1	3	0.2686	0.5755
ACTB	LYPLA1	3	0.0224	0.7534
CTNNA1	LYPLA1	3	0.0257	0.7470
KRT8	LYPLA1	3	0.0229	0.7524
LMNA	LYPLA1	3	0.0176	0.7642
MAPRE3	LYPLA1	3	0.0099	0.7897
ACTB	LYPLA2	3	0.2820	0.5694
CTNNA1	LYPLA2	3	0.0632	0.7035
KRT8	LYPLA2	3	0.3080	0.5560
LMNA	LYPLA2	3	0.2175	0.6004
MAPRE3	LYPLA2	3	0.1710	0.6267
ACTB	LYPLAL1	3	0.0616	0.7053
CTNNA1	LYPLAL1	3	0.0183	0.7623
KRT8	LYPLAL1	3	0.0664	0.7004
LMNA	LYPLAL1	3	0.0157	0.7695
MAPRE3	LYPLAL1	3	0.0005	0.8431
ACTB	LYRM7	3	0.2503	0.5843
CTNNA1	LYRM7	3	0.0247	0.7487
KRT8	LYRM7	3	0.9371	0.0045
LMNA	LYRM7	3	0.1003	0.6735
ACTB	LYSMD1	3	0.3333	0.4096
KRT8	LYSMD1	3	0.3333	0.4096
MAPRE3	LYSMD1	3	0.6667	0.0721
ACTB	LYSMD2	3	0.0059	0.8068
CTNNA1	LYSMD2	3	0.0000	0.8553
KRT8	LYSMD2	3	0.0100	0.7894
LMNA	LYSMD2	3	0.0067	0.8030
MAPRE3	LYSMD2	3	0.0007	0.8404
LMNA	LYSMD3	3	0.3333	0.4096
ACTB	LYST	3	0.0078	0.7983
KRT8	LYST	3	0.0135	0.7761
LMNA	LYST	3	0.0079	0.7980
ACTB	LYZ	3	0.0057	0.8078
CTNNA1	LYZ	3	0.0077	0.7987
KRT8	LYZ	3	0.0058	0.8072
LMNA	LYZ	3	0.0160	0.7686
MAPRE3	LYZ	3	0.0027	0.8233
ACTB	LZIC	3	0.0175	0.7646
KRT8	LZIC	3	0.0152	0.7709
LMNA	LZIC	3	0.0088	0.7944
MAPRE3	LZIC	3	0.0007	0.8404
ACTB	LZTFL1	3	0.0076	0.7991
KRT8	LZTFL1	3	0.0053	0.8097
LMNA	LZTFL1	3	0.0000	0.8553
MAPRE3	LZTFL1	3	0.0000	0.8553
LMNA	LZTR1	3	0.0022	0.8268
ACTB	LZTS2	3	0.7098	0.0470
CTNNA1	LZTS2	3	0.0060	0.8062
KRT8	LZTS2	3	0.9990	0.0000
MAPRE3	LZTS2	3	0.0052	0.8103
LMNA	MAB21L1	3	0.3333	0.4096
ACTB	MACF1	3	0.2703	0.5746
CTNNA1	MACF1	3	0.1129	0.6645
KRT8	MACF1	3	0.2648	0.5771
LMNA	MACF1	3	0.0917	0.6802
MAPRE3	MACF1	3	0.3378	0.3951
LMNA	MACIR	3	0.3333	0.4096
ACTB	MACO1	3	0.0161	0.7684
KRT8	MACO1	3	0.0366	0.7303
LMNA	MACO1	3	0.1441	0.6429
MAPRE3	MACO1	3	0.0008	0.8393
ACTB	MACROD1	3	0.0254	0.7476
CTNNA1	MACROD1	3	0.0131	0.7774
KRT8	MACROD1	3	0.0446	0.7208
LMNA	MACROD1	3	0.1216	0.6580
ACTB	MACROH2A1	3	0.0633	0.7033
CTNNA1	MACROH2A1	3	0.0322	0.7363
KRT8	MACROH2A1	3	0.1426	0.6440
LMNA	MACROH2A1	3	0.1374	0.6469
MAPRE3	MACROH2A1	3	0.0564	0.7098
ACTB	MAD1L1	3	0.0036	0.8180
KRT8	MAD1L1	3	0.0196	0.7592
LMNA	MAD1L1	3	0.1635	0.6311
MAPRE3	MAD1L1	3	0.0007	0.8404
ACTB	MAD2L1	3	0.3333	0.4096
KRT8	MAD2L1	3	0.3333	0.4096
ACTB	MADD	3	0.3597	0.3442
CTNNA1	MADD	3	0.1456	0.6419
KRT8	MADD	3	0.3668	0.3299
LMNA	MADD	3	0.1680	0.6282
MAPRE3	MADD	3	0.2659	0.5764
KRT8	MAEA	3	0.0022	0.8268
LMNA	MAEA	3	0.0115	0.7837
MAPRE3	MAEA	3	0.0004	0.8448
KRT8	MAF1	3	0.3333	0.4096
LMNA	MAFG	3	0.6667	0.0721
KRT8	MAG	3	0.3333	0.4096
ACTB	MAGEA1	3	0.0183	0.7623
CTNNA1	MAGEA1	3	0.0002	0.8487
KRT8	MAGEA1	3	0.2015	0.6088
LMNA	MAGEA1	3	0.0024	0.8252
MAPRE3	MAGEA1	3	0.0056	0.8082
KRT8	MAGEB4	3	0.1745	0.6247
ACTB	MAGEC2	3	0.3333	0.4096
MAPRE3	MAGEC2	3	0.3333	0.4096
KRT8	MAGED1	3	0.3333	0.4096
ACTB	MAGED2	3	0.2823	0.5692
CTNNA1	MAGED2	3	0.0962	0.6768
KRT8	MAGED2	3	0.3380	0.3946
LMNA	MAGED2	3	0.2724	0.5736
MAPRE3	MAGED2	3	0.1232	0.6568
KRT8	MAGEE1	3	0.3333	0.4096
LMNA	MAGEF1	3	0.0700	0.6973
MAPRE3	MAGEF1	3	0.0440	0.7216
LMNA	MAGI1	3	0.3333	0.4096
ACTB	MAGOH;MAGOHB	3	0.0037	0.8175
CTNNA1	MAGOH;MAGOHB	3	0.0002	0.8487
KRT8	MAGOH;MAGOHB	3	0.0070	0.8017
LMNA	MAGOH;MAGOHB	3	0.5162	0.2058
MAPRE3	MAGOH;MAGOHB	3	0.0009	0.8382
LMNA	MAGT1	3	1.0000	0.0000
ACTB	MAIP1	3	0.1239	0.6562
CTNNA1	MAIP1	3	0.0015	0.8325
KRT8	MAIP1	3	0.8244	0.0210
LMNA	MAIP1	3	0.2447	0.5877
MAPRE3	MAIP1	3	0.0040	0.8161
KRT8	MAK	3	0.3333	0.4096
ACTB	MALSU1	3	0.3333	0.4096
LMNA	MALSU1	3	0.3333	0.4096
ACTB	MALT1	3	0.0659	0.7009
KRT8	MALT1	3	0.3942	0.2879
KRT8	MAML1	3	0.1104	0.6664
LMNA	MAML1	3	0.0736	0.6946
KRT8	MAML2	3	0.3286	0.5461
LMNA	MAML2	3	0.0119	0.7820
KRT8	MAMLD1	3	0.0021	0.8274
LMNA	MAMLD1	3	0.3110	0.5547
MAPRE3	MAMLD1	3	0.0001	0.8514
CTNNA1	MAN1A1	3	0.3333	0.4096
LMNA	MAN1A1	3	0.3333	0.4096
ACTB	MAN1A2	3	0.3333	0.4096
KRT8	MAN1A2	3	0.3333	0.4096
ACTB	MAN1B1	3	0.0216	0.7550
CTNNA1	MAN1B1	3	0.3319	0.5442
KRT8	MAN1B1	3	0.0530	0.7123
MAPRE3	MAN1B1	3	0.0029	0.8218
KRT8	MAN2A1	3	0.3333	0.4096
MAPRE3	MAN2A1	3	0.3333	0.4096
ACTB	MAN2C1	3	0.0046	0.8132
KRT8	MAOA	3	0.3333	0.4096
LMNA	MAOA	3	0.6667	0.0721
CTNNA1	MAP10	3	0.3333	0.4096
ACTB	MAP1A	3	0.0169	0.7661
CTNNA1	MAP1A	3	0.0000	0.8553
KRT8	MAP1A	3	0.0052	0.8103
LMNA	MAP1A	3	0.3225	0.5492
MAPRE3	MAP1A	3	0.0093	0.7922
ACTB	MAP1B	3	0.2891	0.5662
CTNNA1	MAP1B	3	0.1580	0.6345
KRT8	MAP1B	3	0.3076	0.5562
LMNA	MAP1B	3	0.0955	0.6774
MAPRE3	MAP1B	3	0.2836	0.5685
ACTB	MAP1S	3	0.0388	0.7270
KRT8	MAP1S	3	0.0350	0.7325
LMNA	MAP1S	3	0.0025	0.8246
MAPRE3	MAP1S	3	0.0951	0.6776
ACTB	MAP2	3	0.0125	0.7796
CTNNA1	MAP2	3	0.0011	0.8360
KRT8	MAP2	3	0.0112	0.7849
LMNA	MAP2	3	0.0024	0.8252
MAPRE3	MAP2	3	1.0000	0.0000
ACTB	MAP2K1	3	0.0026	0.8238
KRT8	MAP2K1	3	0.3333	0.4096
ACTB	MAP2K2	3	0.1880	0.6163
KRT8	MAP2K2	3	0.2408	0.5899
LMNA	MAP2K2	3	0.0445	0.7210
MAPRE3	MAP2K2	3	0.0159	0.7689
KRT8	MAP2K3	3	1.0000	0.0000
LMNA	MAP2K3	3	0.6667	0.0721
MAPRE3	MAP2K3	3	0.3333	0.4096
ACTB	MAP2K6	3	0.0037	0.8175
CTNNA1	MAP2K6	3	0.0002	0.8487
LMNA	MAP2K6	3	0.0042	0.8151
MAPRE3	MAP2K6	3	0.0011	0.8360
ACTB	MAP2K7	3	0.3333	0.4096
KRT8	MAP2K7	3	0.6667	0.0721
ACTB	MAP3K1	3	0.3594	0.3451
CTNNA1	MAP3K1	3	0.0000	0.8553
KRT8	MAP3K1	3	0.0169	0.7661
MAPRE3	MAP3K1	3	0.0092	0.7925
ACTB	MAP3K11	3	0.0571	0.7090
KRT8	MAP3K11	3	0.6810	0.0577
LMNA	MAP3K11	3	0.0121	0.7811
ACTB	MAP3K20	3	0.0065	0.8039
CTNNA1	MAP3K20	3	0.0000	0.8553
KRT8	MAP3K20	3	0.0215	0.7553
LMNA	MAP3K20	3	0.0047	0.8127
MAPRE3	MAP3K20	3	0.0004	0.8448
ACTB	MAP3K4	3	0.6667	0.0721
KRT8	MAP3K4	3	0.3333	0.4096
KRT8	MAP3K5	3	0.0471	0.7182
ACTB	MAP3K6	3	0.0016	0.8315
KRT8	MAP3K6	3	0.8305	0.0197
LMNA	MAP3K6	3	0.0009	0.8382
MAPRE3	MAP3K6	3	0.0015	0.8325
ACTB	MAP3K7	3	0.3884	0.2976
KRT8	MAP3K7	3	0.1309	0.6517
LMNA	MAP3K7	3	0.0028	0.8224
MAPRE3	MAP3K7	3	0.0010	0.8371
ACTB	MAP4	3	0.2573	0.5807
CTNNA1	MAP4	3	0.1515	0.6384
KRT8	MAP4	3	0.2414	0.5897
LMNA	MAP4	3	0.0842	0.6861
MAPRE3	MAP4	3	0.3560	0.3506
KRT8	MAP4K1	3	0.3333	0.4096
KRT8	MAP4K2	3	0.3333	0.4096
ACTB	MAP4K3	3	0.0072	0.8009
KRT8	MAP4K3	3	0.0147	0.7724
LMNA	MAP4K3	3	0.0028	0.8224
MAPRE3	MAP4K3	3	0.0006	0.8417
ACTB	MAP4K4	3	0.1683	0.6281
CTNNA1	MAP4K4	3	0.0003	0.8465
KRT8	MAP4K4	3	0.1023	0.6717
MAPRE3	MAP4K4	3	0.0020	0.8282
ACTB	MAP4K5	3	0.0000	0.8553
KRT8	MAP4K5	3	0.0000	0.8553
ACTB	MAP7	3	0.0019	0.8289
CTNNA1	MAP7	3	0.0009	0.8382
KRT8	MAP7	3	0.0374	0.7291
LMNA	MAP7	3	0.0018	0.8297
MAPRE3	MAP7	3	0.9994	0.0000
ACTB	MAP7D1	3	0.0074	0.8000
CTNNA1	MAP7D1	3	0.0002	0.8487
KRT8	MAP7D1	3	0.0117	0.7830
LMNA	MAP7D1	3	0.0009	0.8382
MAPRE3	MAP7D1	3	0.0319	0.7368
ACTB	MAP7D2	3	0.0122	0.7807
CTNNA1	MAP7D2	3	0.0009	0.8382
KRT8	MAP7D2	3	0.0155	0.7700
LMNA	MAP7D2	3	0.0016	0.8315
MAPRE3	MAP7D2	3	0.9768	0.0011
ACTB	MAP7D3	3	0.2622	0.5782
CTNNA1	MAP7D3	3	0.1078	0.6682
KRT8	MAP7D3	3	0.3040	0.5582
LMNA	MAP7D3	3	0.1665	0.6292
MAPRE3	MAP7D3	3	0.4179	0.2596
ACTB	MAPK1	3	0.0053	0.8097
CTNNA1	MAPK1	3	0.0000	0.8553
KRT8	MAPK1	3	0.0005	0.8431
LMNA	MAPK1	3	0.0002	0.8487
MAPRE3	MAPK1	3	0.0001	0.8514
ACTB	MAPK3	3	0.3333	0.4096
KRT8	MAPK4	3	0.0028	0.8224
LMNA	MAPK4	3	0.0012	0.8352
KRT8	MAPK6	3	0.3147	0.5529
MAPRE3	MAPK6	3	0.0840	0.6865
KRT8	MAPK7	3	0.0008	0.8393
LMNA	MAPK7	3	0.0035	0.8185
MAPRE3	MAPK8IP1	3	0.3333	0.4096
MAPRE3	MAPK8IP3	3	0.3333	0.4096
LMNA	MAPK9	3	0.3338	0.4080
ACTB	MAPKAP1	3	0.0216	0.7550
CTNNA1	MAPKAP1	3	0.0014	0.8335
KRT8	MAPKAP1	3	0.0225	0.7530
LMNA	MAPKAP1	3	0.0009	0.8382
MAPRE3	MAPKAP1	3	0.0114	0.7842
ACTB	MAPKBP1	3	0.2527	0.5830
KRT8	MAPKBP1	3	0.5506	0.1937
MAPRE3	MAPKBP1	3	0.3251	0.5479
ACTB	MAPRE1	3	0.1033	0.6710
CTNNA1	MAPRE1	3	0.0588	0.7074
KRT8	MAPRE1	3	0.1292	0.6529
LMNA	MAPRE1	3	0.0804	0.6897
MAPRE3	MAPRE1	3	0.9993	0.0000
ACTB	MAPRE2	3	0.0116	0.7833
KRT8	MAPRE2	3	0.3451	0.3741
LMNA	MAPRE2	3	0.0056	0.8082
MAPRE3	MAPRE2	3	0.9998	0.0000
ACTB	MAPRE3	3	0.3333	0.4096
CTNNA1	MAPRE3	3	1.0000	0.0000
KRT8	MAPRE3	3	0.3333	0.4096
LMNA	MAPRE3	3	1.0000	0.0000
MAPRE3	MAPRE3	3	1.0000	0.0000
KRT8	MAPT	3	0.3333	0.4096
ACTB	MARCHF5	3	0.0010	0.8371
LMNA	MARCHF5	3	0.0289	0.7412
ACTB	MARCHF6	3	0.3333	0.4096
MAPRE3	MARCHF7	3	1.0000	0.0000
ACTB	MARCKS	3	0.0870	0.6839
CTNNA1	MARCKS	3	0.0121	0.7811
KRT8	MARCKS	3	0.0557	0.7103
LMNA	MARCKS	3	0.0135	0.7761
MAPRE3	MARCKS	3	0.0096	0.7908
ACTB	MARF1	3	0.0098	0.7900
CTNNA1	MARF1	3	0.0003	0.8465
KRT8	MARF1	3	0.0274	0.7438
LMNA	MARF1	3	0.0008	0.8393
MAPRE3	MARF1	3	0.0097	0.7904
MAPRE3	MARK1	3	0.3333	0.4096
ACTB	MARK2	3	0.4812	0.2164
CTNNA1	MARK2	3	0.2585	0.5800
KRT8	MARK2	3	0.3217	0.5496
MAPRE3	MARK2	3	0.8015	0.0228
MAPRE3	MARK4	3	0.3333	0.4096
ACTB	MARS1	3	0.1756	0.6239
CTNNA1	MARS1	3	0.0369	0.7299
KRT8	MARS1	3	0.2488	0.5851
LMNA	MARS1	3	0.0961	0.6769
MAPRE3	MARS1	3	0.0540	0.7116
ACTB	MAST1	3	0.0003	0.8465
CTNNA1	MAST1	3	0.0238	0.7507
KRT8	MAST1	3	0.0014	0.8335
MAPRE3	MAST1	3	0.0000	0.8553
ACTB	MAST2	3	0.0065	0.8039
CTNNA1	MAST2	3	0.0000	0.8553
KRT8	MAST2	3	0.0217	0.7547
LMNA	MAST2	3	0.0010	0.8371
MAPRE3	MAST2	3	0.0054	0.8093
ACTB	MAST3	3	0.0032	0.8201
KRT8	MAST3	3	0.1426	0.6440
MAPRE3	MAST3	3	0.3340	0.4071
ACTB	MAST4	3	0.0413	0.7243
KRT8	MAST4	3	0.1263	0.6544
MAPRE3	MAST4	3	0.3582	0.3474
ACTB	MASTL	3	0.0023	0.8260
KRT8	MASTL	3	0.0023	0.8260
LMNA	MASTL	3	0.3751	0.3151
MAPRE3	MASTL	3	0.0008	0.8393
ACTB	MAT2A	3	0.0440	0.7216
CTNNA1	MAT2A	3	0.0107	0.7868
KRT8	MAT2A	3	0.0836	0.6868
LMNA	MAT2A	3	0.0217	0.7547
MAPRE3	MAT2A	3	0.0083	0.7964
ACTB	MAT2B	3	0.3333	0.4096
KRT8	MAT2B	3	0.6667	0.0721
LMNA	MAT2B	3	0.6667	0.0721
ACTB	MATR3	3	0.1561	0.6356
CTNNA1	MATR3	3	0.0190	0.7605
KRT8	MATR3	3	0.1408	0.6449
LMNA	MATR3	3	0.1907	0.6146
MAPRE3	MATR3	3	0.0457	0.7197
KRT8	MAU2	3	0.0192	0.7600
LMNA	MAU2	3	0.0209	0.7564
ACTB	MAVS	3	0.3017	0.5594
CTNNA1	MAVS	3	0.0033	0.8195
KRT8	MAVS	3	0.2420	0.5893
LMNA	MAVS	3	0.0647	0.7022
MAPRE3	MAVS	3	0.2113	0.6039
LMNA	MAX	3	0.3369	0.3981
ACTB	MB21D2	3	0.0109	0.7861
CTNNA1	MB21D2	3	0.0000	0.8553
KRT8	MB21D2	3	0.0147	0.7724
LMNA	MB21D2	3	0.0013	0.8344
MAPRE3	MB21D2	3	0.0006	0.8417
LMNA	MBD1	3	0.6667	0.0721
ACTB	MBD2	3	0.0082	0.7969
LMNA	MBD2	3	0.1186	0.6599
ACTB	MBD3	3	0.0018	0.8297
KRT8	MBD3	3	0.0065	0.8039
LMNA	MBD3	3	0.2356	0.5925
MAPRE3	MBD3	3	0.0061	0.8057
LMNA	MBD4	3	0.1985	0.6103
MAPRE3	MBD4	3	0.0015	0.8325
ACTB	MBIP	3	0.0193	0.7598
LMNA	MBIP	3	0.0008	0.8393
MAPRE3	MBIP	3	0.0201	0.7580
CTNNA1	MBLAC1	3	0.3333	0.4096
KRT8	MBNL1	3	0.0004	0.8448
ACTB	MBOAT2	3	0.6107	0.1778
KRT8	MBOAT2	3	0.3333	0.4096
LMNA	MBOAT2	3	1.0000	0.0000
ACTB	MBOAT7	3	0.0195	0.7594
CTNNA1	MBOAT7	3	0.0018	0.8297
KRT8	MBOAT7	3	0.0184	0.7619
LMNA	MBOAT7	3	0.9974	0.0001
MAPRE3	MBOAT7	3	0.0043	0.8145
KRT8	MBP	3	0.3333	0.4096
LMNA	MBTD1	3	0.0037	0.8175
ACTB	MCAM	3	0.3419	0.3820
CTNNA1	MCAM	3	0.2919	0.5646
KRT8	MCAM	3	0.2379	0.5912
LMNA	MCAM	3	0.2701	0.5746
MAPRE3	MCAM	3	0.0812	0.6889
KRT8	MCAT	3	0.3333	0.4096
LMNA	MCAT	3	1.0000	0.0000
MAPRE3	MCAT	3	0.3333	0.4096
ACTB	MCC	3	0.0125	0.7796
CTNNA1	MCC	3	0.0002	0.8487
KRT8	MCC	3	0.0083	0.7964
LMNA	MCC	3	0.0001	0.8514
MAPRE3	MCC	3	0.0002	0.8487
ACTB	MCCC1	3	0.0092	0.7925
CTNNA1	MCCC1	3	0.0114	0.7842
KRT8	MCCC1	3	0.0119	0.7820
LMNA	MCCC1	3	0.0122	0.7807
MAPRE3	MCCC1	3	0.0033	0.8195
ACTB	MCCC2	3	0.0094	0.7917
CTNNA1	MCCC2	3	0.0077	0.7987
KRT8	MCCC2	3	0.0227	0.7528
LMNA	MCCC2	3	0.0092	0.7925
MAPRE3	MCCC2	3	0.0035	0.8185
ACTB	MCM10	3	0.0002	0.8487
KRT8	MCM10	3	0.0013	0.8344
LMNA	MCM10	3	0.0825	0.6880
MAPRE3	MCM10	3	0.0044	0.8141
ACTB	MCM2	3	0.1537	0.6370
CTNNA1	MCM2	3	0.0158	0.7691
KRT8	MCM2	3	0.2041	0.6076
LMNA	MCM2	3	0.2190	0.5995
MAPRE3	MCM2	3	0.0344	0.7333
ACTB	MCM3	3	0.1183	0.6601
CTNNA1	MCM3	3	0.0151	0.7711
KRT8	MCM3	3	0.1458	0.6417
LMNA	MCM3	3	0.1867	0.6170
MAPRE3	MCM3	3	0.0150	0.7715
ACTB	MCM3AP	3	0.0038	0.8170
CTNNA1	MCM3AP	3	0.0000	0.8553
KRT8	MCM3AP	3	0.0090	0.7935
LMNA	MCM3AP	3	0.4131	0.2637
MAPRE3	MCM3AP	3	0.0024	0.8252
ACTB	MCM4	3	0.2211	0.5986
CTNNA1	MCM4	3	0.0633	0.7033
KRT8	MCM4	3	0.2933	0.5640
LMNA	MCM4	3	0.3071	0.5566
MAPRE3	MCM4	3	0.1540	0.6367
ACTB	MCM5	3	0.1833	0.6193
CTNNA1	MCM5	3	0.0273	0.7439
KRT8	MCM5	3	0.2426	0.5888
LMNA	MCM5	3	0.2168	0.6009
MAPRE3	MCM5	3	0.0565	0.7097
ACTB	MCM6	3	0.2432	0.5885
CTNNA1	MCM6	3	0.0734	0.6947
KRT8	MCM6	3	0.3074	0.5564
LMNA	MCM6	3	0.3101	0.5550
MAPRE3	MCM6	3	0.1370	0.6472
ACTB	MCM7	3	0.2885	0.5664
CTNNA1	MCM7	3	0.1165	0.6620
KRT8	MCM7	3	0.3153	0.5524
LMNA	MCM7	3	0.2486	0.5852
MAPRE3	MCM7	3	0.2271	0.5960
LMNA	MCM8	3	0.0014	0.8335
MAPRE3	MCM8	3	0.0000	0.8553
ACTB	MCM9	3	0.3333	0.4096
ACTB	MCMBP	3	0.0832	0.6873
CTNNA1	MCMBP	3	0.0326	0.7357
KRT8	MCMBP	3	0.1733	0.6253
LMNA	MCMBP	3	0.1306	0.6519
MAPRE3	MCMBP	3	0.0348	0.7328
KRT8	MCMDC2	3	0.3333	0.4096
ACTB	MCPH1	3	0.3333	0.4096
LMNA	MCPH1	3	1.0000	0.0000
LMNA	MCRIP1	3	0.3333	0.4096
ACTB	MCRS1	3	0.0000	0.8553
KRT8	MCRS1	3	0.0002	0.8487
LMNA	MCRS1	3	0.0128	0.7786
KRT8	MCTP2	3	0.3333	0.4096
MAPRE3	MCTP2	3	0.3333	0.4096
ACTB	MCU	3	0.0002	0.8487
KRT8	MCU	3	0.2145	0.6022
ACTB	MDC1	3	0.1583	0.6342
CTNNA1	MDC1	3	0.0088	0.7944
KRT8	MDC1	3	0.0965	0.6765
LMNA	MDC1	3	0.2822	0.5693
MAPRE3	MDC1	3	0.0959	0.6770
ACTB	MDH1	3	0.0508	0.7146
CTNNA1	MDH1	3	0.0017	0.8305
KRT8	MDH1	3	0.0244	0.7493
LMNA	MDH1	3	0.0078	0.7983
MAPRE3	MDH1	3	0.0105	0.7876
ACTB	MDH2	3	0.0658	0.7011
CTNNA1	MDH2	3	0.0012	0.8352
KRT8	MDH2	3	0.1709	0.6267
LMNA	MDH2	3	0.0195	0.7594
MAPRE3	MDH2	3	0.0045	0.8137
CTNNA1	MDM1	3	0.3333	0.4096
LMNA	MDM1	3	0.3333	0.4096
ACTB	MDN1	3	0.1685	0.6280
CTNNA1	MDN1	3	0.0168	0.7664
KRT8	MDN1	3	0.1884	0.6160
LMNA	MDN1	3	0.0772	0.6917
MAPRE3	MDN1	3	0.0496	0.7157
ACTB	ME1	3	0.1086	0.6675
KRT8	ME1	3	0.0162	0.7681
KRT8	ME2	3	0.6667	0.0721
ACTB	MECOM	3	0.0003	0.8465
KRT8	MECOM	3	0.0004	0.8448
LMNA	MECOM	3	0.0201	0.7580
MAPRE3	MECOM	3	0.0001	0.8514
LMNA	MECP2	3	0.0085	0.7955
MAPRE3	MECP2	3	0.0000	0.8553
ACTB	MED1	3	0.0003	0.8465
CTNNA1	MED1	3	0.0000	0.8553
KRT8	MED1	3	0.0001	0.8514
LMNA	MED1	3	0.0039	0.8165
MAPRE3	MED1	3	0.0000	0.8553
ACTB	MED10	3	0.0009	0.8382
LMNA	MED10	3	0.0015	0.8325
ACTB	MED12	3	0.0001	0.8514
KRT8	MED12	3	0.0020	0.8282
LMNA	MED12	3	0.0023	0.8260
MAPRE3	MED12	3	0.0000	0.8553
ACTB	MED12L	3	0.0003	0.8465
ACTB	MED13	3	0.0001	0.8514
KRT8	MED13	3	0.0001	0.8514
LMNA	MED13	3	0.0002	0.8487
ACTB	MED13L	3	0.5176	0.2052
KRT8	MED13L	3	0.0009	0.8382
LMNA	MED13L	3	0.0096	0.7908
ACTB	MED14	3	0.0007	0.8404
KRT8	MED14	3	0.0061	0.8057
LMNA	MED14	3	0.0023	0.8260
MAPRE3	MED14	3	0.0000	0.8553
ACTB	MED15	3	0.2377	0.5914
CTNNA1	MED15	3	0.0774	0.6915
KRT8	MED15	3	0.2594	0.5795
LMNA	MED15	3	0.3087	0.5557
MAPRE3	MED15	3	0.1871	0.6168
ACTB	MED16	3	0.2478	0.5856
KRT8	MED16	3	0.1313	0.6515
LMNA	MED16	3	0.0032	0.8201
KRT8	MED17	3	0.0028	0.8224
LMNA	MED17	3	0.0519	0.7135
MAPRE3	MED17	3	0.0001	0.8514
LMNA	MED18	3	0.0015	0.8325
ACTB	MED22	3	0.3333	0.4096
ACTB	MED23	3	0.2458	0.5870
CTNNA1	MED23	3	0.0544	0.7113
KRT8	MED23	3	0.2300	0.5944
LMNA	MED23	3	0.2963	0.5625
MAPRE3	MED23	3	0.1805	0.6208
ACTB	MED24	3	0.0011	0.8360
LMNA	MED24	3	0.0089	0.7939
MAPRE3	MED24	3	0.0001	0.8514
ACTB	MED25	3	0.0005	0.8431
KRT8	MED25	3	0.0001	0.8514
LMNA	MED25	3	0.0010	0.8371
LMNA	MED26	3	0.0036	0.8180
MAPRE3	MED26	3	0.0000	0.8553
ACTB	MED27	3	0.0002	0.8487
LMNA	MED27	3	0.0079	0.7980
LMNA	MED30	3	0.0013	0.8344
ACTB	MED4	3	0.0012	0.8352
KRT8	MED4	3	0.0051	0.8108
LMNA	MED6	3	0.6667	0.0721
KRT8	MED8	3	0.0014	0.8335
LMNA	MED8	3	0.0153	0.7706
LMNA	MEF2A	3	0.0031	0.8206
ACTB	MEF2D	3	0.0008	0.8393
CTNNA1	MEF2D	3	0.0000	0.8553
KRT8	MEF2D	3	0.0003	0.8465
LMNA	MEF2D	3	0.0106	0.7871
MAPRE3	MEF2D	3	0.0001	0.8514
ACTB	MEI1	3	0.3333	0.4096
LMNA	MEIS1	3	0.0004	0.8448
LMNA	MEIS3;MEIS3P1;MEIS3P2	3	0.3333	0.4096
ACTB	MELK	3	0.0131	0.7774
CTNNA1	MELK	3	0.0002	0.8487
KRT8	MELK	3	0.2213	0.5985
LMNA	MELK	3	0.0019	0.8289
MAPRE3	MELK	3	0.0021	0.8274
ACTB	MEMO1	3	0.0984	0.6747
CTNNA1	MEMO1	3	0.0112	0.7849
KRT8	MEMO1	3	0.0631	0.7036
LMNA	MEMO1	3	0.0500	0.7154
MAPRE3	MEMO1	3	0.0137	0.7754
KRT8	MEN1	3	0.0135	0.7761
LMNA	MEN1	3	0.0000	0.8553
MAPRE3	MEN1	3	0.0017	0.8305
ACTB	MEPCE	3	0.0002	0.8487
KRT8	MEPCE	3	0.0000	0.8553
LMNA	MEPCE	3	0.0040	0.8161
MAPRE3	MEPCE	3	0.0000	0.8553
LMNA	MEPE	3	0.3333	0.4096
KRT8	MEST	3	0.3222	0.5493
ACTB	MET	3	0.0284	0.7420
CTNNA1	MET	3	0.0107	0.7868
KRT8	MET	3	0.2362	0.5920
LMNA	MET	3	0.3392	0.3904
KRT8	METAP1	3	0.3333	0.4096
KRT8	METAP1D	3	0.0010	0.8371
ACTB	METAP2	3	0.3368	0.3985
ACTB	METTL13	3	0.2216	0.5984
CTNNA1	METTL13	3	0.0294	0.7404
KRT8	METTL13	3	0.3089	0.5556
LMNA	METTL13	3	0.0713	0.6962
MAPRE3	METTL13	3	0.1077	0.6682
LMNA	METTL14	3	0.6667	0.0721
KRT8	METTL16	3	0.0069	0.8021
MAPRE3	METTL16	3	0.0058	0.8072
ACTB	METTL17	3	0.3333	0.4096
MAPRE3	METTL18	3	0.3333	0.4096
ACTB	METTL2B	3	0.1017	0.6722
CTNNA1	METTL2B	3	0.0002	0.8487
KRT8	METTL2B	3	0.0506	0.7149
MAPRE3	METTL2B	3	0.0034	0.8190
ACTB	MEX3A	3	0.0078	0.7983
KRT8	MEX3A	3	0.1125	0.6648
MAPRE3	MEX3A	3	0.0002	0.8487
ACTB	MFAP1	3	0.0002	0.8487
KRT8	MFAP1	3	0.0003	0.8465
LMNA	MFAP1	3	0.2985	0.5612
MAPRE3	MFAP1	3	0.0023	0.8260
ACTB	MFF	3	0.0137	0.7754
CTNNA1	MFF	3	0.0002	0.8487
KRT8	MFF	3	0.0118	0.7826
LMNA	MFF	3	0.0003	0.8465
MAPRE3	MFF	3	0.0006	0.8417
ACTB	MFN1	3	0.3366	0.3997
KRT8	MFN1	3	0.0173	0.7650
LMNA	MFN1	3	0.0047	0.8127
ACTB	MFN2	3	0.0107	0.7868
CTNNA1	MFN2	3	0.0000	0.8553
KRT8	MFN2	3	0.0607	0.7059
LMNA	MFN2	3	0.0060	0.8062
LMNA	MFSD1	3	0.3333	0.4096
ACTB	MFSD10	3	0.0009	0.8382
KRT8	MFSD10	3	0.0427	0.7231
LMNA	MFSD10	3	0.5421	0.1965
KRT8	MFSD3	3	1.0000	0.0000
LMNA	MFSD3	3	0.3333	0.4096
KRT8	MFSD5	3	0.0042	0.8151
LMNA	MFSD5	3	0.0001	0.8514
CTNNA1	MFSD6L	3	0.3333	0.4096
ACTB	MGA	3	0.2725	0.5736
CTNNA1	MGA	3	0.0411	0.7245
KRT8	MGA	3	0.2569	0.5810
LMNA	MGA	3	0.3116	0.5544
MAPRE3	MGA	3	0.2595	0.5794
MAPRE3	MGAT2	3	0.3333	0.4096
ACTB	MGLL	3	0.0028	0.8224
LMNA	MGLL	3	0.0001	0.8514
MAPRE3	MGLL	3	0.0000	0.8553
KRT8	MGME1	3	0.6667	0.0721
LMNA	MGME1	3	0.3333	0.4096
ACTB	MGMT	3	0.0004	0.8448
KRT8	MGMT	3	0.0019	0.8289
LMNA	MGMT	3	0.0006	0.8417
ACTB	MGST1	3	0.1578	0.6346
CTNNA1	MGST1	3	0.0327	0.7356
KRT8	MGST1	3	0.2711	0.5742
LMNA	MGST1	3	0.1505	0.6389
MAPRE3	MGST1	3	0.0358	0.7314
ACTB	MGST3	3	0.0732	0.6950
CTNNA1	MGST3	3	0.0119	0.7820
KRT8	MGST3	3	0.0917	0.6802
LMNA	MGST3	3	0.0618	0.7050
MAPRE3	MGST3	3	0.0164	0.7674
ACTB	MIA3	3	0.0272	0.7441
KRT8	MIA3	3	0.0444	0.7210
LMNA	MIA3	3	0.0016	0.8315
MAPRE3	MIA3	3	0.0086	0.7950
ACTB	MIB1	3	0.0061	0.8057
CTNNA1	MIB1	3	0.0009	0.8382
KRT8	MIB1	3	0.3165	0.5518
LMNA	MIB1	3	0.0001	0.8514
MAPRE3	MIB1	3	0.0031	0.8206
KRT8	MIB2	3	0.3333	0.4096
ACTB	MICAL1	3	0.0115	0.7837
CTNNA1	MICAL1	3	0.0000	0.8553
KRT8	MICAL1	3	0.0155	0.7700
LMNA	MICAL1	3	0.0007	0.8404
MAPRE3	MICAL1	3	0.0006	0.8417
ACTB	MICAL2	3	0.0051	0.8108
KRT8	MICAL2	3	0.0282	0.7424
LMNA	MICAL2	3	0.0017	0.8305
MAPRE3	MICAL2	3	0.0002	0.8487
ACTB	MICAL3	3	0.2817	0.5697
CTNNA1	MICAL3	3	0.0838	0.6866
KRT8	MICAL3	3	0.3662	0.3316
LMNA	MICAL3	3	0.1933	0.6131
MAPRE3	MICAL3	3	0.1403	0.6452
ACTB	MICALL1	3	0.0854	0.6852
KRT8	MICALL1	3	0.0007	0.8404
ACTB	MICALL2	3	1.0000	0.0000
KRT8	MICALL2	3	0.0129	0.7782
ACTB	MID1	3	0.1388	0.6460
KRT8	MID1	3	0.1215	0.6581
MAPRE3	MID1	3	0.0029	0.8218
ACTB	MID1IP1	3	0.0102	0.7887
KRT8	MID1IP1	3	0.0345	0.7331
LMNA	MID1IP1	3	0.0075	0.7995
MAPRE3	MID1IP1	3	0.0001	0.8514
ACTB	MIDEAS	3	0.0068	0.8026
KRT8	MIDEAS	3	0.0001	0.8514
LMNA	MIDEAS	3	0.0064	0.8044
MAPRE3	MIDEAS	3	0.0001	0.8514
ACTB	MIEF1	3	0.3333	0.4096
KRT8	MIEF1	3	0.3333	0.4096
LMNA	MIER1	3	0.9997	0.0000
LMNA	MIER2	3	0.3333	0.4096
LMNA	MIER3	3	0.3205	0.5501
ACTB	MIF	3	0.0207	0.7568
CTNNA1	MIF	3	0.0041	0.8156
KRT8	MIF	3	0.0197	0.7589
LMNA	MIF	3	0.0171	0.7655
MAPRE3	MIF	3	0.0017	0.8305
KRT8	MIGA1	3	0.0003	0.8465
KRT8	MIIP	3	0.3332	0.5427
CTNNA1	MINDY3	3	0.0214	0.7555
KRT8	MINDY3	3	0.0085	0.7955
ACTB	MINK1	3	0.0095	0.7913
CTNNA1	MINK1	3	0.0007	0.8404
KRT8	MINK1	3	0.0116	0.7833
LMNA	MINK1	3	0.0001	0.8514
MAPRE3	MINK1	3	0.0024	0.8252
ACTB	MINPP1	3	0.3333	0.4096
ACTB	MIOS	3	0.0045	0.8137
KRT8	MIOS	3	0.0231	0.7520
LMNA	MIOS	3	0.0001	0.8514
MAPRE3	MIOS	3	0.0002	0.8487
LMNA	MIS12	3	0.0059	0.8068
ACTB	MIS18A	3	0.0008	0.8393
KRT8	MIS18A	3	0.1145	0.6634
LMNA	MIS18A	3	0.1625	0.6319
MAPRE3	MIS18A	3	0.0073	0.8005
ACTB	MIS18BP1	3	0.0016	0.8315
KRT8	MIS18BP1	3	0.0138	0.7750
LMNA	MIS18BP1	3	0.0396	0.7259
MAPRE3	MIS18BP1	3	0.1878	0.6164
ACTB	MISP	3	0.5227	0.2026
CTNNA1	MISP	3	0.1180	0.6605
KRT8	MISP	3	0.2581	0.5801
LMNA	MISP	3	0.1292	0.6529
MAPRE3	MISP	3	0.1393	0.6458
KRT8	MITF	3	0.3333	0.4096
ACTB	MKI67	3	0.2580	0.5802
CTNNA1	MKI67	3	0.0574	0.7085
KRT8	MKI67	3	0.1998	0.6097
LMNA	MKI67	3	0.3416	0.3829
MAPRE3	MKI67	3	0.2490	0.5850
ACTB	MKLN1	3	0.0051	0.8108
CTNNA1	MKLN1	3	0.0006	0.8417
KRT8	MKLN1	3	0.0097	0.7904
LMNA	MKLN1	3	0.0036	0.8180
MAPRE3	MKLN1	3	0.0002	0.8487
ACTB	MKNK2	3	0.0003	0.8465
KRT8	MKNK2	3	0.0013	0.8344
ACTB	MKRN2	3	0.0035	0.8185
KRT8	MKRN2	3	0.0127	0.7790
LMNA	MKRN2	3	0.0006	0.8417
MAPRE3	MKRN2	3	0.0001	0.8514
ACTB	MKS1	3	0.0093	0.7922
KRT8	MKS1	3	0.0367	0.7301
LMNA	MKS1	3	0.0149	0.7719
MAPRE3	MKS1	3	0.0000	0.8553
LMNA	MKX	3	0.6667	0.0721
KRT8	MLF2	3	0.6667	0.0721
ACTB	MLH1	3	0.0040	0.8161
CTNNA1	MLH1	3	0.0000	0.8553
KRT8	MLH1	3	0.0027	0.8233
LMNA	MLH1	3	0.0711	0.6963
MAPRE3	MLH1	3	0.0014	0.8335
ACTB	MLH3	3	0.0007	0.8404
KRT8	MLH3	3	0.0060	0.8062
LMNA	MLH3	3	0.0384	0.7275
MAPRE3	MLH3	3	0.0010	0.8371
ACTB	MLKL	3	0.0018	0.8297
KRT8	MLKL	3	0.0181	0.7628
LMNA	MLKL	3	0.0280	0.7430
MAPRE3	MLKL	3	0.0024	0.8252
LMNA	MLLT1	3	0.3497	0.3627
ACTB	MLLT11	3	1.0000	0.0000
LMNA	MLLT3	3	0.3333	0.4096
LMNA	MLLT6	3	0.0002	0.8487
ACTB	MLST8	3	0.0304	0.7389
CTNNA1	MLST8	3	0.0322	0.7363
KRT8	MLST8	3	0.3575	0.3490
LMNA	MLST8	3	0.0303	0.7390
MAPRE3	MLST8	3	0.0072	0.8009
KRT8	MLX	3	0.3333	0.4096
LMNA	MLX	3	1.0000	0.0000
ACTB	MLXIP	3	0.3388	0.3917
KRT8	MLXIP	3	0.1884	0.6160
CTNNA1	MMAA	3	0.6667	0.0721
LMNA	MMGT1	3	0.3333	0.4096
KRT8	MMP14	3	0.3333	0.4096
LMNA	MMP16	3	0.3333	0.4096
ACTB	MMP9	3	0.3333	0.4096
MAPRE3	MMRN1	3	0.0000	0.8553
KRT8	MMRN2	3	0.3333	0.4096
LMNA	MMRN2	3	0.3333	0.4096
MAPRE3	MMRN2	3	0.3333	0.4096
ACTB	MMS19	3	0.0159	0.7689
CTNNA1	MMS19	3	0.0002	0.8487
KRT8	MMS19	3	0.0242	0.7498
LMNA	MMS19	3	0.0076	0.7991
MAPRE3	MMS19	3	0.0018	0.8297
ACTB	MMS22L	3	0.0027	0.8233
KRT8	MMS22L	3	0.0040	0.8161
LMNA	MMS22L	3	0.2134	0.6030
MAPRE3	MMS22L	3	0.0003	0.8465
ACTB	MMTAG2	3	0.0265	0.7454
KRT8	MMTAG2	3	0.0105	0.7876
LMNA	MMTAG2	3	0.2246	0.5971
MAPRE3	MMTAG2	3	0.0056	0.8082
ACTB	MMUT	3	0.3333	0.4096
CTNNA1	MMUT	3	0.3333	0.4096
LMNA	MMUT	3	0.6667	0.0721
MAPRE3	MMUT	3	0.3333	0.4096
KRT8	MN1	3	0.3333	0.4096
LMNA	MN1	3	0.3333	0.4096
ACTB	MNAT1	3	0.0004	0.8448
KRT8	MNAT1	3	0.0004	0.8448
LMNA	MNAT1	3	0.0762	0.6924
ACTB	MNDA	3	0.3333	0.4096
ACTB	MNS1	3	0.0109	0.7861
KRT8	MNS1	3	0.3093	0.5553
LMNA	MNT	3	0.0100	0.7894
ACTB	MOB1A;MOB1B	3	0.1830	0.6195
CTNNA1	MOB1A;MOB1B	3	0.0308	0.7382
KRT8	MOB1A;MOB1B	3	0.2315	0.5939
LMNA	MOB1A;MOB1B	3	0.1080	0.6680
MAPRE3	MOB1A;MOB1B	3	0.0520	0.7132
KRT8	MOB3B	3	0.6667	0.0721
ACTB	MOB4	3	0.0299	0.7396
KRT8	MOB4	3	0.0195	0.7594
LMNA	MOB4	3	0.0176	0.7642
ACTB	MOCOS	3	0.0041	0.8156
KRT8	MOCOS	3	0.0051	0.8108
LMNA	MOCOS	3	0.0006	0.8417
MAPRE3	MOCOS	3	0.0000	0.8553
ACTB	MOCS2	3	0.3172	0.5515
CTNNA1	MOCS2	3	0.0146	0.7726
KRT8	MOCS2	3	0.0571	0.7090
LMNA	MOCS2	3	0.0202	0.7578
MAPRE3	MOCS2	3	0.0048	0.8121
KRT8	MOCS3	3	0.3549	0.3534
KRT8	MON1A	3	0.3333	0.4096
ACTB	MON2	3	0.0053	0.8097
CTNNA1	MON2	3	0.0001	0.8514
KRT8	MON2	3	0.0156	0.7698
LMNA	MON2	3	0.0004	0.8448
MAPRE3	MON2	3	0.0003	0.8465
KRT8	MORC1	3	0.3333	0.4096
LMNA	MORC2	3	0.0142	0.7739
LMNA	MORC3	3	0.2354	0.5925
KRT8	MORC4	3	0.0567	0.7094
LMNA	MORC4	3	0.0703	0.6969
LMNA	MORF4L1	3	0.6667	0.0721
KRT8	MOSPD1	3	0.3333	0.4096
ACTB	MOSPD2	3	0.0055	0.8088
CTNNA1	MOSPD2	3	0.0002	0.8487
LMNA	MOSPD2	3	0.0031	0.8206
MAPRE3	MOSPD2	3	0.0007	0.8404
ACTB	MOV10	3	0.1802	0.6210
CTNNA1	MOV10	3	0.0308	0.7382
KRT8	MOV10	3	0.2767	0.5718
LMNA	MOV10	3	0.0452	0.7202
MAPRE3	MOV10	3	0.0528	0.7125
ACTB	MPDU1	3	0.0138	0.7750
CTNNA1	MPDU1	3	0.0001	0.8514
KRT8	MPDU1	3	0.0392	0.7265
LMNA	MPDU1	3	0.0058	0.8072
MAPRE3	MPDU1	3	0.0011	0.8360
ACTB	MPDZ	3	0.0141	0.7742
CTNNA1	MPDZ	3	0.0013	0.8344
KRT8	MPDZ	3	0.0201	0.7580
LMNA	MPDZ	3	0.0002	0.8487
MAPRE3	MPDZ	3	0.0019	0.8289
ACTB	MPG	3	0.1687	0.6278
KRT8	MPG	3	0.2287	0.5952
LMNA	MPG	3	0.3195	0.5505
MAPRE3	MPG	3	0.0318	0.7369
KRT8	MPHOSPH10	3	0.0018	0.8297
LMNA	MPHOSPH10	3	0.0029	0.8218
MAPRE3	MPHOSPH10	3	0.0000	0.8553
LMNA	MPHOSPH8	3	0.0060	0.8062
ACTB	MPHOSPH9	3	0.0034	0.8190
KRT8	MPHOSPH9	3	0.2814	0.5698
MAPRE3	MPHOSPH9	3	0.0009	0.8382
LMNA	MPND	3	0.4062	0.2733
ACTB	MPO	3	0.3333	0.4096
ACTB	MPP1	3	0.0119	0.7820
CTNNA1	MPP1	3	0.0002	0.8487
KRT8	MPP1	3	0.0122	0.7807
LMNA	MPP1	3	0.0078	0.7983
MAPRE3	MPP1	3	0.3344	0.4057
LMNA	MPP2	3	0.3333	0.4096
MAPRE3	MPP2	3	0.6667	0.0721
ACTB	MPRIP	3	0.3511	0.3601
CTNNA1	MPRIP	3	0.1125	0.6648
KRT8	MPRIP	3	0.2285	0.5953
LMNA	MPRIP	3	0.1016	0.6724
MAPRE3	MPRIP	3	0.1496	0.6396
ACTB	MPST	3	0.0007	0.8404
KRT8	MPST	3	0.0017	0.8305
LMNA	MPST	3	0.0009	0.8382
MAPRE3	MPST	3	0.0002	0.8487
LMNA	MPZL1	3	0.0089	0.7939
ACTB	MRE11	3	0.3303	0.5451
CTNNA1	MRE11	3	0.1497	0.6395
KRT8	MRE11	3	0.3550	0.3529
LMNA	MRE11	3	0.2972	0.5620
MAPRE3	MRE11	3	0.2822	0.5693
ACTB	MRFAP1	3	0.3087	0.5557
CTNNA1	MRFAP1	3	0.0656	0.7013
KRT8	MRFAP1	3	0.2492	0.5850
LMNA	MRFAP1	3	0.3089	0.5556
MAPRE3	MRFAP1	3	0.1952	0.6119
ACTB	MRGBP	3	0.0010	0.8371
KRT8	MRGBP	3	0.0005	0.8431
LMNA	MRGBP	3	0.0051	0.8108
ACTB	MRI1	3	0.0059	0.8068
CTNNA1	MRI1	3	0.0016	0.8315
KRT8	MRI1	3	0.0754	0.6930
LMNA	MRI1	3	0.0077	0.7987
MAPRE3	MRI1	3	0.0402	0.7253
LMNA	MRNIP	3	1.0000	0.0000
ACTB	MROH1	3	0.0150	0.7715
KRT8	MROH1	3	0.0619	0.7049
LMNA	MROH1	3	0.0009	0.8382
ACTB	MROH2A	3	0.3333	0.4096
ACTB	MROH2B	3	0.6470	0.1701
CTNNA1	MROH2B	3	0.3675	0.3281
LMNA	MROH2B	3	0.0878	0.6833
MAPRE3	MROH2B	3	0.1282	0.6534
ACTB	MRPL14	3	0.0060	0.8062
KRT8	MRPL14	3	0.0133	0.7767
LMNA	MRPL14	3	0.0011	0.8360
ACTB	MRPL16	3	0.0013	0.8344
KRT8	MRPL16	3	0.0447	0.7206
LMNA	MRPL16	3	0.0024	0.8252
ACTB	MRPL19	3	0.0004	0.8448
KRT8	MRPL19	3	0.0403	0.7251
LMNA	MRPL19	3	0.0015	0.8325
KRT8	MRPL20	3	0.3333	0.4096
ACTB	MRPL22	3	0.3333	0.4096
KRT8	MRPL22	3	0.6667	0.0721
LMNA	MRPL22	3	0.6667	0.0721
MAPRE3	MRPL22	3	0.3333	0.4096
KRT8	MRPL24	3	0.3333	0.4096
CTNNA1	MRPL27	3	0.0013	0.8344
ACTB	MRPL3	3	0.1931	0.6132
CTNNA1	MRPL3	3	0.0184	0.7619
KRT8	MRPL3	3	0.9930	0.0003
LMNA	MRPL3	3	0.2082	0.6051
MAPRE3	MRPL3	3	0.0130	0.7779
KRT8	MRPL30	3	0.3317	0.5443
ACTB	MRPL33	3	0.0021	0.8274
CTNNA1	MRPL33	3	0.0000	0.8553
KRT8	MRPL33	3	0.0032	0.8201
LMNA	MRPL33	3	0.0010	0.8371
MAPRE3	MRPL33	3	0.0002	0.8487
ACTB	MRPL37	3	0.1373	0.6470
CTNNA1	MRPL37	3	0.1224	0.6576
KRT8	MRPL37	3	0.2987	0.5612
LMNA	MRPL37	3	0.0324	0.7360
MAPRE3	MRPL37	3	0.0097	0.7904
ACTB	MRPL39	3	0.0436	0.7220
CTNNA1	MRPL39	3	0.0022	0.8268
KRT8	MRPL39	3	0.2192	0.5994
LMNA	MRPL39	3	0.0120	0.7815
MAPRE3	MRPL39	3	0.0069	0.8021
KRT8	MRPL44	3	1.0000	0.0000
LMNA	MRPL44	3	0.3333	0.4096
ACTB	MRPL45	3	0.3333	0.4096
KRT8	MRPL45	3	1.0000	0.0000
LMNA	MRPL45	3	0.3333	0.4096
KRT8	MRPL46	3	0.3333	0.4096
KRT8	MRPL48	3	1.0000	0.0000
ACTB	MRPL49	3	0.3333	0.4096
ACTB	MRPL53	3	0.0021	0.8274
CTNNA1	MRPL53	3	0.0000	0.8553
KRT8	MRPL53	3	0.0007	0.8404
MAPRE3	MRPL53	3	0.0000	0.8553
CTNNA1	MRPL54	3	0.0017	0.8305
KRT8	MRPL54	3	0.0018	0.8297
MAPRE3	MRPL54	3	0.0009	0.8382
CTNNA1	MRPL9	3	0.3333	0.4096
KRT8	MRPS11	3	0.6667	0.0721
KRT8	MRPS14	3	0.3333	0.4096
ACTB	MRPS15	3	0.0057	0.8078
KRT8	MRPS15	3	0.3333	0.4096
ACTB	MRPS17	3	0.0223	0.7537
KRT8	MRPS17	3	0.9998	0.0000
LMNA	MRPS17	3	0.0164	0.7674
ACTB	MRPS2	3	0.3569	0.3501
CTNNA1	MRPS2	3	0.3231	0.5490
KRT8	MRPS2	3	0.9996	0.0000
LMNA	MRPS2	3	0.5371	0.1983
MAPRE3	MRPS2	3	0.2370	0.5915
ACTB	MRPS21	3	0.1293	0.6528
KRT8	MRPS21	3	0.1598	0.6333
LMNA	MRPS21	3	0.0833	0.6872
KRT8	MRPS22	3	0.3333	0.4096
KRT8	MRPS23	3	0.9044	0.0067
LMNA	MRPS23	3	0.2465	0.5864
KRT8	MRPS24	3	1.0000	0.0000
KRT8	MRPS25	3	0.3333	0.4096
ACTB	MRPS27	3	0.1009	0.6732
CTNNA1	MRPS27	3	0.0271	0.7443
KRT8	MRPS27	3	0.3323	0.5439
LMNA	MRPS27	3	0.0853	0.6853
MAPRE3	MRPS27	3	0.0362	0.7308
KRT8	MRPS28	3	0.0373	0.7293
LMNA	MRPS28	3	0.0009	0.8382
KRT8	MRPS30	3	1.0000	0.0000
ACTB	MRPS31	3	0.1266	0.6542
KRT8	MRPS31	3	0.9508	0.0033
LMNA	MRPS31	3	0.1476	0.6406
MAPRE3	MRPS31	3	0.0321	0.7365
KRT8	MRPS34	3	0.6667	0.0721
ACTB	MRPS35	3	0.0094	0.7917
KRT8	MRPS35	3	0.9831	0.0007
LMNA	MRPS35	3	0.0016	0.8315
MAPRE3	MRPS35	3	0.0006	0.8417
KRT8	MRPS36	3	1.0000	0.0000
ACTB	MRPS5	3	0.0069	0.8021
KRT8	MRPS5	3	0.5538	0.1932
LMNA	MRPS5	3	0.0055	0.8088
KRT8	MRPS7	3	0.6667	0.0721
LMNA	MRPS7	3	0.3333	0.4096
ACTB	MRPS9	3	0.2068	0.6058
KRT8	MRPS9	3	1.0000	0.0000
LMNA	MRPS9	3	0.0145	0.7729
MAPRE3	MRPS9	3	0.0040	0.8161
ACTB	MRRF	3	0.0295	0.7402
CTNNA1	MRRF	3	0.0071	0.8013
KRT8	MRRF	3	0.1812	0.6204
LMNA	MRRF	3	0.0615	0.7053
MAPRE3	MRRF	3	0.0082	0.7969
ACTB	MRTFA	3	0.9744	0.0012
CTNNA1	MRTFA	3	0.0028	0.8224
KRT8	MRTFA	3	0.1043	0.6702
LMNA	MRTFA	3	0.0011	0.8360
MAPRE3	MRTFA	3	0.0101	0.7890
ACTB	MRTFB	3	0.9916	0.0005
CTNNA1	MRTFB	3	0.0007	0.8404
KRT8	MRTFB	3	0.4876	0.2144
LMNA	MRTFB	3	0.0267	0.7449
MAPRE3	MRTFB	3	0.0019	0.8289
ACTB	MRTO4	3	0.0295	0.7402
KRT8	MRTO4	3	0.2876	0.5667
LMNA	MRTO4	3	0.3921	0.2907
MAPRE3	MRTO4	3	0.0081	0.7973
MAPRE3	MSANTD2	3	0.3333	0.4096
LMNA	MSANTD3	3	0.2858	0.5675
ACTB	MSH2	3	0.2797	0.5706
CTNNA1	MSH2	3	0.1406	0.6449
KRT8	MSH2	3	0.3460	0.3716
LMNA	MSH2	3	0.3644	0.3345
MAPRE3	MSH2	3	0.1965	0.6114
ACTB	MSH3	3	0.0023	0.8260
KRT8	MSH3	3	0.0094	0.7917
LMNA	MSH3	3	0.0162	0.7681
MAPRE3	MSH3	3	0.0001	0.8514
MAPRE3	MSH5	3	0.3333	0.4096
ACTB	MSH6	3	0.3049	0.5577
CTNNA1	MSH6	3	0.1114	0.6657
KRT8	MSH6	3	0.3414	0.3835
LMNA	MSH6	3	0.3793	0.3098
MAPRE3	MSH6	3	0.2627	0.5780
ACTB	MSI2	3	0.3333	0.4096
LMNA	MSI2	3	0.3333	0.4096
ACTB	MSL1	3	0.0002	0.8487
KRT8	MSL1	3	0.0000	0.8553
LMNA	MSL1	3	0.0069	0.8021
LMNA	MSL2	3	0.0047	0.8127
LMNA	MSL3	3	0.0091	0.7930
ACTB	MSLN	3	0.3333	0.4096
ACTB	MSMO1	3	0.0021	0.8274
KRT8	MSMO1	3	0.0001	0.8514
ACTB	MSN	3	0.3438	0.3775
CTNNA1	MSN	3	0.1324	0.6506
KRT8	MSN	3	0.3092	0.5554
LMNA	MSN	3	0.1671	0.6288
MAPRE3	MSN	3	0.2092	0.6047
ACTB	MSRB2	3	0.0051	0.8108
CTNNA1	MSRB2	3	0.0089	0.7939
KRT8	MSRB2	3	0.0284	0.7420
LMNA	MSRB2	3	0.0108	0.7866
MAPRE3	MSRB2	3	0.0023	0.8260
ACTB	MSRB3	3	0.1539	0.6367
KRT8	MSRB3	3	0.1902	0.6150
LMNA	MSRB3	3	0.1497	0.6395
MAPRE3	MSRB3	3	0.0304	0.7389
ACTB	MSTO1	3	0.0097	0.7904
KRT8	MSTO1	3	0.0188	0.7610
LMNA	MSTO1	3	0.0004	0.8448
MAPRE3	MSTO1	3	0.0005	0.8431
ACTB	MT-ATP8	3	0.1732	0.6255
KRT8	MT-ATP8	3	0.0025	0.8246
LMNA	MT-ATP8	3	0.0010	0.8371
MAPRE3	MT-ATP8	3	0.0001	0.8514
ACTB	MT-CO2	3	0.0873	0.6836
CTNNA1	MT-CO2	3	0.0016	0.8315
KRT8	MT-CO2	3	0.2007	0.6092
LMNA	MT-CO2	3	0.3203	0.5502
MAPRE3	MT-CO2	3	0.0187	0.7613
ACTB	MT-ND4	3	0.0011	0.8360
KRT8	MT-ND4	3	0.0019	0.8289
LMNA	MT-ND4	3	0.0016	0.8315
ACTB	MTA1	3	0.0002	0.8487
KRT8	MTA1	3	0.0000	0.8553
LMNA	MTA1	3	0.0017	0.8305
ACTB	MTA2	3	0.0652	0.7017
CTNNA1	MTA2	3	0.0438	0.7218
KRT8	MTA2	3	0.0716	0.6959
LMNA	MTA2	3	0.6576	0.1656
MAPRE3	MTA2	3	0.0595	0.7067
ACTB	MTA3	3	0.0030	0.8212
KRT8	MTA3	3	0.0083	0.7964
LMNA	MTA3	3	0.0024	0.8252
ACTB	MTAP	3	0.2733	0.5733
CTNNA1	MTAP	3	0.1157	0.6626
KRT8	MTAP	3	0.0640	0.7026
LMNA	MTAP	3	0.1081	0.6678
MAPRE3	MTAP	3	0.0468	0.7185
ACTB	MTARC1	3	0.3333	0.4096
LMNA	MTARC1	3	0.0026	0.8238
LMNA	MTBP	3	0.2708	0.5743
MAPRE3	MTBP	3	0.0004	0.8448
ACTB	MTCH1	3	0.0944	0.6781
CTNNA1	MTCH1	3	0.0222	0.7539
KRT8	MTCH1	3	0.3175	0.5514
LMNA	MTCH1	3	0.0674	0.6996
MAPRE3	MTCH1	3	0.0201	0.7580
ACTB	MTCH2	3	0.0435	0.7223
CTNNA1	MTCH2	3	0.0153	0.7706
KRT8	MTCH2	3	0.0588	0.7074
LMNA	MTCH2	3	0.1417	0.6442
MAPRE3	MTCH2	3	0.0123	0.7804
ACTB	MTCL1	3	0.0546	0.7111
CTNNA1	MTCL1	3	0.0008	0.8393
KRT8	MTCL1	3	0.2888	0.5663
LMNA	MTCL1	3	0.0000	0.8553
MAPRE3	MTCL1	3	0.0135	0.7761
ACTB	MTDH	3	0.3629	0.3383
CTNNA1	MTDH	3	0.2250	0.5969
KRT8	MTDH	3	0.3077	0.5562
LMNA	MTDH	3	0.3267	0.5470
MAPRE3	MTDH	3	0.3031	0.5587
CTNNA1	MTERF2	3	0.3333	0.4096
ACTB	MTF1	3	0.0015	0.8325
KRT8	MTF1	3	0.0014	0.8335
LMNA	MTF1	3	0.0271	0.7443
KRT8	MTFMT	3	0.0023	0.8260
ACTB	MTFR1	3	0.9026	0.0071
ACTB	MTFR1L	3	0.0085	0.7955
KRT8	MTFR1L	3	0.0481	0.7173
LMNA	MTFR1L	3	0.0002	0.8487
MAPRE3	MTFR1L	3	0.0000	0.8553
KRT8	MTG2	3	0.6667	0.0721
ACTB	MTHFD1	3	0.1092	0.6672
CTNNA1	MTHFD1	3	0.0153	0.7706
KRT8	MTHFD1	3	0.1422	0.6440
LMNA	MTHFD1	3	0.0451	0.7202
MAPRE3	MTHFD1	3	0.0234	0.7514
ACTB	MTHFD1L	3	0.0593	0.7069
CTNNA1	MTHFD1L	3	0.0751	0.6930
KRT8	MTHFD1L	3	0.1434	0.6435
LMNA	MTHFD1L	3	0.0288	0.7413
MAPRE3	MTHFD1L	3	0.0093	0.7922
CTNNA1	MTHFS	3	0.3333	0.4096
KRT8	MTHFSD	3	0.3333	0.4096
ACTB	MTIF2	3	0.3333	0.4096
ACTB	MTMR1	3	0.1249	0.6554
CTNNA1	MTMR1	3	0.0001	0.8514
KRT8	MTMR1	3	0.0179	0.7634
LMNA	MTMR1	3	0.0017	0.8305
MAPRE3	MTMR1	3	0.0011	0.8360
ACTB	MTMR10	3	0.0036	0.8180
KRT8	MTMR10	3	0.3377	0.3955
ACTB	MTMR12	3	0.1579	0.6346
KRT8	MTMR12	3	0.2830	0.5688
LMNA	MTMR12	3	0.0302	0.7392
MAPRE3	MTMR12	3	0.0429	0.7229
ACTB	MTMR14	3	0.3354	0.4033
KRT8	MTMR14	3	0.1419	0.6441
MAPRE3	MTMR14	3	0.0011	0.8360
ACTB	MTMR2	3	0.2279	0.5957
CTNNA1	MTMR2	3	0.0312	0.7377
KRT8	MTMR2	3	0.3075	0.5563
LMNA	MTMR2	3	0.0969	0.6760
MAPRE3	MTMR2	3	0.0906	0.6813
ACTB	MTMR3	3	0.0083	0.7964
CTNNA1	MTMR3	3	0.0003	0.8465
KRT8	MTMR3	3	0.1704	0.6270
MAPRE3	MTMR3	3	0.0007	0.8404
ACTB	MTMR4	3	0.0245	0.7491
CTNNA1	MTMR4	3	0.0002	0.8487
KRT8	MTMR4	3	0.6655	0.1628
MAPRE3	MTMR4	3	0.0028	0.8224
ACTB	MTMR6	3	0.0085	0.7955
CTNNA1	MTMR6	3	0.0000	0.8553
KRT8	MTMR6	3	0.0138	0.7750
LMNA	MTMR6	3	0.0007	0.8404
MAPRE3	MTMR6	3	0.0006	0.8417
LMNA	MTMR7	3	0.6667	0.0721
KRT8	MTMR9	3	0.0021	0.8274
MAPRE3	MTMR9	3	0.0219	0.7543
ACTB	MTO1	3	0.0365	0.7304
KRT8	MTO1	3	0.1744	0.6248
LMNA	MTO1	3	0.1143	0.6636
MAPRE3	MTO1	3	0.0009	0.8382
ACTB	MTOR	3	0.0093	0.7922
CTNNA1	MTOR	3	0.0002	0.8487
KRT8	MTOR	3	0.0492	0.7162
LMNA	MTOR	3	0.0012	0.8352
MAPRE3	MTOR	3	0.0041	0.8156
ACTB	MTPAP	3	0.0365	0.7304
CTNNA1	MTPAP	3	0.0285	0.7418
KRT8	MTPAP	3	0.2494	0.5849
LMNA	MTPAP	3	0.0919	0.6800
MAPRE3	MTPAP	3	0.0112	0.7849
ACTB	MTPN	3	0.0219	0.7543
CTNNA1	MTPN	3	0.0163	0.7678
KRT8	MTPN	3	0.0216	0.7550
LMNA	MTPN	3	0.0170	0.7658
MAPRE3	MTPN	3	0.0052	0.8103
ACTB	MTR	3	0.2903	0.5657
CTNNA1	MTR	3	0.1381	0.6464
KRT8	MTR	3	0.3424	0.3801
LMNA	MTR	3	0.1607	0.6329
MAPRE3	MTR	3	0.2082	0.6051
ACTB	MTREX	3	0.0716	0.6959
CTNNA1	MTREX	3	0.0333	0.7346
KRT8	MTREX	3	0.1356	0.6480
LMNA	MTREX	3	0.1484	0.6401
MAPRE3	MTREX	3	0.0403	0.7251
KRT8	MTRF1	3	0.6667	0.0721
ACTB	MTRR	3	0.2465	0.5864
CTNNA1	MTRR	3	0.0934	0.6791
KRT8	MTRR	3	0.2654	0.5768
LMNA	MTRR	3	0.0601	0.7063
MAPRE3	MTRR	3	0.1726	0.6258
ACTB	MTSS2	3	0.2497	0.5847
KRT8	MTSS2	3	0.1125	0.6648
MAPRE3	MTSS2	3	0.0008	0.8393
ACTB	MTUS1	3	0.3029	0.5588
CTNNA1	MTUS1	3	0.1427	0.6439
KRT8	MTUS1	3	0.3323	0.5439
LMNA	MTUS1	3	0.1771	0.6230
MAPRE3	MTUS1	3	0.3762	0.3138
KRT8	MTUS2	3	0.3333	0.4096
MAPRE3	MTUS2	3	0.3333	0.4096
ACTB	MUC12	3	0.1532	0.6374
CTNNA1	MUC12	3	0.0119	0.7820
KRT8	MUC12	3	0.0797	0.6901
MAPRE3	MUC12	3	0.0573	0.7087
ACTB	MUC15	3	0.3333	0.4096
KRT8	MUC15	3	0.3333	0.4096
ACTB	MUC16	3	0.3176	0.5514
KRT8	MUC16	3	0.0079	0.7980
LMNA	MUC16	3	0.0176	0.7642
MAPRE3	MUC16	3	0.0053	0.8097
CTNNA1	MUC19	3	0.0000	0.8553
MAPRE3	MUC19	3	0.0000	0.8553
KRT8	MUC2	3	0.3333	0.4096
MAPRE3	MUC20	3	0.3333	0.4096
CTNNA1	MUC3B	3	0.3333	0.4096
ACTB	MUC5AC	3	0.3333	0.4096
ACTB	MUC5B	3	0.3333	0.4096
CTNNA1	MUC5B	3	0.0012	0.8352
MAPRE3	MUC6	3	0.3333	0.4096
KRT8	MUL1	3	0.6667	0.0721
ACTB	MUS81	3	0.0015	0.8325
CTNNA1	MUS81	3	0.0000	0.8553
KRT8	MUS81	3	0.0008	0.8393
LMNA	MUS81	3	0.2428	0.5886
MAPRE3	MUS81	3	0.0038	0.8170
CTNNA1	MUSK	3	0.0076	0.7991
ACTB	MVB12A	3	0.0170	0.7658
CTNNA1	MVB12A	3	0.0001	0.8514
KRT8	MVB12A	3	0.0150	0.7715
LMNA	MVB12A	3	0.0038	0.8170
MAPRE3	MVB12A	3	0.0030	0.8212
LMNA	MVB12B	3	0.3333	0.4096
CTNNA1	MVD	3	0.0073	0.8005
LMNA	MVD	3	0.1019	0.6720
KRT8	MVK	3	0.0002	0.8487
LMNA	MVK	3	0.0002	0.8487
ACTB	MVP	3	0.0101	0.7890
CTNNA1	MVP	3	0.0001	0.8514
KRT8	MVP	3	0.0140	0.7745
LMNA	MVP	3	0.0011	0.8360
MAPRE3	MVP	3	0.0011	0.8360
ACTB	MX2	3	0.3333	0.4096
KRT8	MX2	3	0.3333	0.4096
LMNA	MXRA7	3	0.3333	0.4096
KRT8	MYADM	3	0.3333	0.4096
CTNNA1	MYB	3	0.3333	0.4096
ACTB	MYBBP1A	3	0.2739	0.5730
CTNNA1	MYBBP1A	3	0.0477	0.7176
KRT8	MYBBP1A	3	0.3074	0.5564
LMNA	MYBBP1A	3	0.2677	0.5758
MAPRE3	MYBBP1A	3	0.1965	0.6114
LMNA	MYBL1	3	0.3333	0.4096
LMNA	MYBL2	3	0.0018	0.8297
ACTB	MYBPC1	3	0.3333	0.4096
MAPRE3	MYBPC1	3	0.3333	0.4096
ACTB	MYBPC2	3	0.0041	0.8156
CTNNA1	MYBPC3	3	0.0000	0.8553
LMNA	MYC	3	0.0000	0.8553
ACTB	MYCBP2	3	0.3193	0.5507
CTNNA1	MYCBP2	3	0.1209	0.6585
KRT8	MYCBP2	3	0.3283	0.5464
LMNA	MYCBP2	3	0.1242	0.6560
MAPRE3	MYCBP2	3	0.2696	0.5748
LMNA	MYCBPAP	3	0.3333	0.4096
ACTB	MYCLP1	3	0.3333	0.4096
ACTB	MYDGF	3	0.0029	0.8218
KRT8	MYDGF	3	0.0075	0.7995
LMNA	MYDGF	3	0.0020	0.8282
MAPRE3	MYDGF	3	0.0003	0.8465
ACTB	MYH10	3	0.5851	0.1846
KRT8	MYH10	3	0.1261	0.6545
ACTB	MYH13	3	0.2983	0.5613
KRT8	MYH13	3	0.0572	0.7088
ACTB	MYH14	3	0.3700	0.3253
KRT8	MYH14	3	0.0160	0.7686
MAPRE3	MYH14	3	0.0047	0.8127
ACTB	MYH15	3	1.0000	0.0000
CTNNA1	MYH16	3	0.3333	0.4096
ACTB	MYH2	3	0.3333	0.4096
LMNA	MYH4	3	0.3333	0.4096
ACTB	MYH9	3	0.3446	0.3760
CTNNA1	MYH9	3	0.0964	0.6766
KRT8	MYH9	3	0.2237	0.5974
LMNA	MYH9	3	0.0903	0.6817
MAPRE3	MYH9	3	0.1329	0.6500
ACTB	MYL12A;MYL12B	3	0.1569	0.6350
CTNNA1	MYL12A;MYL12B	3	0.0062	0.8053
KRT8	MYL12A;MYL12B	3	0.0962	0.6768
LMNA	MYL12A;MYL12B	3	0.0285	0.7418
MAPRE3	MYL12A;MYL12B	3	0.0107	0.7868
ACTB	MYL1;MYL3	3	0.3367	0.3992
KRT8	MYL1;MYL3	3	0.2070	0.6057
ACTB	MYL6	3	0.2211	0.5986
CTNNA1	MYL6	3	0.0122	0.7807
KRT8	MYL6	3	0.1188	0.6598
LMNA	MYL6	3	0.0215	0.7553
MAPRE3	MYL6	3	0.0065	0.8039
ACTB	MYL6B	3	0.3333	0.4096
ACTB	MYL9	3	0.1893	0.6156
CTNNA1	MYL9	3	0.0238	0.7507
KRT8	MYL9	3	0.2871	0.5669
LMNA	MYL9	3	0.0775	0.6914
MAPRE3	MYL9	3	0.0387	0.7272
LMNA	MYLIP	3	0.0001	0.8514
ACTB	MYLK	3	0.9026	0.0071
KRT8	MYLK	3	0.2964	0.5623
MAPRE3	MYLK	3	0.0053	0.8097
ACTB	MYO10	3	0.3406	0.3855
CTNNA1	MYO10	3	0.0051	0.8108
KRT8	MYO10	3	0.9159	0.0059
LMNA	MYO10	3	0.0076	0.7991
MAPRE3	MYO10	3	0.0025	0.8246
ACTB	MYO15A	3	0.3333	0.4096
ACTB	MYO18A	3	0.1232	0.6568
CTNNA1	MYO18A	3	0.0004	0.8448
KRT8	MYO18A	3	0.0112	0.7849
MAPRE3	MYO18A	3	0.0010	0.8371
ACTB	MYO18B	3	0.3333	0.4096
MAPRE3	MYO18B	3	0.3333	0.4096
ACTB	MYO19	3	0.0184	0.7619
CTNNA1	MYO19	3	0.0005	0.8431
KRT8	MYO19	3	0.0153	0.7706
LMNA	MYO19	3	0.0007	0.8404
MAPRE3	MYO19	3	0.0028	0.8224
ACTB	MYO1B	3	0.1433	0.6436
CTNNA1	MYO1B	3	0.0004	0.8448
KRT8	MYO1B	3	0.0148	0.7721
LMNA	MYO1B	3	0.0009	0.8382
MAPRE3	MYO1B	3	0.0014	0.8335
ACTB	MYO1C	3	0.4182	0.2590
CTNNA1	MYO1C	3	0.1359	0.6479
KRT8	MYO1C	3	0.3610	0.3416
LMNA	MYO1C	3	0.2795	0.5706
MAPRE3	MYO1C	3	0.2391	0.5907
ACTB	MYO1E	3	0.3745	0.3168
CTNNA1	MYO1E	3	0.1512	0.6386
KRT8	MYO1E	3	0.3842	0.3027
LMNA	MYO1E	3	0.2516	0.5838
MAPRE3	MYO1E	3	0.3014	0.5595
ACTB	MYO1F	3	0.0027	0.8233
CTNNA1	MYO1F	3	0.0021	0.8274
KRT8	MYO1F	3	0.0021	0.8274
CTNNA1	MYO1G	3	0.3333	0.4096
MAPRE3	MYO1H	3	0.3333	0.4096
KRT8	MYO3A	3	0.3333	0.4096
ACTB	MYO3B	3	0.2462	0.5866
CTNNA1	MYO3B	3	0.0005	0.8431
KRT8	MYO3B	3	0.1583	0.6342
LMNA	MYO3B	3	0.0014	0.8335
MAPRE3	MYO3B	3	0.0014	0.8335
ACTB	MYO5A	3	0.0124	0.7799
KRT8	MYO5A	3	0.0148	0.7721
LMNA	MYO5A	3	0.0038	0.8170
MAPRE3	MYO5A	3	0.0004	0.8448
ACTB	MYO6	3	0.3666	0.3302
CTNNA1	MYO6	3	0.2377	0.5914
KRT8	MYO6	3	0.3579	0.3479
LMNA	MYO6	3	0.0581	0.7080
MAPRE3	MYO6	3	0.2799	0.5704
ACTB	MYO7A	3	0.3333	0.4096
KRT8	MYO7B	3	0.3333	0.4096
ACTB	MYO9A	3	0.2056	0.6067
CTNNA1	MYO9A	3	0.0002	0.8487
KRT8	MYO9A	3	0.0085	0.7955
LMNA	MYO9A	3	0.0053	0.8097
MAPRE3	MYO9A	3	0.0010	0.8371
ACTB	MYO9B	3	0.1755	0.6240
CTNNA1	MYO9B	3	0.0138	0.7750
KRT8	MYO9B	3	0.1454	0.6420
LMNA	MYO9B	3	0.0114	0.7842
MAPRE3	MYO9B	3	0.0473	0.7180
CTNNA1	MYOCD	3	0.3333	0.4096
KRT8	MYOCD	3	0.8391	0.0184
LMNA	MYOCD	3	0.3333	0.4096
ACTB	MYOF	3	0.0350	0.7325
CTNNA1	MYOF	3	0.9518	0.0032
KRT8	MYOF	3	0.0530	0.7123
LMNA	MYOF	3	0.0181	0.7628
MAPRE3	MYOF	3	0.0256	0.7472
CTNNA1	MYOM3	3	0.3333	0.4096
ACTB	MYPN	3	0.4058	0.2738
CTNNA1	MYPN	3	0.0122	0.7807
KRT8	MYPN	3	0.1503	0.6391
LMNA	MYPN	3	0.0086	0.7950
MAPRE3	MYPN	3	0.0428	0.7230
MAPRE3	MYRF	3	0.3333	0.4096
LMNA	MYSM1	3	1.0000	0.0000
KRT8	MYZAP	3	1.0000	0.0000
ACTB	MZT2A;MZT2B	3	0.0064	0.8044
KRT8	MZT2A;MZT2B	3	0.0162	0.7681
MAPRE3	MZT2A;MZT2B	3	0.0007	0.8404
ACTB	N4BP1	3	0.2534	0.5826
CTNNA1	N4BP1	3	0.0246	0.7489
KRT8	N4BP1	3	0.3114	0.5545
LMNA	N4BP1	3	0.2393	0.5905
MAPRE3	N4BP1	3	0.1585	0.6341
ACTB	N4BP2	3	0.0121	0.7811
KRT8	N4BP2	3	0.3176	0.5514
LMNA	N4BP2	3	0.0006	0.8417
MAPRE3	N4BP2	3	0.0005	0.8431
ACTB	N4BP2L2	3	0.0022	0.8268
KRT8	N4BP2L2	3	0.3421	0.3816
LMNA	N4BP2L2	3	0.3390	0.3914
ACTB	NAA10	3	0.0458	0.7196
CTNNA1	NAA10	3	0.0013	0.8344
KRT8	NAA10	3	0.4506	0.2344
LMNA	NAA10	3	0.0385	0.7274
MAPRE3	NAA10	3	0.0053	0.8097
ACTB	NAA15	3	0.2620	0.5783
CTNNA1	NAA15	3	0.0436	0.7220
KRT8	NAA15	3	0.2476	0.5858
LMNA	NAA15	3	0.1448	0.6424
MAPRE3	NAA15	3	0.1198	0.6593
ACTB	NAA25	3	0.0051	0.8108
KRT8	NAA25	3	0.0289	0.7412
LMNA	NAA25	3	0.0000	0.8553
ACTB	NAA30	3	0.0093	0.7922
CTNNA1	NAA30	3	0.0002	0.8487
KRT8	NAA30	3	0.0092	0.7925
LMNA	NAA30	3	0.0008	0.8393
MAPRE3	NAA30	3	0.0010	0.8371
ACTB	NAA35	3	0.3217	0.5496
KRT8	NAA35	3	0.0075	0.7995
KRT8	NAA40	3	0.0123	0.7804
ACTB	NAA50	3	0.1619	0.6322
CTNNA1	NAA50	3	0.0162	0.7681
KRT8	NAA50	3	0.1059	0.6692
LMNA	NAA50	3	0.1087	0.6674
MAPRE3	NAA50	3	0.0021	0.8274
ACTB	NAA80	3	0.1043	0.6702
CTNNA1	NAA80	3	0.0001	0.8514
KRT8	NAA80	3	0.1697	0.6274
LMNA	NAA80	3	0.0012	0.8352
MAPRE3	NAA80	3	0.0024	0.8252
MAPRE3	NAALAD2	3	0.3333	0.4096
ACTB	NAB1	3	0.2046	0.6073
CTNNA1	NAB1	3	0.0801	0.6898
KRT8	NAB1	3	0.2141	0.6026
LMNA	NAB1	3	0.3315	0.5445
MAPRE3	NAB1	3	0.2058	0.6066
LMNA	NAB2	3	1.0000	0.0000
ACTB	NACA	3	0.0789	0.6907
CTNNA1	NACA	3	0.0017	0.8305
KRT8	NACA	3	0.0859	0.6849
LMNA	NACA	3	0.0145	0.7729
MAPRE3	NACA	3	0.0084	0.7959
ACTB	NACA2	3	0.3333	0.4096
ACTB	NACC1	3	0.1073	0.6686
CTNNA1	NACC1	3	0.0133	0.7767
KRT8	NACC1	3	0.1240	0.6561
LMNA	NACC1	3	0.3081	0.5560
MAPRE3	NACC1	3	0.0574	0.7085
LMNA	NACC2	3	0.0343	0.7334
ACTB	NADK	3	0.0031	0.8206
KRT8	NADK	3	0.0116	0.7833
LMNA	NADK	3	0.0005	0.8431
ACTB	NADK2	3	0.0450	0.7204
CTNNA1	NADK2	3	0.0100	0.7894
KRT8	NADK2	3	0.1151	0.6629
LMNA	NADK2	3	0.0138	0.7750
MAPRE3	NADK2	3	0.0127	0.7790
ACTB	NAE1	3	0.0001	0.8514
KRT8	NAE1	3	0.1059	0.6692
LMNA	NAE1	3	0.0027	0.8233
ACTB	NAF1	3	0.0472	0.7181
KRT8	NAF1	3	0.3308	0.5448
LMNA	NAF1	3	0.0442	0.7214
ACTB	NAGK	3	0.1657	0.6299
KRT8	NAGK	3	0.3923	0.2905
LMNA	NAGK	3	0.0192	0.7600
MAPRE3	NAGK	3	0.0068	0.8026
ACTB	NAGLU	3	0.3333	0.4096
ACTB	NAMPT	3	0.0221	0.7540
KRT8	NAMPT	3	0.4511	0.2338
LMNA	NAMPT	3	0.0044	0.8141
MAPRE3	NAMPT	3	0.0008	0.8393
LMNA	NANS	3	0.3333	0.4096
ACTB	NAP1L1	3	0.2724	0.5736
CTNNA1	NAP1L1	3	0.1488	0.6399
KRT8	NAP1L1	3	0.3952	0.2865
LMNA	NAP1L1	3	0.0832	0.6873
MAPRE3	NAP1L1	3	0.1592	0.6336
ACTB	NAP1L4	3	0.0067	0.8030
CTNNA1	NAP1L4	3	0.0005	0.8431
KRT8	NAP1L4	3	0.0999	0.6738
LMNA	NAP1L4	3	0.0002	0.8487
MAPRE3	NAP1L4	3	0.0004	0.8448
ACTB	NAPA	3	0.1650	0.6304
CTNNA1	NAPA	3	0.0149	0.7719
KRT8	NAPA	3	0.2600	0.5791
LMNA	NAPA	3	0.0882	0.6829
MAPRE3	NAPA	3	0.0255	0.7474
ACTB	NAPG	3	0.0070	0.8017
CTNNA1	NAPG	3	0.0002	0.8487
KRT8	NAPG	3	0.1504	0.6389
LMNA	NAPG	3	0.0200	0.7582
MAPRE3	NAPG	3	0.0009	0.8382
ACTB	NAPRT	3	0.3333	0.4096
LMNA	NARF	3	0.9996	0.0000
ACTB	NARS1	3	0.2859	0.5674
CTNNA1	NARS1	3	0.0348	0.7328
KRT8	NARS1	3	0.2847	0.5683
LMNA	NARS1	3	0.1057	0.6694
MAPRE3	NARS1	3	0.1025	0.6715
LMNA	NARS2	3	0.3333	0.4096
ACTB	NASP	3	0.1134	0.6642
CTNNA1	NASP	3	0.0664	0.7004
KRT8	NASP	3	0.1020	0.6720
LMNA	NASP	3	0.2366	0.5917
MAPRE3	NASP	3	0.0348	0.7328
ACTB	NAT10	3	0.0705	0.6967
CTNNA1	NAT10	3	0.0143	0.7735
KRT8	NAT10	3	0.1784	0.6221
LMNA	NAT10	3	0.3130	0.5538
MAPRE3	NAT10	3	0.0424	0.7234
ACTB	NAV1	3	0.0133	0.7767
CTNNA1	NAV1	3	0.0040	0.8161
KRT8	NAV1	3	0.1917	0.6138
LMNA	NAV1	3	0.0020	0.8282
MAPRE3	NAV1	3	1.0000	0.0000
ACTB	NAV2	3	0.0149	0.7719
KRT8	NAV2	3	0.3393	0.3900
MAPRE3	NAV2	3	0.7578	0.0318
ACTB	NAV3	3	0.3333	0.4096
MAPRE3	NAV3	3	1.0000	0.0000
LMNA	NAXD	3	0.3333	0.4096
ACTB	NBAS	3	0.2550	0.5819
CTNNA1	NBAS	3	0.0000	0.8553
KRT8	NBAS	3	0.0124	0.7799
LMNA	NBAS	3	0.0015	0.8325
MAPRE3	NBAS	3	0.0003	0.8465
KRT8	NBDY	3	0.3333	0.4096
ACTB	NBEA	3	0.0178	0.7637
KRT8	NBEA	3	0.3888	0.2967
MAPRE3	NBEA	3	0.0007	0.8404
ACTB	NBEAL1	3	0.0352	0.7322
KRT8	NBEAL1	3	0.5420	0.1968
MAPRE3	NBEAL1	3	0.0412	0.7244
ACTB	NBEAL2	3	0.1773	0.6228
KRT8	NBEAL2	3	0.3941	0.2882
MAPRE3	NBEAL2	3	0.0043	0.8145
ACTB	NBN	3	0.0001	0.8514
KRT8	NBN	3	0.0001	0.8514
LMNA	NBN	3	0.0042	0.8151
MAPRE3	NBN	3	0.0000	0.8553
ACTB	NBPF1	3	0.3333	0.4096
KRT8	NBPF1	3	1.0000	0.0000
KRT8	NBPF10;NBPF20;NBPF8;NBPF9	3	0.3333	0.4096
ACTB	NBR1	3	0.0120	0.7815
CTNNA1	NBR1	3	0.0002	0.8487
KRT8	NBR1	3	0.1116	0.6655
MAPRE3	NBR1	3	0.0009	0.8382
LMNA	NCALD	3	0.3333	0.4096
ACTB	NCAPD2	3	0.0262	0.7461
CTNNA1	NCAPD2	3	0.0008	0.8393
KRT8	NCAPD2	3	0.2181	0.6000
LMNA	NCAPD2	3	0.0097	0.7904
MAPRE3	NCAPD2	3	0.0114	0.7842
ACTB	NCAPD3	3	0.0052	0.8103
CTNNA1	NCAPD3	3	0.0002	0.8487
KRT8	NCAPD3	3	0.2294	0.5947
LMNA	NCAPD3	3	0.0075	0.7995
MAPRE3	NCAPD3	3	0.0012	0.8352
ACTB	NCAPG	3	0.3597	0.3442
CTNNA1	NCAPG	3	0.1442	0.6428
KRT8	NCAPG	3	0.3809	0.3077
LMNA	NCAPG	3	0.2696	0.5748
MAPRE3	NCAPG	3	0.2898	0.5659
ACTB	NCAPG2	3	0.0033	0.8195
CTNNA1	NCAPG2	3	0.0000	0.8553
KRT8	NCAPG2	3	0.0227	0.7528
LMNA	NCAPG2	3	0.0022	0.8268
MAPRE3	NCAPG2	3	0.0003	0.8465
ACTB	NCAPH	3	0.0069	0.8021
CTNNA1	NCAPH	3	0.0001	0.8514
KRT8	NCAPH	3	0.0185	0.7618
LMNA	NCAPH	3	0.0043	0.8145
MAPRE3	NCAPH	3	0.0008	0.8393
ACTB	NCBP1	3	0.1014	0.6727
CTNNA1	NCBP1	3	0.0693	0.6979
KRT8	NCBP1	3	0.1035	0.6708
LMNA	NCBP1	3	0.1552	0.6361
MAPRE3	NCBP1	3	0.0147	0.7724
ACTB	NCBP2	3	0.1784	0.6221
CTNNA1	NCBP2	3	0.0631	0.7036
KRT8	NCBP2	3	0.1920	0.6137
LMNA	NCBP2	3	0.3213	0.5498
MAPRE3	NCBP2	3	0.0931	0.6792
ACTB	NCBP2AS2	3	0.0002	0.8487
ACTB	NCBP3	3	0.0007	0.8404
KRT8	NCBP3	3	0.0002	0.8487
LMNA	NCBP3	3	0.0433	0.7225
MAPRE3	NCBP3	3	0.0016	0.8315
ACTB	NCCRP1	3	0.0084	0.7959
ACTB	NCDN	3	0.0232	0.7518
CTNNA1	NCDN	3	0.0002	0.8487
KRT8	NCDN	3	0.0880	0.6830
MAPRE3	NCDN	3	0.0045	0.8137
ACTB	NCEH1	3	0.0958	0.6771
CTNNA1	NCEH1	3	0.0001	0.8514
KRT8	NCEH1	3	0.2456	0.5871
LMNA	NCEH1	3	0.0279	0.7431
MAPRE3	NCEH1	3	0.0138	0.7750
ACTB	NCK1	3	0.0364	0.7306
CTNNA1	NCK1	3	0.0005	0.8431
KRT8	NCK1	3	0.1302	0.6523
LMNA	NCK1	3	0.0036	0.8180
MAPRE3	NCK1	3	0.0093	0.7922
ACTB	NCK2	3	0.6667	0.0721
ACTB	NCKAP1	3	0.1397	0.6456
CTNNA1	NCKAP1	3	0.0282	0.7424
KRT8	NCKAP1	3	0.2254	0.5968
LMNA	NCKAP1	3	0.1926	0.6134
MAPRE3	NCKAP1	3	0.0083	0.7964
LMNA	NCKAP1L	3	0.3333	0.4096
ACTB	NCKAP5	3	0.0051	0.8108
CTNNA1	NCKAP5	3	0.0064	0.8044
KRT8	NCKAP5	3	0.2380	0.5912
MAPRE3	NCKAP5	3	0.3484	0.3652
ACTB	NCKAP5L	3	0.1412	0.6445
CTNNA1	NCKAP5L	3	0.0491	0.7164
KRT8	NCKAP5L	3	0.3494	0.3634
LMNA	NCKAP5L	3	0.0200	0.7582
MAPRE3	NCKAP5L	3	0.3144	0.5531
ACTB	NCKIPSD	3	0.1570	0.6350
CTNNA1	NCKIPSD	3	0.0065	0.8039
KRT8	NCKIPSD	3	0.1502	0.6392
LMNA	NCKIPSD	3	0.0189	0.7607
MAPRE3	NCKIPSD	3	0.0430	0.7227
ACTB	NCL	3	0.0520	0.7132
CTNNA1	NCL	3	0.0088	0.7944
KRT8	NCL	3	0.0355	0.7317
LMNA	NCL	3	0.2326	0.5935
MAPRE3	NCL	3	0.0468	0.7185
ACTB	NCLN	3	0.0060	0.8062
CTNNA1	NCLN	3	0.0000	0.8553
KRT8	NCLN	3	0.0039	0.8165
LMNA	NCLN	3	0.0035	0.8185
MAPRE3	NCLN	3	0.0002	0.8487
KRT8	NCOA1	3	0.0013	0.8344
LMNA	NCOA1	3	0.3392	0.3904
KRT8	NCOA2	3	0.0035	0.8185
LMNA	NCOA2	3	0.0262	0.7461
LMNA	NCOA3	3	0.0074	0.8000
MAPRE3	NCOA3	3	0.0000	0.8553
ACTB	NCOA4	3	0.0076	0.7991
KRT8	NCOA4	3	0.3633	0.3371
MAPRE3	NCOA4	3	0.0035	0.8185
CTNNA1	NCOA5	3	0.0002	0.8487
KRT8	NCOA5	3	0.0051	0.8108
LMNA	NCOA5	3	0.6232	0.1749
MAPRE3	NCOA5	3	0.0009	0.8382
ACTB	NCOA6	3	0.0001	0.8514
KRT8	NCOA6	3	0.0160	0.7686
LMNA	NCOA6	3	0.0022	0.8268
ACTB	NCOA7	3	0.0084	0.7959
CTNNA1	NCOA7	3	0.0001	0.8514
KRT8	NCOA7	3	0.0098	0.7900
LMNA	NCOA7	3	0.0063	0.8048
MAPRE3	NCOA7	3	0.0012	0.8352
ACTB	NCOR1	3	0.0017	0.8305
CTNNA1	NCOR1	3	0.0000	0.8553
KRT8	NCOR1	3	0.0045	0.8137
LMNA	NCOR1	3	0.0193	0.7598
MAPRE3	NCOR1	3	0.0008	0.8393
ACTB	NCOR2	3	0.2114	0.6039
CTNNA1	NCOR2	3	0.0812	0.6889
KRT8	NCOR2	3	0.2219	0.5982
LMNA	NCOR2	3	0.3426	0.3793
MAPRE3	NCOR2	3	0.1792	0.6217
KRT8	NCSTN	3	0.3333	0.4096
ACTB	NDC1	3	0.0118	0.7826
CTNNA1	NDC1	3	0.0006	0.8417
KRT8	NDC1	3	0.1228	0.6571
LMNA	NDC1	3	0.6742	0.0621
MAPRE3	NDC1	3	0.0026	0.8238
ACTB	NDC80	3	0.0206	0.7570
CTNNA1	NDC80	3	0.0006	0.8417
KRT8	NDC80	3	0.7825	0.0264
LMNA	NDC80	3	0.0043	0.8145
MAPRE3	NDC80	3	0.0218	0.7546
ACTB	NDE1	3	0.0733	0.6949
CTNNA1	NDE1	3	0.0004	0.8448
KRT8	NDE1	3	0.0931	0.6792
LMNA	NDE1	3	0.0047	0.8127
MAPRE3	NDE1	3	0.0469	0.7184
ACTB	NDEL1	3	0.2407	0.5899
KRT8	NDEL1	3	0.3452	0.3733
MAPRE3	NDEL1	3	0.0029	0.8218
ACTB	NDN	3	0.3333	0.4096
KRT8	NDN	3	0.3333	0.4096
LMNA	NDNF	3	0.3333	0.4096
ACTB	NDRG1	3	0.2923	0.5643
CTNNA1	NDRG1	3	0.0580	0.7081
KRT8	NDRG1	3	0.3334	0.4090
LMNA	NDRG1	3	0.1861	0.6174
MAPRE3	NDRG1	3	0.1391	0.6459
ACTB	NDRG3	3	0.1255	0.6550
CTNNA1	NDRG3	3	0.0180	0.7632
KRT8	NDRG3	3	0.1821	0.6201
LMNA	NDRG3	3	0.1199	0.6592
MAPRE3	NDRG3	3	0.0423	0.7235
ACTB	NDUFA10	3	0.4280	0.2495
CTNNA1	NDUFA10	3	0.1019	0.6720
KRT8	NDUFA10	3	0.7499	0.0349
LMNA	NDUFA10	3	0.0911	0.6807
MAPRE3	NDUFA10	3	0.0461	0.7194
KRT8	NDUFA12	3	1.0000	0.0000
ACTB	NDUFA4	3	0.1992	0.6099
CTNNA1	NDUFA4	3	0.0174	0.7647
KRT8	NDUFA4	3	0.1878	0.6164
LMNA	NDUFA4	3	0.1143	0.6636
MAPRE3	NDUFA4	3	0.0425	0.7233
KRT8	NDUFA5	3	0.0733	0.6949
ACTB	NDUFA8	3	0.0065	0.8039
KRT8	NDUFA8	3	0.3355	0.4030
LMNA	NDUFA8	3	0.0050	0.8113
ACTB	NDUFA9	3	0.0229	0.7524
CTNNA1	NDUFA9	3	0.0008	0.8393
KRT8	NDUFA9	3	0.2495	0.5847
LMNA	NDUFA9	3	0.0130	0.7779
MAPRE3	NDUFA9	3	0.0034	0.8190
LMNA	NDUFAB1	3	0.3333	0.4096
KRT8	NDUFAF2	3	1.0000	0.0000
LMNA	NDUFAF2	3	0.6667	0.0721
KRT8	NDUFAF4	3	0.2226	0.5980
ACTB	NDUFAF7	3	0.9967	0.0001
KRT8	NDUFAF7	3	1.0000	0.0000
LMNA	NDUFAF7	3	0.9999	0.0000
CTNNA1	NDUFB10	3	0.0000	0.8553
ACTB	NDUFB11	3	0.0071	0.8013
KRT8	NDUFB11	3	0.0039	0.8165
LMNA	NDUFB11	3	0.0012	0.8352
MAPRE3	NDUFB4	3	0.6667	0.0721
ACTB	NDUFS1	3	0.2386	0.5910
CTNNA1	NDUFS1	3	0.0316	0.7372
KRT8	NDUFS1	3	0.5578	0.1904
LMNA	NDUFS1	3	0.1752	0.6242
MAPRE3	NDUFS1	3	0.0806	0.6894
ACTB	NDUFS2	3	0.0119	0.7820
KRT8	NDUFS2	3	0.8874	0.0097
LMNA	NDUFS2	3	0.0023	0.8260
KRT8	NDUFS3	3	1.0000	0.0000
ACTB	NDUFS7	3	0.3941	0.2882
KRT8	NDUFS7	3	0.4686	0.2228
LMNA	NDUFS7	3	0.3916	0.2914
MAPRE3	NDUFS7	3	0.0845	0.6859
ACTB	NDUFS8	3	0.0345	0.7331
KRT8	NDUFS8	3	0.0956	0.6772
LMNA	NDUFS8	3	0.0030	0.8212
CTNNA1	NDUFV1	3	0.0121	0.7811
KRT8	NDUFV1	3	0.2738	0.5732
LMNA	NDUFV1	3	0.0346	0.7330
ACTB	NDUFV2	3	0.0133	0.7767
CTNNA1	NDUFV2	3	0.0021	0.8274
KRT8	NDUFV2	3	0.9999	0.0000
LMNA	NDUFV2	3	0.0120	0.7815
MAPRE3	NDUFV2	3	0.0016	0.8315
ACTB	NEB	3	0.0079	0.7980
LMNA	NEB	3	0.2581	0.5801
MAPRE3	NEB	3	0.3333	0.4096
ACTB	NEBL	3	0.6667	0.0721
ACTB	NECAP1	3	0.0069	0.8021
KRT8	NECAP1	3	0.0225	0.7530
LMNA	NECAP1	3	0.0009	0.8382
MAPRE3	NECAP1	3	0.0013	0.8344
ACTB	NECAP2	3	0.4328	0.2460
CTNNA1	NECAP2	3	0.1562	0.6356
KRT8	NECAP2	3	0.4612	0.2281
LMNA	NECAP2	3	0.3827	0.3057
MAPRE3	NECAP2	3	0.3672	0.3291
MAPRE3	NECTIN1	3	0.3333	0.4096
ACTB	NECTIN2	3	0.0028	0.8224
CTNNA1	NECTIN2	3	0.0052	0.8103
MAPRE3	NECTIN2	3	0.0001	0.8514
ACTB	NEDD1	3	0.0254	0.7476
KRT8	NEDD1	3	0.0080	0.7976
MAPRE3	NEDD1	3	0.0140	0.7745
ACTB	NEDD4	3	0.0081	0.7973
KRT8	NEDD4	3	0.0250	0.7483
LMNA	NEDD4	3	0.0004	0.8448
MAPRE3	NEDD4	3	0.0006	0.8417
ACTB	NEDD4L	3	0.2968	0.5622
KRT8	NEDD4L	3	0.1834	0.6192
LMNA	NEDD4L	3	0.0115	0.7837
MAPRE3	NEDD4L	3	0.0069	0.8021
ACTB	NEDD8	3	0.2995	0.5605
CTNNA1	NEDD8	3	0.1103	0.6665
KRT8	NEDD8	3	0.3229	0.5491
LMNA	NEDD8	3	0.3366	0.3997
MAPRE3	NEDD8	3	0.2477	0.5857
ACTB	NEDD9	3	0.3333	0.4096
ACTB	NEFH	3	0.0243	0.7495
KRT8	NEFH	3	0.7415	0.0372
KRT8	NEFM	3	0.3333	0.4096
KRT8	NEIL3	3	0.0049	0.8116
LMNA	NEIL3	3	0.3691	0.3257
MAPRE3	NEIL3	3	0.0062	0.8053
ACTB	NEK1	3	0.0173	0.7650
CTNNA1	NEK1	3	0.0012	0.8352
KRT8	NEK1	3	0.0692	0.6980
LMNA	NEK1	3	0.0001	0.8514
MAPRE3	NEK1	3	0.0307	0.7384
KRT8	NEK2	3	0.5199	0.2036
MAPRE3	NEK2	3	0.0007	0.8404
ACTB	NEK4	3	0.0284	0.7420
CTNNA1	NEK4	3	0.0005	0.8431
KRT8	NEK4	3	0.4107	0.2665
MAPRE3	NEK4	3	0.0116	0.7833
ACTB	NEK6	3	0.0091	0.7930
KRT8	NEK6	3	0.3213	0.5498
LMNA	NEK6	3	0.6666	0.1624
MAPRE3	NEK6	3	0.0037	0.8175
ACTB	NEK7	3	0.2042	0.6075
CTNNA1	NEK7	3	0.0204	0.7574
KRT8	NEK7	3	0.3138	0.5534
LMNA	NEK7	3	0.1857	0.6179
MAPRE3	NEK7	3	0.0842	0.6861
ACTB	NEK9	3	0.3336	0.4084
CTNNA1	NEK9	3	0.1653	0.6301
KRT8	NEK9	3	0.3470	0.3686
LMNA	NEK9	3	0.1649	0.6305
MAPRE3	NEK9	3	0.2511	0.5841
ACTB	NELFA	3	0.0004	0.8448
KRT8	NELFA	3	0.0001	0.8514
LMNA	NELFA	3	0.0126	0.7792
MAPRE3	NELFA	3	0.0003	0.8465
ACTB	NELFB	3	0.0046	0.8132
KRT8	NELFB	3	0.0075	0.7995
LMNA	NELFB	3	0.0556	0.7104
MAPRE3	NELFB	3	0.0002	0.8487
ACTB	NELFCD	3	0.0039	0.8165
KRT8	NELFCD	3	0.0065	0.8039
LMNA	NELFCD	3	0.0106	0.7871
MAPRE3	NELFCD	3	0.0000	0.8553
ACTB	NELFE	3	0.0024	0.8252
KRT8	NELFE	3	0.0005	0.8431
LMNA	NELFE	3	0.0332	0.7348
MAPRE3	NELFE	3	0.0003	0.8465
ACTB	NEMF	3	0.1794	0.6215
CTNNA1	NEMF	3	0.0339	0.7338
KRT8	NEMF	3	0.3103	0.5550
LMNA	NEMF	3	0.3756	0.3143
MAPRE3	NEMF	3	0.1542	0.6366
ACTB	NEMP1	3	0.0544	0.7113
KRT8	NEMP1	3	0.1651	0.6304
LMNA	NEMP1	3	0.0046	0.8132
MAPRE3	NEO1	3	0.3333	0.4096
KRT8	NEPRO	3	0.0020	0.8282
ACTB	NES	3	0.0137	0.7754
CTNNA1	NES	3	0.0013	0.8344
KRT8	NES	3	0.4380	0.2436
LMNA	NES	3	0.0010	0.8371
MAPRE3	NES	3	0.0046	0.8132
ACTB	NET1	3	0.3333	0.4096
LMNA	NETO2	3	1.0000	0.0000
LMNA	NEU1	3	0.3333	0.4096
KRT8	NEURL1	3	0.3333	0.4096
LMNA	NEURL1	3	0.3333	0.4096
ACTB	NEURL4	3	0.3333	0.4096
KRT8	NEURL4	3	0.3333	0.4096
MAPRE3	NEURL4	3	0.3333	0.4096
MAPRE3	NEXMIF	3	0.3333	0.4096
ACTB	NEXN	3	0.3365	0.4000
CTNNA1	NEXN	3	0.1582	0.6343
KRT8	NEXN	3	0.2233	0.5976
LMNA	NEXN	3	0.0663	0.7006
MAPRE3	NEXN	3	0.1247	0.6557
ACTB	NF1	3	0.0110	0.7857
CTNNA1	NF1	3	0.0003	0.8465
KRT8	NF1	3	0.0201	0.7580
LMNA	NF1	3	0.0033	0.8195
MAPRE3	NF1	3	0.0030	0.8212
ACTB	NF2	3	0.2934	0.5640
CTNNA1	NF2	3	0.1980	0.6107
KRT8	NF2	3	0.2695	0.5749
LMNA	NF2	3	0.0770	0.6919
MAPRE3	NF2	3	0.1484	0.6401
ACTB	NFAT5	3	0.0012	0.8352
CTNNA1	NFAT5	3	0.0000	0.8553
KRT8	NFAT5	3	0.0019	0.8289
LMNA	NFAT5	3	0.0011	0.8360
MAPRE3	NFAT5	3	0.0000	0.8553
LMNA	NFATC2	3	0.0015	0.8325
LMNA	NFATC2IP	3	0.4511	0.2338
ACTB	NFATC3	3	0.3333	0.4096
KRT8	NFATC3	3	0.9999	0.0000
ACTB	NFATC4	3	0.0174	0.7647
KRT8	NFATC4	3	0.3305	0.5449
MAPRE3	NFATC4	3	0.0005	0.8431
LMNA	NFE2	3	0.6667	0.0721
LMNA	NFIA	3	0.1135	0.6641
KRT8	NFIB	3	0.0031	0.8206
LMNA	NFIB	3	0.2938	0.5638
ACTB	NFIC	3	0.0017	0.8305
CTNNA1	NFIC	3	0.0000	0.8553
KRT8	NFIC	3	0.0015	0.8325
LMNA	NFIC	3	0.0285	0.7418
MAPRE3	NFIC	3	0.0001	0.8514
KRT8	NFIL3	3	0.0002	0.8487
LMNA	NFIL3	3	0.1718	0.6262
ACTB	NFIX	3	0.0004	0.8448
KRT8	NFIX	3	0.0005	0.8431
LMNA	NFIX	3	0.0172	0.7653
ACTB	NFKB1	3	0.3492	0.3639
KRT8	NFKB1	3	0.3526	0.3568
MAPRE3	NFKB1	3	0.1593	0.6335
ACTB	NFKB2	3	0.0078	0.7983
CTNNA1	NFKB2	3	0.0001	0.8514
KRT8	NFKB2	3	0.0005	0.8431
MAPRE3	NFKB2	3	0.0002	0.8487
ACTB	NFKBIB	3	0.3333	0.4096
KRT8	NFKBIB	3	0.3333	0.4096
ACTB	NFKBIE	3	0.0026	0.8238
KRT8	NFKBIE	3	0.0047	0.8127
ACTB	NFRKB	3	0.0002	0.8487
KRT8	NFRKB	3	0.0001	0.8514
LMNA	NFRKB	3	0.0017	0.8305
MAPRE3	NFRKB	3	0.0002	0.8487
CTNNA1	NFS1	3	0.0025	0.8246
KRT8	NFS1	3	0.3741	0.3176
LMNA	NFS1	3	0.0447	0.7206
ACTB	NFU1	3	0.0198	0.7587
CTNNA1	NFU1	3	0.0130	0.7779
KRT8	NFU1	3	0.0442	0.7214
LMNA	NFU1	3	0.0127	0.7790
ACTB	NFX1	3	0.0657	0.7011
KRT8	NFX1	3	0.0964	0.6766
MAPRE3	NFX1	3	0.4401	0.2428
LMNA	NFXL1	3	0.0041	0.8156
ACTB	NGEF	3	0.4292	0.2479
KRT8	NGEF	3	0.7874	0.0256
MAPRE3	NGEF	3	0.0005	0.8431
LMNA	NHEJ1	3	0.3333	0.4096
ACTB	NHERF1	3	0.3476	0.3665
CTNNA1	NHERF1	3	0.1082	0.6678
KRT8	NHERF1	3	0.3252	0.5478
LMNA	NHERF1	3	0.1565	0.6353
MAPRE3	NHERF1	3	0.2195	0.5993
ACTB	NHERF2	3	0.2151	0.6018
CTNNA1	NHERF2	3	0.1563	0.6354
KRT8	NHERF2	3	0.5555	0.1911
LMNA	NHERF2	3	0.2742	0.5729
MAPRE3	NHERF2	3	0.1649	0.6305
ACTB	NHLRC2	3	0.1012	0.6729
CTNNA1	NHLRC2	3	0.0144	0.7732
KRT8	NHLRC2	3	0.1225	0.6575
LMNA	NHLRC2	3	0.0169	0.7661
MAPRE3	NHLRC2	3	0.0117	0.7830
ACTB	NHP2	3	0.0172	0.7653
CTNNA1	NHP2	3	0.0073	0.8005
KRT8	NHP2	3	0.0447	0.7206
LMNA	NHP2	3	0.0768	0.6920
MAPRE3	NHP2	3	0.0062	0.8053
ACTB	NHS	3	0.0452	0.7202
CTNNA1	NHS	3	0.0917	0.6802
KRT8	NHS	3	0.0145	0.7729
LMNA	NHS	3	0.0000	0.8553
MAPRE3	NHS	3	0.0061	0.8057
ACTB	NHSL1	3	0.0419	0.7238
CTNNA1	NHSL1	3	0.0018	0.8297
KRT8	NHSL1	3	0.3557	0.3510
MAPRE3	NHSL1	3	0.0001	0.8514
ACTB	NIBAN1	3	0.1524	0.6378
KRT8	NIBAN1	3	0.0518	0.7135
ACTB	NIBAN2	3	0.3792	0.3100
CTNNA1	NIBAN2	3	0.2929	0.5642
KRT8	NIBAN2	3	0.3303	0.5451
LMNA	NIBAN2	3	0.1730	0.6257
MAPRE3	NIBAN2	3	0.2456	0.5871
ACTB	NIF3L1	3	0.0128	0.7786
CTNNA1	NIF3L1	3	0.0000	0.8553
KRT8	NIF3L1	3	0.0294	0.7404
LMNA	NIF3L1	3	0.0005	0.8431
MAPRE3	NIF3L1	3	0.0004	0.8448
ACTB	NIFK	3	0.0519	0.7135
CTNNA1	NIFK	3	0.0188	0.7610
KRT8	NIFK	3	0.1378	0.6466
LMNA	NIFK	3	0.0872	0.6837
ACTB	NIN	3	0.3343	0.4060
KRT8	NIN	3	1.0000	0.0000
MAPRE3	NIN	3	0.0273	0.7439
ACTB	NINJ1	3	0.3333	0.4096
ACTB	NIP7	3	0.1371	0.6471
CTNNA1	NIP7	3	0.0084	0.7959
KRT8	NIP7	3	0.1705	0.6270
LMNA	NIP7	3	0.0998	0.6739
MAPRE3	NIP7	3	0.0146	0.7726
ACTB	NIPBL	3	0.1247	0.6557
CTNNA1	NIPBL	3	0.0130	0.7779
KRT8	NIPBL	3	0.1575	0.6347
LMNA	NIPBL	3	0.2142	0.6025
MAPRE3	NIPBL	3	0.0758	0.6928
KRT8	NIPSNAP1	3	1.0000	0.0000
LMNA	NIPSNAP1	3	0.3333	0.4096
ACTB	NISCH	3	0.1256	0.6549
CTNNA1	NISCH	3	0.0058	0.8072
KRT8	NISCH	3	0.2588	0.5798
LMNA	NISCH	3	0.0043	0.8145
ACTB	NIT1	3	0.0107	0.7868
KRT8	NIT1	3	0.0042	0.8151
LMNA	NIT1	3	0.0074	0.8000
ACTB	NIT2	3	0.3287	0.5461
KRT8	NIT2	3	0.0080	0.7976
ACTB	NKD2	3	0.3333	0.4096
CTNNA1	NKIRAS2	3	0.0016	0.8315
KRT8	NKIRAS2	3	0.0084	0.7959
MAPRE3	NKIRAS2	3	0.2254	0.5968
ACTB	NKRF	3	0.2249	0.5970
CTNNA1	NKRF	3	0.0671	0.6998
KRT8	NKRF	3	0.3140	0.5532
LMNA	NKRF	3	0.2289	0.5950
MAPRE3	NKRF	3	0.1706	0.6269
KRT8	NKTR	3	0.0257	0.7470
LMNA	NKTR	3	0.4064	0.2728
MAPRE3	NKTR	3	0.0021	0.8274
CTNNA1	NKX2-6	3	0.3333	0.4096
LMNA	NKX2-6	3	0.3333	0.4096
KRT8	NKX3-2	3	0.3333	0.4096
ACTB	NLE1	3	0.0666	0.7003
CTNNA1	NLE1	3	0.0254	0.7476
KRT8	NLE1	3	0.1113	0.6657
LMNA	NLE1	3	0.0352	0.7322
MAPRE3	NLE1	3	0.0224	0.7534
ACTB	NLN	3	0.6436	0.1713
CTNNA1	NLN	3	0.0021	0.8274
KRT8	NLN	3	0.9893	0.0006
MAPRE3	NLRC4	3	0.3333	0.4096
ACTB	NLRC5	3	0.0047	0.8127
KRT8	NLRC5	3	0.0080	0.7976
LMNA	NLRP1	3	0.3333	0.4096
MAPRE3	NLRP1	3	0.0047	0.8127
KRT8	NLRP2;NLRP7	3	0.3333	0.4096
KRT8	NLRP5	3	0.0141	0.7742
KRT8	NLRX1	3	0.6667	0.0721
ACTB	NMD3	3	0.0281	0.7426
KRT8	NMD3	3	0.0988	0.6745
ACTB	NME1	3	0.0228	0.7526
CTNNA1	NME1	3	0.0097	0.7904
KRT8	NME1	3	0.0516	0.7139
LMNA	NME1	3	0.0105	0.7876
MAPRE3	NME1	3	0.0039	0.8165
ACTB	NME3	3	0.6514	0.1678
CTNNA1	NME3	3	0.0572	0.7088
KRT8	NME3	3	0.0776	0.6913
LMNA	NME3	3	0.0151	0.7711
MAPRE3	NME3	3	0.0039	0.8165
LMNA	NME8	3	0.3333	0.4096
ACTB	NMT1	3	0.0137	0.7754
CTNNA1	NMT1	3	0.0004	0.8448
KRT8	NMT1	3	0.0151	0.7711
LMNA	NMT1	3	0.0001	0.8514
MAPRE3	NMT1	3	0.0027	0.8233
ACTB	NMT2	3	0.0027	0.8233
KRT8	NMT2	3	0.3276	0.5466
ACTB	NNMT	3	0.0197	0.7589
KRT8	NNMT	3	0.0350	0.7325
LMNA	NNMT	3	0.0115	0.7837
MAPRE3	NNMT	3	0.0002	0.8487
ACTB	NNT	3	0.0838	0.6866
CTNNA1	NNT	3	0.0272	0.7441
KRT8	NNT	3	0.3620	0.3398
LMNA	NNT	3	0.3636	0.3362
MAPRE3	NNT	3	0.1168	0.6617
KRT8	NOA1	3	1.0000	0.0000
ACTB	NOB1	3	0.5147	0.2066
CTNNA1	NOB1	3	0.0352	0.7322
KRT8	NOB1	3	0.2260	0.5965
LMNA	NOB1	3	0.0500	0.7154
MAPRE3	NOB1	3	0.2680	0.5756
ACTB	NOC2L	3	0.0157	0.7695
CTNNA1	NOC2L	3	0.0001	0.8514
KRT8	NOC2L	3	0.0437	0.7219
LMNA	NOC2L	3	0.0053	0.8097
MAPRE3	NOC2L	3	0.0010	0.8371
ACTB	NOC3L	3	0.0002	0.8487
KRT8	NOC3L	3	0.0010	0.8371
LMNA	NOC3L	3	0.0007	0.8404
MAPRE3	NOC3L	3	0.0000	0.8553
ACTB	NOC4L	3	0.0380	0.7283
CTNNA1	NOC4L	3	0.0594	0.7068
KRT8	NOC4L	3	0.3815	0.3072
LMNA	NOC4L	3	0.1040	0.6704
MAPRE3	NOC4L	3	0.0092	0.7925
ACTB	NOL10	3	0.1331	0.6499
CTNNA1	NOL10	3	0.0138	0.7750
KRT8	NOL10	3	0.1864	0.6172
LMNA	NOL10	3	0.2042	0.6075
MAPRE3	NOL10	3	0.0354	0.7319
ACTB	NOL11	3	0.0028	0.8224
CTNNA1	NOL11	3	0.0002	0.8487
KRT8	NOL11	3	0.1852	0.6182
LMNA	NOL11	3	0.0121	0.7811
MAPRE3	NOL11	3	0.0012	0.8352
ACTB	NOL6	3	0.0038	0.8170
CTNNA1	NOL6	3	0.0000	0.8553
KRT8	NOL6	3	0.0046	0.8132
LMNA	NOL6	3	0.0120	0.7815
MAPRE3	NOL6	3	0.0010	0.8371
ACTB	NOL8	3	0.0003	0.8465
KRT8	NOL8	3	0.0004	0.8448
LMNA	NOL8	3	0.0005	0.8431
MAPRE3	NOL8	3	0.0001	0.8514
ACTB	NOL9	3	0.0011	0.8360
KRT8	NOL9	3	0.0032	0.8201
LMNA	NOL9	3	0.0008	0.8393
MAPRE3	NOL9	3	0.0000	0.8553
ACTB	NOLC1	3	0.0000	0.8553
KRT8	NOLC1	3	0.0000	0.8553
LMNA	NOLC1	3	0.0003	0.8465
MAPRE3	NOLC1	3	0.0001	0.8514
ACTB	NOM1	3	0.3321	0.5441
ACTB	NONO	3	0.1746	0.6246
CTNNA1	NONO	3	0.0443	0.7212
KRT8	NONO	3	0.2049	0.6071
LMNA	NONO	3	0.3305	0.5449
MAPRE3	NONO	3	0.1403	0.6452
ACTB	NOP14	3	0.0003	0.8465
CTNNA1	NOP14	3	0.0000	0.8553
KRT8	NOP14	3	0.0001	0.8514
LMNA	NOP14	3	0.0089	0.7939
MAPRE3	NOP14	3	0.0004	0.8448
KRT8	NOP16	3	0.0058	0.8072
LMNA	NOP16	3	0.0187	0.7613
MAPRE3	NOP16	3	0.0000	0.8553
ACTB	NOP2	3	0.2425	0.5889
CTNNA1	NOP2	3	0.0519	0.7135
KRT8	NOP2	3	0.2994	0.5606
LMNA	NOP2	3	0.2692	0.5751
MAPRE3	NOP2	3	0.1772	0.6229
ACTB	NOP53	3	0.0001	0.8514
ACTB	NOP56	3	0.1332	0.6498
CTNNA1	NOP56	3	0.0181	0.7628
KRT8	NOP56	3	0.0991	0.6742
LMNA	NOP56	3	0.2154	0.6017
MAPRE3	NOP56	3	0.0526	0.7127
ACTB	NOP58	3	0.0369	0.7299
CTNNA1	NOP58	3	0.0076	0.7991
KRT8	NOP58	3	0.0691	0.6982
LMNA	NOP58	3	0.0803	0.6897
MAPRE3	NOP58	3	0.0073	0.8005
ACTB	NOP9	3	0.0037	0.8175
CTNNA1	NOP9	3	0.0001	0.8514
KRT8	NOP9	3	0.0155	0.7700
LMNA	NOP9	3	0.0110	0.7857
KRT8	NOPCHAP1	3	0.3333	0.4096
ACTB	NOS1AP	3	0.0000	0.8553
ACTB	NOSIP	3	0.1773	0.6228
CTNNA1	NOSIP	3	0.0617	0.7052
KRT8	NOSIP	3	0.1653	0.6301
LMNA	NOSIP	3	0.3400	0.3876
MAPRE3	NOSIP	3	0.1126	0.6647
MAPRE3	NOTCH1	3	0.3333	0.4096
ACTB	NOTCH2	3	0.3634	0.3369
CTNNA1	NOTCH2	3	0.2991	0.5608
KRT8	NOTCH2	3	0.3591	0.3458
LMNA	NOTCH2	3	0.2659	0.5764
MAPRE3	NOTCH2	3	0.1946	0.6124
KRT8	NOTCH3	3	0.6667	0.0721
ACTB	NOTCH4	3	0.3333	0.4096
LMNA	NOTCH4	3	0.3333	0.4096
LMNA	NOX1	3	0.3333	0.4096
MAPRE3	NOXRED1	3	0.0002	0.8487
KRT8	NPAS2	3	0.6667	0.0721
MAPRE3	NPAS2	3	0.3333	0.4096
ACTB	NPAS3	3	0.6667	0.0721
LMNA	NPAT	3	0.4514	0.2333
KRT8	NPC1	3	0.0037	0.8175
LMNA	NPC1	3	0.0033	0.8195
MAPRE3	NPC1	3	0.0003	0.8465
ACTB	NPEPPS	3	0.1306	0.6519
CTNNA1	NPEPPS	3	0.0230	0.7521
KRT8	NPEPPS	3	0.2221	0.5982
LMNA	NPEPPS	3	0.0612	0.7056
MAPRE3	NPEPPS	3	0.0390	0.7268
KRT8	NPHP3	3	0.0684	0.6986
ACTB	NPHP4	3	0.0134	0.7764
CTNNA1	NPHP4	3	0.0004	0.8448
KRT8	NPHP4	3	0.1260	0.6546
MAPRE3	NPHP4	3	0.0108	0.7866
ACTB	NPHS1	3	0.3333	0.4096
ACTB	NPLOC4	3	0.0582	0.7080
CTNNA1	NPLOC4	3	0.0072	0.8009
KRT8	NPLOC4	3	0.2439	0.5881
LMNA	NPLOC4	3	0.3670	0.3295
MAPRE3	NPLOC4	3	0.0082	0.7969
ACTB	NPM1	3	0.1331	0.6499
CTNNA1	NPM1	3	0.0146	0.7726
KRT8	NPM1	3	0.1522	0.6379
LMNA	NPM1	3	0.1547	0.6362
MAPRE3	NPM1	3	0.0860	0.6848
ACTB	NPM3	3	0.3333	0.4096
ACTB	NPR1	3	0.0311	0.7378
ACTB	NPRL3	3	0.0116	0.7833
KRT8	NPRL3	3	0.0622	0.7046
MAPRE3	NPRL3	3	0.0000	0.8553
LMNA	NPTN	3	1.0000	0.0000
ACTB	NQO1	3	0.0057	0.8078
CTNNA1	NQO1	3	0.0001	0.8514
KRT8	NQO1	3	0.0178	0.7637
LMNA	NQO1	3	0.0017	0.8305
MAPRE3	NQO1	3	0.0005	0.8431
MAPRE3	NR0B1	3	0.3333	0.4096
ACTB	NR0B2	3	0.3333	0.4096
LMNA	NR2C1	3	0.4050	0.2742
LMNA	NR2C2	3	0.2016	0.6087
ACTB	NR2F2	3	0.0028	0.8224
KRT8	NR2F2	3	0.0095	0.7913
LMNA	NR2F2	3	0.0016	0.8315
ACTB	NR3C1	3	0.2860	0.5674
CTNNA1	NR3C1	3	0.0440	0.7216
KRT8	NR3C1	3	0.2942	0.5636
LMNA	NR3C1	3	0.2487	0.5852
MAPRE3	NR3C1	3	0.1461	0.6416
CTNNA1	NR3C2	3	0.3333	0.4096
LMNA	NR3C2	3	0.6667	0.0721
ACTB	NR4A1	3	0.0003	0.8465
LMNA	NR4A1	3	0.1791	0.6217
LMNA	NR4A3	3	0.0018	0.8297
KRT8	NRBF2	3	0.0131	0.7774
ACTB	NRBP1	3	0.0557	0.7103
CTNNA1	NRBP1	3	0.0003	0.8465
KRT8	NRBP1	3	0.0851	0.6854
MAPRE3	NRBP1	3	0.0011	0.8360
ACTB	NRBP2	3	0.0013	0.8344
KRT8	NRBP2	3	0.3585	0.3465
ACTB	NRCAM	3	0.6667	0.0721
ACTB	NRDC	3	0.0323	0.7361
CTNNA1	NRDC	3	0.0105	0.7876
KRT8	NRDC	3	0.0871	0.6838
LMNA	NRDC	3	0.0273	0.7439
MAPRE3	NRDC	3	0.0050	0.8113
KRT8	NRDE2	3	0.0003	0.8465
LMNA	NRDE2	3	0.0266	0.7452
KRT8	NREP	3	0.3333	0.4096
KRT8	NRIP1	3	0.0011	0.8360
LMNA	NRIP1	3	0.1428	0.6438
MAPRE3	NRIP1	3	0.0045	0.8137
MAPRE3	NRIP3	3	0.3333	0.4096
CTNNA1	NRK	3	0.3333	0.4096
ACTB	NRP1	3	0.3333	0.4096
KRT8	NRP1	3	0.3333	0.4096
KRT8	NRXN2	3	0.2763	0.5720
ACTB	NSA2	3	0.0979	0.6752
CTNNA1	NSA2	3	0.0077	0.7987
KRT8	NSA2	3	0.2568	0.5811
LMNA	NSA2	3	0.1147	0.6634
ACTB	NSD1	3	0.0001	0.8514
CTNNA1	NSD1	3	0.0000	0.8553
KRT8	NSD1	3	0.0000	0.8553
LMNA	NSD1	3	0.0067	0.8030
MAPRE3	NSD1	3	0.0001	0.8514
ACTB	NSD2	3	0.0018	0.8297
LMNA	NSD2	3	0.0995	0.6741
MAPRE3	NSD2	3	0.0014	0.8335
LMNA	NSD3	3	0.3702	0.3251
ACTB	NSDHL	3	0.0010	0.8371
KRT8	NSDHL	3	0.0149	0.7719
LMNA	NSDHL	3	0.2878	0.5665
ACTB	NSF	3	0.0514	0.7140
CTNNA1	NSF	3	0.0000	0.8553
KRT8	NSF	3	0.1113	0.6657
LMNA	NSF	3	0.0051	0.8108
MAPRE3	NSF	3	0.0068	0.8026
ACTB	NSFL1C	3	0.0067	0.8030
KRT8	NSFL1C	3	0.0057	0.8078
LMNA	NSFL1C	3	0.0013	0.8344
ACTB	NSG1	3	0.3333	0.4096
ACTB	NSL1	3	0.0028	0.8224
KRT8	NSL1	3	0.3340	0.4071
LMNA	NSL1	3	0.0042	0.8151
MAPRE3	NSL1	3	0.0001	0.8514
ACTB	NSMCE2	3	0.0059	0.8068
CTNNA1	NSMCE2	3	0.0001	0.8514
KRT8	NSMCE2	3	0.0158	0.7691
LMNA	NSMCE2	3	0.0064	0.8044
MAPRE3	NSMCE2	3	0.0010	0.8371
LMNA	NSMCE4A	3	0.6667	0.0721
CTNNA1	NSMF	3	0.3333	0.4096
KRT8	NSMF	3	0.3333	0.4096
LMNA	NSMF	3	0.6667	0.0721
KRT8	NSRP1	3	0.0005	0.8431
LMNA	NSRP1	3	0.0937	0.6789
MAPRE3	NSRP1	3	0.0005	0.8431
ACTB	NSUN2	3	0.0768	0.6920
CTNNA1	NSUN2	3	0.0764	0.6923
KRT8	NSUN2	3	0.1195	0.6594
LMNA	NSUN2	3	0.0895	0.6822
MAPRE3	NSUN2	3	0.0192	0.7600
ACTB	NSUN3	3	0.0124	0.7799
KRT8	NSUN3	3	0.4373	0.2438
LMNA	NSUN3	3	0.0001	0.8514
MAPRE3	NSUN3	3	0.0039	0.8165
KRT8	NSUN4	3	0.3333	0.4096
ACTB	NSUN5	3	0.0220	0.7542
KRT8	NSUN5	3	0.0251	0.7482
LMNA	NSUN5	3	0.0313	0.7377
MAPRE3	NSUN5	3	0.0009	0.8382
ACTB	NT5C2	3	0.0939	0.6785
CTNNA1	NT5C2	3	0.0002	0.8487
KRT8	NT5C2	3	0.0290	0.7410
LMNA	NT5C2	3	0.0129	0.7782
MAPRE3	NT5C2	3	0.0049	0.8116
LMNA	NT5C3A	3	0.0005	0.8431
KRT8	NT5C3B	3	0.3333	0.4096
ACTB	NT5DC1	3	0.1908	0.6146
CTNNA1	NT5DC1	3	0.0207	0.7568
KRT8	NT5DC1	3	0.0876	0.6835
LMNA	NT5DC1	3	0.0254	0.7476
MAPRE3	NT5DC1	3	0.0123	0.7804
ACTB	NT5DC2	3	0.0629	0.7039
CTNNA1	NT5DC2	3	0.0916	0.6804
KRT8	NT5DC2	3	0.1808	0.6206
LMNA	NT5DC2	3	0.1802	0.6210
MAPRE3	NT5DC2	3	0.0257	0.7470
LMNA	NTHL1	3	0.0086	0.7950
ACTB	NTPCR	3	0.2391	0.5907
CTNNA1	NTPCR	3	0.0575	0.7085
KRT8	NTPCR	3	0.3075	0.5563
LMNA	NTPCR	3	0.1989	0.6100
MAPRE3	NTPCR	3	0.0374	0.7291
KRT8	NTRK3	3	0.3333	0.4096
ACTB	NUB1	3	0.0057	0.8078
KRT8	NUB1	3	0.0176	0.7642
LMNA	NUB1	3	0.0046	0.8132
MAPRE3	NUB1	3	0.0002	0.8487
ACTB	NUBP2	3	0.0169	0.7661
CTNNA1	NUBP2	3	0.0179	0.7634
KRT8	NUBP2	3	0.5247	0.2015
LMNA	NUBP2	3	0.1259	0.6547
MAPRE3	NUBP2	3	0.1475	0.6407
ACTB	NUCB1	3	0.3333	0.4096
ACTB	NUCB2	3	0.3333	0.4096
ACTB	NUDC	3	0.2832	0.5687
CTNNA1	NUDC	3	0.0361	0.7310
KRT8	NUDC	3	0.2805	0.5702
LMNA	NUDC	3	0.1144	0.6636
MAPRE3	NUDC	3	0.0787	0.6908
ACTB	NUDCD1	3	0.0981	0.6750
CTNNA1	NUDCD1	3	0.0783	0.6910
KRT8	NUDCD1	3	0.1539	0.6367
LMNA	NUDCD1	3	0.1748	0.6245
MAPRE3	NUDCD1	3	0.0104	0.7880
ACTB	NUDCD2	3	0.0143	0.7735
KRT8	NUDCD2	3	0.0256	0.7472
LMNA	NUDCD2	3	0.0136	0.7758
MAPRE3	NUDCD2	3	0.0000	0.8553
ACTB	NUDCD3	3	0.0281	0.7426
KRT8	NUDCD3	3	0.3505	0.3611
LMNA	NUDCD3	3	0.0356	0.7316
MAPRE3	NUDCD3	3	0.0007	0.8404
ACTB	NUDT12	3	0.0027	0.8233
KRT8	NUDT12	3	0.0062	0.8053
MAPRE3	NUDT12	3	0.0011	0.8360
CTNNA1	NUDT15	3	0.1123	0.6650
ACTB	NUDT16L1	3	0.0842	0.6861
CTNNA1	NUDT16L1	3	0.0072	0.8009
KRT8	NUDT16L1	3	0.1405	0.6450
LMNA	NUDT16L1	3	0.0905	0.6814
MAPRE3	NUDT16L1	3	0.0114	0.7842
ACTB	NUDT2	3	0.3333	0.4096
ACTB	NUDT21	3	0.0008	0.8393
CTNNA1	NUDT21	3	0.0000	0.8553
KRT8	NUDT21	3	0.0003	0.8465
LMNA	NUDT21	3	0.0022	0.8268
MAPRE3	NUDT21	3	0.0000	0.8553
ACTB	NUDT5	3	0.2652	0.5769
CTNNA1	NUDT5	3	0.0521	0.7132
KRT8	NUDT5	3	0.2931	0.5641
LMNA	NUDT5	3	0.2362	0.5920
MAPRE3	NUDT5	3	0.1591	0.6338
ACTB	NUDT9	3	0.0203	0.7576
CTNNA1	NUDT9	3	0.0017	0.8305
KRT8	NUDT9	3	0.0104	0.7880
LMNA	NUDT9	3	0.0056	0.8082
MAPRE3	NUDT9	3	0.0061	0.8057
ACTB	NUF2	3	0.0153	0.7706
KRT8	NUF2	3	0.9889	0.0006
MAPRE3	NUF2	3	0.0067	0.8030
LMNA	NUFIP1	3	0.1658	0.6297
ACTB	NUFIP2	3	0.2633	0.5778
CTNNA1	NUFIP2	3	0.1115	0.6656
KRT8	NUFIP2	3	0.2508	0.5842
LMNA	NUFIP2	3	0.0382	0.7279
MAPRE3	NUFIP2	3	0.2575	0.5805
ACTB	NUMA1	3	0.2152	0.6018
CTNNA1	NUMA1	3	0.0326	0.7357
KRT8	NUMA1	3	0.2113	0.6039
LMNA	NUMA1	3	0.2787	0.5710
MAPRE3	NUMA1	3	0.1457	0.6418
ACTB	NUMB	3	0.3001	0.5601
CTNNA1	NUMB	3	0.0921	0.6798
KRT8	NUMB	3	0.1937	0.6129
LMNA	NUMB	3	0.0366	0.7303
MAPRE3	NUMB	3	0.0794	0.6903
ACTB	NUMBL	3	0.0083	0.7964
CTNNA1	NUMBL	3	0.0000	0.8553
KRT8	NUMBL	3	0.0062	0.8053
MAPRE3	NUMBL	3	0.0003	0.8465
ACTB	NUP107	3	0.3037	0.5583
CTNNA1	NUP107	3	0.1283	0.6533
KRT8	NUP107	3	0.3689	0.3259
LMNA	NUP107	3	0.4627	0.2269
MAPRE3	NUP107	3	0.2055	0.6068
ACTB	NUP133	3	0.0134	0.7764
CTNNA1	NUP133	3	0.0012	0.8352
KRT8	NUP133	3	0.1344	0.6488
LMNA	NUP133	3	0.9466	0.0037
MAPRE3	NUP133	3	0.0060	0.8062
ACTB	NUP153	3	0.1548	0.6362
CTNNA1	NUP153	3	0.0869	0.6840
KRT8	NUP153	3	0.1558	0.6358
LMNA	NUP153	3	0.3890	0.2962
MAPRE3	NUP153	3	0.1314	0.6514
ACTB	NUP155	3	0.1823	0.6199
CTNNA1	NUP155	3	0.0657	0.7011
KRT8	NUP155	3	0.2647	0.5772
LMNA	NUP155	3	0.4094	0.2693
MAPRE3	NUP155	3	0.0977	0.6754
ACTB	NUP160	3	0.2592	0.5796
CTNNA1	NUP160	3	0.1101	0.6667
KRT8	NUP160	3	0.4343	0.2457
LMNA	NUP160	3	0.3116	0.5544
MAPRE3	NUP160	3	0.1759	0.6238
ACTB	NUP188	3	0.2307	0.5943
CTNNA1	NUP188	3	0.0858	0.6850
KRT8	NUP188	3	0.4710	0.2214
LMNA	NUP188	3	0.2517	0.5837
MAPRE3	NUP188	3	0.1567	0.6352
ACTB	NUP205	3	0.3938	0.2893
CTNNA1	NUP205	3	0.1582	0.6343
KRT8	NUP205	3	0.4887	0.2142
LMNA	NUP205	3	0.4133	0.2632
MAPRE3	NUP205	3	0.3073	0.5565
ACTB	NUP210	3	0.0311	0.7378
KRT8	NUP210	3	0.0469	0.7184
LMNA	NUP210	3	0.1893	0.6156
MAPRE3	NUP210	3	0.0005	0.8431
ACTB	NUP214	3	0.3321	0.5441
CTNNA1	NUP214	3	0.1616	0.6325
KRT8	NUP214	3	0.3687	0.3263
LMNA	NUP214	3	0.2224	0.5981
MAPRE3	NUP214	3	0.2708	0.5743
ACTB	NUP35	3	0.0007	0.8404
KRT8	NUP35	3	0.0010	0.8371
LMNA	NUP35	3	0.3107	0.5549
LMNA	NUP37	3	0.3333	0.4096
MAPRE3	NUP37	3	0.3333	0.4096
ACTB	NUP42	3	0.0006	0.8417
CTNNA1	NUP42	3	0.0000	0.8553
KRT8	NUP42	3	0.0029	0.8218
MAPRE3	NUP42	3	0.0000	0.8553
ACTB	NUP43	3	0.1597	0.6334
CTNNA1	NUP43	3	0.0717	0.6958
KRT8	NUP43	3	0.4049	0.2747
LMNA	NUP43	3	0.4920	0.2136
MAPRE3	NUP43	3	0.0318	0.7369
ACTB	NUP50	3	0.1352	0.6483
CTNNA1	NUP50	3	0.0703	0.6969
KRT8	NUP50	3	0.1198	0.6593
LMNA	NUP50	3	0.4118	0.2650
MAPRE3	NUP50	3	0.1057	0.6694
ACTB	NUP54	3	0.0063	0.8048
KRT8	NUP54	3	0.5845	0.1849
LMNA	NUP54	3	0.0026	0.8238
MAPRE3	NUP54	3	0.0005	0.8431
ACTB	NUP58	3	0.0031	0.8206
KRT8	NUP58	3	0.0140	0.7745
LMNA	NUP58	3	0.0097	0.7904
MAPRE3	NUP58	3	0.0000	0.8553
ACTB	NUP62	3	0.2449	0.5877
CTNNA1	NUP62	3	0.0560	0.7101
KRT8	NUP62	3	0.2917	0.5647
LMNA	NUP62	3	0.1743	0.6249
MAPRE3	NUP62	3	0.0865	0.6843
ACTB	NUP85	3	0.2037	0.6077
CTNNA1	NUP85	3	0.0922	0.6797
KRT8	NUP85	3	0.3622	0.3396
LMNA	NUP85	3	0.3491	0.3645
MAPRE3	NUP85	3	0.1003	0.6735
ACTB	NUP88	3	0.0293	0.7406
CTNNA1	NUP88	3	0.0005	0.8431
KRT8	NUP88	3	0.4986	0.2109
LMNA	NUP88	3	0.0016	0.8315
MAPRE3	NUP88	3	0.0026	0.8238
ACTB	NUP93	3	0.2203	0.5990
CTNNA1	NUP93	3	0.0940	0.6785
KRT8	NUP93	3	0.4528	0.2330
LMNA	NUP93	3	0.2669	0.5762
MAPRE3	NUP93	3	0.1611	0.6326
ACTB	NUP98	3	0.2270	0.5961
CTNNA1	NUP98	3	0.0899	0.6819
KRT8	NUP98	3	0.2652	0.5769
LMNA	NUP98	3	0.3636	0.3362
MAPRE3	NUP98	3	0.1578	0.6346
LMNA	NUS1	3	0.3333	0.4096
ACTB	NUSAP1	3	0.0053	0.8097
KRT8	NUSAP1	3	0.0042	0.8151
LMNA	NUSAP1	3	0.0083	0.7964
MAPRE3	NUSAP1	3	0.0322	0.7363
LMNA	NUTM2F;NUTM2G	3	0.3333	0.4096
ACTB	NVL	3	0.0021	0.8274
CTNNA1	NVL	3	0.0000	0.8553
KRT8	NVL	3	0.0009	0.8382
LMNA	NVL	3	0.0232	0.7518
MAPRE3	NVL	3	0.0002	0.8487
ACTB	NXF1	3	0.2773	0.5715
CTNNA1	NXF1	3	0.0692	0.6980
KRT8	NXF1	3	0.2899	0.5659
LMNA	NXF1	3	0.3149	0.5528
MAPRE3	NXF1	3	0.1979	0.6107
KRT8	NXF2	3	0.3333	0.4096
ACTB	NYAP2	3	0.5431	0.1963
KRT8	NYAP2	3	0.0379	0.7283
LMNA	NYAP2	3	0.0090	0.7935
MAPRE3	NYAP2	3	0.2419	0.5894
KRT8	NYNRIN	3	0.6667	0.0721
ACTB	OAS3	3	0.0109	0.7861
KRT8	OAS3	3	0.0063	0.8048
LMNA	OAS3	3	0.0015	0.8325
MAPRE3	OAS3	3	0.0000	0.8553
ACTB	OAT	3	0.1023	0.6717
CTNNA1	OAT	3	0.0417	0.7240
KRT8	OAT	3	0.0377	0.7286
LMNA	OAT	3	0.2631	0.5778
MAPRE3	OAT	3	0.1032	0.6710
ACTB	OBI1	3	0.0025	0.8246
KRT8	OBI1	3	0.0214	0.7555
LMNA	OBI1	3	0.2044	0.6074
MAPRE3	OBI1	3	0.0001	0.8514
LMNA	OBSCN	3	0.0035	0.8185
ACTB	OBSL1	3	0.0086	0.7950
KRT8	OBSL1	3	0.1179	0.6606
LMNA	OBSL1	3	0.0078	0.7983
MAPRE3	OBSL1	3	0.0003	0.8465
ACTB	OCIAD1	3	0.0058	0.8072
MAPRE3	OCIAD1	3	0.0001	0.8514
ACTB	OCIAD2	3	0.0184	0.7619
ACTB	OCRL	3	0.3341	0.4067
CTNNA1	OCRL	3	0.1756	0.6239
KRT8	OCRL	3	0.3788	0.3107
LMNA	OCRL	3	0.1572	0.6349
MAPRE3	OCRL	3	0.2693	0.5750
KRT8	ODAD2	3	1.0000	0.0000
KRT8	ODAD3	3	0.3333	0.4096
ACTB	ODAD4	3	0.3333	0.4096
KRT8	ODAD4	3	0.6667	0.0721
MAPRE3	ODAD4	3	0.3333	0.4096
ACTB	ODC1	3	0.3333	0.4096
KRT8	ODC1	3	0.3333	0.4096
ACTB	ODF2	3	0.0065	0.8039
KRT8	ODF2	3	0.3260	0.5475
LMNA	ODF2	3	0.0088	0.7944
MAPRE3	ODF2	3	0.0147	0.7724
ACTB	ODF2L	3	0.1191	0.6596
CTNNA1	ODF2L	3	0.0120	0.7815
KRT8	ODF2L	3	0.3988	0.2827
LMNA	ODF2L	3	0.0049	0.8116
MAPRE3	ODF2L	3	0.0517	0.7138
ACTB	ODR4	3	0.0676	0.6994
CTNNA1	ODR4	3	0.0030	0.8212
KRT8	ODR4	3	0.6483	0.1692
LMNA	ODR4	3	0.1884	0.6160
ACTB	OFD1	3	0.0219	0.7543
CTNNA1	OFD1	3	0.0007	0.8404
KRT8	OFD1	3	0.1695	0.6275
MAPRE3	OFD1	3	0.0133	0.7767
ACTB	OGA	3	0.0023	0.8260
CTNNA1	OGA	3	0.0002	0.8487
KRT8	OGA	3	0.0598	0.7065
LMNA	OGA	3	0.0019	0.8289
MAPRE3	OGA	3	0.0015	0.8325
ACTB	OGDH	3	0.3333	0.4096
KRT8	OGDH	3	0.6667	0.0721
LMNA	OGDH	3	0.6667	0.0721
LMNA	OGFOD1	3	0.0877	0.6834
ACTB	OGFR	3	0.0126	0.7792
CTNNA1	OGFR	3	0.0001	0.8514
KRT8	OGFR	3	0.0084	0.7959
LMNA	OGFR	3	0.0090	0.7935
MAPRE3	OGFR	3	0.0002	0.8487
ACTB	OGT	3	0.2418	0.5895
CTNNA1	OGT	3	0.0278	0.7433
KRT8	OGT	3	0.2759	0.5723
LMNA	OGT	3	0.2308	0.5942
MAPRE3	OGT	3	0.1317	0.6513
KRT8	OIP5	3	0.7230	0.0422
LMNA	OIP5	3	0.1191	0.6596
ACTB	OLA1	3	0.0589	0.7073
CTNNA1	OLA1	3	0.0182	0.7626
KRT8	OLA1	3	0.0614	0.7054
LMNA	OLA1	3	0.0293	0.7406
MAPRE3	OLA1	3	0.0136	0.7758
KRT8	OLAH	3	0.3333	0.4096
LMNA	OLFM2	3	0.0040	0.8161
ACTB	OLFM4	3	0.3333	0.4096
LMNA	OMD	3	0.6667	0.0721
KRT8	OMG	3	0.3333	0.4096
ACTB	OPA1	3	0.0028	0.8224
KRT8	OPA1	3	0.3054	0.5575
LMNA	OPA1	3	0.0007	0.8404
MAPRE3	OPA1	3	0.0003	0.8465
ACTB	OPHN1	3	0.8599	0.0143
KRT8	OPHN1	3	0.3000	0.5602
MAPRE3	OPHN1	3	0.0410	0.7246
ACTB	OPLAH	3	0.3333	0.4096
ACTB	OPRPN	3	0.3333	0.4096
KRT8	OPTC	3	0.3333	0.4096
ACTB	OPTN	3	0.2380	0.5912
KRT8	OPTN	3	0.1173	0.6612
ACTB	OR13C5	3	0.3333	0.4096
LMNA	OR2A14	3	0.3333	0.4096
MAPRE3	OR4A15	3	0.6667	0.0721
ACTB	OR4L1	3	0.1341	0.6490
KRT8	OR4L1	3	0.2316	0.5938
KRT8	OR52P1	3	0.3333	0.4096
KRT8	OR5D14	3	0.3333	0.4096
ACTB	OR5M1	3	0.3333	0.4096
MAPRE3	OR5M8	3	0.3333	0.4096
ACTB	OR6S1	3	0.3333	0.4096
ACTB	ORC1	3	0.0026	0.8238
CTNNA1	ORC1	3	0.0003	0.8465
KRT8	ORC1	3	0.3463	0.3710
LMNA	ORC1	3	0.3453	0.3732
MAPRE3	ORC1	3	0.5559	0.1906
ACTB	ORC2	3	0.0002	0.8487
KRT8	ORC2	3	0.0011	0.8360
LMNA	ORC2	3	0.0289	0.7412
MAPRE3	ORC2	3	0.0025	0.8246
ACTB	ORC3	3	0.2876	0.5667
CTNNA1	ORC3	3	0.1032	0.6710
KRT8	ORC3	3	0.2836	0.5685
LMNA	ORC3	3	0.3805	0.3083
MAPRE3	ORC3	3	0.2513	0.5840
ACTB	ORC4	3	0.0365	0.7304
KRT8	ORC4	3	0.2535	0.5826
LMNA	ORC4	3	0.1528	0.6377
MAPRE3	ORC4	3	0.0050	0.8113
ACTB	ORC5	3	0.0082	0.7969
KRT8	ORC5	3	0.0073	0.8005
LMNA	ORC5	3	0.1312	0.6515
MAPRE3	ORC5	3	0.0003	0.8465
KRT8	ORC6	3	0.3333	0.4096
LMNA	ORC6	3	1.0000	0.0000
KRT8	OSBP	3	0.5186	0.2042
LMNA	OSBP2	3	0.3333	0.4096
ACTB	OSBPL10	3	0.3001	0.5601
CTNNA1	OSBPL10	3	0.0799	0.6899
KRT8	OSBPL10	3	0.3121	0.5542
LMNA	OSBPL10	3	0.1510	0.6386
MAPRE3	OSBPL10	3	0.1611	0.6326
ACTB	OSBPL11	3	0.0112	0.7849
CTNNA1	OSBPL11	3	0.0005	0.8431
KRT8	OSBPL11	3	0.0219	0.7543
LMNA	OSBPL11	3	0.0013	0.8344
MAPRE3	OSBPL11	3	0.0004	0.8448
ACTB	OSBPL2	3	0.0020	0.8282
CTNNA1	OSBPL2	3	0.3332	0.5427
KRT8	OSBPL2	3	0.0155	0.7700
LMNA	OSBPL2	3	0.0008	0.8393
ACTB	OSBPL3	3	0.1509	0.6387
CTNNA1	OSBPL3	3	0.0004	0.8448
KRT8	OSBPL3	3	0.0273	0.7439
LMNA	OSBPL3	3	0.0023	0.8260
MAPRE3	OSBPL3	3	0.0015	0.8325
CTNNA1	OSBPL5	3	0.0021	0.8274
ACTB	OSBPL6	3	0.3093	0.5553
KRT8	OSBPL6	3	0.0742	0.6939
MAPRE3	OSBPL6	3	0.0003	0.8465
KRT8	OSBPL7	3	0.0031	0.8206
ACTB	OSBPL8	3	0.0016	0.8315
KRT8	OSBPL8	3	0.0250	0.7483
LMNA	OSBPL8	3	0.0016	0.8315
MAPRE3	OSBPL8	3	0.0000	0.8553
ACTB	OSBPL9	3	0.2146	0.6021
CTNNA1	OSBPL9	3	0.0273	0.7439
KRT8	OSBPL9	3	0.2567	0.5811
LMNA	OSBPL9	3	0.0493	0.7161
MAPRE3	OSBPL9	3	0.0537	0.7118
KRT8	OSGEPL1	3	1.0000	0.0000
LMNA	OSMR	3	0.0043	0.8145
KRT8	OSR2	3	0.3333	0.4096
ACTB	OSTF1	3	0.0091	0.7930
KRT8	OSTF1	3	0.3333	0.4096
CTNNA1	OTOG	3	0.3333	0.4096
LMNA	OTOP3	3	0.3333	0.4096
ACTB	OTUB1	3	0.0204	0.7574
CTNNA1	OTUB1	3	0.0116	0.7833
KRT8	OTUB1	3	0.0402	0.7253
LMNA	OTUB1	3	0.0187	0.7613
MAPRE3	OTUB1	3	0.0060	0.8062
ACTB	OTUD4	3	0.0085	0.7955
CTNNA1	OTUD4	3	0.0000	0.8553
KRT8	OTUD4	3	0.0033	0.8195
LMNA	OTUD4	3	0.0000	0.8553
MAPRE3	OTUD4	3	0.0098	0.7900
ACTB	OTUD5	3	0.0025	0.8246
KRT8	OTUD5	3	0.0144	0.7732
LMNA	OTUD5	3	0.3142	0.5532
MAPRE3	OTUD5	3	0.0011	0.8360
ACTB	OTUD7B	3	0.0061	0.8057
CTNNA1	OTUD7B	3	0.0000	0.8553
KRT8	OTUD7B	3	0.0078	0.7983
LMNA	OTUD7B	3	0.0002	0.8487
MAPRE3	OTUD7B	3	0.0001	0.8514
ACTB	OTULIN	3	0.0188	0.7610
CTNNA1	OTULIN	3	0.0108	0.7866
KRT8	OTULIN	3	0.0029	0.8218
LMNA	OTULIN	3	0.0143	0.7735
MAPRE3	OTULIN	3	0.0063	0.8048
ACTB	OTULINL	3	0.0089	0.7939
KRT8	OTULINL	3	0.6441	0.1711
LMNA	OTULINL	3	0.0235	0.7512
LMNA	OVCA2	3	0.3333	0.4096
ACTB	OXCT1	3	0.0320	0.7366
CTNNA1	OXCT1	3	0.0068	0.8026
KRT8	OXCT1	3	0.3377	0.3955
LMNA	OXCT1	3	0.0213	0.7557
MAPRE3	OXCT1	3	0.0049	0.8116
ACTB	OXR1	3	0.0104	0.7880
KRT8	OXR1	3	0.0217	0.7547
LMNA	OXR1	3	0.0224	0.7534
ACTB	OXSR1	3	0.2720	0.5738
CTNNA1	OXSR1	3	0.0765	0.6923
KRT8	OXSR1	3	0.2858	0.5675
LMNA	OXSR1	3	0.1128	0.6645
MAPRE3	OXSR1	3	0.0806	0.6894
ACTB	P3H1	3	0.0032	0.8201
KRT8	P3H1	3	0.0018	0.8297
KRT8	P3H3	3	0.3333	0.4096
KRT8	P3H4	3	0.3333	0.4096
ACTB	P4HA2	3	0.0000	0.8553
KRT8	P4HA2	3	0.0000	0.8553
MAPRE3	P4HA2	3	0.0000	0.8553
ACTB	P4HB	3	0.0593	0.7069
CTNNA1	P4HB	3	0.0091	0.7930
KRT8	P4HB	3	0.0417	0.7240
LMNA	P4HB	3	0.0492	0.7162
MAPRE3	P4HB	3	0.0123	0.7804
ACTB	PA2G4	3	0.0046	0.8132
CTNNA1	PA2G4	3	0.0002	0.8487
LMNA	PA2G4	3	0.0003	0.8465
MAPRE3	PA2G4	3	0.0005	0.8431
ACTB	PAAF1	3	0.6667	0.0721
ACTB	PAAT	3	0.0146	0.7726
KRT8	PAAT	3	0.1015	0.6725
LMNA	PABIR1	3	0.9913	0.0005
LMNA	PABIR2	3	0.3042	0.5581
ACTB	PABPC1	3	0.2591	0.5796
CTNNA1	PABPC1	3	0.0631	0.7036
KRT8	PABPC1	3	0.2763	0.5720
LMNA	PABPC1	3	0.0981	0.6750
MAPRE3	PABPC1	3	0.2015	0.6088
ACTB	PABPC4	3	0.3080	0.5560
CTNNA1	PABPC4	3	0.0909	0.6809
KRT8	PABPC4	3	0.3075	0.5563
LMNA	PABPC4	3	0.1265	0.6542
MAPRE3	PABPC4	3	0.1799	0.6212
ACTB	PABPN1	3	0.0015	0.8325
CTNNA1	PABPN1	3	0.0000	0.8553
KRT8	PABPN1	3	0.0008	0.8393
LMNA	PABPN1	3	0.1077	0.6682
MAPRE3	PABPN1	3	0.0014	0.8335
LMNA	PABPN1L	3	0.3333	0.4096
KRT8	PACC1	3	0.3333	0.4096
ACTB	PACS1	3	0.0086	0.7950
CTNNA1	PACS1	3	0.0001	0.8514
KRT8	PACS1	3	0.0247	0.7487
LMNA	PACS1	3	0.0008	0.8393
MAPRE3	PACS1	3	0.0011	0.8360
ACTB	PACSIN2	3	0.0120	0.7815
KRT8	PACSIN2	3	0.0084	0.7959
MAPRE3	PACSIN2	3	0.0001	0.8514
ACTB	PACSIN3	3	0.1354	0.6481
CTNNA1	PACSIN3	3	0.0310	0.7380
KRT8	PACSIN3	3	0.0997	0.6739
LMNA	PACSIN3	3	0.0242	0.7498
MAPRE3	PACSIN3	3	0.0146	0.7726
ACTB	PADI3;PADI4	3	0.3333	0.4096
ACTB	PAF1	3	0.2997	0.5604
CTNNA1	PAF1	3	0.0685	0.6985
KRT8	PAF1	3	0.2375	0.5915
LMNA	PAF1	3	0.2787	0.5710
MAPRE3	PAF1	3	0.2462	0.5866
ACTB	PAFAH1B1	3	0.0165	0.7670
KRT8	PAFAH1B1	3	0.0135	0.7761
LMNA	PAFAH1B1	3	0.0006	0.8417
MAPRE3	PAFAH1B1	3	0.0001	0.8514
ACTB	PAFAH1B2	3	0.0170	0.7658
CTNNA1	PAFAH1B2	3	0.0005	0.8431
KRT8	PAFAH1B2	3	0.0134	0.7764
LMNA	PAFAH1B2	3	0.0046	0.8132
MAPRE3	PAFAH1B2	3	0.0002	0.8487
ACTB	PAFAH1B3	3	0.6667	0.0721
KRT8	PAFAH1B3	3	0.6667	0.0721
MAPRE3	PAFAH1B3	3	0.3333	0.4096
ACTB	PAICS	3	0.3507	0.3607
CTNNA1	PAICS	3	0.1306	0.6519
KRT8	PAICS	3	0.3079	0.5561
LMNA	PAICS	3	0.1713	0.6266
MAPRE3	PAICS	3	0.2438	0.5881
ACTB	PAIP1	3	0.0597	0.7066
CTNNA1	PAIP1	3	0.0092	0.7925
KRT8	PAIP1	3	0.1328	0.6502
LMNA	PAIP1	3	0.0207	0.7568
MAPRE3	PAIP1	3	0.0131	0.7774
ACTB	PAIP2	3	0.0243	0.7495
CTNNA1	PAIP2	3	0.0111	0.7854
KRT8	PAIP2	3	0.3109	0.5548
LMNA	PAIP2	3	0.0074	0.8000
MAPRE3	PAIP2	3	0.0066	0.8035
ACTB	PAK1IP1	3	0.0085	0.7955
CTNNA1	PAK1IP1	3	0.0176	0.7642
KRT8	PAK1IP1	3	0.0179	0.7634
LMNA	PAK1IP1	3	0.0085	0.7955
MAPRE3	PAK1IP1	3	0.0059	0.8068
ACTB	PAK2	3	0.3842	0.3027
CTNNA1	PAK2	3	0.1253	0.6552
KRT8	PAK2	3	0.3967	0.2846
LMNA	PAK2	3	0.3018	0.5593
MAPRE3	PAK2	3	0.3032	0.5585
ACTB	PAK4	3	0.4630	0.2267
KRT8	PAK4	3	0.5251	0.2012
MAPRE3	PAK4	3	0.1822	0.6200
KRT8	PAK6	3	0.2885	0.5664
ACTB	PALB2	3	0.0042	0.8151
KRT8	PALB2	3	0.0101	0.7890
LMNA	PALB2	3	0.9536	0.0030
ACTB	PALLD	3	0.7117	0.0456
CTNNA1	PALLD	3	0.0373	0.7293
KRT8	PALLD	3	0.1330	0.6500
LMNA	PALLD	3	0.0447	0.7206
MAPRE3	PALLD	3	0.0457	0.7197
ACTB	PALM	3	0.0025	0.8246
ACTB	PALM2AKAP2	3	0.4220	0.2540
CTNNA1	PALM2AKAP2	3	0.1170	0.6615
KRT8	PALM2AKAP2	3	0.2044	0.6074
LMNA	PALM2AKAP2	3	0.0840	0.6865
MAPRE3	PALM2AKAP2	3	0.1415	0.6443
MAPRE3	PALM3	3	0.3333	0.4096
ACTB	PALMD	3	0.6731	0.0636
CTNNA1	PALMD	3	0.0022	0.8268
KRT8	PALMD	3	0.0154	0.7704
LMNA	PALMD	3	0.0003	0.8465
MAPRE3	PALMD	3	0.0027	0.8233
ACTB	PALS1	3	0.3238	0.5487
CTNNA1	PALS1	3	0.1621	0.6321
KRT8	PALS1	3	0.3666	0.3302
LMNA	PALS1	3	0.1633	0.6313
MAPRE3	PALS1	3	0.2339	0.5931
ACTB	PALS2	3	0.0125	0.7796
CTNNA1	PALS2	3	0.0001	0.8514
KRT8	PALS2	3	0.0112	0.7849
LMNA	PALS2	3	0.0005	0.8431
MAPRE3	PALS2	3	0.0005	0.8431
ACTB	PAN2	3	0.0071	0.8013
KRT8	PAN2	3	0.2426	0.5888
ACTB	PAN3	3	0.0081	0.7973
KRT8	PAN3	3	0.2016	0.6087
MAPRE3	PAN3	3	0.0003	0.8465
ACTB	PANK4	3	0.0111	0.7854
CTNNA1	PANK4	3	0.0003	0.8465
KRT8	PANK4	3	0.1932	0.6131
LMNA	PANK4	3	0.0067	0.8030
MAPRE3	PANK4	3	0.0001	0.8514
ACTB	PAPOLA	3	0.0007	0.8404
CTNNA1	PAPOLA	3	0.0001	0.8514
KRT8	PAPOLA	3	0.0016	0.8315
LMNA	PAPOLA	3	0.0316	0.7372
MAPRE3	PAPOLA	3	0.0001	0.8514
ACTB	PAPOLG	3	0.0012	0.8352
KRT8	PAPOLG	3	0.0002	0.8487
LMNA	PAPOLG	3	0.0425	0.7233
MAPRE3	PAPOLG	3	0.0000	0.8553
ACTB	PAPSS1	3	0.2451	0.5875
CTNNA1	PAPSS1	3	0.0411	0.7245
KRT8	PAPSS1	3	0.2545	0.5822
LMNA	PAPSS1	3	0.2360	0.5923
MAPRE3	PAPSS1	3	0.0670	0.6999
ACTB	PAPSS2	3	0.0237	0.7509
KRT8	PAPSS2	3	0.3164	0.5519
LMNA	PAPSS2	3	0.0130	0.7779
MAPRE3	PAPSS2	3	0.0004	0.8448
LMNA	PAQR3	3	0.3333	0.4096
ACTB	PARD3	3	0.0095	0.7913
CTNNA1	PARD3	3	0.0056	0.8082
KRT8	PARD3	3	0.0328	0.7353
LMNA	PARD3	3	0.0003	0.8465
MAPRE3	PARD3	3	0.0025	0.8246
ACTB	PARG	3	0.3335	0.4086
CTNNA1	PARG	3	0.1113	0.6657
KRT8	PARG	3	0.3314	0.5446
LMNA	PARG	3	0.3274	0.5467
MAPRE3	PARG	3	0.2393	0.5905
ACTB	PARK7	3	0.0225	0.7530
CTNNA1	PARK7	3	0.0301	0.7393
KRT8	PARK7	3	0.0285	0.7418
LMNA	PARK7	3	0.0467	0.7186
MAPRE3	PARK7	3	0.0115	0.7837
ACTB	PARL	3	0.3333	0.4096
LMNA	PARN	3	0.0234	0.7514
ACTB	PARP1	3	0.1263	0.6544
CTNNA1	PARP1	3	0.0173	0.7650
KRT8	PARP1	3	0.1509	0.6387
LMNA	PARP1	3	0.2635	0.5777
MAPRE3	PARP1	3	0.0500	0.7154
KRT8	PARP10	3	0.6667	0.0721
ACTB	PARP12	3	0.0302	0.7392
KRT8	PARP12	3	0.3324	0.5437
MAPRE3	PARP12	3	0.1155	0.6626
ACTB	PARP14	3	0.0751	0.6930
CTNNA1	PARP14	3	0.0000	0.8553
KRT8	PARP14	3	0.0281	0.7426
MAPRE3	PARP14	3	0.0055	0.8088
ACTB	PARP16	3	0.3333	0.4096
LMNA	PARP16	3	1.0000	0.0000
KRT8	PARP2	3	0.5543	0.1921
LMNA	PARP2	3	0.6605	0.1650
ACTB	PARP4	3	0.0062	0.8053
CTNNA1	PARP4	3	0.0001	0.8514
KRT8	PARP4	3	0.0373	0.7293
LMNA	PARP4	3	0.0072	0.8009
MAPRE3	PARP4	3	0.0018	0.8297
LMNA	PARP8	3	0.0039	0.8165
ACTB	PARVA	3	0.0199	0.7585
CTNNA1	PARVA	3	0.0001	0.8514
KRT8	PARVA	3	0.0183	0.7623
LMNA	PARVA	3	0.0010	0.8371
MAPRE3	PARVA	3	0.0005	0.8431
ACTB	PARVB	3	0.0094	0.7917
CTNNA1	PARVB	3	0.0000	0.8553
KRT8	PARVB	3	0.0860	0.6848
LMNA	PARVB	3	0.0013	0.8344
MAPRE3	PARVB	3	0.0012	0.8352
ACTB	PASK	3	0.0050	0.8113
KRT8	PASK	3	0.1145	0.6634
MAPRE3	PASK	3	0.0000	0.8553
ACTB	PATJ	3	0.0112	0.7849
CTNNA1	PATJ	3	0.0012	0.8352
KRT8	PATJ	3	0.0172	0.7653
LMNA	PATJ	3	0.0000	0.8553
MAPRE3	PATJ	3	0.0021	0.8274
ACTB	PATL1	3	0.2637	0.5776
CTNNA1	PATL1	3	0.1324	0.6506
KRT8	PATL1	3	0.3015	0.5595
LMNA	PATL1	3	0.0615	0.7053
MAPRE3	PATL1	3	0.2283	0.5954
ACTB	PAWR	3	0.6501	0.1684
CTNNA1	PAWR	3	0.0612	0.7056
KRT8	PAWR	3	0.4475	0.2382
LMNA	PAWR	3	0.0212	0.7559
MAPRE3	PAWR	3	0.1036	0.6708
KRT8	PAX7	3	0.3333	0.4096
LMNA	PAXBP1	3	0.0110	0.7857
LMNA	PAXIP1	3	0.0005	0.8431
CTNNA1	PAXX	3	0.0000	0.8553
KRT8	PAXX	3	0.0042	0.8151
LMNA	PAXX	3	0.0019	0.8289
ACTB	PBK	3	0.1862	0.6174
KRT8	PBK	3	0.1876	0.6166
LMNA	PBK	3	0.1079	0.6681
MAPRE3	PBK	3	0.0204	0.7574
ACTB	PBRM1	3	0.0001	0.8514
KRT8	PBRM1	3	0.0002	0.8487
LMNA	PBRM1	3	0.0082	0.7969
ACTB	PBX1	3	0.1265	0.6542
CTNNA1	PBX1	3	0.0209	0.7564
KRT8	PBX1	3	0.1126	0.6647
LMNA	PBX1	3	0.2948	0.5633
MAPRE3	PBX1	3	0.0012	0.8352
LMNA	PBX2	3	0.0055	0.8088
ACTB	PBXIP1	3	0.1153	0.6627
CTNNA1	PBXIP1	3	0.0371	0.7296
KRT8	PBXIP1	3	0.0147	0.7724
LMNA	PBXIP1	3	0.0713	0.6962
ACTB	PC	3	0.0057	0.8078
CTNNA1	PC	3	0.0106	0.7871
KRT8	PC	3	0.0086	0.7950
LMNA	PC	3	0.0102	0.7887
MAPRE3	PC	3	0.0045	0.8137
KRT8	PCARE	3	0.3333	0.4096
ACTB	PCBP1	3	0.2338	0.5932
CTNNA1	PCBP1	3	0.0230	0.7521
KRT8	PCBP1	3	0.2332	0.5933
LMNA	PCBP1	3	0.1470	0.6411
MAPRE3	PCBP1	3	0.0678	0.6992
ACTB	PCBP2	3	0.1679	0.6283
CTNNA1	PCBP2	3	0.0231	0.7520
KRT8	PCBP2	3	0.2242	0.5972
LMNA	PCBP2	3	0.1120	0.6651
MAPRE3	PCBP2	3	0.0394	0.7262
ACTB	PCCA	3	0.0051	0.8108
CTNNA1	PCCA	3	0.0113	0.7846
KRT8	PCCA	3	0.0046	0.8132
LMNA	PCCA	3	0.0124	0.7799
MAPRE3	PCCA	3	0.0043	0.8145
ACTB	PCCB	3	0.0433	0.7225
CTNNA1	PCCB	3	0.0384	0.7275
KRT8	PCCB	3	0.3139	0.5533
LMNA	PCCB	3	0.0638	0.7028
MAPRE3	PCCB	3	0.0086	0.7950
ACTB	PCDH17	3	0.3333	0.4096
ACTB	PCDH7	3	0.0120	0.7815
CTNNA1	PCDH7	3	0.0019	0.8289
KRT8	PCDH7	3	0.0010	0.8371
ACTB	PCDHA10;PCDHA8	3	0.3333	0.4096
ACTB	PCDHA11	3	0.3333	0.4096
ACTB	PCDHA2	3	0.3333	0.4096
KRT8	PCDHA2	3	0.3333	0.4096
MAPRE3	PCDHA2	3	0.3333	0.4096
LMNA	PCDHA7	3	0.3333	0.4096
MAPRE3	PCDHB18P	3	0.3333	0.4096
KRT8	PCDHGA10;PCDHGA9	3	0.3333	0.4096
MAPRE3	PCDHGA2	3	0.3333	0.4096
LMNA	PCDHGB5	3	0.0000	0.8553
MAPRE3	PCDHGB5	3	0.0002	0.8487
KRT8	PCED1B	3	0.3333	0.4096
ACTB	PCF11	3	0.0000	0.8553
KRT8	PCF11	3	0.0000	0.8553
LMNA	PCF11	3	0.0015	0.8325
MAPRE3	PCF11	3	0.0000	0.8553
LMNA	PCGF6	3	0.0010	0.8371
ACTB	PCID2	3	0.0089	0.7939
CTNNA1	PCID2	3	0.0000	0.8553
KRT8	PCID2	3	0.0497	0.7156
LMNA	PCID2	3	0.0181	0.7628
MAPRE3	PCID2	3	0.0012	0.8352
KRT8	PCIF1	3	0.3133	0.5536
LMNA	PCIF1	3	0.3666	0.3302
ACTB	PCK2	3	0.3333	0.4096
CTNNA1	PCK2	3	0.3333	0.4096
LMNA	PCK2	3	0.6667	0.0721
KRT8	PCLAF	3	0.0000	0.8553
ACTB	PCLO	3	0.0002	0.8487
ACTB	PCM1	3	0.2082	0.6051
CTNNA1	PCM1	3	0.1187	0.6599
KRT8	PCM1	3	0.4143	0.2621
LMNA	PCM1	3	0.0969	0.6760
MAPRE3	PCM1	3	0.1906	0.6147
ACTB	PCMT1	3	0.0257	0.7470
CTNNA1	PCMT1	3	0.0106	0.7871
KRT8	PCMT1	3	0.0309	0.7381
LMNA	PCMT1	3	0.0132	0.7771
MAPRE3	PCMT1	3	0.0070	0.8017
ACTB	PCMTD2	3	0.0000	0.8553
LMNA	PCMTD2	3	0.0000	0.8553
KRT8	PCNA	3	0.3333	0.4096
MAPRE3	PCNA	3	0.6667	0.0721
ACTB	PCNP	3	0.0031	0.8206
CTNNA1	PCNP	3	0.0001	0.8514
KRT8	PCNP	3	0.0018	0.8297
LMNA	PCNP	3	0.3546	0.3537
MAPRE3	PCNP	3	0.0029	0.8218
ACTB	PCNT	3	0.0317	0.7371
CTNNA1	PCNT	3	0.0045	0.8137
KRT8	PCNT	3	0.0842	0.6861
LMNA	PCNT	3	0.0016	0.8315
MAPRE3	PCNT	3	0.0292	0.7407
ACTB	PCNX3	3	0.0154	0.7704
CTNNA1	PCNX3	3	0.0000	0.8553
KRT8	PCNX3	3	0.0090	0.7935
LMNA	PCNX3	3	0.0004	0.8448
MAPRE3	PCNX3	3	0.0000	0.8553
KRT8	PCOLCE	3	0.3333	0.4096
LMNA	PCSK4	3	0.3333	0.4096
ACTB	PCYOX1	3	0.0016	0.8315
KRT8	PCYOX1	3	0.0000	0.8553
ACTB	PCYT1A	3	0.0964	0.6766
CTNNA1	PCYT1A	3	0.0373	0.7293
KRT8	PCYT1A	3	0.0925	0.6795
LMNA	PCYT1A	3	0.3668	0.3299
MAPRE3	PCYT1A	3	0.0333	0.7346
ACTB	PDAP1	3	0.3624	0.3392
CTNNA1	PDAP1	3	0.1285	0.6533
KRT8	PDAP1	3	0.3855	0.3014
LMNA	PDAP1	3	0.2170	0.6007
MAPRE3	PDAP1	3	0.3557	0.3510
ACTB	PDCD11	3	0.0047	0.8127
CTNNA1	PDCD11	3	0.0000	0.8553
KRT8	PDCD11	3	0.0186	0.7616
LMNA	PDCD11	3	0.0034	0.8190
MAPRE3	PDCD11	3	0.0004	0.8448
ACTB	PDCD1LG2	3	0.3333	0.4096
KRT8	PDCD2	3	0.0834	0.6871
LMNA	PDCD2	3	0.0025	0.8246
ACTB	PDCD2L	3	0.4217	0.2548
KRT8	PDCD2L	3	0.2998	0.5603
LMNA	PDCD2L	3	0.0448	0.7205
MAPRE3	PDCD2L	3	0.0685	0.6985
ACTB	PDCD4	3	0.1789	0.6219
CTNNA1	PDCD4	3	0.0472	0.7181
KRT8	PDCD4	3	0.1924	0.6136
LMNA	PDCD4	3	0.3358	0.4022
MAPRE3	PDCD4	3	0.0833	0.6872
ACTB	PDCD5	3	0.0069	0.8021
KRT8	PDCD5	3	0.1159	0.6625
LMNA	PDCD5	3	0.0089	0.7939
MAPRE3	PDCD5	3	0.0014	0.8335
ACTB	PDCD6	3	0.0699	0.6974
CTNNA1	PDCD6	3	0.0023	0.8260
KRT8	PDCD6	3	0.0464	0.7191
LMNA	PDCD6	3	0.0328	0.7353
MAPRE3	PDCD6	3	0.0082	0.7969
ACTB	PDCD6IP	3	0.0198	0.7587
CTNNA1	PDCD6IP	3	0.0079	0.7980
KRT8	PDCD6IP	3	0.0247	0.7487
LMNA	PDCD6IP	3	0.0159	0.7689
MAPRE3	PDCD6IP	3	0.0105	0.7876
ACTB	PDCL	3	0.3643	0.3347
CTNNA1	PDCL	3	0.1055	0.6695
KRT8	PDCL	3	0.3174	0.5515
LMNA	PDCL	3	0.1539	0.6367
MAPRE3	PDCL	3	0.1111	0.6660
KRT8	PDCL2	3	0.3333	0.4096
ACTB	PDCL3	3	0.0165	0.7670
KRT8	PDCL3	3	0.0189	0.7607
LMNA	PDCL3	3	0.0016	0.8315
MAPRE3	PDCL3	3	0.0003	0.8465
ACTB	PDE12	3	0.0138	0.7750
CTNNA1	PDE12	3	0.0197	0.7589
KRT8	PDE12	3	0.0164	0.7674
LMNA	PDE12	3	0.0936	0.6790
MAPRE3	PDE12	3	0.0201	0.7580
CTNNA1	PDE1C	3	0.3333	0.4096
ACTB	PDE2A	3	0.0061	0.8057
CTNNA1	PDE2A	3	0.0003	0.8465
KRT8	PDE2A	3	0.1558	0.6358
LMNA	PDE2A	3	0.0023	0.8260
MAPRE3	PDE2A	3	0.0026	0.8238
ACTB	PDE3A	3	0.2864	0.5672
CTNNA1	PDE3A	3	0.0777	0.6913
KRT8	PDE3A	3	0.3375	0.3964
LMNA	PDE3A	3	0.2300	0.5944
MAPRE3	PDE3A	3	0.2581	0.5801
ACTB	PDE3B	3	0.0912	0.6806
KRT8	PDE3B	3	0.2859	0.5674
LMNA	PDE3B	3	0.1913	0.6142
MAPRE3	PDE3B	3	0.0040	0.8161
ACTB	PDE4D	3	0.0052	0.8103
KRT8	PDE4D	3	0.0682	0.6989
MAPRE3	PDE4D	3	0.0003	0.8465
ACTB	PDE4DIP	3	0.0114	0.7842
CTNNA1	PDE4DIP	3	0.0023	0.8260
KRT8	PDE4DIP	3	0.0166	0.7668
LMNA	PDE4DIP	3	0.0019	0.8289
MAPRE3	PDE4DIP	3	0.9986	0.0001
LMNA	PDE6C	3	0.3333	0.4096
ACTB	PDE8A	3	0.0053	0.8097
CTNNA1	PDE8A	3	0.0002	0.8487
KRT8	PDE8A	3	0.0154	0.7704
ACTB	PDE8B	3	0.4179	0.2596
CTNNA1	PDE8B	3	0.1232	0.6568
KRT8	PDE8B	3	0.4140	0.2624
LMNA	PDE8B	3	0.1053	0.6696
MAPRE3	PDE8B	3	0.3086	0.5558
ACTB	PDHA1	3	0.0247	0.7487
CTNNA1	PDHA1	3	0.0114	0.7842
KRT8	PDHA1	3	0.0998	0.6739
LMNA	PDHA1	3	0.0223	0.7537
MAPRE3	PDHA1	3	0.0018	0.8297
ACTB	PDHB	3	0.1909	0.6145
CTNNA1	PDHB	3	0.0738	0.6944
KRT8	PDHB	3	0.3411	0.3844
LMNA	PDHB	3	0.0748	0.6934
MAPRE3	PDHB	3	0.0457	0.7197
ACTB	PDHX	3	0.3333	0.4096
LMNA	PDHX	3	0.3333	0.4096
ACTB	PDIA3	3	0.0084	0.7959
CTNNA1	PDIA3	3	0.0111	0.7854
KRT8	PDIA3	3	0.0151	0.7711
LMNA	PDIA3	3	0.0315	0.7374
MAPRE3	PDIA3	3	0.0033	0.8195
ACTB	PDIA4	3	0.0188	0.7610
KRT8	PDIA4	3	0.0064	0.8044
LMNA	PDIA4	3	0.0180	0.7632
ACTB	PDIA6	3	0.0472	0.7181
CTNNA1	PDIA6	3	0.0158	0.7691
KRT8	PDIA6	3	0.0496	0.7157
LMNA	PDIA6	3	0.0352	0.7322
MAPRE3	PDIA6	3	0.0064	0.8044
KRT8	PDK1	3	0.3333	0.4096
LMNA	PDK2	3	0.3333	0.4096
ACTB	PDLIM1	3	0.4013	0.2796
CTNNA1	PDLIM1	3	0.1393	0.6458
KRT8	PDLIM1	3	0.3172	0.5515
LMNA	PDLIM1	3	0.1987	0.6101
MAPRE3	PDLIM1	3	0.1842	0.6186
MAPRE3	PDLIM2	3	0.3333	0.4096
ACTB	PDLIM3	3	0.5263	0.2007
KRT8	PDLIM3	3	0.1986	0.6102
LMNA	PDLIM3	3	0.0002	0.8487
ACTB	PDLIM4	3	0.3333	0.4096
ACTB	PDLIM5	3	0.3577	0.3483
CTNNA1	PDLIM5	3	0.0900	0.6819
KRT8	PDLIM5	3	0.2831	0.5688
LMNA	PDLIM5	3	0.0811	0.6890
MAPRE3	PDLIM5	3	0.1510	0.6386
ACTB	PDLIM7	3	0.3766	0.3134
CTNNA1	PDLIM7	3	0.1016	0.6724
KRT8	PDLIM7	3	0.2581	0.5801
LMNA	PDLIM7	3	0.1162	0.6622
MAPRE3	PDLIM7	3	0.1457	0.6418
KRT8	PDP1	3	0.4675	0.2236
ACTB	PDPK1;PDPK2P	3	0.3333	0.4096
KRT8	PDPK1;PDPK2P	3	0.3333	0.4096
ACTB	PDPR	3	0.0017	0.8305
KRT8	PDPR	3	0.4191	0.2577
LMNA	PDPR	3	0.0020	0.8282
ACTB	PDRG1	3	0.0019	0.8289
KRT8	PDRG1	3	0.3206	0.5501
LMNA	PDRG1	3	0.0005	0.8431
ACTB	PDS5A	3	0.0036	0.8180
CTNNA1	PDS5A	3	0.0002	0.8487
KRT8	PDS5A	3	0.0063	0.8048
LMNA	PDS5A	3	0.0240	0.7503
MAPRE3	PDS5A	3	0.0008	0.8393
ACTB	PDS5B	3	0.0023	0.8260
KRT8	PDS5B	3	0.0081	0.7973
LMNA	PDS5B	3	0.0075	0.7995
MAPRE3	PDS5B	3	0.0001	0.8514
ACTB	PDXDC1	3	0.0084	0.7959
CTNNA1	PDXDC1	3	0.0006	0.8417
KRT8	PDXDC1	3	0.6517	0.1676
LMNA	PDXDC1	3	0.0021	0.8274
MAPRE3	PDXDC1	3	0.0016	0.8315
ACTB	PDZD2	3	0.1563	0.6354
CTNNA1	PDZD2	3	0.0001	0.8514
KRT8	PDZD2	3	0.0087	0.7947
MAPRE3	PDZD2	3	0.0061	0.8057
ACTB	PDZD7	3	0.3333	0.4096
ACTB	PDZD8	3	0.0278	0.7433
KRT8	PDZD8	3	0.0133	0.7767
MAPRE3	PDZD8	3	0.0000	0.8553
LMNA	PDZK1;PDZK1P1	3	0.3333	0.4096
LMNA	PDZRN4	3	0.0000	0.8553
ACTB	PEA15	3	0.0094	0.7917
KRT8	PEA15	3	0.0080	0.7976
MAPRE3	PEA15	3	0.0000	0.8553
ACTB	PEAK1	3	0.3733	0.3184
CTNNA1	PEAK1	3	0.1864	0.6172
KRT8	PEAK1	3	0.2705	0.5744
LMNA	PEAK1	3	0.0898	0.6821
MAPRE3	PEAK1	3	0.2280	0.5956
ACTB	PEBP1	3	0.1483	0.6402
CTNNA1	PEBP1	3	0.0016	0.8315
KRT8	PEBP1	3	0.0689	0.6983
LMNA	PEBP1	3	0.0245	0.7491
MAPRE3	PEBP1	3	0.0048	0.8121
ACTB	PEF1	3	0.0103	0.7884
CTNNA1	PEF1	3	0.0097	0.7904
KRT8	PEF1	3	0.0150	0.7715
LMNA	PEF1	3	0.0095	0.7913
MAPRE3	PEF1	3	0.0036	0.8180
ACTB	PEG10	3	0.4140	0.2624
CTNNA1	PEG10	3	0.0624	0.7044
KRT8	PEG10	3	0.3130	0.5538
LMNA	PEG10	3	0.2691	0.5752
MAPRE3	PEG10	3	0.1827	0.6197
CTNNA1	PELI2	3	0.0036	0.8180
ACTB	PELO	3	0.0012	0.8352
CTNNA1	PELO	3	0.0000	0.8553
KRT8	PELO	3	0.0247	0.7487
LMNA	PELO	3	0.0055	0.8088
MAPRE3	PELO	3	0.0000	0.8553
KRT8	PELP1	3	0.0000	0.8553
MAPRE3	PELP1	3	0.0000	0.8553
LMNA	PENK	3	0.3333	0.4096
CTNNA1	PEPD	3	0.0147	0.7724
KRT8	PEPD	3	0.1215	0.6581
LMNA	PEPD	3	0.0740	0.6941
MAPRE3	PEPD	3	0.0325	0.7359
MAPRE3	PER1	3	0.0003	0.8465
ACTB	PES1	3	0.0004	0.8448
CTNNA1	PES1	3	0.0000	0.8553
KRT8	PES1	3	0.0005	0.8431
LMNA	PES1	3	0.0049	0.8116
MAPRE3	PES1	3	0.0000	0.8553
ACTB	PEX1	3	0.0104	0.7880
KRT8	PEX1	3	0.3464	0.3705
LMNA	PEX1	3	0.0002	0.8487
MAPRE3	PEX1	3	0.0008	0.8393
ACTB	PEX11B	3	0.0074	0.8000
KRT8	PEX11B	3	0.3266	0.5471
ACTB	PEX13	3	0.0026	0.8238
KRT8	PEX13	3	0.0029	0.8218
ACTB	PEX14	3	0.0052	0.8103
CTNNA1	PEX14	3	0.0001	0.8514
KRT8	PEX14	3	0.0027	0.8233
MAPRE3	PEX14	3	0.0003	0.8465
ACTB	PEX19	3	0.0063	0.8048
KRT8	PEX19	3	0.0766	0.6922
MAPRE3	PEX19	3	0.0000	0.8553
CTNNA1	PEX3	3	0.3333	0.4096
KRT8	PEX3	3	1.0000	0.0000
ACTB	PEX5	3	0.0115	0.7837
CTNNA1	PEX5	3	0.0005	0.8431
KRT8	PEX5	3	0.2546	0.5822
LMNA	PEX5	3	0.0008	0.8393
MAPRE3	PEX5	3	0.0029	0.8218
ACTB	PEX6	3	0.0612	0.7056
KRT8	PEX6	3	0.5014	0.2106
MAPRE3	PEX6	3	0.0033	0.8195
ACTB	PFAS	3	0.0167	0.7666
CTNNA1	PFAS	3	0.0080	0.7976
KRT8	PFAS	3	0.0368	0.7299
LMNA	PFAS	3	0.0167	0.7666
MAPRE3	PFAS	3	0.0044	0.8141
ACTB	PFDN1	3	0.3333	0.4096
ACTB	PFDN2	3	1.0000	0.0000
CTNNA1	PFDN2	3	0.0023	0.8260
KRT8	PFDN2	3	0.0225	0.7530
LMNA	PFDN2	3	0.0083	0.7964
MAPRE3	PFDN2	3	0.0057	0.8078
ACTB	PFDN4	3	0.3777	0.3117
CTNNA1	PFDN4	3	0.0003	0.8465
ACTB	PFDN5	3	1.0000	0.0000
KRT8	PFDN5	3	0.3469	0.3691
ACTB	PFDN6	3	0.2746	0.5727
KRT8	PFDN6	3	0.1944	0.6126
ACTB	PFKFB2	3	0.0121	0.7811
KRT8	PFKFB2	3	0.0027	0.8233
LMNA	PFKFB2	3	0.0079	0.7980
ACTB	PFKL	3	0.0469	0.7184
KRT8	PFKL	3	0.1285	0.6533
LMNA	PFKL	3	0.0162	0.7681
MAPRE3	PFKL	3	0.0174	0.7647
ACTB	PFKM	3	0.2866	0.5671
CTNNA1	PFKM	3	0.0768	0.6920
KRT8	PFKM	3	0.3364	0.4004
LMNA	PFKM	3	0.2219	0.5982
MAPRE3	PFKM	3	0.1828	0.6197
ACTB	PFKP	3	0.2465	0.5864
CTNNA1	PFKP	3	0.0308	0.7382
KRT8	PFKP	3	0.2782	0.5712
LMNA	PFKP	3	0.1345	0.6487
MAPRE3	PFKP	3	0.0912	0.6806
ACTB	PFN1	3	0.0546	0.7111
CTNNA1	PFN1	3	0.0093	0.7922
KRT8	PFN1	3	0.0091	0.7930
LMNA	PFN1	3	0.0318	0.7369
MAPRE3	PFN1	3	0.0091	0.7930
ACTB	PFN2	3	0.0158	0.7691
CTNNA1	PFN2	3	0.0254	0.7476
KRT8	PFN2	3	0.0163	0.7678
LMNA	PFN2	3	0.0220	0.7542
MAPRE3	PFN2	3	0.0083	0.7964
ACTB	PGAM1	3	0.0059	0.8068
CTNNA1	PGAM1	3	0.0001	0.8514
KRT8	PGAM1	3	0.0048	0.8121
LMNA	PGAM1	3	0.0023	0.8260
MAPRE3	PGAM1	3	0.0011	0.8360
ACTB	PGAM5	3	0.2081	0.6052
CTNNA1	PGAM5	3	0.0495	0.7159
KRT8	PGAM5	3	0.2342	0.5929
LMNA	PGAM5	3	0.2584	0.5800
MAPRE3	PGAM5	3	0.1476	0.6406
KRT8	PGAP3	3	0.3333	0.4096
KRT8	PGAP4	3	0.3333	0.4096
LMNA	PGBD1	3	0.3333	0.4096
ACTB	PGD	3	0.1521	0.6380
KRT8	PGD	3	0.0187	0.7613
LMNA	PGD	3	0.0026	0.8238
MAPRE3	PGD	3	0.0006	0.8417
KRT8	PGGHG	3	0.3333	0.4096
ACTB	PGK1	3	0.0660	0.7008
CTNNA1	PGK1	3	0.0061	0.8057
KRT8	PGK1	3	0.1149	0.6631
LMNA	PGK1	3	0.0103	0.7884
MAPRE3	PGK1	3	0.0053	0.8097
CTNNA1	PGK2	3	0.3333	0.4096
ACTB	PGLS	3	0.0104	0.7880
CTNNA1	PGLS	3	0.0230	0.7521
KRT8	PGLS	3	0.0097	0.7904
LMNA	PGLS	3	0.0263	0.7458
MAPRE3	PGLS	3	0.0062	0.8053
KRT8	PGM1	3	0.3333	0.4096
LMNA	PGM1	3	0.3333	0.4096
LMNA	PGM2	3	0.3333	0.4096
LMNA	PGM2L1	3	0.3333	0.4096
ACTB	PGM3	3	0.0115	0.7837
CTNNA1	PGM3	3	0.0020	0.8282
KRT8	PGM3	3	0.1889	0.6158
LMNA	PGM3	3	0.0062	0.8053
MAPRE3	PGM3	3	0.0055	0.8088
LMNA	PGM5	3	0.6667	0.0721
ACTB	PGP	3	0.0051	0.8108
CTNNA1	PGP	3	0.0048	0.8121
LMNA	PGP	3	0.0260	0.7465
MAPRE3	PGP	3	0.0013	0.8344
KRT8	PGR	3	0.3333	0.4096
MAPRE3	PGR	3	0.6667	0.0721
ACTB	PGRMC1	3	0.1468	0.6412
CTNNA1	PGRMC1	3	0.0019	0.8289
KRT8	PGRMC1	3	0.1187	0.6599
LMNA	PGRMC1	3	0.0899	0.6819
MAPRE3	PGRMC1	3	0.0246	0.7489
ACTB	PGRMC2	3	0.1497	0.6395
CTNNA1	PGRMC2	3	0.0056	0.8082
KRT8	PGRMC2	3	0.1232	0.6568
LMNA	PGRMC2	3	0.1740	0.6250
MAPRE3	PGRMC2	3	0.0751	0.6930
KRT8	PGS1	3	0.0004	0.8448
LMNA	PGS1	3	0.0005	0.8431
MAPRE3	PGS1	3	0.0015	0.8325
ACTB	PHACTR2	3	0.9999	0.0000
CTNNA1	PHACTR2	3	0.0055	0.8088
KRT8	PHACTR2	3	0.0366	0.7303
MAPRE3	PHACTR2	3	0.0027	0.8233
ACTB	PHACTR4	3	0.7523	0.0336
CTNNA1	PHACTR4	3	0.0032	0.8201
KRT8	PHACTR4	3	0.0084	0.7959
LMNA	PHACTR4	3	0.0004	0.8448
MAPRE3	PHACTR4	3	0.0014	0.8335
ACTB	PHAF1	3	0.0616	0.7053
CTNNA1	PHAF1	3	0.0010	0.8371
KRT8	PHAF1	3	0.2167	0.6010
LMNA	PHAF1	3	0.0011	0.8360
MAPRE3	PHAF1	3	0.0042	0.8151
ACTB	PHAX	3	0.1439	0.6431
CTNNA1	PHAX	3	0.0126	0.7792
KRT8	PHAX	3	0.1382	0.6464
LMNA	PHAX	3	0.3164	0.5519
MAPRE3	PHAX	3	0.1006	0.6733
ACTB	PHB1	3	0.0882	0.6829
CTNNA1	PHB1	3	0.0128	0.7786
KRT8	PHB1	3	0.1279	0.6534
LMNA	PHB1	3	0.0605	0.7061
MAPRE3	PHB1	3	0.0170	0.7658
KRT8	PHB2	3	1.0000	0.0000
MAPRE3	PHC1	3	0.0001	0.8514
LMNA	PHC2	3	0.1026	0.6715
MAPRE3	PHC2	3	0.0363	0.7307
ACTB	PHC3	3	0.0000	0.8553
LMNA	PHC3	3	0.0107	0.7868
MAPRE3	PHC3	3	0.0012	0.8352
ACTB	PHETA2	3	0.0148	0.7721
CTNNA1	PHETA2	3	0.0002	0.8487
KRT8	PHETA2	3	0.0441	0.7215
MAPRE3	PHETA2	3	0.0027	0.8233
LMNA	PHF10	3	0.6667	0.0721
ACTB	PHF12	3	0.0007	0.8404
LMNA	PHF12	3	0.0070	0.8017
ACTB	PHF14	3	0.0002	0.8487
KRT8	PHF14	3	0.0007	0.8404
LMNA	PHF14	3	0.0055	0.8088
MAPRE3	PHF14	3	0.0000	0.8553
LMNA	PHF19	3	0.3333	0.4096
LMNA	PHF2	3	0.3579	0.3479
MAPRE3	PHF2	3	0.0048	0.8121
LMNA	PHF20L1	3	0.0108	0.7866
ACTB	PHF21A	3	0.0002	0.8487
KRT8	PHF21A	3	0.0001	0.8514
LMNA	PHF21A	3	0.0044	0.8141
MAPRE3	PHF21A	3	0.0000	0.8553
CTNNA1	PHF23	3	0.0012	0.8352
KRT8	PHF23	3	0.0002	0.8487
LMNA	PHF23	3	0.0625	0.7044
ACTB	PHF3	3	0.0004	0.8448
KRT8	PHF3	3	0.0001	0.8514
LMNA	PHF3	3	0.0098	0.7900
MAPRE3	PHF3	3	0.0006	0.8417
ACTB	PHF6	3	0.0029	0.8218
KRT8	PHF6	3	0.0012	0.8352
LMNA	PHF6	3	0.0049	0.8116
MAPRE3	PHF6	3	0.0000	0.8553
ACTB	PHF8	3	0.0003	0.8465
KRT8	PHF8	3	0.0004	0.8448
LMNA	PHF8	3	0.0241	0.7500
MAPRE3	PHF8	3	0.0020	0.8282
ACTB	PHGDH	3	0.0428	0.7230
CTNNA1	PHGDH	3	0.0065	0.8039
KRT8	PHGDH	3	0.0436	0.7220
LMNA	PHGDH	3	0.0455	0.7199
MAPRE3	PHGDH	3	0.0021	0.8274
ACTB	PHIP	3	0.0044	0.8141
CTNNA1	PHIP	3	0.0000	0.8553
KRT8	PHIP	3	0.0047	0.8127
LMNA	PHIP	3	0.0062	0.8053
MAPRE3	PHIP	3	0.0004	0.8448
ACTB	PHKA1	3	0.0047	0.8127
KRT8	PHKA1	3	0.3415	0.3832
LMNA	PHKA1	3	0.0024	0.8252
MAPRE3	PHKA1	3	0.0000	0.8553
ACTB	PHKA2	3	0.0109	0.7861
CTNNA1	PHKA2	3	0.0002	0.8487
KRT8	PHKA2	3	0.0271	0.7443
LMNA	PHKA2	3	0.1177	0.6609
MAPRE3	PHKA2	3	0.0011	0.8360
ACTB	PHKB	3	0.0079	0.7980
CTNNA1	PHKB	3	0.0001	0.8514
KRT8	PHKB	3	0.1778	0.6224
LMNA	PHKB	3	0.0247	0.7487
MAPRE3	PHKB	3	0.0043	0.8145
ACTB	PHKG2	3	0.3333	0.4096
KRT8	PHKG2	3	0.0060	0.8062
KRT8	PHLDA2	3	0.0014	0.8335
LMNA	PHLDA2	3	0.0200	0.7582
ACTB	PHLDB1	3	0.0047	0.8127
CTNNA1	PHLDB1	3	0.0004	0.8448
KRT8	PHLDB1	3	0.3363	0.4006
LMNA	PHLDB1	3	0.0002	0.8487
MAPRE3	PHLDB1	3	0.0012	0.8352
ACTB	PHLDB2	3	0.0136	0.7758
CTNNA1	PHLDB2	3	0.0031	0.8206
KRT8	PHLDB2	3	0.9999	0.0000
LMNA	PHLDB2	3	0.0013	0.8344
MAPRE3	PHLDB2	3	0.0112	0.7849
LMNA	PHLPP1	3	0.3333	0.4096
LMNA	PHRF1	3	0.2066	0.6059
MAPRE3	PHRF1	3	0.0003	0.8465
KRT8	PHTF2	3	0.3333	0.4096
ACTB	PI4K2A	3	0.0039	0.8165
KRT8	PI4K2A	3	0.0003	0.8465
LMNA	PI4K2A	3	0.0002	0.8487
MAPRE3	PI4K2A	3	0.0000	0.8553
ACTB	PI4K2B	3	0.0066	0.8035
KRT8	PI4K2B	3	0.0169	0.7661
MAPRE3	PI4K2B	3	0.0003	0.8465
ACTB	PI4KA	3	0.2999	0.5602
CTNNA1	PI4KA	3	0.1831	0.6194
KRT8	PI4KA	3	0.3521	0.3577
LMNA	PI4KA	3	0.1949	0.6121
MAPRE3	PI4KA	3	0.1870	0.6169
ACTB	PI4KB	3	0.0057	0.8078
KRT8	PI4KB	3	0.0828	0.6877
MAPRE3	PI4KB	3	0.0001	0.8514
ACTB	PIAS1	3	0.0021	0.8274
CTNNA1	PIAS1	3	0.0005	0.8431
KRT8	PIAS1	3	0.0035	0.8185
LMNA	PIAS1	3	0.4652	0.2247
MAPRE3	PIAS1	3	0.0011	0.8360
LMNA	PIAS2	3	0.6903	0.0523
LMNA	PIAS3	3	1.0000	0.0000
KRT8	PIAS4	3	0.0047	0.8127
LMNA	PIAS4	3	0.9918	0.0004
ACTB	PIBF1	3	0.0115	0.7837
CTNNA1	PIBF1	3	0.0005	0.8431
KRT8	PIBF1	3	0.8256	0.0203
LMNA	PIBF1	3	0.0035	0.8185
MAPRE3	PIBF1	3	0.0044	0.8141
ACTB	PICALM	3	0.2916	0.5647
CTNNA1	PICALM	3	0.1374	0.6469
KRT8	PICALM	3	0.3109	0.5548
LMNA	PICALM	3	0.1687	0.6278
MAPRE3	PICALM	3	0.1739	0.6251
KRT8	PICK1	3	1.0000	0.0000
KRT8	PIEZO1	3	0.0446	0.7208
ACTB	PIEZO2	3	0.0000	0.8553
KRT8	PIEZO2	3	0.0000	0.8553
KRT8	PIGH	3	0.3333	0.4096
LMNA	PIGH	3	0.3333	0.4096
ACTB	PIGK	3	0.0023	0.8260
KRT8	PIGK	3	0.3248	0.5482
LMNA	PIGK	3	0.0156	0.7698
ACTB	PIGO	3	0.0020	0.8282
LMNA	PIGO	3	0.4783	0.2186
ACTB	PIGR	3	0.3333	0.4096
CTNNA1	PIGR	3	0.0060	0.8062
LMNA	PIGR	3	0.1013	0.6727
MAPRE3	PIGR	3	0.0058	0.8072
ACTB	PIGS	3	0.0397	0.7257
CTNNA1	PIGS	3	0.0040	0.8161
LMNA	PIGS	3	0.0091	0.7930
KRT8	PIGT	3	0.0009	0.8382
LMNA	PIGT	3	0.0000	0.8553
ACTB	PIGU	3	0.0615	0.7053
KRT8	PIGU	3	0.0337	0.7341
LMNA	PIGU	3	1.0000	0.0000
ACTB	PIGW	3	0.3333	0.4096
LMNA	PIGW	3	0.3333	0.4096
ACTB	PIH1D1	3	0.0577	0.7083
CTNNA1	PIH1D1	3	0.0004	0.8448
KRT8	PIH1D1	3	0.3317	0.5443
LMNA	PIH1D1	3	0.0046	0.8132
MAPRE3	PIH1D1	3	0.0056	0.8082
ACTB	PIK3C2A	3	0.2527	0.5830
CTNNA1	PIK3C2A	3	0.0967	0.6763
KRT8	PIK3C2A	3	0.3791	0.3103
LMNA	PIK3C2A	3	0.0872	0.6837
MAPRE3	PIK3C2A	3	0.1884	0.6160
ACTB	PIK3C2B	3	0.0158	0.7691
CTNNA1	PIK3C2B	3	0.0013	0.8344
KRT8	PIK3C2B	3	0.2445	0.5879
MAPRE3	PIK3C2B	3	0.0001	0.8514
ACTB	PIK3C3	3	0.0156	0.7698
CTNNA1	PIK3C3	3	0.0003	0.8465
KRT8	PIK3C3	3	0.0508	0.7146
LMNA	PIK3C3	3	0.0006	0.8417
MAPRE3	PIK3C3	3	0.0024	0.8252
ACTB	PIK3CA	3	0.0264	0.7456
CTNNA1	PIK3CA	3	0.0002	0.8487
KRT8	PIK3CA	3	0.0434	0.7224
LMNA	PIK3CA	3	0.0013	0.8344
MAPRE3	PIK3CA	3	0.0022	0.8268
ACTB	PIK3CB	3	0.0106	0.7871
KRT8	PIK3CB	3	0.0567	0.7094
KRT8	PIK3R1	3	0.3333	0.4096
ACTB	PIK3R2	3	0.0160	0.7686
CTNNA1	PIK3R2	3	0.0000	0.8553
KRT8	PIK3R2	3	0.0112	0.7849
MAPRE3	PIK3R2	3	0.0048	0.8121
ACTB	PIK3R3	3	0.3333	0.4096
KRT8	PIK3R3	3	0.6667	0.0721
ACTB	PIK3R4	3	0.0081	0.7973
CTNNA1	PIK3R4	3	0.0001	0.8514
KRT8	PIK3R4	3	0.0240	0.7503
LMNA	PIK3R4	3	0.0015	0.8325
MAPRE3	PIK3R4	3	0.0056	0.8082
KRT8	PIK3R6	3	0.3333	0.4096
ACTB	PIKFYVE	3	0.0073	0.8005
CTNNA1	PIKFYVE	3	0.0001	0.8514
KRT8	PIKFYVE	3	0.0427	0.7231
LMNA	PIKFYVE	3	0.0007	0.8404
MAPRE3	PIKFYVE	3	0.0011	0.8360
KRT8	PIM2	3	0.3333	0.4096
MAPRE3	PIN4	3	0.3333	0.4096
ACTB	PINX1	3	0.0002	0.8487
LMNA	PINX1	3	0.0936	0.6790
MAPRE3	PINX1	3	0.0008	0.8393
ACTB	PIP	3	0.3333	0.4096
CTNNA1	PIP	3	0.3333	0.4096
MAPRE3	PIP	3	0.3333	0.4096
KRT8	PIP4K2A	3	0.3333	0.4096
ACTB	PIP4K2C	3	0.0028	0.8224
KRT8	PIP4K2C	3	0.0160	0.7686
ACTB	PIP5K1A	3	0.1761	0.6235
CTNNA1	PIP5K1A	3	0.0104	0.7880
KRT8	PIP5K1A	3	0.1419	0.6441
LMNA	PIP5K1A	3	0.0257	0.7470
MAPRE3	PIP5K1A	3	0.0137	0.7754
MAPRE3	PIPOX	3	0.3333	0.4096
MAPRE3	PIR	3	0.0000	0.8553
LMNA	PISD	3	0.3333	0.4096
LMNA	PITHD1	3	0.0151	0.7711
ACTB	PITPNB	3	0.0092	0.7925
CTNNA1	PITPNB	3	0.0183	0.7623
KRT8	PITPNB	3	0.0185	0.7618
LMNA	PITPNB	3	0.0341	0.7336
MAPRE3	PITPNB	3	0.0059	0.8068
KRT8	PITPNC1	3	0.3333	0.4096
ACTB	PITPNM1	3	0.0331	0.7349
KRT8	PITPNM1	3	0.1212	0.6583
MAPRE3	PITPNM1	3	0.0078	0.7983
ACTB	PITPNM3	3	0.5676	0.1878
KRT8	PITPNM3	3	0.3333	0.4096
LMNA	PITPNM3	3	0.0032	0.8201
MAPRE3	PITPNM3	3	0.0534	0.7120
ACTB	PITRM1	3	0.2279	0.5957
CTNNA1	PITRM1	3	0.0937	0.6789
KRT8	PITRM1	3	0.2603	0.5789
LMNA	PITRM1	3	0.0352	0.7322
MAPRE3	PITRM1	3	0.0139	0.7747
KRT8	PITX1	3	0.0012	0.8352
LMNA	PITX1	3	0.1370	0.6472
CTNNA1	PIWIL2	3	0.6667	0.0721
CTNNA1	PIWIL3	3	0.3333	0.4096
KRT8	PJA2	3	0.7328	0.0394
KRT8	PKD1L1	3	0.0002	0.8487
MAPRE3	PKD1L1	3	0.0048	0.8121
KRT8	PKD1L3	3	0.3333	0.4096
LMNA	PKDCC	3	0.3333	0.4096
KRT8	PKHD1	3	0.0260	0.7465
MAPRE3	PKHD1	3	0.3333	0.4096
ACTB	PKM	3	0.0223	0.7537
CTNNA1	PKM	3	0.0131	0.7774
KRT8	PKM	3	0.0224	0.7534
LMNA	PKM	3	0.0236	0.7511
MAPRE3	PKM	3	0.0099	0.7897
LMNA	PKMYT1	3	1.0000	0.0000
ACTB	PKN1	3	0.3185	0.5510
CTNNA1	PKN1	3	0.1586	0.6340
KRT8	PKN1	3	0.3892	0.2955
LMNA	PKN1	3	0.1539	0.6367
MAPRE3	PKN1	3	0.2348	0.5928
ACTB	PKN2	3	0.4166	0.2611
CTNNA1	PKN2	3	0.1913	0.6142
KRT8	PKN2	3	0.4478	0.2377
LMNA	PKN2	3	0.3293	0.5457
MAPRE3	PKN2	3	0.3379	0.3949
ACTB	PKN3	3	0.0005	0.8431
CTNNA1	PKN3	3	0.0000	0.8553
KRT8	PKN3	3	0.0020	0.8282
LMNA	PKN3	3	0.0002	0.8487
MAPRE3	PKN3	3	0.0001	0.8514
ACTB	PKP1	3	0.1323	0.6508
LMNA	PKP1	3	0.1663	0.6294
MAPRE3	PKP1	3	0.0239	0.7505
ACTB	PKP3	3	0.0356	0.7316
CTNNA1	PKP3	3	0.0036	0.8180
KRT8	PKP3	3	0.4130	0.2639
LMNA	PKP3	3	0.0002	0.8487
MAPRE3	PKP3	3	0.0098	0.7900
ACTB	PKP4	3	0.3340	0.4071
CTNNA1	PKP4	3	0.5207	0.2031
KRT8	PKP4	3	0.6508	0.1682
LMNA	PKP4	3	0.0006	0.8417
MAPRE3	PKP4	3	0.0008	0.8393
LMNA	PLA2G15	3	0.3333	0.4096
ACTB	PLA2G4A	3	0.0730	0.6951
CTNNA1	PLA2G4A	3	0.0040	0.8161
KRT8	PLA2G4A	3	0.1227	0.6573
LMNA	PLA2G4A	3	0.0345	0.7331
MAPRE3	PLA2G4A	3	0.0099	0.7897
ACTB	PLA2G4B	3	0.3333	0.4096
CTNNA1	PLA2G4D	3	0.3333	0.4096
KRT8	PLA2G6	3	0.3333	0.4096
ACTB	PLAA	3	0.3031	0.5587
CTNNA1	PLAA	3	0.1152	0.6629
KRT8	PLAA	3	0.3293	0.5457
LMNA	PLAA	3	0.2722	0.5738
MAPRE3	PLAA	3	0.1952	0.6119
ACTB	PLAAT2	3	0.3333	0.4096
CTNNA1	PLAAT2	3	0.3333	0.4096
ACTB	PLBD1	3	0.0549	0.7109
KRT8	PLCB1	3	0.3333	0.4096
LMNA	PLCB2	3	0.3333	0.4096
ACTB	PLCB3	3	0.1383	0.6463
CTNNA1	PLCB3	3	0.0919	0.6800
KRT8	PLCB3	3	0.0982	0.6749
LMNA	PLCB3	3	0.0675	0.6995
MAPRE3	PLCB3	3	0.1012	0.6729
KRT8	PLCB4	3	0.3333	0.4096
MAPRE3	PLCB4	3	0.3333	0.4096
ACTB	PLCD3	3	0.3333	0.4096
KRT8	PLCD3	3	0.3333	0.4096
MAPRE3	PLCD3	3	0.3333	0.4096
ACTB	PLCE1	3	0.3388	0.3917
KRT8	PLCE1	3	0.6667	0.0721
ACTB	PLCG1	3	0.0031	0.8206
KRT8	PLCG1	3	0.0542	0.7115
LMNA	PLCG1	3	0.0019	0.8289
ACTB	PLCH1	3	0.6667	0.0721
KRT8	PLCH1	3	0.3333	0.4096
ACTB	PLD1	3	0.0075	0.7995
KRT8	PLD1	3	0.0028	0.8224
MAPRE3	PLD1	3	0.0001	0.8514
ACTB	PLD2	3	0.0042	0.8151
KRT8	PLD2	3	0.1022	0.6718
LMNA	PLD2	3	0.0000	0.8553
ACTB	PLD3	3	0.0199	0.7585
CTNNA1	PLD3	3	0.0256	0.7472
KRT8	PLD3	3	0.0215	0.7553
LMNA	PLD3	3	0.0142	0.7739
MAPRE3	PLD3	3	0.0089	0.7939
ACTB	PLEC	3	0.1957	0.6117
CTNNA1	PLEC	3	0.0817	0.6886
KRT8	PLEC	3	0.6729	0.0641
LMNA	PLEC	3	0.0977	0.6754
MAPRE3	PLEC	3	0.1040	0.6704
ACTB	PLEK2	3	0.3333	0.4096
CTNNA1	PLEK2	3	0.3333	0.4096
KRT8	PLEK2	3	0.6667	0.0721
LMNA	PLEK2	3	0.3333	0.4096
MAPRE3	PLEK2	3	0.3333	0.4096
ACTB	PLEKHA1	3	0.0092	0.7925
KRT8	PLEKHA1	3	0.0003	0.8465
LMNA	PLEKHA1	3	0.0018	0.8297
MAPRE3	PLEKHA1	3	0.0005	0.8431
ACTB	PLEKHA2	3	0.3042	0.5581
CTNNA1	PLEKHA2	3	0.0765	0.6923
KRT8	PLEKHA2	3	0.3323	0.5439
LMNA	PLEKHA2	3	0.2571	0.5808
MAPRE3	PLEKHA2	3	0.2189	0.5996
ACTB	PLEKHA5	3	0.2523	0.5834
CTNNA1	PLEKHA5	3	0.2845	0.5684
KRT8	PLEKHA5	3	0.3186	0.5509
LMNA	PLEKHA5	3	0.0771	0.6918
MAPRE3	PLEKHA5	3	0.5473	0.1942
ACTB	PLEKHA6	3	0.6827	0.0553
CTNNA1	PLEKHA6	3	1.0000	0.0000
KRT8	PLEKHA6	3	0.8730	0.0115
MAPRE3	PLEKHA6	3	0.0269	0.7446
KRT8	PLEKHA7	3	0.3333	0.4096
ACTB	PLEKHD1	3	0.3333	0.4096
MAPRE3	PLEKHF1	3	0.3333	0.4096
ACTB	PLEKHG2	3	0.0454	0.7200
CTNNA1	PLEKHG2	3	0.0001	0.8514
KRT8	PLEKHG2	3	0.0314	0.7376
MAPRE3	PLEKHG2	3	0.0010	0.8371
ACTB	PLEKHG3	3	0.9559	0.0026
CTNNA1	PLEKHG3	3	0.0026	0.8238
KRT8	PLEKHG3	3	0.0287	0.7414
MAPRE3	PLEKHG3	3	0.0027	0.8233
KRT8	PLEKHG4	3	0.1948	0.6122
LMNA	PLEKHG4B	3	0.3333	0.4096
ACTB	PLEKHG5	3	0.3333	0.4096
KRT8	PLEKHH2	3	0.6667	0.0721
KRT8	PLEKHM3	3	0.3333	0.4096
LMNA	PLEKHM3	3	0.3333	0.4096
ACTB	PLEKHO2	3	0.3359	0.4017
KRT8	PLEKHO2	3	0.0046	0.8132
ACTB	PLIN3	3	0.3626	0.3388
CTNNA1	PLIN3	3	0.1470	0.6411
KRT8	PLIN3	3	0.3593	0.3456
LMNA	PLIN3	3	0.2651	0.5770
MAPRE3	PLIN3	3	0.2455	0.5872
ACTB	PLK1	3	0.0077	0.7987
CTNNA1	PLK1	3	0.0001	0.8514
KRT8	PLK1	3	0.0711	0.6963
LMNA	PLK1	3	0.0077	0.7987
MAPRE3	PLK1	3	0.0098	0.7900
KRT8	PLK3	3	0.3333	0.4096
ACTB	PLK4	3	0.0051	0.8108
KRT8	PLK4	3	0.1682	0.6282
MAPRE3	PLK4	3	0.0019	0.8289
ACTB	PLOD1	3	0.0966	0.6763
CTNNA1	PLOD1	3	0.0338	0.7339
KRT8	PLOD1	3	0.1740	0.6250
LMNA	PLOD1	3	0.0796	0.6901
MAPRE3	PLOD1	3	0.0412	0.7244
ACTB	PLOD2	3	0.0124	0.7799
CTNNA1	PLOD2	3	0.0137	0.7754
KRT8	PLOD2	3	0.0097	0.7904
LMNA	PLOD2	3	0.0120	0.7815
MAPRE3	PLOD2	3	0.0038	0.8170
CTNNA1	PLOD3	3	0.0020	0.8282
ACTB	PLPBP	3	0.0181	0.7628
CTNNA1	PLPBP	3	0.0593	0.7069
KRT8	PLPBP	3	0.0185	0.7618
LMNA	PLPBP	3	0.0373	0.7293
MAPRE3	PLPBP	3	0.0737	0.6945
ACTB	PLPP4	3	0.3333	0.4096
ACTB	PLPP6	3	0.0003	0.8465
KRT8	PLPP6	3	0.1537	0.6370
KRT8	PLRG1	3	0.0126	0.7792
LMNA	PLRG1	3	0.0114	0.7842
MAPRE3	PLRG1	3	0.0000	0.8553
MAPRE3	PLS1	3	0.3333	0.4096
ACTB	PLS3	3	0.3101	0.5550
CTNNA1	PLS3	3	0.0104	0.7880
KRT8	PLS3	3	0.1111	0.6660
LMNA	PLS3	3	0.0228	0.7526
MAPRE3	PLS3	3	0.0082	0.7969
ACTB	PLTP	3	0.3333	0.4096
KRT8	PLVAP	3	0.3333	0.4096
ACTB	PLXNA1	3	0.0126	0.7792
CTNNA1	PLXNA1	3	0.1163	0.6621
KRT8	PLXNA1	3	0.0009	0.8382
KRT8	PLXNA2	3	0.0000	0.8553
LMNA	PLXNA2	3	0.0006	0.8417
ACTB	PLXNB2	3	0.2912	0.5649
KRT8	PLXNB2	3	0.3573	0.3495
CTNNA1	PLXND1	3	0.3333	0.4096
ACTB	PMF1	3	0.0637	0.7029
CTNNA1	PMF1	3	0.0085	0.7955
KRT8	PMF1	3	0.2622	0.5782
LMNA	PMF1	3	0.0664	0.7004
MAPRE3	PMF1	3	0.0032	0.8201
ACTB	PML	3	0.0412	0.7244
CTNNA1	PML	3	0.0361	0.7310
KRT8	PML	3	0.0242	0.7498
LMNA	PML	3	0.2676	0.5758
CTNNA1	PMM2	3	0.2864	0.5672
KRT8	PMM2	3	0.0872	0.6837
LMNA	PMM2	3	0.1661	0.6295
MAPRE3	PMM2	3	0.2890	0.5662
CTNNA1	PMPCA	3	0.3333	0.4096
KRT8	PMPCA	3	0.3333	0.4096
ACTB	PMPCB	3	0.0281	0.7426
CTNNA1	PMPCB	3	0.0232	0.7518
KRT8	PMPCB	3	0.0308	0.7382
LMNA	PMPCB	3	0.0302	0.7392
MAPRE3	PMPCB	3	0.0118	0.7826
ACTB	PMS1	3	0.2158	0.6016
CTNNA1	PMS1	3	0.0696	0.6976
KRT8	PMS1	3	0.2421	0.5893
LMNA	PMS1	3	0.3185	0.5510
MAPRE3	PMS1	3	0.1859	0.6177
ACTB	PMS2	3	0.0021	0.8274
KRT8	PMS2	3	0.0025	0.8246
LMNA	PMS2	3	0.0567	0.7094
MAPRE3	PMS2	3	0.0001	0.8514
LMNA	PMS2P11	3	0.3333	0.4096
ACTB	PMVK	3	0.3333	0.4096
KRT8	PMVK	3	0.0029	0.8218
LMNA	PNISR	3	0.0106	0.7871
LMNA	PNKP	3	0.3333	0.4096
MAPRE3	PNKP	3	0.3333	0.4096
KRT8	PNLIPRP1	3	0.3332	0.5427
KRT8	PNMA2	3	0.0014	0.8335
KRT8	PNMA5	3	0.3331	0.5430
ACTB	PNN	3	0.1138	0.6639
CTNNA1	PNN	3	0.0211	0.7561
KRT8	PNN	3	0.2068	0.6058
LMNA	PNN	3	0.1118	0.6652
MAPRE3	PNN	3	0.0702	0.6970
ACTB	PNO1	3	0.3333	0.4096
ACTB	PNOC	3	0.3333	0.4096
ACTB	PNP	3	0.0744	0.6938
KRT8	PNP	3	0.0643	0.7024
LMNA	PNP	3	0.1629	0.6316
MAPRE3	PNP	3	0.0074	0.8000
ACTB	PNPLA6	3	0.0096	0.7908
KRT8	PNPLA6	3	0.0744	0.6938
LMNA	PNPLA6	3	0.0069	0.8021
MAPRE3	PNPLA6	3	0.0005	0.8431
KRT8	PNPLA8	3	1.0000	0.0000
LMNA	PNPLA8	3	0.0026	0.8238
CTNNA1	PNPO	3	0.3153	0.5524
LMNA	PNPO	3	0.4210	0.2554
MAPRE3	PNPO	3	0.4235	0.2516
KRT8	PNPT1	3	0.5872	0.1832
LMNA	PNPT1	3	0.0036	0.8180
KRT8	POC5	3	1.0000	0.0000
MAPRE3	POC5	3	1.0000	0.0000
ACTB	PODXL	3	0.0368	0.7299
KRT8	PODXL	3	0.0003	0.8465
ACTB	POF1B	3	0.0266	0.7452
LMNA	POF1B	3	0.0517	0.7138
MAPRE3	POF1B	3	0.0027	0.8233
ACTB	POFUT1	3	0.3333	0.4096
KRT8	POFUT1	3	0.3333	0.4096
LMNA	POGK	3	0.0028	0.8224
KRT8	POGLUT3	3	0.3333	0.4096
ACTB	POGZ	3	0.0005	0.8431
CTNNA1	POGZ	3	0.0000	0.8553
KRT8	POGZ	3	0.0003	0.8465
LMNA	POGZ	3	0.0109	0.7861
MAPRE3	POGZ	3	0.0023	0.8260
ACTB	POLA1	3	0.2288	0.5950
CTNNA1	POLA1	3	0.0870	0.6839
KRT8	POLA1	3	0.2678	0.5757
LMNA	POLA1	3	0.3143	0.5531
MAPRE3	POLA1	3	0.1752	0.6242
ACTB	POLA2	3	0.2716	0.5740
KRT8	POLA2	3	0.3219	0.5495
LMNA	POLA2	3	0.4219	0.2543
MAPRE3	POLA2	3	0.1809	0.6206
ACTB	POLD1	3	0.0023	0.8260
CTNNA1	POLD1	3	0.0000	0.8553
KRT8	POLD1	3	0.0043	0.8145
LMNA	POLD1	3	0.0090	0.7935
MAPRE3	POLD1	3	0.0002	0.8487
ACTB	POLD2	3	0.0033	0.8195
CTNNA1	POLD2	3	0.0006	0.8417
KRT8	POLD2	3	0.1166	0.6618
LMNA	POLD2	3	0.0363	0.7307
MAPRE3	POLD2	3	0.0014	0.8335
ACTB	POLD3	3	0.0007	0.8404
CTNNA1	POLD3	3	0.0000	0.8553
KRT8	POLD3	3	0.0018	0.8297
LMNA	POLD3	3	0.0120	0.7815
MAPRE3	POLD3	3	0.0003	0.8465
ACTB	POLDIP2	3	0.2909	0.5652
CTNNA1	POLDIP2	3	0.0626	0.7042
KRT8	POLDIP2	3	0.3721	0.3211
LMNA	POLDIP2	3	0.1909	0.6145
MAPRE3	POLDIP2	3	0.0384	0.7275
ACTB	POLDIP3	3	0.0005	0.8431
CTNNA1	POLDIP3	3	0.0000	0.8553
KRT8	POLDIP3	3	0.0016	0.8315
LMNA	POLDIP3	3	0.0053	0.8097
MAPRE3	POLDIP3	3	0.0019	0.8289
ACTB	POLE	3	0.0009	0.8382
KRT8	POLE	3	0.0033	0.8195
LMNA	POLE	3	0.0110	0.7857
MAPRE3	POLE	3	0.0000	0.8553
LMNA	POLE2	3	0.6667	0.0721
ACTB	POLG	3	0.3333	0.4096
KRT8	POLG	3	1.0000	0.0000
LMNA	POLG	3	0.3333	0.4096
ACTB	POLH	3	0.3333	0.4096
LMNA	POLH	3	0.3333	0.4096
LMNA	POLI	3	0.3333	0.4096
MAPRE3	POLI	3	0.3150	0.5527
LMNA	POLK	3	0.7061	0.0479
LMNA	POLL	3	0.0134	0.7764
LMNA	POLM	3	0.3333	0.4096
LMNA	POLQ	3	0.2452	0.5875
ACTB	POLR1A	3	0.0058	0.8072
CTNNA1	POLR1A	3	0.0000	0.8553
KRT8	POLR1A	3	0.0246	0.7489
MAPRE3	POLR1A	3	0.0010	0.8371
ACTB	POLR1B	3	0.0106	0.7871
CTNNA1	POLR1B	3	0.0006	0.8417
KRT8	POLR1B	3	0.3540	0.3548
LMNA	POLR1B	3	0.0000	0.8553
MAPRE3	POLR1B	3	0.0059	0.8068
ACTB	POLR1C	3	0.0162	0.7681
KRT8	POLR1C	3	0.0949	0.6777
MAPRE3	POLR1C	3	0.0012	0.8352
ACTB	POLR1D	3	0.0149	0.7719
KRT8	POLR1E	3	0.0195	0.7594
LMNA	POLR1E	3	0.3271	0.5468
MAPRE3	POLR1E	3	0.0085	0.7955
ACTB	POLR1F	3	0.0023	0.8260
CTNNA1	POLR1F	3	0.0023	0.8260
KRT8	POLR1F	3	0.0033	0.8195
LMNA	POLR1F	3	0.3534	0.3562
MAPRE3	POLR1F	3	0.0010	0.8371
ACTB	POLR1G	3	0.0014	0.8335
KRT8	POLR1G	3	0.0009	0.8382
LMNA	POLR1G	3	0.0031	0.8206
ACTB	POLR2A	3	0.0035	0.8185
CTNNA1	POLR2A	3	0.0000	0.8553
KRT8	POLR2A	3	0.0065	0.8039
LMNA	POLR2A	3	0.0050	0.8113
MAPRE3	POLR2A	3	0.0004	0.8448
ACTB	POLR2B	3	0.2991	0.5608
CTNNA1	POLR2B	3	0.1043	0.6702
KRT8	POLR2B	3	0.3514	0.3589
LMNA	POLR2B	3	0.2657	0.5765
MAPRE3	POLR2B	3	0.2268	0.5962
KRT8	POLR2C	3	0.2063	0.6062
ACTB	POLR2E	3	0.0012	0.8352
LMNA	POLR2E	3	0.0004	0.8448
KRT8	POLR2G	3	1.0000	0.0000
ACTB	POLR2H	3	0.0045	0.8137
KRT8	POLR2H	3	0.0716	0.6959
LMNA	POLR2H	3	0.0089	0.7939
ACTB	POLR2I	3	0.0338	0.7339
CTNNA1	POLR2I	3	0.0045	0.8137
KRT8	POLR2I	3	0.0137	0.7754
LMNA	POLR2I	3	0.0076	0.7991
MAPRE3	POLR2I	3	0.0030	0.8212
ACTB	POLR2L	3	0.3333	0.4096
ACTB	POLR2M	3	0.0113	0.7846
CTNNA1	POLR2M	3	0.0010	0.8371
KRT8	POLR2M	3	0.1774	0.6227
LMNA	POLR2M	3	0.0002	0.8487
MAPRE3	POLR2M	3	0.0026	0.8238
ACTB	POLR3A	3	0.0082	0.7969
KRT8	POLR3A	3	0.2128	0.6032
MAPRE3	POLR3A	3	0.0044	0.8141
ACTB	POLR3B	3	0.0250	0.7483
KRT8	POLR3B	3	0.5888	0.1825
LMNA	POLR3B	3	0.0123	0.7804
LMNA	POLR3C	3	0.3416	0.3829
ACTB	POLR3D	3	0.0116	0.7833
KRT8	POLR3D	3	0.3024	0.5591
MAPRE3	POLR3D	3	0.1486	0.6400
ACTB	POLR3E	3	0.0384	0.7275
KRT8	POLR3E	3	0.0037	0.8175
LMNA	POLR3E	3	0.0058	0.8072
MAPRE3	POLR3E	3	0.0125	0.7796
ACTB	POLR3F	3	0.0878	0.6833
CTNNA1	POLR3F	3	0.0029	0.8218
KRT8	POLR3F	3	0.0367	0.7301
LMNA	POLR3F	3	0.2554	0.5816
MAPRE3	POLR3F	3	0.0773	0.6916
LMNA	POLR3G	3	0.2257	0.5966
ACTB	POLRMT	3	0.0139	0.7747
CTNNA1	POLRMT	3	0.0001	0.8514
KRT8	POLRMT	3	0.3230	0.5490
LMNA	POLRMT	3	0.0054	0.8093
MAPRE3	POLRMT	3	0.0001	0.8514
ACTB	POM121	3	0.0020	0.8282
KRT8	POM121	3	0.0056	0.8082
LMNA	POM121	3	1.0000	0.0000
ACTB	POM121C	3	0.0057	0.8078
KRT8	POM121C	3	0.0065	0.8039
LMNA	POM121C	3	0.9955	0.0002
MAPRE3	POM121C	3	0.0010	0.8371
KRT8	POMT1	3	0.8634	0.0138
LMNA	POMT1	3	0.0619	0.7049
KRT8	POMT2	3	0.3333	0.4096
MAPRE3	POMT2	3	0.3333	0.4096
ACTB	PON2	3	0.1527	0.6377
CTNNA1	PON2	3	0.0174	0.7647
KRT8	PON2	3	0.1957	0.6117
LMNA	PON2	3	0.1058	0.6693
MAPRE3	PON2	3	0.0137	0.7754
ACTB	PON3	3	0.3333	0.4096
ACTB	POP1	3	0.0659	0.7009
CTNNA1	POP1	3	0.0158	0.7691
KRT8	POP1	3	0.0885	0.6828
LMNA	POP1	3	0.1601	0.6331
MAPRE3	POP1	3	0.0163	0.7678
ACTB	POP4	3	0.0005	0.8431
KRT8	POP4	3	0.0000	0.8553
LMNA	POP4	3	0.0097	0.7904
MAPRE3	POP4	3	0.0001	0.8514
ACTB	POP7	3	0.3333	0.4096
ACTB	POR	3	0.3034	0.5585
LMNA	POR	3	0.0139	0.7747
LMNA	POTED	3	0.3333	0.4096
ACTB	POTEF	3	1.0000	0.0000
CTNNA1	POTEF	3	0.0271	0.7443
KRT8	POTEF	3	0.0391	0.7267
LMNA	POTEF	3	0.0275	0.7437
MAPRE3	POTEF	3	0.0258	0.7468
MAPRE3	POU1F1	3	0.3333	0.4096
LMNA	POU2F1	3	0.0029	0.8218
MAPRE3	POU6F2	3	0.3333	0.4096
ACTB	PPA1	3	0.0324	0.7360
CTNNA1	PPA1	3	0.0150	0.7715
KRT8	PPA1	3	0.0590	0.7071
LMNA	PPA1	3	0.0805	0.6896
MAPRE3	PPA1	3	0.0183	0.7623
ACTB	PPA2	3	0.0208	0.7566
CTNNA1	PPA2	3	0.0095	0.7913
KRT8	PPA2	3	0.0590	0.7071
LMNA	PPA2	3	0.0217	0.7547
MAPRE3	PPA2	3	0.0094	0.7917
ACTB	PPAN	3	0.0014	0.8335
KRT8	PPAN	3	0.0074	0.8000
LMNA	PPAN	3	0.0032	0.8201
MAPRE3	PPAN	3	0.0000	0.8553
MAPRE3	PPARD	3	0.3333	0.4096
ACTB	PPAT	3	0.2600	0.5791
CTNNA1	PPAT	3	0.1672	0.6287
KRT8	PPAT	3	0.2438	0.5881
LMNA	PPAT	3	0.1367	0.6473
MAPRE3	PPAT	3	0.1729	0.6257
ACTB	PPFIA1	3	0.0140	0.7745
CTNNA1	PPFIA1	3	0.0020	0.8282
KRT8	PPFIA1	3	0.3851	0.3020
LMNA	PPFIA1	3	0.0011	0.8360
MAPRE3	PPFIA1	3	0.0043	0.8145
CTNNA1	PPFIA3	3	0.0000	0.8553
ACTB	PPFIBP1	3	0.0081	0.7973
CTNNA1	PPFIBP1	3	0.0016	0.8315
KRT8	PPFIBP1	3	0.0314	0.7376
LMNA	PPFIBP1	3	0.0001	0.8514
MAPRE3	PPFIBP1	3	0.0008	0.8393
CTNNA1	PPFIBP2	3	0.0024	0.8252
KRT8	PPFIBP2	3	0.1530	0.6375
LMNA	PPHLN1	3	0.0410	0.7246
ACTB	PPIA	3	0.0102	0.7887
CTNNA1	PPIA	3	0.0087	0.7947
KRT8	PPIA	3	0.0172	0.7653
LMNA	PPIA	3	0.0119	0.7820
MAPRE3	PPIA	3	0.0045	0.8137
ACTB	PPIB	3	0.1126	0.6647
CTNNA1	PPIB	3	0.0117	0.7830
KRT8	PPIB	3	0.1317	0.6513
LMNA	PPIB	3	0.0457	0.7197
MAPRE3	PPIB	3	0.0221	0.7540
ACTB	PPID	3	0.0153	0.7706
CTNNA1	PPID	3	0.0001	0.8514
KRT8	PPID	3	0.0214	0.7555
LMNA	PPID	3	0.0094	0.7917
MAPRE3	PPID	3	0.0027	0.8233
ACTB	PPIE	3	0.0009	0.8382
KRT8	PPIE	3	0.0008	0.8393
LMNA	PPIE	3	0.0354	0.7319
MAPRE3	PPIE	3	0.0000	0.8553
ACTB	PPIG	3	0.0006	0.8417
CTNNA1	PPIG	3	0.0000	0.8553
KRT8	PPIG	3	0.0013	0.8344
LMNA	PPIG	3	0.0045	0.8137
MAPRE3	PPIG	3	0.0002	0.8487
ACTB	PPIH	3	0.0443	0.7212
CTNNA1	PPIH	3	0.0077	0.7987
KRT8	PPIH	3	0.0330	0.7351
LMNA	PPIH	3	0.0153	0.7706
MAPRE3	PPIH	3	0.0066	0.8035
ACTB	PPIL1	3	0.0255	0.7474
CTNNA1	PPIL1	3	0.0142	0.7739
KRT8	PPIL1	3	0.0378	0.7285
LMNA	PPIL1	3	0.0178	0.7637
MAPRE3	PPIL1	3	0.0059	0.8068
ACTB	PPIL2	3	0.0027	0.8233
CTNNA1	PPIL2	3	0.0001	0.8514
KRT8	PPIL2	3	0.0048	0.8121
LMNA	PPIL2	3	0.3171	0.5516
MAPRE3	PPIL2	3	0.0013	0.8344
ACTB	PPIL3	3	0.0172	0.7653
CTNNA1	PPIL3	3	0.0001	0.8514
KRT8	PPIL3	3	0.0738	0.6944
LMNA	PPIL3	3	0.0281	0.7426
ACTB	PPIL4	3	0.0017	0.8305
CTNNA1	PPIL4	3	0.0006	0.8417
LMNA	PPIL4	3	0.2244	0.5972
MAPRE3	PPIL4	3	0.0004	0.8448
ACTB	PPIP5K1	3	0.0179	0.7634
KRT8	PPIP5K1	3	0.0232	0.7518
MAPRE3	PPIP5K1	3	0.0000	0.8553
ACTB	PPIP5K2	3	0.0053	0.8097
CTNNA1	PPIP5K2	3	0.0000	0.8553
KRT8	PPIP5K2	3	0.0075	0.7995
LMNA	PPIP5K2	3	0.0032	0.8201
MAPRE3	PPIP5K2	3	0.0042	0.8151
ACTB	PPL	3	0.2678	0.5757
CTNNA1	PPL	3	0.1587	0.6339
KRT8	PPL	3	0.3748	0.3157
LMNA	PPL	3	0.1037	0.6706
MAPRE3	PPL	3	0.1958	0.6116
CTNNA1	PPM1A	3	0.3333	0.4096
KRT8	PPM1A	3	0.3333	0.4096
ACTB	PPM1D	3	0.0004	0.8448
ACTB	PPM1G	3	0.0588	0.7074
CTNNA1	PPM1G	3	0.0211	0.7561
KRT8	PPM1G	3	0.0508	0.7146
LMNA	PPM1G	3	0.2412	0.5898
MAPRE3	PPM1G	3	0.0150	0.7715
ACTB	PPME1	3	0.2470	0.5861
CTNNA1	PPME1	3	0.0452	0.7202
KRT8	PPME1	3	0.2296	0.5946
LMNA	PPME1	3	0.2547	0.5820
MAPRE3	PPME1	3	0.1206	0.6586
ACTB	PPOX	3	0.1929	0.6133
CTNNA1	PPOX	3	0.0091	0.7930
KRT8	PPOX	3	0.0106	0.7871
LMNA	PPOX	3	0.0025	0.8246
ACTB	PPP1CA	3	0.0971	0.6759
KRT8	PPP1CA	3	0.1166	0.6618
LMNA	PPP1CA	3	0.0029	0.8218
MAPRE3	PPP1CA	3	0.0012	0.8352
ACTB	PPP1CB	3	0.3484	0.3652
CTNNA1	PPP1CB	3	0.0764	0.6923
KRT8	PPP1CB	3	0.3093	0.5553
LMNA	PPP1CB	3	0.2357	0.5924
MAPRE3	PPP1CB	3	0.2019	0.6086
ACTB	PPP1CC	3	0.0119	0.7820
KRT8	PPP1CC	3	0.0129	0.7782
MAPRE3	PPP1CC	3	0.0004	0.8448
ACTB	PPP1R10	3	0.0028	0.8224
CTNNA1	PPP1R10	3	0.0000	0.8553
KRT8	PPP1R10	3	0.0004	0.8448
LMNA	PPP1R10	3	0.0046	0.8132
MAPRE3	PPP1R10	3	0.0001	0.8514
ACTB	PPP1R12A	3	0.4088	0.2700
CTNNA1	PPP1R12A	3	0.1773	0.6228
KRT8	PPP1R12A	3	0.2491	0.5850
LMNA	PPP1R12A	3	0.1367	0.6473
MAPRE3	PPP1R12A	3	0.2689	0.5753
ACTB	PPP1R12B	3	0.3589	0.3460
MAPRE3	PPP1R12B	3	0.0004	0.8448
ACTB	PPP1R12C	3	0.0232	0.7518
KRT8	PPP1R12C	3	0.0024	0.8252
KRT8	PPP1R13B	3	0.0135	0.7761
MAPRE3	PPP1R13B	3	0.0002	0.8487
ACTB	PPP1R13L	3	0.3297	0.5454
CTNNA1	PPP1R13L	3	0.1633	0.6313
KRT8	PPP1R13L	3	0.3884	0.2976
LMNA	PPP1R13L	3	0.1233	0.6567
MAPRE3	PPP1R13L	3	0.3246	0.5483
ACTB	PPP1R14B	3	0.6667	0.0721
KRT8	PPP1R14B	3	0.6667	0.0721
LMNA	PPP1R14B	3	0.3333	0.4096
ACTB	PPP1R15B	3	0.3029	0.5588
CTNNA1	PPP1R15B	3	0.1371	0.6471
KRT8	PPP1R15B	3	0.3218	0.5495
LMNA	PPP1R15B	3	0.0665	0.7004
MAPRE3	PPP1R15B	3	0.1772	0.6229
ACTB	PPP1R18	3	0.8690	0.0121
CTNNA1	PPP1R18	3	0.0013	0.8344
KRT8	PPP1R18	3	0.0126	0.7792
LMNA	PPP1R18	3	0.0023	0.8260
MAPRE3	PPP1R18	3	0.0025	0.8246
ACTB	PPP1R2	3	0.0091	0.7930
CTNNA1	PPP1R2	3	0.0000	0.8553
KRT8	PPP1R2	3	0.0067	0.8030
LMNA	PPP1R2	3	0.0048	0.8121
MAPRE3	PPP1R2	3	0.0005	0.8431
KRT8	PPP1R21	3	0.0056	0.8082
MAPRE3	PPP1R21	3	0.3087	0.5557
ACTB	PPP1R35	3	0.0744	0.6938
CTNNA1	PPP1R35	3	0.0006	0.8417
KRT8	PPP1R35	3	0.1029	0.6713
LMNA	PPP1R35	3	0.0022	0.8268
MAPRE3	PPP1R35	3	0.0109	0.7861
KRT8	PPP1R37	3	0.3333	0.4096
LMNA	PPP1R37	3	0.3333	0.4096
ACTB	PPP1R8	3	0.0012	0.8352
KRT8	PPP1R8	3	0.0068	0.8026
LMNA	PPP1R8	3	0.1342	0.6489
ACTB	PPP1R9A	3	0.9360	0.0048
KRT8	PPP1R9A	3	0.0028	0.8224
ACTB	PPP1R9B	3	0.7684	0.0301
KRT8	PPP1R9B	3	0.0120	0.7815
MAPRE3	PPP1R9B	3	0.0002	0.8487
ACTB	PPP2CA;PPP2CB	3	0.0290	0.7410
CTNNA1	PPP2CA;PPP2CB	3	0.0158	0.7691
KRT8	PPP2CA;PPP2CB	3	0.1299	0.6524
LMNA	PPP2CA;PPP2CB	3	0.0158	0.7691
MAPRE3	PPP2CA;PPP2CB	3	0.0058	0.8072
ACTB	PPP2R1A	3	0.1611	0.6326
CTNNA1	PPP2R1A	3	0.1672	0.6287
KRT8	PPP2R1A	3	0.3687	0.3263
LMNA	PPP2R1A	3	0.0562	0.7099
MAPRE3	PPP2R1A	3	0.0831	0.6874
ACTB	PPP2R2A	3	0.0082	0.7969
CTNNA1	PPP2R2A	3	0.0083	0.7964
KRT8	PPP2R2A	3	0.0148	0.7721
LMNA	PPP2R2A	3	0.0139	0.7747
MAPRE3	PPP2R2A	3	0.0047	0.8127
CTNNA1	PPP2R2D	3	0.0000	0.8553
KRT8	PPP2R2D	3	0.0010	0.8371
ACTB	PPP2R3A	3	0.0173	0.7650
KRT8	PPP2R3A	3	0.3152	0.5525
ACTB	PPP2R5A	3	0.3721	0.3211
KRT8	PPP2R5A	3	0.4233	0.2524
LMNA	PPP2R5A	3	0.3155	0.5523
ACTB	PPP2R5C	3	0.2361	0.5921
KRT8	PPP2R5C	3	0.2997	0.5604
LMNA	PPP2R5C	3	0.2620	0.5783
MAPRE3	PPP2R5C	3	0.0050	0.8113
ACTB	PPP2R5D	3	0.2473	0.5859
CTNNA1	PPP2R5D	3	0.0253	0.7478
KRT8	PPP2R5D	3	0.2733	0.5733
LMNA	PPP2R5D	3	0.1748	0.6245
MAPRE3	PPP2R5D	3	0.0598	0.7065
KRT8	PPP2R5E	3	0.3333	0.4096
ACTB	PPP3CA	3	0.3230	0.5490
CTNNA1	PPP3CA	3	0.0757	0.6928
KRT8	PPP3CA	3	0.3200	0.5504
LMNA	PPP3CA	3	0.2030	0.6080
MAPRE3	PPP3CA	3	0.1902	0.6150
KRT8	PPP3CB	3	0.0058	0.8072
ACTB	PPP3CC	3	0.0000	0.8553
CTNNA1	PPP3R1	3	0.0017	0.8305
ACTB	PPP4R1	3	0.4227	0.2538
CTNNA1	PPP4R1	3	0.0691	0.6982
KRT8	PPP4R1	3	0.2467	0.5863
LMNA	PPP4R1	3	0.0972	0.6757
MAPRE3	PPP4R1	3	0.1006	0.6733
LMNA	PPP4R2	3	0.1152	0.6629
ACTB	PPP4R3A	3	0.0004	0.8448
KRT8	PPP4R3A	3	0.0002	0.8487
LMNA	PPP4R3A	3	0.0152	0.7709
KRT8	PPP4R3B	3	0.0001	0.8514
LMNA	PPP4R3B	3	0.0116	0.7833
MAPRE3	PPP4R4	3	0.3333	0.4096
ACTB	PPP5C	3	0.0117	0.7830
CTNNA1	PPP5C	3	0.0189	0.7607
KRT8	PPP5C	3	0.0147	0.7724
LMNA	PPP5C	3	0.0057	0.8078
MAPRE3	PPP5C	3	0.0047	0.8127
ACTB	PPP6C	3	0.0110	0.7857
KRT8	PPP6C	3	0.0889	0.6826
LMNA	PPP6C	3	0.0125	0.7796
MAPRE3	PPP6C	3	0.0001	0.8514
ACTB	PPP6R1	3	0.0144	0.7732
CTNNA1	PPP6R1	3	0.0015	0.8325
KRT8	PPP6R1	3	0.3094	0.5553
MAPRE3	PPP6R1	3	0.0012	0.8352
ACTB	PPP6R2	3	0.0050	0.8113
CTNNA1	PPP6R2	3	0.0000	0.8553
KRT8	PPP6R2	3	0.0220	0.7542
MAPRE3	PPP6R2	3	0.0003	0.8465
ACTB	PPP6R3	3	0.2717	0.5739
CTNNA1	PPP6R3	3	0.1261	0.6545
KRT8	PPP6R3	3	0.3641	0.3351
LMNA	PPP6R3	3	0.2046	0.6073
MAPRE3	PPP6R3	3	0.1334	0.6496
KRT8	PPWD1	3	0.0011	0.8360
LMNA	PPWD1	3	0.6113	0.1776
ACTB	PQBP1	3	0.0001	0.8514
KRT8	PQBP1	3	0.0001	0.8514
LMNA	PQBP1	3	0.0458	0.7196
ACTB	PRAF2	3	0.2953	0.5631
CTNNA1	PRAF2	3	0.0860	0.6848
KRT8	PRAF2	3	0.3886	0.2973
LMNA	PRAF2	3	0.3269	0.5469
MAPRE3	PRAF2	3	0.2004	0.6094
ACTB	PRAG1	3	0.2165	0.6011
CTNNA1	PRAG1	3	0.0031	0.8206
KRT8	PRAG1	3	0.0166	0.7668
LMNA	PRAG1	3	0.0002	0.8487
MAPRE3	PRAG1	3	0.0053	0.8097
KRT8	PRAME	3	0.6667	0.0721
ACTB	PRAMEF1	3	0.3333	0.4096
KRT8	PRAMEF1	3	0.3333	0.4096
KRT8	PRAMEF13	3	0.3333	0.4096
ACTB	PRC1	3	0.0024	0.8252
KRT8	PRC1	3	0.0023	0.8260
LMNA	PRC1	3	0.0076	0.7991
MAPRE3	PRC1	3	0.0178	0.7637
ACTB	PRCC	3	0.0016	0.8315
KRT8	PRCC	3	0.0004	0.8448
LMNA	PRCC	3	0.0286	0.7416
LMNA	PRDM11	3	0.9980	0.0001
MAPRE3	PRDM13	3	0.3333	0.4096
ACTB	PRDM2	3	0.0007	0.8404
LMNA	PRDM2	3	0.0911	0.6807
LMNA	PRDM4	3	0.3333	0.4096
ACTB	PRDX1	3	0.0150	0.7715
CTNNA1	PRDX1	3	0.0173	0.7650
KRT8	PRDX1	3	0.0073	0.8005
LMNA	PRDX1	3	0.0081	0.7973
MAPRE3	PRDX1	3	0.0072	0.8009
ACTB	PRDX2	3	0.1118	0.6652
CTNNA1	PRDX2	3	0.0574	0.7085
KRT8	PRDX2	3	0.0825	0.6880
LMNA	PRDX2	3	0.0895	0.6822
MAPRE3	PRDX2	3	0.0110	0.7857
ACTB	PRDX3	3	0.0124	0.7799
CTNNA1	PRDX3	3	0.0265	0.7454
KRT8	PRDX3	3	0.0123	0.7804
LMNA	PRDX3	3	0.0159	0.7689
MAPRE3	PRDX3	3	0.0050	0.8113
ACTB	PRDX4	3	0.2477	0.5857
CTNNA1	PRDX4	3	0.0135	0.7761
KRT8	PRDX4	3	0.1637	0.6310
LMNA	PRDX4	3	0.1331	0.6499
MAPRE3	PRDX4	3	0.0579	0.7082
ACTB	PRDX5	3	0.0588	0.7074
CTNNA1	PRDX5	3	0.0098	0.7900
KRT8	PRDX5	3	0.1232	0.6568
LMNA	PRDX5	3	0.0298	0.7397
MAPRE3	PRDX5	3	0.0119	0.7820
ACTB	PRDX6	3	0.0735	0.6947
CTNNA1	PRDX6	3	0.0123	0.7804
KRT8	PRDX6	3	0.0620	0.7049
LMNA	PRDX6	3	0.0231	0.7520
MAPRE3	PRDX6	3	0.0097	0.7904
ACTB	PREB	3	0.2999	0.5602
CTNNA1	PREB	3	0.0027	0.8233
KRT8	PREB	3	0.3333	0.4096
LMNA	PREB	3	0.0338	0.7339
MAPRE3	PREB	3	0.0027	0.8233
ACTB	PREP	3	0.2963	0.5625
CTNNA1	PREP	3	0.0720	0.6956
KRT8	PREP	3	0.3154	0.5524
LMNA	PREP	3	0.2172	0.6006
MAPRE3	PREP	3	0.0829	0.6876
CTNNA1	PREPL	3	0.0085	0.7955
KRT8	PREPL	3	0.0078	0.7983
LMNA	PREPL	3	0.1286	0.6531
MAPRE3	PREPL	3	0.0355	0.7317
ACTB	PRG2	3	0.3333	0.4096
CTNNA1	PRG4	3	0.0000	0.8553
KRT8	PRIM1	3	0.0008	0.8393
LMNA	PRIM1	3	0.0008	0.8393
MAPRE3	PRIM1	3	0.2108	0.6042
ACTB	PRIM2	3	0.0017	0.8305
KRT8	PRIM2	3	0.0017	0.8305
LMNA	PRIM2	3	0.0042	0.8151
MAPRE3	PRIM2	3	0.0000	0.8553
KRT8	PRIMPOL	3	0.3333	0.4096
ACTB	PRKAA1	3	0.0106	0.7871
CTNNA1	PRKAA1	3	0.0001	0.8514
KRT8	PRKAA1	3	0.0365	0.7304
LMNA	PRKAA1	3	0.0026	0.8238
MAPRE3	PRKAA1	3	0.0022	0.8268
ACTB	PRKAB1	3	0.0366	0.7303
KRT8	PRKAB1	3	0.2342	0.5929
KRT8	PRKAB2	3	0.3333	0.4096
ACTB	PRKACA	3	0.0307	0.7384
CTNNA1	PRKACA	3	0.0178	0.7637
KRT8	PRKACA	3	0.0550	0.7108
LMNA	PRKACA	3	0.0225	0.7530
MAPRE3	PRKACA	3	0.0055	0.8088
ACTB	PRKACB	3	0.0194	0.7597
CTNNA1	PRKACB	3	0.0189	0.7607
KRT8	PRKACB	3	0.0068	0.8026
LMNA	PRKACB	3	0.0189	0.7607
MAPRE3	PRKACB	3	0.0091	0.7930
KRT8	PRKACG	3	0.0014	0.8335
ACTB	PRKAG1	3	0.0834	0.6871
KRT8	PRKAG1	3	0.2261	0.5964
LMNA	PRKAG1	3	0.0463	0.7192
MAPRE3	PRKAG1	3	0.0043	0.8145
ACTB	PRKAG2	3	0.0191	0.7603
KRT8	PRKAG2	3	0.0559	0.7102
LMNA	PRKAG2	3	0.2103	0.6043
ACTB	PRKAR1A	3	0.0395	0.7260
CTNNA1	PRKAR1A	3	0.0001	0.8514
KRT8	PRKAR1A	3	0.0091	0.7930
LMNA	PRKAR1A	3	0.0002	0.8487
MAPRE3	PRKAR1A	3	0.0000	0.8553
ACTB	PRKAR2A	3	0.2258	0.5965
CTNNA1	PRKAR2A	3	0.0153	0.7706
KRT8	PRKAR2A	3	0.1429	0.6437
LMNA	PRKAR2A	3	0.0128	0.7786
MAPRE3	PRKAR2A	3	0.1069	0.6688
ACTB	PRKCA	3	0.0103	0.7884
CTNNA1	PRKCA	3	0.0001	0.8514
KRT8	PRKCA	3	0.0286	0.7416
LMNA	PRKCA	3	0.0020	0.8282
MAPRE3	PRKCA	3	0.0007	0.8404
ACTB	PRKCD	3	0.0216	0.7550
KRT8	PRKCD	3	0.0171	0.7655
LMNA	PRKCD	3	0.0252	0.7480
KRT8	PRKCE	3	0.3333	0.4096
KRT8	PRKCG	3	0.1108	0.6662
ACTB	PRKCH	3	0.3333	0.4096
ACTB	PRKCI	3	0.0499	0.7155
CTNNA1	PRKCI	3	0.0015	0.8325
KRT8	PRKCI	3	0.0903	0.6817
LMNA	PRKCI	3	0.0086	0.7950
MAPRE3	PRKCI	3	0.0053	0.8097
ACTB	PRKD2	3	0.0359	0.7313
ACTB	PRKD3	3	0.0633	0.7033
KRT8	PRKD3	3	0.0123	0.7804
LMNA	PRKD3	3	0.0031	0.8206
MAPRE3	PRKD3	3	0.0011	0.8360
ACTB	PRKDC	3	0.2146	0.6021
CTNNA1	PRKDC	3	0.0572	0.7088
KRT8	PRKDC	3	0.3951	0.2870
LMNA	PRKDC	3	0.2262	0.5964
MAPRE3	PRKDC	3	0.1499	0.6394
ACTB	PRKRA	3	0.0067	0.8030
CTNNA1	PRKRA	3	0.0002	0.8487
KRT8	PRKRA	3	0.0000	0.8553
LMNA	PRKRA	3	0.0005	0.8431
MAPRE3	PRKRA	3	0.0030	0.8212
LMNA	PRKRIP1	3	0.0142	0.7739
ACTB	PRMT1	3	0.0518	0.7135
CTNNA1	PRMT1	3	0.0225	0.7530
KRT8	PRMT1	3	0.0639	0.7027
LMNA	PRMT1	3	0.0525	0.7129
MAPRE3	PRMT1	3	0.0136	0.7758
ACTB	PRMT3	3	0.0254	0.7476
CTNNA1	PRMT3	3	0.0093	0.7922
KRT8	PRMT3	3	0.3442	0.3767
LMNA	PRMT3	3	0.0580	0.7081
MAPRE3	PRMT3	3	0.0077	0.7987
ACTB	PRMT5	3	0.1001	0.6737
CTNNA1	PRMT5	3	0.0023	0.8260
KRT8	PRMT5	3	0.2604	0.5789
LMNA	PRMT5	3	0.0466	0.7188
MAPRE3	PRMT5	3	0.0188	0.7610
ACTB	PRMT7	3	0.0044	0.8141
CTNNA1	PRMT7	3	0.0000	0.8553
KRT8	PRMT7	3	0.0023	0.8260
LMNA	PRMT7	3	0.0037	0.8175
MAPRE3	PRMT7	3	0.0001	0.8514
LMNA	PRMT8	3	0.0002	0.8487
ACTB	PRMT9	3	0.0053	0.8097
KRT8	PRMT9	3	0.0270	0.7444
LMNA	PRMT9	3	0.0000	0.8553
MAPRE3	PRMT9	3	0.0004	0.8448
KRT8	PRO1716	3	0.3333	0.4096
ACTB	PROB1	3	0.3333	0.4096
KRT8	PROB1	3	0.3333	0.4096
KRT8	PROC	3	0.3333	0.4096
MAPRE3	PRODH2	3	0.0009	0.8382
ACTB	PROM1	3	0.0030	0.8212
KRT8	PROM1	3	0.0016	0.8315
LMNA	PROM1	3	0.0008	0.8393
ACTB	PRORP	3	0.2501	0.5843
CTNNA1	PRORP	3	0.0149	0.7719
KRT8	PRORP	3	0.9057	0.0065
LMNA	PRORP	3	0.1032	0.6710
MAPRE3	PRORP	3	0.0419	0.7238
KRT8	PROS1	3	0.3333	0.4096
LMNA	PROS1	3	0.3333	0.4096
CTNNA1	PROSER1	3	0.0000	0.8553
LMNA	PROSER1	3	0.0010	0.8371
ACTB	PROSER2	3	0.6667	0.0721
MAPRE3	PROSER2	3	0.3333	0.4096
ACTB	PROSER3	3	0.0025	0.8246
KRT8	PROSER3	3	0.5135	0.2074
ACTB	PRPF18	3	0.0003	0.8465
KRT8	PRPF18	3	0.0003	0.8465
LMNA	PRPF18	3	0.0133	0.7767
MAPRE3	PRPF18	3	0.0000	0.8553
ACTB	PRPF19	3	0.3135	0.5536
CTNNA1	PRPF19	3	0.1638	0.6310
KRT8	PRPF19	3	0.3650	0.3335
LMNA	PRPF19	3	0.2758	0.5723
MAPRE3	PRPF19	3	0.1118	0.6652
ACTB	PRPF3	3	0.2972	0.5620
CTNNA1	PRPF3	3	0.1483	0.6402
KRT8	PRPF3	3	0.2135	0.6028
LMNA	PRPF3	3	0.3743	0.3170
MAPRE3	PRPF3	3	0.2995	0.5605
ACTB	PRPF31	3	0.0019	0.8289
CTNNA1	PRPF31	3	0.0000	0.8553
KRT8	PRPF31	3	0.0023	0.8260
LMNA	PRPF31	3	0.0529	0.7124
MAPRE3	PRPF31	3	0.0006	0.8417
LMNA	PRPF38A	3	0.3333	0.4096
ACTB	PRPF38B	3	0.0345	0.7331
CTNNA1	PRPF38B	3	0.0010	0.8371
KRT8	PRPF38B	3	0.0383	0.7278
LMNA	PRPF38B	3	0.0371	0.7296
MAPRE3	PRPF38B	3	0.0068	0.8026
ACTB	PRPF4	3	0.3348	0.4049
CTNNA1	PRPF4	3	0.1629	0.6316
KRT8	PRPF4	3	0.2152	0.6018
LMNA	PRPF4	3	0.3281	0.5465
MAPRE3	PRPF4	3	0.2991	0.5608
ACTB	PRPF40A	3	0.3024	0.5591
CTNNA1	PRPF40A	3	0.1686	0.6280
KRT8	PRPF40A	3	0.2867	0.5671
LMNA	PRPF40A	3	0.3409	0.3850
MAPRE3	PRPF40A	3	0.1637	0.6310
LMNA	PRPF40B	3	0.0567	0.7094
ACTB	PRPF4B	3	0.0000	0.8553
LMNA	PRPF4B	3	0.0020	0.8282
MAPRE3	PRPF4B	3	0.0000	0.8553
ACTB	PRPF6	3	0.2183	0.6000
CTNNA1	PRPF6	3	0.0747	0.6935
KRT8	PRPF6	3	0.2742	0.5729
LMNA	PRPF6	3	0.3244	0.5484
MAPRE3	PRPF6	3	0.1454	0.6420
ACTB	PRPF8	3	0.3619	0.3399
CTNNA1	PRPF8	3	0.1505	0.6389
KRT8	PRPF8	3	0.3803	0.3088
LMNA	PRPF8	3	0.3718	0.3219
MAPRE3	PRPF8	3	0.3550	0.3529
KRT8	PRPH2	3	0.3333	0.4096
LMNA	PRPS1	3	0.3333	0.4096
ACTB	PRPS2	3	0.1914	0.6142
CTNNA1	PRPS2	3	0.0536	0.7119
KRT8	PRPS2	3	0.1782	0.6222
LMNA	PRPS2	3	0.1645	0.6307
MAPRE3	PRPS2	3	0.0301	0.7393
ACTB	PRPSAP1	3	0.0483	0.7171
KRT8	PRPSAP1	3	0.0742	0.6939
LMNA	PRPSAP1	3	0.0025	0.8246
MAPRE3	PRPSAP1	3	0.0030	0.8212
ACTB	PRPSAP2	3	0.0044	0.8141
KRT8	PRPSAP2	3	0.0059	0.8068
LMNA	PRPSAP2	3	0.0006	0.8417
MAPRE3	PRPSAP2	3	0.0001	0.8514
ACTB	PRR11	3	0.9664	0.0020
CTNNA1	PRR11	3	0.0003	0.8465
KRT8	PRR11	3	0.0129	0.7782
LMNA	PRR11	3	0.0048	0.8121
MAPRE3	PRR11	3	0.0102	0.7887
ACTB	PRR12	3	0.0011	0.8360
KRT8	PRR12	3	0.0099	0.7897
LMNA	PRR12	3	0.0453	0.7201
MAPRE3	PRR12	3	0.0000	0.8553
LMNA	PRR14	3	1.0000	0.0000
ACTB	PRR14L	3	0.0013	0.8344
KRT8	PRR14L	3	0.0023	0.8260
LMNA	PRR14L	3	0.0923	0.6796
MAPRE3	PRR14L	3	0.0008	0.8393
ACTB	PRR4	3	0.3333	0.4096
ACTB	PRR5L	3	0.3044	0.5581
KRT8	PRR5L	3	0.0125	0.7796
MAPRE3	PRR5L	3	0.0077	0.7987
ACTB	PRRC1	3	0.3309	0.5448
CTNNA1	PRRC1	3	0.0939	0.6785
KRT8	PRRC1	3	0.3334	0.4090
LMNA	PRRC1	3	0.2285	0.5953
MAPRE3	PRRC1	3	0.2178	0.6002
ACTB	PRRC2A	3	0.0081	0.7973
CTNNA1	PRRC2A	3	0.0001	0.8514
KRT8	PRRC2A	3	0.0090	0.7935
LMNA	PRRC2A	3	0.0003	0.8465
MAPRE3	PRRC2A	3	0.0121	0.7811
ACTB	PRRC2B	3	0.0091	0.7930
CTNNA1	PRRC2B	3	0.0001	0.8514
KRT8	PRRC2B	3	0.0244	0.7493
LMNA	PRRC2B	3	0.0030	0.8212
MAPRE3	PRRC2B	3	0.0040	0.8161
ACTB	PRRC2C	3	0.2291	0.5948
CTNNA1	PRRC2C	3	0.0710	0.6965
KRT8	PRRC2C	3	0.2418	0.5895
LMNA	PRRC2C	3	0.0362	0.7308
MAPRE3	PRRC2C	3	0.2362	0.5920
ACTB	PRRT1	3	0.3333	0.4096
KRT8	PRRX1	3	0.0017	0.8305
LMNA	PRRX1	3	0.3704	0.3245
KRT8	PRSS1	3	0.3333	0.4096
ACTB	PRSS21	3	0.0127	0.7790
CTNNA1	PRSS21	3	0.0013	0.8344
KRT8	PRSS21	3	0.1964	0.6115
LMNA	PRSS21	3	0.0084	0.7959
MAPRE3	PRSS21	3	0.0005	0.8431
ACTB	PRSS22	3	0.3333	0.4096
ACTB	PRSS3	3	0.0062	0.8053
CTNNA1	PRSS3	3	0.0069	0.8021
KRT8	PRSS3	3	0.0275	0.7437
LMNA	PRSS3	3	0.0097	0.7904
MAPRE3	PRSS3	3	0.0060	0.8062
ACTB	PRSS51	3	0.3333	0.4096
KRT8	PRTG	3	0.3333	0.4096
ACTB	PRTN3	3	0.3333	0.4096
ACTB	PRUNE1	3	0.3475	0.3667
KRT8	PRUNE1	3	0.3459	0.3721
LMNA	PRUNE1	3	0.3394	0.3894
ACTB	PRUNE2	3	0.2620	0.5783
CTNNA1	PRUNE2	3	0.0657	0.7011
KRT8	PRUNE2	3	0.2816	0.5698
LMNA	PRUNE2	3	0.0598	0.7065
MAPRE3	PRUNE2	3	0.1295	0.6526
KRT8	PRX	3	0.3333	0.4096
LMNA	PRX	3	0.3333	0.4096
ACTB	PSAT1	3	0.1447	0.6424
CTNNA1	PSAT1	3	0.0016	0.8315
KRT8	PSAT1	3	0.1679	0.6283
LMNA	PSAT1	3	0.0360	0.7312
MAPRE3	PSAT1	3	0.0187	0.7613
MAPRE3	PSD	3	0.3333	0.4096
ACTB	PSD3	3	0.0176	0.7642
CTNNA1	PSD3	3	0.0026	0.8238
KRT8	PSD3	3	0.1191	0.6596
LMNA	PSD3	3	0.0001	0.8514
MAPRE3	PSD3	3	0.0001	0.8514
MAPRE3	PSG1	3	0.3333	0.4096
ACTB	PSIP1	3	0.2428	0.5886
CTNNA1	PSIP1	3	0.1180	0.6605
KRT8	PSIP1	3	0.1870	0.6169
LMNA	PSIP1	3	0.3749	0.3155
MAPRE3	PSIP1	3	0.1504	0.6389
KRT8	PSMA1	3	0.3333	0.4096
ACTB	PSMA2	3	0.0702	0.6970
KRT8	PSMA2	3	0.3092	0.5554
LMNA	PSMA2	3	0.2643	0.5774
MAPRE3	PSMA2	3	0.0032	0.8201
ACTB	PSMA4	3	0.3103	0.5550
CTNNA1	PSMA4	3	0.1069	0.6688
KRT8	PSMA4	3	0.3440	0.3770
LMNA	PSMA4	3	0.2436	0.5883
MAPRE3	PSMA4	3	0.1913	0.6142
ACTB	PSMA5	3	0.3948	0.2872
CTNNA1	PSMA5	3	0.0831	0.6874
KRT8	PSMA5	3	0.3473	0.3675
LMNA	PSMA5	3	0.0319	0.7368
MAPRE3	PSMA5	3	0.0049	0.8116
ACTB	PSMA7	3	0.0189	0.7607
KRT8	PSMA7	3	0.0403	0.7251
LMNA	PSMA7	3	0.0038	0.8170
MAPRE3	PSMA7	3	0.0208	0.7566
ACTB	PSMB1	3	0.0084	0.7959
KRT8	PSMB1	3	0.0048	0.8121
MAPRE3	PSMB1	3	0.0010	0.8371
LMNA	PSMB10	3	0.3333	0.4096
ACTB	PSMB2	3	0.0741	0.6940
KRT8	PSMB2	3	0.0916	0.6804
LMNA	PSMB2	3	0.0021	0.8274
MAPRE3	PSMB2	3	0.3340	0.4071
ACTB	PSMB3	3	0.3333	0.4096
ACTB	PSMB4	3	0.0104	0.7880
KRT8	PSMB4	3	0.5644	0.1886
LMNA	PSMB4	3	0.6691	0.0702
LMNA	PSMB5	3	0.3333	0.4096
ACTB	PSMB7	3	0.0023	0.8260
LMNA	PSMB7	3	0.0054	0.8093
MAPRE3	PSMB7	3	0.0002	0.8487
ACTB	PSMC1	3	0.0156	0.7698
CTNNA1	PSMC1	3	0.1398	0.6455
KRT8	PSMC1	3	0.0214	0.7555
LMNA	PSMC1	3	0.0119	0.7820
MAPRE3	PSMC1	3	0.0031	0.8206
ACTB	PSMC2	3	0.3383	0.3933
CTNNA1	PSMC2	3	0.1841	0.6187
KRT8	PSMC2	3	0.4045	0.2752
LMNA	PSMC2	3	0.2231	0.5977
MAPRE3	PSMC2	3	0.2161	0.6013
ACTB	PSMC3	3	0.2498	0.5845
CTNNA1	PSMC3	3	0.0975	0.6756
KRT8	PSMC3	3	0.3941	0.2882
LMNA	PSMC3	3	0.1970	0.6111
MAPRE3	PSMC3	3	0.1617	0.6324
LMNA	PSMC3IP	3	0.0353	0.7320
ACTB	PSMC4	3	0.0981	0.6750
KRT8	PSMC4	3	0.1001	0.6737
LMNA	PSMC4	3	0.0259	0.7466
MAPRE3	PSMC4	3	0.0037	0.8175
ACTB	PSMC5	3	0.3403	0.3863
CTNNA1	PSMC5	3	0.0919	0.6800
KRT8	PSMC5	3	0.3322	0.5440
LMNA	PSMC5	3	0.2274	0.5959
MAPRE3	PSMC5	3	0.2426	0.5888
ACTB	PSMC6	3	0.3457	0.3724
CTNNA1	PSMC6	3	0.0009	0.8382
KRT8	PSMC6	3	0.0699	0.6974
LMNA	PSMC6	3	0.0097	0.7904
MAPRE3	PSMC6	3	0.0036	0.8180
ACTB	PSMD1	3	0.0143	0.7735
CTNNA1	PSMD1	3	0.0002	0.8487
KRT8	PSMD1	3	0.0083	0.7964
LMNA	PSMD1	3	0.0023	0.8260
MAPRE3	PSMD1	3	0.0002	0.8487
ACTB	PSMD11	3	0.0093	0.7922
CTNNA1	PSMD11	3	0.0001	0.8514
KRT8	PSMD11	3	0.0062	0.8053
LMNA	PSMD11	3	0.0012	0.8352
MAPRE3	PSMD11	3	0.0001	0.8514
ACTB	PSMD12	3	0.3844	0.3025
CTNNA1	PSMD12	3	0.1014	0.6727
KRT8	PSMD12	3	0.1675	0.6285
LMNA	PSMD12	3	0.1764	0.6234
MAPRE3	PSMD12	3	0.1442	0.6428
ACTB	PSMD13	3	0.3214	0.5498
CTNNA1	PSMD13	3	0.0979	0.6752
KRT8	PSMD13	3	0.3509	0.3604
LMNA	PSMD13	3	0.2271	0.5960
MAPRE3	PSMD13	3	0.1785	0.6220
ACTB	PSMD14	3	0.2674	0.5761
CTNNA1	PSMD14	3	0.0283	0.7422
KRT8	PSMD14	3	0.3099	0.5551
LMNA	PSMD14	3	0.1264	0.6544
MAPRE3	PSMD14	3	0.0869	0.6840
ACTB	PSMD2	3	0.2934	0.5640
CTNNA1	PSMD2	3	0.0361	0.7310
KRT8	PSMD2	3	0.3452	0.3733
LMNA	PSMD2	3	0.1286	0.6531
MAPRE3	PSMD2	3	0.1020	0.6720
ACTB	PSMD3	3	0.0945	0.6780
CTNNA1	PSMD3	3	0.0009	0.8382
KRT8	PSMD3	3	0.0449	0.7205
LMNA	PSMD3	3	0.0244	0.7493
MAPRE3	PSMD3	3	0.0079	0.7980
ACTB	PSMD4	3	0.2983	0.5613
CTNNA1	PSMD4	3	0.0597	0.7066
KRT8	PSMD4	3	0.2932	0.5641
LMNA	PSMD4	3	0.2011	0.6090
MAPRE3	PSMD4	3	0.0403	0.7251
ACTB	PSMD5	3	0.2480	0.5855
CTNNA1	PSMD5	3	0.0302	0.7392
KRT8	PSMD5	3	0.3613	0.3407
LMNA	PSMD5	3	0.0895	0.6822
MAPRE3	PSMD5	3	0.1178	0.6607
ACTB	PSMD6	3	0.0063	0.8048
CTNNA1	PSMD6	3	0.0000	0.8553
KRT8	PSMD6	3	0.0236	0.7511
LMNA	PSMD6	3	0.0253	0.7478
MAPRE3	PSMD6	3	0.0047	0.8127
ACTB	PSMD7	3	0.6636	0.1634
CTNNA1	PSMD7	3	0.1376	0.6467
KRT8	PSMD7	3	0.0215	0.7553
LMNA	PSMD7	3	0.3539	0.3553
MAPRE3	PSMD7	3	0.8884	0.0095
ACTB	PSMD8	3	0.1555	0.6359
CTNNA1	PSMD8	3	0.0010	0.8371
KRT8	PSMD8	3	0.2065	0.6060
LMNA	PSMD8	3	0.0626	0.7042
MAPRE3	PSMD8	3	0.0336	0.7343
ACTB	PSMD9	3	0.0304	0.7389
CTNNA1	PSMD9	3	0.0699	0.6974
KRT8	PSMD9	3	0.0350	0.7325
LMNA	PSMD9	3	0.0400	0.7255
MAPRE3	PSMD9	3	0.0279	0.7431
ACTB	PSME1	3	0.1856	0.6180
KRT8	PSME1	3	0.2860	0.5674
LMNA	PSME1	3	0.2140	0.6026
MAPRE3	PSME1	3	0.1062	0.6690
ACTB	PSME2	3	0.0505	0.7151
CTNNA1	PSME2	3	0.0200	0.7582
KRT8	PSME2	3	0.3121	0.5542
LMNA	PSME2	3	0.3881	0.2985
MAPRE3	PSME2	3	0.0171	0.7655
ACTB	PSME3	3	0.0027	0.8233
CTNNA1	PSME3	3	0.0001	0.8514
KRT8	PSME3	3	0.0023	0.8260
LMNA	PSME3	3	0.0241	0.7500
MAPRE3	PSME3	3	0.0002	0.8487
ACTB	PSME3IP1	3	0.1753	0.6242
CTNNA1	PSME3IP1	3	0.0505	0.7151
KRT8	PSME3IP1	3	0.1609	0.6328
LMNA	PSME3IP1	3	0.2947	0.5634
MAPRE3	PSME3IP1	3	0.1189	0.6597
ACTB	PSME4	3	0.0024	0.8252
CTNNA1	PSME4	3	0.0006	0.8417
KRT8	PSME4	3	0.2864	0.5672
MAPRE3	PSME4	3	0.0006	0.8417
ACTB	PSMG1	3	0.0699	0.6974
CTNNA1	PSMG1	3	0.0195	0.7594
KRT8	PSMG1	3	0.0941	0.6784
LMNA	PSMG1	3	0.0203	0.7576
MAPRE3	PSMG1	3	0.0071	0.8013
ACTB	PSMG2	3	0.0121	0.7811
KRT8	PSMG2	3	0.2468	0.5862
LMNA	PSMG2	3	0.0020	0.8282
CTNNA1	PSMG3	3	0.0005	0.8431
LMNA	PSMG3	3	0.0038	0.8170
ACTB	PSPC1	3	0.1115	0.6656
KRT8	PSPC1	3	0.0807	0.6893
LMNA	PSPC1	3	0.3397	0.3887
MAPRE3	PSPC1	3	0.0572	0.7088
MAPRE3	PSRC1	3	1.0000	0.0000
ACTB	PSTK	3	0.0074	0.8000
LMNA	PTAFR	3	0.3333	0.4096
ACTB	PTAR1	3	0.0063	0.8048
CTNNA1	PTAR1	3	0.0000	0.8553
KRT8	PTAR1	3	0.0153	0.7706
LMNA	PTAR1	3	0.0111	0.7854
MAPRE3	PTAR1	3	0.0005	0.8431
ACTB	PTBP1	3	0.0151	0.7711
CTNNA1	PTBP1	3	0.0093	0.7922
KRT8	PTBP1	3	0.0219	0.7543
LMNA	PTBP1	3	0.0216	0.7550
MAPRE3	PTBP1	3	0.0027	0.8233
ACTB	PTBP3	3	0.0014	0.8335
CTNNA1	PTBP3	3	0.0000	0.8553
KRT8	PTBP3	3	0.0080	0.7976
LMNA	PTBP3	3	0.0022	0.8268
MAPRE3	PTBP3	3	0.0000	0.8553
ACTB	PTCD1	3	0.0015	0.8325
KRT8	PTCD1	3	0.6560	0.1666
KRT8	PTCD2	3	0.3333	0.4096
ACTB	PTCD3	3	0.3400	0.3876
CTNNA1	PTCD3	3	0.0401	0.7255
KRT8	PTCD3	3	0.9720	0.0016
LMNA	PTCD3	3	0.2715	0.5740
MAPRE3	PTCD3	3	0.0611	0.7057
ACTB	PTDSS1	3	0.0166	0.7668
CTNNA1	PTDSS1	3	0.0001	0.8514
KRT8	PTDSS1	3	0.3516	0.3584
LMNA	PTDSS1	3	0.0277	0.7434
MAPRE3	PTDSS1	3	0.0022	0.8268
KRT8	PTER	3	0.0017	0.8305
ACTB	PTGER1	3	0.3333	0.4096
CTNNA1	PTGES2	3	0.3333	0.4096
ACTB	PTGES3	3	0.0238	0.7507
CTNNA1	PTGES3	3	0.0153	0.7706
KRT8	PTGES3	3	0.0378	0.7285
LMNA	PTGES3	3	0.0197	0.7589
MAPRE3	PTGES3	3	0.0100	0.7894
CTNNA1	PTGIS	3	0.3333	0.4096
ACTB	PTGR1	3	0.3191	0.5508
KRT8	PTGR1	3	0.3675	0.3281
LMNA	PTGR1	3	0.5066	0.2084
KRT8	PTGR2	3	0.3333	0.4096
ACTB	PTGR3	3	0.0011	0.8360
KRT8	PTGR3	3	0.2384	0.5911
LMNA	PTGR3	3	0.0092	0.7925
ACTB	PTK2	3	0.0061	0.8057
KRT8	PTK2	3	0.4571	0.2303
LMNA	PTK2	3	0.0025	0.8246
MAPRE3	PTK2	3	0.0001	0.8514
KRT8	PTK2B	3	1.0000	0.0000
LMNA	PTK2B	3	0.3333	0.4096
ACTB	PTPA	3	0.0421	0.7236
KRT8	PTPA	3	0.2035	0.6078
LMNA	PTPA	3	0.0072	0.8009
MAPRE3	PTPA	3	0.0038	0.8170
KRT8	PTPMT1	3	0.6667	0.0721
ACTB	PTPN1	3	0.2892	0.5662
CTNNA1	PTPN1	3	0.0972	0.6757
KRT8	PTPN1	3	0.2229	0.5978
LMNA	PTPN1	3	0.3633	0.3371
MAPRE3	PTPN1	3	0.1295	0.6526
ACTB	PTPN11	3	0.0842	0.6861
CTNNA1	PTPN11	3	0.0702	0.6970
KRT8	PTPN11	3	0.0869	0.6840
LMNA	PTPN11	3	0.1327	0.6502
MAPRE3	PTPN11	3	0.0343	0.7334
ACTB	PTPN12	3	0.2524	0.5833
CTNNA1	PTPN12	3	0.0584	0.7078
KRT8	PTPN12	3	0.2545	0.5822
LMNA	PTPN12	3	0.0448	0.7205
MAPRE3	PTPN12	3	0.1532	0.6374
ACTB	PTPN13	3	0.0092	0.7925
CTNNA1	PTPN13	3	0.0010	0.8371
KRT8	PTPN13	3	0.0192	0.7600
LMNA	PTPN13	3	0.0000	0.8553
MAPRE3	PTPN13	3	0.0011	0.8360
ACTB	PTPN2	3	0.0042	0.8151
KRT8	PTPN2	3	0.5706	0.1868
LMNA	PTPN2	3	0.3133	0.5536
MAPRE3	PTPN2	3	0.0007	0.8404
KRT8	PTPN21	3	0.3333	0.4096
ACTB	PTPN23	3	0.3014	0.5595
CTNNA1	PTPN23	3	0.0939	0.6785
KRT8	PTPN23	3	0.3121	0.5542
LMNA	PTPN23	3	0.1019	0.6720
MAPRE3	PTPN23	3	0.1882	0.6162
ACTB	PTPN3	3	0.0007	0.8404
KRT8	PTPN3	3	0.1034	0.6709
LMNA	PTPN3	3	0.0003	0.8465
KRT8	PTPN9	3	0.0048	0.8121
LMNA	PTPN9	3	0.6610	0.1646
KRT8	PTPRB	3	0.3333	0.4096
LMNA	PTPRB	3	0.3333	0.4096
MAPRE3	PTPRD	3	0.0005	0.8431
CTNNA1	PTPRF	3	0.6667	0.0721
KRT8	PTPRF	3	0.6667	0.0721
MAPRE3	PTPRF	3	0.3333	0.4096
ACTB	PTPRJ	3	0.0047	0.8127
CTNNA1	PTPRJ	3	0.0007	0.8404
KRT8	PTPRJ	3	0.0002	0.8487
MAPRE3	PTPRJ	3	0.0001	0.8514
ACTB	PTPRK	3	0.3914	0.2917
CTNNA1	PTPRK	3	0.1017	0.6722
KRT8	PTPRK	3	0.1151	0.6629
LMNA	PTPRK	3	0.1013	0.6727
MAPRE3	PTPRK	3	0.0266	0.7452
ACTB	PTPRN	3	0.3333	0.4096
LMNA	PTPRN	3	0.3333	0.4096
KRT8	PTPRN2	3	0.0000	0.8553
CTNNA1	PTPRQ	3	0.3333	0.4096
KRT8	PTPRQ	3	0.3333	0.4096
ACTB	PTPRS	3	0.3333	0.4096
MAPRE3	PTPRS	3	0.3333	0.4096
KRT8	PTPRT	3	0.3333	0.4096
ACTB	PTRH1	3	0.1634	0.6312
KRT8	PTRH1	3	0.2431	0.5885
LMNA	PTRH1	3	0.1345	0.6487
ACTB	PTRH2	3	0.0635	0.7031
KRT8	PTRH2	3	0.1335	0.6495
LMNA	PTRH2	3	0.0670	0.6999
KRT8	PTTG1;PTTG2	3	0.3333	0.4096
LMNA	PUDP	3	0.3333	0.4096
ACTB	PUF60	3	0.3229	0.5491
CTNNA1	PUF60	3	0.0989	0.6744
KRT8	PUF60	3	0.3272	0.5467
LMNA	PUF60	3	0.2958	0.5629
MAPRE3	PUF60	3	0.2323	0.5937
ACTB	PUM1	3	0.2419	0.5894
CTNNA1	PUM1	3	0.0827	0.6878
KRT8	PUM1	3	0.2851	0.5680
LMNA	PUM1	3	0.0880	0.6830
MAPRE3	PUM1	3	0.1621	0.6321
ACTB	PUM2	3	0.0020	0.8282
KRT8	PUM2	3	0.0053	0.8097
MAPRE3	PUM2	3	0.0000	0.8553
ACTB	PUM3	3	0.0019	0.8289
KRT8	PUM3	3	0.0008	0.8393
LMNA	PUM3	3	0.0012	0.8352
MAPRE3	PUM3	3	0.0000	0.8553
ACTB	PURA	3	0.0158	0.7691
KRT8	PURA	3	0.2656	0.5767
LMNA	PURA	3	0.0065	0.8039
MAPRE3	PURA	3	0.0004	0.8448
ACTB	PURB	3	0.0043	0.8145
KRT8	PURB	3	0.0154	0.7704
LMNA	PURB	3	0.0043	0.8145
MAPRE3	PURB	3	0.0001	0.8514
ACTB	PUS1	3	0.1356	0.6480
KRT8	PUS1	3	0.2525	0.5833
LMNA	PUS1	3	0.1384	0.6462
MAPRE3	PUS1	3	0.0450	0.7204
LMNA	PUS3	3	0.0766	0.6922
ACTB	PUS7	3	0.0842	0.6861
CTNNA1	PUS7	3	0.0211	0.7561
KRT8	PUS7	3	0.0912	0.6806
LMNA	PUS7	3	0.2461	0.5867
MAPRE3	PUS7	3	0.0345	0.7331
LMNA	PUS7L	3	0.0055	0.8088
KRT8	PUSL1	3	0.0034	0.8190
ACTB	PWP2	3	0.0061	0.8057
CTNNA1	PWP2	3	0.0003	0.8465
KRT8	PWP2	3	0.0159	0.7689
LMNA	PWP2	3	0.0742	0.6939
MAPRE3	PWP2	3	0.0005	0.8431
LMNA	PXDC1	3	0.3333	0.4096
ACTB	PXDN	3	0.0172	0.7653
KRT8	PXDN	3	0.2579	0.5803
CTNNA1	PXDNL	3	0.3333	0.4096
LMNA	PXDNL	3	0.3333	0.4096
ACTB	PXMP2	3	0.3333	0.4096
ACTB	PXN	3	0.2704	0.5745
CTNNA1	PXN	3	0.0909	0.6809
KRT8	PXN	3	0.2160	0.6014
LMNA	PXN	3	0.0792	0.6905
MAPRE3	PXN	3	0.1204	0.6588
ACTB	PYCR1	3	0.0784	0.6910
KRT8	PYCR1	3	0.1543	0.6365
ACTB	PYCR2	3	0.0022	0.8268
KRT8	PYCR2	3	0.2232	0.5977
LMNA	PYCR2	3	0.0016	0.8315
ACTB	PYCR3	3	0.2579	0.5803
CTNNA1	PYCR3	3	0.0364	0.7306
KRT8	PYCR3	3	0.3267	0.5470
LMNA	PYCR3	3	0.2769	0.5716
MAPRE3	PYCR3	3	0.1311	0.6516
ACTB	PYGB	3	0.0058	0.8072
CTNNA1	PYGB	3	0.0000	0.8553
KRT8	PYGB	3	0.0278	0.7433
LMNA	PYGB	3	0.0055	0.8088
MAPRE3	PYGB	3	0.0009	0.8382
ACTB	PYGL	3	0.2968	0.5622
CTNNA1	PYGL	3	0.0300	0.7394
KRT8	PYGL	3	0.3266	0.5471
LMNA	PYGL	3	0.1639	0.6309
MAPRE3	PYGL	3	0.1220	0.6577
KRT8	PYGM	3	0.3333	0.4096
LMNA	PYGM	3	0.3333	0.4096
ACTB	PYM1	3	0.0049	0.8116
CTNNA1	PYM1	3	0.0000	0.8553
KRT8	PYM1	3	0.0039	0.8165
MAPRE3	PYM1	3	0.0001	0.8514
KRT8	PYROXD1	3	0.4632	0.2264
LMNA	PYROXD1	3	1.0000	0.0000
CTNNA1	PZP	3	0.3333	0.4096
ACTB	QARS1	3	0.2084	0.6050
CTNNA1	QARS1	3	0.0314	0.7376
KRT8	QARS1	3	0.1652	0.6302
LMNA	QARS1	3	0.0325	0.7359
MAPRE3	QARS1	3	0.0681	0.6990
ACTB	QKI	3	0.0059	0.8068
KRT8	QKI	3	0.0169	0.7661
LMNA	QKI	3	0.0246	0.7489
MAPRE3	QKI	3	0.0049	0.8116
ACTB	QNG1	3	0.0012	0.8352
KRT8	QNG1	3	1.0000	0.0000
LMNA	QNG1	3	0.5959	0.1806
ACTB	QRICH1	3	0.0012	0.8352
CTNNA1	QRICH1	3	0.0000	0.8553
KRT8	QRICH1	3	0.0011	0.8360
LMNA	QRICH1	3	0.0112	0.7849
MAPRE3	QRICH1	3	0.0001	0.8514
CTNNA1	QRSL1	3	0.3333	0.4096
KRT8	QRSL1	3	0.3333	0.4096
ACTB	QSER1	3	0.0005	0.8431
CTNNA1	QSER1	3	0.0000	0.8553
KRT8	QSER1	3	0.0010	0.8371
LMNA	QSER1	3	0.0074	0.8000
MAPRE3	QSER1	3	0.0001	0.8514
ACTB	QSOX2	3	0.0040	0.8161
KRT8	QSOX2	3	0.0011	0.8360
LMNA	QSOX2	3	0.0145	0.7729
MAPRE3	QSOX2	3	0.0000	0.8553
ACTB	QTRT1	3	0.6667	0.0721
KRT8	QTRT1	3	0.6667	0.0721
KRT8	QTRT2	3	0.6667	0.0721
LMNA	QTRT2	3	0.3333	0.4096
ACTB	R3HCC1	3	0.3333	0.4096
ACTB	R3HCC1L	3	0.0066	0.8035
KRT8	R3HCC1L	3	0.0584	0.7078
ACTB	R3HDM1	3	0.0055	0.8088
KRT8	R3HDM1	3	0.0057	0.8078
MAPRE3	R3HDM1	3	0.0002	0.8487
MAPRE3	R3HDM2	3	0.0000	0.8553
ACTB	RAB10	3	0.0480	0.7173
CTNNA1	RAB10	3	0.0018	0.8297
KRT8	RAB10	3	0.0555	0.7105
LMNA	RAB10	3	0.0429	0.7229
MAPRE3	RAB10	3	0.0072	0.8009
ACTB	RAB11A;RAB11B	3	0.0683	0.6988
CTNNA1	RAB11A;RAB11B	3	0.0212	0.7559
KRT8	RAB11A;RAB11B	3	0.0052	0.8103
LMNA	RAB11A;RAB11B	3	0.5388	0.1973
MAPRE3	RAB11A;RAB11B	3	0.0010	0.8371
ACTB	RAB11FIP1	3	0.0070	0.8017
CTNNA1	RAB11FIP1	3	0.0001	0.8514
KRT8	RAB11FIP1	3	0.0051	0.8108
LMNA	RAB11FIP1	3	0.0000	0.8553
MAPRE3	RAB11FIP1	3	0.0005	0.8431
ACTB	RAB11FIP2	3	0.0324	0.7360
KRT8	RAB11FIP2	3	0.0117	0.7830
MAPRE3	RAB11FIP2	3	0.0000	0.8553
ACTB	RAB11FIP5	3	0.0123	0.7804
CTNNA1	RAB11FIP5	3	0.0003	0.8465
KRT8	RAB11FIP5	3	0.0068	0.8026
LMNA	RAB11FIP5	3	0.0001	0.8514
MAPRE3	RAB11FIP5	3	0.0021	0.8274
CTNNA1	RAB12	3	0.0043	0.8145
LMNA	RAB12	3	0.3333	0.4096
ACTB	RAB13	3	0.2626	0.5780
CTNNA1	RAB13	3	0.1236	0.6565
KRT8	RAB13	3	0.1948	0.6122
LMNA	RAB13	3	0.2711	0.5742
MAPRE3	RAB13	3	0.1098	0.6669
ACTB	RAB14	3	0.0822	0.6883
CTNNA1	RAB14	3	0.0129	0.7782
KRT8	RAB14	3	0.0360	0.7312
LMNA	RAB14	3	0.1218	0.6578
MAPRE3	RAB14	3	0.0579	0.7082
ACTB	RAB15	3	0.0910	0.6808
CTNNA1	RAB15	3	0.0217	0.7547
KRT8	RAB15	3	0.2000	0.6096
MAPRE3	RAB15	3	0.0054	0.8093
ACTB	RAB18	3	0.0177	0.7640
CTNNA1	RAB18	3	0.0107	0.7868
KRT8	RAB18	3	1.0000	0.0000
LMNA	RAB18	3	0.0104	0.7880
MAPRE3	RAB18	3	0.0047	0.8127
LMNA	RAB19	3	0.3333	0.4096
ACTB	RAB1A	3	0.1552	0.6361
KRT8	RAB1A	3	0.1391	0.6459
LMNA	RAB1A	3	0.0630	0.7038
ACTB	RAB21	3	0.0091	0.7930
KRT8	RAB21	3	0.0638	0.7028
LMNA	RAB21	3	0.3249	0.5481
MAPRE3	RAB21	3	0.0003	0.8465
LMNA	RAB23	3	0.6667	0.0721
ACTB	RAB27A	3	0.0016	0.8315
KRT8	RAB27A	3	0.0000	0.8553
LMNA	RAB27A	3	0.0094	0.7917
ACTB	RAB29	3	0.0083	0.7964
CTNNA1	RAB29	3	0.0010	0.8371
KRT8	RAB29	3	0.0900	0.6819
LMNA	RAB29	3	0.4001	0.2811
MAPRE3	RAB29	3	0.0008	0.8393
ACTB	RAB2A;RAB2B	3	0.0269	0.7446
KRT8	RAB2A;RAB2B	3	0.0065	0.8039
LMNA	RAB2A;RAB2B	3	0.0027	0.8233
MAPRE3	RAB2A;RAB2B	3	0.0006	0.8417
LMNA	RAB30	3	0.3333	0.4096
LMNA	RAB32	3	0.0001	0.8514
LMNA	RAB33B	3	0.0006	0.8417
ACTB	RAB34	3	0.0448	0.7205
CTNNA1	RAB34	3	0.0120	0.7815
KRT8	RAB34	3	0.0704	0.6968
LMNA	RAB34	3	0.1900	0.6152
MAPRE3	RAB34	3	0.0351	0.7324
ACTB	RAB36	3	0.3333	0.4096
KRT8	RAB39A	3	0.0001	0.8514
ACTB	RAB3GAP1	3	0.0113	0.7846
CTNNA1	RAB3GAP1	3	0.0001	0.8514
KRT8	RAB3GAP1	3	0.1181	0.6603
LMNA	RAB3GAP1	3	0.0026	0.8238
MAPRE3	RAB3GAP1	3	0.0011	0.8360
ACTB	RAB3GAP2	3	0.2486	0.5852
CTNNA1	RAB3GAP2	3	0.0623	0.7045
KRT8	RAB3GAP2	3	0.2690	0.5752
LMNA	RAB3GAP2	3	0.1812	0.6204
MAPRE3	RAB3GAP2	3	0.1352	0.6483
ACTB	RAB3IL1	3	0.0188	0.7610
KRT8	RAB3IL1	3	0.0089	0.7939
LMNA	RAB3IL1	3	0.0034	0.8190
MAPRE3	RAB3IL1	3	0.0007	0.8404
KRT8	RAB3IP	3	0.3333	0.4096
ACTB	RAB5A	3	0.0214	0.7555
CTNNA1	RAB5A	3	0.0009	0.8382
KRT8	RAB5A	3	0.0012	0.8352
LMNA	RAB5A	3	0.0062	0.8053
MAPRE3	RAB5A	3	0.0001	0.8514
KRT8	RAB5B	3	0.0012	0.8352
ACTB	RAB5C	3	0.0066	0.8035
CTNNA1	RAB5C	3	0.0116	0.7833
KRT8	RAB5C	3	0.0328	0.7353
LMNA	RAB5C	3	0.0245	0.7491
MAPRE3	RAB5C	3	0.0072	0.8009
LMNA	RAB6A;RAB6B	3	0.0087	0.7947
ACTB	RAB7A	3	0.6470	0.1701
CTNNA1	RAB7A	3	0.0048	0.8121
KRT8	RAB7A	3	0.6719	0.0645
LMNA	RAB7A	3	0.9938	0.0003
MAPRE3	RAB7A	3	0.0431	0.7226
ACTB	RABEP1	3	0.0187	0.7613
CTNNA1	RABEP1	3	0.0001	0.8514
KRT8	RABEP1	3	0.0388	0.7270
LMNA	RABEP1	3	0.0001	0.8514
MAPRE3	RABEP1	3	0.0053	0.8097
KRT8	RABEP2	3	1.0000	0.0000
CTNNA1	RABEPK	3	0.0085	0.7955
KRT8	RABEPK	3	0.0505	0.7151
LMNA	RABEPK	3	0.0006	0.8417
ACTB	RABGAP1	3	0.3183	0.5511
CTNNA1	RABGAP1	3	0.1702	0.6272
KRT8	RABGAP1	3	0.3503	0.3616
LMNA	RABGAP1	3	0.1462	0.6415
MAPRE3	RABGAP1	3	0.2698	0.5748
ACTB	RABGAP1L	3	0.0063	0.8048
CTNNA1	RABGAP1L	3	0.0000	0.8553
KRT8	RABGAP1L	3	0.0132	0.7771
LMNA	RABGAP1L	3	0.0002	0.8487
MAPRE3	RABGAP1L	3	0.0003	0.8465
ACTB	RABGEF1	3	0.2598	0.5793
CTNNA1	RABGEF1	3	0.0001	0.8514
KRT8	RABGEF1	3	0.0446	0.7208
LMNA	RABGEF1	3	0.0001	0.8514
MAPRE3	RABGEF1	3	0.0017	0.8305
ACTB	RABGGTB	3	0.0427	0.7231
CTNNA1	RABGGTB	3	0.0064	0.8044
KRT8	RABGGTB	3	0.2905	0.5655
LMNA	RABGGTB	3	0.7569	0.0323
MAPRE3	RABGGTB	3	0.0193	0.7598
CTNNA1	RABL3	3	0.0107	0.7868
LMNA	RABL3	3	1.0000	0.0000
ACTB	RABL6	3	0.0092	0.7925
CTNNA1	RABL6	3	0.0001	0.8514
KRT8	RABL6	3	0.0051	0.8108
LMNA	RABL6	3	0.0003	0.8465
MAPRE3	RABL6	3	0.0015	0.8325
ACTB	RAC1	3	0.1471	0.6410
CTNNA1	RAC1	3	0.0203	0.7576
KRT8	RAC1	3	0.1674	0.6286
LMNA	RAC1	3	0.0694	0.6978
MAPRE3	RAC1	3	0.0287	0.7414
ACTB	RACGAP1	3	0.0009	0.8382
KRT8	RACGAP1	3	0.0011	0.8360
LMNA	RACGAP1	3	0.0074	0.8000
MAPRE3	RACGAP1	3	0.0005	0.8431
ACTB	RACK1	3	0.0310	0.7380
CTNNA1	RACK1	3	0.0084	0.7959
KRT8	RACK1	3	0.3336	0.4084
LMNA	RACK1	3	0.4639	0.2261
MAPRE3	RACK1	3	0.0079	0.7980
CTNNA1	RAD1	3	0.6667	0.0721
LMNA	RAD17	3	0.0006	0.8417
LMNA	RAD18	3	0.0287	0.7414
ACTB	RAD21	3	0.0093	0.7922
CTNNA1	RAD21	3	0.0010	0.8371
KRT8	RAD21	3	0.0289	0.7412
LMNA	RAD21	3	0.0158	0.7691
MAPRE3	RAD21	3	0.0016	0.8315
ACTB	RAD23B	3	0.0025	0.8246
KRT8	RAD23B	3	0.0079	0.7980
ACTB	RAD50	3	0.0407	0.7249
CTNNA1	RAD50	3	0.0026	0.8238
KRT8	RAD50	3	0.3401	0.3871
LMNA	RAD50	3	0.0812	0.6889
MAPRE3	RAD50	3	0.0099	0.7897
LMNA	RAD51AP1	3	0.0066	0.8035
LMNA	RAD51C	3	0.5517	0.1934
MAPRE3	RAD51C	3	0.0118	0.7826
LMNA	RAD54B	3	0.1703	0.6271
CTNNA1	RAD54L	3	0.0032	0.8201
LMNA	RAD54L	3	0.0941	0.6784
MAPRE3	RAD54L	3	0.0003	0.8465
LMNA	RAD54L2	3	0.4425	0.2414
ACTB	RAE1	3	0.0379	0.7283
CTNNA1	RAE1	3	0.0203	0.7576
KRT8	RAE1	3	0.0358	0.7314
LMNA	RAE1	3	0.0323	0.7361
MAPRE3	RAE1	3	0.0058	0.8072
ACTB	RAF1	3	0.0066	0.8035
CTNNA1	RAF1	3	0.0000	0.8553
KRT8	RAF1	3	0.0522	0.7131
LMNA	RAF1	3	0.0004	0.8448
MAPRE3	RAF1	3	0.0004	0.8448
LMNA	RAG2	3	0.3333	0.4096
ACTB	RAI1	3	0.2531	0.5828
KRT8	RAI1	3	0.1939	0.6128
LMNA	RAI1	3	0.3888	0.2967
MAPRE3	RAI1	3	0.2148	0.6020
ACTB	RAI14	3	0.3596	0.3447
CTNNA1	RAI14	3	0.2577	0.5804
KRT8	RAI14	3	0.3188	0.5508
LMNA	RAI14	3	0.1135	0.6641
MAPRE3	RAI14	3	0.2268	0.5962
LMNA	RALA	3	0.3333	0.4096
ACTB	RALBP1	3	0.0181	0.7628
KRT8	RALBP1	3	0.0399	0.7256
ACTB	RALGAPA1	3	0.0089	0.7939
KRT8	RALGAPA1	3	0.3309	0.5448
MAPRE3	RALGAPA1	3	0.0005	0.8431
ACTB	RALGAPB	3	0.0139	0.7747
KRT8	RALGAPB	3	0.0335	0.7343
LMNA	RALGAPB	3	0.0005	0.8431
MAPRE3	RALGAPB	3	0.0048	0.8121
ACTB	RALY	3	0.0024	0.8252
CTNNA1	RALY	3	0.0000	0.8553
KRT8	RALY	3	0.0009	0.8382
LMNA	RALY	3	0.0003	0.8465
MAPRE3	RALY	3	0.0000	0.8553
ACTB	RAN	3	0.1092	0.6672
CTNNA1	RAN	3	0.0306	0.7386
KRT8	RAN	3	0.6565	0.1664
LMNA	RAN	3	0.1329	0.6500
MAPRE3	RAN	3	0.0664	0.7004
ACTB	RANBP1	3	0.0055	0.8088
KRT8	RANBP1	3	0.0103	0.7884
LMNA	RANBP1	3	0.0003	0.8465
MAPRE3	RANBP1	3	0.0004	0.8448
ACTB	RANBP2	3	0.3149	0.5528
CTNNA1	RANBP2	3	0.1410	0.6447
KRT8	RANBP2	3	0.3683	0.3271
LMNA	RANBP2	3	0.2189	0.5996
MAPRE3	RANBP2	3	0.2390	0.5908
ACTB	RANBP3	3	0.0076	0.7991
CTNNA1	RANBP3	3	0.0018	0.8297
KRT8	RANBP3	3	0.0070	0.8017
LMNA	RANBP3	3	0.1012	0.6729
MAPRE3	RANBP3	3	0.0006	0.8417
ACTB	RANBP6	3	0.0019	0.8289
KRT8	RANBP6	3	0.0445	0.7210
LMNA	RANBP6	3	0.0913	0.6805
MAPRE3	RANBP6	3	0.0014	0.8335
ACTB	RANBP9	3	0.0015	0.8325
KRT8	RANBP9	3	0.0008	0.8393
LMNA	RANBP9	3	0.0001	0.8514
ACTB	RANGAP1	3	0.3606	0.3425
CTNNA1	RANGAP1	3	0.1327	0.6502
KRT8	RANGAP1	3	0.3205	0.5501
LMNA	RANGAP1	3	0.1910	0.6144
MAPRE3	RANGAP1	3	0.2427	0.5887
ACTB	RAP1A;RAP1B	3	0.2018	0.6086
CTNNA1	RAP1A;RAP1B	3	0.0571	0.7090
KRT8	RAP1A;RAP1B	3	0.1296	0.6526
LMNA	RAP1A;RAP1B	3	0.0850	0.6855
MAPRE3	RAP1A;RAP1B	3	0.0582	0.7080
ACTB	RAP1GAP	3	0.0088	0.7944
KRT8	RAP1GAP	3	0.0021	0.8274
ACTB	RAP1GAP2	3	0.6667	0.0721
KRT8	RAP1GDS1	3	0.0001	0.8514
LMNA	RAP1GDS1	3	0.0000	0.8553
ACTB	RAP2B	3	0.1567	0.6352
KRT8	RAP2B	3	0.2325	0.5936
LMNA	RAP2B	3	0.0055	0.8088
ACTB	RAPGEF1	3	0.0939	0.6785
KRT8	RAPGEF1	3	0.0466	0.7188
ACTB	RAPGEF2	3	0.0058	0.8072
KRT8	RAPGEF2	3	0.0137	0.7754
MAPRE3	RAPGEF2	3	0.0001	0.8514
KRT8	RAPGEF4	3	0.3333	0.4096
KRT8	RAPGEF5	3	0.3333	0.4096
ACTB	RAPGEF6	3	0.0111	0.7854
CTNNA1	RAPGEF6	3	0.0001	0.8514
KRT8	RAPGEF6	3	0.0170	0.7658
LMNA	RAPGEF6	3	0.0004	0.8448
MAPRE3	RAPGEF6	3	0.0026	0.8238
ACTB	RAPH1	3	0.7810	0.0280
CTNNA1	RAPH1	3	0.0020	0.8282
KRT8	RAPH1	3	0.0150	0.7715
LMNA	RAPH1	3	0.0009	0.8382
MAPRE3	RAPH1	3	0.0067	0.8030
MAPRE3	RAPSN	3	0.3333	0.4096
ACTB	RARS1	3	0.1822	0.6200
CTNNA1	RARS1	3	0.0436	0.7220
KRT8	RARS1	3	0.1584	0.6341
LMNA	RARS1	3	0.1247	0.6557
MAPRE3	RARS1	3	0.0811	0.6890
KRT8	RARS2	3	0.3475	0.3667
LMNA	RARS2	3	0.3333	0.4096
ACTB	RASA1	3	0.2762	0.5721
CTNNA1	RASA1	3	0.1103	0.6665
KRT8	RASA1	3	0.4097	0.2690
LMNA	RASA1	3	0.1718	0.6262
MAPRE3	RASA1	3	0.1689	0.6277
ACTB	RASA3	3	0.3292	0.5459
CTNNA1	RASA3	3	0.0023	0.8260
KRT8	RASA3	3	0.0340	0.7337
MAPRE3	RASA3	3	0.0002	0.8487
KRT8	RASA4;RASA4B	3	0.3333	0.4096
ACTB	RASAL2	3	0.0161	0.7684
CTNNA1	RASAL2	3	0.0006	0.8417
KRT8	RASAL2	3	0.0158	0.7691
LMNA	RASAL2	3	0.0001	0.8514
MAPRE3	RASAL2	3	0.0016	0.8315
CTNNA1	RASEF	3	0.3333	0.4096
KRT8	RASEF	3	0.3333	0.4096
CTNNA1	RASGEF1A	3	0.3333	0.4096
ACTB	RASSF5	3	0.0047	0.8127
ACTB	RASSF6	3	0.3333	0.4096
LMNA	RASSF6	3	0.3333	0.4096
ACTB	RASSF8	3	0.2775	0.5714
KRT8	RASSF8	3	0.2042	0.6075
MAPRE3	RASSF8	3	0.0038	0.8170
ACTB	RAVER1	3	0.0021	0.8274
KRT8	RAVER1	3	0.3293	0.5457
LMNA	RAVER1	3	0.0442	0.7214
MAPRE3	RAVER1	3	0.0022	0.8268
ACTB	RAVER2	3	0.0007	0.8404
KRT8	RAVER2	3	0.0078	0.7983
LMNA	RAVER2	3	0.5813	0.1853
ACTB	RB1CC1	3	0.1272	0.6538
CTNNA1	RB1CC1	3	0.2427	0.5887
KRT8	RB1CC1	3	0.3207	0.5500
LMNA	RBAK	3	0.3333	0.4096
ACTB	RBBP4	3	0.4867	0.2153
KRT8	RBBP4	3	0.0376	0.7288
LMNA	RBBP5	3	0.0138	0.7750
ACTB	RBBP6	3	0.0016	0.8315
CTNNA1	RBBP6	3	0.0000	0.8553
KRT8	RBBP6	3	0.0002	0.8487
LMNA	RBBP6	3	0.0052	0.8103
MAPRE3	RBBP6	3	0.0002	0.8487
ACTB	RBBP7	3	0.1899	0.6152
CTNNA1	RBBP7	3	0.0164	0.7674
KRT8	RBBP7	3	0.1766	0.6233
LMNA	RBBP7	3	0.1302	0.6523
MAPRE3	RBBP7	3	0.0154	0.7704
LMNA	RBBP8	3	0.2603	0.5789
KRT8	RBFA	3	0.3333	0.4096
KRT8	RBFOX1;RBFOX2	3	0.0005	0.8431
ACTB	RBM10	3	0.1954	0.6118
CTNNA1	RBM10	3	0.0377	0.7286
KRT8	RBM10	3	0.1833	0.6193
LMNA	RBM10	3	0.3817	0.3068
MAPRE3	RBM10	3	0.2145	0.6022
ACTB	RBM12	3	0.0005	0.8431
KRT8	RBM12	3	0.0002	0.8487
LMNA	RBM12	3	0.0167	0.7666
MAPRE3	RBM12	3	0.0000	0.8553
ACTB	RBM12B	3	0.2750	0.5727
KRT8	RBM12B	3	0.0025	0.8246
LMNA	RBM12B	3	0.9989	0.0000
ACTB	RBM14	3	0.2425	0.5889
CTNNA1	RBM14	3	0.0537	0.7118
KRT8	RBM14	3	0.3296	0.5455
LMNA	RBM14	3	0.2901	0.5658
MAPRE3	RBM14	3	0.2431	0.5885
ACTB	RBM15	3	0.0318	0.7369
CTNNA1	RBM15	3	0.0001	0.8514
KRT8	RBM15	3	0.3115	0.5545
LMNA	RBM15	3	0.0145	0.7729
MAPRE3	RBM15	3	0.0009	0.8382
ACTB	RBM15B	3	0.0001	0.8514
KRT8	RBM15B	3	0.0023	0.8260
LMNA	RBM15B	3	0.0206	0.7570
MAPRE3	RBM15B	3	0.0003	0.8465
ACTB	RBM17	3	0.0000	0.8553
KRT8	RBM17	3	0.0000	0.8553
LMNA	RBM17	3	0.0017	0.8305
MAPRE3	RBM17	3	0.0000	0.8553
LMNA	RBM18	3	1.0000	0.0000
ACTB	RBM19	3	0.0010	0.8371
CTNNA1	RBM19	3	0.0000	0.8553
KRT8	RBM19	3	0.0008	0.8393
LMNA	RBM19	3	0.0111	0.7854
MAPRE3	RBM19	3	0.0021	0.8274
LMNA	RBM20	3	0.3333	0.4096
ACTB	RBM22	3	0.0045	0.8137
CTNNA1	RBM22	3	0.0001	0.8514
KRT8	RBM22	3	0.0077	0.7987
LMNA	RBM22	3	0.4067	0.2720
MAPRE3	RBM22	3	0.0039	0.8165
ACTB	RBM23	3	0.0019	0.8289
KRT8	RBM23	3	0.0018	0.8297
LMNA	RBM23	3	0.3570	0.3499
MAPRE3	RBM23	3	0.0008	0.8393
ACTB	RBM25	3	0.0001	0.8514
CTNNA1	RBM25	3	0.0000	0.8553
KRT8	RBM25	3	0.0000	0.8553
LMNA	RBM25	3	0.0024	0.8252
MAPRE3	RBM25	3	0.0001	0.8514
ACTB	RBM26	3	0.0001	0.8514
KRT8	RBM26	3	0.0000	0.8553
LMNA	RBM26	3	0.0093	0.7922
MAPRE3	RBM26	3	0.0009	0.8382
ACTB	RBM27	3	0.0009	0.8382
CTNNA1	RBM27	3	0.0000	0.8553
KRT8	RBM27	3	0.0074	0.8000
LMNA	RBM27	3	0.0242	0.7498
MAPRE3	RBM27	3	0.0092	0.7925
ACTB	RBM28	3	0.0290	0.7410
KRT8	RBM28	3	0.0267	0.7449
LMNA	RBM28	3	0.0989	0.6744
MAPRE3	RBM28	3	0.0051	0.8108
KRT8	RBM3	3	0.3333	0.4096
LMNA	RBM3	3	0.3333	0.4096
MAPRE3	RBM3	3	0.3333	0.4096
ACTB	RBM33	3	0.0077	0.7987
KRT8	RBM33	3	0.0052	0.8103
LMNA	RBM33	3	0.2166	0.6010
MAPRE3	RBM33	3	0.3722	0.3205
ACTB	RBM34	3	0.0010	0.8371
KRT8	RBM34	3	0.3181	0.5512
LMNA	RBM34	3	0.6618	0.1640
ACTB	RBM39	3	0.0947	0.6780
CTNNA1	RBM39	3	0.0245	0.7491
KRT8	RBM39	3	0.0656	0.7013
LMNA	RBM39	3	0.3146	0.5530
MAPRE3	RBM39	3	0.0905	0.6814
ACTB	RBM4	3	0.0225	0.7530
KRT8	RBM4	3	0.0262	0.7461
LMNA	RBM4	3	0.0983	0.6747
MAPRE3	RBM4	3	0.0008	0.8393
ACTB	RBM41	3	0.0014	0.8335
KRT8	RBM41	3	0.0012	0.8352
LMNA	RBM41	3	0.4262	0.2500
MAPRE3	RBM41	3	0.0075	0.7995
LMNA	RBM42	3	0.6667	0.0721
ACTB	RBM46	3	0.3333	0.4096
KRT8	RBM48	3	0.0005	0.8431
LMNA	RBM48	3	0.0030	0.8212
LMNA	RBM4B	3	0.3333	0.4096
ACTB	RBM5	3	0.0007	0.8404
CTNNA1	RBM5	3	0.0000	0.8553
KRT8	RBM5	3	0.0010	0.8371
LMNA	RBM5	3	0.0442	0.7214
MAPRE3	RBM5	3	0.0003	0.8465
ACTB	RBM6	3	0.0017	0.8305
KRT8	RBM6	3	0.0002	0.8487
LMNA	RBM6	3	0.3421	0.3816
MAPRE3	RBM6	3	0.0017	0.8305
ACTB	RBM7	3	0.0060	0.8062
LMNA	RBM7	3	0.0019	0.8289
ACTB	RBMS1;RBMS3	3	0.0045	0.8137
KRT8	RBMS1;RBMS3	3	0.0375	0.7289
LMNA	RBMS1;RBMS3	3	0.0009	0.8382
LMNA	RBMX2	3	0.0122	0.7807
ACTB	RBMX;RBMXL1	3	0.0188	0.7610
CTNNA1	RBMX;RBMXL1	3	0.0192	0.7600
KRT8	RBMX;RBMXL1	3	0.0234	0.7514
LMNA	RBMX;RBMXL1	3	0.0696	0.6976
MAPRE3	RBMX;RBMXL1	3	0.0124	0.7799
ACTB	RBPJ	3	0.0682	0.6989
CTNNA1	RBPJ	3	0.0129	0.7782
KRT8	RBPJ	3	0.0135	0.7761
LMNA	RBPJ	3	0.1089	0.6673
MAPRE3	RBPJ	3	0.0224	0.7534
ACTB	RBPMS	3	0.0037	0.8175
KRT8	RBPMS	3	0.7759	0.0288
LMNA	RBPMS	3	0.0492	0.7162
ACTB	RBSN	3	0.0121	0.7811
KRT8	RBSN	3	0.0296	0.7400
MAPRE3	RBSN	3	0.0001	0.8514
ACTB	RC3H1	3	0.0035	0.8185
KRT8	RC3H1	3	0.0139	0.7747
MAPRE3	RC3H1	3	0.0002	0.8487
ACTB	RC3H2	3	0.0095	0.7913
CTNNA1	RC3H2	3	0.0002	0.8487
KRT8	RC3H2	3	0.0123	0.7804
LMNA	RC3H2	3	0.0001	0.8514
MAPRE3	RC3H2	3	0.0014	0.8335
LMNA	RCBTB1	3	0.3333	0.4096
MAPRE3	RCBTB1	3	0.3333	0.4096
ACTB	RCC1	3	0.1249	0.6554
CTNNA1	RCC1	3	0.0567	0.7094
KRT8	RCC1	3	0.1612	0.6326
LMNA	RCC1	3	0.0749	0.6933
MAPRE3	RCC1	3	0.0179	0.7634
LMNA	RCC1L	3	0.6667	0.0721
ACTB	RCC2	3	0.0162	0.7681
CTNNA1	RCC2	3	0.0118	0.7826
KRT8	RCC2	3	0.0192	0.7600
LMNA	RCC2	3	0.0232	0.7518
MAPRE3	RCC2	3	0.0051	0.8108
KRT8	RCE1	3	0.6667	0.0721
LMNA	RCE1	3	0.6667	0.0721
ACTB	RCL1	3	0.0009	0.8382
CTNNA1	RCL1	3	0.0000	0.8553
KRT8	RCL1	3	0.0167	0.7666
LMNA	RCL1	3	0.0025	0.8246
ACTB	RCOR1	3	0.0016	0.8315
CTNNA1	RCOR1	3	0.0002	0.8487
KRT8	RCOR1	3	0.0129	0.7782
LMNA	RCOR1	3	0.0230	0.7521
MAPRE3	RCOR1	3	0.0001	0.8514
ACTB	RCOR3	3	0.3333	0.4096
ACTB	RCVRN	3	0.3333	0.4096
ACTB	RDH10	3	0.0203	0.7576
KRT8	RDH10	3	0.0037	0.8175
LMNA	RDH10	3	0.0042	0.8151
ACTB	RDH11	3	0.0093	0.7922
CTNNA1	RDH11	3	0.0003	0.8465
LMNA	RDH11	3	0.0047	0.8127
MAPRE3	RDH11	3	0.0003	0.8465
ACTB	RDX	3	0.0291	0.7409
CTNNA1	RDX	3	0.0005	0.8431
KRT8	RDX	3	0.0321	0.7365
LMNA	RDX	3	0.0001	0.8514
MAPRE3	RDX	3	0.0070	0.8017
ACTB	REC8	3	0.3333	0.4096
ACTB	RECQL	3	0.0582	0.7080
CTNNA1	RECQL	3	0.0119	0.7820
KRT8	RECQL	3	0.0223	0.7537
LMNA	RECQL	3	0.5394	0.1970
MAPRE3	RECQL	3	0.0105	0.7876
ACTB	RECQL4	3	0.0008	0.8393
KRT8	RECQL4	3	0.0206	0.7570
LMNA	RECQL4	3	0.0137	0.7754
LMNA	RECQL5	3	0.0091	0.7930
MAPRE3	RECQL5	3	0.0000	0.8553
LMNA	REEP4	3	1.0000	0.0000
KRT8	REEP5	3	0.3333	0.4096
LMNA	REEP5	3	0.3333	0.4096
ACTB	REL	3	0.0210	0.7563
KRT8	REL	3	0.0472	0.7181
LMNA	REL	3	0.1240	0.6561
ACTB	RELA	3	0.1327	0.6502
CTNNA1	RELA	3	0.0485	0.7169
KRT8	RELA	3	0.1886	0.6158
LMNA	RELA	3	0.0077	0.7987
MAPRE3	RELA	3	0.0528	0.7125
ACTB	RELCH	3	0.0142	0.7739
CTNNA1	RELCH	3	0.0000	0.8553
KRT8	RELCH	3	0.0155	0.7700
MAPRE3	RELCH	3	0.0028	0.8224
KRT8	REPIN1	3	0.6667	0.0721
LMNA	REPIN1	3	0.3333	0.4096
ACTB	REPS1	3	0.0237	0.7509
KRT8	REPS1	3	0.0627	0.7041
MAPRE3	REPS1	3	0.0026	0.8238
ACTB	REPS2	3	0.0040	0.8161
KRT8	REPS2	3	0.0020	0.8282
LMNA	REPS2	3	0.2528	0.5830
ACTB	RER1	3	0.0015	0.8325
KRT8	RER1	3	0.0042	0.8151
LMNA	RER1	3	0.0070	0.8017
LMNA	RERE	3	0.0763	0.6924
CTNNA1	RESF1	3	0.2094	0.6047
LMNA	RESF1	3	0.0273	0.7439
MAPRE3	RESF1	3	0.0016	0.8315
ACTB	RETREG2	3	0.0014	0.8335
LMNA	RETREG2	3	0.0004	0.8448
ACTB	RETSAT	3	0.0004	0.8448
LMNA	RETSAT	3	0.2836	0.5685
KRT8	REV1	3	0.3333	0.4096
LMNA	REV1	3	0.6667	0.0721
KRT8	REV3L	3	0.3322	0.5440
LMNA	REXO1	3	0.1476	0.6406
MAPRE3	REXO1	3	0.0027	0.8233
ACTB	REXO2	3	0.0001	0.8514
KRT8	REXO2	3	0.0337	0.7341
KRT8	REXO4	3	0.0000	0.8553
LMNA	REXO4	3	0.0099	0.7897
ACTB	RFC1	3	0.0021	0.8274
CTNNA1	RFC1	3	0.0002	0.8487
KRT8	RFC1	3	0.0030	0.8212
LMNA	RFC1	3	0.0125	0.7796
MAPRE3	RFC1	3	0.0027	0.8233
ACTB	RFC2	3	0.1704	0.6270
CTNNA1	RFC2	3	0.0438	0.7218
KRT8	RFC2	3	0.2289	0.5950
LMNA	RFC2	3	0.2465	0.5864
MAPRE3	RFC2	3	0.0807	0.6893
ACTB	RFC3	3	0.1565	0.6353
KRT8	RFC3	3	0.1270	0.6539
LMNA	RFC3	3	0.1703	0.6271
ACTB	RFC4	3	0.1099	0.6668
CTNNA1	RFC4	3	0.0163	0.7678
KRT8	RFC4	3	0.1872	0.6168
LMNA	RFC4	3	0.1252	0.6552
MAPRE3	RFC4	3	0.0433	0.7225
ACTB	RFC5	3	0.3682	0.3273
CTNNA1	RFC5	3	0.1748	0.6245
KRT8	RFC5	3	0.4001	0.2811
LMNA	RFC5	3	0.3941	0.2882
MAPRE3	RFC5	3	0.2846	0.5683
ACTB	RFLNB	3	0.4551	0.2314
KRT8	RFLNB	3	0.0398	0.7257
LMNA	RFT1	3	0.6667	0.0721
ACTB	RFTN1	3	0.0002	0.8487
CTNNA1	RFTN1	3	0.0000	0.8553
KRT8	RFTN1	3	0.0077	0.7987
ACTB	RFX1	3	0.0780	0.6911
LMNA	RFX1	3	0.0234	0.7514
MAPRE3	RFX1	3	0.2941	0.5637
LMNA	RFX5	3	0.0174	0.7647
ACTB	RFX6	3	0.3330	0.5432
ACTB	RFX7	3	0.0000	0.8553
KRT8	RFX7	3	0.0000	0.8553
LMNA	RFX7	3	0.0025	0.8246
LMNA	RGCC	3	0.3333	0.4096
MAPRE3	RGL1	3	0.0002	0.8487
ACTB	RGL2	3	0.3333	0.4096
KRT8	RGL2	3	0.0053	0.8097
LMNA	RGL2	3	0.0032	0.8201
ACTB	RGP1	3	0.0384	0.7275
CTNNA1	RGP1	3	0.0003	0.8465
KRT8	RGP1	3	0.4534	0.2325
LMNA	RGP1	3	0.0099	0.7897
MAPRE3	RGP1	3	0.0006	0.8417
ACTB	RGPD2	3	0.0002	0.8487
KRT8	RGPD2	3	0.0056	0.8082
KRT8	RGPD5	3	0.3492	0.3639
LMNA	RGPD5	3	0.0004	0.8448
KRT8	RGPD8	3	0.0000	0.8553
ACTB	RGS12	3	0.3333	0.4096
KRT8	RGS20	3	0.3333	0.4096
KRT8	RGS22	3	0.3333	0.4096
KRT8	RGS9	3	0.3333	0.4096
LMNA	RGS9	3	0.3333	0.4096
ACTB	RHBDD2	3	0.0107	0.7868
CTNNA1	RHBDD2	3	0.0013	0.8344
KRT8	RHBDD2	3	0.0495	0.7159
LMNA	RHBDD2	3	0.7016	0.0499
MAPRE3	RHBDD2	3	0.0020	0.8282
LMNA	RHBDD3	3	1.0000	0.0000
LMNA	RHBDF2	3	0.3333	0.4096
ACTB	RHEB	3	0.3121	0.5542
CTNNA1	RHEB	3	0.1041	0.6703
KRT8	RHEB	3	0.4461	0.2395
LMNA	RHEB	3	0.2658	0.5764
MAPRE3	RHEB	3	0.2189	0.5996
ACTB	RHOBTB3	3	0.0029	0.8218
KRT8	RHOBTB3	3	0.0104	0.7880
LMNA	RHOBTB3	3	0.2991	0.5608
MAPRE3	RHOBTB3	3	0.0004	0.8448
KRT8	RHOG	3	0.3333	0.4096
ACTB	RHOT2	3	0.1035	0.6708
CTNNA1	RHOT2	3	0.0063	0.8048
KRT8	RHOT2	3	0.1039	0.6704
LMNA	RHOT2	3	0.0131	0.7774
MAPRE3	RHOT2	3	0.0052	0.8103
LMNA	RHOXF1	3	0.3333	0.4096
ACTB	RHPN2	3	0.0805	0.6896
KRT8	RHPN2	3	0.4804	0.2172
MAPRE3	RHPN2	3	0.0024	0.8252
ACTB	RIC1	3	0.0071	0.8013
KRT8	RIC1	3	0.0270	0.7444
LMNA	RIC1	3	0.0004	0.8448
ACTB	RIC8A	3	0.0154	0.7704
CTNNA1	RIC8A	3	0.0002	0.8487
KRT8	RIC8A	3	0.0257	0.7470
LMNA	RIC8A	3	0.0034	0.8190
MAPRE3	RIC8A	3	0.0095	0.7913
ACTB	RICTOR	3	0.3748	0.3157
CTNNA1	RICTOR	3	0.2209	0.5987
KRT8	RICTOR	3	0.3913	0.2919
LMNA	RICTOR	3	0.1668	0.6290
MAPRE3	RICTOR	3	0.3284	0.5463
LMNA	RIDA	3	0.3333	0.4096
ACTB	RIF1	3	0.1689	0.6277
CTNNA1	RIF1	3	0.0502	0.7153
KRT8	RIF1	3	0.1768	0.6233
LMNA	RIF1	3	0.2923	0.5643
MAPRE3	RIF1	3	0.1510	0.6386
ACTB	RIGI	3	0.0053	0.8097
KRT8	RIGI	3	0.0369	0.7299
LMNA	RIGI	3	0.2083	0.6050
KRT8	RILPL1	3	0.0058	0.8072
MAPRE3	RILPL2	3	0.3333	0.4096
ACTB	RIMKLB	3	0.3333	0.4096
KRT8	RIMKLB	3	0.6667	0.0721
ACTB	RIMOC1	3	0.0109	0.7861
KRT8	RIMOC1	3	0.3677	0.3279
LMNA	RIMOC1	3	0.0196	0.7592
ACTB	RIMS2	3	0.3333	0.4096
KRT8	RIMS2	3	0.0378	0.7285
LMNA	RIMS2	3	0.1881	0.6163
LMNA	RIMS3	3	0.6667	0.0721
ACTB	RIMS4	3	0.0003	0.8465
ACTB	RIN1	3	0.4076	0.2713
CTNNA1	RIN1	3	0.0001	0.8514
KRT8	RIN1	3	0.0539	0.7117
LMNA	RIN1	3	0.0047	0.8127
MAPRE3	RIN1	3	0.0064	0.8044
ACTB	RIN2	3	0.0000	0.8553
ACTB	RING1	3	0.0115	0.7837
CTNNA1	RING1	3	0.0003	0.8465
KRT8	RING1	3	0.0163	0.7678
LMNA	RING1	3	0.0737	0.6945
MAPRE3	RING1	3	0.0066	0.8035
ACTB	RINT1	3	0.0123	0.7804
CTNNA1	RINT1	3	0.0005	0.8431
KRT8	RINT1	3	0.1388	0.6460
LMNA	RINT1	3	0.0007	0.8404
MAPRE3	RINT1	3	0.0017	0.8305
ACTB	RIOK1	3	0.0028	0.8224
CTNNA1	RIOK1	3	0.0000	0.8553
KRT8	RIOK1	3	0.0122	0.7807
LMNA	RIOK1	3	0.0004	0.8448
MAPRE3	RIOK1	3	0.0006	0.8417
ACTB	RIOK2	3	0.0001	0.8514
KRT8	RIOK2	3	0.0055	0.8088
ACTB	RIOK3	3	0.0084	0.7959
CTNNA1	RIOK3	3	0.0000	0.8553
KRT8	RIOK3	3	0.0015	0.8325
LMNA	RIOK3	3	0.0001	0.8514
MAPRE3	RIOK3	3	0.0003	0.8465
KRT8	RIOX2	3	0.3333	0.4096
LMNA	RIOX2	3	1.0000	0.0000
ACTB	RIPK1	3	0.0193	0.7598
KRT8	RIPK1	3	0.3222	0.5493
MAPRE3	RIPK1	3	0.0007	0.8404
ACTB	RIPK2	3	0.3780	0.3115
KRT8	RIPK2	3	0.2836	0.5685
LMNA	RIPK2	3	0.0281	0.7426
MAPRE3	RIPK2	3	0.0019	0.8289
ACTB	RIPK4	3	0.0053	0.8097
KRT8	RIPK4	3	0.1438	0.6432
LMNA	RIPK4	3	0.0004	0.8448
MAPRE3	RIPK4	3	0.0001	0.8514
ACTB	RIPOR1	3	0.3383	0.3933
KRT8	RIPOR1	3	0.3608	0.3422
LMNA	RIPOR1	3	0.0031	0.8206
MAPRE3	RIPOR1	3	0.0016	0.8315
LMNA	RIPOR3	3	0.3333	0.4096
LMNA	RLF	3	0.0099	0.7897
ACTB	RLIG1	3	0.3333	0.4096
ACTB	RMC1	3	0.3333	0.4096
ACTB	RMDN3	3	0.0000	0.8553
CTNNA1	RMDN3	3	0.0007	0.8404
KRT8	RMDN3	3	0.0001	0.8514
LMNA	RMDN3	3	0.0056	0.8082
LMNA	RMI1	3	0.9700	0.0018
MAPRE3	RMI1	3	0.0025	0.8246
ACTB	RMND1	3	0.0010	0.8371
KRT8	RMND5A	3	0.3333	0.4096
LMNA	RNASE10	3	0.3333	0.4096
ACTB	RNASEH2A	3	0.0074	0.8000
KRT8	RNASEH2A	3	0.0085	0.7955
LMNA	RNASEH2A	3	0.0044	0.8141
MAPRE3	RNASEH2A	3	0.0007	0.8404
LMNA	RND3	3	1.0000	0.0000
KRT8	RNF10	3	0.3333	0.4096
LMNA	RNF113A	3	0.6466	0.1707
CTNNA1	RNF114	3	0.0055	0.8088
LMNA	RNF114	3	0.0036	0.8180
ACTB	RNF121	3	0.2979	0.5615
CTNNA1	RNF121	3	0.1462	0.6415
KRT8	RNF121	3	0.2739	0.5730
LMNA	RNF121	3	0.3861	0.3002
MAPRE3	RNF121	3	0.1885	0.6159
ACTB	RNF123	3	0.0109	0.7861
KRT8	RNF123	3	0.5465	0.1944
LMNA	RNF123	3	0.0859	0.6849
ACTB	RNF130	3	0.3333	0.4096
CTNNA1	RNF14	3	0.3333	0.4096
LMNA	RNF14	3	0.6667	0.0721
KRT8	RNF149	3	0.0002	0.8487
LMNA	RNF168	3	0.0037	0.8175
ACTB	RNF169	3	0.0011	0.8360
KRT8	RNF169	3	0.0042	0.8151
LMNA	RNF169	3	0.3735	0.3182
MAPRE3	RNF169	3	0.0034	0.8190
CTNNA1	RNF19A	3	0.3333	0.4096
CTNNA1	RNF2	3	0.0002	0.8487
ACTB	RNF20	3	0.0030	0.8212
CTNNA1	RNF20	3	0.0001	0.8514
KRT8	RNF20	3	0.0040	0.8161
LMNA	RNF20	3	0.0279	0.7431
MAPRE3	RNF20	3	0.0003	0.8465
KRT8	RNF207	3	0.3333	0.4096
ACTB	RNF213	3	0.2559	0.5813
CTNNA1	RNF213	3	0.1037	0.6706
KRT8	RNF213	3	0.3052	0.5576
LMNA	RNF213	3	0.1997	0.6097
MAPRE3	RNF213	3	0.1171	0.6614
ACTB	RNF214	3	0.2233	0.5976
CTNNA1	RNF214	3	0.0259	0.7466
KRT8	RNF214	3	0.3451	0.3741
LMNA	RNF214	3	0.0613	0.7055
MAPRE3	RNF214	3	0.1443	0.6427
KRT8	RNF216	3	0.0474	0.7179
LMNA	RNF216	3	0.9961	0.0002
LMNA	RNF220	3	0.0176	0.7642
ACTB	RNF25	3	0.0188	0.7610
CTNNA1	RNF25	3	0.0003	0.8465
KRT8	RNF25	3	0.0150	0.7715
LMNA	RNF25	3	0.0035	0.8185
MAPRE3	RNF25	3	0.0131	0.7774
ACTB	RNF31	3	0.0039	0.8165
KRT8	RNF31	3	0.0113	0.7846
MAPRE3	RNF31	3	0.1470	0.6411
KRT8	RNF34	3	1.0000	0.0000
KRT8	RNF38	3	0.3333	0.4096
ACTB	RNF40	3	0.0007	0.8404
KRT8	RNF40	3	0.0032	0.8201
LMNA	RNF40	3	0.0107	0.7868
MAPRE3	RNF40	3	0.0004	0.8448
LMNA	RNFT1	3	0.3333	0.4096
ACTB	RNGTT	3	0.0005	0.8431
KRT8	RNGTT	3	0.0096	0.7908
LMNA	RNGTT	3	0.0073	0.8005
MAPRE3	RNGTT	3	0.0000	0.8553
ACTB	RNH1	3	0.0388	0.7270
CTNNA1	RNH1	3	0.0119	0.7820
KRT8	RNH1	3	0.0434	0.7224
LMNA	RNH1	3	0.0195	0.7594
MAPRE3	RNH1	3	0.0077	0.7987
MAPRE3	RNLS	3	0.3333	0.4096
ACTB	RNMT	3	0.0693	0.6979
CTNNA1	RNMT	3	0.0174	0.7647
KRT8	RNMT	3	0.0402	0.7253
LMNA	RNMT	3	0.2281	0.5955
MAPRE3	RNMT	3	0.0432	0.7226
LMNA	RNPC3	3	0.3333	0.4096
ACTB	RNPEP	3	0.0288	0.7413
CTNNA1	RNPEP	3	0.0122	0.7807
KRT8	RNPEP	3	0.0399	0.7256
LMNA	RNPEP	3	0.0143	0.7735
MAPRE3	RNPEP	3	0.0049	0.8116
ACTB	RNPS1	3	0.0004	0.8448
CTNNA1	RNPS1	3	0.0000	0.8553
LMNA	RNPS1	3	0.0013	0.8344
MAPRE3	RNPS1	3	0.0001	0.8514
ACTB	RO60	3	0.0013	0.8344
CTNNA1	RO60	3	0.0000	0.8553
KRT8	RO60	3	0.0188	0.7610
LMNA	RO60	3	0.0073	0.8005
MAPRE3	RO60	3	0.0004	0.8448
ACTB	ROBO1	3	0.0183	0.7623
CTNNA1	ROBO1	3	0.0056	0.8082
KRT8	ROBO1	3	0.0075	0.7995
LMNA	ROBO1	3	0.0007	0.8404
MAPRE3	ROBO1	3	0.0037	0.8175
CTNNA1	ROBO2	3	0.3333	0.4096
ACTB	ROCK1	3	0.3817	0.3068
KRT8	ROCK1	3	0.2176	0.6003
MAPRE3	ROCK1	3	0.0017	0.8305
ACTB	ROCK2	3	0.2761	0.5722
CTNNA1	ROCK2	3	0.0939	0.6785
KRT8	ROCK2	3	0.2909	0.5652
LMNA	ROCK2	3	0.0644	0.7023
MAPRE3	ROCK2	3	0.1648	0.6306
KRT8	ROR2	3	0.0002	0.8487
CTNNA1	ROS1	3	0.0000	0.8553
ACTB	RP2	3	0.0000	0.8553
LMNA	RP2	3	0.0000	0.8553
LMNA	RP9	3	0.0091	0.7930
ACTB	RPA1	3	0.2142	0.6025
CTNNA1	RPA1	3	0.0634	0.7032
KRT8	RPA1	3	0.2014	0.6088
LMNA	RPA1	3	0.3357	0.4024
MAPRE3	RPA1	3	0.1863	0.6173
LMNA	RPA2	3	0.0074	0.8000
ACTB	RPAP1	3	0.0119	0.7820
KRT8	RPAP1	3	0.0718	0.6957
LMNA	RPAP1	3	0.0023	0.8260
MAPRE3	RPAP1	3	0.0034	0.8190
ACTB	RPAP2	3	0.0283	0.7422
KRT8	RPAP2	3	0.0414	0.7243
MAPRE3	RPAP2	3	0.0018	0.8297
ACTB	RPAP3	3	0.2649	0.5770
CTNNA1	RPAP3	3	0.0687	0.6984
KRT8	RPAP3	3	0.3334	0.4090
LMNA	RPAP3	3	0.1448	0.6424
MAPRE3	RPAP3	3	0.1365	0.6476
ACTB	RPF2	3	0.1443	0.6427
CTNNA1	RPF2	3	0.0192	0.7600
KRT8	RPF2	3	0.2473	0.5859
LMNA	RPF2	3	0.1303	0.6522
MAPRE3	RPF2	3	0.0173	0.7650
CTNNA1	RPGRIP1	3	0.3333	0.4096
ACTB	RPGRIP1L	3	0.3009	0.5599
CTNNA1	RPGRIP1L	3	0.0001	0.8514
KRT8	RPGRIP1L	3	0.2911	0.5651
MAPRE3	RPGRIP1L	3	0.0026	0.8238
ACTB	RPL10	3	0.1325	0.6505
CTNNA1	RPL10	3	0.0122	0.7807
KRT8	RPL10	3	0.2148	0.6020
LMNA	RPL10	3	0.0684	0.6986
MAPRE3	RPL10	3	0.0205	0.7572
ACTB	RPL10A	3	0.3051	0.5576
CTNNA1	RPL10A	3	0.0317	0.7371
KRT8	RPL10A	3	0.1751	0.6243
LMNA	RPL10A	3	0.0939	0.6785
ACTB	RPL11	3	0.1166	0.6618
CTNNA1	RPL11	3	0.0113	0.7846
KRT8	RPL11	3	0.2854	0.5678
LMNA	RPL11	3	0.1140	0.6638
MAPRE3	RPL11	3	0.0177	0.7640
ACTB	RPL12	3	0.0711	0.6963
CTNNA1	RPL12	3	0.0112	0.7849
KRT8	RPL12	3	0.0723	0.6956
LMNA	RPL12	3	0.0283	0.7422
MAPRE3	RPL12	3	0.0074	0.8000
ACTB	RPL13	3	0.1759	0.6238
CTNNA1	RPL13	3	0.0193	0.7598
KRT8	RPL13	3	0.0485	0.7169
LMNA	RPL13	3	0.0888	0.6826
MAPRE3	RPL13	3	0.0336	0.7343
ACTB	RPL13A	3	0.2281	0.5955
CTNNA1	RPL13A	3	0.0314	0.7376
KRT8	RPL13A	3	0.2326	0.5935
LMNA	RPL13A	3	0.2111	0.6040
MAPRE3	RPL13A	3	0.0878	0.6833
ACTB	RPL14	3	0.0887	0.6828
CTNNA1	RPL14	3	0.0186	0.7616
KRT8	RPL14	3	0.0841	0.6864
LMNA	RPL14	3	0.0380	0.7283
MAPRE3	RPL14	3	0.0230	0.7521
ACTB	RPL15	3	0.1412	0.6445
CTNNA1	RPL15	3	0.0225	0.7530
KRT8	RPL15	3	0.4124	0.2645
LMNA	RPL15	3	0.1367	0.6473
MAPRE3	RPL15	3	0.0504	0.7151
ACTB	RPL17	3	0.2027	0.6082
CTNNA1	RPL17	3	0.0793	0.6905
KRT8	RPL17	3	0.1189	0.6597
LMNA	RPL17	3	0.1174	0.6612
MAPRE3	RPL17	3	0.0207	0.7568
ACTB	RPL18	3	0.1945	0.6125
CTNNA1	RPL18	3	0.0166	0.7668
KRT8	RPL18	3	0.1535	0.6372
LMNA	RPL18	3	0.0734	0.6947
MAPRE3	RPL18	3	0.0238	0.7507
ACTB	RPL18A	3	0.2035	0.6078
CTNNA1	RPL18A	3	0.0325	0.7359
KRT8	RPL18A	3	0.3349	0.4044
LMNA	RPL18A	3	0.1670	0.6288
MAPRE3	RPL18A	3	0.0666	0.7003
ACTB	RPL19	3	0.1769	0.6231
CTNNA1	RPL19	3	0.0232	0.7518
KRT8	RPL19	3	0.2468	0.5862
LMNA	RPL19	3	0.1482	0.6402
MAPRE3	RPL19	3	0.0433	0.7225
ACTB	RPL21	3	0.1559	0.6357
CTNNA1	RPL21	3	0.0211	0.7561
KRT8	RPL21	3	0.2875	0.5668
LMNA	RPL21	3	0.1032	0.6710
MAPRE3	RPL21	3	0.0426	0.7232
ACTB	RPL22	3	0.1625	0.6319
CTNNA1	RPL22	3	0.0149	0.7719
KRT8	RPL22	3	0.2258	0.5965
LMNA	RPL22	3	0.0818	0.6885
MAPRE3	RPL22	3	0.0272	0.7441
ACTB	RPL23	3	0.1295	0.6526
CTNNA1	RPL23	3	0.0209	0.7564
KRT8	RPL23	3	0.2064	0.6061
LMNA	RPL23	3	0.0909	0.6809
MAPRE3	RPL23	3	0.0282	0.7424
ACTB	RPL23A	3	0.0101	0.7890
CTNNA1	RPL23A	3	0.0141	0.7742
KRT8	RPL23A	3	0.0150	0.7715
LMNA	RPL23A	3	0.0276	0.7435
MAPRE3	RPL23A	3	0.0180	0.7632
ACTB	RPL24	3	0.1147	0.6634
CTNNA1	RPL24	3	0.0246	0.7489
KRT8	RPL24	3	0.2029	0.6082
LMNA	RPL24	3	0.0604	0.7061
MAPRE3	RPL24	3	0.0308	0.7382
ACTB	RPL26;RPL26L1	3	0.0112	0.7849
CTNNA1	RPL26;RPL26L1	3	0.0244	0.7493
KRT8	RPL26;RPL26L1	3	0.0027	0.8233
LMNA	RPL26;RPL26L1	3	0.1006	0.6733
MAPRE3	RPL26;RPL26L1	3	0.0132	0.7771
ACTB	RPL27	3	0.0164	0.7674
CTNNA1	RPL27	3	0.0109	0.7861
KRT8	RPL27	3	0.0669	0.7001
LMNA	RPL27	3	0.0719	0.6956
MAPRE3	RPL27	3	0.0058	0.8072
ACTB	RPL27A	3	0.0074	0.8000
CTNNA1	RPL27A	3	0.0084	0.7959
KRT8	RPL27A	3	0.0145	0.7729
LMNA	RPL27A	3	0.0892	0.6824
MAPRE3	RPL27A	3	0.0068	0.8026
ACTB	RPL28	3	0.1059	0.6692
CTNNA1	RPL28	3	0.0028	0.8224
KRT8	RPL28	3	0.3195	0.5505
LMNA	RPL28	3	0.0830	0.6875
MAPRE3	RPL28	3	0.0256	0.7472
ACTB	RPL29	3	0.1693	0.6276
CTNNA1	RPL29	3	0.0347	0.7329
KRT8	RPL29	3	0.1345	0.6487
LMNA	RPL29	3	0.0997	0.6739
MAPRE3	RPL29	3	0.0579	0.7082
ACTB	RPL3	3	0.2361	0.5921
CTNNA1	RPL3	3	0.0726	0.6954
KRT8	RPL3	3	0.2999	0.5602
LMNA	RPL3	3	0.2137	0.6027
MAPRE3	RPL3	3	0.1228	0.6571
ACTB	RPL30	3	0.1030	0.6712
CTNNA1	RPL30	3	0.0399	0.7256
KRT8	RPL30	3	0.1083	0.6676
LMNA	RPL30	3	0.0815	0.6887
MAPRE3	RPL30	3	0.0284	0.7420
ACTB	RPL31	3	0.0219	0.7543
CTNNA1	RPL31	3	0.0309	0.7381
KRT8	RPL31	3	0.0289	0.7412
LMNA	RPL31	3	0.0351	0.7324
MAPRE3	RPL31	3	0.0148	0.7721
ACTB	RPL32	3	0.0535	0.7120
CTNNA1	RPL32	3	0.0005	0.8431
KRT8	RPL32	3	0.0557	0.7103
LMNA	RPL32	3	0.0917	0.6802
MAPRE3	RPL32	3	0.0164	0.7674
ACTB	RPL34	3	0.0089	0.7939
CTNNA1	RPL34	3	0.0000	0.8553
KRT8	RPL34	3	0.0120	0.7815
LMNA	RPL34	3	0.0083	0.7964
MAPRE3	RPL34	3	0.0004	0.8448
CTNNA1	RPL35	3	0.0599	0.7064
LMNA	RPL35	3	0.2921	0.5645
MAPRE3	RPL35	3	0.1742	0.6249
ACTB	RPL35A	3	0.2571	0.5808
CTNNA1	RPL35A	3	0.0152	0.7709
KRT8	RPL35A	3	0.2646	0.5772
LMNA	RPL35A	3	0.0888	0.6826
MAPRE3	RPL35A	3	0.0735	0.6947
ACTB	RPL36	3	0.1339	0.6493
CTNNA1	RPL36	3	0.0182	0.7626
KRT8	RPL36	3	0.0860	0.6848
LMNA	RPL36	3	0.0827	0.6878
MAPRE3	RPL36	3	0.0246	0.7489
ACTB	RPL37A	3	0.0038	0.8170
CTNNA1	RPL37A	3	0.0000	0.8553
KRT8	RPL37A	3	0.0083	0.7964
LMNA	RPL37A	3	0.0012	0.8352
MAPRE3	RPL37A	3	0.0003	0.8465
ACTB	RPL38	3	0.1829	0.6195
CTNNA1	RPL38	3	0.0085	0.7955
KRT8	RPL38	3	0.1419	0.6441
LMNA	RPL38	3	0.0794	0.6903
MAPRE3	RPL38	3	0.0330	0.7351
ACTB	RPL4	3	0.0792	0.6905
CTNNA1	RPL4	3	0.0223	0.7537
KRT8	RPL4	3	0.0819	0.6885
LMNA	RPL4	3	0.0739	0.6942
MAPRE3	RPL4	3	0.0262	0.7461
ACTB	RPL5	3	0.1166	0.6618
CTNNA1	RPL5	3	0.0158	0.7691
KRT8	RPL5	3	0.2217	0.5984
LMNA	RPL5	3	0.1560	0.6357
MAPRE3	RPL5	3	0.0301	0.7393
ACTB	RPL6	3	0.1915	0.6141
CTNNA1	RPL6	3	0.0151	0.7711
KRT8	RPL6	3	0.3305	0.5449
LMNA	RPL6	3	0.1674	0.6286
MAPRE3	RPL6	3	0.0400	0.7255
ACTB	RPL7	3	0.2213	0.5985
CTNNA1	RPL7	3	0.0208	0.7566
KRT8	RPL7	3	0.1754	0.6241
LMNA	RPL7	3	0.1310	0.6517
MAPRE3	RPL7	3	0.0668	0.7002
ACTB	RPL7A	3	0.1642	0.6307
CTNNA1	RPL7A	3	0.0240	0.7503
KRT8	RPL7A	3	0.1838	0.6189
LMNA	RPL7A	3	0.0852	0.6854
MAPRE3	RPL7A	3	0.0485	0.7169
ACTB	RPL7L1	3	0.0011	0.8360
CTNNA1	RPL7L1	3	0.0000	0.8553
KRT8	RPL7L1	3	0.0015	0.8325
LMNA	RPL7L1	3	0.0026	0.8238
ACTB	RPL8	3	0.2040	0.6076
CTNNA1	RPL8	3	0.0248	0.7485
KRT8	RPL8	3	0.2457	0.5870
LMNA	RPL8	3	0.1334	0.6496
MAPRE3	RPL8	3	0.0338	0.7339
ACTB	RPL9	3	0.0976	0.6755
CTNNA1	RPL9	3	0.0138	0.7750
KRT8	RPL9	3	0.6900	0.0528
LMNA	RPL9	3	0.2821	0.5694
MAPRE3	RPL9	3	0.0281	0.7426
ACTB	RPLP0	3	0.0307	0.7384
CTNNA1	RPLP0	3	0.0095	0.7913
KRT8	RPLP0	3	0.0458	0.7196
LMNA	RPLP0	3	0.0110	0.7857
MAPRE3	RPLP0	3	0.0052	0.8103
ACTB	RPLP1	3	0.1110	0.6661
CTNNA1	RPLP1	3	0.0128	0.7786
KRT8	RPLP1	3	0.1611	0.6326
LMNA	RPLP1	3	0.0292	0.7407
MAPRE3	RPLP1	3	0.0053	0.8097
ACTB	RPLP2	3	0.0017	0.8305
CTNNA1	RPLP2	3	0.0005	0.8431
KRT8	RPLP2	3	0.0086	0.7950
LMNA	RPLP2	3	0.0026	0.8238
MAPRE3	RPLP2	3	0.0019	0.8289
ACTB	RPN1	3	0.1720	0.6261
CTNNA1	RPN1	3	0.0246	0.7489
KRT8	RPN1	3	0.2028	0.6082
LMNA	RPN1	3	0.3907	0.2928
MAPRE3	RPN1	3	0.0561	0.7100
KRT8	RPN2	3	0.4347	0.2449
LMNA	RPN2	3	0.1714	0.6265
MAPRE3	RPN2	3	0.3333	0.4096
ACTB	RPP14	3	0.1522	0.6379
CTNNA1	RPP14	3	0.0082	0.7969
MAPRE3	RPP14	3	0.0057	0.8078
ACTB	RPP25	3	0.0001	0.8514
KRT8	RPP25	3	0.0002	0.8487
KRT8	RPP25L	3	0.0008	0.8393
ACTB	RPP30	3	0.1760	0.6237
CTNNA1	RPP30	3	0.0560	0.7101
KRT8	RPP30	3	0.2803	0.5702
LMNA	RPP30	3	0.2402	0.5901
MAPRE3	RPP30	3	0.0496	0.7157
ACTB	RPP38	3	0.0003	0.8465
LMNA	RPP38	3	0.0074	0.8000
ACTB	RPRD1B	3	0.0367	0.7301
CTNNA1	RPRD1B	3	0.0009	0.8382
KRT8	RPRD1B	3	0.0283	0.7422
LMNA	RPRD1B	3	0.1226	0.6573
MAPRE3	RPRD1B	3	0.0099	0.7897
ACTB	RPRD2	3	0.1101	0.6667
CTNNA1	RPRD2	3	0.0109	0.7861
KRT8	RPRD2	3	0.1013	0.6727
LMNA	RPRD2	3	0.1825	0.6198
MAPRE3	RPRD2	3	0.0609	0.7058
ACTB	RPS10	3	0.0046	0.8132
CTNNA1	RPS10	3	0.0000	0.8553
KRT8	RPS10	3	0.0045	0.8137
LMNA	RPS10	3	0.0022	0.8268
MAPRE3	RPS10	3	0.0000	0.8553
ACTB	RPS11	3	0.2281	0.5955
CTNNA1	RPS11	3	0.0556	0.7104
KRT8	RPS11	3	0.3887	0.2971
LMNA	RPS11	3	0.2124	0.6035
MAPRE3	RPS11	3	0.1061	0.6691
ACTB	RPS12	3	0.0057	0.8078
CTNNA1	RPS12	3	0.0075	0.7995
KRT8	RPS12	3	0.0061	0.8057
LMNA	RPS12	3	0.2028	0.6082
MAPRE3	RPS12	3	0.0041	0.8156
ACTB	RPS13	3	0.0099	0.7897
CTNNA1	RPS13	3	0.0060	0.8062
LMNA	RPS13	3	0.0002	0.8487
MAPRE3	RPS13	3	0.0043	0.8145
ACTB	RPS14	3	0.0825	0.6880
CTNNA1	RPS14	3	0.0133	0.7767
KRT8	RPS14	3	0.1413	0.6444
LMNA	RPS14	3	0.0478	0.7175
MAPRE3	RPS14	3	0.0131	0.7774
ACTB	RPS15A	3	0.1753	0.6242
CTNNA1	RPS15A	3	0.0183	0.7623
KRT8	RPS15A	3	0.2770	0.5716
LMNA	RPS15A	3	0.1262	0.6545
MAPRE3	RPS15A	3	0.0651	0.7018
ACTB	RPS16	3	0.0211	0.7561
CTNNA1	RPS16	3	0.0126	0.7792
KRT8	RPS16	3	0.0525	0.7129
LMNA	RPS16	3	0.0281	0.7426
MAPRE3	RPS16	3	0.0052	0.8103
ACTB	RPS17	3	0.0541	0.7115
CTNNA1	RPS17	3	0.0224	0.7534
KRT8	RPS17	3	0.0627	0.7041
LMNA	RPS17	3	0.0363	0.7307
MAPRE3	RPS17	3	0.0105	0.7876
ACTB	RPS18	3	0.0014	0.8335
CTNNA1	RPS18	3	0.0731	0.6950
KRT8	RPS19BP1	3	0.3387	0.3925
LMNA	RPS19BP1	3	0.0085	0.7955
ACTB	RPS2	3	0.1909	0.6145
CTNNA1	RPS2	3	0.0299	0.7396
KRT8	RPS2	3	0.2396	0.5904
LMNA	RPS2	3	0.1363	0.6477
MAPRE3	RPS2	3	0.0771	0.6918
ACTB	RPS20	3	0.0493	0.7161
CTNNA1	RPS20	3	0.0149	0.7719
KRT8	RPS20	3	0.1476	0.6406
LMNA	RPS20	3	0.0400	0.7255
MAPRE3	RPS20	3	0.0100	0.7894
ACTB	RPS21	3	0.0188	0.7610
CTNNA1	RPS21	3	0.0165	0.7670
KRT8	RPS21	3	0.0250	0.7483
LMNA	RPS21	3	0.0122	0.7807
MAPRE3	RPS21	3	0.0053	0.8097
ACTB	RPS23	3	0.1975	0.6110
CTNNA1	RPS23	3	0.0239	0.7505
KRT8	RPS23	3	0.2948	0.5633
LMNA	RPS23	3	0.1686	0.6280
MAPRE3	RPS23	3	0.0699	0.6974
ACTB	RPS24	3	0.0705	0.6967
CTNNA1	RPS24	3	0.0296	0.7400
KRT8	RPS24	3	0.0968	0.6761
LMNA	RPS24	3	0.0696	0.6976
MAPRE3	RPS24	3	0.0204	0.7574
ACTB	RPS25	3	0.0518	0.7135
CTNNA1	RPS25	3	0.0225	0.7530
KRT8	RPS25	3	0.0197	0.7589
LMNA	RPS25	3	0.0447	0.7206
MAPRE3	RPS25	3	0.0189	0.7607
ACTB	RPS26	3	0.3314	0.5446
CTNNA1	RPS26	3	0.0197	0.7589
KRT8	RPS26	3	0.0686	0.6985
LMNA	RPS26	3	0.0385	0.7274
MAPRE3	RPS26	3	0.0163	0.7678
ACTB	RPS27	3	0.1592	0.6336
CTNNA1	RPS27	3	0.0189	0.7607
KRT8	RPS27	3	0.3326	0.5436
LMNA	RPS27	3	0.1554	0.6359
MAPRE3	RPS27	3	0.0527	0.7126
ACTB	RPS27A;UBA52;UBB;UBC	3	0.2419	0.5894
CTNNA1	RPS27A;UBA52;UBB;UBC	3	0.0316	0.7372
KRT8	RPS27A;UBA52;UBB;UBC	3	0.2524	0.5833
LMNA	RPS27A;UBA52;UBB;UBC	3	0.1541	0.6366
MAPRE3	RPS27A;UBA52;UBB;UBC	3	0.0861	0.6847
ACTB	RPS27L	3	0.1917	0.6138
CTNNA1	RPS27L	3	0.0263	0.7458
KRT8	RPS27L	3	0.3580	0.3478
LMNA	RPS27L	3	0.1773	0.6228
MAPRE3	RPS27L	3	0.0788	0.6908
ACTB	RPS28	3	0.0223	0.7537
CTNNA1	RPS28	3	0.0143	0.7735
KRT8	RPS28	3	0.0258	0.7468
LMNA	RPS28	3	0.0191	0.7603
MAPRE3	RPS28	3	0.0089	0.7939
ACTB	RPS3	3	0.1473	0.6409
CTNNA1	RPS3	3	0.0133	0.7767
KRT8	RPS3	3	0.2873	0.5668
LMNA	RPS3	3	0.1244	0.6560
MAPRE3	RPS3	3	0.0463	0.7192
ACTB	RPS3A	3	0.0704	0.6968
CTNNA1	RPS3A	3	0.0144	0.7732
KRT8	RPS3A	3	0.0835	0.6869
LMNA	RPS3A	3	0.0466	0.7188
MAPRE3	RPS3A	3	0.0142	0.7739
ACTB	RPS4X	3	0.1207	0.6585
CTNNA1	RPS4X	3	0.0216	0.7550
KRT8	RPS4X	3	0.2457	0.5870
LMNA	RPS4X	3	0.1399	0.6455
MAPRE3	RPS4X	3	0.0318	0.7369
ACTB	RPS5	3	0.0696	0.6976
CTNNA1	RPS5	3	0.0019	0.8289
KRT8	RPS5	3	0.0377	0.7286
LMNA	RPS5	3	0.0243	0.7495
MAPRE3	RPS5	3	0.0064	0.8044
ACTB	RPS6	3	0.0837	0.6867
CTNNA1	RPS6	3	0.0163	0.7678
KRT8	RPS6	3	0.6352	0.1729
LMNA	RPS6	3	0.1953	0.6118
MAPRE3	RPS6	3	0.0297	0.7398
ACTB	RPS6KA1	3	0.3217	0.5496
CTNNA1	RPS6KA1	3	0.0786	0.6909
KRT8	RPS6KA1	3	0.3369	0.3981
LMNA	RPS6KA1	3	0.2285	0.5953
MAPRE3	RPS6KA1	3	0.2153	0.6017
ACTB	RPS6KA3	3	0.0043	0.8145
CTNNA1	RPS6KA3	3	0.0001	0.8514
KRT8	RPS6KA3	3	0.0097	0.7904
LMNA	RPS6KA3	3	0.0123	0.7804
MAPRE3	RPS6KA3	3	0.0171	0.7655
LMNA	RPS6KA4	3	0.0002	0.8487
ACTB	RPS6KA5	3	0.0026	0.8238
KRT8	RPS6KA5	3	0.0031	0.8206
LMNA	RPS6KA5	3	0.3323	0.5439
MAPRE3	RPS6KA5	3	0.0008	0.8393
ACTB	RPS6KB1	3	0.0296	0.7400
KRT8	RPS6KB1	3	0.1170	0.6615
LMNA	RPS6KB1	3	0.0073	0.8005
MAPRE3	RPS6KB1	3	0.0004	0.8448
LMNA	RPS6KB2	3	0.3333	0.4096
ACTB	RPS6KC1	3	0.0096	0.7908
KRT8	RPS6KC1	3	0.1983	0.6105
ACTB	RPS7	3	0.0328	0.7353
CTNNA1	RPS7	3	0.0199	0.7585
KRT8	RPS7	3	0.0223	0.7537
LMNA	RPS7	3	0.0400	0.7255
MAPRE3	RPS7	3	0.0217	0.7547
ACTB	RPS8	3	0.1216	0.6580
CTNNA1	RPS8	3	0.0182	0.7626
KRT8	RPS8	3	0.4094	0.2693
LMNA	RPS8	3	0.1522	0.6379
MAPRE3	RPS8	3	0.0443	0.7212
ACTB	RPS9	3	0.1699	0.6274
CTNNA1	RPS9	3	0.0193	0.7598
KRT8	RPS9	3	0.2669	0.5762
LMNA	RPS9	3	0.1349	0.6485
MAPRE3	RPS9	3	0.0577	0.7083
ACTB	RPSA	3	0.1271	0.6538
CTNNA1	RPSA	3	0.0120	0.7815
KRT8	RPSA	3	0.1451	0.6422
LMNA	RPSA	3	0.0731	0.6950
MAPRE3	RPSA	3	0.0097	0.7904
ACTB	RPSA2	3	0.3333	0.4096
LMNA	RPSA2	3	0.3333	0.4096
CTNNA1	RPTN	3	0.3333	0.4096
LMNA	RPTN	3	0.3333	0.4096
ACTB	RPTOR	3	0.0101	0.7890
CTNNA1	RPTOR	3	0.0001	0.8514
KRT8	RPTOR	3	0.3552	0.3520
LMNA	RPTOR	3	0.0029	0.8218
MAPRE3	RPTOR	3	0.0031	0.8206
LMNA	RPUSD1	3	0.3333	0.4096
ACTB	RPUSD3	3	0.3333	0.4096
KRT8	RPUSD3	3	0.3333	0.4096
LMNA	RPUSD3	3	0.3333	0.4096
KRT8	RRAD	3	0.3333	0.4096
ACTB	RRAGA	3	0.0058	0.8072
KRT8	RRAGA	3	0.0242	0.7498
LMNA	RRAGA	3	0.0189	0.7607
MAPRE3	RRAGA	3	0.0003	0.8465
ACTB	RRAGC;RRAGD	3	0.0042	0.8151
CTNNA1	RRAGC;RRAGD	3	0.0005	0.8431
KRT8	RRAGC;RRAGD	3	0.0318	0.7369
LMNA	RRAGC;RRAGD	3	0.0082	0.7969
MAPRE3	RRAGC;RRAGD	3	0.0002	0.8487
ACTB	RRAS;RRAS2	3	0.0002	0.8487
CTNNA1	RRAS;RRAS2	3	0.0000	0.8553
ACTB	RRBP1	3	0.4117	0.2652
CTNNA1	RRBP1	3	0.2806	0.5701
KRT8	RRBP1	3	0.4022	0.2782
LMNA	RRBP1	3	0.2540	0.5824
MAPRE3	RRBP1	3	0.3413	0.3838
ACTB	RREB1	3	0.0002	0.8487
KRT8	RREB1	3	0.0014	0.8335
LMNA	RREB1	3	0.0111	0.7854
ACTB	RRM1	3	0.0292	0.7407
CTNNA1	RRM1	3	0.0086	0.7950
KRT8	RRM1	3	0.0249	0.7484
LMNA	RRM1	3	0.0137	0.7754
MAPRE3	RRM1	3	0.0066	0.8035
ACTB	RRM2	3	0.2273	0.5959
CTNNA1	RRM2	3	0.0588	0.7074
KRT8	RRM2	3	0.2392	0.5906
LMNA	RRM2	3	0.0738	0.6944
MAPRE3	RRM2	3	0.0968	0.6761
ACTB	RRN3	3	0.0206	0.7570
KRT8	RRN3	3	0.2069	0.6057
LMNA	RRN3	3	0.0113	0.7846
MAPRE3	RRN3	3	0.0161	0.7684
CTNNA1	RRP1	3	0.0017	0.8305
LMNA	RRP1	3	0.0368	0.7299
MAPRE3	RRP1	3	0.0001	0.8514
ACTB	RRP12	3	0.0010	0.8371
KRT8	RRP12	3	0.0011	0.8360
LMNA	RRP12	3	0.0007	0.8404
MAPRE3	RRP12	3	0.0000	0.8553
ACTB	RRP15	3	0.0355	0.7317
CTNNA1	RRP15	3	0.0060	0.8062
KRT8	RRP15	3	0.0459	0.7195
LMNA	RRP15	3	0.3138	0.5534
MAPRE3	RRP15	3	0.0253	0.7478
ACTB	RRP1B	3	0.0000	0.8553
CTNNA1	RRP1B	3	0.0000	0.8553
KRT8	RRP1B	3	0.0000	0.8553
LMNA	RRP1B	3	0.0006	0.8417
MAPRE3	RRP1B	3	0.0001	0.8514
ACTB	RRP36	3	0.0016	0.8315
KRT8	RRP36	3	0.0012	0.8352
LMNA	RRP36	3	0.0279	0.7431
MAPRE3	RRP36	3	0.0001	0.8514
ACTB	RRP7A	3	0.0829	0.6876
CTNNA1	RRP7A	3	0.0007	0.8404
KRT8	RRP7A	3	0.1277	0.6535
LMNA	RRP7A	3	0.1981	0.6106
MAPRE3	RRP7A	3	0.0148	0.7721
ACTB	RRP8	3	0.0104	0.7880
KRT8	RRP8	3	0.0209	0.7564
LMNA	RRP8	3	0.0072	0.8009
MAPRE3	RRP8	3	0.0000	0.8553
MAPRE3	RRP9	3	0.0004	0.8448
ACTB	RRS1	3	0.0920	0.6799
CTNNA1	RRS1	3	0.0665	0.7004
KRT8	RRS1	3	0.0607	0.7059
LMNA	RRS1	3	0.0751	0.6930
MAPRE3	RRS1	3	0.0226	0.7529
LMNA	RSAD2	3	0.3333	0.4096
ACTB	RSBN1	3	0.0001	0.8514
LMNA	RSBN1	3	0.0058	0.8072
LMNA	RSBN1L	3	0.0042	0.8151
MAPRE3	RSBN1L	3	0.0000	0.8553
ACTB	RSF1	3	0.2457	0.5870
CTNNA1	RSF1	3	0.0468	0.7185
KRT8	RSF1	3	0.1458	0.6417
LMNA	RSF1	3	0.3254	0.5477
MAPRE3	RSF1	3	0.0846	0.6858
ACTB	RSL1D1	3	0.0706	0.6967
CTNNA1	RSL1D1	3	0.0174	0.7647
KRT8	RSL1D1	3	0.1666	0.6291
LMNA	RSL1D1	3	0.0978	0.6753
MAPRE3	RSL1D1	3	0.0262	0.7461
LMNA	RSL24D1	3	0.0005	0.8431
KRT8	RSPH6A	3	0.3333	0.4096
LMNA	RSRC1	3	0.3333	0.4096
ACTB	RSRC2	3	0.0010	0.8371
LMNA	RSRC2	3	0.0296	0.7400
MAPRE3	RSRC2	3	0.0001	0.8514
ACTB	RTCA	3	0.0002	0.8487
CTNNA1	RTCA	3	0.0000	0.8553
KRT8	RTCA	3	0.0041	0.8156
LMNA	RTCA	3	0.0018	0.8297
MAPRE3	RTCA	3	0.0002	0.8487
ACTB	RTCB	3	0.4668	0.2239
KRT8	RTCB	3	0.1249	0.6554
LMNA	RTCB	3	0.0027	0.8233
LMNA	RTEL1	3	0.0107	0.7868
MAPRE3	RTEL1	3	0.0084	0.7959
ACTB	RTF1	3	0.1137	0.6640
CTNNA1	RTF1	3	0.0208	0.7566
KRT8	RTF1	3	0.0847	0.6857
LMNA	RTF1	3	0.2554	0.5816
MAPRE3	RTF1	3	0.1137	0.6640
ACTB	RTF2	3	0.0358	0.7314
CTNNA1	RTF2	3	0.0202	0.7578
KRT8	RTF2	3	0.2641	0.5775
LMNA	RTF2	3	0.1446	0.6425
MAPRE3	RTF2	3	0.0125	0.7796
KRT8	RTKN	3	0.3333	0.4096
ACTB	RTKN2	3	0.3333	0.4096
MAPRE3	RTL1	3	0.0030	0.8212
ACTB	RTL6	3	0.3333	0.4096
ACTB	RTN3	3	0.3013	0.5597
CTNNA1	RTN3	3	0.1015	0.6725
KRT8	RTN3	3	0.2622	0.5782
LMNA	RTN3	3	0.0924	0.6796
MAPRE3	RTN3	3	0.2413	0.5897
ACTB	RTN4	3	0.0112	0.7849
CTNNA1	RTN4	3	0.0002	0.8487
KRT8	RTN4	3	0.0143	0.7735
LMNA	RTN4	3	0.0015	0.8325
MAPRE3	RTN4	3	0.0014	0.8335
KRT8	RTN4IP1	3	0.3333	0.4096
ACTB	RTN4RL1	3	0.3333	0.4096
ACTB	RTRAF	3	0.2673	0.5761
CTNNA1	RTRAF	3	0.0244	0.7493
KRT8	RTRAF	3	0.3053	0.5576
LMNA	RTRAF	3	0.1969	0.6112
MAPRE3	RTRAF	3	0.1534	0.6372
ACTB	RTTN	3	0.0068	0.8026
KRT8	RTTN	3	0.0388	0.7270
LMNA	RTTN	3	0.0000	0.8553
MAPRE3	RTTN	3	0.0009	0.8382
ACTB	RUFY1	3	0.2512	0.5841
CTNNA1	RUFY1	3	0.0598	0.7065
KRT8	RUFY1	3	0.2738	0.5732
LMNA	RUFY1	3	0.0934	0.6791
MAPRE3	RUFY1	3	0.1126	0.6647
ACTB	RUFY2	3	0.1374	0.6469
KRT8	RUFY2	3	0.1373	0.6470
MAPRE3	RUFY2	3	0.0016	0.8315
KRT8	RUFY3	3	0.6667	0.0721
MAPRE3	RUFY3	3	0.3333	0.4096
ACTB	RUNDC1	3	0.0026	0.8238
KRT8	RUNDC1	3	0.0228	0.7526
LMNA	RUNDC1	3	0.0003	0.8465
MAPRE3	RUNDC1	3	0.0002	0.8487
KRT8	RUNDC3B	3	0.3333	0.4096
KRT8	RUNX2	3	0.0017	0.8305
LMNA	RUNX2	3	0.0005	0.8431
ACTB	RUSC2	3	0.0154	0.7704
CTNNA1	RUSC2	3	0.0028	0.8224
KRT8	RUSC2	3	0.0700	0.6973
LMNA	RUSC2	3	0.0000	0.8553
MAPRE3	RUSC2	3	0.0143	0.7735
KRT8	RUSF1	3	1.0000	0.0000
LMNA	RUSF1	3	1.0000	0.0000
ACTB	RUVBL1	3	0.0870	0.6839
CTNNA1	RUVBL1	3	0.0118	0.7826
KRT8	RUVBL1	3	0.2167	0.6010
LMNA	RUVBL1	3	0.0362	0.7308
MAPRE3	RUVBL1	3	0.0094	0.7917
ACTB	RUVBL2	3	0.1342	0.6489
CTNNA1	RUVBL2	3	0.0279	0.7431
KRT8	RUVBL2	3	0.2902	0.5657
LMNA	RUVBL2	3	0.0657	0.7011
MAPRE3	RUVBL2	3	0.0202	0.7578
KRT8	RXFP1	3	0.3333	0.4096
ACTB	RXRA	3	0.0019	0.8289
KRT8	RXRA	3	0.0017	0.8305
LMNA	RXRA	3	0.3548	0.3536
MAPRE3	RXRA	3	0.0005	0.8431
KRT8	RYR2	3	0.1378	0.6466
LMNA	RYR2	3	0.0426	0.7232
KRT8	RYR3	3	0.3333	0.4096
ACTB	S100A10	3	0.3079	0.5561
CTNNA1	S100A10	3	0.0661	0.7007
KRT8	S100A10	3	0.1591	0.6338
LMNA	S100A10	3	0.1019	0.6720
MAPRE3	S100A10	3	0.0629	0.7039
ACTB	S100A11	3	0.3253	0.5477
CTNNA1	S100A11	3	0.0399	0.7256
KRT8	S100A11	3	0.2377	0.5914
LMNA	S100A11	3	0.1895	0.6154
MAPRE3	S100A11	3	0.0944	0.6781
ACTB	S100A14	3	0.3113	0.5546
LMNA	S100A14	3	0.0862	0.6846
ACTB	S100A16	3	0.3235	0.5488
CTNNA1	S100A16	3	0.0628	0.7041
KRT8	S100A16	3	0.3074	0.5564
LMNA	S100A16	3	0.1825	0.6198
MAPRE3	S100A16	3	0.0985	0.6746
MAPRE3	S100A2	3	0.3333	0.4096
ACTB	S100A4	3	0.0406	0.7250
CTNNA1	S100A4	3	0.0132	0.7771
KRT8	S100A4	3	0.0913	0.6805
LMNA	S100A4	3	0.0464	0.7191
MAPRE3	S100A4	3	0.0121	0.7811
ACTB	S100A6	3	0.0466	0.7188
CTNNA1	S100A6	3	0.0082	0.7969
KRT8	S100A6	3	0.0056	0.8082
LMNA	S100A6	3	0.0545	0.7112
MAPRE3	S100A6	3	0.0310	0.7380
ACTB	S100A7	3	0.3333	0.4096
ACTB	S100A8	3	0.3333	0.4096
CTNNA1	S100A8	3	0.3333	0.4096
MAPRE3	S100A8	3	0.3333	0.4096
ACTB	S100A9	3	0.6667	0.0721
LMNA	S100PBP	3	0.0379	0.7283
ACTB	SAAL1	3	0.0004	0.8448
LMNA	SAAL1	3	0.0009	0.8382
CTNNA1	SAC3D1	3	0.3333	0.4096
ACTB	SACM1L	3	0.0028	0.8224
KRT8	SACM1L	3	0.0011	0.8360
LMNA	SACM1L	3	0.0033	0.8195
ACTB	SACS	3	0.0126	0.7792
CTNNA1	SACS	3	0.0033	0.8195
KRT8	SACS	3	0.7034	0.0489
LMNA	SACS	3	0.0014	0.8335
MAPRE3	SACS	3	0.0109	0.7861
ACTB	SAE1	3	0.0009	0.8382
KRT8	SAE1	3	0.0014	0.8335
LMNA	SAE1	3	0.0370	0.7297
ACTB	SAFB	3	0.1981	0.6106
CTNNA1	SAFB	3	0.0148	0.7721
KRT8	SAFB	3	0.1374	0.6469
LMNA	SAFB	3	0.2752	0.5726
MAPRE3	SAFB	3	0.1074	0.6685
ACTB	SAFB2	3	0.2811	0.5699
CTNNA1	SAFB2	3	0.0597	0.7066
KRT8	SAFB2	3	0.2513	0.5840
LMNA	SAFB2	3	0.3151	0.5526
MAPRE3	SAFB2	3	0.1930	0.6133
ACTB	SALL4	3	0.3333	0.4096
ACTB	SAMD1	3	0.0036	0.8180
KRT8	SAMD1	3	0.0072	0.8009
LMNA	SAMD1	3	0.0068	0.8026
MAPRE3	SAMD1	3	0.0000	0.8553
CTNNA1	SAMD10	3	0.3333	0.4096
MAPRE3	SAMD10	3	0.3333	0.4096
ACTB	SAMD11	3	0.3333	0.4096
KRT8	SAMD12	3	0.3333	0.4096
ACTB	SAMD4A	3	0.3333	0.4096
KRT8	SAMD4A	3	0.6667	0.0721
MAPRE3	SAMD4A	3	0.3333	0.4096
ACTB	SAMD4B	3	0.0083	0.7964
KRT8	SAMD4B	3	0.0747	0.6935
MAPRE3	SAMD4B	3	0.0006	0.8417
KRT8	SAMD7	3	0.3333	0.4096
ACTB	SAMD9	3	0.0096	0.7908
CTNNA1	SAMD9	3	0.0002	0.8487
KRT8	SAMD9	3	0.0159	0.7689
LMNA	SAMD9	3	0.0003	0.8465
MAPRE3	SAMD9	3	0.0010	0.8371
ACTB	SAMHD1	3	0.1405	0.6450
KRT8	SAMHD1	3	0.2384	0.5911
LMNA	SAMHD1	3	0.3541	0.3544
MAPRE3	SAMHD1	3	0.1904	0.6148
ACTB	SAMM50	3	0.0252	0.7480
CTNNA1	SAMM50	3	0.1334	0.6496
KRT8	SAMM50	3	0.9974	0.0001
LMNA	SAMM50	3	0.0099	0.7897
MAPRE3	SAMM50	3	0.0090	0.7935
CTNNA1	SANBR	3	0.3333	0.4096
KRT8	SANBR	3	0.6667	0.0721
LMNA	SAP130	3	0.0097	0.7904
MAPRE3	SAP130	3	0.0000	0.8553
ACTB	SAP30BP	3	0.0007	0.8404
CTNNA1	SAP30BP	3	0.0000	0.8553
KRT8	SAP30BP	3	0.0009	0.8382
LMNA	SAP30BP	3	0.0374	0.7291
MAPRE3	SAP30BP	3	0.0003	0.8465
ACTB	SAPCD2	3	0.0006	0.8417
KRT8	SAPCD2	3	0.0027	0.8233
ACTB	SAR1A	3	0.1817	0.6202
CTNNA1	SAR1A	3	0.0682	0.6989
KRT8	SAR1A	3	0.1489	0.6399
LMNA	SAR1A	3	0.5016	0.2101
MAPRE3	SAR1A	3	0.1054	0.6696
LMNA	SAR1B	3	1.0000	0.0000
LMNA	SARAF	3	0.6667	0.0721
ACTB	SARDH	3	0.3333	0.4096
ACTB	SARG	3	0.3333	0.4096
ACTB	SARNP	3	0.0003	0.8465
LMNA	SARNP	3	0.0292	0.7407
MAPRE3	SARNP	3	0.0006	0.8417
ACTB	SARS1	3	0.0716	0.6959
CTNNA1	SARS1	3	0.0022	0.8268
KRT8	SARS1	3	0.1066	0.6689
LMNA	SARS1	3	0.0034	0.8190
MAPRE3	SARS1	3	0.0146	0.7726
KRT8	SARS2	3	1.0000	0.0000
LMNA	SARS2	3	0.3333	0.4096
ACTB	SART1	3	0.1769	0.6231
CTNNA1	SART1	3	0.0376	0.7288
KRT8	SART1	3	0.1264	0.6544
LMNA	SART1	3	0.2784	0.5711
MAPRE3	SART1	3	0.1444	0.6427
ACTB	SART3	3	0.0031	0.8206
CTNNA1	SART3	3	0.0001	0.8514
KRT8	SART3	3	0.0017	0.8305
LMNA	SART3	3	0.0128	0.7786
MAPRE3	SART3	3	0.0030	0.8212
ACTB	SASH1	3	0.0216	0.7550
CTNNA1	SASH1	3	0.0000	0.8553
KRT8	SASH1	3	0.0119	0.7820
MAPRE3	SASH1	3	0.0003	0.8465
ACTB	SASS6	3	0.0100	0.7894
KRT8	SASS6	3	0.4171	0.2603
LMNA	SASS6	3	0.0011	0.8360
MAPRE3	SASS6	3	0.0200	0.7582
ACTB	SAV1	3	0.0084	0.7959
KRT8	SAV1	3	1.0000	0.0000
MAPRE3	SAV1	3	0.3210	0.5499
ACTB	SBDS	3	0.0170	0.7658
CTNNA1	SBDS	3	0.0948	0.6778
KRT8	SBDS	3	0.0693	0.6979
LMNA	SBDS	3	0.2523	0.5834
MAPRE3	SBDS	3	0.0425	0.7233
ACTB	SBF1	3	0.0121	0.7811
CTNNA1	SBF1	3	0.0000	0.8553
KRT8	SBF1	3	0.0323	0.7361
LMNA	SBF1	3	0.0018	0.8297
MAPRE3	SBF1	3	0.0049	0.8116
ACTB	SBF2	3	0.0001	0.8514
KRT8	SBF2	3	0.0006	0.8417
MAPRE3	SBF2	3	0.0000	0.8553
ACTB	SBNO1	3	0.1860	0.6175
CTNNA1	SBNO1	3	0.0670	0.6999
KRT8	SBNO1	3	0.1860	0.6175
LMNA	SBNO1	3	0.3221	0.5494
MAPRE3	SBNO1	3	0.1447	0.6424
LMNA	SBNO2	3	0.0249	0.7484
ACTB	SCAF1	3	0.0009	0.8382
LMNA	SCAF1	3	0.0011	0.8360
ACTB	SCAF11	3	0.0002	0.8487
KRT8	SCAF11	3	0.0002	0.8487
LMNA	SCAF11	3	0.0043	0.8145
MAPRE3	SCAF11	3	0.0000	0.8553
ACTB	SCAF4	3	0.0001	0.8514
LMNA	SCAF4	3	0.0015	0.8325
MAPRE3	SCAF4	3	0.0000	0.8553
ACTB	SCAF8	3	0.0002	0.8487
CTNNA1	SCAF8	3	0.0000	0.8553
KRT8	SCAF8	3	0.0001	0.8514
LMNA	SCAF8	3	0.0027	0.8233
MAPRE3	SCAF8	3	0.0000	0.8553
LMNA	SCAI	3	0.3419	0.3820
ACTB	SCAMP1	3	0.0186	0.7616
KRT8	SCAMP3	3	0.4460	0.2398
CTNNA1	SCAND3	3	0.0031	0.8206
LMNA	SCAP	3	0.6667	0.0721
ACTB	SCAPER	3	0.0993	0.6741
KRT8	SCAPER	3	0.2973	0.5619
MAPRE3	SCAPER	3	0.0170	0.7658
ACTB	SCARB1	3	0.0431	0.7226
CTNNA1	SCARB1	3	0.0067	0.8030
KRT8	SCARB1	3	0.0134	0.7764
LMNA	SCARB1	3	0.1691	0.6277
MAPRE3	SCARB1	3	0.0076	0.7991
ACTB	SCART1	3	0.0032	0.8201
ACTB	SCCPDH	3	0.3333	0.4096
LMNA	SCCPDH	3	0.3333	0.4096
ACTB	SCD	3	0.1208	0.6585
KRT8	SCD	3	0.1710	0.6267
LMNA	SCD	3	1.0000	0.0000
MAPRE3	SCD	3	0.0130	0.7779
LMNA	SCD5	3	1.0000	0.0000
ACTB	SCFD1	3	0.0075	0.7995
CTNNA1	SCFD1	3	0.0001	0.8514
KRT8	SCFD1	3	0.0080	0.7976
LMNA	SCFD1	3	0.0188	0.7610
MAPRE3	SCFD1	3	0.0003	0.8465
ACTB	SCFD2	3	0.0086	0.7950
CTNNA1	SCFD2	3	0.0001	0.8514
KRT8	SCFD2	3	0.0119	0.7820
LMNA	SCFD2	3	0.0003	0.8465
MAPRE3	SCFD2	3	0.0009	0.8382
KRT8	SCG2	3	0.3333	0.4096
ACTB	SCGB1D2	3	0.3333	0.4096
ACTB	SCGB2A1	3	0.3333	0.4096
ACTB	SCLT1	3	0.0105	0.7876
CTNNA1	SCLT1	3	0.0308	0.7382
KRT8	SCLT1	3	0.8961	0.0085
MAPRE3	SCLT1	3	0.0079	0.7980
ACTB	SCLY	3	0.0106	0.7871
CTNNA1	SCLY	3	0.0037	0.8175
LMNA	SCLY	3	0.0082	0.7969
CTNNA1	SCML2	3	0.0000	0.8553
KRT8	SCML2	3	0.0001	0.8514
LMNA	SCML2	3	0.0311	0.7378
MAPRE3	SCML2	3	0.0007	0.8404
ACTB	SCN10A	3	0.0000	0.8553
MAPRE3	SCN2A	3	0.3333	0.4096
LMNA	SCN4A	3	0.3333	0.4096
ACTB	SCNM1	3	0.0015	0.8325
LMNA	SCNM1	3	0.8928	0.0090
MAPRE3	SCNM1	3	0.0043	0.8145
ACTB	SCP2	3	0.0263	0.7458
CTNNA1	SCP2	3	0.0141	0.7742
KRT8	SCP2	3	0.0530	0.7123
LMNA	SCP2	3	0.0260	0.7465
MAPRE3	SCP2	3	0.0016	0.8315
ACTB	SCRIB	3	0.3413	0.3838
CTNNA1	SCRIB	3	0.2922	0.5645
KRT8	SCRIB	3	0.2530	0.5829
LMNA	SCRIB	3	0.0906	0.6813
MAPRE3	SCRIB	3	0.2238	0.5974
ACTB	SCRN3	3	0.0062	0.8053
CTNNA1	SCRN3	3	0.3330	0.5432
KRT8	SCRN3	3	0.0216	0.7550
LMNA	SCRN3	3	0.0004	0.8448
ACTB	SCYL1	3	0.0065	0.8039
CTNNA1	SCYL1	3	0.0000	0.8553
KRT8	SCYL1	3	0.0087	0.7947
LMNA	SCYL1	3	0.0041	0.8156
MAPRE3	SCYL1	3	0.0004	0.8448
ACTB	SCYL2	3	0.0120	0.7815
CTNNA1	SCYL2	3	0.0001	0.8514
KRT8	SCYL2	3	0.0302	0.7392
LMNA	SCYL2	3	0.0006	0.8417
MAPRE3	SCYL2	3	0.0034	0.8190
ACTB	SCYL3	3	0.0036	0.8180
CTNNA1	SCYL3	3	0.0000	0.8553
KRT8	SCYL3	3	0.0028	0.8224
LMNA	SCYL3	3	0.0002	0.8487
MAPRE3	SCYL3	3	0.0000	0.8553
KRT8	SDAD1	3	0.0297	0.7398
LMNA	SDAD1	3	0.0016	0.8315
ACTB	SDCBP	3	0.0477	0.7176
CTNNA1	SDCBP	3	0.0002	0.8487
KRT8	SDCBP	3	0.1333	0.6497
LMNA	SDCBP	3	0.0664	0.7004
MAPRE3	SDCBP	3	0.0052	0.8103
ACTB	SDCBP2	3	0.3333	0.4096
KRT8	SDCCAG8	3	0.0183	0.7623
ACTB	SDE2	3	0.0009	0.8382
KRT8	SDE2	3	0.0008	0.8393
LMNA	SDE2	3	0.6540	0.1674
ACTB	SDHA	3	0.1131	0.6644
CTNNA1	SDHA	3	0.0326	0.7357
KRT8	SDHA	3	0.2589	0.5798
LMNA	SDHA	3	0.0347	0.7329
MAPRE3	SDHA	3	0.0180	0.7632
ACTB	SDHB	3	0.3333	0.4096
KRT8	SDHB	3	0.6667	0.0721
MAPRE3	SDR16C5	3	0.3333	0.4096
ACTB	SDR9C7	3	0.3333	0.4096
ACTB	SEC13	3	0.0045	0.8137
KRT8	SEC13	3	0.0560	0.7101
LMNA	SEC13	3	0.0069	0.8021
MAPRE3	SEC13	3	0.0013	0.8344
KRT8	SEC14L4	3	0.0079	0.7980
ACTB	SEC16A	3	0.2169	0.6008
CTNNA1	SEC16A	3	0.0674	0.6996
KRT8	SEC16A	3	0.3411	0.3844
LMNA	SEC16A	3	0.0944	0.6781
MAPRE3	SEC16A	3	0.1401	0.6453
ACTB	SEC22B	3	0.1678	0.6284
CTNNA1	SEC22B	3	0.0866	0.6843
KRT8	SEC22B	3	0.1480	0.6404
LMNA	SEC22B	3	0.5763	0.1858
MAPRE3	SEC22B	3	0.1039	0.6704
ACTB	SEC23A	3	0.1517	0.6382
CTNNA1	SEC23A	3	0.0303	0.7390
KRT8	SEC23A	3	0.2052	0.6070
LMNA	SEC23A	3	0.1113	0.6657
MAPRE3	SEC23A	3	0.0250	0.7483
ACTB	SEC23B	3	0.0029	0.8218
KRT8	SEC23B	3	0.0242	0.7498
ACTB	SEC23IP	3	0.2011	0.6090
CTNNA1	SEC23IP	3	0.0266	0.7452
KRT8	SEC23IP	3	0.2699	0.5747
LMNA	SEC23IP	3	0.0446	0.7208
MAPRE3	SEC23IP	3	0.0632	0.7035
ACTB	SEC24A	3	0.2952	0.5631
CTNNA1	SEC24A	3	0.0777	0.6913
KRT8	SEC24A	3	0.3204	0.5502
LMNA	SEC24A	3	0.1404	0.6451
MAPRE3	SEC24A	3	0.1564	0.6354
ACTB	SEC24B	3	0.2365	0.5918
CTNNA1	SEC24B	3	0.1317	0.6513
KRT8	SEC24B	3	0.2704	0.5745
LMNA	SEC24B	3	0.0762	0.6924
MAPRE3	SEC24B	3	0.1371	0.6471
ACTB	SEC24C	3	0.0256	0.7472
CTNNA1	SEC24C	3	0.0131	0.7774
KRT8	SEC24C	3	0.0848	0.6856
LMNA	SEC24C	3	0.0768	0.6920
MAPRE3	SEC24C	3	0.0049	0.8116
ACTB	SEC24D	3	0.0037	0.8175
CTNNA1	SEC24D	3	0.0001	0.8514
KRT8	SEC24D	3	0.0353	0.7320
LMNA	SEC24D	3	0.0002	0.8487
MAPRE3	SEC24D	3	0.0001	0.8514
ACTB	SEC31A	3	0.0084	0.7959
CTNNA1	SEC31A	3	0.0002	0.8487
KRT8	SEC31A	3	0.0098	0.7900
LMNA	SEC31A	3	0.0004	0.8448
MAPRE3	SEC31A	3	0.0053	0.8097
ACTB	SEC61A1	3	0.3369	0.3981
CTNNA1	SEC61A1	3	0.1057	0.6694
KRT8	SEC61A1	3	0.4015	0.2791
LMNA	SEC61A1	3	0.3092	0.5554
MAPRE3	SEC61A1	3	0.2728	0.5734
ACTB	SEC61B	3	0.0788	0.6908
CTNNA1	SEC61B	3	0.0199	0.7585
KRT8	SEC61B	3	0.1102	0.6666
LMNA	SEC61B	3	0.0626	0.7042
MAPRE3	SEC61B	3	0.0132	0.7771
ACTB	SEC61G	3	0.1498	0.6395
CTNNA1	SEC61G	3	0.0116	0.7833
KRT8	SEC61G	3	0.1925	0.6135
LMNA	SEC61G	3	0.0837	0.6867
MAPRE3	SEC61G	3	0.0366	0.7303
ACTB	SEC63	3	0.3020	0.5592
CTNNA1	SEC63	3	0.0326	0.7357
KRT8	SEC63	3	0.2314	0.5939
LMNA	SEC63	3	0.5344	0.1989
MAPRE3	SEC63	3	0.0908	0.6811
KRT8	SECISBP2	3	0.3333	0.4096
MAPRE3	SECISBP2	3	0.2309	0.5942
ACTB	SECISBP2L	3	0.0072	0.8009
KRT8	SECISBP2L	3	0.3470	0.3686
MAPRE3	SECISBP2L	3	0.0133	0.7767
ACTB	SEH1L	3	0.1785	0.6220
CTNNA1	SEH1L	3	0.0199	0.7585
KRT8	SEH1L	3	0.2787	0.5710
LMNA	SEH1L	3	0.1055	0.6695
MAPRE3	SEH1L	3	0.0229	0.7524
ACTB	SELENBP1	3	0.0099	0.7897
CTNNA1	SELENBP1	3	0.0113	0.7846
KRT8	SELENBP1	3	0.0115	0.7837
LMNA	SELENBP1	3	0.0158	0.7691
MAPRE3	SELENBP1	3	0.0028	0.8224
KRT8	SELENOF	3	0.6667	0.0721
ACTB	SELENOO	3	0.0051	0.8108
KRT8	SELENOO	3	0.3333	0.4096
LMNA	SELENOO	3	0.3333	0.4096
LMNA	SELENOT	3	0.0002	0.8487
ACTB	SEMA3C	3	0.0000	0.8553
CTNNA1	SEMA3C	3	0.0000	0.8553
LMNA	SEMA3C	3	0.0000	0.8553
MAPRE3	SEMA4B	3	0.0052	0.8103
LMNA	SEMA4C	3	0.3333	0.4096
CTNNA1	SEMA6C	3	0.3333	0.4096
KRT8	SEMA6D	3	0.3333	0.4096
ACTB	SENP1	3	0.0057	0.8078
KRT8	SENP1	3	0.0118	0.7826
LMNA	SENP1	3	1.0000	0.0000
MAPRE3	SENP1	3	0.0038	0.8170
ACTB	SENP2	3	0.0023	0.8260
KRT8	SENP2	3	0.0191	0.7603
LMNA	SENP2	3	0.0679	0.6992
MAPRE3	SENP2	3	0.0006	0.8417
ACTB	SENP3	3	0.0047	0.8127
CTNNA1	SENP3	3	0.0003	0.8465
KRT8	SENP3	3	0.2850	0.5681
LMNA	SENP3	3	0.0093	0.7922
MAPRE3	SENP3	3	0.0014	0.8335
ACTB	SENP6	3	0.0023	0.8260
KRT8	SENP6	3	0.0024	0.8252
LMNA	SENP6	3	0.6197	0.1758
MAPRE3	SENP6	3	0.0012	0.8352
LMNA	SENP7	3	0.9954	0.0002
LMNA	SEPHS1	3	0.0268	0.7447
ACTB	SEPTIN10	3	0.0135	0.7761
CTNNA1	SEPTIN10	3	0.0001	0.8514
KRT8	SEPTIN10	3	0.0070	0.8017
LMNA	SEPTIN10	3	0.0001	0.8514
MAPRE3	SEPTIN10	3	0.0003	0.8465
ACTB	SEPTIN2	3	0.0084	0.7959
CTNNA1	SEPTIN2	3	0.0000	0.8553
KRT8	SEPTIN2	3	0.0092	0.7925
LMNA	SEPTIN2	3	0.0004	0.8448
MAPRE3	SEPTIN2	3	0.0006	0.8417
ACTB	SEPTIN3	3	0.0024	0.8252
ACTB	SEPTIN6	3	0.1118	0.6652
CTNNA1	SEPTIN6	3	0.0137	0.7754
KRT8	SEPTIN6	3	0.1496	0.6396
LMNA	SEPTIN6	3	0.0093	0.7922
MAPRE3	SEPTIN6	3	0.0807	0.6893
ACTB	SEPTIN7	3	0.2823	0.5692
CTNNA1	SEPTIN7	3	0.0928	0.6793
KRT8	SEPTIN7	3	0.2715	0.5740
LMNA	SEPTIN7	3	0.0358	0.7314
MAPRE3	SEPTIN7	3	0.2132	0.6031
ACTB	SEPTIN9	3	0.3963	0.2856
CTNNA1	SEPTIN9	3	0.2288	0.5950
KRT8	SEPTIN9	3	0.3071	0.5566
LMNA	SEPTIN9	3	0.1363	0.6477
MAPRE3	SEPTIN9	3	0.3111	0.5547
LMNA	SERAC1	3	0.3333	0.4096
ACTB	SERBP1	3	0.0841	0.6864
CTNNA1	SERBP1	3	0.0266	0.7452
KRT8	SERBP1	3	0.0569	0.7092
LMNA	SERBP1	3	0.0254	0.7476
MAPRE3	SERBP1	3	0.1395	0.6456
ACTB	SERPINA1	3	0.2718	0.5738
CTNNA1	SERPINA1	3	0.0147	0.7724
LMNA	SERPINA1	3	0.1146	0.6634
KRT8	SERPINA11	3	0.3333	0.4096
ACTB	SERPINA3	3	0.3333	0.4096
ACTB	SERPINA6	3	0.2961	0.5626
KRT8	SERPINA6	3	0.3299	0.5453
ACTB	SERPINB1	3	0.1749	0.6245
CTNNA1	SERPINB1	3	0.0580	0.7081
KRT8	SERPINB1	3	0.0910	0.6808
LMNA	SERPINB1	3	0.0339	0.7338
MAPRE3	SERPINB1	3	0.0072	0.8009
ACTB	SERPINB12	3	0.1151	0.6629
CTNNA1	SERPINB12	3	0.0194	0.7597
KRT8	SERPINB12	3	0.0052	0.8103
LMNA	SERPINB12	3	0.0473	0.7180
MAPRE3	SERPINB12	3	0.0013	0.8344
ACTB	SERPINB3	3	0.3333	0.4096
CTNNA1	SERPINB3	3	0.3333	0.4096
LMNA	SERPINB3	3	0.6667	0.0721
MAPRE3	SERPINB3	3	0.3333	0.4096
MAPRE3	SERPINB4	3	0.3333	0.4096
ACTB	SERPINB5	3	0.0187	0.7613
CTNNA1	SERPINB5	3	0.0144	0.7732
KRT8	SERPINB5	3	0.0272	0.7441
LMNA	SERPINB5	3	0.0243	0.7495
MAPRE3	SERPINB5	3	0.0068	0.8026
ACTB	SERPINB6	3	0.0305	0.7387
CTNNA1	SERPINB6	3	0.0220	0.7542
KRT8	SERPINB6	3	0.0278	0.7433
LMNA	SERPINB6	3	0.0254	0.7476
MAPRE3	SERPINB6	3	0.0057	0.8078
CTNNA1	SERPINB8	3	0.0034	0.8190
LMNA	SERPINB8	3	0.1917	0.6138
MAPRE3	SERPINB8	3	0.0081	0.7973
KRT8	SERPINC1	3	0.1082	0.6678
LMNA	SERPINE2	3	0.3333	0.4096
ACTB	SERPING1	3	0.3333	0.4096
ACTB	SERPINH1	3	0.1778	0.6224
CTNNA1	SERPINH1	3	0.0219	0.7543
KRT8	SERPINH1	3	0.2882	0.5665
LMNA	SERPINH1	3	0.1899	0.6152
MAPRE3	SERPINH1	3	0.0409	0.7247
ACTB	SESTD1	3	0.0088	0.7944
CTNNA1	SESTD1	3	0.0000	0.8553
KRT8	SESTD1	3	0.0066	0.8035
LMNA	SESTD1	3	0.0026	0.8238
MAPRE3	SESTD1	3	0.0045	0.8137
ACTB	SET	3	0.0240	0.7503
CTNNA1	SET	3	0.0072	0.8009
KRT8	SET	3	0.1186	0.6599
LMNA	SET	3	0.2959	0.5627
MAPRE3	SET	3	0.0330	0.7351
ACTB	SETD1A	3	0.0035	0.8185
CTNNA1	SETD1A	3	0.0000	0.8553
KRT8	SETD1A	3	0.3196	0.5505
LMNA	SETD1A	3	0.0058	0.8072
ACTB	SETD1B	3	0.0025	0.8246
CTNNA1	SETD1B	3	0.0000	0.8553
LMNA	SETD1B	3	0.0067	0.8030
ACTB	SETD2	3	0.0004	0.8448
CTNNA1	SETD2	3	0.0000	0.8553
KRT8	SETD2	3	0.0003	0.8465
LMNA	SETD2	3	0.0068	0.8026
MAPRE3	SETD2	3	0.0000	0.8553
ACTB	SETD3	3	0.6667	0.0721
LMNA	SETD5	3	0.0455	0.7199
MAPRE3	SETD9	3	0.3333	0.4096
ACTB	SETDB1	3	0.0026	0.8238
KRT8	SETDB1	3	0.0761	0.6925
LMNA	SETDB1	3	0.0025	0.8246
MAPRE3	SETDB1	3	0.0007	0.8404
KRT8	SETMAR	3	0.0041	0.8156
LMNA	SETMAR	3	0.3300	0.5453
ACTB	SETX	3	0.1121	0.6651
CTNNA1	SETX	3	0.0120	0.7815
KRT8	SETX	3	0.1058	0.6693
LMNA	SETX	3	0.2555	0.5815
MAPRE3	SETX	3	0.1372	0.6470
CTNNA1	SEZ6	3	0.3333	0.4096
ACTB	SF1	3	0.2684	0.5755
CTNNA1	SF1	3	0.0334	0.7345
KRT8	SF1	3	0.2679	0.5757
LMNA	SF1	3	0.3160	0.5520
MAPRE3	SF1	3	0.1881	0.6163
ACTB	SF3A1	3	0.2496	0.5847
CTNNA1	SF3A1	3	0.0343	0.7334
KRT8	SF3A1	3	0.2154	0.6017
LMNA	SF3A1	3	0.2685	0.5755
MAPRE3	SF3A1	3	0.1248	0.6555
ACTB	SF3A3	3	0.3429	0.3786
CTNNA1	SF3A3	3	0.1584	0.6341
KRT8	SF3A3	3	0.3775	0.3124
LMNA	SF3A3	3	0.2902	0.5657
MAPRE3	SF3A3	3	0.2499	0.5844
ACTB	SF3B1	3	0.2176	0.6003
CTNNA1	SF3B1	3	0.0394	0.7262
KRT8	SF3B1	3	0.2126	0.6033
LMNA	SF3B1	3	0.2700	0.5747
MAPRE3	SF3B1	3	0.1119	0.6652
ACTB	SF3B2	3	0.2651	0.5770
CTNNA1	SF3B2	3	0.0390	0.7268
KRT8	SF3B2	3	0.2514	0.5839
LMNA	SF3B2	3	0.2993	0.5607
MAPRE3	SF3B2	3	0.1856	0.6180
ACTB	SF3B3	3	0.2460	0.5869
CTNNA1	SF3B3	3	0.0435	0.7223
KRT8	SF3B3	3	0.2979	0.5615
LMNA	SF3B3	3	0.1998	0.6097
MAPRE3	SF3B3	3	0.1232	0.6568
ACTB	SF3B6	3	0.1679	0.6283
CTNNA1	SF3B6	3	0.0112	0.7849
KRT8	SF3B6	3	0.1466	0.6413
LMNA	SF3B6	3	0.2016	0.6087
MAPRE3	SF3B6	3	0.0364	0.7306
ACTB	SFN	3	0.1278	0.6535
CTNNA1	SFN	3	0.0158	0.7691
KRT8	SFN	3	0.0615	0.7053
LMNA	SFN	3	0.1344	0.6488
MAPRE3	SFN	3	0.1093	0.6671
ACTB	SFPQ	3	0.1739	0.6251
CTNNA1	SFPQ	3	0.0198	0.7587
KRT8	SFPQ	3	0.1490	0.6398
LMNA	SFPQ	3	0.2609	0.5787
MAPRE3	SFPQ	3	0.1613	0.6326
KRT8	SFSWAP	3	0.0001	0.8514
LMNA	SFSWAP	3	0.0103	0.7884
MAPRE3	SFSWAP	3	0.0005	0.8431
KRT8	SFTPD	3	0.3333	0.4096
ACTB	SFXN1	3	0.1688	0.6278
CTNNA1	SFXN1	3	0.0489	0.7165
KRT8	SFXN1	3	0.3448	0.3755
LMNA	SFXN1	3	0.3048	0.5579
MAPRE3	SFXN1	3	0.0964	0.6766
ACTB	SFXN3	3	0.0209	0.7564
CTNNA1	SFXN3	3	0.0000	0.8553
KRT8	SFXN3	3	0.1984	0.6103
LMNA	SFXN3	3	0.0101	0.7890
MAPRE3	SFXN3	3	0.0005	0.8431
LMNA	SGCE	3	0.3333	0.4096
KRT8	SGIP1	3	0.3333	0.4096
ACTB	SGK1	3	0.3333	0.4096
KRT8	SGK1	3	0.3333	0.4096
KRT8	SGMS1	3	0.5439	0.1957
LMNA	SGO1	3	0.0139	0.7747
ACTB	SGO2	3	0.0686	0.6985
CTNNA1	SGO2	3	0.0038	0.8170
KRT8	SGO2	3	0.1212	0.6583
LMNA	SGO2	3	0.2729	0.5734
MAPRE3	SGO2	3	0.1993	0.6098
ACTB	SGPL1	3	0.0039	0.8165
KRT8	SGSM2	3	0.3333	0.4096
ACTB	SGSM3	3	0.0246	0.7489
CTNNA1	SGSM3	3	0.0000	0.8553
KRT8	SGSM3	3	0.0811	0.6890
LMNA	SGSM3	3	0.0105	0.7876
MAPRE3	SGSM3	3	0.0055	0.8088
LMNA	SGTB	3	0.3333	0.4096
LMNA	SH2B2	3	0.0545	0.7112
MAPRE3	SH2B3	3	0.3333	0.4096
ACTB	SH2D1A	3	0.3333	0.4096
ACTB	SH2D4A	3	0.3606	0.3425
CTNNA1	SH2D4A	3	0.0674	0.6996
KRT8	SH2D4A	3	0.2475	0.5858
LMNA	SH2D4A	3	0.1531	0.6375
MAPRE3	SH2D4A	3	0.1634	0.6312
MAPRE3	SH3BGR	3	0.3333	0.4096
MAPRE3	SH3BGRL3	3	0.3333	0.4096
ACTB	SH3BP2	3	0.0437	0.7219
CTNNA1	SH3BP2	3	0.0000	0.8553
KRT8	SH3BP2	3	0.0183	0.7623
LMNA	SH3BP2	3	0.0015	0.8325
MAPRE3	SH3BP2	3	0.0020	0.8282
ACTB	SH3BP4	3	0.3703	0.3247
CTNNA1	SH3BP4	3	0.3195	0.5505
KRT8	SH3BP4	3	0.3703	0.3247
LMNA	SH3BP4	3	0.1454	0.6420
MAPRE3	SH3BP4	3	0.2692	0.5751
ACTB	SH3D19	3	0.1081	0.6678
CTNNA1	SH3D19	3	0.0002	0.8487
KRT8	SH3D19	3	0.0214	0.7555
LMNA	SH3D19	3	0.0003	0.8465
MAPRE3	SH3D19	3	0.0080	0.7976
LMNA	SH3D21	3	0.3330	0.5432
ACTB	SH3GL1	3	0.2483	0.5854
CTNNA1	SH3GL1	3	0.0490	0.7165
KRT8	SH3GL1	3	0.2877	0.5666
LMNA	SH3GL1	3	0.0428	0.7230
MAPRE3	SH3GL1	3	0.0939	0.6785
KRT8	SH3GL3	3	0.3333	0.4096
LMNA	SH3GL3	3	0.3333	0.4096
ACTB	SH3GLB1	3	0.0757	0.6928
CTNNA1	SH3GLB1	3	0.1808	0.6206
KRT8	SH3GLB1	3	0.2570	0.5809
LMNA	SH3GLB1	3	0.0249	0.7484
MAPRE3	SH3GLB1	3	0.0183	0.7623
ACTB	SH3GLB2	3	0.0066	0.8035
KRT8	SH3GLB2	3	0.3286	0.5461
MAPRE3	SH3GLB2	3	0.0010	0.8371
ACTB	SH3KBP1	3	0.0410	0.7246
CTNNA1	SH3KBP1	3	0.0000	0.8553
KRT8	SH3KBP1	3	0.0084	0.7959
MAPRE3	SH3KBP1	3	0.0014	0.8335
ACTB	SH3PXD2A	3	0.4921	0.2133
KRT8	SH3PXD2A	3	0.1062	0.6690
MAPRE3	SH3PXD2A	3	0.6133	0.1769
ACTB	SH3PXD2B	3	0.1454	0.6420
CTNNA1	SH3PXD2B	3	0.0006	0.8417
KRT8	SH3PXD2B	3	0.0206	0.7570
LMNA	SH3PXD2B	3	0.0021	0.8274
MAPRE3	SH3PXD2B	3	0.0316	0.7372
KRT8	SH3RF1	3	0.0307	0.7384
MAPRE3	SH3RF1	3	0.0003	0.8465
KRT8	SH3RF2	3	1.0000	0.0000
MAPRE3	SH3RF2	3	1.0000	0.0000
ACTB	SH3RF3	3	0.3333	0.4096
MAPRE3	SH3RF3	3	0.3333	0.4096
KRT8	SH3TC1	3	0.3333	0.4096
ACTB	SHANK2	3	0.3333	0.4096
LMNA	SHANK2	3	0.3333	0.4096
MAPRE3	SHANK3	3	0.3333	0.4096
CTNNA1	SHARPIN	3	0.3333	0.4096
ACTB	SHB	3	0.0022	0.8268
KRT8	SHB	3	0.0660	0.7008
LMNA	SHB	3	0.0026	0.8238
MAPRE3	SHB	3	0.0001	0.8514
ACTB	SHC1	3	0.3514	0.3589
CTNNA1	SHC1	3	0.0682	0.6989
KRT8	SHC1	3	0.2616	0.5786
LMNA	SHC1	3	0.1217	0.6579
MAPRE3	SHC1	3	0.1259	0.6547
KRT8	SHC2	3	0.3333	0.4096
ACTB	SHCBP1	3	0.0040	0.8161
KRT8	SHCBP1	3	0.0503	0.7152
LMNA	SHCBP1	3	0.0107	0.7868
MAPRE3	SHCBP1	3	0.0002	0.8487
ACTB	SHKBP1	3	0.7103	0.0460
CTNNA1	SHKBP1	3	0.0004	0.8448
KRT8	SHKBP1	3	0.1180	0.6605
MAPRE3	SHKBP1	3	0.0046	0.8132
ACTB	SHMT1	3	0.1272	0.6538
KRT8	SHMT1	3	0.5288	0.2002
LMNA	SHMT1	3	0.1110	0.6661
MAPRE3	SHMT1	3	0.0094	0.7917
ACTB	SHMT2	3	0.0875	0.6836
CTNNA1	SHMT2	3	0.0858	0.6850
KRT8	SHMT2	3	0.7244	0.0413
LMNA	SHMT2	3	0.4053	0.2740
MAPRE3	SHMT2	3	0.0263	0.7458
ACTB	SHOC2	3	0.0009	0.8382
KRT8	SHOX;SHOX2	3	0.3333	0.4096
KRT8	SHPK	3	0.6667	0.0721
LMNA	SHPK	3	0.3333	0.4096
LMNA	SHPRH	3	0.0241	0.7500
ACTB	SHROOM1	3	0.0063	0.8048
KRT8	SHROOM1	3	0.5159	0.2060
LMNA	SHROOM1	3	0.0006	0.8417
MAPRE3	SHROOM1	3	0.0074	0.8000
ACTB	SHROOM2	3	0.3378	0.3951
KRT8	SHROOM2	3	0.0528	0.7125
ACTB	SHROOM3	3	0.0203	0.7576
CTNNA1	SHROOM3	3	0.0076	0.7991
KRT8	SHROOM3	3	0.0688	0.6983
LMNA	SHROOM3	3	0.0000	0.8553
MAPRE3	SHROOM3	3	0.0070	0.8017
ACTB	SHTN1	3	0.4132	0.2634
CTNNA1	SHTN1	3	0.1786	0.6219
KRT8	SHTN1	3	0.3747	0.3162
LMNA	SHTN1	3	0.2378	0.5913
MAPRE3	SHTN1	3	0.3387	0.3925
KRT8	SI	3	0.0037	0.8175
MAPRE3	SIAE	3	0.3333	0.4096
LMNA	SIDT2	3	0.3333	0.4096
ACTB	SIGIRR	3	0.3333	0.4096
ACTB	SIK2	3	0.1886	0.6158
KRT8	SIK2	3	0.3283	0.5464
LMNA	SIK2	3	0.0068	0.8026
MAPRE3	SIK2	3	0.0750	0.6932
KRT8	SIK3	3	0.0264	0.7456
ACTB	SIL1	3	0.3333	0.4096
ACTB	SIM1	3	0.3333	0.4096
KRT8	SIM2	3	0.3357	0.4024
KRT8	SIMC1	3	0.0003	0.8465
LMNA	SIMC1	3	0.0005	0.8431
ACTB	SIN3A	3	0.0011	0.8360
CTNNA1	SIN3A	3	0.0003	0.8465
KRT8	SIN3A	3	0.0015	0.8325
LMNA	SIN3A	3	0.0115	0.7837
MAPRE3	SIN3A	3	0.0004	0.8448
LMNA	SIN3B	3	0.0007	0.8404
ACTB	SIPA1	3	0.6270	0.1738
CTNNA1	SIPA1	3	0.0028	0.8224
KRT8	SIPA1	3	0.0196	0.7592
LMNA	SIPA1	3	0.0005	0.8431
MAPRE3	SIPA1	3	0.0037	0.8175
ACTB	SIPA1L1	3	0.8477	0.0165
CTNNA1	SIPA1L1	3	0.0017	0.8305
KRT8	SIPA1L1	3	0.0168	0.7664
LMNA	SIPA1L1	3	0.0013	0.8344
MAPRE3	SIPA1L1	3	0.0039	0.8165
ACTB	SIPA1L2	3	0.0514	0.7140
CTNNA1	SIPA1L2	3	0.0002	0.8487
KRT8	SIPA1L2	3	0.9024	0.0076
MAPRE3	SIPA1L2	3	0.0076	0.7991
ACTB	SIPA1L3	3	0.1008	0.6732
CTNNA1	SIPA1L3	3	0.0031	0.8206
KRT8	SIPA1L3	3	0.0701	0.6972
MAPRE3	SIPA1L3	3	0.0023	0.8260
ACTB	SIRPD	3	0.3333	0.4096
ACTB	SIRT1	3	0.0026	0.8238
CTNNA1	SIRT1	3	0.0010	0.8371
KRT8	SIRT1	3	0.0014	0.8335
LMNA	SIRT1	3	0.1319	0.6511
MAPRE3	SIRT1	3	0.0002	0.8487
LMNA	SIRT6	3	0.6667	0.0721
ACTB	SIRT7	3	0.0031	0.8206
KRT8	SIX4	3	0.0019	0.8289
LMNA	SIX4	3	0.0118	0.7826
MAPRE3	SIX4	3	0.0005	0.8431
ACTB	SIX5	3	0.3333	0.4096
ACTB	SKA1	3	0.0067	0.8030
KRT8	SKA1	3	0.0201	0.7580
LMNA	SKA1	3	0.0003	0.8465
MAPRE3	SKA1	3	0.0107	0.7868
ACTB	SKA3	3	0.0013	0.8344
CTNNA1	SKA3	3	0.0000	0.8553
KRT8	SKA3	3	0.0097	0.7904
LMNA	SKA3	3	0.0004	0.8448
MAPRE3	SKA3	3	0.0053	0.8097
KRT8	SKI	3	0.3333	0.4096
ACTB	SKIC2	3	0.0092	0.7925
CTNNA1	SKIC2	3	0.0001	0.8514
KRT8	SKIC2	3	0.1883	0.6161
LMNA	SKIC2	3	0.0028	0.8224
MAPRE3	SKIC2	3	0.0012	0.8352
ACTB	SKIC3	3	0.0098	0.7900
CTNNA1	SKIC3	3	0.0002	0.8487
KRT8	SKIC3	3	0.0744	0.6938
LMNA	SKIC3	3	0.0037	0.8175
MAPRE3	SKIC3	3	0.0012	0.8352
ACTB	SKP1	3	0.0423	0.7235
CTNNA1	SKP1	3	0.0120	0.7815
KRT8	SKP1	3	0.0550	0.7108
LMNA	SKP1	3	0.0220	0.7542
MAPRE3	SKP1	3	0.0060	0.8062
ACTB	SKP2	3	0.0111	0.7854
KRT8	SKP2	3	0.0138	0.7750
LMNA	SKP2	3	0.9218	0.0055
MAPRE3	SKP2	3	0.0079	0.7980
LMNA	SLA2	3	0.3333	0.4096
KRT8	SLAIN1	3	0.3333	0.4096
ACTB	SLAIN2	3	0.0118	0.7826
CTNNA1	SLAIN2	3	0.0017	0.8305
KRT8	SLAIN2	3	0.0162	0.7681
LMNA	SLAIN2	3	0.0018	0.8297
MAPRE3	SLAIN2	3	0.6844	0.0543
ACTB	SLBP	3	0.3333	0.4096
LMNA	SLBP	3	0.6667	0.0721
KRT8	SLC10A5	3	0.3333	0.4096
MAPRE3	SLC12A1	3	0.3333	0.4096
ACTB	SLC12A2	3	0.0059	0.8068
CTNNA1	SLC12A2	3	0.0000	0.8553
KRT8	SLC12A2	3	0.0015	0.8325
LMNA	SLC12A2	3	0.0002	0.8487
MAPRE3	SLC12A2	3	0.0000	0.8553
ACTB	SLC12A4	3	0.2446	0.5878
KRT8	SLC12A4	3	0.0926	0.6795
LMNA	SLC12A4	3	0.1665	0.6292
MAPRE3	SLC12A4	3	0.0568	0.7093
MAPRE3	SLC12A6	3	0.3333	0.4096
KRT8	SLC13A5	3	0.3333	0.4096
ACTB	SLC16A1	3	0.3286	0.5461
CTNNA1	SLC16A1	3	0.0960	0.6770
KRT8	SLC16A1	3	0.4327	0.2465
LMNA	SLC16A1	3	0.3155	0.5523
MAPRE3	SLC16A1	3	0.2229	0.5978
ACTB	SLC16A12	3	0.0085	0.7955
ACTB	SLC16A3	3	0.3112	0.5546
CTNNA1	SLC16A3	3	0.0322	0.7363
KRT8	SLC16A3	3	0.3785	0.3111
LMNA	SLC16A3	3	0.2890	0.5662
MAPRE3	SLC16A3	3	0.1720	0.6261
KRT8	SLC16A7	3	0.3333	0.4096
LMNA	SLC16A7	3	0.3333	0.4096
MAPRE3	SLC16A7	3	0.3333	0.4096
CTNNA1	SLC18B1	3	0.3333	0.4096
MAPRE3	SLC18B1	3	0.3333	0.4096
KRT8	SLC1A4	3	0.1096	0.6670
MAPRE3	SLC1A4	3	0.0007	0.8404
ACTB	SLC1A5	3	0.2195	0.5993
CTNNA1	SLC1A5	3	0.0615	0.7053
KRT8	SLC1A5	3	0.3417	0.3828
LMNA	SLC1A5	3	0.2173	0.6005
MAPRE3	SLC1A5	3	0.0883	0.6829
MAPRE3	SLC20A1	3	0.0002	0.8487
KRT8	SLC22A18	3	0.3333	0.4096
LMNA	SLC22A18	3	1.0000	0.0000
KRT8	SLC22A4	3	0.0011	0.8360
MAPRE3	SLC22A4	3	0.0589	0.7073
LMNA	SLC24A4	3	0.3333	0.4096
ACTB	SLC25A1	3	0.3382	0.3939
CTNNA1	SLC25A1	3	0.0945	0.6780
KRT8	SLC25A1	3	0.3279	0.5465
LMNA	SLC25A1	3	0.1693	0.6276
MAPRE3	SLC25A1	3	0.0760	0.6926
ACTB	SLC25A10	3	0.1206	0.6586
CTNNA1	SLC25A10	3	0.0451	0.7202
KRT8	SLC25A10	3	0.3031	0.5587
LMNA	SLC25A10	3	0.2520	0.5836
MAPRE3	SLC25A10	3	0.1000	0.6737
ACTB	SLC25A11	3	0.2056	0.6067
CTNNA1	SLC25A11	3	0.0496	0.7157
KRT8	SLC25A11	3	0.4795	0.2178
LMNA	SLC25A11	3	0.2065	0.6060
MAPRE3	SLC25A11	3	0.1098	0.6669
ACTB	SLC25A12	3	0.1042	0.6702
CTNNA1	SLC25A12	3	0.0113	0.7846
KRT8	SLC25A12	3	0.3875	0.2991
LMNA	SLC25A12	3	0.1634	0.6312
MAPRE3	SLC25A12	3	0.0349	0.7327
ACTB	SLC25A13	3	0.1747	0.6246
CTNNA1	SLC25A13	3	0.0454	0.7200
KRT8	SLC25A13	3	0.3906	0.2930
LMNA	SLC25A13	3	0.2780	0.5713
MAPRE3	SLC25A13	3	0.0749	0.6933
KRT8	SLC25A15	3	0.9458	0.0041
LMNA	SLC25A15	3	0.5852	0.1844
LMNA	SLC25A17	3	0.3333	0.4096
ACTB	SLC25A19	3	0.0007	0.8404
CTNNA1	SLC25A19	3	0.0000	0.8553
KRT8	SLC25A19	3	0.0034	0.8190
LMNA	SLC25A19	3	0.0005	0.8431
MAPRE3	SLC25A19	3	0.0000	0.8553
CTNNA1	SLC25A20	3	0.2649	0.5770
KRT8	SLC25A20	3	1.0000	0.0000
LMNA	SLC25A20	3	1.0000	0.0000
ACTB	SLC25A22	3	0.0010	0.8371
KRT8	SLC25A22	3	0.0792	0.6905
LMNA	SLC25A22	3	0.0371	0.7296
MAPRE3	SLC25A22	3	0.0003	0.8465
ACTB	SLC25A24	3	0.3360	0.4012
KRT8	SLC25A24	3	0.0208	0.7566
LMNA	SLC25A24	3	0.0026	0.8238
MAPRE3	SLC25A24	3	0.0012	0.8352
KRT8	SLC25A26	3	0.3333	0.4096
ACTB	SLC25A3	3	0.1545	0.6364
CTNNA1	SLC25A3	3	0.0196	0.7592
KRT8	SLC25A3	3	0.2606	0.5788
LMNA	SLC25A3	3	0.1170	0.6615
MAPRE3	SLC25A3	3	0.0494	0.7160
CTNNA1	SLC25A31	3	0.3333	0.4096
KRT8	SLC25A31	3	0.3333	0.4096
KRT8	SLC25A35	3	0.6667	0.0721
ACTB	SLC25A4	3	0.0080	0.7976
CTNNA1	SLC25A4	3	0.0000	0.8553
KRT8	SLC25A4	3	0.3685	0.3267
LMNA	SLC25A4	3	0.0059	0.8068
MAPRE3	SLC25A4	3	0.0006	0.8417
KRT8	SLC25A40	3	0.3333	0.4096
ACTB	SLC25A5	3	0.1581	0.6344
CTNNA1	SLC25A5	3	0.0335	0.7343
KRT8	SLC25A5	3	0.4301	0.2468
LMNA	SLC25A5	3	0.1504	0.6389
MAPRE3	SLC25A5	3	0.0659	0.7009
CTNNA1	SLC25A6	3	0.0273	0.7439
KRT8	SLC25A6	3	0.0076	0.7991
LMNA	SLC25A6	3	0.3232	0.5489
MAPRE3	SLC25A6	3	0.0251	0.7482
KRT8	SLC26A11	3	0.3333	0.4096
ACTB	SLC26A2	3	0.0115	0.7837
CTNNA1	SLC26A2	3	0.0001	0.8514
KRT8	SLC26A2	3	0.0174	0.7647
LMNA	SLC26A2	3	0.0412	0.7244
KRT8	SLC26A3	3	0.3333	0.4096
ACTB	SLC27A2	3	0.6667	0.0721
ACTB	SLC27A4	3	0.1811	0.6205
CTNNA1	SLC27A4	3	0.0407	0.7249
KRT8	SLC27A4	3	0.3129	0.5539
LMNA	SLC27A4	3	0.2939	0.5638
MAPRE3	SLC27A4	3	0.0587	0.7076
MAPRE3	SLC27A5	3	0.3333	0.4096
ACTB	SLC29A1	3	0.0000	0.8553
CTNNA1	SLC29A1	3	0.0000	0.8553
LMNA	SLC29A1	3	0.0000	0.8553
ACTB	SLC2A1	3	0.2188	0.5997
CTNNA1	SLC2A1	3	0.0516	0.7139
KRT8	SLC2A1	3	0.4280	0.2495
LMNA	SLC2A1	3	0.1756	0.6239
MAPRE3	SLC2A1	3	0.1074	0.6685
ACTB	SLC30A1	3	0.0020	0.8282
CTNNA1	SLC30A1	3	0.0007	0.8404
KRT8	SLC30A1	3	0.0000	0.8553
KRT8	SLC30A5	3	0.0053	0.8097
ACTB	SLC30A6	3	0.0034	0.8190
CTNNA1	SLC30A6	3	0.0000	0.8553
KRT8	SLC30A6	3	0.0045	0.8137
LMNA	SLC30A6	3	0.0007	0.8404
ACTB	SLC30A7	3	0.0053	0.8097
CTNNA1	SLC30A7	3	0.0013	0.8344
KRT8	SLC30A7	3	0.0102	0.7887
LMNA	SLC30A7	3	0.0038	0.8170
MAPRE3	SLC30A7	3	0.0009	0.8382
CTNNA1	SLC30A9	3	0.3333	0.4096
KRT8	SLC30A9	3	1.0000	0.0000
KRT8	SLC33A1	3	0.8481	0.0158
LMNA	SLC33A1	3	0.9720	0.0016
MAPRE3	SLC33A1	3	0.0090	0.7935
MAPRE3	SLC35B1	3	0.3333	0.4096
KRT8	SLC35B2	3	1.0000	0.0000
LMNA	SLC35B2	3	1.0000	0.0000
MAPRE3	SLC35B2	3	0.3333	0.4096
KRT8	SLC35C1	3	1.0000	0.0000
LMNA	SLC35C1	3	1.0000	0.0000
MAPRE3	SLC35C1	3	0.3333	0.4096
LMNA	SLC35D2	3	0.3333	0.4096
ACTB	SLC35E1	3	0.1451	0.6422
KRT8	SLC35E1	3	0.3441	0.3769
LMNA	SLC35E2B	3	0.3333	0.4096
KRT8	SLC35F2	3	0.3333	0.4096
KRT8	SLC37A4	3	1.0000	0.0000
LMNA	SLC37A4	3	0.3333	0.4096
CTNNA1	SLC38A1	3	0.0026	0.8238
LMNA	SLC38A1	3	0.3314	0.5446
KRT8	SLC38A10	3	0.3333	0.4096
ACTB	SLC38A2	3	0.0032	0.8201
CTNNA1	SLC38A2	3	0.0001	0.8514
KRT8	SLC38A2	3	0.0018	0.8297
LMNA	SLC38A2	3	0.0132	0.7771
MAPRE3	SLC38A2	3	0.0000	0.8553
ACTB	SLC38A5	3	0.0194	0.7597
KRT8	SLC38A5	3	0.1100	0.6668
LMNA	SLC38A5	3	0.0092	0.7925
MAPRE3	SLC38A5	3	0.0005	0.8431
CTNNA1	SLC39A10	3	0.0000	0.8553
KRT8	SLC39A10	3	0.0035	0.8185
LMNA	SLC39A10	3	0.0104	0.7880
ACTB	SLC39A14	3	0.2619	0.5785
CTNNA1	SLC39A14	3	0.1205	0.6587
KRT8	SLC39A14	3	0.2865	0.5671
LMNA	SLC39A14	3	0.2457	0.5870
MAPRE3	SLC39A14	3	0.1028	0.6713
ACTB	SLC3A2	3	0.2298	0.5945
CTNNA1	SLC3A2	3	0.0608	0.7059
KRT8	SLC3A2	3	0.3047	0.5579
LMNA	SLC3A2	3	0.1015	0.6725
MAPRE3	SLC3A2	3	0.0424	0.7234
KRT8	SLC41A3	3	0.3333	0.4096
LMNA	SLC41A3	3	0.3333	0.4096
LMNA	SLC45A4	3	0.3333	0.4096
KRT8	SLC4A1	3	0.3333	0.4096
ACTB	SLC4A1AP	3	0.1027	0.6714
CTNNA1	SLC4A1AP	3	0.0360	0.7312
KRT8	SLC4A1AP	3	0.0656	0.7013
LMNA	SLC4A1AP	3	0.2779	0.5713
MAPRE3	SLC4A1AP	3	0.0593	0.7069
ACTB	SLC4A2	3	0.0014	0.8335
CTNNA1	SLC4A2	3	0.0032	0.8201
KRT8	SLC4A2	3	0.0041	0.8156
MAPRE3	SLC4A2	3	0.0000	0.8553
ACTB	SLC4A7	3	0.0042	0.8151
CTNNA1	SLC4A7	3	0.0001	0.8514
KRT8	SLC4A7	3	0.0029	0.8218
LMNA	SLC4A7	3	0.0000	0.8553
MAPRE3	SLC4A7	3	0.0001	0.8514
LMNA	SLC5A6	3	0.3333	0.4096
MAPRE3	SLC6A12	3	0.3333	0.4096
KRT8	SLC6A13	3	0.3333	0.4096
ACTB	SLC6A15	3	0.3333	0.4096
MAPRE3	SLC6A17	3	0.2828	0.5689
ACTB	SLC6A6	3	0.0184	0.7619
CTNNA1	SLC6A6	3	0.0006	0.8417
KRT8	SLC6A6	3	0.0024	0.8252
LMNA	SLC6A6	3	0.0069	0.8021
ACTB	SLC7A11	3	0.0343	0.7334
CTNNA1	SLC7A11	3	0.0013	0.8344
KRT8	SLC7A11	3	0.1528	0.6377
LMNA	SLC7A11	3	0.0039	0.8165
MAPRE3	SLC7A11	3	0.0019	0.8289
ACTB	SLC7A5	3	0.2714	0.5741
CTNNA1	SLC7A5	3	0.1128	0.6645
KRT8	SLC7A5	3	0.3401	0.3871
LMNA	SLC7A5	3	0.1601	0.6331
MAPRE3	SLC7A5	3	0.0934	0.6791
ACTB	SLC8A2	3	0.6667	0.0721
CTNNA1	SLC8A2	3	0.6667	0.0721
KRT8	SLC8A2	3	1.0000	0.0000
LMNA	SLC8A2	3	0.3333	0.4096
MAPRE3	SLC8A2	3	0.3333	0.4096
KRT8	SLC9A6	3	0.6667	0.0721
ACTB	SLC9C1	3	0.0018	0.8297
ACTB	SLF1	3	0.2404	0.5900
KRT8	SLF1	3	0.0122	0.7807
LMNA	SLF1	3	0.0157	0.7695
LMNA	SLF2	3	0.2118	0.6038
MAPRE3	SLF2	3	0.0005	0.8431
KRT8	SLFN12L	3	0.3333	0.4096
ACTB	SLFN5	3	0.0024	0.8252
KRT8	SLFN5	3	0.0060	0.8062
ACTB	SLIRP	3	0.0017	0.8305
KRT8	SLIRP	3	0.0066	0.8035
MAPRE3	SLIRP	3	0.0006	0.8417
ACTB	SLIT2	3	0.3333	0.4096
KRT8	SLIT2	3	0.3333	0.4096
KRT8	SLIT3	3	0.3333	0.4096
CTNNA1	SLITRK3	3	0.3333	0.4096
ACTB	SLITRK5	3	0.1341	0.6490
CTNNA1	SLITRK5	3	0.0806	0.6894
KRT8	SLITRK5	3	0.0503	0.7152
LMNA	SLITRK5	3	0.1175	0.6610
MAPRE3	SLITRK5	3	0.0008	0.8393
ACTB	SLK	3	0.3458	0.3722
CTNNA1	SLK	3	0.1396	0.6456
KRT8	SLK	3	0.3426	0.3793
LMNA	SLK	3	0.1801	0.6212
MAPRE3	SLK	3	0.2373	0.5915
ACTB	SLMAP	3	0.0084	0.7959
KRT8	SLMAP	3	0.0069	0.8021
LMNA	SLTM	3	0.2392	0.5906
MAPRE3	SLTM	3	0.0916	0.6804
ACTB	SLU7	3	0.0002	0.8487
KRT8	SLU7	3	0.0008	0.8393
LMNA	SLU7	3	0.0285	0.7418
MAPRE3	SLU7	3	0.0005	0.8431
LMNA	SLURP2	3	0.3333	0.4096
LMNA	SLX4	3	0.4182	0.2590
KRT8	SLX9	3	0.0120	0.7815
LMNA	SLX9	3	0.0031	0.8206
KRT8	SMAD1;SMAD5	3	0.0021	0.8274
LMNA	SMAD1;SMAD5	3	0.0029	0.8218
ACTB	SMAD2	3	0.0455	0.7199
CTNNA1	SMAD2	3	0.0113	0.7846
KRT8	SMAD2	3	0.0748	0.6934
LMNA	SMAD2	3	0.0991	0.6742
MAPRE3	SMAD2	3	0.0095	0.7913
ACTB	SMAP	3	0.1852	0.6182
CTNNA1	SMAP	3	0.0308	0.7382
KRT8	SMAP	3	0.1852	0.6182
LMNA	SMAP	3	0.3332	0.5427
MAPRE3	SMAP	3	0.1092	0.6672
ACTB	SMAP1	3	0.2467	0.5863
CTNNA1	SMAP1	3	0.0326	0.7357
KRT8	SMAP1	3	0.2907	0.5654
LMNA	SMAP1	3	0.0546	0.7111
MAPRE3	SMAP1	3	0.0839	0.6866
ACTB	SMAP2	3	0.0082	0.7969
KRT8	SMAP2	3	0.0239	0.7505
MAPRE3	SMAP2	3	0.0002	0.8487
ACTB	SMARCA1	3	0.0005	0.8431
KRT8	SMARCA1	3	0.0025	0.8246
LMNA	SMARCA1	3	0.0232	0.7518
MAPRE3	SMARCA1	3	0.0001	0.8514
ACTB	SMARCA2	3	0.0000	0.8553
KRT8	SMARCA2	3	0.0000	0.8553
LMNA	SMARCA2	3	0.0000	0.8553
MAPRE3	SMARCA2	3	0.0000	0.8553
ACTB	SMARCA4	3	0.2763	0.5720
CTNNA1	SMARCA4	3	0.0507	0.7148
KRT8	SMARCA4	3	0.2534	0.5826
LMNA	SMARCA4	3	0.2787	0.5710
MAPRE3	SMARCA4	3	0.1321	0.6509
ACTB	SMARCA5	3	0.2142	0.6025
CTNNA1	SMARCA5	3	0.0495	0.7159
KRT8	SMARCA5	3	0.2496	0.5847
LMNA	SMARCA5	3	0.2762	0.5721
MAPRE3	SMARCA5	3	0.1687	0.6278
ACTB	SMARCAD1	3	0.0039	0.8165
KRT8	SMARCAD1	3	0.2399	0.5903
LMNA	SMARCAD1	3	0.0131	0.7774
MAPRE3	SMARCAD1	3	0.0003	0.8465
ACTB	SMARCAL1	3	0.0002	0.8487
KRT8	SMARCAL1	3	0.0017	0.8305
LMNA	SMARCAL1	3	0.0297	0.7398
MAPRE3	SMARCAL1	3	0.0008	0.8393
ACTB	SMARCB1	3	0.0011	0.8360
KRT8	SMARCB1	3	0.0032	0.8201
LMNA	SMARCB1	3	0.0051	0.8108
MAPRE3	SMARCB1	3	0.0001	0.8514
ACTB	SMARCC1	3	0.2051	0.6070
CTNNA1	SMARCC1	3	0.0381	0.7281
KRT8	SMARCC1	3	0.1482	0.6402
LMNA	SMARCC1	3	0.2922	0.5645
MAPRE3	SMARCC1	3	0.0728	0.6953
ACTB	SMARCC2	3	0.0002	0.8487
KRT8	SMARCC2	3	0.0000	0.8553
LMNA	SMARCC2	3	0.0001	0.8514
MAPRE3	SMARCC2	3	0.0000	0.8553
KRT8	SMARCD1	3	0.0002	0.8487
LMNA	SMARCD1	3	0.0003	0.8465
ACTB	SMARCD3	3	0.2257	0.5966
CTNNA1	SMARCD3	3	0.0086	0.7950
KRT8	SMARCD3	3	0.1441	0.6429
LMNA	SMARCD3	3	0.2550	0.5819
MAPRE3	SMARCD3	3	0.1324	0.6506
ACTB	SMARCE1	3	0.0005	0.8431
LMNA	SMARCE1	3	0.0018	0.8297
MAPRE3	SMARCE1	3	0.0001	0.8514
ACTB	SMC1A	3	0.3229	0.5491
CTNNA1	SMC1A	3	0.1737	0.6251
KRT8	SMC1A	3	0.4004	0.2806
LMNA	SMC1A	3	0.2941	0.5637
MAPRE3	SMC1A	3	0.2636	0.5777
ACTB	SMC2	3	0.2502	0.5843
CTNNA1	SMC2	3	0.0565	0.7097
KRT8	SMC2	3	0.3809	0.3077
LMNA	SMC2	3	0.2030	0.6080
MAPRE3	SMC2	3	0.1332	0.6498
ACTB	SMC3	3	0.0147	0.7724
CTNNA1	SMC3	3	0.0008	0.8393
KRT8	SMC3	3	0.0621	0.7047
LMNA	SMC3	3	0.0048	0.8121
MAPRE3	SMC3	3	0.0560	0.7101
ACTB	SMC4	3	0.2938	0.5638
CTNNA1	SMC4	3	0.0976	0.6755
KRT8	SMC4	3	0.3598	0.3440
LMNA	SMC4	3	0.2279	0.5957
MAPRE3	SMC4	3	0.1984	0.6103
KRT8	SMC5	3	0.0415	0.7242
LMNA	SMC5	3	0.0017	0.8305
ACTB	SMC6	3	0.0003	0.8465
KRT8	SMC6	3	0.0176	0.7642
LMNA	SMC6	3	0.3398	0.3881
ACTB	SMCHD1	3	0.2913	0.5649
CTNNA1	SMCHD1	3	0.0044	0.8141
KRT8	SMCHD1	3	0.3176	0.5514
LMNA	SMCHD1	3	0.3635	0.3366
MAPRE3	SMCHD1	3	0.3200	0.5504
ACTB	SMCR8	3	0.0079	0.7980
CTNNA1	SMCR8	3	0.0001	0.8514
KRT8	SMCR8	3	0.0395	0.7260
LMNA	SMCR8	3	0.0007	0.8404
MAPRE3	SMCR8	3	0.0008	0.8393
ACTB	SMG1	3	0.0509	0.7146
KRT8	SMG1	3	0.0633	0.7033
MAPRE3	SMG1	3	0.0001	0.8514
ACTB	SMG5	3	0.3333	0.4096
KRT8	SMG5	3	1.0000	0.0000
KRT8	SMG6	3	0.0033	0.8195
ACTB	SMG7	3	0.0124	0.7799
CTNNA1	SMG7	3	0.0012	0.8352
KRT8	SMG7	3	0.6744	0.0616
LMNA	SMG7	3	0.0037	0.8175
MAPRE3	SMG7	3	0.0078	0.7983
ACTB	SMG8	3	0.9679	0.0019
CTNNA1	SMG8	3	0.0007	0.8404
KRT8	SMG8	3	0.0508	0.7146
MAPRE3	SMG8	3	0.0206	0.7570
ACTB	SMG9	3	0.0133	0.7767
CTNNA1	SMG9	3	0.0001	0.8514
KRT8	SMG9	3	0.0292	0.7407
LMNA	SMG9	3	0.0002	0.8487
MAPRE3	SMG9	3	0.0066	0.8035
LMNA	SMIM12	3	0.3333	0.4096
ACTB	SMIM21	3	0.3333	0.4096
KRT8	SMIM44	3	0.3333	0.4096
ACTB	SMN1	3	0.2595	0.5794
CTNNA1	SMN1	3	0.0239	0.7505
KRT8	SMN1	3	0.2810	0.5700
LMNA	SMN1	3	0.1322	0.6508
MAPRE3	SMN1	3	0.0952	0.6776
ACTB	SMNDC1	3	0.0135	0.7761
CTNNA1	SMNDC1	3	0.0071	0.8013
KRT8	SMNDC1	3	0.0137	0.7754
LMNA	SMNDC1	3	0.1609	0.6328
MAPRE3	SMNDC1	3	0.0038	0.8170
ACTB	SMOC1	3	0.0046	0.8132
KRT8	SMOC1	3	0.0015	0.8325
LMNA	SMOC1	3	0.0010	0.8371
ACTB	SMPD4	3	0.0123	0.7804
KRT8	SMPD4	3	0.7824	0.0268
LMNA	SMPD4	3	0.9466	0.0037
MAPRE3	SMPD4	3	0.0413	0.7243
ACTB	SMPDL3A	3	0.3333	0.4096
KRT8	SMPDL3B	3	0.3333	0.4096
ACTB	SMTN	3	0.0697	0.6975
KRT8	SMTN	3	0.1225	0.6575
LMNA	SMTN	3	0.4950	0.2128
MAPRE3	SMTN	3	0.0155	0.7700
CTNNA1	SMU1	3	0.0093	0.7922
LMNA	SMU1	3	0.1665	0.6292
ACTB	SMURF1	3	0.0144	0.7732
KRT8	SMURF1	3	0.0051	0.8108
LMNA	SMURF1	3	0.0008	0.8393
KRT8	SMYD4	3	0.3333	0.4096
LMNA	SMYD4	3	0.3333	0.4096
ACTB	SMYD5	3	0.0144	0.7732
CTNNA1	SMYD5	3	0.0067	0.8030
KRT8	SMYD5	3	0.0118	0.7826
LMNA	SMYD5	3	0.0173	0.7650
CTNNA1	SNAI3	3	0.3333	0.4096
LMNA	SNAI3	3	0.3333	0.4096
ACTB	SNAP23	3	0.2988	0.5611
CTNNA1	SNAP23	3	0.1825	0.6198
KRT8	SNAP23	3	0.2919	0.5646
LMNA	SNAP23	3	0.0927	0.6794
MAPRE3	SNAP23	3	0.0582	0.7080
ACTB	SNAP29	3	0.0192	0.7600
CTNNA1	SNAP29	3	0.0002	0.8487
KRT8	SNAP29	3	0.1279	0.6534
LMNA	SNAP29	3	0.0015	0.8325
MAPRE3	SNAP29	3	0.0040	0.8161
ACTB	SNAP47	3	0.0135	0.7761
KRT8	SNAP47	3	0.2189	0.5996
LMNA	SNAP47	3	0.0003	0.8465
MAPRE3	SNAP47	3	0.0010	0.8371
ACTB	SNAP91	3	0.3333	0.4096
CTNNA1	SNAPC1	3	0.3333	0.4096
LMNA	SNAPC1	3	0.0030	0.8212
ACTB	SNAPC4	3	0.0005	0.8431
KRT8	SNAPC4	3	0.0019	0.8289
LMNA	SNAPC4	3	0.0031	0.8206
MAPRE3	SNAPC4	3	0.0000	0.8553
ACTB	SNAPIN	3	0.0160	0.7686
KRT8	SNAPIN	3	0.0142	0.7739
ACTB	SNCA	3	0.3066	0.5568
CTNNA1	SNCA	3	0.1322	0.6508
KRT8	SNCA	3	0.3077	0.5562
LMNA	SNCA	3	0.2538	0.5825
MAPRE3	SNCA	3	0.1509	0.6387
ACTB	SNCG	3	0.0109	0.7861
CTNNA1	SNCG	3	0.0000	0.8553
KRT8	SNCG	3	0.0089	0.7939
LMNA	SNCG	3	0.0016	0.8315
MAPRE3	SNCG	3	0.0005	0.8431
ACTB	SND1	3	0.0610	0.7057
CTNNA1	SND1	3	0.0165	0.7670
KRT8	SND1	3	0.0631	0.7036
LMNA	SND1	3	0.0240	0.7503
MAPRE3	SND1	3	0.0229	0.7524
ACTB	SNF8	3	0.0085	0.7955
CTNNA1	SNF8	3	0.0001	0.8514
KRT8	SNF8	3	0.0729	0.6952
LMNA	SNF8	3	0.0034	0.8190
MAPRE3	SNF8	3	0.0009	0.8382
ACTB	SNIP1	3	0.6667	0.0721
KRT8	SNIP1	3	0.3333	0.4096
LMNA	SNIP1	3	0.6667	0.0721
KRT8	SNRK	3	0.0011	0.8360
ACTB	SNRNP200	3	0.1936	0.6129
CTNNA1	SNRNP200	3	0.0295	0.7402
KRT8	SNRNP200	3	0.2219	0.5982
LMNA	SNRNP200	3	0.2821	0.5694
MAPRE3	SNRNP200	3	0.1186	0.6599
ACTB	SNRNP40	3	0.0610	0.7057
CTNNA1	SNRNP40	3	0.0054	0.8093
KRT8	SNRNP40	3	0.0417	0.7240
LMNA	SNRNP40	3	0.3388	0.3917
MAPRE3	SNRNP40	3	0.0066	0.8035
LMNA	SNRNP48	3	0.0212	0.7559
ACTB	SNRNP70	3	0.1428	0.6438
CTNNA1	SNRNP70	3	0.0492	0.7162
KRT8	SNRNP70	3	0.0837	0.6867
LMNA	SNRNP70	3	0.0908	0.6811
MAPRE3	SNRNP70	3	0.0391	0.7267
ACTB	SNRPA1	3	0.1106	0.6663
CTNNA1	SNRPA1	3	0.0103	0.7884
KRT8	SNRPA1	3	0.1568	0.6351
LMNA	SNRPA1	3	0.1766	0.6233
MAPRE3	SNRPA1	3	0.0496	0.7157
ACTB	SNRPB;SNRPN	3	0.0004	0.8448
KRT8	SNRPB;SNRPN	3	0.0005	0.8431
LMNA	SNRPB;SNRPN	3	0.0006	0.8417
MAPRE3	SNRPB;SNRPN	3	0.0002	0.8487
ACTB	SNRPC	3	0.1946	0.6124
CTNNA1	SNRPC	3	0.0046	0.8132
KRT8	SNRPC	3	0.1984	0.6103
LMNA	SNRPC	3	0.1108	0.6662
MAPRE3	SNRPC	3	0.0461	0.7194
ACTB	SNRPD1	3	0.0386	0.7273
CTNNA1	SNRPD1	3	0.0071	0.8013
KRT8	SNRPD1	3	0.0092	0.7925
LMNA	SNRPD1	3	0.1341	0.6490
MAPRE3	SNRPD1	3	0.0200	0.7582
ACTB	SNRPD2	3	0.2379	0.5912
CTNNA1	SNRPD2	3	0.0279	0.7431
KRT8	SNRPD2	3	0.2199	0.5992
LMNA	SNRPD2	3	0.2480	0.5855
MAPRE3	SNRPD2	3	0.1569	0.6350
ACTB	SNRPD3	3	0.1759	0.6238
CTNNA1	SNRPD3	3	0.0061	0.8057
KRT8	SNRPD3	3	0.0863	0.6845
LMNA	SNRPD3	3	0.2421	0.5893
MAPRE3	SNRPD3	3	0.0376	0.7288
ACTB	SNRPE	3	0.2288	0.5950
CTNNA1	SNRPE	3	0.0200	0.7582
KRT8	SNRPE	3	0.1774	0.6227
LMNA	SNRPE	3	0.2725	0.5736
MAPRE3	SNRPE	3	0.0997	0.6739
ACTB	SNRPF	3	0.0001	0.8514
CTNNA1	SNRPF	3	0.0000	0.8553
KRT8	SNRPF	3	0.0001	0.8514
LMNA	SNRPF	3	0.0015	0.8325
MAPRE3	SNRPF	3	0.0000	0.8553
ACTB	SNRPG;SNRPGP15	3	0.1623	0.6320
CTNNA1	SNRPG;SNRPGP15	3	0.0241	0.7500
KRT8	SNRPG;SNRPGP15	3	0.0983	0.6747
LMNA	SNRPG;SNRPGP15	3	0.2079	0.6054
MAPRE3	SNRPG;SNRPGP15	3	0.0328	0.7353
ACTB	SNTB2	3	0.0779	0.6912
CTNNA1	SNTB2	3	0.0011	0.8360
KRT8	SNTB2	3	0.0826	0.6880
LMNA	SNTB2	3	0.0006	0.8417
MAPRE3	SNTB2	3	0.0016	0.8315
ACTB	SNU13	3	0.1142	0.6638
CTNNA1	SNU13	3	0.0718	0.6957
KRT8	SNU13	3	0.1750	0.6244
LMNA	SNU13	3	0.1160	0.6624
MAPRE3	SNU13	3	0.0327	0.7356
ACTB	SNUPN	3	0.0035	0.8185
KRT8	SNUPN	3	0.0156	0.7698
MAPRE3	SNUPN	3	0.0004	0.8448
ACTB	SNW1	3	0.2538	0.5825
CTNNA1	SNW1	3	0.1376	0.6467
KRT8	SNW1	3	0.2065	0.6060
LMNA	SNW1	3	0.3893	0.2951
MAPRE3	SNW1	3	0.2876	0.5667
ACTB	SNX1	3	0.1175	0.6610
CTNNA1	SNX1	3	0.0153	0.7706
KRT8	SNX1	3	0.1387	0.6461
LMNA	SNX1	3	0.0242	0.7498
MAPRE3	SNX1	3	0.0215	0.7553
ACTB	SNX11	3	0.0041	0.8156
KRT8	SNX11	3	0.0050	0.8113
LMNA	SNX11	3	0.0024	0.8252
ACTB	SNX12	3	0.0240	0.7503
KRT8	SNX12	3	0.0321	0.7365
LMNA	SNX12	3	0.0034	0.8190
MAPRE3	SNX12	3	0.0001	0.8514
ACTB	SNX13	3	0.0015	0.8325
KRT8	SNX13	3	0.0253	0.7478
ACTB	SNX14	3	0.0096	0.7908
CTNNA1	SNX14	3	0.0007	0.8404
KRT8	SNX14	3	0.0704	0.6968
LMNA	SNX14	3	0.0006	0.8417
MAPRE3	SNX14	3	0.0007	0.8404
CTNNA1	SNX15	3	0.3333	0.4096
ACTB	SNX17	3	0.0258	0.7468
KRT8	SNX17	3	0.3334	0.4090
LMNA	SNX17	3	0.3380	0.3946
ACTB	SNX18	3	0.4015	0.2791
CTNNA1	SNX18	3	0.0006	0.8417
KRT8	SNX18	3	0.1143	0.6636
LMNA	SNX18	3	0.0007	0.8404
MAPRE3	SNX18	3	0.0004	0.8448
ACTB	SNX19	3	0.0018	0.8297
KRT8	SNX19	3	0.0077	0.7987
MAPRE3	SNX19	3	0.0000	0.8553
ACTB	SNX2	3	0.0273	0.7439
KRT8	SNX2	3	0.0772	0.6917
LMNA	SNX2	3	0.0020	0.8282
MAPRE3	SNX2	3	0.0039	0.8165
ACTB	SNX24	3	0.3393	0.3900
KRT8	SNX24	3	0.0624	0.7044
MAPRE3	SNX24	3	0.0077	0.7987
ACTB	SNX27	3	0.0096	0.7908
CTNNA1	SNX27	3	0.0068	0.8026
LMNA	SNX27	3	0.0410	0.7246
MAPRE3	SNX27	3	0.0205	0.7572
ACTB	SNX29	3	0.0821	0.6884
KRT8	SNX29	3	0.1020	0.6720
ACTB	SNX3	3	0.3002	0.5601
CTNNA1	SNX3	3	0.0656	0.7013
KRT8	SNX3	3	0.2893	0.5661
LMNA	SNX3	3	0.1948	0.6122
MAPRE3	SNX3	3	0.1254	0.6551
ACTB	SNX33	3	0.0016	0.8315
KRT8	SNX33	3	0.0968	0.6761
ACTB	SNX4	3	0.0404	0.7251
CTNNA1	SNX4	3	0.0001	0.8514
KRT8	SNX4	3	0.1295	0.6526
LMNA	SNX4	3	0.0285	0.7418
MAPRE3	SNX4	3	0.0018	0.8297
ACTB	SNX5	3	0.0164	0.7674
KRT8	SNX5	3	0.0645	0.7023
LMNA	SNX5	3	0.0002	0.8487
MAPRE3	SNX5	3	0.0051	0.8108
ACTB	SNX6	3	0.0335	0.7343
CTNNA1	SNX6	3	0.0000	0.8553
KRT8	SNX6	3	0.0108	0.7866
LMNA	SNX6	3	0.0004	0.8448
MAPRE3	SNX6	3	0.0016	0.8315
ACTB	SNX7	3	0.0075	0.7995
CTNNA1	SNX7	3	0.0003	0.8465
KRT8	SNX7	3	0.0222	0.7539
LMNA	SNX7	3	0.0002	0.8487
MAPRE3	SNX7	3	0.0016	0.8315
ACTB	SNX9	3	0.3003	0.5600
CTNNA1	SNX9	3	0.0823	0.6882
KRT8	SNX9	3	0.3032	0.5585
LMNA	SNX9	3	0.0909	0.6809
MAPRE3	SNX9	3	0.1340	0.6492
ACTB	SOAT1	3	0.0132	0.7771
CTNNA1	SOAT1	3	0.0006	0.8417
KRT8	SOAT1	3	0.0175	0.7646
LMNA	SOAT1	3	0.9921	0.0004
MAPRE3	SOAT1	3	0.0023	0.8260
LMNA	SOBP	3	0.3333	0.4096
CTNNA1	SOD1	3	0.6667	0.0721
ACTB	SOGA1	3	0.0032	0.8201
KRT8	SOGA1	3	0.0474	0.7179
MAPRE3	SOGA1	3	0.0064	0.8044
ACTB	SON	3	0.1758	0.6239
CTNNA1	SON	3	0.0182	0.7626
KRT8	SON	3	0.1712	0.6266
LMNA	SON	3	0.2624	0.5781
MAPRE3	SON	3	0.0650	0.7020
ACTB	SORBS1	3	1.0000	0.0000
KRT8	SORBS1	3	0.3333	0.4096
MAPRE3	SORBS1	3	0.3333	0.4096
ACTB	SORBS2	3	1.0000	0.0000
KRT8	SORBS2	3	0.0176	0.7642
MAPRE3	SORBS2	3	0.0023	0.8260
ACTB	SORBS3	3	0.0119	0.7820
CTNNA1	SORBS3	3	0.0000	0.8553
KRT8	SORBS3	3	0.0118	0.7826
LMNA	SORBS3	3	0.0018	0.8297
KRT8	SORCS3	3	0.3330	0.5432
LMNA	SORCS3	3	0.0016	0.8315
ACTB	SORD	3	0.2573	0.5807
CTNNA1	SORD	3	0.0241	0.7500
KRT8	SORD	3	0.2631	0.5778
LMNA	SORD	3	0.0881	0.6829
MAPRE3	SORD	3	0.1005	0.6734
KRT8	SORL1	3	0.3333	0.4096
ACTB	SOS1	3	0.0091	0.7930
KRT8	SOS1	3	0.0967	0.6763
LMNA	SOS1	3	0.0584	0.7078
ACTB	SOWAHC	3	0.1107	0.6663
KRT8	SOWAHC	3	0.0120	0.7815
MAPRE3	SOWAHC	3	0.0026	0.8238
LMNA	SOX9	3	0.3635	0.3366
ACTB	SP100	3	0.0540	0.7116
CTNNA1	SP100	3	0.0100	0.7894
KRT8	SP100	3	0.0508	0.7146
LMNA	SP100	3	0.1936	0.6129
MAPRE3	SP100	3	0.0063	0.8048
LMNA	SP140L	3	0.6667	0.0721
ACTB	SP2	3	0.0003	0.8465
CTNNA1	SP2	3	0.0000	0.8553
KRT8	SP2	3	0.0000	0.8553
LMNA	SP2	3	0.0041	0.8156
MAPRE3	SP2	3	0.0001	0.8514
MAPRE3	SP4	3	0.3333	0.4096
ACTB	SPAG1	3	0.0032	0.8201
KRT8	SPAG1	3	0.0080	0.7976
CTNNA1	SPAG16	3	0.0001	0.8514
LMNA	SPAG16	3	0.0000	0.8553
KRT8	SPAG17	3	0.3333	0.4096
ACTB	SPAG5	3	0.3032	0.5585
CTNNA1	SPAG5	3	0.1659	0.6297
KRT8	SPAG5	3	0.3679	0.3277
LMNA	SPAG5	3	0.1409	0.6448
MAPRE3	SPAG5	3	0.3771	0.3128
ACTB	SPAG7	3	0.0894	0.6823
CTNNA1	SPAG7	3	0.0114	0.7842
KRT8	SPAG7	3	0.0894	0.6823
LMNA	SPAG7	3	0.3296	0.5455
MAPRE3	SPAG7	3	0.0464	0.7191
ACTB	SPAG9	3	0.0092	0.7925
CTNNA1	SPAG9	3	0.0001	0.8514
KRT8	SPAG9	3	0.0089	0.7939
LMNA	SPAG9	3	0.0001	0.8514
MAPRE3	SPAG9	3	0.0009	0.8382
ACTB	SPART	3	0.3197	0.5505
CTNNA1	SPART	3	0.0980	0.6751
KRT8	SPART	3	0.3365	0.4000
LMNA	SPART	3	0.2076	0.6056
MAPRE3	SPART	3	0.2235	0.5975
ACTB	SPAST	3	0.0000	0.8553
LMNA	SPAST	3	0.0000	0.8553
KRT8	SPATA18	3	0.3333	0.4096
ACTB	SPATA2	3	0.1478	0.6405
CTNNA1	SPATA2	3	0.1176	0.6610
KRT8	SPATA2	3	0.2033	0.6079
LMNA	SPATA2	3	0.1250	0.6553
MAPRE3	SPATA2	3	0.2075	0.6056
KRT8	SPATA20	3	0.3333	0.4096
KRT8	SPATA24	3	0.6667	0.0721
ACTB	SPATA31A1;SPATA31A3	3	0.0021	0.8274
ACTB	SPATA31C1;SPATA31C2	3	0.3333	0.4096
MAPRE3	SPATA6L	3	0.3333	0.4096
ACTB	SPATS2	3	0.3011	0.5598
CTNNA1	SPATS2	3	0.1201	0.6590
KRT8	SPATS2	3	0.2997	0.5604
LMNA	SPATS2	3	0.0624	0.7044
MAPRE3	SPATS2	3	0.3181	0.5512
ACTB	SPATS2L	3	0.0031	0.8206
CTNNA1	SPATS2L	3	0.0012	0.8352
KRT8	SPATS2L	3	0.0018	0.8297
LMNA	SPATS2L	3	0.0019	0.8289
MAPRE3	SPATS2L	3	0.0072	0.8009
KRT8	SPC24	3	0.2802	0.5703
ACTB	SPC25	3	0.0399	0.7256
KRT8	SPC25	3	0.3469	0.3691
ACTB	SPCS2	3	0.0060	0.8062
KRT8	SPCS2	3	0.0120	0.7815
LMNA	SPCS2	3	0.9385	0.0044
ACTB	SPCS3	3	0.0022	0.8268
LMNA	SPCS3	3	0.0002	0.8487
MAPRE3	SPCS3	3	0.0000	0.8553
ACTB	SPDL1	3	0.2102	0.6044
CTNNA1	SPDL1	3	0.0898	0.6821
KRT8	SPDL1	3	0.2723	0.5737
LMNA	SPDL1	3	0.3262	0.5474
MAPRE3	SPDL1	3	0.1737	0.6251
ACTB	SPECC1	3	0.3065	0.5569
CTNNA1	SPECC1	3	0.1111	0.6660
KRT8	SPECC1	3	0.1785	0.6220
LMNA	SPECC1	3	0.0466	0.7188
MAPRE3	SPECC1	3	0.2387	0.5909
ACTB	SPECC1L	3	0.5547	0.1916
CTNNA1	SPECC1L	3	0.0001	0.8514
KRT8	SPECC1L	3	0.0214	0.7555
LMNA	SPECC1L	3	0.0010	0.8371
MAPRE3	SPECC1L	3	0.0126	0.7792
ACTB	SPEG	3	0.9788	0.0010
KRT8	SPEG	3	0.1469	0.6412
MAPRE3	SPEG	3	0.1474	0.6408
ACTB	SPEN	3	0.1206	0.6586
KRT8	SPEN	3	0.0669	0.7001
LMNA	SPEN	3	0.2657	0.5765
MAPRE3	SPEN	3	0.0520	0.7132
ACTB	SPG11	3	0.2055	0.6068
CTNNA1	SPG11	3	0.0158	0.7691
KRT8	SPG11	3	0.2437	0.5882
LMNA	SPG11	3	0.0774	0.6915
MAPRE3	SPG11	3	0.1081	0.6678
ACTB	SPG21	3	0.0178	0.7637
KRT8	SPG21	3	0.0572	0.7088
LMNA	SPG21	3	0.0421	0.7236
LMNA	SPHK1	3	0.3333	0.4096
KRT8	SPHK2	3	0.3333	0.4096
LMNA	SPHK2	3	0.6667	0.0721
ACTB	SPICE1	3	0.0101	0.7890
CTNNA1	SPICE1	3	0.0016	0.8315
KRT8	SPICE1	3	0.7131	0.0446
LMNA	SPICE1	3	0.0016	0.8315
MAPRE3	SPICE1	3	0.0087	0.7947
ACTB	SPIDR	3	0.0006	0.8417
KRT8	SPIDR	3	0.0035	0.8185
LMNA	SPIDR	3	0.0196	0.7592
LMNA	SPIN1	3	0.0028	0.8224
ACTB	SPIRE1	3	0.7922	0.0252
KRT8	SPIRE1	3	0.0027	0.8233
ACTB	SPIRE2	3	1.0000	0.0000
CTNNA1	SPIRE2	3	0.3333	0.4096
LMNA	SPMIP7	3	0.3333	0.4096
KRT8	SPMIP8	3	0.3333	0.4096
ACTB	SPNS1	3	0.0090	0.7935
KRT8	SPNS1	3	0.9643	0.0021
LMNA	SPNS1	3	0.0092	0.7925
MAPRE3	SPNS1	3	0.0007	0.8404
ACTB	SPOCK1	3	0.3333	0.4096
LMNA	SPOP	3	0.6667	0.0721
LMNA	SPOPL	3	0.0138	0.7750
CTNNA1	SPOUT1	3	0.0016	0.8315
ACTB	SPP1	3	0.3333	0.4096
KRT8	SPP1	3	0.3333	0.4096
KRT8	SPR	3	0.3333	0.4096
CTNNA1	SPRED2	3	0.3333	0.4096
ACTB	SPRR3	3	0.3333	0.4096
LMNA	SPRTN	3	1.0000	0.0000
MAPRE3	SPRY1	3	0.3333	0.4096
KRT8	SPRYD3	3	0.0002	0.8487
MAPRE3	SPRYD3	3	0.0000	0.8553
KRT8	SPRYD4	3	0.6667	0.0721
LMNA	SPRYD4	3	0.6667	0.0721
ACTB	SPTA1	3	0.0287	0.7414
LMNA	SPTA1	3	0.0451	0.7202
ACTB	SPTAN1	3	0.2859	0.5674
CTNNA1	SPTAN1	3	0.1508	0.6388
KRT8	SPTAN1	3	0.2691	0.5752
LMNA	SPTAN1	3	0.0820	0.6884
MAPRE3	SPTAN1	3	0.1487	0.6400
ACTB	SPTB	3	0.3333	0.4096
ACTB	SPTBN1	3	0.4199	0.2569
CTNNA1	SPTBN1	3	0.1835	0.6191
KRT8	SPTBN1	3	0.3388	0.3917
LMNA	SPTBN1	3	0.2271	0.5960
MAPRE3	SPTBN1	3	0.2602	0.5790
ACTB	SPTBN2	3	0.1205	0.6587
CTNNA1	SPTBN2	3	0.0020	0.8282
KRT8	SPTBN2	3	0.0198	0.7587
LMNA	SPTBN2	3	0.0008	0.8393
MAPRE3	SPTBN2	3	0.0023	0.8260
MAPRE3	SPTBN4	3	0.3333	0.4096
ACTB	SPTBN5	3	0.1303	0.6522
MAPRE3	SPTBN5	3	0.0008	0.8393
ACTB	SPTLC1	3	0.0109	0.7861
CTNNA1	SPTLC1	3	0.0006	0.8417
KRT8	SPTLC1	3	0.4290	0.2484
LMNA	SPTLC1	3	0.3426	0.3793
MAPRE3	SPTLC1	3	0.0011	0.8360
LMNA	SPTLC2	3	0.3333	0.4096
ACTB	SPTY2D1	3	0.0269	0.7446
LMNA	SPTY2D1	3	0.1205	0.6587
MAPRE3	SPTY2D1	3	0.1657	0.6299
ACTB	SQOR	3	0.0036	0.8180
CTNNA1	SQOR	3	0.0004	0.8448
KRT8	SQOR	3	0.0092	0.7925
LMNA	SQOR	3	0.0131	0.7774
MAPRE3	SQOR	3	0.0001	0.8514
ACTB	SQSTM1	3	0.0106	0.7871
CTNNA1	SQSTM1	3	0.0001	0.8514
KRT8	SQSTM1	3	0.0184	0.7619
LMNA	SQSTM1	3	0.0005	0.8431
MAPRE3	SQSTM1	3	0.0078	0.7983
ACTB	SRA1	3	0.0083	0.7964
KRT8	SRA1	3	0.0166	0.7668
LMNA	SRA1	3	0.0021	0.8274
MAPRE3	SRA1	3	0.0011	0.8360
ACTB	SRBD1	3	0.3333	0.4096
KRT8	SRBD1	3	0.6667	0.0721
LMNA	SRBD1	3	0.3333	0.4096
MAPRE3	SRC	3	0.3333	0.4096
ACTB	SRCAP	3	0.0097	0.7904
KRT8	SRCAP	3	0.0015	0.8325
LMNA	SRCAP	3	0.0190	0.7605
MAPRE3	SRCAP	3	0.0002	0.8487
ACTB	SREBF1	3	0.3058	0.5573
KRT8	SREBF1	3	0.0030	0.8212
ACTB	SREBF2	3	0.0000	0.8553
ACTB	SREK1	3	0.0638	0.7028
CTNNA1	SREK1	3	0.0549	0.7109
KRT8	SREK1	3	0.0964	0.6766
LMNA	SREK1	3	0.0655	0.7015
MAPRE3	SREK1	3	0.0640	0.7026
ACTB	SRFBP1	3	0.0001	0.8514
KRT8	SRFBP1	3	0.0001	0.8514
LMNA	SRFBP1	3	0.0070	0.8017
MAPRE3	SRFBP1	3	0.0001	0.8514
ACTB	SRGAP1	3	0.5355	0.1986
CTNNA1	SRGAP1	3	0.0004	0.8448
KRT8	SRGAP1	3	0.4537	0.2319
MAPRE3	SRGAP1	3	0.0056	0.8082
ACTB	SRGAP2	3	0.1938	0.6128
CTNNA1	SRGAP2	3	0.0006	0.8417
KRT8	SRGAP2	3	0.0199	0.7585
LMNA	SRGAP2	3	0.0003	0.8465
MAPRE3	SRGAP2	3	0.0036	0.8180
ACTB	SRGAP2C	3	0.3333	0.4096
ACTB	SRI	3	0.0231	0.7520
CTNNA1	SRI	3	0.0222	0.7539
KRT8	SRI	3	0.0178	0.7637
LMNA	SRI	3	0.0166	0.7668
MAPRE3	SRI	3	0.0085	0.7955
ACTB	SRM	3	0.0339	0.7338
CTNNA1	SRM	3	0.0088	0.7944
KRT8	SRM	3	0.0811	0.6890
LMNA	SRM	3	0.0349	0.7327
MAPRE3	SRM	3	0.0082	0.7969
ACTB	SRP14	3	0.1254	0.6551
CTNNA1	SRP14	3	0.0332	0.7348
KRT8	SRP14	3	0.1670	0.6288
LMNA	SRP14	3	0.1340	0.6492
MAPRE3	SRP14	3	0.0134	0.7764
ACTB	SRP54	3	0.3599	0.3438
CTNNA1	SRP54	3	0.1902	0.6150
KRT8	SRP54	3	0.3452	0.3733
LMNA	SRP54	3	0.1669	0.6290
MAPRE3	SRP54	3	0.2995	0.5605
ACTB	SRP68	3	0.3664	0.3310
CTNNA1	SRP68	3	0.2066	0.6059
KRT8	SRP68	3	0.3341	0.4067
LMNA	SRP68	3	0.2020	0.6085
MAPRE3	SRP68	3	0.2923	0.5643
ACTB	SRP72	3	0.1893	0.6156
CTNNA1	SRP72	3	0.0567	0.7094
KRT8	SRP72	3	0.1593	0.6335
LMNA	SRP72	3	0.0503	0.7152
MAPRE3	SRP72	3	0.0802	0.6898
ACTB	SRP9	3	0.2493	0.5849
CTNNA1	SRP9	3	0.0541	0.7115
KRT8	SRP9	3	0.3364	0.4004
LMNA	SRP9	3	0.2076	0.6056
MAPRE3	SRP9	3	0.0817	0.6886
ACTB	SRPK1	3	0.0138	0.7750
CTNNA1	SRPK1	3	0.0014	0.8335
KRT8	SRPK1	3	0.3409	0.3850
LMNA	SRPK1	3	0.0088	0.7944
MAPRE3	SRPK1	3	0.0155	0.7700
ACTB	SRPK2	3	0.0000	0.8553
ACTB	SRPRA	3	0.3675	0.3281
CTNNA1	SRPRA	3	0.1770	0.6231
KRT8	SRPRA	3	0.3268	0.5470
LMNA	SRPRA	3	0.4064	0.2728
MAPRE3	SRPRA	3	0.3190	0.5508
ACTB	SRPRB	3	0.1354	0.6481
CTNNA1	SRPRB	3	0.0201	0.7580
KRT8	SRPRB	3	0.1731	0.6256
LMNA	SRPRB	3	0.1498	0.6395
MAPRE3	SRPRB	3	0.0397	0.7257
ACTB	SRRM1	3	0.2109	0.6041
CTNNA1	SRRM1	3	0.0137	0.7754
KRT8	SRRM1	3	0.2005	0.6093
LMNA	SRRM1	3	0.2474	0.5859
MAPRE3	SRRM1	3	0.0905	0.6814
ACTB	SRRM2	3	0.1238	0.6563
CTNNA1	SRRM2	3	0.0053	0.8097
KRT8	SRRM2	3	0.0768	0.6920
LMNA	SRRM2	3	0.2308	0.5942
MAPRE3	SRRM2	3	0.0595	0.7067
ACTB	SRRT	3	0.0150	0.7715
KRT8	SRRT	3	0.0366	0.7303
LMNA	SRRT	3	0.0077	0.7987
CTNNA1	SRSF1	3	0.0221	0.7540
KRT8	SRSF1	3	0.0666	0.7003
LMNA	SRSF1	3	0.1151	0.6629
ACTB	SRSF10	3	0.0430	0.7227
CTNNA1	SRSF10	3	0.0086	0.7950
KRT8	SRSF10	3	0.0525	0.7129
LMNA	SRSF10	3	0.0381	0.7281
MAPRE3	SRSF10	3	0.0099	0.7897
ACTB	SRSF11	3	0.0184	0.7619
CTNNA1	SRSF11	3	0.0309	0.7381
KRT8	SRSF11	3	0.0078	0.7983
LMNA	SRSF11	3	0.1683	0.6281
MAPRE3	SRSF11	3	0.0004	0.8448
LMNA	SRSF2	3	0.2819	0.5696
ACTB	SRSF3	3	0.0770	0.6919
CTNNA1	SRSF3	3	0.0129	0.7782
KRT8	SRSF3	3	0.1653	0.6301
MAPRE3	SRSF3	3	0.0264	0.7456
LMNA	SRSF4	3	0.3333	0.4096
ACTB	SRSF5	3	0.2367	0.5916
CTNNA1	SRSF5	3	0.0373	0.7293
KRT8	SRSF5	3	0.0511	0.7144
LMNA	SRSF5	3	0.2053	0.6069
MAPRE3	SRSF5	3	0.0730	0.6951
ACTB	SRSF6	3	0.0517	0.7138
KRT8	SRSF6	3	0.0263	0.7458
LMNA	SRSF6	3	0.0075	0.7995
ACTB	SRSF7	3	0.0195	0.7594
CTNNA1	SRSF7	3	0.0444	0.7210
KRT8	SRSF7	3	0.0102	0.7887
LMNA	SRSF7	3	0.0066	0.8035
MAPRE3	SRSF7	3	0.0031	0.8206
KRT8	SRSF8	3	0.0124	0.7799
ACTB	SRSF9	3	0.0391	0.7267
CTNNA1	SRSF9	3	0.0169	0.7661
LMNA	SRSF9	3	0.2319	0.5938
MAPRE3	SRSF9	3	0.0669	0.7001
CTNNA1	SRXN1	3	0.3333	0.4096
ACTB	SSB	3	0.0035	0.8185
CTNNA1	SSB	3	0.0000	0.8553
KRT8	SSB	3	0.0070	0.8017
LMNA	SSB	3	0.0227	0.7528
MAPRE3	SSB	3	0.0001	0.8514
KRT8	SSBP1	3	0.3333	0.4096
LMNA	SSBP2;SSBP3;SSBP4	3	0.6667	0.0721
ACTB	SSH1	3	0.0367	0.7301
KRT8	SSH1	3	0.0133	0.7767
LMNA	SSH1	3	0.0000	0.8553
ACTB	SSH2	3	0.6789	0.0592
CTNNA1	SSH2	3	0.0013	0.8344
KRT8	SSH2	3	0.0184	0.7619
LMNA	SSH2	3	0.0008	0.8393
MAPRE3	SSH2	3	0.0040	0.8161
KRT8	SSNA1	3	0.3333	0.4096
LMNA	SSR1	3	1.0000	0.0000
ACTB	SSR4	3	0.0532	0.7121
CTNNA1	SSR4	3	0.0159	0.7689
KRT8	SSR4	3	0.1383	0.6463
LMNA	SSR4	3	0.0678	0.6992
MAPRE3	SSR4	3	0.0080	0.7976
ACTB	SSRP1	3	0.2539	0.5824
CTNNA1	SSRP1	3	0.0979	0.6752
KRT8	SSRP1	3	0.2774	0.5715
LMNA	SSRP1	3	0.3440	0.3770
MAPRE3	SSRP1	3	0.1222	0.6577
KRT8	SSU72	3	0.1663	0.6294
LMNA	SSU72	3	0.0074	0.8000
LMNA	SSUH2	3	0.3333	0.4096
ACTB	SSX2IP	3	0.0103	0.7884
CTNNA1	SSX2IP	3	0.0000	0.8553
KRT8	SSX2IP	3	0.9469	0.0036
MAPRE3	SSX2IP	3	0.0143	0.7735
ACTB	ST13	3	0.0436	0.7220
CTNNA1	ST13	3	0.0255	0.7474
KRT8	ST13	3	0.2354	0.5925
LMNA	ST13	3	0.0574	0.7085
MAPRE3	ST13	3	0.0218	0.7546
ACTB	ST6GAL2	3	0.3302	0.5452
CTNNA1	ST6GALNAC1	3	0.0023	0.8260
MAPRE3	ST6GALNAC1	3	0.0000	0.8553
ACTB	ST6GALNAC2	3	0.3333	0.4096
LMNA	ST7	3	0.0131	0.7774
MAPRE3	ST8SIA3	3	0.3333	0.4096
KRT8	STAB1	3	0.6667	0.0721
LMNA	STAB1	3	0.3333	0.4096
LMNA	STAG1	3	0.0364	0.7306
ACTB	STAG2	3	0.0003	0.8465
KRT8	STAG2	3	0.0068	0.8026
LMNA	STAG2	3	0.0117	0.7830
MAPRE3	STAG2	3	0.0000	0.8553
LMNA	STAG3	3	0.3333	0.4096
ACTB	STAM	3	0.0178	0.7637
CTNNA1	STAM	3	0.0003	0.8465
KRT8	STAM	3	0.0267	0.7449
LMNA	STAM	3	0.0002	0.8487
MAPRE3	STAM	3	0.0009	0.8382
ACTB	STAM2	3	0.0028	0.8224
KRT8	STAM2	3	0.2120	0.6037
ACTB	STAMBP	3	0.0061	0.8057
CTNNA1	STAMBP	3	0.0001	0.8514
KRT8	STAMBP	3	0.0392	0.7265
LMNA	STAMBP	3	0.0048	0.8121
MAPRE3	STAMBP	3	0.0003	0.8465
ACTB	STAMBPL1	3	0.3492	0.3639
CTNNA1	STAMBPL1	3	0.1067	0.6689
KRT8	STAMBPL1	3	0.3594	0.3451
LMNA	STAMBPL1	3	0.2932	0.5641
MAPRE3	STAMBPL1	3	0.2432	0.5885
LMNA	STARD10	3	0.3333	0.4096
LMNA	STARD3	3	0.3333	0.4096
CTNNA1	STARD7	3	0.3333	0.4096
KRT8	STARD7	3	0.3333	0.4096
LMNA	STARD8	3	0.3333	0.4096
CTNNA1	STARD9	3	0.3333	0.4096
KRT8	STARD9	3	0.3333	0.4096
ACTB	STAT1	3	0.2462	0.5866
CTNNA1	STAT1	3	0.0235	0.7512
KRT8	STAT1	3	0.2746	0.5727
LMNA	STAT1	3	0.1996	0.6097
MAPRE3	STAT1	3	0.1049	0.6698
ACTB	STAT2	3	0.0084	0.7959
CTNNA1	STAT2	3	0.0002	0.8487
KRT8	STAT2	3	0.0368	0.7299
LMNA	STAT2	3	0.0003	0.8465
MAPRE3	STAT2	3	0.0024	0.8252
ACTB	STAT3	3	0.2739	0.5730
CTNNA1	STAT3	3	0.0674	0.6996
KRT8	STAT3	3	0.3103	0.5550
LMNA	STAT3	3	0.2310	0.5941
MAPRE3	STAT3	3	0.1463	0.6414
KRT8	STAT5A	3	0.3705	0.3243
ACTB	STAT5B	3	0.1624	0.6319
CTNNA1	STAT5B	3	0.0247	0.7487
KRT8	STAT5B	3	0.2175	0.6004
LMNA	STAT5B	3	0.1312	0.6515
MAPRE3	STAT5B	3	0.0354	0.7319
ACTB	STAT6	3	0.0031	0.8206
KRT8	STAT6	3	0.0162	0.7681
LMNA	STAT6	3	0.0005	0.8431
ACTB	STAU1	3	0.0131	0.7774
CTNNA1	STAU1	3	0.0090	0.7935
KRT8	STAU1	3	0.0102	0.7887
MAPRE3	STAU1	3	0.0020	0.8282
ACTB	STAU2	3	0.3069	0.5567
CTNNA1	STAU2	3	0.1299	0.6524
KRT8	STAU2	3	0.3342	0.4065
LMNA	STAU2	3	0.0906	0.6813
MAPRE3	STAU2	3	0.2125	0.6034
ACTB	STBD1	3	0.0034	0.8190
KRT8	STBD1	3	0.0002	0.8487
LMNA	STBD1	3	0.0000	0.8553
ACTB	STEAP3	3	0.0026	0.8238
CTNNA1	STEAP3	3	0.0009	0.8382
KRT8	STEAP3	3	0.0015	0.8325
LMNA	STEAP3	3	0.0000	0.8553
MAPRE3	STEAP3	3	0.0000	0.8553
ACTB	STEEP1	3	0.1666	0.6291
CTNNA1	STEEP1	3	0.0536	0.7119
KRT8	STEEP1	3	0.1802	0.6210
LMNA	STEEP1	3	0.3502	0.3619
MAPRE3	STEEP1	3	0.1561	0.6356
ACTB	STIL	3	0.0106	0.7871
CTNNA1	STIL	3	0.0002	0.8487
KRT8	STIL	3	0.1325	0.6505
LMNA	STIL	3	0.0011	0.8360
MAPRE3	STIL	3	0.0024	0.8252
ACTB	STIM1	3	0.0053	0.8097
CTNNA1	STIM1	3	0.0000	0.8553
KRT8	STIM1	3	0.0050	0.8113
LMNA	STIM1	3	0.0003	0.8465
MAPRE3	STIM1	3	0.0075	0.7995
ACTB	STIM2	3	0.0061	0.8057
CTNNA1	STIM2	3	0.0000	0.8553
KRT8	STIM2	3	0.0045	0.8137
LMNA	STIM2	3	0.0041	0.8156
MAPRE3	STIM2	3	0.2253	0.5968
ACTB	STING1	3	0.0056	0.8082
KRT8	STING1	3	0.2642	0.5774
LMNA	STING1	3	0.3253	0.5477
ACTB	STIP1	3	0.1124	0.6649
CTNNA1	STIP1	3	0.0125	0.7796
KRT8	STIP1	3	0.1981	0.6106
LMNA	STIP1	3	0.0634	0.7032
MAPRE3	STIP1	3	0.0168	0.7664
ACTB	STK10	3	0.0353	0.7320
KRT8	STK10	3	0.3049	0.5577
MAPRE3	STK10	3	0.0015	0.8325
ACTB	STK11IP	3	0.0361	0.7310
KRT8	STK11IP	3	0.1072	0.6686
KRT8	STK16	3	0.3333	0.4096
ACTB	STK19	3	0.0022	0.8268
ACTB	STK24	3	0.0042	0.8151
KRT8	STK24	3	0.0422	0.7235
MAPRE3	STK24	3	0.0002	0.8487
ACTB	STK25	3	0.6667	0.0721
KRT8	STK25	3	0.3333	0.4096
ACTB	STK26	3	0.0873	0.6836
CTNNA1	STK26	3	0.0002	0.8487
KRT8	STK26	3	0.0437	0.7219
LMNA	STK26	3	0.0005	0.8431
MAPRE3	STK26	3	0.0033	0.8195
ACTB	STK3	3	0.0082	0.7969
KRT8	STK3	3	0.0223	0.7537
MAPRE3	STK3	3	0.0011	0.8360
ACTB	STK32B	3	0.3333	0.4096
KRT8	STK36	3	1.0000	0.0000
LMNA	STK36	3	0.3333	0.4096
ACTB	STK38	3	0.3294	0.5457
CTNNA1	STK38	3	0.1052	0.6697
KRT8	STK38	3	0.3722	0.3205
LMNA	STK38	3	0.2757	0.5724
MAPRE3	STK38	3	0.2648	0.5771
ACTB	STK38L	3	0.0066	0.8035
KRT8	STK38L	3	0.0974	0.6756
LMNA	STK38L	3	0.0009	0.8382
MAPRE3	STK38L	3	0.0003	0.8465
ACTB	STK39	3	0.0028	0.8224
KRT8	STK39	3	0.1981	0.6106
LMNA	STK39	3	0.0015	0.8325
MAPRE3	STK39	3	0.0001	0.8514
ACTB	STK4	3	0.0685	0.6985
KRT8	STK4	3	0.3367	0.3992
ACTB	STMN1	3	0.0075	0.7995
CTNNA1	STMN1	3	0.0000	0.8553
KRT8	STMN1	3	0.0027	0.8233
LMNA	STMN1	3	0.0029	0.8218
MAPRE3	STMN1	3	0.0010	0.8371
ACTB	STOM	3	0.0043	0.8145
KRT8	STOM	3	0.0063	0.8048
LMNA	STOM	3	0.0176	0.7642
MAPRE3	STOM	3	0.0001	0.8514
ACTB	STOML2	3	0.0121	0.7811
KRT8	STOML2	3	0.1915	0.6141
LMNA	STOML2	3	0.0085	0.7955
ACTB	STON2	3	0.1079	0.6681
KRT8	STON2	3	0.3391	0.3910
KRT8	STOX2	3	0.3333	0.4096
MAPRE3	STOX2	3	0.6667	0.0721
MAPRE3	STPG1	3	0.3333	0.4096
ACTB	STRAP	3	0.0728	0.6953
CTNNA1	STRAP	3	0.0128	0.7786
KRT8	STRAP	3	0.1400	0.6454
LMNA	STRAP	3	0.0350	0.7325
MAPRE3	STRAP	3	0.0074	0.8000
ACTB	STRBP	3	0.0000	0.8553
KRT8	STRBP	3	0.0000	0.8553
LMNA	STRBP	3	0.0026	0.8238
MAPRE3	STRBP	3	0.0001	0.8514
MAPRE3	STRCP1	3	0.3333	0.4096
ACTB	STREPT	3	0.0253	0.7478
CTNNA1	STREPT	3	0.0170	0.7658
KRT8	STREPT	3	0.0245	0.7491
LMNA	STREPT	3	0.0090	0.7935
MAPRE3	STREPT	3	0.0104	0.7880
ACTB	STRIP1	3	0.0123	0.7804
CTNNA1	STRIP1	3	0.0001	0.8514
KRT8	STRIP1	3	0.0182	0.7626
LMNA	STRIP1	3	0.0016	0.8315
MAPRE3	STRIP1	3	0.0012	0.8352
ACTB	STRIP2	3	0.0099	0.7897
KRT8	STRIP2	3	0.1153	0.6627
ACTB	STRN	3	0.0137	0.7754
CTNNA1	STRN	3	0.0018	0.8297
KRT8	STRN	3	0.0137	0.7754
LMNA	STRN	3	0.0011	0.8360
MAPRE3	STRN	3	0.0040	0.8161
ACTB	STRN3	3	0.0078	0.7983
CTNNA1	STRN3	3	0.0000	0.8553
KRT8	STRN3	3	0.0063	0.8048
MAPRE3	STRN3	3	0.0001	0.8514
ACTB	STRN4	3	0.0124	0.7799
CTNNA1	STRN4	3	0.0008	0.8393
KRT8	STRN4	3	0.0290	0.7410
LMNA	STRN4	3	0.0005	0.8431
MAPRE3	STRN4	3	0.0007	0.8404
LMNA	STS	3	0.3333	0.4096
ACTB	STT3A	3	0.0118	0.7826
CTNNA1	STT3A	3	0.0001	0.8514
KRT8	STT3A	3	0.1484	0.6401
LMNA	STT3A	3	0.0286	0.7416
MAPRE3	STT3A	3	0.0010	0.8371
ACTB	STT3B	3	0.1826	0.6198
CTNNA1	STT3B	3	0.0862	0.6846
KRT8	STT3B	3	0.3233	0.5489
LMNA	STT3B	3	0.4345	0.2452
MAPRE3	STT3B	3	0.1141	0.6638
ACTB	STUB1	3	0.0248	0.7485
CTNNA1	STUB1	3	0.0002	0.8487
KRT8	STUB1	3	0.1754	0.6241
LMNA	STUB1	3	0.0376	0.7288
MAPRE3	STUB1	3	0.0601	0.7063
LMNA	STX10	3	0.0068	0.8026
ACTB	STX11	3	0.3333	0.4096
KRT8	STX11	3	0.3333	0.4096
ACTB	STX17	3	0.3333	0.4096
LMNA	STX18	3	0.0009	0.8382
KRT8	STX2	3	0.3333	0.4096
KRT8	STX4	3	0.3333	0.4096
ACTB	STX5	3	0.0186	0.7616
CTNNA1	STX5	3	0.0009	0.8382
KRT8	STX5	3	0.0474	0.7179
LMNA	STX5	3	0.7334	0.0390
MAPRE3	STX5	3	0.0107	0.7868
LMNA	STX6	3	0.0077	0.7987
ACTB	STXBP1	3	0.0381	0.7281
KRT8	STXBP1	3	0.5210	0.2028
LMNA	STXBP1	3	0.1554	0.6359
MAPRE3	STXBP1	3	0.0048	0.8121
ACTB	STXBP2	3	0.0167	0.7666
KRT8	STXBP2	3	0.0763	0.6924
LMNA	STXBP2	3	0.0018	0.8297
ACTB	STXBP3	3	0.0191	0.7603
CTNNA1	STXBP3	3	0.0051	0.8108
KRT8	STXBP3	3	0.0216	0.7550
LMNA	STXBP3	3	0.0091	0.7930
MAPRE3	STXBP3	3	0.0005	0.8431
ACTB	STXBP4	3	0.0083	0.7964
CTNNA1	STXBP4	3	0.0002	0.8487
KRT8	STXBP4	3	0.0527	0.7126
LMNA	STXBP4	3	0.0024	0.8252
MAPRE3	STXBP4	3	0.0004	0.8448
ACTB	STXBP5	3	0.0118	0.7826
CTNNA1	STXBP5	3	0.0002	0.8487
KRT8	STXBP5	3	0.0177	0.7640
LMNA	STXBP5	3	0.0101	0.7890
MAPRE3	STXBP5	3	0.0053	0.8097
ACTB	SUB1	3	0.1718	0.6262
CTNNA1	SUB1	3	0.0266	0.7452
KRT8	SUB1	3	0.1725	0.6258
LMNA	SUB1	3	0.3064	0.5570
MAPRE3	SUB1	3	0.0954	0.6774
CTNNA1	SUCLA2	3	0.0002	0.8487
KRT8	SUCLA2	3	0.3832	0.3046
LMNA	SUCLA2	3	0.0139	0.7747
MAPRE3	SUCLA2	3	0.0009	0.8382
LMNA	SUCLG1	3	0.3333	0.4096
ACTB	SUCLG2	3	0.1083	0.6676
CTNNA1	SUCLG2	3	0.0185	0.7618
KRT8	SUCLG2	3	0.0948	0.6778
LMNA	SUCLG2	3	0.0229	0.7524
MAPRE3	SUCLG2	3	0.0183	0.7623
CTNNA1	SUCO	3	0.0126	0.7792
KRT8	SUCO	3	0.2245	0.5971
LMNA	SUCO	3	0.1656	0.6299
MAPRE3	SUCO	3	0.0165	0.7670
ACTB	SUDS3	3	0.0013	0.8344
LMNA	SUDS3	3	0.2238	0.5974
KRT8	SUFU	3	0.0356	0.7316
ACTB	SUGP1	3	0.0103	0.7884
KRT8	SUGP1	3	0.0109	0.7861
LMNA	SUGP1	3	0.1411	0.6446
MAPRE3	SUGP1	3	0.0050	0.8113
ACTB	SUGP2	3	0.1493	0.6397
CTNNA1	SUGP2	3	0.0191	0.7603
KRT8	SUGP2	3	0.0806	0.6894
LMNA	SUGP2	3	0.2461	0.5867
MAPRE3	SUGP2	3	0.1509	0.6387
ACTB	SUGT1	3	0.1848	0.6184
CTNNA1	SUGT1	3	0.0307	0.7384
KRT8	SUGT1	3	0.2564	0.5812
LMNA	SUGT1	3	0.2082	0.6051
MAPRE3	SUGT1	3	0.0467	0.7186
KRT8	SULT1A3;SULT1A4	3	0.3333	0.4096
KRT8	SULT1C3	3	0.3333	0.4096
ACTB	SUMF1	3	0.0007	0.8404
CTNNA1	SUMF1	3	0.0077	0.7987
KRT8	SUMF1	3	0.0003	0.8465
LMNA	SUMF1	3	0.1830	0.6195
ACTB	SUMO1	3	0.0636	0.7029
CTNNA1	SUMO1	3	0.0002	0.8487
KRT8	SUMO1	3	0.0464	0.7191
LMNA	SUMO1	3	0.0067	0.8030
MAPRE3	SUMO1	3	0.0015	0.8325
ACTB	SUMO2;SUMO3;SUMO4	3	0.0335	0.7343
CTNNA1	SUMO2;SUMO3;SUMO4	3	0.0004	0.8448
KRT8	SUMO2;SUMO3;SUMO4	3	0.0796	0.6901
LMNA	SUMO2;SUMO3;SUMO4	3	0.0265	0.7454
MAPRE3	SUMO2;SUMO3;SUMO4	3	0.0035	0.8185
ACTB	SUN1	3	0.0170	0.7658
CTNNA1	SUN1	3	0.0033	0.8195
KRT8	SUN1	3	0.0261	0.7463
LMNA	SUN1	3	1.0000	0.0000
MAPRE3	SUN1	3	0.0038	0.8170
ACTB	SUN2	3	0.0066	0.8035
KRT8	SUN2	3	0.0191	0.7603
LMNA	SUN2	3	1.0000	0.0000
ACTB	SUOX	3	0.3333	0.4096
KRT8	SUOX	3	0.3333	0.4096
ACTB	SUPT16H	3	0.2623	0.5782
CTNNA1	SUPT16H	3	0.0650	0.7020
KRT8	SUPT16H	3	0.3036	0.5584
LMNA	SUPT16H	3	0.2920	0.5646
MAPRE3	SUPT16H	3	0.1206	0.6586
LMNA	SUPT20H	3	0.0004	0.8448
LMNA	SUPT3H	3	0.0000	0.8553
ACTB	SUPT4H1	3	0.3333	0.4096
ACTB	SUPT5H	3	0.0017	0.8305
KRT8	SUPT5H	3	0.0096	0.7908
LMNA	SUPT5H	3	0.3330	0.5432
MAPRE3	SUPT5H	3	0.0005	0.8431
KRT8	SUPT6H	3	0.0041	0.8156
LMNA	SUPT6H	3	0.1180	0.6605
MAPRE3	SUPT6H	3	0.0001	0.8514
ACTB	SUPT7L	3	0.0015	0.8325
KRT8	SUPV3L1	3	1.0000	0.0000
ACTB	SURF2	3	0.3333	0.4096
LMNA	SURF2	3	0.6667	0.0721
MAPRE3	SURF2	3	0.3333	0.4096
ACTB	SURF4	3	0.2792	0.5708
CTNNA1	SURF4	3	0.0614	0.7054
KRT8	SURF4	3	0.3926	0.2900
LMNA	SURF4	3	0.3587	0.3463
MAPRE3	SURF4	3	0.2170	0.6007
LMNA	SURF6	3	0.0012	0.8352
LMNA	SUZ12	3	0.0689	0.6983
ACTB	SVIL	3	0.9986	0.0001
CTNNA1	SVIL	3	0.0022	0.8268
KRT8	SVIL	3	0.0132	0.7771
LMNA	SVIL	3	0.0029	0.8218
MAPRE3	SVIL	3	0.0057	0.8078
ACTB	SWAP70	3	0.0069	0.8021
CTNNA1	SWAP70	3	0.0000	0.8553
KRT8	SWAP70	3	0.0077	0.7987
LMNA	SWAP70	3	0.0006	0.8417
MAPRE3	SWAP70	3	0.0004	0.8448
ACTB	SYAP1	3	0.0136	0.7758
CTNNA1	SYAP1	3	0.0015	0.8325
KRT8	SYAP1	3	0.0142	0.7739
LMNA	SYAP1	3	0.0001	0.8514
MAPRE3	SYAP1	3	0.0063	0.8048
MAPRE3	SYBU	3	1.0000	0.0000
MAPRE3	SYCP3	3	0.3333	0.4096
ACTB	SYDE1	3	0.0383	0.7278
CTNNA1	SYDE1	3	0.0020	0.8282
KRT8	SYDE1	3	0.1192	0.6595
LMNA	SYDE1	3	0.0009	0.8382
MAPRE3	SYDE1	3	0.0262	0.7461
KRT8	SYDE2	3	0.3333	0.4096
MAPRE3	SYDE2	3	0.3333	0.4096
ACTB	SYF2	3	0.0047	0.8127
KRT8	SYF2	3	0.0083	0.7964
LMNA	SYF2	3	0.6432	0.1717
ACTB	SYMPK	3	0.3019	0.5593
CTNNA1	SYMPK	3	0.1466	0.6413
KRT8	SYMPK	3	0.2742	0.5729
LMNA	SYMPK	3	0.3573	0.3495
MAPRE3	SYMPK	3	0.2802	0.5703
ACTB	SYNC	3	0.0137	0.7754
KRT8	SYNC	3	0.9349	0.0050
MAPRE3	SYNC	3	0.0006	0.8417
ACTB	SYNCRIP	3	0.1380	0.6464
CTNNA1	SYNCRIP	3	0.0191	0.7603
KRT8	SYNCRIP	3	0.1440	0.6430
LMNA	SYNCRIP	3	0.1044	0.6701
MAPRE3	SYNCRIP	3	0.0563	0.7099
ACTB	SYNE1	3	0.0268	0.7447
CTNNA1	SYNE1	3	0.0001	0.8514
KRT8	SYNE1	3	0.0544	0.7113
LMNA	SYNE1	3	0.1216	0.6580
MAPRE3	SYNE1	3	0.0070	0.8017
ACTB	SYNE2	3	0.0372	0.7295
CTNNA1	SYNE2	3	0.0009	0.8382
KRT8	SYNE2	3	0.0281	0.7426
LMNA	SYNE2	3	0.3750	0.3153
MAPRE3	SYNE2	3	0.0105	0.7876
KRT8	SYNE3	3	0.0000	0.8553
LMNA	SYNE3	3	0.0033	0.8195
MAPRE3	SYNE3	3	0.0029	0.8218
ACTB	SYNGAP1	3	0.3333	0.4096
ACTB	SYNJ1	3	0.0363	0.7307
KRT8	SYNJ1	3	0.2551	0.5818
LMNA	SYNJ1	3	0.3002	0.5601
MAPRE3	SYNJ1	3	0.1999	0.6096
ACTB	SYNJ2	3	0.3807	0.3081
CTNNA1	SYNJ2	3	0.2389	0.5909
KRT8	SYNJ2	3	0.3818	0.3066
LMNA	SYNJ2	3	0.1658	0.6297
MAPRE3	SYNJ2	3	0.3427	0.3790
ACTB	SYNM	3	0.2063	0.6062
CTNNA1	SYNM	3	0.0888	0.6826
KRT8	SYNM	3	0.3974	0.2834
LMNA	SYNM	3	0.0840	0.6865
MAPRE3	SYNM	3	0.1362	0.6478
ACTB	SYNPO	3	0.4539	0.2316
CTNNA1	SYNPO	3	0.0800	0.6899
KRT8	SYNPO	3	0.2055	0.6068
LMNA	SYNPO	3	0.0825	0.6880
MAPRE3	SYNPO	3	0.1116	0.6655
ACTB	SYNPO2	3	0.3293	0.5457
KRT8	SYNPO2	3	0.0141	0.7742
ACTB	SYNRG	3	0.2893	0.5661
CTNNA1	SYNRG	3	0.1674	0.6286
KRT8	SYNRG	3	0.3403	0.3863
LMNA	SYNRG	3	0.0560	0.7101
MAPRE3	SYNRG	3	0.2525	0.5833
ACTB	SYPL1	3	0.3333	0.4096
ACTB	SYT1	3	0.3333	0.4096
CTNNA1	SYT1	3	0.3333	0.4096
KRT8	SYT10	3	0.3029	0.5588
LMNA	SYT10	3	0.0013	0.8344
MAPRE3	SYT10	3	0.0011	0.8360
ACTB	SYT14	3	0.3333	0.4096
KRT8	SYT14	3	0.3333	0.4096
ACTB	SYTL2	3	0.3333	0.4096
ACTB	SYTL4	3	0.2366	0.5917
CTNNA1	SYTL4	3	0.1653	0.6301
KRT8	SYTL4	3	0.2825	0.5691
LMNA	SYTL4	3	0.0630	0.7038
MAPRE3	SYTL4	3	0.0953	0.6775
ACTB	SZT2	3	0.1250	0.6553
CTNNA1	SZT2	3	0.0121	0.7811
KRT8	SZT2	3	0.3230	0.5490
MAPRE3	SZT2	3	0.0232	0.7518
ACTB	TAB1	3	0.0205	0.7572
CTNNA1	TAB1	3	0.0006	0.8417
KRT8	TAB1	3	0.6713	0.0650
LMNA	TAB1	3	0.0027	0.8233
MAPRE3	TAB1	3	0.0055	0.8088
ACTB	TAB2	3	0.0235	0.7512
KRT8	TAB2	3	0.0881	0.6829
ACTB	TAB3	3	0.0162	0.7681
CTNNA1	TAB3	3	0.0000	0.8553
KRT8	TAB3	3	0.0439	0.7217
MAPRE3	TAB3	3	0.0011	0.8360
ACTB	TACC1	3	0.0081	0.7973
CTNNA1	TACC1	3	0.0003	0.8465
KRT8	TACC1	3	0.0115	0.7837
LMNA	TACC1	3	0.0008	0.8393
MAPRE3	TACC1	3	0.0243	0.7495
ACTB	TACC2	3	0.2808	0.5700
CTNNA1	TACC2	3	0.1267	0.6541
KRT8	TACC2	3	0.3208	0.5500
LMNA	TACC2	3	0.1657	0.6299
MAPRE3	TACC2	3	0.3629	0.3383
ACTB	TACC3	3	0.0475	0.7178
CTNNA1	TACC3	3	0.0018	0.8297
KRT8	TACC3	3	0.9727	0.0015
LMNA	TACC3	3	0.0011	0.8360
MAPRE3	TACC3	3	0.0085	0.7955
KRT8	TACO1	3	0.3333	0.4096
LMNA	TADA1	3	0.0001	0.8514
ACTB	TADA3	3	0.0033	0.8195
KRT8	TADA3	3	0.0120	0.7815
LMNA	TADA3	3	0.0069	0.8021
MAPRE3	TADA3	3	0.0006	0.8417
ACTB	TAF1	3	0.0075	0.7995
KRT8	TAF1	3	0.0000	0.8553
LMNA	TAF1	3	0.0151	0.7711
MAPRE3	TAF1	3	0.0012	0.8352
LMNA	TAF15	3	0.0157	0.7695
MAPRE3	TAF1A	3	0.3333	0.4096
ACTB	TAF1B	3	0.2912	0.5649
KRT8	TAF1B	3	0.6549	0.1670
LMNA	TAF1B	3	0.0041	0.8156
ACTB	TAF1C	3	0.0162	0.7681
KRT8	TAF1C	3	0.0189	0.7607
LMNA	TAF1C	3	0.0019	0.8289
ACTB	TAF1L	3	0.3333	0.4096
ACTB	TAF2	3	0.0015	0.8325
CTNNA1	TAF2	3	0.3333	0.4096
KRT8	TAF2	3	0.0052	0.8103
LMNA	TAF2	3	0.0139	0.7747
LMNA	TAF3	3	0.0006	0.8417
ACTB	TAF4	3	0.0001	0.8514
KRT8	TAF4	3	0.0011	0.8360
LMNA	TAF4	3	0.0013	0.8344
MAPRE3	TAF4	3	0.0001	0.8514
LMNA	TAF5L	3	0.0018	0.8297
ACTB	TAF6	3	0.0225	0.7530
KRT8	TAF6	3	0.0010	0.8371
LMNA	TAF6	3	0.0903	0.6817
MAPRE3	TAF6	3	0.0014	0.8335
ACTB	TAF6L	3	0.0000	0.8553
KRT8	TAF6L	3	0.0006	0.8417
LMNA	TAF6L	3	0.0057	0.8078
ACTB	TAF7	3	0.0060	0.8062
CTNNA1	TAF7	3	0.0000	0.8553
KRT8	TAF7	3	0.0155	0.7700
LMNA	TAF7	3	0.0069	0.8021
MAPRE3	TAF7	3	0.0016	0.8315
ACTB	TAF9	3	0.1714	0.6265
KRT8	TAF9	3	0.1214	0.6583
LMNA	TAF9	3	0.3500	0.3621
MAPRE3	TAF9	3	0.1627	0.6318
LMNA	TAF9B	3	0.0117	0.7830
MAPRE3	TAF9B	3	0.0003	0.8465
ACTB	TAGLN	3	0.4359	0.2447
CTNNA1	TAGLN	3	0.1660	0.6296
KRT8	TAGLN	3	0.4298	0.2471
LMNA	TAGLN	3	0.3603	0.3433
MAPRE3	TAGLN	3	0.3116	0.5544
ACTB	TAGLN2	3	0.3826	0.3062
CTNNA1	TAGLN2	3	0.0952	0.6776
KRT8	TAGLN2	3	0.3151	0.5526
LMNA	TAGLN2	3	0.2385	0.5911
MAPRE3	TAGLN2	3	0.1769	0.6231
ACTB	TAGLN3	3	0.7460	0.0358
CTNNA1	TAGLN3	3	0.0001	0.8514
KRT8	TAGLN3	3	0.0257	0.7470
LMNA	TAGLN3	3	0.0038	0.8170
MAPRE3	TAGLN3	3	0.0005	0.8431
ACTB	TALDO1	3	0.0467	0.7186
CTNNA1	TALDO1	3	0.0003	0.8465
KRT8	TALDO1	3	0.0132	0.7771
LMNA	TALDO1	3	0.3535	0.3558
MAPRE3	TALDO1	3	0.0022	0.8268
ACTB	TAMM41	3	0.0402	0.7253
KRT8	TAMM41	3	0.0104	0.7880
LMNA	TAMM41	3	0.0011	0.8360
MAPRE3	TAMM41	3	0.0000	0.8553
ACTB	TANC1	3	0.4228	0.2535
CTNNA1	TANC1	3	0.2791	0.5708
KRT8	TANC1	3	0.4514	0.2333
LMNA	TANC1	3	0.1704	0.6270
MAPRE3	TANC1	3	0.4050	0.2742
ACTB	TANC2	3	0.0138	0.7750
CTNNA1	TANC2	3	0.0002	0.8487
KRT8	TANC2	3	0.0395	0.7260
LMNA	TANC2	3	0.0007	0.8404
MAPRE3	TANC2	3	0.0036	0.8180
ACTB	TANGO6	3	0.0085	0.7955
CTNNA1	TANGO6	3	0.0000	0.8553
KRT8	TANGO6	3	0.0485	0.7169
LMNA	TANGO6	3	0.0042	0.8151
MAPRE3	TANGO6	3	0.0007	0.8404
ACTB	TANK	3	0.0151	0.7711
CTNNA1	TANK	3	0.0002	0.8487
KRT8	TANK	3	0.0315	0.7374
LMNA	TANK	3	0.0030	0.8212
MAPRE3	TANK	3	0.0075	0.7995
ACTB	TAOK2	3	0.0058	0.8072
KRT8	TAOK2	3	0.7337	0.0385
LMNA	TAOK2	3	0.0111	0.7854
MAPRE3	TAOK2	3	0.9921	0.0004
ACTB	TAOK3	3	0.3333	0.4096
ACTB	TAP1	3	0.0015	0.8325
KRT8	TAP1	3	0.0000	0.8553
LMNA	TAP1	3	0.0008	0.8393
ACTB	TAP2	3	0.0016	0.8315
KRT8	TAP2	3	0.3357	0.4024
LMNA	TAP2	3	0.0045	0.8137
ACTB	TAPBP	3	0.0536	0.7119
CTNNA1	TAPBP	3	0.0096	0.7908
KRT8	TAPBP	3	0.1612	0.6326
LMNA	TAPBP	3	0.0668	0.7002
MAPRE3	TAPBP	3	0.0228	0.7526
CTNNA1	TAPT1	3	0.3333	0.4096
LMNA	TAPT1	3	0.3333	0.4096
KRT8	TARBP1	3	0.2655	0.5767
LMNA	TARBP1	3	0.0350	0.7325
MAPRE3	TARBP1	3	0.0050	0.8113
ACTB	TARBP2	3	0.0061	0.8057
KRT8	TARBP2	3	0.0057	0.8078
LMNA	TARBP2	3	0.0001	0.8514
ACTB	TARDBP	3	0.1170	0.6615
CTNNA1	TARDBP	3	0.0107	0.7868
KRT8	TARDBP	3	0.1720	0.6261
LMNA	TARDBP	3	0.1885	0.6159
MAPRE3	TARDBP	3	0.0243	0.7495
ACTB	TARS1	3	0.3240	0.5486
CTNNA1	TARS1	3	0.1246	0.6558
KRT8	TARS1	3	0.3368	0.3985
LMNA	TARS1	3	0.1750	0.6244
MAPRE3	TARS1	3	0.1895	0.6154
ACTB	TARS2	3	0.0030	0.8212
CTNNA1	TARS2	3	0.0003	0.8465
KRT8	TARS2	3	0.0049	0.8116
LMNA	TARS2	3	0.0000	0.8553
CTNNA1	TAS1R1	3	0.3333	0.4096
KRT8	TAS2R41	3	0.3333	0.4096
LMNA	TAS2R7	3	0.3333	0.4096
ACTB	TASOR	3	0.2414	0.5897
CTNNA1	TASOR	3	0.0189	0.7607
KRT8	TASOR	3	0.2156	0.6016
LMNA	TASOR	3	0.3109	0.5548
MAPRE3	TASOR	3	0.1899	0.6152
ACTB	TASOR2	3	0.2779	0.5713
CTNNA1	TASOR2	3	0.1087	0.6674
KRT8	TASOR2	3	0.2820	0.5694
LMNA	TASOR2	3	0.3331	0.5430
MAPRE3	TASOR2	3	0.2406	0.5900
LMNA	TAT	3	0.3333	0.4096
MAPRE3	TATDN1	3	0.3333	0.4096
LMNA	TATDN2	3	0.6667	0.0721
MAPRE3	TAX1BP1	3	0.2310	0.5941
ACTB	TAX1BP3	3	0.0018	0.8297
CTNNA1	TAX1BP3	3	0.0000	0.8553
KRT8	TAX1BP3	3	0.0035	0.8185
LMNA	TAX1BP3	3	0.0005	0.8431
MAPRE3	TAX1BP3	3	0.0002	0.8487
KRT8	TBC1D1	3	0.2751	0.5726
ACTB	TBC1D10B	3	0.0131	0.7774
CTNNA1	TBC1D10B	3	0.0000	0.8553
KRT8	TBC1D10B	3	0.0071	0.8013
LMNA	TBC1D10B	3	0.0001	0.8514
MAPRE3	TBC1D10B	3	0.0004	0.8448
ACTB	TBC1D13	3	0.3130	0.5538
CTNNA1	TBC1D13	3	0.0531	0.7122
KRT8	TBC1D13	3	0.1984	0.6103
LMNA	TBC1D13	3	0.0464	0.7191
MAPRE3	TBC1D13	3	0.0432	0.7226
ACTB	TBC1D15	3	0.2592	0.5796
CTNNA1	TBC1D15	3	0.0520	0.7132
KRT8	TBC1D15	3	0.2871	0.5669
LMNA	TBC1D15	3	0.0815	0.6887
MAPRE3	TBC1D15	3	0.0980	0.6751
ACTB	TBC1D17	3	0.0351	0.7324
KRT8	TBC1D17	3	0.0064	0.8044
ACTB	TBC1D2	3	0.0128	0.7786
CTNNA1	TBC1D2	3	0.0001	0.8514
KRT8	TBC1D2	3	0.0272	0.7441
LMNA	TBC1D2	3	0.0003	0.8465
MAPRE3	TBC1D2	3	0.0040	0.8161
ACTB	TBC1D22A	3	0.1514	0.6385
KRT8	TBC1D22A	3	0.0276	0.7435
LMNA	TBC1D22A	3	0.0034	0.8190
MAPRE3	TBC1D22A	3	0.0010	0.8371
KRT8	TBC1D22B	3	0.0011	0.8360
LMNA	TBC1D22B	3	0.0001	0.8514
ACTB	TBC1D23	3	0.0079	0.7980
CTNNA1	TBC1D23	3	0.0000	0.8553
KRT8	TBC1D23	3	0.0099	0.7897
LMNA	TBC1D23	3	0.0002	0.8487
MAPRE3	TBC1D23	3	0.0002	0.8487
ACTB	TBC1D24	3	0.3333	0.4096
KRT8	TBC1D24	3	0.3333	0.4096
ACTB	TBC1D25	3	0.0157	0.7695
KRT8	TBC1D25	3	0.2820	0.5694
LMNA	TBC1D25	3	0.0037	0.8175
MAPRE3	TBC1D25	3	0.0002	0.8487
ACTB	TBC1D2B	3	0.0149	0.7719
CTNNA1	TBC1D2B	3	0.0002	0.8487
KRT8	TBC1D2B	3	0.1241	0.6561
LMNA	TBC1D2B	3	0.0005	0.8431
MAPRE3	TBC1D2B	3	0.0030	0.8212
MAPRE3	TBC1D30	3	0.3333	0.4096
KRT8	TBC1D31	3	1.0000	0.0000
MAPRE3	TBC1D31	3	0.0058	0.8072
ACTB	TBC1D4	3	0.0321	0.7365
CTNNA1	TBC1D4	3	0.0001	0.8514
KRT8	TBC1D4	3	0.1158	0.6625
LMNA	TBC1D4	3	0.0049	0.8116
MAPRE3	TBC1D4	3	0.0013	0.8344
ACTB	TBC1D5	3	0.0132	0.7771
CTNNA1	TBC1D5	3	0.0001	0.8514
KRT8	TBC1D5	3	0.0645	0.7023
LMNA	TBC1D5	3	0.0015	0.8325
MAPRE3	TBC1D5	3	0.0025	0.8246
ACTB	TBC1D8	3	0.0153	0.7706
CTNNA1	TBC1D8	3	0.0003	0.8465
KRT8	TBC1D8	3	0.2820	0.5694
LMNA	TBC1D8	3	0.0028	0.8224
MAPRE3	TBC1D8	3	0.0001	0.8514
KRT8	TBC1D8B	3	0.3333	0.4096
LMNA	TBC1D9	3	0.3333	0.4096
ACTB	TBC1D9B	3	0.0110	0.7857
KRT8	TBC1D9B	3	0.1797	0.6214
LMNA	TBC1D9B	3	0.0011	0.8360
MAPRE3	TBC1D9B	3	0.0003	0.8465
KRT8	TBCA	3	0.3013	0.5597
ACTB	TBCB	3	1.0000	0.0000
KRT8	TBCC	3	0.0599	0.7064
LMNA	TBCC	3	0.0067	0.8030
MAPRE3	TBCC	3	0.0034	0.8190
LMNA	TBCCD1	3	0.3333	0.4096
ACTB	TBCD	3	0.0074	0.8000
CTNNA1	TBCD	3	0.0004	0.8448
KRT8	TBCD	3	0.0355	0.7317
LMNA	TBCD	3	0.0028	0.8224
MAPRE3	TBCD	3	0.0001	0.8514
ACTB	TBCE	3	0.2148	0.6020
CTNNA1	TBCE	3	0.0798	0.6900
KRT8	TBCE	3	0.1924	0.6136
LMNA	TBCE	3	0.0446	0.7208
MAPRE3	TBCE	3	0.0775	0.6914
KRT8	TBCEL	3	0.0214	0.7555
LMNA	TBCEL	3	0.3333	0.4096
ACTB	TBK1	3	0.0187	0.7613
CTNNA1	TBK1	3	0.0003	0.8465
KRT8	TBK1	3	0.3729	0.3195
LMNA	TBK1	3	0.0024	0.8252
MAPRE3	TBK1	3	0.0035	0.8185
KRT8	TBKBP1	3	0.6667	0.0721
ACTB	TBL1XR1	3	0.0083	0.7964
KRT8	TBL1XR1	3	0.0070	0.8017
LMNA	TBL1Y	3	0.3333	0.4096
ACTB	TBL2	3	0.0063	0.8048
KRT8	TBL2	3	0.0016	0.8315
LMNA	TBL2	3	0.0028	0.8224
ACTB	TBL3	3	0.0966	0.6763
CTNNA1	TBL3	3	0.0766	0.6922
KRT8	TBL3	3	0.2365	0.5918
LMNA	TBL3	3	0.2830	0.5688
MAPRE3	TBL3	3	0.1115	0.6656
KRT8	TBPL1	3	0.3083	0.5559
LMNA	TBPL1	3	0.0077	0.7987
MAPRE3	TBPL1	3	0.0013	0.8344
ACTB	TBRG4	3	0.0027	0.8233
KRT8	TBRG4	3	0.3527	0.3565
LMNA	TBRG4	3	0.0011	0.8360
ACTB	TBX2	3	0.3333	0.4096
KRT8	TBX2	3	0.3333	0.4096
LMNA	TBX3	3	0.3333	0.4096
MAPRE3	TBX3	3	0.0017	0.8305
ACTB	TBX5	3	0.3333	0.4096
CTNNA1	TBXAS1	3	0.3333	0.4096
LMNA	TBXAS1	3	0.3333	0.4096
ACTB	TBXT	3	0.3333	0.4096
ACTB	TCAF1	3	0.1261	0.6545
KRT8	TCAF1	3	0.3859	0.3009
LMNA	TCAF1	3	0.0321	0.7365
MAPRE3	TCAF1	3	0.1126	0.6647
LMNA	TCEA1	3	0.8851	0.0100
MAPRE3	TCEA1	3	0.0024	0.8252
LMNA	TCEAL1	3	0.3333	0.4096
LMNA	TCEAL3;TCEAL5;TCEAL6	3	0.6667	0.0721
ACTB	TCEAL4	3	0.0970	0.6759
CTNNA1	TCEAL4	3	0.0631	0.7036
KRT8	TCEAL4	3	0.0922	0.6797
LMNA	TCEAL4	3	0.4367	0.2441
MAPRE3	TCEAL4	3	0.0594	0.7068
LMNA	TCEANC2	3	1.0000	0.0000
ACTB	TCERG1	3	0.1453	0.6421
CTNNA1	TCERG1	3	0.0135	0.7761
KRT8	TCERG1	3	0.0487	0.7166
LMNA	TCERG1	3	0.2157	0.6016
MAPRE3	TCERG1	3	0.1140	0.6638
ACTB	TCF12	3	0.1434	0.6435
CTNNA1	TCF12	3	0.0307	0.7384
KRT8	TCF12	3	0.1534	0.6372
LMNA	TCF12	3	0.2769	0.5716
MAPRE3	TCF12	3	0.1083	0.6676
ACTB	TCF20	3	0.0001	0.8514
KRT8	TCF20	3	0.0005	0.8431
LMNA	TCF20	3	0.0176	0.7642
MAPRE3	TCF20	3	0.0001	0.8514
KRT8	TCF25	3	0.3333	0.4096
LMNA	TCF3	3	1.0000	0.0000
KRT8	TCF4	3	0.0000	0.8553
CTNNA1	TCF7L2	3	0.0006	0.8417
LMNA	TCF7L2	3	0.2898	0.5659
LMNA	TCHHL1	3	0.3333	0.4096
ACTB	TCHP	3	0.1680	0.6282
KRT8	TCHP	3	0.5543	0.1921
ACTB	TCN1	3	0.3333	0.4096
ACTB	TCOF1	3	0.1273	0.6537
CTNNA1	TCOF1	3	0.0090	0.7935
KRT8	TCOF1	3	0.0691	0.6982
LMNA	TCOF1	3	0.1812	0.6204
MAPRE3	TCOF1	3	0.0716	0.6959
ACTB	TCP1	3	0.1413	0.6444
CTNNA1	TCP1	3	0.0083	0.7964
KRT8	TCP1	3	0.3498	0.3622
LMNA	TCP1	3	0.4328	0.2460
MAPRE3	TCP1	3	0.0103	0.7884
ACTB	TCP11L1	3	0.3379	0.3949
KRT8	TCP11L1	3	0.0155	0.7700
LMNA	TCP11L1	3	0.0004	0.8448
MAPRE3	TCP11L1	3	0.0005	0.8431
LMNA	TCP11X1;TCP11X2	3	0.3333	0.4096
CTNNA1	TDH	3	0.3333	0.4096
LMNA	TDP1	3	0.0101	0.7890
ACTB	TDP2	3	0.1967	0.6112
CTNNA1	TDP2	3	0.0640	0.7026
KRT8	TDP2	3	0.2202	0.5990
LMNA	TDP2	3	0.4490	0.2363
MAPRE3	TDP2	3	0.1530	0.6375
KRT8	TDRD15	3	0.3333	0.4096
ACTB	TDRD3	3	0.1055	0.6695
KRT8	TDRD3	3	0.1076	0.6684
MAPRE3	TDRD3	3	0.0879	0.6832
ACTB	TDRD7	3	0.0068	0.8026
KRT8	TDRD7	3	0.0100	0.7894
LMNA	TDRD7	3	0.0049	0.8116
MAPRE3	TDRD7	3	0.0033	0.8195
ACTB	TDRD9	3	0.0118	0.7826
CTNNA1	TDRD9	3	0.0001	0.8514
KRT8	TDRD9	3	0.0426	0.7232
LMNA	TDRD9	3	0.0020	0.8282
MAPRE3	TDRD9	3	0.0012	0.8352
LMNA	TEAD1	3	0.6667	0.0721
ACTB	TECPR2	3	0.0061	0.8057
CTNNA1	TECPR2	3	0.0001	0.8514
KRT8	TECPR2	3	0.0122	0.7807
LMNA	TECPR2	3	0.0000	0.8553
MAPRE3	TECPR2	3	0.0010	0.8371
ACTB	TECR	3	0.1878	0.6164
CTNNA1	TECR	3	0.0259	0.7466
KRT8	TECR	3	0.3381	0.3940
LMNA	TECR	3	0.1678	0.6284
MAPRE3	TECR	3	0.0773	0.6916
KRT8	TECTA	3	0.3333	0.4096
KRT8	TEDC1	3	0.3295	0.5456
KRT8	TEDC2	3	0.3333	0.4096
LMNA	TEDC2	3	0.3333	0.4096
ACTB	TELO2	3	0.0108	0.7866
CTNNA1	TELO2	3	0.0002	0.8487
KRT8	TELO2	3	0.0463	0.7192
LMNA	TELO2	3	0.0059	0.8068
MAPRE3	TELO2	3	0.0016	0.8315
KRT8	TENM1	3	0.0000	0.8553
ACTB	TENM2	3	0.0073	0.8005
CTNNA1	TENM2	3	0.0007	0.8404
KRT8	TENM2	3	0.0027	0.8233
LMNA	TENM2	3	0.0033	0.8195
MAPRE3	TENM2	3	0.0000	0.8553
KRT8	TENT4A	3	0.0002	0.8487
MAPRE3	TENT4A	3	0.0004	0.8448
KRT8	TENT5A	3	0.0759	0.6927
LMNA	TENT5A	3	0.0295	0.7402
ACTB	TENT5B	3	0.3333	0.4096
ACTB	TEP1	3	0.0087	0.7947
KRT8	TEP1	3	0.0013	0.8344
LMNA	TERF2	3	0.3333	0.4096
CTNNA1	TERT	3	0.3333	0.4096
LMNA	TERT	3	0.3333	0.4096
ACTB	TES	3	0.4796	0.2175
CTNNA1	TES	3	0.2135	0.6028
KRT8	TES	3	0.3055	0.5575
LMNA	TES	3	0.0826	0.6880
MAPRE3	TES	3	0.1515	0.6384
ACTB	TET2	3	0.0000	0.8553
KRT8	TET2	3	0.0014	0.8335
LMNA	TET2	3	0.0103	0.7884
LMNA	TET3	3	0.0007	0.8404
ACTB	TEX10	3	0.0039	0.8165
CTNNA1	TEX10	3	0.0000	0.8553
KRT8	TEX10	3	0.0073	0.8005
LMNA	TEX10	3	0.0864	0.6844
MAPRE3	TEX10	3	0.0003	0.8465
ACTB	TEX11	3	0.3333	0.4096
KRT8	TEX14	3	0.3333	0.4096
MAPRE3	TEX14	3	0.3333	0.4096
ACTB	TEX2	3	0.1404	0.6451
CTNNA1	TEX2	3	0.0134	0.7764
KRT8	TEX2	3	0.1728	0.6257
LMNA	TEX2	3	0.0103	0.7884
MAPRE3	TEX2	3	0.0566	0.7095
LMNA	TEX264	3	1.0000	0.0000
ACTB	TEX9	3	0.0030	0.8212
KRT8	TEX9	3	0.0213	0.7557
MAPRE3	TEX9	3	0.0104	0.7880
ACTB	TF	3	0.3333	0.4096
ACTB	TFAM	3	0.2229	0.5978
CTNNA1	TFAM	3	0.1885	0.6159
KRT8	TFAM	3	0.1228	0.6571
LMNA	TFAM	3	0.0691	0.6982
LMNA	TFAP2A;TFAP2B	3	1.0000	0.0000
ACTB	TFAP4	3	0.0036	0.8180
KRT8	TFAP4	3	0.0006	0.8417
LMNA	TFAP4	3	0.0192	0.7600
MAPRE3	TFAP4	3	0.0164	0.7674
ACTB	TFB1M	3	0.0015	0.8325
CTNNA1	TFB1M	3	0.0000	0.8553
KRT8	TFB1M	3	0.0103	0.7884
LMNA	TFB1M	3	0.0001	0.8514
ACTB	TFB2M	3	0.2286	0.5952
CTNNA1	TFB2M	3	0.0927	0.6794
KRT8	TFB2M	3	0.3875	0.2991
LMNA	TFB2M	3	0.2107	0.6042
MAPRE3	TFB2M	3	0.0370	0.7297
ACTB	TFCP2	3	0.1728	0.6257
CTNNA1	TFCP2	3	0.0215	0.7553
KRT8	TFCP2	3	0.2379	0.5912
LMNA	TFCP2	3	0.0628	0.7041
MAPRE3	TFCP2	3	0.0465	0.7190
ACTB	TFDP1	3	0.0368	0.7299
KRT8	TFDP1	3	0.3010	0.5598
LMNA	TFDP1	3	0.1270	0.6539
MAPRE3	TFDP1	3	0.0214	0.7555
LMNA	TFDP2	3	0.3333	0.4096
KRT8	TFDP3	3	0.0033	0.8195
LMNA	TFDP3	3	0.0015	0.8325
ACTB	TFE3	3	0.0119	0.7820
KRT8	TFE3	3	0.0248	0.7485
LMNA	TFE3	3	0.0004	0.8448
ACTB	TFEB	3	0.0127	0.7790
CTNNA1	TFEB	3	0.0002	0.8487
KRT8	TFEB	3	0.0983	0.6747
LMNA	TFEB	3	0.0030	0.8212
MAPRE3	TFEB	3	0.0018	0.8297
ACTB	TFG	3	0.0029	0.8218
CTNNA1	TFG	3	0.0000	0.8553
KRT8	TFG	3	0.0022	0.8268
MAPRE3	TFG	3	0.0000	0.8553
ACTB	TFIP11	3	0.0020	0.8282
KRT8	TFIP11	3	0.0079	0.7980
LMNA	TFIP11	3	0.0408	0.7248
MAPRE3	TFIP11	3	0.0005	0.8431
LMNA	TFPT	3	0.0024	0.8252
ACTB	TFRC	3	0.1218	0.6578
CTNNA1	TFRC	3	0.0072	0.8009
KRT8	TFRC	3	0.1505	0.6389
LMNA	TFRC	3	0.0422	0.7235
MAPRE3	TFRC	3	0.0015	0.8325
MAPRE3	TG	3	0.3333	0.4096
CTNNA1	TGDS	3	0.3333	0.4096
ACTB	TGFB1I1	3	0.0192	0.7600
CTNNA1	TGFB1I1	3	0.0006	0.8417
KRT8	TGFB1I1	3	0.0548	0.7110
LMNA	TGFB1I1	3	0.0031	0.8206
MAPRE3	TGFB1I1	3	0.0025	0.8246
ACTB	TGFBI	3	0.0393	0.7263
CTNNA1	TGFBI	3	0.0020	0.8282
KRT8	TGFBI	3	0.0316	0.7372
LMNA	TGFBI	3	0.0118	0.7826
MAPRE3	TGFBI	3	0.0095	0.7913
LMNA	TGIF1	3	0.6667	0.0721
ACTB	TGM1	3	0.3057	0.5574
CTNNA1	TGM1	3	0.0083	0.7964
KRT8	TGM1	3	0.0074	0.8000
LMNA	TGM1	3	0.0482	0.7172
MAPRE3	TGM1	3	0.0040	0.8161
ACTB	TGM2	3	0.0221	0.7540
CTNNA1	TGM2	3	0.0003	0.8465
KRT8	TGM2	3	0.3472	0.3680
LMNA	TGM2	3	0.0022	0.8268
MAPRE3	TGM2	3	0.0058	0.8072
ACTB	TGM3	3	0.4792	0.2180
CTNNA1	TGM3	3	0.0124	0.7799
LMNA	TGM3	3	0.1348	0.6486
MAPRE3	TGM3	3	0.0064	0.8044
LMNA	TGM6	3	0.3333	0.4096
ACTB	TGS1	3	0.0061	0.8057
CTNNA1	TGS1	3	0.0000	0.8553
KRT8	TGS1	3	0.0157	0.7695
LMNA	TGS1	3	0.0067	0.8030
MAPRE3	TGS1	3	0.0002	0.8487
ACTB	THADA	3	0.0477	0.7176
CTNNA1	THADA	3	0.0004	0.8448
KRT8	THADA	3	0.1130	0.6645
LMNA	THADA	3	0.0021	0.8274
MAPRE3	THADA	3	0.0056	0.8082
KRT8	THAP10	3	0.3333	0.4096
ACTB	THAP11	3	0.0603	0.7062
CTNNA1	THAP11	3	0.0020	0.8282
KRT8	THAP11	3	0.2464	0.5865
LMNA	THAP11	3	0.1310	0.6517
CTNNA1	THAP12	3	0.3333	0.4096
ACTB	THBS1	3	0.2227	0.5979
CTNNA1	THBS1	3	0.0498	0.7156
KRT8	THBS1	3	0.4021	0.2784
LMNA	THBS1	3	0.2024	0.6083
MAPRE3	THBS1	3	0.0798	0.6900
KRT8	THEM4	3	0.3333	0.4096
LMNA	THEM5	3	0.3333	0.4096
ACTB	THEM6	3	0.0482	0.7172
CTNNA1	THEM6	3	0.0016	0.8315
KRT8	THEM6	3	0.1400	0.6454
LMNA	THEM6	3	0.4290	0.2484
MAPRE3	THEM6	3	0.0264	0.7456
ACTB	THEMIS	3	0.3333	0.4096
LMNA	THEMIS	3	0.3333	0.4096
ACTB	THG1L	3	0.0072	0.8009
KRT8	THG1L	3	0.0065	0.8039
LMNA	THG1L	3	0.0012	0.8352
MAPRE3	THG1L	3	0.0001	0.8514
LMNA	THOC1	3	0.0044	0.8141
ACTB	THOC2	3	0.1198	0.6593
CTNNA1	THOC2	3	0.0195	0.7594
KRT8	THOC2	3	0.2619	0.5785
LMNA	THOC2	3	0.1903	0.6148
MAPRE3	THOC2	3	0.0473	0.7180
ACTB	THOC3	3	0.0120	0.7815
CTNNA1	THOC3	3	0.0139	0.7747
KRT8	THOC3	3	0.0212	0.7559
LMNA	THOC3	3	0.0151	0.7711
MAPRE3	THOC3	3	0.0060	0.8062
CTNNA1	THOC5	3	0.0000	0.8553
LMNA	THOC5	3	0.0000	0.8553
MAPRE3	THOC5	3	0.0000	0.8553
ACTB	THOC6	3	0.0059	0.8068
CTNNA1	THOC6	3	0.0397	0.7257
KRT8	THOC6	3	0.0333	0.7346
LMNA	THOC6	3	0.1117	0.6654
MAPRE3	THOC6	3	0.0265	0.7454
KRT8	THOC7	3	0.8825	0.0105
LMNA	THOC7	3	0.0055	0.8088
ACTB	THOP1	3	0.0428	0.7230
CTNNA1	THOP1	3	0.0217	0.7547
KRT8	THOP1	3	0.0329	0.7353
LMNA	THOP1	3	0.0162	0.7681
MAPRE3	THOP1	3	0.0026	0.8238
KRT8	THRA	3	0.3333	0.4096
ACTB	THRAP3	3	0.1782	0.6222
CTNNA1	THRAP3	3	0.0279	0.7431
KRT8	THRAP3	3	0.1466	0.6413
LMNA	THRAP3	3	0.2461	0.5867
MAPRE3	THRAP3	3	0.2071	0.6056
LMNA	THUMPD1	3	0.0234	0.7514
LMNA	THUMPD2	3	0.0003	0.8465
ACTB	THUMPD3	3	0.2951	0.5632
CTNNA1	THUMPD3	3	0.0315	0.7374
KRT8	THUMPD3	3	0.0817	0.6886
LMNA	THUMPD3	3	0.0225	0.7530
MAPRE3	THUMPD3	3	0.0711	0.6963
ACTB	THYN1	3	0.0008	0.8393
CTNNA1	THYN1	3	0.0000	0.8553
LMNA	THYN1	3	0.0001	0.8514
KRT8	TIAL1	3	0.6667	0.0721
KRT8	TIAM2	3	0.0022	0.8268
LMNA	TIAM2	3	0.1917	0.6138
KRT8	TICRR	3	0.0027	0.8233
LMNA	TICRR	3	0.3645	0.3341
MAPRE3	TICRR	3	0.0032	0.8201
ACTB	TIGAR	3	0.1216	0.6580
CTNNA1	TIGAR	3	0.0032	0.8201
KRT8	TIGAR	3	0.2572	0.5807
LMNA	TIGAR	3	0.0684	0.6986
KRT8	TIGD2	3	0.3333	0.4096
ACTB	TIGD5	3	0.3333	0.4096
MAPRE3	TIGD5	3	0.3333	0.4096
ACTB	TIMELESS	3	0.0024	0.8252
LMNA	TIMELESS	3	0.0093	0.7922
KRT8	TIMM21	3	0.6667	0.0721
ACTB	TIMM23	3	0.0248	0.7485
KRT8	TIMM23	3	0.1639	0.6309
LMNA	TIMM23	3	0.0390	0.7268
MAPRE3	TIMM23	3	0.0014	0.8335
KRT8	TIMM29	3	1.0000	0.0000
LMNA	TIMM29	3	0.3333	0.4096
ACTB	TIMM44	3	0.1516	0.6383
CTNNA1	TIMM44	3	0.0483	0.7171
KRT8	TIMM44	3	0.5633	0.1888
LMNA	TIMM44	3	0.3044	0.5581
MAPRE3	TIMM44	3	0.0617	0.7052
ACTB	TIMM50	3	0.1859	0.6177
CTNNA1	TIMM50	3	0.0835	0.6869
KRT8	TIMM50	3	0.2767	0.5718
LMNA	TIMM50	3	0.1006	0.6733
MAPRE3	TIMM50	3	0.0562	0.7099
LMNA	TIPIN	3	0.6667	0.0721
ACTB	TIPRL	3	0.2031	0.6080
CTNNA1	TIPRL	3	0.0808	0.6892
KRT8	TIPRL	3	0.2830	0.5688
LMNA	TIPRL	3	0.1854	0.6181
MAPRE3	TIPRL	3	0.1855	0.6181
ACTB	TJAP1	3	0.0125	0.7796
KRT8	TJAP1	3	0.0610	0.7057
MAPRE3	TJAP1	3	0.1394	0.6458
ACTB	TJP1	3	0.4085	0.2705
CTNNA1	TJP1	3	0.2806	0.5701
KRT8	TJP1	3	0.3330	0.5432
LMNA	TJP1	3	0.1181	0.6603
MAPRE3	TJP1	3	0.2280	0.5956
ACTB	TJP2	3	0.2923	0.5643
CTNNA1	TJP2	3	0.0020	0.8282
KRT8	TJP2	3	0.0168	0.7664
LMNA	TJP2	3	0.0005	0.8431
MAPRE3	TJP2	3	0.0056	0.8082
ACTB	TK1	3	0.2675	0.5759
CTNNA1	TK1	3	0.0253	0.7478
KRT8	TK1	3	0.2843	0.5684
LMNA	TK1	3	0.1733	0.6253
MAPRE3	TK1	3	0.1321	0.6509
KRT8	TKFC	3	0.0055	0.8088
ACTB	TKT	3	0.1858	0.6178
CTNNA1	TKT	3	0.0240	0.7503
KRT8	TKT	3	0.2297	0.5946
LMNA	TKT	3	0.2226	0.5980
MAPRE3	TKT	3	0.0517	0.7138
ACTB	TLCD1	3	0.0007	0.8404
KRT8	TLCD1	3	0.0287	0.7414
LMNA	TLCD1	3	0.0027	0.8233
ACTB	TLE1	3	0.0006	0.8417
KRT8	TLE1	3	0.0014	0.8335
LMNA	TLE1	3	0.0045	0.8137
ACTB	TLE3	3	0.0024	0.8252
KRT8	TLE3	3	0.0086	0.7950
LMNA	TLE3	3	0.0808	0.6892
ACTB	TLK1	3	0.0016	0.8315
CTNNA1	TLK1	3	0.0000	0.8553
KRT8	TLK1	3	0.0013	0.8344
LMNA	TLK1	3	0.0125	0.7796
MAPRE3	TLK1	3	0.0003	0.8465
KRT8	TLK2	3	0.0000	0.8553
LMNA	TLK2	3	0.0139	0.7747
LMNA	TLL1	3	0.3333	0.4096
ACTB	TLL2	3	0.3333	0.4096
ACTB	TLN1	3	0.3218	0.5495
CTNNA1	TLN1	3	0.1403	0.6452
KRT8	TLN1	3	0.3086	0.5558
LMNA	TLN1	3	0.1347	0.6486
MAPRE3	TLN1	3	0.2071	0.6056
ACTB	TLN2	3	0.4643	0.2253
CTNNA1	TLN2	3	0.0016	0.8315
KRT8	TLN2	3	0.0149	0.7719
LMNA	TLN2	3	0.0002	0.8487
MAPRE3	TLN2	3	0.0020	0.8282
LMNA	TLR5	3	0.3333	0.4096
KRT8	TLR6	3	0.3333	0.4096
LMNA	TLR8	3	0.0000	0.8553
KRT8	TM9SF1	3	0.3333	0.4096
ACTB	TM9SF3	3	0.0000	0.8553
KRT8	TM9SF3	3	0.0000	0.8553
ACTB	TMA16	3	0.1170	0.6615
KRT8	TMA16	3	0.9990	0.0000
LMNA	TMA16	3	0.3377	0.3955
KRT8	TMC3	3	0.3333	0.4096
ACTB	TMC5	3	0.3333	0.4096
LMNA	TMC7	3	0.6667	0.0721
ACTB	TMCO1	3	0.3333	0.4096
LMNA	TMCO4	3	0.3333	0.4096
CTNNA1	TMED1	3	0.3333	0.4096
ACTB	TMED8	3	0.0095	0.7913
KRT8	TMED8	3	0.0112	0.7849
LMNA	TMED8	3	0.0011	0.8360
MAPRE3	TMED8	3	0.0005	0.8431
LMNA	TMEM106B	3	0.3333	0.4096
KRT8	TMEM108	3	0.3333	0.4096
ACTB	TMEM11	3	0.0675	0.6995
CTNNA1	TMEM11	3	0.0303	0.7390
KRT8	TMEM11	3	0.2366	0.5917
LMNA	TMEM11	3	0.1168	0.6617
MAPRE3	TMEM11	3	0.0369	0.7299
KRT8	TMEM115	3	0.0365	0.7304
MAPRE3	TMEM117	3	0.3333	0.4096
KRT8	TMEM120A	3	0.3333	0.4096
ACTB	TMEM126A	3	0.3320	0.5442
KRT8	TMEM126A	3	0.3025	0.5590
LMNA	TMEM126A	3	0.0531	0.7122
ACTB	TMEM131	3	0.0105	0.7876
CTNNA1	TMEM131	3	0.0021	0.8274
KRT8	TMEM131	3	0.0148	0.7721
LMNA	TMEM131	3	0.0083	0.7964
MAPRE3	TMEM131	3	0.9910	0.0005
ACTB	TMEM131L	3	0.0027	0.8233
KRT8	TMEM131L	3	0.1742	0.6249
LMNA	TMEM131L	3	0.0105	0.7876
MAPRE3	TMEM131L	3	0.0002	0.8487
ACTB	TMEM132A	3	0.0235	0.7512
CTNNA1	TMEM132A	3	0.0009	0.8382
KRT8	TMEM132A	3	0.0228	0.7526
LMNA	TMEM132A	3	0.0005	0.8431
ACTB	TMEM161A	3	0.3333	0.4096
KRT8	TMEM161A	3	0.3333	0.4096
LMNA	TMEM161A	3	0.6667	0.0721
LMNA	TMEM163	3	0.3333	0.4096
ACTB	TMEM165	3	0.0333	0.7346
KRT8	TMEM165	3	0.2979	0.5615
LMNA	TMEM165	3	0.0345	0.7331
MAPRE3	TMEM165	3	0.0032	0.8201
KRT8	TMEM167A	3	0.3333	0.4096
MAPRE3	TMEM175	3	0.3333	0.4096
KRT8	TMEM176B	3	0.3333	0.4096
KRT8	TMEM186	3	0.3333	0.4096
ACTB	TMEM200C	3	0.3333	0.4096
CTNNA1	TMEM200C	3	0.3333	0.4096
KRT8	TMEM201	3	0.0038	0.8170
LMNA	TMEM201	3	1.0000	0.0000
ACTB	TMEM209	3	0.0047	0.8127
KRT8	TMEM209	3	0.1912	0.6143
LMNA	TMEM209	3	0.9979	0.0001
ACTB	TMEM214	3	0.0122	0.7807
KRT8	TMEM214	3	0.1303	0.6522
LMNA	TMEM214	3	0.9924	0.0003
MAPRE3	TMEM214	3	0.0075	0.7995
ACTB	TMEM223	3	0.0221	0.7540
CTNNA1	TMEM223	3	0.0058	0.8072
KRT8	TMEM223	3	0.1011	0.6730
LMNA	TMEM223	3	0.1366	0.6475
ACTB	TMEM225	3	0.3333	0.4096
KRT8	TMEM225	3	0.3333	0.4096
KRT8	TMEM232	3	0.3333	0.4096
KRT8	TMEM259	3	0.3333	0.4096
ACTB	TMEM263	3	0.0073	0.8005
KRT8	TMEM263	3	0.0092	0.7925
LMNA	TMEM263	3	0.0032	0.8201
MAPRE3	TMEM263	3	0.0002	0.8487
ACTB	TMEM33	3	0.2518	0.5837
CTNNA1	TMEM33	3	0.0591	0.7071
KRT8	TMEM33	3	0.3877	0.2987
LMNA	TMEM33	3	0.2548	0.5820
MAPRE3	TMEM33	3	0.1538	0.6369
LMNA	TMEM38B	3	1.0000	0.0000
KRT8	TMEM39A	3	0.0007	0.8404
MAPRE3	TMEM39B	3	0.6667	0.0721
KRT8	TMEM45B	3	0.3186	0.5509
LMNA	TMEM52B	3	0.3333	0.4096
LMNA	TMEM53	3	0.3333	0.4096
LMNA	TMEM63C	3	0.3333	0.4096
KRT8	TMEM72	3	0.0058	0.8072
MAPRE3	TMEM94	3	0.3333	0.4096
ACTB	TMEM97	3	0.0162	0.7681
CTNNA1	TMEM97	3	0.0007	0.8404
KRT8	TMEM97	3	0.3418	0.3825
LMNA	TMEM97	3	0.0266	0.7452
MAPRE3	TMEM97	3	0.0083	0.7964
ACTB	TMF1	3	0.2665	0.5763
CTNNA1	TMF1	3	0.0637	0.7029
KRT8	TMF1	3	0.2704	0.5745
LMNA	TMF1	3	0.0242	0.7498
MAPRE3	TMF1	3	0.1761	0.6235
ACTB	TMIGD2	3	0.3333	0.4096
ACTB	TMIGD3	3	0.3333	0.4096
ACTB	TMLHE	3	0.0159	0.7689
CTNNA1	TMLHE	3	0.0003	0.8465
KRT8	TMLHE	3	0.8715	0.0118
LMNA	TMLHE	3	0.0033	0.8195
ACTB	TMOD1	3	1.0000	0.0000
ACTB	TMOD3	3	0.4033	0.2767
CTNNA1	TMOD3	3	0.1378	0.6466
KRT8	TMOD3	3	0.3089	0.5556
LMNA	TMOD3	3	0.1638	0.6310
MAPRE3	TMOD3	3	0.2000	0.6096
ACTB	TMPO	3	0.1337	0.6494
CTNNA1	TMPO	3	0.0880	0.6830
KRT8	TMPO	3	0.1318	0.6512
LMNA	TMPO	3	0.5026	0.2098
MAPRE3	TMPO	3	0.1139	0.6639
KRT8	TMPRSS13	3	0.3333	0.4096
MAPRE3	TMPRSS2	3	0.3333	0.4096
KRT8	TMT1A	3	0.0023	0.8260
LMNA	TMT1A	3	0.0010	0.8371
KRT8	TMT1B	3	0.3333	0.4096
LMNA	TMTC2	3	0.3333	0.4096
ACTB	TMTC3	3	0.3397	0.3887
KRT8	TMTC3	3	0.0917	0.6802
LMNA	TMTC3	3	0.0163	0.7678
ACTB	TMX1	3	0.0131	0.7774
CTNNA1	TMX1	3	0.0028	0.8224
KRT8	TMX1	3	0.0180	0.7632
LMNA	TMX1	3	0.9604	0.0023
MAPRE3	TMX1	3	0.0033	0.8195
KRT8	TMX2	3	0.3340	0.4071
LMNA	TMX2	3	0.0873	0.6836
MAPRE3	TMX2	3	0.0010	0.8371
ACTB	TMX3	3	0.3333	0.4096
KRT8	TMX3	3	0.3333	0.4096
LMNA	TMX3	3	0.6667	0.0721
LMNA	TNC	3	0.3333	0.4096
ACTB	TNFAIP2	3	0.0019	0.8289
KRT8	TNFAIP2	3	0.0495	0.7159
LMNA	TNFAIP2	3	0.0010	0.8371
MAPRE3	TNFAIP2	3	0.0001	0.8514
ACTB	TNFAIP3	3	0.1631	0.6314
KRT8	TNFAIP3	3	0.4697	0.2222
LMNA	TNFAIP3	3	0.2764	0.5719
ACTB	TNFSF13	3	0.3333	0.4096
ACTB	TNIK	3	0.0176	0.7642
KRT8	TNIK	3	0.0088	0.7944
ACTB	TNIP1	3	0.0236	0.7511
CTNNA1	TNIP1	3	0.0005	0.8431
KRT8	TNIP1	3	0.4026	0.2777
MAPRE3	TNIP1	3	0.0015	0.8325
ACTB	TNIP2	3	0.3333	0.4096
MAPRE3	TNIP3	3	0.3333	0.4096
ACTB	TNK1	3	0.4232	0.2527
CTNNA1	TNK1	3	0.2718	0.5738
KRT8	TNK1	3	0.4479	0.2374
LMNA	TNK1	3	0.3455	0.3726
MAPRE3	TNK1	3	0.3842	0.3027
ACTB	TNK2	3	0.0057	0.8078
KRT8	TNK2	3	0.0675	0.6995
ACTB	TNKS	3	0.3409	0.3850
KRT8	TNKS	3	0.1435	0.6434
LMNA	TNKS	3	0.3143	0.5531
MAPRE3	TNKS	3	0.0008	0.8393
ACTB	TNKS1BP1	3	0.3521	0.3577
CTNNA1	TNKS1BP1	3	0.1958	0.6116
KRT8	TNKS1BP1	3	0.2868	0.5670
LMNA	TNKS1BP1	3	0.1301	0.6524
MAPRE3	TNKS1BP1	3	0.2189	0.5996
KRT8	TNKS2	3	0.3333	0.4096
ACTB	TNPO1	3	0.1775	0.6226
CTNNA1	TNPO1	3	0.0859	0.6849
KRT8	TNPO1	3	0.6451	0.1709
LMNA	TNPO1	3	0.0943	0.6782
MAPRE3	TNPO1	3	0.0979	0.6752
ACTB	TNPO2	3	0.0151	0.7711
KRT8	TNPO2	3	1.0000	0.0000
LMNA	TNPO2	3	0.0013	0.8344
MAPRE3	TNPO2	3	0.0019	0.8289
ACTB	TNPO3	3	0.0127	0.7790
CTNNA1	TNPO3	3	0.0004	0.8448
KRT8	TNPO3	3	0.5035	0.2092
LMNA	TNPO3	3	0.0134	0.7764
MAPRE3	TNPO3	3	0.0017	0.8305
CTNNA1	TNR	3	0.3333	0.4096
KRT8	TNR	3	0.3333	0.4096
KRT8	TNRC18	3	0.0055	0.8088
LMNA	TNRC18	3	0.0322	0.7363
ACTB	TNRC6A	3	0.0064	0.8044
CTNNA1	TNRC6A	3	0.0003	0.8465
KRT8	TNRC6A	3	0.0557	0.7103
LMNA	TNRC6A	3	0.0003	0.8465
MAPRE3	TNRC6A	3	0.0032	0.8201
ACTB	TNRC6B	3	0.0076	0.7991
CTNNA1	TNRC6B	3	0.0003	0.8465
KRT8	TNRC6B	3	0.0652	0.7017
LMNA	TNRC6B	3	0.0003	0.8465
MAPRE3	TNRC6B	3	0.0037	0.8175
KRT8	TNRC6C	3	0.6667	0.0721
ACTB	TNS1	3	0.0150	0.7715
KRT8	TNS1	3	0.0028	0.8224
ACTB	TNS2	3	0.0007	0.8404
KRT8	TNS2	3	0.0278	0.7433
LMNA	TNS2	3	0.0001	0.8514
MAPRE3	TNS2	3	0.0006	0.8417
ACTB	TNS3	3	0.3503	0.3616
CTNNA1	TNS3	3	0.1967	0.6112
KRT8	TNS3	3	0.3725	0.3199
LMNA	TNS3	3	0.1835	0.6191
MAPRE3	TNS3	3	0.2453	0.5874
ACTB	TNS4	3	0.0128	0.7786
CTNNA1	TNS4	3	0.0005	0.8431
KRT8	TNS4	3	0.4763	0.2189
LMNA	TNS4	3	0.0014	0.8335
MAPRE3	TNS4	3	0.0013	0.8344
ACTB	TOB1	3	0.0024	0.8252
KRT8	TOB1	3	0.0130	0.7779
MAPRE3	TOB1	3	0.0016	0.8315
ACTB	TOB2	3	0.0090	0.7935
KRT8	TOB2	3	0.0056	0.8082
MAPRE3	TOB2	3	0.0019	0.8289
ACTB	TOE1	3	0.0026	0.8238
CTNNA1	TOE1	3	0.0000	0.8553
KRT8	TOE1	3	0.0044	0.8141
LMNA	TOE1	3	0.0060	0.8062
MAPRE3	TOE1	3	0.0001	0.8514
KRT8	TOGARAM1	3	0.3333	0.4096
MAPRE3	TOGARAM1	3	0.6667	0.0721
CTNNA1	TOGARAM2	3	0.3333	0.4096
KRT8	TOGARAM2	3	0.3333	0.4096
ACTB	TOM1	3	0.0219	0.7543
KRT8	TOM1	3	0.0284	0.7420
LMNA	TOM1	3	0.0001	0.8514
ACTB	TOM1L1	3	0.1267	0.6541
KRT8	TOM1L1	3	0.2448	0.5877
LMNA	TOM1L1	3	0.0623	0.7045
MAPRE3	TOM1L1	3	0.0074	0.8000
ACTB	TOMM20	3	0.0059	0.8068
KRT8	TOMM20	3	0.0142	0.7739
ACTB	TOMM34	3	0.0293	0.7406
CTNNA1	TOMM34	3	0.0002	0.8487
KRT8	TOMM34	3	0.1778	0.6224
LMNA	TOMM34	3	0.0132	0.7771
MAPRE3	TOMM34	3	0.0021	0.8274
ACTB	TOMM40	3	0.1299	0.6524
CTNNA1	TOMM40	3	0.0203	0.7576
KRT8	TOMM40	3	0.2269	0.5962
LMNA	TOMM40	3	0.2613	0.5787
MAPRE3	TOMM40	3	0.0240	0.7503
ACTB	TOMM70	3	0.1067	0.6689
CTNNA1	TOMM70	3	0.0043	0.8145
KRT8	TOMM70	3	0.0052	0.8103
LMNA	TOMM70	3	0.0036	0.8180
KRT8	TONSL	3	0.0040	0.8161
LMNA	TONSL	3	0.1854	0.6181
MAPRE3	TONSL	3	0.0002	0.8487
ACTB	TOP1	3	0.1560	0.6357
CTNNA1	TOP1	3	0.0300	0.7394
KRT8	TOP1	3	0.1501	0.6393
LMNA	TOP1	3	0.1860	0.6175
MAPRE3	TOP1	3	0.0374	0.7291
ACTB	TOP1MT	3	0.3333	0.4096
ACTB	TOP2A	3	0.1462	0.6415
CTNNA1	TOP2A	3	0.0233	0.7516
KRT8	TOP2A	3	0.2342	0.5929
LMNA	TOP2A	3	0.2665	0.5763
MAPRE3	TOP2A	3	0.0739	0.6942
ACTB	TOP2B	3	0.1608	0.6329
CTNNA1	TOP2B	3	0.0205	0.7572
KRT8	TOP2B	3	0.2132	0.6031
LMNA	TOP2B	3	0.2571	0.5808
MAPRE3	TOP2B	3	0.0736	0.6946
LMNA	TOP3A	3	1.0000	0.0000
ACTB	TOP3B	3	0.0129	0.7782
CTNNA1	TOP3B	3	0.0004	0.8448
KRT8	TOP3B	3	0.0126	0.7792
LMNA	TOP3B	3	0.0012	0.8352
MAPRE3	TOP3B	3	0.0479	0.7174
LMNA	TOPAZ1	3	0.3333	0.4096
ACTB	TOPBP1	3	0.0013	0.8344
LMNA	TOPBP1	3	0.0243	0.7495
MAPRE3	TOPBP1	3	0.0016	0.8315
LMNA	TOPORS	3	1.0000	0.0000
ACTB	TOR1A	3	0.3333	0.4096
ACTB	TOR1AIP1	3	0.0405	0.7250
CTNNA1	TOR1AIP1	3	0.0079	0.7980
KRT8	TOR1AIP1	3	0.0572	0.7088
LMNA	TOR1AIP1	3	0.9983	0.0001
MAPRE3	TOR1AIP1	3	0.0213	0.7557
ACTB	TOR1AIP2	3	0.0603	0.7062
CTNNA1	TOR1AIP2	3	0.0180	0.7632
KRT8	TOR1AIP2	3	0.0147	0.7724
LMNA	TOR1AIP2	3	0.0852	0.6854
MAPRE3	TOR1AIP2	3	0.0197	0.7589
ACTB	TOR4A	3	0.0240	0.7503
KRT8	TOR4A	3	0.0372	0.7295
LMNA	TOR4A	3	0.3663	0.3314
KRT8	TOX	3	0.0041	0.8156
LMNA	TOX	3	0.0136	0.7758
LMNA	TOX2	3	0.3333	0.4096
ACTB	TOX4	3	0.0024	0.8252
KRT8	TOX4	3	0.0000	0.8553
LMNA	TOX4	3	0.0033	0.8195
MAPRE3	TOX4	3	0.0000	0.8553
ACTB	TP53BP1	3	0.1518	0.6382
CTNNA1	TP53BP1	3	0.0157	0.7695
KRT8	TP53BP1	3	0.1409	0.6448
LMNA	TP53BP1	3	0.2386	0.5910
MAPRE3	TP53BP1	3	0.0374	0.7291
ACTB	TP53BP2	3	0.1074	0.6685
CTNNA1	TP53BP2	3	0.0090	0.7935
KRT8	TP53BP2	3	0.1022	0.6718
LMNA	TP53BP2	3	0.0000	0.8553
MAPRE3	TP53BP2	3	0.0122	0.7807
KRT8	TP53RK	3	0.3333	0.4096
LMNA	TPCN1	3	0.3333	0.4096
ACTB	TPD52	3	0.0161	0.7684
CTNNA1	TPD52	3	0.0001	0.8514
KRT8	TPD52	3	0.0112	0.7849
LMNA	TPD52	3	0.0022	0.8268
MAPRE3	TPD52	3	0.0021	0.8274
ACTB	TPD52L1	3	0.0095	0.7913
CTNNA1	TPD52L1	3	0.0001	0.8514
KRT8	TPD52L1	3	0.0281	0.7426
LMNA	TPD52L1	3	0.0033	0.8195
MAPRE3	TPD52L1	3	0.0007	0.8404
ACTB	TPD52L2	3	0.2940	0.5638
CTNNA1	TPD52L2	3	0.0738	0.6944
KRT8	TPD52L2	3	0.3014	0.5595
LMNA	TPD52L2	3	0.1631	0.6314
MAPRE3	TPD52L2	3	0.1445	0.6426
ACTB	TPGS1	3	0.2059	0.6065
KRT8	TPGS1	3	0.4756	0.2191
MAPRE3	TPGS1	3	0.0041	0.8156
ACTB	TPGS2	3	0.0005	0.8431
KRT8	TPGS2	3	0.0052	0.8103
ACTB	TPH1	3	0.3333	0.4096
ACTB	TPI1	3	0.0493	0.7161
CTNNA1	TPI1	3	0.0028	0.8224
LMNA	TPI1	3	0.0679	0.6992
MAPRE3	TPI1	3	0.0036	0.8180
ACTB	TPM1	3	0.0205	0.7572
CTNNA1	TPM1	3	0.0092	0.7925
KRT8	TPM1	3	0.0199	0.7585
LMNA	TPM1	3	0.0064	0.8044
MAPRE3	TPM1	3	0.0039	0.8165
ACTB	TPM2	3	0.0745	0.6937
CTNNA1	TPM2	3	0.0079	0.7980
KRT8	TPM2	3	0.1171	0.6614
LMNA	TPM2	3	0.0086	0.7950
MAPRE3	TPM2	3	0.0044	0.8141
ACTB	TPM3	3	0.0378	0.7285
CTNNA1	TPM3	3	0.0096	0.7908
KRT8	TPM3	3	0.0370	0.7297
LMNA	TPM3	3	0.0122	0.7807
MAPRE3	TPM3	3	0.0043	0.8145
ACTB	TPM4	3	0.1384	0.6462
CTNNA1	TPM4	3	0.1003	0.6735
KRT8	TPM4	3	0.1102	0.6666
LMNA	TPM4	3	0.0843	0.6860
MAPRE3	TPM4	3	0.1234	0.6566
CTNNA1	TPMT	3	0.0218	0.7546
LMNA	TPO	3	0.3333	0.4096
ACTB	TPP2	3	0.0477	0.7176
CTNNA1	TPP2	3	0.0792	0.6905
KRT8	TPP2	3	0.1626	0.6318
LMNA	TPP2	3	0.0530	0.7123
MAPRE3	TPP2	3	0.0186	0.7616
ACTB	TPR	3	0.1749	0.6245
CTNNA1	TPR	3	0.0529	0.7124
KRT8	TPR	3	0.1664	0.6294
LMNA	TPR	3	0.3062	0.5571
MAPRE3	TPR	3	0.1376	0.6467
ACTB	TPRN	3	1.0000	0.0000
KRT8	TPRN	3	0.2260	0.5965
MAPRE3	TPRN	3	0.0031	0.8206
ACTB	TPT1	3	0.1700	0.6273
CTNNA1	TPT1	3	0.0644	0.7023
KRT8	TPT1	3	0.2599	0.5792
LMNA	TPT1	3	0.0764	0.6923
MAPRE3	TPT1	3	0.0088	0.7944
ACTB	TPX2	3	0.1210	0.6584
CTNNA1	TPX2	3	0.0515	0.7140
KRT8	TPX2	3	0.1235	0.6565
LMNA	TPX2	3	0.2904	0.5656
MAPRE3	TPX2	3	0.2024	0.6083
ACTB	TRA2A	3	0.1047	0.6699
CTNNA1	TRA2A	3	0.0084	0.7959
KRT8	TRA2A	3	0.0848	0.6856
LMNA	TRA2A	3	0.1842	0.6186
MAPRE3	TRA2A	3	0.0230	0.7521
ACTB	TRA2B	3	0.0320	0.7366
CTNNA1	TRA2B	3	0.0057	0.8078
KRT8	TRA2B	3	0.0338	0.7339
LMNA	TRA2B	3	0.0843	0.6860
MAPRE3	TRA2B	3	0.0075	0.7995
ACTB	TRABD	3	0.1039	0.6704
KRT8	TRABD	3	0.1003	0.6735
ACTB	TRAF2	3	0.0080	0.7976
CTNNA1	TRAF2	3	0.0854	0.6852
KRT8	TRAF2	3	0.2799	0.5704
MAPRE3	TRAF2	3	0.0536	0.7119
KRT8	TRAF3IP1	3	0.3333	0.4096
KRT8	TRAF3IP2	3	1.0000	0.0000
LMNA	TRAF3IP2	3	0.3333	0.4096
ACTB	TRAF4	3	0.3333	0.4096
ACTB	TRAF5	3	0.0060	0.8062
CTNNA1	TRAF5	3	0.0001	0.8514
KRT8	TRAF5	3	0.2553	0.5817
MAPRE3	TRAF5	3	0.0016	0.8315
ACTB	TRAF7	3	0.0086	0.7950
KRT8	TRAF7	3	0.8309	0.0193
MAPRE3	TRAF7	3	0.0003	0.8465
KRT8	TRAFD1	3	0.3333	0.4096
LMNA	TRAIP	3	1.0000	0.0000
MAPRE3	TRAIP	3	0.3333	0.4096
ACTB	TRAK1	3	0.6667	0.0721
KRT8	TRAK1	3	1.0000	0.0000
ACTB	TRAK2	3	0.0120	0.7815
KRT8	TRAK2	3	0.6784	0.0597
MAPRE3	TRAK2	3	0.0002	0.8487
LMNA	TRAM1	3	0.3333	0.4096
ACTB	TRANK1	3	0.0009	0.8382
KRT8	TRANK1	3	0.0111	0.7854
MAPRE3	TRANK1	3	0.0003	0.8465
ACTB	TRAP1	3	0.1573	0.6349
CTNNA1	TRAP1	3	0.0496	0.7157
KRT8	TRAP1	3	0.2039	0.6077
LMNA	TRAP1	3	0.1532	0.6374
MAPRE3	TRAP1	3	0.0628	0.7041
KRT8	TRAPPC1	3	0.3333	0.4096
ACTB	TRAPPC10	3	0.0076	0.7991
KRT8	TRAPPC10	3	0.0116	0.7833
LMNA	TRAPPC10	3	0.0000	0.8553
MAPRE3	TRAPPC10	3	0.0001	0.8514
ACTB	TRAPPC11	3	0.3333	0.4096
KRT8	TRAPPC11	3	0.3333	0.4096
ACTB	TRAPPC12	3	0.0064	0.8044
KRT8	TRAPPC12	3	0.0280	0.7430
KRT8	TRAPPC2;TRAPPC2B	3	1.0000	0.0000
LMNA	TRAPPC2L	3	0.3333	0.4096
ACTB	TRAPPC5	3	0.3333	0.4096
KRT8	TRAPPC5	3	0.3333	0.4096
ACTB	TRAPPC8	3	0.0114	0.7842
CTNNA1	TRAPPC8	3	0.0004	0.8448
KRT8	TRAPPC8	3	0.2002	0.6095
LMNA	TRAPPC8	3	0.0008	0.8393
MAPRE3	TRAPPC8	3	0.0026	0.8238
ACTB	TRAPPC9	3	0.0118	0.7826
CTNNA1	TRAPPC9	3	0.0001	0.8514
KRT8	TRAPPC9	3	0.0153	0.7706
LMNA	TRAPPC9	3	0.0004	0.8448
MAPRE3	TRAPPC9	3	0.0013	0.8344
KRT8	TRBV7-9	3	0.0126	0.7792
KRT8	TRDMT1	3	0.6667	0.0721
LMNA	TRDMT1	3	0.3333	0.4096
KRT8	TREML2	3	0.3333	0.4096
LMNA	TRERF1	3	0.0224	0.7534
MAPRE3	TRERF1	3	0.0003	0.8465
KRT8	TRIB2	3	0.0004	0.8448
ACTB	TRIL	3	0.3333	0.4096
ACTB	TRIM11	3	0.3245	0.5483
LMNA	TRIM11	3	0.0070	0.8017
LMNA	TRIM13	3	0.3333	0.4096
KRT8	TRIM14	3	0.6667	0.0721
ACTB	TRIM16	3	0.0071	0.8013
KRT8	TRIM16	3	0.0267	0.7449
LMNA	TRIM16	3	0.0010	0.8371
ACTB	TRIM16L	3	0.3333	0.4096
KRT8	TRIM21	3	0.7953	0.0244
LMNA	TRIM21	3	0.6667	0.0721
LMNA	TRIM22	3	0.6667	0.0721
ACTB	TRIM24	3	0.0001	0.8514
CTNNA1	TRIM24	3	0.0000	0.8553
KRT8	TRIM24	3	0.0002	0.8487
LMNA	TRIM24	3	0.0053	0.8097
MAPRE3	TRIM24	3	0.0001	0.8514
ACTB	TRIM25	3	0.2877	0.5666
CTNNA1	TRIM25	3	0.0492	0.7162
KRT8	TRIM25	3	0.3155	0.5523
LMNA	TRIM25	3	0.1547	0.6362
MAPRE3	TRIM25	3	0.2886	0.5663
ACTB	TRIM26	3	0.0090	0.7935
CTNNA1	TRIM26	3	0.0002	0.8487
KRT8	TRIM26	3	0.0370	0.7297
LMNA	TRIM26	3	0.0005	0.8431
MAPRE3	TRIM26	3	0.0006	0.8417
ACTB	TRIM27	3	0.0030	0.8212
KRT8	TRIM27	3	1.0000	0.0000
LMNA	TRIM27	3	0.0781	0.6911
ACTB	TRIM28	3	0.0726	0.6954
CTNNA1	TRIM28	3	0.0112	0.7849
KRT8	TRIM28	3	0.0419	0.7238
LMNA	TRIM28	3	0.2312	0.5940
MAPRE3	TRIM28	3	0.0356	0.7316
ACTB	TRIM3	3	0.3333	0.4096
KRT8	TRIM3	3	0.3388	0.3917
MAPRE3	TRIM3	3	0.9744	0.0012
KRT8	TRIM32	3	1.0000	0.0000
ACTB	TRIM33	3	0.0004	0.8448
KRT8	TRIM33	3	0.0000	0.8553
LMNA	TRIM33	3	0.0063	0.8048
MAPRE3	TRIM33	3	0.0001	0.8514
CTNNA1	TRIM34	3	0.3333	0.4096
LMNA	TRIM35	3	1.0000	0.0000
KRT8	TRIM36	3	0.2694	0.5750
MAPRE3	TRIM36	3	0.5292	0.1999
ACTB	TRIM37	3	0.0059	0.8068
CTNNA1	TRIM37	3	0.0000	0.8553
KRT8	TRIM37	3	0.8186	0.0214
LMNA	TRIM37	3	0.0058	0.8072
MAPRE3	TRIM37	3	0.0072	0.8009
LMNA	TRIM38	3	0.6667	0.0721
KRT8	TRIM41	3	0.3333	0.4096
ACTB	TRIM47	3	0.0222	0.7539
KRT8	TRIM47	3	0.0796	0.6901
ACTB	TRIM5	3	0.0155	0.7700
KRT8	TRIM5	3	0.6048	0.1785
LMNA	TRIM5	3	0.0006	0.8417
CTNNA1	TRIM54	3	0.0002	0.8487
KRT8	TRIM56	3	0.0507	0.7148
LMNA	TRIM56	3	0.0001	0.8514
MAPRE3	TRIM56	3	0.0028	0.8224
ACTB	TRIM58	3	0.3333	0.4096
KRT8	TRIM62	3	1.0000	0.0000
ACTB	TRIM65	3	0.0121	0.7811
CTNNA1	TRIM65	3	0.1269	0.6540
KRT8	TRIM65	3	0.8417	0.0180
LMNA	TRIM65	3	0.5374	0.1978
MAPRE3	TRIM65	3	0.1611	0.6326
LMNA	TRIM66	3	0.3333	0.4096
MAPRE3	TRIM69	3	0.3333	0.4096
MAPRE3	TRIM9	3	0.3333	0.4096
ACTB	TRIO	3	0.2362	0.5920
CTNNA1	TRIO	3	0.1221	0.6577
KRT8	TRIO	3	0.2899	0.5659
LMNA	TRIO	3	0.1127	0.6646
MAPRE3	TRIO	3	0.4463	0.2393
ACTB	TRIOBP	3	0.1942	0.6127
CTNNA1	TRIOBP	3	0.0038	0.8170
KRT8	TRIOBP	3	0.1217	0.6579
MAPRE3	TRIOBP	3	0.0136	0.7758
ACTB	TRIP10	3	0.0065	0.8039
CTNNA1	TRIP10	3	0.0001	0.8514
KRT8	TRIP10	3	0.0388	0.7270
LMNA	TRIP10	3	0.0006	0.8417
MAPRE3	TRIP10	3	0.0011	0.8360
ACTB	TRIP11	3	0.0074	0.8000
CTNNA1	TRIP11	3	0.0001	0.8514
KRT8	TRIP11	3	0.0104	0.7880
LMNA	TRIP11	3	0.0002	0.8487
MAPRE3	TRIP11	3	0.0005	0.8431
ACTB	TRIP12	3	0.3613	0.3407
CTNNA1	TRIP12	3	0.1206	0.6586
KRT8	TRIP12	3	0.3552	0.3520
LMNA	TRIP12	3	0.4080	0.2710
MAPRE3	TRIP12	3	0.3406	0.3855
ACTB	TRIP13	3	0.0649	0.7021
CTNNA1	TRIP13	3	0.0084	0.7959
KRT8	TRIP13	3	0.3523	0.3570
LMNA	TRIP13	3	0.0402	0.7253
MAPRE3	TRIP13	3	0.0161	0.7684
ACTB	TRIP4	3	0.0133	0.7767
CTNNA1	TRIP4	3	0.0008	0.8393
KRT8	TRIP4	3	0.0148	0.7721
LMNA	TRIP4	3	0.0001	0.8514
MAPRE3	TRIP4	3	0.0069	0.8021
ACTB	TRIP6	3	0.3468	0.3696
CTNNA1	TRIP6	3	0.1945	0.6125
KRT8	TRIP6	3	0.4071	0.2715
LMNA	TRIP6	3	0.1673	0.6287
MAPRE3	TRIP6	3	0.2363	0.5919
ACTB	TRIR	3	0.0006	0.8417
KRT8	TRIR	3	0.0007	0.8404
LMNA	TRIR	3	0.1751	0.6243
MAPRE3	TRIR	3	0.0008	0.8393
ACTB	TRIT1	3	0.0589	0.7073
CTNNA1	TRIT1	3	0.0132	0.7771
KRT8	TRIT1	3	0.1799	0.6212
LMNA	TRIT1	3	0.0746	0.6937
ACTB	TRMT1	3	0.0014	0.8335
KRT8	TRMT1	3	0.0057	0.8078
LMNA	TRMT1	3	0.0095	0.7913
ACTB	TRMT10C	3	0.3293	0.5457
CTNNA1	TRMT10C	3	0.0104	0.7880
KRT8	TRMT10C	3	0.9997	0.0000
LMNA	TRMT10C	3	0.2988	0.5611
ACTB	TRMT11	3	0.0087	0.7947
CTNNA1	TRMT11	3	0.0004	0.8448
KRT8	TRMT11	3	0.3203	0.5502
LMNA	TRMT11	3	0.0011	0.8360
MAPRE3	TRMT11	3	0.0009	0.8382
ACTB	TRMT112	3	0.2124	0.6035
CTNNA1	TRMT112	3	0.0173	0.7650
KRT8	TRMT112	3	0.4754	0.2194
LMNA	TRMT112	3	0.0579	0.7082
MAPRE3	TRMT112	3	0.0486	0.7167
KRT8	TRMT12	3	0.3333	0.4096
ACTB	TRMT1L	3	0.0013	0.8344
CTNNA1	TRMT1L	3	0.0000	0.8553
LMNA	TRMT1L	3	0.0100	0.7894
MAPRE3	TRMT1L	3	0.0000	0.8553
LMNA	TRMT2A	3	0.0003	0.8465
KRT8	TRMT2B	3	1.0000	0.0000
LMNA	TRMT2B	3	0.3333	0.4096
KRT8	TRMT44	3	0.3333	0.4096
LMNA	TRMT5	3	0.6667	0.0721
ACTB	TRMT6	3	0.0005	0.8431
CTNNA1	TRMT6	3	0.0000	0.8553
KRT8	TRMT6	3	0.0024	0.8252
LMNA	TRMT6	3	0.0054	0.8093
MAPRE3	TRMT6	3	0.0001	0.8514
KRT8	TRMU	3	0.3333	0.4096
CTNNA1	TRNT1	3	0.3333	0.4096
KRT8	TRNT1	3	0.6667	0.0721
LMNA	TRNT1	3	0.3181	0.5512
ACTB	TROAP	3	0.0069	0.8021
KRT8	TROAP	3	0.7652	0.0305
LMNA	TROAP	3	0.0018	0.8297
MAPRE3	TROAP	3	1.0000	0.0000
MAPRE3	TRPC4	3	0.3333	0.4096
KRT8	TRPC4AP	3	0.3333	0.4096
ACTB	TRPM1	3	0.3333	0.4096
LMNA	TRPM3	3	0.0018	0.8297
CTNNA1	TRPM4	3	0.3333	0.4096
LMNA	TRPM5	3	0.3333	0.4096
ACTB	TRPM7	3	0.0120	0.7815
KRT8	TRPM7	3	0.0100	0.7894
LMNA	TRPM7	3	0.0001	0.8514
MAPRE3	TRPM7	3	0.0007	0.8404
KRT8	TRPM8	3	0.3333	0.4096
ACTB	TRPS1	3	0.0006	0.8417
KRT8	TRPS1	3	0.0024	0.8252
LMNA	TRPS1	3	0.3513	0.3596
MAPRE3	TRPS1	3	0.0010	0.8371
ACTB	TRPT1	3	0.3333	0.4096
ACTB	TRPV3	3	0.0046	0.8132
KRT8	TRPV3	3	0.0020	0.8282
MAPRE3	TRPV4	3	0.3333	0.4096
ACTB	TRRAP	3	0.0048	0.8121
CTNNA1	TRRAP	3	0.0000	0.8553
KRT8	TRRAP	3	0.0458	0.7196
LMNA	TRRAP	3	0.0025	0.8246
MAPRE3	TRRAP	3	0.0003	0.8465
ACTB	TRUB1	3	0.2928	0.5642
ACTB	TRUB2	3	0.0000	0.8553
KRT8	TRUB2	3	0.0000	0.8553
ACTB	TRYP	3	0.0267	0.7449
CTNNA1	TRYP	3	0.0118	0.7826
KRT8	TRYP	3	0.0225	0.7530
LMNA	TRYP	3	0.0196	0.7592
MAPRE3	TRYP	3	0.0035	0.8185
ACTB	TSC1	3	0.0131	0.7774
CTNNA1	TSC1	3	0.0004	0.8448
KRT8	TSC1	3	0.0132	0.7771
LMNA	TSC1	3	0.0000	0.8553
MAPRE3	TSC1	3	0.0040	0.8161
ACTB	TSC2	3	0.0114	0.7842
CTNNA1	TSC2	3	0.0002	0.8487
KRT8	TSC2	3	0.0286	0.7416
LMNA	TSC2	3	0.0003	0.8465
MAPRE3	TSC2	3	0.0029	0.8218
ACTB	TSC22D1	3	0.0097	0.7904
KRT8	TSC22D1	3	0.0115	0.7837
LMNA	TSC22D1	3	0.0009	0.8382
MAPRE3	TSC22D1	3	0.0001	0.8514
ACTB	TSC22D4	3	0.1139	0.6639
CTNNA1	TSC22D4	3	0.0097	0.7904
KRT8	TSC22D4	3	0.1403	0.6452
LMNA	TSC22D4	3	0.0071	0.8013
MAPRE3	TSC22D4	3	0.0294	0.7404
ACTB	TSEN15	3	0.0033	0.8195
CTNNA1	TSEN15	3	0.0030	0.8212
KRT8	TSEN15	3	0.0032	0.8201
LMNA	TSEN15	3	0.0023	0.8260
MAPRE3	TSEN15	3	0.0000	0.8553
LMNA	TSEN2	3	0.1706	0.6269
LMNA	TSEN34	3	1.0000	0.0000
LMNA	TSEN54	3	0.3377	0.3955
ACTB	TSFM	3	0.0297	0.7398
CTNNA1	TSFM	3	0.0154	0.7704
KRT8	TSFM	3	0.0669	0.7001
LMNA	TSFM	3	0.0178	0.7637
MAPRE3	TSFM	3	0.0042	0.8151
ACTB	TSG101	3	0.1062	0.6690
CTNNA1	TSG101	3	0.0255	0.7474
KRT8	TSG101	3	0.1546	0.6364
LMNA	TSG101	3	0.0291	0.7409
MAPRE3	TSG101	3	0.0158	0.7691
LMNA	TSHZ1	3	0.0271	0.7443
LMNA	TSHZ2	3	0.3302	0.5452
ACTB	TSHZ3	3	0.3333	0.4096
ACTB	TSN	3	0.0160	0.7686
CTNNA1	TSN	3	0.0000	0.8553
KRT8	TSN	3	0.0125	0.7796
LMNA	TSN	3	0.0020	0.8282
MAPRE3	TSN	3	0.0010	0.8371
CTNNA1	TSPAN15	3	0.3333	0.4096
LMNA	TSPY1;TSPY10;TSPY2;TSPY3;TSPY4;TSPY8;TSPY9	3	0.0007	0.8404
ACTB	TSPYL1	3	0.0010	0.8371
CTNNA1	TSPYL1	3	0.0000	0.8553
KRT8	TSPYL1	3	0.0008	0.8393
LMNA	TSPYL1	3	0.0025	0.8246
MAPRE3	TSPYL1	3	0.0000	0.8553
ACTB	TSPYL2	3	0.3333	0.4096
KRT8	TSPYL2	3	0.3333	0.4096
LMNA	TSPYL2	3	1.0000	0.0000
MAPRE3	TSPYL4	3	0.3333	0.4096
ACTB	TSR1	3	0.0014	0.8335
CTNNA1	TSR1	3	0.0000	0.8553
KRT8	TSR1	3	0.0030	0.8212
LMNA	TSR1	3	0.0168	0.7664
MAPRE3	TSR1	3	0.0002	0.8487
KRT8	TSR2	3	0.3333	0.4096
LMNA	TSR2	3	0.3333	0.4096
LMNA	TSR3	3	0.0065	0.8039
LMNA	TSSC4	3	0.3333	0.4096
LMNA	TSTD1	3	0.3333	0.4096
ACTB	TSTD2	3	0.0119	0.7820
CTNNA1	TSTD2	3	0.0003	0.8465
KRT8	TSTD2	3	0.0240	0.7503
LMNA	TSTD2	3	0.0002	0.8487
MAPRE3	TSTD2	3	0.0020	0.8282
MAPRE3	TTBK1	3	0.3333	0.4096
KRT8	TTBK2	3	0.3381	0.3940
MAPRE3	TTBK2	3	0.8506	0.0155
ACTB	TTC1	3	0.2366	0.5917
CTNNA1	TTC1	3	0.0388	0.7270
KRT8	TTC1	3	0.3233	0.5489
LMNA	TTC1	3	0.0558	0.7102
MAPRE3	TTC1	3	0.1231	0.6570
ACTB	TTC12	3	0.3315	0.5445
KRT8	TTC12	3	0.0063	0.8048
MAPRE3	TTC13	3	0.3333	0.4096
KRT8	TTC14	3	0.0003	0.8465
LMNA	TTC14	3	0.0218	0.7546
MAPRE3	TTC17	3	1.0000	0.0000
KRT8	TTC21B	3	0.6667	0.0721
LMNA	TTC21B	3	0.3333	0.4096
MAPRE3	TTC21B	3	0.3333	0.4096
ACTB	TTC27	3	0.1872	0.6168
KRT8	TTC27	3	0.5140	0.2071
LMNA	TTC27	3	0.0097	0.7904
MAPRE3	TTC27	3	0.0000	0.8553
ACTB	TTC28	3	0.3495	0.3632
CTNNA1	TTC28	3	0.1543	0.6365
KRT8	TTC28	3	0.3861	0.3002
LMNA	TTC28	3	0.2133	0.6030
MAPRE3	TTC28	3	0.2864	0.5672
ACTB	TTC3	3	0.0066	0.8035
KRT8	TTC3	3	0.3109	0.5548
MAPRE3	TTC3	3	0.0009	0.8382
KRT8	TTC31	3	0.0001	0.8514
ACTB	TTC33	3	0.0002	0.8487
KRT8	TTC33	3	0.0002	0.8487
LMNA	TTC33	3	0.0116	0.7833
MAPRE3	TTC33	3	0.0001	0.8514
ACTB	TTC38	3	0.0375	0.7289
KRT8	TTC38	3	0.9997	0.0000
LMNA	TTC38	3	0.0038	0.8170
ACTB	TTC39C	3	0.0724	0.6955
KRT8	TTC39C	3	0.0268	0.7447
MAPRE3	TTC39C	3	0.0026	0.8238
ACTB	TTC4	3	0.2782	0.5712
CTNNA1	TTC4	3	0.0938	0.6787
KRT8	TTC4	3	0.3763	0.3136
LMNA	TTC4	3	0.2587	0.5799
MAPRE3	TTC4	3	0.2159	0.6014
CTNNA1	TTC41P	3	0.3333	0.4096
KRT8	TTC41P	3	0.3333	0.4096
ACTB	TTC7A	3	0.0019	0.8289
KRT8	TTC7A	3	0.2469	0.5862
MAPRE3	TTC7A	3	0.0002	0.8487
KRT8	TTC8	3	1.0000	0.0000
ACTB	TTC9C	3	0.0235	0.7512
CTNNA1	TTC9C	3	0.0002	0.8487
KRT8	TTC9C	3	0.1057	0.6694
LMNA	TTC9C	3	0.0129	0.7782
MAPRE3	TTC9C	3	0.0039	0.8165
ACTB	TTF2	3	0.0244	0.7493
CTNNA1	TTF2	3	0.0023	0.8260
KRT8	TTF2	3	0.0454	0.7200
LMNA	TTF2	3	0.0003	0.8465
MAPRE3	TTF2	3	0.0168	0.7664
ACTB	TTI1	3	0.0125	0.7796
CTNNA1	TTI1	3	0.0000	0.8553
KRT8	TTI1	3	0.0778	0.6912
LMNA	TTI1	3	0.0031	0.8206
MAPRE3	TTI1	3	0.0012	0.8352
ACTB	TTI2	3	0.0087	0.7947
KRT8	TTI2	3	0.0009	0.8382
ACTB	TTK	3	0.0116	0.7833
CTNNA1	TTK	3	0.0001	0.8514
KRT8	TTK	3	0.0378	0.7285
LMNA	TTK	3	0.0022	0.8268
MAPRE3	TTK	3	0.0035	0.8185
CTNNA1	TTLL1	3	0.3333	0.4096
ACTB	TTLL12	3	0.1017	0.6722
CTNNA1	TTLL12	3	0.0264	0.7456
KRT8	TTLL12	3	0.1479	0.6404
LMNA	TTLL12	3	0.0823	0.6882
MAPRE3	TTLL12	3	0.0234	0.7514
ACTB	TTLL4	3	0.3374	0.3968
KRT8	TTLL4	3	0.0178	0.7637
MAPRE3	TTLL4	3	0.0011	0.8360
ACTB	TTLL5	3	0.0050	0.8113
KRT8	TTLL5	3	0.5186	0.2042
MAPRE3	TTLL5	3	0.0125	0.7796
ACTB	TTLL7	3	0.3333	0.4096
MAPRE3	TTLL7	3	0.3333	0.4096
ACTB	TTN	3	0.0170	0.7658
CTNNA1	TTN	3	0.0463	0.7192
KRT8	TTN	3	0.1228	0.6571
LMNA	TTN	3	0.1395	0.6456
MAPRE3	TTN	3	0.0741	0.6940
KRT8	TTPAL	3	0.6667	0.0721
LMNA	TTPAL	3	0.3333	0.4096
ACTB	TTR	3	0.3333	0.4096
ACTB	TUBA1A	3	0.0124	0.7799
CTNNA1	TUBA1A	3	0.0005	0.8431
KRT8	TUBA1A	3	0.3470	0.3686
LMNA	TUBA1A	3	0.0055	0.8088
MAPRE3	TUBA1A	3	0.0014	0.8335
ACTB	TUBA1C	3	0.1265	0.6542
CTNNA1	TUBA1C	3	0.0131	0.7774
KRT8	TUBA1C	3	0.2547	0.5820
LMNA	TUBA1C	3	0.0888	0.6826
MAPRE3	TUBA1C	3	0.0379	0.7283
ACTB	TUBA1D	3	0.4717	0.2208
CTNNA1	TUBA1D	3	0.2190	0.5995
KRT8	TUBA1D	3	0.2241	0.5973
LMNA	TUBA1D	3	0.2442	0.5880
MAPRE3	TUBA1D	3	0.3014	0.5595
CTNNA1	TUBA3E	3	0.3333	0.4096
ACTB	TUBA4A	3	0.1706	0.6269
CTNNA1	TUBA4A	3	0.0282	0.7424
KRT8	TUBA4A	3	0.3012	0.5597
LMNA	TUBA4A	3	0.1163	0.6621
MAPRE3	TUBA4A	3	0.0551	0.7107
ACTB	TUBAL3	3	0.2444	0.5879
CTNNA1	TUBAL3	3	0.0317	0.7371
KRT8	TUBAL3	3	0.3684	0.3269
LMNA	TUBAL3	3	0.1325	0.6505
MAPRE3	TUBAL3	3	0.0870	0.6839
ACTB	TUBB2A	3	0.6036	0.1789
CTNNA1	TUBB2A	3	0.0115	0.7837
KRT8	TUBB2A	3	0.3245	0.5483
LMNA	TUBB2A	3	0.1808	0.6206
MAPRE3	TUBB2A	3	0.1327	0.6502
ACTB	TUBB3	3	0.1975	0.6110
CTNNA1	TUBB3	3	0.0194	0.7597
KRT8	TUBB3	3	0.2954	0.5631
LMNA	TUBB3	3	0.0818	0.6885
MAPRE3	TUBB3	3	0.0506	0.7149
ACTB	TUBB4B	3	0.1982	0.6105
CTNNA1	TUBB4B	3	0.0286	0.7416
KRT8	TUBB4B	3	0.3003	0.5600
LMNA	TUBB4B	3	0.1168	0.6617
MAPRE3	TUBB4B	3	0.0754	0.6930
ACTB	TUBB6	3	0.1928	0.6134
CTNNA1	TUBB6	3	0.0191	0.7603
KRT8	TUBB6	3	0.3098	0.5551
LMNA	TUBB6	3	0.1353	0.6482
MAPRE3	TUBB6	3	0.0595	0.7067
ACTB	TUBB;TUBB5	3	0.1791	0.6217
CTNNA1	TUBB;TUBB5	3	0.0166	0.7668
KRT8	TUBB;TUBB5	3	0.2856	0.5676
LMNA	TUBB;TUBB5	3	0.0843	0.6860
MAPRE3	TUBB;TUBB5	3	0.0310	0.7380
ACTB	TUBG1	3	0.0238	0.7507
CTNNA1	TUBG1	3	0.0003	0.8465
KRT8	TUBG1	3	0.0310	0.7380
LMNA	TUBG1	3	0.0164	0.7674
MAPRE3	TUBG1	3	0.0026	0.8238
ACTB	TUBGCP2	3	0.3398	0.3881
KRT8	TUBGCP2	3	0.0606	0.7060
LMNA	TUBGCP2	3	0.0000	0.8553
MAPRE3	TUBGCP2	3	0.0178	0.7637
ACTB	TUBGCP3	3	0.3180	0.5513
CTNNA1	TUBGCP3	3	0.1226	0.6573
KRT8	TUBGCP3	3	0.4175	0.2601
LMNA	TUBGCP3	3	0.2082	0.6051
MAPRE3	TUBGCP3	3	0.2653	0.5769
ACTB	TUBGCP4	3	0.0070	0.8017
KRT8	TUBGCP4	3	0.5865	0.1834
LMNA	TUBGCP4	3	0.0025	0.8246
MAPRE3	TUBGCP4	3	0.0009	0.8382
ACTB	TUBGCP5	3	0.3005	0.5600
KRT8	TUBGCP5	3	0.5985	0.1799
LMNA	TUBGCP5	3	0.1172	0.6613
ACTB	TUBGCP6	3	0.0082	0.7969
KRT8	TUBGCP6	3	0.3027	0.5589
ACTB	TUFM	3	0.0972	0.6757
CTNNA1	TUFM	3	0.0115	0.7837
KRT8	TUFM	3	0.1023	0.6717
LMNA	TUFM	3	0.0374	0.7291
MAPRE3	TUFM	3	0.0128	0.7786
ACTB	TUFT1	3	0.0089	0.7939
CTNNA1	TUFT1	3	0.0015	0.8325
KRT8	TUFT1	3	0.0471	0.7182
LMNA	TUFT1	3	0.0016	0.8315
MAPRE3	TUFT1	3	0.0001	0.8514
ACTB	TULP4	3	0.0043	0.8145
KRT8	TULP4	3	0.6618	0.1640
ACTB	TUSC2	3	0.3333	0.4096
KRT8	TUSC2	3	0.6667	0.0721
MAPRE3	TUSC2	3	0.3333	0.4096
ACTB	TUT1	3	0.3333	0.4096
LMNA	TUT1	3	0.3333	0.4096
ACTB	TUT4	3	0.0103	0.7884
KRT8	TUT4	3	0.0040	0.8161
MAPRE3	TUT4	3	0.0024	0.8252
ACTB	TUT7	3	0.0092	0.7925
CTNNA1	TUT7	3	0.0003	0.8465
KRT8	TUT7	3	0.0180	0.7632
LMNA	TUT7	3	0.0008	0.8393
MAPRE3	TUT7	3	0.0110	0.7857
ACTB	TWF1	3	0.0788	0.6908
CTNNA1	TWF1	3	0.0011	0.8360
KRT8	TWF1	3	0.6617	0.1644
LMNA	TWF1	3	0.0054	0.8093
MAPRE3	TWF1	3	0.0055	0.8088
ACTB	TWF2	3	0.3368	0.3985
CTNNA1	TWF2	3	0.0876	0.6835
KRT8	TWF2	3	0.2924	0.5643
LMNA	TWF2	3	0.2163	0.6013
MAPRE3	TWF2	3	0.2203	0.5990
KRT8	TWNK	3	0.3395	0.3893
KRT8	TXK	3	0.3333	0.4096
ACTB	TXLNA	3	0.1320	0.6510
CTNNA1	TXLNA	3	0.0446	0.7208
KRT8	TXLNA	3	0.1192	0.6595
LMNA	TXLNA	3	0.0307	0.7384
MAPRE3	TXLNA	3	0.0531	0.7122
ACTB	TXLNG	3	0.1903	0.6148
CTNNA1	TXLNG	3	0.0295	0.7402
KRT8	TXLNG	3	0.2213	0.5985
LMNA	TXLNG	3	0.0384	0.7275
MAPRE3	TXLNG	3	0.0842	0.6861
ACTB	TXN	3	0.0522	0.7131
CTNNA1	TXN	3	0.0115	0.7837
KRT8	TXN	3	0.0435	0.7223
LMNA	TXN	3	0.0290	0.7410
MAPRE3	TXN	3	0.0101	0.7890
ACTB	TXNDC12	3	0.0463	0.7192
CTNNA1	TXNDC12	3	0.0162	0.7681
KRT8	TXNDC12	3	0.0590	0.7071
LMNA	TXNDC12	3	0.0589	0.7073
MAPRE3	TXNDC12	3	0.0135	0.7761
ACTB	TXNDC16	3	0.3333	0.4096
ACTB	TXNDC5	3	0.0343	0.7334
CTNNA1	TXNDC5	3	0.0089	0.7939
KRT8	TXNDC5	3	0.0151	0.7711
LMNA	TXNDC5	3	0.0121	0.7811
MAPRE3	TXNDC5	3	0.0032	0.8201
ACTB	TXNDC9	3	0.0126	0.7792
CTNNA1	TXNDC9	3	0.0000	0.8553
KRT8	TXNDC9	3	0.0013	0.8344
LMNA	TXNDC9	3	0.0076	0.7991
MAPRE3	TXNDC9	3	0.0008	0.8393
ACTB	TXNIP	3	0.0017	0.8305
KRT8	TXNIP	3	0.0077	0.7987
LMNA	TXNIP	3	0.0012	0.8352
MAPRE3	TXNIP	3	0.0000	0.8553
ACTB	TXNL1	3	0.2635	0.5777
CTNNA1	TXNL1	3	0.0067	0.8030
KRT8	TXNL1	3	0.1891	0.6156
LMNA	TXNL1	3	0.0938	0.6787
MAPRE3	TXNL1	3	0.0165	0.7670
ACTB	TXNRD1	3	0.2495	0.5847
CTNNA1	TXNRD1	3	0.0213	0.7557
KRT8	TXNRD1	3	0.2329	0.5934
LMNA	TXNRD1	3	0.1245	0.6558
MAPRE3	TXNRD1	3	0.0285	0.7418
KRT8	TYK2	3	0.1693	0.6276
MAPRE3	TYMP	3	0.3333	0.4096
ACTB	TYMS	3	0.2010	0.6090
CTNNA1	TYMS	3	0.0425	0.7233
KRT8	TYMS	3	0.2603	0.5789
LMNA	TYMS	3	0.2848	0.5682
MAPRE3	TYMS	3	0.0694	0.6978
ACTB	TYW1;TYW1B	3	0.0018	0.8297
KRT8	TYW1;TYW1B	3	0.0060	0.8062
LMNA	TYW1;TYW1B	3	0.0385	0.7274
KRT8	TYW3	3	0.3333	0.4096
LMNA	U2AF1	3	0.3320	0.5442
ACTB	U2AF2	3	0.1410	0.6447
CTNNA1	U2AF2	3	0.0218	0.7546
KRT8	U2AF2	3	0.1243	0.6560
LMNA	U2AF2	3	0.2648	0.5771
MAPRE3	U2AF2	3	0.0677	0.6994
ACTB	U2SURP	3	0.3078	0.5561
CTNNA1	U2SURP	3	0.1247	0.6557
KRT8	U2SURP	3	0.2966	0.5623
LMNA	U2SURP	3	0.3576	0.3487
MAPRE3	U2SURP	3	0.2801	0.5704
ACTB	UACA	3	0.0305	0.7387
CTNNA1	UACA	3	0.0025	0.8246
KRT8	UACA	3	0.0089	0.7939
MAPRE3	UACA	3	0.0030	0.8212
ACTB	UAP1	3	0.2077	0.6055
CTNNA1	UAP1	3	0.1002	0.6736
KRT8	UAP1	3	0.2689	0.5753
LMNA	UAP1	3	0.2237	0.5974
MAPRE3	UAP1	3	0.0985	0.6746
ACTB	UBA1	3	0.0261	0.7463
CTNNA1	UBA1	3	0.0104	0.7880
KRT8	UBA1	3	0.0538	0.7117
LMNA	UBA1	3	0.0144	0.7732
MAPRE3	UBA1	3	0.0031	0.8206
LMNA	UBA2	3	0.0017	0.8305
CTNNA1	UBA3	3	0.0000	0.8553
LMNA	UBA3	3	0.0000	0.8553
ACTB	UBA6	3	0.0846	0.6858
CTNNA1	UBA6	3	0.0210	0.7563
KRT8	UBA6	3	0.1453	0.6421
LMNA	UBA6	3	0.0437	0.7219
MAPRE3	UBA6	3	0.0146	0.7726
ACTB	UBAC1	3	0.0103	0.7884
KRT8	UBAC1	3	0.0205	0.7572
LMNA	UBAC1	3	0.0008	0.8393
MAPRE3	UBAC1	3	0.0001	0.8514
ACTB	UBAC2	3	0.0496	0.7157
KRT8	UBAC2	3	0.8126	0.0221
LMNA	UBAC2	3	0.2332	0.5933
MAPRE3	UBAC2	3	0.0355	0.7317
ACTB	UBAP1	3	0.0135	0.7761
CTNNA1	UBAP1	3	0.0005	0.8431
KRT8	UBAP1	3	0.0564	0.7098
LMNA	UBAP1	3	0.0011	0.8360
MAPRE3	UBAP1	3	0.0016	0.8315
ACTB	UBAP2	3	0.2764	0.5719
CTNNA1	UBAP2	3	0.0923	0.6796
KRT8	UBAP2	3	0.3016	0.5594
LMNA	UBAP2	3	0.0941	0.6784
MAPRE3	UBAP2	3	0.2397	0.5904
ACTB	UBAP2L	3	0.2779	0.5713
CTNNA1	UBAP2L	3	0.1025	0.6715
KRT8	UBAP2L	3	0.3172	0.5515
LMNA	UBAP2L	3	0.1148	0.6632
MAPRE3	UBAP2L	3	0.2558	0.5813
ACTB	UBE2A	3	0.0712	0.6963
CTNNA1	UBE2A	3	0.1015	0.6725
LMNA	UBE2A	3	0.0513	0.7141
ACTB	UBE2C	3	0.0128	0.7786
KRT8	UBE2C	3	0.0188	0.7610
LMNA	UBE2C	3	0.0004	0.8448
MAPRE3	UBE2C	3	0.0004	0.8448
KRT8	UBE2D1;UBE2D4	3	0.6667	0.0721
LMNA	UBE2D1;UBE2D4	3	0.3333	0.4096
ACTB	UBE2D2;UBE2D3	3	0.0630	0.7038
CTNNA1	UBE2D2;UBE2D3	3	0.0136	0.7758
KRT8	UBE2D2;UBE2D3	3	0.1409	0.6448
LMNA	UBE2D2;UBE2D3	3	0.0983	0.6747
MAPRE3	UBE2D2;UBE2D3	3	0.0282	0.7424
ACTB	UBE2E1;UBE2E2;UBE2E3	3	0.0584	0.7078
CTNNA1	UBE2E1;UBE2E2;UBE2E3	3	0.0106	0.7871
KRT8	UBE2E1;UBE2E2;UBE2E3	3	0.2112	0.6040
LMNA	UBE2E1;UBE2E2;UBE2E3	3	0.2144	0.6023
MAPRE3	UBE2E1;UBE2E2;UBE2E3	3	0.0275	0.7437
ACTB	UBE2H	3	0.0223	0.7537
CTNNA1	UBE2H	3	0.0094	0.7917
KRT8	UBE2H	3	0.0236	0.7511
LMNA	UBE2H	3	0.0267	0.7449
MAPRE3	UBE2H	3	0.0087	0.7947
ACTB	UBE2I	3	0.1048	0.6698
CTNNA1	UBE2I	3	0.0139	0.7747
KRT8	UBE2I	3	0.1795	0.6214
LMNA	UBE2I	3	0.0086	0.7950
MAPRE3	UBE2I	3	0.0080	0.7976
ACTB	UBE2J1	3	0.3333	0.4096
KRT8	UBE2J1	3	0.3333	0.4096
ACTB	UBE2L3	3	0.0626	0.7042
CTNNA1	UBE2L3	3	0.0035	0.8185
KRT8	UBE2L3	3	0.0361	0.7310
LMNA	UBE2L3	3	0.0406	0.7250
MAPRE3	UBE2L3	3	0.0009	0.8382
ACTB	UBE2M	3	0.1868	0.6170
CTNNA1	UBE2M	3	0.0207	0.7568
KRT8	UBE2M	3	0.1976	0.6109
LMNA	UBE2M	3	0.1266	0.6542
MAPRE3	UBE2M	3	0.0327	0.7356
ACTB	UBE2N	3	0.6667	0.0721
KRT8	UBE2N	3	0.3333	0.4096
ACTB	UBE2O	3	0.2624	0.5781
CTNNA1	UBE2O	3	0.0834	0.6871
KRT8	UBE2O	3	0.2963	0.5625
LMNA	UBE2O	3	0.0101	0.7890
MAPRE3	UBE2O	3	0.0644	0.7023
ACTB	UBE2Q1	3	0.0119	0.7820
KRT8	UBE2Q1	3	0.1940	0.6128
LMNA	UBE2Q1	3	0.0992	0.6742
LMNA	UBE2QL1	3	0.3333	0.4096
MAPRE3	UBE2R2	3	0.3333	0.4096
ACTB	UBE2T	3	0.1355	0.6481
KRT8	UBE2T	3	0.1904	0.6148
LMNA	UBE2T	3	0.3504	0.3612
MAPRE3	UBE2T	3	0.0981	0.6750
ACTB	UBE2V1	3	0.1191	0.6596
CTNNA1	UBE2V1	3	0.0069	0.8021
KRT8	UBE2V1	3	0.1679	0.6283
LMNA	UBE2V1	3	0.0546	0.7111
MAPRE3	UBE2V1	3	0.0089	0.7939
KRT8	UBE2W	3	0.0025	0.8246
ACTB	UBE3A	3	0.3333	0.4096
LMNA	UBE3B	3	0.0001	0.8514
ACTB	UBE3C	3	0.0034	0.8190
KRT8	UBE3C	3	0.1710	0.6267
LMNA	UBE3C	3	0.0095	0.7913
MAPRE3	UBE3C	3	0.0019	0.8289
KRT8	UBE3D	3	0.3333	0.4096
ACTB	UBE4A	3	0.0004	0.8448
KRT8	UBE4A	3	0.0004	0.8448
LMNA	UBE4A	3	0.0000	0.8553
ACTB	UBE4B	3	0.2546	0.5822
KRT8	UBE4B	3	0.1952	0.6119
LMNA	UBE4B	3	0.0634	0.7032
ACTB	UBFD1	3	0.0324	0.7360
CTNNA1	UBFD1	3	0.0060	0.8062
KRT8	UBFD1	3	0.0816	0.6887
LMNA	UBFD1	3	0.0178	0.7637
MAPRE3	UBFD1	3	0.0012	0.8352
ACTB	UBIAD1	3	0.0008	0.8393
KRT8	UBIAD1	3	0.0035	0.8185
ACTB	UBL4A	3	0.0086	0.7950
CTNNA1	UBL4A	3	0.0000	0.8553
KRT8	UBL4A	3	0.0013	0.8344
LMNA	UBL4A	3	0.0002	0.8487
MAPRE3	UBL4A	3	0.0002	0.8487
KRT8	UBL7	3	0.3333	0.4096
ACTB	UBLCP1	3	0.0014	0.8335
KRT8	UBLCP1	3	0.0041	0.8156
LMNA	UBLCP1	3	0.3348	0.4049
MAPRE3	UBLCP1	3	0.0002	0.8487
LMNA	UBN1	3	0.0026	0.8238
MAPRE3	UBN1	3	0.0002	0.8487
LMNA	UBN2	3	0.3403	0.3863
MAPRE3	UBN2	3	0.0056	0.8082
LMNA	UBOX5	3	0.3333	0.4096
ACTB	UBP1	3	0.0067	0.8030
CTNNA1	UBP1	3	0.0000	0.8553
KRT8	UBP1	3	0.0032	0.8201
MAPRE3	UBP1	3	0.0004	0.8448
KRT8	UBQLN1	3	0.3333	0.4096
ACTB	UBR1	3	0.0148	0.7721
CTNNA1	UBR1	3	0.0000	0.8553
KRT8	UBR1	3	0.0580	0.7081
LMNA	UBR1	3	0.0148	0.7721
MAPRE3	UBR1	3	0.0014	0.8335
ACTB	UBR3	3	0.0023	0.8260
KRT8	UBR3	3	0.0045	0.8137
LMNA	UBR3	3	0.0509	0.7146
ACTB	UBR4	3	0.3018	0.5593
CTNNA1	UBR4	3	0.1174	0.6612
KRT8	UBR4	3	0.5016	0.2101
LMNA	UBR4	3	0.2270	0.5961
MAPRE3	UBR4	3	0.2132	0.6031
ACTB	UBR5	3	0.0029	0.8218
KRT8	UBR5	3	0.0026	0.8238
LMNA	UBR5	3	0.2968	0.5622
MAPRE3	UBR5	3	0.0006	0.8417
LMNA	UBR7	3	0.1951	0.6120
LMNA	UBTD2	3	0.3333	0.4096
ACTB	UBTF	3	0.0015	0.8325
CTNNA1	UBTF	3	0.0001	0.8514
KRT8	UBTF	3	0.0007	0.8404
LMNA	UBTF	3	0.0106	0.7871
MAPRE3	UBTF	3	0.0005	0.8431
ACTB	UBXN1	3	0.1768	0.6233
CTNNA1	UBXN1	3	0.0080	0.7976
KRT8	UBXN1	3	0.1949	0.6121
LMNA	UBXN1	3	0.0140	0.7745
MAPRE3	UBXN1	3	0.0418	0.7239
ACTB	UBXN4	3	0.0037	0.8175
KRT8	UBXN4	3	0.0047	0.8127
LMNA	UBXN4	3	0.0167	0.7666
MAPRE3	UBXN4	3	0.0001	0.8514
ACTB	UBXN6	3	0.0002	0.8487
KRT8	UBXN6	3	0.0006	0.8417
LMNA	UBXN7	3	0.4235	0.2516
LMNA	UBXN8	3	0.6874	0.0533
ACTB	UCHL3	3	0.0046	0.8132
ACTB	UCHL5	3	0.1231	0.6570
CTNNA1	UCHL5	3	0.0243	0.7495
KRT8	UCHL5	3	0.1118	0.6652
LMNA	UCHL5	3	0.0394	0.7262
MAPRE3	UCHL5	3	0.0374	0.7291
ACTB	UCK2	3	0.0373	0.7293
KRT8	UCK2	3	0.0512	0.7143
LMNA	UCK2	3	0.0031	0.8206
KRT8	UCKL1	3	0.1780	0.6223
ACTB	UEVLD	3	0.0062	0.8053
KRT8	UEVLD	3	0.0073	0.8005
LMNA	UEVLD	3	0.0015	0.8325
MAPRE3	UEVLD	3	0.0002	0.8487
ACTB	UFC1	3	0.1312	0.6515
CTNNA1	UFC1	3	0.0292	0.7407
KRT8	UFC1	3	0.1474	0.6408
LMNA	UFC1	3	0.0574	0.7085
MAPRE3	UFC1	3	0.0168	0.7664
ACTB	UFD1	3	0.0060	0.8062
KRT8	UFD1	3	0.0338	0.7339
LMNA	UFD1	3	0.0058	0.8072
MAPRE3	UFD1	3	0.0003	0.8465
ACTB	UFL1	3	0.0262	0.7461
KRT8	UFL1	3	0.0976	0.6755
ACTB	UFM1	3	0.0507	0.7148
CTNNA1	UFM1	3	0.0217	0.7547
KRT8	UFM1	3	0.0381	0.7281
LMNA	UFM1	3	0.0207	0.7568
MAPRE3	UFM1	3	0.0094	0.7917
ACTB	UGDH	3	0.1353	0.6482
CTNNA1	UGDH	3	0.0327	0.7356
KRT8	UGDH	3	0.1755	0.6240
LMNA	UGDH	3	0.1409	0.6448
MAPRE3	UGDH	3	0.0695	0.6977
ACTB	UGGT1	3	0.9999	0.0000
KRT8	UGGT1	3	0.0023	0.8260
LMNA	UGGT1	3	0.1948	0.6122
KRT8	UGGT2	3	0.3333	0.4096
MAPRE3	UGGT2	3	0.3333	0.4096
ACTB	UGT3A1	3	0.3333	0.4096
LMNA	UGT8	3	0.6667	0.0721
ACTB	UHRF1	3	0.1095	0.6671
CTNNA1	UHRF1	3	0.0195	0.7594
KRT8	UHRF1	3	0.0619	0.7049
LMNA	UHRF1	3	0.1071	0.6687
MAPRE3	UHRF1	3	0.0129	0.7782
ACTB	UHRF2	3	0.0216	0.7550
CTNNA1	UHRF2	3	0.0007	0.8404
LMNA	UHRF2	3	0.1516	0.6383
MAPRE3	UHRF2	3	0.0154	0.7704
KRT8	UIMC1	3	0.0001	0.8514
LMNA	UIMC1	3	0.0583	0.7079
ACTB	ULK1	3	0.0164	0.7674
KRT8	ULK1	3	0.2980	0.5615
MAPRE3	ULK1	3	0.0007	0.8404
MAPRE3	ULK3	3	0.3333	0.4096
ACTB	UMOD	3	0.3333	0.4096
ACTB	UMPS	3	0.0528	0.7125
CTNNA1	UMPS	3	0.0248	0.7485
KRT8	UMPS	3	0.5386	0.1976
LMNA	UMPS	3	0.0300	0.7394
MAPRE3	UMPS	3	0.0052	0.8103
ACTB	UNC13B	3	0.0098	0.7900
CTNNA1	UNC13B	3	0.0002	0.8487
KRT8	UNC13B	3	0.1260	0.6546
LMNA	UNC13B	3	0.0017	0.8305
MAPRE3	UNC13B	3	0.0010	0.8371
ACTB	UNC13D	3	0.3294	0.5457
KRT8	UNC13D	3	0.0148	0.7721
MAPRE3	UNC13D	3	0.0953	0.6775
ACTB	UNC45A	3	0.3424	0.3801
CTNNA1	UNC45A	3	0.1355	0.6481
KRT8	UNC45A	3	0.4397	0.2430
LMNA	UNC45A	3	0.2175	0.6004
MAPRE3	UNC45A	3	0.2402	0.5901
ACTB	UNC45B	3	0.0034	0.8190
LMNA	UNC5A	3	0.3333	0.4096
MAPRE3	UNC5C	3	0.3333	0.4096
ACTB	UNC5D	3	0.3333	0.4096
MAPRE3	UNC80	3	0.0000	0.8553
ACTB	UNC93B1	3	0.0165	0.7670
CTNNA1	UNC93B1	3	0.1648	0.6306
KRT8	UNC93B1	3	0.2911	0.5651
LMNA	UNC93B1	3	0.2529	0.5830
MAPRE3	UNC93B1	3	0.0862	0.6846
ACTB	UNG	3	0.0017	0.8305
CTNNA1	UNG	3	0.0003	0.8465
KRT8	UNG	3	0.0063	0.8048
LMNA	UNG	3	0.1154	0.6627
MAPRE3	UNG	3	0.0017	0.8305
ACTB	UNK	3	0.0049	0.8116
CTNNA1	UNK	3	0.0001	0.8514
KRT8	UNK	3	0.1182	0.6603
MAPRE3	UNK	3	0.0000	0.8553
KRT8	UNKL	3	0.9989	0.0000
ACTB	UPF1	3	0.3278	0.5466
CTNNA1	UPF1	3	0.2102	0.6044
KRT8	UPF1	3	0.3451	0.3741
LMNA	UPF1	3	0.1366	0.6475
MAPRE3	UPF1	3	0.3149	0.5528
ACTB	UPF2	3	0.0263	0.7458
KRT8	UPF2	3	0.0841	0.6864
LMNA	UPF2	3	0.0000	0.8553
MAPRE3	UPF2	3	0.0052	0.8103
ACTB	UPF3B	3	0.2446	0.5878
CTNNA1	UPF3B	3	0.0485	0.7169
KRT8	UPF3B	3	0.2346	0.5929
LMNA	UPF3B	3	0.1806	0.6208
MAPRE3	UPF3B	3	0.2121	0.6037
ACTB	UPRT	3	0.0003	0.8465
KRT8	UPRT	3	0.0037	0.8175
KRT8	UQCC1	3	0.0080	0.7976
ACTB	UQCRC1	3	0.0526	0.7127
CTNNA1	UQCRC1	3	0.0119	0.7820
KRT8	UQCRC1	3	0.0193	0.7598
LMNA	UQCRC1	3	0.0329	0.7353
MAPRE3	UQCRC1	3	0.0053	0.8097
ACTB	UQCRC2	3	0.0566	0.7095
CTNNA1	UQCRC2	3	0.0143	0.7735
KRT8	UQCRC2	3	0.1603	0.6330
LMNA	UQCRC2	3	0.1097	0.6670
MAPRE3	UQCRC2	3	0.0381	0.7281
ACTB	UQCRFS1;UQCRFS1P1	3	0.0268	0.7447
CTNNA1	UQCRFS1;UQCRFS1P1	3	0.0350	0.7325
KRT8	UQCRFS1;UQCRFS1P1	3	0.0164	0.7674
LMNA	UQCRFS1;UQCRFS1P1	3	0.0436	0.7220
MAPRE3	UQCRFS1;UQCRFS1P1	3	0.0141	0.7742
ACTB	URB1	3	0.3473	0.3675
CTNNA1	URB1	3	0.0081	0.7973
KRT8	URB1	3	0.3968	0.2839
LMNA	URB1	3	0.3832	0.3046
MAPRE3	URB1	3	0.3143	0.5531
ACTB	URB2	3	0.0047	0.8127
KRT8	URB2	3	0.5036	0.2090
LMNA	URB2	3	0.0071	0.8013
MAPRE3	URB2	3	0.0025	0.8246
ACTB	URGCP	3	0.0255	0.7474
KRT8	URGCP	3	0.1762	0.6235
ACTB	URI1	3	0.0067	0.8030
KRT8	URI1	3	0.0093	0.7922
MAPRE3	URI1	3	0.0002	0.8487
ACTB	URM1	3	0.0069	0.8021
KRT8	URM1	3	0.2532	0.5828
LMNA	URM1	3	0.0055	0.8088
ACTB	UROC1	3	0.3333	0.4096
KRT8	UROC1	3	0.0062	0.8053
ACTB	USE1	3	0.0046	0.8132
KRT8	USE1	3	0.0031	0.8206
LMNA	USE1	3	0.4229	0.2532
ACTB	USO1	3	0.0099	0.7897
CTNNA1	USO1	3	0.0002	0.8487
KRT8	USO1	3	0.2417	0.5896
LMNA	USO1	3	0.0016	0.8315
MAPRE3	USO1	3	0.0016	0.8315
ACTB	USP1	3	0.0017	0.8305
KRT8	USP1	3	0.0028	0.8224
LMNA	USP1	3	0.0163	0.7678
MAPRE3	USP1	3	0.0006	0.8417
ACTB	USP10	3	0.0034	0.8190
CTNNA1	USP10	3	0.0000	0.8553
KRT8	USP10	3	0.0043	0.8145
LMNA	USP10	3	0.0003	0.8465
MAPRE3	USP10	3	0.0005	0.8431
ACTB	USP11	3	0.0086	0.7950
CTNNA1	USP11	3	0.0000	0.8553
KRT8	USP11	3	0.0366	0.7303
LMNA	USP11	3	0.0050	0.8113
MAPRE3	USP11	3	0.0002	0.8487
ACTB	USP12;USP46	3	0.6667	0.0721
KRT8	USP12;USP46	3	0.3333	0.4096
KRT8	USP13	3	0.0944	0.6781
LMNA	USP13	3	0.0349	0.7327
ACTB	USP14	3	0.2441	0.5880
CTNNA1	USP14	3	0.0277	0.7434
KRT8	USP14	3	0.2826	0.5690
LMNA	USP14	3	0.1037	0.6706
MAPRE3	USP14	3	0.0520	0.7132
ACTB	USP15	3	0.3094	0.5553
CTNNA1	USP15	3	0.1193	0.6595
KRT8	USP15	3	0.3753	0.3149
LMNA	USP15	3	0.3064	0.5570
MAPRE3	USP15	3	0.1903	0.6148
ACTB	USP16	3	0.0115	0.7837
CTNNA1	USP16	3	0.0020	0.8282
KRT8	USP16	3	0.0105	0.7876
MAPRE3	USP16	3	0.0062	0.8053
MAPRE3	USP18	3	0.0010	0.8371
ACTB	USP19	3	0.0203	0.7576
CTNNA1	USP19	3	0.0031	0.8206
KRT8	USP19	3	0.0776	0.6913
LMNA	USP19	3	0.1386	0.6461
MAPRE3	USP19	3	0.0073	0.8005
ACTB	USP20	3	0.0060	0.8062
KRT8	USP20	3	0.0032	0.8201
LMNA	USP20	3	0.0009	0.8382
MAPRE3	USP20	3	0.0003	0.8465
MAPRE3	USP21	3	0.3333	0.4096
ACTB	USP22	3	0.0013	0.8344
KRT8	USP22	3	0.0014	0.8335
LMNA	USP22	3	0.0193	0.7598
MAPRE3	USP22	3	0.0001	0.8514
ACTB	USP24	3	0.0361	0.7310
CTNNA1	USP24	3	0.0000	0.8553
KRT8	USP24	3	0.3859	0.3009
LMNA	USP24	3	0.0329	0.7353
MAPRE3	USP24	3	0.0042	0.8151
ACTB	USP25	3	0.0222	0.7539
KRT8	USP25	3	0.1529	0.6376
ACTB	USP26	3	0.3333	0.4096
ACTB	USP28	3	0.0080	0.7976
KRT8	USP28	3	0.3342	0.4065
LMNA	USP28	3	0.0102	0.7887
MAPRE3	USP28	3	0.0001	0.8514
KRT8	USP29	3	0.3333	0.4096
LMNA	USP3	3	0.0024	0.8252
CTNNA1	USP31	3	0.3333	0.4096
MAPRE3	USP31	3	1.0000	0.0000
ACTB	USP32	3	0.0043	0.8145
KRT8	USP32	3	0.0106	0.7871
LMNA	USP32	3	0.0001	0.8514
MAPRE3	USP32	3	0.0000	0.8553
ACTB	USP33	3	0.0023	0.8260
KRT8	USP33	3	0.0044	0.8141
LMNA	USP33	3	0.0136	0.7758
ACTB	USP34	3	0.2191	0.5994
CTNNA1	USP34	3	0.1013	0.6727
KRT8	USP34	3	0.2676	0.5758
LMNA	USP34	3	0.3249	0.5481
MAPRE3	USP34	3	0.1818	0.6201
LMNA	USP35	3	0.3333	0.4096
MAPRE3	USP35	3	0.2989	0.5610
ACTB	USP36	3	0.0002	0.8487
KRT8	USP36	3	0.0013	0.8344
LMNA	USP36	3	0.0008	0.8393
MAPRE3	USP36	3	0.0030	0.8212
LMNA	USP37	3	0.0539	0.7117
ACTB	USP4	3	0.0088	0.7944
CTNNA1	USP4	3	0.0003	0.8465
KRT8	USP4	3	0.0863	0.6845
LMNA	USP4	3	0.0095	0.7913
MAPRE3	USP4	3	0.0008	0.8393
KRT8	USP40	3	0.3333	0.4096
ACTB	USP42	3	0.0001	0.8514
KRT8	USP42	3	0.0000	0.8553
LMNA	USP42	3	0.0012	0.8352
MAPRE3	USP42	3	0.0000	0.8553
ACTB	USP47	3	0.2784	0.5711
CTNNA1	USP47	3	0.0905	0.6814
KRT8	USP47	3	0.2865	0.5671
LMNA	USP47	3	0.0989	0.6744
MAPRE3	USP47	3	0.2008	0.6092
ACTB	USP48	3	0.0016	0.8315
CTNNA1	USP48	3	0.0038	0.8170
KRT8	USP48	3	0.0393	0.7263
LMNA	USP48	3	0.0439	0.7217
MAPRE3	USP48	3	0.0300	0.7394
ACTB	USP5	3	0.0498	0.7156
CTNNA1	USP5	3	0.0157	0.7695
KRT8	USP5	3	0.0838	0.6866
LMNA	USP5	3	0.0795	0.6903
MAPRE3	USP5	3	0.0101	0.7890
ACTB	USP53	3	0.5684	0.1873
KRT8	USP53	3	0.3312	0.5447
MAPRE3	USP53	3	0.0005	0.8431
ACTB	USP54	3	0.3511	0.3601
CTNNA1	USP54	3	0.0071	0.8013
KRT8	USP54	3	1.0000	0.0000
MAPRE3	USP54	3	0.0054	0.8093
ACTB	USP6NL	3	0.3324	0.5437
KRT8	USP6NL	3	0.0059	0.8068
ACTB	USP7	3	0.1861	0.6174
CTNNA1	USP7	3	0.0657	0.7011
KRT8	USP7	3	0.1951	0.6120
LMNA	USP7	3	0.3483	0.3658
MAPRE3	USP7	3	0.1320	0.6510
ACTB	USP8	3	0.0124	0.7799
CTNNA1	USP8	3	0.0001	0.8514
KRT8	USP8	3	0.0211	0.7561
LMNA	USP8	3	0.0011	0.8360
MAPRE3	USP8	3	0.0023	0.8260
ACTB	USP9X	3	0.0094	0.7917
CTNNA1	USP9X	3	0.0003	0.8465
KRT8	USP9X	3	0.5093	0.2076
LMNA	USP9X	3	0.0149	0.7719
MAPRE3	USP9X	3	0.0024	0.8252
LMNA	USPL1	3	0.6667	0.0721
LMNA	UTF1	3	0.0647	0.7022
ACTB	UTP11	3	0.0054	0.8093
KRT8	UTP11	3	0.2381	0.5911
LMNA	UTP11	3	0.3602	0.3434
ACTB	UTP14A	3	0.0796	0.6901
CTNNA1	UTP14A	3	0.0113	0.7846
KRT8	UTP14A	3	0.0526	0.7127
LMNA	UTP14A	3	0.2547	0.5820
MAPRE3	UTP14A	3	0.1201	0.6590
ACTB	UTP15	3	0.2590	0.5797
CTNNA1	UTP15	3	0.0335	0.7343
KRT8	UTP15	3	0.4502	0.2347
LMNA	UTP15	3	0.0891	0.6825
MAPRE3	UTP15	3	0.1083	0.6676
ACTB	UTP18	3	0.0026	0.8238
CTNNA1	UTP18	3	0.0002	0.8487
KRT8	UTP18	3	0.0039	0.8165
LMNA	UTP18	3	0.0098	0.7900
MAPRE3	UTP18	3	0.0001	0.8514
ACTB	UTP20	3	0.0014	0.8335
CTNNA1	UTP20	3	0.0000	0.8553
KRT8	UTP20	3	0.0012	0.8352
LMNA	UTP20	3	0.0026	0.8238
MAPRE3	UTP20	3	0.0000	0.8553
ACTB	UTP25	3	0.0016	0.8315
KRT8	UTP25	3	0.0308	0.7382
LMNA	UTP25	3	0.0384	0.7275
MAPRE3	UTP25	3	0.0042	0.8151
LMNA	UTP3	3	0.0078	0.7983
ACTB	UTP4	3	0.1232	0.6568
CTNNA1	UTP4	3	0.0028	0.8224
LMNA	UTP4	3	0.0330	0.7351
MAPRE3	UTP4	3	0.0230	0.7521
ACTB	UTP6	3	0.2398	0.5903
KRT8	UTP6	3	0.6707	0.0674
LMNA	UTP6	3	0.7392	0.0376
ACTB	UTRN	3	0.3114	0.5545
CTNNA1	UTRN	3	0.1259	0.6547
KRT8	UTRN	3	0.2437	0.5882
LMNA	UTRN	3	0.0493	0.7161
MAPRE3	UTRN	3	0.0904	0.6816
ACTB	UTY	3	0.3333	0.4096
ACTB	UVRAG	3	0.0061	0.8057
KRT8	UVRAG	3	0.2499	0.5844
MAPRE3	UVRAG	3	0.3354	0.4033
LMNA	UVSSA	3	0.2915	0.5648
MAPRE3	UVSSA	3	0.0002	0.8487
KRT8	UXT	3	0.3333	0.4096
ACTB	VAC14	3	0.2424	0.5891
CTNNA1	VAC14	3	0.0312	0.7377
KRT8	VAC14	3	0.2825	0.5691
MAPRE3	VAC14	3	0.0052	0.8103
ACTB	VAMP3	3	0.0019	0.8289
CTNNA1	VAMP3	3	0.0001	0.8514
LMNA	VAMP3	3	0.0006	0.8417
ACTB	VAMP7	3	0.2744	0.5728
CTNNA1	VAMP7	3	0.0203	0.7576
KRT8	VAMP7	3	0.2440	0.5880
LMNA	VAMP7	3	0.1700	0.6273
MAPRE3	VAMP7	3	0.0574	0.7085
LMNA	VANGL1	3	0.0036	0.8180
ACTB	VAPA	3	0.2125	0.6034
CTNNA1	VAPA	3	0.0393	0.7263
KRT8	VAPA	3	0.2118	0.6038
LMNA	VAPA	3	0.2976	0.5618
MAPRE3	VAPA	3	0.0621	0.7047
ACTB	VAPB	3	0.1774	0.6227
CTNNA1	VAPB	3	0.0265	0.7454
KRT8	VAPB	3	0.1898	0.6153
LMNA	VAPB	3	0.3669	0.3297
MAPRE3	VAPB	3	0.0622	0.7046
ACTB	VARS1	3	0.2977	0.5617
CTNNA1	VARS1	3	0.0689	0.6983
KRT8	VARS1	3	0.2909	0.5652
LMNA	VARS1	3	0.1932	0.6131
MAPRE3	VARS1	3	0.1828	0.6197
CTNNA1	VASN	3	0.6667	0.0721
ACTB	VASP	3	0.4124	0.2645
CTNNA1	VASP	3	0.0941	0.6784
KRT8	VASP	3	0.2062	0.6063
LMNA	VASP	3	0.1438	0.6432
MAPRE3	VASP	3	0.0983	0.6747
ACTB	VAT1	3	0.0114	0.7842
CTNNA1	VAT1	3	0.0002	0.8487
KRT8	VAT1	3	0.0252	0.7480
LMNA	VAT1	3	0.0010	0.8371
MAPRE3	VAT1	3	0.0003	0.8465
ACTB	VAV2	3	0.0283	0.7422
CTNNA1	VAV2	3	0.0003	0.8465
KRT8	VAV2	3	0.1176	0.6610
MAPRE3	VAV2	3	0.0021	0.8274
ACTB	VBP1	3	0.2438	0.5881
CTNNA1	VBP1	3	0.0390	0.7268
KRT8	VBP1	3	0.2370	0.5915
LMNA	VBP1	3	0.0656	0.7013
MAPRE3	VBP1	3	0.0695	0.6977
ACTB	VCAN	3	0.3333	0.4096
ACTB	VCL	3	0.4845	0.2158
CTNNA1	VCL	3	0.2202	0.5990
KRT8	VCL	3	0.2090	0.6047
LMNA	VCL	3	0.0802	0.6898
MAPRE3	VCL	3	0.1178	0.6607
ACTB	VCP	3	0.0869	0.6840
CTNNA1	VCP	3	0.0002	0.8487
KRT8	VCP	3	0.0106	0.7871
LMNA	VCP	3	0.0098	0.7900
MAPRE3	VCP	3	0.0026	0.8238
ACTB	VCPIP1	3	0.0187	0.7613
CTNNA1	VCPIP1	3	0.0000	0.8553
KRT8	VCPIP1	3	0.0172	0.7653
LMNA	VCPIP1	3	0.0027	0.8233
MAPRE3	VCPIP1	3	0.0016	0.8315
ACTB	VDAC1	3	0.0731	0.6950
CTNNA1	VDAC1	3	0.0330	0.7351
KRT8	VDAC1	3	0.1677	0.6285
LMNA	VDAC1	3	0.1340	0.6492
MAPRE3	VDAC1	3	0.1052	0.6697
ACTB	VDAC2	3	0.2388	0.5909
CTNNA1	VDAC2	3	0.0330	0.7351
KRT8	VDAC2	3	0.2943	0.5635
LMNA	VDAC2	3	0.2300	0.5944
MAPRE3	VDAC2	3	0.1216	0.6580
ACTB	VDAC3	3	0.2472	0.5860
CTNNA1	VDAC3	3	0.0367	0.7301
KRT8	VDAC3	3	0.2768	0.5718
LMNA	VDAC3	3	0.2319	0.5938
MAPRE3	VDAC3	3	0.0798	0.6900
ACTB	VEZT	3	0.9810	0.0009
KRT8	VEZT	3	0.0148	0.7721
LMNA	VEZT	3	0.0006	0.8417
KRT8	VGLL1	3	0.3333	0.4096
LMNA	VGLL4	3	0.2427	0.5887
ACTB	VIL1	3	0.3333	0.4096
ACTB	VIM	3	0.2193	0.5994
CTNNA1	VIM	3	0.1179	0.6606
KRT8	VIM	3	0.4291	0.2482
LMNA	VIM	3	0.1117	0.6654
MAPRE3	VIM	3	0.1628	0.6317
ACTB	VIPAS39	3	0.0233	0.7516
KRT8	VIPAS39	3	0.2171	0.6006
LMNA	VIPAS39	3	0.0031	0.8206
MAPRE3	VIPAS39	3	0.0007	0.8404
ACTB	VIRMA	3	0.0001	0.8514
KRT8	VIRMA	3	0.0060	0.8062
LMNA	VIRMA	3	0.0014	0.8335
KRT8	VKORC1	3	0.3333	0.4096
ACTB	VKORC1L1	3	0.0037	0.8175
KRT8	VKORC1L1	3	0.0087	0.7947
LMNA	VKORC1L1	3	0.9999	0.0000
MAPRE3	VKORC1L1	3	0.0013	0.8344
LMNA	VMA21	3	1.0000	0.0000
ACTB	VMO1	3	0.3333	0.4096
ACTB	VNN1	3	0.3333	0.4096
KRT8	VNN1	3	0.3333	0.4096
ACTB	VPS11	3	0.1802	0.6210
KRT8	VPS11	3	0.5320	0.1994
MAPRE3	VPS11	3	0.1117	0.6654
ACTB	VPS13A	3	0.0047	0.8127
CTNNA1	VPS13A	3	0.0000	0.8553
KRT8	VPS13A	3	0.0106	0.7871
LMNA	VPS13A	3	0.0029	0.8218
MAPRE3	VPS13A	3	0.0003	0.8465
ACTB	VPS13B	3	0.0170	0.7658
KRT8	VPS13B	3	0.0165	0.7670
MAPRE3	VPS13B	3	0.0001	0.8514
ACTB	VPS13C	3	0.0114	0.7842
CTNNA1	VPS13C	3	0.0001	0.8514
KRT8	VPS13C	3	0.0634	0.7032
LMNA	VPS13C	3	0.0028	0.8224
MAPRE3	VPS13C	3	0.0018	0.8297
ACTB	VPS13D	3	0.2059	0.6065
KRT8	VPS13D	3	0.2349	0.5928
LMNA	VPS13D	3	0.0353	0.7320
MAPRE3	VPS13D	3	0.0170	0.7658
ACTB	VPS16	3	0.1723	0.6259
KRT8	VPS16	3	0.3544	0.3539
LMNA	VPS16	3	0.0635	0.7031
ACTB	VPS18	3	0.0185	0.7618
KRT8	VPS18	3	0.4465	0.2387
KRT8	VPS25	3	0.3333	0.4096
ACTB	VPS26A	3	0.2534	0.5826
CTNNA1	VPS26A	3	0.0086	0.7950
KRT8	VPS26A	3	0.3640	0.3356
LMNA	VPS26A	3	0.8064	0.0225
MAPRE3	VPS26A	3	0.0043	0.8145
ACTB	VPS26B	3	0.3333	0.4096
ACTB	VPS26C	3	0.0391	0.7267
KRT8	VPS26C	3	0.0877	0.6834
LMNA	VPS26C	3	0.0171	0.7655
MAPRE3	VPS26C	3	0.0019	0.8289
ACTB	VPS28	3	0.0005	0.8431
KRT8	VPS28	3	0.0068	0.8026
ACTB	VPS29	3	0.0768	0.6920
CTNNA1	VPS29	3	0.0048	0.8121
KRT8	VPS29	3	0.1716	0.6264
LMNA	VPS29	3	0.0043	0.8145
MAPRE3	VPS29	3	0.0071	0.8013
ACTB	VPS33A	3	0.0017	0.8305
CTNNA1	VPS33A	3	0.0073	0.8005
KRT8	VPS33A	3	0.0749	0.6933
LMNA	VPS33A	3	0.0354	0.7319
MAPRE3	VPS33A	3	0.0005	0.8431
ACTB	VPS33B	3	0.1496	0.6396
KRT8	VPS33B	3	0.1352	0.6483
LMNA	VPS33B	3	0.0151	0.7711
MAPRE3	VPS33B	3	0.0015	0.8325
ACTB	VPS35	3	0.0657	0.7011
CTNNA1	VPS35	3	0.0028	0.8224
KRT8	VPS35	3	0.2342	0.5929
LMNA	VPS35	3	0.0228	0.7526
MAPRE3	VPS35	3	0.0177	0.7640
ACTB	VPS35L	3	0.0103	0.7884
KRT8	VPS35L	3	0.1658	0.6297
LMNA	VPS35L	3	0.0097	0.7904
MAPRE3	VPS35L	3	0.0045	0.8137
ACTB	VPS37A	3	0.0121	0.7811
CTNNA1	VPS37A	3	0.0003	0.8465
KRT8	VPS37A	3	0.0335	0.7343
LMNA	VPS37A	3	0.0007	0.8404
MAPRE3	VPS37A	3	0.0017	0.8305
ACTB	VPS37B	3	0.0021	0.8274
KRT8	VPS37B	3	0.0018	0.8297
LMNA	VPS37B	3	0.0004	0.8448
ACTB	VPS39	3	0.0164	0.7674
CTNNA1	VPS39	3	0.0000	0.8553
KRT8	VPS39	3	0.0109	0.7861
LMNA	VPS39	3	0.0002	0.8487
MAPRE3	VPS39	3	0.0020	0.8282
KRT8	VPS41	3	0.3429	0.3786
ACTB	VPS45	3	0.0178	0.7637
KRT8	VPS45	3	0.0241	0.7500
LMNA	VPS45	3	0.0036	0.8180
MAPRE3	VPS45	3	0.0018	0.8297
CTNNA1	VPS4A	3	0.3333	0.4096
ACTB	VPS4B	3	0.0276	0.7435
KRT8	VPS4B	3	0.0106	0.7871
LMNA	VPS4B	3	0.0015	0.8325
MAPRE3	VPS4B	3	0.0003	0.8465
ACTB	VPS50	3	0.2495	0.5847
KRT8	VPS50	3	0.3424	0.3801
MAPRE3	VPS50	3	0.1268	0.6540
ACTB	VPS51	3	0.0123	0.7804
CTNNA1	VPS51	3	0.0007	0.8404
KRT8	VPS51	3	0.6850	0.0538
LMNA	VPS51	3	0.0038	0.8170
MAPRE3	VPS51	3	0.0029	0.8218
ACTB	VPS52	3	0.0071	0.8013
CTNNA1	VPS52	3	0.0001	0.8514
KRT8	VPS52	3	0.1470	0.6411
LMNA	VPS52	3	0.0091	0.7930
MAPRE3	VPS52	3	0.0017	0.8305
ACTB	VPS53	3	0.0395	0.7260
KRT8	VPS53	3	0.0341	0.7336
LMNA	VPS53	3	0.0002	0.8487
MAPRE3	VPS53	3	0.0008	0.8393
ACTB	VPS72	3	0.0024	0.8252
LMNA	VPS72	3	0.0020	0.8282
ACTB	VPS8	3	0.0057	0.8078
KRT8	VPS8	3	0.0265	0.7454
MAPRE3	VPS8	3	0.0004	0.8448
LMNA	VPS9D1	3	0.3333	0.4096
LMNA	VRK1	3	0.3333	0.4096
KRT8	VRK2	3	0.0041	0.8156
LMNA	VRK2	3	1.0000	0.0000
MAPRE3	VRK2	3	0.0036	0.8180
LMNA	VRK3	3	0.0058	0.8072
ACTB	VRTN	3	0.3333	0.4096
ACTB	VTA1	3	0.1086	0.6675
KRT8	VTA1	3	0.1581	0.6344
LMNA	VTA1	3	0.2257	0.5966
LMNA	VTI1B	3	0.6667	0.0721
ACTB	VTN	3	0.0408	0.7248
CTNNA1	VTN	3	0.0006	0.8417
KRT8	VTN	3	0.0109	0.7861
LMNA	VTN	3	0.0045	0.8137
MAPRE3	VTN	3	0.0049	0.8116
LMNA	VWA3B	3	0.3243	0.5484
ACTB	VWA5A	3	0.0000	0.8553
KRT8	VWA5A	3	0.0000	0.8553
MAPRE3	VWA5B1	3	0.3333	0.4096
ACTB	VWA8	3	0.0260	0.7465
KRT8	VWA8	3	0.6400	0.1721
LMNA	VWA8	3	0.3469	0.3691
MAPRE3	VWA8	3	0.0386	0.7273
ACTB	WAC	3	0.0003	0.8465
CTNNA1	WAC	3	0.0000	0.8553
KRT8	WAC	3	0.0006	0.8417
LMNA	WAC	3	0.0021	0.8274
ACTB	WAPL	3	0.1831	0.6194
CTNNA1	WAPL	3	0.0049	0.8116
KRT8	WAPL	3	0.1619	0.6322
LMNA	WAPL	3	0.2961	0.5626
MAPRE3	WAPL	3	0.1468	0.6412
ACTB	WARS1	3	0.2049	0.6071
CTNNA1	WARS1	3	0.0835	0.6869
KRT8	WARS1	3	0.4562	0.2311
LMNA	WARS1	3	0.0706	0.6967
MAPRE3	WARS1	3	0.1134	0.6642
ACTB	WASF1	3	0.1845	0.6185
KRT8	WASF1	3	0.0099	0.7897
MAPRE3	WASF1	3	0.0002	0.8487
ACTB	WASF2	3	0.1925	0.6135
CTNNA1	WASF2	3	0.0002	0.8487
KRT8	WASF2	3	0.0105	0.7876
LMNA	WASF2	3	0.0009	0.8382
MAPRE3	WASF2	3	0.0026	0.8238
ACTB	WASH2P;WASH3P	3	0.9999	0.0000
KRT8	WASH2P;WASH3P	3	0.3413	0.3838
ACTB	WASHC2A	3	0.1504	0.6389
CTNNA1	WASHC2A	3	0.0034	0.8190
KRT8	WASHC2A	3	0.0712	0.6963
LMNA	WASHC2A	3	0.0003	0.8465
MAPRE3	WASHC2A	3	0.0078	0.7983
ACTB	WASHC2C	3	0.3205	0.5501
CTNNA1	WASHC2C	3	0.1731	0.6256
KRT8	WASHC2C	3	0.2921	0.5645
LMNA	WASHC2C	3	0.1019	0.6720
MAPRE3	WASHC2C	3	0.2228	0.5979
ACTB	WASHC3	3	0.0005	0.8431
KRT8	WASHC3	3	0.0123	0.7804
ACTB	WASHC4	3	0.0165	0.7670
KRT8	WASHC4	3	0.4041	0.2755
LMNA	WASHC4	3	0.0031	0.8206
MAPRE3	WASHC4	3	0.0007	0.8404
ACTB	WASHC5	3	0.1912	0.6143
CTNNA1	WASHC5	3	0.0021	0.8274
KRT8	WASHC5	3	0.1165	0.6620
LMNA	WASHC5	3	0.0119	0.7820
MAPRE3	WASHC5	3	0.0090	0.7935
ACTB	WASL	3	0.5685	0.1871
CTNNA1	WASL	3	0.1017	0.6722
KRT8	WASL	3	0.2312	0.5940
LMNA	WASL	3	0.1134	0.6642
MAPRE3	WASL	3	0.1916	0.6140
ACTB	WBP11	3	0.0004	0.8448
KRT8	WBP11	3	0.0000	0.8553
LMNA	WBP11	3	0.0089	0.7939
MAPRE3	WBP11	3	0.0003	0.8465
LMNA	WBP4	3	1.0000	0.0000
ACTB	WDCP	3	0.0143	0.7735
CTNNA1	WDCP	3	0.0002	0.8487
KRT8	WDCP	3	0.4402	0.2425
LMNA	WDCP	3	0.0094	0.7917
MAPRE3	WDCP	3	0.0062	0.8053
ACTB	WDFY1	3	0.0102	0.7887
CTNNA1	WDFY1	3	0.0001	0.8514
KRT8	WDFY1	3	0.0278	0.7433
LMNA	WDFY1	3	0.0082	0.7969
MAPRE3	WDFY1	3	0.0013	0.8344
ACTB	WDFY3	3	0.0004	0.8448
KRT8	WDFY3	3	0.4000	0.2815
KRT8	WDFY4	3	0.3333	0.4096
ACTB	WDHD1	3	0.0025	0.8246
CTNNA1	WDHD1	3	0.0000	0.8553
KRT8	WDHD1	3	0.0007	0.8404
LMNA	WDHD1	3	0.0323	0.7361
MAPRE3	WDHD1	3	0.0016	0.8315
KRT8	WDPCP	3	0.3333	0.4096
LMNA	WDPCP	3	1.0000	0.0000
ACTB	WDR1	3	0.3250	0.5480
CTNNA1	WDR1	3	0.0678	0.6992
KRT8	WDR1	3	0.3166	0.5518
LMNA	WDR1	3	0.1441	0.6429
MAPRE3	WDR1	3	0.1080	0.6680
ACTB	WDR11	3	0.0202	0.7578
KRT8	WDR11	3	0.3235	0.5488
MAPRE3	WDR11	3	0.0010	0.8371
KRT8	WDR12	3	0.6667	0.0721
LMNA	WDR12	3	1.0000	0.0000
ACTB	WDR18	3	0.0105	0.7876
CTNNA1	WDR18	3	0.0089	0.7939
KRT8	WDR18	3	0.0502	0.7153
LMNA	WDR18	3	0.0175	0.7646
MAPRE3	WDR18	3	0.0066	0.8035
ACTB	WDR19	3	0.0794	0.6903
KRT8	WDR19	3	0.6149	0.1762
MAPRE3	WDR19	3	0.0012	0.8352
KRT8	WDR20	3	0.0009	0.8382
ACTB	WDR24	3	0.0089	0.7939
KRT8	WDR24	3	0.0353	0.7320
MAPRE3	WDR24	3	0.0002	0.8487
KRT8	WDR25	3	1.0000	0.0000
LMNA	WDR25	3	0.6667	0.0721
ACTB	WDR26	3	0.3504	0.3612
KRT8	WDR26	3	0.0448	0.7205
LMNA	WDR26	3	0.0308	0.7382
MAPRE3	WDR26	3	0.0081	0.7973
ACTB	WDR3	3	0.0920	0.6799
CTNNA1	WDR3	3	0.0260	0.7465
KRT8	WDR3	3	0.2325	0.5936
LMNA	WDR3	3	0.2789	0.5709
MAPRE3	WDR3	3	0.0631	0.7036
ACTB	WDR33	3	0.0003	0.8465
KRT8	WDR33	3	0.0000	0.8553
LMNA	WDR33	3	0.0013	0.8344
MAPRE3	WDR33	3	0.0001	0.8514
ACTB	WDR35	3	0.0134	0.7764
KRT8	WDR35	3	0.0333	0.7346
MAPRE3	WDR35	3	0.1945	0.6125
ACTB	WDR36	3	0.2283	0.5954
CTNNA1	WDR36	3	0.0514	0.7140
KRT8	WDR36	3	0.2200	0.5991
LMNA	WDR36	3	0.2790	0.5709
MAPRE3	WDR36	3	0.1401	0.6453
KRT8	WDR37	3	0.0039	0.8165
LMNA	WDR37	3	0.0002	0.8487
KRT8	WDR4	3	1.0000	0.0000
LMNA	WDR4	3	0.6003	0.1794
MAPRE3	WDR4	3	0.6468	0.1705
ACTB	WDR41	3	0.0409	0.7247
CTNNA1	WDR41	3	0.0005	0.8431
KRT8	WDR41	3	0.0813	0.6888
LMNA	WDR41	3	0.0130	0.7779
MAPRE3	WDR41	3	0.0001	0.8514
ACTB	WDR43	3	0.0525	0.7129
CTNNA1	WDR43	3	0.0053	0.8097
KRT8	WDR43	3	0.0671	0.6998
LMNA	WDR43	3	0.0554	0.7105
MAPRE3	WDR43	3	0.0056	0.8082
ACTB	WDR44	3	0.0250	0.7483
CTNNA1	WDR44	3	0.0000	0.8553
KRT8	WDR44	3	0.0155	0.7700
LMNA	WDR44	3	0.0001	0.8514
MAPRE3	WDR44	3	0.0049	0.8116
ACTB	WDR45	3	0.0396	0.7259
CTNNA1	WDR45	3	0.0000	0.8553
KRT8	WDR45	3	0.0402	0.7253
LMNA	WDR45	3	0.0010	0.8371
MAPRE3	WDR45	3	0.0022	0.8268
ACTB	WDR45B	3	0.2948	0.5633
CTNNA1	WDR45B	3	0.1273	0.6537
KRT8	WDR45B	3	0.2212	0.5986
LMNA	WDR45B	3	0.2676	0.5758
MAPRE3	WDR45B	3	0.0339	0.7338
ACTB	WDR46	3	0.0030	0.8212
KRT8	WDR46	3	0.0047	0.8127
LMNA	WDR46	3	0.0030	0.8212
MAPRE3	WDR46	3	0.0000	0.8553
ACTB	WDR47	3	0.0217	0.7547
KRT8	WDR47	3	0.5050	0.2087
LMNA	WDR47	3	0.0005	0.8431
MAPRE3	WDR47	3	0.0124	0.7799
ACTB	WDR48	3	0.2392	0.5906
KRT8	WDR48	3	0.1834	0.6192
LMNA	WDR48	3	0.2180	0.6001
ACTB	WDR5	3	0.0023	0.8260
KRT8	WDR5	3	0.0023	0.8260
LMNA	WDR5	3	0.0072	0.8009
MAPRE3	WDR5	3	0.0003	0.8465
ACTB	WDR55	3	0.2836	0.5685
KRT8	WDR55	3	0.0835	0.6869
LMNA	WDR55	3	0.3802	0.3090
MAPRE3	WDR55	3	0.0470	0.7183
ACTB	WDR59	3	0.0017	0.8305
KRT8	WDR59	3	0.0091	0.7930
LMNA	WDR59	3	0.0106	0.7871
MAPRE3	WDR59	3	0.0002	0.8487
CTNNA1	WDR5B	3	0.3333	0.4096
ACTB	WDR6	3	0.0073	0.8005
CTNNA1	WDR6	3	0.0001	0.8514
KRT8	WDR6	3	0.0252	0.7480
LMNA	WDR6	3	0.0028	0.8224
MAPRE3	WDR6	3	0.0010	0.8371
ACTB	WDR62	3	0.3392	0.3904
CTNNA1	WDR62	3	0.0012	0.8352
KRT8	WDR62	3	0.9894	0.0006
MAPRE3	WDR62	3	0.0072	0.8009
LMNA	WDR64	3	0.3333	0.4096
ACTB	WDR7	3	0.0335	0.7343
CTNNA1	WDR7	3	0.0001	0.8514
KRT8	WDR7	3	0.1385	0.6462
MAPRE3	WDR7	3	0.0138	0.7750
ACTB	WDR70	3	0.1802	0.6210
CTNNA1	WDR70	3	0.0870	0.6839
KRT8	WDR70	3	0.1763	0.6234
LMNA	WDR70	3	0.3725	0.3199
MAPRE3	WDR70	3	0.1668	0.6290
ACTB	WDR73	3	0.0151	0.7711
CTNNA1	WDR73	3	0.1314	0.6514
KRT8	WDR73	3	0.0281	0.7426
LMNA	WDR73	3	0.0381	0.7281
MAPRE3	WDR73	3	0.0027	0.8233
KRT8	WDR74	3	0.0205	0.7572
LMNA	WDR74	3	0.0055	0.8088
MAPRE3	WDR74	3	0.0000	0.8553
ACTB	WDR75	3	0.0303	0.7390
CTNNA1	WDR75	3	0.0047	0.8127
KRT8	WDR75	3	0.6755	0.0607
LMNA	WDR75	3	0.0347	0.7329
MAPRE3	WDR75	3	0.0120	0.7815
ACTB	WDR76	3	0.0747	0.6935
LMNA	WDR76	3	0.3027	0.5589
MAPRE3	WDR76	3	0.2273	0.5959
CTNNA1	WDR77	3	0.0047	0.8127
KRT8	WDR77	3	0.0520	0.7132
MAPRE3	WDR77	3	0.0017	0.8305
ACTB	WDR81	3	0.0117	0.7830
CTNNA1	WDR81	3	0.0003	0.8465
KRT8	WDR81	3	0.1457	0.6418
LMNA	WDR81	3	0.0004	0.8448
MAPRE3	WDR81	3	0.0058	0.8072
ACTB	WDR82	3	0.0000	0.8553
CTNNA1	WDR82	3	0.0031	0.8206
KRT8	WDR82	3	0.0001	0.8514
ACTB	WDR87	3	0.0233	0.7516
KRT8	WDR87	3	0.0025	0.8246
LMNA	WDR87	3	0.0009	0.8382
LMNA	WDR89	3	0.3333	0.4096
KRT8	WDR90	3	0.9992	0.0000
MAPRE3	WDR90	3	0.9949	0.0002
ACTB	WDR91	3	0.0051	0.8108
KRT8	WDR91	3	0.0096	0.7908
LMNA	WDR91	3	0.0000	0.8553
MAPRE3	WDR91	3	0.0001	0.8514
LMNA	WDSUB1	3	0.3333	0.4096
ACTB	WDTC1	3	0.1267	0.6541
LMNA	WEE1	3	0.6830	0.0548
MAPRE3	WEE1	3	0.0015	0.8325
ACTB	WHRN	3	0.3333	0.4096
ACTB	WIPF1	3	0.9972	0.0001
MAPRE3	WIPF1	3	0.0025	0.8246
ACTB	WIPF2	3	0.9738	0.0014
KRT8	WIPF2	3	0.0179	0.7634
MAPRE3	WIPF2	3	0.0069	0.8021
KRT8	WIPF3	3	0.3333	0.4096
ACTB	WIPI1	3	0.0012	0.8352
KRT8	WIPI1	3	0.0079	0.7980
ACTB	WIPI2	3	0.0174	0.7647
CTNNA1	WIPI2	3	0.0004	0.8448
KRT8	WIPI2	3	0.1721	0.6260
LMNA	WIPI2	3	0.0029	0.8218
MAPRE3	WIPI2	3	0.0019	0.8289
ACTB	WIZ	3	0.3289	0.5460
CTNNA1	WIZ	3	0.1870	0.6169
KRT8	WIZ	3	0.1150	0.6631
LMNA	WIZ	3	0.3596	0.3447
MAPRE3	WIZ	3	0.2835	0.5686
ACTB	WLS	3	0.0129	0.7782
CTNNA1	WLS	3	0.0016	0.8315
KRT8	WLS	3	0.0315	0.7374
LMNA	WLS	3	0.9232	0.0053
MAPRE3	WLS	3	0.0017	0.8305
ACTB	WNK1	3	0.3918	0.2910
CTNNA1	WNK1	3	0.2288	0.5950
KRT8	WNK1	3	0.3724	0.3203
LMNA	WNK1	3	0.2472	0.5860
MAPRE3	WNK1	3	0.3082	0.5559
ACTB	WNK2	3	0.0055	0.8088
KRT8	WNK2	3	0.0094	0.7917
MAPRE3	WNT1	3	0.3333	0.4096
ACTB	WRAP73	3	0.0199	0.7585
CTNNA1	WRAP73	3	0.0143	0.7735
KRT8	WRAP73	3	0.2424	0.5891
LMNA	WRAP73	3	0.0259	0.7466
MAPRE3	WRAP73	3	0.0323	0.7361
ACTB	WRN	3	0.0002	0.8487
KRT8	WRN	3	0.0015	0.8325
LMNA	WRN	3	0.1012	0.6729
MAPRE3	WRN	3	0.0113	0.7846
ACTB	WRNIP1	3	0.1689	0.6277
CTNNA1	WRNIP1	3	0.0154	0.7704
KRT8	WRNIP1	3	0.1630	0.6316
LMNA	WRNIP1	3	0.3945	0.2875
MAPRE3	WRNIP1	3	0.1306	0.6519
LMNA	WSCD1	3	0.3333	0.4096
KRT8	WTAP	3	0.3333	0.4096
LMNA	WTAP	3	0.6667	0.0721
ACTB	WWC1	3	0.0102	0.7887
CTNNA1	WWC1	3	0.0000	0.8553
KRT8	WWC1	3	0.3611	0.3412
MAPRE3	WWC1	3	0.0024	0.8252
ACTB	WWC2	3	0.0160	0.7686
CTNNA1	WWC2	3	0.0003	0.8465
KRT8	WWC2	3	0.4981	0.2114
LMNA	WWC2	3	0.0008	0.8393
MAPRE3	WWC2	3	0.0069	0.8021
ACTB	WWC3	3	0.0022	0.8268
KRT8	WWC3	3	0.0095	0.7913
MAPRE3	WWC3	3	0.0000	0.8553
ACTB	WWTR1	3	0.1123	0.6650
KRT8	WWTR1	3	0.1840	0.6188
LMNA	WWTR1	3	0.0197	0.7589
ACTB	XAB2	3	0.2424	0.5891
CTNNA1	XAB2	3	0.0485	0.7169
KRT8	XAB2	3	0.2350	0.5927
LMNA	XAB2	3	0.2912	0.5649
MAPRE3	XAB2	3	0.2168	0.6009
ACTB	XIAP	3	0.2179	0.6002
CTNNA1	XIAP	3	0.0439	0.7217
KRT8	XIAP	3	0.2566	0.5811
LMNA	XIAP	3	0.2914	0.5649
MAPRE3	XIAP	3	0.0656	0.7013
ACTB	XIRP2	3	0.0017	0.8305
MAPRE3	XIRP2	3	0.3333	0.4096
CTNNA1	XKR6	3	0.6667	0.0721
ACTB	XPC	3	0.0003	0.8465
KRT8	XPC	3	0.0001	0.8514
LMNA	XPC	3	0.0107	0.7868
MAPRE3	XPC	3	0.0001	0.8514
ACTB	XPO1	3	0.1925	0.6135
CTNNA1	XPO1	3	0.0330	0.7351
KRT8	XPO1	3	0.2407	0.5899
LMNA	XPO1	3	0.1916	0.6140
MAPRE3	XPO1	3	0.0843	0.6860
LMNA	XPO4	3	0.3333	0.4096
ACTB	XPO5	3	0.0006	0.8417
CTNNA1	XPO5	3	0.0000	0.8553
KRT8	XPO5	3	0.0393	0.7263
LMNA	XPO5	3	0.0055	0.8088
MAPRE3	XPO5	3	0.0008	0.8393
ACTB	XPO6	3	0.0322	0.7363
KRT8	XPO6	3	0.3209	0.5499
LMNA	XPO6	3	0.0922	0.6797
MAPRE3	XPO6	3	0.0043	0.8145
ACTB	XPO7	3	0.0050	0.8113
CTNNA1	XPO7	3	0.0000	0.8553
KRT8	XPO7	3	0.0126	0.7792
LMNA	XPO7	3	0.0067	0.8030
ACTB	XPOT	3	0.1667	0.6290
CTNNA1	XPOT	3	0.0683	0.6988
KRT8	XPOT	3	0.4166	0.2611
LMNA	XPOT	3	0.2364	0.5919
MAPRE3	XPOT	3	0.1337	0.6494
ACTB	XPR1	3	0.0210	0.7563
KRT8	XPR1	3	0.0420	0.7237
ACTB	XRCC1	3	0.0002	0.8487
LMNA	XRCC1	3	0.0831	0.6874
ACTB	XRCC4	3	0.0006	0.8417
LMNA	XRCC4	3	0.0003	0.8465
ACTB	XRCC5	3	0.1376	0.6467
CTNNA1	XRCC5	3	0.0080	0.7976
KRT8	XRCC5	3	0.1561	0.6356
LMNA	XRCC5	3	0.2218	0.5983
MAPRE3	XRCC5	3	0.0434	0.7224
ACTB	XRCC6	3	0.1732	0.6255
CTNNA1	XRCC6	3	0.0243	0.7495
KRT8	XRCC6	3	0.1844	0.6186
LMNA	XRCC6	3	0.2586	0.5800
MAPRE3	XRCC6	3	0.0533	0.7121
ACTB	XRN1	3	0.3092	0.5554
CTNNA1	XRN1	3	0.1620	0.6321
KRT8	XRN1	3	0.3452	0.3733
LMNA	XRN1	3	0.1255	0.6550
MAPRE3	XRN1	3	0.3247	0.5482
ACTB	XRN2	3	0.1719	0.6262
CTNNA1	XRN2	3	0.0446	0.7208
KRT8	XRN2	3	0.2276	0.5958
LMNA	XRN2	3	0.2190	0.5995
MAPRE3	XRN2	3	0.1276	0.6536
ACTB	XYLT1	3	0.3333	0.4096
MAPRE3	XYLT1	3	0.3333	0.4096
MAPRE3	Y137	3	0.3333	0.4096
MAPRE3	YAE1	3	0.3333	0.4096
ACTB	YAP1	3	0.0082	0.7969
CTNNA1	YAP1	3	0.0001	0.8514
KRT8	YAP1	3	0.0137	0.7754
LMNA	YAP1	3	0.0076	0.7991
MAPRE3	YAP1	3	0.0006	0.8417
ACTB	YARS1	3	0.2673	0.5761
CTNNA1	YARS1	3	0.0267	0.7449
KRT8	YARS1	3	0.2906	0.5655
LMNA	YARS1	3	0.1697	0.6274
MAPRE3	YARS1	3	0.1398	0.6455
ACTB	YARS2	3	0.0011	0.8360
KRT8	YARS2	3	0.0057	0.8078
LMNA	YARS2	3	0.0009	0.8382
MAPRE3	YARS2	3	0.0000	0.8553
ACTB	YBX1	3	0.0211	0.7561
CTNNA1	YBX1	3	0.0024	0.8252
KRT8	YBX1	3	0.0235	0.7512
LMNA	YBX1	3	0.0158	0.7691
MAPRE3	YBX1	3	0.0092	0.7925
ACTB	YEATS2	3	0.0055	0.8088
CTNNA1	YEATS2	3	0.0001	0.8514
KRT8	YEATS2	3	0.0053	0.8097
LMNA	YEATS2	3	0.0106	0.7871
MAPRE3	YEATS2	3	0.0065	0.8039
ACTB	YEATS4	3	0.0004	0.8448
KRT8	YEATS4	3	0.0025	0.8246
LMNA	YEATS4	3	0.0004	0.8448
ACTB	YES1	3	0.0416	0.7242
ACTB	YIF1A	3	0.0173	0.7650
CTNNA1	YIF1A	3	0.0001	0.8514
KRT8	YIF1A	3	0.0959	0.6770
LMNA	YIF1A	3	0.0467	0.7186
MAPRE3	YIF1A	3	0.0063	0.8048
LMNA	YIF1B	3	0.6667	0.0721
ACTB	YIPF3	3	0.0061	0.8057
KRT8	YIPF3	3	0.0025	0.8246
LMNA	YIPF3	3	0.3330	0.5432
ACTB	YIPF4	3	0.3333	0.4096
ACTB	YIPF5	3	0.1519	0.6382
CTNNA1	YIPF5	3	0.0349	0.7327
KRT8	YIPF5	3	0.2462	0.5866
LMNA	YIPF5	3	0.4108	0.2662
MAPRE3	YIPF5	3	0.0590	0.7071
LMNA	YJU2	3	0.4235	0.2516
ACTB	YJU2B	3	0.6574	0.1658
KRT8	YJU2B	3	0.3333	0.4096
LMNA	YJU2B	3	0.0090	0.7935
ACTB	YKT6	3	0.0323	0.7361
KRT8	YKT6	3	0.0214	0.7555
LMNA	YKT6	3	0.2989	0.5610
ACTB	YLPM1	3	0.0002	0.8487
KRT8	YLPM1	3	0.0001	0.8514
LMNA	YLPM1	3	0.0006	0.8417
MAPRE3	YLPM1	3	0.0000	0.8553
ACTB	YME1L1	3	0.0033	0.8195
CTNNA1	YME1L1	3	0.0003	0.8465
KRT8	YME1L1	3	0.3299	0.5453
LMNA	YME1L1	3	0.0261	0.7463
ACTB	YOD1	3	0.6667	0.0721
ACTB	YTHDC1	3	0.0076	0.7991
KRT8	YTHDC1	3	0.3429	0.3786
LMNA	YTHDC1	3	0.2791	0.5708
ACTB	YTHDC2	3	0.0073	0.8005
CTNNA1	YTHDC2	3	0.0001	0.8514
KRT8	YTHDC2	3	0.0121	0.7811
LMNA	YTHDC2	3	0.0001	0.8514
MAPRE3	YTHDC2	3	0.0031	0.8206
ACTB	YTHDF1	3	0.0098	0.7900
CTNNA1	YTHDF1	3	0.0001	0.8514
KRT8	YTHDF1	3	0.0158	0.7691
LMNA	YTHDF1	3	0.0002	0.8487
MAPRE3	YTHDF1	3	0.0017	0.8305
ACTB	YTHDF2	3	0.2459	0.5869
CTNNA1	YTHDF2	3	0.0652	0.7017
KRT8	YTHDF2	3	0.2959	0.5627
LMNA	YTHDF2	3	0.1183	0.6601
MAPRE3	YTHDF2	3	0.1630	0.6316
ACTB	YTHDF3	3	0.0102	0.7887
CTNNA1	YTHDF3	3	0.0002	0.8487
KRT8	YTHDF3	3	0.0174	0.7647
LMNA	YTHDF3	3	0.0003	0.8465
MAPRE3	YTHDF3	3	0.0041	0.8156
ACTB	YWHAB	3	0.2422	0.5892
CTNNA1	YWHAB	3	0.0467	0.7186
KRT8	YWHAB	3	0.2793	0.5707
LMNA	YWHAB	3	0.1339	0.6493
MAPRE3	YWHAB	3	0.1153	0.6627
ACTB	YWHAE	3	0.1836	0.6190
CTNNA1	YWHAE	3	0.0146	0.7726
KRT8	YWHAE	3	0.1879	0.6164
LMNA	YWHAE	3	0.0546	0.7111
MAPRE3	YWHAE	3	0.0554	0.7105
ACTB	YWHAG	3	0.0132	0.7771
KRT8	YWHAG	3	0.0143	0.7735
LMNA	YWHAG	3	0.0017	0.8305
ACTB	YWHAH	3	0.1454	0.6420
CTNNA1	YWHAH	3	0.0082	0.7969
KRT8	YWHAH	3	0.0902	0.6818
LMNA	YWHAH	3	0.0144	0.7732
MAPRE3	YWHAH	3	0.0093	0.7922
ACTB	YWHAQ	3	0.0739	0.6942
CTNNA1	YWHAQ	3	0.0164	0.7674
KRT8	YWHAQ	3	0.0995	0.6741
LMNA	YWHAQ	3	0.0305	0.7387
MAPRE3	YWHAQ	3	0.0116	0.7833
ACTB	YWHAZ	3	0.1037	0.6706
CTNNA1	YWHAZ	3	0.0175	0.7646
KRT8	YWHAZ	3	0.1261	0.6545
LMNA	YWHAZ	3	0.0310	0.7380
MAPRE3	YWHAZ	3	0.0261	0.7463
LMNA	YY1	3	0.0354	0.7319
MAPRE3	YY1	3	0.0002	0.8487
ACTB	YY1AP1	3	0.0000	0.8553
KRT8	YY1AP1	3	0.0005	0.8431
LMNA	YY1AP1	3	0.0029	0.8218
MAPRE3	YY1AP1	3	0.0004	0.8448
LMNA	ZAR1L	3	0.3333	0.4096
LMNA	ZBED1	3	0.2605	0.5788
ACTB	ZBED3	3	1.0000	0.0000
KRT8	ZBED3	3	0.6667	0.0721
LMNA	ZBED3	3	0.3333	0.4096
MAPRE3	ZBED3	3	0.3333	0.4096
CTNNA1	ZBED4	3	0.0002	0.8487
KRT8	ZBED4	3	0.0004	0.8448
LMNA	ZBED4	3	0.0259	0.7466
LMNA	ZBED5	3	0.0659	0.7009
MAPRE3	ZBED5	3	0.0007	0.8404
KRT8	ZBED6	3	0.0003	0.8465
LMNA	ZBED6	3	0.0105	0.7876
LMNA	ZBTB1	3	0.5661	0.1881
ACTB	ZBTB10	3	0.0002	0.8487
KRT8	ZBTB10	3	0.0054	0.8093
LMNA	ZBTB10	3	0.1599	0.6333
CTNNA1	ZBTB11	3	0.0018	0.8297
LMNA	ZBTB11	3	0.0079	0.7980
LMNA	ZBTB12	3	0.4196	0.2572
KRT8	ZBTB2	3	0.3333	0.4096
LMNA	ZBTB2	3	0.6667	0.0721
LMNA	ZBTB20	3	1.0000	0.0000
ACTB	ZBTB21	3	0.0005	0.8431
CTNNA1	ZBTB21	3	0.0003	0.8465
KRT8	ZBTB21	3	0.0004	0.8448
LMNA	ZBTB21	3	0.0165	0.7670
MAPRE3	ZBTB21	3	0.0000	0.8553
LMNA	ZBTB25	3	0.0040	0.8161
ACTB	ZBTB33	3	0.0007	0.8404
CTNNA1	ZBTB33	3	0.0002	0.8487
KRT8	ZBTB33	3	0.0011	0.8360
LMNA	ZBTB33	3	0.2655	0.5767
MAPRE3	ZBTB33	3	0.0008	0.8393
LMNA	ZBTB34	3	0.1245	0.6558
KRT8	ZBTB37	3	0.3333	0.4096
ACTB	ZBTB38	3	0.0003	0.8465
KRT8	ZBTB38	3	0.0037	0.8175
LMNA	ZBTB38	3	0.0073	0.8005
MAPRE3	ZBTB38	3	0.0004	0.8448
LMNA	ZBTB4	3	0.3097	0.5552
LMNA	ZBTB40	3	0.1128	0.6645
LMNA	ZBTB43	3	0.3394	0.3894
MAPRE3	ZBTB43	3	0.0004	0.8448
ACTB	ZBTB5	3	0.3333	0.4096
LMNA	ZBTB5	3	0.3333	0.4096
LMNA	ZBTB7A	3	0.0053	0.8097
ACTB	ZBTB7C	3	0.3333	0.4096
KRT8	ZBTB7C	3	0.3333	0.4096
MAPRE3	ZC2HC1A	3	1.0000	0.0000
ACTB	ZC3H11A	3	0.2270	0.5961
CTNNA1	ZC3H11A	3	0.0482	0.7172
KRT8	ZC3H11A	3	0.1340	0.6492
LMNA	ZC3H11A	3	0.2878	0.5665
MAPRE3	ZC3H11A	3	0.2111	0.6040
KRT8	ZC3H12A	3	0.3333	0.4096
KRT8	ZC3H12B	3	0.6667	0.0721
ACTB	ZC3H12C	3	0.0430	0.7227
KRT8	ZC3H12C	3	0.6230	0.1751
MAPRE3	ZC3H12C	3	0.0151	0.7711
MAPRE3	ZC3H13	3	0.1831	0.6194
ACTB	ZC3H14	3	0.0015	0.8325
CTNNA1	ZC3H14	3	0.0000	0.8553
KRT8	ZC3H14	3	0.0021	0.8274
LMNA	ZC3H14	3	0.0092	0.7925
MAPRE3	ZC3H14	3	0.0003	0.8465
ACTB	ZC3H15	3	0.2143	0.6024
CTNNA1	ZC3H15	3	0.1107	0.6663
KRT8	ZC3H15	3	0.2350	0.5927
LMNA	ZC3H15	3	0.0231	0.7520
MAPRE3	ZC3H15	3	0.2956	0.5630
LMNA	ZC3H18	3	0.0021	0.8274
ACTB	ZC3H3	3	0.0007	0.8404
KRT8	ZC3H3	3	0.0049	0.8116
LMNA	ZC3H3	3	0.0029	0.8218
MAPRE3	ZC3H3	3	0.0001	0.8514
ACTB	ZC3H4	3	0.0011	0.8360
LMNA	ZC3H4	3	0.0077	0.7987
MAPRE3	ZC3H4	3	0.0000	0.8553
ACTB	ZC3H7A	3	0.0075	0.7995
CTNNA1	ZC3H7A	3	0.0002	0.8487
KRT8	ZC3H7A	3	0.0479	0.7174
LMNA	ZC3H7A	3	0.0004	0.8448
MAPRE3	ZC3H7A	3	0.0021	0.8274
ACTB	ZC3H7B	3	0.0400	0.7255
KRT8	ZC3H7B	3	0.8437	0.0177
MAPRE3	ZC3H7B	3	0.0702	0.6970
ACTB	ZC3HAV1	3	0.2871	0.5669
CTNNA1	ZC3HAV1	3	0.0755	0.6929
KRT8	ZC3HAV1	3	0.3136	0.5535
LMNA	ZC3HAV1	3	0.0760	0.6926
MAPRE3	ZC3HAV1	3	0.1538	0.6369
ACTB	ZC3HC1	3	0.1403	0.6452
CTNNA1	ZC3HC1	3	0.0189	0.7607
KRT8	ZC3HC1	3	0.1097	0.6670
LMNA	ZC3HC1	3	0.2081	0.6052
MAPRE3	ZC3HC1	3	0.0747	0.6935
ACTB	ZCCHC14	3	0.2817	0.5697
KRT8	ZCCHC14	3	0.1862	0.6174
LMNA	ZCCHC14	3	0.1803	0.6210
MAPRE3	ZCCHC14	3	0.0319	0.7368
ACTB	ZCCHC17	3	0.0121	0.7811
CTNNA1	ZCCHC17	3	0.0125	0.7796
KRT8	ZCCHC17	3	0.0067	0.8030
LMNA	ZCCHC17	3	0.0190	0.7605
MAPRE3	ZCCHC17	3	0.0055	0.8088
MAPRE3	ZCCHC18	3	0.3333	0.4096
ACTB	ZCCHC2	3	0.0065	0.8039
KRT8	ZCCHC2	3	0.1538	0.6369
LMNA	ZCCHC2	3	0.3333	0.4096
ACTB	ZCCHC3	3	0.0050	0.8113
KRT8	ZCCHC3	3	0.0036	0.8180
MAPRE3	ZCCHC3	3	0.0014	0.8335
KRT8	ZCCHC8	3	0.0000	0.8553
LMNA	ZCCHC8	3	0.0026	0.8238
LMNA	ZCRB1	3	0.3333	0.4096
ACTB	ZDBF2	3	0.0116	0.7833
KRT8	ZDBF2	3	0.0167	0.7666
LMNA	ZDBF2	3	0.0049	0.8116
MAPRE3	ZDBF2	3	0.0002	0.8487
LMNA	ZDHHC14	3	0.3333	0.4096
LMNA	ZDHHC23	3	0.3333	0.4096
LMNA	ZDHHC3	3	0.3333	0.4096
ACTB	ZDHHC5	3	0.0110	0.7857
CTNNA1	ZDHHC5	3	0.0004	0.8448
KRT8	ZDHHC5	3	0.0004	0.8448
ACTB	ZDHHC8	3	0.0076	0.7991
LMNA	ZEB1	3	0.0091	0.7930
MAPRE3	ZEB1	3	0.0000	0.8553
LMNA	ZEB2	3	0.0155	0.7700
MAPRE3	ZEB2	3	0.0001	0.8514
KRT8	ZER1	3	1.0000	0.0000
ACTB	ZFC3H1	3	0.0003	0.8465
KRT8	ZFC3H1	3	0.0008	0.8393
LMNA	ZFC3H1	3	0.0026	0.8238
MAPRE3	ZFC3H1	3	0.0011	0.8360
CTNNA1	ZFHX2	3	0.0000	0.8553
ACTB	ZFHX3	3	0.0009	0.8382
KRT8	ZFHX3	3	0.0001	0.8514
LMNA	ZFHX3	3	0.2145	0.6022
LMNA	ZFP1	3	0.0006	0.8417
ACTB	ZFP14	3	0.3333	0.4096
KRT8	ZFP36L1	3	1.0000	0.0000
KRT8	ZFP36L2	3	0.3333	0.4096
LMNA	ZFP62	3	0.3333	0.4096
LMNA	ZFP64	3	0.3333	0.4096
ACTB	ZFP91	3	0.0005	0.8431
KRT8	ZFP91	3	0.0001	0.8514
LMNA	ZFP91	3	0.0138	0.7750
MAPRE3	ZFP91	3	0.0002	0.8487
ACTB	ZFP92	3	0.3333	0.4096
ACTB	ZFR	3	0.0529	0.7124
CTNNA1	ZFR	3	0.0157	0.7695
KRT8	ZFR	3	0.0533	0.7121
LMNA	ZFR	3	0.1012	0.6729
MAPRE3	ZFR	3	0.0190	0.7605
LMNA	ZFX;ZFY	3	0.3333	0.4096
ACTB	ZFYVE1	3	0.0140	0.7745
CTNNA1	ZFYVE1	3	0.0021	0.8274
KRT8	ZFYVE1	3	0.3465	0.3704
LMNA	ZFYVE1	3	0.0015	0.8325
MAPRE3	ZFYVE1	3	0.0067	0.8030
ACTB	ZFYVE16	3	0.3148	0.5529
CTNNA1	ZFYVE16	3	0.1245	0.6558
KRT8	ZFYVE16	3	0.3195	0.5505
LMNA	ZFYVE16	3	0.1169	0.6616
MAPRE3	ZFYVE16	3	0.2358	0.5923
LMNA	ZFYVE19	3	0.3333	0.4096
MAPRE3	ZFYVE19	3	0.3333	0.4096
ACTB	ZFYVE26	3	0.2057	0.6067
KRT8	ZFYVE26	3	0.0447	0.7206
LMNA	ZFYVE26	3	0.0009	0.8382
MAPRE3	ZFYVE26	3	0.0111	0.7854
CTNNA1	ZFYVE9	3	0.3302	0.5452
ACTB	ZG16B	3	0.3333	0.4096
KRT8	ZGPAT	3	0.0050	0.8113
LMNA	ZGPAT	3	0.1841	0.6187
ACTB	ZGRF1	3	0.0014	0.8335
KRT8	ZGRF1	3	0.0054	0.8093
LMNA	ZGRF1	3	0.0032	0.8201
MAPRE3	ZGRF1	3	0.0000	0.8553
LMNA	ZHX1	3	0.0510	0.7145
LMNA	ZHX2	3	0.0836	0.6868
LMNA	ZHX3	3	0.0013	0.8344
KRT8	ZIM2	3	0.0029	0.8218
LMNA	ZKSCAN1	3	0.6667	0.0721
LMNA	ZKSCAN3	3	0.3333	0.4096
CTNNA1	ZKSCAN4	3	0.0055	0.8088
KRT8	ZKSCAN4	3	0.0024	0.8252
LMNA	ZKSCAN4	3	0.1324	0.6506
LMNA	ZKSCAN7	3	0.6667	0.0721
LMNA	ZMAT2	3	0.4606	0.2283
LMNA	ZMAT5	3	0.3333	0.4096
LMNA	ZMIZ2	3	0.0108	0.7866
LMNA	ZMPSTE24	3	0.3333	0.4096
ACTB	ZMYM1	3	0.0038	0.8170
CTNNA1	ZMYM1	3	0.0001	0.8514
KRT8	ZMYM1	3	0.0098	0.7900
LMNA	ZMYM1	3	0.0164	0.7674
MAPRE3	ZMYM1	3	0.0030	0.8212
ACTB	ZMYM2	3	0.0000	0.8553
KRT8	ZMYM2	3	0.0001	0.8514
LMNA	ZMYM2	3	0.0038	0.8170
MAPRE3	ZMYM2	3	0.0000	0.8553
ACTB	ZMYM3	3	0.0001	0.8514
KRT8	ZMYM3	3	0.0010	0.8371
LMNA	ZMYM3	3	0.0090	0.7935
MAPRE3	ZMYM3	3	0.0000	0.8553
ACTB	ZMYM4	3	0.0010	0.8371
KRT8	ZMYM4	3	0.0021	0.8274
LMNA	ZMYM4	3	0.0250	0.7483
MAPRE3	ZMYM4	3	0.0108	0.7866
LMNA	ZMYM5	3	0.7234	0.0418
ACTB	ZMYND8	3	0.0000	0.8553
KRT8	ZMYND8	3	0.0000	0.8553
LMNA	ZMYND8	3	0.0008	0.8393
ACTB	ZNF106	3	0.0011	0.8360
CTNNA1	ZNF106	3	0.0000	0.8553
KRT8	ZNF106	3	0.0029	0.8218
LMNA	ZNF106	3	0.0100	0.7894
MAPRE3	ZNF106	3	0.0019	0.8289
LMNA	ZNF112	3	0.0387	0.7272
MAPRE3	ZNF112	3	0.0005	0.8431
LMNA	ZNF121	3	0.9983	0.0001
LMNA	ZNF136	3	0.4127	0.2642
LMNA	ZNF146	3	0.6667	0.0721
ACTB	ZNF148	3	0.0020	0.8282
CTNNA1	ZNF148	3	0.0000	0.8553
KRT8	ZNF148	3	0.0019	0.8289
LMNA	ZNF148	3	0.0126	0.7792
MAPRE3	ZNF148	3	0.0003	0.8465
LMNA	ZNF174	3	0.0026	0.8238
MAPRE3	ZNF174	3	0.0002	0.8487
LMNA	ZNF180	3	0.6667	0.0721
ACTB	ZNF184	3	0.0007	0.8404
ACTB	ZNF185	3	0.9998	0.0000
CTNNA1	ZNF185	3	0.0014	0.8335
KRT8	ZNF185	3	0.0126	0.7792
MAPRE3	ZNF185	3	0.0035	0.8185
ACTB	ZNF195	3	0.0003	0.8465
LMNA	ZNF195	3	0.0192	0.7600
MAPRE3	ZNF195	3	0.0003	0.8465
LMNA	ZNF197	3	0.3333	0.4096
LMNA	ZNF205	3	0.0000	0.8553
ACTB	ZNF207	3	0.0549	0.7109
CTNNA1	ZNF207	3	0.0090	0.7935
KRT8	ZNF207	3	0.0393	0.7263
LMNA	ZNF207	3	0.1587	0.6339
MAPRE3	ZNF207	3	0.0212	0.7559
LMNA	ZNF217	3	0.0490	0.7165
MAPRE3	ZNF217	3	0.0001	0.8514
LMNA	ZNF227	3	0.3333	0.4096
CTNNA1	ZNF23	3	0.3333	0.4096
LMNA	ZNF232	3	1.0000	0.0000
LMNA	ZNF235	3	0.3333	0.4096
LMNA	ZNF24	3	0.2553	0.5817
LMNA	ZNF254	3	0.0054	0.8093
MAPRE3	ZNF256	3	0.3333	0.4096
ACTB	ZNF257	3	0.3333	0.4096
LMNA	ZNF263	3	0.6667	0.0721
ACTB	ZNF267	3	0.0002	0.8487
LMNA	ZNF267	3	0.0654	0.7015
MAPRE3	ZNF267	3	0.0003	0.8465
KRT8	ZNF268	3	0.0000	0.8553
LMNA	ZNF268	3	0.0032	0.8201
LMNA	ZNF273;ZNF708	3	0.3333	0.4096
LMNA	ZNF280C	3	0.0252	0.7480
ACTB	ZNF280D	3	0.0010	0.8371
CTNNA1	ZNF280D	3	0.0000	0.8553
LMNA	ZNF280D	3	0.0124	0.7799
MAPRE3	ZNF280D	3	0.0007	0.8404
ACTB	ZNF281	3	0.2564	0.5812
CTNNA1	ZNF281	3	0.1044	0.6701
KRT8	ZNF281	3	0.2652	0.5769
LMNA	ZNF281	3	0.3463	0.3710
MAPRE3	ZNF281	3	0.2469	0.5862
CTNNA1	ZNF283	3	0.3333	0.4096
KRT8	ZNF292	3	0.0010	0.8371
LMNA	ZNF292	3	0.0171	0.7655
MAPRE3	ZNF292	3	0.1854	0.6181
LMNA	ZNF3	3	1.0000	0.0000
ACTB	ZNF30	3	0.3333	0.4096
LMNA	ZNF304	3	0.3333	0.4096
LMNA	ZNF317	3	0.0043	0.8145
ACTB	ZNF318	3	0.0176	0.7642
CTNNA1	ZNF318	3	0.0001	0.8514
KRT8	ZNF318	3	0.3261	0.5475
LMNA	ZNF318	3	0.0191	0.7603
MAPRE3	ZNF318	3	0.0021	0.8274
ACTB	ZNF326	3	0.0550	0.7108
CTNNA1	ZNF326	3	0.0349	0.7327
KRT8	ZNF326	3	0.1175	0.6610
LMNA	ZNF326	3	0.1162	0.6622
MAPRE3	ZNF326	3	0.0197	0.7589
ACTB	ZNF333	3	0.3333	0.4096
CTNNA1	ZNF333	3	0.3333	0.4096
LMNA	ZNF34	3	0.3333	0.4096
LMNA	ZNF35	3	0.7636	0.0310
LMNA	ZNF354A	3	0.3333	0.4096
LMNA	ZNF362	3	0.0198	0.7587
CTNNA1	ZNF37A	3	0.0024	0.8252
LMNA	ZNF37A	3	0.0026	0.8238
ACTB	ZNF384	3	0.0015	0.8325
CTNNA1	ZNF384	3	0.0000	0.8553
KRT8	ZNF384	3	0.0005	0.8431
LMNA	ZNF384	3	0.0154	0.7704
MAPRE3	ZNF384	3	0.0007	0.8404
LMNA	ZNF407	3	0.0026	0.8238
LMNA	ZNF417;ZNF587	3	0.3333	0.4096
LMNA	ZNF420	3	1.0000	0.0000
LMNA	ZNF423	3	0.2788	0.5710
LMNA	ZNF430	3	0.3393	0.3900
LMNA	ZNF438	3	0.3333	0.4096
LMNA	ZNF44	3	0.3333	0.4096
LMNA	ZNF440	3	0.0182	0.7626
LMNA	ZNF444	3	1.0000	0.0000
LMNA	ZNF446	3	0.3333	0.4096
KRT8	ZNF451	3	0.0016	0.8315
LMNA	ZNF451	3	0.3876	0.2989
MAPRE3	ZNF451	3	0.0005	0.8431
MAPRE3	ZNF454	3	0.3333	0.4096
LMNA	ZNF460	3	1.0000	0.0000
LMNA	ZNF462	3	0.0527	0.7126
MAPRE3	ZNF462	3	0.0001	0.8514
LMNA	ZNF48	3	0.3333	0.4096
LMNA	ZNF484	3	0.3333	0.4096
LMNA	ZNF503	3	0.1986	0.6102
KRT8	ZNF507	3	0.0022	0.8268
LMNA	ZNF507	3	0.0719	0.6956
ACTB	ZNF510	3	0.3333	0.4096
ACTB	ZNF512	3	0.0005	0.8431
LMNA	ZNF512	3	0.1264	0.6544
MAPRE3	ZNF512	3	0.0086	0.7950
LMNA	ZNF512B	3	0.0268	0.7447
MAPRE3	ZNF512B	3	0.0129	0.7782
LMNA	ZNF516	3	0.1172	0.6613
LMNA	ZNF521	3	0.3333	0.4096
ACTB	ZNF532	3	0.0024	0.8252
CTNNA1	ZNF532	3	0.0007	0.8404
LMNA	ZNF532	3	0.3383	0.3933
MAPRE3	ZNF532	3	0.0015	0.8325
LMNA	ZNF544	3	0.3333	0.4096
LMNA	ZNF557	3	0.3333	0.4096
ACTB	ZNF559	3	0.3333	0.4096
ACTB	ZNF560	3	0.3333	0.4096
KRT8	ZNF560	3	0.3333	0.4096
LMNA	ZNF569	3	0.3333	0.4096
KRT8	ZNF577	3	0.3333	0.4096
KRT8	ZNF587B	3	0.0178	0.7637
LMNA	ZNF587B	3	0.0017	0.8305
ACTB	ZNF592	3	0.0003	0.8465
LMNA	ZNF592	3	0.0061	0.8057
MAPRE3	ZNF592	3	0.0003	0.8465
LMNA	ZNF597	3	0.3182	0.5512
ACTB	ZNF598	3	0.2366	0.5917
CTNNA1	ZNF598	3	0.0961	0.6769
KRT8	ZNF598	3	0.2526	0.5832
LMNA	ZNF598	3	0.0543	0.7115
MAPRE3	ZNF598	3	0.2820	0.5694
ACTB	ZNF609	3	0.2408	0.5899
CTNNA1	ZNF609	3	0.0167	0.7666
KRT8	ZNF609	3	0.2576	0.5805
LMNA	ZNF609	3	0.3656	0.3326
MAPRE3	ZNF609	3	0.2631	0.5778
KRT8	ZNF610	3	0.3333	0.4096
MAPRE3	ZNF618	3	0.3333	0.4096
KRT8	ZNF621	3	0.3333	0.4096
ACTB	ZNF622	3	0.0076	0.7991
CTNNA1	ZNF622	3	0.0000	0.8553
KRT8	ZNF622	3	0.0158	0.7691
LMNA	ZNF622	3	0.0033	0.8195
MAPRE3	ZNF622	3	0.0019	0.8289
LMNA	ZNF623	3	1.0000	0.0000
ACTB	ZNF629	3	0.0035	0.8185
KRT8	ZNF629	3	0.0050	0.8113
LMNA	ZNF629	3	0.3692	0.3255
MAPRE3	ZNF629	3	0.0030	0.8212
ACTB	ZNF638	3	0.2464	0.5865
CTNNA1	ZNF638	3	0.0263	0.7458
KRT8	ZNF638	3	0.2295	0.5947
LMNA	ZNF638	3	0.2962	0.5626
MAPRE3	ZNF638	3	0.2754	0.5725
LMNA	ZNF639	3	0.5325	0.1991
ACTB	ZNF644	3	0.0004	0.8448
KRT8	ZNF644	3	0.0006	0.8417
LMNA	ZNF644	3	0.0039	0.8165
MAPRE3	ZNF644	3	0.0001	0.8514
ACTB	ZNF646	3	0.3333	0.4096
KRT8	ZNF646	3	0.3333	0.4096
LMNA	ZNF646	3	0.3325	0.5436
LMNA	ZNF653	3	0.3333	0.4096
LMNA	ZNF654	3	0.4088	0.2700
KRT8	ZNF655	3	0.0123	0.7804
LMNA	ZNF655	3	0.0095	0.7913
MAPRE3	ZNF667	3	0.3333	0.4096
KRT8	ZNF668	3	0.3333	0.4096
CTNNA1	ZNF679	3	0.3333	0.4096
KRT8	ZNF679	3	0.3333	0.4096
ACTB	ZNF687	3	0.0007	0.8404
LMNA	ZNF687	3	0.0090	0.7935
MAPRE3	ZNF687	3	0.0001	0.8514
KRT8	ZNF695	3	0.3333	0.4096
KRT8	ZNF703	3	0.0158	0.7691
LMNA	ZNF703	3	0.2353	0.5926
KRT8	ZNF727	3	0.3333	0.4096
LMNA	ZNF746;ZNF767P;ZNF783	3	0.0055	0.8088
LMNA	ZNF749	3	0.6667	0.0721
LMNA	ZNF750	3	0.3333	0.4096
LMNA	ZNF770	3	0.0080	0.7976
LMNA	ZNF776	3	0.3333	0.4096
LMNA	ZNF777	3	0.0000	0.8553
LMNA	ZNF782	3	0.3333	0.4096
LMNA	ZNF8	3	0.0168	0.7664
MAPRE3	ZNF8	3	0.0002	0.8487
LMNA	ZNF816	3	0.1087	0.6674
ACTB	ZNF827	3	0.0017	0.8305
KRT8	ZNF827	3	0.0006	0.8417
LMNA	ZNF827	3	0.0078	0.7983
ACTB	ZNF830	3	0.0000	0.8553
CTNNA1	ZNF830	3	0.0148	0.7721
LMNA	ZNF830	3	0.0237	0.7509
LMNA	ZNF865	3	0.3333	0.4096
ACTB	ZNFX1	3	0.0577	0.7083
KRT8	ZNFX1	3	0.3673	0.3289
LMNA	ZNFX1	3	0.0046	0.8132
MAPRE3	ZNFX1	3	0.0042	0.8151
KRT8	ZNG1A;ZNG1B	3	0.3333	0.4096
LMNA	ZNG1A;ZNG1B	3	0.3333	0.4096
ACTB	ZNG1C;ZNG1E;ZNG1F	3	0.0014	0.8335
KRT8	ZNG1C;ZNG1E;ZNG1F	3	0.0098	0.7900
LMNA	ZNG1C;ZNG1E;ZNG1F	3	0.0002	0.8487
MAPRE3	ZNG1C;ZNG1E;ZNG1F	3	0.0009	0.8382
KRT8	ZNHIT2	3	0.3333	0.4096
LMNA	ZNHIT2	3	0.3333	0.4096
MAPRE3	ZNHIT2	3	0.3333	0.4096
LMNA	ZNHIT3	3	0.0008	0.8393
KRT8	ZNHIT6	3	0.2089	0.6048
LMNA	ZNHIT6	3	0.0097	0.7904
KRT8	ZPR1	3	0.3333	0.4096
LMNA	ZRANB2	3	0.0851	0.6854
LMNA	ZRANB3	3	0.3333	0.4096
ACTB	ZSCAN2	3	0.3333	0.4096
ACTB	ZSCAN20	3	0.3333	0.4096
LMNA	ZSCAN20	3	1.0000	0.0000
LMNA	ZSCAN21	3	0.3333	0.4096
LMNA	ZSCAN25	3	0.0067	0.8030
LMNA	ZSCAN26	3	0.3333	0.4096
LMNA	ZSCAN29	3	0.6667	0.0721
LMNA	ZSCAN31	3	0.0051	0.8108
KRT8	ZSCAN32	3	0.3333	0.4096
CTNNA1	ZSWIM1	3	0.1663	0.6294
KRT8	ZSWIM1	3	0.2451	0.5875
LMNA	ZSWIM1	3	0.3435	0.3777
MAPRE3	ZSWIM1	3	0.0181	0.7628
LMNA	ZSWIM6	3	0.6667	0.0721
ACTB	ZSWIM8	3	0.0080	0.7976
KRT8	ZSWIM8	3	0.3466	0.3700
LMNA	ZSWIM8	3	0.0009	0.8382
MAPRE3	ZSWIM8	3	0.0031	0.8206
LMNA	ZUP1	3	0.3333	0.4096
KRT8	ZW10	3	0.4490	0.2363
ACTB	ZWILCH	3	0.0072	0.8009
KRT8	ZWILCH	3	0.0427	0.7231
LMNA	ZWILCH	3	0.0010	0.8371
MAPRE3	ZWILCH	3	0.0002	0.8487
ACTB	ZWINT	3	0.0078	0.7983
KRT8	ZWINT	3	0.0184	0.7619
LMNA	ZWINT	3	0.0013	0.8344
MAPRE3	ZWINT	3	0.0005	0.8431
KRT8	ZXDA	3	0.3333	0.4096
LMNA	ZXDC	3	1.0000	0.0000
ACTB	ZYG11A	3	0.3333	0.4096
ACTB	ZYX	3	0.4676	0.2233
CTNNA1	ZYX	3	0.0053	0.8097
KRT8	ZYX	3	0.0207	0.7568
LMNA	ZYX	3	0.0005	0.8431
MAPRE3	ZYX	3	0.0048	0.8121
ACTB	ZZEF1	3	0.0066	0.8035
KRT8	ZZEF1	3	0.0285	0.7418
LMNA	ZZEF1	3	0.0000	0.8553
MAPRE3	ZZEF1	3	0.0002	0.8487
LMNA	ZZZ3	3	0.0041	0.8156
MAPRE3	ZZZ3	3	0.0004	0.8448
CTNNA1	egfp	3	0.0000	0.8553
LMNA	egfp	3	0.0000	0.8553
MAPRE3	egfp	3	0.0000	0.8553
ACTB	NA	3	0.1530	0.6375
CTNNA1	NA	3	0.1106	0.6663
KRT8	NA	3	0.0476	0.7177
LMNA	NA	3	0.0144	0.7732
MAPRE3	NA	3	0.0562	0.7099
