Bait	PreyGene	#Rep	AvgP	BFDR
ACTB	IGLV3-21;IGLV3-9	3	0.3333	0.4115
ACTB	IGKV3D-15	3	0.3333	0.4115
ACTB	IGKV2-28;IGKV2-29;IGKV2-30;IGKV2-40;IGKV2D-26;IGKV2D-28;IGKV2D-29;IGKV2D-30;IGKV2D-40	3	0.3333	0.4115
ACTB	IGKV3-11;IGKV3D-11	3	0.3333	0.4115
ACTB	IGHV3-49	3	0.3333	0.4115
ACTB	IGKV3D-20	3	0.3333	0.4115
KRT8	IFT56	3	0.6667	0.0696
LMNA	E2F8	3	0.6667	0.0696
KRT8	UBA6	3	0.1364	0.6573
LMNA	UBA6	3	0.0346	0.7569
ACTB	UBA6	3	0.0703	0.7169
CTNNA1	UBA6	3	0.0138	0.8025
MAPRE3	UBA6	3	0.0134	0.8040
KRT8	ESYT2	3	0.3567	0.3493
LMNA	ESYT2	3	0.1801	0.6187
ACTB	ESYT2	3	0.2383	0.5711
CTNNA1	ESYT2	3	0.0535	0.7334
MAPRE3	ESYT2	3	0.1217	0.6702
KRT8	BLTP3B	3	0.4071	0.2604
LMNA	BLTP3B	3	0.2032	0.6006
ACTB	BLTP3B	3	0.3466	0.3711
CTNNA1	BLTP3B	3	0.1717	0.6267
MAPRE3	BLTP3B	3	0.2753	0.5352
KRT8	SHTN1	3	0.3709	0.3215
LMNA	SHTN1	3	0.2262	0.5812
ACTB	SHTN1	3	0.4139	0.2496
CTNNA1	SHTN1	3	0.1658	0.6311
MAPRE3	SHTN1	3	0.3334	0.4112
KRT8	TMEM223	3	0.0538	0.7331
LMNA	TMEM223	3	0.1610	0.6355
ACTB	TMEM223	3	0.0174	0.7910
CTNNA1	TMEM223	3	0.0152	0.7977
KRT8	FAM168B	3	0.1210	0.6711
CTNNA1	FAM168B	3	0.0232	0.7767
KRT8	MEX3A	3	0.2603	0.5507
ACTB	MEX3A	3	0.0052	0.8354
MAPRE3	MEX3A	3	0.0002	0.8663
KRT8	ILVBL	3	0.1641	0.6324
LMNA	ILVBL	3	0.0021	0.8502
ACTB	ILVBL	3	0.0010	0.8573
KRT8	PLEKHG3	3	0.0303	0.7635
ACTB	PLEKHG3	3	0.7301	0.0420
CTNNA1	PLEKHG3	3	0.0030	0.8454
MAPRE3	PLEKHG3	3	0.0038	0.8415
KRT8	SH3PXD2B	3	0.0250	0.7727
LMNA	SH3PXD2B	3	0.0027	0.8469
ACTB	SH3PXD2B	3	0.1011	0.6880
CTNNA1	SH3PXD2B	3	0.0008	0.8590
MAPRE3	SH3PXD2B	3	0.0381	0.7517
KRT8	NBAS	3	0.0846	0.7026
LMNA	NBAS	3	0.0017	0.8526
ACTB	NBAS	3	0.0081	0.8234
MAPRE3	NBAS	3	0.0001	0.8682
KRT8	CCDC66	3	0.0629	0.7240
LMNA	CCDC66	3	0.0000	0.8712
ACTB	CCDC66	3	0.0056	0.8337
MAPRE3	CCDC66	3	0.0116	0.8099
KRT8	DENND3	3	0.2669	0.5439
ACTB	DENND3	3	0.0939	0.6946
MAPRE3	DENND3	3	0.0003	0.8647
KRT8	TMEM131L	3	0.0164	0.7940
LMNA	TMEM131L	3	0.0763	0.7112
KRT8	VWA8	3	0.7120	0.0480
LMNA	VWA8	3	0.0484	0.7392
ACTB	VWA8	3	0.3520	0.3590
MAPRE3	VWA8	3	0.0017	0.8526
KRT8	SBNO1	3	0.1804	0.6184
LMNA	SBNO1	3	0.3234	0.4787
ACTB	SBNO1	3	0.1878	0.6119
CTNNA1	SBNO1	3	0.0707	0.7166
MAPRE3	SBNO1	3	0.1454	0.6490
KRT8	GTPBP10	3	1.0000	0.0000
KRT8	WDR91	3	0.1131	0.6778
ACTB	WDR91	3	0.0243	0.7743
MAPRE3	WDR91	3	0.0004	0.8632
KRT8	CNOT1	3	0.0287	0.7663
LMNA	CNOT1	3	0.0007	0.8600
ACTB	CNOT1	3	0.0234	0.7764
CTNNA1	CNOT1	3	0.0003	0.8647
MAPRE3	CNOT1	3	0.0009	0.8582
LMNA	BDP1	3	0.0017	0.8526
KRT8	FAM83G	3	0.8932	0.0079
ACTB	FAM83G	3	0.0118	0.8094
MAPRE3	FAM83G	3	0.3437	0.3795
LMNA	PGP	3	0.0006	0.8612
CTNNA1	PGP	3	0.0624	0.7243
MAPRE3	PGP	3	0.0032	0.8442
KRT8	RIMOC1	3	0.0090	0.8199
ACTB	RIMOC1	3	0.0029	0.8459
KRT8	TUBAL3	3	0.3537	0.3553
LMNA	TUBAL3	3	0.0818	0.7060
ACTB	TUBAL3	3	0.2359	0.5731
CTNNA1	TUBAL3	3	0.0307	0.7626
MAPRE3	TUBAL3	3	0.0636	0.7230
ACTB	FBLL1	3	0.3333	0.4115
KRT8	SMCHD1	3	0.2715	0.5395
LMNA	SMCHD1	3	0.3372	0.4005
ACTB	SMCHD1	3	0.1948	0.6069
MAPRE3	SMCHD1	3	0.2801	0.5298
KRT8	ARHGAP42	3	0.0432	0.7455
LMNA	ARHGAP42	3	0.0010	0.8573
ACTB	ARHGAP42	3	0.7581	0.0320
CTNNA1	ARHGAP42	3	0.0004	0.8632
MAPRE3	ARHGAP42	3	0.0057	0.8332
KRT8	CCDC85C	3	0.0292	0.7655
ACTB	CCDC85C	3	0.0213	0.7808
CTNNA1	CCDC85C	3	0.0006	0.8612
MAPRE3	CCDC85C	3	0.0010	0.8573
CTNNA1	SAC3D1	3	0.3333	0.4115
KRT8	ZSWIM8	3	0.0500	0.7373
LMNA	ZSWIM8	3	0.0001	0.8682
ACTB	ZSWIM8	3	0.0081	0.8234
MAPRE3	ZSWIM8	3	0.0109	0.8127
KRT8	ARHGAP32	3	0.7889	0.0237
ACTB	ARHGAP32	3	0.0849	0.7024
CTNNA1	ARHGAP32	3	0.0377	0.7524
MAPRE3	ARHGAP32	3	0.0109	0.8127
LMNA	POM121C	3	0.9844	0.0007
ACTB	POM121C	3	0.0015	0.8537
ACTB	A2ML1	3	0.3333	0.4115
KRT8	DDX11L8	3	0.0011	0.8566
LMNA	DDX11L8	3	0.4080	0.2576
ACTB	DDX11L8	3	0.0009	0.8582
MAPRE3	DDX11L8	3	0.0022	0.8496
LMNA	PHF20L1	3	0.0073	0.8266
KRT8	SNRPG;SNRPGP15	3	0.0881	0.6998
LMNA	SNRPG;SNRPGP15	3	0.1990	0.6037
ACTB	SNRPG;SNRPGP15	3	0.1503	0.6452
CTNNA1	SNRPG;SNRPGP15	3	0.0174	0.7910
MAPRE3	SNRPG;SNRPGP15	3	0.0291	0.7657
LMNA	AHRR	3	0.0261	0.7709
KRT8	MYO9A	3	0.0109	0.8127
ACTB	MYO9A	3	0.0293	0.7654
MAPRE3	MYO9A	3	0.0004	0.8632
KRT8	IQCJ-SCHIP1;SCHIP1	3	0.2881	0.5230
ACTB	IQCJ-SCHIP1;SCHIP1	3	0.1921	0.6090
KRT8	GPR89A;GPR89B	3	0.0171	0.7919
LMNA	GPR89A;GPR89B	3	0.7761	0.0280
ACTB	GPR89A;GPR89B	3	0.0038	0.8415
KRT8	WASH2P;WASH3P	3	0.0745	0.7128
ACTB	WASH2P;WASH3P	3	0.6083	0.1564
KRT8	NACA	3	0.1393	0.6547
LMNA	NACA	3	0.0251	0.7726
ACTB	NACA	3	0.1337	0.6598
CTNNA1	NACA	3	0.0039	0.8410
MAPRE3	NACA	3	0.0180	0.7895
KRT8	AGPS	3	0.2904	0.5204
LMNA	AGPS	3	0.0741	0.7131
ACTB	AGPS	3	0.1605	0.6361
CTNNA1	AGPS	3	0.0169	0.7924
MAPRE3	AGPS	3	0.0575	0.7291
LMNA	UBXN8	3	1.0000	0.0000
KRT8	KIF2A	3	0.0298	0.7643
LMNA	KIF2A	3	0.0049	0.8367
ACTB	KIF2A	3	0.0070	0.8278
CTNNA1	KIF2A	3	0.0001	0.8682
MAPRE3	KIF2A	3	0.0122	0.8082
KRT8	DDX39A	3	0.4533	0.2164
LMNA	DDX39A	3	0.3191	0.4837
ACTB	DDX39A	3	0.0928	0.6958
CTNNA1	DDX39A	3	0.0230	0.7771
MAPRE3	DDX39A	3	0.0371	0.7530
KRT8	PDLIM1	3	0.2994	0.5099
LMNA	PDLIM1	3	0.1686	0.6290
ACTB	PDLIM1	3	0.3967	0.2714
CTNNA1	PDLIM1	3	0.1366	0.6569
MAPRE3	PDLIM1	3	0.1857	0.6141
KRT8	ACOT7	3	0.3307	0.4681
LMNA	ACOT7	3	0.5620	0.1670
ACTB	ACOT7	3	0.1058	0.6840
CTNNA1	ACOT7	3	0.0322	0.7603
MAPRE3	ACOT7	3	0.0372	0.7529
KRT8	MYO1C	3	0.3332	0.4624
LMNA	MYO1C	3	0.2500	0.5608
ACTB	MYO1C	3	0.3915	0.2797
CTNNA1	MYO1C	3	0.1231	0.6689
MAPRE3	MYO1C	3	0.2124	0.5929
KRT8	SNAP23	3	0.1976	0.6047
LMNA	SNAP23	3	0.0241	0.7748
ACTB	SNAP23	3	0.1917	0.6094
CTNNA1	SNAP23	3	0.0662	0.7204
MAPRE3	SNAP23	3	0.0113	0.8111
KRT8	AIP	3	0.2525	0.5581
LMNA	AIP	3	0.1509	0.6448
ACTB	AIP	3	0.1871	0.6124
CTNNA1	AIP	3	0.0185	0.7881
MAPRE3	AIP	3	0.0317	0.7612
KRT8	GTPBP1	3	0.2414	0.5685
LMNA	GTPBP1	3	0.0021	0.8502
ACTB	GTPBP1	3	0.0226	0.7778
MAPRE3	GTPBP1	3	0.0010	0.8573
KRT8	STXBP3	3	0.0202	0.7835
LMNA	STXBP3	3	0.0672	0.7196
ACTB	STXBP3	3	0.0192	0.7864
CTNNA1	STXBP3	3	0.0042	0.8397
MAPRE3	STXBP3	3	0.0005	0.8621
KRT8	AP4M1	3	0.3519	0.3599
LMNA	AP4M1	3	0.0024	0.8483
ACTB	AP4M1	3	0.0096	0.8174
MAPRE3	AP4M1	3	0.0009	0.8582
KRT8	SMAP	3	0.0043	0.8392
LMNA	SMAP	3	0.2657	0.5456
ACTB	SMAP	3	0.0046	0.8380
CTNNA1	SMAP	3	0.0002	0.8663
MAPRE3	SMAP	3	0.0012	0.8558
KRT8	AP3B1	3	0.3291	0.4712
LMNA	AP3B1	3	0.1183	0.6732
ACTB	AP3B1	3	0.3269	0.4742
CTNNA1	AP3B1	3	0.1538	0.6421
MAPRE3	AP3B1	3	0.2564	0.5543
KRT8	APBB1	3	0.0266	0.7700
LMNA	APBB1	3	0.0319	0.7608
ACTB	APBB1	3	0.0072	0.8270
CTNNA1	APBB1	3	0.0001	0.8682
MAPRE3	APBB1	3	0.0005	0.8621
KRT8	LGALS8	3	0.0454	0.7427
ACTB	LGALS8	3	0.0144	0.8004
KRT8	NDUFS8	3	0.1173	0.6743
LMNA	NDUFS8	3	0.0087	0.8211
ACTB	NDUFS8	3	0.0534	0.7335
KRT8	NFKBIE	3	0.0010	0.8573
ACTB	NFKBIE	3	0.0003	0.8647
KRT8	PSMD11	3	0.0058	0.8327
LMNA	PSMD11	3	0.0003	0.8647
ACTB	PSMD11	3	0.0118	0.8094
CTNNA1	PSMD11	3	0.0001	0.8682
MAPRE3	PSMD11	3	0.0000	0.8712
KRT8	PSMD12	3	0.2264	0.5810
LMNA	PSMD12	3	0.0675	0.7193
ACTB	PSMD12	3	0.1869	0.6126
CTNNA1	PSMD12	3	0.0222	0.7786
MAPRE3	PSMD12	3	0.0304	0.7632
KRT8	PSMD9	3	0.0272	0.7688
LMNA	PSMD9	3	0.0199	0.7843
ACTB	PSMD9	3	0.0001	0.8682
CTNNA1	PSMD9	3	0.0509	0.7363
MAPRE3	PSMD9	3	0.0334	0.7585
LMNA	ATOX1	3	0.0335	0.7584
ACTB	ATOX1	3	0.0078	0.8246
CTNNA1	ATOX1	3	0.0136	0.8031
MAPRE3	ATOX1	3	0.0108	0.8130
KRT8	MEN1	3	1.0000	0.0000
LMNA	MEN1	3	0.3333	0.4115
LMNA	CBX4	3	0.0435	0.7451
MAPRE3	CBX4	3	0.0283	0.7669
KRT8	PGRMC1	3	0.1185	0.6730
LMNA	PGRMC1	3	0.0894	0.6988
ACTB	PGRMC1	3	0.1467	0.6480
MAPRE3	PGRMC1	3	0.0198	0.7847
KRT8	SUPT5H	3	0.0140	0.8018
LMNA	SUPT5H	3	0.3781	0.3051
ACTB	SUPT5H	3	0.0054	0.8345
MAPRE3	SUPT5H	3	0.0005	0.8621
KRT8	TAF4	3	0.0007	0.8600
LMNA	TAF4	3	0.0011	0.8566
ACTB	TAF4	3	0.0000	0.8712
MAPRE3	TAF4	3	0.0000	0.8712
KRT8	DFFA	3	0.0052	0.8354
LMNA	DFFA	3	0.0042	0.8397
ACTB	DFFA	3	0.0073	0.8266
KRT8	HIP1	3	0.3333	0.4115
ACTB	HIP1	3	0.3333	0.4115
KRT8	CLIC1	3	0.1199	0.6719
LMNA	CLIC1	3	0.0589	0.7274
ACTB	CLIC1	3	0.0639	0.7227
CTNNA1	CLIC1	3	0.0066	0.8297
MAPRE3	CLIC1	3	0.0169	0.7924
KRT8	EIF3F	3	0.3163	0.4872
LMNA	EIF3F	3	0.1197	0.6721
ACTB	EIF3F	3	0.2593	0.5516
CTNNA1	EIF3F	3	0.0305	0.7631
MAPRE3	EIF3F	3	0.0847	0.7026
LMNA	CDC7	3	0.0975	0.6912
MAPRE3	CDC7	3	0.0194	0.7859
ACTB	DCTN6	3	0.0081	0.8234
KRT8	SLC33A1	3	0.0815	0.7063
LMNA	SLC33A1	3	0.5782	0.1627
ACTB	SLC33A1	3	0.0056	0.8337
KRT8	WASL	3	0.2934	0.5169
LMNA	WASL	3	0.0624	0.7243
ACTB	WASL	3	0.5376	0.1745
CTNNA1	WASL	3	0.1229	0.6691
MAPRE3	WASL	3	0.2551	0.5553
KRT8	PDE2A	3	0.0832	0.7041
LMNA	PDE2A	3	0.0001	0.8682
ACTB	PDE2A	3	0.0132	0.8047
CTNNA1	PDE2A	3	0.0012	0.8558
MAPRE3	PDE2A	3	0.0052	0.8354
KRT8	IPO5	3	0.3592	0.3459
LMNA	IPO5	3	0.2606	0.5504
ACTB	IPO5	3	0.2994	0.5099
CTNNA1	IPO5	3	0.0475	0.7403
MAPRE3	IPO5	3	0.1284	0.6644
KRT8	POLRMT	3	0.4474	0.2198
LMNA	POLRMT	3	0.1062	0.6836
ACTB	POLRMT	3	0.1961	0.6057
KRT8	EEF2K	3	0.2989	0.5108
LMNA	EEF2K	3	0.0005	0.8621
ACTB	EEF2K	3	0.0188	0.7873
MAPRE3	EEF2K	3	0.0041	0.8402
KRT8	IGF2BP3	3	0.3125	0.4928
LMNA	IGF2BP3	3	0.1595	0.6368
ACTB	IGF2BP3	3	0.2334	0.5754
CTNNA1	IGF2BP3	3	0.0213	0.7808
MAPRE3	IGF2BP3	3	0.1520	0.6438
KRT8	DNM1L	3	0.2751	0.5353
LMNA	DNM1L	3	0.1611	0.6354
ACTB	DNM1L	3	0.2679	0.5429
CTNNA1	DNM1L	3	0.0810	0.7068
MAPRE3	DNM1L	3	0.1774	0.6215
KRT8	PIK3C2A	3	0.3834	0.2947
LMNA	PIK3C2A	3	0.1536	0.6423
ACTB	PIK3C2A	3	0.2967	0.5132
CTNNA1	PIK3C2A	3	0.1623	0.6343
MAPRE3	PIK3C2A	3	0.2501	0.5606
KRT8	PLK4	3	0.1846	0.6148
ACTB	PLK4	3	0.2388	0.5708
MAPRE3	PLK4	3	0.0017	0.8526
ACTB	IFRD1	3	0.0042	0.8397
KRT8	PIK3R2	3	0.0083	0.8228
ACTB	PIK3R2	3	0.0137	0.8027
MAPRE3	PIK3R2	3	0.0018	0.8519
KRT8	TRAF5	3	0.2967	0.5132
ACTB	TRAF5	3	0.0189	0.7871
MAPRE3	TRAF5	3	0.0010	0.8573
KRT8	PLOD2	3	0.0098	0.8168
LMNA	PLOD2	3	0.0125	0.8071
ACTB	PLOD2	3	0.0120	0.8088
CTNNA1	PLOD2	3	0.0129	0.8057
MAPRE3	PLOD2	3	0.0049	0.8367
KRT8	EXOC5	3	0.3414	0.3885
LMNA	EXOC5	3	0.0006	0.8612
ACTB	EXOC5	3	0.3406	0.3910
KRT8	ELL2	3	0.0009	0.8582
LMNA	ELL2	3	0.1637	0.6327
ACTB	ELL2	3	0.0021	0.8502
MAPRE3	ELL2	3	0.0003	0.8647
KRT8	NDUFA4	3	0.1690	0.6288
LMNA	NDUFA4	3	0.0978	0.6907
ACTB	NDUFA4	3	0.1922	0.6089
CTNNA1	NDUFA4	3	0.0151	0.7980
MAPRE3	NDUFA4	3	0.0398	0.7496
KRT8	PSMD14	3	0.2907	0.5199
LMNA	PSMD14	3	0.1177	0.6737
ACTB	PSMD14	3	0.2547	0.5555
CTNNA1	PSMD14	3	0.0057	0.8332
MAPRE3	PSMD14	3	0.0725	0.7150
KRT8	BIN1	3	0.0090	0.8199
LMNA	BIN1	3	0.0165	0.7936
ACTB	BIN1	3	0.0089	0.8203
CTNNA1	BIN1	3	0.0188	0.7873
MAPRE3	BIN1	3	0.0022	0.8496
KRT8	KPNA3	3	0.3369	0.4011
LMNA	KPNA3	3	0.3828	0.2965
ACTB	KPNA3	3	0.2802	0.5297
CTNNA1	KPNA3	3	0.0930	0.6955
MAPRE3	KPNA3	3	0.2081	0.5969
LMNA	BCL9	3	0.0051	0.8359
KRT8	KRIT1	3	0.0643	0.7222
LMNA	KRIT1	3	0.0022	0.8496
ACTB	KRIT1	3	0.0200	0.7840
KRT8	PES1	3	0.0005	0.8621
LMNA	PES1	3	0.0056	0.8337
ACTB	PES1	3	0.0003	0.8647
CTNNA1	PES1	3	0.0000	0.8712
MAPRE3	PES1	3	0.0000	0.8712
KRT8	SDCBP	3	0.0920	0.6963
LMNA	SDCBP	3	0.0556	0.7309
ACTB	SDCBP	3	0.0456	0.7424
CTNNA1	SDCBP	3	0.0007	0.8600
MAPRE3	SDCBP	3	0.0046	0.8380
KRT8	PITPNM1	3	0.1639	0.6326
ACTB	PITPNM1	3	0.0520	0.7350
MAPRE3	PITPNM1	3	0.0042	0.8397
KRT8	MPHOSPH10	3	0.0017	0.8526
LMNA	MPHOSPH10	3	0.0024	0.8483
MAPRE3	MPHOSPH10	3	0.0000	0.8712
KRT8	NOP56	3	0.0970	0.6917
LMNA	NOP56	3	0.2248	0.5824
ACTB	NOP56	3	0.1331	0.6603
CTNNA1	NOP56	3	0.0078	0.8246
MAPRE3	NOP56	3	0.0550	0.7317
KRT8	DDX3X	3	0.3803	0.3005
LMNA	DDX3X	3	0.0964	0.6922
ACTB	DDX3X	3	0.2870	0.5242
CTNNA1	DDX3X	3	0.0660	0.7206
MAPRE3	DDX3X	3	0.1947	0.6071
ACTB	PODXL	3	0.0391	0.7503
KRT8	PIR	3	0.0018	0.8519
LMNA	KPNA4	3	0.4480	0.2187
ACTB	KPNA4	3	0.0080	0.8239
KRT8	NFIB	3	0.0060	0.8320
LMNA	NFIB	3	0.1445	0.6499
LMNA	E2F3	3	0.6473	0.1482
KRT8	PPP6C	3	0.0520	0.7350
LMNA	PPP6C	3	0.0096	0.8174
ACTB	PPP6C	3	0.0095	0.8177
KRT8	PIK3C2B	3	0.1992	0.6036
ACTB	PIK3C2B	3	0.0136	0.8031
KRT8	UBE2C	3	0.0051	0.8359
ACTB	UBE2C	3	0.0129	0.8057
KRT8	ACACB	3	0.0353	0.7559
LMNA	ACACB	3	0.0155	0.7966
ACTB	ACACB	3	0.0133	0.8044
CTNNA1	ACACB	3	0.0157	0.7961
MAPRE3	ACACB	3	0.0146	0.7997
KRT8	SCD	3	0.0737	0.7137
LMNA	SCD	3	0.9993	0.0000
KRT8	ARID1A	3	0.0000	0.8712
LMNA	ARID1A	3	0.0037	0.8419
ACTB	ARID1A	3	0.0009	0.8582
MAPRE3	ARID1A	3	0.0001	0.8682
LMNA	BHLHE40	3	0.0581	0.7282
KRT8	NCKAP5	3	0.4194	0.2428
ACTB	NCKAP5	3	0.0107	0.8132
MAPRE3	NCKAP5	3	0.8365	0.0153
KRT8	NEMP1	3	0.2189	0.5876
ACTB	NEMP1	3	0.0108	0.8130
KRT8	TXNDC9	3	0.2801	0.5298
LMNA	TXNDC9	3	0.3467	0.3709
ACTB	TXNDC9	3	0.3807	0.3000
CTNNA1	TXNDC9	3	0.1301	0.6631
MAPRE3	TXNDC9	3	0.2704	0.5405
KRT8	UBFD1	3	0.0710	0.7163
LMNA	UBFD1	3	0.0149	0.7987
ACTB	UBFD1	3	0.0153	0.7974
CTNNA1	UBFD1	3	0.0048	0.8371
MAPRE3	UBFD1	3	0.0012	0.8558
KRT8	CIT	3	0.0067	0.8294
LMNA	CIT	3	0.0011	0.8566
ACTB	CIT	3	0.0112	0.8115
MAPRE3	CIT	3	0.0006	0.8612
KRT8	CDC42EP2	3	0.2451	0.5658
LMNA	CDC42EP2	3	0.1860	0.6137
ACTB	CDC42EP2	3	0.0886	0.6993
CTNNA1	CDC42EP2	3	0.0354	0.7557
MAPRE3	CDC42EP2	3	0.2611	0.5499
KRT8	AP3D1	3	0.0100	0.8159
LMNA	AP3D1	3	0.0017	0.8526
ACTB	AP3D1	3	0.0051	0.8359
CTNNA1	AP3D1	3	0.0000	0.8712
MAPRE3	AP3D1	3	0.0004	0.8632
KRT8	CCS	3	0.0082	0.8230
LMNA	CCS	3	0.0366	0.7537
ACTB	CCS	3	0.0322	0.7603
CTNNA1	CCS	3	0.0112	0.8115
MAPRE3	CCS	3	0.0026	0.8473
LMNA	ZNF195	3	0.0248	0.7731
KRT8	ABLIM1	3	0.2308	0.5774
LMNA	ABLIM1	3	0.0515	0.7355
ACTB	ABLIM1	3	0.5239	0.1780
CTNNA1	ABLIM1	3	0.0957	0.6929
MAPRE3	ABLIM1	3	0.1198	0.6720
KRT8	DVL1	3	0.0977	0.6909
LMNA	DVL1	3	0.0008	0.8590
ACTB	DVL1	3	0.0136	0.8031
CTNNA1	DVL1	3	0.0002	0.8663
MAPRE3	DVL1	3	0.0016	0.8531
KRT8	DVL2	3	0.4243	0.2403
LMNA	DVL2	3	0.2240	0.5829
ACTB	DVL2	3	0.3714	0.3202
CTNNA1	DVL2	3	0.1776	0.6213
MAPRE3	DVL2	3	0.2957	0.5142
KRT8	CHD1	3	0.0004	0.8632
LMNA	CHD1	3	0.0134	0.8040
ACTB	CHD1	3	0.0002	0.8663
MAPRE3	CHD1	3	0.0000	0.8712
LMNA	CHD2	3	0.2227	0.5843
LMNA	GOSR2	3	0.1610	0.6355
ACTB	GOSR2	3	0.0397	0.7498
MAPRE3	GOSR2	3	0.0098	0.8168
KRT8	EI24	3	0.6667	0.0696
LMNA	EI24	3	1.0000	0.0000
ACTB	EI24	3	0.3333	0.4115
KRT8	KMT2D	3	0.0070	0.8278
LMNA	KMT2D	3	0.0114	0.8107
ACTB	KMT2D	3	0.0055	0.8342
MAPRE3	KMT2D	3	0.0000	0.8712
KRT8	RGPD8	3	0.0000	0.8712
KRT8	APAF1	3	0.3333	0.4115
KRT8	RIOK3	3	0.0011	0.8566
ACTB	RIOK3	3	0.0098	0.8168
MAPRE3	RIOK3	3	0.0003	0.8647
LMNA	IMPA2	3	0.0091	0.8194
MAPRE3	IMPA2	3	0.0006	0.8612
KRT8	ACOT8	3	0.0198	0.7847
LMNA	ACOT8	3	0.0013	0.8550
ACTB	ACOT8	3	0.0003	0.8647
KRT8	CDIPT	3	0.4439	0.2236
LMNA	CDIPT	3	0.1418	0.6527
ACTB	CDIPT	3	0.1439	0.6504
CTNNA1	CDIPT	3	0.0309	0.7623
MAPRE3	CDIPT	3	0.0813	0.7065
KRT8	PDCD5	3	0.1056	0.6843
LMNA	PDCD5	3	0.0113	0.8111
ACTB	PDCD5	3	0.0113	0.8111
MAPRE3	PDCD5	3	0.0018	0.8519
KRT8	PRMT5	3	0.4135	0.2503
LMNA	PRMT5	3	0.1951	0.6067
ACTB	PRMT5	3	0.1860	0.6137
MAPRE3	PRMT5	3	0.1743	0.6244
KRT8	NHERF1	3	0.3136	0.4912
LMNA	NHERF1	3	0.1294	0.6636
ACTB	NHERF1	3	0.3272	0.4735
CTNNA1	NHERF1	3	0.0919	0.6964
MAPRE3	NHERF1	3	0.2235	0.5833
KRT8	CHEK1	3	0.0128	0.8061
LMNA	CHEK1	3	0.0095	0.8177
ACTB	CHEK1	3	0.0050	0.8364
MAPRE3	CHEK1	3	0.0001	0.8682
KRT8	TCERG1	3	0.0405	0.7487
LMNA	TCERG1	3	0.1939	0.6079
ACTB	TCERG1	3	0.1225	0.6693
CTNNA1	TCERG1	3	0.0005	0.8621
MAPRE3	TCERG1	3	0.1183	0.6732
KRT8	NDC80	3	0.7888	0.0241
LMNA	NDC80	3	0.0043	0.8392
ACTB	NDC80	3	0.0195	0.7855
CTNNA1	NDC80	3	0.0005	0.8621
MAPRE3	NDC80	3	0.0207	0.7823
KRT8	TNPO2	3	1.0000	0.0000
ACTB	TNPO2	3	0.0150	0.7983
KRT8	UNC13B	3	0.1703	0.6280
LMNA	UNC13B	3	0.0040	0.8407
ACTB	UNC13B	3	0.0185	0.7881
CTNNA1	UNC13B	3	0.0016	0.8531
MAPRE3	UNC13B	3	0.0017	0.8526
KRT8	POLR3A	3	0.0952	0.6934
ACTB	POLR3A	3	0.0102	0.8152
MAPRE3	POLR3A	3	0.0049	0.8367
KRT8	PSMA7	3	0.0476	0.7402
LMNA	PSMA7	3	0.0048	0.8371
ACTB	PSMA7	3	0.0180	0.7895
CTNNA1	PSMA7	3	0.0022	0.8496
KRT8	SCAMP3	3	0.0136	0.8031
KRT8	BACH1	3	0.1393	0.6547
KRT8	MGST3	3	0.1254	0.6672
LMNA	MGST3	3	0.0718	0.7156
ACTB	MGST3	3	0.0889	0.6992
CTNNA1	MGST3	3	0.0103	0.8147
MAPRE3	MGST3	3	0.0140	0.8018
KRT8	TAX1BP3	3	0.0026	0.8473
LMNA	TAX1BP3	3	0.0006	0.8612
ACTB	TAX1BP3	3	0.0024	0.8483
MAPRE3	TAX1BP3	3	0.0001	0.8682
KRT8	GIPC1	3	0.0065	0.8300
LMNA	GIPC1	3	0.0010	0.8573
ACTB	GIPC1	3	0.0117	0.8097
CTNNA1	GIPC1	3	0.0000	0.8712
MAPRE3	GIPC1	3	0.0002	0.8663
KRT8	IKBKB	3	0.0877	0.7000
LMNA	IKBKB	3	0.0082	0.8230
ACTB	IKBKB	3	0.0269	0.7694
CTNNA1	IKBKB	3	0.0007	0.8600
MAPRE3	IKBKB	3	0.0032	0.8442
KRT8	TIMM23;TIMM23B	3	0.0488	0.7386
LMNA	TIMM23;TIMM23B	3	0.0056	0.8337
ACTB	TIMM23;TIMM23B	3	0.0050	0.8364
MAPRE3	TIMM23;TIMM23B	3	0.0002	0.8663
KRT8	HAT1	3	0.2332	0.5755
LMNA	HAT1	3	0.2824	0.5276
ACTB	HAT1	3	0.1977	0.6046
CTNNA1	HAT1	3	0.0374	0.7527
MAPRE3	HAT1	3	0.0969	0.6918
KRT8	CASK	3	0.0111	0.8119
LMNA	CASK	3	0.0247	0.7735
ACTB	CASK	3	0.2308	0.5774
CTNNA1	CASK	3	0.0427	0.7460
MAPRE3	CASK	3	0.0130	0.8054
KRT8	PLD2	3	0.0509	0.7363
ACTB	PLD2	3	0.0042	0.8397
KRT8	MYL12A;MYL12B	3	0.0935	0.6951
LMNA	MYL12A;MYL12B	3	0.0265	0.7702
ACTB	MYL12A;MYL12B	3	0.1399	0.6542
CTNNA1	MYL12A;MYL12B	3	0.0053	0.8350
MAPRE3	MYL12A;MYL12B	3	0.0096	0.8174
KRT8	HGS	3	0.0510	0.7362
ACTB	HGS	3	0.0006	0.8612
KRT8	AURKA	3	0.3169	0.4862
LMNA	AURKA	3	0.1477	0.6470
ACTB	AURKA	3	0.2029	0.6009
CTNNA1	AURKA	3	0.0297	0.7646
MAPRE3	AURKA	3	0.2306	0.5777
KRT8	RAB29	3	0.3118	0.4936
LMNA	RAB29	3	0.3881	0.2847
ACTB	RAB29	3	0.2307	0.5776
CTNNA1	RAB29	3	0.0694	0.7175
MAPRE3	RAB29	3	0.0788	0.7088
KRT8	VPS26C	3	0.0109	0.8127
LMNA	VPS26C	3	0.0009	0.8582
ACTB	VPS26C	3	0.0059	0.8324
KRT8	PPP1R12A	3	0.2141	0.5914
LMNA	PPP1R12A	3	0.0944	0.6941
ACTB	PPP1R12A	3	0.3874	0.2860
CTNNA1	PPP1R12A	3	0.1333	0.6601
MAPRE3	PPP1R12A	3	0.2356	0.5733
KRT8	GAK	3	0.4266	0.2385
LMNA	GAK	3	0.2918	0.5188
ACTB	GAK	3	0.4151	0.2475
CTNNA1	GAK	3	0.1686	0.6290
MAPRE3	GAK	3	0.3213	0.4812
LMNA	ZNF263	3	0.3333	0.4115
KRT8	HNRNPDL	3	0.0314	0.7615
LMNA	HNRNPDL	3	0.0494	0.7380
ACTB	HNRNPDL	3	0.0771	0.7105
CTNNA1	HNRNPDL	3	0.0115	0.8103
MAPRE3	HNRNPDL	3	0.0073	0.8266
KRT8	XPO1	3	0.2354	0.5734
LMNA	XPO1	3	0.1438	0.6504
ACTB	XPO1	3	0.1797	0.6190
CTNNA1	XPO1	3	0.0232	0.7767
MAPRE3	XPO1	3	0.0675	0.7193
KRT8	BTAF1	3	0.0034	0.8433
LMNA	BTAF1	3	0.1175	0.6741
ACTB	BTAF1	3	0.0026	0.8473
MAPRE3	BTAF1	3	0.0000	0.8712
KRT8	ARHGEF10	3	0.3707	0.3228
LMNA	ARHGEF10	3	0.2093	0.5957
ACTB	ARHGEF10	3	0.3304	0.4689
CTNNA1	ARHGEF10	3	0.1468	0.6479
MAPRE3	ARHGEF10	3	0.2566	0.5541
KRT8	ZNF609	3	0.0007	0.8600
LMNA	ZNF609	3	0.0302	0.7637
ACTB	ZNF609	3	0.0007	0.8600
MAPRE3	ZNF609	3	0.0022	0.8496
KRT8	PDZD2	3	0.0081	0.8234
ACTB	PDZD2	3	0.0782	0.7093
CTNNA1	PDZD2	3	0.0030	0.8454
MAPRE3	PDZD2	3	0.0074	0.8260
KRT8	SPTBN2	3	0.1146	0.6763
LMNA	SPTBN2	3	0.0106	0.8138
ACTB	SPTBN2	3	0.2148	0.5908
CTNNA1	SPTBN2	3	0.0177	0.7904
MAPRE3	SPTBN2	3	0.0114	0.8107
KRT8	MAST4	3	0.0636	0.7230
ACTB	MAST4	3	0.0263	0.7706
MAPRE3	MAST4	3	0.2447	0.5662
KRT8	SEC16A	3	0.3410	0.3897
LMNA	SEC16A	3	0.0982	0.6903
ACTB	SEC16A	3	0.2156	0.5904
CTNNA1	SEC16A	3	0.0676	0.7192
MAPRE3	SEC16A	3	0.1427	0.6517
KRT8	PLXNB2	3	0.0012	0.8558
ACTB	PLXNB2	3	0.0054	0.8345
KRT8	TECPR2	3	0.0149	0.7987
LMNA	TECPR2	3	0.0057	0.8332
ACTB	TECPR2	3	0.0067	0.8294
CTNNA1	TECPR2	3	0.0087	0.8211
MAPRE3	TECPR2	3	0.0007	0.8600
KRT8	U2SURP	3	0.2200	0.5871
LMNA	U2SURP	3	0.3091	0.4971
ACTB	U2SURP	3	0.2431	0.5674
CTNNA1	U2SURP	3	0.0482	0.7395
MAPRE3	U2SURP	3	0.1971	0.6050
KRT8	SETD1A	3	0.0631	0.7236
LMNA	SETD1A	3	0.0005	0.8621
ACTB	SETD1A	3	0.0018	0.8519
KRT8	TRANK1	3	0.0000	0.8712
LMNA	KDM6B	3	0.0018	0.8519
KRT8	SYNJ2	3	0.3680	0.3274
LMNA	SYNJ2	3	0.1514	0.6442
ACTB	SYNJ2	3	0.3667	0.3307
CTNNA1	SYNJ2	3	0.2172	0.5890
MAPRE3	SYNJ2	3	0.3232	0.4790
KRT8	SYNM	3	0.7246	0.0431
LMNA	SYNM	3	0.0017	0.8526
ACTB	SYNM	3	0.0164	0.7940
CTNNA1	SYNM	3	0.0020	0.8508
MAPRE3	SYNM	3	0.0058	0.8327
KRT8	GARRE1	3	0.1669	0.6302
ACTB	GARRE1	3	0.0014	0.8544
KRT8	KIF3B	3	0.0164	0.7940
MAPRE3	KIF3B	3	0.0002	0.8663
KRT8	PFAS	3	0.0537	0.7333
LMNA	PFAS	3	0.0197	0.7849
ACTB	PFAS	3	0.0187	0.7876
CTNNA1	PFAS	3	0.0090	0.8199
MAPRE3	PFAS	3	0.0048	0.8371
KRT8	DCLK1	3	0.0154	0.7970
ACTB	DCLK1	3	0.0225	0.7780
MAPRE3	DCLK1	3	0.0043	0.8392
KRT8	CEP290	3	0.3681	0.3272
ACTB	CEP290	3	0.0030	0.8454
MAPRE3	CEP290	3	0.0065	0.8300
KRT8	ANKRD28	3	0.5036	0.1886
LMNA	ANKRD28	3	0.2408	0.5692
ACTB	ANKRD28	3	0.4461	0.2217
CTNNA1	ANKRD28	3	0.4416	0.2259
MAPRE3	ANKRD28	3	0.4494	0.2175
KRT8	ARHGEF11	3	0.2370	0.5722
ACTB	ARHGEF11	3	0.4866	0.1941
MAPRE3	ARHGEF11	3	0.0056	0.8337
KRT8	PRORP	3	0.9292	0.0047
LMNA	PRORP	3	0.0618	0.7250
ACTB	PRORP	3	0.1168	0.6747
CTNNA1	PRORP	3	0.0126	0.8068
MAPRE3	PRORP	3	0.0413	0.7476
KRT8	CHUK	3	0.0165	0.7936
ACTB	CHUK	3	0.0069	0.8283
MAPRE3	CHUK	3	0.0001	0.8682
LMNA	NPC1	3	0.3517	0.3605
LMNA	TBX3	3	0.0090	0.8199
KRT8	DEGS1	3	0.0156	0.7963
LMNA	DEGS1	3	0.0200	0.7840
ACTB	DEGS1	3	0.0277	0.7678
MAPRE3	DEGS1	3	0.0001	0.8682
KRT8	SCAMP1	3	0.0014	0.8544
ACTB	SCAMP1	3	0.0177	0.7904
KRT8	ARPC1B	3	0.2582	0.5526
LMNA	ARPC1B	3	0.0610	0.7257
ACTB	ARPC1B	3	0.4670	0.2063
CTNNA1	ARPC1B	3	0.0201	0.7837
MAPRE3	ARPC1B	3	0.0270	0.7692
KRT8	ARPC2	3	0.2563	0.5544
LMNA	ARPC2	3	0.1174	0.6742
ACTB	ARPC2	3	0.3802	0.3011
CTNNA1	ARPC2	3	0.0378	0.7522
MAPRE3	ARPC2	3	0.1575	0.6388
KRT8	ARPC3	3	0.0220	0.7790
LMNA	ARPC3	3	0.0034	0.8433
ACTB	ARPC3	3	0.0632	0.7234
CTNNA1	ARPC3	3	0.0011	0.8566
MAPRE3	ARPC3	3	0.0001	0.8682
KRT8	BET1	3	0.0848	0.7025
LMNA	BET1	3	0.5792	0.1623
ACTB	BET1	3	0.0784	0.7091
CTNNA1	BET1	3	0.0422	0.7465
MAPRE3	BET1	3	0.0208	0.7820
KRT8	POLR1C	3	0.0070	0.8278
ACTB	POLR1C	3	0.0001	0.8682
MAPRE3	POLR1C	3	0.0000	0.8712
KRT8	TRIM24	3	0.0000	0.8712
LMNA	TRIM24	3	0.0019	0.8514
ACTB	TRIM24	3	0.0000	0.8712
MAPRE3	TRIM24	3	0.0000	0.8712
KRT8	AXIN1	3	0.0002	0.8663
ACTB	AXIN1	3	0.0000	0.8712
KRT8	PGRMC2	3	0.3028	0.5055
LMNA	PGRMC2	3	0.3185	0.4842
ACTB	PGRMC2	3	0.3215	0.4809
CTNNA1	PGRMC2	3	0.0325	0.7598
MAPRE3	PGRMC2	3	0.2243	0.5826
KRT8	RGL2	3	0.2118	0.5932
KRT8	PFDN6	3	0.3118	0.4936
ACTB	PFDN6	3	0.3796	0.3020
KRT8	WDR46	3	0.0052	0.8354
LMNA	WDR46	3	0.0029	0.8459
ACTB	WDR46	3	0.0030	0.8454
KRT8	NKRF	3	0.3231	0.4793
LMNA	NKRF	3	0.2351	0.5739
ACTB	NKRF	3	0.2173	0.5889
CTNNA1	NKRF	3	0.0541	0.7328
MAPRE3	NKRF	3	0.1560	0.6398
KRT8	GNPAT	3	0.3567	0.3493
LMNA	GNPAT	3	0.0059	0.8324
ACTB	GNPAT	3	0.0349	0.7564
MAPRE3	GNPAT	3	0.0025	0.8479
KRT8	ZNF185	3	0.0165	0.7936
ACTB	ZNF185	3	0.9813	0.0009
MAPRE3	ZNF185	3	0.0039	0.8410
MAPRE3	CASC3	3	0.3333	0.4115
KRT8	RER1	3	0.0054	0.8345
LMNA	RER1	3	0.0095	0.8177
ACTB	RER1	3	0.0020	0.8508
KRT8	SURF4	3	0.4034	0.2651
LMNA	SURF4	3	0.3679	0.3277
ACTB	SURF4	3	0.2870	0.5242
CTNNA1	SURF4	3	0.0592	0.7271
MAPRE3	SURF4	3	0.2228	0.5842
KRT8	SPTLC1	3	0.4631	0.2094
LMNA	SPTLC1	3	0.3436	0.3799
ACTB	SPTLC1	3	0.0129	0.8057
KRT8	FANCG	3	0.6662	0.1393
LMNA	FANCG	3	0.0154	0.7970
KRT8	OGT	3	0.2843	0.5263
LMNA	OGT	3	0.2404	0.5697
ACTB	OGT	3	0.2469	0.5638
CTNNA1	OGT	3	0.0292	0.7655
MAPRE3	OGT	3	0.1395	0.6545
LMNA	PMM2	3	0.0006	0.8612
CTNNA1	PMM2	3	0.0382	0.7515
MAPRE3	PMM2	3	0.0129	0.8057
KRT8	MID1	3	1.0000	0.0000
ACTB	MID1	3	0.3333	0.4115
KRT8	PPM1G	3	0.0448	0.7434
LMNA	PPM1G	3	0.2424	0.5679
ACTB	PPM1G	3	0.0535	0.7334
CTNNA1	PPM1G	3	0.0169	0.7924
MAPRE3	PPM1G	3	0.0107	0.8132
KRT8	INPPL1	3	0.3052	0.5024
LMNA	INPPL1	3	0.0783	0.7092
ACTB	INPPL1	3	0.2635	0.5479
CTNNA1	INPPL1	3	0.0555	0.7311
MAPRE3	INPPL1	3	0.1435	0.6509
KRT8	FANCA	3	0.0086	0.8215
LMNA	FANCA	3	0.0001	0.8682
ACTB	FANCA	3	0.0006	0.8612
KRT8	EIF3D	3	0.1884	0.6117
LMNA	EIF3D	3	0.0884	0.6995
ACTB	EIF3D	3	0.1393	0.6547
CTNNA1	EIF3D	3	0.0208	0.7820
MAPRE3	EIF3D	3	0.0498	0.7376
KRT8	EIF3H	3	0.0315	0.7614
LMNA	EIF3H	3	0.0031	0.8449
ACTB	EIF3H	3	0.0093	0.8186
CTNNA1	EIF3H	3	0.0001	0.8682
MAPRE3	EIF3H	3	0.0012	0.8558
KRT8	HDAC3	3	0.6667	0.0696
LMNA	HDAC3	3	0.3333	0.4115
KRT8	NVL	3	0.0001	0.8682
LMNA	NVL	3	0.0115	0.8103
ACTB	NVL	3	0.0016	0.8531
MAPRE3	NVL	3	0.0000	0.8712
KRT8	IPO8	3	0.4053	0.2627
LMNA	IPO8	3	0.2718	0.5390
ACTB	IPO8	3	0.2894	0.5217
CTNNA1	IPO8	3	0.1126	0.6783
MAPRE3	IPO8	3	0.2060	0.5986
KRT8	TNRC18	3	0.0002	0.8663
LMNA	TNRC18	3	0.0029	0.8459
KRT8	SLC16A3	3	0.2993	0.5104
LMNA	SLC16A3	3	0.1560	0.6398
ACTB	SLC16A3	3	0.1198	0.6720
CTNNA1	SLC16A3	3	0.0011	0.8566
MAPRE3	SLC16A3	3	0.0104	0.8144
KRT8	ABCC3	3	0.3333	0.4115
LMNA	ABCC3	3	0.3333	0.4115
KRT8	POLR1G	3	0.0005	0.8621
LMNA	POLR1G	3	0.0026	0.8473
ACTB	POLR1G	3	0.0001	0.8682
ACTB	P4HA2	3	0.0019	0.8514
LMNA	YKT6	3	0.2996	0.5097
ACTB	YKT6	3	0.0358	0.7551
KRT8	NUP42	3	0.0018	0.8519
ACTB	NUP42	3	0.0000	0.8712
KRT8	ARPC5	3	0.2051	0.5993
LMNA	ARPC5	3	0.1904	0.6105
ACTB	ARPC5	3	0.3092	0.4970
CTNNA1	ARPC5	3	0.0532	0.7338
MAPRE3	ARPC5	3	0.1113	0.6791
KRT8	CLOCK	3	0.3333	0.4115
KRT8	DDX3Y	3	0.3333	0.4115
LMNA	MAFG	3	0.6667	0.0696
KRT8	TAPBP	3	0.1536	0.6423
LMNA	TAPBP	3	0.1272	0.6655
ACTB	TAPBP	3	0.0807	0.7070
CTNNA1	TAPBP	3	0.0210	0.7816
MAPRE3	TAPBP	3	0.0325	0.7598
LMNA	RNF113A	3	0.6560	0.1455
LMNA	KDM6A	3	0.0002	0.8663
LMNA	KCNN4	3	0.6402	0.1504
KRT8	DHX15	3	0.0379	0.7520
LMNA	DHX15	3	0.2472	0.5634
ACTB	DHX15	3	0.0276	0.7680
CTNNA1	DHX15	3	0.0089	0.8203
MAPRE3	DHX15	3	0.0149	0.7987
KRT8	RNMT	3	0.0495	0.7379
LMNA	RNMT	3	0.2741	0.5365
ACTB	RNMT	3	0.0727	0.7147
CTNNA1	RNMT	3	0.0161	0.7948
MAPRE3	RNMT	3	0.0442	0.7442
KRT8	ZZEF1	3	0.0217	0.7797
ACTB	ZZEF1	3	0.0087	0.8211
KRT8	ASAP2	3	0.0044	0.8389
ACTB	ASAP2	3	0.0354	0.7557
MAPRE3	ASAP2	3	0.0004	0.8632
LMNA	TET3	3	0.3413	0.3890
KRT8	TTI1	3	0.0155	0.7966
LMNA	TTI1	3	0.0001	0.8682
ACTB	TTI1	3	0.0046	0.8380
MAPRE3	TTI1	3	0.0000	0.8712
KRT8	RRP8	3	0.0087	0.8211
LMNA	RRP8	3	0.0038	0.8415
ACTB	RRP8	3	0.0059	0.8324
KRT8	PJA2	3	0.3026	0.5058
ACTB	PJA2	3	0.0005	0.8621
KRT8	SIPA1L1	3	0.0208	0.7820
LMNA	SIPA1L1	3	0.0015	0.8537
ACTB	SIPA1L1	3	0.4551	0.2148
CTNNA1	SIPA1L1	3	0.0023	0.8489
MAPRE3	SIPA1L1	3	0.0051	0.8359
KRT8	CYB5B	3	0.0254	0.7720
LMNA	CYB5B	3	0.0199	0.7843
ACTB	CYB5B	3	0.0242	0.7746
CTNNA1	CYB5B	3	0.0001	0.8682
MAPRE3	CYB5B	3	0.0030	0.8454
KRT8	PRPF4	3	0.2624	0.5488
LMNA	PRPF4	3	0.3257	0.4760
ACTB	PRPF4	3	0.3104	0.4954
CTNNA1	PRPF4	3	0.0845	0.7028
MAPRE3	PRPF4	3	0.2988	0.5109
KRT8	PHGDH	3	0.0464	0.7415
LMNA	PHGDH	3	0.0137	0.8027
ACTB	PHGDH	3	0.0453	0.7428
CTNNA1	PHGDH	3	0.0033	0.8438
MAPRE3	PHGDH	3	0.0035	0.8429
LMNA	ADAM12	3	0.3333	0.4115
KRT8	IRAK2	3	0.3333	0.4115
KRT8	DYNC1LI2	3	0.2791	0.5316
LMNA	DYNC1LI2	3	0.0191	0.7866
ACTB	DYNC1LI2	3	0.3006	0.5085
CTNNA1	DYNC1LI2	3	0.0780	0.7095
MAPRE3	DYNC1LI2	3	0.2094	0.5957
KRT8	PSMD3	3	0.3364	0.4026
LMNA	PSMD3	3	0.0311	0.7620
ACTB	PSMD3	3	0.1102	0.6803
CTNNA1	PSMD3	3	0.0017	0.8526
MAPRE3	PSMD3	3	0.0092	0.8190
KRT8	PAPSS1	3	0.2346	0.5747
LMNA	PAPSS1	3	0.2504	0.5603
ACTB	PAPSS1	3	0.2262	0.5812
CTNNA1	PAPSS1	3	0.0449	0.7433
MAPRE3	PAPSS1	3	0.0682	0.7183
KRT8	ZW10	3	0.0776	0.7100
KRT8	SART1	3	0.0944	0.6941
LMNA	SART1	3	0.2307	0.5776
ACTB	SART1	3	0.1301	0.6631
CTNNA1	SART1	3	0.0165	0.7936
MAPRE3	SART1	3	0.1066	0.6832
KRT8	GPAA1	3	0.3536	0.3556
LMNA	GPAA1	3	0.1776	0.6213
KRT8	DAPK3	3	1.0000	0.0000
ACTB	DAPK3	3	1.0000	0.0000
MAPRE3	DAPK3	3	0.3333	0.4115
KRT8	TGFB1I1	3	0.3098	0.4961
LMNA	TGFB1I1	3	0.1482	0.6466
ACTB	TGFB1I1	3	0.2943	0.5159
CTNNA1	TGFB1I1	3	0.1021	0.6871
MAPRE3	TGFB1I1	3	0.1564	0.6395
LMNA	ZBTB43	3	1.0000	0.0000
KRT8	AP5Z1	3	0.0099	0.8164
KRT8	CCP110	3	0.0472	0.7407
LMNA	CCP110	3	0.0002	0.8663
ACTB	CCP110	3	0.0096	0.8174
CTNNA1	CCP110	3	0.0003	0.8647
MAPRE3	CCP110	3	0.0216	0.7801
ACTB	ARHGEF9	3	0.3333	0.4115
KRT8	CTIF	3	0.0274	0.7684
LMNA	CTIF	3	0.0001	0.8682
ACTB	CTIF	3	0.0124	0.8074
CTNNA1	CTIF	3	0.0000	0.8712
MAPRE3	CTIF	3	0.0025	0.8479
KRT8	PPIP5K2	3	0.0083	0.8228
LMNA	PPIP5K2	3	0.0032	0.8442
ACTB	PPIP5K2	3	0.0055	0.8342
CTNNA1	PPIP5K2	3	0.0000	0.8712
MAPRE3	PPIP5K2	3	0.0037	0.8419
KRT8	MAP3K7	3	0.1428	0.6515
ACTB	MAP3K7	3	0.3935	0.2765
MAPRE3	MAP3K7	3	0.0018	0.8519
LMNA	EEF1E1	3	0.0054	0.8345
ACTB	EEF1E1	3	0.0028	0.8464
CTNNA1	EEF1E1	3	0.0009	0.8582
MAPRE3	EEF1E1	3	0.0009	0.8582
KRT8	RIPK2	3	0.1591	0.6373
ACTB	RIPK2	3	0.0310	0.7621
KRT8	WDR62	3	0.3620	0.3406
ACTB	WDR62	3	0.1162	0.6752
MAPRE3	WDR62	3	0.2582	0.5526
KRT8	HNRNPR	3	0.0483	0.7393
LMNA	HNRNPR	3	0.0584	0.7279
ACTB	HNRNPR	3	0.0495	0.7379
CTNNA1	HNRNPR	3	0.0132	0.8047
MAPRE3	HNRNPR	3	0.0122	0.8082
KRT8	PRPF3	3	0.2231	0.5839
LMNA	PRPF3	3	0.3809	0.2994
ACTB	PRPF3	3	0.3001	0.5090
CTNNA1	PRPF3	3	0.1488	0.6461
MAPRE3	PRPF3	3	0.3109	0.4946
KRT8	TXNL1	3	0.2422	0.5679
LMNA	TXNL1	3	0.1304	0.6629
ACTB	TXNL1	3	0.3266	0.4745
CTNNA1	TXNL1	3	0.0250	0.7727
KRT8	TPD52L2	3	0.3080	0.4984
LMNA	TPD52L2	3	0.1794	0.6194
ACTB	TPD52L2	3	0.3008	0.5083
CTNNA1	TPD52L2	3	0.0852	0.7021
MAPRE3	TPD52L2	3	0.1599	0.6364
LMNA	EMC8	3	0.3439	0.3790
KRT8	SYNJ1	3	0.6513	0.1467
LMNA	SYNJ1	3	0.3333	0.4115
ACTB	SYNJ1	3	0.0392	0.7503
MAPRE3	SYNJ1	3	0.0057	0.8332
KRT8	EIF4G3	3	0.2523	0.5583
LMNA	EIF4G3	3	0.0677	0.7189
ACTB	EIF4G3	3	0.2722	0.5381
CTNNA1	EIF4G3	3	0.1286	0.6642
MAPRE3	EIF4G3	3	0.2380	0.5714
KRT8	PPIH	3	0.1227	0.6692
LMNA	PPIH	3	0.0181	0.7892
ACTB	PPIH	3	0.1372	0.6564
CTNNA1	PPIH	3	0.0529	0.7342
MAPRE3	PPIH	3	0.0148	0.7989
LMNA	KLF4	3	0.0344	0.7572
KRT8	OIP5	3	0.7634	0.0310
LMNA	OIP5	3	0.0122	0.8082
MAPRE3	OIP5	3	0.0010	0.8573
ACTB	PROM1	3	0.3333	0.4115
KRT8	EPB41L2	3	0.2073	0.5978
LMNA	EPB41L2	3	0.0332	0.7588
ACTB	EPB41L2	3	0.2791	0.5316
CTNNA1	EPB41L2	3	0.1507	0.6450
MAPRE3	EPB41L2	3	0.0938	0.6947
KRT8	RAD51C	3	0.0626	0.7242
LMNA	RAD51C	3	0.7423	0.0362
KRT8	LAMTOR5	3	0.0855	0.7018
LMNA	LAMTOR5	3	0.0823	0.7052
ACTB	LAMTOR5	3	0.0378	0.7522
CTNNA1	LAMTOR5	3	0.0823	0.7052
MAPRE3	LAMTOR5	3	0.0161	0.7948
ACTB	WIPF1	3	1.0000	0.0000
KRT8	FOXO3	3	0.0223	0.7784
LMNA	FOXO3	3	0.0081	0.8234
ACTB	FOXO3	3	0.0051	0.8359
KRT8	AKAP10	3	0.0101	0.8155
LMNA	AKAP10	3	0.0001	0.8682
ACTB	AKAP10	3	0.0034	0.8433
MAPRE3	AKAP10	3	0.0000	0.8712
KRT8	DENR	3	0.0819	0.7059
LMNA	DENR	3	0.0162	0.7946
ACTB	DENR	3	0.0662	0.7204
CTNNA1	DENR	3	0.0076	0.8253
MAPRE3	DENR	3	0.0063	0.8308
KRT8	XPOT	3	0.9999	0.0000
LMNA	XPOT	3	0.1133	0.6775
ACTB	XPOT	3	0.0140	0.8018
MAPRE3	XPOT	3	0.0110	0.8122
KRT8	DNPH1	3	0.3333	0.4115
LMNA	DNPH1	3	0.3333	0.4115
KRT8	TIMM44	3	0.5491	0.1711
LMNA	TIMM44	3	0.3074	0.4996
ACTB	TIMM44	3	0.1626	0.6341
CTNNA1	TIMM44	3	0.0557	0.7308
MAPRE3	TIMM44	3	0.0692	0.7176
KRT8	NCK2	3	0.6667	0.0696
KRT8	PLRG1	3	0.1023	0.6870
LMNA	PLRG1	3	0.0141	0.8015
MAPRE3	PLRG1	3	0.0020	0.8508
KRT8	PRC1	3	0.0029	0.8459
LMNA	PRC1	3	0.0070	0.8278
ACTB	PRC1	3	0.0013	0.8550
MAPRE3	PRC1	3	0.0163	0.7943
KRT8	ZNF207	3	0.0352	0.7561
LMNA	ZNF207	3	0.1636	0.6329
ACTB	ZNF207	3	0.0553	0.7314
CTNNA1	ZNF207	3	0.0082	0.8230
MAPRE3	ZNF207	3	0.0204	0.7829
KRT8	BUB1	3	0.0279	0.7675
LMNA	BUB1	3	0.0064	0.8304
ACTB	BUB1	3	0.0178	0.7901
CTNNA1	BUB1	3	0.0001	0.8682
MAPRE3	BUB1	3	0.0068	0.8289
KRT8	BUB3	3	0.0732	0.7142
LMNA	BUB3	3	0.0677	0.7189
ACTB	BUB3	3	0.0884	0.6995
CTNNA1	BUB3	3	0.0147	0.7993
MAPRE3	BUB3	3	0.0164	0.7940
KRT8	ACTN4	3	0.2041	0.6002
LMNA	ACTN4	3	0.1035	0.6860
ACTB	ACTN4	3	0.5440	0.1723
CTNNA1	ACTN4	3	0.0823	0.7052
MAPRE3	ACTN4	3	0.0940	0.6945
KRT8	HTATSF1	3	0.0004	0.8632
LMNA	HTATSF1	3	0.0195	0.7855
ACTB	HTATSF1	3	0.0012	0.8558
CTNNA1	HTATSF1	3	0.0000	0.8712
MAPRE3	HTATSF1	3	0.0001	0.8682
KRT8	KDELR3	3	0.0152	0.7977
LMNA	KDELR3	3	0.0018	0.8519
ACTB	KDELR3	3	0.0015	0.8537
KRT8	CYTH3	3	1.0000	0.0000
KRT8	AP1G1	3	0.0153	0.7974
LMNA	AP1G1	3	0.0051	0.8359
ACTB	AP1G1	3	0.0032	0.8442
CTNNA1	AP1G1	3	0.0007	0.8600
MAPRE3	AP1G1	3	0.0001	0.8682
LMNA	STX6	3	0.0013	0.8550
KRT8	ENSA	3	0.0126	0.8068
LMNA	ENSA	3	0.0064	0.8304
ACTB	ENSA	3	0.0268	0.7697
CTNNA1	ENSA	3	0.0001	0.8682
MAPRE3	ENSA	3	0.0047	0.8376
KRT8	SLC25A20	3	1.0000	0.0000
LMNA	SLC25A20	3	1.0000	0.0000
CTNNA1	SLC25A20	3	0.1691	0.6288
KRT8	NARS1	3	0.2400	0.5699
LMNA	NARS1	3	0.0577	0.7287
ACTB	NARS1	3	0.2396	0.5703
CTNNA1	NARS1	3	0.0074	0.8260
MAPRE3	NARS1	3	0.0683	0.7182
KRT8	MYO1B	3	0.0183	0.7886
LMNA	MYO1B	3	0.0014	0.8544
ACTB	MYO1B	3	0.0876	0.7001
CTNNA1	MYO1B	3	0.0008	0.8590
MAPRE3	MYO1B	3	0.0006	0.8612
KRT8	NUDT21	3	0.0003	0.8647
LMNA	NUDT21	3	0.0023	0.8489
ACTB	NUDT21	3	0.0007	0.8600
MAPRE3	NUDT21	3	0.0000	0.8712
KRT8	LANCL1	3	0.0272	0.7688
LMNA	LANCL1	3	0.0181	0.7892
ACTB	LANCL1	3	0.0431	0.7456
CTNNA1	LANCL1	3	0.0175	0.7909
MAPRE3	LANCL1	3	0.0075	0.8257
KRT8	STRN	3	0.0116	0.8099
LMNA	STRN	3	0.0001	0.8682
ACTB	STRN	3	0.0123	0.8079
CTNNA1	STRN	3	0.0004	0.8632
MAPRE3	STRN	3	0.0019	0.8514
ACTB	CFAP410	3	0.0000	0.8712
KRT8	AKAP8	3	0.2362	0.5728
LMNA	AKAP8	3	0.3385	0.3973
ACTB	AKAP8	3	0.2013	0.6021
MAPRE3	AKAP8	3	0.0903	0.6980
KRT8	GTPBP6	3	1.0000	0.0000
LMNA	GTPBP6	3	0.0167	0.7929
ACTB	GTPBP6	3	0.0189	0.7871
MAPRE3	GTPBP6	3	0.0018	0.8519
KRT8	SLC37A4	3	0.6667	0.0696
KRT8	NRDC	3	0.0769	0.7107
LMNA	NRDC	3	0.0250	0.7727
ACTB	NRDC	3	0.0295	0.7650
CTNNA1	NRDC	3	0.0090	0.8199
MAPRE3	NRDC	3	0.0042	0.8397
KRT8	AHCYL1	3	0.2517	0.5586
LMNA	AHCYL1	3	0.1163	0.6750
ACTB	AHCYL1	3	0.2550	0.5553
CTNNA1	AHCYL1	3	0.0958	0.6928
MAPRE3	AHCYL1	3	0.1422	0.6522
KRT8	KIF1C	3	0.0124	0.8074
LMNA	KIF1C	3	0.0002	0.8663
ACTB	KIF1C	3	0.0093	0.8186
MAPRE3	KIF1C	3	0.0045	0.8384
KRT8	ORC5	3	0.0141	0.8015
LMNA	ORC5	3	0.1199	0.6719
ACTB	ORC5	3	0.0132	0.8047
MAPRE3	ORC5	3	0.0009	0.8582
KRT8	ORC4	3	0.0721	0.7153
LMNA	ORC4	3	0.1360	0.6580
ACTB	ORC4	3	0.0154	0.7970
MAPRE3	ORC4	3	0.0016	0.8531
KRT8	PEX1	3	0.0275	0.7681
ACTB	PEX1	3	0.0441	0.7444
MAPRE3	PEX1	3	0.0005	0.8621
KRT8	RAD21	3	0.2574	0.5535
LMNA	RAD21	3	0.1945	0.6073
ACTB	RAD21	3	0.1426	0.6519
CTNNA1	RAD21	3	0.0262	0.7708
MAPRE3	RAD21	3	0.0408	0.7483
KRT8	DHX16	3	0.0054	0.8345
LMNA	DHX16	3	0.0197	0.7849
ACTB	DHX16	3	0.0114	0.8107
MAPRE3	DHX16	3	0.0003	0.8647
ACTB	PPP1R12B	3	1.0000	0.0000
KRT8	MED14	3	0.1364	0.6573
LMNA	MED14	3	0.0023	0.8489
ACTB	MED14	3	0.0082	0.8230
KRT8	PCDH7	3	0.3069	0.5004
ACTB	PCDH7	3	0.0078	0.8246
CTNNA1	PCDH7	3	0.0012	0.8558
KRT8	PRPSAP2	3	0.0022	0.8496
ACTB	PRPSAP2	3	0.0009	0.8582
KRT8	SMARCA5	3	0.2792	0.5315
LMNA	SMARCA5	3	0.3049	0.5028
ACTB	SMARCA5	3	0.2472	0.5634
CTNNA1	SMARCA5	3	0.0818	0.7060
MAPRE3	SMARCA5	3	0.2129	0.5925
KRT8	SPAG9	3	0.0145	0.8000
LMNA	SPAG9	3	0.0003	0.8647
ACTB	SPAG9	3	0.0147	0.7993
CTNNA1	SPAG9	3	0.0002	0.8663
MAPRE3	SPAG9	3	0.0025	0.8479
LMNA	ZNF292	3	0.0000	0.8712
KRT8	URB1	3	0.0107	0.8132
LMNA	URB1	3	0.0080	0.8239
ACTB	URB1	3	0.0017	0.8526
MAPRE3	URB1	3	0.0003	0.8647
KRT8	SIPA1L3	3	0.0806	0.7071
ACTB	SIPA1L3	3	0.0739	0.7135
CTNNA1	SIPA1L3	3	0.0071	0.8274
MAPRE3	SIPA1L3	3	0.0028	0.8464
KRT8	ZFC3H1	3	0.0007	0.8600
LMNA	ZFC3H1	3	0.0009	0.8582
ACTB	ZFC3H1	3	0.0003	0.8647
MAPRE3	ZFC3H1	3	0.0013	0.8550
LMNA	LCMT2	3	0.0467	0.7413
ACTB	LCMT2	3	0.0299	0.7642
CTNNA1	LCMT2	3	0.0127	0.8065
KRT8	TRAK2	3	0.0844	0.7029
ACTB	TRAK2	3	0.0040	0.8407
KRT8	KATNIP	3	0.3686	0.3251
ACTB	KATNIP	3	0.0089	0.8203
MAPRE3	KATNIP	3	0.0961	0.6925
KRT8	AQR	3	0.0027	0.8469
LMNA	AQR	3	0.0083	0.8228
ACTB	AQR	3	0.0018	0.8519
CTNNA1	AQR	3	0.0000	0.8712
MAPRE3	AQR	3	0.0002	0.8663
KRT8	MAST3	3	0.0019	0.8514
MAPRE3	MAST3	3	0.0000	0.8712
KRT8	CEP104	3	0.3333	0.4115
MAPRE3	CEP104	3	1.0000	0.0000
KRT8	OPA1	3	0.0573	0.7292
LMNA	OPA1	3	0.0020	0.8508
ACTB	OPA1	3	0.0011	0.8566
MAPRE3	OPA1	3	0.0006	0.8612
LMNA	ZEB2	3	0.3079	0.4986
KRT8	MCM3AP	3	0.0121	0.8085
LMNA	MCM3AP	3	0.3068	0.5006
ACTB	MCM3AP	3	0.0056	0.8337
CTNNA1	MCM3AP	3	0.0001	0.8682
MAPRE3	MCM3AP	3	0.0011	0.8566
KRT8	KIF1B	3	0.3542	0.3545
LMNA	KIF1B	3	0.0209	0.7817
ACTB	KIF1B	3	0.0763	0.7112
CTNNA1	KIF1B	3	0.0101	0.8155
MAPRE3	KIF1B	3	0.0999	0.6890
KRT8	MAPKBP1	3	0.2434	0.5672
ACTB	MAPKBP1	3	0.0345	0.7570
MAPRE3	MAPKBP1	3	0.0859	0.7014
KRT8	KDM1A	3	0.4012	0.2664
LMNA	KDM1A	3	0.0412	0.7477
ACTB	KDM1A	3	0.0022	0.8496
KRT8	TBC1D4	3	0.0892	0.6990
LMNA	TBC1D4	3	0.0056	0.8337
ACTB	TBC1D4	3	0.0254	0.7720
MAPRE3	TBC1D4	3	0.0034	0.8433
KRT8	FADS1	3	0.0457	0.7424
LMNA	FADS1	3	0.0361	0.7545
ACTB	FADS1	3	0.0213	0.7808
MAPRE3	FADS1	3	0.0030	0.8454
KRT8	PPL	3	0.3472	0.3685
LMNA	PPL	3	0.0588	0.7275
ACTB	PPL	3	0.2136	0.5919
CTNNA1	PPL	3	0.1118	0.6788
MAPRE3	PPL	3	0.1411	0.6533
KRT8	GSDME	3	0.0576	0.7289
LMNA	GSDME	3	0.0024	0.8483
ACTB	GSDME	3	0.0200	0.7840
CTNNA1	GSDME	3	0.0004	0.8632
MAPRE3	GSDME	3	0.0025	0.8479
KRT8	EVI5	3	0.5381	0.1742
ACTB	EVI5	3	0.0066	0.8297
KRT8	ACSL4	3	0.2668	0.5440
LMNA	ACSL4	3	0.1986	0.6041
ACTB	ACSL4	3	0.2178	0.5884
CTNNA1	ACSL4	3	0.0464	0.7415
MAPRE3	ACSL4	3	0.0645	0.7221
KRT8	SNX3	3	0.2662	0.5447
LMNA	SNX3	3	0.1585	0.6379
ACTB	SNX3	3	0.2772	0.5333
CTNNA1	SNX3	3	0.0459	0.7421
MAPRE3	SNX3	3	0.0927	0.6958
LMNA	STX10	3	0.0064	0.8304
KRT8	OGA	3	0.0339	0.7580
LMNA	OGA	3	0.0015	0.8537
ACTB	OGA	3	0.0027	0.8469
CTNNA1	OGA	3	0.0001	0.8682
MAPRE3	OGA	3	0.0012	0.8558
KRT8	SORBS3	3	0.3150	0.4888
ACTB	SORBS3	3	0.0099	0.8164
KRT8	SYNCRIP	3	0.0976	0.6910
LMNA	SYNCRIP	3	0.0710	0.7163
ACTB	SYNCRIP	3	0.0905	0.6977
CTNNA1	SYNCRIP	3	0.0146	0.7997
MAPRE3	SYNCRIP	3	0.0284	0.7668
LMNA	CDC40	3	0.1722	0.6261
CTNNA1	B4GALT3	3	0.1641	0.6324
KRT8	RANBP6	3	0.1275	0.6650
LMNA	RANBP6	3	0.0942	0.6943
ACTB	RANBP6	3	0.0045	0.8384
MAPRE3	RANBP6	3	0.0000	0.8712
KRT8	NEMF	3	0.1927	0.6087
LMNA	NEMF	3	0.2139	0.5916
ACTB	NEMF	3	0.0654	0.7213
CTNNA1	NEMF	3	0.0039	0.8410
MAPRE3	NEMF	3	0.0250	0.7727
KRT8	GMDS	3	0.3091	0.4971
CTNNA1	GMDS	3	0.0018	0.8519
KRT8	NMT2	3	0.0525	0.7345
ACTB	NMT2	3	0.0161	0.7948
KRT8	CCNT1	3	0.0004	0.8632
LMNA	CCNT1	3	0.0243	0.7743
ACTB	CCNT1	3	0.0007	0.8600
MAPRE3	CCNT1	3	0.0015	0.8537
KRT8	BUB1B	3	0.3726	0.3174
LMNA	BUB1B	3	0.1438	0.6504
ACTB	BUB1B	3	0.3973	0.2707
CTNNA1	BUB1B	3	0.2086	0.5966
MAPRE3	BUB1B	3	0.3468	0.3703
KRT8	EIF4E2	3	0.0308	0.7624
ACTB	EIF4E2	3	0.0058	0.8327
MAPRE3	EIF4E2	3	0.0023	0.8489
KRT8	DIAPH1	3	0.3203	0.4825
LMNA	DIAPH1	3	0.1978	0.6045
ACTB	DIAPH1	3	0.3843	0.2929
CTNNA1	DIAPH1	3	0.1315	0.6619
MAPRE3	DIAPH1	3	0.2396	0.5703
KRT8	EXOC3	3	0.0110	0.8122
LMNA	EXOC3	3	0.0003	0.8647
ACTB	EXOC3	3	0.0012	0.8558
CTNNA1	EXOC3	3	0.0000	0.8712
MAPRE3	EXOC3	3	0.0008	0.8590
KRT8	PDE8A	3	0.0084	0.8224
ACTB	PDE8A	3	0.0039	0.8410
CTNNA1	PDE8A	3	0.0000	0.8712
KRT8	PLIN3	3	0.3375	0.3998
LMNA	PLIN3	3	0.2430	0.5675
ACTB	PLIN3	3	0.3415	0.3876
CTNNA1	PLIN3	3	0.1334	0.6601
MAPRE3	PLIN3	3	0.2225	0.5846
KRT8	PRMT3	3	0.4567	0.2137
LMNA	PRMT3	3	0.0694	0.7175
ACTB	PRMT3	3	0.0248	0.7731
CTNNA1	PRMT3	3	0.0054	0.8345
MAPRE3	PRMT3	3	0.0045	0.8384
KRT8	KPNA6	3	0.0291	0.7657
LMNA	KPNA6	3	0.1249	0.6676
ACTB	KPNA6	3	0.0066	0.8297
CTNNA1	KPNA6	3	0.0001	0.8682
MAPRE3	KPNA6	3	0.0006	0.8612
KRT8	UGDH	3	0.1831	0.6159
LMNA	UGDH	3	0.1348	0.6590
ACTB	UGDH	3	0.1401	0.6541
CTNNA1	UGDH	3	0.0291	0.7657
MAPRE3	UGDH	3	0.0784	0.7091
KRT8	CTNND1	3	0.0156	0.7963
LMNA	CTNND1	3	0.0019	0.8514
ACTB	CTNND1	3	0.0143	0.8008
CTNNA1	CTNND1	3	0.8443	0.0141
MAPRE3	CTNND1	3	0.0021	0.8502
KRT8	ICMT	3	1.0000	0.0000
LMNA	ICMT	3	0.3333	0.4115
KRT8	EIF1;EIF1B	3	0.0992	0.6896
LMNA	EIF1;EIF1B	3	0.0664	0.7202
ACTB	EIF1;EIF1B	3	0.1217	0.6702
CTNNA1	EIF1;EIF1B	3	0.0201	0.7837
MAPRE3	EIF1;EIF1B	3	0.0026	0.8473
KRT8	SNX2	3	0.0762	0.7113
LMNA	SNX2	3	0.0002	0.8663
ACTB	SNX2	3	0.0100	0.8159
MAPRE3	SNX2	3	0.0014	0.8544
KRT8	DPM1	3	0.0048	0.8371
KRT8	USO1	3	0.3833	0.2953
LMNA	USO1	3	0.3108	0.4948
ACTB	USO1	3	0.3717	0.3197
CTNNA1	USO1	3	0.1315	0.6619
MAPRE3	USO1	3	0.3128	0.4922
KRT8	TOM1	3	0.2341	0.5749
ACTB	TOM1	3	0.1129	0.6780
KRT8	H2BC12;H2BC12L;H2BC13;H2BC14;H2BC15;H2BC18;H2BC4;H2BC5;H2BC9	3	0.0029	0.8459
LMNA	H2BC12;H2BC12L;H2BC13;H2BC14;H2BC15;H2BC18;H2BC4;H2BC5;H2BC9	3	0.0671	0.7197
ACTB	H2BC12;H2BC12L;H2BC13;H2BC14;H2BC15;H2BC18;H2BC4;H2BC5;H2BC9	3	0.0272	0.7688
CTNNA1	H2BC12;H2BC12L;H2BC13;H2BC14;H2BC15;H2BC18;H2BC4;H2BC5;H2BC9	3	0.0160	0.7952
MAPRE3	H2BC12;H2BC12L;H2BC13;H2BC14;H2BC15;H2BC18;H2BC4;H2BC5;H2BC9	3	0.0090	0.8199
KRT8	PFKFB2	3	0.0032	0.8442
LMNA	PFKFB2	3	0.0078	0.8246
ACTB	PFKFB2	3	0.0138	0.8025
KRT8	CCDC22	3	0.7318	0.0415
LMNA	CCDC22	3	0.0028	0.8464
ACTB	CCDC22	3	0.1654	0.6315
CTNNA1	CCDC22	3	0.0002	0.8663
MAPRE3	CCDC22	3	0.0118	0.8094
LMNA	PQBP1	3	0.1049	0.6851
ACTB	PQBP1	3	0.0013	0.8550
MAPRE3	PQBP1	3	0.0013	0.8550
KRT8	PRAF2	3	0.3699	0.3239
LMNA	PRAF2	3	0.3005	0.5086
ACTB	PRAF2	3	0.2661	0.5450
CTNNA1	PRAF2	3	0.0582	0.7280
MAPRE3	PRAF2	3	0.1616	0.6351
KRT8	DKC1	3	0.0001	0.8682
LMNA	DKC1	3	0.0006	0.8612
ACTB	DKC1	3	0.0003	0.8647
CTNNA1	DKC1	3	0.0000	0.8712
MAPRE3	DKC1	3	0.0000	0.8712
KRT8	EIF5B	3	0.2865	0.5244
LMNA	EIF5B	3	0.1323	0.6613
ACTB	EIF5B	3	0.2986	0.5114
CTNNA1	EIF5B	3	0.0851	0.7022
MAPRE3	EIF5B	3	0.1758	0.6233
KRT8	EDF1	3	0.3699	0.3239
ACTB	EDF1	3	0.1125	0.6783
MAPRE3	EDF1	3	0.1406	0.6538
LMNA	KIN	3	0.2313	0.5770
KRT8	DIAPH2	3	0.2850	0.5257
LMNA	DIAPH2	3	0.0617	0.7252
ACTB	DIAPH2	3	0.3146	0.4894
CTNNA1	DIAPH2	3	0.0770	0.7105
MAPRE3	DIAPH2	3	0.2142	0.5912
LMNA	BRD4	3	0.0018	0.8519
ACTB	BRD4	3	0.0000	0.8712
KRT8	OPHN1	3	0.5001	0.1902
ACTB	OPHN1	3	0.9994	0.0000
KRT8	NBN	3	0.0007	0.8600
LMNA	NBN	3	0.0110	0.8122
ACTB	NBN	3	0.0020	0.8508
MAPRE3	NBN	3	0.0001	0.8682
KRT8	RNGTT	3	0.0050	0.8364
LMNA	RNGTT	3	0.0094	0.8181
ACTB	RNGTT	3	0.0002	0.8663
KRT8	ABCB7	3	0.3640	0.3346
LMNA	ABCB7	3	0.9899	0.0004
ACTB	ABCB7	3	0.0074	0.8260
CTNNA1	ABCB7	3	0.0094	0.8181
KRT8	SRGAP2	3	0.0186	0.7879
ACTB	SRGAP2	3	0.0639	0.7227
CTNNA1	SRGAP2	3	0.0001	0.8682
MAPRE3	SRGAP2	3	0.0019	0.8514
ACTB	DNAJC6	3	0.3333	0.4115
KRT8	WDR1	3	0.1799	0.6188
LMNA	WDR1	3	0.0110	0.8122
ACTB	WDR1	3	0.1828	0.6161
CTNNA1	WDR1	3	0.0283	0.7669
MAPRE3	WDR1	3	0.0364	0.7541
KRT8	ATP9A	3	0.0340	0.7578
LMNA	ATP9A	3	0.0095	0.8177
KRT8	N4BP1	3	0.0273	0.7686
LMNA	N4BP1	3	0.0013	0.8550
ACTB	N4BP1	3	0.0086	0.8215
MAPRE3	N4BP1	3	0.0012	0.8558
KRT8	ROCK2	3	0.2853	0.5251
LMNA	ROCK2	3	0.0611	0.7257
ACTB	ROCK2	3	0.2705	0.5405
CTNNA1	ROCK2	3	0.0914	0.6970
MAPRE3	ROCK2	3	0.1613	0.6352
KRT8	CLASP2	3	0.2735	0.5370
LMNA	CLASP2	3	0.0715	0.7159
ACTB	CLASP2	3	0.2324	0.5761
CTNNA1	CLASP2	3	0.1107	0.6795
MAPRE3	CLASP2	3	0.4058	0.2621
LMNA	ZNF623	3	1.0000	0.0000
KRT8	PTCD1	3	0.0071	0.8274
ACTB	PTCD1	3	0.0001	0.8682
CTNNA1	PTCD1	3	0.0000	0.8712
KRT8	COBL	3	0.0268	0.7697
LMNA	COBL	3	0.0018	0.8519
ACTB	COBL	3	0.9323	0.0042
CTNNA1	COBL	3	0.0102	0.8152
MAPRE3	COBL	3	0.2118	0.5932
KRT8	CPNE3	3	0.1514	0.6442
LMNA	CPNE3	3	0.1081	0.6821
ACTB	CPNE3	3	0.1696	0.6285
CTNNA1	CPNE3	3	0.0420	0.7469
MAPRE3	CPNE3	3	0.0359	0.7549
LMNA	ZBED4	3	0.0362	0.7543
MAPRE3	ZBED4	3	0.0001	0.8682
KRT8	ATG13	3	0.6745	0.0606
LMNA	ATG13	3	0.0060	0.8320
ACTB	ATG13	3	0.0050	0.8364
CTNNA1	ATG13	3	0.3333	0.4115
KRT8	HIP1R	3	0.2452	0.5656
ACTB	HIP1R	3	0.4136	0.2500
MAPRE3	HIP1R	3	0.0006	0.8612
KRT8	OBSL1	3	0.3075	0.4993
LMNA	OBSL1	3	0.0107	0.8132
ACTB	OBSL1	3	0.3351	0.4059
KRT8	RNF40	3	0.0098	0.8168
LMNA	RNF40	3	0.0174	0.7910
ACTB	RNF40	3	0.0023	0.8489
MAPRE3	RNF40	3	0.0000	0.8712
LMNA	PHF2	3	0.0797	0.7082
MAPRE3	PHF2	3	0.0035	0.8429
KRT8	ZC3H11A	3	0.0541	0.7328
LMNA	ZC3H11A	3	0.2451	0.5658
ACTB	ZC3H11A	3	0.1815	0.6172
CTNNA1	ZC3H11A	3	0.0133	0.8044
MAPRE3	ZC3H11A	3	0.1653	0.6317
KRT8	CLUH	3	0.3425	0.3829
LMNA	CLUH	3	0.0916	0.6967
ACTB	CLUH	3	0.2101	0.5951
CTNNA1	CLUH	3	0.0503	0.7370
MAPRE3	CLUH	3	0.1274	0.6652
KRT8	NPHP4	3	0.3890	0.2829
ACTB	NPHP4	3	0.2773	0.5331
MAPRE3	NPHP4	3	0.0107	0.8132
KRT8	DNAJC13	3	0.3042	0.5038
LMNA	DNAJC13	3	0.1645	0.6320
ACTB	DNAJC13	3	0.3632	0.3368
CTNNA1	DNAJC13	3	0.1325	0.6612
MAPRE3	DNAJC13	3	0.2223	0.5849
KRT8	PHACTR2	3	0.0137	0.8027
ACTB	PHACTR2	3	0.9872	0.0005
CTNNA1	PHACTR2	3	0.0046	0.8380
MAPRE3	PHACTR2	3	0.0023	0.8489
KRT8	PPP6R2	3	0.0144	0.8004
ACTB	PPP6R2	3	0.0079	0.8242
CTNNA1	PPP6R2	3	0.0000	0.8712
MAPRE3	PPP6R2	3	0.0001	0.8682
KRT8	CNOT3	3	0.0089	0.8203
LMNA	CNOT3	3	0.0002	0.8663
ACTB	CNOT3	3	0.0055	0.8342
CTNNA1	CNOT3	3	0.0000	0.8712
MAPRE3	CNOT3	3	0.0007	0.8600
KRT8	ANKRD17	3	0.3694	0.3244
LMNA	ANKRD17	3	0.1948	0.6069
ACTB	ANKRD17	3	0.3337	0.4098
CTNNA1	ANKRD17	3	0.1629	0.6338
MAPRE3	ANKRD17	3	0.2763	0.5341
LMNA	SIN3B	3	0.3333	0.4115
LMNA	LRP5	3	0.5849	0.1616
KRT8	GGCT	3	0.0106	0.8138
LMNA	GGCT	3	0.0171	0.7919
ACTB	GGCT	3	0.0132	0.8047
CTNNA1	GGCT	3	0.0079	0.8242
MAPRE3	GGCT	3	0.0032	0.8442
KRT8	NDUFS7	3	0.3857	0.2899
LMNA	NDUFS7	3	0.0896	0.6986
ACTB	NDUFS7	3	0.1294	0.6636
KRT8	NDUFS2	3	1.0000	0.0000
LMNA	NDUFS2	3	0.0046	0.8380
ACTB	NDUFS2	3	0.3576	0.3473
KRT8	HMMR	3	0.3024	0.5060
LMNA	HMMR	3	0.1107	0.6795
ACTB	HMMR	3	0.2759	0.5343
CTNNA1	HMMR	3	0.1221	0.6697
MAPRE3	HMMR	3	0.3488	0.3647
KRT8	PDCD6	3	0.0523	0.7347
LMNA	PDCD6	3	0.0382	0.7515
ACTB	PDCD6	3	0.0764	0.7111
CTNNA1	PDCD6	3	0.0027	0.8469
MAPRE3	PDCD6	3	0.0081	0.8234
ACTB	ALOX12B	3	0.0003	0.8647
KRT8	ATP6V1G1	3	0.0474	0.7405
LMNA	ATP6V1G1	3	0.0127	0.8065
ACTB	ATP6V1G1	3	0.0379	0.7520
CTNNA1	ATP6V1G1	3	0.0118	0.8094
MAPRE3	ATP6V1G1	3	0.0040	0.8407
KRT8	VPS4B	3	0.2090	0.5960
LMNA	VPS4B	3	0.0021	0.8502
ACTB	VPS4B	3	0.0166	0.7933
MAPRE3	VPS4B	3	0.0002	0.8663
KRT8	MPDU1	3	0.0556	0.7309
LMNA	MPDU1	3	0.0096	0.8174
ACTB	MPDU1	3	0.0272	0.7688
CTNNA1	MPDU1	3	0.0000	0.8712
MAPRE3	MPDU1	3	0.0009	0.8582
LMNA	ZNF217	3	0.0353	0.7559
MAPRE3	ZNF217	3	0.0002	0.8663
KRT8	MACROH2A1	3	0.0281	0.7672
LMNA	MACROH2A1	3	0.0346	0.7569
ACTB	MACROH2A1	3	0.0200	0.7840
CTNNA1	MACROH2A1	3	0.0091	0.8194
MAPRE3	MACROH2A1	3	0.0083	0.8228
KRT8	FLNB	3	0.2077	0.5974
LMNA	FLNB	3	0.0443	0.7441
ACTB	FLNB	3	0.2835	0.5271
CTNNA1	FLNB	3	0.0430	0.7457
MAPRE3	FLNB	3	0.0609	0.7259
KRT8	NCOR1	3	0.2534	0.5570
LMNA	NCOR1	3	0.3118	0.4936
ACTB	NCOR1	3	0.2147	0.5910
CTNNA1	NCOR1	3	0.0534	0.7335
MAPRE3	NCOR1	3	0.2105	0.5945
KRT8	PEX14	3	0.0062	0.8312
ACTB	PEX14	3	0.0095	0.8177
CTNNA1	PEX14	3	0.0001	0.8682
MAPRE3	PEX14	3	0.0012	0.8558
MAPRE3	TRIM3	3	0.7772	0.0275
KRT8	ULK1	3	0.1484	0.6465
ACTB	ULK1	3	0.0124	0.8074
KRT8	CS	3	0.0081	0.8234
LMNA	CS	3	0.0058	0.8327
ACTB	CS	3	0.0055	0.8342
CTNNA1	CS	3	0.0077	0.8250
MAPRE3	CS	3	0.0031	0.8449
KRT8	SPAG7	3	0.1120	0.6786
LMNA	SPAG7	3	0.3227	0.4799
ACTB	SPAG7	3	0.1202	0.6716
CTNNA1	SPAG7	3	0.0039	0.8410
MAPRE3	SPAG7	3	0.0806	0.7071
KRT8	SEC22B	3	0.1583	0.6382
LMNA	SEC22B	3	0.5647	0.1663
ACTB	SEC22B	3	0.1777	0.6212
CTNNA1	SEC22B	3	0.0954	0.6932
MAPRE3	SEC22B	3	0.1145	0.6765
KRT8	PRPF40A	3	0.2584	0.5525
LMNA	PRPF40A	3	0.3215	0.4809
ACTB	PRPF40A	3	0.2777	0.5329
CTNNA1	PRPF40A	3	0.0382	0.7515
MAPRE3	PRPF40A	3	0.1404	0.6539
KRT8	TACC1	3	0.0140	0.8018
LMNA	TACC1	3	0.0008	0.8590
ACTB	TACC1	3	0.0095	0.8177
CTNNA1	TACC1	3	0.0004	0.8632
MAPRE3	TACC1	3	0.0270	0.7692
LMNA	POLQ	3	0.0188	0.7873
KRT8	CDC45	3	1.0000	0.0000
LMNA	CDC45	3	1.0000	0.0000
KRT8	GIGYF1	3	0.1329	0.6606
ACTB	GIGYF1	3	0.0072	0.8270
MAPRE3	GIGYF1	3	0.0124	0.8074
KRT8	LRCH4	3	0.0051	0.8359
ACTB	LRCH4	3	0.0047	0.8376
CTNNA1	LRCH4	3	0.0000	0.8712
MAPRE3	LRCH4	3	0.0000	0.8712
KRT8	VPS26A	3	0.2457	0.5648
LMNA	VPS26A	3	0.6408	0.1501
ACTB	VPS26A	3	0.2108	0.5942
CTNNA1	VPS26A	3	0.0388	0.7508
MAPRE3	VPS26A	3	0.0155	0.7966
LMNA	ZNF254;ZNF91	3	0.0059	0.8324
KRT8	PMPCB	3	0.0103	0.8147
LMNA	PMPCB	3	0.0115	0.8103
ACTB	PMPCB	3	0.0094	0.8181
CTNNA1	PMPCB	3	0.0086	0.8215
MAPRE3	PMPCB	3	0.0032	0.8442
LMNA	MED24	3	0.0054	0.8345
ACTB	MED24	3	0.0006	0.8612
MAPRE3	MED24	3	0.0000	0.8712
KRT8	KATNA1	3	0.0623	0.7245
LMNA	KATNA1	3	0.4611	0.2110
ACTB	KATNA1	3	0.3422	0.3844
MAPRE3	KATNA1	3	0.5334	0.1757
LMNA	E2F6	3	0.1850	0.6144
KRT8	PSIP1	3	0.0573	0.7292
LMNA	PSIP1	3	0.3164	0.4870
ACTB	PSIP1	3	0.0932	0.6953
CTNNA1	PSIP1	3	0.0227	0.7776
MAPRE3	PSIP1	3	0.0344	0.7572
KRT8	ERLIN1	3	1.0000	0.0000
LMNA	SUPT3H	3	0.0000	0.8712
KRT8	NDUFS3	3	0.6667	0.0696
KRT8	SRSF10	3	0.0405	0.7487
LMNA	SRSF10	3	0.0299	0.7642
ACTB	SRSF10	3	0.0331	0.7590
CTNNA1	SRSF10	3	0.0082	0.8230
MAPRE3	SRSF10	3	0.0065	0.8300
KRT8	HSBP1	3	0.0125	0.8071
ACTB	HSBP1	3	0.0048	0.8371
KRT8	ECI2	3	0.2647	0.5464
ACTB	ECI2	3	0.0631	0.7236
CTNNA1	ECI2	3	0.0159	0.7955
KRT8	TADA3	3	0.0186	0.7879
LMNA	TADA3	3	0.0092	0.8190
ACTB	TADA3	3	0.0040	0.8407
MAPRE3	TADA3	3	0.0008	0.8590
LMNA	TAF5L	3	0.0000	0.8712
ACTB	BANF1	3	0.0041	0.8402
KRT8	SF3B1	3	0.1921	0.6090
LMNA	SF3B1	3	0.2512	0.5593
ACTB	SF3B1	3	0.1966	0.6054
CTNNA1	SF3B1	3	0.0272	0.7688
MAPRE3	SF3B1	3	0.1006	0.6883
KRT8	CSDE1	3	0.3479	0.3672
LMNA	CSDE1	3	0.1740	0.6247
ACTB	CSDE1	3	0.3021	0.5066
CTNNA1	CSDE1	3	0.1291	0.6637
MAPRE3	CSDE1	3	0.2392	0.5706
LMNA	WBP4	3	0.6667	0.0696
ACTB	SCGB2A1	3	0.3333	0.4115
KRT8	PRKRA	3	0.0000	0.8712
ACTB	PRKRA	3	0.0035	0.8429
CTNNA1	PRKRA	3	0.0000	0.8712
MAPRE3	PRKRA	3	0.0026	0.8473
KRT8	MTRF1	3	0.3333	0.4115
KRT8	CRCP	3	0.3746	0.3142
LMNA	CRCP	3	0.2924	0.5182
ACTB	CRCP	3	0.2677	0.5432
CTNNA1	CRCP	3	0.0397	0.7498
MAPRE3	CRCP	3	0.2110	0.5940
LMNA	LRP6	3	1.0000	0.0000
KRT8	RPS6KA5	3	0.0070	0.8278
LMNA	RPS6KA5	3	0.1717	0.6267
ACTB	RPS6KA5	3	0.0013	0.8550
MAPRE3	RPS6KA5	3	0.0002	0.8663
KRT8	MYCBP2	3	0.3102	0.4957
LMNA	MYCBP2	3	0.1128	0.6781
ACTB	MYCBP2	3	0.3048	0.5031
CTNNA1	MYCBP2	3	0.0913	0.6972
MAPRE3	MYCBP2	3	0.2509	0.5596
KRT8	LYPLA1	3	0.0150	0.7983
LMNA	LYPLA1	3	0.0154	0.7970
ACTB	LYPLA1	3	0.0102	0.8152
CTNNA1	LYPLA1	3	0.0084	0.8224
MAPRE3	LYPLA1	3	0.0065	0.8300
KRT8	ERAL1	3	0.3106	0.4951
LMNA	ERAL1	3	0.1144	0.6766
ACTB	ERAL1	3	0.2159	0.5901
CTNNA1	ERAL1	3	0.0289	0.7660
MAPRE3	ERAL1	3	0.0843	0.7031
KRT8	SNRNP200	3	0.2015	0.6019
LMNA	SNRNP200	3	0.2852	0.5254
ACTB	SNRNP200	3	0.1920	0.6091
CTNNA1	SNRNP200	3	0.0230	0.7771
MAPRE3	SNRNP200	3	0.1119	0.6787
KRT8	TRMU	3	0.3333	0.4115
MAPRE3	TRMU	3	0.3333	0.4115
KRT8	TIPRL	3	0.2397	0.5702
LMNA	TIPRL	3	0.1383	0.6554
ACTB	TIPRL	3	0.2061	0.5985
CTNNA1	TIPRL	3	0.0217	0.7797
MAPRE3	TIPRL	3	0.1758	0.6233
KRT8	OFD1	3	0.4931	0.1921
ACTB	OFD1	3	0.0146	0.7997
CTNNA1	OFD1	3	0.0001	0.8682
MAPRE3	OFD1	3	0.0059	0.8324
KRT8	TOM1L1	3	0.3745	0.3147
LMNA	TOM1L1	3	0.0019	0.8514
ACTB	TOM1L1	3	0.2482	0.5625
MAPRE3	TOM1L1	3	0.0098	0.8168
ACTB	RPS6KA4	3	0.3333	0.4115
KRT8	PPM1A;PPM1B	3	0.3333	0.4115
KRT8	UTP20	3	0.0009	0.8582
LMNA	UTP20	3	0.0024	0.8483
ACTB	UTP20	3	0.0008	0.8590
MAPRE3	UTP20	3	0.0000	0.8712
KRT8	NUP155	3	0.2578	0.5529
LMNA	NUP155	3	0.4035	0.2647
ACTB	NUP155	3	0.1622	0.6346
CTNNA1	NUP155	3	0.0494	0.7380
MAPRE3	NUP155	3	0.0833	0.7040
KRT8	WDHD1	3	0.0003	0.8647
LMNA	WDHD1	3	0.0304	0.7632
ACTB	WDHD1	3	0.0009	0.8582
MAPRE3	WDHD1	3	0.0005	0.8621
LMNA	CRTAP	3	0.0035	0.8429
ACTB	CRTAP	3	0.1176	0.6739
CTNNA1	CRTAP	3	0.0041	0.8402
KRT8	SLC25A12	3	0.4989	0.1909
LMNA	SLC25A12	3	0.1127	0.6782
ACTB	SLC25A12	3	0.2095	0.5956
CTNNA1	SLC25A12	3	0.0330	0.7591
MAPRE3	SLC25A12	3	0.0171	0.7919
ACTB	PALM	3	0.0088	0.8208
CTNNA1	PALM	3	0.0004	0.8632
KRT8	RNASEH2A	3	0.0032	0.8442
LMNA	RNASEH2A	3	0.0054	0.8345
ACTB	RNASEH2A	3	0.0083	0.8228
MAPRE3	RNASEH2A	3	0.0005	0.8621
KRT8	CDC123	3	0.3381	0.3979
LMNA	CDC123	3	0.2065	0.5983
ACTB	CDC123	3	0.3036	0.5044
CTNNA1	CDC123	3	0.0741	0.7131
MAPRE3	CDC123	3	0.1501	0.6454
KRT8	CAPN15	3	0.0162	0.7946
LMNA	CAPN15	3	0.0100	0.8159
ACTB	CAPN15	3	0.0115	0.8103
CTNNA1	CAPN15	3	0.0002	0.8663
MAPRE3	CAPN15	3	0.0003	0.8647
KRT8	BCAR3	3	0.0902	0.6981
LMNA	BCAR3	3	0.0006	0.8612
ACTB	BCAR3	3	0.0159	0.7955
CTNNA1	BCAR3	3	0.0008	0.8590
MAPRE3	BCAR3	3	0.0071	0.8274
KRT8	EIF3G	3	0.3291	0.4712
LMNA	EIF3G	3	0.0877	0.7000
ACTB	EIF3G	3	0.3046	0.5034
CTNNA1	EIF3G	3	0.0761	0.7114
MAPRE3	EIF3G	3	0.1715	0.6269
KRT8	EIF3J	3	0.2874	0.5240
LMNA	EIF3J	3	0.1567	0.6393
ACTB	EIF3J	3	0.3550	0.3527
CTNNA1	EIF3J	3	0.1136	0.6771
MAPRE3	EIF3J	3	0.2204	0.5866
KRT8	PPP1R37	3	0.3333	0.4115
KRT8	IDH1	3	0.3421	0.3852
LMNA	IDH1	3	0.0030	0.8454
ACTB	IDH1	3	0.1133	0.6775
KRT8	STAM2	3	0.6640	0.1414
KRT8	TUSC2	3	0.0000	0.8712
LMNA	CCNK	3	0.0011	0.8566
LMNA	DHRS3	3	0.5879	0.1605
ACTB	DHRS3	3	0.0076	0.8253
KRT8	ARL6IP5	3	0.0126	0.8068
LMNA	ARL6IP5	3	0.9846	0.0006
ACTB	ARL6IP5	3	0.0139	0.8022
MAPRE3	ARL6IP5	3	0.0020	0.8508
LMNA	PIAS1	3	0.4069	0.2607
ACTB	PIAS1	3	0.0038	0.8415
CTNNA1	PIAS1	3	0.0006	0.8612
MAPRE3	PIAS1	3	0.0021	0.8502
LMNA	PIAS2	3	0.6879	0.0542
KRT8	BCAS2	3	0.0137	0.8027
LMNA	BCAS2	3	0.1146	0.6763
ACTB	BCAS2	3	0.0045	0.8384
MAPRE3	BCAS2	3	0.0003	0.8647
KRT8	SMNDC1	3	0.0095	0.8177
LMNA	SMNDC1	3	0.1585	0.6379
ACTB	SMNDC1	3	0.0107	0.8132
CTNNA1	SMNDC1	3	0.0052	0.8354
MAPRE3	SMNDC1	3	0.0026	0.8473
KRT8	ATP5PD	3	0.1717	0.6267
LMNA	ATP5PD	3	0.0282	0.7671
ACTB	ATP5PD	3	0.1556	0.6402
CTNNA1	ATP5PD	3	0.0267	0.7698
MAPRE3	ATP5PD	3	0.0263	0.7706
KRT8	FLOT1	3	0.0067	0.8294
LMNA	FLOT1	3	0.0003	0.8647
ACTB	FLOT1	3	0.0090	0.8199
CTNNA1	FLOT1	3	0.0004	0.8632
MAPRE3	FLOT1	3	0.0002	0.8663
KRT8	TRIO	3	0.3117	0.4939
LMNA	TRIO	3	0.1269	0.6658
ACTB	TRIO	3	0.2590	0.5521
CTNNA1	TRIO	3	0.1368	0.6567
MAPRE3	TRIO	3	0.4519	0.2168
KRT8	MPDZ	3	0.0255	0.7718
LMNA	MPDZ	3	0.0000	0.8712
ACTB	MPDZ	3	0.0146	0.7997
CTNNA1	MPDZ	3	0.0009	0.8582
MAPRE3	MPDZ	3	0.0010	0.8573
KRT8	GLRX3	3	0.1349	0.6588
LMNA	GLRX3	3	0.0275	0.7681
ACTB	GLRX3	3	0.0245	0.7739
CTNNA1	GLRX3	3	0.0086	0.8215
MAPRE3	GLRX3	3	0.0084	0.8224
KRT8	RSL1D1	3	0.1715	0.6269
LMNA	RSL1D1	3	0.0984	0.6903
ACTB	RSL1D1	3	0.0703	0.7169
CTNNA1	RSL1D1	3	0.0148	0.7989
MAPRE3	RSL1D1	3	0.0236	0.7760
KRT8	CLPX	3	1.0000	0.0000
LMNA	CLPX	3	0.9593	0.0016
ACTB	CLPX	3	0.1363	0.6574
MAPRE3	CLPX	3	0.0128	0.8061
KRT8	CDKL5	3	0.0640	0.7225
MAPRE3	CDKL5	3	0.1548	0.6411
ACTB	NEBL	3	0.3333	0.4115
KRT8	SNCG	3	0.0114	0.8107
LMNA	SNCG	3	0.0022	0.8496
ACTB	SNCG	3	0.0131	0.8051
CTNNA1	SNCG	3	0.0000	0.8712
MAPRE3	SNCG	3	0.0006	0.8612
KRT8	SRP72	3	0.2837	0.5269
LMNA	SRP72	3	0.1816	0.6171
ACTB	SRP72	3	0.3757	0.3117
CTNNA1	SRP72	3	0.1632	0.6335
MAPRE3	SRP72	3	0.2105	0.5945
KRT8	RECQL4	3	0.0571	0.7294
LMNA	RECQL4	3	0.6693	0.0646
ACTB	RECQL4	3	0.0044	0.8389
LMNA	RECQL5	3	0.0110	0.8122
KRT8	URI1	3	0.0129	0.8057
ACTB	URI1	3	0.0032	0.8442
KRT8	MTA2	3	0.0814	0.7064
LMNA	MTA2	3	0.4058	0.2621
ACTB	MTA2	3	0.0677	0.7189
CTNNA1	MTA2	3	0.0318	0.7610
MAPRE3	MTA2	3	0.0669	0.7198
KRT8	USP1	3	0.0039	0.8410
LMNA	USP1	3	0.0211	0.7813
ACTB	USP1	3	0.0003	0.8647
MAPRE3	USP1	3	0.0014	0.8544
KRT8	STK10	3	0.3635	0.3356
ACTB	STK10	3	0.2068	0.5980
KRT8	PRKD3	3	0.0047	0.8376
LMNA	PRKD3	3	0.0036	0.8424
ACTB	PRKD3	3	0.0720	0.7154
MAPRE3	PRKD3	3	0.0000	0.8712
KRT8	GFPT2	3	0.0216	0.7801
LMNA	GFPT2	3	0.0002	0.8663
ACTB	GFPT2	3	0.0113	0.8111
MAPRE3	GFPT2	3	0.0001	0.8682
KRT8	LTN1	3	0.2078	0.5971
LMNA	LTN1	3	0.0038	0.8415
ACTB	LTN1	3	0.0091	0.8194
LMNA	TOMM70	3	0.0108	0.8130
ACTB	TOMM70	3	0.1368	0.6567
CTNNA1	TOMM70	3	0.0069	0.8283
KRT8	IPO13	3	1.0000	0.0000
KRT8	DDHD2	3	0.0554	0.7312
ACTB	DDHD2	3	0.3490	0.3645
KRT8	TOX4	3	0.0000	0.8712
LMNA	TOX4	3	0.0039	0.8410
ACTB	TOX4	3	0.0016	0.8531
MAPRE3	TOX4	3	0.0000	0.8712
KRT8	MICAL2	3	0.0475	0.7403
LMNA	MICAL2	3	0.0016	0.8531
ACTB	MICAL2	3	0.0082	0.8230
MAPRE3	MICAL2	3	0.0002	0.8663
KRT8	MACF1	3	0.0169	0.7924
ACTB	MACF1	3	0.0073	0.8266
CTNNA1	MACF1	3	0.0001	0.8682
MAPRE3	MACF1	3	0.0119	0.8091
KRT8	SEC24D	3	0.1209	0.6711
ACTB	SEC24D	3	0.1253	0.6673
CTNNA1	SEC24D	3	0.0083	0.8228
KRT8	FCHSD2	3	0.0129	0.8057
ACTB	FCHSD2	3	0.0124	0.8074
KRT8	UFL1	3	0.0625	0.7243
ACTB	UFL1	3	0.1444	0.6500
KRT8	SORBS2	3	0.0161	0.7948
ACTB	SORBS2	3	0.9973	0.0001
KRT8	PHF14	3	0.0006	0.8612
LMNA	PHF14	3	0.0052	0.8354
ACTB	PHF14	3	0.0002	0.8663
MAPRE3	PHF14	3	0.0000	0.8712
KRT8	SASH1	3	0.0490	0.7384
ACTB	SASH1	3	0.0816	0.7062
MAPRE3	SASH1	3	0.0010	0.8573
KRT8	FARP2	3	0.1804	0.6184
LMNA	FARP2	3	0.0054	0.8345
ACTB	FARP2	3	0.0083	0.8228
LMNA	UBXN7	3	0.3889	0.2835
LMNA	LRIG2	3	1.0000	0.0000
KRT8	TOX	3	0.0056	0.8337
LMNA	TOX	3	0.0137	0.8027
KRT8	SUN1	3	0.0258	0.7715
LMNA	SUN1	3	1.0000	0.0000
ACTB	SUN1	3	0.0236	0.7760
CTNNA1	SUN1	3	0.0034	0.8433
MAPRE3	SUN1	3	0.0110	0.8122
KRT8	PLPBP	3	0.0805	0.7073
LMNA	PLPBP	3	0.0432	0.7455
ACTB	PLPBP	3	0.0381	0.7517
CTNNA1	PLPBP	3	0.0442	0.7442
MAPRE3	PLPBP	3	0.0434	0.7453
KRT8	ERLIN2	3	1.0000	0.0000
LMNA	ERLIN2	3	0.3331	0.4628
ACTB	ERLIN2	3	0.6609	0.1438
KRT8	PRPF6	3	0.2367	0.5725
LMNA	PRPF6	3	0.2868	0.5244
ACTB	PRPF6	3	0.1774	0.6215
CTNNA1	PRPF6	3	0.0400	0.7494
MAPRE3	PRPF6	3	0.1080	0.6823
KRT8	PCF11	3	0.0000	0.8712
LMNA	PCF11	3	0.0011	0.8566
MAPRE3	PCF11	3	0.0000	0.8712
KRT8	FRYL	3	0.3056	0.5020
LMNA	FRYL	3	0.1061	0.6837
ACTB	FRYL	3	0.3012	0.5075
CTNNA1	FRYL	3	0.0950	0.6936
MAPRE3	FRYL	3	0.1828	0.6161
KRT8	NFAT5	3	0.0010	0.8573
LMNA	NFAT5	3	0.0010	0.8573
ACTB	NFAT5	3	0.0010	0.8573
CTNNA1	NFAT5	3	0.0000	0.8712
MAPRE3	NFAT5	3	0.0000	0.8712
KRT8	GLS	3	0.9808	0.0011
LMNA	GLS	3	0.1535	0.6425
ACTB	GLS	3	0.0100	0.8159
CTNNA1	GLS	3	0.0082	0.8230
MAPRE3	GLS	3	0.0036	0.8424
KRT8	HAUS5	3	0.1542	0.6417
ACTB	HAUS5	3	0.2049	0.5995
MAPRE3	HAUS5	3	0.0152	0.7977
KRT8	ABLIM3	3	0.8829	0.0087
ACTB	ABLIM3	3	0.9961	0.0002
CTNNA1	ABLIM3	3	0.0228	0.7776
MAPRE3	ABLIM3	3	0.0057	0.8332
LMNA	KDM4B	3	0.0003	0.8647
MAPRE3	KDM4B	3	0.0021	0.8502
KRT8	RHOBTB3	3	0.0089	0.8203
LMNA	RHOBTB3	3	0.0124	0.8074
ACTB	RHOBTB3	3	0.0039	0.8410
KRT8	MTCL2	3	0.0394	0.7501
ACTB	MTCL2	3	0.0057	0.8332
MAPRE3	MTCL2	3	0.0227	0.7776
KRT8	USP19	3	0.1562	0.6396
LMNA	USP19	3	0.0517	0.7353
ACTB	USP19	3	0.0148	0.7989
CTNNA1	USP19	3	0.0005	0.8621
MAPRE3	USP19	3	0.0022	0.8496
KRT8	WDR47	3	0.8027	0.0218
LMNA	WDR47	3	0.0010	0.8573
ACTB	WDR47	3	0.0206	0.7826
MAPRE3	WDR47	3	0.0157	0.7961
KRT8	TRIM37	3	0.2318	0.5767
LMNA	TRIM37	3	0.0022	0.8496
ACTB	TRIM37	3	0.0030	0.8454
MAPRE3	TRIM37	3	0.0012	0.8558
KRT8	AP2A2	3	0.2837	0.5269
LMNA	AP2A2	3	0.0005	0.8621
ACTB	AP2A2	3	0.0020	0.8508
KRT8	SEC31A	3	0.0129	0.8057
LMNA	SEC31A	3	0.0000	0.8712
ACTB	SEC31A	3	0.0107	0.8132
CTNNA1	SEC31A	3	0.0001	0.8682
MAPRE3	SEC31A	3	0.0070	0.8278
KRT8	CEP152	3	0.4121	0.2528
LMNA	CEP152	3	0.2053	0.5991
ACTB	CEP152	3	0.3477	0.3674
CTNNA1	CEP152	3	0.1786	0.6202
MAPRE3	CEP152	3	0.2973	0.5128
KRT8	FAM13A	3	0.0091	0.8194
MAPRE3	FAM13A	3	0.0017	0.8526
KRT8	SLITRK5	3	0.0070	0.8278
LMNA	SLITRK5	3	0.0245	0.7739
ACTB	SLITRK5	3	0.0233	0.7765
CTNNA1	SLITRK5	3	0.0069	0.8283
MAPRE3	SLITRK5	3	0.0000	0.8712
KRT8	HEXIM1	3	0.0414	0.7475
LMNA	HEXIM1	3	0.2698	0.5413
ACTB	HEXIM1	3	0.0734	0.7140
CTNNA1	HEXIM1	3	0.1084	0.6819
MAPRE3	HEXIM1	3	0.0235	0.7762
ACTB	RPP14	3	0.0284	0.7668
CTNNA1	RPP14	3	0.0073	0.8266
MAPRE3	RPP14	3	0.0078	0.8246
KRT8	CCNB2	3	0.7741	0.0285
ACTB	CCNB2	3	0.3755	0.3123
MAPRE3	CCNB2	3	0.3418	0.3866
KRT8	YIF1A	3	0.0727	0.7147
LMNA	YIF1A	3	0.1004	0.6885
ACTB	YIF1A	3	0.0253	0.7722
CTNNA1	YIF1A	3	0.0003	0.8647
MAPRE3	YIF1A	3	0.0068	0.8289
KRT8	UBR5	3	0.0048	0.8371
LMNA	UBR5	3	0.1594	0.6370
ACTB	UBR5	3	0.0089	0.8203
MAPRE3	UBR5	3	0.0008	0.8590
KRT8	AGFG2	3	0.0560	0.7305
LMNA	AGFG2	3	0.0022	0.8496
ACTB	AGFG2	3	0.0033	0.8438
MAPRE3	AGFG2	3	0.0001	0.8682
LMNA	SCAF4	3	0.0018	0.8519
KRT8	MFN2	3	0.0535	0.7334
LMNA	MFN2	3	0.0114	0.8107
ACTB	MFN2	3	0.0062	0.8312
KRT8	UBE4B	3	0.1990	0.6037
LMNA	UBE4B	3	0.0053	0.8350
ACTB	UBE4B	3	0.0297	0.7646
KRT8	ELP1	3	0.0520	0.7350
LMNA	ELP1	3	0.0021	0.8502
ACTB	ELP1	3	0.0058	0.8327
CTNNA1	ELP1	3	0.0000	0.8712
MAPRE3	ELP1	3	0.0022	0.8496
KRT8	RTN3	3	0.2057	0.5988
LMNA	RTN3	3	0.0613	0.7254
ACTB	RTN3	3	0.2565	0.5542
CTNNA1	RTN3	3	0.0876	0.7001
MAPRE3	RTN3	3	0.1893	0.6113
KRT8	LETM1	3	0.3593	0.3455
LMNA	LETM1	3	0.0398	0.7496
ACTB	LETM1	3	0.1100	0.6805
CTNNA1	LETM1	3	0.0156	0.7963
MAPRE3	LETM1	3	0.0048	0.8371
KRT8	EPN2	3	0.0179	0.7898
LMNA	EPN2	3	0.0016	0.8531
ACTB	EPN2	3	0.0191	0.7866
CTNNA1	EPN2	3	0.0000	0.8712
MAPRE3	EPN2	3	0.0022	0.8496
KRT8	STBD1	3	0.0001	0.8682
ACTB	STBD1	3	0.0035	0.8429
LMNA	ZRANB2	3	0.0851	0.7022
KRT8	SNX4	3	0.0916	0.6967
LMNA	SNX4	3	0.0007	0.8600
ACTB	SNX4	3	0.0305	0.7631
MAPRE3	SNX4	3	0.0015	0.8537
KRT8	ZWINT	3	0.0263	0.7706
LMNA	ZWINT	3	0.0092	0.8190
ACTB	ZWINT	3	0.0179	0.7898
CTNNA1	ZWINT	3	0.0000	0.8712
MAPRE3	ZWINT	3	0.0071	0.8274
KRT8	LUC7L3	3	0.1104	0.6800
LMNA	LUC7L3	3	0.0873	0.7004
ACTB	LUC7L3	3	0.1001	0.6889
CTNNA1	LUC7L3	3	0.0128	0.8061
MAPRE3	LUC7L3	3	0.0162	0.7946
KRT8	KIF20A	3	0.2036	0.6004
LMNA	KIF20A	3	0.0177	0.7904
ACTB	KIF20A	3	0.0106	0.8138
CTNNA1	KIF20A	3	0.0001	0.8682
MAPRE3	KIF20A	3	0.0040	0.8407
KRT8	KIF4A	3	0.1336	0.6599
LMNA	KIF4A	3	0.2304	0.5778
ACTB	KIF4A	3	0.1354	0.6584
CTNNA1	KIF4A	3	0.0263	0.7706
MAPRE3	KIF4A	3	0.0908	0.6975
LMNA	MBD4	3	0.3391	0.3950
MAPRE3	MBD4	3	0.0008	0.8590
KRT8	SBF1	3	0.0069	0.8283
ACTB	SBF1	3	0.0106	0.8138
CTNNA1	SBF1	3	0.0000	0.8712
MAPRE3	SBF1	3	0.0028	0.8464
KRT8	KAT7	3	0.0029	0.8459
LMNA	KAT7	3	0.0202	0.7835
KRT8	PDE8B	3	0.3076	0.4992
LMNA	PDE8B	3	0.0357	0.7553
ACTB	PDE8B	3	0.3028	0.5055
CTNNA1	PDE8B	3	0.0144	0.8004
MAPRE3	PDE8B	3	0.1431	0.6512
ACTB	TNKS	3	0.0013	0.8550
MAPRE3	TNKS	3	0.0000	0.8712
KRT8	VAPB	3	0.1734	0.6250
LMNA	VAPB	3	0.3477	0.3674
ACTB	VAPB	3	0.1654	0.6315
CTNNA1	VAPB	3	0.0253	0.7722
MAPRE3	VAPB	3	0.0631	0.7236
KRT8	SNAPIN	3	0.0107	0.8132
ACTB	SNAPIN	3	0.0131	0.8051
LMNA	MPZL1	3	0.0025	0.8479
KRT8	NDUFA10	3	0.4828	0.1965
LMNA	NDUFA10	3	0.0138	0.8025
ACTB	NDUFA10	3	0.0292	0.7655
CTNNA1	NDUFA10	3	0.0740	0.7133
MAPRE3	NDUFA10	3	0.0327	0.7595
KRT8	PGLS	3	0.0084	0.8224
LMNA	PGLS	3	0.0252	0.7724
ACTB	PGLS	3	0.0091	0.8194
CTNNA1	PGLS	3	0.0213	0.7808
MAPRE3	PGLS	3	0.0052	0.8354
KRT8	PAPSS2	3	0.3429	0.3820
LMNA	PAPSS2	3	0.0240	0.7750
ACTB	PAPSS2	3	0.0463	0.7417
MAPRE3	PAPSS2	3	0.0014	0.8544
KRT8	SMC2	3	0.3722	0.3176
LMNA	SMC2	3	0.1808	0.6181
ACTB	SMC2	3	0.2354	0.5734
CTNNA1	SMC2	3	0.0481	0.7396
MAPRE3	SMC2	3	0.1134	0.6773
KRT8	ATG7	3	0.1112	0.6793
LMNA	ATG7	3	0.0564	0.7301
ACTB	ATG7	3	0.1155	0.6757
CTNNA1	ATG7	3	0.0290	0.7658
MAPRE3	ATG7	3	0.0123	0.8079
KRT8	TACC2	3	0.3243	0.4776
LMNA	TACC2	3	0.1662	0.6308
ACTB	TACC2	3	0.2853	0.5251
CTNNA1	TACC2	3	0.1299	0.6632
MAPRE3	TACC2	3	0.3657	0.3324
KRT8	TRIM16	3	0.0401	0.7491
LMNA	TRIM16	3	0.0012	0.8558
ACTB	TRIM16	3	0.3389	0.3957
KRT8	FARS2	3	0.2912	0.5195
CTNNA1	FARS2	3	0.0022	0.8496
KRT8	LYPLA2	3	0.3458	0.3735
LMNA	LYPLA2	3	0.2674	0.5435
ACTB	LYPLA2	3	0.3232	0.4790
CTNNA1	LYPLA2	3	0.1072	0.6828
MAPRE3	LYPLA2	3	0.2316	0.5768
KRT8	IPO7	3	0.4364	0.2307
LMNA	IPO7	3	0.2801	0.5298
ACTB	IPO7	3	0.3191	0.4837
CTNNA1	IPO7	3	0.1319	0.6616
MAPRE3	IPO7	3	0.2638	0.5473
KRT8	MAP3K6	3	0.7997	0.0227
KRT8	SLU7	3	0.0007	0.8600
LMNA	SLU7	3	0.0266	0.7700
ACTB	SLU7	3	0.0003	0.8647
MAPRE3	SLU7	3	0.0007	0.8600
KRT8	PGM3	3	0.2100	0.5951
LMNA	PGM3	3	0.0241	0.7748
ACTB	PGM3	3	0.0356	0.7555
CTNNA1	PGM3	3	0.0091	0.8194
MAPRE3	PGM3	3	0.0264	0.7703
KRT8	MOCS3	3	0.6667	0.0696
LMNA	CD2BP2	3	0.0356	0.7555
LMNA	MED26	3	0.0027	0.8469
KRT8	SVIL	3	0.0162	0.7946
LMNA	SVIL	3	0.0018	0.8519
ACTB	SVIL	3	0.9520	0.0020
CTNNA1	SVIL	3	0.0024	0.8483
MAPRE3	SVIL	3	0.0065	0.8300
KRT8	AHSA1	3	0.2940	0.5164
LMNA	AHSA1	3	0.1485	0.6464
ACTB	AHSA1	3	0.1852	0.6143
CTNNA1	AHSA1	3	0.0151	0.7980
MAPRE3	AHSA1	3	0.0385	0.7511
LMNA	PARN	3	0.0073	0.8266
KRT8	PSMG1	3	0.1056	0.6843
LMNA	PSMG1	3	0.0647	0.7219
ACTB	PSMG1	3	0.0481	0.7396
CTNNA1	PSMG1	3	0.0115	0.8103
MAPRE3	PSMG1	3	0.0106	0.8138
KRT8	FMNL1	3	0.0149	0.7987
ACTB	FMNL1	3	0.9499	0.0022
MAPRE3	FMNL1	3	0.0007	0.8600
LMNA	CTDNEP1	3	0.6667	0.0696
KRT8	NSA2	3	0.4164	0.2461
LMNA	NSA2	3	0.1206	0.6713
ACTB	NSA2	3	0.0689	0.7179
CTNNA1	NSA2	3	0.0079	0.8242
KRT8	SEC24A	3	0.2702	0.5409
LMNA	SEC24A	3	0.0739	0.7135
ACTB	SEC24A	3	0.2339	0.5751
CTNNA1	SEC24A	3	0.0349	0.7564
MAPRE3	SEC24A	3	0.0929	0.6956
KRT8	SEC24B	3	0.2761	0.5342
LMNA	SEC24B	3	0.1072	0.6828
ACTB	SEC24B	3	0.2148	0.5908
CTNNA1	SEC24B	3	0.0498	0.7376
MAPRE3	SEC24B	3	0.1272	0.6655
KRT8	NADK	3	0.0027	0.8469
ACTB	NADK	3	0.0008	0.8590
KRT8	TDP2	3	0.2203	0.5867
LMNA	TDP2	3	0.4480	0.2187
ACTB	TDP2	3	0.1954	0.6063
CTNNA1	TDP2	3	0.0642	0.7223
MAPRE3	TDP2	3	0.1534	0.6426
LMNA	ETHE1	3	0.0629	0.7240
CTNNA1	ETHE1	3	0.0101	0.8155
KRT8	ACSL3	3	0.0942	0.6943
LMNA	ACSL3	3	0.0935	0.6951
ACTB	ACSL3	3	0.0874	0.7003
CTNNA1	ACSL3	3	0.0071	0.8274
MAPRE3	ACSL3	3	0.0421	0.7467
KRT8	POLR1A	3	0.0221	0.7787
ACTB	POLR1A	3	0.0037	0.8419
CTNNA1	POLR1A	3	0.0000	0.8712
KRT8	PCNT	3	0.3648	0.3339
LMNA	PCNT	3	0.0004	0.8632
ACTB	PCNT	3	0.0149	0.7987
CTNNA1	PCNT	3	0.0021	0.8502
MAPRE3	PCNT	3	0.0151	0.7980
KRT8	YEATS4	3	0.0054	0.8345
LMNA	ZBTB11	3	0.0001	0.8682
KRT8	CNOT4	3	0.0606	0.7261
ACTB	CNOT4	3	0.0007	0.8600
KRT8	STAMBP	3	0.2116	0.5934
LMNA	STAMBP	3	0.0863	0.7011
ACTB	STAMBP	3	0.1245	0.6678
CTNNA1	STAMBP	3	0.0036	0.8424
KRT8	CPSF4	3	0.0034	0.8433
LMNA	CPSF4	3	0.0013	0.8550
ACTB	CPSF4	3	0.0001	0.8682
KRT8	ASMTL	3	0.0243	0.7743
ACTB	ASMTL	3	0.0049	0.8367
MAPRE3	ASMTL	3	0.0001	0.8682
KRT8	EYA4	3	0.2383	0.5711
LMNA	EYA4	3	0.0128	0.8061
ACTB	EYA4	3	0.0031	0.8449
KRT8	CEP43	3	0.0250	0.7727
LMNA	CEP43	3	0.0015	0.8537
ACTB	CEP43	3	0.0209	0.7817
CTNNA1	CEP43	3	0.0035	0.8429
MAPRE3	CEP43	3	0.9997	0.0000
LMNA	BRD1	3	0.0008	0.8590
KRT8	POP4	3	0.0638	0.7228
LMNA	POP4	3	0.3391	0.3950
ACTB	POP4	3	0.1966	0.6054
MAPRE3	POP4	3	0.1159	0.6754
KRT8	HERC2	3	0.0577	0.7287
LMNA	HERC2	3	0.0001	0.8682
ACTB	HERC2	3	0.0448	0.7434
CTNNA1	HERC2	3	0.0020	0.8508
MAPRE3	HERC2	3	0.0023	0.8489
MAPRE3	ESRRB	3	0.0005	0.8621
KRT8	SNAP29	3	0.0697	0.7173
LMNA	SNAP29	3	0.0022	0.8496
ACTB	SNAP29	3	0.0213	0.7808
CTNNA1	SNAP29	3	0.0004	0.8632
MAPRE3	SNAP29	3	0.0058	0.8327
KRT8	OXSR1	3	0.2757	0.5347
LMNA	OXSR1	3	0.0828	0.7047
ACTB	OXSR1	3	0.2659	0.5454
CTNNA1	OXSR1	3	0.0453	0.7428
MAPRE3	OXSR1	3	0.0593	0.7269
KRT8	HSPA4L	3	0.1299	0.6632
LMNA	HSPA4L	3	0.0329	0.7592
ACTB	HSPA4L	3	0.0778	0.7098
CTNNA1	HSPA4L	3	0.0075	0.8257
MAPRE3	HSPA4L	3	0.0067	0.8294
KRT8	PTBP3	3	0.0135	0.8037
LMNA	PTBP3	3	0.0001	0.8682
CTNNA1	PTBP3	3	0.0001	0.8682
MAPRE3	PTBP3	3	0.0003	0.8647
KRT8	TBC1D8	3	0.0199	0.7843
LMNA	TBC1D8	3	0.0017	0.8526
ACTB	TBC1D8	3	0.0121	0.8085
MAPRE3	TBC1D8	3	0.0000	0.8712
KRT8	AP2A1	3	0.3967	0.2714
LMNA	AP2A1	3	0.2137	0.5918
ACTB	AP2A1	3	0.2708	0.5400
CTNNA1	AP2A1	3	0.1123	0.6784
MAPRE3	AP2A1	3	0.2009	0.6027
KRT8	WIZ	3	0.0558	0.7308
LMNA	WIZ	3	0.2930	0.5175
ACTB	WIZ	3	0.2483	0.5623
CTNNA1	WIZ	3	0.0074	0.8260
MAPRE3	WIZ	3	0.0836	0.7038
KRT8	RIGI	3	0.0347	0.7568
ACTB	RIGI	3	0.0023	0.8489
KRT8	STAU1	3	0.0075	0.8257
ACTB	STAU1	3	0.0144	0.8004
CTNNA1	STAU1	3	0.0002	0.8663
MAPRE3	STAU1	3	0.0026	0.8473
KRT8	TTC4	3	0.4714	0.2032
LMNA	TTC4	3	0.3282	0.4723
ACTB	TTC4	3	0.3541	0.3551
CTNNA1	TTC4	3	0.1375	0.6562
MAPRE3	TTC4	3	0.2660	0.5452
KRT8	BAG2	3	0.2988	0.5109
LMNA	BAG2	3	0.1590	0.6375
ACTB	BAG2	3	0.2719	0.5389
CTNNA1	BAG2	3	0.0474	0.7405
MAPRE3	BAG2	3	0.1013	0.6876
KRT8	BAG3	3	0.2440	0.5665
LMNA	BAG3	3	0.0727	0.7147
ACTB	BAG3	3	0.2201	0.5869
CTNNA1	BAG3	3	0.0208	0.7820
MAPRE3	BAG3	3	0.0500	0.7373
KRT8	MAP4K4	3	0.0285	0.7667
ACTB	MAP4K4	3	0.0304	0.7632
MAPRE3	MAP4K4	3	0.0011	0.8566
KRT8	LATS1	3	0.1115	0.6790
ACTB	LATS1	3	0.0168	0.7927
MAPRE3	LATS1	3	0.0008	0.8590
KRT8	BPNT1	3	0.0092	0.8190
LMNA	BPNT1	3	0.0112	0.8115
ACTB	BPNT1	3	0.0096	0.8174
CTNNA1	BPNT1	3	0.0074	0.8260
MAPRE3	BPNT1	3	0.0047	0.8376
KRT8	FADS2	3	0.3333	0.4115
LMNA	FADS2	3	0.6667	0.0696
KRT8	TXNDC12	3	0.0564	0.7301
LMNA	TXNDC12	3	0.0568	0.7297
ACTB	TXNDC12	3	0.0432	0.7455
CTNNA1	TXNDC12	3	0.0131	0.8051
MAPRE3	TXNDC12	3	0.0106	0.8138
KRT8	ECD	3	0.1592	0.6372
ACTB	ECD	3	0.0239	0.7753
CTNNA1	ECD	3	0.0025	0.8479
MAPRE3	ECD	3	0.0009	0.8582
KRT8	SYF2	3	0.0044	0.8389
LMNA	SYF2	3	0.6623	0.1426
ACTB	SCGB1D2	3	0.3333	0.4115
KRT8	MBD3	3	0.0019	0.8514
LMNA	MBD3	3	0.2107	0.5943
MAPRE3	MBD3	3	0.0428	0.7459
KRT8	TOP3B	3	0.0167	0.7929
LMNA	TOP3B	3	0.0015	0.8537
ACTB	TOP3B	3	0.0173	0.7914
CTNNA1	TOP3B	3	0.0005	0.8621
MAPRE3	TOP3B	3	0.0456	0.7424
ACTB	AGR2;AGR3	3	0.3333	0.4115
KRT8	BCL10	3	0.3840	0.2938
LMNA	BCL10	3	0.3333	0.4115
ACTB	BCL10	3	0.3081	0.4983
CTNNA1	BCL10	3	0.0079	0.8242
MAPRE3	BCL10	3	0.0032	0.8442
KRT8	CLPTM1	3	0.3333	0.4115
LMNA	CLPTM1	3	1.0000	0.0000
LMNA	ZBED1	3	0.3362	0.4035
KRT8	MOCS2	3	0.0618	0.7250
LMNA	MOCS2	3	0.0169	0.7924
ACTB	MOCS2	3	0.1096	0.6809
CTNNA1	MOCS2	3	0.0114	0.8107
MAPRE3	MOCS2	3	0.0031	0.8449
KRT8	TOMM40	3	0.2211	0.5860
LMNA	TOMM40	3	0.2627	0.5486
ACTB	TOMM40	3	0.1165	0.6749
CTNNA1	TOMM40	3	0.0124	0.8074
MAPRE3	TOMM40	3	0.0173	0.7914
KRT8	PEX11B	3	0.3454	0.3747
ACTB	PEX11B	3	0.0037	0.8419
KRT8	PAK4	3	0.3781	0.3051
ACTB	PAK4	3	0.3801	0.3017
MAPRE3	PAK4	3	0.0679	0.7187
KRT8	ACTL6A	3	0.0101	0.8155
LMNA	ACTL6A	3	0.0004	0.8632
ACTB	ACTL6A	3	0.0036	0.8424
LMNA	CCNE2	3	0.0084	0.8224
LMNA	NSD2	3	0.0439	0.7447
ACTB	NSD2	3	0.0006	0.8612
LMNA	CYB5A	3	1.0000	0.0000
KRT8	LDHA	3	0.0782	0.7093
LMNA	LDHA	3	0.0266	0.7700
ACTB	LDHA	3	0.0431	0.7456
CTNNA1	LDHA	3	0.0062	0.8312
MAPRE3	LDHA	3	0.0066	0.8297
ACTB	ALDH1A1	3	0.3333	0.4115
KRT8	GLUD1	3	0.2501	0.5606
ACTB	GLUD1	3	0.1013	0.6876
MAPRE3	GLUD1	3	0.0022	0.8496
KRT8	DHFR	3	0.3113	0.4943
LMNA	DHFR	3	0.1092	0.6814
ACTB	DHFR	3	0.1678	0.6298
CTNNA1	DHFR	3	0.0244	0.7741
MAPRE3	DHFR	3	0.0581	0.7282
KRT8	GSR	3	0.0122	0.8082
LMNA	GSR	3	0.0238	0.7755
ACTB	GSR	3	0.0056	0.8337
CTNNA1	GSR	3	0.0355	0.7556
MAPRE3	GSR	3	0.0092	0.8190
KRT8	MT-CO2	3	0.1815	0.6172
LMNA	MT-CO2	3	0.5053	0.1878
ACTB	MT-CO2	3	0.0741	0.7131
CTNNA1	MT-CO2	3	0.0033	0.8438
MAPRE3	MT-CO2	3	0.0314	0.7615
KRT8	SOD1	3	0.3333	0.4115
ACTB	CP	3	0.3333	0.4115
KRT8	PNP	3	0.0612	0.7255
LMNA	PNP	3	0.0174	0.7910
ACTB	PNP	3	0.1729	0.6255
KRT8	HPRT1	3	0.0499	0.7374
LMNA	HPRT1	3	0.0096	0.8174
ACTB	HPRT1	3	0.0621	0.7247
CTNNA1	HPRT1	3	0.0086	0.8215
MAPRE3	HPRT1	3	0.0037	0.8419
KRT8	ABL1	3	0.0089	0.8203
ACTB	ABL1	3	0.2175	0.5887
MAPRE3	ABL1	3	0.0007	0.8600
KRT8	EGFR	3	0.2126	0.5927
LMNA	EGFR	3	0.0940	0.6945
ACTB	EGFR	3	0.2735	0.5370
CTNNA1	EGFR	3	0.1332	0.6602
MAPRE3	EGFR	3	0.0218	0.7795
KRT8	PGK1	3	0.1302	0.6630
LMNA	PGK1	3	0.0115	0.8103
ACTB	PGK1	3	0.0293	0.7654
CTNNA1	PGK1	3	0.0070	0.8278
MAPRE3	PGK1	3	0.0061	0.8316
KRT8	AK1	3	0.0149	0.7987
LMNA	AK1	3	0.0325	0.7598
ACTB	AK1	3	0.0115	0.8103
CTNNA1	AK1	3	0.0116	0.8099
MAPRE3	AK1	3	0.0088	0.8208
ACTB	HP	3	0.3333	0.4115
KRT8	ADA	3	0.0038	0.8415
LMNA	ADA	3	0.0129	0.8057
ACTB	ADA	3	0.0027	0.8469
CTNNA1	ADA	3	0.0254	0.7720
MAPRE3	ADA	3	0.0060	0.8320
ACTB	SERPINA3	3	0.3333	0.4115
ACTB	A2M	3	0.3333	0.4115
KRT8	C3	3	1.0000	0.0000
ACTB	C3	3	0.3333	0.4115
ACTB	CSTA	3	0.3333	0.4115
MAPRE3	CSTA	3	0.3333	0.4115
ACTB	JCHAIN	3	0.3333	0.4115
ACTB	IGKV3-20	3	0.3333	0.4115
ACTB	IGKV3-15;IGKV3-7;IGKV3D-7	3	0.3333	0.4115
ACTB	IGLV1-47	3	0.3333	0.4115
ACTB	IGHV3-23;IGHV3-30;IGHV3-30-3;IGHV3-30-5;IGHV3-33;IGHV3-53;IGHV3-66;IGHV3-74	3	0.3333	0.4115
ACTB	IGHV3-7	3	0.3333	0.4115
ACTB	PIGR	3	0.3333	0.4115
ACTB	IGKC	3	0.3333	0.4115
ACTB	IGHG1	3	0.3333	0.4115
ACTB	IGHG3	3	0.3333	0.4115
ACTB	IGHM	3	0.3333	0.4115
ACTB	IGHA1	3	0.3333	0.4115
CTNNA1	IGHA1	3	0.0025	0.8479
ACTB	IGHA2	3	0.3333	0.4115
KRT8	HLA-B	3	0.0261	0.7709
LMNA	HLA-B	3	0.0220	0.7790
ACTB	HLA-B	3	0.0322	0.7603
CTNNA1	HLA-B	3	0.0134	0.8040
MAPRE3	HLA-B	3	0.0020	0.8508
KRT8	COL1A1	3	0.0053	0.8350
ACTB	COL1A1	3	0.2261	0.5814
KRT8	COL3A1	3	0.0040	0.8407
LMNA	COL3A1	3	0.0000	0.8712
ACTB	COL3A1	3	0.0111	0.8119
MAPRE3	COL3A1	3	0.0009	0.8582
KRT8	KRT14	3	0.1275	0.6650
LMNA	KRT14	3	0.1533	0.6427
ACTB	KRT14	3	0.2202	0.5868
CTNNA1	KRT14	3	0.0633	0.7232
MAPRE3	KRT14	3	0.0423	0.7465
KRT8	KRT6A	3	0.0994	0.6894
LMNA	KRT6A	3	0.0944	0.6941
ACTB	KRT6A	3	0.2716	0.5393
CTNNA1	KRT6A	3	0.0856	0.7017
MAPRE3	KRT6A	3	0.1207	0.6713
KRT8	LMNA	3	0.0907	0.6976
LMNA	LMNA	3	0.9996	0.0000
ACTB	LMNA	3	0.0646	0.7220
CTNNA1	LMNA	3	0.0447	0.7436
MAPRE3	LMNA	3	0.0512	0.7359
ACTB	FGB	3	0.3333	0.4115
ACTB	FGG	3	0.3333	0.4115
KRT8	FN1	3	0.0029	0.8459
ACTB	FN1	3	0.0306	0.7628
CTNNA1	FN1	3	0.0003	0.8647
KRT8	ALB	3	0.6686	0.0657
ACTB	ALB	3	0.3333	0.4115
KRT8	TFRC	3	0.1765	0.6224
LMNA	TFRC	3	0.0381	0.7517
ACTB	TFRC	3	0.1331	0.6603
CTNNA1	TFRC	3	0.0028	0.8464
MAPRE3	TFRC	3	0.0002	0.8663
ACTB	LTF	3	0.3333	0.4115
LMNA	MT-ND4	3	0.0029	0.8459
ACTB	MT-ND4	3	0.0008	0.8590
KRT8	MT-ATP8	3	0.0073	0.8266
LMNA	MT-ATP8	3	0.0024	0.8483
ACTB	MT-ATP8	3	0.0155	0.7966
MAPRE3	MT-ATP8	3	0.0003	0.8647
ACTB	VTN	3	0.0058	0.8327
KRT8	CAT	3	0.3406	0.3910
LMNA	CAT	3	0.0033	0.8438
ACTB	CAT	3	0.2142	0.5912
KRT8	RAF1	3	0.3050	0.5028
LMNA	RAF1	3	0.1173	0.6743
ACTB	RAF1	3	0.2639	0.5471
CTNNA1	RAF1	3	0.0385	0.7511
MAPRE3	RAF1	3	0.1381	0.6557
ACTB	GBA1	3	0.3333	0.4115
KRT8	ALDOA	3	0.0986	0.6900
LMNA	ALDOA	3	0.0180	0.7895
ACTB	ALDOA	3	0.2342	0.5749
CTNNA1	ALDOA	3	0.0153	0.7974
MAPRE3	ALDOA	3	0.0060	0.8320
KRT8	CSTB	3	0.0079	0.8242
LMNA	CSTB	3	0.0155	0.7966
ACTB	CSTB	3	0.0113	0.8111
CTNNA1	CSTB	3	0.0532	0.7338
MAPRE3	CSTB	3	0.0045	0.8384
KRT8	ANXA1	3	0.3319	0.4659
LMNA	ANXA1	3	0.2233	0.5837
ACTB	ANXA1	3	0.3185	0.4842
CTNNA1	ANXA1	3	0.0827	0.7048
MAPRE3	ANXA1	3	0.1779	0.6209
KRT8	NR3C1	3	0.3324	0.4648
LMNA	NR3C1	3	0.3013	0.5075
ACTB	NR3C1	3	0.3258	0.4757
CTNNA1	NR3C1	3	0.0962	0.6925
MAPRE3	NR3C1	3	0.2288	0.5789
KRT8	OAT	3	0.0240	0.7750
LMNA	OAT	3	0.0193	0.7862
ACTB	OAT	3	0.0504	0.7369
CTNNA1	OAT	3	0.0018	0.8519
KRT8	TK1	3	0.2621	0.5491
LMNA	TK1	3	0.1729	0.6255
ACTB	TK1	3	0.2456	0.5650
CTNNA1	TK1	3	0.0210	0.7816
MAPRE3	TK1	3	0.1343	0.6595
KRT8	KRT6B	3	0.1714	0.6270
LMNA	KRT6B	3	0.2309	0.5774
ACTB	KRT6B	3	0.2985	0.5115
CTNNA1	KRT6B	3	0.0399	0.7495
MAPRE3	KRT6B	3	0.0674	0.7195
KRT8	KRT1	3	0.0567	0.7298
LMNA	KRT1	3	0.1447	0.6497
ACTB	KRT1	3	0.1933	0.6083
CTNNA1	KRT1	3	0.0523	0.7347
MAPRE3	KRT1	3	0.0306	0.7628
KRT8	TUBB4A	3	0.3202	0.4827
LMNA	TUBB4A	3	0.1151	0.6760
ACTB	TUBB4A	3	0.0758	0.7115
CTNNA1	TUBB4A	3	0.0091	0.8194
MAPRE3	TUBB4A	3	0.0202	0.7835
KRT8	GAPDH	3	0.0550	0.7317
LMNA	GAPDH	3	0.0745	0.7128
ACTB	GAPDH	3	0.1578	0.6386
CTNNA1	GAPDH	3	0.0078	0.8246
MAPRE3	GAPDH	3	0.0103	0.8147
KRT8	ASL	3	0.6663	0.1387
KRT8	HLA-A	3	0.0252	0.7724
LMNA	HLA-A	3	0.0129	0.8057
ACTB	HLA-A	3	0.0387	0.7509
CTNNA1	HLA-A	3	0.0119	0.8091
MAPRE3	HLA-A	3	0.0020	0.8508
KRT8	ERBB2	3	0.0026	0.8473
LMNA	ERBB2	3	0.0000	0.8712
ACTB	ERBB2	3	0.0081	0.8234
CTNNA1	ERBB2	3	0.0010	0.8573
KRT8	CAPNS1	3	0.0155	0.7966
LMNA	CAPNS1	3	0.0388	0.7508
ACTB	CAPNS1	3	0.0820	0.7057
CTNNA1	CAPNS1	3	0.0212	0.7811
MAPRE3	CAPNS1	3	0.0123	0.8079
KRT8	HSPB1	3	0.1028	0.6867
LMNA	HSPB1	3	0.0170	0.7922
ACTB	HSPB1	3	0.0631	0.7236
CTNNA1	HSPB1	3	0.0071	0.8274
MAPRE3	HSPB1	3	0.0052	0.8354
KRT8	TYMS	3	0.2298	0.5782
LMNA	TYMS	3	0.2494	0.5612
ACTB	TYMS	3	0.1696	0.6285
CTNNA1	TYMS	3	0.0198	0.7847
MAPRE3	TYMS	3	0.0353	0.7559
KRT8	RPN1	3	0.1864	0.6131
LMNA	RPN1	3	0.3804	0.3002
ACTB	RPN1	3	0.1596	0.6368
CTNNA1	RPN1	3	0.0230	0.7771
MAPRE3	RPN1	3	0.0423	0.7465
KRT8	RPN2	3	0.6652	0.1405
LMNA	RPN2	3	0.3330	0.4634
KRT8	GNAI2	3	0.1623	0.6343
LMNA	GNAI2	3	0.0470	0.7409
ACTB	GNAI2	3	0.1174	0.6742
CTNNA1	GNAI2	3	0.0187	0.7876
MAPRE3	GNAI2	3	0.0141	0.8015
KRT8	SLC4A2	3	0.0020	0.8508
ACTB	SLC4A2	3	0.0032	0.8442
KRT8	ATP1A1	3	0.1485	0.6464
LMNA	ATP1A1	3	0.1066	0.6832
ACTB	ATP1A1	3	0.0905	0.6977
CTNNA1	ATP1A1	3	0.0281	0.7672
MAPRE3	ATP1A1	3	0.0047	0.8376
LMNA	APP	3	1.0000	0.0000
LMNA	ARG1	3	0.1122	0.6785
ACTB	ARG1	3	0.3010	0.5081
CTNNA1	ARG1	3	0.0652	0.7215
MAPRE3	ARG1	3	0.0383	0.7514
KRT8	ALDH2	3	0.0204	0.7829
LMNA	ALDH2	3	0.3286	0.4717
ACTB	ALDH2	3	0.0555	0.7311
ACTB	S100A8	3	0.3333	0.4115
CTNNA1	S100A8	3	0.0169	0.7924
MAPRE3	S100A8	3	0.3300	0.4696
KRT8	SLC25A5	3	0.4258	0.2395
LMNA	SLC25A5	3	0.1494	0.6457
ACTB	SLC25A5	3	0.1570	0.6391
CTNNA1	SLC25A5	3	0.0332	0.7588
MAPRE3	SLC25A5	3	0.0654	0.7213
KRT8	ISG15	3	0.2482	0.5625
LMNA	ISG15	3	0.0920	0.6963
ACTB	ISG15	3	0.0650	0.7217
CTNNA1	ISG15	3	0.0178	0.7901
MAPRE3	ISG15	3	0.0233	0.7765
ACTB	MPO	3	0.3333	0.4115
KRT8	PCCA	3	0.0053	0.8350
LMNA	PCCA	3	0.0149	0.7987
ACTB	PCCA	3	0.0057	0.8332
CTNNA1	PCCA	3	0.0131	0.8051
MAPRE3	PCCA	3	0.0049	0.8367
KRT8	PCCB	3	0.3268	0.4743
LMNA	PCCB	3	0.0704	0.7168
ACTB	PCCB	3	0.0591	0.7272
CTNNA1	PCCB	3	0.0184	0.7884
MAPRE3	PCCB	3	0.0047	0.8376
KRT8	EIF2S1	3	0.5891	0.1602
LMNA	EIF2S1	3	0.0780	0.7095
ACTB	EIF2S1	3	0.1198	0.6720
CTNNA1	EIF2S1	3	0.0263	0.7706
MAPRE3	EIF2S1	3	0.0464	0.7415
KRT8	RPLP1	3	0.1589	0.6375
LMNA	RPLP1	3	0.0241	0.7748
ACTB	RPLP1	3	0.1042	0.6855
CTNNA1	RPLP1	3	0.0103	0.8147
MAPRE3	RPLP1	3	0.0039	0.8410
KRT8	RPLP2	3	0.0155	0.7966
LMNA	RPLP2	3	0.0010	0.8573
ACTB	RPLP2	3	0.0012	0.8558
MAPRE3	RPLP2	3	0.0012	0.8558
KRT8	RPLP0	3	0.0321	0.7605
LMNA	RPLP0	3	0.0108	0.8130
ACTB	RPLP0	3	0.0162	0.7946
CTNNA1	RPLP0	3	0.0072	0.8270
MAPRE3	RPLP0	3	0.0033	0.8438
LMNA	JUN	3	0.0182	0.7889
ACTB	JUN	3	0.0001	0.8682
KRT8	POLR3D	3	0.0883	0.6997
ACTB	POLR3D	3	0.0248	0.7731
MAPRE3	POLR3D	3	0.2207	0.5863
KRT8	SSB	3	0.1297	0.6634
LMNA	SSB	3	0.2681	0.5426
ACTB	SSB	3	0.1699	0.6283
CTNNA1	SSB	3	0.0088	0.8208
MAPRE3	SSB	3	0.0099	0.8164
KRT8	ITGB1	3	0.1836	0.6156
LMNA	ITGB1	3	0.4889	0.1937
ACTB	ITGB1	3	0.2287	0.5790
CTNNA1	ITGB1	3	0.1570	0.6391
MAPRE3	ITGB1	3	0.1185	0.6730
KRT8	KRT18	3	0.6373	0.1513
LMNA	KRT18	3	0.0916	0.6967
ACTB	KRT18	3	0.1705	0.6276
CTNNA1	KRT18	3	0.0857	0.7015
MAPRE3	KRT18	3	0.1062	0.6836
KRT8	KRT8	3	0.9484	0.0023
LMNA	KRT8	3	0.0459	0.7421
ACTB	KRT8	3	0.0783	0.7092
CTNNA1	KRT8	3	0.0359	0.7549
MAPRE3	KRT8	3	0.0541	0.7328
KRT8	MYL1;MYL3	3	0.2652	0.5458
ACTB	MYL1;MYL3	3	0.3333	0.4115
MAPRE3	MYL1;MYL3	3	0.0047	0.8376
ACTB	IGKV4-1	3	0.3333	0.4115
KRT8	GSN	3	0.2808	0.5289
ACTB	GSN	3	0.9225	0.0052
KRT8	CDK1	3	0.0116	0.8099
LMNA	CDK1	3	0.0099	0.8164
ACTB	CDK1	3	0.0062	0.8312
CTNNA1	CDK1	3	0.0000	0.8712
MAPRE3	CDK1	3	0.0012	0.8558
KRT8	ATP5F1B	3	0.2498	0.5609
ACTB	ATP5F1B	3	0.1244	0.6680
MAPRE3	ATP5F1B	3	0.0045	0.8384
ACTB	S100A9	3	0.6667	0.0696
MAPRE3	S100A9	3	0.3333	0.4115
KRT8	S100A6	3	0.0009	0.8582
LMNA	S100A6	3	0.1113	0.6791
ACTB	S100A6	3	0.0212	0.7811
CTNNA1	S100A6	3	0.0121	0.8085
MAPRE3	S100A6	3	0.0455	0.7426
KRT8	ENO1	3	0.0555	0.7311
LMNA	ENO1	3	0.0242	0.7746
ACTB	ENO1	3	0.0594	0.7269
CTNNA1	ENO1	3	0.0089	0.8203
MAPRE3	ENO1	3	0.0050	0.8364
KRT8	PYGL	3	0.3512	0.3612
LMNA	PYGL	3	0.1981	0.6044
ACTB	PYGL	3	0.3218	0.4807
CTNNA1	PYGL	3	0.0260	0.7711
MAPRE3	PYGL	3	0.1535	0.6425
KRT8	GPI	3	0.6886	0.0531
LMNA	GPI	3	0.0084	0.8224
ACTB	GPI	3	0.6818	0.0559
MAPRE3	GPI	3	0.6651	0.1408
KRT8	NPM1	3	0.1544	0.6415
LMNA	NPM1	3	0.1567	0.6393
ACTB	NPM1	3	0.1339	0.6597
CTNNA1	NPM1	3	0.0121	0.8085
MAPRE3	NPM1	3	0.0836	0.7038
KRT8	TPM3	3	0.0367	0.7535
LMNA	TPM3	3	0.0111	0.8119
ACTB	TPM3	3	0.0366	0.7537
CTNNA1	TPM3	3	0.0086	0.8215
MAPRE3	TPM3	3	0.0035	0.8429
KRT8	LPL	3	0.3333	0.4115
KRT8	H2BC11;H2BC17;H2BC21;H2BC26;H2BC3	3	0.0009	0.8582
LMNA	H2BC11;H2BC17;H2BC21;H2BC26;H2BC3	3	0.0135	0.8037
CTNNA1	H2BC11;H2BC17;H2BC21;H2BC26;H2BC3	3	0.0034	0.8433
MAPRE3	H2BC11;H2BC17;H2BC21;H2BC26;H2BC3	3	0.0011	0.8566
KRT8	LDHB	3	0.0758	0.7115
LMNA	LDHB	3	0.0209	0.7817
ACTB	LDHB	3	0.0511	0.7360
CTNNA1	LDHB	3	0.0072	0.8270
MAPRE3	LDHB	3	0.0039	0.8410
KRT8	GPX1	3	0.0101	0.8155
LMNA	GPX1	3	0.0225	0.7780
ACTB	GPX1	3	0.0340	0.7578
CTNNA1	GPX1	3	0.0118	0.8094
MAPRE3	GPX1	3	0.0061	0.8316
KRT8	P4HB	3	0.0365	0.7539
LMNA	P4HB	3	0.0416	0.7472
ACTB	P4HB	3	0.0577	0.7287
CTNNA1	P4HB	3	0.0067	0.8294
MAPRE3	P4HB	3	0.0099	0.8164
CTNNA1	H1-0	3	0.0240	0.7750
MAPRE3	H1-0	3	0.1832	0.6159
KRT8	CTSD	3	0.0474	0.7405
LMNA	CTSD	3	0.0799	0.7080
ACTB	CTSD	3	0.2536	0.5567
CTNNA1	CTSD	3	0.0268	0.7697
MAPRE3	CTSD	3	0.0366	0.7537
KRT8	ANXA2	3	0.2674	0.5435
LMNA	ANXA2	3	0.0292	0.7655
ACTB	ANXA2	3	0.2452	0.5656
CTNNA1	ANXA2	3	0.0177	0.7904
MAPRE3	ANXA2	3	0.0367	0.7535
KRT8	CAPN1	3	0.2679	0.5429
LMNA	CAPN1	3	0.0753	0.7120
ACTB	CAPN1	3	0.1712	0.6272
CTNNA1	CAPN1	3	0.0086	0.8215
MAPRE3	CAPN1	3	0.0349	0.7564
KRT8	TUBB	3	0.2509	0.5596
LMNA	TUBB	3	0.1106	0.6796
ACTB	TUBB	3	0.1780	0.6208
CTNNA1	TUBB	3	0.0238	0.7755
MAPRE3	TUBB	3	0.0685	0.7181
KRT8	PFN1	3	0.0094	0.8181
LMNA	PFN1	3	0.0332	0.7588
ACTB	PFN1	3	0.0381	0.7517
CTNNA1	PFN1	3	0.0099	0.8164
MAPRE3	PFN1	3	0.0098	0.8168
KRT8	EPRS1	3	0.2670	0.5438
LMNA	EPRS1	3	0.0943	0.6943
ACTB	EPRS1	3	0.2536	0.5567
CTNNA1	EPRS1	3	0.0450	0.7432
MAPRE3	EPRS1	3	0.1320	0.6615
KRT8	HSP90AA1	3	0.2434	0.5672
LMNA	HSP90AA1	3	0.0937	0.6948
ACTB	HSP90AA1	3	0.1319	0.6616
CTNNA1	HSP90AA1	3	0.0150	0.7983
MAPRE3	HSP90AA1	3	0.0209	0.7817
KRT8	HNRNPC	3	0.3243	0.4776
LMNA	HNRNPC	3	0.1656	0.6312
ACTB	HNRNPC	3	0.1944	0.6075
CTNNA1	HNRNPC	3	0.0295	0.7650
MAPRE3	HNRNPC	3	0.0734	0.7140
CTNNA1	YES1	3	0.0004	0.8632
KRT8	TPM2	3	0.1157	0.6755
LMNA	TPM2	3	0.0107	0.8132
ACTB	TPM2	3	0.0753	0.7120
CTNNA1	TPM2	3	0.0067	0.8294
MAPRE3	TPM2	3	0.0035	0.8429
KRT8	FH	3	0.0507	0.7366
LMNA	FH	3	0.0077	0.8250
ACTB	FH	3	0.0120	0.8088
CTNNA1	FH	3	0.0017	0.8526
MAPRE3	FH	3	0.0005	0.8621
KRT8	THBS1	3	0.4515	0.2171
LMNA	THBS1	3	0.1409	0.6536
ACTB	THBS1	3	0.2011	0.6024
CTNNA1	THBS1	3	0.0422	0.7465
MAPRE3	THBS1	3	0.1019	0.6873
KRT8	ANXA6	3	0.2209	0.5862
LMNA	ANXA6	3	0.0409	0.7482
ACTB	ANXA6	3	0.1713	0.6270
CTNNA1	ANXA6	3	0.0091	0.8194
MAPRE3	ANXA6	3	0.0306	0.7628
KRT8	SLC3A2	3	0.3119	0.4932
LMNA	SLC3A2	3	0.0979	0.6906
ACTB	SLC3A2	3	0.2330	0.5757
CTNNA1	SLC3A2	3	0.0559	0.7306
MAPRE3	SLC3A2	3	0.0367	0.7535
KRT8	PFKM	3	0.3126	0.4926
LMNA	PFKM	3	0.1769	0.6220
ACTB	PFKM	3	0.2545	0.5559
CTNNA1	PFKM	3	0.0444	0.7439
MAPRE3	PFKM	3	0.1313	0.6622
KRT8	HSP90AB1	3	0.0275	0.7681
LMNA	HSP90AB1	3	0.1634	0.6333
ACTB	HSP90AB1	3	0.1291	0.6637
CTNNA1	HSP90AB1	3	0.0158	0.7958
MAPRE3	HSP90AB1	3	0.0356	0.7555
KRT8	SRPRA	3	0.0017	0.8526
LMNA	SRPRA	3	0.0238	0.7755
ACTB	SRPRA	3	0.0070	0.8278
CTNNA1	SRPRA	3	0.0001	0.8682
MAPRE3	SRPRA	3	0.0013	0.8550
KRT8	ASNS	3	0.2217	0.5856
LMNA	ASNS	3	0.0512	0.7359
ACTB	ASNS	3	0.1960	0.6059
CTNNA1	ASNS	3	0.0061	0.8316
MAPRE3	ASNS	3	0.0239	0.7753
ACTB	CTSG	3	0.3333	0.4115
KRT8	PDHA1	3	0.1191	0.6726
LMNA	PDHA1	3	0.0528	0.7343
ACTB	PDHA1	3	0.0580	0.7284
CTNNA1	PDHA1	3	0.0306	0.7628
MAPRE3	PDHA1	3	0.0090	0.8199
KRT8	MET	3	0.0159	0.7955
LMNA	MET	3	0.0033	0.8438
ACTB	MET	3	0.0001	0.8682
CTNNA1	MET	3	0.0023	0.8489
KRT8	SNRNP70	3	0.0320	0.7606
LMNA	SNRNP70	3	0.0411	0.7478
ACTB	SNRNP70	3	0.0731	0.7144
CTNNA1	SNRNP70	3	0.0158	0.7958
MAPRE3	SNRNP70	3	0.0122	0.8082
KRT8	NFIC	3	0.0007	0.8600
LMNA	NFIC	3	0.0267	0.7698
ACTB	NFIC	3	0.0007	0.8600
MAPRE3	NFIC	3	0.0000	0.8712
KRT8	VIM	3	0.4295	0.2359
LMNA	VIM	3	0.1117	0.6789
ACTB	VIM	3	0.2196	0.5872
CTNNA1	VIM	3	0.1186	0.6729
MAPRE3	VIM	3	0.1629	0.6338
KRT8	RPS17	3	0.0615	0.7253
LMNA	RPS17	3	0.0372	0.7529
ACTB	RPS17	3	0.0546	0.7322
CTNNA1	RPS17	3	0.0216	0.7801
MAPRE3	RPS17	3	0.0092	0.8190
KRT8	KRT19	3	1.0000	0.0000
LMNA	KRT19	3	0.0136	0.8031
ACTB	KRT19	3	0.2950	0.5152
CTNNA1	KRT19	3	0.0041	0.8402
MAPRE3	KRT19	3	0.0105	0.8141
KRT8	KRT7	3	0.8542	0.0126
LMNA	KRT7	3	0.0898	0.6984
ACTB	KRT7	3	0.1383	0.6554
CTNNA1	KRT7	3	0.0661	0.7205
MAPRE3	KRT7	3	0.0906	0.6976
KRT8	GNAI3	3	0.1344	0.6595
LMNA	GNAI3	3	0.0496	0.7378
ACTB	GNAI3	3	0.0971	0.6917
CTNNA1	GNAI3	3	0.0101	0.8155
MAPRE3	GNAI3	3	0.0090	0.8199
KRT8	ANXA5	3	0.0620	0.7248
LMNA	ANXA5	3	0.0388	0.7508
ACTB	ANXA5	3	0.1127	0.6782
CTNNA1	ANXA5	3	0.0143	0.8008
MAPRE3	ANXA5	3	0.0138	0.8025
KRT8	KRT16	3	0.1153	0.6759
LMNA	KRT16	3	0.1376	0.6561
ACTB	KRT16	3	0.1986	0.6041
CTNNA1	KRT16	3	0.0776	0.7100
MAPRE3	KRT16	3	0.0435	0.7451
KRT8	RPSA	3	0.1289	0.6639
LMNA	RPSA	3	0.0168	0.7927
ACTB	RPSA	3	0.1097	0.6808
CTNNA1	RPSA	3	0.0095	0.8177
MAPRE3	RPSA	3	0.0036	0.8424
KRT8	MRPL3	3	0.9366	0.0036
LMNA	MRPL3	3	0.0488	0.7386
ACTB	MRPL3	3	0.1186	0.6729
CTNNA1	MRPL3	3	0.0194	0.7859
MAPRE3	MRPL3	3	0.0136	0.8031
KRT8	FGF2	3	0.0140	0.8018
LMNA	FGF2	3	0.0133	0.8044
ACTB	FGF2	3	0.0215	0.7803
CTNNA1	FGF2	3	0.0127	0.8065
MAPRE3	FGF2	3	0.0049	0.8367
KRT8	ACAA1	3	0.0008	0.8590
KRT8	GSTP1	3	0.0294	0.7652
LMNA	GSTP1	3	0.0188	0.7873
ACTB	GSTP1	3	0.0629	0.7240
CTNNA1	GSTP1	3	0.0089	0.8203
MAPRE3	GSTP1	3	0.0015	0.8537
KRT8	SNRPC	3	0.0047	0.8376
LMNA	SNRPC	3	0.0013	0.8550
ACTB	SNRPC	3	0.0054	0.8345
CTNNA1	SNRPC	3	0.0000	0.8712
MAPRE3	SNRPC	3	0.0002	0.8663
KRT8	LGALS1	3	0.0243	0.7743
LMNA	LGALS1	3	0.0132	0.8047
ACTB	LGALS1	3	0.0178	0.7901
CTNNA1	LGALS1	3	0.0131	0.8051
MAPRE3	LGALS1	3	0.0012	0.8558
LMNA	HMGB1	3	0.0102	0.8152
KRT8	TPM1	3	0.0462	0.7418
LMNA	TPM1	3	0.0133	0.8044
ACTB	TPM1	3	0.0459	0.7421
CTNNA1	TPM1	3	0.0193	0.7862
MAPRE3	TPM1	3	0.0051	0.8359
KRT8	CLTA	3	0.0026	0.8473
LMNA	CLTA	3	0.0012	0.8558
ACTB	CLTA	3	0.0005	0.8621
MAPRE3	CLTA	3	0.0002	0.8663
KRT8	ANXA4	3	0.3333	0.4115
LMNA	ANXA4	3	0.3333	0.4115
ACTB	ANXA4	3	0.3333	0.4115
KRT8	CNP	3	0.2223	0.5849
LMNA	CNP	3	0.0869	0.7006
ACTB	CNP	3	0.1837	0.6155
CTNNA1	CNP	3	0.0215	0.7803
MAPRE3	CNP	3	0.0243	0.7743
KRT8	DLD	3	1.0000	0.0000
LMNA	DLD	3	0.3333	0.4115
KRT8	HNRNPA1	3	0.1622	0.6346
LMNA	HNRNPA1	3	0.2882	0.5227
ACTB	HNRNPA1	3	0.1786	0.6202
CTNNA1	HNRNPA1	3	0.0354	0.7557
MAPRE3	HNRNPA1	3	0.1804	0.6184
KRT8	SNRPA1	3	0.0061	0.8316
LMNA	SNRPA1	3	0.0186	0.7879
ACTB	SNRPA1	3	0.0032	0.8442
CTNNA1	SNRPA1	3	0.0001	0.8682
MAPRE3	SNRPA1	3	0.0014	0.8544
KRT8	PARP1	3	0.1513	0.6443
LMNA	PARP1	3	0.2619	0.5492
ACTB	PARP1	3	0.1272	0.6655
CTNNA1	PARP1	3	0.0172	0.7916
MAPRE3	PARP1	3	0.0510	0.7362
KRT8	POLA1	3	0.2565	0.5542
LMNA	POLA1	3	0.3101	0.4959
ACTB	POLA1	3	0.2223	0.5849
CTNNA1	POLA1	3	0.0746	0.7126
MAPRE3	POLA1	3	0.1532	0.6428
KRT8	LTA4H	3	0.3621	0.3399
LMNA	LTA4H	3	0.0682	0.7183
ACTB	LTA4H	3	0.2684	0.5425
ACTB	ALDOC	3	0.0024	0.8483
LMNA	H2AZ1;H2AZ2	3	0.3438	0.3793
KRT8	FBXO45	3	0.0030	0.8454
ACTB	FBXO45	3	0.0053	0.8350
MAPRE3	FBXO45	3	0.0001	0.8682
KRT8	UQCRFS1;UQCRFS1P1	3	0.0068	0.8289
LMNA	UQCRFS1;UQCRFS1P1	3	0.0151	0.7980
ACTB	UQCRFS1;UQCRFS1P1	3	0.0069	0.8283
CTNNA1	UQCRFS1;UQCRFS1P1	3	0.0145	0.8000
MAPRE3	UQCRFS1;UQCRFS1P1	3	0.0033	0.8438
KRT8	MYZAP	3	1.0000	0.0000
KRT8	POLR2M	3	0.0732	0.7142
LMNA	POLR2M	3	0.0003	0.8647
ACTB	POLR2M	3	0.0143	0.8008
CTNNA1	POLR2M	3	0.0013	0.8550
MAPRE3	POLR2M	3	0.0032	0.8442
ACTB	IGLC2;IGLC3;IGLC6;IGLC7	3	0.3333	0.4115
KRT8	RPS27A;UBA52;UBB;UBC	3	0.2616	0.5496
LMNA	RPS27A;UBA52;UBB;UBC	3	0.1551	0.6407
ACTB	RPS27A;UBA52;UBB;UBC	3	0.2478	0.5629
CTNNA1	RPS27A;UBA52;UBB;UBC	3	0.0286	0.7665
MAPRE3	RPS27A;UBA52;UBB;UBC	3	0.0849	0.7024
KRT8	TRAPPC2;TRAPPC2B	3	1.0000	0.0000
KRT8	HSPA1A;HSPA1B	3	0.3545	0.3540
LMNA	HSPA1A;HSPA1B	3	0.1132	0.6776
ACTB	HSPA1A;HSPA1B	3	0.2276	0.5800
CTNNA1	HSPA1A;HSPA1B	3	0.0175	0.7909
MAPRE3	HSPA1A;HSPA1B	3	0.0340	0.7578
KRT8	CALM1;CALM2;CALM3	3	0.0311	0.7620
LMNA	CALM1;CALM2;CALM3	3	0.0058	0.8327
ACTB	CALM1;CALM2;CALM3	3	0.0124	0.8074
MAPRE3	CALM1;CALM2;CALM3	3	0.0006	0.8612
LMNA	ERCC6	3	0.3140	0.4907
KRT8	GLI2	3	0.3486	0.3660
MAPRE3	GLI2	3	0.3575	0.3475
KRT8	GLI3	3	0.3333	0.4115
KRT8	RO60	3	0.1455	0.6488
LMNA	RO60	3	0.0582	0.7280
ACTB	RO60	3	0.0531	0.7339
MAPRE3	RO60	3	0.0043	0.8392
LMNA	MYBL2	3	0.0019	0.8514
KRT8	AR	3	0.0035	0.8429
LMNA	AR	3	0.0104	0.8144
ACTB	AR	3	0.0002	0.8663
MAPRE3	AR	3	0.0000	0.8712
KRT8	RRAS;RRAS2	3	0.1494	0.6457
ACTB	RRAS;RRAS2	3	0.0598	0.7267
KRT8	HLA-C	3	0.1513	0.6443
LMNA	HLA-C	3	0.1220	0.6697
ACTB	HLA-C	3	0.0897	0.6985
CTNNA1	HLA-C	3	0.0122	0.8082
MAPRE3	HLA-C	3	0.0050	0.8364
KRT8	ARAF	3	0.3617	0.3418
LMNA	ARAF	3	0.2376	0.5717
ACTB	ARAF	3	0.3093	0.4966
CTNNA1	ARAF	3	0.1197	0.6721
MAPRE3	ARAF	3	0.2348	0.5743
KRT8	H1-2;H1-3;H1-4	3	0.0056	0.8337
LMNA	H1-2;H1-3;H1-4	3	0.0411	0.7478
ACTB	H1-2;H1-3;H1-4	3	0.0068	0.8289
CTNNA1	H1-2;H1-3;H1-4	3	0.0110	0.8122
MAPRE3	H1-2;H1-3;H1-4	3	0.0069	0.8283
KRT8	DLAT	3	0.3333	0.4115
KRT8	PTPRF	3	0.0018	0.8519
KRT8	NR2F1;NR2F2	3	0.6667	0.0696
ACTB	NR2F1;NR2F2	3	0.3333	0.4115
KRT8	TXN	3	0.0422	0.7465
LMNA	TXN	3	0.0276	0.7680
ACTB	TXN	3	0.0512	0.7359
CTNNA1	TXN	3	0.0103	0.8147
MAPRE3	TXN	3	0.0086	0.8215
KRT8	COX5B	3	1.0000	0.0000
KRT8	MGST1	3	0.2205	0.5865
LMNA	MGST1	3	0.1388	0.6551
ACTB	MGST1	3	0.1429	0.6514
CTNNA1	MGST1	3	0.0202	0.7835
MAPRE3	MGST1	3	0.0248	0.7731
KRT8	PRKAR1A	3	0.0134	0.8040
LMNA	PRKAR1A	3	0.0001	0.8682
ACTB	PRKAR1A	3	0.0273	0.7686
KRT8	HSPD1	3	0.0871	0.7005
LMNA	HSPD1	3	0.0564	0.7301
ACTB	HSPD1	3	0.1447	0.6497
CTNNA1	HSPD1	3	0.0146	0.7997
MAPRE3	HSPD1	3	0.0180	0.7895
ACTB	CLU	3	0.3333	0.4115
KRT8	HSPA5	3	0.2933	0.5171
LMNA	HSPA5	3	0.1226	0.6692
ACTB	HSPA5	3	0.1811	0.6177
CTNNA1	HSPA5	3	0.0158	0.7958
MAPRE3	HSPA5	3	0.0337	0.7583
KRT8	LAMC1	3	0.0005	0.8621
KRT8	MAP2	3	0.0145	0.8000
LMNA	MAP2	3	0.0016	0.8531
ACTB	MAP2	3	0.0159	0.7955
CTNNA1	MAP2	3	0.0014	0.8544
MAPRE3	MAP2	3	0.9988	0.0000
KRT8	HSPA8	3	0.3274	0.4731
LMNA	HSPA8	3	0.1262	0.6665
ACTB	HSPA8	3	0.1552	0.6406
CTNNA1	HSPA8	3	0.0130	0.8054
MAPRE3	HSPA8	3	0.0197	0.7849
KRT8	SLC2A1	3	0.4263	0.2388
LMNA	SLC2A1	3	0.1760	0.6231
ACTB	SLC2A1	3	0.2165	0.5894
CTNNA1	SLC2A1	3	0.0521	0.7349
MAPRE3	SLC2A1	3	0.1054	0.6845
KRT8	EPB41	3	0.0052	0.8354
LMNA	EPB41	3	0.0002	0.8663
ACTB	EPB41	3	0.0255	0.7718
CTNNA1	EPB41	3	0.0014	0.8544
MAPRE3	EPB41	3	0.0005	0.8621
KRT8	UMPS	3	0.3580	0.3471
LMNA	UMPS	3	0.1503	0.6452
ACTB	UMPS	3	0.0582	0.7280
CTNNA1	UMPS	3	0.0211	0.7813
MAPRE3	UMPS	3	0.0061	0.8316
KRT8	PDHB	3	0.1972	0.6049
LMNA	PDHB	3	0.3106	0.4951
ACTB	PDHB	3	0.1375	0.6562
CTNNA1	PDHB	3	0.1783	0.6207
MAPRE3	PDHB	3	0.0179	0.7898
KRT8	DBT	3	1.0000	0.0000
KRT8	PYGB	3	0.0755	0.7118
LMNA	PYGB	3	0.0078	0.8246
ACTB	PYGB	3	0.0057	0.8332
CTNNA1	PYGB	3	0.0001	0.8682
KRT8	PYGM	3	0.3333	0.4115
LMNA	PYGM	3	0.3333	0.4115
KRT8	BCR	3	0.3236	0.4785
LMNA	BCR	3	0.1430	0.6513
ACTB	BCR	3	0.3006	0.5085
CTNNA1	BCR	3	0.0680	0.7185
MAPRE3	BCR	3	0.2550	0.5553
KRT8	ACADM	3	0.2892	0.5220
LMNA	ACADM	3	0.0100	0.8159
ACTB	ACADM	3	0.3328	0.4639
CTNNA1	ACADM	3	0.3333	0.4115
KRT8	TOP1	3	0.0994	0.6894
LMNA	TOP1	3	0.2239	0.5830
ACTB	TOP1	3	0.1144	0.6766
CTNNA1	TOP1	3	0.0109	0.8127
MAPRE3	TOP1	3	0.0218	0.7795
KRT8	TOP2A	3	0.2368	0.5724
LMNA	TOP2A	3	0.2691	0.5419
ACTB	TOP2A	3	0.1488	0.6461
CTNNA1	TOP2A	3	0.0240	0.7750
MAPRE3	TOP2A	3	0.0768	0.7107
KRT8	G6PD	3	0.1969	0.6051
LMNA	G6PD	3	0.0213	0.7808
ACTB	G6PD	3	0.1328	0.6607
CTNNA1	G6PD	3	0.0187	0.7876
MAPRE3	G6PD	3	0.0410	0.7481
KRT8	UBL4A	3	0.0014	0.8544
LMNA	UBL4A	3	0.0002	0.8663
ACTB	UBL4A	3	0.0103	0.8147
MAPRE3	UBL4A	3	0.0001	0.8682
KRT8	PC	3	0.0104	0.8144
LMNA	PC	3	0.0114	0.8107
ACTB	PC	3	0.0065	0.8300
CTNNA1	PC	3	0.0125	0.8071
MAPRE3	PC	3	0.0050	0.8364
KRT8	DMD	3	0.0042	0.8397
ACTB	DMD	3	0.0107	0.8132
CTNNA1	DMD	3	0.0009	0.8582
MAPRE3	DMD	3	0.0002	0.8663
KRT8	MTHFD1	3	0.1699	0.6283
LMNA	MTHFD1	3	0.0441	0.7444
ACTB	MTHFD1	3	0.1666	0.6306
CTNNA1	MTHFD1	3	0.0199	0.7843
MAPRE3	MTHFD1	3	0.0380	0.7519
ACTB	EPX	3	0.3333	0.4115
KRT8	IGF2R	3	0.0046	0.8380
LMNA	IGF2R	3	0.0074	0.8260
ACTB	IGF2R	3	0.0091	0.8194
CTNNA1	IGF2R	3	0.0000	0.8712
MAPRE3	IGF2R	3	0.0002	0.8663
KRT8	CDK4	3	0.3192	0.4836
LMNA	CDK4	3	0.3089	0.4974
ACTB	CDK4	3	0.1049	0.6851
CTNNA1	CDK4	3	0.0245	0.7739
KRT8	PRPS2	3	0.2880	0.5230
LMNA	PRPS2	3	0.0698	0.7172
ACTB	PRPS2	3	0.2668	0.5440
CTNNA1	PRPS2	3	0.0318	0.7610
MAPRE3	PRPS2	3	0.0071	0.8274
KRT8	PABPC1	3	0.2659	0.5454
LMNA	PABPC1	3	0.0844	0.7029
ACTB	PABPC1	3	0.2494	0.5612
CTNNA1	PABPC1	3	0.0570	0.7294
MAPRE3	PABPC1	3	0.1899	0.6109
KRT8	PCNA	3	0.3333	0.4115
CTNNA1	PCNA	3	0.3333	0.4115
KRT8	KRT3	3	0.0018	0.8519
ACTB	KRT3	3	0.0111	0.8119
CTNNA1	KRT3	3	0.0013	0.8550
MAPRE3	KRT3	3	0.0044	0.8389
KRT8	NEFH	3	0.8232	0.0193
ACTB	NEFH	3	0.1384	0.6553
KRT8	HARS1	3	0.1592	0.6372
LMNA	HARS1	3	0.0159	0.7955
ACTB	HARS1	3	0.1609	0.6357
CTNNA1	HARS1	3	0.0069	0.8283
MAPRE3	HARS1	3	0.0282	0.7671
KRT8	SLC25A4	3	0.3926	0.2778
LMNA	SLC25A4	3	0.0143	0.8008
ACTB	SLC25A4	3	0.0162	0.7946
CTNNA1	SLC25A4	3	0.0001	0.8682
MAPRE3	SLC25A4	3	0.0021	0.8502
KRT8	SLC25A6	3	0.3462	0.3721
LMNA	SLC25A6	3	0.9530	0.0017
ACTB	SLC25A6	3	0.0013	0.8550
CTNNA1	SLC25A6	3	0.0011	0.8566
MAPRE3	SLC25A6	3	0.0055	0.8342
KRT8	IMPDH2	3	0.2238	0.5831
LMNA	IMPDH2	3	0.1170	0.6745
ACTB	IMPDH2	3	0.1481	0.6467
CTNNA1	IMPDH2	3	0.0274	0.7684
MAPRE3	IMPDH2	3	0.0530	0.7340
KRT8	TPR	3	0.1795	0.6192
LMNA	TPR	3	0.3211	0.4814
ACTB	TPR	3	0.1863	0.6132
CTNNA1	TPR	3	0.0636	0.7230
MAPRE3	TPR	3	0.1497	0.6456
ACTB	PIP	3	0.3333	0.4115
CTNNA1	PIP	3	0.0087	0.8211
MAPRE3	PIP	3	0.2988	0.5109
KRT8	CKB	3	0.2035	0.6005
LMNA	CKB	3	0.0004	0.8632
ACTB	CKB	3	0.0047	0.8376
ACTB	FCGR1A;FCGR1BP	3	0.3333	0.4115
KRT8	ANXA3	3	0.0337	0.7583
LMNA	ANXA3	3	0.0660	0.7206
ACTB	ANXA3	3	0.0277	0.7678
CTNNA1	ANXA3	3	0.0100	0.8159
MAPRE3	ANXA3	3	0.0056	0.8337
KRT8	ACTN1	3	0.0297	0.7646
LMNA	ACTN1	3	0.0074	0.8260
ACTB	ACTN1	3	0.9994	0.0000
CTNNA1	ACTN1	3	0.0031	0.8449
MAPRE3	ACTN1	3	0.0059	0.8324
KRT8	PEPD	3	0.2544	0.5560
LMNA	PEPD	3	0.3314	0.4669
ACTB	PEPD	3	0.3253	0.4767
CTNNA1	PEPD	3	0.0049	0.8367
MAPRE3	PEPD	3	0.0204	0.7829
KRT8	XRCC6	3	0.1550	0.6408
LMNA	XRCC6	3	0.2381	0.5713
ACTB	XRCC6	3	0.1427	0.6517
CTNNA1	XRCC6	3	0.0159	0.7955
MAPRE3	XRCC6	3	0.0382	0.7515
KRT8	XRCC5	3	0.1579	0.6386
LMNA	XRCC5	3	0.2229	0.5841
ACTB	XRCC5	3	0.1390	0.6549
CTNNA1	XRCC5	3	0.0079	0.8242
MAPRE3	XRCC5	3	0.0429	0.7458
KRT8	UNG	3	0.0030	0.8454
LMNA	UNG	3	0.0775	0.7101
CTNNA1	UNG	3	0.0002	0.8663
LMNA	NR2C1	3	0.0653	0.7214
KRT8	ALAS1	3	0.6667	0.0696
ACTB	ALAS1	3	0.3333	0.4115
KRT8	RNH1	3	0.0403	0.7489
LMNA	RNH1	3	0.0208	0.7820
ACTB	RNH1	3	0.0440	0.7445
CTNNA1	RNH1	3	0.0128	0.8061
MAPRE3	RNH1	3	0.0068	0.8289
KRT8	EEF2	3	0.0903	0.6980
LMNA	EEF2	3	0.0269	0.7694
ACTB	EEF2	3	0.0675	0.7193
CTNNA1	EEF2	3	0.0095	0.8177
MAPRE3	EEF2	3	0.0137	0.8027
KRT8	KRT10	3	0.0677	0.7189
LMNA	KRT10	3	0.1370	0.6565
ACTB	KRT10	3	0.2050	0.5994
CTNNA1	KRT10	3	0.0961	0.6925
MAPRE3	KRT10	3	0.0702	0.7170
KRT8	KRT13	3	0.6253	0.1535
ACTB	KRT13	3	0.0566	0.7299
KRT8	KRT5	3	0.0493	0.7381
LMNA	KRT5	3	0.1450	0.6494
ACTB	KRT5	3	0.2338	0.5752
CTNNA1	KRT5	3	0.0677	0.7189
MAPRE3	KRT5	3	0.0640	0.7225
KRT8	PDIA4	3	0.4359	0.2311
LMNA	PDIA4	3	0.6618	0.1429
ACTB	PDIA4	3	0.6663	0.1387
CTNNA1	PDIA4	3	0.0225	0.7780
LMNA	ZNF35	3	1.0000	0.0000
KRT8	TPT1	3	0.2354	0.5734
LMNA	TPT1	3	0.0426	0.7461
ACTB	TPT1	3	0.1369	0.6566
CTNNA1	TPT1	3	0.0563	0.7302
MAPRE3	TPT1	3	0.0085	0.8220
ACTB	LCP1	3	0.3333	0.4115
KRT8	PLS3	3	0.1121	0.6786
LMNA	PLS3	3	0.0213	0.7808
ACTB	PLS3	3	0.3156	0.4880
CTNNA1	PLS3	3	0.0090	0.8199
MAPRE3	PLS3	3	0.0068	0.8289
KRT8	APEH	3	0.2455	0.5651
LMNA	APEH	3	0.0908	0.6975
ACTB	APEH	3	0.2238	0.5831
CTNNA1	APEH	3	0.0022	0.8496
MAPRE3	APEH	3	0.0533	0.7336
KRT8	ETFA	3	0.7163	0.0463
LMNA	ETFA	3	0.1877	0.6120
ACTB	ETFA	3	0.0151	0.7980
CTNNA1	ETFA	3	0.1484	0.6465
KRT8	GYS1	3	0.1311	0.6623
LMNA	GYS1	3	0.0090	0.8199
KRT8	PRKAR2A	3	0.1448	0.6496
LMNA	PRKAR2A	3	0.0427	0.7460
ACTB	PRKAR2A	3	0.2193	0.5874
CTNNA1	PRKAR2A	3	0.0214	0.7805
MAPRE3	PRKAR2A	3	0.1149	0.6762
LMNA	ANXA8;ANXA8L1	3	0.0038	0.8415
ACTB	ANXA8;ANXA8L1	3	0.0843	0.7031
CTNNA1	ANXA8;ANXA8L1	3	0.0062	0.8312
KRT8	GTF2F2	3	0.2031	0.6008
LMNA	GTF2F2	3	0.3255	0.4765
ACTB	GTF2F2	3	0.1659	0.6311
CTNNA1	GTF2F2	3	0.0546	0.7322
MAPRE3	GTF2F2	3	0.1513	0.6443
LMNA	YJU2B	3	0.6667	0.0696
KRT8	MIF	3	0.0205	0.7827
LMNA	MIF	3	0.0160	0.7952
ACTB	MIF	3	0.0171	0.7919
CTNNA1	MIF	3	0.0080	0.8239
MAPRE3	MIF	3	0.0088	0.8208
KRT8	FDPS	3	0.1616	0.6351
LMNA	FDPS	3	0.0778	0.7098
ACTB	FDPS	3	0.1487	0.6462
CTNNA1	FDPS	3	0.0295	0.7650
MAPRE3	FDPS	3	0.0107	0.8132
KRT8	TRIM27	3	0.9878	0.0005
LMNA	TRIM27	3	0.0475	0.7403
ACTB	TRIM27	3	0.0010	0.8573
KRT8	AKR1A1	3	0.2994	0.5099
ACTB	AKR1A1	3	0.1411	0.6533
CTNNA1	AKR1A1	3	0.0058	0.8327
MAPRE3	AKR1A1	3	0.0055	0.8342
KRT8	PKM	3	0.0209	0.7817
LMNA	PKM	3	0.0220	0.7790
ACTB	PKM	3	0.0208	0.7820
CTNNA1	PKM	3	0.0120	0.8088
MAPRE3	PKM	3	0.0087	0.8211
KRT8	ACYP2	3	0.0235	0.7762
LMNA	ACYP2	3	0.0299	0.7642
ACTB	ACYP2	3	0.0209	0.7817
CTNNA1	ACYP2	3	0.0133	0.8044
MAPRE3	ACYP2	3	0.0051	0.8359
KRT8	HSP90B1	3	0.1632	0.6335
LMNA	HSP90B1	3	0.0756	0.7117
ACTB	HSP90B1	3	0.0823	0.7052
CTNNA1	HSP90B1	3	0.0106	0.8138
MAPRE3	HSP90B1	3	0.0193	0.7862
KRT8	CCNB1	3	0.3167	0.4866
LMNA	CCNB1	3	0.1540	0.6419
ACTB	CCNB1	3	0.2961	0.5139
CTNNA1	CCNB1	3	0.1247	0.6677
MAPRE3	CCNB1	3	0.3980	0.2704
KRT8	IDE	3	0.0371	0.7530
LMNA	IDE	3	0.0809	0.7069
ACTB	IDE	3	0.0947	0.6939
CTNNA1	IDE	3	0.0098	0.8168
MAPRE3	IDE	3	0.0110	0.8122
LMNA	POU2F1	3	0.0014	0.8544
KRT8	HNRNPL	3	0.0113	0.8111
LMNA	HNRNPL	3	0.0221	0.7787
ACTB	HNRNPL	3	0.0081	0.8234
CTNNA1	HNRNPL	3	0.0071	0.8274
MAPRE3	HNRNPL	3	0.0046	0.8380
KRT8	DARS1	3	0.1241	0.6682
LMNA	DARS1	3	0.0139	0.8022
ACTB	DARS1	3	0.1813	0.6174
CTNNA1	DARS1	3	0.0182	0.7889
MAPRE3	DARS1	3	0.0037	0.8419
KRT8	JUP	3	0.2338	0.5752
LMNA	JUP	3	0.0640	0.7225
ACTB	JUP	3	0.1998	0.6031
CTNNA1	JUP	3	0.2777	0.5329
MAPRE3	JUP	3	0.0660	0.7206
LMNA	ETS2	3	0.3450	0.3757
KRT8	BRAF	3	0.2855	0.5248
ACTB	BRAF	3	0.0328	0.7594
KRT8	GSPT1	3	0.3296	0.4701
LMNA	GSPT1	3	0.0895	0.6987
ACTB	GSPT1	3	0.2998	0.5092
CTNNA1	GSPT1	3	0.1363	0.6574
MAPRE3	GSPT1	3	0.2439	0.5668
ACTB	B4GALT1	3	0.0113	0.8111
KRT8	EZR	3	0.3749	0.3133
LMNA	EZR	3	0.1909	0.6101
ACTB	EZR	3	0.3649	0.3336
CTNNA1	EZR	3	0.1666	0.6306
MAPRE3	EZR	3	0.2759	0.5343
LMNA	ATF2	3	0.0169	0.7924
ACTB	ATF2	3	0.0001	0.8682
LMNA	FOSL2	3	0.2552	0.5552
ACTB	FOSL2	3	0.0619	0.7250
MAPRE3	FOSL2	3	0.0121	0.8085
KRT8	NME1	3	0.0541	0.7328
LMNA	NME1	3	0.0094	0.8181
ACTB	NME1	3	0.0208	0.7820
CTNNA1	NME1	3	0.0089	0.8203
MAPRE3	NME1	3	0.0034	0.8433
KRT8	NQO1	3	0.2882	0.5227
LMNA	NQO1	3	0.0860	0.7013
ACTB	NQO1	3	0.1471	0.6476
MAPRE3	NQO1	3	0.0137	0.8027
KRT8	PHKG2	3	0.0034	0.8433
ACTB	PHKG2	3	0.1255	0.6671
LMNA	HIVEP1	3	0.0234	0.7764
ACTB	HIVEP1	3	0.0004	0.8632
MAPRE3	HIVEP1	3	0.0001	0.8682
KRT8	RPS2	3	0.2462	0.5644
LMNA	RPS2	3	0.1408	0.6537
ACTB	RPS2	3	0.1981	0.6044
CTNNA1	RPS2	3	0.0279	0.7675
MAPRE3	RPS2	3	0.0774	0.7102
LMNA	TCF3	3	1.0000	0.0000
KRT8	DSP	3	0.2803	0.5295
LMNA	DSP	3	0.1070	0.6830
ACTB	DSP	3	0.0921	0.6961
CTNNA1	DSP	3	0.0275	0.7681
MAPRE3	DSP	3	0.0201	0.7837
KRT8	CD44	3	0.0074	0.8260
ACTB	CD44	3	0.0333	0.7586
CTNNA1	CD44	3	0.0037	0.8419
MAPRE3	CD44	3	0.0000	0.8712
KRT8	ITGB4	3	0.4078	0.2583
LMNA	ITGB4	3	0.0045	0.8384
ACTB	ITGB4	3	0.0072	0.8270
CTNNA1	ITGB4	3	0.0005	0.8621
KRT8	CBR1	3	0.1284	0.6644
LMNA	CBR1	3	0.0522	0.7348
ACTB	CBR1	3	0.2721	0.5385
CTNNA1	CBR1	3	0.0247	0.7735
MAPRE3	CBR1	3	0.0035	0.8429
LMNA	CREB1	3	0.0172	0.7916
KRT8	PPP3CB	3	0.3333	0.4115
KRT8	NCK1	3	0.0837	0.7037
LMNA	NCK1	3	0.0086	0.8215
ACTB	NCK1	3	0.0387	0.7509
CTNNA1	NCK1	3	0.0004	0.8632
MAPRE3	NCK1	3	0.0117	0.8097
LMNA	GCFC2	3	0.0020	0.8508
KRT8	H1-5	3	0.0108	0.8130
LMNA	H1-5	3	0.0567	0.7298
ACTB	H1-5	3	0.0111	0.8119
CTNNA1	H1-5	3	0.0222	0.7786
MAPRE3	H1-5	3	0.0150	0.7983
KRT8	FER	3	0.0493	0.7381
ACTB	FER	3	0.0077	0.8250
KRT8	ATP2A2	3	0.2353	0.5736
LMNA	ATP2A2	3	0.0965	0.6921
ACTB	ATP2A2	3	0.1458	0.6485
CTNNA1	ATP2A2	3	0.0077	0.8250
MAPRE3	ATP2A2	3	0.0421	0.7467
KRT8	STMN1	3	0.0034	0.8433
LMNA	STMN1	3	0.0037	0.8419
ACTB	STMN1	3	0.0097	0.8172
CTNNA1	STMN1	3	0.0000	0.8712
MAPRE3	STMN1	3	0.0013	0.8550
LMNA	ZNF24	3	1.0000	0.0000
LMNA	ZKSCAN1	3	0.6667	0.0696
LMNA	ZNF3	3	1.0000	0.0000
LMNA	ZSCAN20	3	0.6766	0.0588
LMNA	ZNF8	3	0.0186	0.7879
MAPRE3	ZNF8	3	0.0002	0.8663
KRT8	TMEM11	3	0.2577	0.5530
LMNA	TMEM11	3	0.1045	0.6854
ACTB	TMEM11	3	0.0441	0.7444
CTNNA1	TMEM11	3	0.0362	0.7543
MAPRE3	TMEM11	3	0.0460	0.7419
KRT8	PRKCA	3	0.2111	0.5939
LMNA	PRKCA	3	0.0676	0.7192
ACTB	PRKCA	3	0.1629	0.6338
MAPRE3	PRKCA	3	0.0092	0.8190
KRT8	JUNB	3	0.1583	0.6382
LMNA	JUNB	3	0.2939	0.5166
ACTB	JUNB	3	0.1913	0.6096
CTNNA1	JUNB	3	0.0516	0.7354
MAPRE3	JUNB	3	0.1095	0.6810
KRT8	UBTF	3	0.0006	0.8612
LMNA	UBTF	3	0.0084	0.8224
ACTB	UBTF	3	0.0011	0.8566
CTNNA1	UBTF	3	0.0001	0.8682
MAPRE3	UBTF	3	0.0004	0.8632
KRT8	JUND	3	0.0789	0.7087
LMNA	JUND	3	0.2566	0.5541
ACTB	JUND	3	0.0883	0.6997
MAPRE3	JUND	3	0.0521	0.7349
KRT8	ATF7	3	0.0007	0.8600
LMNA	ATF7	3	0.0188	0.7873
ACTB	ATF7	3	0.0004	0.8632
KRT8	PRKACA	3	0.0551	0.7316
LMNA	PRKACA	3	0.0192	0.7864
ACTB	PRKACA	3	0.0296	0.7648
CTNNA1	PRKACA	3	0.0151	0.7980
MAPRE3	PRKACA	3	0.0047	0.8376
KRT8	CAPN2	3	0.3027	0.5057
LMNA	CAPN2	3	0.0981	0.6904
ACTB	CAPN2	3	0.2041	0.6002
CTNNA1	CAPN2	3	0.0069	0.8283
MAPRE3	CAPN2	3	0.0239	0.7753
KRT8	CEBPB	3	0.0022	0.8496
LMNA	CEBPB	3	0.0481	0.7396
KRT8	PTPN2	3	0.4269	0.2381
LMNA	PTPN2	3	0.2145	0.5911
ACTB	PTPN2	3	0.0024	0.8483
KRT8	CTPS1	3	0.2880	0.5230
LMNA	CTPS1	3	0.1304	0.6629
ACTB	CTPS1	3	0.2320	0.5764
CTNNA1	CTPS1	3	0.0223	0.7784
MAPRE3	CTPS1	3	0.0751	0.7122
KRT8	ENG	3	0.1183	0.6732
LMNA	ENG	3	0.0468	0.7411
ACTB	ENG	3	0.0488	0.7386
CTNNA1	ENG	3	0.0127	0.8065
MAPRE3	ENG	3	0.0127	0.8065
KRT8	DDX5	3	0.1181	0.6734
LMNA	DDX5	3	0.2765	0.5339
ACTB	DDX5	3	0.1072	0.6828
CTNNA1	DDX5	3	0.0087	0.8211
MAPRE3	DDX5	3	0.0593	0.7269
KRT8	PFKL	3	0.3030	0.5051
LMNA	PFKL	3	0.1133	0.6775
ACTB	PFKL	3	0.0979	0.6906
CTNNA1	PFKL	3	0.0237	0.7758
MAPRE3	PFKL	3	0.0976	0.6910
KRT8	PSMC3	3	0.3926	0.2778
LMNA	PSMC3	3	0.2017	0.6017
ACTB	PSMC3	3	0.2540	0.5563
CTNNA1	PSMC3	3	0.1016	0.6874
MAPRE3	PSMC3	3	0.1650	0.6317
KRT8	TCP1	3	0.3525	0.3580
LMNA	TCP1	3	0.4348	0.2330
ACTB	TCP1	3	0.1414	0.6529
CTNNA1	TCP1	3	0.0072	0.8270
MAPRE3	TCP1	3	0.0091	0.8194
KRT8	PTPN1	3	0.1788	0.6200
LMNA	PTPN1	3	0.3121	0.4931
ACTB	PTPN1	3	0.2021	0.6015
CTNNA1	PTPN1	3	0.0439	0.7447
MAPRE3	PTPN1	3	0.0498	0.7376
KRT8	ERCC2	3	0.0532	0.7338
LMNA	ERCC2	3	0.0038	0.8415
ACTB	ERCC2	3	0.0086	0.8215
CTNNA1	ERCC2	3	0.0000	0.8712
KRT8	RPL35A	3	0.2352	0.5738
LMNA	RPL35A	3	0.0786	0.7089
ACTB	RPL35A	3	0.2298	0.5782
CTNNA1	RPL35A	3	0.0188	0.7873
MAPRE3	RPL35A	3	0.0638	0.7228
LMNA	ITGB5	3	0.6667	0.0696
KRT8	ARF4	3	0.4685	0.2051
LMNA	ARF4	3	0.1613	0.6352
ACTB	ARF4	3	0.1327	0.6609
CTNNA1	ARF4	3	0.0194	0.7859
MAPRE3	ARF4	3	0.0402	0.7490
KRT8	RPL7	3	0.1795	0.6192
LMNA	RPL7	3	0.1330	0.6605
ACTB	RPL7	3	0.2258	0.5818
CTNNA1	RPL7	3	0.0172	0.7916
MAPRE3	RPL7	3	0.0655	0.7212
KRT8	VCL	3	0.2112	0.5938
LMNA	VCL	3	0.0834	0.7040
ACTB	VCL	3	0.4607	0.2118
CTNNA1	VCL	3	0.2215	0.5857
MAPRE3	VCL	3	0.1231	0.6689
KRT8	SON	3	0.1602	0.6363
LMNA	SON	3	0.2521	0.5584
ACTB	SON	3	0.1634	0.6333
CTNNA1	SON	3	0.0169	0.7924
MAPRE3	SON	3	0.0602	0.7265
KRT8	NELFE	3	0.0006	0.8612
LMNA	NELFE	3	0.0302	0.7637
ACTB	NELFE	3	0.0033	0.8438
MAPRE3	NELFE	3	0.0005	0.8621
KRT8	RPL17	3	0.0988	0.6899
LMNA	RPL17	3	0.0981	0.6904
ACTB	RPL17	3	0.1545	0.6414
CTNNA1	RPL17	3	0.0193	0.7862
MAPRE3	RPL17	3	0.0120	0.8088
KRT8	PGAM1	3	0.0050	0.8364
LMNA	PGAM1	3	0.2591	0.5520
ACTB	PGAM1	3	0.0057	0.8332
CTNNA1	PGAM1	3	0.0001	0.8682
MAPRE3	PGAM1	3	0.0012	0.8558
KRT8	RCC1	3	0.2343	0.5748
LMNA	RCC1	3	0.0752	0.7121
ACTB	RCC1	3	0.1530	0.6429
CTNNA1	RCC1	3	0.0449	0.7433
MAPRE3	RCC1	3	0.0156	0.7963
KRT8	ATF6	3	0.0256	0.7717
LMNA	ATF6	3	0.0016	0.8531
ACTB	ATF6	3	0.0028	0.8464
CTNNA1	ATF6	3	0.0000	0.8712
MAPRE3	ATF6	3	0.0003	0.8647
KRT8	LIG1	3	0.0031	0.8449
LMNA	LIG1	3	0.0094	0.8181
ACTB	LIG1	3	0.0002	0.8663
LMNA	XRCC1	3	0.0649	0.7218
ACTB	KRT15	3	0.3333	0.4115
MAPRE3	KRT15	3	0.3333	0.4115
ACTB	KRT4	3	0.0325	0.7598
CTNNA1	CDH2	3	1.0000	0.0000
KRT8	PLCG1	3	0.0180	0.7895
ACTB	PLCG1	3	0.0021	0.8502
KRT8	NCL	3	0.0333	0.7586
LMNA	NCL	3	0.2440	0.5665
ACTB	NCL	3	0.0504	0.7369
CTNNA1	NCL	3	0.0073	0.8266
MAPRE3	NCL	3	0.0428	0.7459
KRT8	HK1	3	0.0401	0.7491
LMNA	HK1	3	0.0207	0.7823
ACTB	HK1	3	0.0620	0.7248
CTNNA1	HK1	3	0.0139	0.8022
MAPRE3	HK1	3	0.0054	0.8345
KRT8	POLR2C	3	0.3996	0.2684
LMNA	POLR2E	3	0.6667	0.0696
KRT8	NDUFV2	3	0.9995	0.0000
LMNA	NDUFV2	3	0.1032	0.6862
ACTB	NDUFV2	3	0.1177	0.6737
CTNNA1	NDUFV2	3	0.1590	0.6375
MAPRE3	NDUFV2	3	0.0045	0.8384
KRT8	ERCC3	3	0.0182	0.7889
LMNA	ERCC3	3	0.2531	0.5575
KRT8	TRIM21	3	0.3333	0.4115
LMNA	TRIM21	3	0.3333	0.4115
KRT8	TFEB	3	0.0812	0.7066
LMNA	TFEB	3	0.0020	0.8508
ACTB	TFEB	3	0.0149	0.7987
CTNNA1	TFEB	3	0.0001	0.8682
MAPRE3	TFEB	3	0.0011	0.8566
KRT8	EIF2AK2	3	0.1863	0.6132
LMNA	EIF2AK2	3	0.0798	0.7081
ACTB	EIF2AK2	3	0.1391	0.6548
CTNNA1	EIF2AK2	3	0.0471	0.7408
MAPRE3	EIF2AK2	3	0.0385	0.7511
KRT8	TFE3	3	0.3333	0.4115
ACTB	TFE3	3	0.0141	0.8015
MAPRE3	TFE3	3	0.0014	0.8544
KRT8	SRM	3	0.0694	0.7175
LMNA	SRM	3	0.0314	0.7615
ACTB	SRM	3	0.0308	0.7624
CTNNA1	SRM	3	0.0079	0.8242
MAPRE3	SRM	3	0.0069	0.8283
KRT8	CSNK2A2	3	0.1512	0.6445
ACTB	CSNK2A2	3	0.0573	0.7292
CTNNA1	CSNK2A2	3	0.0250	0.7727
KRT8	RXRA	3	0.0018	0.8519
LMNA	RXRA	3	0.3025	0.5059
ACTB	RXRA	3	0.0022	0.8496
MAPRE3	RXRA	3	0.0023	0.8489
KRT8	NFKB1	3	0.1474	0.6475
ACTB	NFKB1	3	0.1231	0.6689
MAPRE3	NFKB1	3	0.0094	0.8181
KRT8	ATP2B1	3	0.3316	0.4666
LMNA	ATP2B1	3	0.1988	0.6040
ACTB	ATP2B1	3	0.2494	0.5612
CTNNA1	ATP2B1	3	0.1259	0.6669
MAPRE3	ATP2B1	3	0.0561	0.7304
KRT8	EIF2S2	3	0.1719	0.6264
LMNA	EIF2S2	3	0.0269	0.7694
ACTB	EIF2S2	3	0.1999	0.6031
CTNNA1	EIF2S2	3	0.0117	0.8097
MAPRE3	EIF2S2	3	0.0469	0.7410
ACTB	TCN1	3	0.3333	0.4115
ACTB	ANXA7	3	0.0200	0.7840
LMNA	CCNA2	3	0.0611	0.7257
MAPRE3	CCNA2	3	0.0028	0.8464
ACTB	BTF3	3	0.3333	0.4115
KRT8	RAB5A	3	0.0025	0.8479
ACTB	RAB5A	3	0.0603	0.7264
CTNNA1	RAB5A	3	0.0018	0.8519
KRT8	MSH3	3	0.0093	0.8186
LMNA	MSH3	3	0.0160	0.7952
ACTB	MSH3	3	0.0019	0.8514
MAPRE3	MSH3	3	0.0010	0.8573
KRT8	LMNB1	3	0.0313	0.7618
LMNA	LMNB1	3	1.0000	0.0000
ACTB	LMNB1	3	0.0087	0.8211
CTNNA1	LMNB1	3	0.0098	0.8168
KRT8	BCL3	3	0.0508	0.7365
LMNA	BCL3	3	0.1053	0.6846
KRT8	CAST	3	0.3792	0.3031
LMNA	CAST	3	0.1220	0.6697
ACTB	CAST	3	0.2222	0.5851
CTNNA1	CAST	3	0.1010	0.6880
MAPRE3	CAST	3	0.1401	0.6541
ACTB	COL5A1	3	0.0000	0.8712
LMNA	FLG	3	0.1032	0.6862
ACTB	FLG	3	0.4748	0.2020
KRT8	RASA1	3	0.3623	0.3392
LMNA	RASA1	3	0.1736	0.6248
ACTB	RASA1	3	0.2759	0.5343
CTNNA1	RASA1	3	0.0978	0.6907
MAPRE3	RASA1	3	0.1688	0.6289
KRT8	CDK11B	3	0.0028	0.8464
LMNA	CDK11B	3	0.0412	0.7477
ACTB	CDK11B	3	0.0069	0.8283
CTNNA1	CDK11B	3	0.0000	0.8712
MAPRE3	CDK11B	3	0.0027	0.8469
KRT8	GSTM3	3	0.0164	0.7940
LMNA	GSTM3	3	0.0117	0.8097
ACTB	GSTM3	3	0.0195	0.7855
CTNNA1	GSTM3	3	0.0219	0.7793
MAPRE3	GSTM3	3	0.0053	0.8350
ACTB	ATP6V1B2	3	0.3333	0.4115
KRT8	ATP6V1C1	3	0.1436	0.6507
LMNA	ATP6V1C1	3	0.0445	0.7438
ACTB	ATP6V1C1	3	0.0980	0.6905
CTNNA1	ATP6V1C1	3	0.0118	0.8094
MAPRE3	ATP6V1C1	3	0.0083	0.8228
KRT8	CSRP1	3	0.2929	0.5176
LMNA	CSRP1	3	0.1840	0.6153
ACTB	CSRP1	3	0.3200	0.4829
CTNNA1	CSRP1	3	0.0622	0.7245
MAPRE3	CSRP1	3	0.1288	0.6640
KRT8	FLNA	3	0.2661	0.5450
LMNA	FLNA	3	0.0823	0.7052
ACTB	FLNA	3	0.3047	0.5032
CTNNA1	FLNA	3	0.1320	0.6615
MAPRE3	FLNA	3	0.1795	0.6192
KRT8	NF1	3	0.0240	0.7750
LMNA	NF1	3	0.0044	0.8389
ACTB	NF1	3	0.0144	0.8004
CTNNA1	NF1	3	0.0004	0.8632
MAPRE3	NF1	3	0.0039	0.8410
KRT8	ACO1	3	0.3713	0.3208
LMNA	ACO1	3	0.0053	0.8350
ACTB	ACO1	3	0.1489	0.6460
MAPRE3	ACO1	3	0.0223	0.7784
KRT8	TNFAIP3	3	0.3945	0.2749
LMNA	TNFAIP3	3	0.2176	0.5885
ACTB	TNFAIP3	3	0.0235	0.7762
LMNA	TAF1	3	0.0024	0.8483
KRT8	VDAC1	3	0.6162	0.1547
LMNA	VDAC1	3	0.4676	0.2059
ACTB	VDAC1	3	0.0251	0.7726
CTNNA1	VDAC1	3	0.0247	0.7735
MAPRE3	VDAC1	3	0.0234	0.7764
KRT8	COMT	3	0.0106	0.8138
LMNA	COMT	3	0.3387	0.3964
ACTB	COMT	3	0.0059	0.8324
CTNNA1	COMT	3	0.0041	0.8402
KRT8	TGM2	3	0.0364	0.7541
LMNA	TGM2	3	0.0018	0.8519
ACTB	TGM2	3	0.0216	0.7801
CTNNA1	TGM2	3	0.0001	0.8682
MAPRE3	TGM2	3	0.0033	0.8438
ACTB	MMUT	3	0.2749	0.5355
CTNNA1	MMUT	3	0.0019	0.8514
KRT8	OSBP	3	0.1530	0.6429
KRT8	PCMT1	3	0.0304	0.7632
LMNA	PCMT1	3	0.0119	0.8091
ACTB	PCMT1	3	0.0251	0.7726
CTNNA1	PCMT1	3	0.0091	0.8194
MAPRE3	PCMT1	3	0.0060	0.8320
KRT8	FBL	3	0.1353	0.6584
LMNA	FBL	3	0.0655	0.7212
ACTB	FBL	3	0.0828	0.7047
CTNNA1	FBL	3	0.0122	0.8082
MAPRE3	FBL	3	0.0119	0.8091
KRT8	GART	3	0.1840	0.6153
LMNA	GART	3	0.0370	0.7532
ACTB	GART	3	0.0556	0.7309
CTNNA1	GART	3	0.0147	0.7993
MAPRE3	GART	3	0.0212	0.7811
KRT8	PAICS	3	0.2539	0.5565
LMNA	PAICS	3	0.0737	0.7137
ACTB	PAICS	3	0.2852	0.5254
CTNNA1	PAICS	3	0.0474	0.7405
MAPRE3	PAICS	3	0.1400	0.6542
KRT8	SCP2	3	0.2514	0.5590
LMNA	SCP2	3	0.1151	0.6760
ACTB	SCP2	3	0.0271	0.7691
CTNNA1	SCP2	3	0.0057	0.8332
MAPRE3	SCP2	3	0.0021	0.8502
KRT8	UBA1	3	0.0545	0.7324
LMNA	UBA1	3	0.0131	0.8051
ACTB	UBA1	3	0.0244	0.7741
CTNNA1	UBA1	3	0.0087	0.8211
MAPRE3	UBA1	3	0.0023	0.8489
KRT8	HNRNPA2B1	3	0.0788	0.7088
LMNA	HNRNPA2B1	3	0.3067	0.5008
ACTB	HNRNPA2B1	3	0.0738	0.7136
CTNNA1	HNRNPA2B1	3	0.0092	0.8190
MAPRE3	HNRNPA2B1	3	0.0730	0.7145
LMNA	RFX1	3	0.0180	0.7895
KRT8	CBL	3	0.0164	0.7940
LMNA	CBL	3	0.0000	0.8712
ACTB	CBL	3	0.0124	0.8074
MAPRE3	CBL	3	0.0014	0.8544
KRT8	PRKACB	3	0.0061	0.8316
LMNA	PRKACB	3	0.0152	0.7977
ACTB	PRKACB	3	0.0173	0.7914
CTNNA1	PRKACB	3	0.0133	0.8044
MAPRE3	PRKACB	3	0.0082	0.8230
KRT8	UQCRC2	3	0.1027	0.6868
LMNA	UQCRC2	3	0.0560	0.7305
ACTB	UQCRC2	3	0.0421	0.7467
CTNNA1	UQCRC2	3	0.0091	0.8194
MAPRE3	UQCRC2	3	0.0066	0.8297
LMNA	TGM1	3	0.0067	0.8294
ACTB	TGM1	3	0.3373	0.4003
MAPRE3	TGM1	3	0.0020	0.8508
LMNA	NR4A1	3	0.0497	0.7377
KRT8	FECH	3	0.0183	0.7886
LMNA	TCEA1	3	0.8345	0.0169
MAPRE3	TCEA1	3	0.0032	0.8442
KRT8	SFPQ	3	0.1055	0.6844
LMNA	SFPQ	3	0.2350	0.5741
ACTB	SFPQ	3	0.1261	0.6667
CTNNA1	SFPQ	3	0.0090	0.8199
MAPRE3	SFPQ	3	0.1205	0.6715
KRT8	TUBG1	3	0.0352	0.7561
LMNA	TUBG1	3	0.0135	0.8037
ACTB	TUBG1	3	0.0085	0.8220
CTNNA1	TUBG1	3	0.0000	0.8712
MAPRE3	TUBG1	3	0.0013	0.8550
KRT8	PPIB	3	0.0865	0.7010
LMNA	PPIB	3	0.0385	0.7511
ACTB	PPIB	3	0.0742	0.7130
CTNNA1	PPIB	3	0.0028	0.8464
MAPRE3	PPIB	3	0.0166	0.7933
KRT8	WARS1	3	0.2800	0.5301
LMNA	WARS1	3	0.0668	0.7200
ACTB	WARS1	3	0.2254	0.5822
CTNNA1	WARS1	3	0.0231	0.7770
MAPRE3	WARS1	3	0.1225	0.6693
KRT8	RPS3	3	0.2971	0.5129
LMNA	RPS3	3	0.1248	0.6677
ACTB	RPS3	3	0.1511	0.6446
CTNNA1	RPS3	3	0.0114	0.8107
MAPRE3	RPS3	3	0.0447	0.7436
KRT8	RPS6KB1	3	0.2907	0.5199
LMNA	RPS6KB1	3	0.0063	0.8308
ACTB	RPS6KB1	3	0.6732	0.0623
MAPRE3	RPS6KB1	3	0.0021	0.8502
KRT8	JAK1	3	0.0448	0.7434
LMNA	JAK1	3	0.0063	0.8308
ACTB	JAK1	3	0.0066	0.8297
CTNNA1	JAK1	3	0.0000	0.8712
MAPRE3	JAK1	3	0.0009	0.8582
KRT8	PTPRD	3	0.3333	0.4115
MAPRE3	PTPRD	3	0.3333	0.4115
LMNA	SP100	3	0.1933	0.6083
ACTB	SP100	3	0.0354	0.7557
CTNNA1	SP100	3	0.0184	0.7884
MAPRE3	SP100	3	0.0057	0.8332
KRT8	MCC	3	0.0277	0.7678
ACTB	MCC	3	0.0222	0.7786
CTNNA1	MCC	3	0.0004	0.8632
MAPRE3	MCC	3	0.0001	0.8682
KRT8	AHCY	3	0.2044	0.6000
LMNA	AHCY	3	0.0554	0.7312
ACTB	AHCY	3	0.1731	0.6253
CTNNA1	AHCY	3	0.0092	0.8190
MAPRE3	AHCY	3	0.0243	0.7743
KRT8	CFL1	3	0.0796	0.7082
LMNA	CFL1	3	0.0253	0.7722
ACTB	CFL1	3	0.0222	0.7786
CTNNA1	CFL1	3	0.0098	0.8168
MAPRE3	CFL1	3	0.0059	0.8324
KRT8	EIF4B	3	0.3325	0.4646
LMNA	EIF4B	3	0.1413	0.6530
ACTB	EIF4B	3	0.3248	0.4771
CTNNA1	EIF4B	3	0.1743	0.6244
MAPRE3	EIF4B	3	0.2590	0.5521
MAPRE3	ATP2B4	3	0.3333	0.4115
KRT8	DGKA	3	0.0227	0.7776
LMNA	DGKA	3	0.0017	0.8526
ACTB	DGKA	3	0.0136	0.8031
LMNA	DTYMK	3	0.0571	0.7294
KRT8	RRM1	3	0.0232	0.7767
LMNA	RRM1	3	0.0120	0.8088
ACTB	RRM1	3	0.0244	0.7741
CTNNA1	RRM1	3	0.0068	0.8289
MAPRE3	RRM1	3	0.0057	0.8332
ACTB	PRTN3	3	0.3333	0.4115
KRT8	KDELR1	3	0.0006	0.8612
LMNA	KDELR1	3	0.0001	0.8682
ACTB	KDELR1	3	0.0005	0.8621
KRT8	EEF1B2	3	0.1326	0.6611
LMNA	EEF1B2	3	0.0101	0.8155
ACTB	EEF1B2	3	0.1772	0.6218
CTNNA1	EEF1B2	3	0.0113	0.8111
MAPRE3	EEF1B2	3	0.0203	0.7832
KRT8	ACP1	3	0.0417	0.7472
LMNA	ACP1	3	0.0245	0.7739
ACTB	ACP1	3	0.0100	0.8159
CTNNA1	ACP1	3	0.0074	0.8260
MAPRE3	ACP1	3	0.0026	0.8473
ACTB	PRKCH	3	0.3333	0.4115
KRT8	ACAT1	3	0.3523	0.3584
LMNA	ACAT1	3	0.0114	0.8107
ACTB	ACAT1	3	0.0328	0.7594
CTNNA1	ACAT1	3	0.0166	0.7933
MAPRE3	ACAT1	3	0.0028	0.8464
KRT8	MYL9	3	0.2632	0.5481
LMNA	MYL9	3	0.0770	0.7105
ACTB	MYL9	3	0.1949	0.6068
CTNNA1	MYL9	3	0.0201	0.7837
MAPRE3	MYL9	3	0.0361	0.7545
KRT8	POLR2A	3	0.0043	0.8392
LMNA	POLR2A	3	0.0035	0.8429
ACTB	POLR2A	3	0.0009	0.8582
MAPRE3	POLR2A	3	0.0001	0.8682
KRT8	CDK2	3	0.3670	0.3297
LMNA	CDK2	3	0.0122	0.8082
ACTB	CDK2	3	0.0144	0.8004
MAPRE3	CDK2	3	0.0032	0.8442
KRT8	APC	3	0.0431	0.7456
LMNA	APC	3	0.0002	0.8663
ACTB	APC	3	0.0098	0.8168
CTNNA1	APC	3	0.0402	0.7490
MAPRE3	APC	3	0.0136	0.8031
KRT8	GRK2	3	0.0151	0.7980
LMNA	GRK2	3	0.0000	0.8712
ACTB	GRK2	3	0.0254	0.7720
CTNNA1	GRK2	3	0.0018	0.8519
MAPRE3	GRK2	3	0.0070	0.8278
KRT8	ACKR3	3	0.3333	0.4115
KRT8	MCM3	3	0.1610	0.6355
LMNA	MCM3	3	0.1820	0.6168
ACTB	MCM3	3	0.1293	0.6636
CTNNA1	MCM3	3	0.0164	0.7940
MAPRE3	MCM3	3	0.0125	0.8071
LMNA	AZGP1	3	0.0056	0.8337
ACTB	AZGP1	3	0.3333	0.4115
ACTB	MPST	3	0.0022	0.8496
CTNNA1	MPST	3	0.0043	0.8392
KRT8	RPS12	3	0.0068	0.8289
LMNA	RPS12	3	0.0986	0.6900
ACTB	RPS12	3	0.0065	0.8300
CTNNA1	RPS12	3	0.0086	0.8215
MAPRE3	RPS12	3	0.0044	0.8389
LMNA	BRD2	3	0.0081	0.8234
LMNA	YY1	3	0.0328	0.7594
KRT8	DNAJB1	3	0.3329	0.4637
LMNA	DNAJB1	3	0.0096	0.8174
ACTB	DNAJB1	3	0.0131	0.8051
CTNNA1	DNAJB1	3	0.0003	0.8647
MAPRE3	DNAJB1	3	0.0010	0.8573
KRT8	ATP5F1A	3	0.2777	0.5329
LMNA	ATP5F1A	3	0.1656	0.6312
ACTB	ATP5F1A	3	0.1631	0.6337
CTNNA1	ATP5F1A	3	0.0209	0.7817
MAPRE3	ATP5F1A	3	0.0619	0.7250
KRT8	PSMA2	3	0.1786	0.6202
LMNA	PSMA2	3	0.1844	0.6149
ACTB	PSMA2	3	0.0744	0.7129
MAPRE3	PSMA2	3	0.0008	0.8590
KRT8	PSMA4	3	0.3199	0.4831
LMNA	PSMA4	3	0.2092	0.5958
ACTB	PSMA4	3	0.2838	0.5269
CTNNA1	PSMA4	3	0.0735	0.7139
MAPRE3	PSMA4	3	0.1538	0.6421
KRT8	MSN	3	0.3119	0.4932
LMNA	MSN	3	0.1724	0.6259
ACTB	MSN	3	0.3449	0.3760
CTNNA1	MSN	3	0.1358	0.6581
MAPRE3	MSN	3	0.2130	0.5923
KRT8	PTPN3	3	0.0581	0.7282
ACTB	PTPN3	3	0.0003	0.8647
KRT8	DDX6	3	0.3019	0.5069
LMNA	DDX6	3	0.1635	0.6332
ACTB	DDX6	3	0.2706	0.5402
CTNNA1	DDX6	3	0.0452	0.7430
MAPRE3	DDX6	3	0.2176	0.5885
KRT8	CTNNA2	3	0.3333	0.4115
KRT8	DNMT1	3	0.1802	0.6186
LMNA	DNMT1	3	0.2102	0.5949
ACTB	DNMT1	3	0.1904	0.6105
CTNNA1	DNMT1	3	0.0118	0.8094
MAPRE3	DNMT1	3	0.0688	0.7179
KRT8	U2AF2	3	0.1383	0.6554
LMNA	U2AF2	3	0.2853	0.5251
ACTB	U2AF2	3	0.1584	0.6381
CTNNA1	U2AF2	3	0.0167	0.7929
MAPRE3	U2AF2	3	0.0741	0.7131
KRT8	RPL13	3	0.0444	0.7439
LMNA	RPL13	3	0.0884	0.6995
ACTB	RPL13	3	0.1794	0.6194
CTNNA1	RPL13	3	0.0170	0.7922
MAPRE3	RPL13	3	0.0303	0.7635
KRT8	CHML	3	0.0237	0.7758
LMNA	CHML	3	0.0345	0.7570
CTNNA1	CHML	3	0.0002	0.8663
KRT8	S100A4	3	0.0970	0.6917
LMNA	S100A4	3	0.0455	0.7426
ACTB	S100A4	3	0.0380	0.7519
CTNNA1	S100A4	3	0.0111	0.8119
MAPRE3	S100A4	3	0.0104	0.8144
KRT8	PTBP1	3	0.0241	0.7748
LMNA	PTBP1	3	0.0148	0.7989
ACTB	PTBP1	3	0.0052	0.8354
CTNNA1	PTBP1	3	0.0189	0.7871
MAPRE3	PTBP1	3	0.0007	0.8600
KRT8	TARS1	3	0.3312	0.4673
LMNA	TARS1	3	0.1467	0.6480
ACTB	TARS1	3	0.3153	0.4883
CTNNA1	TARS1	3	0.0952	0.6934
MAPRE3	TARS1	3	0.1554	0.6404
KRT8	VARS1	3	0.2491	0.5616
LMNA	VARS1	3	0.1339	0.6597
ACTB	VARS1	3	0.2636	0.5477
CTNNA1	VARS1	3	0.0267	0.7698
MAPRE3	VARS1	3	0.1146	0.6763
KRT8	EEF1G	3	0.0516	0.7354
LMNA	EEF1G	3	0.0105	0.8141
ACTB	EEF1G	3	0.0434	0.7453
CTNNA1	EEF1G	3	0.0103	0.8147
MAPRE3	EEF1G	3	0.0040	0.8407
KRT8	STOM	3	0.0070	0.8278
LMNA	STOM	3	0.0203	0.7832
ACTB	STOM	3	0.0046	0.8380
MAPRE3	STOM	3	0.0001	0.8682
KRT8	AK4	3	1.0000	0.0000
LMNA	AK4	3	1.0000	0.0000
KRT8	YWHAQ	3	0.1027	0.6868
LMNA	YWHAQ	3	0.0300	0.7640
ACTB	YWHAQ	3	0.0749	0.7124
CTNNA1	YWHAQ	3	0.0147	0.7993
MAPRE3	YWHAQ	3	0.0086	0.8215
KRT8	ARNT	3	0.0041	0.8402
LMNA	ARNT	3	0.3433	0.3807
ACTB	ARNT	3	0.0015	0.8537
KRT8	RPL10	3	0.2222	0.5851
LMNA	RPL10	3	0.0686	0.7180
ACTB	RPL10	3	0.1356	0.6583
CTNNA1	RPL10	3	0.0102	0.8152
MAPRE3	RPL10	3	0.0182	0.7889
KRT8	RPA1	3	0.1969	0.6051
LMNA	RPA1	3	0.3327	0.4642
ACTB	RPA1	3	0.2088	0.5963
CTNNA1	RPA1	3	0.0599	0.7266
MAPRE3	RPA1	3	0.1813	0.6174
KRT8	CAD	3	0.3819	0.2979
LMNA	CAD	3	0.1224	0.6694
ACTB	CAD	3	0.1733	0.6251
CTNNA1	CAD	3	0.0235	0.7762
MAPRE3	CAD	3	0.0567	0.7298
KRT8	CALR	3	0.0078	0.8246
LMNA	CALR	3	0.0052	0.8354
ACTB	CALR	3	0.0007	0.8600
KRT8	MAP4	3	0.2415	0.5684
LMNA	MAP4	3	0.0848	0.7025
ACTB	MAP4	3	0.2578	0.5529
CTNNA1	MAP4	3	0.1523	0.6435
MAPRE3	MAP4	3	0.3614	0.3422
KRT8	CANX	3	0.1771	0.6219
LMNA	CANX	3	0.0936	0.6949
ACTB	CANX	3	0.1751	0.6238
CTNNA1	CANX	3	0.0100	0.8159
MAPRE3	CANX	3	0.0576	0.7289
KRT8	PSMA5	3	0.3093	0.4966
LMNA	PSMA5	3	0.0131	0.8051
ACTB	PSMA5	3	0.4331	0.2337
CTNNA1	PSMA5	3	0.0427	0.7460
KRT8	PSMB4	3	1.0000	0.0000
LMNA	PSMB4	3	1.0000	0.0000
ACTB	PSMB4	3	0.6667	0.0696
KRT8	ABCD3	3	0.4110	0.2538
LMNA	ABCD3	3	0.2246	0.5825
ACTB	ABCD3	3	0.2025	0.6012
CTNNA1	ABCD3	3	0.0835	0.7039
MAPRE3	ABCD3	3	0.1437	0.6506
ACTB	TMOD1	3	1.0000	0.0000
KRT8	ITPRID2	3	0.3613	0.3427
LMNA	ITPRID2	3	0.1701	0.6282
ACTB	ITPRID2	3	0.2767	0.5338
CTNNA1	ITPRID2	3	0.1431	0.6512
MAPRE3	ITPRID2	3	0.1959	0.6060
KRT8	NDUFS1	3	0.6634	0.1420
LMNA	NDUFS1	3	0.2065	0.5983
ACTB	NDUFS1	3	0.2526	0.5579
CTNNA1	NDUFS1	3	0.0301	0.7639
MAPRE3	NDUFS1	3	0.0782	0.7093
KRT8	POLD1	3	0.2977	0.5122
LMNA	POLD1	3	0.3307	0.4681
ACTB	POLD1	3	0.2785	0.5322
CTNNA1	POLD1	3	0.0079	0.8242
MAPRE3	POLD1	3	0.2075	0.5976
LMNA	TEAD1	3	0.3333	0.4115
KRT8	SMARCA1	3	0.0026	0.8473
LMNA	SMARCA1	3	0.0936	0.6949
ACTB	SMARCA1	3	0.0008	0.8590
MAPRE3	SMARCA1	3	0.0002	0.8663
KRT8	MAPK1	3	0.0757	0.7116
LMNA	MAPK1	3	0.0401	0.7491
ACTB	MAPK1	3	0.1369	0.6566
CTNNA1	MAPK1	3	0.0077	0.8250
MAPRE3	MAPK1	3	0.0342	0.7575
KRT8	ERCC5	3	0.0892	0.6990
LMNA	ERCC5	3	0.2894	0.5217
ACTB	ERCC5	3	0.1464	0.6482
CTNNA1	ERCC5	3	0.0034	0.8433
MAPRE3	ERCC5	3	0.1005	0.6884
KRT8	GTF2E1	3	0.0004	0.8632
LMNA	GTF2E1	3	0.0825	0.7050
MAPRE3	GTF2E1	3	0.0012	0.8558
LMNA	GTF2E2	3	0.1525	0.6434
KRT8	TPP2	3	0.2269	0.5805
LMNA	TPP2	3	0.0446	0.7438
ACTB	TPP2	3	0.0579	0.7285
CTNNA1	TPP2	3	0.0181	0.7892
MAPRE3	TPP2	3	0.0125	0.8071
ACTB	EPHA2	3	0.1801	0.6187
CTNNA1	EPHA2	3	0.0056	0.8337
KRT8	SHC1	3	0.3274	0.4731
LMNA	SHC1	3	0.1319	0.6616
ACTB	SHC1	3	0.2582	0.5526
CTNNA1	SHC1	3	0.0456	0.7424
MAPRE3	SHC1	3	0.1409	0.6536
KRT8	MPG	3	0.2959	0.5140
LMNA	MPG	3	0.2962	0.5138
ACTB	MPG	3	0.2328	0.5759
MAPRE3	MPG	3	0.0490	0.7384
MAPRE3	CRABP2	3	0.3333	0.4115
KRT8	KDM5A	3	0.0007	0.8600
LMNA	KDM5A	3	0.0091	0.8194
ACTB	KDM5A	3	0.0000	0.8712
CTNNA1	KDM5A	3	0.0000	0.8712
KRT8	TKT	3	0.2231	0.5839
LMNA	TKT	3	0.2160	0.5897
ACTB	TKT	3	0.1775	0.6214
CTNNA1	TKT	3	0.0217	0.7797
MAPRE3	TKT	3	0.0473	0.7406
LMNA	SERPINB3	3	0.6667	0.0696
ACTB	SERPINB3	3	0.3333	0.4115
CTNNA1	SERPINB3	3	0.3304	0.4689
MAPRE3	SERPINB3	3	0.3333	0.4115
KRT8	RBMS1;RBMS3	3	0.0483	0.7393
ACTB	RBMS1;RBMS3	3	0.0042	0.8397
MAPRE3	RBMS1;RBMS3	3	0.0001	0.8682
LMNA	PML	3	0.0866	0.7009
ACTB	PML	3	0.0018	0.8519
CTNNA1	PML	3	0.0052	0.8354
KRT8	EEF1D	3	0.2632	0.5481
LMNA	EEF1D	3	0.0746	0.7126
ACTB	EEF1D	3	0.2769	0.5336
CTNNA1	EEF1D	3	0.1041	0.6856
MAPRE3	EEF1D	3	0.2161	0.5896
KRT8	MARCKS	3	0.0696	0.7174
LMNA	MARCKS	3	0.0156	0.7963
ACTB	MARCKS	3	0.1000	0.6890
CTNNA1	MARCKS	3	0.0091	0.8194
MAPRE3	MARCKS	3	0.0107	0.8132
KRT8	ERP29	3	0.0628	0.7241
LMNA	ERP29	3	0.0429	0.7458
ACTB	ERP29	3	0.1361	0.6578
CTNNA1	ERP29	3	0.0004	0.8632
MAPRE3	ERP29	3	0.0021	0.8502
KRT8	PRDX6	3	0.0603	0.7264
LMNA	PRDX6	3	0.0208	0.7820
ACTB	PRDX6	3	0.0722	0.7152
CTNNA1	PRDX6	3	0.0106	0.8138
MAPRE3	PRDX6	3	0.0070	0.8278
KRT8	PRDX5	3	0.1214	0.6706
LMNA	PRDX5	3	0.0289	0.7660
ACTB	PRDX5	3	0.0582	0.7280
CTNNA1	PRDX5	3	0.0086	0.8215
MAPRE3	PRDX5	3	0.0107	0.8132
KRT8	DDT	3	0.0284	0.7668
LMNA	DDT	3	0.0985	0.6902
ACTB	DDT	3	0.0068	0.8289
KRT8	PRDX3	3	0.0108	0.8130
LMNA	PRDX3	3	0.0141	0.8015
ACTB	PRDX3	3	0.0109	0.8127
CTNNA1	PRDX3	3	0.0268	0.7697
MAPRE3	PRDX3	3	0.0041	0.8402
KRT8	RPL12	3	0.0704	0.7168
LMNA	RPL12	3	0.0306	0.7628
ACTB	RPL12	3	0.0713	0.7161
CTNNA1	RPL12	3	0.0099	0.8164
MAPRE3	RPL12	3	0.0063	0.8308
KRT8	ECHS1	3	0.9964	0.0002
LMNA	ECHS1	3	0.0959	0.6927
ACTB	ECHS1	3	0.0499	0.7374
KRT8	CMPK1	3	0.1234	0.6687
LMNA	CMPK1	3	0.0567	0.7298
ACTB	CMPK1	3	0.1111	0.6793
CTNNA1	CMPK1	3	0.0110	0.8122
MAPRE3	CMPK1	3	0.0094	0.8181
KRT8	PEBP1	3	0.0914	0.6970
LMNA	PEBP1	3	0.0534	0.7335
ACTB	PEBP1	3	0.1972	0.6049
CTNNA1	PEBP1	3	0.0009	0.8582
MAPRE3	PEBP1	3	0.0056	0.8337
KRT8	PDIA3	3	0.0116	0.8099
LMNA	PDIA3	3	0.0305	0.7631
ACTB	PDIA3	3	0.0069	0.8283
CTNNA1	PDIA3	3	0.0095	0.8177
MAPRE3	PDIA3	3	0.0023	0.8489
KRT8	PPP2R1A	3	0.0736	0.7138
LMNA	PPP2R1A	3	0.0410	0.7481
ACTB	PPP2R1A	3	0.0915	0.6969
CTNNA1	PPP2R1A	3	0.0148	0.7989
MAPRE3	PPP2R1A	3	0.0193	0.7862
KRT8	CDC27	3	0.0110	0.8122
LMNA	CDC27	3	0.0025	0.8479
ACTB	CDC27	3	0.0032	0.8442
CTNNA1	CDC27	3	0.0000	0.8712
MAPRE3	CDC27	3	0.0135	0.8037
LMNA	WEE1	3	0.9991	0.0000
LMNA	CDC25B	3	0.6698	0.0640
KRT8	CDC25C	3	0.0464	0.7415
LMNA	CDC25C	3	0.0022	0.8496
ACTB	CDC25C	3	0.0175	0.7909
CTNNA1	CDC25C	3	0.0005	0.8621
MAPRE3	CDC25C	3	0.0041	0.8402
LMNA	NKTR	3	0.2844	0.5260
KRT8	NMT1	3	0.0152	0.7977
LMNA	NMT1	3	0.0003	0.8647
ACTB	NMT1	3	0.1176	0.6739
CTNNA1	NMT1	3	0.0003	0.8647
MAPRE3	NMT1	3	0.0024	0.8483
LMNA	HMOX2	3	0.4325	0.2341
KRT8	ADSS2	3	0.0168	0.7927
LMNA	ADSS2	3	0.0218	0.7795
ACTB	ADSS2	3	0.0958	0.6928
CTNNA1	ADSS2	3	0.0184	0.7884
MAPRE3	ADSS2	3	0.0068	0.8289
KRT8	AXL	3	0.2526	0.5579
LMNA	AXL	3	0.1010	0.6880
ACTB	AXL	3	0.1368	0.6567
CTNNA1	AXL	3	0.0395	0.7500
MAPRE3	AXL	3	0.0037	0.8419
KRT8	ADSL	3	0.2431	0.5674
LMNA	ADSL	3	0.1469	0.6478
ACTB	ADSL	3	0.2651	0.5459
CTNNA1	ADSL	3	0.0624	0.7243
MAPRE3	ADSL	3	0.1088	0.6816
KRT8	CLIP1	3	0.0179	0.7898
ACTB	CLIP1	3	0.0178	0.7901
CTNNA1	CLIP1	3	0.0012	0.8558
MAPRE3	CLIP1	3	0.5500	0.1704
KRT8	SRI	3	0.0185	0.7881
LMNA	SRI	3	0.0180	0.7895
ACTB	SRI	3	0.0260	0.7711
CTNNA1	SRI	3	0.0246	0.7737
MAPRE3	SRI	3	0.0087	0.8211
KRT8	SERPINB1	3	0.0641	0.7225
LMNA	SERPINB1	3	0.0442	0.7442
ACTB	SERPINB1	3	0.1555	0.6404
CTNNA1	SERPINB1	3	0.0232	0.7767
MAPRE3	SERPINB1	3	0.0056	0.8337
KRT8	ALDH1B1	3	0.2508	0.5598
LMNA	ALDH1B1	3	0.1103	0.6801
ACTB	ALDH1B1	3	0.1510	0.6446
CTNNA1	ALDH1B1	3	0.0310	0.7621
MAPRE3	ALDH1B1	3	0.0209	0.7817
KRT8	ALDH3A1	3	0.0518	0.7352
LMNA	ALDH3A1	3	0.0016	0.8531
ACTB	ALDH3A1	3	0.3226	0.4800
KRT8	POLR2B	3	0.0238	0.7755
LMNA	POLR2B	3	0.0056	0.8337
ACTB	POLR2B	3	0.0110	0.8122
CTNNA1	POLR2B	3	0.0002	0.8663
MAPRE3	POLR2B	3	0.0017	0.8526
KRT8	LCN1	3	0.0072	0.8270
ACTB	LCN1	3	0.3391	0.3950
MAPRE3	LCN1	3	0.0099	0.8164
KRT8	SDHA	3	0.2066	0.5982
LMNA	SDHA	3	0.0317	0.7612
ACTB	SDHA	3	0.0827	0.7048
CTNNA1	SDHA	3	0.0268	0.7697
MAPRE3	SDHA	3	0.0041	0.8402
KRT8	MAT2A	3	0.0878	0.6999
LMNA	MAT2A	3	0.0206	0.7826
ACTB	MAT2A	3	0.0435	0.7451
CTNNA1	MAT2A	3	0.0104	0.8144
MAPRE3	MAT2A	3	0.0071	0.8274
KRT8	CPS1	3	0.3458	0.3735
LMNA	CPS1	3	0.0924	0.6960
ACTB	CPS1	3	0.1188	0.6729
CTNNA1	CPS1	3	0.0143	0.8008
MAPRE3	CPS1	3	0.0317	0.7612
KRT8	RRM2	3	0.2396	0.5703
LMNA	RRM2	3	0.0494	0.7380
ACTB	RRM2	3	0.1919	0.6092
CTNNA1	RRM2	3	0.0386	0.7510
MAPRE3	RRM2	3	0.0740	0.7133
KRT8	HIVEP2	3	0.0389	0.7507
LMNA	HIVEP2	3	0.0032	0.8442
ACTB	HIVEP2	3	0.0040	0.8407
MAPRE3	HIVEP2	3	0.0002	0.8663
LMNA	SLC6A6	3	0.0064	0.8304
ACTB	SLC6A6	3	0.0114	0.8107
CTNNA1	SLC6A6	3	0.0001	0.8682
KRT8	DNAJA1	3	0.1959	0.6060
LMNA	DNAJA1	3	0.2532	0.5574
ACTB	DNAJA1	3	0.1214	0.6706
CTNNA1	DNAJA1	3	0.0319	0.7608
MAPRE3	DNAJA1	3	0.0477	0.7401
KRT8	AKT1	3	0.0511	0.7360
ACTB	AKT1	3	0.0010	0.8573
KRT8	AKT2	3	0.3435	0.3801
LMNA	AKT2	3	0.0136	0.8031
ACTB	AKT2	3	0.0122	0.8082
MAPRE3	AKT2	3	0.2790	0.5318
KRT8	UQCRC1	3	0.0178	0.7901
LMNA	UQCRC1	3	0.0304	0.7632
ACTB	UQCRC1	3	0.0477	0.7401
CTNNA1	UQCRC1	3	0.0102	0.8152
MAPRE3	UQCRC1	3	0.0042	0.8397
KRT8	ATIC	3	0.0153	0.7974
ACTB	ATIC	3	0.0126	0.8068
MAPRE3	ATIC	3	0.0003	0.8647
KRT8	HNRNPH3	3	0.3070	0.5002
LMNA	HNRNPH3	3	0.3421	0.3852
ACTB	HNRNPH3	3	0.2794	0.5309
MAPRE3	HNRNPH3	3	0.1663	0.6308
KRT8	HNRNPH1	3	0.1052	0.6847
LMNA	HNRNPH1	3	0.3161	0.4875
ACTB	HNRNPH1	3	0.0805	0.7073
CTNNA1	HNRNPH1	3	0.0230	0.7771
MAPRE3	HNRNPH1	3	0.0323	0.7603
LMNA	CASP14	3	0.1761	0.6229
ACTB	CASP14	3	0.5673	0.1656
KRT8	YWHAB	3	0.1779	0.6209
LMNA	YWHAB	3	0.0593	0.7269
ACTB	YWHAB	3	0.1679	0.6297
CTNNA1	YWHAB	3	0.0107	0.8132
MAPRE3	YWHAB	3	0.0392	0.7503
KRT8	SFN	3	0.0524	0.7346
LMNA	SFN	3	0.1236	0.6686
ACTB	SFN	3	0.0891	0.6991
CTNNA1	SFN	3	0.0091	0.8194
MAPRE3	SFN	3	0.0713	0.7161
KRT8	STIP1	3	0.1997	0.6033
LMNA	STIP1	3	0.0683	0.7182
ACTB	STIP1	3	0.1098	0.6806
CTNNA1	STIP1	3	0.0100	0.8159
MAPRE3	STIP1	3	0.0140	0.8018
KRT8	S100A11	3	0.2412	0.5687
LMNA	S100A11	3	0.1779	0.6209
ACTB	S100A11	3	0.3355	0.4049
CTNNA1	S100A11	3	0.0167	0.7929
MAPRE3	S100A11	3	0.0738	0.7136
KRT8	L1CAM	3	0.0022	0.8496
LMNA	L1CAM	3	0.0011	0.8566
ACTB	L1CAM	3	0.0053	0.8350
KRT8	INPP5B	3	0.0381	0.7517
LMNA	INPP5B	3	0.0074	0.8260
ACTB	INPP5B	3	0.0087	0.8211
MAPRE3	INPP5B	3	0.0031	0.8449
KRT8	PRDX2	3	0.0817	0.7061
LMNA	PRDX2	3	0.0931	0.6954
ACTB	PRDX2	3	0.1132	0.6776
CTNNA1	PRDX2	3	0.0559	0.7306
MAPRE3	PRDX2	3	0.0088	0.8208
KRT8	CDA	3	0.1075	0.6826
LMNA	CDA	3	0.2310	0.5773
CTNNA1	CDA	3	0.1665	0.6307
MAPRE3	CDA	3	0.1219	0.6698
KRT8	DCTD	3	0.1894	0.6112
LMNA	DCTD	3	0.0204	0.7829
ACTB	DCTD	3	0.1328	0.6607
CTNNA1	DCTD	3	0.0099	0.8164
KRT8	PYCR1	3	0.0726	0.7148
LMNA	PYCR1	3	0.0012	0.8558
ACTB	PYCR1	3	0.3379	0.3986
KRT8	GBP1	3	0.3284	0.4720
LMNA	GBP1	3	0.1799	0.6188
ACTB	GBP1	3	0.2687	0.5422
MAPRE3	GBP1	3	0.0471	0.7408
KRT8	GBP2	3	0.0047	0.8376
MAPRE3	GBP2	3	0.0001	0.8682
LMNA	ELF1	3	0.3328	0.4639
LMNA	GTF2H1	3	0.0089	0.8203
KRT8	RPL9	3	0.6919	0.0519
LMNA	RPL9	3	0.2844	0.5260
ACTB	RPL9	3	0.0986	0.6900
CTNNA1	RPL9	3	0.0143	0.8008
MAPRE3	RPL9	3	0.0281	0.7672
KRT8	KIF5B	3	0.3275	0.4729
LMNA	KIF5B	3	0.0780	0.7095
ACTB	KIF5B	3	0.2825	0.5275
CTNNA1	KIF5B	3	0.0846	0.7026
MAPRE3	KIF5B	3	0.1875	0.6121
KRT8	CSTF2	3	0.0001	0.8682
LMNA	CSTF2	3	0.0095	0.8177
ACTB	CSTF2	3	0.0026	0.8473
CTNNA1	CSTF2	3	0.0000	0.8712
MAPRE3	CSTF2	3	0.0002	0.8663
KRT8	DUT	3	0.0092	0.8190
LMNA	DUT	3	0.0187	0.7876
ACTB	DUT	3	0.0055	0.8342
CTNNA1	DUT	3	0.0139	0.8022
MAPRE3	DUT	3	0.0028	0.8464
KRT8	ABCC1	3	0.2096	0.5954
LMNA	ABCC1	3	0.0166	0.7933
ACTB	ABCC1	3	0.0094	0.8181
CTNNA1	ABCC1	3	0.0011	0.8566
MAPRE3	ABCC1	3	0.0017	0.8526
KRT8	ABCD1	3	0.0421	0.7467
LMNA	ABCD1	3	0.0017	0.8526
ACTB	ABCD1	3	0.0067	0.8294
MAPRE3	ABCD1	3	0.0001	0.8682
KRT8	KDELR2	3	0.3275	0.4729
LMNA	KDELR2	3	0.2097	0.5953
ACTB	KDELR2	3	0.1731	0.6253
CTNNA1	KDELR2	3	0.0344	0.7572
MAPRE3	KDELR2	3	0.0791	0.7085
KRT8	TTK	3	0.0325	0.7598
LMNA	TTK	3	0.0030	0.8454
ACTB	TTK	3	0.0145	0.8000
CTNNA1	TTK	3	0.0001	0.8682
MAPRE3	TTK	3	0.0050	0.8364
KRT8	MCM4	3	0.3139	0.4909
LMNA	MCM4	3	0.3253	0.4767
ACTB	MCM4	3	0.2411	0.5689
CTNNA1	MCM4	3	0.0456	0.7424
MAPRE3	MCM4	3	0.1625	0.6342
KRT8	MCM5	3	0.1671	0.6300
LMNA	MCM5	3	0.1417	0.6527
ACTB	MCM5	3	0.1238	0.6684
CTNNA1	MCM5	3	0.0220	0.7790
MAPRE3	MCM5	3	0.0463	0.7417
KRT8	MCM7	3	0.4431	0.2244
LMNA	MCM7	3	0.1821	0.6167
ACTB	MCM7	3	0.2196	0.5872
CTNNA1	MCM7	3	0.0793	0.7084
MAPRE3	MCM7	3	0.1583	0.6382
KRT8	SHMT1	3	0.3890	0.2829
LMNA	SHMT1	3	0.0791	0.7085
ACTB	SHMT1	3	0.1222	0.6696
MAPRE3	SHMT1	3	0.0099	0.8164
KRT8	SHMT2	3	0.4775	0.1996
LMNA	SHMT2	3	0.1995	0.6033
ACTB	SHMT2	3	0.0583	0.7279
CTNNA1	SHMT2	3	0.0147	0.7993
MAPRE3	SHMT2	3	0.0129	0.8057
KRT8	HSPA4	3	0.0091	0.8194
LMNA	HSPA4	3	0.0019	0.8514
ACTB	HSPA4	3	0.0075	0.8257
MAPRE3	HSPA4	3	0.0004	0.8632
LMNA	PRSS3	3	0.3535	0.3558
ACTB	PRSS3	3	0.3463	0.3717
CTNNA1	PRSS3	3	0.3585	0.3468
MAPRE3	PRSS3	3	0.3327	0.4642
KRT8	PFN2	3	0.0161	0.7948
LMNA	PFN2	3	0.0208	0.7820
ACTB	PFN2	3	0.0155	0.7966
CTNNA1	PFN2	3	0.0258	0.7715
MAPRE3	PFN2	3	0.0077	0.8250
KRT8	CTNNA1	3	0.1197	0.6721
LMNA	CTNNA1	3	0.0678	0.7188
ACTB	CTNNA1	3	0.1911	0.6099
CTNNA1	CTNNA1	3	0.9405	0.0033
MAPRE3	CTNNA1	3	0.0909	0.6974
KRT8	CTNNB1	3	0.3087	0.4976
ACTB	CTNNB1	3	0.1755	0.6235
CTNNA1	CTNNB1	3	0.9974	0.0001
MAPRE3	CTNNB1	3	0.0412	0.7477
KRT8	PHB1	3	0.1285	0.6642
LMNA	PHB1	3	0.0621	0.7247
ACTB	PHB1	3	0.0879	0.6999
CTNNA1	PHB1	3	0.0112	0.8115
MAPRE3	PHB1	3	0.0154	0.7970
KRT8	SERPINB6	3	0.0261	0.7709
LMNA	SERPINB6	3	0.0238	0.7755
ACTB	SERPINB6	3	0.0296	0.7648
CTNNA1	SERPINB6	3	0.0205	0.7827
MAPRE3	SERPINB6	3	0.0046	0.8380
KRT8	NF2	3	0.2722	0.5381
LMNA	NF2	3	0.0759	0.7115
ACTB	NF2	3	0.2934	0.5169
CTNNA1	NF2	3	0.2023	0.6013
MAPRE3	NF2	3	0.1451	0.6493
KRT8	RDX	3	0.0079	0.8242
ACTB	RDX	3	0.0188	0.7873
MAPRE3	RDX	3	0.0005	0.8621
KRT8	RFC4	3	0.1719	0.6264
LMNA	RFC4	3	0.1097	0.6808
ACTB	RFC4	3	0.0864	0.7011
CTNNA1	RFC4	3	0.0065	0.8300
MAPRE3	RFC4	3	0.0310	0.7621
KRT8	RFC2	3	0.1887	0.6116
LMNA	RFC2	3	0.2181	0.5882
ACTB	RFC2	3	0.1013	0.6876
CTNNA1	RFC2	3	0.0271	0.7691
MAPRE3	RFC2	3	0.0259	0.7713
KRT8	RFC1	3	0.2149	0.5906
LMNA	RFC1	3	0.3602	0.3443
ACTB	RFC1	3	0.2032	0.6006
CTNNA1	RFC1	3	0.0401	0.7491
MAPRE3	RFC1	3	0.2348	0.5743
KRT8	RPL22	3	0.2359	0.5731
LMNA	RPL22	3	0.0757	0.7116
ACTB	RPL22	3	0.1685	0.6291
CTNNA1	RPL22	3	0.0143	0.8008
MAPRE3	RPL22	3	0.0269	0.7694
LMNA	GTF2F1	3	0.3560	0.3511
ACTB	GTF2F1	3	0.0007	0.8600
KRT8	CBS	3	0.0179	0.7898
LMNA	CBS	3	0.0282	0.7671
ACTB	CBS	3	0.0064	0.8304
CTNNA1	CBS	3	0.0092	0.8190
MAPRE3	CBS	3	0.0056	0.8337
KRT8	KRT9	3	0.0644	0.7222
LMNA	KRT9	3	0.2261	0.5814
ACTB	KRT9	3	0.0746	0.7126
CTNNA1	KRT9	3	0.0871	0.7005
MAPRE3	KRT9	3	0.0431	0.7456
KRT8	IRS1	3	0.0842	0.7032
ACTB	IRS1	3	0.0087	0.8211
MAPRE3	IRS1	3	0.0136	0.8031
KRT8	AGL	3	0.6667	0.0696
ACTB	AGL	3	0.3333	0.4115
KRT8	MYH9	3	0.2251	0.5822
LMNA	MYH9	3	0.0911	0.6972
ACTB	MYH9	3	0.3481	0.3668
CTNNA1	MYH9	3	0.0978	0.6907
MAPRE3	MYH9	3	0.1325	0.6612
KRT8	MYH10	3	0.0130	0.8054
ACTB	MYH10	3	0.8030	0.0214
KRT8	COPB2	3	0.0286	0.7665
LMNA	COPB2	3	0.0040	0.8407
ACTB	COPB2	3	0.0243	0.7743
MAPRE3	COPB2	3	0.0002	0.8663
KRT8	SOAT1	3	0.0105	0.8141
LMNA	SOAT1	3	0.9916	0.0003
ACTB	SOAT1	3	0.0138	0.8025
MAPRE3	SOAT1	3	0.0006	0.8612
KRT8	ADD1	3	0.0126	0.8068
LMNA	ADD1	3	0.0072	0.8270
ACTB	ADD1	3	0.4041	0.2637
CTNNA1	ADD1	3	0.0023	0.8489
MAPRE3	ADD1	3	0.0038	0.8415
LMNA	BSG	3	0.3333	0.4115
KRT8	FUS	3	0.1367	0.6568
LMNA	FUS	3	0.2124	0.5929
ACTB	FUS	3	0.2046	0.5997
CTNNA1	FUS	3	0.0225	0.7780
MAPRE3	FUS	3	0.0482	0.7395
KRT8	NUP214	3	0.3690	0.3246
LMNA	NUP214	3	0.2213	0.5858
ACTB	NUP214	3	0.3343	0.4079
CTNNA1	NUP214	3	0.1605	0.6361
MAPRE3	NUP214	3	0.2699	0.5412
KRT8	DEK	3	0.0101	0.8155
LMNA	DEK	3	0.0097	0.8172
ACTB	DEK	3	0.0017	0.8526
CTNNA1	DEK	3	0.0000	0.8712
MAPRE3	DEK	3	0.0009	0.8582
KRT8	GLRX	3	0.0755	0.7118
LMNA	GLRX	3	0.0485	0.7390
ACTB	GLRX	3	0.1985	0.6042
CTNNA1	GLRX	3	0.0199	0.7843
MAPRE3	GLRX	3	0.0104	0.8144
KRT8	AHR	3	0.0329	0.7592
LMNA	AHR	3	0.0044	0.8389
ACTB	AHR	3	0.0041	0.8402
MAPRE3	AHR	3	0.0000	0.8712
KRT8	KRT2	3	0.0472	0.7407
LMNA	KRT2	3	0.1106	0.6796
ACTB	KRT2	3	0.1883	0.6118
CTNNA1	KRT2	3	0.0657	0.7209
MAPRE3	KRT2	3	0.0616	0.7252
KRT8	HMGCL	3	0.0116	0.8099
LMNA	HMGCL	3	0.0055	0.8342
ACTB	HMGCL	3	0.0128	0.8061
CTNNA1	HMGCL	3	0.0090	0.8199
MAPRE3	HMGCL	3	0.0018	0.8519
KRT8	PSMC2	3	0.3849	0.2923
LMNA	PSMC2	3	0.1827	0.6162
ACTB	PSMC2	3	0.3145	0.4898
CTNNA1	PSMC2	3	0.1477	0.6470
MAPRE3	PSMC2	3	0.1784	0.6205
KRT8	ARL2	3	0.3814	0.2985
LMNA	ARL2	3	0.2966	0.5133
ACTB	ARL2	3	0.3333	0.4115
CTNNA1	ARL2	3	0.1031	0.6865
MAPRE3	ARL2	3	0.2470	0.5637
KRT8	ARL3	3	0.1837	0.6155
LMNA	ARL3	3	0.1142	0.6768
ACTB	ARL3	3	0.1138	0.6770
CTNNA1	ARL3	3	0.0591	0.7272
MAPRE3	ARL3	3	0.0192	0.7864
KRT8	MAP2K2	3	0.0244	0.7741
ACTB	MAP2K2	3	0.0100	0.8159
KRT8	ATP5F1C	3	0.1363	0.6574
LMNA	ATP5F1C	3	0.1265	0.6662
ACTB	ATP5F1C	3	0.2362	0.5728
CTNNA1	ATP5F1C	3	0.0110	0.8122
MAPRE3	ATP5F1C	3	0.0976	0.6910
LMNA	ATP6V1E1	3	0.0147	0.7993
ACTB	ATP6V1E1	3	0.3296	0.4701
KRT8	CPOX	3	0.0119	0.8091
LMNA	CPOX	3	0.0113	0.8111
ACTB	CPOX	3	0.0161	0.7948
CTNNA1	CPOX	3	0.0066	0.8297
MAPRE3	CPOX	3	0.0027	0.8469
KRT8	RPL4	3	0.0820	0.7057
LMNA	RPL4	3	0.0741	0.7131
ACTB	RPL4	3	0.0795	0.7083
CTNNA1	RPL4	3	0.0200	0.7840
MAPRE3	RPL4	3	0.0246	0.7737
KRT8	LONP1	3	0.0598	0.7267
LMNA	LONP1	3	0.1440	0.6503
ACTB	LONP1	3	0.2641	0.5470
CTNNA1	LONP1	3	0.0126	0.8068
MAPRE3	LONP1	3	0.0071	0.8274
KRT8	PGM1	3	0.3333	0.4115
LMNA	PGM1	3	0.1168	0.6747
ACTB	PGM1	3	0.2663	0.5446
KRT8	PPP1CC	3	0.0055	0.8342
ACTB	PPP1CC	3	0.0048	0.8371
MAPRE3	PPP1CC	3	0.0000	0.8712
KRT8	SERPINB5	3	0.0166	0.7933
LMNA	SERPINB5	3	0.0155	0.7966
ACTB	SERPINB5	3	0.0121	0.8085
CTNNA1	SERPINB5	3	0.0085	0.8220
MAPRE3	SERPINB5	3	0.0034	0.8433
KRT8	POLR2I	3	0.0957	0.6929
LMNA	POLR2I	3	0.1357	0.6581
ACTB	POLR2I	3	0.1291	0.6637
CTNNA1	POLR2I	3	0.0845	0.7028
MAPRE3	POLR2I	3	0.0125	0.8071
ACTB	SREBF1	3	0.1764	0.6225
KRT8	DLST	3	1.0000	0.0000
ACTB	DLST	3	0.3333	0.4115
KRT8	GPX4	3	0.1876	0.6120
LMNA	GPX4	3	0.1190	0.6727
ACTB	GPX4	3	0.1090	0.6815
CTNNA1	GPX4	3	0.0148	0.7989
MAPRE3	GPX4	3	0.0313	0.7618
KRT8	SRP14	3	0.1993	0.6034
LMNA	SRP14	3	0.1551	0.6407
ACTB	SRP14	3	0.1568	0.6392
CTNNA1	SRP14	3	0.0440	0.7445
MAPRE3	SRP14	3	0.0165	0.7936
KRT8	NUP62	3	0.3121	0.4931
LMNA	NUP62	3	0.2045	0.5998
ACTB	NUP62	3	0.2659	0.5454
CTNNA1	NUP62	3	0.0669	0.7198
MAPRE3	NUP62	3	0.1275	0.6650
KRT8	HPCAL1	3	0.1415	0.6528
LMNA	HPCAL1	3	0.0578	0.7287
ACTB	HPCAL1	3	0.1243	0.6681
CTNNA1	HPCAL1	3	0.0187	0.7876
MAPRE3	HPCAL1	3	0.0165	0.7936
LMNA	ZEB1	3	0.0083	0.8228
KRT8	TAGLN2	3	0.3150	0.4888
LMNA	TAGLN2	3	0.2383	0.5711
ACTB	TAGLN2	3	0.3825	0.2971
CTNNA1	TAGLN2	3	0.0951	0.6935
MAPRE3	TAGLN2	3	0.1767	0.6222
KRT8	TALDO1	3	0.1137	0.6770
LMNA	TALDO1	3	0.2718	0.5390
ACTB	TALDO1	3	0.1314	0.6621
MAPRE3	TALDO1	3	0.0151	0.7980
KRT8	SNCA	3	0.3363	0.4033
LMNA	SNCA	3	0.2427	0.5677
ACTB	SNCA	3	0.3386	0.3969
CTNNA1	SNCA	3	0.1893	0.6113
MAPRE3	SNCA	3	0.1695	0.6286
KRT8	ETFB	3	0.2330	0.5757
LMNA	ETFB	3	0.0547	0.7321
ACTB	ETFB	3	0.1766	0.6223
CTNNA1	ETFB	3	0.0228	0.7776
MAPRE3	ETFB	3	0.0167	0.7929
KRT8	RBMX	3	0.0220	0.7790
LMNA	RBMX	3	0.0834	0.7040
ACTB	RBMX	3	0.0171	0.7919
CTNNA1	RBMX	3	0.0165	0.7936
MAPRE3	RBMX	3	0.0103	0.8147
KRT8	BRCA1	3	0.2609	0.5502
LMNA	BRCA1	3	0.3507	0.3622
ACTB	BRCA1	3	0.2501	0.5606
CTNNA1	BRCA1	3	0.0741	0.7131
MAPRE3	BRCA1	3	0.2460	0.5645
KRT8	COIL	3	0.1348	0.6590
LMNA	COIL	3	0.2794	0.5309
ACTB	COIL	3	0.1799	0.6188
CTNNA1	COIL	3	0.0336	0.7583
MAPRE3	COIL	3	0.2240	0.5829
KRT8	GGCX	3	0.9656	0.0015
LMNA	GGCX	3	0.7326	0.0409
KRT8	ATP6V1A	3	0.2849	0.5258
LMNA	ATP6V1A	3	0.1681	0.6296
ACTB	ATP6V1A	3	0.2614	0.5498
CTNNA1	ATP6V1A	3	0.0298	0.7643
MAPRE3	ATP6V1A	3	0.0841	0.7033
KRT8	HSPA9	3	0.0610	0.7257
LMNA	HSPA9	3	0.0161	0.7948
ACTB	HSPA9	3	0.0366	0.7537
CTNNA1	HSPA9	3	0.0061	0.8316
MAPRE3	HSPA9	3	0.0050	0.8364
KRT8	EIF4A3	3	0.1427	0.6517
LMNA	EIF4A3	3	0.0708	0.7165
ACTB	EIF4A3	3	0.1086	0.6818
CTNNA1	EIF4A3	3	0.0061	0.8316
MAPRE3	EIF4A3	3	0.0242	0.7746
KRT8	IGHMBP2	3	0.0060	0.8320
ACTB	IGHMBP2	3	0.0023	0.8489
MAPRE3	IGHMBP2	3	0.0079	0.8242
KRT8	RPL3	3	0.2928	0.5177
LMNA	RPL3	3	0.2033	0.6006
ACTB	RPL3	3	0.2297	0.5783
CTNNA1	RPL3	3	0.0639	0.7227
MAPRE3	RPL3	3	0.1117	0.6789
LMNA	DDOST	3	0.3720	0.3187
ACTB	DDOST	3	0.3288	0.4714
CTNNA1	DDOST	3	0.1064	0.6834
LMNA	ANP32A	3	0.6665	0.1381
MAPRE3	ANP32A	3	0.3130	0.4918
KRT8	FEN1	3	0.0260	0.7711
LMNA	FEN1	3	0.1152	0.6759
ACTB	FEN1	3	0.0391	0.7503
CTNNA1	FEN1	3	0.0142	0.8012
MAPRE3	FEN1	3	0.0194	0.7859
KRT8	CUX1	3	0.3049	0.5028
LMNA	CUX1	3	0.3634	0.3361
ACTB	CUX1	3	0.2996	0.5097
MAPRE3	CUX1	3	0.1881	0.6119
ACTB	CAPG	3	0.0106	0.8138
KRT8	CAP2	3	0.0271	0.7691
LMNA	CAP2	3	0.0052	0.8354
ACTB	CAP2	3	0.9993	0.0000
MAPRE3	CAP2	3	0.0004	0.8632
ACTB	IL6ST	3	0.0013	0.8550
CTNNA1	IL6ST	3	0.0021	0.8502
KRT8	TXLNA	3	0.0845	0.7028
LMNA	TXLNA	3	0.0162	0.7946
ACTB	TXLNA	3	0.1672	0.6299
CTNNA1	TXLNA	3	0.0223	0.7784
MAPRE3	TXLNA	3	0.0309	0.7623
KRT8	CCT6A	3	0.2414	0.5685
LMNA	CCT6A	3	0.1095	0.6810
ACTB	CCT6A	3	0.3380	0.3981
CTNNA1	CCT6A	3	0.0295	0.7650
MAPRE3	CCT6A	3	0.0632	0.7234
KRT8	NNMT	3	0.0296	0.7648
LMNA	NNMT	3	0.0137	0.8027
ACTB	NNMT	3	0.0201	0.7837
MAPRE3	NNMT	3	0.0002	0.8663
KRT8	PBX1	3	0.0786	0.7089
LMNA	PBX1	3	0.2531	0.5575
ACTB	PBX1	3	0.0299	0.7642
MAPRE3	PBX1	3	0.0049	0.8367
LMNA	PBX2	3	0.0060	0.8320
KRT8	RPL13A	3	0.2174	0.5888
LMNA	RPL13A	3	0.1817	0.6170
ACTB	RPL13A	3	0.2109	0.5941
CTNNA1	RPL13A	3	0.0310	0.7621
MAPRE3	RPL13A	3	0.0712	0.7162
KRT8	ARL1	3	0.1585	0.6379
LMNA	ARL1	3	0.2405	0.5695
ACTB	ARL1	3	0.0705	0.7167
CTNNA1	ARL1	3	0.0196	0.7852
MAPRE3	ARL1	3	0.0236	0.7760
KRT8	MLH1	3	0.3206	0.4821
LMNA	MLH1	3	0.4303	0.2348
ACTB	MLH1	3	0.3334	0.4112
CTNNA1	MLH1	3	0.0240	0.7750
MAPRE3	MLH1	3	0.2794	0.5309
KRT8	STAT3	3	0.3031	0.5050
LMNA	STAT3	3	0.2241	0.5827
ACTB	STAT3	3	0.2653	0.5458
CTNNA1	STAT3	3	0.0587	0.7276
MAPRE3	STAT3	3	0.1372	0.6564
KRT8	USP8	3	0.0211	0.7813
LMNA	USP8	3	0.0011	0.8566
ACTB	USP8	3	0.0160	0.7952
CTNNA1	USP8	3	0.0001	0.8682
MAPRE3	USP8	3	0.0027	0.8469
KRT8	PEX19	3	0.0247	0.7735
ACTB	PEX19	3	0.0254	0.7720
MAPRE3	PEX19	3	0.0001	0.8682
KRT8	MDH1	3	0.0679	0.7187
LMNA	MDH1	3	0.0331	0.7590
ACTB	MDH1	3	0.1234	0.6687
CTNNA1	MDH1	3	0.0040	0.8407
MAPRE3	MDH1	3	0.0087	0.8211
KRT8	MDH2	3	0.1452	0.6492
LMNA	MDH2	3	0.0230	0.7771
ACTB	MDH2	3	0.0918	0.6965
CTNNA1	MDH2	3	0.0002	0.8663
MAPRE3	MDH2	3	0.0076	0.8253
KRT8	RFC5	3	0.2226	0.5844
LMNA	RFC5	3	0.2233	0.5837
ACTB	RFC5	3	0.1477	0.6470
CTNNA1	RFC5	3	0.0353	0.7559
MAPRE3	RFC5	3	0.0702	0.7170
KRT8	RFC3	3	0.0007	0.8600
LMNA	RFC3	3	0.0028	0.8464
ACTB	RFC3	3	0.0060	0.8320
KRT8	HADHA	3	0.0121	0.8085
LMNA	HADHA	3	0.0147	0.7993
ACTB	HADHA	3	0.0400	0.7494
CTNNA1	HADHA	3	0.0043	0.8392
MAPRE3	HADHA	3	0.0014	0.8544
KRT8	EIF2S3	3	0.3261	0.4754
LMNA	EIF2S3	3	0.2834	0.5272
ACTB	EIF2S3	3	0.1183	0.6732
CTNNA1	EIF2S3	3	0.0275	0.7681
MAPRE3	EIF2S3	3	0.0483	0.7393
LMNA	ETV3	3	0.5836	0.1620
KRT8	CETN2	3	0.0755	0.7118
LMNA	CETN2	3	0.0032	0.8442
ACTB	CETN2	3	0.0278	0.7677
LMNA	ETV6	3	0.9999	0.0000
KRT8	EIF2D	3	0.3571	0.3482
ACTB	EIF2D	3	0.1362	0.6576
ACTB	MNDA	3	0.3333	0.4115
LMNA	BUD31	3	0.0529	0.7342
ACTB	BUD31	3	0.0006	0.8612
MAPRE3	BUD31	3	0.0001	0.8682
KRT8	NAA10	3	0.5678	0.1648
LMNA	NAA10	3	0.1864	0.6131
ACTB	NAA10	3	0.2245	0.5826
CTNNA1	NAA10	3	0.0150	0.7983
MAPRE3	NAA10	3	0.0554	0.7312
KRT8	KDM5C	3	0.2494	0.5612
LMNA	KDM5C	3	0.2918	0.5188
ACTB	KDM5C	3	0.1835	0.6157
CTNNA1	KDM5C	3	0.0576	0.7289
MAPRE3	KDM5C	3	0.0435	0.7451
KRT8	PPP1R2	3	0.0091	0.8194
LMNA	PPP1R2	3	0.0061	0.8316
ACTB	PPP1R2	3	0.0115	0.8103
CTNNA1	PPP1R2	3	0.0000	0.8712
MAPRE3	PPP1R2	3	0.0005	0.8621
KRT8	CSK	3	0.0963	0.6923
LMNA	CSK	3	0.0050	0.8364
ACTB	CSK	3	0.0278	0.7677
CTNNA1	CSK	3	0.0001	0.8682
MAPRE3	CSK	3	0.0011	0.8566
KRT8	GARS1	3	0.1032	0.6862
LMNA	GARS1	3	0.0070	0.8278
ACTB	GARS1	3	0.0309	0.7623
CTNNA1	GARS1	3	0.0046	0.8380
MAPRE3	GARS1	3	0.0008	0.8590
KRT8	IARS1	3	0.3178	0.4855
LMNA	IARS1	3	0.1477	0.6470
ACTB	IARS1	3	0.2102	0.5949
CTNNA1	IARS1	3	0.0333	0.7586
MAPRE3	IARS1	3	0.0786	0.7089
KRT8	PRKCI	3	0.2053	0.5991
LMNA	PRKCI	3	0.1872	0.6123
ACTB	PRKCI	3	0.2084	0.5967
MAPRE3	PRKCI	3	0.0772	0.7103
KRT8	TMPO	3	0.1232	0.6688
LMNA	TMPO	3	0.5238	0.1784
ACTB	TMPO	3	0.1252	0.6674
CTNNA1	TMPO	3	0.0802	0.7076
MAPRE3	TMPO	3	0.1053	0.6846
KRT8	STAT1	3	0.2631	0.5483
LMNA	STAT1	3	0.2055	0.5990
ACTB	STAT1	3	0.2281	0.5794
CTNNA1	STAT1	3	0.0220	0.7790
MAPRE3	STAT1	3	0.0515	0.7355
KRT8	STAT6	3	0.0014	0.8544
ACTB	STAT6	3	0.0019	0.8514
KRT8	MTREX	3	0.1306	0.6626
LMNA	MTREX	3	0.1422	0.6522
ACTB	MTREX	3	0.0634	0.7232
CTNNA1	MTREX	3	0.0283	0.7669
MAPRE3	MTREX	3	0.0357	0.7553
KRT8	AKR1C3	3	0.0815	0.7063
LMNA	AKR1C3	3	0.0809	0.7069
ACTB	AKR1C3	3	0.1227	0.6692
CTNNA1	AKR1C3	3	0.0339	0.7580
MAPRE3	AKR1C3	3	0.0155	0.7966
KRT8	PIK3CA	3	0.0381	0.7517
ACTB	PIK3CA	3	0.0273	0.7686
MAPRE3	PIK3CA	3	0.0004	0.8632
KRT8	PIK3CB	3	0.0080	0.8239
KRT8	MTOR	3	0.0622	0.7245
LMNA	MTOR	3	0.0009	0.8582
ACTB	MTOR	3	0.0174	0.7910
CTNNA1	MTOR	3	0.0001	0.8682
MAPRE3	MTOR	3	0.0097	0.8172
KRT8	PI4KA	3	0.0183	0.7886
LMNA	PI4KA	3	0.0031	0.8449
ACTB	PI4KA	3	0.0105	0.8141
CTNNA1	PI4KA	3	0.0004	0.8632
MAPRE3	PI4KA	3	0.0004	0.8632
LMNA	HAL	3	0.0040	0.8407
ACTB	HAL	3	0.3327	0.4642
KRT8	EPS15	3	0.0094	0.8181
LMNA	EPS15	3	0.0000	0.8712
ACTB	EPS15	3	0.0080	0.8239
CTNNA1	EPS15	3	0.0002	0.8663
MAPRE3	EPS15	3	0.0005	0.8621
LMNA	CASP2	3	1.0000	0.0000
CTNNA1	CASP2	3	0.3333	0.4115
KRT8	RPS27	3	0.3337	0.4098
LMNA	RPS27	3	0.1585	0.6379
ACTB	RPS27	3	0.1625	0.6342
CTNNA1	RPS27	3	0.0195	0.7855
MAPRE3	RPS27	3	0.0542	0.7327
KRT8	ABL2	3	0.0435	0.7451
ACTB	ABL2	3	0.5259	0.1772
MAPRE3	ABL2	3	0.0052	0.8354
KRT8	HELZ	3	0.0261	0.7709
ACTB	HELZ	3	0.0061	0.8316
CTNNA1	HELZ	3	0.0000	0.8712
MAPRE3	HELZ	3	0.0008	0.8590
KRT8	NCAPD3	3	0.1705	0.6276
LMNA	NCAPD3	3	0.0080	0.8239
ACTB	NCAPD3	3	0.0059	0.8324
MAPRE3	NCAPD3	3	0.0005	0.8621
KRT8	LRPPRC	3	0.5262	0.1769
LMNA	LRPPRC	3	0.0731	0.7144
ACTB	LRPPRC	3	0.0915	0.6969
CTNNA1	LRPPRC	3	0.0109	0.8127
MAPRE3	LRPPRC	3	0.0143	0.8008
ACTB	ACAA2	3	0.1289	0.6639
LMNA	RPL35	3	0.2660	0.5452
CTNNA1	RPL35	3	0.0620	0.7248
MAPRE3	RPL35	3	0.1378	0.6559
KRT8	CDKN2A	3	0.0825	0.7050
LMNA	CDKN2A	3	0.0329	0.7592
ACTB	CDKN2A	3	0.0801	0.7077
CTNNA1	CDKN2A	3	0.0160	0.7952
MAPRE3	CDKN2A	3	0.0065	0.8300
KRT8	CDKN2C	3	0.3333	0.4115
KRT8	HTT	3	0.0264	0.7703
LMNA	HTT	3	0.0098	0.8168
ACTB	HTT	3	0.2401	0.5698
CTNNA1	HTT	3	0.0011	0.8566
MAPRE3	HTT	3	0.0099	0.8164
KRT8	ECE1	3	0.0007	0.8600
LMNA	ECE1	3	0.0016	0.8531
ACTB	ECE1	3	0.0034	0.8433
CTNNA1	ECE1	3	0.0000	0.8712
MAPRE3	ECE1	3	0.0000	0.8712
KRT8	SLC1A4	3	0.3333	0.4115
MAPRE3	SLC1A4	3	0.3333	0.4115
KRT8	PAFAH1B1	3	0.0660	0.7206
LMNA	PAFAH1B1	3	0.0009	0.8582
ACTB	PAFAH1B1	3	0.0237	0.7758
MAPRE3	PAFAH1B1	3	0.0007	0.8600
KRT8	MCAM	3	0.0000	0.8712
LMNA	MCAM	3	0.0001	0.8682
ACTB	MCAM	3	0.0008	0.8590
CTNNA1	MCAM	3	0.0000	0.8712
MAPRE3	MCAM	3	0.0000	0.8712
KRT8	MATR3	3	0.1382	0.6556
LMNA	MATR3	3	0.1916	0.6095
ACTB	MATR3	3	0.1365	0.6570
CTNNA1	MATR3	3	0.0144	0.8004
MAPRE3	MATR3	3	0.0382	0.7515
KRT8	MSH2	3	0.2629	0.5485
LMNA	MSH2	3	0.2909	0.5198
ACTB	MSH2	3	0.1623	0.6343
CTNNA1	MSH2	3	0.0217	0.7797
MAPRE3	MSH2	3	0.0671	0.7197
KRT8	GPD2	3	0.0343	0.7574
LMNA	GPD2	3	0.0241	0.7748
ACTB	GPD2	3	0.0532	0.7338
CTNNA1	GPD2	3	0.0124	0.8074
MAPRE3	GPD2	3	0.0076	0.8253
LMNA	SSR1	3	1.0000	0.0000
KRT8	ALDH3B1	3	0.0352	0.7561
LMNA	ALDH3B1	3	0.0041	0.8402
ACTB	ALDH3B1	3	0.0197	0.7849
KRT8	MAGEA1	3	0.2125	0.5928
LMNA	MAGEA1	3	0.0015	0.8537
ACTB	MAGEA1	3	0.0169	0.7924
CTNNA1	MAGEA1	3	0.0000	0.8712
MAPRE3	MAGEA1	3	0.0041	0.8402
KRT8	PTPN9	3	0.3333	0.4115
KRT8	RANBP1	3	0.0118	0.8094
LMNA	RANBP1	3	0.0007	0.8600
ACTB	RANBP1	3	0.0051	0.8359
MAPRE3	RANBP1	3	0.0011	0.8566
KRT8	NAMPT	3	0.3510	0.3614
LMNA	NAMPT	3	0.0069	0.8283
ACTB	NAMPT	3	0.0194	0.7859
MAPRE3	NAMPT	3	0.0005	0.8621
KRT8	PSMC4	3	0.0935	0.6951
LMNA	PSMC4	3	0.0146	0.7997
ACTB	PSMC4	3	0.0823	0.7052
MAPRE3	PSMC4	3	0.0023	0.8489
KRT8	TSFM	3	0.0743	0.7130
LMNA	TSFM	3	0.0172	0.7916
ACTB	TSFM	3	0.0300	0.7640
CTNNA1	TSFM	3	0.0148	0.7989
MAPRE3	TSFM	3	0.0031	0.8449
KRT8	VDAC2	3	0.3073	0.4997
LMNA	VDAC2	3	0.2371	0.5721
ACTB	VDAC2	3	0.2468	0.5639
CTNNA1	VDAC2	3	0.0300	0.7640
MAPRE3	VDAC2	3	0.1200	0.6717
KRT8	CBX5	3	0.2799	0.5302
LMNA	CBX5	3	0.2316	0.5768
ACTB	CBX5	3	0.1208	0.6712
CTNNA1	CBX5	3	0.0363	0.7542
MAPRE3	CBX5	3	0.0462	0.7418
KRT8	USP5	3	0.0826	0.7049
LMNA	USP5	3	0.0773	0.7102
ACTB	USP5	3	0.0489	0.7385
CTNNA1	USP5	3	0.0137	0.8027
MAPRE3	USP5	3	0.0087	0.8211
KRT8	MKI67	3	0.2014	0.6020
LMNA	MKI67	3	0.3425	0.3829
ACTB	MKI67	3	0.2602	0.5509
CTNNA1	MKI67	3	0.0582	0.7280
MAPRE3	MKI67	3	0.2506	0.5599
KRT8	PHKA2	3	0.0261	0.7709
LMNA	PHKA2	3	0.0062	0.8312
ACTB	PHKA2	3	0.0110	0.8122
MAPRE3	PHKA2	3	0.0011	0.8566
KRT8	PHKA1	3	0.0195	0.7855
LMNA	PHKA1	3	0.0022	0.8496
ACTB	PHKA1	3	0.0065	0.8300
MAPRE3	PHKA1	3	0.0609	0.7259
KRT8	RANGAP1	3	0.3415	0.3876
LMNA	RANGAP1	3	0.2260	0.5816
ACTB	RANGAP1	3	0.3773	0.3079
CTNNA1	RANGAP1	3	0.1706	0.6275
MAPRE3	RANGAP1	3	0.2771	0.5334
KRT8	RECQL	3	0.0230	0.7771
LMNA	RECQL	3	0.5346	0.1753
ACTB	RECQL	3	0.0576	0.7289
CTNNA1	RECQL	3	0.0115	0.8103
MAPRE3	RECQL	3	0.0107	0.8132
KRT8	NOP2	3	0.3010	0.5081
LMNA	NOP2	3	0.2562	0.5545
ACTB	NOP2	3	0.2465	0.5641
CTNNA1	NOP2	3	0.0901	0.6983
MAPRE3	NOP2	3	0.1754	0.6237
KRT8	ATRX	3	0.0635	0.7231
LMNA	ATRX	3	0.2706	0.5402
ACTB	ATRX	3	0.1057	0.6841
CTNNA1	ATRX	3	0.0033	0.8438
MAPRE3	ATRX	3	0.0420	0.7469
KRT8	CRKL	3	0.0239	0.7753
LMNA	CRKL	3	0.0446	0.7438
ACTB	CRKL	3	0.0089	0.8203
CTNNA1	CRKL	3	0.0095	0.8177
MAPRE3	CRKL	3	0.0050	0.8364
KRT8	BAG6	3	0.0080	0.8239
LMNA	BAG6	3	0.0019	0.8514
ACTB	BAG6	3	0.3633	0.3363
KRT8	NSF	3	0.1282	0.6645
LMNA	NSF	3	0.0065	0.8300
ACTB	NSF	3	0.0610	0.7257
CTNNA1	NSF	3	0.0000	0.8712
MAPRE3	NSF	3	0.0083	0.8228
KRT8	MAP2K3	3	0.6667	0.0696
LMNA	MAP2K3	3	0.3333	0.4115
KRT8	BRCC3	3	0.0068	0.8289
LMNA	BRCC3	3	0.0025	0.8479
ACTB	BRCC3	3	0.0032	0.8442
CTNNA1	BRCC3	3	0.0000	0.8712
MAPRE3	BRCC3	3	0.0001	0.8682
KRT8	RPL27A	3	0.0161	0.7948
LMNA	RPL27A	3	0.0525	0.7345
ACTB	RPL27A	3	0.0083	0.8228
CTNNA1	RPL27A	3	0.0095	0.8177
MAPRE3	RPL27A	3	0.0078	0.8246
KRT8	RPL5	3	0.2264	0.5810
LMNA	RPL5	3	0.1611	0.6354
ACTB	RPL5	3	0.1170	0.6745
CTNNA1	RPL5	3	0.0154	0.7970
MAPRE3	RPL5	3	0.0298	0.7643
KRT8	RPL21	3	0.2999	0.5091
LMNA	RPL21	3	0.1013	0.6876
ACTB	RPL21	3	0.1637	0.6327
CTNNA1	RPL21	3	0.0196	0.7852
MAPRE3	RPL21	3	0.0391	0.7503
KRT8	RPL28	3	0.3794	0.3028
LMNA	RPL28	3	0.0933	0.6952
ACTB	RPL28	3	0.1422	0.6522
MAPRE3	RPL28	3	0.0468	0.7411
KRT8	RPS9	3	0.2785	0.5322
LMNA	RPS9	3	0.1346	0.6592
ACTB	RPS9	3	0.1705	0.6276
CTNNA1	RPS9	3	0.0167	0.7929
MAPRE3	RPS9	3	0.0551	0.7316
KRT8	RPS5	3	0.0051	0.8359
LMNA	RPS5	3	0.0004	0.8632
ACTB	RPS5	3	0.0052	0.8354
KRT8	RPS10	3	0.0018	0.8519
LMNA	RPS10	3	0.0001	0.8682
ACTB	RPS10	3	0.0037	0.8419
MAPRE3	RPS10	3	0.0001	0.8682
KRT8	MAP1B	3	0.3082	0.4982
LMNA	MAP1B	3	0.0968	0.6919
ACTB	MAP1B	3	0.2900	0.5209
CTNNA1	MAP1B	3	0.1585	0.6379
MAPRE3	MAP1B	3	0.2841	0.5265
KRT8	GNPDA1	3	0.0074	0.8260
ACTB	GNPDA1	3	0.0117	0.8097
KRT8	NEDD4	3	0.0222	0.7786
LMNA	NEDD4	3	0.0003	0.8647
ACTB	NEDD4	3	0.0081	0.8234
MAPRE3	NEDD4	3	0.0004	0.8632
KRT8	YAP1	3	0.0108	0.8130
LMNA	YAP1	3	0.0049	0.8367
ACTB	YAP1	3	0.0068	0.8289
CTNNA1	YAP1	3	0.0000	0.8712
MAPRE3	YAP1	3	0.0004	0.8632
KRT8	UTRN	3	0.0121	0.8085
ACTB	UTRN	3	0.0360	0.7547
CTNNA1	UTRN	3	0.0007	0.8600
MAPRE3	UTRN	3	0.0004	0.8632
KRT8	IQGAP1	3	0.2544	0.5560
LMNA	IQGAP1	3	0.1893	0.6113
ACTB	IQGAP1	3	0.4422	0.2248
CTNNA1	IQGAP1	3	0.0890	0.6991
MAPRE3	IQGAP1	3	0.1452	0.6492
KRT8	STT3A	3	0.0839	0.7036
LMNA	STT3A	3	0.0097	0.8172
ACTB	STT3A	3	0.0071	0.8274
CTNNA1	STT3A	3	0.0000	0.8712
MAPRE3	STT3A	3	0.0005	0.8621
KRT8	PLA2G4A	3	0.1332	0.6602
LMNA	PLA2G4A	3	0.0286	0.7665
ACTB	PLA2G4A	3	0.0721	0.7153
CTNNA1	PLA2G4A	3	0.0021	0.8502
MAPRE3	PLA2G4A	3	0.0069	0.8283
KRT8	RAP1GAP	3	0.0010	0.8573
ACTB	RAP1GAP	3	0.0057	0.8332
KRT8	CAPZA2	3	0.2628	0.5486
LMNA	CAPZA2	3	0.1036	0.6859
ACTB	CAPZA2	3	0.1476	0.6472
CTNNA1	CAPZA2	3	0.0176	0.7907
MAPRE3	CAPZA2	3	0.0248	0.7731
KRT8	CAPZB	3	0.0548	0.7320
LMNA	CAPZB	3	0.0053	0.8350
ACTB	CAPZB	3	0.1214	0.6706
CTNNA1	CAPZB	3	0.0107	0.8132
MAPRE3	CAPZB	3	0.0037	0.8419
KRT8	ALDH1A3	3	0.3594	0.3452
ACTB	ALDH1A3	3	0.2258	0.5818
KRT8	QARS1	3	0.1508	0.6449
LMNA	QARS1	3	0.0209	0.7817
ACTB	QARS1	3	0.2042	0.6001
CTNNA1	QARS1	3	0.0185	0.7881
MAPRE3	QARS1	3	0.0390	0.7505
KRT8	RPL29	3	0.1397	0.6544
LMNA	RPL29	3	0.1013	0.6876
ACTB	RPL29	3	0.1761	0.6229
CTNNA1	RPL29	3	0.0331	0.7590
MAPRE3	RPL29	3	0.0568	0.7297
LMNA	LGALS7	3	0.3140	0.4907
ACTB	LGALS7	3	0.4543	0.2156
MAPRE3	LGALS7	3	0.3333	0.4115
KRT8	ATP5PO	3	0.0301	0.7639
LMNA	ATP5PO	3	0.0247	0.7735
ACTB	ATP5PO	3	0.0277	0.7678
CTNNA1	ATP5PO	3	0.0142	0.8012
MAPRE3	ATP5PO	3	0.0051	0.8359
KRT8	PREP	3	0.1585	0.6379
LMNA	PREP	3	0.0302	0.7637
ACTB	PREP	3	0.1589	0.6375
CTNNA1	PREP	3	0.0288	0.7663
MAPRE3	PREP	3	0.0105	0.8141
KRT8	ME1	3	0.0151	0.7980
ACTB	ME1	3	0.0041	0.8402
KRT8	IREB2	3	0.2487	0.5620
LMNA	IREB2	3	0.0281	0.7672
ACTB	IREB2	3	0.1924	0.6088
CTNNA1	IREB2	3	0.0183	0.7886
MAPRE3	IREB2	3	0.0553	0.7314
LMNA	RFX5	3	0.0132	0.8047
LMNA	SOX9	3	0.6667	0.0696
KRT8	ARCN1	3	0.3320	0.4657
LMNA	ARCN1	3	0.1936	0.6083
ACTB	ARCN1	3	0.2926	0.5179
CTNNA1	ARCN1	3	0.0513	0.7357
MAPRE3	ARCN1	3	0.1959	0.6060
KRT8	LSS	3	0.1438	0.6504
LMNA	LSS	3	0.2636	0.5477
ACTB	LSS	3	0.1081	0.6821
MAPRE3	LSS	3	0.0084	0.8224
KRT8	GCLC	3	0.0909	0.6974
LMNA	GCLC	3	0.0072	0.8270
ACTB	GCLC	3	0.0084	0.8224
CTNNA1	GCLC	3	0.0001	0.8682
MAPRE3	GCLC	3	0.0020	0.8508
KRT8	GCLM	3	0.3151	0.4885
LMNA	GCLM	3	0.2491	0.5616
ACTB	GCLM	3	0.2695	0.5417
CTNNA1	GCLM	3	0.0555	0.7311
MAPRE3	GCLM	3	0.1356	0.6583
LMNA	NRIP1	3	0.1004	0.6885
MAPRE3	NRIP1	3	0.0026	0.8473
KRT8	TRAPPC10	3	0.0118	0.8094
ACTB	TRAPPC10	3	0.0080	0.8239
KRT8	PSMD8	3	0.2340	0.5750
LMNA	PSMD8	3	0.0728	0.7147
ACTB	PSMD8	3	0.1632	0.6335
CTNNA1	PSMD8	3	0.0025	0.8479
MAPRE3	PSMD8	3	0.0405	0.7487
KRT8	PRRC2A	3	0.0111	0.8119
LMNA	PRRC2A	3	0.0003	0.8647
ACTB	PRRC2A	3	0.0100	0.8159
CTNNA1	PRRC2A	3	0.0002	0.8663
MAPRE3	PRRC2A	3	0.0149	0.7987
KRT8	CCT5	3	0.1814	0.6174
LMNA	CCT5	3	0.0241	0.7748
ACTB	CCT5	3	0.1504	0.6451
CTNNA1	CCT5	3	0.0147	0.7993
MAPRE3	CCT5	3	0.0177	0.7904
KRT8	PTDSS1	3	0.1825	0.6164
LMNA	PTDSS1	3	0.0152	0.7977
ACTB	PTDSS1	3	0.0104	0.8144
CTNNA1	PTDSS1	3	0.0000	0.8712
MAPRE3	PTDSS1	3	0.0013	0.8550
KRT8	NES	3	0.2453	0.5653
LMNA	NES	3	0.0007	0.8600
ACTB	NES	3	0.0152	0.7977
CTNNA1	NES	3	0.0012	0.8558
MAPRE3	NES	3	0.0038	0.8415
KRT8	CSNK1A1	3	0.4073	0.2597
LMNA	CSNK1A1	3	0.2229	0.5841
ACTB	CSNK1A1	3	0.1990	0.6037
CTNNA1	CSNK1A1	3	0.0444	0.7439
MAPRE3	CSNK1A1	3	0.1032	0.6862
KRT8	CSNK1D	3	0.5936	0.1584
LMNA	CSNK1D	3	0.0191	0.7866
ACTB	CSNK1D	3	0.0586	0.7276
CTNNA1	CSNK1D	3	0.0009	0.8582
MAPRE3	CSNK1D	3	0.0123	0.8079
KRT8	IDH2	3	0.0060	0.8320
LMNA	IDH2	3	0.0440	0.7445
ACTB	IDH2	3	0.0255	0.7718
CTNNA1	IDH2	3	0.0068	0.8289
MAPRE3	IDH2	3	0.0015	0.8537
KRT8	PITPNB	3	0.0115	0.8103
LMNA	PITPNB	3	0.0177	0.7904
ACTB	PITPNB	3	0.0069	0.8283
CTNNA1	PITPNB	3	0.0163	0.7943
MAPRE3	PITPNB	3	0.0036	0.8424
LMNA	ADGRE5	3	0.3333	0.4115
MAPRE3	ADGRE5	3	0.3333	0.4115
KRT8	POLD2	3	0.4077	0.2587
LMNA	POLD2	3	0.2178	0.5884
ACTB	POLD2	3	0.0190	0.7868
CTNNA1	POLD2	3	0.0053	0.8350
MAPRE3	POLD2	3	0.0060	0.8320
KRT8	PXN	3	0.2233	0.5837
LMNA	PXN	3	0.0973	0.6915
ACTB	PXN	3	0.2786	0.5321
CTNNA1	PXN	3	0.0884	0.6995
MAPRE3	PXN	3	0.1207	0.6713
LMNA	CAMLG	3	0.9999	0.0000
LMNA	NR2C2	3	0.0043	0.8392
KRT8	RPL34	3	0.0137	0.8027
LMNA	RPL34	3	0.0082	0.8230
ACTB	RPL34	3	0.0101	0.8155
MAPRE3	RPL34	3	0.0001	0.8682
KRT8	LMAN1	3	0.0424	0.7464
LMNA	LMAN1	3	0.5098	0.1839
KRT8	NASP	3	0.1094	0.6812
LMNA	NASP	3	0.2268	0.5806
ACTB	NASP	3	0.0671	0.7197
CTNNA1	NASP	3	0.0244	0.7741
MAPRE3	NASP	3	0.0443	0.7441
KRT8	FASN	3	0.2782	0.5325
LMNA	FASN	3	0.0733	0.7141
ACTB	FASN	3	0.2335	0.5754
CTNNA1	FASN	3	0.0327	0.7595
MAPRE3	FASN	3	0.0846	0.7026
LMNA	FNTB	3	0.1434	0.6510
CTNNA1	FNTB	3	0.0435	0.7451
MAPRE3	FNTB	3	0.0127	0.8065
KRT8	DHPS	3	0.6238	0.1538
KRT8	CCT3	3	0.1353	0.6584
LMNA	CCT3	3	0.0690	0.7178
ACTB	CCT3	3	0.1687	0.6290
CTNNA1	CCT3	3	0.0135	0.8037
MAPRE3	CCT3	3	0.0299	0.7642
KRT8	MRPL19	3	1.0000	0.0000
LMNA	MRPL19	3	0.3333	0.4115
KRT8	TUFM	3	0.1057	0.6841
LMNA	TUFM	3	0.0368	0.7533
ACTB	TUFM	3	0.1032	0.6862
CTNNA1	TUFM	3	0.0099	0.8164
MAPRE3	TUFM	3	0.0116	0.8099
KRT8	ALDH7A1	3	0.0457	0.7424
LMNA	ALDH7A1	3	0.0125	0.8071
ACTB	ALDH7A1	3	0.0986	0.6900
CTNNA1	ALDH7A1	3	0.0077	0.8250
MAPRE3	ALDH7A1	3	0.0043	0.8392
KRT8	INPP1	3	0.3333	0.4115
LMNA	INPP1	3	0.6667	0.0696
ACTB	INPP1	3	0.3333	0.4115
KRT8	CENPF	3	0.0954	0.6932
LMNA	CENPF	3	0.0078	0.8246
ACTB	CENPF	3	0.0024	0.8483
CTNNA1	CENPF	3	0.0004	0.8632
MAPRE3	CENPF	3	0.0008	0.8590
KRT8	SRP9	3	0.0148	0.7989
LMNA	UBE2A	3	0.0372	0.7529
ACTB	UBE2A	3	0.0542	0.7327
CTNNA1	UBE2A	3	0.0542	0.7327
KRT8	PCYT1A	3	0.1328	0.6607
LMNA	PCYT1A	3	0.3520	0.3590
ACTB	PCYT1A	3	0.1363	0.6574
CTNNA1	PCYT1A	3	0.0580	0.7284
MAPRE3	PCYT1A	3	0.0248	0.7731
KRT8	AARS1	3	0.1642	0.6323
LMNA	AARS1	3	0.0020	0.8508
ACTB	AARS1	3	0.2241	0.5827
CTNNA1	AARS1	3	0.0146	0.7997
MAPRE3	AARS1	3	0.0557	0.7308
KRT8	CARS1	3	0.1764	0.6225
LMNA	CARS1	3	0.0227	0.7776
ACTB	CARS1	3	0.1620	0.6348
CTNNA1	CARS1	3	0.0066	0.8297
MAPRE3	CARS1	3	0.0585	0.7278
KRT8	SARS1	3	0.2697	0.5414
LMNA	SARS1	3	0.0578	0.7287
ACTB	SARS1	3	0.2453	0.5653
CTNNA1	SARS1	3	0.0119	0.8091
MAPRE3	SARS1	3	0.1306	0.6626
LMNA	PRIM1	3	0.3118	0.4936
KRT8	PRIM2	3	0.0021	0.8502
LMNA	PRIM2	3	0.0046	0.8380
ACTB	PRIM2	3	0.0015	0.8537
MAPRE3	PRIM2	3	0.0000	0.8712
KRT8	CASP4	3	0.0050	0.8364
ACTB	CASP4	3	0.0039	0.8410
KRT8	CSNK1E	3	0.6667	0.0696
KRT8	PSMB2	3	0.2726	0.5377
LMNA	PSMB2	3	0.0030	0.8454
ACTB	PSMB2	3	0.1813	0.6174
MAPRE3	PSMB2	3	0.0044	0.8389
KRT8	MCM2	3	0.2015	0.6019
LMNA	MCM2	3	0.2183	0.5879
ACTB	MCM2	3	0.1435	0.6509
CTNNA1	MCM2	3	0.0128	0.8061
MAPRE3	MCM2	3	0.0304	0.7632
KRT8	ACADVL	3	0.0539	0.7330
LMNA	ACADVL	3	0.0101	0.8155
ACTB	ACADVL	3	0.0342	0.7575
CTNNA1	ACADVL	3	0.0354	0.7557
MAPRE3	ACADVL	3	0.0038	0.8415
KRT8	YLPM1	3	0.0001	0.8682
LMNA	YLPM1	3	0.0006	0.8612
ACTB	YLPM1	3	0.0002	0.8663
MAPRE3	YLPM1	3	0.0000	0.8712
KRT8	ACOT2	3	0.6768	0.0583
LMNA	ACOT2	3	0.1423	0.6520
ACTB	ACOT2	3	0.2600	0.5512
MAPRE3	ACOT2	3	0.1193	0.6724
KRT8	VPS41	3	0.3333	0.4115
KRT8	RBM25	3	0.0255	0.7718
LMNA	RBM25	3	0.2429	0.5676
ACTB	RBM25	3	0.0980	0.6905
CTNNA1	RBM25	3	0.0051	0.8359
MAPRE3	RBM25	3	0.1051	0.6848
KRT8	NUMB	3	0.2495	0.5611
LMNA	NUMB	3	0.0513	0.7357
ACTB	NUMB	3	0.2511	0.5594
CTNNA1	NUMB	3	0.0696	0.7174
MAPRE3	NUMB	3	0.0626	0.7242
LMNA	CLK2	3	1.0000	0.0000
KRT8	EIF2B2	3	0.0093	0.8186
LMNA	EIF2B2	3	0.0113	0.8111
ACTB	EIF2B2	3	0.0102	0.8152
KRT8	NUP153	3	0.1032	0.6862
LMNA	NUP153	3	0.4131	0.2507
ACTB	NUP153	3	0.1021	0.6871
CTNNA1	NUP153	3	0.0283	0.7669
MAPRE3	NUP153	3	0.0807	0.7070
KRT8	RANBP2	3	0.3621	0.3399
LMNA	RANBP2	3	0.2050	0.5994
ACTB	RANBP2	3	0.3080	0.4984
CTNNA1	RANBP2	3	0.1262	0.6665
MAPRE3	RANBP2	3	0.2251	0.5822
KRT8	TSC2	3	0.1917	0.6094
LMNA	TSC2	3	0.0091	0.8194
ACTB	TSC2	3	0.1085	0.6818
CTNNA1	TSC2	3	0.0080	0.8239
MAPRE3	TSC2	3	0.0408	0.7483
KRT8	NDUFV1	3	0.0163	0.7943
KRT8	GSK3A	3	0.0821	0.7055
LMNA	GSK3A	3	0.0002	0.8663
ACTB	GSK3A	3	0.0023	0.8489
KRT8	GSK3B	3	0.4602	0.2125
LMNA	GSK3B	3	0.0267	0.7698
ACTB	GSK3B	3	0.0602	0.7265
CTNNA1	GSK3B	3	0.0016	0.8531
MAPRE3	GSK3B	3	0.0132	0.8047
KRT8	TAF6	3	0.0012	0.8558
LMNA	TAF6	3	0.0901	0.6983
ACTB	TAF6	3	0.0207	0.7823
MAPRE3	TAF6	3	0.0046	0.8380
KRT8	NT5C2	3	0.0379	0.7520
LMNA	NT5C2	3	0.0049	0.8367
ACTB	NT5C2	3	0.0162	0.7946
MAPRE3	NT5C2	3	0.0021	0.8502
LMNA	SEPHS1	3	0.1720	0.6264
ACTB	CAMP	3	0.3333	0.4115
KRT8	GMPS	3	0.0570	0.7294
LMNA	GMPS	3	0.1114	0.6791
ACTB	GMPS	3	0.0439	0.7447
CTNNA1	GMPS	3	0.0058	0.8327
MAPRE3	GMPS	3	0.0058	0.8327
KRT8	LIG3	3	0.0004	0.8632
LMNA	LIG3	3	0.0048	0.8371
ACTB	LIG3	3	0.0015	0.8537
CTNNA1	LIG3	3	0.0000	0.8712
MAPRE3	LIG3	3	0.0000	0.8712
KRT8	LIG4	3	0.0000	0.8712
LMNA	LIG4	3	0.0032	0.8442
ACTB	LIG4	3	0.0002	0.8663
MAPRE3	LIG4	3	0.0000	0.8712
KRT8	MRE11	3	0.3669	0.3302
LMNA	MRE11	3	0.3101	0.4959
ACTB	MRE11	3	0.3448	0.3766
CTNNA1	MRE11	3	0.1539	0.6420
MAPRE3	MRE11	3	0.2965	0.5135
LMNA	IDH3A	3	0.1947	0.6071
ACTB	IDH3A	3	0.1411	0.6533
CTNNA1	IDH3A	3	0.0303	0.7635
MAPRE3	IDH3A	3	0.1496	0.6457
KRT8	PPOX	3	0.0102	0.8152
LMNA	PPOX	3	0.0031	0.8449
ACTB	PPOX	3	0.1058	0.6840
CTNNA1	PPOX	3	0.0083	0.8228
KRT8	GDI2	3	0.1806	0.6182
LMNA	GDI2	3	0.0663	0.7203
ACTB	GDI2	3	0.3345	0.4074
CTNNA1	GDI2	3	0.0201	0.7837
MAPRE3	GDI2	3	0.0413	0.7476
KRT8	EMD	3	0.1254	0.6672
LMNA	EMD	3	0.7510	0.0330
ACTB	EMD	3	0.1224	0.6694
CTNNA1	EMD	3	0.0726	0.7148
MAPRE3	EMD	3	0.0843	0.7031
KRT8	CPT1A	3	0.2179	0.5884
LMNA	CPT1A	3	0.1868	0.6127
ACTB	CPT1A	3	0.1807	0.6182
CTNNA1	CPT1A	3	0.0283	0.7669
MAPRE3	CPT1A	3	0.0654	0.7213
KRT8	SLC26A2	3	0.0108	0.8130
LMNA	SLC26A2	3	0.0853	0.7019
ACTB	SLC26A2	3	0.0018	0.8519
CTNNA1	SLC26A2	3	0.0001	0.8682
CTNNA1	SERPINB8	3	0.0015	0.8537
KRT8	SERPINH1	3	0.2669	0.5439
LMNA	SERPINH1	3	0.1704	0.6278
ACTB	SERPINH1	3	0.1726	0.6257
CTNNA1	SERPINH1	3	0.0143	0.8008
MAPRE3	SERPINH1	3	0.0313	0.7618
KRT8	ST13	3	0.2313	0.5770
LMNA	ST13	3	0.0375	0.7526
ACTB	ST13	3	0.1365	0.6570
CTNNA1	ST13	3	0.0240	0.7750
MAPRE3	ST13	3	0.0201	0.7837
KRT8	PEX5	3	0.1191	0.6726
LMNA	PEX5	3	0.0010	0.8573
ACTB	PEX5	3	0.0146	0.7997
CTNNA1	PEX5	3	0.0007	0.8600
MAPRE3	PEX5	3	0.0037	0.8419
KRT8	ERF	3	0.0110	0.8122
KRT8	VASP	3	0.1609	0.6357
LMNA	VASP	3	0.0808	0.7069
ACTB	VASP	3	0.4565	0.2141
CTNNA1	VASP	3	0.0383	0.7514
MAPRE3	VASP	3	0.0533	0.7336
KRT8	DNM2	3	0.3292	0.4709
LMNA	DNM2	3	0.0038	0.8415
ACTB	DNM2	3	0.1225	0.6693
CTNNA1	DNM2	3	0.0009	0.8582
MAPRE3	DNM2	3	0.0045	0.8384
ACTB	METAP2	3	0.3913	0.2800
LMNA	CDK7	3	0.1904	0.6105
ACTB	CDK7	3	0.0004	0.8632
KRT8	TOB1	3	0.0128	0.8061
ACTB	TOB1	3	0.0042	0.8397
MAPRE3	TOB1	3	0.0002	0.8663
KRT8	HLCS	3	0.3389	0.3957
LMNA	HLCS	3	0.0923	0.6960
ACTB	HLCS	3	0.2256	0.5820
CTNNA1	HLCS	3	0.0420	0.7469
MAPRE3	HLCS	3	0.1527	0.6432
KRT8	KNTC1	3	0.3626	0.3382
LMNA	KNTC1	3	0.0102	0.8152
ACTB	KNTC1	3	0.0174	0.7910
CTNNA1	KNTC1	3	0.0045	0.8384
MAPRE3	KNTC1	3	0.0084	0.8224
LMNA	CDK9	3	0.1042	0.6855
KRT8	LRBA	3	0.0424	0.7464
LMNA	LRBA	3	0.0005	0.8621
ACTB	LRBA	3	0.0075	0.8257
CTNNA1	LRBA	3	0.0001	0.8682
MAPRE3	LRBA	3	0.0006	0.8612
KRT8	RPL14	3	0.0849	0.7024
LMNA	RPL14	3	0.0399	0.7495
ACTB	RPL14	3	0.0920	0.6963
CTNNA1	RPL14	3	0.0166	0.7933
MAPRE3	RPL14	3	0.0231	0.7770
KRT8	CCT8	3	0.2487	0.5620
LMNA	CCT8	3	0.1539	0.6420
ACTB	CCT8	3	0.3240	0.4782
CTNNA1	CCT8	3	0.0933	0.6952
MAPRE3	CCT8	3	0.1404	0.6539
KRT8	CCT4	3	0.1711	0.6273
LMNA	CCT4	3	0.0502	0.7372
ACTB	CCT4	3	0.1641	0.6324
CTNNA1	CCT4	3	0.0093	0.8186
MAPRE3	CCT4	3	0.0101	0.8155
KRT8	ANXA11	3	0.0045	0.8384
LMNA	ANXA11	3	0.0002	0.8663
ACTB	ANXA11	3	0.0067	0.8294
CTNNA1	ANXA11	3	0.0068	0.8289
MAPRE3	ANXA11	3	0.0000	0.8712
KRT8	PAPOLA	3	0.0045	0.8384
LMNA	PAPOLA	3	0.0465	0.7415
ACTB	PAPOLA	3	0.0031	0.8449
CTNNA1	PAPOLA	3	0.0000	0.8712
MAPRE3	PAPOLA	3	0.0004	0.8632
KRT8	FXR1	3	0.1448	0.6496
LMNA	FXR1	3	0.0104	0.8144
ACTB	FXR1	3	0.1846	0.6148
CTNNA1	FXR1	3	0.0799	0.7080
MAPRE3	FXR1	3	0.1510	0.6446
KRT8	FXR2	3	0.2861	0.5246
ACTB	FXR2	3	0.0221	0.7787
MAPRE3	FXR2	3	0.0015	0.8537
KRT8	RAB5C	3	0.0307	0.7626
LMNA	RAB5C	3	0.0248	0.7731
ACTB	RAB5C	3	0.0061	0.8316
CTNNA1	RAB5C	3	0.0119	0.8091
MAPRE3	RAB5C	3	0.0071	0.8274
KRT8	RAB7A	3	0.0054	0.8345
LMNA	RAB7A	3	0.6734	0.0617
ACTB	RAB7A	3	0.6579	0.1449
CTNNA1	RAB7A	3	0.0201	0.7837
MAPRE3	RAB7A	3	0.0772	0.7103
KRT8	RAB13	3	0.1811	0.6177
LMNA	RAB13	3	0.2510	0.5595
ACTB	RAB13	3	0.2260	0.5816
CTNNA1	RAB13	3	0.0857	0.7015
MAPRE3	RAB13	3	0.0612	0.7255
LMNA	RAB27A	3	1.0000	0.0000
KRT8	DAP3	3	0.0636	0.7230
LMNA	DAP3	3	0.0067	0.8294
ACTB	DAP3	3	0.0235	0.7762
CTNNA1	DAP3	3	0.0149	0.7987
MAPRE3	DAP3	3	0.0051	0.8359
KRT8	DUSP3	3	0.0108	0.8130
ACTB	DUSP3	3	0.0042	0.8397
MAPRE3	DUSP3	3	0.0002	0.8663
KRT8	SMARCA2	3	0.0000	0.8712
LMNA	SMARCA2	3	0.0000	0.8712
ACTB	SMARCA2	3	0.0000	0.8712
MAPRE3	SMARCA2	3	0.0000	0.8712
KRT8	SMARCA4	3	0.2452	0.5656
LMNA	SMARCA4	3	0.2678	0.5430
ACTB	SMARCA4	3	0.2652	0.5458
CTNNA1	SMARCA4	3	0.0591	0.7272
MAPRE3	SMARCA4	3	0.1527	0.6432
KRT8	GALK1	3	0.0048	0.8371
ACTB	GALK1	3	0.0011	0.8566
KRT8	SSR4	3	0.1430	0.6513
LMNA	SSR4	3	0.0683	0.7182
ACTB	SSR4	3	0.0537	0.7333
CTNNA1	SSR4	3	0.0140	0.8018
MAPRE3	SSR4	3	0.0066	0.8297
KRT8	BCAP31	3	0.0078	0.8246
LMNA	BCAP31	3	0.0045	0.8384
ACTB	BCAP31	3	0.0106	0.8138
MAPRE3	BCAP31	3	0.0000	0.8712
KRT8	BRCA2	3	0.0089	0.8203
LMNA	BRCA2	3	0.0174	0.7910
ACTB	BRCA2	3	0.0094	0.8181
CTNNA1	BRCA2	3	0.0001	0.8682
MAPRE3	BRCA2	3	0.0022	0.8496
LMNA	MECP2	3	0.0131	0.8051
MAPRE3	MECP2	3	0.0000	0.8712
KRT8	HCFC1	3	0.2308	0.5774
LMNA	HCFC1	3	0.2908	0.5199
ACTB	HCFC1	3	0.2450	0.5660
CTNNA1	HCFC1	3	0.0458	0.7422
MAPRE3	HCFC1	3	0.2460	0.5645
KRT8	IRAK1	3	0.4094	0.2552
ACTB	IRAK1	3	0.0298	0.7643
MAPRE3	IRAK1	3	0.0046	0.8380
KRT8	ALDH3A2	3	0.3134	0.4915
LMNA	ALDH3A2	3	0.3205	0.4823
ACTB	ALDH3A2	3	0.3271	0.4739
MAPRE3	ALDH3A2	3	0.0948	0.6939
KRT8	HSD17B4	3	0.4041	0.2637
LMNA	HSD17B4	3	0.1008	0.6882
ACTB	HSD17B4	3	0.2473	0.5633
CTNNA1	HSD17B4	3	0.0409	0.7482
MAPRE3	HSD17B4	3	0.0580	0.7284
KRT8	PSMD7	3	0.0093	0.8186
LMNA	PSMD7	3	0.0825	0.7050
ACTB	PSMD7	3	0.0037	0.8419
CTNNA1	PSMD7	3	0.0138	0.8025
KRT8	UBE2D1;UBE2D4	3	0.6667	0.0696
LMNA	UBE2D1;UBE2D4	3	0.3333	0.4115
KRT8	STAT5B	3	0.2130	0.5923
LMNA	STAT5B	3	0.0799	0.7080
ACTB	STAT5B	3	0.1332	0.6602
CTNNA1	STAT5B	3	0.0135	0.8037
MAPRE3	STAT5B	3	0.0235	0.7762
KRT8	USP11	3	0.0525	0.7345
LMNA	USP11	3	0.0124	0.8074
ACTB	USP11	3	0.0100	0.8159
MAPRE3	USP11	3	0.0000	0.8712
LMNA	CLCN7	3	0.6667	0.0696
KRT8	VAMP7	3	0.1263	0.6664
LMNA	VAMP7	3	0.0818	0.7060
ACTB	VAMP7	3	0.2771	0.5334
CTNNA1	VAMP7	3	0.0192	0.7864
MAPRE3	VAMP7	3	0.0095	0.8177
KRT8	RPS6KA3	3	0.0048	0.8371
LMNA	RPS6KA3	3	0.0068	0.8289
ACTB	RPS6KA3	3	0.0043	0.8392
CTNNA1	RPS6KA3	3	0.0000	0.8712
MAPRE3	RPS6KA3	3	0.0133	0.8044
LMNA	AFF1	3	0.0022	0.8496
ACTB	AFF1	3	0.0000	0.8712
MAPRE3	AFF1	3	0.0000	0.8712
KRT8	HDGF	3	0.0053	0.8350
LMNA	HDGF	3	0.6777	0.0571
ACTB	HDGF	3	0.0053	0.8350
CTNNA1	HDGF	3	0.0057	0.8332
MAPRE3	HDGF	3	0.0067	0.8294
ACTB	CNN1	3	0.3333	0.4115
LMNA	MNAT1	3	0.0436	0.7450
KRT8	NEK4	3	0.0937	0.6948
ACTB	NEK4	3	0.0232	0.7767
MAPRE3	NEK4	3	0.0070	0.8278
KRT8	UBE2E1;UBE2E2;UBE2E3	3	0.2022	0.6014
LMNA	UBE2E1;UBE2E2;UBE2E3	3	0.2357	0.5732
ACTB	UBE2E1;UBE2E2;UBE2E3	3	0.0348	0.7566
CTNNA1	UBE2E1;UBE2E2;UBE2E3	3	0.0068	0.8289
MAPRE3	UBE2E1;UBE2E2;UBE2E3	3	0.0154	0.7970
KRT8	HNRNPA3	3	0.0120	0.8088
LMNA	HNRNPA3	3	0.1346	0.6592
ACTB	HNRNPA3	3	0.0218	0.7795
CTNNA1	HNRNPA3	3	0.0098	0.8168
MAPRE3	HNRNPA3	3	0.0126	0.8068
KRT8	PGD	3	0.2440	0.5665
LMNA	PGD	3	0.0790	0.7086
ACTB	PGD	3	0.2745	0.5361
CTNNA1	PGD	3	0.0041	0.8402
MAPRE3	PGD	3	0.0354	0.7557
KRT8	HNRNPM	3	0.1947	0.6071
LMNA	HNRNPM	3	0.3210	0.4815
ACTB	HNRNPM	3	0.1626	0.6341
CTNNA1	HNRNPM	3	0.0348	0.7566
MAPRE3	HNRNPM	3	0.1488	0.6461
KRT8	KPNA2	3	0.3117	0.4939
LMNA	KPNA2	3	0.3030	0.5051
ACTB	KPNA2	3	0.2336	0.5753
CTNNA1	KPNA2	3	0.0501	0.7372
MAPRE3	KPNA2	3	0.0967	0.6920
KRT8	KPNA1	3	0.0290	0.7658
LMNA	KPNA1	3	0.3685	0.3257
ACTB	KPNA1	3	0.0186	0.7879
CTNNA1	KPNA1	3	0.0013	0.8550
MAPRE3	KPNA1	3	0.0031	0.8449
KRT8	NCBP2	3	0.1721	0.6262
LMNA	NCBP2	3	0.3161	0.4875
ACTB	NCBP2	3	0.1558	0.6400
CTNNA1	NCBP2	3	0.0348	0.7566
MAPRE3	NCBP2	3	0.0713	0.7161
KRT8	RAP1GDS1	3	0.0096	0.8174
LMNA	RAP1GDS1	3	0.0052	0.8354
ACTB	RAP1GDS1	3	0.0011	0.8566
LMNA	DGKE	3	1.0000	0.0000
KRT8	POLR2H	3	0.3272	0.4735
LMNA	POLR2H	3	0.0996	0.6893
ACTB	POLR2H	3	0.0039	0.8410
LMNA	MAP2K6	3	0.2801	0.5298
ACTB	MAP2K6	3	0.0119	0.8091
CTNNA1	MAP2K6	3	0.0015	0.8537
KRT8	ARHGDIA	3	0.0273	0.7686
ACTB	ARHGDIA	3	0.0593	0.7269
CTNNA1	ARHGDIA	3	0.0000	0.8712
MAPRE3	ARHGDIA	3	0.0012	0.8558
KRT8	AGFG1	3	0.3621	0.3399
LMNA	AGFG1	3	0.2947	0.5155
ACTB	AGFG1	3	0.3571	0.3482
CTNNA1	AGFG1	3	0.1178	0.6735
MAPRE3	AGFG1	3	0.2812	0.5287
KRT8	HNRNPF	3	0.1414	0.6529
LMNA	HNRNPF	3	0.2708	0.5400
ACTB	HNRNPF	3	0.1047	0.6853
CTNNA1	HNRNPF	3	0.0348	0.7566
MAPRE3	HNRNPF	3	0.0411	0.7478
KRT8	STAT2	3	0.0614	0.7254
LMNA	STAT2	3	0.0005	0.8621
ACTB	STAT2	3	0.0135	0.8037
CTNNA1	STAT2	3	0.0005	0.8621
MAPRE3	STAT2	3	0.0051	0.8359
KRT8	GTF2A1	3	0.0019	0.8514
LMNA	GTF2A1	3	0.1863	0.6132
ACTB	GTF2A1	3	0.0017	0.8526
MAPRE3	GTF2A1	3	0.0001	0.8682
KRT8	MSH6	3	0.2303	0.5780
LMNA	MSH6	3	0.2818	0.5283
ACTB	MSH6	3	0.1557	0.6401
CTNNA1	MSH6	3	0.0202	0.7835
MAPRE3	MSH6	3	0.1034	0.6860
KRT8	KIF11	3	0.3501	0.3635
LMNA	KIF11	3	0.1504	0.6451
ACTB	KIF11	3	0.3225	0.4804
CTNNA1	KIF11	3	0.1368	0.6567
MAPRE3	KIF11	3	0.3141	0.4905
KRT8	VAV2	3	0.0376	0.7525
ACTB	VAV2	3	0.0451	0.7431
MAPRE3	VAV2	3	0.0011	0.8566
LMNA	ZNF136	3	0.3878	0.2853
LMNA	ZNF143	3	0.6667	0.0696
KRT8	RBM5	3	0.0013	0.8550
LMNA	RBM5	3	0.0348	0.7566
ACTB	RBM5	3	0.0009	0.8582
CTNNA1	RBM5	3	0.0000	0.8712
MAPRE3	RBM5	3	0.0004	0.8632
KRT8	HK2	3	0.0172	0.7916
LMNA	HK2	3	0.0058	0.8327
ACTB	HK2	3	0.0212	0.7811
CTNNA1	HK2	3	0.0082	0.8230
MAPRE3	HK2	3	0.0093	0.8186
CTNNA1	EFNB2	3	0.3333	0.4115
KRT8	THOP1	3	0.0199	0.7843
LMNA	THOP1	3	0.0135	0.8037
ACTB	THOP1	3	0.0363	0.7542
CTNNA1	THOP1	3	0.0190	0.7868
MAPRE3	THOP1	3	0.0028	0.8464
KRT8	AKR1C2	3	0.0589	0.7274
LMNA	AKR1C2	3	0.0322	0.7603
ACTB	AKR1C2	3	0.0929	0.6956
CTNNA1	AKR1C2	3	0.0139	0.8022
MAPRE3	AKR1C2	3	0.0091	0.8194
KRT8	CAPZA1	3	0.2895	0.5215
LMNA	CAPZA1	3	0.1045	0.6854
ACTB	CAPZA1	3	0.2073	0.5978
CTNNA1	CAPZA1	3	0.0174	0.7910
MAPRE3	CAPZA1	3	0.0220	0.7790
KRT8	CRIP2	3	0.1842	0.6152
LMNA	CRIP2	3	0.0027	0.8469
ACTB	CRIP2	3	0.2958	0.5141
MAPRE3	CRIP2	3	0.0040	0.8407
KRT8	NUP98	3	0.2576	0.5532
LMNA	NUP98	3	0.3625	0.3385
ACTB	NUP98	3	0.2177	0.5885
CTNNA1	NUP98	3	0.0867	0.7008
MAPRE3	NUP98	3	0.1507	0.6450
KRT8	BLVRA	3	0.2638	0.5473
LMNA	BLVRA	3	0.2125	0.5928
ACTB	BLVRA	3	0.1348	0.6590
CTNNA1	BLVRA	3	0.0241	0.7748
MAPRE3	BLVRA	3	0.0365	0.7539
KRT8	SLC25A1	3	0.2977	0.5122
LMNA	SLC25A1	3	0.1245	0.6678
ACTB	SLC25A1	3	0.3315	0.4668
CTNNA1	SLC25A1	3	0.0294	0.7652
MAPRE3	SLC25A1	3	0.0325	0.7598
KRT8	PPP5C	3	0.0132	0.8047
LMNA	PPP5C	3	0.0840	0.7035
ACTB	PPP5C	3	0.0089	0.8203
CTNNA1	PPP5C	3	0.0140	0.8018
MAPRE3	PPP5C	3	0.0030	0.8454
KRT8	PLK1	3	0.0628	0.7241
LMNA	PLK1	3	0.0100	0.8159
ACTB	PLK1	3	0.0107	0.8132
CTNNA1	PLK1	3	0.0001	0.8682
MAPRE3	PLK1	3	0.0135	0.8037
KRT8	DAPK1	3	0.0134	0.8040
ACTB	DAPK1	3	1.0000	0.0000
KRT8	ARFIP2	3	0.0098	0.8168
LMNA	ARFIP2	3	0.0039	0.8410
ACTB	ARFIP2	3	0.0112	0.8115
CTNNA1	ARFIP2	3	0.0000	0.8712
MAPRE3	ARFIP2	3	0.0021	0.8502
KRT8	ARFIP1	3	0.3770	0.3087
LMNA	ARFIP1	3	0.1013	0.6876
ACTB	ARFIP1	3	0.3842	0.2932
MAPRE3	ARFIP1	3	0.1893	0.6113
KRT8	ACLY	3	0.2058	0.5987
LMNA	ACLY	3	0.0763	0.7112
ACTB	ACLY	3	0.1455	0.6488
CTNNA1	ACLY	3	0.0156	0.7963
MAPRE3	ACLY	3	0.0386	0.7510
LMNA	SUCLG1	3	0.0000	0.8712
CTNNA1	MVD	3	0.0078	0.8246
KRT8	RABGGTB	3	0.0915	0.6969
LMNA	RABGGTB	3	0.3575	0.3475
ACTB	RABGGTB	3	0.0373	0.7528
CTNNA1	RABGGTB	3	0.0097	0.8172
MAPRE3	RABGGTB	3	0.0255	0.7718
KRT8	COPB1	3	0.6121	0.1551
LMNA	COPB1	3	0.2124	0.5929
ACTB	COPB1	3	0.0405	0.7487
CTNNA1	COPB1	3	0.0135	0.8037
MAPRE3	COPB1	3	0.0181	0.7892
KRT8	COPA	3	0.3710	0.3213
LMNA	COPA	3	0.2149	0.5906
ACTB	COPA	3	0.2998	0.5092
CTNNA1	COPA	3	0.0802	0.7076
MAPRE3	COPA	3	0.2234	0.5836
KRT8	AP2S1	3	0.3292	0.4709
LMNA	AP2S1	3	0.0089	0.8203
ACTB	AP2S1	3	0.0420	0.7469
MAPRE3	AP2S1	3	0.0048	0.8371
KRT8	HCCS	3	0.0718	0.7156
LMNA	HCCS	3	0.0256	0.7717
ACTB	HCCS	3	0.1203	0.6716
CTNNA1	HCCS	3	0.0262	0.7708
MAPRE3	HCCS	3	0.0012	0.8558
KRT8	TTC3	3	0.4740	0.2024
ACTB	TTC3	3	0.0122	0.8082
MAPRE3	TTC3	3	0.0023	0.8489
KRT8	SMTN	3	0.2977	0.5122
LMNA	SMTN	3	0.6758	0.0600
ACTB	SMTN	3	0.4632	0.2090
KRT8	SLC16A1	3	0.4169	0.2450
LMNA	SLC16A1	3	0.2875	0.5238
ACTB	SLC16A1	3	0.3129	0.4920
CTNNA1	SLC16A1	3	0.0577	0.7287
MAPRE3	SLC16A1	3	0.1993	0.6034
KRT8	IST1	3	0.0251	0.7726
ACTB	IST1	3	0.0325	0.7598
MAPRE3	IST1	3	0.0011	0.8566
KRT8	SEC24C	3	0.0826	0.7049
LMNA	SEC24C	3	0.0763	0.7112
ACTB	SEC24C	3	0.0245	0.7739
CTNNA1	SEC24C	3	0.0119	0.8091
MAPRE3	SEC24C	3	0.0041	0.8402
KRT8	SUB1	3	0.1702	0.6281
LMNA	SUB1	3	0.3065	0.5011
ACTB	SUB1	3	0.1703	0.6280
CTNNA1	SUB1	3	0.0264	0.7703
MAPRE3	SUB1	3	0.0968	0.6919
KRT8	POLG	3	1.0000	0.0000
KRT8	CLNS1A	3	0.0816	0.7062
LMNA	CLNS1A	3	0.1778	0.6211
ACTB	CLNS1A	3	0.0362	0.7543
CTNNA1	CLNS1A	3	0.0158	0.7958
MAPRE3	CLNS1A	3	0.0070	0.8278
KRT8	BLM	3	0.0018	0.8519
LMNA	BLM	3	0.0380	0.7519
ACTB	BLM	3	0.0014	0.8544
CTNNA1	BLM	3	0.0000	0.8712
MAPRE3	BLM	3	0.0011	0.8566
KRT8	RARS1	3	0.1511	0.6446
LMNA	RARS1	3	0.1162	0.6752
ACTB	RARS1	3	0.2089	0.5962
CTNNA1	RARS1	3	0.0367	0.7535
MAPRE3	RARS1	3	0.0736	0.7138
KRT8	HIRA	3	0.0078	0.8246
LMNA	HIRA	3	0.0053	0.8350
LMNA	ATXN3	3	0.3333	0.4115
KRT8	ATXN1	3	0.0138	0.8025
LMNA	ATXN1	3	0.1438	0.6504
ACTB	ATXN1	3	0.0263	0.7706
MAPRE3	ATXN1	3	0.0006	0.8612
LMNA	ATN1	3	0.0047	0.8376
ACTB	ATN1	3	0.0001	0.8682
KRT8	PMS1	3	0.1451	0.6493
LMNA	PMS1	3	0.2936	0.5168
ACTB	PMS1	3	0.1623	0.6343
CTNNA1	PMS1	3	0.0297	0.7646
MAPRE3	PMS1	3	0.1179	0.6735
KRT8	PMS2	3	0.0013	0.8550
LMNA	PMS2	3	0.1005	0.6884
KRT8	YARS1	3	0.2718	0.5390
LMNA	YARS1	3	0.1459	0.6485
ACTB	YARS1	3	0.2461	0.5645
CTNNA1	YARS1	3	0.0205	0.7827
MAPRE3	YARS1	3	0.1202	0.6716
KRT8	USP14	3	0.2635	0.5479
LMNA	USP14	3	0.0985	0.6902
ACTB	USP14	3	0.2507	0.5598
CTNNA1	USP14	3	0.0406	0.7485
MAPRE3	USP14	3	0.0442	0.7442
KRT8	PRKAG1	3	0.1363	0.6574
LMNA	PRKAG1	3	0.0586	0.7276
ACTB	PRKAG1	3	0.0921	0.6961
MAPRE3	PRKAG1	3	0.0085	0.8220
KRT8	BCAT1	3	0.0823	0.7052
LMNA	BCAT1	3	0.0248	0.7731
ACTB	BCAT1	3	0.0101	0.8155
CTNNA1	BCAT1	3	0.0147	0.7993
MAPRE3	BCAT1	3	0.0073	0.8266
KRT8	RAD23B	3	0.0006	0.8612
ACTB	RAD23B	3	0.0009	0.8582
KRT8	AK2	3	0.0477	0.7401
LMNA	AK2	3	0.0435	0.7451
ACTB	AK2	3	0.0285	0.7667
CTNNA1	AK2	3	0.0265	0.7702
MAPRE3	AK2	3	0.0099	0.8164
KRT8	PRRX1	3	0.3333	0.4115
LMNA	PRRX1	3	0.3333	0.4115
KRT8	ALDH18A1	3	0.5069	0.1866
LMNA	ALDH18A1	3	0.2650	0.5461
ACTB	ALDH18A1	3	0.1190	0.6727
CTNNA1	ALDH18A1	3	0.0449	0.7433
MAPRE3	ALDH18A1	3	0.0816	0.7062
KRT8	NAPA	3	0.2400	0.5699
LMNA	NAPA	3	0.0927	0.6958
ACTB	NAPA	3	0.1559	0.6399
CTNNA1	NAPA	3	0.0194	0.7859
MAPRE3	NAPA	3	0.0314	0.7615
KRT8	EIF5	3	0.2680	0.5429
LMNA	EIF5	3	0.0348	0.7566
ACTB	EIF5	3	0.2740	0.5366
CTNNA1	EIF5	3	0.0604	0.7263
MAPRE3	EIF5	3	0.1498	0.6455
KRT8	SLC12A2	3	0.0016	0.8531
LMNA	SLC12A2	3	0.0001	0.8682
ACTB	SLC12A2	3	0.0061	0.8316
CTNNA1	SLC12A2	3	0.0000	0.8712
MAPRE3	SLC12A2	3	0.0000	0.8712
KRT8	PSMD4	3	0.2626	0.5488
LMNA	PSMD4	3	0.1721	0.6262
ACTB	PSMD4	3	0.2213	0.5858
CTNNA1	PSMD4	3	0.0487	0.7387
MAPRE3	PSMD4	3	0.0207	0.7823
KRT8	DRG2	3	0.3667	0.3307
LMNA	DRG2	3	0.1591	0.6373
ACTB	DRG2	3	0.2865	0.5244
CTNNA1	DRG2	3	0.0742	0.7130
MAPRE3	DRG2	3	0.1850	0.6144
ACTB	PLTP	3	0.3333	0.4115
KRT8	CSE1L	3	0.3129	0.4920
LMNA	CSE1L	3	0.2803	0.5295
ACTB	CSE1L	3	0.2112	0.5938
CTNNA1	CSE1L	3	0.0538	0.7331
MAPRE3	CSE1L	3	0.1010	0.6880
KRT8	VCP	3	0.0107	0.8132
LMNA	VCP	3	0.0076	0.8253
ACTB	VCP	3	0.0563	0.7302
CTNNA1	VCP	3	0.0003	0.8647
MAPRE3	VCP	3	0.0020	0.8508
LMNA	MFAP1	3	0.1929	0.6085
ACTB	MFAP1	3	0.0004	0.8632
MAPRE3	MFAP1	3	0.0026	0.8473
KRT8	HADHB	3	0.1217	0.6702
LMNA	HADHB	3	0.0099	0.8164
ACTB	HADHB	3	0.0111	0.8119
CTNNA1	HADHB	3	0.0336	0.7583
MAPRE3	HADHB	3	0.0077	0.8250
KRT8	AFDN	3	0.2099	0.5952
LMNA	AFDN	3	0.0246	0.7737
ACTB	AFDN	3	0.3232	0.4790
CTNNA1	AFDN	3	0.2493	0.5614
MAPRE3	AFDN	3	0.0494	0.7380
LMNA	MLLT6	3	0.0039	0.8410
LMNA	ELL	3	0.0109	0.8127
KRT8	NAP1L1	3	0.3916	0.2794
LMNA	NAP1L1	3	0.0787	0.7088
ACTB	NAP1L1	3	0.2703	0.5408
CTNNA1	NAP1L1	3	0.1525	0.6434
MAPRE3	NAP1L1	3	0.1584	0.6381
LMNA	CASP6	3	0.0134	0.8040
ACTB	CASP6	3	0.2916	0.5192
CTNNA1	CASP6	3	0.0048	0.8371
KRT8	ADAR	3	0.1379	0.6558
LMNA	ADAR	3	0.1349	0.6588
ACTB	ADAR	3	0.0713	0.7161
CTNNA1	ADAR	3	0.0144	0.8004
MAPRE3	ADAR	3	0.0764	0.7111
KRT8	TPD52	3	0.0130	0.8054
LMNA	TPD52	3	0.0020	0.8508
ACTB	TPD52	3	0.0192	0.7864
CTNNA1	TPD52	3	0.0001	0.8682
MAPRE3	TPD52	3	0.0021	0.8502
KRT8	SEC13	3	0.0394	0.7501
ACTB	SEC13	3	0.0008	0.8590
KRT8	SNU13	3	0.0946	0.6940
LMNA	SNU13	3	0.0643	0.7222
ACTB	SNU13	3	0.0543	0.7326
CTNNA1	SNU13	3	0.0297	0.7646
MAPRE3	SNU13	3	0.0084	0.8224
KRT8	NPEPPS	3	0.2931	0.5173
LMNA	NPEPPS	3	0.0586	0.7276
ACTB	NPEPPS	3	0.1412	0.6531
CTNNA1	NPEPPS	3	0.0116	0.8099
MAPRE3	NPEPPS	3	0.0359	0.7549
ACTB	GFER	3	0.0539	0.7330
CTNNA1	GFER	3	0.0161	0.7948
KRT8	HNRNPH2	3	0.1901	0.6108
LMNA	HNRNPH2	3	0.1874	0.6122
ACTB	HNRNPH2	3	0.1773	0.6217
CTNNA1	HNRNPH2	3	0.0161	0.7948
MAPRE3	HNRNPH2	3	0.0388	0.7508
KRT8	OXCT1	3	0.1669	0.6302
LMNA	OXCT1	3	0.0070	0.8278
ACTB	OXCT1	3	0.2012	0.6022
CTNNA1	OXCT1	3	0.0344	0.7572
KRT8	EIF3B	3	0.3420	0.3859
LMNA	EIF3B	3	0.1784	0.6205
ACTB	EIF3B	3	0.3012	0.5075
CTNNA1	EIF3B	3	0.0917	0.6967
MAPRE3	EIF3B	3	0.2234	0.5836
ACTB	BID	3	0.0037	0.8419
CTNNA1	BID	3	0.0314	0.7615
KRT8	ATP5MF	3	0.0561	0.7304
LMNA	ATP5MF	3	0.0204	0.7829
ACTB	ATP5MF	3	0.0290	0.7658
CTNNA1	ATP5MF	3	0.0155	0.7966
MAPRE3	ATP5MF	3	0.0064	0.8304
LMNA	DLX1	3	0.0093	0.8186
LMNA	RRP1	3	0.1291	0.6637
ACTB	RRP1	3	0.0357	0.7553
CTNNA1	RRP1	3	0.0180	0.7895
KRT8	MARS1	3	0.2450	0.5660
LMNA	MARS1	3	0.0773	0.7102
ACTB	MARS1	3	0.2315	0.5769
CTNNA1	MARS1	3	0.0322	0.7603
MAPRE3	MARS1	3	0.0390	0.7505
CTNNA1	ARPP19	3	0.3333	0.4115
KRT8	HDAC4	3	0.3528	0.3571
LMNA	HDAC4	3	0.0114	0.8107
ACTB	HDAC4	3	0.0110	0.8122
KRT8	EIF6	3	0.0221	0.7787
LMNA	EIF6	3	0.0107	0.8132
ACTB	EIF6	3	0.0224	0.7783
CTNNA1	EIF6	3	0.0178	0.7901
MAPRE3	EIF6	3	0.0055	0.8342
KRT8	CTBP2	3	0.2491	0.5616
LMNA	CTBP2	3	0.2393	0.5705
ACTB	CTBP2	3	0.1391	0.6548
CTNNA1	CTBP2	3	0.0289	0.7660
MAPRE3	CTBP2	3	0.0423	0.7465
KRT8	PEX3	3	0.6667	0.0696
KRT8	HSD17B7	3	0.6667	0.0696
LMNA	HSD17B7	3	1.0000	0.0000
ACTB	HSD17B7	3	0.3220	0.4806
CTNNA1	HSD17B7	3	0.3333	0.4115
KRT8	BCAR1	3	0.0450	0.7432
LMNA	BCAR1	3	0.0009	0.8582
ACTB	BCAR1	3	0.0151	0.7980
CTNNA1	BCAR1	3	0.0004	0.8632
MAPRE3	BCAR1	3	0.0033	0.8438
KRT8	CFAP298	3	0.0117	0.8097
ACTB	CFAP298	3	0.0060	0.8320
KRT8	RIPK4	3	0.0536	0.7334
ACTB	RIPK4	3	0.0033	0.8438
MAPRE3	RIPK4	3	0.0000	0.8712
KRT8	WDR4	3	0.6035	0.1574
LMNA	WDR4	3	0.0220	0.7790
KRT8	TMEM33	3	0.3875	0.2856
LMNA	TMEM33	3	0.2557	0.5549
ACTB	TMEM33	3	0.2529	0.5577
CTNNA1	TMEM33	3	0.0605	0.7261
MAPRE3	TMEM33	3	0.1537	0.6422
KRT8	GEMIN4	3	0.3477	0.3674
LMNA	GEMIN4	3	0.3066	0.5008
ACTB	GEMIN4	3	0.3243	0.4776
CTNNA1	GEMIN4	3	0.0957	0.6929
MAPRE3	GEMIN4	3	0.2418	0.5682
KRT8	CORO7	3	0.0112	0.8115
LMNA	CORO7	3	0.0011	0.8566
ACTB	CORO7	3	0.0128	0.8061
CTNNA1	CORO7	3	0.0001	0.8682
MAPRE3	CORO7	3	0.0003	0.8647
KRT8	NUP107	3	0.3149	0.4893
LMNA	NUP107	3	0.4382	0.2281
ACTB	NUP107	3	0.2407	0.5693
CTNNA1	NUP107	3	0.0960	0.6926
MAPRE3	NUP107	3	0.1523	0.6435
KRT8	EEFSEC	3	0.0442	0.7442
KRT8	EPPK1	3	0.6431	0.1488
LMNA	EPPK1	3	0.1386	0.6553
ACTB	EPPK1	3	0.1644	0.6322
CTNNA1	EPPK1	3	0.0677	0.7189
MAPRE3	EPPK1	3	0.1053	0.6846
LMNA	ZNF121	3	1.0000	0.0000
KRT8	MTPN	3	0.0202	0.7835
LMNA	MTPN	3	0.0155	0.7966
ACTB	MTPN	3	0.0207	0.7823
CTNNA1	MTPN	3	0.0148	0.7989
MAPRE3	MTPN	3	0.0043	0.8392
KRT8	RAB15	3	0.0468	0.7411
LMNA	RAB15	3	0.0810	0.7068
ACTB	RAB15	3	0.0300	0.7640
CTNNA1	RAB15	3	0.0038	0.8415
MAPRE3	RAB15	3	0.0017	0.8526
ACTB	BPIFB4	3	0.3333	0.4115
KRT8	ARPC4	3	0.2311	0.5772
LMNA	ARPC4	3	0.1134	0.6773
ACTB	ARPC4	3	0.2105	0.5945
CTNNA1	ARPC4	3	0.0094	0.8181
MAPRE3	ARPC4	3	0.0844	0.7029
KRT8	SEC61G	3	0.2839	0.5266
LMNA	SEC61G	3	0.1741	0.6246
ACTB	SEC61G	3	0.2482	0.5625
CTNNA1	SEC61G	3	0.0407	0.7484
MAPRE3	SEC61G	3	0.0787	0.7088
LMNA	TPI1	3	0.3281	0.4725
ACTB	TPI1	3	0.0811	0.7066
CTNNA1	TPI1	3	0.0307	0.7626
MAPRE3	TPI1	3	0.0042	0.8397
KRT8	EIF3E	3	0.3150	0.4888
LMNA	EIF3E	3	0.1475	0.6474
ACTB	EIF3E	3	0.2678	0.5430
CTNNA1	EIF3E	3	0.0070	0.8278
MAPRE3	EIF3E	3	0.1105	0.6798
KRT8	SEC61B	3	0.1067	0.6831
LMNA	SEC61B	3	0.0628	0.7241
ACTB	SEC61B	3	0.0761	0.7114
CTNNA1	SEC61B	3	0.0181	0.7892
MAPRE3	SEC61B	3	0.0117	0.8097
KRT8	MYL6	3	0.1205	0.6715
LMNA	MYL6	3	0.0199	0.7843
ACTB	MYL6	3	0.2280	0.5797
CTNNA1	MYL6	3	0.0109	0.8127
MAPRE3	MYL6	3	0.0053	0.8350
KRT8	ACTB;ACTG1	3	0.0322	0.7603
LMNA	ACTB;ACTG1	3	0.0312	0.7619
ACTB	ACTB;ACTG1	3	1.0000	0.0000
CTNNA1	ACTB;ACTG1	3	0.0259	0.7713
MAPRE3	ACTB;ACTG1	3	0.0179	0.7898
KRT8	EIF4A1	3	0.2651	0.5459
LMNA	EIF4A1	3	0.1174	0.6742
ACTB	EIF4A1	3	0.1190	0.6727
CTNNA1	EIF4A1	3	0.0142	0.8012
MAPRE3	EIF4A1	3	0.0289	0.7660
KRT8	RPS20	3	0.0861	0.7012
LMNA	RPS20	3	0.0326	0.7596
ACTB	RPS20	3	0.0426	0.7461
CTNNA1	RPS20	3	0.0120	0.8088
MAPRE3	RPS20	3	0.0075	0.8257
KRT8	S100A10	3	0.1051	0.6848
LMNA	S100A10	3	0.0203	0.7832
ACTB	S100A10	3	0.1646	0.6320
MAPRE3	S100A10	3	0.0066	0.8297
KRT8	DSTN	3	0.0326	0.7596
LMNA	DSTN	3	0.0361	0.7545
ACTB	DSTN	3	0.0176	0.7907
CTNNA1	DSTN	3	0.0093	0.8186
MAPRE3	DSTN	3	0.0066	0.8297
KRT8	GMFB	3	0.1650	0.6317
LMNA	GMFB	3	0.1063	0.6835
ACTB	GMFB	3	0.1682	0.6295
CTNNA1	GMFB	3	0.0219	0.7793
MAPRE3	GMFB	3	0.0390	0.7505
LMNA	SPCS3	3	0.0004	0.8632
KRT8	SRP54	3	0.3523	0.3584
LMNA	SRP54	3	0.1622	0.6346
ACTB	SRP54	3	0.3612	0.3429
CTNNA1	SRP54	3	0.1852	0.6143
MAPRE3	SRP54	3	0.3054	0.5023
KRT8	RAB2A;RAB2B	3	0.0630	0.7238
LMNA	RAB2A;RAB2B	3	0.0251	0.7726
ACTB	RAB2A;RAB2B	3	0.1163	0.6750
CTNNA1	RAB2A;RAB2B	3	0.0578	0.7287
MAPRE3	RAB2A;RAB2B	3	0.0065	0.8300
KRT8	RAB10	3	0.0622	0.7245
LMNA	RAB10	3	0.0142	0.8012
ACTB	RAB10	3	0.0367	0.7535
CTNNA1	RAB10	3	0.0004	0.8632
MAPRE3	RAB10	3	0.0052	0.8354
KRT8	UBE2D2;UBE2D3	3	0.1390	0.6549
LMNA	UBE2D2;UBE2D3	3	0.1322	0.6615
ACTB	UBE2D2;UBE2D3	3	0.0589	0.7274
CTNNA1	UBE2D2;UBE2D3	3	0.0124	0.8074
MAPRE3	UBE2D2;UBE2D3	3	0.0281	0.7672
KRT8	UBE2M	3	0.1954	0.6063
LMNA	UBE2M	3	0.1327	0.6609
ACTB	UBE2M	3	0.1937	0.6081
CTNNA1	UBE2M	3	0.0158	0.7958
MAPRE3	UBE2M	3	0.0306	0.7628
KRT8	RAB14	3	0.0188	0.7873
LMNA	RAB14	3	0.0030	0.8454
ACTB	RAB14	3	0.0668	0.7200
CTNNA1	RAB14	3	0.0011	0.8566
MAPRE3	RAB14	3	0.0270	0.7692
KRT8	ACTR3	3	0.1138	0.6770
LMNA	ACTR3	3	0.0133	0.8044
ACTB	ACTR3	3	0.0970	0.6917
CTNNA1	ACTR3	3	0.0162	0.7946
MAPRE3	ACTR3	3	0.0046	0.8380
KRT8	ACTR2	3	0.0878	0.6999
LMNA	ACTR2	3	0.2265	0.5808
ACTB	ACTR2	3	0.0833	0.7040
CTNNA1	ACTR2	3	0.0160	0.7952
MAPRE3	ACTR2	3	0.0308	0.7624
KRT8	COPS2	3	0.0063	0.8308
LMNA	COPS2	3	0.0017	0.8526
ACTB	COPS2	3	0.0052	0.8354
CTNNA1	COPS2	3	0.0000	0.8712
KRT8	ARF1;ARF3	3	0.2649	0.5462
LMNA	ARF1;ARF3	3	0.2000	0.6031
ACTB	ARF1;ARF3	3	0.2899	0.5210
CTNNA1	ARF1;ARF3	3	0.0485	0.7390
MAPRE3	ARF1;ARF3	3	0.1040	0.6856
KRT8	ABCE1	3	0.1436	0.6507
ACTB	ABCE1	3	0.2618	0.5493
CTNNA1	ABCE1	3	0.0473	0.7406
MAPRE3	ABCE1	3	0.1068	0.6830
KRT8	RAP1A;RAP1B	3	0.1794	0.6194
LMNA	RAP1A;RAP1B	3	0.0546	0.7322
ACTB	RAP1A;RAP1B	3	0.2085	0.5967
CTNNA1	RAP1A;RAP1B	3	0.0433	0.7454
MAPRE3	RAP1A;RAP1B	3	0.0510	0.7362
KRT8	RAP2B	3	0.0158	0.7958
LMNA	RAP2B	3	0.0005	0.8621
ACTB	RAP2B	3	0.0112	0.8115
LMNA	MAX	3	0.0139	0.8022
KRT8	RPS3A	3	0.1067	0.6831
LMNA	RPS3A	3	0.0590	0.7273
ACTB	RPS3A	3	0.0896	0.6986
CTNNA1	RPS3A	3	0.0173	0.7914
MAPRE3	RPS3A	3	0.0160	0.7952
LMNA	RPL26;RPL26L1	3	0.0785	0.7091
CTNNA1	RPL26;RPL26L1	3	0.0226	0.7778
MAPRE3	RPL26;RPL26L1	3	0.0122	0.8082
KRT8	PSME3	3	0.0060	0.8320
LMNA	PSME3	3	0.0257	0.7716
ACTB	PSME3	3	0.0068	0.8289
CTNNA1	PSME3	3	0.0004	0.8632
MAPRE3	PSME3	3	0.0017	0.8526
KRT8	RPL15	3	0.4129	0.2514
LMNA	RPL15	3	0.1372	0.6564
ACTB	RPL15	3	0.1422	0.6522
CTNNA1	RPL15	3	0.0227	0.7776
MAPRE3	RPL15	3	0.0511	0.7360
KRT8	MAGOH	3	0.0072	0.8270
LMNA	MAGOH	3	0.3620	0.3406
ACTB	MAGOH	3	0.0034	0.8433
MAPRE3	MAGOH	3	0.0006	0.8612
KRT8	RPL27	3	0.0570	0.7294
LMNA	RPL27	3	0.0576	0.7289
ACTB	RPL27	3	0.0162	0.7946
CTNNA1	RPL27	3	0.0029	0.8459
MAPRE3	RPL27	3	0.0057	0.8332
KRT8	ATP6V0D1	3	0.3345	0.4074
LMNA	ATP6V0D1	3	0.0486	0.7389
CTNNA1	ATP6V0D1	3	0.0102	0.8152
KRT8	RPL37A	3	0.1096	0.6809
LMNA	RPL37A	3	0.0147	0.7993
ACTB	RPL37A	3	0.0722	0.7152
CTNNA1	RPL37A	3	0.0036	0.8424
MAPRE3	RPL37A	3	0.0110	0.8122
LMNA	RND3	3	0.3333	0.4115
KRT8	HSPE1	3	0.9971	0.0001
LMNA	HSPE1	3	0.7387	0.0383
ACTB	HSPE1	3	0.7026	0.0491
MAPRE3	HSPE1	3	0.0153	0.7974
KRT8	SEC61A1	3	0.1069	0.6830
LMNA	SEC61A1	3	0.1274	0.6652
ACTB	SEC61A1	3	0.0140	0.8018
CTNNA1	SEC61A1	3	0.0002	0.8663
MAPRE3	SEC61A1	3	0.0043	0.8392
KRT8	LYZ	3	0.0447	0.7436
ACTB	LYZ	3	0.3333	0.4115
CTNNA1	LYZ	3	0.0874	0.7003
MAPRE3	LYZ	3	0.3323	0.4651
KRT8	VBP1	3	0.2663	0.5446
LMNA	VBP1	3	0.0437	0.7448
ACTB	VBP1	3	0.2648	0.5463
CTNNA1	VBP1	3	0.0650	0.7217
MAPRE3	VBP1	3	0.0732	0.7142
KRT8	STXBP1	3	0.6634	0.1420
LMNA	STXBP1	3	0.2824	0.5276
ACTB	STXBP1	3	0.3503	0.3633
MAPRE3	STXBP1	3	0.0003	0.8647
KRT8	COPZ1	3	0.4476	0.2194
LMNA	COPZ1	3	0.3754	0.3128
ACTB	COPZ1	3	0.3635	0.3356
CTNNA1	COPZ1	3	0.2591	0.5520
MAPRE3	COPZ1	3	0.3760	0.3101
KRT8	UFM1	3	0.0306	0.7628
LMNA	UFM1	3	0.0166	0.7933
ACTB	UFM1	3	0.0462	0.7418
CTNNA1	UFM1	3	0.0184	0.7884
MAPRE3	UFM1	3	0.0064	0.8304
KRT8	DCAF7	3	0.0800	0.7079
LMNA	DCAF7	3	0.0145	0.8000
ACTB	DCAF7	3	0.1442	0.6502
CTNNA1	DCAF7	3	0.0438	0.7448
MAPRE3	DCAF7	3	0.0157	0.7961
KRT8	WDR5	3	0.0018	0.8519
LMNA	WDR5	3	0.0071	0.8274
ACTB	WDR5	3	0.0024	0.8483
MAPRE3	WDR5	3	0.0001	0.8682
KRT8	AP1S1	3	0.0042	0.8397
LMNA	AP1S1	3	0.2281	0.5794
KRT8	HNRNPK	3	0.1554	0.6404
LMNA	HNRNPK	3	0.2816	0.5283
ACTB	HNRNPK	3	0.1475	0.6474
CTNNA1	HNRNPK	3	0.0211	0.7813
MAPRE3	HNRNPK	3	0.0735	0.7139
KRT8	YWHAG	3	0.0072	0.8270
ACTB	YWHAG	3	0.0167	0.7929
KRT8	RPS7	3	0.0176	0.7907
LMNA	RPS7	3	0.0415	0.7474
ACTB	RPS7	3	0.0285	0.7667
CTNNA1	RPS7	3	0.0155	0.7966
MAPRE3	RPS7	3	0.0191	0.7866
KRT8	PPP1CA	3	0.0803	0.7075
LMNA	PPP1CA	3	0.0032	0.8442
ACTB	PPP1CA	3	0.0794	0.7083
MAPRE3	PPP1CA	3	0.0008	0.8590
KRT8	PPP1CB	3	0.2666	0.5443
LMNA	PPP1CB	3	0.2072	0.5979
ACTB	PPP1CB	3	0.3311	0.4674
CTNNA1	PPP1CB	3	0.0551	0.7316
MAPRE3	PPP1CB	3	0.1766	0.6223
KRT8	PSMC1	3	0.0344	0.7572
LMNA	PSMC1	3	0.3296	0.4701
ACTB	PSMC1	3	0.3420	0.3859
CTNNA1	PSMC1	3	0.0008	0.8590
MAPRE3	PSMC1	3	0.0052	0.8354
KRT8	PSMC5	3	0.3858	0.2896
LMNA	PSMC5	3	0.2646	0.5465
ACTB	PSMC5	3	0.3702	0.3236
CTNNA1	PSMC5	3	0.2139	0.5916
MAPRE3	PSMC5	3	0.3168	0.4864
KRT8	RPS8	3	0.4188	0.2432
LMNA	RPS8	3	0.1536	0.6423
ACTB	RPS8	3	0.1215	0.6705
CTNNA1	RPS8	3	0.0163	0.7943
MAPRE3	RPS8	3	0.0414	0.7475
KRT8	RPS15A	3	0.2880	0.5230
LMNA	RPS15A	3	0.1260	0.6668
ACTB	RPS15A	3	0.1779	0.6209
CTNNA1	RPS15A	3	0.0154	0.7970
MAPRE3	RPS15A	3	0.0605	0.7261
KRT8	RPS16	3	0.0530	0.7340
LMNA	RPS16	3	0.0271	0.7691
ACTB	RPS16	3	0.0205	0.7827
CTNNA1	RPS16	3	0.0115	0.8103
MAPRE3	RPS16	3	0.0044	0.8389
KRT8	UBE2H	3	0.0094	0.8181
LMNA	UBE2H	3	0.0368	0.7533
ACTB	UBE2H	3	0.0199	0.7843
CTNNA1	UBE2H	3	0.0085	0.8220
KRT8	YWHAE	3	0.1854	0.6142
LMNA	YWHAE	3	0.0485	0.7390
ACTB	YWHAE	3	0.2027	0.6009
CTNNA1	YWHAE	3	0.0114	0.8107
MAPRE3	YWHAE	3	0.0733	0.7141
KRT8	RPS14	3	0.1455	0.6488
LMNA	RPS14	3	0.0480	0.7398
ACTB	RPS14	3	0.0833	0.7040
CTNNA1	RPS14	3	0.0122	0.8082
MAPRE3	RPS14	3	0.0113	0.8111
KRT8	RPS23	3	0.3542	0.3545
LMNA	RPS23	3	0.2770	0.5335
ACTB	RPS23	3	0.2969	0.5130
CTNNA1	RPS23	3	0.0829	0.7045
MAPRE3	RPS23	3	0.1763	0.6227
KRT8	RPS18	3	0.0055	0.8342
ACTB	RPS18	3	0.0073	0.8266
MAPRE3	RPS18	3	0.0002	0.8663
MAPRE3	RPS13	3	0.0129	0.8057
KRT8	RPS11	3	0.3410	0.3897
LMNA	RPS11	3	0.1941	0.6078
ACTB	RPS11	3	0.2070	0.5980
CTNNA1	RPS11	3	0.0435	0.7451
MAPRE3	RPS11	3	0.0907	0.6976
KRT8	SNRPE	3	0.1757	0.6234
LMNA	SNRPE	3	0.3075	0.4993
ACTB	SNRPE	3	0.2470	0.5637
CTNNA1	SNRPE	3	0.0029	0.8459
MAPRE3	SNRPE	3	0.0726	0.7148
KRT8	SNRPF	3	0.0001	0.8682
LMNA	SNRPF	3	0.0013	0.8550
ACTB	SNRPF	3	0.0001	0.8682
MAPRE3	SNRPF	3	0.0000	0.8712
KRT8	SNRPD1	3	0.0164	0.7940
LMNA	SNRPD1	3	0.1876	0.6120
ACTB	SNRPD1	3	0.0357	0.7553
CTNNA1	SNRPD1	3	0.0128	0.8061
MAPRE3	SNRPD1	3	0.0350	0.7563
KRT8	SNRPD2	3	0.2200	0.5871
LMNA	SNRPD2	3	0.2493	0.5614
ACTB	SNRPD2	3	0.2410	0.5690
CTNNA1	SNRPD2	3	0.0289	0.7660
MAPRE3	SNRPD2	3	0.1613	0.6352
KRT8	SNRPD3	3	0.0882	0.6997
LMNA	SNRPD3	3	0.2441	0.5665
ACTB	SNRPD3	3	0.1732	0.6252
CTNNA1	SNRPD3	3	0.0070	0.8278
MAPRE3	SNRPD3	3	0.0302	0.7637
KRT8	ARF6	3	0.1682	0.6295
LMNA	ARF6	3	0.1130	0.6779
ACTB	ARF6	3	0.1193	0.6724
CTNNA1	ARF6	3	0.0100	0.8159
MAPRE3	ARF6	3	0.0166	0.7933
KRT8	PSMC6	3	0.0296	0.7648
LMNA	PSMC6	3	0.0029	0.8459
ACTB	PSMC6	3	0.0230	0.7771
CTNNA1	PSMC6	3	0.0001	0.8682
MAPRE3	PSMC6	3	0.0011	0.8566
KRT8	TBPL1	3	0.0057	0.8332
LMNA	TBPL1	3	0.0023	0.8489
KRT8	RPL7A	3	0.1979	0.6044
LMNA	RPL7A	3	0.0874	0.7003
ACTB	RPL7A	3	0.1552	0.6406
CTNNA1	RPL7A	3	0.0217	0.7797
MAPRE3	RPL7A	3	0.0458	0.7422
KRT8	POLR2G	3	0.6667	0.0696
KRT8	RAB11A;RAB11B	3	0.0174	0.7910
LMNA	RAB11A;RAB11B	3	0.2480	0.5627
ACTB	RAB11A;RAB11B	3	0.0723	0.7151
CTNNA1	RAB11A;RAB11B	3	0.0529	0.7342
MAPRE3	RAB11A;RAB11B	3	0.0177	0.7904
KRT8	ETF1	3	0.3130	0.4918
LMNA	ETF1	3	0.0926	0.6959
ACTB	ETF1	3	0.2941	0.5161
CTNNA1	ETF1	3	0.0605	0.7261
MAPRE3	ETF1	3	0.1532	0.6428
KRT8	RPS4X	3	0.2546	0.5556
LMNA	RPS4X	3	0.1482	0.6466
ACTB	RPS4X	3	0.1238	0.6684
CTNNA1	RPS4X	3	0.0196	0.7852
MAPRE3	RPS4X	3	0.0247	0.7735
KRT8	PPP2CA;PPP2CB	3	0.1118	0.6788
LMNA	PPP2CA;PPP2CB	3	0.0142	0.8012
ACTB	PPP2CA;PPP2CB	3	0.0248	0.7731
CTNNA1	PPP2CA;PPP2CB	3	0.0141	0.8015
MAPRE3	PPP2CA;PPP2CB	3	0.0050	0.8364
KRT8	RPL23A	3	0.0136	0.8031
LMNA	RPL23A	3	0.0260	0.7711
ACTB	RPL23A	3	0.0087	0.8211
CTNNA1	RPL23A	3	0.0127	0.8065
MAPRE3	RPL23A	3	0.0162	0.7946
KRT8	RPS6	3	0.6354	0.1522
LMNA	RPS6	3	0.1843	0.6150
ACTB	RPS6	3	0.0800	0.7079
CTNNA1	RPS6	3	0.0144	0.8004
MAPRE3	RPS6	3	0.0274	0.7684
KRT8	H4C1	3	0.0141	0.8015
LMNA	H4C1	3	0.1192	0.6725
ACTB	H4C1	3	0.0192	0.7864
CTNNA1	H4C1	3	0.0073	0.8266
MAPRE3	H4C1	3	0.0025	0.8479
KRT8	RAB1A	3	0.5530	0.1696
LMNA	RAB1A	3	0.1525	0.6434
ACTB	RAB1A	3	0.1803	0.6185
KRT8	RAN	3	0.5495	0.1708
LMNA	RAN	3	0.1396	0.6544
ACTB	RAN	3	0.1137	0.6770
CTNNA1	RAN	3	0.0265	0.7702
MAPRE3	RAN	3	0.0637	0.7229
KRT8	RPL23	3	0.2115	0.5936
LMNA	RPL23	3	0.0899	0.6984
ACTB	RPL23	3	0.1306	0.6626
CTNNA1	RPL23	3	0.0198	0.7847
MAPRE3	RPL23	3	0.0253	0.7722
KRT8	RPS24	3	0.0945	0.6941
LMNA	RPS24	3	0.0652	0.7215
ACTB	RPS24	3	0.0651	0.7216
CTNNA1	RPS24	3	0.0243	0.7743
MAPRE3	RPS24	3	0.0170	0.7922
KRT8	RPS25	3	0.0181	0.7892
LMNA	RPS25	3	0.0447	0.7436
ACTB	RPS25	3	0.0511	0.7360
CTNNA1	RPS25	3	0.0204	0.7829
MAPRE3	RPS25	3	0.0168	0.7927
KRT8	RPS26	3	0.1158	0.6755
LMNA	RPS26	3	0.0380	0.7519
ACTB	RPS26	3	0.2941	0.5161
CTNNA1	RPS26	3	0.0172	0.7916
MAPRE3	RPS26	3	0.0145	0.8000
KRT8	RPS28	3	0.0243	0.7743
LMNA	RPS28	3	0.0177	0.7904
ACTB	RPS28	3	0.0205	0.7827
CTNNA1	RPS28	3	0.0131	0.8051
MAPRE3	RPS28	3	0.0077	0.8250
KRT8	FAU	3	0.0390	0.7505
LMNA	FAU	3	0.0319	0.7608
ACTB	FAU	3	0.0154	0.7970
CTNNA1	FAU	3	0.0070	0.8278
MAPRE3	FAU	3	0.0092	0.8190
LMNA	GNB1;GNB2	3	0.0660	0.7206
ACTB	GNB1;GNB2	3	0.1816	0.6171
CTNNA1	GNB1;GNB2	3	0.0152	0.7977
KRT8	RPL30	3	0.1051	0.6848
LMNA	RPL30	3	0.1079	0.6823
ACTB	RPL30	3	0.0992	0.6896
CTNNA1	RPL30	3	0.0232	0.7767
MAPRE3	RPL30	3	0.0244	0.7741
KRT8	RPL31	3	0.0245	0.7739
LMNA	RPL31	3	0.0339	0.7580
ACTB	RPL31	3	0.0190	0.7868
CTNNA1	RPL31	3	0.0291	0.7657
MAPRE3	RPL31	3	0.0132	0.8047
KRT8	RPL10A	3	0.2556	0.5551
LMNA	RPL10A	3	0.1421	0.6524
ACTB	RPL10A	3	0.3709	0.3215
CTNNA1	RPL10A	3	0.0554	0.7312
KRT8	RPL32	3	0.2026	0.6010
LMNA	RPL32	3	0.1863	0.6132
ACTB	RPL32	3	0.2148	0.5908
CTNNA1	RPL32	3	0.0008	0.8590
MAPRE3	RPL32	3	0.1000	0.6890
KRT8	RPL11	3	0.2880	0.5230
LMNA	RPL11	3	0.1136	0.6771
ACTB	RPL11	3	0.1176	0.6739
CTNNA1	RPL11	3	0.0117	0.8097
MAPRE3	RPL11	3	0.0177	0.7904
KRT8	RPL8	3	0.2499	0.5608
LMNA	RPL8	3	0.1382	0.6556
ACTB	RPL8	3	0.2047	0.5996
CTNNA1	RPL8	3	0.0260	0.7711
MAPRE3	RPL8	3	0.0359	0.7549
KRT8	PPIA	3	0.0159	0.7955
LMNA	PPIA	3	0.0107	0.8132
ACTB	PPIA	3	0.0091	0.8194
CTNNA1	PPIA	3	0.0077	0.8250
MAPRE3	PPIA	3	0.0038	0.8415
KRT8	GRB2	3	0.0277	0.7678
LMNA	GRB2	3	0.0187	0.7876
ACTB	GRB2	3	0.0481	0.7396
CTNNA1	GRB2	3	0.0118	0.8094
MAPRE3	GRB2	3	0.0082	0.8230
KRT8	TRA2B	3	0.0263	0.7706
LMNA	TRA2B	3	0.0856	0.7017
ACTB	TRA2B	3	0.0232	0.7767
CTNNA1	TRA2B	3	0.0071	0.8274
MAPRE3	TRA2B	3	0.0068	0.8289
KRT8	RAC1	3	0.1660	0.6309
LMNA	RAC1	3	0.0845	0.7028
ACTB	RAC1	3	0.1550	0.6408
CTNNA1	RAC1	3	0.0216	0.7801
MAPRE3	RAC1	3	0.0403	0.7489
KRT8	AP2B1	3	0.3325	0.4646
LMNA	AP2B1	3	0.2896	0.5215
ACTB	AP2B1	3	0.3207	0.4820
CTNNA1	AP2B1	3	0.1271	0.6657
MAPRE3	AP2B1	3	0.2160	0.5897
KRT8	GNAS	3	0.0139	0.8022
LMNA	GNAS	3	0.0386	0.7510
ACTB	GNAS	3	0.0401	0.7491
CTNNA1	GNAS	3	0.0090	0.8199
MAPRE3	GNAS	3	0.0087	0.8211
KRT8	GNAI1	3	0.1550	0.6408
ACTB	GNAI1	3	0.3333	0.4115
KRT8	YWHAZ	3	0.1952	0.6065
LMNA	YWHAZ	3	0.0620	0.7248
ACTB	YWHAZ	3	0.1698	0.6284
CTNNA1	YWHAZ	3	0.0460	0.7419
MAPRE3	YWHAZ	3	0.0712	0.7162
KRT8	PPP2R2A	3	0.0147	0.7993
LMNA	PPP2R2A	3	0.0143	0.8008
ACTB	PPP2R2A	3	0.0077	0.8250
CTNNA1	PPP2R2A	3	0.0086	0.8215
MAPRE3	PPP2R2A	3	0.0044	0.8389
KRT8	SNRPB;SNRPN	3	0.0005	0.8621
LMNA	SNRPB;SNRPN	3	0.0008	0.8590
ACTB	SNRPB;SNRPN	3	0.0007	0.8600
MAPRE3	SNRPB;SNRPN	3	0.0001	0.8682
KRT8	SUMO1	3	0.0390	0.7505
LMNA	SUMO1	3	0.0079	0.8242
ACTB	SUMO1	3	0.0425	0.7463
CTNNA1	SUMO1	3	0.0000	0.8712
KRT8	DYNLL1;DYNLL2	3	0.1025	0.6869
LMNA	DYNLL1;DYNLL2	3	0.0270	0.7692
ACTB	DYNLL1;DYNLL2	3	0.0530	0.7340
CTNNA1	DYNLL1;DYNLL2	3	0.0123	0.8079
MAPRE3	DYNLL1;DYNLL2	3	0.0455	0.7426
KRT8	RPL38	3	0.2453	0.5653
LMNA	RPL38	3	0.1315	0.6619
ACTB	RPL38	3	0.2726	0.5377
CTNNA1	RPL38	3	0.0353	0.7559
MAPRE3	RPL38	3	0.0963	0.6923
KRT8	SKP1	3	0.0548	0.7320
LMNA	SKP1	3	0.0194	0.7859
ACTB	SKP1	3	0.0426	0.7461
CTNNA1	SKP1	3	0.0105	0.8141
MAPRE3	SKP1	3	0.0048	0.8371
KRT8	RPS21	3	0.0226	0.7778
LMNA	RPS21	3	0.0113	0.8111
ACTB	RPS21	3	0.0164	0.7940
CTNNA1	RPS21	3	0.0145	0.8000
MAPRE3	RPS21	3	0.0044	0.8389
KRT8	EIF5A	3	0.0404	0.7488
LMNA	EIF5A	3	0.0237	0.7758
ACTB	EIF5A	3	0.0378	0.7522
CTNNA1	EIF5A	3	0.0116	0.8099
MAPRE3	EIF5A	3	0.0104	0.8144
KRT8	RACK1	3	0.3394	0.3941
LMNA	RACK1	3	0.4703	0.2044
ACTB	RACK1	3	0.0296	0.7648
CTNNA1	RACK1	3	0.0071	0.8274
MAPRE3	RACK1	3	0.0067	0.8294
KRT8	UBE2I	3	0.1612	0.6353
ACTB	UBE2I	3	0.0942	0.6943
CTNNA1	UBE2I	3	0.0140	0.8018
MAPRE3	UBE2I	3	0.0095	0.8177
KRT8	YBX1	3	0.0377	0.7524
LMNA	YBX1	3	0.0260	0.7711
ACTB	YBX1	3	0.0401	0.7491
MAPRE3	YBX1	3	0.0115	0.8103
LMNA	CSNK2B	3	1.0000	0.0000
KRT8	TPM4	3	0.1364	0.6573
LMNA	TPM4	3	0.0572	0.7293
ACTB	TPM4	3	0.2274	0.5801
CTNNA1	TPM4	3	0.1082	0.6820
MAPRE3	TPM4	3	0.0912	0.6972
KRT8	ACTC1	3	0.3333	0.4115
ACTB	ACTC1	3	0.6667	0.0696
CTNNA1	ACTC1	3	0.3333	0.4115
KRT8	UBE2L3	3	0.0733	0.7141
LMNA	UBE2L3	3	0.0760	0.7114
ACTB	UBE2L3	3	0.0875	0.7002
CTNNA1	UBE2L3	3	0.0037	0.8419
MAPRE3	UBE2L3	3	0.0077	0.8250
KRT8	EEF1A1	3	0.2501	0.5606
LMNA	EEF1A1	3	0.0738	0.7136
ACTB	EEF1A1	3	0.1427	0.6517
CTNNA1	EEF1A1	3	0.0146	0.7997
MAPRE3	EEF1A1	3	0.0267	0.7698
KRT8	ACTA1	3	0.0233	0.7765
LMNA	ACTA1	3	0.0188	0.7873
ACTB	ACTA1	3	1.0000	0.0000
CTNNA1	ACTA1	3	0.0218	0.7795
MAPRE3	ACTA1	3	0.0133	0.8044
KRT8	TUBA4A	3	0.3012	0.5075
LMNA	TUBA4A	3	0.1164	0.6750
ACTB	TUBA4A	3	0.1711	0.6273
CTNNA1	TUBA4A	3	0.0283	0.7669
MAPRE3	TUBA4A	3	0.0552	0.7314
KRT8	TUBB4B	3	0.3284	0.4720
LMNA	TUBB4B	3	0.1163	0.6750
ACTB	TUBB4B	3	0.1429	0.6514
CTNNA1	TUBB4B	3	0.0143	0.8008
MAPRE3	TUBB4B	3	0.0416	0.7472
KRT8	PAFAH1B2	3	0.1113	0.6791
LMNA	PAFAH1B2	3	0.0570	0.7294
ACTB	PAFAH1B2	3	0.1216	0.6704
CTNNA1	PAFAH1B2	3	0.0126	0.8068
MAPRE3	PAFAH1B2	3	0.0055	0.8342
LMNA	HBB	3	0.8658	0.0119
CTNNA1	HBB	3	0.3333	0.4115
KRT8	HBA1	3	0.0071	0.8274
LMNA	HBA1	3	0.0002	0.8663
ACTB	HBA1	3	0.0119	0.8091
CTNNA1	HBA1	3	0.0127	0.8065
MAPRE3	HBA1	3	0.0091	0.8194
ACTB	CXADR	3	0.0035	0.8429
KRT8	FAM193A	3	0.0373	0.7528
LMNA	FAM193A	3	0.0002	0.8663
ACTB	FAM193A	3	0.0061	0.8316
CTNNA1	FAM193A	3	0.0003	0.8647
MAPRE3	FAM193A	3	0.0008	0.8590
KRT8	SH3BP2	3	0.0105	0.8141
LMNA	SH3BP2	3	0.0005	0.8621
ACTB	SH3BP2	3	0.0131	0.8051
MAPRE3	SH3BP2	3	0.0006	0.8612
KRT8	NOP14	3	0.0000	0.8712
LMNA	NOP14	3	0.0091	0.8194
MAPRE3	NOP14	3	0.0001	0.8682
KRT8	IGBP1	3	0.3422	0.3844
LMNA	IGBP1	3	0.3076	0.4992
ACTB	IGBP1	3	0.3125	0.4928
CTNNA1	IGBP1	3	0.0843	0.7031
MAPRE3	IGBP1	3	0.2360	0.5729
LMNA	RBM6	3	0.1899	0.6109
MAPRE3	RBM6	3	0.0004	0.8632
LMNA	PITX1	3	0.2536	0.5567
KRT8	EIF4G2	3	0.3079	0.4986
LMNA	EIF4G2	3	0.0893	0.6989
ACTB	EIF4G2	3	0.2823	0.5279
CTNNA1	EIF4G2	3	0.1323	0.6613
MAPRE3	EIF4G2	3	0.2331	0.5756
LMNA	RPP38	3	0.0106	0.8138
KRT8	RPP30	3	0.2611	0.5499
LMNA	RPP30	3	0.2218	0.5855
ACTB	RPP30	3	0.1637	0.6327
CTNNA1	RPP30	3	0.0422	0.7465
MAPRE3	RPP30	3	0.0469	0.7410
KRT8	GTF2I	3	0.1542	0.6417
LMNA	GTF2I	3	0.3039	0.5040
ACTB	GTF2I	3	0.1938	0.6080
CTNNA1	GTF2I	3	0.0489	0.7385
MAPRE3	GTF2I	3	0.1698	0.6284
CTNNA1	PIP4K2B	3	0.3333	0.4115
KRT8	CCT2	3	0.1559	0.6399
LMNA	CCT2	3	0.0448	0.7434
ACTB	CCT2	3	0.4253	0.2399
CTNNA1	CCT2	3	0.0339	0.7580
MAPRE3	CCT2	3	0.0334	0.7585
KRT8	KRT85	3	0.1764	0.6225
LMNA	KRT85	3	0.0448	0.7434
ACTB	KRT85	3	0.0747	0.7125
CTNNA1	KRT85	3	0.0262	0.7708
MAPRE3	KRT85	3	0.0553	0.7314
KRT8	RAE1	3	0.0357	0.7553
LMNA	RAE1	3	0.0279	0.7675
ACTB	RAE1	3	0.0390	0.7505
CTNNA1	RAE1	3	0.0199	0.7843
MAPRE3	RAE1	3	0.0051	0.8359
KRT8	GSTO1	3	0.1412	0.6531
LMNA	GSTO1	3	0.0464	0.7415
ACTB	GSTO1	3	0.1842	0.6152
CTNNA1	GSTO1	3	0.2920	0.5186
KRT8	DENND2B	3	0.0182	0.7889
LMNA	DENND2B	3	0.0007	0.8600
ACTB	DENND2B	3	0.0861	0.7012
CTNNA1	DENND2B	3	0.0015	0.8537
MAPRE3	DENND2B	3	0.0057	0.8332
KRT8	PRKDC	3	0.3926	0.2778
LMNA	PRKDC	3	0.2227	0.5843
ACTB	PRKDC	3	0.2114	0.5937
CTNNA1	PRKDC	3	0.0543	0.7326
MAPRE3	PRKDC	3	0.1479	0.6468
LMNA	ADAM17	3	1.0000	0.0000
LMNA	NTHL1	3	0.3333	0.4115
KRT8	MAP1A	3	0.0003	0.8647
ACTB	MAP1A	3	0.0620	0.7248
MAPRE3	MAP1A	3	0.0080	0.8239
ACTB	LCN2	3	0.3333	0.4115
ACTB	NUCB2	3	0.3333	0.4115
KRT8	BASP1	3	0.0012	0.8558
ACTB	BASP1	3	0.0081	0.8234
CTNNA1	BASP1	3	0.0001	0.8682
KRT8	GPSM2	3	0.0512	0.7359
LMNA	GPSM2	3	0.0506	0.7367
ACTB	GPSM2	3	0.2815	0.5285
MAPRE3	GPSM2	3	0.0353	0.7559
LMNA	DCD	3	0.0165	0.7936
MAPRE3	DCD	3	0.0819	0.7059
KRT8	TMF1	3	0.0127	0.8065
LMNA	TMF1	3	0.0000	0.8712
ACTB	TMF1	3	0.0126	0.8068
CTNNA1	TMF1	3	0.0004	0.8632
MAPRE3	TMF1	3	0.0052	0.8354
KRT8	MRPS35	3	0.4701	0.2047
ACTB	MRPS35	3	0.0004	0.8632
MAPRE3	MRPS35	3	0.0643	0.7222
KRT8	MRPS5	3	0.2945	0.5156
LMNA	MRPS5	3	0.0045	0.8384
ACTB	MRPS5	3	0.0088	0.8208
KRT8	KGD4	3	0.6667	0.0696
KRT8	MRPS21	3	0.1366	0.6569
LMNA	MRPS21	3	0.0722	0.7152
ACTB	MRPS21	3	0.1097	0.6808
KRT8	MRPS9	3	1.0000	0.0000
LMNA	MRPS9	3	0.0195	0.7855
ACTB	MRPS9	3	0.1315	0.6619
LMNA	SARNP	3	0.0192	0.7864
MAPRE3	SARNP	3	0.0029	0.8459
KRT8	LACTB	3	0.0635	0.7231
CTNNA1	LACTB	3	0.0506	0.7367
KRT8	COG7	3	0.5584	0.1681
ACTB	COG7	3	0.1582	0.6383
MAPRE3	COG7	3	0.0293	0.7654
KRT8	RPL24	3	0.1998	0.6031
LMNA	RPL24	3	0.0569	0.7296
ACTB	RPL24	3	0.1048	0.6852
CTNNA1	RPL24	3	0.0221	0.7787
MAPRE3	RPL24	3	0.0292	0.7655
KRT8	ARF5	3	0.1933	0.6083
LMNA	ARF5	3	0.1732	0.6252
ACTB	ARF5	3	0.2498	0.5609
CTNNA1	ARF5	3	0.0147	0.7993
MAPRE3	ARF5	3	0.0378	0.7522
KRT8	RPL19	3	0.2536	0.5567
LMNA	RPL19	3	0.1486	0.6463
ACTB	RPL19	3	0.1805	0.6183
CTNNA1	RPL19	3	0.0203	0.7832
MAPRE3	RPL19	3	0.0401	0.7491
KRT8	SRSF3	3	0.0055	0.8342
ACTB	SRSF3	3	0.0858	0.7014
CTNNA1	SRSF3	3	0.0124	0.8074
MAPRE3	SRSF3	3	0.0257	0.7716
LMNA	FOXK1	3	0.2722	0.5381
KRT8	CCZ1;CCZ1B	3	0.0618	0.7250
LMNA	CCZ1;CCZ1B	3	0.0088	0.8208
ACTB	CCZ1;CCZ1B	3	0.0136	0.8031
CTNNA1	CCZ1;CCZ1B	3	0.0001	0.8682
MAPRE3	CCZ1;CCZ1B	3	0.0023	0.8489
KRT8	DAB2	3	0.3164	0.4870
LMNA	DAB2	3	0.0986	0.6900
ACTB	DAB2	3	0.2917	0.5191
CTNNA1	DAB2	3	0.1365	0.6570
MAPRE3	DAB2	3	0.1907	0.6102
ACTB	MUC5AC	3	0.3333	0.4115
KRT8	XIAP	3	0.2235	0.5833
LMNA	XIAP	3	0.2506	0.5599
ACTB	XIAP	3	0.1961	0.6057
CTNNA1	XIAP	3	0.0649	0.7218
MAPRE3	XIAP	3	0.1048	0.6852
KRT8	EFNB1	3	0.0311	0.7620
LMNA	EFNB1	3	0.0168	0.7927
ACTB	EFNB1	3	0.0575	0.7291
CTNNA1	EFNB1	3	0.0096	0.8174
KRT8	FGD1	3	0.0375	0.7526
ACTB	FGD1	3	0.5106	0.1831
CTNNA1	FGD1	3	0.0008	0.8590
MAPRE3	FGD1	3	0.0069	0.8283
KRT8	RBM10	3	0.1573	0.6389
LMNA	RBM10	3	0.3186	0.4841
ACTB	RBM10	3	0.1683	0.6294
CTNNA1	RBM10	3	0.0054	0.8345
MAPRE3	RBM10	3	0.1793	0.6196
KRT8	ATP2C1	3	0.0202	0.7835
LMNA	ATP2C1	3	0.0028	0.8464
ACTB	ATP2C1	3	0.0000	0.8712
CTNNA1	ATP2C1	3	0.0001	0.8682
KRT8	CYCS	3	0.1437	0.6506
LMNA	CYCS	3	0.1922	0.6089
ACTB	CYCS	3	0.1874	0.6122
CTNNA1	CYCS	3	0.0161	0.7948
MAPRE3	CYCS	3	0.0806	0.7071
KRT8	MPP1	3	0.0144	0.8004
LMNA	MPP1	3	0.0083	0.8228
ACTB	MPP1	3	0.0718	0.7156
CTNNA1	MPP1	3	0.0000	0.8712
MAPRE3	MPP1	3	0.0569	0.7296
KRT8	TFAM	3	0.0681	0.7185
LMNA	TFAM	3	0.0565	0.7300
ACTB	TFAM	3	0.1263	0.6664
CTNNA1	TFAM	3	0.0443	0.7441
KRT8	SLC25A3	3	0.2665	0.5444
LMNA	SLC25A3	3	0.1123	0.6784
ACTB	SLC25A3	3	0.1529	0.6431
CTNNA1	SLC25A3	3	0.1170	0.6745
MAPRE3	SLC25A3	3	0.0440	0.7445
KRT8	HDLBP	3	0.3857	0.2899
LMNA	HDLBP	3	0.2241	0.5827
ACTB	HDLBP	3	0.3795	0.3025
CTNNA1	HDLBP	3	0.1835	0.6157
MAPRE3	HDLBP	3	0.3161	0.4875
LMNA	GTF2B	3	0.1843	0.6150
ACTB	GTF2B	3	0.0004	0.8632
KRT8	CDK6	3	0.0129	0.8057
LMNA	CDK6	3	0.0010	0.8573
ACTB	CDK6	3	0.0000	0.8712
MAPRE3	CDK6	3	0.0004	0.8632
KRT8	CDK5	3	0.0216	0.7801
LMNA	CDK5	3	0.0022	0.8496
ACTB	CDK5	3	0.0005	0.8621
KRT8	CDK16	3	0.0135	0.8037
ACTB	CDK16	3	0.0304	0.7632
MAPRE3	CDK16	3	0.0000	0.8712
KRT8	CDK17	3	0.4810	0.1985
ACTB	CDK17	3	0.0249	0.7730
MAPRE3	CDK17	3	0.0021	0.8502
KRT8	PURA	3	0.0612	0.7255
LMNA	PURA	3	0.0048	0.8371
ACTB	PURA	3	0.0022	0.8496
KRT8	CDC42EP1	3	0.0101	0.8155
LMNA	CDC42EP1	3	0.0000	0.8712
ACTB	CDC42EP1	3	0.2546	0.5556
CTNNA1	CDC42EP1	3	0.0051	0.8359
KRT8	CLTC	3	0.3097	0.4962
LMNA	CLTC	3	0.1450	0.6494
ACTB	CLTC	3	0.2167	0.5893
CTNNA1	CLTC	3	0.0225	0.7780
MAPRE3	CLTC	3	0.0669	0.7198
KRT8	HSF1	3	0.0007	0.8600
LMNA	HSF1	3	0.2078	0.5971
ACTB	HSF1	3	0.0008	0.8590
KRT8	NFKB2	3	0.0036	0.8424
ACTB	NFKB2	3	0.0022	0.8496
CTNNA1	NFKB2	3	0.0000	0.8712
KRT8	FKBP3	3	0.1014	0.6875
LMNA	FKBP3	3	0.0289	0.7660
ACTB	FKBP3	3	0.1320	0.6615
CTNNA1	FKBP3	3	0.0207	0.7823
MAPRE3	FKBP3	3	0.0674	0.7195
KRT8	SORD	3	0.2684	0.5425
LMNA	SORD	3	0.0976	0.6910
ACTB	SORD	3	0.2580	0.5528
CTNNA1	SORD	3	0.0201	0.7837
MAPRE3	SORD	3	0.1155	0.6757
KRT8	HNRNPU	3	0.2730	0.5375
LMNA	HNRNPU	3	0.2436	0.5670
ACTB	HNRNPU	3	0.1403	0.6539
CTNNA1	HNRNPU	3	0.0223	0.7784
MAPRE3	HNRNPU	3	0.0706	0.7167
LMNA	U2AF1	3	0.0924	0.6960
KRT8	SPTBN1	3	0.3448	0.3766
LMNA	SPTBN1	3	0.2009	0.6027
ACTB	SPTBN1	3	0.4148	0.2482
CTNNA1	SPTBN1	3	0.1744	0.6243
MAPRE3	SPTBN1	3	0.2466	0.5640
KRT8	TIAL1	3	0.6577	0.1452
LMNA	TIAL1	3	0.2950	0.5152
ACTB	TIAL1	3	0.0817	0.7061
KRT8	SET	3	0.1180	0.6734
LMNA	SET	3	0.3144	0.4900
ACTB	SET	3	0.0194	0.7859
CTNNA1	SET	3	0.0128	0.8061
MAPRE3	SET	3	0.0280	0.7674
LMNA	FOXK2	3	0.0085	0.8220
KRT8	AMPD2	3	0.0204	0.7829
LMNA	AMPD2	3	0.0003	0.8647
ACTB	AMPD2	3	0.0171	0.7919
CTNNA1	AMPD2	3	0.0003	0.8647
MAPRE3	AMPD2	3	0.0026	0.8473
KRT8	CAP1	3	0.1447	0.6497
LMNA	CAP1	3	0.0623	0.7245
ACTB	CAP1	3	0.6198	0.1541
CTNNA1	CAP1	3	0.0562	0.7303
MAPRE3	CAP1	3	0.0679	0.7187
KRT8	HMGCS1	3	0.0010	0.8573
KRT8	SLC7A5	3	0.3221	0.4806
LMNA	SLC7A5	3	0.1423	0.6520
ACTB	SLC7A5	3	0.2533	0.5572
CTNNA1	SLC7A5	3	0.1327	0.6609
MAPRE3	SLC7A5	3	0.0643	0.7222
KRT8	DR1	3	0.0132	0.8047
LMNA	DR1	3	0.1608	0.6359
ACTB	DR1	3	0.2290	0.5788
CTNNA1	DR1	3	0.0094	0.8181
MAPRE3	DR1	3	0.0127	0.8065
KRT8	TFAP4	3	0.0001	0.8682
LMNA	TFAP4	3	0.0381	0.7517
ACTB	TFAP4	3	0.0020	0.8508
KRT8	EXOSC10	3	0.1379	0.6558
LMNA	EXOSC10	3	0.2725	0.5379
ACTB	EXOSC10	3	0.1189	0.6728
CTNNA1	EXOSC10	3	0.0179	0.7898
MAPRE3	EXOSC10	3	0.1609	0.6357
KRT8	OTUD4	3	0.0018	0.8519
ACTB	OTUD4	3	0.0062	0.8312
MAPRE3	OTUD4	3	0.0078	0.8246
KRT8	PFKP	3	0.2796	0.5306
LMNA	PFKP	3	0.1388	0.6551
ACTB	PFKP	3	0.2463	0.5643
CTNNA1	PFKP	3	0.0314	0.7615
MAPRE3	PFKP	3	0.0975	0.6912
LMNA	XPC	3	0.0128	0.8061
MAPRE3	XPC	3	0.0000	0.8712
KRT8	EWSR1	3	0.0308	0.7624
LMNA	EWSR1	3	0.0481	0.7396
ACTB	EWSR1	3	0.0989	0.6898
CTNNA1	EWSR1	3	0.0084	0.8224
MAPRE3	EWSR1	3	0.0285	0.7667
KRT8	CDR2	3	0.0316	0.7613
LMNA	CDR2	3	0.0006	0.8612
ACTB	CDR2	3	0.0150	0.7983
MAPRE3	CDR2	3	0.0019	0.8514
KRT8	OCRL	3	0.3760	0.3101
LMNA	OCRL	3	0.1595	0.6368
ACTB	OCRL	3	0.3358	0.4043
CTNNA1	OCRL	3	0.1761	0.6229
MAPRE3	OCRL	3	0.2702	0.5409
KRT8	PLCB3	3	0.1035	0.6860
LMNA	PLCB3	3	0.0294	0.7652
ACTB	PLCB3	3	0.2578	0.5529
CTNNA1	PLCB3	3	0.0318	0.7610
MAPRE3	PLCB3	3	0.0406	0.7485
KRT8	TAGLN	3	0.4394	0.2278
LMNA	TAGLN	3	0.3451	0.3753
ACTB	TAGLN	3	0.4300	0.2355
CTNNA1	TAGLN	3	0.1700	0.6283
MAPRE3	TAGLN	3	0.3024	0.5060
ACTB	AKAP17A	3	0.0001	0.8682
KRT8	SP2	3	0.0000	0.8712
LMNA	SP2	3	0.0035	0.8429
MAPRE3	SP2	3	0.0001	0.8682
KRT8	OGDH	3	0.3322	0.4652
LMNA	OGDH	3	0.3297	0.4700
KRT8	CENPE	3	0.0105	0.8141
ACTB	CENPE	3	0.0040	0.8407
CTNNA1	CENPE	3	0.0000	0.8712
MAPRE3	CENPE	3	0.0146	0.7997
KRT8	KIF23	3	0.3109	0.4946
LMNA	KIF23	3	0.3431	0.3812
ACTB	KIF23	3	0.2793	0.5312
CTNNA1	KIF23	3	0.0843	0.7031
MAPRE3	KIF23	3	0.2997	0.5095
KRT8	DSG1	3	0.1739	0.6247
LMNA	DSG1	3	0.1838	0.6154
ACTB	DSG1	3	0.1473	0.6476
CTNNA1	DSG1	3	0.0476	0.7402
MAPRE3	DSG1	3	0.0190	0.7868
LMNA	ID3	3	0.3039	0.5040
KRT8	RPL18A	3	0.3469	0.3697
LMNA	RPL18A	3	0.1326	0.6611
ACTB	RPL18A	3	0.1726	0.6257
CTNNA1	RPL18A	3	0.0199	0.7843
MAPRE3	RPL18A	3	0.0455	0.7426
ACTB	MAP2K1	3	0.3333	0.4115
KRT8	FKBP4	3	0.2730	0.5375
LMNA	FKBP4	3	0.1363	0.6574
ACTB	FKBP4	3	0.2182	0.5880
CTNNA1	FKBP4	3	0.0293	0.7654
MAPRE3	FKBP4	3	0.0581	0.7282
KRT8	PLOD1	3	0.1463	0.6483
LMNA	PLOD1	3	0.0805	0.7073
ACTB	PLOD1	3	0.0928	0.6958
CTNNA1	PLOD1	3	0.0088	0.8208
MAPRE3	PLOD1	3	0.0159	0.7955
KRT8	RPL6	3	0.3432	0.3809
LMNA	RPL6	3	0.1717	0.6267
ACTB	RPL6	3	0.1902	0.6107
CTNNA1	RPL6	3	0.0120	0.8088
MAPRE3	RPL6	3	0.0365	0.7539
KRT8	TOP2B	3	0.2079	0.5970
LMNA	TOP2B	3	0.2516	0.5586
ACTB	TOP2B	3	0.1570	0.6391
CTNNA1	TOP2B	3	0.0195	0.7855
MAPRE3	TOP2B	3	0.0735	0.7139
KRT8	AKAP12	3	0.2903	0.5206
LMNA	AKAP12	3	0.0503	0.7370
ACTB	AKAP12	3	0.3322	0.4652
CTNNA1	AKAP12	3	0.2364	0.5727
MAPRE3	AKAP12	3	0.2121	0.5931
KRT8	SLC25A11	3	0.4650	0.2079
LMNA	SLC25A11	3	0.2261	0.5814
ACTB	SLC25A11	3	0.2248	0.5824
CTNNA1	SLC25A11	3	0.0618	0.7250
MAPRE3	SLC25A11	3	0.1311	0.6623
KRT8	DST	3	0.2278	0.5798
LMNA	DST	3	0.1089	0.6815
ACTB	DST	3	0.2239	0.5830
CTNNA1	DST	3	0.0972	0.6916
MAPRE3	DST	3	0.4610	0.2114
LMNA	HHEX	3	0.6667	0.0696
LMNA	MLLT1	3	0.3555	0.3520
KRT8	MECOM	3	0.0006	0.8612
LMNA	MECOM	3	0.0213	0.7808
ACTB	MECOM	3	0.0004	0.8632
MAPRE3	MECOM	3	0.0001	0.8682
KRT8	CAV1	3	0.0690	0.7178
LMNA	CAV1	3	0.0012	0.8558
ACTB	CAV1	3	0.0014	0.8544
CTNNA1	CAV1	3	0.0050	0.8364
KRT8	ACY1	3	0.0056	0.8337
ACTB	ACY1	3	0.0056	0.8337
KRT8	KMT2A	3	0.0000	0.8712
LMNA	KMT2A	3	0.0094	0.8181
ACTB	KMT2A	3	0.0005	0.8621
CTNNA1	KMT2A	3	0.0000	0.8712
MAPRE3	KMT2A	3	0.0018	0.8519
KRT8	TNFAIP2	3	0.0388	0.7508
LMNA	TNFAIP2	3	0.0033	0.8438
ACTB	TNFAIP2	3	0.0026	0.8473
MAPRE3	TNFAIP2	3	0.0001	0.8682
LMNA	CENPC	3	0.0018	0.8519
MAPRE3	CENPC	3	0.0081	0.8234
LMNA	LMNB2	3	1.0000	0.0000
KRT8	TAP1	3	0.0000	0.8712
LMNA	TAP1	3	0.0021	0.8502
ACTB	TAP1	3	0.0025	0.8479
KRT8	CEBPZ	3	0.3108	0.4948
LMNA	CEBPZ	3	0.3273	0.4733
ACTB	CEBPZ	3	0.2799	0.5302
CTNNA1	CEBPZ	3	0.0480	0.7398
MAPRE3	CEBPZ	3	0.3065	0.5011
KRT8	RELA	3	0.2610	0.5502
LMNA	RELA	3	0.0044	0.8389
ACTB	RELA	3	0.1769	0.6220
CTNNA1	RELA	3	0.0277	0.7678
MAPRE3	RELA	3	0.0546	0.7322
KRT8	UBXN1	3	0.1542	0.6417
LMNA	UBXN1	3	0.0382	0.7515
ACTB	UBXN1	3	0.0892	0.6990
CTNNA1	UBXN1	3	0.0010	0.8573
MAPRE3	UBXN1	3	0.0106	0.8138
KRT8	GBE1	3	0.3892	0.2822
LMNA	GBE1	3	0.0359	0.7549
ACTB	GBE1	3	0.0808	0.7069
CTNNA1	GBE1	3	0.0219	0.7793
MAPRE3	GBE1	3	0.0147	0.7993
KRT8	EIF4G1	3	0.2993	0.5104
LMNA	EIF4G1	3	0.1214	0.6706
ACTB	EIF4G1	3	0.3085	0.4978
CTNNA1	EIF4G1	3	0.1598	0.6366
MAPRE3	EIF4G1	3	0.2742	0.5364
KRT8	ATP7A	3	0.0046	0.8380
LMNA	ATP7A	3	0.0000	0.8712
ACTB	ATP7A	3	0.0025	0.8479
KRT8	KRT17	3	0.4774	0.2000
LMNA	KRT17	3	0.1273	0.6653
ACTB	KRT17	3	0.1787	0.6201
CTNNA1	KRT17	3	0.0552	0.7314
MAPRE3	KRT17	3	0.1134	0.6773
KRT8	NOTCH2	3	0.3653	0.3331
LMNA	NOTCH2	3	0.2102	0.5949
ACTB	NOTCH2	3	0.3709	0.3215
CTNNA1	NOTCH2	3	0.3038	0.5043
MAPRE3	NOTCH2	3	0.1912	0.6097
KRT8	TLE3	3	0.0023	0.8489
LMNA	TLE3	3	0.0094	0.8181
ACTB	TLE3	3	0.0013	0.8550
KRT8	GLO1	3	0.3685	0.3257
LMNA	GLO1	3	0.3937	0.2762
ACTB	GLO1	3	0.4188	0.2432
CTNNA1	GLO1	3	0.1617	0.6350
MAPRE3	GLO1	3	0.3130	0.4918
KRT8	REL	3	0.2190	0.5875
ACTB	REL	3	0.0105	0.8141
KRT8	YWHAH	3	0.1469	0.6478
LMNA	YWHAH	3	0.0313	0.7618
ACTB	YWHAH	3	0.1581	0.6384
CTNNA1	YWHAH	3	0.0251	0.7726
MAPRE3	YWHAH	3	0.0264	0.7703
KRT8	CSTF1	3	0.0299	0.7642
LMNA	CSTF1	3	0.0076	0.8253
ACTB	CSTF1	3	0.0289	0.7660
CTNNA1	CSTF1	3	0.0075	0.8257
KRT8	PTPN12	3	0.2299	0.5781
LMNA	PTPN12	3	0.0433	0.7454
ACTB	PTPN12	3	0.2281	0.5794
CTNNA1	PTPN12	3	0.0894	0.6988
MAPRE3	PTPN12	3	0.1561	0.6397
KRT8	PTK2	3	0.0666	0.7201
LMNA	PTK2	3	0.0014	0.8544
ACTB	PTK2	3	0.0083	0.8228
MAPRE3	PTK2	3	0.0000	0.8712
KRT8	SRSF11	3	0.0124	0.8074
LMNA	SRSF11	3	0.0739	0.7135
ACTB	SRSF11	3	0.0100	0.8159
CTNNA1	SRSF11	3	0.0264	0.7703
KRT8	EEF1A2	3	0.2994	0.5099
LMNA	EEF1A2	3	0.1875	0.6121
ACTB	EEF1A2	3	0.2094	0.5957
CTNNA1	EEF1A2	3	0.0239	0.7753
MAPRE3	EEF1A2	3	0.0716	0.7158
KRT8	PRKCD	3	0.0062	0.8312
ACTB	PRKCD	3	0.0244	0.7741
KRT8	CALD1	3	0.2503	0.5603
LMNA	CALD1	3	0.1436	0.6507
ACTB	CALD1	3	0.4143	0.2489
CTNNA1	CALD1	3	0.1189	0.6728
MAPRE3	CALD1	3	0.1821	0.6167
KRT8	FPGS	3	0.0599	0.7266
ACTB	FPGS	3	0.0070	0.8278
MAPRE3	FPGS	3	0.0002	0.8663
LMNA	MBTD1	3	0.0040	0.8407
KRT8	FHIP1A	3	0.0210	0.7816
LMNA	FHIP1A	3	0.0002	0.8663
ACTB	FHIP1A	3	0.0099	0.8164
MAPRE3	FHIP1A	3	0.0002	0.8663
KRT8	PTPN11	3	0.0326	0.7596
LMNA	PTPN11	3	0.0715	0.7159
ACTB	PTPN11	3	0.0428	0.7459
CTNNA1	PTPN11	3	0.0267	0.7698
MAPRE3	PTPN11	3	0.0103	0.8147
KRT8	KDSR	3	1.0000	0.0000
LMNA	KDSR	3	0.3333	0.4115
ACTB	KDSR	3	0.3333	0.4115
KRT8	PPP2R3A	3	0.1267	0.6661
ACTB	PPP2R3A	3	0.0107	0.8132
KRT8	PPAT	3	0.1305	0.6627
LMNA	PPAT	3	0.0524	0.7346
ACTB	PPAT	3	0.0823	0.7052
CTNNA1	PPAT	3	0.0057	0.8332
MAPRE3	PPAT	3	0.0253	0.7722
KRT8	GFPT1	3	0.0240	0.7750
LMNA	GFPT1	3	0.0033	0.8438
ACTB	GFPT1	3	0.0154	0.7970
MAPRE3	GFPT1	3	0.0007	0.8600
KRT8	EXOSC9	3	0.2419	0.5680
LMNA	EXOSC9	3	0.2982	0.5119
ACTB	EXOSC9	3	0.2012	0.6022
CTNNA1	EXOSC9	3	0.0621	0.7247
MAPRE3	EXOSC9	3	0.1212	0.6709
KRT8	PSME1	3	0.2797	0.5304
LMNA	PSME1	3	0.2887	0.5223
ACTB	PSME1	3	0.2105	0.5945
MAPRE3	PSME1	3	0.0426	0.7461
KRT8	RBPJ	3	0.0093	0.8186
LMNA	RBPJ	3	0.1068	0.6830
ACTB	RBPJ	3	0.0658	0.7209
CTNNA1	RBPJ	3	0.0102	0.8152
MAPRE3	RBPJ	3	0.0259	0.7713
LMNA	GABPA	3	0.0418	0.7471
MAPRE3	GABPA	3	0.0001	0.8682
LMNA	RING1	3	0.0022	0.8496
KRT8	FMR1	3	0.3405	0.3915
LMNA	FMR1	3	0.0044	0.8389
ACTB	FMR1	3	0.0098	0.8168
MAPRE3	FMR1	3	0.0072	0.8270
KRT8	PRDX1	3	0.0063	0.8308
LMNA	PRDX1	3	0.0070	0.8278
ACTB	PRDX1	3	0.0139	0.8022
CTNNA1	PRDX1	3	0.0162	0.7946
MAPRE3	PRDX1	3	0.0062	0.8312
KRT8	RPL18	3	0.1279	0.6647
LMNA	RPL18	3	0.0695	0.7174
ACTB	RPL18	3	0.0794	0.7083
CTNNA1	RPL18	3	0.0152	0.7977
MAPRE3	RPL18	3	0.0233	0.7765
KRT8	C1QBP	3	0.1108	0.6794
LMNA	C1QBP	3	0.0554	0.7312
ACTB	C1QBP	3	0.0494	0.7380
CTNNA1	C1QBP	3	0.0123	0.8079
MAPRE3	C1QBP	3	0.0112	0.8115
KRT8	CKAP4	3	0.2958	0.5141
LMNA	CKAP4	3	0.2511	0.5594
ACTB	CKAP4	3	0.2824	0.5276
CTNNA1	CKAP4	3	0.0370	0.7532
MAPRE3	CKAP4	3	0.1346	0.6592
KRT8	TJP1	3	0.3383	0.3978
LMNA	TJP1	3	0.1213	0.6708
ACTB	TJP1	3	0.4124	0.2524
CTNNA1	TJP1	3	0.2877	0.5236
MAPRE3	TJP1	3	0.2353	0.5736
KRT8	ZFP36L1	3	1.0000	0.0000
KRT8	SPAG1	3	0.0055	0.8342
ACTB	SPAG1	3	0.0036	0.8424
KRT8	KHDRBS1	3	0.0965	0.6921
LMNA	KHDRBS1	3	0.1350	0.6587
ACTB	KHDRBS1	3	0.1326	0.6611
CTNNA1	KHDRBS1	3	0.0054	0.8345
MAPRE3	KHDRBS1	3	0.0640	0.7225
LMNA	DLX2;DLX5	3	0.3333	0.4115
LMNA	BAX	3	0.0022	0.8496
ACTB	BAX	3	0.0011	0.8566
KRT8	POLE	3	0.0470	0.7409
LMNA	POLE	3	0.0853	0.7019
ACTB	POLE	3	0.0114	0.8107
MAPRE3	POLE	3	0.0006	0.8612
KRT8	KLC1	3	0.3630	0.3375
LMNA	KLC1	3	0.2096	0.5954
ACTB	KLC1	3	0.3487	0.3652
CTNNA1	KLC1	3	0.1759	0.6232
MAPRE3	KLC1	3	0.2713	0.5396
KRT8	SOS1	3	0.0056	0.8337
KRT8	TNK2	3	0.0582	0.7280
ACTB	TNK2	3	0.0043	0.8392
KRT8	LRP1	3	0.0112	0.8115
LMNA	LRP1	3	0.0036	0.8424
ACTB	LRP1	3	0.0001	0.8682
LMNA	SRSF1	3	0.2855	0.5248
CTNNA1	SRSF1	3	0.0268	0.7697
KRT8	ARHGAP1	3	0.0205	0.7827
LMNA	ARHGAP1	3	0.0007	0.8600
ACTB	ARHGAP1	3	0.0150	0.7983
CTNNA1	ARHGAP1	3	0.0001	0.8682
MAPRE3	ARHGAP1	3	0.0016	0.8531
LMNA	FOXM1	3	0.4893	0.1933
MAPRE3	FOXM1	3	0.0125	0.8071
LMNA	TGM3	3	0.1277	0.6649
ACTB	TGM3	3	0.5037	0.1882
CTNNA1	TGM3	3	0.0139	0.8022
KRT8	PPP3CA	3	0.3327	0.4642
LMNA	PPP3CA	3	0.2235	0.5833
ACTB	PPP3CA	3	0.3358	0.4043
CTNNA1	PPP3CA	3	0.0936	0.6949
MAPRE3	PPP3CA	3	0.2136	0.5919
KRT8	DHX9	3	0.2522	0.5584
LMNA	DHX9	3	0.2319	0.5766
ACTB	DHX9	3	0.1455	0.6488
CTNNA1	DHX9	3	0.0241	0.7748
MAPRE3	DHX9	3	0.0657	0.7209
KRT8	CRYZ	3	0.0051	0.8359
ACTB	CRYZ	3	0.0032	0.8442
KRT8	GOLGA3	3	0.3857	0.2899
LMNA	GOLGA3	3	0.1723	0.6261
ACTB	GOLGA3	3	0.3335	0.4109
CTNNA1	GOLGA3	3	0.1946	0.6072
MAPRE3	GOLGA3	3	0.2920	0.5186
KRT8	GOLGA2	3	0.2944	0.5158
LMNA	GOLGA2	3	0.1049	0.6851
ACTB	GOLGA2	3	0.2898	0.5212
CTNNA1	GOLGA2	3	0.1238	0.6684
MAPRE3	GOLGA2	3	0.2350	0.5741
KRT8	LGALS3BP	3	1.0000	0.0000
LMNA	LGALS3BP	3	0.6667	0.0696
ACTB	LGALS3BP	3	0.6667	0.0696
KRT8	PDE4D	3	0.0236	0.7760
ACTB	PDE4D	3	0.0042	0.8397
MAPRE3	PDE4D	3	0.0001	0.8682
KRT8	DSC1	3	0.0536	0.7334
LMNA	DSC1	3	0.1440	0.6503
ACTB	DSC1	3	0.1262	0.6665
CTNNA1	DSC1	3	0.0276	0.7680
MAPRE3	DSC1	3	0.0075	0.8257
KRT8	PPID	3	0.0171	0.7919
LMNA	PPID	3	0.0065	0.8300
ACTB	PPID	3	0.0123	0.8079
CTNNA1	PPID	3	0.0000	0.8712
MAPRE3	PPID	3	0.0009	0.8582
KRT8	SSRP1	3	0.2090	0.5960
LMNA	SSRP1	3	0.3256	0.4763
ACTB	SSRP1	3	0.1669	0.6302
CTNNA1	SSRP1	3	0.0328	0.7594
MAPRE3	SSRP1	3	0.0437	0.7448
KRT8	CAMSAP2	3	0.3308	0.4679
LMNA	CAMSAP2	3	0.0993	0.6895
ACTB	CAMSAP2	3	0.2268	0.5806
CTNNA1	CAMSAP2	3	0.1105	0.6798
MAPRE3	CAMSAP2	3	0.3719	0.3189
ACTB	SPIRE1	3	1.0000	0.0000
KRT8	VAC14	3	0.0115	0.8103
ACTB	VAC14	3	0.3331	0.4628
KRT8	NSUN2	3	0.1179	0.6735
LMNA	NSUN2	3	0.0868	0.7007
ACTB	NSUN2	3	0.0741	0.7131
CTNNA1	NSUN2	3	0.0754	0.7119
MAPRE3	NSUN2	3	0.0160	0.7952
KRT8	RBBP4	3	0.0325	0.7598
ACTB	RBBP4	3	0.7135	0.0469
KRT8	NCBP1	3	0.0885	0.6994
LMNA	NCBP1	3	0.1454	0.6490
ACTB	NCBP1	3	0.0951	0.6935
CTNNA1	NCBP1	3	0.0074	0.8260
MAPRE3	NCBP1	3	0.0091	0.8194
LMNA	EP300	3	0.0073	0.8266
KRT8	AHNAK	3	0.3774	0.3070
LMNA	AHNAK	3	0.1150	0.6761
ACTB	AHNAK	3	0.3908	0.2810
CTNNA1	AHNAK	3	0.3229	0.4796
MAPRE3	AHNAK	3	0.3387	0.3964
KRT8	ELP6	3	0.0209	0.7817
LMNA	ELP6	3	0.0011	0.8566
ACTB	ELP6	3	0.0192	0.7864
CTNNA1	ELP6	3	0.0002	0.8663
MAPRE3	ELP6	3	0.0048	0.8371
KRT8	SCRN3	3	0.0078	0.8246
LMNA	SCRN3	3	0.0010	0.8573
ACTB	SCRN3	3	0.0145	0.8000
KRT8	CGNL1	3	0.2407	0.5693
ACTB	CGNL1	3	0.6093	0.1561
KRT8	FAAP100	3	1.0000	0.0000
LMNA	FAAP100	3	0.3333	0.4115
KRT8	NEXN	3	0.2262	0.5812
ACTB	NEXN	3	0.3863	0.2884
CTNNA1	NEXN	3	0.1278	0.6648
MAPRE3	NEXN	3	0.0906	0.6976
KRT8	GALNT1	3	0.0273	0.7686
LMNA	GALNT1	3	0.0009	0.8582
ACTB	GALNT1	3	0.0014	0.8544
KRT8	AP1B1	3	0.0887	0.6993
ACTB	AP1B1	3	0.0123	0.8079
KRT8	CPSF1	3	0.1942	0.6077
LMNA	CPSF1	3	0.2875	0.5238
KRT8	BST2	3	0.3333	0.4115
ACTB	BST2	3	0.3333	0.4115
CTNNA1	BST2	3	0.1456	0.6487
KRT8	WASHC5	3	0.1215	0.6705
LMNA	WASHC5	3	0.0086	0.8215
ACTB	WASHC5	3	0.1543	0.6416
CTNNA1	WASHC5	3	0.0015	0.8537
MAPRE3	WASHC5	3	0.0061	0.8316
KRT8	NUP160	3	0.4368	0.2300
LMNA	NUP160	3	0.2645	0.5467
ACTB	NUP160	3	0.1990	0.6037
CTNNA1	NUP160	3	0.0710	0.7163
MAPRE3	NUP160	3	0.1174	0.6742
ACTB	SREBF2	3	0.3377	0.3995
KRT8	ARHGEF5	3	0.4914	0.1925
ACTB	ARHGEF5	3	0.0045	0.8384
MAPRE3	ARHGEF5	3	0.0047	0.8376
KRT8	TBL3	3	0.1776	0.6213
LMNA	TBL3	3	0.2650	0.5461
ACTB	TBL3	3	0.0716	0.7158
CTNNA1	TBL3	3	0.0265	0.7702
MAPRE3	TBL3	3	0.0408	0.7483
KRT8	GTF3C1	3	0.2515	0.5589
LMNA	GTF3C1	3	0.2543	0.5561
ACTB	GTF3C1	3	0.1438	0.6504
CTNNA1	GTF3C1	3	0.0360	0.7547
MAPRE3	GTF3C1	3	0.0993	0.6895
KRT8	TWF1	3	0.3416	0.3872
LMNA	TWF1	3	0.0025	0.8479
ACTB	TWF1	3	0.1085	0.6818
MAPRE3	TWF1	3	0.0038	0.8415
KRT8	ASPH	3	0.2080	0.5970
LMNA	ASPH	3	0.1634	0.6333
ACTB	ASPH	3	0.1599	0.6364
CTNNA1	ASPH	3	0.0490	0.7384
MAPRE3	ASPH	3	0.0410	0.7481
KRT8	TFCP2	3	0.2489	0.5619
LMNA	TFCP2	3	0.0673	0.7196
ACTB	TFCP2	3	0.1871	0.6124
CTNNA1	TFCP2	3	0.0204	0.7829
MAPRE3	TFCP2	3	0.0431	0.7456
KRT8	AKAP13	3	0.3789	0.3034
LMNA	AKAP13	3	0.1825	0.6164
ACTB	AKAP13	3	0.3944	0.2756
CTNNA1	AKAP13	3	0.2380	0.5714
MAPRE3	AKAP13	3	0.3395	0.3938
KRT8	TROAP	3	0.6873	0.0548
ACTB	TROAP	3	0.0059	0.8324
MAPRE3	TROAP	3	0.9999	0.0000
KRT8	SMARCB1	3	0.0007	0.8600
LMNA	SMARCB1	3	0.0040	0.8407
ACTB	SMARCB1	3	0.0007	0.8600
MAPRE3	SMARCB1	3	0.0000	0.8712
KRT8	BPTF	3	0.0001	0.8682
LMNA	BPTF	3	0.0023	0.8489
ACTB	BPTF	3	0.0002	0.8663
MAPRE3	BPTF	3	0.0000	0.8712
KRT8	CDC20	3	0.0298	0.7643
LMNA	CDC20	3	0.0047	0.8376
ACTB	CDC20	3	0.0166	0.7933
MAPRE3	CDC20	3	0.0011	0.8566
KRT8	GRSF1	3	0.8221	0.0201
LMNA	GRSF1	3	0.2443	0.5664
ACTB	GRSF1	3	0.1502	0.6453
CTNNA1	GRSF1	3	0.0407	0.7484
MAPRE3	GRSF1	3	0.0515	0.7355
LMNA	NFIA	3	0.6387	0.1507
LMNA	SFSWAP	3	0.0237	0.7758
KRT8	CHD3	3	0.0064	0.8304
LMNA	CHD3	3	0.0140	0.8018
ACTB	CHD3	3	0.0066	0.8297
CTNNA1	CHD3	3	0.0000	0.8712
MAPRE3	CHD3	3	0.0012	0.8558
KRT8	SF3A3	3	0.3329	0.4637
LMNA	SF3A3	3	0.2251	0.5822
ACTB	SF3A3	3	0.2781	0.5327
CTNNA1	SF3A3	3	0.0676	0.7192
MAPRE3	SF3A3	3	0.1459	0.6485
KRT8	DPYD	3	0.0156	0.7963
LMNA	DPYD	3	0.0000	0.8712
ACTB	DPYD	3	0.0101	0.8155
MAPRE3	DPYD	3	0.0003	0.8647
KRT8	TP53BP1	3	0.1384	0.6553
LMNA	TP53BP1	3	0.2269	0.5805
ACTB	TP53BP1	3	0.1435	0.6509
CTNNA1	TP53BP1	3	0.0148	0.7989
MAPRE3	TP53BP1	3	0.0386	0.7510
KRT8	IFRD2	3	0.0246	0.7737
LMNA	IFRD2	3	0.0027	0.8469
ACTB	IFRD2	3	0.0079	0.8242
CTNNA1	IFRD2	3	0.0000	0.8712
MAPRE3	IFRD2	3	0.0005	0.8621
KRT8	TRIM26	3	0.0366	0.7537
LMNA	TRIM26	3	0.0015	0.8537
ACTB	TRIM26	3	0.0143	0.8008
CTNNA1	TRIM26	3	0.0008	0.8590
MAPRE3	TRIM26	3	0.0022	0.8496
KRT8	AIMP1	3	0.0011	0.8566
ACTB	AIMP1	3	0.0338	0.7581
MAPRE3	AIMP1	3	0.0000	0.8712
KRT8	ILF2	3	0.0134	0.8040
LMNA	ILF2	3	0.0043	0.8392
ACTB	ILF2	3	0.0093	0.8186
MAPRE3	ILF2	3	0.0002	0.8663
KRT8	ILF3	3	0.0750	0.7123
LMNA	ILF3	3	0.1862	0.6135
ACTB	ILF3	3	0.0862	0.7012
CTNNA1	ILF3	3	0.0086	0.8215
MAPRE3	ILF3	3	0.0754	0.7119
ACTB	PTPRJ	3	0.0049	0.8367
CTNNA1	PTPRJ	3	0.0007	0.8600
MAPRE3	PTPRJ	3	0.0000	0.8712
KRT8	PTPN13	3	0.0244	0.7741
ACTB	PTPN13	3	0.0099	0.8164
CTNNA1	PTPN13	3	0.0007	0.8600
MAPRE3	PTPN13	3	0.0006	0.8612
KRT8	EPS8	3	0.2524	0.5582
ACTB	EPS8	3	0.9976	0.0001
KRT8	TRAP1	3	0.2574	0.5535
LMNA	TRAP1	3	0.2046	0.5997
ACTB	TRAP1	3	0.2097	0.5953
CTNNA1	TRAP1	3	0.0633	0.7232
MAPRE3	TRAP1	3	0.1269	0.6658
KRT8	TRAF2	3	0.0046	0.8380
CTNNA1	TRAF2	3	0.0080	0.8239
LMNA	FOXF2	3	0.0718	0.7156
ACTB	ANK3	3	0.0058	0.8327
CTNNA1	ANK3	3	0.0067	0.8294
KRT8	DLG1	3	0.0136	0.8031
ACTB	DLG1	3	0.4584	0.2133
CTNNA1	DLG1	3	0.0811	0.7066
MAPRE3	DLG1	3	0.0015	0.8537
KRT8	MYO1E	3	0.4019	0.2661
LMNA	MYO1E	3	0.2706	0.5402
ACTB	MYO1E	3	0.3925	0.2791
CTNNA1	MYO1E	3	0.1761	0.6229
MAPRE3	MYO1E	3	0.2476	0.5631
KRT8	NFATC3	3	0.6661	0.1399
KRT8	PPP1R8	3	0.0104	0.8144
LMNA	PPP1R8	3	0.0434	0.7453
ACTB	PPP1R8	3	0.0018	0.8519
KRT8	ABR	3	0.0111	0.8119
LMNA	ABR	3	0.0019	0.8514
ACTB	ABR	3	0.0053	0.8350
CTNNA1	ABR	3	0.0001	0.8682
MAPRE3	ABR	3	0.0010	0.8573
KRT8	NPRL3	3	0.0555	0.7311
ACTB	NPRL3	3	0.0089	0.8203
KRT8	BNIP2	3	0.0488	0.7386
LMNA	BNIP2	3	0.0606	0.7261
ACTB	BNIP2	3	0.0193	0.7862
MAPRE3	BNIP2	3	0.0001	0.8682
KRT8	NFX1	3	0.1966	0.6054
ACTB	NFX1	3	0.0779	0.7096
MAPRE3	NFX1	3	0.7441	0.0356
ACTB	MLLT11	3	1.0000	0.0000
KRT8	ARHGAP5	3	0.0042	0.8397
ACTB	ARHGAP5	3	0.0171	0.7919
LMNA	PRDM2	3	0.0953	0.6933
KRT8	STRN3	3	0.0058	0.8327
ACTB	STRN3	3	0.0068	0.8289
MAPRE3	STRN3	3	0.0001	0.8682
KRT8	CDC16	3	0.4367	0.2304
LMNA	CDC16	3	0.0474	0.7405
ACTB	CDC16	3	0.0134	0.8040
CTNNA1	CDC16	3	0.0001	0.8682
MAPRE3	CDC16	3	0.0101	0.8155
KRT8	STK4	3	0.3305	0.4685
ACTB	STK4	3	0.0920	0.6963
KRT8	FLII	3	0.0905	0.6977
LMNA	FLII	3	0.0041	0.8402
ACTB	FLII	3	0.5003	0.1894
CTNNA1	FLII	3	0.0011	0.8566
MAPRE3	FLII	3	0.0075	0.8257
KRT8	TRIM32	3	0.6667	0.0696
KRT8	COASY	3	0.0128	0.8061
LMNA	COASY	3	0.0710	0.7163
ACTB	COASY	3	0.0550	0.7317
CTNNA1	COASY	3	0.0130	0.8054
MAPRE3	COASY	3	0.0068	0.8289
KRT8	ACACA	3	0.0074	0.8260
LMNA	ACACA	3	0.0142	0.8012
ACTB	ACACA	3	0.0041	0.8402
CTNNA1	ACACA	3	0.0117	0.8097
MAPRE3	ACACA	3	0.0036	0.8424
KRT8	GPS1	3	0.0272	0.7688
LMNA	GPS1	3	0.0013	0.8550
ACTB	GPS1	3	0.0271	0.7691
MAPRE3	GPS1	3	0.0002	0.8663
KRT8	USP4	3	0.0586	0.7276
LMNA	USP4	3	0.0092	0.8190
ACTB	USP4	3	0.0081	0.8234
MAPRE3	USP4	3	0.0004	0.8632
KRT8	CHAF1A	3	0.0000	0.8712
LMNA	CHAF1A	3	0.0078	0.8246
ACTB	CHAF1A	3	0.0003	0.8647
LMNA	CHAF1B	3	0.0041	0.8402
ACTB	CHAF1B	3	0.0001	0.8682
MAPRE3	CHAF1B	3	0.0000	0.8712
KRT8	KLF10	3	0.0000	0.8712
LMNA	KLF10	3	0.0095	0.8177
ACTB	KLF10	3	0.0002	0.8663
KRT8	IK	3	0.1600	0.6364
LMNA	IK	3	0.3230	0.4794
ACTB	IK	3	0.1896	0.6110
CTNNA1	IK	3	0.0631	0.7236
MAPRE3	IK	3	0.1753	0.6238
KRT8	MTAP	3	0.0533	0.7336
LMNA	MTAP	3	0.0785	0.7091
ACTB	MTAP	3	0.1973	0.6048
CTNNA1	MTAP	3	0.0988	0.6899
MAPRE3	MTAP	3	0.0501	0.7372
LMNA	RLF	3	0.0148	0.7989
KRT8	PRKAA1	3	0.0187	0.7876
LMNA	PRKAA1	3	0.0034	0.8433
ACTB	PRKAA1	3	0.0114	0.8107
CTNNA1	PRKAA1	3	0.0001	0.8682
MAPRE3	PRKAA1	3	0.0026	0.8473
KRT8	PPFIA1	3	0.1732	0.6252
LMNA	PPFIA1	3	0.0007	0.8600
ACTB	PPFIA1	3	0.0156	0.7963
CTNNA1	PPFIA1	3	0.0014	0.8544
MAPRE3	PPFIA1	3	0.0031	0.8449
KRT8	EIF2B5	3	0.0059	0.8324
ACTB	EIF2B5	3	0.0075	0.8257
MAPRE3	EIF2B5	3	0.0004	0.8632
KRT8	TARDBP	3	0.1830	0.6159
LMNA	TARDBP	3	0.1984	0.6043
ACTB	TARDBP	3	0.1259	0.6669
CTNNA1	TARDBP	3	0.0086	0.8215
MAPRE3	TARDBP	3	0.0252	0.7724
KRT8	HNRNPA0	3	0.1118	0.6788
LMNA	HNRNPA0	3	0.1967	0.6053
ACTB	HNRNPA0	3	0.0953	0.6933
CTNNA1	HNRNPA0	3	0.0112	0.8115
MAPRE3	HNRNPA0	3	0.0369	0.7533
KRT8	AIMP2	3	0.3208	0.4817
LMNA	AIMP2	3	0.1815	0.6172
ACTB	AIMP2	3	0.3135	0.4914
CTNNA1	AIMP2	3	0.0893	0.6989
MAPRE3	AIMP2	3	0.1784	0.6205
KRT8	PRDX4	3	0.1848	0.6146
LMNA	PRDX4	3	0.1414	0.6529
ACTB	PRDX4	3	0.1991	0.6037
CTNNA1	PRDX4	3	0.0167	0.7929
MAPRE3	PRDX4	3	0.0403	0.7489
KRT8	MAPK7	3	0.0001	0.8682
KRT8	PAK2	3	0.3956	0.2727
LMNA	PAK2	3	0.3010	0.5081
ACTB	PAK2	3	0.3813	0.2991
CTNNA1	PAK2	3	0.1250	0.6676
MAPRE3	PAK2	3	0.3023	0.5063
KRT8	CBX3	3	0.0957	0.6929
LMNA	CBX3	3	0.1159	0.6754
ACTB	CBX3	3	0.0721	0.7153
CTNNA1	CBX3	3	0.0174	0.7910
MAPRE3	CBX3	3	0.0515	0.7355
KRT8	STK3	3	0.0180	0.7895
ACTB	STK3	3	0.0098	0.8168
MAPRE3	STK3	3	0.0010	0.8573
KRT8	STX5	3	0.0073	0.8266
LMNA	STX5	3	0.1969	0.6051
ACTB	STX5	3	0.0068	0.8289
CTNNA1	STX5	3	0.0000	0.8712
MAPRE3	STX5	3	0.0032	0.8442
KRT8	CBLB	3	0.0202	0.7835
LMNA	CBLB	3	0.0011	0.8566
ACTB	CBLB	3	0.0231	0.7770
CTNNA1	CBLB	3	0.0004	0.8632
MAPRE3	CBLB	3	0.0049	0.8367
KRT8	PSMD2	3	0.1633	0.6334
LMNA	PSMD2	3	0.0024	0.8483
ACTB	PSMD2	3	0.0315	0.7614
CTNNA1	PSMD2	3	0.0005	0.8621
MAPRE3	PSMD2	3	0.0013	0.8550
KRT8	DDX10	3	0.0024	0.8483
LMNA	DDX10	3	0.0006	0.8612
ACTB	DDX10	3	0.0008	0.8590
MAPRE3	DDX10	3	0.0000	0.8712
LMNA	GPS2	3	0.0027	0.8469
KRT8	SELENBP1	3	0.0100	0.8159
LMNA	SELENBP1	3	0.0142	0.8012
ACTB	SELENBP1	3	0.0086	0.8215
CTNNA1	SELENBP1	3	0.0101	0.8155
MAPRE3	SELENBP1	3	0.0027	0.8469
KRT8	NME3	3	0.1272	0.6655
ACTB	NME3	3	0.4938	0.1913
ACTB	MAP3K1	3	0.6849	0.0554
MAPRE3	MAP3K1	3	0.0116	0.8099
LMNA	SRSF9	3	0.1223	0.6696
ACTB	SRSF9	3	0.0505	0.7368
CTNNA1	SRSF9	3	0.0182	0.7889
MAPRE3	SRSF9	3	0.0061	0.8316
KRT8	SRSF5	3	0.0278	0.7677
LMNA	SRSF5	3	0.1818	0.6169
ACTB	SRSF5	3	0.2336	0.5753
CTNNA1	SRSF5	3	0.0217	0.7797
KRT8	TRIM28	3	0.0344	0.7572
LMNA	TRIM28	3	0.2287	0.5790
ACTB	TRIM28	3	0.0761	0.7114
CTNNA1	TRIM28	3	0.0103	0.8147
MAPRE3	TRIM28	3	0.0378	0.7522
KRT8	G3BP1	3	0.3138	0.4910
LMNA	G3BP1	3	0.2010	0.6026
ACTB	G3BP1	3	0.3125	0.4928
CTNNA1	G3BP1	3	0.1526	0.6434
MAPRE3	G3BP1	3	0.3551	0.3523
KRT8	CLN3	3	0.1843	0.6150
ACTB	CLN3	3	0.0006	0.8612
KRT8	SKP2	3	0.0118	0.8094
LMNA	SKP2	3	0.0014	0.8544
ACTB	SKP2	3	0.0039	0.8410
MAPRE3	SKP2	3	0.0002	0.8663
KRT8	PABPC4	3	0.2941	0.5161
LMNA	PABPC4	3	0.1106	0.6796
ACTB	PABPC4	3	0.2952	0.5147
CTNNA1	PABPC4	3	0.0778	0.7098
MAPRE3	PABPC4	3	0.1566	0.6395
KRT8	ATM	3	0.0171	0.7919
LMNA	ATM	3	0.0044	0.8389
ACTB	ATM	3	0.0031	0.8449
MAPRE3	ATM	3	0.0000	0.8712
KRT8	GRB10	3	0.0013	0.8550
ACTB	GRB10	3	0.0113	0.8111
KRT8	IFIT5	3	0.0159	0.7955
ACTB	IFIT5	3	0.0105	0.8141
MAPRE3	IFIT5	3	0.0004	0.8632
KRT8	MTA1	3	0.0001	0.8682
LMNA	MTA1	3	0.0035	0.8429
ACTB	MTA1	3	0.0003	0.8647
KRT8	EIF3I	3	1.0000	0.0000
LMNA	EIF3I	3	0.3333	0.4115
KRT8	PPIL2	3	0.0055	0.8342
LMNA	PPIL2	3	0.2417	0.5683
ACTB	PPIL2	3	0.0047	0.8376
CTNNA1	PPIL2	3	0.0001	0.8682
MAPRE3	PPIL2	3	0.0029	0.8459
KRT8	PPP2R5C	3	0.0219	0.7793
LMNA	PPP2R5C	3	0.0101	0.8155
ACTB	PPP2R5C	3	0.0099	0.8164
KRT8	PDE3B	3	0.1009	0.6882
LMNA	PDE3B	3	0.0275	0.7681
ACTB	PDE3B	3	0.0212	0.7811
MAPRE3	PDE3B	3	0.0005	0.8621
KRT8	PDCL	3	0.3068	0.5006
LMNA	PDCL	3	0.0950	0.6936
ACTB	PDCL	3	0.3146	0.4894
CTNNA1	PDCL	3	0.0336	0.7583
MAPRE3	PDCL	3	0.0832	0.7041
KRT8	PLD1	3	0.0000	0.8712
ACTB	PLD1	3	0.0003	0.8647
KRT8	TARBP1	3	0.3176	0.4857
LMNA	TARBP1	3	0.0753	0.7120
KRT8	UBE2V1	3	0.1606	0.6360
LMNA	UBE2V1	3	0.0492	0.7382
ACTB	UBE2V1	3	0.1113	0.6791
CTNNA1	UBE2V1	3	0.0050	0.8364
MAPRE3	UBE2V1	3	0.0064	0.8304
KRT8	DYNC1I2	3	0.0107	0.8132
ACTB	DYNC1I2	3	0.0097	0.8172
KRT8	ORC1	3	0.6983	0.0502
LMNA	ORC1	3	0.3364	0.4026
ACTB	ORC1	3	0.0191	0.7866
MAPRE3	ORC1	3	0.3223	0.4805
KRT8	ORC2	3	0.1857	0.6141
LMNA	ORC2	3	0.3349	0.4066
ACTB	ORC2	3	0.1306	0.6626
MAPRE3	ORC2	3	0.2132	0.5921
KRT8	ILK	3	0.3238	0.4783
LMNA	ILK	3	0.1911	0.6099
ACTB	ILK	3	0.2905	0.5203
CTNNA1	ILK	3	0.1013	0.6876
MAPRE3	ILK	3	0.1913	0.6096
KRT8	NNT	3	0.3564	0.3505
LMNA	NNT	3	0.3588	0.3462
ACTB	NNT	3	0.0629	0.7240
CTNNA1	NNT	3	0.0141	0.8015
MAPRE3	NNT	3	0.0410	0.7481
KRT8	SNTB2	3	0.0562	0.7303
ACTB	SNTB2	3	0.0770	0.7105
CTNNA1	SNTB2	3	0.0002	0.8663
KRT8	PPIG	3	0.0522	0.7348
LMNA	PPIG	3	0.1905	0.6104
ACTB	PPIG	3	0.0453	0.7428
CTNNA1	PPIG	3	0.0030	0.8454
MAPRE3	PPIG	3	0.0130	0.8054
KRT8	TCOF1	3	0.0646	0.7220
LMNA	TCOF1	3	0.1838	0.6154
ACTB	TCOF1	3	0.1253	0.6673
CTNNA1	TCOF1	3	0.0068	0.8289
MAPRE3	TCOF1	3	0.0668	0.7200
KRT8	SF3B2	3	0.2604	0.5505
LMNA	SF3B2	3	0.3049	0.5028
ACTB	SF3B2	3	0.2720	0.5386
CTNNA1	SF3B2	3	0.0436	0.7450
MAPRE3	SF3B2	3	0.1968	0.6052
KRT8	GOLGA4	3	0.0062	0.8312
LMNA	GOLGA4	3	0.0001	0.8682
ACTB	GOLGA4	3	0.0045	0.8384
CTNNA1	GOLGA4	3	0.0000	0.8712
MAPRE3	GOLGA4	3	0.0014	0.8544
KRT8	PDAP1	3	0.4200	0.2417
LMNA	PDAP1	3	0.2462	0.5644
ACTB	PDAP1	3	0.4011	0.2671
CTNNA1	PDAP1	3	0.1466	0.6481
MAPRE3	PDAP1	3	0.3934	0.2769
LMNA	FKBP5	3	0.1593	0.6371
KRT8	MYO9B	3	0.0233	0.7765
LMNA	MYO9B	3	0.0012	0.8558
ACTB	MYO9B	3	0.0307	0.7626
CTNNA1	MYO9B	3	0.0010	0.8573
MAPRE3	MYO9B	3	0.0064	0.8304
KRT8	ROCK1	3	0.1817	0.6170
ACTB	ROCK1	3	0.3458	0.3735
MAPRE3	ROCK1	3	0.0017	0.8526
KRT8	TNK1	3	0.3952	0.2733
LMNA	TNK1	3	0.2830	0.5273
ACTB	TNK1	3	0.3636	0.3353
CTNNA1	TNK1	3	0.2062	0.5985
MAPRE3	TNK1	3	0.3146	0.4894
LMNA	TOP3A	3	1.0000	0.0000
KRT8	GAB1	3	0.2095	0.5956
ACTB	GAB1	3	0.2281	0.5794
KRT8	PICALM	3	0.0239	0.7753
LMNA	PICALM	3	0.0014	0.8544
ACTB	PICALM	3	0.0172	0.7916
CTNNA1	PICALM	3	0.0009	0.8582
MAPRE3	PICALM	3	0.0021	0.8502
KRT8	MAMLD1	3	0.0023	0.8489
LMNA	MAMLD1	3	0.1410	0.6535
MAPRE3	MAMLD1	3	0.0001	0.8682
KRT8	SQSTM1	3	0.3286	0.4717
LMNA	SQSTM1	3	0.1911	0.6099
ACTB	SQSTM1	3	0.3047	0.5032
CTNNA1	SQSTM1	3	0.1133	0.6775
MAPRE3	SQSTM1	3	0.2936	0.5168
KRT8	NAB1	3	0.2226	0.5844
LMNA	NAB1	3	0.3416	0.3872
ACTB	NAB1	3	0.2121	0.5931
CTNNA1	NAB1	3	0.0487	0.7387
MAPRE3	NAB1	3	0.2133	0.5921
KRT8	TUBB3	3	0.2940	0.5164
LMNA	TUBB3	3	0.0820	0.7057
ACTB	TUBB3	3	0.1968	0.6052
CTNNA1	TUBB3	3	0.0194	0.7859
MAPRE3	TUBB3	3	0.0496	0.7378
LMNA	PRP4K	3	0.0024	0.8483
MAPRE3	PRP4K	3	0.0000	0.8712
KRT8	ATR	3	0.0064	0.8304
LMNA	ATR	3	0.0050	0.8364
ACTB	ATR	3	0.0030	0.8454
KRT8	EIF4EBP1	3	0.0371	0.7530
LMNA	EIF4EBP1	3	0.0233	0.7765
ACTB	EIF4EBP1	3	0.0181	0.7892
CTNNA1	EIF4EBP1	3	0.0148	0.7989
MAPRE3	EIF4EBP1	3	0.0026	0.8473
KRT8	RIPK1	3	0.3306	0.4683
ACTB	RIPK1	3	0.3796	0.3020
MAPRE3	RIPK1	3	0.0027	0.8469
KRT8	HDAC1	3	0.0244	0.7741
LMNA	HDAC1	3	0.1100	0.6805
ACTB	HDAC1	3	0.0105	0.8141
CTNNA1	HDAC1	3	0.0107	0.8132
KRT8	CAMK2G	3	0.2899	0.5210
LMNA	CAMK2G	3	0.1533	0.6427
ACTB	CAMK2G	3	0.2687	0.5422
CTNNA1	CAMK2G	3	0.0530	0.7340
MAPRE3	CAMK2G	3	0.1588	0.6377
KRT8	CAMK2D	3	0.3862	0.2887
LMNA	CAMK2D	3	0.2668	0.5440
ACTB	CAMK2D	3	0.3509	0.3616
CTNNA1	CAMK2D	3	0.1367	0.6568
MAPRE3	CAMK2D	3	0.2569	0.5538
KRT8	DCTN2	3	0.0404	0.7488
ACTB	DCTN2	3	0.0346	0.7569
CTNNA1	DCTN2	3	0.0005	0.8621
MAPRE3	DCTN2	3	0.0464	0.7415
KRT8	NAE1	3	0.0543	0.7326
LMNA	NAE1	3	0.3348	0.4067
KRT8	ITPK1	3	0.5428	0.1734
ACTB	ITPK1	3	0.1396	0.6544
KRT8	SNW1	3	0.0886	0.6993
LMNA	SNW1	3	0.3150	0.4888
ACTB	SNW1	3	0.1273	0.6653
CTNNA1	SNW1	3	0.0384	0.7513
MAPRE3	SNW1	3	0.1821	0.6167
KRT8	DGKZ	3	0.0000	0.8712
KRT8	IQGAP2	3	0.1163	0.6750
LMNA	IQGAP2	3	0.0700	0.7172
ACTB	IQGAP2	3	0.5677	0.1652
MAPRE3	IQGAP2	3	0.0171	0.7919
KRT8	STIM1	3	0.0069	0.8283
LMNA	STIM1	3	0.0004	0.8632
ACTB	STIM1	3	0.0074	0.8260
CTNNA1	STIM1	3	0.0000	0.8712
MAPRE3	STIM1	3	0.0104	0.8144
KRT8	TRA2A	3	0.0425	0.7463
LMNA	TRA2A	3	0.1944	0.6075
ACTB	TRA2A	3	0.1055	0.6844
CTNNA1	TRA2A	3	0.0064	0.8304
MAPRE3	TRA2A	3	0.0168	0.7927
KRT8	SNX1	3	0.1348	0.6590
LMNA	SNX1	3	0.0198	0.7847
ACTB	SNX1	3	0.1149	0.6762
CTNNA1	SNX1	3	0.0133	0.8044
MAPRE3	SNX1	3	0.0181	0.7892
KRT8	PEX6	3	0.0190	0.7868
ACTB	PEX6	3	0.0046	0.8380
KRT8	MTMR1	3	0.1710	0.6274
LMNA	MTMR1	3	0.0015	0.8537
ACTB	MTMR1	3	0.0120	0.8088
MAPRE3	MTMR1	3	0.0003	0.8647
KRT8	MTMR2	3	0.2662	0.5447
LMNA	MTMR2	3	0.0526	0.7345
ACTB	MTMR2	3	0.1737	0.6248
CTNNA1	MTMR2	3	0.0146	0.7997
MAPRE3	MTMR2	3	0.0508	0.7365
KRT8	MTMR3	3	0.0957	0.6929
ACTB	MTMR3	3	0.0107	0.8132
KRT8	CUL1	3	0.1339	0.6597
LMNA	CUL1	3	0.0022	0.8496
ACTB	CUL1	3	0.0001	0.8682
KRT8	CUL2	3	0.0958	0.6928
LMNA	CUL2	3	0.3030	0.5051
ACTB	CUL2	3	0.0011	0.8566
KRT8	CUL3	3	0.0080	0.8239
LMNA	CUL3	3	0.0037	0.8419
ACTB	CUL3	3	0.0090	0.8199
MAPRE3	CUL3	3	0.0026	0.8473
KRT8	CUL4A	3	0.0316	0.7613
LMNA	CUL4A	3	0.0116	0.8099
ACTB	CUL4A	3	0.3069	0.5004
CTNNA1	CUL4A	3	0.0010	0.8573
MAPRE3	CUL4A	3	0.0072	0.8270
KRT8	CUL4B	3	0.3249	0.4770
LMNA	CUL4B	3	0.3073	0.4997
ACTB	CUL4B	3	0.2987	0.5111
CTNNA1	CUL4B	3	0.0858	0.7014
MAPRE3	CUL4B	3	0.2146	0.5910
KRT8	TP53BP2	3	0.0170	0.7922
LMNA	TP53BP2	3	0.0000	0.8712
ACTB	TP53BP2	3	0.0272	0.7688
CTNNA1	TP53BP2	3	0.0017	0.8526
MAPRE3	TP53BP2	3	0.0026	0.8473
KRT8	DYRK1A	3	0.0000	0.8712
MAPRE3	DYRK1A	3	0.0226	0.7778
KRT8	FHL1	3	0.3321	0.4655
LMNA	FHL1	3	0.2291	0.5787
ACTB	FHL1	3	0.2964	0.5135
MAPRE3	FHL1	3	0.0540	0.7330
KRT8	FHL3	3	0.0751	0.7122
LMNA	FHL3	3	0.0342	0.7575
ACTB	FHL3	3	0.0651	0.7216
CTNNA1	FHL3	3	0.0081	0.8234
MAPRE3	FHL3	3	0.0047	0.8376
KRT8	RIN1	3	0.0654	0.7213
LMNA	RIN1	3	0.0032	0.8442
ACTB	RIN1	3	0.4790	0.1988
MAPRE3	RIN1	3	0.0025	0.8479
KRT8	NCOA4	3	0.2160	0.5897
ACTB	NCOA4	3	0.0064	0.8304
MAPRE3	NCOA4	3	0.0003	0.8647
KRT8	SHROOM2	3	0.6667	0.0696
ACTB	SHROOM2	3	1.0000	0.0000
KRT8	SPTAN1	3	0.2639	0.5471
LMNA	SPTAN1	3	0.0755	0.7118
ACTB	SPTAN1	3	0.2792	0.5315
CTNNA1	SPTAN1	3	0.1578	0.6386
MAPRE3	SPTAN1	3	0.1534	0.6426
KRT8	GNL2	3	0.0000	0.8712
LMNA	GNL2	3	0.0021	0.8502
ACTB	GNL2	3	0.0000	0.8712
MAPRE3	GNL2	3	0.0001	0.8682
LMNA	PKP1	3	0.2675	0.5433
ACTB	PKP1	3	0.2172	0.5890
KRT8	DDX39B	3	0.0303	0.7635
LMNA	DDX39B	3	0.1549	0.6410
ACTB	DDX39B	3	0.1335	0.6599
CTNNA1	DDX39B	3	0.0384	0.7513
MAPRE3	DDX39B	3	0.0458	0.7422
KRT8	BLMH	3	0.0967	0.6920
LMNA	BLMH	3	0.1157	0.6755
ACTB	BLMH	3	0.2310	0.5773
CTNNA1	BLMH	3	0.0277	0.7678
MAPRE3	BLMH	3	0.0106	0.8138
CTNNA1	BMPR2	3	0.3333	0.4115
KRT8	TUBB2A	3	0.3768	0.3090
LMNA	TUBB2A	3	0.1939	0.6079
ACTB	TUBB2A	3	0.2067	0.5981
CTNNA1	TUBB2A	3	0.0294	0.7652
MAPRE3	TUBB2A	3	0.0734	0.7140
KRT8	KLF5	3	0.0120	0.8088
LMNA	KLF5	3	0.7202	0.0441
ACTB	KLF5	3	0.0029	0.8459
CTNNA1	KLF5	3	0.0014	0.8544
MAPRE3	KLF5	3	0.0004	0.8632
KRT8	GTF2H2;GTF2H2C	3	0.3442	0.3784
LMNA	GTF2H2;GTF2H2C	3	0.9246	0.0049
CTNNA1	GTF2H2;GTF2H2C	3	0.0011	0.8566
KRT8	BYSL	3	0.0004	0.8632
LMNA	BYSL	3	0.0115	0.8103
ACTB	BYSL	3	0.0004	0.8632
MAPRE3	BYSL	3	0.0000	0.8712
KRT8	RAPGEF1	3	0.0594	0.7269
ACTB	RAPGEF1	3	0.0243	0.7743
KRT8	IDI1	3	0.0446	0.7438
LMNA	IDI1	3	0.0115	0.8103
ACTB	IDI1	3	0.0368	0.7533
CTNNA1	IDI1	3	0.0000	0.8712
MAPRE3	IDI1	3	0.0031	0.8449
KRT8	CDK13	3	0.1361	0.6578
LMNA	CDK13	3	0.2468	0.5639
ACTB	CDK13	3	0.1667	0.6305
CTNNA1	CDK13	3	0.0019	0.8514
MAPRE3	CDK13	3	0.0538	0.7331
KRT8	CKAP5	3	0.2821	0.5281
LMNA	CKAP5	3	0.1349	0.6588
ACTB	CKAP5	3	0.2721	0.5385
CTNNA1	CKAP5	3	0.1348	0.6590
MAPRE3	CKAP5	3	0.4050	0.2634
KRT8	COTL1	3	0.2726	0.5377
LMNA	COTL1	3	0.9811	0.0010
ACTB	COTL1	3	0.0678	0.7188
CTNNA1	COTL1	3	0.0300	0.7640
MAPRE3	COTL1	3	0.1928	0.6086
KRT8	HNRNPD	3	0.0283	0.7669
LMNA	HNRNPD	3	0.0216	0.7801
ACTB	HNRNPD	3	0.0345	0.7570
CTNNA1	HNRNPD	3	0.0114	0.8107
MAPRE3	HNRNPD	3	0.0047	0.8376
KRT8	TOB2	3	0.0150	0.7983
ACTB	TOB2	3	0.0002	0.8663
LMNA	LRP8	3	0.0010	0.8573
KRT8	IL18	3	0.0545	0.7324
LMNA	IL18	3	0.0492	0.7382
ACTB	IL18	3	0.0610	0.7257
CTNNA1	IL18	3	0.0216	0.7801
MAPRE3	IL18	3	0.0094	0.8181
KRT8	DSG2	3	0.3309	0.4678
LMNA	DSG2	3	0.1589	0.6375
ACTB	DSG2	3	0.3673	0.3289
CTNNA1	DSG2	3	0.3043	0.5037
MAPRE3	DSG2	3	0.2197	0.5872
LMNA	VGLL4	3	0.1848	0.6146
KRT8	BOP1	3	0.1637	0.6327
LMNA	BOP1	3	0.2082	0.5969
ACTB	BOP1	3	0.0903	0.6980
CTNNA1	BOP1	3	0.0049	0.8367
MAPRE3	BOP1	3	0.0218	0.7795
KRT8	UBE4A	3	0.0008	0.8590
ACTB	UBE4A	3	0.0011	0.8566
KRT8	SEPTIN6	3	0.3333	0.4115
ACTB	SEPTIN6	3	0.6667	0.0696
CTNNA1	SEPTIN6	3	0.3333	0.4115
KRT8	KEAP1	3	0.2738	0.5368
LMNA	KEAP1	3	0.0421	0.7467
ACTB	KEAP1	3	0.0638	0.7228
MAPRE3	KEAP1	3	0.0482	0.7395
KRT8	URB2	3	0.0296	0.7648
LMNA	URB2	3	0.0028	0.8464
ACTB	URB2	3	0.0020	0.8508
MAPRE3	URB2	3	0.0002	0.8663
KRT8	DHX34	3	0.4834	0.1961
LMNA	DHX34	3	0.4115	0.2531
LMNA	MORC3	3	0.3449	0.3760
KRT8	SAFB2	3	0.1258	0.6670
LMNA	SAFB2	3	0.2894	0.5217
ACTB	SAFB2	3	0.2144	0.5911
CTNNA1	SAFB2	3	0.0011	0.8566
MAPRE3	SAFB2	3	0.1056	0.6843
KRT8	EIF3A	3	0.3182	0.4850
LMNA	EIF3A	3	0.1495	0.6457
ACTB	EIF3A	3	0.2924	0.5182
CTNNA1	EIF3A	3	0.0513	0.7357
MAPRE3	EIF3A	3	0.1344	0.6595
KRT8	ARHGEF7	3	0.0776	0.7100
ACTB	ARHGEF7	3	0.0829	0.7045
CTNNA1	ARHGEF7	3	0.0016	0.8531
MAPRE3	ARHGEF7	3	0.0240	0.7750
KRT8	EFR3A	3	0.0306	0.7628
ACTB	EFR3A	3	0.0043	0.8392
KRT8	UBAP2L	3	0.3275	0.4729
LMNA	UBAP2L	3	0.1299	0.6632
ACTB	UBAP2L	3	0.2895	0.5215
CTNNA1	UBAP2L	3	0.1262	0.6665
MAPRE3	UBAP2L	3	0.2688	0.5421
KRT8	SCRIB	3	0.2945	0.5156
LMNA	SCRIB	3	0.1423	0.6520
ACTB	SCRIB	3	0.3927	0.2775
CTNNA1	SCRIB	3	0.3434	0.3805
MAPRE3	SCRIB	3	0.2553	0.5552
KRT8	GIT2	3	0.0125	0.8071
LMNA	GIT2	3	0.0055	0.8342
ACTB	GIT2	3	0.0145	0.8000
CTNNA1	GIT2	3	0.0001	0.8682
MAPRE3	GIT2	3	0.0030	0.8454
KRT8	TTLL12	3	0.1117	0.6789
LMNA	TTLL12	3	0.0671	0.7197
ACTB	TTLL12	3	0.0608	0.7260
CTNNA1	TTLL12	3	0.0169	0.7924
MAPRE3	TTLL12	3	0.0146	0.7997
MAPRE3	MPP2	3	0.3333	0.4115
KRT8	POLA2	3	0.0061	0.8316
LMNA	POLA2	3	0.0545	0.7324
ACTB	POLA2	3	0.0024	0.8483
MAPRE3	POLA2	3	0.0005	0.8621
KRT8	DOCK1	3	0.0158	0.7958
ACTB	DOCK1	3	0.0225	0.7780
CTNNA1	DOCK1	3	0.0004	0.8632
MAPRE3	DOCK1	3	0.0039	0.8410
KRT8	TFDP1	3	0.0365	0.7539
LMNA	TFDP1	3	0.1023	0.6870
MAPRE3	TFDP1	3	0.0362	0.7543
KRT8	WRN	3	0.0034	0.8433
LMNA	WRN	3	0.0608	0.7260
ACTB	WRN	3	0.0000	0.8712
MAPRE3	WRN	3	0.0116	0.8099
KRT8	DPYSL3	3	0.3389	0.3957
LMNA	DPYSL3	3	0.1719	0.6264
ACTB	DPYSL3	3	0.3172	0.4860
CTNNA1	DPYSL3	3	0.1421	0.6524
MAPRE3	DPYSL3	3	0.2228	0.5842
KRT8	ZMYM3	3	0.0015	0.8537
LMNA	ZMYM3	3	0.0127	0.8065
ACTB	ZMYM3	3	0.0001	0.8682
MAPRE3	ZMYM3	3	0.0000	0.8712
KRT8	DCTN1	3	0.0570	0.7294
LMNA	DCTN1	3	0.0017	0.8526
ACTB	DCTN1	3	0.0179	0.7898
CTNNA1	DCTN1	3	0.0008	0.8590
MAPRE3	DCTN1	3	0.1606	0.6360
KRT8	DYNC1H1	3	0.3501	0.3635
LMNA	DYNC1H1	3	0.2068	0.5980
ACTB	DYNC1H1	3	0.3272	0.4735
CTNNA1	DYNC1H1	3	0.1106	0.6796
MAPRE3	DYNC1H1	3	0.2119	0.5932
LMNA	NPAT	3	0.0325	0.7598
KRT8	EIF2B1	3	0.0938	0.6947
LMNA	EIF2B1	3	0.0656	0.7211
ACTB	EIF2B1	3	0.1061	0.6837
LMNA	EIF4A2	3	0.0033	0.8438
CTNNA1	EIF4A2	3	0.0008	0.8590
MAPRE3	EIF4A2	3	0.0010	0.8573
KRT8	ELOA	3	0.0000	0.8712
LMNA	ELOA	3	0.0062	0.8312
ACTB	ELOA	3	0.0002	0.8663
MAPRE3	ELOA	3	0.0001	0.8682
KRT8	MAP7	3	0.0581	0.7282
ACTB	MAP7	3	0.0026	0.8473
MAPRE3	MAP7	3	0.9940	0.0003
KRT8	CTTN	3	0.2912	0.5195
LMNA	CTTN	3	0.1167	0.6749
ACTB	CTTN	3	0.3786	0.3040
CTNNA1	CTTN	3	0.1423	0.6520
MAPRE3	CTTN	3	0.2057	0.5988
KRT8	FLOT2	3	0.0350	0.7563
LMNA	FLOT2	3	0.0095	0.8177
ACTB	FLOT2	3	0.1135	0.6773
CTNNA1	FLOT2	3	0.0354	0.7557
MAPRE3	FLOT2	3	0.0053	0.8350
KRT8	TRIM25	3	0.3160	0.4878
LMNA	TRIM25	3	0.1575	0.6388
ACTB	TRIM25	3	0.2910	0.5197
CTNNA1	TRIM25	3	0.0489	0.7385
MAPRE3	TRIM25	3	0.2898	0.5212
ACTB	PTK2B	3	0.3333	0.4115
KRT8	FLNC	3	0.2801	0.5298
LMNA	FLNC	3	0.1079	0.6823
ACTB	FLNC	3	0.3015	0.5072
CTNNA1	FLNC	3	0.0828	0.7047
MAPRE3	FLNC	3	0.1422	0.6522
KRT8	FKBP8	3	0.0356	0.7555
LMNA	FKBP8	3	0.0618	0.7250
ACTB	FKBP8	3	0.0317	0.7612
CTNNA1	FKBP8	3	0.0185	0.7881
MAPRE3	FKBP8	3	0.0043	0.8392
KRT8	FAM50A	3	0.0158	0.7958
LMNA	FAM50A	3	0.0408	0.7483
ACTB	FAM50A	3	0.0192	0.7864
MAPRE3	FAM50A	3	0.0054	0.8345
KRT8	FRG1	3	0.0004	0.8632
LMNA	FRG1	3	0.0053	0.8350
ACTB	FRG1	3	0.0008	0.8590
CTNNA1	FRG1	3	0.0000	0.8712
MAPRE3	FRG1	3	0.0000	0.8712
KRT8	GNA13	3	0.3075	0.4993
LMNA	GNA13	3	0.0015	0.8537
ACTB	GNA13	3	0.0099	0.8164
LMNA	GAMT	3	0.0010	0.8573
KRT8	GALE	3	0.0324	0.7601
LMNA	GALE	3	0.0295	0.7650
ACTB	GALE	3	0.0526	0.7345
CTNNA1	GALE	3	0.0124	0.8074
MAPRE3	GALE	3	0.0101	0.8155
KRT8	PDE3A	3	0.3018	0.5069
LMNA	PDE3A	3	0.1617	0.6350
ACTB	PDE3A	3	0.2347	0.5746
CTNNA1	PDE3A	3	0.0350	0.7563
MAPRE3	PDE3A	3	0.1955	0.6062
KRT8	CAPRIN1	3	0.1755	0.6235
LMNA	CAPRIN1	3	0.0263	0.7706
ACTB	CAPRIN1	3	0.1539	0.6420
CTNNA1	CAPRIN1	3	0.0217	0.7797
MAPRE3	CAPRIN1	3	0.1801	0.6187
KRT8	RBM39	3	0.0710	0.7163
LMNA	RBM39	3	0.3150	0.4888
ACTB	RBM39	3	0.1058	0.6840
CTNNA1	RBM39	3	0.0269	0.7694
MAPRE3	RBM39	3	0.0930	0.6955
MAPRE3	KRT33B	3	0.0000	0.8712
KRT8	HLTF	3	0.0012	0.8558
LMNA	HLTF	3	0.1905	0.6104
MAPRE3	HLTF	3	0.0006	0.8612
KRT8	PRPSAP1	3	0.0185	0.7881
LMNA	PRPSAP1	3	0.0004	0.8632
ACTB	PRPSAP1	3	0.0087	0.8211
MAPRE3	PRPSAP1	3	0.0004	0.8632
KRT8	DHX8	3	0.0019	0.8514
LMNA	DHX8	3	0.0249	0.7730
ACTB	DHX8	3	0.0008	0.8590
KRT8	MCM6	3	0.2730	0.5375
LMNA	MCM6	3	0.2746	0.5359
ACTB	MCM6	3	0.1849	0.6145
CTNNA1	MCM6	3	0.0289	0.7660
MAPRE3	MCM6	3	0.0799	0.7080
KRT8	ITPR2	3	0.8504	0.0134
LMNA	ITPR2	3	0.3339	0.4091
ACTB	ITPR2	3	0.1244	0.6680
CTNNA1	ITPR2	3	0.0064	0.8304
MAPRE3	ITPR2	3	0.0093	0.8186
KRT8	ITPR3	3	0.3039	0.5040
LMNA	ITPR3	3	0.1704	0.6278
ACTB	ITPR3	3	0.1867	0.6128
CTNNA1	ITPR3	3	0.0270	0.7692
MAPRE3	ITPR3	3	0.1008	0.6882
LMNA	DSC3	3	0.0017	0.8526
ACTB	DSC3	3	0.0021	0.8502
LMNA	ZNF267	3	1.0000	0.0000
KRT8	ZNF268	3	0.0000	0.8712
LMNA	ZNF268	3	0.0032	0.8442
LMNA	ZNF460	3	1.0000	0.0000
KRT8	NBR1	3	0.0752	0.7121
ACTB	NBR1	3	0.0160	0.7952
MAPRE3	NBR1	3	0.0001	0.8682
KRT8	ITPR1	3	0.1390	0.6549
LMNA	ITPR1	3	0.0046	0.8380
ACTB	ITPR1	3	0.0049	0.8367
KRT8	RASA3	3	0.0019	0.8514
ACTB	RASA3	3	0.2571	0.5538
CTNNA1	RASA3	3	0.0038	0.8415
MAPRE3	RASA3	3	0.0001	0.8682
ACTB	LAGE3	3	0.0505	0.7368
CTNNA1	LAGE3	3	0.0035	0.8429
KRT8	BLTP2	3	0.5288	0.1761
ACTB	BLTP2	3	0.0349	0.7564
MAPRE3	BLTP2	3	0.0010	0.8573
KRT8	TRIP12	3	0.3256	0.4763
LMNA	TRIP12	3	0.3817	0.2982
ACTB	TRIP12	3	0.3324	0.4648
CTNNA1	TRIP12	3	0.1093	0.6813
MAPRE3	TRIP12	3	0.3106	0.4951
KRT8	PUM1	3	0.2898	0.5212
LMNA	PUM1	3	0.0932	0.6953
ACTB	PUM1	3	0.2455	0.5651
CTNNA1	PUM1	3	0.0896	0.6986
MAPRE3	PUM1	3	0.1639	0.6326
KRT8	ESPL1	3	0.0634	0.7232
ACTB	ESPL1	3	0.0284	0.7668
MAPRE3	ESPL1	3	0.0506	0.7367
KRT8	MDC1	3	0.1045	0.6854
LMNA	MDC1	3	0.2159	0.5901
ACTB	MDC1	3	0.1261	0.6667
CTNNA1	MDC1	3	0.0158	0.7958
MAPRE3	MDC1	3	0.0746	0.7126
KRT8	CLINT1	3	0.4180	0.2443
LMNA	CLINT1	3	0.2922	0.5183
ACTB	CLINT1	3	0.3864	0.2881
CTNNA1	CLINT1	3	0.1814	0.6174
MAPRE3	CLINT1	3	0.3014	0.5073
KRT8	KANK1	3	0.3445	0.3776
LMNA	KANK1	3	0.1012	0.6878
ACTB	KANK1	3	0.3396	0.3936
CTNNA1	KANK1	3	0.2078	0.5971
MAPRE3	KANK1	3	0.2612	0.5499
KRT8	TTLL4	3	0.0216	0.7801
ACTB	TTLL4	3	0.0099	0.8164
MAPRE3	TTLL4	3	0.0016	0.8531
KRT8	MELK	3	0.3856	0.2911
LMNA	MELK	3	0.2297	0.5783
ACTB	MELK	3	0.3141	0.4905
CTNNA1	MELK	3	0.1110	0.6794
MAPRE3	MELK	3	0.2332	0.5755
KRT8	SMC1A	3	0.3150	0.4888
LMNA	SMC1A	3	0.0854	0.7019
ACTB	SMC1A	3	0.1826	0.6163
CTNNA1	SMC1A	3	0.0287	0.7663
MAPRE3	SMC1A	3	0.0772	0.7103
KRT8	RRP1B	3	0.0000	0.8712
LMNA	RRP1B	3	0.0006	0.8612
ACTB	RRP1B	3	0.0000	0.8712
MAPRE3	RRP1B	3	0.0001	0.8682
LMNA	NCOA6	3	0.0007	0.8600
ACTB	NCOA6	3	0.0001	0.8682
KRT8	GSE1	3	0.0009	0.8582
LMNA	GSE1	3	0.0036	0.8424
MAPRE3	GSE1	3	0.0000	0.8712
KRT8	DIP2A	3	0.3417	0.3870
ACTB	DIP2A	3	0.3333	0.4115
KRT8	PDCD11	3	0.1008	0.6882
LMNA	PDCD11	3	0.0105	0.8141
ACTB	PDCD11	3	0.0110	0.8122
CTNNA1	PDCD11	3	0.0000	0.8712
MAPRE3	PDCD11	3	0.0042	0.8397
KRT8	BMS1	3	0.0995	0.6894
LMNA	BMS1	3	0.2188	0.5877
ACTB	BMS1	3	0.0959	0.6927
CTNNA1	BMS1	3	0.0091	0.8194
MAPRE3	BMS1	3	0.0330	0.7591
LMNA	LPIN1	3	0.0030	0.8454
ACTB	LPIN1	3	0.4156	0.2464
KRT8	USP10	3	0.0047	0.8376
LMNA	USP10	3	0.0003	0.8647
ACTB	USP10	3	0.0037	0.8419
CTNNA1	USP10	3	0.0000	0.8712
MAPRE3	USP10	3	0.0005	0.8621
KRT8	GANAB	3	0.1836	0.6156
LMNA	GANAB	3	0.0632	0.7234
ACTB	GANAB	3	0.1872	0.6123
CTNNA1	GANAB	3	0.0480	0.7398
MAPRE3	GANAB	3	0.0213	0.7808
KRT8	MFSD10	3	0.0264	0.7703
LMNA	MFSD10	3	0.1987	0.6040
ACTB	MFSD10	3	0.0010	0.8573
KRT8	PPP2R5D	3	0.2907	0.5199
LMNA	PPP2R5D	3	0.1381	0.6557
ACTB	PPP2R5D	3	0.2681	0.5426
CTNNA1	PPP2R5D	3	0.0206	0.7826
MAPRE3	PPP2R5D	3	0.0680	0.7185
KRT8	LBR	3	0.2032	0.6006
LMNA	LBR	3	0.6052	0.1567
ACTB	LBR	3	0.1538	0.6421
CTNNA1	LBR	3	0.0753	0.7120
MAPRE3	LBR	3	0.1106	0.6796
KRT8	COG2	3	0.0289	0.7660
ACTB	COG2	3	0.0212	0.7811
MAPRE3	COG2	3	0.0000	0.8712
KRT8	MVP	3	0.0161	0.7948
LMNA	MVP	3	0.0010	0.8573
ACTB	MVP	3	0.0120	0.8088
CTNNA1	MVP	3	0.0001	0.8682
MAPRE3	MVP	3	0.0009	0.8582
KRT8	GOLGB1	3	0.2526	0.5579
LMNA	GOLGB1	3	0.1176	0.6739
ACTB	GOLGB1	3	0.2623	0.5489
CTNNA1	GOLGB1	3	0.0744	0.7129
MAPRE3	GOLGB1	3	0.1136	0.6771
KRT8	CASP8	3	0.0665	0.7202
LMNA	CASP8	3	0.3803	0.3005
ACTB	CASP8	3	0.0177	0.7904
CTNNA1	CASP8	3	0.0004	0.8632
MAPRE3	CASP8	3	0.0037	0.8419
KRT8	NAA30	3	0.0033	0.8438
ACTB	NAA30	3	0.0077	0.8250
MAPRE3	NAA30	3	0.0003	0.8647
KRT8	KIF22	3	0.1817	0.6170
LMNA	KIF22	3	0.3096	0.4965
ACTB	KIF22	3	0.1335	0.6599
CTNNA1	KIF22	3	0.0416	0.7472
MAPRE3	KIF22	3	0.2099	0.5952
KRT8	MEF2D	3	0.0007	0.8600
LMNA	MEF2D	3	0.0199	0.7843
ACTB	MEF2D	3	0.0013	0.8550
MAPRE3	MEF2D	3	0.0002	0.8663
KRT8	CHD4	3	0.1454	0.6490
LMNA	CHD4	3	0.2953	0.5146
ACTB	CHD4	3	0.1326	0.6611
CTNNA1	CHD4	3	0.0260	0.7711
MAPRE3	CHD4	3	0.1542	0.6417
KRT8	LASP1	3	0.2755	0.5348
LMNA	LASP1	3	0.1231	0.6689
ACTB	LASP1	3	0.4037	0.2644
CTNNA1	LASP1	3	0.1308	0.6625
MAPRE3	LASP1	3	0.1728	0.6256
KRT8	ARID5B	3	0.0011	0.8566
LMNA	ARID5B	3	0.1038	0.6858
CTNNA1	ARID5B	3	0.0004	0.8632
MAPRE3	ARID5B	3	0.0019	0.8514
KRT8	MTF1	3	0.0009	0.8582
LMNA	MTF1	3	0.0206	0.7826
ACTB	MTF1	3	0.0013	0.8550
KRT8	PTGR1	3	0.0415	0.7474
LMNA	PTGR1	3	0.5124	0.1827
ACTB	PTGR1	3	0.2473	0.5633
KRT8	NFATC4	3	0.0262	0.7708
ACTB	NFATC4	3	0.0126	0.8068
KRT8	NFIX	3	0.0006	0.8612
LMNA	NFIX	3	0.0195	0.7855
KRT8	ZNF638	3	0.1528	0.6431
LMNA	ZNF638	3	0.3194	0.4834
ACTB	ZNF638	3	0.1921	0.6090
CTNNA1	ZNF638	3	0.0043	0.8392
MAPRE3	ZNF638	3	0.2916	0.5192
KRT8	KPNB1	3	0.3600	0.3450
LMNA	KPNB1	3	0.2078	0.5971
ACTB	KPNB1	3	0.3060	0.5015
CTNNA1	KPNB1	3	0.0708	0.7165
MAPRE3	KPNB1	3	0.2109	0.5941
LMNA	NOLC1	3	0.0001	0.8682
MAPRE3	NOLC1	3	0.0000	0.8712
KRT8	NUMA1	3	0.2143	0.5912
LMNA	NUMA1	3	0.2816	0.5283
ACTB	NUMA1	3	0.1945	0.6073
CTNNA1	NUMA1	3	0.0312	0.7619
MAPRE3	NUMA1	3	0.1478	0.6469
CTNNA1	PSME4	3	0.0002	0.8663
KRT8	CUL7	3	0.6667	0.0696
LMNA	SHPRH	3	0.0145	0.8000
KRT8	SLMAP	3	0.0116	0.8099
ACTB	SLMAP	3	0.0063	0.8308
KRT8	GAPVD1	3	0.3506	0.3626
LMNA	GAPVD1	3	0.1273	0.6653
ACTB	GAPVD1	3	0.2977	0.5122
CTNNA1	GAPVD1	3	0.1251	0.6675
MAPRE3	GAPVD1	3	0.2271	0.5802
LMNA	ARHGAP19	3	0.6667	0.0696
KRT8	KRT72	3	0.4757	0.2016
CTNNA1	KRT72	3	0.0153	0.7974
KRT8	NAA25	3	0.0306	0.7628
ACTB	NAA25	3	0.0091	0.8194
KRT8	NCAPH	3	0.3500	0.3639
LMNA	NCAPH	3	0.2389	0.5708
ACTB	NCAPH	3	0.2536	0.5567
CTNNA1	NCAPH	3	0.0380	0.7519
MAPRE3	NCAPH	3	0.1346	0.6592
KRT8	SPCS2	3	0.0167	0.7929
LMNA	SPCS2	3	0.7474	0.0346
ACTB	SPCS2	3	0.0089	0.8203
CTNNA1	SPCS2	3	0.0002	0.8663
LMNA	WTAP	3	0.6667	0.0696
KRT8	PSMD6	3	0.0302	0.7637
LMNA	PSMD6	3	0.0131	0.8051
ACTB	PSMD6	3	0.0040	0.8407
CTNNA1	PSMD6	3	0.0000	0.8712
MAPRE3	PSMD6	3	0.0046	0.8380
KRT8	LAPTM4A	3	0.3332	0.4624
LMNA	LAPTM4A	3	0.0069	0.8283
KRT8	ABRAXAS2	3	0.0115	0.8103
KRT8	SEPTIN2	3	0.0114	0.8107
LMNA	SEPTIN2	3	0.0004	0.8632
ACTB	SEPTIN2	3	0.0102	0.8152
CTNNA1	SEPTIN2	3	0.0000	0.8712
MAPRE3	SEPTIN2	3	0.0007	0.8600
KRT8	SART3	3	0.0001	0.8682
LMNA	SART3	3	0.0092	0.8190
ACTB	SART3	3	0.0001	0.8682
MAPRE3	SART3	3	0.0001	0.8682
KRT8	NCAPD2	3	0.2404	0.5697
LMNA	NCAPD2	3	0.0025	0.8479
ACTB	NCAPD2	3	0.0095	0.8177
CTNNA1	NCAPD2	3	0.0004	0.8632
MAPRE3	NCAPD2	3	0.0015	0.8537
LMNA	SUZ12	3	0.0204	0.7829
KRT8	EXOSC7	3	0.0108	0.8130
LMNA	EXOSC7	3	0.0025	0.8479
ACTB	EXOSC7	3	0.0104	0.8144
MAPRE3	EXOSC7	3	0.0000	0.8712
KRT8	TNIP1	3	0.3639	0.3348
ACTB	TNIP1	3	0.0660	0.7206
MAPRE3	TNIP1	3	0.0082	0.8230
KRT8	EFTUD2	3	0.3193	0.4835
LMNA	EFTUD2	3	0.2597	0.5514
ACTB	EFTUD2	3	0.2824	0.5276
CTNNA1	EFTUD2	3	0.0730	0.7145
MAPRE3	EFTUD2	3	0.2015	0.6019
KRT8	LARS2	3	0.0642	0.7223
LMNA	LARS2	3	0.1283	0.6645
CTNNA1	LARS2	3	0.0267	0.7698
KRT8	R3HDM1	3	0.0060	0.8320
ACTB	R3HDM1	3	0.0062	0.8312
MAPRE3	R3HDM1	3	0.0001	0.8682
KRT8	SNX17	3	0.2480	0.5627
LMNA	SNX17	3	0.6683	0.0668
ACTB	SNX17	3	0.0170	0.7922
KRT8	RAB3GAP1	3	0.0281	0.7672
LMNA	RAB3GAP1	3	0.0039	0.8410
ACTB	RAB3GAP1	3	0.0181	0.7892
CTNNA1	RAB3GAP1	3	0.0003	0.8647
MAPRE3	RAB3GAP1	3	0.0021	0.8502
KRT8	SLC39A14	3	0.2798	0.5304
LMNA	SLC39A14	3	0.2259	0.5818
ACTB	SLC39A14	3	0.2434	0.5672
CTNNA1	SLC39A14	3	0.0806	0.7071
MAPRE3	SLC39A14	3	0.0577	0.7287
KRT8	KARS1	3	0.2142	0.5912
LMNA	KARS1	3	0.0450	0.7432
ACTB	KARS1	3	0.2002	0.6030
CTNNA1	KARS1	3	0.0326	0.7596
MAPRE3	KARS1	3	0.0705	0.7167
KRT8	SETDB1	3	0.0583	0.7279
LMNA	SETDB1	3	0.0044	0.8389
ACTB	SETDB1	3	0.0036	0.8424
MAPRE3	SETDB1	3	0.0008	0.8590
KRT8	RRS1	3	0.0476	0.7402
LMNA	RRS1	3	0.0612	0.7255
ACTB	RRS1	3	0.0770	0.7105
CTNNA1	RRS1	3	0.0523	0.7347
MAPRE3	RRS1	3	0.0131	0.8051
KRT8	IQCB1	3	0.4284	0.2374
ACTB	IQCB1	3	0.0022	0.8496
KRT8	POLD3	3	0.0008	0.8590
LMNA	POLD3	3	0.0150	0.7983
ACTB	POLD3	3	0.0004	0.8632
MAPRE3	POLD3	3	0.0001	0.8682
KRT8	EIF4H	3	0.3336	0.4104
LMNA	EIF4H	3	0.2360	0.5729
ACTB	EIF4H	3	0.2891	0.5222
CTNNA1	EIF4H	3	0.0478	0.7400
MAPRE3	EIF4H	3	0.1734	0.6250
KRT8	ACAP2	3	0.3393	0.3945
ACTB	ACAP2	3	0.0041	0.8402
KRT8	KIF14	3	0.2966	0.5133
LMNA	KIF14	3	0.1034	0.6860
ACTB	KIF14	3	0.3079	0.4986
CTNNA1	KIF14	3	0.0873	0.7004
MAPRE3	KIF14	3	0.3461	0.3727
KRT8	WDR43	3	0.0666	0.7201
LMNA	WDR43	3	0.0496	0.7378
ACTB	WDR43	3	0.0511	0.7360
CTNNA1	WDR43	3	0.0042	0.8397
MAPRE3	WDR43	3	0.0043	0.8392
ACTB	EEA1	3	0.0389	0.7507
MAPRE3	EEA1	3	0.0549	0.7319
KRT8	PDIA6	3	0.0375	0.7526
LMNA	PDIA6	3	0.0208	0.7820
ACTB	PDIA6	3	0.0312	0.7619
CTNNA1	PDIA6	3	0.0074	0.8260
MAPRE3	PDIA6	3	0.0037	0.8419
KRT8	PEA15	3	0.0072	0.8270
ACTB	PEA15	3	0.0085	0.8220
MAPRE3	PEA15	3	0.0000	0.8712
KRT8	EBP	3	0.2477	0.5630
LMNA	EBP	3	0.1314	0.6621
ACTB	EBP	3	0.1040	0.6856
CTNNA1	EBP	3	0.0009	0.8582
MAPRE3	EBP	3	0.0394	0.7501
KRT8	PLEC	3	0.6722	0.0629
LMNA	PLEC	3	0.0976	0.6910
ACTB	PLEC	3	0.1943	0.6076
CTNNA1	PLEC	3	0.0811	0.7066
MAPRE3	PLEC	3	0.1039	0.6857
KRT8	PCM1	3	0.4080	0.2576
LMNA	PCM1	3	0.0909	0.6974
ACTB	PCM1	3	0.2050	0.5994
CTNNA1	PCM1	3	0.1154	0.6758
MAPRE3	PCM1	3	0.1843	0.6150
KRT8	PON2	3	0.2505	0.5601
LMNA	PON2	3	0.1061	0.6837
ACTB	PON2	3	0.1757	0.6234
CTNNA1	PON2	3	0.0159	0.7955
MAPRE3	PON2	3	0.0137	0.8027
KRT8	PPP2R5A	3	0.2765	0.5339
ACTB	PPP2R5A	3	0.0018	0.8519
KRT8	PPA1	3	0.0458	0.7422
LMNA	PPA1	3	0.0902	0.6981
ACTB	PPA1	3	0.0195	0.7855
CTNNA1	PPA1	3	0.0037	0.8419
MAPRE3	PPA1	3	0.0124	0.8074
KRT8	PTGES3	3	0.0361	0.7545
LMNA	PTGES3	3	0.0177	0.7904
ACTB	PTGES3	3	0.0225	0.7780
CTNNA1	PTGES3	3	0.0137	0.8027
MAPRE3	PTGES3	3	0.0089	0.8203
KRT8	STK38	3	0.3715	0.3200
LMNA	STK38	3	0.2750	0.5354
ACTB	STK38	3	0.3299	0.4698
CTNNA1	STK38	3	0.1054	0.6845
MAPRE3	STK38	3	0.2637	0.5476
KRT8	NONO	3	0.2051	0.5993
LMNA	NONO	3	0.3308	0.4679
ACTB	NONO	3	0.1748	0.6241
CTNNA1	NONO	3	0.0444	0.7439
MAPRE3	NONO	3	0.1416	0.6528
KRT8	PTPA	3	0.2017	0.6017
LMNA	PTPA	3	0.0043	0.8392
ACTB	PTPA	3	0.0016	0.8531
KRT8	PTPRK	3	0.0239	0.7753
LMNA	PTPRK	3	0.0198	0.7847
ACTB	PTPRK	3	0.0478	0.7400
CTNNA1	PTPRK	3	0.0486	0.7389
MAPRE3	PTPRK	3	0.0000	0.8712
KRT8	PWP2	3	0.2664	0.5445
LMNA	PWP2	3	0.2793	0.5312
ACTB	PWP2	3	0.2137	0.5918
CTNNA1	PWP2	3	0.0552	0.7314
MAPRE3	PWP2	3	0.1120	0.6786
KRT8	RABEP1	3	0.0411	0.7478
LMNA	RABEP1	3	0.0006	0.8612
ACTB	RABEP1	3	0.0216	0.7801
CTNNA1	RABEP1	3	0.0000	0.8712
MAPRE3	RABEP1	3	0.0020	0.8508
KRT8	RNPS1	3	0.0079	0.8242
LMNA	RNPS1	3	0.3287	0.4716
ACTB	RNPS1	3	0.3123	0.4930
CTNNA1	RNPS1	3	0.1282	0.6645
MAPRE3	RNPS1	3	0.1532	0.6428
LMNA	RBBP5	3	0.0093	0.8186
KRT8	RALBP1	3	0.0416	0.7472
KRT8	LLGL1	3	0.1269	0.6658
LMNA	LLGL1	3	0.0747	0.7125
ACTB	LLGL1	3	0.2300	0.5781
CTNNA1	LLGL1	3	0.0780	0.7095
MAPRE3	LLGL1	3	0.0219	0.7793
KRT8	LRRC41	3	0.3379	0.3986
KRT8	PCBP1	3	0.2409	0.5690
LMNA	PCBP1	3	0.1466	0.6481
ACTB	PCBP1	3	0.2412	0.5687
CTNNA1	PCBP1	3	0.0185	0.7881
MAPRE3	PCBP1	3	0.0641	0.7225
KRT8	PCBP2	3	0.2313	0.5770
LMNA	PCBP2	3	0.1116	0.6790
ACTB	PCBP2	3	0.1713	0.6270
CTNNA1	PCBP2	3	0.0204	0.7829
MAPRE3	PCBP2	3	0.0360	0.7547
LMNA	ELOB	3	0.0000	0.8712
CTNNA1	ELOB	3	0.0000	0.8712
KRT8	RHEB	3	0.4605	0.2121
LMNA	RHEB	3	0.3439	0.3790
ACTB	RHEB	3	0.3852	0.2917
CTNNA1	RHEB	3	0.1382	0.6556
MAPRE3	RHEB	3	0.2954	0.5145
KRT8	UBE3C	3	0.3714	0.3202
LMNA	UBE3C	3	0.0043	0.8392
ACTB	UBE3C	3	0.0100	0.8159
MAPRE3	UBE3C	3	0.0002	0.8663
KRT8	TOMM20	3	0.0042	0.8397
ACTB	TOMM20	3	0.0048	0.8371
ACTB	MTFR1	3	1.0000	0.0000
KRT8	DHCR24	3	0.3869	0.2872
LMNA	DHCR24	3	0.2217	0.5856
ACTB	DHCR24	3	0.0685	0.7181
CTNNA1	DHCR24	3	0.0112	0.8115
MAPRE3	DHCR24	3	0.0165	0.7936
KRT8	SF3B3	3	0.3168	0.4864
LMNA	SF3B3	3	0.2304	0.5778
ACTB	SF3B3	3	0.2714	0.5395
CTNNA1	SF3B3	3	0.0645	0.7221
MAPRE3	SF3B3	3	0.1629	0.6338
KRT8	PUM3	3	0.0003	0.8647
LMNA	PUM3	3	0.0024	0.8483
ACTB	PUM3	3	0.0036	0.8424
MAPRE3	PUM3	3	0.0001	0.8682
KRT8	DLGAP5	3	0.0159	0.7955
LMNA	DLGAP5	3	0.0113	0.8111
ACTB	DLGAP5	3	0.0167	0.7929
CTNNA1	DLGAP5	3	0.0009	0.8582
MAPRE3	DLGAP5	3	0.6721	0.0634
KRT8	CNN3	3	0.2249	0.5824
LMNA	CNN3	3	0.1143	0.6767
ACTB	CNN3	3	0.4627	0.2098
CTNNA1	CNN3	3	0.0369	0.7533
MAPRE3	CNN3	3	0.0732	0.7142
KRT8	RPS6KA1	3	0.3320	0.4657
LMNA	RPS6KA1	3	0.2184	0.5878
ACTB	RPS6KA1	3	0.3166	0.4868
CTNNA1	RPS6KA1	3	0.0719	0.7155
MAPRE3	RPS6KA1	3	0.2074	0.5977
KRT8	SAFB	3	0.1131	0.6778
LMNA	SAFB	3	0.2617	0.5494
ACTB	SAFB	3	0.1809	0.6180
CTNNA1	SAFB	3	0.0116	0.8099
MAPRE3	SAFB	3	0.0938	0.6947
KRT8	PPP1R7	3	0.3333	0.4115
KRT8	SEC23A	3	0.2324	0.5761
LMNA	SEC23A	3	0.1145	0.6765
ACTB	SEC23A	3	0.1747	0.6241
CTNNA1	SEC23A	3	0.0262	0.7708
MAPRE3	SEC23A	3	0.0138	0.8025
KRT8	SEC23B	3	0.3333	0.4115
ACTB	SEC23B	3	0.3333	0.4115
KRT8	CYTH1	3	1.0000	0.0000
KRT8	SF3A1	3	0.2495	0.5611
LMNA	SF3A1	3	0.2939	0.5166
ACTB	SF3A1	3	0.2773	0.5331
CTNNA1	SF3A1	3	0.0584	0.7279
MAPRE3	SF3A1	3	0.1595	0.6368
KRT8	SHB	3	0.0329	0.7592
LMNA	SHB	3	0.0023	0.8489
ACTB	SHB	3	0.0056	0.8337
MAPRE3	SHB	3	0.0001	0.8682
KRT8	STIL	3	0.1160	0.6753
LMNA	STIL	3	0.0012	0.8558
ACTB	STIL	3	0.0154	0.7970
CTNNA1	STIL	3	0.0001	0.8682
MAPRE3	STIL	3	0.0035	0.8429
KRT8	SKIC2	3	0.0820	0.7057
LMNA	SKIC2	3	0.0042	0.8397
ACTB	SKIC2	3	0.0110	0.8122
CTNNA1	SKIC2	3	0.0002	0.8663
MAPRE3	SKIC2	3	0.0020	0.8508
KRT8	CDSN	3	0.0000	0.8712
LMNA	CDSN	3	0.0025	0.8479
ACTB	CDSN	3	0.0016	0.8531
CTNNA1	CDSN	3	0.0000	0.8712
LMNA	SURF2	3	0.6606	0.1443
KRT8	TAF7	3	0.0120	0.8088
LMNA	TAF7	3	0.0059	0.8324
ACTB	TAF7	3	0.0052	0.8354
CTNNA1	TAF7	3	0.0000	0.8712
MAPRE3	TAF7	3	0.0010	0.8573
KRT8	MAPRE2	3	0.2599	0.5513
LMNA	MAPRE2	3	0.0078	0.8246
ACTB	MAPRE2	3	0.0179	0.7898
MAPRE3	MAPRE2	3	0.9911	0.0004
KRT8	TAF1C	3	0.0165	0.7936
LMNA	TAF1C	3	0.0006	0.8612
KRT8	TGFBI	3	0.0272	0.7688
LMNA	TGFBI	3	0.0114	0.8107
ACTB	TGFBI	3	0.0324	0.7601
CTNNA1	TGFBI	3	0.0012	0.8558
MAPRE3	TGFBI	3	0.0062	0.8312
KRT8	NCOA2	3	0.0007	0.8600
LMNA	NCOA2	3	0.0183	0.7886
ACTB	NHERF2	3	0.1552	0.6406
CTNNA1	NHERF2	3	0.0779	0.7096
MAPRE3	NHERF2	3	0.0794	0.7083
KRT8	DIXDC1	3	0.0181	0.7892
ACTB	DIXDC1	3	0.9999	0.0000
LMNA	TRAM1	3	0.3333	0.4115
KRT8	TSN	3	0.1548	0.6411
LMNA	TSN	3	0.1719	0.6264
ACTB	TSN	3	0.2241	0.5827
MAPRE3	TSN	3	0.0704	0.7168
KRT8	TARBP2	3	0.0107	0.8132
LMNA	TARBP2	3	0.0000	0.8712
ACTB	TARBP2	3	0.0091	0.8194
KRT8	SF1	3	0.2184	0.5878
LMNA	SF1	3	0.2664	0.5445
ACTB	SF1	3	0.2074	0.5977
CTNNA1	SF1	3	0.0408	0.7483
MAPRE3	SF1	3	0.1658	0.6311
KRT8	TRIP10	3	0.0318	0.7610
LMNA	TRIP10	3	0.0008	0.8590
ACTB	TRIP10	3	0.0079	0.8242
CTNNA1	TRIP10	3	0.0001	0.8682
MAPRE3	TRIP10	3	0.0012	0.8558
KRT8	TRIP11	3	0.0130	0.8054
LMNA	TRIP11	3	0.0002	0.8663
ACTB	TRIP11	3	0.0089	0.8203
CTNNA1	TRIP11	3	0.0002	0.8663
MAPRE3	TRIP11	3	0.0006	0.8612
KRT8	TRIP13	3	0.3593	0.3455
LMNA	TRIP13	3	0.0390	0.7505
ACTB	TRIP13	3	0.0647	0.7219
CTNNA1	TRIP13	3	0.0073	0.8266
MAPRE3	TRIP13	3	0.0143	0.8008
KRT8	MED1	3	0.1872	0.6123
LMNA	MED1	3	0.3372	0.4005
ACTB	MED1	3	0.2255	0.5820
MAPRE3	MED1	3	0.0863	0.7011
KRT8	TRIP4	3	0.3011	0.5080
LMNA	TRIP4	3	0.0840	0.7035
ACTB	TRIP4	3	0.2926	0.5179
CTNNA1	TRIP4	3	0.1611	0.6354
MAPRE3	TRIP4	3	0.2548	0.5555
KRT8	JMJD1C	3	0.0006	0.8612
LMNA	JMJD1C	3	0.0363	0.7542
ACTB	JMJD1C	3	0.0001	0.8682
MAPRE3	JMJD1C	3	0.0001	0.8682
KRT8	TRIP6	3	0.3882	0.2844
LMNA	TRIP6	3	0.0792	0.7085
ACTB	TRIP6	3	0.2847	0.5259
CTNNA1	TRIP6	3	0.0933	0.6952
MAPRE3	TRIP6	3	0.1288	0.6640
KRT8	MAPRE1	3	0.1352	0.6585
LMNA	MAPRE1	3	0.0678	0.7188
ACTB	MAPRE1	3	0.1104	0.6800
CTNNA1	MAPRE1	3	0.0655	0.7212
MAPRE3	MAPRE1	3	0.9981	0.0001
LMNA	ZNF174	3	0.0038	0.8415
MAPRE3	ZNF174	3	0.0001	0.8682
LMNA	ALX1	3	0.6667	0.0696
KRT8	TSC22D1	3	0.0128	0.8061
LMNA	TSC22D1	3	0.0008	0.8590
ACTB	TSC22D1	3	0.0118	0.8094
KRT8	ELAVL1	3	0.0395	0.7500
LMNA	ELAVL1	3	0.0443	0.7441
ACTB	ELAVL1	3	0.0250	0.7727
CTNNA1	ELAVL1	3	0.0051	0.8359
MAPRE3	ELAVL1	3	0.0073	0.8266
LMNA	ELF2	3	0.3394	0.3941
KRT8	NSDHL	3	0.0114	0.8107
LMNA	NSDHL	3	0.1265	0.6662
ACTB	NSDHL	3	0.0001	0.8682
LMNA	NAB2	3	1.0000	0.0000
ACTB	MYLK	3	0.0073	0.8266
KRT8	TAB1	3	0.3459	0.3731
LMNA	TAB1	3	0.0033	0.8438
ACTB	TAB1	3	0.0242	0.7746
CTNNA1	TAB1	3	0.0008	0.8590
MAPRE3	TAB1	3	0.0056	0.8337
KRT8	HERC1	3	0.3624	0.3389
LMNA	HERC1	3	0.0037	0.8419
ACTB	HERC1	3	0.0073	0.8266
MAPRE3	HERC1	3	0.0009	0.8582
KRT8	SLC1A5	3	0.3520	0.3590
LMNA	SLC1A5	3	0.2386	0.5709
ACTB	SLC1A5	3	0.2396	0.5703
CTNNA1	SLC1A5	3	0.0745	0.7128
MAPRE3	SLC1A5	3	0.1176	0.6739
KRT8	SPEG	3	0.3651	0.3334
ACTB	SPEG	3	0.9941	0.0002
MAPRE3	SPEG	3	0.0715	0.7159
KRT8	MLF2	3	0.3333	0.4115
LMNA	MLF2	3	0.3333	0.4115
KRT8	TOMM34	3	0.1949	0.6068
LMNA	TOMM34	3	0.0090	0.8199
ACTB	TOMM34	3	0.0259	0.7713
CTNNA1	TOMM34	3	0.0001	0.8682
MAPRE3	TOMM34	3	0.0016	0.8531
LMNA	NCOA1	3	0.0680	0.7185
KRT8	SMAD2	3	0.1564	0.6395
LMNA	SMAD2	3	0.4358	0.2315
ACTB	SMAD2	3	0.1013	0.6876
CTNNA1	SMAD2	3	0.0231	0.7770
MAPRE3	SMAD2	3	0.0171	0.7919
LMNA	SMAD1;SMAD5	3	0.0024	0.8483
KRT8	MSMO1	3	0.0006	0.8612
KRT8	ITSN1	3	0.0015	0.8537
ACTB	ITSN1	3	0.0101	0.8155
MAPRE3	ITSN1	3	0.0000	0.8712
KRT8	TBCE	3	0.1527	0.6432
LMNA	TBCE	3	0.0593	0.7269
ACTB	TBCE	3	0.2384	0.5710
CTNNA1	TBCE	3	0.0583	0.7279
MAPRE3	TBCE	3	0.0846	0.7026
KRT8	TBCC	3	0.0783	0.7092
LMNA	TBCC	3	0.0409	0.7482
MAPRE3	TBCC	3	0.0084	0.8224
KRT8	STXBP2	3	0.0466	0.7414
ACTB	STXBP2	3	0.1762	0.6228
LMNA	VAMP3	3	0.0020	0.8508
ACTB	VAMP3	3	0.0013	0.8550
KRT8	NEDD8	3	0.2601	0.5512
LMNA	NEDD8	3	0.2716	0.5393
ACTB	NEDD8	3	0.2419	0.5680
CTNNA1	NEDD8	3	0.0401	0.7491
MAPRE3	NEDD8	3	0.1866	0.6129
LMNA	ATP6AP1	3	1.0000	0.0000
LMNA	VPS72	3	0.0017	0.8526
ACTB	VPS72	3	0.0026	0.8473
LMNA	EZH2	3	0.0029	0.8459
LMNA	ZFHX3	3	0.0092	0.8190
ACTB	ZFHX3	3	0.0001	0.8682
KRT8	ZYX	3	0.2540	0.5563
LMNA	ZYX	3	0.0710	0.7163
ACTB	ZYX	3	0.3430	0.3816
CTNNA1	ZYX	3	0.1660	0.6309
MAPRE3	ZYX	3	0.1621	0.6347
KRT8	SEPTIN7	3	0.2990	0.5106
LMNA	SEPTIN7	3	0.0500	0.7373
ACTB	SEPTIN7	3	0.3087	0.4976
CTNNA1	SEPTIN7	3	0.1224	0.6694
MAPRE3	SEPTIN7	3	0.2472	0.5634
KRT8	ADRM1	3	0.0185	0.7881
LMNA	ADRM1	3	0.0046	0.8380
ACTB	ADRM1	3	0.0134	0.8040
CTNNA1	ADRM1	3	0.0003	0.8647
MAPRE3	ADRM1	3	0.0003	0.8647
KRT8	CCDC6	3	0.2999	0.5091
LMNA	CCDC6	3	0.1802	0.6186
ACTB	CCDC6	3	0.2994	0.5099
CTNNA1	CCDC6	3	0.0768	0.7107
MAPRE3	CCDC6	3	0.1382	0.6556
KRT8	UAP1	3	0.2083	0.5968
LMNA	UAP1	3	0.1297	0.6634
ACTB	UAP1	3	0.0744	0.7129
CTNNA1	UAP1	3	0.1509	0.6448
MAPRE3	UAP1	3	0.0305	0.7631
KRT8	E2F4	3	0.0307	0.7626
KRT8	PDCD2	3	0.0779	0.7096
KRT8	INA	3	1.0000	0.0000
ACTB	PRR4	3	0.3333	0.4115
KRT8	PSMD5	3	0.3448	0.3766
LMNA	PSMD5	3	0.1425	0.6519
ACTB	PSMD5	3	0.2607	0.5503
CTNNA1	PSMD5	3	0.0336	0.7583
MAPRE3	PSMD5	3	0.0847	0.7026
KRT8	PKN1	3	0.3891	0.2825
LMNA	PKN1	3	0.1547	0.6412
ACTB	PKN1	3	0.3184	0.4847
CTNNA1	PKN1	3	0.1577	0.6387
MAPRE3	PKN1	3	0.2347	0.5746
KRT8	PKN2	3	0.3645	0.3341
LMNA	PKN2	3	0.2474	0.5633
ACTB	PKN2	3	0.3350	0.4062
CTNNA1	PKN2	3	0.1206	0.6713
MAPRE3	PKN2	3	0.2513	0.5592
KRT8	CSRP2	3	0.0379	0.7520
LMNA	CSRP2	3	0.0197	0.7849
ACTB	CSRP2	3	0.0150	0.7983
CTNNA1	CSRP2	3	0.0126	0.8068
MAPRE3	CSRP2	3	0.0031	0.8449
KRT8	DDB1	3	0.4469	0.2206
LMNA	DDB1	3	0.0037	0.8419
ACTB	DDB1	3	0.0290	0.7658
CTNNA1	DDB1	3	0.0026	0.8473
MAPRE3	DDB1	3	0.0056	0.8337
CTNNA1	SNAPC1	3	0.0012	0.8558
ACTB	MAPK14	3	0.0023	0.8489
KRT8	CDC37	3	0.2769	0.5336
LMNA	CDC37	3	0.2170	0.5892
ACTB	CDC37	3	0.2105	0.5945
CTNNA1	CDC37	3	0.0161	0.7948
MAPRE3	CDC37	3	0.0564	0.7301
KRT8	DPYSL2	3	0.3198	0.4832
LMNA	DPYSL2	3	0.1416	0.6528
ACTB	DPYSL2	3	0.3128	0.4922
CTNNA1	DPYSL2	3	0.1125	0.6783
MAPRE3	DPYSL2	3	0.2126	0.5927
KRT8	CAMK4	3	0.0200	0.7840
KRT8	RBBP7	3	0.1749	0.6239
LMNA	RBBP7	3	0.1200	0.6717
ACTB	RBBP7	3	0.1911	0.6099
CTNNA1	RBBP7	3	0.0136	0.8031
MAPRE3	RBBP7	3	0.0137	0.8027
KRT8	MAP3K11	3	0.0191	0.7866
LMNA	MAP3K11	3	0.0123	0.8079
ACTB	MAP3K11	3	0.0399	0.7495
KRT8	TAF9	3	0.1654	0.6315
LMNA	TAF9	3	0.3708	0.3226
ACTB	TAF9	3	0.2162	0.5896
MAPRE3	TAF9	3	0.1906	0.6103
LMNA	NFE2	3	0.0152	0.7977
KRT8	SRSF7	3	0.0069	0.8283
LMNA	SRSF7	3	0.0049	0.8367
ACTB	SRSF7	3	0.0114	0.8107
CTNNA1	SRSF7	3	0.0509	0.7363
MAPRE3	SRSF7	3	0.0077	0.8250
KRT8	CPSF6	3	0.0040	0.8407
LMNA	CPSF6	3	0.1001	0.6889
ACTB	CPSF6	3	0.0073	0.8266
CTNNA1	CPSF6	3	0.0001	0.8682
MAPRE3	CPSF6	3	0.0027	0.8469
KRT8	SMN1	3	0.2905	0.5203
LMNA	SMN1	3	0.1515	0.6440
ACTB	SMN1	3	0.2718	0.5390
CTNNA1	SMN1	3	0.0302	0.7637
MAPRE3	SMN1	3	0.1100	0.6805
KRT8	DBN1	3	0.1591	0.6373
LMNA	DBN1	3	0.0605	0.7261
ACTB	DBN1	3	0.3862	0.2887
CTNNA1	DBN1	3	0.0856	0.7017
MAPRE3	DBN1	3	0.0830	0.7044
LMNA	NFIL3	3	0.0969	0.6918
KRT8	FSCN1	3	0.0398	0.7496
LMNA	FSCN1	3	0.0246	0.7737
ACTB	FSCN1	3	0.0517	0.7353
CTNNA1	FSCN1	3	0.0088	0.8208
MAPRE3	FSCN1	3	0.0051	0.8359
KRT8	MAPK6	3	0.1197	0.6721
KRT8	HIF1A	3	0.3333	0.4115
KRT8	IFI16	3	0.3058	0.5017
LMNA	IFI16	3	0.3458	0.3735
ACTB	IFI16	3	0.3229	0.4796
CTNNA1	IFI16	3	0.2569	0.5538
MAPRE3	IFI16	3	0.3117	0.4939
KRT8	DECR1	3	0.3415	0.3876
LMNA	DECR1	3	0.2723	0.5381
CTNNA1	DECR1	3	0.0091	0.8194
KRT8	KYNU	3	0.0361	0.7545
ACTB	KYNU	3	0.0058	0.8327
KRT8	DGKD	3	0.0011	0.8566
ACTB	DGKD	3	0.0012	0.8558
MAPRE3	DGKD	3	0.0012	0.8558
KRT8	H2AC11;H2AC12;H2AC14;H2AC18;H2AC20;H2AC25;H2AC4;H2AC6;H2AC7;H2AJ	3	0.1111	0.6793
LMNA	H2AC11;H2AC12;H2AC14;H2AC18;H2AC20;H2AC25;H2AC4;H2AC6;H2AC7;H2AJ	3	0.2209	0.5862
ACTB	H2AC11;H2AC12;H2AC14;H2AC18;H2AC20;H2AC25;H2AC4;H2AC6;H2AC7;H2AJ	3	0.1154	0.6758
CTNNA1	H2AC11;H2AC12;H2AC14;H2AC18;H2AC20;H2AC25;H2AC4;H2AC6;H2AC7;H2AJ	3	0.0430	0.7457
MAPRE3	H2AC11;H2AC12;H2AC14;H2AC18;H2AC20;H2AC25;H2AC4;H2AC6;H2AC7;H2AJ	3	0.0710	0.7163
KRT8	NDUFA9	3	0.1079	0.6823
LMNA	NDUFA9	3	0.0090	0.8199
ACTB	NDUFA9	3	0.0124	0.8074
CTNNA1	NDUFA9	3	0.0006	0.8612
MAPRE3	NDUFA9	3	0.0010	0.8573
KRT8	HADH	3	0.3333	0.4115
LMNA	CYP51A1	3	0.3169	0.4862
KRT8	DGUOK	3	0.0045	0.8384
LMNA	DGUOK	3	0.0018	0.8519
ACTB	DGUOK	3	0.0000	0.8712
LMNA	UGT8	3	0.6667	0.0696
KRT8	TXNRD1	3	0.3056	0.5020
LMNA	TXNRD1	3	0.1645	0.6320
ACTB	TXNRD1	3	0.3983	0.2697
CTNNA1	TXNRD1	3	0.0145	0.8000
MAPRE3	TXNRD1	3	0.0342	0.7575
KRT8	TPD52L1	3	0.3948	0.2746
LMNA	TPD52L1	3	0.3246	0.4773
ACTB	TPD52L1	3	0.3729	0.3171
CTNNA1	TPD52L1	3	0.0729	0.7146
MAPRE3	TPD52L1	3	0.2545	0.5559
KRT8	IMMT	3	0.0055	0.8342
LMNA	IMMT	3	0.0005	0.8621
ACTB	IMMT	3	0.0031	0.8449
CTNNA1	IMMT	3	0.0003	0.8647
KRT8	ZNF827	3	0.0018	0.8519
LMNA	ZNF827	3	0.0094	0.8181
ACTB	ZNF827	3	0.0000	0.8712
KRT8	GEN1	3	0.0003	0.8647
ACTB	GEN1	3	0.0031	0.8449
MAPRE3	GEN1	3	0.2871	0.5241
KRT8	CPEB4	3	0.0302	0.7637
ACTB	CPEB4	3	0.0083	0.8228
MAPRE3	CPEB4	3	0.0015	0.8537
KRT8	KNOP1	3	0.0006	0.8612
LMNA	KNOP1	3	0.0121	0.8085
ACTB	KNOP1	3	0.0088	0.8208
CTNNA1	KNOP1	3	0.0000	0.8712
MAPRE3	KNOP1	3	0.0025	0.8479
KRT8	HNRNPUL2	3	0.0955	0.6932
LMNA	HNRNPUL2	3	0.1361	0.6578
ACTB	HNRNPUL2	3	0.0612	0.7255
CTNNA1	HNRNPUL2	3	0.0505	0.7368
MAPRE3	HNRNPUL2	3	0.0092	0.8190
KRT8	CSPP1	3	0.8951	0.0073
ACTB	CSPP1	3	0.0136	0.8031
KRT8	TMEM132A	3	0.0532	0.7338
LMNA	TMEM132A	3	0.0003	0.8647
ACTB	TMEM132A	3	0.0198	0.7847
CTNNA1	TMEM132A	3	0.0007	0.8600
KRT8	INF2	3	0.2526	0.5579
LMNA	INF2	3	0.1244	0.6680
ACTB	INF2	3	0.3518	0.3601
CTNNA1	INF2	3	0.1206	0.6713
MAPRE3	INF2	3	0.1152	0.6759
KRT8	PDS5A	3	0.0026	0.8473
LMNA	PDS5A	3	0.0226	0.7778
ACTB	PDS5A	3	0.0023	0.8489
MAPRE3	PDS5A	3	0.0001	0.8682
KRT8	KIAA0753	3	1.0000	0.0000
MAPRE3	KIAA0753	3	0.1671	0.6300
KRT8	RFX7	3	0.0009	0.8582
LMNA	RFX7	3	0.0042	0.8397
ACTB	RFX7	3	0.0000	0.8712
KRT8	QSER1	3	0.0003	0.8647
LMNA	QSER1	3	0.0060	0.8320
ACTB	QSER1	3	0.0001	0.8682
MAPRE3	QSER1	3	0.0000	0.8712
KRT8	CLEC16A	3	0.0274	0.7684
LMNA	CLEC16A	3	0.0008	0.8590
ACTB	CLEC16A	3	0.0165	0.7936
CTNNA1	CLEC16A	3	0.0002	0.8663
MAPRE3	CLEC16A	3	0.0060	0.8320
KRT8	BLTP1	3	0.2086	0.5966
LMNA	ZNF423	3	0.0057	0.8332
KRT8	KIF7	3	0.0320	0.7606
ACTB	KIF7	3	0.0058	0.8327
MAPRE3	KIF7	3	0.0012	0.8558
KRT8	ARHGAP31	3	0.1325	0.6612
ACTB	ARHGAP31	3	0.0138	0.8025
MAPRE3	ARHGAP31	3	0.0006	0.8612
KRT8	AAK1	3	0.0266	0.7700
LMNA	AAK1	3	0.0003	0.8647
ACTB	AAK1	3	0.0211	0.7813
CTNNA1	AAK1	3	0.0012	0.8558
MAPRE3	AAK1	3	0.0039	0.8410
KRT8	KIZ	3	0.7193	0.0447
ACTB	KIZ	3	0.0329	0.7592
KRT8	WASHC4	3	0.6617	0.1432
LMNA	WASHC4	3	0.0118	0.8094
ACTB	WASHC4	3	0.0338	0.7581
MAPRE3	WASHC4	3	0.0054	0.8345
KRT8	SHROOM1	3	0.7849	0.0256
ACTB	SHROOM1	3	0.3299	0.4698
KRT8	ERCC6L	3	0.3239	0.4782
LMNA	ERCC6L	3	0.1178	0.6735
ACTB	ERCC6L	3	0.3091	0.4971
CTNNA1	ERCC6L	3	0.1361	0.6578
MAPRE3	ERCC6L	3	0.2160	0.5897
KRT8	PROSER3	3	0.4288	0.2366
ACTB	PROSER3	3	0.0034	0.8433
KRT8	TSR1	3	0.1675	0.6299
LMNA	TSR1	3	0.3112	0.4944
ACTB	TSR1	3	0.1576	0.6388
CTNNA1	TSR1	3	0.0452	0.7430
MAPRE3	TSR1	3	0.0831	0.7042
LMNA	DPY19L1	3	0.1725	0.6259
ACTB	DPY19L1	3	0.0054	0.8345
KRT8	IAH1	3	0.0217	0.7797
LMNA	IAH1	3	0.0469	0.7410
ACTB	IAH1	3	0.0102	0.8152
CTNNA1	IAH1	3	0.0076	0.8253
MAPRE3	IAH1	3	0.0065	0.8300
KRT8	CCDC57	3	0.3333	0.4115
LMNA	CCDC57	3	0.3333	0.4115
KRT8	QRICH1	3	0.1218	0.6701
LMNA	QRICH1	3	0.2576	0.5532
ACTB	QRICH1	3	0.1285	0.6642
CTNNA1	QRICH1	3	0.0132	0.8047
MAPRE3	QRICH1	3	0.0416	0.7472
LMNA	SMU1	3	0.3333	0.4115
ACTB	SMU1	3	0.3166	0.4868
CTNNA1	SMU1	3	0.3333	0.4115
KRT8	ATG2A	3	0.2140	0.5915
ACTB	ATG2A	3	0.0213	0.7808
CTNNA1	ATG2A	3	0.0007	0.8600
MAPRE3	ATG2A	3	0.0069	0.8283
MAPRE3	ASTE1	3	0.0013	0.8550
LMNA	CWF19L2	3	0.1305	0.6627
MAPRE3	CWF19L2	3	0.0003	0.8647
ACTB	FHOD3	3	1.0000	0.0000
KRT8	AP5B1	3	0.1961	0.6057
LMNA	AP5B1	3	0.0017	0.8526
ACTB	AP5B1	3	0.0973	0.6915
KRT8	CTU2	3	0.3263	0.4751
LMNA	CTU2	3	0.0769	0.7107
ACTB	CTU2	3	0.2758	0.5345
CTNNA1	CTU2	3	0.0485	0.7390
MAPRE3	CTU2	3	0.2183	0.5879
LMNA	UVSSA	3	1.0000	0.0000
KRT8	LRRFIP1	3	0.2380	0.5714
LMNA	LRRFIP1	3	0.0601	0.7265
ACTB	LRRFIP1	3	0.3200	0.4829
CTNNA1	LRRFIP1	3	0.0722	0.7152
MAPRE3	LRRFIP1	3	0.1329	0.6606
MAPRE3	PGS1	3	0.0009	0.8582
LMNA	TRMT5	3	0.3333	0.4115
MAPRE3	EML3	3	0.6667	0.0696
KRT8	LRRK1	3	0.6667	0.0696
KRT8	POLR1F	3	0.0185	0.7881
LMNA	POLR1F	3	0.2706	0.5402
CTNNA1	POLR1F	3	0.0359	0.7549
KRT8	EDRF1	3	0.0125	0.8071
ACTB	EDRF1	3	0.0026	0.8473
MAPRE3	EDRF1	3	0.0001	0.8682
KRT8	FAM161A	3	0.0061	0.8316
ACTB	FAM161A	3	0.0002	0.8663
MAPRE3	FAM161A	3	0.0502	0.7372
KRT8	NBPF1	3	0.0486	0.7389
KRT8	MAP7D1	3	0.0141	0.8015
LMNA	MAP7D1	3	0.0016	0.8531
ACTB	MAP7D1	3	0.0102	0.8152
CTNNA1	MAP7D1	3	0.0002	0.8663
MAPRE3	MAP7D1	3	0.0344	0.7572
KRT8	CHD9	3	0.0001	0.8682
LMNA	CHD9	3	0.0033	0.8438
ACTB	CHD9	3	0.0000	0.8712
KRT8	LSM12	3	0.2688	0.5421
LMNA	LSM12	3	0.1823	0.6166
ACTB	LSM12	3	0.2135	0.5920
CTNNA1	LSM12	3	0.1081	0.6821
MAPRE3	LSM12	3	0.0845	0.7028
KRT8	TBC1D25	3	0.1411	0.6533
LMNA	TBC1D25	3	0.0031	0.8449
ACTB	TBC1D25	3	0.0147	0.7993
MAPRE3	TBC1D25	3	0.0003	0.8647
LMNA	ITPRIPL2	3	0.0057	0.8332
KRT8	GON4L	3	0.0000	0.8712
LMNA	GON4L	3	0.0082	0.8230
MAPRE3	GON4L	3	0.0000	0.8712
KRT8	CCDC88A	3	0.0358	0.7551
LMNA	CCDC88A	3	0.0001	0.8682
ACTB	CCDC88A	3	0.0167	0.7929
CTNNA1	CCDC88A	3	0.0032	0.8442
MAPRE3	CCDC88A	3	0.0110	0.8122
KRT8	RABL6	3	0.0032	0.8442
LMNA	RABL6	3	0.0001	0.8682
ACTB	RABL6	3	0.0074	0.8260
CTNNA1	RABL6	3	0.0000	0.8712
MAPRE3	RABL6	3	0.0004	0.8632
LMNA	VMA21	3	1.0000	0.0000
KRT8	TIMM50	3	0.2804	0.5294
LMNA	TIMM50	3	0.1581	0.6384
ACTB	TIMM50	3	0.2040	0.6003
CTNNA1	TIMM50	3	0.1033	0.6862
MAPRE3	TIMM50	3	0.0701	0.7171
KRT8	PARP14	3	0.3388	0.3962
ACTB	PARP14	3	0.5893	0.1598
MAPRE3	PARP14	3	0.0098	0.8168
KRT8	GLYR1	3	0.0003	0.8647
LMNA	GLYR1	3	0.0052	0.8354
ACTB	GLYR1	3	0.0002	0.8663
KRT8	CCDC14	3	0.7657	0.0305
ACTB	CCDC14	3	0.0030	0.8454
MAPRE3	CCDC14	3	0.0253	0.7722
LMNA	ZBED5	3	0.3242	0.4780
MAPRE3	ZBED5	3	0.0019	0.8514
KRT8	TTC31	3	0.6667	0.0696
KRT8	C5orf22	3	0.0720	0.7154
KRT8	C2CD3	3	0.1974	0.6048
ACTB	C2CD3	3	0.0131	0.8051
CTNNA1	C2CD3	3	0.0000	0.8712
MAPRE3	C2CD3	3	0.0056	0.8337
KRT8	RIC1	3	0.0319	0.7608
LMNA	RIC1	3	0.0000	0.8712
ACTB	RIC1	3	0.0114	0.8107
LMNA	KMT5B	3	0.3333	0.4115
LMNA	LARP7	3	0.0120	0.8088
ACTB	LARP7	3	0.0026	0.8473
CTNNA1	LARP7	3	0.0002	0.8663
MAPRE3	LARP7	3	0.0000	0.8712
KRT8	NADK2	3	0.1078	0.6825
LMNA	NADK2	3	0.0172	0.7916
ACTB	NADK2	3	0.0478	0.7400
CTNNA1	NADK2	3	0.0095	0.8177
MAPRE3	NADK2	3	0.0036	0.8424
LMNA	CCDC152	3	0.0144	0.8004
ACTB	CCDC152	3	0.0007	0.8600
LMNA	PREPL	3	0.0429	0.7458
CTNNA1	PREPL	3	0.3375	0.3998
KRT8	TBC1D10B	3	0.0239	0.7753
ACTB	TBC1D10B	3	0.0213	0.7808
MAPRE3	TBC1D10B	3	0.0002	0.8663
KRT8	TPRN	3	0.0166	0.7933
ACTB	TPRN	3	0.9996	0.0000
MAPRE3	TPRN	3	0.0043	0.8392
LMNA	ANO6	3	0.0046	0.8380
ACTB	ANO6	3	0.0011	0.8566
LMNA	AASDH	3	0.1689	0.6289
LMNA	ARID4B	3	0.0038	0.8415
ACTB	ARID4B	3	0.0029	0.8459
KRT8	GRIPAP1	3	0.0185	0.7881
LMNA	GRIPAP1	3	0.0001	0.8682
ACTB	GRIPAP1	3	0.0146	0.7997
CTNNA1	GRIPAP1	3	0.0003	0.8647
MAPRE3	GRIPAP1	3	0.0031	0.8449
LMNA	FLYWCH1	3	0.0221	0.7787
MAPRE3	FLYWCH1	3	0.0001	0.8682
KRT8	AMOT	3	0.3996	0.2684
ACTB	AMOT	3	0.4411	0.2266
KRT8	PAN2	3	0.0726	0.7148
ACTB	PAN2	3	0.0057	0.8332
KRT8	FAM98B	3	0.2587	0.5523
LMNA	FAM98B	3	0.3035	0.5046
ACTB	FAM98B	3	0.1704	0.6278
CTNNA1	FAM98B	3	0.0266	0.7700
MAPRE3	FAM98B	3	0.1378	0.6559
LMNA	EPC2	3	0.0044	0.8389
ACTB	EPC2	3	0.0002	0.8663
KRT8	ARHGAP29	3	0.0203	0.7832
LMNA	ARHGAP29	3	0.0006	0.8612
ACTB	ARHGAP29	3	0.0226	0.7778
CTNNA1	ARHGAP29	3	0.0014	0.8544
MAPRE3	ARHGAP29	3	0.0054	0.8345
KRT8	PDCD4	3	0.1895	0.6111
LMNA	PDCD4	3	0.3518	0.3601
ACTB	PDCD4	3	0.1761	0.6229
CTNNA1	PDCD4	3	0.0477	0.7401
MAPRE3	PDCD4	3	0.0790	0.7086
KRT8	FNDC3B	3	0.0180	0.7895
LMNA	FNDC3B	3	0.1078	0.6825
ACTB	FNDC3B	3	0.0604	0.7263
MAPRE3	FNDC3B	3	0.0057	0.8332
LMNA	CRTC2	3	0.6667	0.0696
KRT8	CEP55	3	0.0667	0.7201
LMNA	CEP55	3	0.0021	0.8502
ACTB	CEP55	3	0.0190	0.7868
CTNNA1	CEP55	3	0.0003	0.8647
MAPRE3	CEP55	3	0.0033	0.8438
LMNA	NCBP3	3	0.0391	0.7503
ACTB	NCBP3	3	0.0006	0.8612
MAPRE3	NCBP3	3	0.0013	0.8550
KRT8	IFI44L	3	0.0890	0.6991
LMNA	IFI44L	3	0.0057	0.8332
ACTB	IFI44L	3	0.0075	0.8257
MAPRE3	IFI44L	3	0.0012	0.8558
KRT8	PDLIM3	3	0.1641	0.6324
ACTB	PDLIM3	3	0.3443	0.3780
KRT8	HSD17B12	3	0.0758	0.7115
LMNA	HSD17B12	3	0.0007	0.8600
ACTB	HSD17B12	3	0.0060	0.8320
MAPRE3	HSD17B12	3	0.0020	0.8508
KRT8	GLE1	3	0.1445	0.6499
LMNA	GLE1	3	0.0110	0.8122
ACTB	GLE1	3	0.1989	0.6039
CTNNA1	GLE1	3	0.0024	0.8483
MAPRE3	GLE1	3	0.0118	0.8094
KRT8	AGK	3	0.0222	0.7786
LMNA	AGK	3	0.0189	0.7871
ACTB	AGK	3	0.0229	0.7773
MAPRE3	AGK	3	0.0012	0.8558
LMNA	SETMAR	3	0.0192	0.7864
KRT8	PYCR3	3	0.3238	0.4783
LMNA	PYCR3	3	0.2737	0.5369
ACTB	PYCR3	3	0.2573	0.5536
CTNNA1	PYCR3	3	0.0363	0.7542
MAPRE3	PYCR3	3	0.1330	0.6605
KRT8	KLHL26	3	0.3333	0.4115
KRT8	CDCA8	3	0.3324	0.4648
LMNA	CDCA8	3	0.4075	0.2594
ACTB	CDCA8	3	0.3066	0.5008
CTNNA1	CDCA8	3	0.0265	0.7702
MAPRE3	CDCA8	3	0.3485	0.3662
KRT8	SOWAHC	3	0.0293	0.7654
ACTB	SOWAHC	3	0.0747	0.7125
MAPRE3	SOWAHC	3	0.0030	0.8454
KRT8	FASTKD1	3	0.6667	0.0696
LMNA	ASPRV1	3	0.0022	0.8496
ACTB	ASPRV1	3	0.0128	0.8061
MAPRE3	ASPRV1	3	0.0004	0.8632
KRT8	COBLL1	3	0.0120	0.8088
ACTB	COBLL1	3	0.4289	0.2363
CTNNA1	COBLL1	3	0.0021	0.8502
MAPRE3	COBLL1	3	0.0036	0.8424
KRT8	TAF1B	3	0.6647	0.1411
KRT8	WDR81	3	0.0820	0.7057
LMNA	WDR81	3	0.0002	0.8663
ACTB	WDR81	3	0.0129	0.8057
CTNNA1	WDR81	3	0.0002	0.8663
MAPRE3	WDR81	3	0.0030	0.8454
KRT8	SGO2	3	0.1272	0.6655
LMNA	SGO2	3	0.3429	0.3820
ACTB	SGO2	3	0.1443	0.6502
MAPRE3	SGO2	3	0.2609	0.5502
KRT8	ACTBL2	3	0.0393	0.7502
LMNA	ACTBL2	3	0.0289	0.7660
ACTB	ACTBL2	3	0.9989	0.0000
CTNNA1	ACTBL2	3	0.0298	0.7643
MAPRE3	ACTBL2	3	0.0163	0.7943
KRT8	CCDC93	3	0.1089	0.6815
ACTB	CCDC93	3	0.9999	0.0000
LMNA	ESCO2	3	0.0148	0.7989
LMNA	EAPP	3	0.3333	0.4115
KRT8	PAN3	3	0.0983	0.6903
ACTB	PAN3	3	0.0095	0.8177
KRT8	PLEKHG4	3	0.6667	0.0696
KRT8	HSP90AB2P	3	0.1824	0.6165
LMNA	HSP90AB2P	3	0.1072	0.6828
KRT8	ODF2	3	0.1200	0.6717
LMNA	ODF2	3	0.0080	0.8239
ACTB	ODF2	3	0.0041	0.8402
MAPRE3	ODF2	3	0.1002	0.6888
KRT8	ACTMAP	3	0.0030	0.8454
ACTB	ACTMAP	3	0.0075	0.8257
KRT8	ZNF326	3	0.1437	0.6506
LMNA	ZNF326	3	0.1361	0.6578
ACTB	ZNF326	3	0.1815	0.6172
CTNNA1	ZNF326	3	0.0468	0.7411
MAPRE3	ZNF326	3	0.0287	0.7663
KRT8	NOM1	3	0.2890	0.5223
KRT8	FLG2	3	0.0663	0.7203
LMNA	FLG2	3	0.1527	0.6432
ACTB	FLG2	3	0.2668	0.5440
CTNNA1	FLG2	3	0.0805	0.7073
MAPRE3	FLG2	3	0.0300	0.7640
KRT8	DNAJC21	3	0.3686	0.3251
LMNA	DNAJC21	3	0.1829	0.6161
ACTB	DNAJC21	3	0.3573	0.3480
CTNNA1	DNAJC21	3	0.2209	0.5862
MAPRE3	DNAJC21	3	0.2939	0.5166
LMNA	SGO1	3	0.0060	0.8320
KRT8	HERC4	3	0.2879	0.5234
LMNA	HERC4	3	0.0151	0.7980
ACTB	HERC4	3	0.1046	0.6853
CTNNA1	HERC4	3	0.0280	0.7674
MAPRE3	HERC4	3	0.0339	0.7580
LMNA	CT83	3	1.0000	0.0000
KRT8	BCORL1	3	0.0009	0.8582
LMNA	BCORL1	3	0.0150	0.7983
ACTB	BCORL1	3	0.0001	0.8682
MAPRE3	BCORL1	3	0.0001	0.8682
KRT8	TFDP3	3	0.2839	0.5266
KRT8	PPP6R3	3	0.3679	0.3277
LMNA	PPP6R3	3	0.2164	0.5894
ACTB	PPP6R3	3	0.2794	0.5309
CTNNA1	PPP6R3	3	0.1377	0.6560
MAPRE3	PPP6R3	3	0.1464	0.6482
KRT8	DDX60L	3	0.1106	0.6796
ACTB	DDX60L	3	0.0035	0.8429
MAPRE3	DDX60L	3	0.0001	0.8682
LMNA	RABL3	3	1.0000	0.0000
KRT8	SH3D19	3	0.0382	0.7515
ACTB	SH3D19	3	0.1931	0.6085
MAPRE3	SH3D19	3	0.0045	0.8384
KRT8	EARS2	3	0.6667	0.0696
KRT8	C3orf38	3	0.6667	0.0696
LMNA	C3orf38	3	1.0000	0.0000
KRT8	MIA3	3	0.0078	0.8246
LMNA	MIA3	3	0.0001	0.8682
ACTB	MIA3	3	0.0048	0.8371
MAPRE3	MIA3	3	0.0031	0.8449
KRT8	PITRM1	3	0.1549	0.6410
LMNA	PITRM1	3	0.0415	0.7474
ACTB	PITRM1	3	0.0605	0.7261
CTNNA1	PITRM1	3	0.0032	0.8442
MAPRE3	PITRM1	3	0.0014	0.8544
KRT8	WDR44	3	0.0155	0.7966
LMNA	WDR44	3	0.0000	0.8712
ACTB	WDR44	3	0.0156	0.7963
CTNNA1	WDR44	3	0.0001	0.8682
MAPRE3	WDR44	3	0.0016	0.8531
KRT8	DOCK11	3	0.0034	0.8433
LMNA	DOCK11	3	0.0000	0.8712
ACTB	DOCK11	3	0.0095	0.8177
CTNNA1	DOCK11	3	0.0000	0.8712
MAPRE3	DOCK11	3	0.0015	0.8537
KRT8	PRRC2B	3	0.0249	0.7730
LMNA	PRRC2B	3	0.0067	0.8294
ACTB	PRRC2B	3	0.0120	0.8088
CTNNA1	PRRC2B	3	0.0001	0.8682
MAPRE3	PRRC2B	3	0.0055	0.8342
KRT8	AMER1	3	0.8371	0.0149
CTNNA1	AMER1	3	0.0055	0.8342
KRT8	TJAP1	3	0.1244	0.6680
ACTB	TJAP1	3	0.0166	0.7933
KRT8	RRP12	3	0.0012	0.8558
LMNA	RRP12	3	0.0007	0.8600
ACTB	RRP12	3	0.0009	0.8582
MAPRE3	RRP12	3	0.0000	0.8712
KRT8	TOR1AIP1	3	0.1280	0.6647
LMNA	TOR1AIP1	3	0.8815	0.0090
ACTB	TOR1AIP1	3	0.0869	0.7006
MAPRE3	TOR1AIP1	3	0.0660	0.7206
KRT8	CEP78	3	0.0387	0.7509
ACTB	CEP78	3	0.0144	0.8004
MAPRE3	CEP78	3	0.0007	0.8600
KRT8	ZNG1C;ZNG1E;ZNG1F	3	0.3403	0.3920
ACTB	ZNG1C;ZNG1E;ZNG1F	3	0.0061	0.8316
MAPRE3	ZNG1C;ZNG1E;ZNG1F	3	0.0004	0.8632
KRT8	AARS2	3	0.3103	0.4956
LMNA	AARS2	3	0.0238	0.7755
ACTB	AARS2	3	0.0099	0.8164
CTNNA1	AARS2	3	0.0022	0.8496
KRT8	PCID2	3	0.0425	0.7463
LMNA	PCID2	3	0.0183	0.7886
ACTB	PCID2	3	0.0132	0.8047
CTNNA1	PCID2	3	0.0001	0.8682
MAPRE3	PCID2	3	0.0014	0.8544
KRT8	DOP1A	3	0.0061	0.8316
ACTB	DOP1A	3	0.0000	0.8712
KRT8	MIIP	3	0.3265	0.4746
KRT8	SAMD9	3	0.0164	0.7940
LMNA	SAMD9	3	0.0000	0.8712
ACTB	SAMD9	3	0.0095	0.8177
CTNNA1	SAMD9	3	0.0000	0.8712
MAPRE3	SAMD9	3	0.0007	0.8600
KRT8	SPECC1	3	0.0129	0.8057
LMNA	SPECC1	3	0.0005	0.8621
ACTB	SPECC1	3	0.0974	0.6914
CTNNA1	SPECC1	3	0.0036	0.8424
MAPRE3	SPECC1	3	0.0214	0.7805
KRT8	PPP4R3B	3	0.0000	0.8712
LMNA	PPP4R3B	3	0.0155	0.7966
KRT8	WDR45B	3	0.1077	0.6825
LMNA	WDR45B	3	0.0821	0.7055
ACTB	WDR45B	3	0.1763	0.6227
CTNNA1	WDR45B	3	0.0308	0.7624
MAPRE3	WDR45B	3	0.0042	0.8397
KRT8	WIPI1	3	0.0074	0.8260
ACTB	WIPI1	3	0.0001	0.8682
KRT8	SAMD4B	3	0.0658	0.7209
ACTB	SAMD4B	3	0.0065	0.8300
MAPRE3	SAMD4B	3	0.0004	0.8632
KRT8	TBCEL	3	0.0200	0.7840
LMNA	TBCEL	3	0.3333	0.4115
KRT8	DNTTIP2	3	0.1420	0.6525
LMNA	DNTTIP2	3	0.2674	0.5435
ACTB	DNTTIP2	3	0.1216	0.6704
CTNNA1	DNTTIP2	3	0.0203	0.7832
MAPRE3	DNTTIP2	3	0.1478	0.6469
KRT8	RABGAP1L	3	0.0229	0.7773
LMNA	RABGAP1L	3	0.0003	0.8647
ACTB	RABGAP1L	3	0.0081	0.8234
CTNNA1	RABGAP1L	3	0.0000	0.8712
MAPRE3	RABGAP1L	3	0.0005	0.8621
ACTB	ELFN2	3	0.0038	0.8415
KRT8	TTC38	3	0.3814	0.2985
ACTB	TTC38	3	0.0046	0.8380
LMNA	RBM48	3	0.0030	0.8454
KRT8	TMEM201	3	0.0028	0.8464
LMNA	TMEM201	3	1.0000	0.0000
KRT8	SNAP47	3	0.0866	0.7009
LMNA	SNAP47	3	0.0001	0.8682
ACTB	SNAP47	3	0.0062	0.8312
MAPRE3	SNAP47	3	0.0005	0.8621
KRT8	NUP188	3	0.9818	0.0009
LMNA	NUP188	3	0.0182	0.7889
ACTB	NUP188	3	0.0153	0.7974
CTNNA1	NUP188	3	0.0008	0.8590
MAPRE3	NUP188	3	0.0052	0.8354
KRT8	HP1BP3	3	0.1433	0.6510
LMNA	HP1BP3	3	0.3070	0.5002
ACTB	HP1BP3	3	0.1521	0.6437
CTNNA1	HP1BP3	3	0.0522	0.7348
MAPRE3	HP1BP3	3	0.0835	0.7039
KRT8	ZMYM1	3	0.0014	0.8544
LMNA	ZMYM1	3	0.0078	0.8246
ACTB	ZMYM1	3	0.0005	0.8621
MAPRE3	ZMYM1	3	0.0000	0.8712
KRT8	CEP170	3	0.3344	0.4077
LMNA	CEP170	3	0.1388	0.6551
ACTB	CEP170	3	0.2746	0.5359
CTNNA1	CEP170	3	0.1403	0.6539
MAPRE3	CEP170	3	0.3743	0.3152
KRT8	PPP1R15B	3	0.3204	0.4824
LMNA	PPP1R15B	3	0.0675	0.7193
ACTB	PPP1R15B	3	0.3017	0.5070
CTNNA1	PPP1R15B	3	0.1341	0.6596
MAPRE3	PPP1R15B	3	0.1764	0.6225
KRT8	ODR4	3	0.2487	0.5620
LMNA	ODR4	3	0.3400	0.3924
LMNA	SNAPC4	3	0.0046	0.8380
ACTB	SNAPC4	3	0.0005	0.8621
MAPRE3	SNAPC4	3	0.0000	0.8712
KRT8	NOL9	3	0.0042	0.8397
LMNA	NOL9	3	0.0015	0.8537
ACTB	NOL9	3	0.0010	0.8573
MAPRE3	NOL9	3	0.0000	0.8712
KRT8	NHSL1	3	0.2118	0.5932
ACTB	NHSL1	3	0.0348	0.7566
CTNNA1	NHSL1	3	0.0021	0.8502
MAPRE3	NHSL1	3	0.0002	0.8663
KRT8	CEP85L	3	0.7378	0.0388
MAPRE3	CEP85L	3	0.0183	0.7886
KRT8	SZT2	3	0.1003	0.6886
ACTB	SZT2	3	0.0041	0.8402
LMNA	ZNF362	3	0.0385	0.7511
KRT8	CC2D1B	3	0.2643	0.5468
LMNA	CC2D1B	3	0.0197	0.7849
ACTB	CC2D1B	3	0.0057	0.8332
MAPRE3	CC2D1B	3	0.0188	0.7873
KRT8	FNBP1L	3	0.0227	0.7776
LMNA	FNBP1L	3	0.0018	0.8519
ACTB	FNBP1L	3	0.2503	0.5603
CTNNA1	FNBP1L	3	0.0005	0.8621
MAPRE3	FNBP1L	3	0.0053	0.8350
KRT8	FAM83B	3	0.9990	0.0000
ACTB	FAM83B	3	0.0098	0.8168
KRT8	RARS2	3	0.6667	0.0696
ACTB	RARS2	3	0.3333	0.4115
KRT8	FKBP15	3	0.0195	0.7855
LMNA	FKBP15	3	0.0007	0.8600
ACTB	FKBP15	3	0.0199	0.7843
CTNNA1	FKBP15	3	0.0002	0.8663
MAPRE3	FKBP15	3	0.0024	0.8483
LMNA	DDX59	3	0.6890	0.0525
ACTB	DDX59	3	0.0063	0.8308
KRT8	ODAD2	3	1.0000	0.0000
KRT8	GPATCH4	3	0.2826	0.5275
LMNA	GPATCH4	3	0.3685	0.3257
ACTB	GPATCH4	3	0.2837	0.5269
CTNNA1	GPATCH4	3	0.1276	0.6650
MAPRE3	GPATCH4	3	0.3070	0.5002
KRT8	LRIF1	3	0.0002	0.8663
LMNA	LRIF1	3	0.0085	0.8220
ACTB	LRIF1	3	0.0002	0.8663
MAPRE3	LRIF1	3	0.0003	0.8647
ACTB	IBA57	3	0.0035	0.8429
KRT8	HECTD3	3	0.0041	0.8402
MAPRE3	HECTD3	3	0.0000	0.8712
KRT8	UBR4	3	0.5061	0.1874
LMNA	UBR4	3	0.2353	0.5736
ACTB	UBR4	3	0.2987	0.5111
CTNNA1	UBR4	3	0.1102	0.6803
MAPRE3	UBR4	3	0.2045	0.5998
KRT8	STXBP5	3	0.0204	0.7829
LMNA	STXBP5	3	0.0121	0.8085
ACTB	STXBP5	3	0.0143	0.8008
CTNNA1	STXBP5	3	0.0000	0.8712
MAPRE3	STXBP5	3	0.0063	0.8308
KRT8	KIAA1217	3	0.1472	0.6476
LMNA	KIAA1217	3	0.0012	0.8558
ACTB	KIAA1217	3	0.0225	0.7780
CTNNA1	KIAA1217	3	0.1779	0.6209
MAPRE3	KIAA1217	3	0.2642	0.5469
KRT8	ARHGAP21	3	0.0217	0.7797
LMNA	ARHGAP21	3	0.0001	0.8682
ACTB	ARHGAP21	3	0.1082	0.6820
CTNNA1	ARHGAP21	3	0.0997	0.6892
MAPRE3	ARHGAP21	3	0.0064	0.8304
KRT8	BEND3	3	0.2176	0.5885
LMNA	BEND3	3	0.3259	0.4756
ACTB	BEND3	3	0.1868	0.6127
CTNNA1	BEND3	3	0.0102	0.8152
MAPRE3	BEND3	3	0.1095	0.6810
KRT8	CAMSAP1	3	0.0674	0.7195
LMNA	CAMSAP1	3	0.0021	0.8502
ACTB	CAMSAP1	3	0.0135	0.8037
CTNNA1	CAMSAP1	3	0.0009	0.8582
MAPRE3	CAMSAP1	3	0.0362	0.7543
KRT8	UBAP2	3	0.2797	0.5304
LMNA	UBAP2	3	0.0720	0.7154
ACTB	UBAP2	3	0.2514	0.5590
CTNNA1	UBAP2	3	0.0639	0.7227
MAPRE3	UBAP2	3	0.2091	0.5958
KRT8	QNG1	3	0.9977	0.0001
LMNA	QNG1	3	0.3674	0.3287
KRT8	KIF24	3	0.6944	0.0513
ACTB	KIF24	3	0.0165	0.7936
MAPRE3	KIF24	3	0.0731	0.7144
KRT8	GORAB	3	0.0111	0.8119
ACTB	GORAB	3	0.0178	0.7901
KRT8	TSTD2	3	0.3322	0.4652
LMNA	TSTD2	3	0.1082	0.6820
ACTB	TSTD2	3	0.3094	0.4966
CTNNA1	TSTD2	3	0.1268	0.6661
MAPRE3	TSTD2	3	0.2392	0.5706
KRT8	HENMT1	3	0.1061	0.6837
LMNA	HENMT1	3	0.0133	0.8044
ACTB	HENMT1	3	0.0165	0.7936
MAPRE3	HENMT1	3	0.0003	0.8647
KRT8	RBM26	3	0.0001	0.8682
LMNA	RBM26	3	0.0136	0.8031
ACTB	RBM26	3	0.0005	0.8621
MAPRE3	RBM26	3	0.0003	0.8647
KRT8	ATAD3B	3	0.2370	0.5722
LMNA	ATAD3B	3	0.0100	0.8159
CTNNA1	ATAD3B	3	0.0506	0.7367
KRT8	WLS	3	0.0303	0.7635
LMNA	WLS	3	0.6770	0.0577
ACTB	WLS	3	0.0130	0.8054
MAPRE3	WLS	3	0.0006	0.8612
KRT8	CCDC18	3	0.0748	0.7124
ACTB	CCDC18	3	0.0124	0.8074
MAPRE3	CCDC18	3	0.0014	0.8544
KRT8	INTS11	3	0.2116	0.5934
LMNA	INTS11	3	0.2844	0.5260
ACTB	INTS11	3	0.1105	0.6798
CTNNA1	INTS11	3	0.0078	0.8246
MAPRE3	INTS11	3	0.0558	0.7308
KRT8	TUT4	3	0.0126	0.8068
ACTB	TUT4	3	0.0133	0.8044
MAPRE3	TUT4	3	0.0027	0.8469
KRT8	CEP162	3	0.0415	0.7474
MAPRE3	CEP162	3	0.0579	0.7285
KRT8	RC3H1	3	0.0121	0.8085
ACTB	RC3H1	3	0.0032	0.8442
MAPRE3	RC3H1	3	0.0001	0.8682
KRT8	SH3PXD2A	3	0.0129	0.8057
ACTB	SH3PXD2A	3	0.2688	0.5421
MAPRE3	SH3PXD2A	3	0.4141	0.2493
KRT8	H3-7	3	0.1428	0.6515
LMNA	H3-7	3	0.0941	0.6945
ACTB	H3-7	3	0.1476	0.6472
CTNNA1	H3-7	3	0.0150	0.7983
MAPRE3	H3-7	3	0.0240	0.7750
KRT8	IFFO2	3	0.9961	0.0002
LMNA	IFFO2	3	0.3056	0.5020
KRT8	NT5DC1	3	0.0895	0.6987
LMNA	NT5DC1	3	0.0992	0.6896
ACTB	NT5DC1	3	0.2263	0.5811
CTNNA1	NT5DC1	3	0.0141	0.8015
MAPRE3	NT5DC1	3	0.0102	0.8152
LMNA	TMCO4	3	0.3333	0.4115
KRT8	AHDC1	3	0.0003	0.8647
LMNA	AHDC1	3	0.0102	0.8152
ACTB	AHDC1	3	0.0002	0.8663
MAPRE3	AHDC1	3	0.0000	0.8712
KRT8	VPS13D	3	0.0165	0.7936
LMNA	VPS13D	3	0.0533	0.7336
ACTB	VPS13D	3	0.0043	0.8392
MAPRE3	VPS13D	3	0.0002	0.8663
KRT8	PRR14L	3	0.0023	0.8489
LMNA	PRR14L	3	0.0513	0.7357
ACTB	PRR14L	3	0.0009	0.8582
MAPRE3	PRR14L	3	0.0004	0.8632
KRT8	LIN9	3	0.0025	0.8479
LMNA	LIN9	3	0.0115	0.8103
ACTB	LIN9	3	0.0010	0.8573
MAPRE3	LIN9	3	0.0000	0.8712
KRT8	CROCC	3	0.2345	0.5748
LMNA	ASPHD1	3	0.6667	0.0696
KRT8	LYRM7	3	0.9216	0.0054
LMNA	LYRM7	3	0.1317	0.6618
ACTB	LYRM7	3	0.2547	0.5555
CTNNA1	LYRM7	3	0.0261	0.7709
KRT8	RIF1	3	0.1794	0.6194
LMNA	RIF1	3	0.3139	0.4909
ACTB	RIF1	3	0.1791	0.6197
CTNNA1	RIF1	3	0.0672	0.7196
MAPRE3	RIF1	3	0.1497	0.6456
KRT8	VPS53	3	0.0293	0.7654
LMNA	VPS53	3	0.0001	0.8682
ACTB	VPS53	3	0.0339	0.7580
MAPRE3	VPS53	3	0.0006	0.8612
KRT8	STRIP1	3	0.0196	0.7852
LMNA	STRIP1	3	0.0014	0.8544
ACTB	STRIP1	3	0.0136	0.8031
CTNNA1	STRIP1	3	0.0000	0.8712
MAPRE3	STRIP1	3	0.0008	0.8590
KRT8	CEP350	3	0.3507	0.3622
LMNA	CEP350	3	0.0839	0.7036
ACTB	CEP350	3	0.2780	0.5328
CTNNA1	CEP350	3	0.2426	0.5678
MAPRE3	CEP350	3	0.2850	0.5257
KRT8	CDC42BPA	3	0.0113	0.8111
LMNA	CDC42BPA	3	0.0005	0.8621
ACTB	CDC42BPA	3	0.0086	0.8215
CTNNA1	CDC42BPA	3	0.0004	0.8632
MAPRE3	CDC42BPA	3	0.0001	0.8682
KRT8	RPRD2	3	0.1021	0.6871
LMNA	RPRD2	3	0.2021	0.6015
ACTB	RPRD2	3	0.1136	0.6771
CTNNA1	RPRD2	3	0.0048	0.8371
MAPRE3	RPRD2	3	0.0515	0.7355
LMNA	RNF220	3	0.0156	0.7963
LMNA	ANGEL2	3	1.0000	0.0000
KRT8	PRPF38B	3	0.0952	0.6934
LMNA	PRPF38B	3	0.0334	0.7585
ACTB	PRPF38B	3	0.0275	0.7681
CTNNA1	PRPF38B	3	0.0020	0.8508
MAPRE3	PRPF38B	3	0.0023	0.8489
KRT8	RNF20	3	0.0013	0.8550
LMNA	RNF20	3	0.0246	0.7737
ACTB	RNF20	3	0.0006	0.8612
MAPRE3	RNF20	3	0.0000	0.8712
KRT8	PDE4DIP	3	0.0216	0.7801
LMNA	PDE4DIP	3	0.0020	0.8508
ACTB	PDE4DIP	3	0.0144	0.8004
CTNNA1	PDE4DIP	3	0.0028	0.8464
MAPRE3	PDE4DIP	3	0.9305	0.0046
KRT8	ZNF318	3	0.1727	0.6257
LMNA	ZNF318	3	0.3181	0.4853
ACTB	ZNF318	3	0.2985	0.5115
CTNNA1	ZNF318	3	0.0241	0.7748
MAPRE3	ZNF318	3	0.1938	0.6080
KRT8	FAM171A1	3	0.0033	0.8438
ACTB	FAM171A1	3	0.0035	0.8429
CTNNA1	FAM171A1	3	0.0000	0.8712
KRT8	ARHGEF16	3	0.2384	0.5710
ACTB	ARHGEF16	3	0.0098	0.8168
MAPRE3	ARHGEF16	3	0.0003	0.8647
KRT8	CDKAL1	3	0.0085	0.8220
LMNA	CDKAL1	3	0.0124	0.8074
ACTB	CDKAL1	3	0.0051	0.8359
CTNNA1	CDKAL1	3	0.0000	0.8712
MAPRE3	CDKAL1	3	0.0003	0.8647
LMNA	MYSM1	3	1.0000	0.0000
KRT8	FOCAD	3	0.0333	0.7586
LMNA	FOCAD	3	0.0058	0.8327
ACTB	FOCAD	3	0.0145	0.8000
MAPRE3	FOCAD	3	0.0014	0.8544
LMNA	TAF3	3	0.0008	0.8590
KRT8	TASOR2	3	0.2372	0.5719
LMNA	TASOR2	3	0.2873	0.5240
ACTB	TASOR2	3	0.2363	0.5727
CTNNA1	TASOR2	3	0.0528	0.7343
MAPRE3	TASOR2	3	0.1706	0.6275
LMNA	RSBN1	3	0.0028	0.8464
KRT8	DAB2IP	3	0.0288	0.7663
ACTB	DAB2IP	3	0.0211	0.7813
CTNNA1	DAB2IP	3	0.0007	0.8600
MAPRE3	DAB2IP	3	0.0027	0.8469
KRT8	LYPLAL1	3	0.0226	0.7778
LMNA	LYPLAL1	3	0.0044	0.8389
ACTB	LYPLAL1	3	0.0349	0.7564
CTNNA1	LYPLAL1	3	0.0018	0.8519
MAPRE3	LYPLAL1	3	0.0001	0.8682
KRT8	ECPAS	3	0.0275	0.7681
LMNA	ECPAS	3	0.0138	0.8025
ACTB	ECPAS	3	0.0164	0.7940
CTNNA1	ECPAS	3	0.0004	0.8632
MAPRE3	ECPAS	3	0.0044	0.8389
KRT8	TUT7	3	0.0202	0.7835
LMNA	TUT7	3	0.0008	0.8590
ACTB	TUT7	3	0.0124	0.8074
CTNNA1	TUT7	3	0.0004	0.8632
MAPRE3	TUT7	3	0.0139	0.8022
KRT8	DENND4C	3	0.3520	0.3590
LMNA	DENND4C	3	0.1309	0.6624
ACTB	DENND4C	3	0.3102	0.4957
CTNNA1	DENND4C	3	0.1849	0.6145
MAPRE3	DENND4C	3	0.2425	0.5678
KRT8	NAA35	3	0.0008	0.8590
KRT8	CARMIL1	3	0.0689	0.7179
LMNA	CARMIL1	3	0.0018	0.8519
ACTB	CARMIL1	3	0.0275	0.7681
CTNNA1	CARMIL1	3	0.0004	0.8632
MAPRE3	CARMIL1	3	0.0027	0.8469
KRT8	ZMYM4	3	0.0008	0.8590
LMNA	ZMYM4	3	0.0183	0.7886
ACTB	ZMYM4	3	0.0003	0.8647
MAPRE3	ZMYM4	3	0.0074	0.8260
KRT8	OBI1	3	0.0213	0.7808
LMNA	OBI1	3	0.0786	0.7089
ACTB	OBI1	3	0.0035	0.8429
CTNNA1	OBI1	3	0.0000	0.8712
MAPRE3	OBI1	3	0.0003	0.8647
LMNA	USPL1	3	0.3350	0.4062
KRT8	FHIP2A	3	0.0136	0.8031
ACTB	FHIP2A	3	0.0119	0.8091
MAPRE3	FHIP2A	3	0.0014	0.8544
LMNA	TENT4A	3	0.1305	0.6627
MAPRE3	TENT4A	3	0.3332	0.4624
KRT8	KRT79	3	1.0000	0.0000
KRT8	RNF123	3	0.7241	0.0436
LMNA	RNF123	3	0.1328	0.6607
ACTB	RNF123	3	0.3284	0.4720
KRT8	FBXW9	3	0.0168	0.7927
LMNA	FBXW9	3	0.0011	0.8566
ACTB	FBXW9	3	0.0080	0.8239
MAPRE3	FBXW9	3	0.0002	0.8663
KRT8	RNF213	3	0.0274	0.7684
LMNA	RNF213	3	0.0082	0.8230
ACTB	RNF213	3	0.0154	0.7970
CTNNA1	RNF213	3	0.0004	0.8632
MAPRE3	RNF213	3	0.0028	0.8464
KRT8	TNS2	3	0.3462	0.3721
LMNA	TNS2	3	0.0024	0.8483
MAPRE3	TNS2	3	0.0021	0.8502
KRT8	KANK2	3	0.3314	0.4669
LMNA	KANK2	3	0.0931	0.6954
ACTB	KANK2	3	0.3145	0.4898
CTNNA1	KANK2	3	0.2011	0.6024
MAPRE3	KANK2	3	0.2045	0.5998
KRT8	WASHC2A	3	0.2928	0.5177
LMNA	WASHC2A	3	0.1060	0.6839
ACTB	WASHC2A	3	0.3202	0.4827
CTNNA1	WASHC2A	3	0.1912	0.6097
MAPRE3	WASHC2A	3	0.2306	0.5777
LMNA	LPCAT4	3	0.3333	0.4115
KRT8	WDR25	3	0.6667	0.0696
LMNA	WDR25	3	0.6667	0.0696
KRT8	STEAP3	3	0.0002	0.8663
ACTB	STEAP3	3	0.0027	0.8469
CTNNA1	STEAP3	3	0.0009	0.8582
MAPRE3	STEAP3	3	0.0000	0.8712
KRT8	FAM91A1	3	0.0171	0.7919
KRT8	ICE2	3	0.0049	0.8367
LMNA	ICE2	3	0.0014	0.8544
ACTB	ICE2	3	0.0012	0.8558
MAPRE3	ICE2	3	0.0000	0.8712
KRT8	LARP1B	3	0.3288	0.4714
ACTB	LARP1B	3	0.0062	0.8312
MAPRE3	LARP1B	3	0.0006	0.8612
KRT8	CEP135	3	1.0000	0.0000
ACTB	CEP135	3	0.2056	0.5990
MAPRE3	CEP135	3	0.6527	0.1464
KRT8	TBC1D9B	3	0.0612	0.7255
ACTB	TBC1D9B	3	0.0033	0.8438
LMNA	MAP1S	3	0.0005	0.8621
ACTB	MAP1S	3	0.0125	0.8071
MAPRE3	MAP1S	3	0.0467	0.7413
KRT8	PPP2R2D	3	0.0007	0.8600
KRT8	ARL6IP4	3	0.0437	0.7448
LMNA	ARL6IP4	3	0.1361	0.6578
ACTB	ARL6IP4	3	0.0174	0.7910
CTNNA1	ARL6IP4	3	0.0043	0.8392
MAPRE3	ARL6IP4	3	0.0052	0.8354
KRT8	ARID2	3	0.2190	0.5875
LMNA	ARID2	3	0.3152	0.4884
ACTB	ARID2	3	0.1859	0.6138
MAPRE3	ARID2	3	0.0825	0.7050
KRT8	UTP25	3	0.0649	0.7218
LMNA	UTP25	3	0.2236	0.5832
KRT8	RPGRIP1L	3	0.1556	0.6402
ACTB	RPGRIP1L	3	0.1898	0.6110
CTNNA1	RPGRIP1L	3	0.0000	0.8712
MAPRE3	RPGRIP1L	3	0.0094	0.8181
KRT8	TNS3	3	0.3571	0.3482
LMNA	TNS3	3	0.1724	0.6259
ACTB	TNS3	3	0.3397	0.3931
CTNNA1	TNS3	3	0.1807	0.6182
MAPRE3	TNS3	3	0.2318	0.5767
KRT8	HAUS3	3	0.3317	0.4664
ACTB	HAUS3	3	0.0994	0.6894
MAPRE3	HAUS3	3	0.0053	0.8350
MAPRE3	SPTY2D1	3	0.1660	0.6309
KRT8	FMN1	3	0.0978	0.6907
ACTB	FMN1	3	0.0798	0.7081
CTNNA1	FMN1	3	0.0116	0.8099
MAPRE3	FMN1	3	0.0006	0.8612
KRT8	ANKS6	3	0.6667	0.0696
MAPRE3	ANKS6	3	0.3333	0.4115
KRT8	ZFYVE26	3	0.5173	0.1812
ACTB	ZFYVE26	3	0.3398	0.3929
MAPRE3	ZFYVE26	3	0.0012	0.8558
LMNA	MSL1	3	0.0072	0.8270
KRT8	CRYBG3	3	0.2982	0.5119
LMNA	CRYBG3	3	0.1055	0.6844
ACTB	CRYBG3	3	0.3088	0.4975
CTNNA1	CRYBG3	3	0.1618	0.6349
MAPRE3	CRYBG3	3	0.3746	0.3142
LMNA	INTS3	3	0.0104	0.8144
ACTB	INTS3	3	0.0002	0.8663
KRT8	ARHGAP17	3	0.2783	0.5324
LMNA	ARHGAP17	3	0.1231	0.6689
ACTB	ARHGAP17	3	0.3049	0.5028
CTNNA1	ARHGAP17	3	0.0956	0.6931
MAPRE3	ARHGAP17	3	0.1998	0.6031
KRT8	CDCA2	3	0.0025	0.8479
LMNA	CDCA2	3	0.0479	0.7399
ACTB	CDCA2	3	0.0065	0.8300
CTNNA1	CDCA2	3	0.0000	0.8712
MAPRE3	CDCA2	3	0.0020	0.8508
LMNA	CWF19L1	3	0.2359	0.5731
ACTB	CWF19L1	3	0.0730	0.7145
MAPRE3	CWF19L1	3	0.0315	0.7614
KRT8	VIRMA	3	0.0068	0.8289
LMNA	VIRMA	3	0.0016	0.8531
ACTB	VIRMA	3	0.0000	0.8712
KRT8	SPECC1L	3	0.0136	0.8031
ACTB	SPECC1L	3	0.4089	0.2559
MAPRE3	SPECC1L	3	0.0050	0.8364
KRT8	HEATR6	3	0.0043	0.8392
LMNA	ANKRD40	3	0.0210	0.7816
ACTB	ANKRD40	3	0.1010	0.6880
MAPRE3	ANKRD40	3	0.0036	0.8424
KRT8	WWC2	3	0.2773	0.5331
ACTB	WWC2	3	0.0215	0.7803
CTNNA1	WWC2	3	0.0003	0.8647
MAPRE3	WWC2	3	0.0080	0.8239
KRT8	BLTP3A	3	0.5084	0.1863
ACTB	BLTP3A	3	0.0098	0.8168
MAPRE3	BLTP3A	3	0.0036	0.8424
KRT8	ATL3	3	0.0456	0.7424
LMNA	ATL3	3	0.0074	0.8260
ACTB	ATL3	3	0.0104	0.8144
MAPRE3	ATL3	3	0.0001	0.8682
KRT8	RPL7L1	3	0.0881	0.6998
LMNA	RPL7L1	3	0.1064	0.6834
ACTB	RPL7L1	3	0.0818	0.7060
CTNNA1	RPL7L1	3	0.0205	0.7827
KRT8	CDC42BPG	3	0.0135	0.8037
ACTB	CDC42BPG	3	0.0768	0.7107
KRT8	SUMO2;SUMO3;SUMO4	3	0.2895	0.5215
LMNA	SUMO2;SUMO3;SUMO4	3	0.2533	0.5572
ACTB	SUMO2;SUMO3;SUMO4	3	0.2440	0.5665
CTNNA1	SUMO2;SUMO3;SUMO4	3	0.0692	0.7176
MAPRE3	SUMO2;SUMO3;SUMO4	3	0.1594	0.6370
KRT8	TTLL5	3	0.2982	0.5119
ACTB	TTLL5	3	0.0042	0.8397
MAPRE3	TTLL5	3	0.0134	0.8040
KRT8	CIAPIN1	3	0.3044	0.5036
LMNA	CIAPIN1	3	0.1810	0.6178
ACTB	CIAPIN1	3	0.2710	0.5397
CTNNA1	CIAPIN1	3	0.0359	0.7549
MAPRE3	CIAPIN1	3	0.0895	0.6987
CTNNA1	SMYD5	3	0.0630	0.7238
KRT8	OTUD7B	3	0.0089	0.8203
LMNA	OTUD7B	3	0.0001	0.8682
ACTB	OTUD7B	3	0.0053	0.8350
KRT8	RALGAPA1	3	0.0094	0.8181
ACTB	RALGAPA1	3	0.0195	0.7855
MAPRE3	RALGAPA1	3	0.0004	0.8632
KRT8	THOC7	3	1.0000	0.0000
KRT8	ELP2	3	0.0015	0.8537
ACTB	ELP2	3	0.0049	0.8367
MAPRE3	ELP2	3	0.0004	0.8632
KRT8	LAMTOR1	3	0.1593	0.6371
LMNA	LAMTOR1	3	0.0369	0.7533
ACTB	LAMTOR1	3	0.2182	0.5880
CTNNA1	LAMTOR1	3	0.0471	0.7408
MAPRE3	LAMTOR1	3	0.0633	0.7232
KRT8	TWF2	3	0.3020	0.5066
LMNA	TWF2	3	0.2236	0.5832
ACTB	TWF2	3	0.3449	0.3760
CTNNA1	TWF2	3	0.0851	0.7022
MAPRE3	TWF2	3	0.2255	0.5820
KRT8	PHETA2	3	0.0411	0.7478
ACTB	PHETA2	3	0.0172	0.7916
CTNNA1	PHETA2	3	0.0000	0.8712
MAPRE3	PHETA2	3	0.0026	0.8473
KRT8	RTL6	3	0.3333	0.4115
KRT8	KIAA0930	3	0.0903	0.6980
LMNA	KIAA0930	3	0.0220	0.7790
ACTB	KIAA0930	3	0.0015	0.8537
MAPRE3	KIAA0930	3	0.0061	0.8316
KRT8	JADE1	3	0.0009	0.8582
LMNA	JADE1	3	0.0096	0.8174
LMNA	SNRNP48	3	0.0200	0.7840
LMNA	PPP4R3A	3	0.0197	0.7849
ACTB	PPP4R3A	3	0.0004	0.8632
KRT8	IQCE	3	0.1962	0.6056
MAPRE3	IQCE	3	0.2327	0.5759
LMNA	SPOPL	3	0.2078	0.5971
LMNA	ZNF770	3	0.0112	0.8115
KRT8	PLEKHA7	3	0.3333	0.4115
MAPRE3	PLEKHA7	3	0.6667	0.0696
LMNA	SDE2	3	0.3052	0.5024
ACTB	SDE2	3	0.0006	0.8612
KRT8	TTBK2	3	0.3333	0.4115
MAPRE3	TTBK2	3	1.0000	0.0000
KRT8	KRT80	3	0.4072	0.2600
LMNA	KRT80	3	0.1023	0.6870
ACTB	KRT80	3	0.1478	0.6469
CTNNA1	KRT80	3	0.0299	0.7642
MAPRE3	KRT80	3	0.0919	0.6964
KRT8	NIPBL	3	0.2077	0.5974
LMNA	NIPBL	3	0.2732	0.5372
ACTB	NIPBL	3	0.1636	0.6329
CTNNA1	NIPBL	3	0.0089	0.8203
MAPRE3	NIPBL	3	0.0859	0.7014
KRT8	PDE12	3	0.0279	0.7675
LMNA	PDE12	3	0.0605	0.7261
ACTB	PDE12	3	0.0229	0.7773
CTNNA1	PDE12	3	0.0230	0.7771
MAPRE3	PDE12	3	0.0173	0.7914
KRT8	LIN54	3	0.0011	0.8566
LMNA	LIN54	3	0.0158	0.7958
ACTB	LIN54	3	0.0003	0.8647
MAPRE3	LIN54	3	0.0005	0.8621
KRT8	PRR5L	3	0.0507	0.7366
ACTB	PRR5L	3	0.0159	0.7955
MAPRE3	PRR5L	3	0.3376	0.3996
LMNA	TET2	3	0.0034	0.8433
LMNA	ZNF280D	3	0.0104	0.8144
ACTB	ZNF280D	3	0.0002	0.8663
MAPRE3	ZNF280D	3	0.0001	0.8682
LMNA	ALKBH2	3	0.6667	0.0696
MAPRE3	ALKBH2	3	0.3333	0.4115
LMNA	ZSCAN25	3	0.0080	0.8239
KRT8	HMBOX1	3	0.0261	0.7709
LMNA	HMBOX1	3	0.4212	0.2410
ACTB	HMBOX1	3	0.0028	0.8464
MAPRE3	HMBOX1	3	0.0004	0.8632
LMNA	MRNIP	3	0.6667	0.0696
KRT8	RHBDD2	3	0.2528	0.5578
LMNA	RHBDD2	3	0.3614	0.3422
ACTB	RHBDD2	3	0.1685	0.6291
CTNNA1	RHBDD2	3	0.0632	0.7234
MAPRE3	RHBDD2	3	0.0532	0.7338
KRT8	SLC25A24	3	0.0107	0.8132
ACTB	SLC25A24	3	0.3343	0.4079
MAPRE3	SLC25A24	3	0.0080	0.8239
LMNA	RETSAT	3	0.1926	0.6087
ACTB	RETSAT	3	0.0004	0.8632
LMNA	ZNF746;ZNF767P;ZNF783	3	0.6667	0.0696
KRT8	RINT1	3	0.1094	0.6812
LMNA	RINT1	3	0.0009	0.8582
ACTB	RINT1	3	0.0345	0.7570
CTNNA1	RINT1	3	0.0007	0.8600
MAPRE3	RINT1	3	0.0030	0.8454
LMNA	TMEM214	3	0.8557	0.0123
KRT8	HIBCH	3	0.0060	0.8320
LMNA	HIBCH	3	0.0003	0.8647
LMNA	PRPF40B	3	0.0031	0.8449
ACTB	ARMC6	3	0.0905	0.6977
KRT8	SLC30A6	3	0.0041	0.8402
LMNA	SLC30A6	3	0.0007	0.8600
ACTB	SLC30A6	3	0.0033	0.8438
KRT8	PPP1R18	3	0.1993	0.6034
LMNA	PPP1R18	3	0.0918	0.6965
ACTB	PPP1R18	3	0.4063	0.2614
CTNNA1	PPP1R18	3	0.0772	0.7103
MAPRE3	PPP1R18	3	0.1002	0.6888
KRT8	MZT2A;MZT2B	3	0.0137	0.8027
ACTB	MZT2A;MZT2B	3	0.0132	0.8047
MAPRE3	MZT2A;MZT2B	3	0.0014	0.8544
KRT8	CAVIN1	3	0.0081	0.8234
ACTB	CAVIN1	3	0.0018	0.8519
CTNNA1	CAVIN1	3	0.0000	0.8712
MAPRE3	CAVIN1	3	0.0002	0.8663
LMNA	ZCCHC8	3	0.0015	0.8537
KRT8	MIS18BP1	3	0.0243	0.7743
LMNA	MIS18BP1	3	0.0466	0.7414
ACTB	MIS18BP1	3	0.0037	0.8419
MAPRE3	MIS18BP1	3	0.1805	0.6183
KRT8	MAST2	3	0.0289	0.7660
LMNA	MAST2	3	0.0028	0.8464
ACTB	MAST2	3	0.3046	0.5034
CTNNA1	MAST2	3	0.0003	0.8647
MAPRE3	MAST2	3	0.0113	0.8111
KRT8	DHX57	3	0.0037	0.8419
LMNA	DHX57	3	0.0000	0.8712
ACTB	DHX57	3	0.0034	0.8433
CTNNA1	DHX57	3	0.0000	0.8712
MAPRE3	DHX57	3	0.0011	0.8566
LMNA	LPCAT3	3	0.3333	0.4115
KRT8	CDC73	3	0.1730	0.6254
LMNA	CDC73	3	0.3002	0.5088
ACTB	CDC73	3	0.1328	0.6607
CTNNA1	CDC73	3	0.0367	0.7535
MAPRE3	CDC73	3	0.2297	0.5783
KRT8	PMF1	3	0.0411	0.7478
LMNA	PMF1	3	0.0082	0.8230
ACTB	PMF1	3	0.0035	0.8429
CTNNA1	PMF1	3	0.0003	0.8647
MAPRE3	PMF1	3	0.0000	0.8712
KRT8	FAM117B	3	0.0060	0.8320
LMNA	FAM117B	3	0.0024	0.8483
ACTB	FAM117B	3	0.0748	0.7124
CTNNA1	FAM117B	3	0.0007	0.8600
MAPRE3	FAM117B	3	0.0234	0.7764
KRT8	MRPL14	3	0.0365	0.7539
ACTB	MRPL14	3	0.0131	0.8051
KRT8	SLC27A4	3	0.2748	0.5357
LMNA	SLC27A4	3	0.2405	0.5695
ACTB	SLC27A4	3	0.1094	0.6812
CTNNA1	SLC27A4	3	0.0091	0.8194
MAPRE3	SLC27A4	3	0.0181	0.7892
KRT8	ARMCX5	3	0.1794	0.6194
ACTB	ARMCX5	3	0.0049	0.8367
MAPRE3	ARMCX5	3	0.0009	0.8582
KRT8	CC2D1A	3	0.0622	0.7245
LMNA	CC2D1A	3	0.0007	0.8600
ACTB	CC2D1A	3	0.0200	0.7840
CTNNA1	CC2D1A	3	0.0018	0.8519
MAPRE3	CC2D1A	3	0.0153	0.7974
ACTB	TATDN1	3	0.3333	0.4115
KRT8	METTL2B	3	0.1701	0.6282
ACTB	METTL2B	3	0.0746	0.7126
CTNNA1	METTL2B	3	0.0067	0.8294
LMNA	DUS1L	3	0.6667	0.0696
LMNA	TAF2	3	0.0097	0.8172
LMNA	MED27	3	0.0067	0.8294
ACTB	MED27	3	0.0002	0.8663
LMNA	ZFP1	3	0.6667	0.0696
KRT8	EDC4	3	0.2675	0.5433
LMNA	EDC4	3	0.1066	0.6832
ACTB	EDC4	3	0.2933	0.5171
CTNNA1	EDC4	3	0.0817	0.7061
MAPRE3	EDC4	3	0.0992	0.6896
KRT8	CEP85	3	0.3860	0.2893
LMNA	CEP85	3	0.0003	0.8647
ACTB	CEP85	3	0.0160	0.7952
CTNNA1	CEP85	3	0.0015	0.8537
MAPRE3	CEP85	3	0.0091	0.8194
LMNA	TMEM53	3	0.6667	0.0696
KRT8	PRMT9	3	0.0297	0.7646
ACTB	PRMT9	3	0.0054	0.8345
MAPRE3	PRMT9	3	0.0005	0.8621
KRT8	PRPF8	3	0.3272	0.4735
LMNA	PRPF8	3	0.3185	0.4842
ACTB	PRPF8	3	0.3586	0.3466
CTNNA1	PRPF8	3	0.1272	0.6655
MAPRE3	PRPF8	3	0.3162	0.4874
KRT8	FBXO42	3	0.2284	0.5793
ACTB	FBXO42	3	0.0103	0.8147
KRT8	SCYL2	3	0.0287	0.7663
LMNA	SCYL2	3	0.0010	0.8573
ACTB	SCYL2	3	0.0154	0.7970
CTNNA1	SCYL2	3	0.0002	0.8663
MAPRE3	SCYL2	3	0.0047	0.8376
KRT8	TTC27	3	0.4282	0.2377
LMNA	TTC27	3	0.0089	0.8203
ACTB	TTC27	3	0.1130	0.6779
ACTB	PLBD1	3	0.1051	0.6848
KRT8	ARHGAP11A	3	0.0005	0.8621
LMNA	ARHGAP11A	3	0.0496	0.7378
ACTB	ARHGAP11A	3	0.0911	0.6972
MAPRE3	ARHGAP11A	3	0.0030	0.8454
KRT8	ATPSCKMT	3	0.0007	0.8600
LMNA	ATPSCKMT	3	0.0000	0.8712
ACTB	ATPSCKMT	3	0.0027	0.8469
CTNNA1	ATPSCKMT	3	0.0000	0.8712
MAPRE3	ATPSCKMT	3	0.0003	0.8647
KRT8	WDR73	3	0.0422	0.7465
LMNA	WDR73	3	0.0324	0.7601
ACTB	WDR73	3	0.0187	0.7876
CTNNA1	WDR73	3	0.0268	0.7697
MAPRE3	WDR73	3	0.0031	0.8449
LMNA	NFRKB	3	0.0014	0.8544
ACTB	NFRKB	3	0.0001	0.8682
MAPRE3	NFRKB	3	0.0004	0.8632
KRT8	PKN3	3	0.0026	0.8473
LMNA	PKN3	3	0.0002	0.8663
ACTB	PKN3	3	0.0006	0.8612
CTNNA1	PKN3	3	0.0000	0.8712
MAPRE3	PKN3	3	0.0001	0.8682
LMNA	ALKBH5	3	0.2952	0.5147
KRT8	PDXDC1	3	0.0047	0.8376
LMNA	PDXDC1	3	0.0002	0.8663
ACTB	PDXDC1	3	0.0034	0.8433
CTNNA1	PDXDC1	3	0.0000	0.8712
MAPRE3	PDXDC1	3	0.0001	0.8682
KRT8	INTS5	3	0.3333	0.4115
LMNA	INTS5	3	0.1012	0.6878
LMNA	RSBN1L	3	0.0041	0.8402
KRT8	CTR9	3	0.0008	0.8590
LMNA	CTR9	3	0.0214	0.7805
ACTB	CTR9	3	0.0011	0.8566
CTNNA1	CTR9	3	0.0000	0.8712
MAPRE3	CTR9	3	0.0019	0.8514
KRT8	AAGAB	3	0.0257	0.7716
ACTB	AAGAB	3	0.0170	0.7922
MAPRE3	AAGAB	3	0.0001	0.8682
CTNNA1	TUBA3E	3	0.3333	0.4115
KRT8	PPIP5K1	3	0.0376	0.7525
ACTB	PPIP5K1	3	0.0063	0.8308
MAPRE3	PPIP5K1	3	0.0000	0.8712
KRT8	PSRC1	3	0.3333	0.4115
MAPRE3	PSRC1	3	1.0000	0.0000
KRT8	SKIC3	3	0.3253	0.4767
LMNA	SKIC3	3	0.1411	0.6533
ACTB	SKIC3	3	0.2409	0.5690
CTNNA1	SKIC3	3	0.0320	0.7606
MAPRE3	SKIC3	3	0.1175	0.6741
KRT8	BORA	3	0.0911	0.6972
LMNA	BORA	3	0.0049	0.8367
ACTB	BORA	3	0.0001	0.8682
MAPRE3	BORA	3	0.0011	0.8566
KRT8	DARS2	3	0.1034	0.6860
LMNA	DARS2	3	0.0926	0.6959
CTNNA1	DARS2	3	0.0064	0.8304
KRT8	TTC33	3	0.0007	0.8600
LMNA	TTC33	3	0.0709	0.7165
ACTB	TTC33	3	0.0032	0.8442
LMNA	CCDC174	3	0.3911	0.2803
ACTB	CCDC174	3	0.0081	0.8234
MAPRE3	CCDC174	3	0.0051	0.8359
LMNA	FBXO38	3	0.0091	0.8194
KRT8	NCEH1	3	0.0227	0.7776
LMNA	NCEH1	3	0.0017	0.8526
ACTB	NCEH1	3	0.0074	0.8260
CTNNA1	NCEH1	3	0.0000	0.8712
MAPRE3	NCEH1	3	0.0004	0.8632
KRT8	FIGNL1	3	0.2823	0.5279
LMNA	FIGNL1	3	0.2674	0.5435
ACTB	FIGNL1	3	0.2202	0.5868
CTNNA1	FIGNL1	3	0.0335	0.7584
MAPRE3	FIGNL1	3	0.1103	0.6801
KRT8	TRIM65	3	0.3560	0.3511
LMNA	TRIM65	3	0.1668	0.6304
ACTB	TRIM65	3	0.0168	0.7927
CTNNA1	TRIM65	3	0.0015	0.8537
MAPRE3	TRIM65	3	0.0150	0.7983
LMNA	MIDEAS	3	0.0059	0.8324
ACTB	MIDEAS	3	0.0000	0.8712
KRT8	BRAT1	3	0.1841	0.6153
LMNA	BRAT1	3	0.0582	0.7280
ACTB	BRAT1	3	0.0074	0.8260
MAPRE3	BRAT1	3	0.0002	0.8663
KRT8	WDR59	3	0.5515	0.1700
ACTB	WDR59	3	0.0125	0.8071
MAPRE3	WDR59	3	0.0071	0.8274
KRT8	DCLRE1A	3	0.0004	0.8632
LMNA	DCLRE1A	3	0.0325	0.7598
ACTB	DCLRE1A	3	0.0036	0.8424
CTNNA1	DCLRE1A	3	0.0000	0.8712
MAPRE3	DCLRE1A	3	0.0005	0.8621
KRT8	ZC3H14	3	0.2373	0.5719
LMNA	ZC3H14	3	0.2904	0.5204
ACTB	ZC3H14	3	0.2228	0.5842
CTNNA1	ZC3H14	3	0.0028	0.8464
MAPRE3	ZC3H14	3	0.1626	0.6341
KRT8	CCDC137	3	0.0008	0.8590
LMNA	CCDC137	3	0.0016	0.8531
ACTB	CCDC137	3	0.0008	0.8590
KRT8	LARP1	3	0.2886	0.5225
LMNA	LARP1	3	0.0838	0.7036
ACTB	LARP1	3	0.2893	0.5219
CTNNA1	LARP1	3	0.0714	0.7160
MAPRE3	LARP1	3	0.2271	0.5802
KRT8	ATAD2	3	0.1951	0.6067
LMNA	ATAD2	3	0.2787	0.5321
ACTB	ATAD2	3	0.1955	0.6062
CTNNA1	ATAD2	3	0.0237	0.7758
MAPRE3	ATAD2	3	0.0878	0.6999
KRT8	TMED8	3	0.6667	0.0696
KRT8	SLC30A9	3	1.0000	0.0000
KRT8	TRAF7	3	0.9998	0.0000
ACTB	TRAF7	3	0.0590	0.7273
KRT8	RICTOR	3	0.4109	0.2542
LMNA	RICTOR	3	0.1770	0.6219
ACTB	RICTOR	3	0.3657	0.3324
CTNNA1	RICTOR	3	0.2285	0.5792
MAPRE3	RICTOR	3	0.3437	0.3795
KRT8	WDR74	3	0.0070	0.8278
LMNA	WDR74	3	0.0012	0.8558
ACTB	WDR74	3	0.0021	0.8502
KRT8	FAM111B	3	0.0075	0.8257
LMNA	FAM111B	3	0.1557	0.6401
ACTB	FAM111B	3	0.0041	0.8402
MAPRE3	FAM111B	3	0.0022	0.8496
KRT8	SMARCD3	3	0.1388	0.6551
LMNA	SMARCD3	3	0.2931	0.5173
ACTB	SMARCD3	3	0.2486	0.5622
CTNNA1	SMARCD3	3	0.0019	0.8514
MAPRE3	SMARCD3	3	0.1277	0.6649
KRT8	NHS	3	0.0130	0.8054
ACTB	NHS	3	0.0399	0.7495
CTNNA1	NHS	3	0.0621	0.7247
MAPRE3	NHS	3	0.0045	0.8384
KRT8	MTHFD1L	3	0.1032	0.6862
LMNA	MTHFD1L	3	0.0551	0.7316
ACTB	MTHFD1L	3	0.0486	0.7389
CTNNA1	MTHFD1L	3	0.0063	0.8308
MAPRE3	MTHFD1L	3	0.0065	0.8300
LMNA	ANKRD12	3	0.1790	0.6198
KRT8	ANKRD11	3	0.0004	0.8632
LMNA	ANKRD11	3	0.0104	0.8144
ACTB	ANKRD11	3	0.0001	0.8682
MAPRE3	ANKRD11	3	0.0000	0.8712
KRT8	AFTPH	3	0.0248	0.7731
ACTB	AFTPH	3	0.0111	0.8119
MAPRE3	AFTPH	3	0.0004	0.8632
KRT8	FIP1L1	3	0.2351	0.5739
LMNA	FIP1L1	3	0.3093	0.4966
ACTB	FIP1L1	3	0.1736	0.6248
MAPRE3	FIP1L1	3	0.1278	0.6648
KRT8	CRTC3	3	0.0140	0.8018
LMNA	CRTC3	3	0.0154	0.7970
ACTB	CRTC3	3	0.0044	0.8389
CTNNA1	CRTC3	3	0.0000	0.8712
MAPRE3	CRTC3	3	0.0004	0.8632
KRT8	CRTC1	3	0.0029	0.8459
LMNA	CRTC1	3	0.0010	0.8573
ACTB	CRTC1	3	0.0403	0.7489
KRT8	SASS6	3	0.6462	0.1485
LMNA	SASS6	3	0.0002	0.8663
ACTB	SASS6	3	0.0149	0.7987
MAPRE3	SASS6	3	0.0052	0.8354
ACTB	CSPG4	3	0.1521	0.6437
CTNNA1	CSPG4	3	0.0831	0.7042
KRT8	LRSAM1	3	0.0151	0.7980
LMNA	LRSAM1	3	0.0026	0.8473
ACTB	LRSAM1	3	0.0139	0.8022
CTNNA1	LRSAM1	3	0.0001	0.8682
MAPRE3	LRSAM1	3	0.0027	0.8469
KRT8	LCLAT1	3	0.0087	0.8211
LMNA	LCLAT1	3	0.0174	0.7910
ACTB	LCLAT1	3	0.0054	0.8345
ACTB	LCN15	3	0.3333	0.4115
LMNA	ABRAXAS1	3	0.0197	0.7849
KRT8	CWC27	3	0.0004	0.8632
LMNA	CWC27	3	0.0389	0.7507
ACTB	CWC27	3	0.0010	0.8573
MAPRE3	CWC27	3	0.0003	0.8647
ACTB	OLFM4	3	0.3333	0.4115
KRT8	LRIG3	3	0.0308	0.7624
LMNA	LRIG3	3	0.0032	0.8442
ACTB	LRIG3	3	0.0041	0.8402
CTNNA1	LRIG3	3	0.0000	0.8712
ACTB	WDR82	3	0.3333	0.4115
CTNNA1	WDR82	3	0.3333	0.4115
KRT8	APOOL	3	1.0000	0.0000
KRT8	FAT4	3	0.0089	0.8203
ACTB	FAT4	3	0.1741	0.6246
CTNNA1	FAT4	3	0.0023	0.8489
MAPRE3	FAT4	3	0.0000	0.8712
KRT8	ATF7IP	3	0.0000	0.8712
LMNA	ATF7IP	3	0.0080	0.8239
ACTB	ATF7IP	3	0.0003	0.8647
MAPRE3	ATF7IP	3	0.0001	0.8682
KRT8	PACS1	3	0.0225	0.7780
LMNA	PACS1	3	0.0009	0.8582
ACTB	PACS1	3	0.0101	0.8155
CTNNA1	PACS1	3	0.0001	0.8682
MAPRE3	PACS1	3	0.0013	0.8550
KRT8	BCOR	3	0.2151	0.5906
LMNA	BCOR	3	0.3570	0.3489
ACTB	BCOR	3	0.1790	0.6198
MAPRE3	BCOR	3	0.1311	0.6623
KRT8	MPRIP	3	0.2124	0.5929
LMNA	MPRIP	3	0.0838	0.7036
ACTB	MPRIP	3	0.3374	0.4001
CTNNA1	MPRIP	3	0.0940	0.6945
MAPRE3	MPRIP	3	0.1333	0.6601
KRT8	RAB11FIP1	3	0.0075	0.8257
ACTB	RAB11FIP1	3	0.0053	0.8350
CTNNA1	RAB11FIP1	3	0.0000	0.8712
MAPRE3	RAB11FIP1	3	0.0003	0.8647
KRT8	SYT10	3	0.3333	0.4115
KRT8	DNMBP	3	0.1633	0.6334
LMNA	DNMBP	3	0.0001	0.8682
ACTB	DNMBP	3	0.0187	0.7876
CTNNA1	DNMBP	3	0.0025	0.8479
MAPRE3	DNMBP	3	0.0064	0.8304
KRT8	GIGYF2	3	0.3395	0.3938
LMNA	GIGYF2	3	0.1335	0.6599
ACTB	GIGYF2	3	0.3159	0.4879
CTNNA1	GIGYF2	3	0.1765	0.6224
MAPRE3	GIGYF2	3	0.3065	0.5011
KRT8	THADA	3	0.0364	0.7541
LMNA	THADA	3	0.0004	0.8632
ACTB	THADA	3	0.0319	0.7608
MAPRE3	THADA	3	0.0033	0.8438
KRT8	HSDL2	3	0.2379	0.5716
LMNA	HSDL2	3	0.0415	0.7474
ACTB	HSDL2	3	0.0770	0.7105
CTNNA1	HSDL2	3	0.0043	0.8392
MAPRE3	HSDL2	3	0.0821	0.7055
KRT8	KYAT3	3	0.3305	0.4685
ACTB	KYAT3	3	0.0074	0.8260
KRT8	PPP1R21	3	0.0061	0.8316
LMNA	SYNE3	3	0.6667	0.0696
LMNA	BNC2	3	0.0059	0.8324
KRT8	NBEAL2	3	0.5481	0.1715
ACTB	NBEAL2	3	0.3357	0.4046
KRT8	C15orf39	3	0.0054	0.8345
LMNA	C15orf39	3	0.0821	0.7055
ACTB	C15orf39	3	0.0018	0.8519
KRT8	QSOX2	3	0.0039	0.8410
LMNA	QSOX2	3	0.0033	0.8438
ACTB	QSOX2	3	0.0093	0.8186
MAPRE3	QSOX2	3	0.0030	0.8454
KRT8	MMS22L	3	0.0012	0.8558
LMNA	MMS22L	3	0.1274	0.6652
ACTB	MMS22L	3	0.0024	0.8483
MAPRE3	MMS22L	3	0.0001	0.8682
KRT8	SRCAP	3	0.0015	0.8537
LMNA	SRCAP	3	0.0154	0.7970
ACTB	SRCAP	3	0.0127	0.8065
MAPRE3	SRCAP	3	0.0001	0.8682
KRT8	FAM83H	3	1.0000	0.0000
LMNA	FAM83H	3	0.0083	0.8228
ACTB	FAM83H	3	0.0143	0.8008
MAPRE3	FAM83H	3	0.0039	0.8410
KRT8	RIPOR1	3	0.3207	0.4820
ACTB	RIPOR1	3	0.0094	0.8181
MAPRE3	RIPOR1	3	0.0011	0.8566
KRT8	NBEAL1	3	0.4910	0.1929
ACTB	NBEAL1	3	0.0008	0.8590
MAPRE3	NBEAL1	3	0.0032	0.8442
KRT8	C1orf122	3	0.0677	0.7189
LMNA	C1orf122	3	0.0004	0.8632
KRT8	NA	3	0.0130	0.8054
LMNA	NA	3	0.0002	0.8663
ACTB	NA	3	0.0169	0.7924
CTNNA1	NA	3	0.0020	0.8508
MAPRE3	NA	3	0.0070	0.8278
KRT8	ARHGEF18	3	0.0301	0.7639
ACTB	ARHGEF18	3	0.3944	0.2756
MAPRE3	ARHGEF18	3	0.0066	0.8297
LMNA	TSHZ1	3	0.0000	0.8712
KRT8	UBR3	3	0.0039	0.8410
LMNA	UBR3	3	0.0002	0.8663
KRT8	TPGS1	3	0.0197	0.7849
ACTB	TPGS1	3	0.0220	0.7790
MAPRE3	TPGS1	3	0.0000	0.8712
KRT8	CRACD	3	0.0085	0.8220
ACTB	CRACD	3	0.1277	0.6649
MAPRE3	CRACD	3	0.0002	0.8663
LMNA	UBN2	3	0.3400	0.3924
KRT8	CEP128	3	1.0000	0.0000
KRT8	DENND5B	3	0.1786	0.6202
ACTB	DENND5B	3	0.0628	0.7241
MAPRE3	DENND5B	3	0.0168	0.7927
LMNA	LANCL3	3	0.0351	0.7562
ACTB	LANCL3	3	0.0310	0.7621
CTNNA1	LANCL3	3	0.0245	0.7739
MAPRE3	LANCL3	3	0.0035	0.8429
ACTB	FGD6	3	0.0746	0.7126
ACTB	NCCRP1	3	0.0105	0.8141
KRT8	SYDE1	3	0.1743	0.6244
ACTB	SYDE1	3	0.0166	0.7933
MAPRE3	SYDE1	3	0.0274	0.7684
LMNA	PAXIP1	3	0.0004	0.8632
KRT8	ANKS3	3	0.6667	0.0696
KRT8	STXBP4	3	0.0400	0.7494
LMNA	STXBP4	3	0.0031	0.8449
ACTB	STXBP4	3	0.0080	0.8239
CTNNA1	STXBP4	3	0.0001	0.8682
MAPRE3	STXBP4	3	0.0004	0.8632
KRT8	MBOAT2	3	0.3333	0.4115
LMNA	MBOAT2	3	1.0000	0.0000
KRT8	TMTC3	3	0.8403	0.0145
LMNA	TMTC3	3	0.0007	0.8600
ACTB	TMTC3	3	0.4641	0.2083
KRT8	VPS13C	3	0.2984	0.5117
LMNA	VPS13C	3	0.0064	0.8304
ACTB	VPS13C	3	0.0169	0.7924
CTNNA1	VPS13C	3	0.0004	0.8632
MAPRE3	VPS13C	3	0.0045	0.8384
KRT8	USP34	3	0.0127	0.8065
LMNA	USP34	3	0.0370	0.7532
ACTB	USP34	3	0.0219	0.7793
CTNNA1	USP34	3	0.0001	0.8682
MAPRE3	USP34	3	0.0010	0.8573
KRT8	RAPH1	3	0.0187	0.7876
LMNA	RAPH1	3	0.0002	0.8663
ACTB	RAPH1	3	0.5398	0.1738
CTNNA1	RAPH1	3	0.0020	0.8508
MAPRE3	RAPH1	3	0.0077	0.8250
KRT8	USP53	3	0.3333	0.4115
ACTB	USP53	3	1.0000	0.0000
KRT8	USP54	3	1.0000	0.0000
ACTB	USP54	3	0.0507	0.7366
CTNNA1	USP54	3	0.0070	0.8278
MAPRE3	USP54	3	0.0017	0.8526
KRT8	UNC13D	3	0.3468	0.3703
ACTB	UNC13D	3	0.0196	0.7852
MAPRE3	UNC13D	3	0.0038	0.8415
LMNA	FRA10AC1	3	1.0000	0.0000
CTNNA1	UBE2R2	3	0.3333	0.4115
MAPRE3	UBE2R2	3	0.6667	0.0696
LMNA	CENPU	3	0.0003	0.8647
ACTB	MED13L	3	0.0804	0.7074
KRT8	LARP4	3	0.2615	0.5497
LMNA	LARP4	3	0.0657	0.7209
ACTB	LARP4	3	0.2348	0.5743
CTNNA1	LARP4	3	0.1260	0.6668
MAPRE3	LARP4	3	0.2266	0.5808
KRT8	MED25	3	0.0075	0.8257
LMNA	MED25	3	0.0310	0.7621
ACTB	MED25	3	0.1095	0.6810
MAPRE3	MED25	3	0.0792	0.7085
KRT8	TUBA1A	3	0.2906	0.5201
LMNA	TUBA1A	3	0.0975	0.6912
ACTB	TUBA1A	3	0.1522	0.6437
CTNNA1	TUBA1A	3	0.0181	0.7892
MAPRE3	TUBA1A	3	0.0459	0.7421
KRT8	RPS27L	3	0.3657	0.3324
LMNA	RPS27L	3	0.1667	0.6305
ACTB	RPS27L	3	0.1781	0.6207
CTNNA1	RPS27L	3	0.0201	0.7837
MAPRE3	RPS27L	3	0.0650	0.7217
KRT8	CBLL1	3	0.0001	0.8682
LMNA	CBLL1	3	0.0028	0.8464
ACTB	CBLL1	3	0.0000	0.8712
LMNA	INTS8	3	0.0049	0.8367
ACTB	INTS8	3	0.0002	0.8663
KRT8	MTSS2	3	0.1214	0.6706
ACTB	MTSS2	3	0.3310	0.4675
MAPRE3	MTSS2	3	0.0084	0.8224
KRT8	NOL8	3	0.0000	0.8712
LMNA	NOL8	3	0.0012	0.8558
ACTB	NOL8	3	0.0000	0.8712
MAPRE3	NOL8	3	0.0001	0.8682
KRT8	SSH2	3	0.0242	0.7746
ACTB	SSH2	3	0.3909	0.2807
CTNNA1	SSH2	3	0.0011	0.8566
MAPRE3	SSH2	3	0.0029	0.8459
KRT8	ASXL2	3	0.0002	0.8663
LMNA	ASXL2	3	0.0047	0.8376
ACTB	ASXL2	3	0.0007	0.8600
CTNNA1	ASXL2	3	0.0006	0.8612
MAPRE3	ASXL2	3	0.0001	0.8682
KRT8	CEP68	3	0.2183	0.5879
LMNA	SUPT6H	3	0.0741	0.7131
KRT8	SND1	3	0.0677	0.7189
LMNA	SND1	3	0.0215	0.7803
ACTB	SND1	3	0.0570	0.7294
CTNNA1	SND1	3	0.0150	0.7983
MAPRE3	SND1	3	0.0203	0.7832
KRT8	MARK2	3	0.0013	0.8550
ACTB	MARK2	3	0.0145	0.8000
CTNNA1	MARK2	3	0.0055	0.8342
MAPRE3	MARK2	3	0.0575	0.7291
KRT8	DDX46	3	0.1132	0.6776
LMNA	DDX46	3	0.2953	0.5146
ACTB	DDX46	3	0.1894	0.6112
CTNNA1	DDX46	3	0.0493	0.7381
MAPRE3	DDX46	3	0.1410	0.6535
KRT8	TRMT10C	3	1.0000	0.0000
LMNA	TRMT10C	3	0.7369	0.0399
ACTB	TRMT10C	3	0.9021	0.0068
CTNNA1	TRMT10C	3	0.0070	0.8278
MAPRE3	TRMT10C	3	0.0076	0.8253
KRT8	BZW1	3	0.3533	0.3560
LMNA	BZW1	3	0.2277	0.5799
ACTB	BZW1	3	0.2004	0.6029
CTNNA1	BZW1	3	0.0445	0.7438
MAPRE3	BZW1	3	0.0852	0.7021
KRT8	ASRGL1	3	0.0140	0.8018
LMNA	ASRGL1	3	0.0083	0.8228
ACTB	ASRGL1	3	0.0148	0.7989
CTNNA1	ASRGL1	3	0.0001	0.8682
MAPRE3	ASRGL1	3	0.0022	0.8496
KRT8	KCTD9	3	0.4638	0.2087
ACTB	KCTD9	3	0.0422	0.7465
KRT8	DHX30	3	0.2748	0.5357
LMNA	DHX30	3	0.0366	0.7537
ACTB	DHX30	3	0.0642	0.7223
CTNNA1	DHX30	3	0.0112	0.8115
MAPRE3	DHX30	3	0.0085	0.8220
KRT8	EIF3M	3	0.3244	0.4775
LMNA	EIF3M	3	0.2346	0.5747
ACTB	EIF3M	3	0.3142	0.4903
CTNNA1	EIF3M	3	0.0834	0.7040
MAPRE3	EIF3M	3	0.1522	0.6437
KRT8	MEPCE	3	0.0005	0.8621
LMNA	MEPCE	3	0.0094	0.8181
ACTB	MEPCE	3	0.0025	0.8479
MAPRE3	MEPCE	3	0.0001	0.8682
KRT8	ARMCX2	3	0.0014	0.8544
KRT8	CDC37L1	3	0.0159	0.7955
LMNA	CDC37L1	3	0.0009	0.8582
ACTB	CDC37L1	3	0.0078	0.8246
MAPRE3	CDC37L1	3	0.0000	0.8712
LMNA	RSRC2	3	0.0290	0.7658
ACTB	RSRC2	3	0.0013	0.8550
MAPRE3	RSRC2	3	0.0001	0.8682
KRT8	RRAGA	3	0.0236	0.7760
LMNA	RRAGA	3	0.0045	0.8384
ACTB	RRAGA	3	0.0069	0.8283
MAPRE3	RRAGA	3	0.0002	0.8663
KRT8	CYFIP1	3	0.4012	0.2664
LMNA	CYFIP1	3	0.2779	0.5328
ACTB	CYFIP1	3	0.4059	0.2617
CTNNA1	CYFIP1	3	0.2952	0.5147
MAPRE3	CYFIP1	3	0.1782	0.6207
KRT8	MCM10	3	0.0019	0.8514
LMNA	MCM10	3	0.0491	0.7383
ACTB	MCM10	3	0.0002	0.8663
MAPRE3	MCM10	3	0.0063	0.8308
KRT8	NDUFAF7	3	1.0000	0.0000
LMNA	NDUFAF7	3	0.9996	0.0000
ACTB	NDUFAF7	3	0.9976	0.0001
KRT8	GET4	3	0.0002	0.8663
LMNA	GET4	3	0.0007	0.8600
ACTB	GET4	3	0.0000	0.8712
KRT8	COPS6	3	0.1192	0.6725
LMNA	COPS6	3	0.0010	0.8573
ACTB	COPS6	3	0.0414	0.7475
KRT8	LPCAT2	3	0.1728	0.6256
LMNA	LPCAT2	3	0.1533	0.6427
ACTB	LPCAT2	3	0.0898	0.6984
CTNNA1	LPCAT2	3	0.0333	0.7586
KRT8	ENOSF1	3	0.2366	0.5725
ACTB	ENOSF1	3	0.1468	0.6479
KRT8	EPM2AIP1	3	0.0198	0.7847
LMNA	EPM2AIP1	3	0.0151	0.7980
ACTB	EPM2AIP1	3	0.0028	0.8464
KRT8	DHX32	3	0.0980	0.6905
LMNA	DHX32	3	0.2587	0.5523
ACTB	DHX32	3	0.0276	0.7680
CTNNA1	DHX32	3	0.0278	0.7677
MAPRE3	DHX32	3	0.0092	0.8190
KRT8	RAB11FIP2	3	0.0084	0.8224
ACTB	RAB11FIP2	3	0.0224	0.7783
KRT8	FASTKD5	3	0.2806	0.5292
LMNA	FASTKD5	3	0.0018	0.8519
ACTB	DPH6	3	0.3333	0.4115
KRT8	MOB1A;MOB1B	3	0.2513	0.5592
LMNA	MOB1A;MOB1B	3	0.1273	0.6653
ACTB	MOB1A;MOB1B	3	0.1990	0.6037
CTNNA1	MOB1A;MOB1B	3	0.0358	0.7551
MAPRE3	MOB1A;MOB1B	3	0.0632	0.7234
KRT8	KDM3B	3	0.1051	0.6848
LMNA	KDM3B	3	0.2914	0.5194
ACTB	KDM3B	3	0.1077	0.6825
CTNNA1	KDM3B	3	0.0314	0.7615
MAPRE3	KDM3B	3	0.0816	0.7062
LMNA	CXXC5	3	1.0000	0.0000
KRT8	MICAL3	3	0.0868	0.7007
LMNA	MICAL3	3	0.0040	0.8407
ACTB	MICAL3	3	0.0152	0.7977
CTNNA1	MICAL3	3	0.0003	0.8647
MAPRE3	MICAL3	3	0.0012	0.8558
ACTB	GPRIN1	3	0.1184	0.6731
LMNA	TRMT1L	3	0.0086	0.8215
ACTB	TRMT1L	3	0.0009	0.8582
CTNNA1	TRMT1L	3	0.0000	0.8712
KRT8	ZC3HAV1	3	0.3066	0.5008
LMNA	ZC3HAV1	3	0.0729	0.7146
ACTB	ZC3HAV1	3	0.2788	0.5319
CTNNA1	ZC3HAV1	3	0.0697	0.7173
MAPRE3	ZC3HAV1	3	0.1550	0.6408
LMNA	TICRR	3	0.4685	0.2051
KRT8	EFL1	3	0.2297	0.5783
ACTB	EFL1	3	0.0092	0.8190
CTNNA1	EFL1	3	0.0000	0.8712
MAPRE3	EFL1	3	0.0012	0.8558
KRT8	SETX	3	0.1164	0.6750
LMNA	SETX	3	0.2942	0.5160
ACTB	SETX	3	0.1287	0.6641
CTNNA1	SETX	3	0.0072	0.8270
MAPRE3	SETX	3	0.1709	0.6274
KRT8	HDX	3	0.0008	0.8590
LMNA	HDX	3	0.3412	0.3894
MAPRE3	HDX	3	0.0033	0.8438
LMNA	KANSL1	3	0.0031	0.8449
KRT8	NUP54	3	0.3427	0.3824
LMNA	NUP54	3	0.0010	0.8573
ACTB	NUP54	3	0.0040	0.8407
KRT8	ATG9A	3	0.6279	0.1525
LMNA	ATG9A	3	0.0128	0.8061
ACTB	ATG9A	3	0.0157	0.7961
CTNNA1	ATG9A	3	0.0004	0.8632
MAPRE3	ATG9A	3	0.0015	0.8537
KRT8	CCDC186	3	0.0576	0.7289
ACTB	CCDC186	3	0.0099	0.8164
CTNNA1	CCDC186	3	0.0002	0.8663
MAPRE3	CCDC186	3	0.0008	0.8590
KRT8	ARMC9	3	0.5930	0.1588
ACTB	ARMC9	3	0.0720	0.7154
MAPRE3	ARMC9	3	0.0049	0.8367
KRT8	VPS35L	3	0.3847	0.2926
LMNA	VPS35L	3	0.3378	0.3991
ACTB	VPS35L	3	0.0107	0.8132
KRT8	POGZ	3	0.0002	0.8663
LMNA	POGZ	3	0.0133	0.8044
ACTB	POGZ	3	0.0003	0.8647
MAPRE3	POGZ	3	0.0017	0.8526
LMNA	MIER3	3	0.6667	0.0696
KRT8	ZFYVE16	3	0.2800	0.5301
LMNA	ZFYVE16	3	0.1217	0.6702
ACTB	ZFYVE16	3	0.3061	0.5013
CTNNA1	ZFYVE16	3	0.1237	0.6685
MAPRE3	ZFYVE16	3	0.2219	0.5854
KRT8	MON2	3	0.0185	0.7881
LMNA	MON2	3	0.0004	0.8632
ACTB	MON2	3	0.0066	0.8297
CTNNA1	MON2	3	0.0001	0.8682
MAPRE3	MON2	3	0.0003	0.8647
KRT8	DENND4A	3	0.0216	0.7801
LMNA	DENND4A	3	0.0002	0.8663
ACTB	DENND4A	3	0.0144	0.8004
CTNNA1	DENND4A	3	0.0000	0.8712
MAPRE3	DENND4A	3	0.0024	0.8483
LMNA	TMC7	3	0.6667	0.0696
KRT8	NUFIP2	3	0.2453	0.5653
LMNA	NUFIP2	3	0.0358	0.7551
ACTB	NUFIP2	3	0.2568	0.5540
CTNNA1	NUFIP2	3	0.1054	0.6845
MAPRE3	NUFIP2	3	0.2537	0.5565
KRT8	MAVS	3	0.2319	0.5766
ACTB	MAVS	3	0.2968	0.5131
CTNNA1	MAVS	3	0.0204	0.7829
MAPRE3	MAVS	3	0.1957	0.6062
KRT8	CLASP1	3	0.0327	0.7595
LMNA	CLASP1	3	0.0004	0.8632
ACTB	CLASP1	3	0.0134	0.8040
CTNNA1	CLASP1	3	0.0023	0.8489
MAPRE3	CLASP1	3	0.8358	0.0161
KRT8	DHX29	3	0.0082	0.8230
LMNA	DHX29	3	0.0000	0.8712
ACTB	DHX29	3	0.0068	0.8289
CTNNA1	DHX29	3	0.0000	0.8712
MAPRE3	DHX29	3	0.0015	0.8537
KRT8	NPHP3	3	0.3333	0.4115
KRT8	TRMT11	3	0.1196	0.6723
LMNA	TRMT11	3	0.0059	0.8324
ACTB	TRMT11	3	0.0480	0.7398
CTNNA1	TRMT11	3	0.0030	0.8454
MAPRE3	TRMT11	3	0.0051	0.8359
KRT8	HAUS6	3	0.1015	0.6874
LMNA	HAUS6	3	0.0004	0.8632
ACTB	HAUS6	3	0.0141	0.8015
CTNNA1	HAUS6	3	0.0013	0.8550
MAPRE3	HAUS6	3	0.0136	0.8031
KRT8	TTC21B	3	0.3333	0.4115
KRT8	HEATR3	3	0.0088	0.8208
LMNA	HEATR3	3	0.0115	0.8103
ACTB	HEATR3	3	0.0052	0.8354
ACTB	C6orf120	3	0.0020	0.8508
KRT8	KIF21A	3	0.3950	0.2736
ACTB	KIF21A	3	0.0195	0.7855
MAPRE3	KIF21A	3	0.0169	0.7924
LMNA	HDGFL2	3	0.0094	0.8181
ACTB	HDGFL2	3	0.0002	0.8663
KRT8	BRAP	3	0.0086	0.8215
ACTB	BRAP	3	0.0060	0.8320
MAPRE3	BRAP	3	0.0000	0.8712
KRT8	EMSY	3	0.0000	0.8712
LMNA	EMSY	3	0.0011	0.8566
ACTB	EMSY	3	0.0000	0.8712
MAPRE3	EMSY	3	0.0000	0.8712
KRT8	GOLGA7	3	0.1308	0.6625
LMNA	GOLGA7	3	0.0072	0.8270
ACTB	GOLGA7	3	0.0475	0.7403
CTNNA1	GOLGA7	3	0.0058	0.8327
KRT8	RAI1	3	0.2057	0.5988
LMNA	RAI1	3	0.3841	0.2935
ACTB	RAI1	3	0.2267	0.5807
MAPRE3	RAI1	3	0.2172	0.5890
KRT8	WAPL	3	0.1810	0.6178
LMNA	WAPL	3	0.3482	0.3666
ACTB	WAPL	3	0.2261	0.5814
MAPRE3	WAPL	3	0.1537	0.6422
ACTB	VMO1	3	0.3333	0.4115
KRT8	R3HCC1L	3	0.0102	0.8152
ACTB	R3HCC1L	3	0.0050	0.8364
LMNA	IRF2BP2	3	0.0023	0.8489
KRT8	KCTD20	3	0.0010	0.8573
LMNA	KCTD20	3	0.0000	0.8712
KRT8	SRGAP1	3	0.1917	0.6094
ACTB	SRGAP1	3	0.2658	0.5456
MAPRE3	SRGAP1	3	0.0026	0.8473
KRT8	RBBP6	3	0.0584	0.7279
LMNA	RBBP6	3	0.2220	0.5852
ACTB	RBBP6	3	0.1224	0.6694
CTNNA1	RBBP6	3	0.0004	0.8632
MAPRE3	RBBP6	3	0.0566	0.7299
LMNA	C5orf24	3	0.0919	0.6964
KRT8	SH3RF1	3	0.0129	0.8057
ACTB	SH3RF1	3	0.0045	0.8384
LMNA	TSEN54	3	0.3333	0.4115
KRT8	PTAR1	3	0.0165	0.7936
LMNA	PTAR1	3	0.0115	0.8103
ACTB	PTAR1	3	0.0072	0.8270
CTNNA1	PTAR1	3	0.0000	0.8712
MAPRE3	PTAR1	3	0.0004	0.8632
KRT8	ARPIN	3	0.0081	0.8234
LMNA	ARPIN	3	0.0078	0.8246
ACTB	ARPIN	3	0.0076	0.8253
KRT8	RABEPK	3	0.1429	0.6514
CTNNA1	RABEPK	3	0.0719	0.7155
KRT8	HUWE1	3	0.3012	0.5075
LMNA	HUWE1	3	0.2283	0.5793
ACTB	HUWE1	3	0.2089	0.5962
CTNNA1	HUWE1	3	0.0442	0.7442
MAPRE3	HUWE1	3	0.1105	0.6798
KRT8	YTHDF3	3	0.0246	0.7737
LMNA	YTHDF3	3	0.0004	0.8632
ACTB	YTHDF3	3	0.0153	0.7974
CTNNA1	YTHDF3	3	0.0003	0.8647
MAPRE3	YTHDF3	3	0.0031	0.8449
ACTB	MROH2B	3	0.0802	0.7076
CTNNA1	MROH2B	3	0.0252	0.7724
KRT8	KRT77	3	0.0870	0.7005
LMNA	KRT77	3	0.0248	0.7731
ACTB	KRT77	3	0.1712	0.6272
CTNNA1	KRT77	3	0.0014	0.8544
MAPRE3	KRT77	3	0.0009	0.8582
KRT8	CNTRL	3	1.0000	0.0000
LMNA	CNTRL	3	0.3333	0.4115
ACTB	CNTRL	3	0.0029	0.8459
KRT8	CTU1	3	0.0428	0.7459
ACTB	CTU1	3	0.0056	0.8337
KRT8	UBE2Q1	3	0.0000	0.8712
ACTB	UBE2Q1	3	0.0000	0.8712
KRT8	KHDC4	3	0.0004	0.8632
LMNA	KHDC4	3	0.0262	0.7708
ACTB	KHDC4	3	0.0063	0.8308
KRT8	VPS13B	3	0.0024	0.8483
ACTB	VPS13B	3	0.0023	0.8489
KRT8	ZER1	3	1.0000	0.0000
LMNA	SCD5	3	1.0000	0.0000
KRT8	PHLDB2	3	0.9849	0.0006
LMNA	PHLDB2	3	0.0031	0.8449
ACTB	PHLDB2	3	0.0180	0.7895
CTNNA1	PHLDB2	3	0.0047	0.8376
MAPRE3	PHLDB2	3	0.0144	0.8004
KRT8	SDCCAG8	3	0.0203	0.7832
KRT8	GLRX5	3	0.0401	0.7491
LMNA	GLRX5	3	0.0037	0.8419
ACTB	GLRX5	3	0.0137	0.8027
KRT8	ZBTB33	3	0.0015	0.8537
LMNA	ZBTB33	3	0.1620	0.6348
ACTB	ZBTB33	3	0.0010	0.8573
CTNNA1	ZBTB33	3	0.0003	0.8647
MAPRE3	ZBTB33	3	0.0013	0.8550
LMNA	USP37	3	0.1530	0.6429
KRT8	ALPK2	3	0.1367	0.6568
ACTB	ALPK2	3	0.0183	0.7886
KRT8	PATL1	3	0.3154	0.4882
LMNA	PATL1	3	0.0675	0.7193
ACTB	PATL1	3	0.2782	0.5325
CTNNA1	PATL1	3	0.1365	0.6570
MAPRE3	PATL1	3	0.2438	0.5668
KRT8	MYPN	3	0.0253	0.7722
LMNA	MYPN	3	0.0003	0.8647
ACTB	MYPN	3	0.3440	0.3788
CTNNA1	MYPN	3	0.0008	0.8590
MAPRE3	MYPN	3	0.0067	0.8294
KRT8	PEG10	3	0.0242	0.7746
LMNA	PEG10	3	0.0739	0.7135
ACTB	PEG10	3	0.6003	0.1578
CTNNA1	PEG10	3	0.0004	0.8632
MAPRE3	PEG10	3	0.0053	0.8350
KRT8	DPP9	3	0.0524	0.7346
ACTB	DPP9	3	0.0052	0.8354
KRT8	PRUNE1	3	0.0420	0.7469
LMNA	PRUNE1	3	0.0280	0.7674
ACTB	PRUNE1	3	0.1937	0.6081
ACTB	SETD3	3	0.3333	0.4115
KRT8	ACOT1	3	0.3333	0.4115
KRT8	RBM23	3	0.0023	0.8489
LMNA	RBM23	3	0.1773	0.6217
ACTB	RBM23	3	0.0032	0.8442
CTNNA1	RBM23	3	0.0001	0.8682
MAPRE3	RBM23	3	0.0011	0.8566
CTNNA1	ISCA2	3	0.0460	0.7419
KRT8	NOP9	3	0.0097	0.8172
LMNA	NOP9	3	0.0020	0.8508
ACTB	NOP9	3	0.0027	0.8469
CTNNA1	NOP9	3	0.0000	0.8712
KRT8	PABPN1	3	0.2704	0.5405
LMNA	PABPN1	3	0.4175	0.2446
ACTB	PABPN1	3	0.2744	0.5362
CTNNA1	PABPN1	3	0.0183	0.7886
MAPRE3	PABPN1	3	0.2882	0.5227
LMNA	LDB1	3	0.0088	0.8208
KRT8	PBRM1	3	0.0000	0.8712
LMNA	PBRM1	3	0.0015	0.8537
ACTB	PBRM1	3	0.0000	0.8712
KRT8	MTDH	3	0.2281	0.5794
LMNA	MTDH	3	0.2632	0.5481
ACTB	MTDH	3	0.3318	0.4661
CTNNA1	MTDH	3	0.1003	0.6886
MAPRE3	MTDH	3	0.2194	0.5874
KRT8	TLK2	3	0.0011	0.8566
LMNA	TLK2	3	0.0153	0.7974
ACTB	TLK2	3	0.0016	0.8531
CTNNA1	TLK2	3	0.0000	0.8712
MAPRE3	TLK2	3	0.0001	0.8682
KRT8	ZNF598	3	0.2700	0.5411
LMNA	ZNF598	3	0.0230	0.7771
ACTB	ZNF598	3	0.2752	0.5352
CTNNA1	ZNF598	3	0.0831	0.7042
MAPRE3	ZNF598	3	0.3012	0.5075
KRT8	GPAT4	3	0.0000	0.8712
LMNA	GPAT4	3	0.0006	0.8612
KRT8	KTN1	3	0.2446	0.5663
LMNA	KTN1	3	0.0806	0.7071
ACTB	KTN1	3	0.2457	0.5648
CTNNA1	KTN1	3	0.0483	0.7393
MAPRE3	KTN1	3	0.1351	0.6586
LMNA	BCL9L	3	0.0037	0.8419
ACTB	BCL9L	3	0.0000	0.8712
KRT8	PHLDB1	3	0.0811	0.7066
LMNA	PHLDB1	3	0.0007	0.8600
ACTB	PHLDB1	3	0.0131	0.8051
CTNNA1	PHLDB1	3	0.0008	0.8590
MAPRE3	PHLDB1	3	0.0024	0.8483
KRT8	USP48	3	0.1197	0.6721
LMNA	USP48	3	0.1365	0.6570
ACTB	USP48	3	0.1401	0.6541
MAPRE3	USP48	3	0.1038	0.6858
KRT8	N4BP2	3	0.3314	0.4669
ACTB	N4BP2	3	0.0102	0.8152
MAPRE3	N4BP2	3	0.0003	0.8647
LMNA	DTX2	3	0.6667	0.0696
KRT8	NAA40	3	0.0398	0.7496
KRT8	LUZP1	3	0.2576	0.5532
LMNA	LUZP1	3	0.1095	0.6810
ACTB	LUZP1	3	0.3469	0.3697
CTNNA1	LUZP1	3	0.1214	0.6706
MAPRE3	LUZP1	3	0.2561	0.5546
KRT8	ALYREF	3	0.0215	0.7803
LMNA	ALYREF	3	0.1182	0.6733
ACTB	ALYREF	3	0.0180	0.7895
CTNNA1	ALYREF	3	0.0112	0.8115
MAPRE3	ALYREF	3	0.0968	0.6919
LMNA	KBTBD6	3	0.9954	0.0002
KRT8	IQGAP3	3	0.3217	0.4808
ACTB	IQGAP3	3	0.6356	0.1519
LMNA	ZC3H18	3	0.0023	0.8489
KRT8	CAND1	3	0.3090	0.4974
LMNA	CAND1	3	0.1704	0.6278
ACTB	CAND1	3	0.2042	0.6001
CTNNA1	CAND1	3	0.0223	0.7784
MAPRE3	CAND1	3	0.0831	0.7042
KRT8	LCA5	3	0.3333	0.4115
KRT8	GLCCI1	3	0.0093	0.8186
ACTB	GLCCI1	3	0.0089	0.8203
MAPRE3	GLCCI1	3	0.0028	0.8464
KRT8	HOOK3	3	0.3623	0.3392
ACTB	HOOK3	3	0.0308	0.7624
MAPRE3	HOOK3	3	0.0039	0.8410
KRT8	RTTN	3	0.0483	0.7393
LMNA	RTTN	3	0.0000	0.8712
ACTB	RTTN	3	0.0129	0.8057
MAPRE3	RTTN	3	0.0019	0.8514
KRT8	SESTD1	3	0.0052	0.8354
LMNA	SESTD1	3	0.0037	0.8419
ACTB	SESTD1	3	0.0084	0.8224
MAPRE3	SESTD1	3	0.0007	0.8600
KRT8	SGMS1	3	0.3333	0.4115
LMNA	AMZ2	3	0.0027	0.8469
KRT8	THOC6	3	0.0440	0.7445
LMNA	THOC6	3	0.1350	0.6587
ACTB	THOC6	3	0.0066	0.8297
CTNNA1	THOC6	3	0.0249	0.7730
KRT8	PARG	3	0.3472	0.3685
LMNA	PARG	3	0.3427	0.3824
ACTB	PARG	3	0.3500	0.3639
CTNNA1	PARG	3	0.1258	0.6670
MAPRE3	PARG	3	0.2687	0.5422
KRT8	PPFIBP1	3	0.3611	0.3434
LMNA	PPFIBP1	3	0.1376	0.6561
ACTB	PPFIBP1	3	0.3041	0.5038
CTNNA1	PPFIBP1	3	0.2491	0.5616
MAPRE3	PPFIBP1	3	0.2220	0.5852
KRT8	ZC3HC1	3	0.1086	0.6818
LMNA	ZC3HC1	3	0.2131	0.5922
ACTB	ZC3HC1	3	0.1413	0.6530
CTNNA1	ZC3HC1	3	0.0329	0.7592
MAPRE3	ZC3HC1	3	0.0726	0.7148
KRT8	SBF2	3	0.0013	0.8550
ACTB	SBF2	3	0.0411	0.7478
MAPRE3	SBF2	3	0.0638	0.7228
KRT8	NLRC5	3	0.0029	0.8459
ACTB	NLRC5	3	0.0525	0.7345
KRT8	CHD1L	3	0.0004	0.8632
LMNA	CHD1L	3	0.0227	0.7776
ACTB	CHD1L	3	0.0001	0.8682
KRT8	FCHSD1	3	0.0564	0.7301
ACTB	FCHSD1	3	0.1362	0.6576
KRT8	GPBP1	3	0.0148	0.7989
LMNA	GPBP1	3	0.0002	0.8663
MAPRE3	GPBP1	3	0.0470	0.7409
KRT8	CCDC25	3	0.0190	0.7868
LMNA	CCDC25	3	0.0064	0.8304
CTNNA1	CCDC25	3	0.0002	0.8663
ACTB	PROSER2	3	0.3333	0.4115
LMNA	STING1	3	0.6667	0.0696
ACTB	STING1	3	0.3333	0.4115
MAPRE3	STING1	3	0.3333	0.4115
KRT8	RPS19BP1	3	0.0012	0.8558
LMNA	RPS19BP1	3	0.0015	0.8537
KRT8	CDR2L	3	0.7171	0.0452
ACTB	CDR2L	3	0.0166	0.7933
MAPRE3	CDR2L	3	0.0013	0.8550
KRT8	RALGAPB	3	0.0263	0.7706
LMNA	RALGAPB	3	0.0000	0.8712
ACTB	RALGAPB	3	0.0096	0.8174
MAPRE3	RALGAPB	3	0.0004	0.8632
LMNA	ERICH1	3	0.1365	0.6570
ACTB	ERICH1	3	0.0019	0.8514
MAPRE3	ERICH1	3	0.0010	0.8573
LMNA	CARM1	3	0.0298	0.7643
CTNNA1	CARM1	3	0.0351	0.7562
MAPRE3	CARM1	3	0.0211	0.7813
LMNA	NIT1	3	0.0034	0.8433
KRT8	COMMD2	3	0.3333	0.4115
ACTB	COMMD2	3	0.3333	0.4115
KRT8	HEATR5A	3	0.0379	0.7520
ACTB	HEATR5A	3	0.0075	0.8257
MAPRE3	HEATR5A	3	0.0005	0.8621
KRT8	NCAPG2	3	0.0642	0.7223
LMNA	NCAPG2	3	0.0025	0.8479
ACTB	NCAPG2	3	0.0039	0.8410
MAPRE3	NCAPG2	3	0.0002	0.8663
ACTB	GAS2L3	3	0.3333	0.4115
MAPRE3	GAS2L3	3	1.0000	0.0000
KRT8	ANKLE2	3	0.0077	0.8250
LMNA	ANKLE2	3	0.0026	0.8473
ACTB	ANKLE2	3	0.0075	0.8257
CTNNA1	ANKLE2	3	0.0000	0.8712
MAPRE3	ANKLE2	3	0.0003	0.8647
KRT8	DGKH	3	0.6667	0.0696
KRT8	DDX42	3	0.1302	0.6630
LMNA	DDX42	3	0.3210	0.4815
ACTB	DDX42	3	0.1546	0.6413
CTNNA1	DDX42	3	0.0476	0.7402
MAPRE3	DDX42	3	0.1466	0.6481
KRT8	CEP57	3	1.0000	0.0000
MAPRE3	CEP57	3	0.3333	0.4115
KRT8	FRAS1	3	0.3333	0.4115
LMNA	FRAS1	3	0.3007	0.5084
KRT8	SPATS2	3	0.3160	0.4878
LMNA	SPATS2	3	0.0382	0.7515
ACTB	SPATS2	3	0.3208	0.4817
CTNNA1	SPATS2	3	0.1217	0.6702
MAPRE3	SPATS2	3	0.3369	0.4011
LMNA	VRK2	3	1.0000	0.0000
KRT8	CACUL1	3	0.1850	0.6144
LMNA	CACUL1	3	0.2563	0.5544
ACTB	CACUL1	3	0.0458	0.7422
CTNNA1	CACUL1	3	0.0037	0.8419
MAPRE3	CACUL1	3	0.0154	0.7970
KRT8	DNAAF5	3	0.0894	0.6988
LMNA	DNAAF5	3	0.0037	0.8419
ACTB	DNAAF5	3	0.0196	0.7852
CTNNA1	DNAAF5	3	0.0004	0.8632
MAPRE3	DNAAF5	3	0.0006	0.8612
KRT8	PTRH1	3	0.1265	0.6662
LMNA	PTRH1	3	0.0529	0.7342
ACTB	PTRH1	3	0.0406	0.7485
LMNA	KIF18B	3	0.3483	0.3664
ACTB	KIF18B	3	0.0015	0.8537
MAPRE3	KIF18B	3	0.9999	0.0000
KRT8	ZGRF1	3	0.0059	0.8324
LMNA	ZGRF1	3	0.0054	0.8345
ACTB	ZGRF1	3	0.0024	0.8483
CTNNA1	ZGRF1	3	0.0000	0.8712
MAPRE3	ZGRF1	3	0.0008	0.8590
LMNA	PALB2	3	0.9095	0.0060
KRT8	ANKRD13B	3	0.3333	0.4115
LMNA	DOLPP1	3	0.0441	0.7444
ACTB	DOLPP1	3	0.0238	0.7755
KRT8	GATAD2A	3	0.0291	0.7657
LMNA	GATAD2A	3	0.0998	0.6891
ACTB	GATAD2A	3	0.0311	0.7620
CTNNA1	GATAD2A	3	0.0023	0.8489
MAPRE3	GATAD2A	3	0.0519	0.7351
KRT8	CPNE8	3	0.0362	0.7543
LMNA	CPNE8	3	0.0406	0.7485
ACTB	CPNE8	3	0.0815	0.7063
CTNNA1	CPNE8	3	0.0112	0.8115
MAPRE3	CPNE8	3	0.0046	0.8380
KRT8	GPSM1	3	0.3333	0.4115
KRT8	C2CD5	3	0.0239	0.7753
ACTB	C2CD5	3	0.0110	0.8122
CTNNA1	C2CD5	3	0.0001	0.8682
KRT8	MIB1	3	0.0136	0.8031
ACTB	MIB1	3	0.0007	0.8600
CTNNA1	MIB1	3	0.0000	0.8712
MAPRE3	MIB1	3	0.0002	0.8663
KRT8	PRAG1	3	0.3119	0.4932
LMNA	PRAG1	3	0.0214	0.7805
ACTB	PRAG1	3	0.3970	0.2710
CTNNA1	PRAG1	3	0.1859	0.6138
MAPRE3	PRAG1	3	0.2270	0.5804
KRT8	HPS6	3	1.0000	0.0000
MAPRE3	HPS6	3	0.3265	0.4746
KRT8	HRNR	3	0.0058	0.8327
LMNA	HRNR	3	0.0540	0.7330
ACTB	HRNR	3	0.3772	0.3084
MAPRE3	HRNR	3	0.0007	0.8600
LMNA	HIPK1;HIPK2	3	0.3333	0.4115
LMNA	IRF2BP1	3	0.0368	0.7533
KRT8	CAMK1D	3	0.1335	0.6599
ACTB	CAMK1D	3	0.3337	0.4098
KRT8	RHPN2	3	0.0451	0.7431
ACTB	RHPN2	3	0.0422	0.7465
KRT8	ERC1	3	0.7873	0.0246
LMNA	ERC1	3	0.0042	0.8397
ACTB	ERC1	3	0.0182	0.7889
CTNNA1	ERC1	3	0.0012	0.8558
MAPRE3	ERC1	3	0.0087	0.8211
LMNA	RIOX2	3	0.0010	0.8573
KRT8	ARMC8	3	0.0034	0.8433
ACTB	ARMC8	3	0.0072	0.8270
KRT8	LRRC49	3	1.0000	0.0000
ACTB	LRRC49	3	0.3333	0.4115
MAPRE3	LRRC49	3	0.6667	0.0696
KRT8	PLD3	3	0.0200	0.7840
LMNA	PLD3	3	0.0248	0.7731
ACTB	PLD3	3	0.0218	0.7795
CTNNA1	PLD3	3	0.0250	0.7727
MAPRE3	PLD3	3	0.0079	0.8242
KRT8	ERI1	3	0.0071	0.8274
ACTB	ERI1	3	0.0274	0.7684
CTNNA1	ERI1	3	0.0001	0.8682
MAPRE3	ERI1	3	0.0004	0.8632
KRT8	LYSMD2	3	0.0129	0.8057
LMNA	LYSMD2	3	0.0085	0.8220
ACTB	LYSMD2	3	0.0071	0.8274
CTNNA1	LYSMD2	3	0.0000	0.8712
MAPRE3	LYSMD2	3	0.0007	0.8600
LMNA	LIX1L	3	0.6666	0.1375
KRT8	NUDCD3	3	0.2514	0.5590
LMNA	NUDCD3	3	0.0128	0.8061
ACTB	NUDCD3	3	0.0296	0.7648
MAPRE3	NUDCD3	3	0.0002	0.8663
KRT8	AHNAK2	3	0.3487	0.3652
LMNA	AHNAK2	3	0.1474	0.6475
ACTB	AHNAK2	3	0.3544	0.3542
CTNNA1	AHNAK2	3	0.2277	0.5799
MAPRE3	AHNAK2	3	0.3149	0.4893
LMNA	TIAM2	3	1.0000	0.0000
ACTB	FMNL3	3	1.0000	0.0000
LMNA	FOXP4	3	0.0282	0.7671
KRT8	MAP4K3	3	0.0189	0.7871
LMNA	MAP4K3	3	0.0036	0.8424
ACTB	MAP4K3	3	0.0101	0.8155
MAPRE3	MAP4K3	3	0.0007	0.8600
MAPRE3	NAV3	3	1.0000	0.0000
KRT8	NAV2	3	0.1764	0.6225
ACTB	NAV2	3	0.0195	0.7855
CTNNA1	NAV2	3	0.0086	0.8215
MAPRE3	NAV2	3	0.4027	0.2654
KRT8	CCDC50	3	0.0594	0.7269
LMNA	CCDC50	3	0.0007	0.8600
ACTB	CCDC50	3	0.0248	0.7731
CTNNA1	CCDC50	3	0.0003	0.8647
MAPRE3	CCDC50	3	0.0008	0.8590
KRT8	MISP	3	0.2611	0.5499
LMNA	MISP	3	0.1291	0.6637
ACTB	MISP	3	0.5253	0.1776
CTNNA1	MISP	3	0.1209	0.6711
MAPRE3	MISP	3	0.1411	0.6533
KRT8	KSR1	3	0.0349	0.7564
ACTB	KSR1	3	0.0132	0.8047
KRT8	CEP97	3	0.3744	0.3150
LMNA	CEP97	3	0.1173	0.6743
ACTB	CEP97	3	0.2998	0.5092
CTNNA1	CEP97	3	0.1863	0.6132
MAPRE3	CEP97	3	0.2365	0.5726
KRT8	WDR75	3	0.8264	0.0189
LMNA	WDR75	3	0.0285	0.7667
ACTB	WDR75	3	0.0269	0.7694
CTNNA1	WDR75	3	0.0029	0.8459
MAPRE3	WDR75	3	0.0107	0.8132
KRT8	MFN1	3	0.6667	0.0696
LMNA	MFN1	3	0.3333	0.4115
ACTB	MFN1	3	0.6667	0.0696
LMNA	ITPRIP	3	0.3333	0.4115
ACTB	ITPRIP	3	0.3333	0.4115
KRT8	WDFY1	3	0.3767	0.3093
LMNA	WDFY1	3	0.3108	0.4948
ACTB	WDFY1	3	0.3270	0.4741
CTNNA1	WDFY1	3	0.0250	0.7727
MAPRE3	WDFY1	3	0.1788	0.6200
KRT8	TEX2	3	0.0183	0.7886
LMNA	TEX2	3	0.0003	0.8647
ACTB	TEX2	3	0.0143	0.8008
CTNNA1	TEX2	3	0.0003	0.8647
MAPRE3	TEX2	3	0.0032	0.8442
KRT8	MAP7D3	3	0.2951	0.5150
LMNA	MAP7D3	3	0.1523	0.6435
ACTB	MAP7D3	3	0.2537	0.5565
CTNNA1	MAP7D3	3	0.1092	0.6814
MAPRE3	MAP7D3	3	0.4085	0.2573
KRT8	FAM114A1	3	0.0813	0.7065
LMNA	FAM114A1	3	0.0000	0.8712
ACTB	FAM114A1	3	0.0822	0.7054
CTNNA1	FAM114A1	3	0.0077	0.8250
MAPRE3	FAM114A1	3	0.0154	0.7970
KRT8	DENND6A	3	0.2754	0.5350
ACTB	DENND6A	3	0.0053	0.8350
MAPRE3	DENND6A	3	0.0025	0.8479
KRT8	MGA	3	0.2681	0.5426
LMNA	MGA	3	0.3226	0.4800
ACTB	MGA	3	0.2841	0.5265
CTNNA1	MGA	3	0.0366	0.7537
MAPRE3	MGA	3	0.2698	0.5413
KRT8	GCC2	3	0.0215	0.7803
LMNA	GCC2	3	0.0002	0.8663
ACTB	GCC2	3	0.0112	0.8115
CTNNA1	GCC2	3	0.0001	0.8682
MAPRE3	GCC2	3	0.0022	0.8496
KRT8	ZC3H7A	3	0.0410	0.7481
LMNA	ZC3H7A	3	0.0002	0.8663
ACTB	ZC3H7A	3	0.0105	0.8141
CTNNA1	ZC3H7A	3	0.0002	0.8663
MAPRE3	ZC3H7A	3	0.0023	0.8489
KRT8	LMTK2	3	0.0075	0.8257
ACTB	LMTK2	3	0.0103	0.8147
MAPRE3	LMTK2	3	0.0000	0.8712
KRT8	UBR1	3	0.0286	0.7665
LMNA	UBR1	3	0.0140	0.8018
ACTB	UBR1	3	0.0130	0.8054
CTNNA1	UBR1	3	0.0000	0.8712
MAPRE3	UBR1	3	0.0007	0.8600
KRT8	ARHGAP12	3	0.0184	0.7884
ACTB	ARHGAP12	3	0.3313	0.4672
KRT8	CHERP	3	0.0005	0.8621
LMNA	CHERP	3	0.0135	0.8037
ACTB	CHERP	3	0.0020	0.8508
CTNNA1	CHERP	3	0.0000	0.8712
MAPRE3	CHERP	3	0.0003	0.8647
KRT8	ANKHD1	3	0.3547	0.3534
LMNA	ANKHD1	3	0.1451	0.6493
ACTB	ANKHD1	3	0.3034	0.5047
CTNNA1	ANKHD1	3	0.1605	0.6361
MAPRE3	ANKHD1	3	0.2592	0.5518
KRT8	BBS7	3	1.0000	0.0000
LMNA	BBS7	3	0.6667	0.0696
MAPRE3	BBS7	3	0.3333	0.4115
KRT8	SUGP1	3	0.0112	0.8115
LMNA	SUGP1	3	0.1428	0.6515
ACTB	SUGP1	3	0.0174	0.7910
MAPRE3	SUGP1	3	0.0073	0.8266
KRT8	SUGP2	3	0.0804	0.7074
LMNA	SUGP2	3	0.2456	0.5650
ACTB	SUGP2	3	0.1487	0.6462
CTNNA1	SUGP2	3	0.0189	0.7871
MAPRE3	SUGP2	3	0.1514	0.6442
KRT8	WWC1	3	0.3740	0.3158
ACTB	WWC1	3	0.0139	0.8022
MAPRE3	WWC1	3	0.0041	0.8402
KRT8	UEVLD	3	0.0075	0.8257
LMNA	UEVLD	3	0.0015	0.8537
ACTB	UEVLD	3	0.0068	0.8289
MAPRE3	UEVLD	3	0.0001	0.8682
LMNA	CCAR1	3	0.0011	0.8566
ACTB	CCAR1	3	0.0001	0.8682
KRT8	DHX40	3	0.3831	0.2962
LMNA	DHX40	3	0.3530	0.3567
ACTB	DHX40	3	0.1171	0.6745
MAPRE3	DHX40	3	0.0959	0.6927
LMNA	SLF2	3	0.1822	0.6166
KRT8	SKA3	3	0.1155	0.6757
LMNA	SKA3	3	0.0119	0.8091
ACTB	SKA3	3	0.0257	0.7716
CTNNA1	SKA3	3	0.0007	0.8600
MAPRE3	SKA3	3	0.0936	0.6949
KRT8	DNAJC10	3	0.3233	0.4790
LMNA	DNAJC10	3	0.1795	0.6192
ACTB	DNAJC10	3	0.0043	0.8392
CTNNA1	DNAJC10	3	0.0029	0.8459
MAPRE3	DNAJC10	3	0.0001	0.8682
KRT8	NELFCD	3	0.0063	0.8308
LMNA	NELFCD	3	0.0140	0.8018
ACTB	NELFCD	3	0.0035	0.8429
KRT8	RHOT2	3	0.1237	0.6685
LMNA	RHOT2	3	0.0126	0.8068
ACTB	RHOT2	3	0.1169	0.6747
CTNNA1	RHOT2	3	0.0069	0.8283
MAPRE3	RHOT2	3	0.0092	0.8190
LMNA	ASXL1	3	0.1812	0.6176
LMNA	PHC2	3	0.3318	0.4661
MAPRE3	PHC2	3	0.1656	0.6312
KRT8	MSRB3	3	0.3346	0.4070
LMNA	MSRB3	3	0.2153	0.5905
ACTB	MSRB3	3	0.2603	0.5507
MAPRE3	MSRB3	3	0.0320	0.7606
LMNA	BACC1	3	0.0118	0.8094
LMNA	GPALPP1	3	0.1122	0.6785
KRT8	RBM12B	3	0.0461	0.7419
LMNA	RBM12B	3	0.3338	0.4096
ACTB	RBM12B	3	0.0340	0.7578
ACTB	RPAP2	3	0.0023	0.8489
KRT8	ZC3H3	3	0.0063	0.8308
LMNA	ZC3H3	3	0.0040	0.8407
ACTB	ZC3H3	3	0.0010	0.8573
MAPRE3	ZC3H3	3	0.0001	0.8682
KRT8	PNPLA6	3	0.0231	0.7770
LMNA	PNPLA6	3	0.0027	0.8469
ACTB	PNPLA6	3	0.0068	0.8289
MAPRE3	PNPLA6	3	0.0001	0.8682
KRT8	SMC5	3	0.3420	0.3859
LMNA	SMC5	3	0.0559	0.7306
KRT8	DDX60	3	0.0304	0.7632
ACTB	DDX60	3	0.0238	0.7755
MAPRE3	DDX60	3	0.0006	0.8612
ACTB	CMIP	3	0.0003	0.8647
KRT8	PLPP6	3	0.1285	0.6642
ACTB	PLPP6	3	0.0036	0.8424
KRT8	IFT20	3	0.5199	0.1792
ACTB	IFT20	3	0.0098	0.8168
MAPRE3	IFT20	3	0.0007	0.8600
ACTB	MICALL2	3	1.0000	0.0000
KRT8	DHX37	3	0.1749	0.6239
LMNA	DHX37	3	0.0120	0.8088
ACTB	DHX37	3	0.0002	0.8663
KRT8	KBTBD2	3	0.0174	0.7910
LMNA	KBTBD2	3	0.0155	0.7966
ACTB	KBTBD2	3	0.0018	0.8519
MAPRE3	KBTBD2	3	0.0000	0.8712
KRT8	AMOTL1	3	0.2690	0.5419
ACTB	AMOTL1	3	0.0546	0.7322
CTNNA1	AMOTL1	3	0.0025	0.8479
MAPRE3	AMOTL1	3	0.0022	0.8496
KRT8	RAVER1	3	0.2091	0.5958
LMNA	RAVER1	3	0.0420	0.7469
ACTB	RAVER1	3	0.0016	0.8531
MAPRE3	RAVER1	3	0.0019	0.8514
KRT8	FTSJ3	3	0.2288	0.5789
LMNA	FTSJ3	3	0.2325	0.5760
ACTB	FTSJ3	3	0.2065	0.5983
CTNNA1	FTSJ3	3	0.0559	0.7306
MAPRE3	FTSJ3	3	0.0894	0.6988
LMNA	SLX4	3	0.1869	0.6126
LMNA	CKAP2L	3	0.3333	0.4115
MAPRE3	CKAP2L	3	1.0000	0.0000
LMNA	MKX	3	1.0000	0.0000
KRT8	MB21D2	3	0.0147	0.7993
ACTB	MB21D2	3	0.0076	0.8253
MAPRE3	MB21D2	3	0.0000	0.8712
KRT8	SRRM1	3	0.2160	0.5897
LMNA	SRRM1	3	0.3366	0.4020
ACTB	SRRM1	3	0.3002	0.5088
MAPRE3	SRRM1	3	0.0992	0.6896
KRT8	SMAP1	3	0.2957	0.5142
LMNA	SMAP1	3	0.0499	0.7374
ACTB	SMAP1	3	0.2509	0.5596
CTNNA1	SMAP1	3	0.0341	0.7576
MAPRE3	SMAP1	3	0.0839	0.7036
KRT8	DIS3L2	3	0.0149	0.7987
ACTB	DIS3L2	3	0.0134	0.8040
KRT8	SUPV3L1	3	1.0000	0.0000
KRT8	GSPT2	3	0.3083	0.4982
LMNA	GSPT2	3	0.0557	0.7308
ACTB	GSPT2	3	0.2516	0.5586
CTNNA1	GSPT2	3	0.1212	0.6709
MAPRE3	GSPT2	3	0.2203	0.5867
KRT8	FANCM	3	0.0007	0.8600
LMNA	FANCM	3	0.0638	0.7228
ACTB	FANCM	3	0.0001	0.8682
LMNA	ZZZ3	3	0.0047	0.8376
KRT8	EXOC8	3	0.6667	0.0696
KRT8	SMYD4	3	0.3333	0.4115
KRT8	KATNAL2	3	0.0002	0.8663
LMNA	RNF168	3	0.0036	0.8424
KRT8	PHACTR4	3	0.0130	0.8054
LMNA	PHACTR4	3	0.0014	0.8544
ACTB	PHACTR4	3	0.6121	0.1551
CTNNA1	PHACTR4	3	0.0064	0.8304
MAPRE3	PHACTR4	3	0.0032	0.8442
KRT8	ALDH16A1	3	0.1058	0.6840
ACTB	ALDH16A1	3	0.0022	0.8496
LMNA	KMT2E	3	0.0013	0.8550
ACTB	KMT2E	3	0.0015	0.8537
KRT8	DCP1B	3	0.0152	0.7977
ACTB	DCP1B	3	0.0063	0.8308
MAPRE3	DCP1B	3	0.0002	0.8663
KRT8	SCYL3	3	0.0059	0.8324
LMNA	SCYL3	3	0.0004	0.8632
ACTB	SCYL3	3	0.0067	0.8294
CTNNA1	SCYL3	3	0.0000	0.8712
KRT8	XRN1	3	0.3435	0.3801
LMNA	XRN1	3	0.1201	0.6717
ACTB	XRN1	3	0.3016	0.5072
CTNNA1	XRN1	3	0.1546	0.6413
MAPRE3	XRN1	3	0.3191	0.4837
LMNA	MAML2	3	0.0054	0.8345
KRT8	ABI1	3	0.2951	0.5150
LMNA	ABI1	3	0.0106	0.8138
ACTB	ABI1	3	0.3189	0.4841
CTNNA1	ABI1	3	0.0949	0.6938
MAPRE3	ABI1	3	0.1067	0.6831
KRT8	WDFY3	3	0.0429	0.7458
ACTB	WDFY3	3	0.0298	0.7643
KRT8	MYOCD	3	0.6667	0.0696
LMNA	MYOCD	3	0.3333	0.4115
KRT8	ASPM	3	0.7944	0.0232
LMNA	ASPM	3	0.0319	0.7608
ACTB	ASPM	3	0.0116	0.8099
CTNNA1	ASPM	3	0.0003	0.8647
MAPRE3	ASPM	3	0.0167	0.7929
KRT8	RDH10	3	0.0023	0.8489
LMNA	RDH10	3	0.0025	0.8479
ACTB	RDH10	3	0.0055	0.8342
KRT8	TNS4	3	0.4307	0.2344
ACTB	TNS4	3	0.0152	0.7977
CTNNA1	TNS4	3	0.0003	0.8647
MAPRE3	TNS4	3	0.0025	0.8479
KRT8	CENPL	3	0.0027	0.8469
LMNA	CENPL	3	0.0071	0.8274
KRT8	VKORC1L1	3	0.0115	0.8103
LMNA	VKORC1L1	3	0.9971	0.0001
ACTB	VKORC1L1	3	0.0053	0.8350
MAPRE3	VKORC1L1	3	0.0020	0.8508
KRT8	SPART	3	0.3391	0.3950
LMNA	SPART	3	0.2127	0.5927
ACTB	SPART	3	0.3226	0.4800
CTNNA1	SPART	3	0.1030	0.6866
MAPRE3	SPART	3	0.2292	0.5786
LMNA	ZNF444	3	1.0000	0.0000
KRT8	SPICE1	3	0.4991	0.1905
LMNA	SPICE1	3	0.0011	0.8566
ACTB	SPICE1	3	0.0134	0.8040
CTNNA1	SPICE1	3	0.0022	0.8496
MAPRE3	SPICE1	3	0.0111	0.8119
LMNA	MIER1	3	0.9923	0.0003
KRT8	RPTOR	3	0.1726	0.6257
LMNA	RPTOR	3	0.0016	0.8531
ACTB	RPTOR	3	0.0127	0.8065
CTNNA1	RPTOR	3	0.0001	0.8682
MAPRE3	RPTOR	3	0.0038	0.8415
KRT8	CNTROB	3	0.5856	0.1612
ACTB	CNTROB	3	0.0048	0.8371
MAPRE3	CNTROB	3	0.0171	0.7919
KRT8	AHI1	3	0.0388	0.7508
ACTB	AHI1	3	0.0110	0.8122
MAPRE3	AHI1	3	0.0005	0.8621
KRT8	CCAR2	3	0.1755	0.6235
LMNA	CCAR2	3	0.2160	0.5897
ACTB	CCAR2	3	0.1076	0.6826
CTNNA1	CCAR2	3	0.0140	0.8018
MAPRE3	CCAR2	3	0.1451	0.6493
KRT8	NDUFAF2	3	1.0000	0.0000
KRT8	VPS52	3	0.3709	0.3215
LMNA	VPS52	3	0.0003	0.8647
ACTB	VPS52	3	0.0047	0.8376
KRT8	NUP93	3	0.5128	0.1823
LMNA	NUP93	3	0.0722	0.7152
ACTB	NUP93	3	0.0119	0.8091
CTNNA1	NUP93	3	0.0005	0.8621
MAPRE3	NUP93	3	0.0030	0.8454
KRT8	STK11IP	3	0.0041	0.8402
ACTB	STK11IP	3	0.0019	0.8514
LMNA	ZNF687	3	0.0044	0.8389
LMNA	REXO1	3	0.4357	0.2319
KRT8	CMTR1	3	0.1597	0.6368
LMNA	CMTR1	3	0.3198	0.4832
ACTB	CMTR1	3	0.1848	0.6146
CTNNA1	CMTR1	3	0.0655	0.7212
MAPRE3	CMTR1	3	0.1542	0.6417
KRT8	LRRC47	3	0.0180	0.7895
LMNA	LRRC47	3	0.0755	0.7118
ACTB	LRRC47	3	0.0482	0.7395
CTNNA1	LRRC47	3	0.0138	0.8025
MAPRE3	LRRC47	3	0.0239	0.7753
KRT8	DOCK4	3	0.2476	0.5631
ACTB	DOCK4	3	0.0851	0.7022
MAPRE3	DOCK4	3	0.0012	0.8558
KRT8	KRT78	3	0.1351	0.6586
LMNA	KRT78	3	0.1310	0.6624
ACTB	KRT78	3	0.2409	0.5690
CTNNA1	KRT78	3	0.0272	0.7688
MAPRE3	KRT78	3	0.0253	0.7722
KRT8	ARHGEF28	3	0.3333	0.4115
ACTB	ARHGEF28	3	0.2611	0.5499
CTNNA1	ARHGEF28	3	0.0003	0.8647
MAPRE3	ARHGEF28	3	0.0072	0.8270
KRT8	INTS1	3	0.0033	0.8438
LMNA	INTS1	3	0.0054	0.8345
ACTB	INTS1	3	0.0035	0.8429
MAPRE3	INTS1	3	0.0000	0.8712
KRT8	ABHD12	3	0.0011	0.8566
LMNA	ABHD12	3	0.0147	0.7993
ACTB	ABHD12	3	0.0026	0.8473
CTNNA1	ABHD12	3	0.0000	0.8712
MAPRE3	ABHD12	3	0.0001	0.8682
LMNA	CLASRP	3	0.6475	0.1476
LMNA	PIAS4	3	0.8002	0.0223
KRT8	RUSC2	3	0.0530	0.7340
ACTB	RUSC2	3	0.0141	0.8015
CTNNA1	RUSC2	3	0.0001	0.8682
MAPRE3	RUSC2	3	0.0132	0.8047
LMNA	AGGF1	3	0.5184	0.1804
KRT8	ARHGAP18	3	0.0112	0.8115
LMNA	ARHGAP18	3	0.3206	0.4821
ACTB	ARHGAP18	3	0.0335	0.7584
MAPRE3	ARHGAP18	3	0.0001	0.8682
KRT8	ASCC3	3	0.4148	0.2482
LMNA	ASCC3	3	0.1975	0.6047
ACTB	ASCC3	3	0.4001	0.2681
CTNNA1	ASCC3	3	0.2479	0.5629
MAPRE3	ASCC3	3	0.3712	0.3210
MAPRE3	CLIP4	3	0.6667	0.0696
KRT8	EHBP1L1	3	0.3114	0.4942
ACTB	EHBP1L1	3	0.3488	0.3647
CTNNA1	EHBP1L1	3	0.1670	0.6302
MAPRE3	EHBP1L1	3	0.0509	0.7363
ACTB	MICALL1	3	0.0344	0.7572
KRT8	VPS8	3	0.0136	0.8031
ACTB	VPS8	3	0.0046	0.8380
MAPRE3	VPS8	3	0.0002	0.8663
KRT8	PALS1	3	0.3559	0.3516
LMNA	PALS1	3	0.1424	0.6519
ACTB	PALS1	3	0.3167	0.4866
CTNNA1	PALS1	3	0.1567	0.6393
MAPRE3	PALS1	3	0.2370	0.5722
KRT8	STAG2	3	0.0062	0.8312
LMNA	STAG2	3	0.0999	0.6890
ACTB	STAG2	3	0.0008	0.8590
MAPRE3	STAG2	3	0.0003	0.8647
KRT8	SYNPO	3	0.2062	0.5985
LMNA	SYNPO	3	0.0819	0.7059
ACTB	SYNPO	3	0.4599	0.2129
CTNNA1	SYNPO	3	0.0796	0.7082
MAPRE3	SYNPO	3	0.1108	0.6794
LMNA	FNBP4	3	0.0018	0.8519
ACTB	FNBP4	3	0.0009	0.8582
MAPRE3	FNBP4	3	0.0000	0.8712
KRT8	NIN	3	0.9974	0.0001
MAPRE3	NIN	3	0.0137	0.8027
KRT8	MINK1	3	0.0135	0.8037
LMNA	MINK1	3	0.0001	0.8682
ACTB	MINK1	3	0.0113	0.8111
CTNNA1	MINK1	3	0.0007	0.8600
MAPRE3	MINK1	3	0.0023	0.8489
KRT8	PTGR3	3	0.3333	0.4115
LMNA	PTGR3	3	1.0000	0.0000
ACTB	PTGR3	3	0.3333	0.4115
LMNA	OGFOD1	3	0.0000	0.8712
KRT8	AFAP1	3	0.0168	0.7927
LMNA	AFAP1	3	0.0030	0.8454
ACTB	AFAP1	3	0.9956	0.0002
CTNNA1	AFAP1	3	0.0033	0.8438
MAPRE3	AFAP1	3	0.0069	0.8283
KRT8	OXR1	3	0.0007	0.8600
LMNA	OXR1	3	0.0000	0.8712
ACTB	OXR1	3	0.0003	0.8647
KRT8	TTC39C	3	0.1648	0.6319
ACTB	TTC39C	3	0.1001	0.6889
MAPRE3	TTC39C	3	0.0019	0.8514
LMNA	MPND	3	0.6612	0.1435
KRT8	ZGPAT	3	0.0035	0.8429
LMNA	ZGPAT	3	0.1941	0.6078
KRT8	SRBD1	3	1.0000	0.0000
LMNA	SRBD1	3	0.6667	0.0696
KRT8	TAB3	3	0.2176	0.5885
ACTB	TAB3	3	0.0179	0.7898
MAPRE3	TAB3	3	0.0009	0.8582
KRT8	MACO1	3	0.0105	0.8141
LMNA	MACO1	3	0.1123	0.6784
ACTB	MACO1	3	0.0013	0.8550
MAPRE3	MACO1	3	0.0001	0.8682
KRT8	CISD2	3	0.1066	0.6832
LMNA	CISD2	3	0.7507	0.0335
ACTB	CISD2	3	0.1127	0.6782
CTNNA1	CISD2	3	0.0566	0.7299
MAPRE3	CISD2	3	0.0704	0.7168
KRT8	ATPAF2	3	0.3333	0.4115
KRT8	TTC9C	3	0.0352	0.7561
LMNA	TTC9C	3	0.0129	0.8057
ACTB	TTC9C	3	0.0187	0.7876
CTNNA1	TTC9C	3	0.0002	0.8663
MAPRE3	TTC9C	3	0.0038	0.8415
KRT8	CAMKK1	3	0.0009	0.8582
ACTB	CAMKK1	3	0.0017	0.8526
KRT8	NGEF	3	0.5213	0.1788
ACTB	NGEF	3	0.1786	0.6202
KRT8	RFLNB	3	0.0114	0.8107
ACTB	RFLNB	3	0.2709	0.5398
LMNA	MSL3	3	0.0000	0.8712
LMNA	PARP16	3	1.0000	0.0000
LMNA	ZBTB2	3	0.6667	0.0696
KRT8	CPSF7	3	0.0088	0.8208
LMNA	CPSF7	3	0.0141	0.8015
ACTB	CPSF7	3	0.0039	0.8410
MAPRE3	CPSF7	3	0.0015	0.8537
KRT8	ARFGAP2	3	0.0902	0.6981
LMNA	ARFGAP2	3	0.0020	0.8508
ACTB	ARFGAP2	3	0.0145	0.8000
CTNNA1	ARFGAP2	3	0.0001	0.8682
MAPRE3	ARFGAP2	3	0.0030	0.8454
KRT8	C1orf52	3	0.0004	0.8632
LMNA	C1orf52	3	0.1241	0.6682
KRT8	METTL13	3	0.3426	0.3827
LMNA	METTL13	3	0.0808	0.7069
ACTB	METTL13	3	0.2592	0.5518
CTNNA1	METTL13	3	0.0266	0.7700
MAPRE3	METTL13	3	0.1304	0.6629
LMNA	ARL6IP6	3	0.6667	0.0696
KRT8	ARFGAP1	3	0.2892	0.5220
LMNA	ARFGAP1	3	0.1547	0.6412
ACTB	ARFGAP1	3	0.2593	0.5516
CTNNA1	ARFGAP1	3	0.0485	0.7390
MAPRE3	ARFGAP1	3	0.1061	0.6837
LMNA	SIRT6	3	0.6667	0.0696
KRT8	TEX9	3	0.0217	0.7797
MAPRE3	TEX9	3	0.0048	0.8371
KRT8	EMC1	3	0.9994	0.0000
LMNA	EMC1	3	0.3333	0.4115
KRT8	PAF1	3	0.1591	0.6373
LMNA	PAF1	3	0.3386	0.3969
ACTB	PAF1	3	0.3619	0.3413
CTNNA1	PAF1	3	0.0698	0.7172
MAPRE3	PAF1	3	0.2998	0.5092
KRT8	RBMXL3	3	0.0187	0.7876
LMNA	RBMXL3	3	0.0540	0.7330
ACTB	RBMXL3	3	0.0307	0.7626
CTNNA1	RBMXL3	3	0.0239	0.7753
MAPRE3	RBMXL3	3	0.0154	0.7970
KRT8	CGAS	3	0.0910	0.6973
LMNA	CGAS	3	0.0112	0.8115
KRT8	ANKRD44	3	0.0016	0.8531
ACTB	ANKRD44	3	0.0000	0.8712
KRT8	DDX51	3	0.3333	0.4115
LMNA	DDX51	3	0.6667	0.0696
KRT8	ENAH	3	0.1793	0.6196
LMNA	ENAH	3	0.0195	0.7855
ACTB	ENAH	3	0.5168	0.1819
CTNNA1	ENAH	3	0.1147	0.6763
MAPRE3	ENAH	3	0.1382	0.6556
ACTB	DCBLD1	3	0.0007	0.8600
KRT8	GPATCH11	3	0.0004	0.8632
LMNA	GPATCH11	3	0.1587	0.6377
ACTB	GPATCH11	3	0.0015	0.8537
KRT8	CEP120	3	0.8997	0.0070
ACTB	CEP120	3	0.0018	0.8519
MAPRE3	CEP120	3	0.0086	0.8215
KRT8	ABTB2	3	0.2457	0.5648
ACTB	ABTB2	3	0.0025	0.8479
KRT8	JMY	3	0.0217	0.7797
LMNA	JMY	3	0.0021	0.8502
ACTB	JMY	3	0.2676	0.5432
MAPRE3	JMY	3	0.0013	0.8550
KRT8	ASCC1	3	0.2540	0.5563
ACTB	ASCC1	3	0.0315	0.7614
CTNNA1	ASCC1	3	0.0008	0.8590
MAPRE3	ASCC1	3	0.0100	0.8159
KRT8	BANP	3	0.0003	0.8647
LMNA	BANP	3	0.0070	0.8278
KRT8	LRRC57	3	0.0046	0.8380
LMNA	LRRC57	3	0.0059	0.8324
CTNNA1	LRRC57	3	0.0016	0.8531
MAPRE3	LRRC57	3	0.0005	0.8621
KRT8	EIF1AD	3	0.0080	0.8239
LMNA	EIF1AD	3	0.3052	0.5024
ACTB	EIF1AD	3	0.3321	0.4655
LMNA	SCAI	3	0.0146	0.7997
LMNA	KRI1	3	0.0028	0.8464
LMNA	CCDC71L	3	0.0067	0.8294
KRT8	POC5	3	0.6667	0.0696
ACTB	POC5	3	0.3333	0.4115
MAPRE3	POC5	3	0.6667	0.0696
KRT8	MIGA1	3	0.3333	0.4115
KRT8	ZBTB38	3	0.0031	0.8449
LMNA	ZBTB38	3	0.0074	0.8260
ACTB	ZBTB38	3	0.0001	0.8682
MAPRE3	ZBTB38	3	0.0002	0.8663
KRT8	MLKL	3	0.0238	0.7755
LMNA	MLKL	3	0.0068	0.8289
ACTB	MLKL	3	0.0017	0.8526
CTNNA1	GATD1	3	0.1420	0.6525
KRT8	ANKRD52	3	0.0069	0.8283
LMNA	ANKRD52	3	0.0002	0.8663
ACTB	ANKRD52	3	0.0061	0.8316
CTNNA1	ANKRD52	3	0.0000	0.8712
MAPRE3	ANKRD52	3	0.0007	0.8600
KRT8	AFG2A	3	0.0195	0.7855
LMNA	AFG2A	3	0.0001	0.8682
ACTB	AFG2A	3	0.0136	0.8031
CTNNA1	AFG2A	3	0.0001	0.8682
MAPRE3	AFG2A	3	0.0020	0.8508
LMNA	FANCB	3	0.0086	0.8215
KRT8	DTWD2	3	0.3333	0.4115
ACTB	DTWD2	3	0.3333	0.4115
LMNA	NHLRC2	3	0.1589	0.6375
ACTB	NHLRC2	3	0.2414	0.5685
CTNNA1	NHLRC2	3	0.0177	0.7904
KRT8	AVL9	3	0.0091	0.8194
LMNA	AVL9	3	0.0038	0.8415
ACTB	AVL9	3	0.0059	0.8324
KRT8	SUMF1	3	0.0049	0.8367
ACTB	SUMF1	3	0.0404	0.7488
CTNNA1	SUMF1	3	0.0592	0.7271
KRT8	UBAC2	3	0.9712	0.0013
LMNA	UBAC2	3	0.0173	0.7914
ACTB	UBAC2	3	0.0043	0.8392
MAPRE3	UBAC2	3	0.0019	0.8514
KRT8	HSD17B11	3	0.0039	0.8410
LMNA	HSD17B11	3	0.0036	0.8424
KRT8	TXNDC5	3	0.0109	0.8127
LMNA	TXNDC5	3	0.0085	0.8220
ACTB	TXNDC5	3	0.0275	0.7681
CTNNA1	TXNDC5	3	0.0057	0.8332
MAPRE3	TXNDC5	3	0.0015	0.8537
KRT8	SPC24	3	0.4086	0.2570
KRT8	ATAD1	3	0.0085	0.8220
LMNA	ATAD1	3	0.0025	0.8479
ACTB	ATAD1	3	0.0036	0.8424
MAPRE3	ATAD1	3	0.0000	0.8712
LMNA	SCCPDH	3	0.1952	0.6065
ACTB	SCCPDH	3	0.3333	0.4115
KRT8	SERBP1	3	0.0547	0.7321
LMNA	SERBP1	3	0.0228	0.7776
ACTB	SERBP1	3	0.0829	0.7045
CTNNA1	SERBP1	3	0.0240	0.7750
MAPRE3	SERBP1	3	0.1414	0.6529
LMNA	KCT2	3	0.3333	0.4115
KRT8	NOA1	3	0.9901	0.0004
LMNA	NETO2	3	0.6667	0.0696
KRT8	NECAP1	3	0.0205	0.7827
LMNA	NECAP1	3	0.0054	0.8345
ACTB	NECAP1	3	0.0071	0.8274
MAPRE3	NECAP1	3	0.0010	0.8573
KRT8	FAM98A	3	0.2627	0.5486
LMNA	FAM98A	3	0.1127	0.6782
ACTB	FAM98A	3	0.2536	0.5567
CTNNA1	FAM98A	3	0.0230	0.7771
MAPRE3	FAM98A	3	0.1177	0.6737
KRT8	HJURP	3	0.0002	0.8663
LMNA	HJURP	3	0.0124	0.8074
ACTB	HJURP	3	0.0002	0.8663
MAPRE3	HJURP	3	0.0003	0.8647
KRT8	MTMR14	3	0.0504	0.7369
ACTB	MTMR14	3	0.3318	0.4661
LMNA	NFATC2IP	3	0.3782	0.3048
KRT8	DAGLB	3	0.3333	0.4115
MAPRE3	SPRYD3	3	0.0000	0.8712
KRT8	DYNC2H1	3	0.0383	0.7514
ACTB	DYNC2H1	3	0.0195	0.7855
MAPRE3	DYNC2H1	3	0.0002	0.8663
LMNA	ZBTB34	3	0.0791	0.7085
KRT8	RNF169	3	0.0017	0.8526
LMNA	RNF169	3	0.3378	0.3991
MAPRE3	RNF169	3	0.0054	0.8345
KRT8	SMG8	3	0.0385	0.7511
ACTB	SMG8	3	0.0247	0.7735
CTNNA1	SMG8	3	0.0000	0.8712
MAPRE3	SMG8	3	0.0061	0.8316
KRT8	RNF214	3	0.3956	0.2727
LMNA	RNF214	3	0.0248	0.7731
ACTB	RNF214	3	0.2220	0.5852
CTNNA1	RNF214	3	0.0136	0.8031
MAPRE3	RNF214	3	0.1533	0.6427
KRT8	LSM14A	3	0.0188	0.7873
LMNA	LSM14A	3	0.0552	0.7314
ACTB	LSM14A	3	0.1017	0.6874
CTNNA1	LSM14A	3	0.0259	0.7713
MAPRE3	LSM14A	3	0.7277	0.0425
LMNA	ZNF280C	3	0.0229	0.7773
KRT8	MROH1	3	0.1635	0.6332
ACTB	MROH1	3	0.0045	0.8384
LMNA	FSAF1	3	0.3333	0.4115
KRT8	TDRD9	3	0.0486	0.7389
LMNA	TDRD9	3	0.0010	0.8573
ACTB	TDRD9	3	0.0093	0.8186
MAPRE3	TDRD9	3	0.0006	0.8612
KRT8	EHBP1	3	0.3107	0.4950
LMNA	EHBP1	3	0.0857	0.7015
ACTB	EHBP1	3	0.2964	0.5135
CTNNA1	EHBP1	3	0.1263	0.6664
MAPRE3	EHBP1	3	0.1606	0.6360
LMNA	RBM15B	3	0.0254	0.7720
KRT8	TNRC6A	3	0.0500	0.7373
LMNA	TNRC6A	3	0.0021	0.8502
ACTB	TNRC6A	3	0.0124	0.8074
CTNNA1	TNRC6A	3	0.0015	0.8537
MAPRE3	TNRC6A	3	0.0078	0.8246
LMNA	PHC3	3	0.0066	0.8297
MAPRE3	PHC3	3	0.0004	0.8632
LMNA	CNNM3	3	0.0046	0.8380
ACTB	CNNM3	3	0.3330	0.4634
KRT8	ABCF1	3	0.2745	0.5361
LMNA	ABCF1	3	0.1581	0.6384
ACTB	ABCF1	3	0.3024	0.5060
CTNNA1	ABCF1	3	0.0829	0.7045
MAPRE3	ABCF1	3	0.1917	0.6094
KRT8	MCU	3	0.6667	0.0696
KRT8	PIK3C3	3	0.0468	0.7411
LMNA	PIK3C3	3	0.0009	0.8582
ACTB	PIK3C3	3	0.0188	0.7873
CTNNA1	PIK3C3	3	0.0004	0.8632
MAPRE3	PIK3C3	3	0.0030	0.8454
KRT8	GSTCD	3	0.0046	0.8380
ACTB	GSTCD	3	0.0002	0.8663
LMNA	SRFBP1	3	0.0185	0.7881
ACTB	SRFBP1	3	0.0009	0.8582
MAPRE3	SRFBP1	3	0.0032	0.8442
KRT8	MNS1	3	0.1925	0.6088
KRT8	DDHD1	3	0.0190	0.7868
LMNA	DDHD1	3	0.0034	0.8433
ACTB	DDHD1	3	0.0036	0.8424
MAPRE3	DDHD1	3	0.0000	0.8712
LMNA	MCPH1	3	1.0000	0.0000
KRT8	SHCBP1	3	0.0631	0.7236
LMNA	SHCBP1	3	0.0144	0.8004
ACTB	SHCBP1	3	0.0047	0.8376
MAPRE3	SHCBP1	3	0.0003	0.8647
LMNA	SUPT20H	3	0.0074	0.8260
KRT8	PDZD8	3	0.0084	0.8224
ACTB	PDZD8	3	0.0200	0.7840
KRT8	APPL2	3	0.1449	0.6495
ACTB	APPL2	3	0.0091	0.8194
KRT8	EXPH5	3	0.6043	0.1571
ACTB	EXPH5	3	0.0217	0.7797
MAPRE3	EXPH5	3	0.0026	0.8473
KRT8	SLC30A7	3	0.1206	0.6713
LMNA	SLC30A7	3	0.0033	0.8438
ACTB	SLC30A7	3	0.0359	0.7549
CTNNA1	SLC30A7	3	0.0082	0.8230
KRT8	NAV1	3	0.1063	0.6835
LMNA	NAV1	3	0.0027	0.8469
ACTB	NAV1	3	0.0176	0.7907
CTNNA1	NAV1	3	0.0053	0.8350
MAPRE3	NAV1	3	0.9962	0.0002
LMNA	PPHLN1	3	0.0330	0.7591
KRT8	VPS37A	3	0.0324	0.7601
LMNA	VPS37A	3	0.0009	0.8582
ACTB	VPS37A	3	0.0158	0.7958
CTNNA1	VPS37A	3	0.0003	0.8647
MAPRE3	VPS37A	3	0.0024	0.8483
KRT8	WDR19	3	0.6683	0.0668
ACTB	WDR19	3	0.0118	0.8094
MAPRE3	WDR19	3	0.0024	0.8483
LMNA	KMT2C	3	0.0054	0.8345
KRT8	FBXO22	3	0.0181	0.7892
LMNA	FBXO22	3	0.0330	0.7591
ACTB	FBXO22	3	0.0216	0.7801
CTNNA1	FBXO22	3	0.0077	0.8250
MAPRE3	FBXO22	3	0.0068	0.8289
KRT8	LPCAT1	3	0.3271	0.4739
LMNA	LPCAT1	3	0.2793	0.5312
ACTB	LPCAT1	3	0.3509	0.3616
CTNNA1	LPCAT1	3	0.0918	0.6965
MAPRE3	LPCAT1	3	0.1114	0.6791
KRT8	ANKRD20A12P	3	0.3295	0.4704
LMNA	ANKRD20A12P	3	0.0058	0.8327
KRT8	SYNE1	3	0.0534	0.7335
LMNA	SYNE1	3	0.1389	0.6550
ACTB	SYNE1	3	0.0103	0.8147
KRT8	USP32	3	0.2116	0.5934
ACTB	USP32	3	0.0161	0.7948
MAPRE3	USP32	3	0.0008	0.8590
KRT8	BOD1L1	3	0.0902	0.6981
LMNA	BOD1L1	3	0.3055	0.5022
ACTB	BOD1L1	3	0.2078	0.5971
CTNNA1	BOD1L1	3	0.0051	0.8359
MAPRE3	BOD1L1	3	0.0949	0.6938
KRT8	ARID1B	3	0.0043	0.8392
LMNA	ARID1B	3	0.2746	0.5359
ACTB	ARID1B	3	0.1705	0.6276
MAPRE3	ARID1B	3	0.0767	0.7108
KRT8	NUP43	3	0.3453	0.3749
LMNA	NUP43	3	0.4418	0.2255
ACTB	NUP43	3	0.1145	0.6765
CTNNA1	NUP43	3	0.0314	0.7615
MAPRE3	NUP43	3	0.0165	0.7936
LMNA	NUP37	3	0.3333	0.4115
KRT8	NUP35	3	0.0013	0.8550
LMNA	NUP35	3	0.1301	0.6631
ACTB	NUP35	3	0.0005	0.8621
KRT8	REPS2	3	0.0029	0.8459
ACTB	REPS2	3	0.0062	0.8312
KRT8	GPRC5A	3	0.1652	0.6317
LMNA	GPRC5A	3	0.0772	0.7103
ACTB	GPRC5A	3	0.3078	0.4991
CTNNA1	GPRC5A	3	0.0740	0.7133
MAPRE3	GPRC5A	3	0.0250	0.7727
KRT8	NBEA	3	0.3742	0.3155
ACTB	NBEA	3	0.0108	0.8130
KRT8	TOR1AIP2	3	0.0306	0.7628
LMNA	TOR1AIP2	3	0.0904	0.6979
ACTB	TOR1AIP2	3	0.0550	0.7317
CTNNA1	TOR1AIP2	3	0.0096	0.8174
MAPRE3	TOR1AIP2	3	0.0112	0.8115
LMNA	IPMK	3	0.3308	0.4679
KRT8	KNL1	3	0.3451	0.3753
LMNA	KNL1	3	0.3668	0.3304
ACTB	KNL1	3	0.3036	0.5044
CTNNA1	KNL1	3	0.0960	0.6926
MAPRE3	KNL1	3	0.3045	0.5035
KRT8	OR4L1	3	0.6667	0.0696
ACTB	OR4L1	3	0.6667	0.0696
LMNA	KDM2B	3	0.0143	0.8008
LMNA	MOSPD2	3	0.3331	0.4628
ACTB	MOSPD2	3	0.0107	0.8132
MAPRE3	MOSPD2	3	0.0014	0.8544
KRT8	RASSF8	3	0.0137	0.8027
ACTB	RASSF8	3	0.3355	0.4049
MAPRE3	RASSF8	3	0.0021	0.8502
KRT8	DDX55	3	0.0077	0.8250
LMNA	DDX55	3	0.0318	0.7610
ACTB	DDX55	3	0.0001	0.8682
KRT8	TDRD7	3	0.0124	0.8074
LMNA	TDRD7	3	0.0004	0.8632
ACTB	TDRD7	3	0.0079	0.8242
MAPRE3	TDRD7	3	0.0036	0.8424
KRT8	NEDD1	3	0.0085	0.8220
ACTB	NEDD1	3	0.0139	0.8022
MAPRE3	NEDD1	3	0.0165	0.7936
KRT8	NCOA7	3	0.0103	0.8147
LMNA	NCOA7	3	0.0064	0.8304
ACTB	NCOA7	3	0.0084	0.8224
CTNNA1	NCOA7	3	0.0000	0.8712
MAPRE3	NCOA7	3	0.0007	0.8600
KRT8	THOC2	3	0.2391	0.5707
LMNA	THOC2	3	0.1630	0.6337
ACTB	THOC2	3	0.0888	0.6992
CTNNA1	THOC2	3	0.0135	0.8037
MAPRE3	THOC2	3	0.0326	0.7596
KRT8	PATJ	3	0.0218	0.7795
ACTB	PATJ	3	0.0134	0.8040
CTNNA1	PATJ	3	0.0002	0.8663
MAPRE3	PATJ	3	0.0016	0.8531
KRT8	WDR36	3	0.2205	0.5865
LMNA	WDR36	3	0.2790	0.5318
ACTB	WDR36	3	0.2286	0.5791
CTNNA1	WDR36	3	0.0521	0.7349
MAPRE3	WDR36	3	0.1407	0.6538
KRT8	KIF18A	3	0.0042	0.8397
LMNA	KIF18A	3	0.0538	0.7331
ACTB	KIF18A	3	0.0041	0.8402
MAPRE3	KIF18A	3	0.8499	0.0137
LMNA	RP9	3	0.0085	0.8220
KRT8	SNIP1	3	0.3333	0.4115
LMNA	SNIP1	3	0.3333	0.4115
LMNA	WDR48	3	0.0070	0.8278
ACTB	WDR48	3	0.0073	0.8266
KRT8	EXOC6	3	0.0213	0.7808
ACTB	EXOC6	3	0.0054	0.8345
KRT8	TTC8	3	1.0000	0.0000
KRT8	CEP76	3	0.0316	0.7613
KRT8	PPP1R35	3	0.1610	0.6355
ACTB	PPP1R35	3	0.0329	0.7592
MAPRE3	PPP1R35	3	0.0005	0.8621
KRT8	SMARCC2	3	0.0000	0.8712
LMNA	SMARCC2	3	0.0001	0.8682
ACTB	SMARCC2	3	0.0001	0.8682
KRT8	NEIL3	3	0.0042	0.8397
LMNA	NEIL3	3	0.3870	0.2866
KRT8	NPLOC4	3	0.2320	0.5764
LMNA	NPLOC4	3	0.2385	0.5709
ACTB	NPLOC4	3	0.0489	0.7385
MAPRE3	NPLOC4	3	0.0016	0.8531
KRT8	FBXO30	3	0.1020	0.6873
LMNA	FBXO30	3	0.0009	0.8582
ACTB	FBXO30	3	0.0214	0.7805
MAPRE3	FBXO30	3	0.0011	0.8566
KRT8	SLC35B2	3	0.4662	0.2075
LMNA	SLC35B2	3	0.3365	0.4023
KRT8	PUM2	3	0.0052	0.8354
ACTB	PUM2	3	0.0017	0.8526
KRT8	GOLGA5	3	0.0020	0.8508
ACTB	GOLGA5	3	0.0047	0.8376
KRT8	SHKBP1	3	0.0661	0.7205
ACTB	SHKBP1	3	0.4538	0.2160
CTNNA1	SHKBP1	3	0.0003	0.8647
MAPRE3	SHKBP1	3	0.0052	0.8354
LMNA	UBA3	3	0.1810	0.6178
KRT8	RAB3IL1	3	0.0116	0.8099
LMNA	RAB3IL1	3	0.0037	0.8419
ACTB	RAB3IL1	3	0.0180	0.7895
MAPRE3	RAB3IL1	3	0.0007	0.8600
KRT8	TBC1D15	3	0.3151	0.4885
LMNA	TBC1D15	3	0.1242	0.6682
ACTB	TBC1D15	3	0.2911	0.5196
CTNNA1	TBC1D15	3	0.0853	0.7019
MAPRE3	TBC1D15	3	0.1388	0.6551
KRT8	RDH11	3	0.0006	0.8612
LMNA	RDH11	3	0.0119	0.8091
ACTB	RDH11	3	0.3407	0.3904
CTNNA1	RDH11	3	0.0037	0.8419
KRT8	IFI44	3	0.8268	0.0185
LMNA	IFI44	3	0.3304	0.4689
ACTB	IFI44	3	0.2449	0.5661
CTNNA1	IFI44	3	0.0051	0.8359
MAPRE3	IFI44	3	0.0904	0.6979
KRT8	CIP2A	3	0.0688	0.7179
LMNA	CIP2A	3	0.0010	0.8573
ACTB	CIP2A	3	0.0173	0.7914
CTNNA1	CIP2A	3	0.0005	0.8621
MAPRE3	CIP2A	3	0.0042	0.8397
KRT8	PI4K2B	3	0.0171	0.7919
ACTB	PI4K2B	3	0.0097	0.8172
MAPRE3	PI4K2B	3	0.0003	0.8647
LMNA	FBXO25	3	1.0000	0.0000
ACTB	FBXO25	3	0.6667	0.0696
KRT8	STT3B	3	0.2755	0.5348
LMNA	STT3B	3	0.4762	0.2004
ACTB	STT3B	3	0.0978	0.6907
CTNNA1	STT3B	3	0.0308	0.7624
MAPRE3	STT3B	3	0.0468	0.7411
KRT8	ZNF507	3	0.0000	0.8712
LMNA	ZNF507	3	0.0001	0.8682
KRT8	PNPT1	3	1.0000	0.0000
LMNA	PNPT1	3	0.6667	0.0696
KRT8	HM13	3	0.0534	0.7335
LMNA	HM13	3	0.1423	0.6520
ACTB	HM13	3	0.0178	0.7901
MAPRE3	HM13	3	0.0019	0.8514
KRT8	ALMS1	3	0.1632	0.6335
LMNA	ALMS1	3	0.0019	0.8514
ACTB	ALMS1	3	0.0295	0.7650
CTNNA1	ALMS1	3	0.0082	0.8230
MAPRE3	ALMS1	3	0.0466	0.7414
KRT8	URGCP	3	0.0312	0.7619
ACTB	URGCP	3	0.0039	0.8410
KRT8	BICD2	3	0.0613	0.7254
ACTB	BICD2	3	0.0151	0.7980
CTNNA1	BICD2	3	0.0001	0.8682
MAPRE3	BICD2	3	0.0023	0.8489
KRT8	NEK9	3	0.3477	0.3674
LMNA	NEK9	3	0.1669	0.6302
ACTB	NEK9	3	0.3327	0.4642
CTNNA1	NEK9	3	0.1622	0.6346
MAPRE3	NEK9	3	0.2515	0.5589
KRT8	CHD6	3	0.2011	0.6024
LMNA	CHD6	3	0.2922	0.5183
ACTB	CHD6	3	0.1732	0.6252
CTNNA1	CHD6	3	0.0217	0.7797
MAPRE3	CHD6	3	0.1284	0.6644
KRT8	CCHCR1	3	0.8774	0.0097
ACTB	CCHCR1	3	0.0232	0.7767
MAPRE3	CCHCR1	3	0.0045	0.8384
KRT8	PLEKHO2	3	0.0004	0.8632
ACTB	PLEKHO2	3	0.0811	0.7066
KRT8	DTX3L	3	0.0273	0.7686
ACTB	DTX3L	3	0.0052	0.8354
MAPRE3	DTX3L	3	0.0060	0.8320
KRT8	DDX54	3	0.2693	0.5418
LMNA	DDX54	3	0.9800	0.0011
MAPRE3	DDX54	3	0.0012	0.8558
KRT8	DMXL2	3	0.3521	0.3588
LMNA	DMXL2	3	0.0042	0.8397
ACTB	DMXL2	3	0.3448	0.3766
CTNNA1	DMXL2	3	0.0027	0.8469
MAPRE3	DMXL2	3	0.0100	0.8159
ACTB	BPIFB1	3	0.3333	0.4115
KRT8	DLG5	3	0.3178	0.4855
LMNA	DLG5	3	0.0008	0.8590
ACTB	DLG5	3	0.0148	0.7989
CTNNA1	DLG5	3	0.0074	0.8260
MAPRE3	DLG5	3	0.0073	0.8266
KRT8	CABLES1	3	0.3333	0.4115
ACTB	CABLES1	3	0.6667	0.0696
KRT8	BRIX1	3	0.4052	0.2631
LMNA	BRIX1	3	0.3414	0.3885
ACTB	BRIX1	3	0.3343	0.4079
CTNNA1	BRIX1	3	0.0960	0.6926
MAPRE3	BRIX1	3	0.2103	0.5948
KRT8	NEK7	3	0.3342	0.4083
LMNA	NEK7	3	0.2116	0.5934
ACTB	NEK7	3	0.2311	0.5772
CTNNA1	NEK7	3	0.0296	0.7648
MAPRE3	NEK7	3	0.1103	0.6801
KRT8	RB1CC1	3	0.3774	0.3070
KRT8	MICAL1	3	0.0197	0.7849
LMNA	MICAL1	3	0.0008	0.8590
ACTB	MICAL1	3	0.0151	0.7980
CTNNA1	MICAL1	3	0.0000	0.8712
MAPRE3	MICAL1	3	0.0006	0.8612
KRT8	ELP5	3	0.0072	0.8270
ACTB	ELP5	3	0.0002	0.8663
LMNA	MORC4	3	0.7848	0.0260
KRT8	SH3RF2	3	0.6665	0.1381
MAPRE3	SH3RF2	3	1.0000	0.0000
KRT8	UTP15	3	0.3366	0.4020
ACTB	UTP15	3	0.2051	0.5993
CTNNA1	UTP15	3	0.0385	0.7511
MAPRE3	UTP15	3	0.0358	0.7551
KRT8	GPX8	3	0.2902	0.5207
LMNA	GPX8	3	0.1211	0.6709
ACTB	GPX8	3	0.2572	0.5537
CTNNA1	GPX8	3	0.0842	0.7032
MAPRE3	GPX8	3	0.0712	0.7162
KRT8	AFAP1L1	3	0.0128	0.8061
ACTB	AFAP1L1	3	0.7626	0.0315
KRT8	DENND1A	3	1.0000	0.0000
KRT8	DOT1L	3	0.0147	0.7993
LMNA	DOT1L	3	0.0104	0.8144
KRT8	NUP210	3	0.2795	0.5307
LMNA	NUP210	3	0.4115	0.2531
ACTB	NUP210	3	0.2460	0.5645
MAPRE3	NUP210	3	0.0136	0.8031
KRT8	CEP192	3	0.0287	0.7663
LMNA	CEP192	3	0.0003	0.8647
ACTB	CEP192	3	0.0085	0.8220
CTNNA1	CEP192	3	0.0003	0.8647
MAPRE3	CEP192	3	0.0060	0.8320
KRT8	GEMIN5	3	0.3234	0.4787
LMNA	GEMIN5	3	0.1262	0.6665
ACTB	GEMIN5	3	0.3073	0.4997
CTNNA1	GEMIN5	3	0.0678	0.7188
MAPRE3	GEMIN5	3	0.1587	0.6377
LMNA	PIGO	3	0.4842	0.1957
KRT8	ARHGEF40	3	0.0192	0.7864
LMNA	ARHGEF40	3	0.0005	0.8621
ACTB	ARHGEF40	3	0.0122	0.8082
CTNNA1	ARHGEF40	3	0.0000	0.8712
MAPRE3	ARHGEF40	3	0.0016	0.8531
KRT8	RAPGEF6	3	0.0194	0.7859
LMNA	RAPGEF6	3	0.0004	0.8632
ACTB	RAPGEF6	3	0.0136	0.8031
CTNNA1	RAPGEF6	3	0.0002	0.8663
MAPRE3	RAPGEF6	3	0.0031	0.8449
KRT8	SMCR8	3	0.0179	0.7898
LMNA	SMCR8	3	0.0008	0.8590
ACTB	SMCR8	3	0.0147	0.7993
CTNNA1	SMCR8	3	0.0002	0.8663
MAPRE3	SMCR8	3	0.0008	0.8590
KRT8	PARD3	3	0.0220	0.7790
LMNA	PARD3	3	0.0001	0.8682
ACTB	PARD3	3	0.0094	0.8181
CTNNA1	PARD3	3	0.0056	0.8337
MAPRE3	PARD3	3	0.0024	0.8483
KRT8	IPO4	3	0.5169	0.1816
LMNA	IPO4	3	0.0067	0.8294
ACTB	IPO4	3	0.0257	0.7716
CTNNA1	IPO4	3	0.0012	0.8558
MAPRE3	IPO4	3	0.0012	0.8558
KRT8	USP33	3	0.0029	0.8459
LMNA	USP33	3	0.0104	0.8144
ACTB	USP33	3	0.0000	0.8712
KRT8	PPP4R1	3	0.2577	0.5530
LMNA	PPP4R1	3	0.0702	0.7170
ACTB	PPP4R1	3	0.4396	0.2274
CTNNA1	PPP4R1	3	0.0244	0.7741
MAPRE3	PPP4R1	3	0.1173	0.6743
KRT8	FNIP1	3	0.0097	0.8172
ACTB	FNIP1	3	0.0056	0.8337
MAPRE3	FNIP1	3	0.0002	0.8663
KRT8	ZNF384	3	0.0007	0.8600
LMNA	ZNF384	3	0.0204	0.7829
ACTB	ZNF384	3	0.0021	0.8502
CTNNA1	ZNF384	3	0.0000	0.8712
MAPRE3	ZNF384	3	0.0020	0.8508
KRT8	SHROOM3	3	0.0494	0.7380
LMNA	SHROOM3	3	0.0000	0.8712
ACTB	SHROOM3	3	0.0209	0.7817
CTNNA1	SHROOM3	3	0.0059	0.8324
MAPRE3	SHROOM3	3	0.0059	0.8324
KRT8	WIPF2	3	0.0381	0.7517
ACTB	WIPF2	3	0.9437	0.0030
MAPRE3	WIPF2	3	0.0131	0.8051
KRT8	NOC3L	3	0.0009	0.8582
LMNA	NOC3L	3	0.0005	0.8621
ACTB	NOC3L	3	0.0000	0.8712
MAPRE3	NOC3L	3	0.0000	0.8712
LMNA	SCARB1	3	0.6667	0.0696
CTNNA1	SCARB1	3	0.3333	0.4115
KRT8	COG1	3	0.0139	0.8022
LMNA	COG1	3	0.0004	0.8632
ACTB	COG1	3	0.0117	0.8097
CTNNA1	COG1	3	0.0001	0.8682
MAPRE3	COG1	3	0.0019	0.8514
KRT8	PYROXD1	3	0.0118	0.8094
LMNA	PYROXD1	3	0.7787	0.0270
KRT8	SCFD2	3	0.0170	0.7922
LMNA	SCFD2	3	0.0004	0.8632
ACTB	SCFD2	3	0.0118	0.8094
CTNNA1	SCFD2	3	0.0001	0.8682
MAPRE3	SCFD2	3	0.0014	0.8544
KRT8	SMAP2	3	0.0196	0.7852
ACTB	SMAP2	3	0.0070	0.8278
MAPRE3	SMAP2	3	0.0002	0.8663
KRT8	ZC3H15	3	0.2483	0.5623
LMNA	ZC3H15	3	0.0289	0.7660
ACTB	ZC3H15	3	0.2203	0.5867
CTNNA1	ZC3H15	3	0.1316	0.6619
MAPRE3	ZC3H15	3	0.3079	0.4986
LMNA	PPIL4	3	0.2372	0.5719
CTNNA1	PPIL4	3	0.0219	0.7793
KRT8	GTF3C2	3	0.1177	0.6737
LMNA	GTF3C2	3	0.1474	0.6475
ACTB	GTF3C2	3	0.0632	0.7234
CTNNA1	GTF3C2	3	0.0252	0.7724
MAPRE3	GTF3C2	3	0.0483	0.7393
KRT8	TBC1D22A	3	0.0269	0.7694
LMNA	TBC1D22A	3	0.0022	0.8496
ACTB	TBC1D22A	3	0.1453	0.6491
KRT8	PPP1R13L	3	0.3967	0.2714
LMNA	PPP1R13L	3	0.1302	0.6630
ACTB	PPP1R13L	3	0.3421	0.3852
CTNNA1	PPP1R13L	3	0.1719	0.6264
MAPRE3	PPP1R13L	3	0.3353	0.4056
LMNA	ARB2A	3	0.0041	0.8402
KRT8	TMEM263	3	0.0088	0.8208
LMNA	TMEM263	3	0.0032	0.8442
ACTB	TMEM263	3	0.0080	0.8239
MAPRE3	TMEM263	3	0.0001	0.8682
KRT8	HDAC7	3	0.2171	0.5891
ACTB	HDAC7	3	0.0052	0.8354
KRT8	PTPMT1	3	0.6667	0.0696
KRT8	NUP133	3	0.0546	0.7322
LMNA	NUP133	3	0.7711	0.0295
ACTB	NUP133	3	0.0167	0.7929
CTNNA1	NUP133	3	0.0015	0.8537
MAPRE3	NUP133	3	0.0069	0.8283
KRT8	PDCD6IP	3	0.0236	0.7760
LMNA	PDCD6IP	3	0.0143	0.8008
ACTB	PDCD6IP	3	0.0187	0.7876
CTNNA1	PDCD6IP	3	0.0073	0.8266
MAPRE3	PDCD6IP	3	0.0087	0.8211
KRT8	FBLIM1	3	0.0043	0.8392
LMNA	FBLIM1	3	0.0013	0.8550
ACTB	FBLIM1	3	0.1145	0.6765
LMNA	CACTIN	3	0.0505	0.7368
LMNA	GATAD1	3	0.0015	0.8537
KRT8	BRK1	3	0.0398	0.7496
LMNA	BRK1	3	0.0479	0.7399
ACTB	BRK1	3	0.1101	0.6804
CTNNA1	BRK1	3	0.0132	0.8047
KRT8	SLC38A5	3	0.3191	0.4837
LMNA	SLC38A5	3	0.0135	0.8037
ACTB	SLC38A5	3	0.0279	0.7675
MAPRE3	SLC38A5	3	0.0004	0.8632
KRT8	CHMP7	3	0.0996	0.6893
ACTB	CHMP7	3	0.0221	0.7787
CTNNA1	CHMP7	3	0.0039	0.8410
MAPRE3	CHMP7	3	0.0087	0.8211
KRT8	THEM6	3	0.5372	0.1749
LMNA	THEM6	3	0.5728	0.1637
ACTB	THEM6	3	0.3370	0.4008
CTNNA1	THEM6	3	0.0364	0.7541
MAPRE3	THEM6	3	0.2595	0.5515
KRT8	PRUNE2	3	0.0081	0.8234
LMNA	PRUNE2	3	0.0001	0.8682
ACTB	PRUNE2	3	0.0058	0.8327
CTNNA1	PRUNE2	3	0.0001	0.8682
MAPRE3	PRUNE2	3	0.0003	0.8647
KRT8	BCL7C	3	0.0113	0.8111
LMNA	BCL7C	3	0.0374	0.7527
ACTB	BCL7C	3	0.0591	0.7272
CTNNA1	BCL7C	3	0.0167	0.7929
MAPRE3	BCL7C	3	0.0048	0.8371
KRT8	SNX33	3	0.2976	0.5126
LMNA	CHTF18	3	0.0157	0.7961
LMNA	LEO1	3	0.0079	0.8242
MAPRE3	LEO1	3	0.0000	0.8712
KRT8	NUDCD2	3	0.2406	0.5694
LMNA	NUDCD2	3	0.2434	0.5672
ACTB	NUDCD2	3	0.2154	0.5904
MAPRE3	NUDCD2	3	0.0254	0.7720
KRT8	TFB1M	3	0.2732	0.5372
LMNA	TFB1M	3	0.0004	0.8632
ACTB	TFB1M	3	0.0046	0.8380
CTNNA1	TFB1M	3	0.0006	0.8612
LMNA	STAG1	3	0.0041	0.8402
KRT8	SCFD1	3	0.2662	0.5447
LMNA	SCFD1	3	0.3029	0.5053
ACTB	SCFD1	3	0.2704	0.5405
CTNNA1	SCFD1	3	0.0666	0.7201
MAPRE3	SCFD1	3	0.1105	0.6798
KRT8	DYNC2I1	3	0.0032	0.8442
ACTB	DYNC2I1	3	0.0018	0.8519
MAPRE3	DYNC2I1	3	0.0016	0.8531
KRT8	TRAPPC12	3	0.0757	0.7116
ACTB	TRAPPC12	3	0.0034	0.8433
LMNA	POF1B	3	0.3262	0.4753
ACTB	POF1B	3	0.3246	0.4773
KRT8	HNRNPLL	3	0.0671	0.7197
LMNA	HNRNPLL	3	0.0559	0.7306
ACTB	HNRNPLL	3	0.0468	0.7411
CTNNA1	HNRNPLL	3	0.0163	0.7943
MAPRE3	HNRNPLL	3	0.0039	0.8410
KRT8	FAR1	3	0.8045	0.0209
LMNA	FAR1	3	0.0142	0.8012
ACTB	FAR1	3	0.0074	0.8260
KRT8	UBLCP1	3	0.0021	0.8502
LMNA	UBLCP1	3	0.0323	0.7603
ACTB	UBLCP1	3	0.0018	0.8519
LMNA	KBTBD7	3	0.0338	0.7581
ACTB	KBTBD7	3	0.0004	0.8632
LMNA	TSEN15	3	0.0682	0.7183
ACTB	TSEN15	3	0.0921	0.6961
CTNNA1	TSEN15	3	0.0801	0.7077
KRT8	PCNP	3	0.1360	0.6580
LMNA	PCNP	3	0.3897	0.2816
ACTB	PCNP	3	0.1778	0.6211
MAPRE3	PCNP	3	0.1713	0.6270
KRT8	SPRYD4	3	0.6667	0.0696
KRT8	MAIP1	3	0.8711	0.0106
LMNA	MAIP1	3	0.2736	0.5369
ACTB	MAIP1	3	0.1487	0.6462
CTNNA1	MAIP1	3	0.0011	0.8566
MAPRE3	MAIP1	3	0.0027	0.8469
KRT8	LMO7	3	0.2716	0.5393
LMNA	LMO7	3	0.1377	0.6560
ACTB	LMO7	3	0.4187	0.2439
CTNNA1	LMO7	3	0.1328	0.6607
MAPRE3	LMO7	3	0.2193	0.5874
KRT8	CKAP2	3	0.0409	0.7482
LMNA	CKAP2	3	0.0052	0.8354
ACTB	CKAP2	3	0.0137	0.8027
CTNNA1	CKAP2	3	0.0025	0.8479
MAPRE3	CKAP2	3	0.9997	0.0000
ACTB	SPIRE2	3	1.0000	0.0000
KRT8	ATXN2L	3	0.2137	0.5918
LMNA	ATXN2L	3	0.0317	0.7612
ACTB	ATXN2L	3	0.2617	0.5494
CTNNA1	ATXN2L	3	0.1052	0.6847
MAPRE3	ATXN2L	3	0.2407	0.5693
KRT8	ARAP3	3	0.2749	0.5355
LMNA	ARAP3	3	0.0016	0.8531
ACTB	ARAP3	3	0.0160	0.7952
CTNNA1	ARAP3	3	0.0006	0.8612
MAPRE3	ARAP3	3	0.0047	0.8376
KRT8	PHIP	3	0.0076	0.8253
LMNA	PHIP	3	0.0051	0.8359
ACTB	PHIP	3	0.0027	0.8469
MAPRE3	PHIP	3	0.0001	0.8682
KRT8	PRPF31	3	0.0005	0.8621
LMNA	PRPF31	3	0.0361	0.7545
ACTB	PRPF31	3	0.0003	0.8647
MAPRE3	PRPF31	3	0.0000	0.8712
KRT8	NELFB	3	0.0059	0.8324
LMNA	NELFB	3	0.0579	0.7285
ACTB	NELFB	3	0.0041	0.8402
MAPRE3	NELFB	3	0.0000	0.8712
KRT8	PALLD	3	0.1343	0.6595
LMNA	PALLD	3	0.0439	0.7447
ACTB	PALLD	3	0.7123	0.0474
CTNNA1	PALLD	3	0.0358	0.7551
MAPRE3	PALLD	3	0.0450	0.7432
KRT8	RUFY2	3	0.3421	0.3852
ACTB	RUFY2	3	0.0080	0.8239
KRT8	SREK1	3	0.0029	0.8459
ACTB	SREK1	3	0.0051	0.8359
CTNNA1	SREK1	3	0.0003	0.8647
MAPRE3	SREK1	3	0.0037	0.8419
KRT8	CASKIN2	3	0.2014	0.6020
ACTB	CASKIN2	3	0.3340	0.4088
KRT8	ATRIP	3	0.0005	0.8621
LMNA	ATRIP	3	0.0368	0.7533
ACTB	ATRIP	3	0.0008	0.8590
KRT8	STON2	3	0.3333	0.4115
ACTB	STON2	3	0.3333	0.4115
LMNA	PSPC1	3	0.2755	0.5348
ACTB	PSPC1	3	0.0303	0.7635
MAPRE3	PSPC1	3	0.0453	0.7428
KRT8	MADD	3	0.0651	0.7216
LMNA	MADD	3	0.0012	0.8558
ACTB	MADD	3	0.0325	0.7598
CTNNA1	MADD	3	0.0010	0.8573
MAPRE3	MADD	3	0.0081	0.8234
KRT8	SYNE2	3	0.0136	0.8031
LMNA	SYNE2	3	0.5068	0.1870
ACTB	SYNE2	3	0.0214	0.7805
MAPRE3	SYNE2	3	0.0012	0.8558
KRT8	GATAD2B	3	0.0001	0.8682
LMNA	GATAD2B	3	0.0058	0.8327
ACTB	GATAD2B	3	0.0005	0.8621
MAPRE3	GATAD2B	3	0.0000	0.8712
KRT8	MYO3B	3	0.0965	0.6921
ACTB	MYO3B	3	0.0293	0.7654
CTNNA1	MYO3B	3	0.0009	0.8582
MAPRE3	MYO3B	3	0.0001	0.8682
KRT8	PIBF1	3	0.4103	0.2545
LMNA	PIBF1	3	0.0019	0.8514
ACTB	PIBF1	3	0.0122	0.8082
CTNNA1	PIBF1	3	0.0001	0.8682
MAPRE3	PIBF1	3	0.0036	0.8424
KRT8	DNAJC9	3	0.0048	0.8371
LMNA	DNAJC9	3	0.0499	0.7374
ACTB	DNAJC9	3	0.0068	0.8289
CTNNA1	DNAJC9	3	0.0001	0.8682
MAPRE3	DNAJC9	3	0.0008	0.8590
KRT8	BBX	3	0.0009	0.8582
LMNA	BBX	3	0.0327	0.7595
ACTB	BBX	3	0.0013	0.8550
MAPRE3	BBX	3	0.0007	0.8600
KRT8	IFT81	3	1.0000	0.0000
ACTB	IFT81	3	0.0235	0.7762
LMNA	JDP2	3	0.3245	0.4774
KRT8	SSH1	3	0.0059	0.8324
ACTB	SSH1	3	0.1721	0.6262
KRT8	AHCTF1	3	0.1512	0.6445
LMNA	AHCTF1	3	0.5096	0.1843
ACTB	AHCTF1	3	0.1267	0.6661
CTNNA1	AHCTF1	3	0.0779	0.7096
MAPRE3	AHCTF1	3	0.1162	0.6752
LMNA	DGCR8	3	0.0047	0.8376
ACTB	DGCR8	3	0.0012	0.8558
KRT8	ZCCHC14	3	0.2650	0.5461
MAPRE3	ZCCHC14	3	0.0297	0.7646
ACTB	ARAP2	3	0.0005	0.8621
MAPRE3	ARAP2	3	0.0000	0.8712
ACTB	CTTNBP2	3	0.3333	0.4115
MAPRE3	CTTNBP2	3	1.0000	0.0000
KRT8	LZIC	3	0.0137	0.8027
LMNA	LZIC	3	0.0049	0.8367
ACTB	LZIC	3	0.0241	0.7748
KRT8	DDB2	3	0.0012	0.8558
LMNA	DDB2	3	0.0163	0.7943
ACTB	DDB2	3	0.0010	0.8573
MAPRE3	DDB2	3	0.0000	0.8712
LMNA	TFAP2A;TFAP2B	3	1.0000	0.0000
KRT8	DDX1	3	0.0045	0.8384
LMNA	DDX1	3	0.0087	0.8211
ACTB	DDX1	3	0.0160	0.7952
CTNNA1	DDX1	3	0.0000	0.8712
MAPRE3	DDX1	3	0.0006	0.8612
LMNA	HSD17B8	3	0.0007	0.8600
ACTB	HSD17B8	3	0.0041	0.8402
CTNNA1	HSD17B8	3	0.0001	0.8682
LMNA	H1-10	3	0.0585	0.7278
ACTB	H1-10	3	0.0064	0.8304
CTNNA1	H1-10	3	0.0223	0.7784
MAPRE3	H1-10	3	0.0174	0.7910
LMNA	CCT6B	3	0.6662	0.1393
KRT8	GBF1	3	0.0197	0.7849
LMNA	GBF1	3	0.0018	0.8519
ACTB	GBF1	3	0.0129	0.8057
CTNNA1	GBF1	3	0.0001	0.8682
MAPRE3	GBF1	3	0.0040	0.8407
ACTB	LPIN2	3	1.0000	0.0000
KRT8	SMG7	3	0.6765	0.0594
LMNA	SMG7	3	0.0033	0.8438
ACTB	SMG7	3	0.0161	0.7948
CTNNA1	SMG7	3	0.0004	0.8632
MAPRE3	SMG7	3	0.0115	0.8103
KRT8	RTF1	3	0.1160	0.6753
LMNA	RTF1	3	0.2604	0.5505
ACTB	RTF1	3	0.1543	0.6416
CTNNA1	RTF1	3	0.0319	0.7608
MAPRE3	RTF1	3	0.1444	0.6500
KRT8	SNX19	3	0.0051	0.8359
ACTB	SNX19	3	0.0007	0.8600
MAPRE3	SNX19	3	0.0001	0.8682
KRT8	TMEM131	3	0.0198	0.7847
LMNA	TMEM131	3	0.0042	0.8397
ACTB	TMEM131	3	0.0080	0.8239
CTNNA1	TMEM131	3	0.0031	0.8449
MAPRE3	TMEM131	3	0.9191	0.0058
KRT8	RGP1	3	0.2224	0.5848
LMNA	RGP1	3	0.0078	0.8246
ACTB	RGP1	3	0.0284	0.7668
CTNNA1	RGP1	3	0.0000	0.8712
KRT8	TOPBP1	3	0.0002	0.8663
LMNA	TOPBP1	3	0.0214	0.7805
ACTB	TOPBP1	3	0.0023	0.8489
MAPRE3	TOPBP1	3	0.0002	0.8663
KRT8	IP6K1	3	0.0055	0.8342
LMNA	IP6K1	3	0.0048	0.8371
ACTB	IP6K1	3	0.0027	0.8469
MAPRE3	IP6K1	3	0.0000	0.8712
KRT8	MRPS27	3	0.2604	0.5505
LMNA	MRPS27	3	0.2031	0.6008
ACTB	MRPS27	3	0.1457	0.6486
CTNNA1	MRPS27	3	0.0264	0.7703
MAPRE3	MRPS27	3	0.0650	0.7217
KRT8	WASF1	3	0.0052	0.8354
ACTB	WASF1	3	0.0652	0.7215
LMNA	BAP1	3	0.0003	0.8647
MAPRE3	BAP1	3	0.0000	0.8712
ACTB	FIG4	3	0.0063	0.8308
KRT8	FAM168A	3	0.3331	0.4628
LMNA	FAM168A	3	0.3331	0.4628
KRT8	PIK3R3	3	0.3333	0.4115
KRT8	AP3S1	3	0.0141	0.8015
LMNA	AP3S1	3	0.0019	0.8514
ACTB	AP3S1	3	0.0067	0.8294
MAPRE3	AP3S1	3	0.0020	0.8508
KRT8	TSC1	3	0.0135	0.8037
LMNA	TSC1	3	0.0000	0.8712
ACTB	TSC1	3	0.0134	0.8040
CTNNA1	TSC1	3	0.0021	0.8502
MAPRE3	TSC1	3	0.0020	0.8508
LMNA	UBXN4	3	0.0158	0.7958
ACTB	UBXN4	3	0.0047	0.8376
KRT8	PHF3	3	0.0000	0.8712
LMNA	PHF3	3	0.0112	0.8115
ACTB	PHF3	3	0.0002	0.8663
MAPRE3	PHF3	3	0.0006	0.8612
KRT8	MAML1	3	0.0062	0.8312
LMNA	MAML1	3	0.6995	0.0496
KRT8	NDRG1	3	0.2639	0.5471
LMNA	NDRG1	3	0.1062	0.6836
ACTB	NDRG1	3	0.2272	0.5802
CTNNA1	NDRG1	3	0.0806	0.7071
MAPRE3	NDRG1	3	0.0533	0.7336
KRT8	HSPH1	3	0.4260	0.2392
LMNA	HSPH1	3	0.0681	0.7185
ACTB	HSPH1	3	0.3119	0.4932
CTNNA1	HSPH1	3	0.0397	0.7498
MAPRE3	HSPH1	3	0.0480	0.7398
KRT8	CNOT9	3	0.0407	0.7484
ACTB	CNOT9	3	0.2623	0.5489
CTNNA1	CNOT9	3	0.0009	0.8582
MAPRE3	CNOT9	3	0.0033	0.8438
KRT8	LPGAT1	3	0.0231	0.7770
LMNA	LPGAT1	3	0.0022	0.8496
KRT8	DOCK2	3	0.1211	0.6709
ACTB	DOCK2	3	0.0332	0.7588
MAPRE3	DOCK2	3	0.0161	0.7948
KRT8	TBC1D5	3	0.0249	0.7730
LMNA	TBC1D5	3	0.0011	0.8566
ACTB	TBC1D5	3	0.0190	0.7868
CTNNA1	TBC1D5	3	0.0007	0.8600
MAPRE3	TBC1D5	3	0.0071	0.8274
LMNA	ZNF592	3	0.0053	0.8350
ACTB	ZNF592	3	0.0001	0.8682
MAPRE3	ZNF592	3	0.0001	0.8682
KRT8	JADE3	3	0.0002	0.8663
LMNA	JADE3	3	0.0929	0.6956
KRT8	MYO18A	3	0.0091	0.8194
ACTB	MYO18A	3	0.4020	0.2657
MAPRE3	MYO18A	3	0.0030	0.8454
KRT8	LARP4B	3	0.0830	0.7044
ACTB	LARP4B	3	0.0023	0.8489
MAPRE3	LARP4B	3	0.1398	0.6543
KRT8	GCN1	3	0.3759	0.3115
LMNA	GCN1	3	0.2722	0.5381
ACTB	GCN1	3	0.3487	0.3652
CTNNA1	GCN1	3	0.1296	0.6635
MAPRE3	GCN1	3	0.2819	0.5282
KRT8	ARHGAP45	3	0.0921	0.6961
ACTB	ARHGAP45	3	0.0047	0.8376
KRT8	DHX38	3	0.2076	0.5975
LMNA	DHX38	3	0.3643	0.3344
ACTB	DHX38	3	0.2103	0.5948
CTNNA1	DHX38	3	0.1029	0.6866
MAPRE3	DHX38	3	0.1858	0.6140
KRT8	NUP205	3	0.4561	0.2145
LMNA	NUP205	3	0.3834	0.2947
ACTB	NUP205	3	0.3659	0.3322
CTNNA1	NUP205	3	0.1349	0.6588
MAPRE3	NUP205	3	0.2887	0.5223
KRT8	ANKS1A	3	0.0431	0.7456
LMNA	ANKS1A	3	0.0002	0.8663
ACTB	ANKS1A	3	0.0167	0.7929
CTNNA1	ANKS1A	3	0.0002	0.8663
MAPRE3	ANKS1A	3	0.0010	0.8573
KRT8	PXDN	3	0.0699	0.7172
ACTB	PXDN	3	0.0033	0.8438
KRT8	KIAA0232	3	0.0514	0.7357
ACTB	KIAA0232	3	0.0176	0.7907
MAPRE3	KIAA0232	3	0.0004	0.8632
KRT8	PIGK	3	0.3263	0.4751
LMNA	PIGK	3	0.0261	0.7709
ACTB	PIGK	3	0.0032	0.8442
KRT8	MRPS31	3	0.9989	0.0000
LMNA	MRPS31	3	0.1402	0.6540
ACTB	MRPS31	3	0.1476	0.6472
MAPRE3	MRPS31	3	0.0221	0.7787
KRT8	AKAP1	3	0.0135	0.8037
ACTB	AKAP1	3	0.0238	0.7755
CTNNA1	AKAP1	3	0.0001	0.8682
MAPRE3	AKAP1	3	0.0029	0.8459
LMNA	CENPI	3	0.0035	0.8429
KRT8	ALG3	3	0.0196	0.7852
LMNA	ALG3	3	0.0012	0.8558
ACTB	ALG3	3	0.0039	0.8410
KRT8	ANP32B	3	0.0588	0.7275
LMNA	ANP32B	3	0.0448	0.7434
ACTB	ANP32B	3	0.0418	0.7471
CTNNA1	ANP32B	3	0.0164	0.7940
MAPRE3	ANP32B	3	0.0141	0.8015
ACTB	NECTIN2	3	0.0021	0.8502
CTNNA1	NECTIN2	3	0.0049	0.8367
LMNA	RAD54L	3	0.2534	0.5570
KRT8	PRCC	3	0.0004	0.8632
LMNA	PRCC	3	0.0279	0.7675
ACTB	PRCC	3	0.0030	0.8454
MAPRE3	PRCC	3	0.0001	0.8682
KRT8	TFG	3	0.0059	0.8324
ACTB	TFG	3	0.0049	0.8367
MAPRE3	TFG	3	0.0001	0.8682
ACTB	USP6NL	3	0.2742	0.5364
KRT8	ARPC1A	3	0.0295	0.7650
LMNA	ARPC1A	3	0.0166	0.7933
ACTB	ARPC1A	3	0.0378	0.7522
CTNNA1	ARPC1A	3	0.0122	0.8082
MAPRE3	ARPC1A	3	0.0074	0.8260
KRT8	GTF2H4	3	0.0367	0.7535
LMNA	GTF2H4	3	0.0022	0.8496
LMNA	RREB1	3	0.0030	0.8454
ACTB	RREB1	3	0.0000	0.8712
KRT8	HDAC2	3	0.1461	0.6484
LMNA	HDAC2	3	0.1916	0.6095
ACTB	HDAC2	3	0.0503	0.7370
CTNNA1	HDAC2	3	0.0090	0.8199
MAPRE3	HDAC2	3	0.0160	0.7952
KRT8	STAM	3	0.3466	0.3711
ACTB	STAM	3	0.0296	0.7648
CTNNA1	STAM	3	0.0020	0.8508
MAPRE3	STAM	3	0.0041	0.8402
LMNA	CREBBP	3	0.0063	0.8308
ACTB	CREBBP	3	0.0007	0.8600
KRT8	DLG3	3	0.0056	0.8337
LMNA	DLG3	3	0.0039	0.8410
ACTB	DLG3	3	0.3332	0.4624
KRT8	SYMPK	3	0.2372	0.5719
LMNA	SYMPK	3	0.3342	0.4083
ACTB	SYMPK	3	0.2769	0.5336
CTNNA1	SYMPK	3	0.1028	0.6867
MAPRE3	SYMPK	3	0.2436	0.5670
KRT8	N4BP2L2	3	0.0166	0.7933
LMNA	N4BP2L2	3	0.0101	0.8155
LMNA	TAF15	3	0.0076	0.8253
KRT8	EVPL	3	0.1173	0.6743
LMNA	EVPL	3	0.0001	0.8682
ACTB	EVPL	3	0.0250	0.7727
MAPRE3	EVPL	3	0.0025	0.8479
KRT8	CORO2A	3	0.0109	0.8127
ACTB	CORO2A	3	0.9936	0.0003
KRT8	DDX17	3	0.1228	0.6691
LMNA	DDX17	3	0.2665	0.5444
ACTB	DDX17	3	0.0657	0.7209
CTNNA1	DDX17	3	0.0079	0.8242
MAPRE3	DDX17	3	0.0353	0.7559
KRT8	TANK	3	0.0305	0.7631
LMNA	TANK	3	0.0039	0.8410
ACTB	TANK	3	0.0191	0.7866
CTNNA1	TANK	3	0.0004	0.8632
MAPRE3	TANK	3	0.0071	0.8274
KRT8	APBB2	3	0.0101	0.8155
LMNA	APBB2	3	0.0006	0.8612
ACTB	APBB2	3	0.0149	0.7987
CTNNA1	APBB2	3	0.0001	0.8682
MAPRE3	APBB2	3	0.0003	0.8647
KRT8	RAD50	3	0.3185	0.4842
LMNA	RAD50	3	0.0200	0.7840
ACTB	RAD50	3	0.0123	0.8079
CTNNA1	RAD50	3	0.0002	0.8663
MAPRE3	RAD50	3	0.0029	0.8459
KRT8	CELF1	3	0.0130	0.8054
LMNA	CELF1	3	0.3359	0.4041
ACTB	CELF1	3	0.0089	0.8203
MAPRE3	CELF1	3	0.0044	0.8389
KRT8	ARHGEF1	3	0.0333	0.7586
LMNA	ARHGEF1	3	0.0110	0.8122
ACTB	ARHGEF1	3	0.0133	0.8044
MAPRE3	ARHGEF1	3	0.0001	0.8682
LMNA	ERCC4	3	0.0386	0.7510
KRT8	UFD1	3	0.0147	0.7993
LMNA	UFD1	3	0.0061	0.8316
ACTB	UFD1	3	0.1068	0.6830
MAPRE3	UFD1	3	0.0001	0.8682
KRT8	UPF1	3	0.3355	0.4049
LMNA	UPF1	3	0.1319	0.6616
ACTB	UPF1	3	0.3182	0.4850
CTNNA1	UPF1	3	0.2024	0.6013
MAPRE3	UPF1	3	0.3029	0.5053
KRT8	HPS1	3	0.3333	0.4115
KRT8	COPS5	3	0.0852	0.7021
KRT8	GATA6	3	0.3333	0.4115
LMNA	GATA6	3	1.0000	0.0000
CTNNA1	GATA6	3	0.3333	0.4115
KRT8	GPKOW	3	0.1156	0.6756
LMNA	GPKOW	3	0.3733	0.3166
ACTB	GPKOW	3	0.0884	0.6995
CTNNA1	GPKOW	3	0.0360	0.7547
MAPRE3	GPKOW	3	0.0968	0.6919
KRT8	SMARCC1	3	0.1644	0.6322
LMNA	SMARCC1	3	0.3061	0.5013
ACTB	SMARCC1	3	0.2201	0.5869
CTNNA1	SMARCC1	3	0.0308	0.7624
MAPRE3	SMARCC1	3	0.0733	0.7141
KRT8	KHSRP	3	0.0692	0.7176
LMNA	KHSRP	3	0.0828	0.7047
ACTB	KHSRP	3	0.0548	0.7320
CTNNA1	KHSRP	3	0.0048	0.8371
MAPRE3	KHSRP	3	0.0078	0.8246
KRT8	GCDH	3	0.3333	0.4115
LMNA	GCDH	3	0.6667	0.0696
CTNNA1	GCDH	3	0.3333	0.4115
ACTB	PEX13	3	0.0010	0.8573
KRT8	TNPO1	3	0.6422	0.1491
LMNA	TNPO1	3	0.0949	0.6938
ACTB	TNPO1	3	0.1780	0.6208
CTNNA1	TNPO1	3	0.0867	0.7008
MAPRE3	TNPO1	3	0.0981	0.6904
KRT8	ARHGEF2	3	0.0150	0.7983
ACTB	ARHGEF2	3	0.0060	0.8320
MAPRE3	ARHGEF2	3	0.6885	0.0536
LMNA	EMG1	3	0.0074	0.8260
KRT8	CLP1	3	0.0005	0.8621
LMNA	CLP1	3	0.0040	0.8407
ACTB	CLP1	3	0.0002	0.8663
MAPRE3	CLP1	3	0.0002	0.8663
KRT8	GLMN	3	0.4472	0.2202
LMNA	GLMN	3	0.0104	0.8144
ACTB	GLMN	3	0.3514	0.3610
CTNNA1	GLMN	3	0.0022	0.8496
MAPRE3	GLMN	3	0.0032	0.8442
KRT8	KAT5	3	0.3333	0.4115
LMNA	KAT5	3	0.0162	0.7946
LMNA	BRF1	3	1.0000	0.0000
KRT8	USP13	3	0.2743	0.5363
KRT8	DVL3	3	0.0230	0.7771
LMNA	DVL3	3	0.0008	0.8590
ACTB	DVL3	3	0.0165	0.7936
CTNNA1	DVL3	3	0.0005	0.8621
MAPRE3	DVL3	3	0.0048	0.8371
KRT8	USP9X	3	0.4625	0.2102
LMNA	USP9X	3	0.3491	0.3643
ACTB	USP9X	3	0.3367	0.4016
CTNNA1	USP9X	3	0.0796	0.7082
MAPRE3	USP9X	3	0.2449	0.5661
KRT8	USP7	3	0.1901	0.6108
LMNA	USP7	3	0.3469	0.3697
ACTB	USP7	3	0.1797	0.6190
CTNNA1	USP7	3	0.0659	0.7208
MAPRE3	USP7	3	0.1206	0.6713
KRT8	NAA80	3	0.0445	0.7438
LMNA	NAA80	3	0.0008	0.8590
ACTB	NAA80	3	0.1136	0.6771
MAPRE3	NAA80	3	0.0015	0.8537
LMNA	CUL5	3	0.3333	0.4115
KRT8	LPP	3	0.3008	0.5083
LMNA	LPP	3	0.0664	0.7202
ACTB	LPP	3	0.3333	0.4115
CTNNA1	LPP	3	0.1862	0.6135
MAPRE3	LPP	3	0.1537	0.6422
KRT8	RBPMS	3	0.0475	0.7403
LMNA	RBPMS	3	0.0016	0.8531
ACTB	RBPMS	3	0.0045	0.8384
KRT8	SECISBP2L	3	0.0215	0.7803
ACTB	SECISBP2L	3	0.0031	0.8449
MAPRE3	SECISBP2L	3	0.0062	0.8312
KRT8	MED12	3	0.0021	0.8502
LMNA	MED12	3	0.0024	0.8483
ACTB	MED12	3	0.0001	0.8682
MAPRE3	MED12	3	0.0000	0.8712
KRT8	PHKB	3	0.3775	0.3068
LMNA	PHKB	3	0.1375	0.6562
ACTB	PHKB	3	0.0096	0.8174
MAPRE3	PHKB	3	0.0016	0.8531
KRT8	GTF3C6	3	0.0112	0.8115
LMNA	GTF3C6	3	0.0273	0.7686
ACTB	GTF3C6	3	0.0147	0.7993
CTNNA1	GTF3C6	3	0.0000	0.8712
MAPRE3	GTF3C6	3	0.0008	0.8590
KRT8	HPS3	3	0.0663	0.7203
ACTB	HPS3	3	0.0062	0.8312
LMNA	SMARCE1	3	0.0016	0.8531
ACTB	SMARCE1	3	0.0003	0.8647
MAPRE3	SMARCE1	3	0.0000	0.8712
ACTB	CAVIN3	3	0.0025	0.8479
KRT8	MYDGF	3	0.3273	0.4733
LMNA	MYDGF	3	0.1515	0.6440
ACTB	MYDGF	3	0.2226	0.5844
MAPRE3	MYDGF	3	0.0087	0.8211
LMNA	ZKSCAN4	3	0.6638	0.1417
KRT8	BORCS5	3	0.0181	0.7892
KRT8	RNF34	3	0.6667	0.0696
KRT8	YIPF5	3	0.2540	0.5563
LMNA	YIPF5	3	0.4008	0.2674
ACTB	YIPF5	3	0.1677	0.6298
CTNNA1	YIPF5	3	0.0416	0.7472
MAPRE3	YIPF5	3	0.0725	0.7150
KRT8	L3MBTL2	3	0.0004	0.8632
LMNA	L3MBTL2	3	0.0325	0.7598
ACTB	L3MBTL2	3	0.0001	0.8682
MAPRE3	L3MBTL2	3	0.0020	0.8508
KRT8	ZNF622	3	0.0144	0.8004
LMNA	ZNF622	3	0.0025	0.8479
ACTB	ZNF622	3	0.0063	0.8308
MAPRE3	ZNF622	3	0.0018	0.8519
KRT8	GFM2	3	0.0048	0.8371
KRT8	PSMG2	3	0.0174	0.7910
LMNA	PSMG2	3	0.0040	0.8407
ACTB	PSMG2	3	0.0424	0.7464
KRT8	NCLN	3	0.0508	0.7365
LMNA	NCLN	3	0.0170	0.7922
ACTB	NCLN	3	0.0816	0.7062
CTNNA1	NCLN	3	0.0002	0.8663
MAPRE3	NCLN	3	0.0041	0.8402
KRT8	MUL1	3	0.6667	0.0696
KRT8	MRTFA	3	0.2067	0.5981
LMNA	MRTFA	3	0.0119	0.8091
ACTB	MRTFA	3	0.4777	0.1992
CTNNA1	MRTFA	3	0.0225	0.7780
MAPRE3	MRTFA	3	0.0666	0.7201
KRT8	ERGIC1	3	0.0254	0.7720
LMNA	ERGIC1	3	0.2986	0.5114
ACTB	ERGIC1	3	0.0243	0.7743
CTNNA1	ERGIC1	3	0.0007	0.8600
MAPRE3	ERGIC1	3	0.0219	0.7793
LMNA	UTP4	3	0.0010	0.8573
ACTB	UTP4	3	0.0052	0.8354
CTNNA1	UTP4	3	0.0006	0.8612
MAPRE3	UTP4	3	0.0002	0.8663
KRT8	TBRG4	3	0.2709	0.5398
ACTB	TBRG4	3	0.0034	0.8433
KRT8	H2BC1	3	0.1345	0.6594
LMNA	H2BC1	3	0.2931	0.5173
ACTB	H2BC1	3	0.1513	0.6443
CTNNA1	H2BC1	3	0.0263	0.7706
MAPRE3	H2BC1	3	0.0305	0.7631
KRT8	CCDC102A	3	0.0602	0.7265
LMNA	CCDC102A	3	0.0025	0.8479
ACTB	CCDC102A	3	0.0162	0.7946
CTNNA1	CCDC102A	3	0.0008	0.8590
MAPRE3	CCDC102A	3	0.0057	0.8332
KRT8	SLC35C1	3	1.0000	0.0000
LMNA	SLC35C1	3	1.0000	0.0000
MAPRE3	SLC35C1	3	0.3333	0.4115
KRT8	CCDC47	3	0.0042	0.8397
LMNA	CCDC47	3	0.4615	0.2106
ACTB	CCDC47	3	0.0028	0.8464
KRT8	SYAP1	3	0.0188	0.7873
LMNA	SYAP1	3	0.0002	0.8663
ACTB	SYAP1	3	0.0179	0.7898
CTNNA1	SYAP1	3	0.0023	0.8489
MAPRE3	SYAP1	3	0.0087	0.8211
KRT8	EXOC4	3	0.3336	0.4104
LMNA	EXOC4	3	0.0022	0.8496
ACTB	EXOC4	3	0.0340	0.7578
CTNNA1	EXOC4	3	0.0008	0.8590
MAPRE3	EXOC4	3	0.0070	0.8278
KRT8	KIAA1191	3	0.3832	0.2956
ACTB	KIAA1191	3	0.0192	0.7864
MAPRE3	KIAA1191	3	0.0232	0.7767
KRT8	ISOC2	3	0.0530	0.7340
LMNA	ISOC2	3	0.0281	0.7672
ACTB	ISOC2	3	0.0703	0.7169
CTNNA1	ISOC2	3	0.0111	0.8119
MAPRE3	ISOC2	3	0.0058	0.8327
KRT8	FERMT2	3	0.3471	0.3691
LMNA	FERMT2	3	0.1820	0.6168
ACTB	FERMT2	3	0.3079	0.4986
CTNNA1	FERMT2	3	0.1373	0.6563
MAPRE3	FERMT2	3	0.1371	0.6565
KRT8	FUBP1	3	0.1757	0.6234
LMNA	FUBP1	3	0.2900	0.5209
ACTB	FUBP1	3	0.2452	0.5656
CTNNA1	FUBP1	3	0.0610	0.7257
MAPRE3	FUBP1	3	0.1587	0.6377
MAPRE3	TTC17	3	1.0000	0.0000
KRT8	LRRC59	3	0.0646	0.7220
LMNA	LRRC59	3	0.8321	0.0177
ACTB	LRRC59	3	0.0708	0.7165
CTNNA1	LRRC59	3	0.0218	0.7795
MAPRE3	LRRC59	3	0.0341	0.7576
LMNA	PBXIP1	3	0.0121	0.8085
ACTB	PBXIP1	3	0.2920	0.5186
CTNNA1	PBXIP1	3	0.0164	0.7940
LMNA	KIAA1143	3	0.2704	0.5405
KRT8	VPS33A	3	0.0683	0.7182
ACTB	VPS33A	3	0.0036	0.8424
LMNA	EME1	3	0.0320	0.7606
ACTB	EME1	3	0.0004	0.8632
MAPRE3	EME1	3	0.0043	0.8392
ACTB	FKBP10	3	0.0001	0.8682
KRT8	TTC28	3	0.3639	0.3348
LMNA	TTC28	3	0.1953	0.6065
ACTB	TTC28	3	0.3264	0.4749
CTNNA1	TTC28	3	0.1427	0.6517
MAPRE3	TTC28	3	0.2647	0.5464
LMNA	RAD51AP1	3	0.6667	0.0696
KRT8	EXOSC8	3	1.0000	0.0000
LMNA	EXOSC8	3	0.3333	0.4115
MAPRE3	EXOSC8	3	0.3333	0.4115
KRT8	AKT1S1	3	0.1738	0.6247
LMNA	AKT1S1	3	0.0093	0.8186
ACTB	AKT1S1	3	0.1099	0.6806
MAPRE3	AKT1S1	3	0.0035	0.8429
KRT8	LDAF1	3	0.0156	0.7963
ACTB	LDAF1	3	0.0128	0.8061
CTNNA1	LDAF1	3	0.0003	0.8647
MAPRE3	LDAF1	3	0.0004	0.8632
KRT8	SH3KBP1	3	0.0087	0.8211
ACTB	SH3KBP1	3	0.0303	0.7635
MAPRE3	SH3KBP1	3	0.0014	0.8544
KRT8	CREB3L1	3	0.3333	0.4115
KRT8	PHF21A	3	0.0010	0.8573
LMNA	PHF21A	3	0.0188	0.7873
ACTB	PHF21A	3	0.0018	0.8519
MAPRE3	PHF21A	3	0.0004	0.8632
KRT8	SKA1	3	0.1249	0.6676
LMNA	SKA1	3	0.0013	0.8550
ACTB	SKA1	3	0.0403	0.7489
MAPRE3	SKA1	3	0.0638	0.7228
LMNA	NACC2	3	0.6667	0.0696
KRT8	RNF25	3	0.0167	0.7929
LMNA	RNF25	3	0.0054	0.8345
ACTB	RNF25	3	0.0803	0.7075
CTNNA1	RNF25	3	0.0000	0.8712
MAPRE3	RNF25	3	0.0116	0.8099
LMNA	PINX1	3	0.0567	0.7298
ACTB	PINX1	3	0.0003	0.8647
MAPRE3	PINX1	3	0.0003	0.8647
KRT8	OTULIN	3	0.0029	0.8459
LMNA	OTULIN	3	0.0143	0.8008
ACTB	OTULIN	3	0.0145	0.8000
CTNNA1	OTULIN	3	0.0109	0.8127
MAPRE3	OTULIN	3	0.0055	0.8342
KRT8	PPWD1	3	0.0011	0.8566
LMNA	PPWD1	3	0.3738	0.3160
LMNA	CENPT	3	0.0194	0.7859
LMNA	S100PBP	3	0.0027	0.8469
KRT8	UPRT	3	0.0044	0.8389
ACTB	UPRT	3	0.0003	0.8647
KRT8	TAMM41	3	0.0134	0.8040
LMNA	TAMM41	3	0.0007	0.8600
ACTB	TAMM41	3	0.0072	0.8270
KRT8	DOCK10	3	0.0206	0.7826
LMNA	DOCK10	3	0.0008	0.8590
ACTB	DOCK10	3	0.0144	0.8004
CTNNA1	DOCK10	3	0.0004	0.8632
MAPRE3	DOCK10	3	0.0013	0.8550
KRT8	ATG2B	3	0.0684	0.7182
LMNA	ATG2B	3	0.0013	0.8550
ACTB	ATG2B	3	0.0177	0.7904
CTNNA1	ATG2B	3	0.0004	0.8632
MAPRE3	ATG2B	3	0.0020	0.8508
LMNA	SARAF	3	0.3333	0.4115
LMNA	LENG1	3	0.3487	0.3652
KRT8	EFHD2	3	0.1444	0.6500
LMNA	EFHD2	3	0.0242	0.7746
ACTB	EFHD2	3	0.2926	0.5179
CTNNA1	EFHD2	3	0.0142	0.8012
MAPRE3	EFHD2	3	0.0382	0.7515
KRT8	SYTL4	3	0.3144	0.4900
LMNA	SYTL4	3	0.1196	0.6723
ACTB	SYTL4	3	0.3330	0.4634
CTNNA1	SYTL4	3	0.2731	0.5373
MAPRE3	SYTL4	3	0.2352	0.5738
KRT8	RUNDC1	3	0.0094	0.8181
ACTB	RUNDC1	3	0.0007	0.8600
KRT8	PYCR2	3	0.1912	0.6097
ACTB	PYCR2	3	0.0048	0.8371
LMNA	CUSTOS	3	0.3333	0.4115
CTNNA1	CUSTOS	3	0.3333	0.4115
KRT8	ENTR1	3	0.9968	0.0002
ACTB	ENTR1	3	0.0037	0.8419
LMNA	INTS12	3	0.0094	0.8181
KRT8	ISOC1	3	0.0163	0.7943
LMNA	ISOC1	3	0.0199	0.7843
ACTB	ISOC1	3	0.1132	0.6776
CTNNA1	ISOC1	3	0.0073	0.8266
MAPRE3	ISOC1	3	0.0019	0.8514
KRT8	GCC1	3	0.0099	0.8164
ACTB	GCC1	3	0.0049	0.8367
KRT8	FLYWCH2	3	0.0363	0.7542
LMNA	FLYWCH2	3	0.1909	0.6101
ACTB	FLYWCH2	3	0.0184	0.7884
CTNNA1	FLYWCH2	3	0.0125	0.8071
KRT8	GRAMD1A	3	0.0615	0.7253
LMNA	GRAMD1A	3	0.0026	0.8473
ACTB	GRAMD1A	3	0.0188	0.7873
MAPRE3	GRAMD1A	3	0.0001	0.8682
KRT8	TLCD1	3	0.0442	0.7442
LMNA	TLCD1	3	0.0036	0.8424
KRT8	HAUS1	3	1.0000	0.0000
MAPRE3	HAUS1	3	0.3333	0.4115
KRT8	FAF2	3	0.0242	0.7746
LMNA	FAF2	3	0.8226	0.0197
ACTB	FAF2	3	0.0142	0.8012
CTNNA1	FAF2	3	0.0004	0.8632
MAPRE3	FAF2	3	0.0017	0.8526
KRT8	CCDC124	3	0.0148	0.7989
ACTB	CCDC124	3	0.0210	0.7816
MAPRE3	CCDC124	3	0.0042	0.8397
KRT8	FOXRED1	3	0.0178	0.7901
ACTB	FOXRED1	3	0.0007	0.8600
KRT8	OPTN	3	0.0625	0.7243
ACTB	OPTN	3	0.0548	0.7320
KRT8	AP2M1	3	0.0000	0.8712
KRT8	TUBGCP3	3	0.3867	0.2875
LMNA	TUBGCP3	3	0.1279	0.6647
ACTB	TUBGCP3	3	0.2463	0.5643
CTNNA1	TUBGCP3	3	0.0681	0.7185
MAPRE3	TUBGCP3	3	0.1848	0.6146
KRT8	KCTD12	3	0.1540	0.6419
LMNA	KCTD12	3	0.0034	0.8433
ACTB	KCTD12	3	0.0260	0.7711
MAPRE3	KCTD12	3	0.0003	0.8647
KRT8	GPRASP2	3	0.3267	0.4744
KRT8	NMD3	3	0.0064	0.8304
KRT8	REPS1	3	0.0126	0.8068
ACTB	REPS1	3	0.0062	0.8312
MAPRE3	REPS1	3	0.0001	0.8682
ACTB	ZG16B	3	0.3333	0.4115
KRT8	ANAPC16	3	0.0079	0.8242
LMNA	ANAPC16	3	0.0021	0.8502
ACTB	ANAPC16	3	0.0036	0.8424
MAPRE3	ANAPC16	3	0.0064	0.8304
KRT8	ESS2	3	0.0082	0.8230
LMNA	ESS2	3	0.9422	0.0031
ACTB	ESS2	3	0.0050	0.8364
MAPRE3	ESS2	3	0.0043	0.8392
KRT8	CMBL	3	0.0009	0.8582
LMNA	CMBL	3	0.0098	0.8168
ACTB	CMBL	3	0.0045	0.8384
CTNNA1	CMBL	3	0.0212	0.7811
MAPRE3	CMBL	3	0.0077	0.8250
KRT8	SNRNP40	3	0.0595	0.7268
LMNA	SNRNP40	3	0.3370	0.4008
ACTB	SNRNP40	3	0.0669	0.7198
CTNNA1	SNRNP40	3	0.0062	0.8312
MAPRE3	SNRNP40	3	0.0014	0.8544
KRT8	TBC1D31	3	0.9983	0.0001
KRT8	ATG4C	3	0.0100	0.8159
ACTB	ATG4C	3	0.0020	0.8508
LMNA	ZBTB10	3	0.5546	0.1693
KRT8	ITPKC	3	0.0448	0.7434
LMNA	MTBP	3	0.3444	0.3778
LMNA	PABIR1	3	0.7391	0.0377
KRT8	MRRF	3	0.1617	0.6350
LMNA	MRRF	3	0.0779	0.7096
CTNNA1	MRRF	3	0.0065	0.8300
MAPRE3	MRRF	3	0.0079	0.8242
KRT8	SPDL1	3	0.2603	0.5507
LMNA	SPDL1	3	0.3176	0.4857
ACTB	SPDL1	3	0.1937	0.6081
CTNNA1	SPDL1	3	0.0746	0.7126
MAPRE3	SPDL1	3	0.1545	0.6414
KRT8	ELP4	3	0.0274	0.7684
LMNA	ELP4	3	0.0014	0.8544
ACTB	ELP4	3	0.0147	0.7993
CTNNA1	ELP4	3	0.0002	0.8663
MAPRE3	ELP4	3	0.0054	0.8345
KRT8	SIRT1	3	0.0021	0.8502
LMNA	SIRT1	3	0.0529	0.7342
ACTB	SIRT1	3	0.0018	0.8519
MAPRE3	SIRT1	3	0.0001	0.8682
KRT8	HOOK2	3	0.3333	0.4115
KRT8	SEH1L	3	0.2264	0.5810
LMNA	SEH1L	3	0.1181	0.6734
ACTB	SEH1L	3	0.1191	0.6726
CTNNA1	SEH1L	3	0.0173	0.7914
MAPRE3	SEH1L	3	0.0141	0.8015
KRT8	TCEAL4	3	0.0655	0.7212
LMNA	TCEAL4	3	0.3603	0.3441
ACTB	TCEAL4	3	0.0680	0.7185
CTNNA1	TCEAL4	3	0.0293	0.7654
MAPRE3	TCEAL4	3	0.0203	0.7832
KRT8	THAP11	3	0.0567	0.7298
LMNA	THAP11	3	0.1305	0.6627
KRT8	KIFBP	3	0.6597	0.1446
ACTB	KIFBP	3	0.0009	0.8582
LMNA	GNPNAT1	3	0.0123	0.8079
ACTB	GNPNAT1	3	0.0876	0.7001
CTNNA1	GNPNAT1	3	0.0019	0.8514
MAPRE3	GNPNAT1	3	0.0032	0.8442
KRT8	FAM120B	3	0.0575	0.7291
LMNA	FAM120B	3	0.0045	0.8384
ACTB	FAM120B	3	0.0207	0.7823
MAPRE3	FAM120B	3	0.0031	0.8449
KRT8	MRPS24	3	0.6667	0.0696
ACTB	MRPL53	3	0.0026	0.8473
CTNNA1	MRPL53	3	0.0233	0.7765
MAPRE3	MRPL53	3	0.0004	0.8632
KRT8	MOCOS	3	0.0079	0.8242
LMNA	MOCOS	3	0.0007	0.8600
ACTB	MOCOS	3	0.0056	0.8337
KRT8	RNF31	3	0.0073	0.8266
MAPRE3	RNF31	3	0.0624	0.7243
KRT8	DAZAP1	3	0.0831	0.7042
LMNA	DAZAP1	3	0.0269	0.7694
ACTB	DAZAP1	3	0.0797	0.7082
CTNNA1	DAZAP1	3	0.0078	0.8246
MAPRE3	DAZAP1	3	0.0113	0.8111
KRT8	MFSD3	3	1.0000	0.0000
LMNA	MFSD3	3	0.3333	0.4115
LMNA	RRP36	3	0.3182	0.4850
KRT8	RBM33	3	0.0001	0.8682
LMNA	RBM33	3	0.0611	0.7257
MAPRE3	RBM33	3	0.1097	0.6808
KRT8	DYNC2I2	3	0.0148	0.7989
LMNA	DYNC2I2	3	0.0034	0.8433
ACTB	DYNC2I2	3	0.0098	0.8168
MAPRE3	DYNC2I2	3	0.0003	0.8647
KRT8	TMA16	3	0.6609	0.1438
KRT8	MVB12A	3	0.0080	0.8239
LMNA	MVB12A	3	0.0038	0.8415
ACTB	MVB12A	3	0.0171	0.7919
CTNNA1	MVB12A	3	0.0001	0.8682
MAPRE3	MVB12A	3	0.0020	0.8508
KRT8	PTCD3	3	0.9723	0.0013
LMNA	PTCD3	3	0.2329	0.5758
ACTB	PTCD3	3	0.3990	0.2694
MAPRE3	PTCD3	3	0.0635	0.7231
LMNA	MCRS1	3	0.0134	0.8040
KRT8	CYFIP2	3	0.2168	0.5892
ACTB	CYFIP2	3	0.1623	0.6343
CTNNA1	CYFIP2	3	0.0039	0.8410
MAPRE3	CYFIP2	3	0.0000	0.8712
KRT8	NRBF2	3	0.6667	0.0696
LMNA	ZNF503	3	0.1315	0.6619
LMNA	CCDC97	3	0.0631	0.7236
KRT8	EDC3	3	0.3852	0.2917
LMNA	EDC3	3	0.2562	0.5545
ACTB	EDC3	3	0.3425	0.3829
CTNNA1	EDC3	3	0.1510	0.6446
MAPRE3	EDC3	3	0.2943	0.5159
KRT8	DDX11	3	0.0050	0.8364
LMNA	DDX11	3	0.0398	0.7496
ACTB	DDX11	3	0.0022	0.8496
MAPRE3	DDX11	3	0.0006	0.8612
KRT8	CDCA5	3	0.0002	0.8663
LMNA	CDCA5	3	0.0333	0.7586
ACTB	CDCA5	3	0.0008	0.8590
MAPRE3	CDCA5	3	0.0006	0.8612
KRT8	STAMBPL1	3	0.3673	0.3289
LMNA	STAMBPL1	3	0.3020	0.5066
ACTB	STAMBPL1	3	0.3566	0.3498
CTNNA1	STAMBPL1	3	0.1081	0.6821
MAPRE3	STAMBPL1	3	0.2546	0.5556
KRT8	S100A16	3	0.2793	0.5312
LMNA	S100A16	3	0.0361	0.7545
ACTB	S100A16	3	0.2948	0.5154
CTNNA1	S100A16	3	0.0503	0.7370
MAPRE3	S100A16	3	0.1105	0.6798
KRT8	SIPA1	3	0.0226	0.7778
LMNA	SIPA1	3	0.0002	0.8663
ACTB	SIPA1	3	0.3002	0.5088
CTNNA1	SIPA1	3	0.0020	0.8508
MAPRE3	SIPA1	3	0.0043	0.8392
LMNA	THOC1	3	0.0016	0.8531
KRT8	OTUB1	3	0.0396	0.7499
LMNA	OTUB1	3	0.0180	0.7895
ACTB	OTUB1	3	0.0185	0.7881
CTNNA1	OTUB1	3	0.0106	0.8138
MAPRE3	OTUB1	3	0.0051	0.8359
KRT8	HMCES	3	0.0009	0.8582
LMNA	HMCES	3	0.1867	0.6128
ACTB	HMCES	3	0.0030	0.8454
KRT8	BICD1	3	0.2160	0.5897
LMNA	BICD1	3	0.0008	0.8590
ACTB	BICD1	3	0.0269	0.7694
CTNNA1	BICD1	3	0.0001	0.8682
MAPRE3	BICD1	3	0.0074	0.8260
LMNA	CERS2	3	0.8811	0.0093
LMNA	MED8	3	0.0048	0.8371
LMNA	DUS3L	3	0.0714	0.7160
CTNNA1	DUS3L	3	0.0275	0.7681
LMNA	OTUD5	3	0.3295	0.4704
CTNNA1	BSCL2	3	0.3333	0.4115
KRT8	LTV1	3	0.0774	0.7102
ACTB	LTV1	3	0.0064	0.8304
MAPRE3	LTV1	3	0.0005	0.8621
KRT8	MRPL48	3	1.0000	0.0000
KRT8	AURKB	3	0.0510	0.7362
LMNA	AURKB	3	0.1060	0.6839
ACTB	AURKB	3	0.0110	0.8122
CTNNA1	AURKB	3	0.0000	0.8712
MAPRE3	AURKB	3	0.0243	0.7743
KRT8	CEP95	3	0.4008	0.2674
LMNA	CEP95	3	0.0019	0.8514
ACTB	CEP95	3	0.0183	0.7886
MAPRE3	CEP95	3	0.0024	0.8483
KRT8	DCUN1D1	3	0.0020	0.8508
ACTB	DCUN1D1	3	0.0024	0.8483
KRT8	TRMT2B	3	1.0000	0.0000
KRT8	TOE1	3	0.1865	0.6129
LMNA	TOE1	3	0.2131	0.5922
ACTB	TOE1	3	0.1508	0.6449
CTNNA1	TOE1	3	0.0100	0.8159
MAPRE3	TOE1	3	0.0198	0.7847
LMNA	CDCA7L	3	0.0081	0.8234
KRT8	RUSF1	3	0.3333	0.4115
LMNA	RUSF1	3	1.0000	0.0000
KRT8	DDX27	3	0.0026	0.8473
LMNA	DDX27	3	0.0009	0.8582
ACTB	DDX27	3	0.0029	0.8459
KRT8	BORCS6	3	0.0071	0.8274
KRT8	ATXN7L3B	3	0.1434	0.6510
LMNA	ATXN7L3B	3	0.0066	0.8297
MAPRE3	ATXN7L3B	3	0.3234	0.4787
KRT8	MASTL	3	0.0030	0.8454
LMNA	MASTL	3	0.1186	0.6729
ACTB	MASTL	3	0.0020	0.8508
MAPRE3	MASTL	3	0.0014	0.8544
MAPRE3	ZC2HC1A	3	1.0000	0.0000
KRT8	SNF8	3	0.0490	0.7384
LMNA	SNF8	3	0.0038	0.8415
ACTB	SNF8	3	0.0103	0.8147
CTNNA1	SNF8	3	0.0001	0.8682
MAPRE3	SNF8	3	0.0008	0.8590
LMNA	RBM18	3	0.6667	0.0696
KRT8	MYO19	3	0.0195	0.7855
LMNA	MYO19	3	0.0005	0.8621
ACTB	MYO19	3	0.0220	0.7790
CTNNA1	MYO19	3	0.0004	0.8632
MAPRE3	MYO19	3	0.0023	0.8489
KRT8	POM121	3	0.0083	0.8228
LMNA	POM121	3	0.9093	0.0063
ACTB	POM121	3	0.0073	0.8266
MAPRE3	POM121	3	0.0014	0.8544
KRT8	TONSL	3	0.0025	0.8479
LMNA	TONSL	3	0.5912	0.1595
KRT8	CCDC120	3	0.6667	0.0696
KRT8	PDLIM5	3	0.2870	0.5242
LMNA	PDLIM5	3	0.0919	0.6964
ACTB	PDLIM5	3	0.3558	0.3518
CTNNA1	PDLIM5	3	0.1014	0.6875
MAPRE3	PDLIM5	3	0.1645	0.6320
KRT8	ERO1A	3	0.0224	0.7783
LMNA	ERO1A	3	0.0244	0.7741
ACTB	ERO1A	3	0.0357	0.7553
CTNNA1	ERO1A	3	0.0109	0.8127
MAPRE3	ERO1A	3	0.0037	0.8419
KRT8	PRR11	3	0.0115	0.8103
LMNA	PRR11	3	0.0032	0.8442
ACTB	PRR11	3	0.8362	0.0157
MAPRE3	PRR11	3	0.0082	0.8230
KRT8	GRAMD2B	3	0.0049	0.8367
ACTB	GRAMD2B	3	0.0025	0.8479
CTNNA1	GRAMD2B	3	0.0001	0.8682
MAPRE3	GRAMD2B	3	0.0010	0.8573
KRT8	CCDC34	3	0.0193	0.7862
LMNA	CCDC34	3	0.0198	0.7847
ACTB	CCDC34	3	0.0144	0.8004
MAPRE3	CCDC34	3	0.0084	0.8224
KRT8	DOCK6	3	0.0236	0.7760
ACTB	DOCK6	3	0.0090	0.8199
MAPRE3	DOCK6	3	0.0030	0.8454
LMNA	MED30	3	0.0009	0.8582
KRT8	NAF1	3	0.0440	0.7445
LMNA	NAF1	3	0.1129	0.6780
ACTB	NAF1	3	0.0049	0.8367
KRT8	PGAM5	3	0.2206	0.5864
LMNA	PGAM5	3	0.2533	0.5572
ACTB	PGAM5	3	0.1918	0.6093
CTNNA1	PGAM5	3	0.0375	0.7526
MAPRE3	PGAM5	3	0.1219	0.6698
KRT8	SGSM3	3	0.0657	0.7209
LMNA	SGSM3	3	0.0104	0.8144
ACTB	SGSM3	3	0.0169	0.7924
CTNNA1	SGSM3	3	0.0001	0.8682
MAPRE3	SGSM3	3	0.0021	0.8502
KRT8	INTS4	3	0.0108	0.8130
LMNA	INTS4	3	0.0762	0.7113
ACTB	INTS4	3	0.0001	0.8682
CTNNA1	DDRGK1	3	0.3333	0.4115
KRT8	FUBP3	3	0.3256	0.4763
LMNA	FUBP3	3	0.1352	0.6585
ACTB	FUBP3	3	0.2187	0.5877
CTNNA1	FUBP3	3	0.0764	0.7111
MAPRE3	FUBP3	3	0.1527	0.6432
KRT8	RBM17	3	0.0973	0.6915
LMNA	RBM17	3	0.3097	0.4962
ACTB	RBM17	3	0.1307	0.6626
MAPRE3	RBM17	3	0.1190	0.6727
KRT8	SUCLG2	3	0.3688	0.3249
LMNA	SUCLG2	3	0.0426	0.7461
ACTB	SUCLG2	3	0.0946	0.6940
CTNNA1	SUCLG2	3	0.0201	0.7837
MAPRE3	SUCLG2	3	0.0182	0.7889
KRT8	AJUBA	3	1.0000	0.0000
ACTB	AJUBA	3	0.3333	0.4115
LMNA	FBXL20	3	1.0000	0.0000
KRT8	LRCH3	3	0.0368	0.7533
LMNA	LRCH3	3	0.0012	0.8558
ACTB	LRCH3	3	0.0345	0.7570
CTNNA1	LRCH3	3	0.0030	0.8454
MAPRE3	LRCH3	3	0.0160	0.7952
KRT8	GMPPA	3	0.0044	0.8389
LMNA	GMPPA	3	0.0105	0.8141
ACTB	GMPPA	3	0.0544	0.7325
CTNNA1	GMPPA	3	0.0058	0.8327
LMNA	GMCL1	3	1.0000	0.0000
KRT8	TENT5A	3	0.3333	0.4115
LMNA	TENT5A	3	0.3333	0.4115
KRT8	HPDL	3	0.3333	0.4115
ACTB	HPDL	3	0.6667	0.0696
KRT8	ZBED3	3	0.3333	0.4115
ACTB	ZBED3	3	0.3333	0.4115
KRT8	ABHD14B	3	0.0042	0.8397
ACTB	ABHD14B	3	0.0039	0.8410
KRT8	ATP5MK	3	0.0146	0.7997
LMNA	ATP5MK	3	0.0078	0.8246
ACTB	ATP5MK	3	0.0086	0.8215
CTNNA1	ATP5MK	3	0.0002	0.8663
MAPRE3	ATP5MK	3	0.0024	0.8483
LMNA	NSL1	3	0.0037	0.8419
KRT8	PAWR	3	0.6691	0.0651
LMNA	PAWR	3	0.0157	0.7961
ACTB	PAWR	3	1.0000	0.0000
MAPRE3	PAWR	3	0.5626	0.1667
KRT8	RBM41	3	0.0158	0.7958
LMNA	RBM41	3	0.1802	0.6186
ACTB	RBM41	3	0.0010	0.8573
MAPRE3	RBM41	3	0.0077	0.8250
KRT8	THOC3	3	0.0291	0.7657
LMNA	THOC3	3	0.0142	0.8012
ACTB	THOC3	3	0.0281	0.7672
CTNNA1	THOC3	3	0.0128	0.8061
MAPRE3	THOC3	3	0.0051	0.8359
KRT8	ITCH	3	0.3365	0.4023
LMNA	ITCH	3	0.0007	0.8600
ACTB	ITCH	3	0.0085	0.8220
KRT8	KIRREL1	3	0.0070	0.8278
LMNA	KIRREL1	3	0.0159	0.7955
ACTB	KIRREL1	3	0.0032	0.8442
CTNNA1	KIRREL1	3	0.0032	0.8442
LMNA	DNAH8	3	0.3333	0.4115
KRT8	COG3	3	0.2107	0.5943
LMNA	COG3	3	0.0021	0.8502
ACTB	COG3	3	0.1730	0.6254
ACTB	CDK5RAP3	3	0.0001	0.8682
KRT8	VPS39	3	0.0050	0.8364
LMNA	VPS39	3	0.0000	0.8712
ACTB	VPS39	3	0.0140	0.8018
MAPRE3	VPS39	3	0.0004	0.8632
KRT8	VPS50	3	0.3339	0.4091
ACTB	VPS50	3	0.2455	0.5651
MAPRE3	VPS50	3	0.1950	0.6068
KRT8	VCPIP1	3	0.0196	0.7852
LMNA	VCPIP1	3	0.0020	0.8508
ACTB	VCPIP1	3	0.0202	0.7835
CTNNA1	VCPIP1	3	0.0000	0.8712
MAPRE3	VCPIP1	3	0.0007	0.8600
KRT8	SPG11	3	0.0951	0.6935
LMNA	SPG11	3	0.0003	0.8647
ACTB	SPG11	3	0.0081	0.8234
CTNNA1	SPG11	3	0.0001	0.8682
MAPRE3	SPG11	3	0.0009	0.8582
KRT8	ELMO2	3	0.0132	0.8047
LMNA	ELMO2	3	0.0000	0.8712
ACTB	ELMO2	3	0.0067	0.8294
LMNA	TMX3	3	0.3333	0.4115
LMNA	ZNF462	3	0.0260	0.7711
MAPRE3	ZNF462	3	0.0001	0.8682
KRT8	CHAMP1	3	0.0960	0.6926
LMNA	CHAMP1	3	0.2709	0.5398
ACTB	CHAMP1	3	0.1452	0.6492
CTNNA1	CHAMP1	3	0.0222	0.7786
MAPRE3	CHAMP1	3	0.0972	0.6916
LMNA	L3MBTL3	3	0.0062	0.8312
LMNA	LCOR	3	0.0112	0.8115
KRT8	ZFP91	3	0.0001	0.8682
LMNA	ZFP91	3	0.0163	0.7943
ACTB	ZFP91	3	0.0008	0.8590
MAPRE3	ZFP91	3	0.0003	0.8647
KRT8	CLMN	3	0.4761	0.2008
ACTB	CLMN	3	0.0189	0.7871
CTNNA1	CLMN	3	0.0029	0.8459
MAPRE3	CLMN	3	0.0004	0.8632
KRT8	SLC35E1	3	0.0714	0.7160
ACTB	SLC35E1	3	0.3164	0.4870
KRT8	USP47	3	0.4760	0.2012
LMNA	USP47	3	0.0022	0.8496
ACTB	USP47	3	0.0146	0.7997
CTNNA1	USP47	3	0.0008	0.8590
MAPRE3	USP47	3	0.0023	0.8489
KRT8	CLPTM1L	3	0.1101	0.6804
LMNA	CLPTM1L	3	0.0418	0.7471
ACTB	CLPTM1L	3	0.0297	0.7646
CTNNA1	CLPTM1L	3	0.0006	0.8612
MAPRE3	CLPTM1L	3	0.0061	0.8316
KRT8	PBK	3	0.2044	0.6000
LMNA	PBK	3	0.0082	0.8230
ACTB	PBK	3	0.2026	0.6010
MAPRE3	PBK	3	0.0077	0.8250
LMNA	DNAJC1	3	1.0000	0.0000
KRT8	SCYL1	3	0.0114	0.8107
LMNA	SCYL1	3	0.0062	0.8312
ACTB	SCYL1	3	0.0093	0.8186
CTNNA1	SCYL1	3	0.0000	0.8712
MAPRE3	SCYL1	3	0.0007	0.8600
LMNA	ZNF512B	3	0.0221	0.7787
MAPRE3	ZNF512B	3	0.0154	0.7970
KRT8	EXOC2	3	0.0087	0.8211
LMNA	EXOC2	3	0.0000	0.8712
ACTB	EXOC2	3	0.0085	0.8220
CTNNA1	EXOC2	3	0.0002	0.8663
MAPRE3	EXOC2	3	0.0003	0.8647
KRT8	CNDP2	3	0.0309	0.7623
LMNA	CNDP2	3	0.0015	0.8537
ACTB	CNDP2	3	0.0117	0.8097
CTNNA1	CNDP2	3	0.0001	0.8682
MAPRE3	CNDP2	3	0.0002	0.8663
LMNA	EHMT2	3	0.0133	0.8044
MAPRE3	EHMT2	3	0.0010	0.8573
KRT8	ZFR	3	0.1033	0.6862
LMNA	ZFR	3	0.1384	0.6553
ACTB	ZFR	3	0.0964	0.6922
CTNNA1	ZFR	3	0.0300	0.7640
MAPRE3	ZFR	3	0.0318	0.7610
LMNA	FAM210B	3	0.0025	0.8479
CTNNA1	FAM210B	3	0.0043	0.8392
KRT8	WDR90	3	0.9980	0.0001
MAPRE3	WDR90	3	0.3411	0.3895
ACTB	CAPNS2	3	0.3333	0.4115
KRT8	LRR1	3	0.0001	0.8682
LMNA	LRR1	3	0.0013	0.8550
KRT8	B3GALT6	3	0.3333	0.4115
KRT8	NSD1	3	0.0002	0.8663
LMNA	NSD1	3	0.0125	0.8071
ACTB	NSD1	3	0.0010	0.8573
MAPRE3	NSD1	3	0.0006	0.8612
KRT8	EP400	3	0.0005	0.8621
LMNA	EP400	3	0.0002	0.8663
ACTB	EP400	3	0.0051	0.8359
MAPRE3	EP400	3	0.0001	0.8682
LMNA	SNX27	3	0.0034	0.8433
ACTB	SNX27	3	0.0310	0.7621
CTNNA1	SNX27	3	0.0046	0.8380
MAPRE3	SNX27	3	0.0277	0.7678
KRT8	KIF16B	3	0.0059	0.8324
LMNA	KIF16B	3	0.0096	0.8174
ACTB	KIF16B	3	0.0100	0.8159
CTNNA1	KIF16B	3	0.0000	0.8712
MAPRE3	KIF16B	3	0.0008	0.8590
KRT8	IFT74	3	0.1255	0.6671
LMNA	IFT74	3	0.0110	0.8122
ACTB	IFT74	3	0.0547	0.7321
MAPRE3	IFT74	3	0.3258	0.4757
KRT8	TRIM47	3	0.1034	0.6860
KRT8	CNOT6L	3	0.0673	0.7196
LMNA	CNOT6L	3	0.0002	0.8663
ACTB	CNOT6L	3	0.0216	0.7801
CTNNA1	CNOT6L	3	0.0001	0.8682
MAPRE3	CNOT6L	3	0.0038	0.8415
LMNA	DHRS1	3	0.3333	0.4115
CTNNA1	DNAJC30	3	0.0057	0.8332
KRT8	C9orf72	3	0.0078	0.8246
ACTB	C9orf72	3	0.0144	0.8004
LMNA	RNPC3	3	0.3333	0.4115
LMNA	ZSCAN31	3	1.0000	0.0000
KRT8	PRRC1	3	0.3346	0.4070
LMNA	PRRC1	3	0.2271	0.5802
ACTB	PRRC1	3	0.3282	0.4723
CTNNA1	PRRC1	3	0.0950	0.6936
MAPRE3	PRRC1	3	0.2175	0.5887
KRT8	CCDC138	3	0.4712	0.2036
ACTB	CCDC138	3	0.0190	0.7868
MAPRE3	CCDC138	3	0.0045	0.8384
KRT8	FGD4	3	0.0133	0.8044
ACTB	FGD4	3	0.4466	0.2210
MAPRE3	FGD4	3	0.0002	0.8663
KRT8	FBXL18	3	0.0152	0.7977
LMNA	FBXL18	3	0.0024	0.8483
ACTB	FBXL18	3	0.0042	0.8397
CTNNA1	FBXL18	3	0.0001	0.8682
LMNA	ZNF512	3	0.7490	0.0340
KRT8	NSMCE2	3	0.2747	0.5358
LMNA	NSMCE2	3	0.1932	0.6084
ACTB	NSMCE2	3	0.1964	0.6056
CTNNA1	NSMCE2	3	0.0098	0.8168
MAPRE3	NSMCE2	3	0.0339	0.7580
KRT8	C5orf34	3	0.8692	0.0113
LMNA	TCEANC2	3	1.0000	0.0000
KRT8	YTHDC1	3	0.0032	0.8442
LMNA	YTHDC1	3	0.0144	0.8004
KRT8	CCDC43	3	0.0105	0.8141
ACTB	CCDC43	3	0.0089	0.8203
CTNNA1	CCDC43	3	0.0000	0.8712
MAPRE3	CCDC43	3	0.0003	0.8647
ACTB	COG8	3	0.0000	0.8712
LMNA	INTS15	3	0.0017	0.8526
KRT8	TTC14	3	0.0005	0.8621
LMNA	TTC14	3	0.0169	0.7924
KRT8	MBOAT7	3	0.0217	0.7797
LMNA	MBOAT7	3	0.9450	0.0026
ACTB	MBOAT7	3	0.0211	0.7813
CTNNA1	MBOAT7	3	0.0015	0.8537
MAPRE3	MBOAT7	3	0.0046	0.8380
KRT8	DOCK7	3	0.3767	0.3093
LMNA	DOCK7	3	0.1642	0.6323
ACTB	DOCK7	3	0.3413	0.3890
CTNNA1	DOCK7	3	0.1561	0.6397
MAPRE3	DOCK7	3	0.2858	0.5247
LMNA	ZNF830	3	0.0187	0.7876
LMNA	ZMAT2	3	0.3776	0.3065
KRT8	FRMD6	3	0.0122	0.8082
LMNA	FRMD6	3	0.0057	0.8332
ACTB	FRMD6	3	0.0005	0.8621
CTNNA1	FRMD6	3	0.0021	0.8502
MAPRE3	FRMD6	3	0.0005	0.8621
KRT8	SCLT1	3	0.4126	0.2521
ACTB	SCLT1	3	0.0120	0.8088
MAPRE3	SCLT1	3	0.0035	0.8429
KRT8	ANKRD27	3	0.3331	0.4628
ACTB	ANKRD27	3	0.3397	0.3931
ACTB	LRRC7	3	0.0103	0.8147
CTNNA1	LRRC7	3	0.0123	0.8079
MAPRE3	LRRC7	3	0.0000	0.8712
KRT8	MUS81	3	0.0005	0.8621
LMNA	MUS81	3	0.1245	0.6678
ACTB	MUS81	3	0.0018	0.8519
MAPRE3	MUS81	3	0.0030	0.8454
LMNA	NSUN5	3	0.0227	0.7776
ACTB	NSUN5	3	0.0204	0.7829
KRT8	AGAP3	3	0.0176	0.7907
LMNA	AGAP3	3	0.0031	0.8449
ACTB	AGAP3	3	0.0084	0.8224
CTNNA1	AGAP3	3	0.0000	0.8712
MAPRE3	AGAP3	3	0.0008	0.8590
KRT8	ARAP1	3	0.0227	0.7776
LMNA	ARAP1	3	0.0024	0.8483
ACTB	ARAP1	3	0.0205	0.7827
CTNNA1	ARAP1	3	0.0002	0.8663
MAPRE3	ARAP1	3	0.0013	0.8550
LMNA	SERPINB12	3	0.1761	0.6229
ACTB	SERPINB12	3	0.2437	0.5669
CTNNA1	SERPINB12	3	0.0152	0.7977
MAPRE3	SERPINB12	3	0.0237	0.7758
KRT8	IPO9	3	0.4725	0.2028
LMNA	IPO9	3	0.2201	0.5869
ACTB	IPO9	3	0.3257	0.4760
CTNNA1	IPO9	3	0.2478	0.5629
MAPRE3	IPO9	3	0.2286	0.5791
KRT8	ARHGEF17	3	0.2240	0.5829
ACTB	ARHGEF17	3	0.0437	0.7448
CTNNA1	ARHGEF17	3	0.0005	0.8621
MAPRE3	ARHGEF17	3	0.0084	0.8224
KRT8	RBM14	3	0.2994	0.5099
LMNA	RBM14	3	0.2557	0.5549
ACTB	RBM14	3	0.2045	0.5998
CTNNA1	RBM14	3	0.0438	0.7448
MAPRE3	RBM14	3	0.2086	0.5966
KRT8	TRERF1	3	0.0015	0.8537
LMNA	TRERF1	3	0.0878	0.6999
LMNA	ZNF317	3	0.0031	0.8449
KRT8	KLHL5	3	0.0443	0.7441
LMNA	KLHL5	3	0.0012	0.8558
ACTB	KLHL5	3	0.0077	0.8250
LMNA	UHRF2	3	0.3551	0.3523
KRT8	NEDD4L	3	0.0044	0.8389
LMNA	NEDD4L	3	0.0002	0.8663
ACTB	NEDD4L	3	0.0086	0.8215
MAPRE3	NEDD4L	3	0.0006	0.8612
KRT8	QKI	3	0.0182	0.7889
LMNA	QKI	3	0.0281	0.7672
ACTB	QKI	3	0.0108	0.8130
MAPRE3	QKI	3	0.0072	0.8270
KRT8	LENG8	3	0.0005	0.8621
LMNA	LENG8	3	0.0102	0.8152
ACTB	LENG8	3	0.0003	0.8647
MAPRE3	LENG8	3	0.0000	0.8712
KRT8	FAM193B	3	0.0129	0.8057
KRT8	FMNL2	3	0.0045	0.8384
ACTB	FMNL2	3	0.9999	0.0000
CTNNA1	FMNL2	3	0.0034	0.8433
KRT8	NEK1	3	0.1650	0.6317
LMNA	NEK1	3	0.0004	0.8632
ACTB	NEK1	3	0.0163	0.7943
CTNNA1	NEK1	3	0.0008	0.8590
MAPRE3	NEK1	3	0.0351	0.7562
KRT8	PUS7	3	0.0647	0.7219
LMNA	PUS7	3	0.2634	0.5480
ACTB	PUS7	3	0.0447	0.7436
CTNNA1	PUS7	3	0.0085	0.8220
MAPRE3	PUS7	3	0.0165	0.7936
KRT8	TRAPPC9	3	0.0129	0.8057
LMNA	TRAPPC9	3	0.0002	0.8663
ACTB	TRAPPC9	3	0.0122	0.8082
MAPRE3	TRAPPC9	3	0.0009	0.8582
KRT8	TRNT1	3	0.3333	0.4115
CTNNA1	TRNT1	3	0.3333	0.4115
KRT8	SMG1	3	0.0012	0.8558
ACTB	SMG1	3	0.0012	0.8558
KRT8	ALKBH3	3	0.0641	0.7225
LMNA	ALKBH3	3	0.0064	0.8304
ACTB	ALKBH3	3	0.0092	0.8190
KRT8	KIF20B	3	0.0254	0.7720
LMNA	KIF20B	3	0.0006	0.8612
ACTB	KIF20B	3	0.0081	0.8234
MAPRE3	KIF20B	3	0.0019	0.8514
LMNA	GSDMA	3	0.0014	0.8544
ACTB	GSDMA	3	0.0023	0.8489
MAPRE3	GSDMA	3	0.0001	0.8682
KRT8	PPP1R10	3	0.0007	0.8600
LMNA	PPP1R10	3	0.0047	0.8376
ACTB	PPP1R10	3	0.0021	0.8502
MAPRE3	PPP1R10	3	0.0000	0.8712
KRT8	DEPDC7	3	0.3602	0.3443
LMNA	DEPDC7	3	0.3036	0.5044
ACTB	DEPDC7	3	0.3379	0.3986
CTNNA1	DEPDC7	3	0.2877	0.5236
MAPRE3	DEPDC7	3	0.2662	0.5447
KRT8	SLC38A2	3	0.0016	0.8531
LMNA	SLC38A2	3	0.0145	0.8000
ACTB	SLC38A2	3	0.0030	0.8454
CTNNA1	SLC38A2	3	0.0001	0.8682
MAPRE3	SLC38A2	3	0.0000	0.8712
KRT8	ATAD5	3	0.0000	0.8712
LMNA	ATAD5	3	0.0100	0.8159
ACTB	ATAD5	3	0.0007	0.8600
MAPRE3	ATAD5	3	0.0008	0.8590
MAPRE3	MTMR9	3	0.3333	0.4115
KRT8	VPS35	3	0.0100	0.8159
LMNA	VPS35	3	0.0054	0.8345
ACTB	VPS35	3	0.0360	0.7547
CTNNA1	VPS35	3	0.0000	0.8712
MAPRE3	VPS35	3	0.0068	0.8289
KRT8	TRPM7	3	0.0030	0.8454
LMNA	TRPM7	3	0.0002	0.8663
ACTB	TRPM7	3	0.0064	0.8304
MAPRE3	TRPM7	3	0.0001	0.8682
LMNA	PHF12	3	0.0107	0.8132
KRT8	XPO6	3	0.6554	0.1458
LMNA	XPO6	3	0.3529	0.3569
ACTB	XPO6	3	0.0259	0.7713
MAPRE3	XPO6	3	0.0011	0.8566
KRT8	SPAG5	3	0.3463	0.3717
LMNA	SPAG5	3	0.1269	0.6658
ACTB	SPAG5	3	0.2758	0.5345
CTNNA1	SPAG5	3	0.1448	0.6496
MAPRE3	SPAG5	3	0.3565	0.3502
KRT8	NACC1	3	0.0037	0.8419
LMNA	NACC1	3	0.0851	0.7022
ACTB	NACC1	3	0.0022	0.8496
CTNNA1	NACC1	3	0.0000	0.8712
MAPRE3	NACC1	3	0.0007	0.8600
KRT8	SNX18	3	0.0743	0.7130
ACTB	SNX18	3	0.0960	0.6926
KRT8	PASK	3	0.0633	0.7232
ACTB	PASK	3	0.0057	0.8332
MAPRE3	PASK	3	0.0000	0.8712
KRT8	CIC	3	0.0003	0.8647
LMNA	CIC	3	0.0046	0.8380
ACTB	CIC	3	0.0000	0.8712
MAPRE3	CIC	3	0.0001	0.8682
LMNA	UIMC1	3	0.0413	0.7476
KRT8	VPS13A	3	0.0182	0.7889
LMNA	VPS13A	3	0.0017	0.8526
ACTB	VPS13A	3	0.0058	0.8327
MAPRE3	VPS13A	3	0.0002	0.8663
KRT8	MED15	3	0.2631	0.5483
LMNA	MED15	3	0.2947	0.5155
ACTB	MED15	3	0.2005	0.6028
CTNNA1	MED15	3	0.0677	0.7189
MAPRE3	MED15	3	0.1647	0.6319
KRT8	GFM1	3	0.3561	0.3509
LMNA	GFM1	3	0.0659	0.7208
ACTB	GFM1	3	0.0656	0.7211
CTNNA1	GFM1	3	0.0057	0.8332
MAPRE3	GFM1	3	0.0066	0.8297
KRT8	MCCC1	3	0.0126	0.8068
LMNA	MCCC1	3	0.0124	0.8074
ACTB	MCCC1	3	0.0095	0.8177
CTNNA1	MCCC1	3	0.0118	0.8094
MAPRE3	MCCC1	3	0.0032	0.8442
KRT8	TWNK	3	0.6667	0.0696
KRT8	TGS1	3	0.0183	0.7886
LMNA	TGS1	3	0.0087	0.8211
ACTB	TGS1	3	0.0073	0.8266
CTNNA1	TGS1	3	0.0000	0.8712
MAPRE3	TGS1	3	0.0002	0.8663
KRT8	NUDCD1	3	0.1977	0.6046
LMNA	NUDCD1	3	0.3163	0.4872
ACTB	NUDCD1	3	0.1271	0.6657
CTNNA1	NUDCD1	3	0.0751	0.7122
MAPRE3	NUDCD1	3	0.0202	0.7835
KRT8	ERBIN	3	0.3127	0.4924
LMNA	ERBIN	3	0.0768	0.7107
ACTB	ERBIN	3	0.3085	0.4978
CTNNA1	ERBIN	3	0.3403	0.3920
MAPRE3	ERBIN	3	0.2291	0.5787
KRT8	TUBGCP6	3	0.2475	0.5632
ACTB	TUBGCP6	3	0.0296	0.7648
KRT8	TUBGCP5	3	0.9438	0.0028
ACTB	TUBGCP5	3	0.5268	0.1765
KRT8	USP28	3	0.1640	0.6326
LMNA	USP28	3	0.0056	0.8337
ACTB	USP28	3	0.0006	0.8612
KRT8	FNBP1	3	0.0005	0.8621
ACTB	FNBP1	3	0.0453	0.7428
MAPRE3	FNBP1	3	0.0014	0.8544
LMNA	CRAMP1	3	0.0095	0.8177
KRT8	IFT140	3	0.0975	0.6912
ACTB	IFT140	3	0.0037	0.8419
MAPRE3	IFT140	3	0.0006	0.8612
KRT8	WDR24	3	0.0321	0.7605
ACTB	WDR24	3	0.0185	0.7881
MAPRE3	WDR24	3	0.0005	0.8621
KRT8	RPS6KC1	3	0.0044	0.8389
ACTB	RPS6KC1	3	0.0005	0.8621
LMNA	PIGS	3	0.0672	0.7196
CTNNA1	PIGS	3	0.0581	0.7282
KRT8	WRNIP1	3	0.1505	0.6451
LMNA	WRNIP1	3	0.4067	0.2611
ACTB	WRNIP1	3	0.1587	0.6377
MAPRE3	WRNIP1	3	0.1006	0.6883
KRT8	RANBP9	3	0.0005	0.8621
LMNA	RANBP9	3	0.0004	0.8632
ACTB	RANBP9	3	0.0114	0.8107
LMNA	CLCC1	3	0.0200	0.7840
ACTB	CLCC1	3	0.1029	0.6866
CTNNA1	CLCC1	3	0.0189	0.7871
MAPRE3	CLCC1	3	0.1092	0.6814
KRT8	LYSMD1	3	0.3333	0.4115
MAPRE3	LYSMD1	3	0.6667	0.0696
KRT8	PPP1R9B	3	0.0132	0.8047
ACTB	PPP1R9B	3	0.6121	0.1551
MAPRE3	PPP1R9B	3	0.0003	0.8647
KRT8	SRPK1	3	0.1412	0.6531
LMNA	SRPK1	3	0.0028	0.8464
ACTB	SRPK1	3	0.0058	0.8327
CTNNA1	SRPK1	3	0.0001	0.8682
KRT8	SMC6	3	0.0332	0.7588
LMNA	SMC6	3	0.3380	0.3981
LMNA	STRBP	3	0.0029	0.8459
ACTB	STRBP	3	0.0000	0.8712
MAPRE3	STRBP	3	0.0001	0.8682
KRT8	TMEM209	3	0.1341	0.6596
LMNA	TMEM209	3	0.9835	0.0007
ACTB	TMEM209	3	0.0023	0.8489
KRT8	CDK5RAP2	3	0.3532	0.3562
LMNA	CDK5RAP2	3	0.1315	0.6619
ACTB	CDK5RAP2	3	0.2516	0.5586
CTNNA1	CDK5RAP2	3	0.1220	0.6697
MAPRE3	CDK5RAP2	3	0.3393	0.3945
KRT8	IWS1	3	0.0003	0.8647
LMNA	IWS1	3	0.0314	0.7615
ACTB	IWS1	3	0.0009	0.8582
CTNNA1	IWS1	3	0.0000	0.8712
MAPRE3	IWS1	3	0.0030	0.8454
KRT8	SIN3A	3	0.0017	0.8526
LMNA	SIN3A	3	0.0343	0.7574
ACTB	SIN3A	3	0.0004	0.8632
MAPRE3	SIN3A	3	0.0008	0.8590
KRT8	CEP89	3	0.1870	0.6125
ACTB	CEP89	3	0.0355	0.7556
CTNNA1	CEP89	3	0.0043	0.8392
KRT8	OSBPL9	3	0.2725	0.5379
LMNA	OSBPL9	3	0.0630	0.7238
ACTB	OSBPL9	3	0.2322	0.5763
CTNNA1	OSBPL9	3	0.0364	0.7541
MAPRE3	OSBPL9	3	0.0688	0.7179
KRT8	INTS14	3	0.1218	0.6701
LMNA	INTS14	3	0.3151	0.4885
ACTB	INTS14	3	0.1411	0.6533
CTNNA1	INTS14	3	0.0064	0.8304
MAPRE3	INTS14	3	0.0509	0.7363
KRT8	CDK5RAP1	3	0.8845	0.0084
LMNA	CDK5RAP1	3	0.0076	0.8253
ACTB	CDK5RAP1	3	0.0066	0.8297
CTNNA1	CDK5RAP1	3	0.0006	0.8612
KRT8	MAP7D2	3	0.0173	0.7914
LMNA	MAP7D2	3	0.0008	0.8590
ACTB	MAP7D2	3	0.0126	0.8068
CTNNA1	MAP7D2	3	0.0001	0.8682
MAPRE3	MAP7D2	3	0.7418	0.0367
MAPRE3	SECISBP2	3	0.6667	0.0696
KRT8	RSF1	3	0.0944	0.6941
LMNA	RSF1	3	0.3340	0.4088
ACTB	RSF1	3	0.2722	0.5381
CTNNA1	RSF1	3	0.0461	0.7419
KRT8	RBM15	3	0.0165	0.7936
LMNA	RBM15	3	0.0044	0.8389
ACTB	RBM15	3	0.0054	0.8345
CTNNA1	RBM15	3	0.0176	0.7907
MAPRE3	RBM15	3	0.2689	0.5420
KRT8	RUFY1	3	0.2733	0.5371
LMNA	RUFY1	3	0.0930	0.6955
ACTB	RUFY1	3	0.2518	0.5585
CTNNA1	RUFY1	3	0.0621	0.7247
MAPRE3	RUFY1	3	0.1142	0.6768
KRT8	SPEN	3	0.0001	0.8682
LMNA	SPEN	3	0.0107	0.8132
ACTB	SPEN	3	0.0004	0.8632
MAPRE3	SPEN	3	0.0001	0.8682
KRT8	MMS19	3	0.0258	0.7715
LMNA	MMS19	3	0.0061	0.8316
ACTB	MMS19	3	0.0176	0.7907
CTNNA1	MMS19	3	0.0001	0.8682
MAPRE3	MMS19	3	0.0015	0.8537
KRT8	UHRF1	3	0.0324	0.7601
LMNA	UHRF1	3	0.1826	0.6163
ACTB	UHRF1	3	0.0539	0.7330
CTNNA1	UHRF1	3	0.0038	0.8415
MAPRE3	UHRF1	3	0.0058	0.8327
KRT8	NIBAN2	3	0.3153	0.4883
LMNA	NIBAN2	3	0.1211	0.6709
ACTB	NIBAN2	3	0.3661	0.3317
CTNNA1	NIBAN2	3	0.2606	0.5504
MAPRE3	NIBAN2	3	0.1957	0.6062
KRT8	YME1L1	3	0.3093	0.4966
LMNA	YME1L1	3	0.0209	0.7817
LMNA	RMDN3	3	0.0508	0.7365
KRT8	TCF12	3	0.1798	0.6189
LMNA	TCF12	3	0.2983	0.5119
ACTB	TCF12	3	0.1684	0.6292
CTNNA1	TCF12	3	0.0451	0.7431
MAPRE3	TCF12	3	0.1393	0.6547
KRT8	CYTH2	3	1.0000	0.0000
KRT8	TBCB	3	0.3333	0.4115
ACTB	TBCB	3	0.3333	0.4115
KRT8	CNN2	3	0.2148	0.5908
LMNA	CNN2	3	0.1557	0.6401
ACTB	CNN2	3	0.4544	0.2152
CTNNA1	CNN2	3	0.0294	0.7652
MAPRE3	CNN2	3	0.1082	0.6820
KRT8	CDC5L	3	0.0003	0.8647
LMNA	CDC5L	3	0.0047	0.8376
ACTB	CDC5L	3	0.0003	0.8647
CTNNA1	CDC5L	3	0.0000	0.8712
MAPRE3	CDC5L	3	0.0003	0.8647
KRT8	PSMD1	3	0.0101	0.8155
LMNA	PSMD1	3	0.0048	0.8371
ACTB	PSMD1	3	0.0109	0.8127
CTNNA1	PSMD1	3	0.0001	0.8682
MAPRE3	PSMD1	3	0.0001	0.8682
KRT8	PFDN5	3	0.3333	0.4115
ACTB	PFDN5	3	1.0000	0.0000
CTNNA1	RNF2	3	0.0001	0.8682
KRT8	PARK7	3	0.0272	0.7688
LMNA	PARK7	3	0.0487	0.7387
ACTB	PARK7	3	0.0201	0.7837
CTNNA1	PARK7	3	0.0290	0.7658
MAPRE3	PARK7	3	0.0099	0.8164
MAPRE3	GAS2L1	3	0.6667	0.0696
KRT8	EYA3	3	0.0068	0.8289
LMNA	EYA3	3	0.2018	0.6017
ACTB	EYA3	3	0.0001	0.8682
KRT8	VAT1	3	0.0247	0.7735
LMNA	VAT1	3	0.0010	0.8573
ACTB	VAT1	3	0.0112	0.8115
CTNNA1	VAT1	3	0.0010	0.8573
MAPRE3	VAT1	3	0.0002	0.8663
KRT8	DNAJC2	3	0.0020	0.8508
ACTB	DNAJC2	3	0.0044	0.8389
LMNA	MPHOSPH8	3	0.0086	0.8215
KRT8	MPHOSPH9	3	0.1418	0.6527
ACTB	MPHOSPH9	3	0.0033	0.8438
MAPRE3	MPHOSPH9	3	0.0003	0.8647
KRT8	NUP88	3	0.3137	0.4911
LMNA	NUP88	3	0.0020	0.8508
ACTB	NUP88	3	0.0262	0.7708
CTNNA1	NUP88	3	0.0006	0.8612
MAPRE3	NUP88	3	0.0032	0.8442
KRT8	PKP4	3	0.4087	0.2566
LMNA	PKP4	3	0.0060	0.8320
ACTB	PKP4	3	0.1157	0.6755
CTNNA1	PKP4	3	0.2375	0.5718
KRT8	PIK3R4	3	0.0321	0.7605
LMNA	PIK3R4	3	0.0023	0.8489
ACTB	PIK3R4	3	0.0123	0.8079
CTNNA1	PIK3R4	3	0.0001	0.8682
MAPRE3	PIK3R4	3	0.0076	0.8253
KRT8	POP1	3	0.1057	0.6841
LMNA	POP1	3	0.1910	0.6101
ACTB	POP1	3	0.0801	0.7077
CTNNA1	POP1	3	0.0179	0.7898
MAPRE3	POP1	3	0.0191	0.7866
LMNA	MNT	3	0.0586	0.7276
KRT8	SCAF11	3	0.0000	0.8712
LMNA	SCAF11	3	0.0045	0.8384
ACTB	SCAF11	3	0.0003	0.8647
MAPRE3	SCAF11	3	0.0000	0.8712
KRT8	EIF3C	3	0.3306	0.4683
LMNA	EIF3C	3	0.1619	0.6349
ACTB	EIF3C	3	0.3509	0.3616
CTNNA1	EIF3C	3	0.1569	0.6392
MAPRE3	EIF3C	3	0.2698	0.5413
KRT8	TTC1	3	0.3431	0.3812
LMNA	TTC1	3	0.0592	0.7271
ACTB	TTC1	3	0.2507	0.5598
CTNNA1	TTC1	3	0.0401	0.7491
MAPRE3	TTC1	3	0.1322	0.6615
KRT8	DNAJC7	3	0.3131	0.4917
LMNA	DNAJC7	3	0.0848	0.7025
ACTB	DNAJC7	3	0.1490	0.6459
CTNNA1	DNAJC7	3	0.0255	0.7718
MAPRE3	DNAJC7	3	0.0135	0.8037
KRT8	C12orf57	3	0.0285	0.7667
LMNA	C12orf57	3	0.0051	0.8359
ACTB	C12orf57	3	0.0194	0.7859
CTNNA1	C12orf57	3	0.0000	0.8712
MAPRE3	C12orf57	3	0.0007	0.8600
KRT8	PHB2	3	0.6667	0.0696
KRT8	COPS8	3	0.0057	0.8332
LMNA	COPS8	3	0.0015	0.8537
ACTB	COPS8	3	0.0033	0.8438
KRT8	PRPF18	3	0.0004	0.8632
LMNA	PRPF18	3	0.0298	0.7643
ACTB	PRPF18	3	0.0011	0.8566
MAPRE3	PRPF18	3	0.0001	0.8682
LMNA	PKMYT1	3	1.0000	0.0000
LMNA	OSMR	3	1.0000	0.0000
LMNA	CHP1	3	0.6667	0.0696
ACTB	CHP1	3	0.3333	0.4115
KRT8	KIF2C	3	0.1945	0.6073
LMNA	KIF2C	3	0.1272	0.6655
ACTB	KIF2C	3	0.1399	0.6542
CTNNA1	KIF2C	3	0.0616	0.7252
MAPRE3	KIF2C	3	0.7788	0.0265
KRT8	RGPD5	3	0.0412	0.7477
KRT8	MAP3K5	3	0.0081	0.8234
ACTB	MGLL	3	1.0000	0.0000
KRT8	LYST	3	0.0076	0.8253
ACTB	LYST	3	0.0016	0.8531
KRT8	ATXN2	3	0.0091	0.8194
LMNA	ATXN2	3	0.0000	0.8712
ACTB	ATXN2	3	0.0082	0.8230
CTNNA1	ATXN2	3	0.0000	0.8712
MAPRE3	ATXN2	3	0.0063	0.8308
KRT8	DOK1	3	0.0842	0.7032
LMNA	DOK1	3	0.0913	0.6972
ACTB	DOK1	3	0.0932	0.6953
MAPRE3	DOK1	3	0.0067	0.8294
KRT8	MTR	3	0.3156	0.4880
LMNA	MTR	3	0.1073	0.6827
ACTB	MTR	3	0.2541	0.5562
CTNNA1	MTR	3	0.0866	0.7009
MAPRE3	MTR	3	0.1568	0.6392
LMNA	RBBP8	3	0.1606	0.6360
KRT8	HSD17B10	3	0.2180	0.5883
LMNA	HSD17B10	3	0.1503	0.6452
ACTB	HSD17B10	3	0.0157	0.7961
CTNNA1	HSD17B10	3	0.0304	0.7632
MAPRE3	HSD17B10	3	0.0100	0.8159
KRT8	COL12A1	3	0.0121	0.8085
LMNA	COL12A1	3	0.2110	0.5940
ACTB	COL12A1	3	0.0138	0.8025
MAPRE3	COL12A1	3	0.0010	0.8573
LMNA	BARD1	3	0.3630	0.3375
ACTB	BARD1	3	0.0512	0.7359
MAPRE3	BARD1	3	0.0695	0.7174
KRT8	HNRNPAB	3	0.1442	0.6502
LMNA	HNRNPAB	3	0.0596	0.7267
ACTB	HNRNPAB	3	0.0801	0.7077
CTNNA1	HNRNPAB	3	0.0131	0.8051
MAPRE3	HNRNPAB	3	0.0115	0.8103
KRT8	NAP1L4	3	0.0518	0.7352
LMNA	NAP1L4	3	0.0000	0.8712
ACTB	NAP1L4	3	0.0094	0.8181
CTNNA1	NAP1L4	3	0.0007	0.8600
MAPRE3	NAP1L4	3	0.0006	0.8612
MAPRE3	CDC6	3	0.6667	0.0696
KRT8	NAPG	3	0.2648	0.5463
LMNA	NAPG	3	0.1269	0.6658
ACTB	NAPG	3	0.0875	0.7002
CTNNA1	NAPG	3	0.0018	0.8519
KRT8	PIP5K1A	3	0.1548	0.6411
LMNA	PIP5K1A	3	0.0069	0.8283
ACTB	PIP5K1A	3	0.1636	0.6329
CTNNA1	PIP5K1A	3	0.0309	0.7623
MAPRE3	PIP5K1A	3	0.0507	0.7366
KRT8	ACO2	3	0.0650	0.7217
LMNA	ACO2	3	0.1129	0.6780
ACTB	ACO2	3	0.0180	0.7895
CTNNA1	ACO2	3	0.0038	0.8415
KRT8	TSG101	3	0.1349	0.6588
LMNA	TSG101	3	0.0271	0.7691
ACTB	TSG101	3	0.0947	0.6939
CTNNA1	TSG101	3	0.0196	0.7852
MAPRE3	TSG101	3	0.0079	0.8242
KRT8	CPNE1	3	0.0652	0.7215
LMNA	CPNE1	3	0.0374	0.7527
ACTB	CPNE1	3	0.0380	0.7519
CTNNA1	CPNE1	3	0.0071	0.8274
MAPRE3	CPNE1	3	0.0069	0.8283
KRT8	CCT7	3	0.0886	0.6993
LMNA	CCT7	3	0.0454	0.7427
ACTB	CCT7	3	0.1064	0.6834
CTNNA1	CCT7	3	0.0142	0.8012
MAPRE3	CCT7	3	0.0089	0.8203
KRT8	EBNA1BP2	3	0.0184	0.7884
LMNA	EBNA1BP2	3	0.0682	0.7183
ACTB	EBNA1BP2	3	0.0488	0.7386
CTNNA1	EBNA1BP2	3	0.0130	0.8054
MAPRE3	EBNA1BP2	3	0.0310	0.7621
KRT8	HAUS7	3	0.1830	0.6159
ACTB	HAUS7	3	0.0109	0.8127
MAPRE3	HAUS7	3	0.0416	0.7472
KRT8	PRMT1	3	0.0813	0.7065
LMNA	PRMT1	3	0.1139	0.6769
ACTB	PRMT1	3	0.0499	0.7374
CTNNA1	PRMT1	3	0.0194	0.7859
MAPRE3	PRMT1	3	0.0100	0.8159
KRT8	BAG1	3	0.2091	0.5958
LMNA	BAG1	3	0.1490	0.6459
ACTB	BAG1	3	0.1920	0.6091
CTNNA1	BAG1	3	0.0117	0.8097
MAPRE3	BAG1	3	0.0459	0.7421
KRT8	ATF6B	3	0.0758	0.7115
ACTB	ATF6B	3	0.0060	0.8320
KRT8	SH3GL1	3	0.2858	0.5247
LMNA	SH3GL1	3	0.0385	0.7511
ACTB	SH3GL1	3	0.2496	0.5611
CTNNA1	SH3GL1	3	0.0455	0.7426
MAPRE3	SH3GL1	3	0.0845	0.7028
CTNNA1	SEMA3C	3	0.3333	0.4115
LMNA	VRK1	3	0.6667	0.0696
CTNNA1	VRK1	3	0.3333	0.4115
KRT8	AKAP9	3	0.2839	0.5266
LMNA	AKAP9	3	0.1139	0.6769
ACTB	AKAP9	3	0.2643	0.5468
CTNNA1	AKAP9	3	0.1128	0.6781
MAPRE3	AKAP9	3	0.2696	0.5416
KRT8	NCAPG	3	0.3459	0.3731
LMNA	NCAPG	3	0.2576	0.5532
ACTB	NCAPG	3	0.3258	0.4757
CTNNA1	NCAPG	3	0.1051	0.6848
MAPRE3	NCAPG	3	0.2630	0.5485
KRT8	PAIP2	3	0.2987	0.5111
LMNA	PAIP2	3	0.0084	0.8224
ACTB	PAIP2	3	0.0302	0.7637
CTNNA1	PAIP2	3	0.0116	0.8099
MAPRE3	PAIP2	3	0.0069	0.8283
KRT8	MAPKAP1	3	0.0182	0.7889
ACTB	MAPKAP1	3	0.0143	0.8008
CTNNA1	MAPKAP1	3	0.0004	0.8632
MAPRE3	MAPKAP1	3	0.0070	0.8278
KRT8	DDX50	3	0.0804	0.7074
LMNA	DDX50	3	0.1423	0.6520
ACTB	DDX50	3	0.1654	0.6315
CTNNA1	DDX50	3	0.0026	0.8473
MAPRE3	DDX50	3	0.0529	0.7342
KRT8	ELAC2	3	0.0025	0.8479
LMNA	ELAC2	3	0.0251	0.7726
ACTB	ELAC2	3	0.0003	0.8647
LMNA	TRIR	3	0.1021	0.6871
ACTB	TRIR	3	0.0005	0.8621
MAPRE3	TRIR	3	0.0015	0.8537
KRT8	GRWD1	3	0.2583	0.5525
LMNA	GRWD1	3	0.2090	0.5960
ACTB	GRWD1	3	0.1101	0.6804
CTNNA1	GRWD1	3	0.0726	0.7148
MAPRE3	GRWD1	3	0.2287	0.5790
KRT8	TCF25	3	0.3333	0.4115
KRT8	WDR77	3	0.0331	0.7590
CTNNA1	WDR77	3	0.0069	0.8283
MAPRE3	WDR77	3	0.0030	0.8454
KRT8	TUBA1C	3	0.3012	0.5075
LMNA	TUBA1C	3	0.0939	0.6946
ACTB	TUBA1C	3	0.2012	0.6022
CTNNA1	TUBA1C	3	0.0143	0.8008
MAPRE3	TUBA1C	3	0.0596	0.7267
LMNA	SENP7	3	0.7333	0.0404
KRT8	MYBBP1A	3	0.3542	0.3545
LMNA	MYBBP1A	3	0.3257	0.4760
ACTB	MYBBP1A	3	0.3301	0.4695
CTNNA1	MYBBP1A	3	0.1282	0.6645
MAPRE3	MYBBP1A	3	0.2757	0.5347
KRT8	NUDT12	3	0.2469	0.5638
ACTB	NUDT12	3	0.0024	0.8483
MAPRE3	NUDT12	3	0.0010	0.8573
LMNA	SLF1	3	0.0000	0.8712
KRT8	LPIN3	3	0.3405	0.3915
ACTB	LPIN3	3	0.9830	0.0008
KRT8	FERMT1	3	0.1140	0.6769
LMNA	FERMT1	3	0.0125	0.8071
ACTB	FERMT1	3	0.0185	0.7881
CTNNA1	FERMT1	3	0.0006	0.8612
MAPRE3	FERMT1	3	0.0006	0.8612
KRT8	MGME1	3	1.0000	0.0000
LMNA	MGME1	3	0.3333	0.4115
KRT8	FYCO1	3	0.1942	0.6077
ACTB	FYCO1	3	0.0070	0.8278
CTNNA1	FYCO1	3	0.0008	0.8590
MAPRE3	FYCO1	3	0.0004	0.8632
KRT8	ZSWIM1	3	1.0000	0.0000
LMNA	ZSWIM1	3	0.6666	0.1375
CTNNA1	ZSWIM1	3	0.3333	0.4115
KRT8	JPH2	3	0.0717	0.7158
LMNA	JPH2	3	0.3757	0.3117
KRT8	ACBD6	3	0.3612	0.3429
LMNA	ACBD6	3	0.2164	0.5894
ACTB	ACBD6	3	0.3212	0.4813
CTNNA1	ACBD6	3	0.0195	0.7855
MAPRE3	ACBD6	3	0.0916	0.6967
KRT8	CORO1B	3	0.2821	0.5281
LMNA	CORO1B	3	0.0978	0.6907
ACTB	CORO1B	3	0.3749	0.3133
CTNNA1	CORO1B	3	0.0513	0.7357
MAPRE3	CORO1B	3	0.1004	0.6885
KRT8	CCDC77	3	0.9079	0.0065
MAPRE3	CCDC77	3	0.0063	0.8308
LMNA	BUD13	3	0.2839	0.5266
ACTB	BUD13	3	0.1393	0.6547
CTNNA1	BUD13	3	0.0166	0.7933
MAPRE3	BUD13	3	0.1502	0.6453
KRT8	CPPED1	3	0.0024	0.8483
LMNA	CPPED1	3	0.0269	0.7694
ACTB	CPPED1	3	0.0234	0.7764
CTNNA1	CPPED1	3	0.0256	0.7717
MAPRE3	CPPED1	3	0.0027	0.8469
KRT8	MRPL45	3	1.0000	0.0000
LMNA	MRPL45	3	0.3333	0.4115
KRT8	CHLSN	3	0.0029	0.8459
LMNA	CHLSN	3	0.0607	0.7260
ACTB	CHLSN	3	0.0063	0.8308
MAPRE3	CHLSN	3	0.0008	0.8590
KRT8	NUDT16L1	3	0.2292	0.5786
LMNA	NUDT16L1	3	0.1406	0.6538
ACTB	NUDT16L1	3	0.1754	0.6237
CTNNA1	NUDT16L1	3	0.0109	0.8127
MAPRE3	NUDT16L1	3	0.0237	0.7758
KRT8	LZTS2	3	0.9981	0.0001
ACTB	LZTS2	3	0.7053	0.0485
CTNNA1	LZTS2	3	0.0032	0.8442
KRT8	PDCD2L	3	0.0021	0.8502
ACTB	PDCD2L	3	0.0021	0.8502
MAPRE3	PDCD2L	3	0.0000	0.8712
KRT8	PYM1	3	0.0056	0.8337
ACTB	PYM1	3	0.0094	0.8181
CTNNA1	PYM1	3	0.0000	0.8712
MAPRE3	PYM1	3	0.0004	0.8632
KRT8	ADPGK	3	0.0061	0.8316
LMNA	ADPGK	3	0.0018	0.8519
ACTB	ADPGK	3	0.0051	0.8359
KRT8	GPATCH1	3	0.1768	0.6221
LMNA	GPATCH1	3	0.3367	0.4016
ACTB	GPATCH1	3	0.2174	0.5888
CTNNA1	GPATCH1	3	0.0082	0.8230
MAPRE3	GPATCH1	3	0.1767	0.6222
KRT8	RIOK1	3	0.0145	0.8000
LMNA	RIOK1	3	0.0006	0.8612
ACTB	RIOK1	3	0.0037	0.8419
CTNNA1	RIOK1	3	0.0000	0.8712
MAPRE3	RIOK1	3	0.0011	0.8566
KRT8	LARP6	3	0.0523	0.7347
ACTB	LARP6	3	0.0075	0.8257
LMNA	LLPH	3	0.0014	0.8544
KRT8	GINS4	3	0.0286	0.7665
LMNA	GINS4	3	0.0041	0.8402
ACTB	GINS4	3	0.0127	0.8065
MAPRE3	GINS4	3	0.0001	0.8682
KRT8	PELO	3	1.0000	0.0000
LMNA	PELO	3	0.3333	0.4115
ACTB	PELO	3	0.3333	0.4115
KRT8	TRIM56	3	0.0178	0.7901
MAPRE3	TRIM56	3	0.0009	0.8582
KRT8	CENPK	3	0.0224	0.7783
LMNA	CENPK	3	0.0028	0.8464
ACTB	CENPK	3	0.0043	0.8392
KRT8	ERP44	3	0.1665	0.6307
LMNA	ERP44	3	0.0453	0.7428
ACTB	ERP44	3	0.2096	0.5954
CTNNA1	ERP44	3	0.0199	0.7843
KRT8	NOL10	3	0.1600	0.6364
LMNA	NOL10	3	0.1796	0.6191
ACTB	NOL10	3	0.0990	0.6898
CTNNA1	NOL10	3	0.0038	0.8415
MAPRE3	NOL10	3	0.0109	0.8127
KRT8	NTPCR	3	0.3052	0.5024
LMNA	NTPCR	3	0.2206	0.5864
ACTB	NTPCR	3	0.1679	0.6297
CTNNA1	NTPCR	3	0.0073	0.8266
MAPRE3	NTPCR	3	0.0710	0.7163
KRT8	TIMM29	3	1.0000	0.0000
LMNA	TIMM29	3	0.6667	0.0696
KRT8	BTBD10	3	0.1521	0.6437
ACTB	BTBD10	3	0.0626	0.7242
KRT8	TUBGCP2	3	0.0381	0.7517
ACTB	TUBGCP2	3	0.0079	0.8242
MAPRE3	TUBGCP2	3	0.0023	0.8489
KRT8	MTNAP1	3	1.0000	0.0000
KRT8	ESYT1	3	0.3468	0.3703
LMNA	ESYT1	3	0.2846	0.5259
ACTB	ESYT1	3	0.3420	0.3859
CTNNA1	ESYT1	3	0.1010	0.6880
MAPRE3	ESYT1	3	0.2225	0.5846
KRT8	UBAC1	3	0.0139	0.8022
LMNA	UBAC1	3	0.0003	0.8647
ACTB	UBAC1	3	0.0095	0.8177
KRT8	PHAF1	3	0.1945	0.6073
LMNA	PHAF1	3	0.0003	0.8647
ACTB	PHAF1	3	0.0568	0.7297
CTNNA1	PHAF1	3	0.0009	0.8582
MAPRE3	PHAF1	3	0.0046	0.8380
KRT8	ALG1	3	0.3098	0.4961
LMNA	ALG1	3	0.0237	0.7758
ACTB	ALG1	3	0.0001	0.8682
MAPRE3	ALG1	3	0.0030	0.8454
KRT8	HAUS8	3	0.0390	0.7505
LMNA	HAUS8	3	0.0004	0.8632
ACTB	HAUS8	3	0.0188	0.7873
CTNNA1	HAUS8	3	0.0028	0.8464
MAPRE3	HAUS8	3	0.0205	0.7827
KRT8	INPP5K	3	1.0000	0.0000
LMNA	PSMG3	3	0.0014	0.8544
CTNNA1	PSMG3	3	0.0003	0.8647
KRT8	COPS4	3	0.0063	0.8308
CTNNA1	COPS4	3	0.0002	0.8663
KRT8	TCHP	3	1.0000	0.0000
KRT8	WAC	3	0.0007	0.8600
LMNA	WAC	3	0.0010	0.8573
ACTB	WAC	3	0.0005	0.8621
KRT8	DIDO1	3	0.2428	0.5677
LMNA	DIDO1	3	0.2720	0.5386
ACTB	DIDO1	3	0.2104	0.5947
CTNNA1	DIDO1	3	0.0447	0.7436
MAPRE3	DIDO1	3	0.2271	0.5802
LMNA	MTA3	3	0.0033	0.8438
KRT8	MCMBP	3	0.1671	0.6300
LMNA	MCMBP	3	0.1291	0.6637
ACTB	MCMBP	3	0.0707	0.7166
CTNNA1	MCMBP	3	0.0213	0.7808
MAPRE3	MCMBP	3	0.0324	0.7601
KRT8	AARSD1	3	0.0482	0.7395
ACTB	AARSD1	3	0.0063	0.8308
CTNNA1	AARSD1	3	0.1749	0.6239
KRT8	DCUN1D5	3	0.0007	0.8600
LMNA	DCUN1D5	3	0.0416	0.7472
ACTB	DCUN1D5	3	0.0005	0.8621
MAPRE3	DCUN1D5	3	0.0000	0.8712
KRT8	URM1	3	0.1360	0.6580
LMNA	URM1	3	0.0063	0.8308
ACTB	URM1	3	0.0077	0.8250
MAPRE3	URM1	3	0.0028	0.8464
KRT8	MED10	3	0.0063	0.8308
LMNA	MED10	3	0.0007	0.8600
ACTB	PI4K2A	3	0.0126	0.8068
MAPRE3	PI4K2A	3	0.0004	0.8632
KRT8	DPH7	3	0.0044	0.8389
LMNA	DPH7	3	0.0001	0.8682
ACTB	DPH7	3	0.0032	0.8442
KRT8	TBCD	3	0.0914	0.6970
LMNA	TBCD	3	0.0018	0.8519
ACTB	TBCD	3	0.0089	0.8203
MAPRE3	TBCD	3	0.0000	0.8712
KRT8	NDC1	3	0.0199	0.7843
LMNA	NDC1	3	0.6418	0.1494
ACTB	NDC1	3	0.0153	0.7974
CTNNA1	NDC1	3	0.0007	0.8600
MAPRE3	NDC1	3	0.0030	0.8454
KRT8	TTPAL	3	0.6667	0.0696
KRT8	HGH1	3	0.3333	0.4115
LMNA	CENPO	3	0.0014	0.8544
LMNA	MMTAG2	3	0.0156	0.7963
MAPRE3	MMTAG2	3	0.0012	0.8558
LMNA	DOHH	3	0.3126	0.4926
CTNNA1	DOHH	3	0.1444	0.6500
MAPRE3	DOHH	3	0.0319	0.7608
KRT8	TUBB6	3	0.3180	0.4854
LMNA	TUBB6	3	0.1370	0.6565
ACTB	TUBB6	3	0.1973	0.6048
CTNNA1	TUBB6	3	0.0175	0.7909
MAPRE3	TUBB6	3	0.0570	0.7294
KRT8	PAXX	3	0.0090	0.8199
CTNNA1	PAXX	3	0.0002	0.8663
KRT8	BEGAIN	3	0.3670	0.3297
LMNA	BEGAIN	3	0.0997	0.6892
ACTB	BEGAIN	3	0.3352	0.4058
CTNNA1	BEGAIN	3	0.2257	0.5819
MAPRE3	BEGAIN	3	0.2632	0.5481
LMNA	POLR3C	3	0.1733	0.6251
KRT8	HNRNPUL1	3	0.0003	0.8647
LMNA	HNRNPUL1	3	0.0192	0.7864
ACTB	HNRNPUL1	3	0.0002	0.8663
MAPRE3	HNRNPUL1	3	0.0004	0.8632
KRT8	MSTO1	3	0.0258	0.7715
ACTB	MSTO1	3	0.0159	0.7955
MAPRE3	MSTO1	3	0.0008	0.8590
LMNA	PHF23	3	0.0516	0.7354
KRT8	DERL1	3	0.3608	0.3436
LMNA	DERL1	3	0.1098	0.6806
ACTB	DERL1	3	0.1498	0.6455
CTNNA1	DERL1	3	0.0014	0.8544
MAPRE3	DERL1	3	0.0269	0.7694
KRT8	DDX23	3	0.1455	0.6488
LMNA	DDX23	3	0.2459	0.5647
ACTB	DDX23	3	0.1520	0.6438
CTNNA1	DDX23	3	0.0278	0.7677
MAPRE3	DDX23	3	0.0509	0.7363
KRT8	MRI1	3	0.1518	0.6440
LMNA	MRI1	3	0.0206	0.7826
ACTB	MRI1	3	0.0402	0.7490
KRT8	WDR18	3	0.0595	0.7268
LMNA	WDR18	3	0.0219	0.7793
ACTB	WDR18	3	0.0124	0.8074
CTNNA1	WDR18	3	0.0123	0.8079
MAPRE3	WDR18	3	0.0082	0.8230
KRT8	THUMPD3	3	0.1275	0.6650
LMNA	THUMPD3	3	0.0193	0.7862
ACTB	THUMPD3	3	0.1820	0.6168
CTNNA1	THUMPD3	3	0.0274	0.7684
MAPRE3	THUMPD3	3	0.0277	0.7678
KRT8	ADI1	3	0.0340	0.7578
LMNA	ADI1	3	0.0499	0.7374
ACTB	ADI1	3	0.0140	0.8018
CTNNA1	ADI1	3	0.0171	0.7919
MAPRE3	ADI1	3	0.0039	0.8410
KRT8	CEP250	3	0.3871	0.2863
ACTB	CEP250	3	0.0319	0.7608
KRT8	KATNB1	3	0.1287	0.6641
ACTB	KATNB1	3	0.0509	0.7363
MAPRE3	KATNB1	3	0.0035	0.8429
KRT8	MLST8	3	0.3549	0.3531
LMNA	MLST8	3	0.0229	0.7773
ACTB	MLST8	3	0.0231	0.7770
CTNNA1	MLST8	3	0.0219	0.7793
MAPRE3	MLST8	3	0.0043	0.8392
LMNA	C2orf49	3	0.1809	0.6180
CTNNA1	C2orf49	3	0.0127	0.8065
KRT8	TRIM62	3	1.0000	0.0000
KRT8	KIFC3	3	0.9870	0.0005
ACTB	KIFC3	3	0.0256	0.7717
CTNNA1	KIFC3	3	0.3302	0.4694
MAPRE3	KIFC3	3	0.0350	0.7563
KRT8	NOC4L	3	0.1833	0.6158
LMNA	NOC4L	3	0.0550	0.7317
ACTB	NOC4L	3	0.0559	0.7306
CTNNA1	NOC4L	3	0.1630	0.6337
MAPRE3	NOC4L	3	0.0176	0.7907
KRT8	UTP14A	3	0.1271	0.6657
LMNA	UTP14A	3	0.2765	0.5339
ACTB	UTP14A	3	0.1238	0.6684
CTNNA1	UTP14A	3	0.0251	0.7726
MAPRE3	UTP14A	3	0.1706	0.6275
KRT8	NUP58	3	0.0155	0.7966
LMNA	NUP58	3	0.0240	0.7750
ACTB	NUP58	3	0.0037	0.8419
KRT8	GNL3	3	0.3203	0.4825
LMNA	GNL3	3	0.2602	0.5509
ACTB	GNL3	3	0.2635	0.5479
CTNNA1	GNL3	3	0.0487	0.7387
MAPRE3	GNL3	3	0.1302	0.6630
KRT8	AFG2B	3	0.0348	0.7566
ACTB	AFG2B	3	0.0080	0.8239
MAPRE3	AFG2B	3	0.0006	0.8612
KRT8	RIOK2	3	0.0070	0.8278
ACTB	RIOK2	3	0.0003	0.8647
KRT8	KIAA0586	3	0.3404	0.3919
ACTB	KIAA0586	3	0.0057	0.8332
MAPRE3	KIAA0586	3	0.0145	0.8000
LMNA	KIFC1	3	0.3364	0.4026
MAPRE3	KIFC1	3	0.6781	0.0565
KRT8	NUP85	3	0.2945	0.5156
LMNA	NUP85	3	0.3870	0.2866
ACTB	NUP85	3	0.1693	0.6287
CTNNA1	NUP85	3	0.0841	0.7033
MAPRE3	NUP85	3	0.0775	0.7101
KRT8	ELOVL1	3	0.0651	0.7216
LMNA	ELOVL1	3	0.0572	0.7293
ACTB	ELOVL1	3	0.1066	0.6832
CTNNA1	ELOVL1	3	0.0033	0.8438
KRT8	KATNAL1	3	0.0269	0.7694
ACTB	KATNAL1	3	0.0150	0.7983
LMNA	HIRIP3	3	1.0000	0.0000
LMNA	YJU2	3	0.2392	0.5706
KRT8	NUDT9	3	0.0129	0.8057
LMNA	NUDT9	3	0.0128	0.8061
CTNNA1	NUDT9	3	0.0462	0.7418
MAPRE3	NUDT9	3	0.0092	0.8190
KRT8	TARS2	3	0.0036	0.8424
ACTB	TARS2	3	0.0025	0.8479
CTNNA1	TARS2	3	0.0015	0.8537
KRT8	ACAT2	3	0.0156	0.7963
LMNA	ACAT2	3	0.0015	0.8537
ACTB	ACAT2	3	0.0478	0.7400
LMNA	TRAIP	3	0.6667	0.0696
KRT8	RBM4	3	0.0327	0.7595
LMNA	RBM4	3	0.0880	0.6999
ACTB	RBM4	3	0.0266	0.7700
MAPRE3	RBM4	3	0.0002	0.8663
LMNA	SCNM1	3	0.7868	0.0251
ACTB	SCNM1	3	0.0022	0.8496
MAPRE3	SCNM1	3	0.0061	0.8316
KRT8	RPAP1	3	0.0498	0.7376
LMNA	RPAP1	3	0.0005	0.8621
ACTB	RPAP1	3	0.0097	0.8172
MAPRE3	RPAP1	3	0.0002	0.8663
LMNA	C1orf43	3	1.0000	0.0000
KRT8	SFXN3	3	0.1952	0.6065
LMNA	SFXN3	3	0.3432	0.3809
ACTB	SFXN3	3	0.1184	0.6731
CTNNA1	SFXN3	3	0.0024	0.8483
LMNA	PRR14	3	1.0000	0.0000
LMNA	PAPOLG	3	0.0345	0.7570
ACTB	PAPOLG	3	0.0001	0.8682
KRT8	CARD10	3	0.9200	0.0056
KRT8	SLC4A1AP	3	0.0346	0.7569
LMNA	SLC4A1AP	3	0.2577	0.5530
ACTB	SLC4A1AP	3	0.0617	0.7252
CTNNA1	SLC4A1AP	3	0.0354	0.7557
MAPRE3	SLC4A1AP	3	0.0563	0.7302
KRT8	GTPBP2	3	0.0020	0.8508
KRT8	LSM14B	3	0.0065	0.8300
ACTB	LSM14B	3	0.0054	0.8345
CTNNA1	LSM14B	3	0.0001	0.8682
MAPRE3	LSM14B	3	0.0017	0.8526
KRT8	BRIP1	3	0.2744	0.5362
LMNA	BRIP1	3	0.3616	0.3420
ACTB	BRIP1	3	0.2725	0.5379
CTNNA1	BRIP1	3	0.0950	0.6936
MAPRE3	BRIP1	3	0.2465	0.5641
KRT8	SORBS1	3	0.3333	0.4115
ACTB	SORBS1	3	0.6667	0.0696
KRT8	CARD6	3	0.4151	0.2475
LMNA	CARD6	3	0.0016	0.8531
ACTB	CARD6	3	0.0179	0.7898
CTNNA1	CARD6	3	0.0012	0.8558
MAPRE3	CARD6	3	0.2075	0.5976
KRT8	LGR4	3	0.0098	0.8168
LMNA	LGR4	3	0.9384	0.0035
ACTB	LGR4	3	0.0091	0.8194
CTNNA1	LGR4	3	0.0005	0.8621
KRT8	OSBPL11	3	0.0200	0.7840
LMNA	OSBPL11	3	0.0014	0.8544
ACTB	OSBPL11	3	0.0087	0.8211
CTNNA1	OSBPL11	3	0.0002	0.8663
MAPRE3	OSBPL11	3	0.0006	0.8612
KRT8	OSBPL10	3	0.3051	0.5027
LMNA	OSBPL10	3	0.1334	0.6601
ACTB	OSBPL10	3	0.2918	0.5188
CTNNA1	OSBPL10	3	0.0766	0.7110
MAPRE3	OSBPL10	3	0.1470	0.6477
KRT8	BBS2	3	0.2400	0.5699
KRT8	RAB11FIP5	3	0.0103	0.8147
LMNA	RAB11FIP5	3	0.0003	0.8647
ACTB	RAB11FIP5	3	0.0175	0.7909
CTNNA1	RAB11FIP5	3	0.0009	0.8582
MAPRE3	RAB11FIP5	3	0.0036	0.8424
KRT8	NAA15	3	0.2567	0.5540
LMNA	NAA15	3	0.1230	0.6690
ACTB	NAA15	3	0.2472	0.5634
CTNNA1	NAA15	3	0.0233	0.7765
MAPRE3	NAA15	3	0.1002	0.6888
KRT8	BCL2L13	3	0.0003	0.8647
ACTB	BCL2L13	3	0.0038	0.8415
KRT8	CARD11	3	0.0000	0.8712
KRT8	SRRT	3	0.0001	0.8682
LMNA	SRRT	3	0.0055	0.8342
ACTB	SRRT	3	0.0170	0.7922
KRT8	QTRT1	3	0.6667	0.0696
ACTB	QTRT1	3	0.6667	0.0696
KRT8	AP1M1	3	0.1893	0.6113
LMNA	AP1M1	3	0.0153	0.7974
ACTB	AP1M1	3	0.0147	0.7993
MAPRE3	AP1M1	3	0.0008	0.8590
KRT8	NUSAP1	3	0.0081	0.8234
LMNA	NUSAP1	3	0.0094	0.8181
ACTB	NUSAP1	3	0.0003	0.8647
MAPRE3	NUSAP1	3	0.0266	0.7700
KRT8	HDHD5	3	0.1134	0.6773
ACTB	HDHD5	3	0.0454	0.7427
CTNNA1	HDHD5	3	0.0137	0.8027
KRT8	FANCD2	3	0.0222	0.7786
LMNA	FANCD2	3	0.0990	0.6898
ACTB	FANCD2	3	0.0001	0.8682
ACTB	SCAPER	3	0.0006	0.8612
MAPRE3	SCAPER	3	0.0010	0.8573
MAPRE3	ITPA	3	0.3333	0.4115
KRT8	RTF2	3	0.0324	0.7601
LMNA	RTF2	3	0.1558	0.6400
ACTB	RTF2	3	0.0250	0.7727
CTNNA1	RTF2	3	0.0110	0.8122
MAPRE3	RTF2	3	0.0051	0.8359
KRT8	CHMP4A	3	0.0786	0.7089
ACTB	CHMP4A	3	0.0055	0.8342
KRT8	EIF2A	3	0.3106	0.4951
LMNA	EIF2A	3	0.1314	0.6621
ACTB	EIF2A	3	0.3305	0.4685
CTNNA1	EIF2A	3	0.1863	0.6132
MAPRE3	EIF2A	3	0.2903	0.5206
KRT8	POLDIP3	3	0.0008	0.8590
LMNA	POLDIP3	3	0.0048	0.8371
ACTB	POLDIP3	3	0.0002	0.8663
MAPRE3	POLDIP3	3	0.0012	0.8558
KRT8	KIAA1671	3	0.3453	0.3749
LMNA	KIAA1671	3	0.1167	0.6749
ACTB	KIAA1671	3	0.3856	0.2911
CTNNA1	KIAA1671	3	0.2011	0.6024
MAPRE3	KIAA1671	3	0.2788	0.5319
LMNA	GNB1L	3	0.0781	0.7094
ACTB	GNB1L	3	0.0750	0.7123
CTNNA1	GNB1L	3	0.0324	0.7601
MAPRE3	GNB1L	3	0.0232	0.7767
LMNA	PCGF6	3	0.3319	0.4659
ACTB	PCGF6	3	0.3333	0.4115
KRT8	NIFK	3	0.0685	0.7181
LMNA	NIFK	3	0.0565	0.7300
ACTB	NIFK	3	0.0318	0.7610
KRT8	HYCC1	3	0.0065	0.8300
LMNA	HYCC1	3	0.0003	0.8647
ACTB	HYCC1	3	0.0022	0.8496
MAPRE3	HYCC1	3	0.0000	0.8712
KRT8	YTHDF1	3	0.0094	0.8181
ACTB	YTHDF1	3	0.0084	0.8224
CTNNA1	YTHDF1	3	0.0000	0.8712
MAPRE3	YTHDF1	3	0.0034	0.8433
KRT8	HELZ2	3	0.3333	0.4115
KRT8	NLN	3	0.4288	0.2366
LMNA	NLN	3	0.0058	0.8327
ACTB	NLN	3	0.3333	0.4115
MAPRE3	NLN	3	0.0061	0.8316
KRT8	CEP41	3	0.3333	0.4115
KRT8	SETD2	3	0.0004	0.8632
LMNA	SETD2	3	0.0091	0.8194
ACTB	SETD2	3	0.0009	0.8582
CTNNA1	SETD2	3	0.0000	0.8712
MAPRE3	SETD2	3	0.0001	0.8682
KRT8	TBC1D2	3	0.3907	0.2813
LMNA	TBC1D2	3	0.2087	0.5964
ACTB	TBC1D2	3	0.3755	0.3123
CTNNA1	TBC1D2	3	0.1748	0.6241
MAPRE3	TBC1D2	3	0.3270	0.4741
KRT8	LDHAL6B	3	0.0331	0.7590
LMNA	LDHAL6B	3	0.0226	0.7778
ACTB	LDHAL6B	3	0.0675	0.7193
CTNNA1	LDHAL6B	3	0.0124	0.8074
MAPRE3	LDHAL6B	3	0.0342	0.7575
KRT8	DOCK9	3	0.0076	0.8253
ACTB	DOCK9	3	0.0107	0.8132
CTNNA1	DOCK9	3	0.0002	0.8663
MAPRE3	DOCK9	3	0.0003	0.8647
LMNA	NSD3	3	0.3738	0.3160
KRT8	NUF2	3	0.5432	0.1730
ACTB	NUF2	3	0.0074	0.8260
MAPRE3	NUF2	3	0.0043	0.8392
KRT8	MRPL37	3	0.3564	0.3505
ACTB	MRPL37	3	0.1750	0.6239
MAPRE3	MRPL37	3	0.0099	0.8164
LMNA	PUS3	3	0.0028	0.8464
KRT8	GTPBP4	3	0.2646	0.5465
LMNA	GTPBP4	3	0.2304	0.5778
ACTB	GTPBP4	3	0.1679	0.6297
CTNNA1	GTPBP4	3	0.0374	0.7527
MAPRE3	GTPBP4	3	0.0522	0.7348
KRT8	OSBPL8	3	0.0103	0.8147
LMNA	OSBPL8	3	0.0011	0.8566
ACTB	OSBPL8	3	0.0038	0.8415
MAPRE3	OSBPL8	3	0.0000	0.8712
KRT8	OSBPL6	3	0.0307	0.7626
ACTB	OSBPL6	3	0.0110	0.8122
KRT8	UACA	3	0.0086	0.8215
ACTB	UACA	3	0.0247	0.7735
CTNNA1	UACA	3	0.0018	0.8519
MAPRE3	UACA	3	0.0007	0.8600
KRT8	RAB34	3	0.0396	0.7499
LMNA	RAB34	3	0.1255	0.6671
ACTB	RAB34	3	0.0177	0.7904
CTNNA1	RAB34	3	0.0107	0.8132
MAPRE3	RAB34	3	0.0214	0.7805
KRT8	DPH1	3	0.0099	0.8164
ACTB	DPH1	3	0.0015	0.8537
KRT8	WDR11	3	0.0109	0.8127
ACTB	WDR11	3	0.0037	0.8419
MAPRE3	WDR11	3	0.0002	0.8663
KRT8	UPF3B	3	0.2210	0.5860
LMNA	UPF3B	3	0.1603	0.6363
ACTB	UPF3B	3	0.2296	0.5785
CTNNA1	UPF3B	3	0.0099	0.8164
MAPRE3	UPF3B	3	0.1937	0.6081
LMNA	CRNKL1	3	0.0028	0.8464
KRT8	TBL1XR1	3	0.3333	0.4115
LMNA	TBL1XR1	3	0.3333	0.4115
ACTB	TBL1XR1	3	0.3333	0.4115
KRT8	PPP1R12C	3	0.0034	0.8433
ACTB	PPP1R12C	3	0.0237	0.7758
KRT8	NIBAN1	3	0.0001	0.8682
ACTB	NIBAN1	3	0.0091	0.8194
ACTB	UBXN6	3	0.0856	0.7017
KRT8	UCK2	3	0.1529	0.6431
LMNA	UCK2	3	0.0031	0.8449
ACTB	UCK2	3	0.0826	0.7049
MAPRE3	UCK2	3	0.0074	0.8260
KRT8	API5	3	0.0600	0.7266
LMNA	API5	3	0.2159	0.5901
ACTB	API5	3	0.0414	0.7475
CTNNA1	API5	3	0.0167	0.7929
MAPRE3	API5	3	0.0634	0.7232
KRT8	TRIM5	3	0.3787	0.3037
ACTB	TRIM5	3	0.0221	0.7787
ACTB	KRT23	3	0.3360	0.4038
LMNA	GREB1L	3	0.6667	0.0696
LMNA	SETD5	3	0.3295	0.4704
KRT8	UNK	3	0.0198	0.7847
ACTB	UNK	3	0.0062	0.8312
MAPRE3	UNK	3	0.0000	0.8712
KRT8	FTO	3	0.0210	0.7816
LMNA	FTO	3	0.0249	0.7730
ACTB	FTO	3	0.0270	0.7692
CTNNA1	FTO	3	0.0154	0.7970
MAPRE3	FTO	3	0.0052	0.8354
KRT8	ZDHHC5	3	0.0000	0.8712
ACTB	ZDHHC5	3	0.0111	0.8119
CTNNA1	ZDHHC5	3	0.0002	0.8663
KRT8	TANGO6	3	0.0344	0.7572
LMNA	TANGO6	3	0.0030	0.8454
ACTB	TANGO6	3	0.0093	0.8186
MAPRE3	TANGO6	3	0.0002	0.8663
KRT8	ZCCHC2	3	0.0005	0.8621
MAPRE3	ZCCHC2	3	0.0012	0.8558
KRT8	TNKS1BP1	3	0.3142	0.4903
LMNA	TNKS1BP1	3	0.1457	0.6486
ACTB	TNKS1BP1	3	0.3707	0.3228
CTNNA1	TNKS1BP1	3	0.2330	0.5757
MAPRE3	TNKS1BP1	3	0.2502	0.5605
KRT8	UBE2O	3	0.1043	0.6855
LMNA	UBE2O	3	0.0003	0.8647
ACTB	UBE2O	3	0.0476	0.7402
CTNNA1	UBE2O	3	0.0050	0.8364
MAPRE3	UBE2O	3	0.0031	0.8449
KRT8	CEP295	3	0.4102	0.2549
LMNA	CEP295	3	0.0012	0.8558
ACTB	CEP295	3	0.0032	0.8442
MAPRE3	CEP295	3	0.0054	0.8345
KRT8	TANC1	3	0.3832	0.2956
LMNA	TANC1	3	0.1177	0.6737
ACTB	TANC1	3	0.3527	0.3573
CTNNA1	TANC1	3	0.2320	0.5764
MAPRE3	TANC1	3	0.3335	0.4109
KRT8	ZC3H12C	3	0.7684	0.0300
ACTB	ZC3H12C	3	0.0132	0.8047
KRT8	CEP44	3	0.1215	0.6705
LMNA	CEP44	3	0.0036	0.8424
ACTB	CEP44	3	0.0207	0.7823
CTNNA1	CEP44	3	0.0013	0.8550
MAPRE3	CEP44	3	0.4152	0.2471
KRT8	ARHGAP39	3	0.0085	0.8220
LMNA	ARHGAP39	3	0.0061	0.8316
ACTB	ARHGAP39	3	0.3505	0.3629
CTNNA1	ARHGAP39	3	0.0028	0.8464
MAPRE3	ARHGAP39	3	0.0001	0.8682
KRT8	MTMR12	3	0.2087	0.5964
LMNA	MTMR12	3	0.0160	0.7952
ACTB	MTMR12	3	0.1735	0.6249
MAPRE3	MTMR12	3	0.0042	0.8397
KRT8	WDR33	3	0.0126	0.8068
LMNA	WDR33	3	0.0156	0.7963
ACTB	WDR33	3	0.0011	0.8566
KRT8	WDR12	3	0.6667	0.0696
LMNA	WDR12	3	1.0000	0.0000
KRT8	YIPF3	3	0.0023	0.8489
ACTB	YIPF3	3	0.0050	0.8364
KRT8	NDEL1	3	0.6667	0.0696
ACTB	NDEL1	3	0.6667	0.0696
MAPRE3	NDEL1	3	0.3333	0.4115
KRT8	ADISSP	3	0.0835	0.7039
LMNA	ADISSP	3	0.0517	0.7353
CTNNA1	ADISSP	3	0.0060	0.8320
MAPRE3	ADISSP	3	0.0030	0.8454
LMNA	PITHD1	3	0.0007	0.8600
KRT8	SENP6	3	0.0023	0.8489
LMNA	SENP6	3	0.4436	0.2240
ACTB	SENP6	3	0.0026	0.8473
MAPRE3	SENP6	3	0.0007	0.8600
LMNA	REXO4	3	0.0070	0.8278
KRT8	DDX24	3	0.0134	0.8040
LMNA	DDX24	3	0.0067	0.8294
ACTB	DDX24	3	0.0015	0.8537
MAPRE3	DDX24	3	0.0001	0.8682
LMNA	POLR1E	3	0.0377	0.7524
CTNNA1	SLIRP	3	0.0559	0.7306
KRT8	NIF3L1	3	0.0367	0.7535
LMNA	NIF3L1	3	0.0002	0.8663
ACTB	NIF3L1	3	0.0107	0.8132
CTNNA1	NIF3L1	3	0.0000	0.8712
MAPRE3	NIF3L1	3	0.0003	0.8647
KRT8	EGLN1	3	0.0247	0.7735
LMNA	EGLN1	3	0.0003	0.8647
ACTB	EGLN1	3	0.0096	0.8174
CTNNA1	EGLN1	3	0.0000	0.8712
MAPRE3	EGLN1	3	0.0014	0.8544
KRT8	PSME3IP1	3	0.1598	0.6366
LMNA	PSME3IP1	3	0.2915	0.5193
ACTB	PSME3IP1	3	0.1747	0.6241
CTNNA1	PSME3IP1	3	0.0481	0.7396
MAPRE3	PSME3IP1	3	0.1198	0.6720
KRT8	WWTR1	3	0.3430	0.3816
LMNA	WWTR1	3	0.0129	0.8057
ACTB	WWTR1	3	0.1862	0.6135
KRT8	MFF	3	0.0116	0.8099
LMNA	MFF	3	0.0001	0.8682
ACTB	MFF	3	0.0142	0.8012
CTNNA1	MFF	3	0.0001	0.8682
MAPRE3	MFF	3	0.0003	0.8647
KRT8	NAA50	3	0.2844	0.5260
LMNA	NAA50	3	0.1686	0.6290
ACTB	NAA50	3	0.2515	0.5589
CTNNA1	NAA50	3	0.0264	0.7703
MAPRE3	NAA50	3	0.0070	0.8278
LMNA	CHRNA10	3	0.3333	0.4115
KRT8	MKRN2	3	0.0128	0.8061
LMNA	MKRN2	3	0.0002	0.8663
MAPRE3	MKRN2	3	0.0001	0.8682
KRT8	MTFR1L	3	0.0379	0.7520
ACTB	MTFR1L	3	0.0371	0.7530
MAPRE3	MTFR1L	3	0.0001	0.8682
LMNA	TMEM126A	3	0.0001	0.8682
KRT8	PAIP1	3	0.1274	0.6652
LMNA	PAIP1	3	0.0136	0.8031
ACTB	PAIP1	3	0.0586	0.7276
CTNNA1	PAIP1	3	0.0082	0.8230
MAPRE3	PAIP1	3	0.0118	0.8094
KRT8	CLPB	3	0.0190	0.7868
LMNA	CLPB	3	0.1296	0.6635
CTNNA1	CLPB	3	0.0041	0.8402
LMNA	MIS12	3	0.6667	0.0696
LMNA	RAB33B	3	0.0010	0.8573
KRT8	LSG1	3	0.0094	0.8181
LMNA	LSG1	3	0.1036	0.6859
ACTB	LSG1	3	0.0020	0.8508
CTNNA1	LSG1	3	0.0001	0.8682
MAPRE3	LSG1	3	0.0024	0.8483
KRT8	FAM107B	3	0.1721	0.6262
ACTB	FAM107B	3	0.9673	0.0014
MAPRE3	FAM107B	3	0.0058	0.8327
KRT8	NAT10	3	0.1735	0.6249
LMNA	NAT10	3	0.3465	0.3715
ACTB	NAT10	3	0.0605	0.7261
CTNNA1	NAT10	3	0.0156	0.7963
MAPRE3	NAT10	3	0.0453	0.7428
KRT8	COMMD4	3	0.0262	0.7708
LMNA	COMMD4	3	0.0025	0.8479
ACTB	COMMD4	3	0.0214	0.7805
MAPRE3	COMMD4	3	0.0008	0.8590
KRT8	KLC2	3	0.0341	0.7576
ACTB	KLC2	3	0.0132	0.8047
CTNNA1	KLC2	3	0.0000	0.8712
MAPRE3	KLC2	3	0.0024	0.8483
KRT8	BTBD1	3	0.0196	0.7852
ACTB	BTBD1	3	0.0049	0.8367
MAPRE3	BTBD1	3	0.0010	0.8573
KRT8	ILKAP	3	0.0019	0.8514
LMNA	ILKAP	3	0.0457	0.7424
ACTB	ILKAP	3	0.0021	0.8502
CTNNA1	ILKAP	3	0.0000	0.8712
MAPRE3	ILKAP	3	0.0004	0.8632
KRT8	XRN2	3	0.2720	0.5386
LMNA	XRN2	3	0.2558	0.5549
ACTB	XRN2	3	0.1776	0.6213
CTNNA1	XRN2	3	0.0278	0.7677
MAPRE3	XRN2	3	0.1040	0.6856
LMNA	SAP130	3	0.0032	0.8442
LMNA	BRD8	3	0.0026	0.8473
LMNA	NSRP1	3	0.0507	0.7366
MAPRE3	NSRP1	3	0.0002	0.8663
KRT8	RACGAP1	3	0.0010	0.8573
LMNA	RACGAP1	3	0.0075	0.8257
ACTB	RACGAP1	3	0.0009	0.8582
MAPRE3	RACGAP1	3	0.0005	0.8621
KRT8	SIK2	3	0.0738	0.7136
LMNA	SIK2	3	0.0001	0.8682
ACTB	SIK2	3	0.0185	0.7881
MAPRE3	SIK2	3	0.0008	0.8590
LMNA	PUS7L	3	0.0058	0.8327
KRT8	CSTF2T	3	0.2620	0.5491
LMNA	CSTF2T	3	0.2928	0.5177
ACTB	CSTF2T	3	0.2739	0.5366
CTNNA1	CSTF2T	3	0.0543	0.7326
MAPRE3	CSTF2T	3	0.1789	0.6200
KRT8	HDHD2	3	0.1887	0.6116
CTNNA1	HDHD2	3	0.1607	0.6359
KRT8	DDX47	3	0.2697	0.5414
LMNA	DDX47	3	0.1444	0.6500
ACTB	DDX47	3	0.1928	0.6086
CTNNA1	DDX47	3	0.0156	0.7963
MAPRE3	DDX47	3	0.0850	0.7023
KRT8	TSPYL1	3	0.0008	0.8590
LMNA	TSPYL1	3	0.0029	0.8459
ACTB	TSPYL1	3	0.0009	0.8582
MAPRE3	TSPYL1	3	0.0000	0.8712
KRT8	SMG9	3	0.0332	0.7588
LMNA	SMG9	3	0.0001	0.8682
ACTB	SMG9	3	0.0148	0.7989
CTNNA1	SMG9	3	0.0000	0.8712
MAPRE3	SMG9	3	0.0052	0.8354
KRT8	C11orf54	3	0.0975	0.6912
LMNA	C11orf54	3	0.0888	0.6992
ACTB	C11orf54	3	0.0826	0.7049
CTNNA1	C11orf54	3	0.0233	0.7765
MAPRE3	C11orf54	3	0.0208	0.7820
LMNA	DNTTIP1	3	0.0155	0.7966
KRT8	ANAPC1	3	0.3781	0.3051
LMNA	ANAPC1	3	0.2459	0.5647
ACTB	ANAPC1	3	0.2932	0.5172
CTNNA1	ANAPC1	3	0.0981	0.6904
MAPRE3	ANAPC1	3	0.2405	0.5695
LMNA	IRF2BPL	3	0.2299	0.5781
ACTB	IRF2BPL	3	0.0269	0.7694
CTNNA1	IRF2BPL	3	0.0215	0.7803
KRT8	UNC93B1	3	0.2451	0.5658
LMNA	UNC93B1	3	0.1793	0.6196
ACTB	UNC93B1	3	0.0096	0.8174
CTNNA1	UNC93B1	3	0.1098	0.6806
MAPRE3	UNC93B1	3	0.0610	0.7257
KRT8	POLR3F	3	0.0003	0.8647
LMNA	POLR3F	3	0.0212	0.7811
ACTB	POLR3F	3	0.0013	0.8550
CTNNA1	POLR3F	3	0.0000	0.8712
MAPRE3	POLR3F	3	0.0010	0.8573
KRT8	KIF13A	3	0.0282	0.7671
LMNA	KIF13A	3	0.0017	0.8526
ACTB	KIF13A	3	0.0471	0.7408
MAPRE3	KIF13A	3	0.0028	0.8464
KRT8	ASCC2	3	0.1847	0.6148
LMNA	ASCC2	3	0.0058	0.8327
ACTB	ASCC2	3	0.1433	0.6510
CTNNA1	ASCC2	3	0.0016	0.8531
MAPRE3	ASCC2	3	0.0296	0.7648
KRT8	RBSN	3	0.0248	0.7731
ACTB	RBSN	3	0.0124	0.8074
ACTB	OSBPL2	3	0.0057	0.8332
LMNA	CDT1	3	0.6264	0.1528
KRT8	EHD4	3	0.0273	0.7686
LMNA	EHD4	3	0.0005	0.8621
ACTB	EHD4	3	0.0321	0.7605
CTNNA1	EHD4	3	0.0004	0.8632
MAPRE3	EHD4	3	0.0012	0.8558
KRT8	VPS33B	3	0.0855	0.7018
LMNA	VPS33B	3	0.0025	0.8479
ACTB	VPS33B	3	0.1323	0.6613
MAPRE3	VPS33B	3	0.0010	0.8573
KRT8	VPS16	3	0.0491	0.7383
ACTB	VPS16	3	0.0035	0.8429
KRT8	VPS11	3	0.6504	0.1470
KRT8	TRIOBP	3	0.3310	0.4675
ACTB	TRIOBP	3	0.3881	0.2847
CTNNA1	TRIOBP	3	0.0287	0.7663
MAPRE3	TRIOBP	3	0.0608	0.7260
LMNA	EPC1	3	0.0153	0.7974
ACTB	EPC1	3	0.0001	0.8682
MAPRE3	EPC1	3	0.0000	0.8712
KRT8	SLK	3	0.2985	0.5115
LMNA	SLK	3	0.1219	0.6698
ACTB	SLK	3	0.3023	0.5063
CTNNA1	SLK	3	0.0841	0.7033
MAPRE3	SLK	3	0.1772	0.6218
KRT8	PPIL3	3	0.0621	0.7247
LMNA	PPIL3	3	0.0141	0.8015
ACTB	PPIL3	3	0.0114	0.8107
CTNNA1	PPIL3	3	0.0001	0.8682
CTNNA1	SLC38A1	3	0.3333	0.4115
KRT8	PDCL3	3	0.0208	0.7820
LMNA	PDCL3	3	0.0018	0.8519
ACTB	PDCL3	3	0.0179	0.7898
MAPRE3	PDCL3	3	0.0003	0.8647
KRT8	RAB3GAP2	3	0.3183	0.4849
LMNA	RAB3GAP2	3	0.2349	0.5743
ACTB	RAB3GAP2	3	0.2987	0.5111
CTNNA1	RAB3GAP2	3	0.1143	0.6767
MAPRE3	RAB3GAP2	3	0.1939	0.6079
KRT8	ADNP	3	0.2001	0.6030
LMNA	ADNP	3	0.2951	0.5150
ACTB	ADNP	3	0.1982	0.6043
CTNNA1	ADNP	3	0.0373	0.7528
MAPRE3	ADNP	3	0.1898	0.6110
KRT8	DHX36	3	0.2783	0.5324
LMNA	DHX36	3	0.1896	0.6110
ACTB	DHX36	3	0.1870	0.6125
CTNNA1	DHX36	3	0.0283	0.7669
MAPRE3	DHX36	3	0.0975	0.6912
KRT8	PPA2	3	0.0394	0.7501
LMNA	PPA2	3	0.0143	0.8008
ACTB	PPA2	3	0.0131	0.8051
CTNNA1	PPA2	3	0.0103	0.8147
MAPRE3	PPA2	3	0.0055	0.8342
KRT8	SPNS1	3	0.8354	0.0165
LMNA	SPNS1	3	0.0106	0.8138
ACTB	SPNS1	3	0.0141	0.8015
MAPRE3	SPNS1	3	0.0008	0.8590
KRT8	ZNF106	3	0.0007	0.8600
LMNA	ZNF106	3	0.0074	0.8260
ACTB	ZNF106	3	0.0001	0.8682
MAPRE3	ZNF106	3	0.0002	0.8663
KRT8	PNN	3	0.2053	0.5991
LMNA	PNN	3	0.1419	0.6526
ACTB	PNN	3	0.0992	0.6896
CTNNA1	PNN	3	0.0020	0.8508
MAPRE3	PNN	3	0.1074	0.6827
LMNA	FOXP1	3	0.0454	0.7427
MAPRE3	FOXP1	3	0.0001	0.8682
KRT8	TRIT1	3	1.0000	0.0000
LMNA	TRIT1	3	0.6667	0.0696
ACTB	TRIT1	3	0.6667	0.0696
KRT8	BOLA2	3	0.0040	0.8407
LMNA	BOLA2	3	0.0118	0.8094
ACTB	BOLA2	3	0.0173	0.7914
CTNNA1	BOLA2	3	0.0136	0.8031
MAPRE3	BOLA2	3	0.0075	0.8257
KRT8	TXNIP	3	0.0097	0.8172
LMNA	TXNIP	3	0.0038	0.8415
ACTB	TXNIP	3	0.0016	0.8531
KRT8	TMX1	3	0.0191	0.7866
LMNA	TMX1	3	0.9527	0.0019
ACTB	TMX1	3	0.0150	0.7983
CTNNA1	TMX1	3	0.0018	0.8519
MAPRE3	TMX1	3	0.0022	0.8496
LMNA	NELFA	3	0.0112	0.8115
ACTB	NELFA	3	0.0003	0.8647
MAPRE3	NELFA	3	0.0001	0.8682
KRT8	ACBD3	3	0.0046	0.8380
LMNA	ACBD3	3	0.0000	0.8712
ACTB	ACBD3	3	0.0114	0.8107
CTNNA1	ACBD3	3	0.0101	0.8155
MAPRE3	ACBD3	3	0.0015	0.8537
KRT8	CDC42EP4	3	0.0024	0.8483
ACTB	CDC42EP4	3	0.0333	0.7586
MAPRE3	CDC42EP4	3	0.0006	0.8612
LMNA	KDM4C	3	1.0000	0.0000
MAPRE3	KDM4C	3	0.3333	0.4115
KRT8	CENPH	3	0.0165	0.7936
LMNA	CENPH	3	0.0075	0.8257
ACTB	CENPH	3	0.0071	0.8274
MAPRE3	CENPH	3	0.0002	0.8663
KRT8	PTPN23	3	0.3167	0.4866
LMNA	PTPN23	3	0.1290	0.6639
ACTB	PTPN23	3	0.3028	0.5055
CTNNA1	PTPN23	3	0.0939	0.6946
MAPRE3	PTPN23	3	0.2091	0.5958
KRT8	UNC45A	3	0.4416	0.2259
LMNA	UNC45A	3	0.2060	0.5986
ACTB	UNC45A	3	0.3339	0.4091
CTNNA1	UNC45A	3	0.1254	0.6672
MAPRE3	UNC45A	3	0.2265	0.5808
LMNA	DSN1	3	0.3364	0.4026
KRT8	C1orf198	3	0.3823	0.2973
LMNA	C1orf198	3	0.0942	0.6943
ACTB	C1orf198	3	0.2731	0.5373
CTNNA1	C1orf198	3	0.0972	0.6916
MAPRE3	C1orf198	3	0.1656	0.6312
KRT8	CHMP4B	3	0.0341	0.7576
LMNA	CHMP4B	3	0.0150	0.7983
ACTB	CHMP4B	3	0.0150	0.7983
CTNNA1	CHMP4B	3	0.0000	0.8712
MAPRE3	CHMP4B	3	0.0024	0.8483
KRT8	CUEDC2	3	0.0351	0.7562
LMNA	CUEDC2	3	0.0066	0.8297
ACTB	CUEDC2	3	0.0164	0.7940
MAPRE3	CUEDC2	3	0.0002	0.8663
KRT8	PIGU	3	0.0073	0.8266
LMNA	PIGU	3	0.8176	0.0205
ACTB	PIGU	3	0.0027	0.8469
KRT8	WNK1	3	0.3718	0.3192
LMNA	WNK1	3	0.1705	0.6276
ACTB	WNK1	3	0.3945	0.2749
CTNNA1	WNK1	3	0.2088	0.5963
MAPRE3	WNK1	3	0.3022	0.5065
KRT8	RNPEP	3	0.3287	0.4716
LMNA	RNPEP	3	0.0124	0.8074
ACTB	RNPEP	3	0.0279	0.7675
CTNNA1	RNPEP	3	0.0110	0.8122
MAPRE3	RNPEP	3	0.0041	0.8402
KRT8	GOLPH3L	3	0.4234	0.2406
LMNA	GOLPH3L	3	0.2703	0.5408
ACTB	GOLPH3L	3	0.3214	0.4811
CTNNA1	GOLPH3L	3	0.0087	0.8211
MAPRE3	GOLPH3L	3	0.1023	0.6870
KRT8	GOLPH3	3	0.3058	0.5017
LMNA	GOLPH3	3	0.2991	0.5106
ACTB	GOLPH3	3	0.3184	0.4847
CTNNA1	GOLPH3	3	0.0615	0.7253
MAPRE3	GOLPH3	3	0.1742	0.6245
KRT8	SAV1	3	0.7373	0.0393
MAPRE3	SAV1	3	0.0032	0.8442
KRT8	SMOC1	3	0.0021	0.8502
LMNA	SMOC1	3	0.0013	0.8550
ACTB	SMOC1	3	0.0044	0.8389
KRT8	EPB41L1	3	0.3060	0.5015
LMNA	EPB41L1	3	0.1270	0.6658
ACTB	EPB41L1	3	0.3802	0.3011
CTNNA1	EPB41L1	3	0.2301	0.5780
MAPRE3	EPB41L1	3	0.1548	0.6411
KRT8	GLIPR2	3	0.0041	0.8402
LMNA	GLIPR2	3	0.0007	0.8600
ACTB	GLIPR2	3	0.0072	0.8270
CTNNA1	GLIPR2	3	0.0000	0.8712
MAPRE3	GLIPR2	3	0.0000	0.8712
KRT8	FAM83D	3	0.7554	0.0325
LMNA	FAM83D	3	0.0185	0.7881
ACTB	FAM83D	3	0.0422	0.7465
CTNNA1	FAM83D	3	0.0008	0.8590
MAPRE3	FAM83D	3	0.1087	0.6817
LMNA	ZHX3	3	0.2399	0.5701
KRT8	TRABD	3	0.0349	0.7564
ACTB	TRABD	3	0.0197	0.7849
KRT8	SENP3	3	0.1664	0.6307
LMNA	SENP3	3	0.0110	0.8122
ACTB	SENP3	3	0.0064	0.8304
CTNNA1	SENP3	3	0.0002	0.8663
MAPRE3	SENP3	3	0.0016	0.8531
KRT8	OSBPL3	3	0.0264	0.7703
ACTB	OSBPL3	3	0.0181	0.7892
CTNNA1	OSBPL3	3	0.0001	0.8682
MAPRE3	OSBPL3	3	0.0007	0.8600
KRT8	SMARCAD1	3	0.1327	0.6609
LMNA	SMARCAD1	3	0.0220	0.7790
ACTB	SMARCAD1	3	0.0052	0.8354
MAPRE3	SMARCAD1	3	0.0001	0.8682
KRT8	EHD1	3	0.0103	0.8147
LMNA	EHD1	3	0.0013	0.8550
ACTB	EHD1	3	0.0128	0.8061
CTNNA1	EHD1	3	0.0001	0.8682
MAPRE3	EHD1	3	0.0002	0.8663
LMNA	PCIF1	3	0.0007	0.8600
LMNA	ESF1	3	0.1827	0.6162
KRT8	ZNF644	3	0.0029	0.8459
LMNA	ZNF644	3	0.0043	0.8392
MAPRE3	ZNF644	3	0.0001	0.8682
KRT8	HEATR1	3	0.3261	0.4754
LMNA	HEATR1	3	0.2017	0.6017
ACTB	HEATR1	3	0.1696	0.6285
CTNNA1	HEATR1	3	0.0341	0.7576
MAPRE3	HEATR1	3	0.0956	0.6931
ACTB	PIEZO2	3	0.0004	0.8632
KRT8	RABEP2	3	1.0000	0.0000
KRT8	TFB2M	3	0.2897	0.5214
LMNA	TFB2M	3	0.0469	0.7410
ACTB	TFB2M	3	0.0484	0.7392
MAPRE3	TFB2M	3	0.0059	0.8324
KRT8	STEEP1	3	0.2074	0.5977
LMNA	STEEP1	3	0.3622	0.3396
ACTB	STEEP1	3	0.1965	0.6055
CTNNA1	STEEP1	3	0.0782	0.7093
MAPRE3	STEEP1	3	0.1862	0.6135
KRT8	CIAO2A	3	0.0023	0.8489
LMNA	CIAO2A	3	0.0003	0.8647
MAPRE3	CIAO2A	3	0.0002	0.8663
KRT8	DHX35	3	0.0031	0.8449
LMNA	DHX35	3	0.3029	0.5053
ACTB	DHX35	3	0.0002	0.8663
MAPRE3	DHX35	3	0.0016	0.8531
KRT8	NSUN3	3	0.2879	0.5234
ACTB	NSUN3	3	0.0104	0.8144
MAPRE3	NSUN3	3	0.0024	0.8483
KRT8	BICC1	3	0.0123	0.8079
ACTB	BICC1	3	0.0437	0.7448
MAPRE3	BICC1	3	0.0093	0.8186
KRT8	PCNX3	3	0.0199	0.7843
LMNA	PCNX3	3	0.0002	0.8663
ACTB	PCNX3	3	0.0200	0.7840
KRT8	HAUS4	3	0.6738	0.0611
ACTB	HAUS4	3	0.0211	0.7813
MAPRE3	HAUS4	3	0.0036	0.8424
LMNA	REEP4	3	1.0000	0.0000
KRT8	CSTPP1	3	0.0590	0.7273
LMNA	CSTPP1	3	0.0008	0.8590
ACTB	CSTPP1	3	0.0205	0.7827
CTNNA1	CSTPP1	3	0.0006	0.8612
MAPRE3	CSTPP1	3	0.0062	0.8312
KRT8	ILRUN	3	0.1328	0.6607
LMNA	ILRUN	3	0.0026	0.8473
ACTB	ILRUN	3	0.0079	0.8242
KRT8	CIAO3	3	0.0069	0.8283
LMNA	CIAO3	3	0.0619	0.7250
ACTB	CIAO3	3	0.1331	0.6603
CTNNA1	CIAO3	3	0.0359	0.7549
MAPRE3	CIAO3	3	0.0275	0.7681
KRT8	DHX33	3	0.0058	0.8327
KRT8	NOL6	3	0.2720	0.5386
LMNA	NOL6	3	0.3409	0.3903
ACTB	NOL6	3	0.2602	0.5509
CTNNA1	NOL6	3	0.0074	0.8260
MAPRE3	NOL6	3	0.1478	0.6469
KRT8	WDCP	3	0.4403	0.2270
LMNA	WDCP	3	0.0099	0.8164
ACTB	WDCP	3	0.0148	0.7989
CTNNA1	WDCP	3	0.0002	0.8663
MAPRE3	WDCP	3	0.0076	0.8253
KRT8	YTHDC2	3	0.4487	0.2183
LMNA	YTHDC2	3	0.2380	0.5714
ACTB	YTHDC2	3	0.4369	0.2296
CTNNA1	YTHDC2	3	0.2464	0.5642
MAPRE3	YTHDC2	3	0.4090	0.2556
KRT8	AZI2	3	0.0937	0.6948
LMNA	AZI2	3	0.0002	0.8663
ACTB	AZI2	3	0.0207	0.7823
MAPRE3	AZI2	3	0.0013	0.8550
KRT8	EPS8L2	3	0.2291	0.5787
ACTB	EPS8L2	3	0.4447	0.2225
KRT8	RPAP3	3	0.3570	0.3489
LMNA	RPAP3	3	0.1943	0.6076
ACTB	RPAP3	3	0.2954	0.5145
CTNNA1	RPAP3	3	0.1079	0.6823
MAPRE3	RPAP3	3	0.1865	0.6129
KRT8	BCAS3	3	0.0235	0.7762
ACTB	BCAS3	3	0.0167	0.7929
CTNNA1	BCAS3	3	0.0002	0.8663
MAPRE3	BCAS3	3	0.0043	0.8392
KRT8	LDAH	3	0.0286	0.7665
LMNA	LDAH	3	0.0017	0.8526
ACTB	LDAH	3	0.0160	0.7952
MAPRE3	LDAH	3	0.0004	0.8632
KRT8	ANTXR1	3	0.0206	0.7826
LMNA	ANTXR1	3	0.0118	0.8094
ACTB	ANTXR1	3	0.0005	0.8621
CTNNA1	ANTXR1	3	0.0001	0.8682
MAPRE3	ANTXR1	3	0.0008	0.8590
KRT8	C19orf44	3	1.0000	0.0000
KRT8	WDR55	3	0.0018	0.8519
LMNA	WDR55	3	0.0314	0.7615
ACTB	WDR55	3	0.0047	0.8376
KRT8	RANBP3	3	0.0014	0.8544
LMNA	RANBP3	3	0.0829	0.7045
KRT8	DCTPP1	3	0.0174	0.7910
LMNA	DCTPP1	3	0.0191	0.7866
ACTB	DCTPP1	3	0.0233	0.7765
CTNNA1	DCTPP1	3	0.0133	0.8044
MAPRE3	DCTPP1	3	0.0048	0.8371
KRT8	SH2D4A	3	0.2490	0.5619
LMNA	SH2D4A	3	0.1551	0.6407
ACTB	SH2D4A	3	0.3602	0.3443
CTNNA1	SH2D4A	3	0.0686	0.7180
MAPRE3	SH2D4A	3	0.1671	0.6300
KRT8	EXO5	3	0.3385	0.3973
LMNA	EXO5	3	0.0151	0.7980
ACTB	EXO5	3	0.0094	0.8181
CTNNA1	EXO5	3	0.0003	0.8647
MAPRE3	EXO5	3	0.0021	0.8502
KRT8	PEAK1	3	0.2781	0.5327
LMNA	PEAK1	3	0.1134	0.6773
ACTB	PEAK1	3	0.3889	0.2835
CTNNA1	PEAK1	3	0.1859	0.6138
MAPRE3	PEAK1	3	0.2325	0.5760
KRT8	CPLANE1	3	0.0801	0.7077
ACTB	CPLANE1	3	0.0032	0.8442
MAPRE3	CPLANE1	3	0.0142	0.8012
KRT8	RPF2	3	0.3084	0.4981
LMNA	RPF2	3	0.2158	0.5902
ACTB	RPF2	3	0.2265	0.5808
CTNNA1	RPF2	3	0.0485	0.7390
MAPRE3	RPF2	3	0.0475	0.7403
KRT8	SYNC	3	0.6551	0.1461
ACTB	SYNC	3	0.0135	0.8037
MAPRE3	SYNC	3	0.0006	0.8612
KRT8	DOCK5	3	0.0976	0.6910
ACTB	DOCK5	3	0.0365	0.7539
CTNNA1	DOCK5	3	0.0001	0.8682
MAPRE3	DOCK5	3	0.0033	0.8438
LMNA	WDR26	3	0.1098	0.6806
ACTB	WDR26	3	0.2084	0.5967
CTNNA1	WDR26	3	0.0115	0.8103
KRT8	TDRD3	3	0.1347	0.6592
ACTB	TDRD3	3	0.1215	0.6705
MAPRE3	TDRD3	3	0.0877	0.7000
KRT8	C8orf33	3	0.0452	0.7430
LMNA	C8orf33	3	0.0348	0.7566
ACTB	C8orf33	3	0.0003	0.8647
CTNNA1	C8orf33	3	0.0141	0.8015
MAPRE3	C8orf33	3	0.0072	0.8270
LMNA	SUDS3	3	0.1003	0.6886
LMNA	SCAF1	3	0.0014	0.8544
ACTB	SCAF1	3	0.0003	0.8647
KRT8	PLEKHG2	3	0.0434	0.7453
ACTB	PLEKHG2	3	0.3472	0.3685
MAPRE3	PLEKHG2	3	0.0021	0.8502
LMNA	AUNIP	3	0.6667	0.0696
KRT8	CCSER2	3	1.0000	0.0000
MAPRE3	CCSER2	3	1.0000	0.0000
LMNA	NRDE2	3	0.2854	0.5250
KRT8	PHAX	3	0.0020	0.8508
LMNA	PHAX	3	0.0516	0.7354
ACTB	PHAX	3	0.0024	0.8483
CTNNA1	PHAX	3	0.0000	0.8712
MAPRE3	PHAX	3	0.0007	0.8600
KRT8	GEMIN7	3	0.0049	0.8367
KRT8	ACAD9	3	0.7167	0.0458
ACTB	ACAD9	3	0.1081	0.6821
MAPRE3	ACAD9	3	0.0241	0.7748
KRT8	NT5DC2	3	0.1500	0.6455
LMNA	NT5DC2	3	0.2106	0.5944
ACTB	NT5DC2	3	0.0392	0.7503
CTNNA1	NT5DC2	3	0.1037	0.6858
MAPRE3	NT5DC2	3	0.0374	0.7527
KRT8	YY1AP1	3	0.0000	0.8712
LMNA	YY1AP1	3	0.0034	0.8433
ACTB	YY1AP1	3	0.0000	0.8712
MAPRE3	YY1AP1	3	0.0002	0.8663
LMNA	KAT14	3	0.0018	0.8519
LMNA	ZNF430	3	0.3760	0.3101
KRT8	CAAP1	3	0.0007	0.8600
LMNA	CAAP1	3	0.0161	0.7948
KRT8	NOL11	3	0.2224	0.5848
LMNA	NOL11	3	0.1228	0.6691
ACTB	NOL11	3	0.0427	0.7460
MAPRE3	NOL11	3	0.0163	0.7943
KRT8	DDX31	3	0.0035	0.8429
LMNA	DDX31	3	0.0029	0.8459
ACTB	DDX31	3	0.0007	0.8600
CTNNA1	DDX31	3	0.0000	0.8712
MAPRE3	DDX31	3	0.0003	0.8647
KRT8	PAAT	3	0.1060	0.6839
ACTB	PAAT	3	0.0120	0.8088
LMNA	BRD9	3	0.0036	0.8424
CTNNA1	MINDY3	3	0.0974	0.6914
KRT8	ECT2	3	0.0011	0.8566
LMNA	ECT2	3	0.3730	0.3168
ACTB	ECT2	3	0.0018	0.8519
MAPRE3	ECT2	3	0.0043	0.8392
LMNA	FAM204A	3	1.0000	0.0000
KRT8	ANKZF1	3	0.0047	0.8376
ACTB	ANKZF1	3	0.0013	0.8550
MAPRE3	ANKZF1	3	0.0015	0.8537
KRT8	GORASP2	3	0.0000	0.8712
ACTB	GORASP2	3	0.0013	0.8550
KRT8	ZWILCH	3	0.0317	0.7612
LMNA	ZWILCH	3	0.0004	0.8632
ACTB	ZWILCH	3	0.0064	0.8304
MAPRE3	ZWILCH	3	0.0001	0.8682
KRT8	JPT2	3	0.3143	0.4902
LMNA	JPT2	3	0.2037	0.6004
ACTB	JPT2	3	0.2803	0.5295
CTNNA1	JPT2	3	0.0316	0.7613
MAPRE3	JPT2	3	0.1082	0.6820
KRT8	RNF121	3	0.2491	0.5616
LMNA	RNF121	3	0.3721	0.3181
ACTB	RNF121	3	0.2739	0.5366
CTNNA1	RNF121	3	0.1247	0.6677
MAPRE3	RNF121	3	0.1614	0.6352
KRT8	SLC25A22	3	1.0000	0.0000
LMNA	SLC25A22	3	1.0000	0.0000
ACTB	SLC25A22	3	0.3333	0.4115
LMNA	WDR76	3	0.1641	0.6324
ACTB	WDR76	3	0.0014	0.8544
MAPRE3	WDR76	3	0.0464	0.7415
MAPRE3	MARCHF7	3	1.0000	0.0000
KRT8	CNOT10	3	0.2930	0.5175
ACTB	CNOT10	3	0.1632	0.6335
KRT8	LRRC40	3	0.3662	0.3314
LMNA	LRRC40	3	0.1763	0.6227
ACTB	LRRC40	3	0.2369	0.5723
CTNNA1	LRRC40	3	0.0902	0.6981
MAPRE3	LRRC40	3	0.0952	0.6934
LMNA	RMI1	3	0.9994	0.0000
KRT8	EHMT1	3	0.0003	0.8647
LMNA	EHMT1	3	0.0094	0.8181
ACTB	EHMT1	3	0.0008	0.8590
MAPRE3	EHMT1	3	0.0006	0.8612
KRT8	SFXN1	3	0.3304	0.4689
LMNA	SFXN1	3	0.2892	0.5220
ACTB	SFXN1	3	0.0934	0.6952
CTNNA1	SFXN1	3	0.0334	0.7585
MAPRE3	SFXN1	3	0.0773	0.7102
KRT8	VIPAS39	3	0.2676	0.5432
LMNA	VIPAS39	3	0.0028	0.8464
ACTB	VIPAS39	3	0.0295	0.7650
MAPRE3	VIPAS39	3	0.0028	0.8464
KRT8	COG4	3	0.3625	0.3385
LMNA	COG4	3	0.0069	0.8283
ACTB	COG4	3	0.0154	0.7970
CTNNA1	COG4	3	0.0001	0.8682
MAPRE3	COG4	3	0.0018	0.8519
KRT8	ACTR5	3	0.1103	0.6801
LMNA	ACTR5	3	0.0097	0.8172
KRT8	AGO3	3	0.0691	0.7178
ACTB	AGO3	3	0.0134	0.8040
MAPRE3	AGO3	3	0.0029	0.8459
KRT8	VPS37B	3	0.0030	0.8454
LMNA	VPS37B	3	0.0018	0.8519
ACTB	VPS37B	3	0.0024	0.8483
CTNNA1	VPS37B	3	0.0000	0.8712
KRT8	MRPL44	3	1.0000	0.0000
KRT8	USP42	3	0.0000	0.8712
LMNA	USP42	3	0.0013	0.8550
ACTB	USP42	3	0.0001	0.8682
MAPRE3	USP42	3	0.0000	0.8712
LMNA	ISG20L2	3	0.3333	0.4115
LMNA	KANSL2	3	0.6667	0.0696
KRT8	UNKL	3	1.0000	0.0000
KRT8	L2HGDH	3	0.0056	0.8337
LMNA	L2HGDH	3	0.0023	0.8489
KRT8	ELP3	3	0.0656	0.7211
LMNA	ELP3	3	0.0003	0.8647
ACTB	ELP3	3	0.0069	0.8283
MAPRE3	ELP3	3	0.0057	0.8332
KRT8	POLR1B	3	0.1143	0.6767
ACTB	POLR1B	3	0.0023	0.8489
MAPRE3	POLR1B	3	0.0013	0.8550
KRT8	FN3KRP	3	0.0036	0.8424
LMNA	FN3KRP	3	0.0136	0.8031
ACTB	FN3KRP	3	0.0048	0.8371
CTNNA1	FN3KRP	3	0.0102	0.8152
MAPRE3	FN3KRP	3	0.0031	0.8449
KRT8	CARS2	3	1.0000	0.0000
KRT8	WDR41	3	0.3146	0.4894
LMNA	WDR41	3	0.1578	0.6386
ACTB	WDR41	3	0.2276	0.5800
CTNNA1	WDR41	3	0.0241	0.7748
LMNA	FBRS	3	0.2021	0.6015
KRT8	PLEKHA5	3	0.3142	0.4903
LMNA	PLEKHA5	3	0.0773	0.7102
ACTB	PLEKHA5	3	0.2487	0.5620
CTNNA1	PLEKHA5	3	0.2814	0.5285
MAPRE3	PLEKHA5	3	0.5449	0.1719
KRT8	UPF2	3	0.0664	0.7202
LMNA	UPF2	3	0.0002	0.8663
ACTB	UPF2	3	0.0324	0.7601
CTNNA1	UPF2	3	0.0000	0.8712
MAPRE3	UPF2	3	0.0090	0.8199
KRT8	GNB4	3	0.1208	0.6712
LMNA	GNB4	3	0.0388	0.7508
ACTB	GNB4	3	0.0840	0.7035
CTNNA1	GNB4	3	0.0095	0.8177
MAPRE3	GNB4	3	0.0033	0.8438
KRT8	XPO5	3	0.0178	0.7901
LMNA	XPO5	3	0.0002	0.8663
ACTB	XPO5	3	0.0037	0.8419
MAPRE3	XPO5	3	0.0000	0.8712
KRT8	GRPEL1	3	0.4154	0.2468
ACTB	GRPEL1	3	0.1965	0.6055
CTNNA1	GRPEL1	3	0.0273	0.7686
MAPRE3	GRPEL1	3	0.0072	0.8270
KRT8	CLSPN	3	0.0028	0.8464
LMNA	CLSPN	3	0.0827	0.7048
ACTB	CLSPN	3	0.0010	0.8573
MAPRE3	CLSPN	3	0.0005	0.8621
KRT8	PLEKHA2	3	0.3285	0.4719
LMNA	PLEKHA2	3	0.2534	0.5570
ACTB	PLEKHA2	3	0.3005	0.5086
CTNNA1	PLEKHA2	3	0.0731	0.7144
MAPRE3	PLEKHA2	3	0.2163	0.5895
KRT8	PLEKHA1	3	0.0000	0.8712
ACTB	PLEKHA1	3	0.0000	0.8712
MAPRE3	PLEKHA1	3	0.0000	0.8712
KRT8	CACYBP	3	0.2797	0.5304
LMNA	CACYBP	3	0.2023	0.6013
ACTB	CACYBP	3	0.2351	0.5739
CTNNA1	CACYBP	3	0.0140	0.8018
MAPRE3	CACYBP	3	0.0557	0.7308
KRT8	RC3H2	3	0.0157	0.7961
LMNA	RC3H2	3	0.0001	0.8682
ACTB	RC3H2	3	0.0103	0.8147
CTNNA1	RC3H2	3	0.0002	0.8663
MAPRE3	RC3H2	3	0.0017	0.8526
KRT8	ZFYVE1	3	0.0332	0.7588
LMNA	ZFYVE1	3	0.0005	0.8621
ACTB	ZFYVE1	3	0.0157	0.7961
CTNNA1	ZFYVE1	3	0.0009	0.8582
MAPRE3	ZFYVE1	3	0.0046	0.8380
KRT8	IFT122	3	0.0498	0.7376
ACTB	IFT122	3	0.0099	0.8164
KRT8	PARVB	3	0.0113	0.8111
LMNA	PARVB	3	0.0001	0.8682
ACTB	PARVB	3	0.0016	0.8531
MAPRE3	PARVB	3	0.0002	0.8663
ACTB	TNS1	3	0.0252	0.7724
KRT8	VEZT	3	0.0103	0.8147
ACTB	VEZT	3	0.9315	0.0044
KRT8	SPC25	3	0.0004	0.8632
ACTB	SPC25	3	0.0026	0.8473
LMNA	TAF9B	3	0.0139	0.8022
MAPRE3	TAF9B	3	0.0003	0.8647
KRT8	TMEM165	3	0.3079	0.4986
LMNA	TMEM165	3	0.0300	0.7640
ACTB	TMEM165	3	0.0321	0.7605
MAPRE3	TMEM165	3	0.0017	0.8526
KRT8	SLC25A19	3	0.0013	0.8550
LMNA	SLC25A19	3	0.0016	0.8531
ACTB	SLC25A19	3	0.0007	0.8600
KRT8	EML4	3	0.2206	0.5864
LMNA	EML4	3	0.1480	0.6467
ACTB	EML4	3	0.2353	0.5736
CTNNA1	EML4	3	0.0932	0.6953
MAPRE3	EML4	3	0.4206	0.2414
KRT8	GLOD4	3	0.0740	0.7133
LMNA	GLOD4	3	0.0173	0.7914
ACTB	GLOD4	3	0.5760	0.1634
CTNNA1	GLOD4	3	0.0073	0.8266
MAPRE3	GLOD4	3	0.0052	0.8354
KRT8	GPBP1L1	3	0.0094	0.8181
ACTB	GPBP1L1	3	0.1137	0.6770
MAPRE3	GPBP1L1	3	0.0053	0.8350
LMNA	CBX8	3	0.0089	0.8203
KRT8	SENP2	3	0.0063	0.8308
LMNA	SENP2	3	0.0514	0.7357
MAPRE3	SENP2	3	0.0005	0.8621
KRT8	CPAP	3	0.3033	0.5047
MAPRE3	CPAP	3	0.3418	0.3866
LMNA	ZBTB20	3	0.6667	0.0696
ACTB	MUC5B	3	0.3333	0.4115
KRT8	NEK6	3	0.2088	0.5963
LMNA	NEK6	3	0.3328	0.4639
ACTB	NEK6	3	0.0072	0.8270
MAPRE3	NEK6	3	0.0017	0.8526
KRT8	MCCC2	3	0.0225	0.7780
LMNA	MCCC2	3	0.0103	0.8147
ACTB	MCCC2	3	0.0110	0.8122
CTNNA1	MCCC2	3	0.0089	0.8203
MAPRE3	MCCC2	3	0.0036	0.8424
KRT8	NCOA5	3	0.0031	0.8449
LMNA	NCOA5	3	0.1623	0.6343
MAPRE3	NCOA5	3	0.0003	0.8647
KRT8	TANC2	3	0.0555	0.7311
LMNA	TANC2	3	0.0010	0.8573
ACTB	TANC2	3	0.0244	0.7741
CTNNA1	TANC2	3	0.0004	0.8632
MAPRE3	TANC2	3	0.0066	0.8297
KRT8	EPG5	3	0.1387	0.6553
ACTB	EPG5	3	0.0137	0.8027
MAPRE3	EPG5	3	0.0004	0.8632
KRT8	MOV10	3	0.0103	0.8147
LMNA	MOV10	3	0.0241	0.7748
ACTB	MOV10	3	0.0028	0.8464
CTNNA1	MOV10	3	0.0000	0.8712
MAPRE3	MOV10	3	0.0001	0.8682
LMNA	ZNF532	3	0.0085	0.8220
KRT8	SMURF1	3	0.0057	0.8332
ACTB	SMURF1	3	0.0029	0.8459
LMNA	CWC22	3	0.0482	0.7395
KRT8	NCKAP5L	3	0.5618	0.1674
LMNA	NCKAP5L	3	0.0013	0.8550
ACTB	NCKAP5L	3	0.0224	0.7783
CTNNA1	NCKAP5L	3	0.0043	0.8392
MAPRE3	NCKAP5L	3	0.5092	0.1851
KRT8	MAGEE1	3	0.3333	0.4115
LMNA	MSL2	3	0.0023	0.8489
KRT8	RAVER2	3	0.0068	0.8289
LMNA	RAVER2	3	0.3422	0.3844
KRT8	ZDBF2	3	0.0105	0.8141
LMNA	ZDBF2	3	0.0047	0.8376
ACTB	ZDBF2	3	0.0001	0.8682
MAPRE3	ZDBF2	3	0.0002	0.8663
KRT8	CHD8	3	0.0000	0.8712
LMNA	CHD8	3	0.0074	0.8260
ACTB	CHD8	3	0.0001	0.8682
MAPRE3	CHD8	3	0.0000	0.8712
KRT8	GPAM	3	0.0042	0.8397
ACTB	GPAM	3	0.0011	0.8566
LMNA	RESF1	3	0.0020	0.8508
CTNNA1	RESF1	3	0.0033	0.8438
KRT8	KIAA1549	3	0.0069	0.8283
ACTB	KIAA1549	3	0.0019	0.8514
KRT8	FBRSL1	3	0.1912	0.6097
LMNA	FBRSL1	3	0.0059	0.8324
KRT8	GPN1	3	0.3886	0.2841
ACTB	GPN1	3	0.0304	0.7632
KRT8	EPB41L4A	3	0.1120	0.6786
ACTB	EPB41L4A	3	0.0062	0.8312
KRT8	XAB2	3	0.2353	0.5736
LMNA	XAB2	3	0.2910	0.5197
ACTB	XAB2	3	0.2422	0.5679
CTNNA1	XAB2	3	0.0486	0.7389
MAPRE3	XAB2	3	0.2166	0.5893
KRT8	PREB	3	0.0546	0.7322
LMNA	PREB	3	0.0044	0.8389
ACTB	PREB	3	0.0112	0.8115
CTNNA1	PREB	3	0.0005	0.8621
LMNA	S100A14	3	0.0902	0.6981
ACTB	S100A14	3	0.3226	0.4800
KRT8	SRA1	3	0.0139	0.8022
LMNA	SRA1	3	0.0023	0.8489
ACTB	SRA1	3	0.0084	0.8224
MAPRE3	SRA1	3	0.0011	0.8566
KRT8	ATP13A1	3	0.2058	0.5987
LMNA	ATP13A1	3	0.4446	0.2229
ACTB	ATP13A1	3	0.2974	0.5127
CTNNA1	ATP13A1	3	0.0649	0.7218
MAPRE3	ATP13A1	3	0.0096	0.8174
KRT8	GOPC	3	0.3774	0.3070
LMNA	GOPC	3	0.1545	0.6414
ACTB	GOPC	3	0.3039	0.5040
CTNNA1	GOPC	3	0.0724	0.7151
MAPRE3	GOPC	3	0.1743	0.6244
KRT8	CHMP1A	3	0.0077	0.8250
KRT8	TM9SF3	3	0.0007	0.8600
ACTB	TM9SF3	3	0.0001	0.8682
KRT8	MYO10	3	0.8933	0.0076
LMNA	MYO10	3	0.0626	0.7242
ACTB	MYO10	3	0.0172	0.7916
MAPRE3	MYO10	3	0.0032	0.8442
KRT8	WDR6	3	0.0237	0.7758
LMNA	WDR6	3	0.0028	0.8464
ACTB	WDR6	3	0.0073	0.8266
CTNNA1	WDR6	3	0.0000	0.8712
MAPRE3	WDR6	3	0.0004	0.8632
KRT8	TUFT1	3	0.0562	0.7303
LMNA	TUFT1	3	0.0002	0.8663
ACTB	TUFT1	3	0.0072	0.8270
ACTB	BPIFA1	3	0.3333	0.4115
KRT8	ARFGAP3	3	0.0211	0.7813
LMNA	ARFGAP3	3	0.0021	0.8502
ACTB	ARFGAP3	3	0.0090	0.8199
CTNNA1	ARFGAP3	3	0.0001	0.8682
MAPRE3	ARFGAP3	3	0.0034	0.8433
KRT8	ZCCHC17	3	0.0062	0.8312
LMNA	ZCCHC17	3	0.0185	0.7881
ACTB	ZCCHC17	3	0.0125	0.8071
CTNNA1	ZCCHC17	3	0.0101	0.8155
MAPRE3	ZCCHC17	3	0.0026	0.8473
KRT8	RAB18	3	0.6680	0.0685
LMNA	RAB18	3	0.0093	0.8186
ACTB	RAB18	3	0.0143	0.8008
CTNNA1	RAB18	3	0.0093	0.8186
MAPRE3	RAB18	3	0.0031	0.8449
KRT8	ALG13	3	0.3683	0.3267
ACTB	ALG13	3	0.0140	0.8018
KRT8	PALMD	3	0.0176	0.7907
ACTB	PALMD	3	0.5095	0.1847
CTNNA1	PALMD	3	0.0007	0.8600
MAPRE3	PALMD	3	0.0027	0.8469
LMNA	SSU72	3	0.0248	0.7731
KRT8	VTA1	3	0.3777	0.3062
LMNA	VTA1	3	0.1083	0.6819
KRT8	PNPLA8	3	1.0000	0.0000
LMNA	SARS2	3	0.3333	0.4115
KRT8	MRPS30	3	0.6667	0.0696
LMNA	EMC7	3	1.0000	0.0000
KRT8	MID1IP1	3	0.0077	0.8250
LMNA	MID1IP1	3	0.0016	0.8531
ACTB	MID1IP1	3	0.0071	0.8274
KRT8	UBE2T	3	0.2505	0.5601
LMNA	UBE2T	3	0.3631	0.3370
ACTB	UBE2T	3	0.1556	0.6402
MAPRE3	UBE2T	3	0.1551	0.6407
LMNA	DMAP1	3	0.0073	0.8266
ACTB	DMAP1	3	0.0048	0.8371
MAPRE3	DMAP1	3	0.0010	0.8573
LMNA	UBN1	3	0.0130	0.8054
MAPRE3	UBN1	3	0.0001	0.8682
CTNNA1	IL1RAP	3	0.0090	0.8199
LMNA	BRD7	3	0.0297	0.7646
KRT8	DCP1A	3	0.0299	0.7642
LMNA	DCP1A	3	0.0014	0.8544
ACTB	DCP1A	3	0.0092	0.8190
MAPRE3	DCP1A	3	0.0016	0.8531
ACTB	MED4	3	0.0008	0.8590
KRT8	RIC8A	3	0.3202	0.4827
LMNA	RIC8A	3	0.2438	0.5668
ACTB	RIC8A	3	0.3229	0.4796
CTNNA1	RIC8A	3	0.0831	0.7042
MAPRE3	RIC8A	3	0.2231	0.5839
LMNA	LUC7L	3	0.3333	0.4115
KRT8	LZTFL1	3	0.0054	0.8345
ACTB	LZTFL1	3	0.0076	0.8253
MAPRE3	LZTFL1	3	0.0000	0.8712
KRT8	PPAN	3	0.0092	0.8190
LMNA	PPAN	3	0.0024	0.8483
ACTB	PPAN	3	0.0016	0.8531
MAPRE3	PPAN	3	0.0001	0.8682
KRT8	TRIM36	3	0.3333	0.4115
MAPRE3	TRIM36	3	1.0000	0.0000
KRT8	TIGAR	3	0.2602	0.5509
LMNA	TIGAR	3	0.0104	0.8144
ACTB	TIGAR	3	0.1235	0.6686
KRT8	COPRS	3	0.0161	0.7948
LMNA	COPRS	3	0.0013	0.8550
ACTB	COPRS	3	0.0065	0.8300
MAPRE3	COPRS	3	0.0000	0.8712
LMNA	TCF7L2	3	0.1573	0.6389
KRT8	JADE2	3	0.6667	0.0696
KRT8	RTN4	3	0.3866	0.2878
LMNA	RTN4	3	0.1611	0.6354
ACTB	RTN4	3	0.3748	0.3139
CTNNA1	RTN4	3	0.1775	0.6214
MAPRE3	RTN4	3	0.2851	0.5256
KRT8	CYLD	3	0.2921	0.5185
LMNA	CYLD	3	0.1264	0.6663
ACTB	CYLD	3	0.2401	0.5698
CTNNA1	CYLD	3	0.0529	0.7342
MAPRE3	CYLD	3	0.1251	0.6675
KRT8	RPRD1B	3	0.0322	0.7603
LMNA	RPRD1B	3	0.1563	0.6396
ACTB	RPRD1B	3	0.0406	0.7485
MAPRE3	RPRD1B	3	0.0199	0.7843
KRT8	DDX4	3	0.3333	0.4115
KRT8	RRAGC;RRAGD	3	0.3060	0.5015
LMNA	RRAGC;RRAGD	3	0.2451	0.5658
CTNNA1	RRAGC;RRAGD	3	0.0208	0.7820
ACTB	PFDN4	3	0.6667	0.0696
CTNNA1	PFDN4	3	0.3333	0.4115
ACTB	NIT2	3	0.0027	0.8469
KRT8	AVEN	3	0.0099	0.8164
LMNA	AVEN	3	0.0000	0.8712
ACTB	AVEN	3	0.0070	0.8278
MAPRE3	AVEN	3	0.0011	0.8566
KRT8	INCENP	3	0.2374	0.5718
LMNA	INCENP	3	0.2921	0.5185
ACTB	INCENP	3	0.1785	0.6204
CTNNA1	INCENP	3	0.0343	0.7574
MAPRE3	INCENP	3	0.2262	0.5812
LMNA	EXOSC3	3	0.0178	0.7901
KRT8	KIF13B	3	0.0091	0.8194
ACTB	KIF13B	3	0.2071	0.5979
MAPRE3	KIF13B	3	0.1255	0.6671
LMNA	PRDM11	3	0.2575	0.5534
KRT8	ANLN	3	0.2139	0.5916
LMNA	ANLN	3	0.2592	0.5518
ACTB	ANLN	3	0.2429	0.5676
CTNNA1	ANLN	3	0.0492	0.7382
MAPRE3	ANLN	3	0.1881	0.6119
KRT8	GPHN	3	0.3112	0.4944
LMNA	GPHN	3	0.0092	0.8190
ACTB	GPHN	3	0.2710	0.5397
CTNNA1	GPHN	3	0.0692	0.7176
MAPRE3	GPHN	3	0.1581	0.6384
LMNA	UTP3	3	0.0158	0.7958
KRT8	BIRC6	3	0.3605	0.3439
LMNA	BIRC6	3	0.1961	0.6057
ACTB	BIRC6	3	0.2531	0.5575
CTNNA1	BIRC6	3	0.0963	0.6923
MAPRE3	BIRC6	3	0.1598	0.6366
KRT8	PDLIM7	3	0.2520	0.5585
LMNA	PDLIM7	3	0.0998	0.6891
ACTB	PDLIM7	3	0.3932	0.2772
CTNNA1	PDLIM7	3	0.0856	0.7017
MAPRE3	PDLIM7	3	0.1264	0.6663
KRT8	DDX21	3	0.2795	0.5307
LMNA	DDX21	3	0.2503	0.5603
ACTB	DDX21	3	0.1005	0.6884
CTNNA1	DDX21	3	0.0138	0.8025
MAPRE3	DDX21	3	0.0486	0.7389
KRT8	SAR1A	3	0.0732	0.7142
LMNA	SAR1A	3	0.4854	0.1945
ACTB	SAR1A	3	0.1610	0.6355
CTNNA1	SAR1A	3	0.0596	0.7267
MAPRE3	SAR1A	3	0.0920	0.6963
LMNA	NANS	3	0.3333	0.4115
KRT8	SH3GLB2	3	0.3310	0.4675
ACTB	SH3GLB2	3	0.0200	0.7840
MAPRE3	SH3GLB2	3	0.0006	0.8612
KRT8	ASH1L	3	0.0000	0.8712
LMNA	ASH1L	3	0.0113	0.8111
MAPRE3	ASH1L	3	0.0022	0.8496
KRT8	EIF2B3	3	0.0341	0.7576
LMNA	EIF2B3	3	0.0019	0.8514
ACTB	EIF2B3	3	0.0136	0.8031
CTNNA1	EIF2B3	3	0.0002	0.8663
MAPRE3	EIF2B3	3	0.0012	0.8558
KRT8	ARHGEF4	3	0.6667	0.0696
LMNA	ARHGEF3	3	0.6667	0.0696
KRT8	EIF4ENIF1	3	0.0397	0.7498
LMNA	EIF4ENIF1	3	0.0000	0.8712
ACTB	EIF4ENIF1	3	0.0128	0.8061
MAPRE3	EIF4ENIF1	3	0.0042	0.8397
LMNA	ST7	3	0.6667	0.0696
ACTB	ST7	3	0.3333	0.4115
KRT8	PICK1	3	1.0000	0.0000
LMNA	TSHZ2	3	0.3424	0.3839
KRT8	CTPS2	3	0.0008	0.8590
KRT8	CHRAC1	3	0.0008	0.8590
KRT8	AAAS	3	0.1105	0.6798
LMNA	AAAS	3	0.5002	0.1898
ACTB	AAAS	3	0.0319	0.7608
CTNNA1	AAAS	3	0.0168	0.7927
MAPRE3	AAAS	3	0.0090	0.8199
KRT8	TULP4	3	0.0002	0.8663
ACTB	TULP4	3	0.0000	0.8712
KRT8	ABCB10	3	0.6667	0.0696
KRT8	BAZ1A	3	0.0078	0.8246
LMNA	BAZ1A	3	0.0081	0.8234
MAPRE3	BAZ1A	3	0.0000	0.8712
KRT8	STRN4	3	0.2750	0.5354
LMNA	STRN4	3	0.0989	0.6898
ACTB	STRN4	3	0.2366	0.5725
CTNNA1	STRN4	3	0.0914	0.6970
MAPRE3	STRN4	3	0.0837	0.7037
KRT8	LATS2	3	0.1396	0.6544
ACTB	LATS2	3	0.0091	0.8194
MAPRE3	LATS2	3	0.0023	0.8489
KRT8	AASDHPPT	3	0.0219	0.7793
LMNA	AASDHPPT	3	0.0157	0.7961
ACTB	AASDHPPT	3	0.0079	0.8242
KRT8	STK36	3	0.3333	0.4115
KRT8	DROSHA	3	0.0034	0.8433
LMNA	DROSHA	3	0.0023	0.8489
ACTB	DROSHA	3	0.0004	0.8632
CTNNA1	DROSHA	3	0.0000	0.8712
MAPRE3	DROSHA	3	0.0000	0.8712
KRT8	HEBP1	3	0.0338	0.7581
LMNA	HEBP1	3	0.0013	0.8550
ACTB	HEBP1	3	0.0048	0.8371
LMNA	RAB6B	3	0.0095	0.8177
KRT8	VPS45	3	0.3633	0.3363
LMNA	VPS45	3	0.1798	0.6189
ACTB	VPS45	3	0.2661	0.5450
MAPRE3	VPS45	3	0.0678	0.7188
KRT8	ARHGAP35	3	0.3630	0.3375
LMNA	ARHGAP35	3	0.2087	0.5964
ACTB	ARHGAP35	3	0.4198	0.2425
CTNNA1	ARHGAP35	3	0.2057	0.5988
MAPRE3	ARHGAP35	3	0.2581	0.5527
KRT8	FAM114A2	3	0.0123	0.8079
ACTB	FAM114A2	3	0.0183	0.7886
CTNNA1	FAM114A2	3	0.0001	0.8682
MAPRE3	FAM114A2	3	0.0015	0.8537
KRT8	HELLS	3	0.1694	0.6287
LMNA	HELLS	3	0.3526	0.3577
ACTB	HELLS	3	0.2140	0.5915
CTNNA1	HELLS	3	0.0806	0.7071
MAPRE3	HELLS	3	0.2011	0.6024
LMNA	TOPORS	3	1.0000	0.0000
LMNA	MBIP	3	0.0005	0.8621
KRT8	LANCL2	3	0.0232	0.7767
LMNA	LANCL2	3	0.0260	0.7711
ACTB	LANCL2	3	0.0079	0.8242
CTNNA1	LANCL2	3	0.0148	0.7989
MAPRE3	LANCL2	3	0.0059	0.8324
KRT8	KIF15	3	0.0202	0.7835
LMNA	KIF15	3	0.0020	0.8508
ACTB	KIF15	3	0.0175	0.7909
CTNNA1	KIF15	3	0.0010	0.8573
MAPRE3	KIF15	3	0.0329	0.7592
LMNA	RAD18	3	0.0144	0.8004
KRT8	FARSB	3	0.0395	0.7500
LMNA	FARSB	3	0.0411	0.7478
ACTB	FARSB	3	0.0171	0.7919
CTNNA1	FARSB	3	0.0089	0.8203
MAPRE3	FARSB	3	0.0102	0.8152
KRT8	IARS2	3	0.5023	0.1890
LMNA	IARS2	3	0.2878	0.5235
ACTB	IARS2	3	0.2220	0.5852
CTNNA1	IARS2	3	0.0357	0.7553
MAPRE3	IARS2	3	0.0757	0.7116
KRT8	FIRRM	3	0.0114	0.8107
LMNA	FIRRM	3	0.0124	0.8074
KRT8	SLX9	3	0.0522	0.7348
LMNA	SLX9	3	0.0114	0.8107
LMNA	BRWD1	3	0.0071	0.8274
KRT8	KLC4	3	0.0062	0.8312
LMNA	KLC4	3	0.0007	0.8600
ACTB	KLC4	3	0.2997	0.5095
KRT8	CENPM	3	1.0000	0.0000
LMNA	CENPM	3	1.0000	0.0000
KRT8	DIAPH3	3	0.2926	0.5179
LMNA	DIAPH3	3	0.1313	0.6622
ACTB	DIAPH3	3	0.2853	0.5251
CTNNA1	DIAPH3	3	0.1636	0.6329
MAPRE3	DIAPH3	3	0.3023	0.5063
KRT8	NRBP2	3	0.6667	0.0696
KRT8	BMP2K	3	0.0632	0.7234
LMNA	BMP2K	3	0.0006	0.8612
ACTB	BMP2K	3	0.0036	0.8424
MAPRE3	BMP2K	3	0.0004	0.8632
KRT8	ATG3	3	0.2357	0.5732
LMNA	ATG3	3	0.0589	0.7274
ACTB	ATG3	3	0.2480	0.5627
CTNNA1	ATG3	3	0.0549	0.7319
MAPRE3	ATG3	3	0.1044	0.6855
KRT8	TENM2	3	0.0030	0.8454
LMNA	TENM2	3	0.0037	0.8419
ACTB	TENM2	3	0.0074	0.8260
CTNNA1	TENM2	3	0.0002	0.8663
KRT8	PDS5B	3	0.0022	0.8496
LMNA	PDS5B	3	0.0060	0.8320
ACTB	PDS5B	3	0.0009	0.8582
MAPRE3	INKA2	3	0.3333	0.4115
KRT8	SMC4	3	0.3587	0.3464
LMNA	SMC4	3	0.2341	0.5749
ACTB	SMC4	3	0.2902	0.5207
CTNNA1	SMC4	3	0.0527	0.7344
MAPRE3	SMC4	3	0.1907	0.6102
KRT8	OLA1	3	0.0482	0.7395
LMNA	OLA1	3	0.0232	0.7767
ACTB	OLA1	3	0.0511	0.7360
CTNNA1	OLA1	3	0.0138	0.8025
MAPRE3	OLA1	3	0.0094	0.8181
KRT8	ECHDC1	3	0.3460	0.3729
LMNA	ECHDC1	3	0.3057	0.5018
ACTB	ECHDC1	3	0.3784	0.3045
MAPRE3	ECHDC1	3	0.0978	0.6907
LMNA	RBM12	3	0.0306	0.7628
ACTB	RBM12	3	0.0005	0.8621
KRT8	MDN1	3	0.4380	0.2289
LMNA	MDN1	3	0.0100	0.8159
ACTB	MDN1	3	0.3424	0.3839
CTNNA1	MDN1	3	0.0029	0.8459
MAPRE3	MDN1	3	0.0041	0.8402
LMNA	ZBTB40	3	0.0045	0.8384
KRT8	ZCCHC3	3	0.0011	0.8566
ACTB	ZCCHC3	3	0.0051	0.8359
MAPRE3	ZCCHC3	3	0.0014	0.8544
KRT8	PDRG1	3	0.2416	0.5684
LMNA	PDRG1	3	0.0007	0.8600
ACTB	PDRG1	3	0.0050	0.8364
KRT8	DECR2	3	1.0000	0.0000
LMNA	DECR2	3	0.3333	0.4115
ACTB	DECR2	3	0.3333	0.4115
KRT8	TCP11L1	3	0.0096	0.8174
ACTB	TCP11L1	3	0.0086	0.8215
KRT8	STAU2	3	0.3355	0.4049
LMNA	STAU2	3	0.1029	0.6866
ACTB	STAU2	3	0.3072	0.4999
CTNNA1	STAU2	3	0.1378	0.6559
MAPRE3	STAU2	3	0.2261	0.5814
KRT8	DDX28	3	0.6667	0.0696
KRT8	TXLNG	3	0.2491	0.5616
LMNA	TXLNG	3	0.0468	0.7411
ACTB	TXLNG	3	0.2182	0.5880
CTNNA1	TXLNG	3	0.0357	0.7553
MAPRE3	TXLNG	3	0.0986	0.6900
KRT8	SPATS2L	3	0.0038	0.8415
LMNA	SPATS2L	3	0.0037	0.8419
ACTB	SPATS2L	3	0.0085	0.8220
MAPRE3	SPATS2L	3	0.0147	0.7993
KRT8	ABCF3	3	0.3297	0.4700
LMNA	ABCF3	3	0.1467	0.6480
ACTB	ABCF3	3	0.3110	0.4946
CTNNA1	ABCF3	3	0.1211	0.6709
MAPRE3	ABCF3	3	0.2225	0.5846
KRT8	CYRIB	3	0.0962	0.6925
LMNA	CYRIB	3	0.0158	0.7958
ACTB	CYRIB	3	0.0472	0.7407
CTNNA1	CYRIB	3	0.0056	0.8337
MAPRE3	CYRIB	3	0.0026	0.8473
KRT8	OTULINL	3	0.6385	0.1510
LMNA	OTULINL	3	0.0213	0.7808
ACTB	OTULINL	3	0.0086	0.8215
KRT8	DDX19A	3	0.1580	0.6385
ACTB	DDX19A	3	0.0360	0.7547
MAPRE3	DDX19A	3	0.0003	0.8647
LMNA	TDP1	3	0.6667	0.0696
KRT8	TBC1D23	3	0.0170	0.7922
LMNA	TBC1D23	3	0.0010	0.8573
ACTB	TBC1D23	3	0.0150	0.7983
CTNNA1	TBC1D23	3	0.0005	0.8621
MAPRE3	TBC1D23	3	0.0018	0.8519
KRT8	DCAF13	3	0.0068	0.8289
LMNA	DCAF13	3	0.5564	0.1685
ACTB	DCAF13	3	0.0067	0.8294
MAPRE3	DCAF13	3	0.0005	0.8621
LMNA	IMP3	3	0.0023	0.8489
KRT8	MRGBP	3	0.0004	0.8632
LMNA	MRGBP	3	0.0018	0.8519
ACTB	MRGBP	3	0.0018	0.8519
KRT8	TYW1	3	0.0040	0.8407
LMNA	TYW1	3	0.3425	0.3829
KRT8	EXOC1	3	0.0615	0.7253
ACTB	EXOC1	3	0.0445	0.7438
MAPRE3	EXOC1	3	0.0110	0.8122
KRT8	INTS9	3	0.0019	0.8514
LMNA	INTS9	3	0.0146	0.7997
ACTB	INTS9	3	0.0001	0.8682
KRT8	SEPTIN11	3	0.3263	0.4751
LMNA	SEPTIN11	3	0.0413	0.7476
ACTB	SEPTIN11	3	0.1796	0.6191
CTNNA1	SEPTIN11	3	0.0060	0.8320
MAPRE3	SEPTIN11	3	0.0559	0.7306
KRT8	MED17	3	0.0036	0.8424
LMNA	MED17	3	0.0820	0.7057
KRT8	PARVA	3	0.0207	0.7823
LMNA	PARVA	3	0.0014	0.8544
ACTB	PARVA	3	0.0220	0.7790
CTNNA1	PARVA	3	0.0001	0.8682
MAPRE3	PARVA	3	0.0007	0.8600
KRT8	PANK4	3	0.1157	0.6755
LMNA	PANK4	3	0.0726	0.7148
ACTB	PANK4	3	0.0257	0.7716
CTNNA1	PANK4	3	0.0001	0.8682
KRT8	TBC1D13	3	0.1510	0.6446
LMNA	TBC1D13	3	0.0271	0.7691
ACTB	TBC1D13	3	0.1843	0.6150
CTNNA1	TBC1D13	3	0.0303	0.7635
MAPRE3	TBC1D13	3	0.0234	0.7764
KRT8	DNAJC11	3	0.0693	0.7176
LMNA	DNAJC11	3	0.0066	0.8297
ACTB	DNAJC11	3	0.0156	0.7963
KRT8	INTS7	3	0.3722	0.3176
LMNA	INTS7	3	0.0076	0.8253
ACTB	INTS7	3	0.0046	0.8380
KRT8	TMLHE	3	0.1470	0.6477
ACTB	TMLHE	3	0.0045	0.8384
KRT8	FANCI	3	0.2214	0.5858
LMNA	FANCI	3	0.2598	0.5513
ACTB	FANCI	3	0.1774	0.6215
CTNNA1	FANCI	3	0.0408	0.7483
MAPRE3	FANCI	3	0.1719	0.6264
KRT8	ATAD3A	3	0.0244	0.7741
LMNA	ATAD3A	3	0.0189	0.7871
ACTB	ATAD3A	3	0.0105	0.8141
CTNNA1	ATAD3A	3	0.0074	0.8260
MAPRE3	ATAD3A	3	0.0039	0.8410
KRT8	PRMT7	3	0.3097	0.4962
LMNA	PRMT7	3	0.0088	0.8208
ACTB	PRMT7	3	0.0046	0.8380
KRT8	DNAJC17	3	0.0007	0.8600
LMNA	DNAJC17	3	0.0430	0.7457
ACTB	DNAJC17	3	0.0018	0.8519
MAPRE3	DNAJC17	3	0.0001	0.8682
KRT8	INTS13	3	0.1860	0.6137
LMNA	INTS13	3	0.2902	0.5207
ACTB	INTS13	3	0.1703	0.6280
CTNNA1	INTS13	3	0.0434	0.7453
MAPRE3	INTS13	3	0.1219	0.6698
KRT8	GNL3L	3	0.0182	0.7889
LMNA	GNL3L	3	0.0123	0.8079
ACTB	GNL3L	3	0.0217	0.7797
MAPRE3	GNL3L	3	0.0016	0.8531
KRT8	DDX18	3	0.3020	0.5066
LMNA	DDX18	3	0.3184	0.4847
ACTB	DDX18	3	0.2645	0.5467
CTNNA1	DDX18	3	0.0416	0.7472
MAPRE3	DDX18	3	0.2157	0.5903
KRT8	ASF1B	3	0.0039	0.8410
LMNA	ASF1B	3	0.0154	0.7970
ACTB	ASF1B	3	0.0003	0.8647
KRT8	INTS10	3	0.0003	0.8647
LMNA	INTS10	3	0.0545	0.7324
KRT8	DNAAF2	3	0.0254	0.7720
ACTB	DNAAF2	3	0.0090	0.8199
MAPRE3	DNAAF2	3	0.0000	0.8712
LMNA	PNPO	3	0.2739	0.5366
CTNNA1	PNPO	3	0.0936	0.6949
MAPRE3	PNPO	3	0.2405	0.5695
KRT8	ARMC1	3	0.0056	0.8337
LMNA	ARMC1	3	0.0020	0.8508
ACTB	ARMC1	3	0.0086	0.8215
KRT8	POLR3E	3	0.0090	0.8199
LMNA	POLR3E	3	0.0287	0.7663
ACTB	POLR3E	3	0.0255	0.7718
MAPRE3	POLR3E	3	0.0010	0.8573
LMNA	SDAD1	3	0.0008	0.8590
LMNA	TMEM38B	3	1.0000	0.0000
KRT8	MTPAP	3	0.1888	0.6116
LMNA	MTPAP	3	0.1101	0.6804
ACTB	MTPAP	3	0.0259	0.7713
CTNNA1	MTPAP	3	0.0035	0.8429
KRT8	HAUS2	3	0.7739	0.0290
ACTB	HAUS2	3	0.0510	0.7362
MAPRE3	HAUS2	3	0.0726	0.7148
KRT8	NLE1	3	0.0853	0.7019
LMNA	NLE1	3	0.0366	0.7537
ACTB	NLE1	3	0.0384	0.7513
CTNNA1	NLE1	3	0.0153	0.7974
MAPRE3	NLE1	3	0.0089	0.8203
KRT8	KBTBD4	3	0.0069	0.8283
LMNA	KBTBD4	3	0.6373	0.1513
MAPRE3	KBTBD4	3	0.0012	0.8558
KRT8	NECAP2	3	0.4708	0.2040
LMNA	NECAP2	3	0.3896	0.2819
ACTB	NECAP2	3	0.4421	0.2251
CTNNA1	NECAP2	3	0.1515	0.6440
MAPRE3	NECAP2	3	0.3760	0.3101
KRT8	POLR3B	3	0.3387	0.3964
ACTB	POLR3B	3	0.0058	0.8327
KRT8	RBM28	3	0.0005	0.8621
LMNA	RBM28	3	0.0075	0.8257
ACTB	RBM28	3	0.0084	0.8224
MAPRE3	RBM28	3	0.0000	0.8712
KRT8	ANO10	3	0.0000	0.8712
LMNA	ANO10	3	0.0045	0.8384
KRT8	FANCL	3	0.0012	0.8558
LMNA	FANCL	3	0.0156	0.7963
KRT8	RBM22	3	0.2326	0.5760
LMNA	RBM22	3	0.3949	0.2743
ACTB	RBM22	3	0.1985	0.6042
CTNNA1	RBM22	3	0.0122	0.8082
MAPRE3	RBM22	3	0.1882	0.6118
KRT8	WDR70	3	0.1724	0.6259
LMNA	WDR70	3	0.3718	0.3192
ACTB	WDR70	3	0.1760	0.6231
CTNNA1	WDR70	3	0.0829	0.7045
MAPRE3	WDR70	3	0.1628	0.6340
KRT8	IFT57	3	1.0000	0.0000
KRT8	RNF216	3	0.3333	0.4115
LMNA	RNF216	3	1.0000	0.0000
LMNA	SLTM	3	0.2561	0.5546
MAPRE3	SLTM	3	0.0922	0.6961
LMNA	ZNHIT6	3	0.0086	0.8215
KRT8	ASNSD1	3	0.8774	0.0097
ACTB	ASNSD1	3	0.3566	0.3498
LMNA	GPATCH2L	3	0.3333	0.4115
KRT8	PIH1D1	3	0.4371	0.2293
LMNA	PIH1D1	3	0.0032	0.8442
ACTB	PIH1D1	3	0.1025	0.6869
MAPRE3	PIH1D1	3	0.0035	0.8429
LMNA	PAK1IP1	3	0.0038	0.8415
CTNNA1	PAK1IP1	3	0.0057	0.8332
MAPRE3	PAK1IP1	3	0.0001	0.8682
LMNA	GID8	3	0.3333	0.4115
KRT8	MRPL22	3	0.6667	0.0696
LMNA	MRPL22	3	0.3333	0.4115
ACTB	MRPL22	3	0.3333	0.4115
KRT8	BABAM1	3	0.0005	0.8621
ACTB	BABAM1	3	0.0016	0.8531
KRT8	CLN6	3	0.1087	0.6817
ACTB	CLN6	3	0.0053	0.8350
CTNNA1	CLN6	3	0.0002	0.8663
MAPRE3	CLN6	3	0.0023	0.8489
KRT8	THG1L	3	0.0076	0.8253
LMNA	THG1L	3	0.0013	0.8550
ACTB	THG1L	3	0.0068	0.8289
MAPRE3	THG1L	3	0.0001	0.8682
KRT8	HPF1	3	0.1150	0.6761
LMNA	HPF1	3	0.4845	0.1953
MAPRE3	HPF1	3	0.0026	0.8473
KRT8	IRAK4	3	0.1395	0.6545
ACTB	IRAK4	3	0.3620	0.3406
KRT8	UCKL1	3	0.3279	0.4726
KRT8	GEMIN8	3	0.3085	0.4978
LMNA	GEMIN8	3	0.1683	0.6294
ACTB	GEMIN8	3	0.2941	0.5161
CTNNA1	GEMIN8	3	0.0103	0.8147
MAPRE3	GEMIN8	3	0.1486	0.6463
KRT8	COMMD8	3	0.1922	0.6089
LMNA	COMMD8	3	0.0090	0.8199
ACTB	COMMD8	3	0.0090	0.8199
MAPRE3	COMMD8	3	0.0013	0.8550
KRT8	NDUFB11	3	0.0037	0.8419
LMNA	NDUFB11	3	0.0014	0.8544
ACTB	NDUFB11	3	0.0061	0.8316
KRT8	MRPL16	3	0.0321	0.7605
LMNA	MRPL16	3	0.0004	0.8632
ACTB	MRPL16	3	0.0028	0.8464
KRT8	NHP2	3	0.0507	0.7366
LMNA	NHP2	3	0.0736	0.7138
ACTB	NHP2	3	0.0238	0.7755
CTNNA1	NHP2	3	0.0057	0.8332
MAPRE3	NHP2	3	0.0055	0.8342
ACTB	OCIAD1	3	0.0253	0.7722
KRT8	HYPK	3	0.0010	0.8573
KRT8	DUS2	3	0.0623	0.7245
LMNA	DUS2	3	0.0136	0.8031
ACTB	DUS2	3	0.0005	0.8621
MAPRE3	SYBU	3	1.0000	0.0000
KRT8	MKS1	3	0.0414	0.7475
LMNA	MKS1	3	0.0210	0.7816
ACTB	MKS1	3	0.0126	0.8068
MAPRE3	MKS1	3	0.0000	0.8712
KRT8	MIOS	3	0.0255	0.7718
LMNA	MIOS	3	0.0011	0.8566
ACTB	MIOS	3	0.0062	0.8312
MAPRE3	MIOS	3	0.0001	0.8682
KRT8	SMPD4	3	0.1132	0.6776
LMNA	SMPD4	3	0.9740	0.0012
ACTB	SMPD4	3	0.0034	0.8433
LMNA	CWC25	3	0.0185	0.7881
KRT8	TEX10	3	0.0033	0.8438
LMNA	TEX10	3	0.0033	0.8438
ACTB	TEX10	3	0.0007	0.8600
MAPRE3	TEX10	3	0.0000	0.8712
KRT8	CNTLN	3	0.2955	0.5144
ACTB	CNTLN	3	0.0127	0.8065
MAPRE3	CNTLN	3	0.0201	0.7837
LMNA	THUMPD1	3	0.1971	0.6050
KRT8	TOR4A	3	0.0053	0.8350
LMNA	TOR4A	3	0.3356	0.4048
ACTB	TOR4A	3	0.0032	0.8442
KRT8	TRMT1	3	0.0039	0.8410
LMNA	TRMT1	3	0.0123	0.8079
ACTB	TRMT1	3	0.0002	0.8663
KRT8	FBXL12	3	1.0000	0.0000
KRT8	NDE1	3	0.3477	0.3674
LMNA	NDE1	3	0.0012	0.8558
ACTB	NDE1	3	0.3857	0.2899
CTNNA1	NDE1	3	0.0004	0.8632
MAPRE3	NDE1	3	0.0187	0.7876
KRT8	BABAM2	3	0.0105	0.8141
LMNA	ING3	3	0.0517	0.7353
MAPRE3	ING3	3	0.0003	0.8647
KRT8	ARL15	3	0.0411	0.7478
LMNA	ARL15	3	0.0072	0.8270
ACTB	ARL15	3	0.0076	0.8253
CTNNA1	ARL15	3	0.0001	0.8682
MAPRE3	ARL15	3	0.0009	0.8582
KRT8	CDKN2AIP	3	0.1656	0.6312
LMNA	CDKN2AIP	3	0.2809	0.5288
ACTB	CDKN2AIP	3	0.0981	0.6904
CTNNA1	CDKN2AIP	3	0.0011	0.8566
MAPRE3	CDKN2AIP	3	0.1234	0.6687
LMNA	DNAJB12	3	1.0000	0.0000
KRT8	GAR1	3	0.1279	0.6647
LMNA	GAR1	3	0.0182	0.7889
CTNNA1	GAR1	3	0.0176	0.7907
LMNA	PPP4R2	3	0.0050	0.8364
LMNA	AATF	3	0.0005	0.8621
KRT8	ETAA1	3	0.0009	0.8582
LMNA	ETAA1	3	0.0221	0.7787
KRT8	DDX56	3	0.0120	0.8088
LMNA	DDX56	3	0.0893	0.6989
ACTB	DDX56	3	0.0085	0.8220
MAPRE3	DDX56	3	0.0001	0.8682
KRT8	MTMR4	3	0.8682	0.0116
ACTB	MTMR4	3	0.1769	0.6220
KRT8	ABI2	3	0.5913	0.1591
ACTB	ABI2	3	0.0401	0.7491
LMNA	HOXC10	3	0.0340	0.7578
KRT8	BCLAF1	3	0.1222	0.6696
LMNA	BCLAF1	3	0.2804	0.5294
ACTB	BCLAF1	3	0.1657	0.6312
CTNNA1	BCLAF1	3	0.0234	0.7764
MAPRE3	BCLAF1	3	0.2013	0.6021
KRT8	UTP6	3	0.3480	0.3670
LMNA	UTP6	3	0.4199	0.2421
ACTB	UTP6	3	0.0520	0.7350
KRT8	PSD3	3	0.0213	0.7808
ACTB	PSD3	3	0.0111	0.8119
CTNNA1	PSD3	3	0.0013	0.8550
KRT8	TAB2	3	0.3295	0.4704
ACTB	TAB2	3	0.0304	0.7632
MAPRE3	TAB2	3	0.0002	0.8663
KRT8	MRPL39	3	0.3085	0.4978
CTNNA1	MRPL39	3	0.0034	0.8433
KRT8	EURL	3	0.1865	0.6129
LMNA	EURL	3	0.0825	0.7050
ACTB	EURL	3	0.0070	0.8278
KRT8	MAP3K20	3	0.0218	0.7795
LMNA	MAP3K20	3	0.0036	0.8424
ACTB	MAP3K20	3	0.0054	0.8345
MAPRE3	MAP3K20	3	0.0001	0.8682
KRT8	TMOD3	3	0.2981	0.5122
LMNA	TMOD3	3	0.1508	0.6449
ACTB	TMOD3	3	0.3994	0.2691
CTNNA1	TMOD3	3	0.1319	0.6616
MAPRE3	TMOD3	3	0.1837	0.6155
LMNA	DONSON	3	0.0313	0.7618
KRT8	ELOVL5	3	0.1072	0.6828
LMNA	ELOVL5	3	0.0038	0.8415
ACTB	ELOVL5	3	0.0012	0.8558
KRT8	MIS18A	3	0.0561	0.7304
LMNA	MIS18A	3	0.0734	0.7140
ACTB	MIS18A	3	0.0007	0.8600
MAPRE3	MIS18A	3	0.0075	0.8257
KRT8	NKIRAS2	3	0.3333	0.4115
MAPRE3	NKIRAS2	3	0.3333	0.4115
KRT8	PLEK2	3	0.6667	0.0696
LMNA	PLEK2	3	0.3333	0.4115
ACTB	UGGT1	3	0.9984	0.0001
LMNA	CDK12	3	0.0018	0.8519
ACTB	CDK12	3	0.0001	0.8682
KRT8	RRN3	3	0.1726	0.6257
LMNA	RRN3	3	0.0030	0.8454
ACTB	RRN3	3	0.0125	0.8071
KRT8	FASTKD2	3	0.3683	0.3267
LMNA	FASTKD2	3	0.0072	0.8270
ACTB	FASTKD2	3	0.0035	0.8429
KRT8	GTSE1	3	0.0765	0.7110
LMNA	GTSE1	3	0.0123	0.8079
ACTB	GTSE1	3	0.0119	0.8091
CTNNA1	GTSE1	3	0.0014	0.8544
MAPRE3	GTSE1	3	0.8733	0.0103
KRT8	TECR	3	0.3385	0.3973
LMNA	TECR	3	0.1700	0.6283
ACTB	TECR	3	0.1918	0.6093
CTNNA1	TECR	3	0.0277	0.7678
MAPRE3	TECR	3	0.0791	0.7085
KRT8	ERAP1	3	1.0000	0.0000
LMNA	ERAP1	3	0.6667	0.0696
KRT8	UBAP1	3	0.0421	0.7467
LMNA	UBAP1	3	0.0014	0.8544
ACTB	UBAP1	3	0.0167	0.7929
CTNNA1	UBAP1	3	0.0006	0.8612
MAPRE3	UBAP1	3	0.0019	0.8514
ACTB	ACTR10	3	0.0001	0.8682
KRT8	USE1	3	0.0026	0.8473
LMNA	USE1	3	0.2182	0.5880
ACTB	USE1	3	0.0040	0.8407
KRT8	CISD1	3	0.0063	0.8308
LMNA	CISD1	3	0.0016	0.8531
ACTB	CISD1	3	0.0081	0.8234
CTNNA1	CISD1	3	0.0000	0.8712
MAPRE3	CISD1	3	0.0002	0.8663
KRT8	GGA3	3	0.2231	0.5839
ACTB	GGA3	3	0.0579	0.7285
MAPRE3	GGA3	3	0.0194	0.7859
LMNA	C9orf78	3	0.0767	0.7108
ACTB	C9orf78	3	0.0002	0.8663
LMNA	RTEL1	3	0.0045	0.8384
KRT8	FAM120A	3	0.3423	0.3842
LMNA	FAM120A	3	0.1810	0.6178
ACTB	FAM120A	3	0.3071	0.5001
CTNNA1	FAM120A	3	0.1046	0.6853
MAPRE3	FAM120A	3	0.2368	0.5724
KRT8	SMARCAL1	3	0.0115	0.8103
LMNA	SMARCAL1	3	0.0161	0.7948
ACTB	SMARCAL1	3	0.0005	0.8621
MAPRE3	SMARCAL1	3	0.0008	0.8590
KRT8	SPG21	3	0.5587	0.1678
LMNA	SPG21	3	0.5440	0.1723
ACTB	SPG21	3	0.1163	0.6750
KRT8	UBP1	3	0.0016	0.8531
ACTB	UBP1	3	0.0072	0.8270
MAPRE3	UBP1	3	0.0004	0.8632
KRT8	IGF2BP1	3	0.2614	0.5498
LMNA	IGF2BP1	3	0.0013	0.8550
ACTB	IGF2BP1	3	0.0061	0.8316
CTNNA1	IGF2BP1	3	0.0000	0.8712
MAPRE3	IGF2BP1	3	0.0081	0.8234
KRT8	DTL	3	0.0064	0.8304
LMNA	DTL	3	0.0552	0.7314
ACTB	DTL	3	0.0014	0.8544
KRT8	SACS	3	0.6475	0.1476
LMNA	SACS	3	0.0004	0.8632
ACTB	SACS	3	0.0160	0.7952
CTNNA1	SACS	3	0.0030	0.8454
MAPRE3	SACS	3	0.0038	0.8415
LMNA	EIF2AK3	3	0.1219	0.6698
KRT8	MTCH1	3	0.5711	0.1645
LMNA	MTCH1	3	0.0954	0.6932
ACTB	MTCH1	3	0.1489	0.6460
CTNNA1	MTCH1	3	0.0140	0.8018
MAPRE3	MTCH1	3	0.0167	0.7929
KRT8	HSPBP1	3	0.1609	0.6357
LMNA	HSPBP1	3	0.0663	0.7203
ACTB	HSPBP1	3	0.0914	0.6970
CTNNA1	HSPBP1	3	0.0327	0.7595
MAPRE3	HSPBP1	3	0.0112	0.8115
KRT8	MAT2B	3	0.6667	0.0696
LMNA	MAT2B	3	0.3333	0.4115
ACTB	MAT2B	3	0.3333	0.4115
KRT8	MYOF	3	0.0539	0.7330
LMNA	MYOF	3	0.0187	0.7876
ACTB	MYOF	3	0.0338	0.7581
CTNNA1	MYOF	3	0.6412	0.1497
MAPRE3	MYOF	3	0.0229	0.7773
KRT8	ITSN2	3	0.1007	0.6883
ACTB	ITSN2	3	0.0289	0.7660
KRT8	EHD2	3	0.3926	0.2778
LMNA	EHD2	3	0.2530	0.5577
ACTB	EHD2	3	0.3546	0.3538
CTNNA1	EHD2	3	0.1790	0.6198
MAPRE3	EHD2	3	0.2381	0.5713
KRT8	ARHGEF12	3	0.0207	0.7823
ACTB	ARHGEF12	3	0.3303	0.4693
MAPRE3	ARHGEF12	3	0.0151	0.7980
KRT8	CNOT2	3	0.0338	0.7581
LMNA	CNOT2	3	0.0002	0.8663
ACTB	CNOT2	3	0.0190	0.7868
MAPRE3	CNOT2	3	0.0005	0.8621
KRT8	NCKIPSD	3	0.4381	0.2285
LMNA	NCKIPSD	3	0.0123	0.8079
ACTB	NCKIPSD	3	0.2994	0.5099
CTNNA1	NCKIPSD	3	0.0154	0.7970
MAPRE3	NCKIPSD	3	0.0787	0.7088
ACTB	CALML5	3	0.3333	0.4115
MAPRE3	CALML5	3	0.3333	0.4115
KRT8	OGFR	3	0.1345	0.6594
LMNA	OGFR	3	0.1535	0.6425
ACTB	OGFR	3	0.2961	0.5139
CTNNA1	OGFR	3	0.0066	0.8297
MAPRE3	OGFR	3	0.0165	0.7936
KRT8	PALS2	3	0.2662	0.5447
LMNA	PALS2	3	0.0861	0.7012
ACTB	PALS2	3	0.2754	0.5350
CTNNA1	PALS2	3	0.0463	0.7417
MAPRE3	PALS2	3	0.0941	0.6945
KRT8	CHMP5	3	0.0184	0.7884
LMNA	CHMP5	3	0.0103	0.8147
ACTB	CHMP5	3	0.0134	0.8040
CTNNA1	CHMP5	3	0.0027	0.8469
MAPRE3	CHMP5	3	0.0008	0.8590
LMNA	THYN1	3	0.0023	0.8489
CTNNA1	THYN1	3	0.0000	0.8712
KRT8	NDUFAF4	3	0.6667	0.0696
KRT8	HACD3	3	0.3397	0.3931
LMNA	HACD3	3	0.2130	0.5923
ACTB	HACD3	3	0.2485	0.5623
CTNNA1	HACD3	3	0.0468	0.7411
MAPRE3	HACD3	3	0.1353	0.6584
KRT8	PDP1	3	0.0538	0.7331
KRT8	RAI14	3	0.3025	0.5059
LMNA	RAI14	3	0.1051	0.6848
ACTB	RAI14	3	0.3462	0.3721
CTNNA1	RAI14	3	0.2399	0.5701
MAPRE3	RAI14	3	0.2149	0.5906
KRT8	VAPA	3	0.1674	0.6299
LMNA	VAPA	3	0.2731	0.5373
ACTB	VAPA	3	0.1719	0.6264
CTNNA1	VAPA	3	0.0238	0.7755
MAPRE3	VAPA	3	0.0372	0.7529
KRT8	SENP1	3	0.0160	0.7952
LMNA	SENP1	3	1.0000	0.0000
ACTB	SENP1	3	0.0086	0.8215
MAPRE3	SENP1	3	0.0022	0.8496
KRT8	SH3BP4	3	0.3676	0.3284
LMNA	SH3BP4	3	0.1449	0.6495
ACTB	SH3BP4	3	0.3677	0.3282
CTNNA1	SH3BP4	3	0.3174	0.4859
MAPRE3	SH3BP4	3	0.2700	0.5411
KRT8	SEPTIN10	3	0.0107	0.8132
LMNA	SEPTIN10	3	0.0001	0.8682
ACTB	SEPTIN10	3	0.0207	0.7823
CTNNA1	SEPTIN10	3	0.0002	0.8663
MAPRE3	SEPTIN10	3	0.0005	0.8621
KRT8	GMIP	3	0.3333	0.4115
ACTB	GMIP	3	0.0050	0.8364
LMNA	PHRF1	3	0.1217	0.6702
KRT8	CALCOCO1	3	0.0307	0.7626
ACTB	CALCOCO1	3	0.0209	0.7817
MAPRE3	CALCOCO1	3	0.0021	0.8502
KRT8	BTBD7	3	0.0803	0.7075
KRT8	NHSL3	3	0.0067	0.8294
LMNA	NHSL3	3	0.0003	0.8647
ACTB	NHSL3	3	0.2026	0.6010
CTNNA1	NHSL3	3	0.0022	0.8496
MAPRE3	NHSL3	3	0.0022	0.8496
KRT8	CEP72	3	0.1648	0.6319
LMNA	CEP72	3	0.0136	0.8031
ACTB	CEP72	3	0.0169	0.7924
CTNNA1	CEP72	3	0.0006	0.8612
MAPRE3	CEP72	3	0.3293	0.4708
KRT8	PLCE1	3	0.0902	0.6981
LMNA	POGK	3	0.0027	0.8469
KRT8	CCDC88C	3	0.0857	0.7015
ACTB	CCDC88C	3	0.0444	0.7439
CTNNA1	CCDC88C	3	0.0049	0.8367
MAPRE3	CCDC88C	3	0.0048	0.8371
KRT8	ARHGAP23	3	0.3450	0.3757
LMNA	ARHGAP23	3	0.0058	0.8327
ACTB	ARHGAP23	3	0.0009	0.8582
CTNNA1	ARHGAP23	3	0.3333	0.4115
MAPRE3	ARHGAP23	3	0.0131	0.8051
KRT8	NYAP2	3	0.2675	0.5433
ACTB	NYAP2	3	0.4816	0.1973
MAPRE3	NYAP2	3	0.0103	0.8147
KRT8	STIM2	3	0.0049	0.8367
LMNA	STIM2	3	0.0042	0.8397
ACTB	STIM2	3	0.0067	0.8294
CTNNA1	STIM2	3	0.0000	0.8712
MAPRE3	STIM2	3	0.1376	0.6561
KRT8	VPS18	3	0.4445	0.2233
LMNA	VPS18	3	0.0013	0.8550
ACTB	VPS18	3	0.0103	0.8147
KRT8	RCC2	3	0.0203	0.7832
LMNA	RCC2	3	0.0256	0.7717
ACTB	RCC2	3	0.0174	0.7910
CTNNA1	RCC2	3	0.0120	0.8088
MAPRE3	RCC2	3	0.0049	0.8367
KRT8	RELCH	3	0.0174	0.7910
ACTB	RELCH	3	0.0154	0.7970
CTNNA1	RELCH	3	0.0000	0.8712
MAPRE3	RELCH	3	0.0032	0.8442
KRT8	DIP2B	3	0.1599	0.6364
ACTB	DIP2B	3	0.1105	0.6798
MAPRE3	DIP2B	3	0.0050	0.8364
KRT8	SLAIN2	3	0.0208	0.7820
LMNA	SLAIN2	3	0.0019	0.8514
ACTB	SLAIN2	3	0.0152	0.7977
CTNNA1	SLAIN2	3	0.0017	0.8526
MAPRE3	SLAIN2	3	0.3671	0.3294
KRT8	USP36	3	0.0016	0.8531
LMNA	USP36	3	0.0010	0.8573
MAPRE3	USP36	3	0.0043	0.8392
KRT8	BCCIP	3	0.1662	0.6308
LMNA	BCCIP	3	0.0163	0.7943
ACTB	BCCIP	3	0.0058	0.8327
CTNNA1	BCCIP	3	0.0007	0.8600
MAPRE3	BCCIP	3	0.0007	0.8600
KRT8	STK26	3	0.0460	0.7419
LMNA	STK26	3	0.0006	0.8612
ACTB	STK26	3	0.0659	0.7208
CTNNA1	STK26	3	0.0004	0.8632
MAPRE3	STK26	3	0.0048	0.8371
KRT8	ARMCX1	3	0.0146	0.7997
LMNA	ARMCX1	3	0.0001	0.8682
KRT8	CTTNBP2NL	3	0.0164	0.7940
ACTB	CTTNBP2NL	3	0.6183	0.1544
CTNNA1	CTTNBP2NL	3	0.0014	0.8544
MAPRE3	CTTNBP2NL	3	0.0054	0.8345
KRT8	CFAP97	3	0.6667	0.0696
MAPRE3	CFAP97	3	1.0000	0.0000
KRT8	IBTK	3	0.0220	0.7790
ACTB	IBTK	3	0.0590	0.7273
MAPRE3	IBTK	3	0.0053	0.8350
LMNA	CHD7	3	0.0070	0.8278
ACTB	CHD7	3	0.0000	0.8712
KRT8	HEATR5B	3	0.3765	0.3098
ACTB	HEATR5B	3	0.0448	0.7434
MAPRE3	HEATR5B	3	0.0079	0.8242
KRT8	FAM135A	3	0.0314	0.7615
ACTB	FAM135A	3	0.0058	0.8327
MAPRE3	FAM135A	3	0.0005	0.8621
KRT8	ZNFX1	3	0.0010	0.8573
KRT8	RRBP1	3	0.2660	0.5452
LMNA	RRBP1	3	0.0434	0.7453
ACTB	RRBP1	3	0.2795	0.5307
CTNNA1	RRBP1	3	0.0544	0.7325
MAPRE3	RRBP1	3	0.1095	0.6810
KRT8	SIPA1L2	3	0.2656	0.5457
ACTB	SIPA1L2	3	0.0303	0.7635
CTNNA1	SIPA1L2	3	0.0002	0.8663
MAPRE3	SIPA1L2	3	0.0089	0.8203
MAPRE3	CEP126	3	0.6667	0.0696
KRT8	CPSF2	3	0.0062	0.8312
LMNA	CPSF2	3	0.0062	0.8312
ACTB	CPSF2	3	0.0023	0.8489
MAPRE3	CPSF2	3	0.0000	0.8712
KRT8	KLHL9	3	0.0055	0.8342
ACTB	KLHL9	3	0.0047	0.8376
MAPRE3	KLHL9	3	0.0001	0.8682
KRT8	LARS1	3	0.2827	0.5274
LMNA	LARS1	3	0.1177	0.6737
ACTB	LARS1	3	0.2348	0.5743
CTNNA1	LARS1	3	0.0333	0.7586
MAPRE3	LARS1	3	0.0698	0.7172
KRT8	CC2D2A	3	0.0212	0.7811
LMNA	CC2D2A	3	0.0011	0.8566
ACTB	CC2D2A	3	0.0151	0.7980
MAPRE3	CC2D2A	3	0.0002	0.8663
KRT8	EIF2AK4	3	0.0272	0.7688
LMNA	EIF2AK4	3	0.0065	0.8300
ACTB	EIF2AK4	3	0.0144	0.8004
CTNNA1	EIF2AK4	3	0.0002	0.8663
MAPRE3	EIF2AK4	3	0.0028	0.8464
KRT8	WDR35	3	0.0378	0.7522
ACTB	WDR35	3	0.0073	0.8266
ACTB	CGN	3	1.0000	0.0000
KRT8	RBM27	3	0.0087	0.8211
LMNA	RBM27	3	0.0224	0.7783
ACTB	RBM27	3	0.0010	0.8573
CTNNA1	RBM27	3	0.0000	0.8712
MAPRE3	RBM27	3	0.0111	0.8119
KRT8	KANSL3	3	0.0001	0.8682
LMNA	KANSL3	3	0.0229	0.7773
KRT8	KLHL13	3	0.0113	0.8111
LMNA	KLHL13	3	0.0007	0.8600
ACTB	KLHL13	3	0.0100	0.8159
CTNNA1	KLHL13	3	0.0000	0.8712
MAPRE3	KLHL13	3	0.0012	0.8558
KRT8	NYNRIN	3	0.3333	0.4115
KRT8	ANKFY1	3	0.0777	0.7099
LMNA	ANKFY1	3	0.0001	0.8682
ACTB	ANKFY1	3	0.0054	0.8345
LMNA	RERE	3	0.3457	0.3743
KRT8	SUCLA2	3	0.2588	0.5522
LMNA	SUCLA2	3	0.1062	0.6836
KRT8	WRAP73	3	0.2717	0.5392
LMNA	WRAP73	3	0.0220	0.7790
ACTB	WRAP73	3	0.0010	0.8573
CTNNA1	WRAP73	3	0.0081	0.8234
MAPRE3	WRAP73	3	0.0186	0.7879
KRT8	DPM3	3	0.0484	0.7392
LMNA	DPM3	3	0.0017	0.8526
ACTB	DPM3	3	0.0041	0.8402
KRT8	UVRAG	3	0.0091	0.8194
ACTB	UVRAG	3	0.0053	0.8350
MAPRE3	UVRAG	3	0.0042	0.8397
KRT8	ATXN10	3	0.3406	0.3910
LMNA	ATXN10	3	0.2510	0.5595
ACTB	ATXN10	3	0.3305	0.4685
CTNNA1	ATXN10	3	0.1146	0.6763
MAPRE3	ATXN10	3	0.2102	0.5949
LMNA	MBD2	3	0.1745	0.6243
KRT8	NCDN	3	0.0942	0.6943
ACTB	NCDN	3	0.0210	0.7816
CTNNA1	NCDN	3	0.0000	0.8712
MAPRE3	NCDN	3	0.0026	0.8473
KRT8	TFIP11	3	0.0102	0.8152
LMNA	TFIP11	3	0.0377	0.7524
ACTB	TFIP11	3	0.0027	0.8469
MAPRE3	TFIP11	3	0.0006	0.8612
KRT8	EPS15L1	3	0.2696	0.5416
LMNA	EPS15L1	3	0.0831	0.7042
ACTB	EPS15L1	3	0.2950	0.5152
CTNNA1	EPS15L1	3	0.1260	0.6668
MAPRE3	EPS15L1	3	0.1620	0.6348
KRT8	ORC3	3	0.2791	0.5316
LMNA	ORC3	3	0.3704	0.3234
ACTB	ORC3	3	0.2768	0.5338
CTNNA1	ORC3	3	0.0977	0.6909
MAPRE3	ORC3	3	0.2376	0.5717
KRT8	SAE1	3	0.0001	0.8682
LMNA	SAE1	3	0.0327	0.7595
KRT8	COPG2	3	0.0030	0.8454
ACTB	COPG2	3	0.0294	0.7652
KRT8	PI4KB	3	0.0081	0.8234
ACTB	PI4KB	3	0.0097	0.8172
MAPRE3	PI4KB	3	0.0000	0.8712
ACTB	CRNN	3	0.3333	0.4115
KRT8	XPR1	3	0.0403	0.7489
ACTB	XPR1	3	0.0187	0.7876
KRT8	COMMD3	3	0.0396	0.7499
ACTB	COMMD3	3	0.0528	0.7343
KRT8	MTRR	3	0.2996	0.5097
LMNA	MTRR	3	0.0963	0.6923
ACTB	MTRR	3	0.2808	0.5289
CTNNA1	MTRR	3	0.1352	0.6585
MAPRE3	MTRR	3	0.2025	0.6012
KRT8	UXT	3	0.3333	0.4115
LMNA	ASH2L	3	0.1297	0.6634
CTNNA1	CPNE7	3	0.0874	0.7003
KRT8	DHCR7	3	0.3243	0.4776
LMNA	DHCR7	3	0.3407	0.3904
ACTB	DHCR7	3	0.1992	0.6036
CTNNA1	DHCR7	3	0.0458	0.7422
MAPRE3	DHCR7	3	0.1395	0.6545
KRT8	HDAC6	3	0.3336	0.4104
ACTB	HDAC6	3	0.3441	0.3786
MAPRE3	HDAC6	3	0.0014	0.8544
LMNA	SPAST	3	0.0018	0.8519
KRT8	GULP1	3	0.5949	0.1581
ACTB	GULP1	3	0.0234	0.7764
MAPRE3	GULP1	3	0.0063	0.8308
KRT8	VPS29	3	0.1394	0.6546
ACTB	VPS29	3	0.0926	0.6959
CTNNA1	VPS29	3	0.0034	0.8433
MAPRE3	VPS29	3	0.0035	0.8429
KRT8	EIF3K	3	0.0703	0.7169
LMNA	EIF3K	3	0.0391	0.7503
ACTB	EIF3K	3	0.1152	0.6759
CTNNA1	EIF3K	3	0.0056	0.8337
MAPRE3	EIF3K	3	0.0086	0.8215
KRT8	GRHPR	3	0.0407	0.7484
LMNA	GRHPR	3	0.0102	0.8152
ACTB	GRHPR	3	0.0426	0.7461
CTNNA1	GRHPR	3	0.0040	0.8407
MAPRE3	GRHPR	3	0.0029	0.8459
LMNA	CTSZ	3	0.0081	0.8234
CTNNA1	CTSZ	3	0.0131	0.8051
MAPRE3	CTSZ	3	0.0011	0.8566
CTNNA1	RNF14	3	0.3333	0.4115
LMNA	POLK	3	0.7398	0.0372
KRT8	NXF1	3	0.2157	0.5903
LMNA	NXF1	3	0.2640	0.5470
ACTB	NXF1	3	0.1479	0.6468
CTNNA1	NXF1	3	0.0195	0.7855
MAPRE3	NXF1	3	0.0867	0.7008
KRT8	PEF1	3	0.0140	0.8018
LMNA	PEF1	3	0.0086	0.8215
ACTB	PEF1	3	0.0092	0.8190
CTNNA1	PEF1	3	0.0087	0.8211
MAPRE3	PEF1	3	0.0029	0.8459
KRT8	ZMYM2	3	0.0000	0.8712
LMNA	ZMYM2	3	0.0038	0.8415
ACTB	ZMYM2	3	0.0000	0.8712
MAPRE3	ZMYM2	3	0.0000	0.8712
ACTB	COPS7A	3	0.3333	0.4115
KRT8	SLC25A10	3	0.1683	0.6294
LMNA	SLC25A10	3	0.1103	0.6801
ACTB	SLC25A10	3	0.0367	0.7535
CTNNA1	SLC25A10	3	0.0040	0.8407
MAPRE3	SLC25A10	3	0.0104	0.8144
KRT8	APEX2	3	0.0732	0.7142
LMNA	APEX2	3	0.5766	0.1630
MAPRE3	APEX2	3	0.0577	0.7287
KRT8	TJP2	3	0.0199	0.7843
LMNA	TJP2	3	0.0004	0.8632
ACTB	TJP2	3	0.1573	0.6389
CTNNA1	TJP2	3	0.0019	0.8514
MAPRE3	TJP2	3	0.0070	0.8278
KRT8	DNAJB4	3	0.4815	0.1977
LMNA	DNAJB4	3	0.1056	0.6843
ACTB	DNAJB4	3	0.2279	0.5797
CTNNA1	DNAJB4	3	0.0365	0.7539
MAPRE3	DNAJB4	3	0.0966	0.6921
KRT8	MALT1	3	0.0024	0.8483
ACTB	MALT1	3	0.0007	0.8600
LMNA	CFDP1	3	0.1402	0.6540
ACTB	CFDP1	3	0.0029	0.8459
MAPRE3	CFDP1	3	0.0022	0.8496
KRT8	ZNF629	3	0.0067	0.8294
LMNA	ZNF629	3	0.2906	0.5201
ACTB	ZNF629	3	0.0058	0.8327
MAPRE3	ZNF629	3	0.0036	0.8424
LMNA	DAXX	3	0.0140	0.8018
KRT8	FTSJ1	3	0.0123	0.8079
LMNA	FTSJ1	3	0.0019	0.8514
ACTB	FTSJ1	3	0.0048	0.8371
MAPRE3	FTSJ1	3	0.0003	0.8647
LMNA	VTI1B	3	0.6667	0.0696
ACTB	STK39	3	0.3333	0.4115
MAPRE3	STK39	3	0.0463	0.7417
KRT8	ADD3	3	0.0116	0.8099
LMNA	ADD3	3	0.0028	0.8464
ACTB	ADD3	3	0.4302	0.2352
CTNNA1	ADD3	3	0.0012	0.8558
MAPRE3	ADD3	3	0.0015	0.8537
LMNA	LRWD1	3	0.0142	0.8012
ACTB	LRWD1	3	0.0080	0.8239
KRT8	CNOT8	3	0.0246	0.7737
LMNA	CNOT8	3	0.0020	0.8508
ACTB	CNOT8	3	0.0094	0.8181
CTNNA1	CNOT8	3	0.0001	0.8682
MAPRE3	CNOT8	3	0.0020	0.8508
KRT8	C19orf25	3	0.0069	0.8283
ACTB	C19orf25	3	0.0030	0.8454
KRT8	IFT172	3	0.1412	0.6531
ACTB	IFT172	3	0.0123	0.8079
CTNNA1	IFT172	3	0.0001	0.8682
MAPRE3	IFT172	3	0.0032	0.8442
KRT8	ABCF2	3	0.3660	0.3319
LMNA	ABCF2	3	0.1746	0.6242
ACTB	ABCF2	3	0.3211	0.4814
CTNNA1	ABCF2	3	0.1168	0.6747
MAPRE3	ABCF2	3	0.2444	0.5663
KRT8	TES	3	0.3071	0.5001
LMNA	TES	3	0.0822	0.7054
ACTB	TES	3	0.4850	0.1949
CTNNA1	TES	3	0.2128	0.5926
MAPRE3	TES	3	0.1514	0.6442
KRT8	PRKAG2	3	0.0058	0.8327
KRT8	TUBGCP4	3	0.0881	0.6998
ACTB	TUBGCP4	3	0.0027	0.8469
KRT8	KDM5B	3	0.3333	0.4115
LMNA	KDM5B	3	0.3333	0.4115
KRT8	DMBT1	3	0.3333	0.4115
ACTB	DMBT1	3	0.3333	0.4115
KRT8	PARP2	3	0.0065	0.8300
LMNA	PARP2	3	0.0002	0.8663
KRT8	LIMD1	3	0.3300	0.4696
LMNA	LIMD1	3	0.0867	0.7008
ACTB	LIMD1	3	0.3351	0.4059
CTNNA1	LIMD1	3	0.1263	0.6664
MAPRE3	LIMD1	3	0.0864	0.7011
LMNA	POLL	3	0.6667	0.0696
KRT8	SEC63	3	0.1032	0.6862
LMNA	SEC63	3	0.4664	0.2071
ACTB	SEC63	3	0.2971	0.5129
CTNNA1	SEC63	3	0.0355	0.7556
MAPRE3	SEC63	3	0.0713	0.7161
KRT8	ZC3H7B	3	0.9476	0.0025
ACTB	ZC3H7B	3	0.0075	0.8257
KRT8	TCF20	3	0.0007	0.8600
LMNA	TCF20	3	0.0178	0.7901
ACTB	TCF20	3	0.0002	0.8663
MAPRE3	TCF20	3	0.0002	0.8663
KRT8	NDRG3	3	0.1470	0.6477
LMNA	NDRG3	3	0.0906	0.6976
ACTB	NDRG3	3	0.0893	0.6989
CTNNA1	NDRG3	3	0.0088	0.8208
MAPRE3	NDRG3	3	0.0213	0.7808
KRT8	ARMCX3	3	0.0143	0.8008
LMNA	ARMCX3	3	0.0071	0.8274
ACTB	ARMCX3	3	0.0094	0.8181
CTNNA1	ARMCX3	3	0.0000	0.8712
MAPRE3	ARMCX3	3	0.0001	0.8682
KRT8	SWAP70	3	0.0101	0.8155
LMNA	SWAP70	3	0.0008	0.8590
ACTB	SWAP70	3	0.0092	0.8190
CTNNA1	SWAP70	3	0.0000	0.8712
MAPRE3	SWAP70	3	0.0006	0.8612
LMNA	EBF1	3	0.3333	0.4115
KRT8	MLX	3	0.3333	0.4115
LMNA	MLX	3	1.0000	0.0000
KRT8	SUN2	3	0.0051	0.8359
LMNA	SUN2	3	1.0000	0.0000
LMNA	RSL24D1	3	0.0013	0.8550
KRT8	LIMA1	3	0.1668	0.6304
LMNA	LIMA1	3	0.0898	0.6984
ACTB	LIMA1	3	0.4665	0.2067
CTNNA1	LIMA1	3	0.0921	0.6961
MAPRE3	LIMA1	3	0.1025	0.6869
KRT8	AFF4	3	0.0000	0.8712
LMNA	AFF4	3	0.0068	0.8289
MAPRE3	AFF4	3	0.0002	0.8663
KRT8	SRP68	3	0.3255	0.4765
LMNA	SRP68	3	0.1768	0.6221
ACTB	SRP68	3	0.3618	0.3415
CTNNA1	SRP68	3	0.1627	0.6340
MAPRE3	SRP68	3	0.2594	0.5516
LMNA	MLH3	3	0.0351	0.7562
MAPRE3	MLH3	3	0.0004	0.8632
KRT8	CHORDC1	3	0.2887	0.5223
LMNA	CHORDC1	3	0.1684	0.6292
ACTB	CHORDC1	3	0.2454	0.5653
CTNNA1	CHORDC1	3	0.0301	0.7639
MAPRE3	CHORDC1	3	0.0741	0.7131
KRT8	TBK1	3	0.2418	0.5682
LMNA	TBK1	3	0.0032	0.8442
ACTB	TBK1	3	0.0214	0.7805
CTNNA1	TBK1	3	0.0004	0.8632
MAPRE3	TBK1	3	0.0044	0.8389
KRT8	SEPTIN9	3	0.2560	0.5548
LMNA	SEPTIN9	3	0.1057	0.6841
ACTB	SEPTIN9	3	0.3685	0.3257
CTNNA1	SEPTIN9	3	0.1786	0.6202
MAPRE3	SEPTIN9	3	0.2603	0.5507
LMNA	TRPS1	3	0.2853	0.5251
ACTB	TRPS1	3	0.0030	0.8454
MAPRE3	TRPS1	3	0.0012	0.8558
KRT8	PCYOX1	3	0.0000	0.8712
ACTB	PCYOX1	3	0.0011	0.8566
KRT8	DDX20	3	0.1954	0.6063
LMNA	DDX20	3	0.1811	0.6177
ACTB	DDX20	3	0.2722	0.5381
CTNNA1	DDX20	3	0.0516	0.7354
MAPRE3	DDX20	3	0.1073	0.6827
LMNA	GTF2IRD1	3	0.0203	0.7832
ACTB	GTF2IRD1	3	0.0041	0.8402
LMNA	CEMIP2	3	0.3471	0.3691
ACTB	CEMIP2	3	0.3457	0.3743
CTNNA1	CEMIP2	3	0.0045	0.8384
KRT8	USP25	3	0.4131	0.2507
ACTB	USP25	3	0.0237	0.7758
LMNA	NARF	3	0.9359	0.0040
CTNNA1	NARF	3	0.0133	0.8044
KRT8	BAIAP2L1	3	0.0802	0.7076
ACTB	BAIAP2L1	3	0.2224	0.5848
CTNNA1	BAIAP2L1	3	0.0008	0.8590
MAPRE3	BAIAP2L1	3	0.0003	0.8647
KRT8	SAP30BP	3	0.0006	0.8612
LMNA	SAP30BP	3	0.0286	0.7665
ACTB	SAP30BP	3	0.0004	0.8632
MAPRE3	SAP30BP	3	0.0001	0.8682
KRT8	ZNHIT2	3	0.3333	0.4115
KRT8	MED13	3	0.0000	0.8712
LMNA	MED13	3	0.0001	0.8682
ACTB	MED13	3	0.0000	0.8712
KRT8	PFDN2	3	0.2355	0.5734
LMNA	PFDN2	3	0.1830	0.6159
ACTB	PFDN2	3	0.5180	0.1808
CTNNA1	PFDN2	3	0.0777	0.7099
MAPRE3	PFDN2	3	0.1239	0.6683
KRT8	GPN3	3	0.6667	0.0696
KRT8	PUF60	3	0.3316	0.4666
LMNA	PUF60	3	0.2974	0.5127
ACTB	PUF60	3	0.3265	0.4746
CTNNA1	PUF60	3	0.1012	0.6878
MAPRE3	PUF60	3	0.2323	0.5762
KRT8	NRBP1	3	0.4165	0.2457
ACTB	NRBP1	3	0.1715	0.6269
MAPRE3	NRBP1	3	0.0347	0.7568
KRT8	NDUFA12	3	0.6667	0.0696
KRT8	EIF2B4	3	0.0807	0.7070
LMNA	EIF2B4	3	0.1463	0.6483
ACTB	EIF2B4	3	0.0868	0.7007
CTNNA1	EIF2B4	3	0.0116	0.8099
MAPRE3	EIF2B4	3	0.0133	0.8044
KRT8	ATP6V1H	3	0.3145	0.4898
LMNA	ATP6V1H	3	0.0091	0.8194
ACTB	ATP6V1H	3	0.0134	0.8040
KRT8	TAGLN3	3	0.0354	0.7557
LMNA	TAGLN3	3	0.0046	0.8380
ACTB	TAGLN3	3	0.6263	0.1531
MAPRE3	TAGLN3	3	0.0004	0.8632
KRT8	IPO11	3	0.1753	0.6238
LMNA	IPO11	3	0.0029	0.8459
ACTB	IPO11	3	0.0039	0.8410
MAPRE3	IPO11	3	0.0001	0.8682
KRT8	TRMT112	3	0.4938	0.1913
LMNA	TRMT112	3	0.0009	0.8582
ACTB	TRMT112	3	0.0194	0.7859
CTNNA1	TRMT112	3	0.0022	0.8496
KRT8	XPO7	3	0.0143	0.8008
LMNA	XPO7	3	0.0056	0.8337
ACTB	XPO7	3	0.0036	0.8424
CTNNA1	XPO7	3	0.0000	0.8712
KRT8	VPS51	3	0.4818	0.1969
LMNA	VPS51	3	0.0035	0.8429
ACTB	VPS51	3	0.0155	0.7966
CTNNA1	VPS51	3	0.0002	0.8663
MAPRE3	VPS51	3	0.0031	0.8449
LMNA	ZNF639	3	1.0000	0.0000
KRT8	BAZ2B	3	0.0001	0.8682
LMNA	BAZ2B	3	0.0172	0.7916
ACTB	BAZ2B	3	0.0002	0.8663
MAPRE3	BAZ2B	3	0.0001	0.8682
KRT8	BAZ2A	3	0.0002	0.8663
LMNA	BAZ2A	3	0.0632	0.7234
KRT8	BAZ1B	3	0.0782	0.7093
LMNA	BAZ1B	3	0.2597	0.5514
ACTB	BAZ1B	3	0.1073	0.6827
CTNNA1	BAZ1B	3	0.0118	0.8094
MAPRE3	BAZ1B	3	0.0929	0.6956
KRT8	HERC5	3	0.0286	0.7665
LMNA	HERC5	3	0.0011	0.8566
ACTB	HERC5	3	0.0055	0.8342
CTNNA1	HERC5	3	0.0001	0.8682
MAPRE3	HERC5	3	0.0002	0.8663
KRT8	LNPEP	3	0.3360	0.4038
LMNA	LNPEP	3	0.2964	0.5135
ACTB	LNPEP	3	0.0087	0.8211
MAPRE3	LNPEP	3	0.1450	0.6494
LMNA	SIX4	3	0.0129	0.8057
KRT8	PLXNA1	3	0.0004	0.8632
ACTB	PLXNA1	3	0.0020	0.8508
KRT8	RABGEF1	3	0.0315	0.7614
LMNA	RABGEF1	3	0.0000	0.8712
ACTB	RABGEF1	3	0.0092	0.8190
CTNNA1	RABGEF1	3	0.0000	0.8712
MAPRE3	RABGEF1	3	0.0009	0.8582
KRT8	NAGK	3	0.3962	0.2723
LMNA	NAGK	3	0.0024	0.8483
ACTB	NAGK	3	0.0322	0.7603
KRT8	ANXA10	3	0.0155	0.7966
LMNA	ANXA10	3	0.0196	0.7852
ACTB	ANXA10	3	0.0121	0.8085
CTNNA1	ANXA10	3	0.0110	0.8122
MAPRE3	ANXA10	3	0.0039	0.8410
LMNA	ZMYM5	3	1.0000	0.0000
KRT8	HACL1	3	0.0163	0.7943
LMNA	HACL1	3	0.0089	0.8203
ACTB	HACL1	3	0.0068	0.8289
KRT8	TRMT6	3	0.0821	0.7055
LMNA	TRMT6	3	0.2623	0.5489
ACTB	TRMT6	3	0.0470	0.7409
MAPRE3	TRMT6	3	0.0199	0.7843
KRT8	HOOK1	3	0.2048	0.5996
ACTB	HOOK1	3	0.1356	0.6583
MAPRE3	HOOK1	3	0.0006	0.8612
KRT8	RASAL2	3	0.0146	0.7997
LMNA	RASAL2	3	0.0002	0.8663
ACTB	RASAL2	3	0.0157	0.7961
CTNNA1	RASAL2	3	0.0004	0.8632
MAPRE3	RASAL2	3	0.0018	0.8519
KRT8	SLC25A13	3	0.3333	0.4115
LMNA	SLC25A13	3	0.2638	0.5473
ACTB	SLC25A13	3	0.2018	0.6017
CTNNA1	SLC25A13	3	0.0572	0.7293
MAPRE3	SLC25A13	3	0.1004	0.6885
KRT8	DBNL	3	0.1858	0.6140
LMNA	DBNL	3	0.0680	0.7185
ACTB	DBNL	3	0.4356	0.2322
CTNNA1	DBNL	3	0.0775	0.7101
MAPRE3	DBNL	3	0.1011	0.6880
LMNA	DDX41	3	0.1119	0.6787
KRT8	DCTN4	3	0.0113	0.8111
LMNA	DCTN4	3	0.0001	0.8682
ACTB	DCTN4	3	0.0126	0.8068
MAPRE3	DCTN4	3	0.0007	0.8600
LMNA	ZNF180	3	0.6667	0.0696
KRT8	CDC23	3	0.0964	0.6922
LMNA	CDC23	3	0.0004	0.8632
ACTB	CDC23	3	0.0070	0.8278
MAPRE3	CDC23	3	0.0007	0.8600
KRT8	ANAPC7	3	0.2130	0.5923
LMNA	ANAPC7	3	0.0169	0.7924
ACTB	ANAPC7	3	0.0718	0.7156
MAPRE3	ANAPC7	3	0.1567	0.6393
KRT8	ANAPC5	3	0.0677	0.7189
LMNA	ANAPC5	3	0.0074	0.8260
ACTB	ANAPC5	3	0.0132	0.8047
CTNNA1	ANAPC5	3	0.0006	0.8612
MAPRE3	ANAPC5	3	0.0039	0.8410
KRT8	ANAPC4	3	0.5185	0.1800
KRT8	ANAPC2	3	0.0399	0.7495
KRT8	HSPB8	3	0.0185	0.7881
ACTB	HSPB8	3	0.0098	0.8168
KRT8	GGA2	3	0.0207	0.7823
LMNA	GGA2	3	0.0003	0.8647
ACTB	GGA2	3	0.0106	0.8138
MAPRE3	GGA2	3	0.0002	0.8663
KRT8	GGA1	3	0.1476	0.6472
ACTB	GGA1	3	0.0943	0.6943
KRT8	STOML2	3	0.0632	0.7234
LMNA	STOML2	3	0.0022	0.8496
ACTB	STOML2	3	0.0082	0.8230
LMNA	DBR1	3	0.8306	0.0181
KRT8	TASOR	3	0.2516	0.5586
LMNA	TASOR	3	0.3531	0.3564
ACTB	TASOR	3	0.2814	0.5285
CTNNA1	TASOR	3	0.0069	0.8283
MAPRE3	TASOR	3	0.2106	0.5944
KRT8	JPT1	3	0.0235	0.7762
LMNA	JPT1	3	0.0076	0.8253
ACTB	JPT1	3	0.0202	0.7835
CTNNA1	JPT1	3	0.0003	0.8647
MAPRE3	JPT1	3	0.0022	0.8496
KRT8	FBXO3	3	0.6667	0.0696
LMNA	FBXO3	3	0.3333	0.4115
KRT8	AKAP11	3	0.0102	0.8152
ACTB	AKAP11	3	0.0107	0.8132
CTNNA1	AKAP11	3	0.0000	0.8712
MAPRE3	AKAP11	3	0.0005	0.8621
KRT8	DNAJC12	3	0.0221	0.7787
LMNA	DNAJC12	3	0.0019	0.8514
ACTB	DNAJC12	3	0.0043	0.8392
MAPRE3	DNAJC12	3	0.0001	0.8682
KRT8	GMEB2	3	0.0001	0.8682
LMNA	GMEB2	3	0.0074	0.8260
KRT8	MRTO4	3	0.0314	0.7615
LMNA	MRTO4	3	0.4494	0.2175
ACTB	MRTO4	3	0.1339	0.6597
CTNNA1	MRTO4	3	0.0006	0.8612
KRT8	CPSF3	3	0.0290	0.7658
LMNA	CPSF3	3	0.0057	0.8332
ACTB	CPSF3	3	0.0165	0.7936
CTNNA1	CPSF3	3	0.0001	0.8682
MAPRE3	CPSF3	3	0.0013	0.8550
KRT8	APPL1	3	0.2196	0.5872
LMNA	APPL1	3	0.0026	0.8473
ACTB	APPL1	3	0.0180	0.7895
KRT8	CDC42EP3	3	0.0040	0.8407
LMNA	CDC42EP3	3	0.0000	0.8712
ACTB	CDC42EP3	3	0.0035	0.8429
CTNNA1	CDC42EP3	3	0.0000	0.8712
MAPRE3	CDC42EP3	3	0.0000	0.8712
LMNA	TLK1	3	0.0766	0.7110
LMNA	GPATCH8	3	0.0139	0.8022
ACTB	GPATCH8	3	0.0007	0.8600
KRT8	PARP4	3	0.0336	0.7583
LMNA	PARP4	3	0.0013	0.8550
ACTB	PARP4	3	0.0075	0.8257
CTNNA1	PARP4	3	0.0001	0.8682
MAPRE3	PARP4	3	0.0018	0.8519
KRT8	NUDT5	3	0.3032	0.5049
LMNA	NUDT5	3	0.2413	0.5687
ACTB	NUDT5	3	0.2697	0.5414
CTNNA1	NUDT5	3	0.0467	0.7413
MAPRE3	NUDT5	3	0.1599	0.6364
KRT8	RCOR1	3	0.0007	0.8600
LMNA	RCOR1	3	0.0085	0.8220
ACTB	RCOR1	3	0.0018	0.8519
LMNA	CASP8AP2	3	0.0012	0.8558
CTNNA1	MAN1B1	3	0.3333	0.4115
MAPRE3	MAN1B1	3	0.3333	0.4115
KRT8	RALY	3	0.0002	0.8663
LMNA	RALY	3	0.0003	0.8647
ACTB	RALY	3	0.0026	0.8473
MAPRE3	RALY	3	0.0000	0.8712
KRT8	MUC12	3	0.3333	0.4115
CTNNA1	MUC12	3	0.0040	0.8407
KRT8	GTF3C4	3	0.1707	0.6275
LMNA	GTF3C4	3	0.3102	0.4957
ACTB	GTF3C4	3	0.2455	0.5651
CTNNA1	GTF3C4	3	0.0953	0.6933
MAPRE3	GTF3C4	3	0.1469	0.6478
KRT8	PACSIN3	3	0.2481	0.5627
ACTB	PACSIN3	3	0.2260	0.5816
CTNNA1	PACSIN3	3	0.0736	0.7138
MAPRE3	PACSIN3	3	0.0550	0.7317
KRT8	FBXO5	3	0.0070	0.8278
LMNA	FBXO5	3	0.0051	0.8359
ACTB	FBXO5	3	0.0031	0.8449
MAPRE3	FBXO5	3	0.0017	0.8526
KRT8	FBXO4	3	0.0420	0.7469
LMNA	FBXO4	3	0.0042	0.8397
ACTB	FBXO4	3	0.0064	0.8304
KRT8	ACIN1	3	0.0986	0.6900
LMNA	ACIN1	3	0.3136	0.4912
ACTB	ACIN1	3	0.2398	0.5702
CTNNA1	ACIN1	3	0.0345	0.7570
MAPRE3	ACIN1	3	0.1624	0.6343
KRT8	AGO2	3	0.3422	0.3844
LMNA	AGO2	3	0.0916	0.6967
ACTB	AGO2	3	0.2573	0.5536
CTNNA1	AGO2	3	0.0989	0.6898
MAPRE3	AGO2	3	0.2235	0.5833
LMNA	ITGA11	3	1.0000	0.0000
ACTB	ITGA11	3	0.3333	0.4115
KRT8	NUP50	3	0.1298	0.6634
LMNA	NUP50	3	0.4346	0.2333
ACTB	NUP50	3	0.1351	0.6586
CTNNA1	NUP50	3	0.0515	0.7355
MAPRE3	NUP50	3	0.1052	0.6847
LMNA	ZHX1	3	0.0023	0.8489
KRT8	CDV3	3	0.0199	0.7843
LMNA	CDV3	3	0.0009	0.8582
ACTB	CDV3	3	0.0165	0.7936
CTNNA1	CDV3	3	0.0001	0.8682
MAPRE3	CDV3	3	0.0020	0.8508
KRT8	CNOT11	3	0.0015	0.8537
ACTB	CNOT11	3	0.0012	0.8558
LMNA	INTS6	3	0.0003	0.8647
KRT8	BAG5	3	0.0009	0.8582
LMNA	BAG5	3	0.0000	0.8712
KRT8	AGO1	3	0.2701	0.5410
ACTB	AGO1	3	0.0949	0.6938
MAPRE3	AGO1	3	0.0357	0.7553
KRT8	RAB21	3	0.0541	0.7328
LMNA	RAB21	3	0.2435	0.5671
ACTB	RAB21	3	0.0080	0.8239
MAPRE3	RAB21	3	0.0001	0.8682
LMNA	TRAPPC2L	3	0.3333	0.4115
KRT8	PSME2	3	0.2226	0.5844
LMNA	PSME2	3	0.3425	0.3829
ACTB	PSME2	3	0.0854	0.7019
MAPRE3	PSME2	3	0.0396	0.7499
KRT8	TAOK2	3	0.1245	0.6678
LMNA	TAOK2	3	0.0032	0.8442
ACTB	TAOK2	3	0.0036	0.8424
MAPRE3	TAOK2	3	0.5188	0.1796
KRT8	MKLN1	3	0.0104	0.8144
LMNA	MKLN1	3	0.0039	0.8410
ACTB	MKLN1	3	0.0065	0.8300
MAPRE3	MKLN1	3	0.0001	0.8682
KRT8	DNPEP	3	0.0908	0.6975
LMNA	DNPEP	3	0.0146	0.7997
ACTB	DNPEP	3	0.1197	0.6721
CTNNA1	DNPEP	3	0.0193	0.7862
LMNA	RAB23	3	0.3333	0.4115
KRT8	MTUS1	3	0.3550	0.3527
LMNA	MTUS1	3	0.1946	0.6072
ACTB	MTUS1	3	0.3277	0.4728
CTNNA1	MTUS1	3	0.1520	0.6438
MAPRE3	MTUS1	3	0.3840	0.2938
KRT8	WWC3	3	0.0056	0.8337
ACTB	WWC3	3	0.0113	0.8111
MAPRE3	WWC3	3	0.0000	0.8712
LMNA	SLC39A10	3	0.3333	0.4115
LMNA	INO80	3	0.0004	0.8632
KRT8	KIDINS220	3	0.0060	0.8320
LMNA	KIDINS220	3	0.0000	0.8712
ACTB	KIDINS220	3	0.0069	0.8283
CTNNA1	KIDINS220	3	0.0001	0.8682
MAPRE3	KIDINS220	3	0.0002	0.8663
KRT8	ASAP1	3	0.0160	0.7952
ACTB	ASAP1	3	0.1636	0.6329
CTNNA1	ASAP1	3	0.0002	0.8663
MAPRE3	ASAP1	3	0.0081	0.8234
KRT8	MRTFB	3	0.0779	0.7096
ACTB	MRTFB	3	0.9365	0.0038
CTNNA1	MRTFB	3	0.0014	0.8544
MAPRE3	MRTFB	3	0.0021	0.8502
LMNA	ATAD2B	3	0.1756	0.6235
KRT8	RIMKLB	3	0.3333	0.4115
KRT8	ODF2L	3	0.4129	0.2514
ACTB	ODF2L	3	0.1224	0.6694
MAPRE3	ODF2L	3	0.0437	0.7448
LMNA	ZBTB21	3	0.0191	0.7866
ACTB	ZBTB21	3	0.0013	0.8550
CTNNA1	ZBTB21	3	0.0003	0.8647
MAPRE3	ZBTB21	3	0.0002	0.8663
KRT8	ANKRD50	3	0.0196	0.7852
LMNA	ANKRD50	3	0.0000	0.8712
ACTB	ANKRD50	3	0.0179	0.7898
CTNNA1	ANKRD50	3	0.0003	0.8647
MAPRE3	ANKRD50	3	0.0060	0.8320
ACTB	PPP1R9A	3	0.8897	0.0081
KRT8	MED23	3	0.2685	0.5424
LMNA	MED23	3	0.3242	0.4780
ACTB	MED23	3	0.2794	0.5309
CTNNA1	MED23	3	0.0905	0.6977
MAPRE3	MED23	3	0.2322	0.5763
KRT8	PRR12	3	0.0006	0.8612
LMNA	PRR12	3	0.0372	0.7529
ACTB	PRR12	3	0.0009	0.8582
KRT8	YEATS2	3	0.0037	0.8419
LMNA	YEATS2	3	0.0107	0.8132
ACTB	YEATS2	3	0.0025	0.8479
CTNNA1	YEATS2	3	0.0000	0.8712
MAPRE3	YEATS2	3	0.0051	0.8359
KRT8	TBC1D24	3	0.0519	0.7351
ACTB	TBC1D24	3	0.0026	0.8473
KRT8	STRIP2	3	0.0581	0.7282
ACTB	STRIP2	3	0.0113	0.8111
KRT8	ISY1	3	0.2542	0.5561
LMNA	ISY1	3	0.3368	0.4015
ACTB	ISY1	3	0.2472	0.5634
MAPRE3	ISY1	3	0.0905	0.6977
KRT8	TTC7A	3	0.1562	0.6396
ACTB	TTC7A	3	0.0058	0.8327
KRT8	HECTD1	3	0.0701	0.7171
LMNA	HECTD1	3	0.0015	0.8537
ACTB	HECTD1	3	0.0129	0.8057
CTNNA1	HECTD1	3	0.0010	0.8573
MAPRE3	HECTD1	3	0.0024	0.8483
LMNA	ZMYND8	3	0.0069	0.8283
LMNA	CIZ1	3	0.0209	0.7817
KRT8	CORO1C	3	0.2180	0.5883
LMNA	CORO1C	3	0.0633	0.7232
ACTB	CORO1C	3	0.5091	0.1855
CTNNA1	CORO1C	3	0.0767	0.7108
MAPRE3	CORO1C	3	0.1018	0.6873
KRT8	TPX2	3	0.1177	0.6737
LMNA	TPX2	3	0.2876	0.5237
ACTB	TPX2	3	0.1191	0.6726
CTNNA1	TPX2	3	0.0503	0.7370
MAPRE3	TPX2	3	0.2005	0.6028
KRT8	NOB1	3	0.2210	0.5860
LMNA	NOB1	3	0.0501	0.7372
ACTB	NOB1	3	0.5087	0.1859
CTNNA1	NOB1	3	0.0350	0.7563
MAPRE3	NOB1	3	0.2638	0.5473
KRT8	AKAP8L	3	0.3631	0.3370
LMNA	AKAP8L	3	0.3033	0.5047
ACTB	AKAP8L	3	0.2097	0.5953
CTNNA1	AKAP8L	3	0.0547	0.7321
MAPRE3	AKAP8L	3	0.1285	0.6642
KRT8	MYO6	3	0.3527	0.3573
LMNA	MYO6	3	0.0547	0.7321
ACTB	MYO6	3	0.3264	0.4749
CTNNA1	MYO6	3	0.2111	0.5939
MAPRE3	MYO6	3	0.2436	0.5670
KRT8	SPATA2	3	0.2128	0.5926
LMNA	SPATA2	3	0.1237	0.6685
ACTB	SPATA2	3	0.1599	0.6364
CTNNA1	SPATA2	3	0.1218	0.6701
MAPRE3	SPATA2	3	0.2115	0.5936
LMNA	KMT2B	3	0.0007	0.8600
KRT8	DDX19B	3	0.0518	0.7352
LMNA	DDX19B	3	0.0027	0.8469
ACTB	DDX19B	3	0.0147	0.7993
MAPRE3	DDX19B	3	0.0010	0.8573
KRT8	NFU1	3	0.0475	0.7403
LMNA	NFU1	3	0.0095	0.8177
ACTB	NFU1	3	0.0163	0.7943
CTNNA1	NFU1	3	0.0135	0.8037
KRT8	PRPF19	3	0.3057	0.5018
LMNA	PRPF19	3	0.2141	0.5914
ACTB	PRPF19	3	0.2525	0.5581
CTNNA1	PRPF19	3	0.1171	0.6745
MAPRE3	PRPF19	3	0.0353	0.7559
KRT8	SYNPO2	3	0.0004	0.8632
ACTB	SYNPO2	3	0.1689	0.6289
KRT8	UBQLN1	3	0.3333	0.4115
KRT8	SUFU	3	0.3333	0.4115
KRT8	SNX12	3	0.0298	0.7643
LMNA	SNX12	3	0.0024	0.8483
ACTB	SNX12	3	0.0214	0.7805
MAPRE3	SNX12	3	0.0000	0.8712
KRT8	SYNRG	3	0.3516	0.3607
LMNA	SYNRG	3	0.0519	0.7351
ACTB	SYNRG	3	0.2990	0.5106
CTNNA1	SYNRG	3	0.1680	0.6296
MAPRE3	SYNRG	3	0.2617	0.5494
KRT8	G3BP2	3	0.0187	0.7876
LMNA	G3BP2	3	0.0012	0.8558
ACTB	G3BP2	3	0.0035	0.8429
MAPRE3	G3BP2	3	0.0063	0.8308
KRT8	STUB1	3	0.4349	0.2326
LMNA	STUB1	3	0.2785	0.5322
ACTB	STUB1	3	0.2863	0.5246
CTNNA1	STUB1	3	0.0038	0.8415
MAPRE3	STUB1	3	0.1232	0.6688
KRT8	PACSIN2	3	0.0052	0.8354
ACTB	PACSIN2	3	0.0074	0.8260
KRT8	MAGED2	3	0.3414	0.3885
LMNA	MAGED2	3	0.2707	0.5401
ACTB	MAGED2	3	0.2822	0.5280
CTNNA1	MAGED2	3	0.0819	0.7059
MAPRE3	MAGED2	3	0.1089	0.6815
KRT8	SNX7	3	0.3773	0.3079
LMNA	SNX7	3	0.1477	0.6470
ACTB	SNX7	3	0.3236	0.4785
CTNNA1	SNX7	3	0.1903	0.6106
MAPRE3	SNX7	3	0.2666	0.5443
KRT8	SNX6	3	0.3185	0.4842
LMNA	SNX6	3	0.1251	0.6675
ACTB	SNX6	3	0.2918	0.5188
CTNNA1	SNX6	3	0.0561	0.7304
MAPRE3	SNX6	3	0.2110	0.5940
KRT8	DUSP12	3	0.0016	0.8531
KRT8	ANGEL1	3	0.3333	0.4115
KRT8	PSMD13	3	0.0593	0.7269
LMNA	PSMD13	3	0.0117	0.8097
ACTB	PSMD13	3	0.0776	0.7100
CTNNA1	PSMD13	3	0.0016	0.8531
MAPRE3	PSMD13	3	0.0086	0.8215
KRT8	FAF1	3	0.0053	0.8350
LMNA	FAF1	3	0.0053	0.8350
ACTB	FAF1	3	0.1093	0.6813
LMNA	PPIE	3	0.0274	0.7684
ACTB	PPIE	3	0.0001	0.8682
KRT8	DIMT1	3	0.4076	0.2590
LMNA	DIMT1	3	0.2039	0.6003
ACTB	DIMT1	3	0.2019	0.6016
CTNNA1	DIMT1	3	0.0279	0.7675
MAPRE3	DIMT1	3	0.0973	0.6915
LMNA	TIMELESS	3	0.0129	0.8057
KRT8	COPS3	3	0.0952	0.6934
ACTB	COPS3	3	0.0643	0.7222
CTNNA1	COPS3	3	0.0002	0.8663
MAPRE3	COPS3	3	0.0002	0.8663
KRT8	WDR3	3	0.1860	0.6137
LMNA	WDR3	3	0.2637	0.5476
ACTB	WDR3	3	0.1244	0.6680
CTNNA1	WDR3	3	0.0286	0.7665
MAPRE3	WDR3	3	0.0530	0.7340
KRT8	TTF2	3	0.0406	0.7485
LMNA	TTF2	3	0.0006	0.8612
ACTB	TTF2	3	0.0265	0.7702
CTNNA1	TTF2	3	0.0040	0.8407
MAPRE3	TTF2	3	0.0209	0.7817
LMNA	ZNF232	3	1.0000	0.0000
KRT8	NSFL1C	3	0.0081	0.8234
LMNA	NSFL1C	3	0.0001	0.8682
ACTB	NSFL1C	3	0.0029	0.8459
KRT8	COG5	3	1.0000	0.0000
LMNA	SLC12A4	3	0.0012	0.8558
ACTB	SLC12A4	3	0.0041	0.8402
KRT8	AP4E1	3	0.0203	0.7832
LMNA	AP4E1	3	0.0005	0.8621
ACTB	AP4E1	3	0.0106	0.8138
CTNNA1	AP4E1	3	0.0001	0.8682
MAPRE3	AP4E1	3	0.0015	0.8537
KRT8	CEP131	3	0.9985	0.0001
LMNA	CEP131	3	0.0009	0.8582
ACTB	CEP131	3	0.0139	0.8022
MAPRE3	CEP131	3	0.0164	0.7940
KRT8	SCAF8	3	0.0000	0.8712
LMNA	SCAF8	3	0.0018	0.8519
ACTB	SCAF8	3	0.0001	0.8682
MAPRE3	SCAF8	3	0.0000	0.8712
KRT8	PPP6R1	3	0.1660	0.6309
ACTB	PPP6R1	3	0.0099	0.8164
CTNNA1	PPP6R1	3	0.0002	0.8663
MAPRE3	PPP6R1	3	0.0001	0.8682
KRT8	TRIM33	3	0.1288	0.6640
LMNA	TRIM33	3	0.3950	0.2736
ACTB	TRIM33	3	0.2880	0.5230
MAPRE3	TRIM33	3	0.3041	0.5038
KRT8	PHF8	3	0.0002	0.8663
LMNA	PHF8	3	0.0141	0.8015
ACTB	PHF8	3	0.0002	0.8663
MAPRE3	PHF8	3	0.0001	0.8682
KRT8	LIMCH1	3	0.2143	0.5912
LMNA	LIMCH1	3	0.0721	0.7153
ACTB	LIMCH1	3	0.3079	0.4986
CTNNA1	LIMCH1	3	0.0904	0.6979
MAPRE3	LIMCH1	3	0.1264	0.6663
KRT8	AGAP1	3	0.3524	0.3582
ACTB	AGAP1	3	0.0036	0.8424
MAPRE3	AGAP1	3	0.0053	0.8350
KRT8	DOLK	3	0.2546	0.5556
LMNA	DOLK	3	0.0016	0.8531
ACTB	DOLK	3	0.3362	0.4035
KRT8	TNRC6B	3	0.4089	0.2559
LMNA	TNRC6B	3	0.1594	0.6370
ACTB	TNRC6B	3	0.3208	0.4817
CTNNA1	TNRC6B	3	0.1774	0.6215
MAPRE3	TNRC6B	3	0.2882	0.5227
KRT8	SMG5	3	1.0000	0.0000
ACTB	SMG5	3	0.3333	0.4115
LMNA	SETD1B	3	0.0082	0.8230
KRT8	ANKRD26	3	0.0220	0.7790
ACTB	ANKRD26	3	0.0070	0.8278
CTNNA1	ANKRD26	3	0.0004	0.8632
MAPRE3	ANKRD26	3	0.0003	0.8647
KRT8	EXOC7	3	0.0291	0.7657
LMNA	EXOC7	3	0.0001	0.8682
ACTB	EXOC7	3	0.0173	0.7914
CTNNA1	EXOC7	3	0.0003	0.8647
MAPRE3	EXOC7	3	0.0024	0.8483
LMNA	ZC3H4	3	0.0021	0.8502
ACTB	ZC3H4	3	0.0000	0.8712
KRT8	USP22	3	0.0076	0.8253
LMNA	USP22	3	0.0224	0.7783
ACTB	USP22	3	0.0011	0.8566
MAPRE3	USP22	3	0.0003	0.8647
KRT8	USP24	3	0.2844	0.5260
LMNA	USP24	3	0.0177	0.7904
ACTB	USP24	3	0.0158	0.7958
CTNNA1	USP24	3	0.0000	0.8712
MAPRE3	USP24	3	0.0057	0.8332
KRT8	TBC1D2B	3	0.0972	0.6916
ACTB	TBC1D2B	3	0.0190	0.7868
CTNNA1	TBC1D2B	3	0.0002	0.8663
MAPRE3	TBC1D2B	3	0.0038	0.8415
ACTB	SAMD4A	3	0.3333	0.4115
KRT8	CEP164	3	0.6967	0.0508
ACTB	CEP164	3	0.0140	0.8018
MAPRE3	CEP164	3	0.0191	0.7866
KRT8	TRAK1	3	1.0000	0.0000
ACTB	TRAK1	3	0.3333	0.4115
KRT8	FOXJ3	3	0.0014	0.8544
LMNA	FOXJ3	3	0.1087	0.6817
CTNNA1	FOXJ3	3	0.0002	0.8663
KRT8	AGTPBP1	3	0.0215	0.7803
ACTB	AGTPBP1	3	0.0017	0.8526
KRT8	DICER1	3	0.0124	0.8074
ACTB	DICER1	3	0.0052	0.8354
CTNNA1	DICER1	3	0.0000	0.8712
MAPRE3	DICER1	3	0.0000	0.8712
KRT8	SLC7A11	3	0.1446	0.6499
LMNA	SLC7A11	3	0.0035	0.8429
ACTB	SLC7A11	3	0.0316	0.7613
CTNNA1	SLC7A11	3	0.0014	0.8544
MAPRE3	SLC7A11	3	0.0017	0.8526
KRT8	MAPRE3	3	0.3333	0.4115
LMNA	MAPRE3	3	1.0000	0.0000
ACTB	MAPRE3	3	0.3333	0.4115
CTNNA1	MAPRE3	3	1.0000	0.0000
MAPRE3	MAPRE3	3	1.0000	0.0000
KRT8	HPS5	3	0.0401	0.7491
LMNA	HPS5	3	0.0002	0.8663
ACTB	HPS5	3	0.0069	0.8283
CTNNA1	HPS5	3	0.0000	0.8712
MAPRE3	HPS5	3	0.0016	0.8531
KRT8	SRRM2	3	0.0751	0.7122
LMNA	SRRM2	3	0.2314	0.5770
ACTB	SRRM2	3	0.1249	0.6676
CTNNA1	SRRM2	3	0.0051	0.8359
MAPRE3	SRRM2	3	0.0576	0.7289
ACTB	PA2G4	3	0.0005	0.8621
CTNNA1	PA2G4	3	0.0000	0.8712
LMNA	EXO1	3	0.3333	0.4115
LMNA	CDK11A	3	0.0004	0.8632
KRT8	BAIAP2	3	0.0460	0.7419
ACTB	BAIAP2	3	0.0345	0.7570
KRT8	SMC3	3	0.0669	0.7198
LMNA	SMC3	3	0.3072	0.4999
ACTB	SMC3	3	0.0549	0.7319
KRT8	HDAC5	3	0.3399	0.3927
LMNA	HDAC5	3	0.0543	0.7326
ACTB	HDAC5	3	0.0156	0.7963
MAPRE3	HDAC5	3	0.0024	0.8483
KRT8	CHMP2B	3	0.1853	0.6142
LMNA	CHMP2B	3	0.0004	0.8632
ACTB	CHMP2B	3	0.0564	0.7301
MAPRE3	CHMP2B	3	0.0045	0.8384
KRT8	SCML2	3	0.0033	0.8438
LMNA	SCML2	3	0.0360	0.7547
MAPRE3	SCML2	3	0.0001	0.8682
KRT8	ZNF148	3	0.0027	0.8469
LMNA	ZNF148	3	0.0168	0.7927
ACTB	ZNF148	3	0.0019	0.8514
CTNNA1	ZNF148	3	0.0000	0.8712
MAPRE3	ZNF148	3	0.0004	0.8632
KRT8	MTMR6	3	0.3504	0.3631
LMNA	MTMR6	3	0.0060	0.8320
ACTB	MTMR6	3	0.0211	0.7813
CTNNA1	MTMR6	3	0.0006	0.8612
MAPRE3	MTMR6	3	0.0022	0.8496
KRT8	NIP7	3	0.1904	0.6105
LMNA	NIP7	3	0.0493	0.7381
ACTB	NIP7	3	0.1422	0.6522
CTNNA1	NIP7	3	0.0082	0.8230
KRT8	GNE	3	0.0497	0.7377
LMNA	GNE	3	0.0081	0.8234
ACTB	GNE	3	0.0738	0.7136
CTNNA1	GNE	3	0.0012	0.8558
MAPRE3	GNE	3	0.0031	0.8449
KRT8	RTRAF	3	0.2842	0.5264
LMNA	RTRAF	3	0.1777	0.6212
ACTB	RTRAF	3	0.2483	0.5623
CTNNA1	RTRAF	3	0.0197	0.7849
MAPRE3	RTRAF	3	0.1362	0.6576
KRT8	RUVBL2	3	0.2964	0.5135
LMNA	RUVBL2	3	0.0654	0.7213
ACTB	RUVBL2	3	0.1372	0.6564
CTNNA1	RUVBL2	3	0.0111	0.8119
MAPRE3	RUVBL2	3	0.0172	0.7916
LMNA	CDYL	3	0.0173	0.7914
MAPRE3	CDYL	3	0.0003	0.8647
LMNA	FAM50B	3	0.5719	0.1641
KRT8	RCE1	3	0.6667	0.0696
LMNA	RCE1	3	0.3333	0.4115
KRT8	EIF3L	3	0.2008	0.6028
LMNA	EIF3L	3	0.0790	0.7086
ACTB	EIF3L	3	0.1492	0.6459
CTNNA1	EIF3L	3	0.0094	0.8181
MAPRE3	EIF3L	3	0.0095	0.8177
KRT8	PLAA	3	0.3135	0.4914
LMNA	PLAA	3	0.2505	0.5601
ACTB	PLAA	3	0.2852	0.5254
CTNNA1	PLAA	3	0.0918	0.6965
MAPRE3	PLAA	3	0.1760	0.6231
KRT8	RUVBL1	3	0.2221	0.5852
LMNA	RUVBL1	3	0.0344	0.7572
ACTB	RUVBL1	3	0.0869	0.7006
CTNNA1	RUVBL1	3	0.0099	0.8164
MAPRE3	RUVBL1	3	0.0072	0.8270
KRT8	NUDC	3	0.2805	0.5293
LMNA	NUDC	3	0.1152	0.6759
ACTB	NUDC	3	0.2832	0.5273
CTNNA1	NUDC	3	0.0368	0.7533
MAPRE3	NUDC	3	0.0787	0.7088
KRT8	BCS1L	3	1.0000	0.0000
KRT8	VDAC3	3	0.2885	0.5226
LMNA	VDAC3	3	0.2408	0.5692
ACTB	VDAC3	3	0.2593	0.5516
CTNNA1	VDAC3	3	0.0341	0.7576
MAPRE3	VDAC3	3	0.0813	0.7065
KRT8	INVS	3	0.0090	0.8199
LMNA	INVS	3	0.0379	0.7520
ACTB	INVS	3	0.0089	0.8203
MAPRE3	INVS	3	0.0057	0.8332
KRT8	FARSA	3	0.3116	0.4941
LMNA	FARSA	3	0.1012	0.6878
ACTB	FARSA	3	0.1789	0.6200
CTNNA1	FARSA	3	0.0268	0.7697
MAPRE3	FARSA	3	0.0844	0.7029
KRT8	ASF1A	3	0.0009	0.8582
LMNA	ASF1A	3	0.0055	0.8342
ACTB	ASF1A	3	0.0020	0.8508
CTNNA1	ASF1A	3	0.0001	0.8682
KRT8	DRG1	3	0.2808	0.5289
LMNA	DRG1	3	0.2269	0.5805
ACTB	DRG1	3	0.2053	0.5991
CTNNA1	DRG1	3	0.0930	0.6955
MAPRE3	DRG1	3	0.1494	0.6457
KRT8	NCKAP1	3	0.1433	0.6510
LMNA	NCKAP1	3	0.1051	0.6848
ACTB	NCKAP1	3	0.1656	0.6312
CTNNA1	NCKAP1	3	0.0217	0.7797
MAPRE3	NCKAP1	3	0.0047	0.8376
KRT8	EXOC6B	3	0.0127	0.8065
ACTB	EXOC6B	3	0.0068	0.8289
MAPRE3	EXOC6B	3	0.0000	0.8712
KRT8	PALM2AKAP2	3	0.2028	0.6009
LMNA	PALM2AKAP2	3	0.0837	0.7037
ACTB	PALM2AKAP2	3	0.4167	0.2453
CTNNA1	PALM2AKAP2	3	0.1163	0.6750
MAPRE3	PALM2AKAP2	3	0.1330	0.6605
KRT8	SSX2IP	3	0.6681	0.0679
ACTB	SSX2IP	3	0.0128	0.8061
CTNNA1	SSX2IP	3	0.0001	0.8682
MAPRE3	SSX2IP	3	0.0183	0.7886
KRT8	ICE1	3	0.0100	0.8159
LMNA	ICE1	3	0.0153	0.7974
ACTB	ICE1	3	0.0025	0.8479
CTNNA1	ICE1	3	0.0000	0.8712
MAPRE3	ICE1	3	0.0013	0.8550
KRT8	DNAJC16	3	0.0289	0.7660
LMNA	DNAJC16	3	1.0000	0.0000
LMNA	SBNO2	3	0.6667	0.0696
KRT8	STK38L	3	0.0695	0.7174
LMNA	STK38L	3	0.0007	0.8600
ACTB	STK38L	3	0.0069	0.8283
MAPRE3	STK38L	3	0.0004	0.8632
KRT8	INPP5F	3	0.0003	0.8647
KRT8	PLEKHA6	3	1.0000	0.0000
ACTB	PLEKHA6	3	1.0000	0.0000
CTNNA1	PLEKHA6	3	1.0000	0.0000
MAPRE3	PLEKHA6	3	0.6667	0.0696
KRT8	FNDC3A	3	0.0023	0.8489
LMNA	FNDC3A	3	0.0033	0.8438
ACTB	FNDC3A	3	0.0062	0.8312
MAPRE3	FNDC3A	3	0.0000	0.8712
KRT8	NISCH	3	0.3838	0.2944
LMNA	NISCH	3	0.0002	0.8663
ACTB	NISCH	3	0.2361	0.5729
KRT8	PIKFYVE	3	0.0182	0.7889
LMNA	PIKFYVE	3	0.0008	0.8590
ACTB	PIKFYVE	3	0.0086	0.8215
CTNNA1	PIKFYVE	3	0.0001	0.8682
MAPRE3	PIKFYVE	3	0.0011	0.8566
KRT8	AMOTL2	3	0.6667	0.0696
LMNA	ZBTB1	3	0.5662	0.1659
KRT8	SIK3	3	0.3547	0.3534
KRT8	USP20	3	0.0001	0.8682
ACTB	USP20	3	0.0000	0.8712
MAPRE3	USP20	3	0.0000	0.8712
KRT8	KDM2A	3	0.1433	0.6510
LMNA	KDM2A	3	0.3194	0.4834
ACTB	KDM2A	3	0.1241	0.6682
MAPRE3	KDM2A	3	0.0397	0.7498
KRT8	DIS3	3	0.0071	0.8274
LMNA	DIS3	3	0.3415	0.3876
ACTB	DIS3	3	0.0056	0.8337
CTNNA1	DIS3	3	0.0005	0.8621
MAPRE3	DIS3	3	0.0007	0.8600
KRT8	TRAPPC8	3	0.0069	0.8283
LMNA	TRAPPC8	3	0.0001	0.8682
ACTB	TRAPPC8	3	0.0071	0.8274
MAPRE3	TRAPPC8	3	0.0004	0.8632
KRT8	LRCH1	3	0.0361	0.7545
ACTB	LRCH1	3	0.1428	0.6515
CTNNA1	LRCH1	3	0.0002	0.8663
MAPRE3	LRCH1	3	0.0043	0.8392
LMNA	FAN1	3	0.0008	0.8590
KRT8	RCL1	3	0.0127	0.8065
LMNA	RCL1	3	0.0016	0.8531
ACTB	RCL1	3	0.0011	0.8566
KRT8	GSTK1	3	0.2385	0.5709
LMNA	GSTK1	3	0.0822	0.7054
ACTB	GSTK1	3	0.1811	0.6177
CTNNA1	GSTK1	3	0.0110	0.8122
MAPRE3	GSTK1	3	0.0395	0.7500
KRT8	MRPS28	3	1.0000	0.0000
KRT8	DDX52	3	0.0046	0.8380
LMNA	DDX52	3	0.0093	0.8186
ACTB	DDX52	3	0.0011	0.8566
CTNNA1	DDX52	3	0.0000	0.8712
MAPRE3	DDX52	3	0.0003	0.8647
KRT8	MRPS17	3	0.9997	0.0000
LMNA	MRPS17	3	0.0130	0.8054
ACTB	MRPS17	3	0.0302	0.7637
KRT8	MRPS7	3	0.6667	0.0696
KRT8	POLDIP2	3	0.3982	0.2700
LMNA	POLDIP2	3	0.1479	0.6468
ACTB	POLDIP2	3	0.2063	0.5984
CTNNA1	POLDIP2	3	0.0227	0.7776
MAPRE3	POLDIP2	3	0.0484	0.7392
KRT8	AP3M1	3	0.3380	0.3981
LMNA	AP3M1	3	0.2505	0.5601
ACTB	AP3M1	3	0.2750	0.5354
CTNNA1	AP3M1	3	0.0455	0.7426
MAPRE3	AP3M1	3	0.1711	0.6273
KRT8	GDA	3	0.1561	0.6397
LMNA	GDA	3	0.3407	0.3904
ACTB	GDA	3	0.1202	0.6716
CTNNA1	GDA	3	0.0352	0.7561
MAPRE3	GDA	3	0.0460	0.7419
KRT8	LEMD3	3	0.0086	0.8215
LMNA	LEMD3	3	1.0000	0.0000
ACTB	LEMD3	3	0.0085	0.8220
MAPRE3	LEMD3	3	0.0034	0.8433
KRT8	CARHSP1	3	0.0107	0.8132
LMNA	CARHSP1	3	0.0116	0.8099
ACTB	CARHSP1	3	0.0264	0.7703
CTNNA1	CARHSP1	3	0.0072	0.8270
MAPRE3	CARHSP1	3	0.0017	0.8526
KRT8	THRAP3	3	0.1281	0.6646
LMNA	THRAP3	3	0.2215	0.5857
ACTB	THRAP3	3	0.1553	0.6405
CTNNA1	THRAP3	3	0.0199	0.7843
MAPRE3	THRAP3	3	0.1824	0.6165
KRT8	WBP11	3	0.0000	0.8712
LMNA	WBP11	3	0.0109	0.8127
ACTB	WBP11	3	0.0004	0.8632
MAPRE3	WBP11	3	0.0002	0.8663
KRT8	MED16	3	0.1168	0.6747
LMNA	MED16	3	0.0167	0.7929
ACTB	MED16	3	0.0214	0.7805
KRT8	NOP58	3	0.0885	0.6994
LMNA	NOP58	3	0.0944	0.6941
ACTB	NOP58	3	0.0428	0.7459
CTNNA1	NOP58	3	0.0085	0.8220
MAPRE3	NOP58	3	0.0088	0.8208
KRT8	GIT1	3	0.0114	0.8107
ACTB	GIT1	3	0.0175	0.7909
CTNNA1	GIT1	3	0.0000	0.8712
MAPRE3	GIT1	3	0.0006	0.8612
KRT8	ZNF281	3	0.2619	0.5492
LMNA	ZNF281	3	0.3410	0.3897
ACTB	ZNF281	3	0.2534	0.5570
CTNNA1	ZNF281	3	0.0997	0.6892
MAPRE3	ZNF281	3	0.2444	0.5663
LMNA	ARL2BP	3	0.0532	0.7338
ACTB	ARL2BP	3	0.0047	0.8376
CTNNA1	ARL2BP	3	0.0404	0.7488
MAPRE3	ARL2BP	3	0.0069	0.8283
KRT8	SUGT1	3	0.1031	0.6865
LMNA	SUGT1	3	0.0173	0.7914
ACTB	SUGT1	3	0.0193	0.7862
CTNNA1	SUGT1	3	0.0015	0.8537
MAPRE3	SUGT1	3	0.0028	0.8464
KRT8	MTO1	3	0.6670	0.0691
LMNA	MTO1	3	0.3347	0.4069
ACTB	MTO1	3	0.0544	0.7325
MAPRE3	MTO1	3	0.0010	0.8573
KRT8	YARS2	3	0.6660	0.1402
LMNA	YARS2	3	0.8529	0.0130
ACTB	YARS2	3	0.0267	0.7698
LMNA	COQ6	3	0.0694	0.7175
CTNNA1	COQ6	3	0.0357	0.7553
KRT8	ACOT9	3	0.3014	0.5073
LMNA	ACOT9	3	0.2118	0.5932
ACTB	ACOT9	3	0.1088	0.6816
CTNNA1	ACOT9	3	0.0203	0.7832
MAPRE3	ACOT9	3	0.0320	0.7606
KRT8	AAR2	3	0.6484	0.1473
LMNA	AAR2	3	0.0038	0.8415
ACTB	AAR2	3	0.0086	0.8215
KRT8	NOSIP	3	0.1553	0.6405
LMNA	NOSIP	3	0.3337	0.4098
ACTB	NOSIP	3	0.1670	0.6302
CTNNA1	NOSIP	3	0.0546	0.7322
MAPRE3	NOSIP	3	0.1025	0.6869
KRT8	MEMO1	3	0.3170	0.4860
LMNA	MEMO1	3	0.0682	0.7183
ACTB	MEMO1	3	0.2042	0.6001
CTNNA1	MEMO1	3	0.0149	0.7987
MAPRE3	MEMO1	3	0.0160	0.7952
LMNA	TMX2	3	0.3333	0.4115
KRT8	SNX24	3	0.0294	0.7652
MAPRE3	SNX24	3	0.0018	0.8519
KRT8	SH3GLB1	3	0.2638	0.5473
LMNA	SH3GLB1	3	0.0167	0.7929
ACTB	SH3GLB1	3	0.0662	0.7204
CTNNA1	SH3GLB1	3	0.0347	0.7568
MAPRE3	SH3GLB1	3	0.0497	0.7377
KRT8	CAB39	3	0.3333	0.4115
ACTB	CAB39	3	0.0108	0.8130
KRT8	LUC7L2	3	0.0342	0.7575
LMNA	LUC7L2	3	0.0397	0.7498
ACTB	LUC7L2	3	0.0308	0.7624
CTNNA1	LUC7L2	3	0.0076	0.8253
MAPRE3	LUC7L2	3	0.0069	0.8283
LMNA	DHRS7	3	0.3333	0.4115
KRT8	MRPS2	3	0.7464	0.0351
LMNA	MRPS2	3	0.6684	0.0663
ACTB	MRPS2	3	0.1637	0.6327
MAPRE3	MRPS2	3	0.0006	0.8612
LMNA	UTP11	3	0.0378	0.7522
KRT8	MOB4	3	0.0026	0.8473
ACTB	MOB4	3	0.0027	0.8469
KRT8	RRP7A	3	0.0075	0.8257
LMNA	RRP7A	3	0.0332	0.7588
ACTB	RRP7A	3	0.0029	0.8459
MAPRE3	RRP7A	3	0.0001	0.8682
KRT8	SBDS	3	0.0860	0.7013
LMNA	SBDS	3	0.3779	0.3059
ACTB	SBDS	3	0.0194	0.7859
CTNNA1	SBDS	3	0.1003	0.6886
MAPRE3	SBDS	3	0.0765	0.7110
KRT8	SF3B6	3	0.1960	0.6059
LMNA	SF3B6	3	0.2497	0.5610
ACTB	SF3B6	3	0.2078	0.5971
CTNNA1	SF3B6	3	0.0111	0.8119
MAPRE3	SF3B6	3	0.0550	0.7317
KRT8	REXO2	3	1.0000	0.0000
KRT8	RRP15	3	0.1457	0.6486
LMNA	RRP15	3	0.3828	0.2965
CTNNA1	RRP15	3	0.0226	0.7778
MAPRE3	RRP15	3	0.1365	0.6570
KRT8	WASHC3	3	0.6667	0.0696
ACTB	WASHC3	3	0.3333	0.4115
KRT8	NOP16	3	0.0000	0.8712
LMNA	NOP16	3	0.0000	0.8712
KRT8	PPIL1	3	0.0451	0.7431
LMNA	PPIL1	3	0.0229	0.7773
ACTB	PPIL1	3	0.0269	0.7694
CTNNA1	PPIL1	3	0.0191	0.7866
MAPRE3	PPIL1	3	0.0071	0.8274
KRT8	UFC1	3	0.1455	0.6488
LMNA	UFC1	3	0.0581	0.7282
ACTB	UFC1	3	0.1200	0.6717
CTNNA1	UFC1	3	0.0366	0.7537
MAPRE3	UFC1	3	0.0186	0.7879
KRT8	MSRB2	3	0.0258	0.7715
LMNA	MSRB2	3	0.0122	0.8082
ACTB	MSRB2	3	0.0055	0.8342
CTNNA1	MSRB2	3	0.0102	0.8152
MAPRE3	MSRB2	3	0.0023	0.8489
LMNA	AK6	3	0.0002	0.8663
CTNNA1	AK6	3	0.0054	0.8345
KRT8	MRPS23	3	0.9992	0.0000
LMNA	MRPS23	3	0.0780	0.7095
KRT8	PTRH2	3	0.0812	0.7066
LMNA	PTRH2	3	0.1102	0.6803
ACTB	PTRH2	3	0.0718	0.7156
KRT8	STRAP	3	0.1225	0.6693
LMNA	STRAP	3	0.0265	0.7702
ACTB	STRAP	3	0.0603	0.7264
CTNNA1	STRAP	3	0.0077	0.8250
MAPRE3	STRAP	3	0.0043	0.8392
KRT8	RTCB	3	0.0917	0.6967
ACTB	RTCB	3	0.2129	0.5925
KRT8	FBXO7	3	0.0443	0.7441
LMNA	FBXO7	3	0.0136	0.8031
ACTB	FBXO7	3	0.0060	0.8320
KRT8	RABGAP1	3	0.3132	0.4916
LMNA	RABGAP1	3	0.0575	0.7291
ACTB	RABGAP1	3	0.2681	0.5426
CTNNA1	RABGAP1	3	0.1200	0.6717
MAPRE3	RABGAP1	3	0.1684	0.6292
KRT8	TSC22D4	3	0.0171	0.7919
LMNA	TSC22D4	3	0.0000	0.8712
ACTB	TSC22D4	3	0.0129	0.8057
CTNNA1	TSC22D4	3	0.0009	0.8582
MAPRE3	TSC22D4	3	0.0010	0.8573
KRT8	WNK2	3	0.0070	0.8278
ACTB	WNK2	3	0.3333	0.4115
KRT8	NOC2L	3	0.2711	0.5396
LMNA	NOC2L	3	0.0076	0.8253
ACTB	NOC2L	3	0.0111	0.8119
MAPRE3	NOC2L	3	0.0001	0.8682
KRT8	RPL36	3	0.1574	0.6389
LMNA	RPL36	3	0.0841	0.7033
ACTB	RPL36	3	0.1261	0.6667
CTNNA1	RPL36	3	0.0253	0.7722
MAPRE3	RPL36	3	0.0371	0.7530
KRT8	SAMHD1	3	0.0036	0.8424
LMNA	SAMHD1	3	0.0104	0.8144
ACTB	SAMHD1	3	0.0000	0.8712
KRT8	C2CD2	3	0.0047	0.8376
ACTB	C2CD2	3	0.0223	0.7784
KRT8	PKP3	3	0.2412	0.5687
ACTB	PKP3	3	0.0270	0.7692
CTNNA1	PKP3	3	0.0018	0.8519
MAPRE3	PKP3	3	0.0063	0.8308
KRT8	KNSTRN	3	0.1357	0.6581
LMNA	KNSTRN	3	0.0079	0.8242
ACTB	KNSTRN	3	0.0145	0.8000
CTNNA1	KNSTRN	3	0.0013	0.8550
MAPRE3	KNSTRN	3	1.0000	0.0000
KRT8	HBS1L	3	0.1902	0.6107
LMNA	HBS1L	3	0.0024	0.8483
ACTB	HBS1L	3	0.0164	0.7940
CTNNA1	HBS1L	3	0.0001	0.8682
MAPRE3	HBS1L	3	0.0051	0.8359
KRT8	PRKAB1	3	0.0447	0.7436
ACTB	PRKAB1	3	0.1863	0.6132
KRT8	WDR45	3	0.0443	0.7441
LMNA	WDR45	3	0.0005	0.8621
ACTB	WDR45	3	0.0195	0.7855
MAPRE3	WDR45	3	0.0009	0.8582
KRT8	DMXL1	3	0.0580	0.7284
ACTB	DMXL1	3	0.0157	0.7961
CTNNA1	DMXL1	3	0.0002	0.8663
MAPRE3	DMXL1	3	0.0024	0.8483
KRT8	TLN1	3	0.3170	0.4860
LMNA	TLN1	3	0.1458	0.6485
ACTB	TLN1	3	0.3317	0.4664
CTNNA1	TLN1	3	0.1556	0.6402
MAPRE3	TLN1	3	0.2219	0.5854
KRT8	KIF3A	3	0.0000	0.8712
KRT8	TRRAP	3	0.0360	0.7547
LMNA	TRRAP	3	0.0026	0.8473
ACTB	TRRAP	3	0.0151	0.7980
MAPRE3	TRRAP	3	0.0003	0.8647
LMNA	RAD54L2	3	0.5563	0.1689
KRT8	MTCL1	3	0.2234	0.5836
ACTB	MTCL1	3	0.0719	0.7155
CTNNA1	MTCL1	3	0.0010	0.8573
MAPRE3	MTCL1	3	0.0212	0.7811
KRT8	DCAF1	3	0.0214	0.7805
LMNA	DCAF1	3	0.0112	0.8115
ACTB	DCAF1	3	0.0253	0.7722
CTNNA1	DCAF1	3	0.0000	0.8712
MAPRE3	DCAF1	3	0.0021	0.8502
KRT8	KDM3A	3	0.0004	0.8632
LMNA	KDM3A	3	0.0119	0.8091
ACTB	KDM3A	3	0.0000	0.8712
KRT8	TCAF1	3	0.0538	0.7331
LMNA	TCAF1	3	0.0013	0.8550
MAPRE3	TCAF1	3	0.0001	0.8682
KRT8	RBM19	3	0.0000	0.8712
LMNA	RBM19	3	0.0065	0.8300
ACTB	RBM19	3	0.0000	0.8712
MAPRE3	RBM19	3	0.0001	0.8682
KRT8	DAAM1	3	0.0065	0.8300
ACTB	DAAM1	3	0.1253	0.6673
KRT8	WASHC2C	3	0.0113	0.8111
ACTB	WASHC2C	3	0.0229	0.7773
CTNNA1	WASHC2C	3	0.0003	0.8647
MAPRE3	WASHC2C	3	0.0025	0.8479
LMNA	ZNF451	3	0.1978	0.6045
KRT8	WDR7	3	0.1484	0.6465
ACTB	WDR7	3	0.0316	0.7613
CTNNA1	WDR7	3	0.0004	0.8632
MAPRE3	WDR7	3	0.0041	0.8402
KRT8	USP15	3	0.3443	0.3780
LMNA	USP15	3	0.2754	0.5350
ACTB	USP15	3	0.2758	0.5345
CTNNA1	USP15	3	0.0729	0.7146
MAPRE3	USP15	3	0.1444	0.6500
KRT8	FARP1	3	0.3664	0.3312
LMNA	FARP1	3	0.0088	0.8208
ACTB	FARP1	3	0.0061	0.8316
KRT8	MARF1	3	0.0211	0.7813
LMNA	MARF1	3	0.0009	0.8582
ACTB	MARF1	3	0.0148	0.7989
CTNNA1	MARF1	3	0.0002	0.8663
MAPRE3	MARF1	3	0.0141	0.8015
KRT8	CEP170B	3	0.0173	0.7914
ACTB	CEP170B	3	0.0068	0.8289
MAPRE3	CEP170B	3	0.5100	0.1835
KRT8	TLN2	3	0.0179	0.7898
LMNA	TLN2	3	0.0004	0.8632
ACTB	TLN2	3	0.2036	0.6004
CTNNA1	TLN2	3	0.0013	0.8550
MAPRE3	TLN2	3	0.0020	0.8508
KRT8	RAPGEF2	3	0.0117	0.8097
ACTB	RAPGEF2	3	0.0056	0.8337
MAPRE3	RAPGEF2	3	0.0001	0.8682
KRT8	IRS2	3	0.0186	0.7879
ACTB	IRS2	3	0.0801	0.7077
CTNNA1	IRS2	3	0.0000	0.8712
MAPRE3	IRS2	3	0.0056	0.8337
KRT8	MYO5A	3	0.0306	0.7628
LMNA	MYO5A	3	0.0014	0.8544
ACTB	MYO5A	3	0.0245	0.7739
MAPRE3	MYO5A	3	0.0011	0.8566
KRT8	CRYBG1	3	0.1066	0.6832
LMNA	CRYBG1	3	0.0006	0.8612
ACTB	CRYBG1	3	0.0196	0.7852
CTNNA1	CRYBG1	3	0.0025	0.8479
MAPRE3	CRYBG1	3	0.0120	0.8088
KRT8	TBL2	3	0.0495	0.7379
LMNA	TBL2	3	0.0585	0.7278
KRT8	WIPI2	3	0.0858	0.7014
LMNA	WIPI2	3	0.0035	0.8429
ACTB	WIPI2	3	0.0209	0.7817
CTNNA1	WIPI2	3	0.0003	0.8647
MAPRE3	WIPI2	3	0.0021	0.8502
KRT8	TELO2	3	0.0372	0.7529
LMNA	TELO2	3	0.0092	0.8190
ACTB	TELO2	3	0.0150	0.7983
CTNNA1	TELO2	3	0.0002	0.8663
MAPRE3	TELO2	3	0.0032	0.8442
KRT8	LAS1L	3	0.2637	0.5476
LMNA	LAS1L	3	0.2142	0.5912
ACTB	LAS1L	3	0.2334	0.5754
CTNNA1	LAS1L	3	0.0394	0.7501
MAPRE3	LAS1L	3	0.1325	0.6612
KRT8	AFG3L2	3	1.0000	0.0000
LMNA	AFG3L2	3	0.3333	0.4115
ACTB	AFG3L2	3	0.6667	0.0696
KRT8	LSM4	3	0.0152	0.7977
LMNA	LSM4	3	0.0026	0.8473
ACTB	LSM4	3	0.0034	0.8433
MAPRE3	LSM4	3	0.0011	0.8566
LMNA	RNF114	3	0.0487	0.7387
KRT8	SAMM50	3	0.3127	0.4924
LMNA	SAMM50	3	0.0005	0.8621
ACTB	SAMM50	3	0.0326	0.7596
MAPRE3	SAMM50	3	0.0021	0.8502
KRT8	PRRC2C	3	0.3820	0.2976
LMNA	PRRC2C	3	0.1519	0.6440
ACTB	PRRC2C	3	0.3721	0.3181
CTNNA1	PRRC2C	3	0.2318	0.5767
MAPRE3	PRRC2C	3	0.3760	0.3101
KRT8	LRRC42	3	0.0010	0.8573
LMNA	LRRC42	3	0.0297	0.7646
ACTB	LRRC42	3	0.0005	0.8621
MAPRE3	LRRC42	3	0.0003	0.8647
KRT8	PPME1	3	0.2350	0.5741
LMNA	PPME1	3	0.2616	0.5496
ACTB	PPME1	3	0.2532	0.5574
CTNNA1	PPME1	3	0.0399	0.7495
MAPRE3	PPME1	3	0.1218	0.6701
KRT8	ASB3	3	0.0245	0.7739
LMNA	ASB3	3	0.0282	0.7671
ACTB	ASB3	3	0.0057	0.8332
KRT8	KCTD3	3	0.1120	0.6786
ACTB	KCTD3	3	0.0867	0.7008
CTNNA1	KCTD3	3	0.0006	0.8612
MAPRE3	KCTD3	3	0.0052	0.8354
LMNA	ZSCAN21	3	0.3333	0.4115
KRT8	NUB1	3	0.2160	0.5897
LMNA	NUB1	3	0.0036	0.8424
KRT8	YTHDF2	3	0.3227	0.4799
LMNA	YTHDF2	3	0.1644	0.6322
ACTB	YTHDF2	3	0.2764	0.5341
CTNNA1	YTHDF2	3	0.1015	0.6874
MAPRE3	YTHDF2	3	0.2108	0.5942
KRT8	CTDP1	3	0.0000	0.8712
LMNA	CTDP1	3	0.0022	0.8496
LMNA	PAXBP1	3	0.0112	0.8115
KRT8	SUPT16H	3	0.2807	0.5291
LMNA	SUPT16H	3	0.2674	0.5435
ACTB	SUPT16H	3	0.2213	0.5858
CTNNA1	SUPT16H	3	0.0390	0.7505
MAPRE3	SUPT16H	3	0.0885	0.6994
KRT8	UTP18	3	0.0021	0.8502
LMNA	UTP18	3	0.0103	0.8147
ACTB	UTP18	3	0.0016	0.8531
CTNNA1	UTP18	3	0.0001	0.8682
MAPRE3	UTP18	3	0.0002	0.8663
KRT8	UCHL5	3	0.0842	0.7032
LMNA	UCHL5	3	0.0164	0.7940
ACTB	UCHL5	3	0.0823	0.7052
CTNNA1	UCHL5	3	0.0122	0.8082
MAPRE3	UCHL5	3	0.0183	0.7886
KRT8	CD2AP	3	0.2984	0.5117
LMNA	CD2AP	3	0.1269	0.6658
ACTB	CD2AP	3	0.3471	0.3691
CTNNA1	CD2AP	3	0.1812	0.6176
MAPRE3	CD2AP	3	0.2587	0.5523
KRT8	TNPO3	3	0.3230	0.4794
LMNA	TNPO3	3	0.0153	0.7974
ACTB	TNPO3	3	0.0143	0.8008
CTNNA1	TNPO3	3	0.0001	0.8682
MAPRE3	TNPO3	3	0.0014	0.8544
KRT8	SRPRB	3	0.1463	0.6483
LMNA	SRPRB	3	0.1420	0.6525
ACTB	SRPRB	3	0.1219	0.6698
CTNNA1	SRPRB	3	0.0176	0.7907
MAPRE3	SRPRB	3	0.0371	0.7530
LMNA	ORC6	3	1.0000	0.0000
KRT8	GTF3C5	3	0.3248	0.4771
LMNA	GTF3C5	3	0.3278	0.4727
ACTB	GTF3C5	3	0.3017	0.5070
CTNNA1	GTF3C5	3	0.1028	0.6867
MAPRE3	GTF3C5	3	0.2524	0.5582
KRT8	GTF3C3	3	0.2810	0.5287
LMNA	GTF3C3	3	0.2414	0.5685
ACTB	GTF3C3	3	0.1889	0.6115
CTNNA1	GTF3C3	3	0.0247	0.7735
MAPRE3	GTF3C3	3	0.0751	0.7122
KRT8	CDC42BPB	3	0.0179	0.7898
LMNA	CDC42BPB	3	0.0002	0.8663
ACTB	CDC42BPB	3	0.0151	0.7980
CTNNA1	CDC42BPB	3	0.0006	0.8612
MAPRE3	CDC42BPB	3	0.0016	0.8531
KRT8	USP16	3	0.0205	0.7827
ACTB	USP16	3	0.0188	0.7873
CTNNA1	USP16	3	0.0034	0.8433
MAPRE3	USP16	3	0.0177	0.7904
KRT8	SNX14	3	0.2875	0.5238
LMNA	SNX14	3	0.0007	0.8600
ACTB	SNX14	3	0.0119	0.8091
CTNNA1	SNX14	3	0.0012	0.8558
MAPRE3	SNX14	3	0.0005	0.8621
KRT8	SNX13	3	0.2279	0.5797
ACTB	SNX13	3	0.0013	0.8550
KRT8	SNX11	3	0.0033	0.8438
LMNA	SNX11	3	0.3292	0.4709
ACTB	SNX11	3	0.0029	0.8459
KRT8	SNX9	3	0.2555	0.5551
LMNA	SNX9	3	0.0438	0.7448
ACTB	SNX9	3	0.2559	0.5548
CTNNA1	SNX9	3	0.0451	0.7431
MAPRE3	SNX9	3	0.0868	0.7007
KRT8	SNX5	3	0.0359	0.7549
LMNA	SNX5	3	0.0001	0.8682
ACTB	SNX5	3	0.0165	0.7936
MAPRE3	SNX5	3	0.0048	0.8371
KRT8	NUBP2	3	0.2619	0.5492
LMNA	NUBP2	3	0.1037	0.6858
ACTB	NUBP2	3	0.0229	0.7773
CTNNA1	NUBP2	3	0.0184	0.7884
MAPRE3	NUBP2	3	0.1178	0.6735
KRT8	MRFAP1	3	0.1542	0.6417
LMNA	MRFAP1	3	0.2235	0.5833
ACTB	MRFAP1	3	0.2277	0.5799
CTNNA1	MRFAP1	3	0.0051	0.8359
MAPRE3	MRFAP1	3	0.0351	0.7562
KRT8	PUS1	3	0.2561	0.5546
LMNA	PUS1	3	0.1362	0.6576
ACTB	PUS1	3	0.1346	0.6592
MAPRE3	PUS1	3	0.0436	0.7450
KRT8	LRRFIP2	3	0.0019	0.8514
ACTB	LRRFIP2	3	0.8339	0.0173
KRT8	FHOD1	3	0.2977	0.5122
LMNA	FHOD1	3	0.1722	0.6261
ACTB	FHOD1	3	0.3785	0.3042
CTNNA1	FHOD1	3	0.1357	0.6581
MAPRE3	FHOD1	3	0.1993	0.6034
KRT8	IRAK3	3	0.0489	0.7385
LMNA	IRAK3	3	0.2805	0.5293
KRT8	PSAT1	3	0.1766	0.6223
LMNA	PSAT1	3	0.0371	0.7530
ACTB	PSAT1	3	0.1489	0.6460
CTNNA1	PSAT1	3	0.0007	0.8600
MAPRE3	PSAT1	3	0.0161	0.7948
KRT8	NCOR2	3	0.2011	0.6024
LMNA	NCOR2	3	0.3341	0.4087
ACTB	NCOR2	3	0.1889	0.6115
CTNNA1	NCOR2	3	0.0630	0.7238
MAPRE3	NCOR2	3	0.1544	0.6415
KRT8	SLC25A15	3	0.4815	0.1977
LMNA	SLC25A15	3	0.9829	0.0008
LMNA	RAD54B	3	0.1331	0.6603
LMNA	SPIN1	3	0.3333	0.4115
KRT8	COPG1	3	0.3809	0.2994
LMNA	COPG1	3	0.3104	0.4954
ACTB	COPG1	3	0.3180	0.4854
CTNNA1	COPG1	3	0.2152	0.5905
MAPRE3	COPG1	3	0.2807	0.5291
KRT8	AUP1	3	0.0260	0.7711
LMNA	AUP1	3	0.9999	0.0000
ACTB	AUP1	3	0.0101	0.8155
LMNA	GMEB1	3	0.1595	0.6368
CTNNA1	GMEB1	3	0.0013	0.8550
KRT8	CLIC4	3	0.1510	0.6446
LMNA	CLIC4	3	0.0136	0.8031
ACTB	CLIC4	3	0.1639	0.6326
CTNNA1	CLIC4	3	0.0146	0.7997
MAPRE3	CLIC4	3	0.0023	0.8489
KRT8	NFS1	3	0.6667	0.0696
LMNA	NFS1	3	1.0000	0.0000
KRT8	POMT1	3	1.0000	0.0000
LMNA	POMT1	3	0.6667	0.0696
KRT8	CFAP20	3	0.0014	0.8544
LMNA	CFAP20	3	0.0023	0.8489
ACTB	CFAP20	3	0.0002	0.8663
KRT8	TACC3	3	0.8707	0.0109
LMNA	TACC3	3	0.0003	0.8647
ACTB	TACC3	3	0.0418	0.7471
CTNNA1	TACC3	3	0.0030	0.8454
MAPRE3	TACC3	3	0.0121	0.8085
LMNA	SAR1B	3	1.0000	0.0000
KRT8	AP4B1	3	0.3753	0.3131
ACTB	AP4B1	3	0.0092	0.8190
MAPRE3	AP4B1	3	0.0005	0.8621
KRT8	MTCH2	3	0.0767	0.7108
LMNA	MTCH2	3	0.1784	0.6205
ACTB	MTCH2	3	0.0556	0.7309
CTNNA1	MTCH2	3	0.0195	0.7855
MAPRE3	MTCH2	3	0.0145	0.8000
KRT8	ARFGEF2	3	0.0178	0.7901
LMNA	ARFGEF2	3	0.0004	0.8632
ACTB	ARFGEF2	3	0.0050	0.8364
MAPRE3	ARFGEF2	3	0.0005	0.8621
KRT8	ARFGEF1	3	0.0274	0.7684
LMNA	ARFGEF1	3	0.0000	0.8712
ACTB	ARFGEF1	3	0.0094	0.8181
MAPRE3	ARFGEF1	3	0.0008	0.8590
KRT8	MAD1L1	3	0.0425	0.7463
LMNA	MAD1L1	3	0.1948	0.6069
ACTB	MAD1L1	3	0.0010	0.8573
KRT8	STK24	3	0.0851	0.7022
ACTB	STK24	3	0.0065	0.8300
KRT8	BZW2	3	0.3092	0.4970
LMNA	BZW2	3	0.2026	0.6010
ACTB	BZW2	3	0.3393	0.3945
CTNNA1	BZW2	3	0.0756	0.7117
MAPRE3	BZW2	3	0.2348	0.5743
KRT8	COMMD10	3	0.5864	0.1609
LMNA	COMMD10	3	0.1148	0.6763
ACTB	COMMD10	3	0.0379	0.7520
CTNNA1	COMMD10	3	0.0013	0.8550
MAPRE3	COMMD10	3	0.0069	0.8283
KRT8	DYNC1LI1	3	0.0238	0.7755
LMNA	DYNC1LI1	3	0.0004	0.8632
ACTB	DYNC1LI1	3	0.0108	0.8130
CTNNA1	DYNC1LI1	3	0.0002	0.8663
MAPRE3	DYNC1LI1	3	0.0051	0.8359
KRT8	EPN1	3	0.0083	0.8228
ACTB	EPN1	3	0.0069	0.8283
CTNNA1	EPN1	3	0.0000	0.8712
MAPRE3	EPN1	3	0.0004	0.8632
LMNA	USP3	3	0.6667	0.0696
LMNA	TEX264	3	1.0000	0.0000
LMNA	CABIN1	3	0.0998	0.6891
LMNA	TAF6L	3	0.0156	0.7963
MAPRE3	TAF6L	3	0.0001	0.8682
KRT8	CEPT1	3	0.4463	0.2214
LMNA	CEPT1	3	0.0142	0.8012
ACTB	CEPT1	3	0.0127	0.8065
CTNNA1	CEPT1	3	0.0004	0.8632
MAPRE3	CEPT1	3	0.0023	0.8489
LMNA	DNMT3A	3	0.0032	0.8442
KRT8	OAS3	3	0.0035	0.8429
LMNA	OAS3	3	0.0001	0.8682
ACTB	OAS3	3	0.0121	0.8085
KRT8	IKBKG	3	0.0344	0.7572
LMNA	IKBKG	3	0.0008	0.8590
ACTB	IKBKG	3	0.0097	0.8172
CTNNA1	IKBKG	3	0.0000	0.8712
MAPRE3	IKBKG	3	0.0008	0.8590
KRT8	PRSS21	3	0.3128	0.4922
LMNA	PRSS21	3	0.1636	0.6329
ACTB	PRSS21	3	0.1128	0.6781
CTNNA1	PRSS21	3	0.0096	0.8174
MAPRE3	PRSS21	3	0.0280	0.7674
KRT8	IGF2BP2	3	0.2419	0.5680
LMNA	IGF2BP2	3	0.1948	0.6069
ACTB	IGF2BP2	3	0.4454	0.2221
CTNNA1	IGF2BP2	3	0.0292	0.7655
MAPRE3	IGF2BP2	3	0.1432	0.6512
KRT8	CSNK1G2;CSNK1G3	3	0.0137	0.8027
ACTB	CSNK1G2;CSNK1G3	3	0.0134	0.8040
CTNNA1	CSNK1G2;CSNK1G3	3	0.0002	0.8663
ACTB	SLC30A1	3	0.0085	0.8220
CTNNA1	SLC30A1	3	0.0010	0.8573
KRT8	SLC4A7	3	0.0032	0.8442
ACTB	SLC4A7	3	0.0058	0.8327
CTNNA1	SLC4A7	3	0.0002	0.8663
MAPRE3	SLC4A7	3	0.0000	0.8712
KRT8	SQOR	3	0.0499	0.7374
LMNA	SQOR	3	0.0358	0.7551
ACTB	SQOR	3	0.1170	0.6745
CTNNA1	SQOR	3	0.0001	0.8682
MAPRE3	SQOR	3	0.0004	0.8632
KRT8	ROBO1	3	0.0087	0.8211
ACTB	ROBO1	3	0.0215	0.7803
CTNNA1	ROBO1	3	0.0061	0.8316
MAPRE3	ROBO1	3	0.0016	0.8531
LMNA	NCOA3	3	0.0085	0.8220
KRT8	NUMBL	3	0.0132	0.8047
ACTB	NUMBL	3	0.0155	0.7966
CTNNA1	NUMBL	3	0.0002	0.8663
MAPRE3	NUMBL	3	0.0025	0.8479
KRT8	MAP3K4	3	0.3333	0.4115
ACTB	MAP3K4	3	1.0000	0.0000
ACTB	FCGBP	3	0.3333	0.4115
KRT8	DDX49	3	0.0030	0.8454
LMNA	DDX49	3	0.0250	0.7727
ACTB	DDX49	3	0.0063	0.8308
CTNNA1	DDX49	3	0.0007	0.8600
MAPRE3	DDX49	3	0.0001	0.8682
KRT8	CAPN7	3	0.0110	0.8122
ACTB	CAPN7	3	0.0014	0.8544
MAPRE3	CAPN7	3	0.0000	0.8712
KRT8	WASF2	3	0.1958	0.6061
LMNA	WASF2	3	0.0433	0.7454
ACTB	WASF2	3	0.3415	0.3876
CTNNA1	WASF2	3	0.0076	0.8253
MAPRE3	WASF2	3	0.1050	0.6851
LMNA	PIAS3	3	1.0000	0.0000
KRT8	MAU2	3	0.0000	0.8712
LMNA	MAU2	3	0.0000	0.8712
LMNA	FAM169A	3	1.0000	0.0000
LMNA	ZHX2	3	0.1151	0.6760
LMNA	MORC2	3	0.0132	0.8047
KRT8	IVNS1ABP	3	0.2210	0.5860
LMNA	IVNS1ABP	3	0.0689	0.7179
ACTB	IVNS1ABP	3	0.1790	0.6198
CTNNA1	IVNS1ABP	3	0.0180	0.7895
MAPRE3	IVNS1ABP	3	0.0202	0.7835
KRT8	SEC23IP	3	0.3448	0.3766
LMNA	SEC23IP	3	0.1410	0.6535
ACTB	SEC23IP	3	0.2941	0.5161
CTNNA1	SEC23IP	3	0.1178	0.6735
MAPRE3	SEC23IP	3	0.1854	0.6142
