Bait	Prey	PreyGene	Intensity	IntensitySum	AvgIntensity	NumReplicates	ctrlIntensity	AvgP	MaxP	TopoAvgP	TopoMaxP	SaintScore	OddsScore	FoldChange	BFDR	boosted_by
EIF4A2	A2M	A2M	1.631|1.867|1.953	5.451	1.817	3	2.490|2.549|2.552	0.000	0.000	0.000	0.000	0.000	-15.840	0.718	0.942	
EIF4A2	AAAS	AAAS	0.918|0.646|0.667	2.231	0.744	3	0.618|0.568|0.621	0.011	0.034	0.011	0.034	0.011	-14.984	1.236	0.758	
EIF4A2	AAR2	AAR2	0.177|0.286|0.188	0.651	0.217	3	0.451|0.383|0.417	0.000	0.000	0.000	0.000	0.000	-15.840	0.522	0.959	
EIF4A2	ABCE1	ABCE1	1.130|1.348|1.333	3.811	1.270	3	0.614|0.699|0.612	0.034	0.034	0.034	0.034	0.034	-3.340	1.982	0.614	
EIF4A2	ABCF1	ABCF1	0.672|0.640|0.640	1.952	0.651	3	1.012|0.899|0.723	0.000	0.000	0.000	0.000	0.000	-15.840	0.748	0.957	
EIF4A2	ABCF2	ABCF2	0.454|0.558|0.665	1.677	0.559	3	0.928|0.996|1.051	0.000	0.000	0.000	0.000	0.000	-15.840	0.564	0.942	
EIF4A2	ABI1	ABI1	0.430|0.421|0.586	1.436	0.479	3	0.551|0.635|0.577	0.000	0.000	0.000	0.000	0.000	-15.840	0.816	0.959	
EIF4A2	ABRAXAS2	ABRAXAS2	0.373|0.272|0.367	1.013	0.338	3	0.251|0.313|0.263	0.000	0.000	0.000	0.000	0.000	-15.840	1.230	0.860	
EIF4A2	ACACA	ACACA	0.629|0.576|0.648	1.853	0.618	3	0.821|0.822|0.761	0.000	0.000	0.000	0.000	0.000	-15.840	0.771	0.942	
EIF4A2	ACAP2	ACAP2	0.611|0.627|0.680	1.918	0.639	3	0.859|0.851|1.013	0.000	0.000	0.000	0.000	0.000	-15.840	0.707	0.959	
EIF4A2	ACLY	ACLY	2.849|2.712|2.979	8.540	2.847	3	3.692|3.164|3.262	0.000	0.000	0.000	0.000	0.000	-15.840	0.846	0.962	
EIF4A2	ACSL3	ACSL3	0.690|0.536|0.827	2.054	0.685	3	0.518|0.444|0.441	0.023	0.034	0.023	0.034	0.023	-14.060	1.468	0.699	
EIF4A2	ACTA1	ACTA1	2.661|2.191|0.483	5.336	1.779	3	.|.|2.686	0.000	0.000	0.000	0.000	0.000	-15.840	0.662	0.942	
EIF4A2	ACTA2	ACTA2	2.497|2.504|2.612	7.614	2.538	3	2.446|2.213|2.445	0.000	0.000	0.000	0.000	0.000	-15.341	1.073	0.911	
EIF4A2	ACTBL2	ACTBL2	0.714|0.649|1.008	2.371	0.790	3	0.722|5.089|2.574	0.001	0.001	0.001	0.001	0.001	-8.378	0.374	0.818	
EIF4A2	ACTG1	ACTG1	9.880|10.445|11.070	31.395	10.465	3	9.789|9.684|9.913	0.000	0.000	0.000	0.000	0.000	-15.827	1.068	0.902	
EIF4A2	ACTN4	ACTN4	1.852|2.155|2.170	6.178	2.059	3	2.091|2.189|1.963	0.000	0.000	0.000	0.000	0.000	-15.840	0.991	0.929	
EIF4A2	ACTR10	ACTR10	0.306|0.310|0.387	1.003	0.334	3	0.367|0.400|0.491	0.000	0.000	0.000	0.000	0.000	-15.840	0.804	0.957	
EIF4A2	ACTR1A	ACTR1A	1.337|1.092|1.322	3.751	1.250	3	1.408|1.453|1.555	0.000	0.000	0.000	0.000	0.000	-15.840	0.850	0.940	
EIF4A2	ACTR2	ACTR2	0.273|0.416|0.423	1.112	0.371	3	0.399|0.381|0.459	0.000	0.000	0.000	0.000	0.000	-15.840	0.900	0.937	
EIF4A2	ACTR3	ACTR3	0.232|0.205|0.346	0.783	0.261	3	0.414|0.374|0.401	0.000	0.000	0.000	0.000	0.000	-15.840	0.659	0.942	
EIF4A2	ADD1	ADD1	0.364|0.376|0.444	1.184	0.395	3	0.481|0.492|0.438	0.000	0.000	0.000	0.000	0.000	-15.840	0.840	0.942	
EIF4A2	ADD3	ADD3	0.249|0.184|0.404	0.837	0.279	3	0.365|0.460|0.334	0.000	0.000	0.000	0.000	0.000	-15.840	0.729	0.936	
EIF4A2	ADRM1	ADRM1	0.980|1.045|0.977	3.003	1.001	3	1.382|1.472|1.392	0.000	0.000	0.000	0.000	0.000	-15.840	0.708	0.941	
EIF4A2	AGPAT1	AGPAT1	0.352|0.193|0.264	0.809	0.270	3	0.391|0.304|0.312	0.000	0.000	0.000	0.000	0.000	-15.840	0.809	0.935	
EIF4A2	AHCY	AHCY	0.735|0.733|0.365	1.833	0.611	3	0.927|1.068|1.067	0.000	0.000	0.000	0.000	0.000	-15.840	0.600	0.957	
EIF4A2	AIMP1	AIMP1	0.449|0.381|0.454	1.283	0.428	3	0.529|0.504|0.610	0.000	0.000	0.000	0.000	0.000	-15.840	0.784	0.959	
EIF4A2	AIMP2	AIMP2	0.361|0.316|0.319	0.996	0.332	3	0.252|0.329|0.416	0.000	0.000	0.000	0.000	0.000	-15.840	1.019	0.935	
EIF4A2	AKAP12	AKAP12	0.301|0.295|0.410	1.007	0.336	3	0.442|0.458|0.519	0.000	0.000	0.000	0.000	0.000	-15.840	0.711	0.960	
EIF4A2	AKAP5	AKAP5	6.302|5.424|5.924	17.650	5.883	3	.|.|0.209	1.000	1.000	1.000	1.000	1.000	8.951	28.151	0.000	
EIF4A2	ALB	ALB	4.842|4.748|5.303	14.892	4.964	3	2.952|3.338|3.238	0.034	0.034	0.034	0.034	0.034	-3.340	1.565	0.425	
EIF4A2	ALDH16A1	ALDH16A1	0.297|0.258|0.296	0.851	0.284	3	0.400|0.438|0.508	0.000	0.000	0.000	0.000	0.000	-15.840	0.635	0.960	
EIF4A2	ALDH18A1	ALDH18A1	0.462|0.634|0.502	1.598	0.533	3	0.636|0.643|0.793	0.000	0.000	0.000	0.000	0.000	-15.840	0.776	0.959	
EIF4A2	ALDH1A2	ALDH1A2	0.361|0.414|0.360	1.136	0.379	3	0.646|0.731|0.713	0.000	0.000	0.000	0.000	0.000	-15.840	0.544	0.942	
EIF4A2	ALDH1L1	ALDH1L1	0.540|0.588|0.552	1.681	0.560	3	0.608|0.665|0.542	0.000	0.000	0.000	0.000	0.000	-15.840	0.929	0.957	
EIF4A2	ALDH3A2	ALDH3A2	0.339|0.387|0.404	1.130	0.377	3	0.343|0.364|0.409	0.000	0.000	0.000	0.000	0.000	-15.840	1.014	0.925	
EIF4A2	ALDOA	ALDOA	1.572|1.886|1.641	5.099	1.700	3	2.437|2.412|2.530	0.000	0.000	0.000	0.000	0.000	-15.840	0.691	0.942	
EIF4A2	ALG13	ALG13	0.498|0.379|0.480	1.356	0.452	3	0.319|0.339|0.248	0.000	0.000	0.000	0.000	0.000	-14.339	1.511	0.842	
EIF4A2	ALYREF	ALYREF	6.070|5.846|7.136	19.051	6.350	3	7.232|7.881|7.776	0.000	0.000	0.000	0.000	0.000	-15.840	0.833	0.942	
EIF4A2	AMD1	AMD1	2.149|2.238|2.368	6.755	2.252	3	2.325|2.398|2.491	0.000	0.000	0.000	0.000	0.000	-15.840	0.937	0.942	
EIF4A2	AMPD2	AMPD2	0.359|0.470|0.423	1.252	0.417	3	0.569|0.542|0.597	0.000	0.000	0.000	0.000	0.000	-15.840	0.734	0.942	
EIF4A2	ANGEL2	ANGEL2	0.230|0.279|0.340	0.849	0.283	3	0.355|0.374|0.330	0.000	0.000	0.000	0.000	0.000	-15.840	0.802	0.942	
EIF4A2	ANKFY1	ANKFY1	0.676|0.777|0.754	2.207	0.736	3	0.959|1.011|0.836	0.000	0.000	0.000	0.000	0.000	-15.840	0.789	0.942	
EIF4A2	ANKHD1	ANKHD1	0.413|0.738|0.318	1.469	0.490	3	0.608|0.578|0.540	0.002	0.005	0.002	0.005	0.002	-15.840	0.851	0.804	
EIF4A2	ANKRD28	ANKRD28	0.328|0.326|0.368	1.022	0.341	3	0.367|0.335|0.313	0.000	0.000	0.000	0.000	0.000	-15.840	1.010	0.923	
EIF4A2	ANP32A	ANP32A	1.193|1.211|1.219	3.624	1.208	3	0.821|1.202|1.007	0.000	0.000	0.000	0.000	0.000	-15.182	1.211	0.916	
EIF4A2	ANP32B	ANP32B	0.963|1.059|0.994	3.016	1.005	3	0.676|0.627|0.625	0.034	0.034	0.034	0.034	0.034	-3.340	1.565	0.610	
EIF4A2	ANP32E	ANP32E	0.419|0.481|0.533	1.432	0.477	3	0.362|0.360|0.281	0.000	0.000	0.000	0.000	0.000	-13.950	1.437	0.834	
EIF4A2	ANXA2	ANXA2	0.448|0.517|1.036	2.001	0.667	3	0.556|1.113|0.911	0.000	0.000	0.000	0.000	0.000	-15.840	0.808	0.872	
EIF4A2	AP1B1	AP1B1	0.286|0.337|0.413	1.036	0.345	3	0.551|0.885|0.656	0.000	0.000	0.000	0.000	0.000	-15.840	0.505	0.959	
EIF4A2	AP1G1	AP1G1	0.510|0.477|0.471	1.459	0.486	3	0.546|0.484|0.617	0.000	0.000	0.000	0.000	0.000	-15.840	0.890	0.959	
EIF4A2	AP2A2	AP2A2	0.572|0.588|0.599	1.759	0.586	3	0.635|0.616|0.572	0.000	0.000	0.000	0.000	0.000	-15.840	0.966	0.942	
EIF4A2	AP2B1	AP2B1	0.585|0.448|0.471	1.504	0.501	3	0.525|0.727|0.619	0.000	0.000	0.000	0.000	0.000	-15.840	0.811	0.959	
EIF4A2	AP3B1	AP3B1	1.226|1.055|1.057	3.338	1.113	3	1.442|1.262|1.232	0.000	0.000	0.000	0.000	0.000	-15.840	0.850	0.959	
EIF4A2	AP3D1	AP3D1	0.966|0.976|1.069	3.011	1.004	3	1.067|1.059|1.100	0.000	0.000	0.000	0.000	0.000	-15.840	0.933	0.942	
EIF4A2	AP3M1	AP3M1	0.695|0.728|0.717	2.141	0.714	3	0.953|0.842|0.862	0.000	0.000	0.000	0.000	0.000	-15.840	0.807	0.942	
EIF4A2	AP3S1	AP3S1	0.713|0.674|0.656	2.043	0.681	3	0.768|0.759|0.876	0.000	0.000	0.000	0.000	0.000	-15.840	0.852	0.960	
EIF4A2	APEX1	APEX1	0.814|0.823|0.912	2.550	0.850	3	0.892|0.902|0.905	0.000	0.000	0.000	0.000	0.000	-15.840	0.944	0.938	
EIF4A2	API5	API5	0.557|0.502|0.721	1.781	0.594	3	0.769|0.697|0.773	0.000	0.000	0.000	0.000	0.000	-15.840	0.796	0.942	
EIF4A2	APLP2	APLP2	0.428|0.464|0.442	1.333	0.444	3	0.556|0.519|0.413	0.000	0.000	0.000	0.000	0.000	-15.840	0.902	0.957	
EIF4A2	APOB	APOB	0.685|0.819|0.963	2.467	0.822	3	1.241|1.332|1.143	0.000	0.000	0.000	0.000	0.000	-15.840	0.665	0.941	
EIF4A2	APP	APP	0.791|0.765|0.751	2.307	0.769	3	1.093|1.102|1.209	0.000	0.000	0.000	0.000	0.000	-15.840	0.678	0.942	
EIF4A2	ARCN1	ARCN1	1.444|1.630|1.467	4.540	1.513	3	1.815|1.700|1.979	0.000	0.000	0.000	0.000	0.000	-15.840	0.828	0.941	
EIF4A2	ARF3	ARF3	2.287|1.747|1.785	5.819	1.940	3	2.140|2.014|2.112	0.000	0.000	0.000	0.000	0.000	-15.840	0.929	0.917	
EIF4A2	ARF4	ARF4	0.752|0.659|0.635	2.046	0.682	3	0.651|0.706|0.810	0.000	0.000	0.000	0.000	0.000	-15.840	0.948	0.935	
EIF4A2	ARGLU1	ARGLU1	0.539|0.615|0.750	1.904	0.635	3	0.701|0.745|0.855	0.000	0.000	0.000	0.000	0.000	-15.840	0.830	0.961	
EIF4A2	ARHGAP22	ARHGAP22	0.310|0.290|0.324	0.925	0.308	3	.|0.242|0.304	0.000	0.000	0.000	0.000	0.000	-15.577	1.137	0.909	
EIF4A2	ARHGAP42	ARHGAP42	0.473|0.338|0.412	1.223	0.408	3	0.607|0.554|0.639	0.000	0.000	0.000	0.000	0.000	-15.840	0.681	0.942	
EIF4A2	ARHGEF2	ARHGEF2	0.558|0.748|0.720	2.026	0.675	3	0.668|0.631|0.656	0.000	0.000	0.000	0.000	0.000	-15.840	1.036	0.892	
EIF4A2	ARL1	ARL1	0.946|0.853|0.855	2.654	0.885	3	1.027|1.056|0.984	0.000	0.000	0.000	0.000	0.000	-15.840	0.866	0.942	
EIF4A2	ARL6IP4	ARL6IP4	10.855|10.952|11.829	33.636	11.212	3	12.372|11.992|12.309	0.000	0.000	0.000	0.000	0.000	-15.840	0.917	0.942	
EIF4A2	ARL8A	ARL8A	0.302|0.394|0.425	1.121	0.374	3	0.263|0.263|0.291	0.023	0.034	0.023	0.034	0.023	-14.044	1.373	0.698	
EIF4A2	ARPC3	ARPC3	0.268|0.288|0.359	0.916	0.305	3	0.485|0.444|0.519	0.000	0.000	0.000	0.000	0.000	-15.840	0.634	0.961	
EIF4A2	ASNS	ASNS	0.661|0.734|0.755	2.150	0.717	3	1.018|1.109|1.002	0.000	0.000	0.000	0.000	0.000	-15.840	0.688	0.942	
EIF4A2	ATP1A1	ATP1A1	1.189|1.382|1.202	3.772	1.257	3	1.065|1.178|1.228	0.000	0.000	0.000	0.000	0.000	-15.722	1.089	0.878	
EIF4A2	ATP1B3	ATP1B3	0.408|0.507|0.683	1.597	0.532	3	0.726|0.651|0.636	0.000	0.000	0.000	0.000	0.000	-15.840	0.795	0.937	
EIF4A2	ATP2A2	ATP2A2	1.004|1.011|1.011	3.027	1.009	3	0.923|0.962|0.990	0.000	0.000	0.000	0.000	0.000	-15.464	1.053	0.922	
EIF4A2	ATP2B1	ATP2B1	0.497|0.542|0.556	1.594	0.531	3	0.495|0.503|0.514	0.000	0.000	0.000	0.000	0.000	-15.840	1.054	0.912	
EIF4A2	ATP5F1A	ATP5F1A	1.409|1.633|1.662	4.704	1.568	3	1.599|1.728|1.810	0.000	0.000	0.000	0.000	0.000	-15.840	0.917	0.942	
EIF4A2	ATP5F1B	ATP5F1B	0.751|0.692|0.775	2.218	0.739	3	0.768|0.697|0.648	0.000	0.000	0.000	0.000	0.000	-15.840	1.053	0.920	
EIF4A2	ATP5F1C	ATP5F1C	0.463|0.505|0.521	1.490	0.497	3	0.665|0.666|0.800	0.000	0.000	0.000	0.000	0.000	-15.840	0.702	0.959	
EIF4A2	ATP5IF1	ATP5IF1	0.477|0.255|0.388	1.120	0.373	3	0.839|0.613|0.338	0.000	0.000	0.000	0.000	0.000	-15.840	0.669	0.880	
EIF4A2	ATP5PO	ATP5PO	0.490|0.531|0.592	1.613	0.538	3	0.511|0.518|0.666	0.000	0.000	0.000	0.000	0.000	-15.840	0.959	0.936	
EIF4A2	ATP6AP1	ATP6AP1	0.242|0.262|0.127	0.632	0.211	3	0.256|0.279|0.250	0.000	0.000	0.000	0.000	0.000	-15.840	0.805	0.940	
EIF4A2	ATP6V1A	ATP6V1A	0.583|0.524|0.600	1.707	0.569	3	0.841|0.907|0.882	0.000	0.000	0.000	0.000	0.000	-15.840	0.649	0.942	
EIF4A2	ATP6V1B2	ATP6V1B2	0.606|0.533|0.704	1.842	0.614	3	0.925|0.975|0.808	0.000	0.000	0.000	0.000	0.000	-15.840	0.682	0.956	
EIF4A2	ATP6V1E1	ATP6V1E1	0.400|0.434|0.553	1.386	0.462	3	0.756|0.761|0.673	0.000	0.000	0.000	0.000	0.000	-15.840	0.634	0.957	
EIF4A2	ATP6V1G1	ATP6V1G1	0.093|.|0.200	0.579	0.193	3	0.320|0.374|0.280	0.000	0.000	0.000	0.000	0.000	-15.840	0.598	0.962	
EIF4A2	ATP6V1H	ATP6V1H	0.650|1.037|1.097	2.784	0.928	3	1.113|1.217|1.059	0.000	0.000	0.000	0.000	0.000	-15.840	0.823	0.962	
EIF4A2	ATXN2	ATXN2	0.950|0.993|0.863	2.806	0.935	3	0.125|.|.	1.000	1.000	1.000	1.000	1.000	9.180	7.499	0.000	
EIF4A2	ATXN2L	ATXN2L	2.073|2.243|2.340	6.657	2.219	3	1.003|1.096|0.943	0.034	0.034	0.034	0.034	0.034	-3.340	2.192	0.425	
EIF4A2	AURKB	AURKB	0.423|0.592|0.918	1.932	0.644	3	0.651|0.703|0.604	0.011	0.034	0.011	0.034	0.011	-15.840	0.988	0.766	
EIF4A2	BABAM1	BABAM1	0.428|0.513|0.359	1.300	0.433	3	0.480|0.500|0.420	0.000	0.000	0.000	0.000	0.000	-15.840	0.931	0.924	
EIF4A2	BABAM2	BABAM2	0.416|0.556|0.566	1.539	0.513	3	0.612|0.449|0.468	0.000	0.000	0.000	0.000	0.000	-15.840	1.016	0.928	
EIF4A2	BAG2	BAG2	2.597|2.620|2.854	8.071	2.690	3	2.625|2.427|2.452	0.000	0.000	0.000	0.000	0.000	-15.596	1.076	0.896	
EIF4A2	BAG5	BAG5	0.391|0.521|0.437	1.348	0.449	3	0.469|0.590|0.558	0.000	0.000	0.000	0.000	0.000	-15.840	0.838	0.959	
EIF4A2	BAG6	BAG6	1.291|1.270|1.282	3.842	1.281	3	1.658|1.528|1.463	0.000	0.000	0.000	0.000	0.000	-15.840	0.828	0.942	
EIF4A2	BAIAP2L1	BAIAP2L1	1.944|0.254|0.348	2.546	0.849	3	0.896|0.362|1.117	0.059	0.178	0.059	0.178	0.059	-15.675	1.190	0.319	
EIF4A2	BCAP31	BCAP31	0.625|0.733|0.795	2.153	0.718	3	0.683|0.837|0.676	0.000	0.000	0.000	0.000	0.000	-15.840	0.985	0.930	
EIF4A2	BCKDK	BCKDK	0.380|0.445|0.433	1.258	0.419	3	0.676|0.629|0.574	0.000	0.000	0.000	0.000	0.000	-15.840	0.671	0.957	
EIF4A2	BCLAF1	BCLAF1	2.366|2.308|2.602	7.275	2.425	3	1.752|1.850|1.770	0.025	0.034	0.025	0.034	0.025	-4.958	1.355	0.655	
EIF4A2	BLOC1S2	BLOC1S2	0.508|0.474|0.450	1.431	0.477	3	0.638|0.624|0.559	0.000	0.000	0.000	0.000	0.000	-15.840	0.787	0.959	
EIF4A2	BOLA2	BOLA2	1.044|1.075|1.163	3.282	1.094	3	1.294|1.294|1.290	0.000	0.000	0.000	0.000	0.000	-15.840	0.846	0.942	
EIF4A2	BRCC3	BRCC3	0.721|0.651|0.470	1.843	0.614	3	0.610|0.811|0.819	0.000	0.000	0.000	0.000	0.000	-15.840	0.830	0.960	
EIF4A2	BRD2	BRD2	0.293|0.471|0.464	1.227	0.409	3	0.481|0.459|0.512	0.000	0.000	0.000	0.000	0.000	-15.840	0.846	0.942	
EIF4A2	BRD3	BRD3	0.379|0.471|0.418	1.269	0.423	3	0.508|0.511|0.466	0.000	0.000	0.000	0.000	0.000	-15.840	0.855	0.942	
EIF4A2	BRD9	BRD9	0.225|0.193|0.299	0.716	0.239	3	0.334|0.244|0.202	0.000	0.000	0.000	0.000	0.000	-15.840	0.937	0.932	
EIF4A2	BRI3BP	BRI3BP	0.929|0.867|0.962	2.757	0.919	3	0.778|0.858|0.733	0.000	0.000	0.000	0.000	0.000	-14.755	1.166	0.871	
EIF4A2	BSG	BSG	0.668|0.596|0.729	1.993	0.664	3	0.877|0.795|0.865	0.000	0.000	0.000	0.000	0.000	-15.840	0.787	0.942	
EIF4A2	BTF3	BTF3	0.574|0.915|0.968	2.457	0.819	3	0.966|1.077|1.107	0.000	0.000	0.000	0.000	0.000	-15.840	0.781	0.956	
EIF4A2	BTF3L4	BTF3L4	0.590|0.615|0.729	1.934	0.645	3	0.693|0.723|0.768	0.000	0.000	0.000	0.000	0.000	-15.840	0.887	0.940	
EIF4A2	BUB3	BUB3	0.502|0.591|0.560	1.654	0.551	3	0.706|0.760|0.780	0.000	0.000	0.000	0.000	0.000	-15.840	0.737	0.942	
EIF4A2	BUD31	BUD31	1.234|1.096|1.092	3.422	1.141	3	1.146|1.467|1.428	0.000	0.000	0.000	0.000	0.000	-15.840	0.852	0.961	
EIF4A2	BYSL	BYSL	0.724|0.546|0.700	1.970	0.657	3	0.608|0.612|0.606	0.000	0.000	0.000	0.000	0.000	-15.840	1.079	0.867	
EIF4A2	BZW1	BZW1	0.502|0.562|0.512	1.576	0.525	3	0.559|0.502|0.484	0.000	0.000	0.000	0.000	0.000	-15.840	1.022	0.921	
EIF4A2	BZW2	BZW2	0.955|0.933|0.910	2.798	0.933	3	0.903|1.003|0.738	0.000	0.000	0.000	0.000	0.000	-15.791	1.066	0.930	
EIF4A2	C11orf98	C11orf98	0.763|0.763|0.841	2.368	0.789	3	0.828|0.879|0.762	0.000	0.000	0.000	0.000	0.000	-15.840	0.960	0.936	
EIF4A2	C15orf40	C15orf40	0.764|0.737|0.714	2.214	0.738	3	0.901|0.726|0.910	0.000	0.000	0.000	0.000	0.000	-15.840	0.877	0.957	
EIF4A2	C19orf53	C19orf53	5.335|5.208|5.709	16.251	5.417	3	6.134|6.307|6.429	0.000	0.000	0.000	0.000	0.000	-15.840	0.861	0.942	
EIF4A2	C1QA	C1QA	1.954|1.926|2.069	5.949	1.983	3	2.097|2.028|1.972	0.000	0.000	0.000	0.000	0.000	-15.840	0.976	0.937	
EIF4A2	C1QB	C1QB	0.971|1.055|1.108	3.134	1.045	3	1.155|1.271|1.331	0.000	0.000	0.000	0.000	0.000	-15.840	0.836	0.959	
EIF4A2	C1QBP	C1QBP	5.225|6.711|7.128	19.065	6.355	3	9.738|10.018|10.640	0.000	0.000	0.000	0.000	0.000	-15.840	0.628	0.942	
EIF4A2	C1orf131	C1orf131	0.862|1.202|1.179	3.244	1.081	3	0.922|1.073|0.867	0.000	0.000	0.000	0.000	0.000	-15.840	1.138	0.884	
EIF4A2	C3	C3	1.446|1.438|1.697	4.581	1.527	3	1.708|1.626|1.703	0.000	0.000	0.000	0.000	0.000	-15.840	0.910	0.938	
EIF4A2	C4A	C4A	3.731|4.195|4.038	11.964	3.988	3	4.255|4.256|4.275	0.000	0.000	0.000	0.000	0.000	-15.840	0.936	0.942	
EIF4A2	C9orf78	C9orf78	0.372|0.459|0.464	1.295	0.432	3	0.318|0.390|0.430	0.000	0.000	0.000	0.000	0.000	-15.840	1.147	0.912	
EIF4A2	CACYBP	CACYBP	0.737|0.734|0.664	2.135	0.712	3	0.850|0.829|0.756	0.000	0.000	0.000	0.000	0.000	-15.840	0.878	0.942	
EIF4A2	CAD	CAD	1.614|1.805|1.972	5.390	1.797	3	2.893|2.798|2.833	0.000	0.000	0.000	0.000	0.000	-15.840	0.632	0.942	
EIF4A2	CALD1	CALD1	0.239|0.321|0.220	0.780	0.260	3	0.586|0.455|0.510	0.000	0.000	0.000	0.000	0.000	-15.840	0.506	0.959	
EIF4A2	CALM1	CALM1	1.745|1.700|1.450	4.895	1.632	3	1.450|1.488|1.485	0.000	0.000	0.000	0.000	0.000	-15.840	1.107	0.869	
EIF4A2	CALR	CALR	0.500|0.500|0.570	1.570	0.523	3	0.583|0.579|0.572	0.000	0.000	0.000	0.000	0.000	-15.840	0.906	0.942	
EIF4A2	CALU	CALU	0.482|0.575|0.552	1.610	0.537	3	0.959|0.949|0.895	0.000	0.000	0.000	0.000	0.000	-15.840	0.574	0.942	
EIF4A2	CAMK2D	CAMK2D	0.667|0.557|0.529	1.752	0.584	3	0.669|0.665|0.676	0.000	0.000	0.000	0.000	0.000	-15.840	0.872	0.942	
EIF4A2	CAMSAP3	CAMSAP3	0.567|0.578|0.417	1.562	0.521	3	0.796|0.807|0.805	0.000	0.000	0.000	0.000	0.000	-15.840	0.649	0.942	
EIF4A2	CAND1	CAND1	0.865|0.828|0.799	2.492	0.831	3	1.025|0.927|0.931	0.000	0.000	0.000	0.000	0.000	-15.840	0.865	0.942	
EIF4A2	CANX	CANX	3.435|2.267|14.186	19.887	6.629	3	2.328|2.478|2.396	0.345	1.000	0.345	1.000	0.345	-15.840	2.762	0.108	
EIF4A2	CAP1	CAP1	1.013|1.165|1.161	3.339	1.113	3	1.457|1.540|1.503	0.000	0.000	0.000	0.000	0.000	-15.840	0.742	0.942	
EIF4A2	CAPNS1	CAPNS1	0.289|0.280|0.234	0.802	0.267	3	0.305|0.282|0.273	0.000	0.000	0.000	0.000	0.000	-15.840	0.933	0.939	
EIF4A2	CAPRIN1	CAPRIN1	5.787|5.365|4.003	15.154	5.051	3	3.351|4.767|4.477	0.000	0.000	0.000	0.000	0.000	-15.840	1.217	0.902	
EIF4A2	CAPZA1	CAPZA1	1.331|1.526|1.433	4.290	1.430	3	1.880|1.746|1.883	0.000	0.000	0.000	0.000	0.000	-15.840	0.779	0.962	
EIF4A2	CAPZA2	CAPZA2	0.510|0.699|0.563	1.773	0.591	3	0.908|0.844|0.781	0.000	0.000	0.000	0.000	0.000	-15.840	0.701	0.957	
EIF4A2	CAPZB	CAPZB	0.911|0.770|0.914	2.595	0.865	3	1.174|1.133|1.329	0.000	0.000	0.000	0.000	0.000	-15.840	0.716	0.941	
EIF4A2	CARHSP1	CARHSP1	0.414|0.323|0.428	1.166	0.389	3	0.313|0.404|0.394	0.000	0.000	0.000	0.000	0.000	-15.840	1.056	0.920	
EIF4A2	CARM1	CARM1	0.341|0.343|0.399	1.083	0.361	3	0.701|0.648|0.644	0.000	0.000	0.000	0.000	0.000	-15.840	0.544	0.942	
EIF4A2	CBR1	CBR1	0.358|0.347|0.416	1.122	0.374	3	0.569|0.465|0.522	0.000	0.000	0.000	0.000	0.000	-15.840	0.723	0.957	
EIF4A2	CBX3	CBX3	0.112|0.212|0.231	0.556	0.185	3	0.208|0.283|0.202	0.000	0.000	0.000	0.000	0.000	-15.840	0.812	0.939	
EIF4A2	CBX4	CBX4	0.529|0.611|0.558	1.698	0.566	3	.|.|0.476	0.000	0.000	0.000	0.000	0.000	-14.805	1.189	0.860	
EIF4A2	CBX5	CBX5	0.239|0.252|0.258	0.750	0.250	3	0.215|0.261|0.314	0.000	0.000	0.000	0.000	0.000	-15.840	0.961	0.960	
EIF4A2	CCAR1	CCAR1	0.744|0.757|0.640	2.142	0.714	3	0.896|0.862|0.904	0.000	0.000	0.000	0.000	0.000	-15.840	0.805	0.942	
EIF4A2	CCAR2	CCAR2	1.315|1.762|1.452	4.529	1.510	3	1.569|1.667|1.650	0.000	0.000	0.000	0.000	0.000	-15.840	0.927	0.921	
EIF4A2	CCDC124	CCDC124	2.123|2.560|3.866	8.549	2.850	3	3.584|3.821|3.750	0.000	0.000	0.000	0.000	0.000	-15.840	0.767	0.932	
EIF4A2	CCDC134	CCDC134	0.988|0.995|0.905	2.888	0.963	3	1.089|1.206|1.074	0.000	0.000	0.000	0.000	0.000	-15.840	0.858	0.942	
EIF4A2	CCDC22	CCDC22	0.527|0.479|0.587	1.593	0.531	3	0.704|0.755|0.714	0.000	0.000	0.000	0.000	0.000	-15.840	0.733	0.942	
EIF4A2	CCDC43	CCDC43	0.955|0.933|1.003	2.891	0.964	3	0.946|0.982|0.981	0.000	0.000	0.000	0.000	0.000	-15.840	0.994	0.934	
EIF4A2	CCDC59	CCDC59	0.516|0.493|0.486	1.495	0.498	3	0.343|0.381|0.391	0.026	0.034	0.026	0.034	0.026	-4.574	1.342	0.651	
EIF4A2	CCDC61	CCDC61	6.256|6.407|7.591	20.254	6.751	3	7.009|7.377|7.277	0.000	0.000	0.000	0.000	0.000	-15.840	0.935	0.930	
EIF4A2	CCDC93	CCDC93	0.220|0.597|0.967	1.784	0.595	3	0.453|0.521|0.353	0.298	0.895	0.298	0.895	0.298	-15.840	1.363	0.178	
EIF4A2	CCNT1	CCNT1	0.490|0.619|0.453	1.562	0.521	3	0.819|0.618|0.704	0.000	0.000	0.000	0.000	0.000	-15.840	0.735	0.957	
EIF4A2	CCNT2	CCNT2	1.269|1.096|2.117	4.482	1.494	3	1.554|0.925|1.119	0.001	0.002	0.001	0.002	0.001	-15.840	1.275	0.818	
EIF4A2	CCT2	CCT2	7.028|5.951|6.275	19.255	6.418	3	6.613|7.016|7.018	0.000	0.000	0.000	0.000	0.000	-15.840	0.933	0.936	
EIF4A2	CCT3	CCT3	9.275|9.334|9.434	28.042	9.347	3	10.403|10.407|10.466	0.000	0.000	0.000	0.000	0.000	-15.840	0.897	0.942	
EIF4A2	CCT4	CCT4	8.478|8.168|9.403	26.049	8.683	3	10.710|11.015|11.413	0.000	0.000	0.000	0.000	0.000	-15.840	0.786	0.942	
EIF4A2	CCT5	CCT5	5.660|5.842|5.851	17.353	5.784	3	7.012|7.134|6.933	0.000	0.000	0.000	0.000	0.000	-15.840	0.823	0.942	
EIF4A2	CCT6A	CCT6A	5.778|5.333|6.291	17.402	5.801	3	6.815|7.208|7.186	0.000	0.000	0.000	0.000	0.000	-15.840	0.821	0.942	
EIF4A2	CCT6B	CCT6B	0.122|2.237|.	2.645	0.882	3	0.182|0.144|.	0.333	1.000	0.333	1.000	0.333	-16.732	5.438	0.140	
EIF4A2	CCT7	CCT7	5.417|4.961|5.555	15.933	5.311	3	7.714|8.258|8.106	0.000	0.000	0.000	0.000	0.000	-15.840	0.662	0.942	
EIF4A2	CCT8	CCT8	7.050|7.505|8.237	22.793	7.598	3	8.872|9.040|9.183	0.000	0.000	0.000	0.000	0.000	-15.840	0.841	0.942	
EIF4A2	CD2AP	CD2AP	0.844|0.833|0.862	2.539	0.846	3	1.046|1.137|1.146	0.000	0.000	0.000	0.000	0.000	-15.840	0.763	0.942	
EIF4A2	CD2BP2	CD2BP2	0.741|0.653|0.896	2.290	0.763	3	0.891|0.605|0.890	0.000	0.000	0.000	0.000	0.000	-15.840	0.975	0.932	
EIF4A2	CDAN1	CDAN1	0.178|0.141|0.147	0.466	0.155	3	0.294|0.255|0.142	0.000	0.000	0.000	0.000	0.000	-15.840	0.705	0.959	
EIF4A2	CDC20B	CDC20B	2.050|2.198|2.270	6.519	2.173	3	.|.|.	1.000	1.000	1.000	1.000	1.000	8.610	7.622	0.000	
EIF4A2	CDC5L	CDC5L	0.296|0.225|0.236	0.757	0.252	3	0.214|0.245|0.265	0.000	0.000	0.000	0.000	0.000	-15.840	1.049	0.901	
EIF4A2	CDC73	CDC73	0.432|0.347|0.474	1.252	0.417	3	0.761|0.928|0.930	0.000	0.000	0.000	0.000	0.000	-15.840	0.480	0.961	
EIF4A2	CDIPT	CDIPT	0.423|0.446|0.542	1.411	0.470	3	0.575|0.536|0.534	0.000	0.000	0.000	0.000	0.000	-15.840	0.859	0.942	
EIF4A2	CDK1	CDK1	0.547|0.567|0.712	1.827	0.609	3	0.722|0.745|0.767	0.000	0.000	0.000	0.000	0.000	-15.840	0.818	0.942	
EIF4A2	CDK11B	CDK11B	1.269|1.297|1.305	3.870	1.290	3	1.204|1.290|1.187	0.000	0.000	0.000	0.000	0.000	-15.641	1.052	0.921	
EIF4A2	CDK12	CDK12	0.265|0.308|0.351	0.924	0.308	3	0.428|0.428|0.489	0.000	0.000	0.000	0.000	0.000	-15.840	0.688	0.957	
EIF4A2	CDK4	CDK4	0.244|0.142|0.205	0.592	0.197	3	0.292|0.338|0.292	0.000	0.000	0.000	0.000	0.000	-15.840	0.643	0.959	
EIF4A2	CDK9	CDK9	1.667|1.645|1.688	5.000	1.667	3	1.910|1.835|1.982	0.000	0.000	0.000	0.000	0.000	-15.840	0.874	0.942	
EIF4A2	CFAP20	CFAP20	0.655|0.717|0.599	1.971	0.657	3	0.907|1.020|0.944	0.000	0.000	0.000	0.000	0.000	-15.840	0.687	0.942	
EIF4A2	CFL1	CFL1	1.206|1.516|1.419	4.142	1.381	3	1.500|1.443|1.566	0.000	0.000	0.000	0.000	0.000	-15.840	0.919	0.939	
EIF4A2	CGGBP1	CGGBP1	0.519|0.473|0.556	1.547	0.516	3	0.503|0.510|0.536	0.000	0.000	0.000	0.000	0.000	-15.840	0.999	0.923	
EIF4A2	CHCHD1	CHCHD1	0.724|0.679|0.708	2.111	0.704	3	0.956|0.854|0.825	0.000	0.000	0.000	0.000	0.000	-15.840	0.803	0.959	
EIF4A2	CHCHD2P9	CHCHD2P9	0.459|0.650|0.599	1.708	0.569	3	0.594|0.656|0.511	0.000	0.000	0.000	0.000	0.000	-15.207	0.975	0.914	
EIF4A2	CHD4	CHD4	0.567|0.526|0.551	1.644	0.548	3	0.524|0.531|0.488	0.000	0.000	0.000	0.000	0.000	-15.746	1.066	0.911	
EIF4A2	CHERP	CHERP	1.892|2.013|2.284	6.189	2.063	3	0.925|0.919|0.945	0.034	0.034	0.034	0.034	0.034	-3.340	2.219	0.425	
EIF4A2	CHID1	CHID1	0.315|0.274|0.324	0.914	0.305	3	0.424|0.429|0.388	0.000	0.000	0.000	0.000	0.000	-15.840	0.737	0.942	
EIF4A2	CHMP1A	CHMP1A	0.619|0.492|0.572	1.684	0.561	3	0.869|0.867|1.099	0.000	0.000	0.000	0.000	0.000	-15.840	0.598	0.957	
EIF4A2	CHMP2A	CHMP2A	0.504|0.429|0.420	1.353	0.451	3	0.458|0.496|0.439	0.000	0.000	0.000	0.000	0.000	-15.840	0.972	0.920	
EIF4A2	CHMP2B	CHMP2B	0.400|0.463|0.718	1.581	0.527	3	0.591|0.486|0.659	0.000	0.000	0.000	0.000	0.000	-15.840	0.918	0.915	
EIF4A2	CHUK	CHUK	0.478|0.665|0.760	1.902	0.634	3	0.649|0.768|0.684	0.000	0.000	0.000	0.000	0.000	-15.840	0.908	0.925	
EIF4A2	CIR1	CIR1	2.785|2.731|2.893	8.409	2.803	3	2.835|2.623|2.565	0.000	0.000	0.000	0.000	0.000	-15.758	1.049	0.919	
EIF4A2	CIRBP	CIRBP	3.493|3.559|3.827	10.879	3.626	3	5.300|5.482|5.385	0.000	0.000	0.000	0.000	0.000	-15.840	0.673	0.942	
EIF4A2	CISD2	CISD2	0.540|0.416|0.473	1.428	0.476	3	0.554|0.501|0.580	0.000	0.000	0.000	0.000	0.000	-15.840	0.875	0.956	
EIF4A2	CKAP2	CKAP2	0.302|0.324|0.299	0.924	0.308	3	0.293|0.167|0.218	0.000	0.000	0.000	0.000	0.000	-13.574	1.400	0.877	
EIF4A2	CKAP5	CKAP5	0.525|0.693|0.824	2.042	0.681	3	0.690|0.705|0.741	0.000	0.000	0.000	0.000	0.000	-15.840	0.957	0.889	
EIF4A2	CKB	CKB	1.849|1.797|2.172	5.819	1.940	3	1.924|1.938|1.946	0.000	0.000	0.000	0.000	0.000	-15.840	1.002	0.906	
EIF4A2	CLASP2	CLASP2	0.767|0.767|0.747	2.280	0.760	3	0.709|0.714|0.901	0.000	0.000	0.000	0.000	0.000	-15.840	0.987	0.961	
EIF4A2	CLCC1	CLCC1	0.213|0.187|.	0.686	0.229	3	0.254|0.249|0.329	0.000	0.000	0.000	0.000	0.000	-15.840	0.831	0.963	
EIF4A2	CLINT1	CLINT1	0.186|0.199|0.204	0.589	0.196	3	0.123|0.204|0.222	0.000	0.000	0.000	0.000	0.000	-15.824	1.107	0.915	
EIF4A2	CLIP1	CLIP1	0.360|0.394|0.394	1.147	0.382	3	0.612|0.785|0.781	0.000	0.000	0.000	0.000	0.000	-15.840	0.530	0.959	
EIF4A2	CLNS1A	CLNS1A	6.817|6.935|7.830	21.582	7.194	3	8.224|7.664|8.503	0.000	0.000	0.000	0.000	0.000	-15.840	0.886	0.942	
EIF4A2	CLPTM1L	CLPTM1L	0.277|0.280|0.305	0.862	0.287	3	0.239|0.279|0.190	0.000	0.000	0.000	0.000	0.000	-15.246	1.233	0.913	
EIF4A2	CLPX	CLPX	0.537|0.543|0.525	1.605	0.535	3	0.565|0.438|0.529	0.000	0.000	0.000	0.000	0.000	-15.792	1.054	0.931	
EIF4A2	CLSPN	CLSPN	0.327|0.380|0.372	1.079	0.360	3	0.519|0.422|0.557	0.000	0.000	0.000	0.000	0.000	-15.840	0.726	0.959	
EIF4A2	CLTC	CLTC	0.673|0.823|0.865	2.361	0.787	3	0.816|0.868|0.870	0.000	0.000	0.000	0.000	0.000	-15.840	0.925	0.937	
EIF4A2	CLUH	CLUH	0.936|1.059|1.247	3.243	1.081	3	0.865|0.750|0.676	0.007	0.022	0.007	0.022	0.007	-13.693	1.423	0.779	
EIF4A2	CMAS	CMAS	0.419|0.505|0.553	1.477	0.492	3	0.690|0.641|0.643	0.000	0.000	0.000	0.000	0.000	-15.840	0.749	0.942	
EIF4A2	CMBL	CMBL	8.338|7.763|8.733	24.835	8.278	3	8.606|8.976|8.882	0.000	0.000	0.000	0.000	0.000	-15.840	0.939	0.942	
EIF4A2	CMC1	CMC1	0.361|0.381|0.490	1.232	0.411	3	0.562|0.443|0.607	0.000	0.000	0.000	0.000	0.000	-15.840	0.771	0.957	
EIF4A2	CNBP	CNBP	2.869|3.032|3.187	9.088	3.029	3	3.581|3.857|3.587	0.000	0.000	0.000	0.000	0.000	-15.840	0.825	0.942	
EIF4A2	CNIH4	CNIH4	1.196|1.348|1.261	3.806	1.269	3	1.166|1.250|1.285	0.000	0.000	0.000	0.000	0.000	-15.840	1.029	0.918	
EIF4A2	CNN3	CNN3	0.330|0.329|0.362	1.021	0.340	3	0.352|0.412|0.432	0.000	0.000	0.000	0.000	0.000	-15.840	0.857	0.961	
EIF4A2	CNOT1	CNOT1	0.478|0.434|0.510	1.421	0.474	3	0.586|0.624|0.629	0.000	0.000	0.000	0.000	0.000	-15.840	0.774	0.942	
EIF4A2	CNOT9	CNOT9	0.261|0.227|0.356	0.845	0.282	3	0.406|0.324|0.349	0.000	0.000	0.000	0.000	0.000	-15.840	0.786	0.959	
EIF4A2	CNP	CNP	0.339|0.739|0.870	1.947	0.649	3	0.720|0.576|0.779	0.000	0.000	0.000	0.000	0.000	-15.840	0.946	0.913	
EIF4A2	COG5	COG5	0.365|0.499|0.414	1.279	0.426	3	0.639|0.588|0.616	0.000	0.000	0.000	0.000	0.000	-15.840	0.694	0.942	
EIF4A2	COG7	COG7	0.517|0.567|0.550	1.634	0.545	3	0.623|0.720|0.773	0.000	0.000	0.000	0.000	0.000	-15.840	0.775	0.956	
EIF4A2	COIL	COIL	1.050|1.180|1.282	3.512	1.171	3	0.816|0.925|0.963	0.011	0.034	0.011	0.034	0.011	-13.429	1.302	0.746	
EIF4A2	COMMD3	COMMD3	0.372|0.434|0.307	1.113	0.371	3	0.461|.|0.474	0.000	0.000	0.000	0.000	0.000	-15.840	0.794	0.961	
EIF4A2	COPA	COPA	2.044|1.918|1.932	5.894	1.965	3	2.379|2.257|2.146	0.000	0.000	0.000	0.000	0.000	-15.840	0.870	0.942	
EIF4A2	COPB1	COPB1	1.915|1.947|2.257	6.120	2.040	3	2.686|2.581|2.652	0.000	0.000	0.000	0.000	0.000	-15.840	0.773	0.942	
EIF4A2	COPB2	COPB2	1.676|1.835|1.974	5.485	1.828	3	2.467|2.210|2.441	0.000	0.000	0.000	0.000	0.000	-15.840	0.771	0.942	
EIF4A2	COPE	COPE	1.461|1.400|1.630	4.492	1.497	3	1.967|2.013|1.980	0.000	0.000	0.000	0.000	0.000	-15.840	0.754	0.942	
EIF4A2	COPG1	COPG1	0.896|0.967|0.988	2.851	0.950	3	0.936|0.877|1.043	0.000	0.000	0.000	0.000	0.000	-15.840	1.001	0.934	
EIF4A2	COPG2	COPG2	1.078|1.257|1.319	3.654	1.218	3	1.629|1.880|1.719	0.000	0.000	0.000	0.000	0.000	-15.840	0.700	0.941	
EIF4A2	COPRS	COPRS	0.452|0.595|0.610	1.658	0.553	3	0.674|0.761|0.746	0.000	0.000	0.000	0.000	0.000	-15.840	0.761	0.942	
EIF4A2	COPS2	COPS2	0.653|0.718|0.833	2.205	0.735	3	0.993|0.947|0.988	0.000	0.000	0.000	0.000	0.000	-15.840	0.753	0.942	
EIF4A2	COPS3	COPS3	0.620|0.731|0.732	2.083	0.694	3	0.832|0.844|0.765	0.000	0.000	0.000	0.000	0.000	-15.840	0.854	0.942	
EIF4A2	COPS4	COPS4	0.600|0.563|0.590	1.753	0.584	3	0.724|0.903|0.816	0.000	0.000	0.000	0.000	0.000	-15.840	0.720	0.960	
EIF4A2	COPS5	COPS5	0.691|0.507|0.968	2.166	0.722	3	0.712|0.613|0.684	0.011	0.034	0.011	0.034	0.011	-15.840	1.080	0.762	
EIF4A2	COPS6	COPS6	0.695|0.676|0.884	2.254	0.751	3	1.005|1.036|1.014	0.000	0.000	0.000	0.000	0.000	-15.840	0.738	0.942	
EIF4A2	COPS7A	COPS7A	0.485|0.491|0.533	1.509	0.503	3	0.697|0.701|0.735	0.000	0.000	0.000	0.000	0.000	-15.840	0.708	0.942	
EIF4A2	COPS7B	COPS7B	0.165|0.484|0.503	1.153	0.384	3	0.558|0.505|0.607	0.000	0.000	0.000	0.000	0.000	-15.840	0.692	0.959	
EIF4A2	COPS8	COPS8	0.450|0.370|0.457	1.276	0.425	3	0.596|0.605|0.548	0.000	0.000	0.000	0.000	0.000	-15.840	0.730	0.942	
EIF4A2	COPZ1	COPZ1	1.477|1.432|1.528	4.437	1.479	3	1.928|1.791|1.751	0.000	0.000	0.000	0.000	0.000	-15.840	0.812	0.940	
EIF4A2	COQ8A	COQ8A	0.795|0.596|0.519	1.909	0.636	3	0.584|0.604|0.660	0.003	0.008	0.003	0.008	0.003	-15.840	1.035	0.795	
EIF4A2	CORO1C	CORO1C	0.896|0.838|0.763	2.498	0.833	3	0.560|0.521|0.534	0.034	0.034	0.034	0.034	0.034	-3.340	1.547	0.425	
EIF4A2	COX17	COX17	1.077|1.121|1.167	3.364	1.121	3	1.064|1.039|1.203	0.000	0.000	0.000	0.000	0.000	-15.840	1.020	0.930	
EIF4A2	COX4I1	COX4I1	0.266|0.238|.	0.789	0.263	3	0.236|0.227|0.313	0.000	0.000	0.000	0.000	0.000	-15.840	1.027	0.962	
EIF4A2	CPSF6	CPSF6	1.978|2.029|2.088	6.094	2.031	3	2.168|2.292|2.251	0.000	0.000	0.000	0.000	0.000	-15.840	0.908	0.942	
EIF4A2	CPSF7	CPSF7	1.300|2.296|2.039	5.635	1.878	3	1.618|2.033|1.656	0.000	0.000	0.000	0.000	0.000	-15.840	1.068	0.891	
EIF4A2	CRIPT	CRIPT	1.744|1.768|1.723	5.235	1.745	3	2.095|2.302|2.226	0.000	0.000	0.000	0.000	0.000	-15.840	0.791	0.942	
EIF4A2	CS	CS	0.662|0.744|0.742	2.148	0.716	3	0.837|0.750|0.852	0.000	0.000	0.000	0.000	0.000	-15.840	0.882	0.942	
EIF4A2	CSDE1	CSDE1	0.185|0.211|0.263	0.658	0.219	3	0.309|0.322|0.250	0.000	0.000	0.000	0.000	0.000	-15.840	0.751	0.961	
EIF4A2	CSE1L	CSE1L	1.952|2.040|2.180	6.172	2.057	3	3.043|3.150|3.255	0.000	0.000	0.000	0.000	0.000	-15.840	0.654	0.942	
EIF4A2	CSNK1A1	CSNK1A1	0.423|0.399|0.714	1.536	0.512	3	0.478|0.753|0.499	0.000	0.000	0.000	0.000	0.000	-15.840	0.907	0.926	
EIF4A2	CSNK1D	CSNK1D	0.586|0.686|0.722	1.994	0.665	3	0.832|0.778|0.810	0.000	0.000	0.000	0.000	0.000	-15.840	0.824	0.942	
EIF4A2	CSNK2A1	CSNK2A1	1.069|1.179|1.309	3.557	1.186	3	1.372|1.415|1.235	0.000	0.000	0.000	0.000	0.000	-15.840	0.886	0.962	
EIF4A2	CSNK2A2	CSNK2A2	0.664|0.727|0.560	1.951	0.650	3	0.651|0.568|0.546	0.000	0.000	0.000	0.000	0.000	-15.840	1.109	0.882	
EIF4A2	CSNK2B	CSNK2B	1.157|1.253|1.311	3.722	1.241	3	1.233|1.363|1.219	0.000	0.000	0.000	0.000	0.000	-15.840	0.977	0.934	
EIF4A2	CSRP1	CSRP1	0.180|0.240|0.084	0.504	0.168	3	0.208|0.264|0.271	0.000	0.000	0.000	0.000	0.000	-15.840	0.683	0.960	
EIF4A2	CSRP2	CSRP2	1.334|1.483|1.459	4.276	1.425	3	1.883|2.134|2.061	0.000	0.000	0.000	0.000	0.000	-15.840	0.705	0.942	
EIF4A2	CTR9	CTR9	0.401|0.345|0.467	1.213	0.404	3	0.503|0.501|0.427	0.000	0.000	0.000	0.000	0.000	-15.840	0.851	0.961	
EIF4A2	CTSZ	CTSZ	0.236|0.102|0.196	0.533	0.178	3	0.238|0.242|0.211	0.000	0.000	0.000	0.000	0.000	-15.840	0.773	0.936	
EIF4A2	CTTN	CTTN	0.643|0.560|0.607	1.811	0.604	3	0.576|0.618|0.604	0.000	0.000	0.000	0.000	0.000	-15.840	1.007	0.924	
EIF4A2	CUL1	CUL1	0.187|0.292|0.280	0.760	0.253	3	0.496|0.471|0.438	0.000	0.000	0.000	0.000	0.000	-15.840	0.542	0.942	
EIF4A2	CUL2	CUL2	0.345|0.336|0.407	1.088	0.363	3	0.502|0.437|0.545	0.000	0.000	0.000	0.000	0.000	-15.840	0.736	0.957	
EIF4A2	CUL4B	CUL4B	0.575|0.557|0.687	1.818	0.606	3	0.758|0.798|0.726	0.000	0.000	0.000	0.000	0.000	-15.840	0.797	0.942	
EIF4A2	CUSTOS	CUSTOS	0.644|0.606|0.630	1.880	0.627	3	0.719|0.683|0.691	0.000	0.000	0.000	0.000	0.000	-15.840	0.899	0.942	
EIF4A2	CWC22	CWC22	0.346|0.340|0.388	1.074	0.358	3	0.291|0.355|0.351	0.000	0.000	0.000	0.000	0.000	-15.795	1.083	0.915	
EIF4A2	CWC25	CWC25	3.032|3.215|3.664	9.911	3.304	3	2.533|2.519|2.495	0.013	0.034	0.013	0.034	0.013	-9.954	1.313	0.731	
EIF4A2	CWF19L2	CWF19L2	2.517|2.677|2.865	8.060	2.687	3	2.865|2.747|2.658	0.000	0.000	0.000	0.000	0.000	-15.840	0.975	0.932	
EIF4A2	CYB5R3	CYB5R3	0.809|0.887|0.878	2.574	0.858	3	0.898|1.010|0.792	0.000	0.000	0.000	0.000	0.000	-15.840	0.958	0.960	
EIF4A2	CYCS	CYCS	1.029|0.928|1.053	3.010	1.003	3	1.150|1.187|1.161	0.000	0.000	0.000	0.000	0.000	-15.840	0.861	0.942	
EIF4A2	CYFIP1	CYFIP1	0.861|0.912|1.080	2.853	0.951	3	0.880|0.813|1.033	0.000	0.000	0.000	0.000	0.000	-15.840	1.052	0.915	
EIF4A2	CYFIP2	CYFIP2	0.297|0.744|0.620	1.661	0.554	3	0.361|0.346|0.363	0.023	0.034	0.023	0.034	0.023	-15.840	1.553	0.703	
EIF4A2	DAP3	DAP3	0.462|0.430|0.450	1.343	0.448	3	0.333|0.289|0.366	0.000	0.000	0.000	0.000	0.000	-11.934	1.365	0.851	
EIF4A2	DARS1	DARS1	0.861|0.772|0.729	2.361	0.787	3	0.782|0.872|0.794	0.000	0.000	0.000	0.000	0.000	-15.840	0.966	0.929	
EIF4A2	DARS2	DARS2	0.712|0.725|0.814	2.251	0.750	3	0.647|0.736|0.594	0.000	0.000	0.000	0.000	0.000	-15.418	1.143	0.896	
EIF4A2	DCAF1	DCAF1	0.313|0.471|0.376	1.160	0.387	3	0.444|0.443|0.453	0.000	0.000	0.000	0.000	0.000	-15.840	0.866	0.929	
EIF4A2	DCD	DCD	0.515|0.633|0.596	1.744	0.581	3	0.761|0.841|0.891	0.000	0.000	0.000	0.000	0.000	-15.840	0.701	0.960	
EIF4A2	DCLK1	DCLK1	0.195|0.241|0.213	0.650	0.217	3	0.285|0.477|0.275	0.000	0.000	0.000	0.000	0.000	-15.840	0.648	0.961	
EIF4A2	DCTN1	DCTN1	0.781|0.960|0.833	2.575	0.858	3	0.893|0.905|0.958	0.000	0.000	0.000	0.000	0.000	-15.840	0.935	0.931	
EIF4A2	DCTN2	DCTN2	2.130|2.549|2.379	7.058	2.353	3	2.910|2.462|2.918	0.000	0.000	0.000	0.000	0.000	-15.840	0.854	0.941	
EIF4A2	DCTN3	DCTN3	0.605|0.688|0.728	2.021	0.674	3	0.853|0.847|0.845	0.000	0.000	0.000	0.000	0.000	-15.840	0.794	0.942	
EIF4A2	DCUN1D5	DCUN1D5	0.261|0.322|0.280	0.864	0.288	3	0.372|0.300|0.360	0.000	0.000	0.000	0.000	0.000	-15.840	0.841	0.960	
EIF4A2	DDB1	DDB1	1.224|1.265|1.227	3.716	1.239	3	1.758|1.575|1.714	0.000	0.000	0.000	0.000	0.000	-15.840	0.737	0.962	
EIF4A2	DDOST	DDOST	0.815|0.847|0.790	2.451	0.817	3	0.846|0.879|0.812	0.000	0.000	0.000	0.000	0.000	-15.840	0.967	0.940	
EIF4A2	DDX1	DDX1	1.602|2.093|1.984	5.679	1.893	3	2.317|2.146|2.168	0.000	0.000	0.000	0.000	0.000	-15.840	0.857	0.942	
EIF4A2	DDX17	DDX17	0.942|1.000|0.987	2.929	0.976	3	1.304|1.151|1.136	0.000	0.000	0.000	0.000	0.000	-15.840	0.817	0.962	
EIF4A2	DDX21	DDX21	1.206|1.155|1.326	3.687	1.229	3	1.095|1.288|1.003	0.000	0.000	0.000	0.000	0.000	-15.803	1.095	0.918	
EIF4A2	DDX23	DDX23	0.534|0.472|0.632	1.638	0.546	3	0.721|0.799|0.709	0.000	0.000	0.000	0.000	0.000	-15.840	0.735	0.942	
EIF4A2	DDX39A	DDX39A	4.994|5.829|5.674	16.497	5.499	3	0.813|0.767|0.727	1.000	1.000	1.000	1.000	1.000	8.094	7.159	0.000	
EIF4A2	DDX3X	DDX3X	2.702|2.882|3.110	8.694	2.898	3	1.910|2.005|2.058	0.034	0.034	0.034	0.034	0.034	-3.340	1.456	0.425	
EIF4A2	DDX41	DDX41	2.149|2.096|2.255	6.500	2.167	3	2.021|2.011|2.158	0.000	0.000	0.000	0.000	0.000	-15.795	1.051	0.916	
EIF4A2	DDX42	DDX42	0.763|0.772|0.804	2.339	0.780	3	0.677|0.792|0.753	0.000	0.000	0.000	0.000	0.000	-15.719	1.055	0.922	
EIF4A2	DDX46	DDX46	6.528|6.983|7.529	21.040	7.013	3	7.413|7.890|7.836	0.000	0.000	0.000	0.000	0.000	-15.840	0.910	0.942	
EIF4A2	DDX49	DDX49	0.520|0.528|0.717	1.764	0.588	3	0.678|0.797|0.660	0.000	0.000	0.000	0.000	0.000	-15.840	0.829	0.939	
EIF4A2	DDX5	DDX5	2.354|2.657|2.518	7.529	2.510	3	2.467|2.326|2.525	0.000	0.000	0.000	0.000	0.000	-15.840	1.029	0.918	
EIF4A2	DDX50	DDX50	0.743|0.914|0.850	2.507	0.836	3	.|.|0.163	1.000	1.000	1.000	1.000	1.000	9.941	5.120	0.000	
EIF4A2	DDX52	DDX52	0.575|0.543|0.540	1.657	0.552	3	0.403|0.447|0.349	0.000	0.000	0.000	0.000	0.000	-11.298	1.390	0.849	
EIF4A2	DDX54	DDX54	0.718|0.305|0.768	1.791	0.597	3	0.715|3.392|0.802	0.001	0.001	0.001	0.001	0.001	-11.118	0.478	0.816	
EIF4A2	DDX6	DDX6	0.569|0.550|0.517	1.635	0.545	3	0.520|0.633|0.477	0.000	0.000	0.000	0.000	0.000	-15.840	1.010	0.935	
EIF4A2	DEK	DEK	0.976|0.997|1.072	3.045	1.015	3	1.061|1.207|1.115	0.000	0.000	0.000	0.000	0.000	-15.840	0.901	0.942	
EIF4A2	DERPC	DERPC	1.134|1.185|1.234	3.553	1.184	3	1.292|1.122|1.204	0.000	0.000	0.000	0.000	0.000	-15.840	0.983	0.936	
EIF4A2	DHCR24	DHCR24	0.554|0.608|0.568	1.730	0.577	3	0.831|0.782|0.816	0.000	0.000	0.000	0.000	0.000	-15.840	0.712	0.942	
EIF4A2	DHX15	DHX15	3.347|3.513|3.265	10.126	3.375	3	1.759|1.689|1.851	0.034	0.034	0.034	0.034	0.034	-3.340	1.912	0.425	
EIF4A2	DHX16	DHX16	0.444|0.463|0.416	1.324	0.441	3	0.397|0.410|0.398	0.000	0.000	0.000	0.000	0.000	-15.633	1.098	0.890	
EIF4A2	DHX30	DHX30	0.220|0.303|0.318	0.841	0.280	3	.|0.207|.	0.000	0.000	0.000	0.000	0.000	-15.667	1.356	0.831	
EIF4A2	DHX35	DHX35	0.691|0.673|0.679	2.043	0.681	3	1.381|1.298|1.341	0.000	0.000	0.000	0.000	0.000	-15.840	0.508	0.942	
EIF4A2	DHX36	DHX36	1.528|1.541|1.827	4.895	1.632	3	1.341|1.251|1.345	0.011	0.034	0.011	0.034	0.011	-11.929	1.244	0.754	
EIF4A2	DHX38	DHX38	0.445|0.468|0.893	1.806	0.602	3	0.869|1.080|0.987	0.000	0.000	0.000	0.000	0.000	-15.840	0.618	0.962	
EIF4A2	DHX40	DHX40	0.409|0.456|0.420	1.286	0.429	3	0.464|0.571|0.518	0.000	0.000	0.000	0.000	0.000	-15.840	0.831	0.960	
EIF4A2	DHX9	DHX9	9.067|8.298|9.731	27.097	9.032	3	8.913|2.086|2.506	0.071	0.088	0.071	0.088	0.071	-2.866	2.510	0.296	
EIF4A2	DIABLO	DIABLO	0.687|0.673|0.765	2.125	0.708	3	1.007|1.129|1.138	0.000	0.000	0.000	0.000	0.000	-15.840	0.650	0.960	
EIF4A2	DIAPH1	DIAPH1	1.455|0.974|1.332	3.760	1.253	3	1.552|1.335|1.471	0.000	0.000	0.000	0.000	0.000	-15.840	0.865	0.940	
EIF4A2	DIDO1	DIDO1	1.474|1.487|1.738	4.699	1.566	3	1.935|2.003|1.969	0.000	0.000	0.000	0.000	0.000	-15.840	0.796	0.942	
EIF4A2	DIMT1	DIMT1	0.376|0.262|0.274	0.912	0.304	3	0.269|0.266|0.276	0.011	0.034	0.011	0.034	0.011	-15.840	1.126	0.762	
EIF4A2	D0JA1	D0JA1	1.704|1.616|1.790	5.110	1.703	3	2.494|2.606|2.657	0.000	0.000	0.000	0.000	0.000	-15.840	0.659	0.942	
EIF4A2	D0JA2	D0JA2	1.265|1.381|1.361	4.008	1.336	3	1.731|1.671|1.770	0.000	0.000	0.000	0.000	0.000	-15.840	0.775	0.942	
EIF4A2	D0JB1	D0JB1	0.151|0.254|0.227	0.632	0.211	3	0.589|0.759|0.408	0.000	0.000	0.000	0.000	0.000	-15.840	0.372	0.960	
EIF4A2	D0JB6	D0JB6	1.109|1.231|1.145	3.484	1.161	3	1.519|1.505|1.439	0.000	0.000	0.000	0.000	0.000	-15.840	0.781	0.940	
EIF4A2	D0JC10	D0JC10	0.761|0.744|0.818	2.323	0.774	3	0.949|0.980|0.993	0.000	0.000	0.000	0.000	0.000	-15.840	0.795	0.942	
EIF4A2	D0JC7	D0JC7	0.337|0.390|0.327	1.054	0.351	3	0.507|0.548|0.489	0.000	0.000	0.000	0.000	0.000	-15.840	0.683	0.942	
EIF4A2	D0JC8	D0JC8	0.968|0.953|0.923	2.844	0.948	3	1.211|1.286|1.320	0.000	0.000	0.000	0.000	0.000	-15.840	0.746	0.942	
EIF4A2	D0JC9	D0JC9	0.416|0.342|0.340	1.098	0.366	3	0.442|0.424|0.469	0.000	0.000	0.000	0.000	0.000	-15.840	0.823	0.942	
EIF4A2	DOCK7	DOCK7	1.679|1.566|1.800	5.044	1.681	3	1.925|1.807|1.899	0.000	0.000	0.000	0.000	0.000	-15.840	0.896	0.942	
EIF4A2	DPM1	DPM1	1.768|1.923|1.466	5.157	1.719	3	1.854|5.806|2.435	0.000	0.000	0.000	0.000	0.000	-12.580	0.579	0.856	
EIF4A2	DPYSL2	DPYSL2	0.577|0.487|0.614	1.678	0.559	3	0.646|0.599|0.592	0.000	0.000	0.000	0.000	0.000	-15.840	0.914	0.940	
EIF4A2	DPYSL3	DPYSL3	0.396|0.431|0.490	1.317	0.439	3	0.430|0.537|0.510	0.000	0.000	0.000	0.000	0.000	-15.840	0.896	0.940	
EIF4A2	DRG1	DRG1	1.520|1.800|1.692	5.012	1.671	3	0.793|0.833|0.874	0.034	0.034	0.034	0.034	0.034	-3.340	2.006	0.425	
EIF4A2	DSP	DSP	0.449|0.594|0.693	1.736	0.579	3	0.768|0.732|0.819	0.000	0.000	0.000	0.000	0.000	-15.840	0.749	0.942	
EIF4A2	DSTN	DSTN	0.277|0.160|0.239	0.676	0.225	3	0.510|0.434|0.462	0.000	0.000	0.000	0.000	0.000	-15.840	0.482	0.957	
EIF4A2	DUT	DUT	0.632|0.560|0.581	1.773	0.591	3	0.546|0.586|0.534	0.000	0.000	0.000	0.000	0.000	-15.826	1.065	0.898	
EIF4A2	DYNC1H1	DYNC1H1	0.707|0.703|0.711	2.121	0.707	3	0.821|0.786|0.778	0.000	0.000	0.000	0.000	0.000	-15.840	0.890	0.942	
EIF4A2	DYNC1LI1	DYNC1LI1	1.100|0.288|0.933	2.322	0.774	3	0.362|0.484|0.414	0.336	0.953	0.336	0.953	0.336	-15.840	1.855	0.113	
EIF4A2	DYNC2I1	DYNC2I1	0.392|0.317|0.372	1.081	0.360	3	0.388|0.361|0.451	0.000	0.000	0.000	0.000	0.000	-15.840	0.905	0.959	
EIF4A2	DYNLL1	DYNLL1	0.141|0.237|0.318	0.695	0.232	3	0.298|0.351|0.373	0.000	0.000	0.000	0.000	0.000	-15.840	0.684	0.957	
EIF4A2	E2F7	E2F7	1.003|0.946|1.086	3.035	1.012	3	1.103|12.080|12.664	0.001	0.001	0.001	0.001	0.001	-7.163	0.183	0.812	
EIF4A2	EBP	EBP	0.524|0.555|0.473	1.551	0.517	3	0.535|0.561|0.441	0.000	0.000	0.000	0.000	0.000	-15.840	1.015	0.931	
EIF4A2	ECH1	ECH1	0.549|0.446|0.469	1.463	0.488	3	0.590|0.570|0.612	0.000	0.000	0.000	0.000	0.000	-15.840	0.827	0.942	
EIF4A2	ECHS1	ECHS1	0.877|0.770|0.510	2.157	0.719	3	0.508|0.542|0.540	0.023	0.034	0.023	0.034	0.023	-15.840	1.357	0.703	
EIF4A2	ECPAS	ECPAS	0.712|0.584|0.735	2.030	0.677	3	0.644|0.908|0.780	0.000	0.000	0.000	0.000	0.000	-15.840	0.879	0.961	
EIF4A2	EDF1	EDF1	6.597|6.592|7.627	20.816	6.939	3	8.718|8.270|8.574	0.000	0.000	0.000	0.000	0.000	-15.840	0.815	0.942	
EIF4A2	EDRF1	EDRF1	1.244|1.194|1.415	3.853	1.284	3	0.277|0.200|.	1.000	1.000	1.000	1.000	1.000	9.291	5.460	0.000	
EIF4A2	EEF1A1	EEF1A1	11.834|11.730|12.955	36.520	12.173	3	14.921|15.586|15.486	0.000	0.000	0.000	0.000	0.000	-15.840	0.794	0.942	
EIF4A2	EEF1A2	EEF1A2	0.514|0.573|0.706	1.793	0.598	3	0.556|0.261|0.613	0.001	0.004	0.001	0.004	0.001	-8.598	1.339	0.805	
EIF4A2	EEF1B2	EEF1B2	2.044|2.120|2.223	6.386	2.129	3	2.916|2.977|2.977	0.000	0.000	0.000	0.000	0.000	-15.840	0.720	0.942	
EIF4A2	EEF1D	EEF1D	1.457|1.592|1.707	4.755	1.585	3	2.237|2.440|2.345	0.000	0.000	0.000	0.000	0.000	-15.840	0.678	0.942	
EIF4A2	EEF1E1	EEF1E1	0.382|0.454|0.457	1.294	0.431	3	0.515|0.549|0.459	0.000	0.000	0.000	0.000	0.000	-15.840	0.852	0.960	
EIF4A2	EEF1G	EEF1G	2.362|3.007|2.937	8.306	2.769	3	4.449|4.551|4.454	0.000	0.000	0.000	0.000	0.000	-15.840	0.617	0.942	
EIF4A2	EEF2	EEF2	1.410|1.629|1.720	4.759	1.586	3	2.143|2.163|2.345	0.000	0.000	0.000	0.000	0.000	-15.840	0.716	0.942	
EIF4A2	EFTUD2	EFTUD2	1.004|0.981|1.169	3.155	1.052	3	1.201|1.259|1.254	0.000	0.000	0.000	0.000	0.000	-15.840	0.850	0.942	
EIF4A2	EI24	EI24	0.691|0.643|0.754	2.089	0.696	3	0.765|0.638|0.680	0.000	0.000	0.000	0.000	0.000	-15.840	1.006	0.926	
EIF4A2	EIF1	EIF1	1.088|1.112|1.168	3.368	1.123	3	1.211|1.125|1.040	0.000	0.000	0.000	0.000	0.000	-15.840	1.000	0.934	
EIF4A2	EIF1AX	EIF1AX	3.462|3.496|3.907	10.865	3.622	3	3.912|4.126|4.269	0.000	0.000	0.000	0.000	0.000	-15.840	0.883	0.942	
EIF4A2	EIF2B1	EIF2B1	0.734|0.607|0.737	2.078	0.693	3	0.811|0.769|0.820	0.000	0.000	0.000	0.000	0.000	-15.840	0.866	0.942	
EIF4A2	EIF2B2	EIF2B2	0.628|0.650|0.818	2.095	0.698	3	0.787|0.798|0.805	0.000	0.000	0.000	0.000	0.000	-15.840	0.877	0.935	
EIF4A2	EIF2B3	EIF2B3	0.768|0.777|0.902	2.447	0.816	3	0.837|0.897|0.836	0.000	0.000	0.000	0.000	0.000	-15.840	0.953	0.929	
EIF4A2	EIF2B4	EIF2B4	0.852|0.839|0.934	2.624	0.875	3	1.071|0.943|1.053	0.000	0.000	0.000	0.000	0.000	-15.840	0.857	0.962	
EIF4A2	EIF2B5	EIF2B5	0.741|0.577|0.649	1.967	0.656	3	0.883|0.959|0.834	0.000	0.000	0.000	0.000	0.000	-15.840	0.737	0.942	
EIF4A2	EIF2S1	EIF2S1	0.844|1.042|1.035	2.921	0.974	3	1.203|1.196|1.125	0.000	0.000	0.000	0.000	0.000	-15.840	0.829	0.942	
EIF4A2	EIF2S2	EIF2S2	0.555|0.590|0.569	1.714	0.571	3	0.623|0.800|0.678	0.000	0.000	0.000	0.000	0.000	-15.840	0.820	0.957	
EIF4A2	EIF2S3	EIF2S3	0.705|0.891|1.187	2.783	0.928	3	1.007|0.922|1.069	0.000	0.000	0.000	0.000	0.000	-15.840	0.930	0.882	
EIF4A2	EIF3A	EIF3A	7.079|7.717|7.735	22.531	7.510	3	2.672|2.726|2.732	0.034	0.034	0.034	0.034	0.034	-3.340	2.771	0.629	
EIF4A2	EIF3B	EIF3B	5.400|5.865|6.174	17.440	5.813	3	1.699|1.785|1.679	0.771	0.999	0.771	0.999	0.771	-0.742	3.379	0.015	
EIF4A2	EIF3C	EIF3C	6.781|7.004|6.542	20.326	6.775	3	1.868|1.949|1.847	0.999	1.000	0.999	1.000	0.999	5.696	3.590	0.000	
EIF4A2	EIF3D	EIF3D	5.594|5.519|6.003	17.116	5.705	3	1.825|1.698|1.736	0.674	0.994	0.674	0.994	0.674	-0.467	3.256	0.046	
EIF4A2	EIF3E	EIF3E	5.617|6.430|5.851	17.898	5.966	3	1.468|1.717|1.676	1.000	1.000	1.000	1.000	1.000	7.066	3.690	0.000	
EIF4A2	EIF3F	EIF3F	6.698|7.507|7.607	21.813	7.271	3	2.044|2.141|2.164	0.828	0.999	0.828	0.999	0.828	-0.059	3.437	0.008	
EIF4A2	EIF3G	EIF3G	7.052|7.360|7.506	21.918	7.306	3	3.659|3.965|4.011	0.034	0.034	0.034	0.034	0.034	-3.340	1.885	0.425	
EIF4A2	EIF3H	EIF3H	4.022|3.974|4.468	12.465	4.155	3	1.104|1.157|1.330	0.999	1.000	0.999	1.000	0.999	6.493	3.482	0.000	
EIF4A2	EIF3I	EIF3I	4.599|4.574|5.148	14.321	4.774	3	2.824|2.863|2.853	0.034	0.034	0.034	0.034	0.034	-3.340	1.677	0.425	
EIF4A2	EIF3K	EIF3K	3.910|4.059|4.080	12.049	4.016	3	1.427|1.330|1.429	0.034	0.034	0.034	0.034	0.034	-3.340	2.880	0.622	
EIF4A2	EIF3L	EIF3L	4.994|4.734|5.301	15.030	5.010	3	1.627|1.525|1.614	0.455	0.975	0.455	0.975	0.455	-3.340	3.155	0.074	
EIF4A2	EIF3M	EIF3M	2.264|2.775|2.686	7.726	2.575	3	0.906|0.992|0.711	0.997	1.000	0.997	1.000	0.997	4.715	2.989	0.000	
EIF4A2	EIF4A1	EIF4A1	8.647|8.540|9.516	26.703	8.901	3	0.878|0.759|0.876	1.000	1.000	1.000	1.000	1.000	9.070	10.650	0.000	
EIF4A2	EIF4A2	EIF4A2	.|.|.	0.855	0.285	3	1.863|1.803|5.265	0.000	0.000	0.000	0.000	0.000	-15.840	0.109	0.963	
EIF4A2	EIF4B	EIF4B	4.393|4.533|4.958	13.883	4.628	3	4.160|4.412|4.607	0.000	0.000	0.000	0.000	0.000	-15.840	1.054	0.903	
EIF4A2	EIF4E	EIF4E	2.564|2.634|2.843	8.040	2.680	3	0.323|0.357|0.372	1.000	1.000	1.000	1.000	1.000	9.238	7.657	0.000	
EIF4A2	EIF4E2	EIF4E2	6.406|5.611|5.869	17.885	5.962	3	3.932|3.251|2.895	0.013	0.034	0.013	0.034	0.013	-7.312	1.789	0.730	
EIF4A2	EIF4ENIF1	EIF4ENIF1	0.484|0.447|0.491	1.423	0.474	3	0.759|0.662|0.677	0.000	0.000	0.000	0.000	0.000	-15.840	0.680	0.956	
EIF4A2	EIF4G1	EIF4G1	21.475|21.597|23.335	66.406	22.135	3	1.273|1.296|1.192	1.000	1.000	1.000	1.000	1.000	9.160	17.668	0.000	
EIF4A2	EIF4G2	EIF4G2	18.487|18.742|19.361	56.589	18.863	3	14.104|0.713|13.194	0.052	0.053	0.052	0.053	0.052	-2.914	3.698	0.327	
EIF4A2	EIF4G3	EIF4G3	5.297|5.904|6.208	17.409	5.803	3	0.916|0.319|1.143	0.997	0.998	0.997	0.998	0.997	5.257	8.359	0.000	
EIF4A2	EIF4H	EIF4H	1.616|1.727|1.781	5.123	1.708	3	2.124|2.051|2.101	0.000	0.000	0.000	0.000	0.000	-15.840	0.816	0.942	
EIF4A2	EIF5	EIF5	0.453|0.448|0.652	1.553	0.518	3	0.542|0.511|0.623	0.000	0.000	0.000	0.000	0.000	-15.840	0.930	0.913	
EIF4A2	EIF5A	EIF5A	2.019|1.938|1.909	5.865	1.955	3	1.959|2.091|1.951	0.000	0.000	0.000	0.000	0.000	-15.840	0.978	0.939	
EIF4A2	EIF5B	EIF5B	1.983|1.838|2.207	6.029	2.010	3	1.543|1.666|1.608	0.011	0.034	0.011	0.034	0.011	-12.736	1.252	0.744	
EIF4A2	ELAVL1	ELAVL1	1.870|1.573|1.013	4.456	1.485	3	0.070|0.876|0.727	0.072	0.092	0.072	0.092	0.072	-2.966	4.194	0.291	
EIF4A2	ELOA	ELOA	1.325|1.085|1.141	3.550	1.183	3	0.839|0.759|0.824	0.034	0.034	0.034	0.034	0.034	-3.340	1.467	0.425	
EIF4A2	ELOB	ELOB	0.673|0.748|0.555	1.976	0.659	3	1.032|0.865|0.898	0.000	0.000	0.000	0.000	0.000	-15.840	0.709	0.957	
EIF4A2	ELOC	ELOC	0.277|0.478|0.253	1.008	0.336	3	0.328|0.573|0.616	0.000	0.000	0.000	0.000	0.000	-15.840	0.690	0.960	
EIF4A2	ELOVL1	ELOVL1	0.241|0.327|0.290	0.858	0.286	3	0.206|0.264|0.284	0.000	0.000	0.000	0.000	0.000	-15.840	1.149	0.909	
EIF4A2	ELP1	ELP1	1.255|0.789|0.909	2.954	0.985	3	1.562|2.197|0.978	0.000	0.000	0.000	0.000	0.000	-15.840	0.658	0.917	
EIF4A2	ELP2	ELP2	0.412|0.447|0.372	1.232	0.411	3	0.520|0.521|0.493	0.000	0.000	0.000	0.000	0.000	-15.840	0.803	0.942	
EIF4A2	ELP3	ELP3	0.831|0.916|0.903	2.650	0.883	3	0.909|1.044|0.942	0.000	0.000	0.000	0.000	0.000	-15.840	0.917	0.961	
EIF4A2	EMD	EMD	0.156|0.224|0.354	0.734	0.245	3	.|0.412|.	0.000	0.000	0.000	0.000	0.000	-15.840	0.593	0.956	
EIF4A2	EMG1	EMG1	0.086|.|0.069	0.441	0.147	3	0.220|1.086|0.543	0.000	0.000	0.000	0.000	0.000	-15.840	0.290	0.931	
EIF4A2	EML4	EML4	0.440|0.468|0.407	1.315	0.438	3	0.515|0.624|0.536	0.000	0.000	0.000	0.000	0.000	-15.840	0.788	0.957	
EIF4A2	E0H	E0H	0.708|0.633|0.674	2.015	0.672	3	0.987|0.940|1.043	0.000	0.000	0.000	0.000	0.000	-15.840	0.679	0.942	
EIF4A2	ENO1	ENO1	2.310|2.099|2.552	6.961	2.320	3	2.247|2.175|2.324	0.000	0.000	0.000	0.000	0.000	-15.840	1.032	0.901	
EIF4A2	ENSA	ENSA	1.210|1.265|1.512	3.987	1.329	3	1.503|1.235|1.538	0.000	0.000	0.000	0.000	0.000	-15.840	0.937	0.933	
EIF4A2	ENY2	ENY2	1.468|1.176|1.649	4.293	1.431	3	1.478|1.477|1.551	0.000	0.000	0.000	0.000	0.000	-15.840	0.953	0.916	
EIF4A2	EPB41L3	EPB41L3	0.232|0.258|0.211	0.702	0.234	3	0.254|0.264|0.313	0.000	0.000	0.000	0.000	0.000	-15.840	0.848	0.961	
EIF4A2	EPPK1	EPPK1	3.426|3.326|3.796	10.547	3.516	3	5.006|5.258|5.214	0.000	0.000	0.000	0.000	0.000	-15.840	0.682	0.942	
EIF4A2	EPRS1	EPRS1	0.647|0.740|0.640	2.027	0.676	3	0.608|0.556|0.645	0.000	0.000	0.000	0.000	0.000	-15.332	1.122	0.861	
EIF4A2	ERBIN	ERBIN	0.252|1.150|0.266	1.668	0.556	3	0.456|0.362|0.411	0.303	0.909	0.303	0.909	0.303	-15.840	1.364	0.169	
EIF4A2	ERC1	ERC1	0.473|0.408|0.476	1.357	0.452	3	0.553|0.454|0.501	0.000	0.000	0.000	0.000	0.000	-15.840	0.903	0.959	
EIF4A2	ERH	ERH	4.776|4.506|4.634	13.916	4.639	3	3.477|3.287|3.164	0.034	0.034	0.034	0.034	0.034	-3.340	1.403	0.425	
EIF4A2	ESYT1	ESYT1	0.577|0.664|0.672	1.912	0.637	3	0.908|0.839|0.863	0.000	0.000	0.000	0.000	0.000	-15.840	0.733	0.942	
EIF4A2	ESYT2	ESYT2	0.384|0.473|0.434	1.291	0.430	3	0.536|0.671|0.623	0.000	0.000	0.000	0.000	0.000	-15.840	0.709	0.959	
EIF4A2	EWSR1	EWSR1	12.738|12.164|13.753	38.656	12.885	3	15.231|15.629|16.189	0.000	0.000	0.000	0.000	0.000	-15.840	0.822	0.942	
EIF4A2	EXOC2	EXOC2	0.566|0.608|0.544	1.719	0.573	3	0.708|0.662|0.593	0.000	0.000	0.000	0.000	0.000	-15.840	0.877	0.942	
EIF4A2	EXOC4	EXOC4	0.441|0.486|0.441	1.368	0.456	3	0.595|0.612|0.468	0.000	0.000	0.000	0.000	0.000	-15.840	0.822	0.957	
EIF4A2	EXOC7	EXOC7	0.614|0.651|0.630	1.895	0.632	3	0.568|0.513|0.554	0.000	0.000	0.000	0.000	0.000	-13.425	1.160	0.863	
EIF4A2	EXOSC6	EXOSC6	0.757|0.961|0.971	2.690	0.897	3	1.382|1.410|1.381	0.000	0.000	0.000	0.000	0.000	-15.840	0.645	0.942	
EIF4A2	EXOSC8	EXOSC8	1.025|0.979|1.024	3.028	1.009	3	1.413|1.498|1.354	0.000	0.000	0.000	0.000	0.000	-15.840	0.711	0.942	
EIF4A2	EZR	EZR	0.938|1.137|1.157	3.231	1.077	3	1.048|1.130|1.111	0.000	0.000	0.000	0.000	0.000	-15.840	0.983	0.927	
EIF4A2	F5	F5	0.690|0.776|0.776	2.242	0.747	3	0.898|0.761|0.849	0.000	0.000	0.000	0.000	0.000	-15.840	0.896	0.959	
EIF4A2	FAM133A	FAM133A	0.549|0.623|0.382	1.553	0.518	3	.|0.742|0.753	0.000	0.000	0.000	0.000	0.000	-15.840	0.692	0.957	
EIF4A2	FAM133B	FAM133B	13.190|12.324|14.066	39.580	13.193	3	15.731|16.491|16.887	0.000	0.000	0.000	0.000	0.000	-15.840	0.806	0.942	
EIF4A2	FAM204A	FAM204A	0.316|0.277|0.232	0.824	0.275	3	0.276|0.345|0.338	0.000	0.000	0.000	0.000	0.000	-15.840	0.864	0.960	
EIF4A2	FAM32A	FAM32A	1.427|1.607|1.669	4.703	1.568	3	2.192|2.412|2.335	0.000	0.000	0.000	0.000	0.000	-15.840	0.678	0.942	
EIF4A2	FAM50A	FAM50A	1.005|1.229|1.355	3.588	1.196	3	1.288|1.194|1.407	0.000	0.000	0.000	0.000	0.000	-15.840	0.925	0.933	
EIF4A2	FAM76B	FAM76B	0.178|0.140|.	0.604	0.201	3	0.112|0.148|0.122	0.000	0.000	0.000	0.000	0.000	-15.448	1.590	0.880	
EIF4A2	FAM98A	FAM98A	1.164|1.084|1.083	3.330	1.110	3	1.016|0.815|0.891	0.000	0.000	0.000	0.000	0.000	-13.839	1.228	0.881	
EIF4A2	FAM98B	FAM98B	0.479|0.463|0.453	1.395	0.465	3	0.571|0.686|0.596	0.000	0.000	0.000	0.000	0.000	-15.840	0.755	0.956	
EIF4A2	FANCD2	FANCD2	0.515|0.509|0.492	1.517	0.506	3	0.530|0.571|0.601	0.000	0.000	0.000	0.000	0.000	-15.840	0.892	0.942	
EIF4A2	FANCI	FANCI	0.632|0.678|0.693	2.003	0.668	3	0.761|0.880|0.886	0.000	0.000	0.000	0.000	0.000	-15.840	0.794	0.957	
EIF4A2	FARSA	FARSA	0.760|0.863|1.042	2.665	0.888	3	0.962|0.897|0.953	0.000	0.000	0.000	0.000	0.000	-15.840	0.948	0.911	
EIF4A2	FARSB	FARSB	0.386|0.436|0.429	1.252	0.417	3	0.605|0.681|0.673	0.000	0.000	0.000	0.000	0.000	-15.840	0.640	0.942	
EIF4A2	FASN	FASN	4.151|4.292|4.176	12.618	4.206	3	4.918|4.775|4.715	0.000	0.000	0.000	0.000	0.000	-15.840	0.876	0.942	
EIF4A2	FAU	FAU	17.396|17.808|18.135	53.340	17.780	3	18.099|18.195|17.732	0.000	0.000	0.000	0.000	0.000	-15.840	0.987	0.939	
EIF4A2	FBL	FBL	9.361|9.254|9.319	27.934	9.311	3	11.490|11.112|10.835	0.000	0.000	0.000	0.000	0.000	-15.840	0.836	0.942	
EIF4A2	FBXO21	FBXO21	0.543|0.512|0.543	1.598	0.533	3	0.639|0.608|0.586	0.000	0.000	0.000	0.000	0.000	-15.840	0.872	0.942	
EIF4A2	FBXO31	FBXO31	0.120|.|.	0.691	0.230	3	2.043|1.918|1.991	0.000	0.000	0.000	0.000	0.000	-15.840	0.116	0.963	
EIF4A2	FDFT1	FDFT1	0.654|0.775|0.766	2.195	0.732	3	0.844|0.684|0.725	0.000	0.000	0.000	0.000	0.000	-15.840	0.978	0.935	
EIF4A2	FECH	FECH	0.368|0.417|0.388	1.173	0.391	3	0.298|0.328|0.370	0.000	0.000	0.000	0.000	0.000	-15.124	1.181	0.890	
EIF4A2	FEN1	FEN1	1.633|1.525|1.779	4.937	1.646	3	1.855|1.890|1.888	0.000	0.000	0.000	0.000	0.000	-15.840	0.876	0.942	
EIF4A2	FGF2	FGF2	0.794|1.020|0.932	2.746	0.915	3	0.896|1.015|1.041	0.000	0.000	0.000	0.000	0.000	-15.840	0.932	0.934	
EIF4A2	FHL1	FHL1	0.826|0.782|0.848	2.456	0.819	3	0.808|1.033|0.884	0.000	0.000	0.000	0.000	0.000	-15.840	0.906	0.956	
EIF4A2	FIP1L1	FIP1L1	0.451|0.436|0.426	1.314	0.438	3	0.399|0.350|0.336	0.000	0.000	0.000	0.000	0.000	-13.250	1.214	0.870	
EIF4A2	FKBP3	FKBP3	1.973|1.906|2.045	5.925	1.975	3	2.621|2.537|2.453	0.000	0.000	0.000	0.000	0.000	-15.840	0.779	0.942	
EIF4A2	FKBP4	FKBP4	0.404|0.409|0.434	1.246	0.415	3	0.785|0.503|0.803	0.000	0.000	0.000	0.000	0.000	-15.840	0.609	0.957	
EIF4A2	FLII	FLII	0.521|0.528|0.544	1.593	0.531	3	0.603|0.719|0.564	0.000	0.000	0.000	0.000	0.000	-15.840	0.849	0.959	
EIF4A2	FL0	FL0	4.030|3.821|3.839	11.690	3.897	3	4.002|3.759|3.761	0.000	0.000	0.000	0.000	0.000	-15.840	1.015	0.930	
EIF4A2	FLNB	FLNB	2.579|0.679|0.825	4.083	1.361	3	0.895|0.833|0.884	0.011	0.034	0.011	0.034	0.011	-15.840	1.563	0.767	
EIF4A2	FMR1	FMR1	1.036|1.030|1.198	3.264	1.088	3	0.559|0.354|0.474	0.893	0.999	0.893	0.999	0.893	1.549	2.395	0.005	
EIF4A2	FOCAD	FOCAD	1.207|1.177|1.293	3.677	1.226	3	0.462|0.520|0.437	0.034	0.034	0.034	0.034	0.034	-3.340	2.599	0.415	
EIF4A2	FRA10AC1	FRA10AC1	0.467|0.502|0.537	1.506	0.502	3	0.612|0.533|0.541	0.000	0.000	0.000	0.000	0.000	-15.840	0.895	0.962	
EIF4A2	FRG1	FRG1	4.466|4.178|4.480	13.123	4.374	3	4.716|5.245|5.255	0.000	0.000	0.000	0.000	0.000	-15.840	0.864	0.942	
EIF4A2	FUBP1	FUBP1	0.602|0.643|0.675	1.919	0.640	3	0.465|0.435|0.386	0.024	0.034	0.024	0.034	0.024	-6.011	1.497	0.670	
EIF4A2	FUS	FUS	17.244|18.381|19.028	54.653	18.218	3	20.974|21.851|21.653	0.000	0.000	0.000	0.000	0.000	-15.840	0.848	0.942	
EIF4A2	FXR1	FXR1	2.214|2.230|2.353	6.797	2.266	3	0.783|0.807|0.777	0.034	0.034	0.034	0.034	0.034	-3.340	2.872	0.425	
EIF4A2	FXR2	FXR2	1.101|1.072|1.099	3.271	1.090	3	0.461|0.386|0.523	0.696	0.764	0.696	0.764	0.696	0.293	2.407	0.037	
EIF4A2	G3BP1	G3BP1	2.507|2.842|3.451	8.799	2.933	3	2.935|2.879|2.961	0.000	0.000	0.000	0.000	0.000	-15.840	1.003	0.876	
EIF4A2	G3BP2	G3BP2	0.859|0.909|1.059	2.828	0.943	3	0.267|1.296|0.266	0.038	0.050	0.038	0.050	0.038	-3.465	2.086	0.348	
EIF4A2	GADD45GIP1	GADD45GIP1	0.497|0.573|0.584	1.655	0.552	3	0.476|0.623|0.588	0.000	0.000	0.000	0.000	0.000	-15.840	0.987	0.936	
EIF4A2	GA0B	GA0B	1.054|1.177|1.229	3.460	1.153	3	1.537|1.505|1.463	0.000	0.000	0.000	0.000	0.000	-15.840	0.768	0.962	
EIF4A2	GAPDH	GAPDH	1.704|1.984|1.895	5.583	1.861	3	2.311|2.579|2.617	0.000	0.000	0.000	0.000	0.000	-15.840	0.745	0.942	
EIF4A2	GAPVD1	GAPVD1	0.587|0.543|0.658	1.788	0.596	3	0.824|0.841|0.864	0.000	0.000	0.000	0.000	0.000	-15.840	0.707	0.942	
EIF4A2	GAR1	GAR1	1.010|0.971|1.028	3.009	1.003	3	1.141|1.145|0.969	0.000	0.000	0.000	0.000	0.000	-15.840	0.927	0.957	
EIF4A2	GART	GART	1.179|1.105|1.185	3.470	1.157	3	1.532|1.622|1.520	0.000	0.000	0.000	0.000	0.000	-15.840	0.742	0.962	
EIF4A2	GATAD2B	GATAD2B	0.282|0.314|0.339	0.936	0.312	3	0.309|0.271|0.291	0.000	0.000	0.000	0.000	0.000	-15.840	1.075	0.881	
EIF4A2	GBF1	GBF1	0.300|0.368|0.384	1.052	0.351	3	0.495|0.502|0.534	0.000	0.000	0.000	0.000	0.000	-15.840	0.687	0.942	
EIF4A2	GCN1	GCN1	1.438|1.465|1.281	4.184	1.395	3	1.680|1.822|1.505	0.000	0.000	0.000	0.000	0.000	-15.840	0.838	0.956	
EIF4A2	GEMIN5	GEMIN5	0.333|0.640|0.519	1.492	0.497	3	1.307|0.635|0.568	0.000	0.000	0.000	0.000	0.000	-15.840	0.639	0.892	
EIF4A2	GET4	GET4	0.334|0.379|0.478	1.191	0.397	3	0.408|0.417|0.477	0.000	0.000	0.000	0.000	0.000	-15.840	0.917	0.921	
EIF4A2	GIGYF2	GIGYF2	0.609|0.635|0.595	1.839	0.613	3	0.566|0.616|0.561	0.000	0.000	0.000	0.000	0.000	-15.743	1.056	0.916	
EIF4A2	GLO1	GLO1	0.897|0.897|0.963	2.757	0.919	3	0.863|0.995|1.062	0.000	0.000	0.000	0.000	0.000	-15.840	0.948	0.961	
EIF4A2	GLUD1	GLUD1	1.334|1.378|1.446	4.159	1.386	3	1.442|1.411|1.444	0.000	0.000	0.000	0.000	0.000	-15.840	0.968	0.939	
EIF4A2	G0I3	G0I3	1.129|1.091|1.081	3.301	1.100	3	1.252|1.333|1.297	0.000	0.000	0.000	0.000	0.000	-15.840	0.850	0.942	
EIF4A2	GNB1	GNB1	0.633|0.750|0.696	2.079	0.693	3	0.823|0.790|0.992	0.000	0.000	0.000	0.000	0.000	-15.840	0.802	0.957	
EIF4A2	GNG5	GNG5	0.295|0.197|0.184	0.676	0.225	3	0.291|0.363|0.279	0.000	0.000	0.000	0.000	0.000	-15.840	0.729	0.957	
EIF4A2	GNL3	GNL3	0.393|0.325|0.339	1.058	0.353	3	0.298|0.315|0.237	0.000	0.000	0.000	0.000	0.000	-15.154	1.253	0.888	
EIF4A2	GNL3L	GNL3L	1.779|1.827|1.779	5.386	1.795	3	1.466|1.069|1.633	0.000	0.000	0.000	0.000	0.000	-14.769	1.313	0.909	
EIF4A2	GPATCH1	GPATCH1	1.089|1.322|1.373	3.784	1.261	3	1.721|1.781|1.970	0.000	0.000	0.000	0.000	0.000	-15.840	0.693	0.941	
EIF4A2	GPATCH4	GPATCH4	0.686|0.524|0.828	2.037	0.679	3	0.737|0.642|0.742	0.000	0.000	0.000	0.000	0.000	-15.840	0.963	0.899	
EIF4A2	GPATCH8	GPATCH8	0.306|0.591|0.806	1.703	0.568	3	0.698|0.713|0.870	0.000	0.000	0.000	0.000	0.000	-15.840	0.750	0.933	
EIF4A2	GPBP1	GPBP1	0.475|0.495|0.482	1.452	0.484	3	0.534|0.513|0.612	0.000	0.000	0.000	0.000	0.000	-15.840	0.878	0.959	
EIF4A2	GPHN	GPHN	0.622|0.561|0.611	1.794	0.598	3	0.728|0.722|0.851	0.000	0.000	0.000	0.000	0.000	-15.840	0.782	0.960	
EIF4A2	GPN1	GPN1	0.299|0.300|0.592	1.191	0.397	3	0.416|0.506|0.495	0.000	0.000	0.000	0.000	0.000	-15.840	0.844	0.891	
EIF4A2	GPS1	GPS1	0.897|0.784|0.890	2.571	0.857	3	0.988|1.035|1.011	0.000	0.000	0.000	0.000	0.000	-15.840	0.848	0.942	
EIF4A2	GPX1	GPX1	0.777|0.853|0.914	2.544	0.848	3	1.109|0.993|0.905	0.000	0.000	0.000	0.000	0.000	-15.840	0.849	0.957	
EIF4A2	GPX4	GPX4	0.187|0.221|0.287	0.695	0.232	3	0.395|0.489|0.393	0.000	0.000	0.000	0.000	0.000	-15.840	0.548	0.962	
EIF4A2	GSPT2	GSPT2	0.332|0.429|0.518	1.278	0.426	3	0.554|0.521|0.626	0.000	0.000	0.000	0.000	0.000	-15.840	0.754	0.960	
EIF4A2	GTF2B	GTF2B	0.553|0.577|0.674	1.804	0.601	3	0.825|0.808|0.640	0.000	0.000	0.000	0.000	0.000	-15.840	0.799	0.960	
EIF4A2	GTF2F1	GTF2F1	1.911|1.651|1.672	5.234	1.745	3	1.745|1.547|1.399	0.000	0.000	0.000	0.000	0.000	-15.631	1.120	0.902	
EIF4A2	GTF2F2	GTF2F2	0.474|0.437|0.466	1.377	0.459	3	0.747|0.683|0.637	0.000	0.000	0.000	0.000	0.000	-15.840	0.667	0.959	
EIF4A2	GTF2I	GTF2I	9.719|12.152|12.183	34.054	11.351	3	11.369|11.328|11.354	0.000	0.000	0.000	0.000	0.000	-15.840	1.000	0.919	
EIF4A2	GTSE1	GTSE1	0.477|0.545|0.542	1.565	0.522	3	0.369|0.519|0.701	0.000	0.000	0.000	0.000	0.000	-15.840	1.018	0.937	
EIF4A2	H1-10	H1-10	0.866|1.187|1.190	3.244	1.081	3	0.716|0.776|0.775	0.023	0.034	0.023	0.034	0.023	-12.692	1.432	0.695	
EIF4A2	H1-2	H1-2	1.485|1.332|0.274	3.091	1.030	3	1.280|0.578|1.379	0.001	0.002	0.001	0.002	0.001	-15.840	1.024	0.809	
EIF4A2	H1-4	H1-4	5.537|5.561|6.030	17.127	5.709	3	4.837|4.905|4.838	0.000	0.000	0.000	0.000	0.000	-12.968	1.175	0.835	
EIF4A2	H2AZ1	H2AZ1	2.447|2.200|2.391	7.038	2.346	3	2.479|2.453|2.457	0.000	0.000	0.000	0.000	0.000	-15.840	0.952	0.942	
EIF4A2	H2BC12	H2BC12	2.002|2.091|2.133	6.227	2.076	3	2.229|2.325|2.510	0.000	0.000	0.000	0.000	0.000	-15.840	0.882	0.942	
EIF4A2	H4C1	H4C1	2.131|1.916|2.170	6.218	2.073	3	3.140|3.137|2.768	0.000	0.000	0.000	0.000	0.000	-15.840	0.689	0.962	
EIF4A2	HABP4	HABP4	0.258|0.234|0.319	0.811	0.270	3	0.280|0.273|.	0.000	0.000	0.000	0.000	0.000	-15.840	0.978	0.920	
EIF4A2	HACD3	HACD3	1.218|1.149|1.265	3.632	1.211	3	1.279|1.294|1.303	0.000	0.000	0.000	0.000	0.000	-15.840	0.937	0.942	
EIF4A2	HADHA	HADHA	0.829|0.895|0.865	2.590	0.863	3	0.968|1.000|1.005	0.000	0.000	0.000	0.000	0.000	-15.840	0.871	0.942	
EIF4A2	HADHB	HADHB	0.854|1.002|0.844	2.700	0.900	3	0.876|1.523|1.068	0.000	0.000	0.000	0.000	0.000	-15.840	0.800	0.956	
EIF4A2	HAUS3	HAUS3	0.459|0.399|0.395	1.253	0.418	3	0.503|0.412|0.520	0.000	0.000	0.000	0.000	0.000	-15.840	0.877	0.960	
EIF4A2	HAX1	HAX1	0.436|0.387|0.402	1.225	0.408	3	0.461|0.491|0.461	0.000	0.000	0.000	0.000	0.000	-15.840	0.868	0.942	
EIF4A2	HBA1	HBA1	0.458|0.362|0.443	1.262	0.421	3	0.859|0.894|0.892	0.000	0.000	0.000	0.000	0.000	-15.840	0.478	0.942	
EIF4A2	HBD	HBD	0.925|0.864|0.829	2.618	0.873	3	1.002|1.063|1.072	0.000	0.000	0.000	0.000	0.000	-15.840	0.835	0.942	
EIF4A2	HCFC1	HCFC1	0.561|0.514|0.525	1.601	0.534	3	0.566|0.683|0.579	0.000	0.000	0.000	0.000	0.000	-15.840	0.879	0.961	
EIF4A2	HDAC1	HDAC1	1.368|1.226|1.330	3.923	1.308	3	1.569|1.508|1.668	0.000	0.000	0.000	0.000	0.000	-15.840	0.828	0.962	
EIF4A2	HDAC2	HDAC2	0.575|0.514|0.613	1.701	0.567	3	0.579|0.612|0.567	0.000	0.000	0.000	0.000	0.000	-15.840	0.968	0.931	
EIF4A2	HDGFL2	HDGFL2	0.345|0.436|0.502	1.284	0.428	3	0.697|0.678|0.671	0.000	0.000	0.000	0.000	0.000	-15.840	0.627	0.942	
EIF4A2	HECTD1	HECTD1	0.582|0.559|0.627	1.768	0.589	3	0.706|0.739|0.672	0.000	0.000	0.000	0.000	0.000	-15.840	0.836	0.942	
EIF4A2	HEXIM1	HEXIM1	0.375|0.401|0.472	1.248	0.416	3	0.439|0.497|0.467	0.000	0.000	0.000	0.000	0.000	-15.840	0.891	0.938	
EIF4A2	HM13	HM13	0.346|0.372|0.490	1.209	0.403	3	0.543|0.638|0.658	0.000	0.000	0.000	0.000	0.000	-15.840	0.660	0.957	
EIF4A2	HMGA1	HMGA1	1.690|2.237|2.404	6.332	2.111	3	1.752|2.484|3.307	0.000	0.000	0.000	0.000	0.000	-15.840	0.868	0.957	
EIF4A2	HMGB1	HMGB1	3.310|3.278|3.776	10.365	3.455	3	4.146|4.061|4.149	0.000	0.000	0.000	0.000	0.000	-15.840	0.839	0.942	
EIF4A2	HMGB2	HMGB2	3.053|4.010|2.942	10.006	3.335	3	4.406|4.714|5.162	0.000	0.000	0.000	0.000	0.000	-15.840	0.702	0.941	
EIF4A2	HMGB3	HMGB3	1.286|1.335|1.731	4.353	1.451	3	1.975|2.271|1.420	0.000	0.000	0.000	0.000	0.000	-15.840	0.783	0.962	
EIF4A2	HMGN1	HMGN1	0.606|0.406|0.183	1.195	0.398	3	0.503|1.115|0.319	0.001	0.001	0.001	0.001	0.001	-15.104	0.707	0.818	
EIF4A2	HMGN2	HMGN2	3.081|2.673|2.488	8.241	2.747	3	2.547|2.478|2.856	0.000	0.000	0.000	0.000	0.000	-15.840	1.048	0.891	
EIF4A2	HMGN4	HMGN4	0.539|0.543|0.484	1.565	0.522	3	0.567|0.374|0.447	0.000	0.000	0.000	0.000	0.000	-15.781	1.143	0.924	
EIF4A2	HNRNPA0	HNRNPA0	2.740|2.706|3.072	8.519	2.840	3	2.473|2.404|2.323	0.001	0.004	0.001	0.004	0.001	-13.396	1.183	0.807	
EIF4A2	HNRNPA1	HNRNPA1	3.744|3.851|4.370	11.965	3.988	3	3.341|3.213|3.475	0.008	0.024	0.008	0.024	0.008	-13.662	1.194	0.776	
EIF4A2	HNRNPA1L3	HNRNPA1L3	0.599|0.569|0.610	1.778	0.593	3	0.440|0.468|0.300	0.000	0.000	0.000	0.000	0.000	-14.127	1.498	0.889	
EIF4A2	HNRNPA2B1	HNRNPA2B1	1.902|1.794|1.832	5.528	1.843	3	1.244|1.117|1.093	0.034	0.034	0.034	0.034	0.034	-3.340	1.603	0.425	
EIF4A2	HNRNPA3	HNRNPA3	1.017|1.063|1.045	3.125	1.042	3	0.629|0.559|0.687	0.034	0.034	0.034	0.034	0.034	-3.340	1.673	0.614	
EIF4A2	HNRNPAB	HNRNPAB	0.511|0.530|0.491	1.532	0.511	3	0.330|0.344|0.323	0.034	0.034	0.034	0.034	0.034	-3.340	1.538	0.425	
EIF4A2	HNRNPC	HNRNPC	0.749|0.703|0.912	2.364	0.788	3	0.377|0.281|0.336	0.389	0.989	0.389	0.989	0.389	-3.340	2.392	0.079	
EIF4A2	HNRNPD	HNRNPD	0.933|1.045|1.082	3.060	1.020	3	1.004|1.036|0.929	0.000	0.000	0.000	0.000	0.000	-15.840	1.032	0.915	
EIF4A2	HNRNPF	HNRNPF	0.732|0.537|1.721	2.990	0.997	3	0.602|0.610|0.575	0.011	0.034	0.011	0.034	0.011	-15.840	1.674	0.748	
EIF4A2	HNRNPH1	HNRNPH1	1.265|1.529|1.473	4.267	1.422	3	1.472|1.333|1.519	0.000	0.000	0.000	0.000	0.000	-15.840	0.988	0.927	
EIF4A2	HNRNPK	HNRNPK	2.738|3.516|3.437	9.691	3.230	3	3.718|3.804|3.632	0.000	0.000	0.000	0.000	0.000	-15.840	0.869	0.942	
EIF4A2	HNRNPL	HNRNPL	0.350|0.404|0.442	1.196	0.399	3	0.101|0.130|0.105	1.000	1.000	1.000	1.000	1.000	6.795	3.578	0.000	
EIF4A2	HNRNPM	HNRNPM	3.185|3.398|3.639	10.222	3.407	3	3.464|3.072|3.305	0.000	0.000	0.000	0.000	0.000	-15.840	1.040	0.911	
EIF4A2	HNRNPR	HNRNPR	2.432|2.811|2.998	8.242	2.747	3	3.372|1.671|3.618	0.000	0.000	0.000	0.000	0.000	-12.612	1.006	0.855	
EIF4A2	HNRNPU	HNRNPU	2.313|2.507|2.538	7.357	2.452	3	2.295|2.211|2.383	0.000	0.000	0.000	0.000	0.000	-15.830	1.068	0.908	
EIF4A2	HNRNPUL1	HNRNPUL1	0.737|0.949|0.513	2.200	0.733	3	0.840|0.465|0.774	0.000	0.000	0.000	0.000	0.000	-15.840	1.092	0.864	
EIF4A2	HOMER2	HOMER2	0.284|0.302|0.419	1.005	0.335	3	0.249|0.334|0.474	0.000	0.000	0.000	0.000	0.000	-15.840	0.984	0.901	
EIF4A2	HOOK1	HOOK1	0.224|0.277|0.250	0.751	0.250	3	0.295|0.367|0.296	0.000	0.000	0.000	0.000	0.000	-15.840	0.789	0.957	
EIF4A2	HP	HP	0.737|.|1.084	2.106	0.702	3	0.766|0.633|0.886	0.000	0.000	0.000	0.000	0.000	-15.840	0.930	0.892	
EIF4A2	HPX	HPX	0.965|1.043|1.053	3.062	1.021	3	1.009|1.036|1.014	0.000	0.000	0.000	0.000	0.000	-15.840	1.001	0.932	
EIF4A2	HSD17B10	HSD17B10	1.022|1.177|1.282	3.481	1.160	3	1.174|1.234|1.232	0.000	0.000	0.000	0.000	0.000	-15.840	0.956	0.929	
EIF4A2	HSD17B12	HSD17B12	1.122|1.199|1.187	3.508	1.169	3	1.308|1.362|1.270	0.000	0.000	0.000	0.000	0.000	-15.840	0.891	0.942	
EIF4A2	HSD17B4	HSD17B4	0.573|0.720|0.678	1.971	0.657	3	0.910|0.851|1.029	0.000	0.000	0.000	0.000	0.000	-15.840	0.709	0.959	
EIF4A2	HSP90AA1	HSP90AA1	10.729|10.630|11.037	32.396	10.799	3	17.201|16.519|16.858	0.000	0.000	0.000	0.000	0.000	-15.840	0.641	0.942	
EIF4A2	HSP90AA4P	HSP90AA4P	2.446|0.289|.	3.021	1.007	3	2.008|0.696|0.528	0.037	0.112	0.037	0.112	0.037	-13.082	1.114	0.353	
EIF4A2	HSP90AB1	HSP90AB1	9.161|9.335|9.862	28.358	9.453	3	13.362|13.591|12.545	0.000	0.000	0.000	0.000	0.000	-15.840	0.718	0.942	
EIF4A2	HSP90AB4P	HSP90AB4P	0.632|0.647|0.674	1.954	0.651	3	1.050|0.989|1.093	0.000	0.000	0.000	0.000	0.000	-15.840	0.624	0.942	
EIF4A2	HSP90B1	HSP90B1	4.471|4.371|4.921	13.764	4.588	3	6.460|6.912|6.265	0.000	0.000	0.000	0.000	0.000	-15.840	0.702	0.942	
EIF4A2	HSPA1A	HSPA1A	13.087|13.418|12.884	39.389	13.130	3	18.616|18.921|18.341	0.000	0.000	0.000	0.000	0.000	-15.840	0.705	0.942	
EIF4A2	HSPA1L	HSPA1L	4.468|4.567|4.499	13.533	4.511	3	.|0.190|0.163	1.000	1.000	1.000	1.000	1.000	9.904	25.625	0.000	
EIF4A2	HSPA4	HSPA4	0.841|0.899|0.959	2.700	0.900	3	1.552|1.624|1.535	0.000	0.000	0.000	0.000	0.000	-15.840	0.573	0.942	
EIF4A2	HSPA4L	HSPA4L	0.156|0.258|0.236	0.650	0.217	3	0.381|0.404|0.411	0.000	0.000	0.000	0.000	0.000	-15.840	0.544	0.942	
EIF4A2	HSPA5	HSPA5	2.512|2.534|2.740	7.786	2.595	3	3.914|4.171|4.409	0.000	0.000	0.000	0.000	0.000	-15.840	0.624	0.942	
EIF4A2	HSPA8	HSPA8	13.334|12.548|12.548	38.430	12.810	3	19.932|20.122|21.329	0.000	0.000	0.000	0.000	0.000	-15.840	0.626	0.942	
EIF4A2	HSPA9	HSPA9	1.507|1.565|1.693	4.765	1.588	3	2.578|2.422|2.428	0.000	0.000	0.000	0.000	0.000	-15.840	0.642	0.942	
EIF4A2	HSPBP1	HSPBP1	0.573|0.510|0.587	1.670	0.557	3	0.810|0.844|0.834	0.000	0.000	0.000	0.000	0.000	-15.840	0.671	0.942	
EIF4A2	HSPD1	HSPD1	2.004|1.814|2.017	5.835	1.945	3	2.565|2.641|2.674	0.000	0.000	0.000	0.000	0.000	-15.840	0.740	0.942	
EIF4A2	HSPH1	HSPH1	0.633|0.679|0.750	2.062	0.687	3	1.092|1.097|1.083	0.000	0.000	0.000	0.000	0.000	-15.840	0.630	0.942	
EIF4A2	HTATSF1	HTATSF1	0.709|0.708|0.739	2.157	0.719	3	0.814|0.781|0.780	0.000	0.000	0.000	0.000	0.000	-15.840	0.908	0.942	
EIF4A2	HUWE1	HUWE1	1.183|2.318|2.355	5.856	1.952	3	1.120|1.122|1.168	0.023	0.034	0.023	0.034	0.023	-15.566	1.717	0.700	
EIF4A2	IARS1	IARS1	0.608|0.625|0.597	1.829	0.610	3	0.484|0.502|0.477	0.002	0.004	0.002	0.004	0.002	-8.933	1.251	0.804	
EIF4A2	IBA57	IBA57	0.785|1.842|2.116	4.744	1.581	3	1.307|1.162|0.733	0.019	0.053	0.019	0.053	0.019	-15.840	1.525	0.714	
EIF4A2	IBTK	IBTK	1.187|1.167|1.175	3.529	1.176	3	0.265|0.381|0.636	0.690	0.711	0.690	0.711	0.690	0.714	2.940	0.040	
EIF4A2	IFRD1	IFRD1	0.517|0.579|0.480	1.576	0.525	3	0.343|0.289|0.334	0.034	0.034	0.034	0.034	0.034	-3.340	1.636	0.415	
EIF4A2	IGF2BP1	IGF2BP1	0.667|1.220|0.585	2.472	0.824	3	0.372|0.374|0.375	0.323	0.900	0.323	0.900	0.323	-3.340	2.205	0.164	
EIF4A2	IGF2BP3	IGF2BP3	0.470|0.608|0.688	1.766	0.589	3	0.117|0.076|.	1.000	1.000	1.000	1.000	1.000	9.713	6.245	0.000	
EIF4A2	IGHG2	IGHG2	5.921|5.482|6.435	17.838	5.946	3	5.963|6.031|6.271	0.000	0.000	0.000	0.000	0.000	-15.840	0.977	0.928	
EIF4A2	IGKV2-30	IGKV2-30	3.064|3.101|2.681	8.847	2.949	3	2.807|6.910|2.496	0.000	0.000	0.000	0.000	0.000	-10.270	0.809	0.839	
EIF4A2	IGKV2D-29	IGKV2D-29	136.146|145.031|155.568	436.745	145.582	3	143.255|143.485|141.668	0.000	0.000	0.000	0.000	0.000	-15.840	1.019	0.919	
EIF4A2	IKBKB	IKBKB	0.307|0.332|0.451	1.089	0.363	3	0.390|0.324|0.382	0.000	0.000	0.000	0.000	0.000	-15.840	0.998	0.892	
EIF4A2	IKBKG	IKBKG	0.498|0.523|0.486	1.507	0.502	3	0.646|0.610|0.663	0.000	0.000	0.000	0.000	0.000	-15.840	0.785	0.942	
EIF4A2	ILF2	ILF2	1.110|1.170|1.338	3.618	1.206	3	1.015|0.945|0.876	0.011	0.034	0.011	0.034	0.011	-12.187	1.278	0.750	
EIF4A2	ILF3	ILF3	0.854|0.954|0.987	2.794	0.931	3	0.889|0.927|0.854	0.000	0.000	0.000	0.000	0.000	-15.840	1.047	0.910	
EIF4A2	ILVBL	ILVBL	0.497|0.553|0.514	1.565	0.522	3	0.634|0.648|0.579	0.000	0.000	0.000	0.000	0.000	-15.840	0.842	0.942	
EIF4A2	IMPDH2	IMPDH2	0.464|0.516|0.541	1.521	0.507	3	0.867|0.891|0.900	0.000	0.000	0.000	0.000	0.000	-15.840	0.572	0.942	
EIF4A2	I0	I0	0.482|1.361|1.201	3.044	1.015	3	1.057|1.067|1.003	0.008	0.023	0.008	0.023	0.008	-15.840	0.974	0.779	
EIF4A2	IPO5	IPO5	0.412|1.063|1.371	2.847	0.949	3	0.600|1.044|1.003	0.000	0.000	0.000	0.000	0.000	-15.840	1.108	0.836	
EIF4A2	IPO7	IPO7	1.941|2.022|0.584	4.546	1.515	3	0.734|2.092|1.970	0.002	0.004	0.002	0.004	0.002	-14.749	1.048	0.798	
EIF4A2	IPO8	IPO8	0.589|0.602|0.689	1.880	0.627	3	0.509|0.553|0.553	0.001	0.004	0.001	0.004	0.001	-14.452	1.165	0.806	
EIF4A2	IPO9	IPO9	0.310|0.372|0.290	0.971	0.324	3	0.337|0.314|0.272	0.000	0.000	0.000	0.000	0.000	-15.840	1.057	0.905	
EIF4A2	IQGAP1	IQGAP1	0.471|0.505|0.596	1.572	0.524	3	0.910|0.863|0.891	0.000	0.000	0.000	0.000	0.000	-15.840	0.590	0.942	
EIF4A2	IRAK1	IRAK1	0.311|0.344|0.257	0.913	0.304	3	0.406|0.327|0.316	0.000	0.000	0.000	0.000	0.000	-15.840	0.875	0.959	
EIF4A2	IRS4	IRS4	1.217|1.455|1.560	4.231	1.410	3	1.268|1.216|1.247	0.000	0.001	0.000	0.001	0.000	-15.840	1.134	0.825	
EIF4A2	ITGB1	ITGB1	0.165|0.155|.	0.605	0.202	3	0.239|0.174|0.265	0.000	0.000	0.000	0.000	0.000	-15.840	0.905	0.962	
EIF4A2	IVNS1ABP	IVNS1ABP	3.744|3.858|3.810	11.413	3.804	3	4.089|3.958|4.044	0.000	0.000	0.000	0.000	0.000	-15.840	0.944	0.942	
EIF4A2	JPT2	JPT2	0.380|0.517|0.463	1.359	0.453	3	0.573|0.666|0.578	0.000	0.000	0.000	0.000	0.000	-15.840	0.750	0.957	
EIF4A2	KARS1	KARS1	0.466|0.503|0.459	1.428	0.476	3	0.477|0.655|0.504	0.000	0.000	0.000	0.000	0.000	-15.840	0.882	0.957	
EIF4A2	KDELR2	KDELR2	0.111|0.181|0.149	0.441	0.147	3	0.182|0.171|0.110	0.000	0.000	0.000	0.000	0.000	-15.840	0.976	0.932	
EIF4A2	KDM1A	KDM1A	0.376|0.366|0.388	1.131	0.377	3	0.420|0.385|0.510	0.000	0.000	0.000	0.000	0.000	-15.840	0.865	0.959	
EIF4A2	KHDRBS1	KHDRBS1	2.954|3.233|3.060	9.247	3.082	3	3.359|3.572|4.485	0.000	0.000	0.000	0.000	0.000	-15.840	0.816	0.941	
EIF4A2	KHDRBS3	KHDRBS3	1.479|1.439|1.598	4.516	1.505	3	1.170|1.157|1.210	0.012	0.034	0.012	0.034	0.012	-9.126	1.277	0.737	
EIF4A2	KHSRP	KHSRP	0.735|0.685|0.596	2.016	0.672	3	0.982|1.026|1.022	0.000	0.000	0.000	0.000	0.000	-15.840	0.665	0.942	
EIF4A2	KIF11	KIF11	1.881|1.795|2.056	5.733	1.911	3	2.072|2.114|2.020	0.000	0.000	0.000	0.000	0.000	-15.840	0.924	0.942	
EIF4A2	KIF5B	KIF5B	2.595|1.219|1.510	5.323	1.774	3	1.601|1.776|1.631	0.011	0.034	0.011	0.034	0.011	-15.840	1.064	0.767	
EIF4A2	KIN	KIN	0.524|0.404|0.680	1.608	0.536	3	0.499|0.499|0.497	0.011	0.034	0.011	0.034	0.011	-15.840	1.076	0.761	
EIF4A2	KLC1	KLC1	0.621|0.767|0.699	2.088	0.696	3	0.841|0.978|0.940	0.000	0.000	0.000	0.000	0.000	-15.840	0.759	0.956	
EIF4A2	KLC2	KLC2	0.522|0.573|0.617	1.713	0.571	3	0.756|0.749|0.852	0.000	0.000	0.000	0.000	0.000	-15.840	0.728	0.956	
EIF4A2	KLC4	KLC4	0.413|0.442|0.415	1.270	0.423	3	0.488|0.458|0.537	0.000	0.000	0.000	0.000	0.000	-15.840	0.858	0.961	
EIF4A2	KNOP1	KNOP1	0.450|0.381|0.367	1.199	0.400	3	0.321|0.386|0.388	0.000	0.000	0.000	0.000	0.000	-15.832	1.099	0.896	
EIF4A2	KP02	KP02	1.034|1.063|1.187	3.285	1.095	3	1.195|1.471|1.472	0.000	0.000	0.000	0.000	0.000	-15.840	0.797	0.957	
EIF4A2	KP03	KP03	0.283|0.312|0.351	0.946	0.315	3	0.321|0.510|0.390	0.000	0.000	0.000	0.000	0.000	-15.840	0.790	0.960	
EIF4A2	KP04	KP04	0.114|0.221|0.219	0.554	0.185	3	0.273|0.300|0.250	0.000	0.000	0.000	0.000	0.000	-15.840	0.675	0.957	
EIF4A2	KP06	KP06	0.351|0.479|0.380	1.210	0.403	3	0.628|0.456|0.440	0.000	0.000	0.000	0.000	0.000	-15.840	0.804	0.957	
EIF4A2	KPNB1	KPNB1	1.967|2.039|2.392	6.398	2.133	3	2.623|2.499|2.513	0.000	0.000	0.000	0.000	0.000	-15.840	0.838	0.942	
EIF4A2	KRR1	KRR1	0.391|0.488|0.431	1.309	0.436	3	0.541|0.516|0.446	0.000	0.000	0.000	0.000	0.000	-15.840	0.874	0.961	
EIF4A2	KRT1	KRT1	4.705|4.876|4.748	14.330	4.777	3	5.336|5.644|5.432	0.000	0.000	0.000	0.000	0.000	-15.840	0.873	0.942	
EIF4A2	KRT10	KRT10	2.429|2.627|2.674	7.731	2.577	3	3.497|3.896|3.961	0.000	0.000	0.000	0.000	0.000	-15.840	0.682	0.962	
EIF4A2	KRT14	KRT14	0.328|0.124|0.273	0.725	0.242	3	0.650|0.616|0.203	0.000	0.000	0.000	0.000	0.000	-15.434	0.558	0.834	
EIF4A2	KRT18	KRT18	0.904|0.842|0.946	2.692	0.897	3	1.163|1.122|1.030	0.000	0.000	0.000	0.000	0.000	-15.840	0.813	0.942	
EIF4A2	KRT19	KRT19	1.059|1.384|3.627	6.069	2.023	3	1.546|1.386|3.625	0.006	0.018	0.006	0.018	0.006	-14.303	1.022	0.784	
EIF4A2	KRT2	KRT2	0.881|0.948|1.039	2.868	0.956	3	1.396|1.499|1.477	0.000	0.000	0.000	0.000	0.000	-15.840	0.656	0.942	
EIF4A2	KRT5	KRT5	0.311|0.397|0.215	0.923	0.308	3	0.712|0.615|0.601	0.000	0.000	0.000	0.000	0.000	-15.840	0.480	0.956	
EIF4A2	KRT6A	KRT6A	0.176|.|.	0.746	0.249	3	0.341|0.287|0.237	0.000	0.000	0.000	0.000	0.000	-15.840	0.872	0.963	
EIF4A2	KRT8	KRT8	1.489|1.395|2.457	5.341	1.780	3	2.150|2.204|2.042	0.000	0.000	0.000	0.000	0.000	-15.840	0.836	0.892	
EIF4A2	KRT9	KRT9	2.585|2.665|2.604	7.854	2.618	3	3.440|3.773|3.616	0.000	0.000	0.000	0.000	0.000	-15.840	0.726	0.942	
EIF4A2	LAMP1	LAMP1	0.107|.|.	0.678	0.226	3	.|0.145|0.185	0.000	0.000	0.000	0.000	0.000	-15.840	1.376	0.963	
EIF4A2	LARP1	LARP1	1.068|1.117|1.156	3.341	1.114	3	0.744|0.748|0.710	0.034	0.034	0.034	0.034	0.034	-3.340	1.518	0.425	
EIF4A2	LARP1B	LARP1B	0.221|0.184|0.200	0.604	0.201	3	0.236|0.192|0.317	0.000	0.000	0.000	0.000	0.000	-15.840	0.828	0.962	
EIF4A2	LARP7	LARP7	0.652|0.566|0.663	1.880	0.627	3	0.782|0.844|0.828	0.000	0.000	0.000	0.000	0.000	-15.840	0.767	0.942	
EIF4A2	LARS1	LARS1	0.545|0.361|0.766	1.673	0.558	3	0.519|0.507|0.332	0.000	0.000	0.000	0.000	0.000	-15.840	1.257	0.837	
EIF4A2	LBR	LBR	1.542|1.688|1.610	4.839	1.613	3	1.727|1.853|1.704	0.000	0.000	0.000	0.000	0.000	-15.840	0.916	0.942	
EIF4A2	LDHA	LDHA	0.717|0.804|0.762	2.283	0.761	3	0.732|0.918|0.856	0.000	0.000	0.000	0.000	0.000	-15.840	0.916	0.962	
EIF4A2	LDHB	LDHB	0.996|1.024|0.979	2.998	0.999	3	1.260|1.143|1.232	0.000	0.000	0.000	0.000	0.000	-15.840	0.826	0.942	
EIF4A2	LIMA1	LIMA1	0.648|0.696|0.699	2.042	0.681	3	0.515|0.768|0.680	0.000	0.000	0.000	0.000	0.000	-15.839	1.054	0.933	
EIF4A2	LIMD2	LIMD2	0.174|0.177|0.261	0.612	0.204	3	0.180|0.291|.	0.000	0.000	0.000	0.000	0.000	-15.840	0.892	0.924	
EIF4A2	LLGL1	LLGL1	0.241|0.135|0.139	0.515	0.172	3	0.417|0.153|0.349	0.000	0.000	0.000	0.000	0.000	-15.076	0.611	0.854	
EIF4A2	LMAN1	LMAN1	0.408|0.455|0.536	1.399	0.466	3	0.495|0.504|0.568	0.000	0.000	0.000	0.000	0.000	-15.840	0.894	0.935	
EIF4A2	LONP1	LONP1	0.756|0.754|0.724	2.235	0.745	3	1.015|0.960|0.957	0.000	0.000	0.000	0.000	0.000	-15.840	0.763	0.942	
EIF4A2	LRBA	LRBA	0.381|0.360|0.406	1.147	0.382	3	0.509|0.556|0.481	0.000	0.000	0.000	0.000	0.000	-15.840	0.743	0.960	
EIF4A2	LRCH2	LRCH2	0.336|0.240|0.276	0.852	0.284	3	0.394|0.317|0.343	0.000	0.000	0.000	0.000	0.000	-15.840	0.811	0.961	
EIF4A2	LRPAP1	LRPAP1	0.531|0.723|0.598	1.852	0.617	3	0.807|0.654|0.844	0.000	0.000	0.000	0.000	0.000	-15.840	0.808	0.957	
EIF4A2	LRPPRC	LRPPRC	1.298|1.156|1.136	3.591	1.197	3	1.359|1.410|1.395	0.000	0.000	0.000	0.000	0.000	-15.840	0.862	0.942	
EIF4A2	LRRC47	LRRC47	0.878|0.838|0.908	2.625	0.875	3	1.048|1.125|1.005	0.000	0.000	0.000	0.000	0.000	-15.840	0.827	0.942	
EIF4A2	LRRC59	LRRC59	2.490|2.370|2.595	7.455	2.485	3	2.954|2.976|2.662	0.000	0.000	0.000	0.000	0.000	-15.840	0.869	0.942	
EIF4A2	LSM12	LSM12	0.840|0.830|0.901	2.572	0.857	3	0.185|0.706|0.301	0.092	0.112	0.092	0.112	0.092	-2.439	2.521	0.247	
EIF4A2	LSM14A	LSM14A	21.544|21.974|24.157	67.676	22.559	3	19.005|18.302|18.772	0.003	0.009	0.003	0.009	0.003	-12.433	1.207	0.794	
EIF4A2	LSM14B	LSM14B	0.799|0.823|0.871	2.493	0.831	3	0.661|0.597|0.624	0.023	0.034	0.023	0.034	0.023	-5.878	1.326	0.674	
EIF4A2	LSM2	LSM2	0.352|0.482|0.477	1.311	0.437	3	0.538|0.667|0.550	0.000	0.000	0.000	0.000	0.000	-15.840	0.750	0.960	
EIF4A2	LSM3	LSM3	0.673|0.730|0.659	2.061	0.687	3	0.740|0.691|0.776	0.000	0.000	0.000	0.000	0.000	-15.840	0.935	0.942	
EIF4A2	LSM4	LSM4	2.568|2.324|2.217	7.108	2.369	3	2.589|2.757|2.718	0.000	0.000	0.000	0.000	0.000	-15.840	0.882	0.942	
EIF4A2	LSM5	LSM5	0.268|0.235|.	0.789	0.263	3	0.387|0.329|0.511	0.000	0.000	0.000	0.000	0.000	-15.840	0.654	0.963	
EIF4A2	LSM6	LSM6	0.284|0.337|0.307	0.928	0.309	3	0.389|0.423|0.405	0.000	0.000	0.000	0.000	0.000	-15.840	0.763	0.942	
EIF4A2	LSM7	LSM7	0.604|0.554|0.636	1.795	0.598	3	1.030|0.886|0.782	0.000	0.000	0.000	0.000	0.000	-15.840	0.669	0.961	
EIF4A2	LSM8	LSM8	0.592|0.500|0.379	1.470	0.490	3	0.665|0.671|0.709	0.000	0.000	0.000	0.000	0.000	-15.840	0.719	0.942	
EIF4A2	LTBP1	LTBP1	1.536|0.531|0.450	2.516	0.839	3	1.806|0.555|1.924	0.002	0.005	0.002	0.005	0.002	-12.173	0.674	0.804	
EIF4A2	LTN1	LTN1	0.406|0.546|0.509	1.461	0.487	3	0.484|0.519|0.604	0.000	0.000	0.000	0.000	0.000	-15.840	0.913	0.938	
EIF4A2	LTV1	LTV1	2.134|1.877|1.955	5.966	1.989	3	1.211|1.241|1.140	0.034	0.034	0.034	0.034	0.034	-3.340	1.661	0.425	
EIF4A2	LUC7L	LUC7L	1.810|1.834|1.532	5.175	1.725	3	2.371|2.321|2.346	0.000	0.000	0.000	0.000	0.000	-15.840	0.735	0.942	
EIF4A2	LUC7L2	LUC7L2	6.169|6.022|6.452	18.643	6.214	3	8.139|7.754|7.631	0.000	0.000	0.000	0.000	0.000	-15.840	0.793	0.942	
EIF4A2	LUC7L3	LUC7L3	1.822|1.941|1.956	5.719	1.906	3	1.659|1.704|1.698	0.000	0.000	0.000	0.000	0.000	-14.846	1.130	0.880	
EIF4A2	MAGED2	MAGED2	0.829|1.063|0.977	2.869	0.956	3	1.375|1.254|1.312	0.000	0.000	0.000	0.000	0.000	-15.840	0.728	0.942	
EIF4A2	MANF	MANF	0.574|0.907|0.766	2.246	0.749	3	0.873|0.856|0.983	0.000	0.000	0.000	0.000	0.000	-15.840	0.830	0.939	
EIF4A2	MAP1B	MAP1B	0.572|0.437|0.575	1.584	0.528	3	0.469|0.521|0.466	0.000	0.000	0.000	0.000	0.000	-15.840	1.089	0.865	
EIF4A2	MAP1LC3B2	MAP1LC3B2	0.239|0.312|.	0.836	0.279	3	0.233|0.205|0.227	0.011	0.034	0.011	0.034	0.011	-14.864	1.260	0.761	
EIF4A2	MAP4	MAP4	0.448|0.378|0.396	1.223	0.408	3	0.428|0.546|0.399	0.000	0.000	0.000	0.000	0.000	-15.840	0.899	0.960	
EIF4A2	MAP7	MAP7	2.871|2.743|3.360	8.973	2.991	3	2.873|2.811|2.842	0.000	0.000	0.000	0.000	0.000	-15.840	1.053	0.874	
EIF4A2	MAP7D2	MAP7D2	0.544|0.526|0.586	1.657	0.552	3	0.541|0.465|0.553	0.000	0.000	0.000	0.000	0.000	-15.818	1.066	0.918	
EIF4A2	MAP7D3	MAP7D3	1.428|1.592|1.693	4.713	1.571	3	1.373|1.360|1.332	0.000	0.001	0.000	0.001	0.000	-15.373	1.159	0.829	
EIF4A2	MARCKS	MARCKS	0.195|0.263|0.267	0.726	0.242	3	0.245|0.305|0.220	0.000	0.000	0.000	0.000	0.000	-15.840	0.951	0.936	
EIF4A2	MARS1	MARS1	0.514|0.398|0.551	1.463	0.488	3	0.559|0.556|0.533	0.000	0.000	0.000	0.000	0.000	-15.840	0.888	0.940	
EIF4A2	MAT2A	MAT2A	0.332|0.358|0.311	1.001	0.334	3	0.411|0.422|0.334	0.000	0.000	0.000	0.000	0.000	-15.840	0.862	0.961	
EIF4A2	MATR3	MATR3	0.666|0.805|0.722	2.193	0.731	3	0.619|0.513|0.602	0.000	0.000	0.000	0.000	0.000	-14.287	1.269	0.831	
EIF4A2	MAZ	MAZ	0.767|0.857|0.870	2.494	0.831	3	1.002|1.113|1.060	0.000	0.000	0.000	0.000	0.000	-15.840	0.786	0.942	
EIF4A2	MBD3	MBD3	0.543|0.371|0.432	1.346	0.449	3	0.627|0.514|0.745	0.000	0.000	0.000	0.000	0.000	-15.840	0.722	0.957	
EIF4A2	MCCC1	MCCC1	0.293|0.290|0.321	0.904	0.301	3	0.366|0.301|0.334	0.000	0.000	0.000	0.000	0.000	-15.840	0.905	0.961	
EIF4A2	MCM2	MCM2	1.795|1.727|1.894	5.416	1.805	3	2.589|2.663|2.919	0.000	0.000	0.000	0.000	0.000	-15.840	0.664	0.942	
EIF4A2	MCM3	MCM3	1.734|1.621|1.928	5.283	1.761	3	2.760|2.610|2.859	0.000	0.000	0.000	0.000	0.000	-15.840	0.642	0.942	
EIF4A2	MCM4	MCM4	1.125|1.090|1.186	3.401	1.134	3	2.153|2.204|2.295	0.000	0.000	0.000	0.000	0.000	-15.840	0.512	0.942	
EIF4A2	MCM5	MCM5	1.138|1.337|1.488	3.963	1.321	3	2.082|2.117|2.155	0.000	0.000	0.000	0.000	0.000	-15.840	0.624	0.942	
EIF4A2	MCM6	MCM6	1.892|1.868|1.981	5.741	1.914	3	2.354|2.398|2.304	0.000	0.000	0.000	0.000	0.000	-15.840	0.814	0.942	
EIF4A2	MCM7	MCM7	1.432|1.505|1.581	4.518	1.506	3	2.403|2.294|2.506	0.000	0.000	0.000	0.000	0.000	-15.840	0.628	0.942	
EIF4A2	MCTS1	MCTS1	0.522|0.541|0.667	1.729	0.576	3	0.583|0.601|0.573	0.000	0.000	0.000	0.000	0.000	-15.840	0.985	0.899	
EIF4A2	MDH2	MDH2	0.794|1.011|1.091	2.896	0.965	3	1.310|1.081|1.128	0.000	0.000	0.000	0.000	0.000	-15.840	0.825	0.957	
EIF4A2	MED1	MED1	0.170|0.291|0.307	0.769	0.256	3	0.282|0.237|0.267	0.000	0.000	0.000	0.000	0.000	-15.840	0.981	0.901	
EIF4A2	MEPCE	MEPCE	0.682|0.685|0.742	2.109	0.703	3	0.797|0.803|0.821	0.000	0.000	0.000	0.000	0.000	-15.840	0.872	0.942	
EIF4A2	METTL16	METTL16	0.110|.|0.200	0.595	0.198	3	.|0.150|.	0.000	0.000	0.000	0.000	0.000	-15.021	1.323	0.890	
EIF4A2	MFAP1	MFAP1	1.147|1.209|1.760	4.116	1.372	3	1.326|1.809|1.712	0.000	0.000	0.000	0.000	0.000	-15.840	0.857	0.933	
EIF4A2	MLF2	MLF2	0.492|0.528|0.700	1.719	0.573	3	0.766|0.968|0.809	0.000	0.000	0.000	0.000	0.000	-15.840	0.680	0.957	
EIF4A2	MLLT11	MLLT11	0.457|0.433|0.517	1.407	0.469	3	0.335|0.394|0.444	0.000	0.000	0.000	0.000	0.000	-15.400	1.207	0.894	
EIF4A2	MMS19	MMS19	0.518|0.566|0.601	1.685	0.562	3	0.479|0.458|0.484	0.001	0.002	0.001	0.002	0.001	-14.452	1.186	0.815	
EIF4A2	MMTAG2	MMTAG2	2.636|2.648|2.835	8.119	2.706	3	3.139|2.851|3.002	0.000	0.000	0.000	0.000	0.000	-15.840	0.904	0.942	
EIF4A2	MOB1A	MOB1A	0.292|0.427|0.434	1.154	0.385	3	0.466|0.575|0.528	0.000	0.000	0.000	0.000	0.000	-15.840	0.738	0.961	
EIF4A2	MOGS	MOGS	0.275|0.261|0.312	0.848	0.283	3	0.382|0.338|0.370	0.000	0.000	0.000	0.000	0.000	-15.840	0.779	0.942	
EIF4A2	MON2	MON2	0.808|0.777|0.708	2.293	0.764	3	1.086|0.975|0.927	0.000	0.000	0.000	0.000	0.000	-15.840	0.769	0.962	
EIF4A2	MORF4L2	MORF4L2	1.173|1.157|1.365	3.695	1.232	3	1.554|1.566|1.673	0.000	0.000	0.000	0.000	0.000	-15.840	0.771	0.942	
EIF4A2	MOV10	MOV10	0.409|0.402|0.411	1.222	0.407	3	0.208|0.208|0.255	0.034	0.034	0.034	0.034	0.034	-3.340	1.829	0.425	
EIF4A2	MPLKIP	MPLKIP	0.535|0.500|0.601	1.636	0.545	3	0.521|0.441|0.602	0.000	0.000	0.000	0.000	0.000	-15.840	1.055	0.926	
EIF4A2	MRE11	MRE11	0.674|0.690|0.740	2.104	0.701	3	0.527|0.614|0.756	0.000	0.000	0.000	0.000	0.000	-15.711	1.121	0.924	
EIF4A2	MRPL14	MRPL14	0.312|0.319|0.338	0.969	0.323	3	0.379|0.517|0.398	0.000	0.000	0.000	0.000	0.000	-15.840	0.755	0.961	
EIF4A2	MRPL34	MRPL34	0.613|0.836|0.670	2.118	0.706	3	0.582|0.664|0.615	0.011	0.034	0.011	0.034	0.011	-15.840	1.140	0.760	
EIF4A2	MRPL54	MRPL54	0.425|.|0.336	1.047	0.349	3	0.822|0.815|0.764	0.000	0.000	0.000	0.000	0.000	-15.840	0.436	0.962	
EIF4A2	MRPL58	MRPL58	0.618|0.611|0.676	1.905	0.635	3	0.667|0.541|0.664	0.000	0.000	0.000	0.000	0.000	-15.840	1.022	0.930	
EIF4A2	MRPS12	MRPS12	0.832|1.137|1.038	3.008	1.003	3	1.141|1.278|1.306	0.000	0.000	0.000	0.000	0.000	-15.840	0.809	0.957	
EIF4A2	MRPS17	MRPS17	0.417|0.429|0.394	1.240	0.413	3	0.418|0.335|0.401	0.000	0.000	0.000	0.000	0.000	-15.798	1.079	0.923	
EIF4A2	MRPS23	MRPS23	0.368|0.482|0.366	1.215	0.405	3	0.448|0.554|0.389	0.000	0.000	0.000	0.000	0.000	-15.840	0.883	0.937	
EIF4A2	MRPS26	MRPS26	0.403|0.389|0.465	1.257	0.419	3	0.562|0.664|0.705	0.000	0.000	0.000	0.000	0.000	-15.840	0.654	0.960	
EIF4A2	MRPS27	MRPS27	0.387|0.216|0.275	0.877	0.292	3	0.300|0.351|0.386	0.000	0.000	0.000	0.000	0.000	-15.840	0.850	0.927	
EIF4A2	MRPS28	MRPS28	0.528|0.449|0.164	1.140	0.380	3	0.681|0.557|0.559	0.000	0.000	0.000	0.000	0.000	-15.840	0.638	0.957	
EIF4A2	MRPS31	MRPS31	0.522|0.456|0.655	1.633	0.544	3	0.661|0.635|0.606	0.000	0.000	0.000	0.000	0.000	-15.840	0.859	0.934	
EIF4A2	MRPS34	MRPS34	0.411|0.465|0.405	1.282	0.427	3	0.397|0.368|0.461	0.000	0.000	0.000	0.000	0.000	-15.840	1.050	0.922	
EIF4A2	MRPS7	MRPS7	0.390|0.270|0.403	1.063	0.354	3	0.522|0.497|0.394	0.000	0.000	0.000	0.000	0.000	-15.840	0.757	0.960	
EIF4A2	MRRF	MRRF	1.042|0.786|1.005	2.833	0.944	3	0.870|0.953|0.735	0.000	0.000	0.000	0.000	0.000	-15.840	1.114	0.907	
EIF4A2	MRTO4	MRTO4	0.866|0.915|1.057	2.838	0.946	3	1.141|1.066|1.166	0.000	0.000	0.000	0.000	0.000	-15.840	0.842	0.942	
EIF4A2	MSRB3	MSRB3	0.681|0.727|0.665	2.073	0.691	3	0.922|0.849|0.926	0.000	0.000	0.000	0.000	0.000	-15.840	0.769	0.942	
EIF4A2	MTA2	MTA2	0.681|0.622|0.766	2.070	0.690	3	0.917|0.964|0.996	0.000	0.000	0.000	0.000	0.000	-15.840	0.720	0.942	
EIF4A2	MTDH	MTDH	0.449|0.353|0.408	1.209	0.403	3	0.373|0.348|0.262	0.000	0.000	0.000	0.000	0.000	-15.686	1.243	0.904	
EIF4A2	MTHFD1	MTHFD1	0.834|0.788|0.776	2.397	0.799	3	1.275|1.043|1.261	0.000	0.000	0.000	0.000	0.000	-15.840	0.673	0.962	
EIF4A2	MTHFD1L	MTHFD1L	1.326|1.394|1.477	4.197	1.399	3	1.061|1.009|1.314	0.000	0.000	0.000	0.000	0.000	-14.766	1.248	0.894	
EIF4A2	MTREX	MTREX	1.014|0.327|0.361	1.701	0.567	3	0.459|0.440|0.422	0.011	0.034	0.011	0.034	0.011	-15.840	1.289	0.767	
EIF4A2	MTRFR	MTRFR	0.800|0.892|0.747	2.439	0.813	3	0.785|0.970|0.801	0.000	0.000	0.000	0.000	0.000	-15.840	0.959	0.934	
EIF4A2	MYCBP	MYCBP	0.826|0.792|0.880	2.498	0.833	3	1.043|1.165|1.095	0.000	0.000	0.000	0.000	0.000	-15.840	0.757	0.942	
EIF4A2	MYH10	MYH10	2.275|2.460|2.436	7.171	2.390	3	2.332|2.318|2.227	0.000	0.000	0.000	0.000	0.000	-15.840	1.043	0.920	
EIF4A2	MYH14	MYH14	1.232|1.213|1.391	3.835	1.278	3	1.375|1.307|1.340	0.000	0.000	0.000	0.000	0.000	-15.840	0.954	0.933	
EIF4A2	MYH9	MYH9	4.737|4.969|4.660	14.366	4.789	3	4.977|4.853|5.125	0.000	0.000	0.000	0.000	0.000	-15.840	0.961	0.942	
EIF4A2	MYL12B	MYL12B	3.324|3.828|3.907	11.058	3.686	3	3.939|4.058|3.881	0.000	0.000	0.000	0.000	0.000	-15.840	0.931	0.942	
EIF4A2	MYL6	MYL6	3.319|3.135|3.649	10.103	3.368	3	3.778|3.846|4.042	0.000	0.000	0.000	0.000	0.000	-15.840	0.866	0.942	
EIF4A2	MYL6B	MYL6B	0.246|0.222|0.299	0.767	0.256	3	0.228|0.136|0.242	0.000	0.000	0.000	0.000	0.000	-15.037	1.308	0.847	
EIF4A2	MYO1B	MYO1B	0.390|0.403|0.450	1.243	0.414	3	0.504|0.561|0.515	0.000	0.000	0.000	0.000	0.000	-15.840	0.788	0.942	
EIF4A2	MYO1C	MYO1C	0.571|0.624|0.550	1.745	0.582	3	0.652|0.753|0.689	0.000	0.000	0.000	0.000	0.000	-15.840	0.835	0.961	
EIF4A2	MYO1D	MYO1D	2.980|0.235|0.243	3.459	1.153	3	2.876|0.354|3.046	0.012	0.035	0.012	0.035	0.012	-8.481	0.791	0.736	
EIF4A2	0CA	0CA	1.704|1.818|1.925	5.447	1.816	3	2.149|2.171|2.150	0.000	0.000	0.000	0.000	0.000	-15.840	0.842	0.942	
EIF4A2	0CA2	0CA2	0.441|0.475|.	1.201	0.400	3	.|.|0.638	0.000	0.000	0.000	0.000	0.000	-15.840	0.627	0.963	
EIF4A2	0CA4P	0CA4P	0.430|.|.	1.000	0.333	3	.|.|.	0.011	0.034	0.011	0.034	0.011	-15.840	1.170	0.770	
EIF4A2	0F1	0F1	0.175|0.283|0.244	0.702	0.234	3	0.136|0.215|0.252	0.000	0.000	0.000	0.000	0.000	-15.840	1.205	0.855	
EIF4A2	0P1L1	0P1L1	1.215|1.435|1.524	4.174	1.391	3	1.788|1.878|1.582	0.000	0.000	0.000	0.000	0.000	-15.840	0.797	0.962	
EIF4A2	0P1L4	0P1L4	0.361|0.432|0.118	0.911	0.304	3	0.186|0.253|0.190	0.058	0.174	0.058	0.174	0.058	-15.840	1.463	0.323	
EIF4A2	0RS1	0RS1	0.340|0.444|0.374	1.158	0.386	3	0.450|0.496|0.520	0.000	0.000	0.000	0.000	0.000	-15.840	0.791	0.959	
EIF4A2	0SP	0SP	1.395|1.528|1.617	4.540	1.513	3	2.042|2.229|2.197	0.000	0.000	0.000	0.000	0.000	-15.840	0.702	0.942	
EIF4A2	0T10	0T10	0.554|0.690|0.807	2.052	0.684	3	0.592|0.565|0.526	0.011	0.034	0.011	0.034	0.011	-15.840	1.220	0.747	
EIF4A2	NBN	NBN	1.206|1.587|.	3.078	1.026	3	.|1.161|1.206	0.011	0.034	0.011	0.034	0.011	-15.840	0.867	0.770	
EIF4A2	NCAPD2	NCAPD2	1.641|1.801|1.767	5.209	1.736	3	1.979|1.824|1.796	0.000	0.000	0.000	0.000	0.000	-15.840	0.931	0.942	
EIF4A2	NCAPD3	NCAPD3	0.277|0.468|0.274	1.019	0.340	3	0.460|0.532|0.501	0.000	0.000	0.000	0.000	0.000	-15.840	0.684	0.962	
EIF4A2	NCAPG	NCAPG	1.061|1.289|1.345	3.695	1.232	3	1.354|1.469|1.271	0.000	0.000	0.000	0.000	0.000	-15.840	0.904	0.961	
EIF4A2	NCAPG2	NCAPG2	0.260|0.402|0.333	0.995	0.332	3	0.489|0.514|0.484	0.000	0.000	0.000	0.000	0.000	-15.840	0.670	0.942	
EIF4A2	NCAPH	NCAPH	1.278|1.406|1.485	4.169	1.390	3	1.412|1.821|1.867	0.000	0.000	0.000	0.000	0.000	-15.840	0.824	0.957	
EIF4A2	NCBP1	NCBP1	0.215|0.199|0.158	0.572	0.191	3	0.109|0.137|0.133	0.013	0.034	0.013	0.034	0.013	-13.350	1.513	0.726	
EIF4A2	NCKAP1	NCKAP1	0.647|0.614|0.672	1.933	0.644	3	0.890|0.894|0.811	0.000	0.000	0.000	0.000	0.000	-15.840	0.746	0.942	
EIF4A2	NCL	NCL	1.117|1.008|1.051	3.176	1.059	3	1.948|2.178|2.007	0.000	0.000	0.000	0.000	0.000	-15.840	0.518	0.942	
EIF4A2	NDEL1	NDEL1	0.285|0.183|0.227	0.695	0.232	3	0.339|0.337|0.197	0.000	0.000	0.000	0.000	0.000	-15.840	0.822	0.940	
EIF4A2	NDUFS7	NDUFS7	0.695|0.486|0.497	1.678	0.559	3	0.573|0.492|0.586	0.000	0.000	0.000	0.000	0.000	-15.840	1.019	0.876	
EIF4A2	NEK9	NEK9	0.463|0.427|0.316	1.206	0.402	3	0.698|0.541|0.513	0.000	0.000	0.000	0.000	0.000	-15.840	0.695	0.961	
EIF4A2	NFATC2IP	NFATC2IP	0.841|0.995|0.962	2.798	0.933	3	0.938|1.071|1.031	0.000	0.000	0.000	0.000	0.000	-15.840	0.922	0.962	
EIF4A2	NFU1	NFU1	0.562|0.531|0.581	1.674	0.558	3	0.355|0.378|0.338	0.034	0.034	0.034	0.034	0.034	-3.340	1.565	0.425	
EIF4A2	NHP2	NHP2	0.324|0.365|0.309	0.998	0.333	3	0.335|0.437|0.334	0.000	0.000	0.000	0.000	0.000	-15.840	0.910	0.957	
EIF4A2	NIPS0P1	NIPS0P1	0.409|.|0.333	1.026	0.342	3	0.639|0.572|0.542	0.000	0.000	0.000	0.000	0.000	-15.840	0.587	0.963	
EIF4A2	NKAP	NKAP	3.463|3.549|3.549	10.561	3.520	3	2.512|2.432|2.410	0.034	0.034	0.034	0.034	0.034	-3.340	1.436	0.357	
EIF4A2	NKRF	NKRF	0.384|0.490|0.406	1.280	0.427	3	0.614|0.549|0.601	0.000	0.000	0.000	0.000	0.000	-15.840	0.726	0.942	
EIF4A2	NME1	NME1	0.897|0.841|0.926	2.664	0.888	3	1.285|1.223|1.369	0.000	0.000	0.000	0.000	0.000	-15.840	0.688	0.942	
EIF4A2	NOB1	NOB1	0.742|0.736|0.745	2.222	0.741	3	0.699|0.849|0.927	0.000	0.000	0.000	0.000	0.000	-15.840	0.904	0.957	
EIF4A2	NOC2L	NOC2L	0.157|0.171|0.176	0.505	0.168	3	0.196|0.255|0.286	0.000	0.000	0.000	0.000	0.000	-15.840	0.693	0.957	
EIF4A2	NOC4L	NOC4L	0.456|0.446|0.484	1.386	0.462	3	0.471|0.499|0.308	0.000	0.000	0.000	0.000	0.000	-15.791	1.108	0.931	
EIF4A2	NOLC1	NOLC1	1.323|1.381|1.572	4.275	1.425	3	1.291|1.403|1.560	0.000	0.000	0.000	0.000	0.000	-15.840	1.008	0.923	
EIF4A2	NONO	NONO	3.990|3.862|4.927	12.779	4.260	3	3.043|3.990|4.227	0.000	0.000	0.000	0.000	0.000	-15.804	1.146	0.910	
EIF4A2	NOP14	NOP14	0.728|0.852|0.925	2.506	0.835	3	0.723|0.660|0.674	0.012	0.034	0.012	0.034	0.012	-15.214	1.219	0.742	
EIF4A2	NOP2	NOP2	0.720|0.752|0.838	2.310	0.770	3	0.988|0.974|0.993	0.000	0.000	0.000	0.000	0.000	-15.840	0.782	0.942	
EIF4A2	NPM1	NPM1	1.627|1.699|2.397	5.723	1.908	3	1.168|1.266|1.326	0.028	0.034	0.028	0.034	0.028	-4.246	1.524	0.648	
EIF4A2	NRBP1	NRBP1	0.234|0.210|0.223	0.666	0.222	3	0.323|0.365|0.300	0.000	0.000	0.000	0.000	0.000	-15.840	0.677	0.961	
EIF4A2	NSA2	NSA2	0.173|0.264|0.311	0.748	0.249	3	0.201|0.240|0.251	0.000	0.000	0.000	0.000	0.000	-15.840	1.087	0.871	
EIF4A2	NSRP1	NSRP1	1.184|1.532|1.313	4.029	1.343	3	1.364|1.396|1.467	0.000	0.000	0.000	0.000	0.000	-15.840	0.954	0.920	
EIF4A2	NT5DC2	NT5DC2	1.579|1.539|1.724	4.843	1.614	3	1.494|1.317|1.461	0.000	0.000	0.000	0.000	0.000	-14.803	1.135	0.855	
EIF4A2	NTPCR	NTPCR	1.077|1.187|1.303	3.567	1.189	3	1.522|1.433|1.227	0.000	0.000	0.000	0.000	0.000	-15.840	0.856	0.941	
EIF4A2	NUCKS1	NUCKS1	1.572|1.745|1.530	4.847	1.616	3	2.150|1.818|2.215	0.000	0.000	0.000	0.000	0.000	-15.840	0.787	0.962	
EIF4A2	NUDC	NUDC	0.512|0.487|0.592	1.591	0.530	3	0.748|0.711|0.618	0.000	0.000	0.000	0.000	0.000	-15.840	0.768	0.959	
EIF4A2	NUDT21	NUDT21	2.645|2.598|2.965	8.208	2.736	3	3.296|3.252|3.214	0.000	0.000	0.000	0.000	0.000	-15.840	0.841	0.942	
EIF4A2	NUFIP2	NUFIP2	1.218|1.053|1.239	3.510	1.170	3	0.572|0.575|0.675	0.034	0.034	0.034	0.034	0.034	-3.340	1.931	0.425	
EIF4A2	NUMB	NUMB	0.459|0.468|0.620	1.547	0.516	3	0.456|0.516|0.544	0.000	0.000	0.000	0.000	0.000	-15.840	1.023	0.883	
EIF4A2	NUP107	NUP107	3.001|12.572|11.401	26.974	8.991	3	1.769|17.961|11.066	0.019	0.029	0.019	0.029	0.019	-5.861	1.274	0.712	
EIF4A2	NUP133	NUP133	0.628|0.481|0.760	1.869	0.623	3	0.606|0.710|0.881	0.000	0.000	0.000	0.000	0.000	-15.840	0.861	0.937	
EIF4A2	NUP153	NUP153	0.358|0.607|0.328	1.294	0.431	3	0.412|0.429|0.465	0.011	0.034	0.011	0.034	0.011	-15.840	0.992	0.764	
EIF4A2	NUP160	NUP160	0.266|0.367|0.407	1.040	0.347	3	0.377|0.458|0.379	0.000	0.000	0.000	0.000	0.000	-15.840	0.860	0.939	
EIF4A2	NUP205	NUP205	0.229|0.326|0.224	0.779	0.260	3	0.430|0.332|0.468	0.000	0.000	0.000	0.000	0.000	-15.840	0.640	0.959	
EIF4A2	NUP43	NUP43	0.524|0.359|0.355	1.238	0.413	3	0.463|0.410|0.497	0.000	0.000	0.000	0.000	0.000	-15.840	0.906	0.915	
EIF4A2	NUP50	NUP50	0.572|0.604|0.684	1.860	0.620	3	0.640|0.588|0.587	0.000	0.000	0.000	0.000	0.000	-15.840	1.026	0.903	
EIF4A2	NUP88	NUP88	0.399|0.412|0.583	1.394	0.465	3	0.419|0.419|0.393	0.011	0.034	0.011	0.034	0.011	-15.840	1.133	0.763	
EIF4A2	OAT	OAT	0.880|0.796|0.893	2.570	0.857	3	0.625|0.858|0.656	0.000	0.000	0.000	0.000	0.000	-15.462	1.214	0.910	
EIF4A2	OBSL1	OBSL1	0.126|0.192|.	0.604	0.201	3	.|0.152|0.080	0.000	0.000	0.000	0.000	0.000	-15.395	1.822	0.836	
EIF4A2	OGT	OGT	0.397|0.391|0.452	1.240	0.413	3	0.373|0.365|0.418	0.000	0.000	0.000	0.000	0.000	-15.796	1.075	0.888	
EIF4A2	OLA1	OLA1	0.246|0.456|0.421	1.122	0.374	3	0.387|0.290|0.269	0.000	0.000	0.000	0.000	0.000	-15.840	1.202	0.894	
EIF4A2	ORC4	ORC4	0.068|0.092|.	0.445	0.148	3	.|0.084|0.133	0.000	0.000	0.000	0.000	0.000	-15.840	1.406	0.963	
EIF4A2	ORC6	ORC6	0.619|0.709|0.685	2.012	0.671	3	1.018|0.908|0.967	0.000	0.000	0.000	0.000	0.000	-15.840	0.696	0.942	
EIF4A2	OTUD4	OTUD4	0.240|0.330|0.329	0.899	0.300	3	0.355|0.451|0.392	0.000	0.000	0.000	0.000	0.000	-15.840	0.754	0.957	
EIF4A2	P4HA1	P4HA1	0.479|0.508|0.553	1.540	0.513	3	0.546|0.658|0.514	0.000	0.000	0.000	0.000	0.000	-15.840	0.901	0.960	
EIF4A2	P4HB	P4HB	0.877|1.012|1.017	2.906	0.969	3	1.210|1.199|1.216	0.000	0.000	0.000	0.000	0.000	-15.840	0.802	0.942	
EIF4A2	PA2G4	PA2G4	1.032|1.025|1.035	3.092	1.031	3	0.866|0.717|0.657	0.000	0.000	0.000	0.000	0.000	-11.879	1.390	0.867	
EIF4A2	PAAF1	PAAF1	0.919|0.854|0.841	2.614	0.871	3	0.644|0.570|0.546	0.034	0.034	0.034	0.034	0.034	-3.340	1.490	0.425	
EIF4A2	PABPC1	PABPC1	5.643|5.569|5.520	16.732	5.577	3	3.367|0.842|3.423	0.077	0.080	0.077	0.080	0.077	-2.512	2.615	0.282	
EIF4A2	PABPC3	PABPC3	0.981|0.883|0.966	2.829	0.943	3	0.357|0.231|0.417	0.987	0.997	0.987	0.997	0.987	3.436	2.903	0.001	
EIF4A2	PABPC4	PABPC4	2.751|2.949|3.198	8.898	2.966	3	0.553|0.600|0.536	1.000	1.000	1.000	1.000	1.000	9.113	5.275	0.000	
EIF4A2	PAICS	PAICS	1.111|1.104|1.214	3.429	1.143	3	1.658|1.755|1.738	0.000	0.000	0.000	0.000	0.000	-15.840	0.666	0.962	
EIF4A2	PAK4	PAK4	0.520|0.567|0.496	1.583	0.528	3	0.641|0.679|0.643	0.000	0.000	0.000	0.000	0.000	-15.840	0.806	0.942	
EIF4A2	PARP1	PARP1	1.098|1.019|1.263	3.380	1.127	3	1.172|1.210|1.368	0.000	0.000	0.000	0.000	0.000	-15.840	0.903	0.938	
EIF4A2	PAXBP1	PAXBP1	0.793|0.793|0.889	2.475	0.825	3	0.788|0.710|0.762	0.000	0.000	0.000	0.000	0.000	-15.370	1.097	0.875	
EIF4A2	PBDC1	PBDC1	0.372|0.368|0.353	1.093	0.364	3	0.686|0.643|0.625	0.000	0.000	0.000	0.000	0.000	-15.840	0.560	0.942	
EIF4A2	PCBP1	PCBP1	0.900|1.050|1.035	2.984	0.995	3	0.857|0.919|0.949	0.000	0.000	0.000	0.000	0.000	-15.840	1.096	0.883	
EIF4A2	PCBP2	PCBP2	1.205|1.224|1.244	3.673	1.224	3	0.854|0.940|0.979	0.021	0.034	0.021	0.034	0.021	-5.021	1.326	0.707	
EIF4A2	PCLAF	PCLAF	0.322|0.329|1.652	2.303	0.768	3	0.578|0.597|0.479	0.331	0.992	0.331	0.992	0.331	-15.840	1.398	0.155	
EIF4A2	PC0	PC0	0.474|0.400|0.408	1.282	0.427	3	0.559|0.531|0.604	0.000	0.000	0.000	0.000	0.000	-15.840	0.758	0.942	
EIF4A2	PCNP	PCNP	0.346|0.433|0.477	1.255	0.418	3	0.425|0.512|0.418	0.000	0.000	0.000	0.000	0.000	-15.840	0.931	0.933	
EIF4A2	PDAP1	PDAP1	5.557|6.019|5.823	17.399	5.800	3	7.809|7.699|7.308	0.000	0.000	0.000	0.000	0.000	-15.840	0.763	0.942	
EIF4A2	PDCD4	PDCD4	58.096|61.217|64.332	183.645	61.215	3	0.356|0.270|0.208	1.000	1.000	1.000	1.000	1.000	10.552	225.689	0.000	
EIF4A2	PDCD5	PDCD5	1.625|0.829|0.655	3.108	1.036	3	0.982|0.979|0.899	0.011	0.034	0.011	0.034	0.011	-15.840	1.088	0.767	
EIF4A2	PDCD6	PDCD6	0.466|0.591|0.660	1.717	0.572	3	0.542|0.657|0.563	0.000	0.000	0.000	0.000	0.000	-15.840	0.978	0.921	
EIF4A2	PDIA3	PDIA3	1.547|1.494|1.582	4.623	1.541	3	1.720|1.726|1.664	0.000	0.000	0.000	0.000	0.000	-15.840	0.905	0.942	
EIF4A2	PDIA4	PDIA4	0.576|0.681|0.783	2.039	0.680	3	0.873|1.063|0.891	0.000	0.000	0.000	0.000	0.000	-15.840	0.724	0.962	
EIF4A2	PDIA6	PDIA6	2.434|3.177|2.859	8.469	2.823	3	3.606|3.412|3.430	0.000	0.000	0.000	0.000	0.000	-15.840	0.811	0.942	
EIF4A2	PES1	PES1	0.320|0.416|0.386	1.122	0.374	3	0.314|0.370|0.302	0.000	0.000	0.000	0.000	0.000	-15.840	1.143	0.886	
EIF4A2	PFDN2	PFDN2	0.294|0.225|0.239	0.758	0.253	3	0.475|0.974|1.038	0.000	0.000	0.000	0.000	0.000	-15.840	0.323	0.959	
EIF4A2	PFKM	PFKM	0.507|0.648|0.551	1.706	0.569	3	0.578|0.753|0.681	0.000	0.000	0.000	0.000	0.000	-15.840	0.853	0.962	
EIF4A2	PFKP	PFKP	1.047|0.998|1.189	3.234	1.078	3	1.424|1.363|1.281	0.000	0.000	0.000	0.000	0.000	-15.840	0.796	0.942	
EIF4A2	PFN1	PFN1	0.954|0.916|1.013	2.884	0.961	3	1.011|0.920|0.922	0.000	0.000	0.000	0.000	0.000	-15.840	1.012	0.926	
EIF4A2	PGD	PGD	0.451|0.479|0.537	1.466	0.489	3	0.548|0.452|0.621	0.000	0.000	0.000	0.000	0.000	-15.840	0.912	0.940	
EIF4A2	PGK1	PGK1	0.471|0.464|0.440	1.375	0.458	3	0.618|0.534|0.632	0.000	0.000	0.000	0.000	0.000	-15.840	0.773	0.957	
EIF4A2	PHF3	PHF3	0.250|0.114|0.096	0.460	0.153	3	0.103|0.149|0.060	0.100	0.301	0.100	0.301	0.100	-10.353	1.577	0.242	
EIF4A2	PHF5A	PHF5A	0.606|0.444|0.495	1.544	0.515	3	0.552|0.700|0.582	0.000	0.000	0.000	0.000	0.000	-15.840	0.846	0.957	
EIF4A2	PHF6	PHF6	1.484|1.386|1.659	4.529	1.510	3	1.707|1.660|1.754	0.000	0.000	0.000	0.000	0.000	-15.840	0.885	0.942	
EIF4A2	PHF8	PHF8	1.180|1.118|1.128	3.427	1.142	3	1.038|0.837|0.978	0.000	0.000	0.000	0.000	0.000	-14.165	1.206	0.893	
EIF4A2	PHGDH	PHGDH	1.138|1.064|1.163	3.365	1.122	3	2.293|2.169|2.252	0.000	0.000	0.000	0.000	0.000	-15.840	0.501	0.942	
EIF4A2	PI4KA	PI4KA	0.400|0.471|0.450	1.321	0.440	3	0.439|0.594|0.565	0.000	0.000	0.000	0.000	0.000	-15.840	0.833	0.961	
EIF4A2	PIN4	PIN4	6.003|5.932|5.878	17.812	5.937	3	8.476|7.336|7.345	0.000	0.000	0.000	0.000	0.000	-15.840	0.771	0.941	
EIF4A2	PINX1	PINX1	0.394|0.346|0.497	1.237	0.412	3	0.461|0.378|0.426	0.000	0.000	0.000	0.000	0.000	-15.840	0.981	0.908	
EIF4A2	PIP5K1A	PIP5K1A	1.427|1.330|1.480	4.238	1.413	3	1.327|1.442|1.440	0.000	0.000	0.000	0.000	0.000	-15.840	1.008	0.928	
EIF4A2	PKM	PKM	2.178|2.271|2.291	6.741	2.247	3	3.157|3.244|3.058	0.000	0.000	0.000	0.000	0.000	-15.840	0.713	0.942	
EIF4A2	PKP2	PKP2	1.067|1.289|0.382	2.738	0.913	3	0.693|1.007|0.839	0.000	0.000	0.000	0.000	0.000	-15.840	1.091	0.882	
EIF4A2	PLD3	PLD3	0.608|0.582|0.575	1.764	0.588	3	0.541|0.567|0.543	0.000	0.000	0.000	0.000	0.000	-15.521	1.069	0.912	
EIF4A2	PMAIP1	PMAIP1	1.712|1.715|1.856	5.284	1.761	3	1.511|1.360|1.489	0.001	0.004	0.001	0.004	0.001	-11.245	1.213	0.808	
EIF4A2	PMPCA	PMPCA	0.248|0.146|0.109	0.503	0.168	3	0.123|0.151|0.077	0.052	0.155	0.052	0.155	0.052	-15.840	1.485	0.332	
EIF4A2	PNISR	PNISR	1.081|1.061|1.133	3.275	1.092	3	1.174|1.097|1.223	0.000	0.000	0.000	0.000	0.000	-15.840	0.938	0.942	
EIF4A2	PNN	PNN	0.600|0.698|0.662	1.959	0.653	3	0.591|0.490|0.672	0.000	0.000	0.000	0.000	0.000	-15.805	1.127	0.919	
EIF4A2	PNO1	PNO1	0.437|0.422|0.711	1.570	0.523	3	0.577|0.681|0.600	0.000	0.000	0.000	0.000	0.000	-15.840	0.847	0.910	
EIF4A2	POLDIP2	POLDIP2	0.320|0.462|0.489	1.270	0.423	3	0.509|0.501|0.440	0.000	0.000	0.000	0.000	0.000	-15.840	0.878	0.938	
EIF4A2	POLDIP3	POLDIP3	0.846|0.925|0.918	2.690	0.897	3	0.916|0.918|1.040	0.000	0.000	0.000	0.000	0.000	-15.840	0.938	0.956	
EIF4A2	POLR1C	POLR1C	0.900|0.974|0.449	2.323	0.774	3	1.133|1.003|1.051	0.000	0.000	0.000	0.000	0.000	-15.840	0.730	0.942	
EIF4A2	POLR2B	POLR2B	0.490|0.613|0.577	1.680	0.560	3	0.627|0.678|0.727	0.000	0.000	0.000	0.000	0.000	-15.840	0.828	0.956	
EIF4A2	POLR2E	POLR2E	0.773|0.672|0.790	2.235	0.745	3	0.847|0.966|0.998	0.000	0.000	0.000	0.000	0.000	-15.840	0.797	0.957	
EIF4A2	POLR2H	POLR2H	0.323|0.270|0.286	0.879	0.293	3	0.381|0.332|0.322	0.000	0.000	0.000	0.000	0.000	-15.840	0.852	0.959	
EIF4A2	POLR2L	POLR2L	0.695|0.703|0.758	2.156	0.719	3	0.913|0.818|0.880	0.000	0.000	0.000	0.000	0.000	-15.840	0.827	0.942	
EIF4A2	POLR3A	POLR3A	0.508|0.513|0.512	1.532	0.511	3	0.479|0.568|0.511	0.000	0.000	0.000	0.000	0.000	-15.840	0.986	0.957	
EIF4A2	POLR3B	POLR3B	0.461|0.655|0.524	1.639	0.546	3	0.850|0.987|0.965	0.000	0.000	0.000	0.000	0.000	-15.840	0.586	0.957	
EIF4A2	POLR3C	POLR3C	0.435|0.405|0.441	1.280	0.427	3	0.414|0.454|0.435	0.000	0.000	0.000	0.000	0.000	-15.840	0.983	0.937	
EIF4A2	POLR3D	POLR3D	0.754|0.734|0.716	2.204	0.735	3	0.761|0.572|0.808	0.000	0.000	0.000	0.000	0.000	-15.835	1.041	0.935	
EIF4A2	POLR3F	POLR3F	2.639|2.974|0.329	5.943	1.981	3	0.408|0.768|0.954	0.658	0.995	0.658	0.995	0.658	-15.840	2.963	0.053	
EIF4A2	PPA1	PPA1	0.794|0.804|0.893	2.492	0.831	3	0.885|0.798|0.738	0.000	0.000	0.000	0.000	0.000	-15.840	1.032	0.922	
EIF4A2	PPIA	PPIA	1.967|2.062|2.307	6.336	2.112	3	2.300|2.439|2.283	0.000	0.000	0.000	0.000	0.000	-15.840	0.903	0.942	
EIF4A2	PPIB	PPIB	15.860|14.919|14.885	45.664	15.221	3	17.167|17.422|16.546	0.000	0.000	0.000	0.000	0.000	-15.840	0.893	0.942	
EIF4A2	PPIG	PPIG	1.208|1.012|1.192	3.411	1.137	3	1.105|1.056|1.134	0.000	0.000	0.000	0.000	0.000	-15.840	1.036	0.911	
EIF4A2	PPIL3	PPIL3	0.839|0.913|0.816	2.568	0.856	3	0.833|0.825|0.791	0.000	0.000	0.000	0.000	0.000	-15.840	1.049	0.908	
EIF4A2	PPIL4	PPIL4	5.468|5.125|5.883	16.476	5.492	3	4.237|4.949|5.064	0.000	0.000	0.000	0.000	0.000	-15.341	1.160	0.885	
EIF4A2	PPM1A	PPM1A	0.588|0.455|0.518	1.561	0.520	3	0.778|0.949|0.757	0.000	0.000	0.000	0.000	0.000	-15.840	0.632	0.942	
EIF4A2	PPM1B	PPM1B	6.816|6.344|7.545	20.706	6.902	3	6.769|7.506|7.205	0.000	0.000	0.000	0.000	0.000	-15.840	0.965	0.929	
EIF4A2	PPP1CA	PPP1CA	0.235|0.409|0.360	1.003	0.334	3	0.430|0.474|0.515	0.000	0.000	0.000	0.000	0.000	-15.840	0.709	0.960	
EIF4A2	PPP1CB	PPP1CB	0.636|0.620|2.099	3.355	1.118	3	0.587|1.665|2.236	0.005	0.014	0.005	0.014	0.005	-10.201	0.862	0.788	
EIF4A2	PPP1R10	PPP1R10	1.218|1.302|1.310	3.831	1.277	3	0.865|0.931|1.037	0.001	0.003	0.001	0.003	0.001	-9.828	1.356	0.806	
EIF4A2	PPP1R12A	PPP1R12A	0.470|0.425|0.492	1.386	0.462	3	0.476|0.400|0.591	0.000	0.000	0.000	0.000	0.000	-15.840	0.957	0.939	
EIF4A2	PPP2CB	PPP2CB	0.869|0.838|1.018	2.725	0.908	3	1.080|1.175|1.165	0.000	0.000	0.000	0.000	0.000	-15.840	0.797	0.942	
EIF4A2	PPP2R1A	PPP2R1A	2.230|2.301|2.450	6.982	2.327	3	3.269|3.585|3.583	0.000	0.000	0.000	0.000	0.000	-15.840	0.670	0.942	
EIF4A2	PPP2R2A	PPP2R2A	0.477|0.475|0.474	1.426	0.475	3	0.672|0.722|0.769	0.000	0.000	0.000	0.000	0.000	-15.840	0.660	0.956	
EIF4A2	PPP4R3A	PPP4R3A	0.283|0.379|0.287	0.949	0.316	3	0.371|0.338|0.498	0.000	0.000	0.000	0.000	0.000	-15.840	0.797	0.959	
EIF4A2	PPP6C	PPP6C	0.385|0.469|0.547	1.401	0.467	3	0.850|0.631|0.819	0.000	0.000	0.000	0.000	0.000	-15.840	0.614	0.957	
EIF4A2	PQBP1	PQBP1	0.537|0.577|0.653	1.766	0.589	3	0.689|0.781|0.644	0.000	0.000	0.000	0.000	0.000	-15.840	0.838	0.957	
EIF4A2	PRAF2	PRAF2	0.359|0.420|0.361	1.140	0.380	3	0.412|0.402|0.368	0.000	0.000	0.000	0.000	0.000	-15.840	0.965	0.926	
EIF4A2	PRDX1	PRDX1	2.143|2.120|2.212	6.475	2.158	3	4.716|4.932|4.393	0.000	0.000	0.000	0.000	0.000	-15.840	0.462	0.942	
EIF4A2	PRDX2	PRDX2	1.543|1.489|1.491	4.523	1.508	3	3.770|3.593|3.345	0.000	0.000	0.000	0.000	0.000	-15.840	0.423	0.942	
EIF4A2	PRDX3	PRDX3	1.802|1.838|1.846	5.485	1.828	3	2.557|2.548|2.518	0.000	0.000	0.000	0.000	0.000	-15.840	0.720	0.942	
EIF4A2	PRDX6	PRDX6	2.224|2.221|2.279	6.725	2.242	3	2.518|2.618|2.587	0.000	0.000	0.000	0.000	0.000	-15.840	0.871	0.942	
EIF4A2	PRIM2	PRIM2	0.406|0.421|0.338	1.166	0.389	3	0.462|0.470|0.481	0.000	0.000	0.000	0.000	0.000	-15.840	0.825	0.942	
EIF4A2	PRKACA	PRKACA	6.416|6.161|6.780	19.357	6.452	3	0.466|0.673|0.540	1.000	1.000	1.000	1.000	1.000	10.184	11.669	0.000	
EIF4A2	PRKACB	PRKACB	1.705|1.989|2.009	5.703	1.901	3	0.664|0.317|0.504	0.998	1.000	0.998	1.000	0.998	5.415	4.014	0.000	
EIF4A2	PRKAR1A	PRKAR1A	0.316|0.259|0.351	0.926	0.309	3	0.257|0.370|0.305	0.000	0.000	0.000	0.000	0.000	-15.840	1.005	0.930	
EIF4A2	PRKAR2A	PRKAR2A	5.470|5.616|5.929	17.014	5.671	3	.|0.235|0.119	1.000	1.000	1.000	1.000	1.000	9.931	33.958	0.000	
EIF4A2	PRKAR2B	PRKAR2B	4.741|5.199|5.293	15.233	5.078	3	.|.|0.121	1.000	1.000	1.000	1.000	1.000	9.992	41.881	0.000	
EIF4A2	PRKCSH	PRKCSH	0.760|0.773|0.824	2.357	0.786	3	1.363|1.154|1.399	0.000	0.000	0.000	0.000	0.000	-15.840	0.604	0.959	
EIF4A2	PRKDC	PRKDC	0.870|0.869|1.040	2.779	0.926	3	1.230|1.227|1.188	0.000	0.000	0.000	0.000	0.000	-15.840	0.763	0.942	
EIF4A2	PRKRIP1	PRKRIP1	0.242|0.252|0.411	0.906	0.302	3	0.539|0.460|0.679	0.000	0.000	0.000	0.000	0.000	-15.840	0.547	0.957	
EIF4A2	PRMT1	PRMT1	2.123|2.284|2.583	6.990	2.330	3	3.112|3.062|3.107	0.000	0.000	0.000	0.000	0.000	-15.840	0.753	0.942	
EIF4A2	PRMT3	PRMT3	0.669|0.638|0.673	1.981	0.660	3	0.787|0.756|0.737	0.000	0.000	0.000	0.000	0.000	-15.840	0.869	0.942	
EIF4A2	PRMT5	PRMT5	26.583|27.886|30.077	84.546	28.182	3	31.602|31.663|31.973	0.000	0.000	0.000	0.000	0.000	-15.840	0.888	0.942	
EIF4A2	PROSER2	PROSER2	0.583|0.542|0.458	1.584	0.528	3	0.571|0.621|0.633	0.000	0.000	0.000	0.000	0.000	-15.840	0.869	0.942	
EIF4A2	PRP4K	PRP4K	0.652|0.643|0.779	2.074	0.691	3	0.625|0.798|0.694	0.000	0.000	0.000	0.000	0.000	-15.840	0.984	0.928	
EIF4A2	PRPF19	PRPF19	0.494|0.578|0.653	1.724	0.575	3	0.643|0.639|0.798	0.000	0.000	0.000	0.000	0.000	-15.840	0.833	0.957	
EIF4A2	PRPF3	PRPF3	0.634|0.725|0.524	1.883	0.628	3	0.644|0.570|0.726	0.000	0.000	0.000	0.000	0.000	-15.840	0.975	0.925	
EIF4A2	PRPF31	PRPF31	2.168|2.151|2.188	6.507	2.169	3	2.817|2.809|3.016	0.000	0.000	0.000	0.000	0.000	-15.840	0.753	0.942	
EIF4A2	PRPF38A	PRPF38A	1.952|1.975|2.228	6.155	2.052	3	2.395|2.225|2.242	0.000	0.000	0.000	0.000	0.000	-15.840	0.897	0.942	
EIF4A2	PRPF38B	PRPF38B	2.810|2.873|3.191	8.875	2.958	3	3.114|2.966|2.871	0.000	0.000	0.000	0.000	0.000	-15.840	0.992	0.925	
EIF4A2	PRPF4	PRPF4	0.296|0.713|0.184	1.193	0.398	3	0.173|0.253|0.429	0.000	0.000	0.000	0.000	0.000	-13.917	1.497	0.865	
EIF4A2	PRPF40A	PRPF40A	0.731|0.822|0.863	2.416	0.805	3	0.681|0.799|0.648	0.000	0.000	0.000	0.000	0.000	-15.764	1.140	0.901	
EIF4A2	PRPF6	PRPF6	0.574|0.576|0.590	1.740	0.580	3	0.723|0.617|0.534	0.000	0.000	0.000	0.000	0.000	-15.840	0.935	0.956	
EIF4A2	PRPF8	PRPF8	1.498|1.123|1.529	4.150	1.383	3	1.343|1.352|1.586	0.000	0.000	0.000	0.000	0.000	-15.840	0.973	0.928	
EIF4A2	PRPS1	PRPS1	0.910|0.979|1.049	2.937	0.979	3	1.209|1.282|1.315	0.000	0.000	0.000	0.000	0.000	-15.840	0.772	0.942	
EIF4A2	PRPSAP2	PRPSAP2	0.534|0.625|0.739	1.899	0.633	3	0.900|0.711|0.800	0.000	0.000	0.000	0.000	0.000	-15.840	0.791	0.957	
EIF4A2	PRRC2A	PRRC2A	1.087|1.112|1.180	3.378	1.126	3	0.672|0.673|0.736	0.034	0.034	0.034	0.034	0.034	-3.340	1.626	0.425	
EIF4A2	PRRC2B	PRRC2B	8.131|8.029|9.181	25.341	8.447	3	8.258|6.776|7.982	0.000	0.000	0.000	0.000	0.000	-15.677	1.105	0.906	
EIF4A2	PRRC2C	PRRC2C	0.927|0.924|1.030	2.881	0.960	3	1.032|1.096|1.117	0.000	0.000	0.000	0.000	0.000	-15.840	0.888	0.942	
EIF4A2	PRSS1	PRSS1	7.409|7.306|7.716	22.430	7.477	3	6.568|6.667|6.804	0.000	0.000	0.000	0.000	0.000	-14.482	1.119	0.888	
EIF4A2	PRSS3	PRSS3	6.174|6.279|6.598	19.051	6.350	3	6.325|2.406|2.340	0.028	0.035	0.028	0.035	0.028	-3.753	1.930	0.646	
EIF4A2	PSIP1	PSIP1	0.469|0.503|0.522	1.494	0.498	3	0.475|0.463|0.530	0.000	0.000	0.000	0.000	0.000	-15.840	1.020	0.926	
EIF4A2	PSMA1	PSMA1	2.092|2.148|2.468	6.707	2.236	3	3.265|3.208|3.275	0.000	0.000	0.000	0.000	0.000	-15.840	0.688	0.942	
EIF4A2	PSMA2	PSMA2	1.553|1.543|1.624	4.720	1.573	3	1.829|1.859|1.902	0.000	0.000	0.000	0.000	0.000	-15.840	0.845	0.942	
EIF4A2	PSMA3	PSMA3	1.269|1.298|1.274	3.840	1.280	3	1.846|1.681|1.758	0.000	0.000	0.000	0.000	0.000	-15.840	0.727	0.940	
EIF4A2	PSMA4	PSMA4	2.334|2.384|2.641	7.359	2.453	3	3.082|2.915|3.046	0.000	0.000	0.000	0.000	0.000	-15.840	0.814	0.942	
EIF4A2	PSMA5	PSMA5	1.311|1.370|1.569	4.249	1.416	3	1.774|1.659|1.796	0.000	0.000	0.000	0.000	0.000	-15.840	0.813	0.942	
EIF4A2	PSMA6	PSMA6	1.288|1.383|1.509	4.180	1.393	3	1.880|1.938|1.786	0.000	0.000	0.000	0.000	0.000	-15.840	0.746	0.942	
EIF4A2	PSMA7	PSMA7	1.944|2.174|2.168	6.286	2.095	3	2.796|2.780|2.909	0.000	0.000	0.000	0.000	0.000	-15.840	0.741	0.942	
EIF4A2	PSMB1	PSMB1	2.086|2.105|2.207	6.398	2.133	3	2.916|2.921|2.941	0.000	0.000	0.000	0.000	0.000	-15.840	0.729	0.942	
EIF4A2	PSMB2	PSMB2	1.649|2.332|2.236	6.217	2.072	3	2.792|2.612|2.761	0.000	0.000	0.000	0.000	0.000	-15.840	0.762	0.942	
EIF4A2	PSMB3	PSMB3	1.370|1.428|1.434	4.232	1.411	3	2.054|2.090|2.113	0.000	0.000	0.000	0.000	0.000	-15.840	0.676	0.942	
EIF4A2	PSMB4	PSMB4	1.335|1.364|1.376	4.075	1.358	3	2.127|2.067|2.179	0.000	0.000	0.000	0.000	0.000	-15.840	0.640	0.942	
EIF4A2	PSMB5	PSMB5	1.087|1.127|1.240	3.454	1.151	3	1.544|1.656|1.767	0.000	0.000	0.000	0.000	0.000	-15.840	0.696	0.941	
EIF4A2	PSMB6	PSMB6	2.247|2.056|2.272	6.575	2.192	3	3.069|3.317|3.014	0.000	0.000	0.000	0.000	0.000	-15.840	0.700	0.942	
EIF4A2	PSMB7	PSMB7	1.346|1.428|1.395	4.169	1.390	3	1.689|1.759|1.919	0.000	0.000	0.000	0.000	0.000	-15.840	0.778	0.942	
EIF4A2	PSMC1	PSMC1	1.066|1.031|1.051	3.149	1.050	3	1.579|1.518|1.654	0.000	0.000	0.000	0.000	0.000	-15.840	0.663	0.940	
EIF4A2	PSMC2	PSMC2	1.802|1.713|2.069	5.583	1.861	3	1.877|2.091|1.959	0.000	0.000	0.000	0.000	0.000	-15.840	0.943	0.931	
EIF4A2	PSMC3	PSMC3	1.202|1.398|1.370	3.970	1.323	3	1.784|1.967|1.793	0.000	0.000	0.000	0.000	0.000	-15.840	0.717	0.942	
EIF4A2	PSMC4	PSMC4	1.638|1.465|1.713	4.816	1.605	3	2.220|2.361|2.202	0.000	0.000	0.000	0.000	0.000	-15.840	0.710	0.942	
EIF4A2	PSMC5	PSMC5	1.421|1.952|1.884	5.258	1.753	3	1.953|2.325|2.196	0.000	0.000	0.000	0.000	0.000	-15.840	0.814	0.961	
EIF4A2	PSMC6	PSMC6	0.526|0.627|0.556	1.709	0.570	3	0.704|0.768|0.634	0.000	0.000	0.000	0.000	0.000	-15.840	0.814	0.962	
EIF4A2	PSMD1	PSMD1	1.297|1.458|1.380	4.135	1.378	3	1.609|1.502|1.593	0.000	0.000	0.000	0.000	0.000	-15.840	0.879	0.942	
EIF4A2	PSMD10	PSMD10	0.532|0.398|0.634	1.564	0.521	3	0.698|0.700|0.631	0.000	0.000	0.000	0.000	0.000	-15.840	0.772	0.942	
EIF4A2	PSMD11	PSMD11	1.620|1.358|1.533	4.510	1.503	3	1.736|1.738|1.854	0.000	0.000	0.000	0.000	0.000	-15.840	0.847	0.942	
EIF4A2	PSMD12	PSMD12	1.550|1.540|1.468	4.558	1.519	3	2.070|2.185|2.222	0.000	0.000	0.000	0.000	0.000	-15.840	0.704	0.942	
EIF4A2	PSMD13	PSMD13	1.326|1.161|1.360	3.847	1.282	3	1.551|1.849|1.636	0.000	0.000	0.000	0.000	0.000	-15.840	0.766	0.962	
EIF4A2	PSMD14	PSMD14	1.464|1.476|1.551	4.491	1.497	3	1.740|1.758|1.778	0.000	0.000	0.000	0.000	0.000	-15.840	0.851	0.942	
EIF4A2	PSMD2	PSMD2	1.224|1.142|1.251	3.617	1.206	3	1.496|1.603|1.510	0.000	0.000	0.000	0.000	0.000	-15.840	0.785	0.942	
EIF4A2	PSMD3	PSMD3	1.411|1.432|1.491	4.334	1.445	3	1.962|1.908|1.878	0.000	0.000	0.000	0.000	0.000	-15.840	0.754	0.942	
EIF4A2	PSMD4	PSMD4	0.537|0.489|0.516	1.541	0.514	3	0.541|0.672|0.607	0.000	0.000	0.000	0.000	0.000	-15.840	0.850	0.959	
EIF4A2	PSMD6	PSMD6	1.405|1.409|1.530	4.344	1.448	3	1.892|1.937|1.779	0.000	0.000	0.000	0.000	0.000	-15.840	0.775	0.942	
EIF4A2	PSMD7	PSMD7	1.030|1.137|1.143	3.309	1.103	3	1.137|1.236|1.203	0.000	0.000	0.000	0.000	0.000	-15.840	0.926	0.942	
EIF4A2	PSMD8	PSMD8	1.456|1.564|1.565	4.585	1.528	3	2.325|2.153|2.283	0.000	0.000	0.000	0.000	0.000	-15.840	0.678	0.942	
EIF4A2	PSME1	PSME1	0.462|0.505|0.531	1.498	0.499	3	0.714|0.717|0.679	0.000	0.000	0.000	0.000	0.000	-15.840	0.711	0.942	
EIF4A2	PSME2	PSME2	0.210|0.289|0.266	0.765	0.255	3	0.346|0.328|0.356	0.000	0.000	0.000	0.000	0.000	-15.840	0.743	0.942	
EIF4A2	PSME3	PSME3	1.277|1.128|1.086	3.491	1.164	3	1.740|1.750|1.608	0.000	0.000	0.000	0.000	0.000	-15.840	0.685	0.942	
EIF4A2	PSMG1	PSMG1	0.366|0.434|0.437	1.237	0.412	3	0.619|0.558|0.554	0.000	0.000	0.000	0.000	0.000	-15.840	0.715	0.942	
EIF4A2	PSPC1	PSPC1	2.045|2.005|4.207	8.258	2.753	3	1.947|2.024|2.118	0.011	0.034	0.011	0.034	0.011	-15.840	1.357	0.763	
EIF4A2	PSRC1	PSRC1	0.574|0.575|0.596	1.745	0.582	3	0.749|0.732|0.701	0.000	0.000	0.000	0.000	0.000	-15.840	0.800	0.942	
EIF4A2	PTBP1	PTBP1	1.011|1.247|1.246	3.504	1.168	3	0.659|0.642|0.613	0.034	0.034	0.034	0.034	0.034	-3.340	1.831	0.425	
EIF4A2	PTCD3	PTCD3	0.092|0.155|0.115	0.362	0.121	3	0.091|0.114|0.137	0.000	0.000	0.000	0.000	0.000	-15.840	1.076	0.912	
EIF4A2	PTGES3	PTGES3	0.706|0.698|0.746	2.150	0.717	3	0.445|0.608|0.583	0.000	0.000	0.000	0.000	0.000	-14.130	1.326	0.894	
EIF4A2	PTMA	PTMA	1.361|1.302|1.729	4.392	1.464	3	0.732|0.665|0.758	0.034	0.034	0.034	0.034	0.034	-3.340	2.040	0.629	
EIF4A2	PTMS	PTMS	0.583|0.536|0.534	1.653	0.551	3	0.263|0.351|0.130	0.139	0.197	0.139	0.197	0.139	-2.114	2.405	0.231	
EIF4A2	PTS	PTS	3.048|3.250|3.389	9.686	3.229	3	3.990|3.972|3.896	0.000	0.000	0.000	0.000	0.000	-15.840	0.817	0.942	
EIF4A2	PUF60	PUF60	2.160|2.049|2.473	6.681	2.227	3	1.910|2.171|1.996	0.000	0.000	0.000	0.000	0.000	-15.813	1.101	0.849	
EIF4A2	PURA	PURA	0.331|0.366|.	0.983	0.328	3	.|.|0.224	0.004	0.011	0.004	0.011	0.004	-13.129	1.461	0.791	
EIF4A2	PYCR1	PYCR1	0.240|0.243|0.237	0.720	0.240	3	0.279|0.319|0.304	0.000	0.000	0.000	0.000	0.000	-15.840	0.800	0.959	
EIF4A2	PYCR2	PYCR2	0.789|0.771|0.775	2.334	0.778	3	1.059|0.982|0.961	0.000	0.000	0.000	0.000	0.000	-15.840	0.778	0.942	
EIF4A2	QARS1	QARS1	0.225|0.350|0.426	1.001	0.334	3	0.395|0.425|0.458	0.000	0.000	0.000	0.000	0.000	-15.840	0.784	0.940	
EIF4A2	QPCT	QPCT	2.002|2.161|2.107	6.270	2.090	3	2.613|2.617|2.679	0.000	0.000	0.000	0.000	0.000	-15.840	0.793	0.942	
EIF4A2	QPCTL	QPCTL	0.811|0.718|0.894	2.423	0.808	3	0.973|1.046|0.846	0.000	0.000	0.000	0.000	0.000	-15.840	0.849	0.961	
EIF4A2	RAB10	RAB10	1.763|1.831|1.877	5.471	1.824	3	2.337|2.193|2.257	0.000	0.000	0.000	0.000	0.000	-15.840	0.806	0.942	
EIF4A2	RAB11B	RAB11B	0.921|0.957|1.045	2.923	0.974	3	1.038|1.174|1.091	0.000	0.000	0.000	0.000	0.000	-15.840	0.886	0.942	
EIF4A2	RAB21	RAB21	0.260|0.518|0.282	1.060	0.353	3	0.318|0.349|0.294	0.011	0.034	0.011	0.034	0.011	-15.840	1.105	0.765	
EIF4A2	RAB34	RAB34	0.360|0.381|0.381	1.122	0.374	3	0.455|0.502|0.483	0.000	0.000	0.000	0.000	0.000	-15.840	0.780	0.942	
EIF4A2	RAB3GAP2	RAB3GAP2	0.535|0.509|0.511	1.555	0.518	3	0.414|0.555|0.553	0.000	0.000	0.000	0.000	0.000	-15.835	1.031	0.935	
EIF4A2	RAB5C	RAB5C	0.954|0.970|1.160	3.084	1.028	3	1.209|1.191|1.225	0.000	0.000	0.000	0.000	0.000	-15.840	0.851	0.942	
EIF4A2	RAB7A	RAB7A	0.864|0.914|0.940	2.718	0.906	3	0.964|1.062|0.967	0.000	0.000	0.000	0.000	0.000	-15.840	0.909	0.942	
EIF4A2	RAB8A	RAB8A	0.597|0.547|0.599	1.743	0.581	3	0.720|0.889|0.888	0.000	0.000	0.000	0.000	0.000	-15.840	0.701	0.957	
EIF4A2	RAB9A	RAB9A	0.794|0.662|0.767	2.222	0.741	3	0.750|0.721|0.643	0.000	0.000	0.000	0.000	0.000	-15.840	1.053	0.911	
EIF4A2	RABL6	RABL6	1.487|1.341|1.263	4.091	1.364	3	1.361|1.324|1.255	0.000	0.000	0.000	0.000	0.000	-15.840	1.039	0.902	
EIF4A2	RAC2	RAC2	0.745|0.846|0.955	2.547	0.849	3	0.871|0.857|0.879	0.000	0.000	0.000	0.000	0.000	-15.840	0.977	0.916	
EIF4A2	RACK1	RACK1	0.711|0.699|0.743	2.153	0.718	3	0.758|0.817|0.740	0.000	0.000	0.000	0.000	0.000	-15.840	0.930	0.942	
EIF4A2	RAD50	RAD50	1.218|1.449|1.251	3.918	1.306	3	1.664|1.698|1.623	0.000	0.000	0.000	0.000	0.000	-15.840	0.786	0.942	
EIF4A2	RAD51AP1	RAD51AP1	0.321|0.289|0.335	0.945	0.315	3	0.489|0.506|0.478	0.000	0.000	0.000	0.000	0.000	-15.840	0.642	0.942	
EIF4A2	RAF1	RAF1	0.435|0.474|0.677	1.585	0.528	3	0.652|0.642|0.766	0.000	0.000	0.000	0.000	0.000	-15.840	0.772	0.959	
EIF4A2	RALA	RALA	0.733|0.770|0.765	2.268	0.756	3	0.559|0.635|0.717	0.000	0.000	0.000	0.000	0.000	-14.820	1.193	0.903	
EIF4A2	RAN	RAN	2.252|2.195|2.321	6.767	2.256	3	2.123|2.206|2.277	0.000	0.000	0.000	0.000	0.000	-15.840	1.025	0.928	
EIF4A2	RANBP1	RANBP1	0.484|0.384|0.321	1.189	0.396	3	0.476|0.562|0.447	0.000	0.000	0.000	0.000	0.000	-15.840	0.804	0.957	
EIF4A2	RANBP2	RANBP2	0.867|0.552|1.010	2.428	0.809	3	0.656|0.656|0.673	0.021	0.034	0.021	0.034	0.021	-15.840	1.224	0.706	
EIF4A2	RANGAP1	RANGAP1	0.823|0.796|0.958	2.577	0.859	3	0.982|0.943|0.940	0.000	0.000	0.000	0.000	0.000	-15.840	0.900	0.939	
EIF4A2	RAP1B	RAP1B	0.768|0.747|0.801	2.316	0.772	3	0.846|0.855|0.865	0.000	0.000	0.000	0.000	0.000	-15.840	0.903	0.942	
EIF4A2	RARS1	RARS1	0.992|0.908|1.034	2.934	0.978	3	0.615|0.632|0.617	0.034	0.034	0.034	0.034	0.034	-3.340	1.574	0.610	
EIF4A2	RAVER1	RAVER1	0.263|0.364|0.300	0.926	0.309	3	0.484|0.433|0.458	0.000	0.000	0.000	0.000	0.000	-15.840	0.674	0.942	
EIF4A2	RBBP4	RBBP4	0.523|0.609|0.578	1.710	0.570	3	0.606|0.687|0.644	0.000	0.000	0.000	0.000	0.000	-15.840	0.884	0.942	
EIF4A2	RBBP7	RBBP7	2.570|2.758|3.044	8.372	2.791	3	2.676|2.637|2.754	0.000	0.000	0.000	0.000	0.000	-15.840	1.038	0.902	
EIF4A2	RBFA	RBFA	0.387|0.429|0.356	1.172	0.391	3	0.334|0.318|0.388	0.000	0.000	0.000	0.000	0.000	-15.779	1.131	0.893	
EIF4A2	RBIS	RBIS	0.787|0.855|0.925	2.567	0.856	3	1.029|1.091|1.013	0.000	0.000	0.000	0.000	0.000	-15.840	0.820	0.942	
EIF4A2	RBM10	RBM10	2.343|2.358|2.593	7.294	2.431	3	1.819|1.942|1.886	0.012	0.034	0.012	0.034	0.012	-7.750	1.292	0.737	
EIF4A2	RBM14	RBM14	2.964|3.100|3.516	9.580	3.193	3	4.023|4.073|3.807	0.000	0.000	0.000	0.000	0.000	-15.840	0.805	0.942	
EIF4A2	RBM15	RBM15	0.991|0.986|1.150	3.127	1.042	3	0.848|0.876|0.874	0.011	0.034	0.011	0.034	0.011	-13.022	1.203	0.756	
EIF4A2	RBM17	RBM17	1.106|1.232|1.093	3.431	1.144	3	1.065|1.157|1.108	0.000	0.000	0.000	0.000	0.000	-15.840	1.031	0.912	
EIF4A2	RBM25	RBM25	0.749|0.739|0.815	2.303	0.768	3	0.772|0.757|0.771	0.000	0.000	0.000	0.000	0.000	-15.840	1.001	0.927	
EIF4A2	RBM26	RBM26	0.924|0.882|0.858	2.664	0.888	3	0.902|0.945|0.972	0.000	0.000	0.000	0.000	0.000	-15.840	0.945	0.942	
EIF4A2	RBM27	RBM27	2.892|2.703|2.959	8.554	2.851	3	2.501|2.755|2.636	0.000	0.000	0.000	0.000	0.000	-15.709	1.085	0.902	
EIF4A2	RBM3	RBM3	3.581|3.630|3.764	10.975	3.658	3	5.071|4.807|5.005	0.000	0.000	0.000	0.000	0.000	-15.840	0.738	0.942	
EIF4A2	RBM33	RBM33	1.015|1.306|1.171	3.492	1.164	3	1.012|1.204|1.068	0.000	0.000	0.000	0.000	0.000	-15.840	1.066	0.895	
EIF4A2	RBM39	RBM39	1.223|1.244|1.375	3.842	1.281	3	1.198|1.261|1.249	0.000	0.000	0.000	0.000	0.000	-15.840	1.036	0.911	
EIF4A2	RBM42	RBM42	0.405|0.413|0.383	1.200	0.400	3	0.405|0.474|0.454	0.000	0.000	0.000	0.000	0.000	-15.840	0.902	0.960	
EIF4A2	RBM4B	RBM4B	0.351|0.298|0.376	1.025	0.342	3	0.534|.|0.427	0.000	0.000	0.000	0.000	0.000	-15.840	0.716	0.959	
EIF4A2	RBMX	RBMX	2.318|2.487|2.652	7.457	2.486	3	2.250|2.373|2.336	0.000	0.000	0.000	0.000	0.000	-15.840	1.072	0.895	
EIF4A2	RBMX2	RBMX2	0.580|0.631|0.635	1.846	0.615	3	0.463|0.566|0.603	0.000	0.000	0.000	0.000	0.000	-15.646	1.138	0.916	
EIF4A2	RBX1	RBX1	0.227|0.257|0.230	0.714	0.238	3	0.383|0.380|0.487	0.000	0.000	0.000	0.000	0.000	-15.840	0.575	0.957	
EIF4A2	RCC2	RCC2	4.338|4.363|4.394	13.096	4.365	3	5.754|5.614|5.642	0.000	0.000	0.000	0.000	0.000	-15.840	0.770	0.942	
EIF4A2	RCN2	RCN2	1.393|1.301|1.420	4.113	1.371	3	1.485|1.457|1.530	0.000	0.000	0.000	0.000	0.000	-15.840	0.920	0.942	
EIF4A2	RCOR1	RCOR1	0.357|0.357|0.277	0.991	0.330	3	0.352|0.375|0.430	0.000	0.000	0.000	0.000	0.000	-15.840	0.860	0.957	
EIF4A2	RDH11	RDH11	0.164|0.180|0.287	0.632	0.211	3	0.169|0.183|0.212	0.001	0.003	0.001	0.003	0.001	-15.840	1.126	0.809	
EIF4A2	REEP4	REEP4	0.398|0.400|0.397	1.195	0.398	3	0.350|0.455|0.404	0.000	0.000	0.000	0.000	0.000	-15.840	0.994	0.956	
EIF4A2	REEP5	REEP5	0.197|0.233|0.185	0.615	0.205	3	0.290|0.332|0.241	0.000	0.000	0.000	0.000	0.000	-15.840	0.719	0.957	
EIF4A2	RELCH	RELCH	0.163|0.250|0.217	0.630	0.210	3	0.296|0.243|0.362	0.000	0.000	0.000	0.000	0.000	-15.840	0.709	0.957	
EIF4A2	RER1	RER1	0.394|0.288|0.366	1.048	0.349	3	0.474|0.538|0.463	0.000	0.000	0.000	0.000	0.000	-15.840	0.712	0.959	
EIF4A2	RETREG3	RETREG3	0.131|0.277|0.345	0.753	0.251	3	0.357|0.253|0.313	0.000	0.000	0.000	0.000	0.000	-15.840	0.824	0.930	
EIF4A2	RFC1	RFC1	0.280|0.377|0.294	0.951	0.317	3	0.312|0.263|0.307	0.000	0.000	0.000	0.000	0.000	-15.840	1.081	0.866	
EIF4A2	RFC5	RFC5	1.896|0.269|0.217	2.382	0.794	3	0.312|0.387|0.440	0.333	1.000	0.333	1.000	0.333	-15.840	2.113	0.130	
EIF4A2	RFT1	RFT1	0.298|0.250|0.285	0.833	0.278	3	0.257|0.257|0.273	0.000	0.000	0.000	0.000	0.000	-15.840	1.059	0.899	
EIF4A2	RIOK1	RIOK1	2.859|2.554|2.989	8.402	2.801	3	3.572|3.844|3.599	0.000	0.000	0.000	0.000	0.000	-15.840	0.763	0.942	
EIF4A2	RIOK2	RIOK2	0.411|0.345|0.418	1.174	0.391	3	0.334|0.393|0.500	0.000	0.000	0.000	0.000	0.000	-15.840	0.970	0.938	
EIF4A2	R0SEL	R0SEL	0.393|.|.	0.963	0.321	3	0.321|0.380|0.462	0.000	0.000	0.000	0.000	0.000	-15.840	0.838	0.963	
EIF4A2	RNF20	RNF20	0.352|0.417|0.385	1.154	0.385	3	0.484|0.608|0.470	0.000	0.000	0.000	0.000	0.000	-15.840	0.744	0.961	
EIF4A2	RNF40	RNF40	0.366|0.342|0.411	1.119	0.373	3	0.517|0.453|0.494	0.000	0.000	0.000	0.000	0.000	-15.840	0.766	0.962	
EIF4A2	RNPS1	RNPS1	5.704|5.764|6.545	18.014	6.005	3	9.062|8.722|8.794	0.000	0.000	0.000	0.000	0.000	-15.840	0.678	0.942	
EIF4A2	RO60	RO60	0.244|0.264|0.404	0.913	0.304	3	0.286|0.226|0.248	0.006	0.019	0.006	0.019	0.006	-15.840	1.207	0.783	
EIF4A2	ROCK1	ROCK1	0.811|0.751|0.826	2.388	0.796	3	0.871|0.946|1.065	0.000	0.000	0.000	0.000	0.000	-15.840	0.831	0.959	
EIF4A2	RP9	RP9	4.531|4.367|5.046	13.943	4.648	3	4.154|4.042|3.909	0.000	0.001	0.000	0.001	0.000	-14.777	1.152	0.828	
EIF4A2	RPA1	RPA1	1.149|6.453|4.055	11.657	3.886	3	3.335|3.604|3.648	0.011	0.034	0.011	0.034	0.011	-15.840	1.102	0.757	
EIF4A2	RPA2	RPA2	0.738|0.914|0.851	2.503	0.834	3	1.000|1.024|1.028	0.000	0.000	0.000	0.000	0.000	-15.840	0.820	0.942	
EIF4A2	RPA3	RPA3	1.127|1.171|1.204	3.502	1.167	3	1.465|1.419|1.412	0.000	0.000	0.000	0.000	0.000	-15.840	0.815	0.940	
EIF4A2	RPL10	RPL10	2.335|2.303|2.382	7.019	2.340	3	1.978|2.144|1.871	0.000	0.000	0.000	0.000	0.000	-12.527	1.173	0.865	
EIF4A2	RPL10A	RPL10A	0.555|0.488|0.566	1.609	0.536	3	0.425|0.391|0.529	0.000	0.000	0.000	0.000	0.000	-15.572	1.206	0.906	
EIF4A2	RPL11	RPL11	3.027|2.891|3.348	9.266	3.089	3	3.247|3.473|3.313	0.000	0.000	0.000	0.000	0.000	-15.840	0.924	0.940	
EIF4A2	RPL12	RPL12	2.767|2.696|2.863	8.325	2.775	3	3.114|2.949|2.646	0.000	0.000	0.000	0.000	0.000	-15.840	0.958	0.962	
EIF4A2	RPL13	RPL13	1.612|1.729|1.470	4.812	1.604	3	1.423|0.942|1.804	0.000	0.000	0.000	0.000	0.000	-14.947	1.195	0.879	
EIF4A2	RPL13A	RPL13A	0.325|0.342|0.410	1.077	0.359	3	0.446|0.452|0.433	0.000	0.000	0.000	0.000	0.000	-15.840	0.809	0.942	
EIF4A2	RPL14	RPL14	0.714|0.702|0.609	2.025	0.675	3	0.591|0.514|0.750	0.000	0.000	0.000	0.000	0.000	-15.840	1.104	0.925	
EIF4A2	RPL15	RPL15	0.589|0.567|0.531	1.687	0.562	3	0.551|0.516|0.547	0.000	0.000	0.000	0.000	0.000	-15.840	1.046	0.915	
EIF4A2	RPL17	RPL17	1.775|1.672|1.701	5.148	1.716	3	1.395|1.564|1.667	0.000	0.000	0.000	0.000	0.000	-15.196	1.116	0.907	
EIF4A2	RPL18	RPL18	0.796|0.700|0.852	2.348	0.783	3	0.747|0.709|0.721	0.000	0.000	0.000	0.000	0.000	-15.840	1.079	0.879	
EIF4A2	RPL18A	RPL18A	0.504|0.547|0.336	1.386	0.462	3	0.347|0.418|0.416	0.000	0.000	0.000	0.000	0.000	-15.840	1.179	0.841	
EIF4A2	RPL19	RPL19	1.152|0.913|1.491	3.556	1.185	3	0.985|0.852|0.789	0.011	0.034	0.011	0.034	0.011	-15.711	1.359	0.755	
EIF4A2	RPL21	RPL21	0.311|0.314|0.398	1.024	0.341	3	0.317|0.281|0.281	0.011	0.034	0.011	0.034	0.011	-15.290	1.165	0.759	
EIF4A2	RPL22	RPL22	9.673|9.497|10.260	29.430	9.810	3	10.732|11.209|10.633	0.000	0.000	0.000	0.000	0.000	-15.840	0.904	0.942	
EIF4A2	RPL22L1	RPL22L1	0.189|0.184|0.219	0.592	0.197	3	0.436|0.488|0.411	0.000	0.000	0.000	0.000	0.000	-15.840	0.445	0.957	
EIF4A2	RPL23	RPL23	10.323|10.960|11.418	32.701	10.900	3	12.674|11.836|12.454	0.000	0.000	0.000	0.000	0.000	-15.840	0.885	0.942	
EIF4A2	RPL23A	RPL23A	2.576|2.611|2.979	8.166	2.722	3	2.591|2.853|2.759	0.000	0.000	0.000	0.000	0.000	-15.840	0.996	0.919	
EIF4A2	RPL24	RPL24	1.353|1.407|1.587	4.348	1.449	3	1.249|1.400|1.172	0.000	0.000	0.000	0.000	0.000	-15.471	1.141	0.877	
EIF4A2	RPL26	RPL26	1.843|1.879|2.078	5.800	1.933	3	1.742|1.741|1.723	0.000	0.000	0.000	0.000	0.000	-15.228	1.114	0.865	
EIF4A2	RPL27	RPL27	1.039|1.095|1.071	3.204	1.068	3	0.918|0.835|0.839	0.001	0.002	0.001	0.002	0.001	-10.055	1.238	0.814	
EIF4A2	RPL27A	RPL27A	2.175|2.357|2.640	7.172	2.391	3	2.208|2.199|2.233	0.000	0.000	0.000	0.000	0.000	-15.840	1.080	0.867	
EIF4A2	RPL28	RPL28	0.867|0.665|0.954	2.486	0.829	3	0.732|0.684|0.625	0.011	0.034	0.011	0.034	0.011	-15.840	1.220	0.748	
EIF4A2	RPL29	RPL29	0.254|0.437|0.331	1.023	0.341	3	0.298|0.346|0.327	0.007	0.020	0.007	0.020	0.007	-15.840	1.056	0.782	
EIF4A2	RPL3	RPL3	0.399|0.564|0.583	1.546	0.515	3	0.544|0.422|0.500	0.000	0.000	0.000	0.000	0.000	-15.840	1.061	0.912	
EIF4A2	RPL30	RPL30	0.625|0.357|0.337	1.319	0.440	3	0.295|0.427|0.406	0.000	0.000	0.000	0.000	0.000	-15.840	1.185	0.869	
EIF4A2	RPL31	RPL31	2.465|2.855|2.820	8.140	2.713	3	2.534|2.891|2.872	0.000	0.000	0.000	0.000	0.000	-15.840	0.983	0.933	
EIF4A2	RPL32	RPL32	0.587|0.603|0.639	1.829	0.610	3	0.912|0.844|0.750	0.000	0.000	0.000	0.000	0.000	-15.840	0.732	0.957	
EIF4A2	RPL34	RPL34	0.856|0.757|0.724	2.336	0.779	3	0.769|0.748|0.686	0.000	0.000	0.000	0.000	0.000	-15.840	1.062	0.882	
EIF4A2	RPL35	RPL35	5.304|4.855|5.302	15.461	5.154	3	4.711|5.207|5.045	0.000	0.000	0.000	0.000	0.000	-15.840	1.034	0.921	
EIF4A2	RPL35A	RPL35A	0.823|0.937|0.969	2.730	0.910	3	1.056|1.093|1.078	0.000	0.000	0.000	0.000	0.000	-15.840	0.846	0.942	
EIF4A2	RPL36	RPL36	0.478|0.616|0.675	1.769	0.590	3	0.352|0.400|0.353	0.023	0.034	0.023	0.034	0.023	-6.240	1.603	0.672	
EIF4A2	RPL36A	RPL36A	2.127|1.894|2.007	6.028	2.009	3	1.966|1.826|1.917	0.000	0.000	0.000	0.000	0.000	-15.840	1.056	0.907	
EIF4A2	RPL36AL	RPL36AL	0.682|0.608|0.950	2.241	0.747	3	.|.|.	0.347	0.972	0.347	0.972	0.347	-3.340	2.620	0.097	
EIF4A2	RPL37	RPL37	0.393|0.311|0.412	1.115	0.372	3	0.279|0.225|0.306	0.000	0.000	0.000	0.000	0.000	-15.166	1.388	0.858	
EIF4A2	RPL37A	RPL37A	0.308|0.434|0.400	1.141	0.380	3	0.315|0.284|0.390	0.000	0.000	0.000	0.000	0.000	-15.840	1.163	0.904	
EIF4A2	RPL38	RPL38	22.202|21.888|23.893	67.984	22.661	3	25.365|25.294|25.075	0.000	0.000	0.000	0.000	0.000	-15.840	0.898	0.942	
EIF4A2	RPL39	RPL39	2.283|2.269|2.390	6.942	2.314	3	2.255|1.930|1.907	0.000	0.000	0.000	0.000	0.000	-14.731	1.143	0.901	
EIF4A2	RPL4	RPL4	0.718|0.944|0.709	2.371	0.790	3	0.535|0.639|0.746	0.000	0.000	0.000	0.000	0.000	-15.508	1.245	0.879	
EIF4A2	RPL5	RPL5	0.864|0.645|0.818	2.327	0.776	3	0.757|0.753|0.811	0.000	0.000	0.000	0.000	0.000	-15.840	1.003	0.908	
EIF4A2	RPL6	RPL6	0.633|0.612|0.651	1.896	0.632	3	0.543|0.575|0.559	0.000	0.000	0.000	0.000	0.000	-14.470	1.130	0.880	
EIF4A2	RPL7	RPL7	0.582|0.764|0.838	2.184	0.728	3	0.616|0.687|0.691	0.000	0.001	0.000	0.001	0.000	-15.840	1.097	0.821	
EIF4A2	RPL7A	RPL7A	0.941|0.685|1.021	2.647	0.882	3	0.625|0.620|0.629	0.023	0.034	0.023	0.034	0.023	-14.375	1.413	0.700	
EIF4A2	RPL8	RPL8	0.761|0.900|0.811	2.472	0.824	3	0.686|0.672|0.824	0.000	0.000	0.000	0.000	0.000	-15.692	1.138	0.898	
EIF4A2	RPL9	RPL9	1.516|1.725|1.664	4.905	1.635	3	1.653|1.390|1.460	0.000	0.000	0.000	0.000	0.000	-15.825	1.092	0.908	
EIF4A2	RPLP0	RPLP0	0.564|0.570|0.515	1.648	0.549	3	0.523|0.661|0.523	0.000	0.000	0.000	0.000	0.000	-15.840	0.972	0.940	
EIF4A2	RPLP1	RPLP1	0.571|0.815|0.714	2.099	0.700	3	0.908|0.838|0.893	0.000	0.000	0.000	0.000	0.000	-15.840	0.796	0.942	
EIF4A2	RPLP2	RPLP2	0.747|0.602|0.686	2.035	0.678	3	0.678|0.774|0.703	0.000	0.000	0.000	0.000	0.000	-15.840	0.946	0.932	
EIF4A2	RPN1	RPN1	0.763|0.730|0.814	2.306	0.769	3	0.954|0.829|0.925	0.000	0.000	0.000	0.000	0.000	-15.840	0.853	0.957	
EIF4A2	RPN2	RPN2	0.698|0.703|0.729	2.131	0.710	3	0.887|0.721|0.848	0.000	0.000	0.000	0.000	0.000	-15.840	0.871	0.942	
EIF4A2	RPP25L	RPP25L	0.429|0.535|0.494	1.459	0.486	3	0.600|0.600|.	0.000	0.000	0.000	0.000	0.000	-15.840	0.810	0.960	
EIF4A2	RPS10	RPS10	13.130|16.232|15.790	45.153	15.051	3	19.007|17.379|17.303	0.000	0.000	0.000	0.000	0.000	-15.840	0.842	0.942	
EIF4A2	RPS11	RPS11	3.487|3.645|3.704	10.835	3.612	3	3.099|3.523|3.342	0.000	0.000	0.000	0.000	0.000	-15.417	1.089	0.904	
EIF4A2	RPS12	RPS12	1.237|1.097|1.198	3.531	1.177	3	1.270|1.385|1.268	0.000	0.000	0.000	0.000	0.000	-15.840	0.901	0.942	
EIF4A2	RPS13	RPS13	3.779|3.929|4.215	11.923	3.974	3	3.532|3.538|3.430	0.000	0.000	0.000	0.000	0.000	-14.847	1.136	0.858	
EIF4A2	RPS14	RPS14	3.258|3.767|4.040	11.066	3.689	3	4.395|4.345|4.396	0.000	0.000	0.000	0.000	0.000	-15.840	0.842	0.942	
EIF4A2	RPS15	RPS15	1.366|1.498|1.336	4.199	1.400	3	1.278|1.531|1.535	0.000	0.000	0.000	0.000	0.000	-15.840	0.970	0.936	
EIF4A2	RPS15A	RPS15A	3.890|3.836|4.191	11.917	3.972	3	3.592|3.460|3.617	0.000	0.000	0.000	0.000	0.000	-14.867	1.117	0.877	
EIF4A2	RPS16	RPS16	8.826|10.500|11.159	30.485	10.162	3	10.417|10.583|10.531	0.000	0.000	0.000	0.000	0.000	-15.840	0.967	0.928	
EIF4A2	RPS17	RPS17	1.981|2.340|2.271	6.593	2.198	3	2.084|2.199|2.277	0.000	0.000	0.000	0.000	0.000	-15.840	1.006	0.923	
EIF4A2	RPS18	RPS18	13.813|14.581|15.919	44.314	14.771	3	14.434|14.606|15.434	0.000	0.000	0.000	0.000	0.000	-15.840	0.997	0.924	
EIF4A2	RPS19	RPS19	6.780|6.816|7.784	21.379	7.126	3	7.862|8.178|7.832	0.000	0.000	0.000	0.000	0.000	-15.840	0.896	0.942	
EIF4A2	RPS19BP1	RPS19BP1	0.701|0.674|0.811	2.186	0.729	3	0.441|0.529|0.539	0.011	0.034	0.011	0.034	0.011	-10.475	1.455	0.749	
EIF4A2	RPS2	RPS2	3.942|4.112|4.413	12.467	4.156	3	4.083|4.310|4.062	0.000	0.000	0.000	0.000	0.000	-15.840	1.001	0.927	
EIF4A2	RPS20	RPS20	4.503|4.163|5.040	13.706	4.569	3	5.534|5.665|5.547	0.000	0.000	0.000	0.000	0.000	-15.840	0.819	0.942	
EIF4A2	RPS21	RPS21	0.415|0.418|0.380	1.213	0.404	3	0.375|0.350|0.410	0.000	0.000	0.000	0.000	0.000	-15.835	1.071	0.914	
EIF4A2	RPS23	RPS23	3.417|3.411|3.571	10.399	3.466	3	3.014|2.874|2.910	0.000	0.000	0.000	0.000	0.000	-11.980	1.182	0.851	
EIF4A2	RPS24	RPS24	3.623|3.228|3.435	10.286	3.429	3	3.317|3.292|3.212	0.000	0.000	0.000	0.000	0.000	-15.840	1.048	0.912	
EIF4A2	RPS25	RPS25	28.873|28.842|33.119	90.834	30.278	3	30.361|32.666|31.786	0.000	0.000	0.000	0.000	0.000	-15.840	0.958	0.931	
EIF4A2	RPS26	RPS26	3.388|3.484|3.625	10.497	3.499	3	3.693|3.822|3.999	0.000	0.000	0.000	0.000	0.000	-15.840	0.912	0.942	
EIF4A2	RPS27	RPS27	6.189|5.844|6.506	18.539	6.180	3	7.201|7.292|7.339	0.000	0.000	0.000	0.000	0.000	-15.840	0.849	0.942	
EIF4A2	RPS27L	RPS27L	1.880|1.879|2.159	5.917	1.972	3	2.536|2.942|2.795	0.000	0.000	0.000	0.000	0.000	-15.840	0.717	0.941	
EIF4A2	RPS28	RPS28	5.881|6.749|6.878	19.508	6.503	3	8.709|8.478|8.141	0.000	0.000	0.000	0.000	0.000	-15.840	0.771	0.942	
EIF4A2	RPS29	RPS29	10.587|10.767|10.803	32.158	10.719	3	11.297|11.658|11.803	0.000	0.000	0.000	0.000	0.000	-15.840	0.925	0.942	
EIF4A2	RPS3	RPS3	7.416|8.089|8.311	23.816	7.939	3	9.055|8.460|8.916	0.000	0.000	0.000	0.000	0.000	-15.840	0.901	0.942	
EIF4A2	RPS3A	RPS3A	1.735|2.085|2.035	5.855	1.952	3	1.836|1.835|1.795	0.000	0.000	0.000	0.000	0.000	-15.840	1.071	0.893	
EIF4A2	RPS4X	RPS4X	4.574|5.253|4.767	14.594	4.865	3	4.560|4.740|5.087	0.000	0.000	0.000	0.000	0.000	-15.840	1.015	0.916	
EIF4A2	RPS5	RPS5	4.780|5.210|5.150	15.140	5.047	3	5.265|5.163|5.484	0.000	0.000	0.000	0.000	0.000	-15.840	0.952	0.942	
EIF4A2	RPS6	RPS6	2.030|2.258|2.395	6.683	2.228	3	1.886|2.031|2.114	0.000	0.000	0.000	0.000	0.000	-15.819	1.109	0.866	
EIF4A2	RPS7	RPS7	3.834|4.114|4.186	12.135	4.045	3	4.284|3.920|4.292	0.000	0.000	0.000	0.000	0.000	-15.840	0.972	0.939	
EIF4A2	RPS8	RPS8	1.207|1.124|1.089	3.419	1.140	3	1.056|1.022|1.003	0.000	0.000	0.000	0.000	0.000	-15.259	1.110	0.878	
EIF4A2	RPS9	RPS9	3.402|3.434|3.588	10.424	3.475	3	3.102|2.982|3.008	0.000	0.000	0.000	0.000	0.000	-13.579	1.147	0.870	
EIF4A2	RPSA	RPSA	0.547|0.536|0.533	1.616	0.539	3	0.465|0.433|0.449	0.000	0.000	0.000	0.000	0.000	-10.942	1.199	0.848	
EIF4A2	RRP12	RRP12	0.495|0.541|0.543	1.580	0.527	3	0.512|0.485|0.426	0.000	0.000	0.000	0.000	0.000	-15.656	1.114	0.907	
EIF4A2	RRP1B	RRP1B	0.673|0.671|0.845	2.189	0.730	3	0.658|0.673|0.721	0.000	0.000	0.000	0.000	0.000	-15.840	1.068	0.837	
EIF4A2	RRP36	RRP36	0.209|0.321|0.379	0.909	0.303	3	0.398|0.318|0.311	0.000	0.000	0.000	0.000	0.000	-15.840	0.892	0.929	
EIF4A2	RSL1D1	RSL1D1	0.489|0.352|0.647	1.488	0.496	3	0.435|0.402|0.351	0.011	0.034	0.011	0.034	0.011	-15.840	1.257	0.757	
EIF4A2	RSRC1	RSRC1	1.032|1.218|1.188	3.438	1.146	3	1.002|0.991|0.950	0.000	0.000	0.000	0.000	0.000	-15.402	1.168	0.832	
EIF4A2	RSRC2	RSRC2	2.599|2.552|3.002	8.154	2.718	3	2.954|2.971|3.102	0.000	0.000	0.000	0.000	0.000	-15.840	0.903	0.942	
EIF4A2	RTCA	RTCA	0.143|0.252|0.236	0.631	0.210	3	0.166|0.170|0.255	0.000	0.000	0.000	0.000	0.000	-15.840	1.088	0.920	
EIF4A2	RTCB	RTCB	1.134|1.239|1.167	3.540	1.180	3	1.447|1.313|1.312	0.000	0.000	0.000	0.000	0.000	-15.840	0.870	0.942	
EIF4A2	RTN3	RTN3	0.636|0.586|0.592	1.814	0.605	3	0.815|0.705|0.807	0.000	0.000	0.000	0.000	0.000	-15.840	0.781	0.960	
EIF4A2	RTN4	RTN4	0.717|0.828|0.783	2.328	0.776	3	1.096|1.196|1.129	0.000	0.000	0.000	0.000	0.000	-15.840	0.681	0.942	
EIF4A2	RTRAF	RTRAF	1.006|1.010|1.124	3.139	1.046	3	1.204|1.118|1.202	0.000	0.000	0.000	0.000	0.000	-15.840	0.891	0.942	
EIF4A2	RUVBL1	RUVBL1	1.721|1.227|1.435	4.383	1.461	3	1.966|1.953|2.102	0.000	0.000	0.000	0.000	0.000	-15.840	0.729	0.942	
EIF4A2	RUVBL2	RUVBL2	1.633|1.604|1.607	4.844	1.615	3	2.247|2.362|2.252	0.000	0.000	0.000	0.000	0.000	-15.840	0.706	0.942	
EIF4A2	SACM1L	SACM1L	0.573|0.525|0.627	1.725	0.575	3	0.552|0.596|0.524	0.000	0.000	0.000	0.000	0.000	-15.840	1.033	0.905	
EIF4A2	SAFB	SAFB	0.308|0.438|0.446	1.193	0.398	3	0.498|0.474|0.410	0.000	0.000	0.000	0.000	0.000	-15.840	0.866	0.961	
EIF4A2	SAP30BP	SAP30BP	1.029|1.018|1.042	3.089	1.030	3	0.931|0.979|0.940	0.000	0.000	0.000	0.000	0.000	-15.032	1.084	0.910	
EIF4A2	SARNP	SARNP	1.130|1.087|1.152	3.369	1.123	3	1.248|1.287|1.228	0.000	0.000	0.000	0.000	0.000	-15.840	0.895	0.942	
EIF4A2	SARS1	SARS1	0.360|0.375|0.320	1.055	0.352	3	0.456|0.537|0.385	0.000	0.000	0.000	0.000	0.000	-15.840	0.773	0.961	
EIF4A2	SART1	SART1	0.872|1.022|1.014	2.908	0.969	3	0.815|0.903|0.775	0.000	0.000	0.000	0.000	0.000	-15.528	1.169	0.859	
EIF4A2	SART3	SART3	0.679|0.643|1.012	2.334	0.778	3	0.863|0.916|0.834	0.000	0.000	0.000	0.000	0.000	-15.840	0.894	0.886	
EIF4A2	SBDS	SBDS	0.839|0.951|1.081	2.872	0.957	3	1.091|1.144|1.197	0.000	0.000	0.000	0.000	0.000	-15.840	0.837	0.942	
EIF4A2	SBF1	SBF1	0.367|0.176|0.409	0.952	0.317	3	0.449|0.363|0.407	0.000	0.000	0.000	0.000	0.000	-15.840	0.784	0.939	
EIF4A2	SCAF11	SCAF11	0.528|0.511|0.632	1.672	0.557	3	0.427|0.414|0.494	0.002	0.005	0.002	0.005	0.002	-14.138	1.256	0.802	
EIF4A2	SCAMP2	SCAMP2	0.274|0.439|0.436	1.149	0.383	3	0.434|0.311|0.447	0.000	0.000	0.000	0.000	0.000	-15.840	0.976	0.930	
EIF4A2	SCAMP3	SCAMP3	0.542|0.463|0.559	1.564	0.521	3	0.504|0.644|0.411	0.000	0.000	0.000	0.000	0.000	-15.840	1.020	0.934	
EIF4A2	SCNM1	SCNM1	0.431|0.502|0.511	1.444	0.481	3	0.489|0.443|0.480	0.000	0.000	0.000	0.000	0.000	-15.840	1.023	0.916	
EIF4A2	SCO2	SCO2	0.341|.|0.394	1.020	0.340	3	0.356|0.283|0.348	0.000	0.000	0.000	0.000	0.000	-15.840	1.039	0.917	
EIF4A2	SCP2	SCP2	0.373|0.801|0.432	1.606	0.535	3	0.535|0.460|0.651	0.000	0.000	0.000	0.000	0.000	-15.840	0.985	0.889	
EIF4A2	SEC13	SEC13	0.469|0.517|0.536	1.523	0.508	3	0.634|0.569|0.495	0.000	0.000	0.000	0.000	0.000	-15.840	0.902	0.961	
EIF4A2	SEC22B	SEC22B	0.554|0.569|0.745	1.867	0.622	3	0.702|0.678|0.681	0.000	0.000	0.000	0.000	0.000	-15.840	0.906	0.921	
EIF4A2	SEC23IP	SEC23IP	0.271|0.239|0.890	1.399	0.466	3	0.445|0.708|0.860	0.000	0.000	0.000	0.000	0.000	-15.840	0.720	0.861	
EIF4A2	SEC31A	SEC31A	0.697|0.741|0.569	2.007	0.669	3	0.767|0.838|0.761	0.000	0.000	0.000	0.000	0.000	-15.840	0.849	0.942	
EIF4A2	SEC61A1	SEC61A1	1.081|1.215|1.319	3.615	1.205	3	1.139|1.403|1.348	0.000	0.000	0.000	0.000	0.000	-15.840	0.933	0.938	
EIF4A2	SEC61B	SEC61B	0.428|0.481|0.514	1.423	0.474	3	0.591|0.590|0.619	0.000	0.000	0.000	0.000	0.000	-15.840	0.791	0.942	
EIF4A2	SELENOH	SELENOH	0.563|0.588|0.653	1.804	0.601	3	0.597|0.649|0.706	0.000	0.000	0.000	0.000	0.000	-15.840	0.926	0.939	
EIF4A2	SEPTIN11	SEPTIN11	0.932|0.891|0.996	2.818	0.939	3	1.272|1.245|1.079	0.000	0.000	0.000	0.000	0.000	-15.840	0.786	0.962	
EIF4A2	SEPTIN2	SEPTIN2	1.014|1.062|1.069	3.144	1.048	3	1.255|1.347|1.346	0.000	0.000	0.000	0.000	0.000	-15.840	0.797	0.942	
EIF4A2	SEPTIN7	SEPTIN7	1.064|1.187|1.089	3.340	1.113	3	1.247|1.249|1.192	0.000	0.000	0.000	0.000	0.000	-15.840	0.906	0.942	
EIF4A2	SEPTIN9	SEPTIN9	0.754|0.685|0.879	2.318	0.773	3	0.941|0.978|2.605	0.000	0.000	0.000	0.000	0.000	-12.858	0.577	0.865	
EIF4A2	SERBP1	SERBP1	4.857|6.006|6.190	17.054	5.685	3	6.053|6.213|6.294	0.000	0.000	0.000	0.000	0.000	-15.840	0.919	0.940	
EIF4A2	SERF1A	SERF1A	0.654|0.454|0.540	1.647	0.549	3	0.810|0.651|0.681	0.000	0.000	0.000	0.000	0.000	-15.840	0.773	0.956	
EIF4A2	SERF2	SERF2	1.768|1.880|1.688	5.336	1.779	3	2.459|2.710|2.775	0.000	0.000	0.000	0.000	0.000	-15.840	0.673	0.942	
EIF4A2	SET	SET	2.693|2.662|2.758	8.112	2.704	3	1.697|1.542|1.552	0.034	0.034	0.034	0.034	0.034	-3.340	1.695	0.622	
EIF4A2	SF3A1	SF3A1	0.707|0.605|0.677	1.989	0.663	3	0.804|0.676|0.852	0.000	0.000	0.000	0.000	0.000	-15.840	0.857	0.961	
EIF4A2	SF3A2	SF3A2	0.361|0.396|0.441	1.199	0.400	3	0.684|0.692|0.607	0.000	0.000	0.000	0.000	0.000	-15.840	0.606	0.962	
EIF4A2	SF3A3	SF3A3	0.686|0.651|0.636	1.972	0.657	3	0.905|0.881|0.774	0.000	0.000	0.000	0.000	0.000	-15.840	0.772	0.956	
EIF4A2	SF3B1	SF3B1	0.701|0.788|0.760	2.249	0.750	3	0.754|0.744|0.814	0.000	0.000	0.000	0.000	0.000	-15.840	0.973	0.936	
EIF4A2	SF3B2	SF3B2	0.708|0.588|0.718	2.014	0.671	3	0.632|0.718|0.827	0.000	0.000	0.000	0.000	0.000	-15.840	0.931	0.959	
EIF4A2	SF3B3	SF3B3	0.742|0.922|0.867	2.531	0.844	3	1.392|1.445|1.497	0.000	0.000	0.000	0.000	0.000	-15.840	0.584	0.942	
EIF4A2	SF3B4	SF3B4	0.552|0.522|0.465	1.539	0.513	3	0.640|0.820|0.721	0.000	0.000	0.000	0.000	0.000	-15.840	0.709	0.961	
EIF4A2	SF3B5	SF3B5	0.244|0.275|0.285	0.804	0.268	3	0.572|0.479|0.498	0.000	0.000	0.000	0.000	0.000	-15.840	0.520	0.959	
EIF4A2	SFPQ	SFPQ	7.479|7.954|8.624	24.057	8.019	3	2.914|3.439|3.544	0.041	0.054	0.041	0.054	0.041	-3.340	2.439	0.344	
EIF4A2	SFSWAP	SFSWAP	0.555|0.593|0.615	1.763	0.588	3	0.703|0.753|0.596	0.000	0.000	0.000	0.000	0.000	-15.840	0.863	0.959	
EIF4A2	SGPL1	SGPL1	0.636|0.658|0.811	2.105	0.702	3	1.130|0.854|1.083	0.000	0.000	0.000	0.000	0.000	-15.840	0.691	0.956	
EIF4A2	SHMT2	SHMT2	1.176|1.253|1.304	3.732	1.244	3	1.683|1.903|1.857	0.000	0.000	0.000	0.000	0.000	-15.840	0.687	0.942	
EIF4A2	SKIC8	SKIC8	1.350|0.377|0.435	2.163	0.721	3	0.654|1.362|0.425	0.008	0.023	0.008	0.023	0.008	-12.333	0.996	0.778	
EIF4A2	SKP1	SKP1	1.517|1.228|1.353	4.099	1.366	3	2.349|2.411|2.268	0.000	0.000	0.000	0.000	0.000	-15.840	0.583	0.942	
EIF4A2	SLC16A1	SLC16A1	0.918|0.779|0.903	2.600	0.867	3	0.913|0.959|0.903	0.000	0.000	0.000	0.000	0.000	-15.840	0.937	0.942	
EIF4A2	SLC1A5	SLC1A5	1.136|1.211|2.281	4.628	1.543	3	1.780|2.073|1.874	0.000	0.000	0.000	0.000	0.000	-15.840	0.810	0.882	
EIF4A2	SLC25A3	SLC25A3	0.556|0.541|0.618	1.715	0.572	3	0.634|0.601|0.597	0.000	0.000	0.000	0.000	0.000	-15.840	0.936	0.938	
EIF4A2	SLC25A5	SLC25A5	1.477|1.313|1.475	4.265	1.422	3	1.325|1.302|1.332	0.000	0.000	0.000	0.000	0.000	-15.840	1.077	0.901	
EIF4A2	SLC30A7	SLC30A7	0.604|0.616|0.599	1.819	0.606	3	0.625|0.590|0.696	0.000	0.000	0.000	0.000	0.000	-15.840	0.954	0.961	
EIF4A2	SLC35F6	SLC35F6	0.163|.|0.200	0.649	0.216	3	0.173|.|0.181	0.000	0.000	0.000	0.000	0.000	-15.840	1.223	0.962	
EIF4A2	SLC38A2	SLC38A2	0.368|0.254|.	0.907	0.302	3	0.124|0.198|0.282	0.008	0.023	0.008	0.023	0.008	-8.283	1.588	0.778	
EIF4A2	SLC39A14	SLC39A14	0.320|0.326|0.492	1.138	0.379	3	0.348|0.318|0.387	0.000	0.001	0.000	0.001	0.000	-15.840	1.085	0.822	
EIF4A2	SLC7A5	SLC7A5	0.251|0.319|0.331	0.901	0.300	3	0.238|0.193|0.223	0.006	0.017	0.006	0.017	0.006	-14.468	1.383	0.783	
EIF4A2	SLFN11	SLFN11	0.307|0.331|0.318	0.956	0.319	3	0.423|0.567|0.439	0.000	0.000	0.000	0.000	0.000	-15.840	0.675	0.961	
EIF4A2	SLIRP	SLIRP	0.813|0.900|0.853	2.566	0.855	3	1.031|1.080|1.092	0.000	0.000	0.000	0.000	0.000	-15.840	0.802	0.942	
EIF4A2	SLK	SLK	0.352|0.363|0.392	1.108	0.369	3	0.428|0.512|0.405	0.000	0.000	0.000	0.000	0.000	-15.840	0.828	0.957	
EIF4A2	SLTM	SLTM	0.952|0.879|0.959	2.791	0.930	3	1.192|1.239|1.187	0.000	0.000	0.000	0.000	0.000	-15.840	0.771	0.942	
EIF4A2	SLU7	SLU7	3.712|3.913|4.283	11.908	3.969	3	2.929|3.505|4.577	0.000	0.000	0.000	0.000	0.000	-15.828	1.100	0.929	
EIF4A2	SMC1A	SMC1A	0.619|0.670|0.695	1.984	0.661	3	0.729|0.823|0.959	0.000	0.000	0.000	0.000	0.000	-15.840	0.795	0.956	
EIF4A2	SMC2	SMC2	1.280|1.342|1.654	4.276	1.425	3	1.730|1.499|1.527	0.000	0.000	0.000	0.000	0.000	-15.840	0.901	0.933	
EIF4A2	SMC3	SMC3	6.457|5.789|5.991	18.238	6.079	3	1.562|3.184|2.829	0.483	0.692	0.483	0.692	0.483	-0.749	2.518	0.064	
EIF4A2	SMC4	SMC4	1.227|1.183|1.342	3.752	1.251	3	1.289|1.342|1.297	0.000	0.000	0.000	0.000	0.000	-15.840	0.955	0.935	
EIF4A2	SMNDC1	SMNDC1	0.498|0.439|0.514	1.450	0.483	3	0.536|0.503|0.550	0.000	0.000	0.000	0.000	0.000	-15.840	0.914	0.942	
EIF4A2	S0PIN	S0PIN	0.423|0.384|0.446	1.252	0.417	3	0.488|0.568|0.480	0.000	0.000	0.000	0.000	0.000	-15.840	0.818	0.961	
EIF4A2	SND1	SND1	0.698|0.709|0.751	2.159	0.720	3	1.040|1.013|1.012	0.000	0.000	0.000	0.000	0.000	-15.840	0.704	0.942	
EIF4A2	SNIP1	SNIP1	0.318|0.553|0.462	1.333	0.444	3	0.637|0.551|0.584	0.000	0.000	0.000	0.000	0.000	-15.840	0.754	0.959	
EIF4A2	SNRNP200	SNRNP200	0.937|1.045|1.204	3.185	1.062	3	1.012|1.255|1.163	0.000	0.000	0.000	0.000	0.000	-15.840	0.932	0.934	
EIF4A2	SNRNP27	SNRNP27	5.741|4.990|5.999	16.729	5.576	3	5.080|5.171|5.233	0.000	0.000	0.000	0.000	0.000	-15.840	1.080	0.884	
EIF4A2	SNRNP70	SNRNP70	1.068|1.089|1.121	3.278	1.093	3	1.080|1.021|1.120	0.000	0.000	0.000	0.000	0.000	-15.840	1.018	0.931	
EIF4A2	SNRPA	SNRPA	0.489|0.539|0.525	1.552	0.517	3	0.442|0.520|0.488	0.000	0.000	0.000	0.000	0.000	-15.819	1.073	0.914	
EIF4A2	SNRPA1	SNRPA1	0.642|0.665|0.717	2.024	0.675	3	0.593|0.700|0.644	0.000	0.000	0.000	0.000	0.000	-15.840	1.048	0.919	
EIF4A2	SNRPB	SNRPB	11.422|11.408|11.638	34.468	11.489	3	12.537|12.265|12.460	0.000	0.000	0.000	0.000	0.000	-15.840	0.925	0.942	
EIF4A2	SNRPB2	SNRPB2	0.210|0.194|.	0.689	0.230	3	0.311|0.171|0.304	0.000	0.000	0.000	0.000	0.000	-15.840	0.908	0.963	
EIF4A2	SNRPC	SNRPC	1.817|1.988|2.052	5.857	1.952	3	3.093|2.588|2.820	0.000	0.000	0.000	0.000	0.000	-15.840	0.691	0.941	
EIF4A2	SNRPD1	SNRPD1	0.858|0.807|0.964	2.629	0.876	3	1.190|1.190|1.254	0.000	0.000	0.000	0.000	0.000	-15.840	0.723	0.942	
EIF4A2	SNRPD2	SNRPD2	1.033|1.190|1.077	3.300	1.100	3	1.431|1.372|1.420	0.000	0.000	0.000	0.000	0.000	-15.840	0.782	0.962	
EIF4A2	SNRPD3	SNRPD3	14.906|18.028|17.139	50.073	16.691	3	17.751|18.028|17.770	0.000	0.000	0.000	0.000	0.000	-15.840	0.935	0.939	
EIF4A2	SNRPE	SNRPE	0.940|1.192|1.075	3.207	1.069	3	1.206|1.160|1.292	0.000	0.000	0.000	0.000	0.000	-15.840	0.877	0.942	
EIF4A2	SNU13	SNU13	0.488|0.591|0.537	1.615	0.538	3	0.617|0.624|0.617	0.000	0.000	0.000	0.000	0.000	-15.840	0.869	0.942	
EIF4A2	SNW1	SNW1	0.400|0.402|0.372	1.174	0.391	3	0.399|0.362|0.377	0.000	0.000	0.000	0.000	0.000	-15.840	1.032	0.924	
EIF4A2	SPAG9	SPAG9	0.690|0.776|0.667	2.134	0.711	3	0.941|1.005|1.071	0.000	0.000	0.000	0.000	0.000	-15.840	0.708	0.942	
EIF4A2	SPART	SPART	0.451|0.395|0.447	1.293	0.431	3	0.422|0.310|0.448	0.000	0.000	0.000	0.000	0.000	-15.834	1.109	0.926	
EIF4A2	SPIN1	SPIN1	9.564|9.404|9.286	28.254	9.418	3	9.131|8.699|8.413	0.000	0.000	0.000	0.000	0.000	-15.227	1.077	0.912	
EIF4A2	SPINDOC	SPINDOC	0.893|0.891|0.887	2.671	0.890	3	1.286|1.079|1.101	0.000	0.000	0.000	0.000	0.000	-15.840	0.773	0.941	
EIF4A2	SPTAN1	SPTAN1	0.562|0.264|0.714	1.540	0.513	3	0.608|0.657|0.661	0.000	0.000	0.000	0.000	0.000	-15.840	0.800	0.911	
EIF4A2	SPTBN1	SPTBN1	0.354|0.308|0.347	1.009	0.336	3	0.437|0.331|0.299	0.000	0.000	0.000	0.000	0.000	-15.840	0.958	0.940	
EIF4A2	SPTY2D1	SPTY2D1	0.624|0.715|0.706	2.044	0.681	3	0.661|0.785|0.671	0.000	0.000	0.000	0.000	0.000	-15.840	0.969	0.938	
EIF4A2	SREK1	SREK1	0.845|0.724|0.781	2.350	0.783	3	0.634|0.745|0.838	0.000	0.000	0.000	0.000	0.000	-15.840	1.067	0.924	
EIF4A2	SREK1IP1	SREK1IP1	5.204|5.122|4.953	15.279	5.093	3	4.608|5.329|5.295	0.000	0.000	0.000	0.000	0.000	-15.840	1.005	0.936	
EIF4A2	SRP14	SRP14	0.827|1.018|0.995	2.839	0.946	3	1.132|1.099|1.060	0.000	0.000	0.000	0.000	0.000	-15.840	0.863	0.942	
EIF4A2	SRP54	SRP54	1.475|1.657|1.741	4.873	1.624	3	1.594|1.789|1.599	0.000	0.000	0.000	0.000	0.000	-15.840	0.980	0.930	
EIF4A2	SRP68	SRP68	0.583|0.660|0.668	1.910	0.637	3	0.773|0.885|0.928	0.000	0.000	0.000	0.000	0.000	-15.840	0.741	0.956	
EIF4A2	SRP72	SRP72	0.530|0.596|0.387	1.512	0.504	3	0.460|0.510|0.488	0.000	0.000	0.000	0.000	0.000	-15.840	1.037	0.846	
EIF4A2	SRP9	SRP9	1.051|0.991|0.981	3.023	1.008	3	1.124|1.152|1.133	0.000	0.000	0.000	0.000	0.000	-15.840	0.887	0.942	
EIF4A2	SRPK1	SRPK1	0.214|0.175|0.258	0.647	0.216	3	0.222|0.247|0.188	0.000	0.000	0.000	0.000	0.000	-15.840	0.991	0.920	
EIF4A2	SRPRB	SRPRB	0.482|0.469|0.476	1.428	0.476	3	0.480|0.501|0.476	0.000	0.000	0.000	0.000	0.000	-15.840	0.980	0.942	
EIF4A2	SRRM1	SRRM1	1.825|1.926|1.850	5.602	1.867	3	1.302|1.577|1.616	0.000	0.000	0.000	0.000	0.000	-13.654	1.252	0.883	
EIF4A2	SRRM2	SRRM2	0.888|0.943|0.998	2.829	0.943	3	0.855|0.834|0.838	0.000	0.000	0.000	0.000	0.000	-15.367	1.119	0.872	
EIF4A2	SRSF1	SRSF1	2.037|2.078|2.309	6.425	2.142	3	2.091|2.171|2.170	0.000	0.000	0.000	0.000	0.000	-15.840	0.999	0.923	
EIF4A2	SRSF10	SRSF10	0.583|0.610|0.684	1.877	0.626	3	0.633|0.521|0.556	0.000	0.000	0.000	0.000	0.000	-15.791	1.101	0.901	
EIF4A2	SRSF11	SRSF11	2.234|2.739|2.742	7.715	2.572	3	2.635|2.515|2.526	0.000	0.000	0.000	0.000	0.000	-15.840	1.005	0.919	
EIF4A2	SRSF2	SRSF2	7.562|8.274|8.347	24.183	8.061	3	9.116|9.229|9.583	0.000	0.000	0.000	0.000	0.000	-15.840	0.866	0.942	
EIF4A2	SRSF3	SRSF3	7.249|7.302|8.164	22.715	7.572	3	5.975|6.569|6.577	0.001	0.004	0.001	0.004	0.001	-13.003	1.189	0.805	
EIF4A2	SRSF4	SRSF4	2.470|2.506|3.115	8.090	2.697	3	2.724|2.790|2.693	0.000	0.000	0.000	0.000	0.000	-15.840	0.986	0.899	
EIF4A2	SRSF5	SRSF5	0.736|0.544|0.713	1.993	0.664	3	0.767|0.623|0.674	0.000	0.000	0.000	0.000	0.000	-15.840	0.969	0.930	
EIF4A2	SRSF6	SRSF6	0.705|0.721|0.624	2.051	0.684	3	0.706|0.651|0.607	0.000	0.000	0.000	0.000	0.000	-15.840	1.046	0.915	
EIF4A2	SRSF7	SRSF7	1.224|1.139|1.233	3.596	1.199	3	0.908|0.879|0.852	0.026	0.034	0.026	0.034	0.026	-4.525	1.363	0.650	
EIF4A2	SRSF9	SRSF9	0.528|0.676|0.553	1.756	0.585	3	0.612|0.594|0.563	0.000	0.000	0.000	0.000	0.000	-15.840	0.994	0.895	
EIF4A2	SSB	SSB	0.704|0.860|0.793	2.357	0.786	3	0.571|0.767|0.807	0.000	0.000	0.000	0.000	0.000	-15.840	1.111	0.922	
EIF4A2	SSBP1	SSBP1	0.424|0.453|0.286	1.164	0.388	3	0.717|0.758|0.718	0.000	0.000	0.000	0.000	0.000	-15.840	0.531	0.942	
EIF4A2	SSR1	SSR1	0.519|0.462|0.582	1.563	0.521	3	0.581|0.711|0.694	0.000	0.000	0.000	0.000	0.000	-15.840	0.790	0.962	
EIF4A2	SSR4	SSR4	0.631|0.634|0.486	1.750	0.583	3	0.984|0.781|0.621	0.000	0.000	0.000	0.000	0.000	-15.840	0.747	0.961	
EIF4A2	SSRP1	SSRP1	0.593|0.566|0.546	1.705	0.568	3	0.986|1.096|0.949	0.000	0.000	0.000	0.000	0.000	-15.840	0.564	0.942	
EIF4A2	ST13	ST13	0.668|0.541|0.603	1.813	0.604	3	0.820|0.787|0.771	0.000	0.000	0.000	0.000	0.000	-15.840	0.763	0.942	
EIF4A2	STAU1	STAU1	0.440|0.376|0.451	1.267	0.422	3	0.124|0.236|0.274	0.080	0.128	0.080	0.128	0.080	-4.064	2.112	0.272	
EIF4A2	STEEP1	STEEP1	0.197|0.316|0.296	0.809	0.270	3	0.444|0.380|0.471	0.000	0.000	0.000	0.000	0.000	-15.840	0.627	0.959	
EIF4A2	STIP1	STIP1	5.871|6.014|6.053	17.937	5.979	3	9.511|8.974|9.379	0.000	0.000	0.000	0.000	0.000	-15.840	0.644	0.942	
EIF4A2	STK38	STK38	7.233|6.956|7.775	21.964	7.321	3	10.164|11.029|10.963	0.000	0.000	0.000	0.000	0.000	-15.840	0.684	0.942	
EIF4A2	STK38L	STK38L	2.267|2.264|2.125	6.655	2.218	3	2.532|2.418|2.722	0.000	0.000	0.000	0.000	0.000	-15.840	0.869	0.942	
EIF4A2	STMN1	STMN1	0.697|0.727|0.815	2.239	0.746	3	0.858|0.821|0.927	0.000	0.000	0.000	0.000	0.000	-15.840	0.860	0.942	
EIF4A2	STT3A	STT3A	0.326|0.188|0.275	0.789	0.263	3	0.540|0.457|0.458	0.000	0.000	0.000	0.000	0.000	-15.840	0.544	0.961	
EIF4A2	STUB1	STUB1	1.766|1.749|1.767	5.282	1.761	3	2.571|2.579|2.772	0.000	0.000	0.000	0.000	0.000	-15.840	0.667	0.942	
EIF4A2	SUB1	SUB1	20.047|21.119|22.039	63.204	21.068	3	24.493|23.883|25.803	0.000	0.000	0.000	0.000	0.000	-15.840	0.852	0.942	
EIF4A2	SUMO1	SUMO1	0.360|0.256|0.261	0.877	0.292	3	0.382|0.384|0.421	0.000	0.000	0.000	0.000	0.000	-15.840	0.739	0.942	
EIF4A2	SUPT4H1	SUPT4H1	0.193|0.161|0.150	0.503	0.168	3	0.323|0.311|0.266	0.000	0.000	0.000	0.000	0.000	-15.840	0.561	0.957	
EIF4A2	SUPT5H	SUPT5H	1.138|1.038|1.119	3.296	1.099	3	1.000|0.888|0.923	0.000	0.000	0.000	0.000	0.000	-14.004	1.174	0.849	
EIF4A2	SURF4	SURF4	2.399|2.744|2.732	7.875	2.625	3	2.599|2.513|2.502	0.000	0.000	0.000	0.000	0.000	-15.840	1.034	0.916	
EIF4A2	SYNCRIP	SYNCRIP	1.285|1.336|1.445	4.066	1.355	3	0.885|0.888|0.800	0.034	0.034	0.034	0.034	0.034	-3.340	1.583	0.425	
EIF4A2	TAB1	TAB1	0.320|1.032|0.446	1.798	0.599	3	0.650|1.101|1.046	0.000	0.000	0.000	0.000	0.000	-15.840	0.660	0.934	
EIF4A2	TACC3	TACC3	0.542|0.599|0.527	1.668	0.556	3	0.686|0.639|0.654	0.000	0.000	0.000	0.000	0.000	-15.840	0.844	0.942	
EIF4A2	TAF15	TAF15	2.274|7.133|2.205	11.612	3.871	3	1.712|1.650|1.929	0.333	1.000	0.333	1.000	0.333	-10.130	2.199	0.119	
EIF4A2	TAF2	TAF2	1.083|1.042|0.901	3.027	1.009	3	0.678|0.598|0.671	0.034	0.034	0.034	0.034	0.034	-3.340	1.557	0.409	
EIF4A2	TAF4	TAF4	0.323|0.375|0.370	1.067	0.356	3	0.537|0.399|0.378	0.000	0.000	0.000	0.000	0.000	-15.840	0.822	0.959	
EIF4A2	TAGLN2	TAGLN2	1.041|1.010|1.253	3.304	1.101	3	1.481|1.404|1.579	0.000	0.000	0.000	0.000	0.000	-15.840	0.741	0.942	
EIF4A2	TARDBP	TARDBP	0.357|0.463|0.408	1.228	0.409	3	0.396|0.426|0.337	0.000	0.000	0.000	0.000	0.000	-15.840	1.064	0.912	
EIF4A2	TARS1	TARS1	0.352|0.481|0.468	1.301	0.434	3	0.459|0.455|0.394	0.000	0.000	0.000	0.000	0.000	-15.840	0.997	0.919	
EIF4A2	TBC1D10B	TBC1D10B	1.546|1.190|1.643	4.379	1.460	3	1.570|1.450|1.546	0.000	0.000	0.000	0.000	0.000	-15.840	0.960	0.922	
EIF4A2	TBC1D4	TBC1D4	0.135|.|0.168	0.588	0.196	3	0.381|0.343|0.364	0.000	0.000	0.000	0.000	0.000	-15.840	0.541	0.962	
EIF4A2	TBCA	TBCA	0.430|0.365|0.449	1.244	0.415	3	0.346|0.362|0.382	0.000	0.000	0.000	0.000	0.000	-15.836	1.142	0.836	
EIF4A2	TCEA1	TCEA1	0.880|0.852|0.923	2.656	0.885	3	0.964|1.060|0.952	0.000	0.000	0.000	0.000	0.000	-15.840	0.894	0.942	
EIF4A2	TCEANC2	TCEANC2	0.550|0.516|0.569	1.635	0.545	3	0.656|0.495|0.516	0.000	0.000	0.000	0.000	0.000	-15.840	0.989	0.938	
EIF4A2	TCOF1	TCOF1	1.715|1.616|1.707	5.039	1.680	3	1.382|1.208|1.249	0.023	0.034	0.023	0.034	0.023	-7.456	1.315	0.679	
EIF4A2	TCP1	TCP1	5.588|5.573|5.866	17.028	5.676	3	6.825|7.222|7.044	0.000	0.000	0.000	0.000	0.000	-15.840	0.808	0.942	
EIF4A2	TECR	TECR	1.095|1.158|1.236	3.489	1.163	3	1.327|1.393|1.288	0.000	0.000	0.000	0.000	0.000	-15.840	0.871	0.942	
EIF4A2	TELO2	TELO2	0.662|0.789|0.794	2.244	0.748	3	1.177|1.093|1.104	0.000	0.000	0.000	0.000	0.000	-15.840	0.665	0.942	
EIF4A2	TES	TES	0.267|0.238|0.206	0.710	0.237	3	0.273|0.285|0.314	0.000	0.000	0.000	0.000	0.000	-15.840	0.816	0.959	
EIF4A2	TFAM	TFAM	0.707|0.810|0.817	2.334	0.778	3	0.780|0.838|0.783	0.000	0.000	0.000	0.000	0.000	-15.840	0.973	0.936	
EIF4A2	TFG	TFG	1.022|1.069|1.146	3.238	1.079	3	1.693|1.654|1.579	0.000	0.000	0.000	0.000	0.000	-15.840	0.657	0.962	
EIF4A2	TFIP11	TFIP11	0.747|0.687|0.637	2.070	0.690	3	0.894|1.086|1.059	0.000	0.000	0.000	0.000	0.000	-15.840	0.684	0.942	
EIF4A2	THOC2	THOC2	2.058|1.656|2.547	6.261	2.087	3	1.557|1.656|2.117	0.000	0.000	0.000	0.000	0.000	-15.840	1.185	0.885	
EIF4A2	THOC3	THOC3	0.516|0.483|0.640	1.639	0.546	3	0.655|0.686|0.687	0.000	0.000	0.000	0.000	0.000	-15.840	0.808	0.942	
EIF4A2	THRAP3	THRAP3	5.017|5.014|5.750	15.781	5.260	3	3.818|4.055|3.964	0.013	0.034	0.013	0.034	0.013	-6.123	1.334	0.724	
EIF4A2	THSD1	THSD1	16.839|13.544|16.527	46.911	15.637	3	.|.|.	1.000	1.000	1.000	1.000	1.000	7.702	54.848	0.000	
EIF4A2	TIMM13	TIMM13	0.586|0.774|0.664	2.024	0.675	3	1.111|1.214|1.104	0.000	0.000	0.000	0.000	0.000	-15.840	0.591	0.942	
EIF4A2	TIMM44	TIMM44	1.995|2.416|2.715	7.126	2.375	3	2.806|2.975|3.198	0.000	0.000	0.000	0.000	0.000	-15.840	0.795	0.942	
EIF4A2	TIMM50	TIMM50	0.849|0.705|0.662	2.216	0.739	3	0.663|0.695|0.631	0.001	0.004	0.001	0.004	0.001	-15.840	1.115	0.806	
EIF4A2	TM9SF2	TM9SF2	0.426|0.466|0.464	1.356	0.452	3	0.595|0.409|0.536	0.000	0.000	0.000	0.000	0.000	-15.840	0.891	0.961	
EIF4A2	TM9SF3	TM9SF3	0.607|0.588|0.730	1.925	0.642	3	0.628|0.596|0.557	0.000	0.000	0.000	0.000	0.000	-15.840	1.082	0.843	
EIF4A2	TMA16	TMA16	0.812|0.749|0.858	2.420	0.807	3	0.827|0.753|0.701	0.000	0.000	0.000	0.000	0.000	-15.840	1.063	0.913	
EIF4A2	TMA7	TMA7	14.514|17.758|16.629	48.901	16.300	3	18.629|22.913|23.301	0.000	0.000	0.000	0.000	0.000	-15.840	0.758	0.956	
EIF4A2	TMCO1	TMCO1	0.232|0.302|0.389	0.922	0.307	3	0.429|0.463|0.471	0.000	0.000	0.000	0.000	0.000	-15.840	0.677	0.942	
EIF4A2	TMED10	TMED10	0.153|0.254|0.398	0.806	0.269	3	0.322|0.357|0.330	0.000	0.000	0.000	0.000	0.000	-15.840	0.800	0.871	
EIF4A2	TMEM33	TMEM33	1.228|1.147|1.163	3.537	1.179	3	1.010|0.984|1.145	0.000	0.000	0.000	0.000	0.000	-14.836	1.129	0.894	
EIF4A2	TMPO	TMPO	0.724|0.745|0.732	2.201	0.734	3	0.775|0.859|0.703	0.000	0.000	0.000	0.000	0.000	-15.840	0.945	0.957	
EIF4A2	TNPO1	TNPO1	0.737|0.799|0.768	2.303	0.768	3	1.075|0.937|1.072	0.000	0.000	0.000	0.000	0.000	-15.840	0.748	0.957	
EIF4A2	TNPO3	TNPO3	0.158|0.300|0.227	0.685	0.228	3	0.665|0.665|0.341	0.000	0.000	0.000	0.000	0.000	-15.840	0.429	0.961	
EIF4A2	TOMM34	TOMM34	0.400|0.433|0.400	1.233	0.411	3	0.648|0.641|0.623	0.000	0.000	0.000	0.000	0.000	-15.840	0.645	0.942	
EIF4A2	TOP1	TOP1	7.357|7.502|8.086	22.944	7.648	3	6.884|8.659|7.346	0.000	0.000	0.000	0.000	0.000	-15.840	1.007	0.933	
EIF4A2	TPM1	TPM1	0.396|0.352|0.478	1.226	0.409	3	0.414|0.457|0.662	0.000	0.000	0.000	0.000	0.000	-15.840	0.818	0.942	
EIF4A2	TPM3	TPM3	0.965|0.993|1.060	3.018	1.006	3	1.120|1.142|1.131	0.000	0.000	0.000	0.000	0.000	-15.840	0.890	0.942	
EIF4A2	TPM4	TPM4	2.328|2.543|2.570	7.441	2.480	3	2.898|2.590|2.734	0.000	0.000	0.000	0.000	0.000	-15.840	0.906	0.942	
EIF4A2	TPR	TPR	0.288|0.314|0.343	0.944	0.315	3	0.344|0.307|0.322	0.000	0.000	0.000	0.000	0.000	-15.840	0.972	0.928	
EIF4A2	TRA2B	TRA2B	0.518|0.596|0.570	1.684	0.561	3	0.476|0.463|0.530	0.000	0.000	0.000	0.000	0.000	-15.360	1.148	0.860	
EIF4A2	TRAF2	TRAF2	0.340|0.334|0.359	1.034	0.345	3	0.320|0.306|0.303	0.000	0.000	0.000	0.000	0.000	-14.870	1.112	0.886	
EIF4A2	TRAF3IP1	TRAF3IP1	0.181|0.168|0.200	0.549	0.183	3	0.133|0.174|0.189	0.000	0.000	0.000	0.000	0.000	-15.828	1.117	0.922	
EIF4A2	TRAFD1	TRAFD1	0.329|0.292|0.373	0.995	0.332	3	0.301|0.429|0.391	0.000	0.000	0.000	0.000	0.000	-15.840	0.897	0.940	
EIF4A2	TRAP1	TRAP1	0.375|0.429|0.504	1.308	0.436	3	0.483|0.516|0.479	0.000	0.000	0.000	0.000	0.000	-15.840	0.885	0.936	
EIF4A2	TRAPPC1	TRAPPC1	0.327|0.273|0.317	0.917	0.306	3	0.424|0.414|0.336	0.000	0.000	0.000	0.000	0.000	-15.840	0.785	0.960	
EIF4A2	TRAPPC11	TRAPPC11	0.227|0.224|0.239	0.690	0.230	3	0.277|0.354|0.358	0.000	0.000	0.000	0.000	0.000	-15.840	0.703	0.957	
EIF4A2	TRAPPC3	TRAPPC3	0.787|0.862|0.891	2.540	0.847	3	1.026|1.097|1.175	0.000	0.000	0.000	0.000	0.000	-15.840	0.771	0.941	
EIF4A2	TRAPPC5	TRAPPC5	1.275|1.253|1.263	3.790	1.263	3	2.440|2.404|2.209	0.000	0.000	0.000	0.000	0.000	-15.840	0.538	0.942	
EIF4A2	TRIM21	TRIM21	2.139|2.220|2.236	6.596	2.199	3	2.337|2.418|2.446	0.000	0.000	0.000	0.000	0.000	-15.840	0.916	0.942	
EIF4A2	TRIM28	TRIM28	2.233|2.187|2.243	6.663	2.221	3	2.605|2.717|3.240	0.000	0.000	0.000	0.000	0.000	-15.840	0.782	0.962	
EIF4A2	TRIP13	TRIP13	0.487|0.443|0.451	1.381	0.460	3	0.649|0.470|0.630	0.000	0.000	0.000	0.000	0.000	-15.840	0.798	0.960	
EIF4A2	TRIR	TRIR	0.884|0.982|0.959	2.824	0.941	3	1.289|1.102|1.405	0.000	0.000	0.000	0.000	0.000	-15.840	0.748	0.959	
EIF4A2	TRMT10C	TRMT10C	0.678|0.612|0.785	2.074	0.691	3	0.774|0.818|0.763	0.000	0.000	0.000	0.000	0.000	-15.840	0.882	0.940	
EIF4A2	TSPAN3	TSPAN3	0.442|0.493|0.447	1.382	0.461	3	0.634|0.673|0.777	0.000	0.000	0.000	0.000	0.000	-15.840	0.666	0.957	
EIF4A2	TUBA1B	TUBA1B	0.272|0.312|0.193	0.778	0.259	3	0.209|0.218|0.295	0.000	0.000	0.000	0.000	0.000	-15.840	1.090	0.914	
EIF4A2	TUBA1C	TUBA1C	15.219|19.238|18.874	53.332	17.777	3	23.304|25.284|23.600	0.000	0.000	0.000	0.000	0.000	-15.840	0.739	0.942	
EIF4A2	TUBA3C	TUBA3C	14.702|14.166|14.785	43.653	14.551	3	18.980|21.017|20.013	0.000	0.000	0.000	0.000	0.000	-15.840	0.728	0.942	
EIF4A2	TUBAL3	TUBAL3	9.510|10.211|10.919	30.641	10.214	3	12.918|13.447|13.854	0.000	0.000	0.000	0.000	0.000	-15.840	0.762	0.942	
EIF4A2	TUBB	TUBB	14.128|14.409|15.954	44.491	14.830	3	17.700|18.404|18.144	0.000	0.000	0.000	0.000	0.000	-15.840	0.820	0.942	
EIF4A2	TUBB2A	TUBB2A	0.364|0.397|0.411	1.172	0.391	3	0.484|0.471|0.498	0.000	0.000	0.000	0.000	0.000	-15.840	0.806	0.942	
EIF4A2	TUBB2B	TUBB2B	1.324|3.249|1.824	6.397	2.132	3	2.795|2.464|1.783	0.000	0.000	0.000	0.000	0.000	-15.840	0.924	0.914	
EIF4A2	TUBB3	TUBB3	2.259|2.333|2.049	6.640	2.213	3	1.476|1.368|1.568	0.034	0.034	0.034	0.034	0.034	-3.340	1.508	0.614	
EIF4A2	TUBB4B	TUBB4B	5.878|6.031|7.142	19.050	6.350	3	7.892|8.545|8.272	0.000	0.000	0.000	0.000	0.000	-15.840	0.771	0.942	
EIF4A2	TUBB6	TUBB6	1.092|1.679|1.463	4.233	1.411	3	4.128|3.732|3.926	0.000	0.000	0.000	0.000	0.000	-15.840	0.359	0.942	
EIF4A2	TUBB8	TUBB8	1.739|.|.	2.309	0.770	3	.|1.449|.	0.000	0.000	0.000	0.000	0.000	-15.840	0.531	0.862	
EIF4A2	TUBG1	TUBG1	0.425|0.422|0.507	1.354	0.451	3	0.649|0.566|0.590	0.000	0.000	0.000	0.000	0.000	-15.840	0.752	0.957	
EIF4A2	TUFM	TUFM	0.961|1.071|1.157	3.189	1.063	3	0.831|0.995|0.929	0.000	0.000	0.000	0.000	0.000	-15.630	1.161	0.869	
EIF4A2	TXL0	TXL0	0.331|0.307|0.332	0.970	0.323	3	0.448|0.472|0.525	0.000	0.000	0.000	0.000	0.000	-15.840	0.673	0.959	
EIF4A2	TXLNG	TXLNG	0.509|0.609|1.001	2.118	0.706	3	0.612|0.650|0.623	0.011	0.034	0.011	0.034	0.011	-15.840	1.124	0.767	
EIF4A2	TXN	TXN	5.958|5.997|6.640	18.594	6.198	3	5.983|5.512|5.621	0.000	0.000	0.000	0.000	0.000	-15.514	1.087	0.884	
EIF4A2	TXN2	TXN2	1.632|1.474|1.132	4.239	1.413	3	1.475|1.237|1.673	0.000	0.000	0.000	0.000	0.000	-15.840	0.974	0.930	
EIF4A2	TXNDC12	TXNDC12	23.034|24.370|24.216	71.620	23.873	3	30.075|28.986|29.085	0.000	0.000	0.000	0.000	0.000	-15.840	0.813	0.942	
EIF4A2	TXNDC5	TXNDC5	1.083|0.946|0.976	3.004	1.001	3	1.368|1.248|1.257	0.000	0.000	0.000	0.000	0.000	-15.840	0.776	0.942	
EIF4A2	TXNDC9	TXNDC9	0.851|0.789|0.816	2.456	0.819	3	0.642|0.727|0.706	0.000	0.000	0.000	0.000	0.000	-12.843	1.186	0.840	
EIF4A2	U2AF1	U2AF1	6.951|6.637|7.337	20.925	6.975	3	7.334|7.727|7.460	0.000	0.000	0.000	0.000	0.000	-15.840	0.929	0.942	
EIF4A2	U2AF2	U2AF2	3.513|4.063|3.914	11.491	3.830	3	3.833|6.417|5.984	0.000	0.000	0.000	0.000	0.000	-15.840	0.725	0.960	
EIF4A2	U2SURP	U2SURP	2.978|2.700|2.818	8.496	2.832	3	2.210|2.550|2.380	0.000	0.000	0.000	0.000	0.000	-13.451	1.192	0.839	
EIF4A2	UBA1	UBA1	0.416|0.383|0.454	1.252	0.417	3	0.478|0.447|0.469	0.000	0.000	0.000	0.000	0.000	-15.840	0.899	0.942	
EIF4A2	UBA2	UBA2	0.466|0.445|0.536	1.448	0.483	3	0.638|0.611|0.483	0.000	0.000	0.000	0.000	0.000	-15.840	0.842	0.961	
EIF4A2	UBAP2	UBAP2	0.539|0.565|0.503	1.607	0.536	3	0.456|0.440|0.476	0.000	0.000	0.000	0.000	0.000	-14.264	1.172	0.838	
EIF4A2	UBAP2L	UBAP2L	2.897|2.686|3.239	8.821	2.940	3	3.775|3.650|3.683	0.000	0.000	0.000	0.000	0.000	-15.840	0.794	0.942	
EIF4A2	UBE2E1	UBE2E1	0.872|0.930|0.949	2.750	0.917	3	1.015|1.073|1.033	0.000	0.000	0.000	0.000	0.000	-15.840	0.881	0.942	
EIF4A2	UBE2I	UBE2I	0.843|0.987|1.064	2.894	0.965	3	1.414|1.596|1.634	0.000	0.000	0.000	0.000	0.000	-15.840	0.624	0.942	
EIF4A2	UBE2L3	UBE2L3	0.520|0.674|0.675	1.868	0.623	3	0.800|0.668|0.725	0.000	0.000	0.000	0.000	0.000	-15.840	0.854	0.962	
EIF4A2	UBE2M	UBE2M	0.386|0.509|0.391	1.287	0.429	3	0.496|0.577|0.570	0.000	0.000	0.000	0.000	0.000	-15.840	0.784	0.961	
EIF4A2	UBE2N	UBE2N	0.504|0.562|0.616	1.682	0.561	3	0.572|0.630|0.546	0.000	0.000	0.000	0.000	0.000	-15.840	0.964	0.929	
EIF4A2	UBE2O	UBE2O	0.363|1.624|1.487	3.475	1.158	3	1.713|1.721|1.820	0.000	0.000	0.000	0.000	0.000	-15.840	0.662	0.941	
EIF4A2	UBE2S	UBE2S	0.360|0.455|0.534	1.349	0.450	3	0.510|0.621|0.489	0.000	0.000	0.000	0.000	0.000	-15.840	0.837	0.961	
EIF4A2	UBL4A	UBL4A	0.602|0.697|0.737	2.036	0.679	3	0.779|0.779|0.836	0.000	0.000	0.000	0.000	0.000	-15.840	0.851	0.942	
EIF4A2	UBR5	UBR5	0.144|0.240|0.197	0.581	0.194	3	0.513|0.299|0.312	0.000	0.000	0.000	0.000	0.000	-15.840	0.534	0.957	
EIF4A2	UCHL1	UCHL1	0.816|0.746|0.822	2.383	0.794	3	0.798|0.719|0.791	0.000	0.000	0.000	0.000	0.000	-15.840	1.034	0.921	
EIF4A2	UCKL1	UCKL1	0.358|0.319|0.226	0.904	0.301	3	0.364|0.469|0.339	0.000	0.000	0.000	0.000	0.000	-15.840	0.779	0.960	
EIF4A2	UGGT1	UGGT1	0.565|0.674|0.658	1.897	0.632	3	0.700|0.659|0.779	0.000	0.000	0.000	0.000	0.000	-15.840	0.890	0.957	
EIF4A2	UGP2	UGP2	0.289|0.319|0.344	0.952	0.317	3	0.471|0.467|0.494	0.000	0.000	0.000	0.000	0.000	-15.840	0.665	0.942	
EIF4A2	UPF1	UPF1	0.565|0.729|0.690	1.983	0.661	3	0.313|0.282|0.220	0.800	0.997	0.800	0.997	0.800	-0.352	2.459	0.013	
EIF4A2	UPF3B	UPF3B	0.342|0.326|0.357	1.024	0.341	3	0.271|0.303|0.351	0.000	0.000	0.000	0.000	0.000	-15.677	1.114	0.918	
EIF4A2	UQCC2	UQCC2	0.500|0.505|0.475	1.480	0.493	3	0.599|0.652|0.541	0.000	0.000	0.000	0.000	0.000	-15.840	0.828	0.959	
EIF4A2	UQCRC2	UQCRC2	0.322|0.327|0.367	1.017	0.339	3	0.446|0.373|0.441	0.000	0.000	0.000	0.000	0.000	-15.840	0.810	0.960	
EIF4A2	USO1	USO1	0.587|0.709|0.651	1.947	0.649	3	0.819|0.854|0.811	0.000	0.000	0.000	0.000	0.000	-15.840	0.784	0.942	
EIF4A2	USP11	USP11	0.179|0.365|0.280	0.825	0.275	3	0.514|0.435|0.448	0.000	0.000	0.000	0.000	0.000	-15.840	0.592	0.960	
EIF4A2	USP7	USP7	0.396|0.383|0.362	1.141	0.380	3	0.481|0.500|0.562	0.000	0.000	0.000	0.000	0.000	-15.840	0.741	0.961	
EIF4A2	USP9X	USP9X	1.415|1.339|0.965	3.718	1.239	3	1.075|1.030|0.927	0.013	0.034	0.013	0.034	0.013	-15.840	1.229	0.729	
EIF4A2	UTP14A	UTP14A	0.172|0.311|0.263	0.746	0.249	3	0.200|0.182|0.102	0.013	0.036	0.013	0.036	0.013	-12.596	1.604	0.727	
EIF4A2	VARS1	VARS1	0.813|1.075|0.825	2.713	0.904	3	1.309|1.301|1.210	0.000	0.000	0.000	0.000	0.000	-15.840	0.711	0.942	
EIF4A2	VBP1	VBP1	0.285|0.247|0.171	0.703	0.234	3	0.441|0.527|0.402	0.000	0.000	0.000	0.000	0.000	-15.840	0.517	0.957	
EIF4A2	VCP	VCP	4.085|4.529|4.762	13.377	4.459	3	5.759|5.826|5.792	0.000	0.000	0.000	0.000	0.000	-15.840	0.770	0.942	
EIF4A2	VIM	VIM	3.266|4.021|3.988	11.275	3.758	3	4.464|4.397|4.496	0.000	0.000	0.000	0.000	0.000	-15.840	0.844	0.942	
EIF4A2	VPS18	VPS18	0.340|0.399|1.392	2.132	0.711	3	0.496|0.533|0.586	0.011	0.034	0.011	0.034	0.011	-15.840	1.323	0.765	
EIF4A2	VPS33A	VPS33A	0.257|0.466|0.217	0.940	0.313	3	0.343|0.727|0.358	0.000	0.000	0.000	0.000	0.000	-15.840	0.701	0.872	
EIF4A2	VPS41	VPS41	0.083|0.069|0.123	0.276	0.092	3	0.140|0.247|0.156	0.000	0.000	0.000	0.000	0.000	-15.840	0.525	0.957	
EIF4A2	VPS50	VPS50	0.317|0.262|0.387	0.966	0.322	3	0.578|0.616|0.580	0.000	0.000	0.000	0.000	0.000	-15.840	0.545	0.942	
EIF4A2	VPS51	VPS51	0.355|0.539|0.365	1.258	0.419	3	0.498|0.584|0.563	0.000	0.000	0.000	0.000	0.000	-15.840	0.766	0.961	
EIF4A2	VPS52	VPS52	0.360|0.448|0.593	1.401	0.467	3	0.598|0.635|0.518	0.000	0.000	0.000	0.000	0.000	-15.840	0.803	0.938	
EIF4A2	WARS1	WARS1	0.757|0.915|0.840	2.513	0.838	3	1.436|1.423|1.402	0.000	0.000	0.000	0.000	0.000	-15.840	0.590	0.942	
EIF4A2	WASH3P	WASH3P	0.414|0.378|0.435	1.227	0.409	3	0.563|0.496|0.571	0.000	0.000	0.000	0.000	0.000	-15.840	0.754	0.959	
EIF4A2	WASHC2A	WASHC2A	0.216|0.210|0.305	0.731	0.244	3	0.333|0.305|0.348	0.000	0.000	0.000	0.000	0.000	-15.840	0.742	0.959	
EIF4A2	WASHC5	WASHC5	0.222|0.276|0.343	0.841	0.280	3	0.340|0.373|0.422	0.000	0.000	0.000	0.000	0.000	-15.840	0.743	0.956	
EIF4A2	WBP11	WBP11	0.810|0.695|0.736	2.241	0.747	3	0.714|0.614|0.701	0.000	0.000	0.000	0.000	0.000	-15.745	1.107	0.888	
EIF4A2	WDR26	WDR26	0.487|0.401|0.487	1.375	0.458	3	0.608|0.530|0.492	0.000	0.000	0.000	0.000	0.000	-15.840	0.847	0.959	
EIF4A2	WDR33	WDR33	1.138|0.940|1.089	3.167	1.056	3	1.009|1.072|1.157	0.000	0.000	0.000	0.000	0.000	-15.840	0.980	0.929	
EIF4A2	WDR70	WDR70	0.249|0.324|0.272	0.846	0.282	3	0.436|0.380|0.316	0.000	0.000	0.000	0.000	0.000	-15.840	0.754	0.957	
EIF4A2	WDR77	WDR77	27.183|27.981|28.592	83.756	27.919	3	31.320|30.921|31.765	0.000	0.000	0.000	0.000	0.000	-15.840	0.891	0.942	
EIF4A2	WDR83	WDR83	0.902|0.903|0.832	2.637	0.879	3	1.116|1.252|1.282	0.000	0.000	0.000	0.000	0.000	-15.840	0.724	0.959	
EIF4A2	XPO1	XPO1	0.936|1.165|0.784	2.885	0.962	3	1.092|1.158|1.130	0.000	0.000	0.000	0.000	0.000	-15.840	0.854	0.934	
EIF4A2	XPO5	XPO5	0.492|0.403|0.545	1.440	0.480	3	0.551|0.582|0.609	0.000	0.000	0.000	0.000	0.000	-15.840	0.828	0.942	
EIF4A2	XPO7	XPO7	0.621|0.554|0.756	1.930	0.643	3	0.838|0.751|0.808	0.000	0.000	0.000	0.000	0.000	-15.840	0.806	0.942	
EIF4A2	XRCC5	XRCC5	0.990|0.937|1.092	3.018	1.006	3	2.062|2.025|2.070	0.000	0.000	0.000	0.000	0.000	-15.840	0.490	0.942	
EIF4A2	XRCC6	XRCC6	1.111|1.032|1.018	3.162	1.054	3	1.897|1.839|1.742	0.000	0.000	0.000	0.000	0.000	-15.840	0.577	0.940	
EIF4A2	XRN2	XRN2	2.961|3.205|3.311	9.477	3.159	3	4.969|5.116|5.293	0.000	0.000	0.000	0.000	0.000	-15.840	0.616	0.942	
EIF4A2	YARS1	YARS1	0.489|0.499|0.586	1.574	0.525	3	0.595|0.665|0.567	0.000	0.000	0.000	0.000	0.000	-15.840	0.863	0.942	
EIF4A2	YBEY	YBEY	0.541|0.690|0.689	1.919	0.640	3	0.723|0.914|0.764	0.000	0.000	0.000	0.000	0.000	-15.840	0.803	0.962	
EIF4A2	YBX1	YBX1	0.930|1.021|0.945	2.896	0.965	3	1.052|0.578|0.670	0.000	0.000	0.000	0.000	0.000	-13.276	1.302	0.873	
EIF4A2	YBX3	YBX3	0.867|0.897|0.901	2.665	0.888	3	0.576|0.565|0.619	0.034	0.034	0.034	0.034	0.034	-3.340	1.515	0.425	
EIF4A2	YIPF4	YIPF4	0.335|0.296|0.250	0.881	0.294	3	0.270|.|0.286	0.000	0.000	0.000	0.000	0.000	-15.840	1.056	0.910	
EIF4A2	YTHDC2	YTHDC2	0.259|0.315|0.125	0.698	0.233	3	0.237|0.127|0.203	0.001	0.002	0.001	0.002	0.001	-15.840	1.274	0.816	
EIF4A2	YTHDF2	YTHDF2	0.299|0.240|0.345	0.885	0.295	3	0.305|0.181|0.150	0.000	0.000	0.000	0.000	0.000	-14.000	1.457	0.887	
EIF4A2	YWHAB	YWHAB	0.317|0.272|0.289	0.878	0.293	3	0.398|0.643|0.361	0.000	0.000	0.000	0.000	0.000	-15.840	0.647	0.959	
EIF4A2	YWHAE	YWHAE	2.005|2.344|2.297	6.647	2.216	3	2.494|2.426|2.463	0.000	0.000	0.000	0.000	0.000	-15.840	0.900	0.942	
EIF4A2	YWHAG	YWHAG	0.728|0.325|1.019	2.072	0.691	3	1.145|1.128|1.006	0.000	0.000	0.000	0.000	0.000	-15.840	0.633	0.956	
EIF4A2	YWHAQ	YWHAQ	0.279|0.237|0.253	0.769	0.256	3	0.353|0.325|0.406	0.000	0.000	0.000	0.000	0.000	-15.840	0.712	0.961	
EIF4A2	YWHAZ	YWHAZ	0.775|0.651|0.830	2.256	0.752	3	0.836|0.931|0.798	0.000	0.000	0.000	0.000	0.000	-15.840	0.881	0.959	
EIF4A2	YY1	YY1	0.460|0.593|0.674	1.726	0.575	3	0.523|0.496|0.464	0.011	0.034	0.011	0.034	0.011	-15.840	1.165	0.753	
EIF4A2	ZC3H13	ZC3H13	1.565|0.412|1.496	3.472	1.157	3	0.456|0.558|0.432	0.666	0.999	0.666	0.999	0.666	-15.840	2.417	0.049	
EIF4A2	ZC3H15	ZC3H15	0.466|0.506|0.586	1.558	0.519	3	0.742|0.614|0.649	0.000	0.000	0.000	0.000	0.000	-15.840	0.780	0.961	
EIF4A2	ZC3H18	ZC3H18	0.668|0.394|1.353	2.415	0.805	3	0.525|0.710|0.699	0.070	0.211	0.070	0.211	0.070	-15.840	1.260	0.301	
EIF4A2	ZC3H4	ZC3H4	0.199|0.185|0.197	0.580	0.193	3	0.304|0.128|0.154	0.000	0.000	0.000	0.000	0.000	-10.093	1.064	0.842	
EIF4A2	ZC3HAV1	ZC3HAV1	0.321|0.313|0.418	1.052	0.351	3	0.343|0.350|0.397	0.000	0.000	0.000	0.000	0.000	-15.840	0.967	0.905	
EIF4A2	ZCCHC17	ZCCHC17	1.311|1.288|1.445	4.044	1.348	3	1.519|1.388|1.458	0.000	0.000	0.000	0.000	0.000	-15.840	0.927	0.962	
EIF4A2	ZGPAT	ZGPAT	0.424|0.512|0.413	1.348	0.449	3	0.435|0.502|0.522	0.000	0.000	0.000	0.000	0.000	-15.840	0.926	0.933	
EIF4A2	ZMAT2	ZMAT2	1.315|1.430|1.478	4.223	1.408	3	1.565|1.558|1.586	0.000	0.000	0.000	0.000	0.000	-15.840	0.897	0.942	
EIF4A2	ZNF207	ZNF207	0.940|0.762|0.907	2.609	0.870	3	0.842|0.878|0.937	0.000	0.000	0.000	0.000	0.000	-15.840	0.983	0.926	
EIF4A2	ZNF326	ZNF326	0.702|0.559|0.681	1.942	0.647	3	0.531|0.649|0.498	0.000	0.000	0.000	0.000	0.000	-15.838	1.165	0.903	
EIF4A2	ZNF511	ZNF511	0.106|.|.	0.676	0.225	3	.|0.057|0.263	0.000	0.000	0.000	0.000	0.000	-16.470	1.839	0.963	
EIF4A2	ZNF593	ZNF593	0.959|1.008|1.068	3.035	1.012	3	1.239|1.266|1.280	0.000	0.000	0.000	0.000	0.000	-15.840	0.802	0.942	
EIF4A2	ZNF638	ZNF638	1.502|1.244|1.671	4.418	1.473	3	1.331|1.455|1.339	0.000	0.000	0.000	0.000	0.000	-15.840	1.072	0.852	
EIF4A2	ZNF703	ZNF703	0.153|0.277|0.359	0.789	0.263	3	0.318|0.395|0.347	0.000	0.000	0.000	0.000	0.000	-15.840	0.748	0.938	
EIF4A2	ZNF706	ZNF706	3.012|2.417|2.792	8.221	2.740	3	3.219|2.987|3.243	0.000	0.000	0.000	0.000	0.000	-15.840	0.871	0.942	
EIF4A2	ZNRD2	ZNRD2	0.474|0.402|0.574	1.450	0.483	3	0.742|0.673|0.641	0.000	0.000	0.000	0.000	0.000	-15.840	0.707	0.962	
EIF4A2	ZRANB2	ZRANB2	3.774|3.653|4.766	12.192	4.064	3	4.389|4.359|5.291	0.000	0.000	0.000	0.000	0.000	-15.840	0.872	0.938	
EIF4A2	ZW10	ZW10	0.765|0.712|0.698	2.174	0.725	3	0.712|0.851|0.817	0.000	0.000	0.000	0.000	0.000	-15.840	0.916	0.960	
EIF4A2	ZYX	ZYX	0.869|0.916|1.035	2.821	0.940	3	1.498|1.360|1.388	0.000	0.000	0.000	0.000	0.000	-15.840	0.665	0.942	
EIF4A2	CCDC50	CCDC50	.|0.172|.	0.742	0.247	3	0.219|0.400|0.337	0.000	0.000	0.000	0.000	0.000	-15.840	0.800	0.963	
EIF4A2	CCNB1	CCNB1	.|0.387|.	0.957	0.319	3	0.389|0.416|0.231	0.000	0.000	0.000	0.000	0.000	-15.840	0.954	0.922	
EIF4A2	COG2	COG2	.|0.408|.	0.978	0.326	3	0.330|.|.	0.000	0.000	0.000	0.000	0.000	-15.840	0.988	0.899	
EIF4A2	ENDOG	ENDOG	.|0.320|0.225	0.830	0.277	3	0.154|0.297|0.338	0.000	0.000	0.000	0.000	0.000	-13.997	1.111	0.903	
EIF4A2	HAS1	HAS1	.|6.609|7.213	14.107	4.702	3	9.299|8.886|9.282	0.000	0.000	0.000	0.000	0.000	-15.840	0.514	0.962	
EIF4A2	HSP90AB2P	HSP90AB2P	.|0.669|.	1.239	0.413	3	.|1.772|.	0.000	0.000	0.000	0.000	0.000	-15.840	0.233	0.963	
EIF4A2	HSPA2	HSPA2	.|1.494|1.445	3.224	1.075	3	4.823|2.070|1.164	0.000	0.000	0.000	0.000	0.000	-15.840	0.474	0.830	
EIF4A2	HSPA6	HSPA6	.|1.895|.	2.465	0.822	3	2.297|2.444|2.163	0.000	0.000	0.000	0.000	0.000	-15.840	0.357	0.963	
EIF4A2	KIF7	KIF7	.|0.125|0.206	0.617	0.206	3	0.232|0.223|0.259	0.000	0.000	0.000	0.000	0.000	-15.840	0.865	0.963	
EIF4A2	KRT78	KRT78	.|1.278|.	1.848	0.616	3	.|.|.	0.333	1.000	0.333	1.000	0.333	-15.840	2.161	0.135	
EIF4A2	LCP1	LCP1	.|0.250|.	0.820	0.273	3	.|.|.	0.000	0.000	0.000	0.000	0.000	-15.840	0.959	0.963	
EIF4A2	MRPL57	MRPL57	.|0.116|0.117	0.517	0.172	3	0.222|0.122|.	0.000	0.000	0.000	0.000	0.000	-15.840	1.047	0.963	
EIF4A2	POTEI	POTEI	.|1.159|1.303	2.747	0.916	3	5.337|.|.	0.000	0.000	0.000	0.000	0.000	-15.840	0.172	0.962	
EIF4A2	PPIH	PPIH	.|0.677|0.779	1.741	0.580	3	0.414|0.416|0.425	0.023	0.034	0.023	0.034	0.023	-15.840	1.387	0.704	
EIF4A2	PPP4R2	PPP4R2	.|0.176|.	0.746	0.249	3	0.124|0.151|0.103	0.000	0.000	0.000	0.000	0.000	-13.410	1.999	0.906	
EIF4A2	PSMF1	PSMF1	.|0.211|.	0.781	0.260	3	0.284|0.304|0.292	0.000	0.000	0.000	0.000	0.000	-15.840	0.888	0.963	
EIF4A2	SF1	SF1	.|0.299|.	0.869	0.290	3	0.484|0.363|0.409	0.000	0.000	0.000	0.000	0.000	-15.840	0.697	0.963	
EIF4A2	TRMT112	TRMT112	.|0.174|.	0.745	0.248	3	0.177|0.229|0.298	0.000	0.000	0.000	0.000	0.000	-15.840	1.082	0.963	
EIF4A2	UQCC1	UQCC1	.|0.240|0.261	0.786	0.262	3	0.396|0.215|0.210	0.000	0.000	0.000	0.000	0.000	-15.840	1.003	0.921	
EIF4A2	VPS35L	VPS35L	.|0.187|0.128	0.600	0.200	3	0.292|0.262|0.223	0.000	0.000	0.000	0.000	0.000	-15.840	0.778	0.963	
EIF4A2	WASHC4	WASHC4	.|0.233|0.258	0.776	0.259	3	0.635|0.775|0.305	0.000	0.000	0.000	0.000	0.000	-15.840	0.487	0.963	
EIF4A2	YTHDF1	YTHDF1	.|0.262|.	0.833	0.278	3	.|.|.	0.000	0.000	0.000	0.000	0.000	-15.840	0.973	0.963	
EIF4A2	KRT38	KRT38	.|.|0.467	1.037	0.346	3	.|.|0.628	0.000	0.000	0.000	0.000	0.000	-15.840	0.551	0.963	
EIF4A2	PHF10	PHF10	.|.|0.276	0.846	0.282	3	0.305|0.327|0.283	0.000	0.000	0.000	0.000	0.000	-15.840	0.926	0.963	
EIF4A2	RABL3	RABL3	.|.|0.812	1.382	0.461	3	.|0.820|.	0.000	0.000	0.000	0.000	0.000	-15.840	0.562	0.963	
EIF4A2	SDF4	SDF4	.|.|0.375	0.945	0.315	3	0.387|0.448|0.395	0.000	0.000	0.000	0.000	0.000	-15.840	0.770	0.963	
EIF4A2	SH3GLB2	SH3GLB2	.|.|0.108	0.679	0.226	3	0.459|0.460|0.487	0.000	0.000	0.000	0.000	0.000	-15.840	0.483	0.963	
MEPCE	A2M	A2M	2.165|2.327|2.393	6.884	2.295	3	2.490|2.549|2.552	0.000	0.000	0.000	0.000	0.000	-15.840	0.907	0.942	
MEPCE	AAAS	AAAS	0.735|0.759|0.693	2.187	0.729	3	0.618|0.568|0.621	0.000	0.001	0.000	0.001	0.000	-12.503	1.212	0.820	
MEPCE	AAR2	AAR2	0.330|0.366|0.356	1.052	0.351	3	0.451|0.383|0.417	0.000	0.000	0.000	0.000	0.000	-15.840	0.843	0.959	
MEPCE	ABCE1	ABCE1	0.792|0.618|0.842	2.252	0.751	3	0.614|0.699|0.612	0.001	0.002	0.001	0.002	0.001	-15.840	1.171	0.813	
MEPCE	ABCF1	ABCF1	0.847|0.980|0.881	2.708	0.903	3	1.012|0.899|0.723	0.000	0.000	0.000	0.000	0.000	-15.840	1.038	0.931	
MEPCE	ABCF2	ABCF2	0.817|0.861|0.693	2.371	0.790	3	0.928|0.996|1.051	0.000	0.000	0.000	0.000	0.000	-15.840	0.798	0.942	
MEPCE	ABI1	ABI1	0.508|0.542|0.580	1.630	0.543	3	0.551|0.635|0.577	0.000	0.000	0.000	0.000	0.000	-15.840	0.926	0.959	
MEPCE	ABRAXAS2	ABRAXAS2	0.328|0.387|0.374	1.089	0.363	3	0.251|0.313|0.263	0.000	0.000	0.000	0.000	0.000	-14.051	1.324	0.848	
MEPCE	ACACA	ACACA	0.743|0.802|0.785	2.330	0.777	3	0.821|0.822|0.761	0.000	0.000	0.000	0.000	0.000	-15.840	0.970	0.940	
MEPCE	ACAP2	ACAP2	0.884|0.866|0.825	2.575	0.858	3	0.859|0.851|1.013	0.000	0.000	0.000	0.000	0.000	-15.840	0.949	0.959	
MEPCE	ACLY	ACLY	3.295|3.154|3.161	9.610	3.203	3	3.692|3.164|3.262	0.000	0.000	0.000	0.000	0.000	-15.840	0.952	0.962	
MEPCE	ACSL3	ACSL3	0.503|0.557|0.543	1.602	0.534	3	0.518|0.444|0.441	0.000	0.000	0.000	0.000	0.000	-15.327	1.145	0.893	
MEPCE	ACTA1	ACTA1	3.217|2.821|0.874	6.912	2.304	3	.|.|2.686	0.000	0.000	0.000	0.000	0.000	-15.840	0.858	0.864	
MEPCE	ACTA2	ACTA2	5.311|5.009|5.110	15.430	5.143	3	2.446|2.213|2.445	0.034	0.034	0.034	0.034	0.034	-3.340	2.174	0.629	
MEPCE	ACTBL2	ACTBL2	1.461|5.813|1.894	9.169	3.056	3	0.722|5.089|2.574	0.025	0.065	0.025	0.065	0.025	-5.697	1.445	0.659	
MEPCE	ACTG1	ACTG1	19.881|19.970|20.488	60.339	20.113	3	9.789|9.684|9.913	0.034	0.034	0.034	0.034	0.034	-3.340	2.053	0.425	
MEPCE	ACTN4	ACTN4	2.253|2.443|2.389	7.086	2.362	3	2.091|2.189|1.963	0.000	0.000	0.000	0.000	0.000	-14.745	1.136	0.875	
MEPCE	ACTR10	ACTR10	0.318|0.429|0.288	1.034	0.345	3	0.367|0.400|0.491	0.000	0.000	0.000	0.000	0.000	-15.840	0.828	0.938	
MEPCE	ACTR1A	ACTR1A	1.396|1.498|1.552	4.446	1.482	3	1.408|1.453|1.555	0.000	0.000	0.000	0.000	0.000	-15.840	1.008	0.928	
MEPCE	ACTR2	ACTR2	0.427|0.451|0.433	1.311	0.437	3	0.399|0.381|0.459	0.000	0.000	0.000	0.000	0.000	-15.728	1.061	0.924	
MEPCE	ACTR3	ACTR3	0.229|0.336|0.231	0.796	0.265	3	0.414|0.374|0.401	0.000	0.000	0.000	0.000	0.000	-15.840	0.670	0.942	
MEPCE	ADD1	ADD1	0.541|0.742|0.771	2.054	0.685	3	0.481|0.492|0.438	0.023	0.034	0.023	0.034	0.023	-12.472	1.458	0.692	
MEPCE	ADD3	ADD3	0.417|0.391|0.413	1.221	0.407	3	0.365|0.460|0.334	0.000	0.000	0.000	0.000	0.000	-15.827	1.063	0.931	
MEPCE	ADRM1	ADRM1	1.467|1.361|1.336	4.164	1.388	3	1.382|1.472|1.392	0.000	0.000	0.000	0.000	0.000	-15.840	0.981	0.933	
MEPCE	AGPAT1	AGPAT1	0.377|0.373|0.365	1.115	0.372	3	0.391|0.304|0.312	0.000	0.000	0.000	0.000	0.000	-15.520	1.115	0.921	
MEPCE	AHCY	AHCY	0.894|0.855|0.978	2.727	0.909	3	0.927|1.068|1.067	0.000	0.000	0.000	0.000	0.000	-15.840	0.892	0.957	
MEPCE	AIMP1	AIMP1	0.785|0.634|0.701	2.119	0.706	3	0.529|0.504|0.610	0.001	0.003	0.001	0.003	0.001	-14.146	1.294	0.810	
MEPCE	AIMP2	AIMP2	0.339|0.283|0.284	0.906	0.302	3	0.252|0.329|0.416	0.000	0.000	0.000	0.000	0.000	-15.840	0.928	0.938	
MEPCE	AKAP12	AKAP12	0.537|0.564|0.610	1.710	0.570	3	0.442|0.458|0.519	0.000	0.000	0.000	0.000	0.000	-14.054	1.209	0.848	
MEPCE	ALB	ALB	3.269|3.350|3.502	10.121	3.374	3	2.952|3.338|3.238	0.000	0.000	0.000	0.000	0.000	-15.685	1.064	0.913	
MEPCE	ALDH16A1	ALDH16A1	0.299|0.286|0.369	0.954	0.318	3	0.400|0.438|0.508	0.000	0.000	0.000	0.000	0.000	-15.840	0.712	0.960	
MEPCE	ALDH18A1	ALDH18A1	0.711|0.704|0.795	2.210	0.737	3	0.636|0.643|0.793	0.000	0.000	0.000	0.000	0.000	-15.811	1.073	0.921	
MEPCE	ALDH1A2	ALDH1A2	0.353|.|0.360	0.998	0.333	3	0.646|0.731|0.713	0.000	0.000	0.000	0.000	0.000	-15.840	0.478	0.962	
MEPCE	ALDH1L1	ALDH1L1	0.530|0.531|0.592	1.652	0.551	3	0.608|0.665|0.542	0.000	0.000	0.000	0.000	0.000	-15.840	0.913	0.957	
MEPCE	ALDH3A2	ALDH3A2	0.434|0.324|0.477	1.235	0.412	3	0.343|0.364|0.409	0.000	0.000	0.000	0.000	0.000	-15.840	1.109	0.857	
MEPCE	ALDOA	ALDOA	1.643|1.656|1.779	5.078	1.693	3	2.437|2.412|2.530	0.000	0.000	0.000	0.000	0.000	-15.840	0.688	0.942	
MEPCE	ALG13	ALG13	0.426|0.364|0.340	1.130	0.377	3	0.319|0.339|0.248	0.000	0.000	0.000	0.000	0.000	-15.399	1.259	0.891	
MEPCE	ALYREF	ALYREF	11.504|11.016|10.899	33.419	11.140	3	7.232|7.881|7.776	0.034	0.034	0.034	0.034	0.034	-3.340	1.461	0.425	
MEPCE	AMD1	AMD1	2.619|2.743|2.771	8.132	2.711	3	2.325|2.398|2.491	0.000	0.000	0.000	0.000	0.000	-14.603	1.128	0.884	
MEPCE	AMPD2	AMPD2	0.666|0.655|0.646	1.968	0.656	3	0.569|0.542|0.597	0.000	0.000	0.000	0.000	0.000	-13.100	1.153	0.875	
MEPCE	ANGEL2	ANGEL2	0.425|0.477|0.533	1.435	0.478	3	0.355|0.374|0.330	0.023	0.034	0.023	0.034	0.023	-10.040	1.355	0.686	
MEPCE	ANKFY1	ANKFY1	0.983|0.982|0.926	2.890	0.963	3	0.959|1.011|0.836	0.000	0.000	0.000	0.000	0.000	-15.840	1.034	0.930	
MEPCE	ANKHD1	ANKHD1	0.922|0.820|0.802	2.544	0.848	3	0.608|0.578|0.540	0.034	0.034	0.034	0.034	0.034	-3.340	1.475	0.425	
MEPCE	ANKRD28	ANKRD28	0.443|0.429|0.450	1.322	0.441	3	0.367|0.335|0.313	0.001	0.002	0.001	0.002	0.001	-9.191	1.306	0.812	
MEPCE	ANP32A	ANP32A	0.917|1.211|1.136	3.264	1.088	3	0.821|1.202|1.007	0.000	0.000	0.000	0.000	0.000	-15.840	1.090	0.923	
MEPCE	ANP32B	ANP32B	0.607|0.718|0.616	1.940	0.647	3	0.676|0.627|0.625	0.000	0.000	0.000	0.000	0.000	-15.840	1.007	0.908	
MEPCE	ANP32E	ANP32E	0.346|0.323|0.293	0.963	0.321	3	0.362|0.360|0.281	0.000	0.000	0.000	0.000	0.000	-15.840	0.966	0.937	
MEPCE	ANXA2	ANXA2	1.425|1.441|0.442	3.308	1.103	3	0.556|1.113|0.911	0.002	0.004	0.002	0.004	0.002	-15.840	1.335	0.799	
MEPCE	AP1B1	AP1B1	0.396|0.443|0.495	1.333	0.444	3	0.551|0.885|0.656	0.000	0.000	0.000	0.000	0.000	-15.840	0.650	0.959	
MEPCE	AP1G1	AP1G1	0.430|0.471|0.325	1.226	0.409	3	0.546|0.484|0.617	0.000	0.000	0.000	0.000	0.000	-15.840	0.748	0.959	
MEPCE	AP2A2	AP2A2	0.635|0.675|0.633	1.943	0.648	3	0.635|0.616|0.572	0.000	0.000	0.000	0.000	0.000	-15.534	1.067	0.910	
MEPCE	AP2B1	AP2B1	0.628|0.745|0.820	2.192	0.731	3	0.525|0.727|0.619	0.000	0.000	0.000	0.000	0.000	-15.832	1.183	0.905	
MEPCE	AP3B1	AP3B1	1.231|1.357|1.230	3.819	1.273	3	1.442|1.262|1.232	0.000	0.000	0.000	0.000	0.000	-15.840	0.973	0.935	
MEPCE	AP3D1	AP3D1	1.119|1.140|1.194	3.452	1.151	3	1.067|1.059|1.100	0.000	0.000	0.000	0.000	0.000	-15.577	1.070	0.910	
MEPCE	AP3M1	AP3M1	0.913|0.902|0.947	2.763	0.921	3	0.953|0.842|0.862	0.000	0.000	0.000	0.000	0.000	-15.771	1.042	0.923	
MEPCE	AP3S1	AP3S1	0.759|0.801|0.955	2.516	0.839	3	0.768|0.759|0.876	0.000	0.000	0.000	0.000	0.000	-15.840	1.049	0.887	
MEPCE	APEX1	APEX1	0.888|1.018|0.898	2.803	0.934	3	0.892|0.902|0.905	0.000	0.000	0.000	0.000	0.000	-15.840	1.038	0.903	
MEPCE	API5	API5	0.734|0.811|0.803	2.348	0.783	3	0.769|0.697|0.773	0.000	0.000	0.000	0.000	0.000	-15.840	1.050	0.915	
MEPCE	APLP2	APLP2	0.643|0.606|0.683	1.932	0.644	3	0.556|0.519|0.413	0.000	0.000	0.000	0.000	0.000	-14.499	1.307	0.889	
MEPCE	APOB	APOB	1.004|0.990|0.941	2.936	0.979	3	1.241|1.332|1.143	0.000	0.000	0.000	0.000	0.000	-15.840	0.792	0.941	
MEPCE	APP	APP	1.039|1.265|1.124	3.428	1.143	3	1.093|1.102|1.209	0.000	0.000	0.000	0.000	0.000	-15.840	1.008	0.909	
MEPCE	ARCN1	ARCN1	1.888|1.891|1.884	5.663	1.888	3	1.815|1.700|1.979	0.000	0.000	0.000	0.000	0.000	-15.719	1.033	0.931	
MEPCE	ARF3	ARF3	1.964|1.866|1.918	5.747	1.916	3	2.140|2.014|2.112	0.000	0.000	0.000	0.000	0.000	-15.840	0.918	0.942	
MEPCE	ARF4	ARF4	0.571|0.769|0.797	2.137	0.712	3	0.651|0.706|0.810	0.000	0.000	0.000	0.000	0.000	-15.840	0.990	0.925	
MEPCE	ARF5	ARF5	0.203|0.372|0.549	1.124	0.375	3	0.202|0.299|0.261	0.267	0.802	0.267	0.802	0.267	-15.840	1.494	0.192	
MEPCE	ARGLU1	ARGLU1	1.021|1.117|1.141	3.280	1.093	3	0.701|0.745|0.855	0.007	0.015	0.007	0.015	0.007	-9.730	1.430	0.782	
MEPCE	ARHGAP22	ARHGAP22	0.382|0.301|0.364	1.047	0.349	3	.|0.242|0.304	0.000	0.000	0.000	0.000	0.000	-15.230	1.288	0.850	
MEPCE	ARHGAP42	ARHGAP42	1.432|1.097|1.008	3.537	1.179	3	0.607|0.554|0.639	0.034	0.034	0.034	0.034	0.034	-3.340	1.968	0.415	
MEPCE	ARHGEF2	ARHGEF2	0.932|0.794|0.762	2.488	0.829	3	0.668|0.631|0.656	0.011	0.034	0.011	0.034	0.011	-11.706	1.273	0.750	
MEPCE	ARL1	ARL1	1.002|1.239|1.203	3.444	1.148	3	1.027|1.056|0.984	0.000	0.000	0.000	0.000	0.000	-15.840	1.123	0.853	
MEPCE	ARL6IP4	ARL6IP4	12.927|12.441|12.477	37.844	12.615	3	12.372|11.992|12.309	0.000	0.000	0.000	0.000	0.000	-15.787	1.032	0.928	
MEPCE	ARL8A	ARL8A	0.471|0.340|0.349	1.160	0.387	3	0.263|0.263|0.291	0.013	0.034	0.013	0.034	0.013	-7.554	1.420	0.724	
MEPCE	ARPC3	ARPC3	0.404|0.453|0.450	1.306	0.435	3	0.485|0.444|0.519	0.000	0.000	0.000	0.000	0.000	-15.840	0.904	0.961	
MEPCE	ASNS	ASNS	0.585|0.512|0.531	1.629	0.543	3	1.018|1.109|1.002	0.000	0.000	0.000	0.000	0.000	-15.840	0.521	0.942	
MEPCE	ATP1A1	ATP1A1	1.583|1.453|1.514	4.549	1.516	3	1.065|1.178|1.228	0.013	0.034	0.013	0.034	0.013	-8.462	1.313	0.729	
MEPCE	ATP1B3	ATP1B3	0.796|0.749|0.833	2.378	0.793	3	0.726|0.651|0.636	0.000	0.000	0.000	0.000	0.000	-13.930	1.183	0.843	
MEPCE	ATP2A2	ATP2A2	1.224|1.591|1.227	4.043	1.348	3	0.923|0.962|0.990	0.014	0.034	0.014	0.034	0.014	-5.677	1.407	0.721	
MEPCE	ATP2B1	ATP2B1	0.709|0.822|0.806	2.338	0.779	3	0.495|0.503|0.514	0.034	0.034	0.034	0.034	0.034	-3.340	1.546	0.425	
MEPCE	ATP5F1A	ATP5F1A	1.859|1.843|1.882	5.585	1.862	3	1.599|1.728|1.810	0.000	0.000	0.000	0.000	0.000	-14.901	1.088	0.908	
MEPCE	ATP5F1B	ATP5F1B	0.845|0.818|0.800	2.463	0.821	3	0.768|0.697|0.648	0.000	0.000	0.000	0.000	0.000	-14.076	1.169	0.885	
MEPCE	ATP5F1C	ATP5F1C	0.929|0.750|0.889	2.569	0.856	3	0.665|0.666|0.800	0.000	0.000	0.000	0.000	0.000	-15.613	1.210	0.868	
MEPCE	ATP5IF1	ATP5IF1	0.371|0.813|0.566	1.750	0.583	3	0.839|0.613|0.338	0.001	0.002	0.001	0.002	0.001	-14.624	1.046	0.817	
MEPCE	ATP5PO	ATP5PO	0.670|0.615|0.674	1.960	0.653	3	0.511|0.518|0.666	0.000	0.000	0.000	0.000	0.000	-15.548	1.165	0.913	
MEPCE	ATP6AP1	ATP6AP1	0.301|0.366|0.404	1.071	0.357	3	0.256|0.279|0.250	0.023	0.034	0.023	0.034	0.023	-12.518	1.364	0.693	
MEPCE	ATP6V1A	ATP6V1A	0.893|0.888|0.861	2.641	0.880	3	0.841|0.907|0.882	0.000	0.000	0.000	0.000	0.000	-15.840	1.005	0.936	
MEPCE	ATP6V1B2	ATP6V1B2	0.751|0.754|0.814	2.320	0.773	3	0.925|0.975|0.808	0.000	0.000	0.000	0.000	0.000	-15.840	0.859	0.956	
MEPCE	ATP6V1E1	ATP6V1E1	0.657|0.677|0.722	2.056	0.685	3	0.756|0.761|0.673	0.000	0.000	0.000	0.000	0.000	-15.840	0.941	0.957	
MEPCE	ATP6V1G1	ATP6V1G1	0.252|0.239|0.282	0.773	0.258	3	0.320|0.374|0.280	0.000	0.000	0.000	0.000	0.000	-15.840	0.799	0.942	
MEPCE	ATP6V1H	ATP6V1H	0.990|0.824|1.011	2.825	0.942	3	1.113|1.217|1.059	0.000	0.000	0.000	0.000	0.000	-15.840	0.835	0.962	
MEPCE	ATXN2L	ATXN2L	1.060|1.099|1.073	3.232	1.077	3	1.003|1.096|0.943	0.000	0.000	0.000	0.000	0.000	-15.564	1.064	0.919	
MEPCE	AURKB	AURKB	0.854|0.998|0.815	2.667	0.889	3	0.651|0.703|0.604	0.012	0.034	0.012	0.034	0.012	-9.372	1.364	0.733	
MEPCE	BABAM1	BABAM1	0.425|0.392|0.489	1.306	0.435	3	0.480|0.500|0.420	0.000	0.000	0.000	0.000	0.000	-15.840	0.936	0.933	
MEPCE	BABAM2	BABAM2	0.577|0.583|0.533	1.693	0.564	3	0.612|0.449|0.468	0.000	0.000	0.000	0.000	0.000	-15.762	1.118	0.923	
MEPCE	BAG2	BAG2	2.380|2.536|2.538	7.453	2.484	3	2.625|2.427|2.452	0.000	0.000	0.000	0.000	0.000	-15.840	0.994	0.936	
MEPCE	BAG5	BAG5	0.606|0.607|0.567	1.780	0.593	3	0.469|0.590|0.558	0.000	0.000	0.000	0.000	0.000	-15.680	1.106	0.919	
MEPCE	BAG6	BAG6	1.986|1.794|1.927	5.706	1.902	3	1.658|1.528|1.463	0.002	0.005	0.002	0.005	0.002	-12.163	1.229	0.802	
MEPCE	BAIAP2L1	BAIAP2L1	0.504|1.644|1.110	3.258	1.086	3	0.896|0.362|1.117	0.028	0.075	0.028	0.075	0.028	-9.675	1.523	0.645	
MEPCE	BCAP31	BCAP31	0.905|0.789|0.925	2.619	0.873	3	0.683|0.837|0.676	0.000	0.000	0.000	0.000	0.000	-15.506	1.199	0.892	
MEPCE	BCKDK	BCKDK	0.782|0.777|0.799	2.359	0.786	3	0.676|0.629|0.574	0.000	0.000	0.000	0.000	0.000	-10.620	1.258	0.845	
MEPCE	BCLAF1	BCLAF1	1.970|2.078|1.914	5.962	1.987	3	1.752|1.850|1.770	0.000	0.000	0.000	0.000	0.000	-15.093	1.110	0.885	
MEPCE	BLOC1S2	BLOC1S2	0.554|0.633|0.428	1.615	0.538	3	0.638|0.624|0.559	0.000	0.000	0.000	0.000	0.000	-15.840	0.888	0.932	
MEPCE	BOLA2	BOLA2	1.288|1.285|1.191	3.764	1.255	3	1.294|1.294|1.290	0.000	0.000	0.000	0.000	0.000	-15.840	0.971	0.942	
MEPCE	BRCC3	BRCC3	0.853|0.862|0.864	2.579	0.860	3	0.610|0.811|0.819	0.000	0.000	0.000	0.000	0.000	-15.296	1.162	0.919	
MEPCE	BRD2	BRD2	0.536|0.547|0.458	1.542	0.514	3	0.481|0.459|0.512	0.000	0.000	0.000	0.000	0.000	-15.840	1.063	0.898	
MEPCE	BRD3	BRD3	0.363|0.395|0.473	1.231	0.410	3	0.508|0.511|0.466	0.000	0.000	0.000	0.000	0.000	-15.840	0.830	0.942	
MEPCE	BRD9	BRD9	0.329|0.259|0.302	0.890	0.297	3	0.334|0.244|0.202	0.000	0.000	0.000	0.000	0.000	-15.837	1.164	0.923	
MEPCE	BRI3BP	BRI3BP	1.210|1.221|1.174	3.605	1.202	3	0.778|0.858|0.733	0.034	0.034	0.034	0.034	0.034	-3.340	1.525	0.626	
MEPCE	BSG	BSG	1.021|1.140|0.972	3.133	1.044	3	0.877|0.795|0.865	0.011	0.034	0.011	0.034	0.011	-12.494	1.237	0.752	
MEPCE	BTF3	BTF3	0.889|0.942|0.762	2.592	0.864	3	0.966|1.077|1.107	0.000	0.000	0.000	0.000	0.000	-15.840	0.824	0.956	
MEPCE	BTF3L4	BTF3L4	0.646|0.684|0.655	1.985	0.662	3	0.693|0.723|0.768	0.000	0.000	0.000	0.000	0.000	-15.840	0.910	0.942	
MEPCE	BUB3	BUB3	0.616|0.794|0.720	2.130	0.710	3	0.706|0.760|0.780	0.000	0.000	0.000	0.000	0.000	-15.840	0.949	0.927	
MEPCE	BUD31	BUD31	1.105|1.162|1.151	3.419	1.140	3	1.146|1.467|1.428	0.000	0.000	0.000	0.000	0.000	-15.840	0.851	0.961	
MEPCE	BYSL	BYSL	0.939|0.854|1.026	2.819	0.940	3	0.608|0.612|0.606	0.034	0.034	0.034	0.034	0.034	-3.340	1.543	0.425	
MEPCE	BZW1	BZW1	0.532|0.496|0.499	1.527	0.509	3	0.559|0.502|0.484	0.000	0.000	0.000	0.000	0.000	-15.840	0.990	0.934	
MEPCE	BZW2	BZW2	0.958|1.015|0.957	2.931	0.977	3	0.903|1.003|0.738	0.000	0.000	0.000	0.000	0.000	-15.588	1.117	0.922	
MEPCE	C11orf98	C11orf98	0.940|1.011|1.004	2.955	0.985	3	0.828|0.879|0.762	0.000	0.000	0.000	0.000	0.000	-13.218	1.199	0.850	
MEPCE	C15orf40	C15orf40	1.021|0.964|0.894	2.878	0.959	3	0.901|0.726|0.910	0.000	0.000	0.000	0.000	0.000	-15.671	1.141	0.910	
MEPCE	C19orf53	C19orf53	7.629|7.684|8.077	23.390	7.797	3	6.134|6.307|6.429	0.002	0.005	0.002	0.005	0.002	-9.542	1.240	0.802	
MEPCE	C1QA	C1QA	2.256|2.238|2.134	6.627	2.209	3	2.097|2.028|1.972	0.000	0.000	0.000	0.000	0.000	-15.434	1.087	0.905	
MEPCE	C1QB	C1QB	1.218|1.209|1.311	3.738	1.246	3	1.155|1.271|1.331	0.000	0.000	0.000	0.000	0.000	-15.840	0.997	0.932	
MEPCE	C1QBP	C1QBP	152.557|150.052|140.758	443.367	147.789	3	9.738|10.018|10.640	1.000	1.000	1.000	1.000	1.000	8.769	14.596	0.000	
MEPCE	C1orf131	C1orf131	1.258|1.373|1.412	4.043	1.348	3	0.922|1.073|0.867	0.001	0.002	0.001	0.002	0.001	-10.922	1.418	0.810	
MEPCE	C3	C3	1.722|1.721|1.586	5.029	1.676	3	1.708|1.626|1.703	0.000	0.000	0.000	0.000	0.000	-15.840	0.999	0.933	
MEPCE	C4A	C4A	4.311|3.913|3.886	12.109	4.036	3	4.255|4.256|4.275	0.000	0.000	0.000	0.000	0.000	-15.840	0.947	0.938	
MEPCE	C9orf78	C9orf78	0.306|0.416|0.377	1.099	0.366	3	0.318|0.390|0.430	0.000	0.000	0.000	0.000	0.000	-15.840	0.973	0.932	
MEPCE	CACYBP	CACYBP	0.817|0.720|0.741	2.278	0.759	3	0.850|0.829|0.756	0.000	0.000	0.000	0.000	0.000	-15.840	0.936	0.939	
MEPCE	CAD	CAD	2.711|2.695|2.576	7.982	2.661	3	2.893|2.798|2.833	0.000	0.000	0.000	0.000	0.000	-15.840	0.936	0.942	
MEPCE	CALD1	CALD1	0.794|0.856|0.872	2.522	0.841	3	0.586|0.455|0.510	0.019	0.034	0.019	0.034	0.019	-7.067	1.636	0.713	
MEPCE	CALM1	CALM1	2.047|2.140|2.206	6.393	2.131	3	1.450|1.488|1.485	0.034	0.034	0.034	0.034	0.034	-3.340	1.446	0.622	
MEPCE	CALR	CALR	0.527|0.539|0.489	1.555	0.518	3	0.583|0.579|0.572	0.000	0.000	0.000	0.000	0.000	-15.840	0.897	0.942	
MEPCE	CALU	CALU	0.986|0.952|0.956	2.894	0.965	3	0.959|0.949|0.895	0.000	0.000	0.000	0.000	0.000	-15.780	1.033	0.928	
MEPCE	CAMK2D	CAMK2D	0.656|0.668|0.706	2.030	0.677	3	0.669|0.665|0.676	0.000	0.000	0.000	0.000	0.000	-15.840	1.010	0.929	
MEPCE	CAMSAP3	CAMSAP3	0.935|0.829|0.946	2.709	0.903	3	0.796|0.807|0.805	0.000	0.000	0.000	0.000	0.000	-15.668	1.125	0.871	
MEPCE	CAND1	CAND1	0.875|0.880|0.848	2.602	0.867	3	1.025|0.927|0.931	0.000	0.000	0.000	0.000	0.000	-15.840	0.904	0.942	
MEPCE	CANX	CANX	2.569|2.863|2.958	8.389	2.796	3	2.328|2.478|2.396	0.000	0.000	0.000	0.000	0.000	-15.060	1.165	0.840	
MEPCE	CAP1	CAP1	1.262|1.326|1.315	3.903	1.301	3	1.457|1.540|1.503	0.000	0.000	0.000	0.000	0.000	-15.840	0.868	0.942	
MEPCE	CAPNS1	CAPNS1	0.261|0.213|0.214	0.688	0.229	3	0.305|0.282|0.273	0.000	0.000	0.000	0.000	0.000	-15.840	0.800	0.942	
MEPCE	CAPRIN1	CAPRIN1	4.204|4.315|5.375	13.894	4.631	3	3.351|4.767|4.477	0.000	0.000	0.000	0.000	0.000	-15.836	1.116	0.917	
MEPCE	CAPZA1	CAPZA1	1.839|1.855|1.889	5.583	1.861	3	1.880|1.746|1.883	0.000	0.000	0.000	0.000	0.000	-15.839	1.014	0.934	
MEPCE	CAPZA2	CAPZA2	0.687|0.706|0.744	2.137	0.712	3	0.908|0.844|0.781	0.000	0.000	0.000	0.000	0.000	-15.840	0.845	0.957	
MEPCE	CAPZB	CAPZB	1.128|1.266|1.040	3.434	1.145	3	1.174|1.133|1.329	0.000	0.000	0.000	0.000	0.000	-15.840	0.947	0.933	
MEPCE	CARHSP1	CARHSP1	0.467|0.584|0.483	1.534	0.511	3	0.313|0.404|0.394	0.000	0.000	0.000	0.000	0.000	-13.685	1.390	0.833	
MEPCE	CARM1	CARM1	0.447|0.425|0.484	1.356	0.452	3	0.701|0.648|0.644	0.000	0.000	0.000	0.000	0.000	-15.840	0.681	0.942	
MEPCE	CBR1	CBR1	0.399|0.359|0.414	1.172	0.391	3	0.569|0.465|0.522	0.000	0.000	0.000	0.000	0.000	-15.840	0.755	0.957	
MEPCE	CBX3	CBX3	0.283|0.264|0.397	0.943	0.314	3	0.208|0.283|0.202	0.000	0.000	0.000	0.000	0.000	-15.376	1.379	0.851	
MEPCE	CBX5	CBX5	0.230|0.295|0.250	0.775	0.258	3	0.215|0.261|0.314	0.000	0.000	0.000	0.000	0.000	-15.840	0.994	0.932	
MEPCE	CCAR1	CCAR1	1.085|1.218|1.160	3.463	1.154	3	0.896|0.862|0.904	0.019	0.034	0.019	0.034	0.019	-9.035	1.301	0.711	
MEPCE	CCAR2	CCAR2	1.516|1.659|1.663	4.837	1.612	3	1.569|1.667|1.650	0.000	0.000	0.000	0.000	0.000	-15.840	0.990	0.935	
MEPCE	CCDC124	CCDC124	3.283|3.338|3.476	10.097	3.366	3	3.584|3.821|3.750	0.000	0.000	0.000	0.000	0.000	-15.840	0.906	0.942	
MEPCE	CCDC134	CCDC134	1.161|1.133|1.165	3.459	1.153	3	1.089|1.206|1.074	0.000	0.000	0.000	0.000	0.000	-15.820	1.028	0.930	
MEPCE	CCDC22	CCDC22	0.713|0.685|0.705	2.102	0.701	3	0.704|0.755|0.714	0.000	0.000	0.000	0.000	0.000	-15.840	0.968	0.942	
MEPCE	CCDC43	CCDC43	0.888|0.985|0.933	2.805	0.935	3	0.946|0.982|0.981	0.000	0.000	0.000	0.000	0.000	-15.840	0.964	0.937	
MEPCE	CCDC50	CCDC50	0.233|0.130|0.171	0.534	0.178	3	0.219|0.400|0.337	0.000	0.000	0.000	0.000	0.000	-15.840	0.576	0.961	
MEPCE	CCDC59	CCDC59	0.441|0.594|0.500	1.536	0.512	3	0.343|0.381|0.391	0.023	0.034	0.023	0.034	0.023	-11.188	1.379	0.689	
MEPCE	CCDC61	CCDC61	7.363|7.625|7.591	22.580	7.527	3	7.009|7.377|7.277	0.000	0.000	0.000	0.000	0.000	-15.774	1.043	0.925	
MEPCE	CCDC93	CCDC93	0.409|0.364|0.614	1.387	0.462	3	0.453|0.521|0.353	0.000	0.000	0.000	0.000	0.000	-15.840	1.060	0.906	
MEPCE	CCNB1	CCNB1	0.333|0.174|0.380	0.887	0.296	3	0.389|0.416|0.231	0.000	0.000	0.000	0.000	0.000	-15.840	0.884	0.920	
MEPCE	CCNT1	CCNT1	2.663|2.585|2.635	7.883	2.628	3	0.819|0.618|0.704	1.000	1.000	1.000	1.000	1.000	8.834	3.707	0.000	
MEPCE	CCNT2	CCNT2	1.007|1.603|1.349	3.960	1.320	3	1.554|0.925|1.119	0.000	0.000	0.000	0.000	0.000	-15.840	1.126	0.920	
MEPCE	CCT2	CCT2	8.738|8.886|7.738	25.362	8.454	3	6.613|7.016|7.018	0.003	0.008	0.003	0.008	0.003	-13.510	1.229	0.791	
MEPCE	CCT3	CCT3	10.687|11.375|10.904	32.966	10.989	3	10.403|10.407|10.466	0.000	0.000	0.000	0.000	0.000	-15.736	1.054	0.917	
MEPCE	CCT4	CCT4	11.084|11.702|12.467	35.253	11.751	3	10.710|11.015|11.413	0.000	0.000	0.000	0.000	0.000	-15.837	1.064	0.903	
MEPCE	CCT5	CCT5	7.086|7.096|7.093	21.275	7.092	3	7.012|7.134|6.933	0.000	0.000	0.000	0.000	0.000	-15.827	1.009	0.937	
MEPCE	CCT6A	CCT6A	7.186|7.585|7.938	22.710	7.570	3	6.815|7.208|7.186	0.000	0.000	0.000	0.000	0.000	-15.792	1.071	0.905	
MEPCE	CCT6B	CCT6B	0.162|1.482|0.145	1.789	0.596	3	0.182|0.144|.	0.333	1.000	0.333	1.000	0.333	-16.732	3.679	0.145	
MEPCE	CCT7	CCT7	7.565|7.737|8.218	23.520	7.840	3	7.714|8.258|8.106	0.000	0.000	0.000	0.000	0.000	-15.840	0.977	0.936	
MEPCE	CCT8	CCT8	8.580|9.168|9.712	27.460	9.153	3	8.872|9.040|9.183	0.000	0.000	0.000	0.000	0.000	-15.840	1.014	0.923	
MEPCE	CD2AP	CD2AP	1.025|0.995|0.988	3.009	1.003	3	1.046|1.137|1.146	0.000	0.000	0.000	0.000	0.000	-15.840	0.905	0.942	
MEPCE	CD2BP2	CD2BP2	0.845|0.912|0.923	2.680	0.893	3	0.891|0.605|0.890	0.000	0.000	0.000	0.000	0.000	-15.751	1.141	0.926	
MEPCE	CDAN1	CDAN1	0.305|0.413|0.362	1.080	0.360	3	0.294|0.255|0.142	0.006	0.014	0.006	0.014	0.006	-8.499	1.635	0.786	
MEPCE	CDC5L	CDC5L	0.312|0.358|0.358	1.028	0.343	3	0.214|0.245|0.265	0.002	0.003	0.002	0.003	0.002	-11.505	1.426	0.800	
MEPCE	CDC73	CDC73	0.497|0.498|0.559	1.553	0.518	3	0.761|0.928|0.930	0.000	0.000	0.000	0.000	0.000	-15.840	0.595	0.961	
MEPCE	CDIPT	CDIPT	0.649|0.672|0.647	1.968	0.656	3	0.575|0.536|0.534	0.000	0.000	0.000	0.000	0.000	-11.133	1.198	0.845	
MEPCE	CDK1	CDK1	0.774|0.713|0.846	2.333	0.778	3	0.722|0.745|0.767	0.000	0.000	0.000	0.000	0.000	-15.840	1.045	0.900	
MEPCE	CDK11B	CDK11B	1.405|1.436|1.426	4.266	1.422	3	1.204|1.290|1.187	0.000	0.000	0.000	0.000	0.000	-12.725	1.160	0.872	
MEPCE	CDK12	CDK12	0.365|0.308|0.505	1.178	0.393	3	0.428|0.428|0.489	0.000	0.000	0.000	0.000	0.000	-15.840	0.878	0.911	
MEPCE	CDK4	CDK4	0.274|0.253|0.257	0.783	0.261	3	0.292|0.338|0.292	0.000	0.000	0.000	0.000	0.000	-15.840	0.852	0.959	
MEPCE	CDK9	CDK9	6.630|6.557|7.046	20.232	6.744	3	1.910|1.835|1.982	0.997	1.000	0.997	1.000	0.997	5.270	3.535	0.000	
MEPCE	CFAP20	CFAP20	0.788|0.939|0.946	2.674	0.891	3	0.907|1.020|0.944	0.000	0.000	0.000	0.000	0.000	-15.840	0.932	0.942	
MEPCE	CFL1	CFL1	1.535|1.466|1.422	4.423	1.474	3	1.500|1.443|1.566	0.000	0.000	0.000	0.000	0.000	-15.840	0.981	0.936	
MEPCE	CGGBP1	CGGBP1	0.603|0.625|0.614	1.842	0.614	3	0.503|0.510|0.536	0.000	0.000	0.000	0.000	0.000	-11.762	1.189	0.852	
MEPCE	CHCHD1	CHCHD1	0.975|1.042|1.028	3.045	1.015	3	0.956|0.854|0.825	0.000	0.000	0.000	0.000	0.000	-14.422	1.158	0.880	
MEPCE	CHCHD2P9	CHCHD2P9	7.760|8.078|7.994	23.831	7.944	3	0.594|0.656|0.511	1.000	1.000	1.000	1.000	1.000	9.793	13.600	0.000	
MEPCE	CHD4	CHD4	0.660|0.636|0.594	1.890	0.630	3	0.524|0.531|0.488	0.002	0.005	0.002	0.005	0.002	-12.270	1.226	0.803	
MEPCE	CHERP	CHERP	1.194|1.245|1.321	3.760	1.253	3	0.925|0.919|0.945	0.024	0.034	0.024	0.034	0.024	-5.292	1.348	0.661	
MEPCE	CHID1	CHID1	0.501|0.454|0.435	1.389	0.463	3	0.424|0.429|0.388	0.000	0.000	0.000	0.000	0.000	-15.402	1.121	0.854	
MEPCE	CHMP1A	CHMP1A	0.617|0.635|0.638	1.890	0.630	3	0.869|0.867|1.099	0.000	0.000	0.000	0.000	0.000	-15.840	0.671	0.957	
MEPCE	CHMP2A	CHMP2A	0.520|0.475|0.402	1.397	0.466	3	0.458|0.496|0.439	0.000	0.000	0.000	0.000	0.000	-15.840	1.004	0.907	
MEPCE	CHMP2B	CHMP2B	0.479|0.584|0.518	1.580	0.527	3	0.591|0.486|0.659	0.000	0.000	0.000	0.000	0.000	-15.840	0.917	0.939	
MEPCE	CHUK	CHUK	0.661|0.645|0.733	2.039	0.680	3	0.649|0.768|0.684	0.000	0.000	0.000	0.000	0.000	-15.840	0.973	0.933	
MEPCE	CIR1	CIR1	1.695|1.837|1.841	5.372	1.791	3	2.835|2.623|2.565	0.000	0.000	0.000	0.000	0.000	-15.840	0.670	0.942	
MEPCE	CIRBP	CIRBP	5.514|5.657|5.760	16.931	5.644	3	5.300|5.482|5.385	0.000	0.000	0.000	0.000	0.000	-15.750	1.047	0.922	
MEPCE	CISD2	CISD2	0.582|0.558|0.445	1.585	0.528	3	0.554|0.501|0.580	0.000	0.000	0.000	0.000	0.000	-15.840	0.971	0.927	
MEPCE	CKAP2	CKAP2	0.203|0.304|0.291	0.798	0.266	3	0.293|0.167|0.218	0.000	0.000	0.000	0.000	0.000	-15.840	1.208	0.898	
MEPCE	CKAP5	CKAP5	0.841|0.653|0.718	2.212	0.737	3	0.690|0.705|0.741	0.000	0.000	0.000	0.000	0.000	-15.840	1.037	0.874	
MEPCE	CKB	CKB	1.423|1.475|1.593	4.491	1.497	3	1.924|1.938|1.946	0.000	0.000	0.000	0.000	0.000	-15.840	0.773	0.942	
MEPCE	CLASP2	CLASP2	0.712|0.774|0.863	2.349	0.783	3	0.709|0.714|0.901	0.000	0.000	0.000	0.000	0.000	-15.840	1.017	0.928	
MEPCE	CLCC1	CLCC1	0.400|0.391|0.419	1.209	0.403	3	0.254|0.249|0.329	0.000	0.000	0.000	0.000	0.000	-12.003	1.466	0.857	
MEPCE	CLINT1	CLINT1	0.168|0.266|0.272	0.706	0.235	3	0.123|0.204|0.222	0.000	0.000	0.000	0.000	0.000	-15.840	1.327	0.838	
MEPCE	CLIP1	CLIP1	0.571|0.599|0.569	1.738	0.579	3	0.612|0.785|0.781	0.000	0.000	0.000	0.000	0.000	-15.840	0.803	0.959	
MEPCE	CLNS1A	CLNS1A	8.008|8.023|8.077	24.109	8.036	3	8.224|7.664|8.503	0.000	0.000	0.000	0.000	0.000	-15.840	0.989	0.942	
MEPCE	CLPTM1L	CLPTM1L	0.353|0.313|0.335	1.001	0.334	3	0.239|0.279|0.190	0.000	0.000	0.000	0.000	0.000	-14.113	1.432	0.885	
MEPCE	CLPX	CLPX	0.615|0.537|0.595	1.748	0.583	3	0.565|0.438|0.529	0.000	0.000	0.000	0.000	0.000	-15.699	1.148	0.911	
MEPCE	CLSPN	CLSPN	0.395|0.383|0.431	1.209	0.403	3	0.519|0.422|0.557	0.000	0.000	0.000	0.000	0.000	-15.840	0.813	0.959	
MEPCE	CLTC	CLTC	0.712|0.734|0.695	2.141	0.714	3	0.816|0.868|0.870	0.000	0.000	0.000	0.000	0.000	-15.840	0.839	0.942	
MEPCE	CLUH	CLUH	0.732|1.118|0.886	2.735	0.912	3	0.865|0.750|0.676	0.000	0.000	0.000	0.000	0.000	-15.840	1.200	0.842	
MEPCE	CMAS	CMAS	1.442|1.584|1.676	4.702	1.567	3	0.690|0.641|0.643	0.034	0.034	0.034	0.034	0.034	-3.340	2.384	0.425	
MEPCE	CMBL	CMBL	8.616|8.932|8.873	26.421	8.807	3	8.606|8.976|8.882	0.000	0.000	0.000	0.000	0.000	-15.840	0.999	0.938	
MEPCE	CMC1	CMC1	0.504|0.510|0.488	1.502	0.501	3	0.562|0.443|0.607	0.000	0.000	0.000	0.000	0.000	-15.840	0.940	0.957	
MEPCE	CNBP	CNBP	3.776|3.636|4.270	11.682	3.894	3	3.581|3.857|3.587	0.000	0.000	0.000	0.000	0.000	-15.840	1.060	0.886	
MEPCE	CNIH4	CNIH4	1.477|1.248|1.538	4.264	1.421	3	1.166|1.250|1.285	0.000	0.001	0.000	0.001	0.000	-15.815	1.153	0.830	
MEPCE	CNN3	CNN3	0.484|0.421|0.424	1.328	0.443	3	0.352|0.412|0.432	0.000	0.000	0.000	0.000	0.000	-15.615	1.115	0.903	
MEPCE	CNOT1	CNOT1	0.493|0.630|0.569	1.692	0.564	3	0.586|0.624|0.629	0.000	0.000	0.000	0.000	0.000	-15.840	0.921	0.935	
MEPCE	CNOT9	CNOT9	0.420|0.465|0.423	1.308	0.436	3	0.406|0.324|0.349	0.000	0.000	0.000	0.000	0.000	-14.414	1.217	0.883	
MEPCE	CNP	CNP	0.813|0.706|0.700	2.219	0.740	3	0.720|0.576|0.779	0.000	0.000	0.000	0.000	0.000	-15.827	1.078	0.923	
MEPCE	COG2	COG2	0.349|.|0.412	1.046	0.349	3	0.330|.|.	0.000	0.000	0.000	0.000	0.000	-15.840	1.056	0.894	
MEPCE	COG5	COG5	0.380|0.444|0.576	1.400	0.467	3	0.639|0.588|0.616	0.000	0.000	0.000	0.000	0.000	-15.840	0.760	0.942	
MEPCE	COG7	COG7	0.567|0.675|0.658	1.901	0.634	3	0.623|0.720|0.773	0.000	0.000	0.000	0.000	0.000	-15.840	0.902	0.956	
MEPCE	COIL	COIL	1.230|1.357|1.525	4.112	1.371	3	0.816|0.925|0.963	0.024	0.034	0.024	0.034	0.024	-5.950	1.525	0.669	
MEPCE	COMMD3	COMMD3	0.496|0.520|0.427	1.442	0.481	3	0.461|.|0.474	0.000	0.000	0.000	0.000	0.000	-15.840	1.028	0.920	
MEPCE	COPA	COPA	2.373|2.394|2.563	7.330	2.443	3	2.379|2.257|2.146	0.000	0.000	0.000	0.000	0.000	-15.429	1.082	0.900	
MEPCE	COPB1	COPB1	2.821|2.778|2.845	8.443	2.814	3	2.686|2.581|2.652	0.000	0.000	0.000	0.000	0.000	-15.402	1.066	0.916	
MEPCE	COPB2	COPB2	2.351|2.376|2.464	7.190	2.397	3	2.467|2.210|2.441	0.000	0.000	0.000	0.000	0.000	-15.840	1.011	0.932	
MEPCE	COPE	COPE	1.964|1.888|2.038	5.890	1.963	3	1.967|2.013|1.980	0.000	0.000	0.000	0.000	0.000	-15.840	0.988	0.935	
MEPCE	COPG1	COPG1	1.180|1.103|1.108	3.391	1.130	3	0.936|0.877|1.043	0.000	0.000	0.000	0.000	0.000	-13.644	1.191	0.874	
MEPCE	COPG2	COPG2	1.805|1.760|1.917	5.482	1.827	3	1.629|1.880|1.719	0.000	0.000	0.000	0.000	0.000	-15.819	1.051	0.917	
MEPCE	COPRS	COPRS	0.597|0.616|0.598	1.811	0.604	3	0.674|0.761|0.746	0.000	0.000	0.000	0.000	0.000	-15.840	0.831	0.942	
MEPCE	COPS2	COPS2	1.026|0.983|1.004	3.013	1.004	3	0.993|0.947|0.988	0.000	0.000	0.000	0.000	0.000	-15.831	1.029	0.929	
MEPCE	COPS3	COPS3	0.817|0.765|0.748	2.330	0.777	3	0.832|0.844|0.765	0.000	0.000	0.000	0.000	0.000	-15.840	0.956	0.939	
MEPCE	COPS4	COPS4	0.878|0.837|0.936	2.651	0.884	3	0.724|0.903|0.816	0.000	0.000	0.000	0.000	0.000	-15.779	1.089	0.917	
MEPCE	COPS5	COPS5	0.556|0.583|0.691	1.830	0.610	3	0.712|0.613|0.684	0.000	0.000	0.000	0.000	0.000	-15.840	0.912	0.935	
MEPCE	COPS6	COPS6	0.960|1.038|1.020	3.018	1.006	3	1.005|1.036|1.014	0.000	0.000	0.000	0.000	0.000	-15.840	0.988	0.937	
MEPCE	COPS7A	COPS7A	0.769|0.682|0.790	2.241	0.747	3	0.697|0.701|0.735	0.000	0.000	0.000	0.000	0.000	-15.840	1.051	0.908	
MEPCE	COPS7B	COPS7B	0.628|0.716|0.738	2.082	0.694	3	0.558|0.505|0.607	0.000	0.000	0.000	0.000	0.000	-14.492	1.250	0.843	
MEPCE	COPS8	COPS8	0.554|0.524|0.599	1.677	0.559	3	0.596|0.605|0.548	0.000	0.000	0.000	0.000	0.000	-15.840	0.959	0.935	
MEPCE	COPZ1	COPZ1	1.796|1.798|1.622	5.215	1.738	3	1.928|1.791|1.751	0.000	0.000	0.000	0.000	0.000	-15.840	0.954	0.940	
MEPCE	COQ8A	COQ8A	0.590|0.685|0.761	2.036	0.679	3	0.584|0.604|0.660	0.000	0.000	0.000	0.000	0.000	-15.840	1.103	0.837	
MEPCE	CORO1C	CORO1C	1.004|1.034|1.135	3.173	1.058	3	0.560|0.521|0.534	0.034	0.034	0.034	0.034	0.034	-3.340	1.965	0.637	
MEPCE	COX17	COX17	1.446|1.415|1.509	4.370	1.457	3	1.064|1.039|1.203	0.009	0.025	0.009	0.025	0.009	-8.103	1.325	0.774	
MEPCE	COX4I1	COX4I1	0.257|0.230|0.115	0.602	0.201	3	0.236|0.227|0.313	0.000	0.000	0.000	0.000	0.000	-15.840	0.783	0.940	
MEPCE	CPSF6	CPSF6	2.355|2.560|2.372	7.287	2.429	3	2.168|2.292|2.251	0.000	0.000	0.000	0.000	0.000	-15.388	1.086	0.895	
MEPCE	CPSF7	CPSF7	1.535|1.274|1.219	4.028	1.343	3	1.618|2.033|1.656	0.000	0.000	0.000	0.000	0.000	-15.840	0.763	0.962	
MEPCE	CRIPT	CRIPT	2.164|2.052|2.048	6.264	2.088	3	2.095|2.302|2.226	0.000	0.000	0.000	0.000	0.000	-15.840	0.946	0.942	
MEPCE	CS	CS	0.641|0.738|0.728	2.107	0.702	3	0.837|0.750|0.852	0.000	0.000	0.000	0.000	0.000	-15.840	0.865	0.942	
MEPCE	CSDE1	CSDE1	0.337|0.289|0.272	0.899	0.300	3	0.309|0.322|0.250	0.000	0.000	0.000	0.000	0.000	-15.840	1.026	0.924	
MEPCE	CSE1L	CSE1L	3.580|3.583|3.510	10.672	3.557	3	3.043|3.150|3.255	0.000	0.000	0.000	0.000	0.000	-13.846	1.130	0.889	
MEPCE	CSNK1A1	CSNK1A1	1.099|0.515|0.978	2.593	0.864	3	0.478|0.753|0.499	0.005	0.015	0.005	0.015	0.005	-15.840	1.532	0.787	
MEPCE	CSNK1D	CSNK1D	0.726|1.007|0.677	2.411	0.804	3	0.832|0.778|0.810	0.000	0.001	0.000	0.001	0.000	-15.840	0.996	0.829	
MEPCE	CSNK2A1	CSNK2A1	1.504|1.697|1.620	4.822	1.607	3	1.372|1.415|1.235	0.000	0.001	0.000	0.001	0.000	-13.838	1.201	0.830	
MEPCE	CSNK2A2	CSNK2A2	0.487|0.615|0.578	1.680	0.560	3	0.651|0.568|0.546	0.000	0.000	0.000	0.000	0.000	-15.840	0.955	0.934	
MEPCE	CSNK2B	CSNK2B	1.629|17.822|1.771	21.222	7.074	3	1.233|1.363|1.219	0.346	1.000	0.346	1.000	0.346	-5.355	5.570	0.102	
MEPCE	CSRP1	CSRP1	0.367|0.348|0.286	1.000	0.333	3	0.208|0.264|0.271	0.000	0.000	0.000	0.000	0.000	-15.075	1.356	0.861	
MEPCE	CSRP2	CSRP2	2.299|2.404|2.390	7.092	2.364	3	1.883|2.134|2.061	0.000	0.000	0.000	0.000	0.000	-13.089	1.169	0.862	
MEPCE	CTR9	CTR9	0.570|0.583|0.437	1.590	0.530	3	0.503|0.501|0.427	0.000	0.000	0.000	0.000	0.000	-15.840	1.115	0.883	
MEPCE	CTSZ	CTSZ	0.375|0.289|0.390	1.053	0.351	3	0.238|0.242|0.211	0.023	0.034	0.023	0.034	0.023	-8.840	1.527	0.685	
MEPCE	CTTN	CTTN	0.536|0.641|0.630	1.808	0.603	3	0.576|0.618|0.604	0.000	0.000	0.000	0.000	0.000	-15.840	1.006	0.922	
MEPCE	CUL1	CUL1	0.248|0.313|0.125	0.686	0.229	3	0.496|0.471|0.438	0.000	0.000	0.000	0.000	0.000	-15.840	0.489	0.942	
MEPCE	CUL2	CUL2	0.523|0.406|0.487	1.416	0.472	3	0.502|0.437|0.545	0.000	0.000	0.000	0.000	0.000	-15.840	0.957	0.933	
MEPCE	CUL4B	CUL4B	0.797|0.969|0.922	2.688	0.896	3	0.758|0.798|0.726	0.001	0.003	0.001	0.003	0.001	-15.463	1.179	0.811	
MEPCE	CUSTOS	CUSTOS	0.809|0.918|0.862	2.588	0.863	3	0.719|0.683|0.691	0.011	0.034	0.011	0.034	0.011	-12.148	1.237	0.745	
MEPCE	CWC22	CWC22	0.414|0.268|0.224	0.906	0.302	3	0.291|0.355|0.351	0.000	0.000	0.000	0.000	0.000	-15.840	0.913	0.896	
MEPCE	CWC25	CWC25	2.902|2.680|2.855	8.436	2.812	3	2.533|2.519|2.495	0.000	0.000	0.000	0.000	0.000	-15.166	1.118	0.886	
MEPCE	CWF19L2	CWF19L2	3.325|3.281|3.272	9.877	3.292	3	2.865|2.747|2.658	0.000	0.000	0.000	0.000	0.000	-10.871	1.195	0.852	
MEPCE	CYB5R3	CYB5R3	0.978|1.055|1.217	3.250	1.083	3	0.898|1.010|0.792	0.000	0.000	0.000	0.000	0.000	-15.444	1.210	0.873	
MEPCE	CYCS	CYCS	1.031|1.163|1.113	3.307	1.102	3	1.150|1.187|1.161	0.000	0.000	0.000	0.000	0.000	-15.840	0.946	0.942	
MEPCE	CYFIP1	CYFIP1	0.935|0.928|0.795	2.658	0.886	3	0.880|0.813|1.033	0.000	0.000	0.000	0.000	0.000	-15.840	0.980	0.936	
MEPCE	CYFIP2	CYFIP2	0.289|0.377|0.325	0.992	0.331	3	0.361|0.346|0.363	0.000	0.000	0.000	0.000	0.000	-15.840	0.927	0.928	
MEPCE	DAP3	DAP3	0.389|0.439|0.496	1.324	0.441	3	0.333|0.289|0.366	0.000	0.001	0.000	0.001	0.000	-14.309	1.346	0.821	
MEPCE	DARS1	DARS1	0.860|0.862|0.918	2.640	0.880	3	0.782|0.872|0.794	0.000	0.000	0.000	0.000	0.000	-15.342	1.080	0.904	
MEPCE	DARS2	DARS2	0.871|0.939|0.845	2.655	0.885	3	0.647|0.736|0.594	0.000	0.001	0.000	0.001	0.000	-11.764	1.348	0.830	
MEPCE	DCAF1	DCAF1	0.576|0.482|0.527	1.585	0.528	3	0.444|0.443|0.453	0.003	0.008	0.003	0.008	0.003	-14.838	1.184	0.797	
MEPCE	DCD	DCD	0.689|0.728|0.863	2.280	0.760	3	0.761|0.841|0.891	0.000	0.000	0.000	0.000	0.000	-15.840	0.917	0.934	
MEPCE	DCLK1	DCLK1	0.413|0.367|0.379	1.159	0.386	3	0.285|0.477|0.275	0.000	0.000	0.000	0.000	0.000	-15.772	1.155	0.911	
MEPCE	DCTN1	DCTN1	1.047|0.984|1.000	3.031	1.010	3	0.893|0.905|0.958	0.000	0.000	0.000	0.000	0.000	-15.028	1.100	0.895	
MEPCE	DCTN2	DCTN2	2.020|2.299|2.466	6.784	2.261	3	2.910|2.462|2.918	0.000	0.000	0.000	0.000	0.000	-15.840	0.821	0.941	
MEPCE	DCTN3	DCTN3	0.792|0.868|0.788	2.448	0.816	3	0.853|0.847|0.845	0.000	0.000	0.000	0.000	0.000	-15.840	0.961	0.936	
MEPCE	DCUN1D5	DCUN1D5	0.237|0.230|0.308	0.775	0.258	3	0.372|0.300|0.360	0.000	0.000	0.000	0.000	0.000	-15.840	0.754	0.960	
MEPCE	DDB1	DDB1	1.777|1.924|1.988	5.689	1.896	3	1.758|1.575|1.714	0.000	0.000	0.000	0.000	0.000	-15.308	1.129	0.871	
MEPCE	DDOST	DDOST	1.047|1.168|1.035	3.250	1.083	3	0.846|0.879|0.812	0.012	0.034	0.012	0.034	0.012	-8.898	1.282	0.740	
MEPCE	DDX1	DDX1	2.064|2.289|2.150	6.502	2.167	3	2.317|2.146|2.168	0.000	0.000	0.000	0.000	0.000	-15.840	0.981	0.933	
MEPCE	DDX17	DDX17	1.292|1.317|1.282	3.892	1.297	3	1.304|1.151|1.136	0.000	0.000	0.000	0.000	0.000	-15.186	1.086	0.913	
MEPCE	DDX21	DDX21	2.463|2.533|2.391	7.387	2.462	3	1.095|1.288|1.003	0.034	0.034	0.034	0.034	0.034	-3.340	2.193	0.639	
MEPCE	DDX23	DDX23	0.894|0.957|0.867	2.718	0.906	3	0.721|0.799|0.709	0.002	0.007	0.002	0.007	0.002	-11.770	1.221	0.798	
MEPCE	DDX39A	DDX39A	0.725|0.630|0.636	1.990	0.663	3	0.813|0.767|0.727	0.000	0.000	0.000	0.000	0.000	-16.257	0.864	0.963	
MEPCE	DDX3X	DDX3X	2.548|2.698|2.904	8.149	2.716	3	1.910|2.005|2.058	0.024	0.034	0.024	0.034	0.024	-5.533	1.365	0.662	
MEPCE	DDX41	DDX41	1.828|2.027|0.916	4.771	1.590	3	2.021|2.011|2.158	0.000	0.000	0.000	0.000	0.000	-15.840	0.771	0.942	
MEPCE	DDX42	DDX42	1.193|1.022|1.110	3.326	1.109	3	0.677|0.792|0.753	0.033	0.034	0.033	0.034	0.033	-3.422	1.500	0.642	
MEPCE	DDX46	DDX46	7.963|7.759|8.240	23.962	7.987	3	7.413|7.890|7.836	0.000	0.000	0.000	0.000	0.000	-15.833	1.036	0.924	
MEPCE	DDX49	DDX49	0.715|0.659|0.846	2.220	0.740	3	0.678|0.797|0.660	0.000	0.000	0.000	0.000	0.000	-15.840	1.043	0.907	
MEPCE	DDX5	DDX5	3.621|3.494|3.369	10.484	3.495	3	2.467|2.326|2.525	0.034	0.034	0.034	0.034	0.034	-3.340	1.434	0.629	
MEPCE	DDX50	DDX50	0.415|0.374|0.499	1.288	0.429	3	.|.|0.163	0.080	0.096	0.080	0.096	0.080	-2.559	2.631	0.277	
MEPCE	DDX52	DDX52	0.655|0.595|0.603	1.853	0.618	3	0.403|0.447|0.349	0.009	0.025	0.009	0.025	0.009	-7.953	1.554	0.775	
MEPCE	DDX54	DDX54	0.693|0.790|0.669	2.152	0.717	3	0.715|3.392|0.802	0.001	0.001	0.001	0.001	0.001	-7.362	0.575	0.813	
MEPCE	DDX6	DDX6	0.780|0.573|0.516	1.869	0.623	3	0.520|0.633|0.477	0.000	0.000	0.000	0.000	0.000	-15.840	1.155	0.873	
MEPCE	DEK	DEK	1.263|1.203|1.474	3.940	1.313	3	1.061|1.207|1.115	0.009	0.027	0.009	0.027	0.009	-15.102	1.166	0.774	
MEPCE	DERPC	DERPC	1.409|1.339|1.331	4.079	1.360	3	1.292|1.122|1.204	0.000	0.000	0.000	0.000	0.000	-14.336	1.129	0.885	
MEPCE	DHCR24	DHCR24	0.859|0.824|0.708	2.391	0.797	3	0.831|0.782|0.816	0.000	0.000	0.000	0.000	0.000	-15.840	0.984	0.927	
MEPCE	DHX15	DHX15	2.040|2.137|2.160	6.338	2.113	3	1.759|1.689|1.851	0.000	0.000	0.000	0.000	0.000	-12.305	1.197	0.843	
MEPCE	DHX16	DHX16	0.471|0.526|0.543	1.540	0.513	3	0.397|0.410|0.398	0.021	0.034	0.021	0.034	0.021	-11.588	1.277	0.707	
MEPCE	DHX30	DHX30	0.480|0.470|0.559	1.509	0.503	3	.|0.207|.	0.330	0.920	0.330	0.920	0.330	-3.340	2.434	0.160	
MEPCE	DHX35	DHX35	1.599|1.650|1.555	4.805	1.602	3	1.381|1.298|1.341	0.000	0.000	0.000	0.000	0.000	-12.076	1.196	0.840	
MEPCE	DHX36	DHX36	1.483|1.714|1.656	4.853	1.618	3	1.341|1.251|1.345	0.008	0.023	0.008	0.023	0.008	-13.316	1.233	0.777	
MEPCE	DHX38	DHX38	0.501|0.323|0.319	1.142	0.381	3	0.869|1.080|0.987	0.000	0.000	0.000	0.000	0.000	-15.840	0.390	0.962	
MEPCE	DHX40	DHX40	0.519|0.524|0.452	1.495	0.498	3	0.464|0.571|0.518	0.000	0.000	0.000	0.000	0.000	-15.840	0.966	0.938	
MEPCE	DHX9	DHX9	10.498|9.777|8.337	28.612	9.537	3	8.913|2.086|2.506	0.085	0.111	0.085	0.111	0.085	-2.851	2.650	0.267	
MEPCE	DIABLO	DIABLO	1.003|1.027|1.193	3.223	1.074	3	1.007|1.129|1.138	0.000	0.000	0.000	0.000	0.000	-15.840	0.986	0.918	
MEPCE	DIAPH1	DIAPH1	1.198|1.493|1.219	3.910	1.303	3	1.552|1.335|1.471	0.000	0.000	0.000	0.000	0.000	-15.840	0.899	0.935	
MEPCE	DIDO1	DIDO1	1.780|1.736|1.773	5.289	1.763	3	1.935|2.003|1.969	0.000	0.000	0.000	0.000	0.000	-15.840	0.895	0.942	
MEPCE	DIMT1	DIMT1	0.531|0.514|0.381	1.426	0.475	3	0.269|0.266|0.276	0.034	0.034	0.034	0.034	0.034	-3.340	1.760	0.425	
MEPCE	DIS3	DIS3	0.553|0.616|0.656	1.825	0.608	3	0.270|0.413|0.313	0.014	0.040	0.014	0.040	0.014	-10.887	1.861	0.720	
MEPCE	D0JA1	D0JA1	2.231|2.201|2.313	6.745	2.248	3	2.494|2.606|2.657	0.000	0.000	0.000	0.000	0.000	-15.840	0.870	0.942	
MEPCE	D0JA2	D0JA2	1.175|1.488|1.327	3.990	1.330	3	1.731|1.671|1.770	0.000	0.000	0.000	0.000	0.000	-15.840	0.772	0.942	
MEPCE	D0JB1	D0JB1	0.183|0.227|0.732	1.143	0.381	3	0.589|0.759|0.408	0.000	0.000	0.000	0.000	0.000	-15.840	0.672	0.894	
MEPCE	D0JB6	D0JB6	1.257|1.318|1.143	3.719	1.240	3	1.519|1.505|1.439	0.000	0.000	0.000	0.000	0.000	-15.840	0.833	0.940	
MEPCE	D0JC10	D0JC10	1.095|1.168|1.085	3.347	1.116	3	0.949|0.980|0.993	0.000	0.000	0.000	0.000	0.000	-13.873	1.146	0.862	
MEPCE	D0JC7	D0JC7	0.353|0.461|0.364	1.178	0.393	3	0.507|0.548|0.489	0.000	0.000	0.000	0.000	0.000	-15.840	0.764	0.942	
MEPCE	D0JC8	D0JC8	1.345|1.402|1.451	4.197	1.399	3	1.211|1.286|1.320	0.000	0.000	0.000	0.000	0.000	-15.313	1.100	0.895	
MEPCE	D0JC9	D0JC9	0.517|0.298|0.385	1.199	0.400	3	0.442|0.424|0.469	0.000	0.000	0.000	0.000	0.000	-15.840	0.899	0.887	
MEPCE	DOCK7	DOCK7	0.757|1.910|1.866	4.533	1.511	3	1.925|1.807|1.899	0.000	0.000	0.000	0.000	0.000	-15.840	0.805	0.937	
MEPCE	DPM1	DPM1	1.586|1.441|1.494	4.521	1.507	3	1.854|5.806|2.435	0.000	0.000	0.000	0.000	0.000	-12.732	0.507	0.876	
MEPCE	DPYSL2	DPYSL2	0.600|0.573|0.596	1.769	0.590	3	0.646|0.599|0.592	0.000	0.000	0.000	0.000	0.000	-15.840	0.963	0.942	
MEPCE	DPYSL3	DPYSL3	0.454|0.494|0.578	1.527	0.509	3	0.430|0.537|0.510	0.000	0.000	0.000	0.000	0.000	-15.840	1.039	0.915	
MEPCE	DRG1	DRG1	0.911|0.880|0.918	2.709	0.903	3	0.793|0.833|0.874	0.000	0.000	0.000	0.000	0.000	-15.318	1.084	0.908	
MEPCE	DSP	DSP	0.887|0.783|0.797	2.468	0.823	3	0.768|0.732|0.819	0.000	0.000	0.000	0.000	0.000	-15.807	1.065	0.893	
MEPCE	DSTN	DSTN	0.428|0.638|0.364	1.430	0.477	3	0.510|0.434|0.462	0.003	0.008	0.003	0.008	0.003	-15.840	1.020	0.797	
MEPCE	DUT	DUT	0.593|0.517|0.497	1.606	0.535	3	0.546|0.586|0.534	0.000	0.000	0.000	0.000	0.000	-15.840	0.965	0.925	
MEPCE	DYNC1H1	DYNC1H1	0.834|0.785|0.974	2.593	0.864	3	0.821|0.786|0.778	0.000	0.000	0.000	0.000	0.000	-15.840	1.088	0.847	
MEPCE	DYNC1LI1	DYNC1LI1	0.379|0.527|0.387	1.293	0.431	3	0.362|0.484|0.414	0.000	0.000	0.000	0.000	0.000	-15.840	1.034	0.911	
MEPCE	DYNC2I1	DYNC2I1	0.348|0.469|0.437	1.254	0.418	3	0.388|0.361|0.451	0.000	0.000	0.000	0.000	0.000	-15.840	1.049	0.914	
MEPCE	DYNLL1	DYNLL1	0.274|0.331|0.301	0.905	0.302	3	0.298|0.351|0.373	0.000	0.000	0.000	0.000	0.000	-15.840	0.890	0.957	
MEPCE	E2F7	E2F7	1.656|1.594|1.667	4.916	1.639	3	1.103|12.080|12.664	0.003	0.003	0.003	0.003	0.003	-6.003	0.297	0.795	
MEPCE	EBP	EBP	0.577|0.693|0.594	1.864	0.621	3	0.535|0.561|0.441	0.000	0.000	0.000	0.000	0.000	-15.118	1.220	0.878	
MEPCE	ECH1	ECH1	0.652|0.800|0.749	2.201	0.734	3	0.590|0.570|0.612	0.012	0.034	0.012	0.034	0.012	-14.155	1.243	0.733	
MEPCE	ECHS1	ECHS1	0.565|0.538|0.589	1.693	0.564	3	0.508|0.542|0.540	0.000	0.000	0.000	0.000	0.000	-15.799	1.065	0.909	
MEPCE	ECPAS	ECPAS	0.826|0.858|0.744	2.428	0.809	3	0.644|0.908|0.780	0.000	0.000	0.000	0.000	0.000	-15.840	1.052	0.930	
MEPCE	EDF1	EDF1	8.302|7.867|8.235	24.404	8.135	3	8.718|8.270|8.574	0.000	0.000	0.000	0.000	0.000	-15.840	0.955	0.942	
MEPCE	EDRF1	EDRF1	0.277|0.359|0.263	0.900	0.300	3	0.277|0.200|.	0.000	0.001	0.000	0.001	0.000	-15.083	1.276	0.823	
MEPCE	EEF1A1	EEF1A1	15.840|15.515|16.284	47.639	15.880	3	14.921|15.586|15.486	0.000	0.000	0.000	0.000	0.000	-15.815	1.036	0.925	
MEPCE	EEF1A2	EEF1A2	0.286|0.320|0.310	0.916	0.305	3	0.556|0.261|0.613	0.000	0.000	0.000	0.000	0.000	-14.845	0.684	0.898	
MEPCE	EEF1B2	EEF1B2	2.482|2.483|2.541	7.506	2.502	3	2.916|2.977|2.977	0.000	0.000	0.000	0.000	0.000	-15.840	0.846	0.942	
MEPCE	EEF1D	EEF1D	2.236|2.232|2.307	6.775	2.258	3	2.237|2.440|2.345	0.000	0.000	0.000	0.000	0.000	-15.840	0.965	0.942	
MEPCE	EEF1E1	EEF1E1	0.670|0.602|0.578	1.850	0.617	3	0.515|0.549|0.459	0.000	0.000	0.000	0.000	0.000	-14.257	1.218	0.846	
MEPCE	EEF1G	EEF1G	3.579|3.425|3.500	10.503	3.501	3	4.449|4.551|4.454	0.000	0.000	0.000	0.000	0.000	-15.840	0.781	0.942	
MEPCE	EEF2	EEF2	2.039|2.099|2.078	6.216	2.072	3	2.143|2.163|2.345	0.000	0.000	0.000	0.000	0.000	-15.840	0.936	0.942	
MEPCE	EFTUD2	EFTUD2	1.420|1.367|1.358	4.145	1.382	3	1.201|1.259|1.254	0.000	0.000	0.000	0.000	0.000	-14.393	1.116	0.891	
MEPCE	EI24	EI24	0.933|0.907|0.908	2.749	0.916	3	0.765|0.638|0.680	0.000	0.000	0.000	0.000	0.000	-9.394	1.323	0.831	
MEPCE	EIF1	EIF1	1.210|1.337|1.344	3.891	1.297	3	1.211|1.125|1.040	0.000	0.000	0.000	0.000	0.000	-15.125	1.155	0.874	
MEPCE	EIF1AX	EIF1AX	3.787|3.609|4.026	11.422	3.807	3	3.912|4.126|4.269	0.000	0.000	0.000	0.000	0.000	-15.840	0.929	0.942	
MEPCE	EIF2B1	EIF2B1	1.061|1.126|1.068	3.254	1.085	3	0.811|0.769|0.820	0.034	0.034	0.034	0.034	0.034	-3.340	1.356	0.425	
MEPCE	EIF2B2	EIF2B2	0.861|0.939|1.008	2.809	0.936	3	0.787|0.798|0.805	0.001	0.002	0.001	0.002	0.001	-14.809	1.175	0.819	
MEPCE	EIF2B3	EIF2B3	0.901|0.816|0.974	2.692	0.897	3	0.837|0.897|0.836	0.000	0.000	0.000	0.000	0.000	-15.840	1.048	0.899	
MEPCE	EIF2B4	EIF2B4	1.112|1.024|1.194	3.330	1.110	3	1.071|0.943|1.053	0.000	0.000	0.000	0.000	0.000	-15.838	1.088	0.884	
MEPCE	EIF2B5	EIF2B5	1.063|0.962|0.999	3.024	1.008	3	0.883|0.959|0.834	0.000	0.000	0.000	0.000	0.000	-14.923	1.132	0.872	
MEPCE	EIF2S1	EIF2S1	1.391|1.364|1.214	3.970	1.323	3	1.203|1.196|1.125	0.000	0.000	0.000	0.000	0.000	-15.652	1.127	0.868	
MEPCE	EIF2S2	EIF2S2	0.733|0.752|0.765	2.250	0.750	3	0.623|0.800|0.678	0.000	0.000	0.000	0.000	0.000	-15.721	1.077	0.926	
MEPCE	EIF2S3	EIF2S3	1.185|1.183|1.271	3.638	1.213	3	1.007|0.922|1.069	0.000	0.000	0.000	0.000	0.000	-11.935	1.216	0.834	
MEPCE	EIF3A	EIF3A	2.723|3.006|2.787	8.516	2.839	3	2.672|2.726|2.732	0.000	0.000	0.000	0.000	0.000	-15.836	1.047	0.912	
MEPCE	EIF3B	EIF3B	1.853|1.819|1.828	5.501	1.834	3	1.699|1.785|1.679	0.000	0.000	0.000	0.000	0.000	-15.309	1.066	0.917	
MEPCE	EIF3C	EIF3C	2.105|2.383|2.364	6.853	2.284	3	1.868|1.949|1.847	0.001	0.001	0.001	0.001	0.001	-13.826	1.210	0.815	
MEPCE	EIF3D	EIF3D	2.040|2.034|2.141	6.215	2.072	3	1.825|1.698|1.736	0.000	0.000	0.000	0.000	0.000	-12.073	1.182	0.849	
MEPCE	EIF3E	EIF3E	1.783|1.897|1.894	5.574	1.858	3	1.468|1.717|1.676	0.000	0.000	0.000	0.000	0.000	-14.823	1.149	0.892	
MEPCE	EIF3F	EIF3F	2.438|2.346|2.385	7.169	2.390	3	2.044|2.141|2.164	0.000	0.000	0.000	0.000	0.000	-14.042	1.130	0.886	
MEPCE	EIF3G	EIF3G	3.559|3.316|3.781	10.657	3.552	3	3.659|3.965|4.011	0.000	0.000	0.000	0.000	0.000	-15.840	0.917	0.942	
MEPCE	EIF3H	EIF3H	1.402|1.467|1.449	4.318	1.439	3	1.104|1.157|1.330	0.000	0.000	0.000	0.000	0.000	-13.777	1.206	0.883	
MEPCE	EIF3I	EIF3I	2.461|2.693|2.794	7.947	2.649	3	2.824|2.863|2.853	0.000	0.000	0.000	0.000	0.000	-15.840	0.931	0.942	
MEPCE	EIF3K	EIF3K	1.565|1.510|1.785	4.861	1.620	3	1.427|1.330|1.429	0.001	0.004	0.001	0.004	0.001	-14.769	1.162	0.807	
MEPCE	EIF3L	EIF3L	1.826|1.866|1.790	5.482	1.827	3	1.627|1.525|1.614	0.000	0.000	0.000	0.000	0.000	-13.412	1.151	0.874	
MEPCE	EIF3M	EIF3M	0.986|0.945|0.942	2.873	0.958	3	0.906|0.992|0.711	0.000	0.000	0.000	0.000	0.000	-15.639	1.112	0.926	
MEPCE	EIF4A1	EIF4A1	0.702|0.602|0.681	1.985	0.662	3	0.878|0.759|0.876	0.000	0.000	0.000	0.000	0.000	-15.699	0.792	0.931	
MEPCE	EIF4A2	EIF4A2	1.562|13.656|1.665	16.883	5.628	3	1.863|1.803|5.265	0.300	0.900	0.300	0.900	0.300	-12.829	2.160	0.174	
MEPCE	EIF4B	EIF4B	4.024|3.809|3.865	11.698	3.899	3	4.160|4.412|4.607	0.000	0.000	0.000	0.000	0.000	-15.840	0.888	0.942	
MEPCE	EIF4E	EIF4E	0.368|0.296|0.360	1.024	0.341	3	0.323|0.357|0.372	0.000	0.000	0.000	0.000	0.000	-15.762	0.975	0.927	
MEPCE	EIF4E2	EIF4E2	4.954|4.674|4.340	13.968	4.656	3	3.932|3.251|2.895	0.000	0.000	0.000	0.000	0.000	-13.646	1.397	0.867	
MEPCE	EIF4ENIF1	EIF4ENIF1	0.733|0.753|0.618	2.105	0.702	3	0.759|0.662|0.677	0.000	0.000	0.000	0.000	0.000	-15.840	1.005	0.922	
MEPCE	EIF4G1	EIF4G1	2.644|1.196|1.224	5.064	1.688	3	1.273|1.296|1.192	0.011	0.034	0.011	0.034	0.011	-15.840	1.347	0.767	
MEPCE	EIF4G2	EIF4G2	12.049|11.423|0.839	24.311	8.104	3	14.104|0.713|13.194	0.026	0.038	0.026	0.038	0.026	-5.970	1.589	0.653	
MEPCE	EIF4G3	EIF4G3	1.055|0.879|1.194	3.129	1.043	3	0.916|0.319|1.143	0.000	0.000	0.000	0.000	0.000	-13.824	1.502	0.894	
MEPCE	EIF4H	EIF4H	2.017|1.992|2.078	6.087	2.029	3	2.124|2.051|2.101	0.000	0.000	0.000	0.000	0.000	-15.840	0.970	0.942	
MEPCE	EIF5	EIF5	0.583|0.532|0.711	1.827	0.609	3	0.542|0.511|0.623	0.000	0.000	0.000	0.000	0.000	-15.840	1.094	0.879	
MEPCE	EIF5A	EIF5A	1.826|1.876|1.866	5.568	1.856	3	1.959|2.091|1.951	0.000	0.000	0.000	0.000	0.000	-15.840	0.928	0.942	
MEPCE	EIF5B	EIF5B	1.662|1.697|1.900	5.259	1.753	3	1.543|1.666|1.608	0.000	0.000	0.000	0.000	0.000	-15.636	1.092	0.873	
MEPCE	ELAVL1	ELAVL1	1.415|1.352|1.090	3.858	1.286	3	0.070|0.876|0.727	0.062	0.068	0.062	0.068	0.062	-2.889	3.632	0.314	
MEPCE	ELOA	ELOA	1.010|1.148|1.097	3.255	1.085	3	0.839|0.759|0.824	0.023	0.034	0.023	0.034	0.023	-7.276	1.345	0.679	
MEPCE	ELOB	ELOB	0.976|0.962|0.936	2.874	0.958	3	1.032|0.865|0.898	0.000	0.000	0.000	0.000	0.000	-15.835	1.031	0.932	
MEPCE	ELOC	ELOC	0.578|0.607|0.770	1.955	0.652	3	0.328|0.573|0.616	0.000	0.001	0.000	0.001	0.000	-12.508	1.337	0.829	
MEPCE	ELOVL1	ELOVL1	0.260|0.236|0.212	0.707	0.236	3	0.206|0.264|0.284	0.000	0.000	0.000	0.000	0.000	-15.840	0.947	0.937	
MEPCE	ELP1	ELP1	1.201|1.171|1.851	4.223	1.408	3	1.562|2.197|0.978	0.000	0.000	0.000	0.000	0.000	-15.448	0.940	0.853	
MEPCE	ELP2	ELP2	0.616|0.676|0.647	1.939	0.646	3	0.520|0.521|0.493	0.012	0.034	0.012	0.034	0.012	-9.998	1.264	0.735	
MEPCE	ELP3	ELP3	1.245|1.220|1.036	3.500	1.167	3	0.909|1.044|0.942	0.001	0.002	0.001	0.002	0.001	-15.077	1.211	0.814	
MEPCE	EMD	EMD	0.291|0.354|0.360	1.004	0.335	3	.|0.412|.	0.000	0.000	0.000	0.000	0.000	-15.840	0.812	0.956	
MEPCE	EMG1	EMG1	0.473|0.638|0.625	1.736	0.579	3	0.220|1.086|0.543	0.006	0.008	0.006	0.008	0.006	-5.804	1.144	0.784	
MEPCE	EML4	EML4	0.405|0.403|0.538	1.346	0.449	3	0.515|0.624|0.536	0.000	0.000	0.000	0.000	0.000	-15.840	0.807	0.957	
MEPCE	E0H	E0H	1.038|0.792|1.008	2.838	0.946	3	0.987|0.940|1.043	0.000	0.000	0.000	0.000	0.000	-15.840	0.957	0.930	
MEPCE	ENDOG	ENDOG	5.856|5.600|5.913	17.369	5.790	3	0.154|0.297|0.338	1.000	1.000	1.000	1.000	1.000	11.003	23.237	0.000	
MEPCE	ENO1	ENO1	1.423|1.517|1.663	4.603	1.534	3	2.247|2.175|2.324	0.000	0.000	0.000	0.000	0.000	-15.840	0.683	0.942	
MEPCE	ENSA	ENSA	1.499|1.360|1.470	4.330	1.443	3	1.503|1.235|1.538	0.000	0.000	0.000	0.000	0.000	-15.840	1.018	0.933	
MEPCE	ENY2	ENY2	1.250|1.113|1.156	3.518	1.173	3	1.478|1.477|1.551	0.000	0.000	0.000	0.000	0.000	-15.840	0.781	0.940	
MEPCE	EPB41L3	EPB41L3	0.338|0.324|0.272	0.934	0.311	3	0.254|0.264|0.313	0.000	0.000	0.000	0.000	0.000	-15.840	1.129	0.900	
MEPCE	EPPK1	EPPK1	4.860|5.256|5.470	15.586	5.195	3	5.006|5.258|5.214	0.000	0.000	0.000	0.000	0.000	-15.840	1.007	0.927	
MEPCE	EPRS1	EPRS1	0.894|0.775|0.785	2.454	0.818	3	0.608|0.556|0.645	0.012	0.034	0.012	0.034	0.012	-7.261	1.358	0.732	
MEPCE	ERBIN	ERBIN	0.578|0.486|0.610	1.674	0.558	3	0.456|0.362|0.411	0.000	0.001	0.000	0.001	0.000	-14.095	1.368	0.821	
MEPCE	ERC1	ERC1	0.310|0.443|0.380	1.134	0.378	3	0.553|0.454|0.501	0.000	0.000	0.000	0.000	0.000	-15.840	0.754	0.959	
MEPCE	ERH	ERH	3.989|4.144|3.989	12.122	4.041	3	3.477|3.287|3.164	0.000	0.001	0.000	0.001	0.000	-9.910	1.222	0.824	
MEPCE	ESYT1	ESYT1	0.838|0.871|0.741	2.449	0.816	3	0.908|0.839|0.863	0.000	0.000	0.000	0.000	0.000	-15.840	0.939	0.940	
MEPCE	ESYT2	ESYT2	0.615|0.571|0.563	1.749	0.583	3	0.536|0.671|0.623	0.000	0.000	0.000	0.000	0.000	-15.840	0.960	0.939	
MEPCE	EWSR1	EWSR1	16.792|15.635|16.742	49.169	16.390	3	15.231|15.629|16.189	0.000	0.000	0.000	0.000	0.000	-15.840	1.045	0.920	
MEPCE	EXOC2	EXOC2	0.719|0.564|0.748	2.031	0.677	3	0.708|0.662|0.593	0.000	0.000	0.000	0.000	0.000	-15.840	1.037	0.910	
MEPCE	EXOC4	EXOC4	0.545|0.568|0.509	1.622	0.541	3	0.595|0.612|0.468	0.000	0.000	0.000	0.000	0.000	-15.840	0.975	0.938	
MEPCE	EXOC7	EXOC7	0.323|0.668|0.498	1.489	0.496	3	0.568|0.513|0.554	0.000	0.000	0.000	0.000	0.000	-15.840	0.911	0.847	
MEPCE	EXOSC6	EXOSC6	1.191|1.185|1.233	3.609	1.203	3	1.382|1.410|1.381	0.000	0.000	0.000	0.000	0.000	-15.840	0.865	0.942	
MEPCE	EXOSC8	EXOSC8	1.199|1.222|1.169	3.590	1.197	3	1.413|1.498|1.354	0.000	0.000	0.000	0.000	0.000	-15.840	0.842	0.942	
MEPCE	EZR	EZR	1.189|1.289|1.228	3.705	1.235	3	1.048|1.130|1.111	0.000	0.000	0.000	0.000	0.000	-14.724	1.127	0.877	
MEPCE	F5	F5	0.381|0.571|0.499	1.451	0.484	3	0.898|0.761|0.849	0.000	0.000	0.000	0.000	0.000	-15.840	0.580	0.959	
MEPCE	FAM133A	FAM133A	0.328|0.626|0.332	1.286	0.429	3	.|0.742|0.753	0.000	0.000	0.000	0.000	0.000	-15.840	0.573	0.957	
MEPCE	FAM133B	FAM133B	15.659|14.762|15.699	46.121	15.374	3	15.731|16.491|16.887	0.000	0.000	0.000	0.000	0.000	-15.840	0.940	0.942	
MEPCE	FAM204A	FAM204A	0.328|0.320|0.340	0.989	0.330	3	0.276|0.345|0.338	0.000	0.000	0.000	0.000	0.000	-15.837	1.036	0.932	
MEPCE	FAM32A	FAM32A	2.530|2.516|2.635	7.682	2.561	3	2.192|2.412|2.335	0.000	0.000	0.000	0.000	0.000	-14.618	1.108	0.894	
MEPCE	FAM50A	FAM50A	1.257|1.455|1.640	4.353	1.451	3	1.288|1.194|1.407	0.000	0.000	0.000	0.000	0.000	-15.840	1.122	0.855	
MEPCE	FAM76B	FAM76B	0.066|0.146|0.117	0.329	0.110	3	0.112|0.148|0.122	0.000	0.000	0.000	0.000	0.000	-15.840	0.866	0.926	
MEPCE	FAM98A	FAM98A	0.799|0.770|0.574	2.144	0.715	3	1.016|0.815|0.891	0.000	0.000	0.000	0.000	0.000	-15.840	0.791	0.961	
MEPCE	FAM98B	FAM98B	0.562|0.632|0.607	1.802	0.601	3	0.571|0.686|0.596	0.000	0.000	0.000	0.000	0.000	-15.840	0.975	0.937	
MEPCE	FANCD2	FANCD2	0.841|0.799|0.836	2.476	0.825	3	0.530|0.571|0.601	0.034	0.034	0.034	0.034	0.034	-3.340	1.456	0.425	
MEPCE	FANCI	FANCI	0.953|0.935|0.976	2.864	0.955	3	0.761|0.880|0.886	0.000	0.000	0.000	0.000	0.000	-14.669	1.136	0.901	
MEPCE	FARSA	FARSA	0.793|0.832|0.791	2.416	0.805	3	0.962|0.897|0.953	0.000	0.000	0.000	0.000	0.000	-15.840	0.859	0.942	
MEPCE	FARSB	FARSB	0.537|0.433|0.540	1.511	0.504	3	0.605|0.681|0.673	0.000	0.000	0.000	0.000	0.000	-15.840	0.772	0.942	
MEPCE	FASN	FASN	4.665|5.187|5.160	15.011	5.004	3	4.918|4.775|4.715	0.000	0.000	0.000	0.000	0.000	-15.840	1.042	0.917	
MEPCE	FAU	FAU	20.208|20.139|19.377	59.725	19.908	3	18.099|18.195|17.732	0.000	0.000	0.000	0.000	0.000	-14.933	1.106	0.898	
MEPCE	FBL	FBL	9.631|9.250|9.074	27.955	9.318	3	11.490|11.112|10.835	0.000	0.000	0.000	0.000	0.000	-15.840	0.836	0.942	
MEPCE	FBXO21	FBXO21	0.618|0.735|0.617	1.970	0.657	3	0.639|0.608|0.586	0.000	0.000	0.000	0.000	0.000	-15.822	1.075	0.859	
MEPCE	FDFT1	FDFT1	0.746|0.747|0.781	2.275	0.758	3	0.844|0.684|0.725	0.000	0.000	0.000	0.000	0.000	-15.840	1.014	0.935	
MEPCE	FECH	FECH	0.430|0.454|0.398	1.282	0.427	3	0.298|0.328|0.370	0.000	0.000	0.000	0.000	0.000	-13.688	1.291	0.853	
MEPCE	FEN1	FEN1	2.054|2.209|2.145	6.408	2.136	3	1.855|1.890|1.888	0.000	0.000	0.000	0.000	0.000	-14.484	1.138	0.875	
MEPCE	FGF2	FGF2	0.784|0.748|0.796	2.328	0.776	3	0.896|1.015|1.041	0.000	0.000	0.000	0.000	0.000	-15.840	0.791	0.957	
MEPCE	FHL1	FHL1	0.738|0.860|0.845	2.443	0.814	3	0.808|1.033|0.884	0.000	0.000	0.000	0.000	0.000	-15.840	0.901	0.956	
MEPCE	FIP1L1	FIP1L1	0.598|0.452|0.549	1.599	0.533	3	0.399|0.350|0.336	0.023	0.034	0.023	0.034	0.023	-11.146	1.478	0.688	
MEPCE	FKBP3	FKBP3	2.427|2.543|2.632	7.602	2.534	3	2.621|2.537|2.453	0.000	0.000	0.000	0.000	0.000	-15.840	0.999	0.933	
MEPCE	FKBP4	FKBP4	0.623|0.549|0.588	1.760	0.587	3	0.785|0.503|0.803	0.000	0.000	0.000	0.000	0.000	-15.840	0.860	0.957	
MEPCE	FLII	FLII	0.621|0.723|0.601	1.945	0.648	3	0.603|0.719|0.564	0.000	0.000	0.000	0.000	0.000	-15.840	1.037	0.922	
MEPCE	FL0	FL0	4.036|4.176|4.493	12.706	4.235	3	4.002|3.759|3.761	0.000	0.000	0.000	0.000	0.000	-15.417	1.103	0.880	
MEPCE	FLNB	FLNB	1.093|1.047|1.063	3.203	1.068	3	0.895|0.833|0.884	0.000	0.001	0.000	0.001	0.000	-10.116	1.227	0.823	
MEPCE	FMR1	FMR1	0.665|0.648|0.678	1.990	0.663	3	0.559|0.354|0.474	0.000	0.000	0.000	0.000	0.000	-14.074	1.460	0.896	
MEPCE	FOCAD	FOCAD	1.059|0.511|1.467	3.038	1.013	3	0.462|0.520|0.437	0.332	0.961	0.332	0.961	0.332	-15.214	2.147	0.150	
MEPCE	FRA10AC1	FRA10AC1	0.633|0.679|0.687	1.999	0.666	3	0.612|0.533|0.541	0.000	0.000	0.000	0.000	0.000	-13.921	1.188	0.858	
MEPCE	FRG1	FRG1	4.477|4.834|4.794	14.105	4.702	3	4.716|5.245|5.255	0.000	0.000	0.000	0.000	0.000	-15.840	0.928	0.942	
MEPCE	FUBP1	FUBP1	0.323|0.343|0.384	1.050	0.350	3	0.465|0.435|0.386	0.000	0.000	0.000	0.000	0.000	-15.840	0.819	0.959	
MEPCE	FUS	FUS	22.151|20.741|22.291	65.183	21.728	3	20.974|21.851|21.653	0.000	0.000	0.000	0.000	0.000	-15.840	1.011	0.931	
MEPCE	FXR1	FXR1	1.189|1.052|1.187	3.428	1.143	3	0.783|0.807|0.777	0.034	0.034	0.034	0.034	0.034	-3.340	1.448	0.425	
MEPCE	FXR2	FXR2	0.606|0.835|0.653	2.094	0.698	3	0.461|0.386|0.523	0.007	0.021	0.007	0.021	0.007	-13.104	1.541	0.780	
MEPCE	G3BP1	G3BP1	4.416|3.363|3.935	11.713	3.904	3	2.935|2.879|2.961	0.023	0.034	0.023	0.034	0.023	-12.555	1.335	0.694	
MEPCE	G3BP2	G3BP2	0.422|0.401|0.363	1.185	0.395	3	0.267|1.296|0.266	0.004	0.005	0.004	0.005	0.004	-5.663	0.874	0.789	
MEPCE	GADD45GIP1	GADD45GIP1	0.610|0.703|0.681	1.994	0.665	3	0.476|0.623|0.588	0.000	0.000	0.000	0.000	0.000	-15.552	1.190	0.905	
MEPCE	GA0B	GA0B	1.287|1.326|1.352	3.966	1.322	3	1.537|1.505|1.463	0.000	0.000	0.000	0.000	0.000	-15.840	0.880	0.962	
MEPCE	GAPDH	GAPDH	1.953|1.882|1.717	5.552	1.851	3	2.311|2.579|2.617	0.000	0.000	0.000	0.000	0.000	-15.840	0.741	0.942	
MEPCE	GAPVD1	GAPVD1	0.774|0.913|1.089	2.776	0.925	3	0.824|0.841|0.864	0.003	0.009	0.003	0.009	0.003	-15.840	1.098	0.794	
MEPCE	GAR1	GAR1	1.226|1.415|1.675	4.316	1.439	3	1.141|1.145|0.969	0.011	0.034	0.011	0.034	0.011	-14.553	1.330	0.753	
MEPCE	GART	GART	1.468|1.505|1.538	4.511	1.504	3	1.532|1.622|1.520	0.000	0.000	0.000	0.000	0.000	-15.840	0.965	0.962	
MEPCE	GATAD2B	GATAD2B	0.336|0.326|0.316	0.979	0.326	3	0.309|0.271|0.291	0.000	0.000	0.000	0.000	0.000	-14.566	1.124	0.884	
MEPCE	GBF1	GBF1	0.444|0.526|0.599	1.569	0.523	3	0.495|0.502|0.534	0.000	0.000	0.000	0.000	0.000	-15.840	1.025	0.879	
MEPCE	GCN1	GCN1	1.286|1.263|1.343	3.893	1.298	3	1.680|1.822|1.505	0.000	0.000	0.000	0.000	0.000	-15.840	0.780	0.956	
MEPCE	GEMIN5	GEMIN5	0.579|0.604|1.532	2.716	0.905	3	1.307|0.635|0.568	0.010	0.029	0.010	0.029	0.010	-13.705	1.164	0.773	
MEPCE	GET4	GET4	0.573|0.568|0.598	1.739	0.580	3	0.408|0.417|0.477	0.003	0.008	0.003	0.008	0.003	-8.065	1.338	0.793	
MEPCE	GIGYF2	GIGYF2	0.593|0.656|0.613	1.862	0.621	3	0.566|0.616|0.561	0.000	0.000	0.000	0.000	0.000	-15.767	1.069	0.903	
MEPCE	GLO1	GLO1	0.792|0.806|0.813	2.411	0.804	3	0.863|0.995|1.062	0.000	0.000	0.000	0.000	0.000	-15.840	0.829	0.961	
MEPCE	GLUD1	GLUD1	1.465|1.495|1.472	4.433	1.478	3	1.442|1.411|1.444	0.000	0.000	0.000	0.000	0.000	-15.752	1.032	0.929	
MEPCE	G0I3	G0I3	1.785|1.936|1.994	5.715	1.905	3	1.252|1.333|1.297	0.034	0.034	0.034	0.034	0.034	-3.340	1.472	0.384	
MEPCE	GNB1	GNB1	1.154|1.298|1.129	3.580	1.193	3	0.823|0.790|0.992	0.000	0.001	0.000	0.001	0.000	-12.196	1.381	0.827	
MEPCE	GNG5	GNG5	0.338|0.386|0.490	1.213	0.404	3	0.291|0.363|0.279	0.000	0.000	0.000	0.000	0.000	-15.531	1.310	0.833	
MEPCE	GNL3	GNL3	0.645|0.644|0.699	1.988	0.663	3	0.298|0.315|0.237	0.472	0.857	0.472	0.857	0.472	-0.988	2.355	0.069	
MEPCE	GNL3L	GNL3L	1.532|1.616|1.713	4.860	1.620	3	1.466|1.069|1.633	0.000	0.000	0.000	0.000	0.000	-15.642	1.185	0.921	
MEPCE	GPATCH1	GPATCH1	1.458|1.499|1.443	4.399	1.466	3	1.721|1.781|1.970	0.000	0.000	0.000	0.000	0.000	-15.840	0.805	0.941	
MEPCE	GPATCH4	GPATCH4	0.992|0.993|0.360	2.345	0.782	3	0.737|0.642|0.742	0.023	0.034	0.023	0.034	0.023	-15.840	1.108	0.702	
MEPCE	GPATCH8	GPATCH8	0.333|0.338|0.903	1.573	0.524	3	0.698|0.713|0.870	0.000	0.000	0.000	0.000	0.000	-15.840	0.693	0.915	
MEPCE	GPBP1	GPBP1	0.598|0.695|0.682	1.976	0.659	3	0.534|0.513|0.612	0.000	0.000	0.000	0.000	0.000	-15.265	1.195	0.868	
MEPCE	GPHN	GPHN	0.843|0.843|0.923	2.608	0.869	3	0.728|0.722|0.851	0.000	0.000	0.000	0.000	0.000	-15.028	1.136	0.894	
MEPCE	GPN1	GPN1	0.459|0.493|0.535	1.487	0.496	3	0.416|0.506|0.495	0.000	0.000	0.000	0.000	0.000	-15.840	1.054	0.920	
MEPCE	GPS1	GPS1	1.135|1.097|0.989	3.221	1.074	3	0.988|1.035|1.011	0.000	0.000	0.000	0.000	0.000	-15.840	1.062	0.904	
MEPCE	GPX1	GPX1	1.175|1.195|1.279	3.649	1.216	3	1.109|0.993|0.905	0.000	0.000	0.000	0.000	0.000	-13.953	1.218	0.877	
MEPCE	GPX4	GPX4	0.358|0.390|0.459	1.207	0.402	3	0.395|0.489|0.393	0.000	0.000	0.000	0.000	0.000	-15.840	0.951	0.932	
MEPCE	GSPT2	GSPT2	0.403|0.434|0.408	1.245	0.415	3	0.554|0.521|0.626	0.000	0.000	0.000	0.000	0.000	-15.840	0.734	0.960	
MEPCE	GTF2B	GTF2B	0.669|0.738|0.625	2.031	0.677	3	0.825|0.808|0.640	0.000	0.000	0.000	0.000	0.000	-15.840	0.900	0.960	
MEPCE	GTF2F1	GTF2F1	1.731|1.918|1.937	5.587	1.862	3	1.745|1.547|1.399	0.000	0.000	0.000	0.000	0.000	-15.152	1.196	0.891	
MEPCE	GTF2F2	GTF2F2	0.859|0.883|0.921	2.663	0.888	3	0.747|0.683|0.637	0.001	0.003	0.001	0.003	0.001	-10.039	1.290	0.809	
MEPCE	GTF2I	GTF2I	12.936|12.001|12.091	37.028	12.343	3	11.369|11.328|11.354	0.000	0.000	0.000	0.000	0.000	-15.316	1.087	0.897	
MEPCE	GTSE1	GTSE1	0.442|0.499|0.492	1.432	0.477	3	0.369|0.519|0.701	0.000	0.000	0.000	0.000	0.000	-15.840	0.932	0.959	
MEPCE	H1-10	H1-10	1.308|1.330|1.434	4.072	1.357	3	0.716|0.776|0.775	0.034	0.034	0.034	0.034	0.034	-3.340	1.797	0.425	
MEPCE	H1-2	H1-2	2.380|2.399|2.568	7.347	2.449	3	1.280|0.578|1.379	0.173	0.238	0.173	0.238	0.173	-1.843	2.433	0.216	
MEPCE	H1-4	H1-4	8.546|8.521|8.812	25.879	8.626	3	4.837|4.905|4.838	0.034	0.034	0.034	0.034	0.034	-3.340	1.775	0.425	
MEPCE	H2AZ1	H2AZ1	2.834|3.231|3.104	9.169	3.056	3	2.479|2.453|2.457	0.011	0.032	0.011	0.032	0.011	-12.529	1.241	0.771	
MEPCE	H2BC12	H2BC12	3.239|3.288|3.174	9.700	3.233	3	2.229|2.325|2.510	0.034	0.034	0.034	0.034	0.034	-3.340	1.375	0.357	
MEPCE	H4C1	H4C1	2.820|2.981|2.716	8.517	2.839	3	3.140|3.137|2.768	0.000	0.000	0.000	0.000	0.000	-15.840	0.943	0.962	
MEPCE	HABP4	HABP4	0.249|.|.	0.819	0.273	3	0.280|0.273|.	0.000	0.000	0.000	0.000	0.000	-15.840	0.987	0.963	
MEPCE	HACD3	HACD3	1.851|1.642|1.716	5.209	1.736	3	1.279|1.294|1.303	0.024	0.034	0.024	0.034	0.024	-6.126	1.344	0.671	
MEPCE	HADHA	HADHA	1.079|0.964|0.965	3.008	1.003	3	0.968|1.000|1.005	0.000	0.000	0.000	0.000	0.000	-15.840	1.012	0.919	
MEPCE	HADHB	HADHB	1.058|1.002|0.985	3.045	1.015	3	0.876|1.523|1.068	0.000	0.000	0.000	0.000	0.000	-15.840	0.902	0.956	
MEPCE	HAUS3	HAUS3	0.566|0.616|0.574	1.756	0.585	3	0.503|0.412|0.520	0.000	0.000	0.000	0.000	0.000	-14.423	1.229	0.891	
MEPCE	HAX1	HAX1	0.516|0.516|0.506	1.538	0.513	3	0.461|0.491|0.461	0.000	0.000	0.000	0.000	0.000	-14.921	1.090	0.907	
MEPCE	HBA1	HBA1	0.722|0.728|0.735	2.185	0.728	3	0.859|0.894|0.892	0.000	0.000	0.000	0.000	0.000	-15.840	0.827	0.942	
MEPCE	HBD	HBD	0.912|1.087|1.070	3.069	1.023	3	1.002|1.063|1.072	0.000	0.000	0.000	0.000	0.000	-15.840	0.979	0.931	
MEPCE	HCFC1	HCFC1	0.613|0.614|0.556	1.783	0.594	3	0.566|0.683|0.579	0.000	0.000	0.000	0.000	0.000	-15.840	0.979	0.939	
MEPCE	HDAC1	HDAC1	1.697|1.656|1.603	4.956	1.652	3	1.569|1.508|1.668	0.000	0.000	0.000	0.000	0.000	-15.806	1.045	0.921	
MEPCE	HDAC2	HDAC2	0.721|0.656|0.675	2.052	0.684	3	0.579|0.612|0.567	0.000	0.000	0.000	0.000	0.000	-13.676	1.168	0.844	
MEPCE	HDGFL2	HDGFL2	0.480|0.622|0.612	1.714	0.571	3	0.697|0.678|0.671	0.000	0.000	0.000	0.000	0.000	-15.840	0.838	0.942	
MEPCE	HECTD1	HECTD1	0.937|1.080|1.119	3.136	1.045	3	0.706|0.739|0.672	0.034	0.034	0.034	0.034	0.034	-3.340	1.483	0.425	
MEPCE	HEXIM1	HEXIM1	2.730|2.801|2.839	8.371	2.790	3	0.439|0.497|0.467	1.000	1.000	1.000	1.000	1.000	9.160	5.973	0.000	
MEPCE	HM13	HM13	0.839|0.738|0.848	2.425	0.808	3	0.543|0.638|0.658	0.000	0.000	0.000	0.000	0.000	-13.302	1.324	0.832	
MEPCE	HMGA1	HMGA1	2.276|3.010|2.358	7.644	2.548	3	1.752|2.484|3.307	0.000	0.000	0.000	0.000	0.000	-15.840	1.048	0.902	
MEPCE	HMGB1	HMGB1	4.063|4.033|4.024	12.120	4.040	3	4.146|4.061|4.149	0.000	0.000	0.000	0.000	0.000	-15.840	0.981	0.942	
MEPCE	HMGB2	HMGB2	4.461|4.649|4.308	13.418	4.473	3	4.406|4.714|5.162	0.000	0.000	0.000	0.000	0.000	-15.840	0.942	0.941	
MEPCE	HMGB3	HMGB3	1.663|1.642|1.591	4.896	1.632	3	1.975|2.271|1.420	0.000	0.000	0.000	0.000	0.000	-15.840	0.880	0.962	
MEPCE	HMGN1	HMGN1	0.298|0.431|0.316	1.046	0.349	3	0.503|1.115|0.319	0.000	0.000	0.000	0.000	0.000	-10.980	0.619	0.839	
MEPCE	HMGN2	HMGN2	2.495|2.358|1.695	6.548	2.183	3	2.547|2.478|2.856	0.000	0.000	0.000	0.000	0.000	-15.840	0.833	0.962	
MEPCE	HMGN4	HMGN4	0.426|0.500|0.262	1.188	0.396	3	0.567|0.374|0.447	0.000	0.000	0.000	0.000	0.000	-15.840	0.868	0.934	
MEPCE	HNRNPA0	HNRNPA0	2.009|2.984|2.290	7.283	2.428	3	2.473|2.404|2.323	0.000	0.000	0.000	0.000	0.000	-15.840	1.012	0.833	
MEPCE	HNRNPA1	HNRNPA1	3.905|4.101|4.168	12.174	4.058	3	3.341|3.213|3.475	0.000	0.001	0.000	0.001	0.000	-11.745	1.214	0.827	
MEPCE	HNRNPA1L3	HNRNPA1L3	0.621|0.643|0.626	1.890	0.630	3	0.440|0.468|0.300	0.000	0.000	0.000	0.000	0.000	-12.095	1.592	0.863	
MEPCE	HNRNPA2B1	HNRNPA2B1	1.802|1.764|1.725	5.291	1.764	3	1.244|1.117|1.093	0.034	0.034	0.034	0.034	0.034	-3.340	1.534	0.425	
MEPCE	HNRNPA3	HNRNPA3	1.110|1.105|1.119	3.334	1.111	3	0.629|0.559|0.687	0.034	0.034	0.034	0.034	0.034	-3.340	1.784	0.614	
MEPCE	HNRNPAB	HNRNPAB	0.670|0.662|0.689	2.021	0.674	3	0.330|0.344|0.323	0.034	0.034	0.034	0.034	0.034	-3.340	2.029	0.425	
MEPCE	HNRNPC	HNRNPC	0.444|0.459|0.474	1.378	0.459	3	0.377|0.281|0.336	0.000	0.000	0.000	0.000	0.000	-12.763	1.395	0.869	
MEPCE	HNRNPD	HNRNPD	1.331|1.430|1.404	4.165	1.388	3	1.004|1.036|0.929	0.034	0.034	0.034	0.034	0.034	-3.340	1.404	0.425	
MEPCE	HNRNPF	HNRNPF	0.664|0.634|0.616	1.913	0.638	3	0.602|0.610|0.575	0.000	0.000	0.000	0.000	0.000	-15.649	1.071	0.908	
MEPCE	HNRNPH1	HNRNPH1	1.416|1.401|1.437	4.255	1.418	3	1.472|1.333|1.519	0.000	0.000	0.000	0.000	0.000	-15.840	0.986	0.962	
MEPCE	HNRNPK	HNRNPK	3.120|3.297|3.388	9.805	3.268	3	3.718|3.804|3.632	0.000	0.000	0.000	0.000	0.000	-15.840	0.879	0.942	
MEPCE	HNRNPL	HNRNPL	0.193|0.282|0.208	0.682	0.227	3	0.101|0.130|0.105	0.235	0.646	0.235	0.646	0.235	-3.604	2.041	0.197	
MEPCE	HNRNPM	HNRNPM	4.220|4.007|4.037	12.264	4.088	3	3.464|3.072|3.305	0.002	0.006	0.002	0.006	0.002	-8.994	1.248	0.800	
MEPCE	HNRNPR	HNRNPR	4.267|4.246|4.276	12.789	4.263	3	3.372|1.671|3.618	0.002	0.002	0.002	0.002	0.002	-6.212	1.561	0.801	
MEPCE	HNRNPU	HNRNPU	3.687|3.806|3.704	11.197	3.732	3	2.295|2.211|2.383	0.034	0.034	0.034	0.034	0.034	-3.340	1.626	0.425	
MEPCE	HNRNPUL1	HNRNPUL1	2.860|2.724|2.813	8.396	2.799	3	0.840|0.465|0.774	1.000	1.000	1.000	1.000	1.000	9.160	4.170	0.000	
MEPCE	HOMER2	HOMER2	0.375|0.525|0.392	1.291	0.430	3	0.249|0.334|0.474	0.000	0.000	0.000	0.000	0.000	-15.375	1.264	0.844	
MEPCE	HOOK1	HOOK1	0.320|0.329|0.326	0.975	0.325	3	0.295|0.367|0.296	0.000	0.000	0.000	0.000	0.000	-15.836	1.025	0.936	
MEPCE	HP	HP	0.808|0.726|0.778	2.312	0.771	3	0.766|0.633|0.886	0.000	0.000	0.000	0.000	0.000	-15.840	1.021	0.934	
MEPCE	HPX	HPX	1.409|1.140|1.461	4.010	1.337	3	1.009|1.036|1.014	0.023	0.034	0.023	0.034	0.023	-13.722	1.311	0.697	
MEPCE	HSD17B10	HSD17B10	1.221|1.227|1.220	3.669	1.223	3	1.174|1.234|1.232	0.000	0.000	0.000	0.000	0.000	-15.835	1.008	0.938	
MEPCE	HSD17B12	HSD17B12	1.517|1.300|1.465	4.282	1.427	3	1.308|1.362|1.270	0.000	0.000	0.000	0.000	0.000	-15.840	1.087	0.888	
MEPCE	HSD17B4	HSD17B4	0.762|0.823|0.778	2.364	0.788	3	0.910|0.851|1.029	0.000	0.000	0.000	0.000	0.000	-15.840	0.850	0.959	
MEPCE	HSP90AA1	HSP90AA1	13.574|13.923|14.243	41.740	13.913	3	17.201|16.519|16.858	0.000	0.000	0.000	0.000	0.000	-15.840	0.825	0.942	
MEPCE	HSP90AA4P	HSP90AA4P	0.477|0.452|3.740	4.669	1.556	3	2.008|0.696|0.528	0.142	0.427	0.142	0.427	0.142	-9.864	1.722	0.226	
MEPCE	HSP90AB1	HSP90AB1	11.674|11.341|11.523	34.539	11.513	3	13.362|13.591|12.545	0.000	0.000	0.000	0.000	0.000	-15.840	0.875	0.942	
MEPCE	HSP90AB4P	HSP90AB4P	0.898|0.808|0.871	2.577	0.859	3	1.050|0.989|1.093	0.000	0.000	0.000	0.000	0.000	-15.840	0.823	0.942	
MEPCE	HSP90B1	HSP90B1	5.397|5.393|5.529	16.319	5.440	3	6.460|6.912|6.265	0.000	0.000	0.000	0.000	0.000	-15.840	0.832	0.942	
MEPCE	HSPA1A	HSPA1A	15.489|16.555|16.953	48.998	16.333	3	18.616|18.921|18.341	0.000	0.000	0.000	0.000	0.000	-15.840	0.877	0.942	
MEPCE	HSPA2	HSPA2	3.948|0.252|1.694	5.894	1.965	3	4.823|2.070|1.164	0.007	0.020	0.007	0.020	0.007	-15.840	0.867	0.781	
MEPCE	HSPA4	HSPA4	1.157|1.193|1.194	3.544	1.181	3	1.552|1.624|1.535	0.000	0.000	0.000	0.000	0.000	-15.840	0.752	0.940	
MEPCE	HSPA4L	HSPA4L	0.358|0.386|0.335	1.079	0.360	3	0.381|0.404|0.411	0.000	0.000	0.000	0.000	0.000	-15.840	0.902	0.942	
MEPCE	HSPA5	HSPA5	3.825|3.873|4.040	11.738	3.913	3	3.914|4.171|4.409	0.000	0.000	0.000	0.000	0.000	-15.840	0.941	0.942	
MEPCE	HSPA8	HSPA8	18.672|20.778|20.330	59.780	19.927	3	19.932|20.122|21.329	0.000	0.000	0.000	0.000	0.000	-15.840	0.974	0.937	
MEPCE	HSPA9	HSPA9	2.463|2.525|2.613	7.601	2.534	3	2.578|2.422|2.428	0.000	0.000	0.000	0.000	0.000	-15.840	1.024	0.928	
MEPCE	HSPBP1	HSPBP1	0.596|0.616|0.691	1.903	0.634	3	0.810|0.844|0.834	0.000	0.000	0.000	0.000	0.000	-15.840	0.765	0.942	
MEPCE	HSPD1	HSPD1	2.230|2.459|2.345	7.034	2.345	3	2.565|2.641|2.674	0.000	0.000	0.000	0.000	0.000	-15.840	0.893	0.942	
MEPCE	HSPH1	HSPH1	0.911|1.662|0.808	3.381	1.127	3	1.092|1.097|1.083	0.011	0.034	0.011	0.034	0.011	-15.840	1.033	0.767	
MEPCE	HTATSF1	HTATSF1	0.887|0.817|0.937	2.641	0.880	3	0.814|0.781|0.780	0.000	0.000	0.000	0.000	0.000	-15.664	1.112	0.872	
MEPCE	HUWE1	HUWE1	1.454|1.383|1.381	4.219	1.406	3	1.120|1.122|1.168	0.001	0.004	0.001	0.004	0.001	-9.415	1.237	0.807	
MEPCE	IARS1	IARS1	0.638|0.559|0.590	1.787	0.596	3	0.484|0.502|0.477	0.008	0.024	0.008	0.024	0.008	-12.671	1.222	0.776	
MEPCE	IBA57	IBA57	1.352|0.928|1.110	3.390	1.130	3	1.307|1.162|0.733	0.000	0.000	0.000	0.000	0.000	-15.840	1.090	0.897	
MEPCE	IBTK	IBTK	0.081|0.303|0.260	0.644	0.215	3	0.265|0.381|0.636	0.000	0.000	0.000	0.000	0.000	-15.840	0.536	0.913	
MEPCE	IFRD1	IFRD1	0.153|0.232|0.226	0.611	0.204	3	0.343|0.289|0.334	0.000	0.000	0.000	0.000	0.000	-15.840	0.634	0.957	
MEPCE	IGF2BP1	IGF2BP1	0.735|0.488|0.948	2.170	0.723	3	0.372|0.374|0.375	0.029	0.034	0.029	0.034	0.029	-3.908	1.936	0.643	
MEPCE	IGF2BP3	IGF2BP3	0.334|0.350|0.247	0.931	0.310	3	0.117|0.076|.	0.685	0.999	0.685	0.999	0.685	-2.787	3.292	0.043	
MEPCE	IGHG2	IGHG2	5.837|6.389|6.128	18.354	6.118	3	5.963|6.031|6.271	0.000	0.000	0.000	0.000	0.000	-15.840	1.005	0.930	
MEPCE	IGKV2-30	IGKV2-30	2.406|2.361|2.322	7.090	2.363	3	2.807|6.910|2.496	0.000	0.000	0.000	0.000	0.000	-11.497	0.648	0.862	
MEPCE	IGKV2D-29	IGKV2D-29	140.195|150.867|142.463	433.526	144.509	3	143.255|143.485|141.668	0.000	0.000	0.000	0.000	0.000	-15.840	1.012	0.929	
MEPCE	IKBKB	IKBKB	0.438|0.464|0.434	1.336	0.445	3	0.390|0.324|0.382	0.000	0.000	0.000	0.000	0.000	-13.535	1.224	0.876	
MEPCE	IKBKG	IKBKG	0.851|0.782|0.751	2.385	0.795	3	0.646|0.610|0.663	0.011	0.034	0.011	0.034	0.011	-11.450	1.243	0.749	
MEPCE	ILF2	ILF2	1.534|1.608|1.602	4.744	1.581	3	1.015|0.945|0.876	0.034	0.034	0.034	0.034	0.034	-3.340	1.676	0.412	
MEPCE	ILF3	ILF3	1.444|1.315|1.516	4.275	1.425	3	0.889|0.927|0.854	0.034	0.034	0.034	0.034	0.034	-3.340	1.602	0.425	
MEPCE	ILVBL	ILVBL	0.493|0.541|0.574	1.608	0.536	3	0.634|0.648|0.579	0.000	0.000	0.000	0.000	0.000	-15.840	0.865	0.942	
MEPCE	IMPDH2	IMPDH2	0.513|0.535|0.526	1.573	0.524	3	0.867|0.891|0.900	0.000	0.000	0.000	0.000	0.000	-15.840	0.592	0.942	
MEPCE	I0	I0	0.523|0.728|0.566	1.818	0.606	3	1.057|1.067|1.003	0.000	0.000	0.000	0.000	0.000	-15.840	0.581	0.942	
MEPCE	IPO5	IPO5	0.980|1.100|1.035	3.114	1.038	3	0.600|1.044|1.003	0.000	0.000	0.000	0.000	0.000	-15.481	1.212	0.895	
MEPCE	IPO7	IPO7	2.415|0.690|0.620	3.725	1.242	3	0.734|2.092|1.970	0.004	0.012	0.004	0.012	0.004	-14.154	0.858	0.791	
MEPCE	IPO8	IPO8	0.660|0.648|0.730	2.037	0.679	3	0.509|0.553|0.553	0.011	0.034	0.011	0.034	0.011	-10.009	1.263	0.746	
MEPCE	IPO9	IPO9	0.276|0.255|0.281	0.812	0.271	3	0.337|0.314|0.272	0.000	0.000	0.000	0.000	0.000	-15.840	0.883	0.957	
MEPCE	IQGAP1	IQGAP1	0.864|0.951|0.910	2.725	0.908	3	0.910|0.863|0.891	0.000	0.000	0.000	0.000	0.000	-15.840	1.023	0.924	
MEPCE	IRAK1	IRAK1	0.399|0.391|0.334	1.125	0.375	3	0.406|0.327|0.316	0.000	0.000	0.000	0.000	0.000	-15.840	1.078	0.921	
MEPCE	IRS4	IRS4	1.766|1.717|1.716	5.199	1.733	3	1.268|1.216|1.247	0.034	0.034	0.034	0.034	0.034	-3.340	1.394	0.425	
MEPCE	IVNS1ABP	IVNS1ABP	2.721|3.171|2.908	8.800	2.933	3	4.089|3.958|4.044	0.000	0.000	0.000	0.000	0.000	-15.840	0.728	0.942	
MEPCE	JPT2	JPT2	0.687|0.604|0.636	1.928	0.643	3	0.573|0.666|0.578	0.000	0.000	0.000	0.000	0.000	-15.840	1.063	0.913	
MEPCE	KARS1	KARS1	0.762|0.732|0.696	2.190	0.730	3	0.477|0.655|0.504	0.000	0.000	0.000	0.000	0.000	-14.153	1.352	0.889	
MEPCE	KDELR2	KDELR2	0.193|0.167|0.087	0.447	0.149	3	0.182|0.171|0.110	0.000	0.000	0.000	0.000	0.000	-15.840	0.988	0.926	
MEPCE	KDM1A	KDM1A	0.577|0.519|0.627	1.723	0.574	3	0.420|0.385|0.510	0.000	0.000	0.000	0.000	0.000	-14.729	1.319	0.871	
MEPCE	KHDRBS1	KHDRBS1	4.849|6.341|4.459	15.649	5.216	3	3.359|3.572|4.485	0.000	0.001	0.000	0.001	0.000	-14.943	1.382	0.825	
MEPCE	KHDRBS3	KHDRBS3	1.207|1.320|1.332	3.859	1.286	3	1.170|1.157|1.210	0.000	0.000	0.000	0.000	0.000	-15.747	1.091	0.896	
MEPCE	KHSRP	KHSRP	0.731|0.883|0.813	2.426	0.809	3	0.982|1.026|1.022	0.000	0.000	0.000	0.000	0.000	-15.840	0.801	0.942	
MEPCE	KIF11	KIF11	2.144|2.257|2.131	6.532	2.177	3	2.072|2.114|2.020	0.000	0.000	0.000	0.000	0.000	-15.689	1.053	0.918	
MEPCE	KIF5B	KIF5B	1.507|1.514|1.550	4.572	1.524	3	1.601|1.776|1.631	0.000	0.000	0.000	0.000	0.000	-15.840	0.914	0.942	
MEPCE	KIF7	KIF7	0.226|0.220|0.196	0.643	0.214	3	0.232|0.223|0.259	0.000	0.000	0.000	0.000	0.000	-15.840	0.901	0.957	
MEPCE	KIN	KIN	0.455|0.715|0.537	1.707	0.569	3	0.499|0.499|0.497	0.011	0.034	0.011	0.034	0.011	-15.840	1.142	0.760	
MEPCE	KLC1	KLC1	1.010|1.000|1.016	3.027	1.009	3	0.841|0.978|0.940	0.000	0.000	0.000	0.000	0.000	-14.924	1.100	0.910	
MEPCE	KLC2	KLC2	0.807|0.724|0.784	2.315	0.772	3	0.756|0.749|0.852	0.000	0.000	0.000	0.000	0.000	-15.840	0.984	0.935	
MEPCE	KLC4	KLC4	0.538|0.500|0.615	1.654	0.551	3	0.488|0.458|0.537	0.000	0.000	0.000	0.000	0.000	-15.818	1.118	0.860	
MEPCE	KNOP1	KNOP1	0.496|0.514|0.579	1.590	0.530	3	0.321|0.386|0.388	0.012	0.034	0.012	0.034	0.012	-9.475	1.458	0.741	
MEPCE	KP02	KP02	5.201|5.030|5.199	15.430	5.143	3	1.195|1.471|1.472	1.000	1.000	1.000	1.000	1.000	8.758	3.746	0.000	
MEPCE	KP03	KP03	1.533|1.582|1.534	4.649	1.550	3	0.321|0.510|0.390	1.000	1.000	1.000	1.000	1.000	9.136	3.878	0.000	
MEPCE	KP04	KP04	1.131|1.166|1.098	3.394	1.131	3	0.273|0.300|0.250	1.000	1.000	1.000	1.000	1.000	9.077	4.135	0.000	
MEPCE	KP06	KP06	0.582|0.659|0.562	1.803	0.601	3	0.628|0.456|0.440	0.000	0.000	0.000	0.000	0.000	-15.584	1.198	0.914	
MEPCE	KPNB1	KPNB1	6.323|6.033|6.610	18.965	6.322	3	2.623|2.499|2.513	0.034	0.034	0.034	0.034	0.034	-3.340	2.485	0.357	
MEPCE	KRR1	KRR1	0.683|0.628|0.629	1.939	0.646	3	0.541|0.516|0.446	0.000	0.000	0.000	0.000	0.000	-12.012	1.294	0.844	
MEPCE	KRT1	KRT1	3.741|4.049|3.848	11.637	3.879	3	5.336|5.644|5.432	0.000	0.000	0.000	0.000	0.000	-15.840	0.709	0.942	
MEPCE	KRT10	KRT10	3.177|3.292|3.307	9.776	3.259	3	3.497|3.896|3.961	0.000	0.000	0.000	0.000	0.000	-15.840	0.862	0.962	
MEPCE	KRT14	KRT14	0.472|0.559|0.538	1.569	0.523	3	0.650|0.616|0.203	0.003	0.004	0.003	0.004	0.003	-6.258	1.208	0.792	
MEPCE	KRT18	KRT18	1.424|1.180|1.274	3.878	1.293	3	1.163|1.122|1.030	0.002	0.007	0.002	0.007	0.002	-15.094	1.171	0.797	
MEPCE	KRT19	KRT19	1.537|3.048|3.961	8.546	2.849	3	1.546|1.386|3.625	0.013	0.034	0.013	0.034	0.013	-10.615	1.438	0.723	
MEPCE	KRT2	KRT2	1.085|1.112|1.122	3.320	1.107	3	1.396|1.499|1.477	0.000	0.000	0.000	0.000	0.000	-15.840	0.760	0.942	
MEPCE	KRT38	KRT38	1.017|0.902|0.911	2.829	0.943	3	.|.|0.628	0.034	0.034	0.034	0.034	0.034	-3.340	1.502	0.614	
MEPCE	KRT5	KRT5	0.646|0.505|0.594	1.745	0.582	3	0.712|0.615|0.601	0.000	0.000	0.000	0.000	0.000	-15.840	0.908	0.939	
MEPCE	KRT6A	KRT6A	0.637|1.148|0.655	2.440	0.813	3	0.341|0.287|0.237	0.909	1.000	0.909	1.000	0.909	1.532	2.852	0.004	
MEPCE	KRT8	KRT8	2.569|2.453|2.613	7.635	2.545	3	2.150|2.204|2.042	0.000	0.000	0.000	0.000	0.000	-12.501	1.194	0.842	
MEPCE	KRT9	KRT9	2.831|2.986|2.833	8.650	2.883	3	3.440|3.773|3.616	0.000	0.000	0.000	0.000	0.000	-15.840	0.799	0.942	
MEPCE	LAMP1	LAMP1	0.359|0.228|0.330	0.917	0.306	3	.|0.145|0.185	0.023	0.034	0.023	0.034	0.023	-12.001	1.862	0.691	
MEPCE	LARP1	LARP1	1.010|1.133|1.015	3.158	1.053	3	0.744|0.748|0.710	0.034	0.034	0.034	0.034	0.034	-3.340	1.435	0.425	
MEPCE	LARP1B	LARP1B	0.353|0.284|0.328	0.965	0.322	3	0.236|0.192|0.317	0.000	0.000	0.000	0.000	0.000	-15.557	1.323	0.906	
MEPCE	LARP7	LARP7	25.521|26.669|26.552	78.742	26.247	3	0.782|0.844|0.828	1.000	1.000	1.000	1.000	1.000	9.029	32.103	0.000	
MEPCE	LARS1	LARS1	1.096|0.943|1.200	3.239	1.080	3	0.519|0.507|0.332	0.727	0.999	0.727	0.999	0.727	-1.333	2.433	0.024	
MEPCE	LBR	LBR	4.008|4.395|4.201	12.603	4.201	3	1.727|1.853|1.704	0.034	0.034	0.034	0.034	0.034	-3.340	2.387	0.425	
MEPCE	LCP1	LCP1	0.269|.|0.280	0.833	0.278	3	.|.|.	0.000	0.000	0.000	0.000	0.000	-15.840	0.974	0.962	
MEPCE	LDHA	LDHA	0.728|0.680|0.590	1.998	0.666	3	0.732|0.918|0.856	0.000	0.000	0.000	0.000	0.000	-15.840	0.801	0.962	
MEPCE	LDHB	LDHB	0.641|0.640|0.738	2.019	0.673	3	1.260|1.143|1.232	0.000	0.000	0.000	0.000	0.000	-15.840	0.556	0.942	
MEPCE	LIMA1	LIMA1	0.985|0.832|0.921	2.738	0.913	3	0.515|0.768|0.680	0.000	0.000	0.000	0.000	0.000	-14.686	1.413	0.890	
MEPCE	LIMD2	LIMD2	0.370|0.284|0.333	0.987	0.329	3	0.180|0.291|.	0.003	0.008	0.003	0.008	0.003	-13.607	1.439	0.795	
MEPCE	LLGL1	LLGL1	0.265|0.380|0.321	0.967	0.322	3	0.417|0.153|0.349	0.001	0.002	0.001	0.002	0.001	-8.792	1.147	0.811	
MEPCE	LMAN1	LMAN1	0.616|0.617|0.633	1.866	0.622	3	0.495|0.504|0.568	0.000	0.000	0.000	0.000	0.000	-12.054	1.193	0.863	
MEPCE	LONP1	LONP1	0.971|0.961|1.001	2.933	0.978	3	1.015|0.960|0.957	0.000	0.000	0.000	0.000	0.000	-15.840	1.001	0.935	
MEPCE	LRBA	LRBA	0.490|0.484|0.537	1.511	0.504	3	0.509|0.556|0.481	0.000	0.000	0.000	0.000	0.000	-15.840	0.979	0.932	
MEPCE	LRCH2	LRCH2	0.384|0.339|0.352	1.075	0.358	3	0.394|0.317|0.343	0.000	0.000	0.000	0.000	0.000	-15.840	1.023	0.928	
MEPCE	LRPAP1	LRPAP1	0.873|0.932|0.752	2.557	0.852	3	0.807|0.654|0.844	0.000	0.000	0.000	0.000	0.000	-15.840	1.116	0.912	
MEPCE	LRPPRC	LRPPRC	1.681|1.867|1.759	5.307	1.769	3	1.359|1.410|1.395	0.012	0.034	0.012	0.034	0.012	-9.650	1.275	0.734	
MEPCE	LRRC47	LRRC47	3.799|4.310|4.475	12.585	4.195	3	1.048|1.125|1.005	1.000	1.000	1.000	1.000	1.000	7.192	3.965	0.000	
MEPCE	LRRC59	LRRC59	2.849|2.837|2.880	8.567	2.856	3	2.954|2.976|2.662	0.000	0.000	0.000	0.000	0.000	-15.840	0.998	0.939	
MEPCE	LSM12	LSM12	0.479|0.665|0.254	1.398	0.466	3	0.185|0.706|0.301	0.013	0.031	0.013	0.031	0.013	-7.932	1.370	0.725	
MEPCE	LSM14A	LSM14A	20.471|21.219|21.519	63.209	21.070	3	19.005|18.302|18.772	0.000	0.000	0.000	0.000	0.000	-14.442	1.127	0.886	
MEPCE	LSM14B	LSM14B	1.146|0.720|0.824	2.690	0.897	3	0.661|0.597|0.624	0.023	0.034	0.023	0.034	0.023	-12.599	1.431	0.695	
MEPCE	LSM2	LSM2	2.624|2.514|2.598	7.736	2.579	3	0.538|0.667|0.550	1.000	1.000	1.000	1.000	1.000	9.127	4.427	0.000	
MEPCE	LSM3	LSM3	3.870|3.846|4.045	11.761	3.920	3	0.740|0.691|0.776	1.000	1.000	1.000	1.000	1.000	9.100	5.333	0.000	
MEPCE	LSM4	LSM4	4.198|4.362|4.711	13.271	4.424	3	2.589|2.757|2.718	0.034	0.034	0.034	0.034	0.034	-3.340	1.646	0.425	
MEPCE	LSM5	LSM5	1.525|1.499|1.391	4.415	1.472	3	0.387|0.329|0.511	1.000	1.000	1.000	1.000	1.000	8.841	3.661	0.000	
MEPCE	LSM6	LSM6	2.327|2.398|2.434	7.159	2.386	3	0.389|0.423|0.405	1.000	1.000	1.000	1.000	1.000	9.054	5.883	0.000	
MEPCE	LSM7	LSM7	2.884|2.959|2.807	8.650	2.883	3	1.030|0.886|0.782	0.999	1.000	0.999	1.000	0.999	6.843	3.226	0.000	
MEPCE	LSM8	LSM8	3.708|3.622|3.882	11.212	3.737	3	0.665|0.671|0.709	1.000	1.000	1.000	1.000	1.000	8.998	5.485	0.000	
MEPCE	LTBP1	LTBP1	0.579|2.522|2.150	5.251	1.750	3	1.806|0.555|1.924	0.018	0.036	0.018	0.036	0.018	-10.416	1.406	0.715	
MEPCE	LTN1	LTN1	0.493|0.686|0.549	1.728	0.576	3	0.484|0.519|0.604	0.000	0.000	0.000	0.000	0.000	-15.840	1.080	0.888	
MEPCE	LTV1	LTV1	1.371|1.261|1.205	3.836	1.279	3	1.211|1.241|1.140	0.000	0.000	0.000	0.000	0.000	-15.833	1.068	0.895	
MEPCE	LUC7L	LUC7L	1.209|2.501|2.404	6.114	2.038	3	2.371|2.321|2.346	0.000	0.000	0.000	0.000	0.000	-15.840	0.869	0.925	
MEPCE	LUC7L2	LUC7L2	8.851|8.893|8.569	26.314	8.771	3	8.139|7.754|7.631	0.000	0.000	0.000	0.000	0.000	-14.498	1.119	0.893	
MEPCE	LUC7L3	LUC7L3	2.336|2.283|2.189	6.809	2.270	3	1.659|1.704|1.698	0.027	0.034	0.027	0.034	0.027	-4.374	1.345	0.649	
MEPCE	MAGED2	MAGED2	1.432|1.489|1.298	4.219	1.406	3	1.375|1.254|1.312	0.000	0.000	0.000	0.000	0.000	-15.840	1.071	0.900	
MEPCE	MANF	MANF	0.858|0.916|0.746	2.520	0.840	3	0.873|0.856|0.983	0.000	0.000	0.000	0.000	0.000	-15.840	0.931	0.938	
MEPCE	MAP1B	MAP1B	0.489|0.553|0.606	1.649	0.550	3	0.469|0.521|0.466	0.000	0.001	0.000	0.001	0.000	-15.824	1.134	0.828	
MEPCE	MAP1LC3B2	MAP1LC3B2	0.243|0.193|0.201	0.636	0.212	3	0.233|0.205|0.227	0.000	0.000	0.000	0.000	0.000	-15.840	0.958	0.917	
MEPCE	MAP4	MAP4	0.401|0.423|0.457	1.282	0.427	3	0.428|0.546|0.399	0.000	0.000	0.000	0.000	0.000	-15.840	0.942	0.940	
MEPCE	MAP7	MAP7	2.885|2.837|2.720	8.442	2.814	3	2.873|2.811|2.842	0.000	0.000	0.000	0.000	0.000	-15.840	0.990	0.937	
MEPCE	MAP7D2	MAP7D2	0.630|0.588|0.636	1.854	0.618	3	0.541|0.465|0.553	0.000	0.000	0.000	0.000	0.000	-14.492	1.193	0.881	
MEPCE	MAP7D3	MAP7D3	1.810|1.734|1.935	5.479	1.826	3	1.373|1.360|1.332	0.024	0.034	0.024	0.034	0.024	-5.564	1.348	0.663	
MEPCE	MARCKS	MARCKS	0.221|0.275|0.350	0.846	0.282	3	0.245|0.305|0.220	0.000	0.000	0.000	0.000	0.000	-15.840	1.109	0.900	
MEPCE	MARS1	MARS1	0.593|0.658|0.630	1.881	0.627	3	0.559|0.556|0.533	0.000	0.000	0.000	0.000	0.000	-14.854	1.142	0.862	
MEPCE	MAT2A	MAT2A	0.387|0.371|0.300	1.058	0.353	3	0.411|0.422|0.334	0.000	0.000	0.000	0.000	0.000	-15.840	0.911	0.940	
MEPCE	MATR3	MATR3	0.587|0.523|0.658	1.768	0.589	3	0.619|0.513|0.602	0.000	0.000	0.000	0.000	0.000	-15.840	1.023	0.918	
MEPCE	MAZ	MAZ	1.394|1.487|1.459	4.340	1.447	3	1.002|1.113|1.060	0.034	0.034	0.034	0.034	0.034	-3.340	1.368	0.425	
MEPCE	MBD3	MBD3	0.662|0.684|0.619	1.965	0.655	3	0.627|0.514|0.745	0.000	0.000	0.000	0.000	0.000	-15.840	1.054	0.932	
MEPCE	MCCC1	MCCC1	0.309|0.293|0.303	0.905	0.302	3	0.366|0.301|0.334	0.000	0.000	0.000	0.000	0.000	-15.840	0.907	0.961	
MEPCE	MCM2	MCM2	2.513|2.453|2.742	7.708	2.569	3	2.589|2.663|2.919	0.000	0.000	0.000	0.000	0.000	-15.840	0.945	0.939	
MEPCE	MCM3	MCM3	3.012|3.053|2.790	8.855	2.952	3	2.760|2.610|2.859	0.000	0.000	0.000	0.000	0.000	-15.788	1.077	0.906	
MEPCE	MCM4	MCM4	1.830|1.876|1.985	5.690	1.897	3	2.153|2.204|2.295	0.000	0.000	0.000	0.000	0.000	-15.840	0.856	0.942	
MEPCE	MCM5	MCM5	2.300|2.274|2.434	7.007	2.336	3	2.082|2.117|2.155	0.000	0.000	0.000	0.000	0.000	-14.984	1.103	0.892	
MEPCE	MCM6	MCM6	2.956|3.248|3.353	9.557	3.186	3	2.354|2.398|2.304	0.023	0.034	0.023	0.034	0.023	-7.012	1.355	0.676	
MEPCE	MCM7	MCM7	2.498|2.595|2.504	7.597	2.532	3	2.403|2.294|2.506	0.000	0.000	0.000	0.000	0.000	-15.562	1.056	0.919	
MEPCE	MCTS1	MCTS1	0.656|0.639|0.589	1.884	0.628	3	0.583|0.601|0.573	0.000	0.000	0.000	0.000	0.000	-15.832	1.073	0.905	
MEPCE	MDH2	MDH2	1.019|0.882|0.874	2.776	0.925	3	1.310|1.081|1.128	0.000	0.000	0.000	0.000	0.000	-15.840	0.791	0.957	
MEPCE	MED1	MED1	0.247|0.237|0.316	0.800	0.267	3	0.282|0.237|0.267	0.000	0.000	0.000	0.000	0.000	-15.840	1.021	0.891	
MEPCE	MEPCE	MEPCE	.|.|.	0.855	0.285	3	0.797|0.803|0.821	0.000	0.000	0.000	0.000	0.000	-15.840	0.353	0.963	
MEPCE	METTL16	METTL16	12.435|12.486|12.556	37.477	12.492	3	.|0.150|.	1.000	1.000	1.000	1.000	1.000	9.979	83.264	0.000	
MEPCE	MFAP1	MFAP1	1.646|1.305|1.832	4.784	1.595	3	1.326|1.809|1.712	0.000	0.000	0.000	0.000	0.000	-15.840	0.996	0.929	
MEPCE	MLF2	MLF2	0.693|0.932|0.844	2.468	0.823	3	0.766|0.968|0.809	0.000	0.000	0.000	0.000	0.000	-15.840	0.976	0.929	
MEPCE	MLLT11	MLLT11	0.320|0.383|0.510	1.213	0.404	3	0.335|0.394|0.444	0.000	0.000	0.000	0.000	0.000	-15.840	1.040	0.900	
MEPCE	MMS19	MMS19	0.440|0.471|0.378	1.289	0.430	3	0.479|0.458|0.484	0.000	0.000	0.000	0.000	0.000	-15.840	0.908	0.942	
MEPCE	MMTAG2	MMTAG2	3.587|3.669|3.683	10.939	3.646	3	3.139|2.851|3.002	0.000	0.000	0.000	0.000	0.000	-10.359	1.217	0.835	
MEPCE	MOB1A	MOB1A	0.261|0.486|0.497	1.245	0.415	3	0.466|0.575|0.528	0.000	0.000	0.000	0.000	0.000	-15.840	0.796	0.961	
MEPCE	MOGS	MOGS	0.469|0.299|0.452	1.220	0.407	3	0.382|0.338|0.370	0.003	0.009	0.003	0.009	0.003	-15.840	1.121	0.793	
MEPCE	MON2	MON2	1.016|1.049|0.989	3.053	1.018	3	1.086|0.975|0.927	0.000	0.000	0.000	0.000	0.000	-15.840	1.024	0.931	
MEPCE	MORF4L2	MORF4L2	1.863|1.899|1.974	5.736	1.912	3	1.554|1.566|1.673	0.000	0.000	0.000	0.000	0.000	-11.837	1.197	0.837	
MEPCE	MOV10	MOV10	0.456|0.545|0.544	1.545	0.515	3	0.208|0.208|0.255	0.034	0.034	0.034	0.034	0.034	-3.340	2.312	0.425	
MEPCE	MPLKIP	MPLKIP	0.506|0.578|0.631	1.715	0.572	3	0.521|0.441|0.602	0.000	0.000	0.000	0.000	0.000	-15.840	1.106	0.918	
MEPCE	MRE11	MRE11	0.706|0.798|0.746	2.250	0.750	3	0.527|0.614|0.756	0.000	0.000	0.000	0.000	0.000	-15.498	1.199	0.914	
MEPCE	MRPL14	MRPL14	0.488|0.424|0.471	1.384	0.461	3	0.379|0.517|0.398	0.000	0.000	0.000	0.000	0.000	-15.840	1.079	0.927	
MEPCE	MRPL34	MRPL34	0.707|0.800|0.801	2.308	0.769	3	0.582|0.664|0.615	0.006	0.009	0.006	0.009	0.006	-12.883	1.242	0.785	
MEPCE	MRPL54	MRPL54	0.731|0.836|0.830	2.396	0.799	3	0.822|0.815|0.764	0.000	0.000	0.000	0.000	0.000	-15.840	0.998	0.929	
MEPCE	MRPL57	MRPL57	0.159|0.214|0.076	0.449	0.150	3	0.222|0.122|.	0.000	0.000	0.000	0.000	0.000	-15.840	0.908	0.904	
MEPCE	MRPL58	MRPL58	0.742|0.608|0.594	1.945	0.648	3	0.667|0.541|0.664	0.000	0.000	0.000	0.000	0.000	-15.840	1.044	0.914	
MEPCE	MRPS12	MRPS12	1.448|1.394|1.595	4.438	1.479	3	1.141|1.278|1.306	0.000	0.001	0.000	0.001	0.000	-13.854	1.193	0.821	
MEPCE	MRPS14	MRPS14	0.320|0.257|0.417	0.994	0.331	3	.|0.250|0.171	0.012	0.034	0.012	0.034	0.012	-13.747	1.604	0.739	
MEPCE	MRPS17	MRPS17	0.543|0.506|0.609	1.658	0.553	3	0.418|0.335|0.401	0.005	0.015	0.005	0.015	0.005	-11.638	1.442	0.788	
MEPCE	MRPS23	MRPS23	0.647|0.572|0.702	1.922	0.641	3	0.448|0.554|0.389	0.000	0.000	0.000	0.000	0.000	-14.673	1.397	0.877	
MEPCE	MRPS26	MRPS26	0.766|0.752|0.821	2.339	0.780	3	0.562|0.664|0.705	0.000	0.000	0.000	0.000	0.000	-14.444	1.217	0.889	
MEPCE	MRPS27	MRPS27	0.485|0.581|0.625	1.692	0.564	3	0.300|0.351|0.386	0.023	0.034	0.023	0.034	0.023	-10.290	1.640	0.687	
MEPCE	MRPS28	MRPS28	0.724|0.767|0.653	2.143	0.714	3	0.681|0.557|0.559	0.000	0.000	0.000	0.000	0.000	-15.370	1.199	0.887	
MEPCE	MRPS31	MRPS31	0.845|0.848|0.781	2.474	0.825	3	0.661|0.635|0.606	0.023	0.034	0.023	0.034	0.023	-8.514	1.301	0.683	
MEPCE	MRPS34	MRPS34	0.683|0.739|0.724	2.146	0.715	3	0.397|0.368|0.461	0.034	0.034	0.034	0.034	0.034	-3.340	1.758	0.627	
MEPCE	MRPS7	MRPS7	0.500|0.518|0.573	1.590	0.530	3	0.522|0.497|0.394	0.000	0.000	0.000	0.000	0.000	-15.690	1.133	0.916	
MEPCE	MRRF	MRRF	1.037|1.031|1.014	3.082	1.027	3	0.870|0.953|0.735	0.000	0.000	0.000	0.000	0.000	-14.457	1.212	0.903	
MEPCE	MRTO4	MRTO4	1.274|1.323|1.219	3.815	1.272	3	1.141|1.066|1.166	0.000	0.000	0.000	0.000	0.000	-14.720	1.132	0.876	
MEPCE	MSRB3	MSRB3	0.871|0.881|0.843	2.595	0.865	3	0.922|0.849|0.926	0.000	0.000	0.000	0.000	0.000	-15.840	0.963	0.942	
MEPCE	MTA2	MTA2	1.020|1.020|1.073	3.113	1.038	3	0.917|0.964|0.996	0.000	0.000	0.000	0.000	0.000	-15.181	1.083	0.906	
MEPCE	MTDH	MTDH	0.572|0.555|0.508	1.635	0.545	3	0.373|0.348|0.262	0.000	0.000	0.000	0.000	0.000	-11.519	1.680	0.841	
MEPCE	MTHFD1	MTHFD1	1.041|0.906|1.066	3.013	1.004	3	1.275|1.043|1.261	0.000	0.000	0.000	0.000	0.000	-15.840	0.845	0.962	
MEPCE	MTHFD1L	MTHFD1L	1.375|1.209|1.259	3.844	1.281	3	1.061|1.009|1.314	0.000	0.000	0.000	0.000	0.000	-15.619	1.143	0.913	
MEPCE	MTREX	MTREX	1.995|2.030|2.018	6.043	2.014	3	0.459|0.440|0.422	1.000	1.000	1.000	1.000	1.000	9.160	4.577	0.000	
MEPCE	MTRFR	MTRFR	1.091|0.841|0.896	2.829	0.943	3	0.785|0.970|0.801	0.000	0.000	0.000	0.000	0.000	-15.840	1.112	0.890	
MEPCE	MYCBP	MYCBP	1.072|1.083|1.126	3.282	1.094	3	1.043|1.165|1.095	0.000	0.000	0.000	0.000	0.000	-15.840	0.995	0.936	
MEPCE	MYH10	MYH10	2.892|2.834|2.597	8.322	2.774	3	2.332|2.318|2.227	0.000	0.001	0.000	0.001	0.000	-13.206	1.210	0.819	
MEPCE	MYH14	MYH14	1.271|1.244|1.317	3.832	1.277	3	1.375|1.307|1.340	0.000	0.000	0.000	0.000	0.000	-15.840	0.953	0.942	
MEPCE	MYH9	MYH9	5.018|5.014|5.077	15.108	5.036	3	4.977|4.853|5.125	0.000	0.000	0.000	0.000	0.000	-15.833	1.011	0.936	
MEPCE	MYL12B	MYL12B	4.072|4.165|4.156	12.393	4.131	3	3.939|4.058|3.881	0.000	0.000	0.000	0.000	0.000	-15.706	1.043	0.925	
MEPCE	MYL6	MYL6	3.824|3.820|3.897	11.541	3.847	3	3.778|3.846|4.042	0.000	0.000	0.000	0.000	0.000	-15.840	0.990	0.940	
MEPCE	MYL6B	MYL6B	0.137|0.200|.	0.623	0.208	3	0.228|0.136|0.242	0.000	0.000	0.000	0.000	0.000	-15.840	1.062	0.962	
MEPCE	MYO1B	MYO1B	0.754|0.677|0.729	2.159	0.720	3	0.504|0.561|0.515	0.025	0.034	0.025	0.034	0.025	-5.161	1.368	0.660	
MEPCE	MYO1C	MYO1C	0.701|0.789|0.777	2.267	0.756	3	0.652|0.753|0.689	0.000	0.000	0.000	0.000	0.000	-15.835	1.084	0.903	
MEPCE	MYO1D	MYO1D	5.450|6.666|6.401	18.517	6.172	3	2.876|0.354|3.046	0.091	0.101	0.091	0.101	0.091	-2.475	4.232	0.252	
MEPCE	0CA	0CA	2.115|2.222|1.900	6.237	2.079	3	2.149|2.171|2.150	0.000	0.000	0.000	0.000	0.000	-15.840	0.964	0.934	
MEPCE	0F1	0F1	0.238|0.305|0.179	0.722	0.241	3	0.136|0.215|0.252	0.000	0.000	0.000	0.000	0.000	-15.840	1.239	0.838	
MEPCE	0P1L1	0P1L1	1.659|1.765|1.781	5.204	1.735	3	1.788|1.878|1.582	0.000	0.000	0.000	0.000	0.000	-15.840	0.994	0.937	
MEPCE	0P1L4	0P1L4	0.238|0.217|0.269	0.724	0.241	3	0.186|0.253|0.190	0.000	0.000	0.000	0.000	0.000	-15.793	1.163	0.913	
MEPCE	0RS1	0RS1	0.518|0.512|0.503	1.533	0.511	3	0.450|0.496|0.520	0.000	0.000	0.000	0.000	0.000	-15.716	1.047	0.925	
MEPCE	0SP	0SP	2.093|1.958|2.086	6.137	2.046	3	2.042|2.229|2.197	0.000	0.000	0.000	0.000	0.000	-15.840	0.949	0.942	
MEPCE	0T10	0T10	0.498|0.623|0.622	1.743	0.581	3	0.592|0.565|0.526	0.000	0.000	0.000	0.000	0.000	-15.840	1.037	0.904	
MEPCE	NCAPD2	NCAPD2	2.124|1.974|1.941	6.039	2.013	3	1.979|1.824|1.796	0.000	0.000	0.000	0.000	0.000	-15.571	1.079	0.898	
MEPCE	NCAPD3	NCAPD3	0.555|0.310|0.541	1.407	0.469	3	0.460|0.532|0.501	0.000	0.000	0.000	0.000	0.000	-15.840	0.944	0.910	
MEPCE	NCAPG	NCAPG	1.452|1.318|1.416	4.186	1.395	3	1.354|1.469|1.271	0.000	0.000	0.000	0.000	0.000	-15.840	1.024	0.926	
MEPCE	NCAPG2	NCAPG2	0.398|0.389|0.396	1.183	0.394	3	0.489|0.514|0.484	0.000	0.000	0.000	0.000	0.000	-15.840	0.796	0.942	
MEPCE	NCAPH	NCAPH	1.603|1.855|1.842	5.300	1.767	3	1.412|1.821|1.867	0.000	0.000	0.000	0.000	0.000	-15.840	1.047	0.929	
MEPCE	NCBP1	NCBP1	0.276|0.255|0.318	0.849	0.283	3	0.109|0.137|0.133	0.088	0.195	0.088	0.195	0.088	-3.340	2.245	0.262	
MEPCE	NCKAP1	NCKAP1	0.830|0.866|0.775	2.471	0.824	3	0.890|0.894|0.811	0.000	0.000	0.000	0.000	0.000	-15.840	0.953	0.940	
MEPCE	NCL	NCL	1.440|1.470|1.407	4.316	1.439	3	1.948|2.178|2.007	0.000	0.000	0.000	0.000	0.000	-15.840	0.705	0.942	
MEPCE	NDEL1	NDEL1	0.287|0.317|0.288	0.892	0.297	3	0.339|0.337|0.197	0.000	0.000	0.000	0.000	0.000	-15.838	1.054	0.933	
MEPCE	NDUFS7	NDUFS7	0.683|0.414|0.580	1.676	0.559	3	0.573|0.492|0.586	0.000	0.000	0.000	0.000	0.000	-15.840	1.018	0.883	
MEPCE	NEK9	NEK9	0.526|0.639|0.610	1.775	0.592	3	0.698|0.541|0.513	0.000	0.000	0.000	0.000	0.000	-15.840	1.023	0.932	
MEPCE	NFATC2IP	NFATC2IP	1.141|1.068|0.971	3.179	1.060	3	0.938|1.071|1.031	0.000	0.000	0.000	0.000	0.000	-15.840	1.047	0.905	
MEPCE	NFU1	NFU1	1.379|0.939|0.509	2.827	0.942	3	0.355|0.378|0.338	0.356	1.000	0.356	1.000	0.356	-3.340	2.644	0.091	
MEPCE	NHP2	NHP2	0.185|0.300|0.332	0.817	0.272	3	0.335|0.437|0.334	0.000	0.000	0.000	0.000	0.000	-15.840	0.745	0.957	
MEPCE	NKAP	NKAP	2.295|2.390|2.465	7.149	2.383	3	2.512|2.432|2.410	0.000	0.000	0.000	0.000	0.000	-15.840	0.972	0.939	
MEPCE	NKRF	NKRF	0.741|0.763|1.179	2.683	0.894	3	0.614|0.549|0.601	0.016	0.034	0.016	0.034	0.016	-6.741	1.523	0.717	
MEPCE	NME1	NME1	0.997|1.043|0.985	3.024	1.008	3	1.285|1.223|1.369	0.000	0.000	0.000	0.000	0.000	-15.840	0.781	0.942	
MEPCE	NOB1	NOB1	0.769|0.834|0.806	2.409	0.803	3	0.699|0.849|0.927	0.000	0.000	0.000	0.000	0.000	-15.840	0.980	0.939	
MEPCE	NOC2L	NOC2L	0.343|0.297|0.332	0.973	0.324	3	0.196|0.255|0.286	0.000	0.000	0.000	0.000	0.000	-15.027	1.336	0.899	
MEPCE	NOC4L	NOC4L	0.438|0.732|0.571	1.741	0.580	3	0.471|0.499|0.308	0.000	0.001	0.000	0.001	0.000	-15.814	1.392	0.826	
MEPCE	NOLC1	NOLC1	1.591|1.699|1.530	4.820	1.607	3	1.291|1.403|1.560	0.000	0.000	0.000	0.000	0.000	-15.316	1.137	0.897	
MEPCE	NONO	NONO	3.338|3.700|3.973	11.011	3.670	3	3.043|3.990|4.227	0.000	0.000	0.000	0.000	0.000	-15.840	0.988	0.935	
MEPCE	NOP14	NOP14	0.907|0.936|0.945	2.789	0.930	3	0.723|0.660|0.674	0.034	0.034	0.034	0.034	0.034	-3.340	1.356	0.425	
MEPCE	NOP2	NOP2	0.799|0.784|0.815	2.398	0.799	3	0.988|0.974|0.993	0.000	0.000	0.000	0.000	0.000	-15.840	0.812	0.942	
MEPCE	NPM1	NPM1	1.658|1.930|1.699	5.287	1.762	3	1.168|1.266|1.326	0.034	0.034	0.034	0.034	0.034	-3.340	1.408	0.425	
MEPCE	NRBP1	NRBP1	0.317|0.287|0.308	0.912	0.304	3	0.323|0.365|0.300	0.000	0.000	0.000	0.000	0.000	-15.840	0.927	0.961	
MEPCE	NSA2	NSA2	0.321|0.226|0.314	0.862	0.287	3	0.201|0.240|0.251	0.000	0.000	0.000	0.000	0.000	-15.840	1.252	0.853	
MEPCE	NSRP1	NSRP1	1.484|1.680|1.470	4.635	1.545	3	1.364|1.396|1.467	0.000	0.000	0.000	0.000	0.000	-15.526	1.097	0.867	
MEPCE	NT5DC2	NT5DC2	1.746|1.836|1.663	5.245	1.748	3	1.494|1.317|1.461	0.002	0.007	0.002	0.007	0.002	-11.787	1.229	0.799	
MEPCE	NTPCR	NTPCR	1.371|1.432|1.527	4.330	1.443	3	1.522|1.433|1.227	0.000	0.000	0.000	0.000	0.000	-15.840	1.040	0.928	
MEPCE	NUCKS1	NUCKS1	1.768|1.618|1.978	5.364	1.788	3	2.150|1.818|2.215	0.000	0.000	0.000	0.000	0.000	-15.840	0.871	0.962	
MEPCE	NUDC	NUDC	0.652|0.584|0.701	1.937	0.646	3	0.748|0.711|0.618	0.000	0.000	0.000	0.000	0.000	-15.840	0.935	0.938	
MEPCE	NUDT21	NUDT21	3.357|3.529|3.652	10.539	3.513	3	3.296|3.252|3.214	0.000	0.000	0.000	0.000	0.000	-15.675	1.080	0.904	
MEPCE	NUFIP2	NUFIP2	0.809|0.709|0.719	2.237	0.746	3	0.572|0.575|0.675	0.000	0.000	0.000	0.000	0.000	-13.735	1.231	0.846	
MEPCE	NUMB	NUMB	0.625|0.495|0.565	1.685	0.562	3	0.456|0.516|0.544	0.000	0.000	0.000	0.000	0.000	-15.840	1.115	0.879	
MEPCE	NUP107	NUP107	5.138|16.773|2.037	23.948	7.983	3	1.769|17.961|11.066	0.017	0.043	0.017	0.043	0.017	-6.809	1.131	0.716	
MEPCE	NUP133	NUP133	0.493|0.827|0.796	2.117	0.706	3	0.606|0.710|0.881	0.000	0.000	0.000	0.000	0.000	-15.840	0.975	0.929	
MEPCE	NUP153	NUP153	1.059|1.140|0.778	2.977	0.992	3	0.412|0.429|0.465	0.034	0.034	0.034	0.034	0.034	-3.340	2.282	0.405	
MEPCE	NUP160	NUP160	0.478|0.384|0.353	1.216	0.405	3	0.377|0.458|0.379	0.000	0.000	0.000	0.000	0.000	-15.840	1.006	0.913	
MEPCE	NUP205	NUP205	0.264|0.315|0.337	0.916	0.305	3	0.430|0.332|0.468	0.000	0.000	0.000	0.000	0.000	-15.840	0.752	0.959	
MEPCE	NUP43	NUP43	0.470|0.514|0.507	1.491	0.497	3	0.463|0.410|0.497	0.000	0.000	0.000	0.000	0.000	-15.760	1.092	0.915	
MEPCE	NUP50	NUP50	0.687|0.808|0.858	2.353	0.784	3	0.640|0.588|0.587	0.023	0.034	0.023	0.034	0.023	-13.053	1.298	0.696	
MEPCE	NUP88	NUP88	0.424|0.466|0.428	1.319	0.440	3	0.419|0.419|0.393	0.000	0.000	0.000	0.000	0.000	-15.648	1.072	0.900	
MEPCE	OAT	OAT	0.966|0.973|1.008	2.947	0.982	3	0.625|0.858|0.656	0.000	0.000	0.000	0.000	0.000	-13.295	1.392	0.884	
MEPCE	OBSL1	OBSL1	0.104|0.171|0.184	0.459	0.153	3	.|0.152|0.080	0.000	0.000	0.000	0.000	0.000	-15.840	1.387	0.850	
MEPCE	OGT	OGT	0.487|0.562|0.392	1.441	0.480	3	0.373|0.365|0.418	0.012	0.034	0.012	0.034	0.012	-15.784	1.250	0.742	
MEPCE	OLA1	OLA1	0.331|0.335|0.248	0.914	0.305	3	0.387|0.290|0.269	0.000	0.000	0.000	0.000	0.000	-15.840	0.979	0.934	
MEPCE	ORC4	ORC4	0.146|0.133|0.138	0.418	0.139	3	.|0.084|0.133	0.000	0.000	0.000	0.000	0.000	-14.542	1.318	0.897	
MEPCE	ORC6	ORC6	0.737|0.894|0.755	2.385	0.795	3	1.018|0.908|0.967	0.000	0.000	0.000	0.000	0.000	-15.840	0.825	0.942	
MEPCE	OTUD4	OTUD4	0.343|0.417|0.411	1.171	0.390	3	0.355|0.451|0.392	0.000	0.000	0.000	0.000	0.000	-15.840	0.983	0.934	
MEPCE	P4HA1	P4HA1	0.811|0.773|0.728	2.312	0.771	3	0.546|0.658|0.514	0.000	0.000	0.000	0.000	0.000	-13.087	1.354	0.857	
MEPCE	P4HB	P4HB	1.167|1.221|1.281	3.669	1.223	3	1.210|1.199|1.216	0.000	0.000	0.000	0.000	0.000	-15.840	1.012	0.928	
MEPCE	PA2G4	PA2G4	0.984|0.582|0.593	2.159	0.720	3	0.866|0.717|0.657	0.000	0.000	0.000	0.000	0.000	-15.840	0.970	0.896	
MEPCE	PAAF1	PAAF1	0.634|0.665|0.689	1.988	0.663	3	0.644|0.570|0.546	0.000	0.000	0.000	0.000	0.000	-15.181	1.133	0.896	
MEPCE	PABPC1	PABPC1	3.418|3.690|3.737	10.845	3.615	3	3.367|0.842|3.423	0.021	0.023	0.021	0.023	0.021	-4.050	1.695	0.708	
MEPCE	PABPC3	PABPC3	0.564|0.405|0.388	1.357	0.452	3	0.357|0.231|0.417	0.001	0.002	0.001	0.002	0.001	-14.711	1.393	0.819	
MEPCE	PABPC4	PABPC4	0.799|0.719|0.766	2.283	0.761	3	0.553|0.600|0.536	0.023	0.033	0.023	0.033	0.023	-5.681	1.354	0.682	
MEPCE	PAICS	PAICS	1.115|1.401|1.362	3.878	1.293	3	1.658|1.755|1.738	0.000	0.000	0.000	0.000	0.000	-15.840	0.753	0.962	
MEPCE	PAK4	PAK4	0.668|0.582|0.581	1.831	0.610	3	0.641|0.679|0.643	0.000	0.000	0.000	0.000	0.000	-15.840	0.933	0.936	
MEPCE	PARP1	PARP1	1.560|1.557|1.784	4.901	1.634	3	1.172|1.210|1.368	0.011	0.034	0.011	0.034	0.011	-10.340	1.310	0.752	
MEPCE	PAXBP1	PAXBP1	0.805|0.915|0.934	2.654	0.885	3	0.788|0.710|0.762	0.000	0.000	0.000	0.000	0.000	-15.065	1.176	0.832	
MEPCE	PBDC1	PBDC1	0.447|0.444|0.497	1.389	0.463	3	0.686|0.643|0.625	0.000	0.000	0.000	0.000	0.000	-15.840	0.711	0.942	
MEPCE	PCBP1	PCBP1	0.816|0.964|0.906	2.687	0.896	3	0.857|0.919|0.949	0.000	0.000	0.000	0.000	0.000	-15.840	0.987	0.927	
MEPCE	PCBP2	PCBP2	1.145|1.088|1.174	3.408	1.136	3	0.854|0.940|0.979	0.000	0.001	0.000	0.001	0.000	-11.715	1.231	0.822	
MEPCE	PCLAF	PCLAF	0.547|0.552|0.495	1.594	0.531	3	0.578|0.597|0.479	0.000	0.000	0.000	0.000	0.000	-15.840	0.968	0.940	
MEPCE	PC0	PC0	0.530|0.518|0.531	1.580	0.527	3	0.559|0.531|0.604	0.000	0.000	0.000	0.000	0.000	-15.840	0.934	0.942	
MEPCE	PCNP	PCNP	0.417|0.469|0.437	1.322	0.441	3	0.425|0.512|0.418	0.000	0.000	0.000	0.000	0.000	-15.840	0.980	0.935	
MEPCE	PDAP1	PDAP1	6.458|6.461|6.254	19.173	6.391	3	7.809|7.699|7.308	0.000	0.000	0.000	0.000	0.000	-15.840	0.841	0.942	
MEPCE	PDCD4	PDCD4	0.293|0.428|0.241	0.963	0.321	3	0.356|0.270|0.208	0.000	0.000	0.000	0.000	0.000	-14.448	1.183	0.888	
MEPCE	PDCD5	PDCD5	0.740|1.122|0.762	2.624	0.875	3	0.982|0.979|0.899	0.000	0.000	0.000	0.000	0.000	-15.840	0.918	0.877	
MEPCE	PDCD6	PDCD6	0.606|0.606|0.636	1.849	0.616	3	0.542|0.657|0.563	0.000	0.000	0.000	0.000	0.000	-15.752	1.053	0.927	
MEPCE	PDIA3	PDIA3	1.620|1.719|1.675	5.013	1.671	3	1.720|1.726|1.664	0.000	0.000	0.000	0.000	0.000	-15.840	0.981	0.939	
MEPCE	PDIA4	PDIA4	0.814|0.846|1.003	2.662	0.887	3	0.873|1.063|0.891	0.000	0.000	0.000	0.000	0.000	-15.840	0.946	0.932	
MEPCE	PDIA6	PDIA6	3.300|3.350|3.404	10.054	3.351	3	3.606|3.412|3.430	0.000	0.000	0.000	0.000	0.000	-15.840	0.963	0.942	
MEPCE	PES1	PES1	0.524|0.501|0.478	1.503	0.501	3	0.314|0.370|0.302	0.017	0.034	0.017	0.034	0.017	-6.553	1.531	0.717	
MEPCE	PFDN2	PFDN2	0.314|0.314|0.414	1.041	0.347	3	0.475|0.974|1.038	0.000	0.000	0.000	0.000	0.000	-15.840	0.443	0.959	
MEPCE	PFKM	PFKM	0.549|0.830|0.802	2.181	0.727	3	0.578|0.753|0.681	0.000	0.000	0.000	0.000	0.000	-15.840	1.090	0.905	
MEPCE	PFKP	PFKP	1.115|0.961|1.192	3.267	1.089	3	1.424|1.363|1.281	0.000	0.000	0.000	0.000	0.000	-15.840	0.804	0.942	
MEPCE	PFN1	PFN1	0.623|0.635|0.614	1.873	0.624	3	1.011|0.920|0.922	0.000	0.000	0.000	0.000	0.000	-15.840	0.657	0.942	
MEPCE	PGD	PGD	0.352|0.402|0.350	1.104	0.368	3	0.548|0.452|0.621	0.000	0.000	0.000	0.000	0.000	-15.840	0.687	0.959	
MEPCE	PGK1	PGK1	0.411|0.473|0.443	1.327	0.442	3	0.618|0.534|0.632	0.000	0.000	0.000	0.000	0.000	-15.840	0.746	0.957	
MEPCE	PHF10	PHF10	0.567|0.517|0.577	1.661	0.554	3	0.305|0.327|0.283	0.034	0.034	0.034	0.034	0.034	-3.340	1.819	0.398	
MEPCE	PHF3	PHF3	0.131|0.236|.	0.652	0.217	3	0.103|0.149|0.060	0.066	0.197	0.066	0.197	0.066	-7.301	2.235	0.310	
MEPCE	PHF5A	PHF5A	0.580|0.594|0.596	1.770	0.590	3	0.552|0.700|0.582	0.000	0.000	0.000	0.000	0.000	-15.840	0.970	0.957	
MEPCE	PHF6	PHF6	2.160|2.093|2.321	6.574	2.191	3	1.707|1.660|1.754	0.012	0.034	0.012	0.034	0.012	-8.800	1.284	0.735	
MEPCE	PHF8	PHF8	1.197|1.152|1.101	3.450	1.150	3	1.038|0.837|0.978	0.000	0.000	0.000	0.000	0.000	-14.461	1.214	0.889	
MEPCE	PHGDH	PHGDH	0.965|1.311|1.048	3.324	1.108	3	2.293|2.169|2.252	0.000	0.000	0.000	0.000	0.000	-15.840	0.495	0.942	
MEPCE	PI4KA	PI4KA	0.509|0.474|0.518	1.502	0.501	3	0.439|0.594|0.565	0.000	0.000	0.000	0.000	0.000	-15.840	0.947	0.961	
MEPCE	PIN4	PIN4	7.199|6.885|7.213	21.296	7.099	3	8.476|7.336|7.345	0.000	0.000	0.000	0.000	0.000	-15.840	0.922	0.941	
MEPCE	PINX1	PINX1	0.512|0.468|0.606	1.586	0.529	3	0.461|0.378|0.426	0.001	0.003	0.001	0.003	0.001	-14.959	1.258	0.808	
MEPCE	PIP5K1A	PIP5K1A	1.350|1.540|1.592	4.481	1.494	3	1.327|1.442|1.440	0.000	0.000	0.000	0.000	0.000	-15.840	1.066	0.898	
MEPCE	PKM	PKM	2.285|2.188|2.386	6.859	2.286	3	3.157|3.244|3.058	0.000	0.000	0.000	0.000	0.000	-15.840	0.725	0.942	
MEPCE	PKP2	PKP2	0.648|0.986|1.143	2.777	0.926	3	0.693|1.007|0.839	0.000	0.000	0.000	0.000	0.000	-15.840	1.106	0.907	
MEPCE	PLD3	PLD3	0.620|0.618|0.623	1.861	0.620	3	0.541|0.567|0.543	0.000	0.000	0.000	0.000	0.000	-13.521	1.128	0.890	
MEPCE	PMAIP1	PMAIP1	2.556|2.525|2.511	7.593	2.531	3	1.511|1.360|1.489	0.034	0.034	0.034	0.034	0.034	-3.340	1.744	0.384	
MEPCE	PMPCA	PMPCA	0.078|0.093|0.140	0.311	0.104	3	0.123|0.151|0.077	0.000	0.000	0.000	0.000	0.000	-15.840	0.917	0.881	
MEPCE	PNISR	PNISR	1.135|1.115|1.114	3.364	1.121	3	1.174|1.097|1.223	0.000	0.000	0.000	0.000	0.000	-15.840	0.963	0.942	
MEPCE	PNN	PNN	0.624|0.605|0.707	1.937	0.646	3	0.591|0.490|0.672	0.000	0.000	0.000	0.000	0.000	-15.783	1.114	0.919	
MEPCE	PNO1	PNO1	0.721|0.731|0.878	2.329	0.776	3	0.577|0.681|0.600	0.009	0.028	0.009	0.028	0.009	-13.482	1.256	0.773	
MEPCE	POLDIP2	POLDIP2	0.771|0.894|0.782	2.447	0.816	3	0.509|0.501|0.440	0.034	0.034	0.034	0.034	0.034	-3.340	1.691	0.395	
MEPCE	POLDIP3	POLDIP3	1.233|1.138|1.274	3.645	1.215	3	0.916|0.918|1.040	0.006	0.016	0.006	0.016	0.006	-11.512	1.270	0.785	
MEPCE	POLR1C	POLR1C	1.070|0.980|1.169	3.218	1.073	3	1.133|1.003|1.051	0.000	0.000	0.000	0.000	0.000	-15.840	1.011	0.915	
MEPCE	POLR2B	POLR2B	0.656|0.701|0.569	1.926	0.642	3	0.627|0.678|0.727	0.000	0.000	0.000	0.000	0.000	-15.840	0.950	0.934	
MEPCE	POLR2E	POLR2E	0.896|0.923|0.905	2.725	0.908	3	0.847|0.966|0.998	0.000	0.000	0.000	0.000	0.000	-15.840	0.972	0.957	
MEPCE	POLR2H	POLR2H	0.365|0.433|0.361	1.158	0.386	3	0.381|0.332|0.322	0.000	0.000	0.000	0.000	0.000	-15.618	1.123	0.870	
MEPCE	POLR2L	POLR2L	0.869|0.890|0.955	2.714	0.905	3	0.913|0.818|0.880	0.000	0.000	0.000	0.000	0.000	-15.840	1.040	0.916	
MEPCE	POLR3A	POLR3A	0.646|0.656|0.666	1.968	0.656	3	0.479|0.568|0.511	0.000	0.000	0.000	0.000	0.000	-10.874	1.267	0.847	
MEPCE	POLR3B	POLR3B	0.721|0.589|0.593	1.902	0.634	3	0.850|0.987|0.965	0.000	0.000	0.000	0.000	0.000	-15.840	0.680	0.957	
MEPCE	POLR3C	POLR3C	0.477|0.444|0.477	1.397	0.466	3	0.414|0.454|0.435	0.000	0.000	0.000	0.000	0.000	-15.761	1.072	0.909	
MEPCE	POLR3D	POLR3D	0.722|0.841|0.773	2.337	0.779	3	0.761|0.572|0.808	0.000	0.000	0.000	0.000	0.000	-15.828	1.104	0.925	
MEPCE	POLR3F	POLR3F	0.386|0.624|0.440	1.450	0.483	3	0.408|0.768|0.954	0.000	0.000	0.000	0.000	0.000	-15.840	0.723	0.886	
MEPCE	PPA1	PPA1	0.821|0.734|0.778	2.333	0.778	3	0.885|0.798|0.738	0.000	0.000	0.000	0.000	0.000	-15.840	0.966	0.937	
MEPCE	PPIA	PPIA	1.900|2.058|2.102	6.060	2.020	3	2.300|2.439|2.283	0.000	0.000	0.000	0.000	0.000	-15.840	0.863	0.942	
MEPCE	PPIB	PPIB	16.352|16.612|16.538	49.503	16.501	3	17.167|17.422|16.546	0.000	0.000	0.000	0.000	0.000	-15.840	0.968	0.942	
MEPCE	PPIG	PPIG	1.331|1.314|1.274	3.918	1.306	3	1.105|1.056|1.134	0.000	0.000	0.000	0.000	0.000	-12.105	1.190	0.851	
MEPCE	PPIH	PPIH	1.561|1.761|1.898	5.220	1.740	3	0.414|0.416|0.425	1.000	1.000	1.000	1.000	1.000	8.348	4.159	0.000	
MEPCE	PPIL3	PPIL3	0.803|0.849|0.839	2.490	0.830	3	0.833|0.825|0.791	0.000	0.000	0.000	0.000	0.000	-15.840	1.017	0.931	
MEPCE	PPIL4	PPIL4	5.380|5.381|5.260	16.020	5.340	3	4.237|4.949|5.064	0.000	0.000	0.000	0.000	0.000	-14.959	1.128	0.909	
MEPCE	PPM1A	PPM1A	0.625|0.620|0.528	1.773	0.591	3	0.778|0.949|0.757	0.000	0.000	0.000	0.000	0.000	-15.840	0.718	0.942	
MEPCE	PPM1B	PPM1B	7.218|7.371|7.979	22.568	7.523	3	6.769|7.506|7.205	0.000	0.000	0.000	0.000	0.000	-15.826	1.052	0.909	
MEPCE	PPP1CA	PPP1CA	0.505|0.481|0.525	1.510	0.503	3	0.430|0.474|0.515	0.000	0.000	0.000	0.000	0.000	-15.806	1.067	0.919	
MEPCE	PPP1CB	PPP1CB	0.984|1.820|2.008	4.812	1.604	3	0.587|1.665|2.236	0.007	0.012	0.007	0.012	0.007	-7.545	1.236	0.782	
MEPCE	PPP1R10	PPP1R10	1.213|1.267|1.374	3.854	1.285	3	0.865|0.931|1.037	0.012	0.034	0.012	0.034	0.012	-10.028	1.365	0.740	
MEPCE	PPP1R12A	PPP1R12A	0.642|0.784|0.691	2.117	0.706	3	0.476|0.400|0.591	0.000	0.000	0.000	0.000	0.000	-14.252	1.461	0.874	
MEPCE	PPP2CB	PPP2CB	0.983|0.927|0.920	2.831	0.944	3	1.080|1.175|1.165	0.000	0.000	0.000	0.000	0.000	-15.840	0.828	0.942	
MEPCE	PPP2R1A	PPP2R1A	2.450|2.968|2.795	8.213	2.738	3	3.269|3.585|3.583	0.000	0.000	0.000	0.000	0.000	-15.840	0.788	0.942	
MEPCE	PPP2R2A	PPP2R2A	0.534|0.449|0.488	1.471	0.490	3	0.672|0.722|0.769	0.000	0.000	0.000	0.000	0.000	-15.840	0.681	0.956	
MEPCE	PPP4R2	PPP4R2	0.207|0.201|0.175	0.582	0.194	3	0.124|0.151|0.103	0.000	0.000	0.000	0.000	0.000	-13.513	1.560	0.861	
MEPCE	PPP4R3A	PPP4R3A	0.443|0.406|0.435	1.284	0.428	3	0.371|0.338|0.498	0.000	0.000	0.000	0.000	0.000	-15.831	1.078	0.931	
MEPCE	PPP6C	PPP6C	0.558|0.682|0.793	2.033	0.678	3	0.850|0.631|0.819	0.000	0.000	0.000	0.000	0.000	-15.840	0.891	0.937	
MEPCE	PQBP1	PQBP1	0.697|0.722|0.737	2.156	0.719	3	0.689|0.781|0.644	0.000	0.000	0.000	0.000	0.000	-15.840	1.023	0.933	
MEPCE	PRAF2	PRAF2	0.488|0.475|0.435	1.398	0.466	3	0.412|0.402|0.368	0.000	0.000	0.000	0.000	0.000	-14.144	1.184	0.834	
MEPCE	PRDX1	PRDX1	2.754|3.004|2.752	8.510	2.837	3	4.716|4.932|4.393	0.000	0.000	0.000	0.000	0.000	-15.840	0.607	0.942	
MEPCE	PRDX2	PRDX2	2.398|2.487|2.349	7.234	2.411	3	3.770|3.593|3.345	0.000	0.000	0.000	0.000	0.000	-15.840	0.676	0.942	
MEPCE	PRDX3	PRDX3	2.093|2.158|2.149	6.399	2.133	3	2.557|2.548|2.518	0.000	0.000	0.000	0.000	0.000	-15.840	0.840	0.942	
MEPCE	PRDX6	PRDX6	2.147|2.382|2.380	6.910	2.303	3	2.518|2.618|2.587	0.000	0.000	0.000	0.000	0.000	-15.840	0.895	0.942	
MEPCE	PRIM2	PRIM2	0.459|0.526|0.586	1.571	0.524	3	0.462|0.470|0.481	0.000	0.000	0.000	0.000	0.000	-15.840	1.112	0.832	
MEPCE	PRKACA	PRKACA	0.669|0.426|0.756	1.851	0.617	3	0.466|0.673|0.540	0.000	0.000	0.000	0.000	0.000	-14.816	1.116	0.892	
MEPCE	PRKACB	PRKACB	0.436|0.729|0.502	1.667	0.556	3	0.664|0.317|0.504	0.000	0.001	0.000	0.001	0.000	-14.925	1.173	0.826	
MEPCE	PRKAR1A	PRKAR1A	0.427|0.425|0.461	1.313	0.438	3	0.257|0.370|0.305	0.000	0.000	0.000	0.000	0.000	-13.430	1.424	0.881	
MEPCE	PRKAR2A	PRKAR2A	0.179|0.353|0.241	0.773	0.258	3	.|0.235|0.119	0.024	0.071	0.024	0.071	0.024	-14.901	1.542	0.667	
MEPCE	PRKAR2B	PRKAR2B	0.426|.|.	0.996	0.332	3	.|.|0.121	0.025	0.075	0.025	0.075	0.025	-2.508	2.739	0.656	
MEPCE	PRKCSH	PRKCSH	1.117|1.161|1.089	3.367	1.122	3	1.363|1.154|1.399	0.000	0.000	0.000	0.000	0.000	-15.840	0.863	0.962	
MEPCE	PRKDC	PRKDC	1.359|1.141|1.324	3.824	1.275	3	1.230|1.227|1.188	0.000	0.000	0.000	0.000	0.000	-15.840	1.049	0.905	
MEPCE	PRKRIP1	PRKRIP1	0.426|0.421|0.460	1.306	0.435	3	0.539|0.460|0.679	0.000	0.000	0.000	0.000	0.000	-15.840	0.789	0.957	
MEPCE	PRMT1	PRMT1	2.058|2.071|2.276	6.404	2.135	3	3.112|3.062|3.107	0.000	0.000	0.000	0.000	0.000	-15.840	0.690	0.942	
MEPCE	PRMT3	PRMT3	0.881|0.929|0.863	2.673	0.891	3	0.787|0.756|0.737	0.000	0.000	0.000	0.000	0.000	-13.084	1.173	0.849	
MEPCE	PRMT5	PRMT5	31.616|33.225|34.142	98.983	32.994	3	31.602|31.663|31.973	0.000	0.000	0.000	0.000	0.000	-15.840	1.039	0.921	
MEPCE	PROSER2	PROSER2	0.679|0.670|0.627	1.977	0.659	3	0.571|0.621|0.633	0.000	0.000	0.000	0.000	0.000	-15.677	1.084	0.904	
MEPCE	PRP4K	PRP4K	0.809|0.767|0.841	2.417	0.806	3	0.625|0.798|0.694	0.000	0.000	0.000	0.000	0.000	-15.450	1.147	0.910	
MEPCE	PRPF19	PRPF19	0.936|0.864|0.897	2.698	0.899	3	0.643|0.639|0.798	0.000	0.000	0.000	0.000	0.000	-13.459	1.304	0.875	
MEPCE	PRPF3	PRPF3	1.528|1.623|1.771	4.922	1.641	3	0.644|0.570|0.726	0.357	0.884	0.357	0.884	0.357	-3.340	2.550	0.085	
MEPCE	PRPF31	PRPF31	3.725|3.805|3.795	11.325	3.775	3	2.817|2.809|3.016	0.026	0.034	0.026	0.034	0.026	-4.645	1.311	0.652	
MEPCE	PRPF38A	PRPF38A	2.450|2.390|2.454	7.294	2.431	3	2.395|2.225|2.242	0.000	0.000	0.000	0.000	0.000	-15.507	1.064	0.918	
MEPCE	PRPF38B	PRPF38B	3.484|3.260|3.525	10.270	3.423	3	3.114|2.966|2.871	0.000	0.000	0.000	0.000	0.000	-14.497	1.148	0.868	
MEPCE	PRPF4	PRPF4	1.550|1.537|1.488	4.575	1.525	3	0.173|0.253|0.429	1.000	1.000	1.000	1.000	1.000	9.288	5.740	0.000	
MEPCE	PRPF40A	PRPF40A	0.921|0.785|0.891	2.597	0.866	3	0.681|0.799|0.648	0.000	0.000	0.000	0.000	0.000	-15.141	1.225	0.875	
MEPCE	PRPF6	PRPF6	0.761|0.754|0.725	2.240	0.747	3	0.723|0.617|0.534	0.000	0.000	0.000	0.000	0.000	-15.037	1.204	0.909	
MEPCE	PRPF8	PRPF8	1.693|1.666|1.810	5.169	1.723	3	1.343|1.352|1.586	0.000	0.000	0.000	0.000	0.000	-13.730	1.211	0.869	
MEPCE	PRPS1	PRPS1	1.087|1.093|1.053	3.233	1.078	3	1.209|1.282|1.315	0.000	0.000	0.000	0.000	0.000	-15.840	0.850	0.942	
MEPCE	PRPSAP2	PRPSAP2	0.742|0.677|0.744	2.163	0.721	3	0.900|0.711|0.800	0.000	0.000	0.000	0.000	0.000	-15.840	0.901	0.957	
MEPCE	PRRC2A	PRRC2A	0.950|0.871|1.065	2.885	0.962	3	0.672|0.673|0.736	0.023	0.034	0.023	0.034	0.023	-7.009	1.388	0.675	
MEPCE	PRRC2B	PRRC2B	9.797|9.446|10.035	29.278	9.759	3	8.258|6.776|7.982	0.000	0.000	0.000	0.000	0.000	-12.834	1.277	0.865	
MEPCE	PRRC2C	PRRC2C	1.002|1.068|1.173	3.243	1.081	3	1.032|1.096|1.117	0.000	0.000	0.000	0.000	0.000	-15.840	1.000	0.920	
MEPCE	PRSS1	PRSS1	6.931|6.603|7.043	20.577	6.859	3	6.568|6.667|6.804	0.000	0.000	0.000	0.000	0.000	-15.840	1.027	0.927	
MEPCE	PRSS3	PRSS3	6.399|6.493|7.292	20.184	6.728	3	6.325|2.406|2.340	0.042	0.065	0.042	0.065	0.042	-3.520	2.045	0.340	
MEPCE	PSIP1	PSIP1	0.536|0.517|0.495	1.549	0.516	3	0.475|0.463|0.530	0.000	0.000	0.000	0.000	0.000	-15.810	1.058	0.916	
MEPCE	PSMA1	PSMA1	3.735|3.817|3.856	11.408	3.803	3	3.265|3.208|3.275	0.000	0.000	0.000	0.000	0.000	-12.558	1.170	0.864	
MEPCE	PSMA2	PSMA2	2.415|2.305|2.529	7.249	2.416	3	1.829|1.859|1.902	0.015	0.034	0.015	0.034	0.015	-8.214	1.297	0.719	
MEPCE	PSMA3	PSMA3	1.957|2.127|1.993	6.077	2.026	3	1.846|1.681|1.758	0.000	0.000	0.000	0.000	0.000	-13.952	1.151	0.856	
MEPCE	PSMA4	PSMA4	3.496|3.406|3.624	10.526	3.509	3	3.082|2.915|3.046	0.000	0.000	0.000	0.000	0.000	-13.316	1.164	0.857	
MEPCE	PSMA5	PSMA5	1.985|2.047|1.958	5.990	1.997	3	1.774|1.659|1.796	0.000	0.000	0.000	0.000	0.000	-13.540	1.146	0.875	
MEPCE	PSMA6	PSMA6	2.247|2.157|2.251	6.655	2.218	3	1.880|1.938|1.786	0.000	0.000	0.000	0.000	0.000	-12.330	1.188	0.852	
MEPCE	PSMA7	PSMA7	3.401|3.341|3.543	10.285	3.428	3	2.796|2.780|2.909	0.000	0.001	0.000	0.001	0.000	-11.145	1.213	0.825	
MEPCE	PSMB1	PSMB1	3.523|3.447|3.469	10.438	3.479	3	2.916|2.921|2.941	0.000	0.000	0.000	0.000	0.000	-11.319	1.189	0.854	
MEPCE	PSMB2	PSMB2	2.980|2.664|2.609	8.254	2.751	3	2.792|2.612|2.761	0.000	0.000	0.000	0.000	0.000	-15.840	1.011	0.917	
MEPCE	PSMB3	PSMB3	2.255|2.247|2.294	6.795	2.265	3	2.054|2.090|2.113	0.000	0.000	0.000	0.000	0.000	-14.901	1.086	0.909	
MEPCE	PSMB4	PSMB4	2.501|2.567|2.593	7.661	2.554	3	2.127|2.067|2.179	0.000	0.000	0.000	0.000	0.000	-11.339	1.202	0.845	
MEPCE	PSMB5	PSMB5	1.816|1.707|1.783	5.306	1.769	3	1.544|1.656|1.767	0.000	0.000	0.000	0.000	0.000	-15.668	1.070	0.912	
MEPCE	PSMB6	PSMB6	3.553|3.857|3.895	11.305	3.768	3	3.069|3.317|3.014	0.000	0.000	0.000	0.000	0.000	-13.140	1.204	0.828	
MEPCE	PSMB7	PSMB7	2.122|2.068|2.320	6.510	2.170	3	1.689|1.759|1.919	0.004	0.013	0.004	0.013	0.004	-12.233	1.215	0.790	
MEPCE	PSMC1	PSMC1	1.879|1.634|1.755	5.268	1.756	3	1.579|1.518|1.654	0.000	0.000	0.000	0.000	0.000	-15.669	1.109	0.870	
MEPCE	PSMC2	PSMC2	1.910|1.910|1.903	5.723	1.908	3	1.877|2.091|1.959	0.000	0.000	0.000	0.000	0.000	-15.840	0.967	0.942	
MEPCE	PSMC3	PSMC3	1.739|1.851|1.910	5.501	1.834	3	1.784|1.967|1.793	0.000	0.000	0.000	0.000	0.000	-15.840	0.993	0.934	
MEPCE	PSMC4	PSMC4	2.060|1.953|2.026	6.039	2.013	3	2.220|2.361|2.202	0.000	0.000	0.000	0.000	0.000	-15.840	0.891	0.942	
MEPCE	PSMC5	PSMC5	1.626|1.889|1.898	5.414	1.805	3	1.953|2.325|2.196	0.000	0.000	0.000	0.000	0.000	-15.840	0.838	0.961	
MEPCE	PSMC6	PSMC6	0.596|0.664|0.641	1.902	0.634	3	0.704|0.768|0.634	0.000	0.000	0.000	0.000	0.000	-15.840	0.906	0.962	
MEPCE	PSMD1	PSMD1	1.409|1.443|1.563	4.415	1.472	3	1.609|1.502|1.593	0.000	0.000	0.000	0.000	0.000	-15.840	0.939	0.942	
MEPCE	PSMD10	PSMD10	0.616|0.815|0.816	2.247	0.749	3	0.698|0.700|0.631	0.000	0.000	0.000	0.000	0.000	-15.840	1.109	0.851	
MEPCE	PSMD11	PSMD11	1.801|1.576|1.607	4.985	1.662	3	1.736|1.738|1.854	0.000	0.000	0.000	0.000	0.000	-15.840	0.936	0.937	
MEPCE	PSMD12	PSMD12	1.781|1.775|1.895	5.451	1.817	3	2.070|2.185|2.222	0.000	0.000	0.000	0.000	0.000	-15.840	0.842	0.942	
MEPCE	PSMD13	PSMD13	1.350|1.474|1.567	4.390	1.463	3	1.551|1.849|1.636	0.000	0.000	0.000	0.000	0.000	-15.840	0.874	0.962	
MEPCE	PSMD14	PSMD14	1.586|1.545|1.524	4.654	1.551	3	1.740|1.758|1.778	0.000	0.000	0.000	0.000	0.000	-15.840	0.882	0.942	
MEPCE	PSMD2	PSMD2	1.464|1.395|1.563	4.422	1.474	3	1.496|1.603|1.510	0.000	0.000	0.000	0.000	0.000	-15.840	0.960	0.937	
MEPCE	PSMD3	PSMD3	1.749|1.693|1.797	5.239	1.746	3	1.962|1.908|1.878	0.000	0.000	0.000	0.000	0.000	-15.840	0.912	0.942	
MEPCE	PSMD4	PSMD4	0.604|0.669|0.598	1.871	0.624	3	0.541|0.672|0.607	0.000	0.000	0.000	0.000	0.000	-15.840	1.032	0.926	
MEPCE	PSMD6	PSMD6	1.467|1.672|1.599	4.738	1.579	3	1.892|1.937|1.779	0.000	0.000	0.000	0.000	0.000	-15.840	0.845	0.942	
MEPCE	PSMD7	PSMD7	0.992|1.080|1.078	3.150	1.050	3	1.137|1.236|1.203	0.000	0.000	0.000	0.000	0.000	-15.840	0.881	0.942	
MEPCE	PSMD8	PSMD8	2.187|2.174|2.292	6.652	2.217	3	2.325|2.153|2.283	0.000	0.000	0.000	0.000	0.000	-15.840	0.984	0.937	
MEPCE	PSME1	PSME1	0.467|0.536|0.486	1.489	0.496	3	0.714|0.717|0.679	0.000	0.000	0.000	0.000	0.000	-15.840	0.706	0.942	
MEPCE	PSME2	PSME2	0.204|0.213|0.177	0.594	0.198	3	0.346|0.328|0.356	0.000	0.000	0.000	0.000	0.000	-15.840	0.577	0.942	
MEPCE	PSME3	PSME3	5.924|6.003|6.227	18.154	6.051	3	1.740|1.750|1.608	0.999	1.000	0.999	1.000	0.999	6.005	3.563	0.000	
MEPCE	PSMF1	PSMF1	0.386|0.322|0.309	1.017	0.339	3	0.284|0.304|0.292	0.011	0.034	0.011	0.034	0.011	-15.349	1.156	0.759	
MEPCE	PSMG1	PSMG1	0.507|0.448|0.534	1.490	0.497	3	0.619|0.558|0.554	0.000	0.000	0.000	0.000	0.000	-15.840	0.861	0.942	
MEPCE	PSPC1	PSPC1	2.099|2.019|1.936	6.053	2.018	3	1.947|2.024|2.118	0.000	0.000	0.000	0.000	0.000	-15.840	0.995	0.934	
MEPCE	PSRC1	PSRC1	0.773|0.761|0.636	2.171	0.724	3	0.749|0.732|0.701	0.000	0.000	0.000	0.000	0.000	-15.840	0.995	0.924	
MEPCE	PTBP1	PTBP1	0.790|0.730|0.874	2.394	0.798	3	0.659|0.642|0.613	0.012	0.034	0.012	0.034	0.012	-12.794	1.251	0.743	
MEPCE	PTCD3	PTCD3	0.248|0.154|0.162	0.564	0.188	3	0.091|0.114|0.137	0.280	0.841	0.280	0.841	0.280	-14.018	1.676	0.188	
MEPCE	PTGES3	PTGES3	0.998|0.991|0.964	2.953	0.984	3	0.445|0.608|0.583	0.002	0.002	0.002	0.002	0.002	-7.092	1.822	0.803	
MEPCE	PTMA	PTMA	1.620|1.558|1.715	4.893	1.631	3	0.732|0.665|0.758	0.034	0.034	0.034	0.034	0.034	-3.340	2.273	0.629	
MEPCE	PTMS	PTMS	0.705|0.689|0.752	2.146	0.715	3	0.263|0.351|0.130	0.557	0.656	0.557	0.656	0.557	-0.063	3.123	0.060	
MEPCE	PTS	PTS	3.470|3.536|3.549	10.555	3.518	3	3.990|3.972|3.896	0.000	0.000	0.000	0.000	0.000	-15.840	0.890	0.942	
MEPCE	PUF60	PUF60	2.339|2.460|2.435	7.233	2.411	3	1.910|2.171|1.996	0.000	0.000	0.000	0.000	0.000	-12.286	1.192	0.848	
MEPCE	PYCR1	PYCR1	0.253|0.361|0.303	0.917	0.306	3	0.279|0.319|0.304	0.000	0.000	0.000	0.000	0.000	-15.840	1.019	0.864	
MEPCE	PYCR2	PYCR2	5.226|4.983|5.215	15.424	5.141	3	1.059|0.982|0.961	1.000	1.000	1.000	1.000	1.000	8.999	5.142	0.000	
MEPCE	QARS1	QARS1	0.488|0.444|0.429	1.360	0.453	3	0.395|0.425|0.458	0.000	0.000	0.000	0.000	0.000	-15.831	1.066	0.902	
MEPCE	QPCT	QPCT	2.331|2.235|2.285	6.852	2.284	3	2.613|2.617|2.679	0.000	0.000	0.000	0.000	0.000	-15.840	0.866	0.942	
MEPCE	QPCTL	QPCTL	0.823|0.748|0.680	2.250	0.750	3	0.973|1.046|0.846	0.000	0.000	0.000	0.000	0.000	-15.840	0.788	0.961	
MEPCE	RAB10	RAB10	2.141|2.177|2.202	6.520	2.173	3	2.337|2.193|2.257	0.000	0.000	0.000	0.000	0.000	-15.840	0.961	0.942	
MEPCE	RAB11B	RAB11B	1.549|1.210|1.204	3.963	1.321	3	1.038|1.174|1.091	0.011	0.034	0.011	0.034	0.011	-14.465	1.201	0.758	
MEPCE	RAB21	RAB21	0.269|0.326|0.340	0.934	0.311	3	0.318|0.349|0.294	0.000	0.000	0.000	0.000	0.000	-15.840	0.974	0.930	
MEPCE	RAB34	RAB34	0.782|0.740|0.631	2.153	0.718	3	0.455|0.502|0.483	0.034	0.034	0.034	0.034	0.034	-3.340	1.496	0.629	
MEPCE	RAB3GAP2	RAB3GAP2	0.569|0.608|0.615	1.791	0.597	3	0.414|0.555|0.553	0.000	0.000	0.000	0.000	0.000	-15.439	1.188	0.915	
MEPCE	RAB5C	RAB5C	1.070|1.109|1.109	3.289	1.096	3	1.209|1.191|1.225	0.000	0.000	0.000	0.000	0.000	-15.840	0.907	0.942	
MEPCE	RAB7A	RAB7A	0.897|0.901|0.976	2.775	0.925	3	0.964|1.062|0.967	0.000	0.000	0.000	0.000	0.000	-15.840	0.928	0.942	
MEPCE	RAB8A	RAB8A	0.776|0.791|0.816	2.384	0.795	3	0.720|0.889|0.888	0.000	0.000	0.000	0.000	0.000	-15.840	0.959	0.957	
MEPCE	RAB9A	RAB9A	0.797|0.746|0.756	2.299	0.766	3	0.750|0.721|0.643	0.000	0.000	0.000	0.000	0.000	-15.434	1.090	0.909	
MEPCE	RABL6	RABL6	1.271|1.297|1.201	3.769	1.256	3	1.361|1.324|1.255	0.000	0.000	0.000	0.000	0.000	-15.840	0.957	0.942	
MEPCE	RAC2	RAC2	1.105|1.116|1.058	3.279	1.093	3	0.871|0.857|0.879	0.003	0.005	0.003	0.005	0.003	-9.287	1.258	0.796	
MEPCE	RACK1	RACK1	0.803|0.864|0.869	2.537	0.846	3	0.758|0.817|0.740	0.000	0.000	0.000	0.000	0.000	-15.559	1.097	0.897	
MEPCE	RAD50	RAD50	0.718|1.143|1.921	3.782	1.261	3	1.664|1.698|1.623	0.000	0.000	0.000	0.000	0.000	-15.840	0.759	0.890	
MEPCE	RAD51AP1	RAD51AP1	0.559|0.488|0.599	1.647	0.549	3	0.489|0.506|0.478	0.000	0.000	0.000	0.000	0.000	-15.840	1.118	0.850	
MEPCE	RAF1	RAF1	0.701|0.758|0.714	2.173	0.724	3	0.652|0.642|0.766	0.000	0.000	0.000	0.000	0.000	-15.794	1.059	0.923	
MEPCE	RALA	RALA	0.994|0.984|1.031	3.010	1.003	3	0.559|0.635|0.717	0.006	0.013	0.006	0.013	0.006	-6.436	1.583	0.785	
MEPCE	RAN	RAN	2.319|2.431|2.480	7.230	2.410	3	2.123|2.206|2.277	0.000	0.000	0.000	0.000	0.000	-15.383	1.095	0.900	
MEPCE	RANBP1	RANBP1	0.418|0.468|0.491	1.377	0.459	3	0.476|0.562|0.447	0.000	0.000	0.000	0.000	0.000	-15.840	0.931	0.957	
MEPCE	RANBP2	RANBP2	0.661|0.698|0.704	2.063	0.688	3	0.656|0.656|0.673	0.000	0.000	0.000	0.000	0.000	-15.840	1.039	0.923	
MEPCE	RANGAP1	RANGAP1	1.016|1.049|0.949	3.013	1.004	3	0.982|0.943|0.940	0.000	0.000	0.000	0.000	0.000	-15.840	1.052	0.914	
MEPCE	RAP1B	RAP1B	1.248|1.316|1.189	3.753	1.251	3	0.846|0.855|0.865	0.034	0.034	0.034	0.034	0.034	-3.340	1.463	0.425	
MEPCE	RARS1	RARS1	0.671|0.659|0.552	1.882	0.627	3	0.615|0.632|0.617	0.000	0.000	0.000	0.000	0.000	-15.840	1.010	0.919	
MEPCE	RAVER1	RAVER1	0.528|0.520|0.395	1.443	0.481	3	0.484|0.433|0.458	0.000	0.000	0.000	0.000	0.000	-15.840	1.050	0.887	
MEPCE	RBBP4	RBBP4	0.885|0.981|0.818	2.684	0.895	3	0.606|0.687|0.644	0.023	0.034	0.023	0.034	0.023	-6.289	1.387	0.673	
MEPCE	RBBP7	RBBP7	2.707|2.934|3.050	8.691	2.897	3	2.676|2.637|2.754	0.000	0.000	0.000	0.000	0.000	-15.832	1.078	0.899	
MEPCE	RBFA	RBFA	0.416|0.414|0.412	1.242	0.414	3	0.334|0.318|0.388	0.000	0.000	0.000	0.000	0.000	-13.662	1.198	0.893	
MEPCE	RBIS	RBIS	1.162|1.246|1.164	3.572	1.191	3	1.029|1.091|1.013	0.000	0.000	0.000	0.000	0.000	-13.899	1.141	0.866	
MEPCE	RBM10	RBM10	2.135|2.157|2.221	6.513	2.171	3	1.819|1.942|1.886	0.000	0.000	0.000	0.000	0.000	-13.152	1.154	0.872	
MEPCE	RBM14	RBM14	4.219|4.437|4.222	12.879	4.293	3	4.023|4.073|3.807	0.000	0.000	0.000	0.000	0.000	-15.193	1.082	0.906	
MEPCE	RBM15	RBM15	0.894|0.931|1.084	2.910	0.970	3	0.848|0.876|0.874	0.000	0.001	0.000	0.001	0.000	-15.670	1.119	0.827	
MEPCE	RBM17	RBM17	1.533|1.595|1.514	4.642	1.547	3	1.065|1.157|1.108	0.034	0.034	0.034	0.034	0.034	-3.340	1.395	0.425	
MEPCE	RBM25	RBM25	0.825|0.989|0.866	2.681	0.894	3	0.772|0.757|0.771	0.003	0.008	0.003	0.008	0.003	-14.940	1.165	0.796	
MEPCE	RBM26	RBM26	1.455|1.342|1.486	4.283	1.428	3	0.902|0.945|0.972	0.034	0.034	0.034	0.034	0.034	-3.340	1.519	0.425	
MEPCE	RBM27	RBM27	3.364|3.524|3.544	10.433	3.478	3	2.501|2.755|2.636	0.024	0.034	0.024	0.034	0.024	-5.568	1.323	0.664	
MEPCE	RBM3	RBM3	4.756|4.619|4.683	14.058	4.686	3	5.071|4.807|5.005	0.000	0.000	0.000	0.000	0.000	-15.840	0.945	0.942	
MEPCE	RBM33	RBM33	1.215|1.171|1.296	3.682	1.227	3	1.012|1.204|1.068	0.000	0.000	0.000	0.000	0.000	-15.368	1.124	0.897	
MEPCE	RBM39	RBM39	1.464|1.611|1.588	4.662	1.554	3	1.198|1.261|1.249	0.008	0.018	0.008	0.018	0.008	-11.006	1.258	0.777	
MEPCE	RBM42	RBM42	0.570|0.635|0.659	1.864	0.621	3	0.405|0.474|0.454	0.023	0.034	0.023	0.034	0.023	-8.521	1.401	0.684	
MEPCE	RBM4B	RBM4B	0.765|0.820|0.496	2.081	0.694	3	0.534|.|0.427	0.023	0.034	0.023	0.034	0.023	-15.700	1.454	0.701	
MEPCE	RBMX	RBMX	2.030|2.056|2.056	6.142	2.047	3	2.250|2.373|2.336	0.000	0.000	0.000	0.000	0.000	-15.840	0.883	0.942	
MEPCE	RBMX2	RBMX2	0.849|0.687|0.768	2.303	0.768	3	0.463|0.566|0.603	0.000	0.000	0.000	0.000	0.000	-13.606	1.420	0.833	
MEPCE	RBX1	RBX1	0.380|0.394|.	1.060	0.353	3	0.383|0.380|0.487	0.000	0.000	0.000	0.000	0.000	-15.840	0.853	0.963	
MEPCE	RCC2	RCC2	5.113|5.023|4.964	15.099	5.033	3	5.754|5.614|5.642	0.000	0.000	0.000	0.000	0.000	-15.840	0.888	0.942	
MEPCE	RCN2	RCN2	1.538|1.547|1.576	4.660	1.553	3	1.485|1.457|1.530	0.000	0.000	0.000	0.000	0.000	-15.673	1.042	0.925	
MEPCE	RCOR1	RCOR1	0.431|0.435|0.366	1.232	0.411	3	0.352|0.375|0.430	0.000	0.000	0.000	0.000	0.000	-15.840	1.069	0.915	
MEPCE	RDH11	RDH11	0.198|0.145|0.237	0.580	0.193	3	0.169|0.183|0.212	0.000	0.000	0.000	0.000	0.000	-15.840	1.034	0.896	
MEPCE	REEP4	REEP4	0.536|0.577|0.383	1.495	0.498	3	0.350|0.455|0.404	0.000	0.000	0.000	0.000	0.000	-15.840	1.243	0.858	
MEPCE	REEP5	REEP5	0.290|0.384|0.337	1.010	0.337	3	0.290|0.332|0.241	0.000	0.000	0.000	0.000	0.000	-15.831	1.182	0.902	
MEPCE	RELCH	RELCH	0.288|0.333|0.286	0.907	0.302	3	0.296|0.243|0.362	0.000	0.000	0.000	0.000	0.000	-15.840	1.020	0.932	
MEPCE	RER1	RER1	0.495|0.580|0.679	1.754	0.585	3	0.474|0.538|0.463	0.007	0.021	0.007	0.021	0.007	-15.831	1.192	0.781	
MEPCE	RETREG3	RETREG3	0.392|0.381|0.355	1.127	0.376	3	0.357|0.253|0.313	0.000	0.000	0.000	0.000	0.000	-15.258	1.235	0.909	
MEPCE	RFC1	RFC1	0.384|0.367|0.304	1.055	0.352	3	0.312|0.263|0.307	0.000	0.000	0.000	0.000	0.000	-15.728	1.199	0.853	
MEPCE	RFC5	RFC5	0.499|0.485|0.417	1.401	0.467	3	0.312|0.387|0.440	0.000	0.000	0.000	0.000	0.000	-15.572	1.242	0.905	
MEPCE	RFT1	RFT1	0.253|0.308|0.311	0.871	0.290	3	0.257|0.257|0.273	0.000	0.000	0.000	0.000	0.000	-15.840	1.107	0.866	
MEPCE	RIOK1	RIOK1	3.248|3.108|3.461	9.817	3.272	3	3.572|3.844|3.599	0.000	0.000	0.000	0.000	0.000	-15.840	0.892	0.942	
MEPCE	RIOK2	RIOK2	0.523|0.444|0.463	1.430	0.477	3	0.334|0.393|0.500	0.000	0.000	0.000	0.000	0.000	-15.672	1.181	0.918	
MEPCE	R0SEL	R0SEL	0.306|0.473|0.390	1.169	0.390	3	0.321|0.380|0.462	0.000	0.000	0.000	0.000	0.000	-15.840	1.017	0.922	
MEPCE	RNF20	RNF20	0.504|0.604|0.547	1.656	0.552	3	0.484|0.608|0.470	0.000	0.000	0.000	0.000	0.000	-15.840	1.068	0.922	
MEPCE	RNF40	RNF40	0.467|0.604|0.586	1.657	0.552	3	0.517|0.453|0.494	0.000	0.000	0.000	0.000	0.000	-15.840	1.134	0.836	
MEPCE	RNPS1	RNPS1	10.612|10.551|11.253	32.416	10.805	3	9.062|8.722|8.794	0.001	0.002	0.001	0.002	0.001	-10.681	1.220	0.815	
MEPCE	RO60	RO60	0.232|0.318|0.316	0.866	0.289	3	0.286|0.226|0.248	0.000	0.000	0.000	0.000	0.000	-15.840	1.146	0.891	
MEPCE	ROCK1	ROCK1	1.040|1.130|1.152	3.322	1.107	3	0.871|0.946|1.065	0.000	0.000	0.000	0.000	0.000	-15.331	1.157	0.897	
MEPCE	RP9	RP9	2.850|2.896|3.035	8.781	2.927	3	4.154|4.042|3.909	0.000	0.000	0.000	0.000	0.000	-15.840	0.726	0.942	
MEPCE	RPA1	RPA1	1.456|3.727|3.747	8.930	2.977	3	3.335|3.604|3.648	0.000	0.000	0.000	0.000	0.000	-15.840	0.844	0.923	
MEPCE	RPA2	RPA2	1.177|1.048|1.085	3.311	1.104	3	1.000|1.024|1.028	0.000	0.000	0.000	0.000	0.000	-15.688	1.085	0.889	
MEPCE	RPA3	RPA3	1.442|1.425|1.521	4.387	1.462	3	1.465|1.419|1.412	0.000	0.000	0.000	0.000	0.000	-15.840	1.021	0.927	
MEPCE	RPL10	RPL10	3.651|3.637|3.510	10.798	3.599	3	1.978|2.144|1.871	0.034	0.034	0.034	0.034	0.034	-3.340	1.805	0.629	
MEPCE	RPL10A	RPL10A	1.281|1.323|1.319	3.923	1.308	3	0.425|0.391|0.529	0.998	0.998	0.998	0.998	0.998	5.858	2.940	0.000	
MEPCE	RPL11	RPL11	6.172|6.172|6.247	18.591	6.197	3	3.247|3.473|3.313	0.034	0.034	0.034	0.034	0.034	-3.340	1.854	0.425	
MEPCE	RPL12	RPL12	3.722|3.641|3.329	10.692	3.564	3	3.114|2.949|2.646	0.000	0.000	0.000	0.000	0.000	-13.721	1.231	0.845	
MEPCE	RPL13	RPL13	2.644|2.998|2.562	8.203	2.734	3	1.423|0.942|1.804	0.090	0.229	0.090	0.229	0.090	-4.238	2.037	0.257	
MEPCE	RPL13A	RPL13A	1.735|1.872|1.889	5.495	1.832	3	0.446|0.452|0.433	1.000	1.000	1.000	1.000	1.000	8.674	4.131	0.000	
MEPCE	RPL14	RPL14	2.007|1.944|2.069	6.020	2.007	3	0.591|0.514|0.750	1.000	1.000	1.000	1.000	1.000	8.079	3.284	0.000	
MEPCE	RPL15	RPL15	1.832|1.836|1.717	5.385	1.795	3	0.551|0.516|0.547	0.876	0.993	0.876	0.993	0.876	0.591	3.338	0.006	
MEPCE	RPL17	RPL17	2.902|3.128|3.099	9.128	3.043	3	1.395|1.564|1.667	0.034	0.034	0.034	0.034	0.034	-3.340	1.979	0.357	
MEPCE	RPL18	RPL18	2.050|2.226|2.312	6.587	2.196	3	0.747|0.709|0.721	0.232	0.602	0.232	0.602	0.232	-3.340	3.026	0.202	
MEPCE	RPL18A	RPL18A	1.053|1.179|1.219	3.451	1.150	3	0.347|0.418|0.416	0.723	0.993	0.723	0.993	0.723	-1.388	2.935	0.027	
MEPCE	RPL19	RPL19	2.525|2.477|2.473	7.475	2.492	3	0.985|0.852|0.789	0.917	0.952	0.917	0.952	0.917	2.163	2.858	0.002	
MEPCE	RPL21	RPL21	0.998|0.979|1.096	3.073	1.024	3	0.317|0.281|0.281	0.993	1.000	0.993	1.000	0.993	4.231	3.498	0.000	
MEPCE	RPL22	RPL22	12.848|13.063|13.008	38.919	12.973	3	10.732|11.209|10.633	0.000	0.000	0.000	0.000	0.000	-11.048	1.195	0.852	
MEPCE	RPL22L1	RPL22L1	0.402|0.271|0.272	0.945	0.315	3	0.436|0.488|0.411	0.000	0.000	0.000	0.000	0.000	-15.840	0.710	0.957	
MEPCE	RPL23	RPL23	13.372|13.799|13.696	40.867	13.622	3	12.674|11.836|12.454	0.000	0.000	0.000	0.000	0.000	-14.698	1.106	0.900	
MEPCE	RPL23A	RPL23A	3.949|3.956|3.909	11.815	3.938	3	2.591|2.853|2.759	0.034	0.034	0.034	0.034	0.034	-3.340	1.441	0.425	
MEPCE	RPL24	RPL24	2.111|2.458|2.463	7.033	2.344	3	1.249|1.400|1.172	0.034	0.034	0.034	0.034	0.034	-3.340	1.845	0.380	
MEPCE	RPL26	RPL26	4.338|4.237|4.328	12.904	4.301	3	1.742|1.741|1.723	0.034	0.034	0.034	0.034	0.034	-3.340	2.478	0.425	
MEPCE	RPL27	RPL27	2.364|2.438|2.359	7.161	2.387	3	0.918|0.835|0.839	0.034	0.034	0.034	0.034	0.034	-3.340	2.766	0.425	
MEPCE	RPL27A	RPL27A	5.269|5.330|5.539	16.137	5.379	3	2.208|2.199|2.233	0.034	0.034	0.034	0.034	0.034	-3.340	2.431	0.357	
MEPCE	RPL28	RPL28	1.578|1.666|1.625	4.869	1.623	3	0.732|0.684|0.625	0.034	0.034	0.034	0.034	0.034	-3.340	2.390	0.614	
MEPCE	RPL29	RPL29	0.967|0.760|0.703	2.430	0.810	3	0.298|0.346|0.327	0.073	0.151	0.073	0.151	0.073	-3.340	2.508	0.287	
MEPCE	RPL3	RPL3	1.778|1.752|1.887	5.417	1.806	3	0.544|0.422|0.500	1.000	1.000	1.000	1.000	1.000	8.677	3.715	0.000	
MEPCE	RPL30	RPL30	0.828|0.803|0.795	2.426	0.809	3	0.295|0.427|0.406	0.711	0.906	0.711	0.906	0.711	0.228	2.179	0.030	
MEPCE	RPL31	RPL31	6.137|5.888|6.186	18.211	6.070	3	2.534|2.891|2.872	0.034	0.034	0.034	0.034	0.034	-3.340	2.199	0.641	
MEPCE	RPL32	RPL32	1.163|1.106|1.368	3.638	1.213	3	0.912|0.844|0.750	0.012	0.034	0.012	0.034	0.012	-9.678	1.456	0.738	
MEPCE	RPL34	RPL34	2.048|2.252|2.170	6.469	2.156	3	0.769|0.748|0.686	0.045	0.068	0.045	0.068	0.045	-3.340	2.941	0.336	
MEPCE	RPL35	RPL35	7.079|7.342|7.527	21.948	7.316	3	4.711|5.207|5.045	0.034	0.034	0.034	0.034	0.034	-3.340	1.468	0.425	
MEPCE	RPL35A	RPL35A	1.375|1.460|1.504	4.339	1.446	3	1.056|1.093|1.078	0.024	0.034	0.024	0.034	0.024	-5.702	1.344	0.665	
MEPCE	RPL36	RPL36	1.393|1.408|1.319	4.120	1.373	3	0.352|0.400|0.353	1.000	1.000	1.000	1.000	1.000	7.482	3.733	0.000	
MEPCE	RPL36A	RPL36A	2.791|2.805|2.711	8.307	2.769	3	1.966|1.826|1.917	0.034	0.034	0.034	0.034	0.034	-3.340	1.456	0.425	
MEPCE	RPL37	RPL37	0.560|0.615|0.392	1.567	0.522	3	0.279|0.225|0.306	0.165	0.461	0.165	0.461	0.165	-11.447	1.951	0.221	
MEPCE	RPL37A	RPL37A	0.517|0.350|0.404	1.271	0.424	3	0.315|0.284|0.390	0.000	0.000	0.000	0.000	0.000	-15.708	1.296	0.856	
MEPCE	RPL38	RPL38	25.170|25.884|26.767	77.821	25.940	3	25.365|25.294|25.075	0.000	0.000	0.000	0.000	0.000	-15.840	1.028	0.927	
MEPCE	RPL39	RPL39	2.817|2.802|2.628	8.247	2.749	3	2.255|1.930|1.907	0.001	0.001	0.001	0.001	0.001	-10.025	1.358	0.812	
MEPCE	RPL4	RPL4	2.229|2.036|2.026	6.291	2.097	3	0.535|0.639|0.746	1.000	1.000	1.000	1.000	1.000	7.782	3.305	0.000	
MEPCE	RPL5	RPL5	0.924|0.953|0.906	2.784	0.928	3	0.757|0.753|0.811	0.000	0.000	0.000	0.000	0.000	-11.587	1.200	0.839	
MEPCE	RPL6	RPL6	2.158|2.266|2.120	6.545	2.182	3	0.543|0.575|0.559	1.000	1.000	1.000	1.000	1.000	8.683	3.902	0.000	
MEPCE	RPL7	RPL7	2.316|2.420|2.444	7.181	2.394	3	0.616|0.687|0.691	0.999	1.000	0.999	1.000	0.999	6.023	3.606	0.000	
MEPCE	RPL7A	RPL7A	1.578|1.683|1.609	4.869	1.623	3	0.625|0.620|0.629	0.034	0.034	0.034	0.034	0.034	-3.340	2.599	0.425	
MEPCE	RPL8	RPL8	2.035|2.192|2.089	6.317	2.106	3	0.686|0.672|0.824	0.925	0.989	0.925	0.989	0.925	1.693	2.907	0.001	
MEPCE	RPL9	RPL9	2.309|2.337|2.458	7.103	2.368	3	1.653|1.390|1.460	0.034	0.034	0.034	0.034	0.034	-3.340	1.582	0.425	
MEPCE	RPLP0	RPLP0	1.523|1.405|1.465	4.393	1.464	3	0.523|0.661|0.523	0.743	0.941	0.743	0.941	0.743	-0.092	2.589	0.018	
MEPCE	RPLP1	RPLP1	1.704|1.683|1.756	5.142	1.714	3	0.908|0.838|0.893	0.034	0.034	0.034	0.034	0.034	-3.340	1.949	0.425	
MEPCE	RPLP2	RPLP2	1.649|1.816|1.966	5.431	1.810	3	0.678|0.774|0.703	0.034	0.034	0.034	0.034	0.034	-3.340	2.524	0.610	
MEPCE	RPN1	RPN1	1.118|1.202|1.071	3.391	1.130	3	0.954|0.829|0.925	0.004	0.013	0.004	0.013	0.004	-11.729	1.254	0.790	
MEPCE	RPN2	RPN2	1.039|0.910|0.894	2.842	0.947	3	0.887|0.721|0.848	0.000	0.000	0.000	0.000	0.000	-15.310	1.162	0.888	
MEPCE	RPP25L	RPP25L	0.719|0.759|0.933	2.411	0.804	3	0.600|0.600|.	0.011	0.034	0.011	0.034	0.011	-12.132	1.339	0.751	
MEPCE	RPS10	RPS10	17.947|18.953|17.747	54.646	18.215	3	19.007|17.379|17.303	0.000	0.000	0.000	0.000	0.000	-15.840	1.019	0.928	
MEPCE	RPS11	RPS11	6.525|6.433|6.728	19.687	6.562	3	3.099|3.523|3.342	0.034	0.034	0.034	0.034	0.034	-3.340	1.979	0.425	
MEPCE	RPS12	RPS12	4.081|4.480|4.412	12.973	4.324	3	1.270|1.385|1.268	0.740	0.994	0.740	0.994	0.740	-1.157	3.310	0.021	
MEPCE	RPS13	RPS13	8.115|8.023|7.916	24.054	8.018	3	3.532|3.538|3.430	0.034	0.034	0.034	0.034	0.034	-3.340	2.291	0.425	
MEPCE	RPS14	RPS14	6.694|6.390|6.666	19.749	6.583	3	4.395|4.345|4.396	0.034	0.034	0.034	0.034	0.034	-3.340	1.504	0.425	
MEPCE	RPS15	RPS15	2.551|2.383|1.867	6.801	2.267	3	1.278|1.531|1.535	0.023	0.034	0.023	0.034	0.023	-11.310	1.572	0.689	
MEPCE	RPS15A	RPS15A	6.784|6.812|6.959	20.554	6.851	3	3.592|3.460|3.617	0.034	0.034	0.034	0.034	0.034	-3.340	1.927	0.425	
MEPCE	RPS16	RPS16	13.194|14.327|14.346	41.867	13.956	3	10.417|10.583|10.531	0.023	0.034	0.023	0.034	0.023	-7.117	1.328	0.677	
MEPCE	RPS17	RPS17	3.303|3.607|3.082	9.991	3.330	3	2.084|2.199|2.277	0.034	0.034	0.034	0.034	0.034	-3.340	1.524	0.357	
MEPCE	RPS18	RPS18	19.418|18.985|20.281	58.684	19.561	3	14.434|14.606|15.434	0.022	0.034	0.022	0.034	0.022	-5.480	1.320	0.705	
MEPCE	RPS19	RPS19	9.414|9.985|9.950	29.349	9.783	3	7.862|8.178|7.832	0.000	0.001	0.000	0.001	0.000	-11.060	1.230	0.820	
MEPCE	RPS19BP1	RPS19BP1	0.758|0.717|0.742	2.218	0.739	3	0.441|0.529|0.539	0.002	0.005	0.002	0.005	0.002	-7.974	1.476	0.800	
MEPCE	RPS2	RPS2	6.361|6.077|6.219	18.658	6.219	3	4.083|4.310|4.062	0.034	0.034	0.034	0.034	0.034	-3.340	1.499	0.425	
MEPCE	RPS20	RPS20	6.307|6.551|6.597	19.455	6.485	3	5.534|5.665|5.547	0.000	0.000	0.000	0.000	0.000	-13.320	1.162	0.866	
MEPCE	RPS21	RPS21	0.364|0.361|0.386	1.110	0.370	3	0.375|0.350|0.410	0.000	0.000	0.000	0.000	0.000	-15.840	0.980	0.937	
MEPCE	RPS23	RPS23	3.782|4.246|4.119	12.146	4.049	3	3.014|2.874|2.910	0.025	0.034	0.025	0.034	0.025	-4.927	1.381	0.654	
MEPCE	RPS24	RPS24	3.994|3.922|3.847	11.763	3.921	3	3.317|3.292|3.212	0.000	0.000	0.000	0.000	0.000	-11.434	1.198	0.846	
MEPCE	RPS25	RPS25	37.077|36.473|36.681	110.231	36.744	3	30.361|32.666|31.786	0.000	0.000	0.000	0.000	0.000	-12.355	1.163	0.870	
MEPCE	RPS26	RPS26	6.129|6.245|6.496	18.870	6.290	3	3.693|3.822|3.999	0.034	0.034	0.034	0.034	0.034	-3.340	1.640	0.425	
MEPCE	RPS27	RPS27	7.296|7.556|7.567	22.419	7.473	3	7.201|7.292|7.339	0.000	0.000	0.000	0.000	0.000	-15.838	1.027	0.930	
MEPCE	RPS27L	RPS27L	2.952|2.819|2.898	8.669	2.890	3	2.536|2.942|2.795	0.000	0.000	0.000	0.000	0.000	-15.765	1.050	0.923	
MEPCE	RPS28	RPS28	8.510|8.209|7.875	24.595	8.198	3	8.709|8.478|8.141	0.000	0.000	0.000	0.000	0.000	-15.840	0.971	0.939	
MEPCE	RPS29	RPS29	12.848|13.312|13.353	39.513	13.171	3	11.297|11.658|11.803	0.000	0.000	0.000	0.000	0.000	-14.029	1.137	0.882	
MEPCE	RPS3	RPS3	13.036|13.358|13.252	39.646	13.215	3	9.055|8.460|8.916	0.034	0.034	0.034	0.034	0.034	-3.340	1.501	0.425	
MEPCE	RPS3A	RPS3A	5.016|4.898|5.177	15.090	5.030	3	1.836|1.835|1.795	0.034	0.034	0.034	0.034	0.034	-3.340	2.761	0.425	
MEPCE	RPS4X	RPS4X	6.741|7.303|6.666	20.711	6.904	3	4.560|4.740|5.087	0.034	0.034	0.034	0.034	0.034	-3.340	1.441	0.425	
MEPCE	RPS5	RPS5	6.338|6.288|6.517	19.143	6.381	3	5.265|5.163|5.484	0.000	0.000	0.000	0.000	0.000	-10.936	1.203	0.841	
MEPCE	RPS6	RPS6	3.590|3.696|3.679	10.966	3.655	3	1.886|2.031|2.114	0.034	0.034	0.034	0.034	0.034	-3.340	1.820	0.425	
MEPCE	RPS7	RPS7	5.845|6.216|6.400	18.462	6.154	3	4.284|3.920|4.292	0.034	0.034	0.034	0.034	0.034	-3.340	1.479	0.425	
MEPCE	RPS8	RPS8	2.314|2.397|2.477	7.187	2.396	3	1.056|1.022|1.003	0.034	0.034	0.034	0.034	0.034	-3.340	2.334	0.425	
MEPCE	RPS9	RPS9	6.280|6.105|6.399	18.784	6.261	3	3.102|2.982|3.008	0.034	0.034	0.034	0.034	0.034	-3.340	2.066	0.425	
MEPCE	RPSA	RPSA	0.538|0.562|0.588	1.687	0.562	3	0.465|0.433|0.449	0.009	0.025	0.009	0.025	0.009	-10.391	1.252	0.775	
MEPCE	RRP12	RRP12	0.653|0.613|0.698	1.963	0.654	3	0.512|0.485|0.426	0.012	0.034	0.012	0.034	0.012	-10.186	1.385	0.738	
MEPCE	RRP1B	RRP1B	1.123|1.059|1.041	3.224	1.075	3	0.658|0.673|0.721	0.034	0.034	0.034	0.034	0.034	-3.340	1.573	0.425	
MEPCE	RRP36	RRP36	0.434|0.458|0.416	1.308	0.436	3	0.398|0.318|0.311	0.000	0.000	0.000	0.000	0.000	-14.216	1.282	0.885	
MEPCE	RSL1D1	RSL1D1	1.042|0.934|1.048	3.024	1.008	3	0.435|0.402|0.351	0.121	0.185	0.121	0.185	0.121	-3.340	2.555	0.236	
MEPCE	RSRC1	RSRC1	1.145|1.276|1.233	3.654	1.218	3	1.002|0.991|0.950	0.006	0.016	0.006	0.016	0.006	-11.781	1.242	0.786	
MEPCE	RSRC2	RSRC2	3.773|3.755|3.904	11.431	3.810	3	2.954|2.971|3.102	0.005	0.012	0.005	0.012	0.005	-7.549	1.267	0.789	
MEPCE	RTCA	RTCA	0.414|0.457|0.452	1.322	0.441	3	0.166|0.170|0.255	0.709	0.934	0.709	0.934	0.709	-0.909	2.280	0.033	
MEPCE	RTCB	RTCB	1.183|1.204|1.194	3.581	1.194	3	1.447|1.313|1.312	0.000	0.000	0.000	0.000	0.000	-15.840	0.881	0.942	
MEPCE	RTN3	RTN3	0.771|0.762|0.777	2.310	0.770	3	0.815|0.705|0.807	0.000	0.000	0.000	0.000	0.000	-15.840	0.995	0.940	
MEPCE	RTN4	RTN4	1.113|1.045|0.954	3.112	1.037	3	1.096|1.196|1.129	0.000	0.000	0.000	0.000	0.000	-15.840	0.910	0.942	
MEPCE	RTRAF	RTRAF	1.002|1.055|1.096	3.152	1.051	3	1.204|1.118|1.202	0.000	0.000	0.000	0.000	0.000	-15.840	0.895	0.942	
MEPCE	RUVBL1	RUVBL1	1.518|1.578|1.517	4.613	1.538	3	1.966|1.953|2.102	0.000	0.000	0.000	0.000	0.000	-15.840	0.767	0.942	
MEPCE	RUVBL2	RUVBL2	1.829|1.717|1.781	5.327	1.776	3	2.247|2.362|2.252	0.000	0.000	0.000	0.000	0.000	-15.840	0.776	0.942	
MEPCE	SACM1L	SACM1L	0.656|0.747|0.606	2.009	0.670	3	0.552|0.596|0.524	0.011	0.034	0.011	0.034	0.011	-14.597	1.203	0.756	
MEPCE	SAFB	SAFB	0.322|0.333|0.400	1.055	0.352	3	0.498|0.474|0.410	0.000	0.000	0.000	0.000	0.000	-15.840	0.766	0.961	
MEPCE	SAP30BP	SAP30BP	1.277|1.117|1.474	3.868	1.289	3	0.931|0.979|0.940	0.023	0.034	0.023	0.034	0.023	-11.381	1.357	0.690	
MEPCE	SARNP	SARNP	1.399|1.406|1.325	4.130	1.377	3	1.248|1.287|1.228	0.000	0.000	0.000	0.000	0.000	-15.336	1.098	0.900	
MEPCE	SARS1	SARS1	0.330|0.340|0.349	1.020	0.340	3	0.456|0.537|0.385	0.000	0.000	0.000	0.000	0.000	-15.840	0.747	0.961	
MEPCE	SART1	SART1	1.103|1.410|1.209	3.722	1.241	3	0.815|0.903|0.775	0.024	0.034	0.024	0.034	0.024	-5.909	1.496	0.668	
MEPCE	SART3	SART3	9.487|9.554|9.467	28.509	9.503	3	0.863|0.916|0.834	1.000	1.000	1.000	1.000	1.000	9.160	10.916	0.000	
MEPCE	SBDS	SBDS	1.154|1.071|1.120	3.344	1.115	3	1.091|1.144|1.197	0.000	0.000	0.000	0.000	0.000	-15.840	0.975	0.939	
MEPCE	SBF1	SBF1	0.449|0.431|0.467	1.347	0.449	3	0.449|0.363|0.407	0.000	0.000	0.000	0.000	0.000	-15.576	1.109	0.914	
MEPCE	SCAF11	SCAF11	0.582|0.593|0.587	1.762	0.587	3	0.427|0.414|0.494	0.000	0.000	0.000	0.000	0.000	-9.610	1.324	0.835	
MEPCE	SCAMP2	SCAMP2	0.491|0.550|0.507	1.547	0.516	3	0.434|0.311|0.447	0.000	0.000	0.000	0.000	0.000	-14.924	1.315	0.904	
MEPCE	SCAMP3	SCAMP3	0.586|0.616|0.544	1.746	0.582	3	0.504|0.644|0.411	0.000	0.000	0.000	0.000	0.000	-15.781	1.139	0.925	
MEPCE	SCNM1	SCNM1	0.393|0.433|0.409	1.236	0.412	3	0.489|0.443|0.480	0.000	0.000	0.000	0.000	0.000	-15.840	0.876	0.942	
MEPCE	SCO2	SCO2	0.478|0.469|0.539	1.486	0.495	3	0.356|0.283|0.348	0.005	0.015	0.005	0.015	0.005	-9.789	1.514	0.788	
MEPCE	SCP2	SCP2	0.495|0.549|0.677	1.721	0.574	3	0.535|0.460|0.651	0.000	0.000	0.000	0.000	0.000	-15.840	1.056	0.920	
MEPCE	SDF4	SDF4	0.425|0.494|0.427	1.346	0.449	3	0.387|0.448|0.395	0.000	0.000	0.000	0.000	0.000	-15.663	1.097	0.881	
MEPCE	SEC13	SEC13	0.627|0.609|0.564	1.799	0.600	3	0.634|0.569|0.495	0.000	0.000	0.000	0.000	0.000	-15.840	1.065	0.925	
MEPCE	SEC22B	SEC22B	0.720|0.798|0.731	2.248	0.749	3	0.702|0.678|0.681	0.000	0.000	0.000	0.000	0.000	-15.478	1.091	0.887	
MEPCE	SEC23IP	SEC23IP	0.492|0.766|0.381	1.640	0.547	3	0.445|0.708|0.860	0.000	0.000	0.000	0.000	0.000	-15.840	0.845	0.897	
MEPCE	SEC31A	SEC31A	0.708|0.713|0.780	2.201	0.734	3	0.767|0.838|0.761	0.000	0.000	0.000	0.000	0.000	-15.840	0.932	0.942	
MEPCE	SEC61A1	SEC61A1	1.719|1.699|1.813	5.231	1.744	3	1.139|1.403|1.348	0.000	0.000	0.000	0.000	0.000	-11.246	1.350	0.844	
MEPCE	SEC61B	SEC61B	0.484|0.764|0.572	1.820	0.607	3	0.591|0.590|0.619	0.001	0.002	0.001	0.002	0.001	-15.840	1.011	0.813	
MEPCE	SELENOH	SELENOH	0.772|0.898|0.803	2.474	0.825	3	0.597|0.649|0.706	0.003	0.009	0.003	0.009	0.003	-12.638	1.270	0.793	
MEPCE	SEPTIN11	SEPTIN11	1.281|1.283|1.254	3.818	1.273	3	1.272|1.245|1.079	0.000	0.000	0.000	0.000	0.000	-15.628	1.064	0.923	
MEPCE	SEPTIN2	SEPTIN2	1.361|1.389|1.273	4.022	1.341	3	1.255|1.347|1.346	0.000	0.000	0.000	0.000	0.000	-15.840	1.019	0.927	
MEPCE	SEPTIN7	SEPTIN7	1.244|1.404|1.331	3.979	1.326	3	1.247|1.249|1.192	0.000	0.000	0.000	0.000	0.000	-15.814	1.079	0.895	
MEPCE	SEPTIN9	SEPTIN9	1.120|2.900|1.045	5.065	1.688	3	0.941|0.978|2.605	0.018	0.055	0.018	0.055	0.018	-9.348	1.262	0.714	
MEPCE	SERBP1	SERBP1	5.936|5.703|5.512	17.151	5.717	3	6.053|6.213|6.294	0.000	0.000	0.000	0.000	0.000	-15.840	0.924	0.942	
MEPCE	SERF1A	SERF1A	1.075|0.287|0.195	1.557	0.519	3	0.810|0.651|0.681	0.001	0.002	0.001	0.002	0.001	-15.840	0.730	0.815	
MEPCE	SERF2	SERF2	2.175|2.755|2.727	7.656	2.552	3	2.459|2.710|2.775	0.000	0.000	0.000	0.000	0.000	-15.840	0.965	0.930	
MEPCE	SET	SET	1.345|1.254|1.393	3.992	1.331	3	1.697|1.542|1.552	0.000	0.000	0.000	0.000	0.000	-15.840	0.834	0.942	
MEPCE	SF1	SF1	0.298|0.330|0.324	0.953	0.318	3	0.484|0.363|0.409	0.000	0.000	0.000	0.000	0.000	-15.840	0.764	0.960	
MEPCE	SF3A1	SF3A1	0.870|0.886|0.841	2.597	0.866	3	0.804|0.676|0.852	0.000	0.000	0.000	0.000	0.000	-15.478	1.119	0.917	
MEPCE	SF3A2	SF3A2	0.647|0.637|0.643	1.927	0.642	3	0.684|0.692|0.607	0.000	0.000	0.000	0.000	0.000	-15.840	0.974	0.962	
MEPCE	SF3A3	SF3A3	0.897|0.860|0.870	2.627	0.876	3	0.905|0.881|0.774	0.000	0.000	0.000	0.000	0.000	-15.828	1.028	0.931	
MEPCE	SF3B1	SF3B1	0.732|0.741|0.666	2.139	0.713	3	0.754|0.744|0.814	0.000	0.000	0.000	0.000	0.000	-15.840	0.926	0.942	
MEPCE	SF3B2	SF3B2	0.693|0.778|0.764	2.234	0.745	3	0.632|0.718|0.827	0.000	0.000	0.000	0.000	0.000	-15.840	1.033	0.931	
MEPCE	SF3B3	SF3B3	0.728|0.750|0.732	2.210	0.737	3	1.392|1.445|1.497	0.000	0.000	0.000	0.000	0.000	-15.840	0.510	0.942	
MEPCE	SF3B4	SF3B4	0.798|0.725|0.753	2.276	0.759	3	0.640|0.820|0.721	0.000	0.000	0.000	0.000	0.000	-15.839	1.049	0.928	
MEPCE	SF3B5	SF3B5	0.207|0.112|0.309	0.628	0.209	3	0.572|0.479|0.498	0.000	0.000	0.000	0.000	0.000	-15.840	0.407	0.959	
MEPCE	SFPQ	SFPQ	3.707|3.654|3.669	11.030	3.677	3	2.914|3.439|3.544	0.000	0.000	0.000	0.000	0.000	-15.082	1.119	0.914	
MEPCE	SFSWAP	SFSWAP	0.858|0.743|0.773	2.373	0.791	3	0.703|0.753|0.596	0.000	0.000	0.000	0.000	0.000	-15.442	1.162	0.898	
MEPCE	SGPL1	SGPL1	0.773|0.829|0.807	2.409	0.803	3	1.130|0.854|1.083	0.000	0.000	0.000	0.000	0.000	-15.840	0.791	0.956	
MEPCE	SH3GLB2	SH3GLB2	0.474|0.521|0.562	1.557	0.519	3	0.459|0.460|0.487	0.000	0.000	0.000	0.000	0.000	-15.816	1.108	0.861	
MEPCE	SHMT2	SHMT2	1.441|1.521|1.420	4.382	1.461	3	1.683|1.903|1.857	0.000	0.000	0.000	0.000	0.000	-15.840	0.806	0.942	
MEPCE	SKIC8	SKIC8	0.483|1.170|1.424	3.077	1.026	3	0.654|1.362|0.425	0.014	0.031	0.014	0.031	0.014	-10.284	1.418	0.722	
MEPCE	SKP1	SKP1	1.551|1.547|1.587	4.684	1.561	3	2.349|2.411|2.268	0.000	0.000	0.000	0.000	0.000	-15.840	0.667	0.942	
MEPCE	SLC16A1	SLC16A1	1.125|1.133|1.156	3.414	1.138	3	0.913|0.959|0.903	0.000	0.001	0.000	0.001	0.000	-9.339	1.230	0.824	
MEPCE	SLC1A5	SLC1A5	1.898|2.116|1.974	5.988	1.996	3	1.780|2.073|1.874	0.000	0.000	0.000	0.000	0.000	-15.840	1.048	0.917	
MEPCE	SLC25A3	SLC25A3	0.824|0.854|0.817	2.495	0.832	3	0.634|0.601|0.597	0.034	0.034	0.034	0.034	0.034	-3.340	1.362	0.425	
MEPCE	SLC25A5	SLC25A5	1.590|1.656|1.540	4.786	1.595	3	1.325|1.302|1.332	0.000	0.001	0.000	0.001	0.000	-11.826	1.209	0.824	
MEPCE	SLC30A7	SLC30A7	0.630|0.659|0.614	1.903	0.634	3	0.625|0.590|0.696	0.000	0.000	0.000	0.000	0.000	-15.840	0.998	0.935	
MEPCE	SLC35F6	SLC35F6	0.208|0.122|0.248	0.577	0.192	3	0.173|.|0.181	0.000	0.000	0.000	0.000	0.000	-15.840	1.088	0.879	
MEPCE	SLC38A2	SLC38A2	0.268|0.268|0.281	0.817	0.272	3	0.124|0.198|0.282	0.001	0.001	0.001	0.001	0.001	-7.632	1.431	0.816	
MEPCE	SLC39A14	SLC39A14	0.359|0.475|0.421	1.254	0.418	3	0.348|0.318|0.387	0.000	0.000	0.000	0.000	0.000	-15.792	1.195	0.845	
MEPCE	SLC7A5	SLC7A5	0.132|0.238|0.185	0.555	0.185	3	0.238|0.193|0.223	0.000	0.000	0.000	0.000	0.000	-15.840	0.852	0.928	
MEPCE	SLFN11	SLFN11	0.524|0.463|0.516	1.502	0.501	3	0.423|0.567|0.439	0.000	0.000	0.000	0.000	0.000	-15.840	1.060	0.929	
MEPCE	SLIRP	SLIRP	1.454|1.254|1.387	4.095	1.365	3	1.031|1.080|1.092	0.016	0.034	0.016	0.034	0.016	-11.467	1.279	0.718	
MEPCE	SLK	SLK	0.444|0.415|0.421	1.280	0.427	3	0.428|0.512|0.405	0.000	0.000	0.000	0.000	0.000	-15.840	0.957	0.957	
MEPCE	SLTM	SLTM	1.031|1.060|1.015	3.106	1.035	3	1.192|1.239|1.187	0.000	0.000	0.000	0.000	0.000	-15.840	0.859	0.942	
MEPCE	SLU7	SLU7	4.166|4.315|4.726	13.206	4.402	3	2.929|3.505|4.577	0.000	0.000	0.000	0.000	0.000	-15.533	1.220	0.918	
MEPCE	SMC1A	SMC1A	1.232|1.264|0.936	3.432	1.144	3	0.729|0.823|0.959	0.000	0.000	0.000	0.000	0.000	-15.283	1.375	0.841	
MEPCE	SMC2	SMC2	1.576|1.673|1.710	4.960	1.653	3	1.730|1.499|1.527	0.000	0.000	0.000	0.000	0.000	-15.840	1.045	0.922	
MEPCE	SMC3	SMC3	4.963|4.294|4.111	13.368	4.456	3	1.562|3.184|2.829	0.020	0.050	0.020	0.050	0.020	-5.634	1.846	0.709	
MEPCE	SMC4	SMC4	1.435|1.351|1.526	4.313	1.438	3	1.289|1.342|1.297	0.000	0.000	0.000	0.000	0.000	-15.672	1.098	0.882	
MEPCE	SMNDC1	SMNDC1	0.818|0.577|0.692	2.088	0.696	3	0.536|0.503|0.550	0.020	0.034	0.020	0.034	0.020	-14.559	1.315	0.710	
MEPCE	S0PIN	S0PIN	0.501|0.460|0.372	1.334	0.445	3	0.488|0.568|0.480	0.000	0.000	0.000	0.000	0.000	-15.840	0.871	0.961	
MEPCE	SND1	SND1	0.791|0.835|0.904	2.529	0.843	3	1.040|1.013|1.012	0.000	0.000	0.000	0.000	0.000	-15.840	0.825	0.942	
MEPCE	SNIP1	SNIP1	0.578|0.638|0.588	1.803	0.601	3	0.637|0.551|0.584	0.000	0.000	0.000	0.000	0.000	-15.840	1.020	0.924	
MEPCE	SNRNP200	SNRNP200	1.113|1.241|1.258	3.612	1.204	3	1.012|1.255|1.163	0.000	0.000	0.000	0.000	0.000	-15.840	1.057	0.923	
MEPCE	SNRNP27	SNRNP27	6.414|6.747|6.900	20.062	6.687	3	5.080|5.171|5.233	0.019	0.034	0.019	0.034	0.019	-7.866	1.296	0.711	
MEPCE	SNRNP70	SNRNP70	1.179|1.133|1.136	3.448	1.149	3	1.080|1.021|1.120	0.000	0.000	0.000	0.000	0.000	-15.343	1.071	0.913	
MEPCE	SNRPA	SNRPA	0.585|0.607|0.639	1.831	0.610	3	0.442|0.520|0.488	0.000	0.001	0.000	0.001	0.000	-11.617	1.265	0.822	
MEPCE	SNRPA1	SNRPA1	0.912|1.012|0.930	2.855	0.952	3	0.593|0.700|0.644	0.034	0.034	0.034	0.034	0.034	-3.340	1.478	0.402	
MEPCE	SNRPB	SNRPB	13.528|14.339|14.318	42.185	14.062	3	12.537|12.265|12.460	0.000	0.000	0.000	0.000	0.000	-14.609	1.132	0.881	
MEPCE	SNRPB2	SNRPB2	0.228|0.305|0.325	0.858	0.286	3	0.311|0.171|0.304	0.000	0.000	0.000	0.000	0.000	-15.840	1.131	0.874	
MEPCE	SNRPC	SNRPC	2.600|2.746|2.868	8.215	2.738	3	3.093|2.588|2.820	0.000	0.000	0.000	0.000	0.000	-15.840	0.969	0.938	
MEPCE	SNRPD1	SNRPD1	1.530|1.543|1.650	4.722	1.574	3	1.190|1.190|1.254	0.013	0.034	0.013	0.034	0.013	-6.643	1.300	0.728	
MEPCE	SNRPD2	SNRPD2	1.674|1.678|1.630	4.982	1.661	3	1.431|1.372|1.420	0.000	0.000	0.000	0.000	0.000	-12.205	1.180	0.857	
MEPCE	SNRPD3	SNRPD3	20.006|19.455|18.982	58.443	19.481	3	17.751|18.028|17.770	0.000	0.000	0.000	0.000	0.000	-15.201	1.091	0.904	
MEPCE	SNRPE	SNRPE	1.277|1.369|1.439	4.085	1.362	3	1.206|1.160|1.292	0.000	0.000	0.000	0.000	0.000	-15.467	1.118	0.873	
MEPCE	SNU13	SNU13	1.766|1.802|1.762	5.331	1.777	3	0.617|0.624|0.617	0.034	0.034	0.034	0.034	0.034	-3.340	2.869	0.425	
MEPCE	SNW1	SNW1	0.484|0.508|0.548	1.539	0.513	3	0.399|0.362|0.377	0.024	0.034	0.024	0.034	0.024	-5.795	1.354	0.666	
MEPCE	SPAG9	SPAG9	1.646|1.173|1.278	4.097	1.366	3	0.941|1.005|1.071	0.012	0.034	0.012	0.034	0.012	-11.762	1.360	0.731	
MEPCE	SPART	SPART	0.643|0.639|0.636	1.918	0.639	3	0.422|0.310|0.448	0.000	0.000	0.000	0.000	0.000	-11.171	1.645	0.858	
MEPCE	SPIN1	SPIN1	9.865|9.669|9.399	28.933	9.644	3	9.131|8.699|8.413	0.000	0.000	0.000	0.000	0.000	-14.956	1.103	0.899	
MEPCE	SPINDOC	SPINDOC	1.305|1.232|1.235	3.772	1.257	3	1.286|1.079|1.101	0.000	0.000	0.000	0.000	0.000	-15.474	1.092	0.916	
MEPCE	SPTAN1	SPTAN1	0.855|0.906|0.886	2.647	0.882	3	0.608|0.657|0.661	0.034	0.034	0.034	0.034	0.034	-3.340	1.376	0.425	
MEPCE	SPTBN1	SPTBN1	0.702|0.754|0.615	2.071	0.690	3	0.437|0.331|0.299	0.217	0.617	0.217	0.617	0.217	-9.729	1.967	0.211	
MEPCE	SPTY2D1	SPTY2D1	0.830|0.746|0.708	2.284	0.761	3	0.661|0.785|0.671	0.000	0.000	0.000	0.000	0.000	-15.836	1.083	0.906	
MEPCE	SREK1	SREK1	0.890|0.972|0.982	2.844	0.948	3	0.634|0.745|0.838	0.000	0.000	0.000	0.000	0.000	-14.420	1.291	0.885	
MEPCE	SREK1IP1	SREK1IP1	2.933|3.719|3.228	9.879	3.293	3	4.608|5.329|5.295	0.000	0.000	0.000	0.000	0.000	-15.840	0.650	0.941	
MEPCE	SRP14	SRP14	1.551|1.440|1.642	4.634	1.545	3	1.132|1.099|1.060	0.034	0.034	0.034	0.034	0.034	-3.340	1.409	0.425	
MEPCE	SRP54	SRP54	1.977|1.732|0.480	4.189	1.396	3	1.594|1.789|1.599	0.000	0.000	0.000	0.000	0.000	-15.840	0.842	0.867	
MEPCE	SRP68	SRP68	0.945|0.902|0.753	2.601	0.867	3	0.773|0.885|0.928	0.000	0.000	0.000	0.000	0.000	-15.840	1.009	0.924	
MEPCE	SRP72	SRP72	0.512|0.474|0.550	1.537	0.512	3	0.460|0.510|0.488	0.000	0.000	0.000	0.000	0.000	-15.840	1.054	0.902	
MEPCE	SRP9	SRP9	1.722|1.853|1.983	5.559	1.853	3	1.124|1.152|1.133	0.034	0.034	0.034	0.034	0.034	-3.340	1.631	0.425	
MEPCE	SRPK1	SRPK1	0.315|0.388|0.340	1.044	0.348	3	0.222|0.247|0.188	0.012	0.034	0.012	0.034	0.012	-10.486	1.598	0.743	
MEPCE	SRPRB	SRPRB	0.612|0.638|0.628	1.878	0.626	3	0.480|0.501|0.476	0.015	0.034	0.015	0.034	0.015	-6.783	1.290	0.719	
MEPCE	SRRM1	SRRM1	0.953|1.535|1.075	3.563	1.188	3	1.302|1.577|1.616	0.000	0.000	0.000	0.000	0.000	-15.840	0.796	0.937	
MEPCE	SRRM2	SRRM2	1.829|1.543|1.675	5.048	1.683	3	0.855|0.834|0.838	0.034	0.034	0.034	0.034	0.034	-3.340	1.997	0.425	
MEPCE	SRSF1	SRSF1	2.337|2.368|2.414	7.119	2.373	3	2.091|2.171|2.170	0.000	0.000	0.000	0.000	0.000	-14.580	1.107	0.899	
MEPCE	SRSF10	SRSF10	0.790|0.882|0.919	2.591	0.864	3	0.633|0.521|0.556	0.023	0.034	0.023	0.034	0.023	-7.538	1.520	0.680	
MEPCE	SRSF11	SRSF11	2.720|2.853|2.705	8.279	2.760	3	2.635|2.515|2.526	0.000	0.000	0.000	0.000	0.000	-15.313	1.079	0.907	
MEPCE	SRSF2	SRSF2	10.388|10.341|10.734	31.463	10.488	3	9.116|9.229|9.583	0.000	0.000	0.000	0.000	0.000	-13.969	1.127	0.887	
MEPCE	SRSF3	SRSF3	7.380|7.196|7.658	22.234	7.411	3	5.975|6.569|6.577	0.000	0.000	0.000	0.000	0.000	-13.312	1.164	0.857	
MEPCE	SRSF4	SRSF4	3.377|3.211|3.414	10.001	3.334	3	2.724|2.790|2.693	0.000	0.001	0.000	0.001	0.000	-11.502	1.219	0.826	
MEPCE	SRSF5	SRSF5	0.875|0.683|0.819	2.377	0.792	3	0.767|0.623|0.674	0.000	0.000	0.000	0.000	0.000	-15.840	1.156	0.880	
MEPCE	SRSF6	SRSF6	0.883|0.780|0.700	2.363	0.788	3	0.706|0.651|0.607	0.007	0.022	0.007	0.022	0.007	-15.214	1.205	0.780	
MEPCE	SRSF7	SRSF7	1.451|1.379|1.524	4.354	1.451	3	0.908|0.879|0.852	0.034	0.034	0.034	0.034	0.034	-3.340	1.651	0.425	
MEPCE	SRSF9	SRSF9	0.765|0.772|0.779	2.315	0.772	3	0.612|0.594|0.563	0.025	0.034	0.025	0.034	0.025	-4.388	1.310	0.657	
MEPCE	SSB	SSB	3.058|3.060|3.004	9.121	3.040	3	0.571|0.767|0.807	1.000	1.000	1.000	1.000	1.000	9.160	4.298	0.000	
MEPCE	SSBP1	SSBP1	0.416|0.448|0.487	1.351	0.450	3	0.717|0.758|0.718	0.000	0.000	0.000	0.000	0.000	-15.840	0.616	0.942	
MEPCE	SSR1	SSR1	0.703|0.644|0.721	2.068	0.689	3	0.581|0.711|0.694	0.000	0.000	0.000	0.000	0.000	-15.840	1.046	0.926	
MEPCE	SSR4	SSR4	0.779|0.639|0.742	2.160	0.720	3	0.984|0.781|0.621	0.000	0.000	0.000	0.000	0.000	-15.840	0.921	0.961	
MEPCE	SSRP1	SSRP1	0.553|0.567|0.619	1.739	0.580	3	0.986|1.096|0.949	0.000	0.000	0.000	0.000	0.000	-15.840	0.575	0.942	
MEPCE	ST13	ST13	0.526|0.645|0.553	1.724	0.575	3	0.820|0.787|0.771	0.000	0.000	0.000	0.000	0.000	-15.840	0.725	0.942	
MEPCE	STAU1	STAU1	0.690|0.705|0.721	2.116	0.705	3	0.124|0.236|0.274	0.964	0.973	0.964	0.973	0.964	3.067	3.525	0.001	
MEPCE	STEEP1	STEEP1	0.477|0.439|0.557	1.473	0.491	3	0.444|0.380|0.471	0.000	0.000	0.000	0.000	0.000	-15.813	1.142	0.882	
MEPCE	STIP1	STIP1	8.716|8.980|9.014	26.710	8.903	3	9.511|8.974|9.379	0.000	0.000	0.000	0.000	0.000	-15.840	0.959	0.942	
MEPCE	STK38	STK38	8.274|8.170|8.467	24.911	8.304	3	10.164|11.029|10.963	0.000	0.000	0.000	0.000	0.000	-15.840	0.775	0.942	
MEPCE	STK38L	STK38L	2.114|2.233|2.173	6.520	2.173	3	2.532|2.418|2.722	0.000	0.000	0.000	0.000	0.000	-15.840	0.851	0.942	
MEPCE	STMN1	STMN1	0.749|0.793|0.888	2.429	0.810	3	0.858|0.821|0.927	0.000	0.000	0.000	0.000	0.000	-15.840	0.933	0.936	
MEPCE	STT3A	STT3A	0.599|0.694|0.572	1.866	0.622	3	0.540|0.457|0.458	0.002	0.007	0.002	0.007	0.002	-13.474	1.287	0.801	
MEPCE	STUB1	STUB1	2.625|2.765|2.783	8.173	2.724	3	2.571|2.579|2.772	0.000	0.000	0.000	0.000	0.000	-15.840	1.032	0.926	
MEPCE	SUB1	SUB1	26.263|25.673|24.506	76.442	25.481	3	24.493|23.883|25.803	0.000	0.000	0.000	0.000	0.000	-15.840	1.031	0.925	
MEPCE	SUMO1	SUMO1	0.513|0.391|0.513	1.416	0.472	3	0.382|0.384|0.421	0.008	0.012	0.008	0.012	0.008	-15.840	1.194	0.778	
MEPCE	SUPT5H	SUPT5H	0.781|0.681|0.597	2.058	0.686	3	1.000|0.888|0.923	0.000	0.000	0.000	0.000	0.000	-15.840	0.733	0.942	
MEPCE	SURF4	SURF4	2.682|2.652|2.623	7.957	2.652	3	2.599|2.513|2.502	0.000	0.000	0.000	0.000	0.000	-15.654	1.045	0.924	
MEPCE	SYNCRIP	SYNCRIP	2.764|2.763|2.662	8.190	2.730	3	0.885|0.888|0.800	0.590	0.801	0.590	0.801	0.590	-1.568	3.187	0.056	
MEPCE	TAB1	TAB1	1.372|0.511|0.564	2.447	0.816	3	0.650|1.101|1.046	0.000	0.000	0.000	0.000	0.000	-15.840	0.898	0.863	
MEPCE	TACC3	TACC3	0.588|0.590|0.643	1.821	0.607	3	0.686|0.639|0.654	0.000	0.000	0.000	0.000	0.000	-15.840	0.921	0.942	
MEPCE	TAF15	TAF15	1.914|1.546|1.815	5.274	1.758	3	1.712|1.650|1.929	0.000	0.000	0.000	0.000	0.000	-15.840	0.999	0.924	
MEPCE	TAF2	TAF2	0.297|0.886|0.445	1.628	0.543	3	0.678|0.598|0.671	0.011	0.034	0.011	0.034	0.011	-15.840	0.837	0.766	
MEPCE	TAF4	TAF4	0.428|0.452|0.522	1.402	0.467	3	0.537|0.399|0.378	0.000	0.000	0.000	0.000	0.000	-15.840	1.080	0.925	
MEPCE	TAGLN2	TAGLN2	1.133|1.194|1.215	3.542	1.181	3	1.481|1.404|1.579	0.000	0.000	0.000	0.000	0.000	-15.840	0.795	0.942	
MEPCE	TANC2	TANC2	2.855|2.912|3.033	8.800	2.933	3	0.264|0.274|0.198	1.000	1.000	1.000	1.000	1.000	10.026	12.066	0.000	
MEPCE	TARDBP	TARDBP	0.431|0.386|0.379	1.196	0.399	3	0.396|0.426|0.337	0.000	0.000	0.000	0.000	0.000	-15.840	1.037	0.926	
MEPCE	TARS1	TARS1	0.410|0.390|0.395	1.195	0.398	3	0.459|0.455|0.394	0.000	0.000	0.000	0.000	0.000	-15.840	0.915	0.961	
MEPCE	TBC1D10B	TBC1D10B	1.799|1.686|1.765	5.250	1.750	3	1.570|1.450|1.546	0.000	0.000	0.000	0.000	0.000	-14.048	1.151	0.868	
MEPCE	TBC1D4	TBC1D4	0.309|0.281|0.308	0.899	0.300	3	0.381|0.343|0.364	0.000	0.000	0.000	0.000	0.000	-15.840	0.826	0.942	
MEPCE	TBCA	TBCA	0.346|0.228|0.287	0.861	0.287	3	0.346|0.362|0.382	0.000	0.000	0.000	0.000	0.000	-15.840	0.790	0.942	
MEPCE	TCEA1	TCEA1	0.897|0.948|0.965	2.809	0.936	3	0.964|1.060|0.952	0.000	0.000	0.000	0.000	0.000	-15.840	0.945	0.942	
MEPCE	TCEANC2	TCEANC2	0.767|0.845|0.784	2.396	0.799	3	0.656|0.495|0.516	0.000	0.000	0.000	0.000	0.000	-12.321	1.449	0.856	
MEPCE	TCOF1	TCOF1	1.580|1.564|1.540	4.683	1.561	3	1.382|1.208|1.249	0.000	0.000	0.000	0.000	0.000	-10.526	1.222	0.841	
MEPCE	TCP1	TCP1	7.176|7.038|7.682	21.896	7.299	3	6.825|7.222|7.044	0.000	0.000	0.000	0.000	0.000	-15.839	1.038	0.918	
MEPCE	TECR	TECR	1.584|1.624|1.635	4.843	1.614	3	1.327|1.393|1.288	0.000	0.000	0.000	0.000	0.000	-10.930	1.209	0.840	
MEPCE	TELO2	TELO2	1.186|1.171|1.196	3.554	1.185	3	1.177|1.093|1.104	0.000	0.000	0.000	0.000	0.000	-15.558	1.054	0.921	
MEPCE	TES	TES	0.286|0.187|0.217	0.690	0.230	3	0.273|0.285|0.314	0.000	0.000	0.000	0.000	0.000	-15.840	0.793	0.959	
MEPCE	TFAM	TFAM	0.885|0.863|0.839	2.587	0.862	3	0.780|0.838|0.783	0.000	0.000	0.000	0.000	0.000	-15.464	1.078	0.909	
MEPCE	TFG	TFG	1.548|1.638|1.717	4.904	1.635	3	1.693|1.654|1.579	0.000	0.000	0.000	0.000	0.000	-15.840	0.996	0.931	
MEPCE	TFIP11	TFIP11	1.029|0.965|1.160	3.154	1.051	3	0.894|1.086|1.059	0.000	0.000	0.000	0.000	0.000	-15.840	1.042	0.918	
MEPCE	THOC2	THOC2	1.371|1.486|1.455	4.312	1.437	3	1.557|1.656|2.117	0.000	0.000	0.000	0.000	0.000	-15.840	0.816	0.961	
MEPCE	THOC3	THOC3	0.667|0.627|0.582	1.875	0.625	3	0.655|0.686|0.687	0.000	0.000	0.000	0.000	0.000	-15.840	0.925	0.942	
MEPCE	THRAP3	THRAP3	3.826|3.938|3.865	11.629	3.876	3	3.818|4.055|3.964	0.000	0.000	0.000	0.000	0.000	-15.840	0.983	0.942	
MEPCE	TIMM13	TIMM13	1.152|1.145|1.260	3.558	1.186	3	1.111|1.214|1.104	0.000	0.000	0.000	0.000	0.000	-15.838	1.039	0.914	
MEPCE	TIMM44	TIMM44	2.881|2.812|2.891	8.584	2.861	3	2.806|2.975|3.198	0.000	0.000	0.000	0.000	0.000	-15.840	0.957	0.942	
MEPCE	TIMM50	TIMM50	0.609|0.646|0.705	1.960	0.653	3	0.663|0.695|0.631	0.000	0.000	0.000	0.000	0.000	-15.840	0.987	0.927	
MEPCE	TM9SF2	TM9SF2	0.652|0.587|0.658	1.898	0.633	3	0.595|0.409|0.536	0.000	0.000	0.000	0.000	0.000	-15.415	1.247	0.911	
MEPCE	TM9SF3	TM9SF3	0.738|0.759|0.797	2.293	0.764	3	0.628|0.596|0.557	0.013	0.034	0.013	0.034	0.013	-7.780	1.289	0.727	
MEPCE	TMA16	TMA16	0.958|0.930|0.903	2.792	0.931	3	0.827|0.753|0.701	0.000	0.000	0.000	0.000	0.000	-12.518	1.227	0.855	
MEPCE	TMA7	TMA7	20.060|21.082|22.847	63.989	21.330	3	18.629|22.913|23.301	0.000	0.000	0.000	0.000	0.000	-15.840	0.992	0.934	
MEPCE	TMCO1	TMCO1	0.569|0.628|0.637	1.834	0.611	3	0.429|0.463|0.471	0.023	0.034	0.023	0.034	0.023	-7.186	1.347	0.678	
MEPCE	TMCO6	TMCO6	1.145|1.213|1.111	3.469	1.156	3	0.110|.|.	1.000	1.000	1.000	1.000	1.000	9.856	10.480	0.000	
MEPCE	TMED10	TMED10	0.477|0.407|0.431	1.315	0.438	3	0.322|0.357|0.330	0.013	0.034	0.013	0.034	0.013	-9.669	1.305	0.722	
MEPCE	TMEM33	TMEM33	1.396|1.372|1.452	4.220	1.407	3	1.010|0.984|1.145	0.011	0.031	0.011	0.031	0.011	-7.307	1.348	0.771	
MEPCE	TMPO	TMPO	0.909|0.936|0.816	2.661	0.887	3	0.775|0.859|0.703	0.000	0.000	0.000	0.000	0.000	-15.658	1.142	0.897	
MEPCE	TNPO1	TNPO1	0.863|0.949|0.959	2.771	0.924	3	1.075|0.937|1.072	0.000	0.000	0.000	0.000	0.000	-15.840	0.900	0.957	
MEPCE	TNPO3	TNPO3	0.303|0.601|0.300	1.204	0.401	3	0.665|0.665|0.341	0.000	0.000	0.000	0.000	0.000	-15.840	0.754	0.878	
MEPCE	TOE1	TOE1	1.239|1.345|1.427	4.011	1.337	3	.|.|.	1.000	1.000	1.000	1.000	1.000	8.230	4.690	0.000	
MEPCE	TOMM34	TOMM34	0.627|0.609|0.638	1.874	0.625	3	0.648|0.641|0.623	0.000	0.000	0.000	0.000	0.000	-15.840	0.980	0.940	
MEPCE	TOP1	TOP1	9.694|9.566|10.135	29.395	9.798	3	6.884|8.659|7.346	0.000	0.000	0.000	0.000	0.000	-12.978	1.290	0.873	
MEPCE	TPM1	TPM1	0.931|1.044|1.111	3.087	1.029	3	0.414|0.457|0.662	0.230	0.553	0.230	0.553	0.230	-5.739	2.058	0.207	
MEPCE	TPM3	TPM3	1.755|1.674|1.695	5.124	1.708	3	1.120|1.142|1.131	0.034	0.034	0.034	0.034	0.034	-3.340	1.510	0.425	
MEPCE	TPM4	TPM4	4.354|4.058|4.078	12.490	4.163	3	2.898|2.590|2.734	0.034	0.034	0.034	0.034	0.034	-3.340	1.521	0.425	
MEPCE	TPR	TPR	0.410|0.398|0.391	1.199	0.400	3	0.344|0.307|0.322	0.001	0.002	0.001	0.002	0.001	-9.905	1.233	0.817	
MEPCE	TRA2B	TRA2B	0.596|0.637|0.592	1.825	0.608	3	0.476|0.463|0.530	0.001	0.004	0.001	0.004	0.001	-10.507	1.244	0.808	
MEPCE	TRAF2	TRAF2	0.364|0.467|0.355	1.187	0.396	3	0.320|0.306|0.303	0.011	0.034	0.011	0.034	0.011	-12.682	1.277	0.754	
MEPCE	TRAF3IP1	TRAF3IP1	0.236|0.234|0.227	0.697	0.232	3	0.133|0.174|0.189	0.000	0.000	0.000	0.000	0.000	-13.517	1.418	0.887	
MEPCE	TRAFD1	TRAFD1	0.373|0.372|0.411	1.157	0.386	3	0.301|0.429|0.391	0.000	0.000	0.000	0.000	0.000	-15.838	1.043	0.932	
MEPCE	TRAP1	TRAP1	0.483|0.514|0.461	1.458	0.486	3	0.483|0.516|0.479	0.000	0.000	0.000	0.000	0.000	-15.840	0.986	0.932	
MEPCE	TRAPPC1	TRAPPC1	0.339|0.450|0.428	1.216	0.405	3	0.424|0.414|0.336	0.000	0.000	0.000	0.000	0.000	-15.840	1.041	0.920	
MEPCE	TRAPPC11	TRAPPC11	0.298|0.261|0.326	0.885	0.295	3	0.277|0.354|0.358	0.000	0.000	0.000	0.000	0.000	-15.840	0.902	0.957	
MEPCE	TRAPPC3	TRAPPC3	1.067|1.248|1.260	3.575	1.192	3	1.026|1.097|1.175	0.000	0.000	0.000	0.000	0.000	-15.840	1.085	0.890	
MEPCE	TRAPPC5	TRAPPC5	2.179|2.056|2.204	6.439	2.146	3	2.440|2.404|2.209	0.000	0.000	0.000	0.000	0.000	-15.840	0.914	0.942	
MEPCE	TRIM21	TRIM21	1.941|2.087|2.117	6.145	2.048	3	2.337|2.418|2.446	0.000	0.000	0.000	0.000	0.000	-15.840	0.853	0.942	
MEPCE	TRIM28	TRIM28	2.179|2.641|2.435	7.255	2.418	3	2.605|2.717|3.240	0.000	0.000	0.000	0.000	0.000	-15.840	0.851	0.962	
MEPCE	TRIP13	TRIP13	0.548|0.607|0.587	1.742	0.581	3	0.649|0.470|0.630	0.000	0.000	0.000	0.000	0.000	-15.840	1.007	0.936	
MEPCE	TRIR	TRIR	1.141|1.215|1.149	3.505	1.168	3	1.289|1.102|1.405	0.000	0.000	0.000	0.000	0.000	-15.840	0.928	0.962	
MEPCE	TRMT10C	TRMT10C	0.693|0.777|0.752	2.222	0.741	3	0.774|0.818|0.763	0.000	0.000	0.000	0.000	0.000	-15.840	0.945	0.942	
MEPCE	TRMT112	TRMT112	0.338|0.293|0.440	1.070	0.357	3	0.177|0.229|0.298	0.003	0.010	0.003	0.010	0.003	-15.183	1.555	0.792	
MEPCE	TSPAN3	TSPAN3	0.560|0.591|0.574	1.725	0.575	3	0.634|0.673|0.777	0.000	0.000	0.000	0.000	0.000	-15.840	0.831	0.957	
MEPCE	TUBA1B	TUBA1B	0.376|.|0.293	0.954	0.318	3	0.209|0.218|0.295	0.000	0.000	0.000	0.000	0.000	-15.141	1.337	0.878	
MEPCE	TUBA1C	TUBA1C	23.026|25.339|26.448	74.813	24.938	3	23.304|25.284|23.600	0.000	0.000	0.000	0.000	0.000	-15.840	1.037	0.914	
MEPCE	TUBA3C	TUBA3C	22.435|22.317|23.122	67.874	22.625	3	18.980|21.017|20.013	0.000	0.000	0.000	0.000	0.000	-13.786	1.132	0.884	
MEPCE	TUBAL3	TUBAL3	14.378|14.658|15.070	44.106	14.702	3	12.918|13.447|13.854	0.000	0.000	0.000	0.000	0.000	-15.004	1.097	0.902	
MEPCE	TUBB	TUBB	19.059|19.336|18.470	56.865	18.955	3	17.700|18.404|18.144	0.000	0.000	0.000	0.000	0.000	-15.763	1.048	0.921	
MEPCE	TUBB2A	TUBB2A	0.484|0.413|0.442	1.339	0.446	3	0.484|0.471|0.498	0.000	0.000	0.000	0.000	0.000	-15.840	0.922	0.942	
MEPCE	TUBB2B	TUBB2B	3.940|2.524|2.595	9.058	3.019	3	2.795|2.464|1.783	0.000	0.000	0.000	0.000	0.000	-15.727	1.309	0.854	
MEPCE	TUBB3	TUBB3	1.799|1.577|1.865	5.241	1.747	3	1.476|1.368|1.568	0.000	0.001	0.000	0.001	0.000	-15.017	1.190	0.820	
MEPCE	TUBB4B	TUBB4B	8.055|8.709|9.781	26.545	8.848	3	7.892|8.545|8.272	0.000	0.000	0.000	0.000	0.000	-15.840	1.075	0.870	
MEPCE	TUBB6	TUBB6	3.749|1.303|1.390	6.443	2.148	3	4.128|3.732|3.926	0.000	0.000	0.000	0.000	0.000	-15.840	0.547	0.942	
MEPCE	TUBG1	TUBG1	0.724|0.566|0.640	1.929	0.643	3	0.649|0.566|0.590	0.000	0.000	0.000	0.000	0.000	-15.840	1.071	0.866	
MEPCE	TUFM	TUFM	1.043|1.141|1.085	3.270	1.090	3	0.831|0.995|0.929	0.000	0.000	0.000	0.000	0.000	-14.297	1.190	0.876	
MEPCE	TXL0	TXL0	0.350|0.408|0.386	1.144	0.381	3	0.448|0.472|0.525	0.000	0.000	0.000	0.000	0.000	-15.840	0.794	0.959	
MEPCE	TXLNG	TXLNG	0.593|0.702|0.707	2.002	0.667	3	0.612|0.650|0.623	0.000	0.000	0.000	0.000	0.000	-15.840	1.063	0.898	
MEPCE	TXN	TXN	5.471|5.486|5.321	16.278	5.426	3	5.983|5.512|5.621	0.000	0.000	0.000	0.000	0.000	-15.840	0.952	0.942	
MEPCE	TXN2	TXN2	1.650|1.638|1.342	4.630	1.543	3	1.475|1.237|1.673	0.000	0.000	0.000	0.000	0.000	-15.840	1.064	0.924	
MEPCE	TXNDC12	TXNDC12	27.699|28.921|30.557	87.177	29.059	3	30.075|28.986|29.085	0.000	0.000	0.000	0.000	0.000	-15.840	0.989	0.932	
MEPCE	TXNDC5	TXNDC5	1.428|1.341|1.318	4.087	1.362	3	1.368|1.248|1.257	0.000	0.000	0.000	0.000	0.000	-15.764	1.056	0.912	
MEPCE	TXNDC9	TXNDC9	0.789|0.838|0.898	2.526	0.842	3	0.642|0.727|0.706	0.005	0.015	0.005	0.015	0.005	-12.844	1.219	0.787	
MEPCE	U2AF1	U2AF1	8.195|8.694|8.626	25.515	8.505	3	7.334|7.727|7.460	0.000	0.000	0.000	0.000	0.000	-14.536	1.133	0.880	
MEPCE	U2AF2	U2AF2	3.451|6.461|3.712	13.623	4.541	3	3.833|6.417|5.984	0.000	0.000	0.000	0.000	0.000	-15.840	0.860	0.930	
MEPCE	U2SURP	U2SURP	2.201|2.106|2.053	6.359	2.120	3	2.210|2.550|2.380	0.000	0.000	0.000	0.000	0.000	-15.840	0.892	0.962	
MEPCE	UBA1	UBA1	0.331|0.298|0.497	1.126	0.375	3	0.478|0.447|0.469	0.000	0.000	0.000	0.000	0.000	-15.840	0.808	0.925	
MEPCE	UBA2	UBA2	0.443|.|0.436	1.164	0.388	3	0.638|0.611|0.483	0.000	0.000	0.000	0.000	0.000	-15.840	0.677	0.963	
MEPCE	UBAP2	UBAP2	0.520|0.565|0.540	1.625	0.542	3	0.456|0.440|0.476	0.000	0.000	0.000	0.000	0.000	-13.010	1.185	0.838	
MEPCE	UBAP2L	UBAP2L	3.144|3.309|3.454	9.907	3.302	3	3.775|3.650|3.683	0.000	0.000	0.000	0.000	0.000	-15.840	0.892	0.942	
MEPCE	UBE2E1	UBE2E1	0.946|1.093|0.901	2.940	0.980	3	1.015|1.073|1.033	0.000	0.000	0.000	0.000	0.000	-15.840	0.942	0.930	
MEPCE	UBE2I	UBE2I	1.470|1.490|1.597	4.556	1.519	3	1.414|1.596|1.634	0.000	0.000	0.000	0.000	0.000	-15.840	0.983	0.935	
MEPCE	UBE2L3	UBE2L3	0.642|0.575|0.684	1.900	0.633	3	0.800|0.668|0.725	0.000	0.000	0.000	0.000	0.000	-15.840	0.869	0.962	
MEPCE	UBE2M	UBE2M	0.370|0.409|0.444	1.224	0.408	3	0.496|0.577|0.570	0.000	0.000	0.000	0.000	0.000	-15.840	0.746	0.961	
MEPCE	UBE2N	UBE2N	0.503|0.595|0.642	1.740	0.580	3	0.572|0.630|0.546	0.000	0.000	0.000	0.000	0.000	-15.840	0.997	0.918	
MEPCE	UBE2O	UBE2O	1.833|1.719|1.846	5.399	1.800	3	1.713|1.721|1.820	0.000	0.000	0.000	0.000	0.000	-15.840	1.028	0.926	
MEPCE	UBE2S	UBE2S	0.330|0.371|0.464	1.165	0.388	3	0.510|0.621|0.489	0.000	0.000	0.000	0.000	0.000	-15.840	0.723	0.961	
MEPCE	UBL4A	UBL4A	1.092|1.075|1.087	3.254	1.085	3	0.779|0.779|0.836	0.034	0.034	0.034	0.034	0.034	-3.340	1.360	0.425	
MEPCE	UBR5	UBR5	0.215|0.229|0.291	0.735	0.245	3	0.513|0.299|0.312	0.000	0.000	0.000	0.000	0.000	-15.840	0.675	0.957	
MEPCE	UCHL1	UCHL1	0.596|0.523|0.638	1.756	0.585	3	0.798|0.719|0.791	0.000	0.000	0.000	0.000	0.000	-15.840	0.762	0.942	
MEPCE	UCKL1	UCKL1	0.312|0.300|0.344	0.956	0.319	3	0.364|0.469|0.339	0.000	0.000	0.000	0.000	0.000	-15.840	0.825	0.960	
MEPCE	UGGT1	UGGT1	0.724|0.759|0.744	2.227	0.742	3	0.700|0.659|0.779	0.000	0.000	0.000	0.000	0.000	-15.804	1.045	0.927	
MEPCE	UGP2	UGP2	0.309|0.362|0.324	0.996	0.332	3	0.471|0.467|0.494	0.000	0.000	0.000	0.000	0.000	-15.840	0.696	0.942	
MEPCE	UPF1	UPF1	0.437|0.382|0.383	1.201	0.400	3	0.313|0.282|0.220	0.000	0.000	0.000	0.000	0.000	-13.008	1.489	0.864	
MEPCE	UPF3B	UPF3B	0.472|0.446|0.432	1.350	0.450	3	0.271|0.303|0.351	0.000	0.001	0.000	0.001	0.000	-10.618	1.468	0.828	
MEPCE	UQCC1	UQCC1	0.307|0.518|0.340	1.165	0.388	3	0.396|0.215|0.210	0.010	0.030	0.010	0.030	0.010	-11.896	1.486	0.772	
MEPCE	UQCC2	UQCC2	0.676|0.774|0.846	2.296	0.765	3	0.599|0.652|0.541	0.002	0.005	0.002	0.005	0.002	-14.465	1.285	0.803	
MEPCE	UQCRC2	UQCRC2	0.552|0.448|0.472	1.472	0.491	3	0.446|0.373|0.441	0.000	0.000	0.000	0.000	0.000	-15.493	1.173	0.859	
MEPCE	USO1	USO1	0.746|0.748|0.828	2.322	0.774	3	0.819|0.854|0.811	0.000	0.000	0.000	0.000	0.000	-15.840	0.935	0.940	
MEPCE	USP11	USP11	0.973|0.852|0.944	2.769	0.923	3	0.514|0.435|0.448	0.034	0.034	0.034	0.034	0.034	-3.340	1.986	0.384	
MEPCE	USP7	USP7	0.573|0.589|0.573	1.735	0.578	3	0.481|0.500|0.562	0.000	0.000	0.000	0.000	0.000	-14.468	1.126	0.901	
MEPCE	USP9X	USP9X	0.993|1.165|1.027	3.185	1.062	3	1.075|1.030|0.927	0.000	0.000	0.000	0.000	0.000	-15.840	1.053	0.901	
MEPCE	UTP14A	UTP14A	0.314|0.421|0.288	1.024	0.341	3	0.200|0.182|0.102	0.289	0.813	0.289	0.813	0.289	-4.495	2.201	0.183	
MEPCE	VAPB	VAPB	0.845|0.947|.	2.076	0.692	3	.|1.020|.	0.000	0.000	0.000	0.000	0.000	-15.840	0.678	0.962	
MEPCE	VARS1	VARS1	1.261|1.407|1.535	4.203	1.401	3	1.309|1.301|1.210	0.000	0.000	0.000	0.000	0.000	-15.840	1.101	0.856	
MEPCE	VBP1	VBP1	0.322|0.397|0.321	1.040	0.347	3	0.441|0.527|0.402	0.000	0.000	0.000	0.000	0.000	-15.840	0.765	0.957	
MEPCE	VCP	VCP	6.325|6.340|6.299	18.965	6.322	3	5.759|5.826|5.792	0.000	0.000	0.000	0.000	0.000	-14.654	1.091	0.907	
MEPCE	VIM	VIM	5.570|5.491|5.468	16.529	5.510	3	4.464|4.397|4.496	0.000	0.001	0.000	0.001	0.000	-8.714	1.238	0.823	
MEPCE	VPS18	VPS18	0.439|0.608|0.674	1.721	0.574	3	0.496|0.533|0.586	0.000	0.000	0.000	0.000	0.000	-15.840	1.068	0.863	
MEPCE	VPS33A	VPS33A	0.670|0.610|0.626	1.906	0.635	3	0.343|0.727|0.358	0.001	0.001	0.001	0.001	0.001	-7.794	1.422	0.814	
MEPCE	VPS35L	VPS35L	0.173|0.264|0.235	0.672	0.224	3	0.292|0.262|0.223	0.000	0.000	0.000	0.000	0.000	-15.840	0.871	0.938	
MEPCE	VPS41	VPS41	0.195|0.177|0.382	0.753	0.251	3	0.140|0.247|0.156	0.066	0.199	0.066	0.199	0.066	-15.839	1.434	0.305	
MEPCE	VPS50	VPS50	0.654|0.672|0.575	1.901	0.634	3	0.578|0.616|0.580	0.000	0.000	0.000	0.000	0.000	-15.840	1.072	0.896	
MEPCE	VPS51	VPS51	0.629|0.538|0.564	1.732	0.577	3	0.498|0.584|0.563	0.000	0.000	0.000	0.000	0.000	-15.840	1.055	0.908	
MEPCE	VPS52	VPS52	0.553|0.632|0.532	1.717	0.572	3	0.598|0.635|0.518	0.000	0.000	0.000	0.000	0.000	-15.840	0.984	0.929	
MEPCE	WARS1	WARS1	1.083|1.020|1.159	3.261	1.087	3	1.436|1.423|1.402	0.000	0.000	0.000	0.000	0.000	-15.840	0.765	0.962	
MEPCE	WASH3P	WASH3P	0.540|0.616|0.673	1.828	0.609	3	0.563|0.496|0.571	0.000	0.000	0.000	0.000	0.000	-15.840	1.124	0.859	
MEPCE	WASHC2A	WASHC2A	0.431|0.301|0.415	1.146	0.382	3	0.333|0.305|0.348	0.011	0.031	0.011	0.031	0.011	-15.840	1.164	0.772	
MEPCE	WASHC4	WASHC4	0.362|0.351|0.320	1.033	0.344	3	0.635|0.775|0.305	0.000	0.000	0.000	0.000	0.000	-14.492	0.648	0.893	
MEPCE	WASHC5	WASHC5	0.411|0.411|0.407	1.229	0.410	3	0.340|0.373|0.422	0.000	0.000	0.000	0.000	0.000	-15.470	1.086	0.922	
MEPCE	WBP11	WBP11	0.658|0.595|0.622	1.876	0.625	3	0.714|0.614|0.701	0.000	0.000	0.000	0.000	0.000	-15.840	0.926	0.957	
MEPCE	WDR26	WDR26	0.456|0.433|0.470	1.360	0.453	3	0.608|0.530|0.492	0.000	0.000	0.000	0.000	0.000	-15.840	0.837	0.959	
MEPCE	WDR33	WDR33	1.096|1.134|1.273	3.503	1.168	3	1.009|1.072|1.157	0.000	0.000	0.000	0.000	0.000	-15.792	1.084	0.878	
MEPCE	WDR70	WDR70	0.385|0.376|0.366	1.128	0.376	3	0.436|0.380|0.316	0.000	0.000	0.000	0.000	0.000	-15.840	1.005	0.938	
MEPCE	WDR77	WDR77	31.197|30.471|31.997	93.664	31.221	3	31.320|30.921|31.765	0.000	0.000	0.000	0.000	0.000	-15.840	0.996	0.936	
MEPCE	WDR83	WDR83	0.946|1.025|0.881	2.851	0.950	3	1.116|1.252|1.282	0.000	0.000	0.000	0.000	0.000	-15.840	0.783	0.959	
MEPCE	XPO1	XPO1	1.211|1.230|1.184	3.625	1.208	3	1.092|1.158|1.130	0.000	0.000	0.000	0.000	0.000	-15.426	1.073	0.913	
MEPCE	XPO5	XPO5	0.523|0.582|0.691	1.795	0.598	3	0.551|0.582|0.609	0.000	0.000	0.000	0.000	0.000	-15.840	1.032	0.868	
MEPCE	XPO7	XPO7	0.894|0.654|0.776	2.324	0.775	3	0.838|0.751|0.808	0.000	0.000	0.000	0.000	0.000	-15.840	0.970	0.908	
MEPCE	XRCC5	XRCC5	2.440|2.418|2.274	7.132	2.377	3	2.062|2.025|2.070	0.000	0.000	0.000	0.000	0.000	-14.054	1.159	0.863	
MEPCE	XRCC6	XRCC6	2.162|2.354|2.113	6.629	2.210	3	1.897|1.839|1.742	0.002	0.007	0.002	0.007	0.002	-12.206	1.211	0.799	
MEPCE	XRN2	XRN2	4.575|4.608|5.191	14.373	4.791	3	4.969|5.116|5.293	0.000	0.000	0.000	0.000	0.000	-15.840	0.935	0.938	
MEPCE	YARS1	YARS1	0.413|0.453|0.402	1.268	0.423	3	0.595|0.665|0.567	0.000	0.000	0.000	0.000	0.000	-15.840	0.696	0.942	
MEPCE	YBEY	YBEY	2.176|2.110|2.198	6.484	2.161	3	0.723|0.914|0.764	0.818	0.910	0.818	0.910	0.818	0.714	2.715	0.010	
MEPCE	YBX1	YBX1	1.443|1.491|1.465	4.399	1.466	3	1.052|0.578|0.670	0.028	0.039	0.028	0.039	0.028	-3.911	1.978	0.644	
MEPCE	YBX3	YBX3	1.519|1.486|1.549	4.554	1.518	3	0.576|0.565|0.619	0.034	0.034	0.034	0.034	0.034	-3.340	2.589	0.637	
MEPCE	YIPF4	YIPF4	0.250|0.287|0.325	0.862	0.287	3	0.270|.|0.286	0.000	0.000	0.000	0.000	0.000	-15.840	1.032	0.917	
MEPCE	YTHDC2	YTHDC2	0.546|0.533|0.581	1.660	0.553	3	0.237|0.127|0.203	0.990	0.997	0.990	0.997	0.990	4.037	3.028	0.000	
MEPCE	YTHDF1	YTHDF1	0.749|0.718|0.709	2.177	0.726	3	.|.|.	0.034	0.034	0.034	0.034	0.034	-3.340	2.545	0.425	
MEPCE	YTHDF2	YTHDF2	1.097|1.015|1.132	3.243	1.081	3	0.305|0.181|0.150	1.000	1.000	1.000	1.000	1.000	10.837	5.339	0.000	
MEPCE	YWHAB	YWHAB	0.593|0.528|0.661	1.782	0.594	3	0.398|0.643|0.361	0.000	0.000	0.000	0.000	0.000	-15.032	1.314	0.860	
MEPCE	YWHAE	YWHAE	3.127|3.097|2.890	9.114	3.038	3	2.494|2.426|2.463	0.001	0.002	0.001	0.002	0.001	-11.482	1.234	0.810	
MEPCE	YWHAG	YWHAG	1.047|1.256|1.125	3.428	1.143	3	1.145|1.128|1.006	0.000	0.000	0.000	0.000	0.000	-15.840	1.047	0.897	
MEPCE	YWHAQ	YWHAQ	0.416|0.359|0.429	1.204	0.401	3	0.353|0.325|0.406	0.000	0.000	0.000	0.000	0.000	-15.840	1.116	0.907	
MEPCE	YWHAZ	YWHAZ	1.108|1.070|1.094	3.271	1.090	3	0.836|0.931|0.798	0.000	0.000	0.000	0.000	0.000	-9.702	1.278	0.826	
MEPCE	YY1	YY1	0.594|0.543|0.574	1.711	0.570	3	0.523|0.496|0.464	0.000	0.000	0.000	0.000	0.000	-14.308	1.155	0.859	
MEPCE	ZC3H13	ZC3H13	0.760|0.593|0.635	1.988	0.663	3	0.456|0.558|0.432	0.000	0.001	0.000	0.001	0.000	-13.976	1.384	0.824	
MEPCE	ZC3H15	ZC3H15	0.600|0.552|0.533	1.686	0.562	3	0.742|0.614|0.649	0.000	0.000	0.000	0.000	0.000	-15.840	0.844	0.961	
MEPCE	ZC3H18	ZC3H18	0.509|0.465|0.670	1.643	0.548	3	0.525|0.710|0.699	0.000	0.000	0.000	0.000	0.000	-15.840	0.857	0.937	
MEPCE	ZC3H4	ZC3H4	0.220|0.215|0.262	0.697	0.232	3	0.304|0.128|0.154	0.001	0.001	0.001	0.001	0.001	-8.608	1.278	0.817	
MEPCE	ZC3HAV1	ZC3HAV1	0.471|0.656|0.604	1.731	0.577	3	0.343|0.350|0.397	0.023	0.034	0.023	0.034	0.023	-7.606	1.592	0.681	
MEPCE	ZCCHC17	ZCCHC17	1.514|1.634|1.502	4.650	1.550	3	1.519|1.388|1.458	0.000	0.000	0.000	0.000	0.000	-15.662	1.066	0.906	
MEPCE	ZGPAT	ZGPAT	0.845|0.765|0.882	2.491	0.830	3	0.435|0.502|0.522	0.034	0.034	0.034	0.034	0.034	-3.340	1.712	0.425	
MEPCE	ZMAT2	ZMAT2	1.664|1.594|1.867	5.125	1.708	3	1.565|1.558|1.586	0.000	0.000	0.000	0.000	0.000	-15.798	1.089	0.869	
MEPCE	ZNF207	ZNF207	1.012|1.018|1.026	3.056	1.019	3	0.842|0.878|0.937	0.000	0.000	0.000	0.000	0.000	-12.823	1.151	0.878	
MEPCE	ZNF326	ZNF326	0.449|0.455|0.511	1.415	0.472	3	0.531|0.649|0.498	0.000	0.000	0.000	0.000	0.000	-15.840	0.849	0.956	
MEPCE	ZNF511	ZNF511	1.618|1.133|0.990	3.742	1.247	3	.|0.057|0.263	1.000	1.000	1.000	1.000	1.000	8.192	10.180	0.000	
MEPCE	ZNF593	ZNF593	1.419|1.433|1.391	4.242	1.414	3	1.239|1.266|1.280	0.000	0.000	0.000	0.000	0.000	-14.224	1.121	0.893	
MEPCE	ZNF638	ZNF638	1.548|1.672|1.651	4.871	1.624	3	1.331|1.455|1.339	0.000	0.000	0.000	0.000	0.000	-13.420	1.182	0.848	
MEPCE	ZNF703	ZNF703	0.372|0.331|0.357	1.060	0.353	3	0.318|0.395|0.347	0.000	0.000	0.000	0.000	0.000	-15.840	1.004	0.933	
MEPCE	ZNF706	ZNF706	3.216|3.456|2.774	9.446	3.149	3	3.219|2.987|3.243	0.000	0.000	0.000	0.000	0.000	-15.840	1.000	0.916	
MEPCE	ZNRD2	ZNRD2	0.661|0.689|0.704	2.054	0.685	3	0.742|0.673|0.641	0.000	0.000	0.000	0.000	0.000	-15.840	1.001	0.935	
MEPCE	ZRANB2	ZRANB2	4.991|5.044|5.610	15.645	5.215	3	4.389|4.359|5.291	0.000	0.000	0.000	0.000	0.000	-15.547	1.119	0.906	
MEPCE	ZW10	ZW10	0.929|0.780|0.816	2.524	0.841	3	0.712|0.851|0.817	0.000	0.000	0.000	0.000	0.000	-15.840	1.064	0.907	
MEPCE	ZYX	ZYX	0.952|0.962|0.964	2.877	0.959	3	1.498|1.360|1.388	0.000	0.000	0.000	0.000	0.000	-15.840	0.678	0.942	
MEPCE	HSPA1L	HSPA1L	.|4.419|.	4.989	1.663	3	.|0.190|0.163	0.333	1.000	0.333	1.000	0.333	-6.291	9.447	0.124	
MEPCE	HSPA6	HSPA6	.|2.180|2.061	4.526	1.509	3	2.297|2.444|2.163	0.000	0.000	0.000	0.000	0.000	-15.840	0.656	0.962	
MEPCE	ITGB1	ITGB1	.|0.261|.	0.831	0.277	3	0.239|0.174|0.265	0.000	0.000	0.000	0.000	0.000	-15.449	1.244	0.963	
MEPCE	0CA2	0CA2	.|0.592|.	1.162	0.387	3	.|.|0.638	0.000	0.000	0.000	0.000	0.000	-15.840	0.607	0.963	
MEPCE	NIPS0P1	NIPS0P1	.|0.456|0.492	1.233	0.411	3	0.639|0.572|0.542	0.000	0.000	0.000	0.000	0.000	-15.840	0.705	0.963	
MEPCE	PPIC	PPIC	.|0.147|0.195	0.627	0.209	3	.|0.238|.	0.000	0.000	0.000	0.000	0.000	-15.840	0.879	0.963	
MEPCE	PURA	PURA	.|0.334|0.399	1.018	0.339	3	.|.|0.224	0.011	0.034	0.011	0.034	0.011	-13.129	1.513	0.745	
MEPCE	RABL3	RABL3	.|0.998|.	1.568	0.523	3	.|0.820|.	0.000	0.000	0.000	0.000	0.000	-15.840	0.637	0.861	
MEPCE	HAS1	HAS1	.|.|8.616	9.186	3.062	3	9.299|8.886|9.282	0.000	0.000	0.000	0.000	0.000	-15.840	0.335	0.963	
MEPCE	HYOU1	HYOU1	.|.|0.085	0.655	0.218	3	0.159|.|0.155	0.000	0.000	0.000	0.000	0.000	-15.840	1.392	0.963	
MEPCE	NBN	NBN	.|.|1.312	1.882	0.627	3	.|1.161|1.206	0.000	0.000	0.000	0.000	0.000	-15.840	0.530	0.917	
MEPCE	THSD1	THSD1	.|.|0.117	0.687	0.229	3	.|.|.	0.000	0.000	0.000	0.000	0.000	-16.636	0.803	0.963	
