Bait	PreyGene	#Rep	AvgP	BFDR
RAB11A	NUDT4B	3	0.3332	0.3044
EGFR	GATD3B	3	0.7370	0.0726
PDHA1	GATD3B	3	0.4420	0.2129
RAB11A	GATD3B	3	0.8603	0.0175
RAB11A	TTC26	3	0.3333	0.2563
EGFR	UBA6	3	0.1849	0.3618
PDHA1	UBA6	3	0.0148	0.4968
RAB11A	UBA6	3	0.5359	0.1811
EGFR	ESYT2	3	0.9911	0.0004
RAB11A	ESYT2	3	0.9693	0.0016
EGFR	UHRF1BP1L	3	0.0929	0.4141
RAB11A	UHRF1BP1L	3	1.0000	0.0000
EGFR	SHTN1	3	0.8211	0.0298
PDHA1	SHTN1	3	0.1631	0.3714
RAB11A	SHTN1	3	0.7998	0.0391
RAB11A	ARHGAP10	3	0.2433	0.3392
EGFR	FAM168B	3	0.1987	0.3564
PDHA1	FAM168B	3	0.3535	0.2474
RAB11A	FAM168B	3	0.2824	0.3252
RAB11A	MEX3A	3	0.3333	0.2563
EGFR	ILVBL	3	0.3090	0.3158
PDHA1	ILVBL	3	0.0004	0.5449
RAB11A	ILVBL	3	0.5531	0.1749
EGFR	C1orf226	3	1.0000	0.0000
RAB11A	C1orf226	3	0.3333	0.2563
EGFR	PLEKHG3	3	0.1718	0.3671
RAB11A	PLEKHG3	3	0.0474	0.4550
EGFR	SH3PXD2B	3	0.6068	0.1586
EGFR	FAM92A	3	0.3333	0.2563
EGFR	NBAS	3	0.9999	0.0000
RAB11A	NBAS	3	0.9998	0.0000
EGFR	CCDC66	3	0.0000	0.5559
RAB11A	CCDC66	3	0.0000	0.5559
EGFR	TMEM131L	3	1.0000	0.0000
RAB11A	TMEM131L	3	1.0000	0.0000
EGFR	VWA8	3	0.0332	0.4701
PDHA1	VWA8	3	1.0000	0.0000
RAB11A	VWA8	3	0.0748	0.4283
EGFR	SBNO1	3	0.0000	0.5559
RAB11A	SBNO1	3	0.0000	0.5559
EGFR	FAM221A	3	0.0001	0.5518
RAB11A	FAM221A	3	0.0524	0.4491
PDHA1	GTPBP10	3	1.0000	0.0000
PDHA1	WDR91	3	0.0000	0.5559
RAB11A	WDR91	3	0.0000	0.5559
RAB11A	EFCAB5	3	0.3333	0.2563
RAB11A	TRAPPC13	3	0.6908	0.0988
EGFR	CNOT1	3	0.0768	0.4263
PDHA1	CNOT1	3	0.0029	0.5270
RAB11A	CNOT1	3	0.0836	0.4209
EGFR	FAM83G	3	0.0153	0.4956
RAB11A	FAM83G	3	0.3781	0.2367
EGFR	PGP	3	0.1161	0.3970
PDHA1	PGP	3	0.5886	0.1633
RAB11A	PGP	3	0.9351	0.0048
PDHA1	C5orf51	3	0.1667	0.3694
RAB11A	C5orf51	3	0.2363	0.3418
EGFR	TUBAL3	3	0.5558	0.1739
PDHA1	TUBAL3	3	0.1504	0.3776
RAB11A	TUBAL3	3	0.7022	0.0919
EGFR	SMCHD1	3	0.0202	0.4865
PDHA1	SMCHD1	3	0.0000	0.5559
RAB11A	SMCHD1	3	0.0695	0.4331
EGFR	CCDC85C	3	0.8876	0.0111
RAB11A	CCDC85C	3	0.0928	0.4142
EGFR	BTBD11	3	0.0030	0.5266
EGFR	ZSWIM8	3	0.1416	0.3818
RAB11A	ZSWIM8	3	0.0703	0.4326
EGFR	ARHGAP32	3	0.9634	0.0023
PDHA1	ARHGAP32	3	0.0056	0.5176
RAB11A	ARHGAP32	3	0.0384	0.4650
EGFR	TBKBP1	3	0.0252	0.4792
RAB11A	TBKBP1	3	0.4529	0.2090
RAB11A	ZBBX	3	0.3333	0.2563
EGFR	FAM171A2	3	1.0000	0.0000
RAB11A	FAM171A2	3	1.0000	0.0000
PDHA1	NUDT19	3	1.0000	0.0000
EGFR	MYO9A	3	0.5614	0.1722
RAB11A	MYO9A	3	0.0379	0.4655
RAB11A	IQCJ-SCHIP1	3	1.0000	0.0000
EGFR	RABGAP1L	3	0.1409	0.3824
RAB11A	RABGAP1L	3	1.0000	0.0000
EGFR	GPR89A	3	0.6667	0.1114
RAB11A	GPR89A	3	1.0000	0.0000
EGFR	SHISA8	3	1.0000	0.0000
RAB11A	SHISA8	3	1.0000	0.0000
RAB11A	PRRT4	3	1.0000	0.0000
EGFR	NACA	3	0.7875	0.0460
PDHA1	NACA	3	0.4855	0.1985
RAB11A	NACA	3	0.7754	0.0513
EGFR	AGPS	3	0.4396	0.2135
PDHA1	AGPS	3	0.2784	0.3265
RAB11A	AGPS	3	0.6988	0.0942
EGFR	KIF2A	3	0.5885	0.1635
PDHA1	KIF2A	3	0.0021	0.5311
RAB11A	KIF2A	3	0.6041	0.1591
EGFR	DDX39A	3	0.8638	0.0162
PDHA1	DDX39A	3	0.5042	0.1915
RAB11A	DDX39A	3	0.8632	0.0164
EGFR	PDLIM1	3	0.6684	0.1108
PDHA1	PDLIM1	3	0.1740	0.3658
RAB11A	PDLIM1	3	0.7067	0.0896
EGFR	ACOT7	3	0.6503	0.1441
PDHA1	ACOT7	3	0.1646	0.3708
RAB11A	ACOT7	3	0.8553	0.0189
EGFR	MYO1C	3	0.8752	0.0131
PDHA1	MYO1C	3	0.0500	0.4520
RAB11A	MYO1C	3	0.5658	0.1705
EGFR	SNAP23	3	0.9996	0.0000
PDHA1	SNAP23	3	0.1162	0.3969
RAB11A	SNAP23	3	0.9959	0.0001
EGFR	AIP	3	0.9359	0.0047
PDHA1	AIP	3	0.3217	0.3113
RAB11A	AIP	3	0.8261	0.0283
EGFR	GTPBP1	3	0.0348	0.4681
PDHA1	GTPBP1	3	0.0092	0.5085
RAB11A	GTPBP1	3	0.1197	0.3945
RAB11A	KCNK1	3	1.0000	0.0000
EGFR	STXBP3	3	1.0000	0.0000
PDHA1	STXBP3	3	0.0160	0.4941
RAB11A	STXBP3	3	0.7940	0.0424
EGFR	SMAP	3	0.0928	0.4142
PDHA1	SMAP	3	0.0842	0.4205
RAB11A	SMAP	3	0.1684	0.3689
EGFR	RAB27B	3	0.9528	0.0030
RAB11A	RAB27B	3	0.9995	0.0000
EGFR	AP3B1	3	0.3784	0.2366
PDHA1	AP3B1	3	0.2015	0.3549
RAB11A	AP3B1	3	0.6525	0.1434
EGFR	APBB1	3	0.1071	0.4028
PDHA1	APBB1	3	0.0021	0.5311
RAB11A	APBB1	3	0.9998	0.0000
EGFR	NDUFS8	3	0.0301	0.4736
PDHA1	NDUFS8	3	0.8869	0.0113
RAB11A	NDUFS8	3	0.0571	0.4443
EGFR	NFKBIE	3	0.0182	0.4904
RAB11A	NFKBIE	3	0.1507	0.3772
EGFR	PSMD11	3	0.6096	0.1577
PDHA1	PSMD11	3	0.1089	0.4019
RAB11A	PSMD11	3	0.6275	0.1519
EGFR	PSMD12	3	0.7278	0.0776
PDHA1	PSMD12	3	0.1619	0.3720
RAB11A	PSMD12	3	0.5698	0.1694
EGFR	PSMD9	3	0.5934	0.1623
PDHA1	PSMD9	3	0.8612	0.0172
RAB11A	PSMD9	3	0.5303	0.1835
EGFR	ATOX1	3	0.2590	0.3337
PDHA1	ATOX1	3	0.0588	0.4429
PDHA1	CBX4	3	0.0000	0.5559
RAB11A	CBX4	3	0.0015	0.5346
EGFR	PGRMC1	3	0.7489	0.0663
PDHA1	PGRMC1	3	0.3897	0.2325
RAB11A	PGRMC1	3	0.7845	0.0471
EGFR	SUPT5H	3	0.6265	0.1523
PDHA1	SUPT5H	3	0.5210	0.1862
RAB11A	SUPT5H	3	0.7446	0.0680
EGFR	DFFA	3	0.0306	0.4732
PDHA1	DFFA	3	0.0224	0.4828
RAB11A	DFFA	3	0.1918	0.3584
EGFR	CLIC1	3	0.9987	0.0000
PDHA1	CLIC1	3	0.9637	0.0023
RAB11A	CLIC1	3	0.9867	0.0007
EGFR	EIF3F	3	0.2908	0.3222
PDHA1	EIF3F	3	0.0167	0.4926
RAB11A	EIF3F	3	0.3121	0.3147
EGFR	CACNB4	3	0.3333	0.2563
EGFR	WWP2	3	1.0000	0.0000
PDHA1	WWP2	3	0.4215	0.2205
RAB11A	WWP2	3	0.9419	0.0042
EGFR	CDC7	3	0.1088	0.4020
PDHA1	PDHX	3	1.0000	0.0000
PDHA1	DCTN6	3	1.0000	0.0000
RAB11A	DCTN6	3	0.6667	0.1114
EGFR	SLC33A1	3	0.1078	0.4024
RAB11A	SLC33A1	3	0.1004	0.4085
EGFR	IPO5	3	0.7684	0.0556
PDHA1	IPO5	3	0.5441	0.1780
RAB11A	IPO5	3	0.7963	0.0407
EGFR	POLRMT	3	0.0672	0.4347
PDHA1	POLRMT	3	0.7212	0.0812
RAB11A	POLRMT	3	0.5104	0.1892
RAB11A	EEF2K	3	0.0107	0.5049
EGFR	SAP18	3	0.6667	0.1114
EGFR	IGF2BP3	3	0.7704	0.0543
PDHA1	IGF2BP3	3	0.3179	0.3127
RAB11A	IGF2BP3	3	0.7906	0.0444
EGFR	DNM1L	3	0.0425	0.4600
RAB11A	DNM1L	3	0.7124	0.0863
EGFR	RTCA	3	0.2615	0.3325
PDHA1	RTCA	3	0.0431	0.4595
RAB11A	RTCA	3	0.5315	0.1831
EGFR	PIK3C2A	3	0.6606	0.1394
PDHA1	PIK3C2A	3	0.3026	0.3185
RAB11A	PIK3C2A	3	0.6506	0.1440
EGFR	PIK3R2	3	1.0000	0.0000
RAB11A	PIK3R2	3	0.6455	0.1458
EGFR	TRAF5	3	0.1225	0.3921
RAB11A	TRAF5	3	0.0026	0.5282
EGFR	PLOD2	3	0.3333	0.2563
EGFR	EXOC5	3	0.9954	0.0002
RAB11A	EXOC5	3	1.0000	0.0000
PDHA1	NDUFA4	3	0.7550	0.0622
RAB11A	NDUFA4	3	0.2804	0.3260
EGFR	PSMD14	3	0.3821	0.2356
RAB11A	PSMD14	3	0.5842	0.1653
EGFR	KPNA3	3	0.7161	0.0846
PDHA1	KPNA3	3	0.0763	0.4271
RAB11A	KPNA3	3	0.5022	0.1919
RAB11A	KRIT1	3	0.6667	0.1114
EGFR	PES1	3	0.0183	0.4902
PDHA1	PES1	3	0.0002	0.5491
RAB11A	PES1	3	0.0116	0.5029
EGFR	NOP56	3	0.7820	0.0483
PDHA1	NOP56	3	0.4171	0.2222
RAB11A	NOP56	3	0.7248	0.0794
EGFR	DDX3X	3	0.6162	0.1558
PDHA1	DDX3X	3	0.1999	0.3559
RAB11A	DDX3X	3	0.7097	0.0878
RAB11A	PODXL	3	1.0000	0.0000
EGFR	PEX7	3	0.2699	0.3295
PDHA1	PEX7	3	0.2386	0.3409
RAB11A	PEX7	3	0.7080	0.0888
RAB11A	KPNA4	3	0.0008	0.5401
EGFR	E2F3	3	0.0002	0.5491
RAB11A	E2F3	3	0.0000	0.5559
EGFR	PPP6C	3	0.0620	0.4394
PDHA1	PPP6C	3	0.0086	0.5102
RAB11A	PPP6C	3	0.2876	0.3235
EGFR	PIK3C2B	3	0.0060	0.5167
RAB11A	PIK3C2B	3	0.2280	0.3446
RAB11A	UBE2C	3	0.3038	0.3179
EGFR	ACACB	3	0.0115	0.5030
PDHA1	ACACB	3	0.0281	0.4762
RAB11A	ACACB	3	0.1754	0.3653
RAB11A	PDXK	3	0.1018	0.4072
EGFR	SCD	3	1.0000	0.0000
RAB11A	SCD	3	0.6667	0.1114
EGFR	ARID1A	3	0.1032	0.4060
RAB11A	ARID1A	3	0.3642	0.2424
EGFR	SOCS7	3	0.6667	0.1114
EGFR	C2CD2L	3	0.6875	0.1004
RAB11A	C2CD2L	3	0.0949	0.4122
EGFR	NEMP1	3	0.6666	0.1363
RAB11A	NEMP1	3	0.3333	0.2563
RAB11A	CUX2	3	0.3333	0.2563
EGFR	DPYSL4	3	0.0131	0.4997
RAB11A	DPYSL4	3	0.3157	0.3137
PDHA1	NDUFAB1	3	0.6667	0.1114
EGFR	UBFD1	3	0.3160	0.3136
PDHA1	UBFD1	3	0.2177	0.3486
RAB11A	UBFD1	3	0.7103	0.0873
EGFR	CIT	3	0.2563	0.3348
EGFR	COPE	3	0.3333	0.2563
EGFR	CDC42EP2	3	0.6667	0.1114
EGFR	AP3D1	3	0.1613	0.3723
PDHA1	AP3D1	3	0.0047	0.5208
RAB11A	AP3D1	3	0.1438	0.3810
EGFR	ABLIM1	3	0.7949	0.0417
RAB11A	ABLIM1	3	0.0694	0.4333
EGFR	DVL1	3	0.0232	0.4816
RAB11A	DVL1	3	0.0157	0.4947
EGFR	DVL2	3	0.0958	0.4114
PDHA1	DVL2	3	0.0027	0.5278
RAB11A	DVL2	3	0.0775	0.4255
EGFR	CHD1	3	0.0008	0.5401
PDHA1	CHD1	3	0.0017	0.5331
RAB11A	CHD1	3	0.0187	0.4893
EGFR	GOSR2	3	0.4732	0.2021
RAB11A	GOSR2	3	0.6573	0.1407
EGFR	IRS4	3	0.8004	0.0389
PDHA1	IRS4	3	0.3945	0.2307
RAB11A	IRS4	3	0.6922	0.0979
EGFR	TOR1B	3	0.6667	0.1114
EGFR	STX16	3	0.0361	0.4670
RAB11A	STX16	3	0.7834	0.0476
EGFR	TP53I11	3	0.0340	0.4693
RAB11A	TP53I11	3	0.0468	0.4558
PDHA1	KMT2D	3	0.0000	0.5559
RAB11A	APAF1	3	0.0000	0.5559
PDHA1	RIOK3	3	0.0034	0.5252
RAB11A	MAP2K7	3	0.3333	0.2563
EGFR	ACOT8	3	0.3333	0.2563
RAB11A	ACOT8	3	0.6667	0.1114
EGFR	CDIPT	3	0.4700	0.2033
PDHA1	CDIPT	3	0.0306	0.4732
RAB11A	CDIPT	3	0.5545	0.1742
EGFR	PDCD5	3	0.0001	0.5518
RAB11A	PDCD5	3	0.0387	0.4643
EGFR	PRMT5	3	0.7253	0.0790
RAB11A	PRMT5	3	0.2003	0.3557
EGFR	SLC9A3R1	3	0.4989	0.1930
RAB11A	SLC9A3R1	3	1.0000	0.0000
EGFR	CHEK1	3	0.0049	0.5202
RAB11A	CHEK1	3	0.0063	0.5159
EGFR	TNFRSF10B	3	0.9953	0.0002
RAB11A	TNFRSF10B	3	0.9637	0.0023
RAB11A	TCERG1	3	0.0004	0.5449
EGFR	NDC80	3	0.0200	0.4868
RAB11A	NDC80	3	0.1145	0.3979
EGFR	NRP1	3	0.3333	0.2563
EGFR	TNPO2	3	0.3333	0.2563
EGFR	UNC13B	3	1.0000	0.0000
RAB11A	UNC13B	3	1.0000	0.0000
EGFR	POLR3A	3	0.1648	0.3706
RAB11A	POLR3A	3	0.0122	0.5018
EGFR	PSMA7	3	0.3333	0.2563
PDHA1	PSMA7	3	0.3333	0.2563
EGFR	SCAMP3	3	1.0000	0.0000
PDHA1	SCAMP3	3	0.0171	0.4920
RAB11A	SCAMP3	3	1.0000	0.0000
EGFR	BACH1	3	0.0013	0.5358
RAB11A	BACH1	3	0.0290	0.4751
PDHA1	BCKDK	3	1.0000	0.0000
EGFR	MGST3	3	0.0719	0.4312
PDHA1	MGST3	3	0.3437	0.2517
RAB11A	MGST3	3	0.6682	0.1108
EGFR	GIPC1	3	0.6927	0.0977
PDHA1	GIPC1	3	0.0321	0.4714
RAB11A	GIPC1	3	0.6229	0.1534
RAB11A	IKBKB	3	0.0000	0.5559
EGFR	RGS12	3	1.0000	0.0000
RAB11A	RGS12	3	0.4455	0.2114
EGFR	TIMM23	3	0.3329	0.3049
PDHA1	TIMM23	3	0.9463	0.0036
RAB11A	TIMM23	3	0.3276	0.3087
EGFR	HAT1	3	0.3496	0.2492
PDHA1	HAT1	3	0.0660	0.4357
RAB11A	HAT1	3	0.5297	0.1837
EGFR	CASK	3	1.0000	0.0000
PDHA1	CASK	3	0.0103	0.5059
RAB11A	CASK	3	0.7225	0.0806
RAB11A	PLD2	3	0.3177	0.3128
EGFR	MYL12B	3	0.7150	0.0853
PDHA1	MYL12B	3	0.6288	0.1515
RAB11A	MYL12B	3	0.7827	0.0480
EGFR	AURKA	3	0.8332	0.0259
RAB11A	AURKA	3	0.5998	0.1600
RAB11A	RAB29	3	0.6667	0.1114
EGFR	CLGN	3	0.3333	0.2563
EGFR	VPS26C	3	0.1048	0.4050
RAB11A	VPS26C	3	0.1512	0.3770
RAB11A	PPP1R12A	3	0.2280	0.3446
EGFR	SLC27A2	3	0.0116	0.5029
RAB11A	SLC27A2	3	0.2987	0.3201
EGFR	GAK	3	0.0065	0.5152
RAB11A	GAK	3	0.0635	0.4377
EGFR	HNRNPDL	3	0.5109	0.1890
PDHA1	HNRNPDL	3	0.4472	0.2108
RAB11A	HNRNPDL	3	0.5055	0.1906
EGFR	XPO1	3	0.7646	0.0575
PDHA1	XPO1	3	0.4583	0.2066
RAB11A	XPO1	3	0.7895	0.0448
EGFR	BTAF1	3	0.0000	0.5559
RAB11A	BTAF1	3	0.0002	0.5491
EGFR	ARHGEF10	3	0.0884	0.4173
RAB11A	ARHGEF10	3	0.9956	0.0002
EGFR	SPTBN2	3	1.0000	0.0000
PDHA1	SPTBN2	3	0.3333	0.2563
RAB11A	SPTBN2	3	0.0559	0.4457
EGFR	SEC16A	3	0.6852	0.1021
PDHA1	SEC16A	3	0.2413	0.3399
RAB11A	SEC16A	3	0.7079	0.0888
EGFR	PLXNB2	3	1.0000	0.0000
RAB11A	PLXNB2	3	0.9998	0.0000
EGFR	AREL1	3	1.0000	0.0000
RAB11A	AREL1	3	0.3333	0.2563
EGFR	U2SURP	3	0.6942	0.0970
PDHA1	U2SURP	3	0.8052	0.0361
RAB11A	U2SURP	3	0.8300	0.0271
EGFR	SYNJ2	3	0.4299	0.2177
RAB11A	SYNJ2	3	0.0260	0.4782
EGFR	GARRE1	3	0.6667	0.1114
RAB11A	GARRE1	3	0.5976	0.1607
EGFR	PFAS	3	0.0389	0.4639
PDHA1	PFAS	3	0.0043	0.5220
RAB11A	PFAS	3	0.3572	0.2454
RAB11A	DCLK1	3	0.0187	0.4893
EGFR	CEP290	3	0.0000	0.5559
RAB11A	CEP290	3	0.0000	0.5559
EGFR	ANKRD28	3	0.0000	0.5559
RAB11A	ANKRD28	3	0.0000	0.5559
EGFR	ARHGEF11	3	0.5317	0.1828
RAB11A	ARHGEF11	3	0.0177	0.4913
EGFR	ZNF536	3	0.0000	0.5559
RAB11A	ZNF536	3	0.0000	0.5559
EGFR	PRORP	3	0.0637	0.4373
PDHA1	PRORP	3	1.0000	0.0000
RAB11A	PRORP	3	0.0800	0.4234
EGFR	DEGS1	3	0.2290	0.3441
RAB11A	DEGS1	3	0.8919	0.0104
EGFR	SCAMP1	3	1.0000	0.0000
RAB11A	SCAMP1	3	1.0000	0.0000
RAB11A	SCAMP2	3	0.6667	0.1114
EGFR	ARPC1B	3	0.1241	0.3906
RAB11A	ARPC1B	3	0.0818	0.4221
EGFR	ARPC2	3	0.3333	0.2563
EGFR	ARPC3	3	1.0000	0.0000
EGFR	BET1	3	0.5035	0.1917
PDHA1	BET1	3	0.0793	0.4242
RAB11A	BET1	3	0.8617	0.0167
PDHA1	POLR1C	3	0.3333	0.2563
RAB11A	POLR1C	3	0.3333	0.2563
EGFR	PGRMC2	3	0.9914	0.0004
PDHA1	PGRMC2	3	0.0295	0.4745
RAB11A	PGRMC2	3	1.0000	0.0000
EGFR	CETN3	3	0.0043	0.5220
RAB11A	CETN3	3	0.0072	0.5132
EGFR	WDR46	3	0.0227	0.4823
RAB11A	WDR46	3	0.3255	0.3096
EGFR	NKRF	3	0.3172	0.3130
PDHA1	NKRF	3	0.0953	0.4120
RAB11A	NKRF	3	0.5415	0.1788
EGFR	GNPAT	3	0.0026	0.5282
RAB11A	GNPAT	3	0.3742	0.2383
RAB11A	ZNF185	3	0.6667	0.1114
EGFR	RER1	3	0.0177	0.4913
RAB11A	RER1	3	0.0189	0.4890
EGFR	SURF4	3	0.9058	0.0086
PDHA1	SURF4	3	0.5064	0.1900
RAB11A	SURF4	3	0.8880	0.0110
EGFR	MAPK13	3	0.3320	0.3061
EGFR	SPTLC1	3	1.0000	0.0000
RAB11A	SPTLC1	3	1.0000	0.0000
EGFR	OGT	3	0.2427	0.3394
RAB11A	OGT	3	0.4388	0.2138
EGFR	PMM2	3	0.6125	0.1571
PDHA1	PMM2	3	0.4080	0.2255
RAB11A	PMM2	3	0.5278	0.1842
RAB11A	ATP6V0E1	3	0.3333	0.2563
EGFR	PPM1G	3	0.2099	0.3522
PDHA1	PPM1G	3	0.3651	0.2421
RAB11A	PPM1G	3	0.6358	0.1491
EGFR	INPPL1	3	0.3852	0.2344
RAB11A	INPPL1	3	0.0603	0.4413
EGFR	FANCA	3	0.0000	0.5559
RAB11A	FANCA	3	0.0027	0.5278
EGFR	EIF3D	3	0.2804	0.3260
PDHA1	EIF3D	3	0.0721	0.4307
RAB11A	EIF3D	3	0.7030	0.0912
EGFR	EIF3H	3	0.4609	0.2057
PDHA1	EIF3H	3	0.0197	0.4872
RAB11A	EIF3H	3	0.4928	0.1951
EGFR	NVL	3	0.0013	0.5358
PDHA1	NVL	3	0.0000	0.5559
RAB11A	NVL	3	0.0004	0.5449
RAB11A	YY2	3	0.5716	0.1688
EGFR	IPO8	3	0.0693	0.4334
RAB11A	IPO8	3	0.1022	0.4070
EGFR	STX7	3	1.0000	0.0000
RAB11A	STX7	3	1.0000	0.0000
EGFR	ABCC4	3	0.1371	0.3839
RAB11A	ABCC4	3	0.4236	0.2197
EGFR	YKT6	3	1.0000	0.0000
RAB11A	YKT6	3	1.0000	0.0000
EGFR	NUP42	3	0.0110	0.5041
RAB11A	NUP42	3	0.3738	0.2386
EGFR	PDPK1	3	0.5338	0.1818
RAB11A	PDPK1	3	0.0299	0.4739
RAB11A	TAPBP	3	0.3333	0.2563
RAB11A	KDM6A	3	0.0143	0.4979
EGFR	DHX15	3	0.0287	0.4757
PDHA1	DHX15	3	0.0041	0.5226
RAB11A	DHX15	3	0.1869	0.3604
EGFR	RNMT	3	0.7003	0.0931
PDHA1	RNMT	3	0.3597	0.2442
RAB11A	RNMT	3	0.8557	0.0186
EGFR	ZZEF1	3	0.0058	0.5173
RAB11A	ZZEF1	3	0.0000	0.5559
EGFR	TTI1	3	0.3599	0.2440
RAB11A	TTI1	3	0.2304	0.3435
EGFR	PLXNB1	3	1.0000	0.0000
RAB11A	PLXNB1	3	0.6667	0.1114
PDHA1	RRP8	3	0.0580	0.4435
RAB11A	RRP8	3	0.4974	0.1937
EGFR	PJA2	3	0.0001	0.5518
RAB11A	PJA2	3	0.0527	0.4489
EGFR	SIPA1L1	3	0.0823	0.4218
RAB11A	SIPA1L1	3	0.9912	0.0004
EGFR	CYB5B	3	0.0023	0.5297
RAB11A	CYB5B	3	0.1439	0.3809
EGFR	PRPF4	3	0.0154	0.4951
RAB11A	PRPF4	3	0.0231	0.4819
EGFR	PHGDH	3	0.6730	0.1086
PDHA1	PHGDH	3	0.0957	0.4116
RAB11A	PHGDH	3	0.8267	0.0281
EGFR	DYNC1LI2	3	0.1196	0.3947
PDHA1	DYNC1LI2	3	0.0002	0.5491
RAB11A	DYNC1LI2	3	0.2018	0.3546
EGFR	PSMD3	3	0.6285	0.1516
PDHA1	PSMD3	3	0.1762	0.3646
RAB11A	PSMD3	3	0.7003	0.0931
EGFR	PAPSS1	3	0.2372	0.3413
RAB11A	PAPSS1	3	0.0109	0.5044
EGFR	ZW10	3	0.0611	0.4405
PDHA1	ZW10	3	0.0000	0.5559
RAB11A	ZW10	3	0.0059	0.5171
RAB11A	MAP3K13	3	0.6667	0.1114
RAB11A	SART1	3	0.0000	0.5559
RAB11A	GPAA1	3	0.3333	0.2563
EGFR	HSPA12A	3	1.0000	0.0000
RAB11A	HSPA12A	3	0.6667	0.1114
RAB11A	CCP110	3	0.0001	0.5518
RAB11A	ADCY6	3	0.3333	0.2563
EGFR	PPIP5K2	3	0.0328	0.4706
RAB11A	PPIP5K2	3	0.0346	0.4684
EGFR	MAP3K7	3	0.0001	0.5518
RAB11A	MAP3K7	3	0.0736	0.4294
EGFR	EEF1E1	3	1.0000	0.0000
PDHA1	EEF1E1	3	0.9961	0.0001
RAB11A	EEF1E1	3	1.0000	0.0000
EGFR	WDR62	3	0.0039	0.5235
PDHA1	WDR62	3	0.0000	0.5559
RAB11A	WDR62	3	0.0417	0.4609
EGFR	HNRNPR	3	0.6266	0.1522
PDHA1	HNRNPR	3	0.2588	0.3338
RAB11A	HNRNPR	3	0.6196	0.1544
EGFR	PRPF3	3	0.0000	0.5559
RAB11A	PRPF3	3	0.0014	0.5351
EGFR	TXNL1	3	0.4783	0.2008
PDHA1	TXNL1	3	0.0491	0.4533
RAB11A	TXNL1	3	0.6042	0.1591
EGFR	TPD52L2	3	0.7578	0.0609
RAB11A	TPD52L2	3	0.1938	0.3578
EGFR	EMC8	3	0.3062	0.3168
PDHA1	EMC8	3	0.4373	0.2145
RAB11A	EMC8	3	0.6227	0.1535
EGFR	SYNJ1	3	1.0000	0.0000
RAB11A	SYNJ1	3	0.0449	0.4576
EGFR	EIF4G3	3	0.0000	0.5559
RAB11A	EIF4G3	3	0.0005	0.5435
EGFR	PPIH	3	0.9991	0.0000
RAB11A	PPIH	3	0.3333	0.2563
RAB11A	OIP5	3	0.3333	0.2563
EGFR	EPB41L2	3	0.8616	0.0169
PDHA1	EPB41L2	3	0.2114	0.3513
RAB11A	EPB41L2	3	0.6644	0.1382
EGFR	LAMTOR5	3	0.1601	0.3731
PDHA1	LAMTOR5	3	0.0941	0.4127
RAB11A	LAMTOR5	3	0.5453	0.1774
EGFR	B4GAT1	3	0.6667	0.1114
EGFR	FOXO3	3	0.0000	0.5559
RAB11A	FOXO3	3	0.0094	0.5078
EGFR	AKAP10	3	0.0246	0.4799
RAB11A	AKAP10	3	1.0000	0.0000
EGFR	DENR	3	0.1878	0.3601
PDHA1	DENR	3	0.0235	0.4813
RAB11A	DENR	3	0.4915	0.1956
EGFR	XPOT	3	0.7144	0.0854
PDHA1	XPOT	3	0.2925	0.3218
RAB11A	XPOT	3	0.7935	0.0427
EGFR	DNPH1	3	0.2759	0.3274
RAB11A	DNPH1	3	0.4805	0.1998
EGFR	TIMM44	3	0.7757	0.0510
PDHA1	TIMM44	3	0.9078	0.0082
RAB11A	TIMM44	3	0.8251	0.0287
EGFR	ZNF207	3	0.0226	0.4826
PDHA1	ZNF207	3	0.0137	0.4987
PDHA1	NDUFB5	3	0.3333	0.2563
RAB11A	GET3	3	1.0000	0.0000
EGFR	BUB1	3	0.0003	0.5468
RAB11A	BUB1	3	0.0001	0.5518
EGFR	BUB3	3	0.3664	0.2416
PDHA1	BUB3	3	0.0613	0.4403
RAB11A	BUB3	3	0.6557	0.1418
EGFR	ACTN4	3	0.8668	0.0153
PDHA1	ACTN4	3	0.4907	0.1966
RAB11A	ACTN4	3	0.6693	0.1102
PDHA1	GATC	3	0.6667	0.1114
EGFR	HTATSF1	3	0.0309	0.4726
PDHA1	HTATSF1	3	0.0000	0.5559
RAB11A	HTATSF1	3	0.0450	0.4574
EGFR	AP1G1	3	0.6667	0.1114
RAB11A	AP1G1	3	1.0000	0.0000
EGFR	STX6	3	1.0000	0.0000
RAB11A	STX6	3	1.0000	0.0000
EGFR	SGTA	3	0.3333	0.2563
RAB11A	SGTA	3	1.0000	0.0000
EGFR	ENSA	3	0.0976	0.4102
RAB11A	ENSA	3	0.0038	0.5239
EGFR	NARS1	3	1.0000	0.0000
PDHA1	NARS1	3	0.3333	0.2563
RAB11A	NARS1	3	0.6667	0.1114
EGFR	MYO1B	3	0.9983	0.0001
RAB11A	MYO1B	3	0.0999	0.4086
EGFR	LANCL1	3	0.5323	0.1824
PDHA1	LANCL1	3	0.3365	0.2549
RAB11A	LANCL1	3	0.7763	0.0506
EGFR	STRN	3	0.0021	0.5311
RAB11A	STRN	3	0.0644	0.4367
EGFR	AKAP8	3	0.0095	0.5074
PDHA1	AKAP8	3	0.0008	0.5401
RAB11A	AKAP8	3	0.1236	0.3912
PDHA1	GTPBP6	3	1.0000	0.0000
EGFR	SLC37A4	3	1.0000	0.0000
PDHA1	SLC37A4	3	0.3333	0.2563
RAB11A	SLC37A4	3	1.0000	0.0000
PDHA1	IDH3B	3	1.0000	0.0000
EGFR	NRDC	3	0.3023	0.3186
PDHA1	NRDC	3	0.2792	0.3263
RAB11A	NRDC	3	0.5762	0.1675
RAB11A	CALU	3	0.0022	0.5303
EGFR	AHCYL1	3	0.6284	0.1516
RAB11A	AHCYL1	3	0.6449	0.1460
EGFR	ORC5	3	0.3333	0.2563
RAB11A	ORC5	3	0.3333	0.2563
EGFR	ORC4	3	0.0693	0.4334
PDHA1	ORC4	3	0.0159	0.4943
RAB11A	ORC4	3	0.4967	0.1942
EGFR	PEX1	3	0.0441	0.4586
RAB11A	PEX1	3	0.9938	0.0003
EGFR	RAD21	3	0.4801	0.1999
PDHA1	RAD21	3	0.0379	0.4655
RAB11A	RAD21	3	0.3306	0.3069
EGFR	KALRN	3	0.6667	0.1114
RAB11A	KALRN	3	1.0000	0.0000
EGFR	DHX16	3	0.0503	0.4518
RAB11A	DHX16	3	0.0004	0.5449
EGFR	SH3BP5	3	0.0850	0.4200
RAB11A	SH3BP5	3	1.0000	0.0000
EGFR	PCDH7	3	1.0000	0.0000
RAB11A	PCDH7	3	1.0000	0.0000
EGFR	PRPSAP2	3	0.7752	0.0515
PDHA1	PRPSAP2	3	0.3925	0.2318
RAB11A	PRPSAP2	3	0.7053	0.0902
EGFR	SMARCA5	3	0.7130	0.0860
PDHA1	SMARCA5	3	0.2031	0.3545
RAB11A	SMARCA5	3	0.7315	0.0757
EGFR	ADCY3	3	0.3333	0.2563
RAB11A	ADCY3	3	0.3333	0.2563
EGFR	SPAG9	3	0.0026	0.5282
RAB11A	SPAG9	3	0.1013	0.4077
RAB11A	ZNF292	3	0.3333	0.2563
EGFR	KIF5C	3	0.4423	0.2127
RAB11A	KIF5C	3	0.4104	0.2245
PDHA1	URB1	3	0.0000	0.5559
RAB11A	URB1	3	0.0035	0.5247
RAB11A	MGRN1	3	0.6667	0.1114
EGFR	SIPA1L3	3	0.7400	0.0713
RAB11A	SIPA1L3	3	0.2150	0.3502
EGFR	ZFC3H1	3	0.0000	0.5559
EGFR	LCMT2	3	0.1931	0.3579
PDHA1	LCMT2	3	0.0893	0.4163
RAB11A	LCMT2	3	0.4801	0.1999
RAB11A	TRAK2	3	0.0555	0.4461
EGFR	LZTS3	3	0.3333	0.2563
EGFR	AQR	3	0.0001	0.5518
PDHA1	AQR	3	0.0172	0.4919
RAB11A	AQR	3	0.0306	0.4732
EGFR	MAST3	3	0.0000	0.5559
RAB11A	MAST3	3	0.0003	0.5468
EGFR	OPA1	3	0.1303	0.3873
PDHA1	OPA1	3	0.3228	0.3109
RAB11A	OPA1	3	0.9508	0.0033
EGFR	MCM3AP	3	0.0000	0.5559
PDHA1	MCM3AP	3	0.0000	0.5559
RAB11A	MCM3AP	3	0.0000	0.5559
EGFR	KIF1B	3	0.1103	0.4009
PDHA1	KIF1B	3	0.0001	0.5518
RAB11A	KIF1B	3	0.0974	0.4105
EGFR	KDM1A	3	0.0021	0.5311
RAB11A	KDM1A	3	0.0322	0.4712
EGFR	TBC1D4	3	0.2161	0.3495
PDHA1	TBC1D4	3	0.1113	0.4003
RAB11A	TBC1D4	3	0.7414	0.0700
EGFR	PHLPP1	3	0.3318	0.3062
RAB11A	PHLPP1	3	0.3331	0.3046
EGFR	TBC1D12	3	0.1212	0.3933
RAB11A	TBC1D12	3	1.0000	0.0000
RAB11A	EVI5	3	0.9999	0.0000
EGFR	ACSL4	3	0.2455	0.3383
RAB11A	ACSL4	3	0.2964	0.3207
EGFR	SNX3	3	0.8673	0.0151
PDHA1	SNX3	3	0.0538	0.4476
RAB11A	SNX3	3	0.8858	0.0114
RAB11A	STX10	3	1.0000	0.0000
EGFR	OGA	3	0.0397	0.4627
PDHA1	OGA	3	0.0098	0.5069
RAB11A	OGA	3	0.1263	0.3895
EGFR	ADCY9	3	1.0000	0.0000
RAB11A	ADCY9	3	1.0000	0.0000
EGFR	SORBS3	3	0.1446	0.3804
RAB11A	SORBS3	3	0.5146	0.1881
EGFR	SYNCRIP	3	0.5007	0.1925
PDHA1	SYNCRIP	3	0.0770	0.4263
RAB11A	SYNCRIP	3	0.6777	0.1062
EGFR	GMDS	3	0.4593	0.2063
PDHA1	GMDS	3	0.1103	0.4009
RAB11A	GMDS	3	0.5886	0.1633
EGFR	CCNT1	3	0.0021	0.5311
PDHA1	CCNT1	3	0.0364	0.4669
RAB11A	CCNT1	3	0.3998	0.2288
EGFR	BUB1B	3	0.0003	0.5468
RAB11A	BUB1B	3	0.0190	0.4886
EGFR	DIAPH1	3	0.1397	0.3828
RAB11A	DIAPH1	3	0.0079	0.5117
EGFR	EXOC3	3	1.0000	0.0000
RAB11A	EXOC3	3	1.0000	0.0000
EGFR	PDE8A	3	1.0000	0.0000
EGFR	PLIN3	3	0.0768	0.4263
RAB11A	PLIN3	3	0.1261	0.3897
PDHA1	REV3L	3	0.0000	0.5559
EGFR	PRMT3	3	0.4464	0.2112
PDHA1	PRMT3	3	0.0510	0.4508
RAB11A	PRMT3	3	0.8666	0.0153
RAB11A	PEX10	3	0.3333	0.2563
EGFR	KPNA6	3	0.7342	0.0742
RAB11A	KPNA6	3	0.7903	0.0444
EGFR	UGDH	3	0.0012	0.5365
RAB11A	UGDH	3	0.0871	0.4185
EGFR	CTNND1	3	1.0000	0.0000
RAB11A	CTNND1	3	1.0000	0.0000
EGFR	ICMT	3	0.0394	0.4632
RAB11A	ICMT	3	0.1606	0.3728
EGFR	SNX2	3	0.9785	0.0012
RAB11A	SNX2	3	0.4800	0.2001
EGFR	DPM1	3	1.0000	0.0000
PDHA1	DPM1	3	0.3333	0.2563
RAB11A	DPM1	3	0.3333	0.2563
EGFR	USO1	3	0.1885	0.3599
PDHA1	USO1	3	0.0389	0.4639
RAB11A	USO1	3	0.9972	0.0001
EGFR	TOM1	3	0.2480	0.3376
PDHA1	TOM1	3	0.0671	0.4349
RAB11A	TOM1	3	0.3997	0.2289
EGFR	H2BC12	3	0.0904	0.4157
PDHA1	H2BC12	3	0.7158	0.0848
RAB11A	H2BC12	3	0.1215	0.3931
EGFR	PFKFB2	3	0.0068	0.5144
EGFR	CCDC22	3	0.0583	0.4431
RAB11A	CCDC22	3	0.0717	0.4315
EGFR	TIMM17B	3	0.6044	0.1589
PDHA1	TIMM17B	3	0.9999	0.0000
EGFR	PRAF2	3	1.0000	0.0000
PDHA1	PRAF2	3	0.6667	0.1114
RAB11A	PRAF2	3	1.0000	0.0000
EGFR	DKC1	3	0.0000	0.5559
PDHA1	DKC1	3	0.0024	0.5293
RAB11A	DKC1	3	0.0156	0.4949
EGFR	EIF5B	3	0.7634	0.0580
PDHA1	EIF5B	3	0.1758	0.3649
RAB11A	EIF5B	3	0.7611	0.0591
EGFR	TRIM13	3	1.0000	0.0000
RAB11A	TRIM13	3	1.0000	0.0000
EGFR	EDF1	3	0.8515	0.0199
RAB11A	EDF1	3	0.0887	0.4168
RAB11A	KIN	3	0.3287	0.3077
EGFR	DIAPH2	3	0.6667	0.1114
PDHA1	DIAPH2	3	0.3333	0.2563
RAB11A	DIAPH2	3	1.0000	0.0000
EGFR	NBN	3	0.0003	0.5468
PDHA1	NBN	3	0.0000	0.5559
RAB11A	NBN	3	0.0024	0.5293
EGFR	DTNB	3	0.3406	0.2532
EGFR	RNGTT	3	0.0269	0.4771
PDHA1	RNGTT	3	0.0005	0.5435
RAB11A	RNGTT	3	0.2288	0.3442
EGFR	ABCB7	3	0.2006	0.3555
PDHA1	ABCB7	3	0.0153	0.4956
RAB11A	ABCB7	3	0.2542	0.3354
EGFR	SRGAP2	3	0.7940	0.0424
RAB11A	SRGAP2	3	0.0556	0.4460
EGFR	PLXNA2	3	0.6667	0.1114
EGFR	NOS1AP	3	0.9807	0.0011
RAB11A	LRP4	3	1.0000	0.0000
RAB11A	ATP9A	3	1.0000	0.0000
EGFR	ROCK2	3	1.0000	0.0000
PDHA1	ROCK2	3	0.3333	0.2563
RAB11A	ROCK2	3	0.6667	0.1114
EGFR	CLASP2	3	0.6728	0.1086
RAB11A	CLASP2	3	0.1985	0.3565
PDHA1	PTCD1	3	1.0000	0.0000
EGFR	COBL	3	1.0000	0.0000
RAB11A	COBL	3	0.6735	0.1085
EGFR	CPNE3	3	0.8225	0.0296
PDHA1	CPNE3	3	0.0763	0.4271
RAB11A	CPNE3	3	0.7421	0.0694
RAB11A	ATG13	3	0.2501	0.3369
EGFR	PPFIA3	3	0.4233	0.2199
EGFR	HIP1R	3	0.0598	0.4419
RAB11A	HIP1R	3	0.3679	0.2411
EGFR	OBSL1	3	1.0000	0.0000
RAB11A	OBSL1	3	0.6667	0.1114
EGFR	RNF40	3	0.0000	0.5559
RAB11A	RNF40	3	0.0000	0.5559
RAB11A	PHF2	3	0.0195	0.4876
EGFR	CLUH	3	0.7253	0.0790
PDHA1	CLUH	3	0.3933	0.2314
RAB11A	CLUH	3	0.7504	0.0653
RAB11A	RAB11FIP3	3	1.0000	0.0000
EGFR	DNAJC13	3	0.7337	0.0745
RAB11A	DNAJC13	3	0.9263	0.0058
EGFR	PHACTR2	3	0.6667	0.1114
EGFR	ANKRD17	3	0.0000	0.5559
RAB11A	ANKRD17	3	0.0016	0.5339
EGFR	SIN3B	3	0.0000	0.5559
RAB11A	SIN3B	3	0.0003	0.5468
EGFR	LRP5	3	0.6667	0.1114
RAB11A	LRP5	3	1.0000	0.0000
PDHA1	COQ9	3	0.6667	0.1114
EGFR	GGCT	3	0.2898	0.3226
PDHA1	GGCT	3	0.4017	0.2284
RAB11A	GGCT	3	0.8453	0.0222
EGFR	NDUFS7	3	1.0000	0.0000
PDHA1	NDUFS7	3	1.0000	0.0000
RAB11A	NDUFS7	3	0.6667	0.1114
PDHA1	NDUFS2	3	1.0000	0.0000
PDHA1	NIPSNAP2	3	0.6667	0.1114
EGFR	HMMR	3	0.0093	0.5080
RAB11A	HMMR	3	0.2127	0.3509
EGFR	TBCA	3	0.4128	0.2236
PDHA1	TBCA	3	0.2578	0.3341
RAB11A	TBCA	3	0.6612	0.1392
EGFR	ATP6V1G1	3	0.1548	0.3752
PDHA1	ATP6V1G1	3	0.0986	0.4093
RAB11A	ATP6V1G1	3	0.5254	0.1849
EGFR	VPS4B	3	0.1011	0.4079
RAB11A	VPS4B	3	0.1031	0.4062
EGFR	MPDU1	3	0.5441	0.1780
RAB11A	MPDU1	3	0.3769	0.2371
RAB11A	PITX3	3	0.6667	0.1114
EGFR	MACROH2A1	3	0.7923	0.0434
PDHA1	MACROH2A1	3	0.4593	0.2063
RAB11A	MACROH2A1	3	0.7421	0.0694
EGFR	FLNB	3	0.5392	0.1798
PDHA1	FLNB	3	0.1367	0.3840
RAB11A	FLNB	3	0.6482	0.1448
RAB11A	VAMP4	3	0.3333	0.2563
PDHA1	NDUFS6	3	0.6667	0.1114
RAB11A	ULK1	3	0.6667	0.1114
EGFR	TULP3	3	1.0000	0.0000
EGFR	CS	3	0.9072	0.0084
PDHA1	CS	3	0.7925	0.0433
RAB11A	CS	3	0.8989	0.0094
EGFR	SPAG7	3	0.0357	0.4672
PDHA1	SPAG7	3	0.0096	0.5073
RAB11A	SPAG7	3	0.6527	0.1433
EGFR	SEC22B	3	0.9039	0.0089
PDHA1	SEC22B	3	0.5563	0.1737
RAB11A	SEC22B	3	0.9049	0.0088
EGFR	PRPF40A	3	0.8211	0.0298
PDHA1	PRPF40A	3	0.8347	0.0254
RAB11A	PRPF40A	3	0.8563	0.0183
EGFR	TACC1	3	1.0000	0.0000
RAB11A	TACC1	3	1.0000	0.0000
EGFR	CDC45	3	0.6667	0.1114
RAB11A	CDC45	3	0.6667	0.1114
EGFR	LRCH4	3	0.3333	0.2563
RAB11A	LRCH4	3	0.6667	0.1114
RAB11A	MTX2	3	0.3333	0.2563
EGFR	VPS26A	3	0.4601	0.2061
PDHA1	VPS26A	3	0.0717	0.4315
RAB11A	VPS26A	3	0.4659	0.2042
EGFR	PMPCB	3	0.0508	0.4511
PDHA1	PMPCB	3	0.0557	0.4458
RAB11A	PMPCB	3	0.8664	0.0155
EGFR	KATNA1	3	0.3333	0.2563
RAB11A	KATNA1	3	0.3333	0.2563
EGFR	PSIP1	3	0.5215	0.1859
PDHA1	PSIP1	3	0.3271	0.3089
RAB11A	PSIP1	3	0.7108	0.0870
EGFR	GPC4	3	0.3333	0.2563
PDHA1	NDUFS3	3	1.0000	0.0000
EGFR	SRSF10	3	0.1034	0.4059
PDHA1	SRSF10	3	0.0492	0.4532
RAB11A	SRSF10	3	0.2015	0.3549
EGFR	GMNN	3	0.0000	0.5559
RAB11A	GMNN	3	0.0022	0.5303
EGFR	HSBP1	3	0.0574	0.4439
RAB11A	HSBP1	3	0.1049	0.4048
EGFR	ECI2	3	0.9974	0.0001
PDHA1	ECI2	3	0.9945	0.0002
RAB11A	ECI2	3	1.0000	0.0000
EGFR	TADA3	3	0.0128	0.5005
RAB11A	TADA3	3	0.0035	0.5247
RAB11A	EED	3	0.3333	0.2563
EGFR	SF3B1	3	0.7346	0.0739
PDHA1	SF3B1	3	0.4050	0.2270
RAB11A	SF3B1	3	0.7570	0.0613
EGFR	CSDE1	3	0.5602	0.1723
PDHA1	CSDE1	3	0.0143	0.4979
RAB11A	CSDE1	3	0.6988	0.0942
EGFR	PRKRA	3	0.0131	0.4997
RAB11A	PRKRA	3	0.2151	0.3501
PDHA1	MTRF1	3	1.0000	0.0000
EGFR	LRP6	3	0.3333	0.2563
RAB11A	LRP6	3	0.3333	0.2563
RAB11A	MYCBP2	3	0.0000	0.5559
PDHA1	GCAT	3	0.0009	0.5391
EGFR	NPM3	3	0.3333	0.2563
PDHA1	NPM3	3	0.1004	0.4085
RAB11A	NPM3	3	0.5286	0.1840
EGFR	LYPLA1	3	0.3865	0.2341
PDHA1	LYPLA1	3	0.5506	0.1756
RAB11A	LYPLA1	3	0.3283	0.3080
PDHA1	ERAL1	3	1.0000	0.0000
RAB11A	ERAL1	3	1.0000	0.0000
EGFR	SNRNP200	3	0.6743	0.1081
PDHA1	SNRNP200	3	0.3214	0.3114
RAB11A	SNRNP200	3	0.6716	0.1092
PDHA1	TRMU	3	0.3333	0.2563
EGFR	TIPRL	3	0.5846	0.1651
PDHA1	TIPRL	3	0.1830	0.3625
RAB11A	TIPRL	3	0.6554	0.1421
EGFR	OFD1	3	0.0000	0.5559
RAB11A	OFD1	3	0.0020	0.5317
EGFR	UTP20	3	0.1868	0.3607
PDHA1	UTP20	3	0.0034	0.5252
RAB11A	UTP20	3	0.5091	0.1897
EGFR	NUP155	3	0.7931	0.0431
PDHA1	NUP155	3	0.4758	0.2017
RAB11A	NUP155	3	0.8150	0.0321
EGFR	RP2	3	1.0000	0.0000
RAB11A	RP2	3	0.3333	0.2563
RAB11A	WDHD1	3	0.0098	0.5069
EGFR	SLC25A12	3	0.0040	0.5232
EGFR	PALM	3	1.0000	0.0000
RAB11A	PALM	3	1.0000	0.0000
EGFR	ATP6AP2	3	0.8363	0.0249
RAB11A	ATP6AP2	3	1.0000	0.0000
EGFR	RNASEH2A	3	0.1561	0.3748
RAB11A	RNASEH2A	3	0.5323	0.1824
EGFR	CDC123	3	0.5515	0.1753
PDHA1	CDC123	3	0.3246	0.3099
RAB11A	CDC123	3	0.7244	0.0798
RAB11A	CAPN15	3	0.3333	0.2563
EGFR	POP7	3	0.6667	0.1114
RAB11A	POP7	3	0.3333	0.2563
EGFR	EIF3G	3	0.7279	0.0775
PDHA1	EIF3G	3	0.3431	0.2520
RAB11A	EIF3G	3	0.7101	0.0874
PDHA1	EIF3J	3	0.6667	0.1114
RAB11A	EIF3J	3	0.6667	0.1114
RAB11A	CBR3	3	0.3333	0.2563
EGFR	AP1G2	3	0.7769	0.0504
RAB11A	AP1G2	3	0.3740	0.2384
EGFR	ZMPSTE24	3	1.0000	0.0000
RAB11A	ZMPSTE24	3	1.0000	0.0000
PDHA1	GATB	3	0.6667	0.1114
EGFR	RBBP9	3	0.1064	0.4035
RAB11A	RBBP9	3	0.1236	0.3912
EGFR	STAM2	3	0.3333	0.2563
EGFR	ARL6IP5	3	1.0000	0.0000
RAB11A	ARL6IP5	3	1.0000	0.0000
EGFR	PIAS1	3	0.1272	0.3890
PDHA1	PIAS1	3	0.0018	0.5328
RAB11A	PIAS1	3	0.1731	0.3663
EGFR	BCAS2	3	0.0005	0.5435
RAB11A	BCAS2	3	0.0000	0.5559
EGFR	SMNDC1	3	0.0815	0.4224
PDHA1	SMNDC1	3	0.2615	0.3325
RAB11A	SMNDC1	3	0.3712	0.2397
EGFR	ATP5PD	3	0.1053	0.4044
PDHA1	ATP5PD	3	0.2772	0.3270
RAB11A	ATP5PD	3	0.3900	0.2324
EGFR	FLOT1	3	0.9988	0.0000
PDHA1	FLOT1	3	0.0061	0.5165
RAB11A	FLOT1	3	0.9944	0.0002
EGFR	TRIO	3	0.9515	0.0031
RAB11A	TRIO	3	0.0907	0.4154
EGFR	MPDZ	3	1.0000	0.0000
RAB11A	MPDZ	3	0.4306	0.2175
EGFR	CPD	3	1.0000	0.0000
RAB11A	CPD	3	1.0000	0.0000
EGFR	GLRX3	3	0.1899	0.3591
PDHA1	GLRX3	3	0.0513	0.4504
RAB11A	GLRX3	3	0.4762	0.2015
EGFR	RSL1D1	3	0.6988	0.0942
PDHA1	RSL1D1	3	0.3045	0.3176
RAB11A	RSL1D1	3	0.7156	0.0850
PDHA1	CLPX	3	1.0000	0.0000
EGFR	CIAO1	3	0.2822	0.3255
RAB11A	CIAO1	3	0.0208	0.4853
EGFR	DFFB	3	0.0041	0.5226
RAB11A	DFFB	3	0.0181	0.4906
EGFR	SRP72	3	0.9334	0.0049
PDHA1	SRP72	3	0.2967	0.3206
RAB11A	SRP72	3	0.7405	0.0709
EGFR	URI1	3	0.0700	0.4329
PDHA1	URI1	3	0.0251	0.4793
RAB11A	URI1	3	0.0074	0.5126
EGFR	MTA2	3	0.4203	0.2209
PDHA1	MTA2	3	0.1281	0.3886
RAB11A	MTA2	3	0.7131	0.0859
RAB11A	USP1	3	0.0009	0.5391
EGFR	ALDH1A2	3	0.4892	0.1971
PDHA1	ALDH1A2	3	0.1165	0.3968
RAB11A	ALDH1A2	3	0.5549	0.1741
EGFR	STK10	3	1.0000	0.0000
RAB11A	STK10	3	1.0000	0.0000
RAB11A	PRKD3	3	1.0000	0.0000
PDHA1	KBTBD11	3	0.3246	0.3099
RAB11A	KBTBD11	3	0.3747	0.2380
EGFR	LTN1	3	0.1137	0.3983
PDHA1	LTN1	3	0.0004	0.5449
RAB11A	LTN1	3	0.3360	0.2551
EGFR	TOMM70	3	0.6665	0.1368
RAB11A	TOMM70	3	0.9645	0.0021
EGFR	DDHD2	3	0.8268	0.0280
RAB11A	DDHD2	3	0.7327	0.0750
EGFR	MYO1D	3	0.9998	0.0000
RAB11A	MYO1D	3	0.3870	0.2336
EGFR	TOX4	3	0.0000	0.5559
RAB11A	TOX4	3	0.0000	0.5559
EGFR	KIAA0754	3	1.0000	0.0000
RAB11A	KIAA0754	3	0.6667	0.1114
EGFR	FCHSD2	3	0.3333	0.2563
EGFR	UFL1	3	0.1191	0.3951
RAB11A	UFL1	3	0.0204	0.4861
EGFR	TMCC1	3	1.0000	0.0000
RAB11A	TMCC1	3	0.3333	0.2563
EGFR	SASH1	3	0.0253	0.4791
RAB11A	SASH1	3	0.0073	0.5129
EGFR	FARP2	3	1.0000	0.0000
EGFR	UBXN7	3	0.1871	0.3604
PDHA1	UBXN7	3	0.2087	0.3527
RAB11A	UBXN7	3	0.6740	0.1083
EGFR	LRIG2	3	0.3333	0.2563
RAB11A	LRIG2	3	0.3333	0.2563
EGFR	SUN1	3	0.9085	0.0080
RAB11A	SUN1	3	0.9657	0.0020
EGFR	PLPBP	3	0.0761	0.4273
PDHA1	PLPBP	3	0.0478	0.4546
RAB11A	PLPBP	3	0.5326	0.1823
EGFR	ERLIN2	3	0.9439	0.0039
PDHA1	ERLIN2	3	0.1185	0.3956
RAB11A	ERLIN2	3	0.6897	0.0995
EGFR	PRPF6	3	0.5658	0.1705
PDHA1	PRPF6	3	0.2191	0.3478
RAB11A	PRPF6	3	0.5965	0.1613
EGFR	ADGRL1	3	1.0000	0.0000
RAB11A	ADGRL1	3	0.6667	0.1114
RAB11A	PCF11	3	0.0000	0.5559
EGFR	FRYL	3	0.5350	0.1814
RAB11A	FRYL	3	0.3628	0.2430
EGFR	CDK14	3	0.6667	0.1114
EGFR	GLS	3	0.5644	0.1711
PDHA1	GLS	3	0.9355	0.0047
RAB11A	GLS	3	0.6806	0.1045
EGFR	HAUS5	3	0.0939	0.4131
PDHA1	HAUS5	3	0.0013	0.5358
RAB11A	HAUS5	3	0.0954	0.4118
EGFR	RHOBTB3	3	1.0000	0.0000
RAB11A	RHOBTB3	3	1.0000	0.0000
EGFR	SOGA1	3	0.5053	0.1906
RAB11A	SOGA1	3	0.5322	0.1826
EGFR	USP19	3	0.3050	0.3175
PDHA1	USP19	3	0.2664	0.3309
RAB11A	WDR47	3	0.0388	0.4642
EGFR	AP2A2	3	0.9914	0.0004
RAB11A	AP2A2	3	0.0671	0.4349
EGFR	SEC31A	3	0.9328	0.0049
RAB11A	SEC31A	3	0.4443	0.2119
RAB11A	CEP152	3	0.0000	0.5559
EGFR	HEXIM1	3	0.1800	0.3634
PDHA1	HEXIM1	3	0.1092	0.4016
RAB11A	HEXIM1	3	0.4131	0.2235
RAB11A	RPP14	3	0.6667	0.1114
EGFR	YIF1A	3	0.3333	0.2563
PDHA1	YIF1A	3	0.3333	0.2563
EGFR	UBR5	3	0.0890	0.4166
PDHA1	UBR5	3	0.0005	0.5435
RAB11A	UBR5	3	0.0610	0.4407
EGFR	AGFG2	3	0.3333	0.2563
EGFR	SCAF4	3	0.0003	0.5468
RAB11A	SCAF4	3	0.0122	0.5018
EGFR	MFN2	3	0.2402	0.3404
PDHA1	MFN2	3	0.0095	0.5074
RAB11A	MFN2	3	0.5040	0.1916
EGFR	SNUPN	3	0.6456	0.1457
RAB11A	SNUPN	3	0.7000	0.0933
RAB11A	UBE4B	3	0.0419	0.4605
RAB11A	ZFPL1	3	0.3333	0.2563
EGFR	ELP1	3	0.4999	0.1928
PDHA1	ELP1	3	0.0100	0.5065
RAB11A	ELP1	3	0.5649	0.1710
EGFR	UNC5C	3	1.0000	0.0000
RAB11A	UNC5C	3	1.0000	0.0000
EGFR	RTN3	3	0.4615	0.2055
RAB11A	RTN3	3	0.4980	0.1934
EGFR	LETM1	3	0.1294	0.3877
PDHA1	LETM1	3	0.8806	0.0121
RAB11A	LETM1	3	0.8217	0.0296
EGFR	ZRANB2	3	0.0022	0.5303
RAB11A	ZRANB2	3	0.0103	0.5059
EGFR	SNX4	3	0.1176	0.3961
RAB11A	SNX4	3	0.0354	0.4673
EGFR	ZWINT	3	0.4500	0.2098
RAB11A	ZWINT	3	0.2609	0.3329
EGFR	LUC7L3	3	0.3770	0.2370
PDHA1	LUC7L3	3	0.0669	0.4352
RAB11A	LUC7L3	3	0.5968	0.1612
EGFR	KIF20A	3	0.0331	0.4704
PDHA1	KIF20A	3	0.0311	0.4725
RAB11A	KIF20A	3	0.0121	0.5020
EGFR	KIF4A	3	0.0105	0.5053
PDHA1	KIF4A	3	0.0000	0.5559
RAB11A	KIF4A	3	0.0054	0.5184
EGFR	SBF1	3	0.9759	0.0013
RAB11A	SBF1	3	0.2084	0.3529
EGFR	GOSR1	3	0.5240	0.1855
RAB11A	GOSR1	3	0.9885	0.0006
EGFR	KAT7	3	0.7475	0.0671
PDHA1	KAT7	3	0.2205	0.3473
RAB11A	KAT7	3	0.7190	0.0831
EGFR	ATE1	3	0.0002	0.5491
RAB11A	ATE1	3	0.0897	0.4160
EGFR	VAPB	3	0.9449	0.0038
PDHA1	VAPB	3	0.0994	0.4088
RAB11A	VAPB	3	0.7283	0.0772
EGFR	SNAPIN	3	0.3333	0.2563
RAB11A	SNAPIN	3	0.6667	0.1114
EGFR	MPZL1	3	0.3333	0.2563
RAB11A	MPZL1	3	0.3333	0.2563
EGFR	NDUFA10	3	0.4364	0.2152
PDHA1	NDUFA10	3	0.9582	0.0026
RAB11A	NDUFA10	3	0.6999	0.0935
EGFR	PGLS	3	0.0166	0.4928
PDHA1	PGLS	3	0.1990	0.3561
RAB11A	PGLS	3	0.7960	0.0413
EGFR	ABCB11	3	0.1735	0.3662
RAB11A	ABCB11	3	0.9982	0.0001
EGFR	SMC2	3	0.7402	0.0711
PDHA1	SMC2	3	0.1591	0.3738
RAB11A	SMC2	3	0.7087	0.0882
EGFR	ATG7	3	0.4537	0.2089
PDHA1	ATG7	3	0.1023	0.4069
RAB11A	ATG7	3	0.6181	0.1551
EGFR	TACC2	3	0.0008	0.5401
RAB11A	TACC2	3	0.1912	0.3586
RAB11A	FARS2	3	0.6667	0.1114
EGFR	LYPLA2	3	0.5137	0.1887
PDHA1	LYPLA2	3	0.1521	0.3764
RAB11A	LYPLA2	3	0.6357	0.1491
EGFR	IPO7	3	0.6930	0.0975
PDHA1	IPO7	3	0.2166	0.3492
RAB11A	IPO7	3	0.7446	0.0680
EGFR	ARIH2	3	0.3333	0.2563
RAB11A	ARIH2	3	1.0000	0.0000
EGFR	SLU7	3	0.0000	0.5559
EGFR	PGM3	3	0.5538	0.1746
RAB11A	PGM3	3	0.8132	0.0327
EGFR	MOCS3	3	0.6667	0.1114
EGFR	PLEKHA8P1	3	0.3333	0.2563
PDHA1	CD2BP2	3	0.0000	0.5559
RAB11A	CD2BP2	3	0.0003	0.5468
EGFR	ZFYVE9	3	0.9965	0.0001
RAB11A	ZFYVE9	3	0.9984	0.0000
EGFR	SVIL	3	0.0954	0.4118
PDHA1	SVIL	3	0.0001	0.5518
RAB11A	SVIL	3	0.0729	0.4301
EGFR	BAG4	3	0.4273	0.2189
PDHA1	BAG4	3	0.2353	0.3420
RAB11A	BAG4	3	0.8501	0.0206
EGFR	AHSA1	3	0.6754	0.1075
PDHA1	AHSA1	3	0.2232	0.3463
RAB11A	AHSA1	3	0.7497	0.0658
EGFR	PARN	3	0.0392	0.4635
PDHA1	PARN	3	0.0004	0.5449
RAB11A	PARN	3	0.1963	0.3573
EGFR	PSMG1	3	0.7843	0.0474
PDHA1	PSMG1	3	0.1380	0.3833
RAB11A	PSMG1	3	0.7412	0.0702
EGFR	SGPL1	3	0.3333	0.2563
EGFR	NSA2	3	0.5474	0.1765
PDHA1	NSA2	3	0.3171	0.3130
RAB11A	NSA2	3	0.8723	0.0135
EGFR	SEC24A	3	0.7285	0.0770
PDHA1	SEC24A	3	0.0496	0.4525
RAB11A	SEC24A	3	0.8083	0.0348
EGFR	SEC24B	3	0.4223	0.2201
PDHA1	SEC24B	3	0.0184	0.4900
RAB11A	SEC24B	3	0.4957	0.1943
EGFR	ADGRL2	3	1.0000	0.0000
RAB11A	ADGRL2	3	1.0000	0.0000
EGFR	TDP2	3	0.1446	0.3804
RAB11A	TDP2	3	0.4554	0.2080
RAB11A	SFT2D2	3	0.3333	0.2563
EGFR	MPC2	3	0.4199	0.2212
PDHA1	MPC2	3	0.0025	0.5289
RAB11A	MPC2	3	0.5477	0.1764
EGFR	ACSL3	3	0.7255	0.0788
PDHA1	ACSL3	3	0.3756	0.2378
RAB11A	ACSL3	3	0.6960	0.0959
EGFR	POLR1A	3	0.0000	0.5559
PDHA1	POLR1A	3	0.0000	0.5559
RAB11A	POLR1A	3	0.0000	0.5559
EGFR	PCNT	3	0.0013	0.5358
RAB11A	PCNT	3	0.0532	0.4484
EGFR	YEATS4	3	0.3115	0.3149
RAB11A	YEATS4	3	0.3064	0.3167
EGFR	STAMBP	3	0.5800	0.1663
PDHA1	STAMBP	3	0.0010	0.5381
RAB11A	STAMBP	3	0.6543	0.1427
EGFR	CPSF4	3	0.0000	0.5559
RAB11A	CPSF4	3	0.0004	0.5449
EGFR	CDS2	3	0.8884	0.0110
PDHA1	CDS2	3	0.0505	0.4515
RAB11A	CDS2	3	0.9957	0.0002
EGFR	EYA4	3	0.1747	0.3654
PDHA1	EYA4	3	0.0106	0.5052
RAB11A	EYA4	3	0.2033	0.3543
RAB11A	CEP43	3	0.0017	0.5331
RAB11A	POP4	3	0.0074	0.5126
EGFR	HERC2	3	0.0679	0.4343
PDHA1	HERC2	3	0.0004	0.5449
RAB11A	HERC2	3	0.2430	0.3393
EGFR	SNAP29	3	1.0000	0.0000
RAB11A	SNAP29	3	1.0000	0.0000
EGFR	OXSR1	3	0.2238	0.3462
RAB11A	OXSR1	3	0.3028	0.3184
EGFR	RAB36	3	1.0000	0.0000
RAB11A	RAB36	3	1.0000	0.0000
EGFR	HSPA4L	3	0.8228	0.0293
PDHA1	HSPA4L	3	0.0634	0.4380
RAB11A	HSPA4L	3	0.9010	0.0093
RAB11A	PTBP3	3	0.0412	0.4614
EGFR	AP2A1	3	0.9999	0.0000
PDHA1	AP2A1	3	0.0683	0.4340
RAB11A	AP2A1	3	0.8870	0.0112
PDHA1	WIZ	3	0.0065	0.5152
RAB11A	WIZ	3	0.0973	0.4105
EGFR	STAU1	3	0.5185	0.1866
PDHA1	STAU1	3	0.0936	0.4135
RAB11A	STAU1	3	0.6483	0.1447
EGFR	TTC4	3	0.4453	0.2115
PDHA1	TTC4	3	0.1725	0.3667
RAB11A	TTC4	3	0.6188	0.1548
EGFR	BAG2	3	0.7274	0.0778
RAB11A	BAG2	3	0.4189	0.2216
EGFR	BAG3	3	0.1889	0.3596
EGFR	MAP4K4	3	0.9880	0.0007
RAB11A	MAP4K4	3	0.5485	0.1762
EGFR	AIFM1	3	0.3333	0.2563
PDHA1	AIFM1	3	1.0000	0.0000
RAB11A	AIFM1	3	1.0000	0.0000
EGFR	LATS1	3	1.0000	0.0000
RAB11A	LATS1	3	0.7285	0.0770
EGFR	BPNT1	3	0.2872	0.3239
PDHA1	BPNT1	3	0.7191	0.0829
RAB11A	BPNT1	3	0.7317	0.0756
EGFR	FADS2	3	0.3333	0.2563
RAB11A	FADS2	3	0.3333	0.2563
RAB11A	GPANK1	3	0.0000	0.5559
EGFR	TXNDC12	3	0.8544	0.0193
PDHA1	TXNDC12	3	0.0615	0.4399
RAB11A	TXNDC12	3	0.9851	0.0008
EGFR	ECD	3	0.0039	0.5235
RAB11A	ECD	3	0.1637	0.3712
EGFR	SYF2	3	0.0000	0.5559
PDHA1	SYF2	3	0.0000	0.5559
RAB11A	SYF2	3	0.0000	0.5559
EGFR	MBD3	3	0.0000	0.5559
PDHA1	MBD3	3	0.0114	0.5035
RAB11A	MBD3	3	0.0012	0.5365
EGFR	PTTG1	3	0.0017	0.5331
RAB11A	PTTG1	3	0.3494	0.2492
EGFR	ZBED1	3	0.0000	0.5559
EGFR	MOCS2	3	0.0603	0.4413
PDHA1	MOCS2	3	0.0471	0.4554
RAB11A	MOCS2	3	0.6397	0.1478
EGFR	TOMM40	3	0.5650	0.1709
PDHA1	TOMM40	3	0.3570	0.2456
RAB11A	TOMM40	3	0.4920	0.1955
EGFR	PAK4	3	0.9974	0.0001
PDHA1	PAK4	3	0.1021	0.4071
RAB11A	PAK4	3	0.8785	0.0122
EGFR	CHEK2	3	0.2579	0.3340
PDHA1	CHEK2	3	0.0540	0.4474
RAB11A	CHEK2	3	0.7499	0.0656
EGFR	ACTL6A	3	0.0027	0.5278
RAB11A	ACTL6A	3	0.0105	0.5053
PDHA1	NSD2	3	0.1241	0.3906
RAB11A	NSD2	3	0.0089	0.5094
EGFR	LDHA	3	0.8231	0.0292
PDHA1	LDHA	3	0.6328	0.1503
RAB11A	LDHA	3	0.7753	0.0514
EGFR	GLUD1	3	0.8637	0.0162
PDHA1	GLUD1	3	0.9898	0.0005
RAB11A	GLUD1	3	0.8150	0.0321
EGFR	DHFR	3	0.3218	0.3112
PDHA1	DHFR	3	0.2816	0.3257
RAB11A	DHFR	3	0.7657	0.0569
EGFR	CYB5R3	3	0.9999	0.0000
RAB11A	CYB5R3	3	1.0000	0.0000
EGFR	GSR	3	0.1694	0.3683
PDHA1	GSR	3	0.0554	0.4462
RAB11A	GSR	3	0.7210	0.0813
PDHA1	MT-CO2	3	1.0000	0.0000
RAB11A	MT-CO2	3	0.3333	0.2563
EGFR	SOD1	3	0.7684	0.0556
PDHA1	SOD1	3	0.0891	0.4165
RAB11A	SOD1	3	0.2990	0.3199
EGFR	PNP	3	0.5399	0.1796
PDHA1	PNP	3	0.3662	0.2417
RAB11A	PNP	3	0.8147	0.0323
EGFR	HPRT1	3	0.1061	0.4040
PDHA1	HPRT1	3	0.1666	0.3695
RAB11A	HPRT1	3	0.3299	0.3070
PDHA1	GOT2	3	0.8443	0.0225
EGFR	ABL1	3	0.3333	0.2563
EGFR	EGFR	3	1.0000	0.0000
PDHA1	EGFR	3	0.3333	0.2563
RAB11A	EGFR	3	1.0000	0.0000
EGFR	PGK1	3	0.8650	0.0158
PDHA1	PGK1	3	0.6529	0.1431
RAB11A	PGK1	3	0.8407	0.0236
EGFR	AK1	3	0.5413	0.1789
PDHA1	AK1	3	0.0088	0.5097
RAB11A	AK1	3	0.3588	0.2446
EGFR		3	0.1284	0.3885
PDHA1		3	0.4873	0.1979
RAB11A		3	0.2011	0.3552
EGFR	ADA	3	0.0261	0.4780
PDHA1	ADA	3	0.0196	0.4873
RAB11A	ADA	3	0.3349	0.2556
EGFR	ASS1	3	0.0080	0.5112
RAB11A	ASS1	3	0.3791	0.2362
RAB11A	NRAS	3	0.3333	0.2563
EGFR	HLA-B	3	0.3707	0.2398
PDHA1	HLA-B	3	0.3164	0.3134
RAB11A	HLA-B	3	0.3539	0.2471
EGFR	KRT14	3	0.1522	0.3762
PDHA1	KRT14	3	0.5216	0.1858
RAB11A	KRT14	3	0.2610	0.3328
EGFR	KRT6A	3	0.0574	0.4439
PDHA1	KRT6A	3	0.5702	0.1692
RAB11A	KRT6A	3	0.3991	0.2290
EGFR	LMNA	3	0.5282	0.1841
PDHA1	LMNA	3	0.0014	0.5351
RAB11A	LMNA	3	0.4356	0.2155
EGFR	CSN1S1	3	0.3616	0.2434
PDHA1	CSN1S1	3	0.0387	0.4643
RAB11A	CSN1S1	3	0.3563	0.2461
RAB11A	CSN2	3	0.3333	0.2563
EGFR	FGB	3	0.3333	0.2563
PDHA1	FGB	3	0.6667	0.1114
EGFR	FN1	3	0.2818	0.3256
PDHA1	FN1	3	0.3932	0.2315
EGFR	ALB	3	1.0000	0.0000
PDHA1	ALB	3	1.0000	0.0000
EGFR	TFRC	3	1.0000	0.0000
RAB11A	TFRC	3	1.0000	0.0000
EGFR	MT-ATP8	3	0.0480	0.4544
RAB11A	MT-ATP8	3	0.1717	0.3672
EGFR	VTN	3	1.0000	0.0000
EGFR	CAT	3	0.1590	0.3740
PDHA1	CAT	3	0.5448	0.1776
RAB11A	CAT	3	0.5797	0.1664
EGFR	RAF1	3	0.2886	0.3230
PDHA1	RAF1	3	0.0055	0.5180
RAB11A	RAF1	3	0.5789	0.1667
EGFR	ALDOA	3	0.8047	0.0365
PDHA1	ALDOA	3	0.7526	0.0637
RAB11A	ALDOA	3	0.8625	0.0165
EGFR	CSTB	3	0.3876	0.2333
PDHA1	CSTB	3	0.2476	0.3378
RAB11A	CSTB	3	0.6004	0.1598
EGFR	ANXA1	3	0.1247	0.3904
PDHA1	ANXA1	3	0.0002	0.5491
RAB11A	ANXA1	3	0.1456	0.3797
EGFR	NR3C1	3	0.0354	0.4673
PDHA1	NR3C1	3	0.0000	0.5559
RAB11A	NR3C1	3	0.0802	0.4233
EGFR	OAT	3	0.7299	0.0766
PDHA1	OAT	3	0.8975	0.0098
RAB11A	OAT	3	0.8237	0.0289
EGFR	TK1	3	0.0862	0.4193
RAB11A	TK1	3	0.1686	0.3688
PDHA1	KRT6B	3	0.3725	0.2391
EGFR	KRT1	3	0.2016	0.3548
PDHA1	KRT1	3	0.5832	0.1657
RAB11A	KRT1	3	0.1921	0.3582
EGFR	TUBB4A	3	0.3934	0.2314
PDHA1	TUBB4A	3	0.1123	0.3996
RAB11A	TUBB4A	3	0.7547	0.0627
EGFR	GAPDH	3	0.3196	0.3121
PDHA1	GAPDH	3	0.1011	0.4079
RAB11A	GAPDH	3	0.0703	0.4326
EGFR	HLA-A	3	0.8175	0.0313
PDHA1	HLA-A	3	0.2655	0.3314
RAB11A	HLA-A	3	0.9592	0.0025
EGFR	ERBB2	3	1.0000	0.0000
RAB11A	ERBB2	3	0.3333	0.2563
EGFR	CAPNS1	3	0.7768	0.0505
PDHA1	CAPNS1	3	0.0504	0.4516
RAB11A	CAPNS1	3	0.9647	0.0021
EGFR	TP53	3	0.0000	0.5559
PDHA1	TP53	3	0.0000	0.5559
RAB11A	TP53	3	0.0004	0.5449
EGFR	TYMS	3	0.4936	0.1949
PDHA1	TYMS	3	0.1042	0.4054
RAB11A	TYMS	3	0.6339	0.1501
EGFR	RPN1	3	0.5833	0.1656
PDHA1	RPN1	3	0.0931	0.4140
RAB11A	RPN1	3	0.5750	0.1680
EGFR	RPN2	3	0.3313	0.3066
RAB11A	RPN2	3	0.1182	0.3957
EGFR	GNAI2	3	0.0548	0.4468
PDHA1	GNAI2	3	0.0013	0.5358
RAB11A	GNAI2	3	0.1451	0.3800
EGFR	SLC4A2	3	1.0000	0.0000
RAB11A	SLC4A2	3	0.6667	0.1114
EGFR	ATP1A1	3	0.8133	0.0326
PDHA1	ATP1A1	3	0.1253	0.3902
RAB11A	ATP1A1	3	0.7523	0.0639
EGFR	APP	3	1.0000	0.0000
RAB11A	APP	3	1.0000	0.0000
PDHA1	ARG1	3	0.4138	0.2233
EGFR	ALDH2	3	0.1628	0.3716
PDHA1	ALDH2	3	0.9773	0.0012
RAB11A	ALDH2	3	0.7178	0.0836
PDHA1	S100A8	3	0.3333	0.2563
EGFR	SLC25A5	3	0.4344	0.2160
PDHA1	SLC25A5	3	0.3745	0.2380
RAB11A	SLC25A5	3	0.7633	0.0581
EGFR	PCCA	3	0.0048	0.5207
PDHA1	PCCA	3	0.0103	0.5059
RAB11A	PCCA	3	0.1198	0.3942
EGFR	PCCB	3	0.0130	0.4999
PDHA1	PCCB	3	0.4787	0.2006
RAB11A	PCCB	3	0.1909	0.3587
EGFR	EIF2S1	3	0.7338	0.0744
PDHA1	EIF2S1	3	0.3719	0.2392
RAB11A	EIF2S1	3	0.7522	0.0641
EGFR	RPLP1	3	0.5258	0.1847
PDHA1	RPLP1	3	0.4376	0.2145
RAB11A	RPLP1	3	0.6993	0.0939
EGFR	RPLP2	3	0.0026	0.5282
RAB11A	RPLP2	3	0.0109	0.5044
EGFR	RPLP0	3	0.5987	0.1602
PDHA1	RPLP0	3	0.4709	0.2029
RAB11A	RPLP0	3	0.6944	0.0969
EGFR	JUN	3	0.1246	0.3905
RAB11A	JUN	3	0.3783	0.2366
EGFR	POLR3D	3	0.3648	0.2421
RAB11A	POLR3D	3	0.2651	0.3315
EGFR	SSB	3	0.0001	0.5518
RAB11A	SSB	3	0.0003	0.5468
EGFR	ITGB1	3	1.0000	0.0000
RAB11A	ITGB1	3	1.0000	0.0000
RAB11A	KRT18	3	0.0396	0.4630
EGFR	KRT8	3	0.7589	0.0605
PDHA1	KRT8	3	0.0595	0.4420
RAB11A	KRT8	3	0.7512	0.0647
EGFR	INSR	3	0.9999	0.0000
RAB11A	INSR	3	0.9832	0.0009
EGFR	FYN	3	0.6667	0.1114
EGFR	RB1	3	0.3801	0.2359
PDHA1	RB1	3	0.0109	0.5044
RAB11A	RB1	3	0.0641	0.4368
PDHA1	PTMA	3	0.2508	0.3364
EGFR	CDK1	3	0.5168	0.1876
PDHA1	CDK1	3	0.0639	0.4370
RAB11A	CDK1	3	0.5319	0.1828
PDHA1	ATP5F1B	3	1.0000	0.0000
RAB11A	ATP5F1B	3	0.6563	0.1416
EGFR	S100A9	3	0.3333	0.2563
PDHA1	S100A9	3	0.6667	0.1114
EGFR	birA	3	0.0951	0.4122
PDHA1	birA	3	0.3866	0.2340
RAB11A	birA	3	0.3968	0.2300
EGFR	EIF4E	3	0.5857	0.1647
PDHA1	EIF4E	3	0.5689	0.1699
RAB11A	EIF4E	3	0.6653	0.1377
EGFR	ENO1	3	0.7425	0.0693
PDHA1	ENO1	3	0.7761	0.0509
RAB11A	ENO1	3	0.6186	0.1549
EGFR	PYGL	3	0.6796	0.1052
PDHA1	PYGL	3	0.3375	0.2542
RAB11A	PYGL	3	0.7129	0.0860
EGFR	GPI	3	0.7496	0.0659
PDHA1	GPI	3	0.3238	0.3102
RAB11A	GPI	3	0.7724	0.0530
EGFR	NPM1	3	0.6921	0.0981
PDHA1	NPM1	3	0.4326	0.2164
RAB11A	NPM1	3	0.7987	0.0395
EGFR	TPM3	3	0.0186	0.4897
PDHA1	TPM3	3	0.0471	0.4554
RAB11A	TPM3	3	0.3365	0.2549
EGFR	H2BC11	3	0.0561	0.4454
PDHA1	H2BC11	3	0.0627	0.4386
RAB11A	H2BC11	3	0.1410	0.3823
EGFR	EPHX1	3	0.3333	0.2563
RAB11A	EPHX1	3	0.6667	0.1114
EGFR	LDHB	3	0.8117	0.0332
PDHA1	LDHB	3	0.4277	0.2186
RAB11A	LDHB	3	0.6866	0.1009
EGFR	GPX1	3	0.2548	0.3353
PDHA1	GPX1	3	0.0389	0.4639
RAB11A	GPX1	3	0.6676	0.1111
EGFR	P4HB	3	0.9998	0.0000
PDHA1	P4HB	3	0.3531	0.2476
RAB11A	P4HB	3	0.9958	0.0002
PDHA1	H1-0	3	0.5851	0.1650
RAB11A	H1-0	3	0.3264	0.3093
PDHA1	CTSD	3	0.0021	0.5311
EGFR	ANXA2	3	0.4491	0.2100
PDHA1	ANXA2	3	0.0243	0.4805
RAB11A	ANXA2	3	0.4131	0.2235
EGFR	CAPN1	3	0.6991	0.0939
PDHA1	CAPN1	3	0.4276	0.2188
RAB11A	CAPN1	3	0.6802	0.1049
EGFR	TUBB	3	0.5309	0.1832
PDHA1	TUBB	3	0.1105	0.4007
RAB11A	TUBB	3	0.7897	0.0448
EGFR	PRSS1	3	0.2735	0.3282
PDHA1	PRSS1	3	0.2240	0.3461
RAB11A	PRSS1	3	0.3356	0.2555
EGFR	PFN1	3	0.9230	0.0062
PDHA1	PFN1	3	0.8151	0.0320
RAB11A	PFN1	3	0.9119	0.0077
PDHA1	APRT	3	0.6667	0.1114
EGFR	EPRS1	3	0.7789	0.0494
PDHA1	EPRS1	3	0.5014	0.1922
RAB11A	EPRS1	3	0.7874	0.0461
RAB11A	CTSB	3	0.5056	0.1905
EGFR	HSP90AA1	3	0.4924	0.1954
PDHA1	HSP90AA1	3	0.0479	0.4544
RAB11A	HSP90AA1	3	0.3787	0.2363
EGFR	HNRNPC	3	0.8112	0.0336
PDHA1	HNRNPC	3	0.1206	0.3936
RAB11A	HNRNPC	3	0.4447	0.2117
EGFR	LAMB1	3	0.3333	0.2563
EGFR	YES1	3	0.0115	0.5030
RAB11A	YES1	3	0.0221	0.4833
EGFR	LYN	3	1.0000	0.0000
PDHA1	LYN	3	0.6667	0.1114
RAB11A	LYN	3	0.6667	0.1114
EGFR	FH	3	0.3236	0.3104
PDHA1	FH	3	0.6754	0.1075
RAB11A	FH	3	0.6605	0.1395
EGFR	ERCC1	3	0.3333	0.2563
RAB11A	ERCC1	3	0.3333	0.2563
EGFR	SP1	3	0.2569	0.3345
PDHA1	SP1	3	0.1032	0.4060
RAB11A	SP1	3	0.5466	0.1768
RAB11A	ZFY	3	0.0461	0.4563
RAB11A	IGF1R	3	0.3333	0.2563
EGFR	ANXA6	3	0.6796	0.1052
PDHA1	ANXA6	3	0.0610	0.4407
RAB11A	ANXA6	3	0.7206	0.0815
RAB11A	ABCB1	3	1.0000	0.0000
EGFR	SLC3A2	3	1.0000	0.0000
PDHA1	SLC3A2	3	0.0085	0.5105
RAB11A	SLC3A2	3	1.0000	0.0000
EGFR	PFKM	3	0.6401	0.1476
PDHA1	PFKM	3	0.2948	0.3212
RAB11A	PFKM	3	0.6865	0.1011
EGFR	HSP90AB1	3	0.5862	0.1645
PDHA1	HSP90AB1	3	0.0778	0.4252
RAB11A	HSP90AB1	3	0.5250	0.1850
EGFR	SRPRA	3	0.9992	0.0000
PDHA1	SRPRA	3	0.0215	0.4843
RAB11A	SRPRA	3	0.9970	0.0001
EGFR	ASNS	3	0.8500	0.0207
PDHA1	ASNS	3	0.6713	0.1094
RAB11A	ASNS	3	0.8498	0.0208
EGFR	PDHA1	3	0.3516	0.2482
PDHA1	PDHA1	3	1.0000	0.0000
RAB11A	PDHA1	3	0.4556	0.2079
EGFR	MET	3	1.0000	0.0000
RAB11A	MET	3	1.0000	0.0000
EGFR	SNRNP70	3	0.0872	0.4183
PDHA1	SNRNP70	3	0.1360	0.3849
RAB11A	SNRNP70	3	0.4908	0.1964
EGFR	VIM	3	0.7400	0.0713
PDHA1	VIM	3	0.2168	0.3491
RAB11A	VIM	3	0.6771	0.1064
EGFR	RPS17	3	0.6132	0.1567
PDHA1	RPS17	3	0.4294	0.2180
RAB11A	RPS17	3	0.8931	0.0103
RAB11A	KRT19	3	0.3333	0.2563
EGFR	GNAI3	3	0.6367	0.1490
PDHA1	GNAI3	3	0.1116	0.4000
RAB11A	GNAI3	3	0.5466	0.1768
EGFR	ANXA5	3	0.1451	0.3800
PDHA1	ANXA5	3	0.0109	0.5044
RAB11A	ANXA5	3	0.1286	0.3883
EGFR	KRT16	3	0.1704	0.3680
PDHA1	KRT16	3	0.5149	0.1881
RAB11A	KRT16	3	0.3697	0.2402
EGFR	RPSA	3	0.2909	0.3222
PDHA1	RPSA	3	0.0250	0.4795
RAB11A	RPSA	3	0.3829	0.2353
EGFR	MRPL3	3	0.3062	0.3168
PDHA1	MRPL3	3	1.0000	0.0000
RAB11A	MRPL3	3	0.9625	0.0024
RAB11A	SNRPA	3	0.3333	0.2563
EGFR	ACAA1	3	0.3333	0.2563
PDHA1	ACAA1	3	0.3333	0.2563
EGFR	SRP19	3	0.0070	0.5137
PDHA1	SRP19	3	0.0142	0.4981
RAB11A	SRP19	3	0.0510	0.4508
EGFR	GSTP1	3	0.2166	0.3492
PDHA1	GSTP1	3	0.2170	0.3489
RAB11A	GSTP1	3	0.9807	0.0011
EGFR	SNRPC	3	0.5624	0.1719
PDHA1	SNRPC	3	0.1322	0.3864
RAB11A	SNRPC	3	0.3071	0.3165
EGFR	HMGB1	3	0.0001	0.5518
RAB11A	HMGB1	3	0.0014	0.5351
EGFR	CNP	3	0.9990	0.0000
PDHA1	CNP	3	0.1331	0.3861
RAB11A	CNP	3	0.9427	0.0041
EGFR	DLD	3	0.7206	0.0815
PDHA1	DLD	3	0.8379	0.0244
RAB11A	DLD	3	0.8174	0.0314
EGFR	HNRNPA1	3	0.8208	0.0300
PDHA1	HNRNPA1	3	0.5303	0.1835
RAB11A	HNRNPA1	3	0.7730	0.0527
EGFR	SNRPA1	3	0.6136	0.1566
PDHA1	SNRPA1	3	0.1715	0.3675
RAB11A	SNRPA1	3	0.8857	0.0115
EGFR	PARP1	3	0.1859	0.3614
PDHA1	PARP1	3	0.0110	0.5041
RAB11A	PARP1	3	0.3545	0.2468
EGFR	POLA1	3	0.0524	0.4491
PDHA1	POLA1	3	0.0009	0.5391
RAB11A	POLA1	3	0.0912	0.4150
EGFR	UCHL1	3	0.1498	0.3776
PDHA1	UCHL1	3	0.0237	0.4809
RAB11A	UCHL1	3	0.4782	0.2009
RAB11A	FURIN	3	0.3333	0.2563
EGFR	LTA4H	3	0.6859	0.1015
PDHA1	LTA4H	3	0.3616	0.2434
RAB11A	LTA4H	3	0.7884	0.0456
EGFR	ALDOC	3	0.9540	0.0028
PDHA1	ALDOC	3	0.9296	0.0053
RAB11A	ALDOC	3	0.9172	0.0071
PDHA1	H2AZ1	3	0.3237	0.3103
RAB11A	H2AZ1	3	0.0662	0.4356
EGFR	H2AC11	3	0.3664	0.2416
PDHA1	H2AC11	3	0.4065	0.2264
RAB11A	H2AC11	3	0.7096	0.0878
EGFR	TMSB15A	3	0.3436	0.2518
PDHA1	TMSB15A	3	0.1487	0.3783
RAB11A	TMSB15A	3	0.6060	0.1587
EGFR	UBB	3	0.7209	0.0815
PDHA1	UBB	3	0.3039	0.3178
RAB11A	UBB	3	0.7438	0.0683
RAB11A	RGPD1	3	0.0001	0.5518
EGFR	HSPA1A	3	0.3275	0.3087
PDHA1	HSPA1A	3	0.0610	0.4407
RAB11A	HSPA1A	3	0.4084	0.2252
EGFR	U2AF1L5	3	0.2404	0.3403
PDHA1	U2AF1L5	3	0.1045	0.4053
RAB11A	U2AF1L5	3	0.2998	0.3195
EGFR	CBSL	3	0.1561	0.3748
PDHA1	CBSL	3	0.0124	0.5015
RAB11A	CBSL	3	0.4807	0.1996
EGFR	CALM1	3	0.0213	0.4846
RAB11A	CALM1	3	0.3670	0.2415
EGFR	NBPF9	3	0.0034	0.5252
EGFR	ZNF875	3	0.0011	0.5371
EGFR	RO60	3	0.2891	0.3228
RAB11A	RO60	3	0.7045	0.0906
EGFR	MYBL2	3	0.0000	0.5559
RAB11A	MYBL2	3	0.0000	0.5559
EGFR	HLA-C	3	0.8677	0.0148
PDHA1	HLA-C	3	0.5896	0.1629
RAB11A	HLA-C	3	0.4956	0.1944
EGFR	ARAF	3	0.7256	0.0787
PDHA1	ARAF	3	0.1755	0.3652
RAB11A	ARAF	3	0.6818	0.1039
EGFR	H1-4	3	1.0000	0.0000
PDHA1	H1-4	3	1.0000	0.0000
RAB11A	H1-4	3	0.9979	0.0001
EGFR	DLAT	3	0.2929	0.3216
PDHA1	DLAT	3	0.9999	0.0000
RAB11A	DLAT	3	0.2874	0.3237
EGFR	PTPRF	3	1.0000	0.0000
RAB11A	PTPRF	3	0.0294	0.4747
EGFR	TXN	3	0.1006	0.4082
PDHA1	TXN	3	0.1925	0.3580
RAB11A	TXN	3	0.6807	0.1044
PDHA1	COX5B	3	1.0000	0.0000
RAB11A	MGST1	3	0.3333	0.2563
EGFR	PRKAR1A	3	0.8413	0.0232
RAB11A	PRKAR1A	3	0.9388	0.0044
EGFR	KIT	3	0.6667	0.1114
RAB11A	KIT	3	0.6667	0.1114
EGFR	ESD	3	0.0470	0.4556
PDHA1	ESD	3	0.0063	0.5159
RAB11A	ESD	3	0.2301	0.3436
EGFR	HSPD1	3	0.1010	0.4081
PDHA1	HSPD1	3	0.9691	0.0016
RAB11A	HSPD1	3	0.4565	0.2074
EGFR	HSPA5	3	0.7929	0.0432
PDHA1	HSPA5	3	0.1375	0.3837
RAB11A	HSPA5	3	0.6795	0.1055
EGFR	LAMC1	3	0.6667	0.1114
RAB11A	LAMC1	3	0.6667	0.1114
EGFR	HSPA8	3	0.8653	0.0157
PDHA1	HSPA8	3	0.2872	0.3239
RAB11A	HSPA8	3	0.5867	0.1643
EGFR	SLC2A1	3	0.9994	0.0000
PDHA1	SLC2A1	3	0.2393	0.3407
RAB11A	SLC2A1	3	0.7536	0.0633
EGFR	EPB41	3	1.0000	0.0000
RAB11A	EPB41	3	0.9990	0.0000
EGFR	UMPS	3	0.0145	0.4974
PDHA1	UMPS	3	0.0003	0.5468
RAB11A	UMPS	3	0.2771	0.3271
EGFR	PDHB	3	0.1294	0.3877
PDHA1	PDHB	3	1.0000	0.0000
RAB11A	PDHB	3	0.6999	0.0935
PDHA1	DBT	3	1.0000	0.0000
EGFR	PYGB	3	1.0000	0.0000
PDHA1	PYGB	3	0.1937	0.3578
RAB11A	PYGB	3	0.9844	0.0008
PDHA1	PYGM	3	0.3333	0.2563
RAB11A	PYGM	3	0.3333	0.2563
RAB11A	RALA	3	0.3333	0.2563
EGFR	BCR	3	0.8103	0.0341
RAB11A	BCR	3	0.4416	0.2130
EGFR	ACADM	3	0.6667	0.1114
PDHA1	ACADM	3	1.0000	0.0000
RAB11A	ACADM	3	0.3333	0.2563
EGFR	FGFR1	3	0.9978	0.0001
RAB11A	FGFR1	3	0.6616	0.1391
EGFR	TOP1	3	0.2041	0.3541
PDHA1	TOP1	3	0.1745	0.3656
RAB11A	TOP1	3	0.7036	0.0909
EGFR	TOP2A	3	0.7752	0.0515
PDHA1	TOP2A	3	0.5566	0.1735
RAB11A	TOP2A	3	0.7722	0.0532
EGFR	G6PD	3	0.0755	0.4279
PDHA1	G6PD	3	0.0223	0.4830
RAB11A	G6PD	3	0.5463	0.1771
RAB11A	UBL4A	3	1.0000	0.0000
EGFR	PC	3	0.0260	0.4782
PDHA1	PC	3	0.0465	0.4560
RAB11A	PC	3	0.1436	0.3812
EGFR	DMD	3	1.0000	0.0000
EGFR	MTHFD1	3	0.8506	0.0204
PDHA1	MTHFD1	3	0.0939	0.4131
RAB11A	MTHFD1	3	0.7351	0.0739
EGFR	IGF2R	3	1.0000	0.0000
RAB11A	IGF2R	3	1.0000	0.0000
EGFR	CDK4	3	0.1678	0.3691
PDHA1	CDK4	3	0.0062	0.5162
RAB11A	CDK4	3	0.0772	0.4260
EGFR	PRPS2	3	0.4913	0.1958
PDHA1	PRPS2	3	0.1404	0.3825
RAB11A	PRPS2	3	0.6856	0.1019
EGFR	PABPC1	3	0.7734	0.0522
PDHA1	PABPC1	3	0.5267	0.1845
RAB11A	PABPC1	3	0.7978	0.0401
EGFR	PCNA	3	0.0741	0.4289
RAB11A	PCNA	3	0.5936	0.1622
PDHA1	KRT3	3	0.6667	0.1114
EGFR	HARS1	3	0.7517	0.0645
PDHA1	HARS1	3	0.6891	0.0998
RAB11A	HARS1	3	0.3772	0.2369
RAB11A	COL6A1	3	0.9869	0.0007
EGFR	SLC25A4	3	0.9705	0.0016
PDHA1	SLC25A4	3	0.5364	0.1810
RAB11A	SLC25A4	3	0.8093	0.0345
PDHA1	SLC25A6	3	0.8346	0.0254
EGFR	IMPDH2	3	0.0000	0.5559
RAB11A	IMPDH2	3	0.0002	0.5491
EGFR	TPR	3	0.0001	0.5518
PDHA1	TPR	3	0.0000	0.5559
RAB11A	TPR	3	0.0000	0.5559
EGFR	CKB	3	0.8100	0.0342
PDHA1	CKB	3	0.6972	0.0952
RAB11A	CKB	3	0.8326	0.0261
PDHA1	BCKDHA	3	0.3425	0.2521
RAB11A	BCKDHA	3	0.2102	0.3520
EGFR	ACTN1	3	0.7182	0.0835
RAB11A	ACTN1	3	0.1689	0.3686
PDHA1	ACE	3	0.3333	0.2563
EGFR	SRC	3	0.9892	0.0006
PDHA1	SRC	3	0.1377	0.3835
RAB11A	SRC	3	0.9897	0.0005
EGFR	PEPD	3	0.2413	0.3399
PDHA1	PEPD	3	0.3732	0.2388
RAB11A	PEPD	3	0.6158	0.1559
EGFR	XRCC6	3	0.0065	0.5152
PDHA1	XRCC6	3	0.0000	0.5559
RAB11A	XRCC6	3	0.0090	0.5092
EGFR	XRCC5	3	0.8503	0.0205
PDHA1	XRCC5	3	0.6847	0.1024
RAB11A	XRCC5	3	0.8504	0.0204
RAB11A	NR2C1	3	0.0003	0.5468
PDHA1	COX4I1	3	1.0000	0.0000
PDHA1	ALAS1	3	1.0000	0.0000
EGFR	RNH1	3	0.0918	0.4146
PDHA1	RNH1	3	0.0591	0.4426
RAB11A	RNH1	3	0.4467	0.2110
EGFR	ITGA4	3	1.0000	0.0000
RAB11A	ITGA4	3	1.0000	0.0000
EGFR	EEF2	3	0.3318	0.3062
PDHA1	EEF2	3	0.0448	0.4576
RAB11A	EEF2	3	0.2091	0.3526
EGFR	KRT10	3	0.1688	0.3687
PDHA1	KRT10	3	0.4842	0.1987
RAB11A	KRT10	3	0.2519	0.3357
EGFR	KRT5	3	0.2092	0.3525
PDHA1	KRT5	3	0.6132	0.1567
RAB11A	KRT5	3	0.3277	0.3085
EGFR	PDIA4	3	0.9185	0.0069
PDHA1	PDIA4	3	0.5273	0.1844
RAB11A	PDIA4	3	0.9855	0.0008
EGFR	TPT1	3	0.3953	0.2305
PDHA1	TPT1	3	0.1071	0.4028
RAB11A	TPT1	3	0.6861	0.1012
EGFR	LCP1	3	0.3838	0.2347
PDHA1	LCP1	3	0.0157	0.4947
RAB11A	LCP1	3	0.3089	0.3158
EGFR	PLS3	3	0.9164	0.0072
PDHA1	PLS3	3	0.1085	0.4021
RAB11A	PLS3	3	0.9076	0.0082
EGFR	ETFA	3	1.0000	0.0000
PDHA1	ETFA	3	1.0000	0.0000
RAB11A	ETFA	3	0.3333	0.2563
EGFR	GYS1	3	0.0382	0.4652
RAB11A	GYS1	3	0.3509	0.2485
EGFR	PRKAR2A	3	0.6919	0.0982
PDHA1	PRKAR2A	3	0.1515	0.3767
RAB11A	PRKAR2A	3	0.6240	0.1529
EGFR	GTF2F2	3	0.0561	0.4454
RAB11A	GTF2F2	3	0.4347	0.2157
EGFR	MTHFD2	3	0.6667	0.1114
PDHA1	MTHFD2	3	1.0000	0.0000
RAB11A	MTHFD2	3	0.6667	0.1114
EGFR	MIF	3	0.5896	0.1629
PDHA1	MIF	3	0.8005	0.0388
RAB11A	MIF	3	0.9948	0.0002
RAB11A	CD99	3	0.6667	0.1114
EGFR	PRKCSH	3	1.0000	0.0000
EGFR	FDPS	3	0.0207	0.4854
PDHA1	FDPS	3	0.0007	0.5414
RAB11A	FDPS	3	0.2841	0.3248
EGFR	TRIM27	3	0.0546	0.4471
PDHA1	TRIM27	3	0.0038	0.5239
RAB11A	TRIM27	3	0.4034	0.2279
PDHA1	COX7A2	3	0.6667	0.1114
EGFR	AKR1A1	3	0.0011	0.5371
PDHA1	AKR1A1	3	0.0013	0.5358
RAB11A	AKR1A1	3	0.0289	0.4753
EGFR	PKM	3	0.8748	0.0131
PDHA1	PKM	3	0.6593	0.1401
RAB11A	PKM	3	0.6532	0.1428
EGFR	ACYP2	3	0.0160	0.4941
PDHA1	ACYP2	3	0.1240	0.3909
RAB11A	ACYP2	3	0.4566	0.2074
EGFR	HSP90B1	3	0.4806	0.1997
PDHA1	HSP90B1	3	0.0581	0.4433
RAB11A	HSP90B1	3	0.7532	0.0634
EGFR	CCNB1	3	0.2881	0.3233
PDHA1	CCNB1	3	0.0504	0.4516
RAB11A	CCNB1	3	0.6655	0.1375
EGFR	SNRPB	3	0.9914	0.0004
PDHA1	SNRPB	3	0.0266	0.4775
RAB11A	SNRPB	3	0.2798	0.3262
EGFR	IDE	3	0.2106	0.3517
PDHA1	IDE	3	0.4807	0.1996
RAB11A	IDE	3	0.5084	0.1899
PDHA1	COX6B1	3	0.3333	0.2563
EGFR	HNRNPL	3	0.0823	0.4218
PDHA1	HNRNPL	3	0.0091	0.5088
RAB11A	HNRNPL	3	0.4110	0.2243
EGFR	DARS1	3	0.8171	0.0315
PDHA1	DARS1	3	0.5233	0.1855
RAB11A	DARS1	3	0.7672	0.0565
EGFR	JUP	3	0.8118	0.0331
PDHA1	JUP	3	0.4648	0.2045
RAB11A	JUP	3	0.3606	0.2437
PDHA1	UQCRB	3	1.0000	0.0000
EGFR	BRAF	3	0.0038	0.5239
PDHA1	AKR1B1	3	0.0296	0.4745
EGFR	GSPT1	3	0.6840	0.1029
PDHA1	GSPT1	3	0.1044	0.4053
RAB11A	GSPT1	3	0.5878	0.1638
EGFR	IFNGR1	3	0.6667	0.1114
RAB11A	IFNGR1	3	1.0000	0.0000
EGFR	EZR	3	0.8024	0.0376
PDHA1	EZR	3	0.0736	0.4294
RAB11A	EZR	3	0.7319	0.0755
EGFR	UCHL3	3	0.6667	0.1114
RAB11A	UCHL3	3	0.6667	0.1114
EGFR	NME1	3	0.0861	0.4194
PDHA1	NME1	3	0.0264	0.4776
RAB11A	NME1	3	0.7876	0.0460
EGFR	RPS2	3	0.7182	0.0835
PDHA1	RPS2	3	0.1197	0.3945
RAB11A	RPS2	3	0.6190	0.1546
EGFR	CHN1	3	0.0602	0.4416
EGFR	DSP	3	0.4314	0.2171
PDHA1	DSP	3	0.2926	0.3217
RAB11A	DSP	3	0.6182	0.1550
EGFR	CBR1	3	0.2488	0.3373
PDHA1	CBR1	3	0.2171	0.3488
RAB11A	CBR1	3	0.9697	0.0016
EGFR	ANK1	3	0.9982	0.0001
RAB11A	ANK1	3	0.0562	0.4453
EGFR	NCK1	3	1.0000	0.0000
RAB11A	NCK1	3	0.6667	0.1114
EGFR	GCFC2	3	0.0001	0.5518
RAB11A	GCFC2	3	0.0000	0.5559
EGFR	H1-3	3	0.1858	0.3615
PDHA1	H1-3	3	0.4357	0.2153
RAB11A	H1-3	3	0.9199	0.0067
EGFR	H1-2	3	0.8015	0.0382
PDHA1	H1-2	3	0.5447	0.1777
RAB11A	H1-2	3	0.7981	0.0398
EGFR	EPCAM	3	1.0000	0.0000
RAB11A	EPCAM	3	0.6667	0.1114
EGFR	MGMT	3	0.0011	0.5371
RAB11A	MGMT	3	0.0278	0.4765
EGFR	ATP2A2	3	0.6649	0.1379
PDHA1	ATP2A2	3	0.2586	0.3339
RAB11A	ATP2A2	3	0.6857	0.1017
EGFR	STMN1	3	0.3169	0.3132
RAB11A	STMN1	3	0.3333	0.2563
RAB11A	IFNAR1	3	0.3333	0.2563
EGFR	PRKCA	3	0.2267	0.3452
RAB11A	PRKCA	3	0.2111	0.3514
RAB11A	ITGA2	3	1.0000	0.0000
EGFR	GJA1	3	1.0000	0.0000
RAB11A	GJA1	3	1.0000	0.0000
EGFR	UBTF	3	0.0226	0.4826
PDHA1	UBTF	3	0.0001	0.5518
RAB11A	UBTF	3	0.0171	0.4920
EGFR	HOXB6	3	0.0001	0.5518
RAB11A	HOXB6	3	0.0342	0.4690
EGFR	PRKACA	3	0.5394	0.1797
PDHA1	PRKACA	3	0.1466	0.3792
RAB11A	PRKACA	3	0.7574	0.0612
EGFR	CAPN2	3	0.9987	0.0000
PDHA1	CAPN2	3	0.0259	0.4784
RAB11A	CAPN2	3	0.7933	0.0429
EGFR	PTPN2	3	1.0000	0.0000
RAB11A	PTPN2	3	0.3333	0.2563
EGFR	CTPS1	3	0.7623	0.0586
PDHA1	CTPS1	3	0.3492	0.2494
RAB11A	CTPS1	3	0.7720	0.0534
EGFR	DDX5	3	0.5607	0.1723
PDHA1	DDX5	3	0.0573	0.4441
RAB11A	DDX5	3	0.6586	0.1403
EGFR	PFKL	3	0.5874	0.1640
PDHA1	PFKL	3	0.1116	0.4000
RAB11A	PFKL	3	0.6705	0.1098
EGFR	FLT1	3	0.6667	0.1114
RAB11A	FLT1	3	0.6667	0.1114
EGFR	PSMC3	3	0.0514	0.4502
PDHA1	PSMC3	3	0.0000	0.5559
RAB11A	PSMC3	3	0.0267	0.4774
EGFR	TCP1	3	0.5167	0.1877
PDHA1	TCP1	3	0.3195	0.3122
RAB11A	TCP1	3	0.6119	0.1571
EGFR	PTPN1	3	0.9837	0.0009
PDHA1	PTPN1	3	0.2160	0.3496
RAB11A	PTPN1	3	0.9716	0.0015
EGFR	RPL35A	3	0.9672	0.0019
PDHA1	RPL35A	3	0.0034	0.5252
RAB11A	RPL35A	3	0.5142	0.1884
RAB11A	ITGB5	3	1.0000	0.0000
EGFR	ARF4	3	0.8316	0.0267
PDHA1	ARF4	3	0.3443	0.2513
RAB11A	ARF4	3	0.8616	0.0169
EGFR	RPL7	3	0.9037	0.0090
PDHA1	RPL7	3	0.2858	0.3245
RAB11A	RPL7	3	0.9251	0.0059
EGFR	VCL	3	0.6671	0.1113
PDHA1	VCL	3	0.0396	0.4630
RAB11A	VCL	3	0.1902	0.3590
EGFR	PTPRA	3	1.0000	0.0000
RAB11A	PTPRA	3	0.6667	0.1114
EGFR	SON	3	0.0006	0.5422
PDHA1	SON	3	0.0002	0.5491
RAB11A	SON	3	0.0056	0.5176
EGFR	NELFE	3	0.0000	0.5559
RAB11A	NELFE	3	0.0000	0.5559
EGFR	RPL17	3	0.4218	0.2204
PDHA1	RPL17	3	0.0519	0.4497
RAB11A	RPL17	3	0.7553	0.0621
EGFR	PGAM1	3	0.7934	0.0428
RAB11A	PGAM1	3	0.8481	0.0212
EGFR	RCC1	3	0.5578	0.1732
PDHA1	RCC1	3	0.5593	0.1729
RAB11A	RCC1	3	0.8765	0.0128
EGFR	ATF6	3	0.6449	0.1460
RAB11A	ATF6	3	1.0000	0.0000
EGFR	LIG1	3	0.0862	0.4193
PDHA1	ATP5PF	3	1.0000	0.0000
EGFR	KRT15	3	0.3333	0.2563
PDHA1	KRT15	3	0.6667	0.1114
EGFR	GNAZ	3	0.6667	0.1114
RAB11A	GNAZ	3	1.0000	0.0000
EGFR	PLCG1	3	0.7359	0.0732
RAB11A	PLCG1	3	0.8488	0.0209
EGFR	NCL	3	0.7922	0.0435
PDHA1	NCL	3	0.6464	0.1455
RAB11A	NCL	3	0.8109	0.0338
EGFR	HK1	3	0.7087	0.0882
PDHA1	HK1	3	0.2270	0.3451
RAB11A	HK1	3	0.8650	0.0158
EGFR	POLR2E	3	0.3490	0.2496
RAB11A	POLR2E	3	0.0168	0.4924
PDHA1	NDUFV2	3	1.0000	0.0000
RAB11A	NDUFV2	3	1.0000	0.0000
RAB11A	TRIM21	3	0.3333	0.2563
EGFR	EIF2AK2	3	0.7023	0.0916
PDHA1	EIF2AK2	3	0.3047	0.3176
RAB11A	EIF2AK2	3	0.7397	0.0714
EGFR	SRM	3	0.9996	0.0000
PDHA1	SRM	3	1.0000	0.0000
RAB11A	SRM	3	0.9940	0.0003
RAB11A	SLC9A1	3	0.6667	0.1114
EGFR	CSNK2A2	3	0.3029	0.3183
PDHA1	CSNK2A2	3	0.5336	0.1819
RAB11A	CSNK2A2	3	0.7685	0.0555
RAB11A	RXRA	3	0.0008	0.5401
EGFR	NFKB1	3	0.0001	0.5518
RAB11A	NFKB1	3	0.0041	0.5226
EGFR	ATP2B1	3	0.8418	0.0230
PDHA1	ATP2B1	3	0.0387	0.4643
RAB11A	ATP2B1	3	0.7550	0.0622
EGFR	EIF2S2	3	0.0793	0.4242
PDHA1	EIF2S2	3	0.0012	0.5365
RAB11A	EIF2S2	3	0.0603	0.4413
EGFR	ANXA7	3	0.0332	0.4701
PDHA1	ANXA7	3	0.0035	0.5247
RAB11A	ANXA7	3	0.0271	0.4769
RAB11A	TBP	3	0.3333	0.2563
EGFR	BTF3	3	0.4518	0.2095
RAB11A	BTF3	3	0.7538	0.0630
EGFR	RAB5A	3	0.6667	0.1114
RAB11A	RAB5A	3	0.3333	0.2563
EGFR	MSH3	3	0.0300	0.4737
RAB11A	MSH3	3	0.0567	0.4448
EGFR	PSMB1	3	0.3333	0.2563
RAB11A	PSMB1	3	0.3333	0.2563
PDHA1	COX5A	3	1.0000	0.0000
EGFR	LMNB1	3	0.9831	0.0010
PDHA1	LMNB1	3	0.3131	0.3143
RAB11A	LMNB1	3	0.9889	0.0006
EGFR	CAST	3	0.3324	0.3057
PDHA1	CAST	3	0.1119	0.3999
RAB11A	CAST	3	0.6763	0.1068
PDHA1	FLG	3	0.2720	0.3288
EGFR	RASA1	3	0.7533	0.0633
RAB11A	RASA1	3	0.8130	0.0327
EGFR	GSTM3	3	0.2693	0.3300
PDHA1	GSTM3	3	0.0516	0.4500
RAB11A	GSTM3	3	0.6835	0.1032
EGFR	ATP6V1B2	3	0.9864	0.0008
PDHA1	ATP6V1B2	3	0.0283	0.4761
RAB11A	ATP6V1B2	3	0.0486	0.4537
EGFR	ATP6V1C1	3	0.7308	0.0758
PDHA1	ATP6V1C1	3	0.0329	0.4705
RAB11A	ATP6V1C1	3	0.5980	0.1605
EGFR	FLNA	3	0.7481	0.0668
PDHA1	FLNA	3	0.3988	0.2293
RAB11A	FLNA	3	0.7304	0.0763
EGFR	NF1	3	0.8336	0.0257
RAB11A	NF1	3	0.2628	0.3322
EGFR	ACO1	3	0.0820	0.4220
PDHA1	ACO1	3	0.0002	0.5491
RAB11A	ACO1	3	0.1459	0.3795
RAB11A	TAF1	3	0.0039	0.5235
EGFR	VDAC1	3	0.1167	0.3965
PDHA1	VDAC1	3	0.0167	0.4926
EGFR	SDHB	3	1.0000	0.0000
PDHA1	SDHB	3	1.0000	0.0000
EGFR	BCKDHB	3	0.0000	0.5559
EGFR	COMT	3	0.1450	0.3802
RAB11A	COMT	3	0.2979	0.3203
EGFR	MMUT	3	0.3333	0.2563
PDHA1	MMUT	3	1.0000	0.0000
EGFR	OSBP	3	1.0000	0.0000
RAB11A	OSBP	3	0.9900	0.0005
EGFR	PCMT1	3	0.0546	0.4471
PDHA1	PCMT1	3	0.0520	0.4496
RAB11A	PCMT1	3	0.7070	0.0895
EGFR	FBL	3	0.2416	0.3398
PDHA1	FBL	3	0.0062	0.5162
RAB11A	FBL	3	0.2867	0.3243
EGFR	GART	3	0.6211	0.1541
PDHA1	GART	3	0.1251	0.3903
RAB11A	GART	3	0.6704	0.1099
EGFR	PAICS	3	0.9645	0.0021
PDHA1	PAICS	3	0.1758	0.3649
RAB11A	PAICS	3	0.8048	0.0364
EGFR	SCP2	3	0.8269	0.0279
PDHA1	SCP2	3	0.0698	0.4330
RAB11A	SCP2	3	0.9291	0.0054
EGFR	UBA1	3	0.1810	0.3630
PDHA1	UBA1	3	0.0400	0.4623
RAB11A	UBA1	3	0.7981	0.0398
EGFR	NME2	3	0.3333	0.2563
RAB11A	NME2	3	0.6667	0.1114
RAB11A	ENPP1	3	0.1182	0.3957
EGFR	FDXR	3	0.6667	0.1114
RAB11A	FDXR	3	1.0000	0.0000
EGFR	HNRNPA2B1	3	0.3959	0.2304
PDHA1	HNRNPA2B1	3	0.3382	0.2539
RAB11A	HNRNPA2B1	3	0.6648	0.1381
EGFR	CBL	3	0.3333	0.2563
RAB11A	CBL	3	0.3333	0.2563
EGFR	PRKACB	3	0.3333	0.2563
RAB11A	PRKACB	3	1.0000	0.0000
EGFR	UQCRC2	3	0.2603	0.3334
PDHA1	UQCRC2	3	0.3082	0.3163
RAB11A	UQCRC2	3	0.6127	0.1570
PDHA1	TGM1	3	0.3333	0.2563
EGFR	FECH	3	0.0333	0.4699
PDHA1	FECH	3	0.3345	0.2559
RAB11A	FECH	3	0.7949	0.0417
EGFR	ITGA6	3	0.0008	0.5401
RAB11A	ITGA6	3	0.0000	0.5559
EGFR	SFPQ	3	0.4318	0.2168
PDHA1	SFPQ	3	0.1653	0.3702
RAB11A	SFPQ	3	0.3906	0.2322
EGFR	TUBG1	3	0.9985	0.0000
PDHA1	TUBG1	3	0.0608	0.4409
RAB11A	TUBG1	3	0.9978	0.0001
EGFR	PPIB	3	0.9992	0.0000
PDHA1	PPIB	3	0.4592	0.2064
PDHA1	ME2	3	1.0000	0.0000
EGFR	GLDC	3	0.0187	0.4893
PDHA1	GLDC	3	0.2257	0.3457
RAB11A	GLDC	3	0.6275	0.1519
EGFR	WARS1	3	0.0008	0.5401
RAB11A	WARS1	3	0.0472	0.4553
EGFR	RPS3	3	0.8917	0.0106
PDHA1	RPS3	3	0.2550	0.3352
RAB11A	RPS3	3	0.7409	0.0706
RAB11A	RPS6KB1	3	0.0016	0.5339
EGFR	JAK1	3	1.0000	0.0000
RAB11A	JAK1	3	0.9677	0.0018
EGFR	PTPRG	3	1.0000	0.0000
RAB11A	PTPRG	3	0.6667	0.1114
EGFR	MCC	3	0.9921	0.0004
RAB11A	MCC	3	0.0179	0.4909
EGFR	AHCY	3	0.6253	0.1527
PDHA1	AHCY	3	0.2724	0.3285
RAB11A	AHCY	3	0.7306	0.0760
EGFR	CFL1	3	0.1690	0.3685
PDHA1	CFL1	3	0.0895	0.4161
RAB11A	CFL1	3	0.5488	0.1760
EGFR	EIF4B	3	0.0315	0.4720
RAB11A	EIF4B	3	0.3937	0.2310
EGFR	ATP2B4	3	0.3333	0.2563
PDHA1	DTYMK	3	0.6667	0.1114
RAB11A	DTYMK	3	0.3333	0.2563
EGFR	RRM1	3	0.1999	0.3559
PDHA1	RRM1	3	0.0389	0.4639
RAB11A	RRM1	3	0.6911	0.0987
RAB11A	CHM	3	1.0000	0.0000
EGFR	KDELR1	3	0.0166	0.4928
RAB11A	KDELR1	3	0.2621	0.3324
EGFR	NR2F2	3	0.3333	0.2563
RAB11A	NR2F2	3	0.3333	0.2563
EGFR	EEF1B2	3	0.3470	0.2507
PDHA1	EEF1B2	3	0.0766	0.4267
RAB11A	EEF1B2	3	0.5995	0.1600
PDHA1	ATP5PB	3	1.0000	0.0000
EGFR	AKAP5	3	0.6667	0.1114
EGFR	ACP1	3	0.3202	0.3119
PDHA1	ACP1	3	0.0397	0.4627
RAB11A	ACP1	3	0.4357	0.2153
EGFR	PRKCH	3	0.3333	0.2563
RAB11A	PRKCH	3	1.0000	0.0000
EGFR	ACAT1	3	0.7241	0.0800
PDHA1	ACAT1	3	0.6189	0.1547
RAB11A	ACAT1	3	0.8033	0.0367
EGFR	POLR2A	3	0.0817	0.4223
PDHA1	POLR2A	3	0.0040	0.5232
RAB11A	POLR2A	3	0.1058	0.4042
EGFR	CDK2	3	0.5856	0.1647
RAB11A	CDK2	3	0.0809	0.4230
EGFR	APC	3	0.7874	0.0461
RAB11A	APC	3	0.6103	0.1575
EGFR	MCM3	3	0.4248	0.2194
PDHA1	MCM3	3	0.0448	0.4576
RAB11A	MCM3	3	0.2510	0.3364
PDHA1	AZGP1	3	0.3333	0.2563
EGFR	MPST	3	0.4062	0.2266
RAB11A	MPST	3	0.2860	0.3244
EGFR	RPS12	3	0.8060	0.0355
PDHA1	RPS12	3	0.4992	0.1929
RAB11A	RPS12	3	0.6494	0.1445
EGFR	BRD2	3	0.0333	0.4699
PDHA1	BRD2	3	0.0379	0.4655
RAB11A	BRD2	3	0.4604	0.2059
EGFR	DNAJB1	3	0.0004	0.5449
RAB11A	DNAJB1	3	0.0199	0.4869
EGFR	ATP5F1A	3	0.6081	0.1583
PDHA1	ATP5F1A	3	0.2307	0.3433
RAB11A	ATP5F1A	3	0.6830	0.1033
EGFR	PSMA2	3	0.0042	0.5224
PDHA1	PSMA2	3	0.0007	0.5414
RAB11A	PSMA2	3	0.0130	0.4999
EGFR	PSMA4	3	0.8031	0.0368
PDHA1	PSMA4	3	0.1017	0.4073
RAB11A	PSMA4	3	0.7867	0.0463
EGFR	MSN	3	0.9768	0.0012
RAB11A	MSN	3	0.0431	0.4595
EGFR	PTPN3	3	1.0000	0.0000
RAB11A	PTPN3	3	1.0000	0.0000
EGFR	DDX6	3	0.7429	0.0687
PDHA1	DDX6	3	0.3674	0.2412
RAB11A	DDX6	3	0.7022	0.0919
EGFR	CTNNA2	3	1.0000	0.0000
PDHA1	CTNNA2	3	0.0149	0.4965
RAB11A	CTNNA2	3	0.6820	0.1037
EGFR	DNMT1	3	0.2296	0.3437
PDHA1	DNMT1	3	0.0205	0.4858
RAB11A	DNMT1	3	0.4169	0.2223
EGFR	U2AF2	3	0.7703	0.0546
PDHA1	U2AF2	3	0.4475	0.2106
RAB11A	U2AF2	3	0.7752	0.0515
EGFR	RPL13	3	0.7845	0.0471
PDHA1	RPL13	3	0.2111	0.3514
RAB11A	RPL13	3	0.5343	0.1817
RAB11A	CHML	3	1.0000	0.0000
EGFR	HMGB2	3	0.3333	0.2563
EGFR	PTBP1	3	0.1735	0.3662
PDHA1	PTBP1	3	0.0325	0.4709
RAB11A	PTBP1	3	0.4540	0.2086
EGFR	TARS1	3	0.0779	0.4250
PDHA1	TARS1	3	0.0002	0.5491
RAB11A	TARS1	3	0.2106	0.3517
EGFR	VARS1	3	0.7329	0.0749
PDHA1	VARS1	3	0.3532	0.2475
RAB11A	VARS1	3	0.7410	0.0705
EGFR	EEF1G	3	0.6423	0.1467
PDHA1	EEF1G	3	0.1553	0.3752
RAB11A	EEF1G	3	0.7606	0.0595
RAB11A	ACVR2A	3	1.0000	0.0000
EGFR	STOM	3	1.0000	0.0000
RAB11A	STOM	3	1.0000	0.0000
PDHA1	AK4	3	1.0000	0.0000
EGFR	YWHAQ	3	0.4168	0.2224
PDHA1	YWHAQ	3	0.0338	0.4694
RAB11A	YWHAQ	3	0.5748	0.1682
EGFR	MAPK3	3	0.0160	0.4941
RAB11A	MAPK3	3	0.2079	0.3530
EGFR	MARK3	3	1.0000	0.0000
RAB11A	MARK3	3	1.0000	0.0000
EGFR	ARNT	3	0.0000	0.5559
EGFR	RPL10	3	0.7755	0.0511
PDHA1	RPL10	3	0.0452	0.4571
RAB11A	RPL10	3	0.7592	0.0602
EGFR	RPA1	3	0.0523	0.4493
PDHA1	RPA1	3	0.0016	0.5339
RAB11A	RPA1	3	0.0348	0.4681
EGFR	CAD	3	0.6516	0.1437
PDHA1	CAD	3	0.2549	0.3352
RAB11A	CAD	3	0.7120	0.0866
EGFR	MAP4	3	0.3702	0.2400
PDHA1	MAP4	3	0.1458	0.3795
RAB11A	MAP4	3	0.5422	0.1786
EGFR	CANX	3	0.7911	0.0443
PDHA1	CANX	3	0.4438	0.2120
RAB11A	CANX	3	0.7430	0.0687
EGFR	PIK3R1	3	1.0000	0.0000
RAB11A	PIK3R1	3	0.6667	0.1114
EGFR	PSMA5	3	0.9988	0.0000
RAB11A	PSMA5	3	0.3923	0.2318
EGFR	PSMB5	3	0.3333	0.2563
EGFR	ABCD3	3	0.1444	0.3805
PDHA1	ABCD3	3	0.0071	0.5135
RAB11A	ABCD3	3	0.4265	0.2192
EGFR	ITPRID2	3	0.0125	0.5010
PDHA1	ITPRID2	3	0.1716	0.3673
RAB11A	ITPRID2	3	0.0387	0.4643
EGFR	NDUFS1	3	0.0761	0.4273
PDHA1	NDUFS1	3	0.9969	0.0001
RAB11A	NDUFS1	3	0.5119	0.1888
EGFR	POLD1	3	0.0190	0.4886
PDHA1	POLD1	3	0.0000	0.5559
RAB11A	POLD1	3	0.0055	0.5180
EGFR	MAPK1	3	0.9502	0.0033
PDHA1	MAPK1	3	0.0222	0.4832
RAB11A	MAPK1	3	0.4784	0.2007
EGFR	TPP2	3	0.4911	0.1960
PDHA1	TPP2	3	0.1547	0.3753
RAB11A	TPP2	3	0.6521	0.1434
EGFR	EPHA2	3	0.9770	0.0012
RAB11A	EPHA2	3	0.9835	0.0009
EGFR	EPHA3	3	1.0000	0.0000
RAB11A	EPHA3	3	1.0000	0.0000
EGFR	SHC1	3	0.9611	0.0024
PDHA1	SHC1	3	0.2365	0.3417
RAB11A	SHC1	3	0.6424	0.1466
EGFR	TKT	3	0.4985	0.1932
PDHA1	TKT	3	0.0933	0.4140
RAB11A	TKT	3	0.4296	0.2178
PDHA1	SERPINB3	3	0.3333	0.2563
EGFR	RBMS1	3	0.0030	0.5266
EGFR	TYK2	3	1.0000	0.0000
RAB11A	TYK2	3	0.3333	0.2563
RAB11A	EEF1D	3	0.0010	0.5381
EGFR	MARCKS	3	0.5089	0.1898
PDHA1	MARCKS	3	0.1536	0.3759
RAB11A	MARCKS	3	0.6317	0.1506
PDHA1	ALDH4A1	3	0.3333	0.2563
EGFR	PRDX6	3	0.5765	0.1674
PDHA1	PRDX6	3	0.1156	0.3973
RAB11A	PRDX6	3	0.6585	0.1404
EGFR	PRDX5	3	0.0278	0.4765
PDHA1	PRDX5	3	0.1069	0.4032
RAB11A	PRDX5	3	0.5564	0.1736
EGFR	PRDX3	3	0.1491	0.3781
PDHA1	PRDX3	3	0.1030	0.4063
RAB11A	PRDX3	3	0.4351	0.2156
EGFR	RPL12	3	0.8624	0.0165
PDHA1	RPL12	3	0.4831	0.1990
RAB11A	RPL12	3	0.5062	0.1902
EGFR	ECHS1	3	1.0000	0.0000
PDHA1	ECHS1	3	1.0000	0.0000
RAB11A	ECHS1	3	1.0000	0.0000
EGFR	CMPK1	3	0.7454	0.0677
PDHA1	CMPK1	3	0.4567	0.2073
RAB11A	CMPK1	3	0.7943	0.0422
EGFR	PEBP1	3	0.7100	0.0874
PDHA1	PEBP1	3	0.9899	0.0005
RAB11A	PEBP1	3	0.9998	0.0000
EGFR	PDIA3	3	0.9574	0.0026
PDHA1	PDIA3	3	0.2136	0.3506
RAB11A	PDIA3	3	0.9859	0.0008
EGFR	PPP2R1A	3	0.6500	0.1443
PDHA1	PPP2R1A	3	0.1360	0.3849
RAB11A	PPP2R1A	3	0.6812	0.1041
EGFR	CDC27	3	0.1802	0.3633
RAB11A	CDC27	3	0.0710	0.4322
EGFR	CDC25C	3	0.1069	0.4032
RAB11A	CDC25C	3	0.5545	0.1742
EGFR	PPIF	3	0.4197	0.2212
PDHA1	PPIF	3	0.9815	0.0010
RAB11A	PPIF	3	0.9879	0.0007
EGFR	NKTR	3	0.0046	0.5212
RAB11A	NKTR	3	0.0719	0.4312
EGFR	NMT1	3	0.0001	0.5518
PDHA1	NMT1	3	0.0005	0.5435
RAB11A	NMT1	3	0.0125	0.5010
EGFR	HMOX2	3	0.7042	0.0908
PDHA1	HMOX2	3	0.0405	0.4620
RAB11A	HMOX2	3	0.7704	0.0543
EGFR	ADSS2	3	0.4640	0.2047
PDHA1	ADSS2	3	0.0967	0.4110
RAB11A	ADSS2	3	0.9254	0.0058
EGFR	ADSL	3	0.4852	0.1986
PDHA1	ADSL	3	0.3885	0.2330
RAB11A	ADSL	3	0.7814	0.0485
EGFR	SRI	3	0.4107	0.2244
PDHA1	SRI	3	0.0672	0.4347
RAB11A	SRI	3	0.9187	0.0069
EGFR	SERPINB1	3	0.0757	0.4277
PDHA1	SERPINB1	3	0.0687	0.4336
RAB11A	SERPINB1	3	0.4175	0.2220
EGFR	SLC7A1	3	0.3333	0.2563
RAB11A	SLC7A1	3	1.0000	0.0000
EGFR	ALDH1B1	3	0.0980	0.4099
PDHA1	ALDH1B1	3	0.9073	0.0083
RAB11A	ALDH1B1	3	0.7305	0.0762
EGFR	POLR2B	3	0.0774	0.4258
PDHA1	POLR2B	3	0.0047	0.5208
RAB11A	POLR2B	3	0.0845	0.4202
PDHA1	SDHA	3	0.7501	0.0654
RAB11A	SDHA	3	0.0723	0.4305
PDHA1	GDI1	3	0.2380	0.3411
RAB11A	GDI1	3	0.1050	0.4046
EGFR	MAPK4	3	0.0308	0.4729
RAB11A	MAPK4	3	0.0007	0.5414
EGFR	MAT2A	3	0.2113	0.3513
PDHA1	MAT2A	3	0.0544	0.4473
RAB11A	MAT2A	3	0.5258	0.1847
EGFR	HOXA10	3	0.0885	0.4171
RAB11A	HOXA10	3	0.3333	0.2563
RAB11A	PRKAR2B	3	0.0000	0.5559
PDHA1	CPS1	3	0.9472	0.0036
EGFR	RRM2	3	0.4624	0.2053
PDHA1	RRM2	3	0.0386	0.4647
RAB11A	RRM2	3	0.5139	0.1886
EGFR	DNAJA1	3	0.5507	0.1755
PDHA1	DNAJA1	3	0.1220	0.3926
RAB11A	DNAJA1	3	0.5496	0.1757
EGFR	AKT1	3	0.4044	0.2274
RAB11A	AKT1	3	0.0144	0.4977
EGFR	AKT2	3	0.7206	0.0815
PDHA1	AKT2	3	0.0084	0.5106
RAB11A	AKT2	3	0.1071	0.4028
EGFR	UQCRC1	3	0.0166	0.4928
PDHA1	UQCRC1	3	0.0180	0.4907
RAB11A	UQCRC1	3	0.5841	0.1654
PDHA1	HIBADH	3	0.3333	0.2563
EGFR	ATIC	3	0.6601	0.1398
RAB11A	ATIC	3	0.0188	0.4891
PDHA1	HNRNPH3	3	0.3333	0.2563
RAB11A	HNRNPH3	3	0.3333	0.2563
EGFR	HNRNPH1	3	0.1729	0.3665
PDHA1	HNRNPH1	3	0.0990	0.4091
RAB11A	HNRNPH1	3	0.4493	0.2099
PDHA1	CASP14	3	0.3327	0.3052
EGFR	YWHAB	3	0.6936	0.0972
PDHA1	YWHAB	3	0.0128	0.5005
RAB11A	YWHAB	3	0.1454	0.3798
EGFR	STIP1	3	0.3278	0.3084
PDHA1	STIP1	3	0.0690	0.4335
RAB11A	STIP1	3	0.5394	0.1797
RAB11A	S100A11	3	0.3333	0.2563
RAB11A	INPP5B	3	0.9999	0.0000
EGFR	PRDX2	3	0.2767	0.3273
PDHA1	PRDX2	3	0.0283	0.4761
RAB11A	PRDX2	3	0.4619	0.2054
RAB11A	ARRB2	3	0.3333	0.2563
EGFR	GK	3	0.7638	0.0578
PDHA1	GK	3	0.0389	0.4639
RAB11A	GK	3	1.0000	0.0000
EGFR	GRK4	3	0.3333	0.2563
RAB11A	GRK4	3	0.3333	0.2563
EGFR	DCTD	3	1.0000	0.0000
PDHA1	DCTD	3	0.3333	0.2563
RAB11A	DCTD	3	0.6667	0.1114
PDHA1	PYCR1	3	0.8317	0.0266
RAB11A	PYCR1	3	0.0286	0.4759
RAB11A	STX2	3	0.3333	0.2563
EGFR	RPL9	3	0.2884	0.3231
PDHA1	RPL9	3	0.0818	0.4221
RAB11A	RPL9	3	0.4884	0.1974
EGFR	CDH5	3	0.0236	0.4811
PDHA1	CDH5	3	0.2241	0.3460
RAB11A	CDH5	3	0.6666	0.1363
EGFR	KIF5B	3	0.7612	0.0590
PDHA1	KIF5B	3	0.0289	0.4753
RAB11A	KIF5B	3	0.8554	0.0188
EGFR	CSTF2	3	0.9662	0.0019
RAB11A	CSTF2	3	0.0129	0.5002
EGFR	DUT	3	0.4298	0.2178
PDHA1	DUT	3	0.3814	0.2357
RAB11A	DUT	3	0.3347	0.2557
EGFR	GUCY1A2	3	0.3333	0.2563
RAB11A	GUCY1A2	3	0.3333	0.2563
EGFR	ABCC1	3	1.0000	0.0000
RAB11A	ABCC1	3	1.0000	0.0000
EGFR	KDELR2	3	0.0378	0.4657
PDHA1	KDELR2	3	0.0002	0.5491
RAB11A	KDELR2	3	0.0494	0.4529
EGFR	TTK	3	0.1542	0.3757
PDHA1	TTK	3	0.0004	0.5449
RAB11A	TTK	3	0.1520	0.3765
EGFR	MCM4	3	0.0573	0.4441
PDHA1	MCM4	3	0.0018	0.5328
RAB11A	MCM4	3	0.0844	0.4203
EGFR	MCM5	3	0.7628	0.0582
PDHA1	MCM5	3	0.4882	0.1975
RAB11A	MCM5	3	0.7696	0.0549
EGFR	MCM7	3	0.6758	0.1071
PDHA1	MCM7	3	0.2066	0.3532
RAB11A	MCM7	3	0.6805	0.1046
EGFR	SHMT1	3	0.0036	0.5245
RAB11A	SHMT1	3	0.0371	0.4662
EGFR	SHMT2	3	0.8620	0.0167
PDHA1	SHMT2	3	0.9517	0.0031
RAB11A	SHMT2	3	0.7205	0.0818
EGFR	HSPA4	3	0.7212	0.0812
PDHA1	HSPA4	3	0.1643	0.3709
RAB11A	HSPA4	3	0.6860	0.1013
EGFR	MPI	3	0.0781	0.4249
PDHA1	MPI	3	0.2710	0.3290
RAB11A	MPI	3	0.7426	0.0691
EGFR	PRSS3	3	0.0476	0.4548
PDHA1	PRSS3	3	0.0773	0.4259
RAB11A	PRSS3	3	0.1340	0.3859
EGFR	PFN2	3	0.0098	0.5069
PDHA1	PFN2	3	0.0086	0.5102
RAB11A	PFN2	3	0.3359	0.2552
EGFR	CA8	3	0.0634	0.4380
PDHA1	CA8	3	0.1086	0.4021
RAB11A	CA8	3	0.9105	0.0078
EGFR	CTNNA1	3	1.0000	0.0000
PDHA1	CTNNA1	3	0.0073	0.5129
RAB11A	CTNNA1	3	0.6407	0.1473
EGFR	CTNNB1	3	1.0000	0.0000
RAB11A	CTNNB1	3	0.3333	0.2563
PDHA1	NOS2	3	0.3333	0.2563
RAB11A	NOS2	3	1.0000	0.0000
EGFR	PHB	3	0.4356	0.2155
PDHA1	PHB	3	0.1941	0.3576
RAB11A	PHB	3	0.6569	0.1410
EGFR	SERPINB6	3	0.5878	0.1638
PDHA1	SERPINB6	3	0.4222	0.2202
RAB11A	SERPINB6	3	0.7443	0.0682
EGFR	NF2	3	0.9394	0.0044
RAB11A	NF2	3	0.5450	0.1775
EGFR	RDX	3	1.0000	0.0000
EGFR	RPA3	3	0.0027	0.5278
EGFR	RFC4	3	0.6705	0.1098
PDHA1	RFC4	3	0.1967	0.3571
RAB11A	RFC4	3	0.8287	0.0274
EGFR	RFC2	3	0.5570	0.1734
PDHA1	RFC2	3	0.1392	0.3829
RAB11A	RFC2	3	0.7605	0.0598
EGFR	RFC1	3	0.0009	0.5391
PDHA1	RFC1	3	0.0000	0.5559
RAB11A	RFC1	3	0.0440	0.4588
EGFR	RPL22	3	0.8555	0.0187
PDHA1	RPL22	3	0.6354	0.1493
RAB11A	RPL22	3	0.8110	0.0337
EGFR	GTF2F1	3	0.2100	0.3521
PDHA1	GTF2F1	3	0.1070	0.4030
RAB11A	GTF2F1	3	0.5459	0.1772
EGFR	SPR	3	0.3333	0.2563
EGFR	KRT9	3	0.3029	0.3183
PDHA1	KRT9	3	0.7360	0.0732
RAB11A	KRT9	3	0.2735	0.3282
EGFR	MYH9	3	0.7426	0.0691
PDHA1	MYH9	3	0.3561	0.2463
RAB11A	MYH9	3	0.7234	0.0802
EGFR	MYH10	3	0.7367	0.0728
PDHA1	MYH10	3	0.4938	0.1948
RAB11A	MYH10	3	0.7000	0.0933
EGFR	COPB2	3	0.9798	0.0011
PDHA1	COPB2	3	0.0052	0.5189
RAB11A	COPB2	3	0.5119	0.1888
EGFR	SOAT1	3	0.9999	0.0000
RAB11A	SOAT1	3	1.0000	0.0000
EGFR	ADD1	3	0.8409	0.0235
PDHA1	ADD1	3	0.0680	0.4343
RAB11A	ADD1	3	0.6583	0.1405
EGFR	ADD2	3	1.0000	0.0000
EGFR	FUS	3	0.1571	0.3745
PDHA1	FUS	3	0.0417	0.4609
RAB11A	FUS	3	0.3692	0.2404
EGFR	NUP214	3	0.0792	0.4244
PDHA1	NUP214	3	0.0001	0.5518
RAB11A	NUP214	3	0.0880	0.4178
EGFR	DEK	3	0.3679	0.2411
PDHA1	DEK	3	0.0936	0.4135
RAB11A	DEK	3	0.9375	0.0046
EGFR	ATP7B	3	0.3181	0.3125
RAB11A	ATP7B	3	1.0000	0.0000
PDHA1	GLRX	3	0.0076	0.5122
RAB11A	AHR	3	0.0000	0.5559
EGFR	KRT2	3	0.1982	0.3566
PDHA1	KRT2	3	0.5203	0.1863
RAB11A	KRT2	3	0.3384	0.2538
EGFR	HMGCL	3	0.1415	0.3819
PDHA1	HMGCL	3	0.0871	0.4185
RAB11A	HMGCL	3	0.9979	0.0001
RAB11A	FLT4	3	0.3333	0.2563
EGFR	PSMC2	3	0.6922	0.0979
PDHA1	PSMC2	3	0.4323	0.2165
RAB11A	PSMC2	3	0.6865	0.1011
EGFR	ARL2	3	1.0000	0.0000
PDHA1	ARL2	3	1.0000	0.0000
RAB11A	ARL2	3	1.0000	0.0000
EGFR	ARL3	3	0.5678	0.1701
PDHA1	ARL3	3	0.2011	0.3552
RAB11A	ARL3	3	0.8703	0.0141
EGFR	ATP5F1C	3	0.8266	0.0282
PDHA1	ATP5F1C	3	0.7918	0.0438
RAB11A	ATP5F1C	3	0.7610	0.0593
EGFR	CPOX	3	0.1463	0.3793
PDHA1	CPOX	3	0.0534	0.4481
RAB11A	CPOX	3	0.7962	0.0410
EGFR	RPL4	3	0.3475	0.2504
PDHA1	RPL4	3	0.0357	0.4672
RAB11A	RPL4	3	0.3815	0.2357
RAB11A	NUDT1	3	0.5046	0.1912
EGFR	LONP1	3	0.0920	0.4145
PDHA1	LONP1	3	0.6529	0.1431
RAB11A	LONP1	3	0.8622	0.0166
EGFR	PPP1CC	3	0.5892	0.1631
PDHA1	PPP1CC	3	0.1025	0.4068
RAB11A	PPP1CC	3	0.6350	0.1495
EGFR	BMPR1A	3	0.3333	0.2563
EGFR	TGFBR1	3	1.0000	0.0000
RAB11A	TGFBR1	3	1.0000	0.0000
EGFR	POLR2I	3	0.5049	0.1910
PDHA1	POLR2I	3	0.4333	0.2162
RAB11A	POLR2I	3	0.5003	0.1926
EGFR	SREBF1	3	0.3333	0.2563
PDHA1	DLST	3	0.0633	0.4384
RAB11A	DLST	3	0.0414	0.4612
EGFR	GPX4	3	0.4946	0.1946
PDHA1	GPX4	3	0.0452	0.4571
RAB11A	GPX4	3	0.0309	0.4726
EGFR	SRP14	3	0.2353	0.3420
PDHA1	SRP14	3	0.0684	0.4339
RAB11A	SRP14	3	0.6769	0.1065
EGFR	NUP62	3	0.4977	0.1934
PDHA1	NUP62	3	0.2108	0.3516
RAB11A	NUP62	3	0.6512	0.1439
EGFR	HPCAL1	3	0.3333	0.2563
RAB11A	HPCAL1	3	0.3333	0.2563
EGFR	FDFT1	3	0.2187	0.3481
PDHA1	FDFT1	3	0.0055	0.5180
RAB11A	FDFT1	3	0.6860	0.1013
EGFR	TAGLN2	3	0.9996	0.0000
PDHA1	TAGLN2	3	0.2046	0.3538
RAB11A	TAGLN2	3	0.7594	0.0601
EGFR	TALDO1	3	0.0211	0.4847
RAB11A	TALDO1	3	0.0035	0.5247
EGFR	ETFB	3	0.6667	0.1114
PDHA1	ETFB	3	0.6667	0.1114
EGFR	RBMX	3	0.3871	0.2335
PDHA1	RBMX	3	0.8168	0.0316
RAB11A	RBMX	3	0.2317	0.3431
EGFR	BRCA1	3	0.0119	0.5024
RAB11A	BRCA1	3	0.0004	0.5449
EGFR	COIL	3	0.0060	0.5167
PDHA1	COIL	3	0.0000	0.5559
RAB11A	COIL	3	0.0125	0.5010
PDHA1	GGCX	3	0.0391	0.4636
RAB11A	GGCX	3	0.3330	0.3048
EGFR	ATP6V1A	3	0.7173	0.0840
PDHA1	ATP6V1A	3	0.1632	0.3714
RAB11A	ATP6V1A	3	0.6464	0.1455
EGFR	HSPA9	3	0.2754	0.3276
PDHA1	HSPA9	3	0.5547	0.1741
RAB11A	HSPA9	3	0.7613	0.0587
EGFR	EIF4A3	3	0.7985	0.0396
PDHA1	EIF4A3	3	0.4318	0.2168
RAB11A	EIF4A3	3	0.6891	0.0998
RAB11A	IGHMBP2	3	0.3333	0.2563
EGFR	RPL3	3	0.7298	0.0767
PDHA1	RPL3	3	0.2194	0.3477
RAB11A	RPL3	3	0.7408	0.0707
EGFR	DDOST	3	1.0000	0.0000
RAB11A	DDOST	3	0.3333	0.2563
RAB11A	ANP32A	3	0.3333	0.2563
EGFR	FEN1	3	0.7680	0.0558
PDHA1	FEN1	3	0.0991	0.4089
RAB11A	FEN1	3	0.6398	0.1477
RAB11A	CUX1	3	0.0000	0.5559
EGFR	CAP2	3	0.3333	0.2563
RAB11A	CAP2	3	0.6667	0.1114
EGFR	IL6ST	3	1.0000	0.0000
RAB11A	IL6ST	3	1.0000	0.0000
EGFR	TXLNA	3	0.3232	0.3106
PDHA1	TXLNA	3	0.0593	0.4422
RAB11A	TXLNA	3	0.5349	0.1815
EGFR	CCT6A	3	0.3243	0.3101
PDHA1	CCT6A	3	0.1860	0.3613
RAB11A	CCT6A	3	0.3287	0.3077
RAB11A	PBX1	3	0.0115	0.5030
EGFR	RPL13A	3	0.9990	0.0000
PDHA1	RPL13A	3	0.9978	0.0001
RAB11A	RPL13A	3	0.9967	0.0001
EGFR	ARL1	3	0.6261	0.1526
PDHA1	ARL1	3	0.1691	0.3685
RAB11A	ARL1	3	0.7025	0.0915
EGFR	MLH1	3	0.0000	0.5559
RAB11A	MLH1	3	0.0006	0.5422
EGFR	STAT3	3	0.6397	0.1478
PDHA1	STAT3	3	0.2763	0.3274
RAB11A	STAT3	3	0.6368	0.1489
EGFR	USP8	3	0.3333	0.2563
RAB11A	USP8	3	0.3333	0.2563
EGFR	PEX19	3	0.1888	0.3598
PDHA1	PEX19	3	0.0985	0.4095
RAB11A	PEX19	3	0.6467	0.1454
PDHA1	MDH1	3	0.0340	0.4693
PDHA1	MDH2	3	0.9674	0.0018
RAB11A	MDH2	3	0.3371	0.2545
EGFR	RFC5	3	0.5970	0.1611
PDHA1	RFC5	3	0.0685	0.4338
RAB11A	RFC5	3	0.4548	0.2084
EGFR	RFC3	3	0.5776	0.1673
RAB11A	RFC3	3	0.7814	0.0485
EGFR	HADHA	3	0.5395	0.1796
PDHA1	HADHA	3	0.2596	0.3336
RAB11A	HADHA	3	0.3792	0.2362
EGFR	EIF2S3	3	0.7432	0.0686
PDHA1	EIF2S3	3	0.1597	0.3735
RAB11A	EIF2S3	3	0.5759	0.1677
EGFR	CETN2	3	0.0011	0.5371
RAB11A	CETN2	3	0.0210	0.4848
EGFR	EIF2D	3	0.0686	0.4337
PDHA1	EIF2D	3	0.0004	0.5449
RAB11A	EIF2D	3	0.1968	0.3571
RAB11A	BUD31	3	0.0065	0.5152
EGFR	NAA10	3	0.5486	0.1761
PDHA1	NAA10	3	0.1359	0.3851
RAB11A	NAA10	3	0.5993	0.1602
RAB11A	KDM5C	3	0.0000	0.5559
EGFR	PPP1R2	3	0.0001	0.5518
RAB11A	PPP1R2	3	0.0034	0.5252
EGFR	CSK	3	0.6531	0.1430
PDHA1	CSK	3	0.2630	0.3321
RAB11A	CSK	3	0.7269	0.0783
EGFR	GARS1	3	0.1232	0.3916
PDHA1	GARS1	3	0.7807	0.0488
RAB11A	GARS1	3	0.7922	0.0435
EGFR	IARS1	3	0.7404	0.0710
PDHA1	IARS1	3	0.4490	0.2101
RAB11A	IARS1	3	0.7650	0.0572
EGFR	SLC19A1	3	1.0000	0.0000
RAB11A	SLC19A1	3	0.6667	0.1114
EGFR	EIF1	3	0.2641	0.3318
PDHA1	EIF1	3	0.0920	0.4145
RAB11A	EIF1	3	0.1361	0.3846
EGFR	PRKCI	3	0.6824	0.1035
PDHA1	PRKCI	3	0.0496	0.4525
RAB11A	PRKCI	3	0.7602	0.0599
PDHA1	ECI1	3	1.0000	0.0000
EGFR	TMPO	3	0.7205	0.0818
PDHA1	TMPO	3	0.1491	0.3781
RAB11A	TMPO	3	0.7277	0.0777
EGFR	STAT1	3	0.5047	0.1912
PDHA1	STAT1	3	0.0021	0.5311
RAB11A	STAT1	3	0.2566	0.3346
EGFR	MTREX	3	0.7538	0.0630
PDHA1	MTREX	3	0.4489	0.2102
RAB11A	MTREX	3	0.7469	0.0673
EGFR	PIK3CA	3	0.9505	0.0033
EGFR	PIK3CB	3	1.0000	0.0000
RAB11A	PIK3CB	3	0.6667	0.1114
EGFR	MTOR	3	0.1713	0.3675
PDHA1	MTOR	3	0.0083	0.5108
RAB11A	MTOR	3	0.1219	0.3928
EGFR	PI4KA	3	1.0000	0.0000
RAB11A	PI4KA	3	0.4468	0.2109
PDHA1	HAL	3	0.3333	0.2563
EGFR	EPS15	3	0.8576	0.0180
RAB11A	EPS15	3	0.8847	0.0118
EGFR	CASP3	3	0.3844	0.2346
PDHA1	CASP3	3	0.1108	0.4005
RAB11A	CASP3	3	0.9984	0.0000
EGFR	CASP2	3	0.0743	0.4288
RAB11A	CASP2	3	0.4609	0.2057
EGFR	RPS27	3	0.6805	0.1046
PDHA1	RPS27	3	0.1255	0.3900
RAB11A	RPS27	3	0.4551	0.2081
EGFR	ABL2	3	0.5508	0.1755
RAB11A	ABL2	3	0.1361	0.3846
EGFR	HELZ	3	0.0003	0.5468
RAB11A	HELZ	3	0.0457	0.4569
EGFR	NCAPD3	3	0.0001	0.5518
RAB11A	NCAPD3	3	0.0000	0.5559
EGFR	RBM34	3	0.7483	0.0666
PDHA1	RBM34	3	0.0167	0.4926
RAB11A	RBM34	3	0.1145	0.3979
RAB11A	LIFR	3	1.0000	0.0000
EGFR	LRPPRC	3	0.6662	0.1372
PDHA1	LRPPRC	3	0.9052	0.0087
RAB11A	LRPPRC	3	0.7602	0.0599
EGFR	ACAA2	3	0.9997	0.0000
PDHA1	ACAA2	3	0.9999	0.0000
RAB11A	ACAA2	3	0.2603	0.3334
EGFR	CDKN2A	3	0.8029	0.0370
PDHA1	CDKN2A	3	0.6915	0.0985
RAB11A	CDKN2A	3	0.8530	0.0195
EGFR	HTT	3	0.4369	0.2147
RAB11A	HTT	3	1.0000	0.0000
RAB11A	ECE1	3	1.0000	0.0000
RAB11A	SLC1A3	3	1.0000	0.0000
RAB11A	SLC1A1	3	1.0000	0.0000
PDHA1	PAFAH1B1	3	0.0003	0.5468
EGFR	MCAM	3	1.0000	0.0000
RAB11A	MCAM	3	0.6667	0.1114
PDHA1	CRAT	3	0.3333	0.2563
EGFR	MATR3	3	0.3536	0.2473
PDHA1	MATR3	3	0.0192	0.4881
RAB11A	MATR3	3	0.5364	0.1810
EGFR	MSH2	3	0.0905	0.4155
PDHA1	MSH2	3	0.0005	0.5435
RAB11A	MSH2	3	0.1038	0.4057
EGFR	GRK6	3	0.7957	0.0414
RAB11A	GRK6	3	0.6753	0.1077
EGFR	GPD2	3	0.3284	0.3079
PDHA1	GPD2	3	0.2093	0.3525
RAB11A	GPD2	3	0.8351	0.0251
EGFR	PTPN9	3	0.3192	0.3124
RAB11A	PTPN9	3	0.9944	0.0002
RAB11A	SYK	3	0.0000	0.5559
EGFR	RANBP1	3	0.6343	0.1496
PDHA1	RANBP1	3	0.1285	0.3884
RAB11A	RANBP1	3	0.5248	0.1853
EGFR	NAMPT	3	0.6227	0.1535
PDHA1	NAMPT	3	0.0537	0.4477
RAB11A	NAMPT	3	0.7650	0.0572
EGFR	PSMC4	3	0.0119	0.5024
RAB11A	PSMC4	3	0.0047	0.5208
EGFR	TSFM	3	0.0949	0.4122
PDHA1	TSFM	3	0.5392	0.1798
RAB11A	TSFM	3	0.5433	0.1784
EGFR	VDAC2	3	0.7613	0.0587
PDHA1	VDAC2	3	0.1686	0.3688
RAB11A	VDAC2	3	0.5626	0.1717
RAB11A	ACADSB	3	0.9119	0.0077
EGFR	CBX5	3	0.0153	0.4956
PDHA1	CBX5	3	0.0133	0.4993
RAB11A	CBX5	3	0.3713	0.2396
EGFR	USP5	3	0.0519	0.4497
PDHA1	USP5	3	0.0385	0.4648
RAB11A	USP5	3	0.5642	0.1712
EGFR	MAPK9	3	0.2873	0.3238
PDHA1	MAPK9	3	0.0321	0.4714
RAB11A	MAPK9	3	0.6339	0.1501
EGFR	MKI67	3	0.3943	0.2308
PDHA1	MKI67	3	0.0399	0.4625
RAB11A	MKI67	3	0.6310	0.1509
RAB11A	PHKA2	3	0.0122	0.5018
EGFR	PHKA1	3	0.1035	0.4058
RAB11A	PHKA1	3	0.1625	0.3717
EGFR	RANGAP1	3	0.7913	0.0441
PDHA1	RANGAP1	3	0.4746	0.2018
RAB11A	RANGAP1	3	0.8179	0.0312
EGFR	RECQL	3	0.3881	0.2331
PDHA1	RECQL	3	0.1321	0.3865
RAB11A	RECQL	3	0.6740	0.1083
EGFR	NOP2	3	0.6603	0.1396
PDHA1	NOP2	3	0.2939	0.3213
RAB11A	NOP2	3	0.7413	0.0701
RAB11A	ATRX	3	0.0000	0.5559
EGFR	CRK	3	0.5713	0.1689
RAB11A	CRK	3	0.0941	0.4127
EGFR	CRKL	3	0.0867	0.4189
PDHA1	CRKL	3	0.0764	0.4269
RAB11A	CRKL	3	0.1092	0.4016
PDHA1	MTIF2	3	1.0000	0.0000
EGFR	BAG6	3	0.3333	0.2563
EGFR	NSF	3	0.6954	0.0962
PDHA1	NSF	3	0.0011	0.5371
RAB11A	NSF	3	0.2618	0.3325
EGFR	NOTCH1	3	0.6667	0.1114
RAB11A	MAP2K3	3	0.1338	0.3860
EGFR	BRCC3	3	0.0022	0.5303
RAB11A	BRCC3	3	0.0223	0.4830
EGFR	RPL27A	3	0.6970	0.0953
PDHA1	RPL27A	3	0.6912	0.0986
RAB11A	RPL27A	3	0.4069	0.2262
EGFR	RPL5	3	0.6341	0.1499
PDHA1	RPL5	3	0.1107	0.4007
RAB11A	RPL5	3	0.4367	0.2149
EGFR	RPL21	3	0.5344	0.1816
PDHA1	RPL21	3	0.0440	0.4588
RAB11A	RPL21	3	0.3936	0.2312
EGFR	RPL28	3	0.7963	0.0407
PDHA1	RPL28	3	0.4471	0.2109
RAB11A	RPL28	3	0.8104	0.0340
EGFR	RPS9	3	0.6128	0.1569
PDHA1	RPS9	3	0.0918	0.4146
RAB11A	RPS9	3	0.5744	0.1684
EGFR	RPS5	3	0.2368	0.3416
PDHA1	RPS5	3	0.0220	0.4836
RAB11A	RPS5	3	0.6029	0.1593
EGFR	RPS10	3	0.0035	0.5247
PDHA1	RPS10	3	0.2282	0.3445
RAB11A	RPS10	3	0.0066	0.5149
EGFR	MAP1B	3	0.7008	0.0926
PDHA1	MAP1B	3	0.4511	0.2095
RAB11A	MAP1B	3	0.7490	0.0662
EGFR	YAP1	3	0.0000	0.5559
RAB11A	YAP1	3	0.0000	0.5559
EGFR	UTRN	3	1.0000	0.0000
PDHA1	UTRN	3	0.0046	0.5212
RAB11A	UTRN	3	0.1350	0.3854
EGFR	IQGAP1	3	1.0000	0.0000
PDHA1	IQGAP1	3	0.1020	0.4071
RAB11A	IQGAP1	3	0.6309	0.1511
EGFR	GYG1	3	0.0001	0.5518
EGFR	STT3A	3	0.5321	0.1827
PDHA1	STT3A	3	0.0190	0.4886
RAB11A	STT3A	3	0.2696	0.3297
EGFR	CAPZA2	3	0.7260	0.0786
PDHA1	CAPZA2	3	0.3271	0.3089
RAB11A	CAPZA2	3	0.7393	0.0715
EGFR	CAPZB	3	0.1304	0.3872
PDHA1	CAPZB	3	0.0343	0.4689
RAB11A	CAPZB	3	0.3961	0.2302
EGFR	QARS1	3	0.5794	0.1665
PDHA1	QARS1	3	0.1322	0.3864
RAB11A	QARS1	3	0.6470	0.1451
EGFR	RPL29	3	0.1856	0.3615
PDHA1	RPL29	3	0.4628	0.2052
RAB11A	RPL29	3	0.1844	0.3618
PDHA1	LGALS7	3	0.1165	0.3968
EGFR	UQCRFS1	3	0.1836	0.3621
PDHA1	UQCRFS1	3	0.9247	0.0060
RAB11A	UQCRFS1	3	0.3878	0.2332
EGFR	ATP5PO	3	0.1109	0.4005
PDHA1	ATP5PO	3	0.4384	0.2140
RAB11A	ATP5PO	3	0.5335	0.1820
EGFR	PREP	3	0.5975	0.1608
PDHA1	PREP	3	0.7187	0.0833
RAB11A	PREP	3	0.8007	0.0387
EGFR	PIP4K2A	3	0.0111	0.5040
EGFR	ARCN1	3	0.8394	0.0242
PDHA1	ARCN1	3	0.2739	0.3282
RAB11A	ARCN1	3	0.8113	0.0334
EGFR	LSS	3	0.0232	0.4816
RAB11A	LSS	3	0.5045	0.1913
EGFR	PPP3CC	3	0.6667	0.1114
RAB11A	PPP3CC	3	0.6667	0.1114
EGFR	GCLC	3	0.0125	0.5010
RAB11A	GCLC	3	0.3422	0.2522
EGFR	GCLM	3	0.4367	0.2149
PDHA1	GCLM	3	0.6240	0.1529
RAB11A	GCLM	3	0.2955	0.3211
RAB11A	TRAPPC10	3	1.0000	0.0000
EGFR	PSMD8	3	0.7499	0.0656
PDHA1	PSMD8	3	0.0498	0.4523
RAB11A	PSMD8	3	0.7887	0.0454
EGFR	PRRC2A	3	0.1377	0.3835
RAB11A	PRRC2A	3	0.0782	0.4248
EGFR	CCT5	3	0.2426	0.3394
PDHA1	CCT5	3	0.0158	0.4944
RAB11A	CCT5	3	0.4178	0.2218
EGFR	PTDSS1	3	0.0068	0.5144
RAB11A	PTDSS1	3	0.0144	0.4977
EGFR	CSNK1A1	3	0.7095	0.0880
RAB11A	CSNK1A1	3	0.0623	0.4392
EGFR	IDH2	3	0.6649	0.1379
PDHA1	IDH2	3	0.7361	0.0731
RAB11A	IDH2	3	0.9949	0.0002
EGFR	PITPNB	3	0.0887	0.4168
PDHA1	PITPNB	3	0.0269	0.4771
RAB11A	PITPNB	3	0.5889	0.1632
EGFR	POLD2	3	0.0003	0.5468
RAB11A	POLD2	3	0.1460	0.3794
EGFR	MARCKSL1	3	0.9928	0.0003
PDHA1	MARCKSL1	3	0.0219	0.4838
RAB11A	MARCKSL1	3	0.9922	0.0004
EGFR	PXN	3	0.4103	0.2248
RAB11A	PXN	3	0.7247	0.0795
EGFR	CAMLG	3	1.0000	0.0000
RAB11A	CAMLG	3	1.0000	0.0000
EGFR	ALDH9A1	3	0.0778	0.4252
PDHA1	ALDH9A1	3	0.3525	0.2477
RAB11A	ALDH9A1	3	0.0149	0.4965
EGFR	RPL34	3	0.5376	0.1805
PDHA1	RPL34	3	0.0846	0.4202
RAB11A	RPL34	3	0.2446	0.3388
EGFR	LMAN1	3	1.0000	0.0000
RAB11A	LMAN1	3	1.0000	0.0000
EGFR	NASP	3	0.2081	0.3529
PDHA1	NASP	3	0.0446	0.4579
RAB11A	NASP	3	0.4638	0.2048
EGFR	FASN	3	0.5633	0.1714
PDHA1	FASN	3	0.1006	0.4082
RAB11A	FASN	3	0.6339	0.1501
EGFR	FNTB	3	0.6765	0.1067
PDHA1	FNTB	3	0.0384	0.4650
RAB11A	FNTB	3	0.7063	0.0898
RAB11A	DHPS	3	0.0199	0.4869
EGFR	CCT3	3	0.8053	0.0359
PDHA1	CCT3	3	0.7114	0.0868
RAB11A	CCT3	3	0.8539	0.0193
PDHA1	MRPL19	3	0.0037	0.5243
EGFR	TUFM	3	0.5371	0.1807
PDHA1	TUFM	3	0.3316	0.3064
RAB11A	TUFM	3	0.8187	0.0308
EGFR	ALDH7A1	3	0.7662	0.0568
PDHA1	ALDH7A1	3	0.7040	0.0909
RAB11A	ALDH7A1	3	0.4414	0.2132
EGFR	INPP1	3	0.0075	0.5124
RAB11A	INPP1	3	0.0064	0.5156
EGFR	CENPF	3	0.0011	0.5371
PDHA1	CENPF	3	0.0000	0.5559
RAB11A	CENPF	3	0.0418	0.4607
EGFR	SRP9	3	0.3373	0.2544
PDHA1	SRP9	3	0.0433	0.4593
RAB11A	SRP9	3	0.3321	0.3059
RAB11A	UBE2A	3	0.2697	0.3296
EGFR	PCYT1A	3	0.0515	0.4501
PDHA1	PCYT1A	3	0.0190	0.4886
RAB11A	PCYT1A	3	0.0726	0.4303
EGFR	AARS1	3	0.7479	0.0670
PDHA1	AARS1	3	0.5382	0.1802
RAB11A	AARS1	3	0.7973	0.0403
EGFR	CARS1	3	0.3386	0.2537
RAB11A	CARS1	3	0.0872	0.4183
PDHA1	HARS2	3	1.0000	0.0000
EGFR	SARS1	3	0.0874	0.4182
PDHA1	SARS1	3	0.0073	0.5129
RAB11A	SARS1	3	0.1169	0.3963
EGFR	PRIM1	3	0.0074	0.5126
RAB11A	PRIM1	3	0.0017	0.5331
EGFR	PRIM2	3	0.0011	0.5371
RAB11A	PRIM2	3	0.0007	0.5414
EGFR	CSNK1E	3	0.5628	0.1716
RAB11A	CSNK1E	3	0.0471	0.4554
EGFR	PSMB2	3	0.0621	0.4392
RAB11A	PSMB2	3	0.3409	0.2530
EGFR	MCM2	3	0.7427	0.0691
PDHA1	MCM2	3	0.4872	0.1981
RAB11A	MCM2	3	0.7844	0.0473
PDHA1	ACADVL	3	0.4920	0.1955
RAB11A	ACADVL	3	0.0037	0.5243
RAB11A	YLPM1	3	0.0000	0.5559
EGFR	ACOT2	3	0.0216	0.4841
PDHA1	ACOT2	3	0.5045	0.1913
RAB11A	ACOT2	3	0.3726	0.2389
EGFR	VPS41	3	0.1379	0.3834
RAB11A	VPS41	3	0.3214	0.3114
RAB11A	TMED10	3	0.6667	0.1114
EGFR	RBM25	3	0.0013	0.5358
PDHA1	RBM25	3	0.0001	0.5518
RAB11A	RBM25	3	0.0268	0.4773
EGFR	NUMB	3	0.9964	0.0001
PDHA1	NUMB	3	0.0490	0.4534
RAB11A	NUMB	3	0.8700	0.0142
RAB11A	CLK3	3	0.0376	0.4658
EGFR	PSEN1	3	1.0000	0.0000
RAB11A	PSEN1	3	1.0000	0.0000
EGFR	EIF2B2	3	0.0053	0.5185
EGFR	HINT1	3	1.0000	0.0000
PDHA1	HINT1	3	0.3333	0.2563
RAB11A	HINT1	3	0.3333	0.2563
EGFR	NUP153	3	0.7718	0.0537
PDHA1	NUP153	3	0.4027	0.2281
RAB11A	NUP153	3	0.7773	0.0502
EGFR	RANBP2	3	0.6996	0.0937
PDHA1	RANBP2	3	0.4068	0.2263
RAB11A	RANBP2	3	0.7071	0.0892
EGFR	TSC2	3	0.4380	0.2142
PDHA1	NDUFV1	3	1.0000	0.0000
EGFR	GSK3A	3	0.8912	0.0107
PDHA1	GSK3A	3	0.0372	0.4662
RAB11A	GSK3A	3	0.8022	0.0378
EGFR	GSK3B	3	0.8193	0.0306
RAB11A	GSK3B	3	0.8355	0.0251
EGFR	TAF6	3	0.0000	0.5559
EGFR	SEPHS1	3	0.0050	0.5196
RAB11A	SEPHS1	3	0.0000	0.5559
EGFR	GMPS	3	0.3832	0.2351
PDHA1	GMPS	3	0.0443	0.4585
RAB11A	GMPS	3	0.4220	0.2203
EGFR	LIG3	3	0.4799	0.2002
PDHA1	LIG3	3	0.3244	0.3100
RAB11A	LIG3	3	0.6167	0.1557
EGFR	MRE11	3	0.0474	0.4550
PDHA1	MRE11	3	0.0000	0.5559
RAB11A	MRE11	3	0.0511	0.4507
EGFR	IDH3A	3	0.5159	0.1879
PDHA1	IDH3A	3	0.8612	0.0172
RAB11A	IDH3A	3	0.7465	0.0675
EGFR	SULT1A1	3	0.5437	0.1781
PDHA1	SULT1A1	3	0.0882	0.4177
RAB11A	SULT1A1	3	0.6646	0.1382
RAB11A	PPOX	3	0.0008	0.5401
EGFR	GDI2	3	0.8094	0.0344
PDHA1	GDI2	3	0.4950	0.1945
RAB11A	GDI2	3	0.8913	0.0107
EGFR	EMD	3	0.7197	0.0825
PDHA1	EMD	3	0.3787	0.2363
RAB11A	EMD	3	0.7295	0.0768
EGFR	SERPINH1	3	0.7171	0.0842
PDHA1	SERPINH1	3	0.4078	0.2256
RAB11A	SERPINH1	3	0.7695	0.0551
EGFR	ST13	3	0.6622	0.1388
PDHA1	ST13	3	0.1115	0.4001
RAB11A	ST13	3	0.6024	0.1595
EGFR	PEX5	3	0.0180	0.4907
RAB11A	PEX5	3	0.2342	0.3425
EGFR	VASP	3	0.2928	0.3216
EGFR	DNM2	3	0.4438	0.2120
PDHA1	DNM2	3	0.0165	0.4932
RAB11A	DNM2	3	0.1506	0.3774
EGFR	METAP2	3	0.6667	0.1114
EGFR	NUDT2	3	0.0016	0.5339
RAB11A	NUDT2	3	0.0460	0.4564
EGFR	HLCS	3	0.1537	0.3759
PDHA1	HLCS	3	0.5266	0.1846
RAB11A	HLCS	3	0.2244	0.3459
EGFR	KNTC1	3	0.0023	0.5297
RAB11A	KNTC1	3	0.0316	0.4719
EGFR	LRBA	3	0.9998	0.0000
RAB11A	LRBA	3	1.0000	0.0000
EGFR	RPL14	3	0.0364	0.4669
PDHA1	RPL14	3	0.0143	0.4979
RAB11A	RPL14	3	0.0812	0.4228
EGFR	CCT8	3	0.5971	0.1610
PDHA1	CCT8	3	0.1389	0.3830
RAB11A	CCT8	3	0.5815	0.1661
EGFR	CCT4	3	0.6423	0.1467
PDHA1	CCT4	3	0.2401	0.3405
RAB11A	CCT4	3	0.7500	0.0655
EGFR	ANXA11	3	0.7899	0.0446
PDHA1	ANXA11	3	0.0758	0.4277
RAB11A	ANXA11	3	0.3959	0.2304
EGFR	PAPOLA	3	0.7762	0.0508
PDHA1	PAPOLA	3	0.0979	0.4100
RAB11A	PAPOLA	3	0.7937	0.0425
EGFR	FXR1	3	0.5957	0.1615
PDHA1	FXR1	3	0.1982	0.3566
RAB11A	FXR1	3	0.5819	0.1659
EGFR	FXR2	3	0.7123	0.0865
PDHA1	FXR2	3	0.3567	0.2459
RAB11A	FXR2	3	0.6680	0.1110
EGFR	RAB5C	3	0.9993	0.0000
PDHA1	RAB5C	3	0.1217	0.3930
RAB11A	RAB5C	3	1.0000	0.0000
EGFR	RAB7A	3	1.0000	0.0000
PDHA1	RAB7A	3	0.3333	0.2563
RAB11A	RAB7A	3	0.6667	0.1114
EGFR	RAB9A	3	0.0089	0.5094
RAB11A	RAB9A	3	0.4285	0.2182
EGFR	RAB13	3	0.9990	0.0000
PDHA1	RAB13	3	0.5145	0.1883
RAB11A	RAB13	3	0.9962	0.0001
EGFR	RAB28	3	1.0000	0.0000
RAB11A	RAB28	3	1.0000	0.0000
EGFR	RAB27A	3	1.0000	0.0000
RAB11A	RAB27A	3	1.0000	0.0000
EGFR	DAP3	3	0.0884	0.4173
PDHA1	DAP3	3	0.1789	0.3637
RAB11A	DAP3	3	0.3165	0.3134
EGFR	DUSP3	3	0.2159	0.3498
PDHA1	DUSP3	3	0.0001	0.5518
RAB11A	DUSP3	3	0.2154	0.3500
EGFR	DNA2	3	0.0001	0.5518
RAB11A	DNA2	3	0.0299	0.4739
RAB11A	SMARCA2	3	0.0063	0.5159
EGFR	SMARCA4	3	0.0000	0.5559
RAB11A	SMARCA4	3	0.0009	0.5391
PDHA1	IDH3G	3	0.6667	0.1114
EGFR	GALK1	3	0.0548	0.4468
RAB11A	GALK1	3	0.7964	0.0406
EGFR	SSR4	3	0.6762	0.1069
PDHA1	SSR4	3	0.2382	0.3411
RAB11A	SSR4	3	0.8397	0.0240
EGFR	BCAP31	3	1.0000	0.0000
RAB11A	BCAP31	3	0.3333	0.2563
PDHA1	TPMT	3	0.1100	0.4012
RAB11A	TPMT	3	0.2823	0.3254
EGFR	BRCA2	3	0.0001	0.5518
RAB11A	BRCA2	3	0.0069	0.5138
EGFR	HCFC1	3	0.2253	0.3458
PDHA1	HCFC1	3	0.0335	0.4697
RAB11A	HCFC1	3	0.4969	0.1939
EGFR	IRAK1	3	0.4236	0.2197
RAB11A	IRAK1	3	0.0333	0.4699
EGFR	ALDH3A2	3	0.6797	0.1052
RAB11A	ALDH3A2	3	0.9972	0.0001
PDHA1	ALDH5A1	3	0.6667	0.1114
RAB11A	ALDH5A1	3	0.3333	0.2563
EGFR	HSD17B4	3	0.7482	0.0668
PDHA1	HSD17B4	3	0.2294	0.3440
RAB11A	HSD17B4	3	0.7264	0.0784
EGFR	PSMD7	3	0.4942	0.1946
RAB11A	PSMD7	3	0.6654	0.1376
EGFR	UBE2D1	3	0.9982	0.0001
PDHA1	UBE2D1	3	0.3371	0.2545
RAB11A	UBE2D1	3	0.3333	0.2563
EGFR	STAT5B	3	0.0128	0.5005
PDHA1	STAT5B	3	0.0153	0.4956
RAB11A	STAT5B	3	0.3548	0.2468
EGFR	USP11	3	0.0028	0.5274
PDHA1	USP11	3	0.0001	0.5518
RAB11A	USP11	3	0.0736	0.4294
EGFR	PLXNA3	3	0.3333	0.2563
EGFR	VAMP7	3	1.0000	0.0000
RAB11A	VAMP7	3	1.0000	0.0000
EGFR	RPS6KA3	3	0.7673	0.0563
RAB11A	RPS6KA3	3	0.7604	0.0598
EGFR	HDGF	3	0.1474	0.3789
PDHA1	HDGF	3	0.1017	0.4073
RAB11A	HDGF	3	0.9054	0.0086
EGFR	NEK3	3	0.1419	0.3817
RAB11A	NEK3	3	0.0764	0.4269
EGFR	NEK4	3	0.2330	0.3428
PDHA1	NEK4	3	0.3333	0.2563
RAB11A	NEK4	3	0.3411	0.2529
EGFR	UBE2E1	3	0.1989	0.3562
PDHA1	UBE2E1	3	0.1830	0.3625
RAB11A	UBE2E1	3	0.0130	0.4999
PDHA1	NDUFA8	3	0.6569	0.1410
RAB11A	NDUFA8	3	0.0552	0.4465
EGFR	HNRNPA3	3	0.1725	0.3667
PDHA1	HNRNPA3	3	0.1172	0.3962
RAB11A	HNRNPA3	3	0.6215	0.1540
EGFR	PGD	3	0.9996	0.0000
PDHA1	PGD	3	0.3271	0.3089
RAB11A	PGD	3	0.3122	0.3146
EGFR	HNRNPM	3	0.5794	0.1665
PDHA1	HNRNPM	3	0.0683	0.4340
RAB11A	HNRNPM	3	0.6381	0.1485
EGFR	KPNA2	3	0.7236	0.0801
PDHA1	KPNA2	3	0.2370	0.3415
RAB11A	KPNA2	3	0.6745	0.1079
EGFR	KPNA1	3	0.5304	0.1834
PDHA1	KPNA1	3	0.2332	0.3427
RAB11A	KPNA1	3	0.6662	0.1372
PDHA1	NCBP2	3	0.1709	0.3679
EGFR	DGKE	3	1.0000	0.0000
RAB11A	DGKE	3	1.0000	0.0000
EGFR	POLR2H	3	0.7218	0.0809
PDHA1	POLR2H	3	0.3416	0.2527
RAB11A	POLR2H	3	0.6850	0.1023
EGFR	ARHGDIA	3	0.0210	0.4848
RAB11A	ARHGDIA	3	0.3035	0.3181
RAB11A	SLC7A2	3	1.0000	0.0000
EGFR	AGFG1	3	0.9882	0.0007
RAB11A	AGFG1	3	0.0821	0.4219
EGFR	HNRNPF	3	0.1540	0.3757
PDHA1	HNRNPF	3	0.0521	0.4495
RAB11A	HNRNPF	3	0.4909	0.1963
EGFR	STAT2	3	0.0000	0.5559
RAB11A	STAT2	3	0.0228	0.4822
EGFR	MSH6	3	0.7964	0.0406
PDHA1	MSH6	3	0.3697	0.2402
RAB11A	MSH6	3	0.8253	0.0286
EGFR	KIF11	3	0.0848	0.4201
PDHA1	KIF11	3	0.0041	0.5226
RAB11A	KIF11	3	0.1069	0.4032
EGFR	VAV2	3	0.0131	0.4997
RAB11A	VAV2	3	0.0720	0.4309
EGFR	ZNF140	3	0.3333	0.2563
EGFR	RBM5	3	0.3272	0.3088
EGFR	HK2	3	0.7523	0.0639
PDHA1	HK2	3	0.1762	0.3646
RAB11A	HK2	3	0.8425	0.0226
EGFR	EFNB2	3	0.7556	0.0620
PDHA1	EFNB2	3	0.0868	0.4189
RAB11A	EFNB2	3	0.9905	0.0005
PDHA1	MRPL12	3	1.0000	0.0000
EGFR	THOP1	3	0.0411	0.4616
PDHA1	THOP1	3	0.0715	0.4319
RAB11A	THOP1	3	0.8694	0.0144
EGFR	CAPZA1	3	0.7468	0.0674
PDHA1	CAPZA1	3	0.3562	0.2462
RAB11A	CAPZA1	3	0.7506	0.0649
EGFR	NUP98	3	0.0015	0.5346
RAB11A	NUP98	3	0.0636	0.4376
EGFR	BLVRA	3	0.6805	0.1046
PDHA1	BLVRA	3	0.2758	0.3276
RAB11A	BLVRA	3	0.7625	0.0583
EGFR	SLC25A1	3	0.7420	0.0697
PDHA1	SLC25A1	3	0.3990	0.2291
RAB11A	SLC25A1	3	0.7796	0.0491
EGFR	PPP5C	3	0.3735	0.2387
PDHA1	PPP5C	3	0.0826	0.4216
RAB11A	PPP5C	3	0.8675	0.0149
EGFR	PLK1	3	0.7887	0.0454
PDHA1	PLK1	3	0.1839	0.3620
RAB11A	PLK1	3	0.6021	0.1595
RAB11A	DAPK1	3	1.0000	0.0000
EGFR	ARFIP2	3	0.6262	0.1525
RAB11A	ARFIP2	3	0.7609	0.0594
EGFR	ARFIP1	3	0.5108	0.1891
RAB11A	ARFIP1	3	0.9995	0.0000
EGFR	NUBP1	3	0.6667	0.1114
RAB11A	NUBP1	3	0.3333	0.2563
EGFR	ACLY	3	0.6602	0.1397
PDHA1	ACLY	3	0.2523	0.3356
RAB11A	ACLY	3	0.7438	0.0683
EGFR	SUCLG1	3	0.3104	0.3152
PDHA1	SUCLG1	3	0.0337	0.4696
RAB11A	SUCLG1	3	0.7428	0.0688
EGFR	MVD	3	0.1600	0.3733
RAB11A	RABGGTB	3	0.0195	0.4876
EGFR	COPB1	3	0.5636	0.1713
PDHA1	COPB1	3	0.0551	0.4466
RAB11A	COPB1	3	0.6011	0.1598
EGFR	COPA	3	0.8034	0.0366
PDHA1	COPA	3	0.5328	0.1822
RAB11A	COPA	3	0.7782	0.0501
RAB11A	AP3M2	3	0.3333	0.2563
EGFR	AP2S1	3	0.9620	0.0024
RAB11A	AP2S1	3	0.1256	0.3899
EGFR	HCCS	3	0.3058	0.3171
PDHA1	HCCS	3	0.6661	0.1374
RAB11A	HCCS	3	0.3248	0.3098
EGFR	TTC3	3	0.0000	0.5559
PDHA1	SMTN	3	0.0052	0.5189
EGFR	SLC16A1	3	0.6851	0.1022
PDHA1	SLC16A1	3	0.2722	0.3286
RAB11A	SLC16A1	3	0.6785	0.1059
EGFR	IST1	3	0.0298	0.4741
RAB11A	IST1	3	0.0186	0.4897
EGFR	SEC24C	3	0.4166	0.2225
PDHA1	SEC24C	3	0.0477	0.4548
RAB11A	SEC24C	3	0.6446	0.1462
EGFR	SUB1	3	0.9742	0.0014
PDHA1	SUB1	3	0.9891	0.0006
RAB11A	SUB1	3	0.9711	0.0015
PDHA1	POLG	3	0.8856	0.0115
EGFR	CLNS1A	3	0.1233	0.3915
PDHA1	CLNS1A	3	0.5449	0.1776
RAB11A	CLNS1A	3	0.6694	0.1102
PDHA1	BLM	3	0.0000	0.5559
RAB11A	BLM	3	0.0000	0.5559
EGFR	RARS1	3	0.6688	0.1104
PDHA1	RARS1	3	0.2475	0.3379
RAB11A	RARS1	3	0.7310	0.0757
EGFR	HIRA	3	0.0000	0.5559
RAB11A	ATXN3	3	0.1198	0.3942
EGFR	PMS1	3	0.0000	0.5559
RAB11A	PMS2	3	0.0006	0.5422
EGFR	YARS1	3	0.7852	0.0468
PDHA1	YARS1	3	0.2696	0.3297
RAB11A	YARS1	3	0.7648	0.0574
EGFR	USP14	3	0.6195	0.1545
PDHA1	USP14	3	0.1899	0.3591
RAB11A	USP14	3	0.7663	0.0567
EGFR	PRKAG1	3	0.9799	0.0011
RAB11A	PRKAG1	3	0.4279	0.2185
EGFR	PRKAA2	3	0.0066	0.5149
RAB11A	PRKAA2	3	0.0017	0.5331
EGFR	HSPA2	3	0.3333	0.2563
RAB11A	HSPA2	3	0.6667	0.1114
EGFR	BCAT1	3	0.6454	0.1459
PDHA1	BCAT1	3	0.3684	0.2409
RAB11A	BCAT1	3	0.7894	0.0449
EGFR	EPHB4	3	1.0000	0.0000
RAB11A	EPHB4	3	1.0000	0.0000
EGFR	EPHB1	3	0.6667	0.1114
RAB11A	EPHB1	3	0.3333	0.2563
EGFR	EPHA4	3	0.6231	0.1532
RAB11A	EPHA4	3	0.1806	0.3632
EGFR	AK2	3	0.0463	0.4562
PDHA1	AK2	3	0.0166	0.4928
RAB11A	AK2	3	0.7332	0.0746
EGFR	ALDH18A1	3	0.7196	0.0826
PDHA1	ALDH18A1	3	0.8234	0.0290
RAB11A	ALDH18A1	3	0.8232	0.0291
EGFR	NAPA	3	0.9846	0.0008
RAB11A	NAPA	3	1.0000	0.0000
EGFR	EIF5	3	0.7850	0.0468
PDHA1	EIF5	3	0.5428	0.1786
RAB11A	EIF5	3	0.8026	0.0374
EGFR	SLC12A2	3	1.0000	0.0000
RAB11A	SLC12A2	3	1.0000	0.0000
EGFR	PSMD4	3	0.7372	0.0724
PDHA1	PSMD4	3	0.2694	0.3298
RAB11A	PSMD4	3	0.7962	0.0410
EGFR	DRG2	3	0.7625	0.0583
PDHA1	DRG2	3	0.2694	0.3298
RAB11A	DRG2	3	0.7549	0.0625
EGFR	CSE1L	3	0.7031	0.0912
PDHA1	CSE1L	3	0.1705	0.3680
RAB11A	CSE1L	3	0.7271	0.0781
EGFR	VCP	3	0.5387	0.1800
RAB11A	VCP	3	0.0478	0.4546
RAB11A	MFAP1	3	0.0000	0.5559
PDHA1	HADHB	3	0.6401	0.1476
RAB11A	HADHB	3	0.0572	0.4443
EGFR	AFDN	3	0.9998	0.0000
PDHA1	AFDN	3	0.0183	0.4902
RAB11A	AFDN	3	0.0916	0.4148
PDHA1	MLLT10	3	0.3330	0.3048
RAB11A	MLLT6	3	0.0000	0.5559
EGFR	ELL	3	0.2667	0.3308
EGFR	NAP1L1	3	0.7106	0.0871
PDHA1	NAP1L1	3	0.3110	0.3150
RAB11A	NAP1L1	3	0.7308	0.0758
EGFR	CASP7	3	0.6667	0.1114
RAB11A	CASP7	3	1.0000	0.0000
PDHA1	CASP6	3	0.0481	0.4543
RAB11A	CASP6	3	0.8197	0.0304
RAB11A	ADK	3	0.0328	0.4706
EGFR	ADAR	3	0.2671	0.3307
PDHA1	ADAR	3	0.0614	0.4401
RAB11A	ADAR	3	0.5202	0.1863
EGFR	TPD52	3	0.0088	0.5097
RAB11A	TPD52	3	0.0396	0.4630
EGFR	SEC13	3	0.0008	0.5401
RAB11A	SEC13	3	0.0000	0.5559
EGFR	SNU13	3	0.5466	0.1768
PDHA1	SNU13	3	0.1130	0.3988
RAB11A	SNU13	3	0.1545	0.3755
EGFR	NPEPPS	3	0.6326	0.1504
PDHA1	NPEPPS	3	0.2552	0.3351
RAB11A	NPEPPS	3	0.6935	0.0973
EGFR	GFER	3	0.8666	0.0153
PDHA1	GFER	3	0.0259	0.4784
RAB11A	GFER	3	0.9901	0.0005
EGFR	HNRNPH2	3	0.6303	0.1512
PDHA1	HNRNPH2	3	0.2820	0.3255
RAB11A	HNRNPH2	3	0.6857	0.1017
EGFR	OXCT1	3	0.9419	0.0042
PDHA1	OXCT1	3	1.0000	0.0000
RAB11A	OXCT1	3	0.4869	0.1982
EGFR	EIF3B	3	0.2267	0.3452
PDHA1	EIF3B	3	0.0004	0.5449
RAB11A	EIF3B	3	0.1366	0.3841
EGFR	BID	3	0.6283	0.1517
PDHA1	BID	3	0.2259	0.3455
RAB11A	BID	3	0.8606	0.0174
EGFR	ATP5MF	3	0.3834	0.2348
PDHA1	ATP5MF	3	0.0833	0.4211
RAB11A	ATP5MF	3	0.8958	0.0101
EGFR	RRP1	3	0.3469	0.2508
RAB11A	RRP1	3	0.6226	0.1538
EGFR	MARS1	3	0.7005	0.0929
PDHA1	MARS1	3	0.4393	0.2136
RAB11A	MARS1	3	0.7847	0.0470
EGFR	ARPP19	3	0.1257	0.3899
EGFR	MAZ	3	0.4036	0.2277
PDHA1	MAZ	3	0.0608	0.4409
RAB11A	MAZ	3	0.5333	0.1820
RAB11A	AP1S2	3	0.3333	0.2563
EGFR	EIF6	3	0.2488	0.3373
PDHA1	EIF6	3	0.0631	0.4385
RAB11A	EIF6	3	0.2493	0.3371
EGFR	CTBP2	3	0.5668	0.1703
RAB11A	CTBP2	3	0.8021	0.0379
PDHA1	NDUFA6	3	1.0000	0.0000
EGFR	PEX3	3	0.0031	0.5263
RAB11A	PEX3	3	0.5814	0.1662
EGFR	KCNQ4	3	1.0000	0.0000
RAB11A	KCNQ4	3	0.3333	0.2563
RAB11A	STX17	3	0.3333	0.2563
EGFR	RIPK4	3	1.0000	0.0000
EGFR	TMEM33	3	0.9990	0.0000
PDHA1	TMEM33	3	0.5663	0.1705
RAB11A	TMEM33	3	0.9997	0.0000
EGFR	GEMIN4	3	0.0064	0.5156
PDHA1	GEMIN4	3	0.0007	0.5414
RAB11A	GEMIN4	3	0.0385	0.4648
RAB11A	RAB38	3	1.0000	0.0000
EGFR	CORO7	3	0.9925	0.0003
PDHA1	CORO7	3	0.0135	0.4989
RAB11A	CORO7	3	0.6950	0.0965
EGFR	NUP107	3	0.7362	0.0729
PDHA1	NUP107	3	0.0616	0.4398
RAB11A	NUP107	3	0.7202	0.0821
EGFR	EEFSEC	3	0.1649	0.3705
RAB11A	EEFSEC	3	0.5289	0.1840
EGFR	EPPK1	3	0.7673	0.0563
PDHA1	EPPK1	3	0.5518	0.1752
RAB11A	EPPK1	3	0.7724	0.0530
RAB11A	ANTXR2	3	1.0000	0.0000
EGFR	MTPN	3	0.0875	0.4181
PDHA1	MTPN	3	0.0664	0.4355
RAB11A	MTPN	3	0.3220	0.3111
EGFR	ARPC4	3	1.0000	0.0000
RAB11A	ARPC4	3	0.3333	0.2563
EGFR	SEC61G	3	1.0000	0.0000
PDHA1	SEC61G	3	0.3333	0.2563
RAB11A	SEC61G	3	1.0000	0.0000
EGFR	TPI1	3	0.4579	0.2067
PDHA1	TPI1	3	0.3299	0.3070
RAB11A	TPI1	3	0.6926	0.0978
EGFR	EIF3E	3	0.9031	0.0092
RAB11A	EIF3E	3	0.4193	0.2214
EGFR	SEC61B	3	0.0246	0.4799
PDHA1	SEC61B	3	0.0205	0.4858
RAB11A	SEC61B	3	0.1029	0.4064
RAB11A	PPP4C	3	1.0000	0.0000
EGFR	MYL6	3	0.5019	0.1920
PDHA1	MYL6	3	0.0332	0.4701
RAB11A	MYL6	3	0.5680	0.1701
EGFR	ACTB	3	0.5961	0.1614
PDHA1	ACTB	3	0.3483	0.2500
RAB11A	ACTB	3	0.2459	0.3382
EGFR	EIF4A1	3	0.7739	0.0520
PDHA1	EIF4A1	3	0.2553	0.3350
RAB11A	EIF4A1	3	0.7828	0.0479
EGFR	RPS20	3	0.2933	0.3215
PDHA1	RPS20	3	0.0233	0.4815
RAB11A	RPS20	3	0.4808	0.1995
EGFR	PRPS1	3	0.1444	0.3805
RAB11A	PRPS1	3	0.1280	0.3887
EGFR	S100A10	3	0.7504	0.0653
RAB11A	S100A10	3	0.6660	0.1374
EGFR	DSTN	3	0.6310	0.1509
PDHA1	DSTN	3	0.2815	0.3257
RAB11A	DSTN	3	0.8074	0.0349
EGFR	GMFB	3	0.9093	0.0079
PDHA1	GMFB	3	0.4768	0.2013
RAB11A	GMFB	3	0.8847	0.0118
EGFR	RAB8A	3	1.0000	0.0000
RAB11A	RAB8A	3	1.0000	0.0000
EGFR	SRP54	3	0.7522	0.0641
PDHA1	SRP54	3	0.4799	0.2002
RAB11A	SRP54	3	0.7195	0.0826
PDHA1	RAB5B	3	0.3333	0.2563
RAB11A	RAB5B	3	0.6667	0.1114
EGFR	RAB10	3	0.3333	0.2563
RAB11A	RAB10	3	0.6667	0.1114
EGFR	UBE2D3	3	0.9985	0.0000
PDHA1	UBE2D3	3	0.9493	0.0034
RAB11A	UBE2D3	3	0.3332	0.3044
EGFR	UBE2M	3	0.8408	0.0236
PDHA1	UBE2M	3	0.5763	0.1675
RAB11A	UBE2M	3	0.7845	0.0471
RAB11A	UBE2N	3	0.0203	0.4863
EGFR	RAB14	3	0.7463	0.0675
PDHA1	RAB14	3	0.1641	0.3709
RAB11A	RAB14	3	0.9837	0.0009
EGFR	ACTR3	3	0.9643	0.0022
PDHA1	ACTR3	3	0.9232	0.0062
RAB11A	ACTR3	3	1.0000	0.0000
EGFR	ACTR2	3	0.0187	0.4893
PDHA1	ACTR2	3	0.0004	0.5449
RAB11A	ACTR2	3	0.1776	0.3641
EGFR	ACTR1A	3	0.6667	0.1114
EGFR	COPS2	3	0.0751	0.4281
RAB11A	COPS2	3	0.5276	0.1842
EGFR	ABCE1	3	0.7825	0.0480
PDHA1	ABCE1	3	0.4911	0.1960
RAB11A	ABCE1	3	0.7522	0.0641
EGFR	RAP1B	3	0.0427	0.4598
RAB11A	RAP1B	3	0.3978	0.2297
RAB11A	RAP2B	3	0.3333	0.2563
EGFR	RPS3A	3	0.3603	0.2439
PDHA1	RPS3A	3	0.3507	0.2487
RAB11A	RPS3A	3	0.6617	0.1390
EGFR	RPL26	3	0.3181	0.3125
PDHA1	RPL26	3	0.5819	0.1659
RAB11A	RPL26	3	0.2996	0.3197
EGFR	PSME3	3	0.3909	0.2321
PDHA1	PSME3	3	0.0970	0.4107
RAB11A	PSME3	3	0.7231	0.0805
EGFR	RPL15	3	0.2010	0.3554
PDHA1	RPL15	3	0.0154	0.4951
RAB11A	RPL15	3	0.4093	0.2251
EGFR	MAGOH	3	0.0064	0.5156
EGFR	RPL27	3	0.4023	0.2281
PDHA1	RPL27	3	0.1195	0.3948
RAB11A	RPL27	3	0.4177	0.2219
PDHA1	ATP6V0D1	3	0.1712	0.3677
EGFR	RPL37A	3	0.2127	0.3509
PDHA1	RPL37A	3	0.4521	0.2093
RAB11A	RPL37A	3	0.4277	0.2186
EGFR	HSPE1	3	1.0000	0.0000
PDHA1	HSPE1	3	1.0000	0.0000
RAB11A	HSPE1	3	0.6667	0.1114
EGFR	SEC61A1	3	1.0000	0.0000
PDHA1	SEC61A1	3	0.3333	0.2563
RAB11A	SEC61A1	3	1.0000	0.0000
PDHA1	LYZ	3	0.3333	0.2563
EGFR	VBP1	3	0.1416	0.3818
PDHA1	VBP1	3	0.0351	0.4677
RAB11A	VBP1	3	0.5099	0.1894
EGFR	STXBP1	3	0.9838	0.0009
RAB11A	STXBP1	3	0.6666	0.1363
EGFR	COPZ1	3	0.0107	0.5049
RAB11A	COPZ1	3	0.0423	0.4601
EGFR	SUMO2	3	0.0112	0.5037
PDHA1	SUMO2	3	0.0006	0.5422
RAB11A	SUMO2	3	0.1402	0.3827
EGFR	UFM1	3	0.2189	0.3480
PDHA1	UFM1	3	0.1131	0.3987
RAB11A	UFM1	3	0.8065	0.0352
EGFR	DCAF7	3	0.1064	0.4035
PDHA1	DCAF7	3	0.0393	0.4634
RAB11A	DCAF7	3	0.5241	0.1854
RAB11A	WDR5	3	0.0001	0.5518
RAB11A	AP1S1	3	0.3333	0.2563
EGFR	NUTF2	3	0.1569	0.3746
RAB11A	NUTF2	3	0.3388	0.2536
EGFR	HNRNPK	3	0.1304	0.3872
PDHA1	HNRNPK	3	0.0149	0.4965
RAB11A	HNRNPK	3	0.2851	0.3246
EGFR	YWHAG	3	1.0000	0.0000
RAB11A	YWHAG	3	1.0000	0.0000
RAB11A	USP46	3	0.7026	0.0914
EGFR	RPS7	3	0.7529	0.0636
PDHA1	RPS7	3	0.2447	0.3387
RAB11A	RPS7	3	0.8228	0.0293
EGFR	PPP1CB	3	0.9644	0.0022
PDHA1	PPP1CB	3	0.0660	0.4357
RAB11A	PPP1CB	3	0.3948	0.2306
RAB11A	NCS1	3	1.0000	0.0000
EGFR	PSMC1	3	1.0000	0.0000
PDHA1	PSMC1	3	0.0251	0.4793
RAB11A	PSMC1	3	0.9840	0.0009
EGFR	PSMC5	3	0.7557	0.0618
PDHA1	PSMC5	3	0.3484	0.2498
RAB11A	PSMC5	3	0.7428	0.0688
EGFR	RPS8	3	0.7632	0.0582
PDHA1	RPS8	3	0.0872	0.4183
RAB11A	RPS8	3	0.4001	0.2285
EGFR	RPS15A	3	0.5937	0.1621
PDHA1	RPS15A	3	0.0659	0.4359
RAB11A	RPS15A	3	0.5464	0.1770
EGFR	RPS16	3	0.5694	0.1697
PDHA1	RPS16	3	0.3161	0.3135
RAB11A	RPS16	3	0.6163	0.1557
EGFR	UBE2H	3	0.3333	0.2563
PDHA1	UBE2H	3	0.9890	0.0006
RAB11A	UBE2H	3	1.0000	0.0000
EGFR	YWHAE	3	0.7787	0.0497
PDHA1	YWHAE	3	0.2317	0.3431
RAB11A	YWHAE	3	0.7011	0.0924
EGFR	RPS14	3	0.7336	0.0746
PDHA1	RPS14	3	0.0825	0.4217
RAB11A	RPS14	3	0.5139	0.1886
EGFR	RPS23	3	0.5665	0.1704
PDHA1	RPS23	3	0.1804	0.3632
RAB11A	RPS23	3	0.4789	0.2005
EGFR	RPS18	3	0.2230	0.3464
RAB11A	RPS18	3	0.5816	0.1661
EGFR	RPS13	3	0.4146	0.2228
PDHA1	RPS13	3	0.0766	0.4267
RAB11A	RPS13	3	0.8329	0.0260
EGFR	RPS11	3	0.5863	0.1645
PDHA1	RPS11	3	0.0651	0.4363
RAB11A	RPS11	3	0.4102	0.2248
EGFR	SNRPE	3	0.0493	0.4530
PDHA1	SNRPE	3	0.0017	0.5331
RAB11A	SNRPE	3	0.1788	0.3639
EGFR	SNRPF	3	0.2194	0.3477
PDHA1	SNRPF	3	0.0029	0.5270
RAB11A	SNRPF	3	0.4485	0.2105
RAB11A	SNRPD2	3	0.3333	0.2563
EGFR	SNRPD3	3	0.5759	0.1677
PDHA1	SNRPD3	3	0.0790	0.4246
RAB11A	SNRPD3	3	0.6341	0.1499
EGFR	ARF6	3	1.0000	0.0000
PDHA1	ARF6	3	0.0321	0.4714
RAB11A	ARF6	3	1.0000	0.0000
EGFR	PSMC6	3	0.1178	0.3959
RAB11A	PSMC6	3	0.0066	0.5149
RAB11A	TBPL1	3	0.1617	0.3721
EGFR	RPL7A	3	0.6754	0.1075
PDHA1	RPL7A	3	0.1641	0.3709
RAB11A	RPL7A	3	0.5103	0.1893
EGFR	RAB11A	3	1.0000	0.0000
RAB11A	RAB11A	3	1.0000	0.0000
EGFR	ETF1	3	0.7161	0.0846
PDHA1	ETF1	3	0.1875	0.3602
RAB11A	ETF1	3	0.8155	0.0319
EGFR	RPS4X	3	0.6640	0.1384
PDHA1	RPS4X	3	0.1665	0.3697
RAB11A	RPS4X	3	0.6155	0.1560
EGFR	PPP2CB	3	0.8787	0.0121
PDHA1	PPP2CB	3	0.9225	0.0063
RAB11A	PPP2CB	3	0.4559	0.2078
EGFR	RPL23A	3	0.3468	0.2509
PDHA1	RPL23A	3	0.7062	0.0898
RAB11A	RPL23A	3	0.8053	0.0359
EGFR	RPS6	3	0.8118	0.0331
PDHA1	RPS6	3	0.6756	0.1073
RAB11A	RPS6	3	0.3757	0.2376
EGFR	H4C1	3	0.8064	0.0353
PDHA1	H4C1	3	0.9390	0.0044
RAB11A	H4C1	3	0.9668	0.0019
EGFR	RAB1A	3	0.3639	0.2426
PDHA1	RAB1A	3	0.0155	0.4950
RAB11A	RAB1A	3	0.9673	0.0018
EGFR	RAN	3	0.7730	0.0527
PDHA1	RAN	3	0.4798	0.2003
RAB11A	RAN	3	0.7249	0.0792
EGFR	RPL23	3	0.6091	0.1578
PDHA1	RPL23	3	0.0626	0.4388
RAB11A	RPL23	3	0.5618	0.1720
EGFR	RPS15	3	0.3066	0.3166
PDHA1	RPS15	3	0.1231	0.3917
RAB11A	RPS15	3	0.5594	0.1728
EGFR	RPS24	3	0.6147	0.1562
PDHA1	RPS24	3	0.4646	0.2046
RAB11A	RPS24	3	0.7278	0.0776
EGFR	RPS25	3	0.3568	0.2457
PDHA1	RPS25	3	0.5785	0.1669
RAB11A	RPS25	3	0.2296	0.3437
EGFR	RPS26	3	0.5233	0.1855
PDHA1	RPS26	3	0.1764	0.3646
RAB11A	RPS26	3	0.7326	0.0750
EGFR	RPS28	3	0.6855	0.1020
PDHA1	RPS28	3	0.2266	0.3453
RAB11A	RPS28	3	0.5902	0.1628
EGFR	FAU	3	0.9988	0.0000
RAB11A	FAU	3	0.6568	0.1412
EGFR	GNB1	3	0.8513	0.0201
PDHA1	GNB1	3	0.6712	0.1096
RAB11A	GNB1	3	0.7941	0.0423
EGFR	RBX1	3	0.9976	0.0001
PDHA1	RBX1	3	0.0292	0.4750
RAB11A	RBX1	3	0.9584	0.0025
EGFR	RPL30	3	0.2059	0.3535
PDHA1	RPL30	3	0.1215	0.3931
RAB11A	RPL30	3	0.4122	0.2239
EGFR	RPL31	3	0.3371	0.2545
PDHA1	RPL31	3	0.2659	0.3312
RAB11A	RPL31	3	0.5254	0.1849
EGFR	RPL10A	3	0.6961	0.0957
PDHA1	RPL10A	3	0.5494	0.1757
RAB11A	RPL10A	3	0.4766	0.2015
EGFR	RPL32	3	0.1716	0.3673
PDHA1	RPL32	3	0.0660	0.4357
RAB11A	RPL32	3	0.6766	0.1066
EGFR	RPL11	3	0.7995	0.0393
PDHA1	RPL11	3	0.0634	0.4380
RAB11A	RPL11	3	0.3762	0.2372
EGFR	RPL8	3	0.4977	0.1934
PDHA1	RPL8	3	0.0780	0.4250
RAB11A	RPL8	3	0.5867	0.1643
EGFR	PPIA	3	0.2456	0.3383
PDHA1	PPIA	3	0.0637	0.4373
RAB11A	PPIA	3	0.5540	0.1744
EGFR	FKBP1A	3	0.3976	0.2297
PDHA1	FKBP1A	3	0.8111	0.0336
RAB11A	FKBP1A	3	0.0463	0.4562
EGFR	GRB2	3	0.5405	0.1794
PDHA1	GRB2	3	0.0222	0.4832
RAB11A	GRB2	3	0.5540	0.1744
EGFR	TRA2B	3	0.9430	0.0040
PDHA1	TRA2B	3	0.9994	0.0000
RAB11A	TRA2B	3	0.9999	0.0000
EGFR	RAC1	3	1.0000	0.0000
PDHA1	RAC1	3	0.3333	0.2563
RAB11A	RAC1	3	1.0000	0.0000
EGFR	AP2B1	3	0.8023	0.0378
PDHA1	AP2B1	3	0.4761	0.2016
RAB11A	AP2B1	3	0.7285	0.0770
EGFR	VAMP2	3	0.6667	0.1114
RAB11A	VAMP2	3	1.0000	0.0000
EGFR	GNAS	3	0.6614	0.1391
PDHA1	GNAS	3	0.4510	0.2096
RAB11A	GNAS	3	0.4082	0.2254
EGFR	GNAI1	3	0.0016	0.5339
RAB11A	GNAI1	3	0.1496	0.3778
EGFR	PPP3R1	3	0.0033	0.5257
RAB11A	PPP3R1	3	0.0149	0.4965
EGFR	YWHAZ	3	0.8399	0.0239
PDHA1	YWHAZ	3	0.5840	0.1655
RAB11A	YWHAZ	3	0.7001	0.0932
EGFR	PPP2R2A	3	0.1190	0.3952
PDHA1	PPP2R2A	3	0.0711	0.4321
RAB11A	PPP2R2A	3	0.7271	0.0781
EGFR	SUMO1	3	0.4710	0.2028
RAB11A	SUMO1	3	0.5926	0.1624
EGFR	DYNLL1	3	0.3726	0.2389
PDHA1	DYNLL1	3	0.0812	0.4228
RAB11A	DYNLL1	3	0.3884	0.2331
RAB11A	DYNLT1	3	0.0003	0.5468
EGFR	RPL38	3	0.6137	0.1565
PDHA1	RPL38	3	0.2226	0.3468
RAB11A	RPL38	3	0.6085	0.1580
EGFR	SKP1	3	0.5756	0.1678
PDHA1	SKP1	3	0.4489	0.2102
RAB11A	SKP1	3	0.8400	0.0238
EGFR	RPS21	3	0.0709	0.4323
PDHA1	RPS21	3	0.0288	0.4755
RAB11A	RPS21	3	0.5714	0.1688
EGFR	EIF5A	3	0.4274	0.2189
PDHA1	EIF5A	3	0.0991	0.4089
RAB11A	EIF5A	3	0.6755	0.1074
EGFR	RACK1	3	0.5588	0.1730
PDHA1	RACK1	3	0.3013	0.3190
RAB11A	RACK1	3	0.4652	0.2044
EGFR	ACTG1	3	0.0268	0.4773
EGFR	UBE2I	3	0.5185	0.1866
PDHA1	UBE2I	3	0.0250	0.4795
RAB11A	UBE2I	3	0.5376	0.1805
EGFR	TMSB10	3	0.0458	0.4567
RAB11A	TMSB10	3	0.0522	0.4494
PDHA1	YBX1	3	0.2272	0.3450
RAB11A	YBX1	3	0.2043	0.3539
EGFR	CSNK2B	3	0.0003	0.5468
RAB11A	CSNK2B	3	0.0005	0.5435
EGFR	TPM4	3	0.5049	0.1910
PDHA1	TPM4	3	0.2633	0.3320
RAB11A	TPM4	3	0.7791	0.0492
EGFR	ACTC1	3	0.7073	0.0891
PDHA1	ACTC1	3	0.3238	0.3102
RAB11A	ACTC1	3	0.6904	0.0992
EGFR	UBE2L3	3	0.2693	0.3300
PDHA1	UBE2L3	3	0.1696	0.3682
RAB11A	UBE2L3	3	0.6502	0.1442
EGFR	EEF1A1	3	0.6352	0.1494
PDHA1	EEF1A1	3	0.0271	0.4769
RAB11A	EEF1A1	3	0.4371	0.2146
EGFR	TUBA1B	3	0.4528	0.2091
PDHA1	TUBA1B	3	0.0716	0.4317
RAB11A	TUBA1B	3	0.6877	0.1004
EGFR	TUBB4B	3	0.3716	0.2394
PDHA1	TUBB4B	3	0.0844	0.4203
RAB11A	TUBB4B	3	0.7460	0.0676
EGFR	PAFAH1B2	3	0.8059	0.0356
PDHA1	PAFAH1B2	3	0.0416	0.4611
RAB11A	PAFAH1B2	3	0.4549	0.2083
EGFR	H3C1	3	0.3854	0.2343
PDHA1	H3C1	3	0.1303	0.3873
RAB11A	H3C1	3	0.4819	0.1993
PDHA1	HBB	3	0.3333	0.2563
EGFR	HBA1	3	1.0000	0.0000
PDHA1	HBA1	3	0.3333	0.2563
EGFR	CXADR	3	0.6667	0.1114
RAB11A	FAM193A	3	0.0000	0.5559
EGFR	NOP14	3	0.0000	0.5559
RAB11A	NOP14	3	0.0002	0.5491
EGFR	IGBP1	3	0.0870	0.4187
RAB11A	IGBP1	3	0.0298	0.4741
EGFR	RBM6	3	0.0000	0.5559
EGFR	EIF4G2	3	0.2683	0.3302
PDHA1	EIF4G2	3	0.0188	0.4891
RAB11A	EIF4G2	3	0.4729	0.2021
RAB11A	RPP38	3	0.2606	0.3332
EGFR	RPP30	3	0.6289	0.1514
PDHA1	RPP30	3	0.1189	0.3952
RAB11A	RPP30	3	0.6825	0.1034
EGFR	GTF2I	3	0.6739	0.1084
PDHA1	GTF2I	3	0.1443	0.3807
RAB11A	GTF2I	3	0.7007	0.0928
RAB11A	ASIC1	3	0.6667	0.1114
EGFR	DLG4	3	0.3333	0.2563
EGFR	PIP4K2B	3	0.6667	0.1114
RAB11A	PIP4K2B	3	0.3333	0.2563
EGFR	CSNK1G2	3	1.0000	0.0000
RAB11A	CSNK1G2	3	1.0000	0.0000
EGFR	CCT2	3	0.5184	0.1868
PDHA1	CCT2	3	0.1659	0.3700
RAB11A	CCT2	3	0.5731	0.1685
RAB11A	SLC35A2	3	0.3333	0.2563
EGFR	RAE1	3	0.3037	0.3180
PDHA1	RAE1	3	0.1263	0.3895
RAB11A	RAE1	3	0.7405	0.0709
EGFR	GSTO1	3	0.6530	0.1430
PDHA1	GSTO1	3	0.7449	0.0679
RAB11A	GSTO1	3	0.5721	0.1686
EGFR	PRKDC	3	0.6083	0.1581
PDHA1	PRKDC	3	0.2241	0.3460
RAB11A	PRKDC	3	0.7254	0.0790
RAB11A	NTHL1	3	0.6667	0.1114
RAB11A	MAP1A	3	0.0006	0.5422
EGFR	BASP1	3	0.6667	0.1114
PDHA1	DCD	3	0.3524	0.2478
EGFR	TMF1	3	0.0560	0.4456
RAB11A	TMF1	3	0.9898	0.0005
PDHA1	MRPS22	3	1.0000	0.0000
PDHA1	MRPS25	3	0.3333	0.2563
PDHA1	MRPS35	3	1.0000	0.0000
RAB11A	MRPS35	3	0.3333	0.2563
EGFR	MRPS5	3	0.0132	0.4995
PDHA1	MRPS5	3	0.0050	0.5196
RAB11A	MRPS5	3	0.0516	0.4500
PDHA1	MRPS36	3	0.6667	0.1114
EGFR	MRPS11	3	0.8011	0.0384
PDHA1	MRPS11	3	0.9515	0.0031
RAB11A	MRPS11	3	0.9444	0.0038
PDHA1	MRPS15	3	0.3333	0.2563
EGFR	MRPS21	3	0.9633	0.0023
PDHA1	MRPS21	3	0.9442	0.0038
RAB11A	MRPS21	3	0.9932	0.0003
PDHA1	MRPS34	3	1.0000	0.0000
PDHA1	MRPS6	3	0.0075	0.5124
RAB11A	MRPS6	3	0.1281	0.3886
PDHA1	MRPS9	3	1.0000	0.0000
EGFR	SARNP	3	0.3333	0.2563
RAB11A	LACTB	3	0.6667	0.1114
EGFR	COG7	3	0.3166	0.3133
RAB11A	COG7	3	0.0707	0.4324
EGFR	RPL24	3	0.9660	0.0019
PDHA1	RPL24	3	0.3292	0.3074
RAB11A	RPL24	3	0.3509	0.2485
EGFR	ARF1	3	0.8729	0.0133
PDHA1	ARF1	3	0.3149	0.3138
RAB11A	ARF1	3	0.9560	0.0027
EGFR	ARF5	3	0.6228	0.1534
PDHA1	ARF5	3	0.0308	0.4729
RAB11A	ARF5	3	0.9068	0.0084
EGFR	ERH	3	0.0531	0.4485
PDHA1	ERH	3	0.0303	0.4735
RAB11A	ERH	3	0.1612	0.3723
EGFR	RHOG	3	1.0000	0.0000
RAB11A	RHOG	3	1.0000	0.0000
EGFR	RPL19	3	0.0894	0.4163
PDHA1	RPL19	3	0.0985	0.4095
RAB11A	RPL19	3	0.2215	0.3471
EGFR	SRSF3	3	0.4001	0.2285
PDHA1	SRSF3	3	0.6952	0.0963
RAB11A	SRSF3	3	0.7006	0.0929
EGFR	MXRA7	3	0.6532	0.1428
PDHA1	MXRA7	3	0.1611	0.3725
RAB11A	MXRA7	3	0.7530	0.0635
RAB11A	FOXK1	3	0.2937	0.3214
EGFR	CCZ1B	3	0.1604	0.3730
PDHA1	CCZ1B	3	0.0145	0.4974
RAB11A	CCZ1B	3	0.2870	0.3240
EGFR	DAB2	3	1.0000	0.0000
RAB11A	DAB2	3	0.6667	0.1114
RAB11A	LRP2	3	1.0000	0.0000
EGFR	XIAP	3	0.5317	0.1828
PDHA1	XIAP	3	0.1314	0.3868
RAB11A	XIAP	3	0.8098	0.0344
EGFR	EFNB1	3	0.9920	0.0004
PDHA1	EFNB1	3	0.0100	0.5065
RAB11A	EFNB1	3	1.0000	0.0000
EGFR	FGD1	3	0.6640	0.1384
RAB11A	FGD1	3	0.0426	0.4598
RAB11A	RBM10	3	0.0000	0.5559
EGFR	ATP2C1	3	0.0006	0.5422
RAB11A	ATP2C1	3	0.1159	0.3972
EGFR	ATP11A	3	0.3333	0.2563
RAB11A	ATP11A	3	1.0000	0.0000
EGFR	ATP8B2	3	1.0000	0.0000
RAB11A	ATP8B2	3	1.0000	0.0000
EGFR	CYCS	3	0.0958	0.4114
RAB11A	CYCS	3	0.0327	0.4707
EGFR	MPP1	3	0.7015	0.0922
PDHA1	MPP1	3	0.0634	0.4380
RAB11A	MPP1	3	0.6884	0.1001
EGFR	TFAM	3	0.2875	0.3237
PDHA1	TFAM	3	0.6580	0.1406
RAB11A	TFAM	3	0.7803	0.0489
EGFR	SLC25A3	3	0.6409	0.1472
PDHA1	SLC25A3	3	0.1626	0.3716
RAB11A	SLC25A3	3	0.6919	0.0982
EGFR	HDLBP	3	0.6503	0.1441
PDHA1	HDLBP	3	0.2448	0.3386
RAB11A	HDLBP	3	0.6908	0.0988
EGFR	CDK5	3	0.4410	0.2134
PDHA1	CDK5	3	0.0343	0.4689
RAB11A	CDK5	3	0.8848	0.0117
EGFR	CDK16	3	0.9460	0.0037
RAB11A	CDK16	3	0.9985	0.0000
EGFR	CDK17	3	1.0000	0.0000
RAB11A	CDK17	3	1.0000	0.0000
EGFR	PURA	3	1.0000	0.0000
PDHA1	PURA	3	0.6667	0.1114
RAB11A	PURA	3	0.3333	0.2563
EGFR	CDC42EP1	3	1.0000	0.0000
RAB11A	CDC42EP1	3	0.9989	0.0000
EGFR	CLTC	3	0.8051	0.0362
PDHA1	CLTC	3	0.5542	0.1743
RAB11A	CLTC	3	0.7917	0.0440
EGFR	NFKB2	3	0.1556	0.3751
RAB11A	NFKB2	3	0.6396	0.1479
EGFR	FKBP3	3	0.3499	0.2489
PDHA1	FKBP3	3	0.0087	0.5100
RAB11A	FKBP3	3	0.4312	0.2173
EGFR	REEP5	3	0.3333	0.2563
RAB11A	REEP5	3	0.3333	0.2563
EGFR	HNRNPU	3	0.5095	0.1895
PDHA1	HNRNPU	3	0.0860	0.4196
RAB11A	HNRNPU	3	0.5022	0.1919
EGFR	SPTBN1	3	1.0000	0.0000
PDHA1	SPTBN1	3	0.0059	0.5171
RAB11A	SPTBN1	3	0.8832	0.0120
EGFR	TIAL1	3	0.3200	0.3121
RAB11A	TIAL1	3	0.1921	0.3582
EGFR	SET	3	0.0483	0.4541
PDHA1	SET	3	0.3537	0.2473
EGFR	SRSF2	3	0.0747	0.4285
PDHA1	SRSF2	3	0.4881	0.1975
RAB11A	SRSF2	3	0.2015	0.3549
EGFR	ANK2	3	0.1376	0.3836
RAB11A	ANK2	3	0.0448	0.4576
EGFR	CAP1	3	0.4303	0.2176
PDHA1	CAP1	3	0.0252	0.4792
RAB11A	CAP1	3	0.4665	0.2039
EGFR	HMGCS1	3	0.8326	0.0261
PDHA1	HMGCS1	3	0.6014	0.1596
RAB11A	HMGCS1	3	0.8277	0.0277
EGFR	SLC7A5	3	1.0000	0.0000
RAB11A	SLC7A5	3	1.0000	0.0000
EGFR	DR1	3	0.7357	0.0734
RAB11A	DR1	3	0.3906	0.2322
EGFR	TFAP4	3	0.0004	0.5449
RAB11A	TFAP4	3	0.0000	0.5559
EGFR	EXOSC10	3	0.5385	0.1800
RAB11A	EXOSC10	3	0.8152	0.0319
EGFR	PFKP	3	0.6555	0.1420
PDHA1	PFKP	3	0.1360	0.3849
RAB11A	PFKP	3	0.7438	0.0683
EGFR	CDR2	3	0.0011	0.5371
RAB11A	CDR2	3	0.0721	0.4307
EGFR	OCRL	3	0.9309	0.0052
RAB11A	OCRL	3	0.9953	0.0002
EGFR	PLCB3	3	0.1364	0.3844
RAB11A	PLCB3	3	0.1728	0.3666
EGFR	ROR1	3	0.1187	0.3954
PDHA1	ROR1	3	0.0209	0.4850
RAB11A	ROR1	3	0.0307	0.4731
EGFR	ROR2	3	1.0000	0.0000
RAB11A	ROR2	3	1.0000	0.0000
EGFR	SP2	3	0.0005	0.5435
EGFR	GUCY1B1	3	1.0000	0.0000
RAB11A	GUCY1B1	3	0.6667	0.1114
PDHA1	OGDH	3	1.0000	0.0000
EGFR	CENPE	3	0.0087	0.5100
PDHA1	CENPE	3	0.0016	0.5339
RAB11A	CENPE	3	0.0936	0.4135
EGFR	KIF23	3	0.7379	0.0721
PDHA1	KIF23	3	0.1220	0.3926
RAB11A	KIF23	3	0.6512	0.1439
PDHA1	DSG1	3	0.3685	0.2408
RAB11A	DSG1	3	0.0072	0.5132
EGFR	DSC2	3	1.0000	0.0000
RAB11A	DSC2	3	1.0000	0.0000
EGFR	RPL18A	3	0.9440	0.0039
PDHA1	RPL18A	3	0.4136	0.2234
RAB11A	RPL18A	3	0.7448	0.0679
EGFR	MAP2K1	3	0.6653	0.1377
PDHA1	MAP2K1	3	0.2307	0.3433
RAB11A	MAP2K1	3	0.6860	0.1013
EGFR	FKBP4	3	0.6952	0.0963
PDHA1	FKBP4	3	0.1200	0.3941
RAB11A	FKBP4	3	0.7755	0.0511
EGFR	PLOD1	3	0.0190	0.4886
RAB11A	PLOD1	3	0.6626	0.1387
EGFR	RPL6	3	0.5528	0.1750
PDHA1	RPL6	3	0.0534	0.4481
RAB11A	RPL6	3	0.4323	0.2165
EGFR	TOP2B	3	0.7225	0.0806
PDHA1	TOP2B	3	0.0513	0.4504
RAB11A	TOP2B	3	0.7733	0.0523
EGFR	AKAP12	3	0.9326	0.0050
RAB11A	AKAP12	3	0.9229	0.0063
EGFR	SLC25A11	3	0.6878	0.1003
PDHA1	SLC25A11	3	0.2299	0.3437
RAB11A	SLC25A11	3	0.7177	0.0838
EGFR	DST	3	0.5578	0.1732
PDHA1	DST	3	0.0012	0.5365
RAB11A	DST	3	0.1852	0.3617
RAB11A	MLLT1	3	0.0420	0.4603
EGFR	CAV1	3	0.6667	0.1114
RAB11A	CAV1	3	1.0000	0.0000
RAB11A	KMT2A	3	0.0537	0.4477
EGFR	LMNB2	3	0.0206	0.4856
RAB11A	LMNB2	3	0.0115	0.5030
RAB11A	PTS	3	0.0008	0.5401
EGFR	TAP1	3	1.0000	0.0000
RAB11A	TAP1	3	0.6667	0.1114
EGFR	TAP2	3	0.8962	0.0100
RAB11A	TAP2	3	0.8334	0.0258
EGFR	CEBPZ	3	0.0009	0.5391
RAB11A	CEBPZ	3	0.0476	0.4548
EGFR	ZNF92	3	0.3333	0.2563
EGFR	RELA	3	0.7496	0.0659
RAB11A	RELA	3	0.8524	0.0197
EGFR	UBXN1	3	0.3147	0.3139
PDHA1	UBXN1	3	0.0484	0.4540
RAB11A	UBXN1	3	0.3231	0.3107
PDHA1	GBE1	3	0.0030	0.5266
EGFR	EIF4G1	3	0.7124	0.0863
PDHA1	EIF4G1	3	0.3094	0.3154
RAB11A	EIF4G1	3	0.7369	0.0727
EGFR	ATP7A	3	1.0000	0.0000
RAB11A	ATP7A	3	1.0000	0.0000
EGFR	KRT17	3	0.1140	0.3982
PDHA1	KRT17	3	0.2607	0.3331
RAB11A	KRT17	3	0.1816	0.3630
EGFR	NOTCH2	3	1.0000	0.0000
RAB11A	NOTCH2	3	1.0000	0.0000
PDHA1	TLE2	3	0.0039	0.5235
EGFR	PRKCQ	3	0.5525	0.1751
RAB11A	PRKCQ	3	0.3897	0.2325
EGFR	GLO1	3	0.8349	0.0252
PDHA1	GLO1	3	0.2178	0.3485
RAB11A	GLO1	3	0.8683	0.0147
EGFR	SSBP1	3	0.3333	0.2563
PDHA1	SSBP1	3	1.0000	0.0000
RAB11A	SSBP1	3	0.3333	0.2563
EGFR	YWHAH	3	0.7132	0.0858
PDHA1	YWHAH	3	0.1453	0.3799
RAB11A	YWHAH	3	0.7953	0.0415
EGFR	CSTF1	3	0.0915	0.4149
PDHA1	CSTF1	3	0.0431	0.4595
RAB11A	CSTF1	3	0.8911	0.0108
EGFR	UBE3A	3	0.6945	0.0968
PDHA1	UBE3A	3	0.1102	0.4010
RAB11A	UBE3A	3	0.8726	0.0133
EGFR	PTPN12	3	0.0858	0.4198
RAB11A	PTPN12	3	0.9901	0.0005
RAB11A	PTK2	3	0.0032	0.5260
EGFR	SRSF11	3	0.7755	0.0511
PDHA1	SRSF11	3	0.8026	0.0374
RAB11A	SRSF11	3	0.7993	0.0394
EGFR	EEF1A2	3	0.6820	0.1037
PDHA1	EEF1A2	3	0.2484	0.3375
RAB11A	EEF1A2	3	0.6941	0.0971
EGFR	PRKCD	3	0.9957	0.0002
RAB11A	PRKCD	3	0.4084	0.2252
EGFR	CALD1	3	0.1584	0.3742
PDHA1	CALD1	3	0.0207	0.4854
RAB11A	CALD1	3	0.1923	0.3582
PDHA1	FPGS	3	0.6667	0.1114
RAB11A	FHIP1A	3	0.2307	0.3433
EGFR	PTPN11	3	0.3289	0.3076
PDHA1	PTPN11	3	0.0099	0.5068
RAB11A	PTPN11	3	0.3181	0.3125
EGFR	PPP2R3A	3	0.0012	0.5365
RAB11A	PPP2R3A	3	0.0010	0.5381
EGFR	PPAT	3	0.3826	0.2353
PDHA1	PPAT	3	0.1485	0.3785
RAB11A	PPAT	3	0.4204	0.2208
EGFR	GFPT1	3	0.4054	0.2268
PDHA1	GFPT1	3	0.0739	0.4291
RAB11A	GFPT1	3	0.4774	0.2010
EGFR	EXOSC9	3	0.6667	0.1114
PDHA1	EXOSC9	3	0.3333	0.2563
EGFR	PSME1	3	0.3333	0.2563
RAB11A	PSME1	3	1.0000	0.0000
EGFR	RBPJ	3	0.0093	0.5080
PDHA1	RBPJ	3	0.0016	0.5339
RAB11A	RBPJ	3	0.0883	0.4175
EGFR	GABPA	3	0.0019	0.5324
RAB11A	GABPA	3	0.3703	0.2399
EGFR	RING1	3	0.0000	0.5559
RAB11A	RING1	3	0.0000	0.5559
EGFR	FMR1	3	0.7009	0.0925
PDHA1	FMR1	3	0.0979	0.4100
RAB11A	FMR1	3	0.6091	0.1578
EGFR	PRDX1	3	0.0778	0.4252
PDHA1	PRDX1	3	0.1380	0.3833
RAB11A	PRDX1	3	0.1437	0.3811
RAB11A	CDK18	3	0.0001	0.5518
EGFR	RPL18	3	0.4828	0.1991
PDHA1	RPL18	3	0.2191	0.3478
RAB11A	RPL18	3	0.2609	0.3329
EGFR	C1QBP	3	0.3984	0.2294
PDHA1	C1QBP	3	0.9272	0.0057
RAB11A	C1QBP	3	0.7713	0.0538
EGFR	CKAP4	3	0.8664	0.0155
PDHA1	CKAP4	3	0.1280	0.3887
RAB11A	CKAP4	3	0.8574	0.0182
EGFR	TJP1	3	0.0613	0.4403
RAB11A	TJP1	3	0.0010	0.5381
EGFR	SPAG1	3	1.0000	0.0000
RAB11A	SPAG1	3	1.0000	0.0000
EGFR	KHDRBS1	3	0.1778	0.3641
PDHA1	KHDRBS1	3	0.1361	0.3846
RAB11A	KHDRBS1	3	0.2321	0.3429
EGFR	POLE	3	0.0640	0.4369
PDHA1	POLE	3	0.0036	0.5245
RAB11A	POLE	3	0.2965	0.3206
EGFR	KLC1	3	0.5402	0.1795
PDHA1	KLC1	3	0.2179	0.3484
RAB11A	KLC1	3	0.6027	0.1593
EGFR	SOS1	3	1.0000	0.0000
EGFR	TNK2	3	0.3333	0.2563
EGFR	LRP1	3	0.3333	0.2563
RAB11A	LRP1	3	1.0000	0.0000
EGFR	SRSF1	3	0.6435	0.1463
PDHA1	SRSF1	3	0.8706	0.0139
RAB11A	SRSF1	3	0.8375	0.0247
EGFR	ARHGAP1	3	0.5353	0.1813
RAB11A	ARHGAP1	3	0.9999	0.0000
EGFR	SRSF4	3	0.8412	0.0233
PDHA1	SRSF4	3	0.1221	0.3924
RAB11A	SRSF4	3	0.8256	0.0284
PDHA1	TGM3	3	0.2740	0.3280
EGFR	PPP3CA	3	1.0000	0.0000
RAB11A	PPP3CA	3	0.8545	0.0192
EGFR	DHX9	3	0.5003	0.1926
PDHA1	DHX9	3	0.0720	0.4309
RAB11A	DHX9	3	0.6441	0.1463
EGFR	CRYZ	3	0.3333	0.2563
PDHA1	CRYZ	3	0.6667	0.1114
RAB11A	CRYZ	3	0.3333	0.2563
EGFR	SLC20A2	3	1.0000	0.0000
RAB11A	SLC20A2	3	1.0000	0.0000
EGFR	GOLGA3	3	0.7545	0.0628
PDHA1	GOLGA3	3	0.0503	0.4518
RAB11A	GOLGA3	3	0.9420	0.0042
PDHA1	LGALS3BP	3	0.6667	0.1114
RAB11A	LGALS3BP	3	0.6667	0.1114
PDHA1	DSC1	3	0.1988	0.3563
RAB11A	DSC1	3	0.0043	0.5220
EGFR	SSRP1	3	0.8185	0.0309
PDHA1	SSRP1	3	0.7571	0.0613
RAB11A	SSRP1	3	0.8283	0.0276
EGFR	CAMSAP2	3	0.0000	0.5559
RAB11A	CAMSAP2	3	0.0000	0.5559
RAB11A	SPIRE1	3	1.0000	0.0000
EGFR	NSUN2	3	0.3031	0.3182
PDHA1	NSUN2	3	0.2166	0.3492
RAB11A	NSUN2	3	0.6961	0.0957
EGFR	RBBP4	3	0.6546	0.1425
PDHA1	RBBP4	3	0.1783	0.3639
RAB11A	RBBP4	3	0.7483	0.0666
EGFR	NCBP1	3	1.0000	0.0000
PDHA1	NCBP1	3	0.3333	0.2563
RAB11A	NCBP1	3	0.6667	0.1114
EGFR	AHNAK	3	0.7592	0.0602
PDHA1	AHNAK	3	0.0736	0.4294
RAB11A	AHNAK	3	0.6810	0.1042
RAB11A	NIPAL4	3	0.3333	0.2563
EGFR	FCHO2	3	0.9052	0.0087
RAB11A	FCHO2	3	0.1349	0.3856
PDHA1	ABHD18	3	1.0000	0.0000
EGFR	HSPA14	3	0.7412	0.0702
RAB11A	HSPA14	3	0.2506	0.3367
RAB11A	SCRN3	3	0.6069	0.1585
RAB11A	KIAA2012	3	0.3328	0.3051
RAB11A	CGNL1	3	0.0000	0.5559
EGFR	AP1B1	3	0.2000	0.3558
PDHA1	AP1B1	3	0.0030	0.5266
RAB11A	AP1B1	3	0.3599	0.2440
EGFR	KIF1A	3	0.6239	0.1531
PDHA1	KIF1A	3	0.2465	0.3380
RAB11A	KIF1A	3	0.6607	0.1393
PDHA1	SCRN1	3	0.0000	0.5559
RAB11A	SCRN1	3	0.0000	0.5559
EGFR	WASHC5	3	0.3586	0.2447
RAB11A	WASHC5	3	0.6567	0.1412
EGFR	NUP160	3	0.7210	0.0813
PDHA1	NUP160	3	0.2673	0.3305
RAB11A	NUP160	3	0.7671	0.0566
EGFR	ARHGEF5	3	1.0000	0.0000
RAB11A	FOXO1	3	0.1773	0.3644
EGFR	TBL3	3	0.6810	0.1042
PDHA1	TBL3	3	0.2564	0.3347
RAB11A	TBL3	3	0.7982	0.0397
EGFR	GTF3C1	3	0.3333	0.2563
PDHA1	GTF3C1	3	0.0760	0.4275
RAB11A	GTF3C1	3	0.6384	0.1484
EGFR	TWF1	3	0.8067	0.0351
RAB11A	TWF1	3	0.8562	0.0185
EGFR	ASPH	3	0.3333	0.2563
RAB11A	ASPH	3	0.3333	0.2563
EGFR	TFCP2	3	0.5156	0.1879
PDHA1	TFCP2	3	0.1867	0.3608
RAB11A	TFCP2	3	0.3338	0.2561
EGFR	AKAP13	3	0.1238	0.3910
RAB11A	AKAP13	3	0.0055	0.5180
EGFR	TROAP	3	0.0024	0.5293
RAB11A	TROAP	3	0.0006	0.5422
EGFR	BPTF	3	0.0000	0.5559
PDHA1	BPTF	3	0.0000	0.5559
RAB11A	BPTF	3	0.0000	0.5559
EGFR	CDC20	3	0.9134	0.0074
PDHA1	CDC20	3	0.3333	0.2563
RAB11A	CDC20	3	0.3333	0.2563
RAB11A	KIF5A	3	0.1271	0.3891
EGFR	STX4	3	1.0000	0.0000
PDHA1	STX4	3	0.3333	0.2563
EGFR	GRSF1	3	0.3572	0.2454
PDHA1	GRSF1	3	1.0000	0.0000
RAB11A	GRSF1	3	0.6480	0.1448
EGFR	MAP4K2	3	0.0813	0.4227
RAB11A	MAP4K2	3	1.0000	0.0000
RAB11A	MAP3K12	3	0.3333	0.2563
RAB11A	MERTK	3	1.0000	0.0000
RAB11A	SFSWAP	3	0.0000	0.5559
EGFR	SF3A3	3	0.6565	0.1414
PDHA1	SF3A3	3	0.2622	0.3323
RAB11A	SF3A3	3	0.7023	0.0916
EGFR	TP53BP1	3	0.1292	0.3879
PDHA1	TP53BP1	3	0.1869	0.3604
RAB11A	TP53BP1	3	0.6414	0.1470
EGFR	TRIM26	3	0.0043	0.5220
RAB11A	TRIM26	3	0.0954	0.4118
EGFR	ILF2	3	0.6432	0.1464
PDHA1	ILF2	3	0.2790	0.3264
RAB11A	ILF2	3	0.2990	0.3199
EGFR	ILF3	3	0.3761	0.2373
PDHA1	ILF3	3	0.0727	0.4302
RAB11A	ILF3	3	0.2388	0.3409
EGFR	LMAN2	3	0.3333	0.2563
EGFR	PTPRJ	3	0.3333	0.2563
RAB11A	PTPRJ	3	1.0000	0.0000
EGFR	PTPN13	3	1.0000	0.0000
RAB11A	PTPN13	3	0.9299	0.0052
RAB11A	ELAVL2	3	0.3333	0.2563
EGFR	EPS8	3	1.0000	0.0000
RAB11A	EPS8	3	0.6667	0.1114
EGFR	TRAP1	3	0.6471	0.1450
PDHA1	TRAP1	3	0.8979	0.0096
RAB11A	TRAP1	3	0.7889	0.0452
PDHA1	TRAF2	3	0.0074	0.5126
RAB11A	TRAF2	3	0.3937	0.2310
RAB11A	FOXC1	3	0.2177	0.3486
EGFR	ANK3	3	0.9982	0.0001
RAB11A	ANK3	3	0.0745	0.4287
EGFR	DLG1	3	1.0000	0.0000
RAB11A	DLG1	3	0.9999	0.0000
EGFR	TAF10	3	0.5250	0.1850
PDHA1	TAF10	3	0.0888	0.4168
RAB11A	TAF10	3	0.6664	0.1369
EGFR	MYO1E	3	0.0151	0.4961
EGFR	PPP1R8	3	0.6667	0.1114
PDHA1	PPP1R8	3	0.3333	0.2563
EGFR	ABR	3	0.3010	0.3190
RAB11A	ABR	3	0.0791	0.4246
RAB11A	BNIP2	3	1.0000	0.0000
RAB11A	BNIP3	3	0.3333	0.2563
RAB11A	NFX1	3	0.0001	0.5518
PDHA1	CSTF3	3	0.0000	0.5559
RAB11A	CSTF3	3	0.0148	0.4968
EGFR	TIAM1	3	1.0000	0.0000
RAB11A	TIAM1	3	1.0000	0.0000
PDHA1	ECH1	3	1.0000	0.0000
EGFR	ARHGAP5	3	0.3021	0.3188
PDHA1	ARHGAP5	3	0.0015	0.5346
RAB11A	ARHGAP5	3	0.1740	0.3658
EGFR	STRN3	3	0.0002	0.5491
RAB11A	STRN3	3	0.0183	0.4902
EGFR	CDC16	3	0.3421	0.2524
PDHA1	CDC16	3	0.0171	0.4920
RAB11A	CDC16	3	0.5752	0.1679
EGFR	STK4	3	0.0378	0.4657
RAB11A	STK4	3	0.0583	0.4431
EGFR	FLII	3	0.0815	0.4224
RAB11A	FLII	3	0.0109	0.5044
RAB11A	TRIM32	3	0.3333	0.2563
EGFR	COASY	3	0.0571	0.4443
PDHA1	COASY	3	0.0573	0.4441
RAB11A	COASY	3	0.4873	0.1979
PDHA1	MRPL28	3	1.0000	0.0000
EGFR	ACACA	3	0.0319	0.4717
PDHA1	ACACA	3	0.0723	0.4305
RAB11A	ACACA	3	0.1670	0.3693
EGFR	GPS1	3	0.5852	0.1649
RAB11A	GPS1	3	0.2230	0.3464
EGFR	CHAF1A	3	0.0083	0.5108
PDHA1	CHAF1A	3	0.0000	0.5559
RAB11A	CHAF1A	3	0.0227	0.4823
EGFR	CHAF1B	3	0.6526	0.1433
PDHA1	CHAF1B	3	0.0987	0.4092
RAB11A	CHAF1B	3	0.9414	0.0043
EGFR	IK	3	0.1424	0.3816
PDHA1	IK	3	0.0002	0.5491
RAB11A	IK	3	0.1701	0.3681
EGFR	MTAP	3	0.2195	0.3476
PDHA1	MTAP	3	0.1047	0.4051
RAB11A	MTAP	3	0.5874	0.1640
EGFR	PRKAA1	3	0.1248	0.3904
PDHA1	PRKAA1	3	0.0007	0.5414
RAB11A	PRKAA1	3	0.0843	0.4204
EGFR	PPFIA1	3	1.0000	0.0000
RAB11A	PPFIA1	3	0.7074	0.0890
EGFR	CALCOCO2	3	0.0347	0.4682
RAB11A	CALCOCO2	3	0.6114	0.1573
EGFR	TARDBP	3	0.3745	0.2380
PDHA1	TARDBP	3	0.0089	0.5094
RAB11A	TARDBP	3	0.6406	0.1473
EGFR	HNRNPA0	3	0.7357	0.0734
PDHA1	HNRNPA0	3	0.3218	0.3112
RAB11A	HNRNPA0	3	0.7671	0.0566
EGFR	AIMP2	3	0.6201	0.1544
PDHA1	AIMP2	3	0.0955	0.4118
RAB11A	AIMP2	3	0.7085	0.0885
EGFR	PRDX4	3	0.8975	0.0098
PDHA1	PRDX4	3	0.0400	0.4623
RAB11A	PRDX4	3	0.5057	0.1904
EGFR	PAK2	3	0.9277	0.0056
RAB11A	PAK2	3	0.3201	0.3120
EGFR	CBX3	3	0.0244	0.4803
PDHA1	CBX3	3	0.0176	0.4916
RAB11A	CBX3	3	0.1374	0.3838
RAB11A	STK3	3	0.0028	0.5274
EGFR	STX5	3	0.9912	0.0004
RAB11A	STX5	3	0.9991	0.0000
EGFR	PSMD2	3	0.7371	0.0725
PDHA1	PSMD2	3	0.0563	0.4452
RAB11A	PSMD2	3	0.7818	0.0484
RAB11A	DNAJC3	3	0.6667	0.1114
EGFR	SELENBP1	3	0.0645	0.4365
RAB11A	SELENBP1	3	0.7739	0.0520
RAB11A	NME3	3	0.2740	0.3280
EGFR	MAP3K1	3	0.0429	0.4597
EGFR	PRKG2	3	0.0260	0.4782
RAB11A	PRKG2	3	1.0000	0.0000
EGFR	SRSF9	3	0.5771	0.1673
PDHA1	SRSF9	3	0.4068	0.2263
RAB11A	SRSF9	3	0.3672	0.2413
EGFR	SRSF5	3	0.7302	0.0765
PDHA1	SRSF5	3	0.4690	0.2035
RAB11A	SRSF5	3	0.8741	0.0132
EGFR	SRSF6	3	0.3333	0.2563
RAB11A	SRSF6	3	0.6667	0.1114
RAB11A	MAD2L1	3	0.3333	0.2563
EGFR	TRIM28	3	0.1671	0.3692
PDHA1	TRIM28	3	0.0508	0.4511
RAB11A	TRIM28	3	0.2991	0.3197
RAB11A	STX3	3	0.3333	0.2563
EGFR	G3BP1	3	0.0219	0.4838
PDHA1	G3BP1	3	0.0002	0.5491
RAB11A	G3BP1	3	0.0072	0.5132
EGFR	PTK7	3	1.0000	0.0000
RAB11A	PTK7	3	1.0000	0.0000
EGFR	SKP2	3	0.1049	0.4048
RAB11A	SKP2	3	0.1834	0.3622
EGFR	PABPC4	3	0.0447	0.4579
PDHA1	PABPC4	3	0.0000	0.5559
RAB11A	PABPC4	3	0.0779	0.4250
RAB11A	ATM	3	0.0178	0.4911
RAB11A	GRB10	3	0.0043	0.5220
EGFR	IFIT5	3	0.0582	0.4432
PDHA1	IFIT5	3	0.0006	0.5422
RAB11A	IFIT5	3	0.3567	0.2459
EGFR	MTA1	3	0.0000	0.5559
PDHA1	MTA1	3	0.0000	0.5559
RAB11A	MTA1	3	0.0001	0.5518
EGFR	PTPRS	3	0.3333	0.2563
EGFR	EIF3I	3	0.0033	0.5257
RAB11A	EIF3I	3	0.0015	0.5346
EGFR	PPIL2	3	0.0026	0.5282
RAB11A	PPIL2	3	0.0177	0.4913
EGFR	PPP2R5C	3	0.5305	0.1833
PDHA1	PPP2R5C	3	0.0094	0.5078
RAB11A	PPP2R5C	3	0.5140	0.1885
EGFR	PDE3B	3	1.0000	0.0000
RAB11A	PDE3B	3	1.0000	0.0000
EGFR	PDCL	3	0.2526	0.3356
RAB11A	PDCL	3	0.9990	0.0000
EGFR	PLD1	3	1.0000	0.0000
RAB11A	PLD1	3	1.0000	0.0000
PDHA1	TARBP1	3	0.2039	0.3541
RAB11A	TARBP1	3	0.8028	0.0372
EGFR	UBE2V1	3	0.8308	0.0269
PDHA1	UBE2V1	3	0.0720	0.4309
RAB11A	UBE2V1	3	0.9237	0.0061
EGFR	ORC2	3	0.0000	0.5559
RAB11A	ORC2	3	0.0000	0.5559
EGFR	ILK	3	1.0000	0.0000
EGFR	NNT	3	0.1062	0.4039
PDHA1	NNT	3	0.5183	0.1868
RAB11A	NNT	3	0.2637	0.3319
EGFR	SNTB2	3	1.0000	0.0000
PDHA1	SNTB2	3	0.0411	0.4616
RAB11A	SNTB2	3	0.4075	0.2259
PDHA1	XRCC4	3	0.0000	0.5559
RAB11A	XRCC4	3	0.0013	0.5358
EGFR	PPIG	3	0.7393	0.0715
PDHA1	PPIG	3	0.9797	0.0011
RAB11A	PPIG	3	0.9747	0.0014
EGFR	TCOF1	3	0.4836	0.1989
PDHA1	TCOF1	3	0.2988	0.3201
RAB11A	TCOF1	3	0.6385	0.1484
EGFR	SLC39A6	3	1.0000	0.0000
RAB11A	SLC39A6	3	1.0000	0.0000
EGFR	SF3B2	3	0.0000	0.5559
PDHA1	SF3B2	3	0.0000	0.5559
RAB11A	SF3B2	3	0.0000	0.5559
EGFR	GOLGA4	3	0.8575	0.0181
PDHA1	GOLGA4	3	0.0324	0.4710
RAB11A	GOLGA4	3	0.7201	0.0822
EGFR	PDAP1	3	0.6660	0.1374
RAB11A	PDAP1	3	0.0722	0.4307
EGFR	FKBP5	3	0.0224	0.4828
RAB11A	FKBP5	3	0.0783	0.4248
EGFR	MYO9B	3	0.4436	0.2122
PDHA1	MYO9B	3	0.0009	0.5391
RAB11A	MYO9B	3	0.0762	0.4272
EGFR	ROCK1	3	1.0000	0.0000
RAB11A	ROCK1	3	0.6935	0.0973
PDHA1	TOP3A	3	1.0000	0.0000
EGFR	GAB1	3	1.0000	0.0000
RAB11A	GAB1	3	0.4718	0.2025
EGFR	SMAD4	3	0.0625	0.4388
EGFR	PICALM	3	0.9934	0.0003
RAB11A	PICALM	3	0.6078	0.1584
EGFR	SQSTM1	3	0.0000	0.5559
PDHA1	SQSTM1	3	0.0000	0.5559
RAB11A	SQSTM1	3	0.0006	0.5422
RAB11A	MTX1	3	0.8615	0.0170
EGFR	TUBB3	3	0.0309	0.4726
PDHA1	TUBB3	3	0.2424	0.3395
RAB11A	TUBB3	3	0.0258	0.4786
EGFR	PRPF4B	3	0.5751	0.1679
PDHA1	PRPF4B	3	0.6231	0.1532
RAB11A	PRPF4B	3	0.4425	0.2126
EGFR	PIN1	3	0.3267	0.3092
PDHA1	PIN1	3	0.4035	0.2278
RAB11A	PIN1	3	0.7184	0.0834
EGFR	ATR	3	0.0741	0.4289
RAB11A	ATR	3	0.0065	0.5152
EGFR	EIF4EBP1	3	0.0687	0.4336
PDHA1	EIF4EBP1	3	0.0839	0.4208
RAB11A	EIF4EBP1	3	0.5895	0.1630
RAB11A	EIF4EBP2	3	0.3333	0.2563
EGFR	HDAC1	3	0.5784	0.1670
PDHA1	HDAC1	3	0.0279	0.4764
RAB11A	HDAC1	3	0.4669	0.2037
EGFR	CAMK2B	3	0.0470	0.4556
RAB11A	CAMK2B	3	0.0315	0.4720
EGFR	CAMK2G	3	0.5302	0.1836
RAB11A	CAMK2G	3	0.0884	0.4173
EGFR	CAMK2D	3	0.5699	0.1694
RAB11A	CAMK2D	3	0.0129	0.5002
EGFR	DCTN2	3	0.0093	0.5080
RAB11A	DCTN2	3	0.0008	0.5401
EGFR	NAE1	3	0.6569	0.1410
PDHA1	NAE1	3	0.0496	0.4525
RAB11A	NAE1	3	0.6843	0.1028
RAB11A	ITPK1	3	0.5080	0.1900
EGFR	SNW1	3	0.0032	0.5260
RAB11A	SNW1	3	0.0000	0.5559
EGFR	DGKZ	3	0.0766	0.4267
RAB11A	DGKZ	3	0.0002	0.5491
EGFR	IQGAP2	3	0.9438	0.0040
PDHA1	IQGAP2	3	0.0983	0.4096
RAB11A	IQGAP2	3	0.5181	0.1870
EGFR	STIM1	3	1.0000	0.0000
RAB11A	STIM1	3	1.0000	0.0000
EGFR	TRA2A	3	0.8016	0.0382
PDHA1	TRA2A	3	0.9427	0.0041
RAB11A	TRA2A	3	0.9156	0.0073
EGFR	SNX1	3	0.8917	0.0106
PDHA1	SNX1	3	0.2907	0.3223
RAB11A	SNX1	3	0.9332	0.0049
RAB11A	KRR1	3	0.6667	0.1114
RAB11A	PWP1	3	0.0151	0.4961
EGFR	MTMR1	3	0.2498	0.3369
PDHA1	MTMR1	3	0.0010	0.5381
RAB11A	MTMR1	3	0.4314	0.2171
EGFR	MTMR2	3	0.2257	0.3457
RAB11A	MTMR2	3	0.0255	0.4790
RAB11A	MTMR3	3	0.0011	0.5371
EGFR	CUL1	3	0.7912	0.0442
PDHA1	CUL1	3	0.0154	0.4951
RAB11A	CUL1	3	0.4596	0.2062
EGFR	CUL2	3	0.0014	0.5351
RAB11A	CUL2	3	0.0048	0.5207
EGFR	CUL3	3	0.1757	0.3651
PDHA1	CUL3	3	0.0052	0.5189
RAB11A	CUL3	3	0.0618	0.4395
EGFR	CUL4A	3	0.7255	0.0788
PDHA1	CUL4A	3	0.4568	0.2072
RAB11A	CUL4A	3	0.6966	0.0956
EGFR	CUL4B	3	0.8300	0.0271
PDHA1	CUL4B	3	0.1891	0.3596
RAB11A	CUL4B	3	0.8011	0.0384
EGFR	TP53BP2	3	0.9643	0.0022
RAB11A	TP53BP2	3	0.0580	0.4435
EGFR	DYRK1A	3	0.0240	0.4806
PDHA1	DYRK1A	3	0.0004	0.5449
RAB11A	DYRK1A	3	0.0055	0.5180
EGFR	RAB32	3	0.6374	0.1487
PDHA1	RAB32	3	1.0000	0.0000
RAB11A	RAB32	3	0.9952	0.0002
EGFR	FHL1	3	0.9980	0.0001
PDHA1	FHL1	3	0.7766	0.0505
RAB11A	FHL1	3	0.4450	0.2116
EGFR	ACVR2B	3	1.0000	0.0000
RAB11A	ACVR2B	3	1.0000	0.0000
EGFR	MOGS	3	0.3333	0.2563
EGFR	SPTAN1	3	1.0000	0.0000
PDHA1	SPTAN1	3	0.0031	0.5263
RAB11A	SPTAN1	3	0.1356	0.3853
EGFR	GNL2	3	0.0000	0.5559
RAB11A	GNL2	3	0.0000	0.5559
PDHA1	AUH	3	1.0000	0.0000
PDHA1	PKP1	3	0.3714	0.2395
EGFR	DDX39B	3	0.7167	0.0843
PDHA1	DDX39B	3	0.2198	0.3475
RAB11A	DDX39B	3	0.8239	0.0289
PDHA1	BLMH	3	0.2726	0.3284
RAB11A	EXOSC2	3	0.1367	0.3840
EGFR	BMPR2	3	1.0000	0.0000
EGFR	SNTB1	3	1.0000	0.0000
RAB11A	SNTB1	3	1.0000	0.0000
EGFR	TUBB2A	3	0.7733	0.0523
PDHA1	TUBB2A	3	0.0863	0.4191
RAB11A	TUBB2A	3	0.8754	0.0130
EGFR	GTF2H2	3	0.0000	0.5559
EGFR	IDI1	3	0.0154	0.4951
PDHA1	IDI1	3	0.0242	0.4805
RAB11A	IDI1	3	0.2180	0.3484
EGFR	CBFB	3	0.9867	0.0007
PDHA1	CBFB	3	0.5459	0.1772
RAB11A	CBFB	3	0.7625	0.0583
EGFR	CKAP5	3	0.7537	0.0632
PDHA1	CKAP5	3	0.5053	0.1906
RAB11A	CKAP5	3	0.7417	0.0698
EGFR	CAMK1	3	0.9990	0.0000
PDHA1	CAMK1	3	0.5224	0.1857
RAB11A	CAMK1	3	1.0000	0.0000
EGFR	COTL1	3	0.0263	0.4779
PDHA1	COTL1	3	0.0038	0.5239
RAB11A	COTL1	3	0.3112	0.3149
EGFR	COX17	3	0.0737	0.4293
PDHA1	COX17	3	0.0202	0.4865
RAB11A	COX17	3	0.4368	0.2149
RAB11A	RAB33A	3	1.0000	0.0000
EGFR	HNRNPD	3	0.8201	0.0304
PDHA1	HNRNPD	3	0.4075	0.2259
RAB11A	HNRNPD	3	0.7357	0.0734
RAB11A	LRP8	3	1.0000	0.0000
EGFR	DAG1	3	0.6667	0.1114
EGFR	DSG2	3	0.9998	0.0000
RAB11A	DSG2	3	0.9972	0.0001
EGFR	BOP1	3	0.8062	0.0354
PDHA1	BOP1	3	0.7550	0.0622
RAB11A	BOP1	3	0.8322	0.0264
EGFR	SEPTIN6	3	0.7297	0.0768
PDHA1	SEPTIN6	3	0.4676	0.2037
RAB11A	SEPTIN6	3	0.7239	0.0801
RAB11A	TRIM14	3	0.3333	0.2563
EGFR	KEAP1	3	0.0106	0.5052
RAB11A	KEAP1	3	0.0001	0.5518
EGFR	URB2	3	0.0056	0.5176
EGFR	MORC3	3	0.0000	0.5559
RAB11A	MORC3	3	0.0009	0.5391
EGFR	SAFB2	3	0.1771	0.3644
PDHA1	SAFB2	3	0.0009	0.5391
RAB11A	SAFB2	3	0.2274	0.3448
EGFR	EIF3A	3	0.0908	0.4153
PDHA1	EIF3A	3	0.0056	0.5176
RAB11A	EIF3A	3	0.1040	0.4055
EGFR	ARHGEF7	3	0.3709	0.2398
EGFR	EFR3A	3	1.0000	0.0000
EGFR	UBAP2L	3	0.0417	0.4609
PDHA1	UBAP2L	3	0.0006	0.5422
RAB11A	UBAP2L	3	0.0635	0.4377
EGFR	SCRIB	3	0.9125	0.0076
RAB11A	SCRIB	3	0.7148	0.0853
EGFR	MLEC	3	0.6667	0.1114
RAB11A	MLEC	3	0.3333	0.2563
EGFR	TTLL12	3	0.2347	0.3424
PDHA1	TTLL12	3	0.0367	0.4668
RAB11A	TTLL12	3	0.4503	0.2097
RAB11A	MPP2	3	0.3333	0.2563
EGFR	POLA2	3	0.0053	0.5185
PDHA1	POLA2	3	0.0001	0.5518
RAB11A	POLA2	3	0.0483	0.4541
EGFR	DOCK1	3	0.9989	0.0000
EGFR	TFDP1	3	0.0000	0.5559
RAB11A	TFDP1	3	0.0011	0.5371
EGFR	SIM2	3	0.5262	0.1847
RAB11A	SIM2	3	0.6973	0.0952
RAB11A	WRN	3	0.0000	0.5559
EGFR	CRMP1	3	0.0236	0.4811
RAB11A	CRMP1	3	0.0525	0.4490
EGFR	DPYSL3	3	0.6805	0.1046
PDHA1	DPYSL3	3	0.3084	0.3162
RAB11A	DPYSL3	3	0.6773	0.1063
PDHA1	MRPL58	3	0.6667	0.1114
EGFR	ZMYM3	3	0.0003	0.5468
RAB11A	ZMYM3	3	0.0204	0.4861
EGFR	DCTN1	3	0.7325	0.0751
PDHA1	DCTN1	3	0.0947	0.4124
RAB11A	DCTN1	3	0.7691	0.0553
EGFR	DYNC1H1	3	0.8349	0.0252
PDHA1	DYNC1H1	3	0.6593	0.1401
RAB11A	DYNC1H1	3	0.8501	0.0206
RAB11A	NPAT	3	0.0000	0.5559
EGFR	EIF2B1	3	0.0707	0.4324
PDHA1	EIF2B1	3	0.0019	0.5324
RAB11A	EIF2B1	3	0.0479	0.4544
EGFR	EIF4A2	3	0.0004	0.5449
EGFR	ELOA	3	0.0005	0.5435
PDHA1	ELOA	3	0.0000	0.5559
RAB11A	ELOA	3	0.0001	0.5518
RAB11A	MAP7	3	0.0803	0.4231
EGFR	CTTN	3	0.6573	0.1407
PDHA1	CTTN	3	0.2227	0.3467
RAB11A	CTTN	3	0.6395	0.1481
PDHA1	ENDOG	3	1.0000	0.0000
EGFR	FLOT2	3	1.0000	0.0000
RAB11A	FLOT2	3	0.9999	0.0000
EGFR	RCN2	3	0.3434	0.2519
PDHA1	RCN2	3	0.0486	0.4537
RAB11A	RCN2	3	0.7967	0.0404
EGFR	TRIM25	3	0.3267	0.3092
PDHA1	TRIM25	3	0.0621	0.4392
RAB11A	TRIM25	3	0.5850	0.1651
EGFR	FKBP8	3	0.4718	0.2025
PDHA1	FKBP8	3	0.1547	0.3753
RAB11A	FKBP8	3	0.9530	0.0029
EGFR	FRG1	3	0.0256	0.4788
RAB11A	FRG1	3	0.0004	0.5449
EGFR	GNA13	3	0.3333	0.2563
RAB11A	GNA13	3	1.0000	0.0000
RAB11A	GAMT	3	0.6127	0.1570
RAB11A	GALE	3	0.6237	0.1532
RAB11A	GPR176	3	0.6667	0.1114
EGFR	CAPRIN1	3	0.1570	0.3745
PDHA1	CAPRIN1	3	0.0123	0.5017
RAB11A	CAPRIN1	3	0.2644	0.3317
EGFR	RBM39	3	0.6928	0.0975
PDHA1	RBM39	3	0.7510	0.0649
RAB11A	RBM39	3	0.7893	0.0450
EGFR	FAT1	3	0.6667	0.1114
RAB11A	FAT1	3	0.3333	0.2563
EGFR	KRT33B	3	0.0344	0.4687
EGFR	HLTF	3	0.0007	0.5414
PDHA1	HLTF	3	0.0013	0.5358
RAB11A	HLTF	3	0.0908	0.4153
EGFR	PRPSAP1	3	0.0188	0.4891
RAB11A	PRPSAP1	3	0.0089	0.5094
EGFR	DHX8	3	0.0000	0.5559
EGFR	MCM6	3	0.6447	0.1462
PDHA1	MCM6	3	0.2807	0.3259
RAB11A	MCM6	3	0.6977	0.0947
EGFR	ITPR2	3	0.6547	0.1424
RAB11A	ITPR2	3	0.7979	0.0400
EGFR	ITPR3	3	0.7306	0.0760
PDHA1	ITPR3	3	0.0229	0.4820
RAB11A	ITPR3	3	0.9538	0.0029
EGFR	DSC3	3	0.9911	0.0004
PDHA1	DSC3	3	0.2216	0.3469
RAB11A	DSC3	3	0.9965	0.0001
EGFR	NBR1	3	0.0058	0.5173
RAB11A	NBR1	3	0.2507	0.3365
EGFR	ITPR1	3	0.1440	0.3808
RAB11A	ITPR1	3	0.9509	0.0032
EGFR	RASA3	3	1.0000	0.0000
EGFR	PLS1	3	0.8012	0.0383
RAB11A	PLS1	3	0.8247	0.0288
PDHA1	LAGE3	3	0.1506	0.3774
EGFR	KIAA0100	3	0.2877	0.3235
RAB11A	KIAA0100	3	0.5406	0.1793
EGFR	TRIP12	3	0.0567	0.4448
RAB11A	TRIP12	3	0.0005	0.5435
EGFR	PUM1	3	0.0053	0.5185
PDHA1	PUM1	3	0.0002	0.5491
RAB11A	PUM1	3	0.0812	0.4228
EGFR	ESPL1	3	0.0715	0.4319
PDHA1	ESPL1	3	0.0000	0.5559
RAB11A	ESPL1	3	0.0265	0.4776
EGFR	MDC1	3	0.0045	0.5215
RAB11A	MDC1	3	0.4268	0.2191
EGFR	CLINT1	3	0.9471	0.0036
RAB11A	CLINT1	3	1.0000	0.0000
EGFR	KANK1	3	0.1128	0.3992
EGFR	MELK	3	0.6748	0.1078
RAB11A	MELK	3	0.0387	0.4643
EGFR	SMC1A	3	0.6452	0.1459
PDHA1	SMC1A	3	0.1244	0.3906
RAB11A	SMC1A	3	0.6681	0.1109
EGFR	RRP1B	3	0.3778	0.2368
PDHA1	RRP1B	3	0.2609	0.3329
RAB11A	RRP1B	3	0.6894	0.0996
EGFR	DIP2A	3	0.7410	0.0705
RAB11A	DIP2A	3	0.2900	0.3225
EGFR	PDCD11	3	0.0371	0.4662
PDHA1	PDCD11	3	0.0001	0.5518
RAB11A	PDCD11	3	0.1770	0.3645
EGFR	GINS1	3	0.3333	0.2563
RAB11A	GINS1	3	0.3333	0.2563
EGFR	BMS1	3	0.0000	0.5559
PDHA1	BMS1	3	0.0000	0.5559
RAB11A	BMS1	3	0.0002	0.5491
EGFR	USP10	3	0.7711	0.0539
RAB11A	USP10	3	0.8181	0.0311
EGFR	GANAB	3	0.8325	0.0263
PDHA1	GANAB	3	0.6379	0.1486
RAB11A	GANAB	3	0.8049	0.0363
EGFR	RFTN1	3	0.2240	0.3461
PDHA1	RFTN1	3	0.0003	0.5468
RAB11A	RFTN1	3	0.2888	0.3229
EGFR	PPP2R5D	3	0.9895	0.0006
PDHA1	PPP2R5D	3	0.4207	0.2207
RAB11A	PPP2R5D	3	0.9689	0.0017
EGFR	LBR	3	0.7090	0.0881
PDHA1	LBR	3	0.3764	0.2371
RAB11A	LBR	3	0.7034	0.0910
EGFR	COG2	3	0.0531	0.4485
RAB11A	COG2	3	0.6247	0.1528
EGFR	CBX2	3	0.0010	0.5381
RAB11A	CBX2	3	0.0038	0.5239
EGFR	GOLGB1	3	0.0771	0.4262
RAB11A	GOLGB1	3	0.9166	0.0072
PDHA1	CASP8	3	0.0018	0.5328
EGFR	KIF22	3	0.6172	0.1556
PDHA1	KIF22	3	0.1464	0.3793
RAB11A	KIF22	3	0.6853	0.1020
EGFR	CHD4	3	0.6603	0.1396
PDHA1	CHD4	3	0.3215	0.3114
RAB11A	CHD4	3	0.7159	0.0847
EGFR	LASP1	3	1.0000	0.0000
RAB11A	LASP1	3	1.0000	0.0000
EGFR	RAB39A	3	0.3333	0.2563
RAB11A	RAB39A	3	0.3333	0.2563
PDHA1	ZNF638	3	0.0154	0.4951
RAB11A	ZNF638	3	0.4203	0.2209
EGFR	KPNB1	3	0.7355	0.0737
PDHA1	KPNB1	3	0.3022	0.3186
RAB11A	KPNB1	3	0.7382	0.0717
EGFR	NOLC1	3	0.0164	0.4936
PDHA1	NOLC1	3	0.0052	0.5189
RAB11A	NOLC1	3	0.0864	0.4191
EGFR	NUMA1	3	0.7273	0.0779
PDHA1	NUMA1	3	0.2106	0.3517
RAB11A	NUMA1	3	0.7566	0.0616
EGFR	PSME4	3	0.0019	0.5324
RAB11A	PSME4	3	0.3449	0.2511
EGFR	CUL7	3	1.0000	0.0000
RAB11A	CUL7	3	1.0000	0.0000
PDHA1	SHPRH	3	0.0049	0.5202
EGFR	SLMAP	3	0.3591	0.2445
RAB11A	SLMAP	3	0.3171	0.3130
EGFR	GAPVD1	3	0.0792	0.4244
PDHA1	GAPVD1	3	0.0002	0.5491
RAB11A	GAPVD1	3	0.1428	0.3815
EGFR	ARHGAP19	3	0.2182	0.3483
RAB11A	ARHGAP19	3	0.1074	0.4026
EGFR	FRMPD4	3	1.0000	0.0000
RAB11A	FRMPD4	3	0.0287	0.4757
EGFR	KRT72	3	0.2880	0.3234
PDHA1	KRT72	3	0.5712	0.1690
RAB11A	KRT72	3	0.1747	0.3654
EGFR	NAA25	3	0.7492	0.0661
PDHA1	NAA25	3	0.0018	0.5328
RAB11A	NAA25	3	0.4393	0.2136
PDHA1	FASTKD3	3	1.0000	0.0000
EGFR	NCAPH	3	0.7004	0.0930
PDHA1	NCAPH	3	0.3656	0.2418
RAB11A	NCAPH	3	0.7176	0.0839
EGFR	SPCS2	3	1.0000	0.0000
PDHA1	WTAP	3	0.1048	0.4050
RAB11A	WTAP	3	0.6532	0.1428
EGFR	PSMD6	3	0.6796	0.1052
PDHA1	PSMD6	3	0.2673	0.3305
RAB11A	PSMD6	3	0.6991	0.0939
EGFR	HERPUD1	3	0.3333	0.2563
EGFR	SEPTIN2	3	0.9992	0.0000
EGFR	SART3	3	0.2868	0.3242
PDHA1	SART3	3	0.0803	0.4231
RAB11A	SART3	3	0.6911	0.0987
EGFR	NCAPD2	3	0.0041	0.5226
RAB11A	NCAPD2	3	0.0387	0.4643
EGFR	SUZ12	3	0.4478	0.2105
PDHA1	SUZ12	3	0.0467	0.4559
RAB11A	SUZ12	3	0.4931	0.1950
EGFR	TNIP1	3	0.0019	0.5324
RAB11A	TNIP1	3	0.0066	0.5149
EGFR	EFTUD2	3	0.8378	0.0245
PDHA1	EFTUD2	3	0.6520	0.1436
RAB11A	EFTUD2	3	0.8412	0.0233
PDHA1	LARS2	3	1.0000	0.0000
RAB11A	LARS2	3	0.1598	0.3735
EGFR	SNX17	3	0.9937	0.0003
RAB11A	SNX17	3	0.3100	0.3152
EGFR	RAB3GAP1	3	0.0309	0.4726
RAB11A	RAB3GAP1	3	0.2663	0.3309
EGFR	SLC39A14	3	0.9997	0.0000
PDHA1	SLC39A14	3	0.2769	0.3272
RAB11A	SLC39A14	3	0.9995	0.0000
EGFR	KARS1	3	0.0088	0.5097
PDHA1	KARS1	3	0.0000	0.5559
EGFR	SETDB1	3	0.0000	0.5559
RAB11A	SETDB1	3	0.0037	0.5243
EGFR	RRS1	3	0.6725	0.1088
PDHA1	RRS1	3	0.5212	0.1860
RAB11A	RRS1	3	0.6279	0.1519
EGFR	IQCB1	3	0.0029	0.5270
RAB11A	IQCB1	3	0.0565	0.4449
RAB11A	POLD3	3	0.0174	0.4918
EGFR	EIF4H	3	0.3333	0.2563
PDHA1	EIF4H	3	0.3333	0.2563
RAB11A	EIF4H	3	0.3333	0.2563
RAB11A	ACAP2	3	0.1201	0.3940
EGFR	KIF14	3	0.1076	0.4024
RAB11A	KIF14	3	0.0025	0.5289
EGFR	BRD3	3	0.0403	0.4622
PDHA1	BRD3	3	0.2895	0.3227
RAB11A	BRD3	3	0.3868	0.2338
EGFR	WDR43	3	0.6463	0.1456
PDHA1	WDR43	3	0.3262	0.3094
RAB11A	WDR43	3	0.9496	0.0034
EGFR	EEA1	3	0.5455	0.1773
RAB11A	EEA1	3	0.8028	0.0372
EGFR	PDIA6	3	0.9082	0.0081
PDHA1	PDIA6	3	0.2205	0.3473
RAB11A	PDIA6	3	0.9053	0.0087
EGFR	PAFAH1B3	3	0.3333	0.2563
RAB11A	PAFAH1B3	3	0.3333	0.2563
PDHA1	PDK1	3	1.0000	0.0000
PDHA1	PDK2	3	1.0000	0.0000
PDHA1	PDK3	3	0.4467	0.2110
EGFR	PEA15	3	0.4825	0.1993
PDHA1	PEA15	3	0.1879	0.3600
RAB11A	PEA15	3	0.6264	0.1524
EGFR	EBP	3	0.0138	0.4985
RAB11A	EBP	3	0.0459	0.4565
RAB11A	PMVK	3	0.0066	0.5149
EGFR	PLCB4	3	1.0000	0.0000
EGFR	PLEC	3	0.0072	0.5132
RAB11A	PLEC	3	0.1692	0.3684
EGFR	PCM1	3	0.7622	0.0586
PDHA1	PCM1	3	0.2810	0.3259
RAB11A	PCM1	3	0.7747	0.0519
EGFR	PON2	3	1.0000	0.0000
RAB11A	PON2	3	1.0000	0.0000
EGFR	PPA1	3	0.0849	0.4200
PDHA1	PPA1	3	0.0587	0.4430
RAB11A	PPA1	3	0.5474	0.1765
EGFR	PTGES3	3	0.1015	0.4076
PDHA1	PTGES3	3	0.1268	0.3892
RAB11A	PTGES3	3	0.3921	0.2319
EGFR	STK38	3	0.3359	0.2552
RAB11A	STK38	3	0.2010	0.3554
EGFR	NONO	3	0.3694	0.2403
PDHA1	NONO	3	0.0937	0.4134
RAB11A	NONO	3	0.5485	0.1762
EGFR	PTPA	3	1.0000	0.0000
EGFR	PWP2	3	0.6966	0.0956
PDHA1	PWP2	3	0.2771	0.3271
RAB11A	PWP2	3	0.7382	0.0717
EGFR	RABEP1	3	0.1134	0.3984
RAB11A	RABEP1	3	1.0000	0.0000
RAB11A	RAB35	3	0.3333	0.2563
EGFR	RNPS1	3	0.8466	0.0218
PDHA1	RNPS1	3	0.8845	0.0119
RAB11A	RNPS1	3	0.8547	0.0191
RAB11A	RCN1	3	0.2804	0.3260
EGFR	ERBB4	3	0.3333	0.2563
RAB11A	ERBB4	3	0.3333	0.2563
EGFR	RALBP1	3	1.0000	0.0000
EGFR	LLGL1	3	0.8083	0.0348
PDHA1	LLGL1	3	0.4633	0.2051
RAB11A	LLGL1	3	0.7270	0.0783
EGFR	LRRC41	3	1.0000	0.0000
RAB11A	LRRC41	3	1.0000	0.0000
EGFR	PCBP1	3	0.5381	0.1803
PDHA1	PCBP1	3	0.0445	0.4582
RAB11A	PCBP1	3	0.5181	0.1870
EGFR	PCBP2	3	0.3372	0.2544
PDHA1	PCBP2	3	0.0617	0.4397
RAB11A	PCBP2	3	0.5451	0.1774
EGFR	ELOB	3	0.1349	0.3856
PDHA1	ELOB	3	0.0046	0.5212
RAB11A	ELOB	3	0.1291	0.3880
EGFR	EPHA7	3	1.0000	0.0000
RAB11A	EPHA7	3	0.6667	0.1114
RAB11A	RHEB	3	0.3333	0.2563
EGFR	UBE3C	3	0.1055	0.4043
PDHA1	UBE3C	3	0.0065	0.5152
RAB11A	UBE3C	3	0.1161	0.3970
PDHA1	TOMM20	3	1.0000	0.0000
RAB11A	TOMM20	3	1.0000	0.0000
RAB11A	MTFR1	3	1.0000	0.0000
EGFR	DHCR24	3	0.9999	0.0000
PDHA1	DHCR24	3	0.0145	0.4974
RAB11A	DHCR24	3	0.8949	0.0101
EGFR	SF3B3	3	0.5712	0.1690
PDHA1	SF3B3	3	0.1223	0.3922
RAB11A	SF3B3	3	0.6474	0.1449
EGFR	PUM3	3	0.2042	0.3540
RAB11A	PUM3	3	0.2670	0.3307
EGFR	DLGAP5	3	0.0052	0.5189
RAB11A	DLGAP5	3	0.0216	0.4841
EGFR	CNN3	3	0.6844	0.1027
PDHA1	CNN3	3	0.1640	0.3711
RAB11A	CNN3	3	0.4080	0.2255
EGFR	RPS6KA1	3	1.0000	0.0000
RAB11A	RPS6KA1	3	0.6667	0.1114
EGFR	SAFB	3	0.2936	0.3214
PDHA1	SAFB	3	0.0716	0.4317
RAB11A	SAFB	3	0.5939	0.1620
EGFR	SEC23A	3	0.0614	0.4401
RAB11A	SEC23A	3	0.0977	0.4101
EGFR	SEC23B	3	0.2869	0.3241
PDHA1	SEC23B	3	0.1024	0.4069
RAB11A	SEC23B	3	0.2708	0.3291
EGFR	SF3A1	3	0.8339	0.0256
RAB11A	SF3A1	3	0.7696	0.0549
EGFR	SHB	3	1.0000	0.0000
RAB11A	SHB	3	0.9940	0.0003
EGFR	STIL	3	0.0000	0.5559
RAB11A	STIL	3	0.0000	0.5559
EGFR	SKIV2L	3	0.6575	0.1406
PDHA1	SKIV2L	3	0.1382	0.3832
RAB11A	SKIV2L	3	0.7381	0.0720
PDHA1	CDSN	3	0.4638	0.2048
EGFR	TAF7	3	0.0003	0.5468
RAB11A	TAF7	3	0.0000	0.5559
EGFR	MAPRE2	3	0.0064	0.5156
PDHA1	MAPRE2	3	0.0002	0.5491
RAB11A	MAPRE2	3	0.0010	0.5381
RAB11A	TESK1	3	0.3333	0.2563
EGFR	NCOA2	3	0.0000	0.5559
RAB11A	NCOA2	3	0.0000	0.5559
EGFR	SLC9A3R2	3	0.0219	0.4838
RAB11A	SLC9A3R2	3	1.0000	0.0000
PDHA1	TSN	3	0.0056	0.5176
RAB11A	TSN	3	0.7494	0.0660
EGFR	SF1	3	0.0294	0.4747
RAB11A	SF1	3	0.1145	0.3979
EGFR	TRIP11	3	0.5532	0.1748
RAB11A	TRIP11	3	0.9846	0.0008
EGFR	TRIP13	3	0.6284	0.1516
PDHA1	TRIP13	3	0.0967	0.4110
RAB11A	TRIP13	3	0.9029	0.0092
EGFR	MED1	3	0.0000	0.5559
RAB11A	MED1	3	0.0000	0.5559
RAB11A	TRIP4	3	0.0001	0.5518
EGFR	TRIP6	3	0.7096	0.0878
PDHA1	TRIP6	3	0.0714	0.4320
RAB11A	TRIP6	3	0.5250	0.1850
EGFR	PTPN14	3	1.0000	0.0000
RAB11A	PTPN14	3	0.1073	0.4026
EGFR	MAPRE1	3	0.6381	0.1485
PDHA1	MAPRE1	3	0.1198	0.3942
RAB11A	MAPRE1	3	0.5535	0.1748
EGFR	ELAVL1	3	0.1335	0.3860
PDHA1	ELAVL1	3	0.0797	0.4238
RAB11A	ELAVL1	3	0.5578	0.1732
EGFR	NSDHL	3	0.1300	0.3875
PDHA1	NSDHL	3	0.0011	0.5371
RAB11A	NSDHL	3	0.0905	0.4155
EGFR	TAB1	3	0.2604	0.3333
RAB11A	TAB1	3	0.0506	0.4514
EGFR	HERC1	3	0.0000	0.5559
RAB11A	HERC1	3	0.0068	0.5144
EGFR	SLC1A5	3	0.8646	0.0160
PDHA1	SLC1A5	3	0.3571	0.2455
RAB11A	SLC1A5	3	0.7134	0.0857
RAB11A	EFNB3	3	1.0000	0.0000
EGFR	MLF2	3	0.0002	0.5491
RAB11A	MLF2	3	0.0253	0.4791
EGFR	TOMM34	3	0.3359	0.2552
RAB11A	TOMM34	3	0.4726	0.2022
EGFR	SMAD2	3	0.3333	0.2563
EGFR	MSMO1	3	0.1665	0.3697
RAB11A	MSMO1	3	0.2884	0.3231
EGFR	ITSN1	3	1.0000	0.0000
RAB11A	ITSN1	3	0.0442	0.4586
EGFR	TBCE	3	0.2513	0.3360
PDHA1	TBCE	3	0.0390	0.4637
RAB11A	TBCE	3	0.4769	0.2012
EGFR	TBCC	3	0.0067	0.5146
PDHA1	TBCC	3	0.0295	0.4745
RAB11A	TBCC	3	0.0088	0.5097
EGFR	STXBP2	3	0.9977	0.0001
RAB11A	STXBP2	3	0.7675	0.0561
EGFR	VAMP3	3	0.8532	0.0194
RAB11A	VAMP3	3	1.0000	0.0000
EGFR	NEDD8	3	0.7917	0.0440
PDHA1	NEDD8	3	0.3167	0.3132
RAB11A	NEDD8	3	0.7791	0.0492
RAB11A	RAB11B	3	0.3333	0.2563
EGFR	EZH2	3	0.1522	0.3762
EGFR	ZYX	3	0.4661	0.2040
RAB11A	ZYX	3	0.0203	0.4863
PDHA1	ETFDH	3	1.0000	0.0000
EGFR	SEPTIN7	3	1.0000	0.0000
RAB11A	SEPTIN7	3	0.3294	0.3073
EGFR	ADRM1	3	0.6492	0.1446
PDHA1	ADRM1	3	0.3717	0.2393
RAB11A	ADRM1	3	0.6821	0.1036
EGFR	CCDC6	3	0.2005	0.3556
PDHA1	CCDC6	3	0.0001	0.5518
RAB11A	CCDC6	3	0.0592	0.4424
EGFR	UAP1	3	0.2264	0.3454
PDHA1	UAP1	3	0.0112	0.5037
RAB11A	UAP1	3	0.3439	0.2515
RAB11A	INA	3	0.0678	0.4344
EGFR	PKN1	3	0.9082	0.0081
PDHA1	PKN1	3	0.2022	0.3545
RAB11A	PKN1	3	0.7301	0.0765
EGFR	PKN2	3	0.6252	0.1527
PDHA1	PKN2	3	0.0105	0.5053
RAB11A	PKN2	3	0.2467	0.3379
EGFR	CSRP2	3	0.0270	0.4771
PDHA1	CSRP2	3	0.0237	0.4809
RAB11A	CSRP2	3	0.4538	0.2088
EGFR	DDB1	3	0.0080	0.5112
RAB11A	DDB1	3	0.1149	0.3975
RAB11A	MAPK14	3	0.3333	0.2563
EGFR	CDC37	3	0.6555	0.1420
PDHA1	CDC37	3	0.1204	0.3939
RAB11A	CDC37	3	0.6500	0.1443
EGFR	DPYSL2	3	0.6395	0.1481
PDHA1	DPYSL2	3	0.0091	0.5088
RAB11A	DPYSL2	3	0.3993	0.2289
EGFR	RBBP7	3	0.0828	0.4215
PDHA1	RBBP7	3	0.0110	0.5041
RAB11A	RBBP7	3	0.3558	0.2464
EGFR	MAP3K11	3	0.3333	0.2563
PDHA1	ECM1	3	0.3333	0.2563
EGFR	OCLN	3	1.0000	0.0000
RAB11A	OCLN	3	1.0000	0.0000
EGFR	SRSF7	3	0.4337	0.2160
PDHA1	SRSF7	3	0.9041	0.0089
RAB11A	SRSF7	3	0.8421	0.0228
EGFR	CPSF6	3	0.8444	0.0224
PDHA1	CPSF6	3	0.3333	0.2563
RAB11A	CPSF6	3	0.3259	0.3095
PDHA1	TAZ	3	0.3333	0.2563
EGFR	SMN1	3	0.6290	0.1514
PDHA1	SMN1	3	0.3564	0.2460
RAB11A	SMN1	3	0.7892	0.0451
EGFR	DBN1	3	0.4346	0.2159
PDHA1	DBN1	3	0.1619	0.3720
RAB11A	DBN1	3	0.6519	0.1436
EGFR	MAPKAPK3	3	1.0000	0.0000
RAB11A	MAPKAPK3	3	0.6207	0.1543
EGFR	FSCN1	3	0.2722	0.3286
PDHA1	FSCN1	3	0.0761	0.4273
RAB11A	FSCN1	3	0.6425	0.1466
EGFR	MAPK6	3	0.0077	0.5120
PDHA1	MAPK6	3	0.0022	0.5303
RAB11A	MAPK6	3	0.1108	0.4005
RAB11A	MAN2A1	3	0.3333	0.2563
PDHA1	NDUFA5	3	1.0000	0.0000
RAB11A	ATP2B3	3	0.0003	0.5468
PDHA1	CLPP	3	0.3333	0.2563
PDHA1	TST	3	0.3333	0.2563
EGFR	NDUFA9	3	0.0507	0.4512
PDHA1	NDUFA9	3	1.0000	0.0000
RAB11A	NDUFA9	3	0.8946	0.0102
PDHA1	PCK2	3	0.5691	0.1698
RAB11A	PCK2	3	0.7577	0.0609
PDHA1	HADH	3	1.0000	0.0000
EGFR	CYP51A1	3	1.0000	0.0000
RAB11A	CYP51A1	3	0.6667	0.1114
EGFR	DGUOK	3	0.6411	0.1471
PDHA1	DGUOK	3	0.0306	0.4732
RAB11A	DGUOK	3	0.6416	0.1469
EGFR	ATP6V1F	3	0.9956	0.0002
RAB11A	ATP6V1F	3	0.0797	0.4238
PDHA1	PFKFB3	3	0.3333	0.2563
RAB11A	PFKFB3	3	0.6667	0.1114
EGFR	IMMT	3	0.3050	0.3175
PDHA1	IMMT	3	0.7788	0.0496
RAB11A	IMMT	3	0.6272	0.1521
EGFR	GEN1	3	1.0000	0.0000
RAB11A	GEN1	3	0.3112	0.3149
EGFR	KNOP1	3	0.0000	0.5559
RAB11A	KNOP1	3	0.0000	0.5559
EGFR	HNRNPUL2	3	0.0829	0.4213
PDHA1	HNRNPUL2	3	0.0556	0.4460
RAB11A	HNRNPUL2	3	0.3407	0.2531
PDHA1	CSPP1	3	0.0180	0.4907
RAB11A	CSPP1	3	0.0002	0.5491
EGFR	INF2	3	0.9642	0.0022
RAB11A	INF2	3	0.9439	0.0039
EGFR	PDS5A	3	0.0345	0.4685
RAB11A	PDS5A	3	0.3086	0.3160
EGFR	KIAA0753	3	0.0042	0.5224
EGFR	QSER1	3	0.0000	0.5559
RAB11A	QSER1	3	0.0000	0.5559
RAB11A	CLEC16A	3	0.6667	0.1114
EGFR	KIF26B	3	1.0000	0.0000
EGFR	KIAA1109	3	1.0000	0.0000
RAB11A	KIAA1109	3	0.6667	0.1114
EGFR	KIF7	3	0.0493	0.4530
EGFR	AAK1	3	0.3854	0.2343
RAB11A	KIZ	3	0.3333	0.2563
EGFR	WASHC4	3	0.0086	0.5102
RAB11A	WASHC4	3	0.0126	0.5009
EGFR	SOWAHA	3	0.0006	0.5422
RAB11A	SOWAHA	3	0.0006	0.5422
EGFR	ERCC6L	3	0.0784	0.4247
PDHA1	ERCC6L	3	0.0029	0.5270
RAB11A	ERCC6L	3	0.1039	0.4056
EGFR	TSR1	3	0.0187	0.4893
PDHA1	TSR1	3	0.0063	0.5159
RAB11A	TSR1	3	0.2699	0.3295
RAB11A	RALGAPA2	3	0.6667	0.1114
EGFR	DPY19L1	3	0.3333	0.2563
EGFR	TYSND1	3	0.0768	0.4263
RAB11A	TYSND1	3	0.0638	0.4372
EGFR	IAH1	3	0.1346	0.3857
PDHA1	IAH1	3	0.1864	0.3611
RAB11A	IAH1	3	0.6474	0.1449
EGFR	ALG11	3	0.6667	0.1114
RAB11A	ALG11	3	0.3333	0.2563
EGFR	QRICH1	3	0.4168	0.2224
PDHA1	QRICH1	3	0.3597	0.2442
RAB11A	QRICH1	3	0.9204	0.0066
EGFR	SMU1	3	0.6667	0.1114
PDHA1	ATG2A	3	0.2173	0.3487
RAB11A	ATG2A	3	0.9999	0.0000
RAB11A	CWF19L2	3	0.0000	0.5559
RAB11A	AP5B1	3	0.3333	0.2563
RAB11A	CTU2	3	0.0196	0.4873
EGFR	SLC4A8	3	0.3333	0.2563
EGFR	LRRFIP1	3	0.4212	0.2205
PDHA1	LRRFIP1	3	0.0589	0.4428
RAB11A	LRRFIP1	3	0.8519	0.0198
PDHA1	PGS1	3	0.3333	0.2563
PDHA1	TRMT5	3	1.0000	0.0000
RAB11A	TRMT5	3	0.6667	0.1114
RAB11A	NDUFAF6	3	0.3333	0.2563
EGFR	POLR1F	3	0.0005	0.5435
PDHA1	POLR1F	3	0.0026	0.5282
EGFR	EDRF1	3	0.0000	0.5559
RAB11A	EDRF1	3	0.0000	0.5559
EGFR	INAVA	3	0.0391	0.4636
EGFR	UAP1L1	3	0.3333	0.2563
RAB11A	UAP1L1	3	0.3333	0.2563
EGFR	C2orf76	3	0.4794	0.2004
RAB11A	C2orf76	3	0.9010	0.0093
PDHA1	CHD9	3	0.0020	0.5317
EGFR	TKFC	3	0.0072	0.5132
PDHA1	TKFC	3	0.0009	0.5391
RAB11A	TKFC	3	0.1561	0.3748
EGFR	LSM12	3	0.5039	0.1917
PDHA1	LSM12	3	0.1102	0.4010
RAB11A	LSM12	3	0.6558	0.1417
EGFR	ARL13B	3	1.0000	0.0000
RAB11A	ARL13B	3	1.0000	0.0000
PDHA1	ALDH1L2	3	0.6667	0.1114
PDHA1	KRT71	3	0.3333	0.2563
EGFR	CCDC88A	3	1.0000	0.0000
RAB11A	CCDC88A	3	0.1235	0.3914
EGFR	RABL6	3	0.5410	0.1792
PDHA1	RABL6	3	0.0499	0.4522
RAB11A	RABL6	3	0.7783	0.0498
EGFR	TIMM50	3	0.3481	0.2501
PDHA1	TIMM50	3	0.0904	0.4157
RAB11A	TIMM50	3	0.3584	0.2448
EGFR	PLEKHN1	3	1.0000	0.0000
RAB11A	PLEKHN1	3	1.0000	0.0000
EGFR	GLYR1	3	0.0014	0.5351
RAB11A	GLYR1	3	0.1017	0.4073
RAB11A	CCDC14	3	0.0002	0.5491
RAB11A	TTC31	3	0.0002	0.5491
PDHA1	C5orf22	3	0.0006	0.5422
RAB11A	C5orf22	3	0.0634	0.4380
PDHA1	C2CD3	3	0.1985	0.3565
RAB11A	RIC1	3	0.6667	0.1114
PDHA1	VPS26B	3	0.3333	0.2563
RAB11A	VPS26B	3	0.6667	0.1114
RAB11A	LARP7	3	0.5631	0.1714
EGFR	NADK2	3	0.1652	0.3702
PDHA1	NADK2	3	0.1606	0.3728
RAB11A	NADK2	3	0.6821	0.1036
EGFR	ACSF3	3	0.3333	0.2563
PDHA1	ACSF3	3	0.6667	0.1114
EGFR	PREPL	3	0.2440	0.3389
PDHA1	PREPL	3	0.9999	0.0000
RAB11A	PREPL	3	0.4398	0.2134
EGFR	TBC1D10B	3	1.0000	0.0000
EGFR	TPRN	3	0.0325	0.4709
RAB11A	TPRN	3	0.0027	0.5278
EGFR	ANO6	3	0.6667	0.1114
RAB11A	ANO6	3	1.0000	0.0000
EGFR	PLCH1	3	1.0000	0.0000
RAB11A	PLCH1	3	0.7373	0.0724
PDHA1	MRPL51	3	0.0001	0.5518
EGFR	ANKRD20A4P	3	0.6667	0.1114
EGFR	GRIPAP1	3	0.7104	0.0872
RAB11A	GRIPAP1	3	1.0000	0.0000
EGFR	AMOT	3	0.3849	0.2345
RAB11A	AMOT	3	0.0198	0.4871
EGFR	PAN2	3	0.0001	0.5518
RAB11A	PAN2	3	0.0151	0.4961
EGFR	FAM98B	3	0.3333	0.2563
PDHA1	FAM98B	3	0.3333	0.2563
RAB11A	FAM98B	3	0.3333	0.2563
EGFR	ARHGAP29	3	0.2135	0.3507
RAB11A	ARHGAP29	3	0.0016	0.5339
RAB11A	PDCD4	3	0.0794	0.4240
EGFR	FNDC3B	3	0.5474	0.1765
RAB11A	CRTC2	3	0.0002	0.5491
EGFR	GPAT3	3	1.0000	0.0000
RAB11A	GPAT3	3	1.0000	0.0000
EGFR	CEP55	3	0.8551	0.0190
RAB11A	CEP55	3	0.8776	0.0125
EGFR	PDLIM3	3	0.0168	0.4924
EGFR	HSD17B12	3	0.1070	0.4030
PDHA1	HSD17B12	3	0.0015	0.5346
RAB11A	HSD17B12	3	0.6650	0.1379
EGFR	GLE1	3	0.0180	0.4907
RAB11A	GLE1	3	0.0026	0.5282
RAB11A	USP39	3	0.3333	0.2563
EGFR	KLHL22	3	0.2071	0.3531
RAB11A	KLHL22	3	0.0922	0.4144
EGFR	AGK	3	0.7078	0.0889
PDHA1	AGK	3	0.3583	0.2449
RAB11A	AGK	3	0.7575	0.0611
EGFR	LACTB2	3	0.2214	0.3471
PDHA1	LACTB2	3	0.1895	0.3594
RAB11A	LACTB2	3	0.7024	0.0915
EGFR	PYCR3	3	0.0053	0.5185
RAB11A	PYCR3	3	0.0087	0.5100
EGFR	SMUG1	3	0.0001	0.5518
RAB11A	SMUG1	3	0.0003	0.5468
PDHA1	FASTKD1	3	1.0000	0.0000
RAB11A	FASTKD1	3	0.3333	0.2563
RAB11A	RAB6D	3	1.0000	0.0000
RAB11A	BOLA3	3	0.3333	0.2563
EGFR	COBLL1	3	1.0000	0.0000
RAB11A	COBLL1	3	0.0218	0.4840
RAB11A	WDR81	3	0.3333	0.2563
EGFR	SGO2	3	0.0195	0.4876
PDHA1	ACTBL2	3	0.0000	0.5559
RAB11A	OCIAD2	3	0.3333	0.2563
EGFR	PAN3	3	0.0108	0.5048
RAB11A	PAN3	3	0.0101	0.5064
EGFR	SDK2	3	1.0000	0.0000
RAB11A	SDK2	3	1.0000	0.0000
EGFR	PLEKHG4	3	1.0000	0.0000
RAB11A	PLEKHG4	3	0.0177	0.4913
EGFR	HSP90AB4P	3	1.0000	0.0000
RAB11A	HSP90AB4P	3	0.3333	0.2563
RAB11A	ALG10	3	0.0011	0.5371
EGFR	C19orf54	3	0.5969	0.1612
PDHA1	C19orf54	3	0.3983	0.2295
RAB11A	C19orf54	3	0.5750	0.1680
EGFR	FAM133B	3	0.3333	0.2563
PDHA1	FAM133B	3	0.6667	0.1114
EGFR	ZNF326	3	0.1546	0.3754
PDHA1	ZNF326	3	0.0339	0.4694
RAB11A	ZNF326	3	0.5490	0.1759
RAB11A	DALRD3	3	0.0563	0.4452
EGFR	ZC3H12A	3	0.0003	0.5468
RAB11A	ZC3H12A	3	0.0208	0.4853
PDHA1	FLG2	3	0.4430	0.2124
RAB11A	FLG2	3	0.0935	0.4137
RAB11A	RILPL1	3	1.0000	0.0000
PDHA1	DNAJC21	3	0.0047	0.5208
RAB11A	DNAJC21	3	0.0297	0.4743
EGFR	ZRANB3	3	0.3333	0.2563
EGFR	HERC4	3	0.0646	0.4364
RAB11A	HERC4	3	0.4746	0.2018
RAB11A	BCORL1	3	0.0000	0.5559
EGFR	PPP6R3	3	0.2780	0.3268
PDHA1	PPP6R3	3	0.2135	0.3507
RAB11A	PPP6R3	3	0.6057	0.1588
PDHA1	MTX3	3	0.6667	0.1114
PDHA1	COQ5	3	1.0000	0.0000
EGFR	SH3D19	3	0.1617	0.3721
RAB11A	SH3D19	3	0.0124	0.5015
RAB11A	ANKRD36C	3	0.0001	0.5518
PDHA1	EARS2	3	1.0000	0.0000
RAB11A	EARS2	3	0.3333	0.2563
EGFR	MIA3	3	0.7272	0.0780
RAB11A	MIA3	3	0.3556	0.2465
EGFR	PITRM1	3	0.2693	0.3300
PDHA1	PITRM1	3	0.8067	0.0351
RAB11A	PITRM1	3	0.8109	0.0338
EGFR	WDR44	3	0.1869	0.3604
RAB11A	WDR44	3	1.0000	0.0000
EGFR	DOCK11	3	1.0000	0.0000
RAB11A	DOCK11	3	0.7143	0.0855
EGFR	PRRC2B	3	0.0000	0.5559
RAB11A	PRRC2B	3	0.0000	0.5559
EGFR	AMER1	3	0.3333	0.2563
EGFR	TJAP1	3	0.6667	0.1114
EGFR	RRP12	3	0.0775	0.4255
PDHA1	RRP12	3	0.0026	0.5282
RAB11A	RRP12	3	0.1218	0.3928
EGFR	TOR1AIP1	3	0.4117	0.2240
RAB11A	TOR1AIP1	3	0.6836	0.1031
EGFR	AARS2	3	0.1723	0.3669
PDHA1	AARS2	3	0.9817	0.0010
RAB11A	AARS2	3	0.8765	0.0128
EGFR	PCID2	3	0.3484	0.2498
PDHA1	PCID2	3	0.0146	0.4973
RAB11A	PCID2	3	0.2997	0.3196
RAB11A	DOP1A	3	0.3986	0.2293
EGFR	SLC27A3	3	0.6667	0.1114
RAB11A	SLC27A3	3	0.3333	0.2563
RAB11A	COLEC12	3	1.0000	0.0000
EGFR	SPECC1	3	0.1147	0.3977
RAB11A	SPECC1	3	0.9978	0.0001
EGFR	WDR45B	3	0.9999	0.0000
PDHA1	WDR45B	3	0.0263	0.4779
RAB11A	WDR45B	3	0.7975	0.0402
EGFR	SAMD4B	3	0.7888	0.0453
PDHA1	SAMD4B	3	0.0365	0.4668
RAB11A	SAMD4B	3	0.8157	0.0318
EGFR	DNTTIP2	3	0.0020	0.5317
RAB11A	DNTTIP2	3	0.5174	0.1874
EGFR	TMEM201	3	1.0000	0.0000
RAB11A	TMEM201	3	1.0000	0.0000
EGFR	SNAP47	3	0.9981	0.0001
RAB11A	SNAP47	3	1.0000	0.0000
EGFR	NUP188	3	0.0441	0.4586
PDHA1	NUP188	3	0.0026	0.5282
RAB11A	NUP188	3	0.1280	0.3887
EGFR	PHYHD1	3	0.2970	0.3205
PDHA1	PHYHD1	3	0.0568	0.4447
RAB11A	PHYHD1	3	0.7686	0.0554
EGFR	HP1BP3	3	0.0035	0.5247
PDHA1	HP1BP3	3	0.0002	0.5491
RAB11A	HP1BP3	3	0.0052	0.5189
PDHA1	VARS2	3	1.0000	0.0000
EGFR	ZMYM1	3	0.0003	0.5468
RAB11A	ZMYM1	3	0.0000	0.5559
EGFR	CEP170	3	0.0000	0.5559
RAB11A	CEP170	3	0.0002	0.5491
RAB11A	LDLRAP1	3	0.0143	0.4979
EGFR	PPP1R15B	3	0.3333	0.2563
RAB11A	PPP1R15B	3	0.3333	0.2563
EGFR	ODR4	3	0.3333	0.2563
RAB11A	ODR4	3	0.6667	0.1114
EGFR	NOL9	3	0.0046	0.5212
RAB11A	NOL9	3	0.0121	0.5020
EGFR	NHSL1	3	0.9968	0.0001
RAB11A	NHSL1	3	0.1492	0.3780
EGFR	SZT2	3	0.0001	0.5518
RAB11A	SZT2	3	0.0000	0.5559
EGFR	CC2D1B	3	0.3201	0.3120
RAB11A	CC2D1B	3	0.0576	0.4437
RAB11A	FNBP1L	3	0.0352	0.4676
EGFR	FAM83B	3	1.0000	0.0000
RAB11A	FAM83B	3	1.0000	0.0000
PDHA1	RARS2	3	1.0000	0.0000
PDHA1	THEM4	3	1.0000	0.0000
EGFR	FKBP15	3	0.3339	0.2560
RAB11A	FKBP15	3	0.3680	0.2410
EGFR	DDX59	3	0.0004	0.5449
RAB11A	DDX59	3	0.0135	0.4989
RAB11A	ARMH3	3	0.3333	0.2563
PDHA1	PDSS1	3	1.0000	0.0000
EGFR	ODAD2	3	0.8265	0.0282
PDHA1	ODAD2	3	0.0279	0.4764
EGFR	MPP7	3	1.0000	0.0000
RAB11A	MPP7	3	1.0000	0.0000
EGFR	GPATCH4	3	0.0000	0.5559
RAB11A	GPATCH4	3	0.0000	0.5559
EGFR	LRIF1	3	0.0135	0.4989
EGFR	IBA57	3	0.1478	0.3788
PDHA1	IBA57	3	0.3439	0.2515
RAB11A	IBA57	3	0.4365	0.2151
EGFR	UBR4	3	0.3498	0.2490
PDHA1	UBR4	3	0.0224	0.4828
RAB11A	UBR4	3	0.4247	0.2195
EGFR	KIAA1217	3	1.0000	0.0000
RAB11A	KIAA1217	3	0.3333	0.2563
EGFR	ARHGAP21	3	0.9976	0.0001
RAB11A	ARHGAP21	3	0.0777	0.4254
EGFR	CAMSAP1	3	0.0002	0.5491
RAB11A	CAMSAP1	3	0.0002	0.5491
PDHA1	MRPL2	3	0.3333	0.2563
EGFR	UBAP2	3	0.5881	0.1637
PDHA1	UBAP2	3	0.1255	0.3900
RAB11A	UBAP2	3	0.6570	0.1409
PDHA1	KPRP	3	0.3074	0.3164
EGFR	ACBD5	3	1.0000	0.0000
RAB11A	ACBD5	3	1.0000	0.0000
PDHA1	ATAD3B	3	0.9538	0.0029
RAB11A	ATAD3B	3	0.5673	0.1703
EGFR	WLS	3	0.6667	0.1114
RAB11A	WLS	3	1.0000	0.0000
EGFR	CCDC18	3	0.0006	0.5422
RAB11A	CCDC18	3	0.0010	0.5381
EGFR	RNF187	3	0.3333	0.2563
EGFR	INTS11	3	0.0127	0.5006
RAB11A	INTS11	3	0.2058	0.3536
EGFR	TUT4	3	0.0000	0.5559
RAB11A	TUT4	3	0.0042	0.5224
EGFR	DEPDC1	3	1.0000	0.0000
EGFR	RNASEH2B	3	0.0103	0.5059
PDHA1	RNASEH2B	3	0.0020	0.5317
RAB11A	RNASEH2B	3	0.0510	0.4508
EGFR	ATPAF1	3	0.3583	0.2449
PDHA1	ATPAF1	3	0.7126	0.0862
RAB11A	ATPAF1	3	0.7825	0.0480
EGFR	MAP3K21	3	1.0000	0.0000
RAB11A	MAP3K21	3	1.0000	0.0000
EGFR	H3-2	3	0.2991	0.3197
PDHA1	H3-2	3	0.0159	0.4943
RAB11A	H3-2	3	0.2503	0.3367
PDHA1	NDUFAF5	3	0.3333	0.2563
EGFR	NT5DC1	3	0.1292	0.3879
PDHA1	NT5DC1	3	0.0547	0.4469
RAB11A	NT5DC1	3	0.4183	0.2216
EGFR	ARFGEF3	3	0.0011	0.5371
RAB11A	ARFGEF3	3	0.0768	0.4263
EGFR	VPS13D	3	0.0192	0.4881
RAB11A	VPS13D	3	0.6549	0.1422
RAB11A	LIN9	3	0.0000	0.5559
EGFR	LYRM7	3	0.4246	0.2196
PDHA1	LYRM7	3	0.2094	0.3524
RAB11A	LYRM7	3	0.8024	0.0376
EGFR	RIF1	3	0.6340	0.1501
PDHA1	RIF1	3	0.1744	0.3657
RAB11A	RIF1	3	0.7675	0.0561
EGFR	VPS53	3	0.8376	0.0246
RAB11A	VPS53	3	0.9914	0.0004
EGFR	STRIP1	3	0.0008	0.5401
RAB11A	STRIP1	3	0.0153	0.4956
PDHA1	CEP350	3	0.0000	0.5559
RAB11A	CEP350	3	0.0079	0.5117
EGFR	CDC42BPA	3	0.8456	0.0221
PDHA1	CDC42BPA	3	0.0547	0.4469
RAB11A	CDC42BPA	3	0.6170	0.1556
EGFR	RPRD2	3	0.0000	0.5559
RAB11A	RPRD2	3	0.0000	0.5559
EGFR	SYDE2	3	0.0072	0.5132
RAB11A	SYDE2	3	0.6342	0.1499
EGFR	PRPF38B	3	0.7682	0.0558
PDHA1	PRPF38B	3	0.6564	0.1415
RAB11A	PRPF38B	3	0.8977	0.0097
EGFR	CACHD1	3	1.0000	0.0000
RAB11A	CACHD1	3	1.0000	0.0000
RAB11A	ZNF318	3	0.0000	0.5559
EGFR	FAM171A1	3	1.0000	0.0000
RAB11A	FAM171A1	3	1.0000	0.0000
EGFR	LRCH2	3	0.0832	0.4212
RAB11A	LRCH2	3	0.0077	0.5120
EGFR	ARHGEF16	3	0.0193	0.4879
RAB11A	ARHGEF16	3	0.0307	0.4731
EGFR	CDKAL1	3	0.9675	0.0018
PDHA1	CDKAL1	3	0.0469	0.4557
RAB11A	CDKAL1	3	0.9539	0.0028
EGFR	BROX	3	0.3647	0.2422
EGFR	FOCAD	3	0.0406	0.4620
PDHA1	FOCAD	3	0.9146	0.0074
RAB11A	FOCAD	3	0.6110	0.1574
EGFR	SNX30	3	0.0010	0.5381
RAB11A	SNX30	3	0.0050	0.5196
RAB11A	RSBN1	3	0.0001	0.5518
EGFR	DAB2IP	3	1.0000	0.0000
EGFR	LYPLAL1	3	0.2116	0.3512
PDHA1	LYPLAL1	3	0.1971	0.3568
RAB11A	LYPLAL1	3	0.7970	0.0403
EGFR	ECPAS	3	0.3967	0.2301
PDHA1	ECPAS	3	0.0070	0.5137
RAB11A	ECPAS	3	0.4569	0.2071
EGFR	TUT7	3	0.0238	0.4808
RAB11A	TUT7	3	0.0209	0.4850
EGFR	DENND4C	3	0.0750	0.4282
RAB11A	DENND4C	3	0.9998	0.0000
EGFR	CARMIL1	3	0.9928	0.0003
RAB11A	CARMIL1	3	0.1836	0.3621
EGFR	ZMYM4	3	0.0000	0.5559
RAB11A	ZMYM4	3	0.0000	0.5559
EGFR	OBI1	3	0.0611	0.4405
PDHA1	OBI1	3	0.0017	0.5331
RAB11A	OBI1	3	0.1052	0.4045
RAB11A	FHIP2A	3	0.3333	0.2563
EGFR	ZDHHC20	3	1.0000	0.0000
RAB11A	ZDHHC20	3	1.0000	0.0000
PDHA1	FBXW9	3	0.1876	0.3601
RAB11A	FBXW9	3	0.7733	0.0523
RAB11A	TSHZ3	3	0.0000	0.5559
EGFR	RNF213	3	0.0091	0.5088
RAB11A	RNF213	3	0.0677	0.4345
EGFR	KANK2	3	0.0206	0.4856
EGFR	WASHC2A	3	0.1052	0.4045
RAB11A	WASHC2A	3	0.0297	0.4743
EGFR	STEAP3	3	0.9993	0.0000
RAB11A	STEAP3	3	1.0000	0.0000
EGFR	FAM91A1	3	0.7830	0.0477
RAB11A	FAM91A1	3	0.9380	0.0045
RAB11A	ICE2	3	0.0000	0.5559
EGFR	LARP1B	3	0.0534	0.4481
RAB11A	CEP135	3	0.0005	0.5435
EGFR	TBC1D9B	3	0.2372	0.3413
RAB11A	TBC1D9B	3	0.7141	0.0856
EGFR	MAP1S	3	0.0147	0.4971
RAB11A	MAP1S	3	0.6460	0.1457
EGFR	PPP2R2D	3	0.2132	0.3508
PDHA1	PPP2R2D	3	0.1128	0.3992
RAB11A	PPP2R2D	3	0.7679	0.0559
EGFR	ARL6IP4	3	0.5884	0.1635
PDHA1	ARL6IP4	3	0.6715	0.1092
RAB11A	ARL6IP4	3	0.7962	0.0410
EGFR	ARID2	3	0.0000	0.5559
PDHA1	ARID2	3	0.0000	0.5559
RAB11A	ARID2	3	0.0003	0.5468
RAB11A	UTP25	3	0.1012	0.4078
EGFR	RPGRIP1L	3	0.0041	0.5226
EGFR	DENND2C	3	0.6667	0.1114
RAB11A	DENND2C	3	0.3333	0.2563
RAB11A	NCR3LG1	3	0.3333	0.2563
EGFR	ANKS6	3	1.0000	0.0000
RAB11A	ANKS6	3	1.0000	0.0000
RAB11A	LMBRD2	3	1.0000	0.0000
EGFR	CRYBG3	3	0.6217	0.1539
PDHA1	CRYBG3	3	0.0695	0.4331
RAB11A	CRYBG3	3	0.6997	0.0936
EGFR	ARHGAP17	3	0.9999	0.0000
RAB11A	ARHGAP17	3	0.7887	0.0454
EGFR	CDCA2	3	0.0000	0.5559
RAB11A	CDCA2	3	0.0000	0.5559
RAB11A	CWF19L1	3	0.3333	0.2563
RAB11A	VIRMA	3	0.0000	0.5559
EGFR	SPECC1L	3	0.0003	0.5468
RAB11A	SPECC1L	3	0.0000	0.5559
EGFR	HEATR6	3	0.0000	0.5559
RAB11A	HEATR6	3	0.0003	0.5468
RAB11A	SCARA3	3	0.6667	0.1114
EGFR	UHRF1BP1	3	0.0734	0.4297
RAB11A	UHRF1BP1	3	0.9946	0.0002
EGFR	RPL7L1	3	0.8370	0.0248
PDHA1	RPL7L1	3	0.4909	0.1963
RAB11A	RPL7L1	3	0.5484	0.1763
EGFR	IQSEC1	3	0.4550	0.2082
RAB11A	IQSEC1	3	0.0023	0.5297
EGFR	POLR2M	3	0.3333	0.2563
RAB11A	POLR2M	3	0.6667	0.1114
EGFR	CIAPIN1	3	0.2662	0.3310
RAB11A	CIAPIN1	3	0.6297	0.1512
EGFR	SMYD5	3	0.8378	0.0245
PDHA1	SMYD5	3	0.4658	0.2043
RAB11A	SMYD5	3	0.9683	0.0017
EGFR	OTUD7B	3	0.0276	0.4767
EGFR	RALGAPA1	3	0.4095	0.2250
RAB11A	RALGAPA1	3	1.0000	0.0000
RAB11A	ELP2	3	0.5882	0.1637
RAB11A	LAMTOR1	3	1.0000	0.0000
EGFR	DHRS7B	3	0.1745	0.3656
RAB11A	DHRS7B	3	0.2419	0.3397
EGFR	TWF2	3	0.0433	0.4593
PDHA1	TWF2	3	0.0001	0.5518
RAB11A	TWF2	3	0.0975	0.4104
EGFR	KIAA0930	3	0.8670	0.0151
RAB11A	KIAA0930	3	0.7304	0.0763
EGFR	TMEM132E	3	0.6667	0.1114
EGFR	PLEKHA7	3	1.0000	0.0000
RAB11A	PLEKHA7	3	0.6667	0.1114
RAB11A	DENND5A	3	0.6667	0.1114
PDHA1	SDE2	3	0.0000	0.5559
RAB11A	SDE2	3	0.0001	0.5518
PDHA1	KRT80	3	0.3745	0.2380
EGFR	NIPBL	3	0.0000	0.5559
RAB11A	NIPBL	3	0.0073	0.5129
EGFR	PDE12	3	0.5872	0.1641
PDHA1	PDE12	3	0.9981	0.0001
RAB11A	PDE12	3	0.6547	0.1424
EGFR	PHLDB3	3	1.0000	0.0000
RAB11A	PHLDB3	3	0.0390	0.4637
EGFR	RHBDD2	3	0.0681	0.4342
PDHA1	RHBDD2	3	0.0012	0.5365
RAB11A	RHBDD2	3	0.2836	0.3249
PDHA1	SLC25A24	3	0.3333	0.2563
EGFR	RETSAT	3	0.3333	0.2563
RAB11A	RETSAT	3	1.0000	0.0000
EGFR	ZNF746	3	0.0000	0.5559
EGFR	RINT1	3	1.0000	0.0000
RAB11A	RINT1	3	0.9949	0.0002
EGFR	TMEM214	3	1.0000	0.0000
RAB11A	TMEM214	3	1.0000	0.0000
EGFR	HIBCH	3	0.3333	0.2563
PDHA1	HIBCH	3	1.0000	0.0000
RAB11A	HIBCH	3	0.6667	0.1114
RAB11A	NEPRO	3	0.0000	0.5559
EGFR	ARMC6	3	0.3333	0.2563
EGFR	ANKRD54	3	0.6667	0.1114
RAB11A	SLC30A6	3	0.3333	0.2563
EGFR	TAPT1	3	0.3333	0.2563
RAB11A	TAPT1	3	0.3333	0.2563
EGFR	JMJD6	3	0.3333	0.2563
PDHA1	JMJD6	3	0.6667	0.1114
RAB11A	JMJD6	3	1.0000	0.0000
RAB11A	FAAP20	3	0.0535	0.4480
EGFR	MZT2B	3	0.0145	0.4974
RAB11A	MZT2B	3	0.1522	0.3762
EGFR	CAVIN1	3	1.0000	0.0000
RAB11A	CAVIN1	3	0.6667	0.1114
EGFR	ZCCHC8	3	0.0000	0.5559
PDHA1	ZCCHC8	3	0.0000	0.5559
PDHA1	RPUSD3	3	1.0000	0.0000
RAB11A	RPUSD3	3	0.3333	0.2563
RAB11A	MAST2	3	0.0017	0.5331
EGFR	DHX57	3	0.0029	0.5270
RAB11A	DHX57	3	0.0446	0.4579
EGFR	MRPL54	3	0.0748	0.4283
PDHA1	MRPL54	3	0.7783	0.0498
RAB11A	MRPL54	3	0.5951	0.1617
RAB11A	CDC73	3	0.4210	0.2206
EGFR	PMF1	3	0.3575	0.2452
PDHA1	PMF1	3	0.0261	0.4780
RAB11A	PMF1	3	0.5293	0.1839
EGFR	MRPL14	3	0.4926	0.1952
PDHA1	MRPL14	3	0.3086	0.3160
RAB11A	MRPL14	3	0.3333	0.2563
EGFR	SLC27A4	3	0.0181	0.4906
PDHA1	SLC27A4	3	0.0002	0.5491
RAB11A	SLC27A4	3	0.0524	0.4491
EGFR	LLGL2	3	0.3333	0.2563
PDHA1	LLGL2	3	0.3333	0.2563
EGFR	CC2D1A	3	0.7249	0.0792
PDHA1	CC2D1A	3	0.2594	0.3337
RAB11A	CC2D1A	3	0.7008	0.0926
EGFR	METTL2B	3	0.0552	0.4465
PDHA1	METTL2B	3	0.0593	0.4422
RAB11A	METTL2B	3	0.5514	0.1753
PDHA1	C3orf33	3	1.0000	0.0000
PDHA1	C8orf82	3	0.3333	0.2563
EGFR	EDC4	3	0.0123	0.5017
PDHA1	EDC4	3	0.0129	0.5002
RAB11A	EDC4	3	0.0491	0.4533
EGFR	CEP85	3	0.0004	0.5449
RAB11A	CEP85	3	0.0077	0.5120
EGFR	PRPF8	3	0.7820	0.0483
PDHA1	PRPF8	3	0.5782	0.1671
RAB11A	PRPF8	3	0.7830	0.0477
EGFR	SCYL2	3	0.1689	0.3686
PDHA1	SCYL2	3	0.0187	0.4893
RAB11A	SCYL2	3	0.9801	0.0011
EGFR	TTC27	3	1.0000	0.0000
RAB11A	TTC27	3	0.6667	0.1114
RAB11A	NIPAL3	3	0.3333	0.2563
RAB11A	SFXN4	3	0.0652	0.4361
EGFR	WDR73	3	0.7221	0.0808
PDHA1	WDR73	3	0.3824	0.2354
RAB11A	WDR73	3	0.6562	0.1417
EGFR	CNNM4	3	1.0000	0.0000
PDHA1	CNNM4	3	0.0096	0.5073
RAB11A	CNNM4	3	1.0000	0.0000
EGFR	NFRKB	3	0.0025	0.5289
EGFR	PKN3	3	0.0024	0.5293
RAB11A	ALKBH5	3	0.0351	0.4677
EGFR	FAM171B	3	1.0000	0.0000
RAB11A	FAM171B	3	1.0000	0.0000
EGFR	PDXDC1	3	0.7073	0.0891
PDHA1	PDXDC1	3	0.2183	0.3482
RAB11A	PDXDC1	3	0.8093	0.0345
EGFR	MEAK7	3	1.0000	0.0000
RAB11A	MEAK7	3	1.0000	0.0000
EGFR	CNKSR3	3	1.0000	0.0000
RAB11A	CNKSR3	3	0.2625	0.3323
EGFR	EMB	3	1.0000	0.0000
RAB11A	EMB	3	0.6667	0.1114
EGFR	CTR9	3	0.0002	0.5491
RAB11A	CTR9	3	0.0150	0.4964
EGFR	AAGAB	3	0.6343	0.1496
RAB11A	AAGAB	3	0.8481	0.0212
EGFR	TTC37	3	0.6178	0.1553
PDHA1	TTC37	3	0.0165	0.4932
RAB11A	TTC37	3	0.6538	0.1427
EGFR	BORA	3	0.2923	0.3218
RAB11A	BORA	3	0.0105	0.5053
EGFR	ULK3	3	0.0001	0.5518
RAB11A	ULK3	3	0.0004	0.5449
EGFR	DARS2	3	0.7506	0.0649
PDHA1	DARS2	3	0.9998	0.0000
RAB11A	DARS2	3	0.7086	0.0885
PDHA1	TMEM65	3	1.0000	0.0000
EGFR	TTC33	3	0.1316	0.3867
PDHA1	TTC33	3	0.0863	0.4191
RAB11A	TTC33	3	0.5165	0.1878
EGFR	FIGNL1	3	0.6427	0.1465
PDHA1	FIGNL1	3	0.0424	0.4600
RAB11A	FIGNL1	3	0.5616	0.1721
EGFR	TRIM65	3	0.4282	0.2183
PDHA1	TRIM65	3	0.0618	0.4395
RAB11A	TRIM65	3	0.4318	0.2168
PDHA1	BRAT1	3	0.0000	0.5559
RAB11A	BRAT1	3	0.0162	0.4939
RAB11A	WDR59	3	0.0119	0.5024
PDHA1	ZC3H14	3	0.0000	0.5559
RAB11A	ZC3H14	3	0.0000	0.5559
RAB11A	CCDC137	3	0.3134	0.3141
EGFR	LARP1	3	0.4023	0.2281
PDHA1	LARP1	3	0.0664	0.4355
RAB11A	LARP1	3	0.6928	0.0975
EGFR	ATAD2	3	0.0000	0.5559
RAB11A	ATAD2	3	0.0000	0.5559
EGFR	SLC30A9	3	1.0000	0.0000
RAB11A	SLC30A9	3	1.0000	0.0000
EGFR	BLOC1S2	3	0.3333	0.2563
EGFR	RICTOR	3	0.7860	0.0465
RAB11A	RICTOR	3	0.5332	0.1821
EGFR	AGTRAP	3	0.3333	0.2563
EGFR	FAM111B	3	0.2090	0.3527
RAB11A	FAM111B	3	0.0046	0.5212
RAB11A	SARM1	3	1.0000	0.0000
EGFR	NHS	3	1.0000	0.0000
RAB11A	NHS	3	0.0319	0.4717
EGFR	MTHFD1L	3	0.7884	0.0456
PDHA1	MTHFD1L	3	0.9838	0.0009
RAB11A	MTHFD1L	3	0.8943	0.0103
EGFR	AFTPH	3	0.0245	0.4802
RAB11A	AFTPH	3	1.0000	0.0000
EGFR	CRTC1	3	0.3333	0.2563
RAB11A	CRTC1	3	0.3333	0.2563
EGFR	SASS6	3	0.0102	0.5062
RAB11A	SASS6	3	0.0014	0.5351
EGFR	POGLUT2	3	0.3333	0.2563
RAB11A	IL27RA	3	0.6667	0.1114
EGFR	LRSAM1	3	0.9952	0.0002
PDHA1	LRSAM1	3	0.1259	0.3897
RAB11A	LRSAM1	3	0.9710	0.0015
EGFR	SHISA2	3	0.3333	0.2563
RAB11A	SHISA2	3	0.3333	0.2563
EGFR	LCLAT1	3	0.6667	0.1114
RAB11A	LCLAT1	3	0.3333	0.2563
EGFR	LRIG3	3	1.0000	0.0000
RAB11A	LRIG3	3	1.0000	0.0000
EGFR	WDR82	3	0.2436	0.3391
PDHA1	WDR82	3	0.0612	0.4405
RAB11A	WDR82	3	0.7607	0.0594
RAB11A	ATF7IP	3	0.0028	0.5274
RAB11A	RANBP10	3	0.3333	0.2563
EGFR	PACS1	3	0.3834	0.2348
RAB11A	PACS1	3	0.3097	0.3153
EGFR	BCOR	3	0.0000	0.5559
PDHA1	BCOR	3	0.0000	0.5559
RAB11A	BCOR	3	0.0009	0.5391
EGFR	MPRIP	3	0.0439	0.4590
RAB11A	MPRIP	3	0.0052	0.5189
EGFR	RAB11FIP1	3	0.9945	0.0002
PDHA1	RAB11FIP1	3	0.0077	0.5120
RAB11A	RAB11FIP1	3	1.0000	0.0000
EGFR	DNMBP	3	0.0127	0.5006
RAB11A	DNMBP	3	0.0031	0.5263
EGFR	GIGYF2	3	0.6955	0.0962
PDHA1	GIGYF2	3	0.2363	0.3418
RAB11A	GIGYF2	3	0.7341	0.0743
EGFR	THADA	3	0.7057	0.0901
RAB11A	THADA	3	0.7470	0.0672
EGFR	HSDL2	3	0.0084	0.5106
PDHA1	HSDL2	3	0.5640	0.1712
RAB11A	HSDL2	3	0.0949	0.4122
PDHA1	KYAT3	3	1.0000	0.0000
RAB11A	KYAT3	3	0.3333	0.2563
EGFR	CERS6	3	0.3556	0.2465
PDHA1	CERS6	3	0.0229	0.4820
RAB11A	CERS6	3	0.4270	0.2190
RAB11A	PPP1R21	3	0.3333	0.2563
EGFR	SYNE3	3	0.3333	0.2563
RAB11A	SYNE3	3	1.0000	0.0000
EGFR	NFXL1	3	1.0000	0.0000
PDHA1	NFXL1	3	0.1027	0.4067
RAB11A	NFXL1	3	0.9943	0.0002
RAB11A	NBEAL2	3	1.0000	0.0000
RAB11A	SLCO4C1	3	1.0000	0.0000
EGFR	DNAH12	3	0.3333	0.2563
PDHA1	DNAH12	3	0.6666	0.1363
EGFR	QSOX2	3	0.2478	0.3377
RAB11A	QSOX2	3	0.5676	0.1702
EGFR	SRCAP	3	0.0000	0.5559
RAB11A	SRCAP	3	0.0005	0.5435
EGFR	FAM83H	3	0.0476	0.4548
RAB11A	FAM83H	3	0.0017	0.5331
RAB11A	NBEAL1	3	0.3333	0.2563
EGFR	TBC1D9	3	0.0637	0.4373
RAB11A	TBC1D9	3	0.8399	0.0239
EGFR	ANKRD13D	3	0.0146	0.4973
RAB11A	ANKRD13D	3	0.5600	0.1725
PDHA1	CEP128	3	0.2656	0.3313
EGFR	PIK3AP1	3	0.3333	0.2563
RAB11A	PIK3AP1	3	0.6667	0.1114
PDHA1	NKAPD1	3	0.3333	0.2563
RAB11A	NKAPD1	3	0.3333	0.2563
EGFR	DENND5B	3	0.1822	0.3627
RAB11A	DENND5B	3	1.0000	0.0000
EGFR	FGD6	3	1.0000	0.0000
RAB11A	FGD6	3	0.1800	0.3634
EGFR	GPRIN3	3	1.0000	0.0000
EGFR	TOM1L2	3	0.6667	0.1114
RAB11A	TOM1L2	3	0.3333	0.2563
PDHA1	NCCRP1	3	0.1620	0.3719
RAB11A	SYDE1	3	0.3333	0.2563
EGFR	PAXIP1	3	0.0000	0.5559
RAB11A	PAXIP1	3	0.0092	0.5085
RAB11A	PLEKHM3	3	1.0000	0.0000
EGFR	STXBP4	3	0.9896	0.0006
RAB11A	STXBP4	3	0.5876	0.1639
EGFR	VPS13C	3	0.0826	0.4216
PDHA1	VPS13C	3	0.0158	0.4944
RAB11A	VPS13C	3	0.6873	0.1007
RAB11A	ACAD11	3	0.3333	0.2563
RAB11A	USP34	3	0.0000	0.5559
EGFR	USP31	3	1.0000	0.0000
RAB11A	USP31	3	0.0369	0.4665
EGFR	RAPH1	3	1.0000	0.0000
RAB11A	RAPH1	3	0.1092	0.4016
EGFR	USP53	3	0.4319	0.2167
EGFR	USP54	3	0.8617	0.0167
RAB11A	USP54	3	0.0451	0.4573
EGFR	USP43	3	0.3333	0.2563
PDHA1	H3C15	3	0.0009	0.5391
RAB11A	H3C15	3	0.0125	0.5010
RAB11A	CENPU	3	0.0316	0.4719
EGFR	ILDR2	3	1.0000	0.0000
RAB11A	ILDR2	3	1.0000	0.0000
EGFR	LARP4	3	0.3364	0.2550
PDHA1	LARP4	3	0.0207	0.4854
RAB11A	LARP4	3	0.6311	0.1508
EGFR	TUBA1A	3	0.2876	0.3235
PDHA1	TUBA1A	3	0.1473	0.3790
EGFR	RPS27L	3	0.6417	0.1468
PDHA1	RPS27L	3	0.0700	0.4329
RAB11A	RPS27L	3	0.4563	0.2075
EGFR	NOL8	3	0.0086	0.5102
RAB11A	NOL8	3	0.3491	0.2495
EGFR	BTN2A1	3	0.6571	0.1408
PDHA1	BTN2A1	3	0.0496	0.4525
RAB11A	BTN2A1	3	0.4875	0.1978
EGFR	SND1	3	0.7998	0.0391
PDHA1	SND1	3	0.2781	0.3266
RAB11A	SND1	3	0.7646	0.0575
EGFR	MARK2	3	1.0000	0.0000
PDHA1	MARK2	3	0.3333	0.2563
RAB11A	MARK2	3	1.0000	0.0000
EGFR	DDX46	3	0.7158	0.0848
PDHA1	DDX46	3	0.1341	0.3858
RAB11A	DDX46	3	0.6784	0.1060
EGFR	RUFY3	3	0.0398	0.4627
RAB11A	RUFY3	3	0.5871	0.1642
RAB11A	SV2A	3	1.0000	0.0000
EGFR	RHOU	3	1.0000	0.0000
PDHA1	RHOU	3	0.3333	0.2563
RAB11A	RHOU	3	1.0000	0.0000
EGFR	TRMT10C	3	0.5845	0.1652
PDHA1	TRMT10C	3	0.9930	0.0003
RAB11A	TRMT10C	3	0.7721	0.0534
EGFR	ASRGL1	3	0.1200	0.3941
PDHA1	ASRGL1	3	0.0829	0.4213
RAB11A	ASRGL1	3	0.6545	0.1425
EGFR	DHX30	3	0.7100	0.0874
PDHA1	DHX30	3	0.8647	0.0159
RAB11A	DHX30	3	0.7801	0.0490
EGFR	EIF3M	3	0.5785	0.1669
PDHA1	EIF3M	3	0.1359	0.3851
RAB11A	EIF3M	3	0.5838	0.1655
EGFR	MEPCE	3	0.1161	0.3970
PDHA1	MEPCE	3	0.0166	0.4928
RAB11A	MEPCE	3	0.6014	0.1596
EGFR	RSRC2	3	0.4744	0.2019
PDHA1	RSRC2	3	0.4867	0.1984
RAB11A	RSRC2	3	0.8285	0.0275
EGFR	RRAGA	3	0.9999	0.0000
PDHA1	RRAGA	3	0.0142	0.4981
RAB11A	RRAGA	3	1.0000	0.0000
EGFR	CYFIP1	3	0.8031	0.0368
PDHA1	CYFIP1	3	0.2961	0.3210
RAB11A	CYFIP1	3	0.7762	0.0508
PDHA1	MCM10	3	0.2350	0.3422
RAB11A	MCM10	3	0.0218	0.4840
PDHA1	NDUFAF7	3	1.0000	0.0000
EGFR	GET4	3	0.3333	0.2563
PDHA1	GET4	3	0.3333	0.2563
EGFR	COPS6	3	0.1187	0.3954
PDHA1	COPS6	3	0.0013	0.5358
RAB11A	COPS6	3	0.0798	0.4236
RAB11A	LPCAT2	3	0.3333	0.2563
EGFR	EPM2AIP1	3	0.0001	0.5518
EGFR	DHX32	3	0.1720	0.3670
PDHA1	DHX32	3	0.0606	0.4411
RAB11A	DHX32	3	0.5346	0.1815
EGFR	TAOK1	3	1.0000	0.0000
EGFR	RAB11FIP2	3	1.0000	0.0000
RAB11A	RAB11FIP2	3	1.0000	0.0000
RAB11A	SH3BP5L	3	0.3333	0.2563
PDHA1	FASTKD5	3	1.0000	0.0000
RAB11A	FASTKD5	3	0.1725	0.3667
EGFR	EEPD1	3	1.0000	0.0000
EGFR	MOB1B	3	0.4047	0.2272
PDHA1	MOB1B	3	0.0223	0.4830
RAB11A	MOB1B	3	0.7836	0.0475
EGFR	KDM3B	3	0.0022	0.5303
PDHA1	KDM3B	3	0.0000	0.5559
RAB11A	KDM3B	3	0.0092	0.5085
RAB11A	RRM2B	3	0.5171	0.1876
EGFR	STRADA	3	0.0034	0.5252
RAB11A	STRADA	3	0.4451	0.2116
EGFR	MICAL3	3	1.0000	0.0000
RAB11A	MICAL3	3	1.0000	0.0000
RAB11A	DYM	3	0.0008	0.5401
PDHA1	PHF5A	3	0.0190	0.4886
RAB11A	OTOA	3	0.3331	0.3046
EGFR	GPRIN1	3	1.0000	0.0000
RAB11A	GPRIN1	3	0.7413	0.0701
EGFR	TRMT1L	3	0.5193	0.1865
PDHA1	TRMT1L	3	0.1894	0.3595
RAB11A	TRMT1L	3	0.6881	0.1001
EGFR	ZC3HAV1	3	0.7375	0.0722
PDHA1	ZC3HAV1	3	0.3512	0.2484
RAB11A	ZC3HAV1	3	0.7751	0.0518
PDHA1	MRPL21	3	0.6667	0.1114
EGFR	EFL1	3	0.6667	0.1114
RAB11A	EFL1	3	0.6667	0.1114
RAB11A	SETX	3	0.0000	0.5559
EGFR	NUP54	3	0.0083	0.5108
RAB11A	NUP54	3	0.0859	0.4197
EGFR	ATG9A	3	0.0726	0.4303
RAB11A	ATG9A	3	0.1344	0.3858
EGFR	CCDC186	3	0.0733	0.4299
RAB11A	CCDC186	3	0.2556	0.3350
EGFR	VPS35L	3	0.2123	0.3511
RAB11A	VPS35L	3	0.6140	0.1563
EGFR	POGZ	3	0.0000	0.5559
RAB11A	POGZ	3	0.0001	0.5518
EGFR	ZFYVE16	3	0.7498	0.0657
PDHA1	ZFYVE16	3	0.4836	0.1989
RAB11A	ZFYVE16	3	0.7375	0.0722
EGFR	MON2	3	0.9209	0.0065
RAB11A	MON2	3	0.9756	0.0013
EGFR	UBE3B	3	1.0000	0.0000
PDHA1	KRT27	3	0.3333	0.2563
PDHA1	KRT25	3	0.3333	0.2563
EGFR	DENND4A	3	0.1761	0.3648
PDHA1	DENND4A	3	0.0322	0.4712
RAB11A	DENND4A	3	0.8685	0.0146
EGFR	NUFIP2	3	0.0000	0.5559
RAB11A	NUFIP2	3	0.0010	0.5381
EGFR	MAVS	3	0.6400	0.1477
PDHA1	MAVS	3	0.5745	0.1684
RAB11A	MAVS	3	0.8029	0.0370
EGFR	CLASP1	3	0.0371	0.4662
RAB11A	CLASP1	3	0.2061	0.3534
EGFR	DHX29	3	0.0927	0.4143
PDHA1	DHX29	3	0.0021	0.5311
RAB11A	DHX29	3	0.0998	0.4087
EGFR	NPHP3	3	0.3333	0.2563
RAB11A	NPHP3	3	0.3333	0.2563
EGFR	TRMT11	3	0.7070	0.0895
PDHA1	TRMT11	3	0.6625	0.1388
RAB11A	TRMT11	3	0.8145	0.0323
EGFR	HDDC2	3	0.4193	0.2214
PDHA1	HDDC2	3	0.0734	0.4297
RAB11A	HDDC2	3	0.8357	0.0250
EGFR	HAUS6	3	0.0001	0.5518
RAB11A	HAUS6	3	0.0010	0.5381
EGFR	C6orf120	3	0.6667	0.1114
RAB11A	C6orf120	3	1.0000	0.0000
EGFR	KIF21A	3	0.0001	0.5518
RAB11A	KIF21A	3	0.0020	0.5317
EGFR	HDGFL2	3	0.2392	0.3408
PDHA1	HDGFL2	3	0.0353	0.4675
RAB11A	HDGFL2	3	0.4386	0.2139
EGFR	DCXR	3	0.9426	0.0041
PDHA1	DCXR	3	0.9999	0.0000
RAB11A	DCXR	3	0.9911	0.0004
EGFR	BRAP	3	0.0092	0.5085
RAB11A	BRAP	3	0.0419	0.4605
EGFR	ARHGAP22	3	1.0000	0.0000
EGFR	WAPL	3	0.0074	0.5126
PDHA1	WAPL	3	0.0206	0.4856
RAB11A	WAPL	3	0.4074	0.2260
EGFR	R3HCC1L	3	0.0001	0.5518
RAB11A	R3HCC1L	3	0.0008	0.5401
RAB11A	IRF2BP2	3	0.0684	0.4339
EGFR	SDK1	3	1.0000	0.0000
RAB11A	SDK1	3	1.0000	0.0000
EGFR	SPRED2	3	0.6667	0.1114
RAB11A	SPRED2	3	0.6667	0.1114
EGFR	SPRED1	3	0.3333	0.2563
RAB11A	SPRED1	3	0.3333	0.2563
EGFR	RBBP6	3	0.0000	0.5559
PDHA1	RBBP6	3	0.0004	0.5449
RAB11A	RBBP6	3	0.0020	0.5317
EGFR	C5orf24	3	0.2402	0.3404
PDHA1	C5orf24	3	0.3277	0.3085
RAB11A	C5orf24	3	0.5985	0.1603
EGFR	RABEPK	3	0.1744	0.3657
RAB11A	RABEPK	3	0.3206	0.3118
PDHA1	MTERF4	3	0.3333	0.2563
EGFR	HUWE1	3	0.6618	0.1390
PDHA1	HUWE1	3	0.4424	0.2127
RAB11A	HUWE1	3	0.7153	0.0852
EGFR	PLEKHH3	3	1.0000	0.0000
RAB11A	PLEKHH3	3	1.0000	0.0000
EGFR	YTHDF3	3	0.0087	0.5100
PDHA1	KRT77	3	0.3333	0.2563
RAB11A	CNTRL	3	0.0171	0.4920
EGFR	UBE2Q1	3	0.8213	0.0297
RAB11A	UBE2Q1	3	0.4038	0.2276
EGFR	ABI3BP	3	1.0000	0.0000
PDHA1	ABI3BP	3	1.0000	0.0000
RAB11A	ABI3BP	3	1.0000	0.0000
RAB11A	VPS13B	3	0.9132	0.0075
PDHA1	MRPL10	3	0.6667	0.1114
RAB11A	MRPL10	3	0.3333	0.2563
RAB11A	CENPV	3	0.0099	0.5068
EGFR	SLFN11	3	0.6403	0.1474
PDHA1	SLFN11	3	0.3860	0.2342
RAB11A	SLFN11	3	0.7638	0.0578
RAB11A	GALNT7	3	0.3333	0.2563
EGFR	PHLDB2	3	0.9875	0.0007
PDHA1	PHLDB2	3	0.0732	0.4299
RAB11A	PHLDB2	3	0.0738	0.4293
RAB11A	ADGRG6	3	1.0000	0.0000
EGFR	TEDC1	3	0.6667	0.1114
EGFR	GLRX5	3	1.0000	0.0000
PDHA1	GLRX5	3	1.0000	0.0000
RAB11A	GLRX5	3	0.6667	0.1114
EGFR	PIP4P1	3	0.3333	0.2563
RAB11A	PIP4P1	3	0.3333	0.2563
EGFR	ZBTB33	3	0.0000	0.5559
RAB11A	ZBTB33	3	0.0006	0.5422
EGFR	DAAM2	3	1.0000	0.0000
RAB11A	DAAM2	3	0.6667	0.1114
EGFR	PATL1	3	0.0107	0.5049
RAB11A	PATL1	3	0.0005	0.5435
EGFR	PEG10	3	0.2513	0.3360
PDHA1	PEG10	3	0.0179	0.4909
RAB11A	PEG10	3	0.3905	0.2323
EGFR	TBC1D1	3	0.0246	0.4799
RAB11A	TBC1D1	3	1.0000	0.0000
PDHA1	DPP9	3	0.0013	0.5358
RAB11A	DPP9	3	0.0102	0.5062
EGFR	PRUNE1	3	0.0478	0.4546
RAB11A	PRUNE1	3	0.3236	0.3104
EGFR	TTC7B	3	1.0000	0.0000
RAB11A	TTC7B	3	0.3333	0.2563
EGFR	PBRM1	3	0.0000	0.5559
RAB11A	PBRM1	3	0.0000	0.5559
RAB11A	TMEM135	3	0.3333	0.2563
RAB11A	SAPCD2	3	0.3333	0.2563
EGFR	MTDH	3	0.9978	0.0001
RAB11A	MTDH	3	0.9520	0.0030
RAB11A	TLK2	3	0.0024	0.5293
EGFR	ZNF598	3	0.6414	0.1470
PDHA1	ZNF598	3	0.1490	0.3782
RAB11A	ZNF598	3	0.6305	0.1511
EGFR	GPAT4	3	1.0000	0.0000
RAB11A	GPAT4	3	1.0000	0.0000
EGFR	KTN1	3	0.0814	0.4226
RAB11A	KTN1	3	0.1442	0.3807
PDHA1	NLRX1	3	0.6667	0.1114
EGFR	PHLDB1	3	1.0000	0.0000
RAB11A	PHLDB1	3	0.3333	0.2563
EGFR	USP48	3	0.0208	0.4853
PDHA1	USP48	3	0.0536	0.4479
RAB11A	USP48	3	0.3583	0.2449
EGFR	N4BP2	3	0.0151	0.4961
RAB11A	N4BP2	3	0.9304	0.0052
RAB11A	AACS	3	0.6667	0.1114
EGFR	LUZP1	3	0.0584	0.4430
RAB11A	LUZP1	3	0.0095	0.5074
EGFR	KBTBD6	3	0.0498	0.4523
RAB11A	KBTBD6	3	0.0259	0.4784
PDHA1	SLC25A42	3	0.3333	0.2563
RAB11A	IFTAP	3	0.0168	0.4924
EGFR	IQGAP3	3	1.0000	0.0000
PDHA1	ZC3H18	3	0.1329	0.3862
EGFR	CAND1	3	0.7613	0.0587
PDHA1	CAND1	3	0.5096	0.1895
RAB11A	CAND1	3	0.7788	0.0496
EGFR	HOOK3	3	0.0841	0.4206
RAB11A	HOOK3	3	0.1925	0.3580
EGFR	ARHGEF25	3	1.0000	0.0000
RAB11A	ARHGEF25	3	1.0000	0.0000
EGFR	THOC6	3	0.4255	0.2193
RAB11A	THOC6	3	0.5682	0.1700
EGFR	METTL16	3	0.2000	0.3558
RAB11A	METTL16	3	0.3329	0.3049
EGFR	PARG	3	0.7687	0.0554
PDHA1	PARG	3	0.2018	0.3546
RAB11A	PARG	3	0.7203	0.0820
EGFR	PPFIBP1	3	1.0000	0.0000
RAB11A	PPFIBP1	3	0.9865	0.0007
EGFR	ZC3HC1	3	0.1710	0.3678
PDHA1	ZC3HC1	3	0.0857	0.4198
RAB11A	ZC3HC1	3	0.5316	0.1830
EGFR	SBF2	3	1.0000	0.0000
RAB11A	CHD1L	3	0.5617	0.1721
EGFR	CCDC25	3	0.3054	0.3173
PDHA1	CCDC25	3	0.1563	0.3747
RAB11A	CCDC25	3	0.7544	0.0629
RAB11A	CDR2L	3	0.0097	0.5072
EGFR	RALGAPB	3	0.2796	0.3263
PDHA1	RALGAPB	3	0.0327	0.4707
RAB11A	RALGAPB	3	1.0000	0.0000
EGFR	LSR	3	1.0000	0.0000
RAB11A	LSR	3	1.0000	0.0000
EGFR	CARM1	3	0.0896	0.4161
PDHA1	CARM1	3	0.1040	0.4055
RAB11A	CARM1	3	0.7071	0.0892
EGFR	NIT1	3	0.3280	0.3082
PDHA1	NIT1	3	0.3309	0.3068
RAB11A	NIT1	3	1.0000	0.0000
RAB11A	HEATR5A	3	1.0000	0.0000
RAB11A	FAM131B	3	1.0000	0.0000
EGFR	NCAPG2	3	0.0004	0.5449
PDHA1	NCAPG2	3	0.0000	0.5559
RAB11A	NCAPG2	3	0.0021	0.5311
EGFR	ANKLE2	3	1.0000	0.0000
RAB11A	ANKLE2	3	1.0000	0.0000
EGFR	DGKH	3	0.0009	0.5391
RAB11A	DGKH	3	0.1789	0.3637
EGFR	DDX42	3	0.0000	0.5559
PDHA1	DDX42	3	0.0000	0.5559
RAB11A	DDX42	3	0.0000	0.5559
EGFR	SPATS2	3	0.0062	0.5162
RAB11A	SPATS2	3	0.0981	0.4097
EGFR	VRK2	3	1.0000	0.0000
RAB11A	VRK2	3	1.0000	0.0000
EGFR	DZIP3	3	0.0000	0.5559
EGFR	CACUL1	3	0.1032	0.4060
RAB11A	CACUL1	3	0.7228	0.0805
EGFR	DNAAF5	3	0.0393	0.4634
RAB11A	DNAAF5	3	0.7280	0.0773
EGFR	STX12	3	1.0000	0.0000
RAB11A	STX12	3	1.0000	0.0000
PDHA1	ERO1B	3	0.3333	0.2563
EGFR	DZIP1	3	1.0000	0.0000
RAB11A	DZIP1	3	0.0683	0.4340
PDHA1	PDSS2	3	0.6667	0.1114
EGFR	ANKRD13B	3	0.0153	0.4956
RAB11A	ANKRD13B	3	0.4985	0.1932
EGFR	TDRP	3	0.1146	0.3978
RAB11A	TDRP	3	0.5014	0.1922
EGFR	HOMER1	3	0.9249	0.0059
EGFR	DOLPP1	3	0.0008	0.5401
RAB11A	DOLPP1	3	0.0020	0.5317
PDHA1	GATAD2A	3	0.0067	0.5146
RAB11A	GATAD2A	3	0.0407	0.4619
EGFR	CPNE8	3	1.0000	0.0000
RAB11A	CPNE8	3	0.6667	0.1114
EGFR	GPSM1	3	0.1311	0.3869
RAB11A	GPSM1	3	0.1790	0.3637
RAB11A	RAB11FIP4	3	1.0000	0.0000
EGFR	C2CD5	3	0.4060	0.2267
RAB11A	C2CD5	3	0.1089	0.4019
EGFR	MIB1	3	0.2286	0.3443
RAB11A	MIB1	3	0.1713	0.3675
EGFR	PRAG1	3	0.9999	0.0000
RAB11A	PRAG1	3	0.5214	0.1860
PDHA1	MED12L	3	0.0007	0.5414
PDHA1	HRNR	3	0.5600	0.1725
RAB11A	HRNR	3	0.2981	0.3203
EGFR	ERC1	3	0.0450	0.4574
RAB11A	ERC1	3	0.7124	0.0863
EGFR	CBWD2	3	0.0022	0.5303
RAB11A	CBWD2	3	0.0386	0.4647
RAB11A	RIOX2	3	0.3324	0.3057
EGFR	RBM45	3	0.0007	0.5414
RAB11A	RBM45	3	0.0032	0.5260
PDHA1	CRLF3	3	0.0069	0.5138
RAB11A	CRLF3	3	0.0342	0.4690
EGFR	PLD3	3	0.7214	0.0811
PDHA1	PLD3	3	0.6603	0.1396
RAB11A	PLD3	3	0.7981	0.0398
EGFR	ERI1	3	0.0103	0.5059
PDHA1	ERI1	3	0.0038	0.5239
EGFR	NUDCD3	3	0.0002	0.5491
RAB11A	NUDCD3	3	0.0007	0.5414
EGFR	AHNAK2	3	0.8759	0.0129
RAB11A	AHNAK2	3	0.5602	0.1723
EGFR	TIAM2	3	0.3616	0.2434
EGFR	FMNL3	3	1.0000	0.0000
EGFR	MAP4K3	3	1.0000	0.0000
RAB11A	MAP4K3	3	0.6667	0.1114
EGFR	CCDC50	3	0.4779	0.2009
PDHA1	CCDC50	3	0.0943	0.4126
RAB11A	CCDC50	3	0.6950	0.0965
PDHA1	MCAT	3	1.0000	0.0000
EGFR	GID4	3	0.1869	0.3604
PDHA1	GID4	3	0.0460	0.4564
RAB11A	GID4	3	0.8206	0.0302
RAB11A	CEP97	3	0.0178	0.4911
RAB11A	MAPKAPK5	3	0.6667	0.1114
RAB11A	FAM219A	3	0.6667	0.1114
EGFR	WDR75	3	0.7401	0.0712
PDHA1	WDR75	3	0.4788	0.2006
RAB11A	WDR75	3	0.7331	0.0747
EGFR	WDFY1	3	0.3333	0.2563
PDHA1	WDFY1	3	0.6667	0.1114
RAB11A	WDFY1	3	0.6667	0.1114
EGFR	TEX2	3	0.0793	0.4242
RAB11A	TEX2	3	0.9990	0.0000
EGFR	MAP7D3	3	0.4140	0.2232
PDHA1	MAP7D3	3	0.0067	0.5146
RAB11A	MAP7D3	3	0.0999	0.4086
EGFR	DENND6A	3	0.2405	0.3402
RAB11A	DENND6A	3	0.9977	0.0001
EGFR	MGA	3	0.0000	0.5559
RAB11A	MGA	3	0.0000	0.5559
EGFR	GCC2	3	0.0052	0.5189
RAB11A	GCC2	3	0.1408	0.3824
EGFR	CCDC28A	3	0.0009	0.5391
RAB11A	CCDC28A	3	0.0716	0.4317
RAB11A	ZC3H7A	3	0.0009	0.5391
EGFR	PHF6	3	0.3280	0.3082
RAB11A	PHF6	3	0.3639	0.2426
EGFR	LRRC8A	3	0.0117	0.5027
RAB11A	LRRC8A	3	0.1320	0.3866
EGFR	LMTK2	3	0.9906	0.0005
PDHA1	LMTK2	3	0.0152	0.4960
RAB11A	LMTK2	3	1.0000	0.0000
EGFR	UBR1	3	0.0531	0.4485
RAB11A	UBR1	3	0.3292	0.3074
EGFR	ARHGAP12	3	0.6667	0.1114
PDHA1	CHERP	3	0.0000	0.5559
RAB11A	CHERP	3	0.0049	0.5202
RAB11A	CDAN1	3	0.0227	0.4823
EGFR	ANKHD1	3	0.0614	0.4401
PDHA1	ANKHD1	3	0.0001	0.5518
RAB11A	ANKHD1	3	0.0952	0.4121
EGFR	BBS7	3	0.0120	0.5023
RAB11A	BBS7	3	0.0421	0.4602
PDHA1	SUGP1	3	0.0081	0.5111
RAB11A	SUGP1	3	0.2157	0.3499
EGFR	SUGP2	3	0.0000	0.5559
RAB11A	SUGP2	3	0.0000	0.5559
RAB11A	UEVLD	3	0.1060	0.4041
EGFR	DHX40	3	0.0002	0.5491
PDHA1	DHX40	3	0.0000	0.5559
RAB11A	DHX40	3	0.0062	0.5162
EGFR	SKA3	3	0.0000	0.5559
RAB11A	SKA3	3	0.0044	0.5216
EGFR	DNAJC10	3	1.0000	0.0000
RAB11A	DNAJC10	3	0.6485	0.1446
EGFR	NELFCD	3	1.0000	0.0000
RAB11A	NELFCD	3	0.6667	0.1114
EGFR	RHOT2	3	0.2560	0.3348
PDHA1	RHOT2	3	0.1016	0.4076
RAB11A	RHOT2	3	0.7696	0.0549
PDHA1	MRPL41	3	1.0000	0.0000
RAB11A	MRPL41	3	0.3333	0.2563
PDHA1	GPALPP1	3	0.0028	0.5274
RAB11A	GPALPP1	3	0.0026	0.5282
EGFR	PARP9	3	0.0115	0.5030
RAB11A	PARP9	3	0.0023	0.5297
EGFR	PALM2	3	0.9294	0.0053
RAB11A	PALM2	3	0.3022	0.3186
EGFR	FAM126B	3	1.0000	0.0000
EGFR	RBM12B	3	0.0049	0.5202
RAB11A	RBM12B	3	0.0007	0.5414
EGFR	RPAP2	3	0.0016	0.5339
RAB11A	RPAP2	3	0.0000	0.5559
EGFR	PNPLA6	3	0.0000	0.5559
RAB11A	PNPLA6	3	0.0001	0.5518
EGFR	SMC5	3	0.6149	0.1561
RAB11A	SMC5	3	0.9818	0.0010
EGFR	DHX37	3	0.0017	0.5331
RAB11A	DHX37	3	0.0338	0.4694
EGFR	AMOTL1	3	0.9036	0.0091
RAB11A	AMOTL1	3	0.1964	0.3573
EGFR	RAVER1	3	0.0023	0.5297
PDHA1	RAVER1	3	0.0000	0.5559
RAB11A	RAVER1	3	0.0140	0.4985
EGFR	FTSJ3	3	0.1178	0.3959
PDHA1	FTSJ3	3	0.0613	0.4403
RAB11A	FTSJ3	3	0.3282	0.3082
RAB11A	MB21D2	3	1.0000	0.0000
EGFR	SRRM1	3	0.8192	0.0307
PDHA1	SRRM1	3	0.7551	0.0621
RAB11A	SRRM1	3	0.8566	0.0182
EGFR	SMAP1	3	0.6869	0.1008
PDHA1	SMAP1	3	0.2449	0.3386
RAB11A	SMAP1	3	0.2640	0.3319
PDHA1	SUPV3L1	3	1.0000	0.0000
RAB11A	EXOC8	3	0.3333	0.2563
RAB11A	C1orf174	3	0.6667	0.1114
EGFR	THNSL1	3	0.0458	0.4567
PDHA1	THNSL1	3	1.0000	0.0000
RAB11A	THNSL1	3	0.0648	0.4363
EGFR	PM20D2	3	0.2263	0.3455
PDHA1	PM20D2	3	0.0739	0.4291
RAB11A	PM20D2	3	0.7892	0.0451
RAB11A	HACE1	3	1.0000	0.0000
EGFR	MICU2	3	0.0028	0.5274
PDHA1	MICU2	3	0.1945	0.3575
RAB11A	MICU2	3	0.0869	0.4188
EGFR	RNF168	3	0.0399	0.4625
PDHA1	RNF168	3	0.0001	0.5518
RAB11A	RNF168	3	0.0025	0.5289
RAB11A	ANKRD13A	3	0.1237	0.3911
EGFR	PHACTR4	3	1.0000	0.0000
RAB11A	PHACTR4	3	0.6180	0.1551
RAB11A	RASEF	3	1.0000	0.0000
EGFR	TRMT2A	3	0.0116	0.5029
RAB11A	TRMT2A	3	0.3597	0.2442
EGFR	ALDH16A1	3	0.0014	0.5351
PDHA1	ALDH16A1	3	0.0075	0.5124
RAB11A	KIAA0319L	3	1.0000	0.0000
EGFR	RTKN2	3	1.0000	0.0000
EGFR	DCP1B	3	0.0000	0.5559
RAB11A	DCP1B	3	0.0000	0.5559
RAB11A	SCYL3	3	0.8606	0.0174
EGFR	XRN1	3	0.6001	0.1599
PDHA1	XRN1	3	0.2161	0.3495
RAB11A	XRN1	3	0.6071	0.1585
EGFR	UNC5B	3	1.0000	0.0000
RAB11A	UNC5B	3	0.6667	0.1114
EGFR	MCOLN2	3	0.3333	0.2563
RAB11A	MCOLN2	3	1.0000	0.0000
EGFR	PELP1	3	0.2599	0.3335
PDHA1	PELP1	3	0.0026	0.5282
RAB11A	PELP1	3	0.0277	0.4766
EGFR	ABI1	3	0.5356	0.1812
RAB11A	ABI1	3	0.3016	0.3189
RAB11A	WDFY3	3	0.0134	0.4991
EGFR	ASPM	3	0.0000	0.5559
RAB11A	ASPM	3	0.0000	0.5559
EGFR	RDH10	3	0.0026	0.5282
RAB11A	RDH10	3	0.2858	0.3245
PDHA1	FAM185A	3	0.3333	0.2563
EGFR	VKORC1L1	3	0.0838	0.4208
RAB11A	VKORC1L1	3	0.1047	0.4051
PDHA1	RBFA	3	0.3333	0.2563
EGFR	SPAG16	3	0.0054	0.5184
PDHA1	CLYBL	3	0.0000	0.5559
EGFR	SPART	3	0.6566	0.1413
PDHA1	SPART	3	0.3894	0.2327
RAB11A	SPART	3	0.6902	0.0993
EGFR	SPICE1	3	0.0031	0.5263
RAB11A	SPICE1	3	0.0444	0.4584
EGFR	TTC5	3	0.3333	0.2563
RAB11A	PUSL1	3	0.0057	0.5175
RAB11A	CYP4X1	3	0.0345	0.4685
EGFR	RPTOR	3	0.0940	0.4129
PDHA1	RPTOR	3	0.0001	0.5518
RAB11A	RPTOR	3	0.1234	0.3914
RAB11A	FAM177A1	3	0.6667	0.1114
EGFR	CCAR2	3	0.5341	0.1818
PDHA1	CCAR2	3	0.0171	0.4920
RAB11A	CCAR2	3	0.3498	0.2490
PDHA1	NDUFAF2	3	1.0000	0.0000
EGFR	VPS52	3	1.0000	0.0000
RAB11A	VPS52	3	1.0000	0.0000
EGFR	NUP93	3	0.1495	0.3779
PDHA1	NUP93	3	0.0142	0.4981
RAB11A	NUP93	3	0.9476	0.0035
EGFR	CMTR1	3	0.6994	0.0938
PDHA1	CMTR1	3	0.1034	0.4059
RAB11A	CMTR1	3	0.7656	0.0570
EGFR	LRRC47	3	0.7044	0.0907
PDHA1	LRRC47	3	0.0909	0.4151
RAB11A	LRRC47	3	0.7586	0.0606
EGFR	DOCK4	3	0.6343	0.1496
RAB11A	DOCK4	3	0.1208	0.3935
PDHA1	KRT78	3	0.5820	0.1659
EGFR	ARHGEF28	3	0.0008	0.5401
RAB11A	ARHGEF28	3	0.0299	0.4739
RAB11A	ARMC10	3	1.0000	0.0000
EGFR	GHDC	3	0.0058	0.5173
PDHA1	GHDC	3	0.0165	0.4932
RAB11A	GHDC	3	0.2438	0.3390
EGFR	ABHD12	3	0.6637	0.1385
PDHA1	ABHD12	3	0.0798	0.4236
RAB11A	ABHD12	3	0.7324	0.0753
RAB11A	TMEM256	3	0.3333	0.2563
PDHA1	PIAS4	3	0.0000	0.5559
RAB11A	RUSC2	3	0.2512	0.3361
EGFR	CBARP	3	1.0000	0.0000
RAB11A	CBARP	3	1.0000	0.0000
EGFR	ASCC3	3	0.0601	0.4417
PDHA1	ASCC3	3	0.0019	0.5324
RAB11A	ASCC3	3	0.1154	0.3974
RAB11A	MICALL1	3	1.0000	0.0000
EGFR	VPS8	3	0.3333	0.2563
RAB11A	VPS8	3	1.0000	0.0000
EGFR	PALS1	3	0.9986	0.0000
RAB11A	PALS1	3	0.2576	0.3342
EGFR	STAG2	3	0.0515	0.4501
RAB11A	STAG2	3	0.0035	0.5247
PDHA1	GTPBP8	3	1.0000	0.0000
EGFR	FGFRL1	3	1.0000	0.0000
RAB11A	FGFRL1	3	1.0000	0.0000
EGFR	GUF1	3	0.3333	0.2563
PDHA1	GUF1	3	1.0000	0.0000
RAB11A	GUF1	3	0.3333	0.2563
EGFR	D2HGDH	3	0.3333	0.2563
PDHA1	D2HGDH	3	0.6667	0.1114
RAB11A	D2HGDH	3	0.6667	0.1114
EGFR	NIN	3	0.0059	0.5171
RAB11A	NIN	3	0.0004	0.5449
EGFR	MINK1	3	0.5436	0.1783
EGFR	TMEM151A	3	1.0000	0.0000
PDHA1	ZADH2	3	0.3333	0.2563
RAB11A	CHCHD4	3	0.0327	0.4707
EGFR	MARVELD2	3	1.0000	0.0000
RAB11A	MARVELD2	3	1.0000	0.0000
PDHA1	CBR4	3	1.0000	0.0000
RAB11A	AFAP1L2	3	0.3333	0.2563
EGFR	OXR1	3	0.9960	0.0001
RAB11A	OXR1	3	1.0000	0.0000
RAB11A	SRBD1	3	0.3333	0.2563
RAB11A	TAB3	3	0.3006	0.3192
EGFR	NKAP	3	0.4077	0.2257
PDHA1	NKAP	3	0.6469	0.1452
RAB11A	NKAP	3	0.7752	0.0515
EGFR	MACO1	3	0.9998	0.0000
RAB11A	MACO1	3	0.9691	0.0016
RAB11A	NOPCHAP1	3	0.1038	0.4057
EGFR	MINDY1	3	0.3333	0.2563
RAB11A	MINDY1	3	1.0000	0.0000
EGFR	CISD2	3	0.6274	0.1520
PDHA1	CISD2	3	0.3870	0.2336
RAB11A	CISD2	3	0.8295	0.0273
PDHA1	ATPAF2	3	1.0000	0.0000
PDHA1	MRPL50	3	1.0000	0.0000
EGFR	RFLNB	3	0.6667	0.1114
PDHA1	RFLNB	3	0.3333	0.2563
EGFR	LZTR1	3	1.0000	0.0000
RAB11A	LZTR1	3	1.0000	0.0000
EGFR	CPSF7	3	0.0084	0.5106
EGFR	ARFGAP2	3	0.7921	0.0437
RAB11A	ARFGAP2	3	0.4983	0.1933
EGFR	EID2	3	0.0521	0.4495
RAB11A	KRTCAP2	3	0.3333	0.2563
EGFR	C1orf52	3	0.0000	0.5559
RAB11A	C1orf52	3	0.0038	0.5239
PDHA1	ACBD7	3	0.0085	0.5105
EGFR	METTL25	3	0.6667	0.1114
RAB11A	METTL25	3	1.0000	0.0000
EGFR	EEF1AKNMT	3	1.0000	0.0000
PDHA1	EEF1AKNMT	3	0.3333	0.2563
RAB11A	EEF1AKNMT	3	0.6667	0.1114
EGFR	ARFGAP1	3	0.5052	0.1909
PDHA1	ARFGAP1	3	0.1295	0.3877
RAB11A	ARFGAP1	3	0.7487	0.0665
RAB11A	GPR161	3	1.0000	0.0000
EGFR	PAF1	3	0.0000	0.5559
PDHA1	PAF1	3	0.0000	0.5559
RAB11A	PAF1	3	0.0001	0.5518
RAB11A	UBR7	3	0.4901	0.1967
EGFR	DDX51	3	0.3333	0.2563
PDHA1	DDX51	3	1.0000	0.0000
RAB11A	DDX51	3	0.6667	0.1114
RAB11A	CEP112	3	0.0909	0.4151
EGFR	FAM241A	3	0.6663	0.1370
PDHA1	FAM241A	3	0.2259	0.3455
RAB11A	FAM241A	3	0.3325	0.3057
EGFR	ENAH	3	0.9088	0.0080
PDHA1	ENAH	3	0.0016	0.5339
RAB11A	ENAH	3	0.2291	0.3440
EGFR	DCBLD1	3	1.0000	0.0000
RAB11A	DCBLD1	3	1.0000	0.0000
PDHA1	MRPL43	3	0.3333	0.2563
EGFR	C12orf29	3	0.0040	0.5232
RAB11A	C12orf29	3	0.1750	0.3653
EGFR	GDPD1	3	0.2190	0.3480
PDHA1	GDPD1	3	0.1447	0.3803
RAB11A	GDPD1	3	0.8322	0.0264
RAB11A	TMEM102	3	1.0000	0.0000
EGFR	LRRC57	3	1.0000	0.0000
RAB11A	LRRC57	3	0.3333	0.2563
EGFR	EIF1AD	3	0.1908	0.3588
EGFR	SREK1IP1	3	0.4496	0.2098
PDHA1	SREK1IP1	3	0.3195	0.3122
RAB11A	SREK1IP1	3	0.5868	0.1643
EGFR	KRI1	3	0.0070	0.5137
PDHA1	KRI1	3	0.0002	0.5491
RAB11A	KRI1	3	0.1366	0.3841
EGFR	TC2N	3	1.0000	0.0000
RAB11A	TC2N	3	1.0000	0.0000
EGFR	WDSUB1	3	0.2750	0.3277
PDHA1	WDSUB1	3	0.1415	0.3819
RAB11A	WDSUB1	3	0.9324	0.0051
RAB11A	POC5	3	0.0062	0.5162
EGFR	ZNF579	3	0.3333	0.2563
RAB11A	MIGA1	3	1.0000	0.0000
EGFR	PRPF38A	3	0.3333	0.2563
RAB11A	PRPF38A	3	0.3333	0.2563
EGFR	FAM184A	3	0.0042	0.5224
RAB11A	FAM184A	3	0.1132	0.3985
EGFR	GATD1	3	0.3520	0.2479
PDHA1	GATD1	3	0.0264	0.4776
RAB11A	GATD1	3	0.5914	0.1626
EGFR	ANKRD52	3	0.0000	0.5559
RAB11A	ANKRD52	3	0.0003	0.5468
EGFR	ATP11C	3	0.3333	0.2563
RAB11A	ATP11C	3	1.0000	0.0000
RAB11A	SPATA5	3	0.4330	0.2163
EGFR	NHLRC2	3	0.8100	0.0342
PDHA1	NHLRC2	3	0.6179	0.1552
RAB11A	NHLRC2	3	0.8529	0.0195
EGFR	XXYLT1	3	0.9763	0.0013
RAB11A	XXYLT1	3	0.3333	0.2563
PDHA1	SUMF1	3	0.3322	0.3058
EGFR	UBAC2	3	1.0000	0.0000
PDHA1	UBAC2	3	0.3333	0.2563
RAB11A	UBAC2	3	1.0000	0.0000
RAB11A	TMEM87A	3	0.6667	0.1114
EGFR	TTC13	3	0.3333	0.2563
RAB11A	TTC13	3	1.0000	0.0000
EGFR	MINDY2	3	0.6667	0.1114
RAB11A	MINDY2	3	1.0000	0.0000
RAB11A	SLC4A11	3	1.0000	0.0000
EGFR	TXNDC5	3	0.8130	0.0327
PDHA1	TXNDC5	3	0.5295	0.1838
RAB11A	TXNDC5	3	0.9217	0.0064
RAB11A	POC1A	3	0.3333	0.2563
RAB11A	SPC24	3	0.1650	0.3704
EGFR	ATAD1	3	0.1948	0.3574
PDHA1	ATAD1	3	0.0413	0.4613
RAB11A	ATAD1	3	0.1100	0.4012
RAB11A	SLC38A9	3	0.3333	0.2563
EGFR	SERBP1	3	0.0392	0.4635
PDHA1	SERBP1	3	0.0162	0.4939
RAB11A	SERBP1	3	0.2395	0.3407
EGFR	NOA1	3	0.3333	0.2563
PDHA1	NOA1	3	0.6667	0.1114
RAB11A	NOA1	3	1.0000	0.0000
EGFR	NECAP1	3	0.6667	0.1114
RAB11A	NECAP1	3	0.3333	0.2563
EGFR	FAM98A	3	0.6914	0.0985
PDHA1	FAM98A	3	0.1867	0.3608
RAB11A	FAM98A	3	0.7557	0.0618
EGFR	MTMR14	3	0.4295	0.2179
RAB11A	MTMR14	3	0.0535	0.4480
RAB11A	DAGLB	3	0.0641	0.4368
EGFR	DYNC2H1	3	0.0050	0.5196
RAB11A	DYNC2H1	3	0.1110	0.4003
PDHA1	PDPR	3	1.0000	0.0000
PDHA1	NAXE	3	0.0018	0.5328
RAB11A	SMG8	3	0.0006	0.5422
EGFR	RNF214	3	0.0125	0.5010
RAB11A	RNF214	3	0.0957	0.4116
EGFR	LSM14A	3	0.2979	0.3203
PDHA1	LSM14A	3	0.0969	0.4108
RAB11A	LSM14A	3	0.6799	0.1051
EGFR	CCNY	3	1.0000	0.0000
RAB11A	CCNY	3	0.6667	0.1114
RAB11A	ZNF280C	3	0.0414	0.4612
EGFR	MAPK1IP1L	3	0.0775	0.4255
PDHA1	MAPK1IP1L	3	0.0382	0.4652
RAB11A	MAPK1IP1L	3	0.4847	0.1987
EGFR	EHBP1	3	0.9893	0.0006
RAB11A	EHBP1	3	1.0000	0.0000
RAB11A	RCBTB1	3	0.2629	0.3321
EGFR	TNRC6A	3	0.0008	0.5401
RAB11A	TNRC6A	3	0.0001	0.5518
EGFR	SIMC1	3	0.0000	0.5559
RAB11A	SIMC1	3	0.0008	0.5401
EGFR	CNNM3	3	1.0000	0.0000
RAB11A	CNNM3	3	1.0000	0.0000
EGFR	ABCF1	3	0.7763	0.0506
PDHA1	ABCF1	3	0.4524	0.2092
RAB11A	ABCF1	3	0.7778	0.0501
EGFR	PIK3C3	3	0.4714	0.2027
RAB11A	PIK3C3	3	0.8529	0.0195
EGFR	GSTCD	3	0.3333	0.2563
EGFR	PDZD8	3	1.0000	0.0000
RAB11A	PDZD8	3	1.0000	0.0000
EGFR	APPL2	3	0.1180	0.3959
RAB11A	APPL2	3	1.0000	0.0000
EGFR	EXPH5	3	0.6667	0.1114
RAB11A	EXPH5	3	1.0000	0.0000
RAB11A	SLC30A7	3	0.6667	0.1114
EGFR	NAV1	3	0.0008	0.5401
RAB11A	NAV1	3	0.0158	0.4944
EGFR	WDR19	3	0.6881	0.1001
RAB11A	WDR19	3	0.0806	0.4231
EGFR	FBXO22	3	0.0718	0.4314
PDHA1	FBXO22	3	0.1717	0.3672
RAB11A	FBXO22	3	0.0564	0.4451
EGFR	LPCAT1	3	0.2484	0.3375
RAB11A	LPCAT1	3	0.6098	0.1577
EGFR	SYNE1	3	0.6372	0.1488
PDHA1	SYNE1	3	0.4173	0.2220
RAB11A	SYNE1	3	0.5053	0.1906
EGFR	USP32	3	0.3035	0.3181
RAB11A	USP32	3	1.0000	0.0000
PDHA1	FLAD1	3	0.1073	0.4026
RAB11A	FLAD1	3	0.0297	0.4743
EGFR	NUP43	3	0.3494	0.2492
PDHA1	NUP43	3	0.5712	0.1690
RAB11A	NUP43	3	0.9887	0.0006
EGFR	NUP35	3	0.3333	0.2563
RAB11A	NUP35	3	0.3333	0.2563
RAB11A	GPRC5A	3	0.3333	0.2563
EGFR	NBEA	3	0.6571	0.1408
RAB11A	NBEA	3	1.0000	0.0000
EGFR	TOR1AIP2	3	0.5094	0.1896
RAB11A	TOR1AIP2	3	0.7384	0.0717
RAB11A	STEAP2	3	1.0000	0.0000
EGFR	CMAS	3	0.0221	0.4833
RAB11A	CMAS	3	0.1484	0.3787
EGFR	SEMA6D	3	1.0000	0.0000
RAB11A	SEMA6D	3	1.0000	0.0000
EGFR	HELB	3	0.3055	0.3172
RAB11A	HELB	3	0.6393	0.1482
EGFR	PJA1	3	0.0000	0.5559
RAB11A	PJA1	3	0.0017	0.5331
EGFR	KNL1	3	0.5355	0.1813
PDHA1	KNL1	3	0.0652	0.4361
RAB11A	KNL1	3	0.5964	0.1613
RAB11A	ATL2	3	0.6667	0.1114
RAB11A	KDM2B	3	0.0000	0.5559
EGFR	RASSF8	3	0.3333	0.2563
EGFR	DDX55	3	0.0000	0.5559
RAB11A	DDX55	3	0.0066	0.5149
RAB11A	TDRD7	3	0.0094	0.5078
EGFR	NEDD1	3	0.0160	0.4941
RAB11A	NEDD1	3	0.0008	0.5401
EGFR	NCOA7	3	0.0645	0.4365
RAB11A	NCOA7	3	0.1129	0.3990
EGFR	THOC2	3	0.6581	0.1405
PDHA1	THOC2	3	0.3088	0.3159
RAB11A	THOC2	3	0.6791	0.1057
EGFR	PATJ	3	0.1303	0.3873
RAB11A	PATJ	3	0.0150	0.4964
EGFR	WDR36	3	0.7692	0.0552
RAB11A	WDR36	3	0.4323	0.2165
EGFR	COQ8A	3	0.0445	0.4582
PDHA1	COQ8A	3	0.9102	0.0078
RAB11A	COQ8A	3	0.2780	0.3268
EGFR	RP9	3	0.0529	0.4488
PDHA1	RP9	3	0.0107	0.5049
RAB11A	RP9	3	0.0205	0.4858
EGFR	GRPEL2	3	0.8028	0.0372
PDHA1	GRPEL2	3	0.8053	0.0359
RAB11A	GRPEL2	3	0.9747	0.0014
EGFR	VANGL1	3	1.0000	0.0000
RAB11A	VANGL1	3	1.0000	0.0000
RAB11A	SLC30A5	3	0.3333	0.2563
PDHA1	GADD45GIP1	3	1.0000	0.0000
EGFR	WDR48	3	0.0020	0.5317
EGFR	EXOC6	3	0.3646	0.2423
RAB11A	EXOC6	3	1.0000	0.0000
RAB11A	CEP76	3	0.0201	0.4866
EGFR	PPP1R35	3	0.3333	0.2563
EGFR	SMARCC2	3	0.0004	0.5449
RAB11A	SMARCC2	3	0.0093	0.5080
EGFR	NPLOC4	3	0.7511	0.0648
PDHA1	NPLOC4	3	0.0497	0.4525
RAB11A	NPLOC4	3	0.7524	0.0637
PDHA1	NUBPL	3	1.0000	0.0000
RAB11A	FBXO30	3	0.0158	0.4944
RAB11A	PUM2	3	0.0005	0.5435
EGFR	GOLGA5	3	0.6173	0.1555
PDHA1	GOLGA5	3	0.0606	0.4411
RAB11A	GOLGA5	3	1.0000	0.0000
EGFR	KLHDC4	3	0.1133	0.3984
RAB11A	KLHDC4	3	0.5062	0.1902
PDHA1	UBA3	3	0.0006	0.5422
RAB11A	UBA3	3	0.0267	0.4774
RAB11A	NANP	3	0.5481	0.1764
EGFR	ZCCHC10	3	0.0464	0.4561
PDHA1	ZCCHC10	3	0.6497	0.1445
RAB11A	ZCCHC10	3	0.0712	0.4321
EGFR	DNAJB14	3	0.6667	0.1114
RAB11A	RAB3IL1	3	1.0000	0.0000
PDHA1	SLC25A40	3	1.0000	0.0000
EGFR	PIP4K2C	3	0.8488	0.0209
RAB11A	PIP4K2C	3	0.2003	0.3557
EGFR	WDR20	3	1.0000	0.0000
RAB11A	WDR20	3	1.0000	0.0000
EGFR	TBC1D15	3	0.6711	0.1097
PDHA1	TBC1D15	3	0.3088	0.3159
RAB11A	TBC1D15	3	0.6946	0.0967
EGFR	RDH11	3	1.0000	0.0000
RAB11A	RDH11	3	0.9994	0.0000
RAB11A	RNF217	3	0.3333	0.2563
EGFR	PIWIL2	3	0.6667	0.1114
EGFR	CIP2A	3	0.0250	0.4795
RAB11A	CIP2A	3	0.0448	0.4576
RAB11A	PI4K2B	3	0.0220	0.4836
EGFR	STT3B	3	0.7944	0.0420
RAB11A	STT3B	3	0.8639	0.0161
EGFR	ZNF507	3	0.0020	0.5317
PDHA1	ZNF507	3	0.0000	0.5559
RAB11A	ZNF507	3	0.0113	0.5036
PDHA1	PNPT1	3	1.0000	0.0000
EGFR	HM13	3	0.0291	0.4750
RAB11A	HM13	3	0.0461	0.4563
EGFR	ALMS1	3	0.0003	0.5468
RAB11A	ALMS1	3	0.0291	0.4750
RAB11A	DYNC2LI1	3	0.0775	0.4255
EGFR	URGCP	3	0.0158	0.4944
RAB11A	URGCP	3	0.4433	0.2123
EGFR	CD99L2	3	1.0000	0.0000
RAB11A	CD99L2	3	1.0000	0.0000
EGFR	BICD2	3	0.1063	0.4037
RAB11A	BICD2	3	0.9131	0.0075
EGFR	NEK9	3	0.7232	0.0803
PDHA1	NEK9	3	0.4144	0.2229
RAB11A	NEK9	3	0.7247	0.0795
RAB11A	CHD6	3	0.0000	0.5559
RAB11A	GPT2	3	0.3333	0.2563
EGFR	DTX3L	3	0.1412	0.3822
RAB11A	DTX3L	3	0.5323	0.1824
EGFR	DDX54	3	0.0294	0.4747
PDHA1	DDX54	3	0.0002	0.5491
RAB11A	DDX54	3	0.0616	0.4398
EGFR	BLOC1S5	3	0.3333	0.2563
RAB11A	BLOC1S5	3	0.3333	0.2563
EGFR	DMXL2	3	0.3333	0.2563
RAB11A	DMXL2	3	0.6595	0.1400
EGFR	DLG5	3	1.0000	0.0000
RAB11A	DLG5	3	0.0891	0.4165
EGFR	BRIX1	3	0.7736	0.0521
PDHA1	BRIX1	3	0.4939	0.1947
RAB11A	BRIX1	3	0.7957	0.0414
RAB11A	RNASEH2C	3	0.3333	0.2563
EGFR	LRRC8C	3	0.3333	0.2563
RAB11A	LRRC8C	3	1.0000	0.0000
RAB11A	SYTL5	3	1.0000	0.0000
EGFR	NEK7	3	0.6667	0.1114
PDHA1	NEK7	3	0.3333	0.2563
RAB11A	NEK7	3	1.0000	0.0000
RAB11A	RB1CC1	3	0.0003	0.5468
EGFR	UTP15	3	0.0555	0.4461
RAB11A	UTP15	3	0.7675	0.0561
EGFR	DENND1A	3	0.6758	0.1071
PDHA1	DOT1L	3	0.3296	0.3072
RAB11A	DOT1L	3	0.2512	0.3361
EGFR	TRPC4AP	3	0.0300	0.4737
RAB11A	TRPC4AP	3	0.0209	0.4850
EGFR	NUP210	3	1.0000	0.0000
RAB11A	NUP210	3	1.0000	0.0000
EGFR	CEP192	3	0.0034	0.5252
RAB11A	CEP192	3	0.0353	0.4675
EGFR	SNX29	3	0.6667	0.1114
RAB11A	SNX29	3	0.6667	0.1114
EGFR	GEMIN5	3	0.5894	0.1631
PDHA1	GEMIN5	3	0.2463	0.3381
RAB11A	GEMIN5	3	0.7202	0.0821
EGFR	PIGO	3	1.0000	0.0000
RAB11A	PIGO	3	0.6667	0.1114
EGFR	RAPGEF6	3	0.0397	0.4627
RAB11A	RAPGEF6	3	0.0200	0.4868
EGFR	SMCR8	3	0.1833	0.3624
RAB11A	SMCR8	3	0.9976	0.0001
EGFR	PARD3	3	0.9973	0.0001
RAB11A	PARD3	3	0.5173	0.1875
EGFR	PARD3B	3	1.0000	0.0000
RAB11A	PARD3B	3	0.3333	0.2563
EGFR	IPO4	3	0.3890	0.2328
PDHA1	IPO4	3	0.0740	0.4291
RAB11A	IPO4	3	0.5723	0.1686
EGFR	USP33	3	1.0000	0.0000
RAB11A	USP33	3	1.0000	0.0000
PDHA1	PNISR	3	0.3333	0.2563
EGFR	PPP4R1	3	0.3333	0.2563
RAB11A	PPP4R1	3	0.4473	0.2107
EGFR	SHROOM3	3	0.5212	0.1860
EGFR	WIPF2	3	0.3333	0.2563
EGFR	NOC3L	3	0.0005	0.5435
RAB11A	NOC3L	3	0.0319	0.4717
EGFR	SCARB1	3	0.6667	0.1114
RAB11A	SCARB1	3	0.3333	0.2563
EGFR	COG1	3	0.0061	0.5165
RAB11A	COG1	3	0.3057	0.3171
EGFR	PYROXD1	3	0.1513	0.3769
PDHA1	PYROXD1	3	0.1166	0.3966
RAB11A	PYROXD1	3	0.3630	0.2430
EGFR	FRS2	3	1.0000	0.0000
RAB11A	FRS2	3	1.0000	0.0000
EGFR	SCFD2	3	0.3333	0.2563
EGFR	SMAP2	3	0.7330	0.0748
RAB11A	SMAP2	3	0.9560	0.0027
EGFR	ZC3H15	3	0.2491	0.3372
RAB11A	ZC3H15	3	0.2897	0.3226
PDHA1	PPIL4	3	0.1070	0.4030
RAB11A	PPIL4	3	0.0514	0.4502
EGFR	GTF3C2	3	0.1361	0.3846
PDHA1	GTF3C2	3	0.0091	0.5088
RAB11A	GTF3C2	3	0.2781	0.3266
RAB11A	TBC1D22A	3	0.6667	0.1114
EGFR	RAB2B	3	0.0866	0.4190
PDHA1	RAB2B	3	0.6714	0.1093
RAB11A	RAB2B	3	0.4733	0.2020
EGFR	CCDC12	3	0.0190	0.4886
RAB11A	CCDC12	3	0.0344	0.4687
PDHA1	PTPMT1	3	0.6667	0.1114
EGFR	NUP133	3	0.1230	0.3918
PDHA1	NUP133	3	0.0004	0.5449
RAB11A	NUP133	3	0.1415	0.3819
EGFR	PDCD6IP	3	0.4900	0.1968
PDHA1	PDCD6IP	3	0.0755	0.4279
RAB11A	PDCD6IP	3	0.8314	0.0268
EGFR	SLC20A1	3	0.6667	0.1114
RAB11A	SLC20A1	3	0.3333	0.2563
PDHA1	BRK1	3	0.3333	0.2563
RAB11A	BRK1	3	0.3333	0.2563
EGFR	CHMP7	3	0.1093	0.4015
RAB11A	CHMP7	3	0.3271	0.3089
EGFR	THEM6	3	0.9700	0.0016
RAB11A	THEM6	3	0.3064	0.3167
EGFR	DEPDC1B	3	0.9996	0.0000
RAB11A	DEPDC1B	3	0.9884	0.0007
EGFR	BCL7C	3	0.6591	0.1402
PDHA1	BCL7C	3	0.4419	0.2130
RAB11A	BCL7C	3	0.6653	0.1377
RAB11A	SFT2D1	3	0.3333	0.2563
EGFR	TRIM41	3	0.0014	0.5351
RAB11A	TRIM41	3	0.0368	0.4666
PDHA1	PTCD2	3	0.3333	0.2563
RAB11A	PTCD2	3	0.3333	0.2563
PDHA1	NUDT8	3	0.3333	0.2563
RAB11A	CHTF18	3	0.3333	0.2563
EGFR	NUDCD2	3	0.7565	0.0617
PDHA1	NUDCD2	3	0.1399	0.3827
RAB11A	NUDCD2	3	0.6666	0.1363
EGFR	SCFD1	3	0.9371	0.0047
PDHA1	SCFD1	3	0.0035	0.5247
RAB11A	SCFD1	3	0.9987	0.0000
EGFR	DYNC2I1	3	0.0000	0.5559
RAB11A	DYNC2I1	3	0.0001	0.5518
PDHA1	POF1B	3	0.6667	0.1114
EGFR	HNRNPLL	3	0.4104	0.2245
PDHA1	HNRNPLL	3	0.6082	0.1582
RAB11A	HNRNPLL	3	0.5514	0.1753
EGFR	FAR1	3	0.9061	0.0085
PDHA1	FAR1	3	0.0569	0.4446
RAB11A	FAR1	3	0.3333	0.2563
EGFR	TSEN15	3	0.1736	0.3661
PDHA1	TSEN15	3	0.1062	0.4039
RAB11A	TSEN15	3	0.8919	0.0104
PDHA1	MAIP1	3	0.6196	0.1544
RAB11A	MAIP1	3	0.0368	0.4666
PDHA1	TRUB1	3	0.3333	0.2563
RAB11A	TRUB1	3	1.0000	0.0000
EGFR	LMO7	3	0.0873	0.4183
RAB11A	LMO7	3	0.0133	0.4993
EGFR	CKAP2	3	0.7175	0.0840
PDHA1	CKAP2	3	0.3520	0.2479
RAB11A	CKAP2	3	0.7058	0.0900
RAB11A	SPIRE2	3	0.3333	0.2563
EGFR	ATXN2L	3	0.0876	0.4180
PDHA1	ATXN2L	3	0.0161	0.4940
RAB11A	ATXN2L	3	0.4561	0.2077
EGFR	PHIP	3	0.4969	0.1939
PDHA1	PHIP	3	0.1605	0.3729
RAB11A	PHIP	3	0.6857	0.1017
EGFR	RTN4IP1	3	0.3333	0.2563
PDHA1	RTN4IP1	3	0.6667	0.1114
RAB11A	PRPF31	3	0.0732	0.4299
EGFR	NELFB	3	0.0000	0.5559
EGFR	PALLD	3	0.2557	0.3349
PDHA1	PALLD	3	0.0882	0.4177
RAB11A	PALLD	3	0.4487	0.2104
EGFR	RUFY2	3	0.6667	0.1114
RAB11A	RUFY2	3	1.0000	0.0000
EGFR	SREK1	3	0.9534	0.0029
PDHA1	SREK1	3	0.9999	0.0000
RAB11A	SREK1	3	0.9993	0.0000
EGFR	GEMIN6	3	0.0408	0.4618
PDHA1	GEMIN6	3	0.0011	0.5371
RAB11A	GEMIN6	3	0.2517	0.3358
EGFR	CASKIN2	3	1.0000	0.0000
PDHA1	CASKIN2	3	0.1699	0.3682
RAB11A	CASKIN2	3	0.3640	0.2426
EGFR	ATRIP	3	0.3290	0.3075
RAB11A	ATRIP	3	0.0221	0.4833
EGFR	STON2	3	0.6667	0.1114
RAB11A	SRSF12	3	0.3573	0.2453
EGFR	PSPC1	3	0.8438	0.0226
RAB11A	PSPC1	3	0.9247	0.0060
EGFR	MADD	3	0.0706	0.4325
RAB11A	MADD	3	0.5181	0.1870
EGFR	SYNE2	3	0.3129	0.3144
RAB11A	SYNE2	3	0.2889	0.3229
EGFR	GATAD2B	3	0.0039	0.5235
RAB11A	GATAD2B	3	0.1149	0.3975
EGFR	DNAJC9	3	0.0513	0.4504
RAB11A	DNAJC9	3	0.0031	0.5263
EGFR	PPM1E	3	0.1166	0.3966
RAB11A	PPM1E	3	0.3757	0.2376
RAB11A	THAP4	3	0.0000	0.5559
EGFR	IFT81	3	0.0000	0.5559
RAB11A	IFT81	3	0.0000	0.5559
EGFR	AHCTF1	3	0.0012	0.5365
RAB11A	AHCTF1	3	0.0093	0.5080
EGFR	ARAP2	3	1.0000	0.0000
RAB11A	ARAP2	3	0.3333	0.2563
RAB11A	RFFL	3	1.0000	0.0000
RAB11A	LZIC	3	0.0006	0.5422
EGFR	IRGQ	3	0.0050	0.5196
RAB11A	IRGQ	3	0.0487	0.4536
EGFR	DDX1	3	0.0349	0.4679
RAB11A	DDX1	3	0.0047	0.5208
EGFR	SEC14L1	3	1.0000	0.0000
RAB11A	PIEZO1	3	0.6667	0.1114
PDHA1	FAM3C	3	0.3333	0.2563
EGFR	H1-10	3	0.3055	0.3172
PDHA1	H1-10	3	0.1910	0.3587
RAB11A	H1-10	3	0.8720	0.0136
EGFR	PSMF1	3	0.9985	0.0000
PDHA1	PSMF1	3	0.0774	0.4258
RAB11A	PSMF1	3	0.6987	0.0944
EGFR	GBF1	3	0.0939	0.4131
PDHA1	GBF1	3	0.0115	0.5030
RAB11A	GBF1	3	0.2283	0.3444
EGFR	SMG7	3	0.0002	0.5491
RAB11A	SMG7	3	0.0001	0.5518
EGFR	RTF1	3	0.3326	0.3054
PDHA1	RTF1	3	0.2759	0.3274
RAB11A	RTF1	3	0.0547	0.4469
EGFR	SNX19	3	0.3333	0.2563
RAB11A	SNX19	3	0.6667	0.1114
EGFR	TMEM131	3	0.9947	0.0002
RAB11A	TMEM131	3	0.5468	0.1767
RAB11A	TOPBP1	3	0.0000	0.5559
EGFR	MRPS27	3	0.1007	0.4082
PDHA1	MRPS27	3	1.0000	0.0000
RAB11A	MRPS27	3	0.9167	0.0071
EGFR	WASF1	3	0.0400	0.4623
RAB11A	WASF1	3	0.3194	0.3123
EGFR	DCUN1D4	3	0.0900	0.4158
PDHA1	DCUN1D4	3	0.0024	0.5293
RAB11A	DCUN1D4	3	0.1205	0.3937
EGFR	RAPGEF5	3	0.9460	0.0037
RAB11A	RAPGEF5	3	0.0136	0.4988
PDHA1	FAM168A	3	0.3333	0.2563
RAB11A	FAM168A	3	0.3333	0.2563
EGFR	PIK3R3	3	1.0000	0.0000
EGFR	AP3S1	3	0.5585	0.1731
PDHA1	AP3S1	3	0.1327	0.3863
RAB11A	AP3S1	3	0.7154	0.0851
EGFR	TSC1	3	0.0133	0.4993
RAB11A	TSC1	3	0.9289	0.0054
EGFR	UBXN4	3	0.9986	0.0000
RAB11A	UBXN4	3	1.0000	0.0000
PDHA1	PHF3	3	0.0000	0.5559
RAB11A	PHF3	3	0.0000	0.5559
RAB11A	MAML1	3	0.0000	0.5559
EGFR	NDRG1	3	0.4604	0.2059
PDHA1	NDRG1	3	0.0646	0.4364
RAB11A	NDRG1	3	0.5972	0.1609
EGFR	HSPH1	3	0.5442	0.1779
PDHA1	HSPH1	3	0.0702	0.4328
RAB11A	HSPH1	3	0.3633	0.2429
EGFR	SEPTIN8	3	0.0347	0.4682
RAB11A	SEPTIN8	3	0.0835	0.4210
EGFR	LPGAT1	3	0.0088	0.5097
EGFR	TBC1D5	3	0.0861	0.4194
RAB11A	TBC1D5	3	0.9920	0.0004
EGFR	MYO18A	3	1.0000	0.0000
RAB11A	MYO18A	3	0.4546	0.2085
EGFR	LARP4B	3	0.3473	0.2506
PDHA1	LARP4B	3	0.0635	0.4377
RAB11A	LARP4B	3	0.4224	0.2201
EGFR	GCN1	3	0.7733	0.0523
PDHA1	GCN1	3	0.3444	0.2512
RAB11A	GCN1	3	0.7918	0.0438
RAB11A	DHX38	3	0.0000	0.5559
EGFR	NUP205	3	0.1220	0.3926
PDHA1	NUP205	3	0.0105	0.5053
RAB11A	NUP205	3	0.1633	0.3713
EGFR	RUBCN	3	0.3333	0.2563
RAB11A	RUBCN	3	0.3333	0.2563
EGFR	ANKS1A	3	0.5789	0.1667
RAB11A	ANKS1A	3	0.1917	0.3585
EGFR	PIGK	3	1.0000	0.0000
RAB11A	PIGK	3	1.0000	0.0000
PDHA1	MRPS31	3	1.0000	0.0000
EGFR	AKAP1	3	0.0518	0.4499
PDHA1	AKAP1	3	0.0412	0.4614
RAB11A	AKAP1	3	0.9890	0.0006
EGFR	ALG3	3	0.1536	0.3759
PDHA1	ALG3	3	0.0405	0.4620
RAB11A	ALG3	3	0.1801	0.3634
EGFR	ANP32B	3	0.8227	0.0294
PDHA1	ANP32B	3	0.5630	0.1715
RAB11A	ANP32B	3	0.6096	0.1577
EGFR	NECTIN2	3	1.0000	0.0000
RAB11A	NECTIN2	3	1.0000	0.0000
EGFR	PTPRU	3	1.0000	0.0000
RAB11A	PTPRU	3	0.3333	0.2563
EGFR	TFG	3	0.0319	0.4717
EGFR	USP6NL	3	1.0000	0.0000
RAB11A	USP6NL	3	0.6667	0.1114
EGFR	ARPC1A	3	0.9477	0.0035
PDHA1	ARPC1A	3	0.3824	0.2354
RAB11A	ARPC1A	3	0.8472	0.0217
PDHA1	RREB1	3	0.0000	0.5559
RAB11A	RREB1	3	0.0000	0.5559
EGFR	HDAC2	3	0.6770	0.1064
PDHA1	HDAC2	3	0.2129	0.3509
RAB11A	HDAC2	3	0.6634	0.1386
EGFR	STAM	3	0.4032	0.2280
PDHA1	STAM	3	0.0034	0.5252
RAB11A	STAM	3	0.6891	0.0998
EGFR	CREBBP	3	0.0000	0.5559
RAB11A	CREBBP	3	0.0000	0.5559
EGFR	DLG3	3	0.3333	0.2563
EGFR	GOLGA1	3	0.3333	0.2563
RAB11A	GOLGA1	3	0.3333	0.2563
PDHA1	GGH	3	0.3333	0.2563
RAB11A	GGH	3	0.3333	0.2563
EGFR	RPGR	3	0.3754	0.2379
RAB11A	RPGR	3	0.8461	0.0219
EGFR	DDX17	3	0.8692	0.0144
PDHA1	DDX17	3	0.0895	0.4161
RAB11A	DDX17	3	0.6712	0.1096
RAB11A	TANK	3	0.0285	0.4760
EGFR	NEO1	3	1.0000	0.0000
RAB11A	NEO1	3	0.6667	0.1114
EGFR	APBB2	3	0.9993	0.0000
RAB11A	APBB2	3	1.0000	0.0000
EGFR	RAD50	3	0.7549	0.0625
PDHA1	RAD50	3	0.2017	0.3548
RAB11A	RAD50	3	0.7790	0.0493
PDHA1	CELF1	3	0.3333	0.2563
EGFR	OSTF1	3	0.6667	0.1114
EGFR	ARHGEF1	3	0.1899	0.3591
EGFR	ERCC4	3	0.0718	0.4314
RAB11A	ERCC4	3	0.3213	0.3116
EGFR	UFD1	3	0.6667	0.1114
PDHA1	UFD1	3	0.3333	0.2563
EGFR	UPF1	3	0.2069	0.3531
PDHA1	UPF1	3	0.0063	0.5159
RAB11A	UPF1	3	0.1194	0.3949
RAB11A	HPS1	3	0.6667	0.1114
EGFR	COPS5	3	0.1132	0.3985
RAB11A	COPS5	3	0.6784	0.1060
EGFR	GPKOW	3	0.4913	0.1958
PDHA1	GPKOW	3	0.2324	0.3429
RAB11A	GPKOW	3	0.6875	0.1004
EGFR	SMARCD2	3	0.0000	0.5559
PDHA1	SMARCD2	3	0.0000	0.5559
RAB11A	SMARCD2	3	0.0000	0.5559
EGFR	KHSRP	3	0.3928	0.2316
PDHA1	KHSRP	3	0.0829	0.4213
RAB11A	KHSRP	3	0.6685	0.1106
PDHA1	GCDH	3	0.0026	0.5282
RAB11A	GCDH	3	0.0756	0.4279
EGFR	KCNB2	3	1.0000	0.0000
RAB11A	KCNB2	3	1.0000	0.0000
EGFR	TNPO1	3	0.4933	0.1949
PDHA1	TNPO1	3	0.1485	0.3785
RAB11A	TNPO1	3	0.4876	0.1976
EGFR	ARHGEF2	3	0.7019	0.0920
RAB11A	ARHGEF2	3	0.0514	0.4502
EGFR	EMG1	3	0.0000	0.5559
RAB11A	EMG1	3	0.0064	0.5156
EGFR	CLP1	3	0.0000	0.5559
RAB11A	CLP1	3	0.0000	0.5559
EGFR	GLMN	3	0.5031	0.1918
PDHA1	GLMN	3	0.2424	0.3395
RAB11A	GLMN	3	0.8113	0.0334
EGFR	BRF1	3	1.0000	0.0000
EGFR	DVL3	3	0.0133	0.4993
RAB11A	DVL3	3	0.0008	0.5401
EGFR	USP9X	3	0.8056	0.0357
PDHA1	USP9X	3	0.3758	0.2375
RAB11A	USP9X	3	0.8179	0.0312
EGFR	USP7	3	0.5954	0.1615
PDHA1	USP7	3	0.1189	0.3952
RAB11A	USP7	3	0.6907	0.0990
EGFR	CUL5	3	0.0127	0.5006
RAB11A	CUL5	3	0.0000	0.5559
EGFR	ATP6V0A1	3	0.9714	0.0015
RAB11A	ATP6V0A1	3	0.7966	0.0405
EGFR	LPP	3	0.7570	0.0613
PDHA1	LPP	3	0.2947	0.3212
RAB11A	LPP	3	0.6666	0.1363
RAB11A	MED12	3	0.0112	0.5037
EGFR	PHKB	3	0.1517	0.3766
RAB11A	PHKB	3	0.5437	0.1781
EGFR	TSR2	3	0.3333	0.2563
PDHA1	TSR2	3	0.3333	0.2563
RAB11A	TSR2	3	0.6666	0.1363
EGFR	NKD2	3	1.0000	0.0000
RAB11A	NKD2	3	1.0000	0.0000
EGFR	RFK	3	0.2614	0.3327
PDHA1	RFK	3	0.0358	0.4671
RAB11A	RFK	3	0.4181	0.2217
EGFR	MYDGF	3	0.2503	0.3367
PDHA1	MYDGF	3	0.2675	0.3304
RAB11A	MYDGF	3	0.3271	0.3089
EGFR	YIPF5	3	1.0000	0.0000
RAB11A	YIPF5	3	1.0000	0.0000
EGFR	PPP2R3C	3	0.7590	0.0605
RAB11A	PPP2R3C	3	0.1218	0.3928
EGFR	ZNF622	3	0.0227	0.4823
RAB11A	ZNF622	3	0.2120	0.3511
EGFR	GFM2	3	1.0000	0.0000
PDHA1	GFM2	3	1.0000	0.0000
RAB11A	GFM2	3	0.6667	0.1114
EGFR	NT5C3B	3	0.0530	0.4487
PDHA1	NT5C3B	3	0.0065	0.5152
RAB11A	NT5C3B	3	0.1970	0.3570
EGFR	WBP2	3	0.8976	0.0097
PDHA1	WBP2	3	0.8419	0.0229
RAB11A	WBP2	3	0.9283	0.0055
EGFR	PSMG2	3	0.0532	0.4484
RAB11A	PSMG2	3	0.0745	0.4287
EGFR	NCLN	3	0.6116	0.1573
PDHA1	NCLN	3	0.3333	0.2563
RAB11A	NCLN	3	0.3787	0.2363
RAB11A	MUL1	3	0.0347	0.4682
EGFR	MRTFA	3	0.0003	0.5468
EGFR	UTP4	3	0.1808	0.3631
PDHA1	UTP4	3	0.0003	0.5468
RAB11A	UTP4	3	0.0605	0.4412
EGFR	GTPBP3	3	0.6667	0.1114
PDHA1	GTPBP3	3	1.0000	0.0000
RAB11A	GTPBP3	3	0.3333	0.2563
PDHA1	TBRG4	3	0.8920	0.0104
RAB11A	TBRG4	3	0.0634	0.4380
RAB11A	MTARC2	3	0.6667	0.1114
EGFR	RELT	3	1.0000	0.0000
RAB11A	RELT	3	0.6667	0.1114
EGFR	CCDC102A	3	0.6667	0.1114
RAB11A	CCDC102A	3	0.6667	0.1114
EGFR	CCDC47	3	0.7280	0.0773
RAB11A	CCDC47	3	1.0000	0.0000
PDHA1	MRPL24	3	1.0000	0.0000
EGFR	SYAP1	3	0.6723	0.1090
PDHA1	SYAP1	3	0.3729	0.2389
RAB11A	SYAP1	3	0.7514	0.0646
RAB11A	ADIPOR1	3	0.3333	0.2563
EGFR	EXOC4	3	0.3400	0.2533
RAB11A	EXOC4	3	1.0000	0.0000
EGFR	KIAA1191	3	0.3873	0.2334
RAB11A	KIAA1191	3	0.4046	0.2272
RAB11A	JAKMIP2	3	0.9854	0.0008
EGFR	ISOC2	3	0.0201	0.4866
PDHA1	ISOC2	3	0.0444	0.4584
RAB11A	ISOC2	3	0.3965	0.2301
EGFR	FERMT2	3	0.8120	0.0329
PDHA1	FERMT2	3	0.0419	0.4605
RAB11A	FERMT2	3	0.5938	0.1621
EGFR	PNPLA2	3	0.0289	0.4753
RAB11A	PNPLA2	3	0.0940	0.4129
EGFR	FUBP1	3	0.3321	0.3059
PDHA1	FUBP1	3	0.1486	0.3784
RAB11A	FUBP1	3	0.4869	0.1982
EGFR	TTC17	3	0.3333	0.2563
EGFR	LRRC59	3	1.0000	0.0000
PDHA1	LRRC59	3	0.4390	0.2138
RAB11A	LRRC59	3	0.9999	0.0000
EGFR	ZUP1	3	0.1120	0.3998
PDHA1	ZUP1	3	0.0076	0.5122
RAB11A	ZUP1	3	0.1218	0.3928
RAB11A	E2F7	3	0.0669	0.4352
EGFR	VPS33A	3	0.0349	0.4679
RAB11A	VPS33A	3	0.6468	0.1453
EGFR	TTC28	3	0.0076	0.5122
RAB11A	TTC28	3	0.3413	0.2528
RAB11A	RAD51AP1	3	0.3326	0.3054
EGFR	EXOSC8	3	0.6667	0.1114
PDHA1	EXOSC8	3	0.3333	0.2563
EGFR	AKT1S1	3	0.3333	0.2563
RAB11A	AKT1S1	3	0.6667	0.1114
RAB11A	TMEM186	3	0.3333	0.2563
RAB11A	TMEM159	3	1.0000	0.0000
RAB11A	SH3KBP1	3	0.3333	0.2563
EGFR	SLCO4A1	3	1.0000	0.0000
RAB11A	SLCO4A1	3	0.6667	0.1114
PDHA1	SKA1	3	0.0010	0.5381
RAB11A	SKA1	3	0.0028	0.5274
EGFR	PINX1	3	0.1519	0.3766
PDHA1	PINX1	3	0.0113	0.5036
RAB11A	PINX1	3	0.1796	0.3636
EGFR	OTULIN	3	0.3543	0.2469
RAB11A	OTULIN	3	0.3123	0.3145
RAB11A	SGK3	3	0.0229	0.4820
PDHA1	COA7	3	1.0000	0.0000
EGFR	UPRT	3	0.3333	0.2563
EGFR	PTER	3	0.4973	0.1937
PDHA1	PTER	3	0.3007	0.3191
RAB11A	PTER	3	0.7707	0.0542
EGFR	TAMM41	3	0.0045	0.5215
PDHA1	TAMM41	3	0.6263	0.1525
RAB11A	TAMM41	3	0.0956	0.4117
EGFR	ATG2B	3	0.0257	0.4787
RAB11A	ATG2B	3	0.6704	0.1099
RAB11A	ZBTB9	3	0.0000	0.5559
EGFR	EFHD2	3	0.7722	0.0532
PDHA1	EFHD2	3	0.0657	0.4360
RAB11A	EFHD2	3	0.7570	0.0613
EGFR	SYTL4	3	1.0000	0.0000
RAB11A	SYTL4	3	1.0000	0.0000
EGFR	PYCR2	3	0.3209	0.3116
PDHA1	PYCR2	3	0.9941	0.0003
RAB11A	PYCR2	3	0.6311	0.1508
RAB11A	CUSTOS	3	0.0397	0.4627
RAB11A	DCPS	3	0.3333	0.2563
PDHA1	ENTR1	3	0.2451	0.3384
PDHA1	NSUN4	3	0.6667	0.1114
EGFR	PPCDC	3	0.0155	0.4950
PDHA1	PPCDC	3	0.2276	0.3447
RAB11A	PPCDC	3	0.1105	0.4007
RAB11A	EVI5L	3	1.0000	0.0000
EGFR	ISOC1	3	0.7244	0.0798
PDHA1	ISOC1	3	0.2311	0.3432
RAB11A	ISOC1	3	0.9838	0.0009
EGFR	GCC1	3	0.9556	0.0027
RAB11A	GCC1	3	0.9749	0.0014
EGFR	FLYWCH2	3	0.2512	0.3361
PDHA1	FLYWCH2	3	0.0145	0.4974
RAB11A	FLYWCH2	3	0.1522	0.3762
EGFR	GRAMD1A	3	0.6742	0.1082
PDHA1	GRAMD1A	3	0.3691	0.2405
RAB11A	GRAMD1A	3	0.6950	0.0965
EGFR	HAUS1	3	0.4383	0.2141
RAB11A	HAUS1	3	0.4427	0.2125
EGFR	FAF2	3	0.1774	0.3643
PDHA1	FAF2	3	0.0129	0.5002
RAB11A	FAF2	3	0.8770	0.0127
EGFR	CCDC124	3	0.0188	0.4891
PDHA1	FOXRED1	3	0.3333	0.2563
RAB11A	FOXRED1	3	0.3333	0.2563
EGFR	AP2M1	3	1.0000	0.0000
EGFR	TUBGCP3	3	0.0404	0.4622
PDHA1	TUBGCP3	3	0.0669	0.4352
RAB11A	TUBGCP3	3	0.2229	0.3466
EGFR	NMD3	3	0.1076	0.4024
RAB11A	NMD3	3	0.0315	0.4720
PDHA1	COQ8B	3	0.3333	0.2563
EGFR	REPS1	3	0.9033	0.0091
RAB11A	REPS1	3	0.0115	0.5030
EGFR	ESS2	3	0.0000	0.5559
RAB11A	ESS2	3	0.0000	0.5559
EGFR	CMBL	3	0.0067	0.5146
PDHA1	CMBL	3	0.0112	0.5037
RAB11A	CMBL	3	0.1865	0.3610
EGFR	SNRNP40	3	0.2963	0.3208
PDHA1	SNRNP40	3	0.1276	0.3889
RAB11A	SNRNP40	3	0.5884	0.1635
RAB11A	TBC1D31	3	0.0000	0.5559
EGFR	ARHGEF26	3	1.0000	0.0000
EGFR	ZBTB10	3	0.0144	0.4977
RAB11A	ZBTB10	3	0.0039	0.5235
PDHA1	MRPL38	3	0.3333	0.2563
PDHA1	MRRF	3	1.0000	0.0000
PDHA1	MTERF3	3	0.6667	0.1114
PDHA1	OMA1	3	0.6667	0.1114
EGFR	SPDL1	3	0.0002	0.5491
RAB11A	SPDL1	3	0.0034	0.5252
PDHA1	SIRT1	3	0.0056	0.5176
RAB11A	SIRT1	3	0.1485	0.3785
EGFR	SEH1L	3	0.5181	0.1870
PDHA1	SEH1L	3	0.5600	0.1725
RAB11A	SEH1L	3	0.9931	0.0003
EGFR	FBXO17	3	0.4041	0.2275
RAB11A	FBXO17	3	0.6663	0.1370
EGFR	TCEAL4	3	0.0121	0.5020
RAB11A	TCEAL4	3	0.0001	0.5518
EGFR	THAP11	3	0.7205	0.0818
PDHA1	THAP11	3	0.6837	0.1030
RAB11A	THAP11	3	0.3700	0.2401
EGFR	KIFBP	3	0.0005	0.5435
RAB11A	KIFBP	3	0.0058	0.5173
EGFR	GNPNAT1	3	0.6667	0.1114
PDHA1	GNPNAT1	3	0.3333	0.2563
RAB11A	GNPNAT1	3	0.6667	0.1114
PDHA1	MRPS24	3	1.0000	0.0000
RAB11A	MRPS24	3	0.3333	0.2563
EGFR	MRPL53	3	0.4378	0.2144
PDHA1	MRPL53	3	0.0495	0.4528
RAB11A	MRPL53	3	0.1544	0.3756
EGFR	DAZAP1	3	0.4105	0.2244
PDHA1	DAZAP1	3	0.4968	0.1941
RAB11A	DAZAP1	3	0.6945	0.0968
EGFR	SGTB	3	0.1758	0.3649
RAB11A	SGTB	3	0.0163	0.4938
RAB11A	TVP23C	3	0.3333	0.2563
EGFR	RRP36	3	0.4363	0.2152
PDHA1	RRP36	3	0.0779	0.4250
RAB11A	RRP36	3	0.3472	0.2506
EGFR	RBM33	3	0.0124	0.5015
RAB11A	RBM33	3	0.1363	0.3845
RAB11A	DTNBP1	3	0.0060	0.5167
EGFR	DYNC2I2	3	0.5601	0.1725
RAB11A	DYNC2I2	3	0.3604	0.2438
EGFR	DNAJA3	3	0.3333	0.2563
PDHA1	DNAJA3	3	1.0000	0.0000
RAB11A	DNAJA3	3	0.3333	0.2563
RAB11A	TMA16	3	0.1221	0.3924
EGFR	PTCD3	3	0.3333	0.2563
PDHA1	PTCD3	3	1.0000	0.0000
RAB11A	PTCD3	3	0.7359	0.0732
PDHA1	MMAB	3	1.0000	0.0000
RAB11A	MMAB	3	0.6667	0.1114
RAB11A	MCRS1	3	0.0009	0.5391
EGFR	CYFIP2	3	0.1596	0.3737
PDHA1	CYFIP2	3	0.2703	0.3293
RAB11A	CYFIP2	3	0.1229	0.3919
EGFR	TRIM11	3	0.0044	0.5216
EGFR	IL17RA	3	0.3333	0.2563
EGFR	CCDC97	3	0.0004	0.5449
EGFR	EDC3	3	0.3290	0.3075
PDHA1	EDC3	3	0.2375	0.3413
RAB11A	EDC3	3	0.7635	0.0579
EGFR	DDX11	3	0.0001	0.5518
RAB11A	DDX11	3	0.0220	0.4836
EGFR	THOC1	3	0.0023	0.5297
RAB11A	THOC1	3	0.1202	0.3940
EGFR	OTUB1	3	0.1498	0.3776
PDHA1	OTUB1	3	0.0336	0.4696
RAB11A	OTUB1	3	0.7704	0.0543
EGFR	BICD1	3	0.0431	0.4595
RAB11A	BICD1	3	0.4310	0.2175
EGFR	CERS2	3	0.6667	0.1114
RAB11A	CERS2	3	0.3333	0.2563
RAB11A	DUS3L	3	0.0012	0.5365
PDHA1	OTUD5	3	0.0001	0.5518
RAB11A	OTUD5	3	0.0311	0.4725
EGFR	LTV1	3	0.0010	0.5381
RAB11A	LTV1	3	0.0130	0.4999
PDHA1	MRPL48	3	1.0000	0.0000
EGFR	VMP1	3	0.3333	0.2563
RAB11A	VMP1	3	0.6667	0.1114
RAB11A	PDXP	3	0.6667	0.1114
EGFR	AURKB	3	0.0345	0.4685
RAB11A	AURKB	3	0.0061	0.5165
RAB11A	DCUN1D1	3	1.0000	0.0000
PDHA1	TRMT2B	3	0.6667	0.1114
EGFR	FAHD2A	3	0.0050	0.5196
PDHA1	FAHD2A	3	0.0469	0.4557
RAB11A	FAHD2A	3	0.0093	0.5080
EGFR	SMARCD1	3	0.0040	0.5232
RAB11A	SMARCD1	3	0.0043	0.5220
EGFR	TOE1	3	0.1267	0.3893
PDHA1	TOE1	3	0.0762	0.4272
RAB11A	TOE1	3	0.6320	0.1505
RAB11A	RUSF1	3	0.3333	0.2563
EGFR	DDX27	3	0.3628	0.2430
RAB11A	DDX27	3	0.3518	0.2481
RAB11A	BORCS6	3	0.3137	0.3140
PDHA1	MARS2	3	0.0049	0.5202
RAB11A	MARS2	3	0.0000	0.5559
EGFR	ATXN7L3B	3	0.0227	0.4823
RAB11A	ATXN7L3B	3	0.3073	0.3165
RAB11A	MASTL	3	0.0000	0.5559
EGFR	SNF8	3	1.0000	0.0000
RAB11A	SNF8	3	0.6667	0.1114
RAB11A	MYO19	3	0.3333	0.2563
EGFR	POM121	3	0.0069	0.5138
RAB11A	POM121	3	0.0031	0.5263
EGFR	PDLIM5	3	0.6518	0.1437
PDHA1	PDLIM5	3	0.0257	0.4787
RAB11A	PDLIM5	3	0.6906	0.0991
EGFR	ERO1A	3	0.2587	0.3339
PDHA1	ERO1A	3	0.0611	0.4405
RAB11A	ERO1A	3	0.5493	0.1758
EGFR	PRR11	3	1.0000	0.0000
RAB11A	PRR11	3	0.6667	0.1114
EGFR	SENP5	3	0.0014	0.5351
RAB11A	SENP5	3	0.0104	0.5057
EGFR	CCDC34	3	0.0940	0.4129
PDHA1	FMC1	3	1.0000	0.0000
EGFR	DOCK6	3	0.4908	0.1964
RAB11A	DOCK6	3	0.5370	0.1808
PDHA1	OXNAD1	3	0.6667	0.1114
EGFR	NAF1	3	0.0006	0.5422
PDHA1	NAF1	3	0.0008	0.5401
RAB11A	NAF1	3	0.0090	0.5092
EGFR	PGAM5	3	0.7863	0.0464
PDHA1	PGAM5	3	0.2895	0.3227
RAB11A	PGAM5	3	0.6379	0.1486
EGFR	DDRGK1	3	0.9998	0.0000
RAB11A	DDRGK1	3	0.9957	0.0002
PDHA1	DHTKD1	3	0.3333	0.2563
EGFR	ABHD8	3	0.3333	0.2563
RAB11A	ABHD8	3	0.3333	0.2563
EGFR	SCLY	3	0.0286	0.4759
RAB11A	SCLY	3	0.7651	0.0571
EGFR	FUBP3	3	0.7771	0.0503
PDHA1	FUBP3	3	0.4708	0.2030
RAB11A	FUBP3	3	0.7248	0.0794
EGFR	RBM17	3	0.0000	0.5559
EGFR	RCC1L	3	0.3333	0.2563
RAB11A	RCC1L	3	1.0000	0.0000
PDHA1	NARS2	3	0.9791	0.0012
PDHA1	SUCLG2	3	0.4969	0.1939
RAB11A	SUCLG2	3	0.0346	0.4684
EGFR	FBXL20	3	0.6667	0.1114
RAB11A	FBXL20	3	0.3333	0.2563
EGFR	LRCH3	3	0.2575	0.3343
RAB11A	LRCH3	3	0.1029	0.4064
EGFR	GMPPA	3	0.0011	0.5371
RAB11A	GMPPA	3	0.1664	0.3699
EGFR	BOD1	3	1.0000	0.0000
RAB11A	BOD1	3	0.6667	0.1114
EGFR	NGLY1	3	0.6667	0.1114
EGFR	ATP5MK	3	0.6228	0.1534
PDHA1	ATP5MK	3	0.0880	0.4178
RAB11A	ATP5MK	3	0.4927	0.1952
EGFR	PAWR	3	0.0053	0.5185
RAB11A	PAWR	3	0.0797	0.4238
RAB11A	METTL2A	3	0.4294	0.2180
EGFR	RSRC1	3	0.6838	0.1030
PDHA1	RSRC1	3	0.4971	0.1938
RAB11A	RSRC1	3	0.8226	0.0295
EGFR	THOC3	3	0.5557	0.1739
PDHA1	THOC3	3	0.2062	0.3533
RAB11A	THOC3	3	0.5327	0.1823
EGFR	ITCH	3	0.9548	0.0027
RAB11A	ITCH	3	0.9896	0.0006
RAB11A	TXNDC15	3	0.6667	0.1114
EGFR	KIRREL1	3	1.0000	0.0000
RAB11A	KIRREL1	3	1.0000	0.0000
EGFR	LRIG1	3	0.6667	0.1114
RAB11A	LRIG1	3	0.6667	0.1114
EGFR	COG3	3	0.1351	0.3853
PDHA1	COG3	3	0.0010	0.5381
RAB11A	COG3	3	0.4091	0.2252
EGFR	CDK5RAP3	3	0.9989	0.0000
RAB11A	CDK5RAP3	3	0.3333	0.2563
EGFR	VPS39	3	0.3333	0.2563
RAB11A	VPS39	3	0.6667	0.1114
EGFR	VPS50	3	0.0485	0.4539
RAB11A	VPS50	3	0.9488	0.0034
RAB11A	VCPIP1	3	0.0000	0.5559
EGFR	SPG11	3	0.0002	0.5491
RAB11A	SPG11	3	0.0000	0.5559
EGFR	ELMO2	3	1.0000	0.0000
RAB11A	ELMO2	3	1.0000	0.0000
RAB11A	DCAF5	3	0.2676	0.3303
EGFR	CHAMP1	3	0.0011	0.5371
PDHA1	CHAMP1	3	0.0005	0.5435
RAB11A	CHAMP1	3	0.0179	0.4909
EGFR	L3MBTL3	3	0.0019	0.5324
RAB11A	L3MBTL3	3	0.0007	0.5414
EGFR	NEURL4	3	0.0565	0.4449
PDHA1	NEURL4	3	0.1432	0.3812
RAB11A	NEURL4	3	0.1860	0.3613
EGFR	CLMN	3	0.0022	0.5303
RAB11A	CLMN	3	0.0977	0.4101
RAB11A	ZFYVE19	3	0.1974	0.3568
EGFR	SLC35E1	3	0.0227	0.4823
RAB11A	SLC35E1	3	0.3117	0.3148
EGFR	USP47	3	0.0025	0.5289
RAB11A	USP47	3	0.1325	0.3863
EGFR	CLPTM1L	3	0.0672	0.4347
PDHA1	CLPTM1L	3	0.0012	0.5365
RAB11A	CLPTM1L	3	0.0290	0.4751
EGFR	PBK	3	0.1612	0.3723
PDHA1	PBK	3	0.2439	0.3390
RAB11A	PBK	3	0.6846	0.1025
RAB11A	MEGF10	3	0.6667	0.1114
EGFR	SCYL1	3	0.0250	0.4795
RAB11A	SCYL1	3	0.5750	0.1680
EGFR	EXOC2	3	0.9902	0.0005
RAB11A	EXOC2	3	1.0000	0.0000
EGFR	CNDP2	3	0.9993	0.0000
PDHA1	CNDP2	3	0.0830	0.4212
RAB11A	CNDP2	3	0.6667	0.1114
EGFR	PPP1R13B	3	1.0000	0.0000
RAB11A	EHMT2	3	0.0000	0.5559
EGFR	ZFR	3	0.4539	0.2087
PDHA1	ZFR	3	0.0249	0.4797
RAB11A	ZFR	3	0.5721	0.1686
PDHA1	FAM210B	3	0.3333	0.2563
RAB11A	FAM210B	3	0.3333	0.2563
EGFR	FAM167A	3	0.3333	0.2563
EGFR	B3GALT6	3	0.6667	0.1114
RAB11A	B3GALT6	3	0.6667	0.1114
RAB11A	NSD1	3	0.0000	0.5559
EGFR	EP400	3	0.0000	0.5559
RAB11A	EP400	3	0.0000	0.5559
EGFR	SNX27	3	0.8701	0.0142
PDHA1	SNX27	3	0.0580	0.4435
RAB11A	SNX27	3	0.9090	0.0079
EGFR	KIF16B	3	0.9818	0.0010
RAB11A	KIF16B	3	0.9937	0.0003
EGFR	IFT74	3	0.3333	0.2563
RAB11A	IFT74	3	0.1080	0.4023
EGFR	TRIM47	3	0.3333	0.2563
EGFR	SAMD8	3	0.6667	0.1114
RAB11A	SAMD8	3	1.0000	0.0000
RAB11A	C9orf72	3	0.5994	0.1601
EGFR	PRRC1	3	0.2150	0.3502
RAB11A	PRRC1	3	0.0205	0.4858
EGFR	KLHL15	3	0.2652	0.3315
PDHA1	KLHL15	3	0.0371	0.4662
RAB11A	KLHL15	3	0.4960	0.1943
RAB11A	MFSD14A	3	1.0000	0.0000
EGFR	ZNF512	3	0.1141	0.3982
RAB11A	ZNF512	3	0.3525	0.2477
EGFR	NSMCE2	3	0.9831	0.0010
PDHA1	NSMCE2	3	0.0455	0.4571
RAB11A	NSMCE2	3	0.0945	0.4125
EGFR	C5orf34	3	0.0126	0.5009
RAB11A	C5orf34	3	0.0114	0.5035
EGFR	PRICKLE1	3	0.6530	0.1430
RAB11A	YTHDC1	3	0.0080	0.5112
EGFR	COG8	3	0.0446	0.4579
RAB11A	COG8	3	0.1505	0.3775
EGFR	MBOAT7	3	0.3333	0.2563
RAB11A	MBOAT7	3	0.3333	0.2563
EGFR	DOCK7	3	0.9999	0.0000
RAB11A	DOCK7	3	0.1084	0.4022
EGFR	SPATA13	3	0.2507	0.3365
PDHA1	SPATA13	3	0.6361	0.1490
RAB11A	SPATA13	3	0.5925	0.1625
RAB11A	RILP	3	0.1625	0.3717
EGFR	FRMD6	3	1.0000	0.0000
RAB11A	RUNDC3B	3	1.0000	0.0000
RAB11A	TMEM74	3	0.3333	0.2563
RAB11A	SCLT1	3	0.3333	0.2563
EGFR	ANKRD27	3	0.9273	0.0057
RAB11A	ANKRD27	3	0.9923	0.0003
EGFR	LRRC7	3	0.6663	0.1370
PDHA1	LRRC7	3	0.0216	0.4841
RAB11A	LRRC7	3	0.0334	0.4699
EGFR	NSUN5	3	0.0239	0.4808
RAB11A	NSUN5	3	0.4436	0.2122
RAB11A	RPRD1A	3	0.0458	0.4567
EGFR	AGAP3	3	0.6789	0.1058
PDHA1	AGAP3	3	0.2613	0.3327
RAB11A	AGAP3	3	0.6970	0.0953
PDHA1	SERPINB12	3	0.3917	0.2320
EGFR	IPO9	3	0.0527	0.4489
PDHA1	IPO9	3	0.0004	0.5449
RAB11A	IPO9	3	0.1515	0.3767
RAB11A	DCBLD2	3	0.3333	0.2563
EGFR	RBM14	3	0.1683	0.3690
PDHA1	RBM14	3	0.0080	0.5112
RAB11A	RBM14	3	0.4139	0.2232
EGFR	NEDD4L	3	0.6667	0.1114
RAB11A	NEDD4L	3	0.3333	0.2563
EGFR	QKI	3	0.4380	0.2142
RAB11A	QKI	3	0.2973	0.3205
EGFR	FMNL2	3	1.0000	0.0000
RAB11A	FMNL2	3	0.6667	0.1114
EGFR	NEK1	3	0.0000	0.5559
RAB11A	NEK1	3	0.0002	0.5491
EGFR	PUS7	3	0.2148	0.3503
PDHA1	PUS7	3	0.0240	0.4806
RAB11A	PUS7	3	0.5536	0.1747
EGFR	TRAPPC9	3	0.2884	0.3231
RAB11A	TRAPPC9	3	1.0000	0.0000
EGFR	SMG1	3	0.0191	0.4883
PDHA1	SMG1	3	0.0027	0.5278
RAB11A	SMG1	3	0.1711	0.3678
RAB11A	ALS2	3	0.4278	0.2186
EGFR	TMEM237	3	0.6667	0.1114
RAB11A	TMEM237	3	0.6667	0.1114
EGFR	KIF20B	3	0.0000	0.5559
RAB11A	KIF20B	3	0.0000	0.5559
PDHA1	GSDMA	3	0.3301	0.3069
EGFR	DEPDC7	3	1.0000	0.0000
RAB11A	DEPDC7	3	0.3333	0.2563
EGFR	SLC38A2	3	1.0000	0.0000
RAB11A	SLC38A2	3	1.0000	0.0000
EGFR	ATAD5	3	0.0000	0.5559
RAB11A	ATAD5	3	0.0000	0.5559
PDHA1	TEFM	3	0.3333	0.2563
RAB11A	RAB3IP	3	1.0000	0.0000
EGFR	VPS35	3	0.8856	0.0115
RAB11A	VPS35	3	0.6019	0.1596
EGFR	PURB	3	0.7344	0.0740
PDHA1	PURB	3	0.3054	0.3173
RAB11A	PURB	3	0.7963	0.0407
EGFR	TRPM7	3	0.9999	0.0000
RAB11A	TRPM7	3	0.4562	0.2076
EGFR	XPO6	3	0.0639	0.4370
PDHA1	XPO6	3	0.0023	0.5297
RAB11A	XPO6	3	0.1129	0.3990
EGFR	MAGI1	3	0.0138	0.4985
RAB11A	MAGI1	3	0.0046	0.5212
EGFR	SPAG5	3	0.0083	0.5108
PDHA1	SPAG5	3	0.0000	0.5559
RAB11A	SPAG5	3	0.0117	0.5027
RAB11A	PANX1	3	0.3333	0.2563
EGFR	NACC1	3	0.0511	0.4507
RAB11A	NACC1	3	0.0670	0.4351
EGFR	SNX18	3	0.0368	0.4666
RAB11A	PASK	3	0.0149	0.4965
EGFR	VPS13A	3	0.9934	0.0003
RAB11A	VPS13A	3	0.9680	0.0017
EGFR	GFM1	3	0.1539	0.3758
PDHA1	GFM1	3	1.0000	0.0000
RAB11A	GFM1	3	0.1524	0.3761
EGFR	MCCC1	3	0.0111	0.5040
PDHA1	MCCC1	3	0.0192	0.4881
RAB11A	MCCC1	3	0.1291	0.3880
PDHA1	TWNK	3	1.0000	0.0000
EGFR	TGS1	3	0.0074	0.5126
RAB11A	TGS1	3	0.0205	0.4858
RAB11A	NUDCD1	3	0.6667	0.1114
EGFR	ERBIN	3	1.0000	0.0000
PDHA1	ERBIN	3	0.0033	0.5257
RAB11A	ERBIN	3	0.3125	0.3145
EGFR	TUBGCP6	3	0.0003	0.5468
RAB11A	TUBGCP6	3	0.0069	0.5138
EGFR	TUBGCP5	3	0.0033	0.5257
RAB11A	TUBGCP5	3	0.0022	0.5303
PDHA1	USP28	3	0.3333	0.2563
RAB11A	USP28	3	0.6667	0.1114
EGFR	FNBP1	3	0.1631	0.3714
RAB11A	FNBP1	3	0.4876	0.1976
EGFR	PCNX1	3	1.0000	0.0000
RAB11A	PCNX1	3	1.0000	0.0000
EGFR	IFT140	3	0.0814	0.4226
RAB11A	IFT140	3	0.0401	0.4623
EGFR	RPS6KC1	3	1.0000	0.0000
RAB11A	RPS6KC1	3	1.0000	0.0000
RAB11A	PIGS	3	0.6667	0.1114
PDHA1	WRNIP1	3	0.0000	0.5559
RAB11A	WRNIP1	3	0.0000	0.5559
EGFR	RANBP9	3	0.4635	0.2050
PDHA1	RANBP9	3	0.1282	0.3885
RAB11A	RANBP9	3	0.9375	0.0046
EGFR	CLCC1	3	0.9520	0.0030
PDHA1	CLCC1	3	0.2285	0.3444
RAB11A	CLCC1	3	0.7577	0.0609
EGFR	PPP1R9B	3	0.0154	0.4951
RAB11A	PPP1R9B	3	0.0047	0.5208
EGFR	SRPK1	3	0.6133	0.1566
PDHA1	SRPK1	3	0.1999	0.3559
RAB11A	SRPK1	3	0.6448	0.1461
EGFR	TMEM209	3	0.8979	0.0096
RAB11A	TMEM209	3	0.8889	0.0109
EGFR	CDK5RAP2	3	0.0110	0.5041
PDHA1	CDK5RAP2	3	0.0006	0.5422
RAB11A	CDK5RAP2	3	0.0886	0.4170
EGFR	SIN3A	3	0.0000	0.5559
PDHA1	SIN3A	3	0.0000	0.5559
RAB11A	SIN3A	3	0.0006	0.5422
EGFR	CEP89	3	1.0000	0.0000
RAB11A	CEP89	3	0.1057	0.4042
EGFR	OSBPL9	3	0.6355	0.1493
PDHA1	OSBPL9	3	0.2165	0.3494
RAB11A	OSBPL9	3	0.8715	0.0137
EGFR	CRBN	3	0.3554	0.2467
RAB11A	CRBN	3	0.8090	0.0347
EGFR	INTS14	3	0.0000	0.5559
RAB11A	INTS14	3	0.0000	0.5559
PDHA1	CDK5RAP1	3	0.9646	0.0021
EGFR	SECISBP2	3	0.0719	0.4312
RAB11A	SECISBP2	3	0.3833	0.2350
RAB11A	RSF1	3	0.0001	0.5518
EGFR	RBM15	3	0.3207	0.3117
PDHA1	RBM15	3	0.0008	0.5401
RAB11A	RBM15	3	0.3312	0.3067
EGFR	RUFY1	3	0.7273	0.0779
PDHA1	RUFY1	3	0.0034	0.5252
RAB11A	RUFY1	3	0.7087	0.0882
EGFR	SPEN	3	0.0000	0.5559
RAB11A	SPEN	3	0.0000	0.5559
EGFR	MMS19	3	0.0010	0.5381
RAB11A	MMS19	3	0.0000	0.5559
EGFR	UHRF1	3	0.6758	0.1071
PDHA1	UHRF1	3	0.4538	0.2088
RAB11A	UHRF1	3	0.9869	0.0007
EGFR	NIBAN2	3	1.0000	0.0000
RAB11A	NIBAN2	3	1.0000	0.0000
PDHA1	YME1L1	3	0.0991	0.4089
RAB11A	YME1L1	3	0.5368	0.1808
EGFR	RMDN3	3	0.0201	0.4866
RAB11A	RMDN3	3	0.7612	0.0590
EGFR	TBCB	3	0.4900	0.1968
PDHA1	TBCB	3	0.2186	0.3482
RAB11A	TBCB	3	0.5561	0.1738
EGFR	CNN2	3	0.7593	0.0601
PDHA1	CNN2	3	0.2703	0.3293
RAB11A	CNN2	3	0.7428	0.0688
EGFR	SEC62	3	0.0382	0.4652
RAB11A	SEC62	3	0.1512	0.3770
EGFR	CDC5L	3	0.0001	0.5518
PDHA1	CDC5L	3	0.0000	0.5559
RAB11A	CDC5L	3	0.0033	0.5257
EGFR	PSMD1	3	0.0000	0.5559
RAB11A	PSMD1	3	0.0000	0.5559
EGFR	PFDN5	3	0.9963	0.0001
EGFR	PARK7	3	0.1197	0.3945
PDHA1	PARK7	3	0.2037	0.3543
RAB11A	PARK7	3	0.3759	0.2375
EGFR	EYA3	3	0.4099	0.2249
PDHA1	EYA3	3	0.0383	0.4652
RAB11A	EYA3	3	0.3086	0.3160
RAB11A	SORT1	3	0.6667	0.1114
RAB11A	LGMN	3	0.3333	0.2563
EGFR	DNAJC2	3	0.0006	0.5422
RAB11A	DNAJC2	3	0.1102	0.4010
RAB11A	MPHOSPH9	3	0.0002	0.5491
RAB11A	NUP88	3	0.4014	0.2285
EGFR	PKP4	3	1.0000	0.0000
RAB11A	PKP4	3	1.0000	0.0000
EGFR	PIK3R4	3	0.0060	0.5167
RAB11A	PIK3R4	3	0.4127	0.2237
EGFR	POP1	3	0.0003	0.5468
PDHA1	POP1	3	0.0005	0.5435
RAB11A	POP1	3	0.0069	0.5138
RAB11A	TSC22D3	3	0.3333	0.2563
RAB11A	SCAF11	3	0.1648	0.3706
EGFR	TIMM17A	3	0.0104	0.5057
PDHA1	TIMM17A	3	0.0001	0.5518
RAB11A	TIMM17A	3	0.0165	0.4932
EGFR	TSNAX	3	0.0474	0.4550
RAB11A	TSNAX	3	0.3230	0.3109
EGFR	EIF3C	3	0.8641	0.0160
PDHA1	EIF3C	3	0.7050	0.0903
RAB11A	EIF3C	3	0.8634	0.0163
EGFR	TTC1	3	0.8421	0.0228
PDHA1	TTC1	3	0.7850	0.0468
RAB11A	TTC1	3	0.8422	0.0227
EGFR	DNAJC7	3	0.4896	0.1970
PDHA1	DNAJC7	3	0.1206	0.3936
RAB11A	DNAJC7	3	0.6514	0.1438
EGFR	CDCA3	3	1.0000	0.0000
RAB11A	CDCA3	3	0.3333	0.2563
EGFR	C12orf57	3	1.0000	0.0000
PDHA1	C12orf57	3	0.3333	0.2563
RAB11A	C12orf57	3	1.0000	0.0000
EGFR	PHB2	3	0.5652	0.1707
PDHA1	PHB2	3	0.9282	0.0055
RAB11A	PHB2	3	0.9183	0.0070
PDHA1	SDHC	3	0.0234	0.4814
EGFR	KIF2C	3	0.7523	0.0639
PDHA1	KIF2C	3	0.1173	0.3961
RAB11A	KIF2C	3	0.6691	0.1103
EGFR	RGPD5	3	0.6667	0.1114
RAB11A	RGPD5	3	0.3333	0.2563
RAB11A	LYST	3	1.0000	0.0000
EGFR	ATXN2	3	0.0131	0.4997
PDHA1	ATXN2	3	0.0026	0.5282
RAB11A	ATXN2	3	0.2012	0.3551
EGFR	MTR	3	0.0493	0.4530
PDHA1	MTR	3	0.0521	0.4495
RAB11A	MTR	3	0.1017	0.4073
EGFR	HSD17B10	3	0.3656	0.2418
PDHA1	HSD17B10	3	0.9318	0.0051
RAB11A	HSD17B10	3	0.7353	0.0738
EGFR	SEPTIN5	3	0.3138	0.3139
EGFR	HNRNPAB	3	0.7922	0.0435
PDHA1	HNRNPAB	3	0.4720	0.2024
RAB11A	HNRNPAB	3	0.8116	0.0333
EGFR	NAP1L4	3	0.0060	0.5167
RAB11A	NAP1L4	3	0.0080	0.5112
EGFR	NAPG	3	0.3298	0.3071
EGFR	PIP5K1A	3	0.8591	0.0177
PDHA1	PIP5K1A	3	0.1665	0.3697
RAB11A	PIP5K1A	3	0.5276	0.1842
EGFR	ABCA3	3	0.6667	0.1114
RAB11A	APBA2	3	0.3333	0.2563
EGFR	MIPEP	3	0.3333	0.2563
PDHA1	MIPEP	3	1.0000	0.0000
RAB11A	MIPEP	3	0.6667	0.1114
EGFR	ACO2	3	0.9572	0.0026
PDHA1	ACO2	3	0.9672	0.0019
RAB11A	ACO2	3	0.7008	0.0926
EGFR	TM9SF2	3	0.3333	0.2563
EGFR	SLC29A1	3	1.0000	0.0000
RAB11A	SLC29A1	3	0.3333	0.2563
EGFR	TSG101	3	0.5146	0.1881
PDHA1	TSG101	3	0.2196	0.3475
RAB11A	TSG101	3	0.8285	0.0275
EGFR	CIB1	3	0.3333	0.2563
RAB11A	CIB1	3	1.0000	0.0000
EGFR	CPNE1	3	0.3689	0.2406
PDHA1	CPNE1	3	0.0456	0.4570
RAB11A	CPNE1	3	0.8254	0.0285
EGFR	CCT7	3	0.3941	0.2309
PDHA1	CCT7	3	0.0353	0.4675
RAB11A	CCT7	3	0.3717	0.2393
RAB11A	SMO	3	1.0000	0.0000
EGFR	EBNA1BP2	3	0.3838	0.2347
PDHA1	EBNA1BP2	3	0.2680	0.3303
EGFR	HAUS7	3	0.5936	0.1622
RAB11A	HAUS7	3	0.9851	0.0008
EGFR	PRMT1	3	0.2348	0.3423
PDHA1	PRMT1	3	0.0375	0.4661
RAB11A	PRMT1	3	0.4411	0.2133
EGFR	ATF6B	3	1.0000	0.0000
RAB11A	ATF6B	3	1.0000	0.0000
EGFR	RNF5	3	0.0196	0.4873
RAB11A	RNF5	3	0.0619	0.4394
EGFR	PKP2	3	1.0000	0.0000
RAB11A	PKP2	3	0.4416	0.2130
EGFR	SH3GL1	3	0.5527	0.1750
PDHA1	SH3GL1	3	0.4288	0.2182
RAB11A	SH3GL1	3	0.6313	0.1507
EGFR	VRK1	3	0.3359	0.2552
PDHA1	VRK1	3	0.0437	0.4591
RAB11A	VRK1	3	0.5628	0.1716
EGFR	AKAP9	3	0.4873	0.1979
RAB11A	AKAP9	3	0.7098	0.0877
PDHA1	NIPSNAP1	3	1.0000	0.0000
RAB11A	NIPSNAP1	3	0.3333	0.2563
EGFR	NCAPG	3	0.1013	0.4077
PDHA1	NCAPG	3	0.0004	0.5449
RAB11A	NCAPG	3	0.3448	0.2511
EGFR	PAIP2	3	0.6411	0.1471
PDHA1	PAIP2	3	0.1971	0.3568
RAB11A	PAIP2	3	0.4641	0.2047
EGFR	MAPKAP1	3	0.0887	0.4168
RAB11A	MAPKAP1	3	0.5064	0.1900
EGFR	DDX50	3	0.1189	0.3952
PDHA1	DDX50	3	0.1450	0.3802
RAB11A	DDX50	3	0.6386	0.1483
EGFR	ELAC2	3	0.4575	0.2068
PDHA1	ELAC2	3	0.8170	0.0315
RAB11A	ELAC2	3	0.4837	0.1988
EGFR	TRIR	3	0.0000	0.5559
RAB11A	TRIR	3	0.0001	0.5518
EGFR	GRWD1	3	0.2567	0.3346
PDHA1	GRWD1	3	0.1479	0.3788
RAB11A	GRWD1	3	0.4528	0.2091
RAB11A	CMSS1	3	0.0040	0.5232
EGFR	WDR77	3	0.0615	0.4399
RAB11A	WDR77	3	0.3542	0.2470
EGFR	TUBA1C	3	1.0000	0.0000
PDHA1	TUBA1C	3	0.4660	0.2041
RAB11A	TUBA1C	3	1.0000	0.0000
EGFR	MYBBP1A	3	0.7219	0.0808
PDHA1	MYBBP1A	3	0.4724	0.2023
RAB11A	MYBBP1A	3	0.7411	0.0704
RAB11A	NUDT12	3	0.0095	0.5074
EGFR	AIF1L	3	0.3637	0.2428
PDHA1	AIF1L	3	0.0473	0.4552
RAB11A	AIF1L	3	0.4623	0.2054
PDHA1	MGME1	3	1.0000	0.0000
RAB11A	FYCO1	3	0.1114	0.4002
EGFR	SLC25A21	3	0.3333	0.2563
EGFR	ACBD6	3	0.3333	0.2563
RAB11A	ACBD6	3	0.3333	0.2563
EGFR	TXNDC17	3	0.0000	0.5559
RAB11A	TXNDC17	3	0.0000	0.5559
EGFR	CPPED1	3	0.0322	0.4712
PDHA1	CPPED1	3	0.0627	0.4386
RAB11A	CPPED1	3	0.1169	0.3963
EGFR	VPS25	3	0.0011	0.5371
RAB11A	VPS25	3	0.0246	0.4799
PDHA1	MRPL45	3	0.9995	0.0000
RAB11A	NUDT16L1	3	0.1429	0.3815
RAB11A	REEP2	3	0.6046	0.1589
EGFR	LZTS2	3	0.9974	0.0001
RAB11A	LZTS2	3	1.0000	0.0000
RAB11A	SDF4	3	0.6667	0.1114
EGFR	SRSF8	3	0.6369	0.1488
PDHA1	SRSF8	3	0.7539	0.0629
RAB11A	SRSF8	3	0.8272	0.0278
EGFR	PDCD2L	3	0.6429	0.1465
PDHA1	PDCD2L	3	0.1309	0.3870
RAB11A	PDCD2L	3	0.6557	0.1418
EGFR	PYM1	3	0.0000	0.5559
RAB11A	PYM1	3	0.0000	0.5559
PDHA1	CHCHD6	3	0.3333	0.2563
RAB11A	CHCHD6	3	0.3333	0.2563
EGFR	AIFM2	3	0.9173	0.0070
RAB11A	AIFM2	3	0.9734	0.0015
EGFR	GPATCH1	3	0.0898	0.4159
PDHA1	GPATCH1	3	0.0000	0.5559
RAB11A	GPATCH1	3	0.0197	0.4872
EGFR	RIOK1	3	0.0000	0.5559
RAB11A	RIOK1	3	0.0000	0.5559
EGFR	LARP6	3	0.4976	0.1936
RAB11A	LARP6	3	0.2288	0.3442
PDHA1	UQCC2	3	1.0000	0.0000
EGFR	PELO	3	0.7012	0.0923
PDHA1	PELO	3	0.0191	0.4883
RAB11A	PELO	3	0.4772	0.2012
RAB11A	GINS3	3	0.0093	0.5080
EGFR	ERP44	3	0.6665	0.1368
RAB11A	ERP44	3	0.3333	0.2563
RAB11A	ATG101	3	1.0000	0.0000
EGFR	NOL10	3	0.0000	0.5559
PDHA1	NOL10	3	0.0000	0.5559
RAB11A	NOL10	3	0.0000	0.5559
PDHA1	NTPCR	3	0.1207	0.3935
RAB11A	NTPCR	3	0.7023	0.0916
EGFR	TIMM29	3	0.3333	0.2563
PDHA1	TIMM29	3	0.3333	0.2563
EGFR	TACO1	3	0.3973	0.2298
PDHA1	TACO1	3	0.5271	0.1845
RAB11A	TACO1	3	0.5982	0.1604
EGFR	TUBGCP2	3	0.1834	0.3622
PDHA1	TUBGCP2	3	0.0298	0.4741
RAB11A	TUBGCP2	3	0.9838	0.0009
PDHA1	C17orf80	3	1.0000	0.0000
EGFR	ESYT1	3	0.7190	0.0831
PDHA1	ESYT1	3	0.3794	0.2361
RAB11A	ESYT1	3	0.7200	0.0823
EGFR	RTKN	3	0.0118	0.5026
RAB11A	RTKN	3	0.0032	0.5260
RAB11A	CRACR2A	3	1.0000	0.0000
PDHA1	MTG1	3	1.0000	0.0000
EGFR	ALG1	3	0.3379	0.2540
RAB11A	ALG1	3	0.1496	0.3778
EGFR	LIMD2	3	0.5646	0.1710
PDHA1	LIMD2	3	0.0191	0.4883
RAB11A	LIMD2	3	0.5199	0.1864
EGFR	HAUS8	3	0.0105	0.5053
RAB11A	HAUS8	3	0.1171	0.3963
RAB11A	INPP5K	3	0.3333	0.2563
EGFR	PSMG3	3	0.0570	0.4445
RAB11A	PSMG3	3	0.0735	0.4297
RAB11A	COPS4	3	0.3333	0.2563
EGFR	TCHP	3	0.0064	0.5156
RAB11A	TCHP	3	0.0507	0.4512
EGFR	WAC	3	0.0000	0.5559
RAB11A	WAC	3	0.0001	0.5518
RAB11A	DIDO1	3	0.0002	0.5491
EGFR	RBM42	3	0.0009	0.5391
PDHA1	RBM42	3	0.0000	0.5559
RAB11A	RBM42	3	0.0053	0.5185
EGFR	DCTN5	3	0.0023	0.5297
RAB11A	DCTN5	3	0.0044	0.5216
EGFR	MCMBP	3	0.0792	0.4244
PDHA1	MCMBP	3	0.0166	0.4928
RAB11A	MCMBP	3	0.2923	0.3218
RAB11A	AARSD1	3	0.3283	0.3080
RAB11A	DCUN1D5	3	0.3333	0.2563
EGFR	MED10	3	0.0002	0.5491
RAB11A	MED10	3	0.1431	0.3813
EGFR	LRRC1	3	0.3421	0.2524
RAB11A	LRRC1	3	0.0185	0.4899
EGFR	PI4K2A	3	0.6667	0.1114
RAB11A	PI4K2A	3	1.0000	0.0000
RAB11A	TMEM43	3	1.0000	0.0000
EGFR	FSD1	3	0.3321	0.3059
EGFR	DPH7	3	0.2783	0.3266
RAB11A	DPH7	3	0.0271	0.4769
EGFR	TBCD	3	0.0196	0.4873
RAB11A	TBCD	3	0.2713	0.3290
EGFR	NDC1	3	0.9604	0.0025
RAB11A	NDC1	3	0.8975	0.0098
EGFR	TTPAL	3	1.0000	0.0000
RAB11A	THTPA	3	0.0042	0.5224
EGFR	LMF2	3	0.0214	0.4844
PDHA1	LMF2	3	0.0030	0.5266
RAB11A	LMF2	3	0.3319	0.3062
EGFR	NDUFAF3	3	1.0000	0.0000
PDHA1	NDUFAF3	3	0.3333	0.2563
RAB11A	NDUFAF3	3	0.6667	0.1114
EGFR	MMTAG2	3	0.2844	0.3247
PDHA1	MMTAG2	3	0.6590	0.1403
RAB11A	MMTAG2	3	0.2923	0.3218
EGFR	DOHH	3	0.0537	0.4477
PDHA1	DOHH	3	0.1265	0.3894
RAB11A	DOHH	3	0.9188	0.0068
PDHA1	ISCA1	3	0.3333	0.2563
EGFR	TUBB6	3	0.6891	0.0998
PDHA1	TUBB6	3	0.4141	0.2230
RAB11A	TUBB6	3	0.8473	0.0216
EGFR	POLR3C	3	0.2414	0.3398
PDHA1	POLR3C	3	0.3315	0.3065
RAB11A	POLR3C	3	0.7505	0.0652
EGFR	HNRNPUL1	3	0.0022	0.5303
PDHA1	HNRNPUL1	3	0.0000	0.5559
RAB11A	HNRNPUL1	3	0.0121	0.5020
EGFR	MSTO1	3	0.6667	0.1114
EGFR	PHF23	3	0.3333	0.2563
EGFR	DERL1	3	0.6667	0.1114
RAB11A	DERL1	3	0.3333	0.2563
EGFR	DDX23	3	0.0092	0.5085
RAB11A	DDX23	3	0.0175	0.4917
PDHA1	MRI1	3	0.3093	0.3154
RAB11A	MRI1	3	0.7642	0.0577
EGFR	WDR18	3	0.0539	0.4476
PDHA1	WDR18	3	0.0248	0.4798
RAB11A	WDR18	3	0.4521	0.2093
EGFR	VAMP8	3	0.6667	0.1114
RAB11A	VAMP8	3	1.0000	0.0000
EGFR	THUMPD3	3	0.7710	0.0540
PDHA1	THUMPD3	3	0.3008	0.3191
RAB11A	THUMPD3	3	0.7287	0.0769
EGFR	ADI1	3	0.0899	0.4159
PDHA1	ADI1	3	0.0570	0.4445
RAB11A	ADI1	3	0.2348	0.3423
RAB11A	CEP250	3	0.0000	0.5559
EGFR	KATNB1	3	0.0210	0.4848
RAB11A	KATNB1	3	0.1875	0.3602
EGFR	TUBB2B	3	0.3895	0.2327
PDHA1	TUBB2B	3	0.1110	0.4003
RAB11A	TUBB2B	3	0.7140	0.0857
EGFR	MLST8	3	0.5777	0.1672
PDHA1	MLST8	3	0.3180	0.3127
RAB11A	MLST8	3	0.7883	0.0458
RAB11A	C2orf49	3	0.3279	0.3084
EGFR	NOC4L	3	0.5599	0.1727
PDHA1	NOC4L	3	0.1215	0.3931
RAB11A	NOC4L	3	0.6102	0.1576
EGFR	UTP14A	3	0.0125	0.5010
RAB11A	UTP14A	3	0.2883	0.3233
EGFR	NUP58	3	0.0029	0.5270
RAB11A	NUP58	3	0.0154	0.4951
EGFR	DPCD	3	0.0000	0.5559
RAB11A	DPCD	3	0.0110	0.5041
RAB11A	GGACT	3	0.1986	0.3564
EGFR	GNL3	3	0.6556	0.1419
PDHA1	GNL3	3	0.3939	0.2310
RAB11A	GNL3	3	0.7362	0.0729
EGFR	SPATA5L1	3	0.6667	0.1114
RAB11A	SPATA5L1	3	0.6667	0.1114
EGFR	RIOK2	3	0.7709	0.0541
PDHA1	RIOK2	3	0.3376	0.2541
RAB11A	RIOK2	3	0.7856	0.0466
EGFR	KIAA0586	3	0.0000	0.5559
RAB11A	KIAA0586	3	0.0000	0.5559
EGFR	TIPIN	3	0.2307	0.3433
RAB11A	TIPIN	3	0.2643	0.3317
EGFR	KIFC1	3	0.0437	0.4591
RAB11A	KIFC1	3	0.4239	0.2197
EGFR	NUP85	3	0.1315	0.3868
PDHA1	NUP85	3	0.0005	0.5435
RAB11A	NUP85	3	0.1457	0.3796
EGFR	ELOVL1	3	0.0003	0.5468
RAB11A	ELOVL1	3	0.0312	0.4723
EGFR	DDA1	3	0.5626	0.1717
PDHA1	DDA1	3	0.1362	0.3846
RAB11A	DDA1	3	0.3333	0.2563
RAB11A	HIRIP3	3	0.3333	0.2563
RAB11A	YJU2	3	0.0000	0.5559
EGFR	TARS2	3	0.7650	0.0572
PDHA1	TARS2	3	0.8002	0.0390
RAB11A	TARS2	3	0.8484	0.0211
EGFR	RBM4	3	0.6227	0.1535
PDHA1	RBM4	3	0.1915	0.3585
RAB11A	RBM4	3	0.6986	0.0945
EGFR	RPAP1	3	0.0122	0.5018
PDHA1	RPAP1	3	0.0014	0.5351
RAB11A	RPAP1	3	0.0506	0.4514
EGFR	C1orf43	3	1.0000	0.0000
RAB11A	C1orf43	3	0.9983	0.0001
RAB11A	PRR14	3	0.0000	0.5559
EGFR	MND1	3	1.0000	0.0000
RAB11A	MND1	3	0.9990	0.0000
EGFR	CARD10	3	0.0002	0.5491
RAB11A	CARD10	3	0.1097	0.4014
EGFR	SLC4A1AP	3	0.1514	0.3769
PDHA1	SLC4A1AP	3	0.0244	0.4803
RAB11A	SLC4A1AP	3	0.5412	0.1790
EGFR	GTPBP2	3	0.6666	0.1363
EGFR	LSM14B	3	0.0509	0.4510
RAB11A	LSM14B	3	0.5445	0.1778
PDHA1	RBM24	3	0.3333	0.2563
RAB11A	RBM24	3	0.3333	0.2563
EGFR	BRIP1	3	0.0016	0.5339
PDHA1	BRIP1	3	0.0000	0.5559
RAB11A	BRIP1	3	0.0040	0.5232
RAB11A	JAM3	3	0.6667	0.1114
PDHA1	HINT2	3	1.0000	0.0000
EGFR	OSBPL11	3	0.6634	0.1386
PDHA1	OSBPL11	3	0.0618	0.4395
RAB11A	OSBPL11	3	0.9201	0.0066
EGFR	OSBPL10	3	1.0000	0.0000
RAB11A	OSBPL10	3	1.0000	0.0000
EGFR	BBS2	3	0.1131	0.3987
PDHA1	BBS2	3	0.0091	0.5088
RAB11A	BBS2	3	0.1196	0.3947
EGFR	RAB11FIP5	3	0.9993	0.0000
RAB11A	RAB11FIP5	3	1.0000	0.0000
EGFR	TBC1D10A	3	1.0000	0.0000
RAB11A	TBC1D10A	3	1.0000	0.0000
EGFR	NAA15	3	0.6923	0.0978
PDHA1	NAA15	3	0.3262	0.3094
RAB11A	NAA15	3	0.6956	0.0960
EGFR	SRRT	3	0.4890	0.1973
PDHA1	SRRT	3	0.0057	0.5175
RAB11A	SRRT	3	0.4203	0.2209
EGFR	QTRT1	3	0.1487	0.3783
PDHA1	QTRT1	3	0.0257	0.4787
RAB11A	QTRT1	3	0.0044	0.5216
EGFR	AP1M1	3	0.7341	0.0743
PDHA1	AP1M1	3	0.3979	0.2296
RAB11A	AP1M1	3	0.7232	0.0803
EGFR	GON7	3	0.0093	0.5080
EGFR	OSBPL1A	3	0.0005	0.5435
RAB11A	OSBPL1A	3	0.0483	0.4541
EGFR	HDHD5	3	0.0413	0.4613
PDHA1	HDHD5	3	0.6648	0.1381
RAB11A	HDHD5	3	0.1593	0.3738
EGFR	FANCD2	3	0.0030	0.5266
PDHA1	FANCD2	3	0.0001	0.5518
RAB11A	FANCD2	3	0.0246	0.4799
EGFR	MAK16	3	0.0014	0.5351
PDHA1	MAK16	3	0.0001	0.5518
RAB11A	MAK16	3	0.0519	0.4497
EGFR	RTF2	3	0.1454	0.3798
PDHA1	RTF2	3	0.0341	0.4691
RAB11A	RTF2	3	0.5953	0.1616
EGFR	EIF2A	3	0.5889	0.1632
EGFR	POLDIP3	3	0.0000	0.5559
RAB11A	POLDIP3	3	0.0000	0.5559
EGFR	KIAA1671	3	0.0020	0.5317
RAB11A	KIAA1671	3	0.0000	0.5559
EGFR	GNB1L	3	0.1123	0.3996
PDHA1	GNB1L	3	0.0418	0.4607
RAB11A	GNB1L	3	0.2845	0.3247
PDHA1	MRPL32	3	0.6667	0.1114
PDHA1	MRPL20	3	1.0000	0.0000
PDHA1	MRPL13	3	1.0000	0.0000
PDHA1	MRPL9	3	0.3333	0.2563
PDHA1	MRPL4	3	1.0000	0.0000
PDHA1	MRPL1	3	1.0000	0.0000
EGFR	NIFK	3	0.8017	0.0381
PDHA1	NIFK	3	0.6176	0.1554
RAB11A	NIFK	3	0.8209	0.0300
EGFR	PARD6B	3	0.0624	0.4390
EGFR	FAM126A	3	1.0000	0.0000
RAB11A	FAM126A	3	0.6183	0.1549
EGFR	YTHDF1	3	0.0005	0.5435
RAB11A	YTHDF1	3	0.0019	0.5324
EGFR	SRXN1	3	0.3333	0.2563
RAB11A	SRXN1	3	0.3333	0.2563
PDHA1	MRPS26	3	0.6667	0.1114
PDHA1	NLN	3	0.7377	0.0721
EGFR	CEP41	3	0.3223	0.3110
RAB11A	CEP41	3	0.0505	0.4515
RAB11A	SETD2	3	0.0000	0.5559
EGFR	PANK2	3	0.0568	0.4447
PDHA1	PANK2	3	0.0215	0.4843
RAB11A	PANK2	3	0.2570	0.3344
EGFR	DOCK9	3	1.0000	0.0000
RAB11A	DOCK9	3	0.6208	0.1542
EGFR	MRPL37	3	0.7408	0.0707
PDHA1	MRPL37	3	0.9941	0.0003
RAB11A	MRPL37	3	0.5407	0.1793
EGFR	GTPBP4	3	0.5944	0.1619
PDHA1	GTPBP4	3	0.1657	0.3701
RAB11A	GTPBP4	3	0.6723	0.1090
EGFR	ASPSCR1	3	0.0049	0.5202
EGFR	OSBPL8	3	1.0000	0.0000
PDHA1	OSBPL8	3	0.0324	0.4710
RAB11A	OSBPL8	3	0.9893	0.0006
EGFR	UACA	3	1.0000	0.0000
RAB11A	UACA	3	0.7559	0.0617
EGFR	RAB34	3	0.9828	0.0010
PDHA1	RAB34	3	0.0080	0.5112
RAB11A	RAB34	3	0.9993	0.0000
EGFR	DPH1	3	0.3333	0.2563
PDHA1	DPH1	3	0.3333	0.2563
RAB11A	DPH1	3	0.3333	0.2563
EGFR	WDR11	3	0.1605	0.3729
PDHA1	WDR11	3	0.0052	0.5189
RAB11A	WDR11	3	1.0000	0.0000
EGFR	UPF3B	3	0.8488	0.0209
RAB11A	UPF3B	3	0.0050	0.5196
RAB11A	CRNKL1	3	0.0000	0.5559
EGFR	NACA4P	3	0.3333	0.2563
EGFR	TBL1XR1	3	0.3333	0.2563
RAB11A	TBL1XR1	3	1.0000	0.0000
RAB11A	PRKD2	3	1.0000	0.0000
EGFR	NIBAN1	3	0.9809	0.0011
PDHA1	NIBAN1	3	0.1842	0.3619
RAB11A	NIBAN1	3	0.8719	0.0137
RAB11A	UBXN6	3	0.4123	0.2238
EGFR	UCK2	3	0.2657	0.3313
PDHA1	UCK2	3	0.1233	0.3915
RAB11A	UCK2	3	0.3653	0.2420
EGFR	API5	3	0.4311	0.2174
PDHA1	API5	3	0.0820	0.4220
RAB11A	API5	3	0.6130	0.1568
RAB11A	SPRY4	3	0.6667	0.1114
EGFR	TRIM9	3	0.2824	0.3252
PDHA1	TRIM9	3	0.0594	0.4421
RAB11A	TRIM9	3	0.4891	0.1972
RAB11A	TRIM6	3	0.3333	0.2563
PDHA1	KRT23	3	0.3311	0.3067
RAB11A	UNK	3	0.9998	0.0000
EGFR	FTO	3	0.3092	0.3155
PDHA1	FTO	3	0.0725	0.4304
RAB11A	FTO	3	0.8018	0.0380
EGFR	ZDHHC5	3	1.0000	0.0000
RAB11A	ZDHHC5	3	1.0000	0.0000
EGFR	TNKS1BP1	3	0.1779	0.3640
RAB11A	TNKS1BP1	3	0.0294	0.4747
RAB11A	SEMA4C	3	1.0000	0.0000
EGFR	UBE2O	3	0.0043	0.5220
RAB11A	UBE2O	3	0.0017	0.5331
EGFR	CEP295	3	0.0000	0.5559
RAB11A	CEP295	3	0.0041	0.5226
RAB11A	ZNF518B	3	0.0010	0.5381
EGFR	TANC1	3	0.4768	0.2013
RAB11A	SELENOI	3	0.0485	0.4539
EGFR	LNPK	3	1.0000	0.0000
RAB11A	LNPK	3	0.3333	0.2563
EGFR	CEP44	3	0.0817	0.4223
EGFR	ARHGAP39	3	1.0000	0.0000
EGFR	SRCIN1	3	0.3333	0.2563
RAB11A	SRCIN1	3	0.3333	0.2563
EGFR	MTMR12	3	0.2432	0.3392
RAB11A	MTMR12	3	0.2829	0.3251
EGFR	NDEL1	3	0.0001	0.5518
RAB11A	ACTR6	3	0.3333	0.2563
EGFR	C20orf27	3	0.4282	0.2183
PDHA1	C20orf27	3	0.2273	0.3449
RAB11A	C20orf27	3	0.6026	0.1594
PDHA1	PITHD1	3	0.0112	0.5037
RAB11A	PITHD1	3	0.0660	0.4357
EGFR	DDX24	3	0.0014	0.5351
PDHA1	DDX24	3	0.0000	0.5559
RAB11A	DDX24	3	0.0082	0.5110
RAB11A	WDR61	3	0.3333	0.2563
EGFR	SLIRP	3	0.3375	0.2542
PDHA1	SLIRP	3	0.0089	0.5094
RAB11A	SLIRP	3	0.6892	0.0997
EGFR	EGLN1	3	0.4544	0.2085
PDHA1	EGLN1	3	0.0800	0.4234
RAB11A	EGLN1	3	0.5853	0.1649
PDHA1	PSME3IP1	3	0.2834	0.3250
RAB11A	PSME3IP1	3	0.4910	0.1962
EGFR	NAA50	3	0.0233	0.4815
PDHA1	NAA50	3	0.0082	0.5110
RAB11A	NAA50	3	0.3152	0.3138
EGFR	MKRN2	3	0.2864	0.3243
RAB11A	MKRN2	3	0.6403	0.1474
RAB11A	MTFR1L	3	0.3333	0.2563
EGFR	PAIP1	3	0.7323	0.0754
PDHA1	PAIP1	3	0.4869	0.1982
RAB11A	PAIP1	3	0.6791	0.1057
EGFR	CLPB	3	0.5914	0.1626
PDHA1	CLPB	3	0.8104	0.0340
RAB11A	CLPB	3	0.5379	0.1803
RAB11A	RAB33B	3	0.6667	0.1114
EGFR	LSG1	3	0.3134	0.3141
RAB11A	LSG1	3	0.6686	0.1105
EGFR	NAT10	3	0.3584	0.2448
PDHA1	NAT10	3	0.0533	0.4484
RAB11A	NAT10	3	0.4915	0.1956
EGFR	KLC2	3	0.3514	0.2482
RAB11A	KLC2	3	1.0000	0.0000
EGFR	ILKAP	3	0.0009	0.5391
RAB11A	ILKAP	3	0.0625	0.4388
EGFR	XRN2	3	0.1241	0.3906
PDHA1	XRN2	3	0.0757	0.4277
RAB11A	XRN2	3	0.2221	0.3468
EGFR	ARL6	3	0.0069	0.5138
RAB11A	NSRP1	3	0.0000	0.5559
RAB11A	INTS2	3	0.0119	0.5024
EGFR	RACGAP1	3	0.5789	0.1667
EGFR	PARP12	3	0.3326	0.3054
PDHA1	PARP12	3	0.3233	0.3105
RAB11A	PARP12	3	0.8386	0.0242
EGFR	SIK2	3	0.0186	0.4897
RAB11A	SIK2	3	0.0590	0.4428
EGFR	CSTF2T	3	0.7935	0.0427
PDHA1	CSTF2T	3	0.5143	0.1884
RAB11A	CSTF2T	3	0.7344	0.0740
EGFR	WWP1	3	1.0000	0.0000
RAB11A	WWP1	3	0.3333	0.2563
RAB11A	NT5C3A	3	0.3333	0.2563
PDHA1	HDHD2	3	0.2143	0.3504
RAB11A	HDHD2	3	0.4826	0.1992
PDHA1	QRSL1	3	0.6667	0.1114
EGFR	DDX47	3	0.6724	0.1089
PDHA1	DDX47	3	0.0100	0.5065
RAB11A	DDX47	3	0.3926	0.2317
RAB11A	TMEM168	3	0.3333	0.2563
EGFR	CCDC8	3	1.0000	0.0000
RAB11A	CCDC8	3	0.9193	0.0068
EGFR	SMG9	3	0.8456	0.0221
RAB11A	SMG9	3	0.8343	0.0255
EGFR	C11orf54	3	0.0987	0.4092
PDHA1	C11orf54	3	0.0986	0.4093
RAB11A	C11orf54	3	0.5574	0.1734
EGFR	OSBPL5	3	0.3333	0.2563
EGFR	ANAPC1	3	0.0002	0.5491
RAB11A	ANAPC1	3	0.0166	0.4928
PDHA1	IRF2BPL	3	0.2964	0.3207
RAB11A	UNC93B1	3	0.0445	0.4582
EGFR	POLR3F	3	0.6667	0.1114
PDHA1	POLR3F	3	0.3333	0.2563
RAB11A	POLR3F	3	1.0000	0.0000
EGFR	TMX4	3	0.3333	0.2563
RAB11A	TMX4	3	0.6667	0.1114
RAB11A	KIF13A	3	1.0000	0.0000
RAB11A	RBSN	3	0.3973	0.2298
EGFR	OSBPL2	3	0.2962	0.3209
RAB11A	OSBPL2	3	0.1908	0.3588
EGFR	EPN3	3	0.0237	0.4809
EGFR	EHD4	3	1.0000	0.0000
RAB11A	EHD4	3	1.0000	0.0000
EGFR	VPS33B	3	0.5091	0.1897
RAB11A	VPS33B	3	1.0000	0.0000
EGFR	VPS16	3	0.7611	0.0591
PDHA1	VPS16	3	0.0603	0.4413
RAB11A	VPS16	3	0.7382	0.0717
EGFR	VPS11	3	0.3333	0.2563
RAB11A	VPS11	3	0.6667	0.1114
EGFR	TRIOBP	3	0.2662	0.3310
RAB11A	TRIOBP	3	0.0459	0.4565
EGFR	SEMA6A	3	1.0000	0.0000
RAB11A	SEMA6A	3	1.0000	0.0000
EGFR	SLK	3	0.7195	0.0826
PDHA1	SLK	3	0.4805	0.1998
RAB11A	SLK	3	0.7191	0.0829
RAB11A	PPIL3	3	0.3333	0.2563
EGFR	SLC38A1	3	1.0000	0.0000
RAB11A	SLC38A1	3	1.0000	0.0000
EGFR	SLC6A15	3	1.0000	0.0000
RAB11A	SLC6A15	3	1.0000	0.0000
EGFR	TAOK3	3	1.0000	0.0000
EGFR	RAB3GAP2	3	0.0105	0.5053
PDHA1	RAB3GAP2	3	0.0002	0.5491
RAB11A	RAB3GAP2	3	0.0772	0.4260
EGFR	ADNP	3	0.0057	0.5175
PDHA1	ADNP	3	0.0001	0.5518
RAB11A	ADNP	3	0.2087	0.3527
EGFR	DHX36	3	0.4072	0.2261
PDHA1	DHX36	3	0.0892	0.4164
RAB11A	DHX36	3	0.6220	0.1539
EGFR	PPA2	3	0.2320	0.3430
PDHA1	PPA2	3	1.0000	0.0000
RAB11A	PPA2	3	1.0000	0.0000
EGFR	SPNS1	3	0.0007	0.5414
RAB11A	SPNS1	3	0.0097	0.5072
PDHA1	MRPL46	3	1.0000	0.0000
RAB11A	ZNF106	3	0.0000	0.5559
EGFR	PNN	3	0.8581	0.0178
PDHA1	PNN	3	0.8553	0.0189
RAB11A	PNN	3	0.8692	0.0144
EGFR	EPB41L4B	3	1.0000	0.0000
EGFR	SNX25	3	0.0023	0.5297
RAB11A	SNX25	3	0.3562	0.2462
PDHA1	TRIT1	3	0.6667	0.1114
EGFR	BOLA2	3	0.0344	0.4687
PDHA1	BOLA2	3	0.0197	0.4872
RAB11A	BOLA2	3	0.1599	0.3734
EGFR	TMX1	3	1.0000	0.0000
RAB11A	TMX1	3	1.0000	0.0000
EGFR	NELFA	3	0.0000	0.5559
EGFR	ACBD3	3	0.7937	0.0425
PDHA1	ACBD3	3	0.1597	0.3735
RAB11A	ACBD3	3	0.8766	0.0127
EGFR	CDC42EP4	3	1.0000	0.0000
EGFR	CENPH	3	0.0130	0.4999
PDHA1	CENPH	3	0.0005	0.5435
RAB11A	CENPH	3	0.0060	0.5167
RAB11A	PIGM	3	0.0002	0.5491
EGFR	PTPN23	3	0.4699	0.2034
RAB11A	PTPN23	3	0.0419	0.4605
RAB11A	SEMA6B	3	0.3333	0.2563
EGFR	UNC45A	3	0.8470	0.0218
PDHA1	UNC45A	3	0.0015	0.5346
RAB11A	UNC45A	3	0.2296	0.3437
EGFR	PPDPF	3	0.2486	0.3374
PDHA1	PPDPF	3	0.0709	0.4323
RAB11A	PPDPF	3	0.7113	0.0869
EGFR	C1orf198	3	0.7200	0.0823
PDHA1	C1orf198	3	0.0592	0.4424
RAB11A	C1orf198	3	0.7049	0.0905
EGFR	CHMP4B	3	0.0135	0.4989
RAB11A	CHMP4B	3	0.0164	0.4936
EGFR	CUEDC2	3	0.0010	0.5381
RAB11A	CUEDC2	3	0.0220	0.4836
RAB11A	PIGU	3	0.3333	0.2563
EGFR	WNK1	3	0.0017	0.5331
PDHA1	WNK1	3	0.0000	0.5559
RAB11A	WNK1	3	0.0091	0.5088
EGFR	RNPEP	3	0.1666	0.3695
PDHA1	RNPEP	3	0.0840	0.4206
RAB11A	RNPEP	3	0.8478	0.0215
EGFR	GOLPH3	3	0.3278	0.3084
RAB11A	GOLPH3	3	0.6597	0.1399
EGFR	EPB41L1	3	1.0000	0.0000
EGFR	GLIPR2	3	1.0000	0.0000
RAB11A	GLIPR2	3	0.3333	0.2563
EGFR	FAM83D	3	0.0299	0.4739
RAB11A	FAM83D	3	0.1223	0.3922
RAB11A	TRABD	3	1.0000	0.0000
PDHA1	MTG2	3	0.6667	0.1114
EGFR	SENP3	3	0.7019	0.0920
PDHA1	SENP3	3	0.2170	0.3489
RAB11A	SENP3	3	0.6727	0.1087
EGFR	OSBPL3	3	0.9973	0.0001
RAB11A	OSBPL3	3	0.5417	0.1788
EGFR	SMARCAD1	3	0.0000	0.5559
PDHA1	SMARCAD1	3	0.0000	0.5559
RAB11A	SMARCAD1	3	0.0000	0.5559
RAB11A	FBXO44	3	0.6667	0.1114
EGFR	EHD1	3	1.0000	0.0000
RAB11A	EHD1	3	1.0000	0.0000
RAB11A	PCIF1	3	0.0748	0.4283
RAB11A	ESF1	3	0.0006	0.5422
RAB11A	ZNF644	3	0.0000	0.5559
EGFR	HEATR1	3	0.1049	0.4048
PDHA1	HEATR1	3	0.0081	0.5111
RAB11A	HEATR1	3	0.1029	0.4064
PDHA1	TFB2M	3	1.0000	0.0000
EGFR	STEEP1	3	0.2923	0.3218
EGFR	PCNX3	3	1.0000	0.0000
RAB11A	PCNX3	3	1.0000	0.0000
EGFR	HAUS4	3	0.1130	0.3988
PDHA1	HAUS4	3	0.0003	0.5468
RAB11A	HAUS4	3	0.0923	0.4144
EGFR	CIAO3	3	0.1026	0.4067
PDHA1	CIAO3	3	0.0102	0.5062
RAB11A	CIAO3	3	0.6620	0.1389
RAB11A	DHX33	3	0.3333	0.2563
PDHA1	ACSS3	3	0.6667	0.1114
EGFR	NOL6	3	0.3740	0.2384
RAB11A	NOL6	3	0.4022	0.2283
RAB11A	WDCP	3	0.0056	0.5176
EGFR	YTHDC2	3	0.6396	0.1479
PDHA1	YTHDC2	3	0.0196	0.4873
RAB11A	YTHDC2	3	0.6564	0.1415
EGFR	AZI2	3	0.8120	0.0329
RAB11A	AZI2	3	0.1584	0.3742
PDHA1	ESRP2	3	0.2049	0.3537
RAB11A	ESRP2	3	0.3478	0.2502
EGFR	RPAP3	3	0.3500	0.2488
PDHA1	RPAP3	3	0.0141	0.4984
RAB11A	RPAP3	3	0.6265	0.1523
RAB11A	BCAS3	3	0.1231	0.3917
EGFR	ALG9	3	1.0000	0.0000
RAB11A	ALG9	3	1.0000	0.0000
RAB11A	RIOX1	3	0.0000	0.5559
EGFR	ANTXR1	3	0.6667	0.1114
RAB11A	ANTXR1	3	1.0000	0.0000
EGFR	C19orf44	3	0.2774	0.3269
RAB11A	C19orf44	3	0.0178	0.4911
PDHA1	WDR55	3	0.3333	0.2563
RAB11A	WDR55	3	0.9996	0.0000
EGFR	RANBP3	3	0.1862	0.3612
PDHA1	RANBP3	3	0.3616	0.2434
RAB11A	RANBP3	3	0.5551	0.1740
EGFR	DCTPP1	3	0.0624	0.4390
PDHA1	DCTPP1	3	0.0883	0.4175
RAB11A	DCTPP1	3	0.6845	0.1026
EGFR	SH2D4A	3	0.2723	0.3286
RAB11A	SH2D4A	3	0.0581	0.4433
EGFR	PEAK1	3	0.9980	0.0001
RAB11A	PEAK1	3	0.1307	0.3871
RAB11A	CPLANE1	3	0.7421	0.0694
EGFR	RPF2	3	0.5379	0.1803
PDHA1	RPF2	3	0.1507	0.3772
RAB11A	RPF2	3	0.7489	0.0663
EGFR	AAMDC	3	0.0193	0.4879
PDHA1	AAMDC	3	0.0981	0.4097
RAB11A	AAMDC	3	0.7030	0.0912
EGFR	DOCK5	3	1.0000	0.0000
RAB11A	DOCK5	3	0.0501	0.4520
EGFR	WDR26	3	0.0176	0.4916
PDHA1	WDR26	3	0.2160	0.3496
RAB11A	WDR26	3	0.1187	0.3954
PDHA1	C8orf33	3	0.0534	0.4481
EGFR	ATP13A3	3	1.0000	0.0000
RAB11A	ATP13A3	3	1.0000	0.0000
PDHA1	METTL17	3	1.0000	0.0000
RAB11A	METTL17	3	1.0000	0.0000
RAB11A	ZNF703	3	0.0721	0.4307
RAB11A	CCSER2	3	0.0000	0.5559
RAB11A	SYNDIG1	3	1.0000	0.0000
RAB11A	PHAX	3	0.1011	0.4079
PDHA1	ACAD9	3	0.9998	0.0000
EGFR	NT5DC2	3	0.3176	0.3129
PDHA1	NT5DC2	3	0.9630	0.0024
RAB11A	NT5DC2	3	0.4988	0.1931
EGFR	TTC12	3	0.0020	0.5317
RAB11A	TTC12	3	0.1562	0.3747
EGFR	KAT14	3	0.0076	0.5122
RAB11A	CAAP1	3	0.0049	0.5202
EGFR	NOL11	3	0.8412	0.0233
RAB11A	NOL11	3	0.7703	0.0546
EGFR	DDX31	3	0.4046	0.2272
PDHA1	DDX31	3	0.1652	0.3702
RAB11A	DDX31	3	0.7809	0.0487
RAB11A	METTL7A	3	0.7783	0.0498
RAB11A	PAAT	3	0.1824	0.3627
EGFR	MMRN2	3	0.5008	0.1924
PDHA1	MMRN2	3	0.5178	0.1873
PDHA1	COQ10B	3	1.0000	0.0000
EGFR	BRD9	3	0.0014	0.5351
RAB11A	BRD9	3	0.0676	0.4346
EGFR	CNNM2	3	1.0000	0.0000
RAB11A	CNNM2	3	1.0000	0.0000
EGFR	MINDY3	3	0.0288	0.4755
PDHA1	MINDY3	3	0.2717	0.3289
RAB11A	MINDY3	3	0.5832	0.1657
EGFR	ZNF395	3	0.0052	0.5189
RAB11A	ZNF395	3	0.0875	0.4181
RAB11A	AKTIP	3	0.6667	0.1114
RAB11A	GORASP2	3	1.0000	0.0000
EGFR	JPT2	3	0.5002	0.1927
PDHA1	JPT2	3	0.0315	0.4720
RAB11A	JPT2	3	0.4583	0.2066
EGFR	QTRT2	3	0.2647	0.3316
PDHA1	QTRT2	3	0.3287	0.3077
RAB11A	QTRT2	3	0.3797	0.2360
EGFR	ARMT1	3	0.0031	0.5263
RAB11A	ARMT1	3	0.0141	0.4984
EGFR	CNOT10	3	0.6107	0.1575
RAB11A	CNOT10	3	0.3439	0.2515
EGFR	LRRC40	3	0.6177	0.1554
PDHA1	LRRC40	3	0.2722	0.3286
RAB11A	LRRC40	3	0.6759	0.1070
RAB11A	EHMT1	3	0.0312	0.4723
EGFR	SFXN1	3	0.7719	0.0536
PDHA1	SFXN1	3	0.3538	0.2472
RAB11A	SFXN1	3	0.7656	0.0570
EGFR	VIPAS39	3	0.2377	0.3412
RAB11A	VIPAS39	3	1.0000	0.0000
EGFR	COG4	3	0.4040	0.2276
RAB11A	COG4	3	0.9944	0.0002
PDHA1	MRPL44	3	1.0000	0.0000
EGFR	ISG20L2	3	0.0024	0.5293
PDHA1	L2HGDH	3	0.6667	0.1114
RAB11A	L2HGDH	3	0.6667	0.1114
EGFR	COPS7B	3	0.3333	0.2563
RAB11A	COPS7B	3	0.3333	0.2563
EGFR	ELP3	3	0.0023	0.5297
EGFR	POLR1B	3	0.0003	0.5468
RAB11A	POLR1B	3	0.0003	0.5468
EGFR	FN3KRP	3	0.0487	0.4536
PDHA1	FN3KRP	3	0.0591	0.4426
RAB11A	FN3KRP	3	0.7479	0.0670
PDHA1	CARS2	3	1.0000	0.0000
PDHA1	RSAD1	3	0.3333	0.2563
EGFR	WDR41	3	0.4050	0.2270
PDHA1	WDR41	3	0.1005	0.4084
RAB11A	WDR41	3	0.9326	0.0050
EGFR	C17orf75	3	0.0038	0.5239
RAB11A	C17orf75	3	0.0336	0.4696
EGFR	PLEKHA5	3	1.0000	0.0000
RAB11A	PLEKHA5	3	0.9653	0.0020
RAB11A	UPF2	3	0.1587	0.3740
EGFR	XPO5	3	0.0341	0.4691
PDHA1	XPO5	3	0.0025	0.5289
RAB11A	XPO5	3	0.1308	0.3870
EGFR	GRPEL1	3	0.2745	0.3278
PDHA1	GRPEL1	3	0.5762	0.1675
RAB11A	GRPEL1	3	0.9380	0.0045
EGFR	CLSPN	3	0.0000	0.5559
RAB11A	CLSPN	3	0.0000	0.5559
EGFR	PLEKHA1	3	1.0000	0.0000
RAB11A	PLEKHA1	3	0.7706	0.0542
EGFR	CACYBP	3	0.6548	0.1423
PDHA1	CACYBP	3	0.3231	0.3107
RAB11A	CACYBP	3	0.7987	0.0395
EGFR	RRAGC	3	0.5154	0.1880
PDHA1	RRAGC	3	0.0968	0.4109
RAB11A	RRAGC	3	0.5372	0.1806
EGFR	IFT122	3	0.1388	0.3831
PDHA1	IFT122	3	0.0007	0.5414
RAB11A	RDH14	3	0.3333	0.2563
EGFR	VEZT	3	1.0000	0.0000
RAB11A	VEZT	3	1.0000	0.0000
EGFR	SPC25	3	0.0203	0.4863
RAB11A	SPC25	3	0.2811	0.3258
EGFR	ETNK1	3	0.3333	0.2563
EGFR	TMEM165	3	0.2333	0.3426
PDHA1	TMEM165	3	0.0052	0.5189
RAB11A	TMEM165	3	0.6343	0.1496
EGFR	EML4	3	0.3688	0.2407
PDHA1	EML4	3	0.1608	0.3726
RAB11A	EML4	3	0.5564	0.1736
PDHA1	MRM3	3	1.0000	0.0000
EGFR	GLOD4	3	0.6981	0.0946
PDHA1	GLOD4	3	0.5698	0.1694
RAB11A	GLOD4	3	0.2450	0.3385
EGFR	SENP2	3	0.0003	0.5468
RAB11A	CENPJ	3	0.0000	0.5559
EGFR	MCCC2	3	0.5940	0.1619
PDHA1	MCCC2	3	0.3475	0.2504
RAB11A	MCCC2	3	0.7264	0.0784
EGFR	NCOA5	3	0.0001	0.5518
EGFR	MOV10	3	0.0013	0.5358
PDHA1	MOV10	3	0.3134	0.3141
RAB11A	MOV10	3	0.0885	0.4171
EGFR	ANO8	3	1.0000	0.0000
RAB11A	ANO8	3	1.0000	0.0000
PDHA1	CWC22	3	0.3333	0.2563
EGFR	NCKAP5L	3	0.9976	0.0001
RAB11A	NCKAP5L	3	0.0694	0.4333
EGFR	TNRC6C	3	0.0507	0.4512
RAB11A	TNRC6C	3	0.0004	0.5449
EGFR	ZDBF2	3	0.0000	0.5559
RAB11A	ZDBF2	3	0.0000	0.5559
RAB11A	ROBO2	3	0.6667	0.1114
EGFR	CHD8	3	0.0000	0.5559
PDHA1	CHD8	3	0.0000	0.5559
RAB11A	CHD8	3	0.0000	0.5559
RAB11A	PCDH18	3	1.0000	0.0000
RAB11A	GPAM	3	0.6667	0.1114
EGFR	RESF1	3	0.0000	0.5559
RAB11A	RESF1	3	0.0000	0.5559
EGFR	KIAA1549	3	1.0000	0.0000
RAB11A	KIAA1549	3	1.0000	0.0000
EGFR	EPB41L5	3	1.0000	0.0000
RAB11A	EPB41L5	3	0.7516	0.0645
EGFR	GPN1	3	0.7108	0.0870
PDHA1	GPN1	3	0.0049	0.5202
RAB11A	GPN1	3	0.4913	0.1958
EGFR	CSNK1G1	3	0.3333	0.2563
EGFR	XAB2	3	0.0000	0.5559
RAB11A	XAB2	3	0.0000	0.5559
EGFR	PREB	3	0.9989	0.0000
PDHA1	PREB	3	0.6213	0.1540
RAB11A	PREB	3	0.9999	0.0000
PDHA1	S100A14	3	0.3254	0.3097
EGFR	ATP13A1	3	0.0148	0.4968
RAB11A	ATP13A1	3	0.2517	0.3358
EGFR	GOPC	3	1.0000	0.0000
RAB11A	GOPC	3	1.0000	0.0000
PDHA1	MRPL47	3	1.0000	0.0000
PDHA1	LYRM4	3	1.0000	0.0000
RAB11A	CHMP1A	3	0.3333	0.2563
EGFR	TM9SF3	3	0.7945	0.0419
PDHA1	TM9SF3	3	0.0546	0.4471
EGFR	MYO10	3	0.9735	0.0014
RAB11A	MYO10	3	0.2032	0.3544
EGFR	JPH1	3	1.0000	0.0000
RAB11A	JPH1	3	1.0000	0.0000
EGFR	WDR6	3	0.9774	0.0012
PDHA1	WDR6	3	0.0551	0.4466
RAB11A	WDR6	3	0.7548	0.0626
RAB11A	TUFT1	3	0.0047	0.5208
EGFR	ARFGAP3	3	0.2444	0.3388
RAB11A	ARFGAP3	3	0.3159	0.3136
EGFR	ZCCHC17	3	0.8008	0.0386
PDHA1	ZCCHC17	3	0.8185	0.0309
RAB11A	ZCCHC17	3	0.8068	0.0350
EGFR	RAB18	3	0.1365	0.3843
PDHA1	RAB18	3	0.3018	0.3188
RAB11A	RAB18	3	0.6685	0.1106
EGFR	ALG13	3	0.0309	0.4726
RAB11A	ALG13	3	0.0100	0.5065
RAB11A	SSU72	3	0.6610	0.1393
EGFR	VTA1	3	1.0000	0.0000
PDHA1	VTA1	3	1.0000	0.0000
RAB11A	VTA1	3	1.0000	0.0000
PDHA1	PNPLA8	3	1.0000	0.0000
EGFR	SARS2	3	0.5010	0.1923
PDHA1	SARS2	3	0.9584	0.0025
RAB11A	SARS2	3	0.8876	0.0111
PDHA1	MRPS30	3	1.0000	0.0000
RAB11A	MID1IP1	3	0.3333	0.2563
RAB11A	ENY2	3	0.2999	0.3195
EGFR	UBE2T	3	0.0195	0.4876
RAB11A	UBE2T	3	0.1828	0.3626
EGFR	ISYNA1	3	0.2099	0.3522
PDHA1	ISYNA1	3	0.0554	0.4462
RAB11A	ISYNA1	3	0.7061	0.0899
EGFR	DCP1A	3	0.0308	0.4729
RAB11A	DCP1A	3	0.0109	0.5044
EGFR	ACOT13	3	0.1731	0.3663
PDHA1	ACOT13	3	0.3513	0.2483
RAB11A	ACOT13	3	0.8853	0.0117
EGFR	MED4	3	0.0007	0.5414
PDHA1	MED4	3	0.0001	0.5518
RAB11A	MED4	3	0.0275	0.4767
EGFR	RIC8A	3	0.1853	0.3616
RAB11A	RIC8A	3	0.0966	0.4111
RAB11A	LUC7L	3	0.0600	0.4418
EGFR	LZTFL1	3	0.0055	0.5180
PDHA1	MRPL40	3	0.6667	0.1114
EGFR	PPAN	3	0.1661	0.3699
PDHA1	PPAN	3	0.0102	0.5062
RAB11A	PPAN	3	0.4347	0.2157
EGFR	PLCB1	3	1.0000	0.0000
EGFR	GPRC5C	3	1.0000	0.0000
RAB11A	GPRC5C	3	1.0000	0.0000
EGFR	TIGAR	3	0.0883	0.4175
PDHA1	TIGAR	3	0.0189	0.4890
RAB11A	TIGAR	3	0.0597	0.4419
EGFR	COPRS	3	0.0105	0.5053
RAB11A	COPRS	3	0.0300	0.4737
EGFR	WASH6P	3	0.5199	0.1864
RAB11A	WASH6P	3	0.4575	0.2068
EGFR	RTN4	3	0.6796	0.1052
RAB11A	RTN4	3	1.0000	0.0000
PDHA1	HINT3	3	0.0050	0.5196
RAB11A	HINT3	3	0.0976	0.4102
EGFR	RPRD1B	3	0.0018	0.5328
PDHA1	RPRD1B	3	0.0000	0.5559
RAB11A	RPRD1B	3	0.0008	0.5401
RAB11A	HPS4	3	1.0000	0.0000
PDHA1	PFDN4	3	0.0183	0.4902
RAB11A	PFDN4	3	0.2058	0.3536
EGFR	NIT2	3	0.6667	0.1114
EGFR	INCENP	3	1.0000	0.0000
RAB11A	INCENP	3	0.3333	0.2563
EGFR	EXOSC3	3	0.6667	0.1114
EGFR	KIF13B	3	0.0150	0.4964
RAB11A	KIF13B	3	0.3343	0.2559
EGFR	ANLN	3	0.6550	0.1422
PDHA1	ANLN	3	0.0261	0.4780
RAB11A	ANLN	3	0.2529	0.3355
EGFR	GPHN	3	0.6139	0.1564
PDHA1	GPHN	3	0.0129	0.5002
RAB11A	GPHN	3	0.5119	0.1888
EGFR	BIN3	3	0.8607	0.0173
RAB11A	BIN3	3	0.9814	0.0010
RAB11A	UTP3	3	0.0000	0.5559
EGFR	BIRC6	3	0.0173	0.4918
PDHA1	BIRC6	3	0.0002	0.5491
RAB11A	BIRC6	3	0.0635	0.4377
EGFR	PDLIM7	3	0.0489	0.4536
RAB11A	PDLIM7	3	0.0053	0.5185
EGFR	DDX21	3	0.6282	0.1518
PDHA1	DDX21	3	0.2141	0.3504
RAB11A	DDX21	3	0.7435	0.0685
EGFR	SAR1A	3	1.0000	0.0000
RAB11A	SAR1A	3	0.3333	0.2563
EGFR	SH3GLB2	3	0.6845	0.1026
PDHA1	SH3GLB2	3	0.0093	0.5080
RAB11A	SH3GLB2	3	0.1573	0.3744
EGFR	EIF2B3	3	0.0241	0.4806
PDHA1	EIF2B3	3	0.0006	0.5422
RAB11A	EIF2B3	3	0.0424	0.4600
EGFR	KCNQ5	3	0.9999	0.0000
RAB11A	KCNQ5	3	0.9917	0.0004
EGFR	EIF4ENIF1	3	0.0000	0.5559
RAB11A	EIF4ENIF1	3	0.0000	0.5559
EGFR	ST7	3	1.0000	0.0000
RAB11A	ST7	3	1.0000	0.0000
EGFR	PICK1	3	0.6667	0.1114
PDHA1	PICK1	3	0.3333	0.2563
RAB11A	PICK1	3	0.6667	0.1114
EGFR	AAAS	3	0.5435	0.1784
PDHA1	AAAS	3	0.5385	0.1800
RAB11A	AAAS	3	0.8448	0.0223
EGFR	SNRK	3	1.0000	0.0000
RAB11A	SNRK	3	0.6667	0.1114
EGFR	ABCB10	3	0.0205	0.4858
PDHA1	ABCB10	3	0.0165	0.4932
RAB11A	ABCB10	3	0.3040	0.3178
EGFR	BAZ1A	3	0.2480	0.3376
RAB11A	BAZ1A	3	0.0939	0.4131
EGFR	STRN4	3	0.0001	0.5518
RAB11A	STRN4	3	0.0016	0.5339
EGFR	LATS2	3	1.0000	0.0000
EGFR	AASDHPPT	3	0.1212	0.3933
RAB11A	AASDHPPT	3	0.5431	0.1785
PDHA1	SDHAF3	3	0.6667	0.1114
RAB11A	DROSHA	3	0.0000	0.5559
EGFR	CNNM1	3	1.0000	0.0000
RAB11A	CNNM1	3	1.0000	0.0000
EGFR	HEBP1	3	0.4077	0.2257
RAB11A	HEBP1	3	0.3490	0.2496
EGFR	APOBEC3C	3	0.3327	0.3052
PDHA1	APOBEC3C	3	0.0385	0.4648
RAB11A	APOBEC3C	3	0.4651	0.2044
EGFR	VPS45	3	0.2103	0.3520
RAB11A	VPS45	3	0.9992	0.0000
EGFR	PNO1	3	0.0003	0.5468
RAB11A	PNO1	3	0.0154	0.4951
EGFR	ARHGAP35	3	0.1403	0.3826
RAB11A	ARHGAP35	3	0.0017	0.5331
EGFR	FAM114A2	3	0.0490	0.4534
RAB11A	FAM114A2	3	0.8554	0.0188
EGFR	HELLS	3	0.0001	0.5518
PDHA1	HELLS	3	0.0000	0.5559
RAB11A	HELLS	3	0.0022	0.5303
RAB11A	THSD1	3	0.3333	0.2563
EGFR	LANCL2	3	0.0409	0.4618
PDHA1	LANCL2	3	0.0144	0.4977
RAB11A	LANCL2	3	0.2705	0.3293
EGFR	KIF15	3	0.0005	0.5435
RAB11A	KIF15	3	0.0022	0.5303
EGFR	RAD18	3	0.0005	0.5435
PDHA1	RAD18	3	0.0000	0.5559
RAB11A	RAD18	3	0.0005	0.5435
EGFR	KRT84	3	0.3333	0.2563
EGFR	FARSB	3	0.4722	0.2024
PDHA1	FARSB	3	0.3760	0.2374
RAB11A	FARSB	3	0.6082	0.1582
EGFR	IARS2	3	0.2496	0.3371
PDHA1	IARS2	3	0.9998	0.0000
RAB11A	IARS2	3	0.6817	0.1039
EGFR	C1orf112	3	0.0000	0.5559
RAB11A	C1orf112	3	0.0000	0.5559
EGFR	BRWD1	3	0.0260	0.4782
EGFR	KLC4	3	0.0009	0.5391
RAB11A	KLC4	3	0.0021	0.5311
EGFR	CENPM	3	0.3486	0.2497
PDHA1	CENPM	3	0.2498	0.3369
RAB11A	CENPM	3	0.2342	0.3425
EGFR	DIAPH3	3	0.1584	0.3742
RAB11A	DIAPH3	3	0.3742	0.2383
EGFR	BMP2K	3	0.9768	0.0012
EGFR	ATG3	3	0.3333	0.2563
RAB11A	ATG3	3	0.3333	0.2563
EGFR	PDS5B	3	0.0244	0.4803
RAB11A	PDS5B	3	0.0617	0.4397
EGFR	SMC4	3	0.7606	0.0595
PDHA1	SMC4	3	0.3672	0.2413
RAB11A	SMC4	3	0.7163	0.0845
EGFR	SACM1L	3	0.3333	0.2563
RAB11A	SACM1L	3	0.3333	0.2563
EGFR	OLA1	3	0.3004	0.3193
PDHA1	OLA1	3	0.0972	0.4107
RAB11A	OLA1	3	0.8055	0.0358
EGFR	ECHDC1	3	0.3251	0.3098
PDHA1	ECHDC1	3	0.0226	0.4826
RAB11A	ECHDC1	3	0.4666	0.2038
EGFR	RBM12	3	0.0000	0.5559
RAB11A	RBM12	3	0.0000	0.5559
EGFR	TBC1D22B	3	1.0000	0.0000
RAB11A	TBC1D22B	3	1.0000	0.0000
EGFR	MDN1	3	0.0214	0.4844
PDHA1	MDN1	3	0.0010	0.5381
RAB11A	MDN1	3	0.1050	0.4046
EGFR	ACSS1	3	0.0308	0.4729
PDHA1	ACSS1	3	0.9008	0.0094
RAB11A	ACSS1	3	0.1130	0.3988
EGFR	ZCCHC3	3	0.0000	0.5559
RAB11A	ZCCHC3	3	0.0032	0.5260
EGFR	PDRG1	3	0.0001	0.5518
RAB11A	PDRG1	3	0.0074	0.5126
PDHA1	ABHD10	3	0.3333	0.2563
EGFR	TCP11L1	3	0.0060	0.5167
RAB11A	TCP11L1	3	0.0107	0.5049
EGFR	STAU2	3	0.0134	0.4991
PDHA1	STAU2	3	0.0000	0.5559
RAB11A	STAU2	3	0.0574	0.4439
EGFR	DDX28	3	0.3333	0.2563
PDHA1	DDX28	3	0.6667	0.1114
EGFR	LIN7C	3	0.3333	0.2563
EGFR	TXLNG	3	0.5537	0.1746
PDHA1	TXLNG	3	0.0798	0.4236
RAB11A	TXLNG	3	0.4926	0.1952
EGFR	UFSP2	3	1.0000	0.0000
RAB11A	UFSP2	3	1.0000	0.0000
EGFR	CYRIB	3	0.0050	0.5196
RAB11A	CYRIB	3	0.1390	0.3829
EGFR	OTULINL	3	0.5062	0.1902
RAB11A	OTULINL	3	0.6545	0.1425
EGFR	DDX19A	3	0.7480	0.0669
PDHA1	DDX19A	3	0.4104	0.2245
RAB11A	DDX19A	3	0.7731	0.0526
RAB11A	TDP1	3	0.0022	0.5303
EGFR	TBC1D23	3	0.6667	0.1114
RAB11A	TBC1D23	3	1.0000	0.0000
EGFR	DCAF13	3	0.0293	0.4749
PDHA1	DCAF13	3	0.0029	0.5270
RAB11A	DCAF13	3	0.1591	0.3738
EGFR	NUDT15	3	0.1868	0.3607
PDHA1	NUDT15	3	0.2276	0.3447
RAB11A	NUDT15	3	0.8863	0.0114
EGFR	TMEM39A	3	0.3333	0.2563
EGFR	TYW1	3	1.0000	0.0000
RAB11A	TYW1	3	1.0000	0.0000
EGFR	EXOC1	3	0.6209	0.1542
RAB11A	EXOC1	3	0.9764	0.0013
EGFR	INTS9	3	0.0000	0.5559
RAB11A	INTS9	3	0.0000	0.5559
PDHA1	UQCC1	3	1.0000	0.0000
EGFR	SEPTIN11	3	0.8327	0.0261
RAB11A	SEPTIN11	3	0.4145	0.2228
EGFR	PARVA	3	0.9928	0.0003
EGFR	PANK4	3	0.1258	0.3898
PDHA1	PANK4	3	0.0025	0.5289
RAB11A	PANK4	3	0.1625	0.3717
PDHA1	TBC1D13	3	0.1776	0.3641
RAB11A	TBC1D13	3	0.3331	0.3046
EGFR	EXD2	3	0.0264	0.4776
RAB11A	EXD2	3	0.9999	0.0000
RAB11A	DNAJC11	3	0.3083	0.3163
EGFR	INTS7	3	0.3803	0.2358
RAB11A	INTS7	3	0.4121	0.2240
EGFR	TMLHE	3	0.0069	0.5138
PDHA1	TMLHE	3	0.4701	0.2031
RAB11A	TMLHE	3	0.8207	0.0301
EGFR	FANCI	3	0.0724	0.4305
PDHA1	FANCI	3	0.0014	0.5351
RAB11A	FANCI	3	0.1145	0.3979
EGFR	ATAD3A	3	0.8561	0.0185
PDHA1	ATAD3A	3	0.9903	0.0005
RAB11A	ATAD3A	3	0.9651	0.0021
EGFR	ARL8B	3	0.3464	0.2510
RAB11A	ARL8B	3	0.5702	0.1692
EGFR	PRMT7	3	0.0069	0.5138
RAB11A	PRMT7	3	0.2045	0.3538
EGFR	GNL3L	3	0.1291	0.3880
RAB11A	GNL3L	3	0.0020	0.5317
EGFR	DDX18	3	0.8664	0.0155
PDHA1	DDX18	3	0.6976	0.0949
RAB11A	DDX18	3	0.8581	0.0178
EGFR	INTS10	3	0.0132	0.4995
PDHA1	INTS10	3	0.3258	0.3096
EGFR	DNAAF2	3	0.1068	0.4034
PDHA1	DNAAF2	3	0.3831	0.2352
RAB11A	DNAAF2	3	0.8515	0.0199
PDHA1	MRPS18A	3	0.3333	0.2563
EGFR	PNPO	3	0.0049	0.5202
PDHA1	PNPO	3	0.0003	0.5468
RAB11A	PNPO	3	0.1053	0.4044
EGFR	POLR3E	3	0.0557	0.4458
RAB11A	POLR3E	3	0.1167	0.3965
EGFR	TMEM38B	3	0.0674	0.4347
RAB11A	TMEM38B	3	0.2140	0.3505
EGFR	MTPAP	3	0.8700	0.0142
PDHA1	MTPAP	3	0.7178	0.0836
RAB11A	MTPAP	3	0.9514	0.0032
RAB11A	HAUS2	3	0.0004	0.5449
EGFR	NLE1	3	0.3109	0.3151
PDHA1	NLE1	3	0.1415	0.3819
RAB11A	NLE1	3	0.7832	0.0476
EGFR	NECAP2	3	1.0000	0.0000
RAB11A	NECAP2	3	0.9945	0.0002
EGFR	POLR3B	3	0.0376	0.4658
EGFR	RBM28	3	0.8576	0.0180
RAB11A	RBM28	3	0.6939	0.0972
EGFR	RBM22	3	0.2462	0.3381
RAB11A	RBM22	3	0.1365	0.3843
PDHA1	BSDC1	3	0.0002	0.5491
RAB11A	BSDC1	3	0.0596	0.4420
PDHA1	WDR70	3	0.0000	0.5559
RAB11A	WDR70	3	0.0000	0.5559
EGFR	ARGLU1	3	0.0746	0.4286
PDHA1	ARGLU1	3	0.5696	0.1696
RAB11A	ARGLU1	3	0.2213	0.3472
RAB11A	IFT57	3	0.0840	0.4206
EGFR	SLTM	3	0.7363	0.0728
PDHA1	SLTM	3	0.0749	0.4283
RAB11A	SLTM	3	0.8613	0.0171
EGFR	PAG1	3	1.0000	0.0000
RAB11A	PAG1	3	1.0000	0.0000
PDHA1	MCUB	3	0.3333	0.2563
EGFR	PIH1D1	3	0.0332	0.4701
PDHA1	PIH1D1	3	0.0000	0.5559
RAB11A	PIH1D1	3	0.0605	0.4412
PDHA1	RMND1	3	0.3333	0.2563
EGFR	PAK1IP1	3	0.2061	0.3534
PDHA1	PAK1IP1	3	0.2749	0.3278
RAB11A	PAK1IP1	3	0.5420	0.1787
PDHA1	AURKAIP1	3	0.3333	0.2563
PDHA1	GID8	3	0.0001	0.5518
RAB11A	GID8	3	0.0794	0.4240
PDHA1	MRPL22	3	0.6667	0.1114
EGFR	CLN6	3	0.3333	0.2563
RAB11A	CLN6	3	0.6667	0.1114
EGFR	ASB6	3	0.6667	0.1114
RAB11A	ASB6	3	0.3333	0.2563
PDHA1	THG1L	3	0.3333	0.2563
RAB11A	THG1L	3	0.3333	0.2563
EGFR	HPF1	3	0.0011	0.5371
RAB11A	HPF1	3	0.0251	0.4793
EGFR	GEMIN8	3	0.0001	0.5518
PDHA1	GEMIN8	3	0.0000	0.5559
RAB11A	GEMIN8	3	0.0059	0.5171
RAB11A	TXNL4B	3	0.0015	0.5346
EGFR	NDUFB11	3	0.4561	0.2077
PDHA1	NDUFB11	3	0.1439	0.3809
RAB11A	NDUFB11	3	0.6271	0.1522
EGFR	MRPL16	3	0.3333	0.2563
PDHA1	MRPL16	3	0.3333	0.2563
EGFR	NHP2	3	0.6521	0.1434
PDHA1	NHP2	3	0.5971	0.1610
RAB11A	NHP2	3	0.9982	0.0001
PDHA1	OCIAD1	3	0.2989	0.3200
RAB11A	OCIAD1	3	0.5445	0.1778
RAB11A	ADPRS	3	0.3333	0.2563
EGFR	CHCHD3	3	0.9968	0.0001
PDHA1	CHCHD3	3	0.5974	0.1608
RAB11A	CHCHD3	3	0.9244	0.0061
RAB11A	DUS2	3	0.0000	0.5559
PDHA1	SIRT5	3	0.3333	0.2563
RAB11A	ELOVL2	3	0.0022	0.5303
RAB11A	GFOD1	3	0.3333	0.2563
EGFR	MTMR10	3	1.0000	0.0000
EGFR	TEX10	3	0.0001	0.5518
RAB11A	TEX10	3	0.0426	0.4598
EGFR	THUMPD1	3	0.6667	0.1114
RAB11A	THUMPD1	3	0.3333	0.2563
PDHA1	TRMT1	3	0.7099	0.0876
RAB11A	TRMT1	3	0.7961	0.0412
EGFR	GDAP2	3	0.0028	0.5274
RAB11A	GDAP2	3	0.0071	0.5135
EGFR	BABAM2	3	0.0004	0.5449
RAB11A	BABAM2	3	0.0051	0.5195
EGFR	CDKN2AIP	3	0.0000	0.5559
RAB11A	CDKN2AIP	3	0.0008	0.5401
EGFR	PPP4R2	3	0.0329	0.4705
RAB11A	PPP4R2	3	0.2011	0.3552
RAB11A	DPP3	3	0.0351	0.4677
RAB11A	AATF	3	0.0000	0.5559
RAB11A	ETAA1	3	0.0003	0.5468
EGFR	DDX56	3	0.9275	0.0056
PDHA1	DDX56	3	0.6466	0.1454
RAB11A	DDX56	3	0.7488	0.0664
RAB11A	MTMR4	3	0.0083	0.5108
EGFR	ABI2	3	0.6667	0.1114
RAB11A	ABI2	3	0.3333	0.2563
EGFR	BCLAF1	3	0.1600	0.3733
PDHA1	BCLAF1	3	0.0890	0.4166
RAB11A	BCLAF1	3	0.5489	0.1760
EGFR	UTP6	3	0.0089	0.5094
RAB11A	UTP6	3	0.0012	0.5365
EGFR	PSD3	3	1.0000	0.0000
RAB11A	PSD3	3	0.2202	0.3474
EGFR	TAB2	3	0.0002	0.5491
RAB11A	TAB2	3	0.0080	0.5112
EGFR	MRPL39	3	0.6667	0.1114
PDHA1	MRPL39	3	1.0000	0.0000
RAB11A	MRPL39	3	0.3333	0.2563
EGFR	MAP3K20	3	0.0039	0.5235
RAB11A	MAP3K20	3	0.0171	0.4920
EGFR	TMOD3	3	0.0256	0.4788
RAB11A	TMOD3	3	0.0288	0.4755
EGFR	ELOVL5	3	0.0671	0.4349
PDHA1	ELOVL5	3	0.0013	0.5358
RAB11A	ELOVL5	3	0.3044	0.3177
EGFR	CELSR1	3	0.0051	0.5195
RAB11A	CELSR1	3	0.0593	0.4422
EGFR	NKIRAS2	3	1.0000	0.0000
RAB11A	NKIRAS2	3	1.0000	0.0000
PDHA1	ZNF226	3	0.0000	0.5559
RAB11A	CDK12	3	0.0000	0.5559
EGFR	FASTKD2	3	0.4204	0.2208
PDHA1	FASTKD2	3	0.9999	0.0000
RAB11A	FASTKD2	3	0.3336	0.2562
EGFR	GTSE1	3	0.8030	0.0369
RAB11A	GTSE1	3	0.7519	0.0644
EGFR	TECR	3	0.6802	0.1049
PDHA1	TECR	3	0.2363	0.3418
RAB11A	TECR	3	0.6596	0.1400
RAB11A	UBAP1	3	0.0022	0.5303
EGFR	CISD1	3	0.6667	0.1114
PDHA1	CISD1	3	0.6667	0.1114
RAB11A	CISD1	3	0.3333	0.2563
EGFR	GGA3	3	0.6667	0.1114
RAB11A	GGA3	3	1.0000	0.0000
EGFR	PODXL2	3	1.0000	0.0000
RAB11A	PODXL2	3	1.0000	0.0000
RAB11A	C9orf78	3	0.3333	0.2563
PDHA1	STMN3	3	0.0591	0.4426
RAB11A	STMN3	3	0.0499	0.4522
EGFR	FAM120A	3	0.4173	0.2220
PDHA1	FAM120A	3	0.0041	0.5226
RAB11A	FAM120A	3	0.4384	0.2140
PDHA1	MOCS1	3	0.6667	0.1114
EGFR	SPG21	3	1.0000	0.0000
RAB11A	SPG21	3	0.6667	0.1114
RAB11A	GPRC5B	3	1.0000	0.0000
EGFR	IGF2BP1	3	0.7195	0.0826
PDHA1	IGF2BP1	3	0.2038	0.3542
RAB11A	IGF2BP1	3	0.7321	0.0754
EGFR	SACS	3	0.0165	0.4932
RAB11A	SACS	3	0.2269	0.3451
PDHA1	COQ3	3	0.0860	0.4196
RAB11A	COQ3	3	0.7933	0.0429
RAB11A	MTCH1	3	0.0968	0.4109
EGFR	HSPBP1	3	0.8674	0.0150
PDHA1	HSPBP1	3	0.1864	0.3611
RAB11A	HSPBP1	3	0.9223	0.0064
EGFR	ITSN2	3	0.9656	0.0020
RAB11A	ITSN2	3	0.0421	0.4602
RAB11A	EHD3	3	0.3333	0.2563
EGFR	ARHGEF12	3	0.7325	0.0751
RAB11A	ARHGEF12	3	0.0068	0.5144
EGFR	CNOT2	3	0.1639	0.3711
RAB11A	CNOT2	3	0.0581	0.4433
EGFR	NCKIPSD	3	0.5977	0.1606
RAB11A	NCKIPSD	3	0.0439	0.4590
RAB11A	LRP1B	3	1.0000	0.0000
EGFR	OGFR	3	0.4112	0.2241
RAB11A	OGFR	3	0.7882	0.0459
EGFR	LMCD1	3	0.3333	0.2563
RAB11A	LMCD1	3	0.3333	0.2563
EGFR	PALS2	3	1.0000	0.0000
RAB11A	PALS2	3	1.0000	0.0000
EGFR	CHMP5	3	0.6959	0.0959
PDHA1	CHMP5	3	0.0378	0.4657
RAB11A	CHMP5	3	0.5312	0.1832
RAB11A	COMMD9	3	0.0230	0.4819
EGFR	CNIH4	3	0.8396	0.0241
PDHA1	CNIH4	3	0.4447	0.2117
RAB11A	CNIH4	3	0.7945	0.0419
RAB11A	CWC15	3	0.3333	0.2563
PDHA1	MRPL15	3	0.6667	0.1114
EGFR	CCDC59	3	0.0000	0.5559
RAB11A	CCDC59	3	0.0000	0.5559
EGFR	NDUFAF4	3	0.9518	0.0031
PDHA1	NDUFAF4	3	0.9546	0.0028
RAB11A	NDUFAF4	3	0.8003	0.0390
EGFR	HACD3	3	0.7071	0.0892
PDHA1	HACD3	3	0.3432	0.2520
RAB11A	HACD3	3	0.7215	0.0810
EGFR	KLK14	3	1.0000	0.0000
PDHA1	PDP1	3	0.6667	0.1114
EGFR	KCMF1	3	0.3333	0.2563
EGFR	RAI14	3	1.0000	0.0000
RAB11A	RAI14	3	1.0000	0.0000
EGFR	VAPA	3	0.7034	0.0910
PDHA1	VAPA	3	0.0550	0.4467
RAB11A	VAPA	3	0.7050	0.0903
EGFR	MACROH2A2	3	0.0578	0.4437
RAB11A	MACROH2A2	3	0.4051	0.2269
EGFR	MRPL27	3	0.0483	0.4541
PDHA1	MRPL27	3	0.0964	0.4112
RAB11A	GSKIP	3	0.3333	0.2563
EGFR	TMEM9	3	0.6667	0.1114
RAB11A	TMEM9	3	1.0000	0.0000
EGFR	SENP1	3	0.0741	0.4289
RAB11A	SENP1	3	0.0052	0.5189
EGFR	SH3BP4	3	1.0000	0.0000
RAB11A	SH3BP4	3	0.6667	0.1114
EGFR	SEPTIN10	3	0.2230	0.3464
RAB11A	SEPTIN10	3	0.3381	0.2540
EGFR	SPATA7	3	0.2170	0.3489
PDHA1	SPATA7	3	0.0153	0.4956
EGFR	ABRACL	3	0.1608	0.3726
PDHA1	ABRACL	3	0.0203	0.4863
RAB11A	ABRACL	3	0.6468	0.1453
RAB11A	VPS54	3	0.3333	0.2563
EGFR	CAMSAP3	3	0.0006	0.5422
RAB11A	CAMSAP3	3	0.0010	0.5381
EGFR	CALCOCO1	3	0.0290	0.4751
PDHA1	CALCOCO1	3	0.1607	0.3727
RAB11A	CALCOCO1	3	0.4634	0.2050
EGFR	BTBD7	3	1.0000	0.0000
RAB11A	BTBD7	3	1.0000	0.0000
EGFR	KIAA1522	3	1.0000	0.0000
RAB11A	KIAA1522	3	0.3333	0.2563
PDHA1	ZSWIM5	3	0.3333	0.2563
EGFR	CCDC88C	3	0.0044	0.5216
RAB11A	CCDC88C	3	0.0000	0.5559
RAB11A	LRFN1	3	0.1818	0.3629
EGFR	STIM2	3	0.7506	0.0649
RAB11A	STIM2	3	0.1431	0.3813
EGFR	VPS18	3	0.1650	0.3704
RAB11A	VPS18	3	1.0000	0.0000
EGFR	RCC2	3	0.0395	0.4632
PDHA1	RCC2	3	0.0191	0.4883
RAB11A	RCC2	3	0.3204	0.3118
EGFR	RELCH	3	0.2870	0.3240
RAB11A	RELCH	3	1.0000	0.0000
EGFR	DIP2B	3	0.9957	0.0002
RAB11A	DIP2B	3	0.2385	0.3410
RAB11A	JCAD	3	0.0000	0.5559
EGFR	TENM3	3	0.0451	0.4573
RAB11A	TENM3	3	0.0097	0.5072
RAB11A	USP36	3	0.6815	0.1040
EGFR	BCCIP	3	0.6672	0.1112
RAB11A	BCCIP	3	0.9213	0.0064
EGFR	STK26	3	0.6866	0.1009
PDHA1	STK26	3	0.2349	0.3422
RAB11A	STK26	3	0.6974	0.0951
RAB11A	CTTNBP2NL	3	0.4575	0.2068
EGFR	CFAP97	3	0.0282	0.4762
RAB11A	CFAP97	3	0.0565	0.4449
EGFR	IBTK	3	0.0002	0.5491
RAB11A	IBTK	3	0.0004	0.5449
EGFR	HEATR5B	3	0.0638	0.4372
RAB11A	HEATR5B	3	1.0000	0.0000
EGFR	FAM135A	3	1.0000	0.0000
RAB11A	FAM135A	3	1.0000	0.0000
EGFR	RRBP1	3	0.8406	0.0237
PDHA1	RRBP1	3	0.0561	0.4454
RAB11A	RRBP1	3	0.8386	0.0242
EGFR	STOX2	3	1.0000	0.0000
RAB11A	STOX2	3	0.3333	0.2563
EGFR	SIPA1L2	3	0.0637	0.4373
RAB11A	SIPA1L2	3	0.9903	0.0005
RAB11A	ANKIB1	3	0.3333	0.2563
EGFR	CEP126	3	0.0666	0.4354
EGFR	CPSF2	3	0.0000	0.5559
RAB11A	CPSF2	3	0.0008	0.5401
EGFR	LARS1	3	0.7579	0.0608
PDHA1	LARS1	3	0.4065	0.2264
RAB11A	LARS1	3	0.7804	0.0488
PDHA1	PDP2	3	1.0000	0.0000
EGFR	MYEF2	3	0.3331	0.3046
RAB11A	MYEF2	3	0.2774	0.3269
RAB11A	EIF2AK4	3	0.0121	0.5020
EGFR	WDR35	3	0.0152	0.4960
EGFR	TBC1D14	3	0.9938	0.0003
RAB11A	TBC1D14	3	1.0000	0.0000
EGFR	RBM27	3	0.0000	0.5559
RAB11A	RBM27	3	0.0000	0.5559
EGFR	NYNRIN	3	0.2694	0.3298
RAB11A	NYNRIN	3	0.3392	0.2535
EGFR	ANKFY1	3	1.0000	0.0000
RAB11A	ANKFY1	3	0.6667	0.1114
EGFR	SUCLA2	3	0.6352	0.1494
PDHA1	SUCLA2	3	0.6873	0.1007
RAB11A	SUCLA2	3	0.8192	0.0307
EGFR	WRAP73	3	0.2733	0.3284
PDHA1	WRAP73	3	0.0558	0.4458
RAB11A	WRAP73	3	0.7127	0.0861
EGFR	STX18	3	0.5045	0.1913
RAB11A	STX18	3	0.9999	0.0000
EGFR	ATXN10	3	0.6778	0.1061
PDHA1	ATXN10	3	0.1738	0.3660
RAB11A	ATXN10	3	0.6858	0.1016
EGFR	NCDN	3	0.5920	0.1625
PDHA1	NCDN	3	0.0079	0.5117
RAB11A	NCDN	3	0.5984	0.1604
EGFR	TFIP11	3	0.0000	0.5559
RAB11A	TFIP11	3	0.0000	0.5559
EGFR	EPS15L1	3	0.9911	0.0004
RAB11A	EPS15L1	3	0.2512	0.3361
RAB11A	ORC3	3	0.0007	0.5414
PDHA1	SAE1	3	0.1738	0.3660
RAB11A	SAE1	3	0.2983	0.3202
EGFR	COPG2	3	0.2610	0.3328
PDHA1	COPG2	3	0.0132	0.4995
RAB11A	COPG2	3	0.4995	0.1929
EGFR	PI4KB	3	0.5856	0.1647
RAB11A	PI4KB	3	0.9994	0.0000
RAB11A	MRC2	3	1.0000	0.0000
EGFR	XPR1	3	1.0000	0.0000
RAB11A	XPR1	3	1.0000	0.0000
EGFR	STOML1	3	0.6667	0.1114
RAB11A	STOML1	3	0.6667	0.1114
RAB11A	HECA	3	0.0349	0.4679
EGFR	DHCR7	3	0.4774	0.2010
PDHA1	DHCR7	3	0.0012	0.5365
RAB11A	DHCR7	3	0.8669	0.0152
EGFR	GULP1	3	0.6667	0.1114
EGFR	VPS29	3	0.9929	0.0003
PDHA1	VPS29	3	0.4440	0.2120
RAB11A	VPS29	3	0.9947	0.0002
EGFR	EIF3K	3	0.9996	0.0000
PDHA1	EIF3K	3	0.3060	0.3170
RAB11A	EIF3K	3	0.9804	0.0011
EGFR	GRHPR	3	0.0211	0.4847
PDHA1	GRHPR	3	0.0109	0.5044
RAB11A	GRHPR	3	0.4572	0.2071
RAB11A	RNF14	3	0.0027	0.5278
EGFR	SUCO	3	1.0000	0.0000
RAB11A	SUCO	3	0.6667	0.1114
EGFR	UBA2	3	0.1667	0.3694
PDHA1	UBA2	3	0.0055	0.5180
RAB11A	UBA2	3	0.0652	0.4361
EGFR	POLK	3	0.0000	0.5559
EGFR	CTNNAL1	3	0.9210	0.0065
RAB11A	CTNNAL1	3	0.0576	0.4437
EGFR	NXF1	3	0.6079	0.1584
PDHA1	NXF1	3	0.0764	0.4269
RAB11A	NXF1	3	0.6551	0.1421
EGFR	PEF1	3	0.0798	0.4236
PDHA1	PEF1	3	0.0370	0.4665
RAB11A	PEF1	3	0.8773	0.0126
EGFR	ZMYM2	3	0.0000	0.5559
RAB11A	ZMYM2	3	0.0000	0.5559
EGFR	COPS7A	3	0.0134	0.4991
RAB11A	COPS7A	3	0.0452	0.4571
EGFR	SLC25A10	3	0.8704	0.0140
PDHA1	SLC25A10	3	0.2354	0.3420
RAB11A	SLC25A10	3	0.9497	0.0034
PDHA1	AASS	3	0.9767	0.0013
RAB11A	AASS	3	0.0772	0.4260
EGFR	TJP2	3	0.8203	0.0303
RAB11A	TJP2	3	0.0280	0.4763
RAB11A	CFDP1	3	0.0000	0.5559
EGFR	FTSJ1	3	1.0000	0.0000
RAB11A	FTSJ1	3	0.8448	0.0223
EGFR	VTI1B	3	0.3333	0.2563
RAB11A	VTI1B	3	1.0000	0.0000
EGFR	STK39	3	0.2546	0.3354
RAB11A	STK39	3	0.8780	0.0124
EGFR	ADD3	3	0.9988	0.0000
RAB11A	ADD3	3	0.8510	0.0201
EGFR	LRWD1	3	0.0436	0.4593
RAB11A	LRWD1	3	0.2155	0.3500
RAB11A	CNOT8	3	0.0195	0.4876
EGFR	C19orf25	3	1.0000	0.0000
RAB11A	C19orf25	3	1.0000	0.0000
RAB11A	IFT172	3	0.3333	0.2563
EGFR	ABCF2	3	0.5806	0.1663
PDHA1	ABCF2	3	0.1122	0.3998
RAB11A	ABCF2	3	0.6851	0.1022
PDHA1	MTRF1L	3	0.6667	0.1114
EGFR	TES	3	0.8784	0.0123
PDHA1	TES	3	0.5316	0.1830
RAB11A	TES	3	0.4060	0.2267
EGFR	SERGEF	3	0.0384	0.4650
PDHA1	SERGEF	3	0.0223	0.4830
RAB11A	SERGEF	3	0.2708	0.3291
PDHA1	WARS2	3	0.0156	0.4949
EGFR	PARP2	3	0.0942	0.4127
RAB11A	PARP2	3	0.0117	0.5027
EGFR	LIMD1	3	0.0211	0.4847
RAB11A	LIMD1	3	0.0593	0.4422
EGFR	SEC63	3	0.6874	0.1006
PDHA1	SEC63	3	0.0175	0.4917
RAB11A	SEC63	3	0.7191	0.0829
RAB11A	ZC3H7B	3	1.0000	0.0000
PDHA1	TCF20	3	0.0000	0.5559
RAB11A	HMGXB4	3	0.0000	0.5559
EGFR	NDRG3	3	0.6068	0.1586
PDHA1	NDRG3	3	0.0142	0.4981
RAB11A	NDRG3	3	0.6902	0.0993
EGFR	SWAP70	3	0.1452	0.3800
PDHA1	MLX	3	0.3333	0.2563
RAB11A	MLX	3	0.3333	0.2563
EGFR	SUN2	3	0.0013	0.5358
RAB11A	SUN2	3	0.0148	0.4968
EGFR	RSL24D1	3	0.0720	0.4309
EGFR	LIMA1	3	0.6157	0.1559
PDHA1	LIMA1	3	0.1508	0.3771
RAB11A	LIMA1	3	0.5686	0.1699
EGFR	SRP68	3	0.7720	0.0534
PDHA1	SRP68	3	0.4704	0.2031
RAB11A	SRP68	3	0.6834	0.1033
EGFR	CHORDC1	3	0.5368	0.1808
PDHA1	CHORDC1	3	0.0358	0.4671
RAB11A	CHORDC1	3	0.3599	0.2440
EGFR	TBK1	3	0.1223	0.3922
PDHA1	TBK1	3	0.0050	0.5196
RAB11A	TBK1	3	0.2413	0.3399
EGFR	SEPTIN9	3	1.0000	0.0000
RAB11A	SEPTIN9	3	0.1124	0.3994
EGFR	DDX20	3	0.7606	0.0595
PDHA1	DDX20	3	0.1821	0.3628
RAB11A	DDX20	3	0.7899	0.0446
EGFR	ADAMTS1	3	0.3333	0.2563
EGFR	CEMIP2	3	0.0095	0.5074
RAB11A	CEMIP2	3	0.1559	0.3750
EGFR	NARF	3	0.2516	0.3359
RAB11A	NARF	3	0.4490	0.2101
EGFR	BAIAP2L1	3	0.9196	0.0067
RAB11A	BAIAP2L1	3	0.8905	0.0109
PDHA1	SAP30BP	3	0.0000	0.5559
RAB11A	SAP30BP	3	0.0000	0.5559
EGFR	PFDN2	3	1.0000	0.0000
PDHA1	PFDN2	3	1.0000	0.0000
EGFR	GPN3	3	0.0000	0.5559
EGFR	SLC12A6	3	1.0000	0.0000
RAB11A	SLC12A6	3	1.0000	0.0000
EGFR	PUF60	3	0.0000	0.5559
PDHA1	PUF60	3	0.0000	0.5559
RAB11A	PUF60	3	0.0000	0.5559
EGFR	NRBP1	3	0.0011	0.5371
RAB11A	NRBP1	3	0.0179	0.4909
EGFR	ENOPH1	3	0.6146	0.1563
PDHA1	ENOPH1	3	0.1469	0.3791
RAB11A	ENOPH1	3	0.7085	0.0885
EGFR	NDUFA12	3	0.3333	0.2563
PDHA1	NDUFA12	3	1.0000	0.0000
EGFR	EIF2B4	3	0.5946	0.1618
PDHA1	EIF2B4	3	0.7679	0.0559
EGFR	ATP6V1H	3	0.0988	0.4091
PDHA1	ATP6V1H	3	0.0001	0.5518
RAB11A	ATP6V1H	3	0.0495	0.4528
RAB11A	RABAC1	3	0.3333	0.2563
EGFR	IPO11	3	0.0126	0.5009
RAB11A	IPO11	3	0.1758	0.3649
EGFR	TRMT112	3	0.3347	0.2557
PDHA1	TRMT112	3	0.1720	0.3670
RAB11A	TRMT112	3	0.4457	0.2113
PDHA1	GLS2	3	0.3333	0.2563
EGFR	XPO7	3	0.0678	0.4344
RAB11A	XPO7	3	0.2167	0.3491
EGFR	LCMT1	3	0.3333	0.2563
PDHA1	LCMT1	3	0.3333	0.2563
RAB11A	LCMT1	3	0.3333	0.2563
EGFR	VPS51	3	0.8276	0.0278
PDHA1	VPS51	3	0.0165	0.4932
RAB11A	VPS51	3	1.0000	0.0000
EGFR	BAZ2A	3	0.0007	0.5414
RAB11A	BAZ2A	3	0.0022	0.5303
EGFR	BAZ1B	3	0.0000	0.5559
RAB11A	BAZ1B	3	0.0011	0.5371
EGFR	SLCO3A1	3	1.0000	0.0000
RAB11A	SLCO3A1	3	1.0000	0.0000
EGFR	HERC5	3	0.3316	0.3064
RAB11A	HERC5	3	0.6673	0.1111
PDHA1	AK3	3	0.6667	0.1114
RAB11A	SCOC	3	0.3333	0.2563
EGFR	LNPEP	3	1.0000	0.0000
PDHA1	LNPEP	3	0.3134	0.3141
RAB11A	LNPEP	3	1.0000	0.0000
RAB11A	CNOT7	3	0.6667	0.1114
EGFR	PLXNA1	3	1.0000	0.0000
RAB11A	PLXNA1	3	1.0000	0.0000
EGFR	RWDD2A	3	0.0016	0.5339
RAB11A	RWDD2A	3	0.1063	0.4037
RAB11A	RABGEF1	3	1.0000	0.0000
RAB11A	MCM8	3	0.0073	0.5129
EGFR	TRMT6	3	0.0012	0.5365
PDHA1	TRMT6	3	0.0000	0.5559
RAB11A	TRMT6	3	0.0332	0.4701
EGFR	HOOK1	3	0.1147	0.3977
PDHA1	HOOK1	3	0.0004	0.5449
RAB11A	HOOK1	3	0.1350	0.3854
EGFR	RASAL2	3	1.0000	0.0000
RAB11A	RASAL2	3	0.4195	0.2213
RAB11A	TSR3	3	0.3333	0.2563
EGFR	ERRFI1	3	1.0000	0.0000
EGFR	SLC25A13	3	0.7259	0.0787
PDHA1	SLC25A13	3	0.4698	0.2034
RAB11A	SLC25A13	3	0.7245	0.0797
EGFR	DBNL	3	0.8256	0.0284
PDHA1	DBNL	3	0.2228	0.3466
RAB11A	DBNL	3	0.9149	0.0073
EGFR	DDX41	3	0.0094	0.5078
PDHA1	DDX41	3	0.0390	0.4637
RAB11A	DDX41	3	0.2370	0.3415
EGFR	CDC23	3	0.0015	0.5346
RAB11A	CDC23	3	0.0256	0.4788
EGFR	ANAPC7	3	0.0019	0.5324
RAB11A	ANAPC7	3	0.0004	0.5449
EGFR	ANAPC5	3	0.0036	0.5245
RAB11A	ANAPC5	3	0.0015	0.5346
RAB11A	ANAPC4	3	0.0001	0.5518
RAB11A	ANAPC2	3	0.0418	0.4607
EGFR	GGA2	3	0.0905	0.4155
RAB11A	GGA2	3	0.6598	0.1399
EGFR	GGA1	3	1.0000	0.0000
RAB11A	GGA1	3	1.0000	0.0000
EGFR	STOML2	3	0.5748	0.1682
PDHA1	STOML2	3	0.8593	0.0177
RAB11A	STOML2	3	0.6975	0.0950
EGFR	RPS6KA6	3	0.0512	0.4506
RAB11A	NOCT	3	0.6667	0.1114
EGFR	VPS28	3	0.3333	0.2563
PDHA1	TASOR	3	0.0000	0.5559
RAB11A	TASOR	3	0.0000	0.5559
EGFR	JPT1	3	0.0101	0.5064
RAB11A	JPT1	3	0.0164	0.4936
EGFR	FBXO9	3	0.0935	0.4137
RAB11A	FBXO9	3	0.0023	0.5297
RAB11A	FBXL4	3	0.3294	0.3073
EGFR	AKAP11	3	0.1090	0.4018
PDHA1	AKAP11	3	0.0004	0.5449
RAB11A	AKAP11	3	0.1063	0.4037
EGFR	DNAJC12	3	0.0627	0.4386
RAB11A	DNAJC12	3	0.1029	0.4064
EGFR	MRTO4	3	0.4661	0.2040
PDHA1	MRTO4	3	0.3239	0.3102
RAB11A	MRTO4	3	0.9687	0.0017
EGFR	TNIK	3	1.0000	0.0000
RAB11A	TNIK	3	0.1677	0.3692
EGFR	CPSF3	3	0.0127	0.5006
PDHA1	CPSF3	3	0.0000	0.5559
RAB11A	CPSF3	3	0.0492	0.4532
EGFR	APPL1	3	0.8722	0.0135
RAB11A	APPL1	3	0.9068	0.0084
EGFR	CDC42EP3	3	0.6667	0.1114
RAB11A	GPATCH8	3	0.0000	0.5559
RAB11A	NUDT5	3	0.0069	0.5138
EGFR	RCOR1	3	0.0012	0.5365
RAB11A	MAN1B1	3	1.0000	0.0000
EGFR	RALY	3	0.7900	0.0445
PDHA1	RALY	3	0.3122	0.3146
RAB11A	RALY	3	0.4369	0.2147
RAB11A	GTF3C4	3	0.0004	0.5449
RAB11A	PACSIN3	3	0.1370	0.3839
EGFR	FBXO5	3	0.0098	0.5069
RAB11A	FBXO5	3	0.0000	0.5559
EGFR	ACIN1	3	0.5904	0.1627
PDHA1	ACIN1	3	0.5183	0.1868
RAB11A	ACIN1	3	0.7699	0.0547
EGFR	AGO2	3	0.3568	0.2457
PDHA1	AGO2	3	0.0041	0.5226
RAB11A	AGO2	3	0.0171	0.4920
EGFR	VAV3	3	0.3333	0.2563
EGFR	NUP50	3	0.5791	0.1666
RAB11A	NUP50	3	0.6812	0.1041
EGFR	CDV3	3	0.0000	0.5559
RAB11A	CDV3	3	0.0005	0.5435
RAB11A	BAG5	3	0.0232	0.4816
EGFR	RAB21	3	0.6793	0.1056
PDHA1	RAB21	3	0.1193	0.3950
RAB11A	RAB21	3	0.6140	0.1563
RAB11A	TRAPPC2L	3	1.0000	0.0000
EGFR	PNMA2	3	0.0264	0.4776
EGFR	PSME2	3	0.4141	0.2230
PDHA1	PSME2	3	0.1253	0.3902
RAB11A	PSME2	3	0.5950	0.1617
EGFR	TAOK2	3	0.9942	0.0003
RAB11A	TAOK2	3	0.6655	0.1375
EGFR	MKLN1	3	0.7056	0.0902
PDHA1	MKLN1	3	0.2743	0.3279
RAB11A	MKLN1	3	0.9881	0.0007
PDHA1	DNPEP	3	0.0768	0.4263
RAB11A	DNPEP	3	0.6662	0.1372
EGFR	RAB23	3	1.0000	0.0000
RAB11A	RAB23	3	1.0000	0.0000
EGFR	MCTS1	3	0.6667	0.1114
RAB11A	MTUS1	3	0.0148	0.4968
RAB11A	INTU	3	0.4335	0.2161
EGFR	PALD1	3	0.2424	0.3395
PDHA1	PALD1	3	0.0020	0.5317
RAB11A	PALD1	3	0.9998	0.0000
EGFR	SLC39A10	3	1.0000	0.0000
RAB11A	SLC39A10	3	1.0000	0.0000
EGFR	KIDINS220	3	1.0000	0.0000
RAB11A	KIDINS220	3	1.0000	0.0000
EGFR	ASAP1	3	1.0000	0.0000
EGFR	RIMKLB	3	0.0000	0.5559
PDHA1	RIMKLB	3	0.0002	0.5491
RAB11A	RIMKLB	3	0.0036	0.5245
RAB11A	HEG1	3	1.0000	0.0000
EGFR	KIF26A	3	1.0000	0.0000
RAB11A	KIF26A	3	0.6667	0.1114
EGFR	ANKRD50	3	1.0000	0.0000
RAB11A	ANKRD50	3	0.3333	0.2563
EGFR	PPP1R9A	3	1.0000	0.0000
RAB11A	PPP1R9A	3	0.1931	0.3579
EGFR	GRID1	3	0.3333	0.2563
RAB11A	MED23	3	0.0000	0.5559
EGFR	VANGL2	3	1.0000	0.0000
RAB11A	VANGL2	3	0.6667	0.1114
EGFR	PLEKHG1	3	0.0000	0.5559
RAB11A	PLEKHG1	3	0.0136	0.4988
EGFR	PRR12	3	0.0000	0.5559
RAB11A	PRR12	3	0.0000	0.5559
EGFR	YEATS2	3	0.0000	0.5559
RAB11A	YEATS2	3	0.0000	0.5559
EGFR	TBC1D24	3	0.6667	0.1114
PDHA1	TBC1D24	3	0.3333	0.2563
EGFR	TMCC3	3	1.0000	0.0000
RAB11A	TMCC3	3	0.7168	0.0843
EGFR	HECTD1	3	0.0002	0.5491
RAB11A	HECTD1	3	0.0067	0.5146
EGFR	CADPS	3	0.3333	0.2563
RAB11A	CADPS	3	0.3333	0.2563
EGFR	MYO5B	3	0.0185	0.4899
RAB11A	MYO5B	3	1.0000	0.0000
EGFR	CORO1C	3	0.7524	0.0637
PDHA1	CORO1C	3	0.4161	0.2226
RAB11A	CORO1C	3	0.7425	0.0693
EGFR	TPX2	3	0.3867	0.2339
PDHA1	TPX2	3	0.0446	0.4579
RAB11A	TPX2	3	0.6179	0.1552
EGFR	AKAP8L	3	0.6902	0.0993
PDHA1	AKAP8L	3	0.2606	0.3332
RAB11A	AKAP8L	3	0.7418	0.0698
EGFR	MYO6	3	0.8692	0.0144
RAB11A	MYO6	3	0.8600	0.0176
RAB11A	KMT2B	3	0.0000	0.5559
PDHA1	NFU1	3	0.6977	0.0947
RAB11A	NFU1	3	0.0914	0.4150
EGFR	PRPF19	3	0.6118	0.1572
PDHA1	PRPF19	3	0.1468	0.3791
RAB11A	PRPF19	3	0.7082	0.0887
PDHA1	NOL7	3	0.0939	0.4131
RAB11A	NOL7	3	0.6566	0.1413
EGFR	SYNRG	3	0.0963	0.4113
RAB11A	SYNRG	3	0.9997	0.0000
EGFR	SCML1	3	0.1154	0.3974
PDHA1	SCML1	3	0.0078	0.5118
RAB11A	SCML1	3	0.5625	0.1718
EGFR	VPS4A	3	0.0125	0.5010
RAB11A	VPS4A	3	0.0639	0.4370
RAB11A	ARHGAP26	3	0.6667	0.1114
EGFR	STUB1	3	0.5412	0.1790
PDHA1	STUB1	3	0.1601	0.3731
RAB11A	STUB1	3	0.6357	0.1491
EGFR	PACSIN2	3	0.0044	0.5216
RAB11A	PACSIN2	3	0.3867	0.2339
EGFR	MAGED2	3	0.0182	0.4904
PDHA1	MAGED2	3	0.0003	0.5468
RAB11A	MAGED2	3	0.1967	0.3571
EGFR	SNX6	3	0.5177	0.1873
RAB11A	SNX6	3	0.9997	0.0000
EGFR	DUSP12	3	0.0016	0.5339
EGFR	STX8	3	0.3333	0.2563
RAB11A	STX8	3	1.0000	0.0000
EGFR	PSMD13	3	0.4464	0.2112
PDHA1	PSMD13	3	0.3440	0.2514
RAB11A	PSMD13	3	0.7189	0.0833
EGFR	FAF1	3	0.3333	0.2563
RAB11A	FAF1	3	0.6667	0.1114
EGFR	DIMT1	3	0.0090	0.5092
PDHA1	DIMT1	3	0.0228	0.4822
RAB11A	DIMT1	3	0.1883	0.3599
RAB11A	TIMELESS	3	0.0000	0.5559
EGFR	COPS3	3	0.3617	0.2433
PDHA1	COPS3	3	0.1270	0.3892
RAB11A	COPS3	3	0.3422	0.2522
PDHA1	MINPP1	3	0.3333	0.2563
RAB11A	MINPP1	3	0.3333	0.2563
EGFR	WDR3	3	0.6471	0.1450
PDHA1	WDR3	3	0.3396	0.2534
RAB11A	WDR3	3	0.7066	0.0897
EGFR	TTF2	3	0.6990	0.0941
RAB11A	TTF2	3	0.5977	0.1606
RAB11A	NSFL1C	3	0.0001	0.5518
RAB11A	SLC12A4	3	1.0000	0.0000
RAB11A	AP4E1	3	0.3333	0.2563
EGFR	MACF1	3	0.5302	0.1836
RAB11A	MACF1	3	0.0182	0.4904
RAB11A	CEP131	3	0.0000	0.5559
RAB11A	SCAF8	3	0.0000	0.5559
EGFR	PPP6R1	3	0.0001	0.5518
RAB11A	PPP6R1	3	0.0104	0.5057
RAB11A	TRIM33	3	0.0000	0.5559
RAB11A	PHF8	3	0.0000	0.5559
EGFR	LIMCH1	3	0.3284	0.3079
RAB11A	LIMCH1	3	0.0068	0.5144
EGFR	AGAP1	3	0.6667	0.1114
RAB11A	AGAP1	3	0.3333	0.2563
RAB11A	DOLK	3	0.0021	0.5311
EGFR	TNRC6B	3	0.0086	0.5102
RAB11A	TNRC6B	3	0.0001	0.5518
EGFR	PLCL2	3	1.0000	0.0000
RAB11A	PLCL2	3	0.6667	0.1114
EGFR	SETD1B	3	0.0001	0.5518
PDHA1	SETD1B	3	0.0000	0.5559
EGFR	ANKRD26	3	1.0000	0.0000
RAB11A	ANKRD26	3	0.1837	0.3620
EGFR	EXOC7	3	1.0000	0.0000
RAB11A	EXOC7	3	1.0000	0.0000
EGFR	ZC3H4	3	0.0003	0.5468
EGFR	USP22	3	0.0000	0.5559
RAB11A	USP22	3	0.0002	0.5491
EGFR	USP24	3	0.0854	0.4199
RAB11A	USP24	3	0.4317	0.2171
EGFR	TBC1D2B	3	0.7172	0.0841
RAB11A	TBC1D2B	3	1.0000	0.0000
EGFR	CEP164	3	0.0003	0.5468
RAB11A	CEP164	3	0.0199	0.4869
EGFR	AGTPBP1	3	0.0001	0.5518
RAB11A	AGTPBP1	3	0.0003	0.5468
EGFR	SHANK2	3	0.3333	0.2563
EGFR	DICER1	3	0.0092	0.5085
PDHA1	DICER1	3	0.0001	0.5518
RAB11A	DICER1	3	0.0760	0.4275
EGFR	MAPRE3	3	0.0236	0.4811
PDHA1	MAPRE3	3	0.2570	0.3344
RAB11A	DNM3	3	0.0005	0.5435
EGFR	SRRM2	3	0.6189	0.1547
PDHA1	SRRM2	3	0.6765	0.1067
RAB11A	SRRM2	3	0.7164	0.0844
EGFR	PA2G4	3	0.7018	0.0922
PDHA1	PA2G4	3	0.2833	0.3251
RAB11A	PA2G4	3	0.6498	0.1444
EGFR	EXO1	3	0.0004	0.5449
EGFR	BAIAP2	3	1.0000	0.0000
EGFR	GAB2	3	0.3333	0.2563
EGFR	SMC3	3	0.3597	0.2442
PDHA1	SMC3	3	0.2106	0.3517
RAB11A	SMC3	3	0.4614	0.2056
EGFR	SCML2	3	0.3004	0.3193
PDHA1	SCML2	3	0.0110	0.5041
RAB11A	SCML2	3	0.5707	0.1692
EGFR	MTMR6	3	0.0115	0.5030
RAB11A	MTMR6	3	0.3688	0.2407
EGFR	JAG2	3	1.0000	0.0000
RAB11A	JAG2	3	1.0000	0.0000
EGFR	NIP7	3	0.8415	0.0231
PDHA1	NIP7	3	0.4911	0.1960
RAB11A	NIP7	3	0.8507	0.0203
EGFR	GNE	3	0.0981	0.4097
RAB11A	GNE	3	0.0625	0.4388
EGFR	RTRAF	3	0.6755	0.1074
PDHA1	RTRAF	3	0.1889	0.3596
RAB11A	RTRAF	3	0.6403	0.1474
EGFR	RUVBL2	3	0.8159	0.0317
PDHA1	RUVBL2	3	0.6956	0.0960
RAB11A	RUVBL2	3	0.8484	0.0211
EGFR	PDE10A	3	0.3333	0.2563
EGFR	PIN4	3	0.6667	0.1114
PDHA1	PIN4	3	0.2398	0.3406
RAB11A	PIN4	3	0.3333	0.2563
EGFR	LZTS1	3	0.6667	0.1114
RAB11A	LZTS1	3	1.0000	0.0000
EGFR	EIF3L	3	0.6347	0.1496
PDHA1	EIF3L	3	0.6969	0.0955
RAB11A	EIF3L	3	0.7451	0.0678
EGFR	PLAA	3	0.3328	0.3051
RAB11A	PLAA	3	0.3333	0.2563
EGFR	RUVBL1	3	0.8059	0.0356
PDHA1	RUVBL1	3	0.7856	0.0466
RAB11A	RUVBL1	3	0.8785	0.0122
EGFR	NUDC	3	0.1895	0.3594
PDHA1	NUDC	3	0.0186	0.4897
RAB11A	NUDC	3	0.3641	0.2425
EGFR	RASD1	3	0.4613	0.2057
RAB11A	RASD1	3	0.2673	0.3305
EGFR	BCS1L	3	0.3333	0.2563
PDHA1	BCS1L	3	1.0000	0.0000
EGFR	VDAC3	3	0.4588	0.2065
PDHA1	VDAC3	3	0.0815	0.4224
RAB11A	VDAC3	3	0.6802	0.1049
EGFR	CFL2	3	0.7929	0.0432
PDHA1	CFL2	3	0.7864	0.0464
RAB11A	CFL2	3	0.8775	0.0125
EGFR	FARSA	3	0.7046	0.0905
PDHA1	FARSA	3	0.3091	0.3156
RAB11A	FARSA	3	0.7156	0.0850
RAB11A	ITM2B	3	0.3333	0.2563
RAB11A	SLC5A6	3	0.6667	0.1114
EGFR	ASF1A	3	0.5593	0.1729
PDHA1	ASF1A	3	0.6745	0.1079
RAB11A	ASF1A	3	0.6644	0.1382
EGFR	DRG1	3	0.7585	0.0607
PDHA1	DRG1	3	0.4265	0.2192
RAB11A	DRG1	3	0.7698	0.0548
EGFR	BTRC	3	0.0235	0.4813
RAB11A	BTRC	3	0.0000	0.5559
EGFR	NCKAP1	3	0.9436	0.0040
PDHA1	NCKAP1	3	0.0036	0.5245
RAB11A	NCKAP1	3	0.9877	0.0007
PDHA1	PKIG	3	0.2901	0.3224
EGFR	EXOC6B	3	0.3333	0.2563
RAB11A	EXOC6B	3	1.0000	0.0000
EGFR	AKAP2	3	0.3173	0.3129
RAB11A	AKAP2	3	0.0010	0.5381
EGFR	SSX2IP	3	0.0553	0.4464
PDHA1	SSX2IP	3	0.0003	0.5468
RAB11A	SSX2IP	3	0.0554	0.4462
EGFR	DIP2C	3	0.3479	0.2501
RAB11A	ICE1	3	0.0000	0.5559
EGFR	EFR3B	3	1.0000	0.0000
RAB11A	MYRF	3	1.0000	0.0000
RAB11A	ATP11B	3	0.3333	0.2563
EGFR	DNAJC16	3	0.0752	0.4281
PDHA1	DNAJC16	3	0.3327	0.3052
RAB11A	DNAJC16	3	0.9917	0.0004
EGFR	INPP5F	3	0.9652	0.0020
RAB11A	INPP5F	3	1.0000	0.0000
EGFR	FNDC3A	3	1.0000	0.0000
RAB11A	FNDC3A	3	0.6667	0.1114
EGFR	NISCH	3	0.8985	0.0095
RAB11A	NISCH	3	0.9122	0.0076
RAB11A	NINL	3	0.0000	0.5559
EGFR	PIKFYVE	3	0.0090	0.5092
RAB11A	PIKFYVE	3	0.4701	0.2031
EGFR	WDR37	3	0.0001	0.5518
RAB11A	WDR37	3	0.0095	0.5074
EGFR	EPB41L3	3	1.0000	0.0000
RAB11A	EPB41L3	3	0.4001	0.2285
EGFR	USP20	3	0.0164	0.4936
RAB11A	USP20	3	0.0078	0.5118
EGFR	DIS3	3	0.6978	0.0946
PDHA1	DIS3	3	0.1239	0.3909
RAB11A	DIS3	3	0.6320	0.1505
EGFR	TRAPPC8	3	0.1383	0.3832
PDHA1	TRAPPC8	3	0.0237	0.4809
RAB11A	TRAPPC8	3	1.0000	0.0000
EGFR	LRCH1	3	0.1943	0.3575
EGFR	KLHL20	3	0.6667	0.1114
EGFR	RCL1	3	0.0376	0.4658
RAB11A	RCL1	3	0.0540	0.4474
RAB11A	ATP8A1	3	1.0000	0.0000
EGFR	GSTK1	3	0.6920	0.0982
PDHA1	GSTK1	3	0.8724	0.0134
RAB11A	GSTK1	3	0.6724	0.1089
EGFR	MRPS28	3	0.4681	0.2036
PDHA1	MRPS28	3	1.0000	0.0000
RAB11A	MRPS28	3	0.2743	0.3279
EGFR	DDX52	3	0.5845	0.1652
PDHA1	DDX52	3	0.1897	0.3593
RAB11A	DDX52	3	0.6396	0.1479
EGFR	MRPS17	3	0.3333	0.2563
PDHA1	MRPS17	3	1.0000	0.0000
RAB11A	MRPS17	3	0.6667	0.1114
PDHA1	MRPS7	3	1.0000	0.0000
EGFR	POLDIP2	3	0.8303	0.0271
PDHA1	POLDIP2	3	0.9485	0.0035
RAB11A	POLDIP2	3	0.7724	0.0530
EGFR	AP3M1	3	0.8333	0.0258
PDHA1	AP3M1	3	0.5860	0.1646
RAB11A	AP3M1	3	0.8142	0.0325
EGFR	LEMD3	3	0.6744	0.1080
PDHA1	LEMD3	3	0.2097	0.3523
RAB11A	LEMD3	3	0.7245	0.0797
EGFR	CARHSP1	3	0.3006	0.3192
PDHA1	CARHSP1	3	0.2923	0.3218
RAB11A	CARHSP1	3	0.8516	0.0198
EGFR	COG6	3	0.0313	0.4723
RAB11A	COG6	3	0.0015	0.5346
EGFR	THRAP3	3	0.0000	0.5559
PDHA1	THRAP3	3	0.0000	0.5559
RAB11A	THRAP3	3	0.0002	0.5491
PDHA1	TDRKH	3	0.0287	0.4757
RAB11A	TDRKH	3	1.0000	0.0000
EGFR	NOP58	3	0.3418	0.2526
PDHA1	NOP58	3	0.0376	0.4658
RAB11A	NOP58	3	0.5017	0.1921
EGFR	GIT1	3	0.0043	0.5220
RAB11A	GIT1	3	0.0000	0.5559
EGFR	ZNF281	3	0.0000	0.5559
RAB11A	ZNF281	3	0.0000	0.5559
EGFR	ARL2BP	3	0.6295	0.1513
PDHA1	ARL2BP	3	0.2404	0.3403
RAB11A	ARL2BP	3	0.7415	0.0699
EGFR	SUGT1	3	0.3410	0.2530
PDHA1	SUGT1	3	0.0193	0.4879
RAB11A	SUGT1	3	0.4328	0.2163
PDHA1	MTO1	3	0.0049	0.5202
RAB11A	MTO1	3	0.0032	0.5260
EGFR	YARS2	3	0.1299	0.3876
PDHA1	YARS2	3	0.9999	0.0000
RAB11A	YARS2	3	0.6917	0.0984
PDHA1	COQ6	3	0.0232	0.4816
RAB11A	COQ6	3	0.3315	0.3065
EGFR	ACOT9	3	0.5221	0.1858
PDHA1	ACOT9	3	0.9264	0.0058
RAB11A	ACOT9	3	0.7944	0.0420
EGFR	AAR2	3	0.0440	0.4588
PDHA1	AAR2	3	0.0021	0.5311
RAB11A	AAR2	3	0.1124	0.3994
EGFR	NOSIP	3	0.1905	0.3589
PDHA1	NOSIP	3	0.0221	0.4833
RAB11A	NOSIP	3	0.0191	0.4883
EGFR	MEMO1	3	0.4423	0.2127
PDHA1	MEMO1	3	0.0964	0.4112
RAB11A	MEMO1	3	0.6154	0.1561
RAB11A	SNX24	3	0.0560	0.4456
EGFR	SH3GLB1	3	0.9901	0.0005
PDHA1	SH3GLB1	3	0.2579	0.3340
RAB11A	SH3GLB1	3	0.9959	0.0001
EGFR	NDUFAF1	3	1.0000	0.0000
PDHA1	NDUFAF1	3	1.0000	0.0000
RAB11A	NDUFAF1	3	1.0000	0.0000
EGFR	LUC7L2	3	0.0695	0.4331
PDHA1	LUC7L2	3	0.2660	0.3311
RAB11A	LUC7L2	3	0.2957	0.3210
EGFR	UBE2J1	3	1.0000	0.0000
EGFR	DHRS7	3	1.0000	0.0000
RAB11A	DHRS7	3	1.0000	0.0000
PDHA1	MRPS2	3	1.0000	0.0000
RAB11A	MRPS2	3	0.6667	0.1114
RAB11A	UTP11	3	0.0420	0.4603
EGFR	RRP7A	3	0.9388	0.0044
PDHA1	RRP7A	3	0.0029	0.5270
RAB11A	RRP7A	3	0.8677	0.0148
EGFR	SBDS	3	0.5780	0.1671
PDHA1	SBDS	3	0.0602	0.4416
RAB11A	SBDS	3	0.6976	0.0949
EGFR	EXOSC1	3	0.9747	0.0014
PDHA1	EXOSC1	3	0.4899	0.1970
RAB11A	EXOSC1	3	0.3091	0.3156
EGFR	SF3B6	3	0.0003	0.5468
PDHA1	SF3B6	3	0.0000	0.5559
RAB11A	SF3B6	3	0.0005	0.5435
PDHA1	MRPL11	3	0.3333	0.2563
EGFR	RRP15	3	0.3326	0.3054
PDHA1	RRP15	3	0.3333	0.2563
PDHA1	NOP16	3	0.0472	0.4553
RAB11A	NOP16	3	0.3935	0.2313
RAB11A	RNF11	3	0.3333	0.2563
EGFR	PPIL1	3	0.6240	0.1529
PDHA1	PPIL1	3	0.1124	0.3994
RAB11A	PPIL1	3	0.8708	0.0138
EGFR	UFC1	3	0.0634	0.4380
PDHA1	UFC1	3	0.0041	0.5226
RAB11A	UFC1	3	0.3419	0.2525
EGFR	MSRB2	3	0.0730	0.4301
PDHA1	MSRB2	3	0.1587	0.3740
RAB11A	MSRB2	3	0.4715	0.2027
PDHA1	PAM16	3	1.0000	0.0000
EGFR	AK6	3	0.9980	0.0001
RAB11A	AK6	3	0.9351	0.0048
PDHA1	MRPS23	3	1.0000	0.0000
EGFR	BOLA1	3	0.6667	0.1114
RAB11A	BOLA1	3	0.3333	0.2563
EGFR	PTRH2	3	0.0303	0.4735
RAB11A	PTRH2	3	0.0935	0.4137
EGFR	STRAP	3	0.3062	0.3168
PDHA1	STRAP	3	0.0917	0.4148
RAB11A	STRAP	3	0.6044	0.1589
EGFR	RTCB	3	0.7950	0.0416
PDHA1	RTCB	3	0.3231	0.3107
RAB11A	RTCB	3	0.4903	0.1967
EGFR	FBXO7	3	0.0498	0.4523
RAB11A	FBXO7	3	0.1158	0.3973
EGFR	RHBDD3	3	0.6667	0.1114
RAB11A	RHBDD3	3	0.3333	0.2563
EGFR	RABGAP1	3	0.1226	0.3920
RAB11A	RABGAP1	3	1.0000	0.0000
EGFR	GRIP1	3	0.2785	0.3265
RAB11A	GRIP1	3	0.5249	0.1853
EGFR	DOP1B	3	0.0394	0.4632
RAB11A	DOP1B	3	1.0000	0.0000
EGFR	R3HCC1	3	0.3333	0.2563
RAB11A	R3HCC1	3	0.3333	0.2563
RAB11A	NOC2L	3	0.0000	0.5559
EGFR	RPL36	3	0.5104	0.1892
PDHA1	RPL36	3	0.1095	0.4014
RAB11A	RPL36	3	0.6323	0.1504
EGFR	SAMHD1	3	0.3368	0.2548
PDHA1	SAMHD1	3	0.0411	0.4616
RAB11A	SAMHD1	3	0.5652	0.1707
EGFR	HBS1L	3	0.8475	0.0215
RAB11A	HBS1L	3	0.8481	0.0212
RAB11A	ZNF711	3	0.0000	0.5559
EGFR	SALL2	3	0.0000	0.5559
RAB11A	SALL2	3	0.0000	0.5559
EGFR	PRKAB1	3	0.5697	0.1696
RAB11A	PRKAB1	3	0.7591	0.0604
EGFR	WDR45	3	0.0335	0.4697
RAB11A	WDR45	3	0.7116	0.0867
EGFR	DMXL1	3	0.1194	0.3949
RAB11A	DMXL1	3	0.9916	0.0004
EGFR	ATP6V0A2	3	0.3333	0.2563
RAB11A	ATP6V0A2	3	0.6667	0.1114
EGFR	TLN1	3	0.8038	0.0365
PDHA1	TLN1	3	0.3395	0.2535
RAB11A	TLN1	3	0.7726	0.0529
RAB11A	KIF3A	3	0.0000	0.5559
EGFR	TRRAP	3	0.0027	0.5278
PDHA1	TRRAP	3	0.0000	0.5559
RAB11A	TRRAP	3	0.0184	0.4900
EGFR	TCAF1	3	0.0069	0.5138
RAB11A	TCAF1	3	0.0121	0.5020
EGFR	MFHAS1	3	0.3333	0.2563
EGFR	DAAM1	3	1.0000	0.0000
RAB11A	PLXND1	3	1.0000	0.0000
RAB11A	HECTD4	3	0.0272	0.4768
EGFR	WASHC2C	3	0.1267	0.3893
RAB11A	WASHC2C	3	0.0636	0.4376
EGFR	WDR7	3	0.9423	0.0042
RAB11A	WDR7	3	1.0000	0.0000
EGFR	USP15	3	0.5411	0.1791
RAB11A	USP15	3	0.7822	0.0482
EGFR	FARP1	3	0.9989	0.0000
RAB11A	FARP1	3	0.8370	0.0248
EGFR	MARF1	3	0.0000	0.5559
RAB11A	MARF1	3	0.0030	0.5266
EGFR	TLN2	3	0.6667	0.1114
EGFR	IRS2	3	0.0272	0.4768
RAB11A	IRS2	3	0.0459	0.4565
EGFR	MYO5A	3	0.0801	0.4233
RAB11A	MYO5A	3	1.0000	0.0000
EGFR	DTNA	3	0.9999	0.0000
PDHA1	DTNA	3	0.3333	0.2563
RAB11A	DTNA	3	0.1728	0.3666
EGFR	CRYBG1	3	0.3333	0.2563
RAB11A	CRYBG1	3	0.3333	0.2563
EGFR	MAP4K5	3	0.9961	0.0001
RAB11A	MAP4K5	3	0.1065	0.4035
EGFR	HYOU1	3	0.6667	0.1114
RAB11A	ATG4B	3	0.6667	0.1114
EGFR	TBL2	3	0.6032	0.1592
PDHA1	TBL2	3	0.1940	0.3577
RAB11A	TBL2	3	0.6607	0.1393
EGFR	WIPI2	3	0.0544	0.4473
RAB11A	WIPI2	3	0.3091	0.3156
EGFR	TELO2	3	0.0703	0.4326
RAB11A	TELO2	3	0.0382	0.4652
EGFR	LAS1L	3	0.0214	0.4844
PDHA1	LAS1L	3	0.0001	0.5518
RAB11A	LAS1L	3	0.0500	0.4520
PDHA1	AFG3L2	3	1.0000	0.0000
EGFR	ARIH1	3	0.3333	0.2563
PDHA1	ARIH1	3	0.6667	0.1114
RAB11A	ARIH1	3	0.6667	0.1114
RAB11A	LSM4	3	0.3333	0.2563
RAB11A	RNF114	3	0.6667	0.1114
EGFR	SAMM50	3	0.6667	0.1114
RAB11A	TMEM184B	3	1.0000	0.0000
EGFR	PRRC2C	3	0.8307	0.0270
PDHA1	PRRC2C	3	0.0973	0.4105
RAB11A	PRRC2C	3	0.8323	0.0264
RAB11A	LRRC42	3	0.0023	0.5297
EGFR	PPME1	3	0.2110	0.3516
PDHA1	PPME1	3	0.2160	0.3496
RAB11A	PPME1	3	0.5050	0.1909
EGFR	KCTD3	3	0.3333	0.2563
RAB11A	NUB1	3	0.0045	0.5215
EGFR	YTHDF2	3	0.6907	0.0990
PDHA1	YTHDF2	3	0.1127	0.3994
RAB11A	YTHDF2	3	0.7092	0.0881
EGFR	CTDP1	3	0.2824	0.3252
RAB11A	PAXBP1	3	0.0000	0.5559
EGFR	SUPT16H	3	0.6089	0.1580
PDHA1	SUPT16H	3	0.1129	0.3990
RAB11A	SUPT16H	3	0.6241	0.1529
EGFR	PCDHGA11	3	1.0000	0.0000
RAB11A	PCDHGA11	3	1.0000	0.0000
EGFR	UTP18	3	0.4886	0.1973
PDHA1	UTP18	3	0.3872	0.2335
RAB11A	UTP18	3	0.8197	0.0304
PDHA1	TIMM8B	3	0.6667	0.1114
EGFR	UCHL5	3	0.4874	0.1978
PDHA1	UCHL5	3	0.0835	0.4210
RAB11A	UCHL5	3	0.6697	0.1101
EGFR	CD2AP	3	0.2407	0.3401
PDHA1	CD2AP	3	0.0101	0.5064
RAB11A	CD2AP	3	0.9281	0.0055
EGFR	TNPO3	3	0.0441	0.4586
PDHA1	TNPO3	3	0.0018	0.5328
RAB11A	TNPO3	3	0.2838	0.3249
PDHA1	TIMM13	3	1.0000	0.0000
EGFR	SRPRB	3	0.8009	0.0386
PDHA1	SRPRB	3	0.3618	0.2432
RAB11A	SRPRB	3	0.6688	0.1104
EGFR	CERT1	3	0.3333	0.2563
EGFR	GTF3C5	3	0.0006	0.5422
PDHA1	GTF3C5	3	0.0000	0.5559
RAB11A	GTF3C5	3	0.0041	0.5226
EGFR	GTF3C3	3	0.6713	0.1094
PDHA1	GTF3C3	3	0.4152	0.2227
RAB11A	GTF3C3	3	0.7716	0.0538
EGFR	CDC42BPB	3	0.9998	0.0000
RAB11A	CDC42BPB	3	0.4598	0.2061
EGFR	USP16	3	0.0003	0.5468
RAB11A	USP16	3	0.0645	0.4365
EGFR	MAGED1	3	0.0002	0.5491
PDHA1	MAGED1	3	0.0153	0.4956
RAB11A	MAGED1	3	0.0002	0.5491
EGFR	SNX14	3	0.3333	0.2563
RAB11A	SNX14	3	1.0000	0.0000
EGFR	SNX9	3	0.7116	0.0867
PDHA1	SNX9	3	0.4230	0.2200
RAB11A	SNX9	3	0.7357	0.0734
EGFR	SNX5	3	0.3333	0.2563
EGFR	FLVCR1	3	1.0000	0.0000
EGFR	NUBP2	3	0.8458	0.0220
PDHA1	NUBP2	3	0.2216	0.3469
RAB11A	NUBP2	3	0.8145	0.0323
EGFR	PUS1	3	0.8312	0.0268
PDHA1	PUS1	3	0.6227	0.1535
RAB11A	PUS1	3	0.8705	0.0139
EGFR	FHOD1	3	0.3506	0.2487
PDHA1	FHOD1	3	0.0524	0.4491
RAB11A	FHOD1	3	0.1238	0.3910
EGFR	PSAT1	3	0.6667	0.1114
EGFR	SLC25A15	3	0.0100	0.5065
PDHA1	SLC25A15	3	0.0158	0.4944
RAB11A	SLC25A15	3	0.1290	0.3882
RAB11A	RAD54B	3	0.0412	0.4614
EGFR	SLC12A7	3	1.0000	0.0000
RAB11A	SLC12A7	3	1.0000	0.0000
EGFR	ALG6	3	1.0000	0.0000
RAB11A	ALG6	3	1.0000	0.0000
RAB11A	ALG5	3	0.3224	0.3110
EGFR	MRPS18B	3	1.0000	0.0000
PDHA1	MRPS18B	3	1.0000	0.0000
RAB11A	MRPS18B	3	0.3333	0.2563
EGFR	COPG1	3	0.3960	0.2303
PDHA1	COPG1	3	0.0209	0.4850
RAB11A	COPG1	3	0.5827	0.1658
EGFR	AUP1	3	0.3333	0.2563
RAB11A	AUP1	3	1.0000	0.0000
EGFR	CLIC4	3	0.1205	0.3937
PDHA1	CLIC4	3	0.0024	0.5293
RAB11A	CLIC4	3	0.1224	0.3921
PDHA1	NFS1	3	1.0000	0.0000
RAB11A	NFS1	3	0.3333	0.2563
EGFR	CFAP20	3	0.9965	0.0001
PDHA1	CFAP20	3	0.8975	0.0098
RAB11A	CFAP20	3	0.9922	0.0004
EGFR	TACC3	3	0.0885	0.4171
PDHA1	TACC3	3	0.0005	0.5435
RAB11A	TACC3	3	0.3477	0.2503
EGFR	MTCH2	3	0.0503	0.4518
PDHA1	MTCH2	3	0.0137	0.4987
RAB11A	MTCH2	3	0.6512	0.1439
EGFR	ARFGEF2	3	0.1649	0.3705
PDHA1	ARFGEF2	3	0.0170	0.4924
RAB11A	ARFGEF2	3	0.8563	0.0183
EGFR	ARFGEF1	3	0.3333	0.2563
RAB11A	ARFGEF1	3	1.0000	0.0000
EGFR	STK24	3	0.0003	0.5468
PDHA1	MRPL42	3	1.0000	0.0000
RAB11A	COMMD10	3	0.0003	0.5468
EGFR	DYNC1LI1	3	0.7789	0.0494
PDHA1	DYNC1LI1	3	0.0322	0.4712
RAB11A	DYNC1LI1	3	0.6314	0.1507
EGFR	TEX264	3	1.0000	0.0000
RAB11A	TEX264	3	1.0000	0.0000
EGFR	CEPT1	3	1.0000	0.0000
RAB11A	CEPT1	3	0.9999	0.0000
RAB11A	DNMT3A	3	0.6667	0.1114
EGFR	IKBKG	3	0.0466	0.4560
RAB11A	IKBKG	3	0.3888	0.2329
EGFR	IGF2BP2	3	0.0247	0.4799
RAB11A	IGF2BP2	3	0.0321	0.4714
EGFR	CSNK1G3	3	1.0000	0.0000
RAB11A	CSNK1G3	3	1.0000	0.0000
EGFR	SLC30A1	3	1.0000	0.0000
RAB11A	SLC30A1	3	1.0000	0.0000
EGFR	SLC4A7	3	1.0000	0.0000
RAB11A	SLC4A7	3	0.9999	0.0000
PDHA1	NDUFB9	3	1.0000	0.0000
EGFR	ROBO1	3	1.0000	0.0000
RAB11A	ROBO1	3	1.0000	0.0000
RAB11A	STON1	3	0.6667	0.1114
EGFR	NCOA3	3	0.4112	0.2241
EGFR	NUMBL	3	1.0000	0.0000
RAB11A	MAP3K4	3	0.0009	0.5391
EGFR	SCIN	3	0.0062	0.5162
RAB11A	SCIN	3	0.3037	0.3180
EGFR	CAPN7	3	0.8508	0.0202
RAB11A	CAPN7	3	0.5657	0.1707
EGFR	WASF2	3	1.0000	0.0000
RAB11A	WASF2	3	0.4818	0.1994
RAB11A	MAU2	3	0.0147	0.4971
RAB11A	FAM169A	3	0.0000	0.5559
EGFR	ZHX2	3	0.0935	0.4137
RAB11A	ZHX2	3	0.3990	0.2291
EGFR	MORC2	3	0.4554	0.2080
RAB11A	MORC2	3	0.2906	0.3224
EGFR	IVNS1ABP	3	0.0080	0.5112
PDHA1	IVNS1ABP	3	0.0870	0.4187
RAB11A	IVNS1ABP	3	0.1417	0.3817
EGFR	SEC23IP	3	0.6636	0.1385
PDHA1	SEC23IP	3	0.0147	0.4971
RAB11A	SEC23IP	3	0.7306	0.0760
