Bait	PreyGene	#Rep	AvgP	BFDR
EIF4A2	IGKV2-29;IGKV2D-26;IGKV2D-29	3	0.3357	0.1875
MEPCE	IGKV2-29;IGKV2D-26;IGKV2D-29	3	0.3352	0.1910
EIF4A2	GATD3;GATD3B	3	0.0000	0.6827
EIF4A2	ESYT2	3	0.0000	0.6827
MEPCE	ESYT2	3	0.0000	0.6827
EIF4A2	SHTN1	3	0.0000	0.6827
MEPCE	SHTN1	3	0.0000	0.6827
EIF4A2	ILVBL	3	0.0000	0.6827
MEPCE	ILVBL	3	0.3242	0.3426
MEPCE	VWA8	3	0.0026	0.5691
EIF4A2	CNOT1	3	0.0000	0.6827
MEPCE	CNOT1	3	0.0000	0.6827
EIF4A2	MAP1LC3B;MAP1LC3B2	3	0.0000	0.6827
MEPCE	MAP1LC3B;MAP1LC3B2	3	0.0000	0.6827
EIF4A2	FAM83G	3	0.3333	0.2157
MEPCE	FAM83G	3	0.6667	0.0325
EIF4A2	TUBAL3	3	0.0000	0.6827
MEPCE	TUBAL3	3	0.0000	0.6827
MEPCE	SMCHD1	3	0.3333	0.2157
EIF4A2	ARHGAP42	3	0.0021	0.5788
MEPCE	ARHGAP42	3	1.0000	0.0000
EIF4A2	RTL8C	3	0.0000	0.6827
MEPCE	RTL8C	3	0.0000	0.6827
EIF4A2	SNRPG;SNRPGP15	3	0.0000	0.6827
MEPCE	SNRPG;SNRPGP15	3	0.0000	0.6827
EIF4A2	WASH2P;WASH3P	3	0.0003	0.6354
MEPCE	WASH2P;WASH3P	3	0.0099	0.5150
EIF4A2	MCRIP1	3	0.0000	0.6827
MEPCE	A0A3Q1M3L6	3	0.0000	0.6827
MEPCE	FBLN1	3	0.0180	0.4947
EIF4A2	G5E513	3	0.0000	0.6827
MEPCE	G5E513	3	0.0000	0.6827
MEPCE	ADH1	3	0.3333	0.2157
MEPCE	lacZ	3	1.0000	0.0000
EIF4A2	TRYP	3	0.0000	0.6827
MEPCE	TRYP	3	0.0000	0.6827
EIF4A2	CHYM	3	0.0000	0.6827
MEPCE	CHYM	3	0.0000	0.6827
EIF4A2	C4	3	0.0000	0.6827
MEPCE	C4	3	0.0000	0.6827
MEPCE	KNG1;KNG2	3	0.0000	0.6827
EIF4A2	HBA	3	0.0000	0.6827
MEPCE	HBA	3	0.0000	0.6827
MEPCE	HBB	3	0.0002	0.6444
EIF4A2	HBBF	3	0.0000	0.6827
MEPCE	HBBF	3	0.0000	0.6827
EIF4A2	CSN1S1	3	1.0000	0.0000
MEPCE	CSN1S1	3	1.0000	0.0000
MEPCE	CSN1S2	3	1.0000	0.0000
EIF4A2	CSN2	3	1.0000	0.0000
MEPCE	CSN2	3	1.0000	0.0000
MEPCE	CSN3	3	1.0000	0.0000
MEPCE	LGB	3	1.0000	0.0000
EIF4A2	ALB	3	0.0000	0.6827
MEPCE	ALB	3	0.0000	0.6827
EIF4A2	PF4	3	0.0000	0.6827
MEPCE	PF4	3	0.0000	0.6827
EIF4A2	PLG	3	0.3333	0.2157
EIF4A2	AHSG	3	0.0000	0.6827
MEPCE	AHSG	3	0.0000	0.6827
EIF4A2	APOA1	3	0.0000	0.6827
MEPCE	APOA1	3	0.0000	0.6827
MEPCE	APOH	3	1.0000	0.0000
EIF4A2	ACTB;ACTG1	3	0.0065	0.5306
MEPCE	ACTB;ACTG1	3	1.0000	0.0000
EIF4A2	YWHAZ	3	0.0000	0.6827
MEPCE	YWHAZ	3	0.0783	0.4170
EIF4A2	EEF1A1	3	0.0000	0.6827
MEPCE	EEF1A1	3	0.0000	0.6827
EIF4A2	ACTA1	3	0.0057	0.5379
MEPCE	ACTA1	3	1.0000	0.0000
MEPCE	APOE	3	0.0000	0.6827
EIF4A2	IGL	3	0.0000	0.6827
MEPCE	IGL	3	0.0000	0.6827
EIF4A2	F5	3	0.0002	0.6444
MEPCE	F5	3	0.0000	0.6827
EIF4A2	THBS1	3	0.3334	0.2112
MEPCE	THBS1	3	0.9337	0.0020
MEPCE	TF	3	0.6667	0.0325
EIF4A2	LOC525947	3	0.0003	0.6354
MEPCE	LOC525947	3	0.0004	0.6296
EIF4A2	TUBB;TUBB5	3	0.0000	0.6827
MEPCE	TUBB;TUBB5	3	0.0006	0.6203
EIF4A2	C3	3	0.0000	0.6827
MEPCE	C3	3	0.0000	0.6827
EIF4A2	CAP1	3	0.0000	0.6827
MEPCE	CAP1	3	0.0000	0.6827
EIF4A2	ITIH4	3	0.0000	0.6827
MEPCE	ITIH4	3	0.0257	0.4751
EIF4A2	VTN	3	0.0000	0.6827
MEPCE	VTN	3	0.0000	0.6827
EIF4A2	FETUB	3	0.0000	0.6827
MEPCE	FETUB	3	0.0000	0.6827
EIF4A2	A2M	3	0.0000	0.6827
MEPCE	A2M	3	0.0000	0.6827
EIF4A2	NACA	3	0.0000	0.6827
MEPCE	NACA	3	0.0000	0.6827
EIF4A2	C11orf98	3	0.0000	0.6827
MEPCE	C11orf98	3	0.0037	0.5578
EIF4A2	SUMO1;SUMO1P1	3	0.0000	0.6827
MEPCE	SUMO1;SUMO1P1	3	0.0046	0.5465
EIF4A2	MIEF1	3	0.3333	0.2157
MEPCE	MIEF1	3	0.3333	0.2157
EIF4A2	KIF2A	3	0.0525	0.4391
MEPCE	KIF2A	3	0.0005	0.6247
EIF4A2	DDX39A	3	0.0000	0.6827
MEPCE	DDX39A	3	0.0000	0.6827
EIF4A2	MYO1C	3	0.0000	0.6827
MEPCE	MYO1C	3	0.0000	0.6827
EIF4A2	HAX1	3	0.0000	0.6827
MEPCE	HAX1	3	0.0000	0.6827
MEPCE	GTPBP1	3	0.3333	0.2157
MEPCE	STXBP3	3	0.0000	0.6827
EIF4A2	AP3B1	3	0.0000	0.6827
MEPCE	AP3B1	3	0.0000	0.6827
EIF4A2	NDUFS8	3	0.0000	0.6827
MEPCE	NDUFS8	3	0.0001	0.6560
EIF4A2	PSMD11	3	0.0000	0.6827
MEPCE	PSMD11	3	0.0000	0.6827
EIF4A2	PSMD12	3	0.0000	0.6827
MEPCE	PSMD12	3	0.0000	0.6827
EIF4A2	CBX4	3	0.0000	0.6827
MEPCE	CBX4	3	0.0000	0.6827
MEPCE	GET1	3	0.6667	0.0325
EIF4A2	PGRMC1	3	0.0000	0.6827
MEPCE	PGRMC1	3	0.0253	0.4755
EIF4A2	SUPT5H	3	0.0057	0.5379
MEPCE	SUPT5H	3	0.0000	0.6827
EIF4A2	TAF4	3	0.0000	0.6827
MEPCE	TAF4	3	0.0000	0.6827
EIF4A2	EIF3F	3	1.0000	0.0000
MEPCE	EIF3F	3	0.0289	0.4702
MEPCE	CDC7	3	0.0502	0.4415
MEPCE	WASL	3	0.0000	0.6827
EIF4A2	IPO5	3	0.0000	0.6827
MEPCE	IPO5	3	0.0000	0.6827
EIF4A2	IGF2BP3	3	1.0000	0.0000
MEPCE	IGF2BP3	3	1.0000	0.0000
EIF4A2	DNM1L	3	0.0000	0.6827
MEPCE	DNM1L	3	0.0000	0.6827
MEPCE	RTCA	3	1.0000	0.0000
EIF4A2	IFRD1	3	0.0001	0.6560
MEPCE	IFRD1	3	0.0000	0.6827
EIF4A2	EXOC5	3	0.0001	0.6560
MEPCE	EXOC5	3	0.0000	0.6827
EIF4A2	HMGN4	3	0.3386	0.1788
MEPCE	HMGN4	3	0.0041	0.5533
EIF4A2	NDUFA4	3	0.0000	0.6827
MEPCE	NDUFA4	3	0.0000	0.6827
EIF4A2	PSMD14	3	0.0000	0.6827
MEPCE	PSMD14	3	0.0000	0.6827
EIF4A2	ZNF593	3	0.0000	0.6827
MEPCE	ZNF593	3	0.0000	0.6827
EIF4A2	KPNA3	3	0.0111	0.5107
MEPCE	KPNA3	3	1.0000	0.0000
EIF4A2	PES1	3	0.0051	0.5430
MEPCE	PES1	3	0.6482	0.1141
EIF4A2	NOP56	3	0.0010	0.6030
MEPCE	NOP56	3	0.8810	0.0044
EIF4A2	DDX3X	3	1.0000	0.0000
MEPCE	DDX3X	3	0.0001	0.6560
EIF4A2	KPNA4	3	0.0528	0.4378
MEPCE	KPNA4	3	0.9381	0.0016
EIF4A2	PPP6C	3	0.0000	0.6827
MEPCE	PPP6C	3	0.0000	0.6827
EIF4A2	NME4	3	0.0002	0.6444
MEPCE	NME4	3	0.3337	0.2047
EIF4A2	TXNDC9	3	0.0001	0.6560
MEPCE	TXNDC9	3	0.1577	0.3907
EIF4A2	COPE	3	0.0000	0.6827
MEPCE	COPE	3	0.0000	0.6827
EIF4A2	EIF1AX;EIF1AY	3	0.0000	0.6827
MEPCE	EIF1AX;EIF1AY	3	0.0021	0.5788
EIF4A2	AP3D1	3	0.0000	0.6827
MEPCE	AP3D1	3	0.0000	0.6827
MEPCE	ABLIM1	3	0.0000	0.6827
EIF4A2	IRS4	3	0.0244	0.4773
MEPCE	IRS4	3	0.8352	0.0077
EIF4A2	EI24	3	0.0000	0.6827
MEPCE	EI24	3	0.2967	0.3540
EIF4A2	CDIPT	3	0.0000	0.6827
MEPCE	CDIPT	3	0.0000	0.6827
EIF4A2	PDCD5	3	0.0000	0.6827
MEPCE	PDCD5	3	0.0000	0.6827
EIF4A2	PRMT5	3	0.0000	0.6827
MEPCE	PRMT5	3	0.0000	0.6827
EIF4A2	TCERG1	3	0.0000	0.6827
MEPCE	TCERG1	3	0.0000	0.6827
MEPCE	NDC80	3	0.0001	0.6560
MEPCE	TNPO2	3	0.0000	0.6827
EIF4A2	POLR3A	3	0.0000	0.6827
MEPCE	POLR3A	3	0.0113	0.5097
EIF4A2	PSMA7	3	0.0000	0.6827
MEPCE	PSMA7	3	0.0454	0.4476
EIF4A2	SCAMP3	3	0.0000	0.6827
MEPCE	SCAMP3	3	0.0002	0.6444
EIF4A2	BCKDK	3	0.0000	0.6827
MEPCE	BCKDK	3	0.5702	0.1212
EIF4A2	IKBKB	3	0.0000	0.6827
MEPCE	IKBKB	3	0.0002	0.6444
EIF4A2	HAT1	3	0.0000	0.6827
MEPCE	HAT1	3	0.0026	0.5691
MEPCE	CASK	3	0.3333	0.2157
EIF4A2	MYL12A;MYL12B	3	0.0000	0.6827
MEPCE	MYL12A;MYL12B	3	0.0000	0.6827
MEPCE	VPS26C	3	0.0590	0.4325
EIF4A2	PPP1R12A	3	0.0000	0.6827
MEPCE	PPP1R12A	3	0.2198	0.3745
EIF4A2	SLC27A2	3	0.0577	0.4337
MEPCE	SLC27A2	3	0.2021	0.3794
EIF4A2	HNRNPDL	3	0.6667	0.0325
EIF4A2	XPO1	3	0.3357	0.1875
MEPCE	XPO1	3	0.0086	0.5199
MEPCE	BTAF1	3	0.0232	0.4799
EIF4A2	ARHGEF10	3	0.0000	0.6827
MEPCE	ARHGEF10	3	0.0004	0.6296
EIF4A2	SEC16A	3	0.0001	0.6560
MEPCE	SEC16A	3	0.6667	0.0325
EIF4A2	KHNYN	3	0.0000	0.6827
MEPCE	KHNYN	3	0.0000	0.6827
EIF4A2	U2SURP	3	0.0004	0.6296
MEPCE	U2SURP	3	0.0000	0.6827
EIF4A2	PFAS	3	0.0000	0.6827
MEPCE	PFAS	3	0.0000	0.6827
EIF4A2	DCLK1	3	0.0000	0.6827
MEPCE	DCLK1	3	0.0102	0.5134
EIF4A2	ANKRD28	3	0.2080	0.3775
MEPCE	ANKRD28	3	0.0002	0.6444
EIF4A2	PRORP	3	0.3333	0.2157
MEPCE	PRORP	3	0.6667	0.0325
EIF4A2	CHUK	3	0.0000	0.6827
MEPCE	CHUK	3	0.0016	0.5874
EIF4A2	SCAMP2	3	0.0000	0.6827
MEPCE	SCAMP2	3	0.2186	0.3752
EIF4A2	ARPC2	3	0.0000	0.6827
MEPCE	ARPC2	3	0.0000	0.6827
EIF4A2	ARPC3	3	0.0000	0.6827
MEPCE	ARPC3	3	0.0000	0.6827
EIF4A2	POLR1C	3	0.0003	0.6354
MEPCE	POLR1C	3	0.0006	0.6203
EIF4A2	PGRMC2	3	0.3333	0.2157
EIF4A2	SMAD2;SMAD3;SMAD9	3	0.0000	0.6827
MEPCE	SMAD2;SMAD3;SMAD9	3	0.0000	0.6827
EIF4A2	PFDN6	3	0.0008	0.6093
MEPCE	PFDN6	3	0.3335	0.2079
EIF4A2	NKRF	3	0.0003	0.6354
MEPCE	NKRF	3	0.7605	0.0139
EIF4A2	GNPAT	3	0.0100	0.5147
MEPCE	GNPAT	3	0.0001	0.6560
EIF4A2	MRPS12	3	0.0000	0.6827
MEPCE	MRPS12	3	0.0023	0.5748
EIF4A2	RER1	3	0.0000	0.6827
MEPCE	RER1	3	0.0002	0.6444
EIF4A2	SURF4	3	0.0000	0.6827
MEPCE	SURF4	3	0.0000	0.6827
EIF4A2	SPTLC1	3	0.0085	0.5202
MEPCE	SPTLC1	3	0.3451	0.1692
EIF4A2	SPTLC2	3	0.0000	0.6827
MEPCE	SPTLC2	3	0.3328	0.3328
EIF4A2	OGT	3	0.0000	0.6827
MEPCE	OGT	3	0.0003	0.6354
EIF4A2	HMGB3	3	0.3334	0.2112
MEPCE	HMGB3	3	0.0003	0.6354
EIF4A2	PPM1G	3	0.0000	0.6827
MEPCE	PPM1G	3	0.0001	0.6560
EIF4A2	EIF3D	3	1.0000	0.0000
MEPCE	EIF3D	3	0.1457	0.3959
EIF4A2	EIF3H	3	1.0000	0.0000
MEPCE	EIF3H	3	0.0547	0.4350
EIF4A2	IPO8	3	0.0000	0.6827
MEPCE	IPO8	3	0.0000	0.6827
MEPCE	STX7	3	0.6667	0.0325
EIF4A2	P4HA2	3	0.0035	0.5600
MEPCE	P4HA2	3	0.0001	0.6560
EIF4A2	ARPC5	3	0.0000	0.6827
MEPCE	ARPC5	3	0.0000	0.6827
EIF4A2	DHX15	3	0.0000	0.6827
MEPCE	DHX15	3	0.0412	0.4528
MEPCE	TTI1	3	0.2666	0.3637
EIF4A2	PRPF4	3	0.0161	0.4992
MEPCE	PRPF4	3	0.9724	0.0006
EIF4A2	PHGDH	3	0.0000	0.6827
MEPCE	PHGDH	3	0.0000	0.6827
EIF4A2	PSMD3	3	0.0000	0.6827
MEPCE	PSMD3	3	0.0000	0.6827
EIF4A2	ZW10	3	0.0000	0.6827
MEPCE	ZW10	3	0.0011	0.5991
EIF4A2	SART1	3	0.0001	0.6560
MEPCE	SART1	3	0.0274	0.4732
EIF4A2	SPINT2	3	0.0000	0.6827
MEPCE	SPINT2	3	0.0000	0.6827
MEPCE	GPAA1	3	0.3333	0.2157
EIF4A2	PPIP5K2	3	0.0000	0.6827
MEPCE	PPIP5K2	3	0.0002	0.6444
EIF4A2	MAP3K7	3	0.0000	0.6827
MEPCE	MAP3K7	3	0.0000	0.6827
EIF4A2	EEF1E1	3	0.0000	0.6827
MEPCE	EEF1E1	3	0.0000	0.6827
EIF4A2	HNRNPR	3	1.0000	0.0000
MEPCE	HNRNPR	3	1.0000	0.0000
EIF4A2	PRPF3	3	0.0063	0.5328
MEPCE	PRPF3	3	1.0000	0.0000
MEPCE	TXNL1	3	0.0000	0.6827
EIF4A2	TPD52L2	3	0.0000	0.6827
MEPCE	TPD52L2	3	0.0000	0.6827
MEPCE	COCH	3	0.3333	0.2157
MEPCE	SYNJ1	3	0.0001	0.6560
EIF4A2	FIBP	3	0.0000	0.6827
MEPCE	FIBP	3	0.0000	0.6827
EIF4A2	EIF4G3	3	1.0000	0.0000
MEPCE	EIF4G3	3	0.0066	0.5297
EIF4A2	PPIH	3	0.3307	0.3365
MEPCE	PPIH	3	1.0000	0.0000
EIF4A2	EPB41L2	3	0.0000	0.6827
MEPCE	EPB41L2	3	0.0000	0.6827
EIF4A2	DENR	3	0.0000	0.6827
MEPCE	DENR	3	0.0049	0.5439
EIF4A2	XPOT	3	0.3333	0.2157
MEPCE	XPOT	3	0.0000	0.6827
EIF4A2	TIMM44	3	0.0000	0.6827
MEPCE	TIMM44	3	0.0000	0.6827
EIF4A2	TRAPPC3	3	0.0000	0.6827
MEPCE	TRAPPC3	3	0.0000	0.6827
EIF4A2	CHMP2A	3	0.0000	0.6827
MEPCE	CHMP2A	3	0.0000	0.6827
MEPCE	PRC1	3	0.6667	0.0325
EIF4A2	ZNF207	3	0.0000	0.6827
MEPCE	ZNF207	3	0.0002	0.6444
EIF4A2	GET3	3	0.0000	0.6827
MEPCE	GET3	3	0.0000	0.6827
EIF4A2	BUB3	3	0.0000	0.6827
MEPCE	BUB3	3	0.0000	0.6827
EIF4A2	ACTN4	3	0.0000	0.6827
MEPCE	ACTN4	3	0.0000	0.6827
MEPCE	BUD23	3	0.6667	0.0325
EIF4A2	HTATSF1	3	0.0000	0.6827
MEPCE	HTATSF1	3	0.0000	0.6827
EIF4A2	AP1G1	3	0.0000	0.6827
MEPCE	AP1G1	3	0.0000	0.6827
MEPCE	SYNGR2	3	0.0413	0.4520
EIF4A2	ENSA	3	0.0000	0.6827
MEPCE	ENSA	3	0.0000	0.6827
EIF4A2	NARS1	3	0.0000	0.6827
MEPCE	NARS1	3	0.0017	0.5855
EIF4A2	MYO1B	3	0.0000	0.6827
MEPCE	MYO1B	3	0.2825	0.3588
EIF4A2	SLC25A17	3	0.3339	0.2013
MEPCE	SLC25A17	3	1.0000	0.0000
EIF4A2	NUDT21	3	0.0000	0.6827
MEPCE	NUDT21	3	0.0000	0.6827
EIF4A2	STRN	3	0.0000	0.6827
MEPCE	STRN	3	0.0564	0.4346
EIF4A2	GTPBP6	3	0.3357	0.1875
EIF4A2	IDH3B	3	0.0000	0.6827
MEPCE	IDH3B	3	0.0000	0.6827
EIF4A2	CALU	3	0.0000	0.6827
MEPCE	CALU	3	0.0032	0.5624
MEPCE	AHCYL1	3	0.3334	0.2112
MEPCE	ORC5	3	0.0000	0.6827
MEPCE	RAD21	3	0.3333	0.2157
MEPCE	TIMM8A	3	0.0000	0.6827
EIF4A2	DHX16	3	0.0000	0.6827
MEPCE	DHX16	3	0.6665	0.1041
EIF4A2	ZNRD2	3	0.0000	0.6827
MEPCE	ZNRD2	3	0.0008	0.6093
EIF4A2	PRPSAP2	3	0.0001	0.6560
MEPCE	PRPSAP2	3	0.0001	0.6560
EIF4A2	SPAG9	3	0.0000	0.6827
MEPCE	SPAG9	3	0.0011	0.5991
EIF4A2	KIF5C	3	0.0000	0.6827
MEPCE	KIF5C	3	0.0000	0.6827
EIF4A2	OPA1	3	0.0000	0.6827
MEPCE	OPA1	3	0.0085	0.5202
EIF4A2	KDM1A	3	0.0000	0.6827
MEPCE	KDM1A	3	0.3335	0.2079
EIF4A2	TBC1D4	3	0.0000	0.6827
MEPCE	TBC1D4	3	0.0000	0.6827
MEPCE	ACSL4	3	0.3333	0.2157
MEPCE	SNX3	3	0.6667	0.0325
EIF4A2	OGA	3	0.0000	0.6827
MEPCE	OGA	3	0.0000	0.6827
EIF4A2	SYNCRIP	3	0.9683	0.0007
MEPCE	SYNCRIP	3	1.0000	0.0000
EIF4A2	NEMF	3	0.0000	0.6827
MEPCE	NEMF	3	0.0004	0.6296
EIF4A2	CCNT1	3	0.9999	0.0000
MEPCE	CCNT1	3	1.0000	0.0000
EIF4A2	EIF4E2	3	0.0000	0.6827
MEPCE	EIF4E2	3	0.0000	0.6827
EIF4A2	CCNT2	3	0.0036	0.5581
MEPCE	CCNT2	3	0.9983	0.0000
EIF4A2	DIAPH1	3	0.0000	0.6827
MEPCE	DIAPH1	3	0.0000	0.6827
EIF4A2	EXOC3	3	0.0000	0.6827
MEPCE	EXOC3	3	0.0000	0.6827
EIF4A2	PRMT3	3	0.0000	0.6827
MEPCE	PRMT3	3	0.0209	0.4843
EIF4A2	KPNA6	3	0.0000	0.6827
MEPCE	KPNA6	3	0.0014	0.5922
EIF4A2	CTNND1	3	0.0000	0.6827
MEPCE	CTNND1	3	0.0003	0.6354
EIF4A2	EIF1;EIF1B	3	0.0000	0.6827
MEPCE	EIF1;EIF1B	3	0.0000	0.6827
EIF4A2	DPM1	3	0.0000	0.6827
MEPCE	DPM1	3	0.0000	0.6827
EIF4A2	USO1	3	0.0000	0.6827
MEPCE	USO1	3	0.0000	0.6827
MEPCE	MRPS14	3	0.6654	0.1074
EIF4A2	H2BC12;H2BC12L;H2BC13;H2BC14;H2BC15;H2BC18;H2BC4;H2BC5;H2BC9	3	0.0000	0.6827
MEPCE	H2BC12;H2BC12L;H2BC13;H2BC14;H2BC15;H2BC18;H2BC4;H2BC5;H2BC9	3	0.9021	0.0033
EIF4A2	PFKFB2	3	0.0000	0.6827
EIF4A2	CCDC22	3	0.0000	0.6827
MEPCE	CCDC22	3	0.0696	0.4242
EIF4A2	PQBP1	3	0.0000	0.6827
MEPCE	PQBP1	3	0.0000	0.6827
EIF4A2	PRAF2	3	0.0000	0.6827
MEPCE	PRAF2	3	0.0002	0.6444
EIF4A2	DKC1	3	0.0000	0.6827
MEPCE	DKC1	3	0.0000	0.6827
EIF4A2	EIF5B	3	0.3376	0.1795
MEPCE	EIF5B	3	0.0004	0.6296
EIF4A2	EDF1	3	0.0000	0.6827
MEPCE	EDF1	3	0.0000	0.6827
EIF4A2	KIN	3	0.0012	0.5968
MEPCE	KIN	3	0.0000	0.6827
EIF4A2	DNAJA2	3	0.0000	0.6827
MEPCE	DNAJA2	3	0.0000	0.6827
MEPCE	RNASEH1	3	0.6667	0.0325
EIF4A2	ABCB7	3	0.3333	0.2157
MEPCE	ABCB7	3	0.3333	0.2157
MEPCE	ROCK2	3	0.0089	0.5183
EIF4A2	CLASP2	3	0.0000	0.6827
MEPCE	CLASP2	3	0.0000	0.6827
EIF4A2	CPNE3	3	0.0000	0.6827
MEPCE	CPNE3	3	0.0000	0.6827
EIF4A2	OBSL1	3	0.0000	0.6827
MEPCE	OBSL1	3	0.0002	0.6444
EIF4A2	RNF40	3	0.0000	0.6827
MEPCE	RNF40	3	0.6806	0.0236
EIF4A2	CLUH	3	0.0000	0.6827
MEPCE	CLUH	3	0.0000	0.6827
MEPCE	CAND2	3	0.0001	0.6560
EIF4A2	TSC22D2	3	0.0000	0.6827
MEPCE	TSC22D2	3	0.0061	0.5349
MEPCE	DNAJC13	3	0.6667	0.0325
EIF4A2	PPP6R2	3	0.3412	0.1736
MEPCE	PPP6R2	3	0.3226	0.3440
EIF4A2	CNOT3	3	0.0000	0.6827
MEPCE	CNOT3	3	0.2081	0.3771
EIF4A2	ANKRD17	3	0.0000	0.6827
MEPCE	ANKRD17	3	0.0001	0.6560
EIF4A2	DNAJB6;DNAJB8	3	0.0000	0.6827
MEPCE	DNAJB6;DNAJB8	3	0.0000	0.6827
MEPCE	NDUFS7	3	0.0003	0.6354
EIF4A2	NDUFS2	3	0.0010	0.6030
MEPCE	NDUFS2	3	0.6671	0.0318
EIF4A2	NIPSNAP2	3	0.0000	0.6827
MEPCE	NIPSNAP2	3	0.0000	0.6827
EIF4A2	PDCD6	3	0.0000	0.6827
MEPCE	PDCD6	3	0.0000	0.6827
EIF4A2	TBCA	3	0.6667	0.0325
MEPCE	TBCA	3	0.3333	0.2157
MEPCE	ATP6V1G1	3	0.0000	0.6827
EIF4A2	VPS4A;VPS4B	3	0.0000	0.6827
MEPCE	VPS4A;VPS4B	3	0.0000	0.6827
EIF4A2	MPDU1	3	0.0000	0.6827
MEPCE	MPDU1	3	0.0000	0.6827
EIF4A2	FLNB	3	0.0000	0.6827
MEPCE	FLNB	3	0.6519	0.1120
EIF4A2	CS	3	0.0000	0.6827
MEPCE	CS	3	0.0000	0.6827
EIF4A2	SEC22B	3	0.0000	0.6827
MEPCE	SEC22B	3	0.0000	0.6827
EIF4A2	PRPF40A	3	0.0000	0.6827
MEPCE	PRPF40A	3	0.0001	0.6560
EIF4A2	TACC1	3	0.0000	0.6827
MEPCE	TACC1	3	0.3333	0.2157
EIF4A2	PMPCB	3	0.0000	0.6827
MEPCE	PMPCB	3	0.0000	0.6827
EIF4A2	KATNA1	3	0.0000	0.6827
MEPCE	KATNA1	3	0.0000	0.6827
EIF4A2	PSIP1	3	0.0000	0.6827
MEPCE	PSIP1	3	0.0000	0.6827
EIF4A2	NDUFS3	3	0.3294	0.3382
MEPCE	NDUFS3	3	0.9759	0.0005
EIF4A2	SRSF10	3	0.0003	0.6354
MEPCE	SRSF10	3	0.9997	0.0000
EIF4A2	ECI2	3	0.0000	0.6827
MEPCE	ECI2	3	0.0000	0.6827
EIF4A2	KHDRBS3	3	0.3025	0.3533
MEPCE	KHDRBS3	3	0.0000	0.6827
EIF4A2	SF3B1	3	0.0000	0.6827
MEPCE	SF3B1	3	0.0001	0.6560
EIF4A2	CSDE1	3	0.0000	0.6827
MEPCE	CSDE1	3	0.0001	0.6560
EIF4A2	CRCP	3	0.0026	0.5691
MEPCE	CRCP	3	0.0591	0.4321
MEPCE	ERAL1	3	0.6667	0.0325
EIF4A2	SNRNP200	3	0.0000	0.6827
MEPCE	SNRNP200	3	0.0000	0.6827
EIF4A2	PPM1B	3	0.0000	0.6827
MEPCE	PPM1B	3	0.0000	0.6827
EIF4A2	NUP155	3	0.0000	0.6827
MEPCE	NUP155	3	0.0000	0.6827
EIF4A2	WDHD1	3	0.0000	0.6827
MEPCE	WDHD1	3	0.0013	0.5948
MEPCE	ATP6AP2	3	0.0160	0.4996
EIF4A2	CDC123	3	0.0000	0.6827
MEPCE	CDC123	3	0.0025	0.5714
MEPCE	POP7	3	0.6667	0.0325
EIF4A2	EIF3G	3	0.6124	0.1172
MEPCE	EIF3G	3	0.0740	0.4200
EIF4A2	EIF3J	3	0.0001	0.6560
MEPCE	EIF3J	3	0.0000	0.6827
EIF4A2	PSMD10	3	0.0000	0.6827
MEPCE	PSMD10	3	0.0034	0.5605
EIF4A2	ALDH1L1	3	0.0000	0.6827
MEPCE	ALDH1L1	3	0.0000	0.6827
MEPCE	ARL6IP5	3	0.3333	0.2157
EIF4A2	SERF1A	3	0.0045	0.5473
MEPCE	SERF1A	3	0.1608	0.3903
EIF4A2	DCTN3	3	0.0000	0.6827
MEPCE	DCTN3	3	0.0000	0.6827
EIF4A2	DNAJC8	3	0.0000	0.6827
MEPCE	DNAJC8	3	0.0181	0.4936
EIF4A2	SMNDC1	3	0.0001	0.6560
MEPCE	SMNDC1	3	0.6321	0.1158
MEPCE	TRIO	3	0.3333	0.2157
EIF4A2	CPD	3	0.0000	0.6827
MEPCE	CPD	3	0.0000	0.6827
EIF4A2	GLRX3	3	0.0000	0.6827
MEPCE	GLRX3	3	0.0002	0.6444
EIF4A2	RSL1D1	3	0.2900	0.3557
MEPCE	RSL1D1	3	1.0000	0.0000
EIF4A2	CLPX	3	0.0003	0.6354
MEPCE	CLPX	3	0.2441	0.3697
MEPCE	CIAO1	3	0.9999	0.0000
EIF4A2	SRP72	3	0.0000	0.6827
MEPCE	SRP72	3	0.0000	0.6827
EIF4A2	MTA2	3	0.0000	0.6827
MEPCE	MTA2	3	0.0000	0.6827
EIF4A2	LTN1	3	0.0000	0.6827
MEPCE	LTN1	3	0.0001	0.6560
EIF4A2	IPO13	3	0.0000	0.6827
EIF4A2	MYO1D	3	0.0006	0.6203
MEPCE	MYO1D	3	0.9994	0.0000
EIF4A2	PRPF6	3	0.0000	0.6827
MEPCE	PRPF6	3	0.0238	0.4788
EIF4A2	PCF11	3	0.6667	0.0325
MEPCE	PCF11	3	0.6667	0.0325
EIF4A2	HAUS5	3	0.0000	0.6827
MEPCE	HAUS5	3	0.0000	0.6827
EIF4A2	FBXO21	3	0.0000	0.6827
MEPCE	FBXO21	3	0.0000	0.6827
EIF4A2	AP2A2	3	0.0000	0.6827
MEPCE	AP2A2	3	0.0020	0.5798
EIF4A2	SEC31A	3	0.0000	0.6827
MEPCE	SEC31A	3	0.0000	0.6827
EIF4A2	HEXIM1	3	0.0055	0.5394
MEPCE	HEXIM1	3	1.0000	0.0000
EIF4A2	UBR5	3	0.0006	0.6203
MEPCE	UBR5	3	0.0952	0.4120
MEPCE	SCAF4	3	0.7723	0.0127
EIF4A2	ELP1	3	0.0000	0.6827
MEPCE	ELP1	3	0.0007	0.6153
EIF4A2	RTN3	3	0.0000	0.6827
MEPCE	RTN3	3	0.0000	0.6827
EIF4A2	ZRANB2	3	0.0000	0.6827
MEPCE	ZRANB2	3	0.1744	0.3860
EIF4A2	LUC7L3	3	0.0000	0.6827
MEPCE	LUC7L3	3	0.8610	0.0054
EIF4A2	KIF4A	3	0.0000	0.6827
MEPCE	KIF4A	3	0.0000	0.6827
EIF4A2	SBF1	3	0.2150	0.3760
MEPCE	SBF1	3	0.0202	0.4869
MEPCE	VAPB	3	0.0000	0.6827
EIF4A2	SNAPIN	3	0.0000	0.6827
MEPCE	SNAPIN	3	0.0000	0.6827
EIF4A2	SMC2	3	0.0000	0.6827
MEPCE	SMC2	3	0.0023	0.5748
EIF4A2	IPO7	3	0.0000	0.6827
MEPCE	IPO7	3	0.0000	0.6827
EIF4A2	SLU7	3	0.0003	0.6354
MEPCE	SLU7	3	0.0001	0.6560
EIF4A2	CD2BP2	3	0.0000	0.6827
MEPCE	CD2BP2	3	0.0000	0.6827
EIF4A2	PSMG1	3	0.0000	0.6827
MEPCE	PSMG1	3	0.0000	0.6827
EIF4A2	SGPL1	3	0.2595	0.3665
MEPCE	SGPL1	3	0.6686	0.0295
EIF4A2	NSA2	3	0.1208	0.4037
MEPCE	NSA2	3	0.2446	0.3690
EIF4A2	ACSL3	3	0.0000	0.6827
MEPCE	ACSL3	3	0.0000	0.6827
MEPCE	YEATS4	3	0.0000	0.6827
MEPCE	POP4	3	0.0000	0.6827
EIF4A2	SNAP29	3	0.0001	0.6560
MEPCE	SNAP29	3	0.0015	0.5900
EIF4A2	HSPA4L	3	0.0000	0.6827
MEPCE	HSPA4L	3	0.0001	0.6560
EIF4A2	LSM8	3	0.0036	0.5581
MEPCE	LSM8	3	1.0000	0.0000
EIF4A2	AP2A1	3	0.0000	0.6827
MEPCE	AP2A1	3	0.0000	0.6827
EIF4A2	WIZ	3	0.0000	0.6827
MEPCE	WIZ	3	0.0000	0.6827
EIF4A2	STAU1	3	0.3333	0.2157
MEPCE	STAU1	3	1.0000	0.0000
EIF4A2	BAG2	3	0.0000	0.6827
MEPCE	BAG2	3	0.0000	0.6827
MEPCE	MAP4K4;MINK1;TNIK	3	0.3333	0.2157
MEPCE	CRYZL1	3	0.3333	0.2157
MEPCE	AIFM1	3	0.2780	0.3599
EIF4A2	FADS2	3	0.3333	0.2157
MEPCE	FADS2	3	1.0000	0.0000
EIF4A2	TXNDC12	3	0.0000	0.6827
MEPCE	TXNDC12	3	0.0000	0.6827
EIF4A2	ECD	3	0.0004	0.6296
MEPCE	ECD	3	0.0336	0.4618
EIF4A2	MBD3	3	0.0000	0.6827
MEPCE	MBD3	3	0.0000	0.6827
EIF4A2	NDUFB10	3	0.0045	0.5473
MEPCE	NDUFB10	3	0.0008	0.6093
EIF4A2	PAK4	3	0.0000	0.6827
MEPCE	PAK4	3	0.0000	0.6827
MEPCE	CYB5A	3	0.6667	0.0325
EIF4A2	LDHA	3	0.0000	0.6827
MEPCE	LDHA	3	0.0000	0.6827
EIF4A2	GLUD1	3	0.0000	0.6827
MEPCE	GLUD1	3	0.0000	0.6827
EIF4A2	DHFR	3	0.0000	0.6827
MEPCE	DHFR	3	0.0000	0.6827
EIF4A2	CYB5R3	3	0.0000	0.6827
MEPCE	CYB5R3	3	0.0022	0.5765
MEPCE	MT-CO2	3	0.3333	0.2157
MEPCE	CP	3	0.0001	0.6560
EIF4A2	PNP	3	0.0083	0.5218
MEPCE	PNP	3	0.0000	0.6827
EIF4A2	HPRT1	3	0.0485	0.4440
MEPCE	HPRT1	3	0.0226	0.4821
EIF4A2	GOT2	3	0.0000	0.6827
EIF4A2	PGK1	3	0.0000	0.6827
MEPCE	PGK1	3	0.0000	0.6827
EIF4A2	HP	3	0.1675	0.3880
MEPCE	HP	3	0.0002	0.6444
EIF4A2	KRAS;NRAS	3	0.2995	0.3537
MEPCE	KRAS;NRAS	3	0.6698	0.0273
EIF4A2	IGHG2	3	0.0000	0.6827
MEPCE	IGHG2	3	0.0000	0.6827
MEPCE	KRT14	3	1.0000	0.0000
MEPCE	KRT6A	3	1.0000	0.0000
EIF4A2	C1QA	3	0.0000	0.6827
MEPCE	C1QA	3	0.0000	0.6827
EIF4A2	C1QB	3	0.0000	0.6827
MEPCE	C1QB	3	0.0000	0.6827
EIF4A2	TFRC	3	0.0019	0.5825
MEPCE	TFRC	3	0.0646	0.4296
EIF4A2	HPX	3	0.0000	0.6827
MEPCE	HPX	3	0.0000	0.6827
EIF4A2	E1B	3	0.0307	0.4660
MEPCE	E1B	3	1.0000	0.0000
MEPCE	RAF1	3	0.0400	0.4551
EIF4A2	ALDOA	3	0.0000	0.6827
MEPCE	ALDOA	3	0.0000	0.6827
EIF4A2	APOB	3	0.0000	0.6827
MEPCE	APOB	3	0.0000	0.6827
EIF4A2	PRNP	3	0.0000	0.6827
EIF4A2	OAT	3	0.0032	0.5624
MEPCE	OAT	3	0.3342	0.1959
EIF4A2	TK1	3	0.0000	0.6827
MEPCE	TK1	3	0.0000	0.6827
EIF4A2	KRT1	3	0.0000	0.6827
MEPCE	KRT1	3	0.0000	0.6827
EIF4A2	TUBB4A	3	0.0000	0.6827
MEPCE	TUBB4A	3	0.0000	0.6827
EIF4A2	GAPDH	3	0.0000	0.6827
MEPCE	GAPDH	3	0.0000	0.6827
EIF4A2	HLA-A	3	0.0000	0.6827
MEPCE	HLA-A	3	0.1013	0.4111
EIF4A2	CAPNS1	3	0.0000	0.6827
MEPCE	HSPB1	3	0.3333	0.2157
EIF4A2	RPN1	3	0.0000	0.6827
MEPCE	RPN1	3	0.3260	0.3416
EIF4A2	RPN2	3	0.0000	0.6827
MEPCE	RPN2	3	0.0001	0.6560
EIF4A2	H2AC11;H2AC12;H2AC14;H2AC18;H2AC20;H2AC25;H2AC4;H2AC6;H2AC7;H2AJ	3	0.0000	0.6827
MEPCE	H2AC11;H2AC12;H2AC14;H2AC18;H2AC20;H2AC25;H2AC4;H2AC6;H2AC7;H2AJ	3	0.2317	0.3719
EIF4A2	ATP1A1	3	0.0000	0.6827
MEPCE	ATP1A1	3	0.4215	0.1422
EIF4A2	APP	3	0.0000	0.6827
MEPCE	APP	3	0.0000	0.6827
EIF4A2	APOD	3	1.0000	0.0000
EIF4A2	HMGN1	3	0.0042	0.5511
MEPCE	HMGN1	3	0.0008	0.6093
EIF4A2	SLC25A5	3	0.0001	0.6560
MEPCE	SLC25A5	3	0.0040	0.5544
MEPCE	PCCA	3	1.0000	0.0000
MEPCE	PCCB	3	0.2666	0.3637
EIF4A2	EIF2S1	3	0.0000	0.6827
MEPCE	EIF2S1	3	0.0002	0.6444
EIF4A2	HMGN2	3	0.0000	0.6827
MEPCE	HMGN2	3	0.0000	0.6827
EIF4A2	RPLP1	3	0.0011	0.5991
MEPCE	RPLP1	3	1.0000	0.0000
EIF4A2	RPLP2	3	0.0036	0.5581
MEPCE	RPLP2	3	1.0000	0.0000
EIF4A2	RPLP0	3	0.0047	0.5444
MEPCE	RPLP0	3	1.0000	0.0000
EIF4A2	POLR3D	3	0.0000	0.6827
MEPCE	POLR3D	3	0.0000	0.6827
EIF4A2	SSB	3	0.0109	0.5111
MEPCE	SSB	3	1.0000	0.0000
EIF4A2	ITGB1	3	0.3269	0.3410
MEPCE	ITGB1	3	0.2685	0.3626
EIF4A2	KRT18	3	0.0000	0.6827
MEPCE	KRT18	3	0.1713	0.3868
EIF4A2	KRT8	3	0.0000	0.6827
MEPCE	KRT8	3	0.0305	0.4664
EIF4A2	MYL1	3	0.3333	0.2157
MEPCE	MYL1	3	0.3333	0.2157
MEPCE	FYN;YES1	3	0.6667	0.0325
MEPCE	RB1	3	0.3333	0.2157
EIF4A2	PTMA	3	0.3334	0.2112
MEPCE	PTMA	3	0.3335	0.2079
EIF4A2	CDK1	3	0.0000	0.6827
MEPCE	CDK1	3	0.0000	0.6827
EIF4A2	ATP5F1B	3	0.0000	0.6827
MEPCE	ATP5F1B	3	0.0065	0.5306
EIF4A2	EIF4E	3	1.0000	0.0000
MEPCE	EIF4E	3	0.0066	0.5297
EIF4A2	ENO1	3	0.0002	0.6444
MEPCE	ENO1	3	0.0000	0.6827
EIF4A2	GPI	3	0.0008	0.6093
MEPCE	GPI	3	0.0000	0.6827
EIF4A2	NPM1	3	0.3753	0.1532
MEPCE	NPM1	3	0.7365	0.0151
EIF4A2	TPM3	3	0.0000	0.6827
MEPCE	TPM3	3	1.0000	0.0000
EIF4A2	LDHB	3	0.0000	0.6827
MEPCE	LDHB	3	0.0000	0.6827
EIF4A2	GPX1	3	0.0000	0.6827
MEPCE	GPX1	3	0.0010	0.6030
EIF4A2	P4HB	3	0.0000	0.6827
MEPCE	P4HB	3	0.0000	0.6827
EIF4A2	ANXA2	3	0.5391	0.1245
MEPCE	ANXA2	3	0.0000	0.6827
EIF4A2	PFN1	3	0.0001	0.6560
MEPCE	PFN1	3	0.0000	0.6827
EIF4A2	EPRS1	3	0.0001	0.6560
MEPCE	EPRS1	3	0.3376	0.1795
EIF4A2	CTSB	3	0.3333	0.2157
EIF4A2	HSP90AA1	3	0.0000	0.6827
MEPCE	HSP90AA1	3	0.0000	0.6827
EIF4A2	HNRNPC	3	1.0000	0.0000
MEPCE	HNRNPC	3	1.0000	0.0000
MEPCE	LAMB1	3	0.0000	0.6827
EIF4A2	LYN	3	0.0008	0.6093
MEPCE	LYN	3	1.0000	0.0000
EIF4A2	RHOA;RHOC	3	0.0871	0.4145
MEPCE	RHOA;RHOC	3	0.3474	0.1669
EIF4A2	PFKM	3	0.1957	0.3821
MEPCE	PFKM	3	0.0000	0.6827
EIF4A2	HSP90AB1	3	0.0000	0.6827
MEPCE	HSP90AB1	3	0.0000	0.6827
EIF4A2	SRPRA	3	0.0000	0.6827
MEPCE	SRPRA	3	0.0000	0.6827
EIF4A2	ASNS	3	0.0000	0.6827
MEPCE	ASNS	3	0.0000	0.6827
EIF4A2	PDHA1	3	0.3333	0.2157
EIF4A2	SNRPB2	3	0.0001	0.6560
MEPCE	SNRPB2	3	0.0190	0.4901
EIF4A2	SNRNP70	3	0.0000	0.6827
MEPCE	SNRNP70	3	0.0000	0.6827
EIF4A2	VIM	3	0.0000	0.6827
MEPCE	VIM	3	0.1160	0.4041
EIF4A2	RPS17	3	0.0000	0.6827
MEPCE	RPS17	3	1.0000	0.0000
EIF4A2	KRT19	3	0.0000	0.6827
MEPCE	KRT19	3	0.0050	0.5433
EIF4A2	GNAI3	3	0.0004	0.6296
MEPCE	GNAI3	3	0.0403	0.4547
EIF4A2	ANXA5	3	0.6667	0.0325
MEPCE	KRT16	3	0.3333	0.2157
EIF4A2	RPSA	3	0.0000	0.6827
MEPCE	RPSA	3	0.0000	0.6827
MEPCE	MRPL3	3	0.3333	0.2157
EIF4A2	SNRPA	3	0.3136	0.3486
MEPCE	SNRPA	3	0.0159	0.4999
EIF4A2	FGF2	3	0.0000	0.6827
MEPCE	FGF2	3	0.0000	0.6827
EIF4A2	SNRPC	3	0.0000	0.6827
MEPCE	SNRPC	3	0.0000	0.6827
EIF4A2	HMGB1	3	0.0000	0.6827
MEPCE	HMGB1	3	0.0000	0.6827
EIF4A2	TPM1	3	0.0001	0.6560
MEPCE	TPM1	3	1.0000	0.0000
EIF4A2	CLTA	3	0.0000	0.6827
MEPCE	CLTA	3	0.0000	0.6827
EIF4A2	CNP	3	0.0004	0.6296
MEPCE	CNP	3	0.4209	0.1430
EIF4A2	HNRNPA1	3	0.1899	0.3825
MEPCE	HNRNPA1	3	0.0008	0.6093
EIF4A2	SNRPA1	3	0.0000	0.6827
MEPCE	SNRPA1	3	0.9944	0.0002
EIF4A2	PARP1	3	0.0000	0.6827
MEPCE	PARP1	3	0.1629	0.3891
EIF4A2	POLA1	3	0.0000	0.6827
MEPCE	POLA1	3	0.0000	0.6827
EIF4A2	UCHL1	3	0.0095	0.5170
MEPCE	UCHL1	3	0.0000	0.6827
EIF4A2	C4A	3	0.0000	0.6827
MEPCE	C4A	3	0.0000	0.6827
EIF4A2	H2AZ1;H2AZ2	3	0.0000	0.6827
MEPCE	H2AZ1;H2AZ2	3	0.0002	0.6444
EIF4A2	DERPC	3	0.0000	0.6827
MEPCE	DERPC	3	0.0007	0.6153
EIF4A2	RAB34	3	0.0000	0.6827
MEPCE	RAB34	3	0.1753	0.3856
EIF4A2	HSPA1A;HSPA1B	3	0.0000	0.6827
MEPCE	HSPA1A;HSPA1B	3	0.0000	0.6827
EIF4A2	CALM1;CALM2;CALM3	3	0.1287	0.4000
MEPCE	CALM1;CALM2;CALM3	3	0.3217	0.3450
EIF4A2	POLR1D	3	0.0000	0.6827
MEPCE	POLR1D	3	0.6667	0.0325
EIF4A2	RO60	3	0.0193	0.4887
MEPCE	RO60	3	0.0006	0.6203
EIF4A2	RRAS;RRAS2	3	0.3333	0.2157
MEPCE	RRAS;RRAS2	3	1.0000	0.0000
EIF4A2	HLA-C	3	0.0001	0.6560
MEPCE	HLA-C	3	0.3460	0.1677
EIF4A2	ARAF	3	0.0000	0.6827
MEPCE	ARAF	3	0.0000	0.6827
EIF4A2	H1-4	3	0.0286	0.4710
MEPCE	H1-4	3	1.0000	0.0000
MEPCE	NR2F1;NR2F2;NR2F6	3	0.0099	0.5150
EIF4A2	TXN	3	0.0001	0.6560
MEPCE	TXN	3	0.0000	0.6827
EIF4A2	PRKAR1A	3	0.0000	0.6827
MEPCE	PRKAR1A	3	0.0002	0.6444
EIF4A2	HSPD1	3	0.0000	0.6827
MEPCE	HSPD1	3	0.0000	0.6827
MEPCE	CLU	3	0.0000	0.6827
EIF4A2	HSPA5	3	0.0000	0.6827
MEPCE	HSPA5	3	0.0000	0.6827
EIF4A2	MAP2	3	0.3333	0.2157
MEPCE	MAP2	3	0.3333	0.2157
EIF4A2	HSPA8	3	0.0000	0.6827
MEPCE	HSPA8	3	0.0000	0.6827
EIF4A2	SLC2A1	3	0.3274	0.3403
MEPCE	SLC2A1	3	0.6667	0.0325
MEPCE	UMPS	3	0.0734	0.4212
EIF4A2	RALA	3	0.2630	0.3658
MEPCE	RALA	3	1.0000	0.0000
MEPCE	LAMP1	3	1.0000	0.0000
MEPCE	ACADM	3	0.3333	0.2157
EIF4A2	TOP1	3	0.0000	0.6827
MEPCE	TOP1	3	0.0533	0.4374
EIF4A2	UBL4A	3	0.0000	0.6827
MEPCE	UBL4A	3	0.9976	0.0001
EIF4A2	MTHFD1	3	0.0000	0.6827
MEPCE	MTHFD1	3	0.0000	0.6827
MEPCE	CDK4	3	0.0000	0.6827
EIF4A2	PRPS2	3	0.0000	0.6827
MEPCE	PRPS2	3	0.0000	0.6827
EIF4A2	PABPC1	3	1.0000	0.0000
MEPCE	PABPC1	3	1.0000	0.0000
EIF4A2	PCNA	3	0.0000	0.6827
MEPCE	PCNA	3	0.0000	0.6827
EIF4A2	HARS1	3	0.0000	0.6827
MEPCE	HARS1	3	0.1132	0.4062
EIF4A2	SLC25A6	3	0.0000	0.6827
MEPCE	SLC25A6	3	0.7012	0.0177
EIF4A2	IMPDH2	3	0.0000	0.6827
MEPCE	IMPDH2	3	0.0000	0.6827
EIF4A2	TPR	3	0.0000	0.6827
MEPCE	TPR	3	0.0047	0.5444
EIF4A2	CKB	3	0.0000	0.6827
MEPCE	CKB	3	0.0000	0.6827
EIF4A2	ACTN1	3	0.0009	0.6052
MEPCE	ACTN1	3	0.0019	0.5825
EIF4A2	XRCC6	3	0.0001	0.6560
MEPCE	XRCC6	3	0.4048	0.1465
EIF4A2	XRCC5	3	0.0001	0.6560
MEPCE	XRCC5	3	0.5007	0.1287
EIF4A2	COX4I1	3	0.0000	0.6827
MEPCE	COX4I1	3	0.0000	0.6827
EIF4A2	LAMP2	3	0.0000	0.6827
EIF4A2	RNH1	3	0.0000	0.6827
EIF4A2	CYBA	3	0.0001	0.6560
EIF4A2	EEF2	3	0.0000	0.6827
MEPCE	EEF2	3	0.0000	0.6827
EIF4A2	KRT10	3	0.0000	0.6827
MEPCE	KRT10	3	0.0000	0.6827
EIF4A2	KRT13	3	0.3333	0.2157
MEPCE	KRT13	3	0.6667	0.0325
EIF4A2	KRT5	3	0.0025	0.5714
MEPCE	KRT5	3	0.0540	0.4354
EIF4A2	PDIA4	3	0.0000	0.6827
MEPCE	PDIA4	3	0.0000	0.6827
EIF4A2	P4HA1	3	0.0000	0.6827
MEPCE	P4HA1	3	0.0651	0.4288
EIF4A2	PLS3	3	0.0000	0.6827
MEPCE	PLS3	3	0.0000	0.6827
EIF4A2	ETFA	3	0.0000	0.6827
MEPCE	ETFA	3	0.0027	0.5675
EIF4A2	PRKAR2A	3	1.0000	0.0000
MEPCE	PRKAR2A	3	0.6667	0.0325
EIF4A2	GTF2F2	3	0.0007	0.6153
MEPCE	GTF2F2	3	0.1248	0.4017
EIF4A2	PRKCSH	3	0.0000	0.6827
MEPCE	PRKCSH	3	0.0000	0.6827
EIF4A2	PKM	3	0.0000	0.6827
MEPCE	PKM	3	0.0000	0.6827
EIF4A2	HSP90B1	3	0.0000	0.6827
MEPCE	HSP90B1	3	0.0000	0.6827
EIF4A2	CCNB1	3	0.0000	0.6827
MEPCE	CCNB1	3	0.0000	0.6827
EIF4A2	MYL6B	3	0.6667	0.0325
EIF4A2	SNRPB;SNRPN	3	0.0000	0.6827
MEPCE	SNRPB;SNRPN	3	0.0000	0.6827
EIF4A2	HNRNPL	3	1.0000	0.0000
MEPCE	HNRNPL	3	0.3333	0.2157
EIF4A2	DARS1	3	0.0000	0.6827
MEPCE	DARS1	3	0.0000	0.6827
MEPCE	JUP	3	0.0000	0.6827
EIF4A2	GSPT1	3	0.0000	0.6827
MEPCE	GSPT1	3	0.0000	0.6827
EIF4A2	EZR	3	0.0000	0.6827
MEPCE	EZR	3	0.0000	0.6827
EIF4A2	NME1	3	0.0000	0.6827
MEPCE	NME1	3	0.0000	0.6827
EIF4A2	PHKG2	3	0.0000	0.6827
MEPCE	PHKG2	3	0.0002	0.6444
EIF4A2	RPS2	3	0.0001	0.6560
MEPCE	RPS2	3	1.0000	0.0000
EIF4A2	DSP	3	0.0000	0.6827
MEPCE	DSP	3	0.0047	0.5444
EIF4A2	RPA2	3	0.0000	0.6827
MEPCE	RPA2	3	0.0001	0.6560
EIF4A2	CBR1	3	0.0000	0.6827
MEPCE	CBR1	3	0.0000	0.6827
EIF4A2	H1-2	3	0.0298	0.4691
MEPCE	H1-2	3	0.6663	0.1049
EIF4A2	POR	3	0.0066	0.5297
MEPCE	POR	3	0.0169	0.4975
EIF4A2	ATP2A2	3	0.0000	0.6827
MEPCE	ATP2A2	3	0.0769	0.4174
EIF4A2	STMN1	3	0.0000	0.6827
MEPCE	STMN1	3	0.0000	0.6827
EIF4A2	YBX3	3	0.9987	0.0000
MEPCE	YBX3	3	1.0000	0.0000
EIF4A2	HMGA1	3	0.0000	0.6827
MEPCE	HMGA1	3	0.0000	0.6827
MEPCE	UBTF	3	0.3333	0.2157
MEPCE	HOXB9	3	0.3333	0.2157
EIF4A2	PRKACA	3	1.0000	0.0000
MEPCE	PRKACA	3	0.1143	0.4054
EIF4A2	AMD1	3	0.0000	0.6827
MEPCE	AMD1	3	0.0000	0.6827
EIF4A2	CTPS1	3	0.0000	0.6827
MEPCE	CTPS1	3	0.0000	0.6827
EIF4A2	DDX5	3	0.0000	0.6827
MEPCE	DDX5	3	0.9971	0.0001
EIF4A2	PFKL	3	0.0002	0.6444
MEPCE	PFKL	3	0.0001	0.6560
EIF4A2	PSMC3	3	0.0000	0.6827
MEPCE	PSMC3	3	0.0000	0.6827
EIF4A2	TCP1	3	0.0000	0.6827
MEPCE	TCP1	3	0.0000	0.6827
EIF4A2	PTPN1	3	0.0000	0.6827
MEPCE	PTPN1	3	0.0241	0.4781
EIF4A2	RPL35A	3	0.0157	0.5009
MEPCE	RPL35A	3	1.0000	0.0000
EIF4A2	ARF4	3	0.0000	0.6827
MEPCE	ARF4	3	0.0000	0.6827
EIF4A2	RPL7	3	0.2638	0.3654
MEPCE	RPL7	3	1.0000	0.0000
EIF4A2	SON	3	0.0127	0.5064
MEPCE	SON	3	0.4018	0.1473
EIF4A2	NELFE	3	0.0000	0.6827
MEPCE	NELFE	3	0.0000	0.6827
EIF4A2	RPL17	3	0.0027	0.5675
MEPCE	RPL17	3	1.0000	0.0000
EIF4A2	PGAM1	3	0.0445	0.4496
MEPCE	PGAM1	3	0.0001	0.6560
MEPCE	RCC1	3	0.3234	0.3430
EIF4A2	XRCC1	3	0.3333	0.2157
EIF4A2	NCL	3	0.0000	0.6827
MEPCE	NCL	3	0.0000	0.6827
EIF4A2	HK1	3	0.0000	0.6827
MEPCE	HK1	3	0.0000	0.6827
EIF4A2	POLR2C	3	0.0001	0.6560
MEPCE	POLR2C	3	0.0017	0.5855
EIF4A2	POLR2E	3	0.0000	0.6827
MEPCE	POLR2E	3	0.0000	0.6827
EIF4A2	TRIM21	3	0.0000	0.6827
MEPCE	TRIM21	3	0.0000	0.6827
EIF4A2	SRM	3	0.0011	0.5991
EIF4A2	CSNK2A2	3	0.0000	0.6827
MEPCE	CSNK2A2	3	0.0000	0.6827
MEPCE	NFKB1	3	0.1095	0.4091
EIF4A2	ATP2B1	3	0.0000	0.6827
MEPCE	ATP2B1	3	0.8283	0.0081
EIF4A2	EIF2S2	3	0.0000	0.6827
MEPCE	EIF2S2	3	0.0000	0.6827
EIF4A2	BTF3	3	0.0000	0.6827
MEPCE	BTF3	3	0.0000	0.6827
MEPCE	RAB4A	3	0.3333	0.2157
EIF4A2	RAB6A	3	0.3347	0.1924
MEPCE	RAB6A	3	0.3333	0.2157
EIF4A2	PSMB1	3	0.0000	0.6827
MEPCE	PSMB1	3	0.0052	0.5412
EIF4A2	COX5A	3	0.0000	0.6827
MEPCE	COX5A	3	0.1515	0.3939
MEPCE	LMNB1	3	0.0225	0.4825
EIF4A2	PTMS	3	1.0000	0.0000
MEPCE	PTMS	3	1.0000	0.0000
EIF4A2	CDK11B	3	0.0000	0.6827
MEPCE	CDK11B	3	0.0001	0.6560
EIF4A2	ATP6V1B2	3	0.0000	0.6827
MEPCE	ATP6V1B2	3	0.0000	0.6827
EIF4A2	FLNA	3	0.0000	0.6827
MEPCE	FLNA	3	0.0002	0.6444
EIF4A2	NF1	3	0.0000	0.6827
EIF4A2	COMT	3	0.0003	0.6354
MEPCE	COMT	3	0.0000	0.6827
EIF4A2	FBL	3	0.0000	0.6827
MEPCE	FBL	3	0.0000	0.6827
EIF4A2	GART	3	0.0000	0.6827
MEPCE	GART	3	0.0000	0.6827
EIF4A2	PAICS	3	0.0000	0.6827
MEPCE	PAICS	3	0.0000	0.6827
EIF4A2	SCP2	3	0.0000	0.6827
MEPCE	SCP2	3	0.3052	0.3520
EIF4A2	UBA1	3	0.0000	0.6827
MEPCE	UBA1	3	0.0000	0.6827
EIF4A2	PRKACG	3	0.3333	0.2157
EIF4A2	HNRNPA2B1	3	1.0000	0.0000
MEPCE	HNRNPA2B1	3	1.0000	0.0000
EIF4A2	PRKACB	3	1.0000	0.0000
EIF4A2	UQCRC2	3	0.0004	0.6296
MEPCE	UQCRC2	3	0.9985	0.0000
EIF4A2	FECH	3	0.0413	0.4520
MEPCE	FECH	3	0.1573	0.3911
EIF4A2	TCEA1	3	0.0041	0.5533
MEPCE	TCEA1	3	0.3368	0.1810
EIF4A2	SFPQ	3	1.0000	0.0000
MEPCE	SFPQ	3	0.0173	0.4961
EIF4A2	TUBG1	3	0.0000	0.6827
MEPCE	TUBG1	3	0.0000	0.6827
EIF4A2	PPIB	3	0.0000	0.6827
MEPCE	PPIB	3	0.0000	0.6827
EIF4A2	ME2	3	0.3333	0.2157
EIF4A2	WARS1	3	0.0000	0.6827
MEPCE	WARS1	3	0.0000	0.6827
EIF4A2	RPS3	3	0.0000	0.6827
MEPCE	RPS3	3	1.0000	0.0000
EIF4A2	JAK1	3	0.3333	0.2157
MEPCE	JAK1	3	0.6667	0.0325
EIF4A2	AHCY	3	0.0000	0.6827
MEPCE	AHCY	3	0.0000	0.6827
EIF4A2	CFL1	3	0.0000	0.6827
MEPCE	CFL1	3	0.0000	0.6827
EIF4A2	EIF4B	3	0.0000	0.6827
MEPCE	EIF4B	3	0.0000	0.6827
EIF4A2	RRM1	3	0.0000	0.6827
MEPCE	RRM1	3	0.4159	0.1437
EIF4A2	EEF1B2	3	0.0000	0.6827
MEPCE	EEF1B2	3	0.0000	0.6827
EIF4A2	AKAP5	3	1.0000	0.0000
EIF4A2	ACP1	3	0.0009	0.6052
MEPCE	ACP1	3	0.0000	0.6827
EIF4A2	ACAT1	3	0.0000	0.6827
MEPCE	ACAT1	3	0.0000	0.6827
EIF4A2	POLR2A	3	0.0001	0.6560
MEPCE	POLR2A	3	0.0404	0.4540
MEPCE	CDK2	3	0.0099	0.5150
EIF4A2	MCM3	3	0.0000	0.6827
MEPCE	MCM3	3	0.0009	0.6052
EIF4A2	RPS12	3	0.0036	0.5581
MEPCE	RPS12	3	1.0000	0.0000
EIF4A2	BRD2	3	0.0000	0.6827
MEPCE	BRD2	3	0.0020	0.5798
EIF4A2	YY1	3	0.0219	0.4829
MEPCE	YY1	3	0.0000	0.6827
EIF4A2	DNAJB1	3	0.0000	0.6827
MEPCE	DNAJB1	3	0.0000	0.6827
EIF4A2	ATP5F1A	3	0.0000	0.6827
MEPCE	ATP5F1A	3	0.0000	0.6827
EIF4A2	PSMA1	3	0.0000	0.6827
MEPCE	PSMA1	3	0.0184	0.4929
EIF4A2	PSMA2	3	0.0000	0.6827
MEPCE	PSMA2	3	0.9164	0.0028
EIF4A2	PSMA3	3	0.0000	0.6827
MEPCE	PSMA3	3	0.0009	0.6052
EIF4A2	PSMA4	3	0.0000	0.6827
MEPCE	PSMA4	3	0.0012	0.5968
EIF4A2	MSN	3	0.0000	0.6827
MEPCE	MSN	3	0.0000	0.6827
EIF4A2	DDX6	3	0.0000	0.6827
MEPCE	DDX6	3	0.0000	0.6827
MEPCE	DNMT1	3	0.0000	0.6827
EIF4A2	U2AF2	3	0.0000	0.6827
MEPCE	U2AF2	3	0.0000	0.6827
EIF4A2	RPL13	3	0.0451	0.4480
MEPCE	RPL13	3	1.0000	0.0000
EIF4A2	HMGB2	3	0.0000	0.6827
MEPCE	HMGB2	3	0.0000	0.6827
EIF4A2	PTBP1	3	0.3813	0.1510
MEPCE	PTBP1	3	0.0003	0.6354
EIF4A2	TARS1	3	0.3513	0.1631
MEPCE	TARS1	3	0.0001	0.6560
EIF4A2	VARS1	3	0.0000	0.6827
MEPCE	VARS1	3	0.0756	0.4187
EIF4A2	EEF1G	3	0.0000	0.6827
MEPCE	EEF1G	3	0.0000	0.6827
EIF4A2	YWHAQ	3	0.0000	0.6827
MEPCE	YWHAQ	3	0.0001	0.6560
EIF4A2	RPL10	3	0.0028	0.5667
MEPCE	RPL10	3	1.0000	0.0000
EIF4A2	RPA1	3	0.0000	0.6827
MEPCE	RPA1	3	0.0000	0.6827
EIF4A2	APEX1	3	0.0000	0.6827
MEPCE	APEX1	3	0.0000	0.6827
EIF4A2	CAD	3	0.0000	0.6827
MEPCE	CAD	3	0.0000	0.6827
EIF4A2	CALR	3	0.0002	0.6444
MEPCE	CALR	3	0.0000	0.6827
EIF4A2	MAP4	3	0.0000	0.6827
MEPCE	MAP4	3	0.0006	0.6203
EIF4A2	CANX	3	0.0000	0.6827
MEPCE	CANX	3	0.0002	0.6444
EIF4A2	PSMA5	3	0.0000	0.6827
MEPCE	PSMA5	3	0.0015	0.5900
EIF4A2	PSMB4	3	0.0000	0.6827
MEPCE	PSMB4	3	0.1108	0.4070
EIF4A2	PSMB6	3	0.0000	0.6827
MEPCE	PSMB6	3	0.2383	0.3704
EIF4A2	PSMB5	3	0.0000	0.6827
MEPCE	PSMB5	3	0.0046	0.5465
MEPCE	ABCD3	3	1.0000	0.0000
EIF4A2	POLD1	3	0.0039	0.5558
MEPCE	POLD1	3	0.0952	0.4120
EIF4A2	GTF2E2	3	0.6667	0.0325
MEPCE	GTF2E2	3	0.3333	0.2157
EIF4A2	TPP2	3	0.0000	0.6827
MEPCE	TPP2	3	0.0000	0.6827
EIF4A2	BTK;EPHA2;EPHA3;EPHA5;EPHA6;EPHA7;EPHA8;EPHB1;EPHB2;EPHB3;EPHB4	3	0.0000	0.6827
EIF4A2	MPG	3	0.3333	0.2157
MEPCE	MPG	3	0.6667	0.0325
EIF4A2	TKT	3	0.0000	0.6827
MEPCE	TYK2	3	0.3333	0.2157
EIF4A2	EEF1D	3	0.0000	0.6827
MEPCE	EEF1D	3	0.0000	0.6827
EIF4A2	MARCKS	3	0.0033	0.5613
MEPCE	MARCKS	3	0.0065	0.5306
MEPCE	GNA11	3	0.3333	0.2157
EIF4A2	PRDX6	3	0.0000	0.6827
MEPCE	PRDX6	3	0.0000	0.6827
EIF4A2	PRDX5	3	0.0000	0.6827
MEPCE	PRDX5	3	0.0000	0.6827
EIF4A2	PRDX3	3	0.0000	0.6827
MEPCE	PRDX3	3	0.0000	0.6827
EIF4A2	RPL12	3	0.0000	0.6827
MEPCE	RPL12	3	0.0234	0.4796
EIF4A2	ECHS1	3	0.3334	0.2112
MEPCE	ECHS1	3	0.0194	0.4883
EIF4A2	PDIA3	3	0.0000	0.6827
MEPCE	PDIA3	3	0.0000	0.6827
EIF4A2	PPP2R1A	3	0.0000	0.6827
MEPCE	PPP2R1A	3	0.0000	0.6827
MEPCE	PPP2R1B	3	0.0000	0.6827
EIF4A2	PPIF	3	0.0000	0.6827
MEPCE	PPIF	3	0.0008	0.6093
MEPCE	NMT1	3	0.0645	0.4300
EIF4A2	HMOX2	3	0.0000	0.6827
MEPCE	HMOX2	3	0.0025	0.5714
EIF4A2	LRPAP1	3	0.0000	0.6827
MEPCE	LRPAP1	3	0.0001	0.6560
EIF4A2	ADSL	3	0.0000	0.6827
MEPCE	ADSL	3	0.0000	0.6827
EIF4A2	CLIP1	3	0.0000	0.6827
MEPCE	CLIP1	3	0.0000	0.6827
EIF4A2	SLC7A1	3	0.1697	0.3876
MEPCE	SLC7A1	3	0.5023	0.1280
EIF4A2	POLR2B	3	0.0000	0.6827
MEPCE	POLR2B	3	0.0000	0.6827
EIF4A2	MAT2A	3	0.0000	0.6827
MEPCE	MAT2A	3	0.0000	0.6827
EIF4A2	PRKAR2B	3	1.0000	0.0000
EIF4A2	DNAJA1	3	0.0000	0.6827
MEPCE	DNAJA1	3	0.0000	0.6827
EIF4A2	AKT2	3	0.0000	0.6827
EIF4A2	UQCRC1	3	0.3333	0.2157
MEPCE	UQCRC1	3	0.6667	0.0325
EIF4A2	ATIC	3	0.0000	0.6827
EIF4A2	HNRNPH3	3	0.0000	0.6827
MEPCE	HNRNPH3	3	0.0000	0.6827
EIF4A2	HNRNPH1	3	0.0000	0.6827
MEPCE	HNRNPH1	3	0.0005	0.6247
EIF4A2	YWHAB	3	0.0000	0.6827
MEPCE	YWHAB	3	0.0107	0.5121
EIF4A2	STIP1	3	0.0000	0.6827
MEPCE	STIP1	3	0.0000	0.6827
EIF4A2	PRDX2	3	0.0000	0.6827
MEPCE	PRDX2	3	0.0000	0.6827
MEPCE	ARRB2	3	0.3333	0.2157
EIF4A2	PYCR1	3	0.0000	0.6827
MEPCE	PYCR1	3	0.0009	0.6052
EIF4A2	RPL9	3	0.0001	0.6560
MEPCE	RPL9	3	1.0000	0.0000
MEPCE	ACSL1	3	0.0000	0.6827
EIF4A2	KIF5B	3	0.0000	0.6827
MEPCE	KIF5B	3	0.0000	0.6827
EIF4A2	CSTF2	3	0.0000	0.6827
MEPCE	CSTF2	3	0.0000	0.6827
EIF4A2	DUT	3	0.0000	0.6827
MEPCE	DUT	3	0.0000	0.6827
EIF4A2	KDELR2	3	0.0001	0.6560
MEPCE	KDELR2	3	0.0132	0.5054
EIF4A2	TTK	3	0.0004	0.6296
MEPCE	TTK	3	0.0008	0.6093
EIF4A2	MCM4	3	0.0000	0.6827
MEPCE	MCM4	3	0.1241	0.4025
EIF4A2	MCM5	3	0.0000	0.6827
MEPCE	MCM5	3	0.0043	0.5499
EIF4A2	MCM7	3	0.0000	0.6827
MEPCE	MCM7	3	0.0009	0.6052
EIF4A2	SHMT2	3	0.0000	0.6827
MEPCE	SHMT2	3	0.0000	0.6827
EIF4A2	HSPA1L	3	0.0000	0.6827
MEPCE	HSPA1L	3	0.0000	0.6827
EIF4A2	HSPA4	3	0.0000	0.6827
MEPCE	HSPA4	3	0.0000	0.6827
EIF4A2	PRSS3	3	0.0000	0.6827
MEPCE	PRSS3	3	0.0000	0.6827
EIF4A2	CTNNA1	3	0.3333	0.2157
MEPCE	CTNNA1	3	0.6667	0.0325
MEPCE	PHB1	3	0.3333	0.2157
MEPCE	NF2	3	0.0000	0.6827
EIF4A2	RPA3	3	0.0000	0.6827
MEPCE	RPA3	3	0.0000	0.6827
MEPCE	RFC4	3	0.0016	0.5874
EIF4A2	RFC2	3	0.0001	0.6560
MEPCE	RFC2	3	0.0388	0.4567
EIF4A2	RFC1	3	0.0005	0.6247
MEPCE	RFC1	3	0.0045	0.5473
EIF4A2	RPL22	3	0.0000	0.6827
MEPCE	RPL22	3	0.0005	0.6247
EIF4A2	GTF2F1	3	0.0000	0.6827
MEPCE	GTF2F1	3	0.0004	0.6296
EIF4A2	KRT9	3	0.0000	0.6827
MEPCE	KRT9	3	0.0000	0.6827
EIF4A2	MYH9	3	0.0000	0.6827
MEPCE	MYH9	3	0.0000	0.6827
EIF4A2	MYH10	3	0.0000	0.6827
MEPCE	MYH10	3	0.0238	0.4788
EIF4A2	COPB2	3	0.0000	0.6827
MEPCE	COPB2	3	0.0000	0.6827
EIF4A2	ADD1	3	0.0000	0.6827
MEPCE	ADD1	3	0.0016	0.5874
EIF4A2	ADD2	3	0.3333	0.2157
MEPCE	ADD2	3	0.3333	0.2157
EIF4A2	BSG	3	0.0000	0.6827
MEPCE	BSG	3	0.0065	0.5306
EIF4A2	FUS	3	0.0000	0.6827
MEPCE	FUS	3	0.0000	0.6827
EIF4A2	NUP214	3	0.3558	0.1608
MEPCE	NUP214	3	0.3231	0.3433
EIF4A2	DEK	3	0.0000	0.6827
MEPCE	DEK	3	0.0011	0.5991
EIF4A2	PPM1A	3	0.0000	0.6827
MEPCE	PPM1A	3	0.0000	0.6827
EIF4A2	KRT2	3	0.0000	0.6827
MEPCE	KRT2	3	0.0000	0.6827
EIF4A2	PSMC2	3	0.0000	0.6827
MEPCE	PSMC2	3	0.0000	0.6827
EIF4A2	ARL2	3	0.0000	0.6827
MEPCE	ARL3	3	0.0000	0.6827
MEPCE	MAP2K2	3	0.3333	0.2157
EIF4A2	ATP5F1C	3	0.0000	0.6827
MEPCE	ATP5F1C	3	0.0143	0.5040
EIF4A2	ATP6V1E1	3	0.0000	0.6827
MEPCE	ATP6V1E1	3	0.0000	0.6827
EIF4A2	RPL4	3	0.1314	0.3980
MEPCE	RPL4	3	1.0000	0.0000
EIF4A2	LONP1	3	0.0000	0.6827
MEPCE	LONP1	3	0.0000	0.6827
EIF4A2	GPX4	3	0.0000	0.6827
MEPCE	GPX4	3	0.0012	0.5968
EIF4A2	SRP14	3	0.0000	0.6827
MEPCE	SRP14	3	0.9786	0.0004
EIF4A2	NUP62	3	0.0025	0.5714
MEPCE	NUP62	3	0.0001	0.6560
EIF4A2	FDFT1	3	0.0000	0.6827
MEPCE	FDFT1	3	0.0000	0.6827
EIF4A2	TAGLN2	3	0.0000	0.6827
MEPCE	TAGLN2	3	0.0000	0.6827
EIF4A2	ETFB	3	0.0000	0.6827
EIF4A2	RBMX	3	0.0000	0.6827
MEPCE	RBMX	3	0.0000	0.6827
EIF4A2	COIL	3	0.0008	0.6093
MEPCE	COIL	3	0.4466	0.1366
EIF4A2	ATP6V1A	3	0.0000	0.6827
MEPCE	ATP6V1A	3	0.0000	0.6827
EIF4A2	HSPA9	3	0.0000	0.6827
MEPCE	HSPA9	3	0.0000	0.6827
EIF4A2	EIF4A3	3	1.0000	0.0000
MEPCE	EIF4A3	3	0.0643	0.4304
EIF4A2	RPS19	3	0.0000	0.6827
MEPCE	RPS19	3	0.0101	0.5137
EIF4A2	RPL3	3	0.1144	0.4050
MEPCE	RPL3	3	1.0000	0.0000
EIF4A2	DDOST	3	0.0000	0.6827
MEPCE	DDOST	3	0.0040	0.5544
EIF4A2	ANP32A	3	0.8176	0.0085
MEPCE	ANP32A	3	0.0054	0.5403
EIF4A2	FEN1	3	0.0000	0.6827
MEPCE	FEN1	3	0.0000	0.6827
EIF4A2	CAP2	3	0.0000	0.6827
MEPCE	CAP2	3	0.0000	0.6827
EIF4A2	TXLNA	3	0.0000	0.6827
MEPCE	TXLNA	3	0.0000	0.6827
EIF4A2	CCT6A	3	0.0000	0.6827
MEPCE	CCT6A	3	0.0000	0.6827
EIF4A2	RPL13A;RPL13AP3	3	0.0029	0.5656
MEPCE	RPL13A;RPL13AP3	3	1.0000	0.0000
EIF4A2	ARL1	3	0.0000	0.6827
MEPCE	ARL1	3	0.0011	0.5991
EIF4A2	MDH2	3	0.0000	0.6827
MEPCE	MDH2	3	0.0000	0.6827
EIF4A2	RFC5	3	0.0000	0.6827
MEPCE	RFC5	3	0.1502	0.3951
EIF4A2	RFC3	3	0.0000	0.6827
MEPCE	RFC3	3	0.0005	0.6247
EIF4A2	HADHA	3	0.0000	0.6827
MEPCE	HADHA	3	0.0000	0.6827
EIF4A2	EIF2S3	3	0.0000	0.6827
MEPCE	EIF2S3	3	0.0166	0.4978
EIF4A2	BUD31	3	0.0000	0.6827
MEPCE	BUD31	3	0.0000	0.6827
EIF4A2	NAA10	3	0.0000	0.6827
MEPCE	NAA10	3	0.0000	0.6827
EIF4A2	CSK	3	0.0000	0.6827
MEPCE	CSK	3	0.0000	0.6827
EIF4A2	GARS1	3	0.0000	0.6827
MEPCE	GARS1	3	0.0000	0.6827
EIF4A2	IARS1	3	0.0020	0.5798
MEPCE	IARS1	3	0.0001	0.6560
EIF4A2	ACTR1B	3	0.0068	0.5288
MEPCE	ACTR1B	3	0.1059	0.4107
EIF4A2	TMPO	3	0.0000	0.6827
MEPCE	TMPO	3	0.0000	0.6827
EIF4A2	MTREX	3	0.0303	0.4672
MEPCE	MTREX	3	0.9999	0.0000
EIF4A2	MTOR	3	0.0000	0.6827
MEPCE	MTOR	3	0.0000	0.6827
EIF4A2	PI4KA	3	0.0000	0.6827
MEPCE	PI4KA	3	0.0000	0.6827
EIF4A2	EPS15	3	0.0000	0.6827
MEPCE	EPS15	3	0.0055	0.5394
EIF4A2	RPS27	3	0.0000	0.6827
MEPCE	RPS27	3	0.0000	0.6827
EIF4A2	NCAPD3	3	0.0009	0.6052
MEPCE	NCAPD3	3	0.3357	0.1875
EIF4A2	LRPPRC	3	0.0000	0.6827
MEPCE	LRPPRC	3	0.1629	0.3891
EIF4A2	RPL35	3	0.0000	0.6827
MEPCE	RPL35	3	0.9999	0.0000
EIF4A2	CDKN2A	3	0.0005	0.6247
MEPCE	CDKN2A	3	0.0329	0.4637
MEPCE	SLC1A3	3	0.0016	0.5874
EIF4A2	MATR3	3	0.0064	0.5319
MEPCE	MATR3	3	0.0000	0.6827
EIF4A2	MSH2	3	0.0000	0.6827
MEPCE	MSH2	3	0.0000	0.6827
EIF4A2	SSR1	3	0.0000	0.6827
MEPCE	SSR1	3	0.0000	0.6827
EIF4A2	RANBP1	3	0.0000	0.6827
MEPCE	RANBP1	3	0.0000	0.6827
EIF4A2	PSMC4	3	0.0000	0.6827
MEPCE	PSMC4	3	0.0000	0.6827
EIF4A2	CBX5	3	0.0003	0.6354
MEPCE	CBX5	3	0.0085	0.5202
EIF4A2	USP5	3	0.3094	0.3500
MEPCE	MKI67	3	0.3333	0.2157
EIF4A2	RANGAP1	3	0.0000	0.6827
MEPCE	RANGAP1	3	0.0000	0.6827
EIF4A2	NOP2	3	0.0000	0.6827
MEPCE	NOP2	3	0.0000	0.6827
EIF4A2	CRKL	3	0.0000	0.6827
MEPCE	CRKL	3	0.0000	0.6827
EIF4A2	BAG6	3	0.0000	0.6827
MEPCE	BAG6	3	0.2502	0.3683
EIF4A2	NSF	3	0.0009	0.6052
MEPCE	NSF	3	0.2674	0.3633
EIF4A2	BRCC3	3	0.0000	0.6827
MEPCE	BRCC3	3	0.0000	0.6827
EIF4A2	RPL27A	3	0.0487	0.4436
MEPCE	RPL27A	3	1.0000	0.0000
EIF4A2	RPL5	3	0.0000	0.6827
MEPCE	RPL5	3	0.0354	0.4594
EIF4A2	RPL21	3	0.1827	0.3836
MEPCE	RPL21	3	0.9630	0.0010
EIF4A2	RPL28	3	0.0001	0.6560
MEPCE	RPL28	3	0.6667	0.0325
EIF4A2	RPS9	3	0.0305	0.4664
MEPCE	RPS9	3	1.0000	0.0000
EIF4A2	RPS5	3	0.0003	0.6354
MEPCE	RPS5	3	0.0000	0.6827
EIF4A2	RPS10	3	0.0000	0.6827
MEPCE	RPS10	3	0.0000	0.6827
EIF4A2	MAP1B	3	0.0016	0.5874
MEPCE	MAP1B	3	0.0032	0.5624
MEPCE	UTRN	3	1.0000	0.0000
EIF4A2	IQGAP1	3	0.0000	0.6827
MEPCE	IQGAP1	3	0.0003	0.6354
EIF4A2	STT3A	3	0.0071	0.5278
MEPCE	STT3A	3	0.0660	0.4275
EIF4A2	CAPZA2	3	0.0000	0.6827
MEPCE	CAPZA2	3	0.0002	0.6444
EIF4A2	CAPZB	3	0.0000	0.6827
MEPCE	CAPZB	3	0.0000	0.6827
EIF4A2	QARS1	3	0.0020	0.5798
MEPCE	QARS1	3	0.3407	0.1744
MEPCE	RPL29	3	1.0000	0.0000
EIF4A2	UQCRFS1	3	0.0007	0.6153
MEPCE	UQCRFS1	3	0.3333	0.2157
EIF4A2	ATP5PO	3	0.0000	0.6827
MEPCE	ATP5PO	3	0.2814	0.3595
EIF4A2	ARCN1	3	0.0000	0.6827
MEPCE	ARCN1	3	0.0000	0.6827
EIF4A2	GCLC	3	0.3339	0.2013
MEPCE	GCLC	3	0.0005	0.6247
EIF4A2	PSMD8	3	0.0000	0.6827
MEPCE	PSMD8	3	0.0000	0.6827
EIF4A2	PRRC2A	3	0.9587	0.0012
MEPCE	PRRC2A	3	0.0014	0.5922
EIF4A2	CCT5	3	0.0000	0.6827
MEPCE	CCT5	3	0.0000	0.6827
MEPCE	KRT6C	3	1.0000	0.0000
EIF4A2	CSNK1A1	3	0.0000	0.6827
MEPCE	CSNK1A1	3	0.3435	0.1699
EIF4A2	PITPNB	3	0.0000	0.6827
MEPCE	PITPNB	3	0.0000	0.6827
EIF4A2	ADGRE5	3	0.3333	0.2157
MEPCE	MARCKSL1	3	0.6667	0.0325
EIF4A2	RPL34	3	0.0067	0.5291
MEPCE	RPL34	3	1.0000	0.0000
EIF4A2	LMAN1	3	0.0000	0.6827
MEPCE	LMAN1	3	0.4493	0.1352
EIF4A2	NASP	3	0.0000	0.6827
MEPCE	NASP	3	0.0000	0.6827
EIF4A2	FASN	3	0.0000	0.6827
MEPCE	FASN	3	0.0000	0.6827
EIF4A2	CCT3	3	0.0000	0.6827
MEPCE	CCT3	3	0.0000	0.6827
EIF4A2	TUFM	3	0.0447	0.4492
MEPCE	TUFM	3	0.0019	0.5825
EIF4A2	ALDH7A1	3	0.0000	0.6827
EIF4A2	SRP9	3	0.0002	0.6444
MEPCE	SRP9	3	1.0000	0.0000
MEPCE	UBE2A	3	0.0000	0.6827
EIF4A2	AARS1	3	0.0000	0.6827
EIF4A2	SARS1	3	0.0000	0.6827
MEPCE	SARS1	3	0.0000	0.6827
EIF4A2	PRIM1	3	0.0000	0.6827
MEPCE	PRIM1	3	0.0000	0.6827
EIF4A2	PRIM2	3	0.0001	0.6560
MEPCE	PRIM2	3	0.1561	0.3923
EIF4A2	CSNK1D;CSNK1E	3	0.0000	0.6827
MEPCE	CSNK1D;CSNK1E	3	0.3968	0.1487
EIF4A2	PSMB3	3	0.0000	0.6827
MEPCE	PSMB3	3	0.0002	0.6444
EIF4A2	PSMB2	3	0.0000	0.6827
MEPCE	PSMB2	3	0.0000	0.6827
EIF4A2	MCM2	3	0.0000	0.6827
MEPCE	MCM2	3	0.3312	0.3348
EIF4A2	ACADVL	3	0.0000	0.6827
MEPCE	ACADVL	3	0.0000	0.6827
MEPCE	VPS41	3	0.0000	0.6827
EIF4A2	TMED10	3	0.0006	0.6203
MEPCE	TMED10	3	0.0218	0.4832
EIF4A2	RBM25	3	0.0000	0.6827
MEPCE	RBM25	3	0.0000	0.6827
EIF4A2	NUMB	3	0.0000	0.6827
MEPCE	NUMB	3	0.6003	0.1186
EIF4A2	CLK3	3	0.3333	0.2157
MEPCE	CLK3	3	0.6667	0.0325
EIF4A2	EIF2B2	3	0.0000	0.6827
MEPCE	EIF2B2	3	0.0001	0.6560
EIF4A2	HINT1	3	0.0000	0.6827
EIF4A2	NUP153	3	0.0083	0.5218
MEPCE	NUP153	3	0.1292	0.3992
EIF4A2	RANBP2	3	0.0000	0.6827
MEPCE	RANBP2	3	0.6649	0.1083
MEPCE	TSC2	3	0.0000	0.6827
EIF4A2	GMPS	3	0.3333	0.2157
MEPCE	LIG3	3	0.3333	0.2157
EIF4A2	MRE11	3	0.0000	0.6827
MEPCE	MRE11	3	0.0067	0.5291
EIF4A2	IDH3A	3	0.0000	0.6827
MEPCE	IDH3A	3	0.0425	0.4504
EIF4A2	GDI2	3	0.0003	0.6354
MEPCE	GDI2	3	0.0001	0.6560
EIF4A2	EMD	3	0.0027	0.5675
MEPCE	EMD	3	0.9275	0.0024
EIF4A2	SERPINH1	3	0.0313	0.4653
MEPCE	SERPINH1	3	0.0002	0.6444
EIF4A2	ST13	3	0.0000	0.6827
MEPCE	ST13	3	0.0000	0.6827
EIF4A2	PEX5	3	0.0000	0.6827
MEPCE	PEX5	3	0.0308	0.4656
EIF4A2	VASP	3	0.0000	0.6827
EIF4A2	DNM2	3	0.0005	0.6247
MEPCE	DNM2	3	0.0084	0.5212
EIF4A2	KNTC1	3	0.0001	0.6560
MEPCE	KNTC1	3	0.0024	0.5732
EIF4A2	CDK9	3	0.0476	0.4448
MEPCE	CDK9	3	0.9872	0.0004
EIF4A2	LRBA	3	0.0000	0.6827
MEPCE	LRBA	3	0.0000	0.6827
MEPCE	PPT1	3	0.6667	0.0325
EIF4A2	RPL14	3	0.0112	0.5101
MEPCE	RPL14	3	1.0000	0.0000
EIF4A2	CCT8	3	0.0000	0.6827
MEPCE	CCT8	3	0.0000	0.6827
EIF4A2	CCT4	3	0.0000	0.6827
MEPCE	CCT4	3	0.0000	0.6827
EIF4A2	FXR1	3	1.0000	0.0000
MEPCE	FXR1	3	0.9979	0.0000
EIF4A2	FXR2	3	1.0000	0.0000
MEPCE	FXR2	3	0.6667	0.0325
EIF4A2	RAB5C	3	0.0000	0.6827
MEPCE	RAB5C	3	0.0000	0.6827
EIF4A2	RAB7A	3	0.0000	0.6827
MEPCE	RAB7A	3	0.0000	0.6827
EIF4A2	RAB9A	3	0.0000	0.6827
MEPCE	RAB9A	3	0.0000	0.6827
EIF4A2	RAB13	3	0.0000	0.6827
MEPCE	RAB13	3	0.0000	0.6827
EIF4A2	DAP3	3	0.0024	0.5732
MEPCE	DAP3	3	0.4529	0.1345
MEPCE	DNA2	3	0.0000	0.6827
EIF4A2	SSR4	3	0.0000	0.6827
MEPCE	SSR4	3	0.0000	0.6827
EIF4A2	BCAP31	3	0.0000	0.6827
MEPCE	BCAP31	3	0.0000	0.6827
EIF4A2	HCFC1	3	0.0000	0.6827
MEPCE	HCFC1	3	0.0000	0.6827
EIF4A2	IRAK1	3	0.0000	0.6827
MEPCE	IRAK1	3	0.0000	0.6827
EIF4A2	ALDH3A2	3	0.0012	0.5968
MEPCE	ALDH3A2	3	0.1997	0.3798
EIF4A2	HSD17B4	3	0.0000	0.6827
MEPCE	HSD17B4	3	0.0000	0.6827
EIF4A2	PSMD7	3	0.0000	0.6827
MEPCE	PSMD7	3	0.0000	0.6827
EIF4A2	USP11	3	0.0002	0.6444
MEPCE	USP11	3	1.0000	0.0000
EIF4A2	VAMP7	3	0.0008	0.6093
MEPCE	VAMP7	3	0.0062	0.5337
EIF4A2	HDGF	3	0.0000	0.6827
MEPCE	HDGF	3	0.0000	0.6827
EIF4A2	UBE2E1;UBE2E2;UBE2E3	3	0.0000	0.6827
MEPCE	UBE2E1;UBE2E2;UBE2E3	3	0.0000	0.6827
EIF4A2	NDUFA8	3	0.6667	0.0325
MEPCE	NDUFA8	3	0.6667	0.0325
EIF4A2	HNRNPA3	3	1.0000	0.0000
MEPCE	HNRNPA3	3	1.0000	0.0000
EIF4A2	PGD	3	0.0002	0.6444
MEPCE	PGD	3	0.0000	0.6827
EIF4A2	HNRNPM	3	0.0000	0.6827
MEPCE	HNRNPM	3	0.0667	0.4271
EIF4A2	KPNA2	3	0.0034	0.5605
MEPCE	KPNA2	3	1.0000	0.0000
MEPCE	NCBP2	3	0.3333	0.2157
EIF4A2	POLR2H	3	0.0060	0.5358
MEPCE	POLR2H	3	0.0767	0.4183
MEPCE	POLR2J;POLR2J2;POLR2J3	3	0.0000	0.6827
EIF4A2	HNRNPF	3	0.0000	0.6827
MEPCE	HNRNPF	3	0.0000	0.6827
EIF4A2	MSH6	3	0.0000	0.6827
MEPCE	MSH6	3	0.0000	0.6827
EIF4A2	KIF11	3	0.0000	0.6827
MEPCE	KIF11	3	0.0000	0.6827
MEPCE	HK2	3	0.3333	0.2157
EIF4A2	MRPL12	3	0.0014	0.5922
MEPCE	MRPL12	3	0.3279	0.3389
EIF4A2	CAPZA1	3	0.0000	0.6827
MEPCE	CAPZA1	3	0.0000	0.6827
EIF4A2	HMGA2	3	0.0000	0.6827
MEPCE	HMGA2	3	0.0000	0.6827
EIF4A2	NUP98	3	0.0007	0.6153
MEPCE	NUP98	3	0.0083	0.5218
EIF4A2	BLVRA	3	0.0000	0.6827
MEPCE	BLVRA	3	0.0000	0.6827
MEPCE	SLC25A1	3	0.6667	0.0325
EIF4A2	NUBP1	3	0.3333	0.2157
MEPCE	NUBP1	3	0.6667	0.0325
EIF4A2	ACLY	3	0.0000	0.6827
MEPCE	ACLY	3	0.0000	0.6827
EIF4A2	COPB1	3	0.0000	0.6827
MEPCE	COPB1	3	0.0000	0.6827
EIF4A2	COPA	3	0.0000	0.6827
MEPCE	COPA	3	0.0000	0.6827
EIF4A2	AP2S1	3	0.0000	0.6827
MEPCE	AP2S1	3	0.0000	0.6827
EIF4A2	POLR2K	3	0.0000	0.6827
MEPCE	POLR2K	3	0.0000	0.6827
EIF4A2	SLC16A1	3	0.0000	0.6827
MEPCE	SLC16A1	3	0.0352	0.4598
MEPCE	SEC24C	3	0.1382	0.3972
EIF4A2	SUB1	3	0.0000	0.6827
MEPCE	SUB1	3	0.0000	0.6827
EIF4A2	CLNS1A	3	0.0000	0.6827
MEPCE	CLNS1A	3	0.0000	0.6827
EIF4A2	RARS1	3	0.0000	0.6827
MEPCE	RARS1	3	0.0045	0.5473
EIF4A2	YARS1	3	0.0000	0.6827
MEPCE	YARS1	3	0.0000	0.6827
MEPCE	PRKAG1	3	0.0000	0.6827
MEPCE	HSPA2	3	0.6667	0.0325
EIF4A2	BCAT1	3	0.1520	0.3931
EIF4A2	ATP1B3	3	0.0000	0.6827
MEPCE	ATP1B3	3	0.0087	0.5189
EIF4A2	ALDH18A1	3	0.0000	0.6827
MEPCE	ALDH18A1	3	0.0000	0.6827
EIF4A2	NAPA	3	0.0000	0.6827
MEPCE	NAPA	3	0.0000	0.6827
EIF4A2	EIF5	3	0.0026	0.5691
MEPCE	EIF5	3	0.0017	0.5855
EIF4A2	SLC12A2	3	0.3333	0.2157
MEPCE	SLC12A2	3	0.6667	0.0325
EIF4A2	PSMD4	3	0.0000	0.6827
MEPCE	PSMD4	3	0.0000	0.6827
EIF4A2	CSE1L	3	0.0000	0.6827
MEPCE	CSE1L	3	0.0042	0.5511
EIF4A2	VCP	3	0.0000	0.6827
MEPCE	VCP	3	0.0001	0.6560
EIF4A2	MFAP1	3	0.0006	0.6203
MEPCE	MFAP1	3	0.0004	0.6296
EIF4A2	HADHB	3	0.0000	0.6827
MEPCE	HADHB	3	0.0000	0.6827
EIF4A2	MANF	3	0.0000	0.6827
MEPCE	MANF	3	0.0000	0.6827
EIF4A2	AFDN	3	0.0000	0.6827
MEPCE	AFDN	3	0.3344	0.1938
EIF4A2	NAP1L1	3	0.0000	0.6827
MEPCE	NAP1L1	3	0.0000	0.6827
EIF4A2	SEC13	3	0.0000	0.6827
MEPCE	SEC13	3	0.0000	0.6827
EIF4A2	SNU13	3	0.0022	0.5765
MEPCE	SNU13	3	1.0000	0.0000
MEPCE	HNRNPH2	3	0.3333	0.2157
EIF4A2	SUMO2;SUMO3;SUMO4	3	0.0013	0.5948
MEPCE	SUMO2;SUMO3;SUMO4	3	0.0000	0.6827
EIF4A2	EIF3B	3	1.0000	0.0000
MEPCE	EIF3B	3	0.2206	0.3741
EIF4A2	RRP1	3	0.0206	0.4847
MEPCE	RRP1	3	0.3098	0.3493
EIF4A2	MARS1	3	0.0000	0.6827
MEPCE	MARS1	3	0.0000	0.6827
MEPCE	ARPP19	3	0.0000	0.6827
EIF4A2	MAZ	3	0.0000	0.6827
MEPCE	MAZ	3	0.9937	0.0002
EIF4A2	AP1S2	3	0.0000	0.6827
MEPCE	AP1S2	3	0.0000	0.6827
EIF4A2	ATP5ME	3	0.6880	0.0214
MEPCE	ATP5ME	3	1.0000	0.0000
EIF4A2	EIF6	3	0.0000	0.6827
MEPCE	EIF6	3	0.0042	0.5511
EIF4A2	NDUFA6	3	0.0014	0.5922
MEPCE	NDUFA6	3	0.0144	0.5033
MEPCE	STX17	3	0.0008	0.6093
EIF4A2	TMEM33	3	0.0000	0.6827
MEPCE	TMEM33	3	0.3516	0.1624
MEPCE	GEMIN4	3	0.3333	0.2157
EIF4A2	NUP107	3	0.0000	0.6827
MEPCE	NUP107	3	0.0205	0.4858
EIF4A2	FBXW4	3	0.3333	0.2157
EIF4A2	EPPK1	3	0.0000	0.6827
MEPCE	EPPK1	3	0.0001	0.6560
EIF4A2	YBEY	3	0.0042	0.5511
MEPCE	YBEY	3	1.0000	0.0000
EIF4A2	RAB15	3	0.0000	0.6827
MEPCE	RAB15	3	0.0000	0.6827
EIF4A2	ARPC4	3	0.0000	0.6827
MEPCE	ARPC4	3	0.0000	0.6827
EIF4A2	EIF3E	3	1.0000	0.0000
MEPCE	EIF3E	3	0.1096	0.4087
EIF4A2	SEC61B	3	0.0000	0.6827
MEPCE	SEC61B	3	0.0024	0.5732
EIF4A2	PPP4C	3	0.0000	0.6827
MEPCE	PPP4C	3	0.0000	0.6827
EIF4A2	MYL6	3	0.0000	0.6827
MEPCE	MYL6	3	0.0000	0.6827
EIF4A2	EIF4A1	3	0.6682	0.0303
MEPCE	EIF4A1	3	0.0041	0.5533
EIF4A2	RPS20	3	0.0000	0.6827
MEPCE	RPS20	3	0.0005	0.6247
EIF4A2	PRPS1	3	0.0000	0.6827
MEPCE	PRPS1	3	0.0000	0.6827
EIF4A2	PSMA6	3	0.0000	0.6827
MEPCE	PSMA6	3	0.0131	0.5057
MEPCE	S100A10	3	0.6667	0.0325
EIF4A2	CDC42	3	0.0000	0.6827
MEPCE	CDC42	3	0.0000	0.6827
EIF4A2	DSTN	3	0.0001	0.6560
MEPCE	DSTN	3	0.3204	0.3453
EIF4A2	RAB8A	3	0.0000	0.6827
MEPCE	RAB8A	3	0.0001	0.6560
EIF4A2	SRP54	3	0.0000	0.6827
MEPCE	SRP54	3	0.0000	0.6827
EIF4A2	RAB2A	3	0.2733	0.3612
MEPCE	RAB2A	3	0.0005	0.6247
EIF4A2	RAB10	3	0.0000	0.6827
MEPCE	RAB10	3	0.0000	0.6827
EIF4A2	UBE2M	3	0.0000	0.6827
MEPCE	UBE2M	3	0.0000	0.6827
EIF4A2	UBE2N	3	0.0000	0.6827
MEPCE	UBE2N	3	0.0000	0.6827
EIF4A2	RAB14	3	0.0000	0.6827
MEPCE	RAB14	3	0.0030	0.5648
EIF4A2	ACTR3	3	0.0000	0.6827
MEPCE	ACTR3	3	0.0000	0.6827
EIF4A2	ACTR2	3	0.0060	0.5358
MEPCE	ACTR2	3	0.2895	0.3561
EIF4A2	ACTR1A	3	0.0000	0.6827
MEPCE	ACTR1A	3	0.0000	0.6827
EIF4A2	COPS2	3	0.0000	0.6827
MEPCE	COPS2	3	0.0000	0.6827
EIF4A2	ARF1;ARF3	3	0.0000	0.6827
MEPCE	ARF1;ARF3	3	0.0000	0.6827
EIF4A2	POLR2F	3	0.0001	0.6560
MEPCE	POLR2F	3	1.0000	0.0000
EIF4A2	ABCE1	3	0.0000	0.6827
MEPCE	ABCE1	3	0.0175	0.4954
EIF4A2	RAP1B	3	0.0007	0.6153
MEPCE	RAP1B	3	0.1513	0.3943
EIF4A2	RPS3A	3	0.0156	0.5013
MEPCE	RPS3A	3	1.0000	0.0000
EIF4A2	RPL26	3	0.0494	0.4423
MEPCE	RPL26	3	1.0000	0.0000
EIF4A2	PSME3	3	0.0020	0.5798
MEPCE	PSME3	3	1.0000	0.0000
EIF4A2	RPL15	3	0.0180	0.4947
MEPCE	RPL15	3	1.0000	0.0000
EIF4A2	MAGOH;MAGOHB	3	0.3333	0.2157
EIF4A2	RPL27	3	0.2055	0.3783
MEPCE	RPL27	3	1.0000	0.0000
EIF4A2	RPL37A	3	0.3358	0.1853
MEPCE	RPL37A	3	0.8534	0.0065
EIF4A2	HSPE1	3	0.0419	0.4512
MEPCE	HSPE1	3	0.0038	0.5564
EIF4A2	SEC61A1	3	0.0000	0.6827
MEPCE	SEC61A1	3	0.2607	0.3661
EIF4A2	VBP1	3	0.0000	0.6827
MEPCE	VBP1	3	0.0000	0.6827
EIF4A2	COPZ1	3	0.0000	0.6827
MEPCE	COPZ1	3	0.0000	0.6827
EIF4A2	RPL37	3	0.7770	0.0122
MEPCE	RPL37	3	0.6667	0.0325
EIF4A2	DCAF7	3	0.0000	0.6827
MEPCE	DCAF7	3	0.0000	0.6827
EIF4A2	HNRNPK	3	0.0000	0.6827
MEPCE	HNRNPK	3	0.0000	0.6827
EIF4A2	YWHAG	3	0.0025	0.5714
MEPCE	YWHAG	3	0.9990	0.0000
EIF4A2	RPS7	3	0.0000	0.6827
MEPCE	RPS7	3	0.9999	0.0000
EIF4A2	PPP1CA	3	0.0000	0.6827
MEPCE	PPP1CA	3	0.0042	0.5511
EIF4A2	PPP1CB	3	0.0002	0.6444
MEPCE	PPP1CB	3	0.0247	0.4766
EIF4A2	PSMC1	3	0.0000	0.6827
MEPCE	PSMC1	3	0.0000	0.6827
EIF4A2	PSMC5	3	0.0000	0.6827
MEPCE	PSMC5	3	0.0000	0.6827
EIF4A2	RPS8	3	0.0331	0.4633
MEPCE	RPS8	3	1.0000	0.0000
EIF4A2	RPS15A	3	0.0058	0.5373
MEPCE	RPS15A	3	1.0000	0.0000
EIF4A2	RPS16	3	0.0000	0.6827
MEPCE	RPS16	3	0.6610	0.1099
EIF4A2	YWHAE	3	0.0000	0.6827
MEPCE	YWHAE	3	0.1812	0.3844
EIF4A2	RPS14	3	0.0001	0.6560
MEPCE	RPS14	3	1.0000	0.0000
EIF4A2	RPS23	3	0.0020	0.5798
MEPCE	RPS23	3	0.8986	0.0035
EIF4A2	RPS18	3	0.0000	0.6827
MEPCE	RPS18	3	0.4873	0.1306
EIF4A2	RPS29	3	0.0000	0.6827
MEPCE	RPS29	3	0.0001	0.6560
EIF4A2	RPS13	3	0.0480	0.4444
MEPCE	RPS13	3	1.0000	0.0000
EIF4A2	RPS11	3	0.0047	0.5444
MEPCE	RPS11	3	1.0000	0.0000
EIF4A2	SNRPE	3	0.0000	0.6827
MEPCE	SNRPE	3	0.0000	0.6827
EIF4A2	SNRPF	3	0.0001	0.6560
MEPCE	SNRPF	3	0.0000	0.6827
EIF4A2	LSM3	3	0.0045	0.5473
MEPCE	LSM3	3	1.0000	0.0000
EIF4A2	LSM6	3	0.0010	0.6030
MEPCE	LSM6	3	1.0000	0.0000
EIF4A2	SNRPD1	3	0.0000	0.6827
MEPCE	SNRPD1	3	0.8678	0.0050
EIF4A2	SNRPD2	3	0.0000	0.6827
MEPCE	SNRPD2	3	0.0155	0.5016
EIF4A2	SNRPD3	3	0.0000	0.6827
MEPCE	SNRPD3	3	0.0000	0.6827
EIF4A2	ARF6	3	0.0014	0.5922
MEPCE	ARF6	3	0.0416	0.4516
EIF4A2	PSMC6	3	0.0003	0.6354
MEPCE	PSMC6	3	0.0052	0.5412
EIF4A2	RPL7A	3	0.5532	0.1233
MEPCE	RPL7A	3	1.0000	0.0000
EIF4A2	POLR2G	3	0.0000	0.6827
MEPCE	POLR2G	3	0.0137	0.5050
EIF4A2	ETF1	3	0.0016	0.5874
MEPCE	ETF1	3	0.0009	0.6052
EIF4A2	RPS4X	3	0.0000	0.6827
MEPCE	RPS4X	3	1.0000	0.0000
EIF4A2	PPP2CA;PPP2CB	3	0.0000	0.6827
MEPCE	PPP2CA;PPP2CB	3	0.0000	0.6827
EIF4A2	RPL23A	3	0.0000	0.6827
MEPCE	RPL23A	3	0.9997	0.0000
EIF4A2	RPS6	3	0.0112	0.5101
MEPCE	RPS6	3	1.0000	0.0000
EIF4A2	H4C1	3	0.0000	0.6827
MEPCE	H4C1	3	0.0000	0.6827
EIF4A2	RAB1A	3	0.0000	0.6827
EIF4A2	RAN	3	0.0000	0.6827
MEPCE	RAN	3	0.0000	0.6827
EIF4A2	RPL23	3	0.0000	0.6827
MEPCE	RPL23	3	0.0000	0.6827
EIF4A2	RAP1A	3	0.0000	0.6827
MEPCE	RAP1A	3	1.0000	0.0000
EIF4A2	RPS15	3	0.0002	0.6444
MEPCE	RPS15	3	0.9945	0.0001
EIF4A2	RPS24	3	0.0000	0.6827
MEPCE	RPS24	3	0.0036	0.5581
EIF4A2	RPS25	3	0.0000	0.6827
MEPCE	RPS25	3	0.0001	0.6560
EIF4A2	RPS26	3	0.0002	0.6444
MEPCE	RPS26	3	1.0000	0.0000
EIF4A2	RPS28	3	0.0000	0.6827
MEPCE	RPS28	3	0.0000	0.6827
EIF4A2	FAU	3	0.0000	0.6827
MEPCE	FAU	3	0.0000	0.6827
EIF4A2	POLR2L	3	0.0000	0.6827
MEPCE	POLR2L	3	0.0000	0.6827
EIF4A2	GNB1;GNB2	3	0.0000	0.6827
MEPCE	GNB1;GNB2	3	0.8925	0.0038
EIF4A2	RPL30	3	0.1964	0.3813
MEPCE	RPL30	3	1.0000	0.0000
EIF4A2	RPL39;RPL39P5	3	0.0000	0.6827
MEPCE	RPL39;RPL39P5	3	0.1091	0.4095
EIF4A2	RPL31	3	0.0026	0.5691
MEPCE	RPL31	3	1.0000	0.0000
EIF4A2	RPL10A	3	0.0327	0.4641
MEPCE	RPL10A	3	0.8799	0.0047
EIF4A2	RPL32	3	1.0000	0.0000
MEPCE	RPL32	3	1.0000	0.0000
EIF4A2	RPL11	3	0.0008	0.6093
MEPCE	RPL11	3	1.0000	0.0000
EIF4A2	RPL8	3	0.0138	0.5047
MEPCE	RPL8	3	1.0000	0.0000
EIF4A2	PPIA	3	0.0000	0.6827
MEPCE	PPIA	3	0.0000	0.6827
EIF4A2	RPS27A;UBA52;UBB;UBC	3	0.0000	0.6827
MEPCE	RPS27A;UBA52;UBB;UBC	3	0.0003	0.6354
EIF4A2	GRB2	3	0.0000	0.6827
MEPCE	GRB2	3	0.0000	0.6827
EIF4A2	TRA2B	3	0.0000	0.6827
MEPCE	TRA2B	3	0.0181	0.4936
EIF4A2	RAC1	3	0.0000	0.6827
MEPCE	RAC1	3	0.3064	0.3513
EIF4A2	AP2B1	3	0.0000	0.6827
MEPCE	AP2B1	3	0.0123	0.5074
EIF4A2	GNAS	3	0.0426	0.4500
MEPCE	GNAS	3	0.1218	0.4033
EIF4A2	PPP2R2A	3	0.0000	0.6827
MEPCE	PPP2R2A	3	0.0000	0.6827
EIF4A2	DYNLL1;DYNLL2	3	0.0000	0.6827
MEPCE	DYNLL1;DYNLL2	3	0.0000	0.6827
EIF4A2	RPL38	3	0.0000	0.6827
MEPCE	RPL38	3	0.0000	0.6827
EIF4A2	SKP1	3	0.0000	0.6827
MEPCE	SKP1	3	0.0000	0.6827
EIF4A2	RPS21	3	0.0000	0.6827
MEPCE	RPS21	3	0.0000	0.6827
EIF4A2	EIF5A	3	0.0000	0.6827
MEPCE	EIF5A	3	0.0000	0.6827
EIF4A2	RACK1	3	0.0000	0.6827
MEPCE	RACK1	3	0.0000	0.6827
EIF4A2	SUPT4H1	3	0.0000	0.6827
EIF4A2	UBE2I	3	0.0534	0.4370
MEPCE	UBE2I	3	0.0253	0.4755
EIF4A2	YBX1	3	1.0000	0.0000
MEPCE	YBX1	3	1.0000	0.0000
EIF4A2	SEC11A	3	0.3333	0.2157
MEPCE	SEC11A	3	0.6667	0.0325
EIF4A2	CSNK2B	3	0.0000	0.6827
MEPCE	CSNK2B	3	0.4079	0.1458
EIF4A2	TPM4	3	0.0000	0.6827
MEPCE	TPM4	3	1.0000	0.0000
EIF4A2	UBE2L3	3	0.0001	0.6560
MEPCE	UBE2L3	3	0.0005	0.6247
MEPCE	TUBA1B	3	0.6667	0.0325
EIF4A2	TUBB4B	3	0.0000	0.6827
MEPCE	TUBB4B	3	0.0001	0.6560
EIF4A2	CSNK2A1	3	0.0000	0.6827
MEPCE	CSNK2A1	3	0.0015	0.5900
EIF4A2	PAFAH1B2	3	0.0000	0.6827
EIF4A2	NOMO1;NOMO2;NOMO3	3	0.0000	0.6827
MEPCE	NOMO1;NOMO2;NOMO3	3	0.0000	0.6827
MEPCE	HBA1	3	1.0000	0.0000
EIF4A2	NOP14	3	0.3506	0.1646
MEPCE	NOP14	3	0.6614	0.1095
MEPCE	IGBP1	3	0.0002	0.6444
EIF4A2	EIF4G2	3	1.0000	0.0000
MEPCE	EIF4G2	3	0.0059	0.5370
MEPCE	RPP38	3	1.0000	0.0000
EIF4A2	RPP30	3	0.0000	0.6827
MEPCE	RPP30	3	0.0011	0.5991
EIF4A2	GTF2I	3	0.0000	0.6827
MEPCE	GTF2I	3	0.0000	0.6827
EIF4A2	PIP4K2B	3	0.0000	0.6827
MEPCE	PIP4K2B	3	0.0000	0.6827
EIF4A2	CCT2	3	0.0000	0.6827
MEPCE	CCT2	3	0.0000	0.6827
EIF4A2	GSTO1	3	0.0106	0.5124
MEPCE	GSTO1	3	0.0000	0.6827
EIF4A2	PRKDC	3	0.0000	0.6827
MEPCE	PRKDC	3	0.0001	0.6560
EIF4A2	DCD	3	0.0000	0.6827
MEPCE	DCD	3	0.0000	0.6827
MEPCE	MRPS22	3	0.6667	0.0325
MEPCE	MRPS10	3	0.6667	0.0325
MEPCE	MRPS35	3	0.0000	0.6827
EIF4A2	MRPS11	3	0.0018	0.5848
MEPCE	MRPS11	3	0.9657	0.0008
MEPCE	MRPS15	3	1.0000	0.0000
EIF4A2	MRPS21	3	0.0000	0.6827
MEPCE	MRPS21	3	0.3032	0.3527
EIF4A2	MRPS34	3	0.0011	0.5991
MEPCE	MRPS34	3	0.9953	0.0001
EIF4A2	MRPS6	3	0.0013	0.5948
MEPCE	MRPS6	3	0.1563	0.3919
MEPCE	MRPS9	3	1.0000	0.0000
EIF4A2	SARNP	3	0.0000	0.6827
MEPCE	SARNP	3	0.0000	0.6827
EIF4A2	COG7	3	0.0000	0.6827
MEPCE	COG7	3	0.0000	0.6827
EIF4A2	RPL24	3	0.0186	0.4915
MEPCE	RPL24	3	1.0000	0.0000
EIF4A2	RPL36A	3	0.0016	0.5874
MEPCE	RPL36A	3	0.3084	0.3507
EIF4A2	ARF5	3	0.0000	0.6827
MEPCE	ARF5	3	0.0000	0.6827
EIF4A2	ERH	3	0.7086	0.0170
MEPCE	ERH	3	0.0338	0.4610
EIF4A2	RPL19	3	0.6674	0.0310
MEPCE	RPL19	3	1.0000	0.0000
EIF4A2	SERF2	3	0.0000	0.6827
MEPCE	SERF2	3	0.0000	0.6827
EIF4A2	SRSF3	3	0.0055	0.5394
MEPCE	SRSF3	3	0.0001	0.6560
EIF4A2	H3-3A	3	0.0000	0.6827
MEPCE	H3-3A	3	0.0000	0.6827
EIF4A2	RBM10	3	0.0000	0.6827
MEPCE	RBM10	3	0.0193	0.4887
EIF4A2	RBM3	3	0.0000	0.6827
MEPCE	RBM3	3	0.0000	0.6827
EIF4A2	CYCS	3	0.0000	0.6827
MEPCE	CYCS	3	0.0000	0.6827
MEPCE	MPP1	3	0.3333	0.2157
EIF4A2	TFAM	3	0.0000	0.6827
MEPCE	TFAM	3	0.0000	0.6827
EIF4A2	SLC25A3	3	0.0000	0.6827
MEPCE	SLC25A3	3	0.9955	0.0001
EIF4A2	HDLBP	3	0.0000	0.6827
MEPCE	HDLBP	3	0.0000	0.6827
EIF4A2	GTF2B	3	0.0000	0.6827
MEPCE	GTF2B	3	0.0000	0.6827
EIF4A2	CDK5	3	0.0000	0.6827
MEPCE	CDK5	3	0.0351	0.4602
MEPCE	CDK16	3	0.3333	0.2157
EIF4A2	PURA	3	1.0000	0.0000
MEPCE	PURA	3	1.0000	0.0000
EIF4A2	CDC42EP1	3	0.1506	0.3947
MEPCE	CDC42EP1	3	0.2051	0.3786
EIF4A2	CLTC	3	0.0000	0.6827
MEPCE	CLTC	3	0.0000	0.6827
EIF4A2	FKBP3	3	0.0000	0.6827
MEPCE	FKBP3	3	0.0000	0.6827
EIF4A2	REEP5	3	0.0000	0.6827
MEPCE	REEP5	3	0.0000	0.6827
EIF4A2	HNRNPU	3	0.0002	0.6444
MEPCE	HNRNPU	3	1.0000	0.0000
EIF4A2	U2AF1	3	0.0000	0.6827
MEPCE	U2AF1	3	0.0000	0.6827
EIF4A2	SPTBN1	3	0.0162	0.4985
MEPCE	SPTBN1	3	0.3997	0.1480
EIF4A2	SET	3	1.0000	0.0000
MEPCE	SET	3	0.0005	0.6247
EIF4A2	SRSF2	3	0.0000	0.6827
MEPCE	SRSF2	3	0.0000	0.6827
EIF4A2	AMPD2	3	0.0075	0.5263
MEPCE	AMPD2	3	0.0000	0.6827
EIF4A2	HMGCS1;HMGCS2	3	0.0000	0.6827
EIF4A2	SLC7A5	3	0.3333	0.2157
EIF4A2	OTUD4	3	0.0002	0.6444
MEPCE	OTUD4	3	0.4634	0.1338
EIF4A2	PFKP	3	0.0000	0.6827
MEPCE	PFKP	3	0.0000	0.6827
EIF4A2	EWSR1	3	0.0000	0.6827
MEPCE	EWSR1	3	0.0000	0.6827
EIF4A2	KIF23	3	0.0187	0.4912
MEPCE	KIF23	3	0.0044	0.5491
EIF4A2	RPL18A	3	0.6667	0.0325
MEPCE	RPL18A	3	1.0000	0.0000
EIF4A2	FKBP4	3	0.0000	0.6827
MEPCE	FKBP4	3	0.0000	0.6827
MEPCE	PLOD1	3	0.0000	0.6827
EIF4A2	RPL6	3	0.3492	0.1661
MEPCE	RPL6	3	1.0000	0.0000
EIF4A2	AKAP12	3	0.0000	0.6827
MEPCE	AKAP12	3	0.0013	0.5948
EIF4A2	MLLT1	3	0.0006	0.6203
MEPCE	MLLT1	3	1.0000	0.0000
EIF4A2	PTS	3	0.0000	0.6827
MEPCE	PTS	3	0.0000	0.6827
MEPCE	RELA	3	0.2652	0.3648
EIF4A2	EIF4G1	3	1.0000	0.0000
MEPCE	EIF4G1	3	0.0033	0.5613
EIF4A2	NOTCH2	3	0.0000	0.6827
MEPCE	NOTCH2	3	0.0724	0.4221
EIF4A2	TLE3	3	0.0000	0.6827
MEPCE	TLE3	3	0.0060	0.5358
EIF4A2	GLO1	3	0.0000	0.6827
MEPCE	GLO1	3	0.0000	0.6827
EIF4A2	SSBP1	3	0.0000	0.6827
MEPCE	SSBP1	3	0.0000	0.6827
MEPCE	YWHAH	3	0.0009	0.6052
EIF4A2	CSTF1	3	0.0000	0.6827
MEPCE	CSTF1	3	0.0003	0.6354
EIF4A2	SRSF11	3	0.0000	0.6827
MEPCE	SRSF11	3	0.0013	0.5948
EIF4A2	EEF1A2	3	0.0000	0.6827
MEPCE	EEF1A2	3	0.0000	0.6827
MEPCE	CALD1	3	0.9980	0.0000
EIF4A2	PPAT	3	0.0000	0.6827
MEPCE	PPAT	3	0.0044	0.5491
EIF4A2	GFPT1	3	0.0000	0.6827
MEPCE	GFPT1	3	0.0000	0.6827
EIF4A2	PSME1	3	0.0000	0.6827
MEPCE	PSME1	3	0.0000	0.6827
EIF4A2	APLP2	3	0.0007	0.6153
MEPCE	APLP2	3	0.6661	0.1058
MEPCE	RING1	3	0.3090	0.3503
EIF4A2	FMR1	3	1.0000	0.0000
EIF4A2	PRDX1	3	0.0000	0.6827
MEPCE	PRDX1	3	0.0000	0.6827
MEPCE	CDK18	3	0.2754	0.3606
EIF4A2	RPL18	3	0.0862	0.4149
MEPCE	RPL18	3	1.0000	0.0000
EIF4A2	C1QBP	3	0.0031	0.5640
MEPCE	C1QBP	3	1.0000	0.0000
MEPCE	TJP1	3	0.3339	0.2013
EIF4A2	KHDRBS1	3	0.0000	0.6827
MEPCE	KHDRBS1	3	0.3418	0.1722
MEPCE	BAX	3	0.0106	0.5124
EIF4A2	KLC1	3	0.0000	0.6827
MEPCE	KLC1	3	0.0000	0.6827
EIF4A2	SRSF1	3	0.0000	0.6827
MEPCE	SRSF1	3	0.0000	0.6827
EIF4A2	SRSF4	3	0.0279	0.4725
MEPCE	SRSF4	3	0.0465	0.4464
EIF4A2	DHX9	3	0.9956	0.0001
MEPCE	DHX9	3	1.0000	0.0000
MEPCE	LGALS3BP	3	0.3333	0.2157
EIF4A2	SSRP1	3	0.0000	0.6827
MEPCE	SSRP1	3	0.0000	0.6827
EIF4A2	VAC14	3	0.0000	0.6827
MEPCE	VAC14	3	0.0000	0.6827
EIF4A2	NSUN2	3	0.0000	0.6827
MEPCE	NSUN2	3	0.0010	0.6030
EIF4A2	RBBP4	3	0.0000	0.6827
MEPCE	RBBP4	3	0.0000	0.6827
EIF4A2	NCBP1	3	0.0019	0.5825
MEPCE	NCBP1	3	0.2907	0.3554
EIF4A2	EP300	3	0.0000	0.6827
MEPCE	EP300	3	0.0001	0.6560
EIF4A2	AHNAK	3	0.0011	0.5991
MEPCE	AHNAK	3	0.0424	0.4508
MEPCE	GALNT2	3	0.3333	0.2157
EIF4A2	AP1B1	3	0.0000	0.6827
MEPCE	AP1B1	3	0.0000	0.6827
MEPCE	CPSF1	3	0.3333	0.2157
EIF4A2	PMPCA	3	0.1571	0.3915
MEPCE	PMPCA	3	0.2942	0.3544
EIF4A2	KIF1A	3	0.0000	0.6827
MEPCE	KIF1A	3	0.0000	0.6827
EIF4A2	WASHC5	3	0.0000	0.6827
MEPCE	WASHC5	3	0.0000	0.6827
EIF4A2	NUP160	3	0.0014	0.5922
MEPCE	NUP160	3	0.0174	0.4957
EIF4A2	GTF3C1	3	0.0014	0.5922
MEPCE	GTF3C1	3	0.3270	0.3406
EIF4A2	ASPH	3	0.3333	0.2157
EIF4A2	CDC20	3	0.0000	0.6827
MEPCE	CDC20	3	0.0000	0.6827
EIF4A2	SFSWAP	3	0.0000	0.6827
MEPCE	SFSWAP	3	0.0000	0.6827
EIF4A2	SF3A3	3	0.0000	0.6827
MEPCE	SF3A3	3	0.0000	0.6827
EIF4A2	IFRD2	3	0.0000	0.6827
MEPCE	IFRD2	3	0.0000	0.6827
EIF4A2	AIMP1	3	0.0119	0.5084
MEPCE	AIMP1	3	0.0007	0.6153
EIF4A2	ILF2	3	0.1419	0.3967
MEPCE	ILF2	3	1.0000	0.0000
EIF4A2	ILF3	3	0.1612	0.3899
MEPCE	ILF3	3	1.0000	0.0000
EIF4A2	TRAP1	3	0.0035	0.5600
MEPCE	TRAP1	3	0.3359	0.1846
EIF4A2	TRAF2	3	0.0000	0.6827
MEPCE	TRAF2	3	0.0043	0.5499
MEPCE	PTP4A2	3	0.6667	0.0325
MEPCE	BNIP1	3	0.3333	0.2157
EIF4A2	CSTF3	3	0.0000	0.6827
MEPCE	CSTF3	3	0.0027	0.5675
EIF4A2	ECH1	3	0.0001	0.6560
MEPCE	ECH1	3	0.3406	0.1751
EIF4A2	MLLT11	3	0.0087	0.5189
MEPCE	MLLT11	3	0.0000	0.6827
EIF4A2	STRN3	3	0.0000	0.6827
MEPCE	STRN3	3	0.0004	0.6296
EIF4A2	CDC16	3	0.0000	0.6827
MEPCE	CDC16	3	0.0084	0.5212
EIF4A2	FLII	3	0.0000	0.6827
MEPCE	FLII	3	0.0000	0.6827
EIF4A2	ACACA	3	0.0000	0.6827
MEPCE	ACACA	3	0.0000	0.6827
EIF4A2	GPS1	3	0.0000	0.6827
MEPCE	GPS1	3	0.0002	0.6444
EIF4A2	IK	3	0.0000	0.6827
MEPCE	IK	3	0.0000	0.6827
MEPCE	PPFIA1	3	0.6660	0.1062
EIF4A2	EIF2B5	3	0.0001	0.6560
MEPCE	EIF2B5	3	0.0769	0.4174
EIF4A2	TARDBP	3	0.0005	0.6247
MEPCE	TARDBP	3	0.0001	0.6560
EIF4A2	HNRNPA0	3	0.3230	0.3436
MEPCE	HNRNPA0	3	0.2168	0.3756
EIF4A2	AIMP2	3	0.3030	0.3530
MEPCE	AIMP2	3	0.0002	0.6444
EIF4A2	CBX3	3	0.0000	0.6827
MEPCE	CBX3	3	0.2193	0.3749
MEPCE	STX5	3	0.0652	0.4283
EIF4A2	PSMD2	3	0.0000	0.6827
MEPCE	PSMD2	3	0.0000	0.6827
EIF4A2	SRSF9	3	0.0171	0.4968
MEPCE	SRSF9	3	0.0506	0.4403
EIF4A2	SRSF5	3	0.0000	0.6827
MEPCE	SRSF5	3	0.0028	0.5667
EIF4A2	SRSF6	3	0.0000	0.6827
MEPCE	SRSF6	3	0.0047	0.5444
EIF4A2	MAD2L1	3	0.0000	0.6827
MEPCE	MAD2L1	3	0.0000	0.6827
EIF4A2	TRIM28	3	0.0000	0.6827
MEPCE	TRIM28	3	0.0000	0.6827
EIF4A2	G3BP1	3	0.0001	0.6560
MEPCE	G3BP1	3	0.0000	0.6827
MEPCE	PTK7	3	1.0000	0.0000
EIF4A2	PABPC4	3	1.0000	0.0000
MEPCE	PABPC4	3	1.0000	0.0000
MEPCE	IFIT5	3	1.0000	0.0000
EIF4A2	MTA1	3	0.0540	0.4354
MEPCE	MTA1	3	0.2146	0.3764
EIF4A2	EIF3I	3	1.0000	0.0000
MEPCE	EIF3I	3	0.0003	0.6354
EIF4A2	PPP2R5C	3	0.0000	0.6827
MEPCE	PPP2R5C	3	0.0000	0.6827
MEPCE	PDCL	3	0.0000	0.6827
MEPCE	TARBP1	3	0.6830	0.0228
EIF4A2	UBE2V1;UBE2V2	3	0.0000	0.6827
EIF4A2	SNTB2	3	0.0000	0.6827
MEPCE	SNTB2	3	0.0000	0.6827
EIF4A2	PPIG	3	0.0000	0.6827
MEPCE	PPIG	3	0.0004	0.6296
EIF4A2	TCOF1	3	0.4399	0.1373
MEPCE	TCOF1	3	0.0023	0.5748
EIF4A2	SF3B2	3	0.0000	0.6827
MEPCE	SF3B2	3	0.0000	0.6827
EIF4A2	PDAP1	3	0.0000	0.6827
MEPCE	PDAP1	3	0.0000	0.6827
MEPCE	MYO9B	3	0.6667	0.0325
EIF4A2	ROCK1	3	0.0000	0.6827
MEPCE	ROCK1	3	0.0000	0.6827
EIF4A2	TUBB3	3	0.0000	0.6827
MEPCE	TUBB3	3	0.0004	0.6296
EIF4A2	PRPF4B	3	0.0083	0.5218
MEPCE	PRPF4B	3	0.1291	0.3996
EIF4A2	HDAC1	3	0.0000	0.6827
MEPCE	HDAC1	3	0.0005	0.6247
EIF4A2	CAMK2G	3	0.3333	0.2157
MEPCE	CAMK2G	3	0.6667	0.0325
EIF4A2	CAMK2D	3	0.0000	0.6827
MEPCE	CAMK2D	3	0.6667	0.0325
EIF4A2	DCTN2	3	0.0000	0.6827
MEPCE	DCTN2	3	0.0000	0.6827
EIF4A2	SNW1	3	0.0000	0.6827
MEPCE	SNW1	3	0.0008	0.6093
MEPCE	IQGAP2	3	1.0000	0.0000
MEPCE	STIM1	3	1.0000	0.0000
EIF4A2	TRA2A	3	0.6667	0.0325
MEPCE	TRA2A	3	0.3333	0.2157
EIF4A2	KRR1	3	0.0000	0.6827
MEPCE	KRR1	3	0.0273	0.4736
MEPCE	MTMR1	3	0.0000	0.6827
MEPCE	MTMR3	3	0.3333	0.2157
MEPCE	CUL1	3	0.0000	0.6827
EIF4A2	CUL2	3	0.0000	0.6827
MEPCE	CUL2	3	0.0000	0.6827
MEPCE	CUL3	3	0.0000	0.6827
MEPCE	CUL4A	3	0.3333	0.2157
EIF4A2	CUL4B	3	0.0000	0.6827
MEPCE	CUL4B	3	0.0490	0.4432
EIF4A2	FHL1	3	0.0000	0.6827
MEPCE	FHL1	3	0.0000	0.6827
EIF4A2	MOGS	3	0.0001	0.6560
MEPCE	MOGS	3	0.5192	0.1262
EIF4A2	PMAIP1	3	0.0024	0.5732
MEPCE	PMAIP1	3	1.0000	0.0000
EIF4A2	SPTAN1	3	0.0022	0.5765
MEPCE	SPTAN1	3	1.0000	0.0000
EIF4A2	DDX39B	3	0.0000	0.6827
MEPCE	DDX39B	3	0.0000	0.6827
EIF4A2	TUBB2A	3	0.0038	0.5564
MEPCE	TUBB2A	3	0.0408	0.4536
EIF4A2	BYSL	3	0.0009	0.6052
MEPCE	BYSL	3	1.0000	0.0000
EIF4A2	CKAP5	3	0.0000	0.6827
MEPCE	CKAP5	3	0.0000	0.6827
EIF4A2	CIRBP	3	0.0000	0.6827
MEPCE	CIRBP	3	0.0001	0.6560
EIF4A2	COX17	3	0.0000	0.6827
MEPCE	COX17	3	0.0064	0.5319
EIF4A2	HNRNPD	3	0.0007	0.6153
MEPCE	HNRNPD	3	0.6593	0.1103
MEPCE	MORC3	3	0.0000	0.6827
EIF4A2	EIF3A	3	1.0000	0.0000
MEPCE	EIF3A	3	0.2691	0.3619
EIF4A2	UBAP2L	3	0.0000	0.6827
MEPCE	UBAP2L	3	0.0000	0.6827
EIF4A2	SCRIB	3	0.0040	0.5544
MEPCE	SCRIB	3	1.0000	0.0000
MEPCE	POLA2	3	0.0000	0.6827
EIF4A2	DOCK1	3	0.0001	0.6560
MEPCE	DOCK1	3	0.0119	0.5084
EIF4A2	DPYSL3	3	0.0000	0.6827
MEPCE	DPYSL3	3	0.0000	0.6827
EIF4A2	MRPL58	3	0.0000	0.6827
MEPCE	MRPL58	3	0.0000	0.6827
EIF4A2	ZMYM3;ZMYM4	3	0.3333	0.2157
EIF4A2	DCTN1	3	0.0000	0.6827
MEPCE	DCTN1	3	0.0000	0.6827
EIF4A2	DYNC1H1	3	0.0000	0.6827
MEPCE	DYNC1H1	3	0.0000	0.6827
EIF4A2	EIF2B1	3	0.0000	0.6827
MEPCE	EIF2B1	3	0.9990	0.0000
EIF4A2	EIF4A2	3	1.0000	0.0000
MEPCE	EIF4A2	3	0.0021	0.5788
EIF4A2	ELOA	3	0.3307	0.3365
MEPCE	ELOA	3	0.1007	0.4115
EIF4A2	MAP7	3	0.0000	0.6827
MEPCE	MAP7	3	0.0000	0.6827
EIF4A2	CTTN	3	0.0000	0.6827
MEPCE	CTTN	3	0.0000	0.6827
MEPCE	ENDOG	3	1.0000	0.0000
EIF4A2	RCN2	3	0.0000	0.6827
MEPCE	RCN2	3	0.0000	0.6827
EIF4A2	TRIM25	3	0.0000	0.6827
MEPCE	TRIM25	3	0.3327	0.3331
EIF4A2	FKBP8	3	0.0375	0.4575
MEPCE	FKBP8	3	0.2888	0.3564
EIF4A2	FAM50A	3	0.0657	0.4279
MEPCE	FAM50A	3	0.2511	0.3679
EIF4A2	FRG1	3	0.0000	0.6827
MEPCE	FRG1	3	0.0000	0.6827
EIF4A2	GNA13	3	0.0000	0.6827
MEPCE	GNA13	3	0.3333	0.2157
EIF4A2	CAPRIN1	3	0.0528	0.4378
MEPCE	CAPRIN1	3	0.0076	0.5256
EIF4A2	SLBP	3	1.0000	0.0000
MEPCE	SLBP	3	0.9863	0.0004
EIF4A2	RBM39	3	0.0000	0.6827
MEPCE	RBM39	3	0.0300	0.4687
EIF4A2	PDIA5	3	0.0004	0.6296
MEPCE	PDIA5	3	0.0496	0.4419
MEPCE	PRPSAP1	3	0.0005	0.6247
EIF4A2	MCM6	3	0.0000	0.6827
MEPCE	MCM6	3	0.0017	0.5855
EIF4A2	CLINT1	3	0.0000	0.6827
MEPCE	CLINT1	3	0.0009	0.6052
EIF4A2	MELK	3	0.0002	0.6444
MEPCE	MELK	3	0.3333	0.2157
EIF4A2	SMC1A	3	0.0000	0.6827
MEPCE	SMC1A	3	0.0042	0.5511
EIF4A2	RRP1B	3	0.0171	0.4968
MEPCE	RRP1B	3	0.3394	0.1759
EIF4A2	BMS1	3	0.6667	0.0325
MEPCE	BMS1	3	0.3333	0.2157
EIF4A2	USP10	3	0.3333	0.2157
MEPCE	MESD	3	0.0229	0.4807
EIF4A2	GANAB	3	0.0000	0.6827
MEPCE	GANAB	3	0.0000	0.6827
EIF4A2	LBR	3	0.0022	0.5765
MEPCE	LBR	3	1.0000	0.0000
MEPCE	COG2	3	0.6667	0.0325
EIF4A2	LTBP1	3	0.0000	0.6827
MEPCE	LTBP1	3	0.0001	0.6560
EIF4A2	CHD4	3	0.0000	0.6827
MEPCE	CHD4	3	0.0000	0.6827
MEPCE	LASP1	3	0.0000	0.6827
EIF4A2	DRAP1	3	0.0000	0.6827
MEPCE	DRAP1	3	0.0000	0.6827
EIF4A2	ZNF638	3	0.0000	0.6827
MEPCE	ZNF638	3	0.0000	0.6827
EIF4A2	KPNB1	3	0.0024	0.5732
MEPCE	KPNB1	3	1.0000	0.0000
EIF4A2	NOLC1	3	0.0008	0.6093
MEPCE	NOLC1	3	0.0141	0.5044
EIF4A2	NUMA1	3	0.3333	0.2157
EIF4A2	CUL7	3	0.0144	0.5033
MEPCE	CUL7	3	0.0061	0.5349
EIF4A2	GAPVD1	3	0.0000	0.6827
MEPCE	GAPVD1	3	0.0000	0.6827
EIF4A2	NCAPH	3	0.0097	0.5167
MEPCE	NCAPH	3	0.0745	0.4195
EIF4A2	PCLAF	3	0.0000	0.6827
MEPCE	PCLAF	3	0.0000	0.6827
EIF4A2	PSMD6	3	0.0000	0.6827
MEPCE	PSMD6	3	0.0000	0.6827
EIF4A2	MORF4L2	3	0.0362	0.4583
MEPCE	MORF4L2	3	0.1528	0.3927
EIF4A2	ABRAXAS2	3	0.0001	0.6560
MEPCE	ABRAXAS2	3	0.0001	0.6560
EIF4A2	SEPTIN2	3	0.0000	0.6827
MEPCE	SEPTIN2	3	0.0000	0.6827
EIF4A2	SART3	3	0.0044	0.5491
MEPCE	SART3	3	1.0000	0.0000
EIF4A2	NCAPD2	3	0.0000	0.6827
MEPCE	NCAPD2	3	0.0000	0.6827
EIF4A2	EFTUD2	3	0.0000	0.6827
MEPCE	EFTUD2	3	0.0000	0.6827
MEPCE	RAB3GAP1	3	0.1148	0.4045
EIF4A2	SLC39A14	3	0.0022	0.5765
MEPCE	SLC39A14	3	0.0043	0.5499
EIF4A2	KARS1	3	0.0004	0.6296
MEPCE	KARS1	3	0.3331	0.3317
MEPCE	IQCB1	3	0.0000	0.6827
EIF4A2	EIF4H	3	0.0000	0.6827
MEPCE	EIF4H	3	0.0000	0.6827
EIF4A2	ACAP2	3	0.0001	0.6560
MEPCE	ACAP2	3	0.3277	0.3393
MEPCE	KIF14	3	0.6667	0.0325
EIF4A2	BRD3	3	0.0006	0.6203
MEPCE	BRD3	3	0.0007	0.6153
EIF4A2	EEA1	3	0.2360	0.3712
MEPCE	EEA1	3	0.0062	0.5337
EIF4A2	PDIA6	3	0.0000	0.6827
MEPCE	PDIA6	3	0.0000	0.6827
EIF4A2	PDK3	3	0.8558	0.0061
MEPCE	PDK3	3	0.4481	0.1359
MEPCE	EBP	3	0.2347	0.3715
MEPCE	PLEC	3	1.0000	0.0000
EIF4A2	PPA1	3	0.0000	0.6827
MEPCE	PPA1	3	0.0000	0.6827
EIF4A2	PTGES3	3	0.5852	0.1201
MEPCE	PTGES3	3	0.3759	0.1525
EIF4A2	STK38	3	0.0000	0.6827
MEPCE	STK38	3	0.0000	0.6827
EIF4A2	NONO	3	1.0000	0.0000
MEPCE	NONO	3	0.1662	0.3883
EIF4A2	RABEP1	3	0.0000	0.6827
MEPCE	RABEP1	3	0.0002	0.6444
EIF4A2	RNPS1	3	0.0000	0.6827
MEPCE	RNPS1	3	0.2316	0.3723
EIF4A2	RCN1	3	0.3356	0.1903
MEPCE	RCN1	3	0.3418	0.1722
MEPCE	LLGL1	3	0.0227	0.4814
EIF4A2	TMED2	3	0.3333	0.2157
MEPCE	TMED2	3	0.6667	0.0325
EIF4A2	PCBP1	3	0.0000	0.6827
MEPCE	PCBP1	3	0.0000	0.6827
EIF4A2	PCBP2	3	0.3276	0.3399
MEPCE	PCBP2	3	0.0218	0.4832
EIF4A2	ELOC	3	0.0002	0.6444
MEPCE	ELOC	3	0.0115	0.5094
EIF4A2	ELOB	3	0.0000	0.6827
MEPCE	ELOB	3	0.0000	0.6827
MEPCE	RHEB	3	0.3333	0.2157
EIF4A2	DHCR24	3	0.0000	0.6827
MEPCE	DHCR24	3	0.0000	0.6827
EIF4A2	SF3B3	3	0.0000	0.6827
MEPCE	SF3B3	3	0.0000	0.6827
EIF4A2	RSU1	3	0.0000	0.6827
MEPCE	RSU1	3	0.0000	0.6827
EIF4A2	CNN3	3	0.0000	0.6827
MEPCE	CNN3	3	0.0009	0.6052
EIF4A2	SAFB	3	0.0000	0.6827
MEPCE	SAFB	3	0.0000	0.6827
EIF4A2	SF3B4	3	0.0000	0.6827
MEPCE	SF3B4	3	0.0000	0.6827
EIF4A2	SF3A2	3	0.0000	0.6827
MEPCE	SF3A2	3	0.0005	0.6247
EIF4A2	SEC23A	3	0.0000	0.6827
MEPCE	SEC23A	3	0.0000	0.6827
EIF4A2	SF3A1	3	0.0000	0.6827
MEPCE	SF3A1	3	0.0000	0.6827
EIF4A2	SKIC2	3	0.0001	0.6560
MEPCE	SKIC2	3	0.3358	0.1853
MEPCE	TCEA2	3	0.4315	0.1394
MEPCE	TSN	3	0.3333	0.2157
EIF4A2	SF1	3	0.0000	0.6827
MEPCE	SF1	3	0.0000	0.6827
EIF4A2	TRIP13	3	0.0000	0.6827
MEPCE	TRIP13	3	0.0000	0.6827
EIF4A2	MED1	3	0.0052	0.5412
MEPCE	MED1	3	0.0282	0.4717
EIF4A2	TRIP6	3	0.0001	0.6560
MEPCE	TRIP6	3	0.0002	0.6444
MEPCE	MAPRE1;MAPRE3	3	0.1311	0.3984
EIF4A2	ELAVL1	3	1.0000	0.0000
MEPCE	ELAVL1	3	1.0000	0.0000
MEPCE	NSDHL	3	0.0522	0.4395
EIF4A2	TAB1	3	0.0001	0.6560
MEPCE	TAB1	3	0.0003	0.6354
EIF4A2	SLC1A5	3	0.0000	0.6827
MEPCE	SLC1A5	3	0.0000	0.6827
EIF4A2	MLF2	3	0.0000	0.6827
MEPCE	MLF2	3	0.0003	0.6354
EIF4A2	TOMM34	3	0.0000	0.6827
MEPCE	TOMM34	3	0.0000	0.6827
EIF4A2	NEDD8	3	0.0000	0.6827
MEPCE	NEDD8	3	0.0000	0.6827
MEPCE	ATP6AP1	3	0.5629	0.1217
EIF4A2	RAB11B	3	0.3196	0.3460
MEPCE	RAB11B	3	0.0001	0.6560
EIF4A2	ZYX	3	0.0000	0.6827
MEPCE	ZYX	3	0.0000	0.6827
EIF4A2	SEPTIN7	3	0.0000	0.6827
MEPCE	SEPTIN7	3	0.0000	0.6827
EIF4A2	ADRM1	3	0.0000	0.6827
MEPCE	ADRM1	3	0.0000	0.6827
MEPCE	CCDC6	3	0.0003	0.6354
MEPCE	PDCD2	3	0.0000	0.6827
EIF4A2	INA	3	0.0047	0.5444
MEPCE	INA	3	0.8061	0.0090
MEPCE	PKN2	3	1.0000	0.0000
EIF4A2	CSRP2	3	0.0000	0.6827
MEPCE	CSRP2	3	0.0188	0.4904
EIF4A2	DDB1	3	0.0000	0.6827
MEPCE	DDB1	3	0.0003	0.6354
EIF4A2	CDC37	3	0.0000	0.6827
MEPCE	CDC37	3	0.0000	0.6827
EIF4A2	DPYSL2	3	0.0001	0.6560
MEPCE	DPYSL2	3	0.3336	0.2066
EIF4A2	RBBP7	3	0.0000	0.6827
MEPCE	RBBP7	3	0.0000	0.6827
EIF4A2	SRSF7	3	0.7433	0.0144
MEPCE	SRSF7	3	1.0000	0.0000
EIF4A2	CPSF6	3	0.0000	0.6827
MEPCE	CPSF6	3	0.0000	0.6827
EIF4A2	DBN1	3	0.6667	0.0325
MEPCE	DBN1	3	1.0000	0.0000
EIF4A2	MAPK6	3	0.0001	0.6560
MEPCE	MAPK6	3	0.0000	0.6827
MEPCE	NDUFA5	3	0.0000	0.6827
EIF4A2	UBE2S	3	0.0000	0.6827
MEPCE	UBE2S	3	0.0000	0.6827
EIF4A2	QPCT	3	0.0000	0.6827
MEPCE	QPCT	3	0.0000	0.6827
MEPCE	NDUFA9	3	0.6720	0.0258
EIF4A2	CYP51A1	3	0.0000	0.6827
EIF4A2	UGP2	3	0.0000	0.6827
MEPCE	UGP2	3	0.0000	0.6827
MEPCE	ATP6V1F	3	0.0000	0.6827
EIF4A2	PFKFB3	3	0.0000	0.6827
MEPCE	PFKFB3	3	0.7773	0.0116
MEPCE	UGT8	3	0.3306	0.3372
EIF4A2	KNOP1	3	0.0007	0.6153
MEPCE	KNOP1	3	0.9949	0.0001
EIF4A2	INF2	3	0.0789	0.4161
MEPCE	INF2	3	0.0733	0.4216
EIF4A2	WASHC4	3	0.0000	0.6827
MEPCE	WASHC4	3	0.0000	0.6827
EIF4A2	TSR1	3	0.0003	0.6354
MEPCE	TSR1	3	0.1138	0.4058
MEPCE	ALG11	3	0.3333	0.2157
EIF4A2	SMU1	3	0.0001	0.6560
MEPCE	SMU1	3	0.3638	0.1555
EIF4A2	CWF19L2	3	0.0000	0.6827
MEPCE	CWF19L2	3	0.0004	0.6296
EIF4A2	LRRFIP1	3	0.0001	0.6560
MEPCE	LRRFIP1	3	0.2517	0.3676
EIF4A2	POLR1F	3	0.0000	0.6827
MEPCE	POLR1F	3	0.0000	0.6827
EIF4A2	EDRF1	3	1.0000	0.0000
MEPCE	MAP7D1	3	0.0000	0.6827
EIF4A2	LSM12	3	1.0000	0.0000
MEPCE	LSM12	3	0.3364	0.1832
EIF4A2	HSDL1	3	0.6665	0.1041
MEPCE	HSDL1	3	0.0000	0.6827
EIF4A2	RABL6	3	0.0000	0.6827
MEPCE	RABL6	3	0.0000	0.6827
EIF4A2	VMA21	3	0.0000	0.6827
MEPCE	VMA21	3	0.0001	0.6560
EIF4A2	TIMM50	3	0.0000	0.6827
MEPCE	TIMM50	3	0.0000	0.6827
MEPCE	GLYR1	3	0.3296	0.3376
EIF4A2	MAP9	3	0.3333	0.2157
MEPCE	MAP9	3	0.3333	0.2157
EIF4A2	LARP7	3	0.0026	0.5691
MEPCE	LARP7	3	1.0000	0.0000
MEPCE	NADK2	3	0.6541	0.1116
EIF4A2	GXYLT1	3	0.0000	0.6827
MEPCE	GXYLT1	3	0.0007	0.6153
EIF4A2	TBC1D10B	3	0.0000	0.6827
MEPCE	TBC1D10B	3	0.0022	0.5765
MEPCE	CTXN3	3	0.3333	0.2157
MEPCE	GRIPAP1	3	0.3767	0.1517
MEPCE	BCL7A;BCL7B;BCL7C	3	0.0000	0.6827
EIF4A2	FAM98B	3	0.0002	0.6444
MEPCE	FAM98B	3	0.0015	0.5900
EIF4A2	PDCD4	3	1.0000	0.0000
EIF4A2	GPAT3	3	0.5135	0.1268
MEPCE	GPAT3	3	1.0000	0.0000
EIF4A2	HSD17B12	3	0.0000	0.6827
MEPCE	HSD17B12	3	0.0000	0.6827
EIF4A2	USP39	3	0.0000	0.6827
MEPCE	USP39	3	1.0000	0.0000
MEPCE	PYCR3	3	0.0001	0.6560
MEPCE	EIPR1	3	0.0205	0.4858
EIF4A2	ACTBL2	3	0.0196	0.4879
MEPCE	ACTBL2	3	1.0000	0.0000
EIF4A2	CCDC93	3	0.0000	0.6827
MEPCE	CCDC93	3	0.0013	0.5948
EIF4A2	SPIN4	3	0.0000	0.6827
MEPCE	SPIN4	3	0.5898	0.1191
EIF4A2	EAPP	3	0.0000	0.6827
MEPCE	EAPP	3	0.0002	0.6444
EIF4A2	HSP90AB4P	3	0.0000	0.6827
MEPCE	HSP90AB4P	3	0.0000	0.6827
MEPCE	HSP90AA4P	3	0.0000	0.6827
MEPCE	TMEM97	3	0.0000	0.6827
EIF4A2	FAM133B	3	0.0000	0.6827
MEPCE	FAM133B	3	0.0000	0.6827
EIF4A2	ZNF326	3	0.2518	0.3672
MEPCE	ZNF326	3	0.0000	0.6827
EIF4A2	PPP6R3	3	0.0000	0.6827
MEPCE	PPP6R3	3	0.0032	0.5624
MEPCE	RABL3	3	0.3333	0.2157
EIF4A2	FAM76B	3	0.0069	0.5285
MEPCE	FAM76B	3	0.0026	0.5691
MEPCE	EARS2	3	0.3333	0.2157
EIF4A2	PRRC2B	3	1.0000	0.0000
MEPCE	PRRC2B	3	0.6512	0.1133
EIF4A2	RRP12	3	0.1973	0.3805
MEPCE	RRP12	3	1.0000	0.0000
EIF4A2	AARS2	3	0.3333	0.2157
MEPCE	TEX30	3	0.3333	0.2157
EIF4A2	PCID2	3	0.0738	0.4208
MEPCE	PCID2	3	0.0000	0.6827
EIF4A2	HABP4	3	0.0000	0.6827
MEPCE	HABP4	3	0.0033	0.5613
EIF4A2	SPECC1	3	0.3333	0.2157
MEPCE	SPECC1	3	0.3333	0.2157
EIF4A2	RABGAP1L	3	0.0000	0.6827
MEPCE	RABGAP1L	3	0.0000	0.6827
EIF4A2	EXOSC6	3	0.0000	0.6827
MEPCE	EXOSC6	3	0.0000	0.6827
MEPCE	ATAT1	3	0.0000	0.6827
EIF4A2	NUP188	3	0.3333	0.2157
MEPCE	HP1BP3	3	0.6921	0.0199
EIF4A2	VARS2	3	0.3333	0.2157
MEPCE	VARS2	3	0.6667	0.0325
MEPCE	ODR4	3	0.6667	0.0325
MEPCE	NOL9	3	0.3343	0.1945
EIF4A2	CHCHD2;CHCHD2P9	3	0.0116	0.5091
MEPCE	CHCHD2;CHCHD2P9	3	1.0000	0.0000
EIF4A2	ZC3H13	3	0.0000	0.6827
MEPCE	ZC3H13	3	0.0380	0.4571
MEPCE	SPOUT1	3	0.3333	0.2157
EIF4A2	GPATCH4	3	0.0007	0.6153
MEPCE	GPATCH4	3	0.6699	0.0266
EIF4A2	IBA57	3	0.0016	0.5874
MEPCE	IBA57	3	0.9953	0.0001
EIF4A2	UBR4	3	0.0000	0.6827
MEPCE	UBR4	3	0.0000	0.6827
MEPCE	ARHGAP21	3	0.3333	0.2157
EIF4A2	UBAP2	3	0.0000	0.6827
MEPCE	UBAP2	3	0.0000	0.6827
EIF4A2	RBM26	3	0.0003	0.6354
MEPCE	RBM26	3	0.9998	0.0000
MEPCE	WLS	3	0.0003	0.6354
EIF4A2	DCAF8	3	0.0000	0.6827
MEPCE	DCAF8	3	0.0357	0.4587
MEPCE	ERBB2;ERBB4;MAP3K10;MAP3K11;MAP3K21;MAP3K9	3	0.3333	0.2157
MEPCE	VPS13D	3	0.6667	0.0325
MEPCE	RIF1	3	0.6667	0.0325
EIF4A2	VPS53	3	0.0020	0.5798
MEPCE	VPS53	3	0.0001	0.6560
EIF4A2	STRIP1	3	0.0000	0.6827
MEPCE	STRIP1	3	0.0000	0.6827
EIF4A2	CDC42BPA	3	0.3333	0.2157
MEPCE	CDC42BPA	3	1.0000	0.0000
EIF4A2	RPRD2	3	0.0000	0.6827
MEPCE	RPRD2	3	0.4959	0.1293
EIF4A2	ANGEL2	3	0.6667	0.0325
MEPCE	ANGEL2	3	1.0000	0.0000
EIF4A2	PRPF38B	3	0.0000	0.6827
MEPCE	PRPF38B	3	0.0002	0.6444
EIF4A2	RNF20	3	0.0000	0.6827
MEPCE	RNF20	3	0.0668	0.4267
EIF4A2	ZNF318	3	0.0399	0.4559
MEPCE	ZNF318	3	0.0186	0.4915
EIF4A2	LRCH2	3	0.0002	0.6444
MEPCE	LRCH2	3	0.0047	0.5444
MEPCE	CDKAL1	3	0.6667	0.0325
EIF4A2	FOCAD	3	0.0000	0.6827
MEPCE	FOCAD	3	0.0001	0.6560
EIF4A2	ECPAS	3	0.0000	0.6827
MEPCE	ECPAS	3	0.0000	0.6827
EIF4A2	MBNL1;MBNL2;MBNL3	3	0.6667	0.0325
EIF4A2	CARMIL1	3	0.3333	0.2157
MEPCE	OBI1	3	0.3333	0.2157
MEPCE	RNF213	3	0.0001	0.6560
EIF4A2	WASHC2A	3	0.0012	0.5968
MEPCE	WASHC2A	3	0.3364	0.1832
MEPCE	STEAP3	3	1.0000	0.0000
EIF4A2	FAM91A1	3	0.3333	0.2157
MEPCE	FAM91A1	3	0.3333	0.2157
EIF4A2	LARP1B	3	0.0000	0.6827
MEPCE	LARP1B	3	0.0202	0.4869
EIF4A2	MAP1S	3	0.0000	0.6827
MEPCE	MAP1S	3	0.0000	0.6827
EIF4A2	ARL6IP4	3	0.0000	0.6827
MEPCE	ARL6IP4	3	0.0000	0.6827
MEPCE	UTP25	3	0.3333	0.2157
EIF4A2	HAUS3	3	0.0001	0.6560
MEPCE	HAUS3	3	0.0020	0.5798
EIF4A2	SPTY2D1	3	0.0000	0.6827
MEPCE	SPTY2D1	3	0.0000	0.6827
MEPCE	ARHGAP17	3	0.0000	0.6827
MEPCE	NCBP2AS2	3	0.0000	0.6827
MEPCE	SPECC1L	3	0.6667	0.0325
MEPCE	ANKRD40	3	0.3333	0.2157
MEPCE	BLTP3A	3	0.0000	0.6827
EIF4A2	CIAPIN1	3	0.0000	0.6827
EIF4A2	ELP2	3	0.0000	0.6827
MEPCE	ELP2	3	0.0006	0.6203
MEPCE	DHRS7B	3	0.0005	0.6247
MEPCE	NCAPH2	3	0.0000	0.6827
EIF4A2	PPP4R3A	3	0.0000	0.6827
MEPCE	PPP4R3A	3	0.0000	0.6827
EIF4A2	SDE2	3	0.0000	0.6827
MEPCE	SDE2	3	0.0000	0.6827
EIF4A2	PDE12	3	0.3333	0.2157
MEPCE	PDE12	3	0.0004	0.6296
MEPCE	DENND10;DENND10P1	3	0.0013	0.5948
MEPCE	TMEM214	3	0.3333	0.2157
EIF4A2	MZT2B	3	0.0000	0.6827
MEPCE	MZT2B	3	0.0000	0.6827
EIF4A2	CAVIN1	3	0.0001	0.6560
MEPCE	CAVIN1	3	0.0003	0.6354
MEPCE	ZCCHC8	3	1.0000	0.0000
MEPCE	DHX57	3	0.6667	0.0325
MEPCE	MRPL54	3	0.0000	0.6827
EIF4A2	LPCAT3	3	0.0003	0.6354
MEPCE	LPCAT3	3	0.0000	0.6827
EIF4A2	CDC73	3	0.0000	0.6827
MEPCE	CDC73	3	0.0000	0.6827
EIF4A2	FAM117B	3	0.3333	0.2157
MEPCE	FAM117B	3	0.3333	0.2157
EIF4A2	MRPL14	3	0.0024	0.5732
MEPCE	MRPL14	3	0.0076	0.5256
EIF4A2	SLC27A4	3	0.2680	0.3630
MEPCE	SLC27A4	3	0.6666	0.1032
EIF4A2	CC2D1A	3	0.0000	0.6827
MEPCE	CC2D1A	3	0.0000	0.6827
EIF4A2	TAF2	3	0.7801	0.0105
MEPCE	TAF2	3	0.5324	0.1250
EIF4A2	EDC4	3	0.0506	0.4403
MEPCE	EDC4	3	0.1658	0.3887
EIF4A2	PRPF8	3	0.0000	0.6827
MEPCE	PRPF8	3	0.0008	0.6093
EIF4A2	SCYL2	3	0.0000	0.6827
MEPCE	SCYL2	3	0.0000	0.6827
EIF4A2	RPL22L1	3	0.0000	0.6827
MEPCE	RPL22L1	3	0.0000	0.6827
EIF4A2	ALKBH5	3	0.0000	0.6827
MEPCE	ALKBH5	3	0.0013	0.5948
EIF4A2	CTR9	3	0.0000	0.6827
MEPCE	CTR9	3	0.6640	0.1087
EIF4A2	PSRC1	3	0.0000	0.6827
MEPCE	PSRC1	3	0.0006	0.6203
EIF4A2	SKIC3	3	0.0000	0.6827
MEPCE	SKIC3	3	0.0007	0.6153
EIF4A2	DARS2	3	0.0000	0.6827
MEPCE	DARS2	3	0.5438	0.1239
EIF4A2	TRIM65	3	0.0000	0.6827
MEPCE	TRIM65	3	0.0000	0.6827
EIF4A2	BRAT1	3	0.0000	0.6827
MEPCE	BRAT1	3	0.0000	0.6827
EIF4A2	CCDC137	3	0.0000	0.6827
MEPCE	CCDC137	3	0.3561	0.1601
EIF4A2	LARP1	3	1.0000	0.0000
MEPCE	LARP1	3	0.6801	0.0243
EIF4A2	BLOC1S2	3	0.0000	0.6827
MEPCE	BLOC1S2	3	0.0000	0.6827
EIF4A2	SARM1	3	0.0000	0.6827
MEPCE	SARM1	3	0.0000	0.6827
EIF4A2	MTHFD1L	3	0.0006	0.6203
MEPCE	MTHFD1L	3	0.0000	0.6827
EIF4A2	ANKRD11	3	0.6667	0.0325
EIF4A2	FIP1L1	3	0.1258	0.4013
MEPCE	FIP1L1	3	0.0092	0.5176
MEPCE	CRTC3	3	0.0000	0.6827
MEPCE	LCLAT1	3	0.6667	0.0325
EIF4A2	WDR82	3	0.0000	0.6827
MEPCE	WDR82	3	0.0000	0.6827
MEPCE	PACS1	3	0.6667	0.0325
EIF4A2	RAB11FIP1	3	0.3333	0.2157
MEPCE	RAB11FIP1	3	1.0000	0.0000
EIF4A2	GIGYF2	3	0.0000	0.6827
MEPCE	GIGYF2	3	0.0000	0.6827
MEPCE	THADA	3	0.0000	0.6827
MEPCE	LIN28B	3	0.3333	0.2157
MEPCE	NFXL1	3	0.2224	0.3734
EIF4A2	NKAPD1	3	0.6667	0.0325
MEPCE	VPS13C	3	0.0834	0.4157
MEPCE	USP34	3	0.0014	0.5922
MEPCE	MOB2	3	0.0724	0.4221
EIF4A2	FRA10AC1	3	0.0000	0.6827
MEPCE	FRA10AC1	3	0.0001	0.6560
EIF4A2	LARP4	3	1.0000	0.0000
EIF4A2	TUBA1A	3	0.0000	0.6827
MEPCE	TUBA1A	3	0.0000	0.6827
EIF4A2	RPS27L	3	0.0000	0.6827
MEPCE	RPS27L	3	0.0000	0.6827
MEPCE	SUPT6H	3	0.0151	0.5026
EIF4A2	SND1	3	0.0000	0.6827
MEPCE	SND1	3	0.0000	0.6827
MEPCE	MARK2	3	0.3333	0.2157
EIF4A2	DDX46	3	0.0000	0.6827
MEPCE	DDX46	3	0.0000	0.6827
EIF4A2	TRMT10C	3	0.0000	0.6827
MEPCE	TRMT10C	3	0.0001	0.6560
EIF4A2	BZW1	3	0.0000	0.6827
MEPCE	BZW1	3	0.0000	0.6827
EIF4A2	DHX30	3	0.6667	0.0325
MEPCE	DHX30	3	1.0000	0.0000
EIF4A2	EIF3M	3	1.0000	0.0000
MEPCE	EIF3M	3	0.0448	0.4488
EIF4A2	MEPCE	3	0.0021	0.5788
MEPCE	MEPCE	3	1.0000	0.0000
EIF4A2	RSRC2	3	0.0000	0.6827
MEPCE	RSRC2	3	0.2644	0.3651
EIF4A2	CYFIP1	3	0.0000	0.6827
MEPCE	CYFIP1	3	0.0000	0.6827
EIF4A2	GET4	3	0.0592	0.4317
MEPCE	GET4	3	0.2746	0.3609
EIF4A2	COPS6	3	0.0000	0.6827
MEPCE	COPS6	3	0.0000	0.6827
MEPCE	MAEA	3	0.0000	0.6827
EIF4A2	TAOK1	3	0.0000	0.6827
MEPCE	TAOK1	3	0.0000	0.6827
EIF4A2	FASTKD5	3	0.0011	0.5991
MEPCE	FASTKD5	3	0.3712	0.1540
EIF4A2	MOB1B	3	0.0000	0.6827
MEPCE	MOB1B	3	0.0000	0.6827
EIF4A2	PHF5A	3	0.0000	0.6827
MEPCE	PHF5A	3	0.0000	0.6827
MEPCE	TRMT1L	3	1.0000	0.0000
EIF4A2	ZC3HAV1	3	0.0000	0.6827
MEPCE	ZC3HAV1	3	0.4741	0.1319
EIF4A2	TRAPPC11	3	0.0000	0.6827
MEPCE	TRAPPC11	3	0.1107	0.4083
EIF4A2	NUP54	3	0.0000	0.6827
MEPCE	ATG9A	3	0.6667	0.0325
MEPCE	ARMC9	3	0.3333	0.2157
EIF4A2	VPS35L	3	0.0042	0.5511
MEPCE	VPS35L	3	0.0903	0.4140
MEPCE	ZFYVE16	3	0.0000	0.6827
EIF4A2	MON2	3	0.0000	0.6827
MEPCE	MON2	3	0.0000	0.6827
EIF4A2	MYH14	3	0.0000	0.6827
MEPCE	MYH14	3	0.0000	0.6827
EIF4A2	NUFIP2	3	1.0000	0.0000
MEPCE	NUFIP2	3	0.3618	0.1563
MEPCE	PKD1L3	3	0.3333	0.2157
EIF4A2	HAUS6	3	0.0492	0.4427
MEPCE	HAUS6	3	0.0528	0.4378
MEPCE	KIF21A	3	0.0025	0.5714
EIF4A2	HDGFL2	3	0.0000	0.6827
MEPCE	HDGFL2	3	0.0000	0.6827
EIF4A2	DCXR	3	0.0000	0.6827
EIF4A2	ARHGAP22	3	0.1844	0.3832
MEPCE	ARHGAP22	3	0.9023	0.0030
EIF4A2	RBBP6	3	0.3333	0.2157
MEPCE	RBBP6	3	0.3342	0.1959
EIF4A2	HUWE1	3	0.0002	0.6444
MEPCE	HUWE1	3	0.3578	0.1593
EIF4A2	SLFN11	3	0.0000	0.6827
MEPCE	SLFN11	3	0.0015	0.5900
MEPCE	PIP4P1	3	0.0000	0.6827
MEPCE	PATL1	3	0.6667	0.0325
EIF4A2	MRPL52	3	0.0016	0.5874
MEPCE	MRPL52	3	0.0302	0.4676
MEPCE	TTC7B	3	0.0000	0.6827
EIF4A2	PABPN1	3	0.0464	0.4468
MEPCE	PABPN1	3	0.0337	0.4614
EIF4A2	MTDH	3	0.0007	0.6153
MEPCE	MTDH	3	0.2445	0.3694
EIF4A2	ZNF598	3	0.0000	0.6827
MEPCE	ZNF598	3	0.0017	0.5855
EIF4A2	GPAT4	3	0.6667	0.0325
MEPCE	GPAT4	3	0.3333	0.2157
EIF4A2	CADPS2	3	0.0000	0.6827
MEPCE	CADPS2	3	0.0000	0.6827
EIF4A2	ALYREF	3	0.0001	0.6560
MEPCE	ALYREF	3	1.0000	0.0000
MEPCE	IQGAP3	3	0.0000	0.6827
EIF4A2	ZC3H18	3	0.6652	0.1078
EIF4A2	CAND1	3	0.0000	0.6827
MEPCE	CAND1	3	0.0000	0.6827
EIF4A2	RETREG3	3	0.0004	0.6296
MEPCE	RETREG3	3	0.0043	0.5499
EIF4A2	HOOK3	3	0.0000	0.6827
MEPCE	HOOK3	3	0.0000	0.6827
EIF4A2	COMMD7	3	0.0000	0.6827
MEPCE	COMMD7	3	0.0001	0.6560
MEPCE	METTL16	3	1.0000	0.0000
EIF4A2	GPBP1	3	0.0000	0.6827
MEPCE	GPBP1	3	0.0000	0.6827
EIF4A2	PROSER2	3	0.0000	0.6827
MEPCE	PROSER2	3	0.0040	0.5544
EIF4A2	RPS19BP1	3	0.2660	0.3644
MEPCE	RPS19BP1	3	0.2291	0.3726
MEPCE	RALGAPB	3	0.0000	0.6827
EIF4A2	CARM1	3	0.0000	0.6827
MEPCE	CARM1	3	0.0000	0.6827
EIF4A2	COMMD2	3	0.0000	0.6827
MEPCE	COMMD2	3	0.0002	0.6444
EIF4A2	CIR1	3	0.0001	0.6560
MEPCE	CIR1	3	0.0000	0.6827
EIF4A2	NCAPG2	3	0.0000	0.6827
MEPCE	NCAPG2	3	0.0000	0.6827
EIF4A2	DDX42	3	0.0001	0.6560
MEPCE	DDX42	3	0.0740	0.4200
EIF4A2	DNAAF5	3	0.0000	0.6827
MEPCE	DNAAF5	3	0.0030	0.5648
MEPCE	TDRP	3	0.0106	0.5124
EIF4A2	HOMER1	3	0.0005	0.6247
MEPCE	HOMER1	3	0.0020	0.5798
EIF4A2	GATAD2A	3	0.3333	0.2157
MEPCE	GATAD2A	3	0.3333	0.2157
MEPCE	C2CD5	3	0.0000	0.6827
EIF4A2	IRF2BP1	3	0.0000	0.6827
EIF4A2	ERC1	3	0.0000	0.6827
MEPCE	ERC1	3	0.0000	0.6827
EIF4A2	TRAPPC5	3	0.0000	0.6827
MEPCE	TRAPPC5	3	0.0004	0.6296
EIF4A2	PLD3	3	0.0003	0.6354
MEPCE	PLD3	3	0.0244	0.4773
EIF4A2	CCDC50	3	0.3333	0.2157
EIF4A2	MAPKAPK5	3	0.3333	0.2157
EIF4A2	MAP7D3	3	0.0227	0.4814
MEPCE	MAP7D3	3	0.6109	0.1181
MEPCE	FOXRED2	3	0.0000	0.6827
EIF4A2	MGA	3	0.0000	0.6827
MEPCE	MGA	3	0.0008	0.6093
MEPCE	HSCB	3	0.3333	0.2157
EIF4A2	PHF6	3	0.0000	0.6827
MEPCE	PHF6	3	0.3162	0.3470
EIF4A2	CHERP	3	0.0000	0.6827
MEPCE	CHERP	3	0.8836	0.0041
MEPCE	CDAN1	3	0.6462	0.1145
MEPCE	ANKHD1	3	0.6689	0.0288
EIF4A2	CCAR1	3	0.0000	0.6827
MEPCE	CCAR1	3	0.0002	0.6444
EIF4A2	DHX40	3	0.0000	0.6827
MEPCE	DHX40	3	0.0000	0.6827
EIF4A2	DNAJC10	3	0.0000	0.6827
MEPCE	DNAJC10	3	0.0005	0.6247
EIF4A2	NELFCD	3	0.0000	0.6827
MEPCE	NELFCD	3	0.0000	0.6827
EIF4A2	MSRB3	3	0.0000	0.6827
MEPCE	MSRB3	3	0.0000	0.6827
MEPCE	MRPL41	3	0.5086	0.1274
MEPCE	RPAP2	3	0.0000	0.6827
EIF4A2	PLPP6	3	0.0004	0.6296
MEPCE	PLPP6	3	0.3314	0.3345
EIF4A2	MICALL2	3	0.3333	0.2157
EIF4A2	RAVER1	3	0.0000	0.6827
MEPCE	RAVER1	3	0.1260	0.4008
EIF4A2	SRRM1	3	0.2690	0.3623
MEPCE	SRRM1	3	0.9644	0.0009
EIF4A2	SMAP1	3	0.3333	0.2157
EIF4A2	GSPT2	3	0.0000	0.6827
MEPCE	GSPT2	3	0.0000	0.6827
EIF4A2	EXOC8	3	0.0009	0.6052
MEPCE	EXOC8	3	0.1482	0.3955
EIF4A2	THNSL1	3	0.0000	0.6827
MEPCE	THNSL1	3	0.0000	0.6827
EIF4A2	ALDH16A1	3	0.0000	0.6827
MEPCE	ALDH16A1	3	0.0000	0.6827
EIF4A2	ABI1	3	0.0000	0.6827
MEPCE	ABI1	3	0.0000	0.6827
EIF4A2	SELENOH	3	0.0000	0.6827
MEPCE	SELENOH	3	0.0239	0.4785
EIF4A2	RBIS	3	0.0000	0.6827
MEPCE	RBIS	3	0.0002	0.6444
EIF4A2	VKORC1L1	3	0.6667	0.0325
MEPCE	VKORC1L1	3	0.6667	0.0325
EIF4A2	RBFA	3	0.0000	0.6827
MEPCE	RBFA	3	0.0000	0.6827
EIF4A2	SPART	3	0.0001	0.6560
MEPCE	SPART	3	0.0716	0.4229
MEPCE	CYP4X1	3	1.0000	0.0000
EIF4A2	CCAR2	3	0.0000	0.6827
MEPCE	CCAR2	3	0.0000	0.6827
EIF4A2	NDUFAF2	3	0.3333	0.2157
EIF4A2	VPS52	3	0.0000	0.6827
MEPCE	VPS52	3	0.0000	0.6827
EIF4A2	NUP93	3	0.0000	0.6827
MEPCE	NUP93	3	0.0000	0.6827
EIF4A2	LRRC47	3	0.0000	0.6827
MEPCE	LRRC47	3	0.0000	0.6827
EIF4A2	H2BC26	3	0.0000	0.6827
MEPCE	H2BC26	3	0.0029	0.5656
MEPCE	ABHD12	3	0.3333	0.2157
EIF4A2	CLASRP	3	0.1710	0.3872
EIF4A2	ASCC3	3	0.6667	0.0325
MEPCE	ASCC3	3	0.6667	0.0325
MEPCE	VPS8	3	0.0000	0.6827
EIF4A2	STAG2	3	0.0000	0.6827
MEPCE	STAG2	3	0.0099	0.5150
EIF4A2	ZGPAT	3	0.0019	0.5825
MEPCE	ZGPAT	3	0.8421	0.0073
MEPCE	WDTC1	3	0.0000	0.6827
EIF4A2	NKAP	3	0.9998	0.0000
MEPCE	NKAP	3	0.0000	0.6827
MEPCE	NOPCHAP1	3	0.0005	0.6247
EIF4A2	CISD2	3	0.0000	0.6827
MEPCE	CISD2	3	0.0000	0.6827
EIF4A2	RPP25L	3	0.0000	0.6827
MEPCE	RPP25L	3	0.3142	0.3480
MEPCE	MRPL50	3	0.3333	0.2157
MEPCE	RFLNB	3	0.6667	0.0325
EIF4A2	CPSF7	3	0.0057	0.5379
MEPCE	CPSF7	3	0.0000	0.6827
MEPCE	EMC1	3	0.0011	0.5991
EIF4A2	PAF1	3	0.0000	0.6827
MEPCE	PAF1	3	0.0080	0.5244
EIF4A2	ENAH	3	0.0000	0.6827
MEPCE	ENAH	3	0.0000	0.6827
MEPCE	MRPL43	3	0.6667	0.0325
MEPCE	FAM133A	3	0.0001	0.6560
EIF4A2	SREK1IP1	3	0.0000	0.6827
MEPCE	SREK1IP1	3	0.0000	0.6827
EIF4A2	POC5	3	0.3333	0.2157
EIF4A2	PRPF38A	3	0.0000	0.6827
MEPCE	PRPF38A	3	0.0000	0.6827
MEPCE	ZNF511	3	1.0000	0.0000
EIF4A2	ANKRD52	3	0.0023	0.5748
MEPCE	ANKRD52	3	0.0126	0.5067
MEPCE	COLGALT1	3	0.0000	0.6827
MEPCE	PCYOX1L	3	0.0000	0.6827
EIF4A2	TXNDC5	3	0.0000	0.6827
MEPCE	TXNDC5	3	0.0000	0.6827
EIF4A2	SPC24	3	0.0000	0.6827
MEPCE	SPC24	3	0.0000	0.6827
EIF4A2	SCCPDH	3	0.0000	0.6827
MEPCE	SCCPDH	3	0.0001	0.6560
EIF4A2	SERBP1	3	0.0000	0.6827
MEPCE	SERBP1	3	0.0000	0.6827
MEPCE	KCT2	3	0.9353	0.0018
EIF4A2	FAM98A	3	0.0285	0.4714
MEPCE	FAM98A	3	0.0000	0.6827
EIF4A2	NFATC2IP	3	0.0000	0.6827
MEPCE	NFATC2IP	3	0.0000	0.6827
EIF4A2	CHST14	3	0.3333	0.2157
EIF4A2	DYNC2H1	3	0.0034	0.5605
MEPCE	DYNC2H1	3	0.3366	0.1817
EIF4A2	LSM14A	3	0.0715	0.4233
MEPCE	LSM14A	3	0.0000	0.6827
EIF4A2	C1orf131	3	0.5875	0.1196
MEPCE	C1orf131	3	0.6840	0.0221
EIF4A2	ABCF1	3	0.0000	0.6827
MEPCE	ABCF1	3	0.0000	0.6827
EIF4A2	PIK3C3	3	0.3333	0.2157
EIF4A2	SRFBP1	3	0.0000	0.6827
MEPCE	SRFBP1	3	0.0158	0.5006
EIF4A2	SLC30A7	3	0.0000	0.6827
MEPCE	SLC30A7	3	0.0000	0.6827
EIF4A2	LPCAT1	3	0.3311	0.3352
MEPCE	LPCAT1	3	0.3341	0.1993
MEPCE	FLAD1	3	0.3333	0.2157
EIF4A2	NUP43	3	0.0000	0.6827
MEPCE	NUP43	3	0.3075	0.3510
MEPCE	NUP37	3	0.3333	0.2157
EIF4A2	CMAS	3	0.0022	0.5765
MEPCE	CMAS	3	1.0000	0.0000
EIF4A2	MOSPD2	3	0.0000	0.6827
MEPCE	MOSPD2	3	0.0000	0.6827
EIF4A2	THOC2	3	0.3428	0.1707
MEPCE	THOC2	3	0.9431	0.0015
EIF4A2	COQ8A	3	0.0000	0.6827
MEPCE	COQ8A	3	0.0000	0.6827
EIF4A2	RP9	3	0.1298	0.3988
MEPCE	RP9	3	0.0000	0.6827
EIF4A2	GRPEL2	3	1.0000	0.0000
EIF4A2	SNIP1	3	0.0000	0.6827
MEPCE	SNIP1	3	0.0001	0.6560
EIF4A2	GADD45GIP1	3	0.0000	0.6827
MEPCE	GADD45GIP1	3	0.0340	0.4606
MEPCE	EXOC6	3	1.0000	0.0000
EIF4A2	MPLKIP	3	0.6111	0.1177
MEPCE	MPLKIP	3	0.3333	0.2157
EIF4A2	SMARCC2	3	0.0000	0.6827
MEPCE	SMARCC2	3	0.0017	0.5855
EIF4A2	FBXO30	3	0.0000	0.6827
MEPCE	FBXO30	3	0.0000	0.6827
EIF4A2	SLC35B2	3	0.6667	0.0325
MEPCE	SLC35B2	3	1.0000	0.0000
MEPCE	KLHDC4	3	0.0000	0.6827
EIF4A2	SHKBP1	3	0.3333	0.2157
MEPCE	SHKBP1	3	0.3333	0.2157
MEPCE	ZSCAN18	3	0.0000	0.6827
EIF4A2	PIP4K2C	3	0.0000	0.6827
MEPCE	PIP4K2C	3	0.0000	0.6827
EIF4A2	TBC1D15	3	0.2851	0.3578
MEPCE	TBC1D15	3	1.0000	0.0000
EIF4A2	RDH11	3	0.3510	0.1639
MEPCE	RDH11	3	0.3294	0.3382
MEPCE	CIP2A	3	0.0001	0.6560
EIF4A2	PNPT1	3	0.0000	0.6827
MEPCE	PNPT1	3	0.0000	0.6827
EIF4A2	HM13	3	0.0000	0.6827
MEPCE	HM13	3	0.6372	0.1154
MEPCE	DYNC2LI1	3	0.6667	0.0325
EIF4A2	NEK9	3	0.0000	0.6827
MEPCE	NEK9	3	0.0003	0.6354
EIF4A2	DDX54	3	0.0000	0.6827
MEPCE	DDX54	3	0.0000	0.6827
EIF4A2	TRAF3IP1	3	0.0000	0.6827
MEPCE	TRAF3IP1	3	0.0004	0.6296
MEPCE	NEK6;NEK7	3	0.2833	0.3585
EIF4A2	DCAF11	3	0.0150	0.5030
MEPCE	DCAF11	3	0.2822	0.3592
EIF4A2	GEMIN5	3	0.0000	0.6827
MEPCE	GEMIN5	3	0.0001	0.6560
EIF4A2	PARD3	3	0.0001	0.6560
MEPCE	PARD3	3	0.0002	0.6444
EIF4A2	IPO4	3	0.0000	0.6827
MEPCE	IPO4	3	0.0185	0.4926
EIF4A2	PNISR	3	0.0000	0.6827
MEPCE	PNISR	3	0.0000	0.6827
EIF4A2	PPP4R1	3	0.0000	0.6827
MEPCE	PPP4R1	3	0.0000	0.6827
MEPCE	COG1	3	0.4930	0.1299
EIF4A2	ZC3H15	3	0.0000	0.6827
MEPCE	ZC3H15	3	0.0000	0.6827
EIF4A2	PPIL4	3	0.0001	0.6560
MEPCE	PPIL4	3	0.0000	0.6827
MEPCE	PHF10	3	1.0000	0.0000
MEPCE	TGFBRAP1	3	0.0000	0.6827
EIF4A2	TMEM263	3	0.0000	0.6827
MEPCE	TMEM263	3	0.0004	0.6296
EIF4A2	PTPMT1	3	0.0000	0.6827
MEPCE	PTPMT1	3	0.0011	0.5991
EIF4A2	NUP133	3	0.0000	0.6827
MEPCE	NUP133	3	0.0000	0.6827
MEPCE	CACTIN	3	0.0008	0.6093
EIF4A2	C15orf40	3	0.0000	0.6827
MEPCE	C15orf40	3	0.0019	0.5825
EIF4A2	BRK1	3	0.0000	0.6827
MEPCE	BRK1	3	0.0000	0.6827
EIF4A2	THEM6	3	0.0000	0.6827
MEPCE	THEM6	3	0.7646	0.0133
EIF4A2	NSMCE1	3	0.3333	0.2157
EIF4A2	LEO1	3	0.3333	0.2157
MEPCE	DCAKD	3	0.3333	0.2157
EIF4A2	RNF138	3	0.0006	0.6203
MEPCE	RNF138	3	0.9995	0.0000
EIF4A2	SNRNP27	3	0.0000	0.6827
MEPCE	SNRNP27	3	0.4238	0.1408
EIF4A2	SCFD1	3	0.0002	0.6444
MEPCE	SCFD1	3	0.0015	0.5900
EIF4A2	DYNC2I1	3	0.0000	0.6827
MEPCE	DYNC2I1	3	0.0000	0.6827
MEPCE	TRAPPC12	3	0.0000	0.6827
MEPCE	FAR1	3	0.3333	0.2157
EIF4A2	UBLCP1	3	0.3333	0.2157
MEPCE	UBLCP1	3	0.3333	0.2157
EIF4A2	PCNP	3	0.0000	0.6827
MEPCE	PCNP	3	0.0000	0.6827
MEPCE	LMO7	3	1.0000	0.0000
EIF4A2	CKAP2	3	0.6667	0.0325
MEPCE	CKAP2	3	0.3333	0.2157
EIF4A2	ATXN2L	3	1.0000	0.0000
MEPCE	ATXN2L	3	0.0012	0.5968
EIF4A2	PRPF31	3	0.0000	0.6827
MEPCE	PRPF31	3	0.9286	0.0022
EIF4A2	NELFB	3	0.0000	0.6827
MEPCE	NELFB	3	0.0000	0.6827
EIF4A2	SREK1	3	0.0001	0.6560
MEPCE	SREK1	3	0.9707	0.0006
EIF4A2	PSPC1	3	0.0000	0.6827
MEPCE	PSPC1	3	0.0000	0.6827
EIF4A2	GATAD2B	3	0.3041	0.3523
MEPCE	GATAD2B	3	0.0003	0.6354
EIF4A2	DNAJC9	3	0.0000	0.6827
MEPCE	DNAJC9	3	0.0001	0.6560
EIF4A2	BRI3BP	3	0.0001	0.6560
MEPCE	BRI3BP	3	0.0000	0.6827
EIF4A2	DDX1	3	0.0000	0.6827
MEPCE	DDX1	3	0.0000	0.6827
EIF4A2	H1-10	3	0.0027	0.5675
MEPCE	H1-10	3	1.0000	0.0000
EIF4A2	CCT6B	3	0.0012	0.5968
MEPCE	CCT6B	3	0.0036	0.5581
EIF4A2	GBF1	3	0.0000	0.6827
MEPCE	GBF1	3	0.0000	0.6827
EIF4A2	RTF1	3	0.0601	0.4312
MEPCE	RTF1	3	0.0088	0.5186
MEPCE	NCSTN	3	0.6667	0.0325
MEPCE	TM9SF4	3	0.0092	0.5176
EIF4A2	MRPS27	3	0.0028	0.5667
MEPCE	MRPS27	3	0.9466	0.0013
EIF4A2	AP3S1	3	0.0000	0.6827
MEPCE	AP3S1	3	0.0000	0.6827
MEPCE	UBXN4	3	1.0000	0.0000
EIF4A2	PHF3	3	0.3333	0.2157
MEPCE	PHF3	3	0.3333	0.2157
EIF4A2	HSPH1	3	0.0000	0.6827
MEPCE	HSPH1	3	0.0000	0.6827
EIF4A2	SEPTIN8	3	0.0000	0.6827
MEPCE	SEPTIN8	3	0.0000	0.6827
EIF4A2	CNOT9	3	0.0000	0.6827
MEPCE	CNOT9	3	0.0356	0.4591
EIF4A2	LPGAT1	3	0.3333	0.2157
MEPCE	LPGAT1	3	1.0000	0.0000
EIF4A2	LARP4B	3	1.0000	0.0000
MEPCE	LARP4B	3	0.6667	0.0325
EIF4A2	GCN1	3	0.0000	0.6827
MEPCE	GCN1	3	0.0000	0.6827
EIF4A2	DHX38	3	0.0101	0.5137
MEPCE	DHX38	3	0.0001	0.6560
EIF4A2	NUP205	3	0.0000	0.6827
MEPCE	NUP205	3	0.0000	0.6827
MEPCE	PIGK	3	0.6660	0.1062
EIF4A2	MRPS31	3	0.0000	0.6827
MEPCE	MRPS31	3	0.6197	0.1167
EIF4A2	ANP32B	3	1.0000	0.0000
MEPCE	ANP32B	3	0.0397	0.4563
MEPCE	PRCC	3	0.6667	0.0325
EIF4A2	TFG	3	0.0000	0.6827
MEPCE	TFG	3	0.0000	0.6827
EIF4A2	HDAC2	3	0.0000	0.6827
MEPCE	HDAC2	3	0.0000	0.6827
MEPCE	DLG3	3	0.6667	0.0325
EIF4A2	SYMPK	3	0.0000	0.6827
EIF4A2	TAF15	3	0.0000	0.6827
MEPCE	TAF15	3	0.0000	0.6827
EIF4A2	HAS1	3	0.0000	0.6827
MEPCE	HAS1	3	0.0000	0.6827
EIF4A2	DDX17	3	0.0320	0.4645
MEPCE	DDX17	3	1.0000	0.0000
EIF4A2	RAD50	3	0.0000	0.6827
MEPCE	RAD50	3	0.4138	0.1444
EIF4A2	ARHGEF1	3	0.0000	0.6827
MEPCE	ARHGEF1	3	0.0000	0.6827
EIF4A2	UPF1	3	1.0000	0.0000
MEPCE	UPF1	3	0.3333	0.2157
EIF4A2	COPS5	3	0.0000	0.6827
MEPCE	COPS5	3	0.0000	0.6827
EIF4A2	KHSRP	3	0.0000	0.6827
MEPCE	KHSRP	3	0.0000	0.6827
EIF4A2	TNPO1	3	0.0000	0.6827
MEPCE	TNPO1	3	0.0000	0.6827
EIF4A2	ARHGEF2	3	0.0000	0.6827
MEPCE	ARHGEF2	3	0.3334	0.2112
MEPCE	EMG1	3	0.9988	0.0000
EIF4A2	CLP1	3	0.0003	0.6354
MEPCE	CLP1	3	0.2909	0.3550
MEPCE	GLMN	3	0.0000	0.6827
EIF4A2	USP9X	3	1.0000	0.0000
MEPCE	USP9X	3	0.0002	0.6444
EIF4A2	USP7	3	0.0000	0.6827
MEPCE	USP7	3	0.0290	0.4698
EIF4A2	STMN2	3	0.3333	0.2157
EIF4A2	PTP4A1	3	0.0008	0.6093
MEPCE	PTP4A1	3	0.0006	0.6203
MEPCE	SMARCE1	3	0.0153	0.5020
EIF4A2	RPL36AL	3	1.0000	0.0000
MEPCE	ZNF622	3	0.0108	0.5117
MEPCE	PSMG2	3	0.3332	0.3303
EIF4A2	NCLN	3	0.0000	0.6827
MEPCE	NCLN	3	0.0620	0.4308
MEPCE	TBRG4	3	1.0000	0.0000
MEPCE	MRPL24	3	0.6667	0.0325
MEPCE	TMEM230	3	0.3333	0.2157
EIF4A2	EXOC4	3	0.0000	0.6827
MEPCE	EXOC4	3	0.0000	0.6827
EIF4A2	KIAA1191	3	0.3333	0.2157
EIF4A2	FUBP1	3	0.0263	0.4744
MEPCE	FUBP1	3	0.0008	0.6093
EIF4A2	LRRC59	3	0.0000	0.6827
MEPCE	LRRC59	3	0.0000	0.6827
EIF4A2	E2F7	3	0.0000	0.6827
MEPCE	E2F7	3	1.0000	0.0000
EIF4A2	VPS33A	3	0.0250	0.4762
MEPCE	VPS33A	3	0.0062	0.5337
EIF4A2	TTC28	3	0.0000	0.6827
MEPCE	TTC28	3	0.7779	0.0111
EIF4A2	RAD51AP1	3	0.0001	0.6560
MEPCE	RAD51AP1	3	0.6567	0.1112
EIF4A2	EXOSC8	3	0.0000	0.6827
MEPCE	EXOSC8	3	0.0000	0.6827
EIF4A2	SKA1	3	0.0000	0.6827
MEPCE	SKA1	3	0.0000	0.6827
EIF4A2	PINX1	3	0.0126	0.5067
MEPCE	PINX1	3	0.3860	0.1502
EIF4A2	CHCHD1	3	0.0000	0.6827
MEPCE	CHCHD1	3	0.0000	0.6827
MEPCE	ATG2B	3	0.0000	0.6827
EIF4A2	LENG1	3	0.0000	0.6827
MEPCE	LENG1	3	0.0001	0.6560
EIF4A2	EFHD2	3	0.0197	0.4876
MEPCE	EFHD2	3	0.8461	0.0069
EIF4A2	PYCR2	3	0.0000	0.6827
MEPCE	PYCR2	3	0.0000	0.6827
EIF4A2	CUSTOS	3	0.0000	0.6827
MEPCE	CUSTOS	3	0.0677	0.4263
MEPCE	GCC1	3	0.3333	0.2157
MEPCE	FLYWCH2	3	0.3333	0.2157
EIF4A2	HAUS1	3	0.0081	0.5237
MEPCE	HAUS1	3	0.2095	0.3767
EIF4A2	FAF2	3	0.0002	0.6444
MEPCE	FAF2	3	0.3333	0.2157
EIF4A2	CCDC124	3	0.0000	0.6827
MEPCE	CCDC124	3	0.0000	0.6827
MEPCE	FOXRED1	3	0.0000	0.6827
EIF4A2	AP2M1	3	0.0000	0.6827
MEPCE	AP2M1	3	0.3160	0.3473
EIF4A2	KCTD12	3	0.3333	0.2157
MEPCE	KCTD12	3	0.3333	0.2157
EIF4A2	COQ8B	3	0.0005	0.6247
MEPCE	COQ8B	3	0.3365	0.1825
EIF4A2	REPS1	3	0.0022	0.5765
MEPCE	REPS1	3	0.3199	0.3456
MEPCE	TMCO6	3	1.0000	0.0000
EIF4A2	ESS2	3	0.0000	0.6827
MEPCE	ESS2	3	0.2400	0.3701
EIF4A2	CMBL	3	0.0000	0.6827
MEPCE	CMBL	3	0.0000	0.6827
EIF4A2	MSI2	3	0.3333	0.2157
MEPCE	MSI2	3	1.0000	0.0000
EIF4A2	SNRNP40	3	0.0000	0.6827
MEPCE	SNRNP40	3	0.3296	0.3376
EIF4A2	MRRF	3	0.0000	0.6827
MEPCE	MRRF	3	0.0001	0.6560
MEPCE	YIPF6	3	0.0000	0.6827
EIF4A2	SEH1L	3	0.0000	0.6827
MEPCE	SEH1L	3	0.0000	0.6827
EIF4A2	TCEAL2;TCEAL4	3	0.2936	0.3547
MEPCE	TCEAL2;TCEAL4	3	0.1808	0.3848
MEPCE	THAP11	3	0.3333	0.2157
EIF4A2	RRP36	3	0.0000	0.6827
MEPCE	RRP36	3	0.0053	0.5409
EIF4A2	RBM33	3	0.0001	0.6560
MEPCE	RBM33	3	0.0000	0.6827
EIF4A2	DNAJA3	3	0.0048	0.5442
MEPCE	DNAJA3	3	0.0694	0.4246
EIF4A2	TMA16	3	0.0010	0.6030
MEPCE	TMA16	3	0.8042	0.0095
EIF4A2	PTCD3	3	0.0001	0.6560
MEPCE	PTCD3	3	0.6666	0.1032
MEPCE	MMAB	3	0.3333	0.2157
MEPCE	CYFIP2	3	0.0008	0.6093
EIF4A2	LTV1	3	0.0000	0.6827
MEPCE	LTV1	3	0.0000	0.6827
EIF4A2	AURKB	3	0.0000	0.6827
MEPCE	AURKB	3	0.0000	0.6827
MEPCE	TOE1	3	1.0000	0.0000
EIF4A2	PDLIM5	3	0.0000	0.6827
MEPCE	PDLIM5	3	0.0000	0.6827
EIF4A2	FMC1	3	0.0000	0.6827
MEPCE	FMC1	3	0.0000	0.6827
MEPCE	PGAM5	3	0.3658	0.1547
EIF4A2	FUBP3	3	1.0000	0.0000
EIF4A2	RBM17	3	0.0000	0.6827
MEPCE	RBM17	3	0.9874	0.0003
MEPCE	PAWR	3	0.3333	0.2157
EIF4A2	RSRC1	3	0.0009	0.6052
MEPCE	RSRC1	3	0.0015	0.5900
EIF4A2	THOC3	3	0.0000	0.6827
MEPCE	THOC3	3	0.0000	0.6827
EIF4A2	VPS50	3	0.0001	0.6560
MEPCE	VPS50	3	0.0062	0.5337
EIF4A2	ELMO2	3	0.0000	0.6827
MEPCE	ELMO2	3	0.0000	0.6827
EIF4A2	TMX3	3	0.0083	0.5218
MEPCE	TMX3	3	0.2857	0.3574
EIF4A2	BTF3L4	3	0.0000	0.6827
MEPCE	BTF3L4	3	0.0000	0.6827
EIF4A2	CLPTM1L	3	0.0000	0.6827
MEPCE	CLPTM1L	3	0.0079	0.5247
MEPCE	DNAJC1	3	0.0584	0.4329
EIF4A2	EXOC2	3	0.0038	0.5564
MEPCE	EXOC2	3	0.3342	0.1959
MEPCE	ZFR	3	0.6667	0.0325
MEPCE	IFT74	3	0.3335	0.2079
EIF4A2	CCDC7;ENOX1	3	0.3333	0.2157
MEPCE	NSMCE2	3	0.0000	0.6827
MEPCE	HEXIM2	3	1.0000	0.0000
EIF4A2	TCEANC2	3	0.0000	0.6827
MEPCE	TCEANC2	3	0.0931	0.4132
EIF4A2	CCDC43	3	0.0000	0.6827
MEPCE	CCDC43	3	0.0000	0.6827
EIF4A2	COG8	3	0.0004	0.6296
MEPCE	COG8	3	0.3340	0.2006
MEPCE	DNAAF10	3	0.6667	0.0325
EIF4A2	DOCK7	3	0.0000	0.6827
MEPCE	DOCK7	3	0.0000	0.6827
EIF4A2	ZMAT2	3	0.0000	0.6827
MEPCE	ZMAT2	3	0.0001	0.6560
EIF4A2	NSUN5	3	0.0000	0.6827
MEPCE	NSUN5	3	0.3454	0.1684
MEPCE	AGAP3	3	0.0000	0.6827
EIF4A2	IPO9	3	0.0007	0.6153
MEPCE	IPO9	3	0.0186	0.4915
EIF4A2	RBM14	3	0.0000	0.6827
MEPCE	RBM14	3	0.0000	0.6827
EIF4A2	QKI	3	0.3333	0.2157
MEPCE	QKI	3	0.6667	0.0325
MEPCE	TRAPPC9	3	0.3333	0.2157
MEPCE	SMG1	3	0.0000	0.6827
EIF4A2	PPP1R10	3	0.2773	0.3602
MEPCE	PPP1R10	3	0.3195	0.3463
EIF4A2	VPS35	3	0.0000	0.6827
MEPCE	VPS35	3	0.0000	0.6827
EIF4A2	XPO6	3	0.0000	0.6827
MEPCE	XPO6	3	0.0001	0.6560
EIF4A2	VPS13A	3	0.0000	0.6827
MEPCE	VPS13A	3	0.0000	0.6827
EIF4A2	MCCC1	3	0.0000	0.6827
MEPCE	MCCC1	3	0.0000	0.6827
MEPCE	TGS1	3	0.6667	0.0325
EIF4A2	ERBIN	3	0.0000	0.6827
MEPCE	ERBIN	3	0.0014	0.5922
MEPCE	PIGS	3	1.0000	0.0000
EIF4A2	WRNIP1	3	0.0000	0.6827
MEPCE	WRNIP1	3	0.0000	0.6827
MEPCE	CLCC1	3	1.0000	0.0000
EIF4A2	SRPK1	3	0.0272	0.4740
MEPCE	SRPK1	3	1.0000	0.0000
EIF4A2	OSBPL9	3	0.0000	0.6827
MEPCE	OSBPL9	3	0.0000	0.6827
MEPCE	CDK5RAP1	3	0.3333	0.2157
EIF4A2	MAP7D2	3	0.3311	0.3352
MEPCE	MAP7D2	3	0.0029	0.5656
EIF4A2	RBM15	3	0.0506	0.4403
MEPCE	RBM15	3	0.0054	0.5403
EIF4A2	MMS19	3	0.0000	0.6827
MEPCE	MMS19	3	0.0000	0.6827
EIF4A2	MYCBP	3	0.0000	0.6827
MEPCE	MYCBP	3	0.0000	0.6827
EIF4A2	PSMB7	3	0.0000	0.6827
MEPCE	PSMB7	3	0.2882	0.3568
EIF4A2	CDC5L	3	0.1247	0.4021
MEPCE	CDC5L	3	0.6519	0.1120
EIF4A2	PSMD1	3	0.0000	0.6827
MEPCE	PSMD1	3	0.0000	0.6827
MEPCE	PFDN5	3	0.0000	0.6827
EIF4A2	PARK7	3	0.0319	0.4649
MEPCE	PARK7	3	0.0087	0.5189
EIF4A2	VAT1	3	0.0001	0.6560
MEPCE	VAT1	3	0.0001	0.6560
EIF4A2	NUP88	3	0.2221	0.3737
MEPCE	NUP88	3	0.0007	0.6153
EIF4A2	PIK3R4	3	0.0000	0.6827
MEPCE	PIK3R4	3	0.0000	0.6827
EIF4A2	POP1	3	0.0001	0.6560
MEPCE	POP1	3	0.9939	0.0002
EIF4A2	SCAF11	3	0.0928	0.4136
MEPCE	SCAF11	3	0.5743	0.1206
EIF4A2	EIF3C	3	1.0000	0.0000
MEPCE	EIF3C	3	0.4689	0.1332
EIF4A2	DNAJC7	3	0.0000	0.6827
MEPCE	DNAJC7	3	0.0003	0.6354
MEPCE	PHB2	3	0.6667	0.0325
EIF4A2	COPS8	3	0.0001	0.6560
MEPCE	COPS8	3	0.0009	0.6052
EIF4A2	PKMYT1	3	0.0001	0.6560
MEPCE	PKMYT1	3	0.3334	0.2112
EIF4A2	OSMR	3	1.0000	0.0000
EIF4A2	ATXN2	3	1.0000	0.0000
MEPCE	ATXN2	3	0.3333	0.2157
EIF4A2	HSD17B10	3	0.0000	0.6827
MEPCE	HSD17B10	3	0.0000	0.6827
MEPCE	SMAD1;SMAD5	3	0.3333	0.2157
EIF4A2	HNRNPAB	3	0.9992	0.0000
MEPCE	HNRNPAB	3	1.0000	0.0000
MEPCE	NAP1L4	3	0.0031	0.5640
EIF4A2	PIP5K1A	3	0.0000	0.6827
MEPCE	PIP5K1A	3	0.0000	0.6827
EIF4A2	TXN2	3	0.3324	0.3341
MEPCE	TXN2	3	0.0000	0.6827
EIF4A2	TM9SF2	3	0.0000	0.6827
EIF4A2	CPNE1	3	0.0000	0.6827
MEPCE	CPNE1	3	0.0001	0.6560
EIF4A2	CCT7	3	0.0000	0.6827
MEPCE	CCT7	3	0.0000	0.6827
EIF4A2	HAUS7	3	0.0000	0.6827
MEPCE	HAUS7	3	0.0000	0.6827
EIF4A2	PRMT1	3	0.0000	0.6827
MEPCE	PRMT1	3	0.0000	0.6827
EIF4A2	AGPAT1	3	0.0000	0.6827
MEPCE	AGPAT1	3	0.6397	0.1150
EIF4A2	PKP2	3	0.0000	0.6827
MEPCE	PKP2	3	0.0000	0.6827
EIF4A2	VRK1	3	0.0000	0.6827
MEPCE	VRK1	3	0.0014	0.5922
EIF4A2	NIPSNAP1	3	0.0000	0.6827
MEPCE	NIPSNAP1	3	0.0000	0.6827
EIF4A2	NCAPG	3	0.0000	0.6827
MEPCE	NCAPG	3	0.0000	0.6827
EIF4A2	ARPC5L	3	0.0000	0.6827
MEPCE	ARPC5L	3	0.0000	0.6827
EIF4A2	DDX50	3	1.0000	0.0000
MEPCE	DDX50	3	1.0000	0.0000
EIF4A2	MRPL34	3	0.0001	0.6560
MEPCE	MRPL34	3	0.0019	0.5825
EIF4A2	ELAC2	3	0.0000	0.6827
MEPCE	ELAC2	3	0.2267	0.3730
EIF4A2	TRIR	3	0.0000	0.6827
MEPCE	TRIR	3	0.0000	0.6827
MEPCE	GRWD1	3	1.0000	0.0000
MEPCE	CMSS1	3	1.0000	0.0000
EIF4A2	WDR77	3	0.0000	0.6827
MEPCE	WDR77	3	0.0000	0.6827
MEPCE	MRPL57	3	0.3333	0.2157
EIF4A2	TUBA1C	3	0.0000	0.6827
MEPCE	TUBA1C	3	0.0000	0.6827
MEPCE	APOL2	3	0.0000	0.6827
EIF4A2	MYBBP1A	3	1.0000	0.0000
MEPCE	MYBBP1A	3	1.0000	0.0000
MEPCE	CORO1B	3	1.0000	0.0000
EIF4A2	TXNDC17	3	0.0000	0.6827
MEPCE	TXNDC17	3	0.0000	0.6827
EIF4A2	MRPL45	3	0.0000	0.6827
MEPCE	MRPL45	3	0.3267	0.3413
MEPCE	C7orf50	3	0.6667	0.0325
MEPCE	SDF4	3	1.0000	0.0000
EIF4A2	PDCD2L	3	0.0019	0.5825
EIF4A2	PAAF1	3	0.6588	0.1107
MEPCE	PAAF1	3	0.0000	0.6827
MEPCE	PYM1	3	0.6667	0.0325
EIF4A2	GPATCH1	3	0.0000	0.6827
MEPCE	GPATCH1	3	0.0000	0.6827
EIF4A2	RIOK1	3	0.0000	0.6827
MEPCE	RIOK1	3	0.0000	0.6827
EIF4A2	UQCC2	3	0.0000	0.6827
MEPCE	UQCC2	3	0.0206	0.4847
EIF4A2	WDR83	3	0.0000	0.6827
MEPCE	WDR83	3	0.0000	0.6827
EIF4A2	NTPCR	3	0.0000	0.6827
MEPCE	NTPCR	3	0.0188	0.4904
EIF4A2	TACO1	3	0.0045	0.5473
MEPCE	TACO1	3	0.9997	0.0000
EIF4A2	TUBGCP2	3	0.0002	0.6444
MEPCE	TUBGCP2	3	0.0018	0.5848
EIF4A2	ESYT1	3	0.0000	0.6827
MEPCE	ESYT1	3	0.0000	0.6827
EIF4A2	YIPF4	3	0.0073	0.5266
MEPCE	YIPF4	3	0.0002	0.6444
MEPCE	MTG1	3	0.3333	0.2157
EIF4A2	ALG1	3	0.0000	0.6827
MEPCE	ALG1	3	0.0120	0.5077
EIF4A2	LIMD2	3	0.6667	0.0325
MEPCE	LIMD2	3	1.0000	0.0000
EIF4A2	HAUS8	3	0.0001	0.6560
MEPCE	HAUS8	3	0.0001	0.6560
MEPCE	INPP5K	3	0.0000	0.6827
EIF4A2	COPS4	3	0.0000	0.6827
MEPCE	COPS4	3	0.0000	0.6827
MEPCE	WAC	3	0.3135	0.3490
EIF4A2	DIDO1	3	0.6621	0.1091
MEPCE	DIDO1	3	0.1890	0.3828
MEPCE	MTA3	3	0.0000	0.6827
EIF4A2	RBM42	3	0.0000	0.6827
MEPCE	RBM42	3	0.9999	0.0000
EIF4A2	DCUN1D5	3	0.0001	0.6560
MEPCE	DCUN1D5	3	0.0449	0.4484
EIF4A2	ANP32E	3	0.2715	0.3616
MEPCE	ANP32E	3	0.0016	0.5874
EIF4A2	PI4K2A	3	0.6667	0.0325
MEPCE	PI4K2A	3	0.6667	0.0325
MEPCE	TMEM43	3	0.0002	0.6444
EIF4A2	TBCD	3	0.0000	0.6827
MEPCE	TBCD	3	0.0002	0.6444
EIF4A2	NDC1	3	0.0003	0.6354
MEPCE	NDC1	3	0.0056	0.5391
EIF4A2	LMF2	3	0.0000	0.6827
MEPCE	LMF2	3	0.0000	0.6827
EIF4A2	NDUFAF3	3	0.0008	0.6093
MEPCE	NDUFAF3	3	0.6667	0.0325
EIF4A2	MMTAG2	3	0.0000	0.6827
MEPCE	MMTAG2	3	0.0010	0.6030
EIF4A2	SPINDOC	3	0.0000	0.6827
MEPCE	SPINDOC	3	0.0001	0.6560
EIF4A2	ISCA1	3	0.3333	0.2157
MEPCE	ISCA1	3	0.3333	0.2157
EIF4A2	TUBB6	3	0.0000	0.6827
MEPCE	TUBB6	3	0.0002	0.6444
EIF4A2	POLR3C	3	0.0003	0.6354
MEPCE	POLR3C	3	0.3341	0.1993
EIF4A2	HNRNPUL1	3	0.0575	0.4341
MEPCE	HNRNPUL1	3	0.9891	0.0003
EIF4A2	PDCD10	3	0.3333	0.2157
MEPCE	PDCD10	3	0.3333	0.2157
EIF4A2	DDX23	3	0.0000	0.6827
MEPCE	DDX23	3	0.3499	0.1654
MEPCE	WDR18	3	1.0000	0.0000
EIF4A2	TUBB2B	3	0.0000	0.6827
MEPCE	TUBB2B	3	0.0000	0.6827
MEPCE	MLST8	3	0.0000	0.6827
EIF4A2	TMEM109	3	0.0000	0.6827
MEPCE	TMEM109	3	0.0000	0.6827
EIF4A2	PBDC1	3	0.0000	0.6827
MEPCE	PBDC1	3	0.0000	0.6827
EIF4A2	NOC4L	3	0.0165	0.4982
MEPCE	NOC4L	3	0.2078	0.3779
EIF4A2	UTP14A	3	1.0000	0.0000
MEPCE	UTP14A	3	1.0000	0.0000
EIF4A2	TMED9	3	0.0000	0.6827
MEPCE	TMED9	3	0.0000	0.6827
EIF4A2	GNL3	3	0.9228	0.0026
MEPCE	GNL3	3	1.0000	0.0000
EIF4A2	RIOK2	3	0.0000	0.6827
MEPCE	RIOK2	3	0.0301	0.4679
EIF4A2	NUP85	3	0.0052	0.5412
MEPCE	NUP85	3	0.0015	0.5900
MEPCE	TARS2	3	0.0000	0.6827
EIF4A2	RTL8A	3	0.0001	0.6560
MEPCE	RTL8A	3	0.4247	0.1401
EIF4A2	RBM4;RBM4B	3	0.0000	0.6827
MEPCE	RBM4;RBM4B	3	0.0000	0.6827
EIF4A2	SCNM1	3	0.0000	0.6827
MEPCE	SCNM1	3	0.0000	0.6827
EIF4A2	RPAP1	3	0.0012	0.5968
MEPCE	RPAP1	3	0.3358	0.1853
MEPCE	SF3B5	3	0.0000	0.6827
EIF4A2	CHID1	3	0.0000	0.6827
MEPCE	CHID1	3	0.0000	0.6827
EIF4A2	LSM14B	3	0.0027	0.5675
MEPCE	LSM14B	3	0.0410	0.4532
MEPCE	SALL3	3	1.0000	0.0000
MEPCE	OSBPL11	3	0.0000	0.6827
MEPCE	SRRT	3	0.0182	0.4933
EIF4A2	AP1M1	3	0.0000	0.6827
MEPCE	AP1M1	3	0.0000	0.6827
EIF4A2	NUSAP1	3	0.4354	0.1380
MEPCE	NUSAP1	3	0.3330	0.3321
EIF4A2	HDHD5	3	0.0000	0.6827
MEPCE	HDHD5	3	0.0000	0.6827
EIF4A2	FANCD2	3	0.0000	0.6827
MEPCE	FANCD2	3	1.0000	0.0000
EIF4A2	RTF2	3	0.0005	0.6247
MEPCE	RTF2	3	0.3333	0.2157
MEPCE	EIF2A	3	0.6667	0.0325
EIF4A2	POLDIP3	3	0.0000	0.6827
MEPCE	POLDIP3	3	0.2361	0.3708
MEPCE	MRPL4	3	0.3333	0.2157
EIF4A2	YTHDF1	3	0.3333	0.2157
MEPCE	YTHDF1	3	1.0000	0.0000
EIF4A2	MRPS26	3	0.0000	0.6827
MEPCE	MRPS26	3	0.0470	0.4456
MEPCE	CEP41	3	0.0000	0.6827
MEPCE	MRPL37	3	0.6667	0.0325
EIF4A2	GTPBP4	3	0.3333	0.2157
MEPCE	GTPBP4	3	1.0000	0.0000
EIF4A2	ASPSCR1	3	0.0000	0.6827
MEPCE	ASPSCR1	3	0.0004	0.6296
MEPCE	OSBPL8	3	1.0000	0.0000
EIF4A2	WDR11	3	0.0000	0.6827
MEPCE	WDR11	3	0.0130	0.5060
EIF4A2	UPF3B	3	0.0011	0.5991
MEPCE	UPF3B	3	0.0192	0.4894
EIF4A2	TBL1XR1	3	0.0000	0.6827
MEPCE	TBL1XR1	3	0.9999	0.0000
MEPCE	EDEM3	3	0.3342	0.1959
EIF4A2	UCK2	3	0.0000	0.6827
MEPCE	UCK2	3	0.0000	0.6827
EIF4A2	API5	3	0.0000	0.6827
MEPCE	API5	3	0.0000	0.6827
EIF4A2	DPY30	3	0.0023	0.5748
MEPCE	DPY30	3	0.0258	0.4747
MEPCE	INO80B	3	0.3333	0.2157
EIF4A2	UBE2O	3	0.0000	0.6827
MEPCE	UBE2O	3	0.0000	0.6827
EIF4A2	XPO4	3	0.0000	0.6827
MEPCE	XPO4	3	0.0000	0.6827
MEPCE	LNPK	3	1.0000	0.0000
EIF4A2	WDR33	3	0.0000	0.6827
MEPCE	WDR33	3	0.0001	0.6560
EIF4A2	YIPF3	3	0.0000	0.6827
MEPCE	YIPF3	3	0.1279	0.4004
EIF4A2	COMMD5	3	0.0000	0.6827
MEPCE	COMMD5	3	0.0296	0.4695
EIF4A2	SKIC8	3	0.0000	0.6827
MEPCE	SKIC8	3	0.0101	0.5137
EIF4A2	SLIRP	3	0.0000	0.6827
MEPCE	SLIRP	3	0.4741	0.1319
EIF4A2	EGLN1	3	0.0332	0.4629
MEPCE	EGLN1	3	0.1779	0.3852
MEPCE	MKRN2	3	0.3333	0.2157
EIF4A2	NAT10	3	0.3342	0.1959
MEPCE	NAT10	3	0.0000	0.6827
EIF4A2	COMMD4	3	0.0000	0.6827
MEPCE	COMMD4	3	0.0007	0.6153
EIF4A2	KLC2	3	0.0000	0.6827
MEPCE	KLC2	3	0.0000	0.6827
EIF4A2	XRN2	3	0.0000	0.6827
MEPCE	XRN2	3	0.0000	0.6827
EIF4A2	NSRP1	3	0.3332	0.3303
MEPCE	NSRP1	3	0.0000	0.6827
EIF4A2	RACGAP1	3	0.0000	0.6827
MEPCE	RACGAP1	3	0.0000	0.6827
EIF4A2	CSTF2T	3	0.0000	0.6827
EIF4A2	DDX47	3	0.0000	0.6827
MEPCE	DDX47	3	0.0000	0.6827
EIF4A2	RAB1B	3	0.0026	0.5691
MEPCE	RAB1B	3	0.0000	0.6827
MEPCE	CCDC8	3	0.6667	0.0325
MEPCE	ANAPC1	3	0.3333	0.2157
MEPCE	CYSTM1	3	0.3333	0.2157
EIF4A2	POLR3F	3	0.0000	0.6827
MEPCE	POLR3F	3	0.0000	0.6827
EIF4A2	NUCKS1	3	0.0008	0.6093
MEPCE	NUCKS1	3	0.0007	0.6153
MEPCE	UPF3A	3	0.3333	0.2157
MEPCE	WDR13	3	0.3330	0.3321
EIF4A2	VPS16	3	0.0000	0.6827
MEPCE	VPS16	3	0.0000	0.6827
EIF4A2	VPS11	3	0.0010	0.6030
MEPCE	VPS11	3	0.0050	0.5433
EIF4A2	SLK	3	0.0000	0.6827
MEPCE	SLK	3	0.0000	0.6827
EIF4A2	PPIL3	3	0.0000	0.6827
MEPCE	PPIL3	3	0.0000	0.6827
EIF4A2	PDCL3	3	0.0000	0.6827
MEPCE	PDCL3	3	0.0073	0.5266
EIF4A2	RAB3GAP2	3	0.0000	0.6827
MEPCE	RAB3GAP2	3	0.0001	0.6560
EIF4A2	DHX36	3	0.3311	0.3352
MEPCE	DHX36	3	0.0469	0.4460
EIF4A2	PPA2	3	0.0007	0.6153
MEPCE	PPA2	3	0.0000	0.6827
EIF4A2	SPNS1	3	0.0000	0.6827
MEPCE	SPNS1	3	0.1974	0.3802
MEPCE	MRPL46	3	0.3333	0.2157
EIF4A2	PNN	3	0.0001	0.6560
MEPCE	PNN	3	0.0001	0.6560
EIF4A2	MTRFR	3	0.0011	0.5991
MEPCE	MTRFR	3	0.0093	0.5173
EIF4A2	BOLA2	3	0.0000	0.6827
MEPCE	BOLA2	3	0.0000	0.6827
EIF4A2	TMX1	3	0.0007	0.6153
MEPCE	TMX1	3	0.0001	0.6560
EIF4A2	NELFA	3	0.0000	0.6827
MEPCE	NELFA	3	0.0000	0.6827
MEPCE	UNC45A	3	0.0000	0.6827
MEPCE	CHMP4B	3	0.3333	0.2157
EIF4A2	WNK1	3	0.0000	0.6827
MEPCE	WNK1	3	0.0003	0.6354
EIF4A2	RNF41	3	0.3345	0.1931
MEPCE	RNF41	3	0.3343	0.1945
MEPCE	ESF1	3	0.0009	0.6052
EIF4A2	STEEP1	3	0.0000	0.6827
MEPCE	STEEP1	3	0.0060	0.5358
EIF4A2	DHX35	3	0.0001	0.6560
MEPCE	DHX35	3	0.1969	0.3809
EIF4A2	HAUS4	3	0.0000	0.6827
MEPCE	HAUS4	3	0.0001	0.6560
EIF4A2	CCDC134	3	0.0000	0.6827
MEPCE	CCDC134	3	0.0000	0.6827
EIF4A2	REEP4	3	0.0172	0.4964
MEPCE	REEP4	3	0.9906	0.0003
MEPCE	YTHDC2	3	1.0000	0.0000
MEPCE	RIOX1	3	1.0000	0.0000
MEPCE	DCTPP1	3	0.0000	0.6827
EIF4A2	WDR26	3	0.0000	0.6827
MEPCE	WDR26	3	0.0000	0.6827
MEPCE	METTL17	3	0.6667	0.0325
EIF4A2	ZNF703	3	0.0003	0.6354
MEPCE	ZNF703	3	0.0010	0.6030
EIF4A2	NRDE2	3	0.3333	0.2157
MEPCE	NRDE2	3	1.0000	0.0000
MEPCE	PTGES2	3	0.0000	0.6827
MEPCE	PHAX	3	1.0000	0.0000
EIF4A2	NT5DC2	3	0.0005	0.6247
MEPCE	NT5DC2	3	0.0404	0.4540
EIF4A2	PRKRIP1	3	0.0000	0.6827
MEPCE	PRKRIP1	3	0.0000	0.6827
EIF4A2	COQ10B	3	0.0057	0.5379
MEPCE	COQ10B	3	0.0181	0.4936
EIF4A2	BRD9	3	0.0007	0.6153
MEPCE	BRD9	3	0.0400	0.4551
MEPCE	AKTIP	3	0.0000	0.6827
EIF4A2	FAM204A	3	0.0000	0.6827
MEPCE	FAM204A	3	0.0000	0.6827
EIF4A2	ZWILCH	3	0.0000	0.6827
MEPCE	ZWILCH	3	0.0081	0.5237
EIF4A2	JPT2	3	0.0000	0.6827
MEPCE	JPT2	3	0.0001	0.6560
MEPCE	CNOT10	3	0.1111	0.4066
EIF4A2	LRRC40	3	0.0000	0.6827
MEPCE	LRRC40	3	0.0000	0.6827
MEPCE	COG4	3	0.3333	0.2157
EIF4A2	COPS7B	3	0.0003	0.6354
MEPCE	COPS7B	3	0.0153	0.5020
EIF4A2	ELP3	3	0.0000	0.6827
MEPCE	ELP3	3	0.0000	0.6827
MEPCE	WDR41	3	0.3333	0.2157
EIF4A2	C17orf75	3	0.0001	0.6560
MEPCE	C17orf75	3	0.7287	0.0157
EIF4A2	XPO5	3	0.0000	0.6827
MEPCE	XPO5	3	0.0000	0.6827
EIF4A2	CLSPN	3	0.0000	0.6827
MEPCE	CLSPN	3	0.0000	0.6827
EIF4A2	MYG1	3	0.0000	0.6827
MEPCE	MYG1	3	0.0000	0.6827
EIF4A2	CACYBP	3	0.0000	0.6827
MEPCE	CACYBP	3	0.0000	0.6827
EIF4A2	RDH14	3	0.3333	0.2157
MEPCE	RDH14	3	0.5626	0.1222
MEPCE	TAF9;TAF9B	3	1.0000	0.0000
EIF4A2	TMEM165	3	0.0006	0.6203
MEPCE	TMEM165	3	0.7229	0.0164
EIF4A2	EML4	3	0.0000	0.6827
MEPCE	EML4	3	0.0000	0.6827
EIF4A2	GLOD4	3	0.6667	0.0325
MEPCE	GLOD4	3	0.3333	0.2157
EIF4A2	MCCC2	3	0.0000	0.6827
MEPCE	MCCC2	3	0.0000	0.6827
EIF4A2	MOV10	3	1.0000	0.0000
MEPCE	MOV10	3	1.0000	0.0000
EIF4A2	CWC22	3	0.0033	0.5613
MEPCE	CWC22	3	0.0003	0.6354
EIF4A2	CHD8	3	0.0001	0.6560
MEPCE	CHD8	3	0.8571	0.0057
MEPCE	GPN1	3	0.3333	0.2157
MEPCE	PREB	3	0.6667	0.0325
EIF4A2	CHMP1A	3	0.0000	0.6827
MEPCE	CHMP1A	3	0.0000	0.6827
EIF4A2	TM9SF3	3	0.0011	0.5991
MEPCE	TM9SF3	3	0.4845	0.1312
MEPCE	WDR6	3	1.0000	0.0000
EIF4A2	ZCCHC17	3	0.0000	0.6827
MEPCE	ZCCHC17	3	0.0000	0.6827
EIF4A2	RAB18	3	0.0000	0.6827
MEPCE	RAB18	3	0.0000	0.6827
EIF4A2	ALG13	3	0.1071	0.4099
MEPCE	ALG13	3	0.0030	0.5648
EIF4A2	SARS2	3	0.0000	0.6827
MEPCE	SARS2	3	0.3333	0.2157
EIF4A2	ENY2	3	0.0000	0.6827
MEPCE	ENY2	3	0.0000	0.6827
EIF4A2	UBE2T	3	0.0000	0.6827
MEPCE	UBE2T	3	0.0000	0.6827
EIF4A2	ISYNA1	3	0.0000	0.6827
MEPCE	ISYNA1	3	0.0000	0.6827
EIF4A2	LUC7L	3	0.3335	0.2079
MEPCE	LUC7L	3	1.0000	0.0000
MEPCE	MRPL40	3	0.3337	0.2047
EIF4A2	COPRS	3	0.0000	0.6827
MEPCE	COPRS	3	0.0000	0.6827
EIF4A2	RTN4	3	0.0000	0.6827
MEPCE	RTN4	3	0.0000	0.6827
MEPCE	IFT46	3	0.0000	0.6827
EIF4A2	XPNPEP3	3	0.0000	0.6827
MEPCE	XPNPEP3	3	0.0000	0.6827
EIF4A2	AVEN	3	0.0001	0.6560
MEPCE	AVEN	3	0.0474	0.4452
EIF4A2	KIF13B	3	0.3333	0.2157
MEPCE	KIF13B	3	0.6667	0.0325
EIF4A2	GPHN	3	0.0000	0.6827
MEPCE	GPHN	3	0.0006	0.6203
EIF4A2	BIRC6	3	0.0000	0.6827
MEPCE	BIRC6	3	0.6206	0.1163
EIF4A2	PDLIM7	3	0.0025	0.5714
MEPCE	PDLIM7	3	0.0334	0.4626
EIF4A2	DIABLO	3	0.0000	0.6827
MEPCE	DIABLO	3	0.0003	0.6354
EIF4A2	DDX21	3	0.0061	0.5349
MEPCE	DDX21	3	1.0000	0.0000
EIF4A2	SAR1A	3	0.0000	0.6827
MEPCE	SAR1A	3	0.0000	0.6827
MEPCE	SH3GLB2	3	0.0003	0.6354
EIF4A2	EIF2B3	3	0.0000	0.6827
MEPCE	EIF2B3	3	0.0009	0.6052
EIF4A2	EIF4ENIF1	3	0.0000	0.6827
MEPCE	EIF4ENIF1	3	0.0000	0.6827
EIF4A2	AAAS	3	0.3333	0.2157
MEPCE	AAAS	3	0.0686	0.4258
MEPCE	STRN4	3	0.0000	0.6827
EIF4A2	DROSHA	3	0.3224	0.3443
MEPCE	DROSHA	3	0.3333	0.2157
EIF4A2	PNO1	3	0.0026	0.5691
MEPCE	PNO1	3	0.6960	0.0192
MEPCE	MRPL17	3	0.3333	0.2157
MEPCE	HELLS	3	0.0006	0.6203
EIF4A2	HOMER2	3	0.3333	0.2157
MEPCE	HOMER2	3	0.3333	0.2157
EIF4A2	FARSB	3	0.0000	0.6827
MEPCE	FARSB	3	0.0000	0.6827
EIF4A2	IARS2	3	0.0584	0.4329
EIF4A2	KLC4	3	0.0000	0.6827
MEPCE	KLC4	3	0.0064	0.5319
EIF4A2	SMC4	3	0.0000	0.6827
MEPCE	SMC4	3	0.0001	0.6560
EIF4A2	SACM1L	3	0.0000	0.6827
MEPCE	SACM1L	3	0.0052	0.5412
EIF4A2	OLA1	3	0.6667	0.0325
MEPCE	OLA1	3	0.0003	0.6354
EIF4A2	MDN1	3	0.0029	0.5656
MEPCE	MDN1	3	0.6514	0.1128
EIF4A2	TXLNG	3	0.0000	0.6827
MEPCE	TXLNG	3	0.0000	0.6827
EIF4A2	ABCF3	3	0.0000	0.6827
MEPCE	ABCF3	3	0.0008	0.6093
EIF4A2	OTULINL	3	0.3333	0.2157
EIF4A2	EXOC1	3	0.0000	0.6827
MEPCE	EXOC1	3	0.0000	0.6827
MEPCE	UQCC1	3	0.6914	0.0206
EIF4A2	SEPTIN11	3	0.0000	0.6827
MEPCE	SEPTIN11	3	0.0000	0.6827
EIF4A2	FANCI	3	0.0000	0.6827
MEPCE	FANCI	3	0.3137	0.3483
EIF4A2	ARL8B	3	0.3389	0.1773
MEPCE	ARL8B	3	0.6667	0.0325
EIF4A2	DNAJC17	3	0.3219	0.3446
MEPCE	DNAJC17	3	0.0006	0.6203
EIF4A2	GNL3L	3	0.0000	0.6827
MEPCE	GNL3L	3	0.0011	0.5991
EIF4A2	DDX18	3	1.0000	0.0000
MEPCE	DDX18	3	1.0000	0.0000
EIF4A2	POLR3E	3	0.0000	0.6827
MEPCE	POLR3E	3	0.0000	0.6827
MEPCE	HAUS2	3	0.0000	0.6827
EIF4A2	POLR3B	3	0.0000	0.6827
MEPCE	POLR3B	3	0.0000	0.6827
MEPCE	RBM28	3	0.3333	0.2157
EIF4A2	RBM22	3	0.0000	0.6827
MEPCE	RBM22	3	0.0000	0.6827
MEPCE	WDR70	3	0.0052	0.5412
EIF4A2	ARGLU1	3	0.0013	0.5948
MEPCE	ARGLU1	3	0.4134	0.1451
EIF4A2	SLTM	3	0.0000	0.6827
MEPCE	SLTM	3	0.0000	0.6827
MEPCE	ZNHIT6	3	0.3333	0.2157
MEPCE	GID8	3	0.6667	0.0325
MEPCE	MRPL22	3	0.3333	0.2157
EIF4A2	BABAM1	3	0.0000	0.6827
MEPCE	BABAM1	3	0.3256	0.3420
EIF4A2	CLN6	3	0.3333	0.2157
EIF4A2	UCKL1	3	0.0000	0.6827
MEPCE	UCKL1	3	0.0000	0.6827
MEPCE	COMMD8	3	0.0000	0.6827
EIF4A2	MRPL16	3	0.0000	0.6827
MEPCE	MRPL16	3	0.0707	0.4237
EIF4A2	NHP2	3	0.0000	0.6827
MEPCE	HYPK	3	0.0002	0.6444
EIF4A2	LYAR	3	0.0032	0.5624
MEPCE	LYAR	3	0.0232	0.4799
EIF4A2	CWC25	3	0.5252	0.1256
MEPCE	CWC25	3	0.0002	0.6444
MEPCE	DCAF16	3	0.6667	0.0325
EIF4A2	TRMT1	3	0.0000	0.6827
MEPCE	TRMT1	3	0.0000	0.6827
MEPCE	NDE1	3	0.0000	0.6827
EIF4A2	BABAM2	3	0.0000	0.6827
MEPCE	BABAM2	3	0.0000	0.6827
EIF4A2	QPCTL	3	0.0000	0.6827
MEPCE	QPCTL	3	0.0000	0.6827
EIF4A2	CDKN2AIP	3	0.3337	0.2047
MEPCE	DNAJB12	3	0.3390	0.1766
EIF4A2	GAR1	3	0.0000	0.6827
MEPCE	GAR1	3	0.0001	0.6560
MEPCE	PPP4R2	3	0.0000	0.6827
MEPCE	ABI2	3	0.3333	0.2157
EIF4A2	BCLAF1	3	0.9997	0.0000
MEPCE	BCLAF1	3	0.0000	0.6827
MEPCE	FKBP11	3	0.0000	0.6827
MEPCE	TMOD3	3	0.3333	0.2157
MEPCE	NKIRAS2	3	0.0000	0.6827
MEPCE	UGGT2	3	0.6667	0.0325
EIF4A2	UGGT1	3	0.0000	0.6827
MEPCE	UGGT1	3	0.0000	0.6827
EIF4A2	CDK12	3	0.0000	0.6827
MEPCE	CDK12	3	0.0192	0.4894
EIF4A2	GTSE1	3	0.0000	0.6827
MEPCE	GTSE1	3	0.3332	0.3303
EIF4A2	TECR	3	0.0000	0.6827
MEPCE	TECR	3	0.0004	0.6296
EIF4A2	ACTR10	3	0.0000	0.6827
MEPCE	ACTR10	3	0.0000	0.6827
EIF4A2	C9orf78	3	0.0000	0.6827
MEPCE	C9orf78	3	0.0000	0.6827
EIF4A2	IGF2BP1	3	1.0000	0.0000
MEPCE	IGF2BP1	3	1.0000	0.0000
EIF4A2	HSPBP1	3	0.0000	0.6827
MEPCE	HSPBP1	3	0.0000	0.6827
EIF4A2	MAT2B	3	0.1108	0.4070
MEPCE	MAT2B	3	0.0002	0.6444
EIF4A2	SELENON	3	0.3333	0.2157
EIF4A2	COMMD9	3	0.0000	0.6827
MEPCE	COMMD9	3	0.0000	0.6827
EIF4A2	CNIH4	3	0.0000	0.6827
MEPCE	CNIH4	3	0.0018	0.5848
MEPCE	THYN1	3	0.6667	0.0325
EIF4A2	CRIPT	3	0.0000	0.6827
MEPCE	CRIPT	3	0.0000	0.6827
EIF4A2	CCDC59	3	0.0001	0.6560
MEPCE	CCDC59	3	0.0206	0.4847
EIF4A2	NDUFAF4	3	0.3325	0.3338
MEPCE	NDUFAF4	3	0.0008	0.6093
EIF4A2	HACD3	3	0.0000	0.6827
MEPCE	HACD3	3	0.9928	0.0002
MEPCE	RAI14	3	1.0000	0.0000
EIF4A2	VAPA	3	0.0000	0.6827
MEPCE	VAPA	3	0.0010	0.6030
MEPCE	AKAP7	3	0.3333	0.2157
MEPCE	TMEM9	3	0.0000	0.6827
EIF4A2	CAMSAP3	3	0.0001	0.6560
MEPCE	CAMSAP3	3	0.0041	0.5533
EIF4A2	VPS18	3	0.0011	0.5991
MEPCE	VPS18	3	0.0072	0.5272
EIF4A2	RCC2	3	0.0000	0.6827
MEPCE	RCC2	3	0.0000	0.6827
EIF4A2	RELCH	3	0.0000	0.6827
MEPCE	RELCH	3	0.0000	0.6827
EIF4A2	SLAIN2	3	0.0000	0.6827
MEPCE	SLAIN2	3	0.0000	0.6827
EIF4A2	STK26	3	0.0000	0.6827
MEPCE	STK26	3	0.0000	0.6827
MEPCE	PTGFRN	3	0.3333	0.2157
EIF4A2	CFAP97	3	0.3333	0.2157
MEPCE	CFAP97	3	1.0000	0.0000
EIF4A2	IBTK	3	1.0000	0.0000
MEPCE	CPSF2	3	0.3333	0.2157
EIF4A2	LARS1	3	0.0039	0.5558
MEPCE	LARS1	3	0.3339	0.2013
MEPCE	TXNDC16	3	0.3333	0.2157
EIF4A2	RCOR3	3	0.0000	0.6827
MEPCE	RCOR3	3	0.0000	0.6827
EIF4A2	RBM27	3	0.0000	0.6827
MEPCE	RBM27	3	0.5622	0.1228
EIF4A2	ANKFY1	3	0.0000	0.6827
MEPCE	ANKFY1	3	0.0000	0.6827
EIF4A2	ATXN10	3	0.0000	0.6827
MEPCE	ATXN10	3	0.0000	0.6827
EIF4A2	TFIP11	3	0.0000	0.6827
MEPCE	TFIP11	3	0.0000	0.6827
EIF4A2	EPS15L1	3	0.3308	0.3362
MEPCE	EPS15L1	3	0.0078	0.5250
MEPCE	ORC3	3	0.0007	0.6153
EIF4A2	COPG2	3	0.0000	0.6827
MEPCE	COPG2	3	0.0000	0.6827
EIF4A2	COMMD3	3	0.0005	0.6247
MEPCE	COMMD3	3	0.0538	0.4362
EIF4A2	GNG12	3	0.3333	0.2157
MEPCE	GNG12	3	0.6667	0.0325
EIF4A2	DHCR7	3	0.0000	0.6827
MEPCE	DHCR7	3	0.0038	0.5564
EIF4A2	HDAC6	3	0.0000	0.6827
MEPCE	HDAC6	3	0.0000	0.6827
EIF4A2	VPS29	3	0.0000	0.6827
MEPCE	VPS29	3	0.0000	0.6827
EIF4A2	EIF3K	3	1.0000	0.0000
MEPCE	EIF3K	3	0.0688	0.4254
EIF4A2	CTSZ	3	0.0000	0.6827
MEPCE	CTSZ	3	0.6775	0.0251
EIF4A2	DNAJB11	3	0.0000	0.6827
MEPCE	DNAJB11	3	0.0003	0.6354
EIF4A2	UBA2	3	0.0070	0.5282
EIF4A2	MORF4L1	3	0.0000	0.6827
MEPCE	MORF4L1	3	0.0000	0.6827
MEPCE	NXF1	3	0.3333	0.2157
EIF4A2	PEF1	3	0.0002	0.6444
MEPCE	PEF1	3	0.3333	0.2157
MEPCE	ZMYM2	3	0.0109	0.5111
EIF4A2	COPS7A	3	0.0000	0.6827
MEPCE	COPS7A	3	0.0001	0.6560
EIF4A2	TJP2	3	1.0000	0.0000
MEPCE	TJP2	3	1.0000	0.0000
EIF4A2	ADD3	3	0.0000	0.6827
MEPCE	ADD3	3	0.0000	0.6827
MEPCE	LRWD1	3	0.0000	0.6827
EIF4A2	CGGBP1	3	0.0000	0.6827
MEPCE	CGGBP1	3	0.0001	0.6560
EIF4A2	ABCF2	3	0.0000	0.6827
MEPCE	ABCF2	3	0.0000	0.6827
MEPCE	TES	3	0.0000	0.6827
EIF4A2	SEC63	3	0.0247	0.4766
MEPCE	SEC63	3	0.1320	0.3976
EIF4A2	NOL12	3	1.0000	0.0000
MEPCE	NOL12	3	1.0000	0.0000
MEPCE	SEPTIN3	3	0.1435	0.3963
EIF4A2	LIMA1	3	0.0455	0.4472
MEPCE	LIMA1	3	0.7010	0.0185
EIF4A2	AFF4	3	0.0020	0.5798
MEPCE	AFF4	3	0.9600	0.0011
EIF4A2	SRP68	3	0.0000	0.6827
MEPCE	SRP68	3	0.0000	0.6827
MEPCE	CHORDC1	3	0.3333	0.2157
EIF4A2	SEPTIN9	3	0.0000	0.6827
MEPCE	SEPTIN9	3	0.0000	0.6827
EIF4A2	UBQLN2	3	0.0000	0.6827
EIF4A2	BAIAP2L1	3	0.0000	0.6827
MEPCE	BAIAP2L1	3	0.0000	0.6827
EIF4A2	SAP30BP	3	0.0000	0.6827
MEPCE	SAP30BP	3	0.0856	0.4153
EIF4A2	PFDN2	3	0.0006	0.6203
MEPCE	PFDN2	3	0.0002	0.6444
EIF4A2	PUF60	3	0.0000	0.6827
MEPCE	PUF60	3	0.0004	0.6296
EIF4A2	NRBP1	3	0.0000	0.6827
MEPCE	NRBP1	3	0.0000	0.6827
EIF4A2	EIF2B4	3	0.0000	0.6827
MEPCE	EIF2B4	3	0.0000	0.6827
EIF4A2	ATP6V1H	3	0.0000	0.6827
MEPCE	ATP6V1H	3	0.0003	0.6354
EIF4A2	IPO11	3	0.6667	0.0325
MEPCE	TRMT112	3	0.3096	0.3497
EIF4A2	MRM2	3	0.0000	0.6827
MEPCE	MRM2	3	0.0023	0.5748
EIF4A2	XPO7	3	0.0000	0.6827
MEPCE	XPO7	3	0.0000	0.6827
EIF4A2	VPS51	3	0.0000	0.6827
MEPCE	VPS51	3	0.0000	0.6827
EIF4A2	ATP5IF1	3	0.0371	0.4579
MEPCE	ATP5IF1	3	0.3911	0.1495
EIF4A2	RABGEF1	3	0.1108	0.4070
MEPCE	RABGEF1	3	0.0288	0.4706
EIF4A2	HOOK1	3	0.0950	0.4128
MEPCE	HOOK1	3	0.2552	0.3669
EIF4A2	TSR3	3	0.3333	0.2157
MEPCE	TSR3	3	0.3339	0.2013
EIF4A2	DDX41	3	0.0000	0.6827
MEPCE	DDX41	3	0.0000	0.6827
EIF4A2	DCTN4	3	0.0000	0.6827
MEPCE	DCTN4	3	0.0000	0.6827
MEPCE	CDC23	3	0.0000	0.6827
EIF4A2	ANAPC5	3	0.2473	0.3686
MEPCE	ANAPC5	3	0.0000	0.6827
EIF4A2	ZNF580	3	0.0000	0.6827
EIF4A2	LSM7	3	0.0031	0.5640
MEPCE	LSM7	3	1.0000	0.0000
EIF4A2	CCNL1	3	0.3333	0.2157
MEPCE	CCNL1	3	0.4353	0.1387
EIF4A2	DBR1	3	0.0000	0.6827
MEPCE	DBR1	3	0.1066	0.4103
EIF4A2	PTBP2	3	1.0000	0.0000
EIF4A2	MRTO4	3	0.0000	0.6827
MEPCE	MRTO4	3	0.0000	0.6827
MEPCE	RPS6KA2;TLK1;TLK2	3	0.0000	0.6827
EIF4A2	GPATCH8	3	0.0000	0.6827
MEPCE	GPATCH8	3	0.0072	0.5272
EIF4A2	AMFR	3	0.3333	0.2157
MEPCE	AMFR	3	0.3333	0.2157
EIF4A2	NUP50	3	0.0003	0.6354
MEPCE	NUP50	3	0.6484	0.1137
EIF4A2	CDV3	3	0.0000	0.6827
MEPCE	CDV3	3	0.0000	0.6827
EIF4A2	CNOT11	3	0.3333	0.2157
MEPCE	CNOT11	3	0.3333	0.2157
EIF4A2	BAG5	3	0.0000	0.6827
MEPCE	BAG5	3	0.0001	0.6560
EIF4A2	RAB21	3	0.0000	0.6827
MEPCE	RAB21	3	0.0000	0.6827
EIF4A2	TRAPPC2L	3	0.0000	0.6827
MEPCE	TRAPPC2L	3	0.0014	0.5922
MEPCE	ZNF346	3	0.6667	0.0325
EIF4A2	PSME2	3	0.0038	0.5564
MEPCE	PSME2	3	0.0017	0.5855
MEPCE	TAOK2	3	0.0001	0.6560
EIF4A2	MCTS1	3	0.0000	0.6827
MEPCE	MCTS1	3	0.0000	0.6827
MEPCE	PALD1	3	0.3333	0.2157
EIF4A2	HECTD1	3	0.0000	0.6827
MEPCE	HECTD1	3	0.0000	0.6827
EIF4A2	CORO1C	3	0.0009	0.6052
MEPCE	CORO1C	3	1.0000	0.0000
EIF4A2	TPX2	3	0.0000	0.6827
MEPCE	TPX2	3	0.0000	0.6827
EIF4A2	NOB1	3	0.0003	0.6354
MEPCE	NOB1	3	0.3336	0.2066
EIF4A2	TMCO1	3	0.0001	0.6560
MEPCE	TMCO1	3	0.0063	0.5328
MEPCE	ANAPC10	3	0.0000	0.6827
MEPCE	MYO6	3	1.0000	0.0000
EIF4A2	NFU1	3	0.9995	0.0000
MEPCE	NFU1	3	1.0000	0.0000
EIF4A2	PRPF19	3	0.0000	0.6827
MEPCE	PRPF19	3	0.0787	0.4166
EIF4A2	NOL7	3	0.6667	0.0325
MEPCE	NOL7	3	1.0000	0.0000
EIF4A2	SCML1	3	0.0000	0.6827
MEPCE	SCML1	3	0.2835	0.3581
EIF4A2	G3BP2	3	1.0000	0.0000
MEPCE	G3BP2	3	0.0276	0.4729
EIF4A2	STUB1	3	0.0000	0.6827
MEPCE	STUB1	3	0.0000	0.6827
EIF4A2	MAGED2	3	0.0000	0.6827
MEPCE	MAGED2	3	0.0000	0.6827
MEPCE	STX8	3	0.3333	0.2157
EIF4A2	PSMD13	3	0.0000	0.6827
MEPCE	PSMD13	3	0.0000	0.6827
MEPCE	FAF1	3	1.0000	0.0000
EIF4A2	DIMT1	3	0.3326	0.3334
MEPCE	DIMT1	3	1.0000	0.0000
EIF4A2	COPS3	3	0.0000	0.6827
MEPCE	COPS3	3	0.0000	0.6827
EIF4A2	C19orf53	3	0.0752	0.4191
MEPCE	C19orf53	3	0.0650	0.4292
EIF4A2	COG5	3	0.0000	0.6827
MEPCE	COG5	3	0.0000	0.6827
EIF4A2	SCAF8	3	0.0000	0.6827
MEPCE	SCAF8	3	0.0000	0.6827
EIF4A2	PPP6R1	3	0.0007	0.6153
MEPCE	PPP6R1	3	0.0001	0.6560
EIF4A2	TRIM33	3	0.0000	0.6827
MEPCE	TRIM33	3	0.0000	0.6827
EIF4A2	PHF8	3	0.0006	0.6203
MEPCE	PHF8	3	0.0004	0.6296
EIF4A2	EXOC7	3	0.0000	0.6827
MEPCE	EXOC7	3	0.0000	0.6827
EIF4A2	ZC3H4	3	0.4227	0.1415
MEPCE	ZC3H4	3	0.3597	0.1570
EIF4A2	USP22	3	0.0001	0.6560
MEPCE	USP22	3	0.0000	0.6827
EIF4A2	USP24	3	0.0000	0.6827
MEPCE	USP24	3	0.0000	0.6827
EIF4A2	SRRM2	3	0.0036	0.5581
MEPCE	SRRM2	3	1.0000	0.0000
EIF4A2	PA2G4	3	0.0001	0.6560
MEPCE	PA2G4	3	0.0000	0.6827
EIF4A2	BAIAP2	3	0.0228	0.4810
MEPCE	BAIAP2	3	0.0004	0.6296
EIF4A2	SMC3	3	0.0000	0.6827
MEPCE	SMC3	3	0.0005	0.6247
EIF4A2	CHMP2B	3	0.0301	0.4679
MEPCE	CHMP2B	3	0.3388	0.1781
EIF4A2	RTRAF	3	0.0000	0.6827
MEPCE	RTRAF	3	0.0000	0.6827
EIF4A2	RUVBL2	3	0.0000	0.6827
MEPCE	RUVBL2	3	0.0000	0.6827
EIF4A2	PIN4	3	0.0000	0.6827
MEPCE	PIN4	3	0.0000	0.6827
EIF4A2	EIF3L	3	1.0000	0.0000
MEPCE	EIF3L	3	0.1960	0.3817
EIF4A2	RUVBL1	3	0.0000	0.6827
MEPCE	RUVBL1	3	0.0000	0.6827
EIF4A2	NUDC	3	0.0000	0.6827
MEPCE	NUDC	3	0.0000	0.6827
EIF4A2	BCS1L	3	0.3333	0.2157
MEPCE	BCS1L	3	0.6667	0.0325
EIF4A2	FARSA	3	0.0000	0.6827
MEPCE	FARSA	3	0.0000	0.6827
MEPCE	ITM2B	3	0.3333	0.2157
EIF4A2	DRG1	3	1.0000	0.0000
MEPCE	DRG1	3	0.0058	0.5373
EIF4A2	TRAPPC4	3	0.0001	0.6560
MEPCE	TRAPPC4	3	0.0078	0.5250
EIF4A2	NCKAP1	3	0.0001	0.6560
MEPCE	NCKAP1	3	0.3244	0.3423
EIF4A2	STK38L	3	0.0000	0.6827
MEPCE	STK38L	3	0.0000	0.6827
EIF4A2	EPB41L3	3	0.2866	0.3571
MEPCE	EPB41L3	3	1.0000	0.0000
MEPCE	DIS3	3	1.0000	0.0000
EIF4A2	TRAPPC8	3	0.0000	0.6827
MEPCE	TRAPPC8	3	0.0335	0.4622
EIF4A2	RCL1	3	0.6667	0.0325
MEPCE	RCL1	3	0.6667	0.0325
MEPCE	GSTK1	3	0.0280	0.4721
EIF4A2	MRPS28	3	0.0001	0.6560
MEPCE	MRPS28	3	0.9942	0.0002
MEPCE	DDX52	3	0.6667	0.0325
EIF4A2	MRPS17	3	0.0000	0.6827
MEPCE	MRPS17	3	0.3593	0.1578
MEPCE	MRPS7	3	0.0510	0.4399
EIF4A2	TMA7	3	0.0000	0.6827
MEPCE	TMA7	3	0.0000	0.6827
EIF4A2	POLDIP2	3	0.0002	0.6444
MEPCE	POLDIP2	3	1.0000	0.0000
EIF4A2	AP3M1	3	0.0000	0.6827
MEPCE	AP3M1	3	0.0000	0.6827
EIF4A2	CARHSP1	3	0.0000	0.6827
MEPCE	CARHSP1	3	0.3062	0.3517
EIF4A2	COG6	3	0.0000	0.6827
MEPCE	COG6	3	0.0000	0.6827
EIF4A2	THRAP3	3	0.3546	0.1616
MEPCE	THRAP3	3	0.0000	0.6827
EIF4A2	WBP11	3	0.0022	0.5765
MEPCE	WBP11	3	0.0000	0.6827
EIF4A2	NOP58	3	0.0000	0.6827
MEPCE	NOP58	3	0.0000	0.6827
MEPCE	GIT1;GIT2	3	0.3333	0.2157
MEPCE	YARS2	3	0.0001	0.6560
EIF4A2	ACOT9	3	0.6655	0.1070
MEPCE	ACOT9	3	0.0008	0.6093
EIF4A2	AAR2	3	0.0001	0.6560
MEPCE	AAR2	3	0.0002	0.6444
EIF4A2	NOSIP	3	0.0002	0.6444
MEPCE	NOSIP	3	0.0000	0.6827
EIF4A2	DERA	3	0.0000	0.6827
MEPCE	DERA	3	0.0023	0.5748
MEPCE	FCF1	3	0.0001	0.6560
EIF4A2	LSM2	3	0.0032	0.5624
MEPCE	LSM2	3	1.0000	0.0000
EIF4A2	SNX24	3	0.0000	0.6827
EIF4A2	LUC7L2	3	0.0000	0.6827
MEPCE	LUC7L2	3	0.0000	0.6827
EIF4A2	RBMX2	3	0.0203	0.4865
MEPCE	RBMX2	3	0.7908	0.0100
EIF4A2	MRPS2	3	0.0001	0.6560
MEPCE	MRPS2	3	0.9962	0.0001
EIF4A2	UTP11	3	0.3333	0.2157
MEPCE	UTP11	3	1.0000	0.0000
EIF4A2	MOB4	3	0.3333	0.2157
MEPCE	MOB4	3	1.0000	0.0000
MEPCE	RRP7A	3	0.3333	0.2157
EIF4A2	SBDS	3	0.0000	0.6827
MEPCE	SBDS	3	0.0000	0.6827
EIF4A2	TMED5	3	0.0000	0.6827
MEPCE	TMED5	3	0.0120	0.5077
EIF4A2	SF3B6	3	0.0000	0.6827
MEPCE	SF3B6	3	0.0000	0.6827
EIF4A2	RRP15	3	0.0000	0.6827
MEPCE	RRP15	3	0.0162	0.4985
EIF4A2	NOP16	3	0.0016	0.5874
MEPCE	NOP16	3	0.2028	0.3790
EIF4A2	CIAO2B	3	0.0000	0.6827
MEPCE	CIAO2B	3	0.0000	0.6827
EIF4A2	MRPS16	3	0.0001	0.6560
MEPCE	MRPS16	3	0.6695	0.0281
EIF4A2	MRPS23	3	0.0000	0.6827
MEPCE	MRPS23	3	0.1730	0.3864
MEPCE	HDGFL3	3	0.0000	0.6827
MEPCE	PTRH2	3	0.3333	0.2157
EIF4A2	STRAP	3	0.0000	0.6827
MEPCE	STRAP	3	0.0000	0.6827
EIF4A2	RTCB	3	0.0000	0.6827
MEPCE	RTCB	3	0.0000	0.6827
MEPCE	RABGAP1	3	0.3592	0.1585
MEPCE	DOP1B	3	0.0006	0.6203
MEPCE	NOC2L	3	0.0535	0.4366
EIF4A2	RPL36	3	0.0063	0.5328
MEPCE	RPL36	3	1.0000	0.0000
EIF4A2	FAM32A	3	0.0000	0.6827
MEPCE	FAM32A	3	0.0015	0.5900
EIF4A2	HBS1L	3	0.3333	0.2157
MEPCE	HBS1L	3	0.6667	0.0325
MEPCE	DMXL1	3	0.3333	0.2157
EIF4A2	TLN1	3	0.0046	0.5465
MEPCE	TLN1	3	0.3277	0.3393
EIF4A2	DCAF1	3	0.0000	0.6827
MEPCE	DCAF1	3	0.3426	0.1714
EIF4A2	USP15	3	0.0000	0.6827
MEPCE	USP15	3	0.0000	0.6827
EIF4A2	IRS2	3	0.3333	0.2157
MEPCE	HYOU1	3	0.3164	0.3466
EIF4A2	TELO2	3	0.0000	0.6827
MEPCE	TELO2	3	0.0008	0.6093
EIF4A2	LAS1L	3	0.0017	0.5855
MEPCE	LAS1L	3	0.0159	0.4999
MEPCE	AFG3L2	3	0.3333	0.2157
EIF4A2	LSM4	3	0.0002	0.6444
MEPCE	LSM4	3	1.0000	0.0000
EIF4A2	PRRC2C	3	0.0000	0.6827
MEPCE	PRRC2C	3	0.0000	0.6827
EIF4A2	RBM7	3	0.6663	0.1049
MEPCE	RBM7	3	0.9998	0.0000
MEPCE	KCTD3	3	0.3333	0.2157
EIF4A2	YTHDF2	3	0.3332	0.3303
MEPCE	YTHDF2	3	1.0000	0.0000
EIF4A2	PAXBP1	3	0.0000	0.6827
MEPCE	PAXBP1	3	0.0001	0.6560
MEPCE	SUPT16H	3	0.0000	0.6827
EIF4A2	TIMM8B	3	0.0000	0.6827
MEPCE	TIMM8B	3	0.0000	0.6827
EIF4A2	UCHL5	3	0.0000	0.6827
MEPCE	UCHL5	3	0.0001	0.6560
EIF4A2	CD2AP	3	0.0000	0.6827
MEPCE	CD2AP	3	0.0000	0.6827
EIF4A2	ATP6V1D	3	0.0000	0.6827
MEPCE	ATP6V1D	3	0.0012	0.5968
EIF4A2	TNPO3	3	0.0000	0.6827
MEPCE	TNPO3	3	0.0000	0.6827
EIF4A2	TIMM13	3	0.0000	0.6827
MEPCE	TIMM13	3	0.0008	0.6093
EIF4A2	SRPRB	3	0.0000	0.6827
MEPCE	SRPRB	3	0.1240	0.4029
EIF4A2	ORC6	3	0.0000	0.6827
MEPCE	ORC6	3	0.0000	0.6827
EIF4A2	GTF3C5	3	0.0002	0.6444
MEPCE	GTF3C5	3	0.0012	0.5968
MEPCE	GTF3C3	3	0.1820	0.3840
EIF4A2	TRAPPC1	3	0.0000	0.6827
MEPCE	TRAPPC1	3	0.0003	0.6354
EIF4A2	RBM8A	3	0.0218	0.4832
MEPCE	RBM8A	3	0.0000	0.6827
EIF4A2	TSSC4	3	0.0000	0.6827
MEPCE	TSSC4	3	0.0000	0.6827
EIF4A2	ZNF706	3	0.0000	0.6827
MEPCE	ZNF706	3	0.0000	0.6827
MEPCE	NUBP2	3	0.0000	0.6827
MEPCE	MRFAP1	3	0.6667	0.0325
MEPCE	PUS1	3	0.0000	0.6827
MEPCE	LRRFIP2	3	0.6667	0.0325
EIF4A2	PSAT1	3	0.0099	0.5150
MEPCE	NPTN	3	0.0001	0.6560
EIF4A2	SPIN1	3	0.1518	0.3935
MEPCE	SPIN1	3	0.0692	0.4250
EIF4A2	ALG6	3	0.0001	0.6560
MEPCE	ALG6	3	1.0000	0.0000
MEPCE	ALG5	3	0.6667	0.0325
MEPCE	MRPS18B	3	0.6667	0.0325
EIF4A2	COPG1	3	0.0000	0.6827
MEPCE	COPG1	3	0.0040	0.5544
EIF4A2	CFAP20	3	0.0000	0.6827
MEPCE	CFAP20	3	0.0000	0.6827
EIF4A2	TACC3	3	0.0000	0.6827
MEPCE	TACC3	3	0.0000	0.6827
MEPCE	ARFGEF1	3	0.0000	0.6827
MEPCE	MAD1L1	3	0.0000	0.6827
EIF4A2	BZW2	3	0.0000	0.6827
MEPCE	BZW2	3	0.0000	0.6827
EIF4A2	COMMD10	3	0.0000	0.6827
MEPCE	COMMD10	3	0.0020	0.5798
EIF4A2	DYNC1LI1	3	0.0000	0.6827
MEPCE	DYNC1LI1	3	0.3151	0.3476
EIF4A2	IKBKG	3	0.0000	0.6827
MEPCE	IKBKG	3	0.0001	0.6560
EIF4A2	IGF2BP2	3	1.0000	0.0000
MEPCE	IGF2BP2	3	0.3333	0.2157
EIF4A2	DDX49	3	0.0000	0.6827
MEPCE	DDX49	3	0.0019	0.5825
EIF4A2	WASF2	3	0.3350	0.1917
MEPCE	WASF2	3	0.0082	0.5234
EIF4A2	IVNS1ABP	3	0.0001	0.6560
MEPCE	IVNS1ABP	3	0.0000	0.6827
EIF4A2	SEC23IP	3	0.0000	0.6827
MEPCE	SEC23IP	3	0.0042	0.5511
