Bait	Prey	PreyGene	Intensity	IntensitySum	AvgIntensity	NumReplicates	ctrlIntensity	AvgP	MaxP	TopoAvgP	TopoMaxP	SaintScore	OddsScore	FoldChange	BFDR	boosted_by
EIF4A2	IGKV2-29;IGKV2D-26;IGKV2D-29	IGKV2-29;IGKV2D-26;IGKV2D-29	402.109|6.157|6.375	414.642	138.214	3	6.182|6.019|5.987	0.333	1.000	0.333	1.000	0.333	-16.160	22.799	0.198	
EIF4A2	ESYT2	ESYT2	0.549|0.670|0.631	1.849	0.616	3	0.806|0.915|1.131	0.000	0.000	0.000	0.000	0.000	-16.005	0.655	0.955	
EIF4A2	SHTN1	SHTN1	0.247|0.262|.	0.908	0.303	3	0.287|0.250|0.346	0.000	0.000	0.000	0.000	0.000	-16.005	1.037	0.967	
EIF4A2	ILVBL	ILVBL	0.355|0.541|0.484	1.380	0.460	3	0.595|0.600|0.591	0.000	0.000	0.000	0.000	0.000	-16.005	0.773	0.957	
EIF4A2	CNOT1	CNOT1	0.647|0.664|0.747	2.058	0.686	3	0.791|2.319|0.865	0.000	0.000	0.000	0.000	0.000	-11.724	0.588	0.888	
EIF4A2	MAP1LC3B;MAP1LC3B2	MAP1LC3B;MAP1LC3B2	0.200|0.272|.	0.871	0.290	3	0.282|0.271|0.279	0.000	0.000	0.000	0.000	0.000	-16.005	1.047	0.967	
EIF4A2	TUBAL3	TUBAL3	1.032|1.330|1.339	3.701	1.234	3	1.508|1.235|1.506	0.000	0.000	0.000	0.000	0.000	-16.005	0.875	0.954	
EIF4A2	ARHGAP42	ARHGAP42	0.436|0.472|0.620	1.528	0.509	3	0.951|0.800|0.843	0.000	0.000	0.000	0.000	0.000	-16.005	0.591	0.956	
EIF4A2	RTL8C	RTL8C	0.999|0.697|0.926	2.621	0.874	3	0.948|0.967|0.925	0.000	0.000	0.000	0.000	0.000	-16.005	0.923	0.940	
EIF4A2	WASH2P;WASH3P	WASH2P;WASH3P	0.395|0.559|0.663	1.617	0.539	3	0.540|0.700|0.900	0.000	0.000	0.000	0.000	0.000	-16.005	0.772	0.955	
EIF4A2	MCRIP1	MCRIP1	0.263|0.380|.	1.041	0.347	3	0.532|0.345|.	0.000	0.000	0.000	0.000	0.000	-16.005	0.810	0.967	
EIF4A2	G5E513	G5E513	0.734|1.024|0.963	2.721	0.907	3	1.248|1.280|1.137	0.000	0.000	0.000	0.000	0.000	-16.005	0.743	0.957	
EIF4A2	TRYP	TRYP	16.289|16.612|16.649	49.550	16.517	3	15.625|16.080|16.547	0.000	0.000	0.000	0.000	0.000	-15.978	1.027	0.941	
EIF4A2	CHYM	CHYM	0.913|0.972|1.118	3.002	1.001	3	1.018|1.003|1.025	0.000	0.000	0.000	0.000	0.000	-16.005	0.986	0.930	
EIF4A2	C4	C4	2.215|2.279|2.232	6.726	2.242	3	2.172|2.067|2.148	0.000	0.000	0.000	0.000	0.000	-15.758	1.053	0.934	
EIF4A2	HBA	HBA	0.600|0.514|0.600	1.714	0.571	3	1.165|1.217|1.253	0.000	0.000	0.000	0.000	0.000	-16.005	0.472	0.957	
EIF4A2	HBBF	HBBF	1.141|1.057|0.939	3.138	1.046	3	1.234|1.357|1.373	0.000	0.000	0.000	0.000	0.000	-16.005	0.793	0.957	
EIF4A2	CSN1S1	CSN1S1	1.029|1.422|1.361	3.812	1.271	3	0.605|.|0.670	0.041	0.041	0.041	0.041	0.041	-3.160	1.995	0.424	
EIF4A2	CSN2	CSN2	0.364|0.501|0.497	1.361	0.454	3	.|.|.	0.000	0.000	0.000	0.000	0.000	-16.005	1.140	0.860	
EIF4A2	ALB	ALB	9.453|9.999|10.286	29.738	9.913	3	8.581|9.374|8.711	0.000	0.000	0.000	0.000	0.000	-15.395	1.116	0.911	
EIF4A2	PF4	PF4	2.732|2.766|3.119	8.617	2.872	3	7.696|8.287|8.761	0.000	0.000	0.000	0.000	0.000	-16.005	0.349	0.962	
EIF4A2	PLG	PLG	0.085|.|.	0.881	0.294	3	.|.|.	0.000	0.000	0.000	0.000	0.000	-16.005	0.738	0.970	
EIF4A2	AHSG	AHSG	1.724|1.681|1.664	5.069	1.690	3	1.808|1.722|1.861	0.000	0.000	0.000	0.000	0.000	-16.005	0.941	0.948	
EIF4A2	APOA1	APOA1	0.769|0.978|0.863	2.610	0.870	3	0.947|0.943|0.792	0.000	0.000	0.000	0.000	0.000	-16.005	0.977	0.938	
EIF4A2	ACTB;ACTG1	ACTB;ACTG1	14.332|15.084|16.039	45.455	15.152	3	14.214|13.899|14.095	0.000	0.000	0.000	0.000	0.000	-15.951	1.077	0.918	
EIF4A2	YWHAZ	YWHAZ	0.954|0.871|1.089	2.914	0.971	3	1.108|1.191|1.112	0.000	0.000	0.000	0.000	0.000	-16.005	0.855	0.957	
EIF4A2	EEF1A1	EEF1A1	12.069|12.338|13.262	37.669	12.556	3	16.670|17.750|17.081	0.000	0.000	0.000	0.000	0.000	-16.005	0.732	0.962	
EIF4A2	ACTA1	ACTA1	3.897|3.653|4.070	11.620	3.873	3	3.820|3.415|3.611	0.000	0.000	0.000	0.000	0.000	-15.984	1.072	0.921	
EIF4A2	F5	F5	0.998|1.112|1.062	3.172	1.057	3	1.237|1.028|1.290	0.000	0.000	0.000	0.000	0.000	-16.005	0.897	0.961	
EIF4A2	THBS1	THBS1	0.401|0.390|0.703	1.494	0.498	3	.|0.466|.	0.000	0.001	0.000	0.001	0.000	-16.005	1.069	0.851	
EIF4A2	LOC525947	LOC525947	0.444|0.489|0.485	1.419	0.473	3	0.443|.|0.362	0.000	0.000	0.000	0.000	0.000	-15.492	1.181	0.920	
EIF4A2	TUBB;TUBB5	TUBB;TUBB5	9.340|9.653|10.744	29.737	9.912	3	13.411|13.516|14.464	0.000	0.000	0.000	0.000	0.000	-16.005	0.719	0.962	
EIF4A2	C3	C3	2.021|1.970|2.341	6.332	2.111	3	2.392|2.212|2.290	0.000	0.000	0.000	0.000	0.000	-16.005	0.919	0.946	
EIF4A2	VTN	VTN	0.339|0.430|0.512	1.280	0.427	3	0.599|0.625|1.190	0.000	0.000	0.000	0.000	0.000	-16.005	0.559	0.955	
EIF4A2	FETUB	FETUB	0.412|0.398|.	1.208	0.403	3	0.452|0.592|0.700	0.000	0.000	0.000	0.000	0.000	-16.005	0.704	0.966	
EIF4A2	A2M	A2M	2.077|2.207|2.468	6.753	2.251	3	3.594|3.495|3.470	0.000	0.000	0.000	0.000	0.000	-16.005	0.640	0.962	
EIF4A2	NACA	NACA	2.332|2.484|2.667	7.482	2.494	3	2.950|3.038|2.947	0.000	0.000	0.000	0.000	0.000	-16.005	0.838	0.962	
EIF4A2	C11orf98	C11orf98	1.057|1.050|1.148	3.255	1.085	3	1.109|1.172|1.058	0.000	0.000	0.000	0.000	0.000	-16.005	0.976	0.944	
EIF4A2	SUMO1;SUMO1P1	SUMO1;SUMO1P1	0.477|.|0.393	1.268	0.423	3	0.548|0.482|0.592	0.000	0.000	0.000	0.000	0.000	-16.005	0.784	0.967	
EIF4A2	DDX39A	DDX39A	0.847|0.893|1.035	2.775	0.925	3	1.056|0.946|0.841	0.000	0.000	0.000	0.000	0.000	-16.005	0.981	0.939	
EIF4A2	MYO1C	MYO1C	0.757|0.861|0.783	2.401	0.800	3	0.892|1.088|0.944	0.000	0.000	0.000	0.000	0.000	-16.005	0.824	0.953	
EIF4A2	HAX1	HAX1	0.420|0.431|0.504	1.355	0.452	3	0.565|0.593|0.531	0.000	0.000	0.000	0.000	0.000	-16.005	0.804	0.957	
EIF4A2	AP3B1	AP3B1	1.644|1.422|1.449	4.515	1.505	3	1.928|1.699|1.673	0.000	0.000	0.000	0.000	0.000	-16.005	0.854	0.951	
EIF4A2	NDUFS8	NDUFS8	0.529|.|0.384	1.311	0.437	3	.|0.467|0.487	0.000	0.000	0.000	0.000	0.000	-16.005	0.917	0.965	
EIF4A2	PSMD11	PSMD11	1.605|1.608|1.619	4.833	1.611	3	2.134|2.120|2.020	0.000	0.000	0.000	0.000	0.000	-16.005	0.771	0.948	
EIF4A2	PSMD12	PSMD12	2.094|2.079|1.995	6.168	2.056	3	2.862|3.026|3.081	0.000	0.000	0.000	0.000	0.000	-16.005	0.688	0.962	
EIF4A2	CBX4	CBX4	0.518|0.443|.	1.359	0.453	3	0.685|.|.	0.000	0.000	0.000	0.000	0.000	-16.005	0.661	0.967	
EIF4A2	PGRMC1	PGRMC1	1.147|1.220|1.398	3.765	1.255	3	1.217|1.276|1.369	0.000	0.000	0.000	0.000	0.000	-16.005	0.976	0.934	
EIF4A2	SUPT5H	SUPT5H	1.530|1.445|1.558	4.533	1.511	3	1.363|1.291|1.245	0.000	0.000	0.000	0.000	0.000	-14.221	1.163	0.893	
EIF4A2	TAF4	TAF4	0.494|0.449|0.521	1.464	0.488	3	0.715|0.640|0.499	0.000	0.000	0.000	0.000	0.000	-16.005	0.798	0.953	
EIF4A2	EIF3F	EIF3F	9.223|10.425|10.485	30.133	10.044	3	3.008|2.939|2.948	0.759	0.999	0.759	0.999	0.759	-0.947	3.388	0.013	
EIF4A2	IPO5	IPO5	0.644|0.728|0.662	2.035	0.678	3	0.818|1.017|1.044	0.000	0.000	0.000	0.000	0.000	-16.005	0.711	0.956	
EIF4A2	IGF2BP3	IGF2BP3	0.677|0.863|0.998	2.538	0.846	3	.|.|.	0.029	0.029	0.029	0.029	0.029	-3.505	2.125	0.476	
EIF4A2	DNM1L	DNM1L	0.383|.|0.367	1.148	0.383	3	0.496|0.520|0.459	0.000	0.000	0.000	0.000	0.000	-16.005	0.779	0.967	
EIF4A2	IFRD1	IFRD1	0.387|0.517|0.649	1.553	0.518	3	1.746|0.483|0.537	0.000	0.001	0.000	0.001	0.000	-9.829	0.674	0.854	
EIF4A2	EXOC5	EXOC5	0.713|0.326|0.337	1.376	0.459	3	2.417|0.561|0.468	0.001	0.003	0.001	0.003	0.001	-8.639	0.534	0.839	
EIF4A2	HMGN4	HMGN4	0.747|0.854|1.885	3.486	1.162	3	0.743|0.877|0.584	0.332	0.997	0.332	0.997	0.332	-15.988	1.604	0.242	
EIF4A2	NDUFA4	NDUFA4	0.366|.|.	1.163	0.388	3	0.334|.|0.423	0.000	0.000	0.000	0.000	0.000	-16.005	1.031	0.969	
EIF4A2	PSMD14	PSMD14	1.993|1.997|2.167	6.157	2.052	3	2.558|2.441|2.476	0.000	0.000	0.000	0.000	0.000	-16.005	0.824	0.962	
EIF4A2	ZNF593	ZNF593	1.360|1.421|1.448	4.230	1.410	3	1.702|1.739|1.675	0.000	0.000	0.000	0.000	0.000	-16.005	0.827	0.957	
EIF4A2	KPNA3	KPNA3	0.419|0.395|0.362	1.176	0.392	3	0.420|0.545|0.620	0.000	0.000	0.000	0.000	0.000	-16.005	0.752	0.955	
EIF4A2	PES1	PES1	0.436|0.551|0.510	1.497	0.499	3	0.477|0.481|0.366	0.000	0.000	0.000	0.000	0.000	-16.005	1.139	0.927	
EIF4A2	DDX3X	DDX3X	3.765|4.150|4.331	12.245	4.082	3	2.684|2.612|2.704	0.029	0.029	0.029	0.029	0.029	-3.505	1.531	0.668	
EIF4A2	KPNA4	KPNA4	0.168|0.217|0.291	0.676	0.225	3	0.103|0.190|0.376	0.000	0.000	0.000	0.000	0.000	-13.765	1.158	0.913	
EIF4A2	PPP6C	PPP6C	0.527|0.650|0.751	1.928	0.643	3	0.830|0.727|0.633	0.000	0.000	0.000	0.000	0.000	-16.005	0.885	0.946	
EIF4A2	NME4	NME4	0.246|0.239|0.305	0.789	0.263	3	.|0.467|.	0.000	0.000	0.000	0.000	0.000	-16.005	0.564	0.956	
EIF4A2	TXNDC9	TXNDC9	1.068|1.015|1.101	3.184	1.061	3	0.839|0.899|0.991	0.000	0.000	0.000	0.000	0.000	-14.675	1.169	0.904	
EIF4A2	COPE	COPE	2.091|1.942|2.213	6.245	2.082	3	2.699|2.816|2.703	0.000	0.000	0.000	0.000	0.000	-16.005	0.760	0.948	
EIF4A2	EIF1AX;EIF1AY	EIF1AX;EIF1AY	4.813|4.805|5.453	15.070	5.023	3	5.470|6.223|5.860	0.000	0.000	0.000	0.000	0.000	-16.005	0.860	0.948	
EIF4A2	AP3D1	AP3D1	0.937|1.321|1.320	3.578	1.193	3	1.475|1.358|1.246	0.000	0.000	0.000	0.000	0.000	-16.005	0.879	0.962	
EIF4A2	IRS4	IRS4	1.623|1.864|1.767	5.254	1.751	3	1.429|1.464|1.488	0.000	0.001	0.000	0.001	0.000	-14.256	1.199	0.852	
EIF4A2	CDIPT	CDIPT	0.614|0.513|0.767	1.894	0.631	3	0.746|0.765|0.723	0.000	0.000	0.000	0.000	0.000	-16.005	0.848	0.944	
EIF4A2	PDCD5	PDCD5	0.935|0.958|1.014	2.906	0.969	3	1.385|1.365|1.283	0.000	0.000	0.000	0.000	0.000	-16.005	0.721	0.957	
EIF4A2	PRMT5	PRMT5	42.522|45.081|48.506	136.108	45.369	3	51.265|51.087|51.527	0.000	0.000	0.000	0.000	0.000	-16.005	0.885	0.962	
EIF4A2	TCERG1	TCERG1	0.476|0.583|0.616	1.675	0.558	3	0.651|0.672|0.956	0.000	0.000	0.000	0.000	0.000	-16.005	0.747	0.954	
EIF4A2	POLR3A	POLR3A	0.664|0.706|0.740	2.110	0.703	3	1.141|1.331|0.737	0.000	0.000	0.000	0.000	0.000	-16.005	0.677	0.953	
EIF4A2	PSMA7	PSMA7	2.863|3.093|3.069	9.024	3.008	3	4.080|4.283|4.068	0.000	0.000	0.000	0.000	0.000	-16.005	0.726	0.962	
EIF4A2	SCAMP3	SCAMP3	0.833|0.648|0.752	2.234	0.745	3	0.659|0.899|0.536	0.000	0.000	0.000	0.000	0.000	-16.005	1.091	0.939	
EIF4A2	BCKDK	BCKDK	0.494|0.585|0.587	1.666	0.555	3	0.897|0.829|0.835	0.000	0.000	0.000	0.000	0.000	-16.005	0.651	0.957	
EIF4A2	IKBKB	IKBKB	0.669|0.738|0.779	2.187	0.729	3	0.815|0.902|0.887	0.000	0.000	0.000	0.000	0.000	-16.005	0.840	0.957	
EIF4A2	MYL12A;MYL12B	MYL12A;MYL12B	4.833|5.437|5.767	16.037	5.346	3	5.643|5.919|5.822	0.000	0.000	0.000	0.000	0.000	-16.005	0.923	0.962	
EIF4A2	PPP1R12A	PPP1R12A	0.646|0.589|0.667	1.901	0.634	3	0.635|0.569|0.775	0.000	0.000	0.000	0.000	0.000	-16.005	0.969	0.947	
EIF4A2	XPO1	XPO1	1.018|1.072|36.177	38.267	12.756	3	1.497|1.618|1.560	0.333	1.000	0.333	1.000	0.333	-16.005	8.189	0.162	
EIF4A2	SEC16A	SEC16A	0.163|.|.	0.959	0.320	3	0.283|.|.	0.000	0.000	0.000	0.000	0.000	-16.005	1.130	0.970	
EIF4A2	KHNYN	KHNYN	0.385|.|0.381	1.164	0.388	3	.|.|0.432	0.000	0.000	0.000	0.000	0.000	-16.005	0.899	0.967	
EIF4A2	U2SURP	U2SURP	3.610|3.730|4.116	11.456	3.819	3	3.013|3.547|3.322	0.000	0.000	0.000	0.000	0.000	-15.023	1.162	0.891	
EIF4A2	PFAS	PFAS	0.260|.|0.337	0.995	0.332	3	0.427|0.419|0.398	0.000	0.000	0.000	0.000	0.000	-16.005	0.801	0.967	
EIF4A2	DCLK1	DCLK1	0.284|0.318|0.308	0.911	0.304	3	0.390|0.606|0.263	0.000	0.000	0.000	0.000	0.000	-16.005	0.767	0.927	
EIF4A2	ANKRD28	ANKRD28	0.558|0.747|1.042	2.347	0.782	3	0.765|0.579|0.624	0.000	0.000	0.000	0.000	0.000	-16.005	1.201	0.868	
EIF4A2	CHUK	CHUK	0.517|0.547|0.509	1.573	0.524	3	0.798|0.831|0.798	0.000	0.000	0.000	0.000	0.000	-16.005	0.648	0.957	
EIF4A2	SCAMP2	SCAMP2	0.391|0.588|0.591	1.570	0.523	3	0.601|.|0.597	0.000	0.000	0.000	0.000	0.000	-16.005	0.874	0.953	
EIF4A2	ARPC2	ARPC2	0.592|.|0.713	1.703	0.568	3	0.885|0.874|0.807	0.000	0.000	0.000	0.000	0.000	-16.005	0.664	0.967	
EIF4A2	ARPC3	ARPC3	0.359|0.546|0.467	1.372	0.457	3	0.694|0.636|0.691	0.000	0.000	0.000	0.000	0.000	-16.005	0.679	0.957	
EIF4A2	POLR1C	POLR1C	0.624|1.328|1.328	3.280	1.093	3	1.517|1.398|1.419	0.000	0.000	0.000	0.000	0.000	-16.005	0.757	0.962	
EIF4A2	PGRMC2	PGRMC2	0.263|.|.	1.060	0.353	3	.|.|.	0.000	0.000	0.000	0.000	0.000	-16.005	0.887	0.970	
EIF4A2	NKRF	NKRF	0.306|0.303|0.299	0.908	0.303	3	0.880|0.772|0.862	0.000	0.000	0.000	0.000	0.000	-16.005	0.362	0.961	
EIF4A2	MRPS12	MRPS12	1.273|1.584|1.625	4.481	1.494	3	.|1.856|1.974	0.000	0.000	0.000	0.000	0.000	-16.005	0.781	0.962	
EIF4A2	RER1	RER1	0.703|.|0.614	1.716	0.572	3	0.810|0.671|0.745	0.000	0.000	0.000	0.000	0.000	-16.005	0.773	0.966	
EIF4A2	SURF4	SURF4	3.279|3.780|3.753	10.812	3.604	3	3.528|3.483|3.437	0.000	0.000	0.000	0.000	0.000	-16.005	1.035	0.930	
EIF4A2	SPTLC1	SPTLC1	0.342|.|.	1.139	0.380	3	0.267|.|0.445	0.000	0.000	0.000	0.000	0.000	-16.005	1.102	0.968	
EIF4A2	SPTLC2	SPTLC2	0.324|.|.	1.121	0.374	3	0.347|.|0.372	0.000	0.000	0.000	0.000	0.000	-16.005	1.039	0.969	
EIF4A2	OGT	OGT	0.482|0.437|0.571	1.490	0.497	3	0.671|0.527|0.594	0.000	0.000	0.000	0.000	0.000	-16.005	0.836	0.953	
EIF4A2	HMGB3	HMGB3	1.817|3.983|1.776	7.576	2.525	3	2.093|2.057|2.023	0.010	0.029	0.010	0.029	0.010	-16.005	1.228	0.793	
EIF4A2	PPM1G	PPM1G	0.679|0.550|0.650	1.879	0.626	3	0.799|0.631|0.614	0.000	0.000	0.000	0.000	0.000	-16.005	0.926	0.948	
EIF4A2	EIF3D	EIF3D	8.192|7.921|8.728	24.842	8.281	3	2.601|2.440|2.560	0.747	0.996	0.747	0.996	0.747	-0.511	3.270	0.016	
EIF4A2	EIF3H	EIF3H	5.506|5.566|6.185	17.257	5.752	3	1.341|1.624|1.792	1.000	1.000	1.000	1.000	1.000	8.371	3.654	0.000	
EIF4A2	IPO8	IPO8	0.771|0.839|0.906	2.516	0.839	3	1.035|0.796|1.011	0.000	0.000	0.000	0.000	0.000	-16.005	0.891	0.955	
EIF4A2	DHX15	DHX15	1.898|1.654|1.997	5.550	1.850	3	2.426|2.392|2.558	0.000	0.000	0.000	0.000	0.000	-16.005	0.753	0.948	
EIF4A2	PRPF4	PRPF4	0.219|.|0.147	0.765	0.255	3	0.261|.|0.617	0.000	0.000	0.000	0.000	0.000	-15.402	0.635	0.939	
EIF4A2	PHGDH	PHGDH	1.601|1.580|1.602	4.783	1.594	3	3.385|3.161|3.240	0.000	0.000	0.000	0.000	0.000	-16.005	0.489	0.948	
EIF4A2	PSMD3	PSMD3	1.935|1.961|2.069	5.965	1.988	3	2.667|2.708|2.532	0.000	0.000	0.000	0.000	0.000	-16.005	0.755	0.962	
EIF4A2	ZW10	ZW10	0.431|0.518|0.547	1.496	0.499	3	0.732|0.709|0.630	0.000	0.000	0.000	0.000	0.000	-16.005	0.723	0.953	
EIF4A2	SART1	SART1	1.172|1.230|1.321	3.723	1.241	3	1.010|1.136|1.152	0.000	0.000	0.000	0.000	0.000	-15.384	1.131	0.898	
EIF4A2	PPIP5K2	PPIP5K2	0.707|0.760|0.810	2.277	0.759	3	0.732|0.953|0.728	0.000	0.000	0.000	0.000	0.000	-16.005	0.951	0.947	
EIF4A2	EEF1E1	EEF1E1	0.549|0.438|0.452	1.439	0.480	3	0.485|0.673|0.545	0.000	0.000	0.000	0.000	0.000	-16.005	0.853	0.953	
EIF4A2	HNRNPR	HNRNPR	1.723|1.888|2.044	5.654	1.885	3	1.187|1.244|1.097	0.029	0.029	0.029	0.029	0.029	-3.505	1.605	0.554	
EIF4A2	PRPF3	PRPF3	0.600|0.701|0.766	2.067	0.689	3	0.639|0.756|0.761	0.000	0.000	0.000	0.000	0.000	-16.005	0.962	0.941	
EIF4A2	TPD52L2	TPD52L2	0.206|0.280|.	0.884	0.295	3	0.303|0.343|0.207	0.000	0.000	0.000	0.000	0.000	-16.005	1.060	0.966	
EIF4A2	EIF4G3	EIF4G3	7.761|8.117|8.565	24.443	8.148	3	0.447|0.385|0.304	1.000	1.000	1.000	1.000	1.000	10.030	21.773	0.000	
EIF4A2	DENR	DENR	0.656|0.827|0.617	2.100	0.700	3	0.845|.|0.957	0.000	0.000	0.000	0.000	0.000	-16.005	0.779	0.954	
EIF4A2	XPOT	XPOT	0.568|1.158|0.610	2.336	0.779	3	0.741|0.711|0.790	0.010	0.029	0.010	0.029	0.010	-16.005	1.043	0.795	
EIF4A2	TIMM44	TIMM44	2.623|2.390|2.726	7.739	2.580	3	3.963|4.074|4.435	0.000	0.000	0.000	0.000	0.000	-16.005	0.621	0.948	
EIF4A2	TRAPPC3	TRAPPC3	0.600|.|0.551	1.550	0.517	3	0.663|1.513|1.532	0.000	0.000	0.000	0.000	0.000	-16.005	0.448	0.967	
EIF4A2	CHMP2A	CHMP2A	0.813|0.729|0.790	2.331	0.777	3	0.580|0.977|0.930	0.000	0.000	0.000	0.000	0.000	-16.005	0.962	0.948	
EIF4A2	ZNF207	ZNF207	1.263|1.034|1.200	3.496	1.165	3	1.164|1.183|1.249	0.000	0.000	0.000	0.000	0.000	-16.005	0.973	0.940	
EIF4A2	GET3	GET3	0.498|0.595|0.485	1.577	0.526	3	0.789|0.706|0.657	0.000	0.000	0.000	0.000	0.000	-16.005	0.735	0.957	
EIF4A2	BUB3	BUB3	0.704|0.785|0.765	2.253	0.751	3	0.975|1.012|1.111	0.000	0.000	0.000	0.000	0.000	-16.005	0.729	0.957	
EIF4A2	ACTN4	ACTN4	2.612|2.993|3.019	8.624	2.875	3	2.786|3.001|2.705	0.000	0.000	0.000	0.000	0.000	-16.005	1.017	0.935	
EIF4A2	HTATSF1	HTATSF1	0.970|0.947|1.029	2.945	0.982	3	1.106|1.085|1.080	0.000	0.000	0.000	0.000	0.000	-16.005	0.901	0.957	
EIF4A2	AP1G1	AP1G1	0.376|0.377|0.478	1.230	0.410	3	0.544|0.623|0.645	0.000	0.000	0.000	0.000	0.000	-16.005	0.681	0.954	
EIF4A2	ENSA	ENSA	1.822|1.790|2.137	5.749	1.916	3	2.284|1.866|2.242	0.000	0.000	0.000	0.000	0.000	-16.005	0.903	0.948	
EIF4A2	NARS1	NARS1	0.465|0.386|0.358	1.209	0.403	3	0.597|0.659|0.695	0.000	0.000	0.000	0.000	0.000	-16.005	0.621	0.955	
EIF4A2	MYO1B	MYO1B	0.751|0.654|0.712	2.116	0.705	3	0.765|0.873|0.751	0.000	0.000	0.000	0.000	0.000	-16.005	0.888	0.957	
EIF4A2	SLC25A17	SLC25A17	0.227|.|0.133	0.758	0.253	3	0.171|.|.	0.000	0.000	0.000	0.000	0.000	-16.005	1.481	0.932	
EIF4A2	NUDT21	NUDT21	3.588|3.594|4.039	11.221	3.740	3	4.560|4.571|4.503	0.000	0.000	0.000	0.000	0.000	-16.005	0.823	0.962	
EIF4A2	IDH3B	IDH3B	0.453|0.471|0.378	1.302	0.434	3	0.537|0.485|0.518	0.000	0.000	0.000	0.000	0.000	-16.005	0.846	0.957	
EIF4A2	CALU	CALU	0.677|0.806|0.676	2.159	0.720	3	1.175|1.301|1.933	0.000	0.000	0.000	0.000	0.000	-16.005	0.502	0.953	
EIF4A2	DHX16	DHX16	0.640|0.651|0.634	1.925	0.642	3	0.564|0.597|0.598	0.000	0.000	0.000	0.000	0.000	-15.021	1.094	0.923	
EIF4A2	ZNRD2	ZNRD2	0.483|0.580|0.736	1.798	0.599	3	0.730|0.884|0.920	0.000	0.000	0.000	0.000	0.000	-16.005	0.713	0.955	
EIF4A2	PRPSAP2	PRPSAP2	0.488|0.905|0.965	2.358	0.786	3	1.224|1.050|1.116	0.000	0.000	0.000	0.000	0.000	-16.005	0.697	0.952	
EIF4A2	SPAG9	SPAG9	0.970|0.948|0.988	2.906	0.969	3	1.527|1.484|1.512	0.000	0.000	0.000	0.000	0.000	-16.005	0.643	0.957	
EIF4A2	KDM1A	KDM1A	0.536|0.515|0.561	1.612	0.537	3	0.583|0.576|0.649	0.000	0.000	0.000	0.000	0.000	-16.005	0.893	0.957	
EIF4A2	TBC1D4	TBC1D4	0.360|.|0.358	1.116	0.372	3	2.813|0.567|0.457	0.000	0.001	0.000	0.001	0.000	-7.563	0.413	0.855	
EIF4A2	OGA	OGA	0.393|0.431|0.562	1.386	0.462	3	0.688|0.682|0.707	0.000	0.000	0.000	0.000	0.000	-16.005	0.667	0.957	
EIF4A2	SYNCRIP	SYNCRIP	1.291|1.217|1.266	3.773	1.258	3	0.690|0.853|0.837	0.018	0.029	0.018	0.029	0.018	-5.811	1.593	0.727	
EIF4A2	CCNT1	CCNT1	0.650|0.676|0.631	1.957	0.652	3	0.473|0.432|0.467	0.029	0.029	0.029	0.029	0.029	-3.505	1.428	0.476	
EIF4A2	EIF4E2	EIF4E2	0.579|0.673|0.960	2.212	0.737	3	0.971|0.818|1.026	0.000	0.000	0.000	0.000	0.000	-16.005	0.790	0.946	
EIF4A2	CCNT2	CCNT2	0.634|0.806|0.790	2.230	0.743	3	0.713|0.704|0.656	0.000	0.000	0.000	0.000	0.000	-16.005	1.077	0.906	
EIF4A2	DIAPH1	DIAPH1	1.144|1.364|1.588	4.096	1.365	3	1.953|1.890|1.557	0.000	0.000	0.000	0.000	0.000	-16.005	0.762	0.955	
EIF4A2	EXOC3	EXOC3	0.531|0.857|0.562	1.951	0.650	3	0.965|0.813|0.848	0.000	0.000	0.000	0.000	0.000	-16.005	0.745	0.954	
EIF4A2	PRMT3	PRMT3	0.973|0.856|1.060	2.889	0.963	3	1.008|1.092|1.076	0.000	0.000	0.000	0.000	0.000	-16.005	0.910	0.948	
EIF4A2	KPNA6	KPNA6	0.438|0.596|0.549	1.582	0.527	3	0.861|0.776|0.575	0.000	0.000	0.000	0.000	0.000	-16.005	0.726	0.953	
EIF4A2	CTNND1	CTNND1	0.306|.|0.334	1.039	0.346	3	0.373|0.378|0.313	0.000	0.000	0.000	0.000	0.000	-16.005	0.980	0.967	
EIF4A2	EIF1;EIF1B	EIF1;EIF1B	1.325|1.209|1.320	3.855	1.285	3	1.481|1.278|1.143	0.000	0.000	0.000	0.000	0.000	-16.005	0.993	0.946	
EIF4A2	DPM1	DPM1	1.462|1.411|1.559	4.432	1.477	3	1.826|2.171|1.838	0.000	0.000	0.000	0.000	0.000	-16.005	0.762	0.962	
EIF4A2	USO1	USO1	0.805|0.953|0.889	2.647	0.882	3	1.121|1.147|1.076	0.000	0.000	0.000	0.000	0.000	-16.005	0.792	0.957	
EIF4A2	H2BC12;H2BC12L;H2BC13;H2BC14;H2BC15;H2BC18;H2BC4;H2BC5;H2BC9	H2BC12;H2BC12L;H2BC13;H2BC14;H2BC15;H2BC18;H2BC4;H2BC5;H2BC9	2.701|2.893|2.978	8.571	2.857	3	3.398|3.312|3.408	0.000	0.000	0.000	0.000	0.000	-16.005	0.847	0.962	
EIF4A2	CCDC22	CCDC22	0.461|0.499|0.496	1.457	0.486	3	0.733|0.680|0.713	0.000	0.000	0.000	0.000	0.000	-16.005	0.685	0.957	
EIF4A2	PQBP1	PQBP1	0.723|0.819|0.877	2.420	0.807	3	1.006|1.048|0.863	0.000	0.000	0.000	0.000	0.000	-16.005	0.832	0.953	
EIF4A2	PRAF2	PRAF2	0.525|0.551|0.513	1.588	0.529	3	0.536|0.597|0.522	0.000	0.000	0.000	0.000	0.000	-16.005	0.961	0.955	
EIF4A2	DKC1	DKC1	1.034|0.913|1.128	3.075	1.025	3	1.241|1.559|1.348	0.000	0.000	0.000	0.000	0.000	-16.005	0.745	0.952	
EIF4A2	EIF5B	EIF5B	2.793|2.591|3.039	8.423	2.808	3	2.139|2.302|2.206	0.010	0.029	0.010	0.029	0.010	-12.134	1.268	0.762	
EIF4A2	EDF1	EDF1	9.444|9.486|10.717	29.647	9.882	3	12.217|11.533|11.986	0.000	0.000	0.000	0.000	0.000	-16.005	0.830	0.962	
EIF4A2	KIN	KIN	1.012|0.978|1.203	3.193	1.064	3	0.903|0.934|1.059	0.000	0.000	0.000	0.000	0.000	-15.980	1.105	0.894	
EIF4A2	DNAJA2	DNAJA2	1.705|1.879|1.820	5.404	1.801	3	2.395|2.309|2.388	0.000	0.000	0.000	0.000	0.000	-16.005	0.762	0.948	
EIF4A2	CLASP2	CLASP2	1.029|0.998|1.043	3.070	1.023	3	1.108|1.090|1.182	0.000	0.000	0.000	0.000	0.000	-16.005	0.909	0.957	
EIF4A2	OBSL1	OBSL1	0.240|.|0.375	1.013	0.338	3	.|0.466|.	0.000	0.000	0.000	0.000	0.000	-16.005	0.724	0.967	
EIF4A2	RNF40	RNF40	0.569|0.614|0.670	1.853	0.618	3	0.805|0.753|0.731	0.000	0.000	0.000	0.000	0.000	-16.005	0.810	0.957	
EIF4A2	CLUH	CLUH	0.662|0.687|0.694	2.042	0.681	3	0.920|0.997|0.892	0.000	0.000	0.000	0.000	0.000	-16.005	0.728	0.957	
EIF4A2	TSC22D2	TSC22D2	0.432|.|0.364	1.195	0.398	3	0.529|0.462|0.474	0.000	0.000	0.000	0.000	0.000	-16.005	0.817	0.966	
EIF4A2	PPP6R2	PPP6R2	0.543|0.411|0.237	1.191	0.397	3	0.314|.|0.369	0.000	0.001	0.000	0.001	0.000	-16.005	1.166	0.862	
EIF4A2	ANKRD17	ANKRD17	0.267|0.464|0.412	1.143	0.381	3	0.647|0.759|0.624	0.000	0.000	0.000	0.000	0.000	-16.005	0.565	0.955	
EIF4A2	DNAJB6;DNAJB8	DNAJB6;DNAJB8	0.525|0.711|0.558	1.795	0.598	3	0.996|1.075|1.057	0.000	0.000	0.000	0.000	0.000	-16.005	0.574	0.957	
EIF4A2	NDUFS2	NDUFS2	0.311|0.356|0.515	1.182	0.394	3	0.446|0.462|0.499	0.000	0.000	0.000	0.000	0.000	-16.005	0.841	0.930	
EIF4A2	NIPSNAP2	NIPSNAP2	0.451|.|0.549	1.398	0.466	3	0.691|0.711|0.713	0.000	0.000	0.000	0.000	0.000	-16.005	0.661	0.967	
EIF4A2	PDCD6	PDCD6	0.600|0.774|0.881	2.255	0.752	3	0.816|0.900|0.746	0.000	0.000	0.000	0.000	0.000	-16.005	0.919	0.940	
EIF4A2	VPS4A;VPS4B	VPS4A;VPS4B	0.338|.|0.398	1.134	0.378	3	0.487|0.583|0.533	0.000	0.000	0.000	0.000	0.000	-16.005	0.710	0.967	
EIF4A2	MPDU1	MPDU1	0.238|0.292|0.296	0.826	0.275	3	0.282|0.208|0.244	0.000	0.000	0.000	0.000	0.000	-16.005	1.133	0.928	
EIF4A2	FLNB	FLNB	0.908|0.991|1.012	2.911	0.970	3	1.212|1.160|1.106	0.000	0.000	0.000	0.000	0.000	-16.005	0.838	0.957	
EIF4A2	CS	CS	0.755|1.039|0.833	2.627	0.876	3	1.074|0.976|1.074	0.000	0.000	0.000	0.000	0.000	-16.005	0.842	0.957	
EIF4A2	SEC22B	SEC22B	0.768|0.684|0.990	2.442	0.814	3	0.901|0.850|0.862	0.000	0.000	0.000	0.000	0.000	-16.005	0.935	0.920	
EIF4A2	PRPF40A	PRPF40A	1.122|1.110|1.190	3.422	1.141	3	1.047|1.108|0.880	0.000	0.000	0.000	0.000	0.000	-15.509	1.133	0.928	
EIF4A2	PMPCB	PMPCB	0.296|0.333|0.463	1.092	0.364	3	0.363|0.449|.	0.000	0.000	0.000	0.000	0.000	-16.005	0.902	0.936	
EIF4A2	KATNA1	KATNA1	0.415|0.358|.	1.171	0.390	3	0.533|0.575|0.584	0.000	0.000	0.000	0.000	0.000	-16.005	0.693	0.967	
EIF4A2	PSIP1	PSIP1	0.701|0.679|0.733	2.113	0.704	3	0.638|0.659|0.738	0.000	0.000	0.000	0.000	0.000	-16.003	1.040	0.936	
EIF4A2	NDUFS3	NDUFS3	0.352|0.401|0.573	1.326	0.442	3	0.426|.|0.448	0.000	0.000	0.000	0.000	0.000	-16.005	1.012	0.909	
EIF4A2	SRSF10	SRSF10	0.735|0.820|0.853	2.408	0.803	3	0.765|0.670|0.712	0.000	0.000	0.000	0.000	0.000	-15.878	1.123	0.897	
EIF4A2	ECI2	ECI2	0.351|0.385|0.376	1.112	0.371	3	0.512|0.427|0.413	0.000	0.000	0.000	0.000	0.000	-16.005	0.826	0.953	
EIF4A2	KHDRBS3	KHDRBS3	2.004|1.955|2.199	6.158	2.053	3	1.618|1.612|1.671	0.010	0.029	0.010	0.029	0.010	-10.947	1.257	0.771	
EIF4A2	SF3B1	SF3B1	0.933|1.052|0.919	2.903	0.968	3	0.962|0.983|1.035	0.000	0.000	0.000	0.000	0.000	-16.005	0.974	0.939	
EIF4A2	CSDE1	CSDE1	0.272|.|0.360	1.031	0.344	3	0.401|0.446|0.342	0.000	0.000	0.000	0.000	0.000	-16.005	0.872	0.966	
EIF4A2	SNRNP200	SNRNP200	1.337|1.428|1.621	4.386	1.462	3	1.482|1.652|1.835	0.000	0.000	0.000	0.000	0.000	-16.005	0.886	0.957	
EIF4A2	PPM1B	PPM1B	10.524|9.768|11.477	31.769	10.590	3	10.313|11.272|10.973	0.000	0.000	0.000	0.000	0.000	-16.005	0.976	0.939	
EIF4A2	NUP155	NUP155	0.351|.|0.415	1.164	0.388	3	0.450|0.406|0.315	0.000	0.000	0.000	0.000	0.000	-16.005	1.006	0.965	
EIF4A2	EIF3G	EIF3G	10.223|10.235|10.882	31.339	10.446	3	2.212|5.624|2.383	0.630	0.702	0.630	0.702	0.630	0.374	3.375	0.073	
EIF4A2	EIF3J	EIF3J	0.608|0.501|0.611	1.720	0.573	3	0.468|0.580|.	0.000	0.000	0.000	0.000	0.000	-16.005	1.101	0.924	
EIF4A2	PSMD10	PSMD10	0.638|0.514|0.563	1.715	0.572	3	1.037|1.059|0.938	0.000	0.000	0.000	0.000	0.000	-16.005	0.566	0.957	
EIF4A2	ALDH1L1	ALDH1L1	0.595|0.643|0.754	1.992	0.664	3	0.853|0.891|0.917	0.000	0.000	0.000	0.000	0.000	-16.005	0.749	0.957	
EIF4A2	DCTN3	DCTN3	0.889|0.873|0.905	2.667	0.889	3	1.151|1.184|1.114	0.000	0.000	0.000	0.000	0.000	-16.005	0.774	0.957	
EIF4A2	DNAJC8	DNAJC8	1.185|1.320|1.183	3.688	1.229	3	1.695|1.729|1.834	0.000	0.000	0.000	0.000	0.000	-16.005	0.702	0.948	
EIF4A2	SMNDC1	SMNDC1	0.574|0.645|0.596	1.816	0.605	3	0.636|0.778|0.763	0.000	0.000	0.000	0.000	0.000	-16.005	0.837	0.956	
EIF4A2	CPD	CPD	0.598|0.568|0.604	1.771	0.590	3	0.889|0.700|0.784	0.000	0.000	0.000	0.000	0.000	-16.005	0.750	0.951	
EIF4A2	GLRX3	GLRX3	0.591|.|0.632	1.621	0.540	3	0.763|0.724|0.299	0.000	0.000	0.000	0.000	0.000	-11.399	0.985	0.858	
EIF4A2	RSL1D1	RSL1D1	0.588|0.362|0.616	1.566	0.522	3	0.512|0.486|0.494	0.000	0.000	0.000	0.000	0.000	-16.005	1.049	0.875	
EIF4A2	CLPX	CLPX	0.497|0.455|0.592	1.544	0.515	3	0.535|0.425|0.620	0.000	0.000	0.000	0.000	0.000	-16.005	0.989	0.941	
EIF4A2	SRP72	SRP72	0.558|0.668|0.634	1.860	0.620	3	0.951|0.701|0.906	0.000	0.000	0.000	0.000	0.000	-16.005	0.733	0.955	
EIF4A2	MTA2	MTA2	0.922|0.913|1.036	2.871	0.957	3	1.295|1.301|1.338	0.000	0.000	0.000	0.000	0.000	-16.005	0.730	0.957	
EIF4A2	LTN1	LTN1	0.626|0.732|0.701	2.058	0.686	3	0.707|0.793|0.962	0.000	0.000	0.000	0.000	0.000	-16.005	0.843	0.953	
EIF4A2	IPO13	IPO13	0.307|.|0.243	0.948	0.316	3	0.391|0.537|.	0.000	0.000	0.000	0.000	0.000	-16.005	0.690	0.967	
EIF4A2	MYO1D	MYO1D	0.604|0.304|0.467	1.375	0.458	3	0.628|0.623|0.614	0.000	0.000	0.000	0.000	0.000	-16.005	0.737	0.957	
EIF4A2	PRPF6	PRPF6	0.689|0.956|1.057	2.702	0.901	3	1.003|1.085|1.001	0.000	0.000	0.000	0.000	0.000	-16.005	0.875	0.945	
EIF4A2	PCF11	PCF11	0.564|.|0.616	1.579	0.526	3	.|.|.	0.019	0.029	0.019	0.029	0.019	-16.005	1.321	0.714	
EIF4A2	FBXO21	FBXO21	0.734|0.732|0.633	2.099	0.700	3	0.892|0.841|0.790	0.000	0.000	0.000	0.000	0.000	-16.005	0.833	0.957	
EIF4A2	AP2A2	AP2A2	0.339|0.215|.	0.952	0.317	3	0.454|.|0.500	0.000	0.000	0.000	0.000	0.000	-16.005	0.666	0.966	
EIF4A2	SEC31A	SEC31A	0.832|0.820|0.844	2.496	0.832	3	0.851|1.109|0.780	0.000	0.000	0.000	0.000	0.000	-16.005	0.921	0.953	
EIF4A2	HEXIM1	HEXIM1	0.538|0.591|0.681	1.809	0.603	3	0.654|0.732|0.631	0.000	0.000	0.000	0.000	0.000	-15.888	0.899	0.941	
EIF4A2	ELP1	ELP1	1.079|1.067|1.207	3.353	1.118	3	1.365|1.398|1.362	0.000	0.000	0.000	0.000	0.000	-16.005	0.813	0.957	
EIF4A2	RTN3	RTN3	0.918|0.912|0.950	2.780	0.927	3	1.386|1.153|1.345	0.000	0.000	0.000	0.000	0.000	-16.005	0.718	0.954	
EIF4A2	ZRANB2	ZRANB2	5.439|5.356|4.906	15.701	5.234	3	6.633|6.583|6.357	0.000	0.000	0.000	0.000	0.000	-16.005	0.802	0.962	
EIF4A2	LUC7L3	LUC7L3	2.556|2.678|2.662	7.896	2.632	3	2.275|2.326|2.323	0.000	0.000	0.000	0.000	0.000	-14.368	1.140	0.906	
EIF4A2	SBF1	SBF1	0.293|0.720|0.355	1.369	0.456	3	0.500|0.449|0.352	0.000	0.000	0.000	0.000	0.000	-16.005	1.063	0.885	
EIF4A2	SNAPIN	SNAPIN	0.573|0.558|0.601	1.732	0.577	3	0.745|0.762|0.679	0.000	0.000	0.000	0.000	0.000	-16.005	0.793	0.957	
EIF4A2	SMC2	SMC2	1.728|1.834|1.820	5.382	1.794	3	2.098|2.074|2.088	0.000	0.000	0.000	0.000	0.000	-16.005	0.860	0.962	
EIF4A2	IPO7	IPO7	1.033|0.789|0.702	2.524	0.841	3	1.010|0.863|0.978	0.000	0.000	0.000	0.000	0.000	-16.005	0.888	0.937	
EIF4A2	SLU7	SLU7	1.264|1.536|1.783	4.583	1.528	3	1.346|1.402|1.778	0.000	0.000	0.000	0.000	0.000	-16.005	1.020	0.934	
EIF4A2	CD2BP2	CD2BP2	1.142|0.873|1.250	3.265	1.088	3	1.230|0.922|1.309	0.000	0.000	0.000	0.000	0.000	-16.005	0.954	0.944	
EIF4A2	PSMG1	PSMG1	0.322|0.408|0.596	1.325	0.442	3	0.708|0.672|0.627	0.000	0.000	0.000	0.000	0.000	-16.005	0.661	0.957	
EIF4A2	SGPL1	SGPL1	0.421|0.542|0.418	1.382	0.461	3	0.376|.|0.429	0.000	0.000	0.000	0.000	0.000	-15.931	1.146	0.905	
EIF4A2	NSA2	NSA2	0.588|0.479|0.482	1.549	0.516	3	.|0.419|0.459	0.000	0.000	0.000	0.000	0.000	-15.596	1.176	0.903	
EIF4A2	ACSL3	ACSL3	1.020|0.998|0.844	2.862	0.954	3	0.831|1.076|1.165	0.000	0.000	0.000	0.000	0.000	-16.005	0.941	0.948	
EIF4A2	SNAP29	SNAP29	0.234|0.573|0.437	1.244	0.415	3	0.836|0.925|0.951	0.000	0.000	0.000	0.000	0.000	-16.005	0.459	0.957	
EIF4A2	LSM8	LSM8	0.779|0.739|0.632	2.150	0.717	3	0.970|1.001|1.060	0.000	0.000	0.000	0.000	0.000	-16.005	0.710	0.957	
EIF4A2	AP2A1	AP2A1	0.733|0.834|0.804	2.371	0.790	3	0.814|0.874|0.773	0.000	0.000	0.000	0.000	0.000	-16.005	0.964	0.946	
EIF4A2	BAG2	BAG2	3.513|3.781|3.854	11.147	3.716	3	3.539|3.314|3.388	0.000	0.000	0.000	0.000	0.000	-15.874	1.089	0.919	
EIF4A2	TXNDC12	TXNDC12	33.405|35.321|35.439	104.166	34.722	3	43.632|42.956|43.357	0.000	0.000	0.000	0.000	0.000	-16.005	0.802	0.962	
EIF4A2	ECD	ECD	0.336|.|0.406	1.140	0.380	3	0.498|0.968|0.940	0.000	0.000	0.000	0.000	0.000	-16.005	0.495	0.967	
EIF4A2	MBD3	MBD3	0.718|0.564|0.605	1.887	0.629	3	0.845|1.365|1.028	0.000	0.000	0.000	0.000	0.000	-16.005	0.594	0.952	
EIF4A2	NDUFB10	NDUFB10	0.370|0.387|0.457	1.214	0.405	3	0.364|0.309|0.239	0.000	0.000	0.000	0.000	0.000	-15.272	1.349	0.915	
EIF4A2	PAK4	PAK4	0.650|0.783|0.681	2.114	0.705	3	0.849|0.956|0.903	0.000	0.000	0.000	0.000	0.000	-16.005	0.782	0.957	
EIF4A2	LDHA	LDHA	0.972|1.095|1.007	3.074	1.025	3	0.991|1.231|1.193	0.000	0.000	0.000	0.000	0.000	-16.005	0.904	0.961	
EIF4A2	GLUD1	GLUD1	1.772|1.865|1.949	5.585	1.862	3	2.059|1.977|1.999	0.000	0.000	0.000	0.000	0.000	-16.005	0.926	0.962	
EIF4A2	DHFR	DHFR	0.416|0.315|.	1.129	0.376	3	.|0.379|0.356	0.000	0.000	0.000	0.000	0.000	-16.005	1.026	0.965	
EIF4A2	CYB5R3	CYB5R3	1.079|1.182|1.197	3.458	1.153	3	1.221|1.339|1.105	0.000	0.000	0.000	0.000	0.000	-16.005	0.947	0.953	
EIF4A2	PNP	PNP	0.413|0.358|0.433	1.204	0.401	3	0.393|0.528|.	0.000	0.000	0.000	0.000	0.000	-16.005	0.881	0.954	
EIF4A2	HPRT1	HPRT1	0.765|0.902|0.829	2.496	0.832	3	1.069|0.367|1.092	0.001	0.002	0.001	0.002	0.001	-7.133	1.104	0.837	
EIF4A2	PGK1	PGK1	0.643|0.633|0.704	1.980	0.660	3	0.865|0.762|0.712	0.000	0.000	0.000	0.000	0.000	-16.005	0.849	0.953	
EIF4A2	KRAS;NRAS	KRAS;NRAS	0.783|0.965|0.880	2.629	0.876	3	0.751|0.676|0.729	0.010	0.029	0.010	0.029	0.010	-14.826	1.221	0.771	
EIF4A2	IGHG2	IGHG2	8.119|7.585|8.955	24.659	8.220	3	8.270|8.249|8.818	0.000	0.000	0.000	0.000	0.000	-16.005	0.974	0.939	
EIF4A2	C1QA	C1QA	2.696|2.590|2.836	8.122	2.707	3	2.830|2.722|2.663	0.000	0.000	0.000	0.000	0.000	-16.005	0.989	0.943	
EIF4A2	C1QB	C1QB	1.460|1.511|1.537	4.507	1.502	3	1.556|1.815|1.856	0.000	0.000	0.000	0.000	0.000	-16.005	0.865	0.962	
EIF4A2	TFRC	TFRC	0.273|0.258|0.357	0.888	0.296	3	0.285|0.308|0.683	0.000	0.000	0.000	0.000	0.000	-13.933	0.756	0.892	
EIF4A2	HPX	HPX	1.321|1.456|1.425	4.202	1.401	3	1.352|1.471|1.366	0.000	0.000	0.000	0.000	0.000	-16.005	1.004	0.941	
EIF4A2	E1B	E1B	1.158|1.053|1.068	3.279	1.093	3	0.854|0.786|0.929	0.001	0.002	0.001	0.002	0.001	-11.327	1.279	0.845	
EIF4A2	ALDOA	ALDOA	2.027|2.611|2.264	6.902	2.301	3	3.271|3.433|3.502	0.000	0.000	0.000	0.000	0.000	-16.005	0.677	0.962	
EIF4A2	APOB	APOB	0.818|0.891|0.983	2.693	0.898	3	1.608|1.471|1.447	0.000	0.000	0.000	0.000	0.000	-16.005	0.596	0.957	
EIF4A2	OAT	OAT	1.120|1.158|1.272	3.550	1.183	3	0.835|1.036|0.949	0.000	0.000	0.000	0.000	0.000	-13.960	1.264	0.887	
EIF4A2	KRT1	KRT1	6.928|7.135|7.057	21.120	7.040	3	7.384|7.843|7.526	0.000	0.000	0.000	0.000	0.000	-16.005	0.928	0.962	
EIF4A2	TUBB4A	TUBB4A	19.092|20.799|21.257	61.148	20.383	3	21.895|22.419|21.696	0.000	0.000	0.000	0.000	0.000	-16.005	0.926	0.962	
EIF4A2	GAPDH	GAPDH	2.709|2.757|3.003	8.468	2.823	3	3.478|3.784|3.592	0.000	0.000	0.000	0.000	0.000	-16.005	0.781	0.948	
EIF4A2	HLA-A	HLA-A	0.526|0.380|0.402	1.308	0.436	3	0.604|0.570|0.541	0.000	0.000	0.000	0.000	0.000	-16.005	0.764	0.957	
EIF4A2	RPN1	RPN1	1.071|1.064|1.099	3.235	1.078	3	1.279|1.268|1.269	0.000	0.000	0.000	0.000	0.000	-16.005	0.848	0.957	
EIF4A2	RPN2	RPN2	0.934|0.882|0.912	2.728	0.909	3	1.266|0.960|1.118	0.000	0.000	0.000	0.000	0.000	-16.005	0.821	0.956	
EIF4A2	H2AC11;H2AC12;H2AC14;H2AC18;H2AC20;H2AC25;H2AC4;H2AC6;H2AC7;H2AJ	H2AC11;H2AC12;H2AC14;H2AC18;H2AC20;H2AC25;H2AC4;H2AC6;H2AC7;H2AJ	3.380|3.160|3.257	9.797	3.266	3	3.407|3.440|3.407	0.000	0.000	0.000	0.000	0.000	-16.005	0.956	0.962	
EIF4A2	ATP1A1	ATP1A1	1.421|1.634|1.425	4.480	1.493	3	1.553|1.553|1.568	0.000	0.000	0.000	0.000	0.000	-16.005	0.959	0.941	
EIF4A2	APP	APP	1.099|1.035|1.043	3.177	1.059	3	1.561|1.603|1.750	0.000	0.000	0.000	0.000	0.000	-16.005	0.647	0.948	
EIF4A2	APOD	APOD	0.658|0.646|0.614	1.918	0.639	3	.|.|.	0.029	0.029	0.029	0.029	0.029	-3.505	1.605	0.476	
EIF4A2	HMGN1	HMGN1	0.794|0.428|0.230	1.452	0.484	3	0.519|1.476|0.762	0.000	0.000	0.000	0.000	0.000	-16.005	0.579	0.876	
EIF4A2	SLC25A5	SLC25A5	2.114|1.776|2.092	5.982	1.994	3	1.834|1.785|1.804	0.000	0.000	0.000	0.000	0.000	-16.005	1.103	0.904	
EIF4A2	EIF2S1	EIF2S1	1.160|1.433|1.464	4.057	1.352	3	1.655|1.635|1.554	0.000	0.000	0.000	0.000	0.000	-16.005	0.838	0.948	
EIF4A2	HMGN2	HMGN2	4.143|3.644|3.361	11.148	3.716	3	3.425|3.336|3.859	0.000	0.000	0.000	0.000	0.000	-16.005	1.052	0.915	
EIF4A2	RPLP1	RPLP1	0.888|1.196|0.968	3.052	1.017	3	1.366|1.210|1.316	0.000	0.000	0.000	0.000	0.000	-16.005	0.785	0.957	
EIF4A2	RPLP2	RPLP2	0.995|0.803|1.018	2.817	0.939	3	0.936|1.024|0.944	0.000	0.000	0.000	0.000	0.000	-16.005	0.970	0.940	
EIF4A2	RPLP0	RPLP0	0.621|0.613|0.805	2.038	0.679	3	0.757|0.937|0.753	0.000	0.000	0.000	0.000	0.000	-16.005	0.837	0.954	
EIF4A2	POLR3D	POLR3D	0.684|0.806|0.653	2.143	0.714	3	0.817|0.708|0.633	0.000	0.000	0.000	0.000	0.000	-16.005	0.998	0.938	
EIF4A2	SSB	SSB	0.666|0.691|0.722	2.079	0.693	3	0.638|0.829|0.660	0.000	0.000	0.000	0.000	0.000	-15.281	0.985	0.930	
EIF4A2	KRT18	KRT18	1.307|1.116|1.309	3.731	1.244	3	1.557|1.545|1.419	0.000	0.000	0.000	0.000	0.000	-16.005	0.826	0.948	
EIF4A2	KRT8	KRT8	2.121|2.289|2.277	6.687	2.229	3	2.957|2.955|2.962	0.000	0.000	0.000	0.000	0.000	-16.005	0.754	0.962	
EIF4A2	MYL1	MYL1	1.662|.|.	2.458	0.819	3	.|.|.	0.147	0.441	0.147	0.441	0.147	-16.005	2.058	0.358	
EIF4A2	PTMA	PTMA	0.977|1.000|1.651	3.628	1.209	3	0.874|0.861|1.022	0.010	0.029	0.010	0.029	0.010	-15.665	1.320	0.788	
EIF4A2	CDK1	CDK1	0.719|0.722|0.884	2.326	0.775	3	1.021|0.989|1.092	0.000	0.000	0.000	0.000	0.000	-16.005	0.750	0.957	
EIF4A2	ATP5F1B	ATP5F1B	1.073|1.032|1.040	3.145	1.048	3	0.961|0.972|0.948	0.000	0.000	0.000	0.000	0.000	-15.181	1.092	0.922	
EIF4A2	EIF4E	EIF4E	3.303|3.272|3.568	10.143	3.381	3	.|0.452|0.411	1.000	1.000	1.000	1.000	1.000	9.558	7.839	0.000	
EIF4A2	ENO1	ENO1	3.203|2.955|3.497	9.655	3.218	3	3.081|3.035|3.349	0.000	0.000	0.000	0.000	0.000	-16.005	1.021	0.928	
EIF4A2	GPI	GPI	0.649|0.239|0.509	1.398	0.466	3	0.735|0.983|0.828	0.000	0.000	0.000	0.000	0.000	-16.005	0.553	0.954	
EIF4A2	NPM1	NPM1	2.341|2.222|2.767	7.330	2.443	3	1.847|1.841|1.777	0.011	0.029	0.011	0.029	0.011	-9.790	1.342	0.754	
EIF4A2	TPM3	TPM3	1.433|1.572|1.660	4.665	1.555	3	1.752|1.728|1.643	0.000	0.000	0.000	0.000	0.000	-16.005	0.911	0.962	
EIF4A2	LDHB	LDHB	1.439|1.415|1.448	4.303	1.434	3	1.690|1.632|1.714	0.000	0.000	0.000	0.000	0.000	-16.005	0.855	0.948	
EIF4A2	GPX1	GPX1	1.079|1.133|1.217	3.429	1.143	3	1.502|1.369|1.247	0.000	0.000	0.000	0.000	0.000	-16.005	0.835	0.951	
EIF4A2	P4HB	P4HB	1.205|1.332|1.363	3.900	1.300	3	1.587|1.624|1.577	0.000	0.000	0.000	0.000	0.000	-16.005	0.815	0.957	
EIF4A2	ANXA2	ANXA2	0.832|0.990|0.947	2.769	0.923	3	0.778|0.747|0.723	0.008	0.022	0.008	0.022	0.008	-14.266	1.232	0.816	
EIF4A2	PFN1	PFN1	1.331|1.291|1.406	4.028	1.343	3	1.360|1.280|1.262	0.000	0.000	0.000	0.000	0.000	-16.005	1.033	0.935	
EIF4A2	EPRS1	EPRS1	0.924|1.023|0.890	2.837	0.946	3	0.897|0.799|0.894	0.000	0.000	0.000	0.000	0.000	-15.844	1.097	0.901	
EIF4A2	HSP90AA1	HSP90AA1	14.556|14.672|14.740	43.968	14.656	3	23.636|22.417|22.844	0.000	0.000	0.000	0.000	0.000	-16.005	0.638	0.962	
EIF4A2	HNRNPC	HNRNPC	1.113|1.161|1.441	3.715	1.238	3	.|.|0.280	1.000	1.000	1.000	1.000	1.000	8.994	4.418	0.000	
EIF4A2	RHOA;RHOC	RHOA;RHOC	0.779|0.619|0.837	2.235	0.745	3	0.635|0.593|0.678	0.007	0.020	0.007	0.020	0.007	-16.005	1.175	0.818	
EIF4A2	PFKM	PFKM	0.642|0.666|1.161	2.470	0.823	3	0.942|0.821|0.883	0.006	0.018	0.006	0.018	0.006	-16.005	0.935	0.819	
EIF4A2	HSP90AB1	HSP90AB1	12.805|12.992|13.805	39.602	13.201	3	20.002|20.511|20.060	0.000	0.000	0.000	0.000	0.000	-16.005	0.654	0.962	
EIF4A2	SRPRA	SRPRA	0.490|0.628|0.560	1.677	0.559	3	0.864|0.747|0.624	0.000	0.000	0.000	0.000	0.000	-16.005	0.757	0.954	
EIF4A2	ASNS	ASNS	0.896|1.065|0.941	2.902	0.967	3	1.461|1.557|1.465	0.000	0.000	0.000	0.000	0.000	-16.005	0.647	0.957	
EIF4A2	SNRPB2	SNRPB2	0.286|0.238|.	0.922	0.307	3	0.750|0.618|.	0.000	0.000	0.000	0.000	0.000	-16.005	0.452	0.966	
EIF4A2	SNRNP70	SNRNP70	1.459|1.491|1.530	4.480	1.493	3	1.457|1.385|1.510	0.000	0.000	0.000	0.000	0.000	-15.998	1.030	0.939	
EIF4A2	VIM	VIM	4.143|5.268|5.173	14.585	4.862	3	5.958|5.783|5.867	0.000	0.000	0.000	0.000	0.000	-16.005	0.828	0.962	
EIF4A2	RPS17	RPS17	2.709|3.198|3.081	8.989	2.996	3	2.862|3.031|3.106	0.000	0.000	0.000	0.000	0.000	-16.005	0.999	0.937	
EIF4A2	KRT19	KRT19	1.460|1.430|1.480	4.371	1.457	3	2.028|2.018|1.853	0.000	0.000	0.000	0.000	0.000	-16.005	0.742	0.962	
EIF4A2	GNAI3	GNAI3	0.673|0.611|0.790	2.073	0.691	3	0.993|0.532|0.607	0.000	0.000	0.000	0.000	0.000	-16.005	1.010	0.926	
EIF4A2	RPSA	RPSA	0.696|0.742|0.781	2.218	0.739	3	0.663|0.728|0.693	0.000	0.000	0.000	0.000	0.000	-16.004	1.066	0.922	
EIF4A2	SNRPA	SNRPA	0.703|0.797|0.959	2.459	0.820	3	0.666|0.710|0.602	0.010	0.029	0.010	0.029	0.010	-15.521	1.246	0.780	
EIF4A2	FGF2	FGF2	1.107|1.199|1.232	3.539	1.180	3	1.224|1.317|1.325	0.000	0.000	0.000	0.000	0.000	-16.005	0.916	0.957	
EIF4A2	SNRPC	SNRPC	2.474|2.731|2.904	8.109	2.703	3	4.365|3.719|3.841	0.000	0.000	0.000	0.000	0.000	-16.005	0.682	0.962	
EIF4A2	HMGB1	HMGB1	5.296|5.097|5.583	15.976	5.325	3	6.150|6.515|6.681	0.000	0.000	0.000	0.000	0.000	-16.005	0.826	0.962	
EIF4A2	TPM1	TPM1	1.153|1.304|1.368	3.826	1.275	3	1.483|1.431|1.431	0.000	0.000	0.000	0.000	0.000	-16.005	0.880	0.957	
EIF4A2	CLTA	CLTA	0.328|0.440|.	1.167	0.389	3	.|0.443|0.419	0.000	0.000	0.000	0.000	0.000	-16.005	0.903	0.966	
EIF4A2	CNP	CNP	0.429|0.344|0.345	1.119	0.373	3	0.528|0.603|0.456	0.000	0.000	0.000	0.000	0.000	-16.005	0.710	0.954	
EIF4A2	HNRNPA1	HNRNPA1	5.506|5.557|6.266	17.329	5.776	3	4.850|4.482|4.937	0.006	0.018	0.006	0.018	0.006	-12.597	1.215	0.818	
EIF4A2	SNRPA1	SNRPA1	0.895|0.936|0.978	2.809	0.936	3	0.847|0.952|0.885	0.000	0.000	0.000	0.000	0.000	-16.004	1.048	0.931	
EIF4A2	PARP1	PARP1	1.555|1.359|1.725	4.638	1.546	3	1.490|1.631|1.831	0.000	0.000	0.000	0.000	0.000	-16.005	0.940	0.944	
EIF4A2	UCHL1	UCHL1	0.964|0.863|0.953	2.781	0.927	3	0.869|0.770|0.857	0.000	0.000	0.000	0.000	0.000	-15.771	1.116	0.908	
EIF4A2	C4A	C4A	1.843|1.869|1.737	5.449	1.816	3	1.785|1.867|1.918	0.000	0.000	0.000	0.000	0.000	-16.005	0.979	0.947	
EIF4A2	H2AZ1;H2AZ2	H2AZ1;H2AZ2	0.599|0.829|0.621	2.049	0.683	3	0.910|0.838|0.957	0.000	0.000	0.000	0.000	0.000	-16.005	0.759	0.957	
EIF4A2	DERPC	DERPC	1.099|1.226|1.686	4.010	1.337	3	1.283|1.722|1.695	0.000	0.000	0.000	0.000	0.000	-16.005	0.861	0.943	
EIF4A2	RAB34	RAB34	0.504|.|.	1.301	0.434	3	0.833|0.710|0.668	0.000	0.000	0.000	0.000	0.000	-16.005	0.591	0.968	
EIF4A2	HSPA1A;HSPA1B	HSPA1A;HSPA1B	13.054|13.632|14.750	41.436	13.812	3	20.948|22.953|21.868	0.000	0.000	0.000	0.000	0.000	-16.005	0.630	0.962	
EIF4A2	CALM1;CALM2;CALM3	CALM1;CALM2;CALM3	1.249|2.433|2.082	5.763	1.921	3	2.007|0.992|0.973	0.008	0.022	0.008	0.022	0.008	-11.964	1.541	0.815	
EIF4A2	RRAS;RRAS2	RRAS;RRAS2	0.278|.|.	1.075	0.358	3	.|.|.	0.000	0.000	0.000	0.000	0.000	-16.005	0.899	0.970	
EIF4A2	ARAF	ARAF	0.620|0.659|0.892	2.171	0.724	3	0.880|0.878|1.026	0.000	0.000	0.000	0.000	0.000	-16.005	0.782	0.953	
EIF4A2	H1-4	H1-4	7.665|7.816|8.550	24.031	8.010	3	6.694|7.015|6.842	0.000	0.000	0.000	0.000	0.000	-14.014	1.170	0.870	
EIF4A2	TXN	TXN	8.198|8.384|9.307	25.888	8.629	3	8.278|7.657|7.707	0.000	0.000	0.000	0.000	0.000	-15.753	1.096	0.904	
EIF4A2	PRKAR1A	PRKAR1A	0.435|0.363|0.440	1.239	0.413	3	0.363|0.481|0.446	0.000	0.000	0.000	0.000	0.000	-16.005	0.967	0.946	
EIF4A2	HSPD1	HSPD1	2.769|2.841|3.055	8.664	2.888	3	4.167|4.082|4.341	0.000	0.000	0.000	0.000	0.000	-16.005	0.688	0.962	
EIF4A2	HSPA5	HSPA5	18.637|20.150|19.970	58.758	19.586	3	29.286|31.888|31.287	0.000	0.000	0.000	0.000	0.000	-16.005	0.636	0.962	
EIF4A2	MAP2	MAP2	0.381|.|.	1.177	0.392	3	.|.|.	0.000	0.000	0.000	0.000	0.000	-16.005	0.986	0.970	
EIF4A2	HSPA8	HSPA8	18.800|16.894|17.754	53.448	17.816	3	28.348|28.760|30.140	0.000	0.000	0.000	0.000	0.000	-16.005	0.613	0.962	
EIF4A2	SLC2A1	SLC2A1	0.443|.|0.310	1.151	0.384	3	0.349|.|.	0.000	0.000	0.000	0.000	0.000	-16.005	1.098	0.923	
EIF4A2	RALA	RALA	1.025|1.110|1.234	3.368	1.123	3	0.930|0.886|0.961	0.010	0.029	0.010	0.029	0.010	-14.347	1.214	0.777	
EIF4A2	TOP1	TOP1	1.348|1.405|1.548	4.302	1.434	3	1.925|1.751|1.817	0.000	0.000	0.000	0.000	0.000	-16.005	0.784	0.948	
EIF4A2	UBL4A	UBL4A	0.831|0.973|0.996	2.800	0.933	3	1.025|1.063|1.125	0.000	0.000	0.000	0.000	0.000	-16.005	0.872	0.957	
EIF4A2	MTHFD1	MTHFD1	0.936|0.886|0.928	2.749	0.916	3	1.550|1.426|1.538	0.000	0.000	0.000	0.000	0.000	-16.005	0.609	0.957	
EIF4A2	PRPS2	PRPS2	1.218|1.343|1.403	3.964	1.321	3	1.676|1.723|1.805	0.000	0.000	0.000	0.000	0.000	-16.005	0.762	0.957	
EIF4A2	PABPC1	PABPC1	8.026|7.764|7.739	23.529	7.843	3	1.185|1.169|1.328	1.000	1.000	1.000	1.000	1.000	9.005	6.400	0.000	
EIF4A2	PCNA	PCNA	0.636|0.533|0.616	1.785	0.595	3	0.916|0.815|0.946	0.000	0.000	0.000	0.000	0.000	-16.005	0.668	0.957	
EIF4A2	HARS1	HARS1	0.539|0.493|0.537	1.569	0.523	3	0.692|0.925|0.722	0.000	0.000	0.000	0.000	0.000	-16.005	0.676	0.953	
EIF4A2	IMPDH2	IMPDH2	0.680|0.575|0.756	2.010	0.670	3	1.489|1.292|1.497	0.000	0.000	0.000	0.000	0.000	-16.005	0.471	0.961	
EIF4A2	TPR	TPR	0.385|0.420|0.456	1.261	0.420	3	0.478|0.416|.	0.000	0.000	0.000	0.000	0.000	-16.005	0.943	0.947	
EIF4A2	CKB	CKB	2.536|2.580|2.953	8.070	2.690	3	2.678|2.712|2.830	0.000	0.000	0.000	0.000	0.000	-16.005	0.982	0.936	
EIF4A2	XRCC6	XRCC6	1.239|1.388|1.350	3.978	1.326	3	2.564|2.510|2.426	0.000	0.000	0.000	0.000	0.000	-16.005	0.531	0.962	
EIF4A2	XRCC5	XRCC5	1.370|1.304|1.484	4.158	1.386	3	2.852|2.763|2.854	0.000	0.000	0.000	0.000	0.000	-16.005	0.491	0.962	
EIF4A2	COX4I1	COX4I1	0.698|0.744|0.665	2.107	0.702	3	0.614|0.704|0.564	0.000	0.000	0.000	0.000	0.000	-15.778	1.124	0.925	
EIF4A2	RNH1	RNH1	0.376|.|.	1.172	0.391	3	0.359|.|.	0.000	0.000	0.000	0.000	0.000	-15.919	1.088	0.968	
EIF4A2	EEF2	EEF2	1.958|1.979|1.904	5.841	1.947	3	2.802|2.694|2.578	0.000	0.000	0.000	0.000	0.000	-16.005	0.724	0.962	
EIF4A2	KRT10	KRT10	3.060|3.186|3.517	9.763	3.254	3	4.768|4.965|4.863	0.000	0.000	0.000	0.000	0.000	-16.005	0.669	0.962	
EIF4A2	KRT5	KRT5	0.417|0.559|0.343	1.318	0.439	3	0.982|0.373|0.895	0.000	0.000	0.000	0.000	0.000	-14.918	0.638	0.889	
EIF4A2	PDIA4	PDIA4	0.830|0.971|1.069	2.869	0.956	3	1.163|1.520|1.164	0.000	0.000	0.000	0.000	0.000	-16.005	0.752	0.961	
EIF4A2	P4HA1	P4HA1	0.697|0.710|0.692	2.099	0.700	3	0.680|0.821|0.666	0.000	0.000	0.000	0.000	0.000	-16.005	0.973	0.953	
EIF4A2	PLS3	PLS3	0.510|0.404|0.452	1.365	0.455	3	0.519|.|0.449	0.000	0.000	0.000	0.000	0.000	-16.005	0.943	0.944	
EIF4A2	ETFA	ETFA	0.429|.|.	1.225	0.408	3	.|.|0.415	0.000	0.000	0.000	0.000	0.000	-16.005	0.984	0.968	
EIF4A2	PRKAR2A	PRKAR2A	9.150|8.627|9.585	27.362	9.121	3	.|.|.	1.000	1.000	1.000	1.000	1.000	8.525	22.904	0.000	
EIF4A2	GTF2F2	GTF2F2	0.641|0.549|0.685	1.874	0.625	3	0.988|1.332|1.313	0.000	0.000	0.000	0.000	0.000	-16.005	0.520	0.952	
EIF4A2	PRKCSH	PRKCSH	1.066|1.036|1.128	3.229	1.076	3	1.844|1.649|1.898	0.000	0.000	0.000	0.000	0.000	-16.005	0.600	0.951	
EIF4A2	PKM	PKM	2.936|3.131|3.344	9.412	3.137	3	4.363|4.507|4.250	0.000	0.000	0.000	0.000	0.000	-16.005	0.718	0.962	
EIF4A2	HSP90B1	HSP90B1	6.079|6.045|6.833	18.957	6.319	3	8.919|9.515|8.601	0.000	0.000	0.000	0.000	0.000	-16.005	0.702	0.962	
EIF4A2	MYL6B	MYL6B	0.352|0.239|.	0.989	0.330	3	.|.|0.170	0.048	0.145	0.048	0.145	0.048	-13.932	1.938	0.414	
EIF4A2	SNRPB;SNRPN	SNRPB;SNRPN	16.945|16.947|17.287	51.179	17.060	3	18.591|18.203|18.395	0.000	0.000	0.000	0.000	0.000	-16.005	0.927	0.962	
EIF4A2	HNRNPL	HNRNPL	1.460|0.465|0.547	2.472	0.824	3	.|0.148|.	1.000	1.000	1.000	1.000	1.000	8.121	5.581	0.000	
EIF4A2	DARS1	DARS1	1.188|1.100|1.021	3.309	1.103	3	1.126|1.157|1.094	0.000	0.000	0.000	0.000	0.000	-16.005	0.980	0.940	
EIF4A2	GSPT1	GSPT1	0.352|0.398|0.428	1.178	0.393	3	1.088|0.890|1.032	0.000	0.000	0.000	0.000	0.000	-16.005	0.393	0.951	
EIF4A2	EZR	EZR	1.291|1.436|1.395	4.123	1.374	3	1.599|1.581|1.538	0.000	0.000	0.000	0.000	0.000	-16.005	0.874	0.948	
EIF4A2	NME1	NME1	1.212|1.152|1.316	3.681	1.227	3	1.770|1.691|1.883	0.000	0.000	0.000	0.000	0.000	-16.005	0.690	0.948	
EIF4A2	RPS2	RPS2	6.649|6.200|7.041	19.891	6.630	3	6.567|6.274|6.745	0.000	0.000	0.000	0.000	0.000	-16.005	1.016	0.935	
EIF4A2	DSP	DSP	0.619|0.808|0.684	2.111	0.704	3	1.073|1.045|1.095	0.000	0.000	0.000	0.000	0.000	-16.005	0.657	0.957	
EIF4A2	RPA2	RPA2	1.032|1.257|1.104	3.392	1.131	3	1.327|1.401|1.392	0.000	0.000	0.000	0.000	0.000	-16.005	0.824	0.957	
EIF4A2	CBR1	CBR1	0.494|0.566|0.690	1.750	0.583	3	0.737|0.629|0.729	0.000	0.000	0.000	0.000	0.000	-16.005	0.838	0.955	
EIF4A2	H1-2	H1-2	1.390|.|.	2.186	0.729	3	0.823|1.258|.	0.010	0.029	0.010	0.029	0.010	-16.005	0.716	0.813	
EIF4A2	POR	POR	0.158|0.092|0.362	0.612	0.204	3	0.363|0.268|0.577	0.000	0.000	0.000	0.000	0.000	-16.005	0.533	0.925	
EIF4A2	ATP2A2	ATP2A2	1.270|1.490|1.429	4.190	1.397	3	1.377|1.412|1.423	0.000	0.000	0.000	0.000	0.000	-16.005	0.995	0.938	
EIF4A2	STMN1	STMN1	0.945|1.016|1.128	3.089	1.030	3	1.246|1.154|1.245	0.000	0.000	0.000	0.000	0.000	-16.005	0.848	0.957	
EIF4A2	YBX3	YBX3	1.239|1.228|1.301	3.768	1.256	3	0.893|0.764|0.858	0.029	0.029	0.029	0.029	0.029	-3.505	1.502	0.554	
EIF4A2	HMGA1	HMGA1	2.382|3.006|3.396	8.784	2.928	3	2.482|3.362|4.520	0.000	0.000	0.000	0.000	0.000	-16.005	0.873	0.948	
EIF4A2	PRKACA	PRKACA	9.039|8.619|9.331	26.989	8.996	3	0.499|.|0.340	1.000	1.000	1.000	1.000	1.000	9.584	21.852	0.000	
EIF4A2	AMD1	AMD1	2.983|3.063|3.245	9.291	3.097	3	3.261|3.324|3.372	0.000	0.000	0.000	0.000	0.000	-16.005	0.933	0.962	
EIF4A2	CTPS1	CTPS1	0.603|0.477|0.661	1.741	0.580	3	0.563|0.583|0.741	0.000	0.000	0.000	0.000	0.000	-16.005	0.930	0.945	
EIF4A2	DDX5	DDX5	2.197|2.105|2.257	6.559	2.186	3	1.896|2.249|1.956	0.000	0.000	0.000	0.000	0.000	-15.880	1.078	0.931	
EIF4A2	PSMC3	PSMC3	1.654|1.886|1.860	5.401	1.800	3	2.437|2.723|2.508	0.000	0.000	0.000	0.000	0.000	-16.005	0.705	0.962	
EIF4A2	TCP1	TCP1	7.737|7.807|8.449	23.993	7.998	3	9.631|10.092|10.363	0.000	0.000	0.000	0.000	0.000	-16.005	0.798	0.962	
EIF4A2	PTPN1	PTPN1	0.190|.|.	0.986	0.329	3	0.644|.|0.576	0.000	0.000	0.000	0.000	0.000	-16.005	0.540	0.970	
EIF4A2	RPL35A	RPL35A	0.862|0.389|0.833	2.084	0.695	3	0.783|0.712|0.795	0.000	0.000	0.000	0.000	0.000	-16.005	0.911	0.920	
EIF4A2	ARF4	ARF4	2.213|2.426|2.502	7.142	2.381	3	2.991|2.780|2.949	0.000	0.000	0.000	0.000	0.000	-16.005	0.819	0.948	
EIF4A2	RPL7	RPL7	0.838|1.035|1.214	3.087	1.029	3	0.927|1.000|1.002	0.000	0.000	0.000	0.000	0.000	-16.005	1.055	0.872	
EIF4A2	NELFE	NELFE	0.324|0.427|0.486	1.238	0.413	3	0.433|0.655|0.605	0.000	0.000	0.000	0.000	0.000	-16.005	0.743	0.953	
EIF4A2	RPL17	RPL17	2.399|2.237|2.385	7.022	2.341	3	1.949|2.181|2.266	0.000	0.000	0.000	0.000	0.000	-15.694	1.100	0.922	
EIF4A2	PGAM1	PGAM1	0.451|0.502|0.531	1.483	0.494	3	0.197|0.403|0.686	0.003	0.004	0.003	0.004	0.003	-6.265	1.304	0.826	
EIF4A2	NCL	NCL	1.353|1.346|1.380	4.079	1.360	3	2.650|2.958|2.738	0.000	0.000	0.000	0.000	0.000	-16.005	0.489	0.962	
EIF4A2	HK1	HK1	0.504|0.505|0.580	1.590	0.530	3	0.577|0.666|0.617	0.000	0.000	0.000	0.000	0.000	-16.005	0.857	0.951	
EIF4A2	POLR2C	POLR2C	0.504|0.384|0.260	1.149	0.383	3	0.683|1.196|0.763	0.000	0.000	0.000	0.000	0.000	-16.005	0.448	0.953	
EIF4A2	POLR2E	POLR2E	0.961|0.885|0.988	2.834	0.945	3	1.167|1.289|1.205	0.000	0.000	0.000	0.000	0.000	-16.005	0.775	0.957	
EIF4A2	TRIM21	TRIM21	2.947|3.038|3.185	9.170	3.057	3	3.235|3.312|3.365	0.000	0.000	0.000	0.000	0.000	-16.005	0.925	0.962	
EIF4A2	SRM	SRM	0.584|.|.	1.380	0.460	3	.|0.555|0.350	0.000	0.000	0.000	0.000	0.000	-16.005	1.043	0.906	
EIF4A2	CSNK2A2	CSNK2A2	0.896|0.887|0.885	2.668	0.889	3	0.806|0.803|0.779	0.000	0.000	0.000	0.000	0.000	-14.239	1.117	0.917	
EIF4A2	ATP2B1	ATP2B1	0.644|0.622|0.607	1.873	0.624	3	0.661|0.695|0.645	0.000	0.000	0.000	0.000	0.000	-16.005	0.936	0.957	
EIF4A2	EIF2S2	EIF2S2	0.882|0.806|0.825	2.514	0.838	3	0.958|1.179|1.089	0.000	0.000	0.000	0.000	0.000	-16.005	0.782	0.951	
EIF4A2	BTF3	BTF3	0.748|0.873|0.985	2.607	0.869	3	0.965|1.136|1.118	0.000	0.000	0.000	0.000	0.000	-16.005	0.812	0.961	
EIF4A2	PSMB1	PSMB1	2.948|2.921|3.131	9.001	3.000	3	4.118|4.188|4.110	0.000	0.000	0.000	0.000	0.000	-16.005	0.725	0.962	
EIF4A2	COX5A	COX5A	0.559|0.592|0.584	1.735	0.578	3	0.565|0.481|0.550	0.000	0.000	0.000	0.000	0.000	-15.728	1.090	0.929	
EIF4A2	PTMS	PTMS	0.694|0.696|0.714	2.104	0.701	3	.|.|.	0.029	0.029	0.029	0.029	0.029	-3.505	1.762	0.476	
EIF4A2	CDK11B	CDK11B	1.738|1.748|1.742	5.228	1.743	3	1.643|1.744|1.591	0.000	0.000	0.000	0.000	0.000	-15.660	1.051	0.936	
EIF4A2	ATP6V1B2	ATP6V1B2	0.698|0.604|0.752	2.054	0.685	3	1.008|1.063|0.957	0.000	0.000	0.000	0.000	0.000	-16.005	0.679	0.957	
EIF4A2	FLNA	FLNA	5.890|5.485|5.681	17.056	5.685	3	5.678|5.383|5.396	0.000	0.000	0.000	0.000	0.000	-16.005	1.037	0.936	
EIF4A2	COMT	COMT	0.534|0.552|0.579	1.665	0.555	3	.|0.565|0.389	0.000	0.000	0.000	0.000	0.000	-15.051	1.183	0.917	
EIF4A2	FBL	FBL	13.191|13.242|13.170	39.603	13.201	3	16.757|16.061|15.626	0.000	0.000	0.000	0.000	0.000	-16.005	0.818	0.962	
EIF4A2	GART	GART	1.446|1.364|1.530	4.340	1.447	3	2.117|2.262|2.076	0.000	0.000	0.000	0.000	0.000	-16.005	0.673	0.962	
EIF4A2	PAICS	PAICS	1.432|1.554|1.471	4.458	1.486	3	2.172|2.229|2.282	0.000	0.000	0.000	0.000	0.000	-16.005	0.667	0.962	
EIF4A2	SCP2	SCP2	0.497|0.560|0.604	1.661	0.554	3	0.553|0.567|0.566	0.000	0.000	0.000	0.000	0.000	-16.005	0.985	0.936	
EIF4A2	UBA1	UBA1	0.837|0.738|0.693	2.268	0.756	3	0.931|1.009|0.945	0.000	0.000	0.000	0.000	0.000	-16.005	0.787	0.957	
EIF4A2	HNRNPA2B1	HNRNPA2B1	2.661|2.498|2.483	7.642	2.547	3	1.408|1.315|1.509	0.029	0.029	0.029	0.029	0.029	-3.505	1.809	0.644	
EIF4A2	PRKACB	PRKACB	2.023|2.596|2.583	7.202	2.401	3	.|.|.	1.000	1.000	1.000	1.000	1.000	7.401	6.029	0.000	
EIF4A2	UQCRC2	UQCRC2	0.393|0.479|0.333	1.205	0.402	3	0.533|0.476|0.460	0.000	0.000	0.000	0.000	0.000	-16.005	0.822	0.956	
EIF4A2	FECH	FECH	0.564|0.570|0.613	1.748	0.583	3	0.429|0.491|0.413	0.001	0.002	0.001	0.002	0.001	-10.667	1.316	0.848	
EIF4A2	TCEA1	TCEA1	1.090|1.092|1.128	3.310	1.103	3	1.190|1.095|1.272	0.000	0.000	0.000	0.000	0.000	-16.005	0.932	0.953	
EIF4A2	SFPQ	SFPQ	10.519|11.331|12.362	34.212	11.404	3	4.129|4.793|4.909	0.029	0.029	0.029	0.029	0.029	-3.505	2.481	0.554	
EIF4A2	TUBG1	TUBG1	0.659|0.602|0.778	2.039	0.680	3	0.919|0.768|0.879	0.000	0.000	0.000	0.000	0.000	-16.005	0.797	0.953	
EIF4A2	PPIB	PPIB	24.853|26.331|27.400	78.583	26.194	3	32.283|33.648|33.452	0.000	0.000	0.000	0.000	0.000	-16.005	0.791	0.962	
EIF4A2	RPS3	RPS3	10.336|11.364|11.582	33.282	11.094	3	12.833|11.970|12.694	0.000	0.000	0.000	0.000	0.000	-16.005	0.888	0.962	
EIF4A2	JAK1	JAK1	0.443|.|.	1.240	0.413	3	.|.|.	0.000	0.000	0.000	0.000	0.000	-16.005	1.038	0.931	
EIF4A2	AHCY	AHCY	0.732|0.832|0.829	2.393	0.798	3	1.276|1.489|1.452	0.000	0.000	0.000	0.000	0.000	-16.005	0.569	0.953	
EIF4A2	CFL1	CFL1	1.613|2.050|1.932	5.594	1.865	3	2.020|2.020|2.090	0.000	0.000	0.000	0.000	0.000	-16.005	0.913	0.948	
EIF4A2	EIF4B	EIF4B	6.199|6.212|6.768	19.179	6.393	3	5.890|6.208|6.539	0.000	0.000	0.000	0.000	0.000	-16.005	1.030	0.933	
EIF4A2	EEF1B2	EEF1B2	3.011|3.098|3.319	9.428	3.143	3	4.273|4.419|4.161	0.000	0.000	0.000	0.000	0.000	-16.005	0.734	0.962	
EIF4A2	AKAP5	AKAP5	8.253|9.028|9.739	27.020	9.007	3	.|.|.	1.000	1.000	1.000	1.000	1.000	8.083	22.618	0.000	
EIF4A2	ACAT1	ACAT1	0.539|0.448|.	1.386	0.462	3	0.817|0.921|0.768	0.000	0.000	0.000	0.000	0.000	-16.005	0.554	0.967	
EIF4A2	MCM3	MCM3	2.338|2.208|2.665	7.212	2.404	3	3.752|3.575|3.908	0.000	0.000	0.000	0.000	0.000	-16.005	0.642	0.962	
EIF4A2	RPS12	RPS12	1.673|1.540|1.678	4.892	1.631	3	1.772|1.855|1.885	0.000	0.000	0.000	0.000	0.000	-16.005	0.888	0.962	
EIF4A2	YY1	YY1	0.724|0.799|0.896	2.418	0.806	3	0.744|0.665|0.651	0.001	0.004	0.001	0.004	0.001	-15.572	1.176	0.837	
EIF4A2	ATP5F1A	ATP5F1A	2.012|2.235|2.307	6.555	2.185	3	2.242|2.341|2.480	0.000	0.000	0.000	0.000	0.000	-16.005	0.929	0.962	
EIF4A2	PSMA1	PSMA1	2.912|3.019|3.373	9.304	3.101	3	4.487|4.395|4.564	0.000	0.000	0.000	0.000	0.000	-16.005	0.692	0.948	
EIF4A2	PSMA2	PSMA2	2.105|2.033|1.923	6.061	2.020	3	2.515|2.591|2.476	0.000	0.000	0.000	0.000	0.000	-16.005	0.800	0.948	
EIF4A2	PSMA3	PSMA3	1.806|2.065|1.864	5.735	1.912	3	2.751|2.530|2.671	0.000	0.000	0.000	0.000	0.000	-16.005	0.722	0.962	
EIF4A2	PSMA4	PSMA4	3.211|3.280|3.637	10.129	3.376	3	4.299|4.094|4.220	0.000	0.000	0.000	0.000	0.000	-16.005	0.803	0.962	
EIF4A2	DDX6	DDX6	0.843|0.769|0.720	2.331	0.777	3	0.836|0.857|0.603	0.000	0.000	0.000	0.000	0.000	-16.005	1.028	0.943	
EIF4A2	U2AF2	U2AF2	4.806|5.585|5.378	15.769	5.256	3	5.270|5.366|4.981	0.000	0.000	0.000	0.000	0.000	-16.005	1.010	0.936	
EIF4A2	RPL13	RPL13	1.411|1.393|1.553	4.357	1.452	3	1.409|1.289|1.273	0.000	0.000	0.000	0.000	0.000	-15.581	1.098	0.907	
EIF4A2	HMGB2	HMGB2	4.268|5.776|4.522	14.566	4.855	3	6.295|7.309|7.305	0.000	0.000	0.000	0.000	0.000	-16.005	0.698	0.952	
EIF4A2	PTBP1	PTBP1	1.249|1.530|1.505	4.284	1.428	3	0.887|0.630|0.968	0.001	0.002	0.001	0.002	0.001	-13.358	1.753	0.838	
EIF4A2	TARS1	TARS1	1.032|0.721|0.483	2.235	0.745	3	0.625|0.630|0.564	0.010	0.029	0.010	0.029	0.010	-16.005	1.231	0.778	
EIF4A2	VARS1	VARS1	1.104|1.171|1.197	3.472	1.157	3	1.821|1.828|1.692	0.000	0.000	0.000	0.000	0.000	-16.005	0.651	0.962	
EIF4A2	EEF1G	EEF1G	3.456|4.110|3.818	11.384	3.795	3	6.153|6.333|6.209	0.000	0.000	0.000	0.000	0.000	-16.005	0.609	0.948	
EIF4A2	YWHAQ	YWHAQ	0.382|0.336|0.327	1.045	0.348	3	0.503|0.471|0.547	0.000	0.000	0.000	0.000	0.000	-16.005	0.688	0.955	
EIF4A2	RPL10	RPL10	3.206|3.143|3.233	9.582	3.194	3	2.697|2.941|2.608	0.000	0.000	0.000	0.000	0.000	-13.129	1.164	0.899	
EIF4A2	RPA1	RPA1	1.521|1.574|1.763	4.858	1.619	3	1.735|1.955|1.851	0.000	0.000	0.000	0.000	0.000	-16.005	0.878	0.948	
EIF4A2	APEX1	APEX1	0.804|0.914|0.805	2.523	0.841	3	0.993|1.013|0.890	0.000	0.000	0.000	0.000	0.000	-16.005	0.872	0.954	
EIF4A2	CAD	CAD	2.256|2.475|2.527	7.258	2.419	3	4.052|4.013|3.955	0.000	0.000	0.000	0.000	0.000	-16.005	0.604	0.962	
EIF4A2	CALR	CALR	0.676|.|0.865	1.939	0.646	3	0.717|0.690|0.769	0.000	0.000	0.000	0.000	0.000	-16.005	0.892	0.898	
EIF4A2	MAP4	MAP4	0.506|0.608|0.516	1.630	0.543	3	0.629|0.804|0.542	0.000	0.000	0.000	0.000	0.000	-16.005	0.836	0.955	
EIF4A2	CANX	CANX	2.972|3.112|3.167	9.251	3.084	3	3.293|3.446|3.315	0.000	0.000	0.000	0.000	0.000	-16.005	0.920	0.948	
EIF4A2	PSMA5	PSMA5	1.565|1.875|2.039	5.479	1.826	3	2.493|2.516|2.486	0.000	0.000	0.000	0.000	0.000	-16.005	0.731	0.948	
EIF4A2	PSMB4	PSMB4	1.942|1.866|1.869	5.677	1.892	3	2.912|2.845|2.971	0.000	0.000	0.000	0.000	0.000	-16.005	0.651	0.962	
EIF4A2	PSMB6	PSMB6	3.008|2.755|3.081	8.843	2.948	3	4.180|4.510|4.214	0.000	0.000	0.000	0.000	0.000	-16.005	0.686	0.962	
EIF4A2	PSMB5	PSMB5	1.339|1.612|1.658	4.609	1.536	3	1.970|2.067|2.116	0.000	0.000	0.000	0.000	0.000	-16.005	0.749	0.948	
EIF4A2	POLD1	POLD1	4.173|4.373|4.926	13.473	4.491	3	5.302|5.789|5.910	0.000	0.000	0.000	0.000	0.000	-16.005	0.793	0.962	
EIF4A2	GTF2E2	GTF2E2	0.265|0.333|.	0.996	0.332	3	.|.|.	0.000	0.000	0.000	0.000	0.000	-16.005	0.834	0.967	
EIF4A2	TPP2	TPP2	0.388|0.420|0.518	1.325	0.442	3	0.513|0.695|0.639	0.000	0.000	0.000	0.000	0.000	-16.005	0.723	0.957	
EIF4A2	BTK;EPHA2;EPHA3;EPHA5;EPHA6;EPHA7;EPHA8;EPHB1;EPHB2;EPHB3;EPHB4	BTK;EPHA2;EPHA3;EPHA5;EPHA6;EPHA7;EPHA8;EPHB1;EPHB2;EPHB3;EPHB4	0.540|.|.	1.337	0.446	3	0.735|.|.	0.000	0.000	0.000	0.000	0.000	-16.005	0.607	0.968	
EIF4A2	EEF1D	EEF1D	2.333|2.131|2.400	6.864	2.288	3	3.118|3.390|3.471	0.000	0.000	0.000	0.000	0.000	-16.005	0.689	0.962	
EIF4A2	MARCKS	MARCKS	0.225|0.393|0.296	0.913	0.304	3	0.218|0.516|0.266	0.000	0.000	0.000	0.000	0.000	-14.297	0.980	0.869	
EIF4A2	PRDX6	PRDX6	3.110|3.064|3.133	9.306	3.102	3	3.476|3.601|3.535	0.000	0.000	0.000	0.000	0.000	-16.005	0.877	0.962	
EIF4A2	PRDX5	PRDX5	0.410|0.374|0.512	1.296	0.432	3	0.620|0.643|0.731	0.000	0.000	0.000	0.000	0.000	-16.005	0.651	0.955	
EIF4A2	PRDX3	PRDX3	2.351|2.533|2.407	7.291	2.430	3	3.515|3.508|3.516	0.000	0.000	0.000	0.000	0.000	-16.005	0.692	0.962	
EIF4A2	RPL12	RPL12	4.193|4.126|4.347	12.665	4.222	3	4.634|4.704|4.156	0.000	0.000	0.000	0.000	0.000	-16.005	0.940	0.962	
EIF4A2	ECHS1	ECHS1	0.673|0.709|1.437	2.819	0.940	3	0.636|0.789|0.745	0.010	0.029	0.010	0.029	0.010	-16.005	1.304	0.794	
EIF4A2	PDIA3	PDIA3	2.129|2.046|2.225	6.400	2.133	3	5.190|2.402|2.312	0.000	0.000	0.000	0.000	0.000	-15.059	0.696	0.920	
EIF4A2	PPP2R1A	PPP2R1A	1.304|1.252|1.550	4.106	1.369	3	1.948|1.881|2.096	0.000	0.000	0.000	0.000	0.000	-16.005	0.694	0.962	
EIF4A2	PPIF	PPIF	0.474|0.410|0.568	1.453	0.484	3	0.538|0.443|0.491	0.000	0.000	0.000	0.000	0.000	-16.005	0.990	0.927	
EIF4A2	HMOX2	HMOX2	0.606|0.419|0.585	1.610	0.537	3	0.522|0.678|0.645	0.000	0.000	0.000	0.000	0.000	-16.005	0.878	0.953	
EIF4A2	LRPAP1	LRPAP1	0.859|1.043|0.875	2.777	0.926	3	1.134|0.952|1.088	0.000	0.000	0.000	0.000	0.000	-16.005	0.877	0.952	
EIF4A2	CLIP1	CLIP1	0.499|0.550|0.636	1.686	0.562	3	0.948|1.103|1.121	0.000	0.000	0.000	0.000	0.000	-16.005	0.533	0.952	
EIF4A2	SLC7A1	SLC7A1	0.581|0.658|0.852	2.091	0.697	3	0.675|0.635|0.702	0.000	0.001	0.000	0.001	0.000	-16.005	1.041	0.856	
EIF4A2	POLR2B	POLR2B	0.732|0.855|0.817	2.404	0.801	3	0.916|0.954|0.992	0.000	0.000	0.000	0.000	0.000	-16.005	0.840	0.957	
EIF4A2	MAT2A	MAT2A	0.446|.|0.493	1.336	0.445	3	0.570|0.575|0.592	0.000	0.000	0.000	0.000	0.000	-16.005	0.769	0.967	
EIF4A2	PRKAR2B	PRKAR2B	6.737|7.203|7.521	21.461	7.154	3	.|.|.	1.000	1.000	1.000	1.000	1.000	8.448	17.964	0.000	
EIF4A2	DNAJA1	DNAJA1	2.293|2.161|2.412	6.865	2.288	3	3.434|3.552|3.667	0.000	0.000	0.000	0.000	0.000	-16.005	0.645	0.962	
EIF4A2	HNRNPH3	HNRNPH3	0.298|0.371|.	1.068	0.356	3	0.324|0.516|0.328	0.000	0.000	0.000	0.000	0.000	-16.005	0.937	0.966	
EIF4A2	HNRNPH1	HNRNPH1	0.909|0.938|1.079	2.926	0.975	3	0.899|1.175|0.901	0.000	0.000	0.000	0.000	0.000	-16.005	0.991	0.942	
EIF4A2	YWHAB	YWHAB	0.439|0.423|0.492	1.354	0.451	3	0.617|0.824|0.600	0.000	0.000	0.000	0.000	0.000	-16.005	0.671	0.952	
EIF4A2	STIP1	STIP1	8.148|8.391|8.434	24.973	8.324	3	13.192|12.648|12.980	0.000	0.000	0.000	0.000	0.000	-16.005	0.643	0.962	
EIF4A2	PRDX2	PRDX2	2.059|2.389|2.137	6.585	2.195	3	5.069|4.991|5.191	0.000	0.000	0.000	0.000	0.000	-16.005	0.432	0.962	
EIF4A2	RPL9	RPL9	2.056|2.381|2.233	6.669	2.223	3	2.243|1.929|2.015	0.000	0.000	0.000	0.000	0.000	-16.005	1.080	0.919	
EIF4A2	KIF5B	KIF5B	1.615|1.678|1.643	4.936	1.645	3	2.245|2.477|2.262	0.000	0.000	0.000	0.000	0.000	-16.005	0.707	0.948	
EIF4A2	CSTF2	CSTF2	0.734|0.665|0.740	2.139	0.713	3	0.813|1.942|0.957	0.000	0.000	0.000	0.000	0.000	-16.005	0.622	0.932	
EIF4A2	DUT	DUT	0.840|0.812|0.854	2.505	0.835	3	0.738|0.789|0.757	0.000	0.000	0.000	0.000	0.000	-15.355	1.097	0.920	
EIF4A2	TTK	TTK	0.305|.|0.514	1.217	0.406	3	0.291|0.529|0.424	0.000	0.000	0.000	0.000	0.000	-16.005	1.007	0.924	
EIF4A2	MCM4	MCM4	1.575|1.565|1.743	4.884	1.628	3	2.371|2.320|2.364	0.000	0.000	0.000	0.000	0.000	-16.005	0.692	0.962	
EIF4A2	MCM5	MCM5	1.859|1.956|2.183	5.997	1.999	3	2.866|2.969|2.947	0.000	0.000	0.000	0.000	0.000	-16.005	0.683	0.962	
EIF4A2	MCM7	MCM7	1.959|2.145|2.176	6.281	2.094	3	3.336|3.181|3.439	0.000	0.000	0.000	0.000	0.000	-16.005	0.631	0.962	
EIF4A2	SHMT2	SHMT2	1.632|1.739|1.824	5.194	1.731	3	2.308|2.672|2.556	0.000	0.000	0.000	0.000	0.000	-16.005	0.691	0.962	
EIF4A2	HSPA1L	HSPA1L	19.169|19.672|18.931	57.772	19.257	3	27.531|28.032|27.085	0.000	0.000	0.000	0.000	0.000	-16.005	0.699	0.962	
EIF4A2	HSPA4	HSPA4	1.160|1.114|1.318	3.593	1.198	3	2.111|2.222|2.104	0.000	0.000	0.000	0.000	0.000	-16.005	0.558	0.962	
EIF4A2	PRSS3	PRSS3	2.824|.|.	3.620	1.207	3	2.872|.|3.002	0.000	0.000	0.000	0.000	0.000	-16.005	0.411	0.971	
EIF4A2	RPA3	RPA3	1.537|1.697|1.688	4.923	1.641	3	2.072|1.964|1.976	0.000	0.000	0.000	0.000	0.000	-16.005	0.819	0.962	
EIF4A2	RFC1	RFC1	0.760|0.828|0.785	2.373	0.791	3	0.747|0.398|0.715	0.000	0.000	0.000	0.000	0.000	-11.116	1.325	0.878	
EIF4A2	RPL22	RPL22	13.301|13.154|14.337	40.793	13.598	3	14.799|15.593|14.746	0.000	0.000	0.000	0.000	0.000	-16.005	0.904	0.962	
EIF4A2	GTF2F1	GTF2F1	1.911|2.400|2.257	6.567	2.189	3	2.346|2.273|2.177	0.000	0.000	0.000	0.000	0.000	-16.005	0.967	0.939	
EIF4A2	KRT9	KRT9	3.622|3.689|3.701	11.013	3.671	3	4.832|5.315|5.124	0.000	0.000	0.000	0.000	0.000	-16.005	0.722	0.948	
EIF4A2	MYH9	MYH9	6.598|6.902|6.757	20.257	6.752	3	6.965|6.785|7.103	0.000	0.000	0.000	0.000	0.000	-16.005	0.972	0.962	
EIF4A2	MYH10	MYH10	3.119|3.324|3.301	9.744	3.248	3	3.201|3.144|2.950	0.000	0.000	0.000	0.000	0.000	-15.997	1.049	0.933	
EIF4A2	COPB2	COPB2	2.358|2.553|2.830	7.740	2.580	3	3.449|3.132|3.409	0.000	0.000	0.000	0.000	0.000	-16.005	0.776	0.948	
EIF4A2	ADD1	ADD1	0.610|0.690|0.814	2.114	0.705	3	0.615|0.590|0.993	0.000	0.000	0.000	0.000	0.000	-16.005	0.991	0.944	
EIF4A2	BSG	BSG	0.901|0.781|0.982	2.664	0.888	3	1.256|1.066|1.160	0.000	0.000	0.000	0.000	0.000	-16.005	0.767	0.951	
EIF4A2	FUS	FUS	25.435|26.480|29.594	81.509	27.170	3	28.921|30.790|31.145	0.000	0.000	0.000	0.000	0.000	-16.005	0.898	0.962	
EIF4A2	NUP214	NUP214	2.961|0.632|0.541	4.135	1.378	3	0.536|0.538|0.581	0.333	1.000	0.333	1.000	0.333	-16.005	2.501	0.148	
EIF4A2	DEK	DEK	1.416|1.543|1.525	4.484	1.495	3	1.644|1.718|1.622	0.000	0.000	0.000	0.000	0.000	-16.005	0.900	0.962	
EIF4A2	PPM1A	PPM1A	0.825|0.641|0.351	1.817	0.606	3	1.038|1.304|1.119	0.000	0.000	0.000	0.000	0.000	-16.005	0.527	0.954	
EIF4A2	KRT2	KRT2	1.682|1.888|2.060	5.631	1.877	3	2.900|3.030|2.837	0.000	0.000	0.000	0.000	0.000	-16.005	0.643	0.962	
EIF4A2	PSMC2	PSMC2	1.849|1.731|1.787	5.367	1.789	3	2.551|2.594|2.643	0.000	0.000	0.000	0.000	0.000	-16.005	0.689	0.962	
EIF4A2	ATP5F1C	ATP5F1C	0.687|0.733|0.767	2.187	0.729	3	0.917|0.972|1.130	0.000	0.000	0.000	0.000	0.000	-16.005	0.727	0.954	
EIF4A2	ATP6V1E1	ATP6V1E1	0.513|0.690|0.749	1.952	0.651	3	0.988|1.070|0.915	0.000	0.000	0.000	0.000	0.000	-16.005	0.658	0.951	
EIF4A2	RPL4	RPL4	0.883|1.045|1.010	2.938	0.979	3	0.751|0.839|0.892	0.000	0.000	0.000	0.000	0.000	-15.558	1.187	0.891	
EIF4A2	LONP1	LONP1	1.037|1.109|1.008	3.154	1.051	3	1.349|1.216|1.328	0.000	0.000	0.000	0.000	0.000	-16.005	0.811	0.957	
EIF4A2	GPX4	GPX4	0.465|0.329|0.542	1.335	0.445	3	0.688|0.750|0.762	0.000	0.000	0.000	0.000	0.000	-16.005	0.608	0.957	
EIF4A2	SRP14	SRP14	1.133|1.408|1.328	3.869	1.290	3	1.592|1.516|1.457	0.000	0.000	0.000	0.000	0.000	-16.005	0.848	0.957	
EIF4A2	NUP62	NUP62	0.289|0.612|0.862	1.763	0.588	3	0.860|0.891|0.638	0.000	0.000	0.000	0.000	0.000	-16.005	0.746	0.943	
EIF4A2	FDFT1	FDFT1	0.900|1.037|0.954	2.891	0.964	3	1.056|0.854|1.050	0.000	0.000	0.000	0.000	0.000	-16.005	0.981	0.944	
EIF4A2	TAGLN2	TAGLN2	1.423|1.361|1.722	4.505	1.502	3	2.034|1.945|2.142	0.000	0.000	0.000	0.000	0.000	-16.005	0.737	0.962	
EIF4A2	RBMX	RBMX	3.264|3.493|3.773	10.530	3.510	3	3.128|3.331|3.256	0.000	0.000	0.000	0.000	0.000	-15.994	1.084	0.910	
EIF4A2	COIL	COIL	1.456|1.603|1.738	4.797	1.599	3	1.439|1.491|1.347	0.000	0.000	0.000	0.000	0.000	-15.929	1.122	0.885	
EIF4A2	ATP6V1A	ATP6V1A	0.752|0.702|0.803	2.257	0.752	3	1.126|1.234|1.178	0.000	0.000	0.000	0.000	0.000	-16.005	0.638	0.957	
EIF4A2	HSPA9	HSPA9	2.107|2.245|2.364	6.716	2.239	3	3.543|3.506|3.309	0.000	0.000	0.000	0.000	0.000	-16.005	0.649	0.962	
EIF4A2	EIF4A3	EIF4A3	2.397|2.224|2.516	7.137	2.379	3	0.246|0.211|.	1.000	1.000	1.000	1.000	1.000	9.816	10.448	0.000	
EIF4A2	RPS19	RPS19	9.349|9.431|10.547	29.326	9.775	3	11.040|11.233|10.860	0.000	0.000	0.000	0.000	0.000	-16.005	0.885	0.962	
EIF4A2	RPL3	RPL3	0.546|0.827|0.794	2.166	0.722	3	0.491|0.553|0.683	0.000	0.000	0.000	0.000	0.000	-16.005	1.267	0.907	
EIF4A2	DDOST	DDOST	1.120|1.053|1.092	3.265	1.088	3	1.243|1.278|1.191	0.000	0.000	0.000	0.000	0.000	-16.005	0.880	0.957	
EIF4A2	ANP32A	ANP32A	1.504|1.594|1.716	4.815	1.605	3	0.854|1.096|0.957	0.018	0.029	0.018	0.029	0.018	-6.415	1.665	0.726	
EIF4A2	FEN1	FEN1	1.636|1.816|1.984	5.436	1.812	3	2.505|2.591|2.473	0.000	0.000	0.000	0.000	0.000	-16.005	0.718	0.948	
EIF4A2	CAP2	CAP2	0.443|0.429|0.500	1.372	0.457	3	0.381|0.683|0.641	0.000	0.000	0.000	0.000	0.000	-16.005	0.831	0.955	
EIF4A2	TXLNA	TXLNA	0.471|0.429|0.612	1.512	0.504	3	0.765|0.808|0.856	0.000	0.000	0.000	0.000	0.000	-16.005	0.623	0.957	
EIF4A2	CCT6A	CCT6A	8.001|7.349|8.709	24.059	8.020	3	9.605|9.969|10.167	0.000	0.000	0.000	0.000	0.000	-16.005	0.809	0.962	
EIF4A2	RPL13A;RPL13AP3	RPL13A;RPL13AP3	0.375|0.310|0.362	1.047	0.349	3	0.591|0.607|0.586	0.000	0.000	0.000	0.000	0.000	-16.005	0.586	0.957	
EIF4A2	ARL1	ARL1	1.264|1.229|1.179	3.672	1.224	3	1.414|1.470|1.309	0.000	0.000	0.000	0.000	0.000	-16.005	0.877	0.948	
EIF4A2	MDH2	MDH2	1.062|1.362|1.552	3.976	1.325	3	1.805|1.402|1.516	0.000	0.000	0.000	0.000	0.000	-16.005	0.847	0.962	
EIF4A2	RFC5	RFC5	0.499|0.460|0.420	1.379	0.460	3	0.848|0.890|0.801	0.000	0.000	0.000	0.000	0.000	-16.005	0.544	0.957	
EIF4A2	RFC3	RFC3	0.453|0.548|0.530	1.532	0.511	3	0.716|0.933|0.760	0.000	0.000	0.000	0.000	0.000	-16.005	0.640	0.954	
EIF4A2	HADHA	HADHA	0.942|1.252|1.201	3.395	1.132	3	1.294|1.524|1.445	0.000	0.000	0.000	0.000	0.000	-16.005	0.798	0.951	
EIF4A2	EIF2S3	EIF2S3	1.111|1.242|1.350	3.702	1.234	3	1.345|1.290|1.370	0.000	0.000	0.000	0.000	0.000	-16.005	0.925	0.947	
EIF4A2	BUD31	BUD31	1.668|1.523|1.465	4.656	1.552	3	1.987|2.089|2.048	0.000	0.000	0.000	0.000	0.000	-16.005	0.761	0.962	
EIF4A2	NAA10	NAA10	0.260|.|0.361	1.019	0.340	3	0.485|0.531|0.366	0.000	0.000	0.000	0.000	0.000	-16.005	0.747	0.967	
EIF4A2	CSK	CSK	0.333|.|.	1.130	0.377	3	0.404|0.451|0.242	0.000	0.000	0.000	0.000	0.000	-16.005	1.066	0.969	
EIF4A2	GARS1	GARS1	0.635|0.470|0.485	1.590	0.530	3	0.621|0.858|0.553	0.000	0.000	0.000	0.000	0.000	-16.005	0.796	0.953	
EIF4A2	IARS1	IARS1	0.805|0.879|0.813	2.497	0.832	3	0.742|0.663|0.731	0.000	0.000	0.000	0.000	0.000	-13.593	1.171	0.876	
EIF4A2	ACTR1B	ACTR1B	0.431|.|0.666	1.495	0.498	3	0.460|0.443|1.013	0.000	0.000	0.000	0.000	0.000	-14.427	0.843	0.876	
EIF4A2	TMPO	TMPO	1.122|0.968|1.097	3.187	1.062	3	1.082|1.226|1.000	0.000	0.000	0.000	0.000	0.000	-16.005	0.967	0.946	
EIF4A2	MTREX	MTREX	0.494|0.523|0.837	1.854	0.618	3	0.709|0.682|0.771	0.000	0.000	0.000	0.000	0.000	-16.005	0.859	0.911	
EIF4A2	MTOR	MTOR	0.366|0.389|0.528	1.283	0.428	3	1.079|0.637|0.595	0.000	0.000	0.000	0.000	0.000	-16.005	0.576	0.955	
EIF4A2	PI4KA	PI4KA	0.660|0.720|0.489	1.868	0.623	3	0.744|0.725|0.649	0.000	0.000	0.000	0.000	0.000	-16.005	0.884	0.946	
EIF4A2	RPS27	RPS27	8.446|7.936|8.932	25.314	8.438	3	10.011|10.002|10.493	0.000	0.000	0.000	0.000	0.000	-16.005	0.830	0.962	
EIF4A2	NCAPD3	NCAPD3	0.225|0.662|0.368	1.256	0.419	3	0.667|0.710|0.739	0.000	0.000	0.000	0.000	0.000	-16.005	0.594	0.957	
EIF4A2	LRPPRC	LRPPRC	1.616|1.487|1.612	4.715	1.572	3	1.954|1.963|1.878	0.000	0.000	0.000	0.000	0.000	-16.005	0.814	0.948	
EIF4A2	RPL35	RPL35	7.346|6.726|7.363	21.435	7.145	3	6.567|7.269|6.989	0.000	0.000	0.000	0.000	0.000	-16.005	1.030	0.936	
EIF4A2	CDKN2A	CDKN2A	0.297|0.340|0.387	1.024	0.341	3	0.587|0.883|0.507	0.000	0.000	0.000	0.000	0.000	-16.005	0.533	0.952	
EIF4A2	MATR3	MATR3	0.908|1.093|1.001	3.003	1.001	3	0.834|0.722|0.870	0.000	0.000	0.000	0.000	0.000	-14.902	1.242	0.874	
EIF4A2	SSR1	SSR1	0.539|0.658|0.635	1.832	0.611	3	0.621|0.617|0.648	0.000	0.000	0.000	0.000	0.000	-16.005	0.972	0.941	
EIF4A2	RANBP1	RANBP1	0.667|.|.	1.463	0.488	3	0.698|0.971|0.605	0.000	0.000	0.000	0.000	0.000	-16.005	0.656	0.969	
EIF4A2	PSMC4	PSMC4	2.252|2.057|2.347	6.656	2.219	3	2.996|3.246|3.135	0.000	0.000	0.000	0.000	0.000	-16.005	0.710	0.962	
EIF4A2	CBX5	CBX5	0.281|0.256|0.436	0.973	0.324	3	0.550|0.770|0.531	0.000	0.000	0.000	0.000	0.000	-16.005	0.534	0.956	
EIF4A2	RANGAP1	RANGAP1	1.084|1.050|1.285	3.419	1.140	3	1.313|1.256|1.287	0.000	0.000	0.000	0.000	0.000	-16.005	0.887	0.948	
EIF4A2	NOP2	NOP2	1.089|1.096|1.115	3.300	1.100	3	1.378|1.298|1.358	0.000	0.000	0.000	0.000	0.000	-16.005	0.818	0.957	
EIF4A2	CRKL	CRKL	0.569|0.474|0.398	1.441	0.480	3	0.682|0.509|0.473	0.000	0.000	0.000	0.000	0.000	-16.005	0.877	0.947	
EIF4A2	BAG6	BAG6	1.729|1.782|1.768	5.280	1.760	3	2.307|2.082|2.051	0.000	0.000	0.000	0.000	0.000	-16.005	0.821	0.962	
EIF4A2	NSF	NSF	0.605|.|0.427	1.431	0.477	3	0.415|0.639|0.557	0.000	0.000	0.000	0.000	0.000	-16.005	0.902	0.965	
EIF4A2	BRCC3	BRCC3	1.109|0.991|1.022	3.122	1.041	3	0.921|1.165|1.152	0.000	0.000	0.000	0.000	0.000	-16.005	0.969	0.946	
EIF4A2	RPL27A	RPL27A	3.007|3.357|3.625	9.989	3.330	3	3.045|2.993|3.157	0.000	0.000	0.000	0.000	0.000	-16.005	1.087	0.903	
EIF4A2	RPL5	RPL5	1.082|0.874|1.085	3.041	1.014	3	1.001|0.945|1.042	0.000	0.000	0.000	0.000	0.000	-16.005	1.018	0.928	
EIF4A2	RPL21	RPL21	0.417|0.492|0.479	1.387	0.462	3	0.409|0.149|0.148	0.000	0.000	0.000	0.000	0.000	-12.814	2.222	0.901	
EIF4A2	RPS9	RPS9	4.603|4.751|4.940	14.293	4.764	3	4.222|4.142|4.100	0.000	0.000	0.000	0.000	0.000	-14.352	1.147	0.899	
EIF4A2	RPS5	RPS5	4.345|4.385|4.107	12.837	4.279	3	3.925|3.339|3.232	0.000	0.000	0.000	0.000	0.000	-14.140	1.228	0.905	
EIF4A2	RPS10	RPS10	20.125|23.921|23.476	67.522	22.507	3	29.196|26.411|27.806	0.000	0.000	0.000	0.000	0.000	-16.005	0.810	0.962	
EIF4A2	MAP1B	MAP1B	0.834|0.644|0.861	2.339	0.780	3	1.043|0.665|0.502	0.000	0.000	0.000	0.000	0.000	-15.482	1.108	0.893	
EIF4A2	IQGAP1	IQGAP1	0.620|0.692|0.655	1.967	0.656	3	1.301|1.224|1.240	0.000	0.000	0.000	0.000	0.000	-16.005	0.523	0.957	
EIF4A2	STT3A	STT3A	0.253|0.468|0.599	1.320	0.440	3	0.669|0.367|0.713	0.000	0.000	0.000	0.000	0.000	-16.005	0.787	0.918	
EIF4A2	CAPZA2	CAPZA2	1.807|2.110|1.909	5.827	1.942	3	2.602|2.412|2.579	0.000	0.000	0.000	0.000	0.000	-16.005	0.768	0.948	
EIF4A2	CAPZB	CAPZB	0.990|0.914|1.023	2.927	0.976	3	1.319|1.277|1.401	0.000	0.000	0.000	0.000	0.000	-16.005	0.733	0.957	
EIF4A2	QARS1	QARS1	0.190|0.462|0.568	1.220	0.407	3	0.636|0.584|0.677	0.000	0.000	0.000	0.000	0.000	-16.005	0.644	0.955	
EIF4A2	UQCRFS1	UQCRFS1	0.316|.|0.406	1.120	0.373	3	0.376|0.427|.	0.000	0.000	0.000	0.000	0.000	-16.005	0.932	0.966	
EIF4A2	ATP5PO	ATP5PO	0.621|0.743|0.698	2.062	0.687	3	0.717|0.772|0.761	0.000	0.000	0.000	0.000	0.000	-16.005	0.917	0.957	
EIF4A2	ARCN1	ARCN1	2.043|2.241|2.033	6.317	2.106	3	2.488|2.329|2.671	0.000	0.000	0.000	0.000	0.000	-16.005	0.845	0.948	
EIF4A2	GCLC	GCLC	0.805|.|0.314	1.517	0.506	3	.|0.370|.	0.010	0.029	0.010	0.029	0.010	-16.005	1.367	0.802	
EIF4A2	PSMD8	PSMD8	2.118|2.155|2.202	6.475	2.158	3	3.161|3.051|3.169	0.000	0.000	0.000	0.000	0.000	-16.005	0.690	0.962	
EIF4A2	PRRC2A	PRRC2A	1.492|1.430|1.572	4.493	1.498	3	0.950|0.941|1.091	0.029	0.029	0.029	0.029	0.029	-3.505	1.510	0.467	
EIF4A2	CCT5	CCT5	7.882|8.207|8.286	24.375	8.125	3	9.863|10.020|10.073	0.000	0.000	0.000	0.000	0.000	-16.005	0.814	0.962	
EIF4A2	CSNK1A1	CSNK1A1	0.552|0.595|0.600	1.747	0.582	3	0.754|0.746|0.671	0.000	0.000	0.000	0.000	0.000	-16.005	0.806	0.957	
EIF4A2	PITPNB	PITPNB	0.318|0.312|.	1.028	0.343	3	0.498|0.435|0.398	0.000	0.000	0.000	0.000	0.000	-16.005	0.776	0.967	
EIF4A2	ADGRE5	ADGRE5	0.121|.|.	0.917	0.306	3	.|.|.	0.000	0.000	0.000	0.000	0.000	-16.005	0.768	0.970	
EIF4A2	RPL34	RPL34	1.173|1.059|1.043	3.276	1.092	3	1.119|1.124|0.961	0.000	0.000	0.000	0.000	0.000	-16.005	1.025	0.936	
EIF4A2	LMAN1	LMAN1	0.522|0.586|0.661	1.768	0.589	3	0.672|0.684|0.725	0.000	0.000	0.000	0.000	0.000	-16.005	0.850	0.957	
EIF4A2	NASP	NASP	2.033|2.152|2.255	6.439	2.146	3	2.850|3.088|3.048	0.000	0.000	0.000	0.000	0.000	-16.005	0.717	0.948	
EIF4A2	FASN	FASN	5.748|5.964|5.834	17.547	5.849	3	6.843|6.611|6.552	0.000	0.000	0.000	0.000	0.000	-16.005	0.877	0.962	
EIF4A2	CCT3	CCT3	13.027|13.061|13.220	39.308	13.103	3	14.624|14.666|14.674	0.000	0.000	0.000	0.000	0.000	-16.005	0.894	0.962	
EIF4A2	TUFM	TUFM	1.355|1.579|1.664	4.598	1.533	3	1.177|1.340|1.304	0.003	0.010	0.003	0.010	0.003	-15.379	1.205	0.826	
EIF4A2	ALDH7A1	ALDH7A1	0.264|.|.	1.060	0.353	3	0.366|.|.	0.000	0.000	0.000	0.000	0.000	-16.005	0.967	0.968	
EIF4A2	SRP9	SRP9	1.480|1.373|1.355	4.208	1.403	3	1.555|1.603|1.569	0.000	0.000	0.000	0.000	0.000	-16.005	0.890	0.962	
EIF4A2	AARS1	AARS1	0.306|0.300|0.319	0.925	0.308	3	0.426|0.467|0.505	0.000	0.000	0.000	0.000	0.000	-16.005	0.663	0.954	
EIF4A2	SARS1	SARS1	0.448|0.453|0.370	1.271	0.424	3	0.551|0.628|0.480	0.000	0.000	0.000	0.000	0.000	-16.005	0.771	0.956	
EIF4A2	PRIM1	PRIM1	0.492|0.484|0.488	1.464	0.488	3	0.681|0.795|0.710	0.000	0.000	0.000	0.000	0.000	-16.005	0.671	0.952	
EIF4A2	PRIM2	PRIM2	0.573|.|0.378	1.350	0.450	3	0.501|0.590|0.645	0.000	0.000	0.000	0.000	0.000	-16.005	0.782	0.966	
EIF4A2	CSNK1D;CSNK1E	CSNK1D;CSNK1E	0.535|0.562|0.719	1.816	0.605	3	0.759|0.646|0.703	0.000	0.000	0.000	0.000	0.000	-16.005	0.863	0.946	
EIF4A2	PSMB3	PSMB3	1.861|1.986|1.936	5.783	1.928	3	2.782|2.901|2.889	0.000	0.000	0.000	0.000	0.000	-16.005	0.675	0.962	
EIF4A2	PSMB2	PSMB2	2.898|3.506|3.291	9.695	3.232	3	4.227|4.087|4.165	0.000	0.000	0.000	0.000	0.000	-16.005	0.777	0.948	
EIF4A2	MCM2	MCM2	2.508|2.490|2.683	7.681	2.560	3	3.727|3.825|4.099	0.000	0.000	0.000	0.000	0.000	-16.005	0.660	0.962	
EIF4A2	ACADVL	ACADVL	0.370|0.417|0.522	1.310	0.437	3	1.203|0.457|0.476	0.000	0.000	0.000	0.000	0.000	-12.862	0.683	0.884	
EIF4A2	RBM25	RBM25	1.002|0.955|1.016	2.973	0.991	3	1.042|1.042|1.127	0.000	0.000	0.000	0.000	0.000	-16.005	0.927	0.957	
EIF4A2	NUMB	NUMB	0.584|0.588|0.645	1.818	0.606	3	.|0.582|0.563	0.000	0.000	0.000	0.000	0.000	-15.974	1.059	0.934	
EIF4A2	CLK3	CLK3	0.494|.|.	1.290	0.430	3	.|.|.	0.000	0.000	0.000	0.000	0.000	-16.005	1.080	0.874	
EIF4A2	EIF2B2	EIF2B2	0.776|0.844|0.877	2.498	0.833	3	1.115|1.113|1.163	0.000	0.000	0.000	0.000	0.000	-16.005	0.737	0.957	
EIF4A2	NUP153	NUP153	0.436|0.457|0.411	1.303	0.434	3	0.685|0.534|1.627	0.000	0.000	0.000	0.000	0.000	-13.206	0.516	0.903	
EIF4A2	RANBP2	RANBP2	0.694|0.738|0.696	2.127	0.709	3	0.870|0.777|0.918	0.000	0.000	0.000	0.000	0.000	-16.005	0.831	0.961	
EIF4A2	GMPS	GMPS	1.168|.|.	1.964	0.655	3	0.520|.|.	0.010	0.029	0.010	0.029	0.010	-16.005	1.258	0.813	
EIF4A2	MRE11	MRE11	0.900|0.912|0.978	2.790	0.930	3	0.857|0.869|0.854	0.000	0.000	0.000	0.000	0.000	-15.669	1.082	0.919	
EIF4A2	GDI2	GDI2	0.704|0.838|0.716	2.258	0.753	3	0.453|0.717|0.715	0.000	0.000	0.000	0.000	0.000	-15.804	1.225	0.932	
EIF4A2	SERPINH1	SERPINH1	0.423|0.560|0.541	1.523	0.508	3	0.305|0.397|0.548	0.000	0.000	0.000	0.000	0.000	-15.988	1.255	0.908	
EIF4A2	ST13	ST13	0.873|0.736|0.790	2.400	0.800	3	0.991|1.023|1.074	0.000	0.000	0.000	0.000	0.000	-16.005	0.778	0.957	
EIF4A2	KNTC1	KNTC1	0.631|0.455|0.718	1.803	0.601	3	0.463|0.768|0.740	0.000	0.000	0.000	0.000	0.000	-16.005	0.938	0.945	
EIF4A2	CDK9	CDK9	2.433|2.375|1.100	5.908	1.969	3	1.315|1.271|2.911	0.000	0.000	0.000	0.000	0.000	-14.089	1.162	0.914	
EIF4A2	LRBA	LRBA	0.515|0.552|0.532	1.598	0.533	3	0.746|0.804|0.690	0.000	0.000	0.000	0.000	0.000	-16.005	0.715	0.952	
EIF4A2	RPL14	RPL14	0.866|0.949|0.883	2.698	0.899	3	0.825|0.758|0.987	0.000	0.000	0.000	0.000	0.000	-15.992	1.056	0.939	
EIF4A2	CCT8	CCT8	10.726|11.245|12.236	34.207	11.402	3	13.425|13.784|13.792	0.000	0.000	0.000	0.000	0.000	-16.005	0.834	0.962	
EIF4A2	CCT4	CCT4	11.751|11.314|13.013	36.078	12.026	3	14.911|15.520|15.959	0.000	0.000	0.000	0.000	0.000	-16.005	0.778	0.962	
EIF4A2	FXR1	FXR1	3.017|3.064|3.288	9.369	3.123	3	1.153|1.077|1.044	0.029	0.029	0.029	0.029	0.029	-3.505	2.864	0.554	
EIF4A2	FXR2	FXR2	1.313|1.342|1.452	4.107	1.369	3	.|.|.	0.982	1.000	0.982	1.000	0.982	3.122	3.438	0.001	
EIF4A2	RAB5C	RAB5C	1.324|1.360|1.595	4.279	1.426	3	1.650|1.652|1.674	0.000	0.000	0.000	0.000	0.000	-16.005	0.860	0.948	
EIF4A2	RAB7A	RAB7A	1.189|1.292|1.424	3.904	1.301	3	1.326|1.463|1.338	0.000	0.000	0.000	0.000	0.000	-16.005	0.947	0.943	
EIF4A2	RAB9A	RAB9A	0.881|0.808|0.831	2.521	0.840	3	0.794|0.829|0.810	0.000	0.000	0.000	0.000	0.000	-16.005	1.036	0.933	
EIF4A2	RAB13	RAB13	2.510|2.507|2.556	7.573	2.524	3	3.259|3.053|3.106	0.000	0.000	0.000	0.000	0.000	-16.005	0.804	0.962	
EIF4A2	SSR4	SSR4	0.747|0.790|0.643	2.181	0.727	3	0.747|0.837|0.730	0.000	0.000	0.000	0.000	0.000	-16.005	0.944	0.945	
EIF4A2	BCAP31	BCAP31	0.882|1.040|1.125	3.047	1.016	3	1.055|1.194|0.998	0.000	0.000	0.000	0.000	0.000	-16.005	0.941	0.944	
EIF4A2	HCFC1	HCFC1	0.758|0.824|0.765	2.346	0.782	3	0.719|0.916|0.812	0.000	0.000	0.000	0.000	0.000	-16.005	0.964	0.947	
EIF4A2	IRAK1	IRAK1	0.580|0.470|0.582	1.632	0.544	3	0.741|0.684|0.537	0.000	0.000	0.000	0.000	0.000	-16.005	0.839	0.956	
EIF4A2	ALDH3A2	ALDH3A2	0.448|0.327|0.595	1.369	0.456	3	0.516|0.514|0.518	0.000	0.000	0.000	0.000	0.000	-16.005	0.884	0.915	
EIF4A2	HSD17B4	HSD17B4	0.771|0.853|0.872	2.496	0.832	3	1.056|1.088|1.176	0.000	0.000	0.000	0.000	0.000	-16.005	0.752	0.957	
EIF4A2	PSMD7	PSMD7	1.261|1.292|1.592	4.145	1.382	3	1.575|1.700|1.670	0.000	0.000	0.000	0.000	0.000	-16.005	0.839	0.948	
EIF4A2	VAMP7	VAMP7	0.403|.|.	1.200	0.400	3	0.246|0.324|0.316	0.000	0.000	0.000	0.000	0.000	-12.965	1.363	0.914	
EIF4A2	HDGF	HDGF	0.400|0.340|.	1.138	0.379	3	.|0.369|0.477	0.000	0.000	0.000	0.000	0.000	-16.005	0.904	0.966	
EIF4A2	UBE2E1;UBE2E2;UBE2E3	UBE2E1;UBE2E2;UBE2E3	1.133|1.289|1.313	3.735	1.245	3	1.459|1.494|1.402	0.000	0.000	0.000	0.000	0.000	-16.005	0.858	0.957	
EIF4A2	HNRNPA3	HNRNPA3	1.406|1.435|1.442	4.284	1.428	3	0.843|0.837|0.963	0.029	0.029	0.029	0.029	0.029	-3.505	1.624	0.554	
EIF4A2	PGD	PGD	0.478|0.234|0.742	1.454	0.485	3	0.784|0.726|0.819	0.000	0.000	0.000	0.000	0.000	-16.005	0.625	0.957	
EIF4A2	HNRNPM	HNRNPM	4.400|4.708|5.054	14.162	4.721	3	4.753|4.194|4.570	0.000	0.000	0.000	0.000	0.000	-16.005	1.049	0.923	
EIF4A2	KPNA2	KPNA2	1.468|1.554|1.648	4.670	1.557	3	2.017|2.058|1.975	0.000	0.000	0.000	0.000	0.000	-16.005	0.772	0.948	
EIF4A2	POLR2H	POLR2H	0.431|0.312|0.331	1.074	0.358	3	0.244|0.252|0.373	0.000	0.000	0.000	0.000	0.000	-15.891	1.258	0.921	
EIF4A2	HNRNPF	HNRNPF	1.679|1.961|1.906	5.546	1.849	3	1.875|1.777|1.996	0.000	0.000	0.000	0.000	0.000	-16.005	0.983	0.942	
EIF4A2	MSH6	MSH6	0.421|0.458|0.279	1.158	0.386	3	1.108|0.615|0.449	0.000	0.000	0.000	0.000	0.000	-16.005	0.573	0.931	
EIF4A2	KIF11	KIF11	2.601|2.515|2.811	7.927	2.642	3	2.850|2.867|2.810	0.000	0.000	0.000	0.000	0.000	-16.005	0.930	0.962	
EIF4A2	CAPZA1	CAPZA1	0.967|1.024|1.143	3.134	1.045	3	1.162|1.390|1.316	0.000	0.000	0.000	0.000	0.000	-16.005	0.813	0.962	
EIF4A2	NUP98	NUP98	0.383|0.188|0.238	0.809	0.270	3	1.276|0.450|0.288	0.000	0.001	0.000	0.001	0.000	-11.278	0.491	0.860	
EIF4A2	ACLY	ACLY	4.001|3.818|4.213	12.031	4.010	3	5.201|4.479|4.594	0.000	0.000	0.000	0.000	0.000	-16.005	0.845	0.962	
EIF4A2	COPB1	COPB1	2.652|2.718|3.148	8.518	2.839	3	3.723|3.755|3.707	0.000	0.000	0.000	0.000	0.000	-16.005	0.762	0.962	
EIF4A2	COPA	COPA	2.828|2.629|2.666	8.123	2.708	3	3.190|3.065|3.009	0.000	0.000	0.000	0.000	0.000	-16.005	0.877	0.962	
EIF4A2	AP2S1	AP2S1	1.179|1.067|1.180	3.426	1.142	3	1.369|1.602|1.458	0.000	0.000	0.000	0.000	0.000	-16.005	0.775	0.953	
EIF4A2	POLR2K	POLR2K	1.464|.|.	2.261	0.754	3	.|.|2.000	0.000	0.000	0.000	0.000	0.000	-16.005	0.377	0.971	
EIF4A2	SLC16A1	SLC16A1	1.222|1.025|1.226	3.474	1.158	3	1.246|1.266|1.240	0.000	0.000	0.000	0.000	0.000	-16.005	0.926	0.957	
EIF4A2	SUB1	SUB1	32.380|33.452|34.871	100.702	33.567	3	37.457|36.744|38.990	0.000	0.000	0.000	0.000	0.000	-16.005	0.890	0.962	
EIF4A2	CLNS1A	CLNS1A	9.367|9.702|10.857	29.926	9.975	3	11.409|11.107|11.767	0.000	0.000	0.000	0.000	0.000	-16.005	0.873	0.962	
EIF4A2	RARS1	RARS1	0.476|0.727|0.701	1.904	0.635	3	0.865|0.957|0.869	0.000	0.000	0.000	0.000	0.000	-16.005	0.708	0.957	
EIF4A2	YARS1	YARS1	0.680|0.724|0.774	2.178	0.726	3	0.861|0.927|0.944	0.000	0.000	0.000	0.000	0.000	-16.005	0.798	0.957	
EIF4A2	BCAT1	BCAT1	0.625|.|.	1.421	0.474	3	0.271|.|0.440	0.010	0.029	0.010	0.029	0.010	-15.186	1.373	0.812	
EIF4A2	ATP1B3	ATP1B3	0.652|0.933|0.941	2.527	0.842	3	1.030|0.884|0.940	0.000	0.000	0.000	0.000	0.000	-16.005	0.887	0.961	
EIF4A2	ALDH18A1	ALDH18A1	0.743|0.892|0.825	2.460	0.820	3	0.987|0.917|1.154	0.000	0.000	0.000	0.000	0.000	-16.005	0.808	0.951	
EIF4A2	NAPA	NAPA	0.345|.|.	1.141	0.380	3	0.415|0.304|0.346	0.000	0.000	0.000	0.000	0.000	-16.005	1.081	0.969	
EIF4A2	EIF5	EIF5	0.667|0.646|0.992	2.306	0.769	3	0.806|0.753|0.845	0.000	0.000	0.000	0.000	0.000	-16.005	0.960	0.874	
EIF4A2	SLC12A2	SLC12A2	0.546|.|.	1.342	0.447	3	.|.|0.244	0.161	0.482	0.161	0.482	0.161	-9.513	1.836	0.338	
EIF4A2	PSMD4	PSMD4	0.618|0.639|0.687	1.943	0.648	3	0.739|1.009|0.801	0.000	0.000	0.000	0.000	0.000	-16.005	0.769	0.952	
EIF4A2	CSE1L	CSE1L	2.614|2.819|3.056	8.490	2.830	3	4.193|4.362|4.405	0.000	0.000	0.000	0.000	0.000	-16.005	0.655	0.962	
EIF4A2	VCP	VCP	5.917|6.685|6.768	19.370	6.457	3	8.353|8.441|8.604	0.000	0.000	0.000	0.000	0.000	-16.005	0.763	0.962	
EIF4A2	MFAP1	MFAP1	1.074|1.777|2.534	5.385	1.795	3	1.766|2.784|2.531	0.000	0.000	0.000	0.000	0.000	-16.005	0.775	0.945	
EIF4A2	HADHB	HADHB	0.970|0.983|1.056	3.008	1.003	3	1.030|1.132|1.327	0.000	0.000	0.000	0.000	0.000	-16.005	0.867	0.961	
EIF4A2	MANF	MANF	0.793|1.317|1.001	3.111	1.037	3	1.255|1.386|1.402	0.000	0.000	0.000	0.000	0.000	-16.005	0.770	0.957	
EIF4A2	AFDN	AFDN	0.233|.|.	1.030	0.343	3	.|0.606|.	0.000	0.000	0.000	0.000	0.000	-16.005	0.567	0.970	
EIF4A2	NAP1L1	NAP1L1	1.628|2.106|1.918	5.652	1.884	3	2.381|2.328|2.004	0.000	0.000	0.000	0.000	0.000	-16.005	0.844	0.962	
EIF4A2	SEC13	SEC13	0.622|0.752|0.729	2.102	0.701	3	0.846|0.834|0.678	0.000	0.000	0.000	0.000	0.000	-16.005	0.896	0.953	
EIF4A2	SUMO2;SUMO3;SUMO4	SUMO2;SUMO3;SUMO4	0.577|0.516|0.656	1.749	0.583	3	0.535|0.508|0.558	0.000	0.000	0.000	0.000	0.000	-16.005	1.093	0.879	
EIF4A2	EIF3B	EIF3B	6.135|6.557|6.845	19.537	6.512	3	1.978|2.002|1.856	0.842	0.998	0.842	0.998	0.842	0.157	3.349	0.003	
EIF4A2	RRP1	RRP1	0.246|.|0.311	0.955	0.318	3	0.278|0.202|0.124	0.001	0.002	0.001	0.002	0.001	-9.035	1.669	0.843	
EIF4A2	MARS1	MARS1	0.742|0.730|0.731	2.203	0.734	3	0.719|0.882|0.946	0.000	0.000	0.000	0.000	0.000	-16.005	0.871	0.955	
EIF4A2	MAZ	MAZ	1.061|1.139|1.165	3.365	1.122	3	1.330|1.506|1.401	0.000	0.000	0.000	0.000	0.000	-16.005	0.795	0.957	
EIF4A2	ATP5ME	ATP5ME	0.671|0.591|0.606	1.868	0.623	3	0.513|.|0.491	0.000	0.000	0.000	0.000	0.000	-14.384	1.241	0.896	
EIF4A2	NDUFA6	NDUFA6	0.661|0.617|0.756	2.034	0.678	3	0.472|0.563|0.619	0.000	0.000	0.000	0.000	0.000	-15.442	1.238	0.905	
EIF4A2	TMEM33	TMEM33	1.673|1.571|1.635	4.879	1.626	3	1.376|1.368|1.554	0.000	0.000	0.000	0.000	0.000	-14.712	1.137	0.908	
EIF4A2	NUP107	NUP107	0.760|0.737|0.839	2.335	0.778	3	1.014|1.135|1.090	0.000	0.000	0.000	0.000	0.000	-16.005	0.722	0.957	
EIF4A2	EPPK1	EPPK1	4.744|4.524|5.234	14.502	4.834	3	6.915|7.216|7.260	0.000	0.000	0.000	0.000	0.000	-16.005	0.678	0.962	
EIF4A2	YBEY	YBEY	0.735|0.916|0.924	2.576	0.859	3	1.023|1.218|1.033	0.000	0.000	0.000	0.000	0.000	-16.005	0.789	0.951	
EIF4A2	RAB15	RAB15	1.802|1.693|1.869	5.364	1.788	3	1.828|1.882|1.996	0.000	0.000	0.000	0.000	0.000	-16.005	0.941	0.962	
EIF4A2	ARPC4	ARPC4	0.659|0.579|0.686	1.924	0.641	3	0.798|1.030|0.952	0.000	0.000	0.000	0.000	0.000	-16.005	0.696	0.952	
EIF4A2	EIF3E	EIF3E	8.603|9.157|8.737	26.497	8.832	3	2.135|2.474|2.423	1.000	1.000	1.000	1.000	1.000	8.163	3.776	0.000	
EIF4A2	SEC61B	SEC61B	0.600|0.675|0.718	1.992	0.664	3	0.706|0.811|0.774	0.000	0.000	0.000	0.000	0.000	-16.005	0.871	0.961	
EIF4A2	PPP4C	PPP4C	0.492|.|0.591	1.480	0.493	3	0.613|0.630|0.783	0.000	0.000	0.000	0.000	0.000	-16.005	0.735	0.966	
EIF4A2	MYL6	MYL6	4.670|4.522|5.226	14.418	4.806	3	5.371|5.475|5.756	0.000	0.000	0.000	0.000	0.000	-16.005	0.869	0.948	
EIF4A2	EIF4A1	EIF4A1	0.977|9.885|2.140	13.003	4.334	3	1.166|1.029|1.137	0.343	1.000	0.343	1.000	0.343	-16.005	3.909	0.120	
EIF4A2	RPS20	RPS20	5.657|5.444|6.489	17.589	5.863	3	6.884|7.097|7.058	0.000	0.000	0.000	0.000	0.000	-16.005	0.836	0.948	
EIF4A2	PSMA6	PSMA6	1.724|1.846|2.023	5.593	1.864	3	2.602|2.615|2.457	0.000	0.000	0.000	0.000	0.000	-16.005	0.729	0.962	
EIF4A2	RAB8A	RAB8A	0.222|0.291|.	0.911	0.304	3	.|0.813|0.549	0.000	0.000	0.000	0.000	0.000	-16.005	0.455	0.968	
EIF4A2	SRP54	SRP54	0.542|0.597|0.625	1.764	0.588	3	0.742|0.775|0.815	0.000	0.000	0.000	0.000	0.000	-16.005	0.757	0.957	
EIF4A2	RAB2A	RAB2A	0.533|0.563|0.352	1.449	0.483	3	0.435|.|0.470	0.000	0.000	0.000	0.000	0.000	-16.005	1.068	0.918	
EIF4A2	RAB10	RAB10	0.713|0.767|0.827	2.307	0.769	3	0.827|0.710|0.579	0.000	0.000	0.000	0.000	0.000	-15.995	1.102	0.937	
EIF4A2	UBE2M	UBE2M	0.582|0.741|0.632	1.955	0.652	3	0.758|0.784|0.767	0.000	0.000	0.000	0.000	0.000	-16.005	0.846	0.957	
EIF4A2	UBE2N	UBE2N	0.713|0.781|0.865	2.359	0.786	3	0.788|0.934|0.853	0.000	0.000	0.000	0.000	0.000	-16.005	0.919	0.947	
EIF4A2	RAB14	RAB14	0.396|.|.	1.192	0.397	3	0.490|0.409|.	0.000	0.000	0.000	0.000	0.000	-16.005	0.888	0.970	
EIF4A2	ACTR3	ACTR3	0.457|0.265|0.418	1.140	0.380	3	0.673|0.587|0.596	0.000	0.000	0.000	0.000	0.000	-16.005	0.615	0.955	
EIF4A2	ACTR2	ACTR2	1.226|0.664|1.164	3.053	1.018	3	0.902|0.919|1.207	0.000	0.000	0.000	0.000	0.000	-16.005	1.017	0.930	
EIF4A2	ACTR1A	ACTR1A	1.822|1.534|1.803	5.160	1.720	3	1.973|1.935|2.170	0.000	0.000	0.000	0.000	0.000	-16.005	0.850	0.962	
EIF4A2	COPS2	COPS2	0.797|0.808|0.890	2.495	0.832	3	1.396|1.353|1.372	0.000	0.000	0.000	0.000	0.000	-16.005	0.606	0.957	
EIF4A2	ARF1;ARF3	ARF1;ARF3	1.849|1.853|2.081	5.783	1.928	3	1.992|1.976|2.183	0.000	0.000	0.000	0.000	0.000	-16.005	0.941	0.946	
EIF4A2	ABCE1	ABCE1	0.920|0.857|0.848	2.625	0.875	3	0.958|1.027|0.921	0.000	0.000	0.000	0.000	0.000	-16.005	0.904	0.957	
EIF4A2	RAP1B	RAP1B	0.282|0.328|0.359	0.969	0.323	3	0.260|.|0.383	0.000	0.000	0.000	0.000	0.000	-16.005	1.025	0.938	
EIF4A2	RPS3A	RPS3A	2.561|2.789|2.167	7.517	2.506	3	2.504|2.467|2.387	0.000	0.000	0.000	0.000	0.000	-16.005	1.022	0.919	
EIF4A2	RPL26	RPL26	2.570|2.583|2.819	7.972	2.657	3	2.353|2.431|2.357	0.000	0.000	0.000	0.000	0.000	-15.078	1.117	0.902	
EIF4A2	PSME3	PSME3	0.757|0.769|0.954	2.479	0.826	3	2.347|2.433|2.204	0.000	0.000	0.000	0.000	0.000	-16.005	0.355	0.957	
EIF4A2	RPL15	RPL15	0.480|0.748|0.723	1.952	0.651	3	0.513|0.732|0.692	0.000	0.000	0.000	0.000	0.000	-16.005	1.020	0.937	
EIF4A2	RPL27	RPL27	1.401|1.481|1.482	4.365	1.455	3	1.269|1.254|1.166	0.000	0.000	0.000	0.000	0.000	-13.299	1.184	0.885	
EIF4A2	RPL37A	RPL37A	0.406|0.489|0.574	1.469	0.490	3	0.369|0.383|0.421	0.010	0.029	0.010	0.029	0.010	-15.758	1.255	0.766	
EIF4A2	SEC61A1	SEC61A1	1.444|1.594|1.750	4.789	1.596	3	1.586|1.801|1.839	0.000	0.000	0.000	0.000	0.000	-16.005	0.918	0.947	
EIF4A2	COPZ1	COPZ1	1.909|1.970|1.992	5.871	1.957	3	2.474|2.330|2.282	0.000	0.000	0.000	0.000	0.000	-16.005	0.829	0.962	
EIF4A2	RPL37	RPL37	0.483|0.419|0.499	1.401	0.467	3	.|0.249|0.314	0.002	0.004	0.002	0.004	0.002	-10.857	1.672	0.833	
EIF4A2	DCAF7	DCAF7	0.466|0.375|0.554	1.395	0.465	3	0.900|0.800|0.753	0.000	0.000	0.000	0.000	0.000	-16.005	0.570	0.956	
EIF4A2	HNRNPK	HNRNPK	4.078|4.995|4.803	13.876	4.625	3	5.546|5.313|5.136	0.000	0.000	0.000	0.000	0.000	-16.005	0.868	0.962	
EIF4A2	YWHAG	YWHAG	0.367|.|0.340	1.105	0.368	3	0.531|0.468|0.511	0.000	0.000	0.000	0.000	0.000	-16.005	0.733	0.967	
EIF4A2	RPS7	RPS7	5.469|5.810|5.910	17.189	5.730	3	5.994|5.698|6.041	0.000	0.000	0.000	0.000	0.000	-16.005	0.970	0.948	
EIF4A2	PPP1CA	PPP1CA	0.734|0.613|0.601	1.948	0.649	3	0.723|0.646|0.720	0.000	0.000	0.000	0.000	0.000	-16.005	0.934	0.940	
EIF4A2	PPP1CB	PPP1CB	0.517|0.463|0.612	1.591	0.530	3	0.540|0.455|0.782	0.000	0.000	0.000	0.000	0.000	-16.005	0.919	0.946	
EIF4A2	PSMC1	PSMC1	1.404|1.408|1.464	4.276	1.425	3	2.213|2.069|2.256	0.000	0.000	0.000	0.000	0.000	-16.005	0.654	0.962	
EIF4A2	PSMC5	PSMC5	2.022|2.505|2.043	6.569	2.190	3	2.762|3.061|2.766	0.000	0.000	0.000	0.000	0.000	-16.005	0.766	0.962	
EIF4A2	RPS8	RPS8	1.650|1.514|1.509	4.674	1.558	3	1.406|1.437|1.346	0.000	0.000	0.000	0.000	0.000	-15.046	1.116	0.903	
EIF4A2	RPS15A	RPS15A	5.365|5.252|5.733	16.350	5.450	3	4.939|4.864|5.018	0.000	0.000	0.000	0.000	0.000	-15.413	1.103	0.911	
EIF4A2	RPS16	RPS16	12.608|14.813|15.805	43.226	14.409	3	14.862|15.080|15.000	0.000	0.000	0.000	0.000	0.000	-16.005	0.962	0.940	
EIF4A2	YWHAE	YWHAE	2.816|3.337|3.163	9.317	3.106	3	3.396|3.390|3.325	0.000	0.000	0.000	0.000	0.000	-16.005	0.921	0.962	
EIF4A2	RPS14	RPS14	4.949|5.279|5.594	15.822	5.274	3	6.077|6.077|6.028	0.000	0.000	0.000	0.000	0.000	-16.005	0.870	0.948	
EIF4A2	RPS23	RPS23	4.847|4.859|5.005	14.711	4.904	3	4.212|3.920|4.054	0.000	0.000	0.000	0.000	0.000	-11.073	1.208	0.875	
EIF4A2	RPS18	RPS18	19.790|20.553|22.352	62.695	20.898	3	20.497|20.814|21.565	0.000	0.000	0.000	0.000	0.000	-16.005	0.997	0.938	
EIF4A2	RPS29	RPS29	14.899|15.071|15.025	44.996	14.999	3	16.036|16.441|16.672	0.000	0.000	0.000	0.000	0.000	-16.005	0.916	0.962	
EIF4A2	RPS13	RPS13	5.229|5.418|5.873	16.520	5.507	3	4.853|5.101|4.838	0.000	0.000	0.000	0.000	0.000	-15.456	1.117	0.899	
EIF4A2	RPS11	RPS11	4.870|5.034|5.278	15.182	5.061	3	4.398|4.839|4.629	0.000	0.000	0.000	0.000	0.000	-15.562	1.096	0.917	
EIF4A2	SNRPE	SNRPE	1.336|1.752|1.509	4.597	1.532	3	1.711|1.651|1.780	0.000	0.000	0.000	0.000	0.000	-16.005	0.894	0.945	
EIF4A2	LSM3	LSM3	0.892|0.968|0.894	2.754	0.918	3	0.985|0.957|1.079	0.000	0.000	0.000	0.000	0.000	-16.005	0.913	0.957	
EIF4A2	SNRPD1	SNRPD1	1.083|1.116|1.271	3.471	1.157	3	1.631|1.677|1.844	0.000	0.000	0.000	0.000	0.000	-16.005	0.675	0.962	
EIF4A2	SNRPD2	SNRPD2	1.248|1.406|1.358	4.012	1.337	3	1.968|1.929|1.962	0.000	0.000	0.000	0.000	0.000	-16.005	0.685	0.962	
EIF4A2	SNRPD3	SNRPD3	20.961|25.323|24.220	70.504	23.501	3	25.336|25.436|25.092	0.000	0.000	0.000	0.000	0.000	-16.005	0.929	0.948	
EIF4A2	ARF6	ARF6	0.269|0.428|0.282	0.979	0.326	3	0.791|0.704|0.463	0.000	0.000	0.000	0.000	0.000	-16.005	0.513	0.953	
EIF4A2	PSMC6	PSMC6	1.110|1.361|0.802	3.273	1.091	3	0.940|1.725|1.833	0.000	0.000	0.000	0.000	0.000	-16.005	0.759	0.934	
EIF4A2	RPL7A	RPL7A	1.208|0.838|1.014	3.060	1.020	3	0.845|0.771|0.840	0.010	0.029	0.010	0.029	0.010	-15.910	1.247	0.770	
EIF4A2	POLR2G	POLR2G	0.305|.|0.355	1.058	0.353	3	0.495|0.366|0.535	0.000	0.000	0.000	0.000	0.000	-16.005	0.767	0.967	
EIF4A2	ETF1	ETF1	0.635|0.395|0.502	1.532	0.511	3	0.623|0.579|0.635	0.000	0.000	0.000	0.000	0.000	-16.005	0.834	0.943	
EIF4A2	RPS4X	RPS4X	6.359|7.439|6.771	20.569	6.856	3	6.486|6.893|7.121	0.000	0.000	0.000	0.000	0.000	-16.005	1.004	0.933	
EIF4A2	PPP2CA;PPP2CB	PPP2CA;PPP2CB	1.176|1.184|1.235	3.595	1.198	3	1.476|1.494|1.618	0.000	0.000	0.000	0.000	0.000	-16.005	0.784	0.957	
EIF4A2	RPL23A	RPL23A	3.299|3.423|3.859	10.581	3.527	3	3.396|3.700|3.606	0.000	0.000	0.000	0.000	0.000	-16.005	0.989	0.935	
EIF4A2	RPS6	RPS6	2.764|3.084|3.324	9.171	3.057	3	2.612|2.832|2.955	0.000	0.000	0.000	0.000	0.000	-16.005	1.093	0.900	
EIF4A2	H4C1	H4C1	2.899|2.604|2.995	8.498	2.833	3	4.302|4.298|3.849	0.000	0.000	0.000	0.000	0.000	-16.005	0.684	0.962	
EIF4A2	RAN	RAN	3.140|3.045|3.231	9.415	3.138	3	2.875|3.017|3.149	0.000	0.000	0.000	0.000	0.000	-15.986	1.042	0.935	
EIF4A2	RPL23	RPL23	13.568|14.418|15.007	42.993	14.331	3	16.696|15.650|16.264	0.000	0.000	0.000	0.000	0.000	-16.005	0.885	0.962	
EIF4A2	RAP1A	RAP1A	1.033|1.065|1.110	3.208	1.069	3	1.179|1.184|1.197	0.000	0.000	0.000	0.000	0.000	-16.005	0.901	0.957	
EIF4A2	RPS15	RPS15	2.035|2.231|1.863	6.129	2.043	3	2.008|2.358|2.369	0.000	0.000	0.000	0.000	0.000	-16.005	0.913	0.962	
EIF4A2	RPS24	RPS24	4.955|4.317|4.581	13.854	4.618	3	4.332|4.380|4.286	0.000	0.000	0.000	0.000	0.000	-16.005	1.066	0.917	
EIF4A2	RPS25	RPS25	61.589|62.141|71.067	194.797	64.932	3	51.423|68.179|67.270	0.000	0.000	0.000	0.000	0.000	-16.005	1.051	0.938	
EIF4A2	RPS26	RPS26	4.629|4.723|4.976	14.327	4.776	3	5.165|5.331|5.477	0.000	0.000	0.000	0.000	0.000	-16.005	0.897	0.948	
EIF4A2	RPS28	RPS28	8.815|10.256|10.492	29.564	9.855	3	13.163|12.783|12.402	0.000	0.000	0.000	0.000	0.000	-16.005	0.771	0.962	
EIF4A2	FAU	FAU	37.772|38.875|40.058	116.705	38.902	3	40.347|40.121|39.634	0.000	0.000	0.000	0.000	0.000	-16.005	0.972	0.948	
EIF4A2	POLR2L	POLR2L	0.956|0.942|1.013	2.912	0.971	3	1.232|1.161|1.195	0.000	0.000	0.000	0.000	0.000	-16.005	0.812	0.957	
EIF4A2	GNB1;GNB2	GNB1;GNB2	0.862|0.993|1.014	2.869	0.956	3	1.185|1.305|1.285	0.000	0.000	0.000	0.000	0.000	-16.005	0.761	0.957	
EIF4A2	RPL30	RPL30	0.538|0.494|0.702	1.734	0.578	3	0.411|0.537|0.479	0.000	0.000	0.000	0.000	0.000	-15.923	1.223	0.881	
EIF4A2	RPL39;RPL39P5	RPL39;RPL39P5	3.306|3.228|3.330	9.864	3.288	3	3.119|2.737|2.604	0.000	0.000	0.000	0.000	0.000	-14.358	1.169	0.914	
EIF4A2	RPL31	RPL31	3.307|3.745|3.751	10.803	3.601	3	3.324|3.840|3.838	0.000	0.000	0.000	0.000	0.000	-16.005	0.984	0.944	
EIF4A2	RPL32	RPL32	0.819|0.405|0.935	2.158	0.719	3	.|.|.	0.019	0.029	0.019	0.029	0.019	-15.966	1.807	0.708	
EIF4A2	RPL11	RPL11	4.155|3.963|4.638	12.756	4.252	3	4.420|4.785|4.519	0.000	0.000	0.000	0.000	0.000	-16.005	0.930	0.946	
EIF4A2	RPL8	RPL8	1.015|1.224|1.162	3.401	1.134	3	0.964|1.004|1.178	0.000	0.000	0.000	0.000	0.000	-16.005	1.085	0.927	
EIF4A2	PPIA	PPIA	2.693|2.850|3.178	8.721	2.907	3	3.233|3.373|3.156	0.000	0.000	0.000	0.000	0.000	-16.005	0.894	0.948	
EIF4A2	RPS27A;UBA52;UBB;UBC	RPS27A;UBA52;UBB;UBC	0.568|0.587|0.711	1.866	0.622	3	1.055|0.959|0.877	0.000	0.000	0.000	0.000	0.000	-16.005	0.647	0.952	
EIF4A2	TRA2B	TRA2B	0.696|0.818|0.846	2.360	0.787	3	0.951|0.702|0.958	0.000	0.000	0.000	0.000	0.000	-16.005	0.913	0.957	
EIF4A2	RAC1	RAC1	1.013|1.146|1.306	3.464	1.155	3	.|1.219|1.166	0.000	0.000	0.000	0.000	0.000	-16.005	0.969	0.931	
EIF4A2	AP2B1	AP2B1	0.711|0.641|0.663	2.014	0.671	3	0.831|0.960|0.898	0.000	0.000	0.000	0.000	0.000	-16.005	0.750	0.957	
EIF4A2	GNAS	GNAS	1.598|0.432|1.475	3.505	1.168	3	0.592|1.878|1.780	0.002	0.003	0.002	0.003	0.002	-14.125	0.931	0.833	
EIF4A2	PPP2R2A	PPP2R2A	0.597|0.639|0.743	1.979	0.660	3	0.932|0.998|1.022	0.000	0.000	0.000	0.000	0.000	-16.005	0.671	0.957	
EIF4A2	RPL38	RPL38	33.755|32.451|37.916	104.122	34.707	3	34.209|41.670|34.315	0.000	0.000	0.000	0.000	0.000	-16.005	0.949	0.945	
EIF4A2	SKP1	SKP1	2.115|1.701|1.928	5.744	1.915	3	3.242|3.314|3.171	0.000	0.000	0.000	0.000	0.000	-16.005	0.591	0.962	
EIF4A2	RPS21	RPS21	0.381|0.483|0.354	1.218	0.406	3	0.451|0.509|0.474	0.000	0.000	0.000	0.000	0.000	-16.005	0.851	0.947	
EIF4A2	EIF5A	EIF5A	2.770|2.621|2.495	7.886	2.629	3	2.713|2.792|2.713	0.000	0.000	0.000	0.000	0.000	-16.005	0.960	0.947	
EIF4A2	RACK1	RACK1	1.055|0.891|1.105	3.052	1.017	3	1.119|1.827|0.928	0.000	0.000	0.000	0.000	0.000	-16.005	0.822	0.961	
EIF4A2	UBE2I	UBE2I	0.882|0.922|0.693	2.498	0.833	3	0.561|0.675|0.682	0.000	0.001	0.000	0.001	0.000	-15.551	1.307	0.859	
EIF4A2	YBX1	YBX1	1.178|1.058|1.285	3.521	1.174	3	0.680|0.756|0.754	0.029	0.029	0.029	0.029	0.029	-3.505	1.610	0.554	
EIF4A2	CSNK2B	CSNK2B	1.635|1.786|1.814	5.235	1.745	3	1.666|1.878|1.741	0.000	0.000	0.000	0.000	0.000	-16.005	0.992	0.944	
EIF4A2	TPM4	TPM4	3.174|3.438|3.499	10.111	3.370	3	3.907|3.619|3.733	0.000	0.000	0.000	0.000	0.000	-16.005	0.899	0.962	
EIF4A2	UBE2L3	UBE2L3	0.745|0.354|0.635	1.735	0.578	3	0.873|0.926|1.037	0.000	0.000	0.000	0.000	0.000	-16.005	0.613	0.961	
EIF4A2	TUBB4B	TUBB4B	5.569|5.996|6.610	18.176	6.059	3	8.489|8.172|8.315	0.000	0.000	0.000	0.000	0.000	-16.005	0.728	0.962	
EIF4A2	CSNK2A1	CSNK2A1	1.243|1.570|1.682	4.495	1.498	3	1.715|1.864|1.662	0.000	0.000	0.000	0.000	0.000	-16.005	0.858	0.957	
EIF4A2	PAFAH1B2	PAFAH1B2	0.331|0.388|.	1.118	0.373	3	.|.|0.367	0.000	0.000	0.000	0.000	0.000	-16.005	1.016	0.965	
EIF4A2	NOMO1;NOMO2;NOMO3	NOMO1;NOMO2;NOMO3	0.424|.|0.464	1.285	0.428	3	0.615|0.638|0.718	0.000	0.000	0.000	0.000	0.000	-16.005	0.654	0.966	
EIF4A2	NOP14	NOP14	1.062|1.142|1.258	3.462	1.154	3	0.966|0.945|0.900	0.010	0.029	0.010	0.029	0.010	-13.504	1.232	0.774	
EIF4A2	EIF4G2	EIF4G2	26.421|26.989|27.515	80.926	26.975	3	0.382|0.361|0.289	1.000	1.000	1.000	1.000	1.000	9.754	78.943	0.000	
EIF4A2	RPP30	RPP30	0.463|0.296|0.524	1.283	0.428	3	0.596|0.694|0.712	0.000	0.000	0.000	0.000	0.000	-16.005	0.643	0.957	
EIF4A2	GTF2I	GTF2I	13.469|17.227|16.950	47.646	15.882	3	15.972|15.930|16.084	0.000	0.000	0.000	0.000	0.000	-16.005	0.993	0.933	
EIF4A2	PIP4K2B	PIP4K2B	0.596|0.533|0.403	1.533	0.511	3	0.417|0.568|0.497	0.000	0.000	0.000	0.000	0.000	-16.005	1.042	0.932	
EIF4A2	CCT2	CCT2	8.433|8.672|9.352	26.457	8.819	3	9.151|9.824|9.865	0.000	0.000	0.000	0.000	0.000	-16.005	0.918	0.962	
EIF4A2	GSTO1	GSTO1	0.566|0.337|0.567	1.470	0.490	3	0.515|0.482|0.392	0.000	0.000	0.000	0.000	0.000	-16.005	1.065	0.923	
EIF4A2	PRKDC	PRKDC	1.127|1.067|1.386	3.580	1.193	3	1.700|1.657|1.591	0.000	0.000	0.000	0.000	0.000	-16.005	0.724	0.962	
EIF4A2	DCD	DCD	0.667|0.849|0.908	2.424	0.808	3	1.051|1.116|1.191	0.000	0.000	0.000	0.000	0.000	-16.005	0.723	0.957	
EIF4A2	MRPS11	MRPS11	0.246|0.257|0.385	0.888	0.296	3	.|0.384|0.386	0.000	0.000	0.000	0.000	0.000	-16.005	0.769	0.948	
EIF4A2	MRPS34	MRPS34	0.544|0.628|0.549	1.721	0.574	3	0.566|0.479|0.620	0.000	0.000	0.000	0.000	0.000	-16.005	1.040	0.937	
EIF4A2	SARNP	SARNP	1.515|1.504|1.595	4.614	1.538	3	1.682|1.768|1.646	0.000	0.000	0.000	0.000	0.000	-16.005	0.906	0.962	
EIF4A2	COG7	COG7	0.642|0.768|0.664	2.074	0.691	3	1.237|0.810|1.034	0.000	0.000	0.000	0.000	0.000	-16.005	0.683	0.954	
EIF4A2	RPL24	RPL24	1.832|1.898|2.194	5.924	1.975	3	1.744|1.939|1.691	0.000	0.000	0.000	0.000	0.000	-15.919	1.104	0.887	
EIF4A2	RPL36A	RPL36A	1.569|1.656|2.519	5.744	1.915	3	1.847|2.317|2.401	0.000	0.000	0.000	0.000	0.000	-16.005	0.881	0.936	
EIF4A2	ARF5	ARF5	1.428|1.439|1.631	4.499	1.500	3	1.512|1.496|1.530	0.000	0.000	0.000	0.000	0.000	-16.005	0.991	0.936	
EIF4A2	ERH	ERH	1.702|1.799|1.600	5.101	1.700	3	0.952|1.055|1.205	0.015	0.029	0.015	0.029	0.015	-7.100	1.595	0.735	
EIF4A2	RPL19	RPL19	1.868|1.345|2.222	5.435	1.812	3	1.365|1.240|1.149	0.019	0.029	0.019	0.029	0.019	-15.448	1.451	0.704	
EIF4A2	SERF2	SERF2	2.535|2.565|2.571	7.670	2.557	3	3.428|3.773|3.812	0.000	0.000	0.000	0.000	0.000	-16.005	0.697	0.962	
EIF4A2	SRSF3	SRSF3	10.013|10.130|11.266	31.408	10.469	3	8.497|9.157|9.346	0.000	0.000	0.000	0.000	0.000	-14.188	1.164	0.867	
EIF4A2	H3-3A	H3-3A	1.769|1.771|1.939	5.479	1.826	3	2.639|2.634|2.844	0.000	0.000	0.000	0.000	0.000	-16.005	0.675	0.948	
EIF4A2	RBM10	RBM10	1.802|1.786|1.992	5.580	1.860	3	2.514|2.629|2.573	0.000	0.000	0.000	0.000	0.000	-16.005	0.723	0.948	
EIF4A2	RBM3	RBM3	3.805|3.871|4.200	11.876	3.959	3	5.601|5.331|5.635	0.000	0.000	0.000	0.000	0.000	-16.005	0.717	0.962	
EIF4A2	CYCS	CYCS	1.469|1.229|1.466	4.163	1.388	3	1.522|1.605|1.565	0.000	0.000	0.000	0.000	0.000	-16.005	0.888	0.957	
EIF4A2	TFAM	TFAM	0.903|0.963|1.042	2.908	0.969	3	1.100|0.810|1.157	0.000	0.000	0.000	0.000	0.000	-16.005	0.960	0.947	
EIF4A2	SLC25A3	SLC25A3	0.635|0.740|0.861	2.235	0.745	3	0.865|0.862|0.804	0.000	0.000	0.000	0.000	0.000	-16.005	0.884	0.946	
EIF4A2	GTF2B	GTF2B	0.569|0.793|0.939	2.302	0.767	3	1.092|1.172|1.029	0.000	0.000	0.000	0.000	0.000	-16.005	0.700	0.957	
EIF4A2	PURA	PURA	0.648|0.594|0.691	1.933	0.644	3	.|.|.	0.029	0.029	0.029	0.029	0.029	-3.505	1.618	0.476	
EIF4A2	CDC42EP1	CDC42EP1	0.678|0.604|0.706	1.988	0.663	3	.|0.544|0.401	0.001	0.002	0.001	0.002	0.001	-12.333	1.419	0.848	
EIF4A2	CLTC	CLTC	0.919|1.018|1.153	3.089	1.030	3	1.507|1.165|1.186	0.000	0.000	0.000	0.000	0.000	-16.005	0.806	0.952	
EIF4A2	FKBP3	FKBP3	2.765|2.584|2.780	8.128	2.709	3	3.584|3.639|3.391	0.000	0.000	0.000	0.000	0.000	-16.005	0.766	0.962	
EIF4A2	HNRNPU	HNRNPU	3.203|3.422|3.488	10.114	3.371	3	3.188|3.070|3.225	0.000	0.000	0.000	0.000	0.000	-15.976	1.067	0.927	
EIF4A2	U2AF1	U2AF1	9.625|9.179|10.144	28.948	9.649	3	10.392|10.707|11.125	0.000	0.000	0.000	0.000	0.000	-16.005	0.899	0.962	
EIF4A2	SPTBN1	SPTBN1	0.473|.|0.255	1.126	0.375	3	0.646|0.255|0.385	0.000	0.000	0.000	0.000	0.000	-15.175	0.941	0.873	
EIF4A2	SET	SET	4.672|4.915|5.089	14.677	4.892	3	2.938|2.680|2.665	0.029	0.029	0.029	0.029	0.029	-3.505	1.774	0.445	
EIF4A2	SRSF2	SRSF2	10.061|11.002|11.163	32.225	10.742	3	12.463|12.218|12.640	0.000	0.000	0.000	0.000	0.000	-16.005	0.864	0.962	
EIF4A2	AMPD2	AMPD2	0.955|0.642|0.562	2.158	0.719	3	0.769|0.713|0.799	0.000	0.000	0.000	0.000	0.000	-16.005	0.947	0.864	
EIF4A2	SLC7A5	SLC7A5	0.356|.|.	1.153	0.384	3	.|.|.	0.000	0.000	0.000	0.000	0.000	-16.005	0.965	0.970	
EIF4A2	OTUD4	OTUD4	0.339|.|0.584	1.320	0.440	3	0.594|0.655|0.680	0.000	0.000	0.000	0.000	0.000	-16.005	0.686	0.967	
EIF4A2	PFKP	PFKP	1.265|1.284|1.518	4.068	1.356	3	1.833|1.768|1.797	0.000	0.000	0.000	0.000	0.000	-16.005	0.754	0.948	
EIF4A2	EWSR1	EWSR1	18.520|18.278|19.531	56.330	18.777	3	21.562|21.710|22.341	0.000	0.000	0.000	0.000	0.000	-16.005	0.859	0.962	
EIF4A2	RPL18A	RPL18A	0.682|.|0.670	1.750	0.583	3	.|0.368|.	0.019	0.029	0.019	0.029	0.019	-15.732	1.587	0.725	
EIF4A2	FKBP4	FKBP4	0.412|0.479|0.450	1.341	0.447	3	0.719|0.791|0.762	0.000	0.000	0.000	0.000	0.000	-16.005	0.590	0.957	
EIF4A2	RPL6	RPL6	0.895|0.807|0.858	2.561	0.854	3	0.654|0.708|0.754	0.000	0.001	0.000	0.001	0.000	-13.248	1.212	0.861	
EIF4A2	AKAP12	AKAP12	0.396|0.560|0.596	1.552	0.517	3	0.738|0.639|0.801	0.000	0.000	0.000	0.000	0.000	-16.005	0.716	0.951	
EIF4A2	PTS	PTS	4.320|4.637|4.796	13.753	4.584	3	5.626|5.549|5.589	0.000	0.000	0.000	0.000	0.000	-16.005	0.820	0.962	
EIF4A2	EIF4G1	EIF4G1	30.742|31.463|32.757	94.962	31.654	3	1.714|1.664|1.689	1.000	1.000	1.000	1.000	1.000	8.864	18.745	0.000	
EIF4A2	NOTCH2	NOTCH2	0.416|0.304|0.291	1.011	0.337	3	0.404|0.458|0.393	0.000	0.000	0.000	0.000	0.000	-16.005	0.807	0.956	
EIF4A2	TLE3	TLE3	0.444|0.322|0.474	1.240	0.413	3	0.741|0.828|0.708	0.000	0.000	0.000	0.000	0.000	-16.005	0.546	0.951	
EIF4A2	GLO1	GLO1	1.197|1.275|1.321	3.793	1.264	3	1.278|1.328|1.475	0.000	0.000	0.000	0.000	0.000	-16.005	0.931	0.952	
EIF4A2	SSBP1	SSBP1	0.610|0.479|0.311	1.399	0.466	3	1.012|0.696|1.029	0.000	0.000	0.000	0.000	0.000	-16.005	0.519	0.954	
EIF4A2	CSTF1	CSTF1	0.367|.|0.374	1.139	0.380	3	0.534|0.570|0.570	0.000	0.000	0.000	0.000	0.000	-16.005	0.681	0.967	
EIF4A2	SRSF11	SRSF11	3.056|3.872|3.790	10.719	3.573	3	3.627|3.451|3.547	0.000	0.000	0.000	0.000	0.000	-16.005	1.009	0.929	
EIF4A2	EEF1A2	EEF1A2	17.153|17.411|19.042	53.605	17.868	3	22.192|23.621|22.963	0.000	0.000	0.000	0.000	0.000	-16.005	0.780	0.962	
EIF4A2	PSME1	PSME1	0.615|0.691|0.705	2.011	0.670	3	1.012|1.038|1.036	0.000	0.000	0.000	0.000	0.000	-16.005	0.652	0.957	
EIF4A2	APLP2	APLP2	0.547|0.358|.	1.303	0.434	3	0.615|0.522|0.548	0.000	0.000	0.000	0.000	0.000	-16.005	0.775	0.966	
EIF4A2	FMR1	FMR1	1.116|1.085|1.175	3.376	1.125	3	.|.|.	0.029	0.029	0.029	0.029	0.029	-3.505	2.826	0.554	
EIF4A2	PRDX1	PRDX1	3.814|3.958|4.006	11.778	3.926	3	8.645|8.669|8.020	0.000	0.000	0.000	0.000	0.000	-16.005	0.465	0.962	
EIF4A2	RPL18	RPL18	1.138|0.990|1.211	3.338	1.113	3	1.011|1.032|1.006	0.000	0.000	0.000	0.000	0.000	-16.005	1.095	0.899	
EIF4A2	C1QBP	C1QBP	6.531|8.447|9.008	23.985	7.995	3	12.319|12.591|13.487	0.000	0.000	0.000	0.000	0.000	-16.005	0.625	0.962	
EIF4A2	KHDRBS1	KHDRBS1	4.239|4.551|4.734	13.523	4.508	3	5.085|5.222|6.095	0.000	0.000	0.000	0.000	0.000	-16.005	0.827	0.954	
EIF4A2	KLC1	KLC1	0.899|1.033|0.897	2.829	0.943	3	1.168|1.289|1.177	0.000	0.000	0.000	0.000	0.000	-16.005	0.779	0.957	
EIF4A2	SRSF1	SRSF1	2.781|2.860|3.219	8.860	2.953	3	2.873|3.023|2.975	0.000	0.000	0.000	0.000	0.000	-16.005	0.999	0.933	
EIF4A2	SRSF4	SRSF4	0.692|1.171|1.265	3.128	1.043	3	1.238|0.680|1.073	0.000	0.000	0.000	0.000	0.000	-16.005	1.079	0.910	
EIF4A2	DHX9	DHX9	1.709|1.940|2.002	5.652	1.884	3	1.258|1.286|1.382	0.022	0.029	0.022	0.029	0.022	-4.745	1.441	0.681	
EIF4A2	SSRP1	SSRP1	1.422|0.756|0.861	3.039	1.013	3	1.416|1.550|1.405	0.000	0.000	0.000	0.000	0.000	-16.005	0.696	0.957	
EIF4A2	VAC14	VAC14	0.493|0.266|0.293	1.052	0.351	3	0.987|0.407|0.667	0.000	0.000	0.000	0.000	0.000	-16.005	0.544	0.924	
EIF4A2	RBBP4	RBBP4	0.764|0.863|0.883	2.510	0.837	3	0.865|0.881|0.815	0.000	0.000	0.000	0.000	0.000	-16.005	0.981	0.943	
EIF4A2	NCBP1	NCBP1	0.480|0.539|0.501	1.520	0.507	3	0.540|0.279|0.412	0.000	0.000	0.000	0.000	0.000	-12.965	1.280	0.893	
EIF4A2	AHNAK	AHNAK	0.363|0.386|0.395	1.144	0.381	3	.|.|0.341	0.000	0.000	0.000	0.000	0.000	-15.845	1.120	0.932	
EIF4A2	AP1B1	AP1B1	0.623|0.548|0.678	1.849	0.616	3	0.883|1.031|0.879	0.000	0.000	0.000	0.000	0.000	-16.005	0.664	0.956	
EIF4A2	PMPCA	PMPCA	0.321|.|.	1.117	0.372	3	0.157|0.195|0.098	0.051	0.153	0.051	0.153	0.051	-1.711	2.579	0.408	
EIF4A2	KIF1A	KIF1A	0.532|.|.	1.328	0.443	3	0.633|0.515|0.565	0.000	0.000	0.000	0.000	0.000	-16.005	0.779	0.969	
EIF4A2	WASHC5	WASHC5	0.316|0.368|0.448	1.132	0.377	3	1.271|0.470|0.645	0.000	0.000	0.000	0.000	0.000	-16.005	0.518	0.922	
EIF4A2	NUP160	NUP160	0.291|0.497|0.530	1.318	0.439	3	0.560|0.331|0.550	0.000	0.000	0.000	0.000	0.000	-16.005	0.941	0.944	
EIF4A2	CDC20	CDC20	0.584|0.469|0.688	1.742	0.581	3	0.689|0.907|0.679	0.000	0.000	0.000	0.000	0.000	-16.005	0.773	0.953	
EIF4A2	SFSWAP	SFSWAP	0.737|0.796|0.796	2.330	0.777	3	0.996|1.056|0.828	0.000	0.000	0.000	0.000	0.000	-16.005	0.813	0.953	
EIF4A2	SF3A3	SF3A3	0.920|0.947|0.885	2.753	0.918	3	1.290|1.249|1.117	0.000	0.000	0.000	0.000	0.000	-16.005	0.754	0.954	
EIF4A2	AIMP1	AIMP1	0.829|0.451|0.645	1.924	0.641	3	0.658|0.650|0.711	0.000	0.000	0.000	0.000	0.000	-16.005	0.954	0.878	
EIF4A2	ILF2	ILF2	1.559|1.556|1.808	4.923	1.641	3	1.365|1.365|1.186	0.007	0.022	0.007	0.022	0.007	-12.418	1.260	0.817	
EIF4A2	ILF3	ILF3	1.215|1.202|1.380	3.796	1.265	3	1.062|1.130|1.038	0.001	0.002	0.001	0.002	0.001	-14.086	1.176	0.848	
EIF4A2	TRAP1	TRAP1	0.632|0.591|0.630	1.853	0.618	3	0.834|0.773|0.774	0.000	0.000	0.000	0.000	0.000	-16.005	0.779	0.957	
EIF4A2	TRAF2	TRAF2	0.556|0.499|0.578	1.634	0.545	3	0.541|0.416|0.543	0.000	0.000	0.000	0.000	0.000	-16.003	1.097	0.935	
EIF4A2	ECH1	ECH1	0.726|0.640|0.664	2.030	0.677	3	0.709|0.742|0.803	0.000	0.000	0.000	0.000	0.000	-16.005	0.902	0.957	
EIF4A2	MLLT11	MLLT11	0.564|0.603|0.620	1.787	0.596	3	.|0.501|0.516	0.000	0.000	0.000	0.000	0.000	-15.336	1.172	0.917	
EIF4A2	STRN3	STRN3	0.513|0.454|0.569	1.537	0.512	3	0.552|0.648|0.539	0.000	0.000	0.000	0.000	0.000	-16.005	0.887	0.957	
EIF4A2	CDC16	CDC16	0.375|.|.	1.172	0.391	3	0.396|0.514|.	0.000	0.000	0.000	0.000	0.000	-16.005	0.866	0.970	
EIF4A2	FLII	FLII	0.567|0.690|0.691	1.947	0.649	3	0.843|0.970|0.876	0.000	0.000	0.000	0.000	0.000	-16.005	0.725	0.953	
EIF4A2	ACACA	ACACA	0.874|0.757|0.795	2.425	0.808	3	1.132|1.069|1.009	0.000	0.000	0.000	0.000	0.000	-16.005	0.756	0.957	
EIF4A2	GPS1	GPS1	1.204|0.956|1.204	3.364	1.121	3	1.271|1.341|1.358	0.000	0.000	0.000	0.000	0.000	-16.005	0.848	0.957	
EIF4A2	IK	IK	0.303|0.314|.	1.016	0.339	3	0.599|.|.	0.000	0.000	0.000	0.000	0.000	-16.005	0.565	0.967	
EIF4A2	EIF2B5	EIF2B5	0.857|0.765|0.733	2.355	0.785	3	0.854|1.058|1.110	0.000	0.000	0.000	0.000	0.000	-16.005	0.784	0.956	
EIF4A2	TARDBP	TARDBP	0.455|0.526|0.565	1.547	0.516	3	0.464|0.494|0.443	0.000	0.000	0.000	0.000	0.000	-16.005	1.105	0.890	
EIF4A2	HNRNPA0	HNRNPA0	3.676|3.666|4.143	11.485	3.828	3	3.332|3.232|3.128	0.001	0.002	0.001	0.002	0.001	-13.480	1.185	0.847	
EIF4A2	AIMP2	AIMP2	0.469|0.494|0.844	1.807	0.602	3	0.375|0.466|0.543	0.000	0.000	0.000	0.000	0.000	-15.988	1.320	0.864	
EIF4A2	PSMD2	PSMD2	1.671|1.539|1.720	4.930	1.643	3	2.084|2.173|2.120	0.000	0.000	0.000	0.000	0.000	-16.005	0.773	0.948	
EIF4A2	SRSF9	SRSF9	0.411|0.635|0.446	1.493	0.498	3	0.391|0.510|0.273	0.000	0.001	0.000	0.001	0.000	-15.956	1.313	0.859	
EIF4A2	SRSF5	SRSF5	0.863|0.761|0.797	2.421	0.807	3	0.870|0.714|0.825	0.000	0.000	0.000	0.000	0.000	-16.005	1.008	0.941	
EIF4A2	SRSF6	SRSF6	3.408|3.529|4.259	11.196	3.732	3	3.806|3.816|3.754	0.000	0.000	0.000	0.000	0.000	-16.005	0.984	0.924	
EIF4A2	MAD2L1	MAD2L1	0.745|0.839|0.727	2.311	0.770	3	1.100|1.082|0.961	0.000	0.000	0.000	0.000	0.000	-16.005	0.737	0.951	
EIF4A2	TRIM28	TRIM28	3.044|3.006|3.066	9.117	3.039	3	3.821|3.979|4.380	0.000	0.000	0.000	0.000	0.000	-16.005	0.750	0.952	
EIF4A2	G3BP1	G3BP1	3.608|3.926|4.775	12.309	4.103	3	4.055|3.938|4.087	0.000	0.000	0.000	0.000	0.000	-16.005	1.019	0.902	
EIF4A2	PABPC4	PABPC4	4.192|4.352|4.752	13.297	4.432	3	0.788|0.815|0.808	1.000	1.000	1.000	1.000	1.000	8.863	5.516	0.000	
EIF4A2	MTA1	MTA1	0.566|0.398|0.367	1.331	0.444	3	0.117|0.461|0.487	0.013	0.025	0.013	0.025	0.013	-5.050	1.491	0.741	
EIF4A2	EIF3I	EIF3I	6.542|6.278|7.168	19.988	6.663	3	3.904|3.953|3.968	0.029	0.029	0.029	0.029	0.029	-3.505	1.690	0.644	
EIF4A2	UBE2V1;UBE2V2	UBE2V1;UBE2V2	0.268|.|.	1.065	0.355	3	0.265|.|0.331	0.000	0.000	0.000	0.000	0.000	-16.005	1.199	0.970	
EIF4A2	PPIG	PPIG	1.606|1.420|1.645	4.671	1.557	3	1.537|1.466|1.565	0.000	0.000	0.000	0.000	0.000	-16.005	1.023	0.933	
EIF4A2	TCOF1	TCOF1	2.400|2.273|2.376	7.048	2.349	3	1.874|1.617|1.734	0.020	0.029	0.020	0.029	0.020	-6.099	1.351	0.687	
EIF4A2	SF3B2	SF3B2	0.988|0.791|0.962	2.742	0.914	3	0.890|0.998|1.123	0.000	0.000	0.000	0.000	0.000	-16.005	0.915	0.954	
EIF4A2	PDAP1	PDAP1	7.664|8.357|8.123	24.144	8.048	3	11.082|10.728|10.264	0.000	0.000	0.000	0.000	0.000	-16.005	0.753	0.962	
EIF4A2	ROCK1	ROCK1	1.156|1.033|1.130	3.319	1.106	3	1.386|1.317|1.463	0.000	0.000	0.000	0.000	0.000	-16.005	0.797	0.957	
EIF4A2	TUBB3	TUBB3	21.555|21.327|22.307	65.189	21.730	3	26.255|26.335|26.806	0.000	0.000	0.000	0.000	0.000	-16.005	0.821	0.962	
EIF4A2	PRPF4B	PRPF4B	0.558|.|0.540	1.496	0.499	3	0.611|0.281|.	0.000	0.000	0.000	0.000	0.000	-16.005	1.203	0.901	
EIF4A2	HDAC1	HDAC1	0.631|0.621|0.732	1.985	0.662	3	0.734|0.812|0.746	0.000	0.000	0.000	0.000	0.000	-16.005	0.867	0.957	
EIF4A2	CAMK2D	CAMK2D	0.855|0.733|0.688	2.276	0.759	3	0.881|0.909|0.834	0.000	0.000	0.000	0.000	0.000	-16.005	0.868	0.957	
EIF4A2	DCTN2	DCTN2	2.289|1.824|2.438	6.552	2.184	3	2.970|2.795|3.018	0.000	0.000	0.000	0.000	0.000	-16.005	0.746	0.948	
EIF4A2	SNW1	SNW1	0.465|0.506|0.582	1.553	0.518	3	0.495|0.783|0.414	0.000	0.000	0.000	0.000	0.000	-16.005	0.953	0.940	
EIF4A2	KRR1	KRR1	0.612|0.742|0.672	2.026	0.675	3	0.722|0.679|0.536	0.000	0.000	0.000	0.000	0.000	-16.005	1.054	0.938	
EIF4A2	CUL2	CUL2	0.476|0.563|0.539	1.579	0.526	3	0.704|0.661|0.759	0.000	0.000	0.000	0.000	0.000	-16.005	0.744	0.955	
EIF4A2	CUL4B	CUL4B	0.769|0.757|0.950	2.477	0.826	3	1.058|1.115|1.010	0.000	0.000	0.000	0.000	0.000	-16.005	0.779	0.957	
EIF4A2	FHL1	FHL1	1.112|1.048|1.156	3.317	1.106	3	1.079|1.400|1.259	0.000	0.000	0.000	0.000	0.000	-16.005	0.892	0.961	
EIF4A2	MOGS	MOGS	0.365|.|0.542	1.304	0.435	3	0.513|0.481|0.523	0.000	0.000	0.000	0.000	0.000	-16.005	0.860	0.944	
EIF4A2	PMAIP1	PMAIP1	2.314|2.377|2.549	7.239	2.413	3	2.047|2.170|2.059	0.000	0.000	0.000	0.000	0.000	-14.401	1.154	0.886	
EIF4A2	SPTAN1	SPTAN1	0.264|0.355|0.339	0.957	0.319	3	0.478|0.541|0.550	0.000	0.000	0.000	0.000	0.000	-16.005	0.611	0.957	
EIF4A2	DDX39B	DDX39B	0.281|0.326|.	1.005	0.335	3	.|0.360|.	0.000	0.000	0.000	0.000	0.000	-16.005	0.930	0.966	
EIF4A2	TUBB2A	TUBB2A	1.810|3.606|2.486	7.902	2.634	3	2.520|4.086|2.533	0.000	0.000	0.000	0.000	0.000	-16.005	0.888	0.941	
EIF4A2	BYSL	BYSL	0.419|0.486|0.392	1.298	0.433	3	0.736|0.664|0.683	0.000	0.000	0.000	0.000	0.000	-16.005	0.624	0.957	
EIF4A2	CKAP5	CKAP5	0.803|0.769|0.789	2.361	0.787	3	1.137|0.998|1.121	0.000	0.000	0.000	0.000	0.000	-16.005	0.726	0.961	
EIF4A2	CIRBP	CIRBP	5.128|5.051|5.556	15.735	5.245	3	7.699|8.019|7.999	0.000	0.000	0.000	0.000	0.000	-16.005	0.664	0.962	
EIF4A2	COX17	COX17	1.407|1.409|1.526	4.342	1.447	3	1.372|1.368|1.572	0.000	0.000	0.000	0.000	0.000	-16.005	1.009	0.940	
EIF4A2	HNRNPD	HNRNPD	1.243|1.490|1.297	4.031	1.344	3	1.203|1.247|1.218	0.000	0.000	0.000	0.000	0.000	-15.962	1.099	0.886	
EIF4A2	EIF3A	EIF3A	9.815|10.036|10.796	30.647	10.216	3	2.827|2.871|2.969	0.996	1.000	0.996	1.000	0.996	4.815	3.537	0.000	
EIF4A2	UBAP2L	UBAP2L	3.718|3.621|4.187	11.526	3.842	3	5.969|5.719|5.828	0.000	0.000	0.000	0.000	0.000	-16.005	0.658	0.962	
EIF4A2	SCRIB	SCRIB	0.403|.|.	1.199	0.400	3	.|0.369|.	0.000	0.000	0.000	0.000	0.000	-15.760	1.083	0.968	
EIF4A2	DOCK1	DOCK1	0.134|.|.	0.930	0.310	3	.|0.403|0.754	0.000	0.000	0.000	0.000	0.000	-16.005	0.562	0.969	
EIF4A2	DPYSL3	DPYSL3	0.435|0.232|0.406	1.072	0.357	3	0.633|0.498|0.493	0.000	0.000	0.000	0.000	0.000	-16.005	0.665	0.954	
EIF4A2	MRPL58	MRPL58	0.727|0.811|0.772	2.311	0.770	3	0.847|0.742|0.801	0.000	0.000	0.000	0.000	0.000	-16.005	0.968	0.946	
EIF4A2	DCTN1	DCTN1	1.121|1.064|1.145	3.331	1.110	3	1.217|1.255|1.306	0.000	0.000	0.000	0.000	0.000	-16.005	0.882	0.957	
EIF4A2	DYNC1H1	DYNC1H1	0.775|0.974|0.949	2.699	0.900	3	1.090|1.086|1.044	0.000	0.000	0.000	0.000	0.000	-16.005	0.838	0.957	
EIF4A2	EIF2B1	EIF2B1	0.991|0.925|0.989	2.905	0.968	3	1.109|1.021|1.051	0.000	0.000	0.000	0.000	0.000	-16.005	0.914	0.957	
EIF4A2	EIF4A2	EIF4A2	.|.|.	1.195	0.398	3	2.602|2.635|2.512	0.000	0.000	0.000	0.000	0.000	-16.005	0.154	0.971	
EIF4A2	ELOA	ELOA	1.318|1.371|1.517	4.206	1.402	3	1.021|0.955|1.127	0.010	0.029	0.010	0.029	0.010	-9.604	1.358	0.761	
EIF4A2	MAP7	MAP7	3.964|3.822|4.627	12.413	4.138	3	3.984|3.976|3.912	0.000	0.000	0.000	0.000	0.000	-16.005	1.046	0.909	
EIF4A2	CTTN	CTTN	0.828|0.804|0.797	2.430	0.810	3	0.779|0.822|0.814	0.000	0.000	0.000	0.000	0.000	-16.005	1.006	0.944	
EIF4A2	RCN2	RCN2	2.125|2.109|2.027	6.262	2.087	3	2.217|2.133|2.272	0.000	0.000	0.000	0.000	0.000	-16.005	0.946	0.948	
EIF4A2	FKBP8	FKBP8	0.472|0.560|0.505	1.537	0.512	3	0.784|0.113|0.570	0.015	0.017	0.015	0.017	0.015	-4.370	1.386	0.735	
EIF4A2	FRG1	FRG1	6.271|5.736|6.238	18.245	6.082	3	6.558|7.218|7.254	0.000	0.000	0.000	0.000	0.000	-16.005	0.868	0.962	
EIF4A2	CAPRIN1	CAPRIN1	7.849|7.267|5.373	20.489	6.830	3	4.546|6.449|6.051	0.000	0.000	0.000	0.000	0.000	-16.005	1.216	0.919	
EIF4A2	SLBP	SLBP	1.005|0.978|1.027	3.010	1.003	3	.|0.505|.	0.029	0.029	0.029	0.029	0.029	-3.505	1.988	0.549	
EIF4A2	RBM39	RBM39	1.740|1.721|1.875	5.336	1.779	3	1.686|1.735|1.765	0.000	0.000	0.000	0.000	0.000	-16.005	1.029	0.934	
EIF4A2	MCM6	MCM6	1.931|1.929|2.134	5.995	1.998	3	3.230|3.261|3.218	0.000	0.000	0.000	0.000	0.000	-16.005	0.617	0.962	
EIF4A2	CLINT1	CLINT1	0.341|.|0.412	1.151	0.384	3	0.299|0.428|0.313	0.000	0.000	0.000	0.000	0.000	-16.005	1.121	0.965	
EIF4A2	MELK	MELK	0.075|.|.	0.871	0.290	3	.|.|0.257	0.000	0.000	0.000	0.000	0.000	-16.005	1.129	0.969	
EIF4A2	SMC1A	SMC1A	0.848|0.866|0.938	2.652	0.884	3	1.068|1.052|1.136	0.000	0.000	0.000	0.000	0.000	-16.005	0.815	0.957	
EIF4A2	RRP1B	RRP1B	1.038|1.038|1.253	3.329	1.110	3	1.038|0.950|0.434	0.003	0.006	0.003	0.006	0.003	-6.870	1.473	0.830	
EIF4A2	BMS1	BMS1	0.432|0.470|.	1.300	0.433	3	0.160|.|.	0.666	0.999	0.666	0.999	0.666	5.180	2.706	0.055	
EIF4A2	USP10	USP10	0.371|.|.	1.168	0.389	3	.|.|.	0.000	0.000	0.000	0.000	0.000	-16.005	0.977	0.970	
EIF4A2	GANAB	GANAB	1.548|1.759|1.712	5.019	1.673	3	2.275|2.061|2.095	0.000	0.000	0.000	0.000	0.000	-16.005	0.781	0.962	
EIF4A2	LBR	LBR	2.256|2.358|2.332	6.946	2.315	3	2.359|2.657|2.449	0.000	0.000	0.000	0.000	0.000	-16.005	0.932	0.962	
EIF4A2	LTBP1	LTBP1	0.712|0.727|0.744	2.183	0.728	3	0.708|0.769|0.763	0.000	0.000	0.000	0.000	0.000	-16.005	0.976	0.957	
EIF4A2	CHD4	CHD4	0.583|0.706|0.714	2.002	0.667	3	0.692|0.674|0.641	0.000	0.000	0.000	0.000	0.000	-16.005	0.998	0.935	
EIF4A2	ZNF638	ZNF638	2.020|1.757|2.019	5.797	1.932	3	1.807|2.102|1.841	0.000	0.000	0.000	0.000	0.000	-16.005	1.010	0.939	
EIF4A2	KPNB1	KPNB1	2.686|2.830|3.305	8.820	2.940	3	3.606|3.510|3.480	0.000	0.000	0.000	0.000	0.000	-16.005	0.833	0.962	
EIF4A2	NOLC1	NOLC1	1.932|1.959|2.341	6.232	2.077	3	1.859|2.018|1.878	0.000	0.000	0.000	0.000	0.000	-15.995	1.084	0.884	
EIF4A2	CUL7	CUL7	0.934|.|.	1.730	0.577	3	1.180|0.492|0.573	0.000	0.001	0.000	0.001	0.000	-16.005	0.832	0.860	
EIF4A2	GAPVD1	GAPVD1	0.820|0.715|0.962	2.497	0.832	3	0.901|0.812|1.007	0.000	0.000	0.000	0.000	0.000	-16.005	0.921	0.942	
EIF4A2	NCAPH	NCAPH	1.414|1.962|2.198	5.575	1.858	3	1.304|1.402|1.922	0.000	0.000	0.000	0.000	0.000	-16.005	1.222	0.920	
EIF4A2	PCLAF	PCLAF	0.723|0.462|0.484	1.669	0.556	3	1.062|0.883|0.895	0.000	0.000	0.000	0.000	0.000	-16.005	0.590	0.956	
EIF4A2	PSMD6	PSMD6	1.905|1.905|2.105	5.915	1.972	3	2.708|2.667|2.418	0.000	0.000	0.000	0.000	0.000	-16.005	0.760	0.962	
EIF4A2	MORF4L2	MORF4L2	1.535|1.058|0.762	3.355	1.118	3	2.184|0.878|0.849	0.000	0.001	0.000	0.001	0.000	-12.157	0.951	0.851	
EIF4A2	ABRAXAS2	ABRAXAS2	0.486|.|.	1.282	0.427	3	0.364|0.449|0.364	0.000	0.000	0.000	0.000	0.000	-15.985	1.095	0.923	
EIF4A2	SEPTIN2	SEPTIN2	1.292|1.506|1.419	4.218	1.406	3	1.749|1.995|2.006	0.000	0.000	0.000	0.000	0.000	-16.005	0.735	0.951	
EIF4A2	SART3	SART3	0.871|0.937|1.281	3.089	1.030	3	1.279|1.228|1.136	0.000	0.000	0.000	0.000	0.000	-16.005	0.849	0.940	
EIF4A2	NCAPD2	NCAPD2	2.172|2.390|2.352	6.914	2.305	3	2.653|2.563|2.388	0.000	0.000	0.000	0.000	0.000	-16.005	0.910	0.962	
EIF4A2	EFTUD2	EFTUD2	2.047|2.349|2.404	6.799	2.266	3	3.071|3.190|3.389	0.000	0.000	0.000	0.000	0.000	-16.005	0.705	0.962	
EIF4A2	SLC39A14	SLC39A14	0.452|0.455|0.653	1.560	0.520	3	0.498|0.419|0.524	0.000	0.000	0.000	0.000	0.000	-16.005	1.087	0.895	
EIF4A2	EIF4H	EIF4H	2.214|2.370|2.519	7.103	2.368	3	2.999|2.822|2.836	0.000	0.000	0.000	0.000	0.000	-16.005	0.821	0.962	
EIF4A2	ACAP2	ACAP2	0.821|0.742|0.913	2.476	0.825	3	1.202|1.174|0.952	0.000	0.000	0.000	0.000	0.000	-16.005	0.748	0.961	
EIF4A2	BRD3	BRD3	0.359|0.403|0.668	1.430	0.477	3	0.650|0.494|0.693	0.000	0.000	0.000	0.000	0.000	-16.005	0.787	0.943	
EIF4A2	EEA1	EEA1	0.448|0.364|0.737	1.549	0.516	3	0.431|0.232|0.372	0.058	0.175	0.058	0.175	0.058	-15.483	1.547	0.394	
EIF4A2	PDIA6	PDIA6	3.447|4.405|4.051	11.904	3.968	3	5.070|4.888|4.811	0.000	0.000	0.000	0.000	0.000	-16.005	0.806	0.948	
EIF4A2	PDK3	PDK3	0.484|0.683|0.702	1.870	0.623	3	0.174|0.329|.	0.678	0.998	0.678	0.998	0.678	-3.265	2.604	0.035	
EIF4A2	PPA1	PPA1	1.089|1.078|1.232	3.400	1.133	3	1.209|1.059|1.097	0.000	0.000	0.000	0.000	0.000	-16.005	1.012	0.930	
EIF4A2	PTGES3	PTGES3	0.859|0.771|0.863	2.493	0.831	3	.|0.676|.	0.000	0.000	0.000	0.000	0.000	-14.522	1.230	0.892	
EIF4A2	STK38	STK38	10.002|9.961|10.794	30.757	10.252	3	14.355|15.532|15.564	0.000	0.000	0.000	0.000	0.000	-16.005	0.677	0.962	
EIF4A2	NONO	NONO	5.531|5.297|6.190	17.018	5.673	3	2.649|2.633|2.657	0.029	0.029	0.029	0.029	0.029	-3.505	2.144	0.638	
EIF4A2	RABEP1	RABEP1	0.486|0.423|0.551	1.460	0.487	3	0.546|0.581|0.502	0.000	0.000	0.000	0.000	0.000	-16.005	0.899	0.946	
EIF4A2	RNPS1	RNPS1	7.954|7.933|9.248	25.134	8.378	3	12.640|12.350|12.365	0.000	0.000	0.000	0.000	0.000	-16.005	0.673	0.962	
EIF4A2	RCN1	RCN1	0.585|0.566|7.258	8.409	2.803	3	0.832|0.878|0.849	0.333	1.000	0.333	1.000	0.333	-17.090	3.286	0.213	
EIF4A2	PCBP1	PCBP1	1.489|1.537|1.540	4.566	1.522	3	.|.|1.417	0.000	0.000	0.000	0.000	0.000	-15.618	1.074	0.928	
EIF4A2	PCBP2	PCBP2	1.644|1.664|1.680	4.988	1.663	3	1.179|1.277|1.343	0.017	0.029	0.017	0.029	0.017	-5.177	1.315	0.729	
EIF4A2	ELOC	ELOC	0.326|0.327|0.521	1.174	0.391	3	0.517|0.729|0.670	0.000	0.000	0.000	0.000	0.000	-16.005	0.619	0.952	
EIF4A2	ELOB	ELOB	0.892|1.003|1.061	2.955	0.985	3	1.410|1.226|1.187	0.000	0.000	0.000	0.000	0.000	-16.005	0.775	0.954	
EIF4A2	DHCR24	DHCR24	0.788|0.907|0.800	2.494	0.831	3	1.211|1.050|1.092	0.000	0.000	0.000	0.000	0.000	-16.005	0.745	0.962	
EIF4A2	SF3B3	SF3B3	1.061|1.271|1.157	3.489	1.163	3	1.966|1.992|2.040	0.000	0.000	0.000	0.000	0.000	-16.005	0.582	0.948	
EIF4A2	CNN3	CNN3	0.440|0.427|0.516	1.383	0.461	3	0.502|0.578|0.568	0.000	0.000	0.000	0.000	0.000	-16.005	0.840	0.954	
EIF4A2	SAFB	SAFB	0.388|0.557|0.618	1.564	0.521	3	0.628|0.665|0.630	0.000	0.000	0.000	0.000	0.000	-16.005	0.813	0.957	
EIF4A2	SF3B4	SF3B4	0.469|0.534|0.491	1.494	0.498	3	0.854|1.090|1.225	0.000	0.000	0.000	0.000	0.000	-16.005	0.477	0.953	
EIF4A2	SF3A2	SF3A2	0.566|0.543|0.699	1.808	0.603	3	0.936|0.914|1.002	0.000	0.000	0.000	0.000	0.000	-16.005	0.634	0.957	
EIF4A2	SEC23A	SEC23A	0.720|.|.	1.516	0.505	3	0.596|0.970|0.546	0.000	0.000	0.000	0.000	0.000	-16.005	0.742	0.968	
EIF4A2	SF3A1	SF3A1	0.955|0.825|0.912	2.691	0.897	3	1.248|0.911|1.169	0.000	0.000	0.000	0.000	0.000	-16.005	0.816	0.955	
EIF4A2	SF1	SF1	0.717|0.625|0.594	1.936	0.645	3	0.738|0.539|0.538	0.000	0.000	0.000	0.000	0.000	-16.005	1.079	0.937	
EIF4A2	TRIP13	TRIP13	0.649|0.641|0.684	1.975	0.658	3	0.884|0.625|0.887	0.000	0.000	0.000	0.000	0.000	-16.005	0.835	0.955	
EIF4A2	TRIP6	TRIP6	0.624|0.560|0.300	1.484	0.495	3	0.659|0.779|0.597	0.000	0.000	0.000	0.000	0.000	-16.005	0.734	0.961	
EIF4A2	ELAVL1	ELAVL1	1.074|0.995|1.248	3.318	1.106	3	.|.|.	0.158	0.417	0.158	0.417	0.158	-3.505	2.777	0.347	
EIF4A2	TAB1	TAB1	0.306|0.730|0.675	1.711	0.570	3	0.890|0.832|0.888	0.000	0.000	0.000	0.000	0.000	-16.005	0.656	0.957	
EIF4A2	SLC1A5	SLC1A5	1.574|1.623|1.687	4.885	1.628	3	1.802|2.012|1.794	0.000	0.000	0.000	0.000	0.000	-16.005	0.872	0.948	
EIF4A2	MLF2	MLF2	0.618|0.630|0.637	1.885	0.628	3	1.064|1.732|1.084	0.000	0.000	0.000	0.000	0.000	-16.005	0.499	0.954	
EIF4A2	TOMM34	TOMM34	0.432|0.540|0.482	1.454	0.485	3	1.376|0.631|0.638	0.000	0.000	0.000	0.000	0.000	-16.005	0.590	0.942	
EIF4A2	NEDD8	NEDD8	0.612|0.319|0.578	1.509	0.503	3	0.699|0.664|0.729	0.000	0.000	0.000	0.000	0.000	-16.005	0.722	0.957	
EIF4A2	RAB11B	RAB11B	1.023|1.723|1.174	3.919	1.306	3	1.186|1.354|1.242	0.010	0.029	0.010	0.029	0.010	-16.005	1.038	0.795	
EIF4A2	ZYX	ZYX	1.268|1.218|1.425	3.911	1.304	3	2.039|1.995|2.002	0.000	0.000	0.000	0.000	0.000	-16.005	0.648	0.948	
EIF4A2	SEPTIN7	SEPTIN7	1.161|1.618|1.314	4.093	1.364	3	1.717|1.590|1.632	0.000	0.000	0.000	0.000	0.000	-16.005	0.829	0.962	
EIF4A2	ADRM1	ADRM1	0.626|0.765|0.755	2.147	0.716	3	0.741|0.901|0.758	0.000	0.000	0.000	0.000	0.000	-16.005	0.898	0.953	
EIF4A2	INA	INA	0.489|0.349|0.558	1.397	0.466	3	0.486|0.393|0.481	0.000	0.000	0.000	0.000	0.000	-16.005	1.031	0.921	
EIF4A2	CSRP2	CSRP2	1.799|2.037|2.031	5.866	1.955	3	2.614|2.954|2.813	0.000	0.000	0.000	0.000	0.000	-16.005	0.701	0.948	
EIF4A2	DDB1	DDB1	1.773|1.798|1.774	5.344	1.781	3	2.438|2.396|2.441	0.000	0.000	0.000	0.000	0.000	-16.005	0.735	0.948	
EIF4A2	CDC37	CDC37	0.997|.|.	1.794	0.598	3	1.416|1.462|1.575	0.000	0.000	0.000	0.000	0.000	-16.005	0.403	0.970	
EIF4A2	DPYSL2	DPYSL2	0.618|0.526|0.714	1.857	0.619	3	0.782|0.864|0.766	0.000	0.000	0.000	0.000	0.000	-16.005	0.771	0.957	
EIF4A2	RBBP7	RBBP7	3.497|3.807|4.180	11.483	3.828	3	3.727|3.804|3.789	0.000	0.000	0.000	0.000	0.000	-16.005	1.014	0.928	
EIF4A2	SRSF7	SRSF7	1.622|1.530|1.669	4.821	1.607	3	1.197|1.177|1.163	0.021	0.029	0.021	0.029	0.021	-5.323	1.363	0.684	
EIF4A2	CPSF6	CPSF6	2.766|2.972|2.868	8.606	2.869	3	3.175|3.249|3.142	0.000	0.000	0.000	0.000	0.000	-16.005	0.900	0.962	
EIF4A2	DBN1	DBN1	0.377|.|0.339	1.114	0.371	3	.|.|.	0.000	0.000	0.000	0.000	0.000	-16.005	0.933	0.967	
EIF4A2	MAPK6	MAPK6	0.705|0.548|0.544	1.798	0.599	3	0.537|0.475|0.640	0.000	0.000	0.000	0.000	0.000	-16.005	1.096	0.923	
EIF4A2	UBE2S	UBE2S	0.636|0.632|0.645	1.913	0.638	3	0.695|0.864|0.690	0.000	0.000	0.000	0.000	0.000	-16.005	0.855	0.952	
EIF4A2	QPCT	QPCT	2.908|3.013|2.958	8.879	2.960	3	3.772|3.762|3.783	0.000	0.000	0.000	0.000	0.000	-16.005	0.784	0.962	
EIF4A2	UGP2	UGP2	0.471|0.504|0.472	1.448	0.483	3	0.615|0.657|0.651	0.000	0.000	0.000	0.000	0.000	-16.005	0.753	0.957	
EIF4A2	PFKFB3	PFKFB3	0.812|0.893|0.793	2.497	0.832	3	0.943|0.933|1.010	0.000	0.000	0.000	0.000	0.000	-16.005	0.866	0.957	
EIF4A2	KNOP1	KNOP1	0.671|0.617|0.577	1.865	0.622	3	0.556|0.543|0.552	0.000	0.000	0.000	0.000	0.000	-15.644	1.130	0.885	
EIF4A2	INF2	INF2	0.416|0.276|0.625	1.316	0.439	3	0.615|0.082|1.209	0.016	0.023	0.016	0.023	0.016	-4.669	1.114	0.732	
EIF4A2	WASHC4	WASHC4	0.367|0.519|0.502	1.387	0.462	3	0.791|0.555|0.702	0.000	0.000	0.000	0.000	0.000	-16.005	0.685	0.956	
EIF4A2	TSR1	TSR1	0.280|.|.	1.076	0.359	3	0.644|0.619|0.421	0.000	0.000	0.000	0.000	0.000	-16.005	0.650	0.969	
EIF4A2	SMU1	SMU1	0.238|0.392|0.356	0.986	0.329	3	0.387|0.401|0.434	0.000	0.000	0.000	0.000	0.000	-16.005	0.808	0.957	
EIF4A2	CWF19L2	CWF19L2	3.520|3.608|3.965	11.092	3.697	3	4.117|3.805|3.692	0.000	0.000	0.000	0.000	0.000	-16.005	0.956	0.945	
EIF4A2	LRRFIP1	LRRFIP1	0.138|.|.	0.934	0.311	3	0.317|0.432|0.373	0.000	0.000	0.000	0.000	0.000	-16.005	0.839	0.970	
EIF4A2	POLR1F	POLR1F	0.498|0.643|0.729	1.869	0.623	3	0.648|0.666|0.660	0.000	0.000	0.000	0.000	0.000	-16.005	0.947	0.929	
EIF4A2	EDRF1	EDRF1	1.643|1.678|1.881	5.202	1.734	3	.|.|.	1.000	1.000	1.000	1.000	1.000	8.564	4.355	0.000	
EIF4A2	LSM12	LSM12	1.048|1.166|1.234	3.449	1.150	3	.|.|0.247	1.000	1.000	1.000	1.000	1.000	8.995	4.662	0.000	
EIF4A2	HSDL1	HSDL1	0.337|0.347|.	1.083	0.361	3	0.253|.|.	0.000	0.000	0.000	0.000	0.000	-13.707	1.424	0.915	
EIF4A2	RABL6	RABL6	1.990|1.802|1.690	5.483	1.828	3	1.785|1.823|1.688	0.000	0.000	0.000	0.000	0.000	-16.005	1.036	0.922	
EIF4A2	VMA21	VMA21	0.745|0.708|.	1.852	0.617	3	0.791|.|0.911	0.000	0.000	0.000	0.000	0.000	-16.005	0.727	0.968	
EIF4A2	TIMM50	TIMM50	0.898|0.958|0.929	2.785	0.928	3	0.896|0.924|0.868	0.000	0.000	0.000	0.000	0.000	-16.003	1.037	0.936	
EIF4A2	LARP7	LARP7	0.897|0.811|0.843	2.551	0.850	3	1.086|1.131|1.129	0.000	0.000	0.000	0.000	0.000	-16.005	0.763	0.948	
EIF4A2	GXYLT1	GXYLT1	0.371|0.244|0.377	0.993	0.331	3	0.337|0.364|1.151	0.000	0.000	0.000	0.000	0.000	-10.775	0.635	0.862	
EIF4A2	TBC1D10B	TBC1D10B	1.630|1.765|1.711	5.106	1.702	3	2.113|1.989|2.103	0.000	0.000	0.000	0.000	0.000	-16.005	0.823	0.962	
EIF4A2	FAM98B	FAM98B	0.595|0.260|0.559	1.413	0.471	3	0.754|0.927|0.826	0.000	0.000	0.000	0.000	0.000	-16.005	0.566	0.961	
EIF4A2	PDCD4	PDCD4	83.434|87.872|97.803	269.109	89.703	3	.|.|.	1.000	1.000	1.000	1.000	1.000	8.257	225.268	0.000	
EIF4A2	GPAT3	GPAT3	0.207|.|0.220	0.825	0.275	3	.|.|0.179	0.000	0.000	0.000	0.000	0.000	-15.587	1.540	0.939	
EIF4A2	HSD17B12	HSD17B12	1.550|1.759|1.659	4.968	1.656	3	1.851|1.924|1.783	0.000	0.000	0.000	0.000	0.000	-16.005	0.894	0.962	
EIF4A2	USP39	USP39	0.468|0.545|0.552	1.565	0.522	3	0.511|0.571|0.572	0.000	0.000	0.000	0.000	0.000	-16.005	0.947	0.948	
EIF4A2	ACTBL2	ACTBL2	8.523|8.969|9.641	27.134	9.045	3	7.988|8.321|8.506	0.000	0.000	0.000	0.000	0.000	-15.861	1.094	0.909	
EIF4A2	SPIN4	SPIN4	0.395|0.341|0.408	1.144	0.381	3	0.392|0.317|0.323	0.000	0.000	0.000	0.000	0.000	-16.005	1.114	0.925	
EIF4A2	EAPP	EAPP	0.284|.|.	1.080	0.360	3	.|0.326|0.452	0.000	0.000	0.000	0.000	0.000	-16.005	0.939	0.970	
EIF4A2	HSP90AB4P	HSP90AB4P	0.906|0.960|0.934	2.800	0.933	3	1.464|1.448|1.510	0.000	0.000	0.000	0.000	0.000	-16.005	0.633	0.957	
EIF4A2	FAM133B	FAM133B	18.283|17.204|19.552	55.039	18.346	3	22.433|23.097|23.825	0.000	0.000	0.000	0.000	0.000	-16.005	0.794	0.962	
EIF4A2	ZNF326	ZNF326	1.019|0.851|0.955	2.826	0.942	3	0.705|0.806|0.713	0.010	0.029	0.010	0.029	0.010	-13.356	1.273	0.760	
EIF4A2	PPP6R3	PPP6R3	0.670|0.595|0.682	1.947	0.649	3	0.799|0.708|0.714	0.000	0.000	0.000	0.000	0.000	-16.005	0.878	0.957	
EIF4A2	PRRC2B	PRRC2B	0.653|0.844|0.767	2.264	0.755	3	0.364|.|0.306	0.269	0.719	0.269	0.719	0.269	-3.505	2.261	0.296	
EIF4A2	RRP12	RRP12	0.714|0.444|0.472	1.630	0.543	3	0.478|0.576|0.479	0.000	0.000	0.000	0.000	0.000	-16.005	1.067	0.873	
EIF4A2	AARS2	AARS2	0.414|.|.	1.210	0.403	3	.|0.247|.	0.000	0.000	0.000	0.000	0.000	-9.730	1.636	0.873	
EIF4A2	HABP4	HABP4	0.375|.|.	1.171	0.390	3	0.373|.|0.364	0.000	0.000	0.000	0.000	0.000	-15.993	1.059	0.968	
EIF4A2	SPECC1	SPECC1	0.210|.|.	1.006	0.335	3	.|.|.	0.000	0.000	0.000	0.000	0.000	-16.005	0.842	0.970	
EIF4A2	EXOSC6	EXOSC6	1.088|1.302|1.332	3.722	1.241	3	1.850|1.910|1.933	0.000	0.000	0.000	0.000	0.000	-16.005	0.654	0.948	
EIF4A2	CHCHD2;CHCHD2P9	CHCHD2;CHCHD2P9	0.521|0.687|0.695	1.903	0.634	3	0.640|0.938|0.678	0.000	0.000	0.000	0.000	0.000	-14.911	0.856	0.926	
EIF4A2	ZC3H13	ZC3H13	0.748|0.599|0.747	2.094	0.698	3	0.686|0.800|0.571	0.000	0.000	0.000	0.000	0.000	-16.005	1.028	0.940	
EIF4A2	GPATCH4	GPATCH4	0.290|.|0.339	1.028	0.343	3	.|0.489|0.560	0.000	0.000	0.000	0.000	0.000	-16.005	0.655	0.966	
EIF4A2	IBA57	IBA57	1.071|1.115|1.178	3.364	1.121	3	1.008|0.911|0.951	0.000	0.000	0.000	0.000	0.000	-13.959	1.173	0.877	
EIF4A2	UBAP2	UBAP2	0.764|0.779|0.684	2.227	0.742	3	0.718|0.648|0.960	0.000	0.000	0.000	0.000	0.000	-16.005	0.972	0.947	
EIF4A2	RBM26	RBM26	1.252|1.016|1.182	3.449	1.150	3	1.322|1.271|1.109	0.000	0.000	0.000	0.000	0.000	-16.005	0.934	0.947	
EIF4A2	DCAF8	DCAF8	0.527|0.632|0.693	1.852	0.617	3	0.671|0.678|0.665	0.000	0.000	0.000	0.000	0.000	-16.005	0.919	0.944	
EIF4A2	VPS53	VPS53	0.458|0.939|0.472	1.869	0.623	3	0.684|0.889|0.695	0.000	0.000	0.000	0.000	0.000	-16.005	0.831	0.928	
EIF4A2	STRIP1	STRIP1	0.433|0.568|0.375	1.376	0.459	3	0.676|0.526|0.592	0.000	0.000	0.000	0.000	0.000	-16.005	0.770	0.957	
EIF4A2	PRPF38B	PRPF38B	3.860|3.955|4.340	12.154	4.051	3	4.199|4.042|3.940	0.000	0.000	0.000	0.000	0.000	-16.005	0.998	0.937	
EIF4A2	RNF20	RNF20	0.543|0.602|0.576	1.721	0.574	3	0.690|0.855|0.682	0.000	0.000	0.000	0.000	0.000	-16.005	0.777	0.954	
EIF4A2	ZNF318	ZNF318	1.753|.|1.907	4.058	1.353	3	1.511|0.948|.	0.019	0.029	0.019	0.029	0.019	-16.005	1.130	0.723	
EIF4A2	LRCH2	LRCH2	0.584|0.328|0.348	1.260	0.420	3	0.641|0.544|0.603	0.000	0.000	0.000	0.000	0.000	-16.005	0.706	0.954	
EIF4A2	FOCAD	FOCAD	0.536|0.643|0.556	1.735	0.578	3	0.582|0.729|0.619	0.000	0.000	0.000	0.000	0.000	-16.005	0.903	0.948	
EIF4A2	ECPAS	ECPAS	1.012|0.854|1.025	2.891	0.964	3	1.021|1.239|1.191	0.000	0.000	0.000	0.000	0.000	-16.005	0.841	0.953	
EIF4A2	WASHC2A	WASHC2A	0.180|0.237|0.386	0.802	0.267	3	0.477|0.509|0.526	0.000	0.000	0.000	0.000	0.000	-16.005	0.531	0.957	
EIF4A2	LARP1B	LARP1B	0.317|0.280|0.315	0.912	0.304	3	0.594|.|0.412	0.000	0.000	0.000	0.000	0.000	-16.005	0.614	0.956	
EIF4A2	MAP1S	MAP1S	0.353|.|.	1.149	0.383	3	.|0.420|0.429	0.000	0.000	0.000	0.000	0.000	-16.005	0.902	0.970	
EIF4A2	ARL6IP4	ARL6IP4	15.178|15.352|16.493	47.023	15.674	3	17.694|16.855|17.219	0.000	0.000	0.000	0.000	0.000	-16.005	0.909	0.962	
EIF4A2	HAUS3	HAUS3	0.478|.|0.310	1.186	0.395	3	0.893|0.693|0.783	0.000	0.000	0.000	0.000	0.000	-16.005	0.504	0.967	
EIF4A2	SPTY2D1	SPTY2D1	0.888|1.105|1.058	3.051	1.017	3	1.038|1.151|1.704	0.000	0.000	0.000	0.000	0.000	-16.005	0.803	0.953	
EIF4A2	ELP2	ELP2	0.483|0.594|0.495	1.572	0.524	3	0.687|0.690|0.688	0.000	0.000	0.000	0.000	0.000	-16.005	0.761	0.957	
EIF4A2	PPP4R3A	PPP4R3A	0.416|0.502|0.382	1.300	0.433	3	0.531|0.448|0.695	0.000	0.000	0.000	0.000	0.000	-16.005	0.790	0.955	
EIF4A2	SDE2	SDE2	0.240|.|.	1.037	0.346	3	.|0.699|.	0.000	0.000	0.000	0.000	0.000	-16.005	0.494	0.969	
EIF4A2	PDE12	PDE12	0.158|.|0.751	1.307	0.436	3	.|.|0.573	0.000	0.000	0.000	0.000	0.000	-16.005	0.761	0.896	
EIF4A2	MZT2B	MZT2B	0.570|0.476|0.476	1.521	0.507	3	0.872|0.632|0.785	0.000	0.000	0.000	0.000	0.000	-16.005	0.670	0.952	
EIF4A2	CAVIN1	CAVIN1	0.599|0.465|0.590	1.654	0.551	3	0.439|0.451|0.572	0.000	0.000	0.000	0.000	0.000	-16.005	1.140	0.924	
EIF4A2	LPCAT3	LPCAT3	0.691|.|0.471	1.560	0.520	3	0.764|0.413|0.401	0.000	0.000	0.000	0.000	0.000	-16.005	1.036	0.880	
EIF4A2	CDC73	CDC73	0.584|0.562|0.619	1.765	0.588	3	1.157|1.235|1.245	0.000	0.000	0.000	0.000	0.000	-16.005	0.486	0.957	
EIF4A2	MRPL14	MRPL14	0.921|0.445|1.101	2.466	0.822	3	0.968|0.955|1.036	0.000	0.000	0.000	0.000	0.000	-16.005	0.834	0.926	
EIF4A2	SLC27A4	SLC27A4	0.298|0.361|0.220	0.880	0.293	3	0.268|0.206|0.237	0.000	0.000	0.000	0.000	0.000	-16.005	1.243	0.867	
EIF4A2	TAF2	TAF2	1.159|1.097|1.021	3.276	1.092	3	0.802|0.805|.	0.010	0.029	0.010	0.029	0.010	-10.139	1.359	0.755	
EIF4A2	PRPF8	PRPF8	2.097|1.702|2.099	5.898	1.966	3	1.964|1.861|2.150	0.000	0.000	0.000	0.000	0.000	-16.005	0.989	0.937	
EIF4A2	SCYL2	SCYL2	0.312|.|0.403	1.113	0.371	3	0.575|0.538|0.358	0.000	0.000	0.000	0.000	0.000	-16.005	0.773	0.968	
EIF4A2	CTR9	CTR9	0.551|0.536|0.543	1.630	0.543	3	0.517|0.491|0.451	0.000	0.000	0.000	0.000	0.000	-14.502	1.119	0.915	
EIF4A2	PSRC1	PSRC1	0.730|0.783|0.787	2.300	0.767	3	1.257|1.041|0.970	0.000	0.000	0.000	0.000	0.000	-16.005	0.708	0.954	
EIF4A2	DARS2	DARS2	0.820|0.872|0.978	2.670	0.890	3	0.906|0.966|0.852	0.000	0.000	0.000	0.000	0.000	-16.005	0.981	0.936	
EIF4A2	TRIM65	TRIM65	0.320|0.440|0.379	1.138	0.379	3	0.447|.|0.434	0.000	0.000	0.000	0.000	0.000	-16.005	0.861	0.957	
EIF4A2	CCDC137	CCDC137	0.409|0.467|0.533	1.409	0.470	3	.|0.536|.	0.000	0.000	0.000	0.000	0.000	-16.005	0.877	0.954	
EIF4A2	LARP1	LARP1	1.458|1.564|1.566	4.588	1.529	3	0.998|1.019|0.963	0.029	0.029	0.029	0.029	0.029	-3.505	1.540	0.554	
EIF4A2	BLOC1S2	BLOC1S2	0.541|.|.	1.338	0.446	3	0.742|0.838|0.820	0.000	0.000	0.000	0.000	0.000	-16.005	0.558	0.970	
EIF4A2	SARM1	SARM1	0.512|0.541|0.601	1.654	0.551	3	0.859|0.904|0.796	0.000	0.000	0.000	0.000	0.000	-16.005	0.647	0.957	
EIF4A2	MTHFD1L	MTHFD1L	1.888|1.991|2.053	5.932	1.977	3	1.444|1.390|1.810	0.000	0.000	0.000	0.000	0.000	-14.454	1.286	0.911	
EIF4A2	ANKRD11	ANKRD11	0.461|.|0.432	1.291	0.430	3	.|.|.	0.000	0.000	0.000	0.000	0.000	-16.005	1.081	0.913	
EIF4A2	FIP1L1	FIP1L1	0.498|0.563|1.337	2.399	0.800	3	0.569|0.346|0.990	0.027	0.081	0.027	0.081	0.027	-9.921	1.379	0.674	
EIF4A2	WDR82	WDR82	0.701|0.884|0.644	2.228	0.743	3	0.735|0.846|0.735	0.000	0.000	0.000	0.000	0.000	-16.005	0.964	0.923	
EIF4A2	GIGYF2	GIGYF2	0.846|0.851|0.869	2.566	0.855	3	0.824|0.953|0.983	0.000	0.000	0.000	0.000	0.000	-16.005	0.932	0.961	
EIF4A2	NKAPD1	NKAPD1	0.253|0.649|.	1.300	0.433	3	.|.|.	0.010	0.029	0.010	0.029	0.010	-16.005	1.088	0.799	
EIF4A2	FRA10AC1	FRA10AC1	0.672|0.713|0.717	2.103	0.701	3	0.845|0.723|0.740	0.000	0.000	0.000	0.000	0.000	-16.005	0.913	0.961	
EIF4A2	LARP4	LARP4	0.455|0.398|0.373	1.226	0.409	3	.|.|.	0.000	0.000	0.000	0.000	0.000	-16.005	1.026	0.918	
EIF4A2	TUBA1A	TUBA1A	2.965|2.289|2.346	7.601	2.534	3	3.541|3.453|3.500	0.000	0.000	0.000	0.000	0.000	-16.005	0.724	0.962	
EIF4A2	RPS27L	RPS27L	2.462|2.602|2.869	7.933	2.644	3	3.473|3.960|3.756	0.000	0.000	0.000	0.000	0.000	-16.005	0.710	0.962	
EIF4A2	SND1	SND1	0.880|0.909|0.814	2.603	0.868	3	1.306|1.396|1.467	0.000	0.000	0.000	0.000	0.000	-16.005	0.625	0.957	
EIF4A2	DDX46	DDX46	9.505|9.844|10.630	29.979	9.993	3	10.460|11.114|11.206	0.000	0.000	0.000	0.000	0.000	-16.005	0.915	0.962	
EIF4A2	TRMT10C	TRMT10C	0.742|0.871|1.008	2.620	0.873	3	0.921|1.010|0.851	0.000	0.000	0.000	0.000	0.000	-16.005	0.944	0.937	
EIF4A2	BZW1	BZW1	0.635|0.391|0.484	1.509	0.503	3	0.802|0.662|0.636	0.000	0.000	0.000	0.000	0.000	-16.005	0.723	0.954	
EIF4A2	EIF3M	EIF3M	3.681|4.566|4.232	12.479	4.160	3	1.212|1.381|1.118	0.988	1.000	0.988	1.000	0.988	3.341	3.375	0.000	
EIF4A2	MEPCE	MEPCE	0.924|0.961|1.013	2.898	0.966	3	1.126|1.108|1.146	0.000	0.000	0.000	0.000	0.000	-16.005	0.857	0.957	
EIF4A2	RSRC2	RSRC2	3.516|3.502|4.082	11.101	3.700	3	4.005|4.014|4.247	0.000	0.000	0.000	0.000	0.000	-16.005	0.905	0.962	
EIF4A2	CYFIP1	CYFIP1	0.652|0.865|0.954	2.472	0.824	3	1.052|1.156|0.965	0.000	0.000	0.000	0.000	0.000	-16.005	0.781	0.951	
EIF4A2	GET4	GET4	0.378|0.552|0.207	1.137	0.379	3	0.967|.|0.239	0.000	0.000	0.000	0.000	0.000	-16.005	0.787	0.934	
EIF4A2	COPS6	COPS6	0.952|0.884|1.240	3.075	1.025	3	1.405|1.394|1.385	0.000	0.000	0.000	0.000	0.000	-16.005	0.735	0.957	
EIF4A2	TAOK1	TAOK1	0.353|0.465|0.467	1.284	0.428	3	0.624|0.613|0.485	0.000	0.000	0.000	0.000	0.000	-16.005	0.751	0.954	
EIF4A2	MOB1B	MOB1B	0.401|.|.	1.197	0.399	3	0.623|0.802|0.759	0.000	0.000	0.000	0.000	0.000	-16.005	0.551	0.969	
EIF4A2	PHF5A	PHF5A	0.797|0.620|0.655	2.072	0.691	3	0.745|.|0.801	0.000	0.000	0.000	0.000	0.000	-16.005	0.894	0.945	
EIF4A2	TRAPPC11	TRAPPC11	0.371|0.275|0.329	0.975	0.325	3	0.406|0.490|0.506	0.000	0.000	0.000	0.000	0.000	-16.005	0.698	0.956	
EIF4A2	MON2	MON2	1.114|1.089|0.939	3.142	1.047	3	1.497|1.393|1.293	0.000	0.000	0.000	0.000	0.000	-16.005	0.752	0.952	
EIF4A2	MYH14	MYH14	1.668|1.599|1.805	5.071	1.690	3	1.810|1.798|1.832	0.000	0.000	0.000	0.000	0.000	-16.005	0.932	0.948	
EIF4A2	NUFIP2	NUFIP2	1.474|1.507|1.628	4.609	1.536	3	0.751|0.744|0.740	0.029	0.029	0.029	0.029	0.029	-3.505	2.063	0.554	
EIF4A2	HDGFL2	HDGFL2	0.442|0.469|0.674	1.585	0.528	3	0.918|0.921|0.925	0.000	0.000	0.000	0.000	0.000	-16.005	0.573	0.957	
EIF4A2	ARHGAP22	ARHGAP22	0.430|0.430|0.478	1.338	0.446	3	0.349|0.292|.	0.000	0.000	0.000	0.000	0.000	-12.782	1.397	0.887	
EIF4A2	HUWE1	HUWE1	1.359|1.322|1.467	4.149	1.383	3	1.552|1.546|1.606	0.000	0.000	0.000	0.000	0.000	-16.005	0.882	0.948	
EIF4A2	SLFN11	SLFN11	0.219|0.352|0.376	0.947	0.316	3	0.538|0.742|0.602	0.000	0.000	0.000	0.000	0.000	-16.005	0.508	0.954	
EIF4A2	PABPN1	PABPN1	0.619|.|.	1.415	0.472	3	0.340|0.465|0.377	0.000	0.000	0.000	0.000	0.000	-15.994	1.208	0.886	
EIF4A2	MTDH	MTDH	0.571|0.442|0.568	1.581	0.527	3	0.476|0.455|0.340	0.000	0.000	0.000	0.000	0.000	-15.942	1.257	0.918	
EIF4A2	ZNF598	ZNF598	0.615|0.731|0.421	1.767	0.589	3	0.687|0.677|0.742	0.000	0.000	0.000	0.000	0.000	-16.005	0.840	0.942	
EIF4A2	GPAT4	GPAT4	0.321|.|0.137	0.856	0.285	3	.|.|.	0.000	0.000	0.000	0.000	0.000	-16.005	0.717	0.967	
EIF4A2	CADPS2	CADPS2	0.429|0.396|0.372	1.197	0.399	3	0.633|0.727|0.708	0.000	0.000	0.000	0.000	0.000	-16.005	0.580	0.957	
EIF4A2	ALYREF	ALYREF	8.357|8.151|9.785	26.293	8.764	3	9.967|10.758|10.712	0.000	0.000	0.000	0.000	0.000	-16.005	0.837	0.962	
EIF4A2	ZC3H18	ZC3H18	0.890|.|1.893	3.181	1.060	3	0.687|0.689|.	0.016	0.048	0.016	0.048	0.016	-16.005	1.542	0.731	
EIF4A2	CAND1	CAND1	0.824|1.157|0.959	2.940	0.980	3	1.234|1.560|0.881	0.000	0.000	0.000	0.000	0.000	-16.005	0.822	0.952	
EIF4A2	RETREG3	RETREG3	0.615|.|0.457	1.470	0.490	3	0.372|.|0.865	0.000	0.000	0.000	0.000	0.000	-16.005	0.864	0.965	
EIF4A2	HOOK3	HOOK3	0.314|.|.	1.111	0.370	3	0.461|0.574|0.500	0.000	0.000	0.000	0.000	0.000	-16.005	0.727	0.969	
EIF4A2	GPBP1	GPBP1	0.330|0.293|0.447	1.070	0.357	3	0.829|.|.	0.000	0.000	0.000	0.000	0.000	-16.005	0.430	0.952	
EIF4A2	PROSER2	PROSER2	0.484|0.618|0.513	1.615	0.538	3	0.506|0.589|0.589	0.000	0.000	0.000	0.000	0.000	-16.005	0.961	0.935	
EIF4A2	RPS19BP1	RPS19BP1	0.965|0.958|1.087	3.010	1.003	3	0.741|0.739|0.846	0.010	0.029	0.010	0.029	0.010	-10.345	1.296	0.771	
EIF4A2	CARM1	CARM1	0.554|0.489|0.571	1.613	0.538	3	1.051|0.985|1.012	0.000	0.000	0.000	0.000	0.000	-16.005	0.529	0.957	
EIF4A2	CIR1	CIR1	3.840|3.778|4.030	11.648	3.883	3	3.847|3.714|3.679	0.000	0.000	0.000	0.000	0.000	-15.993	1.036	0.936	
EIF4A2	NCAPG2	NCAPG2	0.323|0.501|0.428	1.252	0.417	3	0.711|0.693|0.696	0.000	0.000	0.000	0.000	0.000	-16.005	0.596	0.957	
EIF4A2	DDX42	DDX42	1.121|1.155|1.181	3.457	1.152	3	0.689|1.105|1.119	0.000	0.000	0.000	0.000	0.000	-15.730	1.216	0.936	
EIF4A2	DNAAF5	DNAAF5	0.640|0.649|0.615	1.903	0.634	3	0.724|0.722|0.726	0.000	0.000	0.000	0.000	0.000	-16.005	0.877	0.957	
EIF4A2	HOMER1	HOMER1	0.438|0.493|0.514	1.444	0.481	3	0.550|0.301|0.308	0.000	0.000	0.000	0.000	0.000	-12.937	1.298	0.884	
EIF4A2	ERC1	ERC1	0.588|0.580|0.662	1.830	0.610	3	0.791|1.030|0.877	0.000	0.000	0.000	0.000	0.000	-16.005	0.682	0.953	
EIF4A2	TRAPPC5	TRAPPC5	1.719|1.289|1.711	4.719	1.573	3	3.334|3.305|3.077	0.000	0.000	0.000	0.000	0.000	-16.005	0.486	0.948	
EIF4A2	PLD3	PLD3	0.883|0.822|0.885	2.590	0.863	3	0.711|0.780|0.732	0.000	0.000	0.000	0.000	0.000	-14.289	1.166	0.891	
EIF4A2	CCDC50	CCDC50	3.130|.|.	3.927	1.309	3	.|.|.	0.333	1.000	0.333	1.000	0.333	-16.005	3.287	0.179	
EIF4A2	MAPKAPK5	MAPKAPK5	0.370|.|.	1.167	0.389	3	.|.|.	0.000	0.000	0.000	0.000	0.000	-16.005	0.977	0.970	
EIF4A2	MAP7D3	MAP7D3	1.944|2.080|2.256	6.280	2.093	3	1.802|1.784|1.721	0.000	0.001	0.000	0.001	0.000	-14.605	1.183	0.853	
EIF4A2	PHF6	PHF6	2.026|1.877|2.235	6.138	2.046	3	2.321|2.347|2.481	0.000	0.000	0.000	0.000	0.000	-16.005	0.859	0.962	
EIF4A2	CHERP	CHERP	1.232|1.369|1.480	4.081	1.360	3	1.286|1.287|1.308	0.000	0.000	0.000	0.000	0.000	-16.005	1.051	0.917	
EIF4A2	CCAR1	CCAR1	1.038|1.088|0.934	3.060	1.020	3	1.334|1.272|1.295	0.000	0.000	0.000	0.000	0.000	-16.005	0.784	0.957	
EIF4A2	DHX40	DHX40	0.549|0.614|0.736	1.899	0.633	3	1.004|0.776|0.704	0.000	0.000	0.000	0.000	0.000	-16.005	0.773	0.954	
EIF4A2	DNAJC10	DNAJC10	1.088|1.111|1.025	3.223	1.074	3	1.317|1.517|0.938	0.000	0.000	0.000	0.000	0.000	-16.005	0.871	0.956	
EIF4A2	MSRB3	MSRB3	0.890|0.893|0.881	2.665	0.888	3	1.174|1.123|1.248	0.000	0.000	0.000	0.000	0.000	-16.005	0.752	0.957	
EIF4A2	MICALL2	MICALL2	0.478|.|.	1.274	0.425	3	.|.|.	0.000	0.000	0.000	0.000	0.000	-16.005	1.067	0.895	
EIF4A2	RAVER1	RAVER1	0.340|.|0.413	1.151	0.384	3	0.800|0.821|0.679	0.000	0.000	0.000	0.000	0.000	-16.005	0.502	0.968	
EIF4A2	SRRM1	SRRM1	1.162|1.225|1.134	3.522	1.174	3	0.902|0.941|0.917	0.010	0.029	0.010	0.029	0.010	-9.105	1.276	0.761	
EIF4A2	GSPT2	GSPT2	0.473|0.632|0.706	1.811	0.604	3	0.785|0.686|0.871	0.000	0.000	0.000	0.000	0.000	-16.005	0.777	0.953	
EIF4A2	EXOC8	EXOC8	0.327|.|0.493	1.219	0.406	3	0.487|0.671|.	0.000	0.000	0.000	0.000	0.000	-16.005	0.711	0.966	
EIF4A2	THNSL1	THNSL1	0.382|.|0.423	1.204	0.401	3	0.409|.|.	0.000	0.000	0.000	0.000	0.000	-16.005	0.980	0.966	
EIF4A2	ALDH16A1	ALDH16A1	0.437|0.388|0.493	1.318	0.439	3	0.643|0.652|0.675	0.000	0.000	0.000	0.000	0.000	-16.005	0.669	0.957	
EIF4A2	ABI1	ABI1	0.769|0.545|0.737	2.051	0.684	3	0.798|0.816|0.738	0.000	0.000	0.000	0.000	0.000	-16.005	0.873	0.957	
EIF4A2	SELENOH	SELENOH	0.832|0.846|0.888	2.565	0.855	3	0.827|0.886|1.007	0.000	0.000	0.000	0.000	0.000	-16.005	0.946	0.952	
EIF4A2	RBIS	RBIS	1.074|1.187|1.288	3.549	1.183	3	1.442|1.556|1.400	0.000	0.000	0.000	0.000	0.000	-16.005	0.808	0.948	
EIF4A2	VKORC1L1	VKORC1L1	0.259|.|0.222	0.880	0.293	3	0.133|.|0.134	0.003	0.009	0.003	0.009	0.003	-10.566	2.194	0.828	
EIF4A2	RBFA	RBFA	0.531|0.551|0.460	1.541	0.514	3	0.551|0.475|0.540	0.000	0.000	0.000	0.000	0.000	-16.005	0.986	0.941	
EIF4A2	SPART	SPART	0.586|0.583|0.635	1.803	0.601	3	0.541|0.402|0.719	0.000	0.000	0.000	0.000	0.000	-15.950	1.116	0.941	
EIF4A2	CCAR2	CCAR2	1.910|2.434|2.087	6.431	2.144	3	2.127|2.300|2.292	0.000	0.000	0.000	0.000	0.000	-16.005	0.958	0.933	
EIF4A2	VPS52	VPS52	0.682|0.694|0.824	2.199	0.733	3	0.829|0.858|0.729	0.000	0.000	0.000	0.000	0.000	-16.005	0.913	0.946	
EIF4A2	NUP93	NUP93	0.498|0.332|0.457	1.288	0.429	3	0.803|0.770|0.519	0.000	0.000	0.000	0.000	0.000	-16.005	0.627	0.957	
EIF4A2	LRRC47	LRRC47	1.136|1.056|1.131	3.323	1.108	3	1.321|1.522|1.260	0.000	0.000	0.000	0.000	0.000	-16.005	0.812	0.962	
EIF4A2	STAG2	STAG2	0.351|.|.	1.147	0.382	3	0.408|0.427|0.687	0.000	0.000	0.000	0.000	0.000	-16.005	0.776	0.969	
EIF4A2	ZGPAT	ZGPAT	0.334|0.572|0.600	1.507	0.502	3	0.571|0.517|0.674	0.000	0.000	0.000	0.000	0.000	-16.005	0.861	0.946	
EIF4A2	NKAP	NKAP	4.895|4.973|4.945	14.813	4.938	3	3.535|3.477|3.446	0.029	0.029	0.029	0.029	0.029	-3.505	1.416	0.644	
EIF4A2	CISD2	CISD2	0.703|.|0.547	1.648	0.549	3	0.579|0.657|0.809	0.000	0.000	0.000	0.000	0.000	-16.005	0.813	0.966	
EIF4A2	RPP25L	RPP25L	0.616|0.749|0.699	2.064	0.688	3	0.877|0.834|0.698	0.000	0.000	0.000	0.000	0.000	-16.005	0.861	0.956	
EIF4A2	CPSF7	CPSF7	1.737|3.099|1.769	6.605	2.202	3	2.174|2.729|2.211	0.000	0.000	0.000	0.000	0.000	-16.005	0.933	0.912	
EIF4A2	PAF1	PAF1	0.517|0.581|0.672	1.770	0.590	3	0.508|0.591|0.597	0.000	0.000	0.000	0.000	0.000	-16.005	1.046	0.917	
EIF4A2	ENAH	ENAH	0.872|0.792|0.828	2.492	0.831	3	1.195|1.144|1.230	0.000	0.000	0.000	0.000	0.000	-16.005	0.699	0.957	
EIF4A2	SREK1IP1	SREK1IP1	7.088|6.990|5.252	19.329	6.443	3	6.262|7.259|7.180	0.000	0.000	0.000	0.000	0.000	-16.005	0.936	0.945	
EIF4A2	PRPF38A	PRPF38A	2.712|2.948|3.059	8.719	2.906	3	3.444|3.042|3.010	0.000	0.000	0.000	0.000	0.000	-16.005	0.920	0.962	
EIF4A2	ANKRD52	ANKRD52	0.456|0.190|.	1.044	0.348	3	0.505|0.424|1.228	0.000	0.000	0.000	0.000	0.000	-16.005	0.543	0.892	
EIF4A2	TXNDC5	TXNDC5	1.447|1.493|1.400	4.341	1.447	3	1.815|1.765|1.719	0.000	0.000	0.000	0.000	0.000	-16.005	0.819	0.948	
EIF4A2	SERBP1	SERBP1	6.767|8.312|8.545	23.624	7.875	3	8.420|8.567|8.778	0.000	0.000	0.000	0.000	0.000	-16.005	0.917	0.962	
EIF4A2	FAM98A	FAM98A	1.865|1.535|1.743	5.142	1.714	3	1.481|1.222|1.237	0.000	0.000	0.000	0.000	0.000	-14.356	1.310	0.865	
EIF4A2	NFATC2IP	NFATC2IP	1.090|1.405|1.371	3.866	1.289	3	1.318|1.557|1.432	0.000	0.000	0.000	0.000	0.000	-16.005	0.900	0.962	
EIF4A2	DYNC2H1	DYNC2H1	0.610|0.454|0.420	1.485	0.495	3	0.686|0.518|0.531	0.000	0.000	0.000	0.000	0.000	-16.005	0.863	0.944	
EIF4A2	LSM14A	LSM14A	30.229|31.199|34.239	95.668	31.889	3	26.716|25.873|26.713	0.001	0.004	0.001	0.004	0.001	-13.171	1.207	0.836	
EIF4A2	C1orf131	C1orf131	1.234|1.880|2.113	5.228	1.743	3	1.266|1.448|1.219	0.016	0.029	0.016	0.029	0.016	-16.005	1.333	0.730	
EIF4A2	ABCF1	ABCF1	0.822|1.028|0.922	2.773	0.924	3	1.555|1.251|1.114	0.000	0.000	0.000	0.000	0.000	-16.005	0.714	0.961	
EIF4A2	PIK3C3	PIK3C3	0.316|.|.	1.113	0.371	3	.|.|.	0.000	0.000	0.000	0.000	0.000	-16.005	0.931	0.970	
EIF4A2	SLC30A7	SLC30A7	0.872|.|0.855	2.125	0.708	3	0.837|0.813|0.945	0.000	0.000	0.000	0.000	0.000	-16.005	0.821	0.966	
EIF4A2	NUP43	NUP43	0.555|0.366|.	1.319	0.440	3	0.622|0.555|0.628	0.000	0.000	0.000	0.000	0.000	-16.005	0.732	0.967	
EIF4A2	CMAS	CMAS	0.572|0.683|0.811	2.066	0.689	3	0.906|0.924|0.872	0.000	0.000	0.000	0.000	0.000	-16.005	0.765	0.957	
EIF4A2	MOSPD2	MOSPD2	0.425|0.428|0.391	1.245	0.415	3	0.440|0.501|0.571	0.000	0.000	0.000	0.000	0.000	-16.005	0.828	0.957	
EIF4A2	THOC2	THOC2	1.263|2.341|1.441	5.045	1.682	3	1.031|1.261|1.009	0.010	0.029	0.010	0.029	0.010	-14.991	1.536	0.782	
EIF4A2	COQ8A	COQ8A	0.781|0.689|0.670	2.140	0.713	3	1.019|0.715|0.729	0.000	0.000	0.000	0.000	0.000	-16.005	0.881	0.952	
EIF4A2	RP9	RP9	6.414|6.066|7.253	19.732	6.577	3	5.857|5.763|5.673	0.000	0.000	0.000	0.000	0.000	-15.596	1.141	0.864	
EIF4A2	GRPEL2	GRPEL2	0.382|0.405|0.401	1.188	0.396	3	.|.|.	0.000	0.000	0.000	0.000	0.000	-16.005	0.994	0.946	
EIF4A2	SNIP1	SNIP1	0.466|0.790|0.647	1.903	0.634	3	0.857|0.780|0.857	0.000	0.000	0.000	0.000	0.000	-16.005	0.764	0.957	
EIF4A2	GADD45GIP1	GADD45GIP1	0.695|0.808|0.793	2.296	0.765	3	0.809|0.817|0.770	0.000	0.000	0.000	0.000	0.000	-16.005	0.958	0.947	
EIF4A2	MPLKIP	MPLKIP	0.582|.|0.678	1.658	0.553	3	0.459|.|.	0.000	0.000	0.000	0.000	0.000	-16.005	1.205	0.863	
EIF4A2	FBXO30	FBXO30	0.443|0.404|0.401	1.248	0.416	3	0.583|0.583|0.516	0.000	0.000	0.000	0.000	0.000	-16.005	0.743	0.951	
EIF4A2	SLC35B2	SLC35B2	0.313|.|0.472	1.183	0.394	3	.|0.199|.	0.319	0.956	0.319	0.956	0.319	-11.627	1.979	0.269	
EIF4A2	TBC1D15	TBC1D15	0.507|0.348|0.629	1.484	0.495	3	0.485|0.512|0.444	0.002	0.005	0.002	0.005	0.002	-16.005	1.031	0.834	
EIF4A2	RDH11	RDH11	0.636|0.272|0.358	1.266	0.422	3	0.188|0.272|0.309	0.326	0.979	0.326	0.979	0.326	-15.929	1.682	0.254	
EIF4A2	PNPT1	PNPT1	0.346|0.294|0.498	1.138	0.379	3	0.545|0.487|0.488	0.000	0.000	0.000	0.000	0.000	-16.005	0.749	0.957	
EIF4A2	NEK9	NEK9	0.340|0.398|0.390	1.128	0.376	3	0.633|0.538|0.599	0.000	0.000	0.000	0.000	0.000	-16.005	0.639	0.955	
EIF4A2	DDX54	DDX54	4.822|4.884|5.574	15.281	5.094	3	5.560|6.574|5.398	0.000	0.000	0.000	0.000	0.000	-16.005	0.875	0.962	
EIF4A2	TRAF3IP1	TRAF3IP1	0.271|0.268|0.278	0.817	0.272	3	0.229|0.284|0.268	0.000	0.000	0.000	0.000	0.000	-15.942	1.050	0.940	
EIF4A2	DCAF11	DCAF11	0.498|.|0.244	1.140	0.380	3	0.473|0.304|0.364	0.000	0.000	0.000	0.000	0.000	-16.005	1.016	0.936	
EIF4A2	GEMIN5	GEMIN5	0.424|0.605|0.686	1.715	0.572	3	0.773|0.896|1.241	0.000	0.000	0.000	0.000	0.000	-16.005	0.601	0.956	
EIF4A2	IPO4	IPO4	0.247|0.236|0.378	0.861	0.287	3	0.454|0.530|0.492	0.000	0.000	0.000	0.000	0.000	-16.005	0.585	0.957	
EIF4A2	PNISR	PNISR	1.457|1.483|1.538	4.478	1.493	3	1.651|1.577|1.713	0.000	0.000	0.000	0.000	0.000	-16.005	0.907	0.962	
EIF4A2	ZC3H15	ZC3H15	0.703|0.866|0.770	2.338	0.779	3	0.906|0.708|0.815	0.000	0.000	0.000	0.000	0.000	-16.005	0.968	0.942	
EIF4A2	PPIL4	PPIL4	7.427|7.009|8.043	22.479	7.493	3	5.842|6.742|7.062	0.000	0.000	0.000	0.000	0.000	-15.617	1.148	0.912	
EIF4A2	TMEM263	TMEM263	0.505|0.563|0.493	1.560	0.520	3	0.781|0.940|0.568	0.000	0.000	0.000	0.000	0.000	-16.005	0.696	0.952	
EIF4A2	PTPMT1	PTPMT1	0.577|0.437|0.519	1.533	0.511	3	0.600|0.374|0.531	0.000	0.000	0.000	0.000	0.000	-16.005	1.039	0.941	
EIF4A2	NUP133	NUP133	0.431|0.413|0.544	1.388	0.463	3	0.683|0.731|1.532	0.000	0.000	0.000	0.000	0.000	-16.005	0.506	0.954	
EIF4A2	C15orf40	C15orf40	1.108|1.069|1.106	3.282	1.094	3	1.341|1.185|1.322	0.000	0.000	0.000	0.000	0.000	-16.005	0.854	0.957	
EIF4A2	NSMCE1	NSMCE1	0.280|.|.	1.076	0.359	3	.|.|.	0.000	0.000	0.000	0.000	0.000	-16.005	0.901	0.970	
EIF4A2	SNRNP27	SNRNP27	7.945|6.933|8.370	23.248	7.749	3	7.087|7.409|7.208	0.000	0.000	0.000	0.000	0.000	-16.005	1.071	0.912	
EIF4A2	SCFD1	SCFD1	0.239|0.350|0.320	0.910	0.303	3	0.284|0.234|0.297	0.000	0.000	0.000	0.000	0.000	-16.005	1.123	0.914	
EIF4A2	DYNC2I1	DYNC2I1	0.456|.|.	1.252	0.417	3	.|0.487|0.580	0.000	0.000	0.000	0.000	0.000	-16.005	0.786	0.969	
EIF4A2	PCNP	PCNP	0.387|0.580|0.680	1.647	0.549	3	0.617|0.669|0.674	0.000	0.000	0.000	0.000	0.000	-16.005	0.841	0.942	
EIF4A2	CKAP2	CKAP2	0.391|.|0.439	1.229	0.410	3	.|0.250|.	0.000	0.001	0.000	0.001	0.000	-10.438	1.638	0.858	
EIF4A2	ATXN2L	ATXN2L	2.570|3.053|2.662	8.285	2.762	3	1.371|1.525|1.366	0.029	0.029	0.029	0.029	0.029	-3.505	1.946	0.554	
EIF4A2	PRPF31	PRPF31	2.923|3.083|2.847	8.853	2.951	3	3.900|3.858|4.169	0.000	0.000	0.000	0.000	0.000	-16.005	0.743	0.948	
EIF4A2	SREK1	SREK1	1.141|1.069|1.074	3.284	1.095	3	0.930|0.967|1.005	0.000	0.000	0.000	0.000	0.000	-14.417	1.132	0.904	
EIF4A2	PSPC1	PSPC1	0.970|0.940|0.917	2.827	0.942	3	0.896|0.980|0.931	0.000	0.000	0.000	0.000	0.000	-16.005	1.008	0.943	
EIF4A2	GATAD2B	GATAD2B	0.213|.|0.475	1.086	0.362	3	0.371|0.355|0.383	0.001	0.002	0.001	0.002	0.001	-16.005	0.980	0.843	
EIF4A2	DNAJC9	DNAJC9	0.587|0.426|0.535	1.548	0.516	3	0.664|0.605|0.616	0.000	0.000	0.000	0.000	0.000	-16.005	0.822	0.957	
EIF4A2	BRI3BP	BRI3BP	0.896|1.201|1.349	3.445	1.148	3	.|1.256|1.032	0.000	0.000	0.000	0.000	0.000	-16.005	1.008	0.904	
EIF4A2	DDX1	DDX1	1.619|1.804|1.877	5.300	1.767	3	1.938|1.917|2.007	0.000	0.000	0.000	0.000	0.000	-16.005	0.904	0.962	
EIF4A2	H1-10	H1-10	0.877|0.926|0.937	2.740	0.913	3	0.783|0.851|0.826	0.000	0.000	0.000	0.000	0.000	-15.281	1.114	0.914	
EIF4A2	CCT6B	CCT6B	5.931|.|.	6.728	2.243	3	.|.|8.232	0.000	0.000	0.000	0.000	0.000	-16.005	0.272	0.971	
EIF4A2	GBF1	GBF1	0.606|0.577|0.818	2.001	0.667	3	1.052|1.039|0.978	0.000	0.000	0.000	0.000	0.000	-16.005	0.652	0.957	
EIF4A2	RTF1	RTF1	0.817|.|.	1.613	0.538	3	0.599|0.542|0.310	0.001	0.003	0.001	0.003	0.001	-16.005	1.155	0.839	
EIF4A2	MRPS27	MRPS27	0.373|0.304|0.420	1.097	0.366	3	0.323|0.401|0.451	0.000	0.000	0.000	0.000	0.000	-16.005	0.942	0.944	
EIF4A2	AP3S1	AP3S1	0.960|1.054|0.932	2.947	0.982	3	1.172|1.140|1.180	0.000	0.000	0.000	0.000	0.000	-16.005	0.844	0.957	
EIF4A2	HSPH1	HSPH1	0.817|0.892|0.996	2.706	0.902	3	1.436|1.588|1.501	0.000	0.000	0.000	0.000	0.000	-16.005	0.598	0.957	
EIF4A2	CNOT9	CNOT9	0.367|0.360|0.509	1.236	0.412	3	0.562|0.477|0.483	0.000	0.000	0.000	0.000	0.000	-16.005	0.814	0.948	
EIF4A2	LARP4B	LARP4B	0.841|0.553|1.020	2.414	0.805	3	.|0.257|.	0.706	1.000	0.706	1.000	0.706	-2.001	3.132	0.025	
EIF4A2	GCN1	GCN1	1.375|1.315|1.623	4.313	1.438	3	1.941|1.816|2.022	0.000	0.000	0.000	0.000	0.000	-16.005	0.747	0.948	
EIF4A2	DHX38	DHX38	0.474|0.454|1.437	2.365	0.788	3	1.238|1.210|1.377	0.000	0.000	0.000	0.000	0.000	-16.005	0.619	0.922	
EIF4A2	NUP205	NUP205	0.459|0.487|0.295	1.240	0.413	3	0.625|0.999|0.636	0.000	0.000	0.000	0.000	0.000	-16.005	0.562	0.953	
EIF4A2	MRPS31	MRPS31	0.608|0.582|0.669	1.859	0.620	3	0.905|0.844|0.765	0.000	0.000	0.000	0.000	0.000	-16.005	0.741	0.952	
EIF4A2	ANP32B	ANP32B	1.312|1.415|1.334	4.060	1.353	3	0.907|0.843|0.823	0.029	0.029	0.029	0.029	0.029	-3.505	1.579	0.554	
EIF4A2	TFG	TFG	1.408|1.509|1.603	4.520	1.507	3	2.277|2.252|2.192	0.000	0.000	0.000	0.000	0.000	-16.005	0.672	0.948	
EIF4A2	HDAC2	HDAC2	1.865|1.656|1.869	5.391	1.797	3	2.170|2.046|2.255	0.000	0.000	0.000	0.000	0.000	-16.005	0.834	0.948	
EIF4A2	TAF15	TAF15	23.246|24.235|27.384	74.865	24.955	3	24.607|29.337|29.024	0.000	0.000	0.000	0.000	0.000	-16.005	0.905	0.962	
EIF4A2	HAS1	HAS1	9.982|.|.	10.779	3.593	3	.|12.350|12.962	0.000	0.000	0.000	0.000	0.000	-16.005	0.284	0.971	
EIF4A2	DDX17	DDX17	3.812|3.793|4.285	11.890	3.963	3	3.354|3.214|3.469	0.001	0.002	0.001	0.002	0.001	-13.507	1.185	0.849	
EIF4A2	RAD50	RAD50	0.620|0.705|0.697	2.022	0.674	3	0.833|0.781|0.796	0.000	0.000	0.000	0.000	0.000	-16.005	0.839	0.957	
EIF4A2	UPF1	UPF1	0.778|1.032|1.055	2.865	0.955	3	.|.|.	0.029	0.029	0.029	0.029	0.029	-3.505	2.398	0.542	
EIF4A2	COPS5	COPS5	0.650|0.641|0.876	2.167	0.722	3	0.882|0.909|0.846	0.000	0.000	0.000	0.000	0.000	-16.005	0.822	0.957	
EIF4A2	KHSRP	KHSRP	0.966|0.963|0.781	2.710	0.903	3	1.369|1.364|1.361	0.000	0.000	0.000	0.000	0.000	-16.005	0.662	0.957	
EIF4A2	TNPO1	TNPO1	1.075|1.077|1.031	3.182	1.061	3	1.451|1.257|1.426	0.000	0.000	0.000	0.000	0.000	-16.005	0.771	0.962	
EIF4A2	ARHGEF2	ARHGEF2	0.900|1.003|1.002	2.904	0.968	3	0.908|0.865|0.888	0.000	0.000	0.000	0.000	0.000	-15.968	1.092	0.916	
EIF4A2	CLP1	CLP1	0.262|0.127|.	0.787	0.262	3	.|.|0.377	0.000	0.000	0.000	0.000	0.000	-16.005	0.696	0.967	
EIF4A2	USP9X	USP9X	1.923|1.944|1.984	5.851	1.950	3	1.393|1.354|1.264	0.029	0.029	0.029	0.029	0.029	-3.505	1.460	0.629	
EIF4A2	USP7	USP7	0.562|0.523|0.549	1.634	0.545	3	0.818|0.727|0.783	0.000	0.000	0.000	0.000	0.000	-16.005	0.703	0.957	
EIF4A2	STMN2	STMN2	0.313|.|.	1.110	0.370	3	.|.|.	0.000	0.000	0.000	0.000	0.000	-16.005	0.929	0.970	
EIF4A2	PTP4A1	PTP4A1	0.168|0.360|0.469	0.997	0.332	3	0.498|0.536|.	0.000	0.000	0.000	0.000	0.000	-16.005	0.644	0.954	
EIF4A2	RPL36AL	RPL36AL	1.045|0.921|1.317	3.283	1.094	3	.|.|.	0.341	0.965	0.341	0.965	0.341	-3.505	2.748	0.134	
EIF4A2	EXOC4	EXOC4	0.586|0.761|0.686	2.033	0.678	3	0.815|1.228|0.640	0.000	0.000	0.000	0.000	0.000	-16.005	0.786	0.956	
EIF4A2	FUBP1	FUBP1	0.826|0.895|0.894	2.615	0.872	3	0.555|0.943|0.614	0.000	0.000	0.000	0.000	0.000	-15.672	1.273	0.926	
EIF4A2	LRRC59	LRRC59	3.509|3.426|3.515	10.450	3.483	3	4.079|4.138|3.822	0.000	0.000	0.000	0.000	0.000	-16.005	0.869	0.962	
EIF4A2	E2F7	E2F7	1.401|1.298|1.480	4.178	1.393	3	1.498|1.475|1.528	0.000	0.000	0.000	0.000	0.000	-16.005	0.929	0.957	
EIF4A2	RAD51AP1	RAD51AP1	0.394|0.375|0.470	1.239	0.413	3	0.654|0.682|0.631	0.000	0.000	0.000	0.000	0.000	-16.005	0.630	0.957	
EIF4A2	EXOSC8	EXOSC8	1.415|1.352|1.505	4.273	1.424	3	1.900|2.093|1.886	0.000	0.000	0.000	0.000	0.000	-16.005	0.728	0.962	
EIF4A2	SKA1	SKA1	0.276|.|0.467	1.142	0.381	3	0.758|2.104|0.688	0.000	0.000	0.000	0.000	0.000	-16.005	0.369	0.915	
EIF4A2	PINX1	PINX1	0.507|0.631|0.717	1.854	0.618	3	0.639|0.508|0.370	0.000	0.000	0.000	0.000	0.000	-15.997	1.253	0.910	
EIF4A2	CHCHD1	CHCHD1	1.032|0.980|1.088	3.100	1.033	3	1.331|1.204|1.165	0.000	0.000	0.000	0.000	0.000	-16.005	0.839	0.951	
EIF4A2	PYCR2	PYCR2	0.934|1.010|1.036	2.981	0.994	3	1.459|1.341|1.373	0.000	0.000	0.000	0.000	0.000	-16.005	0.715	0.957	
EIF4A2	CUSTOS	CUSTOS	0.836|0.832|0.896	2.564	0.855	3	0.983|0.932|0.942	0.000	0.000	0.000	0.000	0.000	-16.005	0.898	0.957	
EIF4A2	CCDC124	CCDC124	3.005|3.551|3.740	10.295	3.432	3	4.993|5.249|5.194	0.000	0.000	0.000	0.000	0.000	-16.005	0.667	0.962	
EIF4A2	AP2M1	AP2M1	0.891|0.698|0.803	2.392	0.797	3	0.890|0.900|0.931	0.000	0.000	0.000	0.000	0.000	-16.005	0.879	0.957	
EIF4A2	COQ8B	COQ8B	0.418|0.489|0.504	1.410	0.470	3	0.576|0.676|0.530	0.000	0.000	0.000	0.000	0.000	-16.005	0.795	0.957	
EIF4A2	REPS1	REPS1	0.276|0.395|0.458	1.130	0.377	3	0.356|0.476|0.551	0.000	0.000	0.000	0.000	0.000	-16.005	0.830	0.948	
EIF4A2	ESS2	ESS2	0.352|0.306|.	1.056	0.352	3	0.573|0.491|0.497	0.000	0.000	0.000	0.000	0.000	-16.005	0.678	0.966	
EIF4A2	CMBL	CMBL	11.648|10.815|12.213	34.675	11.558	3	11.968|12.750|12.420	0.000	0.000	0.000	0.000	0.000	-16.005	0.934	0.962	
EIF4A2	SNRNP40	SNRNP40	0.596|0.599|0.592	1.787	0.596	3	0.477|0.558|0.513	0.000	0.000	0.000	0.000	0.000	-13.686	1.157	0.911	
EIF4A2	MRRF	MRRF	1.484|1.187|1.423	4.093	1.364	3	1.307|1.380|1.121	0.000	0.000	0.000	0.000	0.000	-16.005	1.079	0.926	
EIF4A2	RRP36	RRP36	0.448|0.467|0.602	1.518	0.506	3	0.500|0.619|0.669	0.000	0.000	0.000	0.000	0.000	-16.005	0.855	0.947	
EIF4A2	RBM33	RBM33	1.448|1.863|1.658	4.970	1.657	3	1.448|1.682|1.551	0.000	0.000	0.000	0.000	0.000	-16.005	1.064	0.905	
EIF4A2	DNAJA3	DNAJA3	0.415|0.495|0.203	1.112	0.371	3	0.595|1.178|1.029	0.000	0.000	0.000	0.000	0.000	-16.005	0.413	0.953	
EIF4A2	TMA16	TMA16	0.512|1.165|1.189	2.865	0.955	3	1.229|1.206|1.091	0.000	0.000	0.000	0.000	0.000	-16.005	0.814	0.947	
EIF4A2	LTV1	LTV1	1.632|1.683|1.733	5.048	1.683	3	1.711|1.693|1.569	0.000	0.000	0.000	0.000	0.000	-16.005	1.016	0.941	
EIF4A2	FUBP3	FUBP3	0.333|0.488|0.395	1.216	0.405	3	.|.|.	0.000	0.000	0.000	0.000	0.000	-16.005	1.018	0.882	
EIF4A2	RBM17	RBM17	1.531|1.665|1.551	4.747	1.582	3	1.454|1.571|1.520	0.000	0.000	0.000	0.000	0.000	-15.985	1.045	0.930	
EIF4A2	RSRC1	RSRC1	1.522|1.692|1.677	4.891	1.630	3	1.367|1.384|1.424	0.000	0.000	0.000	0.000	0.000	-14.750	1.172	0.882	
EIF4A2	THOC3	THOC3	0.553|0.900|0.885	2.339	0.780	3	0.917|0.960|0.969	0.000	0.000	0.000	0.000	0.000	-16.005	0.822	0.957	
EIF4A2	VPS50	VPS50	0.510|0.546|0.282	1.339	0.446	3	0.837|0.756|0.817	0.000	0.000	0.000	0.000	0.000	-16.005	0.556	0.957	
EIF4A2	TMX3	TMX3	0.114|.|0.483	0.995	0.332	3	0.738|0.387|0.737	0.000	0.000	0.000	0.000	0.000	-16.005	0.558	0.966	
EIF4A2	CLPTM1L	CLPTM1L	0.320|0.380|0.388	1.088	0.363	3	0.423|0.327|0.243	0.000	0.000	0.000	0.000	0.000	-16.005	1.123	0.939	
EIF4A2	EXOC2	EXOC2	0.616|0.403|0.731	1.750	0.583	3	0.709|0.631|0.602	0.000	0.000	0.000	0.000	0.000	-16.005	0.903	0.929	
EIF4A2	CCDC7;ENOX1	CCDC7;ENOX1	1.768|.|.	2.564	0.855	3	.|.|.	0.333	1.000	0.333	1.000	0.333	-16.005	2.146	0.179	
EIF4A2	TCEANC2	TCEANC2	0.591|0.718|0.780	2.089	0.696	3	0.889|0.748|0.804	0.000	0.000	0.000	0.000	0.000	-16.005	0.858	0.951	
EIF4A2	CCDC43	CCDC43	1.261|1.236|1.368	3.865	1.288	3	1.262|1.309|1.296	0.000	0.000	0.000	0.000	0.000	-16.005	1.000	0.939	
EIF4A2	COG8	COG8	0.493|0.414|0.546	1.453	0.484	3	0.673|0.771|0.640	0.000	0.000	0.000	0.000	0.000	-16.005	0.700	0.952	
EIF4A2	DOCK7	DOCK7	0.847|0.790|0.524	2.162	0.721	3	0.692|1.155|1.281	0.000	0.000	0.000	0.000	0.000	-16.005	0.715	0.955	
EIF4A2	ZMAT2	ZMAT2	1.886|1.974|2.089	5.948	1.983	3	2.148|2.218|2.214	0.000	0.000	0.000	0.000	0.000	-16.005	0.904	0.962	
EIF4A2	RBM14	RBM14	4.366|4.489|5.076	13.932	4.644	3	5.753|5.949|5.640	0.000	0.000	0.000	0.000	0.000	-16.005	0.804	0.948	
EIF4A2	PPP1R10	PPP1R10	1.722|1.745|1.890	5.358	1.786	3	1.221|1.328|1.438	0.010	0.029	0.010	0.029	0.010	-8.372	1.347	0.760	
EIF4A2	VPS35	VPS35	0.446|0.550|0.504	1.500	0.500	3	0.676|0.824|0.741	0.000	0.000	0.000	0.000	0.000	-16.005	0.671	0.954	
EIF4A2	XPO6	XPO6	0.102|.|.	0.898	0.299	3	0.219|.|.	0.000	0.000	0.000	0.000	0.000	-16.005	1.366	0.968	
EIF4A2	VPS13A	VPS13A	4.251|.|4.713	9.362	3.121	3	4.298|4.479|.	0.000	0.000	0.000	0.000	0.000	-16.005	0.711	0.943	
EIF4A2	MCCC1	MCCC1	0.401|0.509|0.488	1.398	0.466	3	0.484|0.416|0.450	0.000	0.000	0.000	0.000	0.000	-16.005	1.038	0.922	
EIF4A2	ERBIN	ERBIN	0.443|0.381|0.559	1.383	0.461	3	0.522|0.690|0.452	0.000	0.000	0.000	0.000	0.000	-16.005	0.844	0.947	
EIF4A2	WRNIP1	WRNIP1	0.811|0.774|0.709	2.294	0.765	3	0.965|0.949|1.030	0.000	0.000	0.000	0.000	0.000	-16.005	0.780	0.957	
EIF4A2	OSBPL9	OSBPL9	0.403|.|.	1.200	0.400	3	.|0.609|0.502	0.000	0.000	0.000	0.000	0.000	-16.005	0.724	0.970	
EIF4A2	MAP7D2	MAP7D2	0.237|.|0.854	1.489	0.496	3	0.653|0.684|0.609	0.006	0.018	0.006	0.018	0.006	-16.005	0.766	0.819	
EIF4A2	RBM15	RBM15	1.387|1.407|1.526	4.320	1.440	3	1.203|1.155|1.193	0.001	0.003	0.001	0.003	0.001	-12.059	1.216	0.841	
EIF4A2	MMS19	MMS19	0.527|0.495|0.372	1.395	0.465	3	0.871|0.876|0.620	0.000	0.000	0.000	0.000	0.000	-16.005	0.597	0.955	
EIF4A2	MYCBP	MYCBP	1.102|1.085|1.230	3.417	1.139	3	1.419|1.586|1.521	0.000	0.000	0.000	0.000	0.000	-16.005	0.756	0.957	
EIF4A2	PSMB7	PSMB7	1.843|1.915|1.928	5.685	1.895	3	2.358|2.485|2.667	0.000	0.000	0.000	0.000	0.000	-16.005	0.758	0.962	
EIF4A2	CDC5L	CDC5L	0.458|0.276|.	1.133	0.378	3	0.340|0.367|0.307	0.000	0.001	0.000	0.001	0.000	-16.005	1.120	0.859	
EIF4A2	PSMD1	PSMD1	1.875|2.065|1.927	5.866	1.955	3	2.276|2.122|2.288	0.000	0.000	0.000	0.000	0.000	-16.005	0.878	0.948	
EIF4A2	PARK7	PARK7	0.642|0.229|.	1.269	0.423	3	0.616|0.181|0.722	0.003	0.010	0.003	0.010	0.003	-8.862	0.980	0.825	
EIF4A2	VAT1	VAT1	0.534|0.304|0.626	1.464	0.488	3	0.784|0.831|0.721	0.000	0.000	0.000	0.000	0.000	-16.005	0.628	0.962	
EIF4A2	NUP88	NUP88	0.512|0.561|0.782	1.855	0.618	3	0.408|0.466|0.556	0.000	0.000	0.000	0.000	0.000	-15.804	1.308	0.868	
EIF4A2	SCAF11	SCAF11	0.756|0.759|0.837	2.352	0.784	3	0.624|0.622|0.686	0.002	0.006	0.002	0.006	0.002	-11.933	1.219	0.833	
EIF4A2	EIF3C	EIF3C	9.384|9.703|9.111	28.197	9.399	3	2.603|2.663|2.564	0.999	1.000	0.999	1.000	0.999	6.090	3.602	0.000	
EIF4A2	DNAJC7	DNAJC7	0.461|0.543|0.410	1.414	0.471	3	1.067|1.142|1.093	0.000	0.000	0.000	0.000	0.000	-16.005	0.428	0.957	
EIF4A2	COPS8	COPS8	0.920|0.497|0.966	2.383	0.794	3	1.357|1.372|1.396	0.000	0.000	0.000	0.000	0.000	-16.005	0.578	0.957	
EIF4A2	OSMR	OSMR	0.973|1.088|1.041	3.102	1.034	3	.|.|.	0.029	0.029	0.029	0.029	0.029	-3.505	2.596	0.542	
EIF4A2	ATXN2	ATXN2	0.409|0.550|0.531	1.490	0.497	3	.|.|.	0.019	0.029	0.019	0.029	0.019	-15.896	1.247	0.707	
EIF4A2	HSD17B10	HSD17B10	1.282|1.624|1.478	4.384	1.461	3	1.541|1.671|1.582	0.000	0.000	0.000	0.000	0.000	-16.005	0.915	0.946	
EIF4A2	HNRNPAB	HNRNPAB	0.684|0.694|0.701	2.079	0.693	3	0.480|0.404|0.425	0.029	0.029	0.029	0.029	0.029	-3.505	1.593	0.629	
EIF4A2	PIP5K1A	PIP5K1A	2.179|1.916|2.138	6.233	2.078	3	1.915|2.083|2.072	0.000	0.000	0.000	0.000	0.000	-16.005	1.028	0.933	
EIF4A2	TXN2	TXN2	2.099|1.668|1.574	5.340	1.780	3	1.517|1.488|1.508	0.010	0.029	0.010	0.029	0.010	-15.683	1.183	0.786	
EIF4A2	TM9SF2	TM9SF2	0.795|.|.	1.591	0.530	3	0.905|.|0.751	0.000	0.000	0.000	0.000	0.000	-16.005	0.643	0.969	
EIF4A2	CPNE1	CPNE1	0.302|.|0.313	1.013	0.338	3	0.346|0.404|0.506	0.000	0.000	0.000	0.000	0.000	-16.005	0.817	0.966	
EIF4A2	CCT7	CCT7	7.477|7.640|7.178	22.296	7.432	3	9.159|8.423|8.958	0.000	0.000	0.000	0.000	0.000	-16.005	0.841	0.962	
EIF4A2	PRMT1	PRMT1	2.918|3.137|3.566	9.621	3.207	3	4.325|4.297|4.305	0.000	0.000	0.000	0.000	0.000	-16.005	0.744	0.962	
EIF4A2	AGPAT1	AGPAT1	0.763|0.697|0.924	2.384	0.795	3	0.981|0.993|1.110	0.000	0.000	0.000	0.000	0.000	-16.005	0.774	0.957	
EIF4A2	PKP2	PKP2	0.404|0.382|0.423	1.208	0.403	3	0.592|0.655|0.656	0.000	0.000	0.000	0.000	0.000	-16.005	0.636	0.957	
EIF4A2	VRK1	VRK1	0.411|0.406|0.520	1.337	0.446	3	0.462|0.465|0.388	0.000	0.000	0.000	0.000	0.000	-16.005	1.021	0.924	
EIF4A2	NIPSNAP1	NIPSNAP1	0.327|0.311|0.491	1.130	0.377	3	0.613|0.496|0.612	0.000	0.000	0.000	0.000	0.000	-16.005	0.660	0.956	
EIF4A2	NCAPG	NCAPG	1.556|1.751|1.904	5.212	1.737	3	1.865|1.915|1.770	0.000	0.000	0.000	0.000	0.000	-16.005	0.940	0.944	
EIF4A2	DDX50	DDX50	0.964|1.021|1.074	3.059	1.020	3	.|.|.	0.029	0.029	0.029	0.029	0.029	-3.505	2.560	0.542	
EIF4A2	MRPL34	MRPL34	0.744|0.948|0.860	2.552	0.851	3	0.702|0.849|0.745	0.000	0.000	0.000	0.000	0.000	-16.005	1.114	0.909	
EIF4A2	ELAC2	ELAC2	0.324|0.380|0.314	1.017	0.339	3	0.401|0.336|.	0.000	0.000	0.000	0.000	0.000	-16.005	0.923	0.946	
EIF4A2	TRIR	TRIR	1.231|1.347|1.288	3.867	1.289	3	1.629|1.989|1.932	0.000	0.000	0.000	0.000	0.000	-16.005	0.699	0.951	
EIF4A2	WDR77	WDR77	38.403|39.673|40.549	118.625	39.542	3	43.525|43.827|45.336	0.000	0.000	0.000	0.000	0.000	-16.005	0.894	0.962	
EIF4A2	TUBA1C	TUBA1C	23.823|30.211|29.636	83.670	27.890	3	36.873|39.639|37.302	0.000	0.000	0.000	0.000	0.000	-16.005	0.736	0.962	
EIF4A2	MYBBP1A	MYBBP1A	1.416|0.751|0.707	2.874	0.958	3	0.229|.|0.150	1.000	1.000	1.000	1.000	1.000	7.479	5.160	0.000	
EIF4A2	TXNDC17	TXNDC17	0.606|0.570|0.637	1.813	0.604	3	0.721|0.640|0.639	0.000	0.000	0.000	0.000	0.000	-16.005	0.908	0.956	
EIF4A2	PDCD2L	PDCD2L	0.214|.|0.539	1.151	0.384	3	0.508|.|0.542	0.000	0.000	0.000	0.000	0.000	-16.005	0.732	0.966	
EIF4A2	PAAF1	PAAF1	1.317|1.365|0.821	3.503	1.168	3	0.943|0.892|0.786	0.019	0.029	0.019	0.029	0.019	-16.005	1.340	0.713	
EIF4A2	GPATCH1	GPATCH1	1.494|1.808|1.761	5.063	1.688	3	2.222|2.381|2.557	0.000	0.000	0.000	0.000	0.000	-16.005	0.708	0.951	
EIF4A2	RIOK1	RIOK1	4.462|4.006|4.386	12.854	4.285	3	5.441|5.460|5.379	0.000	0.000	0.000	0.000	0.000	-16.005	0.790	0.948	
EIF4A2	WDR83	WDR83	1.301|1.236|1.351	3.887	1.296	3	1.725|1.828|1.803	0.000	0.000	0.000	0.000	0.000	-16.005	0.726	0.962	
EIF4A2	NTPCR	NTPCR	1.528|1.559|1.700	4.788	1.596	3	1.543|1.593|1.539	0.000	0.000	0.000	0.000	0.000	-16.005	1.024	0.933	
EIF4A2	TACO1	TACO1	0.622|0.672|0.618	1.912	0.637	3	0.544|0.568|0.501	0.000	0.000	0.000	0.000	0.000	-12.914	1.187	0.867	
EIF4A2	TUBGCP2	TUBGCP2	0.401|0.384|0.767	1.553	0.518	3	0.965|0.993|1.007	0.000	0.000	0.000	0.000	0.000	-16.005	0.524	0.957	
EIF4A2	ESYT1	ESYT1	0.887|1.036|0.983	2.906	0.969	3	1.293|1.199|1.219	0.000	0.000	0.000	0.000	0.000	-16.005	0.783	0.957	
EIF4A2	YIPF4	YIPF4	0.464|.|.	1.261	0.420	3	0.389|.|.	0.000	0.000	0.000	0.000	0.000	-15.980	1.080	0.937	
EIF4A2	ALG1	ALG1	0.292|0.368|0.350	1.010	0.337	3	0.513|0.352|0.406	0.000	0.000	0.000	0.000	0.000	-16.005	0.804	0.955	
EIF4A2	LIMD2	LIMD2	0.251|.|0.324	0.973	0.324	3	.|.|.	0.000	0.000	0.000	0.000	0.000	-16.005	0.815	0.967	
EIF4A2	COPS4	COPS4	0.800|0.757|0.815	2.372	0.791	3	0.982|1.202|1.103	0.000	0.000	0.000	0.000	0.000	-16.005	0.724	0.962	
EIF4A2	DIDO1	DIDO1	0.626|0.662|0.574	1.862	0.621	3	0.442|0.446|0.491	0.020	0.029	0.020	0.029	0.020	-8.110	1.352	0.695	
EIF4A2	RBM42	RBM42	0.659|0.541|0.630	1.830	0.610	3	0.582|0.642|0.617	0.000	0.000	0.000	0.000	0.000	-16.005	0.994	0.936	
EIF4A2	DCUN1D5	DCUN1D5	0.310|0.410|0.399	1.120	0.373	3	0.382|0.362|0.504	0.000	0.000	0.000	0.000	0.000	-16.005	0.908	0.953	
EIF4A2	ANP32E	ANP32E	0.579|0.628|0.739	1.946	0.649	3	0.471|0.524|0.377	0.000	0.000	0.000	0.000	0.000	-14.419	1.430	0.883	
EIF4A2	PI4K2A	PI4K2A	0.583|0.377|.	1.358	0.453	3	.|.|.	0.010	0.029	0.010	0.029	0.010	-16.005	1.137	0.799	
EIF4A2	TBCD	TBCD	0.229|0.131|.	0.759	0.253	3	.|0.288|.	0.000	0.000	0.000	0.000	0.000	-16.005	0.879	0.968	
EIF4A2	NDC1	NDC1	0.386|.|0.517	1.301	0.434	3	0.228|0.478|0.489	0.000	0.000	0.000	0.000	0.000	-10.830	1.153	0.863	
EIF4A2	NDUFAF3	NDUFAF3	0.415|.|0.517	1.331	0.444	3	0.580|0.601|0.638	0.000	0.000	0.000	0.000	0.000	-16.005	0.732	0.967	
EIF4A2	MMTAG2	MMTAG2	3.613|3.690|3.891	11.194	3.731	3	4.280|4.068|4.107	0.000	0.000	0.000	0.000	0.000	-16.005	0.899	0.948	
EIF4A2	SPINDOC	SPINDOC	1.098|1.281|1.284	3.663	1.221	3	1.768|1.456|1.491	0.000	0.000	0.000	0.000	0.000	-16.005	0.780	0.952	
EIF4A2	TUBB6	TUBB6	19.430|19.736|21.906	61.072	20.357	3	23.826|24.049|24.508	0.000	0.000	0.000	0.000	0.000	-16.005	0.844	0.962	
EIF4A2	POLR3C	POLR3C	0.440|0.596|0.489	1.525	0.508	3	0.723|0.776|0.735	0.000	0.000	0.000	0.000	0.000	-16.005	0.683	0.957	
EIF4A2	HNRNPUL1	HNRNPUL1	1.179|1.262|1.348	3.790	1.263	3	1.131|0.590|1.200	0.000	0.000	0.000	0.000	0.000	-9.602	1.360	0.860	
EIF4A2	DDX23	DDX23	0.722|0.733|0.877	2.331	0.777	3	0.894|1.056|0.938	0.000	0.000	0.000	0.000	0.000	-16.005	0.809	0.953	
EIF4A2	TUBB2B	TUBB2B	0.843|0.723|0.880	2.446	0.815	3	0.960|1.225|1.175	0.000	0.000	0.000	0.000	0.000	-16.005	0.732	0.953	
EIF4A2	TMEM109	TMEM109	1.580|1.673|1.584	4.837	1.612	3	2.207|2.216|2.170	0.000	0.000	0.000	0.000	0.000	-16.005	0.734	0.948	
EIF4A2	PBDC1	PBDC1	0.513|0.604|0.561	1.679	0.560	3	0.917|0.891|0.823	0.000	0.000	0.000	0.000	0.000	-16.005	0.639	0.957	
EIF4A2	NOC4L	NOC4L	0.278|0.584|0.349	1.211	0.404	3	0.325|0.604|0.390	0.000	0.000	0.000	0.000	0.000	-16.005	0.951	0.900	
EIF4A2	UTP14A	UTP14A	0.261|0.425|0.388	1.074	0.358	3	.|.|.	0.000	0.000	0.000	0.000	0.000	-16.005	0.899	0.938	
EIF4A2	TMED9	TMED9	0.411|0.531|.	1.340	0.447	3	0.634|0.619|0.435	0.000	0.000	0.000	0.000	0.000	-16.005	0.806	0.967	
EIF4A2	GNL3	GNL3	0.521|0.594|0.441	1.556	0.519	3	.|0.365|.	0.001	0.002	0.001	0.002	0.001	-14.492	1.420	0.842	
EIF4A2	RBM4;RBM4B	RBM4;RBM4B	0.447|.|0.518	1.364	0.455	3	0.623|.|.	0.000	0.000	0.000	0.000	0.000	-16.005	0.730	0.966	
EIF4A2	SCNM1	SCNM1	0.671|0.689|0.689	2.049	0.683	3	0.676|0.685|0.693	0.000	0.000	0.000	0.000	0.000	-16.005	0.997	0.947	
EIF4A2	RPAP1	RPAP1	0.362|0.372|.	1.132	0.377	3	0.523|0.569|0.562	0.000	0.000	0.000	0.000	0.000	-16.005	0.685	0.967	
EIF4A2	CHID1	CHID1	0.413|.|0.452	1.263	0.421	3	0.632|0.635|0.558	0.000	0.000	0.000	0.000	0.000	-16.005	0.693	0.967	
EIF4A2	LSM14B	LSM14B	1.060|1.283|1.175	3.517	1.172	3	1.061|0.893|0.819	0.000	0.000	0.000	0.000	0.000	-15.125	1.276	0.899	
EIF4A2	NUSAP1	NUSAP1	0.667|0.604|0.587	1.858	0.619	3	.|.|0.489	0.000	0.000	0.000	0.000	0.000	-14.047	1.266	0.891	
EIF4A2	HDHD5	HDHD5	0.298|.|0.219	0.915	0.305	3	0.350|.|0.362	0.000	0.000	0.000	0.000	0.000	-16.005	0.856	0.966	
EIF4A2	FANCD2	FANCD2	0.721|0.690|0.751	2.162	0.721	3	0.771|0.821|0.814	0.000	0.000	0.000	0.000	0.000	-16.005	0.899	0.957	
EIF4A2	POLDIP3	POLDIP3	1.229|1.266|1.255	3.750	1.250	3	1.234|1.252|1.401	0.000	0.000	0.000	0.000	0.000	-16.005	0.966	0.962	
EIF4A2	MRPS26	MRPS26	0.538|0.529|0.607	1.673	0.558	3	0.771|0.882|0.940	0.000	0.000	0.000	0.000	0.000	-16.005	0.648	0.961	
EIF4A2	GTPBP4	GTPBP4	0.403|.|.	1.199	0.400	3	.|.|.	0.000	0.000	0.000	0.000	0.000	-16.005	1.004	0.968	
EIF4A2	ASPSCR1	ASPSCR1	0.380|.|0.397	1.175	0.392	3	0.620|0.695|0.598	0.000	0.000	0.000	0.000	0.000	-16.005	0.616	0.966	
EIF4A2	UPF3B	UPF3B	0.652|0.458|0.472	1.582	0.527	3	0.394|0.572|0.467	0.000	0.000	0.000	0.000	0.000	-16.005	1.117	0.923	
EIF4A2	UCK2	UCK2	0.528|0.418|0.476	1.421	0.474	3	0.581|0.514|0.498	0.000	0.000	0.000	0.000	0.000	-16.005	0.894	0.955	
EIF4A2	API5	API5	0.777|0.681|0.951	2.408	0.803	3	1.036|0.993|1.082	0.000	0.000	0.000	0.000	0.000	-16.005	0.775	0.957	
EIF4A2	DPY30	DPY30	0.191|.|0.162	0.751	0.250	3	0.541|0.119|0.447	0.000	0.001	0.000	0.001	0.000	-8.053	0.815	0.856	
EIF4A2	UBE2O	UBE2O	0.492|0.440|0.533	1.466	0.489	3	0.554|0.692|0.709	0.000	0.000	0.000	0.000	0.000	-16.005	0.754	0.953	
EIF4A2	WDR33	WDR33	1.610|1.363|1.593	4.565	1.522	3	1.214|1.573|1.624	0.000	0.000	0.000	0.000	0.000	-16.005	1.043	0.940	
EIF4A2	COMMD5	COMMD5	0.278|.|.	1.074	0.358	3	0.411|0.425|0.380	0.000	0.000	0.000	0.000	0.000	-16.005	0.885	0.970	
EIF4A2	SKIC8	SKIC8	0.530|0.576|0.725	1.831	0.610	3	0.762|0.842|0.902	0.000	0.000	0.000	0.000	0.000	-16.005	0.732	0.953	
EIF4A2	SLIRP	SLIRP	1.097|1.249|1.134	3.480	1.160	3	1.446|1.549|1.555	0.000	0.000	0.000	0.000	0.000	-16.005	0.765	0.948	
EIF4A2	EGLN1	EGLN1	0.277|0.342|0.088	0.706	0.235	3	0.209|.|0.331	0.000	0.000	0.000	0.000	0.000	-16.005	0.895	0.925	
EIF4A2	NAT10	NAT10	0.756|0.915|1.070	2.741	0.914	3	0.776|0.740|0.730	0.010	0.029	0.010	0.029	0.010	-15.989	1.221	0.773	
EIF4A2	COMMD4	COMMD4	0.389|0.337|0.367	1.093	0.364	3	0.521|0.386|0.554	0.000	0.000	0.000	0.000	0.000	-16.005	0.757	0.953	
EIF4A2	KLC2	KLC2	0.855|0.877|0.937	2.668	0.889	3	1.207|1.382|1.327	0.000	0.000	0.000	0.000	0.000	-16.005	0.682	0.955	
EIF4A2	XRN2	XRN2	4.212|4.396|4.693	13.301	4.434	3	6.979|7.251|7.438	0.000	0.000	0.000	0.000	0.000	-16.005	0.614	0.962	
EIF4A2	NSRP1	NSRP1	1.734|2.040|2.824	6.598	2.199	3	1.867|2.032|2.049	0.010	0.029	0.010	0.029	0.010	-16.005	1.110	0.791	
EIF4A2	RACGAP1	RACGAP1	0.386|.|.	1.182	0.394	3	.|0.311|0.420	0.000	0.000	0.000	0.000	0.000	-15.823	1.091	0.968	
EIF4A2	DDX47	DDX47	0.527|0.486|0.458	1.470	0.490	3	0.748|0.692|0.739	0.000	0.000	0.000	0.000	0.000	-16.005	0.675	0.957	
EIF4A2	RAB1B	RAB1B	1.503|1.076|1.099	3.677	1.226	3	0.923|1.087|1.214	0.000	0.000	0.000	0.000	0.000	-16.002	1.148	0.901	
EIF4A2	POLR3F	POLR3F	0.627|0.415|0.442	1.484	0.495	3	0.615|0.497|0.613	0.000	0.000	0.000	0.000	0.000	-16.005	0.865	0.940	
EIF4A2	NUCKS1	NUCKS1	2.042|2.167|2.062	6.271	2.090	3	2.593|2.272|3.005	0.000	0.000	0.000	0.000	0.000	-16.005	0.802	0.951	
EIF4A2	VPS16	VPS16	0.474|0.670|0.427	1.570	0.523	3	0.492|0.627|0.678	0.000	0.000	0.000	0.000	0.000	-16.005	0.882	0.941	
EIF4A2	PPIL3	PPIL3	0.999|1.113|1.136	3.248	1.083	3	1.164|1.285|1.117	0.000	0.000	0.000	0.000	0.000	-16.005	0.912	0.952	
EIF4A2	RAB3GAP2	RAB3GAP2	0.696|0.524|0.603	1.822	0.607	3	0.594|0.736|0.817	0.000	0.000	0.000	0.000	0.000	-16.005	0.856	0.953	
EIF4A2	DHX36	DHX36	2.142|2.220|2.526	6.888	2.296	3	1.867|1.747|1.876	0.010	0.029	0.010	0.029	0.010	-12.089	1.255	0.775	
EIF4A2	PPA2	PPA2	0.724|0.876|0.768	2.368	0.789	3	0.690|0.735|0.601	0.000	0.000	0.000	0.000	0.000	-15.634	1.173	0.898	
EIF4A2	PNN	PNN	0.753|0.954|0.840	2.547	0.849	3	0.824|0.767|0.843	0.000	0.000	0.000	0.000	0.000	-16.005	1.047	0.906	
EIF4A2	MTRFR	MTRFR	0.578|0.640|1.184	2.402	0.801	3	1.005|1.397|1.105	0.000	0.000	0.000	0.000	0.000	-16.005	0.692	0.947	
EIF4A2	BOLA2	BOLA2	1.421|1.465|1.584	4.469	1.490	3	1.779|1.849|1.761	0.000	0.000	0.000	0.000	0.000	-16.005	0.829	0.957	
EIF4A2	TMX1	TMX1	0.451|0.380|0.663	1.494	0.498	3	0.465|0.520|0.589	0.000	0.000	0.000	0.000	0.000	-16.005	0.954	0.916	
EIF4A2	NELFA	NELFA	0.388|0.353|.	1.139	0.380	3	0.474|0.630|0.546	0.000	0.000	0.000	0.000	0.000	-16.005	0.695	0.967	
EIF4A2	RNF41	RNF41	0.296|0.209|0.774	1.278	0.426	3	0.305|.|.	0.285	0.854	0.285	0.854	0.285	-16.005	1.396	0.285	
EIF4A2	STEEP1	STEEP1	0.295|.|.	1.091	0.364	3	0.626|0.611|1.149	0.000	0.000	0.000	0.000	0.000	-16.005	0.479	0.968	
EIF4A2	DHX35	DHX35	0.974|0.899|0.901	2.774	0.925	3	1.899|1.791|1.860	0.000	0.000	0.000	0.000	0.000	-16.005	0.500	0.957	
EIF4A2	HAUS4	HAUS4	0.412|0.469|0.526	1.407	0.469	3	0.682|0.716|0.639	0.000	0.000	0.000	0.000	0.000	-16.005	0.692	0.957	
EIF4A2	CCDC134	CCDC134	1.391|1.364|1.243	3.998	1.333	3	1.503|1.636|1.464	0.000	0.000	0.000	0.000	0.000	-16.005	0.870	0.962	
EIF4A2	REEP4	REEP4	0.414|0.636|0.768	1.818	0.606	3	0.663|0.635|0.561	0.000	0.000	0.000	0.000	0.000	-16.005	0.981	0.901	
EIF4A2	WDR26	WDR26	0.670|0.654|0.750	2.074	0.691	3	0.797|0.718|0.703	0.000	0.000	0.000	0.000	0.000	-16.005	0.937	0.946	
EIF4A2	ZNF703	ZNF703	0.197|0.370|0.471	1.038	0.346	3	0.443|0.515|0.451	0.000	0.000	0.000	0.000	0.000	-16.005	0.738	0.948	
EIF4A2	NRDE2	NRDE2	0.379|.|.	1.175	0.392	3	.|.|.	0.000	0.000	0.000	0.000	0.000	-16.005	0.984	0.970	
EIF4A2	NT5DC2	NT5DC2	2.188|2.205|2.518	6.911	2.304	3	2.111|2.013|2.110	0.000	0.000	0.000	0.000	0.000	-15.581	1.109	0.890	
EIF4A2	FAM204A	FAM204A	0.420|0.366|.	1.184	0.395	3	.|0.455|0.446	0.000	0.000	0.000	0.000	0.000	-16.005	0.876	0.966	
EIF4A2	ZWILCH	ZWILCH	0.551|0.706|0.642	1.899	0.633	3	0.638|0.677|0.743	0.000	0.000	0.000	0.000	0.000	-16.005	0.925	0.944	
EIF4A2	JPT2	JPT2	0.484|0.752|0.687	1.923	0.641	3	0.841|0.904|1.168	0.000	0.000	0.000	0.000	0.000	-16.005	0.667	0.952	
EIF4A2	COPS7B	COPS7B	0.234|.|0.141	0.773	0.258	3	0.358|0.534|0.458	0.000	0.000	0.000	0.000	0.000	-16.005	0.581	0.966	
EIF4A2	ELP3	ELP3	0.915|1.073|1.059	3.048	1.016	3	1.298|1.272|1.177	0.000	0.000	0.000	0.000	0.000	-16.005	0.814	0.957	
EIF4A2	XPO5	XPO5	0.604|0.767|0.603	1.975	0.658	3	0.768|0.868|0.802	0.000	0.000	0.000	0.000	0.000	-16.005	0.811	0.957	
EIF4A2	MYG1	MYG1	0.436|.|.	1.232	0.411	3	0.455|.|0.577	0.000	0.000	0.000	0.000	0.000	-16.005	0.802	0.969	
EIF4A2	CACYBP	CACYBP	0.910|0.938|0.883	2.732	0.911	3	1.094|1.097|1.009	0.000	0.000	0.000	0.000	0.000	-16.005	0.854	0.957	
EIF4A2	EML4	EML4	0.466|0.429|0.445	1.340	0.447	3	0.637|0.716|0.692	0.000	0.000	0.000	0.000	0.000	-16.005	0.656	0.957	
EIF4A2	MCCC2	MCCC2	0.599|0.543|0.611	1.752	0.584	3	0.704|0.563|0.580	0.000	0.000	0.000	0.000	0.000	-16.005	0.953	0.953	
EIF4A2	MOV10	MOV10	0.646|0.523|0.589	1.758	0.586	3	.|.|.	0.024	0.029	0.024	0.029	0.024	-4.245	1.472	0.678	
EIF4A2	CWC22	CWC22	0.500|0.508|0.542	1.550	0.517	3	0.448|.|0.370	0.000	0.000	0.000	0.000	0.000	-13.976	1.269	0.905	
EIF4A2	CHD8	CHD8	0.576|0.655|0.618	1.848	0.616	3	0.521|0.486|0.585	0.000	0.000	0.000	0.000	0.000	-15.394	1.165	0.907	
EIF4A2	CHMP1A	CHMP1A	0.765|0.906|.	2.069	0.690	3	1.240|0.974|0.779	0.000	0.000	0.000	0.000	0.000	-16.005	0.704	0.967	
EIF4A2	TM9SF3	TM9SF3	0.825|0.811|0.995	2.632	0.877	3	0.856|0.814|0.768	0.000	0.000	0.000	0.000	0.000	-16.005	1.080	0.882	
EIF4A2	ZCCHC17	ZCCHC17	1.882|1.760|1.969	5.611	1.870	3	2.072|1.871|2.023	0.000	0.000	0.000	0.000	0.000	-16.005	0.941	0.962	
EIF4A2	RAB18	RAB18	0.840|1.039|0.990	2.869	0.956	3	1.089|1.108|1.123	0.000	0.000	0.000	0.000	0.000	-16.005	0.864	0.957	
EIF4A2	ALG13	ALG13	0.698|0.507|0.681	1.887	0.629	3	0.443|0.474|0.320	0.000	0.000	0.000	0.000	0.000	-15.177	1.546	0.891	
EIF4A2	SARS2	SARS2	0.485|.|0.519	1.402	0.467	3	.|0.588|.	0.000	0.000	0.000	0.000	0.000	-16.005	0.794	0.967	
EIF4A2	ENY2	ENY2	1.663|1.750|1.766	5.179	1.726	3	2.148|2.144|2.255	0.000	0.000	0.000	0.000	0.000	-16.005	0.791	0.962	
EIF4A2	UBE2T	UBE2T	0.277|0.343|0.343	0.962	0.321	3	0.462|.|0.540	0.000	0.000	0.000	0.000	0.000	-16.005	0.642	0.953	
EIF4A2	ISYNA1	ISYNA1	0.724|0.862|0.807	2.392	0.797	3	1.216|1.049|0.971	0.000	0.000	0.000	0.000	0.000	-16.005	0.742	0.962	
EIF4A2	LUC7L	LUC7L	1.513|0.951|0.883	3.347	1.116	3	0.983|0.933|1.021	0.010	0.029	0.010	0.029	0.010	-16.005	1.140	0.795	
EIF4A2	COPRS	COPRS	0.652|0.746|0.797	2.195	0.732	3	0.894|1.041|1.210	0.000	0.000	0.000	0.000	0.000	-16.005	0.703	0.961	
EIF4A2	RTN4	RTN4	1.154|1.128|1.154	3.435	1.145	3	1.620|1.723|1.535	0.000	0.000	0.000	0.000	0.000	-16.005	0.705	0.948	
EIF4A2	GPHN	GPHN	0.625|0.707|0.946	2.278	0.759	3	0.931|0.903|0.966	0.000	0.000	0.000	0.000	0.000	-16.005	0.814	0.947	
EIF4A2	DIABLO	DIABLO	0.837|0.794|0.953	2.583	0.861	3	1.112|1.370|1.303	0.000	0.000	0.000	0.000	0.000	-16.005	0.685	0.953	
EIF4A2	DDX21	DDX21	1.695|1.591|1.808	5.094	1.698	3	1.473|1.754|1.418	0.000	0.000	0.000	0.000	0.000	-15.947	1.101	0.929	
EIF4A2	EIF2B3	EIF2B3	0.708|0.983|1.051	2.742	0.914	3	1.185|1.244|1.245	0.000	0.000	0.000	0.000	0.000	-16.005	0.747	0.957	
EIF4A2	EIF4ENIF1	EIF4ENIF1	0.633|0.608|0.678	1.919	0.640	3	1.010|0.908|0.951	0.000	0.000	0.000	0.000	0.000	-16.005	0.669	0.957	
EIF4A2	AAAS	AAAS	1.144|0.697|0.825	2.666	0.889	3	0.751|0.720|0.732	0.010	0.029	0.010	0.029	0.010	-16.005	1.210	0.784	
EIF4A2	DROSHA	DROSHA	0.398|0.463|0.329	1.191	0.397	3	.|0.374|.	0.000	0.000	0.000	0.000	0.000	-16.005	1.062	0.925	
EIF4A2	FARSB	FARSB	0.427|0.469|0.570	1.466	0.489	3	0.883|0.942|0.799	0.000	0.000	0.000	0.000	0.000	-16.005	0.560	0.952	
EIF4A2	KLC4	KLC4	0.538|0.599|0.566	1.703	0.568	3	0.637|0.606|0.380	0.000	0.000	0.000	0.000	0.000	-16.001	1.077	0.943	
EIF4A2	SMC4	SMC4	1.618|1.608|1.822	5.048	1.683	3	1.777|1.856|1.808	0.000	0.000	0.000	0.000	0.000	-16.005	0.928	0.948	
EIF4A2	SACM1L	SACM1L	0.759|0.790|0.866	2.415	0.805	3	0.852|0.890|0.788	0.000	0.000	0.000	0.000	0.000	-16.005	0.956	0.944	
EIF4A2	OLA1	OLA1	0.390|0.632|0.557	1.580	0.527	3	.|0.403|0.397	0.001	0.002	0.001	0.002	0.001	-16.005	1.316	0.846	
EIF4A2	TXLNG	TXLNG	0.457|.|0.597	1.453	0.484	3	0.833|0.865|0.839	0.000	0.000	0.000	0.000	0.000	-16.005	0.573	0.967	
EIF4A2	EXOC1	EXOC1	0.378|.|0.496	1.272	0.424	3	0.331|0.354|0.944	0.000	0.001	0.000	0.001	0.000	-9.270	0.883	0.860	
EIF4A2	SEPTIN11	SEPTIN11	1.457|1.407|1.343	4.207	1.402	3	1.783|1.794|1.627	0.000	0.000	0.000	0.000	0.000	-16.005	0.809	0.962	
EIF4A2	FANCI	FANCI	0.929|0.882|0.818	2.629	0.876	3	1.119|1.020|1.031	0.000	0.000	0.000	0.000	0.000	-16.005	0.830	0.957	
EIF4A2	ARL8B	ARL8B	0.401|0.509|0.549	1.459	0.486	3	0.432|.|.	0.000	0.000	0.000	0.000	0.000	-16.005	1.126	0.915	
EIF4A2	DNAJC17	DNAJC17	0.309|0.230|0.440	0.979	0.326	3	0.327|0.295|.	0.000	0.000	0.000	0.000	0.000	-16.005	1.051	0.904	
EIF4A2	GNL3L	GNL3L	1.310|1.204|1.209	3.723	1.241	3	2.120|2.208|2.298	0.000	0.000	0.000	0.000	0.000	-16.005	0.562	0.962	
EIF4A2	DDX18	DDX18	0.690|0.333|0.242	1.264	0.421	3	.|.|.	0.010	0.029	0.010	0.029	0.010	-16.005	1.058	0.793	
EIF4A2	POLR3B	POLR3B	0.577|0.458|0.533	1.568	0.523	3	0.687|0.614|0.581	0.000	0.000	0.000	0.000	0.000	-16.005	0.835	0.954	
EIF4A2	RBM22	RBM22	0.328|.|0.302	1.028	0.343	3	0.388|0.389|0.429	0.000	0.000	0.000	0.000	0.000	-16.005	0.854	0.967	
EIF4A2	ARGLU1	ARGLU1	0.835|.|1.264	2.497	0.832	3	1.005|1.022|1.177	0.000	0.000	0.000	0.000	0.000	-16.005	0.781	0.917	
EIF4A2	SLTM	SLTM	1.390|1.214|1.394	3.998	1.333	3	1.579|1.646|1.603	0.000	0.000	0.000	0.000	0.000	-16.005	0.828	0.948	
EIF4A2	BABAM1	BABAM1	0.342|.|.	1.139	0.380	3	0.622|0.656|0.675	0.000	0.000	0.000	0.000	0.000	-16.005	0.583	0.970	
EIF4A2	CLN6	CLN6	0.404|.|.	1.200	0.400	3	.|.|.	0.000	0.000	0.000	0.000	0.000	-16.005	1.005	0.968	
EIF4A2	UCKL1	UCKL1	0.348|0.322|.	1.068	0.356	3	0.380|0.560|0.364	0.000	0.000	0.000	0.000	0.000	-16.005	0.836	0.967	
EIF4A2	NHP2	NHP2	0.464|.|0.487	1.349	0.450	3	.|.|0.524	0.000	0.000	0.000	0.000	0.000	-16.005	0.858	0.967	
EIF4A2	LYAR	LYAR	0.338|0.588|0.510	1.435	0.478	3	0.436|0.623|0.630	0.000	0.000	0.000	0.000	0.000	-16.005	0.862	0.946	
EIF4A2	CWC25	CWC25	4.529|4.564|5.277	14.370	4.790	3	3.542|3.489|3.455	0.014	0.029	0.014	0.029	0.014	-5.447	1.371	0.738	
EIF4A2	TRMT1	TRMT1	0.449|0.471|0.488	1.408	0.469	3	0.660|0.645|1.687	0.000	0.000	0.000	0.000	0.000	-14.239	0.524	0.914	
EIF4A2	BABAM2	BABAM2	0.608|0.631|0.640	1.879	0.626	3	0.805|0.616|0.612	0.000	0.000	0.000	0.000	0.000	-16.005	0.932	0.953	
EIF4A2	QPCTL	QPCTL	1.184|1.061|1.266	3.512	1.171	3	1.469|1.455|1.447	0.000	0.000	0.000	0.000	0.000	-16.005	0.803	0.957	
EIF4A2	GAR1	GAR1	1.392|1.349|1.437	4.179	1.393	3	1.548|0.932|1.322	0.000	0.000	0.000	0.000	0.000	-15.925	1.123	0.940	
EIF4A2	BCLAF1	BCLAF1	6.456|6.601|6.565	19.622	6.541	3	4.540|4.941|4.502	0.029	0.029	0.029	0.029	0.029	-3.505	1.405	0.644	
EIF4A2	UGGT1	UGGT1	0.739|0.910|0.873	2.523	0.841	3	1.090|0.947|1.097	0.000	0.000	0.000	0.000	0.000	-16.005	0.807	0.953	
EIF4A2	CDK12	CDK12	0.209|.|.	1.006	0.335	3	.|.|0.647	0.000	0.000	0.000	0.000	0.000	-16.005	0.518	0.968	
EIF4A2	GTSE1	GTSE1	0.472|.|0.536	1.406	0.469	3	0.627|0.597|0.542	0.000	0.000	0.000	0.000	0.000	-16.005	0.798	0.966	
EIF4A2	TECR	TECR	1.506|1.548|1.672	4.725	1.575	3	1.830|1.924|1.875	0.000	0.000	0.000	0.000	0.000	-16.005	0.840	0.962	
EIF4A2	C9orf78	C9orf78	0.512|0.608|0.624	1.744	0.581	3	0.541|0.519|0.561	0.000	0.000	0.000	0.000	0.000	-16.005	1.076	0.912	
EIF4A2	IGF2BP1	IGF2BP1	0.955|0.977|0.822	2.754	0.918	3	.|.|.	0.029	0.029	0.029	0.029	0.029	-3.505	2.305	0.476	
EIF4A2	HSPBP1	HSPBP1	0.763|0.673|0.795	2.231	0.744	3	1.095|1.113|1.120	0.000	0.000	0.000	0.000	0.000	-16.005	0.670	0.957	
EIF4A2	CNIH4	CNIH4	1.757|1.877|1.865	5.499	1.833	3	.|1.809|1.772	0.000	0.000	0.000	0.000	0.000	-16.005	1.024	0.939	
EIF4A2	CRIPT	CRIPT	2.386|2.381|2.372	7.139	2.380	3	2.973|3.143|3.006	0.000	0.000	0.000	0.000	0.000	-16.005	0.783	0.962	
EIF4A2	CCDC59	CCDC59	0.682|0.693|0.553	1.928	0.643	3	0.464|0.600|0.583	0.000	0.000	0.000	0.000	0.000	-15.998	1.178	0.919	
EIF4A2	HACD3	HACD3	1.579|1.755|1.887	5.221	1.740	3	1.753|1.724|1.680	0.000	0.000	0.000	0.000	0.000	-16.005	1.013	0.931	
EIF4A2	VAPA	VAPA	0.761|.|.	1.557	0.519	3	.|0.771|.	0.000	0.000	0.000	0.000	0.000	-16.005	0.673	0.969	
EIF4A2	CAMSAP3	CAMSAP3	0.805|0.445|0.583	1.832	0.611	3	1.243|1.231|1.092	0.000	0.000	0.000	0.000	0.000	-16.005	0.515	0.951	
EIF4A2	VPS18	VPS18	0.433|0.183|0.622	1.238	0.413	3	0.650|0.777|0.732	0.000	0.000	0.000	0.000	0.000	-16.005	0.575	0.951	
EIF4A2	RCC2	RCC2	6.306|6.419|6.296	19.021	6.340	3	8.317|8.093|8.056	0.000	0.000	0.000	0.000	0.000	-16.005	0.778	0.962	
EIF4A2	RELCH	RELCH	0.269|.|0.311	0.978	0.326	3	0.384|0.385|0.490	0.000	0.000	0.000	0.000	0.000	-16.005	0.782	0.966	
EIF4A2	SLAIN2	SLAIN2	0.652|0.728|0.738	2.117	0.706	3	0.837|0.775|0.775	0.000	0.000	0.000	0.000	0.000	-16.005	0.888	0.957	
EIF4A2	STK26	STK26	0.421|0.517|0.550	1.488	0.496	3	0.491|0.786|0.635	0.000	0.000	0.000	0.000	0.000	-16.005	0.793	0.954	
EIF4A2	IBTK	IBTK	2.053|1.957|2.119	6.129	2.043	3	.|.|.	1.000	1.000	1.000	1.000	1.000	8.714	5.131	0.000	
EIF4A2	LARS1	LARS1	0.713|0.648|0.752	2.113	0.704	3	0.601|0.490|0.626	0.000	0.000	0.000	0.000	0.000	-15.260	1.238	0.910	
EIF4A2	RCOR3	RCOR3	0.469|0.471|0.407	1.348	0.449	3	0.479|0.539|0.599	0.000	0.000	0.000	0.000	0.000	-16.005	0.837	0.953	
EIF4A2	RBM27	RBM27	3.942|3.678|4.053	11.674	3.891	3	3.436|3.786|3.644	0.000	0.000	0.000	0.000	0.000	-15.963	1.075	0.922	
EIF4A2	ANKFY1	ANKFY1	0.908|1.033|1.044	2.985	0.995	3	1.286|1.289|1.134	0.000	0.000	0.000	0.000	0.000	-16.005	0.806	0.962	
EIF4A2	TFIP11	TFIP11	0.970|0.966|0.908	2.844	0.948	3	1.104|1.390|1.319	0.000	0.000	0.000	0.000	0.000	-16.005	0.749	0.956	
EIF4A2	EPS15L1	EPS15L1	1.099|.|0.251	1.747	0.582	3	0.442|0.344|0.555	0.330	0.990	0.330	0.990	0.330	-16.005	1.327	0.248	
EIF4A2	COPG2	COPG2	1.557|1.674|1.787	5.018	1.673	3	2.251|2.574|2.380	0.000	0.000	0.000	0.000	0.000	-16.005	0.697	0.948	
EIF4A2	DHCR7	DHCR7	0.682|0.759|0.703	2.145	0.715	3	0.771|1.467|0.887	0.000	0.000	0.000	0.000	0.000	-16.005	0.714	0.956	
EIF4A2	EIF3K	EIF3K	4.826|4.966|5.116	14.908	4.969	3	1.668|1.732|1.712	0.029	0.029	0.029	0.029	0.029	-3.505	2.917	0.445	
EIF4A2	CTSZ	CTSZ	0.305|.|0.270	0.973	0.324	3	0.307|0.331|0.306	0.000	0.000	0.000	0.000	0.000	-16.005	1.030	0.967	
EIF4A2	DNAJB11	DNAJB11	0.336|.|.	1.133	0.378	3	0.608|0.672|0.650	0.000	0.000	0.000	0.000	0.000	-16.005	0.587	0.970	
EIF4A2	MORF4L1	MORF4L1	0.290|0.286|0.337	0.914	0.305	3	1.466|.|0.409	0.000	0.000	0.000	0.000	0.000	-16.005	0.393	0.961	
EIF4A2	COPS7A	COPS7A	0.670|0.692|0.702	2.064	0.688	3	0.949|0.973|1.003	0.000	0.000	0.000	0.000	0.000	-16.005	0.706	0.957	
EIF4A2	TJP2	TJP2	0.937|0.804|1.159	2.899	0.966	3	.|0.227|.	1.000	1.000	1.000	1.000	1.000	8.626	4.258	0.000	
EIF4A2	CGGBP1	CGGBP1	0.775|0.699|0.738	2.212	0.737	3	0.686|0.692|0.844	0.000	0.000	0.000	0.000	0.000	-16.005	1.000	0.944	
EIF4A2	ABCF2	ABCF2	1.148|0.943|0.921	3.012	1.004	3	1.341|1.357|1.444	0.000	0.000	0.000	0.000	0.000	-16.005	0.728	0.957	
EIF4A2	SEC63	SEC63	0.574|0.685|0.440	1.700	0.567	3	0.516|0.521|0.575	0.000	0.001	0.000	0.001	0.000	-16.005	1.056	0.852	
EIF4A2	NOL12	NOL12	0.479|0.467|0.519	1.465	0.488	3	.|.|.	0.002	0.007	0.002	0.007	0.002	-12.041	1.226	0.831	
EIF4A2	LIMA1	LIMA1	0.818|0.424|0.557	1.799	0.600	3	0.702|0.441|0.493	0.000	0.000	0.000	0.000	0.000	-16.005	1.121	0.916	
EIF4A2	AFF4	AFF4	0.302|0.273|.	0.973	0.324	3	.|0.538|0.422	0.000	0.000	0.000	0.000	0.000	-16.005	0.681	0.966	
EIF4A2	SRP68	SRP68	0.809|0.939|0.938	2.686	0.895	3	1.109|1.190|1.279	0.000	0.000	0.000	0.000	0.000	-16.005	0.752	0.952	
EIF4A2	SEPTIN9	SEPTIN9	1.019|0.911|1.175	3.105	1.035	3	1.369|1.376|1.379	0.000	0.000	0.000	0.000	0.000	-16.005	0.753	0.957	
EIF4A2	UBQLN2	UBQLN2	0.187|.|.	0.983	0.328	3	0.345|0.398|.	0.000	0.000	0.000	0.000	0.000	-16.005	0.885	0.968	
EIF4A2	BAIAP2L1	BAIAP2L1	0.411|0.389|0.438	1.239	0.413	3	0.606|0.558|0.551	0.000	0.000	0.000	0.000	0.000	-16.005	0.723	0.957	
EIF4A2	SAP30BP	SAP30BP	1.436|1.356|1.430	4.222	1.407	3	1.300|1.327|1.336	0.000	0.000	0.000	0.000	0.000	-15.896	1.065	0.929	
EIF4A2	PFDN2	PFDN2	0.737|.|0.240	1.375	0.458	3	1.249|0.622|1.312	0.000	0.000	0.000	0.000	0.000	-16.005	0.456	0.966	
EIF4A2	PUF60	PUF60	2.995|3.206|3.398	9.599	3.200	3	2.670|3.091|2.912	0.000	0.000	0.000	0.000	0.000	-15.812	1.109	0.909	
EIF4A2	EIF2B4	EIF2B4	1.131|1.135|1.242	3.508	1.169	3	1.451|1.277|1.446	0.000	0.000	0.000	0.000	0.000	-16.005	0.842	0.952	
EIF4A2	ATP6V1H	ATP6V1H	0.460|0.721|0.759	1.940	0.647	3	0.862|0.981|0.914	0.000	0.000	0.000	0.000	0.000	-16.005	0.705	0.957	
EIF4A2	XPO7	XPO7	0.478|0.800|0.685	1.963	0.654	3	0.917|1.056|0.989	0.000	0.000	0.000	0.000	0.000	-16.005	0.664	0.952	
EIF4A2	VPS51	VPS51	0.566|0.520|0.508	1.594	0.531	3	0.561|0.665|0.622	0.000	0.000	0.000	0.000	0.000	-16.005	0.865	0.962	
EIF4A2	ATP5IF1	ATP5IF1	0.528|0.330|0.505	1.363	0.454	3	0.356|0.438|0.439	0.000	0.000	0.000	0.000	0.000	-16.005	1.111	0.911	
EIF4A2	HOOK1	HOOK1	0.351|0.899|0.713	1.963	0.654	3	0.506|0.370|0.698	0.001	0.002	0.001	0.002	0.001	-16.005	1.290	0.842	
EIF4A2	DDX41	DDX41	1.319|1.475|1.552	4.345	1.448	3	1.345|1.435|1.342	0.000	0.000	0.000	0.000	0.000	-16.005	1.055	0.921	
EIF4A2	DCTN4	DCTN4	0.690|0.685|0.759	2.134	0.711	3	0.917|0.961|0.943	0.000	0.000	0.000	0.000	0.000	-16.005	0.756	0.957	
EIF4A2	ANAPC5	ANAPC5	0.509|.|.	1.305	0.435	3	.|.|0.424	0.000	0.000	0.000	0.000	0.000	-16.005	1.026	0.933	
EIF4A2	DBR1	DBR1	0.368|.|0.368	1.135	0.378	3	0.502|0.482|0.562	0.000	0.000	0.000	0.000	0.000	-16.005	0.735	0.967	
EIF4A2	PTBP2	PTBP2	1.106|1.190|1.220	3.517	1.172	3	.|.|.	0.054	0.102	0.054	0.102	0.054	-3.505	2.944	0.406	
EIF4A2	MRTO4	MRTO4	1.234|1.321|1.451	4.006	1.335	3	1.553|1.502|1.635	0.000	0.000	0.000	0.000	0.000	-16.005	0.855	0.957	
EIF4A2	GPATCH8	GPATCH8	0.506|0.573|0.567	1.646	0.549	3	1.346|0.681|1.234	0.000	0.000	0.000	0.000	0.000	-16.005	0.527	0.953	
EIF4A2	NUP50	NUP50	0.862|0.509|0.931	2.302	0.767	3	0.904|0.893|0.814	0.000	0.000	0.000	0.000	0.000	-16.005	0.883	0.937	
EIF4A2	CNOT11	CNOT11	0.379|.|.	1.175	0.392	3	.|.|.	0.000	0.000	0.000	0.000	0.000	-16.005	0.984	0.970	
EIF4A2	BAG5	BAG5	0.533|0.690|0.557	1.780	0.593	3	0.694|0.801|0.684	0.000	0.000	0.000	0.000	0.000	-16.005	0.819	0.952	
EIF4A2	RAB21	RAB21	0.354|.|.	1.150	0.383	3	0.435|0.487|0.397	0.000	0.000	0.000	0.000	0.000	-16.005	0.876	0.968	
EIF4A2	PSME2	PSME2	0.047|0.339|0.377	0.762	0.254	3	0.544|0.538|0.711	0.000	0.000	0.000	0.000	0.000	-16.005	0.429	0.952	
EIF4A2	MCTS1	MCTS1	0.679|0.731|.	1.808	0.603	3	0.897|0.872|0.855	0.000	0.000	0.000	0.000	0.000	-16.005	0.689	0.967	
EIF4A2	HECTD1	HECTD1	0.837|0.749|0.854	2.440	0.813	3	0.952|1.000|0.933	0.000	0.000	0.000	0.000	0.000	-16.005	0.846	0.957	
EIF4A2	CORO1C	CORO1C	0.652|0.757|0.611	2.019	0.673	3	0.759|0.699|0.731	0.000	0.000	0.000	0.000	0.000	-16.005	0.923	0.943	
EIF4A2	TPX2	TPX2	0.274|.|0.269	0.941	0.314	3	0.381|0.332|0.363	0.000	0.000	0.000	0.000	0.000	-16.005	0.876	0.966	
EIF4A2	NOB1	NOB1	1.010|1.036|0.975	3.021	1.007	3	1.056|1.151|1.297	0.000	0.000	0.000	0.000	0.000	-16.005	0.865	0.962	
EIF4A2	TMCO1	TMCO1	0.397|0.421|0.526	1.344	0.448	3	1.042|0.640|0.641	0.000	0.000	0.000	0.000	0.000	-16.005	0.595	0.961	
EIF4A2	NFU1	NFU1	0.789|0.615|0.532	1.936	0.645	3	0.295|0.207|0.249	0.809	1.000	0.809	1.000	0.809	-0.180	2.607	0.005	
EIF4A2	PRPF19	PRPF19	0.692|0.757|0.876	2.326	0.775	3	0.860|0.841|1.054	0.000	0.000	0.000	0.000	0.000	-16.005	0.849	0.955	
EIF4A2	SCML1	SCML1	0.336|0.537|0.345	1.218	0.406	3	0.524|0.502|0.517	0.000	0.000	0.000	0.000	0.000	-16.005	0.790	0.942	
EIF4A2	G3BP2	G3BP2	1.149|1.214|1.400	3.763	1.254	3	.|0.428|0.479	0.571	0.996	0.571	0.996	0.571	-2.098	2.773	0.083	
EIF4A2	STUB1	STUB1	2.442|2.424|2.439	7.304	2.435	3	3.537|3.502|3.803	0.000	0.000	0.000	0.000	0.000	-16.005	0.674	0.948	
EIF4A2	MAGED2	MAGED2	0.906|0.917|0.976	2.800	0.933	3	1.193|1.078|1.289	0.000	0.000	0.000	0.000	0.000	-16.005	0.788	0.952	
EIF4A2	PSMD13	PSMD13	1.803|1.628|1.912	5.343	1.781	3	2.169|2.585|2.229	0.000	0.000	0.000	0.000	0.000	-16.005	0.768	0.951	
EIF4A2	DIMT1	DIMT1	0.513|0.391|0.415	1.319	0.440	3	0.395|0.365|0.373	0.010	0.029	0.010	0.029	0.010	-15.798	1.165	0.787	
EIF4A2	COPS3	COPS3	0.697|0.765|0.752	2.214	0.738	3	1.037|1.309|0.783	0.000	0.000	0.000	0.000	0.000	-16.005	0.723	0.954	
EIF4A2	C19orf53	C19orf53	7.392|1.424|0.597	9.413	3.138	3	0.511|8.765|9.147	0.013	0.031	0.013	0.031	0.013	-6.211	0.910	0.740	
EIF4A2	COG5	COG5	0.558|0.563|0.652	1.773	0.591	3	0.876|0.875|0.932	0.000	0.000	0.000	0.000	0.000	-16.005	0.661	0.957	
EIF4A2	SCAF8	SCAF8	0.595|0.571|0.464	1.630	0.543	3	0.703|0.719|0.734	0.000	0.000	0.000	0.000	0.000	-16.005	0.757	0.957	
EIF4A2	PPP6R1	PPP6R1	0.431|0.758|0.603	1.793	0.598	3	0.667|0.749|0.792	0.000	0.000	0.000	0.000	0.000	-16.005	0.814	0.945	
EIF4A2	TRIM33	TRIM33	0.384|0.403|0.461	1.248	0.416	3	0.457|0.572|0.533	0.000	0.000	0.000	0.000	0.000	-16.005	0.802	0.953	
EIF4A2	PHF8	PHF8	1.660|1.531|1.520	4.711	1.570	3	1.412|1.160|1.297	0.000	0.000	0.000	0.000	0.000	-13.854	1.222	0.896	
EIF4A2	EXOC7	EXOC7	0.612|0.534|0.598	1.744	0.581	3	0.514|1.475|0.641	0.000	0.000	0.000	0.000	0.000	-11.121	0.740	0.879	
EIF4A2	ZC3H4	ZC3H4	0.307|0.463|0.381	1.151	0.384	3	0.311|.|0.287	0.000	0.000	0.000	0.000	0.000	-15.978	1.285	0.882	
EIF4A2	USP24	USP24	0.309|0.348|0.374	1.031	0.344	3	0.389|0.543|0.496	0.000	0.000	0.000	0.000	0.000	-16.005	0.729	0.953	
EIF4A2	SRRM2	SRRM2	1.181|1.220|1.167	3.568	1.189	3	1.208|1.057|1.086	0.000	0.000	0.000	0.000	0.000	-15.696	1.066	0.930	
EIF4A2	PA2G4	PA2G4	0.761|0.900|0.973	2.633	0.878	3	0.783|0.811|0.880	0.000	0.000	0.000	0.000	0.000	-16.005	1.065	0.904	
EIF4A2	BAIAP2	BAIAP2	0.760|0.307|0.299	1.365	0.455	3	0.710|0.452|.	0.000	0.000	0.000	0.000	0.000	-16.005	0.804	0.888	
EIF4A2	SMC3	SMC3	0.610|0.609|0.712	1.930	0.643	3	0.975|1.076|0.917	0.000	0.000	0.000	0.000	0.000	-16.005	0.652	0.951	
EIF4A2	CHMP2B	CHMP2B	0.652|0.577|1.046	2.275	0.758	3	0.836|0.725|0.926	0.000	0.000	0.000	0.000	0.000	-16.005	0.919	0.918	
EIF4A2	RTRAF	RTRAF	1.427|1.385|1.556	4.368	1.456	3	1.643|1.526|1.608	0.000	0.000	0.000	0.000	0.000	-16.005	0.915	0.962	
EIF4A2	RUVBL2	RUVBL2	2.187|2.151|2.155	6.493	2.164	3	3.070|3.190|3.110	0.000	0.000	0.000	0.000	0.000	-16.005	0.693	0.962	
EIF4A2	PIN4	PIN4	8.239|8.928|8.483	25.651	8.550	3	11.668|10.586|10.759	0.000	0.000	0.000	0.000	0.000	-16.005	0.778	0.962	
EIF4A2	EIF3L	EIF3L	6.846|6.944|7.313	21.103	7.034	3	2.223|2.117|2.223	0.672	0.981	0.672	0.981	0.672	-0.456	3.216	0.045	
EIF4A2	RUVBL1	RUVBL1	1.833|1.702|1.951	5.486	1.829	3	2.702|2.731|2.865	0.000	0.000	0.000	0.000	0.000	-16.005	0.661	0.962	
EIF4A2	NUDC	NUDC	0.692|0.779|0.850	2.321	0.774	3	0.993|1.000|0.896	0.000	0.000	0.000	0.000	0.000	-16.005	0.804	0.957	
EIF4A2	FARSA	FARSA	0.913|0.644|0.694	2.251	0.750	3	1.279|1.237|1.346	0.000	0.000	0.000	0.000	0.000	-16.005	0.583	0.957	
EIF4A2	DRG1	DRG1	2.443|2.743|2.525	7.712	2.571	3	1.119|1.126|1.166	0.029	0.029	0.029	0.029	0.029	-3.505	2.261	0.554	
EIF4A2	TRAPPC4	TRAPPC4	0.320|0.520|0.488	1.328	0.443	3	0.633|0.777|0.657	0.000	0.000	0.000	0.000	0.000	-16.005	0.645	0.953	
EIF4A2	NCKAP1	NCKAP1	0.778|0.795|0.632	2.205	0.735	3	0.967|1.245|1.119	0.000	0.000	0.000	0.000	0.000	-16.005	0.665	0.954	
EIF4A2	STK38L	STK38L	3.066|3.079|2.855	9.000	3.000	3	3.501|3.289|3.721	0.000	0.000	0.000	0.000	0.000	-16.005	0.857	0.962	
EIF4A2	EPB41L3	EPB41L3	0.264|.|0.121	0.783	0.261	3	.|.|0.221	0.000	0.000	0.000	0.000	0.000	-16.005	1.180	0.944	
EIF4A2	RCL1	RCL1	0.375|0.375|.	1.149	0.383	3	.|.|.	0.000	0.000	0.000	0.000	0.000	-16.005	0.962	0.967	
EIF4A2	TMA7	TMA7	22.510|26.391|25.988	74.889	24.963	3	29.358|34.637|34.799	0.000	0.000	0.000	0.000	0.000	-16.005	0.760	0.948	
EIF4A2	POLDIP2	POLDIP2	0.821|0.818|0.763	2.403	0.801	3	0.731|0.787|0.756	0.000	0.000	0.000	0.000	0.000	-15.996	1.057	0.930	
EIF4A2	AP3M1	AP3M1	0.842|0.987|1.033	2.862	0.954	3	1.285|1.192|1.156	0.000	0.000	0.000	0.000	0.000	-16.005	0.789	0.957	
EIF4A2	CARHSP1	CARHSP1	0.554|0.507|0.569	1.629	0.543	3	0.573|0.621|0.618	0.000	0.000	0.000	0.000	0.000	-16.005	0.900	0.957	
EIF4A2	COG6	COG6	0.768|0.699|0.713	2.179	0.726	3	0.991|0.911|0.969	0.000	0.000	0.000	0.000	0.000	-16.005	0.760	0.957	
EIF4A2	THRAP3	THRAP3	7.487|7.426|8.654	23.567	7.856	3	5.730|6.004|5.989	0.010	0.029	0.010	0.029	0.010	-7.761	1.330	0.756	
EIF4A2	WBP11	WBP11	0.429|.|1.039	1.866	0.622	3	0.687|0.970|0.964	0.000	0.000	0.000	0.000	0.000	-16.005	0.721	0.965	
EIF4A2	NOP58	NOP58	0.716|0.888|0.728	2.333	0.778	3	0.905|1.018|0.961	0.000	0.000	0.000	0.000	0.000	-16.005	0.810	0.957	
EIF4A2	ACOT9	ACOT9	0.850|1.042|0.642	2.533	0.844	3	0.571|0.542|0.462	0.019	0.029	0.019	0.029	0.019	-13.439	1.614	0.701	
EIF4A2	AAR2	AAR2	0.263|0.502|0.289	1.054	0.351	3	0.553|0.622|0.673	0.000	0.000	0.000	0.000	0.000	-16.005	0.573	0.955	
EIF4A2	NOSIP	NOSIP	0.630|0.678|0.751	2.060	0.687	3	0.907|0.947|0.901	0.000	0.000	0.000	0.000	0.000	-16.005	0.748	0.957	
EIF4A2	LSM2	LSM2	0.170|0.638|0.610	1.418	0.473	3	0.706|0.780|0.701	0.000	0.000	0.000	0.000	0.000	-16.005	0.649	0.957	
EIF4A2	SNX24	SNX24	0.171|.|.	0.968	0.323	3	.|.|0.234	0.000	0.000	0.000	0.000	0.000	-16.005	1.377	0.969	
EIF4A2	LUC7L2	LUC7L2	8.481|8.426|8.930	25.836	8.612	3	11.401|10.722|10.644	0.000	0.000	0.000	0.000	0.000	-16.005	0.789	0.962	
EIF4A2	RBMX2	RBMX2	0.596|0.423|0.841	1.860	0.620	3	0.610|0.572|0.750	0.000	0.000	0.000	0.000	0.000	-16.005	0.969	0.917	
EIF4A2	SBDS	SBDS	1.234|1.331|1.570	4.135	1.378	3	1.521|1.570|1.658	0.000	0.000	0.000	0.000	0.000	-16.005	0.871	0.962	
EIF4A2	SF3B6	SF3B6	0.534|0.587|0.470	1.591	0.530	3	0.681|0.645|0.601	0.000	0.000	0.000	0.000	0.000	-16.005	0.827	0.957	
EIF4A2	RRP15	RRP15	0.399|0.418|0.474	1.291	0.430	3	.|0.434|.	0.000	0.000	0.000	0.000	0.000	-16.005	0.992	0.941	
EIF4A2	NOP16	NOP16	0.470|0.532|0.280	1.282	0.427	3	0.470|0.484|0.406	0.000	0.000	0.000	0.000	0.000	-16.005	0.946	0.922	
EIF4A2	MRPS23	MRPS23	0.529|0.634|0.549	1.713	0.571	3	0.627|0.743|0.601	0.000	0.000	0.000	0.000	0.000	-16.005	0.872	0.954	
EIF4A2	RTCB	RTCB	1.576|1.696|1.778	5.050	1.683	3	1.957|1.794|1.867	0.000	0.000	0.000	0.000	0.000	-16.005	0.900	0.962	
EIF4A2	RPL36	RPL36	0.444|0.458|0.425	1.327	0.442	3	.|0.581|0.509	0.000	0.000	0.000	0.000	0.000	-16.005	0.814	0.956	
EIF4A2	FAM32A	FAM32A	1.961|2.267|2.334	6.561	2.187	3	3.085|3.294|3.216	0.000	0.000	0.000	0.000	0.000	-16.005	0.684	0.962	
EIF4A2	DCAF1	DCAF1	0.444|0.510|0.523	1.477	0.492	3	0.569|0.578|0.608	0.000	0.000	0.000	0.000	0.000	-16.005	0.842	0.957	
EIF4A2	USP15	USP15	0.533|0.671|0.658	1.862	0.621	3	0.827|0.660|0.672	0.000	0.000	0.000	0.000	0.000	-16.005	0.867	0.954	
EIF4A2	IRS2	IRS2	0.378|.|.	1.175	0.392	3	.|.|.	0.000	0.000	0.000	0.000	0.000	-16.005	0.983	0.970	
EIF4A2	TELO2	TELO2	0.802|0.886|0.908	2.595	0.865	3	1.498|1.371|1.436	0.000	0.000	0.000	0.000	0.000	-16.005	0.603	0.957	
EIF4A2	LAS1L	LAS1L	0.211|0.552|0.523	1.286	0.429	3	0.773|1.783|0.724	0.000	0.000	0.000	0.000	0.000	-16.005	0.429	0.935	
EIF4A2	LSM4	LSM4	3.527|3.257|3.167	9.950	3.317	3	3.615|3.830|3.829	0.000	0.000	0.000	0.000	0.000	-16.005	0.883	0.962	
EIF4A2	PRRC2C	PRRC2C	1.264|1.338|1.429	4.031	1.344	3	1.514|1.556|1.600	0.000	0.000	0.000	0.000	0.000	-16.005	0.864	0.957	
EIF4A2	RBM7	RBM7	0.632|.|0.604	1.634	0.545	3	0.452|.|.	0.000	0.000	0.000	0.000	0.000	-16.005	1.205	0.885	
EIF4A2	PAXBP1	PAXBP1	1.170|1.091|1.271	3.532	1.177	3	1.152|0.994|1.148	0.000	0.000	0.000	0.000	0.000	-16.005	1.074	0.921	
EIF4A2	TIMM8B	TIMM8B	0.383|0.417|.	1.198	0.399	3	0.740|0.666|0.751	0.000	0.000	0.000	0.000	0.000	-16.005	0.556	0.967	
EIF4A2	UCHL5	UCHL5	0.345|0.500|0.577	1.422	0.474	3	0.618|0.572|0.572	0.000	0.000	0.000	0.000	0.000	-16.005	0.808	0.957	
EIF4A2	CD2AP	CD2AP	1.161|1.076|1.181	3.418	1.139	3	1.432|1.562|1.603	0.000	0.000	0.000	0.000	0.000	-16.005	0.744	0.957	
EIF4A2	ATP6V1D	ATP6V1D	0.130|.|.	0.926	0.309	3	0.712|0.288|.	0.000	0.000	0.000	0.000	0.000	-16.005	0.681	0.969	
EIF4A2	TIMM13	TIMM13	0.786|1.040|0.922	2.748	0.916	3	1.614|1.774|1.564	0.000	0.000	0.000	0.000	0.000	-16.005	0.556	0.957	
EIF4A2	SRPRB	SRPRB	0.653|0.596|0.620	1.869	0.623	3	0.643|0.720|0.617	0.000	0.000	0.000	0.000	0.000	-16.005	0.946	0.955	
EIF4A2	ORC6	ORC6	0.965|0.949|0.899	2.813	0.938	3	1.369|1.241|1.310	0.000	0.000	0.000	0.000	0.000	-16.005	0.718	0.957	
EIF4A2	GTF3C5	GTF3C5	0.397|.|0.220	1.015	0.338	3	0.514|.|0.373	0.000	0.000	0.000	0.000	0.000	-16.005	0.773	0.966	
EIF4A2	TRAPPC1	TRAPPC1	0.518|0.404|.	1.320	0.440	3	0.531|0.570|0.579	0.000	0.000	0.000	0.000	0.000	-16.005	0.786	0.967	
EIF4A2	RBM8A	RBM8A	0.695|0.798|0.639	2.133	0.711	3	0.669|0.622|0.591	0.000	0.001	0.000	0.001	0.000	-15.940	1.135	0.853	
EIF4A2	TSSC4	TSSC4	0.485|.|0.558	1.441	0.480	3	0.635|.|.	0.000	0.000	0.000	0.000	0.000	-16.005	0.757	0.968	
EIF4A2	ZNF706	ZNF706	4.694|3.978|4.229	12.901	4.300	3	5.086|4.533|4.928	0.000	0.000	0.000	0.000	0.000	-16.005	0.888	0.962	
EIF4A2	PSAT1	PSAT1	0.162|0.404|0.403	0.970	0.323	3	0.410|0.265|0.458	0.000	0.000	0.000	0.000	0.000	-16.005	0.879	0.944	
EIF4A2	SPIN1	SPIN1	13.601|13.501|13.829	40.931	13.644	3	12.970|0.909|11.862	0.037	0.038	0.037	0.038	0.037	-3.265	2.628	0.427	
EIF4A2	ALG6	ALG6	0.187|.|.	0.984	0.328	3	0.230|.|.	0.000	0.000	0.000	0.000	0.000	-16.005	1.427	0.970	
EIF4A2	COPG1	COPG1	1.209|1.353|1.304	3.866	1.289	3	1.259|1.250|1.421	0.000	0.000	0.000	0.000	0.000	-16.005	0.985	0.944	
EIF4A2	CFAP20	CFAP20	0.933|0.954|0.925	2.812	0.937	3	1.220|1.352|1.315	0.000	0.000	0.000	0.000	0.000	-16.005	0.724	0.957	
EIF4A2	TACC3	TACC3	0.731|0.973|0.707	2.410	0.803	3	0.922|0.866|0.880	0.000	0.000	0.000	0.000	0.000	-16.005	0.904	0.932	
EIF4A2	BZW2	BZW2	0.888|0.789|0.804	2.481	0.827	3	0.783|0.940|0.657	0.000	0.000	0.000	0.000	0.000	-16.004	1.054	0.941	
EIF4A2	COMMD10	COMMD10	0.207|0.266|.	0.871	0.290	3	0.406|0.405|0.405	0.000	0.000	0.000	0.000	0.000	-16.005	0.716	0.967	
EIF4A2	DYNC1LI1	DYNC1LI1	0.524|0.425|0.473	1.422	0.474	3	0.586|0.633|0.543	0.000	0.000	0.000	0.000	0.000	-16.005	0.809	0.954	
EIF4A2	IKBKG	IKBKG	0.712|0.696|0.703	2.110	0.703	3	0.917|0.886|0.930	0.000	0.000	0.000	0.000	0.000	-16.005	0.772	0.957	
EIF4A2	IGF2BP2	IGF2BP2	0.540|0.429|0.460	1.429	0.476	3	.|.|.	0.010	0.029	0.010	0.029	0.010	-15.140	1.196	0.783	
EIF4A2	DDX49	DDX49	0.733|0.740|0.990	2.463	0.821	3	0.967|1.221|1.063	0.000	0.000	0.000	0.000	0.000	-16.005	0.761	0.961	
EIF4A2	WASF2	WASF2	2.281|0.454|0.481	3.216	1.072	3	0.732|0.858|0.610	0.333	0.999	0.333	0.999	0.333	-16.005	1.476	0.220	
EIF4A2	IVNS1ABP	IVNS1ABP	5.395|5.716|6.224	17.335	5.778	3	5.728|4.928|5.033	0.000	0.000	0.000	0.000	0.000	-15.879	1.107	0.911	
EIF4A2	SEC23IP	SEC23IP	0.221|.|.	1.018	0.339	3	0.700|0.857|0.869	0.000	0.000	0.000	0.000	0.000	-16.005	0.421	0.969	
EIF4A2	SNRPG;SNRPGP15	SNRPG;SNRPGP15	.|0.579|0.436	1.413	0.471	3	.|0.598|0.610	0.000	0.000	0.000	0.000	0.000	-16.005	0.780	0.966	
EIF4A2	IGL	IGL	.|0.585|0.964	1.948	0.649	3	0.684|1.026|0.830	0.000	0.000	0.000	0.000	0.000	-16.005	0.778	0.965	
EIF4A2	CAP1	CAP1	.|0.678|.	1.474	0.491	3	1.130|0.976|1.089	0.000	0.000	0.000	0.000	0.000	-16.005	0.462	0.968	
EIF4A2	MIEF1	MIEF1	.|0.169|.	0.965	0.322	3	.|.|.	0.000	0.000	0.000	0.000	0.000	-16.005	0.808	0.970	
EIF4A2	KIF2A	KIF2A	.|0.479|0.538	1.415	0.472	3	.|0.242|0.550	0.000	0.000	0.000	0.000	0.000	-15.678	1.293	0.883	
EIF4A2	EI24	EI24	.|0.863|1.039	2.300	0.767	3	1.081|0.977|0.971	0.000	0.000	0.000	0.000	0.000	-16.005	0.760	0.965	
EIF4A2	HAT1	HAT1	.|0.312|.	1.109	0.370	3	0.471|0.385|0.473	0.000	0.000	0.000	0.000	0.000	-16.005	0.838	0.970	
EIF4A2	SLC27A2	SLC27A2	.|0.489|0.577	1.464	0.488	3	0.300|0.480|.	0.000	0.000	0.000	0.000	0.000	-15.899	1.287	0.869	
EIF4A2	HNRNPDL	HNRNPDL	.|0.680|0.852	1.930	0.643	3	.|.|.	0.019	0.029	0.019	0.029	0.019	-16.005	1.616	0.714	
EIF4A2	PRORP	PRORP	.|0.249|.	1.045	0.348	3	.|.|.	0.000	0.000	0.000	0.000	0.000	-16.005	0.875	0.970	
EIF4A2	SMAD2;SMAD3;SMAD9	SMAD2;SMAD3;SMAD9	.|0.406|.	1.202	0.401	3	0.486|.|.	0.000	0.000	0.000	0.000	0.000	-16.005	0.824	0.969	
EIF4A2	PFDN6	PFDN6	.|0.624|.	1.420	0.473	3	1.042|1.101|0.987	0.000	0.000	0.000	0.000	0.000	-16.005	0.454	0.970	
EIF4A2	GNPAT	GNPAT	.|0.263|.	1.059	0.353	3	.|0.376|0.130	0.000	0.000	0.000	0.000	0.000	-15.297	1.595	0.966	
EIF4A2	ARPC5	ARPC5	.|0.533|0.449	1.380	0.460	3	0.515|0.464|0.489	0.000	0.000	0.000	0.000	0.000	-16.005	0.941	0.937	
EIF4A2	SPINT2	SPINT2	.|0.378|0.464	1.240	0.413	3	0.467|.|0.437	0.000	0.000	0.000	0.000	0.000	-16.005	0.915	0.966	
EIF4A2	GTPBP6	GTPBP6	.|0.278|1.123	1.799	0.600	3	0.330|0.277|0.343	0.333	1.000	0.333	1.000	0.333	-16.005	1.902	0.205	
EIF4A2	KIF5C	KIF5C	.|0.344|0.414	1.157	0.386	3	1.106|0.209|1.178	0.001	0.002	0.001	0.002	0.001	-6.686	0.595	0.839	
EIF4A2	PFKFB2	PFKFB2	.|0.469|.	1.266	0.422	3	.|.|0.482	0.000	0.000	0.000	0.000	0.000	-16.005	0.875	0.969	
EIF4A2	TBCA	TBCA	.|0.446|0.521	1.366	0.455	3	0.302|.|.	0.001	0.003	0.001	0.003	0.001	-13.386	1.507	0.840	
EIF4A2	TACC1	TACC1	.|0.255|.	1.051	0.350	3	.|0.251|.	0.000	0.000	0.000	0.000	0.000	-15.999	1.397	0.968	
EIF4A2	WDHD1	WDHD1	.|0.446|0.545	1.389	0.463	3	0.487|0.554|0.683	0.000	0.000	0.000	0.000	0.000	-16.005	0.814	0.967	
EIF4A2	CDC123	CDC123	.|0.193|.	0.990	0.330	3	.|.|0.430	0.000	0.000	0.000	0.000	0.000	-16.005	0.768	0.970	
EIF4A2	SERF1A	SERF1A	.|0.660|0.748	1.807	0.602	3	1.128|0.863|0.910	0.000	0.000	0.000	0.000	0.000	-16.005	0.627	0.967	
EIF4A2	HAUS5	HAUS5	.|0.532|0.554	1.484	0.495	3	0.573|0.585|2.400	0.000	0.001	0.000	0.001	0.000	-9.062	0.532	0.856	
EIF4A2	UBR5	UBR5	.|0.261|0.262	0.921	0.307	3	0.346|0.408|0.636	0.000	0.000	0.000	0.000	0.000	-16.005	0.686	0.966	
EIF4A2	STAU1	STAU1	.|0.521|.	1.317	0.439	3	.|.|.	0.003	0.009	0.003	0.009	0.003	-16.005	1.103	0.828	
EIF4A2	GOT2	GOT2	.|0.327|.	1.124	0.375	3	0.491|0.991|0.702	0.000	0.000	0.000	0.000	0.000	-16.005	0.536	0.969	
EIF4A2	HP	HP	.|0.733|1.451	2.582	0.861	3	1.115|0.956|.	0.010	0.029	0.010	0.029	0.010	-16.005	0.834	0.799	
EIF4A2	CAPNS1	CAPNS1	.|0.209|.	1.005	0.335	3	.|0.251|0.305	0.000	0.000	0.000	0.000	0.000	-16.005	1.211	0.970	
EIF4A2	ITGB1	ITGB1	.|0.224|0.482	1.104	0.368	3	.|.|0.389	0.000	0.000	0.000	0.000	0.000	-16.005	0.945	0.926	
EIF4A2	CTSB	CTSB	.|0.433|.	1.230	0.410	3	.|.|.	0.000	0.000	0.000	0.000	0.000	-16.005	1.030	0.945	
EIF4A2	PDHA1	PDHA1	.|0.227|.	1.024	0.341	3	.|.|.	0.000	0.000	0.000	0.000	0.000	-16.005	0.857	0.970	
EIF4A2	ANXA5	ANXA5	.|0.485|0.388	1.272	0.424	3	.|.|.	0.000	0.000	0.000	0.000	0.000	-16.005	1.065	0.887	
EIF4A2	POLR1D	POLR1D	.|0.892|1.033	2.324	0.775	3	.|1.023|.	0.000	0.000	0.000	0.000	0.000	-16.005	0.757	0.966	
EIF4A2	HLA-C	HLA-C	.|0.372|0.475	1.245	0.415	3	0.617|0.557|0.509	0.000	0.000	0.000	0.000	0.000	-16.005	0.742	0.966	
EIF4A2	CYBA	CYBA	.|0.512|0.514	1.425	0.475	3	0.466|0.435|0.371	0.000	0.000	0.000	0.000	0.000	-16.005	1.125	0.919	
EIF4A2	PFKL	PFKL	.|0.512|.	1.308	0.436	3	0.507|0.533|0.535	0.000	0.000	0.000	0.000	0.000	-16.005	0.831	0.970	
EIF4A2	SON	SON	.|0.288|0.388	1.074	0.358	3	0.277|0.412|.	0.000	0.000	0.000	0.000	0.000	-16.005	1.061	0.945	
EIF4A2	RAB6A	RAB6A	.|0.803|0.500	1.701	0.567	3	0.442|.|.	0.010	0.029	0.010	0.029	0.010	-16.005	1.284	0.790	
EIF4A2	NF1	NF1	.|0.183|.	0.979	0.326	3	0.277|0.189|0.316	0.000	0.000	0.000	0.000	0.000	-16.005	1.281	0.970	
EIF4A2	PRKACG	PRKACG	.|0.769|.	1.565	0.522	3	.|.|.	0.010	0.029	0.010	0.029	0.010	-16.005	1.310	0.804	
EIF4A2	WARS1	WARS1	.|1.210|1.152	2.759	0.920	3	1.975|1.928|1.931	0.000	0.000	0.000	0.000	0.000	-16.005	0.473	0.968	
EIF4A2	POLR2A	POLR2A	.|0.260|.	1.057	0.352	3	0.213|0.808|0.311	0.000	0.000	0.000	0.000	0.000	-8.385	0.935	0.871	
EIF4A2	BRD2	BRD2	.|0.529|0.654	1.582	0.527	3	0.668|0.467|0.472	0.000	0.000	0.000	0.000	0.000	-16.005	0.998	0.942	
EIF4A2	DNAJB1	DNAJB1	.|0.335|.	1.131	0.377	3	0.728|0.664|0.557	0.000	0.000	0.000	0.000	0.000	-16.005	0.584	0.969	
EIF4A2	MSN	MSN	.|0.507|.	1.304	0.435	3	0.559|0.416|.	0.000	0.000	0.000	0.000	0.000	-16.005	0.902	0.968	
EIF4A2	TKT	TKT	.|0.451|0.453	1.301	0.434	3	0.516|0.292|0.455	0.000	0.000	0.000	0.000	0.000	-16.005	1.060	0.965	
EIF4A2	ADSL	ADSL	.|0.169|.	0.966	0.322	3	0.408|0.423|0.401	0.000	0.000	0.000	0.000	0.000	-16.005	0.784	0.970	
EIF4A2	UQCRC1	UQCRC1	.|0.313|.	1.109	0.370	3	.|.|.	0.000	0.000	0.000	0.000	0.000	-16.005	0.929	0.970	
EIF4A2	PYCR1	PYCR1	.|0.376|0.286	1.060	0.353	3	0.315|0.400|0.425	0.000	0.000	0.000	0.000	0.000	-16.005	0.938	0.967	
EIF4A2	KDELR2	KDELR2	.|0.219|0.191	0.809	0.270	3	0.216|0.240|0.119	0.000	0.000	0.000	0.000	0.000	-12.991	1.468	0.896	
EIF4A2	RFC2	RFC2	.|0.376|0.411	1.185	0.395	3	0.495|0.773|0.471	0.000	0.000	0.000	0.000	0.000	-16.005	0.700	0.967	
EIF4A2	ADD2	ADD2	.|0.358|.	1.154	0.385	3	.|.|.	0.000	0.000	0.000	0.000	0.000	-16.005	0.966	0.970	
EIF4A2	EPS15	EPS15	.|0.411|0.301	1.111	0.370	3	0.665|0.407|0.410	0.000	0.000	0.000	0.000	0.000	-16.005	0.770	0.966	
EIF4A2	MSH2	MSH2	.|0.468|0.293	1.159	0.386	3	0.551|0.439|0.494	0.000	0.000	0.000	0.000	0.000	-16.005	0.784	0.966	
EIF4A2	RPL28	RPL28	.|0.798|.	1.594	0.531	3	0.934|.|.	0.000	0.000	0.000	0.000	0.000	-16.005	0.569	0.971	
EIF4A2	TMED10	TMED10	.|0.528|.	1.324	0.441	3	0.158|0.582|0.590	0.003	0.008	0.003	0.008	0.003	-5.848	1.164	0.829	
EIF4A2	IDH3A	IDH3A	.|0.470|0.519	1.388	0.463	3	0.566|0.525|0.532	0.000	0.000	0.000	0.000	0.000	-16.005	0.856	0.967	
EIF4A2	EMD	EMD	.|0.220|.	1.016	0.339	3	0.300|0.177|0.205	0.000	0.000	0.000	0.000	0.000	-16.005	1.528	0.970	
EIF4A2	VASP	VASP	.|0.230|.	1.026	0.342	3	0.402|.|0.519	0.000	0.000	0.000	0.000	0.000	-16.005	0.749	0.970	
EIF4A2	DNM2	DNM2	.|0.397|0.139	0.934	0.311	3	0.823|0.701|0.762	0.000	0.000	0.000	0.000	0.000	-16.005	0.409	0.967	
EIF4A2	DAP3	DAP3	.|0.339|0.317	1.054	0.351	3	0.417|0.370|0.287	0.000	0.000	0.000	0.000	0.000	-16.005	0.994	0.966	
EIF4A2	USP11	USP11	.|0.454|.	1.251	0.417	3	0.612|0.610|0.621	0.000	0.000	0.000	0.000	0.000	-16.005	0.678	0.970	
EIF4A2	NDUFA8	NDUFA8	.|0.561|0.346	1.305	0.435	3	.|.|.	0.010	0.029	0.010	0.029	0.010	-16.005	1.092	0.799	
EIF4A2	BLVRA	BLVRA	.|0.389|0.341	1.129	0.376	3	0.414|0.379|0.436	0.000	0.000	0.000	0.000	0.000	-16.005	0.920	0.967	
EIF4A2	SNU13	SNU13	.|0.844|0.813	2.055	0.685	3	0.887|0.926|.	0.000	0.000	0.000	0.000	0.000	-16.005	0.756	0.968	
EIF4A2	PRPS1	PRPS1	.|0.528|.	1.324	0.441	3	0.492|.|0.488	0.000	0.000	0.000	0.000	0.000	-16.005	0.900	0.968	
EIF4A2	CDC42	CDC42	.|0.395|.	1.192	0.397	3	0.528|0.573|0.418	0.000	0.000	0.000	0.000	0.000	-16.005	0.792	0.968	
EIF4A2	DSTN	DSTN	.|0.257|0.391	1.046	0.349	3	0.706|0.603|0.661	0.000	0.000	0.000	0.000	0.000	-16.005	0.532	0.966	
EIF4A2	POLR2F	POLR2F	.|0.321|0.361	1.080	0.360	3	0.380|.|.	0.000	0.000	0.000	0.000	0.000	-16.005	0.948	0.967	
EIF4A2	HSPE1	HSPE1	.|1.047|0.270	1.715	0.572	3	0.237|1.119|1.102	0.005	0.016	0.005	0.016	0.005	-8.421	0.862	0.821	
EIF4A2	SNRPF	SNRPF	.|0.285|0.169	0.853	0.284	3	0.286|0.207|0.274	0.000	0.000	0.000	0.000	0.000	-16.005	1.123	0.965	
EIF4A2	LSM6	LSM6	.|0.497|.	1.293	0.431	3	0.554|0.579|0.543	0.000	0.000	0.000	0.000	0.000	-16.005	0.772	0.970	
EIF4A2	RAB1A	RAB1A	.|0.399|.	1.196	0.399	3	.|.|0.367	0.000	0.000	0.000	0.000	0.000	-15.729	1.085	0.968	
EIF4A2	RPL10A	RPL10A	.|0.672|.	1.469	0.490	3	.|0.684|0.269	0.001	0.003	0.001	0.003	0.001	-16.005	1.141	0.840	
EIF4A2	GRB2	GRB2	.|0.272|0.359	1.029	0.343	3	.|0.433|.	0.000	0.000	0.000	0.000	0.000	-16.005	0.792	0.966	
EIF4A2	SEC11A	SEC11A	.|0.301|.	1.097	0.366	3	.|.|.	0.000	0.000	0.000	0.000	0.000	-16.005	0.919	0.970	
EIF4A2	MRPS21	MRPS21	.|0.365|.	1.161	0.387	3	0.452|0.381|0.468	0.000	0.000	0.000	0.000	0.000	-16.005	0.896	0.969	
EIF4A2	MRPS6	MRPS6	.|0.267|0.358	1.023	0.341	3	0.866|0.711|0.543	0.000	0.000	0.000	0.000	0.000	-16.005	0.492	0.966	
EIF4A2	HDLBP	HDLBP	.|0.502|0.454	1.354	0.451	3	0.594|0.578|0.525	0.000	0.000	0.000	0.000	0.000	-16.005	0.799	0.967	
EIF4A2	REEP5	REEP5	.|0.339|.	1.135	0.378	3	0.694|0.504|0.373	0.000	0.000	0.000	0.000	0.000	-16.005	0.746	0.969	
EIF4A2	PPAT	PPAT	.|0.218|.	1.014	0.338	3	0.919|1.084|0.932	0.000	0.000	0.000	0.000	0.000	-16.005	0.347	0.968	
EIF4A2	NSUN2	NSUN2	.|0.238|.	1.035	0.345	3	0.477|0.486|0.491	0.000	0.000	0.000	0.000	0.000	-16.005	0.712	0.970	
EIF4A2	EP300	EP300	.|0.464|0.509	1.371	0.457	3	0.498|0.580|0.582	0.000	0.000	0.000	0.000	0.000	-16.005	0.828	0.967	
EIF4A2	GTF3C1	GTF3C1	.|0.239|0.357	0.993	0.331	3	.|0.309|.	0.000	0.000	0.000	0.000	0.000	-16.005	1.073	0.945	
EIF4A2	IFRD2	IFRD2	.|0.562|0.556	1.516	0.505	3	0.676|0.640|0.841	0.000	0.000	0.000	0.000	0.000	-16.005	0.708	0.966	
EIF4A2	CBX3	CBX3	.|0.372|0.315	1.086	0.362	3	0.359|0.337|0.295	0.000	0.000	0.000	0.000	0.000	-16.005	1.100	0.937	
EIF4A2	PPP2R5C	PPP2R5C	.|0.370|.	1.166	0.389	3	.|0.674|0.350	0.000	0.000	0.000	0.000	0.000	-16.005	0.801	0.970	
EIF4A2	TRA2A	TRA2A	.|0.370|0.331	1.099	0.366	3	.|.|.	0.000	0.000	0.000	0.000	0.000	-16.005	0.920	0.967	
EIF4A2	TRIM25	TRIM25	.|0.206|0.211	0.816	0.272	3	0.302|.|.	0.000	0.000	0.000	0.000	0.000	-16.005	0.902	0.966	
EIF4A2	FAM50A	FAM50A	.|0.598|1.810	2.806	0.935	3	0.688|1.754|0.612	0.010	0.029	0.010	0.029	0.010	-14.456	1.035	0.767	
EIF4A2	GNA13	GNA13	.|1.273|.	2.070	0.690	3	1.445|.|.	0.000	0.000	0.000	0.000	0.000	-16.005	0.478	0.971	
EIF4A2	PDIA5	PDIA5	.|0.800|0.801	2.000	0.667	3	0.338|0.735|0.883	0.001	0.001	0.001	0.001	0.001	-12.880	1.105	0.844	
EIF4A2	DRAP1	DRAP1	.|0.409|.	1.205	0.402	3	0.553|.|0.545	0.000	0.000	0.000	0.000	0.000	-16.005	0.732	0.969	
EIF4A2	NUMA1	NUMA1	.|0.350|.	1.146	0.382	3	.|.|.	0.000	0.000	0.000	0.000	0.000	-16.005	0.959	0.970	
EIF4A2	KARS1	KARS1	.|0.576|0.487	1.461	0.487	3	0.507|0.483|0.600	0.000	0.000	0.000	0.000	0.000	-16.005	0.924	0.965	
EIF4A2	TMED2	TMED2	.|0.346|.	1.143	0.381	3	.|.|.	0.000	0.000	0.000	0.000	0.000	-16.005	0.957	0.970	
EIF4A2	MED1	MED1	.|0.396|0.379	1.173	0.391	3	0.290|0.326|.	0.000	0.000	0.000	0.000	0.000	-14.490	1.271	0.920	
EIF4A2	CCDC93	CCDC93	.|0.307|0.322	1.027	0.342	3	0.590|0.512|0.534	0.000	0.000	0.000	0.000	0.000	-16.005	0.629	0.967	
EIF4A2	PCID2	PCID2	.|0.338|0.172	0.908	0.303	3	.|0.291|.	0.000	0.000	0.000	0.000	0.000	-16.005	1.040	0.945	
EIF4A2	RABGAP1L	RABGAP1L	.|0.516|.	1.313	0.438	3	0.770|0.697|0.815	0.000	0.000	0.000	0.000	0.000	-16.005	0.576	0.969	
EIF4A2	ANGEL2	ANGEL2	.|0.388|0.450	1.236	0.412	3	.|.|.	0.000	0.000	0.000	0.000	0.000	-16.005	1.035	0.923	
EIF4A2	MBNL1;MBNL2;MBNL3	MBNL1;MBNL2;MBNL3	.|0.418|0.917	1.734	0.578	3	.|.|.	0.010	0.029	0.010	0.029	0.010	-16.005	1.451	0.798	
EIF4A2	FAM91A1	FAM91A1	.|0.177|.	0.974	0.325	3	.|.|.	0.000	0.000	0.000	0.000	0.000	-16.005	0.815	0.970	
EIF4A2	CIAPIN1	CIAPIN1	.|0.364|.	1.161	0.387	3	0.442|0.354|0.325	0.000	0.000	0.000	0.000	0.000	-16.005	1.045	0.968	
EIF4A2	CC2D1A	CC2D1A	.|0.244|0.385	1.028	0.343	3	0.422|0.372|0.360	0.000	0.000	0.000	0.000	0.000	-16.005	0.893	0.966	
EIF4A2	SKIC3	SKIC3	.|0.302|.	1.098	0.366	3	0.387|0.321|0.307	0.000	0.000	0.000	0.000	0.000	-16.005	1.087	0.969	
EIF4A2	DHX30	DHX30	.|0.240|0.362	1.000	0.333	3	.|.|.	0.000	0.000	0.000	0.000	0.000	-16.005	0.837	0.967	
EIF4A2	FASTKD5	FASTKD5	.|0.364|0.299	1.062	0.354	3	0.323|0.482|0.437	0.000	0.000	0.000	0.000	0.000	-16.005	0.866	0.967	
EIF4A2	VPS35L	VPS35L	.|0.270|.	1.067	0.356	3	0.424|2.670|0.573	0.000	0.000	0.000	0.000	0.000	-8.512	0.411	0.872	
EIF4A2	HAUS6	HAUS6	.|0.383|.	1.180	0.393	3	.|0.168|0.382	0.000	0.000	0.000	0.000	0.000	-11.215	1.550	0.900	
EIF4A2	DCXR	DCXR	.|0.259|0.247	0.904	0.301	3	0.242|0.221|0.287	0.000	0.000	0.000	0.000	0.000	-16.005	1.213	0.965	
EIF4A2	RBBP6	RBBP6	.|0.917|.	1.714	0.571	3	.|.|.	0.010	0.029	0.010	0.029	0.010	-16.005	1.435	0.804	
EIF4A2	MRPL52	MRPL52	.|0.449|.	1.245	0.415	3	0.383|0.417|0.426	0.000	0.000	0.000	0.000	0.000	-16.005	1.016	0.937	
EIF4A2	COMMD2	COMMD2	.|0.418|0.674	1.490	0.497	3	0.759|0.700|0.769	0.000	0.000	0.000	0.000	0.000	-16.005	0.669	0.967	
EIF4A2	IRF2BP1	IRF2BP1	.|0.434|0.499	1.330	0.443	3	0.591|0.599|0.460	0.000	0.000	0.000	0.000	0.000	-16.005	0.812	0.967	
EIF4A2	NELFCD	NELFCD	.|0.352|.	1.148	0.383	3	.|.|0.401	0.000	0.000	0.000	0.000	0.000	-16.005	0.954	0.969	
EIF4A2	PLPP6	PLPP6	.|0.480|.	1.277	0.426	3	0.382|.|0.417	0.000	0.000	0.000	0.000	0.000	-16.005	1.066	0.934	
EIF4A2	NDUFAF2	NDUFAF2	.|0.314|.	1.110	0.370	3	.|.|.	0.000	0.000	0.000	0.000	0.000	-16.005	0.929	0.970	
EIF4A2	CLASRP	CLASRP	.|0.211|0.272	0.881	0.294	3	0.218|.|.	0.000	0.000	0.000	0.000	0.000	-16.005	1.347	0.937	
EIF4A2	ASCC3	ASCC3	.|0.202|0.521	1.120	0.373	3	.|.|.	0.003	0.009	0.003	0.009	0.003	-16.005	0.938	0.829	
EIF4A2	POC5	POC5	.|0.215|.	1.011	0.337	3	.|.|.	0.000	0.000	0.000	0.000	0.000	-16.005	0.846	0.970	
EIF4A2	LPCAT1	LPCAT1	.|0.450|.	1.247	0.416	3	0.338|.|0.306	0.000	0.000	0.000	0.000	0.000	-14.321	1.293	0.906	
EIF4A2	SHKBP1	SHKBP1	.|0.219|.	1.015	0.338	3	.|0.126|.	0.000	0.000	0.000	0.000	0.000	-8.371	2.696	0.871	
EIF4A2	PIP4K2C	PIP4K2C	.|0.450|.	1.246	0.415	3	.|.|0.676	0.000	0.000	0.000	0.000	0.000	-16.005	0.614	0.970	
EIF4A2	PARD3	PARD3	.|0.366|0.683	1.447	0.482	3	0.813|0.708|0.648	0.000	0.000	0.000	0.000	0.000	-16.005	0.670	0.966	
EIF4A2	PPP4R1	PPP4R1	.|0.396|0.491	1.285	0.428	3	0.605|0.505|0.684	0.000	0.000	0.000	0.000	0.000	-16.005	0.721	0.966	
EIF4A2	THEM6	THEM6	.|0.447|0.632	1.478	0.493	3	0.643|0.631|0.680	0.000	0.000	0.000	0.000	0.000	-16.005	0.756	0.967	
EIF4A2	RNF138	RNF138	.|0.504|0.540	1.442	0.481	3	0.428|0.469|0.404	0.000	0.000	0.000	0.000	0.000	-16.005	1.110	0.884	
EIF4A2	SEPTIN8	SEPTIN8	.|0.293|.	1.089	0.363	3	.|.|1.320	0.000	0.000	0.000	0.000	0.000	-16.005	0.275	0.970	
EIF4A2	SYMPK	SYMPK	.|0.224|0.286	0.908	0.303	3	0.458|0.427|0.536	0.000	0.000	0.000	0.000	0.000	-16.005	0.642	0.966	
EIF4A2	ARHGEF1	ARHGEF1	.|0.193|.	0.989	0.330	3	0.456|0.504|.	0.000	0.000	0.000	0.000	0.000	-16.005	0.687	0.968	
EIF4A2	NCLN	NCLN	.|0.351|0.386	1.136	0.379	3	0.472|0.568|0.537	0.000	0.000	0.000	0.000	0.000	-16.005	0.722	0.966	
EIF4A2	VPS33A	VPS33A	.|0.645|0.197	1.240	0.413	3	0.861|0.323|.	0.000	0.000	0.000	0.000	0.000	-16.005	0.784	0.920	
EIF4A2	TTC28	TTC28	.|0.318|0.309	1.025	0.342	3	.|.|0.365	0.000	0.000	0.000	0.000	0.000	-16.005	0.935	0.967	
EIF4A2	LENG1	LENG1	.|0.476|0.390	1.264	0.421	3	1.023|0.942|0.996	0.000	0.000	0.000	0.000	0.000	-16.005	0.427	0.967	
EIF4A2	EFHD2	EFHD2	.|0.153|0.298	0.849	0.283	3	0.293|.|0.194	0.000	0.000	0.000	0.000	0.000	-16.005	1.187	0.935	
EIF4A2	HAUS1	HAUS1	.|0.192|.	0.989	0.330	3	0.390|.|0.107	0.000	0.000	0.000	0.000	0.000	-16.005	1.612	0.969	
EIF4A2	KCTD12	KCTD12	.|0.305|.	1.102	0.367	3	.|.|.	0.000	0.000	0.000	0.000	0.000	-16.005	0.922	0.970	
EIF4A2	TCEAL2;TCEAL4	TCEAL2;TCEAL4	.|0.254|0.439	1.092	0.364	3	0.300|0.234|.	0.000	0.000	0.000	0.000	0.000	-16.005	1.374	0.872	
EIF4A2	AURKB	AURKB	.|0.350|0.320	1.068	0.356	3	0.502|0.522|0.428	0.000	0.000	0.000	0.000	0.000	-16.005	0.738	0.967	
EIF4A2	PDLIM5	PDLIM5	.|0.416|0.378	1.192	0.397	3	0.987|0.350|1.103	0.000	0.000	0.000	0.000	0.000	-11.249	0.548	0.889	
EIF4A2	FMC1	FMC1	.|0.393|0.318	1.109	0.370	3	0.362|0.559|0.537	0.000	0.000	0.000	0.000	0.000	-16.005	0.775	0.966	
EIF4A2	ELMO2	ELMO2	.|0.529|0.423	1.351	0.450	3	0.688|0.625|0.646	0.000	0.000	0.000	0.000	0.000	-16.005	0.690	0.967	
EIF4A2	BTF3L4	BTF3L4	.|0.904|0.972	2.274	0.758	3	0.935|0.968|1.036	0.000	0.000	0.000	0.000	0.000	-16.005	0.774	0.967	
EIF4A2	PIK3R4	PIK3R4	.|0.361|0.377	1.136	0.379	3	0.500|0.689|0.542	0.000	0.000	0.000	0.000	0.000	-16.005	0.663	0.966	
EIF4A2	PKMYT1	PKMYT1	.|0.236|.	1.033	0.344	3	0.262|.|.	0.000	0.000	0.000	0.000	0.000	-16.005	1.316	0.969	
EIF4A2	HAUS7	HAUS7	.|0.344|0.341	1.084	0.361	3	.|0.439|.	0.000	0.000	0.000	0.000	0.000	-16.005	0.823	0.966	
EIF4A2	ARPC5L	ARPC5L	.|0.230|0.349	0.977	0.326	3	.|0.470|0.336	0.000	0.000	0.000	0.000	0.000	-16.005	0.820	0.966	
EIF4A2	UQCC2	UQCC2	.|0.322|.	1.118	0.373	3	.|0.566|0.336	0.000	0.000	0.000	0.000	0.000	-16.005	0.854	0.969	
EIF4A2	HAUS8	HAUS8	.|0.285|0.563	1.246	0.415	3	0.627|0.606|0.613	0.000	0.000	0.000	0.000	0.000	-16.005	0.675	0.967	
EIF4A2	ISCA1	ISCA1	.|0.432|.	1.228	0.409	3	.|0.206|.	0.112	0.336	0.112	0.336	0.112	-5.668	1.985	0.375	
EIF4A2	PDCD10	PDCD10	.|0.410|.	1.207	0.402	3	.|.|.	0.000	0.000	0.000	0.000	0.000	-16.005	1.010	0.968	
EIF4A2	RIOK2	RIOK2	.|0.474|0.427	1.300	0.433	3	0.507|0.525|0.487	0.000	0.000	0.000	0.000	0.000	-16.005	0.856	0.967	
EIF4A2	NUP85	NUP85	.|0.573|0.265	1.236	0.412	3	0.479|0.521|0.399	0.000	0.000	0.000	0.000	0.000	-16.005	0.890	0.929	
EIF4A2	RTL8A	RTL8A	.|0.390|0.449	1.238	0.413	3	0.369|0.382|0.394	0.000	0.000	0.000	0.000	0.000	-15.922	1.082	0.905	
EIF4A2	AP1M1	AP1M1	.|0.295|.	1.091	0.364	3	0.612|0.720|0.566	0.000	0.000	0.000	0.000	0.000	-16.005	0.578	0.969	
EIF4A2	YTHDF1	YTHDF1	.|0.369|.	1.166	0.389	3	.|.|.	0.000	0.000	0.000	0.000	0.000	-16.005	0.976	0.970	
EIF4A2	XPO4	XPO4	.|0.179|0.307	0.884	0.295	3	0.428|0.580|0.615	0.000	0.000	0.000	0.000	0.000	-16.005	0.551	0.966	
EIF4A2	VPS11	VPS11	.|0.150|0.284	0.833	0.278	3	0.396|0.537|0.248	0.000	0.000	0.000	0.000	0.000	-16.005	0.741	0.967	
EIF4A2	SLK	SLK	.|0.515|0.437	1.350	0.450	3	0.614|0.669|0.560	0.000	0.000	0.000	0.000	0.000	-16.005	0.734	0.966	
EIF4A2	PDCL3	PDCL3	.|0.636|.	1.432	0.477	3	1.036|.|0.663	0.000	0.000	0.000	0.000	0.000	-16.005	0.576	0.971	
EIF4A2	SPNS1	SPNS1	.|0.359|.	1.155	0.385	3	0.357|.|0.402	0.000	0.000	0.000	0.000	0.000	-16.005	1.016	0.969	
EIF4A2	WNK1	WNK1	.|0.427|0.593	1.418	0.473	3	0.718|0.542|0.741	0.000	0.000	0.000	0.000	0.000	-16.005	0.715	0.966	
EIF4A2	COQ10B	COQ10B	.|0.582|0.139	1.119	0.373	3	0.605|0.506|.	0.000	0.000	0.000	0.000	0.000	-16.005	0.674	0.965	
EIF4A2	CLSPN	CLSPN	.|0.424|0.419	1.242	0.414	3	0.764|0.599|0.650	0.000	0.000	0.000	0.000	0.000	-16.005	0.620	0.967	
EIF4A2	RDH14	RDH14	.|0.227|.	1.023	0.341	3	.|0.116|0.089	0.136	0.408	0.136	0.408	0.136	-0.373	3.361	0.361	
EIF4A2	GLOD4	GLOD4	.|0.164|0.589	1.151	0.384	3	.|.|.	0.010	0.029	0.010	0.029	0.010	-16.005	0.964	0.799	
EIF4A2	XPNPEP3	XPNPEP3	.|14.856|15.527	30.782	10.261	3	.|21.462|.	0.000	0.000	0.000	0.000	0.000	-16.005	0.478	0.968	
EIF4A2	AVEN	AVEN	.|0.197|.	0.994	0.331	3	0.662|0.552|0.651	0.000	0.000	0.000	0.000	0.000	-16.005	0.535	0.970	
EIF4A2	PDLIM7	PDLIM7	.|0.584|0.282	1.264	0.421	3	0.537|0.537|0.420	0.000	0.000	0.000	0.000	0.000	-16.005	0.852	0.939	
EIF4A2	SAR1A	SAR1A	.|0.949|0.871	2.219	0.740	3	0.933|0.805|0.890	0.000	0.000	0.000	0.000	0.000	-16.005	0.846	0.941	
EIF4A2	PNO1	PNO1	.|0.563|0.964	1.925	0.642	3	0.785|0.897|0.803	0.000	0.000	0.000	0.000	0.000	-16.005	0.776	0.913	
EIF4A2	IARS2	IARS2	.|0.394|0.297	1.090	0.363	3	0.296|.|0.237	0.000	0.000	0.000	0.000	0.000	-15.607	1.373	0.900	
EIF4A2	MDN1	MDN1	.|0.333|.	1.130	0.377	3	0.350|0.444|.	0.000	0.000	0.000	0.000	0.000	-16.005	0.955	0.969	
EIF4A2	ABCF3	ABCF3	.|0.336|0.322	1.056	0.352	3	0.460|.|0.272	0.000	0.000	0.000	0.000	0.000	-16.005	0.994	0.967	
EIF4A2	CDKN2AIP	CDKN2AIP	.|0.171|0.416	0.985	0.328	3	.|0.219|.	0.001	0.002	0.001	0.002	0.001	-16.005	1.496	0.847	
EIF4A2	ACTR10	ACTR10	.|0.456|0.468	1.323	0.441	3	0.571|0.504|0.624	0.000	0.000	0.000	0.000	0.000	-16.005	0.781	0.966	
EIF4A2	MAT2B	MAT2B	.|0.423|0.338	1.159	0.386	3	.|.|0.342	0.000	0.000	0.000	0.000	0.000	-16.005	1.131	0.929	
EIF4A2	NDUFAF4	NDUFAF4	.|0.376|0.246	1.021	0.340	3	.|0.284|.	0.000	0.000	0.000	0.000	0.000	-16.005	1.200	0.920	
EIF4A2	CFAP97	CFAP97	.|0.658|.	1.454	0.485	3	.|.|0.230	0.333	0.998	0.333	0.998	0.333	-8.393	2.108	0.236	
EIF4A2	ATXN10	ATXN10	.|0.249|0.390	1.037	0.346	3	0.497|0.338|.	0.000	0.000	0.000	0.000	0.000	-16.005	0.843	0.966	
EIF4A2	GNG12	GNG12	.|0.315|.	1.111	0.370	3	.|.|.	0.000	0.000	0.000	0.000	0.000	-16.005	0.930	0.970	
EIF4A2	HDAC6	HDAC6	.|0.487|0.553	1.438	0.479	3	0.624|0.588|0.585	0.000	0.000	0.000	0.000	0.000	-16.005	0.801	0.967	
EIF4A2	VPS29	VPS29	.|0.607|0.638	1.643	0.548	3	0.659|0.840|0.794	0.000	0.000	0.000	0.000	0.000	-16.005	0.720	0.966	
EIF4A2	UBA2	UBA2	.|0.302|0.805	1.506	0.502	3	0.720|0.815|0.550	0.000	0.000	0.000	0.000	0.000	-16.005	0.732	0.965	
EIF4A2	ADD3	ADD3	.|0.373|0.528	1.299	0.433	3	0.531|0.604|0.958	0.000	0.000	0.000	0.000	0.000	-16.005	0.642	0.967	
EIF4A2	NRBP1	NRBP1	.|0.402|0.322	1.122	0.374	3	0.476|0.458|0.412	0.000	0.000	0.000	0.000	0.000	-16.005	0.835	0.968	
EIF4A2	IPO11	IPO11	.|0.789|0.499	1.686	0.562	3	.|.|.	0.010	0.029	0.010	0.029	0.010	-16.005	1.412	0.766	
EIF4A2	MRM2	MRM2	.|0.371|0.429	1.198	0.399	3	0.569|0.522|0.509	0.000	0.000	0.000	0.000	0.000	-16.005	0.750	0.967	
EIF4A2	TSR3	TSR3	.|0.441|.	1.238	0.413	3	0.316|0.316|.	0.000	0.000	0.000	0.000	0.000	-14.088	1.305	0.908	
EIF4A2	ZNF580	ZNF580	.|0.226|0.301	0.925	0.308	3	.|.|0.297	0.000	0.000	0.000	0.000	0.000	-16.005	1.040	0.966	
EIF4A2	LSM7	LSM7	.|0.835|0.888	2.122	0.707	3	1.396|1.265|1.134	0.000	0.000	0.000	0.000	0.000	-16.005	0.561	0.968	
EIF4A2	CDV3	CDV3	.|0.393|0.432	1.223	0.408	3	0.511|0.496|0.519	0.000	0.000	0.000	0.000	0.000	-16.005	0.802	0.967	
EIF4A2	TRAPPC2L	TRAPPC2L	.|0.483|0.295	1.176	0.392	3	0.575|0.485|0.509	0.000	0.000	0.000	0.000	0.000	-16.005	0.751	0.966	
EIF4A2	NOL7	NOL7	.|0.426|0.431	1.256	0.419	3	.|0.264|.	0.000	0.000	0.000	0.000	0.000	-11.039	1.585	0.871	
EIF4A2	MRPS28	MRPS28	.|0.333|0.313	1.044	0.348	3	0.396|.|0.354	0.000	0.000	0.000	0.000	0.000	-16.005	0.930	0.967	
EIF4A2	MRPS17	MRPS17	.|0.474|0.490	1.363	0.454	3	0.520|.|0.446	0.000	0.000	0.000	0.000	0.000	-16.005	0.942	0.966	
EIF4A2	MRPS2	MRPS2	.|0.621|.	1.417	0.472	3	0.617|0.581|0.655	0.000	0.000	0.000	0.000	0.000	-16.005	0.765	0.968	
EIF4A2	TMED5	TMED5	.|0.354|0.434	1.187	0.396	3	.|0.376|0.579	0.000	0.000	0.000	0.000	0.000	-16.005	0.849	0.966	
EIF4A2	CIAO2B	CIAO2B	.|0.440|0.436	1.274	0.425	3	0.555|0.676|0.459	0.000	0.000	0.000	0.000	0.000	-16.005	0.763	0.967	
EIF4A2	MRPS16	MRPS16	.|0.601|0.692	1.691	0.564	3	.|0.677|0.575	0.000	0.000	0.000	0.000	0.000	-16.005	0.903	0.943	
EIF4A2	TLN1	TLN1	.|1.559|0.236	2.193	0.731	3	1.414|1.293|1.743	0.000	0.000	0.000	0.000	0.000	-16.005	0.497	0.965	
EIF4A2	TNPO3	TNPO3	.|0.255|0.347	1.000	0.333	3	0.578|0.469|0.454	0.000	0.000	0.000	0.000	0.000	-16.005	0.670	0.966	
EIF4A2	GATD3;GATD3B	GATD3;GATD3B	.|.|0.572	1.369	0.456	3	.|0.559|.	0.000	0.000	0.000	0.000	0.000	-16.005	0.816	0.968	
EIF4A2	FAM83G	FAM83G	.|.|0.817	1.613	0.538	3	.|.|.	0.010	0.029	0.010	0.029	0.010	-16.005	1.351	0.804	
EIF4A2	ITIH4	ITIH4	.|.|0.276	1.073	0.358	3	.|.|0.671	0.000	0.000	0.000	0.000	0.000	-16.005	0.533	0.970	
EIF4A2	NOP56	NOP56	.|.|0.327	1.123	0.374	3	0.343|0.286|0.239	0.000	0.000	0.000	0.000	0.000	-15.609	1.306	0.968	
EIF4A2	ARHGEF10	ARHGEF10	.|.|0.288	1.084	0.361	3	0.457|0.380|0.258	0.000	0.000	0.000	0.000	0.000	-16.005	1.017	0.969	
EIF4A2	P4HA2	P4HA2	.|.|0.434	1.231	0.410	3	.|.|0.368	0.000	0.000	0.000	0.000	0.000	-15.732	1.116	0.942	
EIF4A2	MAP3K7	MAP3K7	.|.|0.224	1.020	0.340	3	0.647|0.701|0.517	0.000	0.000	0.000	0.000	0.000	-16.005	0.552	0.969	
EIF4A2	FIBP	FIBP	.|.|0.341	1.138	0.379	3	.|0.523|.	0.000	0.000	0.000	0.000	0.000	-16.005	0.725	0.969	
EIF4A2	PPIH	PPIH	.|.|0.992	1.788	0.596	3	0.555|0.662|.	0.010	0.029	0.010	0.029	0.010	-16.005	0.984	0.814	
EIF4A2	EPB41L2	EPB41L2	.|.|0.355	1.152	0.384	3	0.345|0.336|0.374	0.000	0.000	0.000	0.000	0.000	-15.982	1.093	0.968	
EIF4A2	STRN	STRN	.|.|0.236	1.032	0.344	3	0.377|.|0.498	0.000	0.000	0.000	0.000	0.000	-16.005	0.794	0.969	
EIF4A2	OPA1	OPA1	.|.|0.268	1.064	0.355	3	.|.|0.311	0.000	0.000	0.000	0.000	0.000	-16.005	1.139	0.970	
EIF4A2	NEMF	NEMF	.|.|0.245	1.041	0.347	3	0.585|.|.	0.000	0.000	0.000	0.000	0.000	-16.005	0.593	0.970	
EIF4A2	ABCB7	ABCB7	.|.|0.264	1.061	0.354	3	.|.|.	0.000	0.000	0.000	0.000	0.000	-16.005	0.888	0.970	
EIF4A2	CPNE3	CPNE3	.|.|0.223	1.019	0.340	3	0.278|0.269|.	0.000	0.000	0.000	0.000	0.000	-16.005	1.241	0.969	
EIF4A2	CNOT3	CNOT3	.|.|0.311	1.108	0.369	3	0.461|0.488|0.468	0.000	0.000	0.000	0.000	0.000	-16.005	0.782	0.970	
EIF4A2	CRCP	CRCP	.|.|0.354	1.150	0.383	3	0.961|.|0.353	0.000	0.000	0.000	0.000	0.000	-16.005	0.658	0.969	
EIF4A2	KIF4A	KIF4A	.|.|0.201	0.998	0.333	3	0.611|0.462|.	0.000	0.000	0.000	0.000	0.000	-16.005	0.626	0.970	
EIF4A2	HSPA4L	HSPA4L	.|.|0.469	1.265	0.422	3	0.767|0.538|0.758	0.000	0.000	0.000	0.000	0.000	-16.005	0.621	0.969	
EIF4A2	WIZ	WIZ	.|.|0.287	1.084	0.361	3	0.684|.|0.468	0.000	0.000	0.000	0.000	0.000	-16.005	0.639	0.970	
EIF4A2	FADS2	FADS2	.|.|0.280	1.076	0.359	3	.|.|.	0.000	0.000	0.000	0.000	0.000	-16.005	0.901	0.970	
EIF4A2	PRNP	PRNP	.|.|0.531	1.328	0.443	3	0.443|.|0.632	0.000	0.000	0.000	0.000	0.000	-16.005	0.836	0.968	
EIF4A2	TK1	TK1	.|.|0.453	1.249	0.416	3	0.674|0.620|0.729	0.000	0.000	0.000	0.000	0.000	-16.005	0.619	0.969	
EIF4A2	LYN	LYN	.|.|2.474	3.270	1.090	3	2.820|2.780|.	0.000	0.000	0.000	0.000	0.000	-16.005	0.389	0.971	
EIF4A2	POLA1	POLA1	.|.|0.444	1.240	0.413	3	0.465|0.551|0.472	0.000	0.000	0.000	0.000	0.000	-16.005	0.836	0.969	
EIF4A2	RO60	RO60	.|.|0.482	1.278	0.426	3	.|0.310|0.377	0.000	0.000	0.000	0.000	0.000	-15.091	1.246	0.901	
EIF4A2	SLC25A6	SLC25A6	.|.|0.433	1.229	0.410	3	0.345|0.399|.	0.000	0.000	0.000	0.000	0.000	-15.789	1.104	0.965	
EIF4A2	ACTN1	ACTN1	.|.|0.478	1.275	0.425	3	0.716|0.587|0.436	0.000	0.000	0.000	0.000	0.000	-16.005	0.748	0.970	
EIF4A2	LAMP2	LAMP2	.|.|0.419	1.216	0.405	3	0.521|.|.	0.000	0.000	0.000	0.000	0.000	-16.005	0.778	0.969	
EIF4A2	KRT13	KRT13	.|.|0.915	1.711	0.570	3	.|.|.	0.010	0.029	0.010	0.029	0.010	-16.005	1.433	0.804	
EIF4A2	CCNB1	CCNB1	.|.|0.440	1.236	0.412	3	0.524|0.601|0.343	0.000	0.000	0.000	0.000	0.000	-16.005	0.865	0.969	
EIF4A2	PHKG2	PHKG2	.|.|0.368	1.165	0.388	3	0.507|0.530|0.458	0.000	0.000	0.000	0.000	0.000	-16.005	0.780	0.968	
EIF4A2	XRCC1	XRCC1	.|.|0.310	1.106	0.369	3	.|.|.	0.000	0.000	0.000	0.000	0.000	-16.005	0.926	0.970	
EIF4A2	ME2	ME2	.|.|0.448	1.245	0.415	3	.|.|.	0.000	0.000	0.000	0.000	0.000	-16.005	1.042	0.925	
EIF4A2	RRM1	RRM1	.|.|0.306	1.103	0.368	3	0.485|0.408|0.364	0.000	0.000	0.000	0.000	0.000	-16.005	0.883	0.969	
EIF4A2	ACP1	ACP1	.|.|0.620	1.417	0.472	3	0.619|0.616|0.717	0.000	0.000	0.000	0.000	0.000	-16.005	0.727	0.970	
EIF4A2	MPG	MPG	.|.|0.340	1.136	0.379	3	.|.|.	0.000	0.000	0.000	0.000	0.000	-16.005	0.951	0.970	
EIF4A2	AKT2	AKT2	.|.|0.248	1.045	0.348	3	.|.|0.348	0.000	0.000	0.000	0.000	0.000	-16.005	1.001	0.969	
EIF4A2	ATIC	ATIC	.|.|0.314	1.110	0.370	3	.|0.325|0.375	0.000	0.000	0.000	0.000	0.000	-16.005	1.060	0.970	
EIF4A2	CTNNA1	CTNNA1	.|.|0.301	1.098	0.366	3	.|.|.	0.000	0.000	0.000	0.000	0.000	-16.005	0.919	0.970	
EIF4A2	ARL2	ARL2	.|.|0.265	1.062	0.354	3	.|.|0.324	0.000	0.000	0.000	0.000	0.000	-16.005	1.094	0.968	
EIF4A2	ETFB	ETFB	.|.|0.139	0.935	0.312	3	0.172|.|0.268	0.000	0.000	0.000	0.000	0.000	-16.005	1.450	0.968	
EIF4A2	USP5	USP5	.|.|0.324	1.121	0.374	3	.|0.253|.	0.000	0.000	0.000	0.000	0.000	-14.271	1.477	0.931	
EIF4A2	HINT1	HINT1	.|.|0.381	1.177	0.392	3	1.522|1.428|0.929	0.000	0.000	0.000	0.000	0.000	-16.005	0.310	0.971	
EIF4A2	PEX5	PEX5	.|.|0.272	1.069	0.356	3	.|0.298|0.276	0.000	0.000	0.000	0.000	0.000	-16.005	1.241	0.971	
EIF4A2	MRPL12	MRPL12	.|.|0.173	0.969	0.323	3	0.585|0.406|0.291	0.000	0.000	0.000	0.000	0.000	-16.005	0.787	0.969	
EIF4A2	HMGA2	HMGA2	.|.|0.188	0.985	0.328	3	0.239|0.310|.	0.000	0.000	0.000	0.000	0.000	-16.005	1.206	0.969	
EIF4A2	NUBP1	NUBP1	.|.|0.224	1.020	0.340	3	.|.|.	0.000	0.000	0.000	0.000	0.000	-16.005	0.854	0.970	
EIF4A2	AP1S2	AP1S2	.|.|0.319	1.116	0.372	3	0.389|0.410|0.297	0.000	0.000	0.000	0.000	0.000	-16.005	1.029	0.970	
EIF4A2	EIF6	EIF6	.|.|0.463	1.260	0.420	3	0.763|0.675|0.607	0.000	0.000	0.000	0.000	0.000	-16.005	0.619	0.968	
EIF4A2	FBXW4	FBXW4	.|.|0.386	1.183	0.394	3	.|.|.	0.000	0.000	0.000	0.000	0.000	-16.005	0.990	0.970	
EIF4A2	MAGOH;MAGOHB	MAGOH;MAGOHB	.|.|0.674	1.470	0.490	3	.|.|.	0.010	0.029	0.010	0.029	0.010	-16.005	1.231	0.804	
EIF4A2	VBP1	VBP1	.|.|0.328	1.125	0.375	3	0.546|0.525|0.484	0.000	0.000	0.000	0.000	0.000	-16.005	0.724	0.970	
EIF4A2	DYNLL1;DYNLL2	DYNLL1;DYNLL2	.|.|0.523	1.320	0.440	3	0.505|0.569|0.494	0.000	0.000	0.000	0.000	0.000	-16.005	0.843	0.968	
EIF4A2	SUPT4H1	SUPT4H1	.|.|0.261	1.057	0.352	3	0.440|0.446|0.339	0.000	0.000	0.000	0.000	0.000	-16.005	0.870	0.970	
EIF4A2	CDK5	CDK5	.|.|0.180	0.977	0.326	3	.|0.371|0.274	0.000	0.000	0.000	0.000	0.000	-16.005	1.021	0.969	
EIF4A2	HMGCS1;HMGCS2	HMGCS1;HMGCS2	.|.|0.235	1.032	0.344	3	.|.|0.277	0.000	0.000	0.000	0.000	0.000	-16.005	1.242	0.969	
EIF4A2	KIF23	KIF23	.|.|0.281	1.078	0.359	3	0.222|0.189|.	0.000	0.000	0.000	0.000	0.000	-13.759	1.756	0.925	
EIF4A2	MLLT1	MLLT1	.|.|0.304	1.101	0.367	3	0.353|.|.	0.000	0.000	0.000	0.000	0.000	-16.005	1.040	0.970	
EIF4A2	GFPT1	GFPT1	.|.|0.369	1.165	0.388	3	0.490|0.530|0.604	0.000	0.000	0.000	0.000	0.000	-16.005	0.720	0.969	
EIF4A2	ASPH	ASPH	.|.|0.122	0.918	0.306	3	.|.|.	0.000	0.000	0.000	0.000	0.000	-16.005	0.768	0.970	
EIF4A2	CSTF3	CSTF3	.|.|0.161	0.957	0.319	3	0.651|0.753|0.726	0.000	0.000	0.000	0.000	0.000	-16.005	0.450	0.969	
EIF4A2	SNTB2	SNTB2	.|.|0.374	1.171	0.390	3	0.483|0.504|0.416	0.000	0.000	0.000	0.000	0.000	-16.005	0.837	0.970	
EIF4A2	CAMK2G	CAMK2G	.|.|0.315	1.112	0.371	3	.|.|.	0.000	0.000	0.000	0.000	0.000	-16.005	0.931	0.970	
EIF4A2	ZMYM3;ZMYM4	ZMYM3;ZMYM4	.|.|0.135	0.931	0.310	3	.|.|.	0.000	0.000	0.000	0.000	0.000	-16.005	0.780	0.970	
EIF4A2	RSU1	RSU1	.|.|0.227	1.023	0.341	3	0.546|.|.	0.000	0.000	0.000	0.000	0.000	-16.005	0.624	0.970	
EIF4A2	SKIC2	SKIC2	.|.|0.499	1.295	0.432	3	0.552|0.610|0.525	0.000	0.000	0.000	0.000	0.000	-16.005	0.769	0.969	
EIF4A2	CYP51A1	CYP51A1	.|.|0.419	1.215	0.405	3	.|.|0.555	0.000	0.000	0.000	0.000	0.000	-16.005	0.730	0.970	
EIF4A2	MAP9	MAP9	.|.|0.445	1.241	0.414	3	.|.|.	0.000	0.000	0.000	0.000	0.000	-16.005	1.039	0.929	
EIF4A2	FAM76B	FAM76B	.|.|0.721	1.518	0.506	3	0.583|.|0.450	0.000	0.000	0.000	0.000	0.000	-16.005	0.988	0.874	
EIF4A2	NUP188	NUP188	.|.|0.333	1.129	0.376	3	.|.|0.218	0.000	0.000	0.000	0.000	0.000	-11.737	1.729	0.905	
EIF4A2	VARS2	VARS2	.|.|0.170	0.967	0.322	3	.|.|.	0.000	0.000	0.000	0.000	0.000	-16.005	0.809	0.970	
EIF4A2	UBR4	UBR4	.|.|0.391	1.187	0.396	3	0.299|0.399|0.669	0.000	0.000	0.000	0.000	0.000	-13.468	0.919	0.921	
EIF4A2	CDC42BPA	CDC42BPA	.|.|0.384	1.181	0.394	3	.|.|.	0.000	0.000	0.000	0.000	0.000	-16.005	0.988	0.970	
EIF4A2	RPRD2	RPRD2	.|.|0.265	1.062	0.354	3	.|0.592|.	0.000	0.000	0.000	0.000	0.000	-16.005	0.598	0.969	
EIF4A2	CARMIL1	CARMIL1	.|.|0.161	0.958	0.319	3	.|.|.	0.000	0.000	0.000	0.000	0.000	-16.005	0.802	0.970	
EIF4A2	FAM117B	FAM117B	.|.|0.251	1.048	0.349	3	.|.|.	0.000	0.000	0.000	0.000	0.000	-16.005	0.877	0.970	
EIF4A2	EDC4	EDC4	.|.|0.415	1.211	0.404	3	0.331|0.274|0.139	0.003	0.009	0.003	0.009	0.003	-5.073	1.733	0.828	
EIF4A2	RPL22L1	RPL22L1	.|.|0.368	1.165	0.388	3	0.661|0.683|0.647	0.000	0.000	0.000	0.000	0.000	-16.005	0.585	0.970	
EIF4A2	ALKBH5	ALKBH5	.|.|0.503	1.299	0.433	3	0.580|.|0.718	0.000	0.000	0.000	0.000	0.000	-16.005	0.671	0.971	
EIF4A2	BRAT1	BRAT1	.|.|0.392	1.188	0.396	3	0.539|.|0.553	0.000	0.000	0.000	0.000	0.000	-16.005	0.725	0.970	
EIF4A2	RAB11FIP1	RAB11FIP1	.|.|1.022	1.818	0.606	3	.|.|.	0.010	0.029	0.010	0.029	0.010	-16.005	1.522	0.813	
EIF4A2	ZC3HAV1	ZC3HAV1	.|.|0.540	1.337	0.446	3	.|.|0.568	0.000	0.000	0.000	0.000	0.000	-16.005	0.784	0.969	
EIF4A2	NUP54	NUP54	.|.|0.176	0.972	0.324	3	0.478|.|.	0.000	0.000	0.000	0.000	0.000	-16.005	0.678	0.968	
EIF4A2	COMMD7	COMMD7	.|.|0.442	1.239	0.413	3	0.520|0.509|0.602	0.000	0.000	0.000	0.000	0.000	-16.005	0.761	0.968	
EIF4A2	GATAD2A	GATAD2A	.|.|0.351	1.147	0.382	3	.|.|.	0.000	0.000	0.000	0.000	0.000	-16.005	0.960	0.970	
EIF4A2	MGA	MGA	.|.|0.334	1.130	0.377	3	0.091|0.459|0.543	0.003	0.010	0.003	0.010	0.003	-4.645	1.328	0.827	
EIF4A2	SMAP1	SMAP1	.|.|0.363	1.160	0.387	3	.|.|.	0.000	0.000	0.000	0.000	0.000	-16.005	0.971	0.970	
EIF4A2	H2BC26	H2BC26	.|.|0.227	1.023	0.341	3	0.264|.|0.372	0.000	0.000	0.000	0.000	0.000	-16.005	1.087	0.968	
EIF4A2	SPC24	SPC24	.|.|0.127	0.923	0.308	3	0.576|0.615|0.317	0.000	0.000	0.000	0.000	0.000	-16.005	0.638	0.969	
EIF4A2	SCCPDH	SCCPDH	.|.|0.544	1.340	0.447	3	0.534|0.455|0.487	0.000	0.000	0.000	0.000	0.000	-16.005	0.910	0.942	
EIF4A2	CHST14	CHST14	.|.|0.197	0.994	0.331	3	.|.|.	0.000	0.000	0.000	0.000	0.000	-16.005	0.832	0.970	
EIF4A2	SRFBP1	SRFBP1	.|.|0.548	1.344	0.448	3	0.764|.|0.753	0.000	0.000	0.000	0.000	0.000	-16.005	0.591	0.968	
EIF4A2	SMARCC2	SMARCC2	.|.|0.409	1.205	0.402	3	0.680|0.396|0.595	0.000	0.000	0.000	0.000	0.000	-16.005	0.740	0.969	
EIF4A2	HM13	HM13	.|.|0.661	1.458	0.486	3	0.905|0.883|0.880	0.000	0.000	0.000	0.000	0.000	-16.005	0.546	0.970	
EIF4A2	BRK1	BRK1	.|.|0.578	1.374	0.458	3	0.559|.|0.449	0.000	0.000	0.000	0.000	0.000	-16.005	0.913	0.942	
EIF4A2	LEO1	LEO1	.|.|0.393	1.189	0.396	3	.|.|.	0.000	0.000	0.000	0.000	0.000	-16.005	0.995	0.970	
EIF4A2	UBLCP1	UBLCP1	.|.|0.147	0.943	0.314	3	.|.|.	0.000	0.000	0.000	0.000	0.000	-16.005	0.789	0.970	
EIF4A2	NELFB	NELFB	.|.|0.317	1.113	0.371	3	0.452|0.337|0.420	0.000	0.000	0.000	0.000	0.000	-16.005	0.928	0.969	
EIF4A2	PHF3	PHF3	.|.|0.222	1.018	0.339	3	.|.|.	0.000	0.000	0.000	0.000	0.000	-16.005	0.852	0.970	
EIF4A2	LPGAT1	LPGAT1	.|.|0.372	1.169	0.390	3	.|.|.	0.000	0.000	0.000	0.000	0.000	-16.005	0.978	0.970	
EIF4A2	KIAA1191	KIAA1191	.|.|0.454	1.250	0.417	3	.|.|.	0.000	0.000	0.000	0.000	0.000	-16.005	1.047	0.920	
EIF4A2	FAF2	FAF2	.|.|0.315	1.112	0.371	3	.|0.559|.	0.000	0.000	0.000	0.000	0.000	-16.005	0.663	0.969	
EIF4A2	MSI2	MSI2	.|.|0.208	1.004	0.335	3	.|.|.	0.000	0.000	0.000	0.000	0.000	-16.005	0.841	0.970	
EIF4A2	SEH1L	SEH1L	.|.|0.395	1.191	0.397	3	0.565|0.442|0.471	0.000	0.000	0.000	0.000	0.000	-16.005	0.810	0.969	
EIF4A2	PTCD3	PTCD3	.|.|0.267	1.063	0.354	3	.|.|0.359	0.000	0.000	0.000	0.000	0.000	-16.005	0.988	0.969	
EIF4A2	NSUN5	NSUN5	.|.|0.242	1.038	0.346	3	0.308|0.312|.	0.000	0.000	0.000	0.000	0.000	-16.005	1.115	0.969	
EIF4A2	IPO9	IPO9	.|.|0.381	1.178	0.393	3	0.170|0.322|0.342	0.000	0.000	0.000	0.000	0.000	-8.124	1.479	0.868	
EIF4A2	QKI	QKI	.|.|0.925	1.722	0.574	3	.|.|.	0.010	0.029	0.010	0.029	0.010	-16.005	1.441	0.804	
EIF4A2	SRPK1	SRPK1	.|.|0.364	1.161	0.387	3	0.305|.|.	0.000	0.000	0.000	0.000	0.000	-14.896	1.270	0.947	
EIF4A2	POP1	POP1	.|.|0.293	1.090	0.363	3	0.332|0.395|0.315	0.000	0.000	0.000	0.000	0.000	-16.005	1.050	0.970	
EIF4A2	MRPL45	MRPL45	.|.|0.396	1.192	0.397	3	0.465|0.489|0.507	0.000	0.000	0.000	0.000	0.000	-16.005	0.816	0.970	
EIF4A2	LMF2	LMF2	.|.|0.492	1.289	0.430	3	.|0.654|.	0.000	0.000	0.000	0.000	0.000	-16.005	0.657	0.968	
EIF4A2	RTF2	RTF2	.|.|0.092	0.888	0.296	3	.|.|0.195	0.000	0.000	0.000	0.000	0.000	-16.005	1.520	0.970	
EIF4A2	WDR11	WDR11	.|.|0.470	1.267	0.422	3	0.486|0.446|0.334	0.000	0.000	0.000	0.000	0.000	-16.005	1.013	0.968	
EIF4A2	TBL1XR1	TBL1XR1	.|.|0.294	1.091	0.364	3	.|.|0.387	0.000	0.000	0.000	0.000	0.000	-16.005	0.940	0.969	
EIF4A2	YIPF3	YIPF3	.|.|0.592	1.389	0.463	3	.|0.493|0.551	0.000	0.000	0.000	0.000	0.000	-16.005	0.888	0.965	
EIF4A2	CSTF2T	CSTF2T	.|.|0.329	1.125	0.375	3	0.559|0.419|.	0.000	0.000	0.000	0.000	0.000	-16.005	0.775	0.969	
EIF4A2	PRKRIP1	PRKRIP1	.|.|0.506	1.302	0.434	3	0.854|0.787|0.918	0.000	0.000	0.000	0.000	0.000	-16.005	0.510	0.971	
EIF4A2	BRD9	BRD9	.|.|0.231	1.027	0.342	3	0.274|0.195|0.247	0.000	0.000	0.000	0.000	0.000	-16.005	1.449	0.969	
EIF4A2	LRRC40	LRRC40	.|.|0.187	0.983	0.328	3	0.363|.|0.438	0.000	0.000	0.000	0.000	0.000	-16.005	0.822	0.971	
EIF4A2	C17orf75	C17orf75	.|.|0.202	0.998	0.333	3	0.252|0.222|.	0.000	0.000	0.000	0.000	0.000	-16.005	1.408	0.969	
EIF4A2	TMEM165	TMEM165	.|.|0.305	1.101	0.367	3	0.273|.|0.231	0.000	0.000	0.000	0.000	0.000	-14.971	1.461	0.965	
EIF4A2	KIF13B	KIF13B	.|.|0.488	1.284	0.428	3	.|.|.	0.000	0.000	0.000	0.000	0.000	-16.005	1.075	0.882	
EIF4A2	BIRC6	BIRC6	.|.|0.325	1.122	0.374	3	0.415|0.438|.	0.000	0.000	0.000	0.000	0.000	-16.005	0.877	0.970	
EIF4A2	HOMER2	HOMER2	.|.|0.339	1.135	0.378	3	0.199|.|.	0.000	0.000	0.000	0.000	0.000	-9.917	1.902	0.887	
EIF4A2	OTULINL	OTULINL	.|.|0.278	1.075	0.358	3	.|.|.	0.000	0.000	0.000	0.000	0.000	-16.005	0.900	0.970	
EIF4A2	POLR3E	POLR3E	.|.|0.264	1.060	0.353	3	.|.|0.932	0.000	0.000	0.000	0.000	0.000	-16.005	0.379	0.971	
EIF4A2	MRPL16	MRPL16	.|.|0.579	1.376	0.459	3	0.741|0.800|.	0.000	0.000	0.000	0.000	0.000	-16.005	0.596	0.968	
EIF4A2	SELENON	SELENON	.|.|0.183	0.979	0.326	3	.|.|.	0.000	0.000	0.000	0.000	0.000	-16.005	0.820	0.970	
EIF4A2	COMMD9	COMMD9	.|.|0.270	1.066	0.355	3	0.454|0.572|0.444	0.000	0.000	0.000	0.000	0.000	-16.005	0.730	0.968	
EIF4A2	COMMD3	COMMD3	.|.|0.128	0.925	0.308	3	0.810|0.339|0.800	0.000	0.000	0.000	0.000	0.000	-16.005	0.511	0.968	
EIF4A2	PEF1	PEF1	.|.|0.166	0.962	0.321	3	.|0.206|.	0.000	0.000	0.000	0.000	0.000	-16.005	1.558	0.969	
EIF4A2	RABGEF1	RABGEF1	.|.|0.670	1.467	0.489	3	0.667|.|0.121	0.172	0.517	0.172	0.517	0.172	-12.361	1.720	0.335	
EIF4A2	CCNL1	CCNL1	.|.|0.704	1.500	0.500	3	0.371|0.333|0.416	0.010	0.029	0.010	0.029	0.010	-15.715	1.345	0.812	
EIF4A2	AMFR	AMFR	.|.|0.432	1.228	0.409	3	0.252|.|.	0.000	0.000	0.000	0.000	0.000	-10.160	1.623	0.866	
EIF4A2	USP22	USP22	.|.|0.513	1.310	0.437	3	0.351|.|0.555	0.000	0.000	0.000	0.000	0.000	-16.005	0.989	0.942	
EIF4A2	BCS1L	BCS1L	.|.|0.281	1.078	0.359	3	.|.|.	0.000	0.000	0.000	0.000	0.000	-16.005	0.902	0.970	
EIF4A2	TRAPPC8	TRAPPC8	.|.|0.210	1.007	0.336	3	0.320|0.358|0.246	0.000	0.000	0.000	0.000	0.000	-16.005	1.103	0.969	
EIF4A2	DERA	DERA	.|.|0.239	1.035	0.345	3	0.496|0.499|0.646	0.000	0.000	0.000	0.000	0.000	-16.005	0.636	0.968	
EIF4A2	UTP11	UTP11	.|.|0.190	0.987	0.329	3	.|.|.	0.000	0.000	0.000	0.000	0.000	-16.005	0.826	0.970	
EIF4A2	MOB4	MOB4	.|.|0.430	1.226	0.409	3	.|.|.	0.000	0.000	0.000	0.000	0.000	-16.005	1.026	0.965	
EIF4A2	STRAP	STRAP	.|.|0.400	1.197	0.399	3	0.486|0.495|0.524	0.000	0.000	0.000	0.000	0.000	-16.005	0.796	0.970	
EIF4A2	HBS1L	HBS1L	.|.|0.263	1.060	0.353	3	.|.|.	0.000	0.000	0.000	0.000	0.000	-16.005	0.887	0.970	
EIF4A2	YTHDF2	YTHDF2	.|.|0.351	1.148	0.383	3	0.208|.|0.236	0.000	0.000	0.000	0.000	0.000	-10.869	1.726	0.896	
MEPCE	IGKV2-29;IGKV2D-26;IGKV2D-29	IGKV2-29;IGKV2D-26;IGKV2D-29	5.531|442.960|5.576	454.067	151.356	3	6.182|6.019|5.987	0.333	1.000	0.333	1.000	0.333	-16.198	24.967	0.202	
MEPCE	ESYT2	ESYT2	0.864|0.758|0.950	2.572	0.857	3	0.806|0.915|1.131	0.000	0.000	0.000	0.000	0.000	-16.005	0.911	0.948	
MEPCE	SHTN1	SHTN1	0.278|.|0.292	0.968	0.323	3	0.287|0.250|0.346	0.000	0.000	0.000	0.000	0.000	-16.005	1.106	0.966	
MEPCE	ILVBL	ILVBL	0.638|0.787|0.554	1.979	0.660	3	0.595|0.600|0.591	0.008	0.024	0.008	0.024	0.008	-16.005	1.108	0.816	
MEPCE	VWA8	VWA8	0.439|0.469|0.438	1.346	0.449	3	0.390|.|0.331	0.000	0.000	0.000	0.000	0.000	-14.385	1.249	0.914	
MEPCE	CNOT1	CNOT1	0.778|0.852|0.841	2.470	0.823	3	0.791|2.319|0.865	0.000	0.000	0.000	0.000	0.000	-10.269	0.706	0.874	
MEPCE	FAM83G	FAM83G	0.742|.|0.930	2.070	0.690	3	.|.|.	0.019	0.029	0.019	0.029	0.019	-16.005	1.733	0.714	
MEPCE	TUBAL3	TUBAL3	1.698|1.450|1.435	4.583	1.528	3	1.508|1.235|1.506	0.000	0.000	0.000	0.000	0.000	-15.987	1.083	0.926	
MEPCE	ARHGAP42	ARHGAP42	2.058|1.786|1.598	5.443	1.814	3	0.951|0.800|0.843	0.029	0.029	0.029	0.029	0.029	-3.505	2.104	0.462	
MEPCE	RTL8C	RTL8C	1.044|1.074|0.946	3.063	1.021	3	0.948|0.967|0.925	0.000	0.000	0.000	0.000	0.000	-16.005	1.079	0.918	
MEPCE	SNRPG;SNRPGP15	SNRPG;SNRPGP15	0.604|0.565|0.545	1.715	0.572	3	.|0.598|0.610	0.000	0.000	0.000	0.000	0.000	-16.005	0.947	0.948	
MEPCE	WASH2P;WASH3P	WASH2P;WASH3P	0.824|0.816|0.933	2.573	0.858	3	0.540|0.700|0.900	0.000	0.000	0.000	0.000	0.000	-15.724	1.229	0.932	
MEPCE	G5E513	G5E513	0.949|0.927|0.879	2.755	0.918	3	1.248|1.280|1.137	0.000	0.000	0.000	0.000	0.000	-16.005	0.753	0.957	
MEPCE	lacZ	lacZ	2.202|2.395|2.192	6.790	2.263	3	1.402|1.419|1.531	0.029	0.029	0.029	0.029	0.029	-3.505	1.561	0.642	
MEPCE	TRYP	TRYP	16.243|16.737|16.148	49.128	16.376	3	15.625|16.080|16.547	0.000	0.000	0.000	0.000	0.000	-16.002	1.018	0.942	
MEPCE	CHYM	CHYM	1.019|0.943|0.877	2.840	0.947	3	1.018|1.003|1.025	0.000	0.000	0.000	0.000	0.000	-16.005	0.932	0.948	
MEPCE	C4	C4	2.036|2.331|2.163	6.530	2.177	3	2.172|2.067|2.148	0.000	0.000	0.000	0.000	0.000	-16.005	1.023	0.931	
MEPCE	KNG1;KNG2	KNG1;KNG2	0.400|.|0.487	1.285	0.428	3	0.601|0.641|0.742	0.000	0.000	0.000	0.000	0.000	-16.005	0.650	0.966	
MEPCE	HBA	HBA	0.963|0.982|0.975	2.920	0.973	3	1.165|1.217|1.253	0.000	0.000	0.000	0.000	0.000	-16.005	0.804	0.957	
MEPCE	HBB	HBB	0.342|0.521|.	1.261	0.420	3	0.490|0.456|0.352	0.000	0.000	0.000	0.000	0.000	-16.005	0.981	0.940	
MEPCE	HBBF	HBBF	1.223|1.165|1.403	3.791	1.264	3	1.234|1.357|1.373	0.000	0.000	0.000	0.000	0.000	-16.005	0.957	0.938	
MEPCE	CSN1S1	CSN1S1	5.529|5.255|5.248	16.032	5.344	3	0.605|.|0.670	1.000	1.000	1.000	1.000	1.000	9.340	8.391	0.000	
MEPCE	CSN1S2	CSN1S2	2.824|2.952|2.920	8.696	2.899	3	.|.|.	1.000	1.000	1.000	1.000	1.000	8.891	7.279	0.000	
MEPCE	CSN2	CSN2	2.175|2.035|2.068	6.278	2.093	3	.|.|.	1.000	1.000	1.000	1.000	1.000	8.995	5.256	0.000	
MEPCE	CSN3	CSN3	3.097|3.125|3.092	9.314	3.105	3	.|.|.	1.000	1.000	1.000	1.000	1.000	8.993	7.797	0.000	
MEPCE	LGB	LGB	0.448|0.656|0.501	1.605	0.535	3	.|.|.	0.010	0.029	0.010	0.029	0.010	-13.834	1.344	0.764	
MEPCE	ALB	ALB	9.087|9.462|9.603	28.151	9.384	3	8.581|9.374|8.711	0.000	0.000	0.000	0.000	0.000	-15.923	1.056	0.932	
MEPCE	PF4	PF4	4.023|4.991|.	9.412	3.137	3	7.696|8.287|8.761	0.000	0.000	0.000	0.000	0.000	-16.005	0.381	0.968	
MEPCE	AHSG	AHSG	1.608|1.624|1.639	4.871	1.624	3	1.808|1.722|1.861	0.000	0.000	0.000	0.000	0.000	-16.005	0.904	0.948	
MEPCE	APOA1	APOA1	0.832|0.759|0.732	2.322	0.774	3	0.947|0.943|0.792	0.000	0.000	0.000	0.000	0.000	-16.005	0.869	0.955	
MEPCE	APOH	APOH	0.638|0.598|0.819	2.056	0.685	3	.|.|.	0.029	0.029	0.029	0.029	0.029	-3.505	1.721	0.476	
MEPCE	ACTB;ACTG1	ACTB;ACTG1	29.120|29.335|29.964	88.419	29.473	3	14.214|13.899|14.095	0.029	0.029	0.029	0.029	0.029	-3.505	2.095	0.669	
MEPCE	YWHAZ	YWHAZ	1.412|1.421|1.419	4.252	1.417	3	1.108|1.191|1.112	0.000	0.000	0.000	0.000	0.000	-8.614	1.247	0.859	
MEPCE	EEF1A1	EEF1A1	15.618|15.579|16.421	47.618	15.873	3	16.670|17.750|17.081	0.000	0.000	0.000	0.000	0.000	-16.005	0.925	0.962	
MEPCE	ACTA1	ACTA1	8.114|7.544|7.763	23.421	7.807	3	3.820|3.415|3.611	0.029	0.029	0.029	0.029	0.029	-3.505	2.162	0.644	
MEPCE	IGL	IGL	0.724|0.677|0.864	2.265	0.755	3	0.684|1.026|0.830	0.000	0.000	0.000	0.000	0.000	-16.005	0.904	0.947	
MEPCE	F5	F5	0.513|0.691|0.641	1.845	0.615	3	1.237|1.028|1.290	0.000	0.000	0.000	0.000	0.000	-16.005	0.522	0.961	
MEPCE	THBS1	THBS1	0.784|0.566|0.622	1.972	0.657	3	.|0.466|.	0.010	0.029	0.010	0.029	0.010	-13.908	1.411	0.778	
MEPCE	TF	TF	0.215|.|0.333	0.945	0.315	3	.|.|.	0.000	0.000	0.000	0.000	0.000	-16.005	0.791	0.967	
MEPCE	LOC525947	LOC525947	0.385|0.504|.	1.288	0.429	3	0.443|.|0.362	0.000	0.000	0.000	0.000	0.000	-16.005	1.072	0.921	
MEPCE	TUBB;TUBB5	TUBB;TUBB5	14.784|14.883|15.896	45.563	15.188	3	13.411|13.516|14.464	0.000	0.000	0.000	0.000	0.000	-15.242	1.101	0.914	
MEPCE	C3	C3	2.398|2.342|2.170	6.911	2.304	3	2.392|2.212|2.290	0.000	0.000	0.000	0.000	0.000	-16.005	1.003	0.941	
MEPCE	CAP1	CAP1	0.949|0.849|0.874	2.671	0.890	3	1.130|0.976|1.089	0.000	0.000	0.000	0.000	0.000	-16.005	0.838	0.952	
MEPCE	ITIH4	ITIH4	0.738|.|.	1.534	0.511	3	.|.|0.671	0.000	0.000	0.000	0.000	0.000	-16.005	0.763	0.965	
MEPCE	VTN	VTN	0.479|0.562|0.519	1.560	0.520	3	0.599|0.625|1.190	0.000	0.000	0.000	0.000	0.000	-16.005	0.680	0.955	
MEPCE	FETUB	FETUB	0.563|0.568|0.546	1.678	0.559	3	0.452|0.592|0.700	0.000	0.000	0.000	0.000	0.000	-16.005	0.978	0.952	
MEPCE	A2M	A2M	3.205|3.349|3.396	9.951	3.317	3	3.594|3.495|3.470	0.000	0.000	0.000	0.000	0.000	-16.005	0.943	0.962	
MEPCE	NACA	NACA	2.939|3.010|2.617	8.567	2.856	3	2.950|3.038|2.947	0.000	0.000	0.000	0.000	0.000	-16.005	0.959	0.947	
MEPCE	C11orf98	C11orf98	1.241|1.366|1.378	3.985	1.328	3	1.109|1.172|1.058	0.000	0.000	0.000	0.000	0.000	-14.113	1.195	0.870	
MEPCE	SUMO1;SUMO1P1	SUMO1;SUMO1P1	0.691|0.628|0.657	1.975	0.658	3	0.548|0.482|0.592	0.000	0.000	0.000	0.000	0.000	-14.350	1.222	0.902	
MEPCE	KIF2A	KIF2A	0.296|.|0.311	1.005	0.335	3	.|0.242|0.550	0.000	0.000	0.000	0.000	0.000	-16.005	0.919	0.967	
MEPCE	DDX39A	DDX39A	0.924|0.768|0.795	2.488	0.829	3	1.056|0.946|0.841	0.000	0.000	0.000	0.000	0.000	-16.005	0.879	0.954	
MEPCE	MYO1C	MYO1C	0.968|1.012|1.129	3.110	1.037	3	0.892|1.088|0.944	0.000	0.000	0.000	0.000	0.000	-16.005	1.067	0.929	
MEPCE	HAX1	HAX1	0.512|0.538|0.625	1.675	0.558	3	0.565|0.593|0.531	0.000	0.000	0.000	0.000	0.000	-16.005	0.993	0.927	
MEPCE	GTPBP1	GTPBP1	0.973|.|.	1.770	0.590	3	.|.|.	0.010	0.029	0.010	0.029	0.010	-16.005	1.481	0.804	
MEPCE	AP3B1	AP3B1	1.733|1.838|1.678	5.249	1.750	3	1.928|1.699|1.673	0.000	0.000	0.000	0.000	0.000	-16.005	0.992	0.943	
MEPCE	PSMD11	PSMD11	1.638|1.768|1.796	5.201	1.734	3	2.134|2.120|2.020	0.000	0.000	0.000	0.000	0.000	-16.005	0.829	0.948	
MEPCE	PSMD12	PSMD12	2.443|2.384|2.631	7.457	2.486	3	2.862|3.026|3.081	0.000	0.000	0.000	0.000	0.000	-16.005	0.832	0.962	
MEPCE	GET1	GET1	0.543|.|0.364	1.305	0.435	3	.|0.232|.	0.283	0.849	0.283	0.849	0.283	-10.834	1.878	0.288	
MEPCE	PGRMC1	PGRMC1	1.492|1.347|1.642	4.481	1.494	3	1.217|1.276|1.369	0.000	0.001	0.000	0.001	0.000	-15.669	1.162	0.851	
MEPCE	SUPT5H	SUPT5H	1.273|0.938|0.928	3.139	1.046	3	1.363|1.291|1.245	0.000	0.000	0.000	0.000	0.000	-16.005	0.806	0.957	
MEPCE	TAF4	TAF4	0.561|0.626|0.683	1.871	0.624	3	0.715|0.640|0.499	0.000	0.000	0.000	0.000	0.000	-16.005	1.020	0.942	
MEPCE	EIF3F	EIF3F	3.367|3.227|3.349	9.943	3.314	3	3.008|2.939|2.948	0.000	0.000	0.000	0.000	0.000	-14.883	1.118	0.915	
MEPCE	IPO5	IPO5	0.984|1.008|1.003	2.995	0.998	3	0.818|1.017|1.044	0.000	0.000	0.000	0.000	0.000	-15.965	1.046	0.942	
MEPCE	IGF2BP3	IGF2BP3	0.438|0.354|0.350	1.142	0.381	3	.|.|.	0.000	0.000	0.000	0.000	0.000	-16.005	0.956	0.930	
MEPCE	DNM1L	DNM1L	0.401|.|0.416	1.215	0.405	3	0.496|0.520|0.459	0.000	0.000	0.000	0.000	0.000	-16.005	0.824	0.967	
MEPCE	RTCA	RTCA	0.577|0.633|0.606	1.816	0.605	3	.|.|.	0.029	0.029	0.029	0.029	0.029	-3.505	1.520	0.476	
MEPCE	EXOC5	EXOC5	0.521|0.498|0.419	1.438	0.479	3	2.417|0.561|0.468	0.001	0.001	0.001	0.001	0.001	-7.601	0.558	0.841	
MEPCE	HMGN4	HMGN4	0.834|0.694|.	1.926	0.642	3	0.743|0.877|0.584	0.000	0.000	0.000	0.000	0.000	-16.005	0.886	0.965	
MEPCE	NDUFA4	NDUFA4	0.356|.|.	1.152	0.384	3	0.334|.|0.423	0.000	0.000	0.000	0.000	0.000	-16.005	1.021	0.969	
MEPCE	PSMD14	PSMD14	2.194|2.188|2.060	6.442	2.147	3	2.558|2.441|2.476	0.000	0.000	0.000	0.000	0.000	-16.005	0.862	0.962	
MEPCE	ZNF593	ZNF593	1.943|1.981|1.916	5.840	1.947	3	1.702|1.739|1.675	0.000	0.000	0.000	0.000	0.000	-13.879	1.141	0.907	
MEPCE	KPNA3	KPNA3	2.096|2.247|2.111	6.454	2.151	3	0.420|0.545|0.620	1.000	1.000	1.000	1.000	1.000	8.983	4.125	0.000	
MEPCE	PES1	PES1	0.691|0.672|1.056	2.419	0.806	3	0.477|0.481|0.366	0.248	0.743	0.248	0.743	0.248	-10.339	1.841	0.307	
MEPCE	NOP56	NOP56	0.496|0.514|0.731	1.741	0.580	3	0.343|0.286|0.239	0.329	0.987	0.329	0.987	0.329	-9.011	2.025	0.251	
MEPCE	DDX3X	DDX3X	2.416|2.324|2.498	7.238	2.413	3	2.684|2.612|2.704	0.000	0.000	0.000	0.000	0.000	-16.005	0.905	0.962	
MEPCE	KPNA4	KPNA4	1.556|1.611|1.511	4.678	1.559	3	0.103|0.190|0.376	0.998	0.999	0.998	0.999	0.998	6.229	8.017	0.000	
MEPCE	PPP6C	PPP6C	0.743|0.778|0.737	2.257	0.752	3	0.830|0.727|0.633	0.000	0.000	0.000	0.000	0.000	-15.996	1.037	0.943	
MEPCE	NME4	NME4	0.762|.|0.381	1.541	0.514	3	.|0.467|.	0.010	0.029	0.010	0.029	0.010	-16.005	1.101	0.804	
MEPCE	TXNDC9	TXNDC9	1.176|1.068|1.272	3.516	1.172	3	0.839|0.899|0.991	0.007	0.021	0.007	0.021	0.007	-13.172	1.291	0.817	
MEPCE	COPE	COPE	2.682|2.595|2.788	8.066	2.689	3	2.699|2.816|2.703	0.000	0.000	0.000	0.000	0.000	-16.005	0.982	0.946	
MEPCE	EIF1AX;EIF1AY	EIF1AX;EIF1AY	6.220|7.264|5.489	18.972	6.324	3	5.470|6.223|5.860	0.000	0.000	0.000	0.000	0.000	-16.005	1.082	0.873	
MEPCE	AP3D1	AP3D1	1.322|1.573|1.556	4.451	1.484	3	1.475|1.358|1.246	0.000	0.000	0.000	0.000	0.000	-16.005	1.094	0.918	
MEPCE	IRS4	IRS4	2.036|1.921|2.015	5.972	1.991	3	1.429|1.464|1.488	0.024	0.029	0.024	0.029	0.024	-4.184	1.363	0.677	
MEPCE	EI24	EI24	1.273|1.351|1.207	3.830	1.277	3	1.081|0.977|0.971	0.010	0.029	0.010	0.029	0.010	-10.931	1.266	0.762	
MEPCE	CDIPT	CDIPT	0.801|0.774|0.804	2.380	0.793	3	0.746|0.765|0.723	0.000	0.000	0.000	0.000	0.000	-15.759	1.066	0.930	
MEPCE	PDCD5	PDCD5	1.012|0.802|1.078	2.892	0.964	3	1.385|1.365|1.283	0.000	0.000	0.000	0.000	0.000	-16.005	0.718	0.957	
MEPCE	PRMT5	PRMT5	50.945|53.697|54.907	159.549	53.183	3	51.265|51.087|51.527	0.000	0.000	0.000	0.000	0.000	-16.005	1.037	0.935	
MEPCE	TCERG1	TCERG1	0.648|0.849|0.799	2.296	0.765	3	0.651|0.672|0.956	0.000	0.000	0.000	0.000	0.000	-16.005	1.023	0.942	
MEPCE	TNPO2	TNPO2	0.655|0.545|0.522	1.722	0.574	3	0.591|0.457|0.598	0.000	0.000	0.000	0.000	0.000	-16.005	1.053	0.934	
MEPCE	POLR3A	POLR3A	1.483|1.039|1.017	3.538	1.179	3	1.141|1.331|0.737	0.000	0.000	0.000	0.000	0.000	-16.005	1.136	0.897	
MEPCE	PSMA7	PSMA7	4.918|5.037|4.922	14.878	4.959	3	4.080|4.283|4.068	0.000	0.000	0.000	0.000	0.000	-11.374	1.197	0.883	
MEPCE	SCAMP3	SCAMP3	0.823|0.905|0.751	2.479	0.826	3	0.659|0.899|0.536	0.000	0.000	0.000	0.000	0.000	-15.902	1.211	0.934	
MEPCE	BCKDK	BCKDK	1.059|1.046|1.076	3.181	1.060	3	0.897|0.829|0.835	0.000	0.001	0.000	0.001	0.000	-9.485	1.243	0.858	
MEPCE	IKBKB	IKBKB	1.023|1.022|1.012	3.058	1.019	3	0.815|0.902|0.887	0.000	0.000	0.000	0.000	0.000	-12.240	1.175	0.895	
MEPCE	HAT1	HAT1	0.529|.|0.535	1.463	0.488	3	0.471|0.385|0.473	0.000	0.000	0.000	0.000	0.000	-16.005	1.106	0.921	
MEPCE	MYL12A;MYL12B	MYL12A;MYL12B	5.905|5.759|5.772	17.435	5.812	3	5.643|5.919|5.822	0.000	0.000	0.000	0.000	0.000	-16.005	1.003	0.946	
MEPCE	VPS26C	VPS26C	0.565|0.284|0.269	1.117	0.372	3	0.289|0.475|.	0.000	0.000	0.000	0.000	0.000	-16.005	1.004	0.871	
MEPCE	PPP1R12A	PPP1R12A	0.858|1.072|0.928	2.858	0.953	3	0.635|0.569|0.775	0.000	0.000	0.000	0.000	0.000	-13.748	1.457	0.872	
MEPCE	SLC27A2	SLC27A2	0.397|0.697|0.333	1.426	0.475	3	0.300|0.480|.	0.010	0.029	0.010	0.029	0.010	-16.005	1.254	0.791	
MEPCE	XPO1	XPO1	1.660|1.703|1.617	4.979	1.660	3	1.497|1.618|1.560	0.000	0.000	0.000	0.000	0.000	-15.787	1.065	0.929	
MEPCE	BTAF1	BTAF1	0.622|0.240|0.404	1.267	0.422	3	0.430|0.482|0.549	0.000	0.000	0.000	0.000	0.000	-16.005	0.871	0.915	
MEPCE	KHNYN	KHNYN	0.383|0.443|.	1.225	0.408	3	.|.|0.432	0.000	0.000	0.000	0.000	0.000	-16.005	0.946	0.966	
MEPCE	U2SURP	U2SURP	3.089|2.971|3.159	9.219	3.073	3	3.013|3.547|3.322	0.000	0.000	0.000	0.000	0.000	-16.005	0.935	0.952	
MEPCE	DCLK1	DCLK1	0.545|0.445|0.518	1.507	0.502	3	0.390|0.606|0.263	0.000	0.000	0.000	0.000	0.000	-10.376	1.269	0.862	
MEPCE	ANKRD28	ANKRD28	0.599|0.589|0.766	1.955	0.652	3	0.765|0.579|0.624	0.000	0.000	0.000	0.000	0.000	-16.005	1.000	0.935	
MEPCE	PRORP	PRORP	0.288|0.202|.	0.888	0.296	3	.|.|.	0.000	0.000	0.000	0.000	0.000	-16.005	0.743	0.967	
MEPCE	CHUK	CHUK	0.841|0.771|0.933	2.545	0.848	3	0.798|0.831|0.798	0.000	0.000	0.000	0.000	0.000	-16.005	1.049	0.914	
MEPCE	SCAMP2	SCAMP2	0.656|0.750|0.719	2.126	0.709	3	0.601|.|0.597	0.000	0.000	0.000	0.000	0.000	-15.391	1.183	0.908	
MEPCE	ARPC2	ARPC2	0.625|0.750|0.728	2.103	0.701	3	0.885|0.874|0.807	0.000	0.000	0.000	0.000	0.000	-16.005	0.820	0.957	
MEPCE	ARPC3	ARPC3	0.571|0.595|0.733	1.899	0.633	3	0.694|0.636|0.691	0.000	0.000	0.000	0.000	0.000	-16.005	0.940	0.933	
MEPCE	POLR1C	POLR1C	1.474|1.469|0.786	3.729	1.243	3	1.517|1.398|1.419	0.000	0.000	0.000	0.000	0.000	-16.005	0.861	0.945	
MEPCE	SMAD2;SMAD3;SMAD9	SMAD2;SMAD3;SMAD9	0.496|.|0.497	1.392	0.464	3	0.486|.|.	0.000	0.000	0.000	0.000	0.000	-16.005	0.954	0.966	
MEPCE	PFDN6	PFDN6	0.311|.|2.197	2.907	0.969	3	1.042|1.101|0.987	0.010	0.029	0.010	0.029	0.010	-16.005	0.929	0.802	
MEPCE	NKRF	NKRF	1.028|1.107|1.103	3.238	1.079	3	0.880|0.772|0.862	0.008	0.015	0.008	0.015	0.008	-9.633	1.290	0.815	
MEPCE	GNPAT	GNPAT	0.159|.|.	0.955	0.318	3	.|0.376|0.130	0.000	0.000	0.000	0.000	0.000	-16.005	1.439	0.970	
MEPCE	MRPS12	MRPS12	2.113|2.104|2.247	6.464	2.155	3	.|1.856|1.974	0.000	0.000	0.000	0.000	0.000	-14.590	1.126	0.905	
MEPCE	RER1	RER1	0.846|0.929|0.853	2.628	0.876	3	0.810|0.671|0.745	0.000	0.000	0.000	0.000	0.000	-14.500	1.184	0.903	
MEPCE	SURF4	SURF4	3.688|3.626|3.597	10.910	3.637	3	3.528|3.483|3.437	0.000	0.000	0.000	0.000	0.000	-15.838	1.044	0.937	
MEPCE	SPTLC1	SPTLC1	0.309|0.298|1.162	1.769	0.590	3	0.267|.|0.445	0.333	1.000	0.333	1.000	0.333	-16.005	1.713	0.216	
MEPCE	SPTLC2	SPTLC2	0.294|.|0.501	1.193	0.398	3	0.347|.|0.372	0.000	0.000	0.000	0.000	0.000	-16.005	1.107	0.902	
MEPCE	OGT	OGT	0.648|0.753|0.656	2.057	0.686	3	0.671|0.527|0.594	0.000	0.000	0.000	0.000	0.000	-15.619	1.154	0.917	
MEPCE	HMGB3	HMGB3	2.094|2.190|2.069	6.353	2.118	3	2.093|2.057|2.023	0.000	0.000	0.000	0.000	0.000	-15.999	1.029	0.938	
MEPCE	PPM1G	PPM1G	0.777|0.829|0.825	2.432	0.811	3	0.799|0.631|0.614	0.000	0.000	0.000	0.000	0.000	-15.314	1.198	0.924	
MEPCE	EIF3D	EIF3D	2.969|2.914|3.023	8.906	2.969	3	2.601|2.440|2.560	0.000	0.000	0.000	0.000	0.000	-12.913	1.172	0.894	
MEPCE	EIF3H	EIF3H	1.933|2.041|2.022	5.996	1.999	3	1.341|1.624|1.792	0.000	0.000	0.000	0.000	0.000	-14.551	1.269	0.916	
MEPCE	IPO8	IPO8	0.906|0.860|0.978	2.744	0.915	3	1.035|0.796|1.011	0.000	0.000	0.000	0.000	0.000	-16.005	0.972	0.946	
MEPCE	P4HA2	P4HA2	0.390|0.413|.	1.201	0.400	3	.|.|0.368	0.000	0.000	0.000	0.000	0.000	-15.858	1.089	0.965	
MEPCE	ARPC5	ARPC5	0.530|0.465|0.483	1.478	0.493	3	0.515|0.464|0.489	0.000	0.000	0.000	0.000	0.000	-16.005	1.008	0.934	
MEPCE	DHX15	DHX15	2.825|2.957|3.005	8.787	2.929	3	2.426|2.392|2.558	0.000	0.000	0.000	0.000	0.000	-12.952	1.192	0.880	
MEPCE	TTI1	TTI1	0.518|0.564|0.448	1.531	0.510	3	0.406|0.446|0.418	0.010	0.029	0.010	0.029	0.010	-15.469	1.207	0.772	
MEPCE	PRPF4	PRPF4	2.204|2.223|2.106	6.533	2.178	3	0.261|.|0.617	1.000	1.000	1.000	1.000	1.000	9.425	5.425	0.000	
MEPCE	PHGDH	PHGDH	1.346|1.488|1.498	4.332	1.444	3	3.385|3.161|3.240	0.000	0.000	0.000	0.000	0.000	-16.005	0.443	0.948	
MEPCE	PSMD3	PSMD3	2.431|2.303|2.544	7.278	2.426	3	2.667|2.708|2.532	0.000	0.000	0.000	0.000	0.000	-16.005	0.921	0.962	
MEPCE	ZW10	ZW10	0.795|0.798|0.736	2.329	0.776	3	0.732|0.709|0.630	0.000	0.000	0.000	0.000	0.000	-15.482	1.127	0.915	
MEPCE	SART1	SART1	1.439|1.374|1.379	4.192	1.397	3	1.010|1.136|1.152	0.002	0.004	0.002	0.004	0.002	-8.696	1.273	0.835	
MEPCE	SPINT2	SPINT2	0.423|0.466|0.407	1.296	0.432	3	0.467|.|0.437	0.000	0.000	0.000	0.000	0.000	-16.005	0.956	0.946	
MEPCE	PPIP5K2	PPIP5K2	0.953|1.012|1.030	2.995	0.998	3	0.732|0.953|0.728	0.000	0.000	0.000	0.000	0.000	-14.997	1.251	0.919	
MEPCE	EEF1E1	EEF1E1	0.612|0.597|0.644	1.853	0.618	3	0.485|0.673|0.545	0.000	0.000	0.000	0.000	0.000	-15.909	1.098	0.938	
MEPCE	HNRNPR	HNRNPR	3.778|3.861|3.727	11.366	3.789	3	1.187|1.244|1.097	0.804	0.950	0.804	0.950	0.804	0.574	3.226	0.008	
MEPCE	PRPF3	PRPF3	2.194|2.001|2.220	6.415	2.138	3	0.639|0.756|0.761	0.759	0.983	0.759	0.983	0.759	-0.754	2.985	0.010	
MEPCE	TXNL1	TXNL1	0.303|.|.	1.099	0.366	3	0.309|0.370|0.380	0.000	0.000	0.000	0.000	0.000	-16.005	1.042	0.969	
MEPCE	FIBP	FIBP	0.449|0.331|.	1.178	0.393	3	.|0.523|.	0.000	0.000	0.000	0.000	0.000	-16.005	0.751	0.967	
MEPCE	PPIH	PPIH	2.297|2.597|2.588	7.482	2.494	3	0.555|0.662|.	1.000	1.000	1.000	1.000	1.000	8.778	4.115	0.000	
MEPCE	EPB41L2	EPB41L2	0.327|0.385|0.387	1.098	0.366	3	0.345|0.336|0.374	0.000	0.000	0.000	0.000	0.000	-16.005	1.043	0.926	
MEPCE	DENR	DENR	0.838|1.110|1.020	2.968	0.989	3	0.845|.|0.957	0.000	0.000	0.000	0.000	0.000	-16.005	1.100	0.896	
MEPCE	XPOT	XPOT	0.491|0.583|0.568	1.642	0.547	3	0.741|0.711|0.790	0.000	0.000	0.000	0.000	0.000	-16.005	0.733	0.957	
MEPCE	TIMM44	TIMM44	4.029|3.866|3.978	11.873	3.958	3	3.963|4.074|4.435	0.000	0.000	0.000	0.000	0.000	-16.005	0.953	0.948	
MEPCE	TRAPPC3	TRAPPC3	0.726|0.724|0.698	2.148	0.716	3	0.663|1.513|1.532	0.000	0.000	0.000	0.000	0.000	-15.144	0.620	0.924	
MEPCE	CHMP2A	CHMP2A	0.562|0.758|0.736	2.055	0.685	3	0.580|0.977|0.930	0.000	0.000	0.000	0.000	0.000	-16.005	0.848	0.956	
MEPCE	PRC1	PRC1	0.985|0.441|.	1.824	0.608	3	.|.|.	0.010	0.029	0.010	0.029	0.010	-16.005	1.527	0.787	
MEPCE	ZNF207	ZNF207	1.390|1.418|1.393	4.202	1.401	3	1.164|1.183|1.249	0.000	0.000	0.000	0.000	0.000	-12.532	1.169	0.897	
MEPCE	GET3	GET3	0.605|0.747|0.652	2.004	0.668	3	0.789|0.706|0.657	0.000	0.000	0.000	0.000	0.000	-16.005	0.933	0.944	
MEPCE	BUB3	BUB3	0.852|1.090|0.985	2.927	0.976	3	0.975|1.012|1.111	0.000	0.000	0.000	0.000	0.000	-16.005	0.946	0.940	
MEPCE	ACTN4	ACTN4	3.114|3.261|3.137	9.512	3.171	3	2.786|3.001|2.705	0.000	0.000	0.000	0.000	0.000	-14.544	1.121	0.912	
MEPCE	HTATSF1	HTATSF1	1.220|1.100|1.253	3.573	1.191	3	1.106|1.085|1.080	0.000	0.000	0.000	0.000	0.000	-15.991	1.092	0.914	
MEPCE	AP1G1	AP1G1	0.395|0.403|0.335	1.133	0.378	3	0.544|0.623|0.645	0.000	0.000	0.000	0.000	0.000	-16.005	0.627	0.954	
MEPCE	SYNGR2	SYNGR2	0.553|0.606|0.657	1.815	0.605	3	0.538|.|.	0.000	0.000	0.000	0.000	0.000	-15.961	1.124	0.919	
MEPCE	ENSA	ENSA	2.235|2.088|2.185	6.508	2.169	3	2.284|1.866|2.242	0.000	0.000	0.000	0.000	0.000	-16.005	1.022	0.943	
MEPCE	NARS1	NARS1	0.726|0.710|0.679	2.115	0.705	3	0.597|0.659|0.695	0.000	0.000	0.000	0.000	0.000	-15.749	1.086	0.926	
MEPCE	MYO1B	MYO1B	1.116|0.966|1.000	3.082	1.027	3	0.765|0.873|0.751	0.010	0.029	0.010	0.029	0.010	-11.727	1.293	0.775	
MEPCE	SLC25A17	SLC25A17	0.272|0.294|0.650	1.216	0.405	3	0.171|.|.	0.333	1.000	0.333	1.000	0.333	-12.098	2.375	0.144	
MEPCE	NUDT21	NUDT21	4.745|4.944|5.102	14.791	4.930	3	4.560|4.571|4.503	0.000	0.000	0.000	0.000	0.000	-15.712	1.085	0.921	
MEPCE	STRN	STRN	0.499|0.451|0.594	1.543	0.514	3	0.377|.|0.498	0.000	0.000	0.000	0.000	0.000	-15.926	1.187	0.897	
MEPCE	IDH3B	IDH3B	0.584|0.572|0.506	1.662	0.554	3	0.537|0.485|0.518	0.000	0.000	0.000	0.000	0.000	-16.005	1.080	0.916	
MEPCE	CALU	CALU	1.336|1.444|1.438	4.218	1.406	3	1.175|1.301|1.933	0.000	0.000	0.000	0.000	0.000	-16.005	0.980	0.948	
MEPCE	AHCYL1	AHCYL1	0.306|.|0.173	0.878	0.293	3	0.206|.|.	0.000	0.000	0.000	0.000	0.000	-16.005	1.421	0.912	
MEPCE	RAD21	RAD21	0.501|.|.	1.297	0.432	3	.|.|.	0.000	0.000	0.000	0.000	0.000	-16.005	1.086	0.864	
MEPCE	TIMM8A	TIMM8A	0.318|0.450|.	1.167	0.389	3	0.647|0.770|0.645	0.000	0.000	0.000	0.000	0.000	-16.005	0.568	0.967	
MEPCE	DHX16	DHX16	0.668|0.844|0.831	2.343	0.781	3	0.564|0.597|0.598	0.019	0.029	0.019	0.029	0.019	-13.340	1.332	0.700	
MEPCE	ZNRD2	ZNRD2	0.729|0.928|0.986	2.643	0.881	3	0.730|0.884|0.920	0.000	0.000	0.000	0.000	0.000	-16.005	1.049	0.930	
MEPCE	PRPSAP2	PRPSAP2	1.018|0.585|1.039	2.643	0.881	3	1.224|1.050|1.116	0.000	0.000	0.000	0.000	0.000	-16.005	0.781	0.952	
MEPCE	SPAG9	SPAG9	1.553|1.547|1.713	4.812	1.604	3	1.527|1.484|1.512	0.000	0.000	0.000	0.000	0.000	-15.901	1.064	0.920	
MEPCE	KIF5C	KIF5C	0.411|0.397|0.464	1.272	0.424	3	1.106|0.209|1.178	0.002	0.003	0.002	0.003	0.002	-6.252	0.654	0.831	
MEPCE	OPA1	OPA1	0.330|0.252|0.372	0.955	0.318	3	.|.|0.311	0.000	0.000	0.000	0.000	0.000	-16.005	1.022	0.933	
MEPCE	KDM1A	KDM1A	0.705|0.612|0.889	2.206	0.735	3	0.583|0.576|0.649	0.010	0.029	0.010	0.029	0.010	-15.961	1.222	0.781	
MEPCE	ACSL4	ACSL4	0.345|.|.	1.141	0.380	3	.|.|.	0.000	0.000	0.000	0.000	0.000	-16.005	0.955	0.970	
MEPCE	SNX3	SNX3	0.376|.|0.371	1.145	0.382	3	.|.|.	0.000	0.000	0.000	0.000	0.000	-16.005	0.958	0.967	
MEPCE	OGA	OGA	0.466|0.382|0.356	1.204	0.401	3	0.688|0.682|0.707	0.000	0.000	0.000	0.000	0.000	-16.005	0.580	0.957	
MEPCE	SYNCRIP	SYNCRIP	2.021|2.538|2.316	6.875	2.292	3	0.690|0.853|0.837	0.702	0.998	0.702	0.998	0.702	-1.890	2.902	0.029	
MEPCE	NEMF	NEMF	0.425|0.585|0.393	1.402	0.467	3	0.585|.|.	0.000	0.000	0.000	0.000	0.000	-16.005	0.799	0.956	
MEPCE	CCNT1	CCNT1	3.452|3.330|3.359	10.141	3.380	3	0.473|0.432|0.467	1.000	1.000	1.000	1.000	1.000	8.995	7.397	0.000	
MEPCE	EIF4E2	EIF4E2	0.803|0.745|0.814	2.362	0.787	3	0.971|0.818|1.026	0.000	0.000	0.000	0.000	0.000	-16.005	0.843	0.955	
MEPCE	CCNT2	CCNT2	0.975|1.404|0.932	3.311	1.104	3	0.713|0.704|0.656	0.029	0.029	0.029	0.029	0.029	-3.505	1.599	0.628	
MEPCE	DIAPH1	DIAPH1	1.334|2.057|1.665	5.056	1.685	3	1.953|1.890|1.557	0.000	0.000	0.000	0.000	0.000	-16.005	0.941	0.935	
MEPCE	EXOC3	EXOC3	0.686|0.813|0.790	2.289	0.763	3	0.965|0.813|0.848	0.000	0.000	0.000	0.000	0.000	-16.005	0.874	0.954	
MEPCE	PRMT3	PRMT3	1.258|1.348|1.269	3.875	1.292	3	1.008|1.092|1.076	0.000	0.001	0.000	0.001	0.000	-11.314	1.221	0.854	
MEPCE	KPNA6	KPNA6	0.827|0.862|0.806	2.495	0.832	3	0.861|0.776|0.575	0.000	0.000	0.000	0.000	0.000	-15.821	1.144	0.937	
MEPCE	CTNND1	CTNND1	0.406|0.443|0.266	1.115	0.372	3	0.373|0.378|0.313	0.000	0.000	0.000	0.000	0.000	-16.005	1.052	0.912	
MEPCE	EIF1;EIF1B	EIF1;EIF1B	1.390|1.509|1.535	4.434	1.478	3	1.481|1.278|1.143	0.000	0.000	0.000	0.000	0.000	-15.773	1.143	0.928	
MEPCE	DPM1	DPM1	1.904|1.992|1.952	5.848	1.949	3	1.826|2.171|1.838	0.000	0.000	0.000	0.000	0.000	-16.005	1.005	0.946	
MEPCE	USO1	USO1	1.008|0.995|1.117	3.119	1.040	3	1.121|1.147|1.076	0.000	0.000	0.000	0.000	0.000	-16.005	0.933	0.948	
MEPCE	MRPS14	MRPS14	0.450|0.480|0.271	1.201	0.400	3	0.234|0.239|0.297	0.019	0.029	0.019	0.029	0.019	-15.852	1.567	0.706	
MEPCE	H2BC12;H2BC12L;H2BC13;H2BC14;H2BC15;H2BC18;H2BC4;H2BC5;H2BC9	H2BC12;H2BC12L;H2BC13;H2BC14;H2BC15;H2BC18;H2BC4;H2BC5;H2BC9	4.443|4.450|4.391	13.283	4.428	3	3.398|3.312|3.408	0.014	0.019	0.014	0.019	0.014	-5.068	1.313	0.737	
MEPCE	CCDC22	CCDC22	0.645|0.864|0.859	2.368	0.789	3	0.733|0.680|0.713	0.000	0.000	0.000	0.000	0.000	-16.005	1.114	0.879	
MEPCE	PQBP1	PQBP1	0.942|0.996|1.039	2.977	0.992	3	1.006|1.048|0.863	0.000	0.000	0.000	0.000	0.000	-16.005	1.024	0.941	
MEPCE	PRAF2	PRAF2	0.661|0.662|0.577	1.900	0.633	3	0.536|0.597|0.522	0.000	0.000	0.000	0.000	0.000	-15.692	1.150	0.892	
MEPCE	DKC1	DKC1	0.956|1.159|1.149	3.264	1.088	3	1.241|1.559|1.348	0.000	0.000	0.000	0.000	0.000	-16.005	0.790	0.952	
MEPCE	EIF5B	EIF5B	2.289|2.332|2.675	7.296	2.432	3	2.139|2.302|2.206	0.000	0.000	0.000	0.000	0.000	-15.831	1.098	0.892	
MEPCE	EDF1	EDF1	11.663|11.329|11.506	34.498	11.499	3	12.217|11.533|11.986	0.000	0.000	0.000	0.000	0.000	-16.005	0.966	0.962	
MEPCE	KIN	KIN	0.721|0.732|0.780	2.234	0.745	3	0.903|0.934|1.059	0.000	0.000	0.000	0.000	0.000	-16.005	0.773	0.951	
MEPCE	DNAJA2	DNAJA2	1.586|2.009|1.827	5.422	1.807	3	2.395|2.309|2.388	0.000	0.000	0.000	0.000	0.000	-16.005	0.765	0.948	
MEPCE	RNASEH1	RNASEH1	0.500|0.538|.	1.436	0.479	3	.|.|.	0.010	0.029	0.010	0.029	0.010	-16.005	1.202	0.765	
MEPCE	ABCB7	ABCB7	0.420|.|.	1.217	0.406	3	.|.|.	0.000	0.000	0.000	0.000	0.000	-16.005	1.019	0.968	
MEPCE	ROCK2	ROCK2	0.480|0.464|0.403	1.347	0.449	3	0.457|0.125|0.462	0.011	0.013	0.011	0.013	0.011	-4.943	1.508	0.753	
MEPCE	CLASP2	CLASP2	0.966|1.173|1.203	3.342	1.114	3	1.108|1.090|1.182	0.000	0.000	0.000	0.000	0.000	-16.005	0.989	0.936	
MEPCE	OBSL1	OBSL1	0.491|0.367|0.379	1.237	0.412	3	.|0.466|.	0.000	0.000	0.000	0.000	0.000	-16.005	0.884	0.944	
MEPCE	RNF40	RNF40	0.905|1.056|1.176	3.138	1.046	3	0.805|0.753|0.731	0.019	0.029	0.019	0.029	0.019	-11.370	1.372	0.700	
MEPCE	CLUH	CLUH	0.974|0.948|0.993	2.915	0.972	3	0.920|0.997|0.892	0.000	0.000	0.000	0.000	0.000	-15.974	1.039	0.937	
MEPCE	CAND2	CAND2	0.407|.|0.344	1.150	0.383	3	.|0.362|.	0.000	0.000	0.000	0.000	0.000	-16.005	1.058	0.965	
MEPCE	TSC22D2	TSC22D2	0.467|0.498|0.623	1.589	0.530	3	0.529|0.462|0.474	0.000	0.001	0.000	0.001	0.000	-16.005	1.087	0.860	
MEPCE	DNAJC13	DNAJC13	0.361|0.465|.	1.224	0.408	3	.|0.209|.	0.253	0.759	0.253	0.759	0.253	-9.265	1.950	0.305	
MEPCE	PPP6R2	PPP6R2	0.376|.|0.516	1.290	0.430	3	0.314|.|0.369	0.000	0.000	0.000	0.000	0.000	-15.620	1.263	0.879	
MEPCE	CNOT3	CNOT3	0.240|0.586|0.520	1.346	0.449	3	0.461|0.488|0.468	0.000	0.000	0.000	0.000	0.000	-16.005	0.950	0.874	
MEPCE	ANKRD17	ANKRD17	0.571|0.476|0.640	1.687	0.562	3	0.647|0.759|0.624	0.000	0.000	0.000	0.000	0.000	-16.005	0.834	0.955	
MEPCE	DNAJB6;DNAJB8	DNAJB6;DNAJB8	0.889|0.764|0.819	2.472	0.824	3	0.996|1.075|1.057	0.000	0.000	0.000	0.000	0.000	-16.005	0.791	0.957	
MEPCE	NDUFS7	NDUFS7	0.577|.|0.707	1.682	0.561	3	.|0.503|0.631	0.000	0.000	0.000	0.000	0.000	-16.005	0.995	0.912	
MEPCE	NDUFS2	NDUFS2	0.717|0.667|0.502	1.886	0.629	3	0.446|0.462|0.499	0.019	0.029	0.019	0.029	0.019	-15.251	1.342	0.702	
MEPCE	NIPSNAP2	NIPSNAP2	0.636|0.571|0.702	1.910	0.637	3	0.691|0.711|0.713	0.000	0.000	0.000	0.000	0.000	-16.005	0.903	0.957	
MEPCE	PDCD6	PDCD6	0.841|0.821|0.868	2.530	0.843	3	0.816|0.900|0.746	0.000	0.000	0.000	0.000	0.000	-16.004	1.031	0.941	
MEPCE	TBCA	TBCA	0.601|.|.	1.398	0.466	3	0.302|.|.	0.010	0.029	0.010	0.029	0.010	-13.386	1.543	0.813	
MEPCE	ATP6V1G1	ATP6V1G1	0.286|0.433|0.400	1.119	0.373	3	0.510|0.411|0.429	0.000	0.000	0.000	0.000	0.000	-16.005	0.832	0.955	
MEPCE	VPS4A;VPS4B	VPS4A;VPS4B	0.405|0.462|0.539	1.406	0.469	3	0.487|0.583|0.533	0.000	0.000	0.000	0.000	0.000	-16.005	0.880	0.947	
MEPCE	MPDU1	MPDU1	0.238|0.287|0.260	0.785	0.262	3	0.282|0.208|0.244	0.000	0.000	0.000	0.000	0.000	-16.005	1.077	0.935	
MEPCE	FLNB	FLNB	1.540|1.444|1.509	4.492	1.497	3	1.212|1.160|1.106	0.012	0.029	0.012	0.029	0.012	-8.384	1.293	0.746	
MEPCE	CS	CS	0.889|0.922|0.983	2.794	0.931	3	1.074|0.976|1.074	0.000	0.000	0.000	0.000	0.000	-16.005	0.895	0.957	
MEPCE	SEC22B	SEC22B	0.845|0.944|0.790	2.579	0.860	3	0.901|0.850|0.862	0.000	0.000	0.000	0.000	0.000	-16.005	0.987	0.934	
MEPCE	PRPF40A	PRPF40A	1.273|1.038|1.212	3.523	1.174	3	1.047|1.108|0.880	0.000	0.000	0.000	0.000	0.000	-15.958	1.166	0.915	
MEPCE	PMPCB	PMPCB	0.300|0.316|.	1.014	0.338	3	0.363|0.449|.	0.000	0.000	0.000	0.000	0.000	-16.005	0.837	0.967	
MEPCE	KATNA1	KATNA1	0.456|0.280|0.408	1.144	0.381	3	0.533|0.575|0.584	0.000	0.000	0.000	0.000	0.000	-16.005	0.677	0.957	
MEPCE	PSIP1	PSIP1	0.731|0.781|0.670	2.182	0.727	3	0.638|0.659|0.738	0.000	0.000	0.000	0.000	0.000	-16.005	1.074	0.919	
MEPCE	NDUFS3	NDUFS3	0.560|0.603|0.666	1.829	0.610	3	0.426|.|0.448	0.000	0.001	0.000	0.001	0.000	-12.804	1.396	0.854	
MEPCE	SRSF10	SRSF10	1.019|1.191|1.174	3.385	1.128	3	0.765|0.670|0.712	0.029	0.029	0.029	0.029	0.029	-3.505	1.579	0.554	
MEPCE	ECI2	ECI2	0.539|0.387|0.409	1.335	0.445	3	0.512|0.427|0.413	0.000	0.000	0.000	0.000	0.000	-16.005	0.992	0.926	
MEPCE	KHDRBS3	KHDRBS3	1.680|1.786|1.829	5.295	1.765	3	1.618|1.612|1.671	0.000	0.000	0.000	0.000	0.000	-15.880	1.080	0.922	
MEPCE	SF3B1	SF3B1	1.034|1.081|1.173	3.289	1.096	3	0.962|0.983|1.035	0.000	0.000	0.000	0.000	0.000	-15.745	1.104	0.904	
MEPCE	CSDE1	CSDE1	0.438|0.419|0.465	1.322	0.441	3	0.401|0.446|0.342	0.000	0.000	0.000	0.000	0.000	-15.850	1.118	0.931	
MEPCE	CRCP	CRCP	0.337|0.917|.	1.653	0.551	3	0.961|.|0.353	0.010	0.029	0.010	0.029	0.010	-16.005	0.946	0.802	
MEPCE	SNRNP200	SNRNP200	1.524|1.678|1.723	4.926	1.642	3	1.482|1.652|1.835	0.000	0.000	0.000	0.000	0.000	-16.005	0.995	0.944	
MEPCE	PPM1B	PPM1B	11.155|11.385|12.144	34.684	11.561	3	10.313|11.272|10.973	0.000	0.000	0.000	0.000	0.000	-15.880	1.066	0.924	
MEPCE	NUP155	NUP155	0.389|0.361|0.378	1.128	0.376	3	0.450|0.406|0.315	0.000	0.000	0.000	0.000	0.000	-16.005	0.974	0.948	
MEPCE	WDHD1	WDHD1	0.675|0.777|0.632	2.084	0.695	3	0.487|0.554|0.683	0.000	0.000	0.000	0.000	0.000	-15.722	1.221	0.919	
MEPCE	ATP6AP2	ATP6AP2	0.562|0.711|.	1.671	0.557	3	0.560|.|0.411	0.000	0.001	0.000	0.001	0.000	-16.005	1.161	0.858	
MEPCE	POP7	POP7	0.798|0.793|.	1.989	0.663	3	.|.|.	0.019	0.029	0.019	0.029	0.019	-16.005	1.665	0.714	
MEPCE	EIF3G	EIF3G	5.025|1.817|5.272	12.114	4.038	3	2.212|5.624|2.383	0.005	0.009	0.005	0.009	0.005	-13.774	1.305	0.822	
MEPCE	EIF3J	EIF3J	0.441|.|.	1.237	0.412	3	0.468|0.580|.	0.000	0.000	0.000	0.000	0.000	-16.005	0.792	0.969	
MEPCE	PSMD10	PSMD10	0.990|1.092|1.135	3.217	1.072	3	1.037|1.059|0.938	0.000	0.000	0.000	0.000	0.000	-16.005	1.062	0.922	
MEPCE	ALDH1L1	ALDH1L1	0.585|0.724|0.707	2.015	0.672	3	0.853|0.891|0.917	0.000	0.000	0.000	0.000	0.000	-16.005	0.758	0.957	
MEPCE	ARL6IP5	ARL6IP5	0.308|.|.	1.105	0.368	3	.|.|.	0.000	0.000	0.000	0.000	0.000	-16.005	0.925	0.970	
MEPCE	SERF1A	SERF1A	1.425|0.185|.	2.008	0.669	3	1.128|0.863|0.910	0.000	0.000	0.000	0.000	0.000	-16.005	0.697	0.890	
MEPCE	DCTN3	DCTN3	1.102|1.126|1.177	3.404	1.135	3	1.151|1.184|1.114	0.000	0.000	0.000	0.000	0.000	-16.005	0.987	0.945	
MEPCE	DNAJC8	DNAJC8	1.923|1.943|2.116	5.981	1.994	3	1.695|1.729|1.834	0.000	0.000	0.000	0.000	0.000	-14.633	1.138	0.892	
MEPCE	SMNDC1	SMNDC1	1.162|0.900|1.084	3.146	1.049	3	0.636|0.778|0.763	0.010	0.029	0.010	0.029	0.010	-13.123	1.450	0.754	
MEPCE	CPD	CPD	0.829|0.855|0.911	2.595	0.865	3	0.889|0.700|0.784	0.000	0.000	0.000	0.000	0.000	-15.865	1.099	0.931	
MEPCE	GLRX3	GLRX3	0.679|0.716|0.670	2.065	0.688	3	0.763|0.724|0.299	0.001	0.001	0.001	0.001	0.001	-7.212	1.254	0.841	
MEPCE	RSL1D1	RSL1D1	1.305|1.198|1.302	3.805	1.268	3	0.512|0.486|0.494	0.029	0.029	0.029	0.029	0.029	-3.505	2.551	0.554	
MEPCE	CLPX	CLPX	0.747|0.729|0.909	2.386	0.795	3	0.535|0.425|0.620	0.000	0.000	0.000	0.000	0.000	-13.634	1.528	0.882	
MEPCE	CIAO1	CIAO1	0.663|0.421|0.504	1.588	0.529	3	0.313|.|.	0.010	0.029	0.010	0.029	0.010	-12.877	1.690	0.765	
MEPCE	SRP72	SRP72	0.733|0.705|0.665	2.103	0.701	3	0.951|0.701|0.906	0.000	0.000	0.000	0.000	0.000	-16.005	0.829	0.955	
MEPCE	MTA2	MTA2	1.377|1.382|1.439	4.198	1.399	3	1.295|1.301|1.338	0.000	0.000	0.000	0.000	0.000	-15.632	1.067	0.929	
MEPCE	LTN1	LTN1	0.944|1.025|0.922	2.891	0.964	3	0.707|0.793|0.962	0.000	0.000	0.000	0.000	0.000	-15.526	1.184	0.926	
MEPCE	MYO1D	MYO1D	0.839|0.908|0.847	2.594	0.865	3	0.628|0.623|0.614	0.029	0.029	0.029	0.029	0.029	-3.505	1.391	0.536	
MEPCE	PRPF6	PRPF6	1.233|1.222|1.268	3.723	1.241	3	1.003|1.085|1.001	0.000	0.000	0.000	0.000	0.000	-11.386	1.206	0.875	
MEPCE	HAUS5	HAUS5	0.528|0.611|0.672	1.811	0.604	3	0.573|0.585|2.400	0.001	0.001	0.001	0.001	0.001	-7.744	0.649	0.843	
MEPCE	FBXO21	FBXO21	0.817|0.973|0.876	2.666	0.889	3	0.892|0.841|0.790	0.000	0.000	0.000	0.000	0.000	-16.005	1.058	0.913	
MEPCE	AP2A2	AP2A2	0.512|0.413|0.490	1.414	0.471	3	0.454|.|0.500	0.000	0.000	0.000	0.000	0.000	-16.005	0.990	0.942	
MEPCE	SEC31A	SEC31A	0.795|0.806|0.738	2.339	0.780	3	0.851|1.109|0.780	0.000	0.000	0.000	0.000	0.000	-16.005	0.863	0.953	
MEPCE	HEXIM1	HEXIM1	3.773|4.058|3.967	11.799	3.933	3	0.654|0.732|0.631	1.000	1.000	1.000	1.000	1.000	9.112	5.860	0.000	
MEPCE	UBR5	UBR5	0.280|0.819|0.394	1.492	0.497	3	0.346|0.408|0.636	0.002	0.005	0.002	0.005	0.002	-16.005	1.111	0.835	
MEPCE	SCAF4	SCAF4	0.638|0.820|0.871	2.329	0.776	3	0.429|0.487|.	0.019	0.029	0.019	0.029	0.019	-9.957	1.698	0.697	
MEPCE	ELP1	ELP1	1.483|1.438|1.675	4.596	1.532	3	1.365|1.398|1.362	0.000	0.000	0.000	0.000	0.000	-15.693	1.114	0.887	
MEPCE	RTN3	RTN3	1.138|1.218|1.244	3.600	1.200	3	1.386|1.153|1.345	0.000	0.000	0.000	0.000	0.000	-16.005	0.930	0.954	
MEPCE	ZRANB2	ZRANB2	7.597|8.120|8.292	24.009	8.003	3	6.633|6.583|6.357	0.000	0.001	0.000	0.001	0.000	-12.358	1.227	0.854	
MEPCE	LUC7L3	LUC7L3	3.192|3.087|3.072	9.351	3.117	3	2.275|2.326|2.323	0.029	0.029	0.029	0.029	0.029	-3.505	1.350	0.443	
MEPCE	KIF4A	KIF4A	0.324|0.363|.	1.085	0.362	3	0.611|0.462|.	0.000	0.000	0.000	0.000	0.000	-16.005	0.681	0.967	
MEPCE	SBF1	SBF1	0.453|0.462|0.599	1.514	0.505	3	0.500|0.449|0.352	0.000	0.000	0.000	0.000	0.000	-15.936	1.175	0.920	
MEPCE	VAPB	VAPB	0.474|.|.	1.270	0.423	3	0.434|.|.	0.000	0.000	0.000	0.000	0.000	-16.005	0.975	0.968	
MEPCE	SNAPIN	SNAPIN	0.661|0.601|0.618	1.880	0.627	3	0.745|0.762|0.679	0.000	0.000	0.000	0.000	0.000	-16.005	0.861	0.957	
MEPCE	SMC2	SMC2	2.143|2.207|2.584	6.934	2.311	3	2.098|2.074|2.088	0.000	0.000	0.000	0.000	0.000	-15.894	1.108	0.875	
MEPCE	IPO7	IPO7	0.855|0.927|0.534	2.315	0.772	3	1.010|0.863|0.978	0.000	0.000	0.000	0.000	0.000	-16.005	0.814	0.954	
MEPCE	SLU7	SLU7	1.444|1.693|0.925	4.062	1.354	3	1.346|1.402|1.778	0.000	0.000	0.000	0.000	0.000	-16.005	0.905	0.939	
MEPCE	CD2BP2	CD2BP2	1.223|1.254|1.248	3.725	1.242	3	1.230|0.922|1.309	0.000	0.000	0.000	0.000	0.000	-15.902	1.088	0.940	
MEPCE	PSMG1	PSMG1	0.370|0.596|0.493	1.459	0.486	3	0.708|0.672|0.627	0.000	0.000	0.000	0.000	0.000	-16.005	0.728	0.957	
MEPCE	SGPL1	SGPL1	0.391|1.113|1.345	2.850	0.950	3	0.376|.|0.429	0.644	0.999	0.644	0.999	0.644	-16.005	2.363	0.067	
MEPCE	NSA2	NSA2	0.548|0.600|0.561	1.709	0.570	3	.|0.419|0.459	0.000	0.000	0.000	0.000	0.000	-13.457	1.298	0.895	
MEPCE	ACSL3	ACSL3	1.127|1.218|1.057	3.402	1.134	3	0.831|1.076|1.165	0.000	0.000	0.000	0.000	0.000	-15.963	1.119	0.935	
MEPCE	POP4	POP4	0.525|0.387|0.496	1.408	0.469	3	0.491|0.513|0.527	0.000	0.000	0.000	0.000	0.000	-16.005	0.920	0.944	
MEPCE	SNAP29	SNAP29	0.755|0.736|0.868	2.358	0.786	3	0.836|0.925|0.951	0.000	0.000	0.000	0.000	0.000	-16.005	0.871	0.957	
MEPCE	HSPA4L	HSPA4L	0.717|0.424|0.701	1.842	0.614	3	0.767|0.538|0.758	0.000	0.000	0.000	0.000	0.000	-16.005	0.905	0.945	
MEPCE	LSM8	LSM8	5.347|5.261|5.460	16.067	5.356	3	0.970|1.001|1.060	1.000	1.000	1.000	1.000	1.000	8.945	5.304	0.000	
MEPCE	AP2A1	AP2A1	0.820|0.905|0.760	2.485	0.828	3	0.814|0.874|0.773	0.000	0.000	0.000	0.000	0.000	-16.005	1.011	0.929	
MEPCE	WIZ	WIZ	0.323|.|0.461	1.181	0.394	3	0.684|.|0.468	0.000	0.000	0.000	0.000	0.000	-16.005	0.696	0.967	
MEPCE	STAU1	STAU1	0.800|0.853|0.894	2.547	0.849	3	.|.|.	0.029	0.029	0.029	0.029	0.029	-3.505	2.132	0.476	
MEPCE	BAG2	BAG2	3.277|3.507|3.463	10.247	3.416	3	3.539|3.314|3.388	0.000	0.000	0.000	0.000	0.000	-16.005	1.001	0.944	
MEPCE	AIFM1	AIFM1	0.570|0.480|0.594	1.644	0.548	3	.|.|0.470	0.000	0.000	0.000	0.000	0.000	-15.980	1.165	0.913	
MEPCE	FADS2	FADS2	0.396|0.397|0.390	1.183	0.394	3	.|.|.	0.000	0.000	0.000	0.000	0.000	-16.005	0.990	0.957	
MEPCE	TXNDC12	TXNDC12	40.615|42.276|45.385	128.276	42.759	3	43.632|42.956|43.357	0.000	0.000	0.000	0.000	0.000	-16.005	0.987	0.941	
MEPCE	ECD	ECD	0.880|0.992|0.947	2.820	0.940	3	0.498|0.968|0.940	0.000	0.000	0.000	0.000	0.000	-11.721	1.224	0.881	
MEPCE	MBD3	MBD3	0.898|0.963|0.815	2.677	0.892	3	0.845|1.365|1.028	0.000	0.000	0.000	0.000	0.000	-16.005	0.843	0.952	
MEPCE	NDUFB10	NDUFB10	0.353|0.374|0.425	1.152	0.384	3	0.364|0.309|0.239	0.000	0.000	0.000	0.000	0.000	-15.559	1.280	0.923	
MEPCE	PAK4	PAK4	0.782|0.806|0.791	2.379	0.793	3	0.849|0.956|0.903	0.000	0.000	0.000	0.000	0.000	-16.005	0.879	0.957	
MEPCE	LDHA	LDHA	1.002|0.937|0.885	2.824	0.941	3	0.991|1.231|1.193	0.000	0.000	0.000	0.000	0.000	-16.005	0.831	0.961	
MEPCE	GLUD1	GLUD1	1.982|2.015|2.119	6.116	2.039	3	2.059|1.977|1.999	0.000	0.000	0.000	0.000	0.000	-16.005	1.014	0.940	
MEPCE	CYB5R3	CYB5R3	1.294|1.417|1.612	4.323	1.441	3	1.221|1.339|1.105	0.000	0.000	0.000	0.000	0.000	-15.706	1.183	0.883	
MEPCE	CP	CP	0.298|.|.	1.094	0.365	3	0.348|.|0.195	0.000	0.000	0.000	0.000	0.000	-15.493	1.398	0.968	
MEPCE	PGK1	PGK1	0.478|.|0.431	1.307	0.436	3	0.865|0.762|0.712	0.000	0.000	0.000	0.000	0.000	-16.005	0.561	0.966	
MEPCE	HP	HP	1.109|0.982|1.089	3.180	1.060	3	1.115|0.956|.	0.000	0.000	0.000	0.000	0.000	-16.005	1.027	0.935	
MEPCE	KRAS;NRAS	KRAS;NRAS	1.106|0.893|1.046	3.044	1.015	3	0.751|0.676|0.729	0.020	0.029	0.020	0.029	0.020	-8.537	1.414	0.696	
MEPCE	IGHG2	IGHG2	8.126|8.909|8.529	25.565	8.522	3	8.270|8.249|8.818	0.000	0.000	0.000	0.000	0.000	-16.005	1.009	0.940	
MEPCE	KRT14	KRT14	0.581|0.799|1.035	2.415	0.805	3	.|.|0.354	0.342	0.993	0.342	0.993	0.342	-6.005	2.271	0.125	
MEPCE	KRT6A	KRT6A	0.776|0.702|0.826	2.304	0.768	3	.|.|.	0.029	0.029	0.029	0.029	0.029	-3.505	1.928	0.476	
MEPCE	C1QA	C1QA	3.089|3.049|2.940	9.078	3.026	3	2.830|2.722|2.663	0.000	0.000	0.000	0.000	0.000	-15.205	1.105	0.918	
MEPCE	C1QB	C1QB	1.768|1.680|1.761	5.208	1.736	3	1.556|1.815|1.856	0.000	0.000	0.000	0.000	0.000	-16.005	0.999	0.946	
MEPCE	TFRC	TFRC	0.526|0.614|0.589	1.729	0.576	3	0.285|0.308|0.683	0.002	0.003	0.002	0.003	0.002	-7.040	1.472	0.831	
MEPCE	HPX	HPX	1.377|1.531|1.450	4.357	1.452	3	1.352|1.471|1.366	0.000	0.000	0.000	0.000	0.000	-16.005	1.041	0.930	
MEPCE	E1B	E1B	1.446|1.557|1.468	4.471	1.490	3	0.854|0.786|0.929	0.029	0.029	0.029	0.029	0.029	-3.505	1.745	0.554	
MEPCE	RAF1	RAF1	0.756|0.746|0.236	1.738	0.579	3	0.376|0.799|0.530	0.000	0.000	0.000	0.000	0.000	-16.005	1.069	0.869	
MEPCE	ALDOA	ALDOA	2.258|2.375|2.483	7.116	2.372	3	3.271|3.433|3.502	0.000	0.000	0.000	0.000	0.000	-16.005	0.698	0.962	
MEPCE	APOB	APOB	1.114|1.128|1.093	3.334	1.111	3	1.608|1.471|1.447	0.000	0.000	0.000	0.000	0.000	-16.005	0.737	0.957	
MEPCE	OAT	OAT	1.281|1.343|1.462	4.086	1.362	3	0.835|1.036|0.949	0.010	0.029	0.010	0.029	0.010	-9.736	1.454	0.763	
MEPCE	TK1	TK1	0.530|.|.	1.326	0.442	3	0.674|0.620|0.729	0.000	0.000	0.000	0.000	0.000	-16.005	0.657	0.969	
MEPCE	KRT1	KRT1	5.557|5.655|5.428	16.639	5.546	3	7.384|7.843|7.526	0.000	0.000	0.000	0.000	0.000	-16.005	0.732	0.962	
MEPCE	TUBB4A	TUBB4A	22.943|24.983|25.352	73.278	24.426	3	21.895|22.419|21.696	0.000	0.000	0.000	0.000	0.000	-15.729	1.110	0.911	
MEPCE	GAPDH	GAPDH	2.889|2.728|2.875	8.492	2.831	3	3.478|3.784|3.592	0.000	0.000	0.000	0.000	0.000	-16.005	0.783	0.948	
MEPCE	HLA-A	HLA-A	0.689|0.702|0.687	2.079	0.693	3	0.604|0.570|0.541	0.000	0.000	0.000	0.000	0.000	-10.629	1.213	0.875	
MEPCE	RPN1	RPN1	1.532|1.693|1.573	4.797	1.599	3	1.279|1.268|1.269	0.010	0.029	0.010	0.029	0.010	-10.577	1.257	0.769	
MEPCE	RPN2	RPN2	1.289|1.325|1.296	3.910	1.303	3	1.266|0.960|1.118	0.000	0.000	0.000	0.000	0.000	-15.101	1.177	0.926	
MEPCE	H2AC11;H2AC12;H2AC14;H2AC18;H2AC20;H2AC25;H2AC4;H2AC6;H2AC7;H2AJ	H2AC11;H2AC12;H2AC14;H2AC18;H2AC20;H2AC25;H2AC4;H2AC6;H2AC7;H2AJ	4.014|4.512|4.379	12.905	4.302	3	3.407|3.440|3.407	0.007	0.020	0.007	0.020	0.007	-11.942	1.259	0.817	
MEPCE	ATP1A1	ATP1A1	2.136|1.946|2.025	6.107	2.036	3	1.553|1.553|1.568	0.012	0.029	0.012	0.029	0.012	-8.246	1.307	0.747	
MEPCE	APP	APP	1.503|1.759|1.629	4.891	1.630	3	1.561|1.603|1.750	0.000	0.000	0.000	0.000	0.000	-16.005	0.996	0.936	
MEPCE	HMGN1	HMGN1	0.458|0.562|.	1.418	0.473	3	0.519|1.476|0.762	0.000	0.000	0.000	0.000	0.000	-15.649	0.566	0.907	
MEPCE	SLC25A5	SLC25A5	2.171|2.253|2.079	6.503	2.168	3	1.834|1.785|1.804	0.000	0.000	0.000	0.000	0.000	-12.917	1.199	0.870	
MEPCE	PCCA	PCCA	0.302|0.352|0.369	1.023	0.341	3	.|.|.	0.000	0.000	0.000	0.000	0.000	-16.005	0.856	0.957	
MEPCE	PCCB	PCCB	0.401|0.443|0.860	1.704	0.568	3	0.347|0.508|0.258	0.155	0.465	0.155	0.465	0.155	-13.962	1.591	0.350	
MEPCE	EIF2S1	EIF2S1	1.922|1.868|1.735	5.525	1.842	3	1.655|1.635|1.554	0.000	0.000	0.000	0.000	0.000	-15.188	1.141	0.898	
MEPCE	HMGN2	HMGN2	3.341|3.160|.	6.900	2.300	3	3.425|3.336|3.859	0.000	0.000	0.000	0.000	0.000	-16.005	0.651	0.966	
MEPCE	RPLP1	RPLP1	2.546|2.420|2.495	7.460	2.487	3	1.366|1.210|1.316	0.029	0.029	0.029	0.029	0.029	-3.505	1.919	0.554	
MEPCE	RPLP2	RPLP2	2.380|2.496|2.676	7.551	2.517	3	0.936|1.024|0.944	0.029	0.029	0.029	0.029	0.029	-3.505	2.601	0.554	
MEPCE	RPLP0	RPLP0	2.034|1.907|2.015	5.956	1.985	3	0.757|0.937|0.753	0.114	0.184	0.114	0.184	0.114	-3.505	2.447	0.372	
MEPCE	POLR3D	POLR3D	0.691|0.844|0.824	2.360	0.787	3	0.817|0.708|0.633	0.000	0.000	0.000	0.000	0.000	-16.005	1.099	0.929	
MEPCE	SSB	SSB	4.203|4.231|4.108	12.541	4.180	3	0.638|0.829|0.660	1.000	1.000	1.000	1.000	1.000	9.719	5.939	0.000	
MEPCE	KRT18	KRT18	1.952|1.601|1.760	5.313	1.771	3	1.557|1.545|1.419	0.001	0.004	0.001	0.004	0.001	-15.421	1.176	0.836	
MEPCE	KRT8	KRT8	3.587|3.517|3.558	10.661	3.554	3	2.957|2.955|2.962	0.000	0.000	0.000	0.000	0.000	-11.299	1.201	0.882	
MEPCE	FYN;YES1	FYN;YES1	0.367|.|0.251	1.016	0.339	3	.|.|.	0.000	0.000	0.000	0.000	0.000	-16.005	0.850	0.967	
MEPCE	PTMA	PTMA	1.500|1.072|.	2.970	0.990	3	0.874|0.861|1.022	0.010	0.029	0.010	0.029	0.010	-16.005	1.080	0.785	
MEPCE	CDK1	CDK1	1.022|1.028|1.136	3.186	1.062	3	1.021|0.989|1.092	0.000	0.000	0.000	0.000	0.000	-16.005	1.028	0.930	
MEPCE	ATP5F1B	ATP5F1B	1.205|1.105|1.093	3.403	1.134	3	0.961|0.972|0.948	0.000	0.000	0.000	0.000	0.000	-13.377	1.181	0.865	
MEPCE	EIF4E	EIF4E	0.284|0.412|0.440	1.136	0.379	3	.|0.452|0.411	0.000	0.000	0.000	0.000	0.000	-15.442	0.878	0.933	
MEPCE	ENO1	ENO1	1.946|2.035|2.210	6.192	2.064	3	3.081|3.035|3.349	0.000	0.000	0.000	0.000	0.000	-16.005	0.655	0.948	
MEPCE	NPM1	NPM1	2.424|2.611|2.388	7.424	2.475	3	1.847|1.841|1.777	0.023	0.029	0.023	0.029	0.023	-4.447	1.359	0.680	
MEPCE	TPM3	TPM3	2.628|2.577|2.571	7.775	2.592	3	1.752|1.728|1.643	0.029	0.029	0.029	0.029	0.029	-3.505	1.518	0.644	
MEPCE	LDHB	LDHB	0.840|0.854|0.946	2.640	0.880	3	1.690|1.632|1.714	0.000	0.000	0.000	0.000	0.000	-16.005	0.524	0.957	
MEPCE	GPX1	GPX1	1.601|1.626|1.724	4.951	1.650	3	1.502|1.369|1.247	0.000	0.000	0.000	0.000	0.000	-13.879	1.206	0.900	
MEPCE	P4HB	P4HB	1.528|1.646|1.668	4.841	1.614	3	1.587|1.624|1.577	0.000	0.000	0.000	0.000	0.000	-16.005	1.011	0.940	
MEPCE	ANXA2	ANXA2	0.458|0.692|0.620	1.770	0.590	3	0.778|0.747|0.723	0.000	0.000	0.000	0.000	0.000	-16.005	0.788	0.957	
MEPCE	PFN1	PFN1	0.828|0.861|0.844	2.533	0.844	3	1.360|1.280|1.262	0.000	0.000	0.000	0.000	0.000	-16.005	0.650	0.957	
MEPCE	EPRS1	EPRS1	1.209|1.028|1.093	3.330	1.110	3	0.897|0.799|0.894	0.010	0.029	0.010	0.029	0.010	-11.123	1.288	0.759	
MEPCE	HSP90AA1	HSP90AA1	18.434|18.697|19.115	56.246	18.749	3	23.636|22.417|22.844	0.000	0.000	0.000	0.000	0.000	-16.005	0.817	0.962	
MEPCE	HNRNPC	HNRNPC	0.600|0.422|0.660	1.681	0.560	3	.|.|0.280	0.189	0.534	0.189	0.534	0.189	-10.752	1.999	0.330	
MEPCE	LYN	LYN	7.991|7.716|8.026	23.732	7.911	3	2.820|2.780|.	0.029	0.029	0.029	0.029	0.029	-3.505	2.826	0.644	
MEPCE	RHOA;RHOC	RHOA;RHOC	0.793|0.817|0.888	2.499	0.833	3	0.635|0.593|0.678	0.011	0.029	0.011	0.029	0.011	-8.128	1.313	0.753	
MEPCE	PFKM	PFKM	0.754|0.645|0.790	2.189	0.730	3	0.942|0.821|0.883	0.000	0.000	0.000	0.000	0.000	-16.005	0.828	0.961	
MEPCE	HSP90AB1	HSP90AB1	17.486|17.914|17.074	52.474	17.491	3	20.002|20.511|20.060	0.000	0.000	0.000	0.000	0.000	-16.005	0.866	0.962	
MEPCE	SRPRA	SRPRA	0.872|0.570|0.708	2.150	0.717	3	0.864|0.747|0.624	0.000	0.000	0.000	0.000	0.000	-16.005	0.970	0.937	
MEPCE	ASNS	ASNS	0.742|0.734|0.610	2.087	0.696	3	1.461|1.557|1.465	0.000	0.000	0.000	0.000	0.000	-16.005	0.466	0.957	
MEPCE	SNRPB2	SNRPB2	0.660|0.791|0.709	2.161	0.720	3	0.750|0.618|.	0.000	0.000	0.000	0.000	0.000	-16.005	1.058	0.926	
MEPCE	SNRNP70	SNRNP70	1.605|1.659|1.636	4.900	1.633	3	1.457|1.385|1.510	0.000	0.000	0.000	0.000	0.000	-14.377	1.127	0.913	
MEPCE	VIM	VIM	7.362|7.209|7.244	21.816	7.272	3	5.958|5.783|5.867	0.000	0.000	0.000	0.000	0.000	-9.355	1.239	0.862	
MEPCE	RPS17	RPS17	4.539|4.940|4.246	13.725	4.575	3	2.862|3.031|3.106	0.029	0.029	0.029	0.029	0.029	-3.505	1.526	0.644	
MEPCE	KRT19	KRT19	2.281|2.298|2.315	6.894	2.298	3	2.028|2.018|1.853	0.000	0.000	0.000	0.000	0.000	-12.509	1.170	0.898	
MEPCE	GNAI3	GNAI3	1.036|1.020|1.119	3.174	1.058	3	0.993|0.532|0.607	0.000	0.001	0.000	0.001	0.000	-9.152	1.546	0.857	
MEPCE	KRT16	KRT16	0.186|.|.	0.982	0.327	3	.|.|.	0.000	0.000	0.000	0.000	0.000	-16.005	0.822	0.970	
MEPCE	RPSA	RPSA	0.684|0.705|0.707	2.095	0.698	3	0.663|0.728|0.693	0.000	0.000	0.000	0.000	0.000	-16.005	1.006	0.945	
MEPCE	SNRPA	SNRPA	0.810|0.838|0.879	2.527	0.842	3	0.666|0.710|0.602	0.000	0.001	0.000	0.001	0.000	-11.270	1.280	0.855	
MEPCE	FGF2	FGF2	0.952|0.994|1.021	2.967	0.989	3	1.224|1.317|1.325	0.000	0.000	0.000	0.000	0.000	-16.005	0.768	0.957	
MEPCE	SNRPC	SNRPC	3.688|3.751|3.875	11.314	3.771	3	4.365|3.719|3.841	0.000	0.000	0.000	0.000	0.000	-16.005	0.951	0.962	
MEPCE	HMGB1	HMGB1	6.207|6.542|6.712	19.460	6.487	3	6.150|6.515|6.681	0.000	0.000	0.000	0.000	0.000	-16.005	1.006	0.942	
MEPCE	TPM1	TPM1	2.395|2.061|2.306	6.762	2.254	3	1.483|1.431|1.431	0.029	0.029	0.029	0.029	0.029	-3.505	1.556	0.536	
MEPCE	CNP	CNP	0.734|0.794|0.778	2.306	0.769	3	0.528|0.603|0.456	0.000	0.000	0.000	0.000	0.000	-11.716	1.463	0.876	
MEPCE	HNRNPA1	HNRNPA1	5.593|5.652|5.783	17.029	5.676	3	4.850|4.482|4.937	0.000	0.000	0.000	0.000	0.000	-11.831	1.194	0.883	
MEPCE	SNRPA1	SNRPA1	1.224|1.407|1.301	3.931	1.310	3	0.847|0.952|0.885	0.029	0.029	0.029	0.029	0.029	-3.505	1.466	0.554	
MEPCE	PARP1	PARP1	2.187|2.143|2.371	6.702	2.234	3	1.490|1.631|1.831	0.000	0.001	0.000	0.001	0.000	-11.088	1.358	0.851	
MEPCE	POLA1	POLA1	0.572|0.473|0.350	1.395	0.465	3	0.465|0.551|0.472	0.000	0.000	0.000	0.000	0.000	-16.005	0.940	0.927	
MEPCE	UCHL1	UCHL1	0.432|0.537|0.665	1.634	0.545	3	0.869|0.770|0.857	0.000	0.000	0.000	0.000	0.000	-16.005	0.656	0.957	
MEPCE	C4A	C4A	1.826|1.861|1.905	5.592	1.864	3	1.785|1.867|1.918	0.000	0.000	0.000	0.000	0.000	-16.005	1.004	0.945	
MEPCE	H2AZ1;H2AZ2	H2AZ1;H2AZ2	0.940|1.031|0.930	2.901	0.967	3	0.910|0.838|0.957	0.000	0.000	0.000	0.000	0.000	-15.839	1.074	0.917	
MEPCE	DERPC	DERPC	1.931|1.879|1.364	5.173	1.724	3	1.283|1.722|1.695	0.000	0.000	0.000	0.000	0.000	-16.005	1.111	0.928	
MEPCE	RAB34	RAB34	1.029|0.994|0.845	2.868	0.956	3	0.833|0.710|0.668	0.000	0.000	0.000	0.000	0.000	-14.855	1.303	0.877	
MEPCE	HSPA1A;HSPA1B	HSPA1A;HSPA1B	19.703|19.641|19.859	59.203	19.734	3	20.948|22.953|21.868	0.000	0.000	0.000	0.000	0.000	-16.005	0.901	0.962	
MEPCE	CALM1;CALM2;CALM3	CALM1;CALM2;CALM3	2.736|1.224|2.963	6.923	2.308	3	2.007|0.992|0.973	0.095	0.199	0.095	0.199	0.095	-12.210	1.851	0.380	
MEPCE	RO60	RO60	0.362|0.434|0.410	1.206	0.402	3	.|0.310|0.377	0.000	0.000	0.000	0.000	0.000	-15.870	1.176	0.920	
MEPCE	RRAS;RRAS2	RRAS;RRAS2	0.387|0.485|0.359	1.231	0.410	3	.|.|.	0.000	0.000	0.000	0.000	0.000	-16.005	1.031	0.887	
MEPCE	HLA-C	HLA-C	0.894|0.689|0.654	2.236	0.745	3	0.617|0.557|0.509	0.010	0.029	0.010	0.029	0.010	-14.049	1.332	0.782	
MEPCE	ARAF	ARAF	0.946|1.036|0.963	2.944	0.981	3	0.880|0.878|1.026	0.000	0.000	0.000	0.000	0.000	-15.962	1.060	0.932	
MEPCE	H1-4	H1-4	11.818|11.818|12.150	35.786	11.929	3	6.694|7.015|6.842	0.029	0.029	0.029	0.029	0.029	-3.505	1.742	0.644	
MEPCE	TXN	TXN	7.598|7.605|7.424	22.627	7.542	3	8.278|7.657|7.707	0.000	0.000	0.000	0.000	0.000	-16.005	0.958	0.962	
MEPCE	PRKAR1A	PRKAR1A	0.484|0.529|0.556	1.569	0.523	3	0.363|0.481|0.446	0.000	0.000	0.000	0.000	0.000	-15.459	1.225	0.918	
MEPCE	HSPD1	HSPD1	3.367|3.407|3.647	10.421	3.474	3	4.167|4.082|4.341	0.000	0.000	0.000	0.000	0.000	-16.005	0.828	0.962	
MEPCE	HSPA5	HSPA5	27.315|28.642|27.627	83.584	27.861	3	29.286|31.888|31.287	0.000	0.000	0.000	0.000	0.000	-16.005	0.905	0.962	
MEPCE	HSPA8	HSPA8	26.257|29.153|28.779	84.189	28.063	3	28.348|28.760|30.140	0.000	0.000	0.000	0.000	0.000	-16.005	0.965	0.948	
MEPCE	SLC2A1	SLC2A1	0.520|0.556|.	1.474	0.491	3	0.349|.|.	0.000	0.001	0.000	0.001	0.000	-15.317	1.406	0.859	
MEPCE	RALA	RALA	1.438|1.421|1.579	4.438	1.479	3	0.930|0.886|0.961	0.029	0.029	0.029	0.029	0.029	-3.505	1.599	0.554	
MEPCE	LAMP1	LAMP1	0.128|0.403|0.445	0.976	0.325	3	.|.|.	0.000	0.000	0.000	0.000	0.000	-16.005	0.817	0.926	
MEPCE	TOP1	TOP1	2.150|1.984|2.296	6.429	2.143	3	1.925|1.751|1.817	0.000	0.000	0.000	0.000	0.000	-14.971	1.171	0.865	
MEPCE	UBL4A	UBL4A	1.482|1.443|1.493	4.419	1.473	3	1.025|1.063|1.125	0.029	0.029	0.029	0.029	0.029	-3.505	1.376	0.554	
MEPCE	MTHFD1	MTHFD1	1.229|1.024|1.211	3.464	1.155	3	1.550|1.426|1.538	0.000	0.000	0.000	0.000	0.000	-16.005	0.768	0.957	
MEPCE	PRPS2	PRPS2	1.468|1.475|1.468	4.411	1.470	3	1.676|1.723|1.805	0.000	0.000	0.000	0.000	0.000	-16.005	0.848	0.957	
MEPCE	PABPC1	PABPC1	1.805|2.059|2.062	5.925	1.975	3	1.185|1.169|1.328	0.029	0.029	0.029	0.029	0.029	-3.495	1.612	0.440	
MEPCE	PCNA	PCNA	0.705|0.701|0.718	2.124	0.708	3	0.916|0.815|0.946	0.000	0.000	0.000	0.000	0.000	-16.005	0.795	0.957	
MEPCE	HARS1	HARS1	0.511|0.539|1.171	2.221	0.740	3	0.692|0.925|0.722	0.000	0.000	0.000	0.000	0.000	-16.005	0.957	0.895	
MEPCE	SLC25A6	SLC25A6	0.542|0.570|0.535	1.647	0.549	3	0.345|0.399|.	0.000	0.000	0.000	0.000	0.000	-10.242	1.480	0.864	
MEPCE	IMPDH2	IMPDH2	0.720|0.796|0.649	2.166	0.722	3	1.489|1.292|1.497	0.000	0.000	0.000	0.000	0.000	-16.005	0.507	0.961	
MEPCE	TPR	TPR	0.532|0.584|0.509	1.625	0.542	3	0.478|0.416|.	0.000	0.000	0.000	0.000	0.000	-15.081	1.215	0.908	
MEPCE	CKB	CKB	1.998|2.049|2.182	6.229	2.076	3	2.678|2.712|2.830	0.000	0.000	0.000	0.000	0.000	-16.005	0.758	0.962	
MEPCE	ACTN1	ACTN1	0.554|.|0.226	1.178	0.393	3	0.716|0.587|0.436	0.000	0.000	0.000	0.000	0.000	-16.005	0.691	0.967	
MEPCE	XRCC6	XRCC6	2.980|3.190|2.928	9.098	3.033	3	2.564|2.510|2.426	0.000	0.001	0.000	0.001	0.000	-12.064	1.213	0.853	
MEPCE	XRCC5	XRCC5	3.443|3.346|3.550	10.339	3.446	3	2.852|2.763|2.854	0.000	0.000	0.000	0.000	0.000	-11.459	1.221	0.863	
MEPCE	COX4I1	COX4I1	0.650|0.491|0.518	1.660	0.553	3	0.614|0.704|0.564	0.000	0.000	0.000	0.000	0.000	-16.005	0.885	0.945	
MEPCE	EEF2	EEF2	2.273|2.335|2.153	6.761	2.254	3	2.802|2.694|2.578	0.000	0.000	0.000	0.000	0.000	-16.005	0.838	0.962	
MEPCE	KRT10	KRT10	3.970|3.964|3.970	11.905	3.968	3	4.768|4.965|4.863	0.000	0.000	0.000	0.000	0.000	-16.005	0.816	0.962	
MEPCE	KRT13	KRT13	1.614|.|1.650	3.662	1.221	3	.|.|.	0.667	1.000	0.667	1.000	0.667	-16.005	3.065	0.048	
MEPCE	KRT5	KRT5	0.873|0.955|0.965	2.793	0.931	3	0.982|0.373|0.895	0.002	0.002	0.002	0.002	0.002	-6.830	1.351	0.834	
MEPCE	PDIA4	PDIA4	1.161|1.189|1.372	3.722	1.241	3	1.163|1.520|1.164	0.000	0.000	0.000	0.000	0.000	-16.005	0.975	0.943	
MEPCE	P4HA1	P4HA1	1.046|0.983|0.993	3.022	1.007	3	0.680|0.821|0.666	0.000	0.000	0.000	0.000	0.000	-10.502	1.401	0.866	
MEPCE	PLS3	PLS3	0.338|.|0.530	1.266	0.422	3	0.519|.|0.449	0.000	0.000	0.000	0.000	0.000	-16.005	0.874	0.965	
MEPCE	ETFA	ETFA	0.414|.|0.489	1.301	0.434	3	.|.|0.415	0.000	0.000	0.000	0.000	0.000	-16.005	1.045	0.935	
MEPCE	GTF2F2	GTF2F2	1.693|1.713|1.586	4.991	1.664	3	0.988|1.332|1.313	0.000	0.000	0.000	0.000	0.000	-13.958	1.386	0.907	
MEPCE	PRKCSH	PRKCSH	1.507|1.664|1.622	4.792	1.597	3	1.844|1.649|1.898	0.000	0.000	0.000	0.000	0.000	-16.005	0.890	0.951	
MEPCE	PKM	PKM	3.012|2.951|3.051	9.013	3.004	3	4.363|4.507|4.250	0.000	0.000	0.000	0.000	0.000	-16.005	0.687	0.962	
MEPCE	HSP90B1	HSP90B1	7.510|7.575|7.745	22.829	7.610	3	8.919|9.515|8.601	0.000	0.000	0.000	0.000	0.000	-16.005	0.845	0.962	
MEPCE	SNRPB;SNRPN	SNRPB;SNRPN	20.086|21.103|21.123	62.313	20.771	3	18.591|18.203|18.395	0.000	0.000	0.000	0.000	0.000	-14.789	1.129	0.910	
MEPCE	DARS1	DARS1	1.267|1.212|1.263	3.743	1.248	3	1.126|1.157|1.094	0.000	0.000	0.000	0.000	0.000	-15.136	1.108	0.917	
MEPCE	GSPT1	GSPT1	0.426|0.476|0.438	1.340	0.447	3	1.088|0.890|1.032	0.000	0.000	0.000	0.000	0.000	-16.005	0.447	0.951	
MEPCE	EZR	EZR	1.594|1.393|1.492	4.478	1.493	3	1.599|1.581|1.538	0.000	0.000	0.000	0.000	0.000	-16.005	0.949	0.947	
MEPCE	NME1	NME1	1.348|1.442|1.386	4.177	1.392	3	1.770|1.691|1.883	0.000	0.000	0.000	0.000	0.000	-16.005	0.782	0.948	
MEPCE	PHKG2	PHKG2	0.570|.|.	1.366	0.455	3	0.507|0.530|0.458	0.000	0.000	0.000	0.000	0.000	-16.005	0.915	0.923	
MEPCE	RPS2	RPS2	10.431|10.237|10.792	31.460	10.487	3	6.567|6.274|6.745	0.029	0.029	0.029	0.029	0.029	-3.505	1.607	0.445	
MEPCE	DSP	DSP	1.253|1.084|1.093	3.430	1.143	3	1.073|1.045|1.095	0.000	0.000	0.000	0.000	0.000	-15.981	1.068	0.908	
MEPCE	RPA2	RPA2	1.602|1.544|1.571	4.717	1.572	3	1.327|1.401|1.392	0.000	0.000	0.000	0.000	0.000	-13.836	1.146	0.905	
MEPCE	CBR1	CBR1	0.470|0.745|0.522	1.737	0.579	3	0.737|0.629|0.729	0.000	0.000	0.000	0.000	0.000	-16.005	0.832	0.940	
MEPCE	H1-2	H1-2	3.020|3.039|.	6.458	2.153	3	0.823|1.258|.	0.048	0.088	0.048	0.088	0.048	-16.005	2.116	0.417	
MEPCE	POR	POR	0.340|0.427|0.252	1.019	0.340	3	0.363|0.268|0.577	0.000	0.000	0.000	0.000	0.000	-16.005	0.887	0.904	
MEPCE	ATP2A2	ATP2A2	1.792|1.728|1.810	5.330	1.777	3	1.377|1.412|1.423	0.001	0.003	0.001	0.003	0.001	-9.228	1.266	0.836	
MEPCE	STMN1	STMN1	1.121|1.092|1.214	3.428	1.143	3	1.246|1.154|1.245	0.000	0.000	0.000	0.000	0.000	-16.005	0.941	0.948	
MEPCE	YBX3	YBX3	2.068|2.030|2.096	6.194	2.065	3	0.893|0.764|0.858	0.029	0.029	0.029	0.029	0.029	-3.505	2.469	0.554	
MEPCE	HMGA1	HMGA1	3.141|4.058|2.834	10.033	3.344	3	2.482|3.362|4.520	0.000	0.000	0.000	0.000	0.000	-16.005	0.997	0.936	
MEPCE	HOXB9	HOXB9	0.539|.|.	1.335	0.445	3	.|.|.	0.010	0.029	0.010	0.029	0.010	-16.005	1.118	0.804	
MEPCE	PRKACA	PRKACA	0.700|0.449|0.541	1.691	0.564	3	0.499|.|0.340	0.017	0.051	0.017	0.051	0.017	-15.056	1.369	0.728	
MEPCE	AMD1	AMD1	3.618|3.754|3.845	11.217	3.739	3	3.261|3.324|3.372	0.000	0.000	0.000	0.000	0.000	-14.829	1.127	0.910	
MEPCE	CTPS1	CTPS1	0.443|0.397|0.522	1.362	0.454	3	0.563|0.583|0.741	0.000	0.000	0.000	0.000	0.000	-16.005	0.728	0.954	
MEPCE	DDX5	DDX5	3.375|3.156|3.102	9.633	3.211	3	1.896|2.249|1.956	0.029	0.029	0.029	0.029	0.029	-3.505	1.583	0.554	
MEPCE	PFKL	PFKL	0.358|0.425|0.211	0.994	0.331	3	0.507|0.533|0.535	0.000	0.000	0.000	0.000	0.000	-16.005	0.632	0.957	
MEPCE	PSMC3	PSMC3	2.402|2.521|2.607	7.530	2.510	3	2.437|2.723|2.508	0.000	0.000	0.000	0.000	0.000	-16.005	0.983	0.946	
MEPCE	TCP1	TCP1	10.239|9.947|10.830	31.016	10.339	3	9.631|10.092|10.363	0.000	0.000	0.000	0.000	0.000	-16.005	1.031	0.935	
MEPCE	PTPN1	PTPN1	0.620|0.703|0.591	1.914	0.638	3	0.644|.|0.576	0.000	0.000	0.000	0.000	0.000	-16.005	1.048	0.929	
MEPCE	RPL35A	RPL35A	1.649|1.863|1.542	5.053	1.684	3	0.783|0.712|0.795	0.029	0.029	0.029	0.029	0.029	-3.505	2.209	0.554	
MEPCE	ARF4	ARF4	2.710|2.728|2.693	8.131	2.710	3	2.991|2.780|2.949	0.000	0.000	0.000	0.000	0.000	-16.005	0.933	0.948	
MEPCE	RPL7	RPL7	3.225|3.445|3.470	10.140	3.380	3	0.927|1.000|1.002	0.987	0.999	0.987	0.999	0.987	3.274	3.464	0.001	
MEPCE	SON	SON	1.086|0.430|0.480	1.996	0.665	3	0.277|0.412|.	0.333	0.999	0.333	0.999	0.333	-13.749	1.971	0.226	
MEPCE	NELFE	NELFE	0.501|0.347|0.509	1.357	0.452	3	0.433|0.655|0.605	0.000	0.000	0.000	0.000	0.000	-16.005	0.814	0.953	
MEPCE	RPL17	RPL17	4.005|4.388|4.326	12.718	4.239	3	1.949|2.181|2.266	0.029	0.029	0.029	0.029	0.029	-3.505	1.993	0.636	
MEPCE	RCC1	RCC1	0.204|0.538|.	1.141	0.380	3	.|.|0.440	0.000	0.000	0.000	0.000	0.000	-16.005	0.865	0.925	
MEPCE	NCL	NCL	2.074|1.989|1.951	6.014	2.005	3	2.650|2.958|2.738	0.000	0.000	0.000	0.000	0.000	-16.005	0.721	0.962	
MEPCE	HK1	HK1	0.663|0.682|0.709	2.053	0.684	3	0.577|0.666|0.617	0.000	0.000	0.000	0.000	0.000	-15.319	1.106	0.917	
MEPCE	POLR2C	POLR2C	0.652|0.708|0.713	2.073	0.691	3	0.683|1.196|0.763	0.000	0.000	0.000	0.000	0.000	-16.005	0.809	0.953	
MEPCE	POLR2E	POLR2E	1.263|1.310|1.297	3.870	1.290	3	1.167|1.289|1.205	0.000	0.000	0.000	0.000	0.000	-15.805	1.058	0.933	
MEPCE	TRIM21	TRIM21	2.692|2.890|2.909	8.491	2.830	3	3.235|3.312|3.365	0.000	0.000	0.000	0.000	0.000	-16.005	0.857	0.962	
MEPCE	CSNK2A2	CSNK2A2	0.675|0.738|0.828	2.241	0.747	3	0.806|0.803|0.779	0.000	0.000	0.000	0.000	0.000	-16.005	0.938	0.943	
MEPCE	ATP2B1	ATP2B1	0.906|0.859|1.007	2.772	0.924	3	0.661|0.695|0.645	0.020	0.029	0.020	0.029	0.020	-5.932	1.386	0.686	
MEPCE	EIF2S2	EIF2S2	1.154|1.168|1.195	3.517	1.172	3	0.958|1.179|1.089	0.000	0.000	0.000	0.000	0.000	-15.632	1.094	0.932	
MEPCE	BTF3	BTF3	1.008|1.002|1.098	3.108	1.036	3	0.965|1.136|1.118	0.000	0.000	0.000	0.000	0.000	-16.005	0.968	0.946	
MEPCE	RAB4A	RAB4A	0.287|.|.	1.084	0.361	3	.|.|.	0.000	0.000	0.000	0.000	0.000	-16.005	0.907	0.970	
MEPCE	PSMB1	PSMB1	4.870|4.778|4.764	14.412	4.804	3	4.118|4.188|4.110	0.000	0.000	0.000	0.000	0.000	-12.895	1.161	0.901	
MEPCE	LMNB1	LMNB1	0.714|0.404|.	1.516	0.505	3	0.899|0.295|0.357	0.002	0.007	0.002	0.007	0.002	-8.402	1.108	0.830	
MEPCE	PTMS	PTMS	0.922|0.935|0.919	2.777	0.926	3	.|.|.	0.029	0.029	0.029	0.029	0.029	-3.505	2.324	0.476	
MEPCE	CDK11B	CDK11B	1.915|1.926|1.957	5.798	1.933	3	1.643|1.744|1.591	0.000	0.000	0.000	0.000	0.000	-12.764	1.165	0.899	
MEPCE	ATP6V1B2	ATP6V1B2	0.954|0.836|1.042	2.833	0.944	3	1.008|1.063|0.957	0.000	0.000	0.000	0.000	0.000	-16.005	0.936	0.944	
MEPCE	FLNA	FLNA	5.803|5.994|6.550	18.347	6.116	3	5.678|5.383|5.396	0.000	0.000	0.000	0.000	0.000	-15.503	1.115	0.898	
MEPCE	FBL	FBL	13.632|13.253|12.955	39.840	13.280	3	16.757|16.061|15.626	0.000	0.000	0.000	0.000	0.000	-16.005	0.823	0.962	
MEPCE	GART	GART	1.980|2.012|2.025	6.017	2.006	3	2.117|2.262|2.076	0.000	0.000	0.000	0.000	0.000	-16.005	0.933	0.962	
MEPCE	PAICS	PAICS	1.848|1.889|1.779	5.516	1.839	3	2.172|2.229|2.282	0.000	0.000	0.000	0.000	0.000	-16.005	0.825	0.962	
MEPCE	SCP2	SCP2	0.667|0.758|0.636	2.061	0.687	3	0.553|0.567|0.566	0.010	0.029	0.010	0.029	0.010	-13.608	1.222	0.778	
MEPCE	UBA1	UBA1	0.464|0.825|0.880	2.169	0.723	3	0.931|1.009|0.945	0.000	0.000	0.000	0.000	0.000	-16.005	0.753	0.957	
MEPCE	HNRNPA2B1	HNRNPA2B1	2.474|2.396|2.333	7.203	2.401	3	1.408|1.315|1.509	0.029	0.029	0.029	0.029	0.029	-3.505	1.705	0.644	
MEPCE	UQCRC2	UQCRC2	0.783|0.771|0.693	2.246	0.749	3	0.533|0.476|0.460	0.029	0.029	0.029	0.029	0.029	-3.505	1.532	0.531	
MEPCE	FECH	FECH	0.629|0.612|0.505	1.745	0.582	3	0.429|0.491|0.413	0.003	0.008	0.003	0.008	0.003	-14.459	1.314	0.827	
MEPCE	TCEA1	TCEA1	1.122|5.381|1.236	7.739	2.580	3	1.190|1.095|1.272	0.333	1.000	0.333	1.000	0.333	-16.005	2.180	0.157	
MEPCE	SFPQ	SFPQ	5.220|5.455|5.354	16.029	5.343	3	4.129|4.793|4.909	0.000	0.000	0.000	0.000	0.000	-14.627	1.162	0.916	
MEPCE	TUBG1	TUBG1	0.987|0.944|0.865	2.797	0.932	3	0.919|0.768|0.879	0.000	0.000	0.000	0.000	0.000	-15.986	1.093	0.925	
MEPCE	PPIB	PPIB	34.869|34.452|35.817	105.138	35.046	3	32.283|33.648|33.452	0.000	0.000	0.000	0.000	0.000	-15.761	1.058	0.932	
MEPCE	WARS1	WARS1	1.494|1.427|1.551	4.472	1.491	3	1.975|1.928|1.931	0.000	0.000	0.000	0.000	0.000	-16.005	0.767	0.962	
MEPCE	RPS3	RPS3	18.490|18.918|18.637	56.044	18.681	3	12.833|11.970|12.694	0.029	0.029	0.029	0.029	0.029	-3.505	1.495	0.554	
MEPCE	JAK1	JAK1	0.543|0.512|.	1.452	0.484	3	.|.|.	0.010	0.029	0.010	0.029	0.010	-16.005	1.216	0.756	
MEPCE	AHCY	AHCY	1.117|1.075|1.201	3.393	1.131	3	1.276|1.489|1.452	0.000	0.000	0.000	0.000	0.000	-16.005	0.806	0.953	
MEPCE	CFL1	CFL1	2.034|2.024|1.815	5.873	1.958	3	2.020|2.020|2.090	0.000	0.000	0.000	0.000	0.000	-16.005	0.958	0.962	
MEPCE	EIF4B	EIF4B	5.534|5.345|5.331	16.209	5.403	3	5.890|6.208|6.539	0.000	0.000	0.000	0.000	0.000	-16.005	0.871	0.948	
MEPCE	RRM1	RRM1	0.649|0.640|0.438	1.727	0.576	3	0.485|0.408|0.364	0.000	0.000	0.000	0.000	0.000	-15.907	1.384	0.871	
MEPCE	EEF1B2	EEF1B2	3.631|3.610|3.582	10.822	3.607	3	4.273|4.419|4.161	0.000	0.000	0.000	0.000	0.000	-16.005	0.842	0.962	
MEPCE	ACAT1	ACAT1	0.608|0.758|0.818	2.185	0.728	3	0.817|0.921|0.768	0.000	0.000	0.000	0.000	0.000	-16.005	0.874	0.956	
MEPCE	POLR2A	POLR2A	0.360|0.484|0.597	1.441	0.480	3	0.213|0.808|0.311	0.005	0.011	0.005	0.011	0.005	-6.749	1.275	0.821	
MEPCE	CDK2	CDK2	0.343|0.665|.	1.406	0.469	3	0.580|0.258|1.015	0.001	0.004	0.001	0.004	0.001	-8.792	0.878	0.837	
MEPCE	MCM3	MCM3	4.090|4.161|3.818	12.068	4.023	3	3.752|3.575|3.908	0.000	0.000	0.000	0.000	0.000	-15.943	1.075	0.924	
MEPCE	RPS12	RPS12	5.630|6.205|6.101	17.937	5.979	3	1.772|1.855|1.885	0.689	0.989	0.689	0.989	0.689	-2.133	3.255	0.032	
MEPCE	BRD2	BRD2	0.692|0.771|0.700	2.162	0.721	3	0.668|0.467|0.472	0.000	0.000	0.000	0.000	0.000	-14.683	1.365	0.917	
MEPCE	YY1	YY1	0.757|0.755|0.795	2.307	0.769	3	0.744|0.665|0.651	0.000	0.000	0.000	0.000	0.000	-14.630	1.122	0.912	
MEPCE	DNAJB1	DNAJB1	0.495|0.558|0.530	1.583	0.528	3	0.728|0.664|0.557	0.000	0.000	0.000	0.000	0.000	-16.005	0.817	0.954	
MEPCE	ATP5F1A	ATP5F1A	2.567|2.466|2.634	7.667	2.556	3	2.242|2.341|2.480	0.000	0.000	0.000	0.000	0.000	-15.654	1.086	0.922	
MEPCE	PSMA1	PSMA1	5.125|5.289|5.288	15.703	5.234	3	4.487|4.395|4.564	0.000	0.000	0.000	0.000	0.000	-13.174	1.168	0.897	
MEPCE	PSMA2	PSMA2	3.338|3.231|3.550	10.119	3.373	3	2.515|2.591|2.476	0.017	0.029	0.017	0.029	0.017	-6.520	1.335	0.727	
MEPCE	PSMA3	PSMA3	2.986|3.065|2.750	8.800	2.933	3	2.751|2.530|2.671	0.000	0.000	0.000	0.000	0.000	-15.786	1.107	0.911	
MEPCE	PSMA4	PSMA4	4.813|4.923|5.020	14.756	4.919	3	4.299|4.094|4.220	0.000	0.000	0.000	0.000	0.000	-13.121	1.170	0.894	
MEPCE	MSN	MSN	0.486|.|.	1.282	0.427	3	0.559|0.416|.	0.000	0.000	0.000	0.000	0.000	-16.005	0.887	0.968	
MEPCE	DDX6	DDX6	0.779|0.835|0.725	2.339	0.780	3	0.836|0.857|0.603	0.000	0.000	0.000	0.000	0.000	-16.005	1.032	0.943	
MEPCE	DNMT1	DNMT1	0.560|0.637|0.418	1.615	0.538	3	0.675|0.398|0.588	0.000	0.000	0.000	0.000	0.000	-16.005	0.996	0.942	
MEPCE	U2AF2	U2AF2	4.822|5.108|5.144	15.074	5.025	3	5.270|5.366|4.981	0.000	0.000	0.000	0.000	0.000	-16.005	0.966	0.962	
MEPCE	RPL13	RPL13	3.616|4.122|3.519	11.257	3.752	3	1.409|1.289|1.273	0.124	0.315	0.124	0.315	0.124	-3.505	2.838	0.364	
MEPCE	HMGB2	HMGB2	6.447|6.552|6.729	19.728	6.576	3	6.295|7.309|7.305	0.000	0.000	0.000	0.000	0.000	-16.005	0.946	0.952	
MEPCE	PTBP1	PTBP1	0.988|0.976|1.028	2.992	0.997	3	0.887|0.630|0.968	0.000	0.000	0.000	0.000	0.000	-15.530	1.224	0.932	
MEPCE	TARS1	TARS1	0.576|0.461|0.503	1.541	0.514	3	0.625|0.630|0.564	0.000	0.000	0.000	0.000	0.000	-16.005	0.848	0.957	
MEPCE	VARS1	VARS1	1.726|1.951|2.187	5.865	1.955	3	1.821|1.828|1.692	0.000	0.000	0.000	0.000	0.000	-16.005	1.099	0.880	
MEPCE	EEF1G	EEF1G	4.884|4.901|4.879	14.665	4.888	3	6.153|6.333|6.209	0.000	0.000	0.000	0.000	0.000	-16.005	0.784	0.948	
MEPCE	YWHAQ	YWHAQ	0.554|0.459|0.560	1.573	0.524	3	0.503|0.471|0.547	0.000	0.000	0.000	0.000	0.000	-16.005	1.036	0.927	
MEPCE	RPL10	RPL10	5.015|4.977|4.813	14.804	4.935	3	2.697|2.941|2.608	0.029	0.029	0.029	0.029	0.029	-3.505	1.798	0.644	
MEPCE	RPA1	RPA1	1.974|1.798|1.967	5.739	1.913	3	1.735|1.955|1.851	0.000	0.000	0.000	0.000	0.000	-16.005	1.037	0.934	
MEPCE	APEX1	APEX1	1.059|1.044|1.104	3.207	1.069	3	0.993|1.013|0.890	0.000	0.000	0.000	0.000	0.000	-15.027	1.109	0.916	
MEPCE	CAD	CAD	3.758|3.768|3.584	11.110	3.703	3	4.052|4.013|3.955	0.000	0.000	0.000	0.000	0.000	-16.005	0.924	0.962	
MEPCE	CALR	CALR	0.624|0.776|0.616	2.016	0.672	3	0.717|0.690|0.769	0.000	0.000	0.000	0.000	0.000	-16.005	0.928	0.937	
MEPCE	MAP4	MAP4	0.537|0.875|0.648	2.059	0.686	3	0.629|0.804|0.542	0.000	0.000	0.000	0.000	0.000	-16.005	1.056	0.928	
MEPCE	CANX	CANX	3.497|3.953|3.998	11.448	3.816	3	3.293|3.446|3.315	0.000	0.000	0.000	0.000	0.000	-15.716	1.139	0.894	
MEPCE	PSMA5	PSMA5	2.822|2.866|2.807	8.496	2.832	3	2.493|2.516|2.486	0.000	0.000	0.000	0.000	0.000	-13.870	1.133	0.911	
MEPCE	PSMB4	PSMB4	3.433|3.488|3.520	10.441	3.480	3	2.912|2.845|2.971	0.000	0.000	0.000	0.000	0.000	-11.692	1.197	0.884	
MEPCE	PSMB6	PSMB6	4.915|5.212|5.385	15.513	5.171	3	4.180|4.510|4.214	0.000	0.000	0.000	0.000	0.000	-13.184	1.203	0.866	
MEPCE	PSMB5	PSMB5	2.454|2.233|2.287	6.974	2.325	3	1.970|2.067|2.116	0.000	0.000	0.000	0.000	0.000	-14.852	1.134	0.896	
MEPCE	ABCD3	ABCD3	0.414|0.413|0.515	1.342	0.447	3	.|.|.	0.001	0.003	0.001	0.003	0.001	-15.787	1.124	0.839	
MEPCE	POLD1	POLD1	0.283|6.628|6.681	13.592	4.531	3	5.302|5.789|5.910	0.000	0.000	0.000	0.000	0.000	-16.005	0.800	0.900	
MEPCE	GTF2E2	GTF2E2	0.330|.|.	1.127	0.376	3	.|.|.	0.000	0.000	0.000	0.000	0.000	-16.005	0.943	0.970	
MEPCE	TPP2	TPP2	0.643|0.645|0.528	1.817	0.606	3	0.513|0.695|0.639	0.000	0.000	0.000	0.000	0.000	-16.005	0.992	0.944	
MEPCE	EEF1D	EEF1D	3.468|3.329|3.534	10.331	3.444	3	3.118|3.390|3.471	0.000	0.000	0.000	0.000	0.000	-16.004	1.036	0.937	
MEPCE	MARCKS	MARCKS	0.206|0.322|0.424	0.952	0.317	3	0.218|0.516|0.266	0.000	0.001	0.000	0.001	0.000	-15.395	1.022	0.861	
MEPCE	PRDX6	PRDX6	2.983|3.278|3.380	9.640	3.213	3	3.476|3.601|3.535	0.000	0.000	0.000	0.000	0.000	-16.005	0.909	0.962	
MEPCE	PRDX5	PRDX5	0.532|0.643|0.604	1.780	0.593	3	0.620|0.643|0.731	0.000	0.000	0.000	0.000	0.000	-16.005	0.895	0.955	
MEPCE	PRDX3	PRDX3	2.889|3.028|2.906	8.824	2.941	3	3.515|3.508|3.516	0.000	0.000	0.000	0.000	0.000	-16.005	0.837	0.962	
MEPCE	RPL12	RPL12	5.804|5.634|5.115	16.552	5.517	3	4.634|4.704|4.156	0.001	0.003	0.001	0.003	0.001	-13.351	1.228	0.838	
MEPCE	ECHS1	ECHS1	0.687|0.835|0.946	2.467	0.822	3	0.636|0.789|0.745	0.000	0.000	0.000	0.000	0.000	-16.005	1.142	0.902	
MEPCE	PDIA3	PDIA3	2.217|2.445|2.317	6.979	2.326	3	5.190|2.402|2.312	0.000	0.000	0.000	0.000	0.000	-14.050	0.759	0.910	
MEPCE	PPP2R1A	PPP2R1A	1.547|1.282|1.530	4.358	1.453	3	1.948|1.881|2.096	0.000	0.000	0.000	0.000	0.000	-16.005	0.736	0.962	
MEPCE	PPIF	PPIF	0.631|0.592|0.613	1.835	0.612	3	0.538|0.443|0.491	0.000	0.000	0.000	0.000	0.000	-13.149	1.251	0.894	
MEPCE	HMOX2	HMOX2	0.758|0.802|0.672	2.232	0.744	3	0.522|0.678|0.645	0.000	0.000	0.000	0.000	0.000	-15.655	1.217	0.915	
MEPCE	LRPAP1	LRPAP1	1.156|1.291|1.031	3.479	1.160	3	1.134|0.952|1.088	0.000	0.000	0.000	0.000	0.000	-16.005	1.099	0.910	
MEPCE	ADSL	ADSL	0.258|.|.	1.055	0.352	3	0.408|0.423|0.401	0.000	0.000	0.000	0.000	0.000	-16.005	0.856	0.970	
MEPCE	CLIP1	CLIP1	0.782|0.865|0.913	2.561	0.854	3	0.948|1.103|1.121	0.000	0.000	0.000	0.000	0.000	-16.005	0.810	0.952	
MEPCE	SLC7A1	SLC7A1	0.546|0.852|1.027	2.425	0.808	3	0.675|0.635|0.702	0.010	0.029	0.010	0.029	0.010	-16.005	1.207	0.758	
MEPCE	POLR2B	POLR2B	0.897|1.011|0.893	2.801	0.934	3	0.916|0.954|0.992	0.000	0.000	0.000	0.000	0.000	-16.005	0.979	0.939	
MEPCE	MAT2A	MAT2A	0.504|0.547|0.438	1.489	0.496	3	0.570|0.575|0.592	0.000	0.000	0.000	0.000	0.000	-16.005	0.857	0.957	
MEPCE	DNAJA1	DNAJA1	3.069|2.983|3.129	9.181	3.060	3	3.434|3.552|3.667	0.000	0.000	0.000	0.000	0.000	-16.005	0.862	0.962	
MEPCE	HNRNPH3	HNRNPH3	0.376|0.302|0.365	1.043	0.348	3	0.324|0.516|0.328	0.000	0.000	0.000	0.000	0.000	-16.005	0.915	0.954	
MEPCE	HNRNPH1	HNRNPH1	1.337|1.072|0.972	3.381	1.127	3	0.899|1.175|0.901	0.000	0.000	0.000	0.000	0.000	-16.005	1.146	0.916	
MEPCE	YWHAB	YWHAB	0.819|0.731|0.878	2.428	0.809	3	0.617|0.824|0.600	0.000	0.000	0.000	0.000	0.000	-15.837	1.202	0.925	
MEPCE	STIP1	STIP1	12.137|12.624|12.702	37.463	12.488	3	13.192|12.648|12.980	0.000	0.000	0.000	0.000	0.000	-16.005	0.965	0.962	
MEPCE	PRDX2	PRDX2	3.371|3.360|3.470	10.201	3.400	3	5.069|4.991|5.191	0.000	0.000	0.000	0.000	0.000	-16.005	0.669	0.962	
MEPCE	ARRB2	ARRB2	0.286|0.438|.	1.123	0.374	3	0.287|0.320|0.289	0.010	0.029	0.010	0.029	0.010	-16.005	1.254	0.802	
MEPCE	PYCR1	PYCR1	0.351|0.507|0.400	1.259	0.420	3	0.315|0.400|0.425	0.000	0.000	0.000	0.000	0.000	-16.005	1.114	0.919	
MEPCE	RPL9	RPL9	3.165|3.204|3.347	9.716	3.239	3	2.243|1.929|2.015	0.029	0.029	0.029	0.029	0.029	-3.505	1.574	0.636	
MEPCE	KIF5B	KIF5B	2.091|2.073|2.235	6.399	2.133	3	2.245|2.477|2.262	0.000	0.000	0.000	0.000	0.000	-16.005	0.917	0.948	
MEPCE	CSTF2	CSTF2	0.864|0.911|0.779	2.554	0.851	3	0.813|1.942|0.957	0.000	0.000	0.000	0.000	0.000	-14.500	0.742	0.909	
MEPCE	DUT	DUT	0.828|0.725|0.641	2.194	0.731	3	0.738|0.789|0.757	0.000	0.000	0.000	0.000	0.000	-16.005	0.961	0.933	
MEPCE	KDELR2	KDELR2	0.291|0.295|.	0.984	0.328	3	0.216|0.240|0.119	0.001	0.001	0.001	0.001	0.001	-6.862	1.787	0.844	
MEPCE	TTK	TTK	0.524|0.497|0.447	1.468	0.489	3	0.291|0.529|0.424	0.000	0.000	0.000	0.000	0.000	-15.914	1.216	0.917	
MEPCE	MCM4	MCM4	2.572|2.582|2.934	8.087	2.696	3	2.371|2.320|2.364	0.000	0.000	0.000	0.000	0.000	-14.741	1.146	0.870	
MEPCE	MCM5	MCM5	3.247|3.169|3.423	9.839	3.280	3	2.866|2.969|2.947	0.000	0.000	0.000	0.000	0.000	-15.010	1.121	0.908	
MEPCE	MCM7	MCM7	3.517|3.684|3.501	10.703	3.568	3	3.336|3.181|3.439	0.000	0.000	0.000	0.000	0.000	-15.544	1.076	0.926	
MEPCE	SHMT2	SHMT2	1.968|2.067|1.953	5.988	1.996	3	2.308|2.672|2.556	0.000	0.000	0.000	0.000	0.000	-16.005	0.796	0.962	
MEPCE	HSPA1L	HSPA1L	23.233|24.387|24.993	72.613	24.204	3	27.531|28.032|27.085	0.000	0.000	0.000	0.000	0.000	-16.005	0.879	0.962	
MEPCE	HSPA4	HSPA4	1.573|1.757|1.863	5.193	1.731	3	2.111|2.222|2.104	0.000	0.000	0.000	0.000	0.000	-16.005	0.807	0.962	
MEPCE	PRSS3	PRSS3	2.874|2.773|3.182	8.828	2.943	3	2.872|.|3.002	0.000	0.000	0.000	0.000	0.000	-16.005	1.002	0.934	
MEPCE	PHB1	PHB1	0.172|.|.	0.968	0.323	3	.|.|.	0.000	0.000	0.000	0.000	0.000	-16.005	0.811	0.970	
MEPCE	NF2	NF2	0.554|.|0.491	1.443	0.481	3	1.340|.|.	0.000	0.000	0.000	0.000	0.000	-16.005	0.359	0.967	
MEPCE	RPA3	RPA3	2.106|1.985|2.079	6.169	2.056	3	2.072|1.964|1.976	0.000	0.000	0.000	0.000	0.000	-16.005	1.026	0.939	
MEPCE	RFC4	RFC4	0.536|0.592|0.619	1.747	0.582	3	0.488|0.506|0.513	0.000	0.000	0.000	0.000	0.000	-15.327	1.159	0.877	
MEPCE	RFC2	RFC2	0.762|0.702|0.839	2.303	0.768	3	0.495|0.773|0.471	0.000	0.000	0.000	0.000	0.000	-15.531	1.359	0.905	
MEPCE	RFC1	RFC1	0.908|0.882|0.894	2.684	0.895	3	0.747|0.398|0.715	0.000	0.000	0.000	0.000	0.000	-8.609	1.499	0.859	
MEPCE	RPL22	RPL22	17.803|18.052|17.985	53.840	17.947	3	14.799|15.593|14.746	0.000	0.000	0.000	0.000	0.000	-11.538	1.193	0.888	
MEPCE	GTF2F1	GTF2F1	2.537|2.651|2.728	7.915	2.638	3	2.346|2.273|2.177	0.000	0.000	0.000	0.000	0.000	-13.968	1.165	0.891	
MEPCE	KRT9	KRT9	4.014|4.119|4.178	12.311	4.104	3	4.832|5.315|5.124	0.000	0.000	0.000	0.000	0.000	-16.005	0.807	0.948	
MEPCE	MYH9	MYH9	7.027|7.002|7.106	21.136	7.045	3	6.965|6.785|7.103	0.000	0.000	0.000	0.000	0.000	-15.996	1.014	0.945	
MEPCE	MYH10	MYH10	3.944|3.858|3.543	11.345	3.782	3	3.201|3.144|2.950	0.000	0.001	0.000	0.001	0.000	-13.153	1.221	0.853	
MEPCE	COPB2	COPB2	3.261|3.363|3.500	10.124	3.375	3	3.449|3.132|3.409	0.000	0.000	0.000	0.000	0.000	-16.005	1.014	0.940	
MEPCE	ADD1	ADD1	0.610|0.992|0.937	2.540	0.847	3	0.615|0.590|0.993	0.000	0.000	0.000	0.000	0.000	-16.005	1.190	0.909	
MEPCE	BSG	BSG	1.405|1.241|1.428	4.073	1.358	3	1.256|1.066|1.160	0.000	0.000	0.000	0.000	0.000	-15.466	1.172	0.894	
MEPCE	FUS	FUS	31.807|31.050|33.213	96.070	32.023	3	28.921|30.790|31.145	0.000	0.000	0.000	0.000	0.000	-15.903	1.058	0.930	
MEPCE	NUP214	NUP214	0.498|0.475|0.707	1.681	0.560	3	0.536|0.538|0.581	0.001	0.002	0.001	0.002	0.001	-16.005	1.017	0.847	
MEPCE	DEK	DEK	1.754|1.754|2.037	5.546	1.849	3	1.644|1.718|1.622	0.000	0.000	0.000	0.000	0.000	-15.535	1.113	0.881	
MEPCE	PPM1A	PPM1A	0.835|0.845|0.719	2.399	0.800	3	1.038|1.304|1.119	0.000	0.000	0.000	0.000	0.000	-16.005	0.696	0.954	
MEPCE	KRT2	KRT2	2.908|2.800|2.885	8.593	2.864	3	2.900|3.030|2.837	0.000	0.000	0.000	0.000	0.000	-16.005	0.981	0.962	
MEPCE	PSMC2	PSMC2	2.377|2.128|2.497	7.002	2.334	3	2.551|2.594|2.643	0.000	0.000	0.000	0.000	0.000	-16.005	0.899	0.962	
MEPCE	MAP2K2	MAP2K2	0.232|.|.	1.029	0.343	3	.|.|0.164	0.000	0.000	0.000	0.000	0.000	-13.922	2.088	0.927	
MEPCE	ATP5F1C	ATP5F1C	1.279|1.062|1.265	3.605	1.202	3	0.917|0.972|1.130	0.000	0.000	0.000	0.000	0.000	-15.790	1.199	0.904	
MEPCE	ATP6V1E1	ATP6V1E1	0.877|0.762|0.950	2.590	0.863	3	0.988|1.070|0.915	0.000	0.000	0.000	0.000	0.000	-16.005	0.873	0.951	
MEPCE	RPL4	RPL4	3.034|2.770|2.843	8.647	2.882	3	0.751|0.839|0.892	0.999	1.000	0.999	1.000	0.999	5.987	3.493	0.000	
MEPCE	LONP1	LONP1	1.281|1.329|1.217	3.828	1.276	3	1.349|1.216|1.328	0.000	0.000	0.000	0.000	0.000	-16.005	0.984	0.945	
MEPCE	GPX4	GPX4	0.692|0.802|0.753	2.247	0.749	3	0.688|0.750|0.762	0.000	0.000	0.000	0.000	0.000	-16.005	1.022	0.931	
MEPCE	SRP14	SRP14	2.184|1.980|2.219	6.383	2.128	3	1.592|1.516|1.457	0.022	0.029	0.022	0.029	0.022	-5.050	1.399	0.684	
MEPCE	NUP62	NUP62	0.320|0.497|0.499	1.316	0.439	3	0.860|0.891|0.638	0.000	0.000	0.000	0.000	0.000	-16.005	0.557	0.953	
MEPCE	FDFT1	FDFT1	1.180|1.109|1.069	3.357	1.119	3	1.056|0.854|1.050	0.000	0.000	0.000	0.000	0.000	-15.638	1.140	0.925	
MEPCE	TAGLN2	TAGLN2	1.597|1.635|1.673	4.905	1.635	3	2.034|1.945|2.142	0.000	0.000	0.000	0.000	0.000	-16.005	0.802	0.962	
MEPCE	RBMX	RBMX	2.837|2.889|2.885	8.611	2.870	3	3.128|3.331|3.256	0.000	0.000	0.000	0.000	0.000	-16.005	0.887	0.948	
MEPCE	COIL	COIL	1.708|1.859|2.107	5.673	1.891	3	1.439|1.491|1.347	0.012	0.029	0.012	0.029	0.012	-10.837	1.327	0.744	
MEPCE	ATP6V1A	ATP6V1A	1.217|1.180|1.135	3.532	1.177	3	1.126|1.234|1.178	0.000	0.000	0.000	0.000	0.000	-16.005	0.999	0.944	
MEPCE	HSPA9	HSPA9	3.382|3.449|3.593	10.425	3.475	3	3.543|3.506|3.309	0.000	0.000	0.000	0.000	0.000	-16.005	1.007	0.942	
MEPCE	RPS19	RPS19	12.982|13.859|13.764	40.605	13.535	3	11.040|11.233|10.860	0.000	0.000	0.000	0.000	0.000	-11.895	1.226	0.861	
MEPCE	RPL3	RPL3	2.442|2.414|2.557	7.413	2.471	3	0.491|0.553|0.683	1.000	1.000	1.000	1.000	1.000	8.995	4.334	0.000	
MEPCE	DDOST	DDOST	1.415|1.539|1.508	4.462	1.487	3	1.243|1.278|1.191	0.000	0.000	0.000	0.000	0.000	-13.154	1.203	0.870	
MEPCE	ANP32A	ANP32A	1.351|1.305|1.156	3.812	1.271	3	0.854|1.096|0.957	0.000	0.000	0.000	0.000	0.000	-14.410	1.318	0.890	
MEPCE	FEN1	FEN1	2.534|2.639|2.538	7.711	2.570	3	2.505|2.591|2.473	0.000	0.000	0.000	0.000	0.000	-16.001	1.019	0.942	
MEPCE	CAP2	CAP2	0.410|0.527|0.663	1.599	0.533	3	0.381|0.683|0.641	0.000	0.000	0.000	0.000	0.000	-16.005	0.968	0.923	
MEPCE	TXLNA	TXLNA	0.775|0.779|0.752	2.306	0.769	3	0.765|0.808|0.856	0.000	0.000	0.000	0.000	0.000	-16.005	0.951	0.957	
MEPCE	CCT6A	CCT6A	10.141|10.601|11.128	31.871	10.624	3	9.605|9.969|10.167	0.000	0.000	0.000	0.000	0.000	-15.922	1.072	0.923	
MEPCE	RPL13A;RPL13AP3	RPL13A;RPL13AP3	2.423|2.542|2.555	7.520	2.507	3	0.591|0.607|0.586	1.000	1.000	1.000	1.000	1.000	8.818	4.213	0.000	
MEPCE	ARL1	ARL1	1.360|1.684|1.704	4.748	1.583	3	1.414|1.470|1.309	0.000	0.000	0.000	0.000	0.000	-16.005	1.133	0.880	
MEPCE	MDH2	MDH2	1.297|1.161|1.215	3.673	1.224	3	1.805|1.402|1.516	0.000	0.000	0.000	0.000	0.000	-16.005	0.782	0.962	
MEPCE	RFC5	RFC5	0.782|0.947|1.037	2.766	0.922	3	0.848|0.890|0.801	0.000	0.000	0.000	0.000	0.000	-16.005	1.091	0.881	
MEPCE	RFC3	RFC3	0.818|0.848|0.868	2.533	0.844	3	0.716|0.933|0.760	0.000	0.000	0.000	0.000	0.000	-15.981	1.058	0.941	
MEPCE	HADHA	HADHA	1.413|1.396|1.337	4.145	1.382	3	1.294|1.524|1.445	0.000	0.000	0.000	0.000	0.000	-16.005	0.975	0.951	
MEPCE	EIF2S3	EIF2S3	1.564|1.553|1.695	4.812	1.604	3	1.345|1.290|1.370	0.000	0.001	0.000	0.001	0.000	-12.391	1.202	0.857	
MEPCE	BUD31	BUD31	1.475|1.588|1.596	4.658	1.553	3	1.987|2.089|2.048	0.000	0.000	0.000	0.000	0.000	-16.005	0.761	0.962	
MEPCE	NAA10	NAA10	0.179|0.270|.	0.848	0.283	3	0.485|0.531|0.366	0.000	0.000	0.000	0.000	0.000	-16.005	0.621	0.967	
MEPCE	GARS1	GARS1	0.429|0.366|0.508	1.303	0.434	3	0.621|0.858|0.553	0.000	0.000	0.000	0.000	0.000	-16.005	0.653	0.953	
MEPCE	IARS1	IARS1	0.842|0.775|0.830	2.447	0.816	3	0.742|0.663|0.731	0.000	0.000	0.000	0.000	0.000	-14.839	1.147	0.899	
MEPCE	ACTR1B	ACTR1B	0.475|1.081|1.031	2.588	0.863	3	0.460|0.443|1.013	0.007	0.013	0.007	0.013	0.007	-12.360	1.460	0.817	
MEPCE	TMPO	TMPO	1.239|1.302|1.196	3.737	1.246	3	1.082|1.226|1.000	0.000	0.000	0.000	0.000	0.000	-15.491	1.134	0.922	
MEPCE	MTREX	MTREX	1.094|2.381|0.987	4.463	1.488	3	0.709|0.682|0.771	0.341	0.966	0.341	0.966	0.341	-3.505	2.067	0.129	
MEPCE	MTOR	MTOR	0.491|0.566|0.590	1.647	0.549	3	1.079|0.637|0.595	0.000	0.000	0.000	0.000	0.000	-16.005	0.739	0.955	
MEPCE	PI4KA	PI4KA	0.709|0.629|0.624	1.962	0.654	3	0.744|0.725|0.649	0.000	0.000	0.000	0.000	0.000	-16.005	0.928	0.947	
MEPCE	EPS15	EPS15	0.619|0.566|0.565	1.750	0.583	3	0.665|0.407|0.410	0.000	0.000	0.000	0.000	0.000	-15.758	1.214	0.933	
MEPCE	RPS27	RPS27	10.232|10.462|10.571	31.264	10.421	3	10.011|10.002|10.493	0.000	0.000	0.000	0.000	0.000	-15.998	1.025	0.941	
MEPCE	NCAPD3	NCAPD3	1.022|0.493|0.751	2.265	0.755	3	0.667|0.710|0.739	0.010	0.029	0.010	0.029	0.010	-16.005	1.072	0.789	
MEPCE	LRPPRC	LRPPRC	2.259|2.402|2.463	7.125	2.375	3	1.954|1.963|1.878	0.000	0.001	0.000	0.001	0.000	-12.132	1.230	0.851	
MEPCE	RPL35	RPL35	9.884|10.282|10.550	30.716	10.239	3	6.567|7.269|6.989	0.029	0.029	0.029	0.029	0.029	-3.505	1.476	0.644	
MEPCE	CDKN2A	CDKN2A	0.934|0.764|0.355	2.053	0.684	3	0.587|0.883|0.507	0.000	0.000	0.000	0.000	0.000	-16.005	1.068	0.902	
MEPCE	SLC1A3	SLC1A3	0.264|0.435|0.388	1.086	0.362	3	0.329|0.389|.	0.000	0.000	0.000	0.000	0.000	-16.005	1.012	0.929	
MEPCE	MATR3	MATR3	0.812|0.736|0.888	2.436	0.812	3	0.834|0.722|0.870	0.000	0.000	0.000	0.000	0.000	-16.005	1.007	0.937	
MEPCE	MSH2	MSH2	0.391|.|0.505	1.294	0.431	3	0.551|0.439|0.494	0.000	0.000	0.000	0.000	0.000	-16.005	0.876	0.966	
MEPCE	SSR1	SSR1	0.714|0.599|0.734	2.046	0.682	3	0.621|0.617|0.648	0.000	0.000	0.000	0.000	0.000	-16.005	1.086	0.907	
MEPCE	RANBP1	RANBP1	0.736|0.877|0.894	2.508	0.836	3	0.698|0.971|0.605	0.000	0.000	0.000	0.000	0.000	-16.005	1.125	0.938	
MEPCE	PSMC4	PSMC4	2.833|2.779|2.847	8.459	2.820	3	2.996|3.246|3.135	0.000	0.000	0.000	0.000	0.000	-16.005	0.903	0.962	
MEPCE	CBX5	CBX5	0.611|0.622|0.709	1.942	0.647	3	0.550|0.770|0.531	0.000	0.000	0.000	0.000	0.000	-16.004	1.065	0.940	
MEPCE	RANGAP1	RANGAP1	1.346|1.414|1.262	4.022	1.341	3	1.313|1.256|1.287	0.000	0.000	0.000	0.000	0.000	-16.005	1.043	0.930	
MEPCE	NOP2	NOP2	1.125|1.090|1.143	3.359	1.120	3	1.378|1.298|1.358	0.000	0.000	0.000	0.000	0.000	-16.005	0.833	0.957	
MEPCE	CRKL	CRKL	0.603|0.460|0.574	1.637	0.546	3	0.682|0.509|0.473	0.000	0.000	0.000	0.000	0.000	-16.005	0.996	0.943	
MEPCE	BAG6	BAG6	2.797|2.533|2.650	7.980	2.660	3	2.307|2.082|2.051	0.003	0.008	0.003	0.008	0.003	-11.631	1.241	0.830	
MEPCE	NSF	NSF	0.667|0.594|1.008	2.269	0.756	3	0.415|0.639|0.557	0.001	0.004	0.001	0.004	0.001	-15.799	1.430	0.838	
MEPCE	BRCC3	BRCC3	1.274|1.298|1.215	3.787	1.262	3	0.921|1.165|1.152	0.000	0.000	0.000	0.000	0.000	-15.353	1.176	0.924	
MEPCE	RPL27A	RPL27A	7.358|7.448|7.739	22.546	7.515	3	3.045|2.993|3.157	0.029	0.029	0.029	0.029	0.029	-3.505	2.453	0.644	
MEPCE	RPL5	RPL5	1.265|1.254|1.256	3.775	1.258	3	1.001|0.945|1.042	0.001	0.001	0.001	0.001	0.001	-7.629	1.264	0.846	
MEPCE	RPL21	RPL21	1.325|1.382|1.422	4.129	1.376	3	0.409|0.149|0.148	0.998	0.999	0.998	0.999	0.998	6.132	6.614	0.000	
MEPCE	RPL28	RPL28	1.404|1.785|.	3.587	1.196	3	0.934|.|.	0.019	0.029	0.019	0.029	0.019	-16.005	1.280	0.724	
MEPCE	RPS9	RPS9	8.835|8.604|8.932	26.371	8.790	3	4.222|4.142|4.100	0.029	0.029	0.029	0.029	0.029	-3.505	2.116	0.644	
MEPCE	RPS5	RPS5	3.107|3.706|2.961	9.773	3.258	3	3.925|3.339|3.232	0.000	0.000	0.000	0.000	0.000	-16.005	0.935	0.942	
MEPCE	RPS10	RPS10	27.774|28.824|29.037	85.635	28.545	3	29.196|26.411|27.806	0.000	0.000	0.000	0.000	0.000	-16.005	1.027	0.940	
MEPCE	MAP1B	MAP1B	0.495|0.956|0.572	2.023	0.674	3	1.043|0.665|0.502	0.000	0.000	0.000	0.000	0.000	-16.005	0.958	0.881	
MEPCE	UTRN	UTRN	0.382|0.514|0.595	1.491	0.497	3	.|.|0.210	0.656	0.998	0.656	0.998	0.656	-7.834	2.363	0.064	
MEPCE	IQGAP1	IQGAP1	1.122|1.265|1.205	3.592	1.197	3	1.301|1.224|1.240	0.000	0.000	0.000	0.000	0.000	-16.005	0.955	0.947	
MEPCE	STT3A	STT3A	0.725|0.864|0.822	2.412	0.804	3	0.669|0.367|0.713	0.000	0.001	0.000	0.001	0.000	-10.216	1.437	0.858	
MEPCE	CAPZA2	CAPZA2	2.463|2.544|1.024	6.030	2.010	3	2.602|2.412|2.579	0.000	0.000	0.000	0.000	0.000	-16.005	0.795	0.947	
MEPCE	CAPZB	CAPZB	1.348|1.420|1.234	4.002	1.334	3	1.319|1.277|1.401	0.000	0.000	0.000	0.000	0.000	-16.005	1.002	0.938	
MEPCE	QARS1	QARS1	0.657|0.701|1.307	2.665	0.888	3	0.636|0.584|0.677	0.010	0.029	0.010	0.029	0.010	-15.796	1.407	0.787	
MEPCE	RPL29	RPL29	1.410|1.150|1.375	3.935	1.312	3	.|.|.	0.675	0.999	0.675	0.999	0.675	-3.505	3.294	0.042	
MEPCE	ATP5PO	ATP5PO	0.914|0.894|1.003	2.812	0.937	3	0.717|0.772|0.761	0.010	0.029	0.010	0.029	0.010	-11.097	1.251	0.773	
MEPCE	ARCN1	ARCN1	2.561|2.570|2.535	7.666	2.555	3	2.488|2.329|2.671	0.000	0.000	0.000	0.000	0.000	-15.958	1.025	0.942	
MEPCE	GCLC	GCLC	0.294|.|.	1.090	0.363	3	.|0.370|.	0.000	0.000	0.000	0.000	0.000	-16.005	0.982	0.968	
MEPCE	PSMD8	PSMD8	2.989|2.966|3.180	9.135	3.045	3	3.161|3.051|3.169	0.000	0.000	0.000	0.000	0.000	-16.005	0.974	0.946	
MEPCE	PRRC2A	PRRC2A	1.117|1.053|1.271	3.441	1.147	3	0.950|0.941|1.091	0.000	0.000	0.000	0.000	0.000	-15.611	1.156	0.879	
MEPCE	CCT5	CCT5	10.016|9.978|10.058	30.052	10.017	3	9.863|10.020|10.073	0.000	0.000	0.000	0.000	0.000	-16.005	1.003	0.947	
MEPCE	KRT6C	KRT6C	0.767|0.653|0.728	2.148	0.716	3	.|.|.	0.029	0.029	0.029	0.029	0.029	-3.505	1.798	0.476	
MEPCE	CSNK1A1	CSNK1A1	1.291|0.786|0.851	2.927	0.976	3	0.754|0.746|0.671	0.010	0.029	0.010	0.029	0.010	-14.901	1.350	0.780	
MEPCE	PITPNB	PITPNB	0.386|0.325|0.377	1.087	0.362	3	0.498|0.435|0.398	0.000	0.000	0.000	0.000	0.000	-16.005	0.820	0.955	
MEPCE	MARCKSL1	MARCKSL1	0.422|0.388|.	1.207	0.402	3	.|.|.	0.000	0.000	0.000	0.000	0.000	-16.005	1.011	0.965	
MEPCE	RPL34	RPL34	2.897|3.108|3.108	9.113	3.038	3	1.119|1.124|0.961	0.273	0.396	0.273	0.396	0.273	-3.505	2.851	0.291	
MEPCE	LMAN1	LMAN1	0.935|0.881|0.799	2.615	0.872	3	0.672|0.684|0.725	0.010	0.029	0.010	0.029	0.010	-12.840	1.257	0.758	
MEPCE	NASP	NASP	2.903|2.728|2.923	8.554	2.851	3	2.850|3.088|3.048	0.000	0.000	0.000	0.000	0.000	-16.005	0.953	0.948	
MEPCE	FASN	FASN	6.495|7.171|7.193	20.859	6.953	3	6.843|6.611|6.552	0.000	0.000	0.000	0.000	0.000	-16.005	1.043	0.931	
MEPCE	CCT3	CCT3	15.023|16.025|15.589	46.638	15.546	3	14.624|14.666|14.674	0.000	0.000	0.000	0.000	0.000	-15.908	1.061	0.930	
MEPCE	TUFM	TUFM	1.450|1.576|1.575	4.601	1.534	3	1.177|1.340|1.304	0.000	0.000	0.000	0.000	0.000	-13.291	1.206	0.868	
MEPCE	SRP9	SRP9	2.483|2.544|2.748	7.775	2.592	3	1.555|1.603|1.569	0.029	0.029	0.029	0.029	0.029	-3.505	1.645	0.642	
MEPCE	SARS1	SARS1	0.443|0.406|0.499	1.348	0.449	3	0.551|0.628|0.480	0.000	0.000	0.000	0.000	0.000	-16.005	0.818	0.956	
MEPCE	PRIM1	PRIM1	0.783|0.694|0.720	2.198	0.733	3	0.681|0.795|0.710	0.000	0.000	0.000	0.000	0.000	-16.005	1.008	0.938	
MEPCE	PRIM2	PRIM2	0.627|0.774|0.838	2.239	0.746	3	0.501|0.590|0.645	0.000	0.000	0.000	0.000	0.000	-15.670	1.297	0.881	
MEPCE	CSNK1D;CSNK1E	CSNK1D;CSNK1E	0.953|0.927|0.901	2.781	0.927	3	0.759|0.646|0.703	0.002	0.006	0.002	0.006	0.002	-8.774	1.321	0.831	
MEPCE	PSMB3	PSMB3	3.081|3.070|3.113	9.265	3.088	3	2.782|2.901|2.889	0.000	0.000	0.000	0.000	0.000	-15.187	1.081	0.927	
MEPCE	PSMB2	PSMB2	4.443|4.048|3.965	12.455	4.152	3	4.227|4.087|4.165	0.000	0.000	0.000	0.000	0.000	-16.005	0.998	0.938	
MEPCE	MCM2	MCM2	5.190|3.690|3.933	12.812	4.271	3	3.727|3.825|4.099	0.010	0.029	0.010	0.029	0.010	-16.005	1.101	0.792	
MEPCE	ACADVL	ACADVL	0.380|.|0.438	1.216	0.405	3	1.203|0.457|0.476	0.000	0.000	0.000	0.000	0.000	-12.612	0.634	0.899	
MEPCE	VPS41	VPS41	0.252|0.382|0.368	1.002	0.334	3	0.401|.|.	0.000	0.000	0.000	0.000	0.000	-16.005	0.833	0.955	
MEPCE	TMED10	TMED10	0.644|.|0.648	1.690	0.563	3	0.158|0.582|0.590	0.011	0.017	0.011	0.017	0.011	-5.848	1.486	0.751	
MEPCE	RBM25	RBM25	1.080|1.249|1.154	3.484	1.161	3	1.042|1.042|1.127	0.000	0.000	0.000	0.000	0.000	-15.989	1.086	0.909	
MEPCE	NUMB	NUMB	0.743|0.657|0.750	2.150	0.717	3	.|0.582|0.563	0.000	0.000	0.000	0.000	0.000	-14.674	1.253	0.891	
MEPCE	CLK3	CLK3	0.542|.|0.538	1.478	0.493	3	.|.|.	0.019	0.029	0.019	0.029	0.019	-16.005	1.237	0.714	
MEPCE	EIF2B2	EIF2B2	1.195|1.283|1.151	3.629	1.210	3	1.115|1.113|1.163	0.000	0.000	0.000	0.000	0.000	-15.952	1.071	0.920	
MEPCE	NUP153	NUP153	1.509|1.588|1.470	4.567	1.522	3	0.685|0.534|1.627	0.016	0.021	0.016	0.021	0.016	-4.325	1.809	0.729	
MEPCE	RANBP2	RANBP2	0.895|1.256|1.304	3.455	1.152	3	0.870|0.777|0.918	0.019	0.029	0.019	0.029	0.019	-15.765	1.350	0.705	
MEPCE	MRE11	MRE11	0.944|1.079|0.996	3.019	1.006	3	0.857|0.869|0.854	0.000	0.000	0.000	0.000	0.000	-14.625	1.171	0.865	
MEPCE	IDH3A	IDH3A	0.602|0.538|0.695	1.835	0.612	3	0.566|0.525|0.532	0.001	0.002	0.001	0.002	0.001	-16.005	1.132	0.843	
MEPCE	EMD	EMD	0.647|0.537|0.492	1.676	0.559	3	0.300|0.177|0.205	0.739	0.999	0.739	0.999	0.739	-0.581	2.522	0.019	
MEPCE	ST13	ST13	0.668|0.834|0.743	2.246	0.749	3	0.991|1.023|1.074	0.000	0.000	0.000	0.000	0.000	-16.005	0.728	0.957	
MEPCE	PEX5	PEX5	0.369|.|.	1.165	0.388	3	.|0.298|0.276	0.000	0.000	0.000	0.000	0.000	-13.974	1.353	0.928	
MEPCE	DNM2	DNM2	0.841|0.721|0.699	2.261	0.754	3	0.823|0.701|0.762	0.000	0.000	0.000	0.000	0.000	-16.005	0.991	0.933	
MEPCE	KNTC1	KNTC1	0.747|0.887|0.779	2.413	0.804	3	0.463|0.768|0.740	0.000	0.000	0.000	0.000	0.000	-15.782	1.255	0.917	
MEPCE	CDK9	CDK9	9.567|9.546|9.915	29.028	9.676	3	1.315|1.271|2.911	1.000	1.000	1.000	1.000	1.000	8.595	5.711	0.000	
MEPCE	LRBA	LRBA	0.616|0.781|0.752	2.149	0.716	3	0.746|0.804|0.690	0.000	0.000	0.000	0.000	0.000	-16.005	0.961	0.942	
MEPCE	PPT1	PPT1	0.414|0.391|.	1.204	0.401	3	.|.|.	0.000	0.000	0.000	0.000	0.000	-16.005	1.008	0.965	
MEPCE	RPL14	RPL14	2.887|2.990|2.927	8.804	2.935	3	0.825|0.758|0.987	1.000	1.000	1.000	1.000	1.000	7.868	3.446	0.000	
MEPCE	CCT8	CCT8	12.832|13.745|14.578	41.155	13.718	3	13.425|13.784|13.792	0.000	0.000	0.000	0.000	0.000	-16.005	1.004	0.938	
MEPCE	CCT4	CCT4	15.538|16.595|17.390	49.523	16.508	3	14.911|15.520|15.959	0.000	0.000	0.000	0.000	0.000	-16.000	1.068	0.922	
MEPCE	FXR1	FXR1	1.626|1.446|1.668	4.740	1.580	3	1.153|1.077|1.044	0.029	0.029	0.029	0.029	0.029	-3.505	1.449	0.554	
MEPCE	FXR2	FXR2	0.570|.|0.651	1.619	0.540	3	.|.|.	0.019	0.029	0.019	0.029	0.019	-16.005	1.355	0.714	
MEPCE	RAB5C	RAB5C	1.465|1.543|1.503	4.511	1.504	3	1.650|1.652|1.674	0.000	0.000	0.000	0.000	0.000	-16.005	0.907	0.948	
MEPCE	RAB7A	RAB7A	1.273|1.327|1.336	3.936	1.312	3	1.326|1.463|1.338	0.000	0.000	0.000	0.000	0.000	-16.005	0.954	0.957	
MEPCE	RAB9A	RAB9A	0.850|0.925|0.846	2.621	0.874	3	0.794|0.829|0.810	0.000	0.000	0.000	0.000	0.000	-15.728	1.077	0.918	
MEPCE	RAB13	RAB13	3.039|3.081|3.036	9.156	3.052	3	3.259|3.053|3.106	0.000	0.000	0.000	0.000	0.000	-16.005	0.973	0.962	
MEPCE	DAP3	DAP3	0.559|0.427|0.949	1.935	0.645	3	0.417|0.370|0.287	0.332	0.997	0.332	0.997	0.332	-15.261	1.825	0.239	
MEPCE	SSR4	SSR4	0.841|0.801|0.857	2.499	0.833	3	0.747|0.837|0.730	0.000	0.000	0.000	0.000	0.000	-15.786	1.082	0.925	
MEPCE	BCAP31	BCAP31	1.231|1.164|0.984	3.379	1.126	3	1.055|1.194|0.998	0.000	0.000	0.000	0.000	0.000	-16.005	1.044	0.928	
MEPCE	HCFC1	HCFC1	0.921|0.791|0.877	2.589	0.863	3	0.719|0.916|0.812	0.000	0.000	0.000	0.000	0.000	-16.005	1.063	0.935	
MEPCE	IRAK1	IRAK1	0.605|0.530|0.541	1.676	0.559	3	0.741|0.684|0.537	0.000	0.000	0.000	0.000	0.000	-16.005	0.862	0.956	
MEPCE	ALDH3A2	ALDH3A2	0.655|0.620|0.572	1.847	0.616	3	0.516|0.514|0.518	0.000	0.001	0.000	0.001	0.000	-14.359	1.193	0.857	
MEPCE	HSD17B4	HSD17B4	0.798|0.843|0.930	2.571	0.857	3	1.056|1.088|1.176	0.000	0.000	0.000	0.000	0.000	-16.005	0.775	0.957	
MEPCE	PSMD7	PSMD7	1.344|1.457|1.445	4.246	1.415	3	1.575|1.700|1.670	0.000	0.000	0.000	0.000	0.000	-16.005	0.859	0.948	
MEPCE	USP11	USP11	1.207|1.316|1.199	3.723	1.241	3	0.612|0.610|0.621	0.029	0.029	0.029	0.029	0.029	-3.505	2.019	0.554	
MEPCE	VAMP7	VAMP7	0.400|0.397|0.428	1.225	0.408	3	0.246|0.324|0.316	0.000	0.000	0.000	0.000	0.000	-13.029	1.392	0.898	
MEPCE	HDGF	HDGF	0.451|.|0.440	1.289	0.430	3	.|0.369|0.477	0.000	0.000	0.000	0.000	0.000	-16.005	1.024	0.965	
MEPCE	UBE2E1;UBE2E2;UBE2E3	UBE2E1;UBE2E2;UBE2E3	1.248|1.527|1.242	4.017	1.339	3	1.459|1.494|1.402	0.000	0.000	0.000	0.000	0.000	-16.005	0.923	0.941	
MEPCE	NDUFA8	NDUFA8	0.552|.|0.702	1.652	0.551	3	.|.|.	0.019	0.029	0.019	0.029	0.019	-16.005	1.383	0.714	
MEPCE	HNRNPA3	HNRNPA3	1.539|1.536|1.584	4.660	1.553	3	0.843|0.837|0.963	0.029	0.029	0.029	0.029	0.029	-3.505	1.766	0.554	
MEPCE	PGD	PGD	0.458|0.512|0.531	1.501	0.500	3	0.784|0.726|0.819	0.000	0.000	0.000	0.000	0.000	-16.005	0.646	0.957	
MEPCE	HNRNPM	HNRNPM	5.843|5.594|5.607	17.044	5.681	3	4.753|4.194|4.570	0.002	0.005	0.002	0.005	0.002	-8.550	1.263	0.833	
MEPCE	KPNA2	KPNA2	7.128|7.242|7.300	21.670	7.223	3	2.017|2.058|1.975	0.999	0.999	0.999	0.999	0.999	6.599	3.583	0.000	
MEPCE	NCBP2	NCBP2	0.334|.|.	1.130	0.377	3	.|.|.	0.000	0.000	0.000	0.000	0.000	-16.005	0.946	0.970	
MEPCE	HNRNPF	HNRNPF	1.923|1.903|1.862	5.689	1.896	3	1.875|1.777|1.996	0.000	0.000	0.000	0.000	0.000	-16.005	1.008	0.945	
MEPCE	MSH6	MSH6	0.541|0.597|0.500	1.638	0.546	3	1.108|0.615|0.449	0.000	0.000	0.000	0.000	0.000	-13.610	0.811	0.900	
MEPCE	KIF11	KIF11	2.944|3.059|2.994	8.998	2.999	3	2.850|2.867|2.810	0.000	0.000	0.000	0.000	0.000	-15.809	1.055	0.933	
MEPCE	MRPL12	MRPL12	0.462|0.585|1.209	2.256	0.752	3	0.585|0.406|0.291	0.319	0.956	0.319	0.956	0.319	-13.329	1.831	0.266	
MEPCE	CAPZA1	CAPZA1	1.336|1.371|1.515	4.221	1.407	3	1.162|1.390|1.316	0.000	0.000	0.000	0.000	0.000	-15.874	1.094	0.921	
MEPCE	NUP98	NUP98	0.518|0.493|0.423	1.433	0.478	3	1.276|0.450|0.288	0.002	0.002	0.002	0.002	0.002	-6.995	0.870	0.835	
MEPCE	ACLY	ACLY	4.688|4.436|4.576	13.700	4.567	3	5.201|4.479|4.594	0.000	0.000	0.000	0.000	0.000	-16.005	0.962	0.962	
MEPCE	COPB1	COPB1	3.880|3.885|4.003	11.769	3.923	3	3.723|3.755|3.707	0.000	0.000	0.000	0.000	0.000	-15.754	1.052	0.934	
MEPCE	COPA	COPA	3.261|3.508|3.547	10.316	3.439	3	3.190|3.065|3.009	0.000	0.000	0.000	0.000	0.000	-15.533	1.114	0.912	
MEPCE	AP2S1	AP2S1	1.299|1.375|1.310	3.985	1.328	3	1.369|1.602|1.458	0.000	0.000	0.000	0.000	0.000	-16.005	0.901	0.953	
MEPCE	POLR2K	POLR2K	1.807|.|1.853	4.058	1.353	3	.|.|2.000	0.000	0.000	0.000	0.000	0.000	-16.005	0.676	0.968	
MEPCE	SLC16A1	SLC16A1	1.527|1.564|1.600	4.691	1.564	3	1.246|1.266|1.240	0.001	0.002	0.001	0.002	0.001	-9.728	1.251	0.847	
MEPCE	SUB1	SUB1	35.310|39.119|37.629	112.058	37.353	3	37.457|36.744|38.990	0.000	0.000	0.000	0.000	0.000	-16.005	0.990	0.943	
MEPCE	CLNS1A	CLNS1A	11.175|11.011|11.234	33.419	11.140	3	11.409|11.107|11.767	0.000	0.000	0.000	0.000	0.000	-16.005	0.975	0.962	
MEPCE	RARS1	RARS1	0.945|0.968|1.043	2.956	0.985	3	0.865|0.957|0.869	0.000	0.000	0.000	0.000	0.000	-15.559	1.100	0.910	
MEPCE	YARS1	YARS1	0.598|0.437|0.470	1.505	0.502	3	0.861|0.927|0.944	0.000	0.000	0.000	0.000	0.000	-16.005	0.551	0.957	
MEPCE	ATP1B3	ATP1B3	1.113|0.997|1.211	3.321	1.107	3	1.030|0.884|0.940	0.000	0.000	0.000	0.000	0.000	-15.702	1.166	0.872	
MEPCE	ALDH18A1	ALDH18A1	1.041|1.009|1.100	3.149	1.050	3	0.987|0.917|1.154	0.000	0.000	0.000	0.000	0.000	-16.005	1.035	0.941	
MEPCE	EIF5	EIF5	0.773|0.716|0.986	2.475	0.825	3	0.806|0.753|0.845	0.000	0.000	0.000	0.000	0.000	-16.005	1.031	0.878	
MEPCE	PSMD4	PSMD4	0.800|0.895|0.812	2.507	0.836	3	0.739|1.009|0.801	0.000	0.000	0.000	0.000	0.000	-16.005	0.992	0.945	
MEPCE	CSE1L	CSE1L	4.900|4.898|4.826	14.623	4.874	3	4.193|4.362|4.405	0.000	0.000	0.000	0.000	0.000	-14.073	1.129	0.913	
MEPCE	VCP	VCP	9.124|9.495|9.702	28.322	9.441	3	8.353|8.441|8.604	0.000	0.000	0.000	0.000	0.000	-15.121	1.115	0.914	
MEPCE	MFAP1	MFAP1	2.384|1.844|1.806	6.034	2.011	3	1.766|2.784|2.531	0.000	0.000	0.000	0.000	0.000	-16.005	0.868	0.947	
MEPCE	HADHB	HADHB	1.239|1.269|1.331	3.839	1.280	3	1.030|1.132|1.327	0.000	0.000	0.000	0.000	0.000	-15.788	1.106	0.933	
MEPCE	MANF	MANF	1.331|1.392|1.152	3.875	1.292	3	1.255|1.386|1.402	0.000	0.000	0.000	0.000	0.000	-16.005	0.960	0.944	
MEPCE	AFDN	AFDN	0.466|0.991|0.432	1.890	0.630	3	.|0.606|.	0.010	0.029	0.010	0.029	0.010	-16.005	1.041	0.795	
MEPCE	NAP1L1	NAP1L1	2.255|2.267|2.286	6.808	2.269	3	2.381|2.328|2.004	0.000	0.000	0.000	0.000	0.000	-15.995	1.017	0.945	
MEPCE	SEC13	SEC13	0.875|0.890|0.760	2.525	0.842	3	0.846|0.834|0.678	0.000	0.000	0.000	0.000	0.000	-16.005	1.076	0.933	
MEPCE	SNU13	SNU13	2.604|2.654|2.538	7.796	2.599	3	0.887|0.926|.	0.048	0.085	0.048	0.085	0.048	-3.505	2.868	0.419	
MEPCE	SUMO2;SUMO3;SUMO4	SUMO2;SUMO3;SUMO4	0.423|0.566|0.499	1.489	0.496	3	0.535|0.508|0.558	0.000	0.000	0.000	0.000	0.000	-16.005	0.930	0.939	
MEPCE	EIF3B	EIF3B	2.326|2.274|2.326	6.926	2.309	3	1.978|2.002|1.856	0.000	0.000	0.000	0.000	0.000	-12.139	1.187	0.889	
MEPCE	RRP1	RRP1	0.500|0.333|0.303	1.136	0.379	3	0.278|0.202|0.124	0.161	0.475	0.161	0.475	0.161	-6.434	1.984	0.341	
MEPCE	MARS1	MARS1	0.839|0.892|0.920	2.651	0.884	3	0.719|0.882|0.946	0.000	0.000	0.000	0.000	0.000	-16.005	1.048	0.941	
MEPCE	ARPP19	ARPP19	0.821|0.766|0.809	2.396	0.799	3	1.076|.|.	0.000	0.000	0.000	0.000	0.000	-16.005	0.742	0.951	
MEPCE	MAZ	MAZ	1.860|1.999|1.971	5.831	1.944	3	1.330|1.506|1.401	0.026	0.029	0.026	0.029	0.026	-3.955	1.378	0.676	
MEPCE	AP1S2	AP1S2	0.332|.|0.300	1.030	0.343	3	0.389|0.410|0.297	0.000	0.000	0.000	0.000	0.000	-16.005	0.950	0.967	
MEPCE	ATP5ME	ATP5ME	1.159|1.271|1.380	3.809	1.270	3	0.513|.|0.491	0.228	0.626	0.228	0.626	0.228	-3.505	2.530	0.316	
MEPCE	EIF6	EIF6	0.777|0.830|0.840	2.447	0.816	3	0.763|0.675|0.607	0.000	0.000	0.000	0.000	0.000	-14.945	1.202	0.915	
MEPCE	NDUFA6	NDUFA6	0.778|0.766|0.797	2.341	0.780	3	0.472|0.563|0.619	0.000	0.000	0.000	0.000	0.000	-11.539	1.424	0.886	
MEPCE	TMEM33	TMEM33	1.902|1.826|1.978	5.706	1.902	3	1.376|1.368|1.554	0.015	0.029	0.015	0.029	0.015	-7.279	1.330	0.733	
MEPCE	NUP107	NUP107	1.326|1.158|1.019	3.503	1.168	3	1.014|1.135|1.090	0.000	0.000	0.000	0.000	0.000	-16.005	1.083	0.879	
MEPCE	EPPK1	EPPK1	6.685|7.188|3.195	17.068	5.689	3	6.915|7.216|7.260	0.000	0.000	0.000	0.000	0.000	-16.005	0.798	0.947	
MEPCE	YBEY	YBEY	3.023|2.914|3.030	8.968	2.989	3	1.023|1.218|1.033	0.159	0.234	0.159	0.234	0.159	-3.490	2.748	0.344	
MEPCE	RAB15	RAB15	1.806|2.070|2.008	5.884	1.961	3	1.828|1.882|1.996	0.000	0.000	0.000	0.000	0.000	-16.005	1.032	0.931	
MEPCE	ARPC4	ARPC4	0.917|0.829|0.825	2.570	0.857	3	0.798|1.030|0.952	0.000	0.000	0.000	0.000	0.000	-16.005	0.930	0.952	
MEPCE	EIF3E	EIF3E	2.845|2.799|2.802	8.446	2.815	3	2.135|2.474|2.423	0.000	0.000	0.000	0.000	0.000	-12.202	1.204	0.895	
MEPCE	SEC61B	SEC61B	0.731|0.963|0.781	2.476	0.825	3	0.706|0.811|0.774	0.000	0.000	0.000	0.000	0.000	-16.005	1.083	0.865	
MEPCE	PPP4C	PPP4C	0.616|0.672|0.672	1.960	0.653	3	0.613|0.630|0.783	0.000	0.000	0.000	0.000	0.000	-16.005	0.974	0.948	
MEPCE	MYL6	MYL6	5.470|5.545|5.473	16.488	5.496	3	5.371|5.475|5.756	0.000	0.000	0.000	0.000	0.000	-16.005	0.994	0.948	
MEPCE	EIF4A1	EIF4A1	0.956|0.808|0.921	2.684	0.895	3	1.166|1.029|1.137	0.000	0.000	0.000	0.000	0.000	-16.005	0.807	0.957	
MEPCE	RPS20	RPS20	7.853|8.310|8.390	24.553	8.184	3	6.884|7.097|7.058	0.000	0.000	0.000	0.000	0.000	-13.991	1.167	0.893	
MEPCE	PRPS1	PRPS1	0.427|0.483|.	1.309	0.436	3	0.492|.|0.488	0.000	0.000	0.000	0.000	0.000	-16.005	0.889	0.966	
MEPCE	PSMA6	PSMA6	3.043|2.929|3.025	8.997	2.999	3	2.602|2.615|2.457	0.000	0.000	0.000	0.000	0.000	-13.113	1.173	0.894	
MEPCE	S100A10	S100A10	0.206|0.240|.	0.844	0.281	3	.|.|.	0.000	0.000	0.000	0.000	0.000	-16.005	0.706	0.967	
MEPCE	CDC42	CDC42	0.603|0.573|0.550	1.726	0.575	3	0.528|0.573|0.418	0.000	0.000	0.000	0.000	0.000	-15.771	1.146	0.932	
MEPCE	DSTN	DSTN	0.608|0.894|0.502	2.004	0.668	3	0.706|0.603|0.661	0.004	0.012	0.004	0.012	0.004	-16.005	1.019	0.824	
MEPCE	SRP54	SRP54	0.800|0.639|0.773	2.211	0.737	3	0.742|0.775|0.815	0.000	0.000	0.000	0.000	0.000	-16.005	0.949	0.944	
MEPCE	RAB2A	RAB2A	0.223|0.374|0.178	0.774	0.258	3	0.435|.|0.470	0.000	0.000	0.000	0.000	0.000	-16.005	0.571	0.954	
MEPCE	RAB10	RAB10	0.767|0.685|0.742	2.194	0.731	3	0.827|0.710|0.579	0.000	0.000	0.000	0.000	0.000	-16.005	1.048	0.942	
MEPCE	UBE2M	UBE2M	0.530|0.540|0.605	1.675	0.558	3	0.758|0.784|0.767	0.000	0.000	0.000	0.000	0.000	-16.005	0.725	0.957	
MEPCE	UBE2N	UBE2N	0.658|0.820|0.911	2.388	0.796	3	0.788|0.934|0.853	0.000	0.000	0.000	0.000	0.000	-16.005	0.930	0.941	
MEPCE	RAB14	RAB14	0.520|0.593|0.475	1.589	0.530	3	0.490|0.409|.	0.000	0.000	0.000	0.000	0.000	-15.812	1.184	0.905	
MEPCE	ACTR3	ACTR3	0.296|0.440|0.326	1.062	0.354	3	0.673|0.587|0.596	0.000	0.000	0.000	0.000	0.000	-16.005	0.573	0.955	
MEPCE	ACTR2	ACTR2	0.761|0.888|1.709	3.358	1.119	3	0.902|0.919|1.207	0.000	0.000	0.000	0.000	0.000	-16.005	1.119	0.866	
MEPCE	ACTR1A	ACTR1A	1.926|2.133|2.151	6.210	2.070	3	1.973|1.935|2.170	0.000	0.000	0.000	0.000	0.000	-16.005	1.023	0.936	
MEPCE	COPS2	COPS2	1.227|1.222|1.362	3.811	1.270	3	1.396|1.353|1.372	0.000	0.000	0.000	0.000	0.000	-16.005	0.925	0.957	
MEPCE	ARF1;ARF3	ARF1;ARF3	2.321|2.005|2.020	6.346	2.115	3	1.992|1.976|2.183	0.000	0.000	0.000	0.000	0.000	-16.005	1.033	0.921	
MEPCE	POLR2F	POLR2F	0.548|0.598|0.630	1.776	0.592	3	0.380|.|.	0.004	0.010	0.004	0.010	0.004	-10.058	1.559	0.825	
MEPCE	ABCE1	ABCE1	1.092|1.193|1.229	3.514	1.171	3	0.958|1.027|0.921	0.000	0.001	0.000	0.001	0.000	-13.704	1.210	0.856	
MEPCE	RAP1B	RAP1B	0.438|.|0.528	1.364	0.455	3	0.260|.|0.383	0.001	0.002	0.001	0.002	0.001	-14.041	1.442	0.850	
MEPCE	RPS3A	RPS3A	6.721|6.813|6.961	20.495	6.832	3	2.504|2.467|2.387	0.029	0.029	0.029	0.029	0.029	-3.505	2.786	0.644	
MEPCE	RPL26	RPL26	5.905|5.934|5.974	17.813	5.938	3	2.353|2.431|2.357	0.029	0.029	0.029	0.029	0.029	-3.505	2.495	0.638	
MEPCE	PSME3	PSME3	8.312|8.346|8.627	25.285	8.428	3	2.347|2.433|2.204	0.999	1.000	0.999	1.000	0.999	6.995	3.623	0.000	
MEPCE	RPL15	RPL15	2.510|2.516|2.440	7.466	2.489	3	0.513|0.732|0.692	1.000	1.000	1.000	1.000	1.000	8.953	3.900	0.000	
MEPCE	RPL27	RPL27	3.337|3.389|3.220	9.946	3.315	3	1.269|1.254|1.166	0.029	0.029	0.029	0.029	0.029	-3.505	2.698	0.554	
MEPCE	RPL37A	RPL37A	0.713|0.524|0.605	1.842	0.614	3	0.369|0.383|0.421	0.029	0.029	0.029	0.029	0.029	-3.505	1.573	0.476	
MEPCE	HSPE1	HSPE1	0.260|0.302|0.386	0.948	0.316	3	0.237|1.119|1.102	0.000	0.001	0.000	0.001	0.000	-8.588	0.476	0.851	
MEPCE	SEC61A1	SEC61A1	2.282|2.258|2.394	6.934	2.311	3	1.586|1.801|1.839	0.006	0.018	0.006	0.018	0.006	-8.009	1.330	0.818	
MEPCE	VBP1	VBP1	0.392|0.450|0.377	1.219	0.406	3	0.546|0.525|0.484	0.000	0.000	0.000	0.000	0.000	-16.005	0.785	0.957	
MEPCE	COPZ1	COPZ1	2.334|2.262|2.192	6.789	2.263	3	2.474|2.330|2.282	0.000	0.000	0.000	0.000	0.000	-16.005	0.959	0.962	
MEPCE	RPL37	RPL37	0.688|0.719|.	1.805	0.602	3	.|0.249|0.314	0.595	0.947	0.595	0.947	0.595	-12.054	2.155	0.079	
MEPCE	DCAF7	DCAF7	0.706|0.729|0.607	2.042	0.681	3	0.900|0.800|0.753	0.000	0.000	0.000	0.000	0.000	-16.005	0.835	0.956	
MEPCE	HNRNPK	HNRNPK	4.365|4.671|4.761	13.797	4.599	3	5.546|5.313|5.136	0.000	0.000	0.000	0.000	0.000	-16.005	0.863	0.962	
MEPCE	YWHAG	YWHAG	9.071|0.694|0.678	10.444	3.481	3	0.531|0.468|0.511	0.353	1.000	0.353	1.000	0.353	-3.505	6.930	0.104	
MEPCE	RPS7	RPS7	8.329|9.051|8.919	26.299	8.766	3	5.994|5.698|6.041	0.029	0.029	0.029	0.029	0.029	-3.505	1.484	0.445	
MEPCE	PPP1CA	PPP1CA	0.674|0.871|0.739	2.284	0.761	3	0.723|0.646|0.720	0.000	0.000	0.000	0.000	0.000	-16.005	1.095	0.868	
MEPCE	PPP1CB	PPP1CB	0.868|0.806|0.825	2.499	0.833	3	0.540|0.455|0.782	0.000	0.000	0.000	0.000	0.000	-13.300	1.443	0.897	
MEPCE	PSMC1	PSMC1	2.008|1.921|2.173	6.102	2.034	3	2.213|2.069|2.256	0.000	0.000	0.000	0.000	0.000	-16.005	0.934	0.962	
MEPCE	PSMC5	PSMC5	2.501|2.622|2.618	7.741	2.580	3	2.762|3.061|2.766	0.000	0.000	0.000	0.000	0.000	-16.005	0.902	0.962	
MEPCE	RPS8	RPS8	2.996|3.141|3.256	9.392	3.131	3	1.406|1.437|1.346	0.029	0.029	0.029	0.029	0.029	-3.505	2.243	0.667	
MEPCE	RPS15A	RPS15A	9.492|9.438|9.721	28.652	9.551	3	4.939|4.864|5.018	0.029	0.029	0.029	0.029	0.029	-3.505	1.933	0.644	
MEPCE	RPS16	RPS16	18.752|20.434|20.413	59.600	19.867	3	14.862|15.080|15.000	0.020	0.029	0.020	0.029	0.020	-8.079	1.326	0.694	
MEPCE	YWHAE	YWHAE	4.423|4.309|3.981	12.713	4.238	3	3.396|3.390|3.325	0.005	0.012	0.005	0.012	0.005	-11.647	1.257	0.823	
MEPCE	RPS14	RPS14	9.353|9.208|9.338	27.899	9.300	3	6.077|6.077|6.028	0.029	0.029	0.029	0.029	0.029	-3.505	1.534	0.445	
MEPCE	RPS23	RPS23	5.386|5.838|5.800	17.024	5.675	3	4.212|3.920|4.054	0.029	0.029	0.029	0.029	0.029	-3.505	1.398	0.644	
MEPCE	RPS18	RPS18	27.224|27.202|28.442	82.869	27.623	3	20.497|20.814|21.565	0.013	0.029	0.013	0.029	0.013	-5.301	1.318	0.742	
MEPCE	RPS29	RPS29	17.998|18.778|19.096	55.872	18.624	3	16.036|16.441|16.672	0.000	0.000	0.000	0.000	0.000	-14.611	1.137	0.906	
MEPCE	RPS13	RPS13	11.312|11.204|11.104	33.620	11.207	3	4.853|5.101|4.838	0.029	0.029	0.029	0.029	0.029	-3.505	2.274	0.644	
MEPCE	RPS11	RPS11	9.225|9.097|9.373	27.696	9.232	3	4.398|4.839|4.629	0.029	0.029	0.029	0.029	0.029	-3.505	1.999	0.644	
MEPCE	SNRPE	SNRPE	1.895|1.883|1.969	5.747	1.916	3	1.711|1.651|1.780	0.000	0.000	0.000	0.000	0.000	-14.602	1.118	0.914	
MEPCE	SNRPF	SNRPF	0.209|.|0.274	0.881	0.294	3	0.286|0.207|0.274	0.000	0.000	0.000	0.000	0.000	-16.005	1.161	0.965	
MEPCE	LSM3	LSM3	5.386|5.376|5.570	16.331	5.444	3	0.985|0.957|1.079	1.000	1.000	1.000	1.000	1.000	8.971	5.413	0.000	
MEPCE	LSM6	LSM6	3.213|3.333|3.361	9.908	3.303	3	0.554|0.579|0.543	1.000	1.000	1.000	1.000	1.000	8.878	5.914	0.000	
MEPCE	SNRPD1	SNRPD1	2.157|2.290|2.223	6.670	2.223	3	1.631|1.677|1.844	0.011	0.029	0.011	0.029	0.011	-7.723	1.297	0.749	
MEPCE	SNRPD2	SNRPD2	2.334|2.212|2.159	6.705	2.235	3	1.968|1.929|1.962	0.000	0.000	0.000	0.000	0.000	-14.429	1.144	0.897	
MEPCE	SNRPD3	SNRPD3	28.181|27.626|26.644	82.451	27.484	3	25.336|25.436|25.092	0.000	0.000	0.000	0.000	0.000	-15.575	1.087	0.923	
MEPCE	ARF6	ARF6	0.785|0.754|0.904	2.443	0.814	3	0.791|0.704|0.463	0.000	0.000	0.000	0.000	0.000	-15.733	1.280	0.912	
MEPCE	PSMC6	PSMC6	1.671|1.662|1.729	5.061	1.687	3	0.940|1.725|1.833	0.000	0.000	0.000	0.000	0.000	-11.863	1.173	0.893	
MEPCE	RPL7A	RPL7A	2.229|2.183|2.222	6.634	2.211	3	0.845|0.771|0.840	0.029	0.029	0.029	0.029	0.029	-3.505	2.703	0.554	
MEPCE	POLR2G	POLR2G	0.639|.|0.500	1.538	0.513	3	0.495|0.366|0.535	0.000	0.000	0.000	0.000	0.000	-16.005	1.116	0.926	
MEPCE	ETF1	ETF1	0.488|0.166|0.571	1.225	0.408	3	0.623|0.579|0.635	0.000	0.000	0.000	0.000	0.000	-16.005	0.668	0.957	
MEPCE	RPS4X	RPS4X	9.716|10.196|9.953	29.865	9.955	3	6.486|6.893|7.121	0.029	0.029	0.029	0.029	0.029	-3.505	1.458	0.554	
MEPCE	PPP2CA;PPP2CB	PPP2CA;PPP2CB	1.221|1.306|1.262	3.789	1.263	3	1.476|1.494|1.618	0.000	0.000	0.000	0.000	0.000	-16.005	0.826	0.957	
MEPCE	RPL23A	RPL23A	5.161|5.001|5.068	15.230	5.077	3	3.396|3.700|3.606	0.029	0.029	0.029	0.029	0.029	-3.505	1.424	0.644	
MEPCE	RPS6	RPS6	5.046|5.124|5.103	15.273	5.091	3	2.612|2.832|2.955	0.029	0.029	0.029	0.029	0.029	-3.505	1.821	0.644	
MEPCE	H4C1	H4C1	3.853|4.126|3.749	11.728	3.909	3	4.302|4.298|3.849	0.000	0.000	0.000	0.000	0.000	-16.005	0.943	0.962	
MEPCE	RAN	RAN	3.140|3.392|3.345	9.877	3.292	3	2.875|3.017|3.149	0.000	0.000	0.000	0.000	0.000	-15.732	1.093	0.919	
MEPCE	RPL23	RPL23	17.832|18.295|18.220	54.348	18.116	3	16.696|15.650|16.264	0.000	0.000	0.000	0.000	0.000	-14.551	1.118	0.916	
MEPCE	RAP1A	RAP1A	1.689|1.824|1.693	5.206	1.735	3	1.179|1.184|1.197	0.029	0.029	0.029	0.029	0.029	-3.505	1.462	0.554	
MEPCE	RPS15	RPS15	3.711|3.324|3.637	10.672	3.557	3	2.008|2.358|2.369	0.029	0.029	0.029	0.029	0.029	-3.505	1.589	0.635	
MEPCE	RPS24	RPS24	5.355|5.215|5.327	15.897	5.299	3	4.332|4.380|4.286	0.000	0.000	0.000	0.000	0.000	-10.602	1.223	0.870	
MEPCE	RPS25	RPS25	56.751|58.089|78.874	193.713	64.571	3	51.423|68.179|67.270	0.000	0.000	0.000	0.000	0.000	-16.005	1.045	0.927	
MEPCE	RPS26	RPS26	8.498|8.693|8.990	26.181	8.727	3	5.165|5.331|5.477	0.029	0.029	0.029	0.029	0.029	-3.505	1.640	0.445	
MEPCE	RPS28	RPS28	12.880|12.321|12.172	37.373	12.458	3	13.163|12.783|12.402	0.000	0.000	0.000	0.000	0.000	-16.005	0.975	0.947	
MEPCE	FAU	FAU	44.023|44.588|42.695	131.306	43.769	3	40.347|40.121|39.634	0.000	0.000	0.000	0.000	0.000	-15.353	1.093	0.922	
MEPCE	POLR2L	POLR2L	1.216|1.248|1.330	3.794	1.265	3	1.232|1.161|1.195	0.000	0.000	0.000	0.000	0.000	-15.963	1.057	0.927	
MEPCE	GNB1;GNB2	GNB1;GNB2	1.622|1.959|1.587	5.169	1.723	3	1.185|1.305|1.285	0.011	0.029	0.011	0.029	0.011	-7.469	1.370	0.752	
MEPCE	RPL30	RPL30	1.170|1.253|1.127	3.550	1.183	3	0.411|0.537|0.479	0.441	0.873	0.441	0.873	0.441	-2.194	2.503	0.090	
MEPCE	RPL39;RPL39P5	RPL39;RPL39P5	3.963|3.915|3.622	11.501	3.834	3	3.119|2.737|2.604	0.001	0.003	0.001	0.003	0.001	-10.469	1.364	0.835	
MEPCE	RPL31	RPL31	8.283|7.999|8.410	24.692	8.231	3	3.324|3.840|3.838	0.029	0.029	0.029	0.029	0.029	-3.505	2.250	0.549	
MEPCE	RPL10A	RPL10A	1.486|1.771|1.776	5.034	1.678	3	.|0.684|0.269	1.000	1.000	1.000	1.000	1.000	7.951	3.912	0.000	
MEPCE	RPL32	RPL32	1.642|1.552|1.945	5.139	1.713	3	.|.|.	1.000	1.000	1.000	1.000	1.000	8.887	4.302	0.000	
MEPCE	RPL11	RPL11	8.532|8.601|8.840	25.973	8.658	3	4.420|4.785|4.519	0.029	0.029	0.029	0.029	0.029	-3.505	1.893	0.644	
MEPCE	RPL8	RPL8	2.823|3.134|3.072	9.029	3.010	3	0.964|1.004|1.178	0.710	0.970	0.710	0.970	0.710	-1.248	2.881	0.022	
MEPCE	PPIA	PPIA	2.602|2.871|2.898	8.371	2.790	3	3.233|3.373|3.156	0.000	0.000	0.000	0.000	0.000	-16.005	0.858	0.948	
MEPCE	RPS27A;UBA52;UBB;UBC	RPS27A;UBA52;UBB;UBC	1.098|0.928|0.742	2.768	0.923	3	1.055|0.959|0.877	0.000	0.000	0.000	0.000	0.000	-16.005	0.961	0.929	
MEPCE	TRA2B	TRA2B	1.296|0.934|1.094	3.323	1.108	3	0.951|0.702|0.958	0.000	0.000	0.000	0.000	0.000	-15.851	1.285	0.907	
MEPCE	RAC1	RAC1	1.532|1.483|1.463	4.478	1.493	3	.|1.219|1.166	0.001	0.002	0.001	0.002	0.001	-9.401	1.253	0.842	
MEPCE	AP2B1	AP2B1	0.912|1.075|1.107	3.094	1.031	3	0.831|0.960|0.898	0.000	0.000	0.000	0.000	0.000	-15.952	1.153	0.880	
MEPCE	GNAS	GNAS	0.765|2.679|2.719	6.164	2.055	3	0.592|1.878|1.780	0.027	0.043	0.027	0.043	0.027	-9.751	1.637	0.673	
MEPCE	PPP2R2A	PPP2R2A	0.754|0.613|0.735	2.102	0.701	3	0.932|0.998|1.022	0.000	0.000	0.000	0.000	0.000	-16.005	0.713	0.957	
MEPCE	DYNLL1;DYNLL2	DYNLL1;DYNLL2	0.497|0.537|0.517	1.550	0.517	3	0.505|0.569|0.494	0.000	0.000	0.000	0.000	0.000	-16.005	0.991	0.945	
MEPCE	RPL38	RPL38	33.751|41.780|43.028	118.560	39.520	3	34.209|41.670|34.315	0.000	0.000	0.000	0.000	0.000	-16.005	1.081	0.926	
MEPCE	SKP1	SKP1	2.163|2.123|2.274	6.561	2.187	3	3.242|3.314|3.171	0.000	0.000	0.000	0.000	0.000	-16.005	0.675	0.962	
MEPCE	RPS21	RPS21	0.391|0.433|0.466	1.290	0.430	3	0.451|0.509|0.474	0.000	0.000	0.000	0.000	0.000	-16.005	0.901	0.957	
MEPCE	EIF5A	EIF5A	2.470|2.517|2.605	7.592	2.531	3	2.713|2.792|2.713	0.000	0.000	0.000	0.000	0.000	-16.005	0.924	0.948	
MEPCE	RACK1	RACK1	1.068|0.860|0.844	2.773	0.924	3	1.119|1.827|0.928	0.000	0.000	0.000	0.000	0.000	-16.005	0.747	0.961	
MEPCE	UBE2I	UBE2I	0.715|0.671|0.909	2.295	0.765	3	0.561|0.675|0.682	0.000	0.000	0.000	0.000	0.000	-15.831	1.201	0.867	
MEPCE	YBX1	YBX1	1.995|2.028|2.060	6.083	2.028	3	0.680|0.756|0.754	0.029	0.029	0.029	0.029	0.029	-3.505	2.781	0.554	
MEPCE	SEC11A	SEC11A	0.287|.|0.643	1.328	0.443	3	.|.|.	0.010	0.029	0.010	0.029	0.010	-16.005	1.112	0.799	
MEPCE	CSNK2B	CSNK2B	2.280|2.189|2.428	6.898	2.299	3	1.666|1.878|1.741	0.011	0.029	0.011	0.029	0.011	-8.495	1.307	0.750	
MEPCE	TPM4	TPM4	5.973|5.525|5.597	17.095	5.698	3	3.907|3.619|3.733	0.029	0.029	0.029	0.029	0.029	-3.505	1.519	0.644	
MEPCE	UBE2L3	UBE2L3	0.826|0.867|0.916	2.609	0.870	3	0.873|0.926|1.037	0.000	0.000	0.000	0.000	0.000	-16.005	0.923	0.961	
MEPCE	TUBA1B	TUBA1B	0.631|0.290|.	1.319	0.440	3	.|.|.	0.010	0.029	0.010	0.029	0.010	-16.005	1.104	0.799	
MEPCE	TUBB4B	TUBB4B	8.815|9.057|9.192	27.064	9.021	3	8.489|8.172|8.315	0.000	0.000	0.000	0.000	0.000	-15.490	1.084	0.925	
MEPCE	CSNK2A1	CSNK2A1	2.047|1.835|2.129	6.010	2.003	3	1.715|1.864|1.662	0.000	0.000	0.000	0.000	0.000	-15.613	1.148	0.884	
MEPCE	NOMO1;NOMO2;NOMO3	NOMO1;NOMO2;NOMO3	0.607|0.657|0.660	1.924	0.641	3	0.615|0.638|0.718	0.000	0.000	0.000	0.000	0.000	-16.005	0.979	0.947	
MEPCE	HBA1	HBA1	0.551|0.744|0.609	1.905	0.635	3	.|.|.	0.029	0.029	0.029	0.029	0.029	-3.505	1.594	0.476	
MEPCE	NOP14	NOP14	0.656|1.255|1.272	3.183	1.061	3	0.966|0.945|0.900	0.019	0.029	0.019	0.029	0.019	-16.005	1.133	0.710	
MEPCE	EIF4G2	EIF4G2	0.221|0.389|0.249	0.859	0.286	3	0.382|0.361|0.289	0.000	0.000	0.000	0.000	0.000	-15.246	0.838	0.927	
MEPCE	RPP38	RPP38	0.915|0.855|0.913	2.683	0.894	3	0.387|.|.	0.029	0.029	0.029	0.029	0.029	-3.505	2.309	0.625	
MEPCE	RPP30	RPP30	0.636|0.715|0.708	2.060	0.687	3	0.596|0.694|0.712	0.000	0.000	0.000	0.000	0.000	-16.005	1.032	0.938	
MEPCE	GTF2I	GTF2I	18.055|16.756|17.051	51.863	17.288	3	15.972|15.930|16.084	0.000	0.000	0.000	0.000	0.000	-15.665	1.081	0.921	
MEPCE	PIP4K2B	PIP4K2B	0.507|0.529|0.561	1.598	0.533	3	0.417|0.568|0.497	0.000	0.000	0.000	0.000	0.000	-15.969	1.086	0.937	
MEPCE	CCT2	CCT2	10.276|10.885|10.766	31.928	10.643	3	9.151|9.824|9.865	0.000	0.000	0.000	0.000	0.000	-15.293	1.108	0.917	
MEPCE	GSTO1	GSTO1	0.268|.|.	1.064	0.355	3	0.515|0.482|0.392	0.000	0.000	0.000	0.000	0.000	-16.005	0.771	0.969	
MEPCE	PRKDC	PRKDC	1.852|1.561|1.801	5.215	1.738	3	1.700|1.657|1.591	0.000	0.000	0.000	0.000	0.000	-16.005	1.054	0.921	
MEPCE	DCD	DCD	0.945|1.020|1.158	3.122	1.041	3	1.051|1.116|1.191	0.000	0.000	0.000	0.000	0.000	-16.005	0.931	0.943	
MEPCE	MRPS22	MRPS22	0.322|0.464|0.480	1.267	0.422	3	.|0.339|.	0.000	0.000	0.000	0.000	0.000	-16.005	1.246	0.897	
MEPCE	MRPS10	MRPS10	0.668|.|0.344	1.410	0.470	3	.|.|.	0.010	0.029	0.010	0.029	0.010	-16.005	1.181	0.799	
MEPCE	MRPS35	MRPS35	0.439|0.350|0.262	1.051	0.350	3	.|0.775|.	0.000	0.000	0.000	0.000	0.000	-16.005	0.452	0.952	
MEPCE	MRPS11	MRPS11	0.784|0.474|0.889	2.146	0.715	3	.|0.384|0.386	0.019	0.029	0.019	0.029	0.019	-14.068	1.860	0.702	
MEPCE	MRPS15	MRPS15	0.502|0.745|0.291	1.537	0.512	3	.|.|.	0.010	0.029	0.010	0.029	0.010	-16.005	1.286	0.764	
MEPCE	MRPS21	MRPS21	0.606|0.557|0.640	1.803	0.601	3	0.452|0.381|0.468	0.001	0.002	0.001	0.002	0.001	-12.006	1.391	0.849	
MEPCE	MRPS34	MRPS34	0.934|1.007|1.033	2.973	0.991	3	0.566|0.479|0.620	0.026	0.029	0.026	0.029	0.026	-3.843	1.797	0.675	
MEPCE	MRPS6	MRPS6	1.158|0.926|1.052	3.137	1.046	3	0.866|0.711|0.543	0.000	0.000	0.000	0.000	0.000	-14.870	1.507	0.890	
MEPCE	MRPS9	MRPS9	0.286|0.479|0.507	1.272	0.424	3	.|.|.	0.000	0.001	0.000	0.001	0.000	-16.005	1.065	0.854	
MEPCE	SARNP	SARNP	1.932|1.954|1.825	5.711	1.904	3	1.682|1.768|1.646	0.000	0.000	0.000	0.000	0.000	-15.180	1.121	0.911	
MEPCE	COG7	COG7	0.733|1.102|1.004	2.840	0.947	3	1.237|0.810|1.034	0.000	0.000	0.000	0.000	0.000	-16.005	0.935	0.945	
MEPCE	RPL24	RPL24	2.888|3.399|3.387	9.674	3.225	3	1.744|1.939|1.691	0.029	0.029	0.029	0.029	0.029	-3.505	1.803	0.464	
MEPCE	RPL36A	RPL36A	2.102|3.599|.	6.099	2.033	3	1.847|2.317|2.401	0.000	0.001	0.000	0.001	0.000	-16.005	0.935	0.852	
MEPCE	ARF5	ARF5	1.558|1.492|1.515	4.566	1.522	3	1.512|1.496|1.530	0.000	0.000	0.000	0.000	0.000	-16.005	1.006	0.944	
MEPCE	ERH	ERH	1.126|1.558|.	3.083	1.028	3	0.952|1.055|1.205	0.000	0.000	0.000	0.000	0.000	-16.005	0.964	0.869	
MEPCE	RPL19	RPL19	3.435|3.576|3.424	10.436	3.479	3	1.365|1.240|1.149	0.055	0.107	0.055	0.107	0.055	-3.505	2.787	0.403	
MEPCE	SERF2	SERF2	2.977|3.774|.	7.149	2.383	3	3.428|3.773|3.812	0.000	0.000	0.000	0.000	0.000	-16.005	0.650	0.965	
MEPCE	SRSF3	SRSF3	10.256|10.221|10.678	31.155	10.385	3	8.497|9.157|9.346	0.000	0.000	0.000	0.000	0.000	-13.427	1.155	0.899	
MEPCE	H3-3A	H3-3A	2.836|2.772|2.832	8.439	2.813	3	2.639|2.634|2.844	0.000	0.000	0.000	0.000	0.000	-15.909	1.040	0.938	
MEPCE	RBM10	RBM10	2.915|2.975|3.110	9.000	3.000	3	2.514|2.629|2.573	0.000	0.000	0.000	0.000	0.000	-13.532	1.167	0.890	
MEPCE	RBM3	RBM3	5.177|5.082|5.336	15.594	5.198	3	5.601|5.331|5.635	0.000	0.000	0.000	0.000	0.000	-16.005	0.942	0.962	
MEPCE	CYCS	CYCS	1.385|1.562|1.543	4.490	1.497	3	1.522|1.605|1.565	0.000	0.000	0.000	0.000	0.000	-16.005	0.957	0.957	
MEPCE	MPP1	MPP1	0.475|0.358|0.359	1.191	0.397	3	0.339|.|.	0.000	0.000	0.000	0.000	0.000	-15.891	1.172	0.903	
MEPCE	TFAM	TFAM	1.186|0.815|1.175	3.176	1.059	3	1.100|0.810|1.157	0.000	0.000	0.000	0.000	0.000	-16.005	1.048	0.936	
MEPCE	SLC25A3	SLC25A3	1.131|1.219|1.138	3.489	1.163	3	0.865|0.862|0.804	0.029	0.029	0.029	0.029	0.029	-3.505	1.379	0.554	
MEPCE	HDLBP	HDLBP	0.631|.|0.547	1.576	0.525	3	0.594|0.578|0.525	0.000	0.000	0.000	0.000	0.000	-16.005	0.930	0.928	
MEPCE	GTF2B	GTF2B	0.968|0.979|0.912	2.859	0.953	3	1.092|1.172|1.029	0.000	0.000	0.000	0.000	0.000	-16.005	0.870	0.957	
MEPCE	PURA	PURA	0.536|0.609|0.509	1.653	0.551	3	.|.|.	0.020	0.029	0.020	0.029	0.020	-6.593	1.384	0.689	
MEPCE	CDC42EP1	CDC42EP1	0.724|0.700|0.354	1.777	0.592	3	.|0.544|0.401	0.002	0.005	0.002	0.005	0.002	-16.005	1.268	0.832	
MEPCE	CLTC	CLTC	1.005|0.956|1.016	2.978	0.993	3	1.507|1.165|1.186	0.000	0.000	0.000	0.000	0.000	-16.005	0.777	0.952	
MEPCE	FKBP3	FKBP3	3.303|3.559|3.567	10.430	3.477	3	3.584|3.639|3.391	0.000	0.000	0.000	0.000	0.000	-16.005	0.983	0.947	
MEPCE	REEP5	REEP5	0.395|.|0.446	1.240	0.413	3	0.694|0.504|0.373	0.000	0.000	0.000	0.000	0.000	-16.005	0.814	0.966	
MEPCE	HNRNPU	HNRNPU	5.118|5.343|5.337	15.798	5.266	3	3.188|3.070|3.225	0.029	0.029	0.029	0.029	0.029	-3.505	1.666	0.445	
MEPCE	U2AF1	U2AF1	11.783|12.198|12.238	36.219	12.073	3	10.392|10.707|11.125	0.000	0.000	0.000	0.000	0.000	-14.648	1.124	0.913	
MEPCE	SPTBN1	SPTBN1	0.986|1.048|0.930	2.965	0.988	3	0.646|0.255|0.385	0.199	0.294	0.199	0.294	0.199	-2.030	2.477	0.321	
MEPCE	SET	SET	2.378|2.204|2.283	6.864	2.288	3	2.938|2.680|2.665	0.000	0.000	0.000	0.000	0.000	-16.005	0.830	0.948	
MEPCE	SRSF2	SRSF2	13.880|13.843|14.191	41.914	13.971	3	12.463|12.218|12.640	0.000	0.000	0.000	0.000	0.000	-14.207	1.123	0.914	
MEPCE	AMPD2	AMPD2	0.778|0.835|0.747	2.359	0.786	3	0.769|0.713|0.799	0.000	0.000	0.000	0.000	0.000	-16.005	1.036	0.930	
MEPCE	OTUD4	OTUD4	0.638|0.889|0.802	2.328	0.776	3	0.594|0.655|0.680	0.010	0.029	0.010	0.029	0.010	-16.005	1.209	0.768	
MEPCE	PFKP	PFKP	1.409|1.125|1.454	3.988	1.329	3	1.833|1.768|1.797	0.000	0.000	0.000	0.000	0.000	-16.005	0.739	0.948	
MEPCE	EWSR1	EWSR1	24.520|22.559|24.031	71.110	23.703	3	21.562|21.710|22.341	0.000	0.000	0.000	0.000	0.000	-15.853	1.084	0.921	
MEPCE	KIF23	KIF23	0.210|.|0.271	0.879	0.293	3	0.222|0.189|.	0.000	0.000	0.000	0.000	0.000	-15.991	1.432	0.929	
MEPCE	RPL18A	RPL18A	1.411|1.614|1.684	4.708	1.569	3	.|0.368|.	1.000	1.000	1.000	1.000	1.000	8.922	4.269	0.000	
MEPCE	RPL6	RPL6	3.020|3.159|2.921	9.100	3.033	3	0.654|0.708|0.754	1.000	1.000	1.000	1.000	1.000	8.995	4.308	0.000	
MEPCE	AKAP12	AKAP12	0.746|0.727|0.867	2.340	0.780	3	0.738|0.639|0.801	0.000	0.000	0.000	0.000	0.000	-16.003	1.079	0.926	
MEPCE	MLLT1	MLLT1	0.468|0.499|1.101	2.068	0.689	3	0.353|.|.	0.333	0.998	0.333	0.998	0.333	-12.769	1.953	0.233	
MEPCE	PTS	PTS	4.875|5.053|5.062	14.990	4.997	3	5.626|5.549|5.589	0.000	0.000	0.000	0.000	0.000	-16.005	0.894	0.962	
MEPCE	RELA	RELA	0.197|0.399|.	0.994	0.331	3	0.316|0.333|.	0.000	0.000	0.000	0.000	0.000	-16.005	1.020	0.931	
MEPCE	EIF4G1	EIF4G1	1.579|1.610|1.675	4.863	1.621	3	1.714|1.664|1.689	0.000	0.000	0.000	0.000	0.000	-16.005	0.960	0.948	
MEPCE	NOTCH2	NOTCH2	0.485|0.534|0.533	1.552	0.517	3	0.404|0.458|0.393	0.000	0.000	0.000	0.000	0.000	-13.533	1.239	0.873	
MEPCE	TLE3	TLE3	0.678|0.843|0.863	2.384	0.795	3	0.741|0.828|0.708	0.000	0.000	0.000	0.000	0.000	-16.005	1.049	0.922	
MEPCE	GLO1	GLO1	1.114|1.120|1.101	3.335	1.112	3	1.278|1.328|1.475	0.000	0.000	0.000	0.000	0.000	-16.005	0.819	0.952	
MEPCE	SSBP1	SSBP1	0.466|0.455|0.710	1.631	0.544	3	1.012|0.696|1.029	0.000	0.000	0.000	0.000	0.000	-16.005	0.605	0.954	
MEPCE	YWHAH	YWHAH	0.339|0.462|0.326	1.127	0.376	3	0.445|0.393|0.182	0.001	0.002	0.001	0.002	0.001	-9.371	1.186	0.846	
MEPCE	CSTF1	CSTF1	0.590|0.627|0.544	1.761	0.587	3	0.534|0.570|0.570	0.000	0.000	0.000	0.000	0.000	-16.005	1.052	0.923	
MEPCE	SRSF11	SRSF11	4.143|4.271|4.331	12.745	4.248	3	3.627|3.451|3.547	0.000	0.000	0.000	0.000	0.000	-12.127	1.200	0.878	
MEPCE	EEF1A2	EEF1A2	23.335|23.147|23.476	69.958	23.319	3	22.192|23.621|22.963	0.000	0.000	0.000	0.000	0.000	-15.989	1.018	0.944	
MEPCE	CALD1	CALD1	1.117|1.164|1.172	3.452	1.151	3	0.575|0.363|0.458	0.994	0.998	0.994	0.998	0.994	4.357	2.518	0.000	
MEPCE	PPAT	PPAT	0.918|0.958|0.644	2.520	0.840	3	0.919|1.084|0.932	0.000	0.000	0.000	0.000	0.000	-16.005	0.861	0.952	
MEPCE	PSME1	PSME1	0.647|0.727|0.664	2.037	0.679	3	1.012|1.038|1.036	0.000	0.000	0.000	0.000	0.000	-16.005	0.660	0.957	
MEPCE	APLP2	APLP2	0.394|0.823|0.955	2.172	0.724	3	0.615|0.522|0.548	0.019	0.029	0.019	0.029	0.019	-16.005	1.292	0.710	
MEPCE	RING1	RING1	0.384|.|0.442	1.223	0.408	3	0.345|.|.	0.000	0.000	0.000	0.000	0.000	-15.547	1.184	0.921	
MEPCE	PRDX1	PRDX1	5.160|5.569|5.017	15.746	5.249	3	8.645|8.669|8.020	0.000	0.000	0.000	0.000	0.000	-16.005	0.622	0.962	
MEPCE	RPL18	RPL18	2.921|3.035|3.211	9.167	3.056	3	1.011|1.032|1.006	0.206	0.561	0.206	0.561	0.206	-3.505	3.007	0.318	
MEPCE	C1QBP	C1QBP	58.169|58.022|57.191	173.382	57.794	3	12.319|12.591|13.487	1.000	1.000	1.000	1.000	1.000	8.978	4.519	0.000	
MEPCE	KHDRBS1	KHDRBS1	6.558|8.609|6.825	21.993	7.331	3	5.085|5.222|6.095	0.010	0.029	0.010	0.029	0.010	-13.319	1.345	0.780	
MEPCE	BAX	BAX	0.260|0.361|0.443	1.064	0.355	3	0.331|0.354|0.262	0.000	0.000	0.000	0.000	0.000	-16.005	1.133	0.911	
MEPCE	KLC1	KLC1	1.283|1.414|1.177	3.874	1.291	3	1.168|1.289|1.177	0.000	0.000	0.000	0.000	0.000	-16.005	1.067	0.909	
MEPCE	SRSF1	SRSF1	3.236|3.328|3.337	9.901	3.300	3	2.873|3.023|2.975	0.000	0.000	0.000	0.000	0.000	-14.723	1.116	0.916	
MEPCE	SRSF4	SRSF4	1.472|0.314|1.261	3.047	1.016	3	1.238|0.680|1.073	0.000	0.000	0.000	0.000	0.000	-16.005	1.051	0.879	
MEPCE	DHX9	DHX9	4.427|4.336|4.505	13.268	4.423	3	1.258|1.286|1.382	0.985	0.996	0.985	0.996	0.985	3.459	3.382	0.001	
MEPCE	LGALS3BP	LGALS3BP	0.763|.|.	1.559	0.520	3	.|.|.	0.010	0.029	0.010	0.029	0.010	-16.005	1.305	0.804	
MEPCE	SSRP1	SSRP1	0.773|0.791|0.852	2.416	0.805	3	1.416|1.550|1.405	0.000	0.000	0.000	0.000	0.000	-16.005	0.553	0.957	
MEPCE	VAC14	VAC14	0.244|0.288|0.289	0.821	0.274	3	0.987|0.407|0.667	0.000	0.000	0.000	0.000	0.000	-16.005	0.424	0.955	
MEPCE	NSUN2	NSUN2	0.513|.|.	1.310	0.437	3	0.477|0.486|0.491	0.000	0.000	0.000	0.000	0.000	-16.005	0.901	0.968	
MEPCE	RBBP4	RBBP4	0.827|0.865|0.997	2.690	0.897	3	0.865|0.881|0.815	0.000	0.000	0.000	0.000	0.000	-16.005	1.051	0.909	
MEPCE	NCBP1	NCBP1	0.781|0.807|0.648	2.236	0.745	3	0.540|0.279|0.412	0.022	0.042	0.022	0.042	0.022	-7.304	1.883	0.683	
MEPCE	EP300	EP300	0.582|.|0.683	1.663	0.554	3	0.498|0.580|0.582	0.000	0.000	0.000	0.000	0.000	-16.005	1.004	0.904	
MEPCE	AHNAK	AHNAK	0.335|0.416|.	1.149	0.383	3	.|.|0.341	0.000	0.000	0.000	0.000	0.000	-16.005	1.125	0.931	
MEPCE	AP1B1	AP1B1	0.729|0.835|0.767	2.330	0.777	3	0.883|1.031|0.879	0.000	0.000	0.000	0.000	0.000	-16.005	0.836	0.956	
MEPCE	CPSF1	CPSF1	0.297|.|.	1.093	0.364	3	.|.|.	0.000	0.000	0.000	0.000	0.000	-16.005	0.915	0.970	
MEPCE	PMPCA	PMPCA	0.099|0.413|.	0.910	0.303	3	0.157|0.195|0.098	0.310	0.930	0.310	0.930	0.310	-16.005	2.100	0.274	
MEPCE	KIF1A	KIF1A	0.537|0.477|0.420	1.434	0.478	3	0.633|0.515|0.565	0.000	0.000	0.000	0.000	0.000	-16.005	0.841	0.953	
MEPCE	WASHC5	WASHC5	0.622|0.558|0.576	1.756	0.585	3	1.271|0.470|0.645	0.000	0.000	0.000	0.000	0.000	-11.447	0.804	0.886	
MEPCE	NUP160	NUP160	0.672|0.641|0.494	1.807	0.602	3	0.560|0.331|0.550	0.000	0.000	0.000	0.000	0.000	-15.978	1.290	0.897	
MEPCE	GTF3C1	GTF3C1	0.364|0.296|0.396	1.056	0.352	3	.|0.309|.	0.000	0.000	0.000	0.000	0.000	-16.005	1.140	0.921	
MEPCE	CDC20	CDC20	0.572|0.401|.	1.371	0.457	3	0.689|0.907|0.679	0.000	0.000	0.000	0.000	0.000	-16.005	0.608	0.966	
MEPCE	SFSWAP	SFSWAP	1.133|0.978|1.053	3.164	1.055	3	0.996|1.056|0.828	0.000	0.000	0.000	0.000	0.000	-15.980	1.104	0.930	
MEPCE	SF3A3	SF3A3	1.237|1.158|1.146	3.541	1.180	3	1.290|1.249|1.117	0.000	0.000	0.000	0.000	0.000	-16.005	0.970	0.946	
MEPCE	IFRD2	IFRD2	0.559|0.632|0.486	1.677	0.559	3	0.676|0.640|0.841	0.000	0.000	0.000	0.000	0.000	-16.005	0.783	0.953	
MEPCE	AIMP1	AIMP1	0.758|0.692|0.791	2.241	0.747	3	0.658|0.650|0.711	0.000	0.000	0.000	0.000	0.000	-15.883	1.110	0.905	
MEPCE	ILF2	ILF2	2.084|2.193|2.237	6.514	2.171	3	1.365|1.365|1.186	0.029	0.029	0.029	0.029	0.029	-3.505	1.667	0.536	
MEPCE	ILF3	ILF3	1.844|1.830|2.000	5.674	1.891	3	1.062|1.130|1.038	0.029	0.029	0.029	0.029	0.029	-3.505	1.758	0.554	
MEPCE	TRAP1	TRAP1	5.384|0.722|0.604	6.710	2.237	3	0.834|0.773|0.774	0.333	1.000	0.333	1.000	0.333	-16.005	2.820	0.162	
MEPCE	TRAF2	TRAF2	0.704|0.694|0.686	2.083	0.694	3	0.541|0.416|0.543	0.000	0.000	0.000	0.000	0.000	-12.669	1.400	0.900	
MEPCE	ECH1	ECH1	0.594|0.880|1.347	2.821	0.940	3	0.709|0.742|0.803	0.010	0.029	0.010	0.029	0.010	-16.005	1.253	0.781	
MEPCE	MLLT11	MLLT11	0.536|.|0.491	1.425	0.475	3	.|0.501|0.516	0.000	0.000	0.000	0.000	0.000	-16.005	0.934	0.965	
MEPCE	STRN3	STRN3	0.673|0.567|0.742	1.982	0.661	3	0.552|0.648|0.539	0.000	0.000	0.000	0.000	0.000	-16.005	1.143	0.900	
MEPCE	CDC16	CDC16	0.549|0.451|0.621	1.621	0.540	3	0.396|0.514|.	0.000	0.000	0.000	0.000	0.000	-16.005	1.198	0.893	
MEPCE	FLII	FLII	0.865|0.927|0.845	2.638	0.879	3	0.843|0.970|0.876	0.000	0.000	0.000	0.000	0.000	-16.005	0.983	0.943	
MEPCE	ACACA	ACACA	1.023|1.068|1.104	3.195	1.065	3	1.132|1.069|1.009	0.000	0.000	0.000	0.000	0.000	-16.005	0.996	0.944	
MEPCE	GPS1	GPS1	1.584|1.464|1.350	4.398	1.466	3	1.271|1.341|1.358	0.000	0.000	0.000	0.000	0.000	-15.942	1.108	0.896	
MEPCE	IK	IK	0.348|0.352|0.359	1.058	0.353	3	0.599|.|.	0.000	0.000	0.000	0.000	0.000	-16.005	0.589	0.955	
MEPCE	PPFIA1	PPFIA1	0.358|0.571|0.604	1.532	0.511	3	0.440|.|.	0.000	0.000	0.000	0.000	0.000	-16.005	1.160	0.894	
MEPCE	EIF2B5	EIF2B5	1.405|1.280|1.386	4.071	1.357	3	0.854|1.058|1.110	0.000	0.000	0.000	0.000	0.000	-13.687	1.356	0.898	
MEPCE	TARDBP	TARDBP	0.547|0.389|0.417	1.354	0.451	3	0.464|0.494|0.443	0.000	0.000	0.000	0.000	0.000	-16.005	0.967	0.908	
MEPCE	HNRNPA0	HNRNPA0	2.692|4.020|1.501	8.213	2.738	3	3.332|3.232|3.128	0.000	0.000	0.000	0.000	0.000	-16.005	0.848	0.872	
MEPCE	AIMP2	AIMP2	0.482|0.403|0.392	1.278	0.426	3	0.375|0.466|0.543	0.000	0.000	0.000	0.000	0.000	-16.005	0.933	0.946	
MEPCE	CBX3	CBX3	0.335|0.365|0.489	1.189	0.396	3	0.359|0.337|0.295	0.005	0.014	0.005	0.014	0.005	-15.984	1.204	0.822	
MEPCE	PSMD2	PSMD2	1.997|1.910|2.141	6.049	2.016	3	2.084|2.173|2.120	0.000	0.000	0.000	0.000	0.000	-16.005	0.949	0.947	
MEPCE	SRSF9	SRSF9	0.666|0.515|0.635	1.816	0.605	3	0.391|0.510|0.273	0.001	0.002	0.001	0.002	0.001	-11.631	1.597	0.841	
MEPCE	SRSF5	SRSF5	1.075|0.929|0.985	2.988	0.996	3	0.870|0.714|0.825	0.000	0.000	0.000	0.000	0.000	-14.418	1.245	0.885	
MEPCE	SRSF6	SRSF6	4.671|4.516|4.713	13.900	4.633	3	3.806|3.816|3.754	0.000	0.000	0.000	0.000	0.000	-11.210	1.222	0.868	
MEPCE	MAD2L1	MAD2L1	0.986|1.111|1.032	3.129	1.043	3	1.100|1.082|0.961	0.000	0.000	0.000	0.000	0.000	-16.005	0.997	0.939	
MEPCE	TRIM28	TRIM28	3.888|3.692|3.798	11.378	3.793	3	3.821|3.979|4.380	0.000	0.000	0.000	0.000	0.000	-16.005	0.936	0.952	
MEPCE	G3BP1	G3BP1	4.606|4.537|4.550	13.694	4.565	3	4.055|3.938|4.087	0.000	0.000	0.000	0.000	0.000	-13.760	1.134	0.911	
MEPCE	PTK7	PTK7	0.408|0.454|0.484	1.346	0.449	3	.|.|.	0.000	0.000	0.000	0.000	0.000	-15.904	1.127	0.887	
MEPCE	PABPC4	PABPC4	1.310|1.374|1.525	4.209	1.403	3	0.788|0.815|0.808	0.026	0.026	0.026	0.026	0.026	-3.637	1.746	0.677	
MEPCE	IFIT5	IFIT5	0.840|0.967|0.917	2.725	0.908	3	.|.|.	0.029	0.029	0.029	0.029	0.029	-3.505	2.281	0.476	
MEPCE	MTA1	MTA1	0.589|0.569|0.649	1.807	0.602	3	0.117|0.461|0.487	0.031	0.038	0.031	0.038	0.031	-3.650	2.023	0.437	
MEPCE	EIF3I	EIF3I	3.382|3.728|3.815	10.925	3.642	3	3.904|3.953|3.968	0.000	0.000	0.000	0.000	0.000	-16.005	0.924	0.962	
MEPCE	TARBP1	TARBP1	0.450|0.389|0.341	1.180	0.393	3	.|.|0.283	0.000	0.000	0.000	0.000	0.000	-14.892	1.389	0.878	
MEPCE	SNTB2	SNTB2	0.297|.|0.340	1.035	0.345	3	0.483|0.504|0.416	0.000	0.000	0.000	0.000	0.000	-16.005	0.740	0.967	
MEPCE	PPIG	PPIG	1.839|1.778|1.746	5.363	1.788	3	1.537|1.466|1.565	0.000	0.000	0.000	0.000	0.000	-13.049	1.175	0.889	
MEPCE	TCOF1	TCOF1	2.182|2.169|2.146	6.497	2.166	3	1.874|1.617|1.734	0.000	0.000	0.000	0.000	0.000	-9.884	1.246	0.869	
MEPCE	SF3B2	SF3B2	0.994|1.088|1.069	3.151	1.050	3	0.890|0.998|1.123	0.000	0.000	0.000	0.000	0.000	-16.005	1.051	0.938	
MEPCE	PDAP1	PDAP1	8.960|9.072|8.650	26.683	8.894	3	11.082|10.728|10.264	0.000	0.000	0.000	0.000	0.000	-16.005	0.832	0.962	
MEPCE	MYO9B	MYO9B	0.521|0.351|.	1.270	0.423	3	.|.|.	0.003	0.010	0.003	0.010	0.003	-16.005	1.063	0.827	
MEPCE	ROCK1	ROCK1	1.492|1.250|1.608	4.349	1.450	3	1.386|1.317|1.463	0.000	0.000	0.000	0.000	0.000	-16.005	1.045	0.912	
MEPCE	TUBB3	TUBB3	28.079|31.453|31.751	91.283	30.428	3	26.255|26.335|26.806	0.000	0.000	0.000	0.000	0.000	-15.453	1.150	0.891	
MEPCE	PRPF4B	PRPF4B	0.428|0.764|0.594	1.787	0.596	3	0.611|0.281|.	0.010	0.029	0.010	0.029	0.010	-15.953	1.436	0.774	
MEPCE	HDAC1	HDAC1	0.927|0.841|0.776	2.544	0.848	3	0.734|0.812|0.746	0.000	0.000	0.000	0.000	0.000	-15.962	1.111	0.889	
MEPCE	CAMK2D	CAMK2D	1.252|0.857|1.368	3.477	1.159	3	0.881|0.909|0.834	0.019	0.029	0.019	0.029	0.019	-16.005	1.326	0.710	
MEPCE	DCTN2	DCTN2	2.516|2.517|2.586	7.619	2.540	3	2.970|2.795|3.018	0.000	0.000	0.000	0.000	0.000	-16.005	0.868	0.948	
MEPCE	SNW1	SNW1	0.786|0.636|0.649	2.071	0.690	3	0.495|0.783|0.414	0.000	0.000	0.000	0.000	0.000	-13.840	1.271	0.884	
MEPCE	IQGAP2	IQGAP2	0.313|0.260|0.541	1.114	0.371	3	.|.|.	0.010	0.029	0.010	0.029	0.010	-16.005	0.932	0.793	
MEPCE	STIM1	STIM1	0.129|0.618|0.690	1.438	0.479	3	.|.|.	0.019	0.029	0.019	0.029	0.019	-16.005	1.204	0.708	
MEPCE	KRR1	KRR1	0.992|0.882|0.831	2.705	0.902	3	0.722|0.679|0.536	0.000	0.000	0.000	0.000	0.000	-13.967	1.408	0.889	
MEPCE	CUL1	CUL1	0.261|.|.	1.057	0.352	3	0.704|0.624|0.562	0.000	0.000	0.000	0.000	0.000	-16.005	0.562	0.969	
MEPCE	CUL2	CUL2	0.710|0.624|0.658	1.992	0.664	3	0.704|0.661|0.759	0.000	0.000	0.000	0.000	0.000	-16.005	0.939	0.948	
MEPCE	CUL3	CUL3	0.262|.|0.319	0.979	0.326	3	0.334|0.389|0.458	0.000	0.000	0.000	0.000	0.000	-16.005	0.836	0.967	
MEPCE	CUL4A	CUL4A	0.421|.|.	1.217	0.406	3	.|.|.	0.000	0.000	0.000	0.000	0.000	-16.005	1.019	0.968	
MEPCE	CUL4B	CUL4B	1.100|1.323|1.238	3.660	1.220	3	1.058|1.115|1.010	0.000	0.000	0.000	0.000	0.000	-15.789	1.151	0.870	
MEPCE	FHL1	FHL1	0.984|1.151|1.139	3.274	1.091	3	1.079|1.400|1.259	0.000	0.000	0.000	0.000	0.000	-16.005	0.881	0.961	
MEPCE	MOGS	MOGS	0.733|0.631|0.631	1.995	0.665	3	0.513|0.481|0.523	0.010	0.029	0.010	0.029	0.010	-8.297	1.316	0.763	
MEPCE	PMAIP1	PMAIP1	3.547|3.465|3.465	10.478	3.493	3	2.047|2.170|2.059	0.029	0.029	0.029	0.029	0.029	-3.505	1.670	0.471	
MEPCE	SPTAN1	SPTAN1	0.887|0.937|1.797	3.622	1.207	3	0.478|0.541|0.550	0.352	0.998	0.352	0.998	0.352	-3.505	2.313	0.109	
MEPCE	DDX39B	DDX39B	0.280|.|.	1.077	0.359	3	.|0.360|.	0.000	0.000	0.000	0.000	0.000	-16.005	0.996	0.969	
MEPCE	TUBB2A	TUBB2A	4.729|2.417|2.333	9.479	3.160	3	2.520|4.086|2.533	0.000	0.000	0.000	0.000	0.000	-16.005	1.065	0.883	
MEPCE	BYSL	BYSL	1.297|1.255|1.265	3.816	1.272	3	0.736|0.664|0.683	0.029	0.029	0.029	0.029	0.029	-3.505	1.834	0.554	
MEPCE	CKAP5	CKAP5	0.908|0.922|1.097	2.927	0.976	3	1.137|0.998|1.121	0.000	0.000	0.000	0.000	0.000	-16.005	0.901	0.947	
MEPCE	CIRBP	CIRBP	8.067|8.342|8.587	24.997	8.332	3	7.699|8.019|7.999	0.000	0.000	0.000	0.000	0.000	-15.939	1.054	0.931	
MEPCE	COX17	COX17	1.856|1.783|1.846	5.484	1.828	3	1.372|1.368|1.572	0.000	0.000	0.000	0.000	0.000	-10.390	1.274	0.862	
MEPCE	HNRNPD	HNRNPD	1.539|1.710|1.660	4.909	1.636	3	1.203|1.247|1.218	0.020	0.029	0.020	0.029	0.020	-7.674	1.338	0.692	
MEPCE	MORC3	MORC3	0.190|.|.	0.987	0.329	3	0.600|0.369|.	0.000	0.000	0.000	0.000	0.000	-16.005	0.699	0.969	
MEPCE	EIF3A	EIF3A	3.348|3.448|3.508	10.304	3.435	3	2.827|2.871|2.969	0.000	0.000	0.000	0.000	0.000	-12.579	1.189	0.884	
MEPCE	UBAP2L	UBAP2L	4.935|5.040|4.877	14.852	4.951	3	5.969|5.719|5.828	0.000	0.000	0.000	0.000	0.000	-16.005	0.848	0.962	
MEPCE	SCRIB	SCRIB	0.883|0.629|0.501	2.012	0.671	3	.|0.369|.	0.035	0.085	0.035	0.085	0.035	-12.009	1.816	0.432	
MEPCE	POLA2	POLA2	0.362|0.367|.	1.127	0.376	3	0.338|.|.	0.000	0.000	0.000	0.000	0.000	-15.815	1.112	0.965	
MEPCE	DOCK1	DOCK1	0.430|0.444|.	1.272	0.424	3	.|0.403|0.754	0.000	0.000	0.000	0.000	0.000	-16.005	0.769	0.967	
MEPCE	DPYSL3	DPYSL3	0.359|0.496|0.436	1.292	0.431	3	0.633|0.498|0.493	0.000	0.000	0.000	0.000	0.000	-16.005	0.801	0.954	
MEPCE	MRPL58	MRPL58	0.910|0.735|0.796	2.440	0.813	3	0.847|0.742|0.801	0.000	0.000	0.000	0.000	0.000	-16.005	1.022	0.918	
MEPCE	DCTN1	DCTN1	1.203|1.321|1.349	3.873	1.291	3	1.217|1.255|1.306	0.000	0.000	0.000	0.000	0.000	-16.005	1.025	0.935	
MEPCE	DYNC1H1	DYNC1H1	0.863|0.912|0.840	2.616	0.872	3	1.090|1.086|1.044	0.000	0.000	0.000	0.000	0.000	-16.005	0.812	0.957	
MEPCE	EIF2B1	EIF2B1	1.478|1.507|1.454	4.439	1.480	3	1.109|1.021|1.051	0.029	0.029	0.029	0.029	0.029	-3.505	1.396	0.554	
MEPCE	EIF4A2	EIF4A2	2.182|2.455|2.266	6.903	2.301	3	2.602|2.635|2.512	0.000	0.000	0.000	0.000	0.000	-16.005	0.891	0.962	
MEPCE	ELOA	ELOA	1.277|1.366|1.428	4.071	1.357	3	1.021|0.955|1.127	0.003	0.009	0.003	0.009	0.003	-11.153	1.315	0.827	
MEPCE	MAP7	MAP7	4.005|3.922|3.761	11.688	3.896	3	3.984|3.976|3.912	0.000	0.000	0.000	0.000	0.000	-16.005	0.985	0.947	
MEPCE	CTTN	CTTN	0.756|0.836|0.827	2.418	0.806	3	0.779|0.822|0.814	0.000	0.000	0.000	0.000	0.000	-16.005	1.001	0.942	
MEPCE	ENDOG	ENDOG	8.109|7.829|8.104	24.042	8.014	3	.|.|.	1.000	1.000	1.000	1.000	1.000	8.910	20.125	0.000	
MEPCE	RCN2	RCN2	2.107|2.233|2.229	6.569	2.190	3	2.217|2.133|2.272	0.000	0.000	0.000	0.000	0.000	-16.005	0.992	0.946	
MEPCE	FKBP8	FKBP8	0.672|0.986|0.798	2.456	0.819	3	0.784|0.113|0.570	0.036	0.050	0.036	0.050	0.036	-3.690	2.214	0.430	
MEPCE	FAM50A	FAM50A	1.744|1.972|2.318	6.034	2.011	3	0.688|1.754|0.612	0.066	0.124	0.066	0.124	0.066	-3.727	2.226	0.392	
MEPCE	FRG1	FRG1	6.201|6.666|6.694	19.561	6.520	3	6.558|7.218|7.254	0.000	0.000	0.000	0.000	0.000	-16.005	0.931	0.962	
MEPCE	GNA13	GNA13	2.141|.|.	2.937	0.979	3	1.445|.|.	0.010	0.029	0.010	0.029	0.010	-16.005	0.678	0.814	
MEPCE	CAPRIN1	CAPRIN1	1.609|5.854|5.768	13.230	4.410	3	4.546|6.449|6.051	0.000	0.000	0.000	0.000	0.000	-16.005	0.785	0.946	
MEPCE	SLBP	SLBP	0.721|0.812|0.650	2.182	0.727	3	.|0.505|.	0.010	0.029	0.010	0.029	0.010	-12.143	1.441	0.767	
MEPCE	RBM39	RBM39	2.074|2.206|2.167	6.447	2.149	3	1.686|1.735|1.765	0.001	0.001	0.001	0.001	0.001	-10.788	1.243	0.849	
MEPCE	PDIA5	PDIA5	0.716|0.825|1.180	2.720	0.907	3	0.338|0.735|0.883	0.009	0.024	0.009	0.024	0.009	-7.687	1.503	0.815	
MEPCE	MCM6	MCM6	3.450|3.633|3.410	10.492	3.497	3	3.230|3.261|3.218	0.000	0.000	0.000	0.000	0.000	-15.577	1.081	0.922	
MEPCE	CLINT1	CLINT1	0.471|0.320|0.471	1.262	0.421	3	0.299|0.428|0.313	0.000	0.000	0.000	0.000	0.000	-16.005	1.229	0.920	
MEPCE	MELK	MELK	0.403|.|.	1.200	0.400	3	.|.|0.257	0.000	0.000	0.000	0.000	0.000	-10.543	1.554	0.890	
MEPCE	SMC1A	SMC1A	1.217|1.343|1.189	3.749	1.250	3	1.068|1.052|1.136	0.000	0.000	0.000	0.000	0.000	-14.664	1.152	0.875	
MEPCE	RRP1B	RRP1B	1.681|1.643|1.508	4.832	1.611	3	1.038|0.950|0.434	0.055	0.075	0.055	0.075	0.055	-3.499	2.138	0.400	
MEPCE	MESD	MESD	1.036|0.942|1.091	3.070	1.023	3	0.946|0.822|0.313	0.010	0.014	0.010	0.014	0.010	-5.114	1.640	0.759	
MEPCE	GANAB	GANAB	1.987|1.943|1.939	5.869	1.956	3	2.275|2.061|2.095	0.000	0.000	0.000	0.000	0.000	-16.005	0.914	0.962	
MEPCE	LBR	LBR	5.791|6.248|5.744	17.783	5.928	3	2.359|2.657|2.449	0.029	0.029	0.029	0.029	0.029	-3.505	2.385	0.638	
MEPCE	COG2	COG2	0.507|.|0.545	1.450	0.483	3	.|.|.	0.010	0.029	0.010	0.029	0.010	-16.005	1.214	0.757	
MEPCE	LTBP1	LTBP1	0.788|0.877|0.787	2.452	0.817	3	0.708|0.769|0.763	0.000	0.000	0.000	0.000	0.000	-15.551	1.096	0.906	
MEPCE	CHD4	CHD4	0.743|0.693|0.753	2.189	0.730	3	0.692|0.674|0.641	0.000	0.000	0.000	0.000	0.000	-15.800	1.092	0.919	
MEPCE	LASP1	LASP1	0.437|0.430|.	1.266	0.422	3	0.529|.|0.440	0.000	0.000	0.000	0.000	0.000	-16.005	0.874	0.966	
MEPCE	DRAP1	DRAP1	0.495|0.502|0.540	1.537	0.512	3	0.553|.|0.545	0.000	0.000	0.000	0.000	0.000	-16.005	0.933	0.954	
MEPCE	ZNF638	ZNF638	2.174|2.276|2.196	6.647	2.216	3	1.807|2.102|1.841	0.000	0.000	0.000	0.000	0.000	-14.192	1.159	0.910	
MEPCE	KPNB1	KPNB1	8.906|8.463|9.188	26.557	8.852	3	3.606|3.510|3.480	0.029	0.029	0.029	0.029	0.029	-3.505	2.507	0.644	
MEPCE	NOLC1	NOLC1	2.422|2.383|2.263	7.069	2.356	3	1.859|2.018|1.878	0.000	0.001	0.000	0.001	0.000	-11.675	1.229	0.858	
MEPCE	CUL7	CUL7	0.336|0.642|0.713	1.692	0.564	3	1.180|0.492|0.573	0.000	0.000	0.000	0.000	0.000	-16.005	0.814	0.882	
MEPCE	GAPVD1	GAPVD1	1.021|0.913|0.988	2.923	0.974	3	0.901|0.812|1.007	0.000	0.000	0.000	0.000	0.000	-15.998	1.078	0.932	
MEPCE	NCAPH	NCAPH	2.498|1.418|1.495	5.410	1.803	3	1.304|1.402|1.922	0.000	0.000	0.000	0.000	0.000	-16.005	1.186	0.904	
MEPCE	PCLAF	PCLAF	0.898|0.624|0.818	2.341	0.780	3	1.062|0.883|0.895	0.000	0.000	0.000	0.000	0.000	-16.005	0.827	0.956	
MEPCE	PSMD6	PSMD6	2.075|2.290|2.199	6.564	2.188	3	2.708|2.667|2.418	0.000	0.000	0.000	0.000	0.000	-16.005	0.843	0.962	
MEPCE	MORF4L2	MORF4L2	2.666|2.729|0.407	5.803	1.934	3	2.184|0.878|0.849	0.050	0.081	0.050	0.081	0.050	-16.005	1.644	0.411	
MEPCE	ABRAXAS2	ABRAXAS2	0.404|0.497|0.453	1.354	0.451	3	0.364|0.449|0.364	0.000	0.000	0.000	0.000	0.000	-15.941	1.156	0.916	
MEPCE	SEPTIN2	SEPTIN2	1.881|1.944|1.814	5.638	1.879	3	1.749|1.995|2.006	0.000	0.000	0.000	0.000	0.000	-16.005	0.982	0.947	
MEPCE	SART3	SART3	13.816|13.742|13.657	41.214	13.738	3	1.279|1.228|1.136	1.000	1.000	1.000	1.000	1.000	8.995	11.324	0.000	
MEPCE	NCAPD2	NCAPD2	2.858|2.634|2.597	8.089	2.696	3	2.653|2.563|2.388	0.000	0.000	0.000	0.000	0.000	-15.905	1.065	0.921	
MEPCE	EFTUD2	EFTUD2	2.912|2.854|3.008	8.774	2.925	3	3.071|3.190|3.389	0.000	0.000	0.000	0.000	0.000	-16.005	0.910	0.962	
MEPCE	RAB3GAP1	RAB3GAP1	0.357|0.379|0.411	1.147	0.382	3	0.232|0.109|0.325	0.022	0.033	0.022	0.033	0.022	-4.299	1.897	0.682	
MEPCE	SLC39A14	SLC39A14	0.576|0.664|0.575	1.814	0.605	3	0.498|0.419|0.524	0.000	0.000	0.000	0.000	0.000	-14.155	1.264	0.889	
MEPCE	KARS1	KARS1	0.439|0.420|0.902	1.761	0.587	3	0.507|0.483|0.600	0.010	0.029	0.010	0.029	0.010	-16.005	1.113	0.798	
MEPCE	IQCB1	IQCB1	0.150|.|.	0.946	0.315	3	0.415|.|0.255	0.000	0.000	0.000	0.000	0.000	-16.005	0.969	0.968	
MEPCE	EIF4H	EIF4H	2.779|2.791|2.892	8.461	2.820	3	2.999|2.822|2.836	0.000	0.000	0.000	0.000	0.000	-16.005	0.978	0.948	
MEPCE	ACAP2	ACAP2	1.237|1.160|1.824	4.221	1.407	3	1.202|1.174|0.952	0.004	0.011	0.004	0.011	0.004	-15.890	1.275	0.825	
MEPCE	KIF14	KIF14	0.333|0.331|.	1.062	0.354	3	0.160|.|.	0.102	0.174	0.102	0.174	0.102	-1.888	2.217	0.378	
MEPCE	BRD3	BRD3	0.350|0.636|0.630	1.616	0.539	3	0.650|0.494|0.693	0.000	0.000	0.000	0.000	0.000	-16.005	0.889	0.945	
MEPCE	EEA1	EEA1	0.336|0.458|0.367	1.160	0.387	3	0.431|0.232|0.372	0.000	0.000	0.000	0.000	0.000	-16.004	1.159	0.897	
MEPCE	PDIA6	PDIA6	4.693|4.719|4.795	14.207	4.736	3	5.070|4.888|4.811	0.000	0.000	0.000	0.000	0.000	-16.005	0.962	0.948	
MEPCE	PDK3	PDK3	0.493|.|0.493	1.385	0.462	3	0.174|0.329|.	0.045	0.069	0.045	0.069	0.045	-9.156	1.929	0.422	
MEPCE	EBP	EBP	0.753|0.738|.	1.890	0.630	3	.|0.603|.	0.000	0.000	0.000	0.000	0.000	-16.005	1.045	0.907	
MEPCE	PLEC	PLEC	0.204|0.493|1.272	1.969	0.656	3	.|.|.	0.246	0.737	0.246	0.737	0.246	-16.005	1.648	0.310	
MEPCE	PPA1	PPA1	1.119|0.998|1.085	3.202	1.067	3	1.209|1.059|1.097	0.000	0.000	0.000	0.000	0.000	-16.005	0.953	0.957	
MEPCE	PTGES3	PTGES3	0.743|0.919|0.825	2.487	0.829	3	.|0.676|.	0.000	0.000	0.000	0.000	0.000	-15.235	1.227	0.866	
MEPCE	STK38	STK38	11.641|11.566|11.870	35.077	11.692	3	14.355|15.532|15.564	0.000	0.000	0.000	0.000	0.000	-16.005	0.772	0.962	
MEPCE	NONO	NONO	3.034|3.281|3.101	9.417	3.139	3	2.649|2.633|2.657	0.000	0.000	0.000	0.000	0.000	-13.060	1.186	0.873	
MEPCE	RABEP1	RABEP1	0.451|0.491|0.658	1.600	0.533	3	0.546|0.581|0.502	0.000	0.000	0.000	0.000	0.000	-16.005	0.985	0.895	
MEPCE	RNPS1	RNPS1	14.792|14.664|15.578	45.034	15.011	3	12.640|12.350|12.365	0.000	0.000	0.000	0.000	0.000	-11.799	1.206	0.868	
MEPCE	RCN1	RCN1	0.917|5.731|0.936	7.584	2.528	3	0.832|0.878|0.849	0.333	1.000	0.333	1.000	0.333	-16.256	2.964	0.209	
MEPCE	LLGL1	LLGL1	0.416|0.732|0.480	1.628	0.543	3	0.612|.|0.450	0.000	0.000	0.000	0.000	0.000	-16.005	1.034	0.876	
MEPCE	TMED2	TMED2	0.427|0.158|.	0.983	0.328	3	.|.|.	0.000	0.000	0.000	0.000	0.000	-16.005	0.823	0.945	
MEPCE	PCBP1	PCBP1	1.148|1.362|1.330	3.840	1.280	3	.|.|1.417	0.000	0.000	0.000	0.000	0.000	-16.005	0.903	0.957	
MEPCE	PCBP2	PCBP2	1.604|1.486|1.616	4.705	1.568	3	1.179|1.277|1.343	0.001	0.001	0.001	0.001	0.001	-11.923	1.240	0.844	
MEPCE	ELOC	ELOC	0.405|0.835|0.352	1.591	0.530	3	0.517|0.729|0.670	0.000	0.000	0.000	0.000	0.000	-16.005	0.839	0.927	
MEPCE	ELOB	ELOB	1.353|1.331|1.302	3.985	1.328	3	1.410|1.226|1.187	0.000	0.000	0.000	0.000	0.000	-15.954	1.045	0.939	
MEPCE	RHEB	RHEB	0.352|.|.	1.149	0.383	3	.|.|.	0.000	0.000	0.000	0.000	0.000	-16.005	0.962	0.970	
MEPCE	DHCR24	DHCR24	1.143|1.156|1.025	3.324	1.108	3	1.211|1.050|1.092	0.000	0.000	0.000	0.000	0.000	-16.005	0.993	0.943	
MEPCE	SF3B3	SF3B3	0.984|1.068|1.044	3.096	1.032	3	1.966|1.992|2.040	0.000	0.000	0.000	0.000	0.000	-16.005	0.516	0.951	
MEPCE	CNN3	CNN3	0.635|0.636|0.679	1.950	0.650	3	0.502|0.578|0.568	0.000	0.000	0.000	0.000	0.000	-13.290	1.185	0.890	
MEPCE	SAFB	SAFB	0.492|0.444|0.556	1.491	0.497	3	0.628|0.665|0.630	0.000	0.000	0.000	0.000	0.000	-16.005	0.776	0.957	
MEPCE	SF3B4	SF3B4	0.803|0.796|0.912	2.511	0.837	3	0.854|1.090|1.225	0.000	0.000	0.000	0.000	0.000	-16.005	0.801	0.953	
MEPCE	SF3A2	SF3A2	0.953|1.021|1.029	3.004	1.001	3	0.936|0.914|1.002	0.000	0.000	0.000	0.000	0.000	-16.003	1.054	0.931	
MEPCE	SF3A1	SF3A1	1.146|1.221|1.140	3.507	1.169	3	1.248|0.911|1.169	0.000	0.000	0.000	0.000	0.000	-15.969	1.063	0.941	
MEPCE	SKIC2	SKIC2	0.643|0.862|0.375	1.879	0.626	3	0.552|0.610|0.525	0.010	0.029	0.010	0.029	0.010	-16.005	1.116	0.784	
MEPCE	TCEA2	TCEA2	0.681|0.609|0.572	1.862	0.621	3	0.418|.|0.470	0.001	0.002	0.001	0.002	0.001	-12.579	1.401	0.847	
MEPCE	SF1	SF1	0.458|0.649|0.503	1.611	0.537	3	0.738|0.539|0.538	0.000	0.000	0.000	0.000	0.000	-16.005	0.898	0.944	
MEPCE	TRIP13	TRIP13	0.844|0.806|0.812	2.463	0.821	3	0.884|0.625|0.887	0.000	0.000	0.000	0.000	0.000	-15.995	1.041	0.945	
MEPCE	MED1	MED1	0.292|0.321|0.410	1.024	0.341	3	0.290|0.326|.	0.000	0.000	0.000	0.000	0.000	-16.005	1.110	0.917	
MEPCE	TRIP6	TRIP6	0.468|0.584|0.688	1.740	0.580	3	0.659|0.779|0.597	0.000	0.000	0.000	0.000	0.000	-16.005	0.860	0.947	
MEPCE	ELAVL1	ELAVL1	0.605|0.641|0.521	1.767	0.589	3	.|.|.	0.023	0.029	0.023	0.029	0.023	-4.606	1.479	0.680	
MEPCE	NSDHL	NSDHL	0.727|0.860|0.265	1.853	0.618	3	0.978|0.475|0.355	0.002	0.005	0.002	0.005	0.002	-15.817	1.126	0.832	
MEPCE	TAB1	TAB1	0.751|0.752|0.804	2.306	0.769	3	0.890|0.832|0.888	0.000	0.000	0.000	0.000	0.000	-16.005	0.884	0.957	
MEPCE	SLC1A5	SLC1A5	1.428|1.558|1.444	4.431	1.477	3	1.802|2.012|1.794	0.000	0.000	0.000	0.000	0.000	-16.005	0.791	0.948	
MEPCE	MLF2	MLF2	0.921|1.210|1.094	3.225	1.075	3	1.064|1.732|1.084	0.000	0.000	0.000	0.000	0.000	-16.005	0.854	0.954	
MEPCE	TOMM34	TOMM34	0.695|0.556|0.688	1.939	0.646	3	1.376|0.631|0.638	0.000	0.000	0.000	0.000	0.000	-15.329	0.787	0.906	
MEPCE	NEDD8	NEDD8	0.625|0.673|0.657	1.955	0.652	3	0.699|0.664|0.729	0.000	0.000	0.000	0.000	0.000	-16.005	0.936	0.957	
MEPCE	ATP6AP1	ATP6AP1	0.434|0.501|0.576	1.511	0.504	3	0.395|0.385|.	0.000	0.000	0.000	0.000	0.000	-15.477	1.292	0.877	
MEPCE	RAB11B	RAB11B	1.378|1.036|1.467	3.882	1.294	3	1.186|1.354|1.242	0.000	0.000	0.000	0.000	0.000	-16.005	1.028	0.909	
MEPCE	ZYX	ZYX	1.438|1.261|1.477	4.176	1.392	3	2.039|1.995|2.002	0.000	0.000	0.000	0.000	0.000	-16.005	0.692	0.948	
MEPCE	SEPTIN7	SEPTIN7	1.685|1.430|1.634	4.749	1.583	3	1.717|1.590|1.632	0.000	0.000	0.000	0.000	0.000	-16.005	0.962	0.945	
MEPCE	ADRM1	ADRM1	0.684|0.708|0.763	2.155	0.718	3	0.741|0.901|0.758	0.000	0.000	0.000	0.000	0.000	-16.005	0.901	0.953	
MEPCE	CCDC6	CCDC6	0.664|0.547|0.303	1.515	0.505	3	0.632|0.703|0.693	0.000	0.000	0.000	0.000	0.000	-16.005	0.748	0.957	
MEPCE	PDCD2	PDCD2	0.404|.|.	1.201	0.400	3	0.451|0.460|0.498	0.000	0.000	0.000	0.000	0.000	-16.005	0.853	0.970	
MEPCE	INA	INA	0.827|0.648|0.734	2.209	0.736	3	0.486|0.393|0.481	0.018	0.029	0.018	0.029	0.018	-9.170	1.632	0.726	
MEPCE	PKN2	PKN2	0.620|0.553|0.540	1.713	0.571	3	.|.|.	0.029	0.029	0.029	0.029	0.029	-3.505	1.434	0.476	
MEPCE	CSRP2	CSRP2	3.151|3.324|3.288	9.763	3.254	3	2.614|2.954|2.813	0.000	0.000	0.000	0.000	0.000	-13.674	1.166	0.894	
MEPCE	DDB1	DDB1	2.458|2.652|2.821	7.931	2.644	3	2.438|2.396|2.441	0.000	0.000	0.000	0.000	0.000	-15.975	1.090	0.910	
MEPCE	CDC37	CDC37	1.141|1.334|1.118	3.594	1.198	3	1.416|1.462|1.575	0.000	0.000	0.000	0.000	0.000	-16.005	0.808	0.948	
MEPCE	DPYSL2	DPYSL2	0.704|1.487|0.781	2.972	0.991	3	0.782|0.864|0.766	0.010	0.029	0.010	0.029	0.010	-16.005	1.234	0.795	
MEPCE	RBBP7	RBBP7	3.697|4.013|4.254	11.964	3.988	3	3.727|3.804|3.789	0.000	0.000	0.000	0.000	0.000	-16.005	1.057	0.922	
MEPCE	SRSF7	SRSF7	1.992|1.905|2.080	5.977	1.992	3	1.197|1.177|1.163	0.029	0.029	0.029	0.029	0.029	-3.505	1.690	0.554	
MEPCE	CPSF6	CPSF6	3.275|3.522|3.433	10.229	3.410	3	3.175|3.249|3.142	0.000	0.000	0.000	0.000	0.000	-15.892	1.069	0.927	
MEPCE	DBN1	DBN1	0.856|0.769|0.751	2.376	0.792	3	.|.|.	0.029	0.029	0.029	0.029	0.029	-3.505	1.989	0.476	
MEPCE	MAPK6	MAPK6	0.520|0.573|0.522	1.615	0.538	3	0.537|0.475|0.640	0.000	0.000	0.000	0.000	0.000	-16.005	0.984	0.945	
MEPCE	NDUFA5	NDUFA5	0.488|.|0.343	1.229	0.410	3	0.380|0.405|0.486	0.000	0.000	0.000	0.000	0.000	-16.005	0.972	0.940	
MEPCE	UBE2S	UBE2S	0.452|.|0.641	1.491	0.497	3	0.695|0.864|0.690	0.000	0.000	0.000	0.000	0.000	-16.005	0.667	0.966	
MEPCE	QPCT	QPCT	3.232|3.212|3.241	9.685	3.228	3	3.772|3.762|3.783	0.000	0.000	0.000	0.000	0.000	-16.005	0.856	0.962	
MEPCE	NDUFA9	NDUFA9	0.639|0.608|0.456	1.703	0.568	3	.|0.363|0.267	0.019	0.029	0.019	0.029	0.019	-10.841	1.825	0.698	
MEPCE	UGP2	UGP2	0.424|0.512|0.502	1.438	0.479	3	0.615|0.657|0.651	0.000	0.000	0.000	0.000	0.000	-16.005	0.748	0.957	
MEPCE	PFKFB3	PFKFB3	1.224|1.319|1.267	3.810	1.270	3	0.943|0.933|1.010	0.016	0.029	0.016	0.029	0.016	-6.851	1.321	0.732	
MEPCE	UGT8	UGT8	0.223|.|0.123	0.744	0.248	3	.|.|0.177	0.000	0.000	0.000	0.000	0.000	-16.005	1.402	0.939	
MEPCE	KNOP1	KNOP1	0.830|0.756|0.798	2.383	0.794	3	0.556|0.543|0.552	0.029	0.029	0.029	0.029	0.029	-3.505	1.443	0.554	
MEPCE	INF2	INF2	0.544|0.180|0.488	1.212	0.404	3	0.615|0.082|1.209	0.014	0.020	0.014	0.020	0.014	-5.302	1.026	0.737	
MEPCE	WASHC4	WASHC4	0.561|0.661|0.617	1.839	0.613	3	0.791|0.555|0.702	0.000	0.000	0.000	0.000	0.000	-16.005	0.908	0.956	
MEPCE	ALG11	ALG11	0.345|.|.	1.141	0.380	3	.|.|.	0.000	0.000	0.000	0.000	0.000	-16.005	0.955	0.970	
MEPCE	SMU1	SMU1	0.491|0.448|0.551	1.490	0.497	3	0.387|0.401|0.434	0.010	0.029	0.010	0.029	0.010	-14.581	1.220	0.777	
MEPCE	CWF19L2	CWF19L2	4.659|4.519|4.573	13.751	4.584	3	4.117|3.805|3.692	0.000	0.000	0.000	0.000	0.000	-12.191	1.185	0.889	
MEPCE	LRRFIP1	LRRFIP1	0.587|0.493|0.341	1.421	0.474	3	0.317|0.432|0.373	0.000	0.000	0.000	0.000	0.000	-16.005	1.277	0.881	
MEPCE	POLR1F	POLR1F	0.691|0.611|0.542	1.843	0.614	3	0.648|0.666|0.660	0.000	0.000	0.000	0.000	0.000	-16.005	0.934	0.941	
MEPCE	MAP7D1	MAP7D1	0.206|0.306|.	0.911	0.304	3	.|0.319|.	0.000	0.000	0.000	0.000	0.000	-16.005	0.951	0.967	
MEPCE	LSM12	LSM12	0.376|0.233|0.224	0.833	0.278	3	.|.|0.247	0.000	0.000	0.000	0.000	0.000	-16.005	1.126	0.900	
MEPCE	RABL6	RABL6	1.754|1.743|1.619	5.116	1.705	3	1.785|1.823|1.688	0.000	0.000	0.000	0.000	0.000	-16.005	0.966	0.948	
MEPCE	VMA21	VMA21	0.887|1.013|.	2.298	0.766	3	0.791|.|0.911	0.000	0.000	0.000	0.000	0.000	-16.005	0.902	0.913	
MEPCE	TIMM50	TIMM50	0.854|0.901|0.956	2.711	0.904	3	0.896|0.924|0.868	0.000	0.000	0.000	0.000	0.000	-16.005	1.009	0.938	
MEPCE	LARP7	LARP7	36.243|37.898|37.771	111.912	37.304	3	1.086|1.131|1.129	1.000	1.000	1.000	1.000	1.000	8.866	33.453	0.000	
MEPCE	NADK2	NADK2	0.531|.|0.246	1.175	0.392	3	.|.|0.201	0.332	0.995	0.332	0.995	0.332	-15.113	1.952	0.245	
MEPCE	GXYLT1	GXYLT1	0.526|0.400|0.515	1.441	0.480	3	0.337|0.364|1.151	0.001	0.002	0.001	0.002	0.001	-7.812	0.923	0.840	
MEPCE	TBC1D10B	TBC1D10B	2.517|2.306|2.486	7.309	2.436	3	2.113|1.989|2.103	0.000	0.000	0.000	0.000	0.000	-14.126	1.178	0.883	
MEPCE	GRIPAP1	GRIPAP1	0.274|0.394|0.504	1.171	0.390	3	.|0.338|.	0.000	0.000	0.000	0.000	0.000	-16.005	1.153	0.886	
MEPCE	FAM98B	FAM98B	0.739|0.836|0.700	2.275	0.758	3	0.754|0.927|0.826	0.000	0.000	0.000	0.000	0.000	-16.005	0.911	0.948	
MEPCE	GPAT3	GPAT3	1.268|0.250|0.235	1.753	0.584	3	.|.|0.179	0.333	1.000	0.333	1.000	0.333	-14.578	3.271	0.153	
MEPCE	HSD17B12	HSD17B12	2.061|1.836|2.020	5.917	1.972	3	1.851|1.924|1.783	0.000	0.000	0.000	0.000	0.000	-16.005	1.065	0.924	
MEPCE	USP39	USP39	0.850|0.845|0.803	2.498	0.833	3	0.511|0.571|0.572	0.029	0.029	0.029	0.029	0.029	-3.505	1.512	0.554	
MEPCE	EIPR1	EIPR1	0.895|0.839|.	2.132	0.711	3	0.371|0.680|0.575	0.000	0.001	0.000	0.001	0.000	-16.005	1.353	0.853	
MEPCE	ACTBL2	ACTBL2	18.124|18.074|19.252	55.450	18.483	3	7.988|8.321|8.506	0.029	0.029	0.029	0.029	0.029	-3.505	2.235	0.669	
MEPCE	CCDC93	CCDC93	0.461|0.569|0.614	1.644	0.548	3	0.590|0.512|0.534	0.000	0.000	0.000	0.000	0.000	-16.005	1.006	0.924	
MEPCE	SPIN4	SPIN4	0.538|0.565|0.443	1.547	0.516	3	0.392|0.317|0.323	0.012	0.029	0.012	0.029	0.012	-12.418	1.506	0.744	
MEPCE	EAPP	EAPP	0.372|0.438|0.450	1.260	0.420	3	.|0.326|0.452	0.000	0.000	0.000	0.000	0.000	-16.005	1.095	0.930	
MEPCE	HSP90AB4P	HSP90AB4P	1.196|1.150|1.208	3.554	1.185	3	1.464|1.448|1.510	0.000	0.000	0.000	0.000	0.000	-16.005	0.804	0.948	
MEPCE	HSP90AA4P	HSP90AA4P	0.719|0.695|0.752	2.166	0.722	3	0.839|0.945|0.790	0.000	0.000	0.000	0.000	0.000	-16.005	0.844	0.952	
MEPCE	TMEM97	TMEM97	0.880|0.950|0.904	2.733	0.911	3	0.930|0.843|.	0.000	0.000	0.000	0.000	0.000	-16.005	1.029	0.938	
MEPCE	FAM133B	FAM133B	21.970|20.742|21.965	64.677	21.559	3	22.433|23.097|23.825	0.000	0.000	0.000	0.000	0.000	-16.005	0.933	0.962	
MEPCE	ZNF326	ZNF326	0.622|0.713|0.693	2.028	0.676	3	0.705|0.806|0.713	0.000	0.000	0.000	0.000	0.000	-16.005	0.914	0.961	
MEPCE	PPP6R3	PPP6R3	0.662|0.729|0.931	2.322	0.774	3	0.799|0.708|0.714	0.000	0.000	0.000	0.000	0.000	-16.005	1.047	0.864	
MEPCE	FAM76B	FAM76B	0.697|.|.	1.493	0.498	3	0.583|.|0.450	0.000	0.000	0.000	0.000	0.000	-16.005	0.972	0.889	
MEPCE	PRRC2B	PRRC2B	0.676|.|0.533	1.608	0.536	3	0.364|.|0.306	0.010	0.029	0.010	0.029	0.010	-14.813	1.605	0.764	
MEPCE	RRP12	RRP12	1.066|0.934|0.933	2.933	0.978	3	0.478|0.576|0.479	0.029	0.029	0.029	0.029	0.029	-3.505	1.920	0.476	
MEPCE	PCID2	PCID2	0.234|0.168|.	0.799	0.266	3	.|0.291|.	0.000	0.000	0.000	0.000	0.000	-16.005	0.916	0.967	
MEPCE	HABP4	HABP4	0.375|0.445|0.429	1.249	0.416	3	0.373|.|0.364	0.000	0.000	0.000	0.000	0.000	-15.994	1.128	0.927	
MEPCE	RABGAP1L	RABGAP1L	0.691|0.813|0.714	2.219	0.740	3	0.770|0.697|0.815	0.000	0.000	0.000	0.000	0.000	-16.005	0.974	0.939	
MEPCE	EXOSC6	EXOSC6	1.595|1.649|1.682	4.926	1.642	3	1.850|1.910|1.933	0.000	0.000	0.000	0.000	0.000	-16.005	0.866	0.948	
MEPCE	HP1BP3	HP1BP3	0.364|0.530|0.575	1.469	0.490	3	0.307|.|.	0.011	0.029	0.011	0.029	0.011	-14.995	1.595	0.751	
MEPCE	VARS2	VARS2	0.345|0.447|.	1.190	0.397	3	.|.|.	0.000	0.000	0.000	0.000	0.000	-16.005	0.996	0.925	
MEPCE	NOL9	NOL9	0.457|0.315|0.691	1.462	0.487	3	.|0.424|0.443	0.003	0.008	0.003	0.008	0.003	-16.005	1.124	0.830	
MEPCE	CHCHD2;CHCHD2P9	CHCHD2;CHCHD2P9	9.679|9.966|9.991	29.636	9.879	3	0.640|0.938|0.678	1.000	1.000	1.000	1.000	1.000	10.024	13.332	0.000	
MEPCE	ZC3H13	ZC3H13	1.073|0.825|0.882	2.781	0.927	3	0.686|0.800|0.571	0.000	0.000	0.000	0.000	0.000	-15.001	1.365	0.893	
MEPCE	SPOUT1	SPOUT1	0.449|.|.	1.246	0.415	3	.|.|.	0.000	0.000	0.000	0.000	0.000	-16.005	1.043	0.924	
MEPCE	GPATCH4	GPATCH4	0.978|0.898|0.546	2.422	0.807	3	.|0.489|0.560	0.019	0.029	0.019	0.029	0.019	-15.889	1.544	0.706	
MEPCE	IBA57	IBA57	1.493|1.323|1.322	4.138	1.379	3	1.008|0.911|0.951	0.029	0.029	0.029	0.029	0.029	-3.505	1.443	0.554	
MEPCE	UBAP2	UBAP2	0.790|0.892|0.730	2.412	0.804	3	0.718|0.648|0.960	0.000	0.000	0.000	0.000	0.000	-16.005	1.052	0.940	
MEPCE	RBM26	RBM26	1.966|1.939|2.128	6.033	2.011	3	1.322|1.271|1.109	0.029	0.029	0.029	0.029	0.029	-3.505	1.634	0.625	
MEPCE	WLS	WLS	0.359|0.255|0.295	0.908	0.303	3	0.220|0.342|0.246	0.000	0.000	0.000	0.000	0.000	-16.005	1.145	0.931	
MEPCE	DCAF8	DCAF8	0.806|0.839|0.858	2.503	0.834	3	0.671|0.678|0.665	0.001	0.001	0.001	0.001	0.001	-10.755	1.243	0.849	
MEPCE	VPS13D	VPS13D	0.299|0.293|.	0.990	0.330	3	.|.|.	0.000	0.000	0.000	0.000	0.000	-16.005	0.828	0.967	
MEPCE	RIF1	RIF1	0.231|0.207|.	0.837	0.279	3	.|.|.	0.000	0.000	0.000	0.000	0.000	-16.005	0.700	0.967	
MEPCE	VPS53	VPS53	0.679|0.730|0.698	2.107	0.702	3	0.684|0.889|0.695	0.000	0.000	0.000	0.000	0.000	-16.005	0.936	0.955	
MEPCE	STRIP1	STRIP1	0.453|0.549|0.659	1.662	0.554	3	0.676|0.526|0.592	0.000	0.000	0.000	0.000	0.000	-16.005	0.931	0.939	
MEPCE	CDC42BPA	CDC42BPA	0.251|0.814|0.358	1.423	0.474	3	.|.|.	0.010	0.029	0.010	0.029	0.010	-16.005	1.191	0.793	
MEPCE	RPRD2	RPRD2	0.310|0.686|0.730	1.726	0.575	3	.|0.592|.	0.000	0.000	0.000	0.000	0.000	-16.005	0.973	0.913	
MEPCE	ANGEL2	ANGEL2	0.592|0.637|0.721	1.950	0.650	3	.|.|.	0.029	0.029	0.029	0.029	0.029	-3.505	1.632	0.476	
MEPCE	PRPF38B	PRPF38B	4.772|4.435|4.850	14.058	4.686	3	4.199|4.042|3.940	0.000	0.000	0.000	0.000	0.000	-14.769	1.154	0.894	
MEPCE	RNF20	RNF20	0.872|1.047|0.921	2.840	0.947	3	0.690|0.855|0.682	0.000	0.000	0.000	0.000	0.000	-14.719	1.282	0.891	
MEPCE	ZNF318	ZNF318	1.367|.|1.844	3.609	1.203	3	1.511|0.948|.	0.010	0.029	0.010	0.029	0.010	-16.005	1.005	0.783	
MEPCE	LRCH2	LRCH2	0.694|0.607|0.666	1.967	0.656	3	0.641|0.544|0.603	0.000	0.000	0.000	0.000	0.000	-15.961	1.102	0.918	
MEPCE	FOCAD	FOCAD	0.672|0.808|0.779	2.259	0.753	3	0.582|0.729|0.619	0.000	0.000	0.000	0.000	0.000	-15.878	1.176	0.913	
MEPCE	ECPAS	ECPAS	1.088|1.181|1.080	3.349	1.116	3	1.021|1.239|1.191	0.000	0.000	0.000	0.000	0.000	-16.005	0.974	0.946	
MEPCE	WASHC2A	WASHC2A	1.379|0.468|0.521	2.368	0.789	3	0.477|0.509|0.526	0.010	0.029	0.010	0.029	0.010	-16.005	1.567	0.790	
MEPCE	STEAP3	STEAP3	0.436|0.388|0.366	1.190	0.397	3	.|.|.	0.000	0.000	0.000	0.000	0.000	-16.005	0.996	0.932	
MEPCE	FAM91A1	FAM91A1	0.419|.|.	1.215	0.405	3	.|.|.	0.000	0.000	0.000	0.000	0.000	-16.005	1.017	0.968	
MEPCE	LARP1B	LARP1B	0.485|0.659|0.460	1.604	0.535	3	0.594|.|0.412	0.000	0.000	0.000	0.000	0.000	-16.005	1.080	0.899	
MEPCE	ARL6IP4	ARL6IP4	18.031|17.326|17.930	53.288	17.763	3	17.694|16.855|17.219	0.000	0.000	0.000	0.000	0.000	-16.002	1.030	0.940	
MEPCE	UTP25	UTP25	0.441|.|.	1.237	0.412	3	.|.|.	0.000	0.000	0.000	0.000	0.000	-16.005	1.035	0.934	
MEPCE	HAUS3	HAUS3	0.321|0.848|0.280	1.449	0.483	3	0.893|0.693|0.783	0.000	0.000	0.000	0.000	0.000	-16.005	0.615	0.942	
MEPCE	SPTY2D1	SPTY2D1	1.197|1.055|1.067	3.319	1.106	3	1.038|1.151|1.704	0.000	0.000	0.000	0.000	0.000	-16.005	0.873	0.953	
MEPCE	NCBP2AS2	NCBP2AS2	0.206|.|.	1.002	0.334	3	.|.|0.338	0.000	0.000	0.000	0.000	0.000	-16.005	0.990	0.969	
MEPCE	SPECC1L	SPECC1L	0.229|0.278|.	0.905	0.302	3	.|.|.	0.000	0.000	0.000	0.000	0.000	-16.005	0.757	0.967	
MEPCE	BLTP3A	BLTP3A	0.198|.|.	0.994	0.331	3	0.210|.|.	0.000	0.000	0.000	0.000	0.000	-16.005	1.578	0.969	
MEPCE	ELP2	ELP2	0.743|0.813|0.695	2.250	0.750	3	0.687|0.690|0.688	0.000	0.000	0.000	0.000	0.000	-15.990	1.090	0.904	
MEPCE	DHRS7B	DHRS7B	0.259|0.437|.	1.094	0.365	3	0.476|0.337|0.359	0.000	0.000	0.000	0.000	0.000	-16.005	0.944	0.965	
MEPCE	NCAPH2	NCAPH2	0.267|0.284|0.278	0.830	0.277	3	0.279|0.323|0.265	0.000	0.000	0.000	0.000	0.000	-16.005	0.961	0.953	
MEPCE	PPP4R3A	PPP4R3A	0.601|0.593|0.623	1.816	0.605	3	0.531|0.448|0.695	0.000	0.000	0.000	0.000	0.000	-15.914	1.104	0.941	
MEPCE	PDE12	PDE12	0.293|.|.	1.090	0.363	3	.|.|0.573	0.000	0.000	0.000	0.000	0.000	-16.005	0.634	0.969	
MEPCE	DENND10;DENND10P1	DENND10;DENND10P1	0.464|.|0.109	0.971	0.324	3	0.889|.|0.752	0.000	0.000	0.000	0.000	0.000	-16.005	0.396	0.967	
MEPCE	MZT2B	MZT2B	0.667|0.703|0.634	2.004	0.668	3	0.872|0.632|0.785	0.000	0.000	0.000	0.000	0.000	-16.005	0.883	0.952	
MEPCE	CAVIN1	CAVIN1	0.562|0.401|0.639	1.602	0.534	3	0.439|0.451|0.572	0.000	0.000	0.000	0.000	0.000	-16.005	1.104	0.918	
MEPCE	ZCCHC8	ZCCHC8	0.510|0.566|0.745	1.821	0.607	3	.|.|.	0.020	0.029	0.020	0.029	0.020	-6.432	1.524	0.688	
MEPCE	DHX57	DHX57	0.401|.|0.153	0.952	0.317	3	.|.|.	0.000	0.000	0.000	0.000	0.000	-16.005	0.797	0.966	
MEPCE	MRPL54	MRPL54	0.973|0.996|1.031	3.000	1.000	3	1.193|1.093|1.079	0.000	0.000	0.000	0.000	0.000	-16.005	0.893	0.957	
MEPCE	LPCAT3	LPCAT3	0.456|0.463|0.569	1.487	0.496	3	0.764|0.413|0.401	0.000	0.000	0.000	0.000	0.000	-15.932	0.988	0.911	
MEPCE	CDC73	CDC73	0.667|0.658|0.761	2.085	0.695	3	1.157|1.235|1.245	0.000	0.000	0.000	0.000	0.000	-16.005	0.574	0.957	
MEPCE	MRPL14	MRPL14	1.061|1.128|1.074	3.263	1.088	3	0.968|0.955|1.036	0.000	0.000	0.000	0.000	0.000	-15.158	1.103	0.916	
MEPCE	SLC27A4	SLC27A4	0.214|0.426|0.527	1.167	0.389	3	0.268|0.206|0.237	0.019	0.029	0.019	0.029	0.019	-16.005	1.649	0.710	
MEPCE	TAF2	TAF2	0.990|1.224|1.032	3.245	1.082	3	0.802|0.805|.	0.010	0.029	0.010	0.029	0.010	-11.569	1.346	0.772	
MEPCE	EDC4	EDC4	0.170|0.270|0.580	1.020	0.340	3	0.331|0.274|0.139	0.070	0.211	0.070	0.211	0.070	-13.912	1.460	0.389	
MEPCE	PRPF8	PRPF8	2.329|2.290|2.475	7.095	2.365	3	1.964|1.861|2.150	0.000	0.000	0.000	0.000	0.000	-13.188	1.190	0.878	
MEPCE	RPL22L1	RPL22L1	0.363|.|0.321	1.082	0.361	3	0.661|0.683|0.647	0.000	0.000	0.000	0.000	0.000	-16.005	0.544	0.967	
MEPCE	ALKBH5	ALKBH5	0.671|0.347|0.694	1.712	0.571	3	0.580|.|0.718	0.000	0.000	0.000	0.000	0.000	-16.005	0.884	0.939	
MEPCE	CTR9	CTR9	0.685|0.866|0.516	2.067	0.689	3	0.517|0.491|0.451	0.019	0.029	0.019	0.029	0.019	-15.438	1.419	0.703	
MEPCE	PSRC1	PSRC1	1.145|1.281|1.220	3.646	1.215	3	1.257|1.041|0.970	0.000	0.000	0.000	0.000	0.000	-15.877	1.122	0.930	
MEPCE	SKIC3	SKIC3	0.347|0.433|0.257	1.037	0.346	3	0.387|0.321|0.307	0.000	0.000	0.000	0.000	0.000	-16.005	1.027	0.915	
MEPCE	DARS2	DARS2	1.200|1.249|1.105	3.554	1.185	3	0.906|0.966|0.852	0.018	0.029	0.018	0.029	0.018	-9.885	1.306	0.725	
MEPCE	TRIM65	TRIM65	0.435|0.340|0.333	1.108	0.369	3	0.447|.|0.434	0.000	0.000	0.000	0.000	0.000	-16.005	0.839	0.957	
MEPCE	BRAT1	BRAT1	0.199|.|.	0.996	0.332	3	0.539|.|0.553	0.000	0.000	0.000	0.000	0.000	-16.005	0.608	0.970	
MEPCE	CCDC137	CCDC137	0.629|0.740|0.431	1.800	0.600	3	.|0.536|.	0.000	0.000	0.000	0.000	0.000	-16.005	1.121	0.878	
MEPCE	LARP1	LARP1	1.395|1.533|1.259	4.187	1.396	3	0.998|1.019|0.963	0.020	0.029	0.020	0.029	0.020	-7.166	1.405	0.692	
MEPCE	SARM1	SARM1	0.784|0.775|0.804	2.363	0.788	3	0.859|0.904|0.796	0.000	0.000	0.000	0.000	0.000	-16.005	0.925	0.957	
MEPCE	MTHFD1L	MTHFD1L	1.902|1.653|1.744	5.299	1.766	3	1.444|1.390|1.810	0.000	0.000	0.000	0.000	0.000	-15.812	1.149	0.927	
MEPCE	FIP1L1	FIP1L1	0.661|0.586|0.650	1.897	0.632	3	0.569|0.346|0.990	0.000	0.000	0.000	0.000	0.000	-8.641	1.090	0.856	
MEPCE	CRTC3	CRTC3	0.411|.|.	1.207	0.402	3	.|.|0.484	0.000	0.000	0.000	0.000	0.000	-16.005	0.831	0.969	
MEPCE	WDR82	WDR82	0.775|0.736|0.876	2.387	0.796	3	0.735|0.846|0.735	0.000	0.000	0.000	0.000	0.000	-16.005	1.033	0.926	
MEPCE	RAB11FIP1	RAB11FIP1	0.973|0.926|0.927	2.826	0.942	3	.|.|.	0.029	0.029	0.029	0.029	0.029	-3.505	2.366	0.476	
MEPCE	GIGYF2	GIGYF2	1.047|0.963|1.008	3.018	1.006	3	0.824|0.953|0.983	0.000	0.000	0.000	0.000	0.000	-15.807	1.097	0.928	
MEPCE	NFXL1	NFXL1	0.461|0.540|0.639	1.640	0.547	3	.|0.454|0.493	0.000	0.000	0.000	0.000	0.000	-16.005	1.155	0.896	
MEPCE	VPS13C	VPS13C	0.504|0.334|0.492	1.329	0.443	3	0.165|0.281|0.407	0.010	0.017	0.010	0.017	0.010	-8.245	1.663	0.757	
MEPCE	USP34	USP34	0.406|0.483|0.516	1.405	0.468	3	0.354|.|0.437	0.000	0.000	0.000	0.000	0.000	-15.964	1.189	0.912	
MEPCE	FRA10AC1	FRA10AC1	0.852|0.923|0.937	2.712	0.904	3	0.845|0.723|0.740	0.000	0.000	0.000	0.000	0.000	-14.856	1.178	0.901	
MEPCE	TUBA1A	TUBA1A	2.522|2.572|2.731	7.824	2.608	3	3.541|3.453|3.500	0.000	0.000	0.000	0.000	0.000	-16.005	0.746	0.962	
MEPCE	RPS27L	RPS27L	3.922|3.786|3.767	11.476	3.825	3	3.473|3.960|3.756	0.000	0.000	0.000	0.000	0.000	-15.984	1.027	0.940	
MEPCE	SND1	SND1	0.991|1.015|1.087	3.092	1.031	3	1.306|1.396|1.467	0.000	0.000	0.000	0.000	0.000	-16.005	0.742	0.957	
MEPCE	DDX46	DDX46	11.263|11.314|11.714	34.291	11.430	3	10.460|11.114|11.206	0.000	0.000	0.000	0.000	0.000	-15.855	1.047	0.935	
MEPCE	TRMT10C	TRMT10C	0.936|1.100|1.134	3.171	1.057	3	0.921|1.010|0.851	0.000	0.000	0.000	0.000	0.000	-15.989	1.143	0.902	
MEPCE	BZW1	BZW1	0.712|0.703|0.652	2.066	0.689	3	0.802|0.662|0.636	0.000	0.000	0.000	0.000	0.000	-16.005	0.989	0.947	
MEPCE	DHX30	DHX30	0.749|0.740|0.776	2.264	0.755	3	.|.|.	0.029	0.029	0.029	0.029	0.029	-3.505	1.895	0.476	
MEPCE	EIF3M	EIF3M	1.462|1.512|1.486	4.459	1.486	3	1.212|1.381|1.118	0.000	0.000	0.000	0.000	0.000	-14.078	1.206	0.913	
MEPCE	MEPCE	MEPCE	.|.|.	1.195	0.398	3	1.126|1.108|1.146	0.000	0.000	0.000	0.000	0.000	-16.005	0.353	0.971	
MEPCE	RSRC2	RSRC2	5.126|5.168|5.382	15.677	5.226	3	4.005|4.014|4.247	0.006	0.016	0.006	0.016	0.006	-7.942	1.279	0.820	
MEPCE	CYFIP1	CYFIP1	1.043|1.041|1.153	3.237	1.079	3	1.052|1.156|0.965	0.000	0.000	0.000	0.000	0.000	-16.005	1.023	0.937	
MEPCE	GET4	GET4	1.084|1.200|1.284	3.567	1.189	3	0.967|.|0.239	0.148	0.386	0.148	0.386	0.148	-3.505	2.471	0.355	
MEPCE	COPS6	COPS6	1.367|1.389|1.446	4.203	1.401	3	1.405|1.394|1.385	0.000	0.000	0.000	0.000	0.000	-16.005	1.005	0.943	
MEPCE	TAOK1	TAOK1	0.532|0.317|0.551	1.400	0.467	3	0.624|0.613|0.485	0.000	0.000	0.000	0.000	0.000	-16.005	0.818	0.954	
MEPCE	FASTKD5	FASTKD5	0.577|0.876|0.564	2.017	0.672	3	0.323|0.482|0.437	0.153	0.460	0.153	0.460	0.153	-14.222	1.645	0.353	
MEPCE	MOB1B	MOB1B	0.441|0.586|0.534	1.560	0.520	3	0.623|0.802|0.759	0.000	0.000	0.000	0.000	0.000	-16.005	0.718	0.954	
MEPCE	PHF5A	PHF5A	0.785|0.848|0.884	2.516	0.839	3	0.745|.|0.801	0.000	0.000	0.000	0.000	0.000	-15.981	1.086	0.925	
MEPCE	TRMT1L	TRMT1L	0.578|0.746|0.814	2.138	0.713	3	.|.|.	0.029	0.029	0.029	0.029	0.029	-3.505	1.790	0.476	
MEPCE	ZC3HAV1	ZC3HAV1	0.635|0.913|0.697	2.245	0.748	3	.|.|0.568	0.010	0.029	0.010	0.029	0.010	-15.138	1.317	0.783	
MEPCE	TRAPPC11	TRAPPC11	0.456|0.424|0.660	1.539	0.513	3	0.406|0.490|0.506	0.000	0.000	0.000	0.000	0.000	-16.005	1.103	0.883	
MEPCE	VPS35L	VPS35L	0.479|2.637|0.495	3.611	1.204	3	0.424|2.670|0.573	0.024	0.069	0.024	0.069	0.024	-6.519	1.391	0.679	
MEPCE	MON2	MON2	1.379|1.424|1.339	4.141	1.380	3	1.497|1.393|1.293	0.000	0.000	0.000	0.000	0.000	-16.005	0.992	0.945	
MEPCE	MYH14	MYH14	1.672|1.651|1.809	5.133	1.711	3	1.810|1.798|1.832	0.000	0.000	0.000	0.000	0.000	-16.005	0.943	0.948	
MEPCE	NUFIP2	NUFIP2	0.992|0.855|0.901	2.748	0.916	3	0.751|0.744|0.740	0.010	0.029	0.010	0.029	0.010	-13.006	1.230	0.776	
MEPCE	HAUS6	HAUS6	0.187|.|0.388	0.973	0.324	3	.|0.168|0.382	0.000	0.000	0.000	0.000	0.000	-16.005	1.278	0.897	
MEPCE	KIF21A	KIF21A	0.358|0.308|0.406	1.073	0.358	3	.|.|0.345	0.000	0.000	0.000	0.000	0.000	-16.005	1.035	0.934	
MEPCE	HDGFL2	HDGFL2	0.642|0.886|0.803	2.331	0.777	3	0.918|0.921|0.925	0.000	0.000	0.000	0.000	0.000	-16.005	0.843	0.957	
MEPCE	ARHGAP22	ARHGAP22	0.570|0.487|0.566	1.623	0.541	3	0.349|0.292|.	0.013	0.023	0.013	0.023	0.013	-9.486	1.694	0.742	
MEPCE	HUWE1	HUWE1	3.250|1.859|1.778	6.887	2.296	3	1.552|1.546|1.606	0.010	0.029	0.010	0.029	0.010	-13.515	1.464	0.779	
MEPCE	SLFN11	SLFN11	0.684|0.419|0.416	1.519	0.506	3	0.538|0.742|0.602	0.000	0.000	0.000	0.000	0.000	-16.005	0.814	0.942	
MEPCE	PATL1	PATL1	0.460|.|0.492	1.350	0.450	3	.|.|.	0.000	0.000	0.000	0.000	0.000	-16.005	1.130	0.876	
MEPCE	MRPL52	MRPL52	0.448|0.483|0.210	1.141	0.380	3	0.383|0.417|0.426	0.000	0.000	0.000	0.000	0.000	-16.005	0.932	0.903	
MEPCE	PABPN1	PABPN1	0.499|0.609|0.569	1.677	0.559	3	0.340|0.465|0.377	0.000	0.000	0.000	0.000	0.000	-14.240	1.432	0.888	
MEPCE	MTDH	MTDH	0.722|0.700|0.668	2.090	0.697	3	0.476|0.455|0.340	0.000	0.000	0.000	0.000	0.000	-11.082	1.662	0.875	
MEPCE	ZNF598	ZNF598	0.810|0.810|0.588	2.208	0.736	3	0.687|0.677|0.742	0.000	0.000	0.000	0.000	0.000	-16.005	1.049	0.908	
MEPCE	GPAT4	GPAT4	0.177|.|.	0.974	0.325	3	.|.|.	0.000	0.000	0.000	0.000	0.000	-16.005	0.815	0.970	
MEPCE	CADPS2	CADPS2	0.454|0.394|0.535	1.383	0.461	3	0.633|0.727|0.708	0.000	0.000	0.000	0.000	0.000	-16.005	0.670	0.957	
MEPCE	ALYREF	ALYREF	15.885|15.278|15.060	46.223	15.408	3	9.967|10.758|10.712	0.029	0.029	0.029	0.029	0.029	-3.505	1.471	0.669	
MEPCE	IQGAP3	IQGAP3	0.396|0.300|.	1.094	0.365	3	0.455|0.557|.	0.000	0.000	0.000	0.000	0.000	-16.005	0.725	0.966	
MEPCE	CAND1	CAND1	0.908|0.740|1.041	2.690	0.897	3	1.234|1.560|0.881	0.000	0.000	0.000	0.000	0.000	-16.005	0.752	0.952	
MEPCE	COMMD7	COMMD7	0.521|0.252|0.472	1.246	0.415	3	0.520|0.509|0.602	0.000	0.000	0.000	0.000	0.000	-16.005	0.766	0.952	
MEPCE	METTL16	METTL16	17.496|17.723|17.550	52.770	17.590	3	.|.|.	1.000	1.000	1.000	1.000	1.000	8.991	44.173	0.000	
MEPCE	GPBP1	GPBP1	0.465|0.690|0.416	1.571	0.524	3	0.829|.|.	0.000	0.000	0.000	0.000	0.000	-16.005	0.632	0.952	
MEPCE	PROSER2	PROSER2	0.661|0.734|0.722	2.117	0.706	3	0.506|0.589|0.589	0.000	0.000	0.000	0.000	0.000	-13.340	1.259	0.872	
MEPCE	RPS19BP1	RPS19BP1	1.034|1.065|1.039	3.137	1.046	3	0.741|0.739|0.846	0.013	0.029	0.013	0.029	0.013	-5.542	1.351	0.743	
MEPCE	CARM1	CARM1	0.783|0.689|0.713	2.185	0.728	3	1.051|0.985|1.012	0.000	0.000	0.000	0.000	0.000	-16.005	0.717	0.957	
MEPCE	COMMD2	COMMD2	0.765|0.751|0.809	2.325	0.775	3	0.759|0.700|0.769	0.000	0.000	0.000	0.000	0.000	-15.982	1.044	0.932	
MEPCE	CIR1	CIR1	2.326|2.538|2.552	7.416	2.472	3	3.847|3.714|3.679	0.000	0.000	0.000	0.000	0.000	-16.005	0.660	0.948	
MEPCE	NCAPG2	NCAPG2	0.564|0.534|0.494	1.592	0.531	3	0.711|0.693|0.696	0.000	0.000	0.000	0.000	0.000	-16.005	0.758	0.957	
MEPCE	DDX42	DDX42	1.682|1.585|1.600	4.867	1.622	3	0.689|1.105|1.119	0.001	0.001	0.001	0.001	0.001	-8.358	1.712	0.849	
MEPCE	DNAAF5	DNAAF5	0.774|0.899|0.769	2.443	0.814	3	0.724|0.722|0.726	0.000	0.000	0.000	0.000	0.000	-15.419	1.125	0.873	
MEPCE	HOMER1	HOMER1	0.552|0.530|0.466	1.549	0.516	3	0.550|0.301|0.308	0.000	0.000	0.000	0.000	0.000	-11.808	1.392	0.871	
MEPCE	GATAD2A	GATAD2A	0.378|.|.	1.174	0.391	3	.|.|.	0.000	0.000	0.000	0.000	0.000	-16.005	0.983	0.970	
MEPCE	C2CD5	C2CD5	0.533|0.502|0.502	1.536	0.512	3	0.556|0.617|0.597	0.000	0.000	0.000	0.000	0.000	-16.005	0.869	0.957	
MEPCE	ERC1	ERC1	0.684|0.611|0.635	1.930	0.643	3	0.791|1.030|0.877	0.000	0.000	0.000	0.000	0.000	-16.005	0.720	0.953	
MEPCE	TRAPPC5	TRAPPC5	2.997|2.862|3.003	8.861	2.954	3	3.334|3.305|3.077	0.000	0.000	0.000	0.000	0.000	-16.005	0.913	0.948	
MEPCE	PLD3	PLD3	0.883|0.945|0.761	2.589	0.863	3	0.711|0.780|0.732	0.000	0.001	0.000	0.001	0.000	-15.885	1.166	0.852	
MEPCE	MAP7D3	MAP7D3	2.355|2.256|2.635	7.246	2.415	3	1.802|1.784|1.721	0.020	0.029	0.020	0.029	0.020	-6.708	1.366	0.690	
MEPCE	FOXRED2	FOXRED2	0.504|0.472|.	1.374	0.458	3	0.635|.|0.495	0.000	0.000	0.000	0.000	0.000	-16.005	0.817	0.966	
MEPCE	MGA	MGA	0.399|.|.	1.195	0.398	3	0.091|0.459|0.543	0.005	0.014	0.005	0.014	0.005	-4.264	1.405	0.823	
MEPCE	PHF6	PHF6	2.922|2.910|3.156	8.988	2.996	3	2.321|2.347|2.481	0.009	0.028	0.009	0.028	0.009	-9.703	1.258	0.815	
MEPCE	CHERP	CHERP	1.739|1.722|1.816	5.277	1.759	3	1.286|1.287|1.308	0.029	0.029	0.029	0.029	0.029	-3.505	1.360	0.629	
MEPCE	CDAN1	CDAN1	0.628|0.471|0.691	1.791	0.597	3	.|0.455|0.483	0.000	0.001	0.000	0.001	0.000	-16.003	1.273	0.863	
MEPCE	ANKHD1	ANKHD1	0.535|0.425|0.499	1.460	0.487	3	0.310|0.349|.	0.000	0.001	0.000	0.001	0.000	-13.539	1.478	0.857	
MEPCE	CCAR1	CCAR1	1.527|1.385|1.455	4.367	1.456	3	1.334|1.272|1.295	0.000	0.000	0.000	0.000	0.000	-15.372	1.120	0.905	
MEPCE	DHX40	DHX40	0.689|0.713|0.606	2.008	0.669	3	1.004|0.776|0.704	0.000	0.000	0.000	0.000	0.000	-16.005	0.818	0.954	
MEPCE	DNAJC10	DNAJC10	1.544|1.643|1.452	4.639	1.546	3	1.317|1.517|0.938	0.000	0.000	0.000	0.000	0.000	-15.677	1.254	0.931	
MEPCE	NELFCD	NELFCD	0.390|.|.	1.186	0.395	3	.|.|0.401	0.000	0.000	0.000	0.000	0.000	-16.005	0.985	0.969	
MEPCE	MSRB3	MSRB3	0.968|0.965|0.970	2.903	0.968	3	1.174|1.123|1.248	0.000	0.000	0.000	0.000	0.000	-16.005	0.820	0.957	
MEPCE	MRPL41	MRPL41	0.312|0.286|0.499	1.098	0.366	3	0.260|.|.	0.008	0.024	0.008	0.024	0.008	-15.750	1.405	0.816	
MEPCE	PLPP6	PLPP6	0.538|.|0.538	1.474	0.491	3	0.382|.|0.417	0.000	0.000	0.000	0.000	0.000	-16.005	1.231	0.900	
MEPCE	RAVER1	RAVER1	1.025|0.752|0.557	2.333	0.778	3	0.800|0.821|0.679	0.000	0.000	0.000	0.000	0.000	-16.005	1.018	0.887	
MEPCE	SRRM1	SRRM1	1.266|1.239|1.434	3.939	1.313	3	0.902|0.941|0.917	0.029	0.029	0.029	0.029	0.029	-3.505	1.427	0.554	
MEPCE	GSPT2	GSPT2	0.586|0.602|0.578	1.766	0.589	3	0.785|0.686|0.871	0.000	0.000	0.000	0.000	0.000	-16.005	0.758	0.953	
MEPCE	EXOC8	EXOC8	0.602|.|0.890	1.890	0.630	3	0.487|0.671|.	0.010	0.029	0.010	0.029	0.010	-16.005	1.102	0.799	
MEPCE	THNSL1	THNSL1	0.312|.|.	1.108	0.369	3	0.409|.|.	0.000	0.000	0.000	0.000	0.000	-16.005	0.903	0.968	
MEPCE	ALDH16A1	ALDH16A1	0.455|0.398|0.495	1.349	0.450	3	0.643|0.652|0.675	0.000	0.000	0.000	0.000	0.000	-16.005	0.685	0.957	
MEPCE	ABI1	ABI1	0.681|0.745|0.736	2.163	0.721	3	0.798|0.816|0.738	0.000	0.000	0.000	0.000	0.000	-16.005	0.920	0.957	
MEPCE	SELENOH	SELENOH	1.092|1.264|1.110	3.466	1.155	3	0.827|0.886|1.007	0.000	0.001	0.000	0.001	0.000	-13.317	1.278	0.863	
MEPCE	RBIS	RBIS	1.615|1.732|1.662	5.009	1.670	3	1.442|1.556|1.400	0.000	0.000	0.000	0.000	0.000	-14.495	1.140	0.902	
MEPCE	VKORC1L1	VKORC1L1	0.304|0.485|.	1.187	0.396	3	0.133|.|0.134	0.600	1.000	0.600	1.000	0.600	1.382	2.960	0.076	
MEPCE	RBFA	RBFA	0.615|0.563|0.553	1.731	0.577	3	0.551|0.475|0.540	0.000	0.000	0.000	0.000	0.000	-15.596	1.108	0.914	
MEPCE	SPART	SPART	0.934|0.848|0.890	2.672	0.891	3	0.541|0.402|0.719	0.000	0.001	0.000	0.001	0.000	-9.362	1.654	0.853	
MEPCE	CYP4X1	CYP4X1	0.604|0.508|0.426	1.538	0.513	3	.|.|.	0.010	0.029	0.010	0.029	0.010	-15.310	1.287	0.756	
MEPCE	CCAR2	CCAR2	2.154|2.325|2.296	6.776	2.259	3	2.127|2.300|2.292	0.000	0.000	0.000	0.000	0.000	-16.005	1.009	0.942	
MEPCE	VPS52	VPS52	0.740|0.661|0.663	2.064	0.688	3	0.829|0.858|0.729	0.000	0.000	0.000	0.000	0.000	-16.005	0.857	0.957	
MEPCE	NUP93	NUP93	0.203|0.378|0.284	0.864	0.288	3	0.803|0.770|0.519	0.000	0.000	0.000	0.000	0.000	-16.005	0.421	0.957	
MEPCE	LRRC47	LRRC47	1.415|1.540|1.540	4.495	1.498	3	1.321|1.522|1.260	0.000	0.000	0.000	0.000	0.000	-15.896	1.099	0.928	
MEPCE	H2BC26	H2BC26	0.377|.|.	1.173	0.391	3	0.264|.|0.372	0.000	0.000	0.000	0.000	0.000	-14.805	1.246	0.942	
MEPCE	ABHD12	ABHD12	0.375|.|.	1.171	0.390	3	.|.|.	0.000	0.000	0.000	0.000	0.000	-16.005	0.980	0.970	
MEPCE	STAG2	STAG2	0.505|0.718|0.489	1.712	0.571	3	0.408|0.427|0.687	0.000	0.000	0.000	0.000	0.000	-16.005	1.158	0.902	
MEPCE	ZGPAT	ZGPAT	0.912|0.976|0.885	2.773	0.924	3	0.571|0.517|0.674	0.003	0.007	0.003	0.007	0.003	-8.731	1.584	0.829	
MEPCE	NKAP	NKAP	3.245|3.349|3.391	9.984	3.328	3	3.535|3.477|3.446	0.000	0.000	0.000	0.000	0.000	-16.005	0.955	0.962	
MEPCE	NOPCHAP1	NOPCHAP1	0.399|0.486|.	1.284	0.428	3	0.325|.|0.439	0.000	0.000	0.000	0.000	0.000	-15.883	1.133	0.918	
MEPCE	CISD2	CISD2	0.701|0.776|0.695	2.173	0.724	3	0.579|0.657|0.809	0.000	0.000	0.000	0.000	0.000	-15.983	1.072	0.939	
MEPCE	RPP25L	RPP25L	0.953|1.028|1.256	3.237	1.079	3	0.877|0.834|0.698	0.002	0.005	0.002	0.005	0.002	-14.388	1.350	0.835	
MEPCE	MRPL50	MRPL50	0.384|.|.	1.181	0.394	3	.|.|.	0.000	0.000	0.000	0.000	0.000	-16.005	0.988	0.970	
MEPCE	CPSF7	CPSF7	2.054|1.699|1.495	5.249	1.750	3	2.174|2.729|2.211	0.000	0.000	0.000	0.000	0.000	-16.005	0.742	0.951	
MEPCE	PAF1	PAF1	0.756|0.670|0.659	2.086	0.695	3	0.508|0.591|0.597	0.000	0.000	0.000	0.000	0.000	-13.766	1.233	0.867	
MEPCE	ENAH	ENAH	1.152|1.106|1.144	3.403	1.134	3	1.195|1.144|1.230	0.000	0.000	0.000	0.000	0.000	-16.005	0.954	0.957	
MEPCE	MRPL43	MRPL43	0.279|0.337|.	1.014	0.338	3	.|.|.	0.000	0.000	0.000	0.000	0.000	-16.005	0.849	0.967	
MEPCE	FAM133A	FAM133A	0.695|0.853|0.826	2.374	0.791	3	0.586|1.025|.	0.000	0.000	0.000	0.000	0.000	-16.005	1.021	0.934	
MEPCE	SREK1IP1	SREK1IP1	3.998|5.040|.	9.436	3.145	3	6.262|7.259|7.180	0.000	0.000	0.000	0.000	0.000	-16.005	0.457	0.967	
MEPCE	PRPF38A	PRPF38A	3.583|3.740|3.469	10.793	3.598	3	3.444|3.042|3.010	0.000	0.000	0.000	0.000	0.000	-14.837	1.139	0.907	
MEPCE	ZNF511	ZNF511	1.262|1.228|1.251	3.741	1.247	3	.|.|.	0.413	0.615	0.413	0.615	0.413	-1.655	3.132	0.094	
MEPCE	COLGALT1	COLGALT1	0.323|0.461|0.412	1.195	0.398	3	0.455|0.485|0.471	0.000	0.000	0.000	0.000	0.000	-16.005	0.847	0.957	
MEPCE	TXNDC5	TXNDC5	1.949|1.813|1.835	5.596	1.865	3	1.815|1.765|1.719	0.000	0.000	0.000	0.000	0.000	-15.898	1.056	0.929	
MEPCE	SPC24	SPC24	0.245|.|0.234	0.878	0.293	3	0.576|0.615|0.317	0.000	0.000	0.000	0.000	0.000	-16.005	0.607	0.967	
MEPCE	SCCPDH	SCCPDH	0.587|0.584|0.468	1.640	0.547	3	0.534|0.455|0.487	0.000	0.000	0.000	0.000	0.000	-16.005	1.113	0.905	
MEPCE	SERBP1	SERBP1	8.305|7.921|7.587	23.813	7.938	3	8.420|8.567|8.778	0.000	0.000	0.000	0.000	0.000	-16.005	0.924	0.962	
MEPCE	KCT2	KCT2	0.375|0.441|0.303	1.119	0.373	3	.|0.239|.	0.001	0.002	0.001	0.002	0.001	-14.530	1.561	0.844	
MEPCE	FAM98A	FAM98A	1.273|1.212|1.443	3.928	1.309	3	1.481|1.222|1.237	0.000	0.000	0.000	0.000	0.000	-16.005	1.001	0.938	
MEPCE	NFATC2IP	NFATC2IP	1.569|1.464|1.366	4.398	1.466	3	1.318|1.557|1.432	0.000	0.000	0.000	0.000	0.000	-16.005	1.024	0.935	
MEPCE	DYNC2H1	DYNC2H1	0.602|1.507|0.516	2.625	0.875	3	0.686|0.518|0.531	0.324	0.971	0.324	0.971	0.324	-16.005	1.526	0.257	
MEPCE	LSM14A	LSM14A	28.758|29.739|30.270	88.767	29.589	3	26.716|25.873|26.713	0.000	0.000	0.000	0.000	0.000	-14.886	1.119	0.914	
MEPCE	C1orf131	C1orf131	1.756|2.208|1.969	5.933	1.978	3	1.266|1.448|1.219	0.020	0.029	0.020	0.029	0.020	-8.030	1.513	0.693	
MEPCE	ABCF1	ABCF1	1.259|1.302|1.256	3.818	1.273	3	1.555|1.251|1.114	0.000	0.000	0.000	0.000	0.000	-16.005	0.983	0.948	
MEPCE	SLC30A7	SLC30A7	0.871|0.890|0.865	2.626	0.875	3	0.837|0.813|0.945	0.000	0.000	0.000	0.000	0.000	-16.004	1.014	0.945	
MEPCE	LPCAT1	LPCAT1	0.624|0.198|0.263	1.086	0.362	3	0.338|.|0.306	0.010	0.029	0.010	0.029	0.010	-16.005	1.126	0.794	
MEPCE	FLAD1	FLAD1	0.277|.|.	1.073	0.358	3	.|.|.	0.000	0.000	0.000	0.000	0.000	-16.005	0.899	0.970	
MEPCE	NUP43	NUP43	0.603|0.631|0.800	2.034	0.678	3	0.622|0.555|0.628	0.010	0.029	0.010	0.029	0.010	-16.003	1.128	0.790	
MEPCE	CMAS	CMAS	2.002|2.230|2.282	6.514	2.171	3	0.906|0.924|0.872	0.029	0.029	0.029	0.029	0.029	-3.505	2.411	0.554	
MEPCE	MOSPD2	MOSPD2	0.491|0.488|0.543	1.522	0.507	3	0.440|0.501|0.571	0.000	0.000	0.000	0.000	0.000	-16.005	1.012	0.942	
MEPCE	THOC2	THOC2	1.789|1.700|2.533	6.022	2.007	3	1.031|1.261|1.009	0.016	0.029	0.016	0.029	0.016	-6.396	1.834	0.730	
MEPCE	COQ8A	COQ8A	0.823|0.868|0.948	2.638	0.879	3	1.019|0.715|0.729	0.000	0.000	0.000	0.000	0.000	-16.000	1.086	0.939	
MEPCE	RP9	RP9	4.036|4.123|4.223	12.382	4.127	3	5.857|5.763|5.673	0.000	0.000	0.000	0.000	0.000	-16.005	0.716	0.962	
MEPCE	SNIP1	SNIP1	0.900|0.842|0.827	2.569	0.856	3	0.857|0.780|0.857	0.000	0.000	0.000	0.000	0.000	-16.005	1.031	0.934	
MEPCE	GADD45GIP1	GADD45GIP1	0.800|1.024|0.907	2.731	0.910	3	0.809|0.817|0.770	0.001	0.002	0.001	0.002	0.001	-16.004	1.140	0.848	
MEPCE	EXOC6	EXOC6	0.294|0.210|0.371	0.875	0.292	3	.|.|.	0.000	0.000	0.000	0.000	0.000	-16.005	0.733	0.957	
MEPCE	MPLKIP	MPLKIP	0.634|0.490|.	1.522	0.507	3	0.459|.|.	0.000	0.000	0.000	0.000	0.000	-16.005	1.106	0.890	
MEPCE	SMARCC2	SMARCC2	0.532|0.623|0.733	1.888	0.629	3	0.680|0.396|0.595	0.000	0.000	0.000	0.000	0.000	-16.005	1.159	0.923	
MEPCE	FBXO30	FBXO30	0.475|0.292|0.203	0.970	0.323	3	0.583|0.583|0.516	0.000	0.000	0.000	0.000	0.000	-16.005	0.577	0.951	
MEPCE	SLC35B2	SLC35B2	0.388|0.492|0.460	1.341	0.447	3	.|0.199|.	0.638	0.982	0.638	0.982	0.638	-5.026	2.243	0.070	
MEPCE	TBC1D15	TBC1D15	0.829|0.889|0.698	2.417	0.806	3	0.485|0.512|0.444	0.029	0.029	0.029	0.029	0.029	-3.505	1.679	0.471	
MEPCE	RDH11	RDH11	0.281|0.264|0.611	1.155	0.385	3	0.188|0.272|0.309	0.310	0.930	0.310	0.930	0.310	-15.978	1.534	0.272	
MEPCE	PNPT1	PNPT1	0.504|0.446|0.524	1.474	0.491	3	0.545|0.487|0.488	0.000	0.000	0.000	0.000	0.000	-16.005	0.970	0.943	
MEPCE	HM13	HM13	1.175|1.051|1.167	3.393	1.131	3	0.905|0.883|0.880	0.011	0.022	0.011	0.022	0.011	-11.593	1.272	0.750	
MEPCE	DYNC2LI1	DYNC2LI1	0.171|0.289|.	0.858	0.286	3	.|.|.	0.000	0.000	0.000	0.000	0.000	-16.005	0.718	0.967	
MEPCE	NEK9	NEK9	0.600|0.616|0.641	1.856	0.619	3	0.633|0.538|0.599	0.000	0.000	0.000	0.000	0.000	-15.967	1.051	0.936	
MEPCE	DDX54	DDX54	6.020|5.955|6.067	18.042	6.014	3	5.560|6.574|5.398	0.000	0.000	0.000	0.000	0.000	-15.971	1.033	0.943	
MEPCE	TRAF3IP1	TRAF3IP1	0.320|0.336|0.310	0.966	0.322	3	0.229|0.284|0.268	0.000	0.000	0.000	0.000	0.000	-14.044	1.241	0.904	
MEPCE	NEK6;NEK7	NEK6;NEK7	0.330|0.334|0.365	1.029	0.343	3	.|0.287|.	0.000	0.000	0.000	0.000	0.000	-15.374	1.194	0.924	
MEPCE	DCAF11	DCAF11	0.736|0.317|.	1.451	0.484	3	0.473|0.304|0.364	0.005	0.015	0.005	0.015	0.005	-16.005	1.293	0.822	
MEPCE	GEMIN5	GEMIN5	0.783|0.828|0.908	2.519	0.840	3	0.773|0.896|1.241	0.000	0.000	0.000	0.000	0.000	-16.005	0.883	0.956	
MEPCE	PARD3	PARD3	0.679|.|0.714	1.792	0.597	3	0.813|0.708|0.648	0.000	0.000	0.000	0.000	0.000	-16.005	0.830	0.966	
MEPCE	IPO4	IPO4	0.396|0.595|0.299	1.289	0.430	3	0.454|0.530|0.492	0.000	0.000	0.000	0.000	0.000	-16.005	0.875	0.901	
MEPCE	PNISR	PNISR	1.564|1.531|1.573	4.668	1.556	3	1.651|1.577|1.713	0.000	0.000	0.000	0.000	0.000	-16.005	0.945	0.962	
MEPCE	PPP4R1	PPP4R1	0.459|0.512|0.486	1.458	0.486	3	0.605|0.505|0.684	0.000	0.000	0.000	0.000	0.000	-16.005	0.819	0.954	
MEPCE	COG1	COG1	0.435|.|0.403	1.237	0.412	3	0.058|.|0.245	0.667	1.000	0.667	1.000	0.667	8.602	3.459	0.052	
MEPCE	ZC3H15	ZC3H15	0.897|0.858|0.912	2.667	0.889	3	0.906|0.708|0.815	0.000	0.000	0.000	0.000	0.000	-15.810	1.104	0.933	
MEPCE	PPIL4	PPIL4	7.368|7.547|7.264	22.179	7.393	3	5.842|6.742|7.062	0.000	0.000	0.000	0.000	0.000	-15.127	1.133	0.924	
MEPCE	PHF10	PHF10	0.720|0.716|0.797	2.234	0.745	3	.|.|.	0.029	0.029	0.029	0.029	0.029	-3.505	1.870	0.476	
MEPCE	TGFBRAP1	TGFBRAP1	0.199|.|.	0.996	0.332	3	.|0.197|.	0.000	0.000	0.000	0.000	0.000	-16.001	1.688	0.968	
MEPCE	TMEM263	TMEM263	0.729|0.792|0.883	2.405	0.802	3	0.781|0.940|0.568	0.000	0.000	0.000	0.000	0.000	-16.005	1.073	0.941	
MEPCE	PTPMT1	PTPMT1	0.705|.|0.669	1.772	0.591	3	0.600|0.374|0.531	0.000	0.000	0.000	0.000	0.000	-16.005	1.200	0.927	
MEPCE	NUP133	NUP133	0.574|0.766|0.779	2.119	0.706	3	0.683|0.731|1.532	0.000	0.000	0.000	0.000	0.000	-16.005	0.773	0.906	
MEPCE	CACTIN	CACTIN	0.342|0.399|0.331	1.072	0.357	3	0.291|.|0.341	0.000	0.000	0.000	0.000	0.000	-15.920	1.134	0.925	
MEPCE	C15orf40	C15orf40	1.472|1.600|1.262	4.333	1.444	3	1.341|1.185|1.322	0.000	0.000	0.000	0.000	0.000	-16.005	1.128	0.869	
MEPCE	BRK1	BRK1	0.578|0.428|0.512	1.517	0.506	3	0.559|.|0.449	0.000	0.000	0.000	0.000	0.000	-16.005	1.009	0.932	
MEPCE	THEM6	THEM6	0.858|0.813|0.861	2.532	0.844	3	0.643|0.631|0.680	0.014	0.023	0.014	0.023	0.014	-8.262	1.296	0.739	
MEPCE	RNF138	RNF138	0.688|0.694|0.645	2.027	0.676	3	0.428|0.469|0.404	0.029	0.029	0.029	0.029	0.029	-3.505	1.560	0.467	
MEPCE	SNRNP27	SNRNP27	8.855|9.479|9.678	28.012	9.337	3	7.087|7.409|7.208	0.013	0.029	0.013	0.029	0.013	-9.578	1.291	0.740	
MEPCE	SCFD1	SCFD1	0.369|0.290|0.276	0.935	0.312	3	0.284|0.234|0.297	0.000	0.000	0.000	0.000	0.000	-15.981	1.155	0.901	
MEPCE	DYNC2I1	DYNC2I1	0.417|.|.	1.214	0.405	3	.|0.487|0.580	0.000	0.000	0.000	0.000	0.000	-16.005	0.761	0.969	
MEPCE	TRAPPC12	TRAPPC12	0.345|0.387|0.313	1.044	0.348	3	0.410|0.403|0.271	0.000	0.000	0.000	0.000	0.000	-16.005	0.981	0.945	
MEPCE	PCNP	PCNP	0.578|0.683|0.629	1.890	0.630	3	0.617|0.669|0.674	0.000	0.000	0.000	0.000	0.000	-16.005	0.965	0.942	
MEPCE	LMO7	LMO7	0.414|0.285|0.519	1.218	0.406	3	.|.|.	0.002	0.007	0.002	0.007	0.002	-16.005	1.019	0.830	
MEPCE	CKAP2	CKAP2	0.248|0.382|.	1.028	0.343	3	.|0.250|.	0.000	0.000	0.000	0.000	0.000	-16.005	1.370	0.898	
MEPCE	ATXN2L	ATXN2L	1.457|1.499|1.533	4.488	1.496	3	1.371|1.525|1.366	0.000	0.000	0.000	0.000	0.000	-15.896	1.055	0.933	
MEPCE	PRPF31	PRPF31	5.089|5.264|5.163	15.516	5.172	3	3.900|3.858|4.169	0.011	0.027	0.011	0.027	0.011	-6.380	1.302	0.748	
MEPCE	NELFB	NELFB	0.448|0.424|0.405	1.278	0.426	3	0.452|0.337|0.420	0.000	0.000	0.000	0.000	0.000	-16.000	1.065	0.940	
MEPCE	SREK1	SREK1	1.304|1.339|1.479	4.122	1.374	3	0.930|0.967|1.005	0.029	0.029	0.029	0.029	0.029	-3.505	1.421	0.554	
MEPCE	PSPC1	PSPC1	0.818|0.906|0.826	2.550	0.850	3	0.896|0.980|0.931	0.000	0.000	0.000	0.000	0.000	-16.005	0.909	0.957	
MEPCE	GATAD2B	GATAD2B	0.241|0.377|0.366	0.984	0.328	3	0.371|0.355|0.383	0.000	0.000	0.000	0.000	0.000	-16.005	0.888	0.945	
MEPCE	DNAJC9	DNAJC9	0.744|0.649|0.624	2.016	0.672	3	0.664|0.605|0.616	0.000	0.000	0.000	0.000	0.000	-16.005	1.071	0.902	
MEPCE	BRI3BP	BRI3BP	1.160|1.166|1.276	3.602	1.201	3	.|1.256|1.032	0.000	0.000	0.000	0.000	0.000	-15.955	1.054	0.925	
MEPCE	DDX1	DDX1	1.687|1.790|2.162	5.638	1.879	3	1.938|1.917|2.007	0.000	0.000	0.000	0.000	0.000	-16.005	0.962	0.929	
MEPCE	H1-10	H1-10	1.426|1.501|1.661	4.588	1.529	3	0.783|0.851|0.826	0.029	0.029	0.029	0.029	0.029	-3.505	1.866	0.554	
MEPCE	CCT6B	CCT6B	8.255|0.288|7.968	16.511	5.504	3	.|.|8.232	0.000	0.000	0.000	0.000	0.000	-16.005	0.669	0.948	
MEPCE	GBF1	GBF1	0.910|0.994|0.983	2.887	0.962	3	1.052|1.039|0.978	0.000	0.000	0.000	0.000	0.000	-16.005	0.941	0.957	
MEPCE	RTF1	RTF1	0.602|0.395|0.348	1.345	0.448	3	0.599|0.542|0.310	0.000	0.000	0.000	0.000	0.000	-16.005	0.963	0.895	
MEPCE	NCSTN	NCSTN	0.368|.|0.358	1.124	0.375	3	.|.|.	0.000	0.000	0.000	0.000	0.000	-16.005	0.941	0.967	
MEPCE	TM9SF4	TM9SF4	0.720|0.783|0.683	2.186	0.729	3	0.633|0.556|.	0.000	0.000	0.000	0.000	0.000	-14.548	1.229	0.891	
MEPCE	MRPS27	MRPS27	0.675|0.710|0.796	2.181	0.727	3	0.323|0.401|0.451	0.021	0.061	0.021	0.061	0.021	-7.955	1.873	0.685	
MEPCE	AP3S1	AP3S1	1.131|1.216|1.261	3.608	1.203	3	1.172|1.140|1.180	0.000	0.000	0.000	0.000	0.000	-16.005	1.033	0.933	
MEPCE	UBXN4	UBXN4	0.974|0.784|1.002	2.760	0.920	3	.|.|.	0.029	0.029	0.029	0.029	0.029	-3.505	2.310	0.532	
MEPCE	HSPH1	HSPH1	1.088|0.961|1.013	3.062	1.021	3	1.436|1.588|1.501	0.000	0.000	0.000	0.000	0.000	-16.005	0.677	0.951	
MEPCE	CNOT9	CNOT9	0.654|0.634|0.613	1.900	0.633	3	0.562|0.477|0.483	0.000	0.000	0.000	0.000	0.000	-12.715	1.251	0.886	
MEPCE	LPGAT1	LPGAT1	0.341|0.413|0.287	1.042	0.347	3	.|.|.	0.000	0.000	0.000	0.000	0.000	-16.005	0.872	0.943	
MEPCE	GCN1	GCN1	1.698|1.730|1.638	5.066	1.689	3	1.941|1.816|2.022	0.000	0.000	0.000	0.000	0.000	-16.005	0.877	0.948	
MEPCE	DHX38	DHX38	0.175|0.299|0.195	0.669	0.223	3	1.238|1.210|1.377	0.000	0.000	0.000	0.000	0.000	-16.005	0.175	0.962	
MEPCE	NUP205	NUP205	0.408|0.309|0.453	1.171	0.390	3	0.625|0.999|0.636	0.000	0.000	0.000	0.000	0.000	-16.005	0.531	0.953	
MEPCE	PIGK	PIGK	0.423|.|0.471	1.293	0.431	3	.|.|0.319	0.000	0.000	0.000	0.000	0.000	-14.195	1.352	0.892	
MEPCE	MRPS31	MRPS31	1.129|1.138|1.084	3.351	1.117	3	0.905|0.844|0.765	0.001	0.003	0.001	0.003	0.001	-8.863	1.336	0.836	
MEPCE	ANP32B	ANP32B	1.098|0.967|1.079	3.144	1.048	3	0.907|0.843|0.823	0.001	0.002	0.001	0.002	0.001	-13.725	1.223	0.845	
MEPCE	PRCC	PRCC	0.332|0.356|.	1.086	0.362	3	.|0.187|.	0.001	0.002	0.001	0.002	0.001	-9.427	1.935	0.846	
MEPCE	TFG	TFG	2.212|2.207|2.384	6.802	2.267	3	2.277|2.252|2.192	0.000	0.000	0.000	0.000	0.000	-16.005	1.012	0.938	
MEPCE	HDAC2	HDAC2	2.354|2.253|2.204	6.812	2.271	3	2.170|2.046|2.255	0.000	0.000	0.000	0.000	0.000	-15.927	1.053	0.931	
MEPCE	TAF15	TAF15	28.324|29.305|30.671	88.300	29.433	3	24.607|29.337|29.024	0.000	0.000	0.000	0.000	0.000	-15.948	1.068	0.934	
MEPCE	HAS1	HAS1	12.186|12.441|12.122	36.749	12.250	3	.|12.350|12.962	0.000	0.000	0.000	0.000	0.000	-16.005	0.968	0.962	
MEPCE	DDX17	DDX17	5.033|4.966|4.827	14.826	4.942	3	3.354|3.214|3.469	0.029	0.029	0.029	0.029	0.029	-3.505	1.478	0.644	
MEPCE	RAD50	RAD50	0.960|1.023|1.053	3.036	1.012	3	0.833|0.781|0.796	0.004	0.012	0.004	0.012	0.004	-11.021	1.260	0.824	
MEPCE	COPS5	COPS5	0.745|0.840|0.903	2.488	0.829	3	0.882|0.909|0.846	0.000	0.000	0.000	0.000	0.000	-16.005	0.943	0.945	
MEPCE	KHSRP	KHSRP	1.054|1.179|1.101	3.333	1.111	3	1.369|1.364|1.361	0.000	0.000	0.000	0.000	0.000	-16.005	0.814	0.957	
MEPCE	TNPO1	TNPO1	1.194|1.329|1.276	3.798	1.266	3	1.451|1.257|1.426	0.000	0.000	0.000	0.000	0.000	-16.005	0.921	0.962	
MEPCE	ARHGEF2	ARHGEF2	1.253|1.054|1.056	3.363	1.121	3	0.908|0.865|0.888	0.010	0.029	0.010	0.029	0.010	-11.302	1.265	0.777	
MEPCE	EMG1	EMG1	0.714|0.702|0.860	2.277	0.759	3	.|0.418|0.330	0.029	0.029	0.029	0.029	0.029	-3.505	2.045	0.625	
MEPCE	USP9X	USP9X	1.289|1.557|1.267	4.114	1.371	3	1.393|1.354|1.264	0.000	0.000	0.000	0.000	0.000	-16.005	1.027	0.910	
MEPCE	USP7	USP7	0.923|0.937|0.813	2.673	0.891	3	0.818|0.727|0.783	0.000	0.000	0.000	0.000	0.000	-15.638	1.150	0.888	
MEPCE	PTP4A1	PTP4A1	0.460|.|.	1.257	0.419	3	0.498|0.536|.	0.000	0.000	0.000	0.000	0.000	-16.005	0.811	0.969	
MEPCE	ZNF622	ZNF622	0.639|.|0.202	1.240	0.413	3	0.486|0.646|.	0.000	0.000	0.000	0.000	0.000	-16.005	0.737	0.936	
MEPCE	NCLN	NCLN	0.504|0.651|0.689	1.844	0.615	3	0.472|0.568|0.537	0.000	0.000	0.000	0.000	0.000	-16.005	1.172	0.884	
MEPCE	TBRG4	TBRG4	0.385|0.365|1.054	1.804	0.601	3	.|0.175|.	0.677	1.000	0.677	1.000	0.677	-1.320	3.439	0.039	
MEPCE	EXOC4	EXOC4	0.754|0.841|0.693	2.288	0.763	3	0.815|1.228|0.640	0.000	0.000	0.000	0.000	0.000	-16.005	0.885	0.956	
MEPCE	FUBP1	FUBP1	0.327|0.539|0.474	1.340	0.447	3	0.555|0.943|0.614	0.000	0.000	0.000	0.000	0.000	-16.005	0.652	0.956	
MEPCE	LRRC59	LRRC59	3.985|4.017|4.035	12.037	4.012	3	4.079|4.138|3.822	0.000	0.000	0.000	0.000	0.000	-16.005	1.000	0.947	
MEPCE	E2F7	E2F7	2.308|2.245|2.340	6.892	2.297	3	1.498|1.475|1.528	0.029	0.029	0.029	0.029	0.029	-3.505	1.532	0.536	
MEPCE	VPS33A	VPS33A	0.317|0.387|0.402	1.106	0.369	3	0.861|0.323|.	0.000	0.000	0.000	0.000	0.000	-16.005	0.699	0.952	
MEPCE	TTC28	TTC28	0.440|0.511|0.485	1.436	0.479	3	.|.|0.365	0.000	0.000	0.000	0.000	0.000	-14.538	1.311	0.897	
MEPCE	RAD51AP1	RAD51AP1	0.744|0.989|0.842	2.576	0.859	3	0.654|0.682|0.631	0.010	0.029	0.010	0.029	0.010	-13.485	1.310	0.755	
MEPCE	EXOSC8	EXOSC8	1.657|1.697|1.733	5.087	1.696	3	1.900|2.093|1.886	0.000	0.000	0.000	0.000	0.000	-16.005	0.866	0.962	
MEPCE	SKA1	SKA1	0.456|0.545|0.597	1.598	0.533	3	0.758|2.104|0.688	0.000	0.000	0.000	0.000	0.000	-12.981	0.516	0.891	
MEPCE	PINX1	PINX1	0.820|0.767|1.172	2.760	0.920	3	0.639|0.508|0.370	0.260	0.780	0.260	0.780	0.260	-10.450	1.865	0.302	
MEPCE	CHCHD1	CHCHD1	1.421|1.445|1.399	4.265	1.422	3	1.331|1.204|1.165	0.000	0.000	0.000	0.000	0.000	-13.469	1.154	0.903	
MEPCE	ATG2B	ATG2B	0.431|0.379|0.487	1.296	0.432	3	1.213|0.413|0.356	0.000	0.001	0.000	0.001	0.000	-8.822	0.768	0.855	
MEPCE	LENG1	LENG1	0.553|0.872|0.761	2.187	0.729	3	1.023|0.942|0.996	0.000	0.000	0.000	0.000	0.000	-16.005	0.739	0.957	
MEPCE	EFHD2	EFHD2	0.556|0.517|0.430	1.502	0.501	3	0.293|.|0.194	0.362	0.790	0.362	0.790	0.362	-6.862	2.101	0.099	
MEPCE	PYCR2	PYCR2	1.452|1.446|1.442	4.340	1.447	3	1.459|1.341|1.373	0.000	0.000	0.000	0.000	0.000	-15.795	1.041	0.938	
MEPCE	CUSTOS	CUSTOS	1.135|1.232|1.172	3.539	1.180	3	0.983|0.932|0.942	0.001	0.004	0.001	0.004	0.001	-11.130	1.239	0.838	
MEPCE	HAUS1	HAUS1	0.361|.|0.402	1.162	0.387	3	0.390|.|0.107	0.004	0.011	0.004	0.011	0.004	-8.811	1.895	0.824	
MEPCE	FAF2	FAF2	0.850|.|.	1.646	0.549	3	.|0.559|.	0.006	0.017	0.006	0.017	0.006	-16.005	0.981	0.820	
MEPCE	CCDC124	CCDC124	4.804|4.681|4.916	14.400	4.800	3	4.993|5.249|5.194	0.000	0.000	0.000	0.000	0.000	-16.005	0.933	0.962	
MEPCE	AP2M1	AP2M1	1.229|0.923|0.840	2.993	0.998	3	0.890|0.900|0.931	0.010	0.029	0.010	0.029	0.010	-16.005	1.100	0.792	
MEPCE	COQ8B	COQ8B	0.650|0.656|1.241	2.546	0.849	3	0.576|0.676|0.530	0.010	0.029	0.010	0.029	0.010	-15.559	1.436	0.788	
MEPCE	REPS1	REPS1	0.512|0.484|0.949	1.945	0.648	3	0.356|0.476|0.551	0.055	0.166	0.055	0.166	0.055	-15.941	1.429	0.397	
MEPCE	TMCO6	TMCO6	1.584|1.721|1.540	4.844	1.615	3	.|.|.	1.000	1.000	1.000	1.000	1.000	8.657	4.055	0.000	
MEPCE	ESS2	ESS2	0.688|0.651|0.607	1.945	0.648	3	0.573|0.491|0.497	0.000	0.000	0.000	0.000	0.000	-13.518	1.249	0.865	
MEPCE	CMBL	CMBL	12.131|12.589|12.512	37.232	12.411	3	11.968|12.750|12.420	0.000	0.000	0.000	0.000	0.000	-16.005	1.003	0.946	
MEPCE	MSI2	MSI2	0.564|0.581|0.226	1.372	0.457	3	.|.|.	0.019	0.029	0.019	0.029	0.019	-16.005	1.148	0.708	
MEPCE	SNRNP40	SNRNP40	0.638|0.608|0.756	2.002	0.667	3	0.477|0.558|0.513	0.010	0.029	0.010	0.029	0.010	-12.703	1.297	0.776	
MEPCE	MRRF	MRRF	1.511|1.481|1.566	4.557	1.519	3	1.307|1.380|1.121	0.000	0.000	0.000	0.000	0.000	-14.390	1.201	0.913	
MEPCE	SEH1L	SEH1L	0.441|0.388|.	1.227	0.409	3	0.565|0.442|0.471	0.000	0.000	0.000	0.000	0.000	-16.005	0.834	0.967	
MEPCE	TCEAL2;TCEAL4	TCEAL2;TCEAL4	0.306|0.409|0.257	0.972	0.324	3	0.300|0.234|.	0.000	0.000	0.000	0.000	0.000	-16.005	1.222	0.892	
MEPCE	RRP36	RRP36	0.714|0.759|0.786	2.259	0.753	3	0.500|0.619|0.669	0.000	0.000	0.000	0.000	0.000	-14.837	1.273	0.915	
MEPCE	RBM33	RBM33	1.713|1.718|1.772	5.203	1.734	3	1.448|1.682|1.551	0.000	0.000	0.000	0.000	0.000	-14.804	1.113	0.919	
MEPCE	DNAJA3	DNAJA3	1.418|0.766|1.412	3.596	1.199	3	0.595|1.178|1.029	0.000	0.001	0.000	0.001	0.000	-16.005	1.336	0.852	
MEPCE	TMA16	TMA16	1.460|1.523|1.492	4.475	1.492	3	1.229|1.206|1.091	0.002	0.005	0.002	0.005	0.002	-8.513	1.271	0.832	
MEPCE	PTCD3	PTCD3	0.528|0.223|0.469	1.220	0.407	3	.|.|0.359	0.000	0.000	0.000	0.000	0.000	-16.005	1.133	0.885	
MEPCE	CYFIP2	CYFIP2	0.405|0.503|0.738	1.646	0.549	3	0.857|0.690|0.427	0.000	0.000	0.000	0.000	0.000	-16.005	0.868	0.910	
MEPCE	LTV1	LTV1	1.930|1.835|1.747	5.512	1.837	3	1.711|1.693|1.569	0.000	0.000	0.000	0.000	0.000	-15.560	1.109	0.909	
MEPCE	AURKB	AURKB	0.497|0.441|0.458	1.396	0.465	3	0.502|0.522|0.428	0.000	0.000	0.000	0.000	0.000	-16.005	0.965	0.946	
MEPCE	TOE1	TOE1	1.700|1.842|1.957	5.499	1.833	3	.|.|.	1.000	1.000	1.000	1.000	1.000	8.143	4.603	0.000	
MEPCE	PDLIM5	PDLIM5	0.322|.|0.494	1.214	0.405	3	0.987|0.350|1.103	0.000	0.000	0.000	0.000	0.000	-12.533	0.558	0.880	
MEPCE	FMC1	FMC1	0.287|0.423|0.342	1.052	0.351	3	0.362|0.559|0.537	0.000	0.000	0.000	0.000	0.000	-16.005	0.735	0.953	
MEPCE	PGAM5	PGAM5	0.564|0.256|1.329	2.148	0.716	3	.|0.480|0.512	0.121	0.363	0.121	0.363	0.121	-16.005	1.444	0.366	
MEPCE	RBM17	RBM17	2.094|2.191|2.064	6.349	2.116	3	1.454|1.571|1.520	0.029	0.029	0.029	0.029	0.029	-3.505	1.398	0.554	
MEPCE	RSRC1	RSRC1	1.690|1.673|1.694	5.057	1.686	3	1.367|1.384|1.424	0.000	0.000	0.000	0.000	0.000	-10.683	1.211	0.877	
MEPCE	THOC3	THOC3	0.901|0.868|0.865	2.634	0.878	3	0.917|0.960|0.969	0.000	0.000	0.000	0.000	0.000	-16.005	0.926	0.957	
MEPCE	VPS50	VPS50	0.901|0.531|0.858	2.290	0.763	3	0.837|0.756|0.817	0.000	0.000	0.000	0.000	0.000	-16.005	0.952	0.923	
MEPCE	ELMO2	ELMO2	0.575|0.730|0.505	1.810	0.603	3	0.688|0.625|0.646	0.000	0.000	0.000	0.000	0.000	-16.005	0.925	0.925	
MEPCE	TMX3	TMX3	1.751|0.752|0.583	3.086	1.029	3	0.738|0.387|0.737	0.303	0.910	0.303	0.910	0.303	-14.245	1.729	0.280	
MEPCE	BTF3L4	BTF3L4	0.900|0.930|0.871	2.701	0.900	3	0.935|0.968|1.036	0.000	0.000	0.000	0.000	0.000	-16.005	0.920	0.957	
MEPCE	CLPTM1L	CLPTM1L	0.487|0.511|0.463	1.461	0.487	3	0.423|0.327|0.243	0.000	0.000	0.000	0.000	0.000	-12.496	1.509	0.883	
MEPCE	EXOC2	EXOC2	0.579|0.624|1.410	2.614	0.871	3	0.709|0.631|0.602	0.010	0.029	0.010	0.029	0.010	-16.005	1.349	0.792	
MEPCE	ZFR	ZFR	0.389|.|0.434	1.221	0.407	3	.|.|.	0.000	0.000	0.000	0.000	0.000	-16.005	1.022	0.937	
MEPCE	IFT74	IFT74	0.163|0.479|.	1.040	0.347	3	.|.|0.312	0.000	0.000	0.000	0.000	0.000	-16.005	1.111	0.882	
MEPCE	NSMCE2	NSMCE2	0.233|.|.	1.029	0.343	3	0.366|.|.	0.000	0.000	0.000	0.000	0.000	-16.005	0.937	0.969	
MEPCE	HEXIM2	HEXIM2	0.480|0.331|0.456	1.268	0.423	3	.|.|.	0.000	0.000	0.000	0.000	0.000	-16.005	1.061	0.892	
MEPCE	TCEANC2	TCEANC2	1.035|1.064|1.064	3.163	1.054	3	0.889|0.748|0.804	0.000	0.000	0.000	0.000	0.000	-10.027	1.299	0.865	
MEPCE	CCDC43	CCDC43	1.255|1.333|1.270	3.858	1.286	3	1.262|1.309|1.296	0.000	0.000	0.000	0.000	0.000	-16.005	0.998	0.943	
MEPCE	COG8	COG8	1.389|0.549|0.616	2.555	0.852	3	0.673|0.771|0.640	0.010	0.029	0.010	0.029	0.010	-16.005	1.230	0.795	
MEPCE	DNAAF10	DNAAF10	0.491|0.461|.	1.350	0.450	3	.|.|.	0.000	0.000	0.000	0.000	0.000	-16.005	1.130	0.877	
MEPCE	DOCK7	DOCK7	0.971|0.658|0.578	2.206	0.735	3	0.692|1.155|1.281	0.000	0.000	0.000	0.000	0.000	-16.005	0.729	0.955	
MEPCE	ZMAT2	ZMAT2	2.243|2.225|2.572	7.040	2.347	3	2.148|2.218|2.214	0.000	0.000	0.000	0.000	0.000	-15.972	1.070	0.907	
MEPCE	NSUN5	NSUN5	0.333|0.478|0.363	1.173	0.391	3	0.308|0.312|.	0.000	0.000	0.000	0.000	0.000	-15.836	1.260	0.881	
MEPCE	IPO9	IPO9	0.399|0.465|.	1.261	0.420	3	0.170|0.322|0.342	0.002	0.005	0.002	0.005	0.002	-7.516	1.584	0.834	
MEPCE	RBM14	RBM14	6.175|6.425|6.188	18.788	6.263	3	5.753|5.949|5.640	0.000	0.000	0.000	0.000	0.000	-15.314	1.084	0.924	
MEPCE	SMG1	SMG1	0.369|0.376|0.430	1.175	0.392	3	0.392|0.481|0.923	0.000	0.000	0.000	0.000	0.000	-15.635	0.702	0.920	
MEPCE	PPP1R10	PPP1R10	1.709|1.742|1.923	5.374	1.791	3	1.221|1.328|1.438	0.010	0.029	0.010	0.029	0.010	-8.811	1.351	0.761	
MEPCE	VPS13A	VPS13A	4.751|.|.	5.548	1.849	3	4.298|4.479|.	0.000	0.000	0.000	0.000	0.000	-16.005	0.421	0.965	
MEPCE	MCCC1	MCCC1	0.401|0.408|0.522	1.331	0.444	3	0.484|0.416|0.450	0.000	0.000	0.000	0.000	0.000	-16.005	0.988	0.916	
MEPCE	TGS1	TGS1	0.328|.|0.327	1.054	0.351	3	.|.|.	0.000	0.000	0.000	0.000	0.000	-16.005	0.882	0.967	
MEPCE	ERBIN	ERBIN	0.634|0.677|0.687	1.998	0.666	3	0.522|0.690|0.452	0.000	0.000	0.000	0.000	0.000	-15.640	1.220	0.931	
MEPCE	PIGS	PIGS	0.436|0.426|0.343	1.205	0.402	3	.|.|.	0.000	0.000	0.000	0.000	0.000	-16.005	1.009	0.929	
MEPCE	WRNIP1	WRNIP1	0.993|0.939|1.021	2.953	0.984	3	0.965|0.949|1.030	0.000	0.000	0.000	0.000	0.000	-16.005	1.004	0.942	
MEPCE	CLCC1	CLCC1	0.644|0.646|0.698	1.988	0.663	3	0.398|0.420|0.407	0.029	0.029	0.029	0.029	0.029	-3.505	1.623	0.554	
MEPCE	SRPK1	SRPK1	0.602|0.535|0.529	1.666	0.555	3	0.305|.|.	0.013	0.029	0.013	0.029	0.013	-5.489	1.823	0.741	
MEPCE	OSBPL9	OSBPL9	0.471|.|.	1.267	0.422	3	.|0.609|0.502	0.000	0.000	0.000	0.000	0.000	-16.005	0.765	0.970	
MEPCE	MAP7D2	MAP7D2	0.581|0.676|0.675	1.933	0.644	3	0.653|0.684|0.609	0.000	0.000	0.000	0.000	0.000	-16.005	0.994	0.940	
MEPCE	RBM15	RBM15	1.210|1.288|1.482	3.981	1.327	3	1.203|1.155|1.193	0.000	0.000	0.000	0.000	0.000	-15.930	1.121	0.867	
MEPCE	MMS19	MMS19	0.544|0.714|0.493	1.751	0.584	3	0.871|0.876|0.620	0.000	0.000	0.000	0.000	0.000	-16.005	0.749	0.955	
MEPCE	MYCBP	MYCBP	1.481|1.472|1.548	4.501	1.500	3	1.419|1.586|1.521	0.000	0.000	0.000	0.000	0.000	-16.005	0.995	0.945	
MEPCE	PSMB7	PSMB7	2.994|2.923|3.231	9.148	3.049	3	2.358|2.485|2.667	0.001	0.003	0.001	0.003	0.001	-12.172	1.220	0.839	
MEPCE	CDC5L	CDC5L	0.364|0.491|0.514	1.369	0.456	3	0.340|0.367|0.307	0.019	0.029	0.019	0.029	0.019	-15.450	1.354	0.704	
MEPCE	PSMD1	PSMD1	2.031|2.056|2.186	6.273	2.091	3	2.276|2.122|2.288	0.000	0.000	0.000	0.000	0.000	-16.005	0.939	0.948	
MEPCE	NUP88	NUP88	0.526|0.391|0.603	1.520	0.507	3	0.408|0.466|0.556	0.000	0.000	0.000	0.000	0.000	-16.005	1.071	0.926	
MEPCE	PIK3R4	PIK3R4	0.477|0.521|0.583	1.581	0.527	3	0.500|0.689|0.542	0.000	0.000	0.000	0.000	0.000	-16.005	0.922	0.947	
MEPCE	POP1	POP1	0.616|0.560|0.576	1.751	0.584	3	0.332|0.395|0.315	0.028	0.029	0.028	0.029	0.028	-3.616	1.688	0.672	
MEPCE	SCAF11	SCAF11	0.803|0.857|0.871	2.531	0.844	3	0.624|0.622|0.686	0.020	0.029	0.020	0.029	0.020	-8.276	1.311	0.695	
MEPCE	EIF3C	EIF3C	2.865|3.234|3.216	9.315	3.105	3	2.603|2.663|2.564	0.000	0.000	0.000	0.000	0.000	-14.636	1.190	0.869	
MEPCE	DNAJC7	DNAJC7	0.920|1.036|0.586	2.542	0.847	3	1.067|1.142|1.093	0.000	0.000	0.000	0.000	0.000	-16.005	0.770	0.957	
MEPCE	PHB2	PHB2	0.823|.|0.264	1.485	0.495	3	.|.|.	0.010	0.029	0.010	0.029	0.010	-16.005	1.243	0.799	
MEPCE	COPS8	COPS8	1.375|1.176|1.407	3.958	1.319	3	1.357|1.372|1.396	0.000	0.000	0.000	0.000	0.000	-16.005	0.960	0.945	
MEPCE	PKMYT1	PKMYT1	0.216|0.424|.	1.037	0.346	3	0.262|.|.	0.000	0.000	0.000	0.000	0.000	-16.005	1.322	0.879	
MEPCE	HSD17B10	HSD17B10	1.627|1.633|1.787	5.047	1.682	3	1.541|1.671|1.582	0.000	0.000	0.000	0.000	0.000	-15.948	1.054	0.925	
MEPCE	SMAD1;SMAD5	SMAD1;SMAD5	0.220|.|.	1.017	0.339	3	.|.|.	0.000	0.000	0.000	0.000	0.000	-16.005	0.851	0.970	
MEPCE	HNRNPAB	HNRNPAB	0.885|0.865|0.872	2.622	0.874	3	0.480|0.404|0.425	0.029	0.029	0.029	0.029	0.029	-3.505	2.009	0.629	
MEPCE	NAP1L4	NAP1L4	0.831|.|0.928	2.157	0.719	3	0.306|0.851|0.826	0.003	0.006	0.003	0.006	0.003	-10.624	1.200	0.828	
MEPCE	PIP5K1A	PIP5K1A	1.999|2.053|2.240	6.291	2.097	3	1.915|2.083|2.072	0.000	0.000	0.000	0.000	0.000	-16.005	1.037	0.928	
MEPCE	TXN2	TXN2	1.629|1.738|1.663	5.030	1.677	3	1.517|1.488|1.508	0.000	0.000	0.000	0.000	0.000	-15.013	1.115	0.912	
MEPCE	CPNE1	CPNE1	0.277|0.411|0.475	1.163	0.388	3	0.346|0.404|0.506	0.000	0.000	0.000	0.000	0.000	-16.005	0.938	0.941	
MEPCE	CCT7	CCT7	9.071|9.322|9.468	27.860	9.287	3	9.159|8.423|8.958	0.000	0.000	0.000	0.000	0.000	-15.902	1.050	0.934	
MEPCE	HAUS7	HAUS7	0.365|0.292|0.368	1.025	0.342	3	.|0.439|.	0.000	0.000	0.000	0.000	0.000	-16.005	0.778	0.953	
MEPCE	PRMT1	PRMT1	2.807|2.883|3.129	8.819	2.940	3	4.325|4.297|4.305	0.000	0.000	0.000	0.000	0.000	-16.005	0.682	0.962	
MEPCE	AGPAT1	AGPAT1	1.466|1.178|1.351	3.995	1.332	3	0.981|0.993|1.110	0.015	0.029	0.015	0.029	0.015	-12.999	1.298	0.734	
MEPCE	PKP2	PKP2	0.614|0.632|0.636	1.881	0.627	3	0.592|0.655|0.656	0.000	0.000	0.000	0.000	0.000	-16.005	0.990	0.948	
MEPCE	VRK1	VRK1	0.578|0.523|0.364	1.464	0.488	3	0.462|0.465|0.388	0.000	0.000	0.000	0.000	0.000	-16.005	1.118	0.892	
MEPCE	NIPSNAP1	NIPSNAP1	0.412|0.526|0.367	1.305	0.435	3	0.613|0.496|0.612	0.000	0.000	0.000	0.000	0.000	-16.005	0.762	0.956	
MEPCE	NCAPG	NCAPG	1.996|1.944|1.850	5.789	1.930	3	1.865|1.915|1.770	0.000	0.000	0.000	0.000	0.000	-16.005	1.044	0.934	
MEPCE	ARPC5L	ARPC5L	0.362|0.365|.	1.125	0.375	3	.|0.470|0.336	0.000	0.000	0.000	0.000	0.000	-16.005	0.944	0.966	
MEPCE	DDX50	DDX50	0.658|0.164|0.334	1.156	0.385	3	.|.|.	0.010	0.029	0.010	0.029	0.010	-16.005	0.968	0.793	
MEPCE	MRPL34	MRPL34	0.907|0.957|1.006	2.871	0.957	3	0.702|0.849|0.745	0.000	0.000	0.000	0.000	0.000	-13.634	1.254	0.885	
MEPCE	ELAC2	ELAC2	0.511|0.530|0.474	1.515	0.505	3	0.401|0.336|.	0.000	0.000	0.000	0.000	0.000	-13.248	1.374	0.888	
MEPCE	TRIR	TRIR	1.582|1.704|1.569	4.856	1.619	3	1.629|1.989|1.932	0.000	0.000	0.000	0.000	0.000	-16.005	0.878	0.951	
MEPCE	GRWD1	GRWD1	0.379|0.441|0.721	1.542	0.514	3	.|.|.	0.010	0.029	0.010	0.029	0.010	-16.005	1.291	0.786	
MEPCE	CMSS1	CMSS1	0.518|0.454|0.734	1.706	0.569	3	.|.|.	0.012	0.029	0.012	0.029	0.012	-13.279	1.428	0.746	
MEPCE	WDR77	WDR77	44.085|43.029|45.478	132.592	44.197	3	43.525|43.827|45.336	0.000	0.000	0.000	0.000	0.000	-16.005	0.999	0.944	
MEPCE	TUBA1C	TUBA1C	36.186|40.458|41.752	118.396	39.465	3	36.873|39.639|37.302	0.000	0.000	0.000	0.000	0.000	-16.005	1.041	0.928	
MEPCE	APOL2	APOL2	0.199|.|.	0.996	0.332	3	.|0.260|0.220	0.000	0.000	0.000	0.000	0.000	-16.005	1.388	0.970	
MEPCE	MYBBP1A	MYBBP1A	1.058|0.961|0.981	3.000	1.000	3	0.229|.|0.150	1.000	1.000	1.000	1.000	1.000	8.873	5.386	0.000	
MEPCE	CORO1B	CORO1B	0.732|0.839|0.811	2.383	0.794	3	.|.|.	0.029	0.029	0.029	0.029	0.029	-3.505	1.995	0.476	
MEPCE	TXNDC17	TXNDC17	0.580|0.655|0.688	1.923	0.641	3	0.721|0.640|0.639	0.000	0.000	0.000	0.000	0.000	-16.005	0.964	0.943	
MEPCE	MRPL45	MRPL45	0.578|.|0.651	1.627	0.542	3	0.465|0.489|0.507	0.010	0.029	0.010	0.029	0.010	-16.005	1.114	0.779	
MEPCE	SDF4	SDF4	0.636|0.378|0.491	1.505	0.502	3	.|.|.	0.010	0.029	0.010	0.029	0.010	-16.005	1.260	0.770	
MEPCE	PAAF1	PAAF1	0.862|0.956|0.923	2.740	0.913	3	0.943|0.892|0.786	0.000	0.000	0.000	0.000	0.000	-16.005	1.048	0.936	
MEPCE	PYM1	PYM1	0.385|0.312|.	1.095	0.365	3	.|.|.	0.000	0.000	0.000	0.000	0.000	-16.005	0.917	0.967	
MEPCE	GPATCH1	GPATCH1	1.931|2.019|1.962	5.913	1.971	3	2.222|2.381|2.557	0.000	0.000	0.000	0.000	0.000	-16.005	0.827	0.951	
MEPCE	RIOK1	RIOK1	4.492|5.102|5.166	14.760	4.920	3	5.441|5.460|5.379	0.000	0.000	0.000	0.000	0.000	-16.005	0.907	0.948	
MEPCE	UQCC2	UQCC2	0.564|0.507|0.591	1.662	0.554	3	.|0.566|0.336	0.000	0.000	0.000	0.000	0.000	-14.822	1.270	0.898	
MEPCE	WDR83	WDR83	1.384|1.473|1.352	4.208	1.403	3	1.725|1.828|1.803	0.000	0.000	0.000	0.000	0.000	-16.005	0.786	0.962	
MEPCE	NTPCR	NTPCR	1.794|1.977|1.940	5.712	1.904	3	1.543|1.593|1.539	0.000	0.001	0.000	0.001	0.000	-12.884	1.222	0.855	
MEPCE	TACO1	TACO1	0.777|0.763|0.908	2.448	0.816	3	0.544|0.568|0.501	0.029	0.029	0.029	0.029	0.029	-3.505	1.520	0.554	
MEPCE	TUBGCP2	TUBGCP2	1.025|0.979|0.893	2.897	0.966	3	0.965|0.993|1.007	0.000	0.000	0.000	0.000	0.000	-16.005	0.978	0.943	
MEPCE	ESYT1	ESYT1	1.270|1.273|1.193	3.736	1.245	3	1.293|1.199|1.219	0.000	0.000	0.000	0.000	0.000	-16.005	1.007	0.943	
MEPCE	ALG1	ALG1	0.475|0.499|0.596	1.570	0.523	3	0.513|0.352|0.406	0.000	0.000	0.000	0.000	0.000	-15.673	1.251	0.919	
MEPCE	LIMD2	LIMD2	0.432|0.412|0.460	1.304	0.435	3	.|.|.	0.000	0.000	0.000	0.000	0.000	-15.826	1.092	0.913	
MEPCE	COPS4	COPS4	1.158|1.139|1.234	3.531	1.177	3	0.982|1.202|1.103	0.000	0.000	0.000	0.000	0.000	-15.876	1.078	0.932	
MEPCE	RBM42	RBM42	0.974|0.869|0.876	2.719	0.906	3	0.582|0.642|0.617	0.029	0.029	0.029	0.029	0.029	-3.505	1.477	0.554	
MEPCE	DCUN1D5	DCUN1D5	0.595|0.608|0.379	1.582	0.527	3	0.382|0.362|0.504	0.000	0.000	0.000	0.000	0.000	-16.005	1.283	0.906	
MEPCE	ANP32E	ANP32E	0.267|0.419|0.239	0.926	0.309	3	0.471|0.524|0.377	0.000	0.000	0.000	0.000	0.000	-16.005	0.681	0.955	
MEPCE	PI4K2A	PI4K2A	0.456|0.319|.	1.173	0.391	3	.|.|.	0.000	0.000	0.000	0.000	0.000	-16.005	0.982	0.918	
MEPCE	TMEM43	TMEM43	0.240|0.298|0.252	0.790	0.263	3	0.290|.|0.204	0.000	0.000	0.000	0.000	0.000	-16.005	1.081	0.934	
MEPCE	NDC1	NDC1	0.533|0.605|0.535	1.672	0.557	3	0.228|0.478|0.489	0.001	0.003	0.001	0.003	0.001	-7.289	1.483	0.837	
MEPCE	LMF2	LMF2	0.627|0.712|0.625	1.965	0.655	3	.|0.654|.	0.000	0.000	0.000	0.000	0.000	-16.005	1.002	0.938	
MEPCE	MMTAG2	MMTAG2	4.913|5.012|5.045	14.970	4.990	3	4.280|4.068|4.107	0.000	0.000	0.000	0.000	0.000	-11.537	1.202	0.880	
MEPCE	SPINDOC	SPINDOC	1.808|1.771|1.801	5.380	1.793	3	1.768|1.456|1.491	0.000	0.000	0.000	0.000	0.000	-14.986	1.145	0.924	
MEPCE	ISCA1	ISCA1	0.495|.|.	1.291	0.430	3	.|0.206|.	0.320	0.960	0.320	0.960	0.320	-5.668	2.088	0.260	
MEPCE	TUBB6	TUBB6	25.876|27.059|28.914	81.848	27.283	3	23.826|24.049|24.508	0.000	0.000	0.000	0.000	0.000	-15.234	1.131	0.896	
MEPCE	POLR3C	POLR3C	0.684|0.674|1.522	2.880	0.960	3	0.723|0.776|0.735	0.010	0.029	0.010	0.029	0.010	-16.005	1.290	0.795	
MEPCE	HNRNPUL1	HNRNPUL1	3.997|3.897|4.049	11.943	3.981	3	1.131|0.590|1.200	0.999	0.999	0.999	0.999	0.999	6.442	4.286	0.000	
MEPCE	PDCD10	PDCD10	0.391|.|.	1.187	0.396	3	.|.|.	0.000	0.000	0.000	0.000	0.000	-16.005	0.994	0.970	
MEPCE	DDX23	DDX23	1.209|1.365|1.207	3.781	1.260	3	0.894|1.056|0.938	0.010	0.029	0.010	0.029	0.010	-10.632	1.312	0.775	
MEPCE	WDR18	WDR18	0.420|0.304|0.467	1.191	0.397	3	.|.|.	0.000	0.000	0.000	0.000	0.000	-16.005	0.997	0.907	
MEPCE	TUBB2B	TUBB2B	1.048|0.962|1.086	3.096	1.032	3	0.960|1.225|1.175	0.000	0.000	0.000	0.000	0.000	-16.005	0.926	0.962	
MEPCE	TMEM109	TMEM109	1.625|1.885|1.904	5.413	1.804	3	2.207|2.216|2.170	0.000	0.000	0.000	0.000	0.000	-16.005	0.821	0.948	
MEPCE	PBDC1	PBDC1	0.683|0.658|0.710	2.051	0.684	3	0.917|0.891|0.823	0.000	0.000	0.000	0.000	0.000	-16.005	0.780	0.957	
MEPCE	NOC4L	NOC4L	0.663|0.707|0.816	2.185	0.728	3	0.325|0.604|0.390	0.005	0.013	0.005	0.013	0.005	-8.586	1.716	0.823	
MEPCE	UTP14A	UTP14A	0.450|0.563|0.426	1.439	0.480	3	.|.|.	0.010	0.029	0.010	0.029	0.010	-15.307	1.204	0.784	
MEPCE	TMED9	TMED9	0.484|.|0.542	1.424	0.475	3	0.634|0.619|0.435	0.000	0.000	0.000	0.000	0.000	-16.005	0.856	0.967	
MEPCE	GNL3	GNL3	0.802|0.883|0.906	2.591	0.864	3	.|0.365|.	0.174	0.342	0.174	0.342	0.174	-3.505	2.365	0.333	
MEPCE	RIOK2	RIOK2	0.648|0.599|0.583	1.829	0.610	3	0.507|0.525|0.487	0.001	0.002	0.001	0.002	0.001	-12.860	1.205	0.850	
MEPCE	NUP85	NUP85	0.515|0.288|0.466	1.269	0.423	3	0.479|0.521|0.399	0.000	0.000	0.000	0.000	0.000	-16.005	0.913	0.940	
MEPCE	TARS2	TARS2	0.173|.|0.275	0.846	0.282	3	.|0.373|0.426	0.000	0.000	0.000	0.000	0.000	-16.005	0.707	0.966	
MEPCE	RTL8A	RTL8A	0.581|0.494|0.486	1.561	0.520	3	0.369|0.382|0.394	0.011	0.029	0.011	0.029	0.011	-6.713	1.364	0.747	
MEPCE	RBM4;RBM4B	RBM4;RBM4B	0.620|0.642|0.643	1.906	0.635	3	0.623|.|.	0.000	0.000	0.000	0.000	0.000	-16.005	1.020	0.944	
MEPCE	SCNM1	SCNM1	0.605|0.723|0.641	1.970	0.657	3	0.676|0.685|0.693	0.000	0.000	0.000	0.000	0.000	-16.005	0.959	0.940	
MEPCE	RPAP1	RPAP1	0.509|0.514|1.959	2.982	0.994	3	0.523|0.569|0.562	0.333	0.999	0.333	0.999	0.333	-16.005	1.804	0.230	
MEPCE	LSM14B	LSM14B	1.385|1.156|1.158	3.699	1.233	3	1.061|0.893|0.819	0.000	0.000	0.000	0.000	0.000	-13.727	1.342	0.874	
MEPCE	SALL3	SALL3	0.139|0.245|0.211	0.595	0.198	3	.|.|.	0.000	0.000	0.000	0.000	0.000	-16.005	0.498	0.957	
MEPCE	SRRT	SRRT	0.668|0.347|0.604	1.619	0.540	3	0.410|.|0.637	0.000	0.000	0.000	0.000	0.000	-16.005	1.055	0.903	
MEPCE	FANCD2	FANCD2	1.173|1.218|1.152	3.543	1.181	3	0.771|0.821|0.814	0.029	0.029	0.029	0.029	0.029	-3.505	1.473	0.554	
MEPCE	EIF2A	EIF2A	0.320|.|0.296	1.014	0.338	3	.|.|.	0.000	0.000	0.000	0.000	0.000	-16.005	0.849	0.967	
MEPCE	POLDIP3	POLDIP3	1.740|1.623|1.707	5.069	1.690	3	1.234|1.252|1.401	0.016	0.029	0.016	0.029	0.016	-7.948	1.306	0.731	
MEPCE	YTHDF1	YTHDF1	1.601|1.547|1.589	4.736	1.579	3	.|.|.	1.000	1.000	1.000	1.000	1.000	8.861	3.965	0.000	
MEPCE	MRPS26	MRPS26	1.046|1.040|1.104	3.191	1.064	3	0.771|0.882|0.940	0.000	0.000	0.000	0.000	0.000	-13.392	1.235	0.900	
MEPCE	GTPBP4	GTPBP4	0.635|0.633|1.067	2.334	0.778	3	.|.|.	0.029	0.029	0.029	0.029	0.029	-3.505	1.954	0.532	
MEPCE	ASPSCR1	ASPSCR1	0.641|0.680|0.686	2.007	0.669	3	0.620|0.695|0.598	0.000	0.000	0.000	0.000	0.000	-15.999	1.051	0.935	
MEPCE	OSBPL8	OSBPL8	0.558|2.203|0.409	3.170	1.057	3	.|.|.	0.343	1.000	0.343	1.000	0.343	-15.898	2.653	0.115	
MEPCE	WDR11	WDR11	0.656|0.533|0.478	1.668	0.556	3	0.486|0.446|0.334	0.000	0.000	0.000	0.000	0.000	-15.644	1.334	0.907	
MEPCE	UPF3B	UPF3B	0.674|0.722|0.692	2.087	0.696	3	0.394|0.572|0.467	0.000	0.000	0.000	0.000	0.000	-13.303	1.474	0.903	
MEPCE	TBL1XR1	TBL1XR1	0.540|0.612|0.508	1.660	0.553	3	.|.|0.387	0.001	0.002	0.001	0.002	0.001	-12.640	1.431	0.850	
MEPCE	UCK2	UCK2	0.563|0.524|0.485	1.572	0.524	3	0.581|0.514|0.498	0.000	0.000	0.000	0.000	0.000	-16.005	0.989	0.941	
MEPCE	API5	API5	1.068|0.978|1.165	3.211	1.070	3	1.036|0.993|1.082	0.000	0.000	0.000	0.000	0.000	-16.005	1.033	0.924	
MEPCE	UBE2O	UBE2O	0.478|0.619|0.683	1.780	0.593	3	0.554|0.692|0.709	0.000	0.000	0.000	0.000	0.000	-16.005	0.916	0.945	
MEPCE	XPO4	XPO4	0.393|0.325|0.326	1.044	0.348	3	0.428|0.580|0.615	0.000	0.000	0.000	0.000	0.000	-16.005	0.651	0.953	
MEPCE	LNPK	LNPK	0.471|0.444|0.502	1.417	0.472	3	0.285|0.299|.	0.001	0.002	0.001	0.002	0.001	-10.193	1.618	0.845	
MEPCE	WDR33	WDR33	1.594|1.636|1.839	5.070	1.690	3	1.214|1.573|1.624	0.000	0.000	0.000	0.000	0.000	-15.771	1.159	0.928	
MEPCE	YIPF3	YIPF3	0.716|0.621|0.666	2.003	0.668	3	.|0.493|0.551	0.000	0.000	0.000	0.000	0.000	-14.082	1.280	0.883	
MEPCE	COMMD5	COMMD5	0.499|0.456|0.403	1.358	0.453	3	0.411|0.425|0.380	0.000	0.000	0.000	0.000	0.000	-16.005	1.119	0.877	
MEPCE	SKIC8	SKIC8	0.961|0.993|1.016	2.971	0.990	3	0.762|0.842|0.902	0.000	0.000	0.000	0.000	0.000	-13.864	1.188	0.902	
MEPCE	SLIRP	SLIRP	1.967|1.759|1.916	5.641	1.880	3	1.446|1.549|1.555	0.002	0.005	0.002	0.005	0.002	-12.535	1.241	0.834	
MEPCE	EGLN1	EGLN1	0.450|0.345|0.341	1.136	0.379	3	0.209|.|0.331	0.000	0.001	0.000	0.001	0.000	-14.017	1.439	0.863	
MEPCE	MKRN2	MKRN2	0.397|.|.	1.193	0.398	3	.|.|.	0.000	0.000	0.000	0.000	0.000	-16.005	0.999	0.970	
MEPCE	NAT10	NAT10	0.651|0.867|0.816	2.334	0.778	3	0.776|0.740|0.730	0.000	0.000	0.000	0.000	0.000	-16.005	1.040	0.912	
MEPCE	COMMD4	COMMD4	0.537|0.475|0.612	1.624	0.541	3	0.521|0.386|0.554	0.000	0.000	0.000	0.000	0.000	-16.005	1.125	0.932	
MEPCE	KLC2	KLC2	1.229|1.269|1.350	3.848	1.283	3	1.207|1.382|1.327	0.000	0.000	0.000	0.000	0.000	-16.005	0.984	0.943	
MEPCE	XRN2	XRN2	6.428|6.473|7.226	20.126	6.709	3	6.979|7.251|7.438	0.000	0.000	0.000	0.000	0.000	-16.005	0.929	0.948	
MEPCE	NSRP1	NSRP1	2.161|2.299|2.089	6.549	2.183	3	1.867|2.032|2.049	0.000	0.000	0.000	0.000	0.000	-15.561	1.102	0.911	
MEPCE	RACGAP1	RACGAP1	0.355|.|.	1.151	0.384	3	.|0.311|0.420	0.000	0.000	0.000	0.000	0.000	-16.005	1.062	0.969	
MEPCE	DDX47	DDX47	0.752|0.688|0.717	2.156	0.719	3	0.748|0.692|0.739	0.000	0.000	0.000	0.000	0.000	-16.005	0.990	0.943	
MEPCE	RAB1B	RAB1B	1.265|1.050|0.910	3.225	1.075	3	0.923|1.087|1.214	0.000	0.000	0.000	0.000	0.000	-16.005	1.007	0.933	
MEPCE	CYSTM1	CYSTM1	0.351|.|.	1.148	0.383	3	.|.|.	0.000	0.000	0.000	0.000	0.000	-16.005	0.961	0.970	
MEPCE	POLR3F	POLR3F	0.614|0.561|0.613	1.788	0.596	3	0.615|0.497|0.613	0.000	0.000	0.000	0.000	0.000	-16.005	1.042	0.940	
MEPCE	NUCKS1	NUCKS1	2.329|2.035|0.797	5.161	1.720	3	2.593|2.272|3.005	0.000	0.000	0.000	0.000	0.000	-16.005	0.660	0.952	
MEPCE	WDR13	WDR13	0.374|0.243|.	1.015	0.338	3	.|0.285|.	0.000	0.000	0.000	0.000	0.000	-16.005	1.187	0.923	
MEPCE	VPS16	VPS16	0.696|0.638|0.661	1.995	0.665	3	0.492|0.627|0.678	0.000	0.000	0.000	0.000	0.000	-15.864	1.121	0.935	
MEPCE	VPS11	VPS11	0.400|.|.	1.197	0.399	3	0.396|0.537|0.248	0.000	0.000	0.000	0.000	0.000	-12.144	1.064	0.908	
MEPCE	SLK	SLK	0.552|0.555|0.590	1.697	0.566	3	0.614|0.669|0.560	0.000	0.000	0.000	0.000	0.000	-16.005	0.923	0.954	
MEPCE	PPIL3	PPIL3	1.201|1.256|1.273	3.730	1.243	3	1.164|1.285|1.117	0.000	0.000	0.000	0.000	0.000	-15.984	1.048	0.935	
MEPCE	PDCL3	PDCL3	1.072|0.642|0.560	2.274	0.758	3	1.036|.|0.663	0.000	0.000	0.000	0.000	0.000	-16.005	0.915	0.876	
MEPCE	RAB3GAP2	RAB3GAP2	0.781|0.861|0.841	2.483	0.828	3	0.594|0.736|0.817	0.000	0.000	0.000	0.000	0.000	-15.747	1.166	0.930	
MEPCE	DHX36	DHX36	2.071|2.347|2.313	6.731	2.244	3	1.867|1.747|1.876	0.001	0.002	0.001	0.002	0.001	-13.586	1.226	0.841	
MEPCE	PPA2	PPA2	0.679|0.800|0.683	2.161	0.720	3	0.690|0.735|0.601	0.000	0.000	0.000	0.000	0.000	-16.000	1.070	0.924	
MEPCE	PNN	PNN	0.808|0.821|0.959	2.587	0.862	3	0.824|0.767|0.843	0.000	0.000	0.000	0.000	0.000	-16.005	1.064	0.903	
MEPCE	MTRFR	MTRFR	1.390|1.358|1.219	3.967	1.322	3	1.005|1.397|1.105	0.000	0.000	0.000	0.000	0.000	-15.935	1.142	0.932	
MEPCE	BOLA2	BOLA2	1.729|1.735|1.671	5.135	1.712	3	1.779|1.849|1.761	0.000	0.000	0.000	0.000	0.000	-16.005	0.953	0.957	
MEPCE	TMX1	TMX1	0.445|0.555|0.620	1.620	0.540	3	0.465|0.520|0.589	0.000	0.000	0.000	0.000	0.000	-16.005	1.034	0.929	
MEPCE	NELFA	NELFA	0.367|0.537|0.596	1.500	0.500	3	0.474|0.630|0.546	0.000	0.000	0.000	0.000	0.000	-16.005	0.915	0.942	
MEPCE	WNK1	WNK1	0.781|0.723|0.717	2.221	0.740	3	0.718|0.542|0.741	0.000	0.000	0.000	0.000	0.000	-15.834	1.120	0.936	
MEPCE	RNF41	RNF41	0.297|.|0.476	1.171	0.390	3	0.305|.|.	0.000	0.000	0.000	0.000	0.000	-16.005	1.279	0.878	
MEPCE	ESF1	ESF1	0.622|0.621|0.709	1.951	0.650	3	0.544|0.717|0.300	0.001	0.001	0.001	0.001	0.001	-8.260	1.330	0.850	
MEPCE	STEEP1	STEEP1	0.652|0.780|0.688	2.120	0.707	3	0.626|0.611|1.149	0.000	0.000	0.000	0.000	0.000	-16.005	0.930	0.928	
MEPCE	DHX35	DHX35	2.216|2.229|2.122	6.567	2.189	3	1.899|1.791|1.860	0.000	0.000	0.000	0.000	0.000	-13.049	1.183	0.888	
MEPCE	CCDC134	CCDC134	1.609|1.548|1.620	4.776	1.592	3	1.503|1.636|1.464	0.000	0.000	0.000	0.000	0.000	-15.990	1.039	0.937	
MEPCE	REEP4	REEP4	0.952|0.904|0.891	2.746	0.915	3	0.663|0.635|0.561	0.029	0.029	0.029	0.029	0.029	-3.505	1.481	0.549	
MEPCE	YTHDC2	YTHDC2	0.784|0.936|0.873	2.593	0.864	3	.|.|.	0.029	0.029	0.029	0.029	0.029	-3.505	2.171	0.476	
MEPCE	RIOX1	RIOX1	0.767|0.752|0.781	2.300	0.767	3	.|.|0.389	0.029	0.029	0.029	0.029	0.029	-3.505	1.970	0.554	
MEPCE	DCTPP1	DCTPP1	0.089|.|.	0.885	0.295	3	.|0.220|.	0.000	0.000	0.000	0.000	0.000	-16.005	1.343	0.970	
MEPCE	WDR26	WDR26	0.596|0.565|0.637	1.797	0.599	3	0.797|0.718|0.703	0.000	0.000	0.000	0.000	0.000	-16.005	0.812	0.957	
MEPCE	METTL17	METTL17	0.444|0.529|.	1.372	0.457	3	.|.|.	0.010	0.029	0.010	0.029	0.010	-16.005	1.149	0.786	
MEPCE	ZNF703	ZNF703	0.490|0.446|0.486	1.421	0.474	3	0.443|0.515|0.451	0.000	0.000	0.000	0.000	0.000	-16.005	1.011	0.941	
MEPCE	NRDE2	NRDE2	0.322|0.431|0.252	1.004	0.335	3	.|.|.	0.000	0.000	0.000	0.000	0.000	-16.005	0.840	0.935	
MEPCE	PHAX	PHAX	0.880|0.911|0.759	2.550	0.850	3	.|0.465|0.472	0.029	0.029	0.029	0.029	0.029	-3.505	1.813	0.554	
MEPCE	NT5DC2	NT5DC2	2.429|2.670|2.271	7.371	2.457	3	2.111|2.013|2.110	0.001	0.002	0.001	0.002	0.001	-14.753	1.183	0.844	
MEPCE	PRKRIP1	PRKRIP1	0.740|0.642|0.665	2.046	0.682	3	0.854|0.787|0.918	0.000	0.000	0.000	0.000	0.000	-16.005	0.801	0.962	
MEPCE	COQ10B	COQ10B	0.655|.|0.091	1.145	0.382	3	0.605|0.506|.	0.000	0.000	0.000	0.000	0.000	-16.005	0.690	0.927	
MEPCE	BRD9	BRD9	0.340|0.148|.	0.886	0.295	3	0.274|0.195|0.247	0.000	0.000	0.000	0.000	0.000	-16.005	1.250	0.915	
MEPCE	AKTIP	AKTIP	0.242|.|.	1.039	0.346	3	0.282|.|.	0.000	0.000	0.000	0.000	0.000	-16.005	1.228	0.969	
MEPCE	FAM204A	FAM204A	0.458|.|0.444	1.300	0.433	3	.|0.455|0.446	0.000	0.000	0.000	0.000	0.000	-16.005	0.963	0.966	
MEPCE	ZWILCH	ZWILCH	0.658|0.664|0.893	2.216	0.739	3	0.638|0.677|0.743	0.000	0.001	0.000	0.001	0.000	-16.005	1.079	0.857	
MEPCE	JPT2	JPT2	0.968|0.863|0.956	2.787	0.929	3	0.841|0.904|1.168	0.000	0.000	0.000	0.000	0.000	-16.005	0.967	0.948	
MEPCE	CNOT10	CNOT10	0.188|.|0.425	1.011	0.337	3	0.331|0.221|0.239	0.000	0.000	0.000	0.000	0.000	-16.005	1.299	0.908	
MEPCE	COG4	COG4	0.456|.|.	1.252	0.417	3	.|.|.	0.000	0.000	0.000	0.000	0.000	-16.005	1.048	0.919	
MEPCE	COPS7B	COPS7B	0.442|0.470|0.528	1.440	0.480	3	0.358|0.534|0.458	0.000	0.000	0.000	0.000	0.000	-16.005	1.081	0.938	
MEPCE	ELP3	ELP3	1.341|1.346|1.418	4.105	1.368	3	1.298|1.272|1.177	0.000	0.000	0.000	0.000	0.000	-15.196	1.096	0.919	
MEPCE	C17orf75	C17orf75	0.302|0.458|0.348	1.108	0.369	3	0.252|0.222|.	0.003	0.010	0.003	0.010	0.003	-14.461	1.562	0.826	
MEPCE	XPO5	XPO5	0.757|0.804|0.920	2.481	0.827	3	0.768|0.868|0.802	0.000	0.000	0.000	0.000	0.000	-16.005	1.018	0.920	
MEPCE	CLSPN	CLSPN	0.586|0.475|0.566	1.627	0.542	3	0.764|0.599|0.650	0.000	0.000	0.000	0.000	0.000	-16.005	0.812	0.956	
MEPCE	MYG1	MYG1	0.451|0.460|0.464	1.374	0.458	3	0.455|.|0.577	0.000	0.000	0.000	0.000	0.000	-16.005	0.894	0.954	
MEPCE	CACYBP	CACYBP	0.980|0.886|0.975	2.842	0.947	3	1.094|1.097|1.009	0.000	0.000	0.000	0.000	0.000	-16.005	0.889	0.957	
MEPCE	RDH14	RDH14	0.339|.|0.160	0.898	0.299	3	.|0.116|0.089	0.333	1.000	0.333	1.000	0.333	-10.132	2.949	0.194	
MEPCE	TAF9;TAF9B	TAF9;TAF9B	0.353|0.376|0.435	1.164	0.388	3	.|0.236|.	0.001	0.002	0.001	0.002	0.001	-11.804	1.641	0.848	
MEPCE	TMEM165	TMEM165	0.351|0.422|0.511	1.284	0.428	3	0.273|.|0.231	0.010	0.029	0.010	0.029	0.010	-12.903	1.704	0.769	
MEPCE	EML4	EML4	0.551|0.448|0.734	1.734	0.578	3	0.637|0.716|0.692	0.000	0.000	0.000	0.000	0.000	-16.005	0.849	0.936	
MEPCE	MCCC2	MCCC2	0.633|0.699|0.681	2.013	0.671	3	0.704|0.563|0.580	0.000	0.000	0.000	0.000	0.000	-15.952	1.095	0.933	
MEPCE	MOV10	MOV10	0.650|0.762|0.729	2.140	0.713	3	.|.|.	0.029	0.029	0.029	0.029	0.029	-3.505	1.791	0.476	
MEPCE	CHD8	CHD8	0.773|0.872|0.792	2.436	0.812	3	0.521|0.486|0.585	0.028	0.029	0.028	0.029	0.028	-3.693	1.535	0.673	
MEPCE	PREB	PREB	0.226|.|0.279	0.903	0.301	3	0.071|.|.	0.665	1.000	0.665	1.000	0.665	5.256	4.258	0.061	
MEPCE	CHMP1A	CHMP1A	0.832|0.925|0.843	2.600	0.867	3	1.240|0.974|0.779	0.000	0.000	0.000	0.000	0.000	-16.005	0.885	0.956	
MEPCE	TM9SF3	TM9SF3	1.003|1.100|1.067	3.170	1.057	3	0.856|0.814|0.768	0.014	0.029	0.014	0.029	0.014	-8.965	1.302	0.736	
MEPCE	WDR6	WDR6	0.348|0.390|0.229	0.967	0.322	3	.|.|.	0.000	0.000	0.000	0.000	0.000	-16.005	0.810	0.957	
MEPCE	ZCCHC17	ZCCHC17	2.093|2.258|2.044	6.395	2.132	3	2.072|1.871|2.023	0.000	0.000	0.000	0.000	0.000	-15.877	1.073	0.920	
MEPCE	RAB18	RAB18	1.220|1.126|1.056	3.402	1.134	3	1.089|1.108|1.123	0.000	0.000	0.000	0.000	0.000	-16.005	1.025	0.930	
MEPCE	ALG13	ALG13	0.556|0.606|0.512	1.675	0.558	3	0.443|0.474|0.320	0.000	0.000	0.000	0.000	0.000	-15.099	1.372	0.916	
MEPCE	SARS2	SARS2	0.530|0.590|0.839	1.959	0.653	3	.|0.588|.	0.000	0.001	0.000	0.001	0.000	-16.005	1.110	0.856	
MEPCE	ENY2	ENY2	1.906|1.734|1.677	5.318	1.773	3	2.148|2.144|2.255	0.000	0.000	0.000	0.000	0.000	-16.005	0.813	0.962	
MEPCE	UBE2T	UBE2T	0.462|.|0.482	1.342	0.447	3	0.462|.|0.540	0.000	0.000	0.000	0.000	0.000	-16.005	0.896	0.966	
MEPCE	ISYNA1	ISYNA1	0.777|0.841|0.810	2.428	0.809	3	1.216|1.049|0.971	0.000	0.000	0.000	0.000	0.000	-16.005	0.754	0.962	
MEPCE	LUC7L	LUC7L	1.412|1.461|2.256	5.129	1.710	3	0.983|0.933|1.021	0.029	0.029	0.029	0.029	0.029	-3.505	1.747	0.554	
MEPCE	MRPL40	MRPL40	0.927|0.195|.	1.520	0.507	3	0.487|.|.	0.010	0.029	0.010	0.029	0.010	-16.005	1.040	0.804	
MEPCE	COPRS	COPRS	0.743|0.765|.	1.906	0.635	3	0.894|1.041|1.210	0.000	0.000	0.000	0.000	0.000	-16.005	0.611	0.968	
MEPCE	RTN4	RTN4	1.462|1.456|1.446	4.364	1.455	3	1.620|1.723|1.535	0.000	0.000	0.000	0.000	0.000	-16.005	0.896	0.948	
MEPCE	XPNPEP3	XPNPEP3	16.872|.|.	17.668	5.889	3	.|21.462|.	0.000	0.000	0.000	0.000	0.000	-16.005	0.274	0.971	
MEPCE	AVEN	AVEN	0.752|0.284|0.761	1.797	0.599	3	0.662|0.552|0.651	0.000	0.000	0.000	0.000	0.000	-16.005	0.967	0.910	
MEPCE	KIF13B	KIF13B	0.511|.|0.433	1.342	0.447	3	.|.|.	0.001	0.002	0.001	0.002	0.001	-16.005	1.124	0.846	
MEPCE	GPHN	GPHN	1.062|1.004|1.079	3.145	1.048	3	0.931|0.903|0.966	0.000	0.000	0.000	0.000	0.000	-15.165	1.124	0.909	
MEPCE	BIRC6	BIRC6	0.464|0.543|0.605	1.612	0.537	3	0.415|0.438|.	0.000	0.000	0.000	0.000	0.000	-15.651	1.260	0.885	
MEPCE	PDLIM7	PDLIM7	0.619|0.654|0.638	1.911	0.637	3	0.537|0.537|0.420	0.000	0.000	0.000	0.000	0.000	-14.144	1.287	0.912	
MEPCE	DIABLO	DIABLO	1.264|1.300|1.455	4.020	1.340	3	1.112|1.370|1.303	0.000	0.000	0.000	0.000	0.000	-16.003	1.066	0.931	
MEPCE	DDX21	DDX21	3.376|3.464|3.421	10.260	3.420	3	1.473|1.754|1.418	0.029	0.029	0.029	0.029	0.029	-3.505	2.218	0.638	
MEPCE	SAR1A	SAR1A	0.869|0.891|0.769	2.529	0.843	3	0.933|0.805|0.890	0.000	0.000	0.000	0.000	0.000	-16.005	0.964	0.946	
MEPCE	SH3GLB2	SH3GLB2	0.737|0.759|0.808	2.304	0.768	3	0.668|0.664|0.680	0.000	0.000	0.000	0.000	0.000	-14.603	1.145	0.893	
MEPCE	EIF2B3	EIF2B3	1.214|1.367|1.404	3.985	1.328	3	1.185|1.244|1.245	0.000	0.000	0.000	0.000	0.000	-16.005	1.085	0.914	
MEPCE	EIF4ENIF1	EIF4ENIF1	0.991|1.043|0.866	2.900	0.967	3	1.010|0.908|0.951	0.000	0.000	0.000	0.000	0.000	-16.005	1.012	0.932	
MEPCE	AAAS	AAAS	0.950|0.910|0.909	2.769	0.923	3	0.751|0.720|0.732	0.001	0.004	0.001	0.004	0.001	-8.850	1.257	0.837	
MEPCE	STRN4	STRN4	0.545|0.554|.	1.498	0.499	3	0.599|0.676|0.733	0.000	0.000	0.000	0.000	0.000	-16.005	0.748	0.966	
MEPCE	DROSHA	DROSHA	0.515|0.219|0.296	1.029	0.343	3	.|0.374|.	0.000	0.000	0.000	0.000	0.000	-16.005	0.918	0.903	
MEPCE	PNO1	PNO1	1.043|1.095|1.201	3.339	1.113	3	0.785|0.897|0.803	0.014	0.029	0.014	0.029	0.014	-8.145	1.346	0.739	
MEPCE	HELLS	HELLS	0.173|.|0.295	0.866	0.289	3	.|0.278|.	0.000	0.000	0.000	0.000	0.000	-16.005	1.037	0.965	
MEPCE	FARSB	FARSB	0.538|0.554|0.621	1.712	0.571	3	0.883|0.942|0.799	0.000	0.000	0.000	0.000	0.000	-16.005	0.654	0.952	
MEPCE	KLC4	KLC4	0.772|0.668|0.838	2.277	0.759	3	0.637|0.606|0.380	0.000	0.000	0.000	0.000	0.000	-15.159	1.440	0.879	
MEPCE	SMC4	SMC4	2.001|1.849|2.130	5.980	1.993	3	1.777|1.856|1.808	0.000	0.000	0.000	0.000	0.000	-15.945	1.099	0.906	
MEPCE	SACM1L	SACM1L	1.040|1.049|0.910	2.998	0.999	3	0.852|0.890|0.788	0.000	0.000	0.000	0.000	0.000	-15.078	1.186	0.867	
MEPCE	MDN1	MDN1	0.220|0.664|1.020	1.904	0.635	3	0.350|0.444|.	0.199	0.566	0.199	0.566	0.199	-16.005	1.610	0.324	
MEPCE	TXLNG	TXLNG	0.622|0.708|0.867	2.196	0.732	3	0.833|0.865|0.839	0.000	0.000	0.000	0.000	0.000	-16.005	0.866	0.945	
MEPCE	EXOC1	EXOC1	0.452|0.455|0.448	1.355	0.452	3	0.331|0.354|0.944	0.000	0.000	0.000	0.000	0.000	-8.115	0.941	0.857	
MEPCE	UQCC1	UQCC1	0.429|0.380|0.439	1.247	0.416	3	0.274|.|0.192	0.002	0.004	0.002	0.004	0.002	-9.607	1.811	0.832	
MEPCE	SEPTIN11	SEPTIN11	1.726|1.928|1.927	5.582	1.861	3	1.783|1.794|1.627	0.000	0.000	0.000	0.000	0.000	-16.005	1.074	0.921	
MEPCE	FANCI	FANCI	1.112|1.065|1.421	3.598	1.199	3	1.119|1.020|1.031	0.010	0.029	0.010	0.029	0.010	-15.994	1.136	0.789	
MEPCE	ARL8B	ARL8B	0.695|.|0.671	1.764	0.588	3	0.432|.|.	0.005	0.011	0.005	0.011	0.005	-16.005	1.361	0.823	
MEPCE	DNAJC17	DNAJC17	0.357|0.352|0.275	0.984	0.328	3	0.327|0.295|.	0.000	0.000	0.000	0.000	0.000	-16.005	1.056	0.935	
MEPCE	GNL3L	GNL3L	2.236|2.278|2.398	6.912	2.304	3	2.120|2.208|2.298	0.000	0.000	0.000	0.000	0.000	-15.978	1.044	0.933	
MEPCE	DDX18	DDX18	0.467|0.513|0.457	1.436	0.479	3	.|.|.	0.001	0.003	0.001	0.003	0.001	-13.029	1.202	0.842	
MEPCE	POLR3E	POLR3E	0.424|0.566|0.500	1.490	0.497	3	.|.|0.932	0.000	0.000	0.000	0.000	0.000	-16.005	0.533	0.961	
MEPCE	POLR3B	POLR3B	0.687|0.706|0.705	2.098	0.699	3	0.687|0.614|0.581	0.000	0.000	0.000	0.000	0.000	-15.125	1.118	0.923	
MEPCE	WDR70	WDR70	0.505|.|.	1.302	0.434	3	0.431|.|0.289	0.000	0.000	0.000	0.000	0.000	-15.412	1.229	0.895	
MEPCE	ARGLU1	ARGLU1	1.409|1.599|.	3.407	1.136	3	1.005|1.022|1.177	0.010	0.029	0.010	0.029	0.010	-16.005	1.066	0.767	
MEPCE	SLTM	SLTM	1.400|1.429|1.348	4.177	1.392	3	1.579|1.646|1.603	0.000	0.000	0.000	0.000	0.000	-16.005	0.865	0.948	
MEPCE	ZNHIT6	ZNHIT6	0.102|.|.	0.899	0.300	3	.|.|.	0.000	0.000	0.000	0.000	0.000	-16.005	0.752	0.970	
MEPCE	GID8	GID8	0.355|.|1.683	2.436	0.812	3	.|.|.	0.333	1.000	0.333	1.000	0.333	-16.005	2.040	0.174	
MEPCE	MRPL22	MRPL22	0.572|.|.	1.368	0.456	3	.|.|.	0.010	0.029	0.010	0.029	0.010	-16.005	1.145	0.804	
MEPCE	BABAM1	BABAM1	0.601|0.770|0.828	2.200	0.733	3	0.622|0.656|0.675	0.000	0.001	0.000	0.001	0.000	-16.005	1.127	0.855	
MEPCE	UCKL1	UCKL1	0.366|0.328|0.449	1.143	0.381	3	0.380|0.560|0.364	0.000	0.000	0.000	0.000	0.000	-16.005	0.895	0.946	
MEPCE	MRPL16	MRPL16	0.892|0.952|0.964	2.808	0.936	3	0.741|0.800|.	0.000	0.000	0.000	0.000	0.000	-13.890	1.216	0.894	
MEPCE	LYAR	LYAR	0.778|0.247|0.372	1.397	0.466	3	0.436|0.623|0.630	0.000	0.000	0.000	0.000	0.000	-16.005	0.839	0.925	
MEPCE	CWC25	CWC25	4.101|3.895|4.168	12.165	4.055	3	3.542|3.489|3.455	0.000	0.000	0.000	0.000	0.000	-14.155	1.160	0.895	
MEPCE	DCAF16	DCAF16	0.351|0.327|.	1.076	0.359	3	.|0.219|.	0.000	0.000	0.000	0.000	0.000	-12.148	1.637	0.893	
MEPCE	TRMT1	TRMT1	0.621|0.658|0.722	2.001	0.667	3	0.660|0.645|1.687	0.000	0.000	0.000	0.000	0.000	-11.157	0.745	0.880	
MEPCE	NDE1	NDE1	0.398|.|0.390	1.186	0.395	3	0.455|0.437|0.378	0.000	0.000	0.000	0.000	0.000	-16.005	0.937	0.967	
MEPCE	BABAM2	BABAM2	0.383|0.730|0.647	1.760	0.587	3	0.805|0.616|0.612	0.000	0.000	0.000	0.000	0.000	-16.005	0.873	0.943	
MEPCE	QPCTL	QPCTL	1.144|1.109|0.977	3.230	1.077	3	1.469|1.455|1.447	0.000	0.000	0.000	0.000	0.000	-16.005	0.739	0.957	
MEPCE	DNAJB12	DNAJB12	0.257|0.226|0.401	0.884	0.295	3	.|0.176|0.232	0.006	0.019	0.006	0.019	0.006	-15.726	1.460	0.818	
MEPCE	GAR1	GAR1	1.582|1.345|1.496	4.423	1.474	3	1.548|0.932|1.322	0.000	0.000	0.000	0.000	0.000	-15.931	1.189	0.935	
MEPCE	BCLAF1	BCLAF1	4.349|4.044|4.325	12.718	4.239	3	4.540|4.941|4.502	0.000	0.000	0.000	0.000	0.000	-16.005	0.910	0.962	
MEPCE	FKBP11	FKBP11	0.410|0.390|0.364	1.163	0.388	3	0.460|.|.	0.000	0.000	0.000	0.000	0.000	-16.005	0.844	0.954	
MEPCE	NKIRAS2	NKIRAS2	0.404|.|.	1.201	0.400	3	.|.|0.708	0.000	0.000	0.000	0.000	0.000	-16.005	0.565	0.968	
MEPCE	UGGT2	UGGT2	0.794|.|0.496	1.689	0.563	3	.|.|.	0.010	0.029	0.010	0.029	0.010	-16.005	1.414	0.769	
MEPCE	UGGT1	UGGT1	0.994|1.042|1.022	3.058	1.019	3	1.090|0.947|1.097	0.000	0.000	0.000	0.000	0.000	-16.005	0.978	0.948	
MEPCE	CDK12	CDK12	0.560|0.701|0.671	1.933	0.644	3	.|.|0.647	0.000	0.000	0.000	0.000	0.000	-16.005	0.996	0.938	
MEPCE	GTSE1	GTSE1	0.619|0.614|0.870	2.102	0.701	3	0.627|0.597|0.542	0.010	0.029	0.010	0.029	0.010	-15.742	1.192	0.789	
MEPCE	TECR	TECR	2.148|2.201|2.264	6.613	2.204	3	1.830|1.924|1.875	0.000	0.000	0.000	0.000	0.000	-13.126	1.175	0.890	
MEPCE	ACTR10	ACTR10	0.593|0.523|.	1.514	0.505	3	0.571|0.504|0.624	0.000	0.000	0.000	0.000	0.000	-16.005	0.894	0.965	
MEPCE	C9orf78	C9orf78	0.410|0.543|0.514	1.467	0.489	3	0.541|0.519|0.561	0.000	0.000	0.000	0.000	0.000	-16.005	0.905	0.948	
MEPCE	IGF2BP1	IGF2BP1	0.682|0.738|0.836	2.255	0.752	3	.|.|.	0.029	0.029	0.029	0.029	0.029	-3.505	1.888	0.476	
MEPCE	HSPBP1	HSPBP1	0.806|0.833|0.923	2.562	0.854	3	1.095|1.113|1.120	0.000	0.000	0.000	0.000	0.000	-16.005	0.770	0.957	
MEPCE	COMMD9	COMMD9	0.464|.|0.446	1.308	0.436	3	0.454|0.572|0.444	0.000	0.000	0.000	0.000	0.000	-16.005	0.896	0.966	
MEPCE	CNIH4	CNIH4	2.145|1.897|2.055	6.097	2.032	3	.|1.809|1.772	0.000	0.000	0.000	0.000	0.000	-15.480	1.135	0.895	
MEPCE	CRIPT	CRIPT	2.977|2.920|2.814	8.711	2.904	3	2.973|3.143|3.006	0.000	0.000	0.000	0.000	0.000	-16.005	0.955	0.962	
MEPCE	CCDC59	CCDC59	0.655|0.817|0.707	2.179	0.726	3	0.464|0.600|0.583	0.000	0.000	0.000	0.000	0.000	-14.725	1.331	0.885	
MEPCE	NDUFAF4	NDUFAF4	0.272|0.328|0.308	0.909	0.303	3	.|0.284|.	0.000	0.000	0.000	0.000	0.000	-16.005	1.068	0.937	
MEPCE	HACD3	HACD3	2.546|2.339|2.452	7.337	2.446	3	1.753|1.724|1.680	0.029	0.029	0.029	0.029	0.029	-3.505	1.423	0.554	
MEPCE	RAI14	RAI14	0.164|0.788|0.888	1.839	0.613	3	.|.|.	0.019	0.029	0.019	0.029	0.019	-16.005	1.540	0.708	
MEPCE	VAPA	VAPA	0.619|0.896|0.791	2.306	0.769	3	.|0.771|.	0.000	0.000	0.000	0.000	0.000	-16.005	0.997	0.923	
MEPCE	CAMSAP3	CAMSAP3	1.260|1.200|1.291	3.751	1.250	3	1.243|1.231|1.092	0.000	0.000	0.000	0.000	0.000	-15.986	1.054	0.932	
MEPCE	VPS18	VPS18	0.651|0.638|0.811	2.100	0.700	3	0.650|0.777|0.732	0.000	0.000	0.000	0.000	0.000	-16.005	0.975	0.931	
MEPCE	RCC2	RCC2	7.338|7.196|7.306	21.840	7.280	3	8.317|8.093|8.056	0.000	0.000	0.000	0.000	0.000	-16.005	0.893	0.962	
MEPCE	RELCH	RELCH	0.407|0.450|0.417	1.274	0.425	3	0.384|0.385|0.490	0.000	0.000	0.000	0.000	0.000	-16.005	1.019	0.943	
MEPCE	SLAIN2	SLAIN2	0.928|0.881|0.835	2.643	0.881	3	0.837|0.775|0.775	0.000	0.000	0.000	0.000	0.000	-15.632	1.108	0.909	
MEPCE	STK26	STK26	0.340|.|0.443	1.181	0.394	3	0.491|0.786|0.635	0.000	0.000	0.000	0.000	0.000	-16.005	0.629	0.966	
MEPCE	PTGFRN	PTGFRN	0.356|.|.	1.152	0.384	3	.|.|.	0.000	0.000	0.000	0.000	0.000	-16.005	0.964	0.970	
MEPCE	CFAP97	CFAP97	0.316|0.656|0.756	1.728	0.576	3	.|.|0.230	0.666	1.000	0.666	1.000	0.666	-13.433	2.505	0.058	
MEPCE	LARS1	LARS1	0.677|1.215|0.690	2.582	0.861	3	0.601|0.490|0.626	0.010	0.029	0.010	0.029	0.010	-14.694	1.513	0.785	
MEPCE	RCOR3	RCOR3	0.574|0.591|0.503	1.668	0.556	3	0.479|0.539|0.599	0.000	0.000	0.000	0.000	0.000	-16.005	1.036	0.937	
MEPCE	RBM27	RBM27	4.589|4.801|4.902	14.292	4.764	3	3.436|3.786|3.644	0.020	0.029	0.020	0.029	0.020	-7.147	1.316	0.691	
MEPCE	ANKFY1	ANKFY1	1.308|1.313|1.229	3.850	1.283	3	1.286|1.289|1.134	0.000	0.000	0.000	0.000	0.000	-16.005	1.040	0.936	
MEPCE	ATXN10	ATXN10	0.227|0.288|0.269	0.784	0.261	3	0.497|0.338|.	0.000	0.000	0.000	0.000	0.000	-16.005	0.638	0.954	
MEPCE	TFIP11	TFIP11	1.282|1.378|1.444	4.105	1.368	3	1.104|1.390|1.319	0.000	0.000	0.000	0.000	0.000	-15.995	1.082	0.934	
MEPCE	EPS15L1	EPS15L1	0.398|0.359|0.400	1.156	0.385	3	0.442|0.344|0.555	0.000	0.000	0.000	0.000	0.000	-16.005	0.878	0.956	
MEPCE	COPG2	COPG2	2.469|2.397|2.616	7.482	2.494	3	2.251|2.574|2.380	0.000	0.000	0.000	0.000	0.000	-16.005	1.040	0.932	
MEPCE	COMMD3	COMMD3	0.722|0.759|0.834	2.314	0.771	3	0.810|0.339|0.800	0.001	0.001	0.001	0.001	0.001	-7.797	1.278	0.843	
MEPCE	GNG12	GNG12	0.232|0.323|.	0.954	0.318	3	.|.|.	0.000	0.000	0.000	0.000	0.000	-16.005	0.798	0.967	
MEPCE	DHCR7	DHCR7	1.136|1.131|1.280	3.547	1.182	3	0.771|1.467|0.887	0.000	0.000	0.000	0.000	0.000	-13.866	1.182	0.902	
MEPCE	HDAC6	HDAC6	0.677|0.634|0.666	1.977	0.659	3	0.624|0.588|0.585	0.000	0.000	0.000	0.000	0.000	-15.494	1.101	0.918	
MEPCE	VPS29	VPS29	0.669|0.675|0.764	2.108	0.703	3	0.659|0.840|0.794	0.000	0.000	0.000	0.000	0.000	-16.005	0.924	0.948	
MEPCE	EIF3K	EIF3K	1.925|1.968|1.999	5.892	1.964	3	1.668|1.732|1.712	0.000	0.000	0.000	0.000	0.000	-13.653	1.153	0.902	
MEPCE	CTSZ	CTSZ	0.513|0.374|0.508	1.396	0.465	3	0.307|0.331|0.306	0.019	0.029	0.019	0.029	0.019	-11.296	1.478	0.699	
MEPCE	DNAJB11	DNAJB11	0.614|0.686|0.602	1.903	0.634	3	0.608|0.672|0.650	0.000	0.000	0.000	0.000	0.000	-16.005	0.987	0.938	
MEPCE	MORF4L1	MORF4L1	0.509|0.304|0.412	1.226	0.409	3	1.466|.|0.409	0.000	0.000	0.000	0.000	0.000	-16.005	0.527	0.961	
MEPCE	PEF1	PEF1	0.362|.|.	1.158	0.386	3	.|0.206|.	0.000	0.000	0.000	0.000	0.000	-8.911	1.875	0.876	
MEPCE	ZMYM2	ZMYM2	0.599|0.631|0.611	1.840	0.613	3	0.157|0.639|0.603	0.013	0.014	0.013	0.014	0.013	-4.404	1.561	0.743	
MEPCE	COPS7A	COPS7A	1.072|1.002|1.054	3.128	1.043	3	0.949|0.973|1.003	0.000	0.000	0.000	0.000	0.000	-15.885	1.070	0.927	
MEPCE	TJP2	TJP2	0.458|0.488|0.485	1.432	0.477	3	.|0.227|.	0.244	0.359	0.244	0.359	0.244	-2.845	2.103	0.313	
MEPCE	ADD3	ADD3	0.537|0.524|0.527	1.588	0.529	3	0.531|0.604|0.958	0.000	0.000	0.000	0.000	0.000	-16.005	0.784	0.955	
MEPCE	CGGBP1	CGGBP1	0.927|0.627|0.866	2.421	0.807	3	0.686|0.692|0.844	0.000	0.000	0.000	0.000	0.000	-16.005	1.095	0.916	
MEPCE	ABCF2	ABCF2	1.105|1.207|1.004	3.316	1.105	3	1.341|1.357|1.444	0.000	0.000	0.000	0.000	0.000	-16.005	0.801	0.957	
MEPCE	SEC63	SEC63	0.562|0.702|0.632	1.897	0.632	3	0.516|0.521|0.575	0.003	0.009	0.003	0.009	0.003	-15.657	1.178	0.827	
MEPCE	NOL12	NOL12	0.603|0.409|0.355	1.368	0.456	3	.|.|.	0.010	0.029	0.010	0.029	0.010	-16.005	1.145	0.791	
MEPCE	SEPTIN3	SEPTIN3	0.496|0.572|0.436	1.503	0.501	3	0.388|0.389|0.306	0.000	0.001	0.000	0.001	0.000	-14.525	1.396	0.862	
MEPCE	LIMA1	LIMA1	1.257|0.843|1.214	3.314	1.105	3	0.702|0.441|0.493	0.543	0.902	0.543	0.902	0.543	-11.903	2.066	0.086	
MEPCE	AFF4	AFF4	0.784|0.830|1.054	2.668	0.889	3	.|0.538|0.422	0.029	0.029	0.029	0.029	0.029	-3.505	1.866	0.547	
MEPCE	SRP68	SRP68	1.319|1.255|1.263	3.836	1.279	3	1.109|1.190|1.279	0.000	0.000	0.000	0.000	0.000	-15.599	1.074	0.928	
MEPCE	SEPTIN9	SEPTIN9	1.527|1.497|1.453	4.477	1.492	3	1.369|1.376|1.379	0.000	0.000	0.000	0.000	0.000	-15.514	1.086	0.924	
MEPCE	BAIAP2L1	BAIAP2L1	0.595|0.499|0.535	1.630	0.543	3	0.606|0.558|0.551	0.000	0.000	0.000	0.000	0.000	-16.005	0.951	0.942	
MEPCE	SAP30BP	SAP30BP	1.716|1.555|1.433	4.704	1.568	3	1.300|1.327|1.336	0.002	0.005	0.002	0.005	0.002	-14.971	1.187	0.834	
MEPCE	PFDN2	PFDN2	0.496|0.407|0.613	1.517	0.506	3	1.249|0.622|1.312	0.000	0.000	0.000	0.000	0.000	-16.005	0.503	0.954	
MEPCE	PUF60	PUF60	3.300|3.432|3.555	10.287	3.429	3	2.670|3.091|2.912	0.000	0.000	0.000	0.000	0.000	-13.518	1.188	0.886	
MEPCE	NRBP1	NRBP1	0.455|0.438|0.398	1.291	0.430	3	0.476|0.458|0.412	0.000	0.000	0.000	0.000	0.000	-16.005	0.961	0.946	
MEPCE	EIF2B4	EIF2B4	1.481|1.367|1.620	4.468	1.489	3	1.451|1.277|1.446	0.000	0.000	0.000	0.000	0.000	-16.005	1.072	0.913	
MEPCE	ATP6V1H	ATP6V1H	1.026|0.742|0.798	2.567	0.856	3	0.862|0.981|0.914	0.000	0.000	0.000	0.000	0.000	-16.005	0.933	0.925	
MEPCE	TRMT112	TRMT112	0.484|0.383|0.513	1.380	0.460	3	0.226|0.228|0.349	0.005	0.014	0.005	0.014	0.005	-14.170	1.753	0.821	
MEPCE	XPO7	XPO7	0.806|0.951|0.912	2.669	0.890	3	0.917|1.056|0.989	0.000	0.000	0.000	0.000	0.000	-16.005	0.903	0.952	
MEPCE	VPS51	VPS51	0.548|0.680|0.497	1.725	0.575	3	0.561|0.665|0.622	0.000	0.000	0.000	0.000	0.000	-16.005	0.936	0.934	
MEPCE	ATP5IF1	ATP5IF1	0.549|1.083|.	2.031	0.677	3	0.356|0.438|0.439	0.193	0.579	0.193	0.579	0.193	-16.005	1.655	0.327	
MEPCE	RABGEF1	RABGEF1	0.273|.|.	1.069	0.356	3	0.667|.|0.121	0.000	0.000	0.000	0.000	0.000	-16.005	1.254	0.969	
MEPCE	HOOK1	HOOK1	0.471|0.584|1.166	2.220	0.740	3	0.506|0.370|0.698	0.116	0.348	0.116	0.348	0.116	-16.005	1.459	0.369	
MEPCE	TSR3	TSR3	0.802|.|0.311	1.510	0.503	3	0.316|0.316|.	0.273	0.818	0.273	0.818	0.273	-16.005	1.592	0.294	
MEPCE	DDX41	DDX41	1.240|1.373|1.371	3.985	1.328	3	1.345|1.435|1.342	0.000	0.000	0.000	0.000	0.000	-16.005	0.967	0.957	
MEPCE	DCTN4	DCTN4	0.879|0.894|0.878	2.651	0.884	3	0.917|0.961|0.943	0.000	0.000	0.000	0.000	0.000	-16.005	0.940	0.957	
MEPCE	LSM7	LSM7	4.018|4.251|4.147	12.417	4.139	3	1.396|1.265|1.134	0.998	0.999	0.998	0.999	0.998	5.425	3.284	0.000	
MEPCE	CCNL1	CCNL1	0.341|0.549|0.532	1.422	0.474	3	0.371|0.333|0.416	0.001	0.001	0.001	0.001	0.001	-16.005	1.275	0.850	
MEPCE	DBR1	DBR1	0.502|0.679|0.444	1.626	0.542	3	0.502|0.482|0.562	0.000	0.001	0.000	0.001	0.000	-16.005	1.054	0.856	
MEPCE	MRTO4	MRTO4	1.718|1.825|1.750	5.293	1.764	3	1.553|1.502|1.635	0.000	0.000	0.000	0.000	0.000	-14.586	1.129	0.907	
MEPCE	GPATCH8	GPATCH8	0.680|1.069|1.250	3.000	1.000	3	1.346|0.681|1.234	0.000	0.000	0.000	0.000	0.000	-16.005	0.960	0.899	
MEPCE	NUP50	NUP50	0.998|1.129|1.176	3.303	1.101	3	0.904|0.893|0.814	0.011	0.029	0.011	0.029	0.011	-13.035	1.266	0.748	
MEPCE	BAG5	BAG5	0.776|0.877|0.767	2.421	0.807	3	0.694|0.801|0.684	0.000	0.000	0.000	0.000	0.000	-15.684	1.114	0.911	
MEPCE	RAB21	RAB21	0.281|.|0.229	0.909	0.303	3	0.435|0.487|0.397	0.000	0.000	0.000	0.000	0.000	-16.005	0.692	0.966	
MEPCE	TRAPPC2L	TRAPPC2L	0.618|0.504|0.516	1.638	0.546	3	0.575|0.485|0.509	0.000	0.000	0.000	0.000	0.000	-16.005	1.047	0.918	
MEPCE	ZNF346	ZNF346	0.265|.|0.265	0.928	0.309	3	.|.|.	0.000	0.000	0.000	0.000	0.000	-16.005	0.777	0.967	
MEPCE	PSME2	PSME2	0.301|0.163|.	0.862	0.287	3	0.544|0.538|0.711	0.000	0.000	0.000	0.000	0.000	-16.005	0.485	0.966	
MEPCE	TAOK2	TAOK2	0.358|0.344|0.339	1.042	0.347	3	.|0.238|0.432	0.000	0.000	0.000	0.000	0.000	-15.889	1.082	0.938	
MEPCE	MCTS1	MCTS1	0.942|0.911|0.869	2.722	0.907	3	0.897|0.872|0.855	0.000	0.000	0.000	0.000	0.000	-16.005	1.037	0.935	
MEPCE	HECTD1	HECTD1	0.978|0.894|1.041	2.912	0.971	3	0.952|1.000|0.933	0.000	0.000	0.000	0.000	0.000	-16.005	1.010	0.934	
MEPCE	CORO1C	CORO1C	1.289|1.387|1.427	4.103	1.368	3	0.759|0.699|0.731	0.029	0.029	0.029	0.029	0.029	-3.505	1.876	0.554	
MEPCE	TPX2	TPX2	0.358|.|0.275	1.031	0.344	3	0.381|0.332|0.363	0.000	0.000	0.000	0.000	0.000	-16.005	0.960	0.966	
MEPCE	NOB1	NOB1	1.044|2.387|1.078	4.510	1.503	3	1.056|1.151|1.297	0.010	0.029	0.010	0.029	0.010	-16.005	1.292	0.798	
MEPCE	TMCO1	TMCO1	0.765|0.850|0.876	2.491	0.830	3	1.042|0.640|0.641	0.000	0.000	0.000	0.000	0.000	-16.002	1.103	0.941	
MEPCE	MYO6	MYO6	0.195|0.432|0.431	1.058	0.353	3	.|.|.	0.000	0.000	0.000	0.000	0.000	-16.005	0.886	0.930	
MEPCE	NFU1	NFU1	0.754|0.678|0.700	2.132	0.711	3	0.295|0.207|0.249	0.998	0.999	0.998	0.999	0.998	5.586	2.871	0.000	
MEPCE	PRPF19	PRPF19	1.278|1.237|1.216	3.731	1.244	3	0.860|0.841|1.054	0.000	0.000	0.000	0.000	0.000	-12.030	1.362	0.889	
MEPCE	NOL7	NOL7	0.546|0.462|0.526	1.534	0.511	3	.|0.264|.	0.020	0.029	0.020	0.029	0.020	-6.760	1.936	0.690	
MEPCE	SCML1	SCML1	0.494|0.526|0.665	1.685	0.562	3	0.524|0.502|0.517	0.001	0.003	0.001	0.003	0.001	-16.005	1.092	0.838	
MEPCE	STUB1	STUB1	3.569|3.760|3.834	11.163	3.721	3	3.537|3.502|3.803	0.000	0.000	0.000	0.000	0.000	-16.005	1.030	0.937	
MEPCE	MAGED2	MAGED2	1.239|1.251|1.314	3.805	1.268	3	1.193|1.078|1.289	0.000	0.000	0.000	0.000	0.000	-15.809	1.071	0.932	
MEPCE	STX8	STX8	0.217|.|.	1.013	0.338	3	.|.|.	0.000	0.000	0.000	0.000	0.000	-16.005	0.848	0.970	
MEPCE	PSMD13	PSMD13	1.851|2.002|2.155	6.007	2.002	3	2.169|2.585|2.229	0.000	0.000	0.000	0.000	0.000	-16.005	0.863	0.951	
MEPCE	FAF1	FAF1	0.429|0.341|0.393	1.163	0.388	3	.|.|.	0.000	0.000	0.000	0.000	0.000	-16.005	0.973	0.936	
MEPCE	DIMT1	DIMT1	0.740|0.698|0.600	2.038	0.679	3	0.395|0.365|0.373	0.029	0.029	0.029	0.029	0.029	-3.505	1.801	0.476	
MEPCE	COPS3	COPS3	0.893|0.905|0.985	2.783	0.928	3	1.037|1.309|0.783	0.000	0.000	0.000	0.000	0.000	-16.005	0.909	0.954	
MEPCE	C19orf53	C19orf53	10.623|0.770|.	11.791	3.930	3	0.511|8.765|9.147	0.014	0.040	0.014	0.040	0.014	-6.955	1.140	0.736	
MEPCE	COG5	COG5	0.644|0.715|0.686	2.045	0.682	3	0.876|0.875|0.932	0.000	0.000	0.000	0.000	0.000	-16.005	0.763	0.957	
MEPCE	SCAF8	SCAF8	0.696|0.746|0.801	2.242	0.747	3	0.703|0.719|0.734	0.000	0.000	0.000	0.000	0.000	-16.005	1.041	0.926	
MEPCE	PPP6R1	PPP6R1	0.483|0.256|0.607	1.345	0.448	3	0.667|0.749|0.792	0.000	0.000	0.000	0.000	0.000	-16.005	0.611	0.962	
MEPCE	TRIM33	TRIM33	0.496|0.584|0.485	1.565	0.522	3	0.457|0.572|0.533	0.000	0.000	0.000	0.000	0.000	-16.005	1.005	0.937	
MEPCE	PHF8	PHF8	1.644|1.554|1.491	4.690	1.563	3	1.412|1.160|1.297	0.000	0.000	0.000	0.000	0.000	-14.311	1.216	0.900	
MEPCE	EXOC7	EXOC7	0.574|0.455|0.754	1.783	0.594	3	0.514|1.475|0.641	0.000	0.000	0.000	0.000	0.000	-12.572	0.756	0.870	
MEPCE	ZC3H4	ZC3H4	0.372|0.242|0.418	1.032	0.344	3	0.311|.|0.287	0.000	0.000	0.000	0.000	0.000	-16.005	1.152	0.908	
MEPCE	USP24	USP24	0.425|0.479|0.478	1.382	0.461	3	0.389|0.543|0.496	0.000	0.000	0.000	0.000	0.000	-16.005	0.977	0.947	
MEPCE	SRRM2	SRRM2	2.564|2.458|2.588	7.610	2.537	3	1.208|1.057|1.086	0.029	0.029	0.029	0.029	0.029	-3.505	2.275	0.634	
MEPCE	PA2G4	PA2G4	0.756|0.841|0.873	2.469	0.823	3	0.783|0.811|0.880	0.000	0.000	0.000	0.000	0.000	-16.005	0.999	0.939	
MEPCE	BAIAP2	BAIAP2	0.391|.|0.393	1.182	0.394	3	0.710|0.452|.	0.000	0.000	0.000	0.000	0.000	-16.005	0.696	0.966	
MEPCE	SMC3	SMC3	1.080|1.069|1.044	3.193	1.064	3	0.975|1.076|0.917	0.000	0.000	0.000	0.000	0.000	-15.646	1.078	0.931	
MEPCE	CHMP2B	CHMP2B	5.091|0.759|0.744	6.594	2.198	3	0.836|0.725|0.926	0.333	1.000	0.333	1.000	0.333	-16.005	2.665	0.162	
MEPCE	RTRAF	RTRAF	1.366|1.465|1.480	4.311	1.437	3	1.643|1.526|1.608	0.000	0.000	0.000	0.000	0.000	-16.005	0.903	0.962	
MEPCE	RUVBL2	RUVBL2	2.497|2.391|2.418	7.305	2.435	3	3.070|3.190|3.110	0.000	0.000	0.000	0.000	0.000	-16.005	0.780	0.962	
MEPCE	PIN4	PIN4	9.986|10.114|10.388	30.488	10.163	3	11.668|10.586|10.759	0.000	0.000	0.000	0.000	0.000	-16.005	0.924	0.962	
MEPCE	EIF3L	EIF3L	2.530|2.662|2.489	7.681	2.560	3	2.223|2.117|2.223	0.000	0.000	0.000	0.000	0.000	-13.371	1.171	0.886	
MEPCE	RUVBL1	RUVBL1	2.047|2.198|2.089	6.333	2.111	3	2.702|2.731|2.865	0.000	0.000	0.000	0.000	0.000	-16.005	0.763	0.962	
MEPCE	NUDC	NUDC	0.855|0.771|0.991	2.617	0.872	3	0.993|1.000|0.896	0.000	0.000	0.000	0.000	0.000	-16.005	0.907	0.944	
MEPCE	BCS1L	BCS1L	0.512|0.260|.	1.170	0.390	3	.|.|.	0.001	0.002	0.001	0.002	0.001	-16.005	0.980	0.845	
MEPCE	FARSA	FARSA	1.140|1.111|1.127	3.378	1.126	3	1.279|1.237|1.346	0.000	0.000	0.000	0.000	0.000	-16.005	0.875	0.957	
MEPCE	DRG1	DRG1	1.225|1.235|1.265	3.725	1.242	3	1.119|1.126|1.166	0.000	0.000	0.000	0.000	0.000	-15.126	1.092	0.923	
MEPCE	TRAPPC4	TRAPPC4	0.629|0.816|0.811	2.257	0.752	3	0.633|0.777|0.657	0.000	0.000	0.000	0.000	0.000	-16.005	1.097	0.921	
MEPCE	NCKAP1	NCKAP1	1.791|1.179|0.942	3.912	1.304	3	0.967|1.245|1.119	0.002	0.006	0.002	0.006	0.002	-16.005	1.181	0.832	
MEPCE	STK38L	STK38L	2.855|3.038|2.963	8.855	2.952	3	3.501|3.289|3.721	0.000	0.000	0.000	0.000	0.000	-16.005	0.843	0.962	
MEPCE	EPB41L3	EPB41L3	0.447|0.428|0.341	1.216	0.405	3	.|.|0.221	0.020	0.057	0.020	0.057	0.020	-11.449	1.834	0.687	
MEPCE	DIS3	DIS3	0.887|1.010|0.943	2.840	0.947	3	0.350|.|.	0.855	0.991	0.855	0.991	0.855	0.572	2.704	0.001	
MEPCE	TRAPPC8	TRAPPC8	0.401|0.416|0.425	1.241	0.414	3	0.320|0.358|0.246	0.000	0.000	0.000	0.000	0.000	-14.474	1.360	0.917	
MEPCE	MRPS28	MRPS28	0.537|0.601|0.553	1.692	0.564	3	0.396|.|0.354	0.001	0.002	0.001	0.002	0.001	-10.297	1.507	0.845	
MEPCE	DDX52	DDX52	0.621|.|0.745	1.765	0.588	3	.|.|.	0.019	0.029	0.019	0.029	0.019	-16.005	1.477	0.714	
MEPCE	MRPS17	MRPS17	0.651|0.648|0.760	2.058	0.686	3	0.520|.|0.446	0.006	0.017	0.006	0.017	0.006	-10.949	1.424	0.820	
MEPCE	MRPS7	MRPS7	0.541|0.565|0.676	1.783	0.594	3	0.522|.|0.328	0.005	0.014	0.005	0.014	0.005	-12.473	1.436	0.822	
MEPCE	TMA7	TMA7	31.261|32.636|33.813	97.710	32.570	3	29.358|34.637|34.799	0.000	0.000	0.000	0.000	0.000	-16.005	0.992	0.946	
MEPCE	POLDIP2	POLDIP2	1.360|1.243|1.201	3.804	1.268	3	0.731|0.787|0.756	0.029	0.029	0.029	0.029	0.029	-3.505	1.673	0.554	
MEPCE	AP3M1	AP3M1	1.222|1.214|1.326	3.762	1.254	3	1.285|1.192|1.156	0.000	0.000	0.000	0.000	0.000	-16.003	1.036	0.931	
MEPCE	CARHSP1	CARHSP1	0.684|0.814|0.702	2.200	0.733	3	0.573|0.621|0.618	0.010	0.029	0.010	0.029	0.010	-13.554	1.215	0.781	
MEPCE	COG6	COG6	0.862|0.817|0.872	2.551	0.850	3	0.991|0.911|0.969	0.000	0.000	0.000	0.000	0.000	-16.005	0.889	0.957	
MEPCE	THRAP3	THRAP3	5.571|5.833|5.864	17.268	5.756	3	5.730|6.004|5.989	0.000	0.000	0.000	0.000	0.000	-16.005	0.975	0.948	
MEPCE	WBP11	WBP11	0.666|0.527|0.588	1.780	0.593	3	0.687|0.970|0.964	0.000	0.000	0.000	0.000	0.000	-16.005	0.688	0.954	
MEPCE	NOP58	NOP58	1.057|0.994|1.050	3.101	1.034	3	0.905|1.018|0.961	0.000	0.000	0.000	0.000	0.000	-15.821	1.076	0.926	
MEPCE	GIT1;GIT2	GIT1;GIT2	0.315|.|.	1.111	0.370	3	.|.|.	0.000	0.000	0.000	0.000	0.000	-16.005	0.930	0.970	
MEPCE	ACOT9	ACOT9	0.633|0.594|0.544	1.772	0.591	3	0.571|0.542|0.462	0.000	0.000	0.000	0.000	0.000	-15.910	1.129	0.921	
MEPCE	AAR2	AAR2	0.487|0.584|0.307	1.378	0.459	3	0.553|0.622|0.673	0.000	0.000	0.000	0.000	0.000	-16.005	0.748	0.955	
MEPCE	NOSIP	NOSIP	0.267|0.498|0.669	1.434	0.478	3	0.907|0.947|0.901	0.000	0.000	0.000	0.000	0.000	-16.005	0.521	0.957	
MEPCE	FCF1	FCF1	0.303|0.305|0.316	0.924	0.308	3	.|0.281|.	0.000	0.000	0.000	0.000	0.000	-15.839	1.094	0.938	
MEPCE	LSM2	LSM2	3.605|3.518|3.583	10.706	3.569	3	0.706|0.780|0.701	1.000	1.000	1.000	1.000	1.000	8.964	4.902	0.000	
MEPCE	LUC7L2	LUC7L2	12.214|12.446|11.842	36.502	12.167	3	11.401|10.722|10.644	0.000	0.000	0.000	0.000	0.000	-14.965	1.115	0.915	
MEPCE	RBMX2	RBMX2	1.080|0.942|1.151	3.174	1.058	3	0.610|0.572|0.750	0.011	0.029	0.011	0.029	0.011	-10.344	1.654	0.752	
MEPCE	MRPS2	MRPS2	1.327|1.058|0.818	3.203	1.068	3	0.617|0.581|0.655	0.029	0.029	0.029	0.029	0.029	-3.505	1.730	0.671	
MEPCE	UTP11	UTP11	0.340|0.566|0.203	1.108	0.369	3	.|.|.	0.010	0.029	0.010	0.029	0.010	-16.005	0.928	0.793	
MEPCE	MOB4	MOB4	0.427|0.496|0.584	1.507	0.502	3	.|.|.	0.010	0.029	0.010	0.029	0.010	-15.257	1.261	0.768	
MEPCE	RRP7A	RRP7A	0.131|.|.	0.927	0.309	3	.|.|.	0.000	0.000	0.000	0.000	0.000	-16.005	0.776	0.970	
MEPCE	SBDS	SBDS	1.582|1.474|1.589	4.645	1.548	3	1.521|1.570|1.658	0.000	0.000	0.000	0.000	0.000	-16.005	0.979	0.948	
MEPCE	TMED5	TMED5	0.650|0.497|.	1.545	0.515	3	.|0.376|0.579	0.000	0.000	0.000	0.000	0.000	-16.005	1.104	0.887	
MEPCE	SF3B6	SF3B6	0.584|0.703|0.706	1.993	0.664	3	0.681|0.645|0.601	0.000	0.000	0.000	0.000	0.000	-16.005	1.036	0.926	
MEPCE	RRP15	RRP15	0.426|0.466|0.523	1.415	0.472	3	.|0.434|.	0.000	0.000	0.000	0.000	0.000	-16.005	1.087	0.927	
MEPCE	NOP16	NOP16	0.605|0.537|0.606	1.748	0.583	3	0.470|0.484|0.406	0.000	0.000	0.000	0.000	0.000	-13.450	1.290	0.866	
MEPCE	CIAO2B	CIAO2B	0.452|0.575|0.451	1.478	0.493	3	0.555|0.676|0.459	0.000	0.000	0.000	0.000	0.000	-16.005	0.885	0.947	
MEPCE	MRPS16	MRPS16	0.842|0.994|0.972	2.808	0.936	3	.|0.677|0.575	0.019	0.029	0.019	0.029	0.019	-9.073	1.500	0.697	
MEPCE	MRPS23	MRPS23	0.849|0.772|0.956	2.577	0.859	3	0.627|0.743|0.601	0.000	0.001	0.000	0.001	0.000	-14.386	1.313	0.861	
MEPCE	HDGFL3	HDGFL3	0.565|0.474|0.660	1.698	0.566	3	.|0.602|.	0.000	0.000	0.000	0.000	0.000	-16.005	0.940	0.938	
MEPCE	PTRH2	PTRH2	0.368|0.521|0.381	1.270	0.423	3	.|.|0.357	0.000	0.000	0.000	0.000	0.000	-15.965	1.186	0.889	
MEPCE	RTCB	RTCB	1.664|1.673|1.641	4.978	1.659	3	1.957|1.794|1.867	0.000	0.000	0.000	0.000	0.000	-16.005	0.887	0.962	
MEPCE	RABGAP1	RABGAP1	0.411|0.379|0.297	1.086	0.362	3	.|0.276|0.152	0.012	0.036	0.012	0.036	0.012	-12.937	1.769	0.745	
MEPCE	DOP1B	DOP1B	0.517|.|0.499	1.414	0.471	3	0.160|0.325|1.084	0.008	0.012	0.008	0.012	0.008	-4.957	1.230	0.816	
MEPCE	NOC2L	NOC2L	0.395|0.637|0.557	1.589	0.530	3	.|0.522|0.306	0.001	0.003	0.001	0.003	0.001	-16.005	1.326	0.840	
MEPCE	RPL36	RPL36	1.928|1.897|1.806	5.631	1.877	3	.|0.581|0.509	0.999	1.000	0.999	1.000	0.999	6.722	3.453	0.000	
MEPCE	FAM32A	FAM32A	3.550|3.519|3.633	10.702	3.567	3	3.085|3.294|3.216	0.000	0.000	0.000	0.000	0.000	-14.553	1.116	0.916	
MEPCE	TLN1	TLN1	0.288|2.676|0.520	3.484	1.161	3	1.414|1.293|1.743	0.003	0.010	0.003	0.010	0.003	-16.005	0.789	0.826	
MEPCE	DCAF1	DCAF1	0.766|0.741|0.654	2.161	0.720	3	0.569|0.578|0.608	0.004	0.010	0.004	0.010	0.004	-14.016	1.232	0.825	
MEPCE	USP15	USP15	0.553|0.612|0.553	1.719	0.573	3	0.827|0.660|0.672	0.000	0.000	0.000	0.000	0.000	-16.005	0.800	0.954	
MEPCE	TELO2	TELO2	1.480|1.511|1.560	4.551	1.517	3	1.498|1.371|1.436	0.000	0.000	0.000	0.000	0.000	-15.849	1.058	0.931	
MEPCE	LAS1L	LAS1L	0.844|0.751|0.971	2.565	0.855	3	0.773|1.783|0.724	0.000	0.000	0.000	0.000	0.000	-11.807	0.856	0.877	
MEPCE	LSM4	LSM4	5.747|6.118|6.505	18.370	6.123	3	3.615|3.830|3.829	0.029	0.029	0.029	0.029	0.029	-3.505	1.630	0.644	
MEPCE	PRRC2C	PRRC2C	1.412|1.433|1.687	4.532	1.511	3	1.514|1.556|1.600	0.000	0.000	0.000	0.000	0.000	-16.005	0.971	0.934	
MEPCE	RBM7	RBM7	0.647|0.606|0.673	1.927	0.642	3	0.452|.|.	0.000	0.001	0.000	0.001	0.000	-11.370	1.421	0.860	
MEPCE	YTHDF2	YTHDF2	0.836|0.892|0.804	2.532	0.844	3	0.208|.|0.236	1.000	1.000	1.000	1.000	1.000	8.759	3.807	0.000	
MEPCE	PAXBP1	PAXBP1	1.188|1.330|1.130	3.648	1.216	3	1.152|0.994|1.148	0.000	0.000	0.000	0.000	0.000	-15.904	1.110	0.908	
MEPCE	TIMM8B	TIMM8B	0.508|0.567|0.528	1.604	0.535	3	0.740|0.666|0.751	0.000	0.000	0.000	0.000	0.000	-16.005	0.745	0.957	
MEPCE	UCHL5	UCHL5	0.343|0.601|0.626	1.570	0.523	3	0.618|0.572|0.572	0.000	0.000	0.000	0.000	0.000	-16.005	0.892	0.937	
MEPCE	CD2AP	CD2AP	1.360|1.368|1.304	4.032	1.344	3	1.432|1.562|1.603	0.000	0.000	0.000	0.000	0.000	-16.005	0.878	0.957	
MEPCE	TNPO3	TNPO3	0.368|0.257|0.273	0.898	0.299	3	0.578|0.469|0.454	0.000	0.000	0.000	0.000	0.000	-16.005	0.601	0.954	
MEPCE	TIMM13	TIMM13	1.644|1.618|1.751	5.014	1.671	3	1.614|1.774|1.564	0.000	0.000	0.000	0.000	0.000	-16.005	1.014	0.939	
MEPCE	SRPRB	SRPRB	0.901|0.817|0.884	2.602	0.867	3	0.643|0.720|0.617	0.005	0.013	0.005	0.013	0.005	-10.510	1.317	0.821	
MEPCE	ORC6	ORC6	1.080|1.217|1.011	3.308	1.103	3	1.369|1.241|1.310	0.000	0.000	0.000	0.000	0.000	-16.005	0.845	0.957	
MEPCE	GTF3C5	GTF3C5	0.469|.|0.309	1.176	0.392	3	0.514|.|0.373	0.000	0.000	0.000	0.000	0.000	-16.005	0.895	0.965	
MEPCE	GTF3C3	GTF3C3	0.331|.|0.718	1.448	0.483	3	.|0.427|0.545	0.000	0.001	0.000	0.001	0.000	-16.005	1.001	0.855	
MEPCE	TRAPPC1	TRAPPC1	0.570|0.674|0.597	1.841	0.614	3	0.531|0.570|0.579	0.000	0.000	0.000	0.000	0.000	-15.954	1.097	0.893	
MEPCE	ZNF706	ZNF706	5.091|5.099|5.071	15.261	5.087	3	5.086|4.533|4.928	0.000	0.000	0.000	0.000	0.000	-15.674	1.050	0.936	
MEPCE	NUBP2	NUBP2	0.697|0.708|0.647	2.051	0.684	3	0.769|0.711|0.681	0.000	0.000	0.000	0.000	0.000	-16.005	0.950	0.957	
MEPCE	PUS1	PUS1	0.200|.|.	0.997	0.332	3	0.316|.|.	0.000	0.000	0.000	0.000	0.000	-16.005	1.053	0.969	
MEPCE	LRRFIP2	LRRFIP2	0.331|0.250|.	0.979	0.326	3	.|.|.	0.000	0.000	0.000	0.000	0.000	-16.005	0.820	0.967	
MEPCE	NPTN	NPTN	0.479|.|.	1.276	0.425	3	.|.|0.429	0.000	0.000	0.000	0.000	0.000	-16.005	0.990	0.968	
MEPCE	SPIN1	SPIN1	1.249|1.136|13.901	16.286	5.429	3	12.970|0.909|11.862	0.014	0.038	0.014	0.038	0.014	-6.284	1.046	0.738	
MEPCE	ALG6	ALG6	0.333|0.411|0.461	1.205	0.402	3	0.230|.|.	0.011	0.033	0.011	0.033	0.011	-12.532	1.748	0.749	
MEPCE	MRPS18B	MRPS18B	0.358|.|0.324	1.081	0.360	3	.|.|.	0.000	0.000	0.000	0.000	0.000	-16.005	0.905	0.967	
MEPCE	COPG1	COPG1	1.666|1.601|1.513	4.781	1.594	3	1.259|1.250|1.421	0.000	0.001	0.000	0.001	0.000	-12.912	1.219	0.861	
MEPCE	CFAP20	CFAP20	1.044|1.342|1.293	3.678	1.226	3	1.220|1.352|1.315	0.000	0.000	0.000	0.000	0.000	-16.005	0.947	0.943	
MEPCE	TACC3	TACC3	0.805|0.824|0.877	2.507	0.836	3	0.922|0.866|0.880	0.000	0.000	0.000	0.000	0.000	-16.005	0.940	0.957	
MEPCE	ARFGEF1	ARFGEF1	0.265|0.164|.	0.828	0.276	3	0.413|0.382|.	0.000	0.000	0.000	0.000	0.000	-16.005	0.694	0.966	
MEPCE	MAD1L1	MAD1L1	0.404|0.466|0.328	1.198	0.399	3	.|0.553|0.503	0.000	0.000	0.000	0.000	0.000	-16.005	0.757	0.955	
MEPCE	BZW2	BZW2	0.710|0.761|0.788	2.259	0.753	3	0.783|0.940|0.657	0.000	0.000	0.000	0.000	0.000	-16.005	0.959	0.948	
MEPCE	COMMD10	COMMD10	0.420|0.454|0.392	1.266	0.422	3	0.406|0.405|0.405	0.000	0.000	0.000	0.000	0.000	-16.005	1.041	0.924	
MEPCE	DYNC1LI1	DYNC1LI1	0.576|0.817|0.460	1.854	0.618	3	0.586|0.633|0.543	0.010	0.029	0.010	0.029	0.010	-16.005	1.054	0.795	
MEPCE	IKBKG	IKBKG	0.984|1.058|1.010	3.051	1.017	3	0.917|0.886|0.930	0.000	0.000	0.000	0.000	0.000	-15.074	1.117	0.910	
MEPCE	DDX49	DDX49	0.965|1.367|1.139	3.470	1.157	3	0.967|1.221|1.063	0.000	0.000	0.000	0.000	0.000	-16.005	1.072	0.916	
MEPCE	WASF2	WASF2	0.706|0.683|0.666	2.054	0.685	3	0.732|0.858|0.610	0.000	0.000	0.000	0.000	0.000	-16.005	0.943	0.955	
MEPCE	IVNS1ABP	IVNS1ABP	3.786|4.406|4.185	12.376	4.125	3	5.728|4.928|5.033	0.000	0.000	0.000	0.000	0.000	-16.005	0.791	0.962	
MEPCE	SEC23IP	SEC23IP	0.785|0.774|0.415	1.974	0.658	3	0.700|0.857|0.869	0.000	0.000	0.000	0.000	0.000	-16.005	0.817	0.955	
MEPCE	MAP1LC3B;MAP1LC3B2	MAP1LC3B;MAP1LC3B2	.|0.186|.	0.983	0.328	3	0.282|0.271|0.279	0.000	0.000	0.000	0.000	0.000	-16.005	1.182	0.970	
MEPCE	ADH1	ADH1	.|0.085|.	0.881	0.294	3	.|.|.	0.000	0.000	0.000	0.000	0.000	-16.005	0.738	0.970	
MEPCE	APOE	APOE	.|0.507|.	1.303	0.434	3	0.478|.|0.443	0.000	0.000	0.000	0.000	0.000	-16.005	0.944	0.968	
MEPCE	STXBP3	STXBP3	.|0.219|.	1.015	0.338	3	.|.|0.204	0.000	0.000	0.000	0.000	0.000	-15.896	1.661	0.968	
MEPCE	NDUFS8	NDUFS8	.|0.542|0.503	1.443	0.481	3	.|0.467|0.487	0.000	0.000	0.000	0.000	0.000	-16.005	1.009	0.939	
MEPCE	IFRD1	IFRD1	.|0.347|0.320	1.066	0.355	3	1.746|0.483|0.537	0.000	0.000	0.000	0.000	0.000	-11.031	0.463	0.888	
MEPCE	ABLIM1	ABLIM1	.|0.102|.	0.898	0.299	3	0.239|.|.	0.000	0.000	0.000	0.000	0.000	-16.005	1.254	0.969	
MEPCE	NDC80	NDC80	.|0.444|0.335	1.178	0.393	3	0.282|.|0.538	0.000	0.000	0.000	0.000	0.000	-16.005	1.008	0.943	
MEPCE	ARHGEF10	ARHGEF10	.|0.401|0.219	1.018	0.339	3	0.457|0.380|0.258	0.000	0.000	0.000	0.000	0.000	-16.005	0.955	0.965	
MEPCE	SEC16A	SEC16A	.|0.456|0.428	1.283	0.428	3	0.283|.|.	0.000	0.000	0.000	0.000	0.000	-12.289	1.511	0.873	
MEPCE	PFAS	PFAS	.|0.366|0.375	1.140	0.380	3	0.427|0.419|0.398	0.000	0.000	0.000	0.000	0.000	-16.005	0.917	0.967	
MEPCE	STX7	STX7	.|0.448|0.479	1.324	0.441	3	.|.|0.274	0.001	0.002	0.001	0.002	0.001	-11.698	1.612	0.848	
MEPCE	MAP3K7	MAP3K7	.|0.402|0.361	1.161	0.387	3	0.647|0.701|0.517	0.000	0.000	0.000	0.000	0.000	-16.005	0.628	0.967	
MEPCE	EIF4G3	EIF4G3	.|0.362|0.430	1.190	0.397	3	0.447|0.385|0.304	0.000	0.000	0.000	0.000	0.000	-14.970	1.060	0.929	
MEPCE	BUD23	BUD23	.|0.663|0.741	1.802	0.601	3	.|.|.	0.019	0.029	0.019	0.029	0.019	-16.005	1.508	0.714	
MEPCE	TBC1D4	TBC1D4	.|0.237|0.548	1.183	0.394	3	2.813|0.567|0.457	0.001	0.002	0.001	0.002	0.001	-9.143	0.438	0.845	
MEPCE	TACC1	TACC1	.|0.248|0.382	1.028	0.343	3	.|0.251|.	0.000	0.000	0.000	0.000	0.000	-16.005	1.366	0.898	
MEPCE	ERAL1	ERAL1	.|0.598|0.524	1.520	0.507	3	.|.|.	0.015	0.029	0.015	0.029	0.015	-16.005	1.273	0.734	
MEPCE	CDC123	CDC123	.|0.452|0.344	1.194	0.398	3	.|.|0.430	0.000	0.000	0.000	0.000	0.000	-16.005	0.926	0.965	
MEPCE	PCF11	PCF11	.|0.493|0.463	1.355	0.452	3	.|.|.	0.000	0.000	0.000	0.000	0.000	-16.005	1.134	0.874	
MEPCE	YEATS4	YEATS4	.|0.333|0.325	1.056	0.352	3	0.343|.|.	0.000	0.000	0.000	0.000	0.000	-16.005	1.025	0.967	
MEPCE	MAP4K4;MINK1;TNIK	MAP4K4;MINK1;TNIK	.|0.217|.	1.013	0.338	3	.|0.152|.	0.000	0.000	0.000	0.000	0.000	-14.022	2.218	0.928	
MEPCE	CYB5A	CYB5A	.|0.317|0.334	1.049	0.350	3	.|.|.	0.000	0.000	0.000	0.000	0.000	-16.005	0.878	0.967	
MEPCE	PNP	PNP	.|0.129|.	0.926	0.309	3	0.393|0.528|.	0.000	0.000	0.000	0.000	0.000	-16.005	0.677	0.969	
MEPCE	HPRT1	HPRT1	.|0.192|0.986	1.576	0.525	3	1.069|0.367|1.092	0.001	0.003	0.001	0.003	0.001	-16.005	0.697	0.840	
MEPCE	ITGB1	ITGB1	.|0.466|.	1.262	0.421	3	.|.|0.389	0.000	0.000	0.000	0.000	0.000	-15.981	1.081	0.936	
MEPCE	MYL1	MYL1	.|2.698|.	3.495	1.165	3	.|.|.	0.333	1.000	0.333	1.000	0.333	-16.005	2.925	0.179	
MEPCE	GPI	GPI	.|0.244|.	1.040	0.347	3	0.735|0.983|0.828	0.000	0.000	0.000	0.000	0.000	-16.005	0.411	0.969	
MEPCE	CLTA	CLTA	.|0.383|.	1.179	0.393	3	.|0.443|0.419	0.000	0.000	0.000	0.000	0.000	-16.005	0.912	0.970	
MEPCE	POLR1D	POLR1D	.|1.424|1.420	3.242	1.081	3	.|1.023|.	0.019	0.029	0.019	0.029	0.019	-16.005	1.056	0.723	
MEPCE	PRKAR2A	PRKAR2A	.|0.326|0.324	1.048	0.349	3	.|.|.	0.000	0.000	0.000	0.000	0.000	-16.005	0.877	0.967	
MEPCE	JUP	JUP	.|0.175|0.202	0.775	0.258	3	.|.|0.751	0.000	0.000	0.000	0.000	0.000	-16.005	0.344	0.966	
MEPCE	NFKB1	NFKB1	.|0.406|0.387	1.191	0.397	3	.|.|0.328	0.000	0.000	0.000	0.000	0.000	-14.980	1.210	0.927	
MEPCE	COX5A	COX5A	.|0.662|0.748	1.808	0.603	3	0.565|0.481|0.550	0.006	0.017	0.006	0.017	0.006	-16.005	1.136	0.820	
MEPCE	COMT	COMT	.|0.502|.	1.299	0.433	3	.|0.565|0.389	0.000	0.000	0.000	0.000	0.000	-16.005	0.923	0.968	
MEPCE	ACP1	ACP1	.|0.255|.	1.051	0.350	3	0.619|0.616|0.717	0.000	0.000	0.000	0.000	0.000	-16.005	0.540	0.970	
MEPCE	MPG	MPG	.|0.342|0.419	1.158	0.386	3	.|.|.	0.000	0.000	0.000	0.000	0.000	-16.005	0.970	0.965	
MEPCE	TYK2	TYK2	.|0.281|.	1.077	0.359	3	.|.|.	0.000	0.000	0.000	0.000	0.000	-16.005	0.902	0.970	
MEPCE	UQCRC1	UQCRC1	.|0.487|0.623	1.508	0.503	3	.|.|.	0.010	0.029	0.010	0.029	0.010	-16.005	1.263	0.773	
MEPCE	CTNNA1	CTNNA1	.|0.445|0.467	1.310	0.437	3	.|.|.	0.000	0.000	0.000	0.000	0.000	-16.005	1.096	0.907	
MEPCE	ADD2	ADD2	.|0.530|.	1.327	0.442	3	.|.|.	0.010	0.029	0.010	0.029	0.010	-16.005	1.110	0.804	
MEPCE	ARL3	ARL3	.|0.436|0.443	1.277	0.426	3	0.433|0.455|0.412	0.000	0.000	0.000	0.000	0.000	-16.005	0.983	0.965	
MEPCE	EIF4A3	EIF4A3	.|0.297|.	1.094	0.365	3	0.246|0.211|.	0.000	0.000	0.000	0.000	0.000	-13.407	1.601	0.921	
MEPCE	UBE2A	UBE2A	.|0.490|.	1.286	0.429	3	.|0.535|0.456	0.000	0.000	0.000	0.000	0.000	-16.005	0.868	0.969	
MEPCE	GDI2	GDI2	.|0.750|0.805	1.953	0.651	3	0.453|0.717|0.715	0.000	0.000	0.000	0.000	0.000	-16.005	1.059	0.939	
MEPCE	SERPINH1	SERPINH1	.|0.245|0.224	0.868	0.289	3	0.305|0.397|0.548	0.000	0.000	0.000	0.000	0.000	-16.005	0.715	0.966	
MEPCE	POLR2H	POLR2H	.|0.498|.	1.294	0.431	3	0.244|0.252|0.373	0.000	0.000	0.000	0.000	0.000	-14.485	1.516	0.872	
MEPCE	HMGA2	HMGA2	.|0.268|.	1.064	0.355	3	0.239|0.310|.	0.000	0.000	0.000	0.000	0.000	-16.005	1.303	0.969	
MEPCE	SLC25A1	SLC25A1	.|0.221|0.175	0.794	0.265	3	.|.|.	0.000	0.000	0.000	0.000	0.000	-16.005	0.665	0.967	
MEPCE	NUBP1	NUBP1	.|0.357|0.227	0.982	0.327	3	.|.|.	0.000	0.000	0.000	0.000	0.000	-16.005	0.822	0.967	
MEPCE	SEC24C	SEC24C	.|0.131|0.315	0.844	0.281	3	0.260|.|0.274	0.000	0.000	0.000	0.000	0.000	-16.005	1.054	0.943	
MEPCE	PRKAG1	PRKAG1	.|0.412|.	1.209	0.403	3	.|.|0.412	0.000	0.000	0.000	0.000	0.000	-16.005	0.978	0.968	
MEPCE	HSPA2	HSPA2	.|0.599|0.656	1.653	0.551	3	.|.|0.358	0.012	0.029	0.012	0.029	0.012	-15.524	1.541	0.745	
MEPCE	NAPA	NAPA	.|0.397|.	1.193	0.398	3	0.415|0.304|0.346	0.000	0.000	0.000	0.000	0.000	-15.563	1.130	0.968	
MEPCE	SLC12A2	SLC12A2	.|0.363|0.351	1.112	0.371	3	.|.|0.244	0.000	0.000	0.000	0.000	0.000	-12.399	1.521	0.901	
MEPCE	HNRNPH2	HNRNPH2	.|0.324|.	1.120	0.373	3	.|.|.	0.000	0.000	0.000	0.000	0.000	-16.005	0.938	0.970	
MEPCE	STX17	STX17	.|0.305|0.561	1.265	0.422	3	.|.|0.540	0.000	0.000	0.000	0.000	0.000	-16.005	0.781	0.965	
MEPCE	GRB2	GRB2	.|0.292|0.237	0.928	0.309	3	.|0.433|.	0.000	0.000	0.000	0.000	0.000	-16.005	0.714	0.966	
MEPCE	IGBP1	IGBP1	.|0.472|.	1.269	0.423	3	0.230|0.522|0.360	0.000	0.000	0.000	0.000	0.000	-10.535	1.204	0.871	
MEPCE	CDK5	CDK5	.|0.344|0.425	1.168	0.389	3	.|0.371|0.274	0.000	0.000	0.000	0.000	0.000	-15.787	1.221	0.916	
MEPCE	FKBP4	FKBP4	.|0.363|0.502	1.263	0.421	3	0.719|0.791|0.762	0.000	0.000	0.000	0.000	0.000	-16.005	0.556	0.967	
MEPCE	PLOD1	PLOD1	.|0.499|0.601	1.498	0.499	3	.|0.564|0.478	0.000	0.000	0.000	0.000	0.000	-16.005	0.962	0.934	
MEPCE	GFPT1	GFPT1	.|0.377|.	1.174	0.391	3	0.490|0.530|0.604	0.000	0.000	0.000	0.000	0.000	-16.005	0.725	0.969	
MEPCE	CDK18	CDK18	.|0.524|0.297	1.219	0.406	3	0.329|.|0.390	0.000	0.000	0.000	0.000	0.000	-16.005	1.134	0.888	
MEPCE	TJP1	TJP1	.|0.816|0.321	1.535	0.512	3	0.391|.|.	0.010	0.029	0.010	0.029	0.010	-16.005	1.308	0.802	
MEPCE	PTP4A2	PTP4A2	.|0.243|0.312	0.953	0.318	3	.|.|.	0.000	0.000	0.000	0.000	0.000	-16.005	0.798	0.967	
MEPCE	CSTF3	CSTF3	.|0.530|0.700	1.628	0.543	3	0.651|0.753|0.726	0.000	0.000	0.000	0.000	0.000	-16.005	0.766	0.966	
MEPCE	STX5	STX5	.|0.195|0.248	0.841	0.280	3	0.202|.|.	0.000	0.000	0.000	0.000	0.000	-16.005	1.387	0.940	
MEPCE	PDCL	PDCL	.|0.374|0.483	1.255	0.418	3	0.613|0.574|0.412	0.000	0.000	0.000	0.000	0.000	-16.005	0.796	0.966	
MEPCE	CAMK2G	CAMK2G	.|0.318|0.377	1.094	0.365	3	.|.|.	0.000	0.000	0.000	0.000	0.000	-16.005	0.916	0.967	
MEPCE	TRA2A	TRA2A	.|0.480|.	1.277	0.426	3	.|.|.	0.000	0.000	0.000	0.000	0.000	-16.005	1.069	0.893	
MEPCE	MTMR1	MTMR1	.|0.365|0.388	1.152	0.384	3	0.296|0.370|0.323	0.000	0.000	0.000	0.000	0.000	-15.348	1.169	0.929	
MEPCE	PRPSAP1	PRPSAP1	.|0.278|.	1.074	0.358	3	0.241|.|.	0.000	0.000	0.000	0.000	0.000	-15.472	1.486	0.968	
MEPCE	BMS1	BMS1	.|0.270|.	1.067	0.356	3	0.160|.|.	0.000	0.000	0.000	0.000	0.000	-11.380	2.220	0.901	
MEPCE	SEC23A	SEC23A	.|0.654|.	1.450	0.483	3	0.596|0.970|0.546	0.000	0.000	0.000	0.000	0.000	-16.005	0.710	0.970	
MEPCE	MAPRE1;MAPRE3	MAPRE1;MAPRE3	.|0.270|.	1.066	0.355	3	0.210|.|0.215	0.000	0.000	0.000	0.000	0.000	-14.687	1.671	0.939	
MEPCE	ATP6V1F	ATP6V1F	.|0.539|0.563	1.500	0.500	3	0.606|.|.	0.000	0.000	0.000	0.000	0.000	-16.005	0.825	0.967	
MEPCE	TSR1	TSR1	.|0.931|0.621	1.950	0.650	3	0.644|0.619|0.421	0.000	0.000	0.000	0.000	0.000	-16.005	1.178	0.888	
MEPCE	GLYR1	GLYR1	.|0.450|.	1.247	0.416	3	.|.|0.345	0.000	0.000	0.000	0.000	0.000	-15.175	1.206	0.919	
MEPCE	MAP9	MAP9	.|0.628|.	1.425	0.475	3	.|.|.	0.010	0.029	0.010	0.029	0.010	-16.005	1.193	0.804	
MEPCE	BCL7A;BCL7B;BCL7C	BCL7A;BCL7B;BCL7C	.|0.322|.	1.118	0.373	3	0.432|.|.	0.000	0.000	0.000	0.000	0.000	-16.005	0.864	0.970	
MEPCE	PYCR3	PYCR3	.|0.434|0.515	1.347	0.449	3	0.487|0.383|.	0.000	0.000	0.000	0.000	0.000	-16.005	1.040	0.931	
MEPCE	RABL3	RABL3	.|0.921|.	1.718	0.573	3	.|.|.	0.010	0.029	0.010	0.029	0.010	-16.005	1.438	0.804	
MEPCE	SPECC1	SPECC1	.|0.270|.	1.066	0.355	3	.|.|.	0.000	0.000	0.000	0.000	0.000	-16.005	0.892	0.970	
MEPCE	ATAT1	ATAT1	.|0.658|0.766	1.822	0.607	3	0.782|0.568|.	0.000	0.000	0.000	0.000	0.000	-16.005	0.912	0.930	
MEPCE	ODR4	ODR4	.|0.111|0.390	0.899	0.300	3	.|.|.	0.000	0.000	0.000	0.000	0.000	-16.005	0.753	0.967	
MEPCE	ARHGAP21	ARHGAP21	.|0.437|.	1.233	0.411	3	.|.|.	0.000	0.000	0.000	0.000	0.000	-16.005	1.032	0.939	
MEPCE	ERBB2;ERBB4;MAP3K10;MAP3K11;MAP3K21;MAP3K9	ERBB2;ERBB4;MAP3K10;MAP3K11;MAP3K21;MAP3K9	.|0.236|.	1.033	0.344	3	.|.|0.129	0.000	0.001	0.000	0.001	0.000	-6.616	2.677	0.852	
MEPCE	CDKAL1	CDKAL1	.|0.698|0.683	1.779	0.593	3	.|.|.	0.019	0.029	0.019	0.029	0.019	-16.005	1.489	0.714	
MEPCE	OBI1	OBI1	.|0.432|.	1.228	0.409	3	.|.|.	0.000	0.000	0.000	0.000	0.000	-16.005	1.028	0.965	
MEPCE	RNF213	RNF213	.|0.370|.	1.167	0.389	3	0.306|0.329|.	0.000	0.000	0.000	0.000	0.000	-15.151	1.225	0.965	
MEPCE	MAP1S	MAP1S	.|0.357|.	1.153	0.384	3	.|0.420|0.429	0.000	0.000	0.000	0.000	0.000	-16.005	0.905	0.970	
MEPCE	SDE2	SDE2	.|0.226|.	1.023	0.341	3	.|0.699|.	0.000	0.000	0.000	0.000	0.000	-16.005	0.487	0.969	
MEPCE	TMEM214	TMEM214	.|0.229|.	1.026	0.342	3	.|.|.	0.000	0.000	0.000	0.000	0.000	-16.005	0.859	0.970	
MEPCE	CC2D1A	CC2D1A	.|0.294|0.288	0.980	0.327	3	0.422|0.372|0.360	0.000	0.000	0.000	0.000	0.000	-16.005	0.852	0.966	
MEPCE	BLOC1S2	BLOC1S2	.|0.589|.	1.385	0.462	3	0.742|0.838|0.820	0.000	0.000	0.000	0.000	0.000	-16.005	0.578	0.970	
MEPCE	LCLAT1	LCLAT1	.|0.327|0.304	1.028	0.343	3	.|.|.	0.000	0.000	0.000	0.000	0.000	-16.005	0.861	0.967	
MEPCE	PACS1	PACS1	.|1.149|0.259	1.806	0.602	3	.|.|.	0.010	0.029	0.010	0.029	0.010	-16.005	1.512	0.802	
MEPCE	THADA	THADA	.|0.095|0.199	0.692	0.231	3	0.296|.|0.286	0.000	0.000	0.000	0.000	0.000	-16.005	0.793	0.966	
MEPCE	MOB2	MOB2	.|0.313|.	1.109	0.370	3	.|0.254|.	0.000	0.000	0.000	0.000	0.000	-14.797	1.454	0.942	
MEPCE	ATG9A	ATG9A	.|0.236|0.228	0.861	0.287	3	.|.|.	0.000	0.000	0.000	0.000	0.000	-16.005	0.721	0.967	
MEPCE	ZFYVE16	ZFYVE16	.|0.173|.	0.969	0.323	3	.|.|0.266	0.000	0.000	0.000	0.000	0.000	-16.005	1.215	0.969	
MEPCE	RBBP6	RBBP6	.|0.051|1.059	1.508	0.503	3	.|.|.	0.010	0.029	0.010	0.029	0.010	-16.005	1.262	0.802	
MEPCE	PIP4P1	PIP4P1	.|0.610|.	1.406	0.469	3	.|0.549|.	0.000	0.000	0.000	0.000	0.000	-16.005	0.853	0.966	
MEPCE	TTC7B	TTC7B	.|0.459|0.445	1.303	0.434	3	.|.|0.510	0.000	0.000	0.000	0.000	0.000	-16.005	0.851	0.967	
MEPCE	RPAP2	RPAP2	.|0.527|.	1.323	0.441	3	0.571|.|0.448	0.000	0.000	0.000	0.000	0.000	-16.005	0.873	0.968	
MEPCE	ASCC3	ASCC3	.|0.593|0.448	1.439	0.480	3	.|.|.	0.010	0.029	0.010	0.029	0.010	-16.005	1.205	0.785	
MEPCE	RFLNB	RFLNB	.|0.589|0.729	1.717	0.572	3	.|.|.	0.019	0.029	0.019	0.029	0.019	-16.005	1.437	0.714	
MEPCE	EMC1	EMC1	.|0.418|0.396	1.212	0.404	3	.|0.359|.	0.000	0.000	0.000	0.000	0.000	-15.607	1.125	0.937	
MEPCE	ANKRD52	ANKRD52	.|0.511|0.660	1.570	0.523	3	0.505|0.424|1.228	0.000	0.000	0.000	0.000	0.000	-11.493	0.817	0.863	
MEPCE	PCYOX1L	PCYOX1L	.|0.034|.	0.830	0.277	3	.|.|.	0.000	0.000	0.000	0.000	0.000	-16.005	0.695	0.970	
MEPCE	ZSCAN18	ZSCAN18	.|0.395|0.454	1.247	0.416	3	.|0.598|0.637	0.000	0.000	0.000	0.000	0.000	-16.005	0.674	0.967	
MEPCE	PIP4K2C	PIP4K2C	.|0.642|0.653	1.694	0.565	3	.|.|0.676	0.000	0.000	0.000	0.000	0.000	-16.005	0.835	0.967	
MEPCE	CIP2A	CIP2A	.|0.397|0.414	1.208	0.403	3	.|0.359|0.368	0.000	0.000	0.000	0.000	0.000	-15.682	1.108	0.941	
MEPCE	DCAKD	DCAKD	.|0.234|.	1.030	0.343	3	.|.|0.146	0.000	0.000	0.000	0.000	0.000	-12.647	2.349	0.914	
MEPCE	UBLCP1	UBLCP1	.|0.542|.	1.338	0.446	3	.|.|.	0.010	0.029	0.010	0.029	0.010	-16.005	1.120	0.804	
MEPCE	PHF3	PHF3	.|0.426|.	1.223	0.408	3	.|.|.	0.000	0.000	0.000	0.000	0.000	-16.005	1.023	0.966	
MEPCE	SEPTIN8	SEPTIN8	.|0.582|0.482	1.462	0.487	3	.|.|1.320	0.000	0.000	0.000	0.000	0.000	-16.005	0.369	0.967	
MEPCE	LARP4B	LARP4B	.|0.418|0.549	1.366	0.455	3	.|0.257|.	0.032	0.096	0.032	0.096	0.032	-10.515	1.772	0.435	
MEPCE	DLG3	DLG3	.|0.335|0.432	1.165	0.388	3	.|.|.	0.000	0.000	0.000	0.000	0.000	-16.005	0.975	0.938	
MEPCE	UPF1	UPF1	.|0.541|.	1.338	0.446	3	.|.|.	0.010	0.029	0.010	0.029	0.010	-16.005	1.120	0.804	
MEPCE	CLP1	CLP1	.|0.451|0.380	1.229	0.410	3	.|.|0.377	0.000	0.000	0.000	0.000	0.000	-16.002	1.086	0.934	
MEPCE	SMARCE1	SMARCE1	.|0.354|.	1.151	0.384	3	0.213|.|0.278	0.000	0.000	0.000	0.000	0.000	-12.221	1.575	0.910	
MEPCE	PSMG2	PSMG2	.|0.449|.	1.245	0.415	3	.|0.332|.	0.000	0.000	0.000	0.000	0.000	-14.758	1.249	0.913	
MEPCE	MRPL24	MRPL24	.|0.415|0.468	1.281	0.427	3	.|.|.	0.000	0.000	0.000	0.000	0.000	-16.005	1.073	0.906	
MEPCE	TMEM230	TMEM230	.|0.151|.	0.948	0.316	3	.|.|.	0.000	0.000	0.000	0.000	0.000	-16.005	0.793	0.970	
MEPCE	YIPF6	YIPF6	.|0.312|.	1.108	0.369	3	0.247|0.287|.	0.000	0.000	0.000	0.000	0.000	-15.264	1.386	0.965	
MEPCE	MMAB	MMAB	.|0.255|.	1.052	0.351	3	.|.|.	0.000	0.000	0.000	0.000	0.000	-16.005	0.880	0.970	
MEPCE	DNAJC1	DNAJC1	.|0.441|0.368	1.208	0.403	3	0.360|.|.	0.000	0.000	0.000	0.000	0.000	-15.986	1.118	0.929	
MEPCE	QKI	QKI	.|0.877|0.929	2.204	0.735	3	.|.|.	0.019	0.029	0.019	0.029	0.019	-16.005	1.845	0.714	
MEPCE	TRAPPC9	TRAPPC9	.|0.322|.	1.119	0.373	3	.|.|.	0.000	0.000	0.000	0.000	0.000	-16.005	0.936	0.970	
MEPCE	CDK5RAP1	CDK5RAP1	.|0.316|.	1.112	0.371	3	.|.|.	0.000	0.000	0.000	0.000	0.000	-16.005	0.931	0.970	
MEPCE	VAT1	VAT1	.|0.697|.	1.494	0.498	3	0.784|0.831|0.721	0.000	0.000	0.000	0.000	0.000	-16.005	0.640	0.971	
MEPCE	ATXN2	ATXN2	.|0.346|.	1.142	0.381	3	.|.|.	0.000	0.000	0.000	0.000	0.000	-16.005	0.956	0.970	
MEPCE	MRPL57	MRPL57	.|0.426|.	1.223	0.408	3	.|.|.	0.000	0.000	0.000	0.000	0.000	-16.005	1.023	0.965	
MEPCE	C7orf50	C7orf50	.|0.888|0.583	1.869	0.623	3	.|.|.	0.019	0.029	0.019	0.029	0.019	-16.005	1.565	0.714	
MEPCE	YIPF4	YIPF4	.|0.390|0.441	1.230	0.410	3	0.389|.|.	0.000	0.000	0.000	0.000	0.000	-16.004	1.054	0.946	
MEPCE	MTG1	MTG1	.|0.446|.	1.242	0.414	3	.|.|.	0.000	0.000	0.000	0.000	0.000	-16.005	1.040	0.928	
MEPCE	HAUS8	HAUS8	.|0.601|0.373	1.372	0.457	3	0.627|0.606|0.613	0.000	0.000	0.000	0.000	0.000	-16.005	0.743	0.967	
MEPCE	WAC	WAC	.|0.269|0.465	1.132	0.377	3	.|0.377|.	0.000	0.000	0.000	0.000	0.000	-16.005	1.001	0.927	
MEPCE	DIDO1	DIDO1	.|0.605|.	1.402	0.467	3	0.442|0.446|0.491	0.006	0.018	0.006	0.018	0.006	-16.005	1.018	0.819	
MEPCE	TBCD	TBCD	.|0.273|.	1.070	0.357	3	.|0.288|.	0.000	0.000	0.000	0.000	0.000	-16.005	1.240	0.971	
MEPCE	NDUFAF3	NDUFAF3	.|1.252|1.150	2.800	0.933	3	0.580|0.601|0.638	0.019	0.029	0.019	0.029	0.019	-16.005	1.542	0.713	
MEPCE	SF3B5	SF3B5	.|0.201|.	0.998	0.333	3	0.762|0.661|0.676	0.000	0.000	0.000	0.000	0.000	-16.005	0.476	0.971	
MEPCE	CHID1	CHID1	.|0.592|0.610	1.600	0.533	3	0.632|0.635|0.558	0.000	0.000	0.000	0.000	0.000	-16.005	0.878	0.966	
MEPCE	OSBPL11	OSBPL11	.|0.226|.	1.022	0.341	3	0.571|.|.	0.000	0.000	0.000	0.000	0.000	-16.005	0.597	0.970	
MEPCE	NUSAP1	NUSAP1	.|0.654|.	1.450	0.483	3	.|.|0.489	0.000	0.000	0.000	0.000	0.000	-16.005	0.988	0.899	
MEPCE	HDHD5	HDHD5	.|0.353|0.248	1.000	0.333	3	0.350|.|0.362	0.000	0.000	0.000	0.000	0.000	-16.005	0.936	0.966	
MEPCE	RTF2	RTF2	.|0.442|.	1.238	0.413	3	.|.|0.195	0.302	0.905	0.302	0.905	0.302	-2.242	2.119	0.283	
MEPCE	MRPL37	MRPL37	.|0.650|0.657	1.706	0.569	3	0.291|.|.	0.087	0.153	0.087	0.153	0.087	-12.760	1.955	0.383	
MEPCE	EDEM3	EDEM3	.|0.292|0.812	1.503	0.501	3	.|.|0.339	0.071	0.214	0.071	0.214	0.071	-16.005	1.475	0.386	
MEPCE	DPY30	DPY30	.|0.406|0.115	0.919	0.306	3	0.541|0.119|0.447	0.003	0.008	0.003	0.008	0.003	-9.722	0.999	0.829	
MEPCE	INO80B	INO80B	.|0.640|.	1.436	0.479	3	.|.|.	0.010	0.029	0.010	0.029	0.010	-16.005	1.202	0.804	
MEPCE	CCDC8	CCDC8	.|1.191|0.507	2.096	0.699	3	0.319|.|.	0.333	1.000	0.333	1.000	0.333	-14.234	2.187	0.139	
MEPCE	ANAPC1	ANAPC1	.|0.121|.	0.917	0.306	3	.|.|.	0.000	0.000	0.000	0.000	0.000	-16.005	0.768	0.970	
MEPCE	MRPL46	MRPL46	.|0.206|.	1.002	0.334	3	.|.|.	0.000	0.000	0.000	0.000	0.000	-16.005	0.839	0.970	
MEPCE	UNC45A	UNC45A	.|0.275|0.180	0.853	0.284	3	0.413|0.370|0.221	0.000	0.000	0.000	0.000	0.000	-16.005	0.880	0.967	
MEPCE	CHMP4B	CHMP4B	.|0.372|.	1.168	0.389	3	.|0.258|.	0.000	0.000	0.000	0.000	0.000	-12.199	1.507	0.909	
MEPCE	HAUS4	HAUS4	.|0.680|0.748	1.827	0.609	3	0.682|0.716|0.639	0.000	0.000	0.000	0.000	0.000	-16.005	0.898	0.932	
MEPCE	LRRC40	LRRC40	.|0.241|.	1.037	0.346	3	0.363|.|0.438	0.000	0.000	0.000	0.000	0.000	-16.005	0.867	0.971	
MEPCE	CWC22	CWC22	.|0.503|0.472	1.373	0.458	3	0.448|.|0.370	0.000	0.000	0.000	0.000	0.000	-16.005	1.124	0.923	
MEPCE	IFT46	IFT46	.|2.575|.	3.371	1.124	3	.|2.729|2.036	0.000	0.000	0.000	0.000	0.000	-16.005	0.477	0.941	
MEPCE	OLA1	OLA1	.|0.438|0.331	1.168	0.389	3	.|0.403|0.397	0.000	0.000	0.000	0.000	0.000	-16.005	0.973	0.965	
MEPCE	ABCF3	ABCF3	.|0.457|0.386	1.242	0.414	3	0.460|.|0.272	0.000	0.000	0.000	0.000	0.000	-15.692	1.169	0.919	
MEPCE	HAUS2	HAUS2	.|0.449|.	1.246	0.415	3	.|0.412|.	0.000	0.000	0.000	0.000	0.000	-16.005	1.008	0.968	
MEPCE	RBM28	RBM28	.|0.214|.	1.010	0.337	3	.|.|.	0.000	0.000	0.000	0.000	0.000	-16.005	0.845	0.970	
MEPCE	HYPK	HYPK	.|0.364|0.212	0.973	0.324	3	.|0.359|.	0.000	0.000	0.000	0.000	0.000	-16.005	0.903	0.966	
MEPCE	PPP4R2	PPP4R2	.|0.255|.	1.052	0.351	3	.|0.411|.	0.000	0.000	0.000	0.000	0.000	-16.005	0.854	0.969	
MEPCE	ABI2	ABI2	.|0.414|.	1.211	0.404	3	.|.|.	0.000	0.000	0.000	0.000	0.000	-16.005	1.014	0.968	
MEPCE	THYN1	THYN1	.|0.185|0.353	0.936	0.312	3	.|.|.	0.000	0.000	0.000	0.000	0.000	-16.005	0.784	0.967	
MEPCE	TMEM9	TMEM9	.|0.230|0.226	0.855	0.285	3	0.204|0.212|.	0.000	0.000	0.000	0.000	0.000	-15.843	1.369	0.965	
MEPCE	CPSF2	CPSF2	.|0.556|.	1.352	0.451	3	.|.|.	0.010	0.029	0.010	0.029	0.010	-16.005	1.132	0.804	
MEPCE	NXF1	NXF1	.|1.434|.	2.230	0.743	3	.|.|.	0.333	0.999	0.333	0.999	0.333	-16.005	1.867	0.223	
MEPCE	LRWD1	LRWD1	.|0.217|.	1.014	0.338	3	0.443|0.419|0.403	0.000	0.000	0.000	0.000	0.000	-16.005	0.802	0.970	
MEPCE	TES	TES	.|0.257|.	1.053	0.351	3	0.737|0.456|0.487	0.000	0.000	0.000	0.000	0.000	-16.005	0.642	0.968	
MEPCE	MRM2	MRM2	.|0.637|0.544	1.579	0.526	3	0.569|0.522|0.509	0.000	0.000	0.000	0.000	0.000	-16.005	0.988	0.898	
MEPCE	CDC23	CDC23	.|0.435|0.349	1.182	0.394	3	.|0.580|.	0.000	0.000	0.000	0.000	0.000	-16.005	0.679	0.967	
MEPCE	RPS6KA2;TLK1;TLK2	RPS6KA2;TLK1;TLK2	.|0.283|.	1.079	0.360	3	.|0.424|.	0.000	0.000	0.000	0.000	0.000	-16.005	0.848	0.969	
MEPCE	CDV3	CDV3	.|0.310|0.402	1.111	0.370	3	0.511|0.496|0.519	0.000	0.000	0.000	0.000	0.000	-16.005	0.728	0.967	
MEPCE	PALD1	PALD1	.|0.441|.	1.237	0.412	3	.|.|.	0.000	0.000	0.000	0.000	0.000	-16.005	1.036	0.933	
MEPCE	ANAPC10	ANAPC10	.|0.410|0.418	1.227	0.409	3	0.355|0.417|.	0.000	0.000	0.000	0.000	0.000	-15.953	1.062	0.965	
MEPCE	G3BP2	G3BP2	.|0.529|0.499	1.426	0.475	3	.|0.428|0.479	0.000	0.000	0.000	0.000	0.000	-16.005	1.051	0.932	
MEPCE	USP22	USP22	.|0.427|0.483	1.308	0.436	3	0.351|.|0.555	0.000	0.000	0.000	0.000	0.000	-16.005	0.988	0.965	
MEPCE	ITM2B	ITM2B	.|0.097|.	0.894	0.298	3	.|.|.	0.000	0.000	0.000	0.000	0.000	-16.005	0.748	0.970	
MEPCE	RCL1	RCL1	.|0.555|0.544	1.497	0.499	3	.|.|.	0.019	0.029	0.019	0.029	0.019	-16.005	1.253	0.714	
MEPCE	GSTK1	GSTK1	.|0.460|0.602	1.460	0.487	3	.|0.329|0.466	0.000	0.001	0.000	0.001	0.000	-15.991	1.243	0.862	
MEPCE	DERA	DERA	.|0.587|0.452	1.438	0.479	3	0.496|0.499|0.646	0.000	0.000	0.000	0.000	0.000	-16.005	0.883	0.965	
MEPCE	STRAP	STRAP	.|0.419|0.411	1.228	0.409	3	0.486|0.495|0.524	0.000	0.000	0.000	0.000	0.000	-16.005	0.816	0.967	
MEPCE	HBS1L	HBS1L	.|0.342|0.280	1.020	0.340	3	.|.|.	0.000	0.000	0.000	0.000	0.000	-16.005	0.854	0.967	
MEPCE	DMXL1	DMXL1	.|0.200|.	0.996	0.332	3	.|.|.	0.000	0.000	0.000	0.000	0.000	-16.005	0.834	0.970	
MEPCE	KCTD3	KCTD3	.|0.231|.	1.027	0.342	3	.|.|.	0.000	0.000	0.000	0.000	0.000	-16.005	0.860	0.970	
MEPCE	SUPT16H	SUPT16H	.|0.272|.	1.068	0.356	3	0.526|0.474|0.477	0.000	0.000	0.000	0.000	0.000	-16.005	0.724	0.970	
MEPCE	RBM8A	RBM8A	.|0.612|0.690	1.700	0.567	3	0.669|0.622|0.591	0.000	0.000	0.000	0.000	0.000	-16.005	0.905	0.932	
MEPCE	TSSC4	TSSC4	.|0.628|0.634	1.659	0.553	3	0.635|.|.	0.000	0.000	0.000	0.000	0.000	-16.005	0.871	0.968	
MEPCE	MRFAP1	MRFAP1	.|0.170|0.132	0.701	0.234	3	.|.|.	0.000	0.000	0.000	0.000	0.000	-16.005	0.587	0.967	
MEPCE	ALG5	ALG5	.|1.177|0.839	2.415	0.805	3	.|.|.	0.019	0.029	0.019	0.029	0.019	-16.005	2.021	0.722	
MEPCE	IGF2BP2	IGF2BP2	.|0.262|.	1.058	0.353	3	.|.|.	0.000	0.000	0.000	0.000	0.000	-16.005	0.886	0.970	
MEPCE	SMCHD1	SMCHD1	.|.|0.238	1.034	0.345	3	.|.|.	0.000	0.000	0.000	0.000	0.000	-16.005	0.866	0.970	
MEPCE	A0A3Q1M3L6	A0A3Q1M3L6	.|.|0.185	0.981	0.327	3	.|0.346|.	0.000	0.000	0.000	0.000	0.000	-16.005	0.944	0.970	
MEPCE	FBLN1	FBLN1	.|.|0.469	1.265	0.422	3	0.173|0.226|0.465	0.004	0.012	0.004	0.012	0.004	-5.713	1.604	0.824	
MEPCE	MIEF1	MIEF1	.|.|0.221	1.017	0.339	3	.|.|.	0.000	0.000	0.000	0.000	0.000	-16.005	0.851	0.970	
MEPCE	CBX4	CBX4	.|.|0.406	1.203	0.401	3	0.685|.|.	0.000	0.000	0.000	0.000	0.000	-16.005	0.585	0.970	
MEPCE	CDC7	CDC7	.|.|0.504	1.301	0.434	3	0.281|.|0.378	0.000	0.000	0.000	0.000	0.000	-14.501	1.331	0.875	
MEPCE	WASL	WASL	.|.|0.289	1.085	0.362	3	0.446|0.358|0.425	0.000	0.000	0.000	0.000	0.000	-16.005	0.887	0.968	
MEPCE	CASK	CASK	.|.|0.146	0.942	0.314	3	.|.|.	0.000	0.000	0.000	0.000	0.000	-16.005	0.789	0.970	
MEPCE	GPAA1	GPAA1	.|.|0.454	1.250	0.417	3	.|.|.	0.000	0.000	0.000	0.000	0.000	-16.005	1.046	0.920	
MEPCE	TPD52L2	TPD52L2	.|.|0.289	1.085	0.362	3	0.303|0.343|0.207	0.000	0.000	0.000	0.000	0.000	-15.990	1.300	0.968	
MEPCE	COCH	COCH	.|.|0.401	1.197	0.399	3	.|.|.	0.000	0.000	0.000	0.000	0.000	-16.005	1.002	0.968	
MEPCE	SYNJ1	SYNJ1	.|.|0.397	1.193	0.398	3	0.354|0.317|.	0.000	0.000	0.000	0.000	0.000	-14.906	1.187	0.948	
MEPCE	ORC5	ORC5	.|.|0.176	0.972	0.324	3	0.448|.|0.263	0.000	0.000	0.000	0.000	0.000	-16.005	0.945	0.969	
MEPCE	CPNE3	CPNE3	.|.|0.199	0.995	0.332	3	0.278|0.269|.	0.000	0.000	0.000	0.000	0.000	-16.005	1.212	0.969	
MEPCE	TRIO	TRIO	.|.|0.352	1.149	0.383	3	.|.|0.222	0.000	0.000	0.000	0.000	0.000	-10.819	1.726	0.896	
MEPCE	CRYZL1	CRYZL1	.|.|0.212	1.009	0.336	3	.|.|.	0.000	0.000	0.000	0.000	0.000	-16.005	0.844	0.970	
MEPCE	DHFR	DHFR	.|.|0.335	1.131	0.377	3	.|0.379|0.356	0.000	0.000	0.000	0.000	0.000	-16.005	1.027	0.969	
MEPCE	MT-CO2	MT-CO2	.|.|0.209	1.006	0.335	3	.|.|.	0.000	0.000	0.000	0.000	0.000	-16.005	0.842	0.970	
MEPCE	HSPB1	HSPB1	.|.|0.415	1.212	0.404	3	.|.|.	0.000	0.000	0.000	0.000	0.000	-16.005	1.014	0.968	
MEPCE	RB1	RB1	.|.|0.503	1.300	0.433	3	.|.|.	0.000	0.001	0.000	0.001	0.000	-16.005	1.088	0.861	
MEPCE	LAMB1	LAMB1	.|.|0.315	1.112	0.371	3	0.406|.|.	0.000	0.000	0.000	0.000	0.000	-16.005	0.914	0.969	
MEPCE	MRPL3	MRPL3	.|.|0.431	1.227	0.409	3	.|.|.	0.000	0.000	0.000	0.000	0.000	-16.005	1.027	0.965	
MEPCE	NR2F1;NR2F2;NR2F6	NR2F1;NR2F2;NR2F6	.|.|0.349	1.145	0.382	3	.|0.194|0.288	0.000	0.000	0.000	0.000	0.000	-12.046	1.617	0.908	
MEPCE	CLU	CLU	.|.|0.241	1.037	0.346	3	.|0.441|.	0.000	0.000	0.000	0.000	0.000	-16.005	0.784	0.970	
MEPCE	MAP2	MAP2	.|.|0.444	1.240	0.413	3	.|.|.	0.000	0.000	0.000	0.000	0.000	-16.005	1.038	0.930	
MEPCE	UMPS	UMPS	.|.|0.494	1.290	0.430	3	0.402|.|.	0.000	0.000	0.000	0.000	0.000	-16.005	1.071	0.928	
MEPCE	ACADM	ACADM	.|.|0.227	1.023	0.341	3	.|.|.	0.000	0.000	0.000	0.000	0.000	-16.005	0.857	0.970	
MEPCE	CDK4	CDK4	.|.|0.286	1.082	0.361	3	.|0.398|0.417	0.000	0.000	0.000	0.000	0.000	-16.005	0.886	0.969	
MEPCE	CCNB1	CCNB1	.|.|0.510	1.306	0.435	3	0.524|0.601|0.343	0.000	0.000	0.000	0.000	0.000	-16.005	0.914	0.968	
MEPCE	HNRNPL	HNRNPL	.|.|0.251	1.048	0.349	3	.|0.148|.	0.000	0.000	0.000	0.000	0.000	-10.381	2.365	0.892	
MEPCE	UBTF	UBTF	.|.|0.327	1.124	0.375	3	.|.|.	0.000	0.000	0.000	0.000	0.000	-16.005	0.941	0.970	
MEPCE	PGAM1	PGAM1	.|.|0.214	1.011	0.337	3	0.197|0.403|0.686	0.000	0.000	0.000	0.000	0.000	-10.840	0.889	0.896	
MEPCE	RAB6A	RAB6A	.|.|0.710	1.506	0.502	3	0.442|.|.	0.005	0.015	0.005	0.015	0.005	-16.005	1.137	0.821	
MEPCE	GNA11	GNA11	.|.|0.932	1.728	0.576	3	.|.|.	0.010	0.029	0.010	0.029	0.010	-16.005	1.447	0.804	
MEPCE	PPP2R1B	PPP2R1B	.|.|0.339	1.136	0.379	3	.|0.542|.	0.000	0.000	0.000	0.000	0.000	-16.005	0.698	0.969	
MEPCE	NMT1	NMT1	.|.|0.609	1.405	0.468	3	0.496|.|.	0.000	0.000	0.000	0.000	0.000	-16.005	0.944	0.922	
MEPCE	ACSL1	ACSL1	.|.|0.275	1.072	0.357	3	0.344|0.329|0.416	0.000	0.000	0.000	0.000	0.000	-16.005	0.989	0.969	
MEPCE	CSK	CSK	.|.|0.279	1.075	0.358	3	0.404|0.451|0.242	0.000	0.000	0.000	0.000	0.000	-16.005	1.015	0.969	
MEPCE	MKI67	MKI67	.|.|0.345	1.141	0.380	3	.|.|.	0.000	0.000	0.000	0.000	0.000	-16.005	0.955	0.970	
MEPCE	UQCRFS1	UQCRFS1	.|.|0.681	1.478	0.493	3	0.376|0.427|.	0.010	0.029	0.010	0.029	0.010	-16.005	1.230	0.813	
MEPCE	TSC2	TSC2	.|.|0.321	1.117	0.372	3	0.332|0.398|.	0.000	0.000	0.000	0.000	0.000	-16.005	1.025	0.968	
MEPCE	LIG3	LIG3	.|.|0.169	0.965	0.322	3	0.112|.|.	0.000	0.000	0.000	0.000	0.000	-12.522	2.862	0.913	
MEPCE	DNA2	DNA2	.|.|0.334	1.130	0.377	3	0.563|0.496|0.296	0.000	0.000	0.000	0.000	0.000	-16.005	0.865	0.969	
MEPCE	POLR2J;POLR2J2;POLR2J3	POLR2J;POLR2J2;POLR2J3	.|.|0.269	1.065	0.355	3	.|0.267|.	0.000	0.000	0.000	0.000	0.000	-16.002	1.332	0.968	
MEPCE	HK2	HK2	.|.|0.245	1.041	0.347	3	.|.|.	0.000	0.000	0.000	0.000	0.000	-16.005	0.872	0.970	
MEPCE	BLVRA	BLVRA	.|.|0.269	1.066	0.355	3	0.414|0.379|0.436	0.000	0.000	0.000	0.000	0.000	-16.005	0.869	0.969	
MEPCE	GEMIN4	GEMIN4	.|.|0.439	1.236	0.412	3	.|.|.	0.000	0.000	0.000	0.000	0.000	-16.005	1.035	0.935	
MEPCE	RAB8A	RAB8A	.|.|0.483	1.280	0.427	3	.|0.813|0.549	0.000	0.000	0.000	0.000	0.000	-16.005	0.639	0.971	
MEPCE	CDK16	CDK16	.|.|0.645	1.441	0.480	3	.|.|.	0.010	0.029	0.010	0.029	0.010	-16.005	1.206	0.804	
MEPCE	GALNT2	GALNT2	.|.|0.267	1.063	0.354	3	.|.|.	0.000	0.000	0.000	0.000	0.000	-16.005	0.890	0.970	
MEPCE	BNIP1	BNIP1	.|.|0.198	0.995	0.332	3	.|.|.	0.000	0.000	0.000	0.000	0.000	-16.005	0.833	0.970	
MEPCE	PPP2R5C	PPP2R5C	.|.|0.354	1.150	0.383	3	.|0.674|0.350	0.000	0.000	0.000	0.000	0.000	-16.005	0.790	0.970	
MEPCE	MTMR3	MTMR3	.|.|0.217	1.014	0.338	3	.|.|.	0.000	0.000	0.000	0.000	0.000	-16.005	0.849	0.970	
MEPCE	TRIM25	TRIM25	.|.|0.387	1.183	0.394	3	0.302|.|.	0.000	0.000	0.000	0.000	0.000	-13.880	1.308	0.927	
MEPCE	RSU1	RSU1	.|.|0.380	1.177	0.392	3	0.546|.|.	0.000	0.000	0.000	0.000	0.000	-16.005	0.718	0.970	
MEPCE	TSN	TSN	.|.|0.462	1.258	0.419	3	.|0.195|.	0.320	0.959	0.320	0.959	0.320	-2.402	2.146	0.263	
MEPCE	HSDL1	HSDL1	.|.|0.224	1.020	0.340	3	0.253|.|.	0.000	0.000	0.000	0.000	0.000	-16.005	1.342	0.969	
MEPCE	CTXN3	CTXN3	.|.|0.580	1.376	0.459	3	.|.|.	0.010	0.029	0.010	0.029	0.010	-16.005	1.152	0.804	
MEPCE	EARS2	EARS2	.|.|0.343	1.139	0.380	3	.|.|.	0.000	0.000	0.000	0.000	0.000	-16.005	0.953	0.970	
MEPCE	TEX30	TEX30	.|.|0.399	1.195	0.398	3	.|.|.	0.000	0.000	0.000	0.000	0.000	-16.005	1.001	0.968	
MEPCE	UBR4	UBR4	.|.|0.357	1.154	0.385	3	0.299|0.399|0.669	0.000	0.000	0.000	0.000	0.000	-14.701	0.893	0.939	
MEPCE	ARHGAP17	ARHGAP17	.|.|0.694	1.491	0.497	3	1.147|0.627|0.684	0.000	0.000	0.000	0.000	0.000	-16.005	0.630	0.969	
MEPCE	ANKRD40	ANKRD40	.|.|0.458	1.255	0.418	3	0.328|.|.	0.000	0.000	0.000	0.000	0.000	-14.603	1.274	0.906	
MEPCE	FAM117B	FAM117B	.|.|0.312	1.109	0.370	3	.|.|.	0.000	0.000	0.000	0.000	0.000	-16.005	0.928	0.970	
MEPCE	SCYL2	SCYL2	.|.|0.445	1.241	0.414	3	0.575|0.538|0.358	0.000	0.000	0.000	0.000	0.000	-16.005	0.862	0.971	
MEPCE	LIN28B	LIN28B	.|.|0.306	1.102	0.367	3	.|.|.	0.000	0.000	0.000	0.000	0.000	-16.005	0.923	0.970	
MEPCE	SUPT6H	SUPT6H	.|.|0.498	1.295	0.432	3	0.256|0.378|0.322	0.000	0.000	0.000	0.000	0.000	-14.918	1.371	0.906	
MEPCE	MARK2	MARK2	.|.|0.548	1.345	0.448	3	0.273|.|.	0.010	0.029	0.010	0.029	0.010	-11.621	1.644	0.812	
MEPCE	MAEA	MAEA	.|.|0.343	1.140	0.380	3	0.388|.|0.273	0.000	0.000	0.000	0.000	0.000	-15.901	1.167	0.968	
MEPCE	ARMC9	ARMC9	.|.|0.700	1.497	0.499	3	.|.|.	0.010	0.029	0.010	0.029	0.010	-16.005	1.253	0.804	
MEPCE	PKD1L3	PKD1L3	.|.|0.707	1.503	0.501	3	.|.|.	0.010	0.029	0.010	0.029	0.010	-16.005	1.258	0.804	
MEPCE	RETREG3	RETREG3	.|.|0.731	1.527	0.509	3	0.372|.|0.865	0.000	0.000	0.000	0.000	0.000	-16.005	0.898	0.903	
MEPCE	HOOK3	HOOK3	.|.|0.404	1.200	0.400	3	0.461|0.574|0.500	0.000	0.000	0.000	0.000	0.000	-16.005	0.785	0.969	
MEPCE	RALGAPB	RALGAPB	.|.|0.442	1.238	0.413	3	0.444|0.385|.	0.000	0.000	0.000	0.000	0.000	-16.005	0.999	0.968	
MEPCE	TDRP	TDRP	.|.|0.603	1.400	0.467	3	0.474|0.386|0.262	0.000	0.000	0.000	0.000	0.000	-15.936	1.283	0.864	
MEPCE	HSCB	HSCB	.|.|0.446	1.242	0.414	3	.|.|.	0.000	0.000	0.000	0.000	0.000	-16.005	1.040	0.928	
MEPCE	VPS8	VPS8	.|.|0.289	1.085	0.362	3	.|.|0.320	0.000	0.000	0.000	0.000	0.000	-16.005	1.132	0.969	
MEPCE	WDTC1	WDTC1	.|.|0.090	0.886	0.295	3	.|.|0.218	0.000	0.000	0.000	0.000	0.000	-16.005	1.354	0.969	
MEPCE	SRFBP1	SRFBP1	.|.|0.890	1.687	0.562	3	0.764|.|0.753	0.000	0.000	0.000	0.000	0.000	-16.005	0.741	0.922	
MEPCE	NUP37	NUP37	.|.|0.500	1.296	0.432	3	.|0.220|.	0.265	0.795	0.265	0.795	0.265	-7.519	1.967	0.299	
MEPCE	KLHDC4	KLHDC4	.|.|0.427	1.224	0.408	3	0.558|0.400|0.210	0.000	0.000	0.000	0.000	0.000	-8.539	1.130	0.866	
MEPCE	SHKBP1	SHKBP1	.|.|0.772	1.568	0.523	3	.|0.126|.	0.333	1.000	0.333	1.000	0.333	8.305	4.164	0.179	
MEPCE	FAR1	FAR1	.|.|0.546	1.342	0.447	3	.|.|.	0.010	0.029	0.010	0.029	0.010	-16.005	1.124	0.804	
MEPCE	ARHGEF1	ARHGEF1	.|.|0.336	1.133	0.378	3	0.456|0.504|.	0.000	0.000	0.000	0.000	0.000	-16.005	0.787	0.968	
MEPCE	GLMN	GLMN	.|.|0.287	1.083	0.361	3	0.279|.|.	0.000	0.000	0.000	0.000	0.000	-15.978	1.296	0.968	
MEPCE	GCC1	GCC1	.|.|0.312	1.108	0.369	3	.|.|.	0.000	0.000	0.000	0.000	0.000	-16.005	0.928	0.970	
MEPCE	FLYWCH2	FLYWCH2	.|.|0.318	1.115	0.372	3	.|.|.	0.000	0.000	0.000	0.000	0.000	-16.005	0.933	0.970	
MEPCE	FOXRED1	FOXRED1	.|.|0.433	1.230	0.410	3	.|.|0.401	0.000	0.000	0.000	0.000	0.000	-16.005	1.021	0.968	
MEPCE	KCTD12	KCTD12	.|.|0.364	1.160	0.387	3	.|.|.	0.000	0.000	0.000	0.000	0.000	-16.005	0.971	0.970	
MEPCE	THAP11	THAP11	.|.|0.426	1.223	0.408	3	.|.|0.265	0.000	0.000	0.000	0.000	0.000	-11.131	1.535	0.880	
MEPCE	PAWR	PAWR	.|.|0.225	1.021	0.340	3	.|.|.	0.000	0.000	0.000	0.000	0.000	-16.005	0.855	0.970	
MEPCE	AGAP3	AGAP3	.|.|0.206	1.003	0.334	3	.|0.322|.	0.000	0.000	0.000	0.000	0.000	-16.005	1.039	0.969	
MEPCE	VPS35	VPS35	.|.|0.483	1.279	0.426	3	0.676|0.824|0.741	0.000	0.000	0.000	0.000	0.000	-16.005	0.573	0.969	
MEPCE	XPO6	XPO6	.|.|0.192	0.988	0.329	3	0.219|.|.	0.000	0.000	0.000	0.000	0.000	-16.005	1.503	0.968	
MEPCE	PFDN5	PFDN5	.|.|0.316	1.113	0.371	3	0.217|0.420|0.252	0.000	0.000	0.000	0.000	0.000	-13.735	1.304	0.925	
MEPCE	PARK7	PARK7	.|.|0.437	1.233	0.411	3	0.616|0.181|0.722	0.001	0.003	0.001	0.003	0.001	-6.326	0.952	0.842	
MEPCE	INPP5K	INPP5K	.|.|0.146	0.942	0.314	3	.|0.179|.	0.000	0.000	0.000	0.000	0.000	-16.005	1.758	0.969	
MEPCE	MTA3	MTA3	.|.|0.072	0.869	0.290	3	0.459|0.429|.	0.000	0.000	0.000	0.000	0.000	-16.005	0.652	0.968	
MEPCE	MLST8	MLST8	.|.|0.251	1.048	0.349	3	.|0.235|.	0.000	0.000	0.000	0.000	0.000	-15.884	1.489	0.968	
MEPCE	AP1M1	AP1M1	.|.|0.351	1.147	0.382	3	0.612|0.720|0.566	0.000	0.000	0.000	0.000	0.000	-16.005	0.607	0.969	
MEPCE	MRPL4	MRPL4	.|.|0.577	1.373	0.458	3	.|.|.	0.010	0.029	0.010	0.029	0.010	-16.005	1.150	0.804	
MEPCE	CEP41	CEP41	.|.|0.348	1.145	0.382	3	0.467|0.520|0.493	0.000	0.000	0.000	0.000	0.000	-16.005	0.774	0.970	
MEPCE	UPF3A	UPF3A	.|.|0.417	1.214	0.405	3	.|.|.	0.000	0.000	0.000	0.000	0.000	-16.005	1.016	0.968	
MEPCE	SPNS1	SPNS1	.|.|0.525	1.321	0.440	3	0.357|.|0.402	0.000	0.000	0.000	0.000	0.000	-15.895	1.163	0.901	
MEPCE	PTGES2	PTGES2	.|.|0.290	1.087	0.362	3	0.377|.|.	0.000	0.000	0.000	0.000	0.000	-16.005	0.962	0.968	
MEPCE	WDR41	WDR41	.|.|0.169	0.966	0.322	3	.|.|.	0.000	0.000	0.000	0.000	0.000	-16.005	0.808	0.970	
MEPCE	GLOD4	GLOD4	.|.|0.551	1.347	0.449	3	.|.|.	0.010	0.029	0.010	0.029	0.010	-16.005	1.128	0.804	
MEPCE	GPN1	GPN1	.|.|0.629	1.426	0.475	3	.|.|.	0.010	0.029	0.010	0.029	0.010	-16.005	1.193	0.804	
MEPCE	MRPL17	MRPL17	.|.|0.296	1.092	0.364	3	.|.|.	0.000	0.000	0.000	0.000	0.000	-16.005	0.914	0.970	
MEPCE	HOMER2	HOMER2	.|.|0.379	1.175	0.392	3	0.199|.|.	0.001	0.002	0.001	0.002	0.001	-6.381	1.970	0.849	
MEPCE	RBM22	RBM22	.|.|0.420	1.217	0.406	3	0.388|0.389|0.429	0.000	0.000	0.000	0.000	0.000	-16.005	1.010	0.968	
MEPCE	COMMD8	COMMD8	.|.|0.147	0.943	0.314	3	.|.|0.137	0.000	0.000	0.000	0.000	0.000	-15.939	2.293	0.968	
MEPCE	TMOD3	TMOD3	.|.|0.551	1.347	0.449	3	.|.|.	0.010	0.029	0.010	0.029	0.010	-16.005	1.128	0.804	
MEPCE	MAT2B	MAT2B	.|.|0.389	1.185	0.395	3	.|.|0.342	0.000	0.000	0.000	0.000	0.000	-15.352	1.156	0.968	
MEPCE	AKAP7	AKAP7	.|.|0.327	1.123	0.374	3	.|.|.	0.000	0.000	0.000	0.000	0.000	-16.005	0.940	0.970	
MEPCE	TXNDC16	TXNDC16	.|.|0.121	0.918	0.306	3	.|.|.	0.000	0.000	0.000	0.000	0.000	-16.005	0.768	0.970	
MEPCE	ORC3	ORC3	.|.|0.187	0.983	0.328	3	0.111|.|0.191	0.000	0.000	0.000	0.000	0.000	-15.081	2.246	0.965	
MEPCE	CHORDC1	CHORDC1	.|.|0.255	1.052	0.351	3	.|.|.	0.000	0.000	0.000	0.000	0.000	-16.005	0.880	0.970	
MEPCE	ANAPC5	ANAPC5	.|.|0.280	1.077	0.359	3	.|.|0.424	0.000	0.000	0.000	0.000	0.000	-16.005	0.846	0.970	
MEPCE	AMFR	AMFR	.|.|0.414	1.211	0.404	3	0.252|.|.	0.000	0.000	0.000	0.000	0.000	-10.160	1.600	0.877	
MEPCE	CNOT11	CNOT11	.|.|0.529	1.325	0.442	3	.|.|.	0.010	0.029	0.010	0.029	0.010	-16.005	1.109	0.804	
MEPCE	YARS2	YARS2	.|.|0.421	1.217	0.406	3	0.374|.|.	0.000	0.000	0.000	0.000	0.000	-15.828	1.086	0.968	
MEPCE	HYOU1	HYOU1	.|.|0.685	1.482	0.494	3	0.336|0.155|0.216	0.305	0.914	0.305	0.914	0.305	-5.128	2.205	0.277	
MEPCE	AFG3L2	AFG3L2	.|.|0.208	1.004	0.335	3	.|.|.	0.000	0.000	0.000	0.000	0.000	-16.005	0.841	0.970	
MEPCE	ATP6V1D	ATP6V1D	.|.|0.287	1.084	0.361	3	0.712|0.288|.	0.000	0.000	0.000	0.000	0.000	-16.005	0.797	0.969	
