Bait	PreyGene	#Rep	AvgP	BFDR
ACTB	IGLV3-9;IGLV3-21	3	0.3329	0.5917
ACTB	IGKV2-28;IGKV2D-29;IGKV2D-30;IGKV2-40;IGKV2D-26;IGKV2-29;IGKV2D-40;IGKV2D-28;IGKV2-30	3	0.3333	0.5889
ACTB	IGKV3D-15	3	0.3333	0.5889
KRT8	IGKV3D-15	3	0.1436	0.7585
ACTB	IGKV3D-11;IGKV3-11	3	0.3333	0.5889
ACTB	IGHV3-49	3	0.3333	0.5889
ACTB	IGHV3-74;IGHV3-66;IGHV3-23;IGHV3-53;IGHV3-30;IGHV3-33;IGHV3-30-3;IGHV3-30-5	3	0.3326	0.5926
ACTB	IGKV3D-20	3	0.3333	0.5889
LMNA	IGKV3D-20	3	0.4863	0.3176
ACTB	IGHV5-51	3	0.3295	0.5970
ACTB	NBDY	3	0.1304	0.7673
CTNNA1	NBDY	3	0.0433	0.8375
KRT8	NBDY	3	0.1751	0.7368
LMNA	NBDY	3	0.0872	0.7988
MAPRE3	NBDY	3	0.0357	0.8451
LMNA	BRD3OS	3	0.6604	0.1662
ACTB	C13orf42	3	0.0505	0.8305
CTNNA1	C13orf42	3	0.0788	0.8054
KRT8	C13orf42	3	0.1032	0.7868
LMNA	C13orf42	3	0.1203	0.7740
MAPRE3	C13orf42	3	0.0789	0.8054
ACTB	IFT56	3	0.0427	0.8381
CTNNA1	IFT56	3	0.0028	0.8702
KRT8	IFT56	3	0.1868	0.7288
LMNA	IFT56	3	0.0194	0.8575
MAPRE3	IFT56	3	0.0035	0.8694
ACTB	UBA6	3	0.1242	0.7714
CTNNA1	UBA6	3	0.0253	0.8535
KRT8	UBA6	3	0.1683	0.7411
LMNA	UBA6	3	0.0548	0.8266
MAPRE3	UBA6	3	0.0632	0.8186
ACTB	ESYT2	3	0.2130	0.7113
CTNNA1	ESYT2	3	0.0548	0.8266
KRT8	ESYT2	3	0.3335	0.5885
LMNA	ESYT2	3	0.1888	0.7273
MAPRE3	ESYT2	3	0.1239	0.7716
ACTB	BLTP3B	3	0.2922	0.6445
CTNNA1	BLTP3B	3	0.1333	0.7654
KRT8	BLTP3B	3	0.3338	0.5879
LMNA	BLTP3B	3	0.1498	0.7540
MAPRE3	BLTP3B	3	0.2173	0.7082
ACTB	IGLC7;IGLC6;IGLC2;IGLC3	3	0.3333	0.5889
MAPRE3	IGLC7;IGLC6;IGLC2;IGLC3	3	0.0127	0.8620
ACTB	SHTN1	3	0.3846	0.4930
CTNNA1	SHTN1	3	0.1631	0.7447
KRT8	SHTN1	3	0.3376	0.5819
LMNA	SHTN1	3	0.1658	0.7428
MAPRE3	SHTN1	3	0.2888	0.6481
ACTB	TMEM223	3	0.1125	0.7799
CTNNA1	TMEM223	3	0.0465	0.8346
KRT8	TMEM223	3	0.1743	0.7374
LMNA	TMEM223	3	0.2170	0.7083
MAPRE3	TMEM223	3	0.0434	0.8374
ACTB	FAM168B	3	0.0699	0.8128
CTNNA1	FAM168B	3	0.0582	0.8233
KRT8	FAM168B	3	0.1780	0.7344
LMNA	FAM168B	3	0.0933	0.7943
MAPRE3	FAM168B	3	0.2336	0.6963
ACTB	MEX3A	3	0.1125	0.7799
CTNNA1	MEX3A	3	0.0134	0.8616
KRT8	MEX3A	3	0.2145	0.7102
LMNA	MEX3A	3	0.0752	0.8083
MAPRE3	MEX3A	3	0.0317	0.8484
ACTB	ILVBL	3	0.0340	0.8465
KRT8	ILVBL	3	0.1008	0.7886
LMNA	ILVBL	3	0.0177	0.8585
MAPRE3	ILVBL	3	0.0024	0.8706
ACTB	PLEKHG3	3	0.1460	0.7569
CTNNA1	PLEKHG3	3	0.0156	0.8600
KRT8	PLEKHG3	3	0.0779	0.8060
LMNA	PLEKHG3	3	0.0140	0.8611
MAPRE3	PLEKHG3	3	0.0169	0.8592
ACTB	SH3PXD2B	3	0.3767	0.5103
CTNNA1	SH3PXD2B	3	0.1099	0.7819
KRT8	SH3PXD2B	3	0.3169	0.6151
LMNA	SH3PXD2B	3	0.1549	0.7504
MAPRE3	SH3PXD2B	3	0.3152	0.6172
ACTB	ZNF320	3	0.0046	0.8682
KRT8	ZNF320	3	0.0074	0.8657
LMNA	ZNF320	3	0.0547	0.8267
MAPRE3	ZNF320	3	0.0021	0.8711
ACTB	NBAS	3	0.2278	0.7005
CTNNA1	NBAS	3	0.0294	0.8503
KRT8	NBAS	3	0.2483	0.6848
LMNA	NBAS	3	0.1320	0.7663
MAPRE3	NBAS	3	0.1057	0.7849
ACTB	HMX2	3	0.0912	0.7958
CTNNA1	HMX2	3	0.0084	0.8649
KRT8	HMX2	3	0.1037	0.7864
LMNA	HMX2	3	0.0101	0.8637
MAPRE3	HMX2	3	0.0043	0.8685
ACTB	CCDC66	3	0.0388	0.8422
KRT8	CCDC66	3	0.0746	0.8089
LMNA	CCDC66	3	0.0002	0.8745
MAPRE3	CCDC66	3	0.0546	0.8268
ACTB	DENND3	3	0.0808	0.8039
CTNNA1	DENND3	3	0.0023	0.8708
KRT8	DENND3	3	0.0704	0.8123
LMNA	DENND3	3	0.0115	0.8629
MAPRE3	DENND3	3	0.0101	0.8637
ACTB	TMEM131L	3	0.0262	0.8528
CTNNA1	TMEM131L	3	0.0000	0.8752
KRT8	TMEM131L	3	0.0550	0.8263
LMNA	TMEM131L	3	0.0530	0.8283
MAPRE3	TMEM131L	3	0.0041	0.8688
ACTB	VWA8	3	0.2611	0.6741
CTNNA1	VWA8	3	0.0387	0.8423
KRT8	VWA8	3	0.1916	0.7255
LMNA	VWA8	3	0.0887	0.7975
MAPRE3	VWA8	3	0.0643	0.8177
ACTB	SBNO1	3	0.1583	0.7480
CTNNA1	SBNO1	3	0.0517	0.8294
KRT8	SBNO1	3	0.1438	0.7584
LMNA	SBNO1	3	0.2909	0.6459
MAPRE3	SBNO1	3	0.1092	0.7823
ACTB	GTPBP10	3	0.0774	0.8065
KRT8	GTPBP10	3	0.3909	0.4777
LMNA	GTPBP10	3	0.0993	0.7896
MAPRE3	GTPBP10	3	0.0491	0.8319
ACTB	WDR91	3	0.1969	0.7220
CTNNA1	WDR91	3	0.0365	0.8444
KRT8	WDR91	3	0.2437	0.6883
LMNA	WDR91	3	0.0689	0.8137
MAPRE3	WDR91	3	0.0614	0.8203
ACTB	PEDS1	3	0.0689	0.8137
KRT8	PEDS1	3	0.0288	0.8508
LMNA	PEDS1	3	0.0501	0.8309
ACTB	CNOT1	3	0.3148	0.6181
CTNNA1	CNOT1	3	0.1358	0.7637
KRT8	CNOT1	3	0.3340	0.5875
LMNA	CNOT1	3	0.1663	0.7424
MAPRE3	CNOT1	3	0.2358	0.6943
ACTB	BDP1	3	0.0038	0.8691
KRT8	BDP1	3	0.0440	0.8370
LMNA	BDP1	3	0.0432	0.8376
MAPRE3	BDP1	3	0.0035	0.8694
ACTB	RNF222	3	0.0307	0.8493
CTNNA1	RNF222	3	0.0002	0.8745
KRT8	RNF222	3	0.0476	0.8336
LMNA	RNF222	3	0.0301	0.8498
MAPRE3	RNF222	3	0.0116	0.8628
ACTB	FAM83G	3	0.1481	0.7554
CTNNA1	FAM83G	3	0.0118	0.8626
KRT8	FAM83G	3	0.4577	0.3693
LMNA	FAM83G	3	0.0557	0.8257
MAPRE3	FAM83G	3	0.1584	0.7480
ACTB	PGP	3	0.1029	0.7872
CTNNA1	PGP	3	0.0237	0.8547
KRT8	PGP	3	0.1307	0.7671
LMNA	PGP	3	0.0510	0.8301
MAPRE3	PGP	3	0.0753	0.8082
ACTB	RIMOC1	3	0.2775	0.6598
CTNNA1	RIMOC1	3	0.0799	0.8046
KRT8	RIMOC1	3	0.3065	0.6289
LMNA	RIMOC1	3	0.2605	0.6746
MAPRE3	RIMOC1	3	0.1402	0.7608
LMNA	ZNF316	3	0.0632	0.8186
MAPRE3	ZNF316	3	0.0004	0.8740
ACTB	TUBAL3	3	0.2345	0.6953
CTNNA1	TUBAL3	3	0.0726	0.8105
KRT8	TUBAL3	3	0.3021	0.6338
LMNA	TUBAL3	3	0.2056	0.7164
MAPRE3	TUBAL3	3	0.0644	0.8176
ACTB	FBLL1	3	0.1185	0.7753
CTNNA1	FBLL1	3	0.0350	0.8457
KRT8	FBLL1	3	0.1485	0.7549
LMNA	FBLL1	3	0.1006	0.7888
MAPRE3	FBLL1	3	0.0279	0.8516
ACTB	SMCHD1	3	0.2313	0.6981
CTNNA1	SMCHD1	3	0.0390	0.8419
KRT8	SMCHD1	3	0.2430	0.6889
LMNA	SMCHD1	3	0.2844	0.6522
MAPRE3	SMCHD1	3	0.2166	0.7087
ACTB	ARHGAP42	3	0.1466	0.7564
CTNNA1	ARHGAP42	3	0.0071	0.8660
KRT8	ARHGAP42	3	0.0744	0.8091
LMNA	ARHGAP42	3	0.0132	0.8616
MAPRE3	ARHGAP42	3	0.0214	0.8562
ACTB	CCDC85C	3	0.0785	0.8056
CTNNA1	CCDC85C	3	0.0094	0.8642
KRT8	CCDC85C	3	0.0882	0.7980
LMNA	CCDC85C	3	0.0021	0.8711
MAPRE3	CCDC85C	3	0.0118	0.8626
ACTB	SAC3D1	3	0.0022	0.8710
CTNNA1	SAC3D1	3	0.0380	0.8430
KRT8	SAC3D1	3	0.0831	0.8020
LMNA	SAC3D1	3	0.0680	0.8144
MAPRE3	SAC3D1	3	0.0306	0.8494
ACTB	RGPD3	3	0.3119	0.6224
CTNNA1	RGPD3	3	0.1580	0.7483
KRT8	RGPD3	3	0.3642	0.5337
LMNA	RGPD3	3	0.2314	0.6980
MAPRE3	RGPD3	3	0.2393	0.6920
ACTB	ZSWIM8	3	0.0519	0.8292
CTNNA1	ZSWIM8	3	0.0018	0.8715
KRT8	ZSWIM8	3	0.1036	0.7866
LMNA	ZSWIM8	3	0.0173	0.8588
MAPRE3	ZSWIM8	3	0.0136	0.8614
ACTB	ARHGAP32	3	0.0540	0.8274
CTNNA1	ARHGAP32	3	0.0217	0.8560
KRT8	ARHGAP32	3	0.1218	0.7730
LMNA	ARHGAP32	3	0.0308	0.8492
MAPRE3	ARHGAP32	3	0.0097	0.8639
ACTB	POM121C	3	0.1229	0.7723
CTNNA1	POM121C	3	0.0149	0.8605
KRT8	POM121C	3	0.1335	0.7653
LMNA	POM121C	3	0.3413	0.5758
MAPRE3	POM121C	3	0.0664	0.8158
ACTB	WASHC1;WASH3P;WASH2P	3	0.1991	0.7204
KRT8	WASHC1;WASH3P;WASH2P	3	0.1290	0.7684
ACTB	A2ML1	3	0.3303	0.5954
MAPRE3	A2ML1	3	0.2168	0.7085
ACTB	DDX11L8	3	0.2679	0.6681
KRT8	DDX11L8	3	0.2455	0.6871
LMNA	DDX11L8	3	0.4000	0.4602
MAPRE3	DDX11L8	3	0.1854	0.7295
ACTB	CYSRT1	3	0.1032	0.7868
KRT8	CYSRT1	3	0.0477	0.8334
ACTB	PHF20L1	3	0.0251	0.8536
CTNNA1	PHF20L1	3	0.0008	0.8732
KRT8	PHF20L1	3	0.0137	0.8614
LMNA	PHF20L1	3	0.0266	0.8525
MAPRE3	PHF20L1	3	0.0007	0.8734
ACTB	SNRPGP15;SNRPG	3	0.1993	0.7203
CTNNA1	SNRPGP15;SNRPG	3	0.0288	0.8508
KRT8	SNRPGP15;SNRPG	3	0.1429	0.7590
LMNA	SNRPGP15;SNRPG	3	0.2403	0.6910
MAPRE3	SNRPGP15;SNRPG	3	0.0485	0.8325
KRT8	AHRR	3	0.0206	0.8567
LMNA	AHRR	3	0.0570	0.8242
MAPRE3	AHRR	3	0.0009	0.8730
ACTB	MYO9A	3	0.0649	0.8172
CTNNA1	MYO9A	3	0.0029	0.8701
KRT8	MYO9A	3	0.0656	0.8165
LMNA	MYO9A	3	0.0061	0.8669
MAPRE3	MYO9A	3	0.0128	0.8619
ACTB	IQCJ-SCHIP1;SCHIP1	3	0.0378	0.8432
KRT8	IQCJ-SCHIP1;SCHIP1	3	0.0534	0.8279
ACTB	GPR89A;GPR89B	3	0.0415	0.8393
CTNNA1	GPR89A;GPR89B	3	0.0065	0.8665
KRT8	GPR89A;GPR89B	3	0.0701	0.8126
LMNA	GPR89A;GPR89B	3	0.1741	0.7375
MAPRE3	GPR89A;GPR89B	3	0.0198	0.8572
ACTB	BSTAR	3	0.0518	0.8293
CTNNA1	BSTAR	3	0.0509	0.8302
KRT8	BSTAR	3	0.0641	0.8178
LMNA	BSTAR	3	0.0560	0.8253
MAPRE3	BSTAR	3	0.0276	0.8518
ACTB	MINI	3	0.2226	0.7044
CTNNA1	MINI	3	0.0304	0.8495
KRT8	MINI	3	0.2661	0.6699
LMNA	MINI	3	0.1859	0.7291
MAPRE3	MINI	3	0.1651	0.7434
ACTB	AIRID	3	0.2235	0.7037
CTNNA1	AIRID	3	0.0573	0.8240
KRT8	AIRID	3	0.1539	0.7511
LMNA	AIRID	3	0.2294	0.6995
MAPRE3	AIRID	3	0.1263	0.7699
ACTB	BASU	3	0.0724	0.8106
CTNNA1	BASU	3	0.0376	0.8434
KRT8	BASU	3	0.1153	0.7779
LMNA	BASU	3	0.0564	0.8249
MAPRE3	BASU	3	0.0331	0.8472
CTNNA1	egfp	3	0.0022	0.8710
KRT8	egfp	3	0.0586	0.8229
LMNA	egfp	3	0.0107	0.8633
MAPRE3	egfp	3	0.0032	0.8697
ACTB	LYZ	3	0.0446	0.8364
CTNNA1	LYZ	3	0.0511	0.8300
KRT8	LYZ	3	0.0351	0.8455
LMNA	LYZ	3	0.0390	0.8419
MAPRE3	LYZ	3	0.0250	0.8537
ACTB	TRYP	3	0.0461	0.8350
CTNNA1	TRYP	3	0.0725	0.8105
KRT8	TRYP	3	0.0482	0.8328
LMNA	TRYP	3	0.0547	0.8267
MAPRE3	TRYP	3	0.0464	0.8347
ACTB	C4	3	0.0546	0.8268
CTNNA1	C4	3	0.0169	0.8592
KRT8	C4	3	0.1045	0.7858
LMNA	C4	3	0.0496	0.8314
MAPRE3	C4	3	0.0163	0.8595
ACTB	HBA	3	0.2737	0.6630
CTNNA1	HBA	3	0.1256	0.7704
KRT8	HBA	3	0.2341	0.6957
LMNA	HBA	3	0.1469	0.7562
MAPRE3	HBA	3	0.2199	0.7064
ACTB	HBBF	3	0.1430	0.7590
CTNNA1	HBBF	3	0.1074	0.7836
KRT8	HBBF	3	0.1048	0.7856
LMNA	HBBF	3	0.1443	0.7581
MAPRE3	HBBF	3	0.1116	0.7806
ACTB	K8C1	3	0.1422	0.7595
CTNNA1	K8C1	3	0.0443	0.8367
KRT8	K8C1	3	0.1539	0.7511
LMNA	K8C1	3	0.0475	0.8337
ACTB	Krt10	3	0.2343	0.6955
CTNNA1	Krt10	3	0.1304	0.7673
KRT8	Krt10	3	0.1836	0.7304
LMNA	Krt10	3	0.1529	0.7519
MAPRE3	Krt10	3	0.0596	0.8220
ACTB	PFN1	3	0.0258	0.8531
KRT8	PFN1	3	0.0128	0.8619
ACTB	CSN1S1	3	0.1223	0.7727
CTNNA1	CSN1S1	3	0.0295	0.8502
KRT8	CSN1S1	3	0.0873	0.7987
LMNA	CSN1S1	3	0.1137	0.7790
MAPRE3	CSN1S1	3	0.0328	0.8475
ACTB	FGA	3	0.0056	0.8673
CTNNA1	FGA	3	0.0122	0.8623
KRT8	FGA	3	0.0554	0.8260
MAPRE3	FGA	3	0.0017	0.8717
ACTB	FGB	3	0.0703	0.8124
CTNNA1	FGB	3	0.0516	0.8295
KRT8	FGB	3	0.0960	0.7922
LMNA	FGB	3	0.1187	0.7752
MAPRE3	FGB	3	0.0672	0.8152
ACTB	ALB	3	0.2845	0.6521
CTNNA1	ALB	3	0.1180	0.7756
KRT8	ALB	3	0.2417	0.6899
LMNA	ALB	3	0.2071	0.7155
MAPRE3	ALB	3	0.2628	0.6725
ACTB	Krt18	3	0.1402	0.7608
CTNNA1	Krt18	3	0.0407	0.8401
KRT8	Krt18	3	0.8954	0.0279
LMNA	Krt18	3	0.0525	0.8287
MAPRE3	Krt18	3	0.0530	0.8283
ACTB	FN1	3	0.1876	0.7281
CTNNA1	FN1	3	0.0290	0.8507
KRT8	FN1	3	0.1496	0.7541
LMNA	FN1	3	0.0347	0.8460
MAPRE3	FN1	3	0.0162	0.8596
ACTB	AHSG	3	0.2303	0.6988
CTNNA1	AHSG	3	0.0616	0.8201
KRT8	AHSG	3	0.1900	0.7265
LMNA	AHSG	3	0.1043	0.7859
MAPRE3	AHSG	3	0.1052	0.7852
ACTB	FGG	3	0.0443	0.8367
CTNNA1	FGG	3	0.0163	0.8595
LMNA	FGG	3	0.0065	0.8665
MAPRE3	FGG	3	0.0026	0.8704
LMNA	K2M2	3	0.0318	0.8483
ACTB	APOA1	3	0.0504	0.8307
CTNNA1	APOA1	3	0.1046	0.7858
KRT8	APOA1	3	0.2193	0.7067
LMNA	APOA1	3	0.1427	0.7592
MAPRE3	APOA1	3	0.0583	0.8232
ACTB	STREPT	3	0.0558	0.8255
CTNNA1	STREPT	3	0.0634	0.8184
KRT8	STREPT	3	0.0649	0.8172
LMNA	STREPT	3	0.0452	0.8358
MAPRE3	STREPT	3	0.0588	0.8227
ACTB	K2M3	3	0.0000	0.8752
ACTB	SERPINA1	3	0.1389	0.7617
CTNNA1	SERPINA1	3	0.0560	0.8253
KRT8	SERPINA1	3	0.1166	0.7766
LMNA	SERPINA1	3	0.0887	0.7975
MAPRE3	SERPINA1	3	0.0763	0.8073
ACTB	ACTB;ACTB;ACTG1	3	0.7404	0.1110
CTNNA1	ACTB;ACTB;ACTG1	3	0.0576	0.8238
KRT8	ACTB;ACTB;ACTG1	3	0.0697	0.8130
LMNA	ACTB;ACTB;ACTG1	3	0.0599	0.8217
MAPRE3	ACTB;ACTB;ACTG1	3	0.0403	0.8405
ACTB	YWHAZ	3	0.0980	0.7906
CTNNA1	YWHAZ	3	0.0532	0.8281
KRT8	YWHAZ	3	0.0983	0.7904
LMNA	YWHAZ	3	0.0750	0.8085
MAPRE3	YWHAZ	3	0.0453	0.8357
ACTB	EEF1A1	3	0.0294	0.8503
CTNNA1	EEF1A1	3	0.0514	0.8297
KRT8	EEF1A1	3	0.0545	0.8269
LMNA	EEF1A1	3	0.0252	0.8535
MAPRE3	EEF1A1	3	0.0386	0.8424
ACTB	TUBA4A	3	0.1435	0.7586
CTNNA1	TUBA4A	3	0.0310	0.8490
KRT8	TUBA4A	3	0.1463	0.7567
LMNA	TUBA4A	3	0.1033	0.7868
MAPRE3	TUBA4A	3	0.0717	0.8113
ACTB	TUBB5;TUBB	3	0.1813	0.7320
CTNNA1	TUBB5;TUBB	3	0.0351	0.8455
KRT8	TUBB5;TUBB	3	0.2097	0.7137
LMNA	TUBB5;TUBB	3	0.1033	0.7868
MAPRE3	TUBB5;TUBB	3	0.0659	0.8162
ACTB	CAP1	3	0.4830	0.3302
CTNNA1	CAP1	3	0.0825	0.8024
KRT8	CAP1	3	0.1707	0.7396
LMNA	CAP1	3	0.0795	0.8049
MAPRE3	CAP1	3	0.0696	0.8131
CTNNA1	HPX	3	0.0425	0.8383
KRT8	HPX	3	0.0624	0.8194
LMNA	HPX	3	0.0659	0.8162
ACTB	VTN	3	0.2463	0.6864
CTNNA1	VTN	3	0.0451	0.8359
KRT8	VTN	3	0.1934	0.7243
LMNA	VTN	3	0.1234	0.7720
MAPRE3	VTN	3	0.1246	0.7711
ACTB	LDHB	3	0.0834	0.8018
CTNNA1	LDHB	3	0.0351	0.8455
KRT8	LDHB	3	0.0517	0.8294
LMNA	LDHB	3	0.0716	0.8114
MAPRE3	LDHB	3	0.0382	0.8428
ACTB	Krt72	3	0.1673	0.7418
CTNNA1	Krt72	3	0.0978	0.7907
KRT8	Krt72	3	0.2301	0.6990
LMNA	Krt72	3	0.1618	0.7456
MAPRE3	Krt72	3	0.0474	0.8337
ACTB	A2M	3	0.1275	0.7692
CTNNA1	A2M	3	0.0270	0.8522
KRT8	A2M	3	0.1542	0.7509
LMNA	A2M	3	0.0799	0.8046
MAPRE3	A2M	3	0.0321	0.8481
ACTB	ENO1	3	0.0989	0.7899
CTNNA1	ENO1	3	0.0398	0.8411
KRT8	ENO1	3	0.1246	0.7711
LMNA	ENO1	3	0.0501	0.8309
MAPRE3	ENO1	3	0.0476	0.8336
CTNNA1	ZNF587B;ZNF552	3	0.0240	0.8544
LMNA	ZNF587B;ZNF552	3	0.2519	0.6819
MAPRE3	ZNF587B;ZNF552	3	0.0327	0.8476
ACTB	NACA	3	0.2347	0.6952
CTNNA1	NACA	3	0.0471	0.8340
KRT8	NACA	3	0.2552	0.6789
LMNA	NACA	3	0.1242	0.7714
MAPRE3	NACA	3	0.0899	0.7967
ACTB	AGPS	3	0.1407	0.7604
CTNNA1	AGPS	3	0.0244	0.8541
KRT8	AGPS	3	0.2395	0.6917
LMNA	AGPS	3	0.0885	0.7977
MAPRE3	AGPS	3	0.0262	0.8528
ACTB	UBXN8	3	0.1039	0.7863
KRT8	UBXN8	3	0.1942	0.7238
LMNA	UBXN8	3	0.4552	0.3718
ACTB	KIF2A	3	0.2368	0.6935
CTNNA1	KIF2A	3	0.0712	0.8117
KRT8	KIF2A	3	0.2930	0.6436
LMNA	KIF2A	3	0.2194	0.7067
MAPRE3	KIF2A	3	0.2542	0.6800
ACTB	DDX39A	3	0.1383	0.7621
CTNNA1	DDX39A	3	0.0399	0.8409
KRT8	DDX39A	3	0.3417	0.5749
LMNA	DDX39A	3	0.2326	0.6972
MAPRE3	DDX39A	3	0.0503	0.8308
ACTB	PDLIM1	3	0.3515	0.5564
CTNNA1	PDLIM1	3	0.1187	0.7752
KRT8	PDLIM1	3	0.2717	0.6648
LMNA	PDLIM1	3	0.1391	0.7615
MAPRE3	PDLIM1	3	0.1599	0.7471
ACTB	ACOT7	3	0.1298	0.7678
CTNNA1	ACOT7	3	0.0302	0.8497
KRT8	ACOT7	3	0.2475	0.6854
LMNA	ACOT7	3	0.2854	0.6514
MAPRE3	ACOT7	3	0.0445	0.8365
ACTB	MYO1C	3	0.3183	0.6133
CTNNA1	MYO1C	3	0.0836	0.8016
KRT8	MYO1C	3	0.2850	0.6518
LMNA	MYO1C	3	0.1870	0.7286
MAPRE3	MYO1C	3	0.1240	0.7715
ACTB	MYO1F	3	0.3685	0.5226
CTNNA1	MYO1F	3	0.1376	0.7625
KRT8	MYO1F	3	0.3590	0.5439
LMNA	MYO1F	3	0.2320	0.6977
MAPRE3	MYO1F	3	0.2366	0.6938
ACTB	SNAP23	3	0.2278	0.7005
CTNNA1	SNAP23	3	0.1077	0.7833
KRT8	SNAP23	3	0.2257	0.7020
LMNA	SNAP23	3	0.0725	0.8105
MAPRE3	SNAP23	3	0.0631	0.8188
ACTB	AIP	3	0.1506	0.7535
CTNNA1	AIP	3	0.0422	0.8386
KRT8	AIP	3	0.1965	0.7223
LMNA	AIP	3	0.1405	0.7606
MAPRE3	AIP	3	0.0473	0.8338
ACTB	GTPBP1	3	0.2449	0.6875
CTNNA1	GTPBP1	3	0.1161	0.7771
KRT8	GTPBP1	3	0.2895	0.6472
LMNA	GTPBP1	3	0.1410	0.7603
MAPRE3	GTPBP1	3	0.1399	0.7611
ACTB	STXBP3	3	0.2269	0.7011
CTNNA1	STXBP3	3	0.0588	0.8227
KRT8	STXBP3	3	0.2180	0.7077
LMNA	STXBP3	3	0.1189	0.7750
MAPRE3	STXBP3	3	0.0850	0.8005
ACTB	AP4M1	3	0.2401	0.6912
CTNNA1	AP4M1	3	0.0659	0.8162
KRT8	AP4M1	3	0.3338	0.5879
LMNA	AP4M1	3	0.1770	0.7353
MAPRE3	AP4M1	3	0.1291	0.7683
ACTB	SMAP	3	0.1753	0.7366
CTNNA1	SMAP	3	0.0626	0.8192
KRT8	SMAP	3	0.1806	0.7326
LMNA	SMAP	3	0.3308	0.5947
MAPRE3	SMAP	3	0.1186	0.7753
ACTB	AP3B1	3	0.3298	0.5966
CTNNA1	AP3B1	3	0.1896	0.7268
KRT8	AP3B1	3	0.3169	0.6151
LMNA	AP3B1	3	0.1644	0.7438
MAPRE3	AP3B1	3	0.2715	0.6649
ACTB	APBB1	3	0.3281	0.5983
CTNNA1	APBB1	3	0.1560	0.7497
KRT8	APBB1	3	0.3725	0.5168
LMNA	APBB1	3	0.3601	0.5417
MAPRE3	APBB1	3	0.2286	0.7001
ACTB	LGALS8	3	0.1951	0.7231
CTNNA1	LGALS8	3	0.0349	0.8457
KRT8	LGALS8	3	0.2152	0.7098
LMNA	LGALS8	3	0.1254	0.7705
MAPRE3	LGALS8	3	0.0918	0.7953
ACTB	NDUFS8	3	0.1703	0.7398
CTNNA1	NDUFS8	3	0.0113	0.8630
KRT8	NDUFS8	3	0.2325	0.6973
LMNA	NDUFS8	3	0.1154	0.7778
MAPRE3	NDUFS8	3	0.0452	0.8358
ACTB	NFKBIE	3	0.0492	0.8318
CTNNA1	NFKBIE	3	0.0015	0.8720
KRT8	NFKBIE	3	0.0697	0.8130
MAPRE3	NFKBIE	3	0.0047	0.8681
ACTB	PSMD11	3	0.2001	0.7198
CTNNA1	PSMD11	3	0.0551	0.8263
KRT8	PSMD11	3	0.3268	0.6007
LMNA	PSMD11	3	0.1451	0.7575
MAPRE3	PSMD11	3	0.0664	0.8158
ACTB	PSMD12	3	0.1649	0.7435
CTNNA1	PSMD12	3	0.0368	0.8441
KRT8	PSMD12	3	0.2088	0.7143
LMNA	PSMD12	3	0.1234	0.7720
MAPRE3	PSMD12	3	0.0623	0.8195
ACTB	PSMD9	3	0.0660	0.8161
CTNNA1	PSMD9	3	0.0475	0.8337
KRT8	PSMD9	3	0.0758	0.8077
LMNA	PSMD9	3	0.0408	0.8400
MAPRE3	PSMD9	3	0.0348	0.8459
ACTB	ATOX1	3	0.0570	0.8242
CTNNA1	ATOX1	3	0.0568	0.8245
KRT8	ATOX1	3	0.0398	0.8411
LMNA	ATOX1	3	0.0803	0.8043
MAPRE3	ATOX1	3	0.0453	0.8357
ACTB	CBX4	3	0.0107	0.8633
CTNNA1	CBX4	3	0.0000	0.8752
KRT8	CBX4	3	0.0044	0.8684
LMNA	CBX4	3	0.0345	0.8461
MAPRE3	CBX4	3	0.0243	0.8542
ACTB	PGRMC1	3	0.3510	0.5572
CTNNA1	PGRMC1	3	0.1405	0.7606
KRT8	PGRMC1	3	0.3439	0.5705
LMNA	PGRMC1	3	0.3299	0.5962
MAPRE3	PGRMC1	3	0.2722	0.6642
ACTB	SUPT5H	3	0.2091	0.7141
CTNNA1	SUPT5H	3	0.0848	0.8007
KRT8	SUPT5H	3	0.2279	0.7005
LMNA	SUPT5H	3	0.3198	0.6105
MAPRE3	SUPT5H	3	0.1638	0.7441
ACTB	TAF4	3	0.1971	0.7218
CTNNA1	TAF4	3	0.0273	0.8520
KRT8	TAF4	3	0.1919	0.7254
LMNA	TAF4	3	0.2221	0.7048
MAPRE3	TAF4	3	0.1485	0.7549
ACTB	DFFA	3	0.0103	0.8636
CTNNA1	DFFA	3	0.1179	0.7756
KRT8	DFFA	3	0.0153	0.8602
LMNA	DFFA	3	0.0107	0.8633
MAPRE3	DFFA	3	0.0441	0.8369
ACTB	HIP1	3	0.0586	0.8229
KRT8	HIP1	3	0.0796	0.8048
MAPRE3	HIP1	3	0.0001	0.8748
ACTB	CLIC1	3	0.1134	0.7792
CTNNA1	CLIC1	3	0.0366	0.8443
KRT8	CLIC1	3	0.1330	0.7657
LMNA	CLIC1	3	0.0979	0.7907
MAPRE3	CLIC1	3	0.0375	0.8435
ACTB	EIF3F	3	0.2558	0.6783
CTNNA1	EIF3F	3	0.0627	0.8191
KRT8	EIF3F	3	0.2923	0.6444
LMNA	EIF3F	3	0.1507	0.7534
MAPRE3	EIF3F	3	0.1244	0.7712
ACTB	CACNB4	3	0.0319	0.8483
CTNNA1	CACNB4	3	0.0044	0.8684
LMNA	CACNB4	3	0.0057	0.8672
MAPRE3	CACNB4	3	0.0039	0.8690
ACTB	CDC7	3	0.0219	0.8558
KRT8	CDC7	3	0.2558	0.6783
LMNA	CDC7	3	0.2616	0.6735
MAPRE3	CDC7	3	0.2663	0.6697
ACTB	PDHX	3	0.1720	0.7388
KRT8	PDHX	3	0.3358	0.5847
LMNA	PDHX	3	0.1185	0.7753
ACTB	DCTN6	3	0.1222	0.7728
CTNNA1	DCTN6	3	0.0501	0.8309
KRT8	DCTN6	3	0.1344	0.7646
LMNA	DCTN6	3	0.0552	0.8262
MAPRE3	DCTN6	3	0.0908	0.7960
ACTB	SLC33A1	3	0.2186	0.7072
CTNNA1	SLC33A1	3	0.0916	0.7955
KRT8	SLC33A1	3	0.2473	0.6856
LMNA	SLC33A1	3	0.1903	0.7263
MAPRE3	SLC33A1	3	0.0976	0.7909
ACTB	WASL	3	0.3819	0.5008
CTNNA1	WASL	3	0.0506	0.8305
KRT8	WASL	3	0.1435	0.7586
LMNA	WASL	3	0.0605	0.8212
MAPRE3	WASL	3	0.0937	0.7940
ACTB	PDE2A	3	0.2494	0.6840
CTNNA1	PDE2A	3	0.1112	0.7808
KRT8	PDE2A	3	0.3348	0.5867
LMNA	PDE2A	3	0.1550	0.7503
MAPRE3	PDE2A	3	0.1833	0.7306
ACTB	IPO5	3	0.2444	0.6878
CTNNA1	IPO5	3	0.0484	0.8327
KRT8	IPO5	3	0.3208	0.6087
LMNA	IPO5	3	0.2033	0.7180
MAPRE3	IPO5	3	0.1079	0.7832
ACTB	POLRMT	3	0.2274	0.7008
CTNNA1	POLRMT	3	0.0456	0.8355
KRT8	POLRMT	3	0.3870	0.4895
LMNA	POLRMT	3	0.0952	0.7928
MAPRE3	POLRMT	3	0.0886	0.7976
ACTB	EEF2K	3	0.3091	0.6262
CTNNA1	EEF2K	3	0.0848	0.8007
KRT8	EEF2K	3	0.2810	0.6556
LMNA	EEF2K	3	0.1777	0.7347
MAPRE3	EEF2K	3	0.1967	0.7221
ACTB	SAP18	3	0.0630	0.8189
CTNNA1	SAP18	3	0.0197	0.8573
KRT8	SAP18	3	0.1295	0.7680
LMNA	SAP18	3	0.0115	0.8629
MAPRE3	SAP18	3	0.0203	0.8569
ACTB	IGF2BP3	3	0.1934	0.7243
CTNNA1	IGF2BP3	3	0.0912	0.7958
KRT8	IGF2BP3	3	0.2483	0.6848
LMNA	IGF2BP3	3	0.1479	0.7555
MAPRE3	IGF2BP3	3	0.1519	0.7526
ACTB	DNM1L	3	0.2562	0.6779
CTNNA1	DNM1L	3	0.0676	0.8148
KRT8	DNM1L	3	0.2440	0.6882
LMNA	DNM1L	3	0.1450	0.7576
MAPRE3	DNM1L	3	0.1366	0.7631
ACTB	RTCA	3	0.0928	0.7946
CTNNA1	RTCA	3	0.0290	0.8507
KRT8	RTCA	3	0.1764	0.7358
LMNA	RTCA	3	0.0688	0.8138
MAPRE3	RTCA	3	0.0606	0.8211
ACTB	PIK3C2A	3	0.2626	0.6728
CTNNA1	PIK3C2A	3	0.1158	0.7774
KRT8	PIK3C2A	3	0.3346	0.5868
LMNA	PIK3C2A	3	0.1046	0.7858
MAPRE3	PIK3C2A	3	0.2032	0.7180
ACTB	PLK4	3	0.1037	0.7864
CTNNA1	PLK4	3	0.0032	0.8697
KRT8	PLK4	3	0.1591	0.7476
LMNA	PLK4	3	0.0526	0.8286
MAPRE3	PLK4	3	0.0262	0.8528
ACTB	IFRD1	3	0.2743	0.6624
CTNNA1	IFRD1	3	0.0868	0.7991
KRT8	IFRD1	3	0.2840	0.6526
LMNA	IFRD1	3	0.1754	0.7365
MAPRE3	IFRD1	3	0.1800	0.7329
ACTB	PIK3R2	3	0.2184	0.7073
KRT8	PIK3R2	3	0.2413	0.6902
LMNA	PIK3R2	3	0.0402	0.8406
MAPRE3	PIK3R2	3	0.1880	0.7278
ACTB	TRAF5	3	0.0354	0.8453
CTNNA1	TRAF5	3	0.0017	0.8717
KRT8	TRAF5	3	0.0943	0.7935
LMNA	TRAF5	3	0.0126	0.8621
MAPRE3	TRAF5	3	0.0044	0.8684
ACTB	PLOD2	3	0.0746	0.8089
CTNNA1	PLOD2	3	0.0479	0.8332
KRT8	PLOD2	3	0.0805	0.8041
LMNA	PLOD2	3	0.0657	0.8164
MAPRE3	PLOD2	3	0.0354	0.8453
ACTB	EXOC5	3	0.2882	0.6485
CTNNA1	EXOC5	3	0.0760	0.8075
KRT8	EXOC5	3	0.3038	0.6319
LMNA	EXOC5	3	0.1739	0.7376
MAPRE3	EXOC5	3	0.1151	0.7781
ACTB	ELL2	3	0.0053	0.8676
KRT8	ELL2	3	0.0096	0.8640
LMNA	ELL2	3	0.0249	0.8538
MAPRE3	ELL2	3	0.0006	0.8736
ACTB	NDUFA4	3	0.2347	0.6952
CTNNA1	NDUFA4	3	0.0493	0.8317
KRT8	NDUFA4	3	0.2029	0.7182
LMNA	NDUFA4	3	0.1640	0.7440
MAPRE3	NDUFA4	3	0.0956	0.7925
ACTB	PSMD14	3	0.2319	0.6977
CTNNA1	PSMD14	3	0.0375	0.8435
KRT8	PSMD14	3	0.2398	0.6914
LMNA	PSMD14	3	0.2052	0.7167
MAPRE3	PSMD14	3	0.1674	0.7417
ACTB	BIN1	3	0.2636	0.6719
CTNNA1	BIN1	3	0.1162	0.7770
KRT8	BIN1	3	0.3063	0.6290
LMNA	BIN1	3	0.1432	0.7588
MAPRE3	BIN1	3	0.2206	0.7059
ACTB	KPNA3	3	0.2614	0.6737
CTNNA1	KPNA3	3	0.0775	0.8064
KRT8	KPNA3	3	0.2982	0.6380
LMNA	KPNA3	3	0.2380	0.6928
MAPRE3	KPNA3	3	0.1424	0.7594
ACTB	STK25	3	0.2889	0.6479
CTNNA1	STK25	3	0.0699	0.8128
KRT8	STK25	3	0.3057	0.6298
LMNA	STK25	3	0.1246	0.7711
MAPRE3	STK25	3	0.1616	0.7457
ACTB	BCL9	3	0.0003	0.8743
KRT8	BCL9	3	0.0038	0.8691
LMNA	BCL9	3	0.0401	0.8407
ACTB	KRIT1	3	0.0356	0.8451
CTNNA1	KRIT1	3	0.0014	0.8722
KRT8	KRIT1	3	0.0478	0.8333
LMNA	KRIT1	3	0.0173	0.8588
MAPRE3	KRIT1	3	0.0119	0.8625
ACTB	PES1	3	0.1876	0.7281
CTNNA1	PES1	3	0.0413	0.8395
KRT8	PES1	3	0.2353	0.6947
LMNA	PES1	3	0.2767	0.6607
MAPRE3	PES1	3	0.1491	0.7546
ACTB	SDCBP	3	0.2655	0.6702
CTNNA1	SDCBP	3	0.0685	0.8140
KRT8	SDCBP	3	0.2890	0.6478
LMNA	SDCBP	3	0.1975	0.7215
MAPRE3	SDCBP	3	0.0657	0.8164
ACTB	PITPNM1	3	0.0422	0.8386
CTNNA1	PITPNM1	3	0.0005	0.8738
KRT8	PITPNM1	3	0.0720	0.8111
LMNA	PITPNM1	3	0.0036	0.8693
MAPRE3	PITPNM1	3	0.0034	0.8695
ACTB	MPHOSPH10	3	0.2149	0.7100
CTNNA1	MPHOSPH10	3	0.0336	0.8468
KRT8	MPHOSPH10	3	0.2524	0.6814
LMNA	MPHOSPH10	3	0.2245	0.7029
MAPRE3	MPHOSPH10	3	0.0859	0.7998
ACTB	NOP56	3	0.1685	0.7410
CTNNA1	NOP56	3	0.0385	0.8425
KRT8	NOP56	3	0.1548	0.7505
LMNA	NOP56	3	0.1032	0.7868
MAPRE3	NOP56	3	0.0755	0.8080
ACTB	DDX3X	3	0.2661	0.6699
CTNNA1	DDX3X	3	0.0738	0.8095
KRT8	DDX3X	3	0.3329	0.5917
LMNA	DDX3X	3	0.1150	0.7781
MAPRE3	DDX3X	3	0.1932	0.7245
ACTB	PIR	3	0.2128	0.7114
CTNNA1	PIR	3	0.0824	0.8025
KRT8	PIR	3	0.2279	0.7005
LMNA	PIR	3	0.1666	0.7422
MAPRE3	PIR	3	0.1292	0.7682
ACTB	KPNA4	3	0.0925	0.7949
CTNNA1	KPNA4	3	0.0264	0.8526
KRT8	KPNA4	3	0.1325	0.7660
LMNA	KPNA4	3	0.3650	0.5321
MAPRE3	KPNA4	3	0.0730	0.8102
ACTB	NFIB	3	0.2214	0.7052
CTNNA1	NFIB	3	0.0763	0.8073
KRT8	NFIB	3	0.2570	0.6772
LMNA	NFIB	3	0.3329	0.5917
MAPRE3	NFIB	3	0.1106	0.7813
ACTB	E2F3	3	0.0185	0.8580
KRT8	E2F3	3	0.2262	0.7016
LMNA	E2F3	3	0.1772	0.7351
MAPRE3	E2F3	3	0.0472	0.8340
ACTB	PPP6C	3	0.2000	0.7199
CTNNA1	PPP6C	3	0.0298	0.8500
KRT8	PPP6C	3	0.2534	0.6807
LMNA	PPP6C	3	0.1744	0.7373
MAPRE3	PPP6C	3	0.0597	0.8219
ACTB	PIK3C2B	3	0.0612	0.8205
CTNNA1	PIK3C2B	3	0.0071	0.8660
KRT8	PIK3C2B	3	0.0948	0.7931
LMNA	PIK3C2B	3	0.0070	0.8661
MAPRE3	PIK3C2B	3	0.0127	0.8620
ACTB	UBE2C	3	0.1093	0.7822
CTNNA1	UBE2C	3	0.0005	0.8738
KRT8	UBE2C	3	0.1729	0.7382
LMNA	UBE2C	3	0.0650	0.8171
MAPRE3	UBE2C	3	0.0292	0.8505
ACTB	ACACB	3	0.0401	0.8407
CTNNA1	ACACB	3	0.0517	0.8294
KRT8	ACACB	3	0.0602	0.8215
LMNA	ACACB	3	0.0594	0.8222
MAPRE3	ACACB	3	0.0268	0.8523
ACTB	PDXK	3	0.0491	0.8319
KRT8	PDXK	3	0.0825	0.8024
MAPRE3	PDXK	3	0.0034	0.8695
ACTB	SCD	3	0.0863	0.7995
CTNNA1	SCD	3	0.0791	0.8052
KRT8	SCD	3	0.0619	0.8198
LMNA	SCD	3	0.6113	0.1908
MAPRE3	SCD	3	0.0626	0.8192
ACTB	ARID1A	3	0.2310	0.6983
CTNNA1	ARID1A	3	0.0104	0.8635
KRT8	ARID1A	3	0.1576	0.7486
LMNA	ARID1A	3	0.1773	0.7350
MAPRE3	ARID1A	3	0.0674	0.8150
ACTB	BHLHE40	3	0.0278	0.8516
CTNNA1	BHLHE40	3	0.0000	0.8752
KRT8	BHLHE40	3	0.0248	0.8539
LMNA	BHLHE40	3	0.0511	0.8300
MAPRE3	BHLHE40	3	0.0139	0.8612
ACTB	NCKAP5	3	0.2169	0.7084
CTNNA1	NCKAP5	3	0.0549	0.8265
KRT8	NCKAP5	3	0.2244	0.7030
LMNA	NCKAP5	3	0.0239	0.8545
MAPRE3	NCKAP5	3	0.1652	0.7433
ACTB	NEMP1	3	0.2039	0.7174
CTNNA1	NEMP1	3	0.0583	0.8232
KRT8	NEMP1	3	0.2607	0.6745
LMNA	NEMP1	3	0.1604	0.7467
MAPRE3	NEMP1	3	0.0791	0.8052
ACTB	CUX2	3	0.2268	0.7012
CTNNA1	CUX2	3	0.0339	0.8466
KRT8	CUX2	3	0.2420	0.6897
LMNA	CUX2	3	0.2931	0.6434
MAPRE3	CUX2	3	0.1233	0.7720
ACTB	TXNDC9	3	0.2798	0.6572
CTNNA1	TXNDC9	3	0.0612	0.8205
KRT8	TXNDC9	3	0.1523	0.7523
LMNA	TXNDC9	3	0.1960	0.7225
MAPRE3	TXNDC9	3	0.1216	0.7732
ACTB	DPYSL4	3	0.0894	0.7969
CTNNA1	DPYSL4	3	0.1450	0.7576
KRT8	DPYSL4	3	0.1385	0.7620
LMNA	DPYSL4	3	0.2642	0.6714
MAPRE3	DPYSL4	3	0.3329	0.5917
ACTB	UBFD1	3	0.0969	0.7915
CTNNA1	UBFD1	3	0.0276	0.8518
KRT8	UBFD1	3	0.1052	0.7852
LMNA	UBFD1	3	0.0522	0.8290
MAPRE3	UBFD1	3	0.0254	0.8534
ACTB	CIT	3	0.3202	0.6099
CTNNA1	CIT	3	0.1187	0.7752
KRT8	CIT	3	0.3172	0.6146
LMNA	CIT	3	0.2676	0.6684
MAPRE3	CIT	3	0.2675	0.6685
CTNNA1	EIF1AY;EIF1AX	3	0.0228	0.8553
KRT8	EIF1AY;EIF1AX	3	0.0865	0.7993
LMNA	EIF1AY;EIF1AX	3	0.0453	0.8357
ACTB	CDC42EP2	3	0.2280	0.7004
CTNNA1	CDC42EP2	3	0.0635	0.8183
KRT8	CDC42EP2	3	0.3154	0.6168
LMNA	CDC42EP2	3	0.1953	0.7230
MAPRE3	CDC42EP2	3	0.2444	0.6878
ACTB	AP3D1	3	0.3129	0.6210
CTNNA1	AP3D1	3	0.1299	0.7677
KRT8	AP3D1	3	0.3448	0.5685
LMNA	AP3D1	3	0.2764	0.6609
MAPRE3	AP3D1	3	0.2521	0.6817
ACTB	CCS	3	0.0621	0.8196
CTNNA1	CCS	3	0.0460	0.8351
KRT8	CCS	3	0.0317	0.8484
LMNA	CCS	3	0.0676	0.8148
MAPRE3	CCS	3	0.0282	0.8514
ACTB	ZNF195	3	0.1201	0.7742
KRT8	ZNF195	3	0.2345	0.6953
LMNA	ZNF195	3	0.3372	0.5827
MAPRE3	ZNF195	3	0.0824	0.8025
ACTB	ABLIM1	3	0.4574	0.3706
CTNNA1	ABLIM1	3	0.0966	0.7918
KRT8	ABLIM1	3	0.2355	0.6945
LMNA	ABLIM1	3	0.0873	0.7987
MAPRE3	ABLIM1	3	0.1104	0.7815
ACTB	DVL1	3	0.3253	0.6031
CTNNA1	DVL1	3	0.1636	0.7442
KRT8	DVL1	3	0.3894	0.4814
LMNA	DVL1	3	0.1792	0.7336
MAPRE3	DVL1	3	0.2512	0.6826
ACTB	DVL2	3	0.3474	0.5638
CTNNA1	DVL2	3	0.1705	0.7397
KRT8	DVL2	3	0.3923	0.4753
LMNA	DVL2	3	0.2191	0.7068
MAPRE3	DVL2	3	0.2936	0.6428
ACTB	CHD1	3	0.2600	0.6749
CTNNA1	CHD1	3	0.1244	0.7712
KRT8	CHD1	3	0.2719	0.6645
LMNA	CHD1	3	0.3522	0.5546
MAPRE3	CHD1	3	0.2341	0.6957
ACTB	CHD2	3	0.0182	0.8582
CTNNA1	CHD2	3	0.0001	0.8748
KRT8	CHD2	3	0.0489	0.8322
LMNA	CHD2	3	0.0225	0.8554
MAPRE3	CHD2	3	0.0052	0.8677
ACTB	GOSR2	3	0.0758	0.8077
CTNNA1	GOSR2	3	0.0378	0.8432
KRT8	GOSR2	3	0.1846	0.7299
LMNA	GOSR2	3	0.1424	0.7594
MAPRE3	GOSR2	3	0.0479	0.8332
ACTB	EI24	3	0.2702	0.6661
CTNNA1	EI24	3	0.0294	0.8503
KRT8	EI24	3	0.4466	0.3848
LMNA	EI24	3	0.6030	0.1979
MAPRE3	EI24	3	0.0943	0.7935
ACTB	KMT2D	3	0.0047	0.8681
KRT8	KMT2D	3	0.0065	0.8665
LMNA	KMT2D	3	0.0155	0.8600
MAPRE3	KMT2D	3	0.0002	0.8745
ACTB	RGPD8	3	0.0017	0.8717
KRT8	RGPD8	3	0.0167	0.8593
ACTB	RIOK3	3	0.2339	0.6960
CTNNA1	RIOK3	3	0.0212	0.8563
KRT8	RIOK3	3	0.1979	0.7211
LMNA	RIOK3	3	0.0544	0.8270
MAPRE3	RIOK3	3	0.0770	0.8067
ACTB	IMPA2	3	0.2062	0.7159
CTNNA1	IMPA2	3	0.0580	0.8234
KRT8	IMPA2	3	0.2745	0.6623
LMNA	IMPA2	3	0.1438	0.7584
MAPRE3	IMPA2	3	0.0609	0.8208
ACTB	ACOT8	3	0.1241	0.7714
CTNNA1	ACOT8	3	0.0288	0.8508
KRT8	ACOT8	3	0.3129	0.6210
LMNA	ACOT8	3	0.1169	0.7764
MAPRE3	ACOT8	3	0.0398	0.8411
ACTB	CDIPT	3	0.1747	0.7371
CTNNA1	CDIPT	3	0.0416	0.8392
KRT8	CDIPT	3	0.4425	0.3914
LMNA	CDIPT	3	0.1608	0.7463
MAPRE3	CDIPT	3	0.0963	0.7921
ACTB	PDCD5	3	0.0723	0.8108
CTNNA1	PDCD5	3	0.0013	0.8724
KRT8	PDCD5	3	0.0690	0.8136
LMNA	PDCD5	3	0.0310	0.8490
MAPRE3	PDCD5	3	0.0094	0.8642
ACTB	PRMT5	3	0.1768	0.7355
CTNNA1	PRMT5	3	0.0477	0.8334
KRT8	PRMT5	3	0.3742	0.5145
LMNA	PRMT5	3	0.1061	0.7846
MAPRE3	PRMT5	3	0.0635	0.8183
ACTB	NHERF1	3	0.2325	0.6973
CTNNA1	NHERF1	3	0.0419	0.8389
KRT8	NHERF1	3	0.1996	0.7201
LMNA	NHERF1	3	0.0634	0.8184
MAPRE3	NHERF1	3	0.1080	0.7831
ACTB	CHEK1	3	0.2421	0.6896
CTNNA1	CHEK1	3	0.0940	0.7937
KRT8	CHEK1	3	0.3098	0.6252
LMNA	CHEK1	3	0.2904	0.6463
MAPRE3	CHEK1	3	0.1332	0.7655
ACTB	TCERG1	3	0.2017	0.7189
CTNNA1	TCERG1	3	0.0305	0.8495
KRT8	TCERG1	3	0.1835	0.7305
LMNA	TCERG1	3	0.2649	0.6708
MAPRE3	TCERG1	3	0.1670	0.7420
ACTB	NDC80	3	0.3048	0.6306
CTNNA1	NDC80	3	0.1218	0.7730
KRT8	NDC80	3	0.4502	0.3791
LMNA	NDC80	3	0.2221	0.7048
MAPRE3	NDC80	3	0.2934	0.6430
ACTB	TNPO2	3	0.0566	0.8247
CTNNA1	TNPO2	3	0.0175	0.8587
KRT8	TNPO2	3	0.4030	0.4549
LMNA	TNPO2	3	0.0310	0.8490
MAPRE3	TNPO2	3	0.0236	0.8547
ACTB	MSTN	3	0.4310	0.4074
KRT8	MSTN	3	0.3505	0.5578
LMNA	MSTN	3	0.1773	0.7350
MAPRE3	MSTN	3	0.1390	0.7616
ACTB	UNC13B	3	0.0353	0.8454
CTNNA1	UNC13B	3	0.0010	0.8728
KRT8	UNC13B	3	0.0593	0.8223
LMNA	UNC13B	3	0.0072	0.8659
MAPRE3	UNC13B	3	0.0069	0.8662
ACTB	POLR3A	3	0.2332	0.6965
CTNNA1	POLR3A	3	0.0611	0.8206
KRT8	POLR3A	3	0.2844	0.6522
LMNA	POLR3A	3	0.0951	0.7929
MAPRE3	POLR3A	3	0.1901	0.7265
ACTB	PSMA7	3	0.1912	0.7257
CTNNA1	PSMA7	3	0.0188	0.8578
KRT8	PSMA7	3	0.2155	0.7095
LMNA	PSMA7	3	0.1282	0.7688
MAPRE3	PSMA7	3	0.0782	0.8058
ACTB	SCAMP3	3	0.2338	0.6961
CTNNA1	SCAMP3	3	0.0169	0.8592
KRT8	SCAMP3	3	0.2475	0.6854
LMNA	SCAMP3	3	0.1449	0.7577
MAPRE3	SCAMP3	3	0.0445	0.8365
ACTB	MGST3	3	0.1412	0.7602
CTNNA1	MGST3	3	0.0308	0.8492
KRT8	MGST3	3	0.1601	0.7469
LMNA	MGST3	3	0.1166	0.7766
MAPRE3	MGST3	3	0.0476	0.8336
ACTB	TAX1BP3	3	0.0540	0.8274
CTNNA1	TAX1BP3	3	0.0021	0.8711
KRT8	TAX1BP3	3	0.0788	0.8054
LMNA	TAX1BP3	3	0.0168	0.8593
MAPRE3	TAX1BP3	3	0.0084	0.8649
ACTB	GIPC1	3	0.2157	0.7094
CTNNA1	GIPC1	3	0.0647	0.8174
KRT8	GIPC1	3	0.2064	0.7158
LMNA	GIPC1	3	0.0984	0.7903
MAPRE3	GIPC1	3	0.0733	0.8099
ACTB	IKBKB	3	0.2927	0.6438
CTNNA1	IKBKB	3	0.1233	0.7720
KRT8	IKBKB	3	0.3617	0.5378
LMNA	IKBKB	3	0.2232	0.7039
MAPRE3	IKBKB	3	0.1785	0.7341
ACTB	TIMM23	3	0.1810	0.7323
CTNNA1	TIMM23	3	0.0208	0.8566
KRT8	TIMM23	3	0.2873	0.6494
LMNA	TIMM23	3	0.1822	0.7315
MAPRE3	TIMM23	3	0.1008	0.7886
ACTB	HAT1	3	0.1818	0.7316
CTNNA1	HAT1	3	0.0539	0.8274
KRT8	HAT1	3	0.2280	0.7004
LMNA	HAT1	3	0.3017	0.6343
MAPRE3	HAT1	3	0.1197	0.7745
ACTB	CASK	3	0.2490	0.6844
CTNNA1	CASK	3	0.1349	0.7643
KRT8	CASK	3	0.2250	0.7026
LMNA	CASK	3	0.1614	0.7459
MAPRE3	CASK	3	0.1641	0.7439
ACTB	PLD2	3	0.0425	0.8383
CTNNA1	PLD2	3	0.0015	0.8720
KRT8	PLD2	3	0.0968	0.7917
LMNA	PLD2	3	0.0046	0.8682
MAPRE3	PLD2	3	0.0055	0.8674
ACTB	MYL12B	3	0.1669	0.7421
CTNNA1	MYL12B	3	0.0371	0.8438
KRT8	MYL12B	3	0.1763	0.7358
LMNA	MYL12B	3	0.0883	0.7979
MAPRE3	MYL12B	3	0.0593	0.8223
ACTB	AURKA	3	0.1888	0.7273
CTNNA1	AURKA	3	0.0223	0.8556
KRT8	AURKA	3	0.2398	0.6914
LMNA	AURKA	3	0.1208	0.7737
MAPRE3	AURKA	3	0.1792	0.7336
ACTB	RAB29	3	0.0543	0.8271
CTNNA1	RAB29	3	0.0004	0.8740
KRT8	RAB29	3	0.0672	0.8152
LMNA	RAB29	3	0.1181	0.7755
MAPRE3	RAB29	3	0.0039	0.8690
ACTB	VPS26C	3	0.1995	0.7201
CTNNA1	VPS26C	3	0.0454	0.8356
KRT8	VPS26C	3	0.2460	0.6866
LMNA	VPS26C	3	0.1541	0.7510
MAPRE3	VPS26C	3	0.0543	0.8271
ACTB	PPP1R12A	3	0.3756	0.5127
CTNNA1	PPP1R12A	3	0.1599	0.7471
KRT8	PPP1R12A	3	0.2398	0.6914
LMNA	PPP1R12A	3	0.1263	0.7699
MAPRE3	PPP1R12A	3	0.2456	0.6870
ACTB	GAK	3	0.2946	0.6418
CTNNA1	GAK	3	0.0873	0.7987
KRT8	GAK	3	0.3551	0.5504
LMNA	GAK	3	0.1827	0.7311
MAPRE3	GAK	3	0.1982	0.7209
CTNNA1	AZIN1	3	0.1408	0.7603
MAPRE3	AZIN1	3	0.1048	0.7856
ACTB	HNRNPDL	3	0.1039	0.7863
CTNNA1	HNRNPDL	3	0.0450	0.8360
KRT8	HNRNPDL	3	0.0870	0.7990
LMNA	HNRNPDL	3	0.0971	0.7914
MAPRE3	HNRNPDL	3	0.0310	0.8490
ACTB	XPO1	3	0.2236	0.7036
CTNNA1	XPO1	3	0.0415	0.8393
KRT8	XPO1	3	0.2965	0.6398
LMNA	XPO1	3	0.1625	0.7451
MAPRE3	XPO1	3	0.0930	0.7945
ACTB	BTAF1	3	0.0119	0.8625
CTNNA1	BTAF1	3	0.0003	0.8743
KRT8	BTAF1	3	0.0178	0.8584
LMNA	BTAF1	3	0.0739	0.8095
MAPRE3	BTAF1	3	0.0023	0.8708
ACTB	ARHGEF10	3	0.2771	0.6602
CTNNA1	ARHGEF10	3	0.1075	0.7835
KRT8	ARHGEF10	3	0.3350	0.5864
LMNA	ARHGEF10	3	0.1412	0.7602
MAPRE3	ARHGEF10	3	0.1958	0.7226
ACTB	ZNF609	3	0.1930	0.7246
CTNNA1	ZNF609	3	0.0507	0.8304
KRT8	ZNF609	3	0.2132	0.7111
LMNA	ZNF609	3	0.2911	0.6457
MAPRE3	ZNF609	3	0.2101	0.7132
ACTB	PDZD2	3	0.0938	0.7939
CTNNA1	PDZD2	3	0.0114	0.8629
KRT8	PDZD2	3	0.0702	0.8125
LMNA	PDZD2	3	0.0081	0.8652
MAPRE3	PDZD2	3	0.0603	0.8214
ACTB	SPTBN2	3	0.2651	0.6706
CTNNA1	SPTBN2	3	0.0383	0.8427
KRT8	SPTBN2	3	0.1793	0.7334
LMNA	SPTBN2	3	0.0658	0.8163
MAPRE3	SPTBN2	3	0.0412	0.8396
ACTB	MAST4	3	0.0542	0.8272
CTNNA1	MAST4	3	0.0004	0.8740
KRT8	MAST4	3	0.0654	0.8168
LMNA	MAST4	3	0.0031	0.8699
MAPRE3	MAST4	3	0.0440	0.8370
ACTB	SEC16A	3	0.2396	0.6916
CTNNA1	SEC16A	3	0.0945	0.7934
KRT8	SEC16A	3	0.3422	0.5739
LMNA	SEC16A	3	0.1296	0.7680
MAPRE3	SEC16A	3	0.1726	0.7384
ACTB	PLXNB2	3	0.1869	0.7287
CTNNA1	PLXNB2	3	0.0390	0.8419
KRT8	PLXNB2	3	0.0433	0.8375
LMNA	PLXNB2	3	0.0908	0.7960
MAPRE3	PLXNB2	3	0.0430	0.8378
ACTB	TECPR2	3	0.2998	0.6363
CTNNA1	TECPR2	3	0.1076	0.7834
KRT8	TECPR2	3	0.3239	0.6051
LMNA	TECPR2	3	0.2702	0.6661
MAPRE3	TECPR2	3	0.2591	0.6756
ACTB	U2SURP	3	0.2252	0.7025
CTNNA1	U2SURP	3	0.0499	0.8312
KRT8	U2SURP	3	0.1983	0.7208
LMNA	U2SURP	3	0.2960	0.6404
MAPRE3	U2SURP	3	0.1715	0.7391
ACTB	SETD1A	3	0.1223	0.7727
CTNNA1	SETD1A	3	0.0050	0.8678
KRT8	SETD1A	3	0.1000	0.7892
LMNA	SETD1A	3	0.1747	0.7371
MAPRE3	SETD1A	3	0.0089	0.8645
ACTB	TRANK1	3	0.0292	0.8505
KRT8	TRANK1	3	0.0283	0.8513
MAPRE3	TRANK1	3	0.0042	0.8687
ACTB	SYNJ2	3	0.3722	0.5174
CTNNA1	SYNJ2	3	0.2102	0.7131
KRT8	SYNJ2	3	0.3723	0.5171
LMNA	SYNJ2	3	0.1620	0.7455
MAPRE3	SYNJ2	3	0.3269	0.6005
ACTB	SYNM	3	0.2418	0.6898
CTNNA1	SYNM	3	0.1153	0.7779
KRT8	SYNM	3	0.3835	0.4972
LMNA	SYNM	3	0.1247	0.7710
MAPRE3	SYNM	3	0.1649	0.7435
ACTB	GARRE1	3	0.0718	0.8112
KRT8	GARRE1	3	0.1607	0.7464
MAPRE3	GARRE1	3	0.0105	0.8634
ACTB	PFAS	3	0.0886	0.7976
CTNNA1	PFAS	3	0.0235	0.8548
KRT8	PFAS	3	0.1384	0.7621
LMNA	PFAS	3	0.0607	0.8210
MAPRE3	PFAS	3	0.0234	0.8549
ACTB	DCLK1	3	0.2046	0.7171
CTNNA1	DCLK1	3	0.0179	0.8584
KRT8	DCLK1	3	0.2397	0.6915
LMNA	DCLK1	3	0.0985	0.7903
MAPRE3	DCLK1	3	0.1810	0.7323
ACTB	CEP290	3	0.0394	0.8415
CTNNA1	CEP290	3	0.0091	0.8643
KRT8	CEP290	3	0.0944	0.7934
LMNA	CEP290	3	0.0023	0.8708
MAPRE3	CEP290	3	0.0444	0.8366
ACTB	ANKRD28	3	0.2794	0.6576
CTNNA1	ANKRD28	3	0.1136	0.7790
KRT8	ANKRD28	3	0.3225	0.6065
LMNA	ANKRD28	3	0.1537	0.7513
MAPRE3	ANKRD28	3	0.1846	0.7299
ACTB	ARHGEF11	3	0.2396	0.6916
CTNNA1	ARHGEF11	3	0.0242	0.8543
KRT8	ARHGEF11	3	0.1001	0.7891
LMNA	ARHGEF11	3	0.0238	0.8546
MAPRE3	ARHGEF11	3	0.0491	0.8319
ACTB	PRORP	3	0.1369	0.7629
CTNNA1	PRORP	3	0.0463	0.8348
KRT8	PRORP	3	0.7599	0.0927
LMNA	PRORP	3	0.1051	0.7853
MAPRE3	PRORP	3	0.0565	0.8248
ACTB	CHUK	3	0.0219	0.8558
CTNNA1	CHUK	3	0.0000	0.8752
KRT8	CHUK	3	0.0482	0.8328
LMNA	CHUK	3	0.0296	0.8502
MAPRE3	CHUK	3	0.0024	0.8706
ACTB	NPC1	3	0.2072	0.7154
CTNNA1	NPC1	3	0.0201	0.8570
KRT8	NPC1	3	0.1390	0.7616
LMNA	NPC1	3	0.1661	0.7426
ACTB	DEGS1	3	0.1712	0.7393
CTNNA1	DEGS1	3	0.0680	0.8144
KRT8	DEGS1	3	0.2283	0.7003
LMNA	DEGS1	3	0.1371	0.7628
MAPRE3	DEGS1	3	0.0506	0.8305
ACTB	SCAMP1	3	0.0246	0.8540
KRT8	SCAMP1	3	0.0358	0.8450
LMNA	SCAMP1	3	0.0310	0.8490
MAPRE3	SCAMP1	3	0.0071	0.8660
ACTB	KPNA5	3	0.1968	0.7220
CTNNA1	KPNA5	3	0.0540	0.8274
KRT8	KPNA5	3	0.2818	0.6549
LMNA	KPNA5	3	0.3131	0.6206
MAPRE3	KPNA5	3	0.1467	0.7563
ACTB	ARPC1B	3	0.2821	0.6545
CTNNA1	ARPC1B	3	0.0328	0.8475
KRT8	ARPC1B	3	0.2078	0.7149
LMNA	ARPC1B	3	0.0809	0.8038
MAPRE3	ARPC1B	3	0.0462	0.8349
ACTB	ARPC2	3	0.3288	0.5976
CTNNA1	ARPC2	3	0.0654	0.8168
KRT8	ARPC2	3	0.2543	0.6799
LMNA	ARPC2	3	0.1088	0.7825
MAPRE3	ARPC2	3	0.1400	0.7609
ACTB	ARPC3	3	0.2849	0.6519
CTNNA1	ARPC3	3	0.0505	0.8305
KRT8	ARPC3	3	0.2803	0.6565
LMNA	ARPC3	3	0.1077	0.7833
MAPRE3	ARPC3	3	0.0588	0.8227
ACTB	BET1	3	0.1136	0.7790
CTNNA1	BET1	3	0.0637	0.8181
KRT8	BET1	3	0.1035	0.7866
LMNA	BET1	3	0.4749	0.3446
MAPRE3	BET1	3	0.0378	0.8432
ACTB	POLR1C	3	0.1271	0.7695
CTNNA1	POLR1C	3	0.0347	0.8460
KRT8	POLR1C	3	0.1948	0.7234
LMNA	POLR1C	3	0.1012	0.7884
MAPRE3	POLR1C	3	0.0630	0.8189
ACTB	TRIM24	3	0.2163	0.7090
CTNNA1	TRIM24	3	0.0443	0.8367
KRT8	TRIM24	3	0.2494	0.6840
LMNA	TRIM24	3	0.3342	0.5871
MAPRE3	TRIM24	3	0.2250	0.7026
ACTB	AXIN1	3	0.0315	0.8486
CTNNA1	AXIN1	3	0.0071	0.8660
KRT8	AXIN1	3	0.0902	0.7964
MAPRE3	AXIN1	3	0.0117	0.8627
ACTB	PGRMC2	3	0.2627	0.6726
CTNNA1	PGRMC2	3	0.0678	0.8146
KRT8	PGRMC2	3	0.2530	0.6810
LMNA	PGRMC2	3	0.3213	0.6081
MAPRE3	PGRMC2	3	0.1402	0.7608
ACTB	RGL2	3	0.1320	0.7663
KRT8	RGL2	3	0.1187	0.7752
LMNA	RGL2	3	0.0271	0.8521
MAPRE3	RGL2	3	0.0143	0.8609
ACTB	PFDN6	3	0.2184	0.7073
CTNNA1	PFDN6	3	0.0118	0.8626
KRT8	PFDN6	3	0.2097	0.7137
MAPRE3	PFDN6	3	0.0060	0.8670
ACTB	WDR46	3	0.2289	0.6999
CTNNA1	WDR46	3	0.0560	0.8253
KRT8	WDR46	3	0.2546	0.6795
LMNA	WDR46	3	0.2118	0.7121
MAPRE3	WDR46	3	0.0937	0.7940
ACTB	NKRF	3	0.1945	0.7236
CTNNA1	NKRF	3	0.0372	0.8438
KRT8	NKRF	3	0.2881	0.6486
LMNA	NKRF	3	0.2196	0.7065
MAPRE3	NKRF	3	0.1306	0.7672
ACTB	GNPAT	3	0.0889	0.7974
CTNNA1	GNPAT	3	0.0023	0.8708
KRT8	GNPAT	3	0.1154	0.7778
LMNA	GNPAT	3	0.0230	0.8551
MAPRE3	GNPAT	3	0.0161	0.8596
ACTB	ZNF185	3	0.4258	0.4181
CTNNA1	ZNF185	3	0.1320	0.7663
KRT8	ZNF185	3	0.2105	0.7129
LMNA	ZNF185	3	0.1088	0.7825
MAPRE3	ZNF185	3	0.1481	0.7554
ACTB	RER1	3	0.0317	0.8484
KRT8	RER1	3	0.0685	0.8140
LMNA	RER1	3	0.0556	0.8258
MAPRE3	RER1	3	0.0041	0.8688
ACTB	SURF4	3	0.2599	0.6750
CTNNA1	SURF4	3	0.0786	0.8055
KRT8	SURF4	3	0.3507	0.5577
LMNA	SURF4	3	0.2978	0.6382
MAPRE3	SURF4	3	0.1888	0.7273
ACTB	SPTLC1	3	0.1664	0.7424
CTNNA1	SPTLC1	3	0.0529	0.8284
KRT8	SPTLC1	3	0.4057	0.4494
LMNA	SPTLC1	3	0.2148	0.7101
MAPRE3	SPTLC1	3	0.0894	0.7969
ACTB	SPTLC2	3	0.0615	0.8202
CTNNA1	SPTLC2	3	0.0093	0.8642
KRT8	SPTLC2	3	0.0708	0.8120
LMNA	SPTLC2	3	0.1551	0.7502
MAPRE3	SPTLC2	3	0.0253	0.8535
ACTB	FANCG	3	0.1302	0.7675
KRT8	FANCG	3	0.3144	0.6190
LMNA	FANCG	3	0.1185	0.7753
MAPRE3	FANCG	3	0.1231	0.7722
ACTB	OGT	3	0.2321	0.6976
CTNNA1	OGT	3	0.0350	0.8457
KRT8	OGT	3	0.2671	0.6689
LMNA	OGT	3	0.2292	0.6995
MAPRE3	OGT	3	0.1658	0.7428
ACTB	PMM2	3	0.1055	0.7850
CTNNA1	PMM2	3	0.0428	0.8380
KRT8	PMM2	3	0.0555	0.8259
LMNA	PMM2	3	0.0698	0.8129
MAPRE3	PMM2	3	0.0474	0.8337
ACTB	PPM1G	3	0.0905	0.7962
CTNNA1	PPM1G	3	0.0395	0.8413
KRT8	PPM1G	3	0.1425	0.7593
LMNA	PPM1G	3	0.2945	0.6420
MAPRE3	PPM1G	3	0.0543	0.8271
ACTB	INPPL1	3	0.2790	0.6580
CTNNA1	INPPL1	3	0.0931	0.7944
KRT8	INPPL1	3	0.3110	0.6236
LMNA	INPPL1	3	0.1297	0.7679
MAPRE3	INPPL1	3	0.1793	0.7334
ACTB	FANCA	3	0.0245	0.8541
KRT8	FANCA	3	0.0555	0.8259
LMNA	FANCA	3	0.0027	0.8703
MAPRE3	FANCA	3	0.0005	0.8738
ACTB	EIF3D	3	0.1560	0.7497
CTNNA1	EIF3D	3	0.0386	0.8424
KRT8	EIF3D	3	0.1862	0.7290
LMNA	EIF3D	3	0.1133	0.7793
MAPRE3	EIF3D	3	0.0654	0.8168
ACTB	EIF3H	3	0.2656	0.6702
CTNNA1	EIF3H	3	0.1102	0.7817
KRT8	EIF3H	3	0.3297	0.5968
LMNA	EIF3H	3	0.1841	0.7301
MAPRE3	EIF3H	3	0.1796	0.7332
ACTB	NVL	3	0.2503	0.6833
CTNNA1	NVL	3	0.1254	0.7705
KRT8	NVL	3	0.2695	0.6669
LMNA	NVL	3	0.3378	0.5814
MAPRE3	NVL	3	0.2561	0.6780
ACTB	IPO8	3	0.2741	0.6626
CTNNA1	IPO8	3	0.1039	0.7863
KRT8	IPO8	3	0.3816	0.5011
LMNA	IPO8	3	0.2528	0.6811
MAPRE3	IPO8	3	0.1942	0.7238
ACTB	STX7	3	0.0385	0.8425
CTNNA1	STX7	3	0.0001	0.8748
KRT8	STX7	3	0.0348	0.8459
LMNA	STX7	3	0.0106	0.8634
MAPRE3	STX7	3	0.0006	0.8736
ACTB	TNRC18	3	0.0011	0.8726
KRT8	TNRC18	3	0.0127	0.8620
LMNA	TNRC18	3	0.0254	0.8534
MAPRE3	TNRC18	3	0.0005	0.8738
ACTB	SLC16A3	3	0.1896	0.7268
CTNNA1	SLC16A3	3	0.0284	0.8512
KRT8	SLC16A3	3	0.2665	0.6695
LMNA	SLC16A3	3	0.1793	0.7334
MAPRE3	SLC16A3	3	0.0675	0.8149
ACTB	POLR1G	3	0.1667	0.7422
CTNNA1	POLR1G	3	0.1388	0.7618
KRT8	POLR1G	3	0.2300	0.6991
LMNA	POLR1G	3	0.1435	0.7586
MAPRE3	POLR1G	3	0.1794	0.7334
ACTB	P4HA2	3	0.1178	0.7757
CTNNA1	P4HA2	3	0.0431	0.8377
KRT8	P4HA2	3	0.1091	0.7824
LMNA	P4HA2	3	0.0845	0.8009
MAPRE3	P4HA2	3	0.0497	0.8313
ACTB	YKT6	3	0.2880	0.6488
CTNNA1	YKT6	3	0.1029	0.7872
KRT8	YKT6	3	0.3799	0.5038
LMNA	YKT6	3	0.1049	0.7855
MAPRE3	YKT6	3	0.3016	0.6345
ACTB	NUP42	3	0.2620	0.6732
CTNNA1	NUP42	3	0.0293	0.8504
KRT8	NUP42	3	0.2959	0.6406
LMNA	NUP42	3	0.1908	0.7260
MAPRE3	NUP42	3	0.1787	0.7340
ACTB	ARPC5	3	0.2558	0.6783
CTNNA1	ARPC5	3	0.0418	0.8390
KRT8	ARPC5	3	0.1879	0.7279
LMNA	ARPC5	3	0.1646	0.7437
MAPRE3	ARPC5	3	0.0897	0.7968
ACTB	TAPBP	3	0.1460	0.7569
CTNNA1	TAPBP	3	0.0130	0.8618
KRT8	TAPBP	3	0.1043	0.7859
LMNA	TAPBP	3	0.0589	0.8226
MAPRE3	TAPBP	3	0.0757	0.8078
ACTB	RNF113A	3	0.0296	0.8502
KRT8	RNF113A	3	0.0142	0.8610
LMNA	RNF113A	3	0.1391	0.7615
MAPRE3	RNF113A	3	0.0077	0.8655
ACTB	KDM6A	3	0.0150	0.8605
KRT8	KDM6A	3	0.0583	0.8232
LMNA	KDM6A	3	0.0208	0.8566
MAPRE3	KDM6A	3	0.0004	0.8740
ACTB	KCNN4	3	0.0221	0.8557
KRT8	KCNN4	3	0.0177	0.8585
LMNA	KCNN4	3	0.1172	0.7762
ACTB	DHX15	3	0.0630	0.8189
CTNNA1	DHX15	3	0.0329	0.8474
KRT8	DHX15	3	0.0480	0.8331
LMNA	DHX15	3	0.1579	0.7484
MAPRE3	DHX15	3	0.0386	0.8424
ACTB	RNMT	3	0.1068	0.7840
CTNNA1	RNMT	3	0.0174	0.8588
KRT8	RNMT	3	0.0793	0.8051
LMNA	RNMT	3	0.2295	0.6994
MAPRE3	RNMT	3	0.0507	0.8304
ACTB	ZZEF1	3	0.0164	0.8595
CTNNA1	ZZEF1	3	0.0011	0.8726
KRT8	ZZEF1	3	0.0285	0.8511
LMNA	ZZEF1	3	0.0122	0.8623
MAPRE3	ZZEF1	3	0.0019	0.8714
ACTB	ASAP2	3	0.0582	0.8233
CTNNA1	ASAP2	3	0.0022	0.8710
KRT8	ASAP2	3	0.0651	0.8170
LMNA	ASAP2	3	0.0007	0.8734
MAPRE3	ASAP2	3	0.0105	0.8634
ACTB	TTI1	3	0.2430	0.6889
CTNNA1	TTI1	3	0.0385	0.8425
KRT8	TTI1	3	0.2911	0.6457
LMNA	TTI1	3	0.1519	0.7526
MAPRE3	TTI1	3	0.1352	0.7641
ACTB	RRP8	3	0.1519	0.7526
CTNNA1	RRP8	3	0.0221	0.8557
KRT8	RRP8	3	0.2404	0.6909
LMNA	RRP8	3	0.1570	0.7489
MAPRE3	RRP8	3	0.0518	0.8293
ACTB	PJA2	3	0.0717	0.8113
CTNNA1	PJA2	3	0.0058	0.8671
KRT8	PJA2	3	0.1487	0.7548
LMNA	PJA2	3	0.0078	0.8654
MAPRE3	PJA2	3	0.0078	0.8654
ACTB	SIPA1L1	3	0.3302	0.5958
CTNNA1	SIPA1L1	3	0.0915	0.7956
KRT8	SIPA1L1	3	0.2558	0.6783
LMNA	SIPA1L1	3	0.0754	0.8081
MAPRE3	SIPA1L1	3	0.1202	0.7741
ACTB	CYB5B	3	0.2553	0.6788
CTNNA1	CYB5B	3	0.0873	0.7987
KRT8	CYB5B	3	0.2951	0.6412
LMNA	CYB5B	3	0.2441	0.6881
MAPRE3	CYB5B	3	0.1609	0.7462
ACTB	PRPF4	3	0.2521	0.6817
CTNNA1	PRPF4	3	0.0887	0.7975
KRT8	PRPF4	3	0.3119	0.6224
LMNA	PRPF4	3	0.2538	0.6803
MAPRE3	PRPF4	3	0.2061	0.7161
ACTB	PHGDH	3	0.1519	0.7526
CTNNA1	PHGDH	3	0.0466	0.8345
KRT8	PHGDH	3	0.1492	0.7544
LMNA	PHGDH	3	0.0723	0.8108
MAPRE3	PHGDH	3	0.0485	0.8325
ACTB	DYNC1LI2	3	0.3185	0.6128
CTNNA1	DYNC1LI2	3	0.1468	0.7562
KRT8	DYNC1LI2	3	0.3162	0.6157
LMNA	DYNC1LI2	3	0.1880	0.7278
MAPRE3	DYNC1LI2	3	0.2421	0.6896
ACTB	PSMD3	3	0.2598	0.6750
CTNNA1	PSMD3	3	0.0436	0.8372
KRT8	PSMD3	3	0.2782	0.6589
LMNA	PSMD3	3	0.2087	0.7143
MAPRE3	PSMD3	3	0.1247	0.7710
ACTB	PAPSS1	3	0.1654	0.7431
CTNNA1	PAPSS1	3	0.0296	0.8502
KRT8	PAPSS1	3	0.1715	0.7391
LMNA	PAPSS1	3	0.1971	0.7218
MAPRE3	PAPSS1	3	0.0647	0.8174
ACTB	ZW10	3	0.2250	0.7026
CTNNA1	ZW10	3	0.0607	0.8210
KRT8	ZW10	3	0.2900	0.6469
LMNA	ZW10	3	0.1167	0.7765
MAPRE3	ZW10	3	0.0657	0.8164
ACTB	SART1	3	0.2013	0.7192
CTNNA1	SART1	3	0.0426	0.8382
KRT8	SART1	3	0.1744	0.7373
LMNA	SART1	3	0.2740	0.6627
MAPRE3	SART1	3	0.1574	0.7487
ACTB	GPAA1	3	0.0550	0.8263
KRT8	GPAA1	3	0.1108	0.7812
LMNA	GPAA1	3	0.0497	0.8313
MAPRE3	GPAA1	3	0.0001	0.8748
ACTB	DAPK3	3	0.2440	0.6882
CTNNA1	DAPK3	3	0.0412	0.8396
KRT8	DAPK3	3	0.3171	0.6149
LMNA	DAPK3	3	0.0719	0.8111
MAPRE3	DAPK3	3	0.1128	0.7797
ACTB	TGFB1I1	3	0.3096	0.6255
CTNNA1	TGFB1I1	3	0.1431	0.7589
KRT8	TGFB1I1	3	0.3410	0.5761
LMNA	TGFB1I1	3	0.1723	0.7385
MAPRE3	TGFB1I1	3	0.1972	0.7217
LMNA	ZBTB43	3	0.1111	0.7809
ACTB	AP5Z1	3	0.0427	0.8381
KRT8	AP5Z1	3	0.0424	0.8383
LMNA	AP5Z1	3	0.0035	0.8694
ACTB	HSPA12A	3	0.0646	0.8175
CTNNA1	HSPA12A	3	0.0073	0.8658
LMNA	HSPA12A	3	0.0447	0.8363
ACTB	CCP110	3	0.0464	0.8347
CTNNA1	CCP110	3	0.0034	0.8695
KRT8	CCP110	3	0.0863	0.7995
LMNA	CCP110	3	0.0050	0.8678
MAPRE3	CCP110	3	0.0562	0.8252
ACTB	CTIF	3	0.0427	0.8381
CTNNA1	CTIF	3	0.0005	0.8738
KRT8	CTIF	3	0.0638	0.8181
LMNA	CTIF	3	0.0052	0.8677
MAPRE3	CTIF	3	0.0109	0.8632
ACTB	PPIP5K2	3	0.3244	0.6041
CTNNA1	PPIP5K2	3	0.1170	0.7763
KRT8	PPIP5K2	3	0.3354	0.5855
LMNA	PPIP5K2	3	0.2882	0.6485
MAPRE3	PPIP5K2	3	0.2754	0.6616
ACTB	MAP3K7	3	0.2258	0.7019
CTNNA1	MAP3K7	3	0.0525	0.8287
KRT8	MAP3K7	3	0.2788	0.6583
LMNA	MAP3K7	3	0.0911	0.7958
MAPRE3	MAP3K7	3	0.1322	0.7662
ACTB	EEF1E1	3	0.1126	0.7798
CTNNA1	EEF1E1	3	0.0572	0.8240
KRT8	EEF1E1	3	0.0968	0.7917
LMNA	EEF1E1	3	0.0811	0.8036
MAPRE3	EEF1E1	3	0.0437	0.8372
ACTB	RIPK2	3	0.0544	0.8270
KRT8	RIPK2	3	0.1484	0.7551
LMNA	RIPK2	3	0.0585	0.8229
MAPRE3	RIPK2	3	0.0237	0.8547
ACTB	WDR62	3	0.0680	0.8144
CTNNA1	WDR62	3	0.0159	0.8598
KRT8	WDR62	3	0.1798	0.7330
LMNA	WDR62	3	0.0183	0.8581
MAPRE3	WDR62	3	0.0285	0.8511
ACTB	HNRNPR	3	0.1906	0.7261
CTNNA1	HNRNPR	3	0.0351	0.8455
KRT8	HNRNPR	3	0.1531	0.7517
LMNA	HNRNPR	3	0.0712	0.8117
MAPRE3	HNRNPR	3	0.0473	0.8338
ACTB	PRPF3	3	0.2894	0.6473
CTNNA1	PRPF3	3	0.1123	0.7801
KRT8	PRPF3	3	0.2483	0.6848
LMNA	PRPF3	3	0.3518	0.5553
MAPRE3	PRPF3	3	0.2911	0.6457
ACTB	TXNL1	3	0.2586	0.6761
CTNNA1	TXNL1	3	0.0362	0.8446
KRT8	TXNL1	3	0.1910	0.7258
LMNA	TXNL1	3	0.1073	0.7837
MAPRE3	TXNL1	3	0.0762	0.8074
ACTB	TPD52L2	3	0.2997	0.6365
CTNNA1	TPD52L2	3	0.0815	0.8033
KRT8	TPD52L2	3	0.3039	0.6316
LMNA	TPD52L2	3	0.1810	0.7323
MAPRE3	TPD52L2	3	0.1738	0.7376
ACTB	EMC8	3	0.1573	0.7488
CTNNA1	EMC8	3	0.0549	0.8265
KRT8	EMC8	3	0.0851	0.8005
LMNA	EMC8	3	0.1492	0.7544
MAPRE3	EMC8	3	0.0240	0.8544
ACTB	ERI3	3	0.2530	0.6810
CTNNA1	ERI3	3	0.0669	0.8154
KRT8	ERI3	3	0.0477	0.8334
LMNA	ERI3	3	0.0864	0.7994
MAPRE3	ERI3	3	0.1295	0.7680
ACTB	SYNJ1	3	0.0540	0.8274
CTNNA1	SYNJ1	3	0.0026	0.8704
KRT8	SYNJ1	3	0.0921	0.7952
LMNA	SYNJ1	3	0.0099	0.8638
MAPRE3	SYNJ1	3	0.0027	0.8703
ACTB	EIF4G3	3	0.2708	0.6656
CTNNA1	EIF4G3	3	0.1162	0.7770
KRT8	EIF4G3	3	0.2636	0.6719
LMNA	EIF4G3	3	0.0804	0.8042
MAPRE3	EIF4G3	3	0.2340	0.6958
ACTB	PPIH	3	0.1033	0.7868
CTNNA1	PPIH	3	0.0369	0.8440
KRT8	PPIH	3	0.1113	0.7808
LMNA	PPIH	3	0.0794	0.8050
MAPRE3	PPIH	3	0.0447	0.8363
KRT8	KLF4	3	0.0435	0.8373
LMNA	KLF4	3	0.2218	0.7050
ACTB	OIP5	3	0.0553	0.8261
KRT8	OIP5	3	0.1633	0.7445
LMNA	OIP5	3	0.0551	0.8263
MAPRE3	OIP5	3	0.0158	0.8598
ACTB	AKR7A2	3	0.1278	0.7690
CTNNA1	AKR7A2	3	0.0524	0.8288
KRT8	AKR7A2	3	0.1581	0.7482
LMNA	AKR7A2	3	0.0946	0.7933
MAPRE3	AKR7A2	3	0.0477	0.8334
ACTB	EPB41L2	3	0.3483	0.5619
CTNNA1	EPB41L2	3	0.2538	0.6803
KRT8	EPB41L2	3	0.2884	0.6483
LMNA	EPB41L2	3	0.1283	0.7687
MAPRE3	EPB41L2	3	0.2110	0.7127
ACTB	RAD51C	3	0.0392	0.8417
KRT8	RAD51C	3	0.0642	0.8177
LMNA	RAD51C	3	0.1373	0.7627
MAPRE3	RAD51C	3	0.0091	0.8643
ACTB	LAMTOR5	3	0.0746	0.8089
CTNNA1	LAMTOR5	3	0.0598	0.8218
KRT8	LAMTOR5	3	0.1227	0.7724
LMNA	LAMTOR5	3	0.0737	0.8096
MAPRE3	LAMTOR5	3	0.0211	0.8564
ACTB	WIPF1	3	0.1329	0.7657
KRT8	WIPF1	3	0.0359	0.8449
LMNA	WIPF1	3	0.0220	0.8557
MAPRE3	WIPF1	3	0.0059	0.8671
ACTB	FOXO3	3	0.0253	0.8535
CTNNA1	FOXO3	3	0.0002	0.8745
KRT8	FOXO3	3	0.0534	0.8279
LMNA	FOXO3	3	0.0371	0.8438
MAPRE3	FOXO3	3	0.0039	0.8690
ACTB	AKAP10	3	0.0318	0.8483
CTNNA1	AKAP10	3	0.0001	0.8748
KRT8	AKAP10	3	0.0674	0.8150
LMNA	AKAP10	3	0.0049	0.8679
MAPRE3	AKAP10	3	0.0043	0.8685
ACTB	DENR	3	0.1031	0.7870
CTNNA1	DENR	3	0.0533	0.8280
KRT8	DENR	3	0.1156	0.7776
LMNA	DENR	3	0.0724	0.8106
MAPRE3	DENR	3	0.0178	0.8584
ACTB	XPOT	3	0.1513	0.7530
CTNNA1	XPOT	3	0.0379	0.8431
KRT8	XPOT	3	0.3529	0.5538
LMNA	XPOT	3	0.1345	0.7645
MAPRE3	XPOT	3	0.0528	0.8285
ACTB	DNPH1	3	0.0495	0.8316
KRT8	DNPH1	3	0.0693	0.8133
LMNA	DNPH1	3	0.0156	0.8600
ACTB	TIMM44	3	0.1154	0.7778
CTNNA1	TIMM44	3	0.0427	0.8381
KRT8	TIMM44	3	0.5721	0.2273
LMNA	TIMM44	3	0.2992	0.6371
MAPRE3	TIMM44	3	0.0508	0.8303
ACTB	PLRG1	3	0.0123	0.8623
KRT8	PLRG1	3	0.0440	0.8370
LMNA	PLRG1	3	0.0288	0.8508
MAPRE3	PLRG1	3	0.0001	0.8748
ACTB	PRC1	3	0.1769	0.7354
CTNNA1	PRC1	3	0.0389	0.8420
KRT8	PRC1	3	0.1985	0.7206
LMNA	PRC1	3	0.2297	0.6993
MAPRE3	PRC1	3	0.2462	0.6865
ACTB	ZNF207	3	0.0907	0.7961
CTNNA1	ZNF207	3	0.0233	0.8550
KRT8	ZNF207	3	0.0859	0.7998
LMNA	ZNF207	3	0.1588	0.7478
MAPRE3	ZNF207	3	0.0417	0.8391
ACTB	GET3	3	0.2068	0.7156
KRT8	GET3	3	0.2546	0.6795
LMNA	GET3	3	0.1688	0.7408
MAPRE3	GET3	3	0.0375	0.8435
ACTB	BUB1	3	0.2963	0.6400
CTNNA1	BUB1	3	0.0820	0.8028
KRT8	BUB1	3	0.3269	0.6005
LMNA	BUB1	3	0.2468	0.6860
MAPRE3	BUB1	3	0.2455	0.6871
ACTB	BUB3	3	0.0850	0.8005
CTNNA1	BUB3	3	0.0433	0.8375
KRT8	BUB3	3	0.1134	0.7792
LMNA	BUB3	3	0.0982	0.7905
MAPRE3	BUB3	3	0.0484	0.8327
ACTB	ACTN4	3	0.4978	0.3017
CTNNA1	ACTN4	3	0.0845	0.8009
KRT8	ACTN4	3	0.1934	0.7243
LMNA	ACTN4	3	0.1016	0.7881
MAPRE3	ACTN4	3	0.0971	0.7914
ACTB	HTATSF1	3	0.1755	0.7364
CTNNA1	HTATSF1	3	0.0387	0.8423
KRT8	HTATSF1	3	0.1383	0.7621
LMNA	HTATSF1	3	0.2677	0.6683
MAPRE3	HTATSF1	3	0.1063	0.7844
ACTB	KDELR3	3	0.0804	0.8042
KRT8	KDELR3	3	0.1144	0.7785
LMNA	KDELR3	3	0.0152	0.8603
MAPRE3	KDELR3	3	0.0212	0.8563
ACTB	CYTH3	3	0.0723	0.8108
KRT8	CYTH3	3	0.2073	0.7153
LMNA	CYTH3	3	0.0181	0.8582
MAPRE3	CYTH3	3	0.0025	0.8705
ACTB	AP1G1	3	0.1876	0.7281
CTNNA1	AP1G1	3	0.0384	0.8426
KRT8	AP1G1	3	0.2032	0.7180
LMNA	AP1G1	3	0.1044	0.7859
MAPRE3	AP1G1	3	0.0784	0.8056
ACTB	ENSA	3	0.0597	0.8219
CTNNA1	ENSA	3	0.0127	0.8620
KRT8	ENSA	3	0.0505	0.8305
LMNA	ENSA	3	0.0199	0.8571
MAPRE3	ENSA	3	0.0138	0.8613
ACTB	SLC25A20	3	0.0873	0.7987
CTNNA1	SLC25A20	3	0.0263	0.8527
KRT8	SLC25A20	3	0.2797	0.6573
LMNA	SLC25A20	3	0.6619	0.1587
MAPRE3	SLC25A20	3	0.0643	0.8177
ACTB	NARS1	3	0.2277	0.7006
CTNNA1	NARS1	3	0.0385	0.8425
KRT8	NARS1	3	0.2472	0.6856
LMNA	NARS1	3	0.1034	0.7867
MAPRE3	NARS1	3	0.0632	0.8186
LMNA	SPOP	3	0.0524	0.8288
ACTB	MYO1B	3	0.3451	0.5677
CTNNA1	MYO1B	3	0.1180	0.7756
KRT8	MYO1B	3	0.2901	0.6468
LMNA	MYO1B	3	0.1827	0.7311
MAPRE3	MYO1B	3	0.1459	0.7570
ACTB	SSNA1	3	0.0300	0.8498
KRT8	SSNA1	3	0.0537	0.8276
LMNA	SSNA1	3	0.0007	0.8734
ACTB	NUDT21	3	0.2329	0.6969
CTNNA1	NUDT21	3	0.0592	0.8224
KRT8	NUDT21	3	0.2675	0.6685
LMNA	NUDT21	3	0.3048	0.6306
MAPRE3	NUDT21	3	0.1357	0.7638
ACTB	LANCL1	3	0.0599	0.8217
CTNNA1	LANCL1	3	0.0491	0.8319
KRT8	LANCL1	3	0.0552	0.8262
LMNA	LANCL1	3	0.0566	0.8247
MAPRE3	LANCL1	3	0.0225	0.8554
ACTB	STRN	3	0.2976	0.6385
CTNNA1	STRN	3	0.1095	0.7821
KRT8	STRN	3	0.3004	0.6358
LMNA	STRN	3	0.1312	0.7668
MAPRE3	STRN	3	0.2031	0.7181
ACTB	AKAP8	3	0.1946	0.7236
CTNNA1	AKAP8	3	0.0432	0.8376
KRT8	AKAP8	3	0.2177	0.7079
LMNA	AKAP8	3	0.2726	0.6639
MAPRE3	AKAP8	3	0.1359	0.7636
ACTB	GTPBP6	3	0.1784	0.7342
CTNNA1	GTPBP6	3	0.0387	0.8423
KRT8	GTPBP6	3	0.4050	0.4500
LMNA	GTPBP6	3	0.1121	0.7803
MAPRE3	GTPBP6	3	0.1102	0.7817
ACTB	SLC37A4	3	0.0127	0.8620
KRT8	SLC37A4	3	0.0152	0.8603
LMNA	SLC37A4	3	0.0008	0.8732
ACTB	IDH3B	3	0.1087	0.7826
KRT8	IDH3B	3	0.1604	0.7467
LMNA	IDH3B	3	0.0831	0.8020
MAPRE3	IDH3B	3	0.0506	0.8305
ACTB	NRDC	3	0.0773	0.8065
CTNNA1	NRDC	3	0.0382	0.8428
KRT8	NRDC	3	0.1241	0.7714
LMNA	NRDC	3	0.0495	0.8316
MAPRE3	NRDC	3	0.0258	0.8531
ACTB	EDIL3	3	0.1117	0.7805
CTNNA1	EDIL3	3	0.0631	0.8188
KRT8	EDIL3	3	0.1101	0.7818
LMNA	EDIL3	3	0.0371	0.8438
MAPRE3	EDIL3	3	0.1433	0.7588
ACTB	AHCYL1	3	0.3069	0.6283
CTNNA1	AHCYL1	3	0.0934	0.7942
KRT8	AHCYL1	3	0.3241	0.6046
LMNA	AHCYL1	3	0.2267	0.7013
MAPRE3	AHCYL1	3	0.2249	0.7028
ACTB	KIF1C	3	0.3544	0.5514
CTNNA1	KIF1C	3	0.1751	0.7368
KRT8	KIF1C	3	0.3711	0.5185
LMNA	KIF1C	3	0.1659	0.7428
MAPRE3	KIF1C	3	0.3022	0.6336
ACTB	ORC5	3	0.1499	0.7539
CTNNA1	ORC5	3	0.0308	0.8492
KRT8	ORC5	3	0.1773	0.7350
LMNA	ORC5	3	0.2297	0.6993
MAPRE3	ORC5	3	0.1131	0.7794
ACTB	ORC4	3	0.1314	0.7667
CTNNA1	ORC4	3	0.0147	0.8607
KRT8	ORC4	3	0.1545	0.7507
LMNA	ORC4	3	0.1141	0.7788
MAPRE3	ORC4	3	0.0625	0.8193
ACTB	PEX1	3	0.0485	0.8325
CTNNA1	PEX1	3	0.0024	0.8706
KRT8	PEX1	3	0.0705	0.8122
LMNA	PEX1	3	0.0027	0.8703
MAPRE3	PEX1	3	0.0094	0.8642
ACTB	RAD21	3	0.1708	0.7395
CTNNA1	RAD21	3	0.0384	0.8426
KRT8	RAD21	3	0.2678	0.6682
LMNA	RAD21	3	0.1932	0.7245
MAPRE3	RAD21	3	0.0856	0.8001
ACTB	DHX16	3	0.1944	0.7237
CTNNA1	DHX16	3	0.1890	0.7271
KRT8	DHX16	3	0.2022	0.7187
LMNA	DHX16	3	0.2677	0.6683
MAPRE3	DHX16	3	0.1361	0.7635
ACTB	PPP1R12B	3	0.0868	0.7991
KRT8	PPP1R12B	3	0.0894	0.7969
LMNA	PPP1R12B	3	0.0015	0.8720
MAPRE3	PPP1R12B	3	0.0054	0.8675
ACTB	MED14	3	0.0404	0.8404
CTNNA1	MED14	3	0.0000	0.8752
KRT8	MED14	3	0.0411	0.8397
LMNA	MED14	3	0.0210	0.8565
MAPRE3	MED14	3	0.0018	0.8715
ACTB	PCDH7	3	0.0390	0.8419
CTNNA1	PCDH7	3	0.0084	0.8649
KRT8	PCDH7	3	0.0195	0.8574
LMNA	PCDH7	3	0.0004	0.8740
ACTB	PRPSAP2	3	0.1164	0.7768
CTNNA1	PRPSAP2	3	0.0065	0.8665
KRT8	PRPSAP2	3	0.1630	0.7447
LMNA	PRPSAP2	3	0.0569	0.8244
MAPRE3	PRPSAP2	3	0.0248	0.8539
ACTB	SMARCA5	3	0.2410	0.6905
CTNNA1	SMARCA5	3	0.0700	0.8127
KRT8	SMARCA5	3	0.2580	0.6765
LMNA	SMARCA5	3	0.3081	0.6272
MAPRE3	SMARCA5	3	0.1718	0.7389
ACTB	SPAG9	3	0.3111	0.6234
CTNNA1	SPAG9	3	0.1509	0.7534
KRT8	SPAG9	3	0.3190	0.6120
LMNA	SPAG9	3	0.1572	0.7488
MAPRE3	SPAG9	3	0.2378	0.6930
ACTB	URB1	3	0.2591	0.6756
CTNNA1	URB1	3	0.1731	0.7380
KRT8	URB1	3	0.3280	0.5985
LMNA	URB1	3	0.2990	0.6372
MAPRE3	URB1	3	0.2271	0.7010
ACTB	SIPA1L3	3	0.0851	0.8005
CTNNA1	SIPA1L3	3	0.0515	0.8296
KRT8	SIPA1L3	3	0.0983	0.7904
LMNA	SIPA1L3	3	0.0089	0.8645
MAPRE3	SIPA1L3	3	0.0460	0.8351
ACTB	ZFC3H1	3	0.2337	0.6962
CTNNA1	ZFC3H1	3	0.0491	0.8319
KRT8	ZFC3H1	3	0.2770	0.6603
LMNA	ZFC3H1	3	0.2432	0.6887
MAPRE3	ZFC3H1	3	0.2288	0.6999
ACTB	LCMT2	3	0.1407	0.7604
CTNNA1	LCMT2	3	0.0213	0.8562
KRT8	LCMT2	3	0.0914	0.7957
LMNA	LCMT2	3	0.0388	0.8422
MAPRE3	LCMT2	3	0.0279	0.8516
ACTB	TRAK2	3	0.0467	0.8344
CTNNA1	TRAK2	3	0.0015	0.8720
KRT8	TRAK2	3	0.1071	0.7838
LMNA	TRAK2	3	0.0096	0.8640
MAPRE3	TRAK2	3	0.0186	0.8579
ACTB	KATNIP	3	0.0526	0.8286
CTNNA1	KATNIP	3	0.0015	0.8720
KRT8	KATNIP	3	0.0638	0.8181
LMNA	KATNIP	3	0.0014	0.8722
MAPRE3	KATNIP	3	0.0311	0.8490
ACTB	AQR	3	0.2334	0.6964
CTNNA1	AQR	3	0.0578	0.8236
KRT8	AQR	3	0.2798	0.6572
LMNA	AQR	3	0.2710	0.6655
MAPRE3	AQR	3	0.1421	0.7596
ACTB	MAST3	3	0.0529	0.8284
KRT8	MAST3	3	0.1429	0.7590
LMNA	MAST3	3	0.0153	0.8602
MAPRE3	MAST3	3	0.0551	0.8263
ACTB	CEP104	3	0.1566	0.7493
CTNNA1	CEP104	3	0.0012	0.8725
KRT8	CEP104	3	0.1047	0.7857
LMNA	CEP104	3	0.0474	0.8337
MAPRE3	CEP104	3	0.1552	0.7501
ACTB	OPA1	3	0.1546	0.7507
CTNNA1	OPA1	3	0.0383	0.8427
KRT8	OPA1	3	0.2158	0.7093
LMNA	OPA1	3	0.1082	0.7830
MAPRE3	OPA1	3	0.0618	0.8200
ACTB	ZEB2	3	0.0647	0.8174
CTNNA1	ZEB2	3	0.0213	0.8562
KRT8	ZEB2	3	0.1259	0.7702
LMNA	ZEB2	3	0.2261	0.7017
MAPRE3	ZEB2	3	0.0595	0.8221
ACTB	MCM3AP	3	0.1482	0.7552
CTNNA1	MCM3AP	3	0.0265	0.8526
KRT8	MCM3AP	3	0.1734	0.7378
LMNA	MCM3AP	3	0.3265	0.6012
MAPRE3	MCM3AP	3	0.1108	0.7812
ACTB	KIF1B	3	0.2078	0.7149
CTNNA1	KIF1B	3	0.0314	0.8487
KRT8	KIF1B	3	0.2394	0.6919
LMNA	KIF1B	3	0.1033	0.7868
MAPRE3	KIF1B	3	0.2418	0.6898
ACTB	MAPKBP1	3	0.0844	0.8010
CTNNA1	MAPKBP1	3	0.0065	0.8665
KRT8	MAPKBP1	3	0.1756	0.7363
LMNA	MAPKBP1	3	0.0015	0.8720
MAPRE3	MAPKBP1	3	0.0574	0.8239
ACTB	KDM1A	3	0.1157	0.7775
CTNNA1	KDM1A	3	0.0424	0.8383
KRT8	KDM1A	3	0.4229	0.4254
LMNA	KDM1A	3	0.1420	0.7596
MAPRE3	KDM1A	3	0.0794	0.8050
ACTB	TBC1D4	3	0.2325	0.6973
CTNNA1	TBC1D4	3	0.0527	0.8285
KRT8	TBC1D4	3	0.2698	0.6665
LMNA	TBC1D4	3	0.0757	0.8078
MAPRE3	TBC1D4	3	0.1010	0.7885
ACTB	FADS1	3	0.2252	0.7025
CTNNA1	FADS1	3	0.0696	0.8131
KRT8	FADS1	3	0.2530	0.6810
LMNA	FADS1	3	0.2320	0.6977
MAPRE3	FADS1	3	0.0962	0.7921
ACTB	PPL	3	0.2844	0.6522
CTNNA1	PPL	3	0.1435	0.7586
KRT8	PPL	3	0.3404	0.5772
LMNA	PPL	3	0.1567	0.7492
MAPRE3	PPL	3	0.2033	0.7180
ACTB	GSDME	3	0.2870	0.6498
CTNNA1	GSDME	3	0.1013	0.7883
KRT8	GSDME	3	0.3217	0.6076
LMNA	GSDME	3	0.1823	0.7313
MAPRE3	GSDME	3	0.1766	0.7356
ACTB	EVI5	3	0.0641	0.8178
CTNNA1	EVI5	3	0.0279	0.8516
KRT8	EVI5	3	0.1039	0.7863
MAPRE3	EVI5	3	0.0022	0.8710
ACTB	ACSL4	3	0.1303	0.7674
CTNNA1	ACSL4	3	0.0419	0.8389
KRT8	ACSL4	3	0.1474	0.7559
LMNA	ACSL4	3	0.0656	0.8165
MAPRE3	ACSL4	3	0.0410	0.8398
ACTB	SNX3	3	0.2855	0.6514
CTNNA1	SNX3	3	0.0654	0.8168
KRT8	SNX3	3	0.2801	0.6569
LMNA	SNX3	3	0.2022	0.7187
MAPRE3	SNX3	3	0.1189	0.7750
ACTB	STX10	3	0.0384	0.8426
CTNNA1	STX10	3	0.0281	0.8514
KRT8	STX10	3	0.0639	0.8180
LMNA	STX10	3	0.0623	0.8195
MAPRE3	STX10	3	0.0533	0.8280
ACTB	OGA	3	0.2456	0.6870
CTNNA1	OGA	3	0.0653	0.8168
KRT8	OGA	3	0.3160	0.6160
LMNA	OGA	3	0.2120	0.7119
MAPRE3	OGA	3	0.1665	0.7423
ACTB	ADCY9	3	0.1252	0.7707
CTNNA1	ADCY9	3	0.1255	0.7705
KRT8	ADCY9	3	0.0223	0.8556
LMNA	ADCY9	3	0.0239	0.8545
MAPRE3	ADCY9	3	0.0404	0.8404
ACTB	SORBS3	3	0.3191	0.6119
CTNNA1	SORBS3	3	0.0771	0.8066
KRT8	SORBS3	3	0.2564	0.6778
LMNA	SORBS3	3	0.1425	0.7593
MAPRE3	SORBS3	3	0.1192	0.7748
ACTB	SYNCRIP	3	0.1167	0.7765
CTNNA1	SYNCRIP	3	0.0307	0.8493
KRT8	SYNCRIP	3	0.1058	0.7849
LMNA	SYNCRIP	3	0.1028	0.7873
MAPRE3	SYNCRIP	3	0.0678	0.8146
ACTB	CDC40	3	0.0724	0.8106
CTNNA1	CDC40	3	0.0240	0.8544
KRT8	CDC40	3	0.1037	0.7864
LMNA	CDC40	3	0.2237	0.7035
MAPRE3	CDC40	3	0.0468	0.8343
ACTB	RANBP6	3	0.0289	0.8507
CTNNA1	RANBP6	3	0.0185	0.8580
KRT8	RANBP6	3	0.0882	0.7980
LMNA	RANBP6	3	0.0669	0.8154
MAPRE3	RANBP6	3	0.0104	0.8635
ACTB	NEMF	3	0.1054	0.7851
CTNNA1	NEMF	3	0.0551	0.8263
KRT8	NEMF	3	0.1612	0.7460
LMNA	NEMF	3	0.1768	0.7355
MAPRE3	NEMF	3	0.0563	0.8250
ACTB	GMDS	3	0.0866	0.7993
CTNNA1	GMDS	3	0.0490	0.8320
KRT8	GMDS	3	0.1536	0.7513
LMNA	GMDS	3	0.0604	0.8213
ACTB	CCNT1	3	0.1643	0.7438
CTNNA1	CCNT1	3	0.0393	0.8416
KRT8	CCNT1	3	0.1725	0.7384
LMNA	CCNT1	3	0.2613	0.6738
MAPRE3	CCNT1	3	0.1823	0.7313
ACTB	BUB1B	3	0.3604	0.5411
CTNNA1	BUB1B	3	0.1573	0.7488
KRT8	BUB1B	3	0.3508	0.5575
LMNA	BUB1B	3	0.1669	0.7421
MAPRE3	BUB1B	3	0.2948	0.6415
ACTB	EIF4E2	3	0.0553	0.8261
CTNNA1	EIF4E2	3	0.0045	0.8683
KRT8	EIF4E2	3	0.0667	0.8156
LMNA	EIF4E2	3	0.0051	0.8678
MAPRE3	EIF4E2	3	0.0374	0.8436
ACTB	DIAPH1	3	0.3793	0.5055
CTNNA1	DIAPH1	3	0.1211	0.7735
KRT8	DIAPH1	3	0.3169	0.6151
LMNA	DIAPH1	3	0.1899	0.7266
MAPRE3	DIAPH1	3	0.2213	0.7054
ACTB	SELENOF	3	0.1307	0.7671
CTNNA1	SELENOF	3	0.0121	0.8624
KRT8	SELENOF	3	0.2167	0.7086
LMNA	SELENOF	3	0.0955	0.7926
MAPRE3	SELENOF	3	0.0294	0.8503
ACTB	EXOC3	3	0.0424	0.8383
CTNNA1	EXOC3	3	0.0006	0.8736
KRT8	EXOC3	3	0.0678	0.8146
LMNA	EXOC3	3	0.0041	0.8688
MAPRE3	EXOC3	3	0.0045	0.8683
ACTB	PDE8A	3	0.0411	0.8397
CTNNA1	PDE8A	3	0.0042	0.8687
KRT8	PDE8A	3	0.0656	0.8165
LMNA	PDE8A	3	0.0005	0.8738
MAPRE3	PDE8A	3	0.0026	0.8704
ACTB	PLIN3	3	0.3320	0.5931
CTNNA1	PLIN3	3	0.1237	0.7718
KRT8	PLIN3	3	0.3386	0.5804
LMNA	PLIN3	3	0.2562	0.6779
MAPRE3	PLIN3	3	0.2340	0.6958
ACTB	RAD1	3	0.1812	0.7321
CTNNA1	RAD1	3	0.1219	0.7729
KRT8	RAD1	3	0.0515	0.8296
LMNA	RAD1	3	0.0478	0.8333
MAPRE3	RAD1	3	0.0447	0.8363
ACTB	MAFK	3	0.1296	0.7680
CTNNA1	MAFK	3	0.2317	0.6978
KRT8	MAFK	3	0.1969	0.7220
LMNA	MAFK	3	0.0470	0.8341
MAPRE3	MAFK	3	0.2018	0.7188
ACTB	PRMT3	3	0.0900	0.7966
CTNNA1	PRMT3	3	0.0338	0.8466
KRT8	PRMT3	3	0.1714	0.7392
LMNA	PRMT3	3	0.0928	0.7946
MAPRE3	PRMT3	3	0.0298	0.8500
ACTB	KPNA6	3	0.1125	0.7799
CTNNA1	KPNA6	3	0.0369	0.8440
KRT8	KPNA6	3	0.2103	0.7131
LMNA	KPNA6	3	0.2173	0.7082
MAPRE3	KPNA6	3	0.0326	0.8477
ACTB	UGDH	3	0.1461	0.7569
CTNNA1	UGDH	3	0.0447	0.8363
KRT8	UGDH	3	0.1776	0.7348
LMNA	UGDH	3	0.0980	0.7906
MAPRE3	UGDH	3	0.0407	0.8401
ACTB	CTNND1	3	0.2791	0.6579
CTNNA1	CTNND1	3	0.4416	0.3924
KRT8	CTNND1	3	0.2967	0.6396
LMNA	CTNND1	3	0.1393	0.7614
MAPRE3	CTNND1	3	0.1579	0.7484
ACTB	ICMT	3	0.0544	0.8270
CTNNA1	ICMT	3	0.0041	0.8688
KRT8	ICMT	3	0.1913	0.7256
LMNA	ICMT	3	0.0615	0.8202
MAPRE3	ICMT	3	0.0012	0.8725
ACTB	EIF1B;EIF1	3	0.1800	0.7329
CTNNA1	EIF1B;EIF1	3	0.0347	0.8460
KRT8	EIF1B;EIF1	3	0.1454	0.7573
LMNA	EIF1B;EIF1	3	0.0808	0.8039
MAPRE3	EIF1B;EIF1	3	0.0219	0.8558
ACTB	SNX2	3	0.1733	0.7379
CTNNA1	SNX2	3	0.0311	0.8490
KRT8	SNX2	3	0.2043	0.7173
LMNA	SNX2	3	0.0280	0.8515
MAPRE3	SNX2	3	0.0510	0.8301
ACTB	USO1	3	0.2888	0.6481
CTNNA1	USO1	3	0.0779	0.8060
KRT8	USO1	3	0.3134	0.6202
LMNA	USO1	3	0.2018	0.7188
MAPRE3	USO1	3	0.1937	0.7241
ACTB	TOM1	3	0.1365	0.7632
CTNNA1	TOM1	3	0.0358	0.8450
KRT8	TOM1	3	0.1584	0.7480
LMNA	TOM1	3	0.0221	0.8557
MAPRE3	TOM1	3	0.0196	0.8574
ACTB	H2BC12;H2BC12L;H2BC5;H2BC4;H2BC18;H2BC9;H2BC15;H2BC14;H2BC13	3	0.1589	0.7477
CTNNA1	H2BC12;H2BC12L;H2BC5;H2BC4;H2BC18;H2BC9;H2BC15;H2BC14;H2BC13	3	0.0329	0.8474
KRT8	H2BC12;H2BC12L;H2BC5;H2BC4;H2BC18;H2BC9;H2BC15;H2BC14;H2BC13	3	0.1388	0.7618
LMNA	H2BC12;H2BC12L;H2BC5;H2BC4;H2BC18;H2BC9;H2BC15;H2BC14;H2BC13	3	0.2594	0.6754
MAPRE3	H2BC12;H2BC12L;H2BC5;H2BC4;H2BC18;H2BC9;H2BC15;H2BC14;H2BC13	3	0.0408	0.8400
ACTB	PFKFB2	3	0.0475	0.8337
CTNNA1	PFKFB2	3	0.0056	0.8673
KRT8	PFKFB2	3	0.0606	0.8211
LMNA	PFKFB2	3	0.0000	0.8752
MAPRE3	PFKFB2	3	0.0131	0.8617
ACTB	CCDC22	3	0.0782	0.8058
CTNNA1	CCDC22	3	0.0061	0.8669
KRT8	CCDC22	3	0.1183	0.7754
LMNA	CCDC22	3	0.0133	0.8616
MAPRE3	CCDC22	3	0.0294	0.8503
ACTB	PQBP1	3	0.1948	0.7234
CTNNA1	PQBP1	3	0.0137	0.8614
KRT8	PQBP1	3	0.2251	0.7025
LMNA	PQBP1	3	0.3200	0.6103
MAPRE3	PQBP1	3	0.1353	0.7640
ACTB	PRAF2	3	0.2212	0.7054
CTNNA1	PRAF2	3	0.0413	0.8395
KRT8	PRAF2	3	0.3223	0.6066
LMNA	PRAF2	3	0.2325	0.6973
MAPRE3	PRAF2	3	0.1017	0.7880
ACTB	DKC1	3	0.1565	0.7494
CTNNA1	DKC1	3	0.0301	0.8498
KRT8	DKC1	3	0.1206	0.7739
LMNA	DKC1	3	0.1511	0.7532
MAPRE3	DKC1	3	0.0750	0.8085
ACTB	EIF5B	3	0.2324	0.6973
CTNNA1	EIF5B	3	0.0550	0.8263
KRT8	EIF5B	3	0.2235	0.7037
LMNA	EIF5B	3	0.0981	0.7905
MAPRE3	EIF5B	3	0.1325	0.7660
ACTB	EDF1	3	0.3510	0.5572
CTNNA1	EDF1	3	0.0999	0.7892
KRT8	EDF1	3	0.2652	0.6705
LMNA	EDF1	3	0.4427	0.3892
MAPRE3	EDF1	3	0.2501	0.6835
ACTB	KIN	3	0.1153	0.7779
CTNNA1	KIN	3	0.0510	0.8301
KRT8	KIN	3	0.1872	0.7284
LMNA	KIN	3	0.1645	0.7437
MAPRE3	KIN	3	0.0956	0.7925
ACTB	DIAPH2	3	0.3454	0.5669
CTNNA1	DIAPH2	3	0.1402	0.7608
KRT8	DIAPH2	3	0.3189	0.6122
LMNA	DIAPH2	3	0.1619	0.7455
MAPRE3	DIAPH2	3	0.2403	0.6910
ACTB	BRD4	3	0.2136	0.7108
CTNNA1	BRD4	3	0.0366	0.8443
KRT8	BRD4	3	0.1972	0.7217
LMNA	BRD4	3	0.2790	0.6580
MAPRE3	BRD4	3	0.1299	0.7677
ACTB	CUTA	3	0.2139	0.7107
CTNNA1	CUTA	3	0.0480	0.8331
KRT8	CUTA	3	0.1903	0.7263
LMNA	CUTA	3	0.1133	0.7793
MAPRE3	CUTA	3	0.0322	0.8480
ACTB	OPHN1	3	0.1765	0.7357
KRT8	OPHN1	3	0.0654	0.8168
LMNA	OPHN1	3	0.0044	0.8684
MAPRE3	OPHN1	3	0.0256	0.8532
ACTB	NBN	3	0.2131	0.7112
CTNNA1	NBN	3	0.0377	0.8433
KRT8	NBN	3	0.2317	0.6978
LMNA	NBN	3	0.3013	0.6348
MAPRE3	NBN	3	0.1274	0.7693
ACTB	RNGTT	3	0.0488	0.8323
CTNNA1	RNGTT	3	0.0268	0.8523
KRT8	RNGTT	3	0.1071	0.7838
LMNA	RNGTT	3	0.0949	0.7930
MAPRE3	RNGTT	3	0.0123	0.8623
ACTB	ABCB7	3	0.0891	0.7972
CTNNA1	ABCB7	3	0.0547	0.8267
KRT8	ABCB7	3	0.2529	0.6811
LMNA	ABCB7	3	0.3370	0.5830
MAPRE3	ABCB7	3	0.0382	0.8428
ACTB	SRGAP2	3	0.3437	0.5708
CTNNA1	SRGAP2	3	0.1248	0.7710
KRT8	SRGAP2	3	0.3488	0.5611
LMNA	SRGAP2	3	0.1528	0.7520
MAPRE3	SRGAP2	3	0.1727	0.7383
ACTB	IGSF3	3	0.0776	0.8063
CTNNA1	IGSF3	3	0.0303	0.8496
KRT8	IGSF3	3	0.0304	0.8495
LMNA	IGSF3	3	0.0066	0.8664
ACTB	ADAM23	3	0.2229	0.7042
CTNNA1	ADAM23	3	0.2128	0.7114
KRT8	ADAM23	3	0.1872	0.7284
LMNA	ADAM23	3	0.1071	0.7838
MAPRE3	ADAM23	3	0.0279	0.8516
ACTB	WDR1	3	0.2418	0.6898
CTNNA1	WDR1	3	0.0299	0.8499
KRT8	WDR1	3	0.2215	0.7051
LMNA	WDR1	3	0.0625	0.8193
MAPRE3	WDR1	3	0.0341	0.8464
ACTB	ATP9A	3	0.0440	0.8370
CTNNA1	ATP9A	3	0.0126	0.8621
KRT8	ATP9A	3	0.1038	0.7864
LMNA	ATP9A	3	0.0422	0.8386
MAPRE3	ATP9A	3	0.0043	0.8685
ACTB	N4BP1	3	0.0468	0.8343
CTNNA1	N4BP1	3	0.0022	0.8710
KRT8	N4BP1	3	0.0675	0.8149
LMNA	N4BP1	3	0.0237	0.8547
MAPRE3	N4BP1	3	0.0066	0.8664
ACTB	ROCK2	3	0.2888	0.6481
CTNNA1	ROCK2	3	0.0972	0.7913
KRT8	ROCK2	3	0.2966	0.6397
LMNA	ROCK2	3	0.0955	0.7926
MAPRE3	ROCK2	3	0.1809	0.7324
ACTB	CLASP2	3	0.2417	0.6899
CTNNA1	CLASP2	3	0.1180	0.7756
KRT8	CLASP2	3	0.2791	0.6579
LMNA	CLASP2	3	0.1126	0.7798
MAPRE3	CLASP2	3	0.3710	0.5191
LMNA	ZNF623	3	0.6636	0.1548
ACTB	PTCD1	3	0.1246	0.7711
CTNNA1	PTCD1	3	0.0760	0.8075
KRT8	PTCD1	3	0.4355	0.3997
LMNA	PTCD1	3	0.1467	0.7563
MAPRE3	PTCD1	3	0.0478	0.8333
ACTB	COBL	3	0.3849	0.4919
CTNNA1	COBL	3	0.1336	0.7652
KRT8	COBL	3	0.2084	0.7145
LMNA	COBL	3	0.0948	0.7931
MAPRE3	COBL	3	0.1998	0.7200
ACTB	CPNE3	3	0.1050	0.7854
CTNNA1	CPNE3	3	0.0280	0.8515
KRT8	CPNE3	3	0.1460	0.7569
LMNA	CPNE3	3	0.0736	0.8097
MAPRE3	CPNE3	3	0.0685	0.8140
ACTB	ZBED4	3	0.1415	0.7600
CTNNA1	ZBED4	3	0.0498	0.8313
KRT8	ZBED4	3	0.2059	0.7162
LMNA	ZBED4	3	0.3063	0.6290
MAPRE3	ZBED4	3	0.1436	0.7585
ACTB	DEPDC5	3	0.0355	0.8452
KRT8	DEPDC5	3	0.0087	0.8647
MAPRE3	DEPDC5	3	0.0024	0.8706
ACTB	ATG13	3	0.0637	0.8181
CTNNA1	ATG13	3	0.0076	0.8656
KRT8	ATG13	3	0.1323	0.7661
LMNA	ATG13	3	0.0404	0.8404
MAPRE3	ATG13	3	0.0073	0.8658
ACTB	HIP1R	3	0.2042	0.7173
CTNNA1	HIP1R	3	0.0439	0.8371
KRT8	HIP1R	3	0.3334	0.5887
LMNA	HIP1R	3	0.2207	0.7058
MAPRE3	HIP1R	3	0.1127	0.7798
ACTB	OBSL1	3	0.2983	0.6379
CTNNA1	OBSL1	3	0.0758	0.8077
KRT8	OBSL1	3	0.3579	0.5452
LMNA	OBSL1	3	0.2154	0.7097
MAPRE3	OBSL1	3	0.1661	0.7426
ACTB	RNF40	3	0.2754	0.6616
CTNNA1	RNF40	3	0.2598	0.6750
KRT8	RNF40	3	0.3295	0.5970
LMNA	RNF40	3	0.3662	0.5280
MAPRE3	RNF40	3	0.2243	0.7031
ACTB	PHF2	3	0.0555	0.8259
KRT8	PHF2	3	0.1404	0.7606
LMNA	PHF2	3	0.1300	0.7676
MAPRE3	PHF2	3	0.0328	0.8475
ACTB	ZC3H11A	3	0.2035	0.7178
CTNNA1	ZC3H11A	3	0.0338	0.8466
KRT8	ZC3H11A	3	0.1884	0.7276
LMNA	ZC3H11A	3	0.2714	0.6651
MAPRE3	ZC3H11A	3	0.1984	0.7207
ACTB	CLUH	3	0.1781	0.7344
CTNNA1	CLUH	3	0.0390	0.8419
KRT8	CLUH	3	0.3143	0.6190
LMNA	CLUH	3	0.0816	0.8032
MAPRE3	CLUH	3	0.0848	0.8007
ACTB	NPHP4	3	0.0380	0.8430
CTNNA1	NPHP4	3	0.0003	0.8743
KRT8	NPHP4	3	0.0884	0.7978
LMNA	NPHP4	3	0.0010	0.8728
MAPRE3	NPHP4	3	0.0119	0.8625
ACTB	KDM4A	3	0.0375	0.8435
KRT8	KDM4A	3	0.0085	0.8648
LMNA	KDM4A	3	0.0792	0.8052
MAPRE3	KDM4A	3	0.0005	0.8738
ACTB	DNAJC13	3	0.3491	0.5605
CTNNA1	DNAJC13	3	0.1514	0.7530
KRT8	DNAJC13	3	0.3173	0.6145
LMNA	DNAJC13	3	0.1920	0.7253
MAPRE3	DNAJC13	3	0.2444	0.6878
ACTB	PHACTR2	3	0.1363	0.7633
CTNNA1	PHACTR2	3	0.0083	0.8650
KRT8	PHACTR2	3	0.0388	0.8422
MAPRE3	PHACTR2	3	0.0107	0.8633
ACTB	PPP6R2	3	0.2585	0.6762
CTNNA1	PPP6R2	3	0.1092	0.7823
KRT8	PPP6R2	3	0.3276	0.5993
LMNA	PPP6R2	3	0.1487	0.7548
MAPRE3	PPP6R2	3	0.1464	0.7566
ACTB	CNOT3	3	0.2773	0.6600
CTNNA1	CNOT3	3	0.0960	0.7922
KRT8	CNOT3	3	0.2994	0.6369
LMNA	CNOT3	3	0.1408	0.7603
MAPRE3	CNOT3	3	0.2035	0.7178
ACTB	ANKRD17	3	0.3694	0.5207
CTNNA1	ANKRD17	3	0.1847	0.7298
KRT8	ANKRD17	3	0.3995	0.4630
LMNA	ANKRD17	3	0.2350	0.6950
MAPRE3	ANKRD17	3	0.3160	0.6160
LMNA	SIN3B	3	0.0167	0.8593
ACTB	DNAJB6	3	0.0171	0.8590
KRT8	DNAJB6	3	0.0646	0.8175
LMNA	DNAJB6	3	0.0585	0.8229
MAPRE3	DNAJB6	3	0.0067	0.8663
ACTB	LRP5	3	0.0603	0.8214
CTNNA1	LRP5	3	0.0056	0.8673
KRT8	LRP5	3	0.0513	0.8297
LMNA	LRP5	3	0.0658	0.8163
MAPRE3	LRP5	3	0.0021	0.8711
ACTB	GGCT	3	0.0596	0.8220
CTNNA1	GGCT	3	0.0482	0.8328
KRT8	GGCT	3	0.0610	0.8207
LMNA	GGCT	3	0.0594	0.8222
MAPRE3	GGCT	3	0.0190	0.8577
ACTB	NDUFS7	3	0.1558	0.7498
CTNNA1	NDUFS7	3	0.0087	0.8647
KRT8	NDUFS7	3	0.2310	0.6983
LMNA	NDUFS7	3	0.1251	0.7708
MAPRE3	NDUFS7	3	0.0356	0.8451
ACTB	NDUFS2	3	0.1766	0.7356
CTNNA1	NDUFS2	3	0.0229	0.8552
KRT8	NDUFS2	3	0.6303	0.1838
LMNA	NDUFS2	3	0.1306	0.7672
MAPRE3	NDUFS2	3	0.0430	0.8378
ACTB	HMMR	3	0.2813	0.6554
CTNNA1	HMMR	3	0.1328	0.7658
KRT8	HMMR	3	0.3172	0.6146
LMNA	HMMR	3	0.1202	0.7741
MAPRE3	HMMR	3	0.3743	0.5142
ACTB	PDCD6	3	0.2262	0.7016
CTNNA1	PDCD6	3	0.0406	0.8402
KRT8	PDCD6	3	0.2222	0.7047
LMNA	PDCD6	3	0.1618	0.7456
MAPRE3	PDCD6	3	0.1017	0.7880
ACTB	ALOX12B	3	0.0777	0.8062
KRT8	ALOX12B	3	0.0204	0.8569
LMNA	ALOX12B	3	0.0322	0.8480
CTNNA1	TBCA	3	0.0975	0.7910
KRT8	TBCA	3	0.2208	0.7057
LMNA	TBCA	3	0.1225	0.7726
MAPRE3	TBCA	3	0.1895	0.7269
ACTB	ATP6V1G1	3	0.0801	0.8045
CTNNA1	ATP6V1G1	3	0.0405	0.8403
KRT8	ATP6V1G1	3	0.0776	0.8063
LMNA	ATP6V1G1	3	0.0582	0.8233
MAPRE3	ATP6V1G1	3	0.0172	0.8589
ACTB	VPS4B	3	0.2224	0.7046
CTNNA1	VPS4B	3	0.0359	0.8449
KRT8	VPS4B	3	0.2526	0.6813
LMNA	VPS4B	3	0.1336	0.7652
MAPRE3	VPS4B	3	0.1205	0.7740
ACTB	MPDU1	3	0.2572	0.6771
CTNNA1	MPDU1	3	0.0773	0.8065
KRT8	MPDU1	3	0.2896	0.6471
LMNA	MPDU1	3	0.2349	0.6951
MAPRE3	MPDU1	3	0.1141	0.7788
ACTB	ZNF217	3	0.0814	0.8034
KRT8	ZNF217	3	0.0709	0.8120
LMNA	ZNF217	3	0.2274	0.7008
MAPRE3	ZNF217	3	0.0580	0.8234
ACTB	MACROH2A1	3	0.0776	0.8063
CTNNA1	MACROH2A1	3	0.0243	0.8542
KRT8	MACROH2A1	3	0.0892	0.7971
LMNA	MACROH2A1	3	0.0795	0.8049
MAPRE3	MACROH2A1	3	0.0326	0.8477
ACTB	FLNB	3	0.2867	0.6501
CTNNA1	FLNB	3	0.0457	0.8354
KRT8	FLNB	3	0.2217	0.7050
LMNA	FLNB	3	0.0452	0.8358
MAPRE3	FLNB	3	0.0566	0.8247
ACTB	NCOR1	3	0.1795	0.7333
CTNNA1	NCOR1	3	0.0440	0.8370
KRT8	NCOR1	3	0.2294	0.6995
LMNA	NCOR1	3	0.2879	0.6489
MAPRE3	NCOR1	3	0.1672	0.7419
ACTB	PEX14	3	0.1958	0.7226
CTNNA1	PEX14	3	0.0575	0.8238
KRT8	PEX14	3	0.1741	0.7375
LMNA	PEX14	3	0.0317	0.8484
MAPRE3	PEX14	3	0.0979	0.7907
ACTB	TRIM3	3	0.0839	0.8013
CTNNA1	TRIM3	3	0.0011	0.8726
KRT8	TRIM3	3	0.0599	0.8217
LMNA	TRIM3	3	0.0091	0.8643
MAPRE3	TRIM3	3	0.0549	0.8265
ACTB	ULK1	3	0.0450	0.8360
CTNNA1	ULK1	3	0.0017	0.8717
KRT8	ULK1	3	0.1115	0.7806
LMNA	ULK1	3	0.0032	0.8697
MAPRE3	ULK1	3	0.0096	0.8640
ACTB	CS	3	0.0438	0.8371
CTNNA1	CS	3	0.0373	0.8437
KRT8	CS	3	0.0734	0.8098
LMNA	CS	3	0.0434	0.8374
MAPRE3	CS	3	0.0194	0.8575
ACTB	SPAG7	3	0.1608	0.7463
CTNNA1	SPAG7	3	0.0558	0.8255
KRT8	SPAG7	3	0.1627	0.7449
LMNA	SPAG7	3	0.3341	0.5873
MAPRE3	SPAG7	3	0.1220	0.7729
ACTB	MRPL33	3	0.2059	0.7162
CTNNA1	MRPL33	3	0.0263	0.8527
KRT8	MRPL33	3	0.1876	0.7281
LMNA	MRPL33	3	0.1935	0.7243
MAPRE3	MRPL33	3	0.0886	0.7976
ACTB	SEC22B	3	0.1589	0.7477
CTNNA1	SEC22B	3	0.0784	0.8056
KRT8	SEC22B	3	0.1441	0.7582
LMNA	SEC22B	3	0.5459	0.2475
MAPRE3	SEC22B	3	0.1013	0.7883
ACTB	PRPF40A	3	0.1332	0.7655
CTNNA1	PRPF40A	3	0.0082	0.8651
KRT8	PRPF40A	3	0.1239	0.7716
LMNA	PRPF40A	3	0.1877	0.7280
MAPRE3	PRPF40A	3	0.0500	0.8311
ACTB	TACC1	3	0.2945	0.6420
CTNNA1	TACC1	3	0.1362	0.7634
KRT8	TACC1	3	0.3182	0.6135
LMNA	TACC1	3	0.1703	0.7398
MAPRE3	TACC1	3	0.3684	0.5229
ACTB	POLQ	3	0.0713	0.8116
KRT8	POLQ	3	0.0834	0.8018
LMNA	POLQ	3	0.1029	0.7872
MAPRE3	POLQ	3	0.0253	0.8535
ACTB	CDC45	3	0.0433	0.8375
KRT8	CDC45	3	0.2044	0.7173
LMNA	CDC45	3	0.0707	0.8121
MAPRE3	CDC45	3	0.0070	0.8661
ACTB	GIGYF1	3	0.1883	0.7277
CTNNA1	GIGYF1	3	0.0376	0.8434
KRT8	GIGYF1	3	0.2766	0.6608
LMNA	GIGYF1	3	0.0547	0.8267
MAPRE3	GIGYF1	3	0.1890	0.7271
ACTB	LRCH4	3	0.0813	0.8035
CTNNA1	LRCH4	3	0.0034	0.8695
KRT8	LRCH4	3	0.0977	0.7908
LMNA	LRCH4	3	0.0070	0.8661
MAPRE3	LRCH4	3	0.0134	0.8616
ACTB	VPS26A	3	0.1356	0.7638
CTNNA1	VPS26A	3	0.0227	0.8553
KRT8	VPS26A	3	0.2632	0.6722
LMNA	VPS26A	3	0.2142	0.7105
MAPRE3	VPS26A	3	0.0511	0.8300
ACTB	PMPCB	3	0.0834	0.8018
CTNNA1	PMPCB	3	0.0581	0.8234
KRT8	PMPCB	3	0.0920	0.7952
LMNA	PMPCB	3	0.0511	0.8300
MAPRE3	PMPCB	3	0.0379	0.8431
ACTB	MED24	3	0.1793	0.7334
CTNNA1	MED24	3	0.0038	0.8691
KRT8	MED24	3	0.1997	0.7200
LMNA	MED24	3	0.2429	0.6890
MAPRE3	MED24	3	0.0746	0.8089
ACTB	KATNA1	3	0.1778	0.7346
CTNNA1	KATNA1	3	0.0446	0.8364
KRT8	KATNA1	3	0.1724	0.7385
LMNA	KATNA1	3	0.0809	0.8038
MAPRE3	KATNA1	3	0.0969	0.7915
KRT8	E2F6	3	0.0002	0.8745
LMNA	E2F6	3	0.0458	0.8352
MAPRE3	E2F6	3	0.0033	0.8697
ACTB	PSIP1	3	0.1333	0.7654
CTNNA1	PSIP1	3	0.0373	0.8437
KRT8	PSIP1	3	0.0928	0.7946
LMNA	PSIP1	3	0.2769	0.6604
MAPRE3	PSIP1	3	0.0514	0.8297
ACTB	ERLIN1	3	0.0938	0.7939
KRT8	ERLIN1	3	0.2666	0.6694
LMNA	ERLIN1	3	0.0571	0.8241
MAPRE3	ERLIN1	3	0.0601	0.8216
ACTB	SUPT3H	3	0.0026	0.8704
LMNA	SUPT3H	3	0.0155	0.8600
ACTB	NDUFS3	3	0.0539	0.8274
CTNNA1	NDUFS3	3	0.0393	0.8416
KRT8	NDUFS3	3	0.2971	0.6392
ACTB	SRSF10	3	0.0785	0.8056
CTNNA1	SRSF10	3	0.0335	0.8469
KRT8	SRSF10	3	0.0957	0.7925
LMNA	SRSF10	3	0.0835	0.8017
MAPRE3	SRSF10	3	0.0322	0.8480
ACTB	ECI2	3	0.1420	0.7596
CTNNA1	ECI2	3	0.0419	0.8389
KRT8	ECI2	3	0.2179	0.7078
LMNA	ECI2	3	0.1134	0.7792
MAPRE3	ECI2	3	0.0243	0.8542
ACTB	TADA3	3	0.0208	0.8566
CTNNA1	TADA3	3	0.0003	0.8743
KRT8	TADA3	3	0.0525	0.8287
LMNA	TADA3	3	0.0301	0.8498
MAPRE3	TADA3	3	0.0023	0.8708
ACTB	EED	3	0.0213	0.8562
KRT8	EED	3	0.0066	0.8664
LMNA	EED	3	0.0261	0.8529
MAPRE3	EED	3	0.0151	0.8604
ACTB	SF3B1	3	0.1905	0.7262
CTNNA1	SF3B1	3	0.0323	0.8479
KRT8	SF3B1	3	0.1900	0.7265
LMNA	SF3B1	3	0.2369	0.6934
MAPRE3	SF3B1	3	0.0928	0.7946
ACTB	CSDE1	3	0.2821	0.6545
CTNNA1	CSDE1	3	0.1192	0.7748
KRT8	CSDE1	3	0.3392	0.5790
LMNA	CSDE1	3	0.1513	0.7530
MAPRE3	CSDE1	3	0.2102	0.7131
LMNA	WBP4	3	0.1979	0.7211
ACTB	PRKRA	3	0.2196	0.7065
CTNNA1	PRKRA	3	0.0814	0.8034
KRT8	PRKRA	3	0.2432	0.6887
LMNA	PRKRA	3	0.1002	0.7890
MAPRE3	PRKRA	3	0.1066	0.7842
ACTB	MTRF1	3	0.4231	0.4238
KRT8	MTRF1	3	0.3014	0.6347
LMNA	MTRF1	3	0.1267	0.7697
MAPRE3	MTRF1	3	0.2231	0.7040
ACTB	CRCP	3	0.0688	0.8138
CTNNA1	CRCP	3	0.0112	0.8630
KRT8	CRCP	3	0.1017	0.7880
LMNA	CRCP	3	0.0626	0.8192
MAPRE3	CRCP	3	0.0306	0.8494
ACTB	RPS6KA5	3	0.1538	0.7512
CTNNA1	RPS6KA5	3	0.0731	0.8101
KRT8	RPS6KA5	3	0.1477	0.7556
LMNA	RPS6KA5	3	0.2877	0.6490
MAPRE3	RPS6KA5	3	0.0925	0.7949
ACTB	MYCBP2	3	0.2618	0.6733
CTNNA1	MYCBP2	3	0.0888	0.7974
KRT8	MYCBP2	3	0.2864	0.6504
LMNA	MYCBP2	3	0.1161	0.7771
MAPRE3	MYCBP2	3	0.2056	0.7164
ACTB	GCAT	3	0.0291	0.8506
KRT8	GCAT	3	0.1050	0.7854
LMNA	GCAT	3	0.0470	0.8341
MAPRE3	GCAT	3	0.0071	0.8660
ACTB	NPM3	3	0.0710	0.8119
CTNNA1	NPM3	3	0.0726	0.8105
KRT8	NPM3	3	0.0938	0.7939
LMNA	NPM3	3	0.0580	0.8234
MAPRE3	NPM3	3	0.0198	0.8572
ACTB	LYPLA1	3	0.0500	0.8311
CTNNA1	LYPLA1	3	0.0395	0.8413
KRT8	LYPLA1	3	0.0500	0.8311
LMNA	LYPLA1	3	0.0584	0.8231
MAPRE3	LYPLA1	3	0.0309	0.8491
ACTB	ERAL1	3	0.1068	0.7840
CTNNA1	ERAL1	3	0.0409	0.8399
KRT8	ERAL1	3	0.2136	0.7108
LMNA	ERAL1	3	0.0869	0.7990
MAPRE3	ERAL1	3	0.0188	0.8578
ACTB	SNRNP200	3	0.2339	0.6960
CTNNA1	SNRNP200	3	0.0497	0.8313
KRT8	SNRNP200	3	0.2369	0.6934
LMNA	SNRNP200	3	0.2996	0.6366
MAPRE3	SNRNP200	3	0.1449	0.7577
ACTB	TIPRL	3	0.1789	0.7338
CTNNA1	TIPRL	3	0.0274	0.8520
KRT8	TIPRL	3	0.2318	0.6978
LMNA	TIPRL	3	0.1072	0.7837
MAPRE3	TIPRL	3	0.0533	0.8280
ACTB	OFD1	3	0.0496	0.8314
CTNNA1	OFD1	3	0.0066	0.8664
KRT8	OFD1	3	0.1273	0.7694
LMNA	OFD1	3	0.0446	0.8364
MAPRE3	OFD1	3	0.0199	0.8571
ACTB	TOM1L1	3	0.0545	0.8269
CTNNA1	TOM1L1	3	0.0016	0.8718
KRT8	TOM1L1	3	0.0953	0.7927
LMNA	TOM1L1	3	0.0338	0.8466
MAPRE3	TOM1L1	3	0.0101	0.8637
ACTB	SURF6	3	0.0098	0.8639
CTNNA1	SURF6	3	0.0006	0.8736
LMNA	SURF6	3	0.0192	0.8576
MAPRE3	SURF6	3	0.0002	0.8745
ACTB	UTP20	3	0.2525	0.6813
CTNNA1	UTP20	3	0.0714	0.8116
KRT8	UTP20	3	0.2790	0.6580
LMNA	UTP20	3	0.2838	0.6528
MAPRE3	UTP20	3	0.1687	0.7409
ACTB	NUP155	3	0.1825	0.7312
CTNNA1	NUP155	3	0.0729	0.8103
KRT8	NUP155	3	0.2747	0.6620
LMNA	NUP155	3	0.3901	0.4795
MAPRE3	NUP155	3	0.1078	0.7833
ACTB	WDHD1	3	0.1755	0.7364
CTNNA1	WDHD1	3	0.0485	0.8325
KRT8	WDHD1	3	0.1635	0.7444
LMNA	WDHD1	3	0.2777	0.6596
MAPRE3	WDHD1	3	0.1413	0.7601
ACTB	CRTAP	3	0.1441	0.7582
CTNNA1	CRTAP	3	0.0413	0.8395
KRT8	CRTAP	3	0.0922	0.7951
LMNA	CRTAP	3	0.0565	0.8248
MAPRE3	CRTAP	3	0.0263	0.8527
ACTB	SLC25A12	3	0.1060	0.7846
CTNNA1	SLC25A12	3	0.0264	0.8526
KRT8	SLC25A12	3	0.2889	0.6479
LMNA	SLC25A12	3	0.1144	0.7785
MAPRE3	SLC25A12	3	0.0394	0.8415
ACTB	PALM	3	0.0473	0.8338
CTNNA1	PALM	3	0.0078	0.8654
KRT8	PALM	3	0.0173	0.8588
LMNA	PALM	3	0.0015	0.8720
MAPRE3	PALM	3	0.0003	0.8743
ACTB	RNASEH2A	3	0.2139	0.7107
CTNNA1	RNASEH2A	3	0.0423	0.8385
KRT8	RNASEH2A	3	0.2354	0.6946
LMNA	RNASEH2A	3	0.1730	0.7381
MAPRE3	RNASEH2A	3	0.1122	0.7802
ACTB	CDC123	3	0.2653	0.6705
CTNNA1	CDC123	3	0.0582	0.8233
KRT8	CDC123	3	0.2859	0.6509
LMNA	CDC123	3	0.1676	0.7416
MAPRE3	CDC123	3	0.1290	0.7684
ACTB	CAPN15	3	0.3078	0.6275
CTNNA1	CAPN15	3	0.1467	0.7563
KRT8	CAPN15	3	0.3034	0.6324
LMNA	CAPN15	3	0.2949	0.6414
MAPRE3	CAPN15	3	0.1488	0.7547
ACTB	BCAR3	3	0.2500	0.6836
CTNNA1	BCAR3	3	0.0916	0.7955
KRT8	BCAR3	3	0.3365	0.5837
LMNA	BCAR3	3	0.1348	0.7643
MAPRE3	BCAR3	3	0.1954	0.7229
ACTB	POP7	3	0.1001	0.7891
CTNNA1	POP7	3	0.0143	0.8609
KRT8	POP7	3	0.1357	0.7638
LMNA	POP7	3	0.0181	0.8582
MAPRE3	POP7	3	0.0164	0.8595
ACTB	EIF3G	3	0.2551	0.6791
CTNNA1	EIF3G	3	0.0561	0.8252
KRT8	EIF3G	3	0.2712	0.6653
LMNA	EIF3G	3	0.1014	0.7883
MAPRE3	EIF3G	3	0.1406	0.7605
ACTB	EIF3J	3	0.3191	0.6119
CTNNA1	EIF3J	3	0.1512	0.7531
KRT8	EIF3J	3	0.2856	0.6513
LMNA	EIF3J	3	0.1580	0.7483
MAPRE3	EIF3J	3	0.2102	0.7131
ACTB	AP1G2	3	0.0728	0.8103
KRT8	AP1G2	3	0.1112	0.7808
LMNA	AP1G2	3	0.0335	0.8469
MAPRE3	AP1G2	3	0.0110	0.8631
ACTB	IDH1	3	0.2614	0.6737
CTNNA1	IDH1	3	0.0906	0.7961
KRT8	IDH1	3	0.2890	0.6478
LMNA	IDH1	3	0.1429	0.7590
MAPRE3	IDH1	3	0.0969	0.7915
ACTB	STAM2	3	0.0624	0.8194
CTNNA1	STAM2	3	0.0001	0.8748
KRT8	STAM2	3	0.0736	0.8097
ACTB	CCNK	3	0.0056	0.8673
CTNNA1	CCNK	3	0.0000	0.8752
KRT8	CCNK	3	0.0071	0.8660
LMNA	CCNK	3	0.0242	0.8543
MAPRE3	CCNK	3	0.0003	0.8743
ACTB	DHRS3	3	0.1592	0.7475
CTNNA1	DHRS3	3	0.0411	0.8397
KRT8	DHRS3	3	0.2392	0.6921
LMNA	DHRS3	3	0.1967	0.7221
MAPRE3	DHRS3	3	0.0276	0.8518
ACTB	ARL6IP5	3	0.0538	0.8275
CTNNA1	ARL6IP5	3	0.0090	0.8644
KRT8	ARL6IP5	3	0.0513	0.8297
LMNA	ARL6IP5	3	0.2227	0.7043
MAPRE3	ARL6IP5	3	0.0176	0.8586
ACTB	DYSF	3	0.1132	0.7793
KRT8	DYSF	3	0.0764	0.8072
LMNA	DYSF	3	0.0379	0.8431
MAPRE3	DYSF	3	0.0108	0.8633
ACTB	PIAS1	3	0.2044	0.7173
CTNNA1	PIAS1	3	0.0246	0.8540
KRT8	PIAS1	3	0.2503	0.6833
LMNA	PIAS1	3	0.3383	0.5807
MAPRE3	PIAS1	3	0.0847	0.8008
ACTB	PIAS2	3	0.1014	0.7883
CTNNA1	PIAS2	3	0.0702	0.8125
KRT8	PIAS2	3	0.1328	0.7658
LMNA	PIAS2	3	0.3914	0.4772
MAPRE3	PIAS2	3	0.0949	0.7930
ACTB	BCAS2	3	0.1952	0.7231
CTNNA1	BCAS2	3	0.0397	0.8412
KRT8	BCAS2	3	0.2621	0.6730
LMNA	BCAS2	3	0.1921	0.7252
MAPRE3	BCAS2	3	0.0827	0.8023
ACTB	SMNDC1	3	0.0409	0.8399
CTNNA1	SMNDC1	3	0.0281	0.8514
KRT8	SMNDC1	3	0.0496	0.8314
LMNA	SMNDC1	3	0.1775	0.7348
MAPRE3	SMNDC1	3	0.0221	0.8557
ACTB	ATP5PD	3	0.1727	0.7383
CTNNA1	ATP5PD	3	0.0295	0.8502
KRT8	ATP5PD	3	0.1624	0.7452
LMNA	ATP5PD	3	0.0852	0.8003
MAPRE3	ATP5PD	3	0.0369	0.8440
ACTB	FLOT1	3	0.2711	0.6655
CTNNA1	FLOT1	3	0.1626	0.7451
KRT8	FLOT1	3	0.2892	0.6476
LMNA	FLOT1	3	0.1408	0.7603
MAPRE3	FLOT1	3	0.0863	0.7995
ACTB	TRIO	3	0.2590	0.6758
CTNNA1	TRIO	3	0.1236	0.7719
KRT8	TRIO	3	0.3126	0.6214
LMNA	TRIO	3	0.1261	0.7701
MAPRE3	TRIO	3	0.3990	0.4641
ACTB	MPDZ	3	0.2533	0.6808
CTNNA1	MPDZ	3	0.1142	0.7787
KRT8	MPDZ	3	0.2873	0.6494
LMNA	MPDZ	3	0.1033	0.7868
MAPRE3	MPDZ	3	0.1165	0.7768
ACTB	GLRX3	3	0.0924	0.7950
CTNNA1	GLRX3	3	0.0343	0.8463
KRT8	GLRX3	3	0.1167	0.7765
LMNA	GLRX3	3	0.0947	0.7932
MAPRE3	GLRX3	3	0.0417	0.8391
KRT8	KRT36	3	0.0788	0.8054
MAPRE3	KRT36	3	0.1284	0.7686
ACTB	RSL1D1	3	0.1989	0.7204
CTNNA1	RSL1D1	3	0.0391	0.8418
KRT8	RSL1D1	3	0.2691	0.6672
LMNA	RSL1D1	3	0.1880	0.7278
MAPRE3	RSL1D1	3	0.0783	0.8057
ACTB	CLPX	3	0.1441	0.7582
CTNNA1	CLPX	3	0.0393	0.8416
KRT8	CLPX	3	0.5346	0.2559
LMNA	CLPX	3	0.1711	0.7393
MAPRE3	CLPX	3	0.0762	0.8074
ACTB	CDKL5	3	0.0642	0.8177
CTNNA1	CDKL5	3	0.0046	0.8682
KRT8	CDKL5	3	0.0468	0.8343
LMNA	CDKL5	3	0.0047	0.8681
MAPRE3	CDKL5	3	0.0082	0.8651
ACTB	SNCG	3	0.3478	0.5633
CTNNA1	SNCG	3	0.1160	0.7772
KRT8	SNCG	3	0.3441	0.5698
LMNA	SNCG	3	0.2769	0.6604
MAPRE3	SNCG	3	0.2429	0.6890
ACTB	CIAO1	3	0.0660	0.8161
CTNNA1	CIAO1	3	0.0316	0.8485
KRT8	CIAO1	3	0.1281	0.7689
LMNA	CIAO1	3	0.0542	0.8272
MAPRE3	CIAO1	3	0.0126	0.8621
ACTB	RGS20	3	0.0532	0.8281
KRT8	RGS20	3	0.0685	0.8140
LMNA	RGS20	3	0.0169	0.8592
MAPRE3	RGS20	3	0.0003	0.8743
ACTB	SRP72	3	0.1595	0.7473
CTNNA1	SRP72	3	0.0491	0.8319
KRT8	SRP72	3	0.1559	0.7497
LMNA	SRP72	3	0.0939	0.7938
MAPRE3	SRP72	3	0.0758	0.8077
ACTB	RECQL4	3	0.1196	0.7746
CTNNA1	RECQL4	3	0.0300	0.8498
KRT8	RECQL4	3	0.1884	0.7276
LMNA	RECQL4	3	0.2128	0.7114
MAPRE3	RECQL4	3	0.0492	0.8318
ACTB	RECQL5	3	0.0634	0.8184
KRT8	RECQL5	3	0.1206	0.7739
LMNA	RECQL5	3	0.3014	0.6347
MAPRE3	RECQL5	3	0.0348	0.8459
ACTB	MTA2	3	0.1189	0.7750
CTNNA1	MTA2	3	0.0262	0.8528
KRT8	MTA2	3	0.1388	0.7618
LMNA	MTA2	3	0.1890	0.7271
MAPRE3	MTA2	3	0.0450	0.8360
ACTB	USP1	3	0.1634	0.7445
CTNNA1	USP1	3	0.0380	0.8430
KRT8	USP1	3	0.1799	0.7330
LMNA	USP1	3	0.2919	0.6447
MAPRE3	USP1	3	0.0953	0.7927
ACTB	STK10	3	0.2457	0.6869
CTNNA1	STK10	3	0.0249	0.8538
KRT8	STK10	3	0.2663	0.6697
MAPRE3	STK10	3	0.1295	0.7680
ACTB	PRKD3	3	0.3239	0.6051
CTNNA1	PRKD3	3	0.1654	0.7431
KRT8	PRKD3	3	0.3009	0.6355
LMNA	PRKD3	3	0.2267	0.7013
MAPRE3	PRKD3	3	0.2438	0.6883
ACTB	GFPT2	3	0.0492	0.8318
CTNNA1	GFPT2	3	0.0379	0.8431
KRT8	GFPT2	3	0.0800	0.8045
LMNA	GFPT2	3	0.0126	0.8621
MAPRE3	GFPT2	3	0.0028	0.8702
ACTB	LTN1	3	0.0421	0.8387
CTNNA1	LTN1	3	0.0015	0.8720
KRT8	LTN1	3	0.0783	0.8057
LMNA	LTN1	3	0.0098	0.8639
MAPRE3	LTN1	3	0.0257	0.8532
ACTB	TOMM70	3	0.1513	0.7530
CTNNA1	TOMM70	3	0.0490	0.8320
KRT8	TOMM70	3	0.1614	0.7459
LMNA	TOMM70	3	0.0796	0.8048
MAPRE3	TOMM70	3	0.0371	0.8438
ACTB	IPO13	3	0.0550	0.8263
CTNNA1	IPO13	3	0.0076	0.8656
KRT8	IPO13	3	0.2566	0.6775
LMNA	IPO13	3	0.0609	0.8208
MAPRE3	IPO13	3	0.0149	0.8605
ACTB	DDHD2	3	0.0734	0.8098
KRT8	DDHD2	3	0.1311	0.7669
MAPRE3	DDHD2	3	0.0154	0.8601
ACTB	TOX4	3	0.2015	0.7191
CTNNA1	TOX4	3	0.0307	0.8493
KRT8	TOX4	3	0.1495	0.7542
LMNA	TOX4	3	0.2695	0.6669
MAPRE3	TOX4	3	0.0963	0.7921
ACTB	MICAL2	3	0.0293	0.8504
CTNNA1	MICAL2	3	0.0001	0.8748
KRT8	MICAL2	3	0.0620	0.8197
LMNA	MICAL2	3	0.0144	0.8608
MAPRE3	MICAL2	3	0.0022	0.8710
ACTB	MACF1	3	0.0505	0.8305
CTNNA1	MACF1	3	0.0107	0.8633
KRT8	MACF1	3	0.0637	0.8181
LMNA	MACF1	3	0.0004	0.8740
MAPRE3	MACF1	3	0.0703	0.8124
ACTB	SEC24D	3	0.1368	0.7630
CTNNA1	SEC24D	3	0.0112	0.8630
KRT8	SEC24D	3	0.1548	0.7505
LMNA	SEC24D	3	0.0325	0.8478
MAPRE3	SEC24D	3	0.0340	0.8465
KRT8	SUPT7L	3	0.0008	0.8732
LMNA	SUPT7L	3	0.0263	0.8527
ACTB	FCHSD2	3	0.0533	0.8280
CTNNA1	FCHSD2	3	0.0015	0.8720
KRT8	FCHSD2	3	0.0672	0.8152
LMNA	FCHSD2	3	0.0001	0.8748
MAPRE3	FCHSD2	3	0.0229	0.8552
ACTB	UFL1	3	0.1028	0.7873
CTNNA1	UFL1	3	0.0636	0.8182
KRT8	UFL1	3	0.2018	0.7188
LMNA	UFL1	3	0.1026	0.7874
MAPRE3	UFL1	3	0.0769	0.8068
ACTB	SORBS2	3	0.2132	0.7111
CTNNA1	SORBS2	3	0.0066	0.8664
KRT8	SORBS2	3	0.0627	0.8191
LMNA	SORBS2	3	0.0148	0.8606
MAPRE3	SORBS2	3	0.0199	0.8571
ACTB	PHF14	3	0.0059	0.8671
CTNNA1	PHF14	3	0.0000	0.8752
KRT8	PHF14	3	0.0080	0.8652
LMNA	PHF14	3	0.0291	0.8506
MAPRE3	PHF14	3	0.0005	0.8738
ACTB	SASH1	3	0.0708	0.8120
CTNNA1	SASH1	3	0.0020	0.8713
KRT8	SASH1	3	0.0717	0.8113
LMNA	SASH1	3	0.0037	0.8691
MAPRE3	SASH1	3	0.0171	0.8590
ACTB	FARP2	3	0.1699	0.7401
CTNNA1	FARP2	3	0.0283	0.8513
KRT8	FARP2	3	0.2754	0.6616
LMNA	FARP2	3	0.0852	0.8003
MAPRE3	FARP2	3	0.0527	0.8285
ACTB	UBXN7	3	0.1372	0.7627
CTNNA1	UBXN7	3	0.0587	0.8228
KRT8	UBXN7	3	0.1273	0.7694
LMNA	UBXN7	3	0.2715	0.6649
MAPRE3	UBXN7	3	0.1087	0.7826
ACTB	TOX	3	0.0187	0.8579
CTNNA1	TOX	3	0.0000	0.8752
KRT8	TOX	3	0.0321	0.8481
LMNA	TOX	3	0.0414	0.8394
MAPRE3	TOX	3	0.0014	0.8722
ACTB	SUN1	3	0.0814	0.8034
CTNNA1	SUN1	3	0.0303	0.8496
KRT8	SUN1	3	0.1310	0.7670
LMNA	SUN1	3	0.9052	0.0181
MAPRE3	SUN1	3	0.0673	0.8151
ACTB	PLPBP	3	0.0965	0.7919
CTNNA1	PLPBP	3	0.0363	0.8446
KRT8	PLPBP	3	0.1036	0.7866
LMNA	PLPBP	3	0.0840	0.8012
MAPRE3	PLPBP	3	0.0270	0.8522
ACTB	ERLIN2	3	0.0740	0.8094
KRT8	ERLIN2	3	0.2332	0.6965
LMNA	ERLIN2	3	0.0519	0.8292
MAPRE3	ERLIN2	3	0.0178	0.8584
ACTB	PRPF6	3	0.1668	0.7421
CTNNA1	PRPF6	3	0.0455	0.8355
KRT8	PRPF6	3	0.2264	0.7015
LMNA	PRPF6	3	0.2915	0.6453
MAPRE3	PRPF6	3	0.1016	0.7881
ACTB	PCF11	3	0.0986	0.7902
CTNNA1	PCF11	3	0.0192	0.8576
KRT8	PCF11	3	0.1361	0.7635
LMNA	PCF11	3	0.2202	0.7062
MAPRE3	PCF11	3	0.0727	0.8104
ACTB	FRYL	3	0.2971	0.6392
CTNNA1	FRYL	3	0.1391	0.7615
KRT8	FRYL	3	0.3023	0.6335
LMNA	FRYL	3	0.1220	0.7729
MAPRE3	FRYL	3	0.2291	0.6997
ACTB	NFAT5	3	0.2803	0.6565
CTNNA1	NFAT5	3	0.0656	0.8165
KRT8	NFAT5	3	0.2821	0.6545
LMNA	NFAT5	3	0.2739	0.6628
MAPRE3	NFAT5	3	0.1756	0.7363
ACTB	GLS	3	0.0867	0.7992
CTNNA1	GLS	3	0.0349	0.8457
KRT8	GLS	3	0.2963	0.6400
LMNA	GLS	3	0.1093	0.7822
MAPRE3	GLS	3	0.0250	0.8537
ACTB	HAUS5	3	0.0458	0.8352
CTNNA1	HAUS5	3	0.0047	0.8681
KRT8	HAUS5	3	0.0642	0.8177
LMNA	HAUS5	3	0.0196	0.8574
MAPRE3	HAUS5	3	0.0179	0.8584
ACTB	ABLIM3	3	0.1483	0.7552
CTNNA1	ABLIM3	3	0.0453	0.8357
KRT8	ABLIM3	3	0.1063	0.7844
LMNA	ABLIM3	3	0.0086	0.8647
MAPRE3	ABLIM3	3	0.0269	0.8523
ACTB	RHOBTB3	3	0.0502	0.8309
KRT8	RHOBTB3	3	0.0670	0.8153
LMNA	RHOBTB3	3	0.0326	0.8477
MAPRE3	RHOBTB3	3	0.0118	0.8626
ACTB	SOGA1	3	0.0491	0.8319
CTNNA1	SOGA1	3	0.0040	0.8689
KRT8	SOGA1	3	0.0850	0.8005
LMNA	SOGA1	3	0.0076	0.8656
MAPRE3	SOGA1	3	0.0575	0.8238
ACTB	USP19	3	0.2168	0.7085
CTNNA1	USP19	3	0.0364	0.8445
KRT8	USP19	3	0.2821	0.6545
LMNA	USP19	3	0.1971	0.7218
MAPRE3	USP19	3	0.0887	0.7975
ACTB	WDR47	3	0.2391	0.6922
CTNNA1	WDR47	3	0.0834	0.8018
KRT8	WDR47	3	0.2759	0.6613
LMNA	WDR47	3	0.1094	0.7822
MAPRE3	WDR47	3	0.2065	0.7157
ACTB	TRIM37	3	0.0481	0.8330
CTNNA1	TRIM37	3	0.0002	0.8745
KRT8	TRIM37	3	0.1217	0.7731
LMNA	TRIM37	3	0.0306	0.8494
MAPRE3	TRIM37	3	0.0062	0.8667
ACTB	AP2A2	3	0.2792	0.6577
CTNNA1	AP2A2	3	0.0694	0.8133
KRT8	AP2A2	3	0.3032	0.6325
LMNA	AP2A2	3	0.1803	0.7327
MAPRE3	AP2A2	3	0.1678	0.7415
ACTB	SEC31A	3	0.2742	0.6625
CTNNA1	SEC31A	3	0.0631	0.8188
KRT8	SEC31A	3	0.2925	0.6441
LMNA	SEC31A	3	0.2342	0.6956
MAPRE3	SEC31A	3	0.2203	0.7061
ACTB	CEP152	3	0.3061	0.6292
CTNNA1	CEP152	3	0.1974	0.7215
KRT8	CEP152	3	0.3608	0.5403
LMNA	CEP152	3	0.1497	0.7540
MAPRE3	CEP152	3	0.2862	0.6505
ACTB	FAM13A	3	0.0240	0.8544
CTNNA1	FAM13A	3	0.0009	0.8730
KRT8	FAM13A	3	0.0555	0.8259
MAPRE3	FAM13A	3	0.0156	0.8600
ACTB	SLITRK5	3	0.2669	0.6691
CTNNA1	SLITRK5	3	0.1472	0.7560
KRT8	SLITRK5	3	0.2392	0.6921
LMNA	SLITRK5	3	0.2324	0.6973
MAPRE3	SLITRK5	3	0.1450	0.7576
ACTB	HEXIM1	3	0.0701	0.8126
CTNNA1	HEXIM1	3	0.0591	0.8224
KRT8	HEXIM1	3	0.1768	0.7355
LMNA	HEXIM1	3	0.1962	0.7224
MAPRE3	HEXIM1	3	0.0399	0.8409
ACTB	RPP14	3	0.0780	0.8059
CTNNA1	RPP14	3	0.0416	0.8392
KRT8	RPP14	3	0.1031	0.7870
LMNA	RPP14	3	0.0585	0.8229
MAPRE3	RPP14	3	0.0571	0.8241
ACTB	CCNB2	3	0.0723	0.8108
CTNNA1	CCNB2	3	0.0000	0.8752
KRT8	CCNB2	3	0.1086	0.7827
MAPRE3	CCNB2	3	0.0580	0.8234
ACTB	YIF1A	3	0.2414	0.6901
CTNNA1	YIF1A	3	0.0963	0.7921
KRT8	YIF1A	3	0.2835	0.6533
LMNA	YIF1A	3	0.2939	0.6425
MAPRE3	YIF1A	3	0.1754	0.7365
ACTB	UBR5	3	0.1405	0.7606
CTNNA1	UBR5	3	0.0539	0.8274
KRT8	UBR5	3	0.1521	0.7524
LMNA	UBR5	3	0.2493	0.6841
MAPRE3	UBR5	3	0.0728	0.8103
ACTB	AGFG2	3	0.2409	0.6906
CTNNA1	AGFG2	3	0.0271	0.8521
KRT8	AGFG2	3	0.2860	0.6507
LMNA	AGFG2	3	0.1831	0.7308
MAPRE3	AGFG2	3	0.1153	0.7779
ACTB	SCAF4	3	0.2108	0.7128
CTNNA1	SCAF4	3	0.0285	0.8511
KRT8	SCAF4	3	0.1983	0.7208
LMNA	SCAF4	3	0.2584	0.6763
MAPRE3	SCAF4	3	0.0830	0.8021
ACTB	MFN2	3	0.1610	0.7461
CTNNA1	MFN2	3	0.0831	0.8020
KRT8	MFN2	3	0.2993	0.6370
LMNA	MFN2	3	0.1551	0.7502
MAPRE3	MFN2	3	0.0759	0.8076
ACTB	UBE4B	3	0.1465	0.7565
CTNNA1	UBE4B	3	0.0379	0.8431
KRT8	UBE4B	3	0.2199	0.7064
LMNA	UBE4B	3	0.1294	0.7681
MAPRE3	UBE4B	3	0.0535	0.8278
ACTB	ELP1	3	0.2543	0.6799
CTNNA1	ELP1	3	0.0964	0.7920
KRT8	ELP1	3	0.3343	0.5870
LMNA	ELP1	3	0.1589	0.7477
MAPRE3	ELP1	3	0.2120	0.7119
CTNNA1	NDUFB4	3	0.1520	0.7524
KRT8	NDUFB4	3	0.4236	0.4230
LMNA	NDUFB4	3	0.3065	0.6289
MAPRE3	NDUFB4	3	0.2182	0.7075
ACTB	RTN3	3	0.3133	0.6203
CTNNA1	RTN3	3	0.1513	0.7530
KRT8	RTN3	3	0.2917	0.6450
LMNA	RTN3	3	0.1748	0.7370
MAPRE3	RTN3	3	0.2369	0.6934
ACTB	LETM1	3	0.1273	0.7694
CTNNA1	LETM1	3	0.0422	0.8386
KRT8	LETM1	3	0.2029	0.7182
LMNA	LETM1	3	0.0819	0.8029
MAPRE3	LETM1	3	0.0354	0.8453
ACTB	EPN2	3	0.0542	0.8272
CTNNA1	EPN2	3	0.0035	0.8694
KRT8	EPN2	3	0.0511	0.8300
LMNA	EPN2	3	0.0004	0.8740
MAPRE3	EPN2	3	0.0051	0.8678
ACTB	STBD1	3	0.2143	0.7104
CTNNA1	STBD1	3	0.0325	0.8478
KRT8	STBD1	3	0.1306	0.7672
LMNA	STBD1	3	0.1690	0.7406
MAPRE3	STBD1	3	0.0487	0.8323
ACTB	ZRANB2	3	0.0153	0.8602
KRT8	ZRANB2	3	0.0086	0.8647
LMNA	ZRANB2	3	0.0901	0.7965
MAPRE3	ZRANB2	3	0.0022	0.8710
ACTB	SNX4	3	0.0559	0.8254
CTNNA1	SNX4	3	0.0028	0.8702
KRT8	SNX4	3	0.0976	0.7909
LMNA	SNX4	3	0.0090	0.8644
MAPRE3	SNX4	3	0.0085	0.8648
ACTB	ZWINT	3	0.0541	0.8273
CTNNA1	ZWINT	3	0.0004	0.8740
KRT8	ZWINT	3	0.0701	0.8126
LMNA	ZWINT	3	0.0177	0.8585
MAPRE3	ZWINT	3	0.0110	0.8631
ACTB	LUC7L3	3	0.1196	0.7746
CTNNA1	LUC7L3	3	0.0275	0.8519
KRT8	LUC7L3	3	0.1466	0.7564
LMNA	LUC7L3	3	0.0984	0.7903
MAPRE3	LUC7L3	3	0.0321	0.8481
ACTB	KIF20A	3	0.2252	0.7025
CTNNA1	KIF20A	3	0.0691	0.8135
KRT8	KIF20A	3	0.3414	0.5754
LMNA	KIF20A	3	0.2469	0.6859
MAPRE3	KIF20A	3	0.1830	0.7308
ACTB	KIF4A	3	0.1908	0.7260
CTNNA1	KIF4A	3	0.0487	0.8323
KRT8	KIF4A	3	0.1865	0.7289
LMNA	KIF4A	3	0.2782	0.6589
MAPRE3	KIF4A	3	0.1434	0.7587
ACTB	MBD4	3	0.1123	0.7801
CTNNA1	MBD4	3	0.0851	0.8005
KRT8	MBD4	3	0.0698	0.8129
LMNA	MBD4	3	0.2431	0.6889
MAPRE3	MBD4	3	0.0515	0.8296
ACTB	SBF1	3	0.3135	0.6200
CTNNA1	SBF1	3	0.1112	0.7808
KRT8	SBF1	3	0.3341	0.5873
LMNA	SBF1	3	0.2292	0.6995
MAPRE3	SBF1	3	0.2495	0.6840
ACTB	GOSR1	3	0.0278	0.8516
KRT8	GOSR1	3	0.0087	0.8647
LMNA	GOSR1	3	0.0282	0.8514
MAPRE3	GOSR1	3	0.0000	0.8752
ACTB	KAT7	3	0.1469	0.7562
KRT8	KAT7	3	0.2369	0.6934
LMNA	KAT7	3	0.1886	0.7274
MAPRE3	KAT7	3	0.0282	0.8514
ACTB	ATE1	3	0.0182	0.8582
KRT8	ATE1	3	0.0500	0.8311
LMNA	ATE1	3	0.0073	0.8658
ACTB	PDE8B	3	0.1969	0.7220
CTNNA1	PDE8B	3	0.0846	0.8008
KRT8	PDE8B	3	0.2112	0.7125
LMNA	PDE8B	3	0.0880	0.7982
MAPRE3	PDE8B	3	0.1255	0.7705
ACTB	TNKS	3	0.0737	0.8096
KRT8	TNKS	3	0.0408	0.8400
MAPRE3	TNKS	3	0.0120	0.8625
ACTB	CCNDBP1	3	0.0563	0.8250
KRT8	CCNDBP1	3	0.0651	0.8170
LMNA	CCNDBP1	3	0.0085	0.8648
ACTB	VAPB	3	0.2034	0.7178
CTNNA1	VAPB	3	0.0479	0.8332
KRT8	VAPB	3	0.2053	0.7166
LMNA	VAPB	3	0.3145	0.6187
MAPRE3	VAPB	3	0.1002	0.7890
ACTB	NDUFA10	3	0.0994	0.7896
CTNNA1	NDUFA10	3	0.0594	0.8222
KRT8	NDUFA10	3	0.3434	0.5718
LMNA	NDUFA10	3	0.1111	0.7809
MAPRE3	NDUFA10	3	0.0261	0.8529
ACTB	PGLS	3	0.0514	0.8297
CTNNA1	PGLS	3	0.0611	0.8206
KRT8	PGLS	3	0.0373	0.8437
LMNA	PGLS	3	0.0808	0.8039
MAPRE3	PGLS	3	0.0288	0.8508
ACTB	PAPSS2	3	0.0803	0.8043
CTNNA1	PAPSS2	3	0.0168	0.8593
KRT8	PAPSS2	3	0.0775	0.8064
LMNA	PAPSS2	3	0.1128	0.7797
MAPRE3	PAPSS2	3	0.0408	0.8400
ACTB	SMC2	3	0.2241	0.7033
CTNNA1	SMC2	3	0.0418	0.8390
KRT8	SMC2	3	0.3106	0.6242
LMNA	SMC2	3	0.2016	0.7190
MAPRE3	SMC2	3	0.1232	0.7721
ACTB	ATG7	3	0.1041	0.7861
CTNNA1	ATG7	3	0.0418	0.8390
KRT8	ATG7	3	0.1269	0.7696
LMNA	ATG7	3	0.0706	0.8121
MAPRE3	ATG7	3	0.0349	0.8457
ACTB	TACC2	3	0.2897	0.6470
CTNNA1	TACC2	3	0.1201	0.7742
KRT8	TACC2	3	0.3197	0.6107
LMNA	TACC2	3	0.1749	0.7369
MAPRE3	TACC2	3	0.3239	0.6051
ACTB	TRIM16	3	0.2593	0.6755
CTNNA1	TRIM16	3	0.0717	0.8113
KRT8	TRIM16	3	0.2954	0.6411
LMNA	TRIM16	3	0.1700	0.7401
MAPRE3	TRIM16	3	0.1394	0.7613
ACTB	FARS2	3	0.1627	0.7449
CTNNA1	FARS2	3	0.0259	0.8530
KRT8	FARS2	3	0.1033	0.7868
LMNA	FARS2	3	0.0511	0.8300
MAPRE3	FARS2	3	0.0025	0.8705
ACTB	LYPLA2	3	0.2686	0.6676
CTNNA1	LYPLA2	3	0.0840	0.8012
KRT8	LYPLA2	3	0.3275	0.5998
LMNA	LYPLA2	3	0.2357	0.6943
MAPRE3	LYPLA2	3	0.1885	0.7275
ACTB	IPO7	3	0.3327	0.5924
CTNNA1	IPO7	3	0.1484	0.7551
KRT8	IPO7	3	0.4142	0.4387
LMNA	IPO7	3	0.2844	0.6522
MAPRE3	IPO7	3	0.2613	0.6738
ACTB	ARIH2	3	0.0895	0.7969
CTNNA1	ARIH2	3	0.0294	0.8503
KRT8	ARIH2	3	0.1188	0.7751
LMNA	ARIH2	3	0.0505	0.8305
MAPRE3	ARIH2	3	0.0304	0.8495
ACTB	MAP3K6	3	0.0348	0.8459
KRT8	MAP3K6	3	0.1705	0.7397
LMNA	MAP3K6	3	0.0278	0.8516
MAPRE3	MAP3K6	3	0.0090	0.8644
ACTB	SLU7	3	0.1031	0.7870
CTNNA1	SLU7	3	0.0547	0.8267
KRT8	SLU7	3	0.1211	0.7735
LMNA	SLU7	3	0.3123	0.6219
MAPRE3	SLU7	3	0.1080	0.7831
ACTB	PGM3	3	0.0405	0.8403
CTNNA1	PGM3	3	0.0096	0.8640
KRT8	PGM3	3	0.1830	0.7308
LMNA	PGM3	3	0.0556	0.8258
MAPRE3	PGM3	3	0.0198	0.8572
ACTB	MOCS3	3	0.1190	0.7749
CTNNA1	MOCS3	3	0.0398	0.8411
KRT8	MOCS3	3	0.2765	0.6609
LMNA	MOCS3	3	0.1884	0.7276
MAPRE3	MOCS3	3	0.0943	0.7935
ACTB	CD2BP2	3	0.0266	0.8525
CTNNA1	CD2BP2	3	0.0003	0.8743
KRT8	CD2BP2	3	0.0231	0.8551
LMNA	CD2BP2	3	0.0657	0.8164
MAPRE3	CD2BP2	3	0.0001	0.8748
ACTB	MED26	3	0.0129	0.8619
KRT8	MED26	3	0.0001	0.8748
LMNA	MED26	3	0.0448	0.8362
MAPRE3	MED26	3	0.0036	0.8693
ACTB	SVIL	3	0.4491	0.3814
CTNNA1	SVIL	3	0.1423	0.7594
KRT8	SVIL	3	0.2842	0.6525
LMNA	SVIL	3	0.1719	0.7388
MAPRE3	SVIL	3	0.2354	0.6946
ACTB	BAG4	3	0.1245	0.7712
CTNNA1	BAG4	3	0.0383	0.8427
KRT8	BAG4	3	0.1557	0.7499
LMNA	BAG4	3	0.0701	0.8126
MAPRE3	BAG4	3	0.0381	0.8429
ACTB	AHSA1	3	0.2126	0.7116
CTNNA1	AHSA1	3	0.0315	0.8486
KRT8	AHSA1	3	0.3042	0.6312
LMNA	AHSA1	3	0.1725	0.7384
MAPRE3	AHSA1	3	0.0751	0.8084
ACTB	PARN	3	0.1545	0.7507
KRT8	PARN	3	0.1229	0.7723
LMNA	PARN	3	0.2445	0.6878
ACTB	PSMG1	3	0.0909	0.7959
CTNNA1	PSMG1	3	0.0293	0.8504
KRT8	PSMG1	3	0.1333	0.7654
LMNA	PSMG1	3	0.0823	0.8026
MAPRE3	PSMG1	3	0.0214	0.8562
ACTB	FMNL1	3	0.4049	0.4506
CTNNA1	FMNL1	3	0.1153	0.7779
KRT8	FMNL1	3	0.2245	0.7029
LMNA	FMNL1	3	0.1458	0.7570
MAPRE3	FMNL1	3	0.1394	0.7613
ACTB	NSA2	3	0.1730	0.7381
CTNNA1	NSA2	3	0.0293	0.8504
KRT8	NSA2	3	0.3001	0.6361
LMNA	NSA2	3	0.1908	0.7260
MAPRE3	NSA2	3	0.1052	0.7852
ACTB	SEC24A	3	0.2166	0.7087
CTNNA1	SEC24A	3	0.0359	0.8449
KRT8	SEC24A	3	0.2472	0.6856
LMNA	SEC24A	3	0.0838	0.8014
MAPRE3	SEC24A	3	0.0697	0.8130
ACTB	SEC24B	3	0.1968	0.7220
CTNNA1	SEC24B	3	0.0500	0.8311
KRT8	SEC24B	3	0.2569	0.6773
LMNA	SEC24B	3	0.0549	0.8265
MAPRE3	SEC24B	3	0.0854	0.8002
ACTB	NADK	3	0.2670	0.6690
CTNNA1	NADK	3	0.0602	0.8215
KRT8	NADK	3	0.2645	0.6711
LMNA	NADK	3	0.1950	0.7232
MAPRE3	NADK	3	0.0935	0.7941
ACTB	TDP2	3	0.2404	0.6909
CTNNA1	TDP2	3	0.1035	0.7866
KRT8	TDP2	3	0.2683	0.6678
LMNA	TDP2	3	0.3997	0.4613
MAPRE3	TDP2	3	0.1989	0.7204
ACTB	ACSL3	3	0.1418	0.7598
CTNNA1	ACSL3	3	0.0285	0.8511
KRT8	ACSL3	3	0.1561	0.7496
LMNA	ACSL3	3	0.1597	0.7472
MAPRE3	ACSL3	3	0.0273	0.8520
ACTB	POLR1A	3	0.2267	0.7013
CTNNA1	POLR1A	3	0.0663	0.8159
KRT8	POLR1A	3	0.3037	0.6320
LMNA	POLR1A	3	0.0971	0.7914
MAPRE3	POLR1A	3	0.1316	0.7666
ACTB	PCNT	3	0.3520	0.5548
CTNNA1	PCNT	3	0.0342	0.8464
KRT8	PCNT	3	0.2291	0.6997
LMNA	PCNT	3	0.2798	0.6572
MAPRE3	PCNT	3	0.1390	0.7616
ACTB	YEATS4	3	0.0666	0.8156
KRT8	YEATS4	3	0.1089	0.7825
LMNA	YEATS4	3	0.0539	0.8274
MAPRE3	YEATS4	3	0.0108	0.8633
LMNA	ZBTB11	3	0.0438	0.8371
ACTB	CNOT4	3	0.0418	0.8390
KRT8	CNOT4	3	0.0961	0.7922
LMNA	CNOT4	3	0.0141	0.8610
MAPRE3	CNOT4	3	0.0024	0.8706
ACTB	STAMBP	3	0.2008	0.7195
CTNNA1	STAMBP	3	0.0350	0.8457
KRT8	STAMBP	3	0.2152	0.7098
LMNA	STAMBP	3	0.1135	0.7791
MAPRE3	STAMBP	3	0.0790	0.8053
ACTB	CPSF4	3	0.1769	0.7354
CTNNA1	CPSF4	3	0.0243	0.8542
KRT8	CPSF4	3	0.2114	0.7123
LMNA	CPSF4	3	0.1817	0.7317
MAPRE3	CPSF4	3	0.1451	0.7575
ACTB	ASMTL	3	0.0399	0.8409
CTNNA1	ASMTL	3	0.0024	0.8706
KRT8	ASMTL	3	0.0760	0.8075
LMNA	ASMTL	3	0.0067	0.8663
MAPRE3	ASMTL	3	0.0028	0.8702
ACTB	CDS2	3	0.0666	0.8156
KRT8	CDS2	3	0.1003	0.7890
LMNA	CDS2	3	0.0194	0.8575
MAPRE3	CDS2	3	0.0197	0.8573
ACTB	EYA4	3	0.1359	0.7636
CTNNA1	EYA4	3	0.0539	0.8274
KRT8	EYA4	3	0.2923	0.6444
LMNA	EYA4	3	0.1894	0.7269
MAPRE3	EYA4	3	0.0663	0.8159
ACTB	CEP43	3	0.2006	0.7196
CTNNA1	CEP43	3	0.0933	0.7943
KRT8	CEP43	3	0.2025	0.7185
LMNA	CEP43	3	0.0708	0.8120
MAPRE3	CEP43	3	0.3880	0.4849
ACTB	BRD1	3	0.0113	0.8630
KRT8	BRD1	3	0.0099	0.8638
LMNA	BRD1	3	0.0523	0.8289
ACTB	POP4	3	0.1788	0.7339
CTNNA1	POP4	3	0.0369	0.8440
KRT8	POP4	3	0.1495	0.7542
LMNA	POP4	3	0.2631	0.6723
MAPRE3	POP4	3	0.1347	0.7644
ACTB	HERC2	3	0.0406	0.8402
CTNNA1	HERC2	3	0.0010	0.8728
KRT8	HERC2	3	0.0809	0.8038
LMNA	HERC2	3	0.0041	0.8688
MAPRE3	HERC2	3	0.0053	0.8676
ACTB	ESRRB;ESRRA	3	0.0088	0.8646
KRT8	ESRRB;ESRRA	3	0.0056	0.8673
LMNA	ESRRB;ESRRA	3	0.0168	0.8593
MAPRE3	ESRRB;ESRRA	3	0.0039	0.8690
ACTB	SNAP29	3	0.0634	0.8184
CTNNA1	SNAP29	3	0.0015	0.8720
KRT8	SNAP29	3	0.0778	0.8062
LMNA	SNAP29	3	0.0080	0.8652
MAPRE3	SNAP29	3	0.0179	0.8584
ACTB	OXSR1	3	0.2580	0.6765
CTNNA1	OXSR1	3	0.0836	0.8016
KRT8	OXSR1	3	0.2546	0.6795
LMNA	OXSR1	3	0.0850	0.8005
MAPRE3	OXSR1	3	0.1202	0.7741
ACTB	HSPA4L	3	0.1806	0.7326
CTNNA1	HSPA4L	3	0.0259	0.8530
KRT8	HSPA4L	3	0.1913	0.7256
LMNA	HSPA4L	3	0.0903	0.7964
MAPRE3	HSPA4L	3	0.0497	0.8313
ACTB	PTBP3	3	0.2701	0.6663
CTNNA1	PTBP3	3	0.1074	0.7836
KRT8	PTBP3	3	0.3002	0.6360
LMNA	PTBP3	3	0.2008	0.7195
MAPRE3	PTBP3	3	0.1613	0.7459
ACTB	TBC1D8	3	0.0449	0.8361
CTNNA1	TBC1D8	3	0.0016	0.8718
KRT8	TBC1D8	3	0.0568	0.8245
LMNA	TBC1D8	3	0.0068	0.8662
MAPRE3	TBC1D8	3	0.0037	0.8691
ACTB	AP2A1	3	0.2550	0.6791
CTNNA1	AP2A1	3	0.0548	0.8266
KRT8	AP2A1	3	0.3006	0.6358
LMNA	AP2A1	3	0.1771	0.7352
MAPRE3	AP2A1	3	0.1394	0.7613
ACTB	WIZ	3	0.1571	0.7489
CTNNA1	WIZ	3	0.0309	0.8491
KRT8	WIZ	3	0.1616	0.7457
LMNA	WIZ	3	0.3073	0.6279
MAPRE3	WIZ	3	0.1222	0.7728
ACTB	RIGI	3	0.0510	0.8301
CTNNA1	RIGI	3	0.0091	0.8643
KRT8	RIGI	3	0.0446	0.8364
LMNA	RIGI	3	0.0166	0.8594
MAPRE3	RIGI	3	0.0062	0.8667
ACTB	STAU1	3	0.2735	0.6632
CTNNA1	STAU1	3	0.0879	0.7982
KRT8	STAU1	3	0.2881	0.6486
LMNA	STAU1	3	0.1317	0.7665
MAPRE3	STAU1	3	0.1788	0.7339
ACTB	TTC4	3	0.2251	0.7025
CTNNA1	TTC4	3	0.0661	0.8160
KRT8	TTC4	3	0.4664	0.3576
LMNA	TTC4	3	0.2135	0.7109
MAPRE3	TTC4	3	0.1173	0.7761
ACTB	CAVIN2	3	0.0279	0.8516
ACTB	BAG2	3	0.2452	0.6874
CTNNA1	BAG2	3	0.0512	0.8299
KRT8	BAG2	3	0.2779	0.6594
LMNA	BAG2	3	0.1228	0.7724
MAPRE3	BAG2	3	0.0758	0.8077
ACTB	BAG3	3	0.2395	0.6917
CTNNA1	BAG3	3	0.0511	0.8300
KRT8	BAG3	3	0.2690	0.6672
LMNA	BAG3	3	0.1123	0.7801
MAPRE3	BAG3	3	0.0706	0.8121
ACTB	MAP4K4	3	0.4004	0.4579
CTNNA1	MAP4K4	3	0.2501	0.6835
KRT8	MAP4K4	3	0.4086	0.4468
LMNA	MAP4K4	3	0.2126	0.7116
MAPRE3	MAP4K4	3	0.3377	0.5817
ACTB	LATS1	3	0.0893	0.7970
CTNNA1	LATS1	3	0.0088	0.8646
KRT8	LATS1	3	0.0997	0.7894
LMNA	LATS1	3	0.0049	0.8679
MAPRE3	LATS1	3	0.0247	0.8539
ACTB	BPNT1	3	0.0650	0.8171
CTNNA1	BPNT1	3	0.0444	0.8366
KRT8	BPNT1	3	0.0618	0.8200
LMNA	BPNT1	3	0.0521	0.8291
MAPRE3	BPNT1	3	0.0320	0.8481
ACTB	ABHD16A	3	0.0704	0.8123
KRT8	ABHD16A	3	0.0663	0.8159
LMNA	ABHD16A	3	0.3357	0.5848
ACTB	TXNDC12	3	0.0765	0.8072
CTNNA1	TXNDC12	3	0.0386	0.8424
KRT8	TXNDC12	3	0.0858	0.7999
LMNA	TXNDC12	3	0.0680	0.8144
MAPRE3	TXNDC12	3	0.0301	0.8498
ACTB	ECD	3	0.2258	0.7019
CTNNA1	ECD	3	0.1392	0.7614
KRT8	ECD	3	0.3081	0.6272
LMNA	ECD	3	0.0800	0.8045
MAPRE3	ECD	3	0.0619	0.8198
ACTB	SYF2	3	0.1852	0.7296
CTNNA1	SYF2	3	0.1034	0.7867
KRT8	SYF2	3	0.1616	0.7457
LMNA	SYF2	3	0.3434	0.5718
MAPRE3	SYF2	3	0.1492	0.7544
ACTB	SCGB1D2	3	0.3331	0.5912
ACTB	MBD3	3	0.1323	0.7661
CTNNA1	MBD3	3	0.0473	0.8338
KRT8	MBD3	3	0.1553	0.7501
LMNA	MBD3	3	0.2397	0.6915
MAPRE3	MBD3	3	0.1427	0.7592
ACTB	TOP3B	3	0.2551	0.6791
CTNNA1	TOP3B	3	0.0896	0.7968
KRT8	TOP3B	3	0.2514	0.6823
LMNA	TOP3B	3	0.1267	0.7697
MAPRE3	TOP3B	3	0.2958	0.6407
ACTB	CLPTM1	3	0.3414	0.5754
KRT8	CLPTM1	3	0.3382	0.5808
LMNA	CLPTM1	3	0.1878	0.7280
MAPRE3	CLPTM1	3	0.2102	0.7131
ACTB	ZBED1	3	0.0150	0.8605
KRT8	ZBED1	3	0.0143	0.8609
LMNA	ZBED1	3	0.0663	0.8159
MAPRE3	ZBED1	3	0.0002	0.8745
ACTB	MOCS2	3	0.0993	0.7896
CTNNA1	MOCS2	3	0.0368	0.8441
KRT8	MOCS2	3	0.1243	0.7713
LMNA	MOCS2	3	0.0542	0.8272
MAPRE3	MOCS2	3	0.0157	0.8599
ACTB	TOMM40	3	0.1550	0.7503
CTNNA1	TOMM40	3	0.0375	0.8435
KRT8	TOMM40	3	0.2160	0.7092
LMNA	TOMM40	3	0.2467	0.6861
MAPRE3	TOMM40	3	0.0501	0.8309
ACTB	PEX11B	3	0.0552	0.8262
KRT8	PEX11B	3	0.1238	0.7717
LMNA	PEX11B	3	0.0289	0.8507
MAPRE3	PEX11B	3	0.0417	0.8391
ACTB	PAK4	3	0.2556	0.6786
CTNNA1	PAK4	3	0.0355	0.8452
KRT8	PAK4	3	0.3040	0.6315
LMNA	PAK4	3	0.0937	0.7940
MAPRE3	PAK4	3	0.1845	0.7300
ACTB	CHEK2	3	0.0820	0.8028
CTNNA1	CHEK2	3	0.0263	0.8527
KRT8	CHEK2	3	0.0863	0.7995
LMNA	CHEK2	3	0.0664	0.8158
MAPRE3	CHEK2	3	0.0072	0.8659
ACTB	ACTL6A	3	0.2054	0.7165
CTNNA1	ACTL6A	3	0.0251	0.8536
KRT8	ACTL6A	3	0.2474	0.6855
LMNA	ACTL6A	3	0.0944	0.7934
MAPRE3	ACTL6A	3	0.0241	0.8543
ACTB	NSD2	3	0.1736	0.7377
CTNNA1	NSD2	3	0.0317	0.8484
KRT8	NSD2	3	0.1495	0.7542
LMNA	NSD2	3	0.2846	0.6521
MAPRE3	NSD2	3	0.0664	0.8158
ACTB	CYB5A	3	0.0339	0.8466
LMNA	CYB5A	3	0.2571	0.6772
MAPRE3	CYB5A	3	0.0351	0.8455
ACTB	LDHA	3	0.1125	0.7799
CTNNA1	LDHA	3	0.0363	0.8446
KRT8	LDHA	3	0.1340	0.7649
LMNA	LDHA	3	0.0771	0.8066
MAPRE3	LDHA	3	0.0375	0.8435
ACTB	ALDH1A1	3	0.3156	0.6165
ACTB	GLUD1	3	0.1620	0.7455
CTNNA1	GLUD1	3	0.0327	0.8476
KRT8	GLUD1	3	0.2803	0.6565
LMNA	GLUD1	3	0.1058	0.7849
MAPRE3	GLUD1	3	0.0426	0.8382
ACTB	DHFR	3	0.3116	0.6227
CTNNA1	DHFR	3	0.2530	0.6810
KRT8	DHFR	3	0.3102	0.6248
LMNA	DHFR	3	0.1266	0.7698
MAPRE3	DHFR	3	0.2330	0.6967
ACTB	GSR	3	0.0361	0.8447
CTNNA1	GSR	3	0.0620	0.8197
KRT8	GSR	3	0.0420	0.8388
LMNA	GSR	3	0.0564	0.8249
MAPRE3	GSR	3	0.0303	0.8496
ACTB	MT-CO2	3	0.0073	0.8658
CTNNA1	MT-CO2	3	0.0007	0.8734
KRT8	MT-CO2	3	0.0608	0.8209
LMNA	MT-CO2	3	0.0216	0.8560
MAPRE3	MT-CO2	3	0.0115	0.8629
ACTB	SOD1	3	0.1763	0.7358
CTNNA1	SOD1	3	0.0792	0.8052
KRT8	SOD1	3	0.1881	0.7278
LMNA	SOD1	3	0.0771	0.8066
MAPRE3	SOD1	3	0.1413	0.7601
ACTB	CP	3	0.2545	0.6796
ACTB	PNP	3	0.2254	0.7022
CTNNA1	PNP	3	0.0299	0.8499
KRT8	PNP	3	0.2357	0.6943
LMNA	PNP	3	0.1520	0.7524
MAPRE3	PNP	3	0.0917	0.7954
ACTB	HPRT1	3	0.0643	0.8177
CTNNA1	HPRT1	3	0.0481	0.8330
KRT8	HPRT1	3	0.0704	0.8123
LMNA	HPRT1	3	0.0570	0.8242
MAPRE3	HPRT1	3	0.0266	0.8525
ACTB	ABL1	3	0.1024	0.7875
CTNNA1	ABL1	3	0.0030	0.8700
KRT8	ABL1	3	0.0506	0.8305
LMNA	ABL1	3	0.0061	0.8669
MAPRE3	ABL1	3	0.0116	0.8628
ACTB	EGFR	3	0.2425	0.6893
CTNNA1	EGFR	3	0.1482	0.7552
KRT8	EGFR	3	0.2020	0.7188
LMNA	EGFR	3	0.1135	0.7791
MAPRE3	EGFR	3	0.0608	0.8209
ACTB	PGK1	3	0.0748	0.8088
CTNNA1	PGK1	3	0.0458	0.8352
KRT8	PGK1	3	0.0751	0.8084
LMNA	PGK1	3	0.0615	0.8202
MAPRE3	PGK1	3	0.0422	0.8386
ACTB	AK1	3	0.0697	0.8130
CTNNA1	AK1	3	0.0459	0.8351
KRT8	AK1	3	0.0656	0.8165
LMNA	AK1	3	0.1040	0.7862
MAPRE3	AK1	3	0.0476	0.8336
ACTB	HP	3	0.3333	0.5889
ACTB	ADA	3	0.0969	0.7915
CTNNA1	ADA	3	0.0511	0.8300
KRT8	ADA	3	0.0862	0.7996
LMNA	ADA	3	0.0696	0.8131
MAPRE3	ADA	3	0.0462	0.8349
ACTB	SERPINA3	3	0.0527	0.8285
ACTB	C3	3	0.0930	0.7945
KRT8	C3	3	0.0832	0.8019
LMNA	C3	3	0.0286	0.8510
MAPRE3	C3	3	0.0143	0.8609
ACTB	NRAS	3	0.2259	0.7018
CTNNA1	NRAS	3	0.0258	0.8531
KRT8	NRAS	3	0.2214	0.7052
LMNA	NRAS	3	0.0943	0.7935
MAPRE3	NRAS	3	0.0613	0.8204
ACTB	JCHAIN	3	0.3333	0.5889
ACTB	IGKV3-20	3	0.1663	0.7424
CTNNA1	IGKV3-20	3	0.0671	0.8152
KRT8	IGKV3-20	3	0.2633	0.6722
LMNA	IGKV3-20	3	0.1497	0.7540
MAPRE3	IGKV3-20	3	0.1257	0.7703
ACTB	IGLV1-47	3	0.3309	0.5945
ACTB	IGHV3-7	3	0.3332	0.5905
ACTB	PIGR	3	0.3575	0.5458
CTNNA1	PIGR	3	0.0318	0.8483
LMNA	PIGR	3	0.0136	0.8614
MAPRE3	PIGR	3	0.0412	0.8396
ACTB	IGKC	3	0.3333	0.5889
CTNNA1	IGKC	3	0.0200	0.8571
MAPRE3	IGKC	3	0.0151	0.8604
ACTB	IGHG1	3	0.0672	0.8152
LMNA	IGHG1	3	0.0089	0.8645
MAPRE3	IGHG1	3	0.0025	0.8705
ACTB	IGHG2	3	0.3311	0.5940
CTNNA1	IGHG2	3	0.0256	0.8532
MAPRE3	IGHG2	3	0.0642	0.8177
ACTB	IGHM	3	0.3333	0.5889
MAPRE3	IGHM	3	0.0144	0.8608
ACTB	IGHA1	3	0.3539	0.5524
CTNNA1	IGHA1	3	0.0407	0.8401
LMNA	IGHA1	3	0.0203	0.8569
MAPRE3	IGHA1	3	0.0560	0.8253
ACTB	IGHA2	3	0.6068	0.1944
CTNNA1	IGHA2	3	0.1714	0.7392
MAPRE3	IGHA2	3	0.3020	0.6339
ACTB	HLA-B	3	0.1106	0.7813
CTNNA1	HLA-B	3	0.0549	0.8265
KRT8	HLA-B	3	0.0977	0.7908
LMNA	HLA-B	3	0.0919	0.7953
MAPRE3	HLA-B	3	0.0223	0.8556
ACTB	COL1A1	3	0.0452	0.8358
KRT8	COL1A1	3	0.0535	0.8278
LMNA	COL1A1	3	0.0052	0.8677
MAPRE3	COL1A1	3	0.0014	0.8722
ACTB	COL3A1	3	0.3001	0.6361
CTNNA1	COL3A1	3	0.1477	0.7556
KRT8	COL3A1	3	0.2611	0.6741
LMNA	COL3A1	3	0.2021	0.7187
MAPRE3	COL3A1	3	0.1566	0.7493
ACTB	KRT14	3	0.1709	0.7394
CTNNA1	KRT14	3	0.0834	0.8018
KRT8	KRT14	3	0.1128	0.7797
LMNA	KRT14	3	0.1363	0.7633
MAPRE3	KRT14	3	0.0481	0.8330
ACTB	KRT6A	3	0.1801	0.7328
CTNNA1	KRT6A	3	0.0646	0.8175
KRT8	KRT6A	3	0.0585	0.8229
LMNA	KRT6A	3	0.1307	0.7671
MAPRE3	KRT6A	3	0.0484	0.8327
ACTB	LMNA	3	0.0780	0.8059
CTNNA1	LMNA	3	0.0485	0.8325
KRT8	LMNA	3	0.1493	0.7543
LMNA	LMNA	3	0.9971	0.0007
MAPRE3	LMNA	3	0.0527	0.8285
ACTB	TFRC	3	0.2060	0.7162
CTNNA1	TFRC	3	0.0499	0.8312
KRT8	TFRC	3	0.2492	0.6842
LMNA	TFRC	3	0.2017	0.7189
MAPRE3	TFRC	3	0.0969	0.7915
ACTB	TF	3	0.3262	0.6018
LMNA	TF	3	0.2556	0.6786
ACTB	LTF	3	0.3440	0.5702
LMNA	LTF	3	0.0141	0.8610
MAPRE3	LTF	3	0.0404	0.8404
ACTB	MT-ATP8	3	0.0068	0.8662
CTNNA1	MT-ATP8	3	0.0000	0.8752
KRT8	MT-ATP8	3	0.0212	0.8563
ACTB	CAT	3	0.1435	0.7586
CTNNA1	CAT	3	0.0334	0.8470
KRT8	CAT	3	0.0895	0.7969
LMNA	CAT	3	0.0560	0.8253
MAPRE3	CAT	3	0.0925	0.7949
ACTB	RAF1	3	0.2455	0.6871
CTNNA1	RAF1	3	0.0518	0.8293
KRT8	RAF1	3	0.3000	0.6361
LMNA	RAF1	3	0.1460	0.7569
MAPRE3	RAF1	3	0.1397	0.7612
ACTB	ALDOA	3	0.0965	0.7919
CTNNA1	ALDOA	3	0.0586	0.8229
KRT8	ALDOA	3	0.0787	0.8054
LMNA	ALDOA	3	0.0608	0.8209
MAPRE3	ALDOA	3	0.0329	0.8474
ACTB	CSTB	3	0.0504	0.8307
CTNNA1	CSTB	3	0.0787	0.8054
KRT8	CSTB	3	0.0466	0.8345
LMNA	CSTB	3	0.0585	0.8229
MAPRE3	CSTB	3	0.0275	0.8519
ACTB	ANXA1	3	0.3285	0.5980
CTNNA1	ANXA1	3	0.1218	0.7730
KRT8	ANXA1	3	0.3357	0.5848
LMNA	ANXA1	3	0.2463	0.6864
MAPRE3	ANXA1	3	0.2143	0.7104
ACTB	NR3C1	3	0.3471	0.5644
CTNNA1	NR3C1	3	0.1219	0.7729
KRT8	NR3C1	3	0.3543	0.5519
LMNA	NR3C1	3	0.3276	0.5993
MAPRE3	NR3C1	3	0.2803	0.6565
ACTB	OAT	3	0.0780	0.8059
CTNNA1	OAT	3	0.0351	0.8455
KRT8	OAT	3	0.1121	0.7803
LMNA	OAT	3	0.0452	0.8358
MAPRE3	OAT	3	0.0417	0.8391
ACTB	TK1	3	0.2268	0.7012
CTNNA1	TK1	3	0.0412	0.8396
KRT8	TK1	3	0.2310	0.6983
LMNA	TK1	3	0.1625	0.7451
MAPRE3	TK1	3	0.1271	0.7695
ACTB	KRT6B	3	0.2334	0.6964
CTNNA1	KRT6B	3	0.1331	0.7656
KRT8	KRT6B	3	0.0958	0.7923
LMNA	KRT6B	3	0.1407	0.7604
MAPRE3	KRT6B	3	0.1450	0.7576
ACTB	KRT1	3	0.1585	0.7479
CTNNA1	KRT1	3	0.0633	0.8185
KRT8	KRT1	3	0.2383	0.6927
LMNA	KRT1	3	0.1341	0.7648
MAPRE3	KRT1	3	0.0412	0.8396
ACTB	GAPDH	3	0.1512	0.7531
CTNNA1	GAPDH	3	0.0368	0.8441
KRT8	GAPDH	3	0.1100	0.7818
LMNA	GAPDH	3	0.0777	0.8062
MAPRE3	GAPDH	3	0.0285	0.8511
ACTB	ASL	3	0.0482	0.8328
CTNNA1	ASL	3	0.0002	0.8745
KRT8	ASL	3	0.0783	0.8057
LMNA	ASL	3	0.0229	0.8552
MAPRE3	ASL	3	0.0020	0.8713
ACTB	HLA-A	3	0.0840	0.8012
CTNNA1	HLA-A	3	0.0443	0.8367
KRT8	HLA-A	3	0.0728	0.8103
LMNA	HLA-A	3	0.0501	0.8309
MAPRE3	HLA-A	3	0.0151	0.8604
ACTB	ERBB2	3	0.3102	0.6248
CTNNA1	ERBB2	3	0.2215	0.7051
KRT8	ERBB2	3	0.2450	0.6875
LMNA	ERBB2	3	0.1951	0.7231
MAPRE3	ERBB2	3	0.1434	0.7587
ACTB	CAPNS1	3	0.1201	0.7742
CTNNA1	CAPNS1	3	0.0406	0.8402
KRT8	CAPNS1	3	0.0596	0.8220
LMNA	CAPNS1	3	0.0763	0.8073
MAPRE3	CAPNS1	3	0.0378	0.8432
ACTB	HSPB1	3	0.1158	0.7774
CTNNA1	HSPB1	3	0.0241	0.8543
KRT8	HSPB1	3	0.1436	0.7585
LMNA	HSPB1	3	0.0557	0.8257
MAPRE3	HSPB1	3	0.0195	0.8574
ACTB	TYMS	3	0.1977	0.7213
CTNNA1	TYMS	3	0.0482	0.8328
KRT8	TYMS	3	0.2456	0.6870
LMNA	TYMS	3	0.2491	0.6842
MAPRE3	TYMS	3	0.0754	0.8081
ACTB	RPN1	3	0.1636	0.7442
CTNNA1	RPN1	3	0.0261	0.8529
KRT8	RPN1	3	0.1783	0.7342
LMNA	RPN1	3	0.3090	0.6263
MAPRE3	RPN1	3	0.0497	0.8313
ACTB	RPN2	3	0.2052	0.7167
CTNNA1	RPN2	3	0.0404	0.8404
KRT8	RPN2	3	0.1515	0.7529
LMNA	RPN2	3	0.1449	0.7577
MAPRE3	RPN2	3	0.0146	0.8607
ACTB	GNAI2	3	0.1122	0.7802
CTNNA1	GNAI2	3	0.0380	0.8430
KRT8	GNAI2	3	0.0846	0.8008
LMNA	GNAI2	3	0.0839	0.8013
MAPRE3	GNAI2	3	0.0387	0.8423
ACTB	H2AC4;H2AC11;H2AC7;H2AC25;H2AC6;H2AC12;H2AC14;H2AJ	3	0.0867	0.7992
CTNNA1	H2AC4;H2AC11;H2AC7;H2AC25;H2AC6;H2AC12;H2AC14;H2AJ	3	0.0462	0.8349
KRT8	H2AC4;H2AC11;H2AC7;H2AC25;H2AC6;H2AC12;H2AC14;H2AJ	3	0.0832	0.8019
LMNA	H2AC4;H2AC11;H2AC7;H2AC25;H2AC6;H2AC12;H2AC14;H2AJ	3	0.1126	0.7798
MAPRE3	H2AC4;H2AC11;H2AC7;H2AC25;H2AC6;H2AC12;H2AC14;H2AJ	3	0.0327	0.8476
ACTB	SLC4A2	3	0.2606	0.6745
CTNNA1	SLC4A2	3	0.0992	0.7897
KRT8	SLC4A2	3	0.2776	0.6597
LMNA	SLC4A2	3	0.2310	0.6983
MAPRE3	SLC4A2	3	0.1250	0.7708
ACTB	ATP1A1	3	0.1466	0.7564
CTNNA1	ATP1A1	3	0.0391	0.8418
KRT8	ATP1A1	3	0.1949	0.7233
LMNA	ATP1A1	3	0.1070	0.7839
MAPRE3	ATP1A1	3	0.0822	0.8027
ACTB	APP	3	0.0173	0.8588
LMNA	APP	3	0.3179	0.6138
ACTB	ARG1	3	0.2431	0.6889
CTNNA1	ARG1	3	0.0718	0.8112
KRT8	ARG1	3	0.0261	0.8529
LMNA	ARG1	3	0.1156	0.7776
MAPRE3	ARG1	3	0.0524	0.8288
ACTB	ALDH2	3	0.1131	0.7794
CTNNA1	ALDH2	3	0.0281	0.8514
KRT8	ALDH2	3	0.1931	0.7246
LMNA	ALDH2	3	0.0881	0.7981
MAPRE3	ALDH2	3	0.0148	0.8606
ACTB	S100A8	3	0.3240	0.6050
CTNNA1	S100A8	3	0.0513	0.8297
KRT8	S100A8	3	0.0353	0.8454
LMNA	S100A8	3	0.0727	0.8104
MAPRE3	S100A8	3	0.0508	0.8303
ACTB	SLC25A5	3	0.1686	0.7410
CTNNA1	SLC25A5	3	0.0357	0.8451
KRT8	SLC25A5	3	0.4302	0.4083
LMNA	SLC25A5	3	0.1609	0.7462
MAPRE3	SLC25A5	3	0.0700	0.8127
ACTB	ISG15	3	0.0680	0.8144
CTNNA1	ISG15	3	0.0361	0.8447
KRT8	ISG15	3	0.0672	0.8152
LMNA	ISG15	3	0.0651	0.8170
MAPRE3	ISG15	3	0.0335	0.8469
ACTB	MPO	3	0.3332	0.5905
LMNA	MPO	3	0.0467	0.8344
MAPRE3	MPO	3	0.3088	0.6265
ACTB	PCCA	3	0.0437	0.8372
CTNNA1	PCCA	3	0.0605	0.8212
KRT8	PCCA	3	0.0479	0.8332
LMNA	PCCA	3	0.0531	0.8282
MAPRE3	PCCA	3	0.0304	0.8495
ACTB	PCCB	3	0.0907	0.7961
CTNNA1	PCCB	3	0.0440	0.8370
KRT8	PCCB	3	0.1839	0.7303
LMNA	PCCB	3	0.0642	0.8177
MAPRE3	PCCB	3	0.0137	0.8614
ACTB	EIF2S1	3	0.2103	0.7131
CTNNA1	EIF2S1	3	0.0293	0.8504
KRT8	EIF2S1	3	0.2191	0.7068
LMNA	EIF2S1	3	0.1165	0.7768
MAPRE3	EIF2S1	3	0.0768	0.8069
ACTB	RPLP1	3	0.0952	0.7928
CTNNA1	RPLP1	3	0.0613	0.8204
KRT8	RPLP1	3	0.2515	0.6822
LMNA	RPLP1	3	0.0481	0.8330
MAPRE3	RPLP1	3	0.0320	0.8481
ACTB	RPLP2	3	0.0253	0.8535
CTNNA1	RPLP2	3	0.0002	0.8745
KRT8	RPLP2	3	0.0637	0.8181
LMNA	RPLP2	3	0.0168	0.8593
MAPRE3	RPLP2	3	0.0035	0.8694
ACTB	RPLP0	3	0.0818	0.8030
CTNNA1	RPLP0	3	0.0436	0.8372
KRT8	RPLP0	3	0.0844	0.8010
LMNA	RPLP0	3	0.0458	0.8352
MAPRE3	RPLP0	3	0.0212	0.8563
ACTB	JUN	3	0.1510	0.7533
CTNNA1	JUN	3	0.0130	0.8618
KRT8	JUN	3	0.1814	0.7320
LMNA	JUN	3	0.2904	0.6463
ACTB	POLR3D	3	0.0780	0.8059
CTNNA1	POLR3D	3	0.0074	0.8657
KRT8	POLR3D	3	0.1126	0.7798
LMNA	POLR3D	3	0.0267	0.8524
MAPRE3	POLR3D	3	0.0374	0.8436
ACTB	SSB	3	0.1373	0.7627
CTNNA1	SSB	3	0.0349	0.8457
KRT8	SSB	3	0.1455	0.7573
LMNA	SSB	3	0.2255	0.7021
MAPRE3	SSB	3	0.0325	0.8478
ACTB	ITGB1	3	0.2331	0.6966
CTNNA1	ITGB1	3	0.1600	0.7470
KRT8	ITGB1	3	0.1763	0.7358
LMNA	ITGB1	3	0.4679	0.3548
MAPRE3	ITGB1	3	0.1444	0.7580
ACTB	KRT8	3	0.1435	0.7586
CTNNA1	KRT8	3	0.0677	0.8147
KRT8	KRT8	3	0.8639	0.0486
LMNA	KRT8	3	0.0774	0.8065
MAPRE3	KRT8	3	0.0927	0.7947
ACTB	IGKV4-1	3	0.3333	0.5889
ACTB	GSN	3	0.0921	0.7952
CTNNA1	GSN	3	0.0014	0.8722
KRT8	GSN	3	0.0590	0.8225
LMNA	GSN	3	0.0187	0.8579
MAPRE3	GSN	3	0.0062	0.8667
ACTB	PTMA	3	0.1217	0.7731
CTNNA1	PTMA	3	0.0525	0.8287
KRT8	PTMA	3	0.0991	0.7898
LMNA	PTMA	3	0.2353	0.6947
MAPRE3	PTMA	3	0.0704	0.8123
ACTB	CDK1	3	0.2746	0.6622
CTNNA1	CDK1	3	0.0795	0.8049
KRT8	CDK1	3	0.3377	0.5817
LMNA	CDK1	3	0.2143	0.7104
MAPRE3	CDK1	3	0.2238	0.7035
ACTB	ATP5F1B	3	0.1213	0.7733
CTNNA1	ATP5F1B	3	0.0206	0.8567
KRT8	ATP5F1B	3	0.2425	0.6893
LMNA	ATP5F1B	3	0.0602	0.8215
MAPRE3	ATP5F1B	3	0.0368	0.8441
ACTB	S100A9	3	0.4084	0.4474
CTNNA1	S100A9	3	0.0539	0.8274
KRT8	S100A9	3	0.1091	0.7824
LMNA	S100A9	3	0.0705	0.8122
MAPRE3	S100A9	3	0.0545	0.8269
ACTB	S100A6	3	0.1042	0.7860
CTNNA1	S100A6	3	0.0475	0.8337
KRT8	S100A6	3	0.0183	0.8581
LMNA	S100A6	3	0.1528	0.7520
MAPRE3	S100A6	3	0.0754	0.8081
ACTB	EIF4E	3	0.1136	0.7790
CTNNA1	EIF4E	3	0.0458	0.8352
KRT8	EIF4E	3	0.1310	0.7670
LMNA	EIF4E	3	0.0438	0.8371
MAPRE3	EIF4E	3	0.1179	0.7756
ACTB	PYGL	3	0.2384	0.6926
CTNNA1	PYGL	3	0.0292	0.8505
KRT8	PYGL	3	0.2788	0.6583
LMNA	PYGL	3	0.1412	0.7602
MAPRE3	PYGL	3	0.0910	0.7959
ACTB	GPI	3	0.3876	0.4870
CTNNA1	GPI	3	0.1215	0.7732
KRT8	GPI	3	0.3400	0.5781
LMNA	GPI	3	0.2124	0.7117
MAPRE3	GPI	3	0.2135	0.7109
ACTB	NPM1	3	0.1490	0.7546
CTNNA1	NPM1	3	0.0296	0.8502
KRT8	NPM1	3	0.1471	0.7561
LMNA	NPM1	3	0.1485	0.7549
MAPRE3	NPM1	3	0.1017	0.7880
ACTB	TPM3	3	0.0955	0.7926
CTNNA1	TPM3	3	0.0412	0.8396
KRT8	TPM3	3	0.0943	0.7935
LMNA	TPM3	3	0.0513	0.8297
MAPRE3	TPM3	3	0.0259	0.8530
CTNNA1	HEXA	3	0.0449	0.8361
LMNA	HEXA	3	0.0359	0.8449
ACTB	H2BC11;H2BC17;H2BC3;H2BC21;H2BC26	3	0.0697	0.8130
CTNNA1	H2BC11;H2BC17;H2BC3;H2BC21;H2BC26	3	0.0652	0.8169
KRT8	H2BC11;H2BC17;H2BC3;H2BC21;H2BC26	3	0.0331	0.8472
LMNA	H2BC11;H2BC17;H2BC3;H2BC21;H2BC26	3	0.1519	0.7526
MAPRE3	H2BC11;H2BC17;H2BC3;H2BC21;H2BC26	3	0.0800	0.8045
ACTB	GPX1	3	0.1024	0.7875
CTNNA1	GPX1	3	0.0460	0.8351
KRT8	GPX1	3	0.0843	0.8010
LMNA	GPX1	3	0.0761	0.8074
MAPRE3	GPX1	3	0.0476	0.8336
ACTB	P4HB	3	0.1109	0.7811
CTNNA1	P4HB	3	0.0288	0.8508
KRT8	P4HB	3	0.0756	0.8079
LMNA	P4HB	3	0.0753	0.8082
MAPRE3	P4HB	3	0.0300	0.8498
ACTB	CTSD	3	0.2860	0.6507
CTNNA1	CTSD	3	0.0505	0.8305
KRT8	CTSD	3	0.1168	0.7765
LMNA	CTSD	3	0.0952	0.7928
MAPRE3	CTSD	3	0.0532	0.8281
ACTB	ANXA2	3	0.1809	0.7324
CTNNA1	ANXA2	3	0.0453	0.8357
KRT8	ANXA2	3	0.1691	0.7406
LMNA	ANXA2	3	0.0363	0.8446
MAPRE3	ANXA2	3	0.0620	0.8197
ACTB	CAPN1	3	0.1754	0.7365
CTNNA1	CAPN1	3	0.0175	0.8587
KRT8	CAPN1	3	0.2414	0.6901
LMNA	CAPN1	3	0.0861	0.7997
MAPRE3	CAPN1	3	0.0428	0.8380
ACTB	PRSS1;PRSS2;PRSS3P2	3	0.0360	0.8448
CTNNA1	PRSS1;PRSS2;PRSS3P2	3	0.0793	0.8051
KRT8	PRSS1;PRSS2;PRSS3P2	3	0.0731	0.8101
LMNA	PRSS1;PRSS2;PRSS3P2	3	0.0665	0.8157
MAPRE3	PRSS1;PRSS2;PRSS3P2	3	0.0505	0.8305
ACTB	EPRS1	3	0.2548	0.6793
CTNNA1	EPRS1	3	0.0541	0.8273
KRT8	EPRS1	3	0.2685	0.6676
LMNA	EPRS1	3	0.1154	0.7778
MAPRE3	EPRS1	3	0.1109	0.7811
ACTB	HSP90AA1	3	0.1322	0.7662
CTNNA1	HSP90AA1	3	0.0371	0.8438
KRT8	HSP90AA1	3	0.1448	0.7578
LMNA	HSP90AA1	3	0.1043	0.7859
MAPRE3	HSP90AA1	3	0.0496	0.8314
ACTB	HNRNPC	3	0.2255	0.7021
CTNNA1	HNRNPC	3	0.0398	0.8411
KRT8	HNRNPC	3	0.1854	0.7295
LMNA	HNRNPC	3	0.1915	0.7255
MAPRE3	HNRNPC	3	0.0975	0.7910
ACTB	LAMB1	3	0.0728	0.8103
KRT8	LAMB1	3	0.0582	0.8233
LMNA	LAMB1	3	0.0233	0.8550
MAPRE3	LAMB1	3	0.0082	0.8651
ACTB	YES1	3	0.0567	0.8246
CTNNA1	YES1	3	0.0221	0.8557
KRT8	YES1	3	0.1206	0.7739
LMNA	YES1	3	0.0349	0.8457
MAPRE3	YES1	3	0.0112	0.8630
ACTB	FH	3	0.1114	0.7807
CTNNA1	FH	3	0.0378	0.8432
KRT8	FH	3	0.1631	0.7447
LMNA	FH	3	0.0716	0.8114
MAPRE3	FH	3	0.0128	0.8619
ACTB	THBS1	3	0.1594	0.7474
CTNNA1	THBS1	3	0.0394	0.8415
KRT8	THBS1	3	0.3448	0.5685
LMNA	THBS1	3	0.2191	0.7068
MAPRE3	THBS1	3	0.0653	0.8168
ACTB	SP1	3	0.0603	0.8214
CTNNA1	SP1	3	0.0589	0.8226
KRT8	SP1	3	0.1193	0.7747
LMNA	SP1	3	0.1392	0.7614
MAPRE3	SP1	3	0.0251	0.8536
ACTB	ANXA6	3	0.1868	0.7288
CTNNA1	ANXA6	3	0.0342	0.8464
KRT8	ANXA6	3	0.2112	0.7125
LMNA	ANXA6	3	0.0740	0.8094
MAPRE3	ANXA6	3	0.0399	0.8409
ACTB	SLC3A2	3	0.2353	0.6947
CTNNA1	SLC3A2	3	0.0941	0.7937
KRT8	SLC3A2	3	0.2925	0.6441
LMNA	SLC3A2	3	0.1567	0.7492
MAPRE3	SLC3A2	3	0.0841	0.8011
ACTB	PFKM	3	0.2625	0.6729
CTNNA1	PFKM	3	0.0608	0.8209
KRT8	PFKM	3	0.3081	0.6272
LMNA	PFKM	3	0.1913	0.7256
MAPRE3	PFKM	3	0.1561	0.7496
ACTB	HSP90AB1	3	0.1315	0.7666
CTNNA1	HSP90AB1	3	0.0374	0.8436
KRT8	HSP90AB1	3	0.1254	0.7705
LMNA	HSP90AB1	3	0.1252	0.7707
MAPRE3	HSP90AB1	3	0.0646	0.8175
ACTB	SRPRA	3	0.2696	0.6667
CTNNA1	SRPRA	3	0.0734	0.8098
KRT8	SRPRA	3	0.2583	0.6763
LMNA	SRPRA	3	0.2809	0.6559
MAPRE3	SRPRA	3	0.1426	0.7593
ACTB	ASNS	3	0.2277	0.7006
CTNNA1	ASNS	3	0.0302	0.8497
KRT8	ASNS	3	0.2104	0.7130
LMNA	ASNS	3	0.0681	0.8143
MAPRE3	ASNS	3	0.0526	0.8286
ACTB	CTSG	3	0.3333	0.5889
ACTB	PDHA1	3	0.0735	0.8098
CTNNA1	PDHA1	3	0.0387	0.8423
KRT8	PDHA1	3	0.1705	0.7397
LMNA	PDHA1	3	0.0820	0.8028
MAPRE3	PDHA1	3	0.0332	0.8471
ACTB	MET	3	0.1632	0.7446
CTNNA1	MET	3	0.0631	0.8188
KRT8	MET	3	0.2933	0.6431
LMNA	MET	3	0.0876	0.7985
MAPRE3	MET	3	0.0796	0.8048
ACTB	SNRNP70	3	0.1149	0.7782
CTNNA1	SNRNP70	3	0.0436	0.8372
KRT8	SNRNP70	3	0.0749	0.8087
LMNA	SNRNP70	3	0.0699	0.8128
MAPRE3	SNRNP70	3	0.0357	0.8451
ACTB	NFIC	3	0.1397	0.7612
CTNNA1	NFIC	3	0.0351	0.8455
KRT8	NFIC	3	0.1369	0.7629
LMNA	NFIC	3	0.2339	0.6960
MAPRE3	NFIC	3	0.0611	0.8206
ACTB	VIM	3	0.2471	0.6857
CTNNA1	VIM	3	0.1418	0.7598
KRT8	VIM	3	0.3701	0.5196
LMNA	VIM	3	0.1238	0.7717
MAPRE3	VIM	3	0.1885	0.7275
ACTB	RPS17	3	0.0753	0.8082
CTNNA1	RPS17	3	0.0503	0.8308
KRT8	RPS17	3	0.0734	0.8098
LMNA	RPS17	3	0.0692	0.8134
MAPRE3	RPS17	3	0.0299	0.8499
ACTB	KRT19	3	0.1824	0.7313
CTNNA1	KRT19	3	0.0932	0.7943
KRT8	KRT19	3	0.3905	0.4791
LMNA	KRT19	3	0.1220	0.7729
MAPRE3	KRT19	3	0.1236	0.7719
ACTB	KRT7	3	0.1615	0.7458
CTNNA1	KRT7	3	0.0765	0.8072
KRT8	KRT7	3	0.7340	0.1152
LMNA	KRT7	3	0.1087	0.7826
MAPRE3	KRT7	3	0.1037	0.7864
ACTB	GNAI3	3	0.1283	0.7687
CTNNA1	GNAI3	3	0.0383	0.8427
KRT8	GNAI3	3	0.1709	0.7394
LMNA	GNAI3	3	0.1055	0.7850
MAPRE3	GNAI3	3	0.0420	0.8388
ACTB	ANXA5	3	0.1354	0.7639
CTNNA1	ANXA5	3	0.0334	0.8470
KRT8	ANXA5	3	0.1106	0.7813
LMNA	ANXA5	3	0.0843	0.8010
MAPRE3	ANXA5	3	0.0392	0.8417
ACTB	KRT16	3	0.2891	0.6478
CTNNA1	KRT16	3	0.0960	0.7922
KRT8	KRT16	3	0.1352	0.7641
LMNA	KRT16	3	0.1812	0.7321
MAPRE3	KRT16	3	0.1258	0.7703
ACTB	RPSA	3	0.1455	0.7573
CTNNA1	RPSA	3	0.0293	0.8504
KRT8	RPSA	3	0.1202	0.7741
LMNA	RPSA	3	0.0604	0.8213
MAPRE3	RPSA	3	0.0238	0.8546
ACTB	MRPL3	3	0.0858	0.7999
CTNNA1	MRPL3	3	0.0501	0.8309
KRT8	MRPL3	3	0.1904	0.7263
LMNA	MRPL3	3	0.0660	0.8161
MAPRE3	MRPL3	3	0.0329	0.8474
ACTB	FGF2	3	0.0930	0.7945
CTNNA1	FGF2	3	0.0515	0.8296
KRT8	FGF2	3	0.1242	0.7714
LMNA	FGF2	3	0.0792	0.8052
MAPRE3	FGF2	3	0.0337	0.8467
ACTB	ACAA1	3	0.0893	0.7970
CTNNA1	ACAA1	3	0.0450	0.8360
KRT8	ACAA1	3	0.0995	0.7895
LMNA	ACAA1	3	0.0965	0.7919
MAPRE3	ACAA1	3	0.0195	0.8574
ACTB	SRP19	3	0.1148	0.7783
CTNNA1	SRP19	3	0.0616	0.8201
KRT8	SRP19	3	0.0814	0.8034
LMNA	SRP19	3	0.0351	0.8455
MAPRE3	SRP19	3	0.0434	0.8374
ACTB	GSTP1	3	0.1312	0.7668
CTNNA1	GSTP1	3	0.0398	0.8411
KRT8	GSTP1	3	0.1059	0.7848
LMNA	GSTP1	3	0.0536	0.8277
MAPRE3	GSTP1	3	0.0266	0.8525
ACTB	SNRPC	3	0.2612	0.6739
CTNNA1	SNRPC	3	0.0519	0.8292
KRT8	SNRPC	3	0.2654	0.6703
LMNA	SNRPC	3	0.2201	0.7063
MAPRE3	SNRPC	3	0.1474	0.7559
ACTB	LGALS1	3	0.0493	0.8317
CTNNA1	LGALS1	3	0.0468	0.8343
KRT8	LGALS1	3	0.0579	0.8235
LMNA	LGALS1	3	0.0482	0.8328
MAPRE3	LGALS1	3	0.0224	0.8555
ACTB	HMGB1	3	0.1038	0.7864
KRT8	HMGB1	3	0.0454	0.8356
LMNA	HMGB1	3	0.2375	0.6931
MAPRE3	HMGB1	3	0.0374	0.8436
ACTB	TPM1	3	0.0751	0.8084
KRT8	TPM1	3	0.1656	0.7429
ACTB	CLTA	3	0.0931	0.7944
CTNNA1	CLTA	3	0.0398	0.8411
KRT8	CLTA	3	0.1321	0.7663
LMNA	CLTA	3	0.0759	0.8076
MAPRE3	CLTA	3	0.0434	0.8374
ACTB	ANXA4	3	0.1445	0.7579
CTNNA1	ANXA4	3	0.0322	0.8480
KRT8	ANXA4	3	0.1899	0.7266
LMNA	ANXA4	3	0.1226	0.7725
MAPRE3	ANXA4	3	0.0604	0.8213
ACTB	CNP	3	0.1886	0.7274
CTNNA1	CNP	3	0.0359	0.8449
KRT8	CNP	3	0.2322	0.6975
LMNA	CNP	3	0.1142	0.7787
MAPRE3	CNP	3	0.0452	0.8358
ACTB	DLD	3	0.1525	0.7521
CTNNA1	DLD	3	0.0277	0.8517
KRT8	DLD	3	0.3684	0.5229
LMNA	DLD	3	0.0946	0.7933
MAPRE3	DLD	3	0.0543	0.8271
ACTB	HNRNPA1	3	0.1688	0.7408
CTNNA1	HNRNPA1	3	0.0303	0.8496
KRT8	HNRNPA1	3	0.1513	0.7530
LMNA	HNRNPA1	3	0.2707	0.6657
MAPRE3	HNRNPA1	3	0.1742	0.7374
ACTB	SNRPA1	3	0.2387	0.6925
CTNNA1	SNRPA1	3	0.0514	0.8297
KRT8	SNRPA1	3	0.2541	0.6801
LMNA	SNRPA1	3	0.2421	0.6896
MAPRE3	SNRPA1	3	0.1663	0.7424
ACTB	PARP1	3	0.1607	0.7464
CTNNA1	PARP1	3	0.0278	0.8516
KRT8	PARP1	3	0.1626	0.7451
LMNA	PARP1	3	0.2718	0.6647
MAPRE3	PARP1	3	0.0774	0.8065
ACTB	POLA1	3	0.2150	0.7099
CTNNA1	POLA1	3	0.0841	0.8011
KRT8	POLA1	3	0.2374	0.6931
LMNA	POLA1	3	0.2960	0.6404
MAPRE3	POLA1	3	0.1419	0.7597
ACTB	LTA4H	3	0.1283	0.7687
CTNNA1	LTA4H	3	0.0301	0.8498
KRT8	LTA4H	3	0.0991	0.7898
LMNA	LTA4H	3	0.0385	0.8425
MAPRE3	LTA4H	3	0.0351	0.8455
ACTB	ALDOC	3	0.1467	0.7563
CTNNA1	ALDOC	3	0.0467	0.8344
KRT8	ALDOC	3	0.1325	0.7660
LMNA	ALDOC	3	0.0749	0.8087
MAPRE3	ALDOC	3	0.0244	0.8541
ACTB	C4A;C4B	3	0.0651	0.8170
ACTB	H2AZ1;H2AZ2	3	0.0198	0.8572
CTNNA1	H2AZ1;H2AZ2	3	0.0203	0.8569
LMNA	H2AZ1;H2AZ2	3	0.1510	0.7533
ACTB	FBXO45	3	0.2237	0.7035
CTNNA1	FBXO45	3	0.0040	0.8689
KRT8	FBXO45	3	0.2109	0.7127
LMNA	FBXO45	3	0.0318	0.8483
MAPRE3	FBXO45	3	0.1037	0.7864
ACTB	UQCRFS1P1;UQCRFS1	3	0.0361	0.8447
CTNNA1	UQCRFS1P1;UQCRFS1	3	0.0465	0.8346
KRT8	UQCRFS1P1;UQCRFS1	3	0.0320	0.8481
LMNA	UQCRFS1P1;UQCRFS1	3	0.0366	0.8443
MAPRE3	UQCRFS1P1;UQCRFS1	3	0.0337	0.8467
KRT8	ATXN1L	3	0.0407	0.8401
LMNA	ATXN1L	3	0.0316	0.8485
ACTB	POLR2M	3	0.2316	0.6979
CTNNA1	POLR2M	3	0.1087	0.7826
KRT8	POLR2M	3	0.2979	0.6381
LMNA	POLR2M	3	0.0669	0.8154
MAPRE3	POLR2M	3	0.1504	0.7536
ACTB	POTEI	3	0.4296	0.4120
CTNNA1	POTEI	3	0.0210	0.8565
KRT8	POTEI	3	0.0869	0.7990
LMNA	POTEI	3	0.0271	0.8521
ACTB	UBB;UBC;RPS27A;UBA52	3	0.2216	0.7051
CTNNA1	UBB;UBC;RPS27A;UBA52	3	0.0450	0.8360
KRT8	UBB;UBC;RPS27A;UBA52	3	0.2341	0.6957
LMNA	UBB;UBC;RPS27A;UBA52	3	0.1607	0.7464
MAPRE3	UBB;UBC;RPS27A;UBA52	3	0.1000	0.7892
KRT8	TRAPPC2;TRAPPC2B	3	0.8043	0.0667
MAPRE3	TRAPPC2;TRAPPC2B	3	0.0151	0.8604
ACTB	HSPA1A;HSPA1B	3	0.1624	0.7452
CTNNA1	HSPA1A;HSPA1B	3	0.0365	0.8444
KRT8	HSPA1A;HSPA1B	3	0.2290	0.6998
LMNA	HSPA1A;HSPA1B	3	0.1346	0.7644
MAPRE3	HSPA1A;HSPA1B	3	0.0538	0.8275
ACTB	CALM1;CALM2;CALM3	3	0.2837	0.6530
CTNNA1	CALM1;CALM2;CALM3	3	0.0972	0.7913
KRT8	CALM1;CALM2;CALM3	3	0.3081	0.6272
LMNA	CALM1;CALM2;CALM3	3	0.2425	0.6893
MAPRE3	CALM1;CALM2;CALM3	3	0.1664	0.7424
ACTB	ERCC6	3	0.0220	0.8557
KRT8	ERCC6	3	0.0048	0.8680
LMNA	ERCC6	3	0.0611	0.8206
MAPRE3	ERCC6	3	0.0035	0.8694
ACTB	VSIG8	3	0.0645	0.8175
CTNNA1	VSIG8	3	0.0068	0.8662
KRT8	VSIG8	3	0.0588	0.8227
ACTB	NBPF9;NBPF8;NBPF10;NBPF15	3	0.0329	0.8474
KRT8	NBPF9;NBPF8;NBPF10;NBPF15	3	0.1011	0.7884
LMNA	NBPF9;NBPF8;NBPF10;NBPF15	3	0.0150	0.8605
ACTB	TUBA3C;TUBA3D	3	0.1197	0.7745
CTNNA1	TUBA3C;TUBA3D	3	0.0151	0.8604
KRT8	TUBA3C;TUBA3D	3	0.2042	0.7173
LMNA	TUBA3C;TUBA3D	3	0.1942	0.7238
MAPRE3	TUBA3C;TUBA3D	3	0.1189	0.7750
ACTB	GLI2	3	0.0415	0.8393
KRT8	GLI2	3	0.1363	0.7633
MAPRE3	GLI2	3	0.0208	0.8566
ACTB	GLI3	3	0.0235	0.8548
KRT8	GLI3	3	0.1090	0.7824
MAPRE3	GLI3	3	0.0185	0.8580
ACTB	RO60	3	0.1734	0.7378
CTNNA1	RO60	3	0.0472	0.8340
KRT8	RO60	3	0.2155	0.7095
LMNA	RO60	3	0.1531	0.7517
MAPRE3	RO60	3	0.0776	0.8063
ACTB	MYBL2	3	0.0091	0.8643
KRT8	MYBL2	3	0.0124	0.8622
LMNA	MYBL2	3	0.0402	0.8406
MAPRE3	MYBL2	3	0.0014	0.8722
ACTB	AR	3	0.0649	0.8172
KRT8	AR	3	0.0370	0.8440
LMNA	AR	3	0.0083	0.8650
MAPRE3	AR	3	0.0028	0.8702
ACTB	HLA-C	3	0.0812	0.8035
CTNNA1	HLA-C	3	0.0531	0.8282
KRT8	HLA-C	3	0.0994	0.7896
LMNA	HLA-C	3	0.0681	0.8143
MAPRE3	HLA-C	3	0.0181	0.8582
ACTB	ARAF	3	0.2513	0.6824
CTNNA1	ARAF	3	0.0676	0.8148
KRT8	ARAF	3	0.3256	0.6026
LMNA	ARAF	3	0.1382	0.7622
MAPRE3	ARAF	3	0.1518	0.7527
ACTB	H1-4	3	0.0414	0.8394
CTNNA1	H1-4	3	0.0547	0.8267
KRT8	H1-4	3	0.0391	0.8418
LMNA	H1-4	3	0.0717	0.8113
MAPRE3	H1-4	3	0.0412	0.8396
ACTB	DLAT	3	0.2307	0.6985
CTNNA1	DLAT	3	0.0849	0.8007
KRT8	DLAT	3	0.2088	0.7143
LMNA	DLAT	3	0.1638	0.7441
MAPRE3	DLAT	3	0.0355	0.8452
ACTB	TXN	3	0.0818	0.8030
CTNNA1	TXN	3	0.0437	0.8372
KRT8	TXN	3	0.0776	0.8063
LMNA	TXN	3	0.0721	0.8110
MAPRE3	TXN	3	0.0384	0.8426
ACTB	TGFB3	3	0.2615	0.6736
CTNNA1	TGFB3	3	0.1006	0.7888
KRT8	TGFB3	3	0.3049	0.6305
LMNA	TGFB3	3	0.1001	0.7891
MAPRE3	TGFB3	3	0.3499	0.5589
ACTB	COX5B	3	0.3661	0.5283
KRT8	COX5B	3	0.6550	0.1697
LMNA	COX5B	3	0.3298	0.5966
ACTB	MGST1	3	0.1728	0.7383
CTNNA1	MGST1	3	0.0388	0.8422
KRT8	MGST1	3	0.1979	0.7211
LMNA	MGST1	3	0.1498	0.7540
MAPRE3	MGST1	3	0.0414	0.8394
ACTB	PRKAR1A	3	0.1501	0.7538
CTNNA1	PRKAR1A	3	0.0459	0.8351
KRT8	PRKAR1A	3	0.1297	0.7679
LMNA	PRKAR1A	3	0.0590	0.8225
MAPRE3	PRKAR1A	3	0.0649	0.8172
ACTB	HSPD1	3	0.1576	0.7486
CTNNA1	HSPD1	3	0.0439	0.8371
KRT8	HSPD1	3	0.1381	0.7622
LMNA	HSPD1	3	0.0947	0.7932
MAPRE3	HSPD1	3	0.0525	0.8287
ACTB	CLU	3	0.0376	0.8434
KRT8	CLU	3	0.0059	0.8671
LMNA	CLU	3	0.0156	0.8600
ACTB	HSPA5	3	0.1702	0.7399
CTNNA1	HSPA5	3	0.0367	0.8442
KRT8	HSPA5	3	0.1550	0.7503
LMNA	HSPA5	3	0.1200	0.7743
MAPRE3	HSPA5	3	0.0802	0.8044
ACTB	MAP2	3	0.0484	0.8327
CTNNA1	MAP2	3	0.0069	0.8662
KRT8	MAP2	3	0.0458	0.8352
LMNA	MAP2	3	0.0096	0.8640
MAPRE3	MAP2	3	0.1457	0.7571
ACTB	HSPA8	3	0.1616	0.7457
CTNNA1	HSPA8	3	0.0360	0.8448
KRT8	HSPA8	3	0.2626	0.6728
LMNA	HSPA8	3	0.1616	0.7457
MAPRE3	HSPA8	3	0.0534	0.8279
ACTB	SLC2A1	3	0.2163	0.7090
CTNNA1	SLC2A1	3	0.0528	0.8285
KRT8	SLC2A1	3	0.3974	0.4673
LMNA	SLC2A1	3	0.1873	0.7283
MAPRE3	SLC2A1	3	0.1212	0.7734
ACTB	EPB41	3	0.0731	0.8101
CTNNA1	EPB41	3	0.0028	0.8702
KRT8	EPB41	3	0.0246	0.8540
LMNA	EPB41	3	0.0008	0.8732
MAPRE3	EPB41	3	0.0020	0.8713
ACTB	UMPS	3	0.1427	0.7592
CTNNA1	UMPS	3	0.0411	0.8397
KRT8	UMPS	3	0.1838	0.7303
LMNA	UMPS	3	0.1103	0.7816
MAPRE3	UMPS	3	0.0588	0.8227
ACTB	PDHB	3	0.1212	0.7734
CTNNA1	PDHB	3	0.0503	0.8308
KRT8	PDHB	3	0.1822	0.7315
LMNA	PDHB	3	0.0873	0.7987
MAPRE3	PDHB	3	0.0413	0.8395
ACTB	DBT	3	0.0792	0.8052
CTNNA1	DBT	3	0.0110	0.8631
KRT8	DBT	3	0.3408	0.5765
LMNA	DBT	3	0.0547	0.8267
MAPRE3	DBT	3	0.0244	0.8541
ACTB	PYGB	3	0.0972	0.7913
CTNNA1	PYGB	3	0.0287	0.8509
KRT8	PYGB	3	0.2124	0.7117
LMNA	PYGB	3	0.0826	0.8024
MAPRE3	PYGB	3	0.0338	0.8466
ACTB	BCR	3	0.3338	0.5879
CTNNA1	BCR	3	0.1323	0.7661
KRT8	BCR	3	0.3451	0.5677
LMNA	BCR	3	0.1907	0.7261
MAPRE3	BCR	3	0.2549	0.6792
ACTB	ACADM	3	0.0544	0.8270
CTNNA1	ACADM	3	0.0212	0.8563
KRT8	ACADM	3	0.1476	0.7557
LMNA	ACADM	3	0.0779	0.8060
MAPRE3	ACADM	3	0.0808	0.8039
ACTB	TOP1	3	0.1114	0.7807
CTNNA1	TOP1	3	0.0402	0.8406
KRT8	TOP1	3	0.1149	0.7782
LMNA	TOP1	3	0.1139	0.7788
MAPRE3	TOP1	3	0.0438	0.8371
ACTB	TOP2A	3	0.2197	0.7065
CTNNA1	TOP2A	3	0.0563	0.8250
KRT8	TOP2A	3	0.2837	0.6530
LMNA	TOP2A	3	0.2881	0.6486
MAPRE3	TOP2A	3	0.1611	0.7461
ACTB	G6PD	3	0.1579	0.7484
CTNNA1	G6PD	3	0.0353	0.8454
KRT8	G6PD	3	0.1820	0.7316
LMNA	G6PD	3	0.0418	0.8390
MAPRE3	G6PD	3	0.0629	0.8190
ACTB	UBL4A	3	0.2644	0.6712
CTNNA1	UBL4A	3	0.0824	0.8025
KRT8	UBL4A	3	0.2310	0.6983
LMNA	UBL4A	3	0.1255	0.7705
MAPRE3	UBL4A	3	0.1000	0.7892
ACTB	PC	3	0.0352	0.8455
CTNNA1	PC	3	0.0590	0.8225
KRT8	PC	3	0.0527	0.8285
LMNA	PC	3	0.0479	0.8332
MAPRE3	PC	3	0.0342	0.8464
ACTB	DMD	3	0.2487	0.6846
CTNNA1	DMD	3	0.1658	0.7428
KRT8	DMD	3	0.2818	0.6549
LMNA	DMD	3	0.0780	0.8059
MAPRE3	DMD	3	0.1379	0.7623
ACTB	MTHFD1	3	0.1371	0.7628
CTNNA1	MTHFD1	3	0.0353	0.8454
KRT8	MTHFD1	3	0.1610	0.7461
LMNA	MTHFD1	3	0.0807	0.8040
MAPRE3	MTHFD1	3	0.0418	0.8390
ACTB	EPX	3	0.3332	0.5905
ACTB	IGF2R	3	0.2948	0.6415
CTNNA1	IGF2R	3	0.0933	0.7943
KRT8	IGF2R	3	0.2692	0.6671
LMNA	IGF2R	3	0.2793	0.6576
MAPRE3	IGF2R	3	0.1641	0.7439
ACTB	ADH5	3	0.2429	0.6890
CTNNA1	ADH5	3	0.0344	0.8462
KRT8	ADH5	3	0.1759	0.7361
LMNA	ADH5	3	0.1849	0.7298
MAPRE3	ADH5	3	0.0477	0.8334
ACTB	PSKH1	3	0.0046	0.8682
LMNA	PSKH1	3	0.0222	0.8556
ACTB	CDK4	3	0.1273	0.7694
CTNNA1	CDK4	3	0.0532	0.8281
KRT8	CDK4	3	0.1818	0.7316
LMNA	CDK4	3	0.1339	0.7651
MAPRE3	CDK4	3	0.0879	0.7982
ACTB	PRPS2	3	0.1876	0.7281
CTNNA1	PRPS2	3	0.0395	0.8413
KRT8	PRPS2	3	0.2631	0.6723
LMNA	PRPS2	3	0.1557	0.7499
MAPRE3	PRPS2	3	0.0755	0.8080
ACTB	PABPC1	3	0.2602	0.6748
CTNNA1	PABPC1	3	0.0726	0.8105
KRT8	PABPC1	3	0.2735	0.6632
LMNA	PABPC1	3	0.1124	0.7800
MAPRE3	PABPC1	3	0.2154	0.7097
ACTB	KRT3	3	0.2345	0.6953
CTNNA1	KRT3	3	0.0593	0.8223
KRT8	KRT3	3	0.0314	0.8487
LMNA	KRT3	3	0.0379	0.8431
MAPRE3	KRT3	3	0.0187	0.8579
ACTB	NEFH	3	0.0635	0.8183
KRT8	NEFH	3	0.1364	0.7632
LMNA	NEFH	3	0.0100	0.8638
MAPRE3	NEFH	3	0.0372	0.8438
ACTB	HARS1	3	0.2542	0.6800
CTNNA1	HARS1	3	0.0420	0.8388
KRT8	HARS1	3	0.2443	0.6880
LMNA	HARS1	3	0.1252	0.7707
MAPRE3	HARS1	3	0.1252	0.7707
ACTB	SLC25A4	3	0.1088	0.7825
CTNNA1	SLC25A4	3	0.0537	0.8276
KRT8	SLC25A4	3	0.2725	0.6639
LMNA	SLC25A4	3	0.2198	0.7065
MAPRE3	SLC25A4	3	0.1080	0.7831
ACTB	SLC25A6	3	0.1742	0.7374
CTNNA1	SLC25A6	3	0.0511	0.8300
KRT8	SLC25A6	3	0.2816	0.6552
LMNA	SLC25A6	3	0.1824	0.7313
MAPRE3	SLC25A6	3	0.0984	0.7903
ACTB	IMPDH2	3	0.1836	0.7304
CTNNA1	IMPDH2	3	0.0258	0.8531
KRT8	IMPDH2	3	0.2459	0.6867
LMNA	IMPDH2	3	0.1338	0.7651
MAPRE3	IMPDH2	3	0.0609	0.8208
ACTB	TPR	3	0.2132	0.7111
CTNNA1	TPR	3	0.0963	0.7921
KRT8	TPR	3	0.2101	0.7132
LMNA	TPR	3	0.3351	0.5862
MAPRE3	TPR	3	0.1849	0.7298
ACTB	PIP	3	0.3172	0.6146
CTNNA1	PIP	3	0.0523	0.8289
LMNA	PIP	3	0.0450	0.8360
MAPRE3	PIP	3	0.1106	0.7813
ACTB	CKB	3	0.2663	0.6697
KRT8	CKB	3	0.2852	0.6516
LMNA	CKB	3	0.2209	0.7056
MAPRE3	CKB	3	0.0700	0.8127
ACTB	ANXA3	3	0.0735	0.8098
CTNNA1	ANXA3	3	0.0349	0.8457
KRT8	ANXA3	3	0.1130	0.7795
LMNA	ANXA3	3	0.0533	0.8280
MAPRE3	ANXA3	3	0.0213	0.8562
ACTB	ACTN1	3	0.4957	0.3079
CTNNA1	ACTN1	3	0.0873	0.7987
KRT8	ACTN1	3	0.2073	0.7153
LMNA	ACTN1	3	0.1015	0.7882
MAPRE3	ACTN1	3	0.1006	0.7888
ACTB	PEPD	3	0.1108	0.7812
CTNNA1	PEPD	3	0.0273	0.8520
KRT8	PEPD	3	0.1597	0.7472
LMNA	PEPD	3	0.0968	0.7917
MAPRE3	PEPD	3	0.0219	0.8558
ACTB	XRCC6	3	0.1889	0.7272
CTNNA1	XRCC6	3	0.0285	0.8511
KRT8	XRCC6	3	0.1939	0.7240
LMNA	XRCC6	3	0.2412	0.6903
MAPRE3	XRCC6	3	0.0724	0.8106
ACTB	XRCC5	3	0.1488	0.7547
CTNNA1	XRCC5	3	0.0237	0.8547
KRT8	XRCC5	3	0.1654	0.7431
LMNA	XRCC5	3	0.2141	0.7106
MAPRE3	XRCC5	3	0.0605	0.8212
ACTB	UNG	3	0.1545	0.7507
CTNNA1	UNG	3	0.0234	0.8549
KRT8	UNG	3	0.1427	0.7592
LMNA	UNG	3	0.3067	0.6286
MAPRE3	UNG	3	0.0950	0.7930
ACTB	NR2C1	3	0.0170	0.8591
KRT8	NR2C1	3	0.0141	0.8610
LMNA	NR2C1	3	0.0532	0.8281
MAPRE3	NR2C1	3	0.0003	0.8743
ACTB	RNH1	3	0.1429	0.7590
CTNNA1	RNH1	3	0.0300	0.8498
KRT8	RNH1	3	0.1343	0.7647
LMNA	RNH1	3	0.2554	0.6787
MAPRE3	RNH1	3	0.1107	0.7813
ACTB	EEF2	3	0.1086	0.7827
CTNNA1	EEF2	3	0.0395	0.8413
KRT8	EEF2	3	0.1194	0.7746
LMNA	EEF2	3	0.0667	0.8156
MAPRE3	EEF2	3	0.0514	0.8297
ACTB	KRT13	3	0.2552	0.6789
CTNNA1	KRT13	3	0.0869	0.7990
KRT8	KRT13	3	0.0854	0.8002
LMNA	KRT13	3	0.1282	0.7688
MAPRE3	KRT13	3	0.0795	0.8049
ACTB	KRT5	3	0.2213	0.7054
CTNNA1	KRT5	3	0.0834	0.8018
KRT8	KRT5	3	0.0648	0.8173
LMNA	KRT5	3	0.1450	0.7576
MAPRE3	KRT5	3	0.0614	0.8203
ACTB	PDIA4	3	0.4043	0.4531
CTNNA1	PDIA4	3	0.0639	0.8180
KRT8	PDIA4	3	0.2303	0.6988
LMNA	PDIA4	3	0.0675	0.8149
MAPRE3	PDIA4	3	0.0249	0.8538
ACTB	ZNF35	3	0.0773	0.8065
KRT8	ZNF35	3	0.0701	0.8126
LMNA	ZNF35	3	0.1612	0.7460
ACTB	TPT1	3	0.0988	0.7900
CTNNA1	TPT1	3	0.0665	0.8157
KRT8	TPT1	3	0.1103	0.7816
LMNA	TPT1	3	0.0839	0.8013
MAPRE3	TPT1	3	0.0286	0.8510
ACTB	PLS3	3	0.2010	0.7193
CTNNA1	PLS3	3	0.0296	0.8502
KRT8	PLS3	3	0.1470	0.7561
LMNA	PLS3	3	0.0538	0.8275
MAPRE3	PLS3	3	0.0311	0.8490
ACTB	APEH	3	0.2570	0.6772
CTNNA1	APEH	3	0.0557	0.8257
KRT8	APEH	3	0.2633	0.6722
LMNA	APEH	3	0.1651	0.7434
MAPRE3	APEH	3	0.1208	0.7737
ACTB	ETFA	3	0.1106	0.7813
CTNNA1	ETFA	3	0.0475	0.8337
KRT8	ETFA	3	0.2436	0.6884
LMNA	ETFA	3	0.0988	0.7900
MAPRE3	ETFA	3	0.0403	0.8405
ACTB	GYS1	3	0.0942	0.7936
CTNNA1	GYS1	3	0.0421	0.8387
KRT8	GYS1	3	0.1927	0.7248
LMNA	GYS1	3	0.0768	0.8069
MAPRE3	GYS1	3	0.0050	0.8678
ACTB	PRKAR2A	3	0.2269	0.7011
CTNNA1	PRKAR2A	3	0.0353	0.8454
KRT8	PRKAR2A	3	0.1932	0.7245
LMNA	PRKAR2A	3	0.0635	0.8183
MAPRE3	PRKAR2A	3	0.1212	0.7734
ACTB	ANXA8;ANXA8L1	3	0.0817	0.8031
CTNNA1	ANXA8;ANXA8L1	3	0.0407	0.8401
KRT8	ANXA8;ANXA8L1	3	0.0836	0.8016
LMNA	ANXA8;ANXA8L1	3	0.0491	0.8319
MAPRE3	ANXA8;ANXA8L1	3	0.0239	0.8545
ACTB	GTF2F2	3	0.1496	0.7541
CTNNA1	GTF2F2	3	0.0450	0.8360
KRT8	GTF2F2	3	0.1253	0.7706
LMNA	GTF2F2	3	0.3047	0.6308
MAPRE3	GTF2F2	3	0.1221	0.7728
ACTB	MIF	3	0.1001	0.7891
CTNNA1	MIF	3	0.0541	0.8273
KRT8	MIF	3	0.1166	0.7766
LMNA	MIF	3	0.1020	0.7878
MAPRE3	MIF	3	0.0394	0.8415
ACTB	FDPS	3	0.1902	0.7264
CTNNA1	FDPS	3	0.0989	0.7899
KRT8	FDPS	3	0.1107	0.7813
LMNA	FDPS	3	0.1294	0.7681
MAPRE3	FDPS	3	0.0880	0.7982
ACTB	TRIM27	3	0.1251	0.7708
CTNNA1	TRIM27	3	0.0539	0.8274
KRT8	TRIM27	3	0.5802	0.2181
LMNA	TRIM27	3	0.1802	0.7328
MAPRE3	TRIM27	3	0.0320	0.8481
ACTB	PKM	3	0.1011	0.7884
CTNNA1	PKM	3	0.0499	0.8312
KRT8	PKM	3	0.0592	0.8224
LMNA	PKM	3	0.0758	0.8077
MAPRE3	PKM	3	0.0293	0.8504
ACTB	ACYP2	3	0.0667	0.8156
CTNNA1	ACYP2	3	0.0498	0.8313
KRT8	ACYP2	3	0.0593	0.8223
LMNA	ACYP2	3	0.0809	0.8038
MAPRE3	ACYP2	3	0.0342	0.8464
ACTB	HSP90B1	3	0.1144	0.7785
CTNNA1	HSP90B1	3	0.0386	0.8424
KRT8	HSP90B1	3	0.2206	0.7059
LMNA	HSP90B1	3	0.0626	0.8192
MAPRE3	HSP90B1	3	0.0267	0.8524
ACTB	CCNB1	3	0.2212	0.7054
CTNNA1	CCNB1	3	0.0777	0.8062
KRT8	CCNB1	3	0.2521	0.6817
LMNA	CCNB1	3	0.0668	0.8155
MAPRE3	CCNB1	3	0.3485	0.5617
ACTB	MYL6B	3	0.1863	0.7290
CTNNA1	MYL6B	3	0.0445	0.8365
KRT8	MYL6B	3	0.1386	0.7620
LMNA	MYL6B	3	0.0598	0.8218
MAPRE3	MYL6B	3	0.0338	0.8466
ACTB	SNRPB	3	0.2504	0.6832
CTNNA1	SNRPB	3	0.0706	0.8121
KRT8	SNRPB	3	0.2803	0.6565
LMNA	SNRPB	3	0.2781	0.6591
MAPRE3	SNRPB	3	0.2062	0.7159
ACTB	IDE	3	0.1221	0.7728
CTNNA1	IDE	3	0.0291	0.8506
KRT8	IDE	3	0.1764	0.7358
LMNA	IDE	3	0.0933	0.7943
MAPRE3	IDE	3	0.0366	0.8443
ACTB	POU2F1	3	0.0056	0.8673
KRT8	POU2F1	3	0.0127	0.8620
LMNA	POU2F1	3	0.0289	0.8507
ACTB	HNRNPL	3	0.0549	0.8265
CTNNA1	HNRNPL	3	0.0361	0.8447
KRT8	HNRNPL	3	0.0652	0.8169
LMNA	HNRNPL	3	0.0746	0.8089
MAPRE3	HNRNPL	3	0.0225	0.8554
ACTB	DARS1	3	0.1651	0.7434
CTNNA1	DARS1	3	0.0479	0.8332
KRT8	DARS1	3	0.1823	0.7313
LMNA	DARS1	3	0.0547	0.8267
MAPRE3	DARS1	3	0.0412	0.8396
ACTB	JUP	3	0.2209	0.7056
CTNNA1	JUP	3	0.2852	0.6516
KRT8	JUP	3	0.2116	0.7121
LMNA	JUP	3	0.0852	0.8003
MAPRE3	JUP	3	0.0776	0.8063
ACTB	ETS2	3	0.1217	0.7731
KRT8	ETS2	3	0.1483	0.7552
LMNA	ETS2	3	0.2871	0.6497
MAPRE3	ETS2	3	0.0572	0.8240
ACTB	BRAF	3	0.2443	0.6880
KRT8	BRAF	3	0.2905	0.6462
LMNA	BRAF	3	0.0139	0.8612
MAPRE3	BRAF	3	0.0451	0.8359
ACTB	AKR1B1	3	0.1309	0.7670
CTNNA1	AKR1B1	3	0.0298	0.8500
KRT8	AKR1B1	3	0.1580	0.7483
LMNA	AKR1B1	3	0.0332	0.8471
MAPRE3	AKR1B1	3	0.0565	0.8248
ACTB	GSPT1	3	0.2712	0.6653
CTNNA1	GSPT1	3	0.1277	0.7691
KRT8	GSPT1	3	0.2820	0.6547
LMNA	GSPT1	3	0.0869	0.7990
MAPRE3	GSPT1	3	0.2270	0.7011
ACTB	EZR	3	0.3392	0.5790
CTNNA1	EZR	3	0.1445	0.7579
KRT8	EZR	3	0.3164	0.6156
LMNA	EZR	3	0.1846	0.7299
MAPRE3	EZR	3	0.2229	0.7042
ACTB	ATF2	3	0.0069	0.8662
CTNNA1	ATF2	3	0.0000	0.8752
KRT8	ATF2	3	0.0026	0.8704
LMNA	ATF2	3	0.0460	0.8351
MAPRE3	ATF2	3	0.0003	0.8743
ACTB	FOSL1	3	0.2420	0.6897
CTNNA1	FOSL1	3	0.0580	0.8234
KRT8	FOSL1	3	0.2002	0.7198
LMNA	FOSL1	3	0.2882	0.6485
MAPRE3	FOSL1	3	0.1651	0.7434
ACTB	FOSL2	3	0.2113	0.7124
CTNNA1	FOSL2	3	0.0769	0.8068
KRT8	FOSL2	3	0.2119	0.7120
LMNA	FOSL2	3	0.2999	0.6362
MAPRE3	FOSL2	3	0.1448	0.7578
ACTB	NME1	3	0.0727	0.8104
CTNNA1	NME1	3	0.0551	0.8263
KRT8	NME1	3	0.0974	0.7911
LMNA	NME1	3	0.0741	0.8093
MAPRE3	NME1	3	0.0389	0.8420
ACTB	NQO1	3	0.2067	0.7156
CTNNA1	NQO1	3	0.0306	0.8494
KRT8	NQO1	3	0.2719	0.6645
LMNA	NQO1	3	0.1072	0.7837
MAPRE3	NQO1	3	0.0773	0.8065
ACTB	HIVEP1	3	0.1504	0.7536
KRT8	HIVEP1	3	0.1694	0.7404
LMNA	HIVEP1	3	0.2527	0.6812
MAPRE3	HIVEP1	3	0.0695	0.8132
ACTB	RPS2	3	0.2202	0.7062
CTNNA1	RPS2	3	0.0727	0.8104
KRT8	RPS2	3	0.2505	0.6832
LMNA	RPS2	3	0.1772	0.7351
MAPRE3	RPS2	3	0.1126	0.7798
ACTB	TCF3	3	0.0333	0.8471
CTNNA1	TCF3	3	0.0005	0.8738
KRT8	TCF3	3	0.0312	0.8489
LMNA	TCF3	3	0.0808	0.8039
ACTB	DSP	3	0.1492	0.7544
CTNNA1	DSP	3	0.0274	0.8520
KRT8	DSP	3	0.1763	0.7358
LMNA	DSP	3	0.1246	0.7711
MAPRE3	DSP	3	0.0308	0.8492
ACTB	CD44	3	0.2854	0.6514
CTNNA1	CD44	3	0.1592	0.7475
KRT8	CD44	3	0.2153	0.7097
LMNA	CD44	3	0.1262	0.7700
MAPRE3	CD44	3	0.0597	0.8219
ACTB	ITGB4	3	0.2141	0.7106
CTNNA1	ITGB4	3	0.0586	0.8229
KRT8	ITGB4	3	0.2924	0.6443
LMNA	ITGB4	3	0.1722	0.7386
MAPRE3	ITGB4	3	0.1048	0.7856
ACTB	CBR1	3	0.1296	0.7680
CTNNA1	CBR1	3	0.0337	0.8467
KRT8	CBR1	3	0.1399	0.7611
LMNA	CBR1	3	0.0785	0.8056
MAPRE3	CBR1	3	0.0319	0.8483
ACTB	CREB1	3	0.0571	0.8241
KRT8	CREB1	3	0.0042	0.8687
LMNA	CREB1	3	0.0365	0.8444
MAPRE3	CREB1	3	0.0050	0.8678
ACTB	NCK1	3	0.3373	0.5826
CTNNA1	NCK1	3	0.1143	0.7786
KRT8	NCK1	3	0.3766	0.5106
LMNA	NCK1	3	0.2253	0.7023
MAPRE3	NCK1	3	0.2593	0.6755
ACTB	H1-5	3	0.0454	0.8356
CTNNA1	H1-5	3	0.0541	0.8273
KRT8	H1-5	3	0.0456	0.8355
LMNA	H1-5	3	0.0760	0.8075
MAPRE3	H1-5	3	0.0455	0.8355
ACTB	H1-3	3	0.0828	0.8022
CTNNA1	H1-3	3	0.0370	0.8440
KRT8	H1-3	3	0.0856	0.8001
LMNA	H1-3	3	0.0820	0.8028
MAPRE3	H1-3	3	0.0443	0.8367
ACTB	H1-2	3	0.1243	0.7713
CTNNA1	H1-2	3	0.0565	0.8248
KRT8	H1-2	3	0.1066	0.7842
LMNA	H1-2	3	0.1157	0.7775
MAPRE3	H1-2	3	0.0505	0.8305
ACTB	POR	3	0.0528	0.8285
KRT8	POR	3	0.0142	0.8610
LMNA	POR	3	0.0085	0.8648
ACTB	MGMT	3	0.1591	0.7476
CTNNA1	MGMT	3	0.0519	0.8292
KRT8	MGMT	3	0.2301	0.6990
LMNA	MGMT	3	0.0974	0.7911
MAPRE3	MGMT	3	0.0369	0.8440
ACTB	FER	3	0.0561	0.8252
CTNNA1	FER	3	0.0003	0.8743
KRT8	FER	3	0.0936	0.7941
LMNA	FER	3	0.0302	0.8497
MAPRE3	FER	3	0.0075	0.8657
ACTB	ATP2A2	3	0.1391	0.7615
CTNNA1	ATP2A2	3	0.0274	0.8520
KRT8	ATP2A2	3	0.2749	0.6620
LMNA	ATP2A2	3	0.1497	0.7540
MAPRE3	ATP2A2	3	0.0674	0.8150
ACTB	FAH	3	0.0875	0.7986
CTNNA1	FAH	3	0.0494	0.8317
KRT8	FAH	3	0.6613	0.1625
LMNA	FAH	3	0.1161	0.7771
MAPRE3	FAH	3	0.1732	0.7379
ACTB	STMN1	3	0.3821	0.4990
CTNNA1	STMN1	3	0.1233	0.7720
KRT8	STMN1	3	0.3603	0.5413
LMNA	STMN1	3	0.3292	0.5973
MAPRE3	STMN1	3	0.3038	0.6319
ACTB	YBX3	3	0.1113	0.7808
CTNNA1	YBX3	3	0.0221	0.8557
KRT8	YBX3	3	0.0962	0.7921
LMNA	YBX3	3	0.0256	0.8532
MAPRE3	YBX3	3	0.0659	0.8162
CTNNA1	ZNF12	3	0.0316	0.8485
KRT8	ZNF12	3	0.0690	0.8136
LMNA	ZNF12	3	0.1989	0.7204
MAPRE3	ZNF12	3	0.0306	0.8494
ACTB	ZNF24	3	0.0027	0.8703
KRT8	ZNF24	3	0.0092	0.8643
LMNA	ZNF24	3	0.1182	0.7755
MAPRE3	ZNF24	3	0.0095	0.8641
ACTB	ZKSCAN1	3	0.0140	0.8611
KRT8	ZKSCAN1	3	0.0856	0.8001
LMNA	ZKSCAN1	3	0.0990	0.7898
ACTB	HSPA6	3	0.2506	0.6831
CTNNA1	HSPA6	3	0.0927	0.7947
KRT8	HSPA6	3	0.2823	0.6542
LMNA	HSPA6	3	0.2149	0.7100
MAPRE3	HSPA6	3	0.1451	0.7575
ACTB	HMGA1	3	0.0189	0.8578
KRT8	HMGA1	3	0.0032	0.8697
LMNA	HMGA1	3	0.0605	0.8212
ACTB	ZNF8	3	0.1115	0.7806
KRT8	ZNF8	3	0.1403	0.7607
LMNA	ZNF8	3	0.2939	0.6425
MAPRE3	ZNF8	3	0.0973	0.7912
ACTB	TMEM11	3	0.0751	0.8084
CTNNA1	TMEM11	3	0.0715	0.8115
KRT8	TMEM11	3	0.1131	0.7794
LMNA	TMEM11	3	0.0699	0.8128
MAPRE3	TMEM11	3	0.0292	0.8505
ACTB	PRKCA	3	0.1922	0.7251
CTNNA1	PRKCA	3	0.0316	0.8485
KRT8	PRKCA	3	0.2230	0.7041
LMNA	PRKCA	3	0.1389	0.7617
MAPRE3	PRKCA	3	0.0458	0.8352
ACTB	JUNB	3	0.2034	0.7178
CTNNA1	JUNB	3	0.0615	0.8202
KRT8	JUNB	3	0.1853	0.7296
LMNA	JUNB	3	0.2910	0.6458
MAPRE3	JUNB	3	0.1326	0.7659
ACTB	GJA1	3	0.0559	0.8254
CTNNA1	GJA1	3	0.0095	0.8641
KRT8	GJA1	3	0.1364	0.7632
LMNA	GJA1	3	0.2672	0.6688
ACTB	UBTF	3	0.1199	0.7744
CTNNA1	UBTF	3	0.0290	0.8507
KRT8	UBTF	3	0.1386	0.7620
LMNA	UBTF	3	0.1906	0.7261
MAPRE3	UBTF	3	0.0501	0.8309
ACTB	JUND	3	0.1434	0.7587
CTNNA1	JUND	3	0.0413	0.8395
KRT8	JUND	3	0.1306	0.7672
LMNA	JUND	3	0.2618	0.6733
MAPRE3	JUND	3	0.0750	0.8085
ACTB	ATF7	3	0.2063	0.7158
CTNNA1	ATF7	3	0.0242	0.8543
KRT8	ATF7	3	0.1934	0.7243
LMNA	ATF7	3	0.2957	0.6408
MAPRE3	ATF7	3	0.0877	0.7984
ACTB	PRKACA	3	0.0718	0.8112
CTNNA1	PRKACA	3	0.0330	0.8473
KRT8	PRKACA	3	0.1009	0.7886
LMNA	PRKACA	3	0.0674	0.8150
MAPRE3	PRKACA	3	0.0163	0.8595
ACTB	CAPN2	3	0.1801	0.7328
CTNNA1	CAPN2	3	0.0380	0.8430
KRT8	CAPN2	3	0.2266	0.7014
LMNA	CAPN2	3	0.0840	0.8012
MAPRE3	CAPN2	3	0.0479	0.8332
ACTB	CEBPB	3	0.1680	0.7413
CTNNA1	CEBPB	3	0.0537	0.8276
KRT8	CEBPB	3	0.1849	0.7298
LMNA	CEBPB	3	0.2892	0.6476
MAPRE3	CEBPB	3	0.1531	0.7517
ACTB	PTPN2	3	0.1832	0.7307
CTNNA1	PTPN2	3	0.0611	0.8206
KRT8	PTPN2	3	0.3215	0.6079
LMNA	PTPN2	3	0.2606	0.6745
MAPRE3	PTPN2	3	0.0980	0.7906
ACTB	CTPS1	3	0.2619	0.6732
CTNNA1	CTPS1	3	0.0558	0.8255
KRT8	CTPS1	3	0.3079	0.6274
LMNA	CTPS1	3	0.1982	0.7209
MAPRE3	CTPS1	3	0.1556	0.7500
ACTB	ENG	3	0.0644	0.8176
CTNNA1	ENG	3	0.0346	0.8460
KRT8	ENG	3	0.1394	0.7613
LMNA	ENG	3	0.0513	0.8297
MAPRE3	ENG	3	0.0171	0.8590
ACTB	DDX5	3	0.0763	0.8073
CTNNA1	DDX5	3	0.0256	0.8532
KRT8	DDX5	3	0.1068	0.7840
LMNA	DDX5	3	0.2446	0.6877
MAPRE3	DDX5	3	0.0724	0.8106
ACTB	PFKL	3	0.2618	0.6733
CTNNA1	PFKL	3	0.0609	0.8208
KRT8	PFKL	3	0.2923	0.6444
LMNA	PFKL	3	0.1878	0.7280
MAPRE3	PFKL	3	0.1477	0.7556
ACTB	LGALS3	3	0.1065	0.7843
KRT8	LGALS3	3	0.0397	0.8412
ACTB	PSMC3	3	0.2707	0.6657
CTNNA1	PSMC3	3	0.1122	0.7802
KRT8	PSMC3	3	0.3889	0.4823
LMNA	PSMC3	3	0.2169	0.7084
MAPRE3	PSMC3	3	0.1749	0.7369
ACTB	TCP1	3	0.1439	0.7583
CTNNA1	TCP1	3	0.0387	0.8423
KRT8	TCP1	3	0.1687	0.7409
LMNA	TCP1	3	0.1526	0.7521
MAPRE3	TCP1	3	0.0430	0.8378
ACTB	PTPN1	3	0.1997	0.7200
CTNNA1	PTPN1	3	0.0421	0.8387
KRT8	PTPN1	3	0.2123	0.7117
LMNA	PTPN1	3	0.3212	0.6082
MAPRE3	PTPN1	3	0.0760	0.8075
ACTB	ERCC2	3	0.2534	0.6807
CTNNA1	ERCC2	3	0.0373	0.8437
KRT8	ERCC2	3	0.3473	0.5641
LMNA	ERCC2	3	0.2092	0.7140
MAPRE3	ERCC2	3	0.1183	0.7754
ACTB	RPL35A	3	0.2676	0.6684
CTNNA1	RPL35A	3	0.0505	0.8305
KRT8	RPL35A	3	0.2629	0.6725
LMNA	RPL35A	3	0.1617	0.7457
MAPRE3	RPL35A	3	0.1303	0.7674
LMNA	ITGB5	3	0.0818	0.8030
ACTB	ARF4	3	0.1594	0.7474
CTNNA1	ARF4	3	0.0364	0.8445
KRT8	ARF4	3	0.3403	0.5775
LMNA	ARF4	3	0.1636	0.7442
MAPRE3	ARF4	3	0.0730	0.8102
ACTB	RPL7	3	0.1793	0.7334
CTNNA1	RPL7	3	0.0427	0.8381
KRT8	RPL7	3	0.1809	0.7324
LMNA	RPL7	3	0.1465	0.7565
MAPRE3	RPL7	3	0.0974	0.7911
ACTB	VCL	3	0.4634	0.3629
CTNNA1	VCL	3	0.2285	0.7002
KRT8	VCL	3	0.1909	0.7259
LMNA	VCL	3	0.0743	0.8092
MAPRE3	VCL	3	0.1136	0.7790
ACTB	SON	3	0.2157	0.7094
CTNNA1	SON	3	0.0354	0.8453
KRT8	SON	3	0.2120	0.7119
LMNA	SON	3	0.2612	0.6739
MAPRE3	SON	3	0.1120	0.7803
ACTB	NELFE	3	0.1646	0.7437
CTNNA1	NELFE	3	0.0475	0.8337
KRT8	NELFE	3	0.1263	0.7699
LMNA	NELFE	3	0.2819	0.6549
MAPRE3	NELFE	3	0.1224	0.7726
ACTB	RPL17	3	0.0957	0.7925
CTNNA1	RPL17	3	0.0407	0.8401
KRT8	RPL17	3	0.1174	0.7760
LMNA	RPL17	3	0.0671	0.8152
MAPRE3	RPL17	3	0.0371	0.8438
ACTB	PGAM1	3	0.2341	0.6957
CTNNA1	PGAM1	3	0.0203	0.8569
KRT8	PGAM1	3	0.2432	0.6887
LMNA	PGAM1	3	0.1154	0.7778
MAPRE3	PGAM1	3	0.1022	0.7877
ACTB	RCC1	3	0.1106	0.7813
CTNNA1	RCC1	3	0.0552	0.8262
KRT8	RCC1	3	0.1636	0.7442
LMNA	RCC1	3	0.1079	0.7832
MAPRE3	RCC1	3	0.0314	0.8487
ACTB	ATF1	3	0.0165	0.8594
CTNNA1	ATF1	3	0.0008	0.8732
KRT8	ATF1	3	0.0211	0.8564
LMNA	ATF1	3	0.0778	0.8062
MAPRE3	ATF1	3	0.0001	0.8748
ACTB	ATF6	3	0.0363	0.8446
CTNNA1	ATF6	3	0.0008	0.8732
KRT8	ATF6	3	0.0896	0.7968
LMNA	ATF6	3	0.0071	0.8660
MAPRE3	ATF6	3	0.0065	0.8665
ACTB	LIG1	3	0.1905	0.7262
CTNNA1	LIG1	3	0.0443	0.8367
KRT8	LIG1	3	0.2226	0.7044
LMNA	LIG1	3	0.2706	0.6658
MAPRE3	LIG1	3	0.1090	0.7824
ACTB	XRCC1	3	0.1954	0.7229
CTNNA1	XRCC1	3	0.0311	0.8490
KRT8	XRCC1	3	0.1346	0.7644
LMNA	XRCC1	3	0.2913	0.6454
MAPRE3	XRCC1	3	0.1156	0.7776
ACTB	KRT15	3	0.2400	0.6913
CTNNA1	KRT15	3	0.1779	0.7345
KRT8	KRT15	3	0.5620	0.2362
LMNA	KRT15	3	0.3190	0.6120
MAPRE3	KRT15	3	0.1535	0.7514
ACTB	KRT4	3	0.1435	0.7586
CTNNA1	KRT4	3	0.0454	0.8356
KRT8	KRT4	3	0.6450	0.1732
LMNA	KRT4	3	0.0851	0.8005
MAPRE3	KRT4	3	0.1036	0.7866
ACTB	CDH2	3	0.1168	0.7765
CTNNA1	CDH2	3	0.1032	0.7868
KRT8	CDH2	3	0.1336	0.7652
LMNA	CDH2	3	0.1524	0.7522
MAPRE3	CDH2	3	0.0052	0.8677
ACTB	PLCG1	3	0.1234	0.7720
CTNNA1	PLCG1	3	0.0131	0.8617
KRT8	PLCG1	3	0.2062	0.7159
LMNA	PLCG1	3	0.0755	0.8080
MAPRE3	PLCG1	3	0.0340	0.8465
ACTB	NCL	3	0.0966	0.7918
CTNNA1	NCL	3	0.0261	0.8529
KRT8	NCL	3	0.0759	0.8076
LMNA	NCL	3	0.2534	0.6807
MAPRE3	NCL	3	0.1026	0.7874
ACTB	HK1	3	0.1017	0.7880
CTNNA1	HK1	3	0.0384	0.8426
KRT8	HK1	3	0.0698	0.8129
LMNA	HK1	3	0.0568	0.8245
MAPRE3	HK1	3	0.0283	0.8513
ACTB	POLR2C	3	0.0390	0.8419
KRT8	POLR2C	3	0.0885	0.7977
LMNA	POLR2C	3	0.0246	0.8540
MAPRE3	POLR2C	3	0.0309	0.8491
ACTB	NDUFV2	3	0.1780	0.7344
CTNNA1	NDUFV2	3	0.0497	0.8313
KRT8	NDUFV2	3	0.4202	0.4285
LMNA	NDUFV2	3	0.0985	0.7903
MAPRE3	NDUFV2	3	0.0737	0.8096
ACTB	ERCC3	3	0.1606	0.7465
CTNNA1	ERCC3	3	0.0262	0.8528
KRT8	ERCC3	3	0.2713	0.6652
LMNA	ERCC3	3	0.2273	0.7009
MAPRE3	ERCC3	3	0.0708	0.8120
ACTB	TRIM21	3	0.2534	0.6807
CTNNA1	TRIM21	3	0.1492	0.7544
KRT8	TRIM21	3	0.3031	0.6327
LMNA	TRIM21	3	0.2321	0.6976
MAPRE3	TRIM21	3	0.2176	0.7079
ACTB	TFEB	3	0.0564	0.8249
CTNNA1	TFEB	3	0.0017	0.8717
KRT8	TFEB	3	0.0925	0.7949
LMNA	TFEB	3	0.0130	0.8618
MAPRE3	TFEB	3	0.0079	0.8653
ACTB	EIF2AK2	3	0.1430	0.7590
CTNNA1	EIF2AK2	3	0.0455	0.8355
KRT8	EIF2AK2	3	0.1783	0.7342
LMNA	EIF2AK2	3	0.0987	0.7901
MAPRE3	EIF2AK2	3	0.0518	0.8293
ACTB	TFE3	3	0.0296	0.8502
KRT8	TFE3	3	0.0596	0.8220
LMNA	TFE3	3	0.0037	0.8691
MAPRE3	TFE3	3	0.0020	0.8713
ACTB	SRM	3	0.0929	0.7945
CTNNA1	SRM	3	0.0325	0.8478
KRT8	SRM	3	0.0943	0.7935
LMNA	SRM	3	0.0731	0.8101
MAPRE3	SRM	3	0.0349	0.8457
ACTB	CSNK2A2	3	0.0978	0.7907
CTNNA1	CSNK2A2	3	0.0362	0.8446
KRT8	CSNK2A2	3	0.1354	0.7639
LMNA	CSNK2A2	3	0.0596	0.8220
MAPRE3	CSNK2A2	3	0.0254	0.8534
ACTB	RXRA	3	0.0194	0.8575
KRT8	RXRA	3	0.0132	0.8616
LMNA	RXRA	3	0.0952	0.7928
MAPRE3	RXRA	3	0.0052	0.8677
ACTB	NFKB1	3	0.2565	0.6776
CTNNA1	NFKB1	3	0.0928	0.7946
KRT8	NFKB1	3	0.3376	0.5819
LMNA	NFKB1	3	0.1485	0.7549
MAPRE3	NFKB1	3	0.1558	0.7498
ACTB	ATP2B1	3	0.1630	0.7447
CTNNA1	ATP2B1	3	0.0520	0.8291
KRT8	ATP2B1	3	0.2246	0.7029
LMNA	ATP2B1	3	0.1798	0.7330
MAPRE3	ATP2B1	3	0.0291	0.8506
ACTB	EIF2S2	3	0.2784	0.6588
CTNNA1	EIF2S2	3	0.0737	0.8096
KRT8	EIF2S2	3	0.2805	0.6562
LMNA	EIF2S2	3	0.1280	0.7689
MAPRE3	EIF2S2	3	0.1636	0.7442
ACTB	TCN1	3	0.3158	0.6162
ACTB	ANXA7	3	0.2038	0.7176
CTNNA1	ANXA7	3	0.0515	0.8296
KRT8	ANXA7	3	0.1836	0.7304
LMNA	ANXA7	3	0.1475	0.7558
MAPRE3	ANXA7	3	0.0497	0.8313
ACTB	TBP	3	0.2058	0.7163
CTNNA1	TBP	3	0.1023	0.7876
KRT8	TBP	3	0.5088	0.2862
LMNA	TBP	3	0.0721	0.8110
MAPRE3	TBP	3	0.0532	0.8281
ACTB	CCNA2	3	0.0815	0.8033
KRT8	CCNA2	3	0.1169	0.7764
LMNA	CCNA2	3	0.1420	0.7596
MAPRE3	CCNA2	3	0.0430	0.8378
ACTB	RAB5A	3	0.2331	0.6966
CTNNA1	RAB5A	3	0.0631	0.8188
KRT8	RAB5A	3	0.2840	0.6526
LMNA	RAB5A	3	0.1979	0.7211
MAPRE3	RAB5A	3	0.0574	0.8239
ACTB	RAB6A;RAB39A;RAB6B	3	0.1283	0.7687
CTNNA1	RAB6A;RAB39A;RAB6B	3	0.0407	0.8401
KRT8	RAB6A;RAB39A;RAB6B	3	0.1281	0.7689
LMNA	RAB6A;RAB39A;RAB6B	3	0.1174	0.7760
MAPRE3	RAB6A;RAB39A;RAB6B	3	0.0375	0.8435
ACTB	MSH3	3	0.1546	0.7507
CTNNA1	MSH3	3	0.0634	0.8184
KRT8	MSH3	3	0.2323	0.6975
LMNA	MSH3	3	0.2399	0.6914
MAPRE3	MSH3	3	0.1041	0.7861
ACTB	PSMB1	3	0.1349	0.7643
KRT8	PSMB1	3	0.1257	0.7703
LMNA	PSMB1	3	0.0600	0.8217
MAPRE3	PSMB1	3	0.0392	0.8417
ACTB	LMNB1	3	0.0576	0.8238
CTNNA1	LMNB1	3	0.0391	0.8418
KRT8	LMNB1	3	0.0724	0.8106
LMNA	LMNB1	3	0.9944	0.0014
MAPRE3	LMNB1	3	0.0458	0.8352
ACTB	CAST	3	0.1696	0.7403
CTNNA1	CAST	3	0.0491	0.8319
KRT8	CAST	3	0.3534	0.5529
LMNA	CAST	3	0.0769	0.8068
MAPRE3	CAST	3	0.0873	0.7987
ACTB	IMPDH1	3	0.1028	0.7873
CTNNA1	IMPDH1	3	0.1221	0.7728
KRT8	IMPDH1	3	0.1126	0.7798
LMNA	IMPDH1	3	0.1815	0.7319
MAPRE3	IMPDH1	3	0.1625	0.7451
ACTB	COL5A1	3	0.1631	0.7447
KRT8	COL5A1	3	0.2206	0.7059
LMNA	COL5A1	3	0.0454	0.8356
MAPRE3	COL5A1	3	0.0828	0.8022
ACTB	FLG	3	0.2110	0.7127
CTNNA1	FLG	3	0.0560	0.8253
KRT8	FLG	3	0.0838	0.8014
LMNA	FLG	3	0.1937	0.7241
ACTB	RASA1	3	0.2736	0.6631
CTNNA1	RASA1	3	0.0619	0.8198
KRT8	RASA1	3	0.2828	0.6539
LMNA	RASA1	3	0.1559	0.7497
MAPRE3	RASA1	3	0.1237	0.7718
ACTB	CDK11B	3	0.2410	0.6905
CTNNA1	CDK11B	3	0.0927	0.7947
KRT8	CDK11B	3	0.2496	0.6839
LMNA	CDK11B	3	0.3185	0.6128
MAPRE3	CDK11B	3	0.1838	0.7303
ACTB	GSTM3	3	0.0604	0.8213
CTNNA1	GSTM3	3	0.0537	0.8276
KRT8	GSTM3	3	0.0547	0.8267
LMNA	GSTM3	3	0.0429	0.8379
MAPRE3	GSTM3	3	0.0249	0.8538
ACTB	ATP6V1B2	3	0.2066	0.7157
CTNNA1	ATP6V1B2	3	0.0324	0.8478
KRT8	ATP6V1B2	3	0.1558	0.7498
LMNA	ATP6V1B2	3	0.0315	0.8486
MAPRE3	ATP6V1B2	3	0.0486	0.8324
ACTB	ATP6V1C1	3	0.1157	0.7775
CTNNA1	ATP6V1C1	3	0.0255	0.8533
KRT8	ATP6V1C1	3	0.1375	0.7625
LMNA	ATP6V1C1	3	0.0768	0.8069
MAPRE3	ATP6V1C1	3	0.0530	0.8283
ACTB	CSRP1	3	0.3398	0.5784
CTNNA1	CSRP1	3	0.0752	0.8083
KRT8	CSRP1	3	0.3042	0.6312
LMNA	CSRP1	3	0.1914	0.7256
MAPRE3	CSRP1	3	0.1518	0.7527
ACTB	FLNA	3	0.3159	0.6161
CTNNA1	FLNA	3	0.1400	0.7609
KRT8	FLNA	3	0.2744	0.6623
LMNA	FLNA	3	0.0989	0.7899
MAPRE3	FLNA	3	0.1827	0.7311
ACTB	NF1	3	0.2544	0.6798
CTNNA1	NF1	3	0.0712	0.8117
KRT8	NF1	3	0.2949	0.6414
LMNA	NF1	3	0.1975	0.7215
MAPRE3	NF1	3	0.1874	0.7282
ACTB	ACO1	3	0.1416	0.7599
CTNNA1	ACO1	3	0.0554	0.8260
KRT8	ACO1	3	0.2376	0.6931
LMNA	ACO1	3	0.0880	0.7982
MAPRE3	ACO1	3	0.0987	0.7901
ACTB	TNFAIP3	3	0.2823	0.6542
CTNNA1	TNFAIP3	3	0.0144	0.8608
KRT8	TNFAIP3	3	0.3821	0.4990
LMNA	TNFAIP3	3	0.3369	0.5831
MAPRE3	TNFAIP3	3	0.1601	0.7469
ACTB	TAF1	3	0.0092	0.8643
KRT8	TAF1	3	0.0100	0.8638
LMNA	TAF1	3	0.0235	0.8548
MAPRE3	TAF1	3	0.0007	0.8734
ACTB	VDAC1	3	0.1583	0.7480
CTNNA1	VDAC1	3	0.0388	0.8422
KRT8	VDAC1	3	0.2390	0.6923
LMNA	VDAC1	3	0.1662	0.7425
MAPRE3	VDAC1	3	0.0454	0.8356
ACTB	SDHB	3	0.1411	0.7603
CTNNA1	SDHB	3	0.0063	0.8666
KRT8	SDHB	3	0.3486	0.5615
LMNA	SDHB	3	0.0507	0.8304
ACTB	COMT	3	0.1692	0.7405
CTNNA1	COMT	3	0.0401	0.8407
KRT8	COMT	3	0.1705	0.7397
LMNA	COMT	3	0.0997	0.7894
MAPRE3	COMT	3	0.0408	0.8400
ACTB	TGM2	3	0.2946	0.6418
CTNNA1	TGM2	3	0.1192	0.7748
KRT8	TGM2	3	0.3255	0.6028
LMNA	TGM2	3	0.3032	0.6325
MAPRE3	TGM2	3	0.2093	0.7139
ACTB	MMUT	3	0.0749	0.8087
CTNNA1	MMUT	3	0.0234	0.8549
KRT8	MMUT	3	0.0416	0.8392
LMNA	MMUT	3	0.0754	0.8081
MAPRE3	MMUT	3	0.0100	0.8638
ACTB	OSBP	3	0.0231	0.8551
KRT8	OSBP	3	0.0689	0.8137
LMNA	OSBP	3	0.0107	0.8633
MAPRE3	OSBP	3	0.0017	0.8717
ACTB	PCMT1	3	0.0632	0.8186
CTNNA1	PCMT1	3	0.0484	0.8327
KRT8	PCMT1	3	0.1027	0.7873
LMNA	PCMT1	3	0.0619	0.8198
MAPRE3	PCMT1	3	0.0235	0.8548
ACTB	FBL	3	0.1199	0.7744
CTNNA1	FBL	3	0.0267	0.8524
KRT8	FBL	3	0.1417	0.7599
LMNA	FBL	3	0.1057	0.7849
MAPRE3	FBL	3	0.0409	0.8399
ACTB	GART	3	0.1371	0.7628
CTNNA1	GART	3	0.0301	0.8498
KRT8	GART	3	0.1661	0.7426
LMNA	GART	3	0.0818	0.8030
MAPRE3	GART	3	0.0546	0.8268
ACTB	PAICS	3	0.2905	0.6462
CTNNA1	PAICS	3	0.0628	0.8190
KRT8	PAICS	3	0.2612	0.6739
LMNA	PAICS	3	0.1097	0.7820
MAPRE3	PAICS	3	0.1500	0.7539
ACTB	SCP2	3	0.0458	0.8352
CTNNA1	SCP2	3	0.0187	0.8579
KRT8	SCP2	3	0.0627	0.8191
LMNA	SCP2	3	0.0296	0.8502
MAPRE3	SCP2	3	0.0214	0.8562
ACTB	UBA1	3	0.0731	0.8101
CTNNA1	UBA1	3	0.0410	0.8398
KRT8	UBA1	3	0.0804	0.8042
LMNA	UBA1	3	0.0673	0.8151
MAPRE3	UBA1	3	0.0273	0.8520
ACTB	NME2	3	0.0976	0.7909
CTNNA1	NME2	3	0.0467	0.8344
KRT8	NME2	3	0.1046	0.7858
LMNA	NME2	3	0.0542	0.8272
MAPRE3	NME2	3	0.0264	0.8526
ACTB	FDXR	3	0.1342	0.7648
CTNNA1	FDXR	3	0.0197	0.8573
KRT8	FDXR	3	0.2543	0.6799
LMNA	FDXR	3	0.0822	0.8027
ACTB	PRKACG	3	0.0623	0.8195
CTNNA1	PRKACG	3	0.0589	0.8226
KRT8	PRKACG	3	0.1068	0.7840
LMNA	PRKACG	3	0.0605	0.8212
MAPRE3	PRKACG	3	0.0444	0.8366
ACTB	HNRNPA2B1	3	0.1046	0.7858
CTNNA1	HNRNPA2B1	3	0.0137	0.8614
KRT8	HNRNPA2B1	3	0.1112	0.7808
LMNA	HNRNPA2B1	3	0.2782	0.6589
MAPRE3	HNRNPA2B1	3	0.0934	0.7942
ACTB	RFX1	3	0.0105	0.8634
KRT8	RFX1	3	0.0178	0.8584
LMNA	RFX1	3	0.0415	0.8393
MAPRE3	RFX1	3	0.0033	0.8697
ACTB	CBL	3	0.2852	0.6516
CTNNA1	CBL	3	0.0997	0.7894
KRT8	CBL	3	0.2963	0.6400
LMNA	CBL	3	0.1435	0.7586
MAPRE3	CBL	3	0.2167	0.7086
ACTB	PRKACB	3	0.0680	0.8144
CTNNA1	PRKACB	3	0.0455	0.8355
KRT8	PRKACB	3	0.1074	0.7836
LMNA	PRKACB	3	0.0555	0.8259
MAPRE3	PRKACB	3	0.0355	0.8452
ACTB	UQCRC2	3	0.1226	0.7725
CTNNA1	UQCRC2	3	0.0304	0.8495
KRT8	UQCRC2	3	0.1332	0.7655
LMNA	UQCRC2	3	0.0836	0.8016
MAPRE3	UQCRC2	3	0.0399	0.8409
ACTB	TGM1	3	0.2543	0.6799
CTNNA1	TGM1	3	0.0835	0.8017
KRT8	TGM1	3	0.1468	0.7562
LMNA	TGM1	3	0.1317	0.7665
MAPRE3	TGM1	3	0.0366	0.8443
ACTB	NR4A1	3	0.0005	0.8738
CTNNA1	NR4A1	3	0.0099	0.8638
KRT8	NR4A1	3	0.0159	0.8598
LMNA	NR4A1	3	0.1075	0.7835
ACTB	FECH	3	0.2774	0.6599
CTNNA1	FECH	3	0.0989	0.7899
KRT8	FECH	3	0.3932	0.4748
LMNA	FECH	3	0.1693	0.7405
ACTB	TCEA1	3	0.1542	0.7509
CTNNA1	TCEA1	3	0.0684	0.8140
KRT8	TCEA1	3	0.1008	0.7886
LMNA	TCEA1	3	0.3088	0.6265
MAPRE3	TCEA1	3	0.0991	0.7898
ACTB	SFPQ	3	0.2273	0.7009
CTNNA1	SFPQ	3	0.0648	0.8173
KRT8	SFPQ	3	0.1995	0.7201
LMNA	SFPQ	3	0.2308	0.6985
MAPRE3	SFPQ	3	0.1656	0.7429
ACTB	TUBG1	3	0.2219	0.7049
CTNNA1	TUBG1	3	0.0523	0.8289
KRT8	TUBG1	3	0.1791	0.7336
LMNA	TUBG1	3	0.2021	0.7187
MAPRE3	TUBG1	3	0.0529	0.8284
ACTB	PPIB	3	0.1038	0.7864
CTNNA1	PPIB	3	0.0331	0.8472
KRT8	PPIB	3	0.1255	0.7705
LMNA	PPIB	3	0.0795	0.8049
MAPRE3	PPIB	3	0.0348	0.8459
ACTB	WARS1	3	0.2340	0.6958
CTNNA1	WARS1	3	0.0536	0.8277
KRT8	WARS1	3	0.2650	0.6707
LMNA	WARS1	3	0.1241	0.7714
MAPRE3	WARS1	3	0.1070	0.7839
ACTB	RPS3	3	0.1492	0.7544
CTNNA1	RPS3	3	0.0371	0.8438
KRT8	RPS3	3	0.2215	0.7051
LMNA	RPS3	3	0.1539	0.7511
MAPRE3	RPS3	3	0.0645	0.8175
ACTB	RPS6KB1	3	0.0479	0.8332
KRT8	RPS6KB1	3	0.0864	0.7994
LMNA	RPS6KB1	3	0.0205	0.8568
MAPRE3	RPS6KB1	3	0.0074	0.8657
ACTB	JAK1	3	0.2274	0.7008
CTNNA1	JAK1	3	0.0917	0.7954
KRT8	JAK1	3	0.3093	0.6258
LMNA	JAK1	3	0.2240	0.7033
MAPRE3	JAK1	3	0.1873	0.7283
ACTB	SP100	3	0.0603	0.8214
CTNNA1	SP100	3	0.0106	0.8634
KRT8	SP100	3	0.0668	0.8155
LMNA	SP100	3	0.1858	0.7292
MAPRE3	SP100	3	0.0267	0.8524
ACTB	MCC	3	0.1886	0.7274
CTNNA1	MCC	3	0.0443	0.8367
KRT8	MCC	3	0.2449	0.6875
LMNA	MCC	3	0.0526	0.8286
MAPRE3	MCC	3	0.0648	0.8173
ACTB	AHCY	3	0.2063	0.7158
CTNNA1	AHCY	3	0.0257	0.8532
KRT8	AHCY	3	0.2074	0.7151
LMNA	AHCY	3	0.1020	0.7878
MAPRE3	AHCY	3	0.0614	0.8203
ACTB	CFL1	3	0.0530	0.8283
CTNNA1	CFL1	3	0.0580	0.8234
KRT8	CFL1	3	0.0750	0.8085
LMNA	CFL1	3	0.0808	0.8039
MAPRE3	CFL1	3	0.0449	0.8361
ACTB	EIF4B	3	0.3676	0.5247
CTNNA1	EIF4B	3	0.1774	0.7349
KRT8	EIF4B	3	0.3646	0.5327
LMNA	EIF4B	3	0.1959	0.7226
MAPRE3	EIF4B	3	0.3044	0.6310
ACTB	ATP2B4	3	0.1396	0.7612
CTNNA1	ATP2B4	3	0.0945	0.7934
KRT8	ATP2B4	3	0.2255	0.7021
LMNA	ATP2B4	3	0.0793	0.8051
MAPRE3	ATP2B4	3	0.0676	0.8148
ACTB	DGKA	3	0.0445	0.8365
CTNNA1	DGKA	3	0.0013	0.8724
KRT8	DGKA	3	0.0810	0.8037
LMNA	DGKA	3	0.0159	0.8598
MAPRE3	DGKA	3	0.0012	0.8725
ACTB	DTYMK	3	0.1913	0.7256
CTNNA1	DTYMK	3	0.0282	0.8514
KRT8	DTYMK	3	0.2790	0.6580
LMNA	DTYMK	3	0.1194	0.7746
MAPRE3	DTYMK	3	0.0779	0.8060
ACTB	RRM1	3	0.0756	0.8079
CTNNA1	RRM1	3	0.0328	0.8475
KRT8	RRM1	3	0.0834	0.8018
LMNA	RRM1	3	0.0439	0.8371
MAPRE3	RRM1	3	0.0297	0.8501
ACTB	PRTN3	3	0.3327	0.5924
ACTB	KDELR1	3	0.2580	0.6765
CTNNA1	KDELR1	3	0.0880	0.7982
KRT8	KDELR1	3	0.3244	0.6041
LMNA	KDELR1	3	0.2232	0.7039
MAPRE3	KDELR1	3	0.1016	0.7881
ACTB	NR2F2	3	0.0356	0.8451
KRT8	NR2F2	3	0.0509	0.8302
LMNA	NR2F2	3	0.0160	0.8597
ACTB	EEF1B2	3	0.1820	0.7316
CTNNA1	EEF1B2	3	0.0366	0.8443
KRT8	EEF1B2	3	0.1674	0.7417
LMNA	EEF1B2	3	0.0389	0.8420
MAPRE3	EEF1B2	3	0.0560	0.8253
ACTB	ATP5PB	3	0.2549	0.6792
CTNNA1	ATP5PB	3	0.0072	0.8659
KRT8	ATP5PB	3	0.0882	0.7980
MAPRE3	ATP5PB	3	0.1156	0.7776
ACTB	ACP1	3	0.0800	0.8045
CTNNA1	ACP1	3	0.0388	0.8422
KRT8	ACP1	3	0.1238	0.7717
LMNA	ACP1	3	0.0892	0.7971
MAPRE3	ACP1	3	0.0317	0.8484
ACTB	ACAT1	3	0.1003	0.7890
CTNNA1	ACAT1	3	0.0510	0.8301
KRT8	ACAT1	3	0.1269	0.7696
LMNA	ACAT1	3	0.0721	0.8110
MAPRE3	ACAT1	3	0.0268	0.8523
ACTB	MYL9	3	0.2350	0.6950
CTNNA1	MYL9	3	0.0151	0.8604
KRT8	MYL9	3	0.2782	0.6589
LMNA	MYL9	3	0.1262	0.7700
MAPRE3	MYL9	3	0.0848	0.8007
ACTB	POLR2A	3	0.1881	0.7278
CTNNA1	POLR2A	3	0.0847	0.8008
KRT8	POLR2A	3	0.3517	0.5554
LMNA	POLR2A	3	0.2114	0.7123
MAPRE3	POLR2A	3	0.1430	0.7590
ACTB	L4	3	0.0901	0.7965
KRT8	L4	3	0.2522	0.6816
LMNA	L4	3	0.0368	0.8441
MAPRE3	L4	3	0.0432	0.8376
ACTB	CDK2	3	0.2395	0.6917
CTNNA1	CDK2	3	0.0583	0.8232
KRT8	CDK2	3	0.3208	0.6087
LMNA	CDK2	3	0.2135	0.7109
MAPRE3	CDK2	3	0.1366	0.7631
ACTB	APC	3	0.2998	0.6363
CTNNA1	APC	3	0.3643	0.5334
KRT8	APC	3	0.3681	0.5237
LMNA	APC	3	0.0755	0.8080
MAPRE3	APC	3	0.3157	0.6163
ACTB	GRK2	3	0.3329	0.5917
CTNNA1	GRK2	3	0.0863	0.7995
KRT8	GRK2	3	0.2432	0.6887
LMNA	GRK2	3	0.1683	0.7411
MAPRE3	GRK2	3	0.2150	0.7099
ACTB	ACKR3	3	0.0657	0.8164
CTNNA1	ACKR3	3	0.0004	0.8740
KRT8	ACKR3	3	0.1248	0.7710
LMNA	ACKR3	3	0.0559	0.8254
MAPRE3	ACKR3	3	0.0054	0.8675
ACTB	MCM3	3	0.1388	0.7618
CTNNA1	MCM3	3	0.0254	0.8534
KRT8	MCM3	3	0.1414	0.7600
LMNA	MCM3	3	0.1661	0.7426
MAPRE3	MCM3	3	0.0393	0.8416
ACTB	NFYB	3	0.0918	0.7953
CTNNA1	NFYB	3	0.0549	0.8265
KRT8	NFYB	3	0.1944	0.7237
LMNA	NFYB	3	0.1179	0.7756
ACTB	AZGP1	3	0.2277	0.7006
CTNNA1	AZGP1	3	0.0211	0.8564
LMNA	AZGP1	3	0.0315	0.8486
MAPRE3	AZGP1	3	0.0203	0.8569
ACTB	MPST	3	0.1601	0.7469
CTNNA1	MPST	3	0.0479	0.8332
KRT8	MPST	3	0.1387	0.7619
LMNA	MPST	3	0.1111	0.7809
MAPRE3	MPST	3	0.0908	0.7960
ACTB	RPS12	3	0.0478	0.8333
CTNNA1	RPS12	3	0.0389	0.8420
KRT8	RPS12	3	0.0466	0.8345
LMNA	RPS12	3	0.0600	0.8217
MAPRE3	RPS12	3	0.0215	0.8561
ACTB	BRD2	3	0.0100	0.8638
LMNA	BRD2	3	0.0278	0.8516
ACTB	YY1	3	0.0245	0.8541
LMNA	YY1	3	0.0852	0.8003
MAPRE3	YY1	3	0.0093	0.8642
ACTB	DNAJB1	3	0.1534	0.7515
CTNNA1	DNAJB1	3	0.0320	0.8481
KRT8	DNAJB1	3	0.3101	0.6249
LMNA	DNAJB1	3	0.1357	0.7638
MAPRE3	DNAJB1	3	0.0510	0.8301
ACTB	ATP5F1A	3	0.1535	0.7514
CTNNA1	ATP5F1A	3	0.0370	0.8440
KRT8	ATP5F1A	3	0.2259	0.7018
LMNA	ATP5F1A	3	0.1340	0.7649
MAPRE3	ATP5F1A	3	0.0683	0.8142
ACTB	PSMA2	3	0.1189	0.7750
KRT8	PSMA2	3	0.1605	0.7466
LMNA	PSMA2	3	0.0439	0.8371
MAPRE3	PSMA2	3	0.0279	0.8516
ACTB	PSMA3	3	0.0735	0.8098
CTNNA1	PSMA3	3	0.0227	0.8553
ACTB	PSMA4	3	0.2444	0.6878
CTNNA1	PSMA4	3	0.0514	0.8297
KRT8	PSMA4	3	0.2989	0.6373
LMNA	PSMA4	3	0.1937	0.7241
MAPRE3	PSMA4	3	0.1310	0.7670
ACTB	MSN	3	0.2627	0.6726
CTNNA1	MSN	3	0.1210	0.7735
KRT8	MSN	3	0.4704	0.3505
LMNA	MSN	3	0.1312	0.7668
MAPRE3	MSN	3	0.1341	0.7648
ACTB	PTPN3	3	0.0366	0.8443
CTNNA1	PTPN3	3	0.0044	0.8684
KRT8	PTPN3	3	0.1602	0.7468
LMNA	PTPN3	3	0.0199	0.8571
MAPRE3	PTPN3	3	0.0066	0.8664
ACTB	DDX6	3	0.2780	0.6592
CTNNA1	DDX6	3	0.0620	0.8197
KRT8	DDX6	3	0.3145	0.6187
LMNA	DDX6	3	0.1853	0.7296
MAPRE3	DDX6	3	0.2214	0.7052
ACTB	DNMT1	3	0.1495	0.7542
CTNNA1	DNMT1	3	0.0216	0.8560
KRT8	DNMT1	3	0.1758	0.7362
LMNA	DNMT1	3	0.1580	0.7483
MAPRE3	DNMT1	3	0.0575	0.8238
ACTB	U2AF2	3	0.1531	0.7517
CTNNA1	U2AF2	3	0.0355	0.8452
KRT8	U2AF2	3	0.1479	0.7555
LMNA	U2AF2	3	0.2647	0.6710
MAPRE3	U2AF2	3	0.0836	0.8016
ACTB	RPL13	3	0.1656	0.7429
CTNNA1	RPL13	3	0.0417	0.8391
KRT8	RPL13	3	0.1227	0.7724
LMNA	RPL13	3	0.1149	0.7782
MAPRE3	RPL13	3	0.0597	0.8219
ACTB	S100A4	3	0.0958	0.7923
CTNNA1	S100A4	3	0.0559	0.8254
KRT8	S100A4	3	0.1275	0.7692
LMNA	S100A4	3	0.0973	0.7912
MAPRE3	S100A4	3	0.0620	0.8197
ACTB	PTBP1	3	0.0591	0.8224
CTNNA1	PTBP1	3	0.0402	0.8406
KRT8	PTBP1	3	0.0622	0.8196
LMNA	PTBP1	3	0.0602	0.8215
MAPRE3	PTBP1	3	0.0234	0.8549
ACTB	TARS1	3	0.2565	0.6776
CTNNA1	TARS1	3	0.0486	0.8324
KRT8	TARS1	3	0.2680	0.6680
LMNA	TARS1	3	0.1176	0.7759
MAPRE3	TARS1	3	0.1206	0.7739
ACTB	VARS1	3	0.2719	0.6645
CTNNA1	VARS1	3	0.0465	0.8346
KRT8	VARS1	3	0.2672	0.6688
LMNA	VARS1	3	0.1595	0.7473
MAPRE3	VARS1	3	0.1484	0.7551
ACTB	EEF1G	3	0.0948	0.7931
CTNNA1	EEF1G	3	0.0389	0.8420
KRT8	EEF1G	3	0.0917	0.7954
LMNA	EEF1G	3	0.0426	0.8382
MAPRE3	EEF1G	3	0.0228	0.8553
ACTB	STOM	3	0.2634	0.6721
CTNNA1	STOM	3	0.1049	0.7855
KRT8	STOM	3	0.3128	0.6212
LMNA	STOM	3	0.3043	0.6310
MAPRE3	STOM	3	0.1715	0.7391
ACTB	AK4	3	0.2088	0.7143
CTNNA1	AK4	3	0.0915	0.7956
KRT8	AK4	3	0.4123	0.4415
LMNA	AK4	3	0.1718	0.7389
MAPRE3	AK4	3	0.1264	0.7698
ACTB	YWHAQ	3	0.1051	0.7853
CTNNA1	YWHAQ	3	0.0405	0.8403
KRT8	YWHAQ	3	0.1181	0.7755
LMNA	YWHAQ	3	0.0700	0.8127
MAPRE3	YWHAQ	3	0.0392	0.8417
ACTB	MAPK3	3	0.0865	0.7993
CTNNA1	MAPK3	3	0.0079	0.8653
KRT8	MAPK3	3	0.0717	0.8113
LMNA	MAPK3	3	0.0436	0.8372
MAPRE3	MAPK3	3	0.0325	0.8478
ACTB	MARK3	3	0.0561	0.8252
CTNNA1	MARK3	3	0.0229	0.8552
KRT8	MARK3	3	0.1299	0.7677
LMNA	MARK3	3	0.0153	0.8602
MAPRE3	MARK3	3	0.1035	0.7866
ACTB	ARNT	3	0.0165	0.8594
KRT8	ARNT	3	0.0240	0.8544
LMNA	ARNT	3	0.1065	0.7843
MAPRE3	ARNT	3	0.0023	0.8708
ACTB	RPL10	3	0.1530	0.7518
CTNNA1	RPL10	3	0.0300	0.8498
KRT8	RPL10	3	0.2077	0.7149
LMNA	RPL10	3	0.1085	0.7828
MAPRE3	RPL10	3	0.0555	0.8259
ACTB	RPA1	3	0.1962	0.7224
CTNNA1	RPA1	3	0.0662	0.8160
KRT8	RPA1	3	0.2114	0.7123
LMNA	RPA1	3	0.3189	0.6122
MAPRE3	RPA1	3	0.1591	0.7476
ACTB	CAD	3	0.2129	0.7113
CTNNA1	CAD	3	0.0589	0.8226
KRT8	CAD	3	0.3517	0.5554
LMNA	CAD	3	0.1830	0.7308
MAPRE3	CAD	3	0.1109	0.7811
ACTB	CALR	3	0.1164	0.7768
CTNNA1	CALR	3	0.0496	0.8314
KRT8	CALR	3	0.1698	0.7402
LMNA	CALR	3	0.1166	0.7766
MAPRE3	CALR	3	0.0797	0.8048
ACTB	MAP4	3	0.2672	0.6688
CTNNA1	MAP4	3	0.1516	0.7528
KRT8	MAP4	3	0.2608	0.6744
LMNA	MAP4	3	0.1030	0.7871
MAPRE3	MAP4	3	0.3278	0.5987
ACTB	CANX	3	0.2067	0.7156
CTNNA1	CANX	3	0.0372	0.8438
KRT8	CANX	3	0.2082	0.7146
LMNA	CANX	3	0.1712	0.7393
MAPRE3	CANX	3	0.1031	0.7870
ACTB	ITPKB	3	0.0569	0.8244
KRT8	ITPKB	3	0.0558	0.8255
ACTB	PSMA5	3	0.1223	0.7727
CTNNA1	PSMA5	3	0.0165	0.8594
KRT8	PSMA5	3	0.0930	0.7945
LMNA	PSMA5	3	0.0519	0.8292
MAPRE3	PSMA5	3	0.0284	0.8512
ACTB	PSMB4	3	0.2254	0.7022
CTNNA1	PSMB4	3	0.0209	0.8565
KRT8	PSMB4	3	0.3113	0.6232
LMNA	PSMB4	3	0.2026	0.7184
MAPRE3	PSMB4	3	0.0334	0.8470
ACTB	PSMB5	3	0.1973	0.7216
CTNNA1	PSMB5	3	0.0617	0.8201
KRT8	PSMB5	3	0.4652	0.3603
LMNA	PSMB5	3	0.2523	0.6815
MAPRE3	PSMB5	3	0.0355	0.8452
ACTB	ABCD3	3	0.1815	0.7319
CTNNA1	ABCD3	3	0.0688	0.8138
KRT8	ABCD3	3	0.3878	0.4857
LMNA	ABCD3	3	0.1950	0.7232
MAPRE3	ABCD3	3	0.1231	0.7722
ACTB	TMOD1	3	0.1695	0.7403
KRT8	TMOD1	3	0.0625	0.8193
LMNA	TMOD1	3	0.0069	0.8662
MAPRE3	TMOD1	3	0.0338	0.8466
ACTB	ITPRID2	3	0.3011	0.6353
CTNNA1	ITPRID2	3	0.1494	0.7543
KRT8	ITPRID2	3	0.3453	0.5670
LMNA	ITPRID2	3	0.1709	0.7394
MAPRE3	ITPRID2	3	0.2211	0.7055
ACTB	NDUFS1	3	0.2265	0.7014
CTNNA1	NDUFS1	3	0.0779	0.8060
KRT8	NDUFS1	3	0.4330	0.4046
LMNA	NDUFS1	3	0.1681	0.7412
MAPRE3	NDUFS1	3	0.1160	0.7772
ACTB	POLD1	3	0.2639	0.6717
CTNNA1	POLD1	3	0.0960	0.7922
KRT8	POLD1	3	0.2738	0.6629
LMNA	POLD1	3	0.3090	0.6263
MAPRE3	POLD1	3	0.2046	0.7171
ACTB	TEAD1	3	0.1452	0.7574
KRT8	TEAD1	3	0.1749	0.7369
LMNA	TEAD1	3	0.2564	0.6778
MAPRE3	TEAD1	3	0.0466	0.8345
ACTB	SMARCA1	3	0.2230	0.7041
CTNNA1	SMARCA1	3	0.0613	0.8204
KRT8	SMARCA1	3	0.2524	0.6814
LMNA	SMARCA1	3	0.2978	0.6382
MAPRE3	SMARCA1	3	0.1815	0.7319
ACTB	MAPK1	3	0.1480	0.7554
CTNNA1	MAPK1	3	0.0379	0.8431
KRT8	MAPK1	3	0.1653	0.7433
LMNA	MAPK1	3	0.1052	0.7852
MAPRE3	MAPK1	3	0.0715	0.8115
ACTB	ERCC5	3	0.1348	0.7643
CTNNA1	ERCC5	3	0.0270	0.8522
KRT8	ERCC5	3	0.1142	0.7787
LMNA	ERCC5	3	0.2513	0.6824
MAPRE3	ERCC5	3	0.0808	0.8039
ACTB	LAP3	3	0.1327	0.7659
CTNNA1	LAP3	3	0.0161	0.8596
KRT8	LAP3	3	0.0900	0.7966
LMNA	LAP3	3	0.0716	0.8114
MAPRE3	LAP3	3	0.0636	0.8182
ACTB	S100A2	3	0.1171	0.7763
KRT8	S100A2	3	0.0988	0.7900
LMNA	S100A2	3	0.1099	0.7819
MAPRE3	S100A2	3	0.0520	0.8291
ACTB	GTF2E1	3	0.0069	0.8662
CTNNA1	GTF2E1	3	0.0001	0.8748
KRT8	GTF2E1	3	0.0111	0.8630
LMNA	GTF2E1	3	0.0826	0.8024
MAPRE3	GTF2E1	3	0.0035	0.8694
ACTB	GTF2E2	3	0.0251	0.8536
KRT8	GTF2E2	3	0.0260	0.8530
LMNA	GTF2E2	3	0.0904	0.7963
MAPRE3	GTF2E2	3	0.0019	0.8714
ACTB	TPP2	3	0.2772	0.6601
CTNNA1	TPP2	3	0.0761	0.8074
KRT8	TPP2	3	0.2398	0.6914
LMNA	TPP2	3	0.0720	0.8111
MAPRE3	TPP2	3	0.1166	0.7766
ACTB	EPHB2;EPHA7	3	0.0483	0.8328
CTNNA1	EPHB2;EPHA7	3	0.0399	0.8409
KRT8	EPHB2;EPHA7	3	0.0750	0.8085
LMNA	EPHB2;EPHA7	3	0.0519	0.8292
ACTB	SHC1	3	0.2682	0.6679
CTNNA1	SHC1	3	0.0661	0.8160
KRT8	SHC1	3	0.3288	0.5976
LMNA	SHC1	3	0.1240	0.7715
MAPRE3	SHC1	3	0.1474	0.7559
ACTB	MPG	3	0.2628	0.6725
CTNNA1	MPG	3	0.0831	0.8020
KRT8	MPG	3	0.2616	0.6735
LMNA	MPG	3	0.1935	0.7243
MAPRE3	MPG	3	0.2127	0.7115
ACTB	ARID4A	3	0.2401	0.6912
CTNNA1	ARID4A	3	0.0427	0.8381
KRT8	ARID4A	3	0.3468	0.5648
LMNA	ARID4A	3	0.0716	0.8114
MAPRE3	ARID4A	3	0.4914	0.3099
ACTB	KDM5A	3	0.0229	0.8552
CTNNA1	KDM5A	3	0.0001	0.8748
KRT8	KDM5A	3	0.0147	0.8607
LMNA	KDM5A	3	0.0353	0.8454
MAPRE3	KDM5A	3	0.0004	0.8740
ACTB	TKT	3	0.2010	0.7193
CTNNA1	TKT	3	0.0263	0.8527
KRT8	TKT	3	0.2248	0.7028
LMNA	TKT	3	0.2285	0.7002
MAPRE3	TKT	3	0.0724	0.8106
ACTB	SERPINB3	3	0.3589	0.5443
CTNNA1	SERPINB3	3	0.0243	0.8542
KRT8	SERPINB3	3	0.1278	0.7690
LMNA	SERPINB3	3	0.3094	0.6256
MAPRE3	SERPINB3	3	0.0838	0.8014
ACTB	RBMS1;RBMS3	3	0.1812	0.7321
CTNNA1	RBMS1;RBMS3	3	0.0228	0.8553
KRT8	RBMS1;RBMS3	3	0.2667	0.6694
LMNA	RBMS1;RBMS3	3	0.1020	0.7878
MAPRE3	RBMS1;RBMS3	3	0.0653	0.8168
ACTB	PML	3	0.1604	0.7467
CTNNA1	PML	3	0.0494	0.8317
KRT8	PML	3	0.2034	0.7178
LMNA	PML	3	0.2136	0.7108
MAPRE3	PML	3	0.2397	0.6915
ACTB	EEF1D	3	0.3021	0.6338
CTNNA1	EEF1D	3	0.1545	0.7507
KRT8	EEF1D	3	0.2893	0.6475
LMNA	EEF1D	3	0.1178	0.7757
MAPRE3	EEF1D	3	0.2341	0.6957
ACTB	OAS2	3	0.1646	0.7437
KRT8	OAS2	3	0.2330	0.6967
LMNA	OAS2	3	0.3633	0.5354
MAPRE3	OAS2	3	0.0420	0.8388
ACTB	MARCKS	3	0.1354	0.7639
CTNNA1	MARCKS	3	0.0219	0.8558
KRT8	MARCKS	3	0.1125	0.7799
LMNA	MARCKS	3	0.0688	0.8138
MAPRE3	MARCKS	3	0.0132	0.8616
ACTB	ERP29	3	0.2039	0.7174
CTNNA1	ERP29	3	0.0377	0.8433
KRT8	ERP29	3	0.1913	0.7256
LMNA	ERP29	3	0.0965	0.7919
MAPRE3	ERP29	3	0.0538	0.8275
ACTB	PRDX6	3	0.1032	0.7868
CTNNA1	PRDX6	3	0.0341	0.8464
KRT8	PRDX6	3	0.1025	0.7875
LMNA	PRDX6	3	0.0597	0.8219
MAPRE3	PRDX6	3	0.0312	0.8489
ACTB	PRDX5	3	0.0958	0.7923
CTNNA1	PRDX5	3	0.0361	0.8447
KRT8	PRDX5	3	0.1211	0.7735
LMNA	PRDX5	3	0.0765	0.8072
MAPRE3	PRDX5	3	0.0329	0.8474
ACTB	DDT	3	0.3416	0.5750
CTNNA1	DDT	3	0.1192	0.7748
KRT8	DDT	3	0.3498	0.5597
LMNA	DDT	3	0.2844	0.6522
MAPRE3	DDT	3	0.2146	0.7102
ACTB	PRDX3	3	0.0717	0.8113
CTNNA1	PRDX3	3	0.0594	0.8222
KRT8	PRDX3	3	0.0842	0.8011
LMNA	PRDX3	3	0.0602	0.8215
MAPRE3	PRDX3	3	0.0246	0.8540
ACTB	RPL12	3	0.0951	0.7929
CTNNA1	RPL12	3	0.0391	0.8418
KRT8	RPL12	3	0.0836	0.8016
LMNA	RPL12	3	0.0696	0.8131
MAPRE3	RPL12	3	0.0324	0.8478
ACTB	ECHS1	3	0.2709	0.6656
CTNNA1	ECHS1	3	0.0395	0.8413
KRT8	ECHS1	3	0.1430	0.7590
LMNA	ECHS1	3	0.0798	0.8047
MAPRE3	ECHS1	3	0.0379	0.8431
ACTB	CMPK1	3	0.1132	0.7793
CTNNA1	CMPK1	3	0.0302	0.8497
KRT8	CMPK1	3	0.1432	0.7588
LMNA	CMPK1	3	0.0783	0.8057
MAPRE3	CMPK1	3	0.0477	0.8334
ACTB	PEBP1	3	0.1355	0.7639
CTNNA1	PEBP1	3	0.0264	0.8526
KRT8	PEBP1	3	0.1290	0.7684
LMNA	PEBP1	3	0.0460	0.8351
MAPRE3	PEBP1	3	0.0295	0.8502
ACTB	PDIA3	3	0.0538	0.8275
CTNNA1	PDIA3	3	0.0421	0.8387
KRT8	PDIA3	3	0.0598	0.8218
LMNA	PDIA3	3	0.0665	0.8157
MAPRE3	PDIA3	3	0.0177	0.8585
ACTB	PPP2R1A	3	0.1521	0.7524
CTNNA1	PPP2R1A	3	0.0684	0.8140
KRT8	PPP2R1A	3	0.1492	0.7544
LMNA	PPP2R1A	3	0.0886	0.7976
MAPRE3	PPP2R1A	3	0.1056	0.7850
ACTB	CDC27	3	0.2302	0.6989
CTNNA1	CDC27	3	0.0565	0.8248
KRT8	CDC27	3	0.2684	0.6677
LMNA	CDC27	3	0.2098	0.7136
MAPRE3	CDC27	3	0.2836	0.6531
ACTB	WEE1	3	0.0150	0.8605
KRT8	WEE1	3	0.0426	0.8382
LMNA	WEE1	3	0.1198	0.7744
MAPRE3	WEE1	3	0.0043	0.8685
ACTB	CDC25C	3	0.3560	0.5486
CTNNA1	CDC25C	3	0.1271	0.7695
KRT8	CDC25C	3	0.3979	0.4662
LMNA	CDC25C	3	0.2558	0.6783
MAPRE3	CDC25C	3	0.2800	0.6570
ACTB	PPIF	3	0.0429	0.8379
CTNNA1	PPIF	3	0.0411	0.8397
KRT8	PPIF	3	0.0749	0.8087
LMNA	PPIF	3	0.0860	0.7997
MAPRE3	PPIF	3	0.0264	0.8526
ACTB	NKTR	3	0.0083	0.8650
CTNNA1	NKTR	3	0.0002	0.8745
KRT8	NKTR	3	0.0098	0.8639
LMNA	NKTR	3	0.0527	0.8285
MAPRE3	NKTR	3	0.0154	0.8601
ACTB	NMT1	3	0.0436	0.8372
CTNNA1	NMT1	3	0.0005	0.8738
KRT8	NMT1	3	0.0448	0.8362
LMNA	NMT1	3	0.0012	0.8725
MAPRE3	NMT1	3	0.0028	0.8702
ACTB	HMOX2	3	0.1694	0.7404
CTNNA1	HMOX2	3	0.0204	0.8569
KRT8	HMOX2	3	0.2009	0.7194
LMNA	HMOX2	3	0.2052	0.7167
MAPRE3	HMOX2	3	0.0493	0.8317
ACTB	ADSS2	3	0.0714	0.8116
CTNNA1	ADSS2	3	0.0377	0.8433
KRT8	ADSS2	3	0.0853	0.8002
LMNA	ADSS2	3	0.0499	0.8312
MAPRE3	ADSS2	3	0.0206	0.8567
ACTB	AXL	3	0.1332	0.7655
CTNNA1	AXL	3	0.0427	0.8381
KRT8	AXL	3	0.1492	0.7544
LMNA	AXL	3	0.0742	0.8092
MAPRE3	AXL	3	0.0220	0.8557
ACTB	ADSL	3	0.2550	0.6791
CTNNA1	ADSL	3	0.0414	0.8394
KRT8	ADSL	3	0.2476	0.6853
LMNA	ADSL	3	0.1172	0.7762
MAPRE3	ADSL	3	0.0629	0.8190
ACTB	CLIP1	3	0.1827	0.7311
CTNNA1	CLIP1	3	0.0639	0.8180
KRT8	CLIP1	3	0.1851	0.7297
LMNA	CLIP1	3	0.0598	0.8218
MAPRE3	CLIP1	3	0.3012	0.6351
ACTB	SRI	3	0.0671	0.8152
CTNNA1	SRI	3	0.0575	0.8238
KRT8	SRI	3	0.0678	0.8146
LMNA	SRI	3	0.0570	0.8242
MAPRE3	SRI	3	0.0376	0.8434
ACTB	SERPINB1	3	0.1193	0.7747
CTNNA1	SERPINB1	3	0.0459	0.8351
KRT8	SERPINB1	3	0.0791	0.8052
LMNA	SERPINB1	3	0.0650	0.8171
MAPRE3	SERPINB1	3	0.0332	0.8471
ACTB	SLC7A1	3	0.0681	0.8143
CTNNA1	SLC7A1	3	0.1576	0.7486
KRT8	SLC7A1	3	0.0354	0.8453
LMNA	SLC7A1	3	0.1550	0.7503
MAPRE3	SLC7A1	3	0.2462	0.6865
ACTB	ALDH1B1	3	0.1216	0.7732
CTNNA1	ALDH1B1	3	0.0330	0.8473
KRT8	ALDH1B1	3	0.2187	0.7071
LMNA	ALDH1B1	3	0.0974	0.7911
MAPRE3	ALDH1B1	3	0.0360	0.8448
ACTB	ALDH3A1	3	0.0953	0.7927
CTNNA1	ALDH3A1	3	0.0075	0.8657
KRT8	ALDH3A1	3	0.0968	0.7917
LMNA	ALDH3A1	3	0.0325	0.8478
MAPRE3	ALDH3A1	3	0.0192	0.8576
ACTB	POLR2B	3	0.2640	0.6716
CTNNA1	POLR2B	3	0.0839	0.8013
KRT8	POLR2B	3	0.3104	0.6245
LMNA	POLR2B	3	0.2191	0.7068
MAPRE3	POLR2B	3	0.1985	0.7206
ACTB	LCN1;LCN1P1	3	0.3829	0.4983
KRT8	LCN1;LCN1P1	3	0.0453	0.8357
LMNA	LCN1;LCN1P1	3	0.0421	0.8387
MAPRE3	LCN1;LCN1P1	3	0.0803	0.8043
ACTB	SDHA	3	0.0985	0.7903
CTNNA1	SDHA	3	0.0402	0.8406
KRT8	SDHA	3	0.2046	0.7171
LMNA	SDHA	3	0.0561	0.8252
MAPRE3	SDHA	3	0.0334	0.8470
ACTB	S100A7	3	0.1164	0.7768
CTNNA1	S100A7	3	0.0067	0.8663
KRT8	S100A7	3	0.0809	0.8038
LMNA	S100A7	3	0.1153	0.7779
ACTB	MAPK4	3	0.2717	0.6648
CTNNA1	MAPK4	3	0.1415	0.7600
KRT8	MAPK4	3	0.3007	0.6357
LMNA	MAPK4	3	0.1793	0.7334
MAPRE3	MAPK4	3	0.1298	0.7678
ACTB	MAT2A	3	0.1075	0.7835
CTNNA1	MAT2A	3	0.0294	0.8503
KRT8	MAT2A	3	0.1624	0.7452
LMNA	MAT2A	3	0.0712	0.8117
MAPRE3	MAT2A	3	0.0328	0.8475
LMNA	HOXC13	3	0.0986	0.7902
ACTB	CPS1	3	0.1476	0.7557
CTNNA1	CPS1	3	0.0216	0.8560
KRT8	CPS1	3	0.2098	0.7136
LMNA	CPS1	3	0.1263	0.7699
MAPRE3	CPS1	3	0.0512	0.8299
ACTB	RRM2	3	0.2175	0.7080
CTNNA1	RRM2	3	0.0492	0.8318
KRT8	RRM2	3	0.2556	0.6786
LMNA	RRM2	3	0.0885	0.7977
MAPRE3	RRM2	3	0.0968	0.7917
ACTB	HIVEP2	3	0.0302	0.8497
CTNNA1	HIVEP2	3	0.0004	0.8740
KRT8	HIVEP2	3	0.0718	0.8112
LMNA	HIVEP2	3	0.0097	0.8639
MAPRE3	HIVEP2	3	0.0049	0.8679
ACTB	SLC6A6	3	0.2351	0.6949
CTNNA1	SLC6A6	3	0.0863	0.7995
KRT8	SLC6A6	3	0.1787	0.7340
LMNA	SLC6A6	3	0.1436	0.7585
MAPRE3	SLC6A6	3	0.0206	0.8567
ACTB	DNAJA1	3	0.1197	0.7745
CTNNA1	DNAJA1	3	0.0253	0.8535
KRT8	DNAJA1	3	0.2061	0.7161
LMNA	DNAJA1	3	0.2021	0.7187
MAPRE3	DNAJA1	3	0.0346	0.8460
ACTB	AKT1	3	0.1872	0.7284
CTNNA1	AKT1	3	0.0313	0.8488
KRT8	AKT1	3	0.2536	0.6805
LMNA	AKT1	3	0.1157	0.7775
MAPRE3	AKT1	3	0.0680	0.8144
ACTB	AKT2	3	0.2303	0.6988
CTNNA1	AKT2	3	0.0627	0.8191
KRT8	AKT2	3	0.2865	0.6502
LMNA	AKT2	3	0.1763	0.7358
MAPRE3	AKT2	3	0.1038	0.7864
ACTB	UQCRC1	3	0.0512	0.8299
CTNNA1	UQCRC1	3	0.0519	0.8292
KRT8	UQCRC1	3	0.0493	0.8317
LMNA	UQCRC1	3	0.0746	0.8089
MAPRE3	UQCRC1	3	0.0248	0.8539
ACTB	ATIC	3	0.2533	0.6808
CTNNA1	ATIC	3	0.0530	0.8283
KRT8	ATIC	3	0.2820	0.6547
LMNA	ATIC	3	0.1207	0.7737
MAPRE3	ATIC	3	0.1576	0.7486
ACTB	HNRNPH3	3	0.2329	0.6969
CTNNA1	HNRNPH3	3	0.0558	0.8255
KRT8	HNRNPH3	3	0.2632	0.6722
LMNA	HNRNPH3	3	0.2739	0.6628
MAPRE3	HNRNPH3	3	0.1483	0.7552
ACTB	HNRNPH1	3	0.1155	0.7777
CTNNA1	HNRNPH1	3	0.0287	0.8509
KRT8	HNRNPH1	3	0.1631	0.7447
LMNA	HNRNPH1	3	0.2978	0.6382
MAPRE3	HNRNPH1	3	0.0423	0.8385
ACTB	CASP14	3	0.2768	0.6606
CTNNA1	CASP14	3	0.1001	0.7891
KRT8	CASP14	3	0.1056	0.7850
LMNA	CASP14	3	0.1688	0.7408
MAPRE3	CASP14	3	0.0939	0.7938
ACTB	YWHAB	3	0.1227	0.7724
CTNNA1	YWHAB	3	0.0341	0.8464
KRT8	YWHAB	3	0.1318	0.7665
LMNA	YWHAB	3	0.0578	0.8236
MAPRE3	YWHAB	3	0.0483	0.8328
ACTB	SFN	3	0.0988	0.7900
CTNNA1	SFN	3	0.0303	0.8496
KRT8	SFN	3	0.0832	0.8019
LMNA	SFN	3	0.0585	0.8229
MAPRE3	SFN	3	0.0781	0.8059
ACTB	STIP1	3	0.1463	0.7567
CTNNA1	STIP1	3	0.0308	0.8492
KRT8	STIP1	3	0.1549	0.7504
LMNA	STIP1	3	0.1183	0.7754
MAPRE3	STIP1	3	0.0414	0.8394
ACTB	S100A11	3	0.2345	0.6953
CTNNA1	S100A11	3	0.0350	0.8457
KRT8	S100A11	3	0.1804	0.7327
LMNA	S100A11	3	0.1231	0.7722
MAPRE3	S100A11	3	0.0617	0.8201
ACTB	L1CAM	3	0.0628	0.8190
KRT8	L1CAM	3	0.0479	0.8332
LMNA	L1CAM	3	0.0238	0.8546
MAPRE3	L1CAM	3	0.0024	0.8706
ACTB	INPP5B	3	0.0595	0.8221
CTNNA1	INPP5B	3	0.0010	0.8728
KRT8	INPP5B	3	0.0725	0.8105
LMNA	INPP5B	3	0.0310	0.8490
MAPRE3	INPP5B	3	0.0087	0.8647
ACTB	PRDX2	3	0.0959	0.7923
CTNNA1	PRDX2	3	0.0543	0.8271
KRT8	PRDX2	3	0.0692	0.8134
LMNA	PRDX2	3	0.0968	0.7917
MAPRE3	PRDX2	3	0.0400	0.8409
ACTB	CDA	3	0.1507	0.7534
CTNNA1	CDA	3	0.0555	0.8259
KRT8	CDA	3	0.1591	0.7476
LMNA	CDA	3	0.0655	0.8166
MAPRE3	CDA	3	0.0374	0.8436
ACTB	DCTD	3	0.1259	0.7702
CTNNA1	DCTD	3	0.0384	0.8426
KRT8	DCTD	3	0.1637	0.7442
LMNA	DCTD	3	0.0892	0.7971
MAPRE3	DCTD	3	0.0453	0.8357
ACTB	PYCR1	3	0.1938	0.7241
CTNNA1	PYCR1	3	0.0497	0.8313
KRT8	PYCR1	3	0.3161	0.6158
LMNA	PYCR1	3	0.1075	0.7835
MAPRE3	PYCR1	3	0.0099	0.8638
ACTB	GBP1	3	0.1507	0.7534
CTNNA1	GBP1	3	0.2360	0.6942
KRT8	GBP1	3	0.1734	0.7378
LMNA	GBP1	3	0.3582	0.5448
MAPRE3	GBP1	3	0.0630	0.8189
ACTB	GBP2	3	0.1930	0.7246
CTNNA1	GBP2	3	0.0100	0.8638
KRT8	GBP2	3	0.2332	0.6965
LMNA	GBP2	3	0.1417	0.7599
MAPRE3	GBP2	3	0.0384	0.8426
ACTB	ELF1	3	0.0258	0.8531
LMNA	ELF1	3	0.0251	0.8536
ACTB	GTF2H1	3	0.0172	0.8589
CTNNA1	GTF2H1	3	0.0001	0.8748
KRT8	GTF2H1	3	0.0109	0.8632
LMNA	GTF2H1	3	0.0427	0.8381
MAPRE3	GTF2H1	3	0.0051	0.8678
ACTB	RPL9	3	0.1237	0.7718
CTNNA1	RPL9	3	0.0254	0.8534
KRT8	RPL9	3	0.3216	0.6077
LMNA	RPL9	3	0.1280	0.7689
MAPRE3	RPL9	3	0.0420	0.8388
ACTB	CD70	3	0.0314	0.8487
CTNNA1	CD70	3	0.0009	0.8730
KRT8	CD70	3	0.0422	0.8386
LMNA	CD70	3	0.0151	0.8604
MAPRE3	CD70	3	0.0018	0.8715
ACTB	KIF5B	3	0.2889	0.6479
CTNNA1	KIF5B	3	0.1208	0.7737
KRT8	KIF5B	3	0.3193	0.6114
LMNA	KIF5B	3	0.1260	0.7701
MAPRE3	KIF5B	3	0.2070	0.7155
ACTB	CSTF2	3	0.2806	0.6561
CTNNA1	CSTF2	3	0.0928	0.7946
KRT8	CSTF2	3	0.2654	0.6703
LMNA	CSTF2	3	0.2961	0.6403
MAPRE3	CSTF2	3	0.2248	0.7028
ACTB	DUT	3	0.0541	0.8273
CTNNA1	DUT	3	0.0543	0.8271
KRT8	DUT	3	0.0647	0.8174
LMNA	DUT	3	0.0624	0.8194
MAPRE3	DUT	3	0.0276	0.8518
ACTB	ABCC1	3	0.2802	0.6567
CTNNA1	ABCC1	3	0.1486	0.7549
KRT8	ABCC1	3	0.3513	0.5569
LMNA	ABCC1	3	0.2652	0.6705
MAPRE3	ABCC1	3	0.1426	0.7593
ACTB	S100A3	3	0.1593	0.7475
CTNNA1	S100A3	3	0.0689	0.8137
ACTB	ABCD1	3	0.2436	0.6884
CTNNA1	ABCD1	3	0.0700	0.8127
KRT8	ABCD1	3	0.3278	0.5987
LMNA	ABCD1	3	0.1954	0.7229
MAPRE3	ABCD1	3	0.1473	0.7559
ACTB	KDELR2	3	0.1343	0.7647
CTNNA1	KDELR2	3	0.0256	0.8532
KRT8	KDELR2	3	0.2985	0.6378
LMNA	KDELR2	3	0.1390	0.7616
MAPRE3	KDELR2	3	0.0349	0.8457
ACTB	TTK	3	0.3612	0.5389
CTNNA1	TTK	3	0.1285	0.7686
KRT8	TTK	3	0.3839	0.4964
LMNA	TTK	3	0.2850	0.6518
MAPRE3	TTK	3	0.3023	0.6335
ACTB	MCM4	3	0.2048	0.7170
CTNNA1	MCM4	3	0.0615	0.8202
KRT8	MCM4	3	0.2529	0.6811
LMNA	MCM4	3	0.2710	0.6655
MAPRE3	MCM4	3	0.1298	0.7678
ACTB	MCM5	3	0.1384	0.7621
CTNNA1	MCM5	3	0.0270	0.8522
KRT8	MCM5	3	0.2231	0.7040
LMNA	MCM5	3	0.1656	0.7429
MAPRE3	MCM5	3	0.0431	0.8377
ACTB	MCM7	3	0.1684	0.7411
CTNNA1	MCM7	3	0.0372	0.8438
KRT8	MCM7	3	0.3037	0.6320
LMNA	MCM7	3	0.2329	0.6969
MAPRE3	MCM7	3	0.0951	0.7929
ACTB	SHMT1	3	0.1989	0.7204
CTNNA1	SHMT1	3	0.0485	0.8325
KRT8	SHMT1	3	0.3218	0.6073
LMNA	SHMT1	3	0.1555	0.7500
MAPRE3	SHMT1	3	0.1662	0.7425
ACTB	SHMT2	3	0.0876	0.7985
CTNNA1	SHMT2	3	0.0426	0.8382
KRT8	SHMT2	3	0.2746	0.6622
LMNA	SHMT2	3	0.1506	0.7535
MAPRE3	SHMT2	3	0.0797	0.8048
ACTB	HSPA4	3	0.2166	0.7087
CTNNA1	HSPA4	3	0.0343	0.8463
KRT8	HSPA4	3	0.2332	0.6965
LMNA	HSPA4	3	0.1253	0.7706
MAPRE3	HSPA4	3	0.0978	0.7907
ACTB	PRSS3	3	0.0686	0.8139
CTNNA1	PRSS3	3	0.0667	0.8156
KRT8	PRSS3	3	0.0965	0.7919
LMNA	PRSS3	3	0.0613	0.8204
MAPRE3	PRSS3	3	0.0473	0.8338
ACTB	PFN2	3	0.0617	0.8201
CTNNA1	PFN2	3	0.0532	0.8281
KRT8	PFN2	3	0.0538	0.8275
LMNA	PFN2	3	0.0505	0.8305
MAPRE3	PFN2	3	0.0340	0.8465
ACTB	CTNNA1	3	0.2083	0.7145
CTNNA1	CTNNA1	3	0.7889	0.0716
KRT8	CTNNA1	3	0.1538	0.7512
LMNA	CTNNA1	3	0.0857	0.8000
MAPRE3	CTNNA1	3	0.0925	0.7949
ACTB	CTNNB1	3	0.1672	0.7419
CTNNA1	CTNNB1	3	0.5243	0.2690
KRT8	CTNNB1	3	0.1994	0.7202
LMNA	CTNNB1	3	0.0585	0.8229
MAPRE3	CTNNB1	3	0.1162	0.7770
ACTB	PHB1	3	0.1404	0.7606
CTNNA1	PHB1	3	0.0347	0.8460
KRT8	PHB1	3	0.1531	0.7517
LMNA	PHB1	3	0.0968	0.7917
MAPRE3	PHB1	3	0.0510	0.8301
ACTB	SERPINB6	3	0.0669	0.8154
CTNNA1	SERPINB6	3	0.0508	0.8303
KRT8	SERPINB6	3	0.0661	0.8160
LMNA	SERPINB6	3	0.0674	0.8150
MAPRE3	SERPINB6	3	0.0272	0.8521
ACTB	NF2	3	0.3216	0.6077
CTNNA1	NF2	3	0.2278	0.7005
KRT8	NF2	3	0.3036	0.6322
LMNA	NF2	3	0.1152	0.7780
MAPRE3	NF2	3	0.1885	0.7275
ACTB	RDX	3	0.0752	0.8083
CTNNA1	RDX	3	0.0010	0.8728
KRT8	RDX	3	0.0458	0.8352
LMNA	RDX	3	0.0152	0.8603
MAPRE3	RDX	3	0.0066	0.8664
ACTB	RFC4	3	0.1147	0.7784
CTNNA1	RFC4	3	0.0325	0.8478
KRT8	RFC4	3	0.2117	0.7121
LMNA	RFC4	3	0.1730	0.7381
MAPRE3	RFC4	3	0.0724	0.8106
ACTB	RFC2	3	0.1702	0.7399
CTNNA1	RFC2	3	0.0209	0.8565
KRT8	RFC2	3	0.1929	0.7247
LMNA	RFC2	3	0.1198	0.7744
MAPRE3	RFC2	3	0.0234	0.8549
ACTB	RFC1	3	0.2079	0.7148
CTNNA1	RFC1	3	0.0416	0.8392
KRT8	RFC1	3	0.2165	0.7088
LMNA	RFC1	3	0.2926	0.6439
MAPRE3	RFC1	3	0.1532	0.7516
ACTB	RPL22	3	0.1415	0.7600
CTNNA1	RPL22	3	0.0455	0.8355
KRT8	RPL22	3	0.1736	0.7377
LMNA	RPL22	3	0.1260	0.7701
MAPRE3	RPL22	3	0.0706	0.8121
ACTB	GTF2F1	3	0.1292	0.7682
CTNNA1	GTF2F1	3	0.0558	0.8255
KRT8	GTF2F1	3	0.0976	0.7909
LMNA	GTF2F1	3	0.3034	0.6324
MAPRE3	GTF2F1	3	0.0883	0.7979
ACTB	SPR	3	0.2462	0.6865
CTNNA1	SPR	3	0.0502	0.8309
KRT8	SPR	3	0.2245	0.7029
LMNA	SPR	3	0.1604	0.7467
MAPRE3	SPR	3	0.1046	0.7858
ACTB	CBS	3	0.1052	0.7852
CTNNA1	CBS	3	0.0471	0.8340
KRT8	CBS	3	0.1224	0.7726
LMNA	CBS	3	0.0534	0.8279
MAPRE3	CBS	3	0.0314	0.8487
ACTB	KRT9	3	0.0885	0.7977
CTNNA1	KRT9	3	0.0734	0.8098
KRT8	KRT9	3	0.1111	0.7809
LMNA	KRT9	3	0.1885	0.7275
MAPRE3	KRT9	3	0.0342	0.8464
ACTB	IRS1	3	0.0548	0.8266
CTNNA1	IRS1	3	0.0050	0.8678
KRT8	IRS1	3	0.0688	0.8138
LMNA	IRS1	3	0.0041	0.8688
MAPRE3	IRS1	3	0.0248	0.8539
ACTB	MYH9	3	0.3494	0.5602
CTNNA1	MYH9	3	0.1243	0.7713
KRT8	MYH9	3	0.2474	0.6855
LMNA	MYH9	3	0.1125	0.7799
MAPRE3	MYH9	3	0.1651	0.7434
ACTB	MYH10	3	0.3466	0.5651
CTNNA1	MYH10	3	0.1362	0.7634
KRT8	MYH10	3	0.2509	0.6829
LMNA	MYH10	3	0.1265	0.7698
MAPRE3	MYH10	3	0.1451	0.7575
ACTB	COPB2	3	0.1809	0.7324
CTNNA1	COPB2	3	0.0168	0.8593
KRT8	COPB2	3	0.1823	0.7313
LMNA	COPB2	3	0.0771	0.8066
MAPRE3	COPB2	3	0.0378	0.8432
ACTB	SOAT1	3	0.1866	0.7289
CTNNA1	SOAT1	3	0.0564	0.8249
KRT8	SOAT1	3	0.2036	0.7177
LMNA	SOAT1	3	0.3614	0.5382
MAPRE3	SOAT1	3	0.1002	0.7890
ACTB	ADD1	3	0.3907	0.4782
CTNNA1	ADD1	3	0.1420	0.7596
KRT8	ADD1	3	0.2174	0.7081
LMNA	ADD1	3	0.1370	0.7629
MAPRE3	ADD1	3	0.1669	0.7421
ACTB	BSG	3	0.0252	0.8535
CTNNA1	BSG	3	0.0097	0.8639
KRT8	BSG	3	0.0565	0.8248
LMNA	BSG	3	0.0524	0.8288
MAPRE3	BSG	3	0.0008	0.8732
ACTB	FUS	3	0.0791	0.8052
CTNNA1	FUS	3	0.0277	0.8517
KRT8	FUS	3	0.0768	0.8069
LMNA	FUS	3	0.1412	0.7602
MAPRE3	FUS	3	0.0499	0.8312
ACTB	NUP214	3	0.3318	0.5935
CTNNA1	NUP214	3	0.1389	0.7617
KRT8	NUP214	3	0.3578	0.5454
LMNA	NUP214	3	0.2357	0.6943
MAPRE3	NUP214	3	0.2730	0.6635
ACTB	DEK	3	0.1756	0.7363
CTNNA1	DEK	3	0.0329	0.8474
KRT8	DEK	3	0.2069	0.7156
LMNA	DEK	3	0.1635	0.7444
MAPRE3	DEK	3	0.0607	0.8210
ACTB	MYH11	3	0.3447	0.5688
CTNNA1	MYH11	3	0.1208	0.7737
KRT8	MYH11	3	0.2456	0.6870
LMNA	MYH11	3	0.1106	0.7813
MAPRE3	MYH11	3	0.1646	0.7437
ACTB	GLRX	3	0.1292	0.7682
CTNNA1	GLRX	3	0.0235	0.8548
KRT8	GLRX	3	0.1666	0.7422
LMNA	GLRX	3	0.0766	0.8071
MAPRE3	GLRX	3	0.0328	0.8475
ACTB	AHR	3	0.0413	0.8395
CTNNA1	AHR	3	0.0009	0.8730
KRT8	AHR	3	0.0730	0.8102
LMNA	AHR	3	0.0426	0.8382
MAPRE3	AHR	3	0.0073	0.8658
ACTB	KRT2	3	0.1349	0.7643
CTNNA1	KRT2	3	0.1008	0.7886
KRT8	KRT2	3	0.0572	0.8240
LMNA	KRT2	3	0.1063	0.7844
MAPRE3	KRT2	3	0.0690	0.8136
ACTB	HMGCL	3	0.0598	0.8218
CTNNA1	HMGCL	3	0.0408	0.8400
KRT8	HMGCL	3	0.0552	0.8262
LMNA	HMGCL	3	0.0402	0.8406
MAPRE3	HMGCL	3	0.0188	0.8578
ACTB	PSMC2	3	0.2413	0.6902
CTNNA1	PSMC2	3	0.0655	0.8166
KRT8	PSMC2	3	0.3306	0.5949
LMNA	PSMC2	3	0.1065	0.7843
MAPRE3	PSMC2	3	0.0963	0.7921
ACTB	ARL2	3	0.2790	0.6580
CTNNA1	ARL2	3	0.0725	0.8105
KRT8	ARL2	3	0.3152	0.6172
LMNA	ARL2	3	0.2512	0.6826
MAPRE3	ARL2	3	0.2029	0.7182
ACTB	ARL3	3	0.1431	0.7589
CTNNA1	ARL3	3	0.0225	0.8554
KRT8	ARL3	3	0.1199	0.7744
LMNA	ARL3	3	0.1032	0.7868
MAPRE3	ARL3	3	0.0388	0.8422
ACTB	MAP2K2	3	0.2394	0.6919
CTNNA1	MAP2K2	3	0.0618	0.8200
KRT8	MAP2K2	3	0.2489	0.6845
LMNA	MAP2K2	3	0.1098	0.7820
MAPRE3	MAP2K2	3	0.0840	0.8012
ACTB	ATP5F1C	3	0.1976	0.7214
CTNNA1	ATP5F1C	3	0.0236	0.8547
KRT8	ATP5F1C	3	0.2165	0.7088
LMNA	ATP5F1C	3	0.1138	0.7789
MAPRE3	ATP5F1C	3	0.0665	0.8157
ACTB	CPOX	3	0.0820	0.8028
CTNNA1	CPOX	3	0.0448	0.8362
KRT8	CPOX	3	0.0859	0.7998
LMNA	CPOX	3	0.0681	0.8143
MAPRE3	CPOX	3	0.0218	0.8559
ACTB	RPL4	3	0.0849	0.8007
CTNNA1	RPL4	3	0.0403	0.8405
KRT8	RPL4	3	0.1291	0.7683
LMNA	RPL4	3	0.0821	0.8028
MAPRE3	RPL4	3	0.0315	0.8486
ACTB	LONP1	3	0.1084	0.7828
CTNNA1	LONP1	3	0.0200	0.8571
KRT8	LONP1	3	0.1671	0.7420
LMNA	LONP1	3	0.1126	0.7798
MAPRE3	LONP1	3	0.0380	0.8430
ACTB	PPP1CC	3	0.3056	0.6299
CTNNA1	PPP1CC	3	0.0716	0.8114
KRT8	PPP1CC	3	0.2915	0.6453
LMNA	PPP1CC	3	0.2013	0.7192
MAPRE3	PPP1CC	3	0.1606	0.7465
ACTB	SERPINB5	3	0.0659	0.8162
CTNNA1	SERPINB5	3	0.0380	0.8430
KRT8	SERPINB5	3	0.0805	0.8041
LMNA	SERPINB5	3	0.0610	0.8207
MAPRE3	SERPINB5	3	0.0242	0.8543
ACTB	POLR2I	3	0.1296	0.7680
CTNNA1	POLR2I	3	0.0788	0.8054
KRT8	POLR2I	3	0.0757	0.8078
LMNA	POLR2I	3	0.0823	0.8026
MAPRE3	POLR2I	3	0.0235	0.8548
ACTB	SREBF1	3	0.0405	0.8403
KRT8	SREBF1	3	0.0423	0.8385
LMNA	SREBF1	3	0.0001	0.8748
MAPRE3	SREBF1	3	0.0043	0.8685
ACTB	GPX4	3	0.1356	0.7638
CTNNA1	GPX4	3	0.0510	0.8301
KRT8	GPX4	3	0.1668	0.7421
LMNA	GPX4	3	0.1421	0.7596
MAPRE3	GPX4	3	0.0632	0.8186
ACTB	SRP14	3	0.0901	0.7965
CTNNA1	SRP14	3	0.0387	0.8423
KRT8	SRP14	3	0.1362	0.7634
LMNA	SRP14	3	0.1258	0.7703
MAPRE3	SRP14	3	0.0156	0.8600
ACTB	NUP62	3	0.2668	0.6692
CTNNA1	NUP62	3	0.0597	0.8219
KRT8	NUP62	3	0.3061	0.6292
LMNA	NUP62	3	0.2112	0.7125
MAPRE3	NUP62	3	0.1438	0.7584
ACTB	HPCAL1	3	0.1463	0.7567
CTNNA1	HPCAL1	3	0.0424	0.8383
KRT8	HPCAL1	3	0.1655	0.7430
LMNA	HPCAL1	3	0.0843	0.8010
MAPRE3	HPCAL1	3	0.0459	0.8351
ACTB	FDFT1	3	0.1695	0.7403
KRT8	FDFT1	3	0.1653	0.7433
LMNA	FDFT1	3	0.1430	0.7590
ACTB	ZEB1	3	0.1262	0.7700
CTNNA1	ZEB1	3	0.0492	0.8318
KRT8	ZEB1	3	0.1524	0.7522
LMNA	ZEB1	3	0.2640	0.6716
MAPRE3	ZEB1	3	0.1623	0.7452
ACTB	TAGLN2	3	0.3693	0.5216
CTNNA1	TAGLN2	3	0.0907	0.7961
KRT8	TAGLN2	3	0.2950	0.6413
LMNA	TAGLN2	3	0.2257	0.7020
MAPRE3	TAGLN2	3	0.1642	0.7439
ACTB	TALDO1	3	0.1536	0.7513
CTNNA1	TALDO1	3	0.0387	0.8423
KRT8	TALDO1	3	0.1732	0.7379
LMNA	TALDO1	3	0.1636	0.7442
MAPRE3	TALDO1	3	0.0612	0.8205
ACTB	SNCA	3	0.3141	0.6193
CTNNA1	SNCA	3	0.1422	0.7595
KRT8	SNCA	3	0.3118	0.6225
LMNA	SNCA	3	0.2519	0.6819
MAPRE3	SNCA	3	0.2360	0.6942
ACTB	ETFB	3	0.1506	0.7535
CTNNA1	ETFB	3	0.0359	0.8449
KRT8	ETFB	3	0.1577	0.7485
LMNA	ETFB	3	0.0822	0.8027
MAPRE3	ETFB	3	0.0404	0.8404
ACTB	RBMX	3	0.0712	0.8117
CTNNA1	RBMX	3	0.0623	0.8195
KRT8	RBMX	3	0.0699	0.8128
LMNA	RBMX	3	0.0901	0.7965
MAPRE3	RBMX	3	0.0465	0.8346
ACTB	BRCA1	3	0.3431	0.5729
CTNNA1	BRCA1	3	0.0668	0.8155
KRT8	BRCA1	3	0.1992	0.7203
LMNA	BRCA1	3	0.2727	0.6638
MAPRE3	BRCA1	3	0.1638	0.7441
ACTB	COIL	3	0.2120	0.7119
CTNNA1	COIL	3	0.0512	0.8299
KRT8	COIL	3	0.2085	0.7145
LMNA	COIL	3	0.2869	0.6499
MAPRE3	COIL	3	0.2400	0.6913
ACTB	GGCX	3	0.1482	0.7552
CTNNA1	GGCX	3	0.0482	0.8328
KRT8	GGCX	3	0.3432	0.5725
LMNA	GGCX	3	0.3075	0.6277
MAPRE3	GGCX	3	0.0350	0.8457
ACTB	ATP6V1A	3	0.2648	0.6709
CTNNA1	ATP6V1A	3	0.0518	0.8293
KRT8	ATP6V1A	3	0.2835	0.6533
LMNA	ATP6V1A	3	0.2032	0.7180
MAPRE3	ATP6V1A	3	0.1154	0.7778
ACTB	HSPA9	3	0.0839	0.8013
CTNNA1	HSPA9	3	0.0440	0.8370
KRT8	HSPA9	3	0.0953	0.7927
LMNA	HSPA9	3	0.0622	0.8196
MAPRE3	HSPA9	3	0.0371	0.8438
ACTB	EIF4A3	3	0.1627	0.7449
CTNNA1	EIF4A3	3	0.0267	0.8524
KRT8	EIF4A3	3	0.1765	0.7357
LMNA	EIF4A3	3	0.1147	0.7784
MAPRE3	EIF4A3	3	0.0630	0.8189
ACTB	IGHMBP2	3	0.0461	0.8350
KRT8	IGHMBP2	3	0.0481	0.8330
LMNA	IGHMBP2	3	0.0259	0.8530
MAPRE3	IGHMBP2	3	0.0395	0.8413
ACTB	RPL3	3	0.2333	0.6965
CTNNA1	RPL3	3	0.0744	0.8091
KRT8	RPL3	3	0.2999	0.6362
LMNA	RPL3	3	0.2169	0.7084
MAPRE3	RPL3	3	0.1255	0.7705
ACTB	DDOST	3	0.1042	0.7860
CTNNA1	DDOST	3	0.0154	0.8601
KRT8	DDOST	3	0.1324	0.7660
LMNA	DDOST	3	0.0747	0.8088
MAPRE3	DDOST	3	0.0201	0.8570
ACTB	ANP32A	3	0.1158	0.7774
CTNNA1	ANP32A	3	0.0476	0.8336
KRT8	ANP32A	3	0.0750	0.8085
LMNA	ANP32A	3	0.1651	0.7434
MAPRE3	ANP32A	3	0.0577	0.8237
ACTB	FEN1	3	0.0873	0.7987
CTNNA1	FEN1	3	0.0450	0.8360
KRT8	FEN1	3	0.0693	0.8133
LMNA	FEN1	3	0.1178	0.7757
MAPRE3	FEN1	3	0.0489	0.8322
ACTB	CUX1	3	0.1910	0.7258
CTNNA1	CUX1	3	0.0281	0.8514
KRT8	CUX1	3	0.1974	0.7215
LMNA	CUX1	3	0.2392	0.6921
MAPRE3	CUX1	3	0.1117	0.7805
ACTB	CAPG	3	0.2340	0.6958
CTNNA1	CAPG	3	0.0213	0.8562
KRT8	CAPG	3	0.2654	0.6703
LMNA	CAPG	3	0.1482	0.7552
MAPRE3	CAPG	3	0.1443	0.7581
ACTB	CAP2	3	0.3152	0.6172
CTNNA1	CAP2	3	0.0679	0.8145
KRT8	CAP2	3	0.2591	0.6756
LMNA	CAP2	3	0.1410	0.7603
MAPRE3	CAP2	3	0.1313	0.7668
ACTB	IL6ST	3	0.2517	0.6821
CTNNA1	IL6ST	3	0.1943	0.7237
KRT8	IL6ST	3	0.2062	0.7159
LMNA	IL6ST	3	0.2637	0.6718
MAPRE3	IL6ST	3	0.0827	0.8023
ACTB	TXLNA	3	0.1453	0.7574
CTNNA1	TXLNA	3	0.0441	0.8369
KRT8	TXLNA	3	0.2144	0.7103
LMNA	TXLNA	3	0.0468	0.8343
MAPRE3	TXLNA	3	0.0986	0.7902
ACTB	CCT6A	3	0.2722	0.6642
CTNNA1	CCT6A	3	0.0432	0.8376
KRT8	CCT6A	3	0.2497	0.6838
LMNA	CCT6A	3	0.1311	0.7669
MAPRE3	CCT6A	3	0.0702	0.8125
ACTB	NNMT	3	0.2326	0.6972
CTNNA1	NNMT	3	0.0348	0.8459
KRT8	NNMT	3	0.2538	0.6803
LMNA	NNMT	3	0.1885	0.7275
MAPRE3	NNMT	3	0.1041	0.7861
ACTB	PBX1	3	0.0804	0.8042
CTNNA1	PBX1	3	0.0262	0.8528
KRT8	PBX1	3	0.1562	0.7495
LMNA	PBX1	3	0.1777	0.7347
MAPRE3	PBX1	3	0.0144	0.8608
ACTB	PBX2	3	0.0485	0.8325
KRT8	PBX2	3	0.0105	0.8634
LMNA	PBX2	3	0.0171	0.8590
ACTB	RPL13A	3	0.1983	0.7208
CTNNA1	RPL13A	3	0.0485	0.8325
KRT8	RPL13A	3	0.1900	0.7265
LMNA	RPL13A	3	0.1419	0.7597
MAPRE3	RPL13A	3	0.0835	0.8017
ACTB	ARL1	3	0.1824	0.7313
CTNNA1	ARL1	3	0.0378	0.8432
KRT8	ARL1	3	0.3758	0.5124
LMNA	ARL1	3	0.2054	0.7165
MAPRE3	ARL1	3	0.0975	0.7910
ACTB	MLH1	3	0.1559	0.7497
CTNNA1	MLH1	3	0.0366	0.8443
KRT8	MLH1	3	0.1671	0.7420
LMNA	MLH1	3	0.2937	0.6427
MAPRE3	MLH1	3	0.1363	0.7633
ACTB	STAT3	3	0.2780	0.6592
CTNNA1	STAT3	3	0.0832	0.8019
KRT8	STAT3	3	0.3039	0.6316
LMNA	STAT3	3	0.2338	0.6961
MAPRE3	STAT3	3	0.1723	0.7385
ACTB	USP8	3	0.2925	0.6441
CTNNA1	USP8	3	0.0992	0.7897
KRT8	USP8	3	0.3078	0.6275
LMNA	USP8	3	0.1886	0.7274
MAPRE3	USP8	3	0.2167	0.7086
ACTB	PEX19	3	0.1638	0.7441
CTNNA1	PEX19	3	0.0083	0.8650
KRT8	PEX19	3	0.1806	0.7326
LMNA	PEX19	3	0.0421	0.8387
MAPRE3	PEX19	3	0.0524	0.8288
ACTB	MDH1	3	0.1060	0.7846
CTNNA1	MDH1	3	0.0317	0.8484
KRT8	MDH1	3	0.1870	0.7286
LMNA	MDH1	3	0.0801	0.8045
MAPRE3	MDH1	3	0.0525	0.8287
ACTB	MDH2	3	0.1432	0.7588
CTNNA1	MDH2	3	0.0419	0.8389
KRT8	MDH2	3	0.1921	0.7252
LMNA	MDH2	3	0.0931	0.7944
MAPRE3	MDH2	3	0.0785	0.8056
ACTB	RFC5	3	0.1591	0.7476
CTNNA1	RFC5	3	0.0340	0.8465
KRT8	RFC5	3	0.2235	0.7037
LMNA	RFC5	3	0.2155	0.7095
MAPRE3	RFC5	3	0.0975	0.7910
ACTB	RFC3	3	0.2168	0.7085
CTNNA1	RFC3	3	0.0955	0.7926
KRT8	RFC3	3	0.2176	0.7079
LMNA	RFC3	3	0.1581	0.7482
MAPRE3	RFC3	3	0.1054	0.7851
ACTB	HADHA	3	0.1070	0.7839
CTNNA1	HADHA	3	0.0342	0.8464
KRT8	HADHA	3	0.1231	0.7722
LMNA	HADHA	3	0.0674	0.8150
MAPRE3	HADHA	3	0.0218	0.8559
ACTB	EIF2S3	3	0.1118	0.7805
CTNNA1	EIF2S3	3	0.0401	0.8407
KRT8	EIF2S3	3	0.2728	0.6637
LMNA	EIF2S3	3	0.2740	0.6627
MAPRE3	EIF2S3	3	0.0749	0.8087
CTNNA1	ETV3	3	0.0003	0.8743
KRT8	ETV3	3	0.0165	0.8594
LMNA	ETV3	3	0.0323	0.8479
ACTB	CETN2	3	0.0593	0.8223
CTNNA1	CETN2	3	0.0024	0.8706
KRT8	CETN2	3	0.0655	0.8166
LMNA	CETN2	3	0.0073	0.8658
MAPRE3	CETN2	3	0.0022	0.8710
ACTB	ETV6	3	0.0312	0.8489
CTNNA1	ETV6	3	0.0140	0.8611
KRT8	ETV6	3	0.0063	0.8666
LMNA	ETV6	3	0.2780	0.6592
ACTB	EIF2D	3	0.2807	0.6560
CTNNA1	EIF2D	3	0.1122	0.7802
KRT8	EIF2D	3	0.3124	0.6218
LMNA	EIF2D	3	0.1868	0.7288
MAPRE3	EIF2D	3	0.1947	0.7234
ACTB	BUD31	3	0.1177	0.7758
KRT8	BUD31	3	0.1251	0.7708
LMNA	BUD31	3	0.3132	0.6204
MAPRE3	BUD31	3	0.0444	0.8366
ACTB	NAA10	3	0.1208	0.7737
CTNNA1	NAA10	3	0.0320	0.8481
KRT8	NAA10	3	0.1922	0.7251
LMNA	NAA10	3	0.0866	0.7993
MAPRE3	NAA10	3	0.0517	0.8294
ACTB	KDM5C	3	0.1674	0.7417
CTNNA1	KDM5C	3	0.0497	0.8313
KRT8	KDM5C	3	0.2458	0.6868
LMNA	KDM5C	3	0.2558	0.6783
MAPRE3	KDM5C	3	0.1429	0.7590
ACTB	PPP1R2	3	0.0448	0.8362
CTNNA1	PPP1R2	3	0.0003	0.8743
KRT8	PPP1R2	3	0.0306	0.8494
LMNA	PPP1R2	3	0.0148	0.8606
MAPRE3	PPP1R2	3	0.0063	0.8666
ACTB	CSK	3	0.2276	0.7007
CTNNA1	CSK	3	0.0335	0.8469
KRT8	CSK	3	0.2565	0.6776
LMNA	CSK	3	0.1110	0.7810
MAPRE3	CSK	3	0.0709	0.8120
ACTB	PNPLA4	3	0.0372	0.8438
KRT8	PNPLA4	3	0.0074	0.8657
LMNA	PNPLA4	3	0.0166	0.8594
ACTB	GARS1	3	0.1835	0.7305
CTNNA1	GARS1	3	0.0414	0.8394
KRT8	GARS1	3	0.1573	0.7488
LMNA	GARS1	3	0.0679	0.8145
MAPRE3	GARS1	3	0.0479	0.8332
ACTB	IARS1	3	0.1521	0.7524
CTNNA1	IARS1	3	0.0248	0.8539
KRT8	IARS1	3	0.3220	0.6071
LMNA	IARS1	3	0.1488	0.7547
MAPRE3	IARS1	3	0.0753	0.8082
ACTB	PRKCI	3	0.1400	0.7609
CTNNA1	PRKCI	3	0.0268	0.8523
KRT8	PRKCI	3	0.2033	0.7180
LMNA	PRKCI	3	0.0940	0.7937
MAPRE3	PRKCI	3	0.0635	0.8183
LMNA	ELK3	3	0.0605	0.8212
ACTB	TMPO	3	0.1363	0.7633
CTNNA1	TMPO	3	0.0847	0.8008
KRT8	TMPO	3	0.1367	0.7631
LMNA	TMPO	3	0.4801	0.3352
MAPRE3	TMPO	3	0.1159	0.7773
ACTB	STAT1	3	0.2282	0.7003
CTNNA1	STAT1	3	0.0479	0.8332
KRT8	STAT1	3	0.2239	0.7034
LMNA	STAT1	3	0.2121	0.7118
MAPRE3	STAT1	3	0.0938	0.7939
ACTB	STAT6	3	0.1560	0.7497
CTNNA1	STAT6	3	0.0704	0.8123
KRT8	STAT6	3	0.2150	0.7099
LMNA	STAT6	3	0.1407	0.7604
MAPRE3	STAT6	3	0.0536	0.8277
ACTB	STAT5A	3	0.1800	0.7329
CTNNA1	STAT5A	3	0.0217	0.8560
KRT8	STAT5A	3	0.2306	0.6986
LMNA	STAT5A	3	0.1215	0.7732
MAPRE3	STAT5A	3	0.0452	0.8358
ACTB	MTREX	3	0.1725	0.7384
CTNNA1	MTREX	3	0.0376	0.8434
KRT8	MTREX	3	0.2035	0.7178
LMNA	MTREX	3	0.1855	0.7294
MAPRE3	MTREX	3	0.0628	0.8190
ACTB	AKR1C3	3	0.0860	0.7997
CTNNA1	AKR1C3	3	0.0525	0.8287
KRT8	AKR1C3	3	0.0742	0.8092
LMNA	AKR1C3	3	0.0593	0.8223
MAPRE3	AKR1C3	3	0.0301	0.8498
ACTB	PIK3CA	3	0.0745	0.8091
CTNNA1	PIK3CA	3	0.0025	0.8705
KRT8	PIK3CA	3	0.0817	0.8031
LMNA	PIK3CA	3	0.0092	0.8643
MAPRE3	PIK3CA	3	0.0205	0.8568
ACTB	MTOR	3	0.2352	0.6948
CTNNA1	MTOR	3	0.0640	0.8179
KRT8	MTOR	3	0.2944	0.6422
LMNA	MTOR	3	0.1153	0.7779
MAPRE3	MTOR	3	0.1613	0.7459
ACTB	PI4KA	3	0.3642	0.5337
CTNNA1	PI4KA	3	0.2098	0.7136
KRT8	PI4KA	3	0.4097	0.4448
LMNA	PI4KA	3	0.2526	0.6813
MAPRE3	PI4KA	3	0.2724	0.6640
ACTB	HAL	3	0.3469	0.5647
LMNA	HAL	3	0.0764	0.8072
MAPRE3	HAL	3	0.1027	0.7873
ACTB	EPS15	3	0.2920	0.6447
CTNNA1	EPS15	3	0.1370	0.7629
KRT8	EPS15	3	0.3073	0.6279
LMNA	EPS15	3	0.1267	0.7697
MAPRE3	EPS15	3	0.1604	0.7467
ACTB	CASP2	3	0.0669	0.8154
CTNNA1	CASP2	3	0.0477	0.8334
KRT8	CASP2	3	0.0782	0.8058
LMNA	CASP2	3	0.1947	0.7234
MAPRE3	CASP2	3	0.0021	0.8711
ACTB	RPS27	3	0.2005	0.7196
CTNNA1	RPS27	3	0.0361	0.8447
KRT8	RPS27	3	0.3277	0.5990
LMNA	RPS27	3	0.1748	0.7370
MAPRE3	RPS27	3	0.1065	0.7843
ACTB	ABL2	3	0.0806	0.8041
CTNNA1	ABL2	3	0.0046	0.8682
KRT8	ABL2	3	0.0940	0.7937
LMNA	ABL2	3	0.0122	0.8623
MAPRE3	ABL2	3	0.0269	0.8523
ACTB	HELZ	3	0.0475	0.8337
CTNNA1	HELZ	3	0.0016	0.8718
KRT8	HELZ	3	0.0686	0.8139
LMNA	HELZ	3	0.0015	0.8720
MAPRE3	HELZ	3	0.0178	0.8584
ACTB	NCAPD3	3	0.1997	0.7200
CTNNA1	NCAPD3	3	0.0682	0.8142
KRT8	NCAPD3	3	0.3275	0.5998
LMNA	NCAPD3	3	0.2084	0.7145
MAPRE3	NCAPD3	3	0.1440	0.7582
ACTB	RBM34	3	0.0215	0.8561
KRT8	RBM34	3	0.0264	0.8526
LMNA	RBM34	3	0.0271	0.8521
MAPRE3	RBM34	3	0.0000	0.8752
ACTB	LRPPRC	3	0.1497	0.7540
CTNNA1	LRPPRC	3	0.0431	0.8377
KRT8	LRPPRC	3	0.2786	0.6586
LMNA	LRPPRC	3	0.1448	0.7578
MAPRE3	LRPPRC	3	0.0531	0.8282
ACTB	ACAA2	3	0.2009	0.7194
KRT8	ACAA2	3	0.1698	0.7402
LMNA	ACAA2	3	0.0682	0.8142
MAPRE3	ACAA2	3	0.0193	0.8576
ACTB	RPL35	3	0.1738	0.7376
CTNNA1	RPL35	3	0.0763	0.8073
LMNA	RPL35	3	0.1949	0.7233
MAPRE3	RPL35	3	0.1548	0.7505
ACTB	CDKN2A	3	0.0763	0.8073
CTNNA1	CDKN2A	3	0.0451	0.8359
KRT8	CDKN2A	3	0.1052	0.7852
LMNA	CDKN2A	3	0.0556	0.8258
MAPRE3	CDKN2A	3	0.0190	0.8577
ACTB	HTT	3	0.2248	0.7028
CTNNA1	HTT	3	0.0388	0.8422
KRT8	HTT	3	0.2436	0.6884
LMNA	HTT	3	0.0863	0.7995
MAPRE3	HTT	3	0.0819	0.8029
ACTB	ECE1	3	0.2898	0.6470
CTNNA1	ECE1	3	0.1687	0.7409
KRT8	ECE1	3	0.2491	0.6842
LMNA	ECE1	3	0.2631	0.6723
MAPRE3	ECE1	3	0.2052	0.7167
ACTB	PAFAH1B1	3	0.1907	0.7261
CTNNA1	PAFAH1B1	3	0.0268	0.8523
KRT8	PAFAH1B1	3	0.1873	0.7283
LMNA	PAFAH1B1	3	0.0648	0.8173
MAPRE3	PAFAH1B1	3	0.0466	0.8345
ACTB	MCAM	3	0.2781	0.6591
CTNNA1	MCAM	3	0.2153	0.7097
KRT8	MCAM	3	0.1926	0.7249
LMNA	MCAM	3	0.2060	0.7162
MAPRE3	MCAM	3	0.0477	0.8334
ACTB	MATR3	3	0.1235	0.7719
CTNNA1	MATR3	3	0.0208	0.8566
KRT8	MATR3	3	0.1608	0.7463
LMNA	MATR3	3	0.1795	0.7333
MAPRE3	MATR3	3	0.0373	0.8437
ACTB	MSH2	3	0.1964	0.7223
CTNNA1	MSH2	3	0.0585	0.8229
KRT8	MSH2	3	0.2668	0.6692
LMNA	MSH2	3	0.2751	0.6618
MAPRE3	MSH2	3	0.0999	0.7892
ACTB	GPD2	3	0.0999	0.7892
CTNNA1	GPD2	3	0.0549	0.8265
KRT8	GPD2	3	0.0900	0.7966
LMNA	GPD2	3	0.0736	0.8097
MAPRE3	GPD2	3	0.0318	0.8483
ACTB	SSR1	3	0.0361	0.8447
LMNA	SSR1	3	0.6722	0.1508
ACTB	ALDH3B1	3	0.2575	0.6769
CTNNA1	ALDH3B1	3	0.0405	0.8403
KRT8	ALDH3B1	3	0.2631	0.6723
LMNA	ALDH3B1	3	0.1832	0.7307
MAPRE3	ALDH3B1	3	0.1752	0.7367
ACTB	MAGEA1	3	0.2579	0.6766
CTNNA1	MAGEA1	3	0.0928	0.7946
KRT8	MAGEA1	3	0.3304	0.5952
LMNA	MAGEA1	3	0.1445	0.7579
MAPRE3	MAGEA1	3	0.1833	0.7306
ACTB	PTPN9	3	0.0717	0.8113
CTNNA1	PTPN9	3	0.0131	0.8617
KRT8	PTPN9	3	0.1696	0.7403
LMNA	PTPN9	3	0.0987	0.7901
MAPRE3	PTPN9	3	0.0165	0.8594
ACTB	RANBP1	3	0.2900	0.6469
CTNNA1	RANBP1	3	0.1117	0.7805
KRT8	RANBP1	3	0.3411	0.5760
LMNA	RANBP1	3	0.1978	0.7212
MAPRE3	RANBP1	3	0.2327	0.6971
ACTB	NAMPT	3	0.1753	0.7366
CTNNA1	NAMPT	3	0.0410	0.8398
KRT8	NAMPT	3	0.3012	0.6351
LMNA	NAMPT	3	0.1646	0.7437
MAPRE3	NAMPT	3	0.0790	0.8053
ACTB	PSMC4	3	0.2607	0.6745
CTNNA1	PSMC4	3	0.0562	0.8252
KRT8	PSMC4	3	0.2793	0.6576
LMNA	PSMC4	3	0.1634	0.7445
MAPRE3	PSMC4	3	0.1023	0.7876
ACTB	TSFM	3	0.0764	0.8072
CTNNA1	TSFM	3	0.0403	0.8405
KRT8	TSFM	3	0.1391	0.7615
LMNA	TSFM	3	0.0657	0.8164
MAPRE3	TSFM	3	0.0181	0.8582
ACTB	VDAC2	3	0.2161	0.7091
CTNNA1	VDAC2	3	0.0544	0.8270
KRT8	VDAC2	3	0.2427	0.6891
LMNA	VDAC2	3	0.2243	0.7031
MAPRE3	VDAC2	3	0.1339	0.7651
ACTB	CBX5	3	0.1432	0.7588
CTNNA1	CBX5	3	0.0402	0.8406
KRT8	CBX5	3	0.1457	0.7571
LMNA	CBX5	3	0.2713	0.6652
MAPRE3	CBX5	3	0.0617	0.8201
ACTB	USP5	3	0.0978	0.7907
CTNNA1	USP5	3	0.0380	0.8430
KRT8	USP5	3	0.1203	0.7740
LMNA	USP5	3	0.1130	0.7795
MAPRE3	USP5	3	0.0277	0.8517
ACTB	MKI67	3	0.2391	0.6922
CTNNA1	MKI67	3	0.1180	0.7756
KRT8	MKI67	3	0.2024	0.7186
LMNA	MKI67	3	0.3479	0.5630
MAPRE3	MKI67	3	0.2792	0.6577
ACTB	PHKA2	3	0.1748	0.7370
CTNNA1	PHKA2	3	0.0259	0.8530
KRT8	PHKA2	3	0.2272	0.7009
LMNA	PHKA2	3	0.1405	0.7606
MAPRE3	PHKA2	3	0.0640	0.8179
ACTB	PHKA1	3	0.0386	0.8424
CTNNA1	PHKA1	3	0.0006	0.8736
KRT8	PHKA1	3	0.0656	0.8165
LMNA	PHKA1	3	0.0248	0.8539
MAPRE3	PHKA1	3	0.0027	0.8703
ACTB	RANGAP1	3	0.3259	0.6023
CTNNA1	RANGAP1	3	0.1350	0.7642
KRT8	RANGAP1	3	0.3304	0.5952
LMNA	RANGAP1	3	0.2105	0.7129
MAPRE3	RANGAP1	3	0.2185	0.7072
ACTB	RECQL	3	0.0776	0.8063
CTNNA1	RECQL	3	0.0279	0.8516
KRT8	RECQL	3	0.0662	0.8160
LMNA	RECQL	3	0.2600	0.6749
MAPRE3	RECQL	3	0.0329	0.8474
ACTB	NOP2	3	0.1840	0.7302
CTNNA1	NOP2	3	0.0412	0.8396
KRT8	NOP2	3	0.2278	0.7005
LMNA	NOP2	3	0.2053	0.7166
MAPRE3	NOP2	3	0.1295	0.7680
ACTB	ATRX	3	0.1515	0.7529
CTNNA1	ATRX	3	0.0254	0.8534
KRT8	ATRX	3	0.1547	0.7506
LMNA	ATRX	3	0.2559	0.6782
MAPRE3	ATRX	3	0.0840	0.8012
ACTB	CRKL	3	0.0332	0.8471
CTNNA1	CRKL	3	0.0505	0.8305
KRT8	CRKL	3	0.0639	0.8180
LMNA	CRKL	3	0.0627	0.8191
MAPRE3	CRKL	3	0.0286	0.8510
ACTB	MTIF2	3	0.3232	0.6056
CTNNA1	MTIF2	3	0.0203	0.8569
MAPRE3	MTIF2	3	0.1088	0.7825
ACTB	BAG6	3	0.0958	0.7923
KRT8	BAG6	3	0.1040	0.7862
LMNA	BAG6	3	0.0310	0.8490
MAPRE3	BAG6	3	0.0509	0.8302
ACTB	NSF	3	0.2536	0.6805
CTNNA1	NSF	3	0.0509	0.8302
KRT8	NSF	3	0.2733	0.6633
LMNA	NSF	3	0.1480	0.7554
MAPRE3	NSF	3	0.1188	0.7751
LMNA	CDKN1B	3	0.5271	0.2664
ACTB	NOTCH1	3	0.0464	0.8347
CTNNA1	NOTCH1	3	0.0777	0.8062
KRT8	NOTCH1	3	0.0879	0.7982
LMNA	NOTCH1	3	0.0052	0.8677
MAPRE3	NOTCH1	3	0.0237	0.8547
ACTB	BRCC3	3	0.2472	0.6856
CTNNA1	BRCC3	3	0.0747	0.8088
KRT8	BRCC3	3	0.2897	0.6470
LMNA	BRCC3	3	0.1995	0.7201
MAPRE3	BRCC3	3	0.1613	0.7459
ACTB	RPL27A	3	0.0564	0.8249
CTNNA1	RPL27A	3	0.0469	0.8342
KRT8	RPL27A	3	0.0740	0.8094
LMNA	RPL27A	3	0.0764	0.8072
MAPRE3	RPL27A	3	0.0368	0.8441
ACTB	RPL5	3	0.1760	0.7360
CTNNA1	RPL5	3	0.0416	0.8392
KRT8	RPL5	3	0.2525	0.6813
LMNA	RPL5	3	0.1810	0.7323
MAPRE3	RPL5	3	0.0545	0.8269
ACTB	RPL21	3	0.1539	0.7511
CTNNA1	RPL21	3	0.0606	0.8211
KRT8	RPL21	3	0.2210	0.7056
LMNA	RPL21	3	0.1320	0.7663
MAPRE3	RPL21	3	0.1004	0.7889
ACTB	RPL28	3	0.2011	0.7193
CTNNA1	RPL28	3	0.0690	0.8136
KRT8	RPL28	3	0.3036	0.6322
LMNA	RPL28	3	0.2029	0.7182
MAPRE3	RPL28	3	0.1367	0.7631
ACTB	RPS9	3	0.1843	0.7300
CTNNA1	RPS9	3	0.0415	0.8393
KRT8	RPS9	3	0.2342	0.6956
LMNA	RPS9	3	0.1382	0.7622
MAPRE3	RPS9	3	0.0827	0.8023
ACTB	RPS5	3	0.1520	0.7524
CTNNA1	RPS5	3	0.0576	0.8238
KRT8	RPS5	3	0.1766	0.7356
LMNA	RPS5	3	0.1498	0.7540
MAPRE3	RPS5	3	0.0447	0.8363
ACTB	RPS10	3	0.0168	0.8593
CTNNA1	RPS10	3	0.0001	0.8748
KRT8	RPS10	3	0.0167	0.8593
LMNA	RPS10	3	0.0146	0.8607
MAPRE3	RPS10	3	0.0020	0.8713
ACTB	MAP1B	3	0.2819	0.6549
CTNNA1	MAP1B	3	0.1632	0.7446
KRT8	MAP1B	3	0.2877	0.6490
LMNA	MAP1B	3	0.0882	0.7980
MAPRE3	MAP1B	3	0.2497	0.6838
ACTB	NEDD4	3	0.2380	0.6928
CTNNA1	NEDD4	3	0.0428	0.8380
KRT8	NEDD4	3	0.2598	0.6750
LMNA	NEDD4	3	0.0874	0.7986
MAPRE3	NEDD4	3	0.1377	0.7624
ACTB	YAP1	3	0.2116	0.7121
CTNNA1	YAP1	3	0.0534	0.8279
KRT8	YAP1	3	0.2461	0.6866
LMNA	YAP1	3	0.2150	0.7099
MAPRE3	YAP1	3	0.1194	0.7746
ACTB	UTRN	3	0.3597	0.5423
CTNNA1	UTRN	3	0.2061	0.7161
KRT8	UTRN	3	0.3051	0.6303
LMNA	UTRN	3	0.2255	0.7021
MAPRE3	UTRN	3	0.2133	0.7110
ACTB	IQGAP1	3	0.3907	0.4782
CTNNA1	IQGAP1	3	0.0941	0.7937
KRT8	IQGAP1	3	0.2578	0.6767
LMNA	IQGAP1	3	0.1778	0.7346
MAPRE3	IQGAP1	3	0.1480	0.7554
ACTB	STT3A	3	0.2313	0.6981
CTNNA1	STT3A	3	0.0465	0.8346
KRT8	STT3A	3	0.2774	0.6599
LMNA	STT3A	3	0.2307	0.6985
MAPRE3	STT3A	3	0.1038	0.7864
CTNNA1	RABIF	3	0.0365	0.8444
MAPRE3	RABIF	3	0.0464	0.8347
ACTB	PLA2G4A	3	0.2316	0.6979
CTNNA1	PLA2G4A	3	0.0646	0.8175
KRT8	PLA2G4A	3	0.2861	0.6506
LMNA	PLA2G4A	3	0.1983	0.7208
MAPRE3	PLA2G4A	3	0.1319	0.7664
ACTB	RAP1GAP	3	0.0561	0.8252
KRT8	RAP1GAP	3	0.0587	0.8228
MAPRE3	RAP1GAP	3	0.0039	0.8690
ACTB	CAPZA2	3	0.1805	0.7326
CTNNA1	CAPZA2	3	0.0347	0.8460
KRT8	CAPZA2	3	0.2394	0.6919
LMNA	CAPZA2	3	0.1203	0.7740
MAPRE3	CAPZA2	3	0.0452	0.8358
ACTB	CAPZB	3	0.0992	0.7897
CTNNA1	CAPZB	3	0.0485	0.8325
KRT8	CAPZB	3	0.0822	0.8027
LMNA	CAPZB	3	0.0326	0.8477
MAPRE3	CAPZB	3	0.0290	0.8507
ACTB	ALDH1A3	3	0.2093	0.7139
CTNNA1	ALDH1A3	3	0.0200	0.8571
KRT8	ALDH1A3	3	0.2298	0.6992
LMNA	ALDH1A3	3	0.0625	0.8193
MAPRE3	ALDH1A3	3	0.0518	0.8293
ACTB	QARS1	3	0.2162	0.7091
CTNNA1	QARS1	3	0.0488	0.8323
KRT8	QARS1	3	0.2058	0.7163
LMNA	QARS1	3	0.0768	0.8069
MAPRE3	QARS1	3	0.0841	0.8011
ACTB	RPL29	3	0.1941	0.7238
CTNNA1	RPL29	3	0.0438	0.8371
KRT8	RPL29	3	0.1665	0.7423
LMNA	RPL29	3	0.1469	0.7562
MAPRE3	RPL29	3	0.0878	0.7983
ACTB	LGALS7	3	0.1940	0.7239
KRT8	LGALS7	3	0.1732	0.7379
LMNA	LGALS7	3	0.3189	0.6122
MAPRE3	LGALS7	3	0.3147	0.6182
ACTB	ATP5PO	3	0.0757	0.8078
CTNNA1	ATP5PO	3	0.0472	0.8340
KRT8	ATP5PO	3	0.0707	0.8121
LMNA	ATP5PO	3	0.0638	0.8181
MAPRE3	ATP5PO	3	0.0284	0.8512
ACTB	LIMS1	3	0.2713	0.6652
CTNNA1	LIMS1	3	0.1122	0.7802
KRT8	LIMS1	3	0.2610	0.6742
LMNA	LIMS1	3	0.1274	0.7693
MAPRE3	LIMS1	3	0.1969	0.7220
ACTB	PREP	3	0.1140	0.7788
CTNNA1	PREP	3	0.0706	0.8121
KRT8	PREP	3	0.1385	0.7620
LMNA	PREP	3	0.0965	0.7919
MAPRE3	PREP	3	0.0588	0.8227
ACTB	ME1	3	0.0525	0.8287
KRT8	ME1	3	0.0685	0.8140
LMNA	ME1	3	0.0216	0.8560
MAPRE3	ME1	3	0.0001	0.8748
ACTB	IREB2	3	0.1692	0.7405
CTNNA1	IREB2	3	0.0404	0.8404
KRT8	IREB2	3	0.2006	0.7196
LMNA	IREB2	3	0.0779	0.8060
MAPRE3	IREB2	3	0.0456	0.8355
ACTB	RFX5	3	0.0104	0.8635
CTNNA1	RFX5	3	0.0014	0.8722
KRT8	RFX5	3	0.0009	0.8730
LMNA	RFX5	3	0.0058	0.8671
MAPRE3	RFX5	3	0.0067	0.8663
ACTB	ARCN1	3	0.2650	0.6707
CTNNA1	ARCN1	3	0.0669	0.8154
KRT8	ARCN1	3	0.2891	0.6478
LMNA	ARCN1	3	0.1753	0.7366
MAPRE3	ARCN1	3	0.1556	0.7500
ACTB	LSS	3	0.1044	0.7859
CTNNA1	LSS	3	0.0314	0.8487
KRT8	LSS	3	0.1542	0.7509
LMNA	LSS	3	0.0524	0.8288
MAPRE3	LSS	3	0.0158	0.8598
ACTB	GCLC	3	0.1706	0.7397
CTNNA1	GCLC	3	0.0471	0.8340
KRT8	GCLC	3	0.2524	0.6814
LMNA	GCLC	3	0.1221	0.7728
MAPRE3	GCLC	3	0.1221	0.7728
ACTB	GCLM	3	0.1926	0.7249
CTNNA1	GCLM	3	0.0369	0.8440
KRT8	GCLM	3	0.2495	0.6840
LMNA	GCLM	3	0.1927	0.7248
MAPRE3	GCLM	3	0.0678	0.8146
ACTB	NRIP1	3	0.0426	0.8382
CTNNA1	NRIP1	3	0.0000	0.8752
KRT8	NRIP1	3	0.0303	0.8496
LMNA	NRIP1	3	0.1010	0.7885
MAPRE3	NRIP1	3	0.0112	0.8630
ACTB	TRAPPC10	3	0.0641	0.8178
CTNNA1	TRAPPC10	3	0.0040	0.8689
KRT8	TRAPPC10	3	0.0678	0.8146
LMNA	TRAPPC10	3	0.0024	0.8706
MAPRE3	TRAPPC10	3	0.0071	0.8660
ACTB	PSMD8	3	0.1955	0.7228
CTNNA1	PSMD8	3	0.0204	0.8569
KRT8	PSMD8	3	0.2383	0.6927
LMNA	PSMD8	3	0.1285	0.7686
MAPRE3	PSMD8	3	0.0855	0.8001
ACTB	PRRC2A	3	0.2728	0.6637
CTNNA1	PRRC2A	3	0.1445	0.7579
KRT8	PRRC2A	3	0.3149	0.6177
LMNA	PRRC2A	3	0.1811	0.7322
MAPRE3	PRRC2A	3	0.4787	0.3384
ACTB	CCT5	3	0.1581	0.7482
CTNNA1	CCT5	3	0.0335	0.8469
KRT8	CCT5	3	0.1656	0.7429
LMNA	CCT5	3	0.0620	0.8197
MAPRE3	CCT5	3	0.0441	0.8369
ACTB	PTDSS1	3	0.2064	0.7158
CTNNA1	PTDSS1	3	0.0571	0.8241
KRT8	PTDSS1	3	0.3257	0.6025
LMNA	PTDSS1	3	0.2284	0.7003
MAPRE3	PTDSS1	3	0.1145	0.7785
ACTB	NES	3	0.2340	0.6958
CTNNA1	NES	3	0.1044	0.7859
KRT8	NES	3	0.3374	0.5822
LMNA	NES	3	0.1323	0.7661
MAPRE3	NES	3	0.1512	0.7531
ACTB	CSNK1A1	3	0.2362	0.6940
CTNNA1	CSNK1A1	3	0.0965	0.7919
KRT8	CSNK1A1	3	0.4106	0.4428
LMNA	CSNK1A1	3	0.2510	0.6828
MAPRE3	CSNK1A1	3	0.1681	0.7412
ACTB	CSNK1D	3	0.2435	0.6885
CTNNA1	CSNK1D	3	0.0668	0.8155
KRT8	CSNK1D	3	0.3567	0.5477
LMNA	CSNK1D	3	0.1835	0.7305
MAPRE3	CSNK1D	3	0.1167	0.7765
ACTB	IDH2	3	0.0865	0.7993
CTNNA1	IDH2	3	0.0315	0.8486
KRT8	IDH2	3	0.1187	0.7752
LMNA	IDH2	3	0.0807	0.8040
MAPRE3	IDH2	3	0.0210	0.8565
ACTB	PITPNB	3	0.0797	0.8048
CTNNA1	PITPNB	3	0.0614	0.8203
KRT8	PITPNB	3	0.0717	0.8113
LMNA	PITPNB	3	0.0649	0.8172
MAPRE3	PITPNB	3	0.0332	0.8471
ACTB	ADGRE5	3	0.0118	0.8626
CTNNA1	ADGRE5	3	0.0124	0.8622
KRT8	ADGRE5	3	0.1157	0.7775
LMNA	ADGRE5	3	0.0975	0.7910
ACTB	POLD2	3	0.1588	0.7478
CTNNA1	POLD2	3	0.0394	0.8415
KRT8	POLD2	3	0.2538	0.6803
LMNA	POLD2	3	0.1570	0.7489
MAPRE3	POLD2	3	0.0491	0.8319
ACTB	PXN	3	0.2620	0.6732
CTNNA1	PXN	3	0.1041	0.7861
KRT8	PXN	3	0.3165	0.6155
LMNA	PXN	3	0.0976	0.7909
MAPRE3	PXN	3	0.1333	0.7654
ACTB	CAMLG	3	0.0612	0.8205
LMNA	CAMLG	3	0.1530	0.7518
ACTB	NR2C2	3	0.0177	0.8585
KRT8	NR2C2	3	0.0041	0.8688
LMNA	NR2C2	3	0.0293	0.8504
ACTB	MAPKAPK2	3	0.0668	0.8155
CTNNA1	MAPKAPK2	3	0.0387	0.8423
KRT8	MAPKAPK2	3	0.1098	0.7820
LMNA	MAPKAPK2	3	0.0830	0.8021
MAPRE3	MAPKAPK2	3	0.0288	0.8508
ACTB	ALDH9A1	3	0.1515	0.7529
CTNNA1	ALDH9A1	3	0.0500	0.8311
KRT8	ALDH9A1	3	0.0739	0.8095
LMNA	ALDH9A1	3	0.0931	0.7944
ACTB	RPL34	3	0.2494	0.6840
CTNNA1	RPL34	3	0.0849	0.8007
KRT8	RPL34	3	0.2751	0.6618
LMNA	RPL34	3	0.2406	0.6908
MAPRE3	RPL34	3	0.1674	0.7417
ACTB	LMAN1	3	0.2476	0.6853
CTNNA1	LMAN1	3	0.1658	0.7428
KRT8	LMAN1	3	0.2277	0.7006
LMNA	LMAN1	3	0.1970	0.7218
MAPRE3	LMAN1	3	0.1394	0.7613
ACTB	NASP	3	0.1510	0.7533
CTNNA1	NASP	3	0.0350	0.8457
KRT8	NASP	3	0.1523	0.7523
LMNA	NASP	3	0.2421	0.6896
MAPRE3	NASP	3	0.0411	0.8397
ACTB	FASN	3	0.2703	0.6661
CTNNA1	FASN	3	0.0628	0.8190
KRT8	FASN	3	0.2957	0.6408
LMNA	FASN	3	0.1344	0.7646
MAPRE3	FASN	3	0.1375	0.7625
ACTB	FNTB	3	0.1173	0.7761
CTNNA1	FNTB	3	0.0485	0.8325
KRT8	FNTB	3	0.1482	0.7552
LMNA	FNTB	3	0.1289	0.7684
MAPRE3	FNTB	3	0.0650	0.8171
ACTB	DHPS	3	0.0522	0.8290
KRT8	DHPS	3	0.1033	0.7868
MAPRE3	DHPS	3	0.0079	0.8653
ACTB	CCT3	3	0.1880	0.7278
CTNNA1	CCT3	3	0.0346	0.8460
KRT8	CCT3	3	0.1870	0.7286
LMNA	CCT3	3	0.1022	0.7877
MAPRE3	CCT3	3	0.0593	0.8223
ACTB	MRPL19	3	0.1372	0.7627
CTNNA1	MRPL19	3	0.0345	0.8461
KRT8	MRPL19	3	0.2873	0.6494
LMNA	MRPL19	3	0.0832	0.8019
MAPRE3	MRPL19	3	0.0089	0.8645
ACTB	TUFM	3	0.1194	0.7746
CTNNA1	TUFM	3	0.0263	0.8527
KRT8	TUFM	3	0.1463	0.7567
LMNA	TUFM	3	0.0725	0.8105
MAPRE3	TUFM	3	0.0318	0.8483
ACTB	ALDH7A1	3	0.1267	0.7697
CTNNA1	ALDH7A1	3	0.0343	0.8463
KRT8	ALDH7A1	3	0.1464	0.7566
LMNA	ALDH7A1	3	0.0683	0.8142
MAPRE3	ALDH7A1	3	0.0447	0.8363
ACTB	INPP1	3	0.1882	0.7277
CTNNA1	INPP1	3	0.0618	0.8200
KRT8	INPP1	3	0.2641	0.6715
LMNA	INPP1	3	0.2156	0.7094
MAPRE3	INPP1	3	0.0649	0.8172
ACTB	CENPF	3	0.2778	0.6594
CTNNA1	CENPF	3	0.1944	0.7237
KRT8	CENPF	3	0.3380	0.5810
LMNA	CENPF	3	0.3248	0.6037
MAPRE3	CENPF	3	0.2586	0.6761
ACTB	SRP9	3	0.2022	0.7187
CTNNA1	SRP9	3	0.0779	0.8060
KRT8	SRP9	3	0.3041	0.6314
LMNA	SRP9	3	0.2159	0.7092
MAPRE3	SRP9	3	0.1298	0.7678
ACTB	UBE2A	3	0.2560	0.6781
CTNNA1	UBE2A	3	0.0866	0.7993
KRT8	UBE2A	3	0.2240	0.7033
LMNA	UBE2A	3	0.1450	0.7576
MAPRE3	UBE2A	3	0.0988	0.7900
ACTB	PCYT1A	3	0.1120	0.7803
CTNNA1	PCYT1A	3	0.0607	0.8210
KRT8	PCYT1A	3	0.1342	0.7648
LMNA	PCYT1A	3	0.3525	0.5539
MAPRE3	PCYT1A	3	0.0723	0.8108
ACTB	AARS1	3	0.2211	0.7055
CTNNA1	AARS1	3	0.0550	0.8263
KRT8	AARS1	3	0.2491	0.6842
LMNA	AARS1	3	0.1014	0.7883
MAPRE3	AARS1	3	0.1177	0.7758
ACTB	CARS1	3	0.2686	0.6676
CTNNA1	CARS1	3	0.0649	0.8172
KRT8	CARS1	3	0.2730	0.6635
LMNA	CARS1	3	0.1160	0.7772
MAPRE3	CARS1	3	0.1693	0.7405
ACTB	SARS1	3	0.2324	0.6973
CTNNA1	SARS1	3	0.0544	0.8270
KRT8	SARS1	3	0.2485	0.6847
LMNA	SARS1	3	0.0722	0.8109
MAPRE3	SARS1	3	0.1334	0.7654
ACTB	PRIM1	3	0.0965	0.7919
CTNNA1	PRIM1	3	0.0129	0.8619
KRT8	PRIM1	3	0.1272	0.7694
LMNA	PRIM1	3	0.1326	0.7659
MAPRE3	PRIM1	3	0.0311	0.8490
ACTB	PRIM2	3	0.2101	0.7132
CTNNA1	PRIM2	3	0.0483	0.8328
KRT8	PRIM2	3	0.2159	0.7092
LMNA	PRIM2	3	0.2312	0.6981
MAPRE3	PRIM2	3	0.1408	0.7603
ACTB	CASP4	3	0.0464	0.8347
CTNNA1	CASP4	3	0.0061	0.8669
KRT8	CASP4	3	0.0760	0.8075
MAPRE3	CASP4	3	0.0011	0.8726
ACTB	CEBPD	3	0.0808	0.8039
KRT8	CEBPD	3	0.1190	0.7749
LMNA	CEBPD	3	0.2165	0.7088
MAPRE3	CEBPD	3	0.0846	0.8008
ACTB	PSMB3	3	0.0703	0.8124
CTNNA1	PSMB3	3	0.0311	0.8490
KRT8	PSMB3	3	0.1012	0.7884
LMNA	PSMB3	3	0.0397	0.8412
MAPRE3	PSMB3	3	0.0285	0.8511
ACTB	PSMB2	3	0.2288	0.6999
CTNNA1	PSMB2	3	0.0302	0.8497
KRT8	PSMB2	3	0.2702	0.6661
LMNA	PSMB2	3	0.1333	0.7654
MAPRE3	PSMB2	3	0.1063	0.7844
ACTB	MCM2	3	0.1750	0.7368
CTNNA1	MCM2	3	0.0391	0.8418
KRT8	MCM2	3	0.2407	0.6907
LMNA	MCM2	3	0.2310	0.6983
MAPRE3	MCM2	3	0.0862	0.7996
ACTB	ACADVL	3	0.0858	0.7999
CTNNA1	ACADVL	3	0.0193	0.8576
KRT8	ACADVL	3	0.1979	0.7211
LMNA	ACADVL	3	0.1066	0.7842
MAPRE3	ACADVL	3	0.0240	0.8544
ACTB	YLPM1	3	0.2618	0.6733
CTNNA1	YLPM1	3	0.0268	0.8523
KRT8	YLPM1	3	0.2453	0.6873
LMNA	YLPM1	3	0.2212	0.7054
MAPRE3	YLPM1	3	0.1957	0.7227
ACTB	ACOT2	3	0.3996	0.4625
KRT8	ACOT2	3	0.9083	0.0124
LMNA	ACOT2	3	0.1064	0.7843
MAPRE3	ACOT2	3	0.2131	0.7112
ACTB	RBM25	3	0.1856	0.7294
CTNNA1	RBM25	3	0.0182	0.8582
KRT8	RBM25	3	0.1565	0.7494
LMNA	RBM25	3	0.2597	0.6752
MAPRE3	RBM25	3	0.1576	0.7486
ACTB	NUMB	3	0.2470	0.6859
CTNNA1	NUMB	3	0.0768	0.8069
KRT8	NUMB	3	0.2469	0.6859
LMNA	NUMB	3	0.0691	0.8135
MAPRE3	NUMB	3	0.1163	0.7769
ACTB	CLK2	3	0.0026	0.8704
KRT8	CLK2	3	0.0509	0.8302
LMNA	CLK2	3	0.1515	0.7529
ACTB	EIF2B2	3	0.0933	0.7943
CTNNA1	EIF2B2	3	0.0224	0.8555
KRT8	EIF2B2	3	0.1340	0.7649
LMNA	EIF2B2	3	0.0778	0.8062
MAPRE3	EIF2B2	3	0.0112	0.8630
ACTB	HINT1	3	0.0519	0.8292
CTNNA1	HINT1	3	0.0072	0.8659
KRT8	HINT1	3	0.1619	0.7455
LMNA	HINT1	3	0.0172	0.8589
MAPRE3	HINT1	3	0.0054	0.8675
ACTB	NUP153	3	0.1430	0.7590
CTNNA1	NUP153	3	0.0723	0.8108
KRT8	NUP153	3	0.1446	0.7578
LMNA	NUP153	3	0.3481	0.5625
MAPRE3	NUP153	3	0.1077	0.7833
ACTB	RANBP2	3	0.3262	0.6018
CTNNA1	RANBP2	3	0.1688	0.7408
KRT8	RANBP2	3	0.3859	0.4907
LMNA	RANBP2	3	0.2521	0.6817
MAPRE3	RANBP2	3	0.2539	0.6802
ACTB	TSC2	3	0.2334	0.6964
CTNNA1	TSC2	3	0.0811	0.8036
KRT8	TSC2	3	0.2899	0.6469
LMNA	TSC2	3	0.0858	0.7999
MAPRE3	TSC2	3	0.0942	0.7936
ACTB	NDUFV1	3	0.1086	0.7827
CTNNA1	NDUFV1	3	0.0596	0.8220
KRT8	NDUFV1	3	0.1648	0.7436
LMNA	NDUFV1	3	0.0308	0.8492
MAPRE3	NDUFV1	3	0.1601	0.7469
ACTB	GSK3B	3	0.2181	0.7076
CTNNA1	GSK3B	3	0.0530	0.8283
KRT8	GSK3B	3	0.3017	0.6343
LMNA	GSK3B	3	0.1254	0.7705
MAPRE3	GSK3B	3	0.1128	0.7797
ACTB	TAF6	3	0.2597	0.6752
CTNNA1	TAF6	3	0.0467	0.8344
KRT8	TAF6	3	0.2663	0.6697
LMNA	TAF6	3	0.2544	0.6798
MAPRE3	TAF6	3	0.1857	0.7293
ACTB	NT5C2	3	0.0692	0.8134
CTNNA1	NT5C2	3	0.0033	0.8697
KRT8	NT5C2	3	0.0861	0.7997
LMNA	NT5C2	3	0.0446	0.8364
MAPRE3	NT5C2	3	0.0116	0.8628
ACTB	SEPHS1	3	0.0923	0.7951
CTNNA1	SEPHS1	3	0.0159	0.8598
KRT8	SEPHS1	3	0.0970	0.7915
LMNA	SEPHS1	3	0.2402	0.6911
MAPRE3	SEPHS1	3	0.0673	0.8151
ACTB	CAMP	3	0.3184	0.6131
ACTB	GMPS	3	0.0787	0.8054
CTNNA1	GMPS	3	0.0201	0.8570
KRT8	GMPS	3	0.0972	0.7913
LMNA	GMPS	3	0.1451	0.7575
MAPRE3	GMPS	3	0.0241	0.8543
ACTB	LIG3	3	0.2261	0.7017
CTNNA1	LIG3	3	0.0389	0.8420
KRT8	LIG3	3	0.2061	0.7161
LMNA	LIG3	3	0.2857	0.6512
MAPRE3	LIG3	3	0.1446	0.7578
ACTB	LIG4	3	0.1925	0.7250
CTNNA1	LIG4	3	0.0218	0.8559
KRT8	LIG4	3	0.2213	0.7054
LMNA	LIG4	3	0.2479	0.6851
MAPRE3	LIG4	3	0.1208	0.7737
ACTB	MRE11	3	0.3097	0.6254
CTNNA1	MRE11	3	0.1664	0.7424
KRT8	MRE11	3	0.3462	0.5654
LMNA	MRE11	3	0.3048	0.6306
MAPRE3	MRE11	3	0.2839	0.6527
ACTB	IDH3A	3	0.0812	0.8035
CTNNA1	IDH3A	3	0.0370	0.8440
KRT8	IDH3A	3	0.3137	0.6198
LMNA	IDH3A	3	0.1123	0.7801
MAPRE3	IDH3A	3	0.0681	0.8143
ACTB	PPOX	3	0.1921	0.7252
CTNNA1	PPOX	3	0.0406	0.8402
KRT8	PPOX	3	0.2212	0.7054
LMNA	PPOX	3	0.0554	0.8260
MAPRE3	PPOX	3	0.0761	0.8074
ACTB	GDI2	3	0.1577	0.7485
CTNNA1	GDI2	3	0.0160	0.8597
KRT8	GDI2	3	0.1488	0.7547
LMNA	GDI2	3	0.0721	0.8110
MAPRE3	GDI2	3	0.0266	0.8525
ACTB	EMD	3	0.1211	0.7735
CTNNA1	EMD	3	0.0730	0.8102
KRT8	EMD	3	0.1278	0.7690
LMNA	EMD	3	0.7600	0.0876
MAPRE3	EMD	3	0.0867	0.7992
ACTB	CPT1A	3	0.2185	0.7072
CTNNA1	CPT1A	3	0.0259	0.8530
KRT8	CPT1A	3	0.2577	0.6768
LMNA	CPT1A	3	0.1592	0.7475
MAPRE3	CPT1A	3	0.0944	0.7934
ACTB	SERPINB8	3	0.1063	0.7844
CTNNA1	SERPINB8	3	0.0150	0.8605
KRT8	SERPINB8	3	0.0953	0.7927
LMNA	SERPINB8	3	0.0746	0.8089
MAPRE3	SERPINB8	3	0.0365	0.8444
ACTB	SERPINH1	3	0.1914	0.7256
CTNNA1	SERPINH1	3	0.0462	0.8349
KRT8	SERPINH1	3	0.2698	0.6665
LMNA	SERPINH1	3	0.1877	0.7280
MAPRE3	SERPINH1	3	0.0747	0.8088
ACTB	ST13	3	0.1483	0.7552
CTNNA1	ST13	3	0.0282	0.8514
KRT8	ST13	3	0.2258	0.7019
LMNA	ST13	3	0.0917	0.7954
MAPRE3	ST13	3	0.0418	0.8390
ACTB	PEX5	3	0.2828	0.6539
CTNNA1	PEX5	3	0.1479	0.7555
KRT8	PEX5	3	0.3613	0.5387
LMNA	PEX5	3	0.1637	0.7442
MAPRE3	PEX5	3	0.2184	0.7073
ACTB	ERF	3	0.0240	0.8544
KRT8	ERF	3	0.1022	0.7877
LMNA	ERF	3	0.0237	0.8547
MAPRE3	ERF	3	0.0015	0.8720
ACTB	VASP	3	0.4689	0.3534
CTNNA1	VASP	3	0.0436	0.8372
KRT8	VASP	3	0.1785	0.7341
LMNA	VASP	3	0.0834	0.8018
MAPRE3	VASP	3	0.0608	0.8209
ACTB	DNM2	3	0.2558	0.6783
CTNNA1	DNM2	3	0.0538	0.8275
KRT8	DNM2	3	0.2940	0.6425
LMNA	DNM2	3	0.1260	0.7701
MAPRE3	DNM2	3	0.1280	0.7689
ACTB	NUDT2	3	0.1799	0.7330
CTNNA1	NUDT2	3	0.0197	0.8573
KRT8	NUDT2	3	0.1708	0.7395
LMNA	NUDT2	3	0.1080	0.7831
MAPRE3	NUDT2	3	0.0901	0.7965
ACTB	CDK7	3	0.0097	0.8639
KRT8	CDK7	3	0.0050	0.8678
LMNA	CDK7	3	0.0514	0.8297
MAPRE3	CDK7	3	0.0000	0.8752
ACTB	HLCS	3	0.1565	0.7494
CTNNA1	HLCS	3	0.0498	0.8313
KRT8	HLCS	3	0.1779	0.7345
LMNA	HLCS	3	0.0607	0.8210
MAPRE3	HLCS	3	0.0429	0.8379
ACTB	KNTC1	3	0.2544	0.6798
CTNNA1	KNTC1	3	0.0584	0.8231
KRT8	KNTC1	3	0.3130	0.6207
LMNA	KNTC1	3	0.2309	0.6984
MAPRE3	KNTC1	3	0.1747	0.7371
ACTB	CDK9	3	0.2015	0.7191
KRT8	CDK9	3	0.2747	0.6620
LMNA	CDK9	3	0.2739	0.6628
MAPRE3	CDK9	3	0.1046	0.7858
ACTB	LRBA	3	0.2671	0.6689
CTNNA1	LRBA	3	0.0859	0.7998
KRT8	LRBA	3	0.3098	0.6252
LMNA	LRBA	3	0.1402	0.7608
MAPRE3	LRBA	3	0.1672	0.7419
ACTB	RPL14	3	0.1097	0.7820
CTNNA1	RPL14	3	0.0416	0.8392
KRT8	RPL14	3	0.1368	0.7630
LMNA	RPL14	3	0.0677	0.8147
MAPRE3	RPL14	3	0.0512	0.8299
ACTB	CCT8	3	0.3209	0.6085
CTNNA1	CCT8	3	0.0932	0.7943
KRT8	CCT8	3	0.2555	0.6787
LMNA	CCT8	3	0.1468	0.7562
MAPRE3	CCT8	3	0.1376	0.7625
ACTB	CCT4	3	0.1870	0.7286
CTNNA1	CCT4	3	0.0316	0.8485
KRT8	CCT4	3	0.1973	0.7216
LMNA	CCT4	3	0.1025	0.7875
MAPRE3	CCT4	3	0.0474	0.8337
ACTB	ANXA11	3	0.0789	0.8054
CTNNA1	ANXA11	3	0.0204	0.8569
KRT8	ANXA11	3	0.1000	0.7892
LMNA	ANXA11	3	0.0761	0.8074
MAPRE3	ANXA11	3	0.0723	0.8108
ACTB	PAPOLA	3	0.1419	0.7597
CTNNA1	PAPOLA	3	0.0326	0.8477
KRT8	PAPOLA	3	0.1911	0.7258
LMNA	PAPOLA	3	0.2679	0.6681
MAPRE3	PAPOLA	3	0.0878	0.7983
ACTB	FXR1	3	0.2271	0.7010
CTNNA1	FXR1	3	0.0587	0.8228
KRT8	FXR1	3	0.2769	0.6604
LMNA	FXR1	3	0.0918	0.7953
MAPRE3	FXR1	3	0.1424	0.7594
ACTB	FXR2	3	0.1429	0.7590
CTNNA1	FXR2	3	0.0268	0.8523
KRT8	FXR2	3	0.1702	0.7399
LMNA	FXR2	3	0.0668	0.8155
MAPRE3	FXR2	3	0.0753	0.8082
ACTB	RAB5C	3	0.0644	0.8176
CTNNA1	RAB5C	3	0.0574	0.8239
KRT8	RAB5C	3	0.0991	0.7898
LMNA	RAB5C	3	0.0721	0.8110
MAPRE3	RAB5C	3	0.0410	0.8398
ACTB	RAB7A	3	0.1493	0.7543
CTNNA1	RAB7A	3	0.0303	0.8496
KRT8	RAB7A	3	0.1434	0.7587
LMNA	RAB7A	3	0.2059	0.7162
MAPRE3	RAB7A	3	0.0490	0.8320
ACTB	RAB13	3	0.2086	0.7144
CTNNA1	RAB13	3	0.0264	0.8526
KRT8	RAB13	3	0.2140	0.7107
LMNA	RAB13	3	0.1149	0.7782
MAPRE3	RAB13	3	0.0498	0.8313
ACTB	DAP	3	0.0533	0.8280
KRT8	DAP	3	0.0704	0.8123
LMNA	DAP	3	0.0279	0.8516
MAPRE3	DAP	3	0.0034	0.8695
ACTB	DAP3	3	0.0651	0.8170
CTNNA1	DAP3	3	0.0316	0.8485
KRT8	DAP3	3	0.1080	0.7831
LMNA	DAP3	3	0.0199	0.8571
MAPRE3	DAP3	3	0.0156	0.8600
ACTB	DUSP3	3	0.1317	0.7665
CTNNA1	DUSP3	3	0.0205	0.8568
KRT8	DUSP3	3	0.2209	0.7056
LMNA	DUSP3	3	0.1051	0.7853
MAPRE3	DUSP3	3	0.0546	0.8268
ACTB	SMARCA2	3	0.3150	0.6175
CTNNA1	SMARCA2	3	0.1534	0.7515
KRT8	SMARCA2	3	0.2980	0.6381
LMNA	SMARCA2	3	0.2093	0.7139
MAPRE3	SMARCA2	3	0.2405	0.6909
ACTB	SMARCA4	3	0.2657	0.6701
CTNNA1	SMARCA4	3	0.0664	0.8158
KRT8	SMARCA4	3	0.2474	0.6855
LMNA	SMARCA4	3	0.2699	0.6665
MAPRE3	SMARCA4	3	0.1573	0.7488
ACTB	IDH3G	3	0.0415	0.8393
CTNNA1	IDH3G	3	0.0256	0.8532
KRT8	IDH3G	3	0.0614	0.8203
LMNA	IDH3G	3	0.0534	0.8279
MAPRE3	IDH3G	3	0.0156	0.8600
ACTB	GALK1	3	0.1377	0.7624
CTNNA1	GALK1	3	0.0275	0.8519
KRT8	GALK1	3	0.0745	0.8091
LMNA	GALK1	3	0.0654	0.8168
MAPRE3	GALK1	3	0.0585	0.8229
ACTB	SSR4	3	0.1090	0.7824
CTNNA1	SSR4	3	0.0463	0.8348
KRT8	SSR4	3	0.1635	0.7444
LMNA	SSR4	3	0.0997	0.7894
MAPRE3	SSR4	3	0.0354	0.8453
ACTB	BCAP31	3	0.2823	0.6542
CTNNA1	BCAP31	3	0.0975	0.7910
KRT8	BCAP31	3	0.2684	0.6677
LMNA	BCAP31	3	0.2337	0.6962
MAPRE3	BCAP31	3	0.1750	0.7368
ACTB	TPMT	3	0.2242	0.7032
CTNNA1	TPMT	3	0.0466	0.8345
KRT8	TPMT	3	0.0738	0.8095
LMNA	TPMT	3	0.1234	0.7720
ACTB	BRCA2	3	0.2558	0.6783
CTNNA1	BRCA2	3	0.0833	0.8018
KRT8	BRCA2	3	0.2705	0.6659
LMNA	BRCA2	3	0.2860	0.6507
MAPRE3	BRCA2	3	0.1943	0.7237
ACTB	MECP2	3	0.1307	0.7671
CTNNA1	MECP2	3	0.0373	0.8437
KRT8	MECP2	3	0.0804	0.8042
LMNA	MECP2	3	0.2770	0.6603
MAPRE3	MECP2	3	0.1058	0.7849
ACTB	HCFC1	3	0.2500	0.6836
CTNNA1	HCFC1	3	0.0399	0.8409
KRT8	HCFC1	3	0.2420	0.6897
LMNA	HCFC1	3	0.2902	0.6466
MAPRE3	HCFC1	3	0.2403	0.6910
ACTB	IRAK1	3	0.2654	0.6703
CTNNA1	IRAK1	3	0.0689	0.8137
KRT8	IRAK1	3	0.3043	0.6310
LMNA	IRAK1	3	0.1437	0.7584
MAPRE3	IRAK1	3	0.1743	0.7374
ACTB	ALDH3A2	3	0.2087	0.7143
CTNNA1	ALDH3A2	3	0.0467	0.8344
KRT8	ALDH3A2	3	0.2185	0.7072
LMNA	ALDH3A2	3	0.2127	0.7115
MAPRE3	ALDH3A2	3	0.0976	0.7909
ACTB	HSD17B4	3	0.1386	0.7620
CTNNA1	HSD17B4	3	0.0429	0.8379
KRT8	HSD17B4	3	0.1999	0.7199
LMNA	HSD17B4	3	0.0730	0.8102
MAPRE3	HSD17B4	3	0.0499	0.8312
ACTB	PSMD7	3	0.2391	0.6922
CTNNA1	PSMD7	3	0.1081	0.7830
KRT8	PSMD7	3	0.2632	0.6722
LMNA	PSMD7	3	0.1502	0.7537
MAPRE3	PSMD7	3	0.1543	0.7509
ACTB	STAT5B	3	0.1398	0.7611
CTNNA1	STAT5B	3	0.0416	0.8392
KRT8	STAT5B	3	0.1618	0.7456
LMNA	STAT5B	3	0.0786	0.8055
MAPRE3	STAT5B	3	0.0478	0.8333
ACTB	USP11	3	0.2313	0.6981
CTNNA1	USP11	3	0.0702	0.8125
KRT8	USP11	3	0.3301	0.5960
LMNA	USP11	3	0.3118	0.6225
MAPRE3	USP11	3	0.1526	0.7521
CTNNA1	CLCN7	3	0.0175	0.8587
LMNA	CLCN7	3	0.5354	0.2531
ACTB	VAMP7	3	0.2149	0.7100
CTNNA1	VAMP7	3	0.0273	0.8520
KRT8	VAMP7	3	0.2082	0.7146
LMNA	VAMP7	3	0.1609	0.7462
MAPRE3	VAMP7	3	0.0748	0.8088
ACTB	RPS6KA3	3	0.1889	0.7272
CTNNA1	RPS6KA3	3	0.0312	0.8489
KRT8	RPS6KA3	3	0.2182	0.7075
LMNA	RPS6KA3	3	0.1001	0.7891
MAPRE3	RPS6KA3	3	0.0877	0.7984
ACTB	AFF1	3	0.1748	0.7370
CTNNA1	AFF1	3	0.0105	0.8634
KRT8	AFF1	3	0.1811	0.7322
LMNA	AFF1	3	0.2489	0.6845
MAPRE3	AFF1	3	0.1016	0.7881
ACTB	HDGF	3	0.0760	0.8075
CTNNA1	HDGF	3	0.0209	0.8565
KRT8	HDGF	3	0.0686	0.8139
LMNA	HDGF	3	0.1985	0.7206
MAPRE3	HDGF	3	0.0230	0.8551
LMNA	CCNH	3	0.0850	0.8005
ACTB	MNAT1	3	0.0867	0.7992
CTNNA1	MNAT1	3	0.0284	0.8512
KRT8	MNAT1	3	0.1102	0.7817
LMNA	MNAT1	3	0.3435	0.5712
MAPRE3	MNAT1	3	0.0654	0.8168
ACTB	NEK4	3	0.0545	0.8269
CTNNA1	NEK4	3	0.0001	0.8748
KRT8	NEK4	3	0.0987	0.7901
MAPRE3	NEK4	3	0.0303	0.8496
ACTB	UBE2E1;UBE2E3;UBE2E2	3	0.1216	0.7732
CTNNA1	UBE2E1;UBE2E3;UBE2E2	3	0.0383	0.8427
KRT8	UBE2E1;UBE2E3;UBE2E2	3	0.1948	0.7234
LMNA	UBE2E1;UBE2E3;UBE2E2	3	0.2297	0.6993
MAPRE3	UBE2E1;UBE2E3;UBE2E2	3	0.0582	0.8233
ACTB	NDUFA8	3	0.0410	0.8398
CTNNA1	NDUFA8	3	0.0000	0.8752
KRT8	NDUFA8	3	0.0887	0.7975
LMNA	NDUFA8	3	0.0322	0.8480
MAPRE3	NDUFA8	3	0.0034	0.8695
ACTB	HNRNPA3	3	0.0906	0.7961
CTNNA1	HNRNPA3	3	0.0234	0.8549
KRT8	HNRNPA3	3	0.0859	0.7998
LMNA	HNRNPA3	3	0.1358	0.7637
MAPRE3	HNRNPA3	3	0.0287	0.8509
ACTB	PGD	3	0.2189	0.7070
CTNNA1	PGD	3	0.0430	0.8378
KRT8	PGD	3	0.2114	0.7123
LMNA	PGD	3	0.1087	0.7826
MAPRE3	PGD	3	0.0794	0.8050
ACTB	HNRNPM	3	0.1695	0.7403
CTNNA1	HNRNPM	3	0.0338	0.8466
KRT8	HNRNPM	3	0.1981	0.7211
LMNA	HNRNPM	3	0.2820	0.6547
MAPRE3	HNRNPM	3	0.1329	0.7657
ACTB	KPNA2	3	0.2175	0.7080
CTNNA1	KPNA2	3	0.0572	0.8240
KRT8	KPNA2	3	0.2588	0.6759
LMNA	KPNA2	3	0.2430	0.6889
MAPRE3	KPNA2	3	0.1071	0.7838
ACTB	KPNA1	3	0.1037	0.7864
CTNNA1	KPNA1	3	0.0371	0.8438
KRT8	KPNA1	3	0.1590	0.7477
LMNA	KPNA1	3	0.3059	0.6294
MAPRE3	KPNA1	3	0.0417	0.8391
ACTB	NCBP2	3	0.1616	0.7457
CTNNA1	NCBP2	3	0.0555	0.8259
KRT8	NCBP2	3	0.1696	0.7403
LMNA	NCBP2	3	0.2874	0.6494
MAPRE3	NCBP2	3	0.0982	0.7905
ACTB	RAP1GDS1	3	0.0964	0.7920
CTNNA1	RAP1GDS1	3	0.0077	0.8655
KRT8	RAP1GDS1	3	0.1437	0.7584
LMNA	RAP1GDS1	3	0.0365	0.8444
MAPRE3	RAP1GDS1	3	0.0182	0.8582
ACTB	POLR2H	3	0.1934	0.7243
CTNNA1	POLR2H	3	0.0097	0.8639
KRT8	POLR2H	3	0.2961	0.6403
LMNA	POLR2H	3	0.1445	0.7579
MAPRE3	POLR2H	3	0.0489	0.8322
ACTB	MAP2K6	3	0.1649	0.7435
CTNNA1	MAP2K6	3	0.0328	0.8475
KRT8	MAP2K6	3	0.1866	0.7289
LMNA	MAP2K6	3	0.1172	0.7762
MAPRE3	MAP2K6	3	0.0942	0.7936
ACTB	ARHGDIA	3	0.1285	0.7686
CTNNA1	ARHGDIA	3	0.0139	0.8612
KRT8	ARHGDIA	3	0.1274	0.7693
LMNA	ARHGDIA	3	0.0241	0.8543
MAPRE3	ARHGDIA	3	0.0255	0.8533
ACTB	AGFG1	3	0.3354	0.5855
CTNNA1	AGFG1	3	0.1095	0.7821
KRT8	AGFG1	3	0.3660	0.5287
LMNA	AGFG1	3	0.2783	0.6588
MAPRE3	AGFG1	3	0.2566	0.6775
ACTB	HNRNPF	3	0.0764	0.8072
CTNNA1	HNRNPF	3	0.0308	0.8492
KRT8	HNRNPF	3	0.0965	0.7919
LMNA	HNRNPF	3	0.3174	0.6144
MAPRE3	HNRNPF	3	0.0394	0.8415
ACTB	STAT2	3	0.2337	0.6962
CTNNA1	STAT2	3	0.0780	0.8059
KRT8	STAT2	3	0.3019	0.6340
LMNA	STAT2	3	0.0904	0.7963
MAPRE3	STAT2	3	0.1481	0.7554
ACTB	GTF2A1	3	0.1378	0.7624
CTNNA1	GTF2A1	3	0.0610	0.8207
KRT8	GTF2A1	3	0.1785	0.7341
LMNA	GTF2A1	3	0.3955	0.4709
MAPRE3	GTF2A1	3	0.1577	0.7485
ACTB	MSH6	3	0.1621	0.7454
CTNNA1	MSH6	3	0.0419	0.8389
KRT8	MSH6	3	0.2283	0.7003
LMNA	MSH6	3	0.2432	0.6887
MAPRE3	MSH6	3	0.1068	0.7840
ACTB	KIF11	3	0.2524	0.6814
CTNNA1	KIF11	3	0.1139	0.7788
KRT8	KIF11	3	0.2859	0.6509
LMNA	KIF11	3	0.1011	0.7884
MAPRE3	KIF11	3	0.2137	0.7108
ACTB	VAV2	3	0.2226	0.7044
CTNNA1	VAV2	3	0.0410	0.8398
KRT8	VAV2	3	0.2848	0.6519
LMNA	VAV2	3	0.1796	0.7332
MAPRE3	VAV2	3	0.0655	0.8166
ACTB	ZNF136	3	0.0044	0.8684
LMNA	ZNF136	3	0.0698	0.8129
MAPRE3	ZNF136	3	0.0079	0.8653
ACTB	ZNF131	3	0.0168	0.8593
KRT8	ZNF131	3	0.0724	0.8106
LMNA	ZNF131	3	0.0256	0.8532
ACTB	ZNF143	3	0.0050	0.8678
KRT8	ZNF143	3	0.0114	0.8629
LMNA	ZNF143	3	0.0546	0.8268
MAPRE3	ZNF143	3	0.0009	0.8730
ACTB	RBM5	3	0.1581	0.7482
CTNNA1	RBM5	3	0.0566	0.8247
KRT8	RBM5	3	0.1654	0.7431
LMNA	RBM5	3	0.3153	0.6170
MAPRE3	RBM5	3	0.1563	0.7495
ACTB	HK2	3	0.0469	0.8342
CTNNA1	HK2	3	0.0512	0.8299
KRT8	HK2	3	0.0644	0.8176
LMNA	HK2	3	0.0587	0.8228
MAPRE3	HK2	3	0.0235	0.8548
ACTB	EFNB2	3	0.0755	0.8080
CTNNA1	EFNB2	3	0.0429	0.8379
KRT8	EFNB2	3	0.0919	0.7953
LMNA	EFNB2	3	0.0724	0.8106
MAPRE3	EFNB2	3	0.0107	0.8633
ACTB	THOP1	3	0.0570	0.8242
CTNNA1	THOP1	3	0.0334	0.8470
KRT8	THOP1	3	0.0722	0.8109
LMNA	THOP1	3	0.0396	0.8413
MAPRE3	THOP1	3	0.0186	0.8579
ACTB	AKR1C2	3	0.0733	0.8099
CTNNA1	AKR1C2	3	0.0281	0.8514
KRT8	AKR1C2	3	0.0376	0.8434
LMNA	AKR1C2	3	0.0460	0.8351
MAPRE3	AKR1C2	3	0.0181	0.8582
ACTB	CAPZA1	3	0.2778	0.6594
CTNNA1	CAPZA1	3	0.0462	0.8349
KRT8	CAPZA1	3	0.1843	0.7300
LMNA	CAPZA1	3	0.1144	0.7785
MAPRE3	CAPZA1	3	0.0697	0.8130
ACTB	CRIP2	3	0.0790	0.8053
CTNNA1	CRIP2	3	0.0011	0.8726
KRT8	CRIP2	3	0.0756	0.8079
LMNA	CRIP2	3	0.0229	0.8552
MAPRE3	CRIP2	3	0.0135	0.8615
ACTB	NUP98	3	0.2144	0.7103
CTNNA1	NUP98	3	0.0850	0.8005
KRT8	NUP98	3	0.2386	0.6926
LMNA	NUP98	3	0.4099	0.4442
MAPRE3	NUP98	3	0.1489	0.7547
ACTB	BLVRA	3	0.1485	0.7549
CTNNA1	BLVRA	3	0.0352	0.8455
KRT8	BLVRA	3	0.2807	0.6560
LMNA	BLVRA	3	0.2298	0.6992
MAPRE3	BLVRA	3	0.0503	0.8308
ACTB	SLC25A1	3	0.0385	0.8425
CTNNA1	SLC25A1	3	0.0345	0.8461
KRT8	SLC25A1	3	0.0901	0.7965
LMNA	SLC25A1	3	0.0389	0.8420
MAPRE3	SLC25A1	3	0.0215	0.8561
ACTB	PPP5C	3	0.0336	0.8468
CTNNA1	PPP5C	3	0.0327	0.8476
KRT8	PPP5C	3	0.0347	0.8460
LMNA	PPP5C	3	0.0459	0.8351
MAPRE3	PPP5C	3	0.0200	0.8571
ACTB	PLK1	3	0.3178	0.6141
CTNNA1	PLK1	3	0.0804	0.8042
KRT8	PLK1	3	0.3896	0.4809
LMNA	PLK1	3	0.2944	0.6422
MAPRE3	PLK1	3	0.3184	0.6131
ACTB	DAPK1	3	0.1727	0.7383
CTNNA1	DAPK1	3	0.0118	0.8626
KRT8	DAPK1	3	0.0876	0.7985
MAPRE3	DAPK1	3	0.0472	0.8340
ACTB	ARFIP2	3	0.3145	0.6187
CTNNA1	ARFIP2	3	0.1520	0.7524
KRT8	ARFIP2	3	0.2972	0.6390
LMNA	ARFIP2	3	0.2918	0.6449
MAPRE3	ARFIP2	3	0.2362	0.6940
ACTB	ARFIP1	3	0.0384	0.8426
CTNNA1	ARFIP1	3	0.0011	0.8726
KRT8	ARFIP1	3	0.0423	0.8385
LMNA	ARFIP1	3	0.0037	0.8691
MAPRE3	ARFIP1	3	0.0040	0.8689
ACTB	ACLY	3	0.1659	0.7428
CTNNA1	ACLY	3	0.0276	0.8518
KRT8	ACLY	3	0.2166	0.7087
LMNA	ACLY	3	0.1066	0.7842
MAPRE3	ACLY	3	0.0622	0.8196
ACTB	FOSB	3	0.0034	0.8695
LMNA	FOSB	3	0.0485	0.8325
MAPRE3	FOSB	3	0.0156	0.8600
ACTB	METAP1	3	0.0818	0.8030
KRT8	METAP1	3	0.1116	0.7806
MAPRE3	METAP1	3	0.0268	0.8523
ACTB	SUCLG1	3	0.0804	0.8042
CTNNA1	SUCLG1	3	0.0499	0.8312
KRT8	SUCLG1	3	0.1482	0.7552
LMNA	SUCLG1	3	0.0897	0.7968
MAPRE3	SUCLG1	3	0.0024	0.8706
ACTB	MVD	3	0.0389	0.8420
CTNNA1	MVD	3	0.0564	0.8249
KRT8	MVD	3	0.0825	0.8024
LMNA	MVD	3	0.0652	0.8169
MAPRE3	MVD	3	0.0548	0.8266
ACTB	RABGGTB	3	0.0851	0.8005
CTNNA1	RABGGTB	3	0.0424	0.8383
KRT8	RABGGTB	3	0.1074	0.7836
LMNA	RABGGTB	3	0.1464	0.7566
MAPRE3	RABGGTB	3	0.0595	0.8221
ACTB	COPB1	3	0.1036	0.7866
CTNNA1	COPB1	3	0.0382	0.8428
KRT8	COPB1	3	0.2959	0.6406
LMNA	COPB1	3	0.1813	0.7320
MAPRE3	COPB1	3	0.0410	0.8398
ACTB	COPA	3	0.2916	0.6451
CTNNA1	COPA	3	0.1109	0.7811
KRT8	COPA	3	0.3401	0.5778
LMNA	COPA	3	0.2220	0.7048
MAPRE3	COPA	3	0.2271	0.7010
ACTB	AP2S1	3	0.2565	0.6776
CTNNA1	AP2S1	3	0.0664	0.8158
KRT8	AP2S1	3	0.3050	0.6304
LMNA	AP2S1	3	0.1860	0.7291
MAPRE3	AP2S1	3	0.1843	0.7300
ACTB	HCCS	3	0.0541	0.8273
CTNNA1	HCCS	3	0.0342	0.8464
KRT8	HCCS	3	0.0830	0.8021
LMNA	HCCS	3	0.0496	0.8314
MAPRE3	HCCS	3	0.0128	0.8619
ACTB	TTC3	3	0.0468	0.8343
CTNNA1	TTC3	3	0.0016	0.8718
KRT8	TTC3	3	0.0885	0.7977
LMNA	TTC3	3	0.0013	0.8724
MAPRE3	TTC3	3	0.0089	0.8645
ACTB	SMTN	3	0.1769	0.7354
CTNNA1	SMTN	3	0.0070	0.8661
KRT8	SMTN	3	0.3083	0.6271
LMNA	SMTN	3	0.3039	0.6316
MAPRE3	SMTN	3	0.1314	0.7667
ACTB	SLC16A1	3	0.1751	0.7368
CTNNA1	SLC16A1	3	0.0512	0.8299
KRT8	SLC16A1	3	0.2974	0.6387
LMNA	SLC16A1	3	0.1774	0.7349
MAPRE3	SLC16A1	3	0.0957	0.7925
ACTB	IST1	3	0.2153	0.7097
CTNNA1	IST1	3	0.0579	0.8235
KRT8	IST1	3	0.2205	0.7059
LMNA	IST1	3	0.0612	0.8205
MAPRE3	IST1	3	0.0813	0.8035
ACTB	SEC24C	3	0.0615	0.8202
CTNNA1	SEC24C	3	0.0420	0.8388
KRT8	SEC24C	3	0.1465	0.7565
LMNA	SEC24C	3	0.1080	0.7831
MAPRE3	SEC24C	3	0.0235	0.8548
ACTB	SUB1	3	0.1950	0.7232
CTNNA1	SUB1	3	0.0415	0.8393
KRT8	SUB1	3	0.2035	0.7178
LMNA	SUB1	3	0.2972	0.6390
MAPRE3	SUB1	3	0.1219	0.7729
ACTB	POLG	3	0.0392	0.8417
KRT8	POLG	3	0.1714	0.7392
LMNA	POLG	3	0.0280	0.8515
ACTB	CLNS1A	3	0.0779	0.8060
CTNNA1	CLNS1A	3	0.0382	0.8428
KRT8	CLNS1A	3	0.0974	0.7911
LMNA	CLNS1A	3	0.0655	0.8166
MAPRE3	CLNS1A	3	0.0376	0.8434
ACTB	BLM	3	0.1070	0.7839
CTNNA1	BLM	3	0.0562	0.8252
KRT8	BLM	3	0.1254	0.7705
LMNA	BLM	3	0.2547	0.6794
MAPRE3	BLM	3	0.1015	0.7882
ACTB	RARS1	3	0.1280	0.7689
CTNNA1	RARS1	3	0.0441	0.8369
KRT8	RARS1	3	0.0998	0.7893
LMNA	RARS1	3	0.0752	0.8083
MAPRE3	RARS1	3	0.0559	0.8254
ACTB	HIRA	3	0.1951	0.7231
CTNNA1	HIRA	3	0.0080	0.8652
KRT8	HIRA	3	0.2660	0.6700
LMNA	HIRA	3	0.2752	0.6617
MAPRE3	HIRA	3	0.1018	0.7880
ACTB	ATXN3	3	0.0836	0.8016
CTNNA1	ATXN3	3	0.0140	0.8611
KRT8	ATXN3	3	0.0934	0.7942
LMNA	ATXN3	3	0.0478	0.8333
ACTB	ATXN1	3	0.1759	0.7361
CTNNA1	ATXN1	3	0.0392	0.8417
KRT8	ATXN1	3	0.1634	0.7445
LMNA	ATXN1	3	0.2516	0.6821
MAPRE3	ATXN1	3	0.0557	0.8257
ACTB	ATN1	3	0.0876	0.7985
CTNNA1	ATN1	3	0.0082	0.8651
LMNA	ATN1	3	0.2226	0.7044
MAPRE3	ATN1	3	0.0147	0.8607
ACTB	PMS1	3	0.1822	0.7315
CTNNA1	PMS1	3	0.0425	0.8383
KRT8	PMS1	3	0.1738	0.7376
LMNA	PMS1	3	0.2936	0.6428
MAPRE3	PMS1	3	0.1473	0.7559
ACTB	PMS2	3	0.0032	0.8697
CTNNA1	PMS2	3	0.0006	0.8736
KRT8	PMS2	3	0.0221	0.8557
LMNA	PMS2	3	0.0693	0.8133
MAPRE3	PMS2	3	0.0028	0.8702
ACTB	YARS1	3	0.2366	0.6938
CTNNA1	YARS1	3	0.0339	0.8466
KRT8	YARS1	3	0.2490	0.6844
LMNA	YARS1	3	0.1407	0.7604
MAPRE3	YARS1	3	0.1125	0.7799
ACTB	USP14	3	0.1789	0.7338
CTNNA1	USP14	3	0.0237	0.8547
KRT8	USP14	3	0.1898	0.7266
LMNA	USP14	3	0.0890	0.7973
MAPRE3	USP14	3	0.0574	0.8239
ACTB	PRKAG1	3	0.3132	0.6204
CTNNA1	PRKAG1	3	0.1787	0.7340
KRT8	PRKAG1	3	0.3474	0.5638
LMNA	PRKAG1	3	0.2259	0.7018
MAPRE3	PRKAG1	3	0.2259	0.7018
ACTB	BCAT1	3	0.0816	0.8032
CTNNA1	BCAT1	3	0.0382	0.8428
KRT8	BCAT1	3	0.0843	0.8010
LMNA	BCAT1	3	0.0246	0.8540
MAPRE3	BCAT1	3	0.0160	0.8597
ACTB	RAD23B	3	0.0148	0.8606
KRT8	RAD23B	3	0.0501	0.8309
LMNA	RAD23B	3	0.0274	0.8520
MAPRE3	RAD23B	3	0.0093	0.8642
ACTB	AK2	3	0.0739	0.8095
CTNNA1	AK2	3	0.0517	0.8294
KRT8	AK2	3	0.0904	0.7963
LMNA	AK2	3	0.0672	0.8152
MAPRE3	AK2	3	0.0210	0.8565
ACTB	ALDH18A1	3	0.1537	0.7513
CTNNA1	ALDH18A1	3	0.0397	0.8412
KRT8	ALDH18A1	3	0.3404	0.5772
LMNA	ALDH18A1	3	0.2304	0.6988
MAPRE3	ALDH18A1	3	0.0569	0.8244
ACTB	NAPA	3	0.1583	0.7480
CTNNA1	NAPA	3	0.0153	0.8602
KRT8	NAPA	3	0.1798	0.7330
LMNA	NAPA	3	0.0953	0.7927
MAPRE3	NAPA	3	0.0318	0.8483
ACTB	EIF5	3	0.2427	0.6891
CTNNA1	EIF5	3	0.0785	0.8056
KRT8	EIF5	3	0.2508	0.6830
LMNA	EIF5	3	0.0492	0.8318
MAPRE3	EIF5	3	0.1679	0.7414
ACTB	SLC12A2	3	0.2026	0.7184
CTNNA1	SLC12A2	3	0.0358	0.8450
KRT8	SLC12A2	3	0.1298	0.7678
LMNA	SLC12A2	3	0.0750	0.8085
MAPRE3	SLC12A2	3	0.0756	0.8079
ACTB	PSMD4	3	0.1888	0.7273
CTNNA1	PSMD4	3	0.0501	0.8309
KRT8	PSMD4	3	0.2504	0.6832
LMNA	PSMD4	3	0.1708	0.7395
MAPRE3	PSMD4	3	0.0703	0.8124
ACTB	DRG2	3	0.2711	0.6655
CTNNA1	DRG2	3	0.0715	0.8115
KRT8	DRG2	3	0.3169	0.6151
LMNA	DRG2	3	0.1674	0.7417
MAPRE3	DRG2	3	0.1505	0.7536
ACTB	PLTP	3	0.3261	0.6020
ACTB	CSE1L	3	0.2096	0.7138
CTNNA1	CSE1L	3	0.0519	0.8292
KRT8	CSE1L	3	0.2611	0.6741
LMNA	CSE1L	3	0.2006	0.7196
MAPRE3	CSE1L	3	0.0753	0.8082
ACTB	VCP	3	0.2180	0.7077
CTNNA1	VCP	3	0.0598	0.8218
KRT8	VCP	3	0.2080	0.7147
LMNA	VCP	3	0.1757	0.7362
MAPRE3	VCP	3	0.0535	0.8278
ACTB	MFAP1	3	0.0041	0.8688
CTNNA1	MFAP1	3	0.0007	0.8734
KRT8	MFAP1	3	0.0030	0.8700
LMNA	MFAP1	3	0.0918	0.7953
MAPRE3	MFAP1	3	0.0024	0.8706
ACTB	HADHB	3	0.1062	0.7846
CTNNA1	HADHB	3	0.0505	0.8305
KRT8	HADHB	3	0.0969	0.7915
LMNA	HADHB	3	0.2552	0.6789
MAPRE3	HADHB	3	0.0371	0.8438
ACTB	AFDN	3	0.4497	0.3802
CTNNA1	AFDN	3	0.4664	0.3576
KRT8	AFDN	3	0.4781	0.3400
LMNA	AFDN	3	0.4668	0.3562
MAPRE3	AFDN	3	0.3982	0.4657
ACTB	MLLT6	3	0.0001	0.8748
KRT8	MLLT6	3	0.0292	0.8505
LMNA	MLLT6	3	0.0282	0.8514
ACTB	ELL	3	0.0348	0.8459
CTNNA1	ELL	3	0.0184	0.8581
KRT8	ELL	3	0.0032	0.8697
LMNA	ELL	3	0.1789	0.7338
MAPRE3	ELL	3	0.0486	0.8324
ACTB	NAP1L1	3	0.2529	0.6811
CTNNA1	NAP1L1	3	0.1568	0.7491
KRT8	NAP1L1	3	0.3621	0.5370
LMNA	NAP1L1	3	0.1131	0.7794
MAPRE3	NAP1L1	3	0.1486	0.7549
ACTB	CASP9	3	0.0445	0.8365
KRT8	CASP9	3	0.0879	0.7982
LMNA	CASP9	3	0.0611	0.8206
MAPRE3	CASP9	3	0.0063	0.8666
ACTB	CASP6	3	0.1687	0.7409
CTNNA1	CASP6	3	0.0587	0.8228
KRT8	CASP6	3	0.2289	0.6999
LMNA	CASP6	3	0.1105	0.7815
MAPRE3	CASP6	3	0.0479	0.8332
ACTB	ADAR	3	0.0672	0.8152
CTNNA1	ADAR	3	0.0219	0.8558
KRT8	ADAR	3	0.1009	0.7886
LMNA	ADAR	3	0.0699	0.8128
MAPRE3	ADAR	3	0.0284	0.8512
ACTB	TPD52	3	0.3253	0.6031
CTNNA1	TPD52	3	0.2220	0.7048
KRT8	TPD52	3	0.3614	0.5382
LMNA	TPD52	3	0.1334	0.7654
MAPRE3	TPD52	3	0.2391	0.6922
ACTB	SEC13	3	0.1938	0.7241
CTNNA1	SEC13	3	0.0446	0.8364
KRT8	SEC13	3	0.3020	0.6339
LMNA	SEC13	3	0.1099	0.7819
MAPRE3	SEC13	3	0.0648	0.8173
ACTB	SNU13	3	0.0981	0.7905
CTNNA1	SNU13	3	0.0376	0.8434
KRT8	SNU13	3	0.1201	0.7742
LMNA	SNU13	3	0.0936	0.7941
MAPRE3	SNU13	3	0.0388	0.8422
ACTB	NPEPPS	3	0.1643	0.7438
CTNNA1	NPEPPS	3	0.0393	0.8416
KRT8	NPEPPS	3	0.3154	0.6168
LMNA	NPEPPS	3	0.1025	0.7875
MAPRE3	NPEPPS	3	0.0411	0.8397
ACTB	GFER	3	0.1184	0.7754
CTNNA1	GFER	3	0.0600	0.8217
KRT8	GFER	3	0.2287	0.7000
LMNA	GFER	3	0.0992	0.7897
MAPRE3	GFER	3	0.0802	0.8044
ACTB	HNRNPH2	3	0.1765	0.7357
CTNNA1	HNRNPH2	3	0.0445	0.8365
KRT8	HNRNPH2	3	0.2407	0.6907
LMNA	HNRNPH2	3	0.2229	0.7042
MAPRE3	HNRNPH2	3	0.0677	0.8147
ACTB	OXCT1	3	0.0847	0.8008
CTNNA1	OXCT1	3	0.0358	0.8450
KRT8	OXCT1	3	0.1458	0.7570
LMNA	OXCT1	3	0.0632	0.8186
MAPRE3	OXCT1	3	0.0255	0.8533
ACTB	SUMO3;SUMO2;SUMO4	3	0.2577	0.6768
CTNNA1	SUMO3;SUMO2;SUMO4	3	0.1101	0.7818
KRT8	SUMO3;SUMO2;SUMO4	3	0.2946	0.6418
LMNA	SUMO3;SUMO2;SUMO4	3	0.2749	0.6620
MAPRE3	SUMO3;SUMO2;SUMO4	3	0.2160	0.7092
ACTB	EIF3B	3	0.2776	0.6597
CTNNA1	EIF3B	3	0.0984	0.7903
KRT8	EIF3B	3	0.3177	0.6142
LMNA	EIF3B	3	0.1625	0.7451
MAPRE3	EIF3B	3	0.1903	0.7263
ACTB	BID	3	0.0693	0.8133
CTNNA1	BID	3	0.0349	0.8457
KRT8	BID	3	0.0858	0.7999
LMNA	BID	3	0.0693	0.8133
MAPRE3	BID	3	0.0127	0.8620
ACTB	ATP5MF	3	0.0700	0.8127
CTNNA1	ATP5MF	3	0.0491	0.8319
KRT8	ATP5MF	3	0.0881	0.7981
LMNA	ATP5MF	3	0.0572	0.8240
MAPRE3	ATP5MF	3	0.0250	0.8537
ACTB	RRP1	3	0.0912	0.7958
CTNNA1	RRP1	3	0.0241	0.8543
KRT8	RRP1	3	0.0682	0.8142
LMNA	RRP1	3	0.0706	0.8121
MAPRE3	RRP1	3	0.0125	0.8621
ACTB	MARS1	3	0.2144	0.7103
CTNNA1	MARS1	3	0.0344	0.8462
KRT8	MARS1	3	0.2355	0.6945
LMNA	MARS1	3	0.0891	0.7972
MAPRE3	MARS1	3	0.0559	0.8254
ACTB	ARPP19	3	0.0167	0.8593
CTNNA1	ARPP19	3	0.0211	0.8564
KRT8	ARPP19	3	0.0335	0.8469
LMNA	ARPP19	3	0.0308	0.8492
MAPRE3	ARPP19	3	0.0016	0.8718
ACTB	HDAC4	3	0.0707	0.8121
KRT8	HDAC4	3	0.0404	0.8404
LMNA	HDAC4	3	0.0104	0.8635
MAPRE3	HDAC4	3	0.0086	0.8647
ACTB	EIF6	3	0.0612	0.8205
CTNNA1	EIF6	3	0.0493	0.8317
KRT8	EIF6	3	0.0612	0.8205
LMNA	EIF6	3	0.0430	0.8378
MAPRE3	EIF6	3	0.0238	0.8546
ACTB	CTBP2	3	0.1203	0.7740
CTNNA1	CTBP2	3	0.0314	0.8487
KRT8	CTBP2	3	0.1964	0.7223
LMNA	CTBP2	3	0.1789	0.7338
MAPRE3	CTBP2	3	0.0434	0.8374
ACTB	HSD17B7	3	0.0871	0.7989
CTNNA1	HSD17B7	3	0.0170	0.8591
KRT8	HSD17B7	3	0.1348	0.7643
LMNA	HSD17B7	3	0.1289	0.7684
MAPRE3	HSD17B7	3	0.0173	0.8588
ACTB	BCAR1	3	0.0509	0.8302
CTNNA1	BCAR1	3	0.0015	0.8720
KRT8	BCAR1	3	0.0765	0.8072
LMNA	BCAR1	3	0.0037	0.8691
MAPRE3	BCAR1	3	0.0114	0.8629
ACTB	CFAP298	3	0.0559	0.8254
CTNNA1	CFAP298	3	0.0036	0.8693
KRT8	CFAP298	3	0.0740	0.8094
LMNA	CFAP298	3	0.0194	0.8575
MAPRE3	CFAP298	3	0.0025	0.8705
ACTB	RIPK4	3	0.0484	0.8327
CTNNA1	RIPK4	3	0.0006	0.8736
KRT8	RIPK4	3	0.0856	0.8001
LMNA	RIPK4	3	0.0168	0.8593
MAPRE3	RIPK4	3	0.0080	0.8652
ACTB	WDR4	3	0.1200	0.7743
KRT8	WDR4	3	0.1951	0.7231
LMNA	WDR4	3	0.0817	0.8031
MAPRE3	WDR4	3	0.1089	0.7825
ACTB	TMEM33	3	0.2435	0.6885
CTNNA1	TMEM33	3	0.0609	0.8208
KRT8	TMEM33	3	0.3781	0.5071
LMNA	TMEM33	3	0.2413	0.6902
MAPRE3	TMEM33	3	0.1484	0.7551
ACTB	GEMIN4	3	0.2753	0.6617
CTNNA1	GEMIN4	3	0.0711	0.8118
KRT8	GEMIN4	3	0.2976	0.6385
LMNA	GEMIN4	3	0.2408	0.6906
MAPRE3	GEMIN4	3	0.1815	0.7319
ACTB	RAB38	3	0.1662	0.7425
CTNNA1	RAB38	3	0.0620	0.8197
KRT8	RAB38	3	0.2423	0.6895
LMNA	RAB38	3	0.2890	0.6478
MAPRE3	RAB38	3	0.0603	0.8214
ACTB	CORO7	3	0.3064	0.6290
CTNNA1	CORO7	3	0.1043	0.7859
KRT8	CORO7	3	0.3254	0.6030
LMNA	CORO7	3	0.2291	0.6997
MAPRE3	CORO7	3	0.1953	0.7230
ACTB	NUP107	3	0.1958	0.7226
CTNNA1	NUP107	3	0.0761	0.8074
KRT8	NUP107	3	0.2664	0.6696
LMNA	NUP107	3	0.3864	0.4903
MAPRE3	NUP107	3	0.1284	0.7686
ACTB	EPPK1	3	0.1869	0.7287
CTNNA1	EPPK1	3	0.0705	0.8122
KRT8	EPPK1	3	0.4894	0.3138
LMNA	EPPK1	3	0.1262	0.7700
MAPRE3	EPPK1	3	0.1140	0.7788
ACTB	ZNF121	3	0.0120	0.8625
KRT8	ZNF121	3	0.0888	0.7974
LMNA	ZNF121	3	0.1366	0.7631
MAPRE3	ZNF121	3	0.0125	0.8621
ACTB	MTPN	3	0.0533	0.8280
CTNNA1	MTPN	3	0.0408	0.8400
KRT8	MTPN	3	0.0611	0.8206
LMNA	MTPN	3	0.0465	0.8346
MAPRE3	MTPN	3	0.0236	0.8547
ACTB	BPIFB4	3	0.0155	0.8600
KRT8	BPIFB4	3	0.0034	0.8695
ACTB	ARPC4	3	0.2171	0.7083
CTNNA1	ARPC4	3	0.0306	0.8494
KRT8	ARPC4	3	0.2587	0.6760
LMNA	ARPC4	3	0.1478	0.7556
MAPRE3	ARPC4	3	0.1017	0.7880
ACTB	SEC61G	3	0.2125	0.7116
CTNNA1	SEC61G	3	0.0303	0.8496
KRT8	SEC61G	3	0.2368	0.6935
LMNA	SEC61G	3	0.1462	0.7568
MAPRE3	SEC61G	3	0.0866	0.7993
ACTB	TPI1	3	0.1048	0.7856
CTNNA1	TPI1	3	0.0379	0.8431
KRT8	TPI1	3	0.0956	0.7925
LMNA	TPI1	3	0.2335	0.6963
MAPRE3	TPI1	3	0.0315	0.8486
ACTB	EIF3E	3	0.2535	0.6807
CTNNA1	EIF3E	3	0.1739	0.7376
KRT8	EIF3E	3	0.2602	0.6748
LMNA	EIF3E	3	0.2305	0.6987
MAPRE3	EIF3E	3	0.1563	0.7495
ACTB	SEC61B	3	0.1176	0.7759
CTNNA1	SEC61B	3	0.0462	0.8349
KRT8	SEC61B	3	0.1427	0.7592
LMNA	SEC61B	3	0.1027	0.7873
MAPRE3	SEC61B	3	0.0457	0.8354
ACTB	MYL6	3	0.2150	0.7099
CTNNA1	MYL6	3	0.0329	0.8474
KRT8	MYL6	3	0.1625	0.7451
LMNA	MYL6	3	0.0878	0.7983
MAPRE3	MYL6	3	0.0358	0.8450
ACTB	EIF4A1	3	0.1369	0.7629
CTNNA1	EIF4A1	3	0.0365	0.8444
KRT8	EIF4A1	3	0.1876	0.7281
LMNA	EIF4A1	3	0.1286	0.7685
MAPRE3	EIF4A1	3	0.0601	0.8216
ACTB	RPS20	3	0.0942	0.7936
CTNNA1	RPS20	3	0.0406	0.8402
KRT8	RPS20	3	0.1463	0.7567
LMNA	RPS20	3	0.0749	0.8087
MAPRE3	RPS20	3	0.0351	0.8455
ACTB	S100A10	3	0.2234	0.7038
CTNNA1	S100A10	3	0.0393	0.8416
KRT8	S100A10	3	0.2004	0.7197
LMNA	S100A10	3	0.0944	0.7934
MAPRE3	S100A10	3	0.0519	0.8292
ACTB	DSTN	3	0.0840	0.8012
CTNNA1	DSTN	3	0.0407	0.8401
KRT8	DSTN	3	0.1048	0.7856
LMNA	DSTN	3	0.0780	0.8059
MAPRE3	DSTN	3	0.0376	0.8434
ACTB	GMFB	3	0.1419	0.7597
CTNNA1	GMFB	3	0.0355	0.8452
KRT8	GMFB	3	0.1502	0.7537
LMNA	GMFB	3	0.1109	0.7811
MAPRE3	GMFB	3	0.0534	0.8279
ACTB	SRP54	3	0.3242	0.6046
CTNNA1	SRP54	3	0.1760	0.7360
KRT8	SRP54	3	0.3223	0.6066
LMNA	SRP54	3	0.1548	0.7505
MAPRE3	SRP54	3	0.2654	0.6703
ACTB	RAB2A	3	0.1900	0.7265
CTNNA1	RAB2A	3	0.0501	0.8309
KRT8	RAB2A	3	0.1446	0.7578
LMNA	RAB2A	3	0.2136	0.7108
MAPRE3	RAB2A	3	0.1301	0.7675
ACTB	RAB5B	3	0.1283	0.7687
CTNNA1	RAB5B	3	0.0606	0.8211
KRT8	RAB5B	3	0.1605	0.7466
LMNA	RAB5B	3	0.1198	0.7744
MAPRE3	RAB5B	3	0.0241	0.8543
ACTB	RAB10	3	0.1641	0.7439
CTNNA1	RAB10	3	0.0251	0.8536
KRT8	RAB10	3	0.1936	0.7242
LMNA	RAB10	3	0.0972	0.7913
MAPRE3	RAB10	3	0.0553	0.8261
ACTB	UBE2D3;UBE2D2	3	0.1206	0.7739
CTNNA1	UBE2D3;UBE2D2	3	0.0395	0.8413
KRT8	UBE2D3;UBE2D2	3	0.1680	0.7413
LMNA	UBE2D3;UBE2D2	3	0.1407	0.7604
MAPRE3	UBE2D3;UBE2D2	3	0.0582	0.8233
ACTB	UBE2M	3	0.1754	0.7365
CTNNA1	UBE2M	3	0.0583	0.8232
KRT8	UBE2M	3	0.1862	0.7290
LMNA	UBE2M	3	0.1345	0.7645
MAPRE3	UBE2M	3	0.0711	0.8118
ACTB	UBE2N	3	0.0404	0.8404
KRT8	UBE2N	3	0.0521	0.8291
LMNA	UBE2N	3	0.0090	0.8644
MAPRE3	UBE2N	3	0.0107	0.8633
ACTB	RAB14	3	0.0800	0.8045
CTNNA1	RAB14	3	0.0481	0.8330
KRT8	RAB14	3	0.0753	0.8082
LMNA	RAB14	3	0.0761	0.8074
MAPRE3	RAB14	3	0.0213	0.8562
ACTB	ACTR3	3	0.1157	0.7775
CTNNA1	ACTR3	3	0.0409	0.8399
KRT8	ACTR3	3	0.1215	0.7732
LMNA	ACTR3	3	0.0431	0.8377
MAPRE3	ACTR3	3	0.0158	0.8598
ACTB	ACTR2	3	0.0955	0.7926
CTNNA1	ACTR2	3	0.0235	0.8548
KRT8	ACTR2	3	0.1329	0.7657
LMNA	ACTR2	3	0.0613	0.8204
MAPRE3	ACTR2	3	0.0366	0.8443
ACTB	ACTR1A	3	0.0299	0.8499
KRT8	ACTR1A	3	0.0513	0.8297
LMNA	ACTR1A	3	0.0026	0.8704
MAPRE3	ACTR1A	3	0.0035	0.8694
ACTB	COPS2	3	0.2108	0.7128
CTNNA1	COPS2	3	0.0474	0.8337
KRT8	COPS2	3	0.2931	0.6434
LMNA	COPS2	3	0.1823	0.7313
MAPRE3	COPS2	3	0.1005	0.7889
ACTB	ARF3;ARF1	3	0.2417	0.6899
CTNNA1	ARF3;ARF1	3	0.0520	0.8291
KRT8	ARF3;ARF1	3	0.3378	0.5814
LMNA	ARF3;ARF1	3	0.2250	0.7026
MAPRE3	ARF3;ARF1	3	0.1027	0.7873
ACTB	ABCE1	3	0.2371	0.6933
CTNNA1	ABCE1	3	0.0584	0.8231
KRT8	ABCE1	3	0.2330	0.6967
LMNA	ABCE1	3	0.0599	0.8217
MAPRE3	ABCE1	3	0.1221	0.7728
ACTB	RAP1B	3	0.1163	0.7769
CTNNA1	RAP1B	3	0.0272	0.8521
KRT8	RAP1B	3	0.1153	0.7779
LMNA	RAP1B	3	0.0396	0.8413
MAPRE3	RAP1B	3	0.0352	0.8455
ACTB	RAP2B	3	0.0872	0.7988
CTNNA1	RAP2B	3	0.0022	0.8710
KRT8	RAP2B	3	0.1353	0.7640
LMNA	RAP2B	3	0.0731	0.8101
LMNA	MAX	3	0.0682	0.8142
ACTB	RPS3A	3	0.1061	0.7846
CTNNA1	RPS3A	3	0.0509	0.8302
KRT8	RPS3A	3	0.1351	0.7641
LMNA	RPS3A	3	0.0869	0.7990
MAPRE3	RPS3A	3	0.0364	0.8445
ACTB	RPL26;RPL26L1	3	0.0939	0.7938
CTNNA1	RPL26;RPL26L1	3	0.0722	0.8109
KRT8	RPL26;RPL26L1	3	0.0978	0.7907
LMNA	RPL26;RPL26L1	3	0.0714	0.8116
MAPRE3	RPL26;RPL26L1	3	0.0694	0.8133
ACTB	PSME3	3	0.1490	0.7546
CTNNA1	PSME3	3	0.0510	0.8301
KRT8	PSME3	3	0.1690	0.7406
LMNA	PSME3	3	0.2944	0.6422
MAPRE3	PSME3	3	0.0837	0.8015
ACTB	RPL15	3	0.1155	0.7777
CTNNA1	RPL15	3	0.0309	0.8491
KRT8	RPL15	3	0.2802	0.6567
LMNA	RPL15	3	0.1148	0.7783
MAPRE3	RPL15	3	0.0490	0.8320
ACTB	MAGOH	3	0.0210	0.8565
KRT8	MAGOH	3	0.0081	0.8652
LMNA	MAGOH	3	0.1138	0.7789
MAPRE3	MAGOH	3	0.0020	0.8713
ACTB	RPL27	3	0.1882	0.7277
CTNNA1	RPL27	3	0.0728	0.8103
KRT8	RPL27	3	0.2281	0.7004
LMNA	RPL27	3	0.1926	0.7249
MAPRE3	RPL27	3	0.0893	0.7970
ACTB	ATP6V0D1	3	0.0512	0.8299
CTNNA1	ATP6V0D1	3	0.0269	0.8523
KRT8	ATP6V0D1	3	0.1079	0.7832
LMNA	ATP6V0D1	3	0.0608	0.8209
MAPRE3	ATP6V0D1	3	0.0280	0.8515
ACTB	RPL37A	3	0.1467	0.7563
CTNNA1	RPL37A	3	0.0134	0.8616
KRT8	RPL37A	3	0.1544	0.7509
LMNA	RPL37A	3	0.0603	0.8214
MAPRE3	RPL37A	3	0.0253	0.8535
ACTB	RND3	3	0.0388	0.8422
KRT8	RND3	3	0.0995	0.7895
LMNA	RND3	3	0.0563	0.8250
MAPRE3	RND3	3	0.0005	0.8738
ACTB	HSPE1	3	0.2129	0.7113
CTNNA1	HSPE1	3	0.0286	0.8510
KRT8	HSPE1	3	0.7427	0.1065
LMNA	HSPE1	3	0.1569	0.7490
MAPRE3	HSPE1	3	0.0469	0.8342
ACTB	SEC61A1	3	0.3150	0.6175
CTNNA1	SEC61A1	3	0.1182	0.7755
KRT8	SEC61A1	3	0.3432	0.5725
LMNA	SEC61A1	3	0.2730	0.6635
MAPRE3	SEC61A1	3	0.2405	0.6909
ACTB	VBP1	3	0.2037	0.7176
CTNNA1	VBP1	3	0.0348	0.8459
KRT8	VBP1	3	0.1940	0.7239
LMNA	VBP1	3	0.0561	0.8252
MAPRE3	VBP1	3	0.0781	0.8059
ACTB	STXBP1	3	0.2164	0.7089
CTNNA1	STXBP1	3	0.1049	0.7855
KRT8	STXBP1	3	0.3140	0.6194
LMNA	STXBP1	3	0.1941	0.7238
MAPRE3	STXBP1	3	0.0977	0.7908
ACTB	COPZ1	3	0.2516	0.6821
CTNNA1	COPZ1	3	0.1258	0.7703
KRT8	COPZ1	3	0.3226	0.6061
LMNA	COPZ1	3	0.2598	0.6750
MAPRE3	COPZ1	3	0.2571	0.6772
ACTB	UFM1	3	0.0706	0.8121
CTNNA1	UFM1	3	0.0823	0.8026
KRT8	UFM1	3	0.0568	0.8245
LMNA	UFM1	3	0.0897	0.7968
MAPRE3	UFM1	3	0.0534	0.8279
ACTB	DCAF7	3	0.0994	0.7896
CTNNA1	DCAF7	3	0.0399	0.8409
KRT8	DCAF7	3	0.1264	0.7698
LMNA	DCAF7	3	0.0746	0.8089
MAPRE3	DCAF7	3	0.0442	0.8368
ACTB	WDR5	3	0.1896	0.7268
CTNNA1	WDR5	3	0.0220	0.8557
KRT8	WDR5	3	0.1935	0.7243
LMNA	WDR5	3	0.2532	0.6809
MAPRE3	WDR5	3	0.1212	0.7734
ACTB	AP1S1	3	0.1158	0.7774
CTNNA1	AP1S1	3	0.0725	0.8105
KRT8	AP1S1	3	0.1431	0.7589
LMNA	AP1S1	3	0.1166	0.7766
MAPRE3	AP1S1	3	0.0447	0.8363
ACTB	HNRNPK	3	0.1777	0.7347
CTNNA1	HNRNPK	3	0.0285	0.8511
KRT8	HNRNPK	3	0.1839	0.7303
LMNA	HNRNPK	3	0.2764	0.6609
MAPRE3	HNRNPK	3	0.1084	0.7828
ACTB	YWHAG	3	0.1407	0.7604
CTNNA1	YWHAG	3	0.0170	0.8591
KRT8	YWHAG	3	0.1665	0.7423
LMNA	YWHAG	3	0.0629	0.8190
MAPRE3	YWHAG	3	0.0461	0.8350
ACTB	RRAS2	3	0.1791	0.7336
CTNNA1	RRAS2	3	0.0521	0.8291
KRT8	RRAS2	3	0.1731	0.7380
LMNA	RRAS2	3	0.0926	0.7948
MAPRE3	RRAS2	3	0.0131	0.8617
ACTB	RPS7	3	0.0589	0.8226
CTNNA1	RPS7	3	0.0491	0.8319
KRT8	RPS7	3	0.0636	0.8182
LMNA	RPS7	3	0.0873	0.7987
MAPRE3	RPS7	3	0.0550	0.8263
ACTB	PPP1CA	3	0.3195	0.6112
CTNNA1	PPP1CA	3	0.1112	0.7808
KRT8	PPP1CA	3	0.3192	0.6116
LMNA	PPP1CA	3	0.1978	0.7212
MAPRE3	PPP1CA	3	0.1590	0.7477
ACTB	PPP1CB	3	0.2515	0.6822
CTNNA1	PPP1CB	3	0.0506	0.8305
KRT8	PPP1CB	3	0.2436	0.6884
LMNA	PPP1CB	3	0.1574	0.7487
MAPRE3	PPP1CB	3	0.0953	0.7927
ACTB	PSMC1	3	0.2603	0.6747
CTNNA1	PSMC1	3	0.0659	0.8162
KRT8	PSMC1	3	0.2070	0.7155
LMNA	PSMC1	3	0.1484	0.7551
MAPRE3	PSMC1	3	0.1435	0.7586
ACTB	PSMC5	3	0.2675	0.6685
CTNNA1	PSMC5	3	0.0725	0.8105
KRT8	PSMC5	3	0.3145	0.6187
LMNA	PSMC5	3	0.1777	0.7347
MAPRE3	PSMC5	3	0.1359	0.7636
ACTB	RPS8	3	0.1314	0.7667
CTNNA1	RPS8	3	0.0399	0.8409
KRT8	RPS8	3	0.2637	0.6718
LMNA	RPS8	3	0.1456	0.7572
MAPRE3	RPS8	3	0.0681	0.8143
ACTB	RPS15A	3	0.1541	0.7510
CTNNA1	RPS15A	3	0.0337	0.8467
KRT8	RPS15A	3	0.2292	0.6995
LMNA	RPS15A	3	0.1301	0.7675
MAPRE3	RPS15A	3	0.0755	0.8080
ACTB	RPS16	3	0.0703	0.8124
CTNNA1	RPS16	3	0.0406	0.8402
KRT8	RPS16	3	0.0689	0.8137
LMNA	RPS16	3	0.0579	0.8235
MAPRE3	RPS16	3	0.0286	0.8510
ACTB	UBE2G1	3	0.0626	0.8192
CTNNA1	UBE2G1	3	0.0431	0.8377
KRT8	UBE2G1	3	0.0832	0.8019
LMNA	UBE2G1	3	0.0548	0.8266
MAPRE3	UBE2G1	3	0.0271	0.8521
ACTB	UBE2H	3	0.0802	0.8044
CTNNA1	UBE2H	3	0.0366	0.8443
KRT8	UBE2H	3	0.0978	0.7907
LMNA	UBE2H	3	0.0752	0.8083
MAPRE3	UBE2H	3	0.0286	0.8510
ACTB	YWHAE	3	0.2015	0.7191
CTNNA1	YWHAE	3	0.0309	0.8491
KRT8	YWHAE	3	0.2146	0.7102
LMNA	YWHAE	3	0.0960	0.7922
MAPRE3	YWHAE	3	0.0872	0.7988
ACTB	RPS14	3	0.1181	0.7755
CTNNA1	RPS14	3	0.0398	0.8411
KRT8	RPS14	3	0.1535	0.7514
LMNA	RPS14	3	0.1107	0.7813
MAPRE3	RPS14	3	0.0387	0.8423
ACTB	RPS23	3	0.1597	0.7472
CTNNA1	RPS23	3	0.0145	0.8608
KRT8	RPS23	3	0.2592	0.6756
LMNA	RPS23	3	0.1328	0.7658
MAPRE3	RPS23	3	0.0641	0.8178
ACTB	RPS18	3	0.0804	0.8042
CTNNA1	RPS18	3	0.0048	0.8680
KRT8	RPS18	3	0.0405	0.8403
LMNA	RPS18	3	0.0057	0.8672
MAPRE3	RPS18	3	0.0077	0.8655
ACTB	RPS13	3	0.0399	0.8409
CTNNA1	RPS13	3	0.0499	0.8312
KRT8	RPS13	3	0.0655	0.8166
LMNA	RPS13	3	0.0281	0.8514
MAPRE3	RPS13	3	0.0266	0.8525
ACTB	RPS11	3	0.1760	0.7360
CTNNA1	RPS11	3	0.0527	0.8285
KRT8	RPS11	3	0.2688	0.6674
LMNA	RPS11	3	0.1583	0.7480
MAPRE3	RPS11	3	0.0869	0.7990
ACTB	SNRPE	3	0.1479	0.7555
CTNNA1	SNRPE	3	0.0130	0.8618
KRT8	SNRPE	3	0.1676	0.7416
LMNA	SNRPE	3	0.1760	0.7360
MAPRE3	SNRPE	3	0.0470	0.8341
ACTB	SNRPF	3	0.1280	0.7689
CTNNA1	SNRPF	3	0.0185	0.8580
KRT8	SNRPF	3	0.1464	0.7566
LMNA	SNRPF	3	0.2200	0.7063
MAPRE3	SNRPF	3	0.0430	0.8378
ACTB	SNRPD1	3	0.0639	0.8180
CTNNA1	SNRPD1	3	0.0345	0.8461
KRT8	SNRPD1	3	0.0396	0.8413
LMNA	SNRPD1	3	0.1074	0.7836
MAPRE3	SNRPD1	3	0.0629	0.8190
ACTB	SNRPD2	3	0.2928	0.6438
CTNNA1	SNRPD2	3	0.0871	0.7989
KRT8	SNRPD2	3	0.2878	0.6490
LMNA	SNRPD2	3	0.3089	0.6264
MAPRE3	SNRPD2	3	0.2427	0.6891
ACTB	SNRPD3	3	0.2053	0.7166
CTNNA1	SNRPD3	3	0.0226	0.8554
KRT8	SNRPD3	3	0.1592	0.7475
LMNA	SNRPD3	3	0.2517	0.6821
MAPRE3	SNRPD3	3	0.0701	0.8126
ACTB	TMSB4X	3	0.3018	0.6342
CTNNA1	TMSB4X	3	0.0947	0.7932
KRT8	TMSB4X	3	0.3188	0.6125
LMNA	TMSB4X	3	0.2534	0.6807
MAPRE3	TMSB4X	3	0.2268	0.7012
ACTB	ARF6	3	0.1259	0.7702
CTNNA1	ARF6	3	0.0225	0.8554
KRT8	ARF6	3	0.1772	0.7351
LMNA	ARF6	3	0.1252	0.7707
MAPRE3	ARF6	3	0.0402	0.8406
ACTB	PSMC6	3	0.1905	0.7262
CTNNA1	PSMC6	3	0.0211	0.8564
KRT8	PSMC6	3	0.2168	0.7085
LMNA	PSMC6	3	0.1154	0.7778
MAPRE3	PSMC6	3	0.0389	0.8420
ACTB	SELENOT	3	0.1925	0.7250
CTNNA1	SELENOT	3	0.0442	0.8368
KRT8	SELENOT	3	0.1765	0.7357
LMNA	SELENOT	3	0.1503	0.7537
MAPRE3	SELENOT	3	0.0715	0.8115
ACTB	TBPL1	3	0.0477	0.8334
KRT8	TBPL1	3	0.1047	0.7857
LMNA	TBPL1	3	0.0214	0.8562
MAPRE3	TBPL1	3	0.0095	0.8641
ACTB	RPL7A	3	0.1570	0.7489
CTNNA1	RPL7A	3	0.0355	0.8452
KRT8	RPL7A	3	0.1796	0.7332
LMNA	RPL7A	3	0.0966	0.7918
MAPRE3	RPL7A	3	0.0591	0.8224
ACTB	ETF1	3	0.2876	0.6492
CTNNA1	ETF1	3	0.0698	0.8129
KRT8	ETF1	3	0.2996	0.6366
LMNA	ETF1	3	0.1153	0.7779
MAPRE3	ETF1	3	0.1647	0.7436
ACTB	RPS4X	3	0.1823	0.7313
CTNNA1	RPS4X	3	0.0384	0.8426
KRT8	RPS4X	3	0.2192	0.7068
LMNA	RPS4X	3	0.1606	0.7465
MAPRE3	RPS4X	3	0.0640	0.8179
ACTB	PPP2CB;PPP2CA	3	0.0952	0.7928
CTNNA1	PPP2CB;PPP2CA	3	0.0564	0.8249
KRT8	PPP2CB;PPP2CA	3	0.2257	0.7020
LMNA	PPP2CB;PPP2CA	3	0.0691	0.8135
MAPRE3	PPP2CB;PPP2CA	3	0.0451	0.8359
ACTB	ACTA2;ACTG2	3	0.4619	0.3642
CTNNA1	ACTA2;ACTG2	3	0.0557	0.8257
KRT8	ACTA2;ACTG2	3	0.0758	0.8077
LMNA	ACTA2;ACTG2	3	0.0749	0.8087
MAPRE3	ACTA2;ACTG2	3	0.0382	0.8428
ACTB	RPL23A	3	0.0473	0.8338
CTNNA1	RPL23A	3	0.0557	0.8257
KRT8	RPL23A	3	0.0606	0.8211
LMNA	RPL23A	3	0.0709	0.8120
MAPRE3	RPL23A	3	0.0506	0.8305
ACTB	RPS6	3	0.1484	0.7551
CTNNA1	RPS6	3	0.0458	0.8352
KRT8	RPS6	3	0.2622	0.6730
LMNA	RPS6	3	0.1603	0.7468
MAPRE3	RPS6	3	0.0836	0.8016
ACTB	H4C1	3	0.0480	0.8331
CTNNA1	H4C1	3	0.0398	0.8411
KRT8	H4C1	3	0.0445	0.8365
LMNA	H4C1	3	0.1436	0.7585
MAPRE3	H4C1	3	0.0213	0.8562
ACTB	RAB1A	3	0.1052	0.7852
CTNNA1	RAB1A	3	0.0421	0.8387
KRT8	RAB1A	3	0.1215	0.7732
LMNA	RAB1A	3	0.1127	0.7798
MAPRE3	RAB1A	3	0.0370	0.8440
ACTB	RAN	3	0.1346	0.7644
CTNNA1	RAN	3	0.0366	0.8443
KRT8	RAN	3	0.2036	0.7177
LMNA	RAN	3	0.1794	0.7334
MAPRE3	RAN	3	0.0841	0.8011
ACTB	RPL23	3	0.0893	0.7970
CTNNA1	RPL23	3	0.0464	0.8347
KRT8	RPL23	3	0.1159	0.7773
LMNA	RPL23	3	0.0679	0.8145
MAPRE3	RPL23	3	0.0774	0.8065
ACTB	RPS15	3	0.0336	0.8468
CTNNA1	RPS15	3	0.0733	0.8099
KRT8	RPS15	3	0.1482	0.7552
LMNA	RPS15	3	0.0424	0.8383
MAPRE3	RPS15	3	0.0155	0.8600
ACTB	RPS24	3	0.0892	0.7971
CTNNA1	RPS24	3	0.0393	0.8416
KRT8	RPS24	3	0.1030	0.7871
LMNA	RPS24	3	0.0860	0.7997
MAPRE3	RPS24	3	0.0406	0.8402
ACTB	RPS25	3	0.0920	0.7952
CTNNA1	RPS25	3	0.0380	0.8430
KRT8	RPS25	3	0.0612	0.8205
LMNA	RPS25	3	0.0721	0.8110
MAPRE3	RPS25	3	0.0401	0.8407
ACTB	RPS26	3	0.1885	0.7275
CTNNA1	RPS26	3	0.0767	0.8071
KRT8	RPS26	3	0.0971	0.7914
LMNA	RPS26	3	0.1083	0.7830
MAPRE3	RPS26	3	0.0634	0.8184
ACTB	RPS28	3	0.0718	0.8112
CTNNA1	RPS28	3	0.0506	0.8305
KRT8	RPS28	3	0.0826	0.8024
LMNA	RPS28	3	0.0625	0.8193
MAPRE3	RPS28	3	0.0433	0.8375
ACTB	FAU	3	0.0603	0.8214
CTNNA1	FAU	3	0.0421	0.8387
KRT8	FAU	3	0.0895	0.7969
LMNA	FAU	3	0.0716	0.8114
MAPRE3	FAU	3	0.0593	0.8223
ACTB	GNB1	3	0.1318	0.7665
CTNNA1	GNB1	3	0.0365	0.8444
KRT8	GNB1	3	0.1457	0.7571
LMNA	GNB1	3	0.0865	0.7993
MAPRE3	GNB1	3	0.0342	0.8464
ACTB	RBX1	3	0.0534	0.8279
CTNNA1	RBX1	3	0.0005	0.8738
KRT8	RBX1	3	0.0903	0.7964
LMNA	RBX1	3	0.0326	0.8477
MAPRE3	RBX1	3	0.0109	0.8632
ACTB	RPL30	3	0.2275	0.7008
CTNNA1	RPL30	3	0.0479	0.8332
KRT8	RPL30	3	0.1182	0.7755
LMNA	RPL30	3	0.0798	0.8047
MAPRE3	RPL30	3	0.0439	0.8371
ACTB	RPL31	3	0.0679	0.8145
CTNNA1	RPL31	3	0.0702	0.8125
KRT8	RPL31	3	0.0871	0.7989
LMNA	RPL31	3	0.0913	0.7957
MAPRE3	RPL31	3	0.0557	0.8257
ACTB	RPL10A	3	0.1418	0.7598
CTNNA1	RPL10A	3	0.0355	0.8452
KRT8	RPL10A	3	0.1600	0.7470
LMNA	RPL10A	3	0.1092	0.7823
MAPRE3	RPL10A	3	0.0298	0.8500
ACTB	RPL32	3	0.2682	0.6679
CTNNA1	RPL32	3	0.0703	0.8124
KRT8	RPL32	3	0.2306	0.6986
LMNA	RPL32	3	0.1812	0.7321
MAPRE3	RPL32	3	0.1809	0.7324
ACTB	RPL11	3	0.1439	0.7583
CTNNA1	RPL11	3	0.0217	0.8560
KRT8	RPL11	3	0.2770	0.6603
LMNA	RPL11	3	0.1167	0.7765
MAPRE3	RPL11	3	0.0344	0.8462
ACTB	RPL8	3	0.1892	0.7270
CTNNA1	RPL8	3	0.0392	0.8417
KRT8	RPL8	3	0.2348	0.6951
LMNA	RPL8	3	0.1333	0.7654
MAPRE3	RPL8	3	0.0488	0.8323
ACTB	PPIA	3	0.0531	0.8282
CTNNA1	PPIA	3	0.0433	0.8375
KRT8	PPIA	3	0.0787	0.8054
LMNA	PPIA	3	0.0628	0.8190
MAPRE3	PPIA	3	0.0300	0.8498
CTNNA1	FKBP1A	3	0.0751	0.8084
LMNA	FKBP1A	3	0.1322	0.7662
MAPRE3	FKBP1A	3	0.0319	0.8483
ACTB	GRB2	3	0.0828	0.8022
CTNNA1	GRB2	3	0.0432	0.8376
KRT8	GRB2	3	0.0929	0.7945
LMNA	GRB2	3	0.0599	0.8217
MAPRE3	GRB2	3	0.0433	0.8375
ACTB	TRA2B	3	0.0502	0.8309
CTNNA1	TRA2B	3	0.0246	0.8540
KRT8	TRA2B	3	0.0503	0.8308
LMNA	TRA2B	3	0.0935	0.7941
MAPRE3	TRA2B	3	0.0153	0.8602
ACTB	RAC1	3	0.1592	0.7475
CTNNA1	RAC1	3	0.0637	0.8181
KRT8	RAC1	3	0.1471	0.7561
LMNA	RAC1	3	0.1084	0.7828
MAPRE3	RAC1	3	0.0530	0.8283
ACTB	AP2B1	3	0.2680	0.6680
CTNNA1	AP2B1	3	0.0683	0.8142
KRT8	AP2B1	3	0.2969	0.6394
LMNA	AP2B1	3	0.1353	0.7640
MAPRE3	AP2B1	3	0.1354	0.7639
ACTB	GNAS	3	0.1123	0.7801
CTNNA1	GNAS	3	0.0366	0.8443
KRT8	GNAS	3	0.1602	0.7468
LMNA	GNAS	3	0.0762	0.8074
MAPRE3	GNAS	3	0.0376	0.8434
ACTB	GNAI1	3	0.1705	0.7397
CTNNA1	GNAI1	3	0.1708	0.7395
KRT8	GNAI1	3	0.1869	0.7287
LMNA	GNAI1	3	0.1309	0.7670
MAPRE3	GNAI1	3	0.1212	0.7734
ACTB	PPP3R1	3	0.1045	0.7858
CTNNA1	PPP3R1	3	0.0663	0.8159
KRT8	PPP3R1	3	0.1468	0.7562
LMNA	PPP3R1	3	0.4379	0.3966
MAPRE3	PPP3R1	3	0.0781	0.8059
ACTB	PPP2R2A	3	0.0587	0.8228
CTNNA1	PPP2R2A	3	0.0499	0.8312
KRT8	PPP2R2A	3	0.0742	0.8092
LMNA	PPP2R2A	3	0.0624	0.8194
MAPRE3	PPP2R2A	3	0.0353	0.8454
ACTB	SUMO1	3	0.2526	0.6813
CTNNA1	SUMO1	3	0.0571	0.8241
KRT8	SUMO1	3	0.2887	0.6481
LMNA	SUMO1	3	0.1622	0.7453
MAPRE3	SUMO1	3	0.0822	0.8027
ACTB	DYNLL1;DYNLL2	3	0.1254	0.7705
CTNNA1	DYNLL1;DYNLL2	3	0.0264	0.8526
KRT8	DYNLL1;DYNLL2	3	0.1747	0.7371
LMNA	DYNLL1;DYNLL2	3	0.0649	0.8172
MAPRE3	DYNLL1;DYNLL2	3	0.0663	0.8159
ACTB	DYNLT1	3	0.0496	0.8314
KRT8	DYNLT1	3	0.1520	0.7524
ACTB	RPL38	3	0.2549	0.6792
CTNNA1	RPL38	3	0.0368	0.8441
KRT8	RPL38	3	0.2251	0.7025
LMNA	RPL38	3	0.1471	0.7561
MAPRE3	RPL38	3	0.1038	0.7864
ACTB	SKP1	3	0.0741	0.8093
CTNNA1	SKP1	3	0.0545	0.8269
KRT8	SKP1	3	0.0927	0.7947
LMNA	SKP1	3	0.0652	0.8169
MAPRE3	SKP1	3	0.0337	0.8467
ACTB	RPS21	3	0.0901	0.7965
CTNNA1	RPS21	3	0.0482	0.8328
KRT8	RPS21	3	0.1105	0.7815
LMNA	RPS21	3	0.0613	0.8204
MAPRE3	RPS21	3	0.0217	0.8560
ACTB	EIF5A	3	0.0937	0.7940
CTNNA1	EIF5A	3	0.0416	0.8392
KRT8	EIF5A	3	0.1051	0.7853
LMNA	EIF5A	3	0.0700	0.8127
MAPRE3	EIF5A	3	0.0409	0.8399
ACTB	RACK1	3	0.0779	0.8060
CTNNA1	RACK1	3	0.0347	0.8460
KRT8	RACK1	3	0.1600	0.7470
LMNA	RACK1	3	0.1783	0.7342
MAPRE3	RACK1	3	0.0323	0.8479
ACTB	UBE2I	3	0.1171	0.7763
CTNNA1	UBE2I	3	0.0130	0.8618
KRT8	UBE2I	3	0.1625	0.7451
LMNA	UBE2I	3	0.0481	0.8330
MAPRE3	UBE2I	3	0.0392	0.8417
ACTB	TMSB10	3	0.2357	0.6943
CTNNA1	TMSB10	3	0.0799	0.8046
KRT8	TMSB10	3	0.3656	0.5297
LMNA	TMSB10	3	0.1605	0.7466
MAPRE3	TMSB10	3	0.1345	0.7645
ACTB	YBX1	3	0.1170	0.7763
CTNNA1	YBX1	3	0.0623	0.8195
KRT8	YBX1	3	0.0980	0.7906
LMNA	YBX1	3	0.1008	0.7886
MAPRE3	YBX1	3	0.0650	0.8171
ACTB	CSNK2B	3	0.0751	0.8084
CTNNA1	CSNK2B	3	0.0000	0.8752
KRT8	CSNK2B	3	0.0947	0.7932
LMNA	CSNK2B	3	0.1104	0.7815
MAPRE3	CSNK2B	3	0.0356	0.8451
ACTB	TPM4	3	0.1454	0.7573
CTNNA1	TPM4	3	0.0376	0.8434
KRT8	TPM4	3	0.1668	0.7421
LMNA	TPM4	3	0.0777	0.8062
MAPRE3	TPM4	3	0.0414	0.8394
ACTB	UBE2L3	3	0.0803	0.8043
CTNNA1	UBE2L3	3	0.0403	0.8405
KRT8	UBE2L3	3	0.1046	0.7858
LMNA	UBE2L3	3	0.0885	0.7977
MAPRE3	UBE2L3	3	0.0306	0.8494
ACTB	TUBA1B	3	0.1762	0.7359
CTNNA1	TUBA1B	3	0.0309	0.8491
KRT8	TUBA1B	3	0.2980	0.6381
LMNA	TUBA1B	3	0.1098	0.7820
MAPRE3	TUBA1B	3	0.0644	0.8176
ACTB	TUBB4B	3	0.1524	0.7522
CTNNA1	TUBB4B	3	0.0294	0.8503
KRT8	TUBB4B	3	0.2530	0.6810
LMNA	TUBB4B	3	0.1066	0.7842
MAPRE3	TUBB4B	3	0.0660	0.8161
ACTB	PAFAH1B2	3	0.1274	0.7693
CTNNA1	PAFAH1B2	3	0.0234	0.8549
KRT8	PAFAH1B2	3	0.1213	0.7733
LMNA	PAFAH1B2	3	0.0715	0.8115
MAPRE3	PAFAH1B2	3	0.0405	0.8403
ACTB	HBB	3	0.2342	0.6956
CTNNA1	HBB	3	0.1631	0.7447
KRT8	HBB	3	0.2931	0.6434
LMNA	HBB	3	0.2155	0.7095
MAPRE3	HBB	3	0.2292	0.6995
ACTB	CXADR	3	0.0657	0.8164
CTNNA1	CXADR	3	0.0263	0.8527
KRT8	CXADR	3	0.3332	0.5905
LMNA	CXADR	3	0.0170	0.8591
ACTB	FAM193A	3	0.3321	0.5930
CTNNA1	FAM193A	3	0.2242	0.7032
KRT8	FAM193A	3	0.3876	0.4870
LMNA	FAM193A	3	0.2000	0.7199
MAPRE3	FAM193A	3	0.2802	0.6567
ACTB	SH3BP2	3	0.0716	0.8114
CTNNA1	SH3BP2	3	0.0011	0.8726
KRT8	SH3BP2	3	0.0683	0.8142
LMNA	SH3BP2	3	0.0109	0.8632
MAPRE3	SH3BP2	3	0.0149	0.8605
ACTB	NOP14	3	0.1596	0.7473
CTNNA1	NOP14	3	0.0074	0.8657
KRT8	NOP14	3	0.1554	0.7501
LMNA	NOP14	3	0.2469	0.6859
MAPRE3	NOP14	3	0.1075	0.7835
ACTB	IGBP1	3	0.3763	0.5118
CTNNA1	IGBP1	3	0.1108	0.7812
KRT8	IGBP1	3	0.3808	0.5021
LMNA	IGBP1	3	0.3499	0.5589
MAPRE3	IGBP1	3	0.3107	0.6241
ACTB	RBM6	3	0.0057	0.8672
CTNNA1	RBM6	3	0.0004	0.8740
KRT8	RBM6	3	0.0068	0.8662
LMNA	RBM6	3	0.0636	0.8182
MAPRE3	RBM6	3	0.0046	0.8682
ACTB	PITX1	3	0.1098	0.7820
CTNNA1	PITX1	3	0.0164	0.8595
KRT8	PITX1	3	0.1964	0.7223
LMNA	PITX1	3	0.2530	0.6810
MAPRE3	PITX1	3	0.0679	0.8145
ACTB	EIF4G2	3	0.3143	0.6190
CTNNA1	EIF4G2	3	0.1576	0.7486
KRT8	EIF4G2	3	0.3104	0.6245
LMNA	EIF4G2	3	0.1274	0.7693
MAPRE3	EIF4G2	3	0.2665	0.6695
ACTB	RPP38	3	0.1083	0.7830
CTNNA1	RPP38	3	0.0111	0.8630
KRT8	RPP38	3	0.0901	0.7965
LMNA	RPP38	3	0.1561	0.7496
MAPRE3	RPP38	3	0.0594	0.8222
ACTB	RPP30	3	0.1416	0.7599
CTNNA1	RPP30	3	0.0398	0.8411
KRT8	RPP30	3	0.2190	0.7069
LMNA	RPP30	3	0.1439	0.7583
MAPRE3	RPP30	3	0.0541	0.8273
ACTB	GTF2I	3	0.2073	0.7153
CTNNA1	GTF2I	3	0.0570	0.8242
KRT8	GTF2I	3	0.1791	0.7336
LMNA	GTF2I	3	0.3071	0.6280
MAPRE3	GTF2I	3	0.1945	0.7236
ACTB	CNTNAP1	3	0.1517	0.7528
CTNNA1	CNTNAP1	3	0.0127	0.8620
LMNA	CNTNAP1	3	0.0656	0.8165
MAPRE3	CNTNAP1	3	0.0747	0.8088
ACTB	SRPK2	3	0.1277	0.7691
CTNNA1	SRPK2	3	0.0122	0.8623
KRT8	SRPK2	3	0.1708	0.7395
LMNA	SRPK2	3	0.0602	0.8215
MAPRE3	SRPK2	3	0.0296	0.8502
ACTB	PHC1	3	0.0059	0.8671
KRT8	PHC1	3	0.0000	0.8752
LMNA	PHC1	3	0.0177	0.8585
ACTB	CCT2	3	0.3777	0.5081
CTNNA1	CCT2	3	0.0467	0.8344
KRT8	CCT2	3	0.1788	0.7339
LMNA	CCT2	3	0.0649	0.8172
MAPRE3	CCT2	3	0.0552	0.8262
ACTB	SLC35A2	3	0.0563	0.8250
CTNNA1	SLC35A2	3	0.0006	0.8736
KRT8	SLC35A2	3	0.1162	0.7770
LMNA	SLC35A2	3	0.0931	0.7944
ACTB	KRT83	3	0.1887	0.7273
CTNNA1	KRT83	3	0.1361	0.7635
KRT8	KRT83	3	0.1537	0.7513
LMNA	KRT83	3	0.2490	0.6844
MAPRE3	KRT83	3	0.0675	0.8149
ACTB	KRT85	3	0.0000	0.8752
ACTB	PRAME	3	0.1159	0.7773
KRT8	PRAME	3	0.2315	0.6979
LMNA	PRAME	3	0.0773	0.8065
MAPRE3	PRAME	3	0.0118	0.8626
ACTB	RAE1	3	0.0416	0.8392
CTNNA1	RAE1	3	0.0293	0.8504
KRT8	RAE1	3	0.0444	0.8366
LMNA	RAE1	3	0.0750	0.8085
MAPRE3	RAE1	3	0.0105	0.8634
ACTB	GSTO1	3	0.1303	0.7674
CTNNA1	GSTO1	3	0.0566	0.8247
KRT8	GSTO1	3	0.1369	0.7629
LMNA	GSTO1	3	0.0486	0.8324
MAPRE3	GSTO1	3	0.0197	0.8573
ACTB	DENND2B	3	0.3569	0.5471
CTNNA1	DENND2B	3	0.1636	0.7442
KRT8	DENND2B	3	0.2884	0.6483
LMNA	DENND2B	3	0.1240	0.7715
MAPRE3	DENND2B	3	0.2261	0.7017
ACTB	PRKDC	3	0.2113	0.7124
CTNNA1	PRKDC	3	0.0731	0.8101
KRT8	PRKDC	3	0.3756	0.5127
LMNA	PRKDC	3	0.2187	0.7071
MAPRE3	PRKDC	3	0.1521	0.7524
ACTB	ADAM17	3	0.0466	0.8345
CTNNA1	ADAM17	3	0.0004	0.8740
KRT8	ADAM17	3	0.0344	0.8462
LMNA	ADAM17	3	0.1661	0.7426
MAPRE3	ADAM17	3	0.0365	0.8444
ACTB	MAP1A	3	0.1564	0.7494
CTNNA1	MAP1A	3	0.0888	0.7974
KRT8	MAP1A	3	0.2354	0.6946
LMNA	MAP1A	3	0.0633	0.8185
MAPRE3	MAP1A	3	0.0745	0.8091
ACTB	LCN2	3	0.3333	0.5889
ACTB	NUCB2	3	0.0604	0.8213
KRT8	NUCB2	3	0.0109	0.8632
LMNA	NUCB2	3	0.0068	0.8662
MAPRE3	NUCB2	3	0.0022	0.8710
ACTB	BASP1	3	0.0533	0.8280
CTNNA1	BASP1	3	0.0040	0.8689
KRT8	BASP1	3	0.0186	0.8579
MAPRE3	BASP1	3	0.0018	0.8715
ACTB	GPSM2	3	0.0417	0.8391
KRT8	GPSM2	3	0.1152	0.7780
LMNA	GPSM2	3	0.0246	0.8540
MAPRE3	GPSM2	3	0.0219	0.8558
ACTB	DCD	3	0.0120	0.8625
KRT8	DCD	3	0.0375	0.8435
LMNA	DCD	3	0.0419	0.8389
MAPRE3	DCD	3	0.0125	0.8621
ACTB	TMF1	3	0.3130	0.6207
CTNNA1	TMF1	3	0.1975	0.7215
KRT8	TMF1	3	0.3228	0.6061
LMNA	TMF1	3	0.1488	0.7547
MAPRE3	TMF1	3	0.2407	0.6907
ACTB	MRPS35	3	0.1004	0.7889
CTNNA1	MRPS35	3	0.0489	0.8322
KRT8	MRPS35	3	0.4911	0.3118
LMNA	MRPS35	3	0.1048	0.7856
MAPRE3	MRPS35	3	0.0288	0.8508
ACTB	MRPS5	3	0.1479	0.7555
CTNNA1	MRPS5	3	0.0485	0.8325
KRT8	MRPS5	3	0.4751	0.3431
LMNA	MRPS5	3	0.1247	0.7710
MAPRE3	MRPS5	3	0.0694	0.8133
KRT8	MRPS36	3	0.8908	0.0365
ACTB	MRPS21	3	0.1302	0.7675
CTNNA1	MRPS21	3	0.0447	0.8363
KRT8	MRPS21	3	0.1109	0.7811
LMNA	MRPS21	3	0.1241	0.7714
MAPRE3	MRPS21	3	0.0125	0.8621
ACTB	MRPS9	3	0.2339	0.6960
CTNNA1	MRPS9	3	0.0557	0.8257
KRT8	MRPS9	3	0.8773	0.0403
LMNA	MRPS9	3	0.1264	0.7698
MAPRE3	MRPS9	3	0.0706	0.8121
ACTB	SARNP	3	0.0110	0.8631
CTNNA1	SARNP	3	0.0003	0.8743
KRT8	SARNP	3	0.0044	0.8684
LMNA	SARNP	3	0.0364	0.8445
MAPRE3	SARNP	3	0.0020	0.8713
ACTB	LACTB	3	0.1170	0.7763
CTNNA1	LACTB	3	0.0496	0.8314
KRT8	LACTB	3	0.1922	0.7251
LMNA	LACTB	3	0.0688	0.8138
MAPRE3	LACTB	3	0.0615	0.8202
ACTB	COG7	3	0.0397	0.8412
CTNNA1	COG7	3	0.0011	0.8726
KRT8	COG7	3	0.1160	0.7772
MAPRE3	COG7	3	0.0105	0.8634
ACTB	RPL24	3	0.1340	0.7649
CTNNA1	RPL24	3	0.0571	0.8241
KRT8	RPL24	3	0.1960	0.7225
LMNA	RPL24	3	0.1179	0.7756
MAPRE3	RPL24	3	0.0715	0.8115
ACTB	ARF5	3	0.1898	0.7266
CTNNA1	ARF5	3	0.0777	0.8062
KRT8	ARF5	3	0.2921	0.6446
LMNA	ARF5	3	0.1758	0.7362
MAPRE3	ARF5	3	0.0899	0.7967
ACTB	ERH	3	0.1601	0.7469
CTNNA1	ERH	3	0.0236	0.8547
KRT8	ERH	3	0.1564	0.7494
LMNA	ERH	3	0.1197	0.7745
MAPRE3	ERH	3	0.1042	0.7860
ACTB	RPL19	3	0.1135	0.7791
CTNNA1	RPL19	3	0.0156	0.8600
KRT8	RPL19	3	0.1604	0.7467
LMNA	RPL19	3	0.1339	0.7651
MAPRE3	RPL19	3	0.0447	0.8363
ACTB	SRSF3	3	0.0398	0.8411
CTNNA1	SRSF3	3	0.0227	0.8553
KRT8	SRSF3	3	0.0374	0.8436
LMNA	SRSF3	3	0.1636	0.7442
MAPRE3	SRSF3	3	0.0194	0.8575
ACTB	H3-3A	3	0.0403	0.8405
CTNNA1	H3-3A	3	0.0227	0.8553
KRT8	H3-3A	3	0.0399	0.8409
LMNA	H3-3A	3	0.0486	0.8324
MAPRE3	H3-3A	3	0.0457	0.8354
ACTB	FOXK1	3	0.1440	0.7582
CTNNA1	FOXK1	3	0.0106	0.8634
KRT8	FOXK1	3	0.1494	0.7543
LMNA	FOXK1	3	0.1947	0.7234
MAPRE3	FOXK1	3	0.0366	0.8443
ACTB	CCZ1B;CCZ1	3	0.3569	0.5471
CTNNA1	CCZ1B;CCZ1	3	0.1716	0.7389
KRT8	CCZ1B;CCZ1	3	0.3957	0.4704
LMNA	CCZ1B;CCZ1	3	0.3142	0.6192
MAPRE3	CCZ1B;CCZ1	3	0.2400	0.6913
ACTB	DAB2	3	0.2823	0.6542
CTNNA1	DAB2	3	0.1375	0.7625
KRT8	DAB2	3	0.3056	0.6299
LMNA	DAB2	3	0.1155	0.7777
MAPRE3	DAB2	3	0.1867	0.7288
ACTB	MUC5AC	3	0.3016	0.6345
KRT8	MUC5AC	3	0.2116	0.7121
LMNA	MUC5AC	3	0.1068	0.7840
MAPRE3	MUC5AC	3	0.0608	0.8209
ACTB	XIAP	3	0.1929	0.7247
CTNNA1	XIAP	3	0.0281	0.8514
KRT8	XIAP	3	0.2306	0.6986
LMNA	XIAP	3	0.1928	0.7247
MAPRE3	XIAP	3	0.0530	0.8283
ACTB	EFNB1	3	0.1135	0.7791
CTNNA1	EFNB1	3	0.0515	0.8296
KRT8	EFNB1	3	0.0948	0.7931
LMNA	EFNB1	3	0.0663	0.8159
MAPRE3	EFNB1	3	0.0342	0.8464
ACTB	FGD1	3	0.0995	0.7895
CTNNA1	FGD1	3	0.0044	0.8684
KRT8	FGD1	3	0.0559	0.8254
LMNA	FGD1	3	0.0072	0.8659
MAPRE3	FGD1	3	0.0174	0.8588
ACTB	RBM10	3	0.1688	0.7408
CTNNA1	RBM10	3	0.0738	0.8095
KRT8	RBM10	3	0.1394	0.7613
LMNA	RBM10	3	0.3256	0.6026
MAPRE3	RBM10	3	0.1824	0.7313
ACTB	RBM3	3	0.1597	0.7472
CTNNA1	RBM3	3	0.0669	0.8154
KRT8	RBM3	3	0.2473	0.6856
LMNA	RBM3	3	0.1472	0.7560
MAPRE3	RBM3	3	0.0766	0.8071
ACTB	ATP2C1	3	0.1235	0.7719
CTNNA1	ATP2C1	3	0.0434	0.8374
KRT8	ATP2C1	3	0.2278	0.7005
LMNA	ATP2C1	3	0.0959	0.7923
MAPRE3	ATP2C1	3	0.0288	0.8508
ACTB	CYCS	3	0.1768	0.7355
CTNNA1	CYCS	3	0.0336	0.8468
KRT8	CYCS	3	0.1771	0.7352
LMNA	CYCS	3	0.1266	0.7698
MAPRE3	CYCS	3	0.0580	0.8234
ACTB	MPP1	3	0.2950	0.6413
CTNNA1	MPP1	3	0.1102	0.7817
KRT8	MPP1	3	0.3185	0.6128
LMNA	MPP1	3	0.2527	0.6812
MAPRE3	MPP1	3	0.2006	0.7196
ACTB	TFAM	3	0.0678	0.8146
CTNNA1	TFAM	3	0.0553	0.8261
KRT8	TFAM	3	0.0799	0.8046
LMNA	TFAM	3	0.0572	0.8240
MAPRE3	TFAM	3	0.0331	0.8472
ACTB	SLC25A3	3	0.1680	0.7413
CTNNA1	SLC25A3	3	0.0615	0.8202
KRT8	SLC25A3	3	0.2204	0.7060
LMNA	SLC25A3	3	0.1115	0.7806
MAPRE3	SLC25A3	3	0.0579	0.8235
ACTB	HDLBP	3	0.3149	0.6177
CTNNA1	HDLBP	3	0.1253	0.7706
KRT8	HDLBP	3	0.3164	0.6156
LMNA	HDLBP	3	0.1601	0.7469
MAPRE3	HDLBP	3	0.2391	0.6922
ACTB	GTF2B	3	0.0096	0.8640
KRT8	GTF2B	3	0.0119	0.8625
LMNA	GTF2B	3	0.1078	0.7833
MAPRE3	GTF2B	3	0.0039	0.8690
ACTB	CDK6	3	0.2324	0.6973
CTNNA1	CDK6	3	0.0476	0.8336
KRT8	CDK6	3	0.2838	0.6528
LMNA	CDK6	3	0.1776	0.7348
MAPRE3	CDK6	3	0.1209	0.7736
ACTB	CDK5	3	0.1924	0.7250
CTNNA1	CDK5	3	0.0350	0.8457
KRT8	CDK5	3	0.2719	0.6645
LMNA	CDK5	3	0.1618	0.7456
MAPRE3	CDK5	3	0.0883	0.7979
ACTB	CDK16	3	0.1406	0.7605
CTNNA1	CDK16	3	0.0027	0.8703
KRT8	CDK16	3	0.1320	0.7663
LMNA	CDK16	3	0.0104	0.8635
MAPRE3	CDK16	3	0.0319	0.8483
ACTB	CDK17	3	0.2690	0.6672
CTNNA1	CDK17	3	0.0917	0.7954
KRT8	CDK17	3	0.2996	0.6366
LMNA	CDK17	3	0.1022	0.7877
MAPRE3	CDK17	3	0.1832	0.7307
ACTB	PURA	3	0.0788	0.8054
CTNNA1	PURA	3	0.0200	0.8571
KRT8	PURA	3	0.1390	0.7616
LMNA	PURA	3	0.0736	0.8097
MAPRE3	PURA	3	0.0255	0.8533
ACTB	CDC42EP1	3	0.1015	0.7882
CTNNA1	CDC42EP1	3	0.0323	0.8479
KRT8	CDC42EP1	3	0.1238	0.7717
LMNA	CDC42EP1	3	0.0338	0.8466
MAPRE3	CDC42EP1	3	0.0141	0.8610
ACTB	CLTC	3	0.2143	0.7104
CTNNA1	CLTC	3	0.0398	0.8411
KRT8	CLTC	3	0.2808	0.6559
LMNA	CLTC	3	0.1525	0.7521
MAPRE3	CLTC	3	0.0893	0.7970
ACTB	HSF1	3	0.1521	0.7524
CTNNA1	HSF1	3	0.0449	0.8361
KRT8	HSF1	3	0.3274	0.6001
LMNA	HSF1	3	0.3231	0.6058
MAPRE3	HSF1	3	0.2948	0.6415
ACTB	NFKB2	3	0.0953	0.7927
CTNNA1	NFKB2	3	0.0298	0.8500
KRT8	NFKB2	3	0.1332	0.7655
LMNA	NFKB2	3	0.0556	0.8258
MAPRE3	NFKB2	3	0.0390	0.8419
ACTB	FKBP3	3	0.1357	0.7638
CTNNA1	FKBP3	3	0.0382	0.8428
KRT8	FKBP3	3	0.1924	0.7250
LMNA	FKBP3	3	0.0875	0.7986
MAPRE3	FKBP3	3	0.0601	0.8216
ACTB	REEP5	3	0.0864	0.7994
KRT8	REEP5	3	0.0578	0.8236
LMNA	REEP5	3	0.0512	0.8299
MAPRE3	REEP5	3	0.0028	0.8702
ACTB	SORD	3	0.2493	0.6841
CTNNA1	SORD	3	0.0553	0.8261
KRT8	SORD	3	0.2632	0.6722
LMNA	SORD	3	0.1375	0.7625
MAPRE3	SORD	3	0.1438	0.7584
ACTB	HNRNPU	3	0.1242	0.7714
CTNNA1	HNRNPU	3	0.0335	0.8469
KRT8	HNRNPU	3	0.2704	0.6660
LMNA	HNRNPU	3	0.2460	0.6866
MAPRE3	HNRNPU	3	0.0915	0.7956
ACTB	U2AF1	3	0.0480	0.8331
CTNNA1	U2AF1	3	0.0499	0.8312
KRT8	U2AF1	3	0.1069	0.7840
LMNA	U2AF1	3	0.0854	0.8002
MAPRE3	U2AF1	3	0.0140	0.8611
ACTB	SPTBN1	3	0.3651	0.5316
CTNNA1	SPTBN1	3	0.1488	0.7547
KRT8	SPTBN1	3	0.2769	0.6604
LMNA	SPTBN1	3	0.1505	0.7536
MAPRE3	SPTBN1	3	0.1865	0.7289
ACTB	TIAL1	3	0.3153	0.6170
CTNNA1	TIAL1	3	0.0048	0.8680
KRT8	TIAL1	3	0.2902	0.6466
LMNA	TIAL1	3	0.2666	0.6694
MAPRE3	TIAL1	3	0.1733	0.7379
ACTB	SET	3	0.0824	0.8025
CTNNA1	SET	3	0.0146	0.8607
KRT8	SET	3	0.1527	0.7520
LMNA	SET	3	0.2278	0.7005
MAPRE3	SET	3	0.0644	0.8176
ACTB	SRSF2	3	0.1568	0.7491
CTNNA1	SRSF2	3	0.0965	0.7919
KRT8	SRSF2	3	0.1071	0.7838
LMNA	SRSF2	3	0.1696	0.7403
MAPRE3	SRSF2	3	0.0588	0.8227
ACTB	FOXK2	3	0.0131	0.8617
KRT8	FOXK2	3	0.0010	0.8728
LMNA	FOXK2	3	0.0345	0.8461
ACTB	RUNX1	3	0.1286	0.7685
KRT8	RUNX1	3	0.1633	0.7445
LMNA	RUNX1	3	0.1635	0.7444
MAPRE3	RUNX1	3	0.0109	0.8632
ACTB	AMPD2	3	0.3721	0.5177
CTNNA1	AMPD2	3	0.1869	0.7287
KRT8	AMPD2	3	0.3811	0.5018
LMNA	AMPD2	3	0.2160	0.7092
MAPRE3	AMPD2	3	0.2829	0.6537
ACTB	FABP5	3	0.1711	0.7393
CTNNA1	FABP5	3	0.0503	0.8308
KRT8	FABP5	3	0.0626	0.8192
LMNA	FABP5	3	0.1131	0.7794
MAPRE3	FABP5	3	0.0529	0.8284
ACTB	IL1RL1	3	0.3391	0.5794
CTNNA1	IL1RL1	3	0.1817	0.7317
KRT8	IL1RL1	3	0.3104	0.6245
LMNA	IL1RL1	3	0.1219	0.7729
MAPRE3	IL1RL1	3	0.2216	0.7051
ACTB	SLC7A5	3	0.2231	0.7040
CTNNA1	SLC7A5	3	0.1130	0.7795
KRT8	SLC7A5	3	0.2816	0.6552
LMNA	SLC7A5	3	0.1583	0.7480
MAPRE3	SLC7A5	3	0.0890	0.7973
ACTB	DR1	3	0.0983	0.7904
CTNNA1	DR1	3	0.0309	0.8491
KRT8	DR1	3	0.1043	0.7859
LMNA	DR1	3	0.2029	0.7182
MAPRE3	DR1	3	0.0368	0.8441
ACTB	TFAP4	3	0.1529	0.7519
CTNNA1	TFAP4	3	0.0456	0.8355
KRT8	TFAP4	3	0.1648	0.7436
LMNA	TFAP4	3	0.2453	0.6873
MAPRE3	TFAP4	3	0.0690	0.8136
ACTB	EXOSC10	3	0.1387	0.7619
CTNNA1	EXOSC10	3	0.0238	0.8546
KRT8	EXOSC10	3	0.1729	0.7382
LMNA	EXOSC10	3	0.2645	0.6711
MAPRE3	EXOSC10	3	0.1793	0.7334
ACTB	OTUD4	3	0.2455	0.6871
CTNNA1	OTUD4	3	0.0809	0.8038
KRT8	OTUD4	3	0.2331	0.6966
LMNA	OTUD4	3	0.1103	0.7816
MAPRE3	OTUD4	3	0.2520	0.6818
ACTB	PFKP	3	0.1834	0.7306
CTNNA1	PFKP	3	0.0418	0.8390
KRT8	PFKP	3	0.2074	0.7151
LMNA	PFKP	3	0.1325	0.7660
MAPRE3	PFKP	3	0.0721	0.8110
ACTB	XPC	3	0.1903	0.7263
CTNNA1	XPC	3	0.0621	0.8196
KRT8	XPC	3	0.0936	0.7941
LMNA	XPC	3	0.2403	0.6910
MAPRE3	XPC	3	0.1261	0.7701
ACTB	EWSR1	3	0.1069	0.7840
CTNNA1	EWSR1	3	0.0329	0.8474
KRT8	EWSR1	3	0.0747	0.8088
LMNA	EWSR1	3	0.0634	0.8184
MAPRE3	EWSR1	3	0.0500	0.8311
ACTB	CDR2	3	0.0462	0.8349
CTNNA1	CDR2	3	0.0017	0.8717
KRT8	CDR2	3	0.0792	0.8052
LMNA	CDR2	3	0.0125	0.8621
MAPRE3	CDR2	3	0.0062	0.8667
ACTB	OCRL	3	0.2989	0.6373
CTNNA1	OCRL	3	0.1340	0.7649
KRT8	OCRL	3	0.3336	0.5884
LMNA	OCRL	3	0.1245	0.7712
MAPRE3	OCRL	3	0.2203	0.7061
ACTB	PLCB3	3	0.1464	0.7566
CTNNA1	PLCB3	3	0.0227	0.8553
KRT8	PLCB3	3	0.1373	0.7627
LMNA	PLCB3	3	0.0436	0.8372
MAPRE3	PLCB3	3	0.0408	0.8400
ACTB	TAGLN	3	0.4021	0.4561
CTNNA1	TAGLN	3	0.1319	0.7664
KRT8	TAGLN	3	0.3999	0.4608
LMNA	TAGLN	3	0.3180	0.6137
MAPRE3	TAGLN	3	0.2595	0.6753
ACTB	AKAP17A	3	0.0985	0.7903
CTNNA1	AKAP17A	3	0.0087	0.8647
KRT8	AKAP17A	3	0.1492	0.7544
LMNA	AKAP17A	3	0.1816	0.7318
MAPRE3	AKAP17A	3	0.0209	0.8565
LMNA	MEF2A	3	0.0379	0.8431
ACTB	SP2	3	0.0103	0.8636
CTNNA1	SP2	3	0.0002	0.8745
KRT8	SP2	3	0.0172	0.8589
LMNA	SP2	3	0.0323	0.8479
MAPRE3	SP2	3	0.0051	0.8678
ACTB	OGDH	3	0.0926	0.7948
CTNNA1	OGDH	3	0.0074	0.8657
KRT8	OGDH	3	0.1580	0.7483
LMNA	OGDH	3	0.0821	0.8028
MAPRE3	OGDH	3	0.0286	0.8510
ACTB	CENPE	3	0.2821	0.6545
CTNNA1	CENPE	3	0.1143	0.7786
KRT8	CENPE	3	0.3316	0.5936
LMNA	CENPE	3	0.1680	0.7413
MAPRE3	CENPE	3	0.3070	0.6281
ACTB	KIF23	3	0.2230	0.7041
CTNNA1	KIF23	3	0.0511	0.8300
KRT8	KIF23	3	0.2481	0.6849
LMNA	KIF23	3	0.2962	0.6402
MAPRE3	KIF23	3	0.2399	0.6914
ACTB	DSG1	3	0.1358	0.7637
CTNNA1	DSG1	3	0.0673	0.8151
KRT8	DSG1	3	0.0914	0.7957
LMNA	DSG1	3	0.1515	0.7529
MAPRE3	DSG1	3	0.0292	0.8505
ACTB	ID3	3	0.2032	0.7180
CTNNA1	ID3	3	0.1123	0.7801
KRT8	ID3	3	0.0659	0.8162
LMNA	ID3	3	0.2175	0.7080
MAPRE3	ID3	3	0.2200	0.7063
ACTB	H1-1	3	0.0480	0.8331
CTNNA1	H1-1	3	0.0509	0.8302
KRT8	H1-1	3	0.0398	0.8411
LMNA	H1-1	3	0.0942	0.7936
MAPRE3	H1-1	3	0.0473	0.8338
ACTB	RPL18A	3	0.1665	0.7423
CTNNA1	RPL18A	3	0.0275	0.8519
KRT8	RPL18A	3	0.3145	0.6187
LMNA	RPL18A	3	0.1428	0.7591
MAPRE3	RPL18A	3	0.0550	0.8263
ACTB	MAP2K1	3	0.1422	0.7595
CTNNA1	MAP2K1	3	0.0840	0.8012
KRT8	MAP2K1	3	0.1983	0.7208
LMNA	MAP2K1	3	0.1307	0.7671
MAPRE3	MAP2K1	3	0.0517	0.8294
ACTB	FKBP4	3	0.1924	0.7250
CTNNA1	FKBP4	3	0.0383	0.8427
KRT8	FKBP4	3	0.2240	0.7033
LMNA	FKBP4	3	0.1191	0.7749
MAPRE3	FKBP4	3	0.0831	0.8020
ACTB	PLOD1	3	0.1199	0.7744
CTNNA1	PLOD1	3	0.0327	0.8476
KRT8	PLOD1	3	0.1389	0.7617
LMNA	PLOD1	3	0.0811	0.8036
MAPRE3	PLOD1	3	0.0474	0.8337
ACTB	NUCB1	3	0.0578	0.8236
KRT8	NUCB1	3	0.1120	0.7803
ACTB	RPL6	3	0.1818	0.7316
CTNNA1	RPL6	3	0.0353	0.8454
KRT8	RPL6	3	0.2299	0.6991
LMNA	RPL6	3	0.1633	0.7445
MAPRE3	RPL6	3	0.0699	0.8128
ACTB	TOP2B	3	0.1859	0.7291
CTNNA1	TOP2B	3	0.0357	0.8451
KRT8	TOP2B	3	0.2448	0.6876
LMNA	TOP2B	3	0.2598	0.6750
MAPRE3	TOP2B	3	0.1182	0.7755
ACTB	AKAP12	3	0.3460	0.5657
CTNNA1	AKAP12	3	0.2180	0.7077
KRT8	AKAP12	3	0.2858	0.6511
LMNA	AKAP12	3	0.1524	0.7522
MAPRE3	AKAP12	3	0.2268	0.7012
ACTB	SLC25A11	3	0.2181	0.7076
CTNNA1	SLC25A11	3	0.0691	0.8135
KRT8	SLC25A11	3	0.4298	0.4111
LMNA	SLC25A11	3	0.2103	0.7131
MAPRE3	SLC25A11	3	0.1243	0.7713
ACTB	DST	3	0.2329	0.6969
CTNNA1	DST	3	0.1050	0.7854
KRT8	DST	3	0.2153	0.7097
LMNA	DST	3	0.0971	0.7914
MAPRE3	DST	3	0.4189	0.4300
ACTB	MLLT1	3	0.0696	0.8131
CTNNA1	MLLT1	3	0.0062	0.8667
KRT8	MLLT1	3	0.0917	0.7954
LMNA	MLLT1	3	0.1970	0.7218
MAPRE3	MLLT1	3	0.0723	0.8108
ACTB	MECOM	3	0.1615	0.7458
CTNNA1	MECOM	3	0.0415	0.8393
KRT8	MECOM	3	0.1663	0.7424
LMNA	MECOM	3	0.2691	0.6672
MAPRE3	MECOM	3	0.1344	0.7646
ACTB	GNA12	3	0.2432	0.6887
CTNNA1	GNA12	3	0.1301	0.7675
KRT8	GNA12	3	0.1754	0.7365
LMNA	GNA12	3	0.2305	0.6987
MAPRE3	GNA12	3	0.1420	0.7596
ACTB	CAV1	3	0.3124	0.6218
CTNNA1	CAV1	3	0.1461	0.7569
KRT8	CAV1	3	0.2836	0.6531
LMNA	CAV1	3	0.2130	0.7113
MAPRE3	CAV1	3	0.2066	0.7157
ACTB	KMT2A	3	0.0970	0.7915
CTNNA1	KMT2A	3	0.0088	0.8646
KRT8	KMT2A	3	0.1314	0.7667
LMNA	KMT2A	3	0.2003	0.7198
MAPRE3	KMT2A	3	0.1240	0.7715
ACTB	TNFAIP2	3	0.2458	0.6868
CTNNA1	TNFAIP2	3	0.0387	0.8423
KRT8	TNFAIP2	3	0.3456	0.5665
LMNA	TNFAIP2	3	0.2257	0.7020
MAPRE3	TNFAIP2	3	0.1475	0.7558
ACTB	CENPC	3	0.0487	0.8323
KRT8	CENPC	3	0.0308	0.8492
LMNA	CENPC	3	0.0667	0.8156
MAPRE3	CENPC	3	0.0429	0.8379
ACTB	LMNB2	3	0.0417	0.8391
CTNNA1	LMNB2	3	0.0122	0.8623
KRT8	LMNB2	3	0.1803	0.7327
LMNA	LMNB2	3	0.9990	0.0002
MAPRE3	LMNB2	3	0.0104	0.8635
ACTB	TAP1	3	0.1497	0.7540
CTNNA1	TAP1	3	0.0250	0.8537
KRT8	TAP1	3	0.2049	0.7169
LMNA	TAP1	3	0.2340	0.6958
MAPRE3	TAP1	3	0.0835	0.8017
ACTB	TAP2	3	0.1408	0.7603
CTNNA1	TAP2	3	0.0314	0.8487
KRT8	TAP2	3	0.2827	0.6539
LMNA	TAP2	3	0.1437	0.7584
MAPRE3	TAP2	3	0.0424	0.8383
ACTB	CEBPZ	3	0.2183	0.7074
CTNNA1	CEBPZ	3	0.0320	0.8481
KRT8	CEBPZ	3	0.2440	0.6882
LMNA	CEBPZ	3	0.2626	0.6728
MAPRE3	CEBPZ	3	0.2282	0.7003
ACTB	ZNF117	3	0.2717	0.6648
CTNNA1	ZNF117	3	0.0924	0.7950
KRT8	ZNF117	3	0.3112	0.6234
LMNA	ZNF117	3	0.2324	0.6973
MAPRE3	ZNF117	3	0.2395	0.6917
ACTB	RELA	3	0.1549	0.7504
CTNNA1	RELA	3	0.0322	0.8480
KRT8	RELA	3	0.2214	0.7052
LMNA	RELA	3	0.0494	0.8317
MAPRE3	RELA	3	0.0575	0.8238
ACTB	UBXN1	3	0.1747	0.7371
CTNNA1	UBXN1	3	0.0322	0.8480
KRT8	UBXN1	3	0.2181	0.7076
LMNA	UBXN1	3	0.1039	0.7863
MAPRE3	UBXN1	3	0.0641	0.8178
ACTB	GBE1	3	0.1317	0.7665
CTNNA1	GBE1	3	0.0279	0.8516
KRT8	GBE1	3	0.1928	0.7247
LMNA	GBE1	3	0.0558	0.8255
MAPRE3	GBE1	3	0.0232	0.8551
ACTB	EIF4G1	3	0.3447	0.5688
CTNNA1	EIF4G1	3	0.1800	0.7329
KRT8	EIF4G1	3	0.3401	0.5778
LMNA	EIF4G1	3	0.1565	0.7494
MAPRE3	EIF4G1	3	0.3019	0.6340
ACTB	ATP7A	3	0.2391	0.6922
CTNNA1	ATP7A	3	0.0817	0.8031
KRT8	ATP7A	3	0.2402	0.6911
LMNA	ATP7A	3	0.2396	0.6916
MAPRE3	ATP7A	3	0.0161	0.8596
ACTB	KRT17	3	0.1304	0.7673
CTNNA1	KRT17	3	0.0540	0.8274
KRT8	KRT17	3	0.8946	0.0324
LMNA	KRT17	3	0.0825	0.8024
MAPRE3	KRT17	3	0.0702	0.8125
ACTB	NOTCH2	3	0.2839	0.6527
CTNNA1	NOTCH2	3	0.1881	0.7278
KRT8	NOTCH2	3	0.2824	0.6542
LMNA	NOTCH2	3	0.1111	0.7809
MAPRE3	NOTCH2	3	0.1240	0.7715
ACTB	TLE2	3	0.2785	0.6587
CTNNA1	TLE2	3	0.0565	0.8248
KRT8	TLE2	3	0.3017	0.6343
LMNA	TLE2	3	0.3031	0.6327
ACTB	TLE3	3	0.0192	0.8576
KRT8	TLE3	3	0.0940	0.7937
LMNA	TLE3	3	0.0611	0.8206
ACTB	GLO1	3	0.2822	0.6544
CTNNA1	GLO1	3	0.1682	0.7412
KRT8	GLO1	3	0.3400	0.5781
LMNA	GLO1	3	0.4168	0.4359
MAPRE3	GLO1	3	0.1653	0.7433
KRT8	SSBP1	3	0.1784	0.7342
ACTB	REL	3	0.0377	0.8433
CTNNA1	REL	3	0.0006	0.8736
KRT8	REL	3	0.0873	0.7987
LMNA	REL	3	0.0147	0.8607
MAPRE3	REL	3	0.0091	0.8643
ACTB	YWHAH	3	0.1545	0.7507
CTNNA1	YWHAH	3	0.0627	0.8191
KRT8	YWHAH	3	0.1226	0.7725
LMNA	YWHAH	3	0.0827	0.8023
MAPRE3	YWHAH	3	0.0677	0.8147
ACTB	CSTF1	3	0.1027	0.7873
CTNNA1	CSTF1	3	0.0552	0.8262
KRT8	CSTF1	3	0.0795	0.8049
LMNA	CSTF1	3	0.0858	0.7999
MAPRE3	CSTF1	3	0.0313	0.8488
ACTB	UBE3A	3	0.1715	0.7391
CTNNA1	UBE3A	3	0.0486	0.8324
KRT8	UBE3A	3	0.2471	0.6857
LMNA	UBE3A	3	0.0569	0.8244
MAPRE3	UBE3A	3	0.0566	0.8247
ACTB	PTPN12	3	0.2873	0.6494
CTNNA1	PTPN12	3	0.1076	0.7834
KRT8	PTPN12	3	0.2960	0.6404
LMNA	PTPN12	3	0.1358	0.7637
MAPRE3	PTPN12	3	0.1777	0.7347
ACTB	PTK2	3	0.2838	0.6528
CTNNA1	PTK2	3	0.1039	0.7863
KRT8	PTK2	3	0.3524	0.5541
LMNA	PTK2	3	0.2367	0.6937
MAPRE3	PTK2	3	0.1909	0.7259
ACTB	SRSF11	3	0.0532	0.8281
CTNNA1	SRSF11	3	0.0135	0.8615
KRT8	SRSF11	3	0.0769	0.8068
LMNA	SRSF11	3	0.1188	0.7751
MAPRE3	SRSF11	3	0.0237	0.8547
ACTB	EEF1A2	3	0.1309	0.7670
CTNNA1	EEF1A2	3	0.0346	0.8460
KRT8	EEF1A2	3	0.1767	0.7355
LMNA	EEF1A2	3	0.0912	0.7958
MAPRE3	EEF1A2	3	0.0561	0.8252
ACTB	CALD1	3	0.4152	0.4380
CTNNA1	CALD1	3	0.1257	0.7703
KRT8	CALD1	3	0.2662	0.6698
LMNA	CALD1	3	0.1505	0.7536
MAPRE3	CALD1	3	0.2007	0.7195
ACTB	FPGS	3	0.2655	0.6702
CTNNA1	FPGS	3	0.0339	0.8466
KRT8	FPGS	3	0.3252	0.6035
LMNA	FPGS	3	0.2222	0.7047
MAPRE3	FPGS	3	0.1598	0.7471
ACTB	MBTD1	3	0.1552	0.7501
CTNNA1	MBTD1	3	0.0098	0.8639
KRT8	MBTD1	3	0.1250	0.7708
LMNA	MBTD1	3	0.2594	0.6754
MAPRE3	MBTD1	3	0.1082	0.7830
ACTB	FHIP1A	3	0.0505	0.8305
CTNNA1	FHIP1A	3	0.0012	0.8725
KRT8	FHIP1A	3	0.0689	0.8137
LMNA	FHIP1A	3	0.0057	0.8672
MAPRE3	FHIP1A	3	0.0064	0.8666
ACTB	PTPN11	3	0.0839	0.8013
CTNNA1	PTPN11	3	0.0379	0.8431
KRT8	PTPN11	3	0.0915	0.7956
LMNA	PTPN11	3	0.0818	0.8030
MAPRE3	PTPN11	3	0.0336	0.8468
ACTB	KDSR	3	0.1655	0.7430
CTNNA1	KDSR	3	0.0379	0.8431
KRT8	KDSR	3	0.2883	0.6484
LMNA	KDSR	3	0.2170	0.7083
ACTB	PPP2R3A	3	0.0553	0.8261
CTNNA1	PPP2R3A	3	0.0013	0.8724
KRT8	PPP2R3A	3	0.1087	0.7826
MAPRE3	PPP2R3A	3	0.0005	0.8738
ACTB	PPAT	3	0.1489	0.7547
CTNNA1	PPAT	3	0.0190	0.8577
KRT8	PPAT	3	0.1658	0.7428
LMNA	PPAT	3	0.0534	0.8279
MAPRE3	PPAT	3	0.0367	0.8442
ACTB	GFPT1	3	0.2096	0.7138
CTNNA1	GFPT1	3	0.0286	0.8510
KRT8	GFPT1	3	0.2489	0.6845
LMNA	GFPT1	3	0.1110	0.7810
MAPRE3	GFPT1	3	0.0525	0.8287
ACTB	EXOSC9	3	0.1812	0.7321
CTNNA1	EXOSC9	3	0.0441	0.8369
KRT8	EXOSC9	3	0.2073	0.7153
LMNA	EXOSC9	3	0.2720	0.6644
MAPRE3	EXOSC9	3	0.1164	0.7768
ACTB	PSME1	3	0.2419	0.6898
CTNNA1	PSME1	3	0.0511	0.8300
KRT8	PSME1	3	0.2444	0.6878
LMNA	PSME1	3	0.2302	0.6989
MAPRE3	PSME1	3	0.0892	0.7971
ACTB	RBPJ	3	0.1535	0.7514
CTNNA1	RBPJ	3	0.0267	0.8524
KRT8	RBPJ	3	0.1550	0.7503
LMNA	RBPJ	3	0.1786	0.7340
MAPRE3	RBPJ	3	0.0542	0.8272
ACTB	GABPA	3	0.2636	0.6719
CTNNA1	GABPA	3	0.0393	0.8416
KRT8	GABPA	3	0.2255	0.7021
LMNA	GABPA	3	0.2810	0.6556
MAPRE3	GABPA	3	0.1063	0.7844
ACTB	RING1	3	0.0590	0.8225
KRT8	RING1	3	0.1256	0.7704
LMNA	RING1	3	0.0789	0.8054
MAPRE3	RING1	3	0.0071	0.8660
ACTB	ZNF33A	3	0.0388	0.8422
LMNA	ZNF33A	3	0.0534	0.8279
MAPRE3	ZNF33A	3	0.0005	0.8738
ACTB	FMR1	3	0.1030	0.7871
CTNNA1	FMR1	3	0.0345	0.8461
KRT8	FMR1	3	0.1654	0.7431
LMNA	FMR1	3	0.0377	0.8433
MAPRE3	FMR1	3	0.0268	0.8523
ACTB	PRDX1	3	0.0466	0.8345
CTNNA1	PRDX1	3	0.0582	0.8233
KRT8	PRDX1	3	0.0494	0.8317
LMNA	PRDX1	3	0.0592	0.8224
MAPRE3	PRDX1	3	0.0355	0.8452
ACTB	RPL18	3	0.1348	0.7643
CTNNA1	RPL18	3	0.0411	0.8397
KRT8	RPL18	3	0.1558	0.7498
LMNA	RPL18	3	0.1031	0.7870
MAPRE3	RPL18	3	0.0495	0.8316
ACTB	C1QBP	3	0.0911	0.7958
CTNNA1	C1QBP	3	0.0447	0.8363
KRT8	C1QBP	3	0.1522	0.7523
LMNA	C1QBP	3	0.0845	0.8009
MAPRE3	C1QBP	3	0.0346	0.8460
ACTB	CKAP4	3	0.2902	0.6466
CTNNA1	CKAP4	3	0.0846	0.8008
KRT8	CKAP4	3	0.2882	0.6485
LMNA	CKAP4	3	0.2747	0.6620
MAPRE3	CKAP4	3	0.2074	0.7151
ACTB	COL16A1	3	0.3157	0.6163
CTNNA1	COL16A1	3	0.0631	0.8188
KRT8	COL16A1	3	0.2545	0.6796
MAPRE3	COL16A1	3	0.0542	0.8272
ACTB	TJP1	3	0.3694	0.5207
CTNNA1	TJP1	3	0.1809	0.7324
KRT8	TJP1	3	0.2912	0.6456
LMNA	TJP1	3	0.1070	0.7839
MAPRE3	TJP1	3	0.2004	0.7197
ACTB	ZFP36L1	3	0.0730	0.8102
KRT8	ZFP36L1	3	0.1956	0.7228
MAPRE3	ZFP36L1	3	0.0131	0.8617
ACTB	SPAG1	3	0.0547	0.8267
CTNNA1	SPAG1	3	0.0043	0.8685
KRT8	SPAG1	3	0.0890	0.7973
LMNA	SPAG1	3	0.0086	0.8647
MAPRE3	SPAG1	3	0.0053	0.8676
ACTB	KHDRBS1	3	0.1406	0.7605
CTNNA1	KHDRBS1	3	0.0102	0.8637
KRT8	KHDRBS1	3	0.1241	0.7714
LMNA	KHDRBS1	3	0.1154	0.7778
MAPRE3	KHDRBS1	3	0.0469	0.8342
ACTB	BAX	3	0.0436	0.8372
KRT8	BAX	3	0.0429	0.8379
LMNA	BAX	3	0.0209	0.8565
MAPRE3	BAX	3	0.0073	0.8658
ACTB	POLE	3	0.1882	0.7277
CTNNA1	POLE	3	0.0539	0.8274
KRT8	POLE	3	0.2358	0.6943
LMNA	POLE	3	0.2384	0.6926
MAPRE3	POLE	3	0.1248	0.7710
ACTB	KLC1	3	0.2840	0.6526
CTNNA1	KLC1	3	0.1048	0.7856
KRT8	KLC1	3	0.2907	0.6460
LMNA	KLC1	3	0.1306	0.7672
MAPRE3	KLC1	3	0.1991	0.7204
ACTB	TNK2	3	0.0581	0.8234
KRT8	TNK2	3	0.1091	0.7824
LMNA	TNK2	3	0.0090	0.8644
MAPRE3	TNK2	3	0.0050	0.8678
ACTB	LRP1	3	0.1584	0.7480
CTNNA1	LRP1	3	0.0105	0.8634
KRT8	LRP1	3	0.1502	0.7537
LMNA	LRP1	3	0.1715	0.7391
MAPRE3	LRP1	3	0.1088	0.7825
ACTB	SRSF1	3	0.0216	0.8560
CTNNA1	SRSF1	3	0.0214	0.8562
KRT8	SRSF1	3	0.0559	0.8254
LMNA	SRSF1	3	0.0792	0.8052
MAPRE3	SRSF1	3	0.0853	0.8002
ACTB	ARHGAP1	3	0.2553	0.6788
CTNNA1	ARHGAP1	3	0.0565	0.8248
KRT8	ARHGAP1	3	0.2692	0.6671
LMNA	ARHGAP1	3	0.1155	0.7777
MAPRE3	ARHGAP1	3	0.1263	0.7699
ACTB	FOXM1	3	0.0002	0.8745
KRT8	FOXM1	3	0.0264	0.8526
LMNA	FOXM1	3	0.0946	0.7933
MAPRE3	FOXM1	3	0.0335	0.8469
ACTB	SRSF4	3	0.3170	0.6151
CTNNA1	SRSF4	3	0.0845	0.8009
KRT8	SRSF4	3	0.2568	0.6774
LMNA	SRSF4	3	0.3022	0.6336
MAPRE3	SRSF4	3	0.2432	0.6887
ACTB	TGM3	3	0.2452	0.6874
CTNNA1	TGM3	3	0.0335	0.8469
KRT8	TGM3	3	0.0906	0.7961
LMNA	TGM3	3	0.1133	0.7793
MAPRE3	TGM3	3	0.0405	0.8403
ACTB	PPP3CA	3	0.3152	0.6172
CTNNA1	PPP3CA	3	0.0737	0.8096
KRT8	PPP3CA	3	0.3189	0.6122
LMNA	PPP3CA	3	0.2059	0.7162
MAPRE3	PPP3CA	3	0.1971	0.7218
ACTB	DHX9	3	0.1512	0.7531
CTNNA1	DHX9	3	0.0321	0.8481
KRT8	DHX9	3	0.2135	0.7109
LMNA	DHX9	3	0.2674	0.6686
MAPRE3	DHX9	3	0.1016	0.7881
ACTB	CRYZ	3	0.2092	0.7140
CTNNA1	CRYZ	3	0.0545	0.8269
KRT8	CRYZ	3	0.2464	0.6863
LMNA	CRYZ	3	0.1158	0.7774
MAPRE3	CRYZ	3	0.0885	0.7977
ACTB	GOLGA3	3	0.2762	0.6610
CTNNA1	GOLGA3	3	0.1404	0.7606
KRT8	GOLGA3	3	0.3179	0.6138
LMNA	GOLGA3	3	0.1172	0.7762
MAPRE3	GOLGA3	3	0.2149	0.7100
ACTB	GOLGA2	3	0.2813	0.6554
CTNNA1	GOLGA2	3	0.1304	0.7673
KRT8	GOLGA2	3	0.2940	0.6425
LMNA	GOLGA2	3	0.1238	0.7717
MAPRE3	GOLGA2	3	0.2324	0.6973
ACTB	LGALS3BP	3	0.0794	0.8050
KRT8	LGALS3BP	3	0.1072	0.7837
LMNA	LGALS3BP	3	0.0421	0.8387
MAPRE3	LGALS3BP	3	0.0048	0.8680
ACTB	PDE4D	3	0.1663	0.7424
CTNNA1	PDE4D	3	0.0684	0.8140
KRT8	PDE4D	3	0.2039	0.7174
LMNA	PDE4D	3	0.0936	0.7941
MAPRE3	PDE4D	3	0.0811	0.8036
ACTB	DSC1	3	0.1487	0.7548
CTNNA1	DSC1	3	0.0474	0.8337
KRT8	DSC1	3	0.0655	0.8166
LMNA	DSC1	3	0.1482	0.7552
MAPRE3	DSC1	3	0.0419	0.8389
ACTB	PPID	3	0.2673	0.6687
CTNNA1	PPID	3	0.0464	0.8347
KRT8	PPID	3	0.2820	0.6547
LMNA	PPID	3	0.2024	0.7186
MAPRE3	PPID	3	0.1309	0.7670
ACTB	SSRP1	3	0.2025	0.7185
CTNNA1	SSRP1	3	0.0443	0.8367
KRT8	SSRP1	3	0.2374	0.6931
LMNA	SSRP1	3	0.2913	0.6454
MAPRE3	SSRP1	3	0.1030	0.7871
ACTB	CAMSAP2	3	0.2179	0.7078
CTNNA1	CAMSAP2	3	0.1035	0.7866
KRT8	CAMSAP2	3	0.3283	0.5981
LMNA	CAMSAP2	3	0.0921	0.7952
MAPRE3	CAMSAP2	3	0.3433	0.5721
ACTB	SPIRE1	3	0.2037	0.7176
CTNNA1	SPIRE1	3	0.0038	0.8691
KRT8	SPIRE1	3	0.0443	0.8367
ACTB	VAC14	3	0.0591	0.8224
CTNNA1	VAC14	3	0.0064	0.8666
KRT8	VAC14	3	0.0793	0.8051
LMNA	VAC14	3	0.0175	0.8587
MAPRE3	VAC14	3	0.0206	0.8567
ACTB	NSUN2	3	0.1115	0.7806
CTNNA1	NSUN2	3	0.1128	0.7797
KRT8	NSUN2	3	0.1558	0.7498
LMNA	NSUN2	3	0.1213	0.7733
MAPRE3	NSUN2	3	0.0347	0.8460
ACTB	RBBP4	3	0.2007	0.7195
CTNNA1	RBBP4	3	0.0226	0.8554
KRT8	RBBP4	3	0.1964	0.7223
LMNA	RBBP4	3	0.1442	0.7581
MAPRE3	RBBP4	3	0.0295	0.8502
ACTB	NCBP1	3	0.1017	0.7880
CTNNA1	NCBP1	3	0.0452	0.8358
KRT8	NCBP1	3	0.1476	0.7557
LMNA	NCBP1	3	0.1681	0.7412
MAPRE3	NCBP1	3	0.0470	0.8341
ACTB	EP300	3	0.0096	0.8640
LMNA	EP300	3	0.0139	0.8612
ACTB	AHNAK	3	0.3884	0.4836
CTNNA1	AHNAK	3	0.3230	0.6059
KRT8	AHNAK	3	0.3781	0.5071
LMNA	AHNAK	3	0.1750	0.7368
MAPRE3	AHNAK	3	0.3379	0.5812
ACTB	FCHO2	3	0.0517	0.8294
CTNNA1	FCHO2	3	0.0088	0.8646
KRT8	FCHO2	3	0.0644	0.8176
LMNA	FCHO2	3	0.0174	0.8588
MAPRE3	FCHO2	3	0.0039	0.8690
ACTB	ELP6	3	0.3026	0.6332
CTNNA1	ELP6	3	0.1088	0.7825
KRT8	ELP6	3	0.3208	0.6087
LMNA	ELP6	3	0.1795	0.7333
MAPRE3	ELP6	3	0.2381	0.6928
ACTB	HSPA14	3	0.0732	0.8100
CTNNA1	HSPA14	3	0.0199	0.8571
KRT8	HSPA14	3	0.0654	0.8168
LMNA	HSPA14	3	0.0756	0.8079
MAPRE3	HSPA14	3	0.0209	0.8565
ACTB	SCRN3	3	0.2242	0.7032
CTNNA1	SCRN3	3	0.0390	0.8419
KRT8	SCRN3	3	0.1725	0.7384
LMNA	SCRN3	3	0.0961	0.7922
MAPRE3	SCRN3	3	0.0885	0.7977
ACTB	CGNL1	3	0.0694	0.8133
CTNNA1	CGNL1	3	0.0001	0.8748
KRT8	CGNL1	3	0.0546	0.8268
LMNA	CGNL1	3	0.1338	0.7651
MAPRE3	CGNL1	3	0.0261	0.8529
ACTB	NEXN	3	0.4302	0.4083
CTNNA1	NEXN	3	0.1085	0.7828
KRT8	NEXN	3	0.3092	0.6260
LMNA	NEXN	3	0.1584	0.7480
MAPRE3	NEXN	3	0.1515	0.7529
ACTB	GALNT1	3	0.1359	0.7636
CTNNA1	GALNT1	3	0.0420	0.8388
KRT8	GALNT1	3	0.2818	0.6549
LMNA	GALNT1	3	0.1340	0.7649
MAPRE3	GALNT1	3	0.0571	0.8241
ACTB	AP1B1	3	0.1829	0.7309
CTNNA1	AP1B1	3	0.0848	0.8007
KRT8	AP1B1	3	0.2252	0.7025
LMNA	AP1B1	3	0.0805	0.8041
MAPRE3	AP1B1	3	0.1095	0.7821
ACTB	CPSF1	3	0.1674	0.7417
CTNNA1	CPSF1	3	0.0121	0.8624
KRT8	CPSF1	3	0.2646	0.6711
LMNA	CPSF1	3	0.1940	0.7239
MAPRE3	CPSF1	3	0.0520	0.8291
ACTB	BST2	3	0.1962	0.7224
CTNNA1	BST2	3	0.0610	0.8207
KRT8	BST2	3	0.2314	0.6980
LMNA	BST2	3	0.1233	0.7720
MAPRE3	BST2	3	0.1078	0.7833
ACTB	SCRN1	3	0.0924	0.7950
CTNNA1	SCRN1	3	0.0429	0.8379
KRT8	SCRN1	3	0.2160	0.7092
LMNA	SCRN1	3	0.0283	0.8513
MAPRE3	SCRN1	3	0.0147	0.8607
ACTB	WASHC5	3	0.2916	0.6451
CTNNA1	WASHC5	3	0.0675	0.8149
KRT8	WASHC5	3	0.2932	0.6432
LMNA	WASHC5	3	0.1498	0.7540
MAPRE3	WASHC5	3	0.1171	0.7763
ACTB	NUP160	3	0.1902	0.7264
CTNNA1	NUP160	3	0.0802	0.8044
KRT8	NUP160	3	0.4021	0.4561
LMNA	NUP160	3	0.2372	0.6932
MAPRE3	NUP160	3	0.1207	0.7737
ACTB	SREBF2	3	0.0329	0.8474
KRT8	SREBF2	3	0.0874	0.7986
LMNA	SREBF2	3	0.0009	0.8730
MAPRE3	SREBF2	3	0.0043	0.8685
ACTB	ARHGEF5	3	0.0215	0.8561
CTNNA1	ARHGEF5	3	0.0006	0.8736
KRT8	ARHGEF5	3	0.0505	0.8305
LMNA	ARHGEF5	3	0.0033	0.8697
MAPRE3	ARHGEF5	3	0.0032	0.8697
ACTB	TBL3	3	0.0895	0.7969
CTNNA1	TBL3	3	0.0200	0.8571
KRT8	TBL3	3	0.1443	0.7581
LMNA	TBL3	3	0.1949	0.7233
MAPRE3	TBL3	3	0.0416	0.8392
ACTB	GTF3C1	3	0.1755	0.7364
CTNNA1	GTF3C1	3	0.0460	0.8351
KRT8	GTF3C1	3	0.2301	0.6990
LMNA	GTF3C1	3	0.2143	0.7104
MAPRE3	GTF3C1	3	0.1160	0.7772
ACTB	TWF1	3	0.2929	0.6437
CTNNA1	TWF1	3	0.0623	0.8195
KRT8	TWF1	3	0.2857	0.6512
LMNA	TWF1	3	0.1345	0.7645
MAPRE3	TWF1	3	0.1501	0.7538
ACTB	ASPH	3	0.1214	0.7733
CTNNA1	ASPH	3	0.0399	0.8409
KRT8	ASPH	3	0.1830	0.7308
LMNA	ASPH	3	0.1451	0.7575
MAPRE3	ASPH	3	0.0403	0.8405
ACTB	TFCP2	3	0.1823	0.7313
CTNNA1	TFCP2	3	0.0378	0.8432
KRT8	TFCP2	3	0.2289	0.6999
LMNA	TFCP2	3	0.0825	0.8024
MAPRE3	TFCP2	3	0.0382	0.8428
ACTB	AKAP13	3	0.3479	0.5630
CTNNA1	AKAP13	3	0.2191	0.7068
KRT8	AKAP13	3	0.3464	0.5652
LMNA	AKAP13	3	0.1455	0.7573
MAPRE3	AKAP13	3	0.3034	0.6324
ACTB	TROAP	3	0.0413	0.8395
CTNNA1	TROAP	3	0.0030	0.8700
KRT8	TROAP	3	0.0800	0.8045
LMNA	TROAP	3	0.0148	0.8606
MAPRE3	TROAP	3	0.1145	0.7785
ACTB	SMARCB1	3	0.2119	0.7120
CTNNA1	SMARCB1	3	0.0490	0.8320
KRT8	SMARCB1	3	0.3031	0.6327
LMNA	SMARCB1	3	0.2272	0.7009
MAPRE3	SMARCB1	3	0.1103	0.7816
ACTB	BPTF	3	0.2403	0.6910
CTNNA1	BPTF	3	0.0517	0.8294
KRT8	BPTF	3	0.2398	0.6914
LMNA	BPTF	3	0.2876	0.6492
MAPRE3	BPTF	3	0.1734	0.7378
ACTB	CDC20	3	0.2133	0.7110
CTNNA1	CDC20	3	0.0510	0.8301
KRT8	CDC20	3	0.3149	0.6177
LMNA	CDC20	3	0.1896	0.7268
MAPRE3	CDC20	3	0.1178	0.7757
ACTB	FSTL1	3	0.2199	0.7064
CTNNA1	FSTL1	3	0.0157	0.8599
KRT8	FSTL1	3	0.1775	0.7348
MAPRE3	FSTL1	3	0.0776	0.8063
ACTB	GRSF1	3	0.1340	0.7649
CTNNA1	GRSF1	3	0.0324	0.8478
KRT8	GRSF1	3	0.4127	0.4408
LMNA	GRSF1	3	0.1460	0.7569
MAPRE3	GRSF1	3	0.0546	0.8268
ACTB	NFIA	3	0.0215	0.8561
CTNNA1	NFIA	3	0.0015	0.8720
KRT8	NFIA	3	0.0272	0.8521
LMNA	NFIA	3	0.1716	0.7389
MAPRE3	NFIA	3	0.0084	0.8649
ACTB	SFSWAP	3	0.1854	0.7295
KRT8	SFSWAP	3	0.1496	0.7541
LMNA	SFSWAP	3	0.1770	0.7353
MAPRE3	SFSWAP	3	0.0621	0.8196
ACTB	CHD3	3	0.1502	0.7537
CTNNA1	CHD3	3	0.0282	0.8514
KRT8	CHD3	3	0.1507	0.7534
LMNA	CHD3	3	0.2804	0.6564
MAPRE3	CHD3	3	0.1625	0.7451
ACTB	SF3A3	3	0.2593	0.6755
CTNNA1	SF3A3	3	0.0754	0.8081
KRT8	SF3A3	3	0.3106	0.6242
LMNA	SF3A3	3	0.1977	0.7213
MAPRE3	SF3A3	3	0.1549	0.7504
ACTB	DPYD	3	0.0589	0.8226
CTNNA1	DPYD	3	0.0173	0.8588
KRT8	DPYD	3	0.0647	0.8174
LMNA	DPYD	3	0.0136	0.8614
MAPRE3	DPYD	3	0.0368	0.8441
ACTB	TP53BP1	3	0.1085	0.7828
CTNNA1	TP53BP1	3	0.0129	0.8619
KRT8	TP53BP1	3	0.0879	0.7982
LMNA	TP53BP1	3	0.2004	0.7197
MAPRE3	TP53BP1	3	0.0171	0.8590
ACTB	IFRD2	3	0.2180	0.7077
CTNNA1	IFRD2	3	0.0442	0.8368
KRT8	IFRD2	3	0.2799	0.6571
LMNA	IFRD2	3	0.1599	0.7471
MAPRE3	IFRD2	3	0.0856	0.8001
ACTB	TRIM26	3	0.2772	0.6601
CTNNA1	TRIM26	3	0.1244	0.7712
KRT8	TRIM26	3	0.3350	0.5864
LMNA	TRIM26	3	0.1749	0.7369
MAPRE3	TRIM26	3	0.1741	0.7375
ACTB	AIMP1	3	0.1946	0.7236
CTNNA1	AIMP1	3	0.0170	0.8591
KRT8	AIMP1	3	0.1624	0.7452
LMNA	AIMP1	3	0.0553	0.8261
MAPRE3	AIMP1	3	0.0739	0.8095
ACTB	ILF2	3	0.2054	0.7165
CTNNA1	ILF2	3	0.0231	0.8551
KRT8	ILF2	3	0.2062	0.7159
LMNA	ILF2	3	0.1558	0.7498
MAPRE3	ILF2	3	0.0773	0.8065
ACTB	ILF3	3	0.1535	0.7514
CTNNA1	ILF3	3	0.1202	0.7741
KRT8	ILF3	3	0.0872	0.7988
LMNA	ILF3	3	0.1962	0.7224
MAPRE3	ILF3	3	0.1106	0.7813
ACTB	PTPRJ	3	0.2693	0.6670
CTNNA1	PTPRJ	3	0.1442	0.7581
KRT8	PTPRJ	3	0.2387	0.6925
LMNA	PTPRJ	3	0.0909	0.7959
MAPRE3	PTPRJ	3	0.1335	0.7653
ACTB	PTPN13	3	0.0430	0.8378
CTNNA1	PTPN13	3	0.0015	0.8720
KRT8	PTPN13	3	0.0755	0.8080
LMNA	PTPN13	3	0.0044	0.8684
MAPRE3	PTPN13	3	0.0043	0.8685
ACTB	EPS8	3	0.1323	0.7661
KRT8	EPS8	3	0.0732	0.8100
LMNA	EPS8	3	0.0007	0.8734
MAPRE3	EPS8	3	0.0289	0.8507
ACTB	TRAP1	3	0.2060	0.7162
CTNNA1	TRAP1	3	0.0444	0.8366
KRT8	TRAP1	3	0.4441	0.3859
LMNA	TRAP1	3	0.1872	0.7284
MAPRE3	TRAP1	3	0.0738	0.8095
ACTB	TRAF2	3	0.1790	0.7337
CTNNA1	TRAF2	3	0.0550	0.8263
KRT8	TRAF2	3	0.4172	0.4345
LMNA	TRAF2	3	0.1084	0.7828
MAPRE3	TRAF2	3	0.0970	0.7915
ACTB	ANK3	3	0.0241	0.8543
CTNNA1	ANK3	3	0.0171	0.8590
KRT8	ANK3	3	0.0279	0.8516
ACTB	DLG1	3	0.2718	0.6647
CTNNA1	DLG1	3	0.1297	0.7679
KRT8	DLG1	3	0.2379	0.6929
LMNA	DLG1	3	0.2083	0.7145
MAPRE3	DLG1	3	0.1765	0.7357
ACTB	TAF10	3	0.0316	0.8485
CTNNA1	TAF10	3	0.0586	0.8229
KRT8	TAF10	3	0.0728	0.8103
LMNA	TAF10	3	0.0478	0.8333
MAPRE3	TAF10	3	0.0078	0.8654
ACTB	MYO1E	3	0.3744	0.5139
CTNNA1	MYO1E	3	0.1453	0.7574
KRT8	MYO1E	3	0.3687	0.5224
LMNA	MYO1E	3	0.2536	0.6805
MAPRE3	MYO1E	3	0.2243	0.7031
ACTB	NFATC3	3	0.0401	0.8407
CTNNA1	NFATC3	3	0.0051	0.8678
KRT8	NFATC3	3	0.1684	0.7411
MAPRE3	NFATC3	3	0.0039	0.8690
ACTB	PPP1R8	3	0.1748	0.7370
CTNNA1	PPP1R8	3	0.0535	0.8278
KRT8	PPP1R8	3	0.1929	0.7247
LMNA	PPP1R8	3	0.1829	0.7309
MAPRE3	PPP1R8	3	0.0956	0.7925
ACTB	ABR	3	0.2762	0.6610
CTNNA1	ABR	3	0.0788	0.8054
KRT8	ABR	3	0.2973	0.6389
LMNA	ABR	3	0.2814	0.6554
MAPRE3	ABR	3	0.1983	0.7208
ACTB	NPRL3	3	0.0380	0.8430
CTNNA1	NPRL3	3	0.0001	0.8748
KRT8	NPRL3	3	0.0832	0.8019
LMNA	NPRL3	3	0.0075	0.8657
MAPRE3	NPRL3	3	0.0046	0.8682
ACTB	BNIP2	3	0.0425	0.8383
CTNNA1	BNIP2	3	0.0031	0.8699
KRT8	BNIP2	3	0.0615	0.8202
LMNA	BNIP2	3	0.0779	0.8060
MAPRE3	BNIP2	3	0.0039	0.8690
ACTB	NFX1	3	0.0537	0.8276
CTNNA1	NFX1	3	0.0197	0.8573
KRT8	NFX1	3	0.0586	0.8229
LMNA	NFX1	3	0.0126	0.8621
MAPRE3	NFX1	3	0.0524	0.8288
ACTB	CSTF3	3	0.1074	0.7836
CTNNA1	CSTF3	3	0.0563	0.8250
KRT8	CSTF3	3	0.1374	0.7626
LMNA	CSTF3	3	0.1633	0.7445
MAPRE3	CSTF3	3	0.0675	0.8149
ACTB	MLLT11	3	0.2166	0.7087
CTNNA1	MLLT11	3	0.0021	0.8711
KRT8	MLLT11	3	0.1023	0.7876
LMNA	MLLT11	3	0.0141	0.8610
ACTB	ARHGAP5	3	0.0692	0.8134
CTNNA1	ARHGAP5	3	0.0027	0.8703
KRT8	ARHGAP5	3	0.0601	0.8216
LMNA	ARHGAP5	3	0.0187	0.8579
MAPRE3	ARHGAP5	3	0.0049	0.8679
ACTB	PRDM2	3	0.0109	0.8632
KRT8	PRDM2	3	0.0010	0.8728
LMNA	PRDM2	3	0.0805	0.8041
MAPRE3	PRDM2	3	0.0187	0.8579
ACTB	STRN3	3	0.2674	0.6686
CTNNA1	STRN3	3	0.1010	0.7885
KRT8	STRN3	3	0.2842	0.6525
LMNA	STRN3	3	0.1508	0.7534
MAPRE3	STRN3	3	0.1464	0.7566
ACTB	CDC16	3	0.2368	0.6935
CTNNA1	CDC16	3	0.0641	0.8178
KRT8	CDC16	3	0.3669	0.5263
LMNA	CDC16	3	0.2519	0.6819
MAPRE3	CDC16	3	0.2203	0.7061
ACTB	STK4	3	0.0473	0.8338
CTNNA1	STK4	3	0.0150	0.8605
KRT8	STK4	3	0.0705	0.8122
LMNA	STK4	3	0.0182	0.8582
MAPRE3	STK4	3	0.0061	0.8669
ACTB	FLII	3	0.3499	0.5589
CTNNA1	FLII	3	0.0887	0.7975
KRT8	FLII	3	0.2665	0.6695
LMNA	FLII	3	0.1436	0.7585
MAPRE3	FLII	3	0.1629	0.7448
ACTB	TRIM32	3	0.2049	0.7169
CTNNA1	TRIM32	3	0.0718	0.8112
KRT8	TRIM32	3	0.3841	0.4953
LMNA	TRIM32	3	0.1606	0.7465
MAPRE3	TRIM32	3	0.1187	0.7752
ACTB	COASY	3	0.0800	0.8045
CTNNA1	COASY	3	0.0403	0.8405
KRT8	COASY	3	0.1164	0.7768
LMNA	COASY	3	0.0885	0.7977
MAPRE3	COASY	3	0.0395	0.8413
ACTB	ACACA	3	0.0313	0.8488
CTNNA1	ACACA	3	0.0610	0.8207
KRT8	ACACA	3	0.0467	0.8344
LMNA	ACACA	3	0.0580	0.8234
MAPRE3	ACACA	3	0.0376	0.8434
ACTB	GPS1	3	0.1391	0.7615
CTNNA1	GPS1	3	0.0224	0.8555
KRT8	GPS1	3	0.1773	0.7350
LMNA	GPS1	3	0.0775	0.8064
MAPRE3	GPS1	3	0.0515	0.8296
ACTB	USP4	3	0.1999	0.7199
CTNNA1	USP4	3	0.0480	0.8331
KRT8	USP4	3	0.2968	0.6396
LMNA	USP4	3	0.1983	0.7208
MAPRE3	USP4	3	0.1067	0.7841
ACTB	CHAF1A	3	0.1752	0.7367
CTNNA1	CHAF1A	3	0.0508	0.8303
KRT8	CHAF1A	3	0.1983	0.7208
LMNA	CHAF1A	3	0.2579	0.6766
MAPRE3	CHAF1A	3	0.0608	0.8209
ACTB	CHAF1B	3	0.0913	0.7957
CTNNA1	CHAF1B	3	0.0146	0.8607
KRT8	CHAF1B	3	0.1623	0.7452
LMNA	CHAF1B	3	0.1731	0.7380
MAPRE3	CHAF1B	3	0.0356	0.8451
ACTB	KLF10	3	0.1342	0.7648
CTNNA1	KLF10	3	0.0003	0.8743
KRT8	KLF10	3	0.0489	0.8322
LMNA	KLF10	3	0.1442	0.7581
MAPRE3	KLF10	3	0.0480	0.8331
ACTB	IK	3	0.1968	0.7220
CTNNA1	IK	3	0.0690	0.8136
KRT8	IK	3	0.1928	0.7247
LMNA	IK	3	0.3196	0.6110
MAPRE3	IK	3	0.1837	0.7304
ACTB	MTAP	3	0.0837	0.8015
CTNNA1	MTAP	3	0.0253	0.8535
KRT8	MTAP	3	0.1083	0.7830
LMNA	MTAP	3	0.0670	0.8153
MAPRE3	MTAP	3	0.0191	0.8577
ACTB	RLF	3	0.0252	0.8535
CTNNA1	RLF	3	0.0000	0.8752
KRT8	RLF	3	0.0029	0.8701
LMNA	RLF	3	0.0193	0.8576
MAPRE3	RLF	3	0.0002	0.8745
ACTB	PRKAA1	3	0.2679	0.6681
CTNNA1	PRKAA1	3	0.0565	0.8248
KRT8	PRKAA1	3	0.2974	0.6387
LMNA	PRKAA1	3	0.2127	0.7115
MAPRE3	PRKAA1	3	0.1826	0.7311
ACTB	PPFIA1	3	0.2556	0.6786
CTNNA1	PPFIA1	3	0.1327	0.7659
KRT8	PPFIA1	3	0.3618	0.5372
LMNA	PPFIA1	3	0.1200	0.7743
MAPRE3	PPFIA1	3	0.1719	0.7388
ACTB	CALCOCO2	3	0.1871	0.7285
CTNNA1	CALCOCO2	3	0.0468	0.8343
KRT8	CALCOCO2	3	0.2162	0.7091
LMNA	CALCOCO2	3	0.0916	0.7955
MAPRE3	CALCOCO2	3	0.0283	0.8513
ACTB	EIF2B5	3	0.2244	0.7030
CTNNA1	EIF2B5	3	0.0584	0.8231
KRT8	EIF2B5	3	0.2220	0.7048
LMNA	EIF2B5	3	0.0690	0.8136
MAPRE3	EIF2B5	3	0.0952	0.7928
ACTB	TARDBP	3	0.1669	0.7421
CTNNA1	TARDBP	3	0.0239	0.8545
KRT8	TARDBP	3	0.2096	0.7138
LMNA	TARDBP	3	0.2167	0.7086
MAPRE3	TARDBP	3	0.0594	0.8222
ACTB	HNRNPA0	3	0.1477	0.7556
CTNNA1	HNRNPA0	3	0.0298	0.8500
KRT8	HNRNPA0	3	0.1439	0.7583
LMNA	HNRNPA0	3	0.1934	0.7243
MAPRE3	HNRNPA0	3	0.0466	0.8345
ACTB	AIMP2	3	0.2357	0.6943
CTNNA1	AIMP2	3	0.0391	0.8418
KRT8	AIMP2	3	0.2476	0.6853
LMNA	AIMP2	3	0.0902	0.7964
MAPRE3	AIMP2	3	0.0913	0.7957
ACTB	PRDX4	3	0.2402	0.6911
CTNNA1	PRDX4	3	0.0377	0.8433
KRT8	PRDX4	3	0.2464	0.6863
LMNA	PRDX4	3	0.1699	0.7401
MAPRE3	PRDX4	3	0.0974	0.7911
ACTB	PAK2	3	0.3128	0.6212
CTNNA1	PAK2	3	0.0989	0.7899
KRT8	PAK2	3	0.3320	0.5931
LMNA	PAK2	3	0.2191	0.7068
MAPRE3	PAK2	3	0.2236	0.7036
ACTB	CBX3	3	0.1169	0.7764
CTNNA1	CBX3	3	0.0220	0.8557
KRT8	CBX3	3	0.1056	0.7850
LMNA	CBX3	3	0.1474	0.7559
MAPRE3	CBX3	3	0.0542	0.8272
ACTB	STK3	3	0.2146	0.7102
CTNNA1	STK3	3	0.0385	0.8425
KRT8	STK3	3	0.2826	0.6540
LMNA	STK3	3	0.0619	0.8198
MAPRE3	STK3	3	0.1092	0.7823
ACTB	STX5	3	0.2514	0.6823
CTNNA1	STX5	3	0.0905	0.7962
KRT8	STX5	3	0.2522	0.6816
LMNA	STX5	3	0.3587	0.5445
MAPRE3	STX5	3	0.1726	0.7384
ACTB	CBLB	3	0.3841	0.4953
CTNNA1	CBLB	3	0.1502	0.7537
KRT8	CBLB	3	0.3973	0.4678
LMNA	CBLB	3	0.2404	0.6909
MAPRE3	CBLB	3	0.3126	0.6214
ACTB	PSMD2	3	0.2152	0.7098
CTNNA1	PSMD2	3	0.0504	0.8307
KRT8	PSMD2	3	0.2958	0.6407
LMNA	PSMD2	3	0.0853	0.8002
MAPRE3	PSMD2	3	0.0859	0.7998
ACTB	DDX10	3	0.2542	0.6800
CTNNA1	DDX10	3	0.0862	0.7996
KRT8	DDX10	3	0.2635	0.6720
LMNA	DDX10	3	0.2678	0.6682
MAPRE3	DDX10	3	0.1634	0.7445
ACTB	SELENBP1	3	0.0462	0.8349
CTNNA1	SELENBP1	3	0.0404	0.8404
KRT8	SELENBP1	3	0.0434	0.8374
LMNA	SELENBP1	3	0.0606	0.8211
MAPRE3	SELENBP1	3	0.0182	0.8582
ACTB	NME3	3	0.2944	0.6422
CTNNA1	NME3	3	0.1049	0.7855
KRT8	NME3	3	0.3269	0.6005
LMNA	NME3	3	0.2917	0.6450
MAPRE3	NME3	3	0.1656	0.7429
ACTB	MAP3K1	3	0.1113	0.7808
CTNNA1	MAP3K1	3	0.0043	0.8685
KRT8	MAP3K1	3	0.0918	0.7953
MAPRE3	MAP3K1	3	0.0336	0.8468
ACTB	SRSF9	3	0.1051	0.7853
CTNNA1	SRSF9	3	0.0283	0.8513
KRT8	SRSF9	3	0.1077	0.7833
LMNA	SRSF9	3	0.1048	0.7856
MAPRE3	SRSF9	3	0.0235	0.8548
ACTB	SRSF5	3	0.0758	0.8077
CTNNA1	SRSF5	3	0.0406	0.8402
KRT8	SRSF5	3	0.0784	0.8056
LMNA	SRSF5	3	0.0666	0.8156
MAPRE3	SRSF5	3	0.0361	0.8447
ACTB	TRIM28	3	0.1101	0.7818
CTNNA1	TRIM28	3	0.0207	0.8567
KRT8	TRIM28	3	0.0778	0.8062
LMNA	TRIM28	3	0.2492	0.6842
MAPRE3	TRIM28	3	0.0452	0.8358
ACTB	G3BP1	3	0.2627	0.6726
CTNNA1	G3BP1	3	0.0788	0.8054
KRT8	G3BP1	3	0.2665	0.6695
LMNA	G3BP1	3	0.1316	0.7666
MAPRE3	G3BP1	3	0.2668	0.6692
ACTB	CLN3	3	0.0812	0.8035
KRT8	CLN3	3	0.2467	0.6861
LMNA	CLN3	3	0.0566	0.8247
MAPRE3	CLN3	3	0.0313	0.8488
ACTB	SKP2	3	0.2619	0.6732
CTNNA1	SKP2	3	0.0844	0.8010
KRT8	SKP2	3	0.2945	0.6420
LMNA	SKP2	3	0.2611	0.6741
MAPRE3	SKP2	3	0.2079	0.7148
ACTB	PABPC4	3	0.2098	0.7136
CTNNA1	PABPC4	3	0.0423	0.8385
KRT8	PABPC4	3	0.2592	0.6756
LMNA	PABPC4	3	0.0717	0.8113
MAPRE3	PABPC4	3	0.1391	0.7615
ACTB	ATM	3	0.0381	0.8429
CTNNA1	ATM	3	0.0002	0.8745
KRT8	ATM	3	0.0732	0.8100
LMNA	ATM	3	0.0307	0.8493
MAPRE3	ATM	3	0.0030	0.8700
ACTB	IFIT5	3	0.2635	0.6720
CTNNA1	IFIT5	3	0.0998	0.7893
KRT8	IFIT5	3	0.2569	0.6773
LMNA	IFIT5	3	0.0745	0.8091
MAPRE3	IFIT5	3	0.1880	0.7278
ACTB	MTA1	3	0.1572	0.7488
CTNNA1	MTA1	3	0.0319	0.8483
KRT8	MTA1	3	0.2009	0.7194
LMNA	MTA1	3	0.2441	0.6881
MAPRE3	MTA1	3	0.0804	0.8042
ACTB	PPIL2	3	0.2189	0.7070
CTNNA1	PPIL2	3	0.1131	0.7794
KRT8	PPIL2	3	0.2412	0.6903
LMNA	PPIL2	3	0.3641	0.5341
MAPRE3	PPIL2	3	0.1947	0.7234
ACTB	PPP2R5C	3	0.2099	0.7135
CTNNA1	PPP2R5C	3	0.0501	0.8309
KRT8	PPP2R5C	3	0.2414	0.6901
LMNA	PPP2R5C	3	0.2400	0.6913
MAPRE3	PPP2R5C	3	0.1272	0.7694
ACTB	CTBP1	3	0.2360	0.6942
CTNNA1	CTBP1	3	0.0550	0.8263
KRT8	CTBP1	3	0.1216	0.7732
LMNA	CTBP1	3	0.1215	0.7732
ACTB	PDE3B	3	0.2206	0.7059
CTNNA1	PDE3B	3	0.0240	0.8544
KRT8	PDE3B	3	0.2488	0.6846
LMNA	PDE3B	3	0.1421	0.7596
MAPRE3	PDE3B	3	0.1363	0.7633
ACTB	PDCL	3	0.2719	0.6645
CTNNA1	PDCL	3	0.0488	0.8323
KRT8	PDCL	3	0.2585	0.6762
LMNA	PDCL	3	0.0745	0.8091
MAPRE3	PDCL	3	0.0908	0.7960
ACTB	PLD1	3	0.0365	0.8444
CTNNA1	PLD1	3	0.0011	0.8726
KRT8	PLD1	3	0.0395	0.8413
LMNA	PLD1	3	0.0029	0.8701
MAPRE3	PLD1	3	0.0016	0.8718
ACTB	TARBP1	3	0.0585	0.8229
KRT8	TARBP1	3	0.0569	0.8244
LMNA	TARBP1	3	0.0085	0.8648
MAPRE3	TARBP1	3	0.0154	0.8601
ACTB	UBE2V1	3	0.1219	0.7729
CTNNA1	UBE2V1	3	0.0272	0.8521
KRT8	UBE2V1	3	0.1596	0.7473
LMNA	UBE2V1	3	0.0674	0.8150
MAPRE3	UBE2V1	3	0.0395	0.8413
ACTB	DYNC1I2	3	0.0464	0.8347
CTNNA1	DYNC1I2	3	0.0043	0.8685
KRT8	DYNC1I2	3	0.0755	0.8080
LMNA	DYNC1I2	3	0.0091	0.8643
MAPRE3	DYNC1I2	3	0.0048	0.8680
ACTB	ORC1	3	0.1200	0.7743
CTNNA1	ORC1	3	0.0295	0.8502
KRT8	ORC1	3	0.2076	0.7150
LMNA	ORC1	3	0.1531	0.7517
MAPRE3	ORC1	3	0.0904	0.7963
ACTB	ORC2	3	0.2289	0.6999
CTNNA1	ORC2	3	0.1493	0.7543
KRT8	ORC2	3	0.2472	0.6856
LMNA	ORC2	3	0.3210	0.6084
MAPRE3	ORC2	3	0.1223	0.7727
ACTB	ILK	3	0.1476	0.7557
CTNNA1	ILK	3	0.0501	0.8309
KRT8	ILK	3	0.1799	0.7330
LMNA	ILK	3	0.0828	0.8022
MAPRE3	ILK	3	0.0858	0.7999
ACTB	NNT	3	0.1479	0.7555
CTNNA1	NNT	3	0.0363	0.8446
KRT8	NNT	3	0.2434	0.6885
LMNA	NNT	3	0.1511	0.7532
MAPRE3	NNT	3	0.0740	0.8094
ACTB	SNTB2	3	0.2312	0.6981
CTNNA1	SNTB2	3	0.0767	0.8071
KRT8	SNTB2	3	0.2233	0.7039
LMNA	SNTB2	3	0.1157	0.7775
MAPRE3	SNTB2	3	0.1007	0.7888
ACTB	PPIG	3	0.0879	0.7982
CTNNA1	PPIG	3	0.0238	0.8546
KRT8	PPIG	3	0.1344	0.7646
LMNA	PPIG	3	0.1496	0.7541
MAPRE3	PPIG	3	0.0526	0.8286
ACTB	TCOF1	3	0.1578	0.7484
CTNNA1	TCOF1	3	0.0245	0.8541
KRT8	TCOF1	3	0.1035	0.7866
LMNA	TCOF1	3	0.2061	0.7161
MAPRE3	TCOF1	3	0.0999	0.7892
ACTB	SF3B2	3	0.2331	0.6966
CTNNA1	SF3B2	3	0.0331	0.8472
KRT8	SF3B2	3	0.2109	0.7127
LMNA	SF3B2	3	0.2654	0.6703
MAPRE3	SF3B2	3	0.1587	0.7478
ACTB	GOLGA4	3	0.2971	0.6392
CTNNA1	GOLGA4	3	0.1801	0.7328
KRT8	GOLGA4	3	0.2970	0.6393
LMNA	GOLGA4	3	0.1190	0.7749
MAPRE3	GOLGA4	3	0.2244	0.7030
ACTB	PDAP1	3	0.3557	0.5487
CTNNA1	PDAP1	3	0.1322	0.7662
KRT8	PDAP1	3	0.3610	0.5393
LMNA	PDAP1	3	0.2172	0.7082
MAPRE3	PDAP1	3	0.3418	0.5746
ACTB	TMED1	3	0.0290	0.8507
CTNNA1	TMED1	3	0.1084	0.7828
KRT8	TMED1	3	0.0256	0.8532
LMNA	TMED1	3	0.0598	0.8218
MAPRE3	TMED1	3	0.0057	0.8672
ACTB	MYO9B	3	0.2896	0.6471
CTNNA1	MYO9B	3	0.0703	0.8124
KRT8	MYO9B	3	0.2739	0.6628
LMNA	MYO9B	3	0.0984	0.7903
MAPRE3	MYO9B	3	0.1571	0.7489
ACTB	ROCK1	3	0.1099	0.7819
CTNNA1	ROCK1	3	0.0063	0.8666
KRT8	ROCK1	3	0.0949	0.7930
LMNA	ROCK1	3	0.0356	0.8451
MAPRE3	ROCK1	3	0.0182	0.8582
ACTB	TNK1	3	0.3066	0.6287
CTNNA1	TNK1	3	0.1502	0.7537
KRT8	TNK1	3	0.3514	0.5566
LMNA	TNK1	3	0.2505	0.6832
MAPRE3	TNK1	3	0.2612	0.6739
ACTB	TOP3A	3	0.2969	0.6394
CTNNA1	TOP3A	3	0.0090	0.8644
KRT8	TOP3A	3	0.3002	0.6360
LMNA	TOP3A	3	0.3000	0.6361
MAPRE3	TOP3A	3	0.3607	0.5405
ACTB	GAB1	3	0.0144	0.8608
CTNNA1	GAB1	3	0.0002	0.8745
KRT8	GAB1	3	0.0354	0.8453
LMNA	GAB1	3	0.0011	0.8726
MAPRE3	GAB1	3	0.0002	0.8745
ACTB	PICALM	3	0.2609	0.6743
CTNNA1	PICALM	3	0.1488	0.7547
KRT8	PICALM	3	0.3140	0.6194
LMNA	PICALM	3	0.1107	0.7813
MAPRE3	PICALM	3	0.1780	0.7344
ACTB	MAMLD1	3	0.0253	0.8535
CTNNA1	MAMLD1	3	0.0001	0.8748
KRT8	MAMLD1	3	0.0232	0.8551
LMNA	MAMLD1	3	0.0393	0.8416
MAPRE3	MAMLD1	3	0.0014	0.8722
ACTB	SQSTM1	3	0.2746	0.6622
CTNNA1	SQSTM1	3	0.1019	0.7879
KRT8	SQSTM1	3	0.2913	0.6454
LMNA	SQSTM1	3	0.1470	0.7561
MAPRE3	SQSTM1	3	0.2502	0.6834
ACTB	NAB1	3	0.1918	0.7254
CTNNA1	NAB1	3	0.0726	0.8105
KRT8	NAB1	3	0.2029	0.7182
LMNA	NAB1	3	0.3029	0.6330
MAPRE3	NAB1	3	0.1811	0.7322
ACTB	TUBB3	3	0.1334	0.7654
CTNNA1	TUBB3	3	0.0249	0.8538
KRT8	TUBB3	3	0.2354	0.6946
LMNA	TUBB3	3	0.0836	0.8016
MAPRE3	TUBB3	3	0.0502	0.8309
ACTB	PRPF4B	3	0.1267	0.7697
CTNNA1	PRPF4B	3	0.0058	0.8671
KRT8	PRPF4B	3	0.1515	0.7529
LMNA	PRPF4B	3	0.1538	0.7512
MAPRE3	PRPF4B	3	0.0695	0.8132
ACTB	PIN1	3	0.1033	0.7868
CTNNA1	PIN1	3	0.0245	0.8541
KRT8	PIN1	3	0.0960	0.7922
LMNA	PIN1	3	0.1189	0.7750
MAPRE3	PIN1	3	0.0370	0.8440
ACTB	ATR	3	0.0331	0.8472
CTNNA1	ATR	3	0.0012	0.8725
KRT8	ATR	3	0.0605	0.8212
LMNA	ATR	3	0.0303	0.8496
MAPRE3	ATR	3	0.0014	0.8722
ACTB	EIF4EBP1	3	0.0554	0.8260
CTNNA1	EIF4EBP1	3	0.0410	0.8398
KRT8	EIF4EBP1	3	0.1490	0.7546
LMNA	EIF4EBP1	3	0.0665	0.8157
MAPRE3	EIF4EBP1	3	0.0138	0.8613
ACTB	RIPK1	3	0.1897	0.7267
CTNNA1	RIPK1	3	0.0495	0.8316
KRT8	RIPK1	3	0.2651	0.6706
LMNA	RIPK1	3	0.1245	0.7712
MAPRE3	RIPK1	3	0.0817	0.8031
ACTB	HDAC1	3	0.0926	0.7948
CTNNA1	HDAC1	3	0.0197	0.8573
KRT8	HDAC1	3	0.1712	0.7393
LMNA	HDAC1	3	0.1846	0.7299
MAPRE3	HDAC1	3	0.0306	0.8494
ACTB	CAMK2B	3	0.3274	0.6001
CTNNA1	CAMK2B	3	0.1239	0.7716
KRT8	CAMK2B	3	0.3609	0.5397
LMNA	CAMK2B	3	0.2540	0.6802
MAPRE3	CAMK2B	3	0.2340	0.6958
ACTB	CAMK2G	3	0.3126	0.6214
CTNNA1	CAMK2G	3	0.1146	0.7784
KRT8	CAMK2G	3	0.3333	0.5889
LMNA	CAMK2G	3	0.2340	0.6958
MAPRE3	CAMK2G	3	0.2209	0.7056
ACTB	CAMK2D	3	0.3049	0.6305
CTNNA1	CAMK2D	3	0.1102	0.7817
KRT8	CAMK2D	3	0.3361	0.5842
LMNA	CAMK2D	3	0.2433	0.6886
MAPRE3	CAMK2D	3	0.2195	0.7066
ACTB	DCTN2	3	0.2533	0.6808
CTNNA1	DCTN2	3	0.0993	0.7896
KRT8	DCTN2	3	0.2642	0.6714
LMNA	DCTN2	3	0.1259	0.7702
MAPRE3	DCTN2	3	0.1640	0.7440
ACTB	NAE1	3	0.1352	0.7641
CTNNA1	NAE1	3	0.0224	0.8555
KRT8	NAE1	3	0.2591	0.6756
LMNA	NAE1	3	0.1491	0.7546
MAPRE3	NAE1	3	0.0553	0.8261
ACTB	ITPK1	3	0.1475	0.7558
CTNNA1	ITPK1	3	0.0476	0.8336
KRT8	ITPK1	3	0.2016	0.7190
LMNA	ITPK1	3	0.1037	0.7864
MAPRE3	ITPK1	3	0.0563	0.8250
ACTB	SNW1	3	0.1916	0.7255
CTNNA1	SNW1	3	0.0657	0.8164
KRT8	SNW1	3	0.1750	0.7368
LMNA	SNW1	3	0.3149	0.6177
MAPRE3	SNW1	3	0.2162	0.7091
ACTB	DGKZ	3	0.0349	0.8457
KRT8	DGKZ	3	0.0325	0.8478
LMNA	DGKZ	3	0.0143	0.8609
MAPRE3	DGKZ	3	0.0060	0.8670
ACTB	IQGAP2	3	0.2758	0.6614
CTNNA1	IQGAP2	3	0.0875	0.7986
KRT8	IQGAP2	3	0.2967	0.6396
LMNA	IQGAP2	3	0.1457	0.7571
MAPRE3	IQGAP2	3	0.1135	0.7791
ACTB	STIM1	3	0.3262	0.6018
CTNNA1	STIM1	3	0.1194	0.7746
KRT8	STIM1	3	0.3222	0.6069
LMNA	STIM1	3	0.2155	0.7095
MAPRE3	STIM1	3	0.3306	0.5949
ACTB	TRA2A	3	0.1369	0.7629
CTNNA1	TRA2A	3	0.0177	0.8585
KRT8	TRA2A	3	0.1352	0.7641
LMNA	TRA2A	3	0.1748	0.7370
MAPRE3	TRA2A	3	0.0597	0.8219
ACTB	SNX1	3	0.1615	0.7458
CTNNA1	SNX1	3	0.0365	0.8444
KRT8	SNX1	3	0.1516	0.7528
LMNA	SNX1	3	0.0546	0.8268
MAPRE3	SNX1	3	0.0509	0.8302
ACTB	PEX6	3	0.0534	0.8279
CTNNA1	PEX6	3	0.0004	0.8740
KRT8	PEX6	3	0.0761	0.8074
LMNA	PEX6	3	0.0013	0.8724
MAPRE3	PEX6	3	0.0141	0.8610
ACTB	MTMR1	3	0.2370	0.6933
CTNNA1	MTMR1	3	0.0561	0.8252
KRT8	MTMR1	3	0.2591	0.6756
LMNA	MTMR1	3	0.1709	0.7394
MAPRE3	MTMR1	3	0.1029	0.7872
ACTB	MTMR2	3	0.2105	0.7129
CTNNA1	MTMR2	3	0.0317	0.8484
KRT8	MTMR2	3	0.2752	0.6617
LMNA	MTMR2	3	0.1049	0.7855
MAPRE3	MTMR2	3	0.0760	0.8075
ACTB	MTMR3	3	0.0402	0.8406
CTNNA1	MTMR3	3	0.0001	0.8748
KRT8	MTMR3	3	0.0532	0.8281
LMNA	MTMR3	3	0.0008	0.8732
ACTB	CUL1	3	0.2109	0.7127
CTNNA1	CUL1	3	0.0262	0.8528
KRT8	CUL1	3	0.3338	0.5879
LMNA	CUL1	3	0.1828	0.7310
MAPRE3	CUL1	3	0.1011	0.7884
ACTB	CUL2	3	0.1163	0.7769
CTNNA1	CUL2	3	0.0016	0.8718
KRT8	CUL2	3	0.1545	0.7507
LMNA	CUL2	3	0.1078	0.7833
MAPRE3	CUL2	3	0.0313	0.8488
ACTB	CUL3	3	0.2252	0.7025
CTNNA1	CUL3	3	0.0361	0.8447
KRT8	CUL3	3	0.2802	0.6567
LMNA	CUL3	3	0.2148	0.7101
MAPRE3	CUL3	3	0.1334	0.7654
ACTB	CUL4A	3	0.2606	0.6745
CTNNA1	CUL4A	3	0.0761	0.8074
KRT8	CUL4A	3	0.3243	0.6043
LMNA	CUL4A	3	0.2769	0.6604
MAPRE3	CUL4A	3	0.1796	0.7332
ACTB	CUL4B	3	0.2491	0.6842
CTNNA1	CUL4B	3	0.0589	0.8226
KRT8	CUL4B	3	0.2785	0.6587
LMNA	CUL4B	3	0.2591	0.6756
MAPRE3	CUL4B	3	0.1616	0.7457
ACTB	TP53BP2	3	0.4103	0.4435
CTNNA1	TP53BP2	3	0.2805	0.6562
KRT8	TP53BP2	3	0.4132	0.4401
LMNA	TP53BP2	3	0.1278	0.7690
MAPRE3	TP53BP2	3	0.3879	0.4853
ACTB	DYRK1A	3	0.1721	0.7387
CTNNA1	DYRK1A	3	0.0269	0.8523
KRT8	DYRK1A	3	0.1970	0.7218
LMNA	DYRK1A	3	0.1183	0.7754
MAPRE3	DYRK1A	3	0.1757	0.7362
ACTB	RAB32	3	0.0791	0.8052
CTNNA1	RAB32	3	0.0495	0.8316
KRT8	RAB32	3	0.0975	0.7910
LMNA	RAB32	3	0.1405	0.7606
MAPRE3	RAB32	3	0.1237	0.7718
ACTB	FHL1	3	0.2595	0.6753
CTNNA1	FHL1	3	0.0274	0.8520
KRT8	FHL1	3	0.2993	0.6370
LMNA	FHL1	3	0.2181	0.7076
MAPRE3	FHL1	3	0.1323	0.7661
ACTB	FHL3	3	0.1380	0.7623
CTNNA1	FHL3	3	0.0312	0.8489
KRT8	FHL3	3	0.1249	0.7709
LMNA	FHL3	3	0.1103	0.7816
MAPRE3	FHL3	3	0.0425	0.8383
ACTB	RIN1	3	0.2916	0.6451
CTNNA1	RIN1	3	0.0505	0.8305
KRT8	RIN1	3	0.3385	0.5805
LMNA	RIN1	3	0.2217	0.7050
MAPRE3	RIN1	3	0.1988	0.7205
ACTB	THOC5	3	0.0653	0.8168
CTNNA1	THOC5	3	0.0565	0.8248
KRT8	THOC5	3	0.0758	0.8077
LMNA	THOC5	3	0.0573	0.8240
MAPRE3	THOC5	3	0.0343	0.8463
ACTB	NCOA4	3	0.2856	0.6513
CTNNA1	NCOA4	3	0.0913	0.7957
KRT8	NCOA4	3	0.2491	0.6842
LMNA	NCOA4	3	0.0967	0.7918
MAPRE3	NCOA4	3	0.1256	0.7704
ACTB	SPTAN1	3	0.3105	0.6244
CTNNA1	SPTAN1	3	0.1983	0.7208
KRT8	SPTAN1	3	0.2731	0.6635
LMNA	SPTAN1	3	0.1059	0.7848
MAPRE3	SPTAN1	3	0.1973	0.7216
ACTB	GNL2	3	0.1913	0.7256
CTNNA1	GNL2	3	0.0198	0.8572
KRT8	GNL2	3	0.1836	0.7304
LMNA	GNL2	3	0.2443	0.6880
MAPRE3	GNL2	3	0.0937	0.7940
ACTB	PKP1	3	0.2291	0.6997
CTNNA1	PKP1	3	0.0655	0.8166
KRT8	PKP1	3	0.0570	0.8242
LMNA	PKP1	3	0.1482	0.7552
MAPRE3	PKP1	3	0.0677	0.8147
ACTB	DDX39B	3	0.1250	0.7708
CTNNA1	DDX39B	3	0.0351	0.8455
KRT8	DDX39B	3	0.3213	0.6081
LMNA	DDX39B	3	0.2512	0.6826
MAPRE3	DDX39B	3	0.0489	0.8322
ACTB	BLMH	3	0.2235	0.7037
CTNNA1	BLMH	3	0.0451	0.8359
KRT8	BLMH	3	0.1524	0.7522
LMNA	BLMH	3	0.1586	0.7478
MAPRE3	BLMH	3	0.0310	0.8490
ACTB	EXOSC2	3	0.1032	0.7868
KRT8	EXOSC2	3	0.1465	0.7565
LMNA	EXOSC2	3	0.0909	0.7959
MAPRE3	EXOSC2	3	0.1077	0.7833
ACTB	BMPR2	3	0.0648	0.8173
CTNNA1	BMPR2	3	0.0338	0.8466
KRT8	BMPR2	3	0.0343	0.8463
MAPRE3	BMPR2	3	0.0150	0.8605
ACTB	TUBB2A	3	0.1510	0.7533
CTNNA1	TUBB2A	3	0.0267	0.8524
KRT8	TUBB2A	3	0.2192	0.7068
LMNA	TUBB2A	3	0.0724	0.8106
MAPRE3	TUBB2A	3	0.0401	0.8407
ACTB	KLF5	3	0.0208	0.8566
CTNNA1	KLF5	3	0.0250	0.8537
KRT8	KLF5	3	0.0656	0.8165
LMNA	KLF5	3	0.1293	0.7682
MAPRE3	KLF5	3	0.0235	0.8548
ACTB	GTF2H2;GTF2H2C	3	0.1522	0.7523
CTNNA1	GTF2H2;GTF2H2C	3	0.0677	0.8147
KRT8	GTF2H2;GTF2H2C	3	0.2615	0.6736
LMNA	GTF2H2;GTF2H2C	3	0.4048	0.4512
MAPRE3	GTF2H2;GTF2H2C	3	0.0800	0.8045
ACTB	BYSL	3	0.0063	0.8666
KRT8	BYSL	3	0.0062	0.8667
LMNA	BYSL	3	0.0279	0.8516
MAPRE3	BYSL	3	0.0005	0.8738
ACTB	RAPGEF1	3	0.0563	0.8250
CTNNA1	RAPGEF1	3	0.0002	0.8745
KRT8	RAPGEF1	3	0.0712	0.8117
LMNA	RAPGEF1	3	0.0032	0.8697
MAPRE3	RAPGEF1	3	0.0081	0.8652
ACTB	IDI1	3	0.1785	0.7341
CTNNA1	IDI1	3	0.0632	0.8186
KRT8	IDI1	3	0.1109	0.7811
LMNA	IDI1	3	0.0991	0.7898
MAPRE3	IDI1	3	0.0536	0.8277
ACTB	CDK13	3	0.1901	0.7265
CTNNA1	CDK13	3	0.0320	0.8481
KRT8	CDK13	3	0.1442	0.7581
LMNA	CDK13	3	0.2355	0.6945
MAPRE3	CDK13	3	0.1000	0.7892
ACTB	CKAP5	3	0.2771	0.6602
CTNNA1	CKAP5	3	0.1296	0.7680
KRT8	CKAP5	3	0.2863	0.6504
LMNA	CKAP5	3	0.1392	0.7614
MAPRE3	CKAP5	3	0.3777	0.5081
ACTB	CAMK1	3	0.1160	0.7772
CTNNA1	CAMK1	3	0.0283	0.8513
KRT8	CAMK1	3	0.1096	0.7821
LMNA	CAMK1	3	0.0464	0.8347
MAPRE3	CAMK1	3	0.0346	0.8460
ACTB	COTL1	3	0.1239	0.7716
CTNNA1	COTL1	3	0.0567	0.8246
KRT8	COTL1	3	0.2170	0.7083
LMNA	COTL1	3	0.1816	0.7318
MAPRE3	COTL1	3	0.0746	0.8089
ACTB	COX17	3	0.0809	0.8038
CTNNA1	COX17	3	0.0326	0.8477
KRT8	COX17	3	0.0884	0.7978
LMNA	COX17	3	0.0715	0.8115
MAPRE3	COX17	3	0.0190	0.8577
ACTB	HNRNPD	3	0.0886	0.7976
CTNNA1	HNRNPD	3	0.0389	0.8420
KRT8	HNRNPD	3	0.1042	0.7860
LMNA	HNRNPD	3	0.0738	0.8095
MAPRE3	HNRNPD	3	0.0282	0.8514
ACTB	TOB2	3	0.0682	0.8142
CTNNA1	TOB2	3	0.0004	0.8740
KRT8	TOB2	3	0.0481	0.8330
LMNA	TOB2	3	0.0024	0.8706
MAPRE3	TOB2	3	0.0063	0.8666
ACTB	IL18	3	0.0880	0.7982
CTNNA1	IL18	3	0.0567	0.8246
KRT8	IL18	3	0.1013	0.7883
LMNA	IL18	3	0.0698	0.8129
MAPRE3	IL18	3	0.0390	0.8419
ACTB	DSG2	3	0.3035	0.6323
CTNNA1	DSG2	3	0.2217	0.7050
KRT8	DSG2	3	0.2627	0.6726
LMNA	DSG2	3	0.1073	0.7837
MAPRE3	DSG2	3	0.1142	0.7787
ACTB	VGLL4	3	0.1009	0.7886
CTNNA1	VGLL4	3	0.0089	0.8645
KRT8	VGLL4	3	0.0285	0.8511
LMNA	VGLL4	3	0.0521	0.8291
MAPRE3	VGLL4	3	0.0062	0.8667
ACTB	BOP1	3	0.1129	0.7796
CTNNA1	BOP1	3	0.0233	0.8550
KRT8	BOP1	3	0.1347	0.7644
LMNA	BOP1	3	0.2248	0.7028
MAPRE3	BOP1	3	0.0632	0.8186
ACTB	SEPTIN6	3	0.0445	0.8365
CTNNA1	SEPTIN6	3	0.0002	0.8745
KRT8	SEPTIN6	3	0.0208	0.8566
MAPRE3	SEPTIN6	3	0.0060	0.8670
ACTB	KEAP1	3	0.3332	0.5905
CTNNA1	KEAP1	3	0.1009	0.7886
KRT8	KEAP1	3	0.3211	0.6083
LMNA	KEAP1	3	0.2023	0.7186
MAPRE3	KEAP1	3	0.1954	0.7229
ACTB	URB2	3	0.2344	0.6954
CTNNA1	URB2	3	0.0947	0.7932
KRT8	URB2	3	0.3407	0.5769
LMNA	URB2	3	0.2598	0.6750
MAPRE3	URB2	3	0.1926	0.7249
ACTB	DHX34	3	0.0155	0.8600
CTNNA1	DHX34	3	0.0000	0.8752
KRT8	DHX34	3	0.0637	0.8181
LMNA	DHX34	3	0.0337	0.8467
MAPRE3	DHX34	3	0.0024	0.8706
ACTB	MORC3	3	0.0060	0.8670
CTNNA1	MORC3	3	0.0014	0.8722
KRT8	MORC3	3	0.0615	0.8202
LMNA	MORC3	3	0.0435	0.8373
ACTB	SAFB2	3	0.2191	0.7068
CTNNA1	SAFB2	3	0.0302	0.8497
KRT8	SAFB2	3	0.1583	0.7480
LMNA	SAFB2	3	0.2796	0.6573
MAPRE3	SAFB2	3	0.1308	0.7671
ACTB	EIF3A	3	0.2920	0.6447
CTNNA1	EIF3A	3	0.1109	0.7811
KRT8	EIF3A	3	0.3115	0.6229
LMNA	EIF3A	3	0.1706	0.7397
MAPRE3	EIF3A	3	0.1982	0.7209
ACTB	ARHGEF7	3	0.2830	0.6536
CTNNA1	ARHGEF7	3	0.1348	0.7643
KRT8	ARHGEF7	3	0.2869	0.6499
LMNA	ARHGEF7	3	0.0615	0.8202
MAPRE3	ARHGEF7	3	0.2635	0.6720
ACTB	EFR3A	3	0.0513	0.8297
CTNNA1	EFR3A	3	0.0098	0.8639
KRT8	EFR3A	3	0.0548	0.8266
LMNA	EFR3A	3	0.0091	0.8643
MAPRE3	EFR3A	3	0.0030	0.8700
ACTB	UBAP2L	3	0.2930	0.6436
CTNNA1	UBAP2L	3	0.1587	0.7478
KRT8	UBAP2L	3	0.3310	0.5943
LMNA	UBAP2L	3	0.1493	0.7543
MAPRE3	UBAP2L	3	0.2756	0.6615
ACTB	SCRIB	3	0.3447	0.5688
CTNNA1	SCRIB	3	0.3140	0.6194
KRT8	SCRIB	3	0.2407	0.6907
LMNA	SCRIB	3	0.0809	0.8038
MAPRE3	SCRIB	3	0.2032	0.7180
ACTB	GIT2	3	0.0408	0.8400
CTNNA1	GIT2	3	0.0007	0.8734
KRT8	GIT2	3	0.0668	0.8155
LMNA	GIT2	3	0.0139	0.8612
MAPRE3	GIT2	3	0.0088	0.8646
ACTB	MLEC	3	0.2127	0.7115
KRT8	MLEC	3	0.3597	0.5423
LMNA	MLEC	3	0.2647	0.6710
MAPRE3	MLEC	3	0.1437	0.7584
ACTB	TTLL12	3	0.1260	0.7701
CTNNA1	TTLL12	3	0.0341	0.8464
KRT8	TTLL12	3	0.1659	0.7428
LMNA	TTLL12	3	0.0922	0.7951
MAPRE3	TTLL12	3	0.0505	0.8305
ACTB	POLA2	3	0.1979	0.7211
CTNNA1	POLA2	3	0.0739	0.8095
KRT8	POLA2	3	0.2014	0.7191
LMNA	POLA2	3	0.2801	0.6569
MAPRE3	POLA2	3	0.0774	0.8065
ACTB	DOCK1	3	0.0493	0.8317
CTNNA1	DOCK1	3	0.0011	0.8726
KRT8	DOCK1	3	0.0448	0.8362
LMNA	DOCK1	3	0.0013	0.8724
MAPRE3	DOCK1	3	0.0091	0.8643
ACTB	TFDP1	3	0.0583	0.8232
CTNNA1	TFDP1	3	0.0000	0.8752
KRT8	TFDP1	3	0.0769	0.8068
LMNA	TFDP1	3	0.0568	0.8245
MAPRE3	TFDP1	3	0.0152	0.8603
KRT8	TFDP2	3	0.0391	0.8418
LMNA	TFDP2	3	0.0592	0.8224
ACTB	WRN	3	0.1529	0.7519
CTNNA1	WRN	3	0.0561	0.8252
KRT8	WRN	3	0.1960	0.7225
LMNA	WRN	3	0.2426	0.6892
MAPRE3	WRN	3	0.1935	0.7243
ACTB	FHL2	3	0.1955	0.7228
CTNNA1	FHL2	3	0.0532	0.8281
KRT8	FHL2	3	0.1871	0.7285
LMNA	FHL2	3	0.1024	0.7875
MAPRE3	FHL2	3	0.0161	0.8596
ACTB	DPYSL3	3	0.3429	0.5731
CTNNA1	DPYSL3	3	0.1404	0.7606
KRT8	DPYSL3	3	0.3218	0.6073
LMNA	DPYSL3	3	0.1867	0.7288
MAPRE3	DPYSL3	3	0.2522	0.6816
ACTB	MRPL58	3	0.0635	0.8183
CTNNA1	MRPL58	3	0.0451	0.8359
KRT8	MRPL58	3	0.2127	0.7115
LMNA	MRPL58	3	0.0636	0.8182
ACTB	ZMYM3	3	0.1319	0.7664
CTNNA1	ZMYM3	3	0.0215	0.8561
KRT8	ZMYM3	3	0.1716	0.7389
LMNA	ZMYM3	3	0.2195	0.7066
MAPRE3	ZMYM3	3	0.0609	0.8208
ACTB	DCTN1	3	0.2772	0.6601
CTNNA1	DCTN1	3	0.1022	0.7877
KRT8	DCTN1	3	0.3038	0.6319
LMNA	DCTN1	3	0.1336	0.7652
MAPRE3	DCTN1	3	0.3324	0.5930
ACTB	DYNC1H1	3	0.2519	0.6819
CTNNA1	DYNC1H1	3	0.0704	0.8123
KRT8	DYNC1H1	3	0.3915	0.4767
LMNA	DYNC1H1	3	0.2257	0.7020
MAPRE3	DYNC1H1	3	0.1706	0.7397
ACTB	NPAT	3	0.0200	0.8571
CTNNA1	NPAT	3	0.0002	0.8745
KRT8	NPAT	3	0.0216	0.8560
LMNA	NPAT	3	0.0084	0.8649
MAPRE3	NPAT	3	0.0046	0.8682
ACTB	EIF2B1	3	0.2203	0.7061
CTNNA1	EIF2B1	3	0.1871	0.7285
KRT8	EIF2B1	3	0.2185	0.7072
LMNA	EIF2B1	3	0.2226	0.7044
MAPRE3	EIF2B1	3	0.1432	0.7588
ACTB	EIF4A2	3	0.0236	0.8547
CTNNA1	EIF4A2	3	0.0451	0.8359
KRT8	EIF4A2	3	0.1313	0.7668
LMNA	EIF4A2	3	0.0969	0.7915
MAPRE3	EIF4A2	3	0.0276	0.8518
ACTB	ELOA	3	0.1630	0.7447
CTNNA1	ELOA	3	0.0557	0.8257
KRT8	ELOA	3	0.1323	0.7661
LMNA	ELOA	3	0.2681	0.6679
MAPRE3	ELOA	3	0.1870	0.7286
ACTB	MAP7	3	0.1315	0.7666
CTNNA1	MAP7	3	0.0450	0.8360
KRT8	MAP7	3	0.4319	0.4065
LMNA	MAP7	3	0.0619	0.8198
MAPRE3	MAP7	3	0.3259	0.6023
ACTB	CTTN	3	0.3850	0.4915
CTNNA1	CTTN	3	0.1538	0.7512
KRT8	CTTN	3	0.3003	0.6359
LMNA	CTTN	3	0.1224	0.7726
MAPRE3	CTTN	3	0.2236	0.7036
ACTB	FLOT2	3	0.2576	0.6769
CTNNA1	FLOT2	3	0.0628	0.8190
KRT8	FLOT2	3	0.2628	0.6725
LMNA	FLOT2	3	0.1468	0.7562
MAPRE3	FLOT2	3	0.0841	0.8011
ACTB	TRIM25	3	0.2885	0.6482
CTNNA1	TRIM25	3	0.0891	0.7972
KRT8	TRIM25	3	0.2904	0.6463
LMNA	TRIM25	3	0.1827	0.7311
MAPRE3	TRIM25	3	0.2621	0.6730
ACTB	FLNC	3	0.2916	0.6451
CTNNA1	FLNC	3	0.0715	0.8115
KRT8	FLNC	3	0.2524	0.6814
LMNA	FLNC	3	0.0838	0.8014
MAPRE3	FLNC	3	0.1196	0.7746
ACTB	FKBP8	3	0.0805	0.8041
CTNNA1	FKBP8	3	0.0376	0.8434
KRT8	FKBP8	3	0.0623	0.8195
LMNA	FKBP8	3	0.0812	0.8035
MAPRE3	FKBP8	3	0.0139	0.8612
ACTB	FAM50A	3	0.2111	0.7126
CTNNA1	FAM50A	3	0.0594	0.8222
KRT8	FAM50A	3	0.1807	0.7325
LMNA	FAM50A	3	0.2702	0.6661
MAPRE3	FAM50A	3	0.1659	0.7428
ACTB	FRG1	3	0.1362	0.7634
CTNNA1	FRG1	3	0.0257	0.8532
KRT8	FRG1	3	0.1780	0.7344
LMNA	FRG1	3	0.2145	0.7102
MAPRE3	FRG1	3	0.0456	0.8355
ACTB	GNA13	3	0.0730	0.8102
CTNNA1	GNA13	3	0.0104	0.8635
KRT8	GNA13	3	0.2500	0.6836
LMNA	GNA13	3	0.0360	0.8448
MAPRE3	GNA13	3	0.0172	0.8589
ACTB	GAMT	3	0.0748	0.8088
CTNNA1	GAMT	3	0.0145	0.8608
KRT8	GAMT	3	0.0958	0.7923
LMNA	GAMT	3	0.0898	0.7967
MAPRE3	GAMT	3	0.0237	0.8547
ACTB	GALE	3	0.0797	0.8048
CTNNA1	GALE	3	0.0371	0.8438
KRT8	GALE	3	0.0850	0.8005
LMNA	GALE	3	0.0537	0.8276
MAPRE3	GALE	3	0.0287	0.8509
ACTB	PDE3A	3	0.2760	0.6611
CTNNA1	PDE3A	3	0.0753	0.8082
KRT8	PDE3A	3	0.3276	0.5993
LMNA	PDE3A	3	0.2106	0.7129
MAPRE3	PDE3A	3	0.2502	0.6834
ACTB	CAPRIN1	3	0.1956	0.7228
CTNNA1	CAPRIN1	3	0.0397	0.8412
KRT8	CAPRIN1	3	0.1721	0.7387
LMNA	CAPRIN1	3	0.0851	0.8005
MAPRE3	CAPRIN1	3	0.1760	0.7360
ACTB	GRB14	3	0.0070	0.8661
KRT8	GRB14	3	0.0271	0.8521
LMNA	GRB14	3	0.0009	0.8730
MAPRE3	GRB14	3	0.0000	0.8752
ACTB	SLBP	3	0.0273	0.8520
CTNNA1	SLBP	3	0.0204	0.8569
LMNA	SLBP	3	0.1521	0.7524
MAPRE3	SLBP	3	0.0045	0.8683
ACTB	RBM39	3	0.1401	0.7609
CTNNA1	RBM39	3	0.0320	0.8481
KRT8	RBM39	3	0.1133	0.7793
LMNA	RBM39	3	0.2905	0.6462
MAPRE3	RBM39	3	0.1055	0.7850
MAPRE3	KRT33B	3	0.1388	0.7618
ACTB	HLTF	3	0.3332	0.5905
CTNNA1	HLTF	3	0.0952	0.7928
KRT8	HLTF	3	0.3729	0.5162
LMNA	HLTF	3	0.4252	0.4198
MAPRE3	HLTF	3	0.2550	0.6791
ACTB	PRPSAP1	3	0.1687	0.7409
CTNNA1	PRPSAP1	3	0.0340	0.8465
KRT8	PRPSAP1	3	0.2029	0.7182
LMNA	PRPSAP1	3	0.1187	0.7752
MAPRE3	PRPSAP1	3	0.0536	0.8277
ACTB	DHX8	3	0.1172	0.7762
CTNNA1	DHX8	3	0.0146	0.8607
KRT8	DHX8	3	0.1403	0.7607
LMNA	DHX8	3	0.2559	0.6782
MAPRE3	DHX8	3	0.0790	0.8053
ACTB	MCM6	3	0.1451	0.7575
CTNNA1	MCM6	3	0.0374	0.8436
KRT8	MCM6	3	0.2027	0.7184
LMNA	MCM6	3	0.2483	0.6848
MAPRE3	MCM6	3	0.0568	0.8245
ACTB	HSP90AA2P	3	0.1555	0.7500
CTNNA1	HSP90AA2P	3	0.0404	0.8404
KRT8	HSP90AA2P	3	0.2310	0.6983
LMNA	HSP90AA2P	3	0.1660	0.7427
MAPRE3	HSP90AA2P	3	0.0650	0.8171
ACTB	ITPR2	3	0.0352	0.8455
CTNNA1	ITPR2	3	0.0014	0.8722
KRT8	ITPR2	3	0.0940	0.7937
LMNA	ITPR2	3	0.0284	0.8512
MAPRE3	ITPR2	3	0.0043	0.8685
ACTB	ITPR3	3	0.2026	0.7184
CTNNA1	ITPR3	3	0.0380	0.8430
KRT8	ITPR3	3	0.2190	0.7069
LMNA	ITPR3	3	0.1554	0.7501
MAPRE3	ITPR3	3	0.0733	0.8099
ACTB	DSC3	3	0.2205	0.7059
CTNNA1	DSC3	3	0.0756	0.8079
KRT8	DSC3	3	0.0944	0.7934
LMNA	DSC3	3	0.1096	0.7821
MAPRE3	DSC3	3	0.0805	0.8041
LMNA	ZNF267	3	0.0729	0.8103
ACTB	ZNF268	3	0.0033	0.8697
KRT8	ZNF268	3	0.0086	0.8647
LMNA	ZNF268	3	0.0263	0.8527
MAPRE3	ZNF268	3	0.0002	0.8745
ACTB	NBR1	3	0.0495	0.8316
CTNNA1	NBR1	3	0.0031	0.8699
KRT8	NBR1	3	0.0696	0.8131
LMNA	NBR1	3	0.0199	0.8571
MAPRE3	NBR1	3	0.0049	0.8679
ACTB	ITPR1	3	0.0414	0.8394
CTNNA1	ITPR1	3	0.0018	0.8715
KRT8	ITPR1	3	0.0904	0.7963
LMNA	ITPR1	3	0.0443	0.8367
MAPRE3	ITPR1	3	0.0055	0.8674
ACTB	RASA3	3	0.3192	0.6116
CTNNA1	RASA3	3	0.2627	0.6726
KRT8	RASA3	3	0.2756	0.6615
LMNA	RASA3	3	0.1654	0.7431
MAPRE3	RASA3	3	0.1613	0.7459
ACTB	LAGE3	3	0.1032	0.7868
CTNNA1	LAGE3	3	0.0559	0.8254
KRT8	LAGE3	3	0.0941	0.7937
LMNA	LAGE3	3	0.1277	0.7691
MAPRE3	LAGE3	3	0.0114	0.8629
ACTB	BLTP2	3	0.0644	0.8176
CTNNA1	BLTP2	3	0.0011	0.8726
KRT8	BLTP2	3	0.0933	0.7943
LMNA	BLTP2	3	0.0124	0.8622
MAPRE3	BLTP2	3	0.0290	0.8507
ACTB	TRIP12	3	0.2820	0.6547
CTNNA1	TRIP12	3	0.0838	0.8014
KRT8	TRIP12	3	0.2925	0.6441
LMNA	TRIP12	3	0.3300	0.5961
MAPRE3	TRIP12	3	0.2697	0.6666
ACTB	PUM1	3	0.2342	0.6956
CTNNA1	PUM1	3	0.0804	0.8042
KRT8	PUM1	3	0.2800	0.6570
LMNA	PUM1	3	0.0977	0.7908
MAPRE3	PUM1	3	0.1573	0.7488
ACTB	ESPL1	3	0.0458	0.8352
CTNNA1	ESPL1	3	0.0007	0.8734
KRT8	ESPL1	3	0.0730	0.8102
LMNA	ESPL1	3	0.0019	0.8714
MAPRE3	ESPL1	3	0.0225	0.8554
ACTB	MDC1	3	0.1761	0.7359
CTNNA1	MDC1	3	0.0384	0.8426
KRT8	MDC1	3	0.1371	0.7628
LMNA	MDC1	3	0.2738	0.6629
MAPRE3	MDC1	3	0.1274	0.7693
ACTB	CLINT1	3	0.3498	0.5597
CTNNA1	CLINT1	3	0.1463	0.7567
KRT8	CLINT1	3	0.3764	0.5115
LMNA	CLINT1	3	0.2590	0.6758
MAPRE3	CLINT1	3	0.2662	0.6698
ACTB	KANK1	3	0.3197	0.6107
CTNNA1	KANK1	3	0.2263	0.7016
KRT8	KANK1	3	0.3667	0.5268
LMNA	KANK1	3	0.1167	0.7765
MAPRE3	KANK1	3	0.2802	0.6567
ACTB	TTLL4	3	0.0382	0.8428
CTNNA1	TTLL4	3	0.0008	0.8732
KRT8	TTLL4	3	0.0687	0.8139
MAPRE3	TTLL4	3	0.0147	0.8607
ACTB	MELK	3	0.3094	0.6256
CTNNA1	MELK	3	0.0911	0.7958
KRT8	MELK	3	0.3196	0.6110
LMNA	MELK	3	0.1680	0.7413
MAPRE3	MELK	3	0.2318	0.6978
ACTB	SMC1A	3	0.2060	0.7162
CTNNA1	SMC1A	3	0.0424	0.8383
KRT8	SMC1A	3	0.2732	0.6634
LMNA	SMC1A	3	0.1871	0.7285
MAPRE3	SMC1A	3	0.1060	0.7846
ACTB	RRP1B	3	0.1671	0.7420
CTNNA1	RRP1B	3	0.0191	0.8577
KRT8	RRP1B	3	0.1206	0.7739
LMNA	RRP1B	3	0.1806	0.7326
MAPRE3	RRP1B	3	0.0879	0.7982
ACTB	NCOA6	3	0.0057	0.8672
KRT8	NCOA6	3	0.0023	0.8708
LMNA	NCOA6	3	0.0306	0.8494
MAPRE3	NCOA6	3	0.0013	0.8724
ACTB	GSE1	3	0.1162	0.7770
KRT8	GSE1	3	0.2388	0.6924
LMNA	GSE1	3	0.2787	0.6585
MAPRE3	GSE1	3	0.0868	0.7991
ACTB	DIP2A	3	0.2100	0.7133
CTNNA1	DIP2A	3	0.0340	0.8465
KRT8	DIP2A	3	0.1952	0.7231
LMNA	DIP2A	3	0.1634	0.7445
MAPRE3	DIP2A	3	0.0888	0.7974
ACTB	PDCD11	3	0.1911	0.7258
CTNNA1	PDCD11	3	0.0518	0.8293
KRT8	PDCD11	3	0.2923	0.6444
LMNA	PDCD11	3	0.1692	0.7405
MAPRE3	PDCD11	3	0.0593	0.8223
ACTB	BMS1	3	0.1627	0.7449
CTNNA1	BMS1	3	0.0221	0.8557
KRT8	BMS1	3	0.1818	0.7316
LMNA	BMS1	3	0.2446	0.6877
MAPRE3	BMS1	3	0.0648	0.8173
ACTB	LPIN1	3	0.1170	0.7763
CTNNA1	LPIN1	3	0.0007	0.8734
KRT8	LPIN1	3	0.0335	0.8469
LMNA	LPIN1	3	0.0147	0.8607
MAPRE3	LPIN1	3	0.0149	0.8605
ACTB	USP10	3	0.2869	0.6499
CTNNA1	USP10	3	0.1060	0.7846
KRT8	USP10	3	0.2927	0.6438
LMNA	USP10	3	0.1915	0.7255
MAPRE3	USP10	3	0.2499	0.6837
ACTB	GANAB	3	0.1924	0.7250
CTNNA1	GANAB	3	0.0256	0.8532
KRT8	GANAB	3	0.2220	0.7048
LMNA	GANAB	3	0.0727	0.8104
MAPRE3	GANAB	3	0.0429	0.8379
ACTB	RFTN1	3	0.2045	0.7172
CTNNA1	RFTN1	3	0.0899	0.7967
KRT8	RFTN1	3	0.2614	0.6737
LMNA	RFTN1	3	0.1867	0.7288
MAPRE3	RFTN1	3	0.0587	0.8228
ACTB	MFSD10	3	0.0841	0.8011
CTNNA1	MFSD10	3	0.0214	0.8562
KRT8	MFSD10	3	0.2099	0.7135
LMNA	MFSD10	3	0.1670	0.7420
MAPRE3	MFSD10	3	0.0456	0.8355
ACTB	PPP2R5D	3	0.1785	0.7341
CTNNA1	PPP2R5D	3	0.0433	0.8375
KRT8	PPP2R5D	3	0.2266	0.7014
LMNA	PPP2R5D	3	0.1419	0.7597
MAPRE3	PPP2R5D	3	0.0684	0.8140
ACTB	LBR	3	0.2124	0.7117
CTNNA1	LBR	3	0.1001	0.7891
KRT8	LBR	3	0.2074	0.7151
LMNA	LBR	3	0.4880	0.3157
MAPRE3	LBR	3	0.1595	0.7473
ACTB	COG2	3	0.0526	0.8286
CTNNA1	COG2	3	0.0037	0.8691
KRT8	COG2	3	0.0757	0.8078
LMNA	COG2	3	0.0117	0.8627
MAPRE3	COG2	3	0.0089	0.8645
ACTB	MVP	3	0.3019	0.6340
CTNNA1	MVP	3	0.1063	0.7844
KRT8	MVP	3	0.3074	0.6278
LMNA	MVP	3	0.1983	0.7208
MAPRE3	MVP	3	0.1835	0.7305
ACTB	CBX2	3	0.0010	0.8728
CTNNA1	CBX2	3	0.0001	0.8748
KRT8	CBX2	3	0.0272	0.8521
LMNA	CBX2	3	0.0188	0.8578
MAPRE3	CBX2	3	0.0052	0.8677
ACTB	GOLGB1	3	0.2184	0.7073
CTNNA1	GOLGB1	3	0.0569	0.8244
KRT8	GOLGB1	3	0.2142	0.7105
LMNA	GOLGB1	3	0.0948	0.7931
MAPRE3	GOLGB1	3	0.0971	0.7914
ACTB	CASP8	3	0.2436	0.6884
CTNNA1	CASP8	3	0.0498	0.8313
KRT8	CASP8	3	0.2830	0.6536
LMNA	CASP8	3	0.1488	0.7547
MAPRE3	CASP8	3	0.0741	0.8093
ACTB	NAA30	3	0.1840	0.7302
CTNNA1	NAA30	3	0.0506	0.8305
KRT8	NAA30	3	0.2074	0.7151
LMNA	NAA30	3	0.0670	0.8153
MAPRE3	NAA30	3	0.0742	0.8092
ACTB	KIF22	3	0.1605	0.7466
CTNNA1	KIF22	3	0.0558	0.8255
KRT8	KIF22	3	0.1869	0.7287
LMNA	KIF22	3	0.3115	0.6229
MAPRE3	KIF22	3	0.2141	0.7106
ACTB	MEF2D	3	0.2300	0.6991
CTNNA1	MEF2D	3	0.0893	0.7970
KRT8	MEF2D	3	0.1833	0.7306
LMNA	MEF2D	3	0.2747	0.6620
MAPRE3	MEF2D	3	0.1292	0.7682
ACTB	CHD4	3	0.2379	0.6929
CTNNA1	CHD4	3	0.0524	0.8288
KRT8	CHD4	3	0.2295	0.6994
LMNA	CHD4	3	0.3068	0.6284
MAPRE3	CHD4	3	0.2099	0.7135
ACTB	LASP1	3	0.3919	0.4758
CTNNA1	LASP1	3	0.1311	0.7669
KRT8	LASP1	3	0.2838	0.6528
LMNA	LASP1	3	0.1457	0.7571
MAPRE3	LASP1	3	0.1822	0.7315
ACTB	ARID5B	3	0.1628	0.7449
CTNNA1	ARID5B	3	0.0251	0.8536
KRT8	ARID5B	3	0.2044	0.7173
LMNA	ARID5B	3	0.3168	0.6154
MAPRE3	ARID5B	3	0.0843	0.8010
ACTB	MTF1	3	0.0277	0.8517
CTNNA1	MTF1	3	0.0001	0.8748
KRT8	MTF1	3	0.0330	0.8473
LMNA	MTF1	3	0.0385	0.8425
MAPRE3	MTF1	3	0.0050	0.8678
ACTB	PTGR1	3	0.1963	0.7223
CTNNA1	PTGR1	3	0.0516	0.8295
KRT8	PTGR1	3	0.3517	0.5554
LMNA	PTGR1	3	0.2879	0.6489
MAPRE3	PTGR1	3	0.0636	0.8182
ACTB	NFATC4	3	0.2355	0.6945
CTNNA1	NFATC4	3	0.0362	0.8446
KRT8	NFATC4	3	0.2894	0.6473
LMNA	NFATC4	3	0.0966	0.7918
MAPRE3	NFATC4	3	0.1715	0.7391
ACTB	NFIX	3	0.1723	0.7385
CTNNA1	NFIX	3	0.0381	0.8429
KRT8	NFIX	3	0.1909	0.7259
LMNA	NFIX	3	0.2939	0.6425
MAPRE3	NFIX	3	0.1106	0.7813
ACTB	ZNF638	3	0.1692	0.7405
CTNNA1	ZNF638	3	0.0242	0.8543
KRT8	ZNF638	3	0.1532	0.7516
LMNA	ZNF638	3	0.2277	0.7006
MAPRE3	ZNF638	3	0.2009	0.7194
ACTB	KPNB1	3	0.2904	0.6463
CTNNA1	KPNB1	3	0.1065	0.7843
KRT8	KPNB1	3	0.3391	0.5794
LMNA	KPNB1	3	0.2221	0.7048
MAPRE3	KPNB1	3	0.2116	0.7121
ACTB	NOLC1	3	0.0547	0.8267
CTNNA1	NOLC1	3	0.0114	0.8629
KRT8	NOLC1	3	0.0610	0.8207
LMNA	NOLC1	3	0.0948	0.7931
MAPRE3	NOLC1	3	0.0567	0.8246
ACTB	NUMA1	3	0.1924	0.7250
CTNNA1	NUMA1	3	0.0355	0.8452
KRT8	NUMA1	3	0.1989	0.7204
LMNA	NUMA1	3	0.2795	0.6575
MAPRE3	NUMA1	3	0.1568	0.7491
ACTB	PSME4	3	0.1200	0.7743
CTNNA1	PSME4	3	0.0214	0.8562
KRT8	PSME4	3	0.1595	0.7473
LMNA	PSME4	3	0.0782	0.8058
MAPRE3	PSME4	3	0.0249	0.8538
ACTB	CUL7	3	0.0937	0.7940
CTNNA1	CUL7	3	0.0254	0.8534
KRT8	CUL7	3	0.1819	0.7316
LMNA	CUL7	3	0.0703	0.8124
MAPRE3	CUL7	3	0.0005	0.8738
ACTB	SLMAP	3	0.0549	0.8265
CTNNA1	SLMAP	3	0.0097	0.8639
KRT8	SLMAP	3	0.0338	0.8466
LMNA	SLMAP	3	0.0059	0.8671
MAPRE3	SLMAP	3	0.0051	0.8678
ACTB	GAPVD1	3	0.3098	0.6252
CTNNA1	GAPVD1	3	0.1284	0.7686
KRT8	GAPVD1	3	0.3360	0.5844
LMNA	GAPVD1	3	0.1922	0.7251
MAPRE3	GAPVD1	3	0.2407	0.6907
ACTB	NAA25	3	0.2554	0.6787
CTNNA1	NAA25	3	0.0923	0.7951
KRT8	NAA25	3	0.2905	0.6462
LMNA	NAA25	3	0.1634	0.7445
MAPRE3	NAA25	3	0.1401	0.7609
ACTB	NCAPH	3	0.2182	0.7075
CTNNA1	NCAPH	3	0.0597	0.8219
KRT8	NCAPH	3	0.3138	0.6197
LMNA	NCAPH	3	0.1758	0.7362
MAPRE3	NCAPH	3	0.1326	0.7659
ACTB	PCLAF	3	0.1327	0.7659
CTNNA1	PCLAF	3	0.0168	0.8593
KRT8	PCLAF	3	0.1676	0.7416
LMNA	PCLAF	3	0.1177	0.7758
MAPRE3	PCLAF	3	0.1275	0.7692
ACTB	SPCS2	3	0.1335	0.7653
CTNNA1	SPCS2	3	0.0750	0.8085
KRT8	SPCS2	3	0.2306	0.6986
LMNA	SPCS2	3	0.3483	0.5619
MAPRE3	SPCS2	3	0.0459	0.8351
ACTB	WTAP	3	0.0000	0.8752
KRT8	WTAP	3	0.0043	0.8685
LMNA	WTAP	3	0.0153	0.8602
ACTB	PSMD6	3	0.0995	0.7895
CTNNA1	PSMD6	3	0.0440	0.8370
KRT8	PSMD6	3	0.2227	0.7043
LMNA	PSMD6	3	0.1142	0.7787
MAPRE3	PSMD6	3	0.0577	0.8237
ACTB	ABRAXAS2	3	0.0349	0.8457
CTNNA1	ABRAXAS2	3	0.0041	0.8688
KRT8	ABRAXAS2	3	0.0856	0.8001
LMNA	ABRAXAS2	3	0.0070	0.8661
MAPRE3	ABRAXAS2	3	0.0046	0.8682
ACTB	SEPTIN2	3	0.3230	0.6059
CTNNA1	SEPTIN2	3	0.1460	0.7569
KRT8	SEPTIN2	3	0.3378	0.5814
LMNA	SEPTIN2	3	0.1794	0.7334
MAPRE3	SEPTIN2	3	0.2401	0.6912
ACTB	SART3	3	0.1930	0.7246
CTNNA1	SART3	3	0.0489	0.8322
KRT8	SART3	3	0.1718	0.7389
LMNA	SART3	3	0.2805	0.6562
MAPRE3	SART3	3	0.1765	0.7357
ACTB	NCAPD2	3	0.2561	0.6780
CTNNA1	NCAPD2	3	0.0473	0.8338
KRT8	NCAPD2	3	0.3099	0.6250
LMNA	NCAPD2	3	0.1830	0.7308
MAPRE3	NCAPD2	3	0.1685	0.7410
ACTB	SUZ12	3	0.0619	0.8198
CTNNA1	SUZ12	3	0.0017	0.8717
KRT8	SUZ12	3	0.2127	0.7115
LMNA	SUZ12	3	0.1974	0.7215
MAPRE3	SUZ12	3	0.0747	0.8088
ACTB	EXOSC7	3	0.2910	0.6458
CTNNA1	EXOSC7	3	0.0496	0.8314
KRT8	EXOSC7	3	0.2795	0.6575
LMNA	EXOSC7	3	0.1463	0.7567
MAPRE3	EXOSC7	3	0.0691	0.8135
ACTB	TNIP1	3	0.0592	0.8224
CTNNA1	TNIP1	3	0.0014	0.8722
KRT8	TNIP1	3	0.0966	0.7918
MAPRE3	TNIP1	3	0.0101	0.8637
ACTB	EFTUD2	3	0.2514	0.6823
CTNNA1	EFTUD2	3	0.0460	0.8351
KRT8	EFTUD2	3	0.2935	0.6429
LMNA	EFTUD2	3	0.2139	0.7107
MAPRE3	EFTUD2	3	0.1400	0.7609
ACTB	LARS2	3	0.0839	0.8013
CTNNA1	LARS2	3	0.0193	0.8576
KRT8	LARS2	3	0.1992	0.7203
LMNA	LARS2	3	0.0677	0.8147
MAPRE3	LARS2	3	0.0283	0.8513
ACTB	R3HDM1	3	0.2453	0.6873
CTNNA1	R3HDM1	3	0.0445	0.8365
KRT8	R3HDM1	3	0.2755	0.6616
LMNA	R3HDM1	3	0.1108	0.7812
MAPRE3	R3HDM1	3	0.1838	0.7303
ACTB	SNX17	3	0.0381	0.8429
CTNNA1	SNX17	3	0.0013	0.8724
KRT8	SNX17	3	0.0584	0.8231
LMNA	SNX17	3	0.0428	0.8380
MAPRE3	SNX17	3	0.0030	0.8700
ACTB	RAB3GAP1	3	0.3123	0.6219
CTNNA1	RAB3GAP1	3	0.1134	0.7792
KRT8	RAB3GAP1	3	0.3330	0.5915
LMNA	RAB3GAP1	3	0.2425	0.6893
MAPRE3	RAB3GAP1	3	0.2169	0.7084
ACTB	SLC39A14	3	0.1976	0.7214
CTNNA1	SLC39A14	3	0.0526	0.8286
KRT8	SLC39A14	3	0.2174	0.7081
LMNA	SLC39A14	3	0.1789	0.7338
MAPRE3	SLC39A14	3	0.0621	0.8196
ACTB	KARS1	3	0.1834	0.7306
CTNNA1	KARS1	3	0.0736	0.8097
KRT8	KARS1	3	0.2497	0.6838
LMNA	KARS1	3	0.0828	0.8022
MAPRE3	KARS1	3	0.0445	0.8365
ACTB	SETDB1	3	0.0460	0.8351
CTNNA1	SETDB1	3	0.0012	0.8725
KRT8	SETDB1	3	0.0915	0.7956
LMNA	SETDB1	3	0.0260	0.8530
MAPRE3	SETDB1	3	0.0198	0.8572
ACTB	RRS1	3	0.0835	0.8017
CTNNA1	RRS1	3	0.0547	0.8267
KRT8	RRS1	3	0.0700	0.8127
LMNA	RRS1	3	0.0671	0.8152
MAPRE3	RRS1	3	0.0283	0.8513
ACTB	POLD3	3	0.1499	0.7539
CTNNA1	POLD3	3	0.0327	0.8476
KRT8	POLD3	3	0.1382	0.7622
LMNA	POLD3	3	0.2769	0.6604
MAPRE3	POLD3	3	0.1035	0.7866
ACTB	EIF4H	3	0.2893	0.6475
CTNNA1	EIF4H	3	0.0656	0.8165
KRT8	EIF4H	3	0.3268	0.6007
LMNA	EIF4H	3	0.2388	0.6924
MAPRE3	EIF4H	3	0.1721	0.7387
ACTB	ACAP2	3	0.0294	0.8503
KRT8	ACAP2	3	0.0546	0.8268
LMNA	ACAP2	3	0.0024	0.8706
MAPRE3	ACAP2	3	0.0025	0.8705
ACTB	KIF14	3	0.3371	0.5828
CTNNA1	KIF14	3	0.1047	0.7857
KRT8	KIF14	3	0.3204	0.6097
LMNA	KIF14	3	0.1253	0.7706
MAPRE3	KIF14	3	0.3735	0.5151
ACTB	WDR43	3	0.0740	0.8094
CTNNA1	WDR43	3	0.0147	0.8607
KRT8	WDR43	3	0.0859	0.7998
LMNA	WDR43	3	0.0637	0.8181
MAPRE3	WDR43	3	0.0159	0.8598
ACTB	EEA1	3	0.0371	0.8438
CTNNA1	EEA1	3	0.0041	0.8688
KRT8	EEA1	3	0.0366	0.8443
LMNA	EEA1	3	0.0521	0.8291
MAPRE3	EEA1	3	0.0082	0.8651
ACTB	PDIA6	3	0.0869	0.7990
CTNNA1	PDIA6	3	0.0301	0.8498
KRT8	PDIA6	3	0.1095	0.7821
LMNA	PDIA6	3	0.0714	0.8116
MAPRE3	PDIA6	3	0.0193	0.8576
ACTB	PDK1	3	0.0653	0.8168
KRT8	PDK1	3	0.2150	0.7099
LMNA	PDK1	3	0.1075	0.7835
MAPRE3	PDK1	3	0.0196	0.8574
ACTB	PEA15	3	0.1622	0.7453
CTNNA1	PEA15	3	0.0122	0.8623
KRT8	PEA15	3	0.1970	0.7218
LMNA	PEA15	3	0.0352	0.8455
MAPRE3	PEA15	3	0.0500	0.8311
ACTB	EBP	3	0.1696	0.7403
CTNNA1	EBP	3	0.0809	0.8038
KRT8	EBP	3	0.2389	0.6924
LMNA	EBP	3	0.2300	0.6991
MAPRE3	EBP	3	0.0859	0.7998
ACTB	PMVK	3	0.1099	0.7819
CTNNA1	PMVK	3	0.0380	0.8430
KRT8	PMVK	3	0.1254	0.7705
LMNA	PMVK	3	0.0637	0.8181
MAPRE3	PMVK	3	0.0316	0.8485
ACTB	PLEC	3	0.2072	0.7154
CTNNA1	PLEC	3	0.0822	0.8027
KRT8	PLEC	3	0.6374	0.1768
LMNA	PLEC	3	0.1191	0.7749
MAPRE3	PLEC	3	0.1203	0.7740
ACTB	PCM1	3	0.2867	0.6501
CTNNA1	PCM1	3	0.1879	0.7279
KRT8	PCM1	3	0.4188	0.4308
LMNA	PCM1	3	0.1618	0.7456
MAPRE3	PCM1	3	0.2621	0.6730
ACTB	PON2	3	0.1131	0.7794
CTNNA1	PON2	3	0.0367	0.8442
KRT8	PON2	3	0.1385	0.7620
LMNA	PON2	3	0.0962	0.7921
MAPRE3	PON2	3	0.0350	0.8457
ACTB	TCEAL1	3	0.0817	0.8031
CTNNA1	TCEAL1	3	0.0255	0.8533
KRT8	TCEAL1	3	0.1299	0.7677
LMNA	TCEAL1	3	0.1849	0.7298
ACTB	PPP2R5A	3	0.0606	0.8211
CTNNA1	PPP2R5A	3	0.0005	0.8738
KRT8	PPP2R5A	3	0.0569	0.8244
LMNA	PPP2R5A	3	0.0015	0.8720
MAPRE3	PPP2R5A	3	0.0025	0.8705
ACTB	PPA1	3	0.0817	0.8031
CTNNA1	PPA1	3	0.0326	0.8477
KRT8	PPA1	3	0.1032	0.7868
LMNA	PPA1	3	0.0958	0.7923
MAPRE3	PPA1	3	0.0481	0.8330
ACTB	PTGES3	3	0.0565	0.8248
CTNNA1	PTGES3	3	0.0466	0.8345
KRT8	PTGES3	3	0.0782	0.8058
LMNA	PTGES3	3	0.0577	0.8237
MAPRE3	PTGES3	3	0.0415	0.8393
ACTB	STK38	3	0.3031	0.6327
CTNNA1	STK38	3	0.1013	0.7883
KRT8	STK38	3	0.3443	0.5697
LMNA	STK38	3	0.2487	0.6846
MAPRE3	STK38	3	0.2434	0.6885
ACTB	NONO	3	0.1757	0.7362
CTNNA1	NONO	3	0.0477	0.8334
KRT8	NONO	3	0.2165	0.7088
LMNA	NONO	3	0.2855	0.6514
MAPRE3	NONO	3	0.1351	0.7641
ACTB	PTPA	3	0.1945	0.7236
CTNNA1	PTPA	3	0.0652	0.8169
KRT8	PTPA	3	0.2751	0.6618
LMNA	PTPA	3	0.2023	0.7186
MAPRE3	PTPA	3	0.0889	0.7974
ACTB	PTPRK	3	0.0696	0.8131
CTNNA1	PTPRK	3	0.0515	0.8296
KRT8	PTPRK	3	0.0710	0.8119
LMNA	PTPRK	3	0.0491	0.8319
MAPRE3	PTPRK	3	0.0105	0.8634
ACTB	PWP2	3	0.1685	0.7410
CTNNA1	PWP2	3	0.0401	0.8407
KRT8	PWP2	3	0.2246	0.7029
LMNA	PWP2	3	0.2304	0.6988
MAPRE3	PWP2	3	0.0760	0.8075
ACTB	RABEP1	3	0.3216	0.6077
CTNNA1	RABEP1	3	0.1186	0.7753
KRT8	RABEP1	3	0.3456	0.5665
LMNA	RABEP1	3	0.2080	0.7147
MAPRE3	RABEP1	3	0.2364	0.6939
ACTB	RNPS1	3	0.0852	0.8003
CTNNA1	RNPS1	3	0.0242	0.8543
KRT8	RNPS1	3	0.0588	0.8227
LMNA	RNPS1	3	0.1373	0.7627
MAPRE3	RNPS1	3	0.0474	0.8337
ACTB	RBBP5	3	0.0350	0.8457
CTNNA1	RBBP5	3	0.0011	0.8726
KRT8	RBBP5	3	0.0675	0.8149
LMNA	RBBP5	3	0.0416	0.8392
MAPRE3	RBBP5	3	0.0035	0.8694
ACTB	KRT31	3	0.0493	0.8317
ACTB	LLGL1	3	0.1829	0.7309
CTNNA1	LLGL1	3	0.0663	0.8159
KRT8	LLGL1	3	0.2203	0.7061
LMNA	LLGL1	3	0.0799	0.8046
MAPRE3	LLGL1	3	0.0292	0.8505
ACTB	PCBP1	3	0.2610	0.6742
CTNNA1	PCBP1	3	0.0803	0.8043
KRT8	PCBP1	3	0.2629	0.6725
LMNA	PCBP1	3	0.2013	0.7192
MAPRE3	PCBP1	3	0.1372	0.7627
ACTB	PCBP2	3	0.1840	0.7302
CTNNA1	PCBP2	3	0.0423	0.8385
KRT8	PCBP2	3	0.2293	0.6995
LMNA	PCBP2	3	0.1417	0.7599
MAPRE3	PCBP2	3	0.0748	0.8088
ACTB	ELOB	3	0.2995	0.6368
CTNNA1	ELOB	3	0.0429	0.8379
KRT8	ELOB	3	0.1444	0.7580
LMNA	ELOB	3	0.1113	0.7808
MAPRE3	ELOB	3	0.0736	0.8097
ACTB	RHEB	3	0.3679	0.5239
CTNNA1	RHEB	3	0.1326	0.7659
KRT8	RHEB	3	0.3894	0.4814
LMNA	RHEB	3	0.3277	0.5990
MAPRE3	RHEB	3	0.2456	0.6870
ACTB	UBE3C	3	0.1945	0.7236
CTNNA1	UBE3C	3	0.0654	0.8168
KRT8	UBE3C	3	0.3636	0.5348
LMNA	UBE3C	3	0.1548	0.7505
MAPRE3	UBE3C	3	0.1412	0.7602
ACTB	TOMM20	3	0.0898	0.7967
KRT8	TOMM20	3	0.1130	0.7795
LMNA	TOMM20	3	0.0389	0.8420
MAPRE3	TOMM20	3	0.0494	0.8317
ACTB	MTFR1	3	0.1246	0.7711
KRT8	MTFR1	3	0.0657	0.8164
MAPRE3	MTFR1	3	0.0007	0.8734
ACTB	DHCR24	3	0.1862	0.7290
CTNNA1	DHCR24	3	0.0286	0.8510
KRT8	DHCR24	3	0.3117	0.6227
LMNA	DHCR24	3	0.1961	0.7225
MAPRE3	DHCR24	3	0.0489	0.8322
ACTB	SF3B3	3	0.2753	0.6617
CTNNA1	SF3B3	3	0.0752	0.8083
KRT8	SF3B3	3	0.3247	0.6039
LMNA	SF3B3	3	0.2362	0.6940
MAPRE3	SF3B3	3	0.1803	0.7327
ACTB	PUM3	3	0.1613	0.7459
CTNNA1	PUM3	3	0.0170	0.8591
KRT8	PUM3	3	0.1554	0.7501
LMNA	PUM3	3	0.1408	0.7603
MAPRE3	PUM3	3	0.0299	0.8499
ACTB	DLGAP5	3	0.2881	0.6486
CTNNA1	DLGAP5	3	0.1067	0.7841
KRT8	DLGAP5	3	0.3022	0.6336
LMNA	DLGAP5	3	0.1861	0.7291
MAPRE3	DLGAP5	3	0.2989	0.6373
ACTB	CNN3	3	0.4254	0.4189
CTNNA1	CNN3	3	0.0401	0.8407
KRT8	CNN3	3	0.1376	0.7625
LMNA	CNN3	3	0.0499	0.8312
MAPRE3	CNN3	3	0.0468	0.8343
ACTB	RPS6KA1	3	0.3158	0.6162
CTNNA1	RPS6KA1	3	0.0900	0.7966
KRT8	RPS6KA1	3	0.3092	0.6260
LMNA	RPS6KA1	3	0.1876	0.7281
MAPRE3	RPS6KA1	3	0.2281	0.7004
ACTB	SAFB	3	0.2135	0.7109
CTNNA1	SAFB	3	0.0246	0.8540
KRT8	SAFB	3	0.1474	0.7559
LMNA	SAFB	3	0.2694	0.6670
MAPRE3	SAFB	3	0.1344	0.7646
ACTB	SEC23A	3	0.0990	0.7898
CTNNA1	SEC23A	3	0.0268	0.8523
KRT8	SEC23A	3	0.1690	0.7406
LMNA	SEC23A	3	0.0751	0.8084
MAPRE3	SEC23A	3	0.0303	0.8496
ACTB	SEC23B	3	0.1552	0.7501
CTNNA1	SEC23B	3	0.0381	0.8429
KRT8	SEC23B	3	0.1351	0.7641
LMNA	SEC23B	3	0.1039	0.7863
MAPRE3	SEC23B	3	0.0542	0.8272
ACTB	CYTH1	3	0.0190	0.8577
KRT8	CYTH1	3	0.1951	0.7231
ACTB	SF3A1	3	0.2605	0.6746
CTNNA1	SF3A1	3	0.0482	0.8328
KRT8	SF3A1	3	0.2353	0.6947
LMNA	SF3A1	3	0.2727	0.6638
MAPRE3	SF3A1	3	0.1622	0.7453
ACTB	SHB	3	0.0578	0.8236
CTNNA1	SHB	3	0.0010	0.8728
KRT8	SHB	3	0.0717	0.8113
LMNA	SHB	3	0.0356	0.8451
MAPRE3	SHB	3	0.0035	0.8694
ACTB	STIL	3	0.0579	0.8235
CTNNA1	STIL	3	0.0039	0.8690
KRT8	STIL	3	0.0991	0.7898
LMNA	STIL	3	0.0144	0.8608
MAPRE3	STIL	3	0.0224	0.8555
ACTB	SKIC2	3	0.2294	0.6995
CTNNA1	SKIC2	3	0.0455	0.8355
KRT8	SKIC2	3	0.3292	0.5973
LMNA	SKIC2	3	0.1799	0.7330
MAPRE3	SKIC2	3	0.1520	0.7524
ACTB	CDSN	3	0.1389	0.7617
CTNNA1	CDSN	3	0.0658	0.8163
KRT8	CDSN	3	0.0608	0.8209
LMNA	CDSN	3	0.1616	0.7457
MAPRE3	CDSN	3	0.0399	0.8409
ACTB	SURF2	3	0.0901	0.7965
CTNNA1	SURF2	3	0.0346	0.8460
KRT8	SURF2	3	0.0859	0.7998
LMNA	SURF2	3	0.1436	0.7585
MAPRE3	SURF2	3	0.0199	0.8571
ACTB	TAF7	3	0.3661	0.5283
CTNNA1	TAF7	3	0.1127	0.7798
KRT8	TAF7	3	0.3897	0.4805
LMNA	TAF7	3	0.3440	0.5702
MAPRE3	TAF7	3	0.3018	0.6342
LMNA	TERF2	3	0.0214	0.8562
ACTB	MAPRE2	3	0.0600	0.8217
CTNNA1	MAPRE2	3	0.0175	0.8587
KRT8	MAPRE2	3	0.0883	0.7979
LMNA	MAPRE2	3	0.0496	0.8314
MAPRE3	MAPRE2	3	0.4602	0.3681
ACTB	TGFBI	3	0.2723	0.6641
CTNNA1	TGFBI	3	0.0855	0.8001
KRT8	TGFBI	3	0.2770	0.6603
LMNA	TGFBI	3	0.2029	0.7182
MAPRE3	TGFBI	3	0.1993	0.7203
ACTB	NCOA2	3	0.0037	0.8691
CTNNA1	NCOA2	3	0.0000	0.8752
KRT8	NCOA2	3	0.0251	0.8536
LMNA	NCOA2	3	0.0215	0.8561
MAPRE3	NCOA2	3	0.0012	0.8725
ACTB	NHERF2	3	0.0681	0.8143
CTNNA1	NHERF2	3	0.0882	0.7980
KRT8	NHERF2	3	0.0895	0.7969
LMNA	NHERF2	3	0.0571	0.8241
MAPRE3	NHERF2	3	0.0347	0.8460
ACTB	DIXDC1	3	0.1345	0.7645
KRT8	DIXDC1	3	0.0811	0.8036
MAPRE3	DIXDC1	3	0.0153	0.8602
ACTB	TSN	3	0.1922	0.7251
CTNNA1	TSN	3	0.0405	0.8403
KRT8	TSN	3	0.1834	0.7306
LMNA	TSN	3	0.1513	0.7530
MAPRE3	TSN	3	0.0636	0.8182
ACTB	TARBP2	3	0.0353	0.8454
CTNNA1	TARBP2	3	0.0052	0.8677
KRT8	TARBP2	3	0.0455	0.8355
MAPRE3	TARBP2	3	0.0015	0.8720
ACTB	SF1	3	0.1673	0.7418
CTNNA1	SF1	3	0.0174	0.8588
KRT8	SF1	3	0.1540	0.7511
LMNA	SF1	3	0.2265	0.7014
MAPRE3	SF1	3	0.0831	0.8020
ACTB	TRIP10	3	0.2565	0.6776
CTNNA1	TRIP10	3	0.0645	0.8175
KRT8	TRIP10	3	0.3288	0.5976
LMNA	TRIP10	3	0.1550	0.7503
MAPRE3	TRIP10	3	0.1913	0.7256
ACTB	TRIP11	3	0.2480	0.6850
CTNNA1	TRIP11	3	0.0980	0.7906
KRT8	TRIP11	3	0.2645	0.6711
LMNA	TRIP11	3	0.1057	0.7849
MAPRE3	TRIP11	3	0.1511	0.7532
ACTB	TRIP13	3	0.1150	0.7781
CTNNA1	TRIP13	3	0.0277	0.8517
KRT8	TRIP13	3	0.3356	0.5853
LMNA	TRIP13	3	0.0938	0.7939
MAPRE3	TRIP13	3	0.0454	0.8356
ACTB	MED1	3	0.1825	0.7312
CTNNA1	MED1	3	0.0248	0.8539
KRT8	MED1	3	0.1640	0.7440
LMNA	MED1	3	0.2488	0.6846
MAPRE3	MED1	3	0.1061	0.7846
ACTB	TRIP4	3	0.2688	0.6674
CTNNA1	TRIP4	3	0.1094	0.7822
KRT8	TRIP4	3	0.2903	0.6465
LMNA	TRIP4	3	0.0831	0.8020
MAPRE3	TRIP4	3	0.2022	0.7187
ACTB	JMJD1C	3	0.2301	0.6990
CTNNA1	JMJD1C	3	0.0554	0.8260
KRT8	JMJD1C	3	0.2567	0.6774
LMNA	JMJD1C	3	0.3287	0.5979
MAPRE3	JMJD1C	3	0.1855	0.7294
ACTB	TRIP6	3	0.2036	0.7177
CTNNA1	TRIP6	3	0.0756	0.8079
KRT8	TRIP6	3	0.3055	0.6299
LMNA	TRIP6	3	0.1027	0.7873
MAPRE3	TRIP6	3	0.0524	0.8288
ACTB	MAPRE1	3	0.1647	0.7436
CTNNA1	MAPRE1	3	0.0911	0.7958
KRT8	MAPRE1	3	0.2005	0.7196
LMNA	MAPRE1	3	0.1027	0.7873
MAPRE3	MAPRE1	3	0.8533	0.0526
KRT8	ZNF174	3	0.0065	0.8665
LMNA	ZNF174	3	0.0415	0.8393
MAPRE3	ZNF174	3	0.0061	0.8669
ACTB	TSC22D1	3	0.0458	0.8352
CTNNA1	TSC22D1	3	0.0006	0.8736
KRT8	TSC22D1	3	0.0582	0.8233
LMNA	TSC22D1	3	0.0021	0.8711
MAPRE3	TSC22D1	3	0.0026	0.8704
ACTB	ELAVL1	3	0.0927	0.7947
CTNNA1	ELAVL1	3	0.0404	0.8404
KRT8	ELAVL1	3	0.1015	0.7882
LMNA	ELAVL1	3	0.1172	0.7762
MAPRE3	ELAVL1	3	0.0539	0.8274
ACTB	ELF2	3	0.1113	0.7808
CTNNA1	ELF2	3	0.0299	0.8499
KRT8	ELF2	3	0.1672	0.7419
LMNA	ELF2	3	0.2512	0.6826
MAPRE3	ELF2	3	0.0773	0.8065
ACTB	NSDHL	3	0.1404	0.7606
CTNNA1	NSDHL	3	0.0459	0.8351
KRT8	NSDHL	3	0.0969	0.7915
LMNA	NSDHL	3	0.2668	0.6692
MAPRE3	NSDHL	3	0.0780	0.8059
LMNA	NAB2	3	0.1017	0.7880
ACTB	MYLK	3	0.1129	0.7796
KRT8	MYLK	3	0.0905	0.7962
MAPRE3	MYLK	3	0.0117	0.8627
ACTB	TAB1	3	0.2790	0.6580
CTNNA1	TAB1	3	0.0906	0.7961
KRT8	TAB1	3	0.2863	0.6504
LMNA	TAB1	3	0.1422	0.7595
MAPRE3	TAB1	3	0.1749	0.7369
ACTB	HERC1	3	0.0604	0.8213
CTNNA1	HERC1	3	0.0129	0.8619
KRT8	HERC1	3	0.1028	0.7873
LMNA	HERC1	3	0.0177	0.8585
MAPRE3	HERC1	3	0.0202	0.8570
ACTB	SLC1A5	3	0.1937	0.7241
CTNNA1	SLC1A5	3	0.0587	0.8228
KRT8	SLC1A5	3	0.3153	0.6170
LMNA	SLC1A5	3	0.1936	0.7242
MAPRE3	SLC1A5	3	0.0820	0.8028
ACTB	SPEG	3	0.0977	0.7908
CTNNA1	SPEG	3	0.0031	0.8699
KRT8	SPEG	3	0.0553	0.8261
LMNA	SPEG	3	0.0001	0.8748
MAPRE3	SPEG	3	0.0093	0.8642
ACTB	MLF2	3	0.0217	0.8560
KRT8	MLF2	3	0.1063	0.7844
LMNA	MLF2	3	0.0631	0.8188
ACTB	TOMM34	3	0.2012	0.7192
CTNNA1	TOMM34	3	0.0445	0.8365
KRT8	TOMM34	3	0.2379	0.6929
LMNA	TOMM34	3	0.1502	0.7537
MAPRE3	TOMM34	3	0.0813	0.8035
ACTB	NCOA1	3	0.0056	0.8673
LMNA	NCOA1	3	0.0266	0.8525
MAPRE3	NCOA1	3	0.0020	0.8713
ACTB	SMAD2	3	0.1464	0.7566
CTNNA1	SMAD2	3	0.0339	0.8466
KRT8	SMAD2	3	0.1620	0.7455
LMNA	SMAD2	3	0.1440	0.7582
MAPRE3	SMAD2	3	0.0533	0.8280
ACTB	ITSN1	3	0.0482	0.8328
CTNNA1	ITSN1	3	0.0005	0.8738
KRT8	ITSN1	3	0.0318	0.8483
LMNA	ITSN1	3	0.0384	0.8426
MAPRE3	ITSN1	3	0.0042	0.8687
ACTB	TBCE	3	0.1729	0.7382
CTNNA1	TBCE	3	0.0472	0.8340
KRT8	TBCE	3	0.1689	0.7407
LMNA	TBCE	3	0.0880	0.7982
MAPRE3	TBCE	3	0.0557	0.8257
ACTB	TBCC	3	0.0813	0.8035
CTNNA1	TBCC	3	0.0332	0.8471
KRT8	TBCC	3	0.1163	0.7769
LMNA	TBCC	3	0.0626	0.8192
MAPRE3	TBCC	3	0.0212	0.8563
ACTB	STXBP2	3	0.0493	0.8317
KRT8	STXBP2	3	0.0628	0.8190
LMNA	STXBP2	3	0.0212	0.8563
MAPRE3	STXBP2	3	0.0019	0.8714
ACTB	VAMP3	3	0.1215	0.7732
CTNNA1	VAMP3	3	0.0350	0.8457
KRT8	VAMP3	3	0.1709	0.7394
LMNA	VAMP3	3	0.2107	0.7128
MAPRE3	VAMP3	3	0.0175	0.8587
ACTB	NEDD8	3	0.0986	0.7902
CTNNA1	NEDD8	3	0.0442	0.8368
KRT8	NEDD8	3	0.1347	0.7644
LMNA	NEDD8	3	0.1722	0.7386
MAPRE3	NEDD8	3	0.0469	0.8342
ACTB	ATP6AP1	3	0.0028	0.8702
LMNA	ATP6AP1	3	0.1261	0.7701
ACTB	VPS72	3	0.1939	0.7240
KRT8	VPS72	3	0.5025	0.2930
LMNA	VPS72	3	0.1155	0.7777
MAPRE3	VPS72	3	0.1407	0.7604
ACTB	RAB11B	3	0.2773	0.6600
CTNNA1	RAB11B	3	0.1130	0.7795
KRT8	RAB11B	3	0.2781	0.6591
LMNA	RAB11B	3	0.3197	0.6107
MAPRE3	RAB11B	3	0.1536	0.7513
ACTB	EZH2	3	0.0520	0.8291
CTNNA1	EZH2	3	0.0025	0.8705
KRT8	EZH2	3	0.0533	0.8280
LMNA	EZH2	3	0.1680	0.7413
MAPRE3	EZH2	3	0.0023	0.8708
ACTB	ZFHX3	3	0.0420	0.8388
CTNNA1	ZFHX3	3	0.0004	0.8740
KRT8	ZFHX3	3	0.0461	0.8350
LMNA	ZFHX3	3	0.0047	0.8681
MAPRE3	ZFHX3	3	0.0594	0.8222
ACTB	ZYX	3	0.3303	0.5954
CTNNA1	ZYX	3	0.1669	0.7421
KRT8	ZYX	3	0.2715	0.6649
LMNA	ZYX	3	0.0831	0.8020
MAPRE3	ZYX	3	0.1705	0.7397
ACTB	SEPTIN7	3	0.3237	0.6054
CTNNA1	SEPTIN7	3	0.2085	0.7145
KRT8	SEPTIN7	3	0.3212	0.6082
LMNA	SEPTIN7	3	0.1340	0.7649
MAPRE3	SEPTIN7	3	0.2877	0.6490
ACTB	ADRM1	3	0.1400	0.7609
CTNNA1	ADRM1	3	0.0501	0.8309
KRT8	ADRM1	3	0.1829	0.7309
LMNA	ADRM1	3	0.0954	0.7927
MAPRE3	ADRM1	3	0.0532	0.8281
ACTB	CCDC6	3	0.2609	0.6743
CTNNA1	CCDC6	3	0.0659	0.8162
KRT8	CCDC6	3	0.2553	0.6788
LMNA	CCDC6	3	0.2825	0.6540
MAPRE3	CCDC6	3	0.2164	0.7089
ACTB	IGFBP7	3	0.0581	0.8234
KRT8	IGFBP7	3	0.2131	0.7112
LMNA	IGFBP7	3	0.0167	0.8593
KRT8	INA	3	0.9955	0.0010
ACTB	PRR4	3	0.2287	0.7000
MAPRE3	PRR4	3	0.0212	0.8563
ACTB	PSMD5	3	0.2344	0.6954
CTNNA1	PSMD5	3	0.0390	0.8419
KRT8	PSMD5	3	0.3043	0.6310
LMNA	PSMD5	3	0.1492	0.7544
MAPRE3	PSMD5	3	0.1008	0.7886
ACTB	PKN1	3	0.3268	0.6007
CTNNA1	PKN1	3	0.1610	0.7461
KRT8	PKN1	3	0.3801	0.5032
LMNA	PKN1	3	0.1570	0.7489
MAPRE3	PKN1	3	0.2372	0.6932
ACTB	PKN2	3	0.3418	0.5746
CTNNA1	PKN2	3	0.1415	0.7600
KRT8	PKN2	3	0.3694	0.5207
LMNA	PKN2	3	0.2577	0.6768
MAPRE3	PKN2	3	0.2600	0.6749
ACTB	CSRP2	3	0.0609	0.8208
CTNNA1	CSRP2	3	0.0380	0.8430
KRT8	CSRP2	3	0.0741	0.8093
LMNA	CSRP2	3	0.0585	0.8229
MAPRE3	CSRP2	3	0.0247	0.8539
ACTB	DDB1	3	0.1709	0.7394
CTNNA1	DDB1	3	0.0485	0.8325
KRT8	DDB1	3	0.4031	0.4543
LMNA	DDB1	3	0.1318	0.7665
MAPRE3	DDB1	3	0.0889	0.7974
ACTB	MAPK14	3	0.0624	0.8194
KRT8	MAPK14	3	0.0972	0.7913
LMNA	MAPK14	3	0.0085	0.8648
MAPRE3	MAPK14	3	0.0226	0.8554
ACTB	CDC37	3	0.2385	0.6926
CTNNA1	CDC37	3	0.0441	0.8369
KRT8	CDC37	3	0.2875	0.6493
LMNA	CDC37	3	0.2281	0.7004
MAPRE3	CDC37	3	0.0981	0.7905
ACTB	DPYSL2	3	0.3017	0.6343
CTNNA1	DPYSL2	3	0.1162	0.7770
KRT8	DPYSL2	3	0.3172	0.6146
LMNA	DPYSL2	3	0.1562	0.7495
MAPRE3	DPYSL2	3	0.2063	0.7158
ACTB	RBBP7	3	0.1242	0.7714
CTNNA1	RBBP7	3	0.0417	0.8391
KRT8	RBBP7	3	0.1372	0.7627
LMNA	RBBP7	3	0.1353	0.7640
MAPRE3	RBBP7	3	0.0411	0.8397
ACTB	MAP3K11	3	0.0422	0.8386
KRT8	MAP3K11	3	0.0853	0.8002
LMNA	MAP3K11	3	0.0324	0.8478
MAPRE3	MAP3K11	3	0.0263	0.8527
ACTB	CCNG2	3	0.0955	0.7926
KRT8	CCNG2	3	0.0405	0.8403
MAPRE3	CCNG2	3	0.0040	0.8689
ACTB	TAF9	3	0.2736	0.6631
CTNNA1	TAF9	3	0.0676	0.8148
KRT8	TAF9	3	0.2554	0.6787
LMNA	TAF9	3	0.3636	0.5348
MAPRE3	TAF9	3	0.2647	0.6710
ACTB	ECM1	3	0.1457	0.7571
CTNNA1	ECM1	3	0.0173	0.8588
KRT8	ECM1	3	0.0143	0.8609
LMNA	ECM1	3	0.0313	0.8488
MAPRE3	ECM1	3	0.0308	0.8492
ACTB	BAK1	3	0.1623	0.7452
CTNNA1	BAK1	3	0.0301	0.8498
LMNA	BAK1	3	0.1285	0.7686
MAPRE3	BAK1	3	0.0205	0.8568
ACTB	SRSF7	3	0.0643	0.8177
CTNNA1	SRSF7	3	0.0155	0.8600
KRT8	SRSF7	3	0.0401	0.8407
LMNA	SRSF7	3	0.0999	0.7892
MAPRE3	SRSF7	3	0.0233	0.8550
ACTB	CPSF6	3	0.0503	0.8308
CTNNA1	CPSF6	3	0.0164	0.8595
KRT8	CPSF6	3	0.0071	0.8660
LMNA	CPSF6	3	0.0569	0.8244
MAPRE3	CPSF6	3	0.0471	0.8340
ACTB	SMN1	3	0.2934	0.6430
CTNNA1	SMN1	3	0.1037	0.7864
KRT8	SMN1	3	0.3076	0.6276
LMNA	SMN1	3	0.2395	0.6917
MAPRE3	SMN1	3	0.1904	0.7263
ACTB	DBN1	3	0.3843	0.4938
CTNNA1	DBN1	3	0.0927	0.7947
KRT8	DBN1	3	0.1684	0.7411
LMNA	DBN1	3	0.0746	0.8089
MAPRE3	DBN1	3	0.0998	0.7893
ACTB	NFIL3	3	0.0560	0.8253
CTNNA1	NFIL3	3	0.0143	0.8609
KRT8	NFIL3	3	0.0533	0.8280
LMNA	NFIL3	3	0.1745	0.7373
MAPRE3	NFIL3	3	0.0009	0.8730
ACTB	FSCN1	3	0.0886	0.7976
CTNNA1	FSCN1	3	0.0496	0.8314
KRT8	FSCN1	3	0.1027	0.7873
LMNA	FSCN1	3	0.0756	0.8079
MAPRE3	FSCN1	3	0.0315	0.8486
ACTB	MAPK6	3	0.3665	0.5275
CTNNA1	MAPK6	3	0.0733	0.8099
KRT8	MAPK6	3	0.1722	0.7386
LMNA	MAPK6	3	0.1700	0.7401
MAPRE3	MAPK6	3	0.1826	0.7311
ACTB	IFI16	3	0.3556	0.5491
CTNNA1	IFI16	3	0.3034	0.6324
KRT8	IFI16	3	0.3490	0.5608
LMNA	IFI16	3	0.3738	0.5148
MAPRE3	IFI16	3	0.3449	0.5684
ACTB	DECR1	3	0.0956	0.7925
CTNNA1	DECR1	3	0.0592	0.8224
KRT8	DECR1	3	0.1849	0.7298
LMNA	DECR1	3	0.1004	0.7889
MAPRE3	DECR1	3	0.0246	0.8540
ACTB	MAN2A1	3	0.0459	0.8351
CTNNA1	MAN2A1	3	0.0255	0.8533
KRT8	MAN2A1	3	0.1817	0.7317
LMNA	MAN2A1	3	0.0862	0.7996
MAPRE3	MAN2A1	3	0.0301	0.8498
ACTB	KYNU	3	0.3041	0.6314
KRT8	KYNU	3	0.3435	0.5712
LMNA	KYNU	3	0.2081	0.7147
MAPRE3	KYNU	3	0.1662	0.7425
ACTB	CLPP	3	0.2198	0.7065
CTNNA1	CLPP	3	0.0585	0.8229
KRT8	CLPP	3	0.3600	0.5419
LMNA	CLPP	3	0.1145	0.7785
MAPRE3	CLPP	3	0.0613	0.8204
ACTB	DGKD	3	0.0314	0.8487
CTNNA1	DGKD	3	0.0170	0.8591
KRT8	DGKD	3	0.0688	0.8138
MAPRE3	DGKD	3	0.0241	0.8543
KRT8	H2AC20;H2AC18	3	0.0114	0.8629
LMNA	H2AC20;H2AC18	3	0.0002	0.8745
ACTB	NDUFA9	3	0.2187	0.7071
CTNNA1	NDUFA9	3	0.0571	0.8241
KRT8	NDUFA9	3	0.3253	0.6031
LMNA	NDUFA9	3	0.1833	0.7306
MAPRE3	NDUFA9	3	0.0981	0.7905
ACTB	PCK2	3	0.1358	0.7637
CTNNA1	PCK2	3	0.0187	0.8579
KRT8	PCK2	3	0.0914	0.7957
LMNA	PCK2	3	0.0401	0.8407
MAPRE3	PCK2	3	0.0250	0.8537
ACTB	CYP51A1	3	0.0225	0.8554
CTNNA1	CYP51A1	3	0.0015	0.8720
KRT8	CYP51A1	3	0.0242	0.8543
LMNA	CYP51A1	3	0.0486	0.8324
MAPRE3	CYP51A1	3	0.0210	0.8565
ACTB	DGUOK	3	0.1145	0.7785
CTNNA1	DGUOK	3	0.0185	0.8580
KRT8	DGUOK	3	0.1818	0.7316
LMNA	DGUOK	3	0.0514	0.8297
MAPRE3	DGUOK	3	0.0327	0.8476
ACTB	TXNRD1	3	0.1834	0.7306
CTNNA1	TXNRD1	3	0.0430	0.8378
KRT8	TXNRD1	3	0.2243	0.7031
LMNA	TXNRD1	3	0.1387	0.7619
MAPRE3	TXNRD1	3	0.0693	0.8133
ACTB	TPD52L1	3	0.3140	0.6194
CTNNA1	TPD52L1	3	0.1169	0.7764
KRT8	TPD52L1	3	0.3389	0.5798
LMNA	TPD52L1	3	0.2588	0.6759
MAPRE3	TPD52L1	3	0.2228	0.7043
ACTB	IMMT	3	0.1803	0.7327
CTNNA1	IMMT	3	0.0690	0.8136
KRT8	IMMT	3	0.1955	0.7228
LMNA	IMMT	3	0.1024	0.7875
MAPRE3	IMMT	3	0.0635	0.8183
ACTB	ZNF827	3	0.0402	0.8406
CTNNA1	ZNF827	3	0.0000	0.8752
KRT8	ZNF827	3	0.0284	0.8512
LMNA	ZNF827	3	0.0291	0.8506
MAPRE3	ZNF827	3	0.0048	0.8680
ACTB	GEN1	3	0.0444	0.8366
CTNNA1	GEN1	3	0.0013	0.8724
KRT8	GEN1	3	0.0649	0.8172
MAPRE3	GEN1	3	0.0309	0.8491
ACTB	CPEB4	3	0.0505	0.8305
CTNNA1	CPEB4	3	0.0042	0.8687
KRT8	CPEB4	3	0.0782	0.8058
MAPRE3	CPEB4	3	0.0214	0.8562
ACTB	KNOP1	3	0.1446	0.7578
CTNNA1	KNOP1	3	0.0173	0.8588
KRT8	KNOP1	3	0.1144	0.7785
LMNA	KNOP1	3	0.2470	0.6859
MAPRE3	KNOP1	3	0.1250	0.7708
ACTB	HNRNPUL2	3	0.0748	0.8088
CTNNA1	HNRNPUL2	3	0.0406	0.8402
KRT8	HNRNPUL2	3	0.1058	0.7849
LMNA	HNRNPUL2	3	0.0572	0.8240
MAPRE3	HNRNPUL2	3	0.0235	0.8548
ACTB	CSPP1	3	0.0603	0.8214
KRT8	CSPP1	3	0.2411	0.6904
LMNA	CSPP1	3	0.0073	0.8658
MAPRE3	CSPP1	3	0.0804	0.8042
ACTB	INF2	3	0.3264	0.6015
CTNNA1	INF2	3	0.0872	0.7988
KRT8	INF2	3	0.2114	0.7123
LMNA	INF2	3	0.1050	0.7854
MAPRE3	INF2	3	0.0981	0.7905
ACTB	PDS5A	3	0.1874	0.7282
CTNNA1	PDS5A	3	0.0272	0.8521
KRT8	PDS5A	3	0.1812	0.7321
LMNA	PDS5A	3	0.2578	0.6767
MAPRE3	PDS5A	3	0.1545	0.7507
ACTB	KIAA0753	3	0.0434	0.8374
CTNNA1	KIAA0753	3	0.0001	0.8748
KRT8	KIAA0753	3	0.0825	0.8024
MAPRE3	KIAA0753	3	0.0182	0.8582
ACTB	RFX7	3	0.0067	0.8663
CTNNA1	RFX7	3	0.0420	0.8388
KRT8	RFX7	3	0.0085	0.8648
LMNA	RFX7	3	0.0236	0.8547
MAPRE3	RFX7	3	0.0003	0.8743
ACTB	QSER1	3	0.2395	0.6917
CTNNA1	QSER1	3	0.0967	0.7918
KRT8	QSER1	3	0.2511	0.6827
LMNA	QSER1	3	0.3155	0.6168
MAPRE3	QSER1	3	0.2093	0.7139
ACTB	CLEC16A	3	0.2218	0.7050
CTNNA1	CLEC16A	3	0.0256	0.8532
KRT8	CLEC16A	3	0.2712	0.6653
LMNA	CLEC16A	3	0.0876	0.7985
MAPRE3	CLEC16A	3	0.1357	0.7638
ACTB	BLTP1	3	0.0288	0.8508
KRT8	BLTP1	3	0.0463	0.8348
MAPRE3	BLTP1	3	0.0001	0.8748
ACTB	KIF7	3	0.0650	0.8171
CTNNA1	KIF7	3	0.0073	0.8658
KRT8	KIF7	3	0.1055	0.7850
LMNA	KIF7	3	0.0227	0.8553
MAPRE3	KIF7	3	0.0365	0.8444
ACTB	ARHGAP31	3	0.0522	0.8290
CTNNA1	ARHGAP31	3	0.0022	0.8710
KRT8	ARHGAP31	3	0.0899	0.7967
LMNA	ARHGAP31	3	0.0023	0.8708
MAPRE3	ARHGAP31	3	0.0102	0.8637
ACTB	AAK1	3	0.3297	0.5968
CTNNA1	AAK1	3	0.1909	0.7259
KRT8	AAK1	3	0.3235	0.6055
LMNA	AAK1	3	0.1316	0.7666
MAPRE3	AAK1	3	0.2516	0.6821
ACTB	KIZ	3	0.0423	0.8385
CTNNA1	KIZ	3	0.0006	0.8736
KRT8	KIZ	3	0.0848	0.8007
LMNA	KIZ	3	0.0013	0.8724
MAPRE3	KIZ	3	0.0042	0.8687
ACTB	WASHC4	3	0.2842	0.6525
CTNNA1	WASHC4	3	0.1063	0.7844
KRT8	WASHC4	3	0.3693	0.5216
LMNA	WASHC4	3	0.2145	0.7102
MAPRE3	WASHC4	3	0.1853	0.7296
ACTB	SHROOM1	3	0.0359	0.8449
CTNNA1	SHROOM1	3	0.0054	0.8675
KRT8	SHROOM1	3	0.1389	0.7617
LMNA	SHROOM1	3	0.0068	0.8662
MAPRE3	SHROOM1	3	0.0126	0.8621
ACTB	ERCC6L	3	0.3303	0.5954
CTNNA1	ERCC6L	3	0.1573	0.7488
KRT8	ERCC6L	3	0.3655	0.5299
LMNA	ERCC6L	3	0.1546	0.7507
MAPRE3	ERCC6L	3	0.2498	0.6838
ACTB	PROSER3	3	0.0617	0.8201
KRT8	PROSER3	3	0.1139	0.7788
LMNA	PROSER3	3	0.0262	0.8528
MAPRE3	PROSER3	3	0.0037	0.8691
ACTB	TSR1	3	0.1646	0.7437
CTNNA1	TSR1	3	0.0327	0.8476
KRT8	TSR1	3	0.1636	0.7442
LMNA	TSR1	3	0.2769	0.6604
MAPRE3	TSR1	3	0.0877	0.7984
ACTB	DPY19L1	3	0.1854	0.7295
CTNNA1	DPY19L1	3	0.0209	0.8565
KRT8	DPY19L1	3	0.2198	0.7065
LMNA	DPY19L1	3	0.2055	0.7165
MAPRE3	DPY19L1	3	0.0410	0.8398
ACTB	IAH1	3	0.0670	0.8153
CTNNA1	IAH1	3	0.0497	0.8313
KRT8	IAH1	3	0.0988	0.7900
LMNA	IAH1	3	0.0631	0.8188
MAPRE3	IAH1	3	0.0469	0.8342
ACTB	QRICH1	3	0.1538	0.7512
CTNNA1	QRICH1	3	0.0305	0.8495
KRT8	QRICH1	3	0.1455	0.7573
LMNA	QRICH1	3	0.2510	0.6828
MAPRE3	QRICH1	3	0.0668	0.8155
ACTB	SMU1	3	0.1512	0.7531
CTNNA1	SMU1	3	0.0391	0.8418
KRT8	SMU1	3	0.3093	0.6258
LMNA	SMU1	3	0.1629	0.7448
MAPRE3	SMU1	3	0.1114	0.7807
ACTB	ATG2A	3	0.0613	0.8204
CTNNA1	ATG2A	3	0.0067	0.8663
KRT8	ATG2A	3	0.0952	0.7928
LMNA	ATG2A	3	0.0120	0.8625
MAPRE3	ATG2A	3	0.0234	0.8549
ACTB	ZNF800	3	0.0015	0.8720
KRT8	ZNF800	3	0.0239	0.8545
LMNA	ZNF800	3	0.0304	0.8495
ACTB	HKDC1	3	0.0961	0.7922
CTNNA1	HKDC1	3	0.0424	0.8383
KRT8	HKDC1	3	0.0849	0.8007
LMNA	HKDC1	3	0.2104	0.7130
MAPRE3	HKDC1	3	0.0471	0.8340
ACTB	CWF19L2	3	0.1871	0.7285
KRT8	CWF19L2	3	0.0359	0.8449
LMNA	CWF19L2	3	0.0624	0.8194
MAPRE3	CWF19L2	3	0.0106	0.8634
ACTB	FHOD3	3	0.1314	0.7667
KRT8	FHOD3	3	0.0222	0.8556
MAPRE3	FHOD3	3	0.0286	0.8510
ACTB	AP5B1	3	0.0553	0.8261
KRT8	AP5B1	3	0.0829	0.8022
LMNA	AP5B1	3	0.0171	0.8590
MAPRE3	AP5B1	3	0.0007	0.8734
ACTB	CTU2	3	0.2426	0.6892
CTNNA1	CTU2	3	0.0479	0.8332
KRT8	CTU2	3	0.2649	0.6708
LMNA	CTU2	3	0.0648	0.8173
MAPRE3	CTU2	3	0.1454	0.7573
ACTB	UVSSA	3	0.0464	0.8347
LMNA	UVSSA	3	0.0859	0.7998
ACTB	LRRFIP1	3	0.2705	0.6659
CTNNA1	LRRFIP1	3	0.0557	0.8257
KRT8	LRRFIP1	3	0.2407	0.6907
LMNA	LRRFIP1	3	0.0480	0.8331
MAPRE3	LRRFIP1	3	0.1006	0.7888
ACTB	PGS1	3	0.0982	0.7905
CTNNA1	PGS1	3	0.0031	0.8699
KRT8	PGS1	3	0.1331	0.7656
LMNA	PGS1	3	0.0623	0.8195
MAPRE3	PGS1	3	0.0211	0.8564
ACTB	P3H1	3	0.1953	0.7230
CTNNA1	P3H1	3	0.0618	0.8200
KRT8	P3H1	3	0.2090	0.7142
LMNA	P3H1	3	0.0244	0.8541
MAPRE3	P3H1	3	0.0087	0.8647
ACTB	EML3	3	0.1862	0.7290
CTNNA1	EML3	3	0.0192	0.8576
KRT8	EML3	3	0.1699	0.7401
LMNA	EML3	3	0.0063	0.8666
MAPRE3	EML3	3	0.1242	0.7714
ACTB	LRRK1	3	0.0373	0.8437
KRT8	LRRK1	3	0.0818	0.8030
LMNA	LRRK1	3	0.0167	0.8593
ACTB	POLR1F	3	0.0565	0.8248
CTNNA1	POLR1F	3	0.0310	0.8490
KRT8	POLR1F	3	0.0690	0.8136
LMNA	POLR1F	3	0.1450	0.7576
MAPRE3	POLR1F	3	0.0019	0.8714
ACTB	EDRF1	3	0.0434	0.8374
CTNNA1	EDRF1	3	0.0010	0.8728
KRT8	EDRF1	3	0.0655	0.8166
LMNA	EDRF1	3	0.0037	0.8691
MAPRE3	EDRF1	3	0.0075	0.8657
ACTB	FAM161A	3	0.0642	0.8177
CTNNA1	FAM161A	3	0.0020	0.8713
KRT8	FAM161A	3	0.0599	0.8217
LMNA	FAM161A	3	0.0155	0.8600
MAPRE3	FAM161A	3	0.1136	0.7790
ACTB	MAP7D1	3	0.2411	0.6904
CTNNA1	MAP7D1	3	0.0973	0.7912
KRT8	MAP7D1	3	0.2642	0.6714
LMNA	MAP7D1	3	0.1533	0.7516
MAPRE3	MAP7D1	3	0.3115	0.6229
ACTB	CHD9	3	0.0076	0.8656
KRT8	CHD9	3	0.0183	0.8581
LMNA	CHD9	3	0.0483	0.8328
MAPRE3	CHD9	3	0.0002	0.8745
ACTB	LSM12	3	0.1344	0.7646
CTNNA1	LSM12	3	0.0470	0.8341
KRT8	LSM12	3	0.1527	0.7520
LMNA	LSM12	3	0.0840	0.8012
MAPRE3	LSM12	3	0.0508	0.8303
ACTB	TBC1D25	3	0.0419	0.8389
CTNNA1	TBC1D25	3	0.0002	0.8745
KRT8	TBC1D25	3	0.0950	0.7930
LMNA	TBC1D25	3	0.0308	0.8492
MAPRE3	TBC1D25	3	0.0043	0.8685
ACTB	HSDL1	3	0.0799	0.8046
CTNNA1	HSDL1	3	0.0136	0.8614
KRT8	HSDL1	3	0.1150	0.7781
LMNA	HSDL1	3	0.0879	0.7982
MAPRE3	HSDL1	3	0.0349	0.8457
ACTB	GON4L	3	0.0124	0.8622
CTNNA1	GON4L	3	0.0003	0.8743
KRT8	GON4L	3	0.0157	0.8599
LMNA	GON4L	3	0.0426	0.8382
MAPRE3	GON4L	3	0.0051	0.8678
ACTB	CCDC88A	3	0.0740	0.8094
CTNNA1	CCDC88A	3	0.0185	0.8580
KRT8	CCDC88A	3	0.0994	0.7896
LMNA	CCDC88A	3	0.0401	0.8407
MAPRE3	CCDC88A	3	0.0238	0.8546
ACTB	RABL6	3	0.2963	0.6400
CTNNA1	RABL6	3	0.0918	0.7953
KRT8	RABL6	3	0.2945	0.6420
LMNA	RABL6	3	0.1444	0.7580
MAPRE3	RABL6	3	0.2069	0.7156
LMNA	VMA21	3	0.3048	0.6306
ACTB	TIMM50	3	0.0929	0.7945
CTNNA1	TIMM50	3	0.0410	0.8398
KRT8	TIMM50	3	0.2634	0.6721
LMNA	TIMM50	3	0.1331	0.7656
MAPRE3	TIMM50	3	0.0596	0.8220
LMNA	LGALSL	3	0.0870	0.7990
ACTB	PARP14	3	0.3092	0.6260
CTNNA1	PARP14	3	0.1045	0.7858
KRT8	PARP14	3	0.2838	0.6528
LMNA	PARP14	3	0.1272	0.7694
MAPRE3	PARP14	3	0.1989	0.7204
ACTB	TIGIT	3	0.1318	0.7665
KRT8	TIGIT	3	0.1680	0.7413
ACTB	GLYR1	3	0.0931	0.7944
CTNNA1	GLYR1	3	0.0118	0.8626
KRT8	GLYR1	3	0.1062	0.7846
LMNA	GLYR1	3	0.1900	0.7265
MAPRE3	GLYR1	3	0.0401	0.8407
ACTB	CCDC14	3	0.0445	0.8365
CTNNA1	CCDC14	3	0.0061	0.8669
KRT8	CCDC14	3	0.1659	0.7428
LMNA	CCDC14	3	0.0116	0.8628
MAPRE3	CCDC14	3	0.0290	0.8507
ACTB	ZBED5	3	0.0104	0.8635
CTNNA1	ZBED5	3	0.0000	0.8752
KRT8	ZBED5	3	0.0066	0.8664
LMNA	ZBED5	3	0.0693	0.8133
MAPRE3	ZBED5	3	0.0012	0.8725
ACTB	C5orf22	3	0.1262	0.7700
CTNNA1	C5orf22	3	0.0362	0.8446
KRT8	C5orf22	3	0.2331	0.6966
LMNA	C5orf22	3	0.1721	0.7387
MAPRE3	C5orf22	3	0.0266	0.8525
ACTB	C2CD3	3	0.0452	0.8358
CTNNA1	C2CD3	3	0.0018	0.8715
KRT8	C2CD3	3	0.1085	0.7828
LMNA	C2CD3	3	0.0067	0.8663
MAPRE3	C2CD3	3	0.0331	0.8472
ACTB	RIC1	3	0.0583	0.8232
CTNNA1	RIC1	3	0.0018	0.8715
KRT8	RIC1	3	0.0959	0.7923
LMNA	RIC1	3	0.0083	0.8650
MAPRE3	RIC1	3	0.0081	0.8652
ACTB	LARP7	3	0.1539	0.7511
CTNNA1	LARP7	3	0.0292	0.8505
KRT8	LARP7	3	0.1402	0.7608
LMNA	LARP7	3	0.2241	0.7033
MAPRE3	LARP7	3	0.0526	0.8286
ACTB	NADK2	3	0.0859	0.7998
CTNNA1	NADK2	3	0.0308	0.8492
KRT8	NADK2	3	0.1440	0.7582
LMNA	NADK2	3	0.0561	0.8252
MAPRE3	NADK2	3	0.0249	0.8538
ACTB	CCDC152	3	0.0257	0.8532
KRT8	CCDC152	3	0.0450	0.8360
LMNA	CCDC152	3	0.0655	0.8166
MAPRE3	CCDC152	3	0.0168	0.8593
CTNNA1	ACSF3	3	0.0174	0.8588
KRT8	ACSF3	3	0.0969	0.7915
ACTB	PREPL	3	0.1053	0.7852
CTNNA1	PREPL	3	0.0307	0.8493
KRT8	PREPL	3	0.1110	0.7810
LMNA	PREPL	3	0.0813	0.8035
MAPRE3	PREPL	3	0.0573	0.8240
ACTB	TBC1D10B	3	0.0666	0.8156
CTNNA1	TBC1D10B	3	0.0015	0.8720
KRT8	TBC1D10B	3	0.0587	0.8228
LMNA	TBC1D10B	3	0.0020	0.8713
MAPRE3	TBC1D10B	3	0.0090	0.8644
ACTB	TPRN	3	0.1477	0.7556
CTNNA1	TPRN	3	0.0101	0.8637
KRT8	TPRN	3	0.0562	0.8252
LMNA	TPRN	3	0.0118	0.8626
MAPRE3	TPRN	3	0.0221	0.8557
ACTB	ANO6	3	0.1591	0.7476
CTNNA1	ANO6	3	0.0127	0.8620
KRT8	ANO6	3	0.1557	0.7499
LMNA	ANO6	3	0.1931	0.7246
MAPRE3	ANO6	3	0.0549	0.8265
ACTB	AASDH	3	0.0408	0.8400
CTNNA1	AASDH	3	0.0019	0.8714
KRT8	AASDH	3	0.0346	0.8460
LMNA	AASDH	3	0.2079	0.7148
MAPRE3	AASDH	3	0.0181	0.8582
ACTB	ARID4B	3	0.1367	0.7631
CTNNA1	ARID4B	3	0.0089	0.8645
KRT8	ARID4B	3	0.1253	0.7706
LMNA	ARID4B	3	0.1772	0.7351
MAPRE3	ARID4B	3	0.0322	0.8480
ACTB	GRIPAP1	3	0.2921	0.6446
CTNNA1	GRIPAP1	3	0.1394	0.7613
KRT8	GRIPAP1	3	0.3123	0.6219
LMNA	GRIPAP1	3	0.1523	0.7523
MAPRE3	GRIPAP1	3	0.2053	0.7166
ACTB	ZNG1F;ZNG1C;ZNG1E	3	0.0036	0.8693
CTNNA1	ZNG1F;ZNG1C;ZNG1E	3	0.0000	0.8752
KRT8	ZNG1F;ZNG1C;ZNG1E	3	0.0061	0.8669
LMNA	ZNG1F;ZNG1C;ZNG1E	3	0.0091	0.8643
MAPRE3	ZNG1F;ZNG1C;ZNG1E	3	0.0013	0.8724
ACTB	FLYWCH1	3	0.0794	0.8050
CTNNA1	FLYWCH1	3	0.0288	0.8508
KRT8	FLYWCH1	3	0.1332	0.7655
LMNA	FLYWCH1	3	0.2194	0.7067
MAPRE3	FLYWCH1	3	0.0701	0.8126
ACTB	AMOT	3	0.0741	0.8093
CTNNA1	AMOT	3	0.0184	0.8581
KRT8	AMOT	3	0.0719	0.8111
MAPRE3	AMOT	3	0.0182	0.8582
ACTB	PAN2	3	0.0457	0.8354
CTNNA1	PAN2	3	0.0063	0.8666
KRT8	PAN2	3	0.0949	0.7930
LMNA	PAN2	3	0.0060	0.8670
MAPRE3	PAN2	3	0.0047	0.8681
ACTB	FAM98B	3	0.2018	0.7188
CTNNA1	FAM98B	3	0.0555	0.8259
KRT8	FAM98B	3	0.2355	0.6945
LMNA	FAM98B	3	0.2114	0.7123
MAPRE3	FAM98B	3	0.1338	0.7651
ACTB	EPC2	3	0.2004	0.7197
KRT8	EPC2	3	0.1847	0.7298
LMNA	EPC2	3	0.2099	0.7135
MAPRE3	EPC2	3	0.0555	0.8259
ACTB	ARHGAP29	3	0.2922	0.6445
CTNNA1	ARHGAP29	3	0.1572	0.7488
KRT8	ARHGAP29	3	0.3277	0.5990
LMNA	ARHGAP29	3	0.1220	0.7729
MAPRE3	ARHGAP29	3	0.2167	0.7086
ACTB	PDCD4	3	0.1566	0.7493
CTNNA1	PDCD4	3	0.0398	0.8411
KRT8	PDCD4	3	0.1815	0.7319
LMNA	PDCD4	3	0.3258	0.6024
MAPRE3	PDCD4	3	0.0810	0.8037
ACTB	FNDC3B	3	0.1769	0.7354
CTNNA1	FNDC3B	3	0.0674	0.8150
KRT8	FNDC3B	3	0.2660	0.6700
LMNA	FNDC3B	3	0.1557	0.7499
MAPRE3	FNDC3B	3	0.0679	0.8145
ACTB	CEP55	3	0.0483	0.8328
CTNNA1	CEP55	3	0.0015	0.8720
KRT8	CEP55	3	0.0875	0.7986
LMNA	CEP55	3	0.0060	0.8670
MAPRE3	CEP55	3	0.0155	0.8600
ACTB	NCBP3	3	0.1926	0.7249
CTNNA1	NCBP3	3	0.0873	0.7987
KRT8	NCBP3	3	0.1958	0.7226
LMNA	NCBP3	3	0.3414	0.5754
MAPRE3	NCBP3	3	0.2007	0.7195
ACTB	IFI44L	3	0.1436	0.7585
CTNNA1	IFI44L	3	0.0265	0.8526
KRT8	IFI44L	3	0.3478	0.5633
LMNA	IFI44L	3	0.1703	0.7398
MAPRE3	IFI44L	3	0.0800	0.8045
ACTB	PHLDA2	3	0.2083	0.7145
CTNNA1	PHLDA2	3	0.0541	0.8273
KRT8	PHLDA2	3	0.2572	0.6771
LMNA	PHLDA2	3	0.1727	0.7383
MAPRE3	PHLDA2	3	0.0270	0.8522
ACTB	PDLIM3	3	0.0740	0.8094
KRT8	PDLIM3	3	0.0620	0.8197
LMNA	PDLIM3	3	0.0060	0.8670
MAPRE3	PDLIM3	3	0.0005	0.8738
ACTB	PARP10	3	0.0473	0.8338
CTNNA1	PARP10	3	0.0015	0.8720
KRT8	PARP10	3	0.1055	0.7850
MAPRE3	PARP10	3	0.0016	0.8718
ACTB	HSD17B12	3	0.2045	0.7172
CTNNA1	HSD17B12	3	0.0808	0.8039
KRT8	HSD17B12	3	0.3141	0.6193
LMNA	HSD17B12	3	0.1602	0.7468
MAPRE3	HSD17B12	3	0.0720	0.8111
ACTB	GLE1	3	0.3032	0.6325
CTNNA1	GLE1	3	0.1046	0.7858
KRT8	GLE1	3	0.3302	0.5958
LMNA	GLE1	3	0.2303	0.6988
MAPRE3	GLE1	3	0.2422	0.6895
ACTB	AGK	3	0.1903	0.7263
CTNNA1	AGK	3	0.0380	0.8430
KRT8	AGK	3	0.2496	0.6839
LMNA	AGK	3	0.1929	0.7247
MAPRE3	AGK	3	0.0626	0.8192
ACTB	SETMAR	3	0.0523	0.8289
CTNNA1	SETMAR	3	0.0031	0.8699
KRT8	SETMAR	3	0.0837	0.8015
LMNA	SETMAR	3	0.1027	0.7873
ACTB	LACTB2	3	0.0742	0.8092
CTNNA1	LACTB2	3	0.0563	0.8250
KRT8	LACTB2	3	0.1227	0.7724
LMNA	LACTB2	3	0.0793	0.8051
MAPRE3	LACTB2	3	0.0151	0.8604
ACTB	PYCR3	3	0.2423	0.6895
CTNNA1	PYCR3	3	0.0790	0.8053
KRT8	PYCR3	3	0.3013	0.6348
LMNA	PYCR3	3	0.2544	0.6798
MAPRE3	PYCR3	3	0.1427	0.7592
ACTB	KLHL26	3	0.0683	0.8142
KRT8	KLHL26	3	0.0925	0.7949
LMNA	KLHL26	3	0.0009	0.8730
MAPRE3	KLHL26	3	0.0040	0.8689
ACTB	CDCA8	3	0.2309	0.6984
CTNNA1	CDCA8	3	0.0821	0.8028
KRT8	CDCA8	3	0.2372	0.6932
LMNA	CDCA8	3	0.2962	0.6402
MAPRE3	CDCA8	3	0.2512	0.6826
ACTB	SOWAHC	3	0.0702	0.8125
CTNNA1	SOWAHC	3	0.0035	0.8694
KRT8	SOWAHC	3	0.0543	0.8271
LMNA	SOWAHC	3	0.0018	0.8715
MAPRE3	SOWAHC	3	0.0140	0.8611
ACTB	LBH	3	0.1101	0.7818
KRT8	LBH	3	0.0798	0.8047
LMNA	LBH	3	0.0378	0.8432
ACTB	ASPRV1	3	0.2034	0.7178
KRT8	ASPRV1	3	0.0490	0.8320
LMNA	ASPRV1	3	0.0799	0.8046
MAPRE3	ASPRV1	3	0.0473	0.8338
ACTB	COBLL1	3	0.1015	0.7882
CTNNA1	COBLL1	3	0.0082	0.8651
KRT8	COBLL1	3	0.0423	0.8385
LMNA	COBLL1	3	0.0084	0.8649
MAPRE3	COBLL1	3	0.0130	0.8618
ACTB	TAF1B	3	0.0120	0.8625
KRT8	TAF1B	3	0.0347	0.8460
LMNA	TAF1B	3	0.0558	0.8255
MAPRE3	TAF1B	3	0.0128	0.8619
KRT8	INO80D	3	0.0052	0.8677
LMNA	INO80D	3	0.0077	0.8655
MAPRE3	INO80D	3	0.0003	0.8743
ACTB	WDR81	3	0.2477	0.6852
CTNNA1	WDR81	3	0.0905	0.7962
KRT8	WDR81	3	0.3452	0.5676
LMNA	WDR81	3	0.1388	0.7618
MAPRE3	WDR81	3	0.1885	0.7275
ACTB	SGO2	3	0.1897	0.7267
CTNNA1	SGO2	3	0.0379	0.8431
KRT8	SGO2	3	0.2292	0.6995
LMNA	SGO2	3	0.2992	0.6371
MAPRE3	SGO2	3	0.2371	0.6933
ACTB	ACTBL2	3	0.3596	0.5427
CTNNA1	ACTBL2	3	0.0353	0.8454
KRT8	ACTBL2	3	0.0607	0.8210
LMNA	ACTBL2	3	0.0509	0.8302
MAPRE3	ACTBL2	3	0.0278	0.8516
ACTB	CCDC93	3	0.0883	0.7979
CTNNA1	CCDC93	3	0.0138	0.8613
KRT8	CCDC93	3	0.0598	0.8218
LMNA	CCDC93	3	0.0021	0.8711
MAPRE3	CCDC93	3	0.0317	0.8484
ACTB	ESCO2	3	0.0033	0.8697
KRT8	ESCO2	3	0.0082	0.8651
LMNA	ESCO2	3	0.0436	0.8372
MAPRE3	ESCO2	3	0.0009	0.8730
ACTB	OCIAD2	3	0.2459	0.6867
CTNNA1	OCIAD2	3	0.1240	0.7715
KRT8	OCIAD2	3	0.2471	0.6857
LMNA	OCIAD2	3	0.1282	0.7688
MAPRE3	OCIAD2	3	0.0672	0.8152
ACTB	PAN3	3	0.0455	0.8355
CTNNA1	PAN3	3	0.0002	0.8745
KRT8	PAN3	3	0.0708	0.8120
MAPRE3	PAN3	3	0.0085	0.8648
ACTB	PLEKHG4	3	0.0376	0.8434
KRT8	PLEKHG4	3	0.1022	0.7877
ACTB	HSP90AB4P	3	0.1772	0.7351
CTNNA1	HSP90AB4P	3	0.0277	0.8517
KRT8	HSP90AB4P	3	0.2607	0.6745
LMNA	HSP90AB4P	3	0.1060	0.7846
MAPRE3	HSP90AB4P	3	0.0651	0.8170
ACTB	DCAF6	3	0.0176	0.8586
KRT8	DCAF6	3	0.0283	0.8513
LMNA	DCAF6	3	0.0180	0.8583
ACTB	TMEM97	3	0.2255	0.7021
CTNNA1	TMEM97	3	0.0505	0.8305
KRT8	TMEM97	3	0.3150	0.6175
LMNA	TMEM97	3	0.2075	0.7151
MAPRE3	TMEM97	3	0.1454	0.7573
ACTB	ODF2	3	0.0543	0.8271
CTNNA1	ODF2	3	0.0017	0.8717
KRT8	ODF2	3	0.1158	0.7774
LMNA	ODF2	3	0.0412	0.8396
MAPRE3	ODF2	3	0.0501	0.8309
ACTB	ALG10;ALG10B	3	0.0185	0.8580
KRT8	ALG10;ALG10B	3	0.0495	0.8316
LMNA	ALG10;ALG10B	3	0.0155	0.8600
ACTB	ZNF326	3	0.1374	0.7626
CTNNA1	ZNF326	3	0.0311	0.8490
KRT8	ZNF326	3	0.1454	0.7573
LMNA	ZNF326	3	0.1158	0.7774
MAPRE3	ZNF326	3	0.0396	0.8413
ACTB	NOM1	3	0.0067	0.8663
KRT8	NOM1	3	0.0226	0.8554
LMNA	NOM1	3	0.0278	0.8516
ACTB	FLG2	3	0.2217	0.7050
CTNNA1	FLG2	3	0.0513	0.8297
KRT8	FLG2	3	0.1100	0.7818
LMNA	FLG2	3	0.1398	0.7611
MAPRE3	FLG2	3	0.0446	0.8364
ACTB	RILPL1	3	0.0571	0.8241
KRT8	RILPL1	3	0.0637	0.8181
MAPRE3	RILPL1	3	0.0117	0.8627
ACTB	DNAJC21	3	0.2948	0.6415
CTNNA1	DNAJC21	3	0.1167	0.7765
KRT8	DNAJC21	3	0.3088	0.6265
LMNA	DNAJC21	3	0.1499	0.7539
MAPRE3	DNAJC21	3	0.2240	0.7033
KRT8	SGO1	3	0.0087	0.8647
LMNA	SGO1	3	0.0715	0.8115
ACTB	HERC4	3	0.1089	0.7825
CTNNA1	HERC4	3	0.0378	0.8432
KRT8	HERC4	3	0.1188	0.7751
LMNA	HERC4	3	0.0434	0.8374
MAPRE3	HERC4	3	0.0357	0.8451
ACTB	CT83	3	0.0237	0.8547
KRT8	CT83	3	0.0066	0.8664
LMNA	CT83	3	0.2615	0.6736
ACTB	BCORL1	3	0.1891	0.7271
CTNNA1	BCORL1	3	0.0367	0.8442
KRT8	BCORL1	3	0.2239	0.7034
LMNA	BCORL1	3	0.2896	0.6471
MAPRE3	BCORL1	3	0.1534	0.7515
CTNNA1	TCEAL5;TCEAL6;TCEAL3	3	0.0022	0.8710
LMNA	TCEAL5;TCEAL6;TCEAL3	3	0.0569	0.8244
ACTB	ARMCX4	3	0.0005	0.8738
KRT8	ARMCX4	3	0.0650	0.8171
MAPRE3	ARMCX4	3	0.0187	0.8579
ACTB	PPP6R3	3	0.2873	0.6494
CTNNA1	PPP6R3	3	0.1481	0.7554
KRT8	PPP6R3	3	0.3578	0.5454
LMNA	PPP6R3	3	0.1890	0.7271
MAPRE3	PPP6R3	3	0.1763	0.7358
ACTB	DDX60L	3	0.0298	0.8500
CTNNA1	DDX60L	3	0.0016	0.8718
KRT8	DDX60L	3	0.0557	0.8257
LMNA	DDX60L	3	0.0030	0.8700
MAPRE3	DDX60L	3	0.0037	0.8691
LMNA	KIAA2026	3	0.0152	0.8603
ACTB	RABL3	3	0.1485	0.7549
CTNNA1	RABL3	3	0.1012	0.7884
KRT8	RABL3	3	0.1437	0.7584
LMNA	RABL3	3	0.3878	0.4857
MAPRE3	RABL3	3	0.0481	0.8330
ACTB	SH3D19	3	0.0816	0.8032
CTNNA1	SH3D19	3	0.0037	0.8691
KRT8	SH3D19	3	0.0621	0.8196
LMNA	SH3D19	3	0.0034	0.8695
MAPRE3	SH3D19	3	0.0314	0.8487
KRT8	C3orf38	3	0.2025	0.7185
LMNA	C3orf38	3	0.0882	0.7980
MAPRE3	C3orf38	3	0.0103	0.8636
ACTB	MIA3	3	0.2614	0.6737
CTNNA1	MIA3	3	0.0537	0.8276
KRT8	MIA3	3	0.2847	0.6520
LMNA	MIA3	3	0.2308	0.6985
MAPRE3	MIA3	3	0.1466	0.7564
ACTB	PITRM1	3	0.0937	0.7940
CTNNA1	PITRM1	3	0.0585	0.8229
KRT8	PITRM1	3	0.1338	0.7651
LMNA	PITRM1	3	0.0526	0.8286
MAPRE3	PITRM1	3	0.0328	0.8475
ACTB	WDR44	3	0.2773	0.6600
CTNNA1	WDR44	3	0.0832	0.8019
KRT8	WDR44	3	0.2837	0.6530
LMNA	WDR44	3	0.1119	0.7804
MAPRE3	WDR44	3	0.1476	0.7557
ACTB	DOCK11	3	0.0881	0.7981
CTNNA1	DOCK11	3	0.0126	0.8621
KRT8	DOCK11	3	0.0916	0.7955
LMNA	DOCK11	3	0.0101	0.8637
MAPRE3	DOCK11	3	0.0230	0.8551
ACTB	PRRC2B	3	0.2796	0.6573
CTNNA1	PRRC2B	3	0.0871	0.7989
KRT8	PRRC2B	3	0.3374	0.5822
LMNA	PRRC2B	3	0.2588	0.6759
MAPRE3	PRRC2B	3	0.2721	0.6643
ACTB	AMER1	3	0.0430	0.8378
CTNNA1	AMER1	3	0.0523	0.8289
KRT8	AMER1	3	0.2253	0.7023
LMNA	AMER1	3	0.0021	0.8711
MAPRE3	AMER1	3	0.0176	0.8586
ACTB	RRP12	3	0.2581	0.6764
CTNNA1	RRP12	3	0.0780	0.8059
KRT8	RRP12	3	0.2573	0.6770
LMNA	RRP12	3	0.2437	0.6883
MAPRE3	RRP12	3	0.1439	0.7583
ACTB	TOR1AIP1	3	0.0908	0.7960
CTNNA1	TOR1AIP1	3	0.0681	0.8143
KRT8	TOR1AIP1	3	0.1184	0.7754
LMNA	TOR1AIP1	3	0.8677	0.0444
MAPRE3	TOR1AIP1	3	0.0769	0.8068
ACTB	CEP78	3	0.0659	0.8162
CTNNA1	CEP78	3	0.0149	0.8605
KRT8	CEP78	3	0.1176	0.7759
LMNA	CEP78	3	0.0014	0.8722
MAPRE3	CEP78	3	0.0215	0.8561
ACTB	AARS2	3	0.0803	0.8043
CTNNA1	AARS2	3	0.0226	0.8554
KRT8	AARS2	3	0.1627	0.7449
LMNA	AARS2	3	0.0838	0.8014
MAPRE3	AARS2	3	0.0374	0.8436
ACTB	IQSEC2	3	0.2659	0.6701
KRT8	IQSEC2	3	0.1664	0.7424
MAPRE3	IQSEC2	3	0.0220	0.8557
ACTB	PCID2	3	0.1736	0.7377
CTNNA1	PCID2	3	0.0275	0.8519
KRT8	PCID2	3	0.2643	0.6713
LMNA	PCID2	3	0.1788	0.7339
MAPRE3	PCID2	3	0.0714	0.8116
ACTB	DOP1A	3	0.0524	0.8288
KRT8	DOP1A	3	0.1148	0.7783
MAPRE3	DOP1A	3	0.0002	0.8745
ACTB	SAMD9	3	0.2131	0.7112
CTNNA1	SAMD9	3	0.1166	0.7766
KRT8	SAMD9	3	0.2643	0.6713
LMNA	SAMD9	3	0.1689	0.7407
MAPRE3	SAMD9	3	0.1176	0.7759
ACTB	SPECC1	3	0.3130	0.6207
CTNNA1	SPECC1	3	0.0920	0.7952
KRT8	SPECC1	3	0.2034	0.7178
LMNA	SPECC1	3	0.0771	0.8066
MAPRE3	SPECC1	3	0.2479	0.6851
ACTB	PPP4R3B	3	0.2260	0.7018
KRT8	PPP4R3B	3	0.2683	0.6678
LMNA	PPP4R3B	3	0.3290	0.5975
MAPRE3	PPP4R3B	3	0.1334	0.7654
ACTB	WDR45B	3	0.0896	0.7968
CTNNA1	WDR45B	3	0.0594	0.8222
KRT8	WDR45B	3	0.2408	0.6906
LMNA	WDR45B	3	0.0886	0.7976
MAPRE3	WDR45B	3	0.0712	0.8117
ACTB	WIPI1	3	0.0677	0.8147
CTNNA1	WIPI1	3	0.0015	0.8720
KRT8	WIPI1	3	0.0750	0.8085
LMNA	WIPI1	3	0.0182	0.8582
MAPRE3	WIPI1	3	0.0079	0.8653
ACTB	SAMD4B	3	0.2057	0.7164
CTNNA1	SAMD4B	3	0.0813	0.8035
KRT8	SAMD4B	3	0.2853	0.6515
LMNA	SAMD4B	3	0.0645	0.8175
MAPRE3	SAMD4B	3	0.1592	0.7475
ACTB	TBCEL	3	0.0618	0.8200
CTNNA1	TBCEL	3	0.0188	0.8578
KRT8	TBCEL	3	0.1094	0.7822
LMNA	TBCEL	3	0.0492	0.8318
MAPRE3	TBCEL	3	0.0076	0.8656
ACTB	DNTTIP2	3	0.1811	0.7322
CTNNA1	DNTTIP2	3	0.0400	0.8409
KRT8	DNTTIP2	3	0.1663	0.7424
LMNA	DNTTIP2	3	0.2798	0.6572
MAPRE3	DNTTIP2	3	0.2019	0.7188
ACTB	RABGAP1L	3	0.2615	0.6736
CTNNA1	RABGAP1L	3	0.0618	0.8200
KRT8	RABGAP1L	3	0.3078	0.6275
LMNA	RABGAP1L	3	0.1312	0.7668
MAPRE3	RABGAP1L	3	0.1286	0.7685
ACTB	ELFN2	3	0.1557	0.7499
CTNNA1	ELFN2	3	0.0062	0.8667
KRT8	ELFN2	3	0.0462	0.8349
MAPRE3	ELFN2	3	0.0184	0.8581
ACTB	TTC38	3	0.0572	0.8240
KRT8	TTC38	3	0.2011	0.7193
LMNA	TTC38	3	0.0370	0.8440
MAPRE3	TTC38	3	0.0084	0.8649
KRT8	RBM48	3	0.0044	0.8684
LMNA	RBM48	3	0.0085	0.8648
MAPRE3	RBM48	3	0.0001	0.8748
ACTB	TMEM201	3	0.0574	0.8239
CTNNA1	TMEM201	3	0.0074	0.8657
KRT8	TMEM201	3	0.0800	0.8045
LMNA	TMEM201	3	0.7634	0.0823
MAPRE3	TMEM201	3	0.0495	0.8316
ACTB	SNAP47	3	0.0345	0.8461
CTNNA1	SNAP47	3	0.0038	0.8691
KRT8	SNAP47	3	0.0954	0.7927
LMNA	SNAP47	3	0.0108	0.8633
MAPRE3	SNAP47	3	0.0041	0.8688
ACTB	NUP188	3	0.1988	0.7205
CTNNA1	NUP188	3	0.0768	0.8069
KRT8	NUP188	3	0.4227	0.4262
LMNA	NUP188	3	0.2159	0.7092
MAPRE3	NUP188	3	0.1363	0.7633
CTNNA1	PHYHD1	3	0.0520	0.8291
KRT8	PHYHD1	3	0.0941	0.7937
LMNA	PHYHD1	3	0.1064	0.7843
MAPRE3	PHYHD1	3	0.0358	0.8450
ACTB	HP1BP3	3	0.1616	0.7457
CTNNA1	HP1BP3	3	0.0597	0.8219
KRT8	HP1BP3	3	0.1588	0.7478
LMNA	HP1BP3	3	0.3068	0.6284
MAPRE3	HP1BP3	3	0.0999	0.7892
ACTB	ZMYM1	3	0.2099	0.7135
CTNNA1	ZMYM1	3	0.0550	0.8263
KRT8	ZMYM1	3	0.2328	0.6970
LMNA	ZMYM1	3	0.2874	0.6494
MAPRE3	ZMYM1	3	0.1453	0.7574
ACTB	CEP170	3	0.2668	0.6692
CTNNA1	CEP170	3	0.1474	0.7559
KRT8	CEP170	3	0.3243	0.6043
LMNA	CEP170	3	0.1194	0.7746
MAPRE3	CEP170	3	0.3409	0.5764
ACTB	LDLRAP1	3	0.0255	0.8533
CTNNA1	LDLRAP1	3	0.0029	0.8701
KRT8	LDLRAP1	3	0.0871	0.7989
LMNA	LDLRAP1	3	0.0226	0.8554
MAPRE3	LDLRAP1	3	0.0103	0.8636
ACTB	PPP1R15B	3	0.2834	0.6534
CTNNA1	PPP1R15B	3	0.1330	0.7657
KRT8	PPP1R15B	3	0.3055	0.6299
LMNA	PPP1R15B	3	0.0931	0.7944
MAPRE3	PPP1R15B	3	0.1752	0.7367
ACTB	ODR4	3	0.1267	0.7697
CTNNA1	ODR4	3	0.0536	0.8277
KRT8	ODR4	3	0.5596	0.2391
LMNA	ODR4	3	0.1492	0.7544
MAPRE3	ODR4	3	0.0610	0.8207
ACTB	SNAPC4	3	0.0081	0.8652
CTNNA1	SNAPC4	3	0.0000	0.8752
KRT8	SNAPC4	3	0.0117	0.8627
LMNA	SNAPC4	3	0.0349	0.8457
MAPRE3	SNAPC4	3	0.0006	0.8736
ACTB	NOL9	3	0.2031	0.7181
CTNNA1	NOL9	3	0.2393	0.6920
KRT8	NOL9	3	0.2322	0.6975
LMNA	NOL9	3	0.2110	0.7127
MAPRE3	NOL9	3	0.1340	0.7649
ACTB	NHSL1	3	0.0909	0.7959
CTNNA1	NHSL1	3	0.0140	0.8611
KRT8	NHSL1	3	0.0965	0.7919
MAPRE3	NHSL1	3	0.0036	0.8693
ACTB	CEP85L	3	0.0334	0.8470
KRT8	CEP85L	3	0.0901	0.7965
MAPRE3	CEP85L	3	0.0072	0.8659
ACTB	SZT2	3	0.0820	0.8028
KRT8	SZT2	3	0.1518	0.7527
LMNA	SZT2	3	0.0246	0.8540
MAPRE3	SZT2	3	0.0162	0.8596
ACTB	ZNF362	3	0.2116	0.7121
CTNNA1	ZNF362	3	0.0177	0.8585
KRT8	ZNF362	3	0.1388	0.7618
LMNA	ZNF362	3	0.2346	0.6953
MAPRE3	ZNF362	3	0.1468	0.7562
ACTB	CC2D1B	3	0.2266	0.7014
CTNNA1	CC2D1B	3	0.0356	0.8451
KRT8	CC2D1B	3	0.2155	0.7095
LMNA	CC2D1B	3	0.1569	0.7490
MAPRE3	CC2D1B	3	0.1472	0.7560
ACTB	FNBP1L	3	0.0606	0.8211
CTNNA1	FNBP1L	3	0.0041	0.8688
KRT8	FNBP1L	3	0.0727	0.8104
LMNA	FNBP1L	3	0.0038	0.8691
MAPRE3	FNBP1L	3	0.0095	0.8641
ACTB	FAM83B	3	0.1736	0.7377
CTNNA1	FAM83B	3	0.0211	0.8564
KRT8	FAM83B	3	0.5292	0.2639
MAPRE3	FAM83B	3	0.1248	0.7710
ACTB	RARS2	3	0.1439	0.7583
CTNNA1	RARS2	3	0.0104	0.8635
KRT8	RARS2	3	0.3202	0.6099
LMNA	RARS2	3	0.1802	0.7328
MAPRE3	RARS2	3	0.0969	0.7915
ACTB	CHCHD2P9;CHCHD2	3	0.2174	0.7081
KRT8	CHCHD2P9;CHCHD2	3	0.0738	0.8095
LMNA	CHCHD2P9;CHCHD2	3	0.0193	0.8576
ACTB	FKBP15	3	0.3183	0.6133
CTNNA1	FKBP15	3	0.1315	0.7666
KRT8	FKBP15	3	0.3122	0.6221
LMNA	FKBP15	3	0.1829	0.7309
MAPRE3	FKBP15	3	0.2116	0.7121
ACTB	HIVEP3	3	0.0172	0.8589
KRT8	HIVEP3	3	0.0043	0.8685
LMNA	HIVEP3	3	0.0242	0.8543
MAPRE3	HIVEP3	3	0.0004	0.8740
ACTB	DDX59	3	0.1040	0.7862
KRT8	DDX59	3	0.0713	0.8116
LMNA	DDX59	3	0.1857	0.7293
MAPRE3	DDX59	3	0.0210	0.8565
ACTB	ZC3H13	3	0.0545	0.8269
KRT8	ZC3H13	3	0.0770	0.8067
LMNA	ZC3H13	3	0.2030	0.7182
ACTB	SPOUT1	3	0.1297	0.7679
CTNNA1	SPOUT1	3	0.0144	0.8608
KRT8	SPOUT1	3	0.1400	0.7609
LMNA	SPOUT1	3	0.0961	0.7922
MAPRE3	SPOUT1	3	0.0285	0.8511
ACTB	ODAD2	3	0.1630	0.7447
CTNNA1	ODAD2	3	0.0223	0.8556
KRT8	ODAD2	3	0.2602	0.6748
ACTB	GPATCH4	3	0.2290	0.6998
CTNNA1	GPATCH4	3	0.0768	0.8069
KRT8	GPATCH4	3	0.2455	0.6871
LMNA	GPATCH4	3	0.3275	0.5998
MAPRE3	GPATCH4	3	0.2477	0.6852
ACTB	LRIF1	3	0.0006	0.8736
CTNNA1	LRIF1	3	0.0000	0.8752
KRT8	LRIF1	3	0.0017	0.8717
LMNA	LRIF1	3	0.0312	0.8489
MAPRE3	LRIF1	3	0.0030	0.8700
ACTB	HECTD3	3	0.0290	0.8507
KRT8	HECTD3	3	0.0890	0.7973
ACTB	UBR4	3	0.2340	0.6958
CTNNA1	UBR4	3	0.0580	0.8234
KRT8	UBR4	3	0.3424	0.5738
LMNA	UBR4	3	0.1557	0.7499
MAPRE3	UBR4	3	0.1351	0.7641
ACTB	STXBP5	3	0.2788	0.6583
CTNNA1	STXBP5	3	0.0636	0.8182
KRT8	STXBP5	3	0.3062	0.6292
LMNA	STXBP5	3	0.2478	0.6852
MAPRE3	STXBP5	3	0.1606	0.7465
ACTB	KIAA1217	3	0.3024	0.6335
CTNNA1	KIAA1217	3	0.3570	0.5465
KRT8	KIAA1217	3	0.3688	0.5221
LMNA	KIAA1217	3	0.0658	0.8163
MAPRE3	KIAA1217	3	0.3865	0.4899
ACTB	ARHGAP21	3	0.0985	0.7903
CTNNA1	ARHGAP21	3	0.0854	0.8002
KRT8	ARHGAP21	3	0.0752	0.8083
LMNA	ARHGAP21	3	0.0033	0.8697
MAPRE3	ARHGAP21	3	0.0110	0.8631
ACTB	BEND3	3	0.1636	0.7442
CTNNA1	BEND3	3	0.0383	0.8427
KRT8	BEND3	3	0.1798	0.7330
LMNA	BEND3	3	0.2621	0.6730
MAPRE3	BEND3	3	0.1099	0.7819
ACTB	CAMSAP1	3	0.2712	0.6653
CTNNA1	CAMSAP1	3	0.1123	0.7801
KRT8	CAMSAP1	3	0.2844	0.6522
LMNA	CAMSAP1	3	0.1217	0.7731
MAPRE3	CAMSAP1	3	0.3310	0.5943
ACTB	UBAP2	3	0.2536	0.6805
CTNNA1	UBAP2	3	0.0893	0.7970
KRT8	UBAP2	3	0.2847	0.6520
LMNA	UBAP2	3	0.0887	0.7975
MAPRE3	UBAP2	3	0.2209	0.7056
ACTB	QNG1	3	0.2117	0.7121
CTNNA1	QNG1	3	0.0150	0.8605
KRT8	QNG1	3	0.3630	0.5361
LMNA	QNG1	3	0.2050	0.7168
MAPRE3	QNG1	3	0.0843	0.8010
LMNA	KPRP	3	0.0044	0.8684
ACTB	KIF24	3	0.0456	0.8355
CTNNA1	KIF24	3	0.0235	0.8548
KRT8	KIF24	3	0.1059	0.7848
LMNA	KIF24	3	0.0046	0.8682
MAPRE3	KIF24	3	0.0746	0.8089
ACTB	TSTD2	3	0.2998	0.6363
CTNNA1	TSTD2	3	0.1389	0.7617
KRT8	TSTD2	3	0.3374	0.5822
LMNA	TSTD2	3	0.1385	0.7620
MAPRE3	TSTD2	3	0.2437	0.6883
ACTB	ACBD5	3	0.0424	0.8383
KRT8	ACBD5	3	0.0385	0.8425
MAPRE3	ACBD5	3	0.0015	0.8720
ACTB	HENMT1	3	0.1734	0.7378
CTNNA1	HENMT1	3	0.0240	0.8544
KRT8	HENMT1	3	0.3632	0.5359
LMNA	HENMT1	3	0.1491	0.7546
MAPRE3	HENMT1	3	0.1041	0.7861
ACTB	RBM26	3	0.1938	0.7241
CTNNA1	RBM26	3	0.0469	0.8342
KRT8	RBM26	3	0.1941	0.7238
LMNA	RBM26	3	0.2766	0.6608
MAPRE3	RBM26	3	0.2165	0.7088
ACTB	ATAD3B	3	0.0585	0.8229
CTNNA1	ATAD3B	3	0.0402	0.8406
KRT8	ATAD3B	3	0.0922	0.7951
LMNA	ATAD3B	3	0.0653	0.8168
MAPRE3	ATAD3B	3	0.0260	0.8530
ACTB	WLS	3	0.1920	0.7253
CTNNA1	WLS	3	0.0755	0.8080
KRT8	WLS	3	0.2330	0.6967
LMNA	WLS	3	0.3678	0.5245
MAPRE3	WLS	3	0.0821	0.8028
ACTB	CCDC18	3	0.0255	0.8533
CTNNA1	CCDC18	3	0.0002	0.8745
KRT8	CCDC18	3	0.0553	0.8261
LMNA	CCDC18	3	0.0296	0.8502
MAPRE3	CCDC18	3	0.0070	0.8661
ACTB	INTS11	3	0.1577	0.7485
CTNNA1	INTS11	3	0.0426	0.8382
KRT8	INTS11	3	0.1852	0.7296
LMNA	INTS11	3	0.2578	0.6767
MAPRE3	INTS11	3	0.0904	0.7963
ACTB	DCAF8	3	0.1164	0.7768
KRT8	DCAF8	3	0.0640	0.8179
LMNA	DCAF8	3	0.0248	0.8539
MAPRE3	DCAF8	3	0.0002	0.8745
ACTB	TUT4	3	0.2393	0.6920
CTNNA1	TUT4	3	0.0743	0.8092
KRT8	TUT4	3	0.2670	0.6690
LMNA	TUT4	3	0.1031	0.7870
MAPRE3	TUT4	3	0.2009	0.7194
ACTB	CEP162	3	0.0377	0.8433
CTNNA1	CEP162	3	0.0039	0.8690
KRT8	CEP162	3	0.0799	0.8046
LMNA	CEP162	3	0.0336	0.8468
MAPRE3	CEP162	3	0.0699	0.8128
ACTB	RNASEH2B	3	0.1089	0.7825
KRT8	RNASEH2B	3	0.1177	0.7758
LMNA	RNASEH2B	3	0.2156	0.7094
MAPRE3	RNASEH2B	3	0.1196	0.7746
ACTB	ATPAF1	3	0.0999	0.7892
CTNNA1	ATPAF1	3	0.0421	0.8387
KRT8	ATPAF1	3	0.2309	0.6984
ACTB	RC3H1	3	0.2747	0.6620
CTNNA1	RC3H1	3	0.1173	0.7761
KRT8	RC3H1	3	0.3028	0.6331
LMNA	RC3H1	3	0.1125	0.7799
MAPRE3	RC3H1	3	0.1953	0.7230
ACTB	SH3PXD2A	3	0.0836	0.8016
KRT8	SH3PXD2A	3	0.0765	0.8072
MAPRE3	SH3PXD2A	3	0.0795	0.8049
ACTB	H3-7	3	0.1340	0.7649
CTNNA1	H3-7	3	0.0337	0.8467
KRT8	H3-7	3	0.1363	0.7633
LMNA	H3-7	3	0.0919	0.7953
MAPRE3	H3-7	3	0.0357	0.8451
ACTB	IFFO2	3	0.0693	0.8133
KRT8	IFFO2	3	0.2563	0.6779
LMNA	IFFO2	3	0.0607	0.8210
MAPRE3	IFFO2	3	0.0200	0.8571
ACTB	NT5DC1	3	0.0862	0.7996
CTNNA1	NT5DC1	3	0.0366	0.8443
KRT8	NT5DC1	3	0.0976	0.7909
LMNA	NT5DC1	3	0.1114	0.7807
MAPRE3	NT5DC1	3	0.0471	0.8340
ACTB	AHDC1	3	0.1771	0.7352
CTNNA1	AHDC1	3	0.0667	0.8156
KRT8	AHDC1	3	0.1773	0.7350
LMNA	AHDC1	3	0.3054	0.6302
MAPRE3	AHDC1	3	0.1081	0.7830
ACTB	VPS13D	3	0.0446	0.8364
CTNNA1	VPS13D	3	0.0019	0.8714
KRT8	VPS13D	3	0.0840	0.8012
LMNA	VPS13D	3	0.0071	0.8660
MAPRE3	VPS13D	3	0.0086	0.8647
ACTB	PRR14L	3	0.0481	0.8330
CTNNA1	PRR14L	3	0.0025	0.8705
KRT8	PRR14L	3	0.0826	0.8024
LMNA	PRR14L	3	0.0726	0.8105
MAPRE3	PRR14L	3	0.0118	0.8626
ACTB	LIN9	3	0.1227	0.7724
CTNNA1	LIN9	3	0.0181	0.8582
KRT8	LIN9	3	0.1254	0.7705
LMNA	LIN9	3	0.1212	0.7734
MAPRE3	LIN9	3	0.0183	0.8581
ACTB	LYRM7	3	0.1927	0.7248
CTNNA1	LYRM7	3	0.0426	0.8382
KRT8	LYRM7	3	0.5100	0.2814
LMNA	LYRM7	3	0.0884	0.7978
MAPRE3	LYRM7	3	0.0444	0.8366
ACTB	RIF1	3	0.1889	0.7272
CTNNA1	RIF1	3	0.0768	0.8069
KRT8	RIF1	3	0.1977	0.7213
LMNA	RIF1	3	0.3146	0.6185
MAPRE3	RIF1	3	0.1633	0.7445
ACTB	VPS53	3	0.2924	0.6443
CTNNA1	VPS53	3	0.1285	0.7686
KRT8	VPS53	3	0.3432	0.5725
LMNA	VPS53	3	0.1651	0.7434
MAPRE3	VPS53	3	0.1974	0.7215
ACTB	STRIP1	3	0.3546	0.5511
CTNNA1	STRIP1	3	0.1317	0.7665
KRT8	STRIP1	3	0.3697	0.5205
LMNA	STRIP1	3	0.2678	0.6682
MAPRE3	STRIP1	3	0.2552	0.6789
ACTB	CEP350	3	0.2565	0.6776
CTNNA1	CEP350	3	0.1612	0.7460
KRT8	CEP350	3	0.3161	0.6158
LMNA	CEP350	3	0.1162	0.7770
MAPRE3	CEP350	3	0.2678	0.6682
ACTB	CDC42BPA	3	0.3110	0.6236
CTNNA1	CDC42BPA	3	0.1754	0.7365
KRT8	CDC42BPA	3	0.3353	0.5857
LMNA	CDC42BPA	3	0.1492	0.7544
MAPRE3	CDC42BPA	3	0.2038	0.7176
ACTB	RPRD2	3	0.1994	0.7202
CTNNA1	RPRD2	3	0.0430	0.8378
KRT8	RPRD2	3	0.2100	0.7133
LMNA	RPRD2	3	0.2617	0.6734
MAPRE3	RPRD2	3	0.1422	0.7595
ACTB	RNF220	3	0.0024	0.8706
LMNA	RNF220	3	0.0751	0.8084
ACTB	PRPF38B	3	0.1198	0.7744
CTNNA1	PRPF38B	3	0.0239	0.8545
KRT8	PRPF38B	3	0.1638	0.7441
LMNA	PRPF38B	3	0.0909	0.7959
MAPRE3	PRPF38B	3	0.0323	0.8479
ACTB	RNF20	3	0.2469	0.6859
CTNNA1	RNF20	3	0.0529	0.8284
KRT8	RNF20	3	0.2663	0.6697
LMNA	RNF20	3	0.2724	0.6640
MAPRE3	RNF20	3	0.1736	0.7377
ACTB	PDE4DIP	3	0.1988	0.7205
CTNNA1	PDE4DIP	3	0.0942	0.7936
KRT8	PDE4DIP	3	0.2776	0.6597
LMNA	PDE4DIP	3	0.1241	0.7714
MAPRE3	PDE4DIP	3	0.4027	0.4555
ACTB	ZNF318	3	0.2684	0.6677
CTNNA1	ZNF318	3	0.0996	0.7895
KRT8	ZNF318	3	0.2457	0.6869
LMNA	ZNF318	3	0.3174	0.6144
MAPRE3	ZNF318	3	0.2114	0.7123
ACTB	FAM171A1	3	0.0439	0.8371
CTNNA1	FAM171A1	3	0.0030	0.8700
KRT8	FAM171A1	3	0.0325	0.8478
LMNA	FAM171A1	3	0.0000	0.8752
MAPRE3	FAM171A1	3	0.0003	0.8743
ACTB	ARHGEF16	3	0.0503	0.8308
CTNNA1	ARHGEF16	3	0.0004	0.8740
KRT8	ARHGEF16	3	0.0752	0.8083
LMNA	ARHGEF16	3	0.0068	0.8662
MAPRE3	ARHGEF16	3	0.0097	0.8639
ACTB	CDKAL1	3	0.2363	0.6939
CTNNA1	CDKAL1	3	0.0682	0.8142
KRT8	CDKAL1	3	0.2788	0.6583
LMNA	CDKAL1	3	0.2715	0.6649
MAPRE3	CDKAL1	3	0.1772	0.7351
KRT8	MYSM1	3	0.0155	0.8600
LMNA	MYSM1	3	0.2803	0.6565
ACTB	FOCAD	3	0.0589	0.8226
CTNNA1	FOCAD	3	0.0038	0.8691
KRT8	FOCAD	3	0.0902	0.7964
LMNA	FOCAD	3	0.0421	0.8387
MAPRE3	FOCAD	3	0.0132	0.8616
ACTB	TAF3	3	0.0001	0.8748
KRT8	TAF3	3	0.0000	0.8752
LMNA	TAF3	3	0.0131	0.8617
ACTB	TASOR2	3	0.2493	0.6841
CTNNA1	TASOR2	3	0.0725	0.8105
KRT8	TASOR2	3	0.2595	0.6753
LMNA	TASOR2	3	0.2974	0.6387
MAPRE3	TASOR2	3	0.1973	0.7216
ACTB	RSBN1	3	0.0119	0.8625
KRT8	RSBN1	3	0.0310	0.8490
LMNA	RSBN1	3	0.0345	0.8461
MAPRE3	RSBN1	3	0.0017	0.8717
ACTB	DAB2IP	3	0.0711	0.8118
CTNNA1	DAB2IP	3	0.0029	0.8701
KRT8	DAB2IP	3	0.0753	0.8082
LMNA	DAB2IP	3	0.0037	0.8691
MAPRE3	DAB2IP	3	0.0033	0.8697
ACTB	LYPLAL1	3	0.1262	0.7700
CTNNA1	LYPLAL1	3	0.0450	0.8360
KRT8	LYPLAL1	3	0.1528	0.7520
LMNA	LYPLAL1	3	0.0957	0.7925
MAPRE3	LYPLAL1	3	0.0611	0.8206
ACTB	ECPAS	3	0.2524	0.6814
CTNNA1	ECPAS	3	0.0517	0.8294
KRT8	ECPAS	3	0.3133	0.6203
LMNA	ECPAS	3	0.2145	0.7102
MAPRE3	ECPAS	3	0.1664	0.7424
ACTB	TUT7	3	0.0538	0.8275
CTNNA1	TUT7	3	0.0030	0.8700
KRT8	TUT7	3	0.0677	0.8147
LMNA	TUT7	3	0.0045	0.8683
MAPRE3	TUT7	3	0.0558	0.8255
ACTB	DENND4C	3	0.2728	0.6637
CTNNA1	DENND4C	3	0.1450	0.7576
KRT8	DENND4C	3	0.3109	0.6238
LMNA	DENND4C	3	0.1039	0.7863
MAPRE3	DENND4C	3	0.1939	0.7240
ACTB	NAA35	3	0.0467	0.8344
CTNNA1	NAA35	3	0.0002	0.8745
KRT8	NAA35	3	0.0459	0.8351
LMNA	NAA35	3	0.0014	0.8722
MAPRE3	NAA35	3	0.0019	0.8714
ACTB	CARMIL1	3	0.3122	0.6221
CTNNA1	CARMIL1	3	0.1185	0.7753
KRT8	CARMIL1	3	0.3427	0.5733
LMNA	CARMIL1	3	0.1948	0.7234
MAPRE3	CARMIL1	3	0.2040	0.7174
ACTB	ZMYM4	3	0.1775	0.7348
CTNNA1	ZMYM4	3	0.0352	0.8455
KRT8	ZMYM4	3	0.2074	0.7151
LMNA	ZMYM4	3	0.2505	0.6832
MAPRE3	ZMYM4	3	0.1478	0.7556
ACTB	OBI1	3	0.0127	0.8620
CTNNA1	OBI1	3	0.0058	0.8671
KRT8	OBI1	3	0.0616	0.8201
LMNA	OBI1	3	0.0545	0.8269
MAPRE3	OBI1	3	0.0010	0.8728
ACTB	FHIP2A	3	0.1139	0.7788
CTNNA1	FHIP2A	3	0.0184	0.8581
KRT8	FHIP2A	3	0.1787	0.7340
LMNA	FHIP2A	3	0.0314	0.8487
MAPRE3	FHIP2A	3	0.0701	0.8126
ACTB	BTBD8	3	0.0765	0.8072
CTNNA1	BTBD8	3	0.0369	0.8440
KRT8	BTBD8	3	0.0925	0.7949
LMNA	BTBD8	3	0.0720	0.8111
MAPRE3	BTBD8	3	0.0189	0.8578
ACTB	MICOS13	3	0.1695	0.7403
CTNNA1	MICOS13	3	0.0295	0.8502
KRT8	MICOS13	3	0.1314	0.7667
LMNA	MICOS13	3	0.0921	0.7952
MAPRE3	MICOS13	3	0.0344	0.8462
ACTB	RNF123	3	0.0495	0.8316
KRT8	RNF123	3	0.1078	0.7833
LMNA	RNF123	3	0.0139	0.8612
MAPRE3	RNF123	3	0.0025	0.8705
ACTB	FBXW9	3	0.2540	0.6802
CTNNA1	FBXW9	3	0.0483	0.8328
KRT8	FBXW9	3	0.2548	0.6793
LMNA	FBXW9	3	0.1558	0.7498
MAPRE3	FBXW9	3	0.1041	0.7861
ACTB	RNF213	3	0.2832	0.6535
CTNNA1	RNF213	3	0.1127	0.7798
KRT8	RNF213	3	0.3491	0.5605
LMNA	RNF213	3	0.2391	0.6922
MAPRE3	RNF213	3	0.1898	0.7266
ACTB	TNS2	3	0.0311	0.8490
KRT8	TNS2	3	0.0631	0.8188
LMNA	TNS2	3	0.0111	0.8630
MAPRE3	TNS2	3	0.0037	0.8691
ACTB	KANK2	3	0.3121	0.6222
CTNNA1	KANK2	3	0.1974	0.7215
KRT8	KANK2	3	0.3197	0.6107
LMNA	KANK2	3	0.1022	0.7877
MAPRE3	KANK2	3	0.2031	0.7181
ACTB	WASHC2A	3	0.3311	0.5940
CTNNA1	WASHC2A	3	0.1798	0.7330
KRT8	WASHC2A	3	0.3116	0.6227
LMNA	WASHC2A	3	0.1286	0.7685
MAPRE3	WASHC2A	3	0.2245	0.7029
ACTB	WDR25	3	0.1772	0.7351
KRT8	WDR25	3	0.4191	0.4293
LMNA	WDR25	3	0.3204	0.6097
MAPRE3	WDR25	3	0.1398	0.7611
ACTB	STEAP3	3	0.2484	0.6848
CTNNA1	STEAP3	3	0.1827	0.7311
KRT8	STEAP3	3	0.2511	0.6827
LMNA	STEAP3	3	0.1552	0.7501
MAPRE3	STEAP3	3	0.1309	0.7670
ACTB	ICE2	3	0.2016	0.7190
CTNNA1	ICE2	3	0.0357	0.8451
KRT8	ICE2	3	0.2351	0.6949
LMNA	ICE2	3	0.2227	0.7043
MAPRE3	ICE2	3	0.1188	0.7751
ACTB	LARP1B	3	0.0492	0.8318
CTNNA1	LARP1B	3	0.0028	0.8702
KRT8	LARP1B	3	0.0530	0.8283
LMNA	LARP1B	3	0.0000	0.8752
MAPRE3	LARP1B	3	0.0180	0.8583
ACTB	CEP135	3	0.0445	0.8365
CTNNA1	CEP135	3	0.0008	0.8732
KRT8	CEP135	3	0.2078	0.7149
LMNA	CEP135	3	0.0407	0.8401
MAPRE3	CEP135	3	0.0333	0.8471
ACTB	TBC1D9B	3	0.0514	0.8297
CTNNA1	TBC1D9B	3	0.0001	0.8748
KRT8	TBC1D9B	3	0.0600	0.8217
LMNA	TBC1D9B	3	0.0051	0.8678
MAPRE3	TBC1D9B	3	0.0013	0.8724
ACTB	MAP1S	3	0.1951	0.7231
CTNNA1	MAP1S	3	0.0557	0.8257
KRT8	MAP1S	3	0.2132	0.7111
LMNA	MAP1S	3	0.0705	0.8122
MAPRE3	MAP1S	3	0.2412	0.6903
ACTB	PPP2R2D	3	0.0787	0.8054
CTNNA1	PPP2R2D	3	0.0487	0.8323
KRT8	PPP2R2D	3	0.0785	0.8056
LMNA	PPP2R2D	3	0.0626	0.8192
MAPRE3	PPP2R2D	3	0.0331	0.8472
ACTB	ARL6IP4	3	0.1259	0.7702
CTNNA1	ARL6IP4	3	0.0432	0.8376
KRT8	ARL6IP4	3	0.1597	0.7472
LMNA	ARL6IP4	3	0.1547	0.7506
MAPRE3	ARL6IP4	3	0.0421	0.8387
ACTB	TPGS2	3	0.0429	0.8379
KRT8	TPGS2	3	0.0582	0.8233
LMNA	TPGS2	3	0.0037	0.8691
ACTB	ARID2	3	0.2464	0.6863
CTNNA1	ARID2	3	0.0684	0.8140
KRT8	ARID2	3	0.2610	0.6742
LMNA	ARID2	3	0.2951	0.6412
MAPRE3	ARID2	3	0.1250	0.7708
ACTB	UTP25	3	0.2079	0.7148
KRT8	UTP25	3	0.3115	0.6229
LMNA	UTP25	3	0.2169	0.7084
MAPRE3	UTP25	3	0.1120	0.7803
ACTB	RPGRIP1L	3	0.0603	0.8214
CTNNA1	RPGRIP1L	3	0.0409	0.8399
KRT8	RPGRIP1L	3	0.0637	0.8181
LMNA	RPGRIP1L	3	0.0443	0.8367
MAPRE3	RPGRIP1L	3	0.0372	0.8438
ACTB	TNS3	3	0.3121	0.6222
CTNNA1	TNS3	3	0.1531	0.7517
KRT8	TNS3	3	0.3519	0.5549
LMNA	TNS3	3	0.1538	0.7512
MAPRE3	TNS3	3	0.2044	0.7173
ACTB	HAUS3	3	0.0445	0.8365
CTNNA1	HAUS3	3	0.0007	0.8734
KRT8	HAUS3	3	0.0969	0.7915
MAPRE3	HAUS3	3	0.0152	0.8603
LMNA	SPTY2D1	3	0.0481	0.8330
MAPRE3	SPTY2D1	3	0.0596	0.8220
ACTB	MBLAC2	3	0.0445	0.8365
KRT8	MBLAC2	3	0.0128	0.8619
LMNA	MBLAC2	3	0.0074	0.8657
ACTB	FMN1	3	0.0516	0.8295
CTNNA1	FMN1	3	0.0056	0.8673
KRT8	FMN1	3	0.0397	0.8412
LMNA	FMN1	3	0.0005	0.8738
MAPRE3	FMN1	3	0.0016	0.8718
ACTB	ZFYVE26	3	0.0223	0.8556
CTNNA1	ZFYVE26	3	0.0001	0.8748
KRT8	ZFYVE26	3	0.0361	0.8447
LMNA	ZFYVE26	3	0.0010	0.8728
MAPRE3	ZFYVE26	3	0.0011	0.8726
ACTB	MSL1	3	0.0267	0.8524
KRT8	MSL1	3	0.0157	0.8599
LMNA	MSL1	3	0.0564	0.8249
MAPRE3	MSL1	3	0.0015	0.8720
ACTB	CRYBG3	3	0.3208	0.6087
CTNNA1	CRYBG3	3	0.1624	0.7452
KRT8	CRYBG3	3	0.3207	0.6091
LMNA	CRYBG3	3	0.1160	0.7772
MAPRE3	CRYBG3	3	0.2714	0.6651
ACTB	INTS3	3	0.1675	0.7417
CTNNA1	INTS3	3	0.0525	0.8287
KRT8	INTS3	3	0.2121	0.7118
LMNA	INTS3	3	0.2169	0.7084
MAPRE3	INTS3	3	0.1059	0.7848
ACTB	ARHGAP17	3	0.3241	0.6046
CTNNA1	ARHGAP17	3	0.1297	0.7679
KRT8	ARHGAP17	3	0.2965	0.6398
LMNA	ARHGAP17	3	0.1643	0.7438
MAPRE3	ARHGAP17	3	0.2264	0.7015
ACTB	CDCA2	3	0.2039	0.7174
CTNNA1	CDCA2	3	0.0831	0.8020
KRT8	CDCA2	3	0.1798	0.7330
LMNA	CDCA2	3	0.3240	0.6050
MAPRE3	CDCA2	3	0.1595	0.7473
ACTB	NCBP2AS2	3	0.0573	0.8240
KRT8	NCBP2AS2	3	0.0261	0.8529
LMNA	NCBP2AS2	3	0.0225	0.8554
ACTB	CWF19L1	3	0.1072	0.7837
CTNNA1	CWF19L1	3	0.0506	0.8305
KRT8	CWF19L1	3	0.0973	0.7912
LMNA	CWF19L1	3	0.1994	0.7202
MAPRE3	CWF19L1	3	0.0496	0.8314
ACTB	VIRMA	3	0.0944	0.7934
CTNNA1	VIRMA	3	0.0397	0.8412
KRT8	VIRMA	3	0.2091	0.7141
LMNA	VIRMA	3	0.1107	0.7813
MAPRE3	VIRMA	3	0.0674	0.8150
ACTB	SPECC1L	3	0.4174	0.4330
CTNNA1	SPECC1L	3	0.0846	0.8008
KRT8	SPECC1L	3	0.2862	0.6505
LMNA	SPECC1L	3	0.1149	0.7782
MAPRE3	SPECC1L	3	0.2261	0.7017
ACTB	HEATR6	3	0.0407	0.8401
KRT8	HEATR6	3	0.0904	0.7963
MAPRE3	HEATR6	3	0.0112	0.8630
ACTB	ANKRD40	3	0.0361	0.8447
KRT8	ANKRD40	3	0.0423	0.8385
LMNA	ANKRD40	3	0.0123	0.8623
MAPRE3	ANKRD40	3	0.0006	0.8736
LMNA	BICRAL	3	0.0128	0.8619
ACTB	WWC2	3	0.0666	0.8156
CTNNA1	WWC2	3	0.0042	0.8687
KRT8	WWC2	3	0.1141	0.7788
LMNA	WWC2	3	0.0088	0.8646
MAPRE3	WWC2	3	0.0388	0.8422
ACTB	BLTP3A	3	0.0451	0.8359
CTNNA1	BLTP3A	3	0.0001	0.8748
KRT8	BLTP3A	3	0.0748	0.8088
LMNA	BLTP3A	3	0.0370	0.8440
MAPRE3	BLTP3A	3	0.0149	0.8605
ACTB	ATL3	3	0.1817	0.7317
CTNNA1	ATL3	3	0.0286	0.8510
KRT8	ATL3	3	0.2649	0.6708
LMNA	ATL3	3	0.1622	0.7453
MAPRE3	ATL3	3	0.0588	0.8227
ACTB	RPL7L1	3	0.0544	0.8270
CTNNA1	RPL7L1	3	0.0176	0.8586
KRT8	RPL7L1	3	0.1324	0.7660
LMNA	RPL7L1	3	0.0524	0.8288
MAPRE3	RPL7L1	3	0.0225	0.8554
ACTB	IQSEC1	3	0.0116	0.8628
CTNNA1	IQSEC1	3	0.0127	0.8620
KRT8	IQSEC1	3	0.0770	0.8067
LMNA	IQSEC1	3	0.0286	0.8510
MAPRE3	IQSEC1	3	0.0145	0.8608
ACTB	CDC42BPG	3	0.0343	0.8463
KRT8	CDC42BPG	3	0.1211	0.7735
MAPRE3	CDC42BPG	3	0.0049	0.8679
ACTB	TTLL5	3	0.0625	0.8193
CTNNA1	TTLL5	3	0.0266	0.8525
KRT8	TTLL5	3	0.1387	0.7619
LMNA	TTLL5	3	0.0038	0.8691
MAPRE3	TTLL5	3	0.0733	0.8099
ACTB	VASN	3	0.1551	0.7502
CTNNA1	VASN	3	0.0793	0.8051
KRT8	VASN	3	0.1475	0.7558
LMNA	VASN	3	0.0866	0.7993
MAPRE3	VASN	3	0.0365	0.8444
ACTB	CIAPIN1	3	0.2541	0.6801
CTNNA1	CIAPIN1	3	0.0557	0.8257
KRT8	CIAPIN1	3	0.2649	0.6708
LMNA	CIAPIN1	3	0.1734	0.7378
MAPRE3	CIAPIN1	3	0.1130	0.7795
ACTB	SMYD5	3	0.0577	0.8237
CTNNA1	SMYD5	3	0.0268	0.8523
KRT8	SMYD5	3	0.0730	0.8102
LMNA	SMYD5	3	0.0577	0.8237
MAPRE3	SMYD5	3	0.0381	0.8429
ACTB	OTUD7B	3	0.1557	0.7499
CTNNA1	OTUD7B	3	0.0372	0.8438
KRT8	OTUD7B	3	0.1585	0.7479
LMNA	OTUD7B	3	0.0757	0.8078
MAPRE3	OTUD7B	3	0.0487	0.8323
ACTB	RALGAPA1	3	0.1948	0.7234
CTNNA1	RALGAPA1	3	0.0385	0.8425
KRT8	RALGAPA1	3	0.2424	0.6894
LMNA	RALGAPA1	3	0.0636	0.8182
MAPRE3	RALGAPA1	3	0.1241	0.7714
ACTB	THOC7	3	0.0370	0.8440
CTNNA1	THOC7	3	0.0020	0.8713
KRT8	THOC7	3	0.0637	0.8181
LMNA	THOC7	3	0.0446	0.8364
MAPRE3	THOC7	3	0.0031	0.8699
ACTB	ELP2	3	0.2230	0.7041
CTNNA1	ELP2	3	0.0357	0.8451
KRT8	ELP2	3	0.2248	0.7028
LMNA	ELP2	3	0.0799	0.8046
MAPRE3	ELP2	3	0.0620	0.8197
ACTB	LAMTOR1	3	0.3055	0.6299
CTNNA1	LAMTOR1	3	0.1218	0.7730
KRT8	LAMTOR1	3	0.2603	0.6747
LMNA	LAMTOR1	3	0.0894	0.7969
MAPRE3	LAMTOR1	3	0.1804	0.7327
ACTB	DHRS7B	3	0.0390	0.8419
KRT8	DHRS7B	3	0.0953	0.7927
LMNA	DHRS7B	3	0.0463	0.8348
MAPRE3	DHRS7B	3	0.0035	0.8694
ACTB	TWF2	3	0.2988	0.6375
CTNNA1	TWF2	3	0.0639	0.8180
KRT8	TWF2	3	0.2936	0.6428
LMNA	TWF2	3	0.1970	0.7218
MAPRE3	TWF2	3	0.1644	0.7438
ACTB	NCAPH2	3	0.2029	0.7182
CTNNA1	NCAPH2	3	0.0375	0.8435
KRT8	NCAPH2	3	0.2134	0.7110
LMNA	NCAPH2	3	0.0812	0.8035
MAPRE3	NCAPH2	3	0.0277	0.8517
ACTB	PHETA2	3	0.0436	0.8372
CTNNA1	PHETA2	3	0.0023	0.8708
KRT8	PHETA2	3	0.0719	0.8111
LMNA	PHETA2	3	0.0031	0.8699
MAPRE3	PHETA2	3	0.0076	0.8656
ACTB	KIAA0930	3	0.0406	0.8402
CTNNA1	KIAA0930	3	0.0230	0.8551
KRT8	KIAA0930	3	0.0645	0.8175
LMNA	KIAA0930	3	0.0265	0.8526
MAPRE3	KIAA0930	3	0.0055	0.8674
ACTB	SNRNP48	3	0.0085	0.8648
LMNA	SNRNP48	3	0.0468	0.8343
ACTB	PPP4R3A	3	0.2511	0.6827
CTNNA1	PPP4R3A	3	0.0261	0.8529
KRT8	PPP4R3A	3	0.2368	0.6935
LMNA	PPP4R3A	3	0.3156	0.6165
MAPRE3	PPP4R3A	3	0.1331	0.7656
ACTB	IQCE	3	0.0591	0.8224
CTNNA1	IQCE	3	0.0001	0.8748
KRT8	IQCE	3	0.1092	0.7823
LMNA	IQCE	3	0.0021	0.8711
MAPRE3	IQCE	3	0.0975	0.7910
ACTB	SPOPL	3	0.0073	0.8658
LMNA	SPOPL	3	0.0864	0.7994
ACTB	ZNF770	3	0.0848	0.8007
KRT8	ZNF770	3	0.0647	0.8174
LMNA	ZNF770	3	0.1874	0.7282
MAPRE3	ZNF770	3	0.0012	0.8725
ACTB	DENND5A	3	0.0429	0.8379
CTNNA1	DENND5A	3	0.0024	0.8706
KRT8	DENND5A	3	0.0665	0.8157
MAPRE3	DENND5A	3	0.0065	0.8665
KRT8	ADNP2	3	0.0170	0.8591
LMNA	ADNP2	3	0.0602	0.8215
MAPRE3	ADNP2	3	0.0172	0.8589
ACTB	SDE2	3	0.1311	0.7669
CTNNA1	SDE2	3	0.0179	0.8584
KRT8	SDE2	3	0.1426	0.7593
LMNA	SDE2	3	0.2984	0.6379
MAPRE3	SDE2	3	0.0425	0.8383
ACTB	TTBK2	3	0.0994	0.7896
CTNNA1	TTBK2	3	0.0468	0.8343
KRT8	TTBK2	3	0.1857	0.7293
MAPRE3	TTBK2	3	0.2205	0.7059
ACTB	KRT80	3	0.1482	0.7552
CTNNA1	KRT80	3	0.0457	0.8354
KRT8	KRT80	3	0.4833	0.3285
LMNA	KRT80	3	0.1117	0.7805
MAPRE3	KRT80	3	0.0879	0.7982
ACTB	NIPBL	3	0.2305	0.6987
CTNNA1	NIPBL	3	0.0814	0.8034
KRT8	NIPBL	3	0.2546	0.6795
LMNA	NIPBL	3	0.2932	0.6432
MAPRE3	NIPBL	3	0.1992	0.7203
ACTB	PDE12	3	0.1259	0.7702
CTNNA1	PDE12	3	0.0370	0.8440
KRT8	PDE12	3	0.1397	0.7612
LMNA	PDE12	3	0.0805	0.8041
MAPRE3	PDE12	3	0.0455	0.8355
ACTB	LIN54	3	0.3389	0.5798
CTNNA1	LIN54	3	0.0517	0.8294
KRT8	LIN54	3	0.1319	0.7664
LMNA	LIN54	3	0.1570	0.7489
MAPRE3	LIN54	3	0.1224	0.7726
ACTB	PRR5L	3	0.0354	0.8453
CTNNA1	PRR5L	3	0.0006	0.8736
KRT8	PRR5L	3	0.0724	0.8106
LMNA	PRR5L	3	0.0020	0.8713
MAPRE3	PRR5L	3	0.0099	0.8638
ACTB	TET2	3	0.0443	0.8367
KRT8	TET2	3	0.0387	0.8423
LMNA	TET2	3	0.0093	0.8642
MAPRE3	TET2	3	0.0030	0.8700
ACTB	ZNF280D	3	0.0103	0.8636
CTNNA1	ZNF280D	3	0.0000	0.8752
KRT8	ZNF280D	3	0.0012	0.8725
LMNA	ZNF280D	3	0.0460	0.8351
MAPRE3	ZNF280D	3	0.0024	0.8706
ACTB	DENND10P1;DENND10	3	0.1305	0.7673
CTNNA1	DENND10P1;DENND10	3	0.0871	0.7989
KRT8	DENND10P1;DENND10	3	0.1040	0.7862
LMNA	DENND10P1;DENND10	3	0.1533	0.7516
MAPRE3	DENND10P1;DENND10	3	0.0743	0.8092
ACTB	ZSCAN25	3	0.1337	0.7652
CTNNA1	ZSCAN25	3	0.0239	0.8545
KRT8	ZSCAN25	3	0.1081	0.7830
LMNA	ZSCAN25	3	0.2454	0.6872
MAPRE3	ZSCAN25	3	0.0564	0.8249
ACTB	HMBOX1	3	0.0280	0.8515
CTNNA1	HMBOX1	3	0.0084	0.8649
KRT8	HMBOX1	3	0.0414	0.8394
LMNA	HMBOX1	3	0.1072	0.7837
MAPRE3	HMBOX1	3	0.0020	0.8713
KRT8	MRNIP	3	0.0326	0.8477
LMNA	MRNIP	3	0.0251	0.8536
MAPRE3	MRNIP	3	0.0035	0.8694
ACTB	RHBDD2	3	0.1750	0.7368
CTNNA1	RHBDD2	3	0.0954	0.7927
KRT8	RHBDD2	3	0.2793	0.6576
LMNA	RHBDD2	3	0.3711	0.5185
MAPRE3	RHBDD2	3	0.1050	0.7854
ACTB	SLC25A24	3	0.1710	0.7394
CTNNA1	SLC25A24	3	0.0124	0.8622
KRT8	SLC25A24	3	0.1536	0.7513
LMNA	SLC25A24	3	0.0759	0.8076
MAPRE3	SLC25A24	3	0.0440	0.8370
ACTB	RETSAT	3	0.0244	0.8541
KRT8	RETSAT	3	0.0328	0.8475
LMNA	RETSAT	3	0.1398	0.7611
ACTB	ZNF746;ZNF783	3	0.0119	0.8625
KRT8	ZNF746;ZNF783	3	0.0005	0.8738
LMNA	ZNF746;ZNF783	3	0.0311	0.8490
ACTB	RINT1	3	0.2719	0.6645
CTNNA1	RINT1	3	0.1391	0.7615
KRT8	RINT1	3	0.3266	0.6011
LMNA	RINT1	3	0.1716	0.7389
MAPRE3	RINT1	3	0.1411	0.7603
ACTB	TMEM214	3	0.0390	0.8419
KRT8	TMEM214	3	0.0871	0.7989
LMNA	TMEM214	3	0.2191	0.7068
MAPRE3	TMEM214	3	0.0298	0.8500
ACTB	HIBCH	3	0.1822	0.7315
CTNNA1	HIBCH	3	0.0195	0.8574
KRT8	HIBCH	3	0.2475	0.6854
LMNA	HIBCH	3	0.0640	0.8179
MAPRE3	HIBCH	3	0.0451	0.8359
ACTB	NEPRO	3	0.0181	0.8582
KRT8	NEPRO	3	0.0498	0.8313
LMNA	NEPRO	3	0.0169	0.8592
MAPRE3	NEPRO	3	0.0000	0.8752
ACTB	SLC30A6	3	0.2827	0.6539
CTNNA1	SLC30A6	3	0.1533	0.7516
KRT8	SLC30A6	3	0.2711	0.6655
LMNA	SLC30A6	3	0.2169	0.7084
MAPRE3	SLC30A6	3	0.0937	0.7940
ACTB	JMJD6	3	0.2340	0.6958
CTNNA1	JMJD6	3	0.0244	0.8541
KRT8	JMJD6	3	0.1716	0.7389
LMNA	JMJD6	3	0.1807	0.7325
MAPRE3	JMJD6	3	0.0628	0.8190
ACTB	PPP1R18	3	0.3979	0.4662
CTNNA1	PPP1R18	3	0.0877	0.7984
KRT8	PPP1R18	3	0.1805	0.7326
LMNA	PPP1R18	3	0.1016	0.7881
MAPRE3	PPP1R18	3	0.1150	0.7781
ACTB	MZT2B;MZT2A	3	0.1870	0.7286
CTNNA1	MZT2B;MZT2A	3	0.0217	0.8560
KRT8	MZT2B;MZT2A	3	0.2172	0.7082
LMNA	MZT2B;MZT2A	3	0.0583	0.8232
MAPRE3	MZT2B;MZT2A	3	0.0874	0.7986
ACTB	CAVIN1	3	0.1748	0.7370
CTNNA1	CAVIN1	3	0.0267	0.8524
KRT8	CAVIN1	3	0.2464	0.6863
LMNA	CAVIN1	3	0.0747	0.8088
MAPRE3	CAVIN1	3	0.0941	0.7937
ACTB	ZCCHC8	3	0.0650	0.8171
CTNNA1	ZCCHC8	3	0.0189	0.8578
KRT8	ZCCHC8	3	0.0909	0.7959
LMNA	ZCCHC8	3	0.1628	0.7449
MAPRE3	ZCCHC8	3	0.0292	0.8505
ACTB	RPUSD3	3	0.2200	0.7063
CTNNA1	RPUSD3	3	0.0609	0.8208
KRT8	RPUSD3	3	0.1898	0.7266
LMNA	RPUSD3	3	0.1082	0.7830
MAPRE3	RPUSD3	3	0.0151	0.8604
ACTB	MIS18BP1	3	0.3017	0.6343
CTNNA1	MIS18BP1	3	0.0723	0.8108
KRT8	MIS18BP1	3	0.3587	0.5445
LMNA	MIS18BP1	3	0.3715	0.5182
MAPRE3	MIS18BP1	3	0.3193	0.6114
ACTB	MAST2	3	0.2093	0.7139
CTNNA1	MAST2	3	0.0422	0.8386
KRT8	MAST2	3	0.2818	0.6549
LMNA	MAST2	3	0.0940	0.7937
MAPRE3	MAST2	3	0.1789	0.7338
ACTB	DHX57	3	0.2947	0.6417
CTNNA1	DHX57	3	0.1077	0.7833
KRT8	DHX57	3	0.3230	0.6059
LMNA	DHX57	3	0.1757	0.7362
MAPRE3	DHX57	3	0.2760	0.6611
ACTB	CDC73	3	0.1922	0.7251
CTNNA1	CDC73	3	0.0484	0.8327
KRT8	CDC73	3	0.1692	0.7405
LMNA	CDC73	3	0.3010	0.6354
MAPRE3	CDC73	3	0.1608	0.7463
ACTB	PMF1	3	0.1525	0.7521
CTNNA1	PMF1	3	0.0240	0.8544
KRT8	PMF1	3	0.2363	0.6939
LMNA	PMF1	3	0.1469	0.7562
MAPRE3	PMF1	3	0.0441	0.8369
ACTB	FAM117B	3	0.3142	0.6192
CTNNA1	FAM117B	3	0.1088	0.7825
KRT8	FAM117B	3	0.2463	0.6864
LMNA	FAM117B	3	0.1664	0.7424
MAPRE3	FAM117B	3	0.2501	0.6835
ACTB	MRPL14	3	0.2323	0.6975
CTNNA1	MRPL14	3	0.0509	0.8302
KRT8	MRPL14	3	0.2785	0.6587
LMNA	MRPL14	3	0.1531	0.7517
MAPRE3	MRPL14	3	0.0927	0.7947
ACTB	SLC27A4	3	0.1400	0.7609
CTNNA1	SLC27A4	3	0.0228	0.8553
KRT8	SLC27A4	3	0.2037	0.7176
LMNA	SLC27A4	3	0.1949	0.7233
MAPRE3	SLC27A4	3	0.0355	0.8452
ACTB	ARMCX5	3	0.0519	0.8292
CTNNA1	ARMCX5	3	0.0014	0.8722
KRT8	ARMCX5	3	0.1369	0.7629
MAPRE3	ARMCX5	3	0.0379	0.8431
ACTB	CC2D1A	3	0.3126	0.6214
CTNNA1	CC2D1A	3	0.1621	0.7454
KRT8	CC2D1A	3	0.3390	0.5797
LMNA	CC2D1A	3	0.1179	0.7756
MAPRE3	CC2D1A	3	0.2810	0.6556
ACTB	METTL2B	3	0.1686	0.7410
CTNNA1	METTL2B	3	0.0442	0.8368
KRT8	METTL2B	3	0.2120	0.7119
LMNA	METTL2B	3	0.1065	0.7843
MAPRE3	METTL2B	3	0.0491	0.8319
ACTB	TAF2	3	0.2428	0.6890
KRT8	TAF2	3	0.2549	0.6792
LMNA	TAF2	3	0.2388	0.6924
MAPRE3	TAF2	3	0.1172	0.7762
ACTB	MED27	3	0.0115	0.8629
KRT8	MED27	3	0.0172	0.8589
LMNA	MED27	3	0.0542	0.8272
MAPRE3	MED27	3	0.0000	0.8752
ACTB	EDC4	3	0.2610	0.6742
CTNNA1	EDC4	3	0.0628	0.8190
KRT8	EDC4	3	0.2690	0.6672
LMNA	EDC4	3	0.1039	0.7863
MAPRE3	EDC4	3	0.1372	0.7627
ACTB	CEP85	3	0.0459	0.8351
CTNNA1	CEP85	3	0.0029	0.8701
KRT8	CEP85	3	0.1075	0.7835
LMNA	CEP85	3	0.0114	0.8629
MAPRE3	CEP85	3	0.0183	0.8581
ACTB	PRMT9	3	0.0420	0.8388
CTNNA1	PRMT9	3	0.0009	0.8730
KRT8	PRMT9	3	0.0658	0.8163
LMNA	PRMT9	3	0.0116	0.8628
MAPRE3	PRMT9	3	0.0151	0.8604
ACTB	PRPF8	3	0.2788	0.6583
CTNNA1	PRPF8	3	0.0755	0.8080
KRT8	PRPF8	3	0.2971	0.6392
LMNA	PRPF8	3	0.2931	0.6434
MAPRE3	PRPF8	3	0.2400	0.6913
ACTB	SCYL2	3	0.0509	0.8302
CTNNA1	SCYL2	3	0.0014	0.8722
KRT8	SCYL2	3	0.0743	0.8092
LMNA	SCYL2	3	0.0032	0.8697
MAPRE3	SCYL2	3	0.0117	0.8627
ACTB	TTC27	3	0.0588	0.8227
CTNNA1	TTC27	3	0.0018	0.8715
KRT8	TTC27	3	0.1078	0.7833
LMNA	TTC27	3	0.0452	0.8358
MAPRE3	TTC27	3	0.0107	0.8633
ACTB	ARHGAP11A	3	0.2863	0.6504
CTNNA1	ARHGAP11A	3	0.0287	0.8509
KRT8	ARHGAP11A	3	0.1935	0.7243
LMNA	ARHGAP11A	3	0.2733	0.6633
MAPRE3	ARHGAP11A	3	0.1876	0.7281
ACTB	ATPSCKMT	3	0.0990	0.7898
CTNNA1	ATPSCKMT	3	0.0139	0.8612
KRT8	ATPSCKMT	3	0.2107	0.7128
LMNA	ATPSCKMT	3	0.0838	0.8014
MAPRE3	ATPSCKMT	3	0.0441	0.8369
ACTB	WDR73	3	0.0615	0.8202
CTNNA1	WDR73	3	0.0427	0.8381
KRT8	WDR73	3	0.0945	0.7934
LMNA	WDR73	3	0.0430	0.8378
MAPRE3	WDR73	3	0.0510	0.8301
ACTB	NFRKB	3	0.0776	0.8063
CTNNA1	NFRKB	3	0.0153	0.8602
KRT8	NFRKB	3	0.0871	0.7989
LMNA	NFRKB	3	0.0561	0.8252
MAPRE3	NFRKB	3	0.0741	0.8093
ACTB	PKN3	3	0.2539	0.6802
CTNNA1	PKN3	3	0.0572	0.8240
KRT8	PKN3	3	0.2811	0.6555
LMNA	PKN3	3	0.2328	0.6970
MAPRE3	PKN3	3	0.2387	0.6925
ACTB	ALKBH5	3	0.0632	0.8186
CTNNA1	ALKBH5	3	0.0597	0.8219
KRT8	ALKBH5	3	0.1292	0.7682
LMNA	ALKBH5	3	0.2432	0.6887
MAPRE3	ALKBH5	3	0.0056	0.8673
ACTB	PDXDC1	3	0.2947	0.6417
CTNNA1	PDXDC1	3	0.1432	0.7588
KRT8	PDXDC1	3	0.3103	0.6248
LMNA	PDXDC1	3	0.2321	0.6976
MAPRE3	PDXDC1	3	0.2255	0.7021
ACTB	INTS5	3	0.0926	0.7948
CTNNA1	INTS5	3	0.0081	0.8652
KRT8	INTS5	3	0.2221	0.7048
LMNA	INTS5	3	0.1191	0.7749
MAPRE3	INTS5	3	0.0423	0.8385
ACTB	RSBN1L	3	0.1430	0.7590
CTNNA1	RSBN1L	3	0.0154	0.8601
KRT8	RSBN1L	3	0.1579	0.7484
LMNA	RSBN1L	3	0.1741	0.7375
MAPRE3	RSBN1L	3	0.0699	0.8128
ACTB	CTR9	3	0.2115	0.7123
CTNNA1	CTR9	3	0.0443	0.8367
KRT8	CTR9	3	0.2235	0.7037
LMNA	CTR9	3	0.2822	0.6544
MAPRE3	CTR9	3	0.1815	0.7319
ACTB	AAGAB	3	0.2579	0.6766
CTNNA1	AAGAB	3	0.0653	0.8168
KRT8	AAGAB	3	0.2707	0.6657
LMNA	AAGAB	3	0.1499	0.7539
MAPRE3	AAGAB	3	0.1460	0.7569
ACTB	PPIP5K1	3	0.0725	0.8105
CTNNA1	PPIP5K1	3	0.0013	0.8724
KRT8	PPIP5K1	3	0.0558	0.8255
LMNA	PPIP5K1	3	0.0093	0.8642
MAPRE3	PPIP5K1	3	0.0035	0.8694
ACTB	PSRC1	3	0.2392	0.6921
KRT8	PSRC1	3	0.8268	0.0567
MAPRE3	PSRC1	3	0.9997	0.0000
ACTB	SKIC3	3	0.2423	0.6895
CTNNA1	SKIC3	3	0.0755	0.8080
KRT8	SKIC3	3	0.3493	0.5603
LMNA	SKIC3	3	0.1887	0.7273
MAPRE3	SKIC3	3	0.1520	0.7524
ACTB	BORA	3	0.0317	0.8484
KRT8	BORA	3	0.0741	0.8093
LMNA	BORA	3	0.0093	0.8642
ACTB	DARS2	3	0.1229	0.7723
CTNNA1	DARS2	3	0.0243	0.8542
KRT8	DARS2	3	0.1853	0.7296
LMNA	DARS2	3	0.1162	0.7770
MAPRE3	DARS2	3	0.0214	0.8562
ACTB	TTC33	3	0.1060	0.7846
CTNNA1	TTC33	3	0.0486	0.8324
KRT8	TTC33	3	0.1021	0.7878
LMNA	TTC33	3	0.2428	0.6890
MAPRE3	TTC33	3	0.0333	0.8471
ACTB	CCDC174	3	0.0173	0.8588
CTNNA1	CCDC174	3	0.0001	0.8748
KRT8	CCDC174	3	0.0135	0.8615
LMNA	CCDC174	3	0.0892	0.7971
MAPRE3	CCDC174	3	0.0066	0.8664
ACTB	FBXO38	3	0.1708	0.7395
CTNNA1	FBXO38	3	0.0005	0.8738
KRT8	FBXO38	3	0.2063	0.7158
LMNA	FBXO38	3	0.1716	0.7389
MAPRE3	FBXO38	3	0.0770	0.8067
ACTB	NCEH1	3	0.0853	0.8002
CTNNA1	NCEH1	3	0.0032	0.8697
KRT8	NCEH1	3	0.1130	0.7795
LMNA	NCEH1	3	0.0804	0.8042
MAPRE3	NCEH1	3	0.0309	0.8491
ACTB	FIGNL1	3	0.1426	0.7593
CTNNA1	FIGNL1	3	0.0200	0.8571
KRT8	FIGNL1	3	0.2078	0.7149
LMNA	FIGNL1	3	0.1909	0.7259
MAPRE3	FIGNL1	3	0.0505	0.8305
ACTB	FBXO46	3	0.1472	0.7560
LMNA	FBXO46	3	0.0201	0.8570
ACTB	TRIM65	3	0.0852	0.8003
CTNNA1	TRIM65	3	0.0362	0.8446
KRT8	TRIM65	3	0.1690	0.7406
LMNA	TRIM65	3	0.1795	0.7333
MAPRE3	TRIM65	3	0.0567	0.8246
ACTB	MIDEAS	3	0.1334	0.7654
CTNNA1	MIDEAS	3	0.0072	0.8659
KRT8	MIDEAS	3	0.1294	0.7681
LMNA	MIDEAS	3	0.2624	0.6730
MAPRE3	MIDEAS	3	0.0678	0.8146
ACTB	BRAT1	3	0.1317	0.7665
CTNNA1	BRAT1	3	0.0457	0.8354
KRT8	BRAT1	3	0.3097	0.6254
LMNA	BRAT1	3	0.1967	0.7221
MAPRE3	BRAT1	3	0.0332	0.8471
ACTB	WDR59	3	0.1978	0.7212
CTNNA1	WDR59	3	0.0320	0.8481
KRT8	WDR59	3	0.2715	0.6649
LMNA	WDR59	3	0.0433	0.8375
MAPRE3	WDR59	3	0.0706	0.8121
ACTB	DCLRE1A	3	0.2334	0.6964
CTNNA1	DCLRE1A	3	0.0667	0.8156
KRT8	DCLRE1A	3	0.2472	0.6856
LMNA	DCLRE1A	3	0.2998	0.6363
MAPRE3	DCLRE1A	3	0.1902	0.7264
ACTB	ZC3H14	3	0.1912	0.7257
CTNNA1	ZC3H14	3	0.0413	0.8395
KRT8	ZC3H14	3	0.2039	0.7174
LMNA	ZC3H14	3	0.2794	0.6576
MAPRE3	ZC3H14	3	0.1460	0.7569
ACTB	CCDC137	3	0.0343	0.8463
CTNNA1	CCDC137	3	0.0069	0.8662
KRT8	CCDC137	3	0.0507	0.8304
LMNA	CCDC137	3	0.0575	0.8238
MAPRE3	CCDC137	3	0.0045	0.8683
ACTB	LARP1	3	0.2861	0.6506
CTNNA1	LARP1	3	0.1010	0.7885
KRT8	LARP1	3	0.2786	0.6586
LMNA	LARP1	3	0.1226	0.7725
MAPRE3	LARP1	3	0.2414	0.6901
ACTB	ATAD2	3	0.2506	0.6831
CTNNA1	ATAD2	3	0.0753	0.8082
KRT8	ATAD2	3	0.2476	0.6853
LMNA	ATAD2	3	0.3182	0.6135
MAPRE3	ATAD2	3	0.1673	0.7418
ACTB	TMED8	3	0.2123	0.7117
CTNNA1	TMED8	3	0.0186	0.8579
KRT8	TMED8	3	0.2734	0.6632
LMNA	TMED8	3	0.1097	0.7820
MAPRE3	TMED8	3	0.1375	0.7625
ACTB	TRAF7	3	0.0409	0.8399
CTNNA1	TRAF7	3	0.0023	0.8708
KRT8	TRAF7	3	0.1400	0.7609
LMNA	TRAF7	3	0.0140	0.8611
MAPRE3	TRAF7	3	0.0048	0.8680
ACTB	BLOC1S2	3	0.1539	0.7511
CTNNA1	BLOC1S2	3	0.2537	0.6805
KRT8	BLOC1S2	3	0.3523	0.5544
LMNA	BLOC1S2	3	0.2295	0.6994
MAPRE3	BLOC1S2	3	0.4856	0.3214
ACTB	RICTOR	3	0.3154	0.6168
CTNNA1	RICTOR	3	0.1758	0.7362
KRT8	RICTOR	3	0.3451	0.5677
LMNA	RICTOR	3	0.1322	0.7662
MAPRE3	RICTOR	3	0.2830	0.6536
ACTB	WDR74	3	0.0566	0.8247
CTNNA1	WDR74	3	0.0004	0.8740
KRT8	WDR74	3	0.0623	0.8195
LMNA	WDR74	3	0.0245	0.8541
MAPRE3	WDR74	3	0.0036	0.8693
ACTB	FAM111B	3	0.3150	0.6175
CTNNA1	FAM111B	3	0.1452	0.7574
KRT8	FAM111B	3	0.3087	0.6267
LMNA	FAM111B	3	0.3241	0.6046
MAPRE3	FAM111B	3	0.2746	0.6622
ACTB	SAMD1	3	0.1904	0.7263
KRT8	SAMD1	3	0.1163	0.7769
LMNA	SAMD1	3	0.0620	0.8197
MAPRE3	SAMD1	3	0.0568	0.8245
ACTB	SMARCD3	3	0.2239	0.7034
CTNNA1	SMARCD3	3	0.0374	0.8436
KRT8	SMARCD3	3	0.1939	0.7240
LMNA	SMARCD3	3	0.2481	0.6849
MAPRE3	SMARCD3	3	0.1808	0.7325
ACTB	NHS	3	0.3590	0.5439
CTNNA1	NHS	3	0.3843	0.4938
KRT8	NHS	3	0.3137	0.6198
LMNA	NHS	3	0.0947	0.7932
MAPRE3	NHS	3	0.2087	0.7143
ACTB	METAP1D	3	0.0857	0.8000
CTNNA1	METAP1D	3	0.1632	0.7446
KRT8	METAP1D	3	0.2077	0.7149
LMNA	METAP1D	3	0.0530	0.8283
MAPRE3	METAP1D	3	0.0094	0.8642
ACTB	MTHFD1L	3	0.1015	0.7882
CTNNA1	MTHFD1L	3	0.0398	0.8411
KRT8	MTHFD1L	3	0.1751	0.7368
LMNA	MTHFD1L	3	0.0878	0.7983
MAPRE3	MTHFD1L	3	0.0300	0.8498
ACTB	ANKRD12	3	0.0143	0.8609
KRT8	ANKRD12	3	0.0370	0.8440
LMNA	ANKRD12	3	0.0360	0.8448
ACTB	ANKRD11	3	0.1922	0.7251
CTNNA1	ANKRD11	3	0.0312	0.8489
KRT8	ANKRD11	3	0.1966	0.7222
LMNA	ANKRD11	3	0.2696	0.6667
MAPRE3	ANKRD11	3	0.1170	0.7763
ACTB	AFTPH	3	0.2500	0.6836
CTNNA1	AFTPH	3	0.1103	0.7816
KRT8	AFTPH	3	0.2602	0.6748
LMNA	AFTPH	3	0.0781	0.8059
MAPRE3	AFTPH	3	0.1873	0.7283
ACTB	FIP1L1	3	0.1102	0.7817
CTNNA1	FIP1L1	3	0.0269	0.8523
KRT8	FIP1L1	3	0.1257	0.7703
LMNA	FIP1L1	3	0.2412	0.6903
MAPRE3	FIP1L1	3	0.0709	0.8120
ACTB	CRTC3	3	0.1766	0.7356
CTNNA1	CRTC3	3	0.0552	0.8262
KRT8	CRTC3	3	0.2471	0.6857
LMNA	CRTC3	3	0.2485	0.6847
MAPRE3	CRTC3	3	0.1005	0.7889
ACTB	SASS6	3	0.0551	0.8263
CTNNA1	SASS6	3	0.0011	0.8726
KRT8	SASS6	3	0.1052	0.7852
LMNA	SASS6	3	0.0140	0.8611
MAPRE3	SASS6	3	0.0180	0.8583
ACTB	CSPG4	3	0.1267	0.7697
CTNNA1	CSPG4	3	0.0611	0.8206
KRT8	CSPG4	3	0.2079	0.7148
LMNA	CSPG4	3	0.0631	0.8188
MAPRE3	CSPG4	3	0.0483	0.8328
ACTB	LRSAM1	3	0.3184	0.6131
CTNNA1	LRSAM1	3	0.1148	0.7783
KRT8	LRSAM1	3	0.3244	0.6041
LMNA	LRSAM1	3	0.1905	0.7262
MAPRE3	LRSAM1	3	0.2143	0.7104
ACTB	LCLAT1	3	0.1586	0.7478
CTNNA1	LCLAT1	3	0.0172	0.8589
KRT8	LCLAT1	3	0.2098	0.7136
LMNA	LCLAT1	3	0.1801	0.7328
MAPRE3	LCLAT1	3	0.0830	0.8021
ACTB	LCN15	3	0.0513	0.8297
ACTB	ABRAXAS1	3	0.1905	0.7262
KRT8	ABRAXAS1	3	0.1892	0.7270
LMNA	ABRAXAS1	3	0.1117	0.7805
MAPRE3	ABRAXAS1	3	0.3286	0.5980
ACTB	CWC27	3	0.2460	0.6866
CTNNA1	CWC27	3	0.0770	0.8067
KRT8	CWC27	3	0.2357	0.6943
LMNA	CWC27	3	0.3655	0.5299
MAPRE3	CWC27	3	0.2139	0.7107
ACTB	LRIG3	3	0.0462	0.8349
CTNNA1	LRIG3	3	0.0023	0.8708
KRT8	LRIG3	3	0.0905	0.7962
LMNA	LRIG3	3	0.0313	0.8488
MAPRE3	LRIG3	3	0.0076	0.8656
ACTB	WDR82	3	0.0958	0.7923
CTNNA1	WDR82	3	0.0350	0.8457
KRT8	WDR82	3	0.0910	0.7959
LMNA	WDR82	3	0.0996	0.7895
MAPRE3	WDR82	3	0.0308	0.8492
ACTB	FAM151B	3	0.0097	0.8639
CTNNA1	FAM151B	3	0.0000	0.8752
KRT8	FAM151B	3	0.0066	0.8664
LMNA	FAM151B	3	0.0426	0.8382
MAPRE3	FAM151B	3	0.0004	0.8740
ACTB	ABHD15	3	0.0367	0.8442
KRT8	ABHD15	3	0.0345	0.8461
LMNA	ABHD15	3	0.0100	0.8638
MAPRE3	ABHD15	3	0.0019	0.8714
ACTB	APOOL	3	0.0446	0.8364
CTNNA1	APOOL	3	0.0001	0.8748
KRT8	APOOL	3	0.0879	0.7982
LMNA	APOOL	3	0.0341	0.8464
MAPRE3	APOOL	3	0.0119	0.8625
ACTB	FAT4	3	0.0540	0.8274
CTNNA1	FAT4	3	0.0082	0.8651
KRT8	FAT4	3	0.0435	0.8373
LMNA	FAT4	3	0.0020	0.8713
MAPRE3	FAT4	3	0.0034	0.8695
ACTB	ATF7IP	3	0.1754	0.7365
CTNNA1	ATF7IP	3	0.0312	0.8489
KRT8	ATF7IP	3	0.1433	0.7588
LMNA	ATF7IP	3	0.2582	0.6764
MAPRE3	ATF7IP	3	0.1090	0.7824
ACTB	PACS1	3	0.2792	0.6577
CTNNA1	PACS1	3	0.1031	0.7870
KRT8	PACS1	3	0.3130	0.6207
LMNA	PACS1	3	0.1978	0.7212
MAPRE3	PACS1	3	0.1823	0.7313
ACTB	BCOR	3	0.2223	0.7046
CTNNA1	BCOR	3	0.0535	0.8278
KRT8	BCOR	3	0.2411	0.6904
LMNA	BCOR	3	0.3086	0.6268
MAPRE3	BCOR	3	0.1598	0.7471
ACTB	MPRIP	3	0.3331	0.5912
CTNNA1	MPRIP	3	0.1028	0.7873
KRT8	MPRIP	3	0.2240	0.7033
LMNA	MPRIP	3	0.1148	0.7783
MAPRE3	MPRIP	3	0.1506	0.7535
ACTB	RAB11FIP1	3	0.0287	0.8509
CTNNA1	RAB11FIP1	3	0.0001	0.8748
KRT8	RAB11FIP1	3	0.0186	0.8579
LMNA	RAB11FIP1	3	0.0002	0.8745
MAPRE3	RAB11FIP1	3	0.0018	0.8715
ACTB	DNMBP	3	0.2536	0.6805
CTNNA1	DNMBP	3	0.0763	0.8073
KRT8	DNMBP	3	0.3130	0.6207
LMNA	DNMBP	3	0.1177	0.7758
MAPRE3	DNMBP	3	0.1646	0.7437
ACTB	GIGYF2	3	0.3099	0.6250
CTNNA1	GIGYF2	3	0.1635	0.7444
KRT8	GIGYF2	3	0.3410	0.5761
LMNA	GIGYF2	3	0.1355	0.7639
MAPRE3	GIGYF2	3	0.3029	0.6330
ACTB	SLC36A4	3	0.0468	0.8343
KRT8	SLC36A4	3	0.0983	0.7904
ACTB	THADA	3	0.2989	0.6373
CTNNA1	THADA	3	0.0753	0.8082
KRT8	THADA	3	0.3039	0.6316
LMNA	THADA	3	0.1210	0.7735
MAPRE3	THADA	3	0.1459	0.7570
ACTB	HSDL2	3	0.1999	0.7199
CTNNA1	HSDL2	3	0.0341	0.8464
KRT8	HSDL2	3	0.2675	0.6685
LMNA	HSDL2	3	0.1062	0.7846
MAPRE3	HSDL2	3	0.0664	0.8158
ACTB	KYAT3	3	0.2286	0.7001
CTNNA1	KYAT3	3	0.0400	0.8409
KRT8	KYAT3	3	0.2865	0.6502
LMNA	KYAT3	3	0.0902	0.7964
MAPRE3	KYAT3	3	0.0840	0.8012
ACTB	PPP1R21	3	0.0825	0.8024
KRT8	PPP1R21	3	0.1529	0.7519
LMNA	PPP1R21	3	0.0256	0.8532
ACTB	STAC2	3	0.0336	0.8468
KRT8	STAC2	3	0.0844	0.8010
MAPRE3	STAC2	3	0.0146	0.8607
ACTB	BNC2	3	0.0016	0.8718
KRT8	BNC2	3	0.0017	0.8717
LMNA	BNC2	3	0.0575	0.8238
MAPRE3	BNC2	3	0.0016	0.8718
ACTB	NFXL1	3	0.1136	0.7790
CTNNA1	NFXL1	3	0.0025	0.8705
KRT8	NFXL1	3	0.1350	0.7642
LMNA	NFXL1	3	0.1470	0.7561
MAPRE3	NFXL1	3	0.0137	0.8614
ACTB	NBEAL2	3	0.0397	0.8412
CTNNA1	NBEAL2	3	0.0002	0.8745
KRT8	NBEAL2	3	0.0945	0.7934
LMNA	NBEAL2	3	0.0064	0.8666
MAPRE3	NBEAL2	3	0.0049	0.8679
ACTB	C15orf39	3	0.0144	0.8608
KRT8	C15orf39	3	0.0222	0.8556
LMNA	C15orf39	3	0.0920	0.7952
MAPRE3	C15orf39	3	0.0066	0.8664
ACTB	QSOX2	3	0.2339	0.6960
CTNNA1	QSOX2	3	0.0690	0.8136
KRT8	QSOX2	3	0.2860	0.6507
LMNA	QSOX2	3	0.1680	0.7413
MAPRE3	QSOX2	3	0.1159	0.7773
ACTB	MMS22L	3	0.1703	0.7398
CTNNA1	MMS22L	3	0.0455	0.8355
KRT8	MMS22L	3	0.2017	0.7189
LMNA	MMS22L	3	0.2849	0.6519
MAPRE3	MMS22L	3	0.0912	0.7958
ACTB	LRRC9	3	0.0460	0.8351
CTNNA1	LRRC9	3	0.0069	0.8662
KRT8	LRRC9	3	0.0365	0.8444
LMNA	LRRC9	3	0.0420	0.8388
ACTB	SRCAP	3	0.0212	0.8563
CTNNA1	SRCAP	3	0.0000	0.8752
KRT8	SRCAP	3	0.0072	0.8659
LMNA	SRCAP	3	0.0181	0.8582
MAPRE3	SRCAP	3	0.0008	0.8732
ACTB	FAM83H	3	0.0459	0.8351
CTNNA1	FAM83H	3	0.0037	0.8691
KRT8	FAM83H	3	0.4748	0.3461
LMNA	FAM83H	3	0.0332	0.8471
MAPRE3	FAM83H	3	0.0231	0.8551
ACTB	RIPOR1	3	0.2503	0.6833
CTNNA1	RIPOR1	3	0.0866	0.7993
KRT8	RIPOR1	3	0.3570	0.5465
LMNA	RIPOR1	3	0.1485	0.7549
MAPRE3	RIPOR1	3	0.1284	0.7686
ACTB	NBEAL1	3	0.0537	0.8276
CTNNA1	NBEAL1	3	0.0003	0.8743
KRT8	NBEAL1	3	0.1214	0.7733
LMNA	NBEAL1	3	0.0121	0.8624
MAPRE3	NBEAL1	3	0.0309	0.8491
ACTB	C1orf122	3	0.0291	0.8506
CTNNA1	C1orf122	3	0.0052	0.8677
KRT8	C1orf122	3	0.1136	0.7790
LMNA	C1orf122	3	0.0075	0.8657
MAPRE3	C1orf122	3	0.0251	0.8536
KRT8	PPP1R3F	3	0.1037	0.7864
ACTB	ARHGEF18	3	0.0648	0.8173
CTNNA1	ARHGEF18	3	0.0007	0.8734
KRT8	ARHGEF18	3	0.0590	0.8225
LMNA	ARHGEF18	3	0.0022	0.8710
MAPRE3	ARHGEF18	3	0.0206	0.8567
LMNA	TSHZ1	3	0.0606	0.8211
ACTB	UBR3	3	0.0247	0.8539
KRT8	UBR3	3	0.0971	0.7914
LMNA	UBR3	3	0.0137	0.8614
MAPRE3	UBR3	3	0.0006	0.8736
ACTB	TPGS1	3	0.0827	0.8023
CTNNA1	TPGS1	3	0.0049	0.8679
KRT8	TPGS1	3	0.1184	0.7754
MAPRE3	TPGS1	3	0.0166	0.8594
ACTB	CRACD	3	0.1149	0.7782
CTNNA1	CRACD	3	0.0007	0.8734
KRT8	CRACD	3	0.0473	0.8338
MAPRE3	CRACD	3	0.0119	0.8625
ACTB	UBN2	3	0.0071	0.8660
CTNNA1	UBN2	3	0.0002	0.8745
KRT8	UBN2	3	0.0037	0.8691
LMNA	UBN2	3	0.0325	0.8478
MAPRE3	UBN2	3	0.0045	0.8683
ACTB	CEP128	3	0.0475	0.8337
KRT8	CEP128	3	0.1136	0.7790
ACTB	CCDC9B	3	0.0360	0.8448
KRT8	CCDC9B	3	0.0520	0.8291
MAPRE3	CCDC9B	3	0.0752	0.8083
ACTB	DENND5B	3	0.2859	0.6509
CTNNA1	DENND5B	3	0.1105	0.7815
KRT8	DENND5B	3	0.3058	0.6296
LMNA	DENND5B	3	0.1477	0.7556
MAPRE3	DENND5B	3	0.2002	0.7198
ACTB	LANCL3	3	0.0996	0.7895
CTNNA1	LANCL3	3	0.0635	0.8183
KRT8	LANCL3	3	0.1346	0.7644
LMNA	LANCL3	3	0.0729	0.8103
MAPRE3	LANCL3	3	0.0453	0.8357
ACTB	FGD6	3	0.0905	0.7962
CTNNA1	FGD6	3	0.0034	0.8695
KRT8	FGD6	3	0.0521	0.8291
LMNA	FGD6	3	0.0184	0.8581
MAPRE3	FGD6	3	0.0054	0.8675
ACTB	NCCRP1	3	0.1243	0.7713
CTNNA1	NCCRP1	3	0.0074	0.8657
LMNA	NCCRP1	3	0.1079	0.7832
MAPRE3	NCCRP1	3	0.1680	0.7413
ACTB	SYDE1	3	0.3045	0.6309
CTNNA1	SYDE1	3	0.1420	0.7596
KRT8	SYDE1	3	0.3732	0.5157
LMNA	SYDE1	3	0.1794	0.7334
MAPRE3	SYDE1	3	0.2523	0.6815
ACTB	PAXIP1	3	0.0149	0.8605
KRT8	PAXIP1	3	0.0101	0.8637
LMNA	PAXIP1	3	0.0184	0.8581
MAPRE3	PAXIP1	3	0.0000	0.8752
ACTB	STXBP4	3	0.2817	0.6551
CTNNA1	STXBP4	3	0.1321	0.7663
KRT8	STXBP4	3	0.3487	0.5614
LMNA	STXBP4	3	0.1598	0.7471
MAPRE3	STXBP4	3	0.1661	0.7426
ACTB	MBOAT2	3	0.1457	0.7571
CTNNA1	MBOAT2	3	0.0284	0.8512
KRT8	MBOAT2	3	0.2680	0.6680
LMNA	MBOAT2	3	0.3147	0.6182
MAPRE3	MBOAT2	3	0.0110	0.8631
ACTB	TMTC3	3	0.0568	0.8245
CTNNA1	TMTC3	3	0.0157	0.8599
KRT8	TMTC3	3	0.1179	0.7756
LMNA	TMTC3	3	0.0296	0.8502
MAPRE3	TMTC3	3	0.0034	0.8695
ACTB	VPS13C	3	0.2873	0.6494
CTNNA1	VPS13C	3	0.1037	0.7864
KRT8	VPS13C	3	0.3171	0.6149
LMNA	VPS13C	3	0.1722	0.7386
MAPRE3	VPS13C	3	0.2268	0.7012
ACTB	USP34	3	0.1529	0.7519
CTNNA1	USP34	3	0.0535	0.8278
KRT8	USP34	3	0.2094	0.7139
LMNA	USP34	3	0.2718	0.6647
MAPRE3	USP34	3	0.1052	0.7852
ACTB	USP31	3	0.0224	0.8555
CTNNA1	USP31	3	0.0432	0.8376
KRT8	USP31	3	0.0287	0.8509
MAPRE3	USP31	3	0.1331	0.7656
ACTB	RAPH1	3	0.3551	0.5504
CTNNA1	RAPH1	3	0.1052	0.7852
KRT8	RAPH1	3	0.2303	0.6988
LMNA	RAPH1	3	0.0996	0.7895
MAPRE3	RAPH1	3	0.1488	0.7547
ACTB	USP53	3	0.2467	0.6861
KRT8	USP53	3	0.1166	0.7766
MAPRE3	USP53	3	0.0261	0.8529
ACTB	USP54	3	0.0649	0.8172
CTNNA1	USP54	3	0.0403	0.8405
KRT8	USP54	3	0.0664	0.8158
LMNA	USP54	3	0.0009	0.8730
MAPRE3	USP54	3	0.0384	0.8426
ACTB	UNC13D	3	0.0408	0.8400
CTNNA1	UNC13D	3	0.0088	0.8646
KRT8	UNC13D	3	0.0916	0.7955
LMNA	UNC13D	3	0.0039	0.8690
MAPRE3	UNC13D	3	0.0053	0.8676
ACTB	UBE2R2	3	0.0834	0.8018
CTNNA1	UBE2R2	3	0.0309	0.8491
KRT8	UBE2R2	3	0.1153	0.7779
LMNA	UBE2R2	3	0.0447	0.8363
MAPRE3	UBE2R2	3	0.0402	0.8406
LMNA	CENPU	3	0.0677	0.8147
MAPRE3	CENPU	3	0.0020	0.8713
ACTB	MED13L	3	0.0063	0.8666
KRT8	MED13L	3	0.0255	0.8533
LMNA	MED13L	3	0.0033	0.8697
MAPRE3	MED13L	3	0.0010	0.8728
ACTB	LARP4	3	0.2157	0.7094
CTNNA1	LARP4	3	0.0388	0.8422
KRT8	LARP4	3	0.2253	0.7023
LMNA	LARP4	3	0.0503	0.8308
MAPRE3	LARP4	3	0.1684	0.7411
ACTB	MED25	3	0.0731	0.8101
CTNNA1	MED25	3	0.0016	0.8718
KRT8	MED25	3	0.0764	0.8072
LMNA	MED25	3	0.0476	0.8336
MAPRE3	MED25	3	0.0197	0.8573
ACTB	RPS27L	3	0.1994	0.7202
CTNNA1	RPS27L	3	0.0455	0.8355
KRT8	RPS27L	3	0.2774	0.6599
LMNA	RPS27L	3	0.1623	0.7452
MAPRE3	RPS27L	3	0.0816	0.8032
ACTB	CBLL1	3	0.2198	0.7065
KRT8	CBLL1	3	0.1953	0.7230
LMNA	CBLL1	3	0.2906	0.6461
MAPRE3	CBLL1	3	0.0700	0.8127
ACTB	MTSS2	3	0.1110	0.7810
CTNNA1	MTSS2	3	0.0053	0.8676
KRT8	MTSS2	3	0.0686	0.8139
LMNA	MTSS2	3	0.0167	0.8593
MAPRE3	MTSS2	3	0.0157	0.8599
ACTB	NOL8	3	0.1910	0.7258
CTNNA1	NOL8	3	0.0236	0.8547
KRT8	NOL8	3	0.2275	0.7008
LMNA	NOL8	3	0.2328	0.6970
MAPRE3	NOL8	3	0.1613	0.7459
ACTB	SSH2	3	0.0763	0.8073
CTNNA1	SSH2	3	0.0133	0.8616
KRT8	SSH2	3	0.0594	0.8222
LMNA	SSH2	3	0.0045	0.8683
MAPRE3	SSH2	3	0.0141	0.8610
ACTB	ASXL2	3	0.1495	0.7542
CTNNA1	ASXL2	3	0.0132	0.8616
KRT8	ASXL2	3	0.1649	0.7435
LMNA	ASXL2	3	0.2348	0.6951
MAPRE3	ASXL2	3	0.0710	0.8119
ACTB	CEP68	3	0.0664	0.8158
KRT8	CEP68	3	0.1857	0.7293
MAPRE3	CEP68	3	0.0258	0.8531
ACTB	BTN2A1	3	0.0422	0.8386
CTNNA1	BTN2A1	3	0.0342	0.8464
KRT8	BTN2A1	3	0.0821	0.8028
LMNA	BTN2A1	3	0.0768	0.8069
MAPRE3	BTN2A1	3	0.0204	0.8569
ACTB	SUPT6H	3	0.0585	0.8229
CTNNA1	SUPT6H	3	0.0701	0.8126
KRT8	SUPT6H	3	0.1008	0.7886
LMNA	SUPT6H	3	0.2653	0.6705
MAPRE3	SUPT6H	3	0.0298	0.8500
ACTB	SND1	3	0.1136	0.7790
CTNNA1	SND1	3	0.0433	0.8375
KRT8	SND1	3	0.1244	0.7712
LMNA	SND1	3	0.0589	0.8226
MAPRE3	SND1	3	0.0588	0.8227
ACTB	MARK2	3	0.2960	0.6404
CTNNA1	MARK2	3	0.1395	0.7612
KRT8	MARK2	3	0.2686	0.6676
LMNA	MARK2	3	0.1344	0.7646
MAPRE3	MARK2	3	0.2291	0.6997
ACTB	DDX46	3	0.2124	0.7117
CTNNA1	DDX46	3	0.0595	0.8221
KRT8	DDX46	3	0.1396	0.7612
LMNA	DDX46	3	0.2950	0.6413
MAPRE3	DDX46	3	0.1659	0.7428
ACTB	TRMT10C	3	0.1552	0.7501
CTNNA1	TRMT10C	3	0.0392	0.8417
KRT8	TRMT10C	3	0.4376	0.3976
LMNA	TRMT10C	3	0.1193	0.7747
MAPRE3	TRMT10C	3	0.0405	0.8403
ACTB	BZW1	3	0.1277	0.7691
CTNNA1	BZW1	3	0.0371	0.8438
KRT8	BZW1	3	0.1549	0.7504
LMNA	BZW1	3	0.1176	0.7759
MAPRE3	BZW1	3	0.1373	0.7627
ACTB	ASRGL1	3	0.3484	0.5618
CTNNA1	ASRGL1	3	0.0983	0.7904
KRT8	ASRGL1	3	0.3653	0.5309
LMNA	ASRGL1	3	0.3138	0.6197
MAPRE3	ASRGL1	3	0.2689	0.6674
ACTB	KCTD9	3	0.0805	0.8041
KRT8	KCTD9	3	0.1435	0.7586
LMNA	KCTD9	3	0.0299	0.8499
MAPRE3	KCTD9	3	0.0466	0.8345
ACTB	DHX30	3	0.1198	0.7744
CTNNA1	DHX30	3	0.0277	0.8517
KRT8	DHX30	3	0.2559	0.6782
LMNA	DHX30	3	0.0807	0.8040
MAPRE3	DHX30	3	0.0353	0.8454
ACTB	EIF3M	3	0.2506	0.6831
CTNNA1	EIF3M	3	0.0650	0.8171
KRT8	EIF3M	3	0.2886	0.6482
LMNA	EIF3M	3	0.1967	0.7221
MAPRE3	EIF3M	3	0.1237	0.7718
ACTB	MEPCE	3	0.1639	0.7441
CTNNA1	MEPCE	3	0.0185	0.8580
KRT8	MEPCE	3	0.1331	0.7656
LMNA	MEPCE	3	0.2413	0.6902
MAPRE3	MEPCE	3	0.0762	0.8074
ACTB	CDC37L1	3	0.2564	0.6778
CTNNA1	CDC37L1	3	0.0599	0.8217
KRT8	CDC37L1	3	0.2636	0.6719
LMNA	CDC37L1	3	0.1853	0.7296
MAPRE3	CDC37L1	3	0.1340	0.7649
ACTB	RSRC2	3	0.1246	0.7711
CTNNA1	RSRC2	3	0.0249	0.8538
KRT8	RSRC2	3	0.0891	0.7972
LMNA	RSRC2	3	0.2825	0.6540
MAPRE3	RSRC2	3	0.0704	0.8123
ACTB	RRAGA	3	0.2517	0.6821
CTNNA1	RRAGA	3	0.0810	0.8037
KRT8	RRAGA	3	0.2780	0.6592
LMNA	RRAGA	3	0.2075	0.7151
MAPRE3	RRAGA	3	0.1448	0.7578
ACTB	CYFIP1	3	0.3666	0.5270
CTNNA1	CYFIP1	3	0.2074	0.7151
KRT8	CYFIP1	3	0.3763	0.5118
LMNA	CYFIP1	3	0.2183	0.7074
MAPRE3	CYFIP1	3	0.1393	0.7614
ACTB	MCM10	3	0.1234	0.7720
CTNNA1	MCM10	3	0.0382	0.8428
KRT8	MCM10	3	0.1709	0.7394
LMNA	MCM10	3	0.2669	0.6691
MAPRE3	MCM10	3	0.2106	0.7129
ACTB	NDUFAF7	3	0.1778	0.7346
CTNNA1	NDUFAF7	3	0.0603	0.8214
KRT8	NDUFAF7	3	0.5829	0.2115
LMNA	NDUFAF7	3	0.1136	0.7790
MAPRE3	NDUFAF7	3	0.1135	0.7791
ACTB	GET4	3	0.2130	0.7113
CTNNA1	GET4	3	0.0932	0.7943
KRT8	GET4	3	0.3843	0.4938
LMNA	GET4	3	0.4352	0.4007
MAPRE3	GET4	3	0.0974	0.7911
ACTB	COPS6	3	0.1506	0.7535
CTNNA1	COPS6	3	0.0505	0.8305
KRT8	COPS6	3	0.2219	0.7049
LMNA	COPS6	3	0.0712	0.8117
MAPRE3	COPS6	3	0.0638	0.8181
ACTB	LPCAT2	3	0.0860	0.7997
CTNNA1	LPCAT2	3	0.0343	0.8463
KRT8	LPCAT2	3	0.1329	0.7657
LMNA	LPCAT2	3	0.1045	0.7858
MAPRE3	LPCAT2	3	0.0218	0.8559
ACTB	ENOSF1	3	0.1363	0.7633
CTNNA1	ENOSF1	3	0.0220	0.8557
KRT8	ENOSF1	3	0.1920	0.7253
LMNA	ENOSF1	3	0.1250	0.7708
MAPRE3	ENOSF1	3	0.0331	0.8472
ACTB	MAEA	3	0.1364	0.7632
CTNNA1	MAEA	3	0.0240	0.8544
KRT8	MAEA	3	0.2573	0.6770
LMNA	MAEA	3	0.1525	0.7521
MAPRE3	MAEA	3	0.0590	0.8225
ACTB	EPM2AIP1	3	0.0878	0.7983
CTNNA1	EPM2AIP1	3	0.0163	0.8595
KRT8	EPM2AIP1	3	0.1059	0.7848
LMNA	EPM2AIP1	3	0.3150	0.6175
MAPRE3	EPM2AIP1	3	0.0339	0.8466
ACTB	DHX32	3	0.0691	0.8135
CTNNA1	DHX32	3	0.0428	0.8380
KRT8	DHX32	3	0.1728	0.7383
LMNA	DHX32	3	0.0633	0.8185
MAPRE3	DHX32	3	0.0260	0.8530
ACTB	RAB11FIP2	3	0.3172	0.6146
CTNNA1	RAB11FIP2	3	0.1723	0.7385
KRT8	RAB11FIP2	3	0.3264	0.6015
LMNA	RAB11FIP2	3	0.1826	0.7311
MAPRE3	RAB11FIP2	3	0.2244	0.7030
ACTB	FASTKD5	3	0.0875	0.7986
CTNNA1	FASTKD5	3	0.0741	0.8093
KRT8	FASTKD5	3	0.3131	0.6206
LMNA	FASTKD5	3	0.0681	0.8143
MAPRE3	FASTKD5	3	0.0023	0.8708
ACTB	MOB1B;MOB1A	3	0.2289	0.6999
CTNNA1	MOB1B;MOB1A	3	0.0432	0.8376
KRT8	MOB1B;MOB1A	3	0.2342	0.6956
LMNA	MOB1B;MOB1A	3	0.1767	0.7355
MAPRE3	MOB1B;MOB1A	3	0.0948	0.7931
ACTB	KDM3B	3	0.2024	0.7186
CTNNA1	KDM3B	3	0.0745	0.8091
KRT8	KDM3B	3	0.2036	0.7177
LMNA	KDM3B	3	0.3118	0.6225
MAPRE3	KDM3B	3	0.1605	0.7466
ACTB	RRM2B	3	0.0388	0.8422
CTNNA1	RRM2B	3	0.0443	0.8367
LMNA	RRM2B	3	0.0050	0.8678
ACTB	MICAL3	3	0.3245	0.6040
CTNNA1	MICAL3	3	0.1238	0.7717
KRT8	MICAL3	3	0.3502	0.5583
LMNA	MICAL3	3	0.2361	0.6941
MAPRE3	MICAL3	3	0.2080	0.7147
ACTB	GPRIN1	3	0.0395	0.8413
CTNNA1	GPRIN1	3	0.0061	0.8669
KRT8	GPRIN1	3	0.0078	0.8654
MAPRE3	GPRIN1	3	0.0017	0.8717
ACTB	TRMT1L	3	0.0733	0.8099
CTNNA1	TRMT1L	3	0.0173	0.8588
KRT8	TRMT1L	3	0.0516	0.8295
LMNA	TRMT1L	3	0.1134	0.7792
MAPRE3	TRMT1L	3	0.0227	0.8553
ACTB	ZC3HAV1	3	0.2856	0.6513
CTNNA1	ZC3HAV1	3	0.1188	0.7751
KRT8	ZC3HAV1	3	0.3017	0.6343
LMNA	ZC3HAV1	3	0.1103	0.7816
MAPRE3	ZC3HAV1	3	0.1980	0.7211
ACTB	TICRR	3	0.0577	0.8237
KRT8	TICRR	3	0.2066	0.7157
LMNA	TICRR	3	0.0775	0.8064
MAPRE3	TICRR	3	0.0191	0.8577
ACTB	EFL1	3	0.2027	0.7184
CTNNA1	EFL1	3	0.0120	0.8625
KRT8	EFL1	3	0.1968	0.7220
LMNA	EFL1	3	0.0471	0.8340
MAPRE3	EFL1	3	0.0858	0.7999
ACTB	SETX	3	0.1805	0.7326
CTNNA1	SETX	3	0.0386	0.8424
KRT8	SETX	3	0.1630	0.7447
LMNA	SETX	3	0.2803	0.6565
MAPRE3	SETX	3	0.1703	0.7398
ACTB	HDX	3	0.0240	0.8544
KRT8	HDX	3	0.0829	0.8022
LMNA	HDX	3	0.0465	0.8346
MAPRE3	HDX	3	0.0002	0.8745
ACTB	KANSL1	3	0.0001	0.8748
CTNNA1	KANSL1	3	0.0000	0.8752
KRT8	KANSL1	3	0.0077	0.8655
LMNA	KANSL1	3	0.0116	0.8628
MAPRE3	KANSL1	3	0.0003	0.8743
ACTB	NUP54	3	0.0503	0.8308
KRT8	NUP54	3	0.1265	0.7698
LMNA	NUP54	3	0.0180	0.8583
MAPRE3	NUP54	3	0.0055	0.8674
ACTB	ATG9A	3	0.1264	0.7698
CTNNA1	ATG9A	3	0.0324	0.8478
KRT8	ATG9A	3	0.3304	0.5952
LMNA	ATG9A	3	0.0851	0.8005
MAPRE3	ATG9A	3	0.0712	0.8117
ACTB	CCDC186	3	0.0513	0.8297
KRT8	CCDC186	3	0.0811	0.8036
MAPRE3	CCDC186	3	0.0038	0.8691
ACTB	ARMC9	3	0.0396	0.8413
CTNNA1	ARMC9	3	0.0021	0.8711
KRT8	ARMC9	3	0.1384	0.7621
LMNA	ARMC9	3	0.0145	0.8608
MAPRE3	ARMC9	3	0.0079	0.8653
ACTB	VPS35L	3	0.1157	0.7775
CTNNA1	VPS35L	3	0.0030	0.8700
KRT8	VPS35L	3	0.1829	0.7309
LMNA	VPS35L	3	0.0607	0.8210
MAPRE3	VPS35L	3	0.0492	0.8318
ACTB	POGZ	3	0.1981	0.7211
CTNNA1	POGZ	3	0.0491	0.8319
KRT8	POGZ	3	0.1950	0.7232
LMNA	POGZ	3	0.3065	0.6289
MAPRE3	POGZ	3	0.1517	0.7528
LMNA	MIER3	3	0.0634	0.8184
ACTB	ZFYVE16	3	0.3179	0.6138
CTNNA1	ZFYVE16	3	0.1818	0.7316
KRT8	ZFYVE16	3	0.3111	0.6234
LMNA	ZFYVE16	3	0.1596	0.7473
MAPRE3	ZFYVE16	3	0.2368	0.6935
ACTB	MON2	3	0.3109	0.6238
CTNNA1	MON2	3	0.1672	0.7419
KRT8	MON2	3	0.3556	0.5491
LMNA	MON2	3	0.1994	0.7202
MAPRE3	MON2	3	0.2155	0.7095
ACTB	DENND4A	3	0.0497	0.8313
CTNNA1	DENND4A	3	0.0014	0.8722
KRT8	DENND4A	3	0.0741	0.8093
LMNA	DENND4A	3	0.0037	0.8691
MAPRE3	DENND4A	3	0.0044	0.8684
ACTB	MYH14	3	0.5836	0.2081
CTNNA1	MYH14	3	0.0709	0.8120
KRT8	MYH14	3	0.1976	0.7214
LMNA	MYH14	3	0.0565	0.8248
MAPRE3	MYH14	3	0.0822	0.8027
ACTB	NUFIP2	3	0.2737	0.6630
CTNNA1	NUFIP2	3	0.1128	0.7797
KRT8	NUFIP2	3	0.2676	0.6684
LMNA	NUFIP2	3	0.0949	0.7930
MAPRE3	NUFIP2	3	0.2538	0.6803
ACTB	SZRD1	3	0.0471	0.8340
KRT8	SZRD1	3	0.0125	0.8621
ACTB	MAVS	3	0.2509	0.6829
CTNNA1	MAVS	3	0.0555	0.8259
KRT8	MAVS	3	0.2525	0.6813
LMNA	MAVS	3	0.0676	0.8148
MAPRE3	MAVS	3	0.1982	0.7209
ACTB	CLASP1	3	0.1803	0.7327
CTNNA1	CLASP1	3	0.0868	0.7991
KRT8	CLASP1	3	0.2335	0.6963
LMNA	CLASP1	3	0.0915	0.7956
MAPRE3	CLASP1	3	0.4761	0.3415
ACTB	DHX29	3	0.2954	0.6411
CTNNA1	DHX29	3	0.0850	0.8005
KRT8	DHX29	3	0.2750	0.6619
LMNA	DHX29	3	0.1207	0.7737
MAPRE3	DHX29	3	0.2097	0.7137
ACTB	NPHP3	3	0.0258	0.8531
KRT8	NPHP3	3	0.0895	0.7969
ACTB	COMMD6	3	0.0043	0.8685
CTNNA1	COMMD6	3	0.0002	0.8745
KRT8	COMMD6	3	0.0135	0.8615
ACTB	TRMT11	3	0.1767	0.7355
CTNNA1	TRMT11	3	0.0314	0.8487
KRT8	TRMT11	3	0.2518	0.6820
LMNA	TRMT11	3	0.0973	0.7912
MAPRE3	TRMT11	3	0.0465	0.8346
ACTB	HAUS6	3	0.2361	0.6941
CTNNA1	HAUS6	3	0.1167	0.7765
KRT8	HAUS6	3	0.3220	0.6071
LMNA	HAUS6	3	0.1036	0.7866
MAPRE3	HAUS6	3	0.2418	0.6898
ACTB	TTC21B	3	0.2803	0.6565
KRT8	TTC21B	3	0.1756	0.7363
ACTB	HEATR3	3	0.1501	0.7538
CTNNA1	HEATR3	3	0.0251	0.8536
KRT8	HEATR3	3	0.1826	0.7311
LMNA	HEATR3	3	0.1960	0.7225
MAPRE3	HEATR3	3	0.0544	0.8270
ACTB	C6orf120	3	0.0091	0.8643
KRT8	C6orf120	3	0.0137	0.8614
LMNA	C6orf120	3	0.0019	0.8714
MAPRE3	C6orf120	3	0.0001	0.8748
ACTB	KIF21A	3	0.0602	0.8215
CTNNA1	KIF21A	3	0.0046	0.8682
KRT8	KIF21A	3	0.0868	0.7991
LMNA	KIF21A	3	0.0054	0.8675
MAPRE3	KIF21A	3	0.0214	0.8562
ACTB	CFAP91	3	0.2567	0.6774
CTNNA1	CFAP91	3	0.0308	0.8492
KRT8	CFAP91	3	0.2008	0.7195
LMNA	CFAP91	3	0.0948	0.7931
MAPRE3	CFAP91	3	0.0680	0.8144
ACTB	HDGFL2	3	0.1318	0.7665
CTNNA1	HDGFL2	3	0.0153	0.8602
KRT8	HDGFL2	3	0.1781	0.7344
LMNA	HDGFL2	3	0.1201	0.7742
MAPRE3	HDGFL2	3	0.0322	0.8480
ACTB	BRAP	3	0.2165	0.7088
CTNNA1	BRAP	3	0.0219	0.8558
KRT8	BRAP	3	0.1985	0.7206
LMNA	BRAP	3	0.0690	0.8136
MAPRE3	BRAP	3	0.0584	0.8231
ACTB	EMSY	3	0.2183	0.7074
CTNNA1	EMSY	3	0.0379	0.8431
KRT8	EMSY	3	0.2112	0.7125
LMNA	EMSY	3	0.2685	0.6676
MAPRE3	EMSY	3	0.2262	0.7016
ACTB	GOLGA7	3	0.1549	0.7504
CTNNA1	GOLGA7	3	0.0226	0.8554
KRT8	GOLGA7	3	0.1813	0.7320
LMNA	GOLGA7	3	0.0626	0.8192
MAPRE3	GOLGA7	3	0.0083	0.8650
ACTB	RAI1	3	0.1135	0.7791
CTNNA1	RAI1	3	0.0326	0.8477
KRT8	RAI1	3	0.1167	0.7765
LMNA	RAI1	3	0.2788	0.6583
MAPRE3	RAI1	3	0.0850	0.8005
ACTB	WAPL	3	0.1961	0.7225
CTNNA1	WAPL	3	0.0564	0.8249
KRT8	WAPL	3	0.1838	0.7303
LMNA	WAPL	3	0.2860	0.6507
MAPRE3	WAPL	3	0.1547	0.7506
ACTB	R3HCC1L	3	0.0601	0.8216
CTNNA1	R3HCC1L	3	0.0003	0.8743
KRT8	R3HCC1L	3	0.0816	0.8032
LMNA	R3HCC1L	3	0.0002	0.8745
MAPRE3	R3HCC1L	3	0.0327	0.8476
ACTB	IRF2BP2	3	0.1458	0.7570
CTNNA1	IRF2BP2	3	0.0192	0.8576
KRT8	IRF2BP2	3	0.0608	0.8209
LMNA	IRF2BP2	3	0.1894	0.7269
MAPRE3	IRF2BP2	3	0.0583	0.8232
ACTB	SRGAP1	3	0.0878	0.7983
CTNNA1	SRGAP1	3	0.0042	0.8687
KRT8	SRGAP1	3	0.1072	0.7837
LMNA	SRGAP1	3	0.0008	0.8732
MAPRE3	SRGAP1	3	0.0300	0.8498
ACTB	RBBP6	3	0.1781	0.7344
CTNNA1	RBBP6	3	0.0369	0.8440
KRT8	RBBP6	3	0.1059	0.7848
LMNA	RBBP6	3	0.2804	0.6564
MAPRE3	RBBP6	3	0.1160	0.7772
ACTB	C5orf24	3	0.1041	0.7861
CTNNA1	C5orf24	3	0.0261	0.8529
KRT8	C5orf24	3	0.1250	0.7708
LMNA	C5orf24	3	0.1419	0.7597
MAPRE3	C5orf24	3	0.0429	0.8379
ACTB	SH3RF1	3	0.0599	0.8217
CTNNA1	SH3RF1	3	0.0015	0.8720
KRT8	SH3RF1	3	0.0826	0.8024
LMNA	SH3RF1	3	0.0023	0.8708
MAPRE3	SH3RF1	3	0.0105	0.8634
ACTB	TSEN54	3	0.0840	0.8012
CTNNA1	TSEN54	3	0.0517	0.8294
KRT8	TSEN54	3	0.0657	0.8164
LMNA	TSEN54	3	0.6730	0.1467
MAPRE3	TSEN54	3	0.0783	0.8057
ACTB	PTAR1	3	0.2334	0.6964
CTNNA1	PTAR1	3	0.0501	0.8309
KRT8	PTAR1	3	0.2778	0.6594
LMNA	PTAR1	3	0.2030	0.7182
MAPRE3	PTAR1	3	0.0729	0.8103
ACTB	ARPIN	3	0.0568	0.8245
CTNNA1	ARPIN	3	0.0006	0.8736
KRT8	ARPIN	3	0.0538	0.8275
LMNA	ARPIN	3	0.0377	0.8433
MAPRE3	ARPIN	3	0.0043	0.8685
ACTB	RABEPK	3	0.0703	0.8124
CTNNA1	RABEPK	3	0.0298	0.8500
KRT8	RABEPK	3	0.1236	0.7719
LMNA	RABEPK	3	0.0079	0.8653
MAPRE3	RABEPK	3	0.0229	0.8552
ACTB	HUWE1	3	0.2267	0.7013
CTNNA1	HUWE1	3	0.0660	0.8161
KRT8	HUWE1	3	0.3125	0.6217
LMNA	HUWE1	3	0.2158	0.7093
MAPRE3	HUWE1	3	0.1213	0.7733
ACTB	PLEKHH3	3	0.0219	0.8558
KRT8	PLEKHH3	3	0.0533	0.8280
LMNA	PLEKHH3	3	0.0215	0.8561
MAPRE3	PLEKHH3	3	0.0029	0.8701
ACTB	YTHDF3	3	0.2052	0.7167
CTNNA1	YTHDF3	3	0.0464	0.8347
KRT8	YTHDF3	3	0.2551	0.6791
LMNA	YTHDF3	3	0.0620	0.8197
MAPRE3	YTHDF3	3	0.1295	0.7680
ACTB	KRT77	3	0.2285	0.7002
CTNNA1	KRT77	3	0.0750	0.8085
KRT8	KRT77	3	0.1412	0.7602
LMNA	KRT77	3	0.1245	0.7712
MAPRE3	KRT77	3	0.0670	0.8153
ACTB	CNTRL	3	0.0703	0.8124
KRT8	CNTRL	3	0.0980	0.7906
MAPRE3	CNTRL	3	0.0049	0.8679
ACTB	CTU1	3	0.0553	0.8261
CTNNA1	CTU1	3	0.0001	0.8748
KRT8	CTU1	3	0.0501	0.8309
LMNA	CTU1	3	0.0029	0.8701
MAPRE3	CTU1	3	0.0031	0.8699
ACTB	UBE2Q1	3	0.1971	0.7218
CTNNA1	UBE2Q1	3	0.0917	0.7954
KRT8	UBE2Q1	3	0.2542	0.6800
LMNA	UBE2Q1	3	0.2741	0.6626
MAPRE3	UBE2Q1	3	0.0832	0.8019
ACTB	KHDC4	3	0.0135	0.8615
KRT8	KHDC4	3	0.0042	0.8687
LMNA	KHDC4	3	0.0578	0.8236
MAPRE3	KHDC4	3	0.0004	0.8740
ACTB	VPS13B	3	0.0395	0.8413
CTNNA1	VPS13B	3	0.0023	0.8708
KRT8	VPS13B	3	0.1005	0.7889
LMNA	VPS13B	3	0.0097	0.8639
MAPRE3	VPS13B	3	0.0042	0.8687
ACTB	TMED4	3	0.0905	0.7962
CTNNA1	TMED4	3	0.0477	0.8334
KRT8	TMED4	3	0.0342	0.8464
LMNA	TMED4	3	0.0665	0.8157
MAPRE3	TMED4	3	0.0321	0.8481
ACTB	MRPL10	3	0.0810	0.8037
CTNNA1	MRPL10	3	0.0817	0.8031
KRT8	MRPL10	3	0.1982	0.7209
LMNA	MRPL10	3	0.0626	0.8192
MAPRE3	MRPL10	3	0.0237	0.8547
ACTB	CMC1	3	0.0771	0.8066
KRT8	CMC1	3	0.1374	0.7626
LMNA	CMC1	3	0.0555	0.8259
MAPRE3	CMC1	3	0.0295	0.8502
ACTB	CENPV	3	0.0008	0.8732
LMNA	CENPV	3	0.0006	0.8736
MAPRE3	CENPV	3	0.0008	0.8732
ACTB	DSG4	3	0.0029	0.8701
KRT8	DSG4	3	0.0001	0.8748
ACTB	SCD5	3	0.0091	0.8643
LMNA	SCD5	3	0.0822	0.8027
ACTB	PHLDB2	3	0.2362	0.6940
CTNNA1	PHLDB2	3	0.1063	0.7844
KRT8	PHLDB2	3	0.4220	0.4277
LMNA	PHLDB2	3	0.1246	0.7711
MAPRE3	PHLDB2	3	0.1919	0.7254
ACTB	SDCCAG8	3	0.0224	0.8555
CTNNA1	SDCCAG8	3	0.0389	0.8420
KRT8	SDCCAG8	3	0.1234	0.7720
LMNA	SDCCAG8	3	0.0061	0.8669
MAPRE3	SDCCAG8	3	0.0430	0.8378
ACTB	TEDC1	3	0.1050	0.7854
KRT8	TEDC1	3	0.2502	0.6834
LMNA	TEDC1	3	0.0392	0.8417
MAPRE3	TEDC1	3	0.0374	0.8436
ACTB	GLRX5	3	0.2348	0.6951
CTNNA1	GLRX5	3	0.0251	0.8536
KRT8	GLRX5	3	0.2695	0.6669
LMNA	GLRX5	3	0.1621	0.7454
MAPRE3	GLRX5	3	0.1128	0.7797
ACTB	ZBTB33	3	0.2503	0.6833
CTNNA1	ZBTB33	3	0.2057	0.7164
KRT8	ZBTB33	3	0.2665	0.6695
LMNA	ZBTB33	3	0.3765	0.5109
MAPRE3	ZBTB33	3	0.1847	0.7298
KRT8	USP37	3	0.0539	0.8274
LMNA	USP37	3	0.0421	0.8387
ACTB	ALPK2	3	0.1714	0.7392
KRT8	ALPK2	3	0.2474	0.6855
MAPRE3	ALPK2	3	0.0787	0.8054
ACTB	PATL1	3	0.2053	0.7166
CTNNA1	PATL1	3	0.0632	0.8186
KRT8	PATL1	3	0.2678	0.6682
LMNA	PATL1	3	0.0769	0.8068
MAPRE3	PATL1	3	0.1831	0.7308
ACTB	MYPN	3	0.1085	0.7828
CTNNA1	MYPN	3	0.0046	0.8682
KRT8	MYPN	3	0.0763	0.8073
LMNA	MYPN	3	0.0089	0.8645
MAPRE3	MYPN	3	0.0235	0.8548
ACTB	PEG10	3	0.3185	0.6128
CTNNA1	PEG10	3	0.0824	0.8025
KRT8	PEG10	3	0.2595	0.6753
LMNA	PEG10	3	0.1532	0.7516
MAPRE3	PEG10	3	0.1535	0.7514
ACTB	DPP9	3	0.1658	0.7428
CTNNA1	DPP9	3	0.0262	0.8528
KRT8	DPP9	3	0.2232	0.7039
LMNA	DPP9	3	0.0598	0.8218
MAPRE3	DPP9	3	0.0282	0.8514
ACTB	PRUNE1	3	0.1883	0.7277
CTNNA1	PRUNE1	3	0.0257	0.8532
KRT8	PRUNE1	3	0.2264	0.7015
LMNA	PRUNE1	3	0.1584	0.7480
MAPRE3	PRUNE1	3	0.0466	0.8345
ACTB	SETD3	3	0.1717	0.7389
KRT8	SETD3	3	0.1558	0.7498
MAPRE3	SETD3	3	0.0025	0.8705
ACTB	ACOT1	3	0.2056	0.7164
CTNNA1	ACOT1	3	0.0414	0.8394
KRT8	ACOT1	3	0.7192	0.1275
LMNA	ACOT1	3	0.1579	0.7484
MAPRE3	ACOT1	3	0.1052	0.7852
ACTB	RBM23	3	0.2016	0.7190
CTNNA1	RBM23	3	0.1157	0.7775
KRT8	RBM23	3	0.1992	0.7203
LMNA	RBM23	3	0.3302	0.5958
MAPRE3	RBM23	3	0.1562	0.7495
ACTB	ISCA2	3	0.1466	0.7564
CTNNA1	ISCA2	3	0.0799	0.8046
KRT8	ISCA2	3	0.0697	0.8130
LMNA	ISCA2	3	0.0854	0.8002
ACTB	NOP9	3	0.1129	0.7796
CTNNA1	NOP9	3	0.0172	0.8589
KRT8	NOP9	3	0.1155	0.7777
LMNA	NOP9	3	0.0391	0.8418
MAPRE3	NOP9	3	0.0291	0.8506
ACTB	PABPN1	3	0.1692	0.7405
CTNNA1	PABPN1	3	0.0277	0.8517
KRT8	PABPN1	3	0.1705	0.7397
LMNA	PABPN1	3	0.2739	0.6628
MAPRE3	PABPN1	3	0.1814	0.7320
ACTB	METTL3	3	0.0361	0.8447
LMNA	METTL3	3	0.0550	0.8263
ACTB	LDB1	3	0.0040	0.8689
KRT8	LDB1	3	0.0234	0.8549
LMNA	LDB1	3	0.0526	0.8286
ACTB	PBRM1	3	0.1227	0.7724
CTNNA1	PBRM1	3	0.0630	0.8189
KRT8	PBRM1	3	0.1771	0.7352
LMNA	PBRM1	3	0.1147	0.7784
MAPRE3	PBRM1	3	0.1104	0.7815
ACTB	MTDH	3	0.3099	0.6250
CTNNA1	MTDH	3	0.1463	0.7567
KRT8	MTDH	3	0.2610	0.6742
LMNA	MTDH	3	0.2658	0.6701
MAPRE3	MTDH	3	0.2481	0.6849
ACTB	TLK2	3	0.0882	0.7980
CTNNA1	TLK2	3	0.0080	0.8652
KRT8	TLK2	3	0.0775	0.8064
LMNA	TLK2	3	0.1938	0.7241
MAPRE3	TLK2	3	0.0458	0.8352
ACTB	ZNF598	3	0.2508	0.6830
CTNNA1	ZNF598	3	0.0666	0.8156
KRT8	ZNF598	3	0.2745	0.6623
LMNA	ZNF598	3	0.1042	0.7860
MAPRE3	ZNF598	3	0.2744	0.6623
ACTB	GPAT4	3	0.0420	0.8388
KRT8	GPAT4	3	0.0597	0.8219
LMNA	GPAT4	3	0.0713	0.8116
ACTB	KTN1	3	0.2355	0.6945
CTNNA1	KTN1	3	0.0731	0.8101
KRT8	KTN1	3	0.2459	0.6867
LMNA	KTN1	3	0.0480	0.8331
MAPRE3	KTN1	3	0.1160	0.7772
ACTB	GTF2IRD2	3	0.1905	0.7262
CTNNA1	GTF2IRD2	3	0.0561	0.8252
KRT8	GTF2IRD2	3	0.1504	0.7536
LMNA	GTF2IRD2	3	0.3141	0.6193
MAPRE3	GTF2IRD2	3	0.1876	0.7281
ACTB	NLRX1	3	0.0298	0.8500
KRT8	NLRX1	3	0.2997	0.6365
LMNA	NLRX1	3	0.0561	0.8252
ACTB	BCL9L	3	0.0326	0.8477
CTNNA1	BCL9L	3	0.0003	0.8743
KRT8	BCL9L	3	0.1158	0.7774
LMNA	BCL9L	3	0.0602	0.8215
MAPRE3	BCL9L	3	0.0079	0.8653
ACTB	PHLDB1	3	0.2932	0.6432
CTNNA1	PHLDB1	3	0.1488	0.7547
KRT8	PHLDB1	3	0.3800	0.5035
LMNA	PHLDB1	3	0.1793	0.7334
MAPRE3	PHLDB1	3	0.2453	0.6873
ACTB	USP48	3	0.2521	0.6817
CTNNA1	USP48	3	0.0701	0.8126
KRT8	USP48	3	0.2016	0.7190
LMNA	USP48	3	0.2347	0.6952
MAPRE3	USP48	3	0.1740	0.7376
ACTB	N4BP2	3	0.0529	0.8284
CTNNA1	N4BP2	3	0.0011	0.8726
KRT8	N4BP2	3	0.0508	0.8303
LMNA	N4BP2	3	0.0018	0.8715
MAPRE3	N4BP2	3	0.0327	0.8476
KRT8	DTX2	3	0.0477	0.8334
LMNA	DTX2	3	0.1673	0.7418
MAPRE3	DTX2	3	0.0293	0.8504
ACTB	LUZP1	3	0.3389	0.5798
CTNNA1	LUZP1	3	0.1106	0.7813
KRT8	LUZP1	3	0.2459	0.6867
LMNA	LUZP1	3	0.0976	0.7909
MAPRE3	LUZP1	3	0.2361	0.6941
ACTB	ALYREF	3	0.0482	0.8328
CTNNA1	ALYREF	3	0.0327	0.8476
KRT8	ALYREF	3	0.0751	0.8084
LMNA	ALYREF	3	0.1779	0.7345
MAPRE3	ALYREF	3	0.0816	0.8032
ACTB	KBTBD6	3	0.0381	0.8429
CTNNA1	KBTBD6	3	0.0018	0.8715
KRT8	KBTBD6	3	0.0225	0.8554
LMNA	KBTBD6	3	0.1080	0.7831
MAPRE3	KBTBD6	3	0.0033	0.8697
ACTB	IQGAP3	3	0.0516	0.8295
CTNNA1	IQGAP3	3	0.0026	0.8704
KRT8	IQGAP3	3	0.0623	0.8195
LMNA	IQGAP3	3	0.0779	0.8060
MAPRE3	IQGAP3	3	0.0075	0.8657
ACTB	ZC3H18	3	0.0302	0.8497
CTNNA1	ZC3H18	3	0.0091	0.8643
KRT8	ZC3H18	3	0.0207	0.8567
LMNA	ZC3H18	3	0.0201	0.8570
MAPRE3	ZC3H18	3	0.0003	0.8743
ACTB	TAX1BP1	3	0.0110	0.8631
KRT8	TAX1BP1	3	0.0421	0.8387
LMNA	TAX1BP1	3	0.0115	0.8629
ACTB	CAND1	3	0.2181	0.7076
CTNNA1	CAND1	3	0.0393	0.8416
KRT8	CAND1	3	0.2969	0.6394
LMNA	CAND1	3	0.1859	0.7291
MAPRE3	CAND1	3	0.1075	0.7835
ACTB	GLCCI1	3	0.0573	0.8240
CTNNA1	GLCCI1	3	0.0021	0.8711
KRT8	GLCCI1	3	0.0751	0.8084
LMNA	GLCCI1	3	0.0035	0.8694
MAPRE3	GLCCI1	3	0.0171	0.8590
ACTB	HOOK3	3	0.1381	0.7622
CTNNA1	HOOK3	3	0.0163	0.8595
KRT8	HOOK3	3	0.2092	0.7140
LMNA	HOOK3	3	0.0023	0.8708
MAPRE3	HOOK3	3	0.0753	0.8082
ACTB	RTTN	3	0.2555	0.6787
CTNNA1	RTTN	3	0.0838	0.8014
KRT8	RTTN	3	0.3352	0.5861
LMNA	RTTN	3	0.1452	0.7574
MAPRE3	RTTN	3	0.1769	0.7354
ACTB	SESTD1	3	0.3243	0.6043
CTNNA1	SESTD1	3	0.1021	0.7878
KRT8	SESTD1	3	0.3488	0.5611
LMNA	SESTD1	3	0.2765	0.6609
MAPRE3	SESTD1	3	0.2497	0.6838
ACTB	COMMD7	3	0.0802	0.8044
CTNNA1	COMMD7	3	0.0065	0.8665
KRT8	COMMD7	3	0.1161	0.7771
LMNA	COMMD7	3	0.0951	0.7929
MAPRE3	COMMD7	3	0.0205	0.8568
ACTB	THOC6	3	0.1547	0.7506
CTNNA1	THOC6	3	0.0414	0.8394
KRT8	THOC6	3	0.1618	0.7456
LMNA	THOC6	3	0.1299	0.7677
MAPRE3	THOC6	3	0.0721	0.8110
ACTB	PARG	3	0.2593	0.6755
CTNNA1	PARG	3	0.0472	0.8340
KRT8	PARG	3	0.2539	0.6802
LMNA	PARG	3	0.2448	0.6876
MAPRE3	PARG	3	0.1511	0.7532
ACTB	PPFIBP1	3	0.2787	0.6585
CTNNA1	PPFIBP1	3	0.2225	0.7046
KRT8	PPFIBP1	3	0.3319	0.5933
LMNA	PPFIBP1	3	0.1177	0.7758
MAPRE3	PPFIBP1	3	0.1894	0.7269
ACTB	ZC3HC1	3	0.0687	0.8139
CTNNA1	ZC3HC1	3	0.0197	0.8573
KRT8	ZC3HC1	3	0.1097	0.7820
LMNA	ZC3HC1	3	0.1310	0.7670
MAPRE3	ZC3HC1	3	0.0392	0.8417
ACTB	SBF2	3	0.0552	0.8262
KRT8	SBF2	3	0.0555	0.8259
MAPRE3	SBF2	3	0.0061	0.8669
ACTB	NLRC5	3	0.0278	0.8516
CTNNA1	NLRC5	3	0.0997	0.7894
KRT8	NLRC5	3	0.0329	0.8474
LMNA	NLRC5	3	0.0810	0.8037
MAPRE3	NLRC5	3	0.0173	0.8588
ACTB	CHD1L	3	0.0158	0.8598
CTNNA1	CHD1L	3	0.0070	0.8661
KRT8	CHD1L	3	0.0057	0.8672
LMNA	CHD1L	3	0.0722	0.8109
MAPRE3	CHD1L	3	0.0010	0.8728
ACTB	FCHSD1	3	0.0498	0.8313
KRT8	FCHSD1	3	0.0972	0.7913
LMNA	FCHSD1	3	0.0023	0.8708
MAPRE3	FCHSD1	3	0.0070	0.8661
ACTB	GPBP1	3	0.0446	0.8364
CTNNA1	GPBP1	3	0.0035	0.8694
KRT8	GPBP1	3	0.1541	0.7510
LMNA	GPBP1	3	0.0138	0.8613
MAPRE3	GPBP1	3	0.0285	0.8511
ACTB	CCDC25	3	0.1209	0.7736
CTNNA1	CCDC25	3	0.0606	0.8211
KRT8	CCDC25	3	0.1889	0.7272
LMNA	CCDC25	3	0.0885	0.7977
MAPRE3	CCDC25	3	0.0480	0.8331
ACTB	STING1	3	0.0190	0.8577
KRT8	STING1	3	0.0311	0.8490
LMNA	STING1	3	0.1366	0.7631
ACTB	CDR2L	3	0.0732	0.8100
CTNNA1	CDR2L	3	0.0027	0.8703
KRT8	CDR2L	3	0.1104	0.7815
LMNA	CDR2L	3	0.0104	0.8635
MAPRE3	CDR2L	3	0.0131	0.8617
ACTB	RALGAPB	3	0.0563	0.8250
CTNNA1	RALGAPB	3	0.0028	0.8702
KRT8	RALGAPB	3	0.0751	0.8084
LMNA	RALGAPB	3	0.0029	0.8701
MAPRE3	RALGAPB	3	0.0171	0.8590
ACTB	ERICH1	3	0.0827	0.8023
CTNNA1	ERICH1	3	0.0070	0.8661
KRT8	ERICH1	3	0.0608	0.8209
LMNA	ERICH1	3	0.2650	0.6707
MAPRE3	ERICH1	3	0.0502	0.8309
ACTB	CARM1	3	0.0598	0.8218
CTNNA1	CARM1	3	0.0320	0.8481
KRT8	CARM1	3	0.1051	0.7853
LMNA	CARM1	3	0.0677	0.8147
MAPRE3	CARM1	3	0.0351	0.8455
ACTB	NIT1	3	0.0406	0.8402
CTNNA1	NIT1	3	0.0199	0.8571
KRT8	NIT1	3	0.0986	0.7902
LMNA	NIT1	3	0.0263	0.8527
MAPRE3	NIT1	3	0.0087	0.8647
ACTB	COMMD2	3	0.0988	0.7900
CTNNA1	COMMD2	3	0.0076	0.8656
KRT8	COMMD2	3	0.1818	0.7316
LMNA	COMMD2	3	0.0607	0.8210
LMNA	CIR1	3	0.1912	0.7257
MAPRE3	CIR1	3	0.0067	0.8663
ACTB	HEATR5A	3	0.0345	0.8461
CTNNA1	HEATR5A	3	0.0001	0.8748
KRT8	HEATR5A	3	0.0668	0.8155
LMNA	HEATR5A	3	0.0018	0.8715
MAPRE3	HEATR5A	3	0.0038	0.8691
ACTB	NCAPG2	3	0.0326	0.8477
CTNNA1	NCAPG2	3	0.0009	0.8730
KRT8	NCAPG2	3	0.0753	0.8082
LMNA	NCAPG2	3	0.0269	0.8523
MAPRE3	NCAPG2	3	0.0073	0.8658
ACTB	GAS2L3	3	0.7271	0.1235
MAPRE3	GAS2L3	3	0.9684	0.0052
ACTB	ANKLE2	3	0.3223	0.6066
CTNNA1	ANKLE2	3	0.1973	0.7216
KRT8	ANKLE2	3	0.3206	0.6095
LMNA	ANKLE2	3	0.2561	0.6780
MAPRE3	ANKLE2	3	0.1982	0.7209
ACTB	ZNF761	3	0.1015	0.7882
CTNNA1	ZNF761	3	0.0356	0.8451
KRT8	ZNF761	3	0.1630	0.7447
LMNA	ZNF761	3	0.2195	0.7066
MAPRE3	ZNF761	3	0.1023	0.7876
ACTB	DDX42	3	0.1497	0.7540
CTNNA1	DDX42	3	0.0568	0.8245
KRT8	DDX42	3	0.1301	0.7675
LMNA	DDX42	3	0.3340	0.5875
MAPRE3	DDX42	3	0.1559	0.7497
ACTB	CEP57	3	0.0302	0.8497
KRT8	CEP57	3	0.3873	0.4882
LMNA	CEP57	3	0.0553	0.8261
MAPRE3	CEP57	3	0.0812	0.8035
ACTB	FRAS1	3	0.0414	0.8394
CTNNA1	FRAS1	3	0.0045	0.8683
KRT8	FRAS1	3	0.0297	0.8501
LMNA	FRAS1	3	0.1118	0.7805
MAPRE3	FRAS1	3	0.0030	0.8700
ACTB	SPATS2	3	0.2280	0.7004
CTNNA1	SPATS2	3	0.0817	0.8031
KRT8	SPATS2	3	0.2531	0.6809
LMNA	SPATS2	3	0.1031	0.7870
MAPRE3	SPATS2	3	0.2467	0.6861
ACTB	VRK2	3	0.0310	0.8490
CTNNA1	VRK2	3	0.0109	0.8632
KRT8	VRK2	3	0.0406	0.8402
LMNA	VRK2	3	0.2620	0.6732
MAPRE3	VRK2	3	0.0153	0.8602
ACTB	CACUL1	3	0.1947	0.7234
CTNNA1	CACUL1	3	0.0669	0.8154
KRT8	CACUL1	3	0.4611	0.3655
LMNA	CACUL1	3	0.1627	0.7449
MAPRE3	CACUL1	3	0.0950	0.7930
ACTB	KRT73	3	0.1721	0.7387
CTNNA1	KRT73	3	0.0371	0.8438
KRT8	KRT73	3	0.3888	0.4827
LMNA	KRT73	3	0.0747	0.8088
MAPRE3	KRT73	3	0.0908	0.7960
ACTB	DNAAF5	3	0.2270	0.7011
CTNNA1	DNAAF5	3	0.0585	0.8229
KRT8	DNAAF5	3	0.3089	0.6264
LMNA	DNAAF5	3	0.1783	0.7342
MAPRE3	DNAAF5	3	0.1130	0.7795
ACTB	PTRH1	3	0.1513	0.7530
CTNNA1	PTRH1	3	0.0277	0.8517
KRT8	PTRH1	3	0.1511	0.7532
LMNA	PTRH1	3	0.1576	0.7486
MAPRE3	PTRH1	3	0.0673	0.8151
ACTB	KIF18B	3	0.1256	0.7704
CTNNA1	KIF18B	3	0.0183	0.8581
KRT8	KIF18B	3	0.1348	0.7643
LMNA	KIF18B	3	0.2609	0.6743
MAPRE3	KIF18B	3	0.5345	0.2586
ACTB	ZGRF1	3	0.2113	0.7124
CTNNA1	ZGRF1	3	0.0395	0.8413
KRT8	ZGRF1	3	0.2466	0.6862
LMNA	ZGRF1	3	0.2601	0.6749
MAPRE3	ZGRF1	3	0.1168	0.7765
ACTB	PALB2	3	0.0196	0.8574
CTNNA1	PALB2	3	0.0000	0.8752
KRT8	PALB2	3	0.0396	0.8413
LMNA	PALB2	3	0.0268	0.8523
MAPRE3	PALB2	3	0.0027	0.8703
ACTB	DOLPP1	3	0.1638	0.7441
CTNNA1	DOLPP1	3	0.0232	0.8551
KRT8	DOLPP1	3	0.2811	0.6555
LMNA	DOLPP1	3	0.1284	0.7686
MAPRE3	DOLPP1	3	0.0680	0.8144
ACTB	GATAD2A	3	0.1850	0.7297
CTNNA1	GATAD2A	3	0.0682	0.8142
KRT8	GATAD2A	3	0.1784	0.7342
LMNA	GATAD2A	3	0.2427	0.6891
MAPRE3	GATAD2A	3	0.1843	0.7300
ACTB	CPNE8	3	0.0754	0.8081
CTNNA1	CPNE8	3	0.0151	0.8604
KRT8	CPNE8	3	0.0506	0.8305
LMNA	CPNE8	3	0.0440	0.8370
MAPRE3	CPNE8	3	0.0086	0.8647
ACTB	GPSM1	3	0.0672	0.8152
KRT8	GPSM1	3	0.1185	0.7753
MAPRE3	GPSM1	3	0.0022	0.8710
ACTB	C2CD5	3	0.0537	0.8276
CTNNA1	C2CD5	3	0.0019	0.8714
KRT8	C2CD5	3	0.0771	0.8066
LMNA	C2CD5	3	0.0046	0.8682
MAPRE3	C2CD5	3	0.0034	0.8695
ACTB	MIB1	3	0.0379	0.8431
CTNNA1	MIB1	3	0.0036	0.8693
KRT8	MIB1	3	0.1118	0.7805
LMNA	MIB1	3	0.0213	0.8562
MAPRE3	MIB1	3	0.0157	0.8599
ACTB	PRAG1	3	0.0905	0.7962
CTNNA1	PRAG1	3	0.0108	0.8633
KRT8	PRAG1	3	0.0579	0.8235
LMNA	PRAG1	3	0.0031	0.8699
MAPRE3	PRAG1	3	0.0236	0.8547
ACTB	PLCZ1	3	0.2902	0.6466
CTNNA1	PLCZ1	3	0.1604	0.7467
KRT8	PLCZ1	3	0.3023	0.6335
LMNA	PLCZ1	3	0.1590	0.7477
MAPRE3	PLCZ1	3	0.2049	0.7169
ACTB	HRNR	3	0.3544	0.5514
CTNNA1	HRNR	3	0.1209	0.7736
KRT8	HRNR	3	0.0755	0.8080
LMNA	HRNR	3	0.2468	0.6860
MAPRE3	HRNR	3	0.0392	0.8417
ACTB	IRF2BP1	3	0.1090	0.7824
KRT8	IRF2BP1	3	0.0404	0.8404
LMNA	IRF2BP1	3	0.1654	0.7431
MAPRE3	IRF2BP1	3	0.0270	0.8522
ACTB	CAMK1D	3	0.1390	0.7616
CTNNA1	CAMK1D	3	0.0124	0.8622
KRT8	CAMK1D	3	0.1553	0.7501
LMNA	CAMK1D	3	0.0146	0.8607
MAPRE3	CAMK1D	3	0.0260	0.8530
ACTB	RHPN2	3	0.0635	0.8183
CTNNA1	RHPN2	3	0.0010	0.8728
KRT8	RHPN2	3	0.0588	0.8227
LMNA	RHPN2	3	0.0007	0.8734
MAPRE3	RHPN2	3	0.0077	0.8655
ACTB	ERC1	3	0.2267	0.7013
CTNNA1	ERC1	3	0.0856	0.8001
KRT8	ERC1	3	0.4295	0.4138
LMNA	ERC1	3	0.1129	0.7796
MAPRE3	ERC1	3	0.1337	0.7652
ACTB	RIOX2	3	0.0615	0.8202
CTNNA1	RIOX2	3	0.0550	0.8263
KRT8	RIOX2	3	0.1097	0.7820
LMNA	RIOX2	3	0.1021	0.7878
MAPRE3	RIOX2	3	0.0521	0.8291
ACTB	ARMC8	3	0.0564	0.8249
CTNNA1	ARMC8	3	0.0006	0.8736
KRT8	ARMC8	3	0.0308	0.8492
LMNA	ARMC8	3	0.0080	0.8652
MAPRE3	ARMC8	3	0.0005	0.8738
ACTB	LRRC49	3	0.0606	0.8211
CTNNA1	LRRC49	3	0.0008	0.8732
KRT8	LRRC49	3	0.0821	0.8028
MAPRE3	LRRC49	3	0.0178	0.8584
ACTB	PLD3	3	0.0707	0.8121
CTNNA1	PLD3	3	0.0452	0.8358
KRT8	PLD3	3	0.0731	0.8101
LMNA	PLD3	3	0.0745	0.8091
MAPRE3	PLD3	3	0.0255	0.8533
ACTB	ERI1	3	0.1895	0.7269
CTNNA1	ERI1	3	0.0957	0.7925
KRT8	ERI1	3	0.2183	0.7074
LMNA	ERI1	3	0.1412	0.7602
MAPRE3	ERI1	3	0.0625	0.8193
ACTB	LYSMD2	3	0.2666	0.6694
CTNNA1	LYSMD2	3	0.0745	0.8091
KRT8	LYSMD2	3	0.3037	0.6320
LMNA	LYSMD2	3	0.2681	0.6679
MAPRE3	LYSMD2	3	0.1764	0.7358
ACTB	NUDCD3	3	0.0619	0.8198
CTNNA1	NUDCD3	3	0.0020	0.8713
KRT8	NUDCD3	3	0.0917	0.7954
LMNA	NUDCD3	3	0.0348	0.8459
MAPRE3	NUDCD3	3	0.0060	0.8670
ACTB	AHNAK2	3	0.3618	0.5372
CTNNA1	AHNAK2	3	0.2340	0.6958
KRT8	AHNAK2	3	0.3435	0.5712
LMNA	AHNAK2	3	0.1326	0.7659
MAPRE3	AHNAK2	3	0.3008	0.6356
ACTB	TIAM2	3	0.0366	0.8443
KRT8	TIAM2	3	0.0907	0.7961
LMNA	TIAM2	3	0.1625	0.7451
MAPRE3	TIAM2	3	0.0154	0.8601
ACTB	FMNL3	3	0.6178	0.1873
KRT8	FMNL3	3	0.2569	0.6773
MAPRE3	FMNL3	3	0.0096	0.8640
ACTB	FOXP4	3	0.0006	0.8736
KRT8	FOXP4	3	0.0423	0.8385
LMNA	FOXP4	3	0.0370	0.8440
MAPRE3	FOXP4	3	0.0052	0.8677
ACTB	MAP4K3	3	0.0664	0.8158
CTNNA1	MAP4K3	3	0.0013	0.8724
KRT8	MAP4K3	3	0.0807	0.8040
LMNA	MAP4K3	3	0.0390	0.8419
MAPRE3	MAP4K3	3	0.0053	0.8676
ACTB	NAV3	3	0.1314	0.7667
KRT8	NAV3	3	0.2714	0.6651
MAPRE3	NAV3	3	0.1185	0.7753
ACTB	NAV2	3	0.0570	0.8242
CTNNA1	NAV2	3	0.0054	0.8675
KRT8	NAV2	3	0.0676	0.8148
LMNA	NAV2	3	0.0307	0.8493
MAPRE3	NAV2	3	0.1291	0.7683
ACTB	CCDC50	3	0.2574	0.6769
CTNNA1	CCDC50	3	0.0463	0.8348
KRT8	CCDC50	3	0.2164	0.7089
LMNA	CCDC50	3	0.0892	0.7971
MAPRE3	CCDC50	3	0.0896	0.7968
ACTB	MCAT	3	0.0059	0.8671
CTNNA1	MCAT	3	0.0009	0.8730
KRT8	MCAT	3	0.0131	0.8617
LMNA	MCAT	3	0.0016	0.8718
MAPRE3	MCAT	3	0.0041	0.8688
ACTB	MISP	3	0.4825	0.3319
CTNNA1	MISP	3	0.1107	0.7813
KRT8	MISP	3	0.2441	0.6881
LMNA	MISP	3	0.1194	0.7746
MAPRE3	MISP	3	0.1235	0.7719
ACTB	KSR1	3	0.0560	0.8253
CTNNA1	KSR1	3	0.0001	0.8748
KRT8	KSR1	3	0.0808	0.8039
MAPRE3	KSR1	3	0.0179	0.8584
ACTB	GID4	3	0.0014	0.8722
CTNNA1	GID4	3	0.0000	0.8752
KRT8	GID4	3	0.0027	0.8703
LMNA	GID4	3	0.0098	0.8639
MAPRE3	GID4	3	0.0004	0.8740
ACTB	CEP97	3	0.3349	0.5866
CTNNA1	CEP97	3	0.1886	0.7274
KRT8	CEP97	3	0.4109	0.4421
LMNA	CEP97	3	0.2101	0.7132
MAPRE3	CEP97	3	0.2612	0.6739
ACTB	WDR75	3	0.1568	0.7491
CTNNA1	WDR75	3	0.0757	0.8078
KRT8	WDR75	3	0.4851	0.3232
LMNA	WDR75	3	0.1566	0.7493
MAPRE3	WDR75	3	0.1056	0.7850
ACTB	MFN1	3	0.0368	0.8441
KRT8	MFN1	3	0.0646	0.8175
LMNA	MFN1	3	0.0153	0.8602
MAPRE3	MFN1	3	0.0009	0.8730
ACTB	ITPRIP	3	0.0275	0.8519
KRT8	ITPRIP	3	0.0893	0.7970
LMNA	ITPRIP	3	0.0546	0.8268
MAPRE3	ITPRIP	3	0.0072	0.8659
ACTB	WDFY1	3	0.2198	0.7065
CTNNA1	WDFY1	3	0.0450	0.8360
KRT8	WDFY1	3	0.2572	0.6771
LMNA	WDFY1	3	0.1795	0.7333
MAPRE3	WDFY1	3	0.0889	0.7974
ACTB	TEX2	3	0.2513	0.6824
CTNNA1	TEX2	3	0.1161	0.7771
KRT8	TEX2	3	0.2716	0.6649
LMNA	TEX2	3	0.0927	0.7947
MAPRE3	TEX2	3	0.1858	0.7292
ACTB	MAP7D3	3	0.2866	0.6502
CTNNA1	MAP7D3	3	0.1173	0.7761
KRT8	MAP7D3	3	0.2701	0.6663
LMNA	MAP7D3	3	0.1598	0.7471
MAPRE3	MAP7D3	3	0.4089	0.4461
ACTB	FAM114A1	3	0.2604	0.6747
CTNNA1	FAM114A1	3	0.1312	0.7668
KRT8	FAM114A1	3	0.2776	0.6597
LMNA	FAM114A1	3	0.0641	0.8178
MAPRE3	FAM114A1	3	0.1796	0.7332
ACTB	PLEKHM2	3	0.0110	0.8631
KRT8	PLEKHM2	3	0.0735	0.8098
ACTB	DENND6A	3	0.0414	0.8394
KRT8	DENND6A	3	0.0396	0.8413
LMNA	DENND6A	3	0.0065	0.8665
MAPRE3	DENND6A	3	0.0026	0.8704
ACTB	MGA	3	0.2704	0.6660
CTNNA1	MGA	3	0.0812	0.8035
KRT8	MGA	3	0.2818	0.6549
LMNA	MGA	3	0.3135	0.6200
MAPRE3	MGA	3	0.2610	0.6742
ACTB	GCC2	3	0.1773	0.7350
CTNNA1	GCC2	3	0.0280	0.8515
KRT8	GCC2	3	0.1986	0.7206
LMNA	GCC2	3	0.0613	0.8204
MAPRE3	GCC2	3	0.0619	0.8198
ACTB	ZC3H7A	3	0.2153	0.7097
CTNNA1	ZC3H7A	3	0.0499	0.8312
KRT8	ZC3H7A	3	0.3157	0.6163
LMNA	ZC3H7A	3	0.0888	0.7974
MAPRE3	ZC3H7A	3	0.1473	0.7559
ACTB	PHF6	3	0.0363	0.8446
CTNNA1	PHF6	3	0.0000	0.8752
KRT8	PHF6	3	0.0334	0.8470
LMNA	PHF6	3	0.0301	0.8498
MAPRE3	PHF6	3	0.0005	0.8738
ACTB	LMTK2	3	0.0276	0.8518
CTNNA1	LMTK2	3	0.0003	0.8743
KRT8	LMTK2	3	0.0193	0.8576
LMNA	LMTK2	3	0.0000	0.8752
MAPRE3	LMTK2	3	0.0066	0.8664
ACTB	UBR1	3	0.2087	0.7143
CTNNA1	UBR1	3	0.0295	0.8502
KRT8	UBR1	3	0.2322	0.6975
LMNA	UBR1	3	0.2211	0.7055
MAPRE3	UBR1	3	0.0751	0.8084
ACTB	ARHGAP12	3	0.1202	0.7741
CTNNA1	ARHGAP12	3	0.0045	0.8683
KRT8	ARHGAP12	3	0.0614	0.8203
MAPRE3	ARHGAP12	3	0.0187	0.8579
ACTB	CHERP	3	0.2077	0.7149
CTNNA1	CHERP	3	0.0463	0.8348
KRT8	CHERP	3	0.1888	0.7273
LMNA	CHERP	3	0.2865	0.6502
MAPRE3	CHERP	3	0.1686	0.7410
ACTB	ANKHD1	3	0.3501	0.5585
CTNNA1	ANKHD1	3	0.1869	0.7287
KRT8	ANKHD1	3	0.3936	0.4734
LMNA	ANKHD1	3	0.1947	0.7234
MAPRE3	ANKHD1	3	0.3092	0.6260
ACTB	BBS7	3	0.0887	0.7975
CTNNA1	BBS7	3	0.0079	0.8653
KRT8	BBS7	3	0.1231	0.7722
LMNA	BBS7	3	0.0171	0.8590
MAPRE3	BBS7	3	0.0566	0.8247
ACTB	SUGP1	3	0.1652	0.7433
CTNNA1	SUGP1	3	0.0389	0.8420
KRT8	SUGP1	3	0.1735	0.7378
LMNA	SUGP1	3	0.2704	0.6660
MAPRE3	SUGP1	3	0.1230	0.7722
ACTB	SUGP2	3	0.1832	0.7307
CTNNA1	SUGP2	3	0.0276	0.8518
KRT8	SUGP2	3	0.1211	0.7735
LMNA	SUGP2	3	0.2524	0.6814
MAPRE3	SUGP2	3	0.1742	0.7374
ACTB	WWC1	3	0.0604	0.8213
CTNNA1	WWC1	3	0.0062	0.8667
KRT8	WWC1	3	0.1116	0.7806
LMNA	WWC1	3	0.0030	0.8700
MAPRE3	WWC1	3	0.0173	0.8588
ACTB	UEVLD	3	0.3021	0.6338
CTNNA1	UEVLD	3	0.0867	0.7992
KRT8	UEVLD	3	0.3169	0.6151
LMNA	UEVLD	3	0.2662	0.6698
MAPRE3	UEVLD	3	0.2262	0.7016
ACTB	CCAR1	3	0.0291	0.8506
KRT8	CCAR1	3	0.0283	0.8513
LMNA	CCAR1	3	0.0073	0.8658
MAPRE3	CCAR1	3	0.0004	0.8740
ACTB	DHX40	3	0.1298	0.7678
CTNNA1	DHX40	3	0.0235	0.8548
KRT8	DHX40	3	0.2978	0.6382
LMNA	DHX40	3	0.1699	0.7401
MAPRE3	DHX40	3	0.0806	0.8041
ACTB	SKA3	3	0.2253	0.7023
CTNNA1	SKA3	3	0.0570	0.8242
KRT8	SKA3	3	0.2760	0.6611
LMNA	SKA3	3	0.1616	0.7457
MAPRE3	SKA3	3	0.2544	0.6798
ACTB	DNAJC10	3	0.1768	0.7355
CTNNA1	DNAJC10	3	0.0398	0.8411
KRT8	DNAJC10	3	0.2121	0.7118
LMNA	DNAJC10	3	0.1676	0.7416
MAPRE3	DNAJC10	3	0.0362	0.8446
ACTB	NELFCD	3	0.2001	0.7198
CTNNA1	NELFCD	3	0.0403	0.8405
KRT8	NELFCD	3	0.2175	0.7080
LMNA	NELFCD	3	0.2545	0.6796
MAPRE3	NELFCD	3	0.0896	0.7968
ACTB	RHOT2	3	0.1485	0.7549
CTNNA1	RHOT2	3	0.0222	0.8556
KRT8	RHOT2	3	0.1543	0.7509
LMNA	RHOT2	3	0.0420	0.8388
MAPRE3	RHOT2	3	0.0241	0.8543
ACTB	ASXL1	3	0.0140	0.8611
KRT8	ASXL1	3	0.0414	0.8394
LMNA	ASXL1	3	0.0208	0.8566
MAPRE3	ASXL1	3	0.0050	0.8678
ACTB	PHC2	3	0.0983	0.7904
CTNNA1	PHC2	3	0.0039	0.8690
LMNA	PHC2	3	0.2457	0.6869
MAPRE3	PHC2	3	0.1966	0.7222
ACTB	MSRB3	3	0.2580	0.6765
CTNNA1	MSRB3	3	0.0801	0.8045
KRT8	MSRB3	3	0.2870	0.6498
LMNA	MSRB3	3	0.2416	0.6900
MAPRE3	MSRB3	3	0.1613	0.7459
ACTB	BAP18	3	0.0089	0.8645
KRT8	BAP18	3	0.0555	0.8259
LMNA	BAP18	3	0.0217	0.8560
MAPRE3	BAP18	3	0.0005	0.8738
ACTB	GPALPP1	3	0.1893	0.7270
LMNA	GPALPP1	3	0.0682	0.8142
MAPRE3	GPALPP1	3	0.0532	0.8281
ACTB	RBM12B	3	0.2557	0.6785
CTNNA1	RBM12B	3	0.1304	0.7673
KRT8	RBM12B	3	0.2919	0.6447
LMNA	RBM12B	3	0.3226	0.6061
MAPRE3	RBM12B	3	0.1689	0.7407
ACTB	SLC35F2	3	0.0226	0.8554
KRT8	SLC35F2	3	0.0844	0.8010
LMNA	SLC35F2	3	0.0288	0.8508
ACTB	ZC3H3	3	0.2188	0.7070
CTNNA1	ZC3H3	3	0.0463	0.8348
KRT8	ZC3H3	3	0.2791	0.6579
LMNA	ZC3H3	3	0.2787	0.6585
MAPRE3	ZC3H3	3	0.1753	0.7366
ACTB	PNPLA6	3	0.1909	0.7259
CTNNA1	PNPLA6	3	0.0324	0.8478
KRT8	PNPLA6	3	0.2448	0.6876
LMNA	PNPLA6	3	0.1793	0.7334
MAPRE3	PNPLA6	3	0.0937	0.7940
ACTB	SMC5	3	0.2894	0.6473
CTNNA1	SMC5	3	0.0657	0.8164
KRT8	SMC5	3	0.2731	0.6635
LMNA	SMC5	3	0.2113	0.7124
MAPRE3	SMC5	3	0.0897	0.7968
ACTB	DDX60	3	0.0532	0.8281
CTNNA1	DDX60	3	0.0004	0.8740
KRT8	DDX60	3	0.0991	0.7898
LMNA	DDX60	3	0.0082	0.8651
MAPRE3	DDX60	3	0.0143	0.8609
ACTB	CMIP	3	0.0271	0.8521
CTNNA1	CMIP	3	0.0003	0.8743
KRT8	CMIP	3	0.0386	0.8424
LMNA	CMIP	3	0.0042	0.8687
ACTB	PLPP6	3	0.0585	0.8229
CTNNA1	PLPP6	3	0.0107	0.8633
KRT8	PLPP6	3	0.0924	0.7950
LMNA	PLPP6	3	0.3779	0.5078
MAPRE3	PLPP6	3	0.0154	0.8601
ACTB	IFT20	3	0.0349	0.8457
KRT8	IFT20	3	0.1679	0.7414
MAPRE3	IFT20	3	0.0187	0.8579
ACTB	MICALL2	3	0.1124	0.7800
KRT8	MICALL2	3	0.0627	0.8191
LMNA	MICALL2	3	0.0581	0.8234
MAPRE3	MICALL2	3	0.0052	0.8677
ACTB	DHX37	3	0.1862	0.7290
CTNNA1	DHX37	3	0.0802	0.8044
KRT8	DHX37	3	0.2916	0.6451
LMNA	DHX37	3	0.2784	0.6588
MAPRE3	DHX37	3	0.0993	0.7896
ACTB	KBTBD2	3	0.1645	0.7437
CTNNA1	KBTBD2	3	0.0068	0.8662
KRT8	KBTBD2	3	0.1861	0.7291
LMNA	KBTBD2	3	0.0380	0.8430
MAPRE3	KBTBD2	3	0.0949	0.7930
ACTB	AMOTL1	3	0.0504	0.8307
CTNNA1	AMOTL1	3	0.0025	0.8705
KRT8	AMOTL1	3	0.0798	0.8047
LMNA	AMOTL1	3	0.0035	0.8694
MAPRE3	AMOTL1	3	0.0030	0.8700
ACTB	RAVER1	3	0.2062	0.7159
CTNNA1	RAVER1	3	0.0470	0.8341
KRT8	RAVER1	3	0.2997	0.6365
LMNA	RAVER1	3	0.3267	0.6010
MAPRE3	RAVER1	3	0.1435	0.7586
ACTB	FTSJ3	3	0.1785	0.7341
CTNNA1	FTSJ3	3	0.0399	0.8409
KRT8	FTSJ3	3	0.1967	0.7221
LMNA	FTSJ3	3	0.2033	0.7180
MAPRE3	FTSJ3	3	0.0718	0.8112
ACTB	SLX4	3	0.0046	0.8682
KRT8	SLX4	3	0.0010	0.8728
LMNA	SLX4	3	0.0826	0.8024
MAPRE3	SLX4	3	0.0210	0.8565
ACTB	CKAP2L	3	0.0428	0.8380
CTNNA1	CKAP2L	3	0.0058	0.8671
KRT8	CKAP2L	3	0.4334	0.4036
LMNA	CKAP2L	3	0.0487	0.8323
MAPRE3	CKAP2L	3	0.1760	0.7360
LMNA	MKX	3	0.2419	0.6898
MAPRE3	MKX	3	0.0303	0.8496
ACTB	MB21D2	3	0.0520	0.8291
CTNNA1	MB21D2	3	0.0035	0.8694
KRT8	MB21D2	3	0.0718	0.8112
LMNA	MB21D2	3	0.0216	0.8560
MAPRE3	MB21D2	3	0.0060	0.8670
ACTB	SRRM1	3	0.1254	0.7705
CTNNA1	SRRM1	3	0.0142	0.8610
KRT8	SRRM1	3	0.1355	0.7639
LMNA	SRRM1	3	0.1663	0.7424
MAPRE3	SRRM1	3	0.0312	0.8489
ACTB	SMAP1	3	0.1821	0.7315
CTNNA1	SMAP1	3	0.0467	0.8344
KRT8	SMAP1	3	0.2361	0.6941
LMNA	SMAP1	3	0.0746	0.8089
MAPRE3	SMAP1	3	0.0685	0.8140
ACTB	DIS3L2	3	0.1556	0.7500
CTNNA1	DIS3L2	3	0.0470	0.8341
KRT8	DIS3L2	3	0.1660	0.7427
LMNA	DIS3L2	3	0.0675	0.8149
MAPRE3	DIS3L2	3	0.0515	0.8296
ACTB	SUPV3L1	3	0.0138	0.8613
KRT8	SUPV3L1	3	0.1403	0.7607
LMNA	SUPV3L1	3	0.0242	0.8543
MAPRE3	SUPV3L1	3	0.0049	0.8679
ACTB	GSPT2	3	0.2722	0.6642
CTNNA1	GSPT2	3	0.1260	0.7701
KRT8	GSPT2	3	0.2878	0.6490
LMNA	GSPT2	3	0.1179	0.7756
MAPRE3	GSPT2	3	0.2111	0.7126
ACTB	FANCM	3	0.0057	0.8672
CTNNA1	FANCM	3	0.0001	0.8748
KRT8	FANCM	3	0.0216	0.8560
LMNA	FANCM	3	0.0419	0.8389
MAPRE3	FANCM	3	0.0008	0.8732
ACTB	ZZZ3	3	0.2734	0.6632
CTNNA1	ZZZ3	3	0.0137	0.8614
KRT8	ZZZ3	3	0.2744	0.6623
LMNA	ZZZ3	3	0.3433	0.5721
MAPRE3	ZZZ3	3	0.2340	0.6958
ACTB	EXOC8	3	0.1169	0.7764
KRT8	EXOC8	3	0.1301	0.7675
LMNA	EXOC8	3	0.0006	0.8736
MAPRE3	EXOC8	3	0.0194	0.8575
ACTB	C10orf67	3	0.3517	0.5554
CTNNA1	C10orf67	3	0.1043	0.7859
KRT8	C10orf67	3	0.2412	0.6903
LMNA	C10orf67	3	0.1207	0.7737
MAPRE3	C10orf67	3	0.1676	0.7416
ACTB	C1orf174	3	0.0710	0.8119
KRT8	C1orf174	3	0.0422	0.8386
LMNA	C1orf174	3	0.1603	0.7468
ACTB	TRIM22	3	0.0368	0.8441
KRT8	TRIM22	3	0.0283	0.8513
LMNA	TRIM22	3	0.2801	0.6569
ACTB	CFAP206	3	0.0701	0.8126
CTNNA1	CFAP206	3	0.0801	0.8045
KRT8	CFAP206	3	0.0853	0.8002
LMNA	CFAP206	3	0.0485	0.8325
MAPRE3	CFAP206	3	0.0396	0.8413
ACTB	PM20D2	3	0.1586	0.7478
CTNNA1	PM20D2	3	0.0772	0.8066
KRT8	PM20D2	3	0.1749	0.7369
LMNA	PM20D2	3	0.1018	0.7880
MAPRE3	PM20D2	3	0.0323	0.8479
ACTB	RNF168	3	0.0154	0.8601
LMNA	RNF168	3	0.0489	0.8322
KRT8	CEP57L1	3	0.1175	0.7760
MAPRE3	CEP57L1	3	0.0105	0.8634
ACTB	ANKRD13A	3	0.3516	0.5561
CTNNA1	ANKRD13A	3	0.0684	0.8140
KRT8	ANKRD13A	3	0.2860	0.6507
LMNA	ANKRD13A	3	0.0255	0.8533
MAPRE3	ANKRD13A	3	0.0981	0.7905
ACTB	FAM200C	3	0.0334	0.8470
KRT8	FAM200C	3	0.1321	0.7663
LMNA	FAM200C	3	0.1705	0.7397
ACTB	PHACTR4	3	0.4175	0.4323
CTNNA1	PHACTR4	3	0.1496	0.7541
KRT8	PHACTR4	3	0.1942	0.7238
LMNA	PHACTR4	3	0.1023	0.7876
MAPRE3	PHACTR4	3	0.1131	0.7794
ACTB	ALDH16A1	3	0.0633	0.8185
CTNNA1	ALDH16A1	3	0.0009	0.8730
KRT8	ALDH16A1	3	0.0671	0.8152
MAPRE3	ALDH16A1	3	0.0082	0.8651
ACTB	KMT2E	3	0.0249	0.8538
KRT8	KMT2E	3	0.0213	0.8562
LMNA	KMT2E	3	0.0219	0.8558
MAPRE3	KMT2E	3	0.0021	0.8711
ACTB	DCP1B	3	0.0467	0.8344
CTNNA1	DCP1B	3	0.0013	0.8724
KRT8	DCP1B	3	0.0680	0.8144
LMNA	DCP1B	3	0.0013	0.8724
MAPRE3	DCP1B	3	0.0076	0.8656
ACTB	SCYL3	3	0.0202	0.8570
CTNNA1	SCYL3	3	0.0001	0.8748
KRT8	SCYL3	3	0.0237	0.8547
LMNA	SCYL3	3	0.0118	0.8626
MAPRE3	SCYL3	3	0.0015	0.8720
ACTB	XRN1	3	0.2676	0.6684
CTNNA1	XRN1	3	0.1219	0.7729
KRT8	XRN1	3	0.3133	0.6203
LMNA	XRN1	3	0.0969	0.7915
MAPRE3	XRN1	3	0.2698	0.6665
KRT8	MAML2	3	0.0040	0.8689
LMNA	MAML2	3	0.0625	0.8193
ACTB	PELP1	3	0.1353	0.7640
CTNNA1	PELP1	3	0.0321	0.8481
KRT8	PELP1	3	0.1493	0.7543
LMNA	PELP1	3	0.1292	0.7682
MAPRE3	PELP1	3	0.0408	0.8400
ACTB	ABI1	3	0.2877	0.6490
CTNNA1	ABI1	3	0.0827	0.8023
KRT8	ABI1	3	0.2172	0.7082
LMNA	ABI1	3	0.0409	0.8399
MAPRE3	ABI1	3	0.0987	0.7901
ACTB	WDFY3	3	0.0421	0.8387
KRT8	WDFY3	3	0.0759	0.8076
LMNA	WDFY3	3	0.0030	0.8700
MAPRE3	WDFY3	3	0.0036	0.8693
ACTB	MYOCD	3	0.1608	0.7463
KRT8	MYOCD	3	0.3609	0.5397
LMNA	MYOCD	3	0.2625	0.6729
ACTB	ASPM	3	0.2835	0.6533
CTNNA1	ASPM	3	0.0801	0.8045
KRT8	ASPM	3	0.3598	0.5421
LMNA	ASPM	3	0.3246	0.6039
MAPRE3	ASPM	3	0.3042	0.6312
ACTB	TNS4	3	0.2477	0.6852
CTNNA1	TNS4	3	0.0481	0.8330
KRT8	TNS4	3	0.3273	0.6003
LMNA	TNS4	3	0.1253	0.7706
MAPRE3	TNS4	3	0.1466	0.7564
ACTB	CENPL	3	0.0410	0.8398
KRT8	CENPL	3	0.1172	0.7762
LMNA	CENPL	3	0.0738	0.8095
ACTB	VKORC1L1	3	0.0266	0.8525
CTNNA1	VKORC1L1	3	0.0095	0.8641
KRT8	VKORC1L1	3	0.0489	0.8322
LMNA	VKORC1L1	3	0.1713	0.7392
MAPRE3	VKORC1L1	3	0.0021	0.8711
ACTB	SPART	3	0.3500	0.5586
CTNNA1	SPART	3	0.1318	0.7665
KRT8	SPART	3	0.3513	0.5569
LMNA	SPART	3	0.2498	0.6838
MAPRE3	SPART	3	0.2579	0.6766
LMNA	ZNF444	3	0.1370	0.7629
ACTB	SPICE1	3	0.0399	0.8409
CTNNA1	SPICE1	3	0.0042	0.8687
KRT8	SPICE1	3	0.1168	0.7765
LMNA	SPICE1	3	0.0062	0.8667
MAPRE3	SPICE1	3	0.0351	0.8455
ACTB	MIER1	3	0.0532	0.8281
CTNNA1	MIER1	3	0.0044	0.8684
KRT8	MIER1	3	0.0750	0.8085
LMNA	MIER1	3	0.2338	0.6961
MAPRE3	MIER1	3	0.0246	0.8540
ACTB	RPTOR	3	0.2141	0.7106
CTNNA1	RPTOR	3	0.0506	0.8305
KRT8	RPTOR	3	0.3264	0.6015
LMNA	RPTOR	3	0.1539	0.7511
MAPRE3	RPTOR	3	0.1559	0.7497
ACTB	CNTROB	3	0.0531	0.8282
KRT8	CNTROB	3	0.1959	0.7226
LMNA	CNTROB	3	0.0012	0.8725
MAPRE3	CNTROB	3	0.0390	0.8419
ACTB	AHI1	3	0.0516	0.8295
CTNNA1	AHI1	3	0.0006	0.8736
KRT8	AHI1	3	0.0636	0.8182
LMNA	AHI1	3	0.0025	0.8705
MAPRE3	AHI1	3	0.0152	0.8603
ACTB	CCAR2	3	0.1640	0.7440
CTNNA1	CCAR2	3	0.0345	0.8461
KRT8	CCAR2	3	0.2226	0.7044
LMNA	CCAR2	3	0.2527	0.6812
MAPRE3	CCAR2	3	0.1915	0.7255
ACTB	NDUFAF2	3	0.1161	0.7771
KRT8	NDUFAF2	3	0.4265	0.4155
LMNA	NDUFAF2	3	0.1171	0.7763
ACTB	VPS52	3	0.0465	0.8346
CTNNA1	VPS52	3	0.0028	0.8702
KRT8	VPS52	3	0.1119	0.7804
LMNA	VPS52	3	0.0482	0.8328
MAPRE3	VPS52	3	0.0062	0.8667
ACTB	NUP93	3	0.2123	0.7117
CTNNA1	NUP93	3	0.0767	0.8071
KRT8	NUP93	3	0.3461	0.5655
LMNA	NUP93	3	0.2539	0.6802
MAPRE3	NUP93	3	0.1517	0.7528
ACTB	STK11IP	3	0.1931	0.7246
CTNNA1	STK11IP	3	0.0127	0.8620
KRT8	STK11IP	3	0.2017	0.7189
LMNA	STK11IP	3	0.0611	0.8206
MAPRE3	STK11IP	3	0.0523	0.8289
ACTB	ZNF687	3	0.0032	0.8697
KRT8	ZNF687	3	0.0044	0.8684
LMNA	ZNF687	3	0.0227	0.8553
MAPRE3	ZNF687	3	0.0018	0.8715
LMNA	REXO1	3	0.0641	0.8178
MAPRE3	REXO1	3	0.0168	0.8593
ACTB	CMTR1	3	0.1889	0.7272
CTNNA1	CMTR1	3	0.0640	0.8179
KRT8	CMTR1	3	0.1675	0.7417
LMNA	CMTR1	3	0.3042	0.6312
MAPRE3	CMTR1	3	0.1536	0.7513
ACTB	LRRC47	3	0.1523	0.7523
CTNNA1	LRRC47	3	0.0265	0.8526
KRT8	LRRC47	3	0.1543	0.7509
LMNA	LRRC47	3	0.0671	0.8152
MAPRE3	LRRC47	3	0.0377	0.8433
ACTB	DOCK4	3	0.0459	0.8351
KRT8	DOCK4	3	0.0617	0.8201
MAPRE3	DOCK4	3	0.0041	0.8688
ACTB	KRT78	3	0.1779	0.7345
CTNNA1	KRT78	3	0.0564	0.8249
KRT8	KRT78	3	0.1272	0.7694
LMNA	KRT78	3	0.1340	0.7649
MAPRE3	KRT78	3	0.0490	0.8320
ACTB	ARHGEF28	3	0.0551	0.8263
CTNNA1	ARHGEF28	3	0.0044	0.8684
KRT8	ARHGEF28	3	0.0857	0.8000
LMNA	ARHGEF28	3	0.0041	0.8688
MAPRE3	ARHGEF28	3	0.0215	0.8561
ACTB	INTS1	3	0.0255	0.8533
CTNNA1	INTS1	3	0.0001	0.8748
KRT8	INTS1	3	0.0316	0.8485
LMNA	INTS1	3	0.0034	0.8695
MAPRE3	INTS1	3	0.0008	0.8732
ACTB	ABHD12	3	0.1241	0.7714
CTNNA1	ABHD12	3	0.0423	0.8385
KRT8	ABHD12	3	0.0997	0.7894
LMNA	ABHD12	3	0.1707	0.7396
MAPRE3	ABHD12	3	0.0585	0.8229
ACTB	CLASRP	3	0.0169	0.8592
KRT8	CLASRP	3	0.0157	0.8599
LMNA	CLASRP	3	0.1331	0.7656
MAPRE3	CLASRP	3	0.0091	0.8643
ACTB	PIAS4	3	0.0068	0.8662
KRT8	PIAS4	3	0.0080	0.8652
LMNA	PIAS4	3	0.1049	0.7855
MAPRE3	PIAS4	3	0.0030	0.8700
ACTB	RUSC2	3	0.0407	0.8401
CTNNA1	RUSC2	3	0.0011	0.8726
KRT8	RUSC2	3	0.0898	0.7967
LMNA	RUSC2	3	0.0032	0.8697
MAPRE3	RUSC2	3	0.0351	0.8455
ACTB	AGGF1	3	0.0190	0.8577
KRT8	AGGF1	3	0.0046	0.8682
LMNA	AGGF1	3	0.1739	0.7376
ACTB	ARHGAP18	3	0.0447	0.8363
CTNNA1	ARHGAP18	3	0.0004	0.8740
KRT8	ARHGAP18	3	0.0444	0.8366
LMNA	ARHGAP18	3	0.0039	0.8690
MAPRE3	ARHGAP18	3	0.0010	0.8728
ACTB	ASCC3	3	0.3629	0.5363
CTNNA1	ASCC3	3	0.2184	0.7073
KRT8	ASCC3	3	0.3856	0.4911
LMNA	ASCC3	3	0.1666	0.7422
MAPRE3	ASCC3	3	0.3210	0.6084
MAPRE3	CLIP4	3	0.4532	0.3743
ACTB	EHBP1L1	3	0.3106	0.6242
CTNNA1	EHBP1L1	3	0.1729	0.7382
KRT8	EHBP1L1	3	0.3201	0.6102
LMNA	EHBP1L1	3	0.1313	0.7668
MAPRE3	EHBP1L1	3	0.1985	0.7206
ACTB	MICALL1	3	0.0142	0.8610
KRT8	MICALL1	3	0.0160	0.8597
MAPRE3	MICALL1	3	0.0009	0.8730
ACTB	VPS8	3	0.2072	0.7154
CTNNA1	VPS8	3	0.0249	0.8538
KRT8	VPS8	3	0.2528	0.6811
LMNA	VPS8	3	0.0698	0.8129
MAPRE3	VPS8	3	0.0809	0.8038
ACTB	PALS1	3	0.2802	0.6567
CTNNA1	PALS1	3	0.1175	0.7760
KRT8	PALS1	3	0.2909	0.6459
LMNA	PALS1	3	0.1133	0.7793
MAPRE3	PALS1	3	0.1769	0.7354
ACTB	STAG2	3	0.0675	0.8149
CTNNA1	STAG2	3	0.0236	0.8547
KRT8	STAG2	3	0.0513	0.8297
LMNA	STAG2	3	0.1850	0.7297
MAPRE3	STAG2	3	0.0203	0.8569
ACTB	SYNPO	3	0.4381	0.3956
CTNNA1	SYNPO	3	0.0932	0.7943
KRT8	SYNPO	3	0.2170	0.7083
LMNA	SYNPO	3	0.1030	0.7871
MAPRE3	SYNPO	3	0.1295	0.7680
ACTB	FNBP4	3	0.3298	0.5966
CTNNA1	FNBP4	3	0.1084	0.7828
KRT8	FNBP4	3	0.3248	0.6037
LMNA	FNBP4	3	0.3369	0.5831
MAPRE3	FNBP4	3	0.2215	0.7051
ACTB	GUF1	3	0.0064	0.8666
CTNNA1	GUF1	3	0.0186	0.8579
KRT8	GUF1	3	0.2017	0.7189
LMNA	GUF1	3	0.0914	0.7957
ACTB	NIN	3	0.0080	0.8652
CTNNA1	NIN	3	0.0003	0.8743
KRT8	NIN	3	0.1060	0.7846
LMNA	NIN	3	0.0079	0.8653
MAPRE3	NIN	3	0.0047	0.8681
ACTB	MINK1	3	0.3636	0.5348
CTNNA1	MINK1	3	0.2425	0.6893
KRT8	MINK1	3	0.3420	0.5744
LMNA	MINK1	3	0.1444	0.7580
MAPRE3	MINK1	3	0.3063	0.6290
ACTB	PTGR3	3	0.0287	0.8509
CTNNA1	PTGR3	3	0.0009	0.8730
KRT8	PTGR3	3	0.1162	0.7770
LMNA	PTGR3	3	0.0395	0.8413
MAPRE3	PTGR3	3	0.0022	0.8710
ACTB	CHCHD4	3	0.0324	0.8478
KRT8	CHCHD4	3	0.1250	0.7708
LMNA	CHCHD4	3	0.0427	0.8381
LMNA	MMGT1	3	0.3270	0.6004
ACTB	OGFOD1	3	0.0275	0.8519
KRT8	OGFOD1	3	0.0302	0.8497
LMNA	OGFOD1	3	0.0589	0.8226
MAPRE3	OGFOD1	3	0.0021	0.8711
ACTB	AFAP1	3	0.4695	0.3519
CTNNA1	AFAP1	3	0.1025	0.7875
KRT8	AFAP1	3	0.1939	0.7240
LMNA	AFAP1	3	0.0973	0.7912
MAPRE3	AFAP1	3	0.1245	0.7712
ACTB	OXR1	3	0.0295	0.8502
CTNNA1	OXR1	3	0.0035	0.8694
KRT8	OXR1	3	0.0487	0.8323
LMNA	OXR1	3	0.0108	0.8633
MAPRE3	OXR1	3	0.0017	0.8717
ACTB	TTC39C	3	0.2695	0.6669
KRT8	TTC39C	3	0.2769	0.6604
LMNA	TTC39C	3	0.0431	0.8377
MAPRE3	TTC39C	3	0.1201	0.7742
ACTB	MPND	3	0.0061	0.8669
LMNA	MPND	3	0.0346	0.8460
MAPRE3	MPND	3	0.0019	0.8714
ACTB	ZGPAT	3	0.0176	0.8586
KRT8	ZGPAT	3	0.0320	0.8481
LMNA	ZGPAT	3	0.0456	0.8355
MAPRE3	ZGPAT	3	0.0013	0.8724
ACTB	TAB3	3	0.0516	0.8295
CTNNA1	TAB3	3	0.0057	0.8672
KRT8	TAB3	3	0.0880	0.7982
LMNA	TAB3	3	0.0118	0.8626
MAPRE3	TAB3	3	0.0144	0.8608
ACTB	MACO1	3	0.0365	0.8444
CTNNA1	MACO1	3	0.0000	0.8752
KRT8	MACO1	3	0.0920	0.7952
LMNA	MACO1	3	0.0389	0.8420
MAPRE3	MACO1	3	0.0134	0.8616
ACTB	CISD2	3	0.1171	0.7763
CTNNA1	CISD2	3	0.0586	0.8229
KRT8	CISD2	3	0.1129	0.7796
LMNA	CISD2	3	0.6777	0.1425
MAPRE3	CISD2	3	0.0723	0.8108
ACTB	TTC9C	3	0.3877	0.4866
CTNNA1	TTC9C	3	0.1148	0.7783
KRT8	TTC9C	3	0.3627	0.5365
LMNA	TTC9C	3	0.3188	0.6125
MAPRE3	TTC9C	3	0.2737	0.6630
ACTB	CAMKK1	3	0.0796	0.8048
CTNNA1	CAMKK1	3	0.0018	0.8715
KRT8	CAMKK1	3	0.0634	0.8184
LMNA	CAMKK1	3	0.0087	0.8647
MAPRE3	CAMKK1	3	0.0121	0.8624
ACTB	RFLNB	3	0.1082	0.7830
CTNNA1	RFLNB	3	0.0079	0.8653
KRT8	RFLNB	3	0.0696	0.8131
MAPRE3	RFLNB	3	0.0133	0.8616
ACTB	MSL3	3	0.0139	0.8612
KRT8	MSL3	3	0.0145	0.8608
LMNA	MSL3	3	0.0930	0.7945
MAPRE3	MSL3	3	0.0093	0.8642
LMNA	PARP16	3	0.2558	0.6783
ACTB	CPSF7	3	0.2823	0.6542
CTNNA1	CPSF7	3	0.1325	0.7660
KRT8	CPSF7	3	0.3072	0.6280
LMNA	CPSF7	3	0.3192	0.6116
MAPRE3	CPSF7	3	0.2215	0.7051
ACTB	ARFGAP2	3	0.3058	0.6296
CTNNA1	ARFGAP2	3	0.1048	0.7856
KRT8	ARFGAP2	3	0.3353	0.5857
LMNA	ARFGAP2	3	0.2182	0.7075
MAPRE3	ARFGAP2	3	0.2290	0.6998
ACTB	KRTCAP2	3	0.0506	0.8305
CTNNA1	KRTCAP2	3	0.0006	0.8736
KRT8	KRTCAP2	3	0.0336	0.8468
LMNA	KRTCAP2	3	0.0153	0.8602
MAPRE3	KRTCAP2	3	0.0303	0.8496
ACTB	C1orf52	3	0.1319	0.7664
CTNNA1	C1orf52	3	0.0236	0.8547
KRT8	C1orf52	3	0.1935	0.7243
LMNA	C1orf52	3	0.2480	0.6850
MAPRE3	C1orf52	3	0.0886	0.7976
ACTB	METTL13	3	0.2156	0.7094
CTNNA1	METTL13	3	0.0452	0.8358
KRT8	METTL13	3	0.3071	0.6280
LMNA	METTL13	3	0.0884	0.7978
MAPRE3	METTL13	3	0.1005	0.7889
ACTB	ARL6IP6	3	0.0292	0.8505
KRT8	ARL6IP6	3	0.1702	0.7399
LMNA	ARL6IP6	3	0.9893	0.0019
MAPRE3	ARL6IP6	3	0.0114	0.8629
ACTB	ARFGAP1	3	0.2563	0.6779
CTNNA1	ARFGAP1	3	0.0604	0.8213
KRT8	ARFGAP1	3	0.2927	0.6438
LMNA	ARFGAP1	3	0.1681	0.7412
MAPRE3	ARFGAP1	3	0.1124	0.7800
ACTB	SIRT6	3	0.0376	0.8434
CTNNA1	SIRT6	3	0.0463	0.8348
KRT8	SIRT6	3	0.1294	0.7681
LMNA	SIRT6	3	0.1748	0.7370
ACTB	ZNF655	3	0.0048	0.8680
KRT8	ZNF655	3	0.0351	0.8455
LMNA	ZNF655	3	0.0386	0.8424
ACTB	EMC1	3	0.2233	0.7039
CTNNA1	EMC1	3	0.0688	0.8138
KRT8	EMC1	3	0.2108	0.7128
LMNA	EMC1	3	0.1374	0.7626
MAPRE3	EMC1	3	0.0889	0.7974
ACTB	PAF1	3	0.2106	0.7129
CTNNA1	PAF1	3	0.0528	0.8285
KRT8	PAF1	3	0.2066	0.7157
LMNA	PAF1	3	0.2778	0.6594
MAPRE3	PAF1	3	0.1975	0.7215
ACTB	ANKRD31	3	0.0416	0.8392
CTNNA1	ANKRD31	3	0.0160	0.8597
KRT8	ANKRD31	3	0.0481	0.8330
LMNA	ANKRD31	3	0.0526	0.8286
MAPRE3	ANKRD31	3	0.0234	0.8549
ACTB	UBR7	3	0.0292	0.8505
CTNNA1	UBR7	3	0.0864	0.7994
KRT8	UBR7	3	0.1448	0.7578
LMNA	UBR7	3	0.1522	0.7523
ACTB	CGAS	3	0.1607	0.7464
CTNNA1	CGAS	3	0.0257	0.8532
KRT8	CGAS	3	0.2840	0.6526
LMNA	CGAS	3	0.2081	0.7147
MAPRE3	CGAS	3	0.0857	0.8000
ACTB	ANKRD44	3	0.0403	0.8405
CTNNA1	ANKRD44	3	0.0025	0.8705
KRT8	ANKRD44	3	0.0825	0.8024
LMNA	ANKRD44	3	0.0103	0.8636
MAPRE3	ANKRD44	3	0.0401	0.8407
ACTB	DDX51	3	0.0311	0.8490
KRT8	DDX51	3	0.0376	0.8434
LMNA	DDX51	3	0.0949	0.7930
MAPRE3	DDX51	3	0.0319	0.8483
ACTB	FAM241A	3	0.0621	0.8196
CTNNA1	FAM241A	3	0.0600	0.8217
LMNA	FAM241A	3	0.0916	0.7955
MAPRE3	FAM241A	3	0.0069	0.8662
ACTB	C2orf69	3	0.1718	0.7389
CTNNA1	C2orf69	3	0.1145	0.7785
KRT8	C2orf69	3	0.2240	0.7033
LMNA	C2orf69	3	0.1446	0.7578
MAPRE3	C2orf69	3	0.0642	0.8177
ACTB	ENAH	3	0.5110	0.2765
CTNNA1	ENAH	3	0.1199	0.7744
KRT8	ENAH	3	0.1811	0.7322
LMNA	ENAH	3	0.0878	0.7983
MAPRE3	ENAH	3	0.1229	0.7723
ACTB	DCBLD1	3	0.1514	0.7530
CTNNA1	DCBLD1	3	0.0487	0.8323
KRT8	DCBLD1	3	0.2687	0.6675
LMNA	DCBLD1	3	0.1475	0.7558
MAPRE3	DCBLD1	3	0.1058	0.7849
ACTB	GPATCH11	3	0.1896	0.7268
KRT8	GPATCH11	3	0.1868	0.7288
LMNA	GPATCH11	3	0.3592	0.5435
MAPRE3	GPATCH11	3	0.1591	0.7476
ACTB	CEP120	3	0.0390	0.8419
KRT8	CEP120	3	0.1295	0.7680
LMNA	CEP120	3	0.0391	0.8418
MAPRE3	CEP120	3	0.0036	0.8693
ACTB	ABTB2	3	0.0551	0.8263
CTNNA1	ABTB2	3	0.0023	0.8708
KRT8	ABTB2	3	0.1024	0.7875
LMNA	ABTB2	3	0.0190	0.8577
MAPRE3	ABTB2	3	0.0086	0.8647
ACTB	JMY	3	0.1288	0.7685
CTNNA1	JMY	3	0.0016	0.8718
KRT8	JMY	3	0.0652	0.8169
LMNA	JMY	3	0.0106	0.8634
MAPRE3	JMY	3	0.0056	0.8673
ACTB	C19orf47	3	0.0019	0.8714
KRT8	C19orf47	3	0.1496	0.7541
LMNA	C19orf47	3	0.0871	0.7989
MAPRE3	C19orf47	3	0.0140	0.8611
ACTB	ASCC1	3	0.1243	0.7713
CTNNA1	ASCC1	3	0.0185	0.8580
KRT8	ASCC1	3	0.1606	0.7465
LMNA	ASCC1	3	0.0153	0.8602
MAPRE3	ASCC1	3	0.0640	0.8179
ACTB	BANP	3	0.0046	0.8682
KRT8	BANP	3	0.0254	0.8534
LMNA	BANP	3	0.0319	0.8483
MAPRE3	BANP	3	0.0062	0.8667
ACTB	LRRC57	3	0.1075	0.7835
CTNNA1	LRRC57	3	0.0251	0.8536
KRT8	LRRC57	3	0.1486	0.7549
LMNA	LRRC57	3	0.1211	0.7735
MAPRE3	LRRC57	3	0.0291	0.8506
ACTB	EIF1AD	3	0.0412	0.8396
KRT8	EIF1AD	3	0.1374	0.7626
ACTB	SCAI	3	0.0152	0.8603
LMNA	SCAI	3	0.0729	0.8103
MAPRE3	SCAI	3	0.0030	0.8700
ACTB	KRI1	3	0.0130	0.8618
CTNNA1	KRI1	3	0.0013	0.8724
KRT8	KRI1	3	0.0175	0.8587
LMNA	KRI1	3	0.0212	0.8563
MAPRE3	KRI1	3	0.0021	0.8711
ACTB	CCDC71L	3	0.0002	0.8745
LMNA	CCDC71L	3	0.0345	0.8461
ACTB	POC5	3	0.4003	0.4585
CTNNA1	POC5	3	0.0026	0.8704
KRT8	POC5	3	0.1583	0.7480
MAPRE3	POC5	3	0.1191	0.7749
ACTB	ZBTB38	3	0.0525	0.8287
KRT8	ZBTB38	3	0.1519	0.7526
LMNA	ZBTB38	3	0.1144	0.7785
MAPRE3	ZBTB38	3	0.0217	0.8560
KRT8	MLKL	3	0.0410	0.8398
LMNA	MLKL	3	0.0314	0.8487
ACTB	ANKRD52	3	0.3408	0.5765
CTNNA1	ANKRD52	3	0.1699	0.7401
KRT8	ANKRD52	3	0.3544	0.5514
LMNA	ANKRD52	3	0.1940	0.7239
MAPRE3	ANKRD52	3	0.2655	0.6702
ACTB	KDM1B	3	0.0251	0.8536
KRT8	KDM1B	3	0.0183	0.8581
LMNA	KDM1B	3	0.0171	0.8590
ACTB	AFG2A	3	0.2312	0.6981
CTNNA1	AFG2A	3	0.0512	0.8299
KRT8	AFG2A	3	0.2676	0.6684
LMNA	AFG2A	3	0.0862	0.7996
MAPRE3	AFG2A	3	0.1239	0.7716
ACTB	FANCB	3	0.0504	0.8307
KRT8	FANCB	3	0.0330	0.8473
LMNA	FANCB	3	0.0362	0.8446
MAPRE3	FANCB	3	0.0015	0.8720
ACTB	NHLRC2	3	0.1574	0.7487
CTNNA1	NHLRC2	3	0.0484	0.8327
KRT8	NHLRC2	3	0.1924	0.7250
LMNA	NHLRC2	3	0.0689	0.8137
MAPRE3	NHLRC2	3	0.0595	0.8221
ACTB	AVL9	3	0.1772	0.7351
CTNNA1	AVL9	3	0.0488	0.8323
KRT8	AVL9	3	0.1936	0.7242
LMNA	AVL9	3	0.3754	0.5136
MAPRE3	AVL9	3	0.1040	0.7862
ACTB	COLGALT1	3	0.0031	0.8699
KRT8	COLGALT1	3	0.0136	0.8614
LMNA	COLGALT1	3	0.0002	0.8745
ACTB	SUMF1	3	0.0589	0.8226
CTNNA1	SUMF1	3	0.0673	0.8151
KRT8	SUMF1	3	0.1049	0.7855
LMNA	SUMF1	3	0.0582	0.8233
MAPRE3	SUMF1	3	0.0289	0.8507
ACTB	UBAC2	3	0.2344	0.6954
KRT8	UBAC2	3	0.4337	0.4026
LMNA	UBAC2	3	0.2245	0.7029
MAPRE3	UBAC2	3	0.0974	0.7911
ACTB	TMEM87A	3	0.0614	0.8203
KRT8	TMEM87A	3	0.1555	0.7500
LMNA	TMEM87A	3	0.0312	0.8489
MAPRE3	TMEM87A	3	0.0092	0.8643
ACTB	TTC13	3	0.0672	0.8152
KRT8	TTC13	3	0.0594	0.8222
LMNA	TTC13	3	0.0182	0.8582
MAPRE3	TTC13	3	0.0585	0.8229
ACTB	HSD17B11	3	0.1303	0.7674
CTNNA1	HSD17B11	3	0.0191	0.8577
KRT8	HSD17B11	3	0.2059	0.7162
LMNA	HSD17B11	3	0.1525	0.7521
MAPRE3	HSD17B11	3	0.0184	0.8581
ACTB	TXNDC5	3	0.0988	0.7900
CTNNA1	TXNDC5	3	0.0263	0.8527
KRT8	TXNDC5	3	0.1101	0.7818
LMNA	TXNDC5	3	0.0383	0.8427
MAPRE3	TXNDC5	3	0.0606	0.8211
ACTB	SPC24	3	0.0702	0.8125
KRT8	SPC24	3	0.1670	0.7420
LMNA	SPC24	3	0.0172	0.8589
ACTB	ATAD1	3	0.1995	0.7201
CTNNA1	ATAD1	3	0.0290	0.8507
KRT8	ATAD1	3	0.1730	0.7381
LMNA	ATAD1	3	0.0852	0.8003
MAPRE3	ATAD1	3	0.0497	0.8313
ACTB	SCCPDH	3	0.1465	0.7565
CTNNA1	SCCPDH	3	0.0389	0.8420
KRT8	SCCPDH	3	0.1223	0.7727
LMNA	SCCPDH	3	0.0961	0.7922
MAPRE3	SCCPDH	3	0.0672	0.8152
ACTB	INO80E	3	0.0481	0.8330
CTNNA1	INO80E	3	0.0118	0.8626
KRT8	INO80E	3	0.1442	0.7581
LMNA	INO80E	3	0.2126	0.7116
MAPRE3	INO80E	3	0.0617	0.8201
ACTB	RETREG2	3	0.0339	0.8466
KRT8	RETREG2	3	0.0386	0.8424
LMNA	RETREG2	3	0.0118	0.8626
MAPRE3	RETREG2	3	0.0007	0.8734
ACTB	SERBP1	3	0.1605	0.7466
CTNNA1	SERBP1	3	0.0541	0.8273
KRT8	SERBP1	3	0.1100	0.7818
LMNA	SERBP1	3	0.0481	0.8330
MAPRE3	SERBP1	3	0.1267	0.7697
ACTB	NOA1	3	0.0494	0.8317
CTNNA1	NOA1	3	0.0055	0.8674
KRT8	NOA1	3	0.1500	0.7539
LMNA	NOA1	3	0.0180	0.8583
ACTB	NETO2	3	0.0484	0.8327
LMNA	NETO2	3	0.1373	0.7627
ACTB	NECAP1	3	0.0760	0.8075
CTNNA1	NECAP1	3	0.0013	0.8724
KRT8	NECAP1	3	0.0675	0.8149
LMNA	NECAP1	3	0.0303	0.8496
MAPRE3	NECAP1	3	0.0172	0.8589
ACTB	FAM98A	3	0.2330	0.6967
CTNNA1	FAM98A	3	0.0585	0.8229
KRT8	FAM98A	3	0.2701	0.6663
LMNA	FAM98A	3	0.1422	0.7595
MAPRE3	FAM98A	3	0.1677	0.7415
ACTB	HJURP	3	0.0140	0.8611
KRT8	HJURP	3	0.0104	0.8635
LMNA	HJURP	3	0.0252	0.8535
MAPRE3	HJURP	3	0.0023	0.8708
ACTB	TSEN2	3	0.0262	0.8528
KRT8	TSEN2	3	0.0199	0.8571
LMNA	TSEN2	3	0.0301	0.8498
ACTB	MTMR14	3	0.2547	0.6794
CTNNA1	MTMR14	3	0.0228	0.8553
KRT8	MTMR14	3	0.2572	0.6771
LMNA	MTMR14	3	0.0570	0.8242
MAPRE3	MTMR14	3	0.1188	0.7751
ACTB	NFATC2IP	3	0.0312	0.8489
CTNNA1	NFATC2IP	3	0.0012	0.8725
KRT8	NFATC2IP	3	0.0287	0.8509
LMNA	NFATC2IP	3	0.1019	0.7879
MAPRE3	NFATC2IP	3	0.0071	0.8660
ACTB	DAGLB	3	0.0297	0.8501
KRT8	DAGLB	3	0.1301	0.7675
LMNA	DAGLB	3	0.0098	0.8639
MAPRE3	DAGLB	3	0.0009	0.8730
ACTB	SPRYD3	3	0.0461	0.8350
KRT8	SPRYD3	3	0.0610	0.8207
MAPRE3	SPRYD3	3	0.0028	0.8702
ACTB	DYNC2H1	3	0.0443	0.8367
CTNNA1	DYNC2H1	3	0.0011	0.8726
KRT8	DYNC2H1	3	0.0736	0.8097
LMNA	DYNC2H1	3	0.0092	0.8643
MAPRE3	DYNC2H1	3	0.0031	0.8699
KRT8	ZBTB34	3	0.0223	0.8556
LMNA	ZBTB34	3	0.1040	0.7862
MAPRE3	ZBTB34	3	0.0022	0.8710
ACTB	RNF169	3	0.2214	0.7052
CTNNA1	RNF169	3	0.0180	0.8583
KRT8	RNF169	3	0.2523	0.6815
LMNA	RNF169	3	0.3475	0.5637
MAPRE3	RNF169	3	0.1997	0.7200
ACTB	PDPR	3	0.0874	0.7986
CTNNA1	PDPR	3	0.0366	0.8443
KRT8	PDPR	3	0.1480	0.7554
LMNA	PDPR	3	0.0523	0.8289
MAPRE3	PDPR	3	0.0302	0.8497
ACTB	SMG8	3	0.0259	0.8530
CTNNA1	SMG8	3	0.0010	0.8728
KRT8	SMG8	3	0.0715	0.8115
LMNA	SMG8	3	0.0038	0.8691
MAPRE3	SMG8	3	0.0168	0.8593
ACTB	RNF214	3	0.2803	0.6565
CTNNA1	RNF214	3	0.1698	0.7402
KRT8	RNF214	3	0.3772	0.5091
LMNA	RNF214	3	0.1284	0.7686
MAPRE3	RNF214	3	0.2174	0.7081
ACTB	LSM14A	3	0.0915	0.7956
CTNNA1	LSM14A	3	0.0583	0.8232
KRT8	LSM14A	3	0.0558	0.8255
LMNA	LSM14A	3	0.0524	0.8288
MAPRE3	LSM14A	3	0.1651	0.7434
ACTB	ZNF280C	3	0.0097	0.8639
KRT8	ZNF280C	3	0.0021	0.8711
LMNA	ZNF280C	3	0.0290	0.8507
ACTB	MROH1	3	0.0209	0.8565
KRT8	MROH1	3	0.0885	0.7977
LMNA	MROH1	3	0.0061	0.8669
MAPRE3	MROH1	3	0.0023	0.8708
ACTB	MAPK1IP1L	3	0.0531	0.8282
CTNNA1	MAPK1IP1L	3	0.0358	0.8450
KRT8	MAPK1IP1L	3	0.0788	0.8054
LMNA	MAPK1IP1L	3	0.0489	0.8322
MAPRE3	MAPK1IP1L	3	0.0105	0.8634
ACTB	TDRD9	3	0.0270	0.8522
CTNNA1	TDRD9	3	0.0016	0.8718
KRT8	TDRD9	3	0.0737	0.8096
LMNA	TDRD9	3	0.0135	0.8615
MAPRE3	TDRD9	3	0.0054	0.8675
ACTB	EHBP1	3	0.2445	0.6878
CTNNA1	EHBP1	3	0.1143	0.7786
KRT8	EHBP1	3	0.2696	0.6667
LMNA	EHBP1	3	0.1957	0.7227
MAPRE3	EHBP1	3	0.1527	0.7520
ACTB	RBM15B	3	0.0608	0.8209
CTNNA1	RBM15B	3	0.0033	0.8697
KRT8	RBM15B	3	0.0751	0.8084
LMNA	RBM15B	3	0.1102	0.7817
MAPRE3	RBM15B	3	0.0043	0.8685
ACTB	TNRC6A	3	0.3453	0.5670
CTNNA1	TNRC6A	3	0.1838	0.7303
KRT8	TNRC6A	3	0.4138	0.4394
LMNA	TNRC6A	3	0.1894	0.7269
MAPRE3	TNRC6A	3	0.3146	0.6185
ACTB	PHC3	3	0.1464	0.7566
KRT8	PHC3	3	0.0586	0.8229
LMNA	PHC3	3	0.2506	0.6831
MAPRE3	PHC3	3	0.1128	0.7797
ACTB	CNNM3	3	0.0262	0.8528
CTNNA1	CNNM3	3	0.0170	0.8591
KRT8	CNNM3	3	0.0396	0.8413
LMNA	CNNM3	3	0.0164	0.8595
MAPRE3	CNNM3	3	0.0014	0.8722
ACTB	ABCF1	3	0.2806	0.6561
CTNNA1	ABCF1	3	0.1207	0.7737
KRT8	ABCF1	3	0.2463	0.6864
LMNA	ABCF1	3	0.1817	0.7317
MAPRE3	ABCF1	3	0.2044	0.7173
ACTB	MCU	3	0.1429	0.7590
KRT8	MCU	3	0.2986	0.6376
LMNA	MCU	3	0.1857	0.7293
MAPRE3	MCU	3	0.0706	0.8121
ACTB	PIK3C3	3	0.3516	0.5561
CTNNA1	PIK3C3	3	0.1585	0.7479
KRT8	PIK3C3	3	0.3849	0.4919
LMNA	PIK3C3	3	0.2001	0.7198
MAPRE3	PIK3C3	3	0.2763	0.6610
ACTB	SRFBP1	3	0.2141	0.7106
CTNNA1	SRFBP1	3	0.0552	0.8262
KRT8	SRFBP1	3	0.1857	0.7293
LMNA	SRFBP1	3	0.3111	0.6234
MAPRE3	SRFBP1	3	0.2120	0.7119
ACTB	MNS1	3	0.0398	0.8411
KRT8	MNS1	3	0.0877	0.7984
LMNA	MNS1	3	0.0038	0.8691
MAPRE3	MNS1	3	0.0002	0.8745
ACTB	DDHD1	3	0.0465	0.8346
CTNNA1	DDHD1	3	0.0006	0.8736
KRT8	DDHD1	3	0.0865	0.7993
LMNA	DDHD1	3	0.0587	0.8228
MAPRE3	DDHD1	3	0.0085	0.8648
LMNA	MCPH1	3	0.0818	0.8030
ACTB	SHCBP1	3	0.1801	0.7328
CTNNA1	SHCBP1	3	0.0481	0.8330
KRT8	SHCBP1	3	0.2658	0.6701
LMNA	SHCBP1	3	0.2251	0.7025
MAPRE3	SHCBP1	3	0.1011	0.7884
ACTB	SUPT20H	3	0.0071	0.8660
KRT8	SUPT20H	3	0.0137	0.8614
LMNA	SUPT20H	3	0.0448	0.8362
MAPRE3	SUPT20H	3	0.0025	0.8705
ACTB	PDZD8	3	0.0386	0.8424
CTNNA1	PDZD8	3	0.0003	0.8743
KRT8	PDZD8	3	0.0404	0.8404
LMNA	PDZD8	3	0.0016	0.8718
MAPRE3	PDZD8	3	0.0031	0.8699
ACTB	APPL2	3	0.2409	0.6906
CTNNA1	APPL2	3	0.0843	0.8010
KRT8	APPL2	3	0.2817	0.6551
LMNA	APPL2	3	0.2167	0.7086
MAPRE3	APPL2	3	0.1130	0.7795
ACTB	EXPH5	3	0.0686	0.8139
KRT8	EXPH5	3	0.1529	0.7519
LMNA	EXPH5	3	0.0055	0.8674
MAPRE3	EXPH5	3	0.0228	0.8553
ACTB	SLC30A7	3	0.1412	0.7602
CTNNA1	SLC30A7	3	0.0709	0.8120
KRT8	SLC30A7	3	0.1488	0.7547
LMNA	SLC30A7	3	0.0880	0.7982
MAPRE3	SLC30A7	3	0.0558	0.8255
ACTB	SDR9C7	3	0.2248	0.7028
KRT8	SDR9C7	3	0.1121	0.7803
LMNA	SDR9C7	3	0.0785	0.8056
ACTB	NAV1	3	0.2227	0.7043
CTNNA1	NAV1	3	0.1206	0.7739
KRT8	NAV1	3	0.2990	0.6372
LMNA	NAV1	3	0.0878	0.7983
MAPRE3	NAV1	3	0.4296	0.4120
ACTB	PPHLN1	3	0.1573	0.7488
KRT8	PPHLN1	3	0.1167	0.7765
LMNA	PPHLN1	3	0.2956	0.6409
MAPRE3	PPHLN1	3	0.0821	0.8028
ACTB	VPS37A	3	0.3143	0.6190
CTNNA1	VPS37A	3	0.1299	0.7677
KRT8	VPS37A	3	0.3719	0.5180
LMNA	VPS37A	3	0.1529	0.7519
MAPRE3	VPS37A	3	0.2370	0.6933
ACTB	WDR19	3	0.0670	0.8153
CTNNA1	WDR19	3	0.0002	0.8745
KRT8	WDR19	3	0.1084	0.7828
LMNA	WDR19	3	0.0056	0.8673
MAPRE3	WDR19	3	0.0138	0.8613
ACTB	KMT2C	3	0.0055	0.8674
KRT8	KMT2C	3	0.0076	0.8656
LMNA	KMT2C	3	0.0171	0.8590
MAPRE3	KMT2C	3	0.0015	0.8720
ACTB	FBXO22	3	0.0811	0.8036
CTNNA1	FBXO22	3	0.0386	0.8424
KRT8	FBXO22	3	0.0887	0.7975
LMNA	FBXO22	3	0.0883	0.7979
MAPRE3	FBXO22	3	0.0336	0.8468
ACTB	LPCAT1	3	0.2232	0.7039
CTNNA1	LPCAT1	3	0.0424	0.8383
KRT8	LPCAT1	3	0.2987	0.6376
LMNA	LPCAT1	3	0.2017	0.7189
MAPRE3	LPCAT1	3	0.1052	0.7852
ACTB	DOCK8	3	0.0476	0.8336
KRT8	DOCK8	3	0.0556	0.8258
MAPRE3	DOCK8	3	0.0160	0.8597
ACTB	ANKRD20A12P	3	0.1960	0.7225
KRT8	ANKRD20A12P	3	0.3185	0.6128
LMNA	ANKRD20A12P	3	0.0993	0.7896
MAPRE3	ANKRD20A12P	3	0.0418	0.8390
ACTB	SYNE1	3	0.0485	0.8325
CTNNA1	SYNE1	3	0.0165	0.8594
KRT8	SYNE1	3	0.0610	0.8207
LMNA	SYNE1	3	0.0345	0.8461
MAPRE3	SYNE1	3	0.0170	0.8591
ACTB	USP32	3	0.0437	0.8372
CTNNA1	USP32	3	0.0026	0.8704
KRT8	USP32	3	0.0634	0.8184
LMNA	USP32	3	0.0036	0.8693
MAPRE3	USP32	3	0.0106	0.8634
ACTB	BOD1L1	3	0.2113	0.7124
CTNNA1	BOD1L1	3	0.0249	0.8538
KRT8	BOD1L1	3	0.1150	0.7781
LMNA	BOD1L1	3	0.2481	0.6849
MAPRE3	BOD1L1	3	0.0989	0.7899
ACTB	ARID1B	3	0.1169	0.7764
CTNNA1	ARID1B	3	0.0003	0.8743
KRT8	ARID1B	3	0.0986	0.7902
LMNA	ARID1B	3	0.2100	0.7133
MAPRE3	ARID1B	3	0.0747	0.8088
ACTB	NUP43	3	0.1008	0.7886
CTNNA1	NUP43	3	0.0525	0.8287
KRT8	NUP43	3	0.3119	0.6224
LMNA	NUP43	3	0.3792	0.5058
MAPRE3	NUP43	3	0.0427	0.8381
ACTB	NUP37	3	0.0918	0.7953
KRT8	NUP37	3	0.3973	0.4678
LMNA	NUP37	3	0.2986	0.6376
ACTB	NUP35	3	0.0452	0.8358
KRT8	NUP35	3	0.0487	0.8323
LMNA	NUP35	3	0.1185	0.7753
MAPRE3	NUP35	3	0.0202	0.8570
ACTB	REPS2	3	0.0778	0.8062
CTNNA1	REPS2	3	0.0011	0.8726
KRT8	REPS2	3	0.0262	0.8528
MAPRE3	REPS2	3	0.0295	0.8502
ACTB	GPRC5A	3	0.3024	0.6335
CTNNA1	GPRC5A	3	0.1595	0.7473
KRT8	GPRC5A	3	0.2295	0.6994
LMNA	GPRC5A	3	0.1478	0.7556
MAPRE3	GPRC5A	3	0.0851	0.8005
ACTB	BHLHE22	3	0.2177	0.7079
CTNNA1	BHLHE22	3	0.0141	0.8610
KRT8	BHLHE22	3	0.0825	0.8024
LMNA	BHLHE22	3	0.1253	0.7706
MAPRE3	BHLHE22	3	0.0453	0.8357
ACTB	NBEA	3	0.0511	0.8300
CTNNA1	NBEA	3	0.0010	0.8728
KRT8	NBEA	3	0.0838	0.8014
LMNA	NBEA	3	0.0074	0.8657
MAPRE3	NBEA	3	0.0072	0.8659
ACTB	TOR1AIP2	3	0.0924	0.7950
CTNNA1	TOR1AIP2	3	0.0276	0.8518
KRT8	TOR1AIP2	3	0.1139	0.7788
LMNA	TOR1AIP2	3	0.0974	0.7911
MAPRE3	TOR1AIP2	3	0.0326	0.8477
ACTB	IPMK	3	0.0328	0.8475
KRT8	IPMK	3	0.0488	0.8323
LMNA	IPMK	3	0.0673	0.8151
MAPRE3	IPMK	3	0.0056	0.8673
ACTB	CMAS	3	0.0149	0.8605
KRT8	CMAS	3	0.0472	0.8340
LMNA	CMAS	3	0.0490	0.8320
ACTB	PJA1	3	0.0983	0.7904
KRT8	PJA1	3	0.3085	0.6269
ACTB	KNL1	3	0.2244	0.7030
CTNNA1	KNL1	3	0.0641	0.8178
KRT8	KNL1	3	0.2822	0.6544
LMNA	KNL1	3	0.2976	0.6385
MAPRE3	KNL1	3	0.2232	0.7039
ACTB	OR4K15	3	0.0595	0.8221
CTNNA1	OR4K15	3	0.0002	0.8745
KRT8	OR4K15	3	0.0371	0.8438
LMNA	OR4K15	3	0.0001	0.8748
MAPRE3	OR4K15	3	0.0045	0.8683
ACTB	KDM2B	3	0.1361	0.7635
KRT8	KDM2B	3	0.1932	0.7245
LMNA	KDM2B	3	0.2818	0.6549
MAPRE3	KDM2B	3	0.0775	0.8064
ACTB	MOSPD2	3	0.0383	0.8427
CTNNA1	MOSPD2	3	0.0002	0.8745
KRT8	MOSPD2	3	0.0579	0.8235
LMNA	MOSPD2	3	0.0107	0.8633
MAPRE3	MOSPD2	3	0.0021	0.8711
ACTB	DDX55	3	0.0542	0.8272
KRT8	DDX55	3	0.1421	0.7596
LMNA	DDX55	3	0.1552	0.7501
MAPRE3	DDX55	3	0.0610	0.8207
ACTB	TDRD7	3	0.0403	0.8405
CTNNA1	TDRD7	3	0.0032	0.8697
KRT8	TDRD7	3	0.0450	0.8360
LMNA	TDRD7	3	0.0198	0.8572
MAPRE3	TDRD7	3	0.0127	0.8620
ACTB	NEDD1	3	0.2829	0.6537
CTNNA1	NEDD1	3	0.1138	0.7789
KRT8	NEDD1	3	0.3188	0.6125
LMNA	NEDD1	3	0.0976	0.7909
MAPRE3	NEDD1	3	0.3110	0.6236
ACTB	NCOA7	3	0.3303	0.5954
CTNNA1	NCOA7	3	0.1121	0.7803
KRT8	NCOA7	3	0.3335	0.5885
LMNA	NCOA7	3	0.3097	0.6254
MAPRE3	NCOA7	3	0.2327	0.6971
ACTB	THOC2	3	0.1545	0.7507
CTNNA1	THOC2	3	0.0300	0.8498
KRT8	THOC2	3	0.2432	0.6887
LMNA	THOC2	3	0.2067	0.7156
MAPRE3	THOC2	3	0.0701	0.8126
ACTB	PATJ	3	0.3106	0.6242
CTNNA1	PATJ	3	0.1551	0.7502
KRT8	PATJ	3	0.3618	0.5372
LMNA	PATJ	3	0.2014	0.7191
MAPRE3	PATJ	3	0.2129	0.7113
ACTB	WDR36	3	0.2338	0.6961
CTNNA1	WDR36	3	0.0651	0.8170
KRT8	WDR36	3	0.2292	0.6995
LMNA	WDR36	3	0.2805	0.6562
MAPRE3	WDR36	3	0.1594	0.7474
ACTB	COQ8A	3	0.1627	0.7449
KRT8	COQ8A	3	0.2295	0.6994
MAPRE3	COQ8A	3	0.1257	0.7703
ACTB	KIF18A	3	0.1519	0.7526
CTNNA1	KIF18A	3	0.0481	0.8330
KRT8	KIF18A	3	0.1961	0.7225
LMNA	KIF18A	3	0.1940	0.7239
MAPRE3	KIF18A	3	0.2375	0.6931
ACTB	RP9	3	0.1654	0.7431
CTNNA1	RP9	3	0.0299	0.8499
KRT8	RP9	3	0.1403	0.7607
LMNA	RP9	3	0.2780	0.6592
MAPRE3	RP9	3	0.1378	0.7624
ACTB	SNIP1	3	0.1632	0.7446
CTNNA1	SNIP1	3	0.0849	0.8007
KRT8	SNIP1	3	0.2863	0.6504
LMNA	SNIP1	3	0.1808	0.7325
MAPRE3	SNIP1	3	0.0484	0.8327
ACTB	WDR48	3	0.2034	0.7178
CTNNA1	WDR48	3	0.0447	0.8363
KRT8	WDR48	3	0.1779	0.7345
LMNA	WDR48	3	0.1264	0.7698
MAPRE3	WDR48	3	0.0727	0.8104
ACTB	EXOC6	3	0.0555	0.8259
CTNNA1	EXOC6	3	0.0004	0.8740
KRT8	EXOC6	3	0.0894	0.7969
LMNA	EXOC6	3	0.0080	0.8652
MAPRE3	EXOC6	3	0.0050	0.8678
ACTB	TTC8	3	0.0393	0.8416
KRT8	TTC8	3	0.1512	0.7531
MAPRE3	TTC8	3	0.0384	0.8426
ACTB	CEP76	3	0.0363	0.8446
CTNNA1	CEP76	3	0.0027	0.8703
KRT8	CEP76	3	0.1089	0.7825
LMNA	CEP76	3	0.0167	0.8593
MAPRE3	CEP76	3	0.0298	0.8500
ACTB	PPP1R35	3	0.2259	0.7018
CTNNA1	PPP1R35	3	0.0715	0.8115
KRT8	PPP1R35	3	0.2872	0.6496
LMNA	PPP1R35	3	0.1011	0.7884
MAPRE3	PPP1R35	3	0.1574	0.7487
ACTB	SMARCC2	3	0.1545	0.7507
CTNNA1	SMARCC2	3	0.0061	0.8669
KRT8	SMARCC2	3	0.1229	0.7723
LMNA	SMARCC2	3	0.1608	0.7463
MAPRE3	SMARCC2	3	0.0528	0.8285
ACTB	NEIL3	3	0.0442	0.8368
KRT8	NEIL3	3	0.0338	0.8466
LMNA	NEIL3	3	0.0649	0.8172
MAPRE3	NEIL3	3	0.0098	0.8639
ACTB	NPLOC4	3	0.0993	0.7896
CTNNA1	NPLOC4	3	0.0164	0.8595
KRT8	NPLOC4	3	0.1747	0.7371
LMNA	NPLOC4	3	0.1063	0.7844
MAPRE3	NPLOC4	3	0.0160	0.8597
CTNNA1	CXorf38	3	0.0062	0.8667
MAPRE3	CXorf38	3	0.0288	0.8508
ACTB	FBXO30	3	0.2572	0.6771
CTNNA1	FBXO30	3	0.0456	0.8355
KRT8	FBXO30	3	0.2913	0.6454
LMNA	FBXO30	3	0.1165	0.7768
MAPRE3	FBXO30	3	0.1346	0.7644
ACTB	SLC35B2	3	0.1783	0.7342
KRT8	SLC35B2	3	0.2348	0.6951
LMNA	SLC35B2	3	0.1970	0.7218
MAPRE3	SLC35B2	3	0.0503	0.8308
ACTB	PUM2	3	0.0302	0.8497
CTNNA1	PUM2	3	0.0006	0.8736
KRT8	PUM2	3	0.0561	0.8252
LMNA	PUM2	3	0.0012	0.8725
MAPRE3	PUM2	3	0.0044	0.8684
ACTB	GOLGA5	3	0.0245	0.8541
CTNNA1	GOLGA5	3	0.0002	0.8745
KRT8	GOLGA5	3	0.0222	0.8556
LMNA	GOLGA5	3	0.0029	0.8701
MAPRE3	GOLGA5	3	0.0025	0.8705
ACTB	KLHDC4	3	0.1008	0.7886
CTNNA1	KLHDC4	3	0.0286	0.8510
KRT8	KLHDC4	3	0.1124	0.7800
LMNA	KLHDC4	3	0.0698	0.8129
MAPRE3	KLHDC4	3	0.0563	0.8250
ACTB	SHKBP1	3	0.1269	0.7696
CTNNA1	SHKBP1	3	0.0053	0.8676
KRT8	SHKBP1	3	0.0818	0.8030
LMNA	SHKBP1	3	0.0104	0.8635
MAPRE3	SHKBP1	3	0.0274	0.8520
ACTB	UBA3	3	0.1814	0.7320
CTNNA1	UBA3	3	0.0492	0.8318
KRT8	UBA3	3	0.1172	0.7762
LMNA	UBA3	3	0.1159	0.7773
MAPRE3	UBA3	3	0.0496	0.8314
LMNA	ZCCHC10	3	0.0121	0.8624
ACTB	RAB3IL1	3	0.2692	0.6671
CTNNA1	RAB3IL1	3	0.0976	0.7909
KRT8	RAB3IL1	3	0.2869	0.6499
LMNA	RAB3IL1	3	0.1533	0.7516
MAPRE3	RAB3IL1	3	0.1092	0.7823
ACTB	PIP4K2C	3	0.0487	0.8323
KRT8	PIP4K2C	3	0.0426	0.8382
LMNA	PIP4K2C	3	0.0056	0.8673
MAPRE3	PIP4K2C	3	0.0063	0.8666
ACTB	WDR20	3	0.0381	0.8429
CTNNA1	WDR20	3	0.0004	0.8740
KRT8	WDR20	3	0.0437	0.8372
MAPRE3	WDR20	3	0.0046	0.8682
ACTB	TBC1D15	3	0.2595	0.6753
CTNNA1	TBC1D15	3	0.0783	0.8057
KRT8	TBC1D15	3	0.2931	0.6434
LMNA	TBC1D15	3	0.1152	0.7780
MAPRE3	TBC1D15	3	0.1456	0.7572
ACTB	RDH11	3	0.1829	0.7309
CTNNA1	RDH11	3	0.0499	0.8312
KRT8	RDH11	3	0.1767	0.7355
LMNA	RDH11	3	0.1596	0.7473
MAPRE3	RDH11	3	0.0536	0.8277
ACTB	IFI44	3	0.2350	0.6950
CTNNA1	IFI44	3	0.0563	0.8250
KRT8	IFI44	3	0.3435	0.5712
LMNA	IFI44	3	0.2349	0.6951
MAPRE3	IFI44	3	0.1604	0.7467
ACTB	CIP2A	3	0.3134	0.6202
CTNNA1	CIP2A	3	0.1449	0.7577
KRT8	CIP2A	3	0.3611	0.5391
LMNA	CIP2A	3	0.1544	0.7509
MAPRE3	CIP2A	3	0.2452	0.6874
ACTB	PI4K2B	3	0.0637	0.8181
CTNNA1	PI4K2B	3	0.0007	0.8734
KRT8	PI4K2B	3	0.0959	0.7923
LMNA	PI4K2B	3	0.0131	0.8617
MAPRE3	PI4K2B	3	0.0128	0.8619
ACTB	FBXO25	3	0.4250	0.4206
KRT8	FBXO25	3	0.0618	0.8200
LMNA	FBXO25	3	0.2906	0.6461
ACTB	STT3B	3	0.1329	0.7657
CTNNA1	STT3B	3	0.0435	0.8373
KRT8	STT3B	3	0.2046	0.7171
LMNA	STT3B	3	0.4397	0.3935
MAPRE3	STT3B	3	0.0698	0.8129
ACTB	ZNF507	3	0.0439	0.8371
KRT8	ZNF507	3	0.1065	0.7843
LMNA	ZNF507	3	0.0546	0.8268
MAPRE3	ZNF507	3	0.0408	0.8400
ACTB	PNPT1	3	0.2204	0.7060
CTNNA1	PNPT1	3	0.0479	0.8332
KRT8	PNPT1	3	0.2520	0.6818
LMNA	PNPT1	3	0.2434	0.6885
MAPRE3	PNPT1	3	0.1767	0.7355
ACTB	HM13	3	0.2252	0.7025
CTNNA1	HM13	3	0.0402	0.8406
KRT8	HM13	3	0.3013	0.6348
LMNA	HM13	3	0.2450	0.6875
MAPRE3	HM13	3	0.1092	0.7823
ACTB	ALMS1	3	0.2485	0.6847
CTNNA1	ALMS1	3	0.0731	0.8101
KRT8	ALMS1	3	0.3039	0.6316
LMNA	ALMS1	3	0.0884	0.7978
MAPRE3	ALMS1	3	0.1937	0.7241
ACTB	URGCP	3	0.2804	0.6564
CTNNA1	URGCP	3	0.0487	0.8323
KRT8	URGCP	3	0.3255	0.6028
LMNA	URGCP	3	0.2099	0.7135
MAPRE3	URGCP	3	0.1428	0.7591
ACTB	BICD2	3	0.0557	0.8257
CTNNA1	BICD2	3	0.0014	0.8722
KRT8	BICD2	3	0.0621	0.8196
LMNA	BICD2	3	0.0185	0.8580
MAPRE3	BICD2	3	0.0109	0.8632
ACTB	NEK9	3	0.3264	0.6015
CTNNA1	NEK9	3	0.1741	0.7375
KRT8	NEK9	3	0.3398	0.5784
LMNA	NEK9	3	0.1618	0.7456
MAPRE3	NEK9	3	0.2458	0.6868
ACTB	CHD6	3	0.1339	0.7651
KRT8	CHD6	3	0.1780	0.7344
LMNA	CHD6	3	0.2639	0.6717
MAPRE3	CHD6	3	0.0663	0.8159
ACTB	CCHCR1	3	0.0632	0.8186
CTNNA1	CCHCR1	3	0.0065	0.8665
KRT8	CCHCR1	3	0.1401	0.7609
LMNA	CCHCR1	3	0.0130	0.8618
MAPRE3	CCHCR1	3	0.0250	0.8537
ACTB	PLEKHO2	3	0.0422	0.8386
CTNNA1	PLEKHO2	3	0.0010	0.8728
KRT8	PLEKHO2	3	0.0738	0.8095
MAPRE3	PLEKHO2	3	0.0019	0.8714
ACTB	DTX3L	3	0.1320	0.7663
CTNNA1	DTX3L	3	0.0059	0.8671
KRT8	DTX3L	3	0.2366	0.6938
LMNA	DTX3L	3	0.1342	0.7648
MAPRE3	DTX3L	3	0.0693	0.8133
ACTB	DDX54	3	0.1059	0.7848
CTNNA1	DDX54	3	0.0711	0.8118
KRT8	DDX54	3	0.1842	0.7301
LMNA	DDX54	3	0.1714	0.7392
MAPRE3	DDX54	3	0.0621	0.8196
ACTB	DMXL2	3	0.2641	0.6715
CTNNA1	DMXL2	3	0.0972	0.7913
KRT8	DMXL2	3	0.3030	0.6330
LMNA	DMXL2	3	0.1403	0.7607
MAPRE3	DMXL2	3	0.1890	0.7271
ACTB	BPIFB1	3	0.7277	0.1194
ACTB	DLG5	3	0.3381	0.5809
CTNNA1	DLG5	3	0.2783	0.6588
KRT8	DLG5	3	0.3989	0.4652
LMNA	DLG5	3	0.1212	0.7734
MAPRE3	DLG5	3	0.2769	0.6604
ACTB	CABLES1	3	0.0894	0.7969
CTNNA1	CABLES1	3	0.0002	0.8745
KRT8	CABLES1	3	0.1032	0.7868
LMNA	CABLES1	3	0.0239	0.8545
ACTB	BRIX1	3	0.2028	0.7184
CTNNA1	BRIX1	3	0.0494	0.8317
KRT8	BRIX1	3	0.2912	0.6456
LMNA	BRIX1	3	0.2072	0.7154
MAPRE3	BRIX1	3	0.0955	0.7926
ACTB	NEK7	3	0.2614	0.6737
CTNNA1	NEK7	3	0.0709	0.8120
KRT8	NEK7	3	0.3031	0.6327
LMNA	NEK7	3	0.2191	0.7068
MAPRE3	NEK7	3	0.1768	0.7355
ACTB	RB1CC1	3	0.0535	0.8278
KRT8	RB1CC1	3	0.1057	0.7849
LMNA	RB1CC1	3	0.0008	0.8732
MAPRE3	RB1CC1	3	0.0079	0.8653
ACTB	MICAL1	3	0.2170	0.7083
CTNNA1	MICAL1	3	0.0600	0.8217
KRT8	MICAL1	3	0.2402	0.6911
LMNA	MICAL1	3	0.1079	0.7832
MAPRE3	MICAL1	3	0.1111	0.7809
ACTB	ELP5	3	0.0759	0.8076
KRT8	ELP5	3	0.0829	0.8022
LMNA	ELP5	3	0.0166	0.8594
MAPRE3	ELP5	3	0.0087	0.8647
ACTB	MORC4	3	0.0212	0.8563
KRT8	MORC4	3	0.0518	0.8293
LMNA	MORC4	3	0.0868	0.7991
MAPRE3	MORC4	3	0.0299	0.8499
ACTB	SH3RF2	3	0.1791	0.7336
KRT8	SH3RF2	3	0.4240	0.4222
LMNA	SH3RF2	3	0.0247	0.8539
MAPRE3	SH3RF2	3	0.5190	0.2740
ACTB	UTP15	3	0.2564	0.6778
CTNNA1	UTP15	3	0.1310	0.7670
KRT8	UTP15	3	0.2958	0.6407
LMNA	UTP15	3	0.2127	0.7115
MAPRE3	UTP15	3	0.1482	0.7552
ACTB	GPX8	3	0.1524	0.7522
CTNNA1	GPX8	3	0.0291	0.8506
KRT8	GPX8	3	0.2467	0.6861
LMNA	GPX8	3	0.1228	0.7724
MAPRE3	GPX8	3	0.0625	0.8193
ACTB	AFAP1L1	3	0.0860	0.7997
KRT8	AFAP1L1	3	0.0696	0.8131
MAPRE3	AFAP1L1	3	0.0038	0.8691
ACTB	DOT1L	3	0.0060	0.8670
CTNNA1	DOT1L	3	0.0000	0.8752
KRT8	DOT1L	3	0.0327	0.8476
LMNA	DOT1L	3	0.0324	0.8478
ACTB	NUP210	3	0.2946	0.6418
CTNNA1	NUP210	3	0.0963	0.7921
KRT8	NUP210	3	0.2661	0.6699
LMNA	NUP210	3	0.2475	0.6854
MAPRE3	NUP210	3	0.2037	0.7176
ACTB	CEP192	3	0.2648	0.6709
CTNNA1	CEP192	3	0.0890	0.7973
KRT8	CEP192	3	0.3664	0.5278
LMNA	CEP192	3	0.2395	0.6917
MAPRE3	CEP192	3	0.2461	0.6866
ACTB	SNX29	3	0.0276	0.8518
KRT8	SNX29	3	0.1053	0.7852
ACTB	GEMIN5	3	0.2840	0.6526
CTNNA1	GEMIN5	3	0.0819	0.8029
KRT8	GEMIN5	3	0.2829	0.6537
LMNA	GEMIN5	3	0.1150	0.7781
MAPRE3	GEMIN5	3	0.1784	0.7342
ACTB	ARHGEF40	3	0.2496	0.6839
CTNNA1	ARHGEF40	3	0.0708	0.8120
KRT8	ARHGEF40	3	0.3088	0.6265
LMNA	ARHGEF40	3	0.1274	0.7693
MAPRE3	ARHGEF40	3	0.1941	0.7238
ACTB	RAPGEF6	3	0.3165	0.6155
CTNNA1	RAPGEF6	3	0.1561	0.7496
KRT8	RAPGEF6	3	0.3329	0.5917
LMNA	RAPGEF6	3	0.1577	0.7485
MAPRE3	RAPGEF6	3	0.2520	0.6818
ACTB	SMCR8	3	0.2848	0.6519
CTNNA1	SMCR8	3	0.1338	0.7651
KRT8	SMCR8	3	0.3080	0.6274
LMNA	SMCR8	3	0.1745	0.7373
MAPRE3	SMCR8	3	0.2073	0.7153
ACTB	PARD3	3	0.3441	0.5698
CTNNA1	PARD3	3	0.3175	0.6143
KRT8	PARD3	3	0.3666	0.5270
LMNA	PARD3	3	0.1012	0.7884
MAPRE3	PARD3	3	0.2960	0.6404
ACTB	IPO4	3	0.2207	0.7058
CTNNA1	IPO4	3	0.0757	0.8078
KRT8	IPO4	3	0.3499	0.5589
LMNA	IPO4	3	0.1350	0.7642
MAPRE3	IPO4	3	0.0922	0.7951
ACTB	USP33	3	0.0360	0.8448
CTNNA1	USP33	3	0.0010	0.8728
KRT8	USP33	3	0.0411	0.8397
LMNA	USP33	3	0.0288	0.8508
MAPRE3	USP33	3	0.0014	0.8722
ACTB	PPP4R1	3	0.4045	0.4525
CTNNA1	PPP4R1	3	0.0570	0.8242
KRT8	PPP4R1	3	0.2047	0.7171
LMNA	PPP4R1	3	0.0618	0.8200
MAPRE3	PPP4R1	3	0.0661	0.8160
ACTB	FNIP1	3	0.2657	0.6701
CTNNA1	FNIP1	3	0.0569	0.8244
KRT8	FNIP1	3	0.2869	0.6499
LMNA	FNIP1	3	0.1552	0.7501
MAPRE3	FNIP1	3	0.1731	0.7380
ACTB	ZNF384	3	0.1466	0.7564
CTNNA1	ZNF384	3	0.0448	0.8362
KRT8	ZNF384	3	0.1114	0.7807
LMNA	ZNF384	3	0.2557	0.6785
MAPRE3	ZNF384	3	0.0903	0.7964
ACTB	SHROOM3	3	0.3433	0.5721
CTNNA1	SHROOM3	3	0.2680	0.6680
KRT8	SHROOM3	3	0.3727	0.5165
LMNA	SHROOM3	3	0.0968	0.7917
MAPRE3	SHROOM3	3	0.2665	0.6695
ACTB	WIPF2	3	0.2173	0.7082
KRT8	WIPF2	3	0.0632	0.8186
MAPRE3	WIPF2	3	0.0220	0.8557
KRT8	HASPIN	3	0.0651	0.8170
LMNA	HASPIN	3	0.1143	0.7786
MAPRE3	HASPIN	3	0.0091	0.8643
ACTB	NOC3L	3	0.2034	0.7178
CTNNA1	NOC3L	3	0.0328	0.8475
KRT8	NOC3L	3	0.2560	0.6781
LMNA	NOC3L	3	0.2366	0.6938
MAPRE3	NOC3L	3	0.1037	0.7864
ACTB	SCARB1	3	0.0511	0.8300
CTNNA1	SCARB1	3	0.0053	0.8676
KRT8	SCARB1	3	0.0432	0.8376
LMNA	SCARB1	3	0.0725	0.8105
MAPRE3	SCARB1	3	0.0102	0.8637
ACTB	COG1	3	0.2985	0.6378
CTNNA1	COG1	3	0.1392	0.7614
KRT8	COG1	3	0.2879	0.6489
LMNA	COG1	3	0.1565	0.7494
MAPRE3	COG1	3	0.2320	0.6977
ACTB	NPRL2	3	0.0221	0.8557
KRT8	NPRL2	3	0.0440	0.8370
ACTB	PYROXD1	3	0.0678	0.8146
CTNNA1	PYROXD1	3	0.0074	0.8657
KRT8	PYROXD1	3	0.0969	0.7915
LMNA	PYROXD1	3	0.1572	0.7488
MAPRE3	PYROXD1	3	0.0280	0.8515
ACTB	SCFD2	3	0.3147	0.6182
CTNNA1	SCFD2	3	0.1372	0.7627
KRT8	SCFD2	3	0.3427	0.5733
LMNA	SCFD2	3	0.2023	0.7186
MAPRE3	SCFD2	3	0.2463	0.6864
ACTB	SMAP2	3	0.2034	0.7178
CTNNA1	SMAP2	3	0.0559	0.8254
KRT8	SMAP2	3	0.2415	0.6900
LMNA	SMAP2	3	0.0580	0.8234
MAPRE3	SMAP2	3	0.0827	0.8023
ACTB	ZC3H15	3	0.2511	0.6827
CTNNA1	ZC3H15	3	0.1392	0.7614
KRT8	ZC3H15	3	0.2669	0.6691
LMNA	ZC3H15	3	0.0601	0.8216
MAPRE3	ZC3H15	3	0.2662	0.6698
ACTB	PPIL4	3	0.1111	0.7809
CTNNA1	PPIL4	3	0.0392	0.8417
KRT8	PPIL4	3	0.0899	0.7967
LMNA	PPIL4	3	0.3208	0.6087
MAPRE3	PPIL4	3	0.0796	0.8048
ACTB	GTF3C2	3	0.1177	0.7758
CTNNA1	GTF3C2	3	0.0411	0.8397
KRT8	GTF3C2	3	0.1584	0.7480
LMNA	GTF3C2	3	0.1794	0.7334
MAPRE3	GTF3C2	3	0.0723	0.8108
ACTB	TBC1D22A	3	0.0662	0.8160
CTNNA1	TBC1D22A	3	0.0020	0.8713
KRT8	TBC1D22A	3	0.1160	0.7772
LMNA	TBC1D22A	3	0.0337	0.8467
MAPRE3	TBC1D22A	3	0.0226	0.8554
CTNNA1	CCDC12	3	0.0479	0.8332
LMNA	CCDC12	3	0.1122	0.7802
ACTB	PPP1R13L	3	0.3053	0.6302
CTNNA1	PPP1R13L	3	0.1365	0.7632
KRT8	PPP1R13L	3	0.3550	0.5509
LMNA	PPP1R13L	3	0.1042	0.7860
MAPRE3	PPP1R13L	3	0.3039	0.6316
ACTB	FAM172A	3	0.0171	0.8590
CTNNA1	FAM172A	3	0.0000	0.8752
KRT8	FAM172A	3	0.0078	0.8654
LMNA	FAM172A	3	0.0252	0.8535
ACTB	TMEM263	3	0.3935	0.4738
CTNNA1	TMEM263	3	0.3194	0.6113
KRT8	TMEM263	3	0.3676	0.5247
LMNA	TMEM263	3	0.3363	0.5839
MAPRE3	TMEM263	3	0.2546	0.6795
ACTB	HDAC7	3	0.0662	0.8160
CTNNA1	HDAC7	3	0.0010	0.8728
KRT8	HDAC7	3	0.0852	0.8003
LMNA	HDAC7	3	0.0116	0.8628
MAPRE3	HDAC7	3	0.0045	0.8683
ACTB	PTPMT1	3	0.1760	0.7360
CTNNA1	PTPMT1	3	0.1026	0.7874
KRT8	PTPMT1	3	0.5425	0.2503
LMNA	PTPMT1	3	0.1383	0.7621
MAPRE3	PTPMT1	3	0.0839	0.8013
ACTB	NUP133	3	0.2086	0.7144
CTNNA1	NUP133	3	0.0888	0.7974
KRT8	NUP133	3	0.2693	0.6670
LMNA	NUP133	3	0.4157	0.4373
MAPRE3	NUP133	3	0.1375	0.7625
ACTB	PDCD6IP	3	0.0768	0.8069
CTNNA1	PDCD6IP	3	0.0467	0.8344
KRT8	PDCD6IP	3	0.0848	0.8007
LMNA	PDCD6IP	3	0.0545	0.8269
MAPRE3	PDCD6IP	3	0.0413	0.8395
ACTB	FBLIM1	3	0.3335	0.5885
CTNNA1	FBLIM1	3	0.1315	0.7666
KRT8	FBLIM1	3	0.2043	0.7173
LMNA	FBLIM1	3	0.1445	0.7579
MAPRE3	FBLIM1	3	0.0738	0.8095
ACTB	CACTIN	3	0.1419	0.7597
KRT8	CACTIN	3	0.2336	0.6963
LMNA	CACTIN	3	0.2740	0.6627
MAPRE3	CACTIN	3	0.0615	0.8202
ACTB	C15orf40	3	0.1149	0.7782
CTNNA1	C15orf40	3	0.0218	0.8559
KRT8	C15orf40	3	0.2354	0.6946
LMNA	C15orf40	3	0.0362	0.8446
MAPRE3	C15orf40	3	0.0241	0.8543
ACTB	BRK1	3	0.1683	0.7411
CTNNA1	BRK1	3	0.0229	0.8552
KRT8	BRK1	3	0.1689	0.7407
LMNA	BRK1	3	0.1307	0.7671
MAPRE3	BRK1	3	0.0624	0.8194
ACTB	SLC38A5	3	0.2909	0.6459
KRT8	SLC38A5	3	0.3648	0.5323
LMNA	SLC38A5	3	0.2368	0.6935
MAPRE3	SLC38A5	3	0.2061	0.7161
ACTB	CHMP7	3	0.1974	0.7215
CTNNA1	CHMP7	3	0.0564	0.8249
KRT8	CHMP7	3	0.2269	0.7011
LMNA	CHMP7	3	0.0588	0.8227
MAPRE3	CHMP7	3	0.1036	0.7866
ACTB	THEM6	3	0.1722	0.7386
CTNNA1	THEM6	3	0.0288	0.8508
KRT8	THEM6	3	0.2310	0.6983
LMNA	THEM6	3	0.3357	0.5848
MAPRE3	THEM6	3	0.1193	0.7747
ACTB	PRUNE2	3	0.3203	0.6099
CTNNA1	PRUNE2	3	0.1779	0.7345
KRT8	PRUNE2	3	0.3359	0.5846
LMNA	PRUNE2	3	0.1787	0.7340
MAPRE3	PRUNE2	3	0.2651	0.6706
ACTB	BCL7C	3	0.1153	0.7779
CTNNA1	BCL7C	3	0.0338	0.8466
KRT8	BCL7C	3	0.1036	0.7866
LMNA	BCL7C	3	0.0829	0.8022
MAPRE3	BCL7C	3	0.0373	0.8437
ACTB	SNX33	3	0.0363	0.8446
CTNNA1	SNX33	3	0.0011	0.8726
KRT8	SNX33	3	0.0694	0.8133
MAPRE3	SNX33	3	0.0067	0.8663
ACTB	CHTF18	3	0.1207	0.7737
CTNNA1	CHTF18	3	0.0148	0.8606
KRT8	CHTF18	3	0.2364	0.6939
LMNA	CHTF18	3	0.1874	0.7282
MAPRE3	CHTF18	3	0.0516	0.8295
ACTB	LEO1	3	0.0066	0.8664
CTNNA1	LEO1	3	0.0028	0.8702
KRT8	LEO1	3	0.0084	0.8649
LMNA	LEO1	3	0.0268	0.8523
MAPRE3	LEO1	3	0.0045	0.8683
ACTB	NUDCD2	3	0.2893	0.6475
CTNNA1	NUDCD2	3	0.0626	0.8192
KRT8	NUDCD2	3	0.2515	0.6822
LMNA	NUDCD2	3	0.1216	0.7732
MAPRE3	NUDCD2	3	0.0767	0.8071
ACTB	TFB1M	3	0.1457	0.7571
CTNNA1	TFB1M	3	0.0333	0.8471
KRT8	TFB1M	3	0.1945	0.7236
LMNA	TFB1M	3	0.1076	0.7834
MAPRE3	TFB1M	3	0.0426	0.8382
ACTB	STAG1	3	0.2334	0.6964
CTNNA1	STAG1	3	0.0439	0.8371
KRT8	STAG1	3	0.2487	0.6846
LMNA	STAG1	3	0.2577	0.6768
MAPRE3	STAG1	3	0.1004	0.7889
ACTB	SCFD1	3	0.2233	0.7039
CTNNA1	SCFD1	3	0.0485	0.8325
KRT8	SCFD1	3	0.2182	0.7075
LMNA	SCFD1	3	0.2506	0.6831
MAPRE3	SCFD1	3	0.0838	0.8014
ACTB	DYNC2I1	3	0.0549	0.8265
KRT8	DYNC2I1	3	0.0415	0.8393
MAPRE3	DYNC2I1	3	0.0008	0.8732
ACTB	TRAPPC12	3	0.0376	0.8434
CTNNA1	TRAPPC12	3	0.0004	0.8740
KRT8	TRAPPC12	3	0.0558	0.8255
LMNA	TRAPPC12	3	0.0001	0.8748
MAPRE3	TRAPPC12	3	0.0065	0.8665
ACTB	POF1B	3	0.1422	0.7595
CTNNA1	POF1B	3	0.0225	0.8554
KRT8	POF1B	3	0.0138	0.8613
LMNA	POF1B	3	0.0920	0.7952
MAPRE3	POF1B	3	0.0276	0.8518
ACTB	HNRNPLL	3	0.1108	0.7812
CTNNA1	HNRNPLL	3	0.0463	0.8348
KRT8	HNRNPLL	3	0.1515	0.7529
LMNA	HNRNPLL	3	0.0980	0.7906
MAPRE3	HNRNPLL	3	0.0282	0.8514
ACTB	FAR1	3	0.1608	0.7463
CTNNA1	FAR1	3	0.0453	0.8357
KRT8	FAR1	3	0.3207	0.6091
LMNA	FAR1	3	0.1341	0.7648
MAPRE3	FAR1	3	0.0972	0.7913
ACTB	UBLCP1	3	0.2253	0.7023
CTNNA1	UBLCP1	3	0.0669	0.8154
KRT8	UBLCP1	3	0.2226	0.7044
LMNA	UBLCP1	3	0.2381	0.6928
MAPRE3	UBLCP1	3	0.1282	0.7688
ACTB	KBTBD7	3	0.0197	0.8573
KRT8	KBTBD7	3	0.0233	0.8550
LMNA	KBTBD7	3	0.0639	0.8180
MAPRE3	KBTBD7	3	0.0006	0.8736
ACTB	TSEN15	3	0.0743	0.8092
CTNNA1	TSEN15	3	0.0752	0.8083
KRT8	TSEN15	3	0.1289	0.7684
LMNA	TSEN15	3	0.1109	0.7811
MAPRE3	TSEN15	3	0.0345	0.8461
ACTB	PCNP	3	0.1465	0.7565
CTNNA1	PCNP	3	0.0562	0.8252
KRT8	PCNP	3	0.1113	0.7808
LMNA	PCNP	3	0.3416	0.5750
MAPRE3	PCNP	3	0.1332	0.7655
ACTB	MAIP1	3	0.2221	0.7048
CTNNA1	MAIP1	3	0.0691	0.8135
KRT8	MAIP1	3	0.3457	0.5662
LMNA	MAIP1	3	0.2389	0.6924
MAPRE3	MAIP1	3	0.1228	0.7724
ACTB	LMO7	3	0.3918	0.4763
CTNNA1	LMO7	3	0.1155	0.7777
KRT8	LMO7	3	0.2285	0.7002
LMNA	LMO7	3	0.1066	0.7842
MAPRE3	LMO7	3	0.1836	0.7304
ACTB	CKAP2	3	0.1676	0.7416
CTNNA1	CKAP2	3	0.0866	0.7993
KRT8	CKAP2	3	0.2366	0.6938
LMNA	CKAP2	3	0.1083	0.7830
MAPRE3	CKAP2	3	0.6354	0.1804
ACTB	ATXN2L	3	0.2670	0.6690
CTNNA1	ATXN2L	3	0.0796	0.8048
KRT8	ATXN2L	3	0.2531	0.6809
LMNA	ATXN2L	3	0.0710	0.8119
MAPRE3	ATXN2L	3	0.2125	0.7116
ACTB	ARAP3	3	0.2845	0.6521
CTNNA1	ARAP3	3	0.1223	0.7727
KRT8	ARAP3	3	0.3220	0.6071
LMNA	ARAP3	3	0.1467	0.7563
MAPRE3	ARAP3	3	0.2159	0.7092
ACTB	PHIP	3	0.1730	0.7381
CTNNA1	PHIP	3	0.0338	0.8466
KRT8	PHIP	3	0.1970	0.7218
LMNA	PHIP	3	0.2810	0.6556
MAPRE3	PHIP	3	0.0971	0.7914
ACTB	RASSF5	3	0.0448	0.8362
KRT8	RASSF5	3	0.0180	0.8583
MAPRE3	RASSF5	3	0.0022	0.8710
ACTB	PRPF31	3	0.0600	0.8217
CTNNA1	PRPF31	3	0.0171	0.8590
KRT8	PRPF31	3	0.0907	0.7961
LMNA	PRPF31	3	0.2119	0.7120
MAPRE3	PRPF31	3	0.0746	0.8089
ACTB	NELFB	3	0.1445	0.7579
CTNNA1	NELFB	3	0.0220	0.8557
KRT8	NELFB	3	0.1746	0.7372
LMNA	NELFB	3	0.2222	0.7047
MAPRE3	NELFB	3	0.0793	0.8051
ACTB	PALLD	3	0.4989	0.2996
CTNNA1	PALLD	3	0.0475	0.8337
KRT8	PALLD	3	0.1596	0.7473
LMNA	PALLD	3	0.0544	0.8270
MAPRE3	PALLD	3	0.0504	0.8307
ACTB	RUFY2	3	0.0481	0.8330
KRT8	RUFY2	3	0.0762	0.8074
LMNA	RUFY2	3	0.0174	0.8588
MAPRE3	RUFY2	3	0.0010	0.8728
ACTB	SREK1	3	0.0825	0.8024
CTNNA1	SREK1	3	0.0378	0.8432
KRT8	SREK1	3	0.1275	0.7692
LMNA	SREK1	3	0.0838	0.8014
MAPRE3	SREK1	3	0.0112	0.8630
ACTB	CASKIN2	3	0.0623	0.8195
CTNNA1	CASKIN2	3	0.0016	0.8718
KRT8	CASKIN2	3	0.0441	0.8369
LMNA	CASKIN2	3	0.0024	0.8706
MAPRE3	CASKIN2	3	0.0035	0.8694
ACTB	ATRIP	3	0.1201	0.7742
CTNNA1	ATRIP	3	0.0058	0.8671
KRT8	ATRIP	3	0.0908	0.7960
LMNA	ATRIP	3	0.2174	0.7081
MAPRE3	ATRIP	3	0.0229	0.8552
ACTB	PSPC1	3	0.1341	0.7648
CTNNA1	PSPC1	3	0.0140	0.8611
KRT8	PSPC1	3	0.1801	0.7328
LMNA	PSPC1	3	0.2464	0.6863
MAPRE3	PSPC1	3	0.1032	0.7868
ACTB	MADD	3	0.3355	0.5854
CTNNA1	MADD	3	0.1340	0.7649
KRT8	MADD	3	0.3471	0.5644
LMNA	MADD	3	0.1162	0.7770
MAPRE3	MADD	3	0.2559	0.6782
ACTB	SYNE2	3	0.0395	0.8413
CTNNA1	SYNE2	3	0.0030	0.8700
KRT8	SYNE2	3	0.0447	0.8363
LMNA	SYNE2	3	0.1017	0.7880
MAPRE3	SYNE2	3	0.0052	0.8677
ACTB	GATAD2B	3	0.2124	0.7117
CTNNA1	GATAD2B	3	0.0402	0.8406
KRT8	GATAD2B	3	0.1819	0.7316
LMNA	GATAD2B	3	0.2459	0.6867
MAPRE3	GATAD2B	3	0.1228	0.7724
ACTB	PIBF1	3	0.0520	0.8291
CTNNA1	PIBF1	3	0.0036	0.8693
KRT8	PIBF1	3	0.1260	0.7701
LMNA	PIBF1	3	0.0129	0.8619
MAPRE3	PIBF1	3	0.0186	0.8579
ACTB	DNAJC9	3	0.2268	0.7012
CTNNA1	DNAJC9	3	0.0579	0.8235
KRT8	DNAJC9	3	0.2646	0.6711
LMNA	DNAJC9	3	0.2643	0.6713
MAPRE3	DNAJC9	3	0.1365	0.7632
ACTB	BBX	3	0.1481	0.7554
CTNNA1	BBX	3	0.0388	0.8422
KRT8	BBX	3	0.1484	0.7551
LMNA	BBX	3	0.2724	0.6640
MAPRE3	BBX	3	0.1135	0.7791
LMNA	THAP4	3	0.0852	0.8003
ACTB	IFT81	3	0.0630	0.8189
CTNNA1	IFT81	3	0.0722	0.8109
KRT8	IFT81	3	0.1372	0.7627
LMNA	IFT81	3	0.1804	0.7327
MAPRE3	IFT81	3	0.0490	0.8320
ACTB	JDP2	3	0.0000	0.8752
LMNA	JDP2	3	0.0255	0.8533
ACTB	SSH1	3	0.0953	0.7927
CTNNA1	SSH1	3	0.0007	0.8734
KRT8	SSH1	3	0.0552	0.8262
MAPRE3	SSH1	3	0.0059	0.8671
ACTB	AHCTF1	3	0.1239	0.7716
CTNNA1	AHCTF1	3	0.0769	0.8068
KRT8	AHCTF1	3	0.1520	0.7524
LMNA	AHCTF1	3	0.4857	0.3195
MAPRE3	AHCTF1	3	0.1103	0.7816
ACTB	DGCR8	3	0.1353	0.7640
CTNNA1	DGCR8	3	0.0098	0.8639
KRT8	DGCR8	3	0.1243	0.7713
LMNA	DGCR8	3	0.1771	0.7352
MAPRE3	DGCR8	3	0.1017	0.7880
ACTB	ZCCHC14	3	0.0392	0.8417
KRT8	ZCCHC14	3	0.0920	0.7952
MAPRE3	ZCCHC14	3	0.0364	0.8445
ACTB	ARAP2	3	0.0467	0.8344
CTNNA1	ARAP2	3	0.0044	0.8684
KRT8	ARAP2	3	0.0656	0.8165
MAPRE3	ARAP2	3	0.0086	0.8647
ACTB	CTTNBP2	3	0.0893	0.7970
KRT8	CTTNBP2	3	0.0823	0.8026
MAPRE3	CTTNBP2	3	0.1206	0.7739
ACTB	OVCA2	3	0.0857	0.8000
CTNNA1	OVCA2	3	0.0170	0.8591
KRT8	OVCA2	3	0.1375	0.7625
LMNA	OVCA2	3	0.1018	0.7880
MAPRE3	OVCA2	3	0.0330	0.8473
ACTB	LZIC	3	0.0563	0.8250
CTNNA1	LZIC	3	0.0001	0.8748
KRT8	LZIC	3	0.0523	0.8289
LMNA	LZIC	3	0.0220	0.8557
MAPRE3	LZIC	3	0.0081	0.8652
ACTB	DDB2	3	0.2038	0.7176
CTNNA1	DDB2	3	0.0292	0.8505
KRT8	DDB2	3	0.2099	0.7135
LMNA	DDB2	3	0.2768	0.6606
MAPRE3	DDB2	3	0.0899	0.7967
ACTB	TFAP2B	3	0.0817	0.8031
CTNNA1	TFAP2B	3	0.0593	0.8223
KRT8	TFAP2B	3	0.0606	0.8211
LMNA	TFAP2B	3	0.0458	0.8352
MAPRE3	TFAP2B	3	0.0560	0.8253
ACTB	DDX1	3	0.2923	0.6444
CTNNA1	DDX1	3	0.0771	0.8066
KRT8	DDX1	3	0.2427	0.6891
LMNA	DDX1	3	0.1927	0.7248
MAPRE3	DDX1	3	0.1500	0.7539
ACTB	HSD17B8	3	0.0418	0.8390
CTNNA1	HSD17B8	3	0.0645	0.8175
KRT8	HSD17B8	3	0.0557	0.8257
LMNA	HSD17B8	3	0.1406	0.7605
MAPRE3	HSD17B8	3	0.0177	0.8585
ACTB	PIEZO1	3	0.0785	0.8056
KRT8	PIEZO1	3	0.0635	0.8183
LMNA	PIEZO1	3	0.0201	0.8570
MAPRE3	PIEZO1	3	0.0125	0.8621
ACTB	H1-10	3	0.1405	0.7606
CTNNA1	H1-10	3	0.0744	0.8091
KRT8	H1-10	3	0.1930	0.7246
LMNA	H1-10	3	0.1303	0.7674
MAPRE3	H1-10	3	0.0547	0.8267
ACTB	PSMF1	3	0.1230	0.7722
CTNNA1	PSMF1	3	0.0679	0.8145
KRT8	PSMF1	3	0.3182	0.6135
LMNA	PSMF1	3	0.2175	0.7080
MAPRE3	PSMF1	3	0.0351	0.8455
ACTB	GBF1	3	0.2762	0.6610
CTNNA1	GBF1	3	0.0868	0.7991
KRT8	GBF1	3	0.3043	0.6310
LMNA	GBF1	3	0.1756	0.7363
MAPRE3	GBF1	3	0.1673	0.7418
ACTB	SMG7	3	0.2358	0.6943
CTNNA1	SMG7	3	0.0496	0.8314
KRT8	SMG7	3	0.3331	0.5912
LMNA	SMG7	3	0.1223	0.7727
MAPRE3	SMG7	3	0.1381	0.7622
ACTB	RTF1	3	0.2100	0.7133
CTNNA1	RTF1	3	0.0683	0.8142
KRT8	RTF1	3	0.1931	0.7246
LMNA	RTF1	3	0.3258	0.6024
MAPRE3	RTF1	3	0.1968	0.7220
ACTB	SNX19	3	0.0456	0.8355
KRT8	SNX19	3	0.0810	0.8037
MAPRE3	SNX19	3	0.0025	0.8705
ACTB	TMEM131	3	0.2615	0.6736
CTNNA1	TMEM131	3	0.1011	0.7884
KRT8	TMEM131	3	0.3161	0.6158
LMNA	TMEM131	3	0.2272	0.7009
MAPRE3	TMEM131	3	0.4182	0.4315
ACTB	RGP1	3	0.2486	0.6847
CTNNA1	RGP1	3	0.0335	0.8469
KRT8	RGP1	3	0.3147	0.6182
LMNA	RGP1	3	0.2277	0.7006
MAPRE3	RGP1	3	0.1203	0.7740
ACTB	TOPBP1	3	0.2082	0.7146
CTNNA1	TOPBP1	3	0.0936	0.7941
KRT8	TOPBP1	3	0.2161	0.7091
LMNA	TOPBP1	3	0.3821	0.4990
MAPRE3	TOPBP1	3	0.1921	0.7252
ACTB	IP6K1	3	0.2319	0.6977
CTNNA1	IP6K1	3	0.0331	0.8472
KRT8	IP6K1	3	0.2511	0.6827
LMNA	IP6K1	3	0.2104	0.7130
MAPRE3	IP6K1	3	0.0900	0.7966
ACTB	MRPS27	3	0.1584	0.7480
CTNNA1	MRPS27	3	0.0393	0.8416
KRT8	MRPS27	3	0.2161	0.7091
LMNA	MRPS27	3	0.1277	0.7691
MAPRE3	MRPS27	3	0.0577	0.8237
ACTB	BAP1	3	0.0077	0.8655
KRT8	BAP1	3	0.0198	0.8572
LMNA	BAP1	3	0.0127	0.8620
MAPRE3	BAP1	3	0.0005	0.8738
ACTB	FAM168A	3	0.0632	0.8186
CTNNA1	FAM168A	3	0.0160	0.8597
KRT8	FAM168A	3	0.2458	0.6868
LMNA	FAM168A	3	0.0923	0.7951
MAPRE3	FAM168A	3	0.0157	0.8599
ACTB	AP3S1	3	0.2865	0.6502
CTNNA1	AP3S1	3	0.0881	0.7981
KRT8	AP3S1	3	0.3046	0.6308
LMNA	AP3S1	3	0.1941	0.7238
MAPRE3	AP3S1	3	0.2065	0.7157
ACTB	TSC1	3	0.2515	0.6822
CTNNA1	TSC1	3	0.1049	0.7855
KRT8	TSC1	3	0.2712	0.6653
LMNA	TSC1	3	0.0863	0.7995
MAPRE3	TSC1	3	0.1760	0.7360
ACTB	UBXN4	3	0.1708	0.7395
CTNNA1	UBXN4	3	0.0381	0.8429
KRT8	UBXN4	3	0.1777	0.7347
LMNA	UBXN4	3	0.2254	0.7022
MAPRE3	UBXN4	3	0.0473	0.8338
ACTB	PHF3	3	0.2131	0.7112
CTNNA1	PHF3	3	0.0554	0.8260
KRT8	PHF3	3	0.2236	0.7036
LMNA	PHF3	3	0.2751	0.6618
MAPRE3	PHF3	3	0.2211	0.7055
ACTB	MAML1	3	0.0831	0.8020
CTNNA1	MAML1	3	0.0044	0.8684
KRT8	MAML1	3	0.1056	0.7850
LMNA	MAML1	3	0.0354	0.8453
MAPRE3	MAML1	3	0.3318	0.5935
ACTB	NDRG1	3	0.1685	0.7410
CTNNA1	NDRG1	3	0.0135	0.8615
KRT8	NDRG1	3	0.1951	0.7231
LMNA	NDRG1	3	0.0793	0.8051
MAPRE3	NDRG1	3	0.0494	0.8317
ACTB	HSPH1	3	0.2354	0.6946
CTNNA1	HSPH1	3	0.0412	0.8396
KRT8	HSPH1	3	0.2630	0.6725
LMNA	HSPH1	3	0.1188	0.7751
MAPRE3	HSPH1	3	0.0729	0.8103
ACTB	CNOT9	3	0.1223	0.7727
CTNNA1	CNOT9	3	0.0139	0.8612
KRT8	CNOT9	3	0.1029	0.7872
LMNA	CNOT9	3	0.0041	0.8688
MAPRE3	CNOT9	3	0.0201	0.8570
ACTB	LPGAT1	3	0.0307	0.8493
KRT8	LPGAT1	3	0.0782	0.8058
LMNA	LPGAT1	3	0.0463	0.8348
MAPRE3	LPGAT1	3	0.0430	0.8378
ACTB	DOCK2	3	0.0501	0.8309
CTNNA1	DOCK2	3	0.0003	0.8743
KRT8	DOCK2	3	0.0747	0.8088
MAPRE3	DOCK2	3	0.0057	0.8672
ACTB	TBC1D5	3	0.2771	0.6602
CTNNA1	TBC1D5	3	0.0679	0.8145
KRT8	TBC1D5	3	0.2897	0.6470
LMNA	TBC1D5	3	0.1493	0.7543
MAPRE3	TBC1D5	3	0.1988	0.7205
ACTB	ZNF592	3	0.1309	0.7670
CTNNA1	ZNF592	3	0.0002	0.8745
KRT8	ZNF592	3	0.0810	0.8037
LMNA	ZNF592	3	0.1876	0.7281
MAPRE3	ZNF592	3	0.0737	0.8096
ACTB	JADE3	3	0.2074	0.7151
KRT8	JADE3	3	0.2929	0.6437
LMNA	JADE3	3	0.3405	0.5771
MAPRE3	JADE3	3	0.1350	0.7642
ACTB	MYO18A	3	0.0924	0.7950
CTNNA1	MYO18A	3	0.0030	0.8700
KRT8	MYO18A	3	0.0443	0.8367
LMNA	MYO18A	3	0.0027	0.8703
MAPRE3	MYO18A	3	0.0067	0.8663
ACTB	LARP4B	3	0.2123	0.7117
CTNNA1	LARP4B	3	0.0711	0.8118
KRT8	LARP4B	3	0.2352	0.6948
LMNA	LARP4B	3	0.0606	0.8211
MAPRE3	LARP4B	3	0.2169	0.7084
ACTB	GCN1	3	0.3040	0.6315
CTNNA1	GCN1	3	0.1131	0.7794
KRT8	GCN1	3	0.3261	0.6020
LMNA	GCN1	3	0.1918	0.7254
MAPRE3	GCN1	3	0.2287	0.7000
ACTB	ARHGAP45	3	0.0536	0.8277
CTNNA1	ARHGAP45	3	0.0002	0.8745
KRT8	ARHGAP45	3	0.0521	0.8291
LMNA	ARHGAP45	3	0.0019	0.8714
MAPRE3	ARHGAP45	3	0.0129	0.8619
ACTB	DHX38	3	0.1781	0.7344
CTNNA1	DHX38	3	0.0549	0.8265
KRT8	DHX38	3	0.1743	0.7374
LMNA	DHX38	3	0.2896	0.6471
MAPRE3	DHX38	3	0.1420	0.7596
ACTB	NUP205	3	0.2138	0.7108
CTNNA1	NUP205	3	0.0770	0.8067
KRT8	NUP205	3	0.3669	0.5263
LMNA	NUP205	3	0.2669	0.6691
MAPRE3	NUP205	3	0.1627	0.7449
ACTB	ANKS1A	3	0.0662	0.8160
CTNNA1	ANKS1A	3	0.0027	0.8703
KRT8	ANKS1A	3	0.0901	0.7965
LMNA	ANKS1A	3	0.0077	0.8655
MAPRE3	ANKS1A	3	0.0104	0.8635
ACTB	PXDN	3	0.0429	0.8379
CTNNA1	PXDN	3	0.0069	0.8662
KRT8	PXDN	3	0.0790	0.8053
LMNA	PXDN	3	0.0104	0.8635
MAPRE3	PXDN	3	0.0013	0.8724
ACTB	KIAA0232	3	0.0772	0.8066
CTNNA1	KIAA0232	3	0.0059	0.8671
KRT8	KIAA0232	3	0.1213	0.7733
MAPRE3	KIAA0232	3	0.0180	0.8583
ACTB	PIGK	3	0.2203	0.7061
CTNNA1	PIGK	3	0.0473	0.8338
KRT8	PIGK	3	0.3226	0.6061
LMNA	PIGK	3	0.2341	0.6957
MAPRE3	PIGK	3	0.1160	0.7772
ACTB	MRPS31	3	0.1029	0.7872
CTNNA1	MRPS31	3	0.0287	0.8509
KRT8	MRPS31	3	0.9278	0.0074
LMNA	MRPS31	3	0.1312	0.7668
MAPRE3	MRPS31	3	0.0523	0.8289
ACTB	AKAP1	3	0.2263	0.7016
CTNNA1	AKAP1	3	0.0638	0.8181
KRT8	AKAP1	3	0.1886	0.7274
LMNA	AKAP1	3	0.0529	0.8284
MAPRE3	AKAP1	3	0.1346	0.7644
ACTB	ALG3	3	0.2972	0.6390
CTNNA1	ALG3	3	0.0384	0.8426
KRT8	ALG3	3	0.3514	0.5566
LMNA	ALG3	3	0.2810	0.6556
MAPRE3	ALG3	3	0.2330	0.6967
ACTB	ANP32B	3	0.1187	0.7752
CTNNA1	ANP32B	3	0.0365	0.8444
KRT8	ANP32B	3	0.1697	0.7402
LMNA	ANP32B	3	0.0995	0.7895
MAPRE3	ANP32B	3	0.0781	0.8059
ACTB	NECTIN2	3	0.0245	0.8541
CTNNA1	NECTIN2	3	0.0140	0.8611
KRT8	NECTIN2	3	0.0333	0.8471
LMNA	NECTIN2	3	0.0079	0.8653
MAPRE3	NECTIN2	3	0.0022	0.8710
CTNNA1	RAD54L	3	0.0005	0.8738
KRT8	RAD54L	3	0.0175	0.8587
LMNA	RAD54L	3	0.0329	0.8474
MAPRE3	RAD54L	3	0.0035	0.8694
ACTB	PRCC	3	0.2270	0.7011
KRT8	PRCC	3	0.2029	0.7182
LMNA	PRCC	3	0.3539	0.5524
MAPRE3	PRCC	3	0.2058	0.7163
ACTB	TFG	3	0.2462	0.6865
CTNNA1	TFG	3	0.0564	0.8249
KRT8	TFG	3	0.2432	0.6887
LMNA	TFG	3	0.1248	0.7710
MAPRE3	TFG	3	0.1464	0.7566
ACTB	USP6NL	3	0.0641	0.8178
CTNNA1	USP6NL	3	0.0107	0.8633
KRT8	USP6NL	3	0.0707	0.8121
LMNA	USP6NL	3	0.0008	0.8732
MAPRE3	USP6NL	3	0.0024	0.8706
ACTB	ARPC1A	3	0.1020	0.7878
CTNNA1	ARPC1A	3	0.0448	0.8362
KRT8	ARPC1A	3	0.0853	0.8002
LMNA	ARPC1A	3	0.0670	0.8153
MAPRE3	ARPC1A	3	0.0403	0.8405
ACTB	GTF2H4	3	0.0092	0.8643
KRT8	GTF2H4	3	0.1064	0.7843
LMNA	GTF2H4	3	0.0392	0.8417
MAPRE3	GTF2H4	3	0.0124	0.8622
ACTB	KRT35	3	0.1357	0.7638
CTNNA1	KRT35	3	0.0611	0.8206
KRT8	KRT35	3	0.5641	0.2333
LMNA	KRT35	3	0.0786	0.8055
MAPRE3	KRT35	3	0.0927	0.7947
ACTB	RREB1	3	0.0003	0.8743
KRT8	RREB1	3	0.0025	0.8705
LMNA	RREB1	3	0.0181	0.8582
MAPRE3	RREB1	3	0.0001	0.8748
ACTB	HDAC2	3	0.1012	0.7884
CTNNA1	HDAC2	3	0.0234	0.8549
KRT8	HDAC2	3	0.1776	0.7348
LMNA	HDAC2	3	0.3070	0.6281
MAPRE3	HDAC2	3	0.0464	0.8347
ACTB	STAM	3	0.2593	0.6755
CTNNA1	STAM	3	0.0882	0.7980
KRT8	STAM	3	0.2916	0.6451
LMNA	STAM	3	0.0963	0.7921
MAPRE3	STAM	3	0.1527	0.7520
ACTB	DPF2	3	0.0254	0.8534
CTNNA1	DPF2	3	0.0130	0.8618
KRT8	DPF2	3	0.0108	0.8633
LMNA	DPF2	3	0.0015	0.8720
MAPRE3	DPF2	3	0.0023	0.8708
ACTB	CREBBP	3	0.2230	0.7041
CTNNA1	CREBBP	3	0.0251	0.8536
KRT8	CREBBP	3	0.2347	0.6952
LMNA	CREBBP	3	0.2575	0.6769
MAPRE3	CREBBP	3	0.0986	0.7902
ACTB	DLG3	3	0.0334	0.8470
CTNNA1	DLG3	3	0.0058	0.8671
KRT8	DLG3	3	0.0463	0.8348
LMNA	DLG3	3	0.0235	0.8548
MAPRE3	DLG3	3	0.0097	0.8639
ACTB	SYMPK	3	0.1738	0.7376
CTNNA1	SYMPK	3	0.0209	0.8565
KRT8	SYMPK	3	0.1142	0.7787
LMNA	SYMPK	3	0.2330	0.6967
MAPRE3	SYMPK	3	0.1131	0.7794
ACTB	N4BP2L2	3	0.0311	0.8490
CTNNA1	N4BP2L2	3	0.0006	0.8736
KRT8	N4BP2L2	3	0.0492	0.8318
LMNA	N4BP2L2	3	0.0315	0.8486
MAPRE3	N4BP2L2	3	0.0011	0.8726
ACTB	TAF15	3	0.0838	0.8014
CTNNA1	TAF15	3	0.0239	0.8545
KRT8	TAF15	3	0.0481	0.8330
LMNA	TAF15	3	0.1719	0.7388
MAPRE3	TAF15	3	0.0510	0.8301
ACTB	GOLGA1	3	0.2471	0.6857
CTNNA1	GOLGA1	3	0.2873	0.6494
KRT8	GOLGA1	3	0.1325	0.7660
MAPRE3	GOLGA1	3	0.1590	0.7477
ACTB	EVPL	3	0.0594	0.8222
CTNNA1	EVPL	3	0.0059	0.8671
KRT8	EVPL	3	0.0858	0.7999
LMNA	EVPL	3	0.0063	0.8666
MAPRE3	EVPL	3	0.0186	0.8579
ACTB	GGH	3	0.0535	0.8278
CTNNA1	GGH	3	0.0267	0.8524
KRT8	GGH	3	0.1163	0.7769
LMNA	GGH	3	0.1279	0.7690
MAPRE3	GGH	3	0.0422	0.8386
ACTB	CORO2A	3	0.1869	0.7287
CTNNA1	CORO2A	3	0.0153	0.8602
KRT8	CORO2A	3	0.0624	0.8194
LMNA	CORO2A	3	0.0230	0.8551
MAPRE3	CORO2A	3	0.0079	0.8653
ACTB	DDX17	3	0.1466	0.7564
CTNNA1	DDX17	3	0.0179	0.8584
KRT8	DDX17	3	0.1178	0.7757
LMNA	DDX17	3	0.1576	0.7486
MAPRE3	DDX17	3	0.0345	0.8461
ACTB	TANK	3	0.2903	0.6465
CTNNA1	TANK	3	0.1361	0.7635
KRT8	TANK	3	0.3193	0.6114
LMNA	TANK	3	0.1550	0.7503
MAPRE3	TANK	3	0.2232	0.7039
ACTB	APBB2	3	0.0192	0.8576
CTNNA1	APBB2	3	0.0003	0.8743
KRT8	APBB2	3	0.0326	0.8477
LMNA	APBB2	3	0.0020	0.8713
MAPRE3	APBB2	3	0.0008	0.8732
ACTB	RAD50	3	0.2456	0.6870
CTNNA1	RAD50	3	0.0655	0.8166
KRT8	RAD50	3	0.3277	0.5990
LMNA	RAD50	3	0.2095	0.7139
MAPRE3	RAD50	3	0.1482	0.7552
ACTB	CELF1	3	0.2164	0.7089
CTNNA1	CELF1	3	0.2045	0.7172
KRT8	CELF1	3	0.2335	0.6963
LMNA	CELF1	3	0.2734	0.6632
MAPRE3	CELF1	3	0.1993	0.7203
ACTB	ARHGEF1	3	0.2347	0.6952
CTNNA1	ARHGEF1	3	0.0628	0.8190
KRT8	ARHGEF1	3	0.3250	0.6035
LMNA	ARHGEF1	3	0.1476	0.7557
MAPRE3	ARHGEF1	3	0.1293	0.7682
ACTB	ERCC4	3	0.0107	0.8633
KRT8	ERCC4	3	0.0043	0.8685
LMNA	ERCC4	3	0.0709	0.8120
MAPRE3	ERCC4	3	0.0018	0.8715
ACTB	UFD1	3	0.0571	0.8241
KRT8	UFD1	3	0.0878	0.7983
LMNA	UFD1	3	0.0317	0.8484
MAPRE3	UFD1	3	0.0071	0.8660
ACTB	UPF1	3	0.2996	0.6366
CTNNA1	UPF1	3	0.1610	0.7461
KRT8	UPF1	3	0.3124	0.6218
LMNA	UPF1	3	0.1326	0.7659
MAPRE3	UPF1	3	0.2588	0.6759
ACTB	HPS1	3	0.1140	0.7788
CTNNA1	HPS1	3	0.0151	0.8604
KRT8	HPS1	3	0.0985	0.7903
LMNA	HPS1	3	0.0759	0.8076
MAPRE3	HPS1	3	0.0382	0.8428
ACTB	COPS5	3	0.1385	0.7620
CTNNA1	COPS5	3	0.0383	0.8427
KRT8	COPS5	3	0.1690	0.7406
LMNA	COPS5	3	0.1282	0.7688
MAPRE3	COPS5	3	0.0255	0.8533
ACTB	GATA6	3	0.1307	0.7671
CTNNA1	GATA6	3	0.0614	0.8203
KRT8	GATA6	3	0.0633	0.8185
LMNA	GATA6	3	0.3113	0.6232
MAPRE3	GATA6	3	0.0570	0.8242
ACTB	GPKOW	3	0.1204	0.7740
CTNNA1	GPKOW	3	0.0467	0.8344
KRT8	GPKOW	3	0.1282	0.7688
LMNA	GPKOW	3	0.2969	0.6394
MAPRE3	GPKOW	3	0.0765	0.8072
ACTB	SMARCC1	3	0.1562	0.7495
CTNNA1	SMARCC1	3	0.0248	0.8539
KRT8	SMARCC1	3	0.1151	0.7781
LMNA	SMARCC1	3	0.1906	0.7261
MAPRE3	SMARCC1	3	0.0242	0.8543
ACTB	KHSRP	3	0.1020	0.7878
CTNNA1	KHSRP	3	0.0178	0.8584
KRT8	KHSRP	3	0.0803	0.8043
LMNA	KHSRP	3	0.1343	0.7647
MAPRE3	KHSRP	3	0.0198	0.8572
ACTB	GCDH	3	0.1712	0.7393
CTNNA1	GCDH	3	0.0536	0.8277
KRT8	GCDH	3	0.2759	0.6613
LMNA	GCDH	3	0.0748	0.8088
MAPRE3	GCDH	3	0.0563	0.8250
ACTB	PEX13	3	0.0333	0.8471
KRT8	PEX13	3	0.0299	0.8499
LMNA	PEX13	3	0.0044	0.8684
ACTB	TNPO1	3	0.2080	0.7147
CTNNA1	TNPO1	3	0.1045	0.7858
KRT8	TNPO1	3	0.5791	0.2212
LMNA	TNPO1	3	0.1126	0.7798
MAPRE3	TNPO1	3	0.1221	0.7728
ACTB	ARHGEF2	3	0.1230	0.7722
CTNNA1	ARHGEF2	3	0.0412	0.8396
KRT8	ARHGEF2	3	0.1945	0.7236
LMNA	ARHGEF2	3	0.0370	0.8440
MAPRE3	ARHGEF2	3	0.3421	0.5741
ACTB	EMG1	3	0.1675	0.7417
CTNNA1	EMG1	3	0.0434	0.8374
KRT8	EMG1	3	0.2048	0.7170
LMNA	EMG1	3	0.1896	0.7268
MAPRE3	EMG1	3	0.1092	0.7823
ACTB	CLP1	3	0.1144	0.7785
CTNNA1	CLP1	3	0.0129	0.8619
KRT8	CLP1	3	0.2218	0.7050
LMNA	CLP1	3	0.1569	0.7490
MAPRE3	CLP1	3	0.0542	0.8272
ACTB	GLMN	3	0.2047	0.7171
CTNNA1	GLMN	3	0.0631	0.8188
KRT8	GLMN	3	0.3700	0.5199
LMNA	GLMN	3	0.1420	0.7596
MAPRE3	GLMN	3	0.0960	0.7922
ACTB	KAT5	3	0.0143	0.8609
KRT8	KAT5	3	0.0370	0.8440
LMNA	KAT5	3	0.0218	0.8559
MAPRE3	KAT5	3	0.0016	0.8718
ACTB	USP13	3	0.0473	0.8338
KRT8	USP13	3	0.0950	0.7930
LMNA	USP13	3	0.0150	0.8605
ACTB	DVL3	3	0.3769	0.5100
CTNNA1	DVL3	3	0.2136	0.7108
KRT8	DVL3	3	0.3875	0.4878
LMNA	DVL3	3	0.2171	0.7083
MAPRE3	DVL3	3	0.3136	0.6200
ACTB	USP9X	3	0.2420	0.6897
CTNNA1	USP9X	3	0.0901	0.7965
KRT8	USP9X	3	0.3653	0.5309
LMNA	USP9X	3	0.1826	0.7311
MAPRE3	USP9X	3	0.1609	0.7462
ACTB	USP7	3	0.1934	0.7243
CTNNA1	USP7	3	0.0825	0.8024
KRT8	USP7	3	0.1829	0.7309
LMNA	USP7	3	0.3609	0.5397
MAPRE3	USP7	3	0.1559	0.7497
ACTB	NAA80	3	0.2850	0.6518
CTNNA1	NAA80	3	0.0732	0.8100
KRT8	NAA80	3	0.2714	0.6651
LMNA	NAA80	3	0.1343	0.7647
MAPRE3	NAA80	3	0.1504	0.7536
ACTB	LPP	3	0.3206	0.6095
CTNNA1	LPP	3	0.1586	0.7478
KRT8	LPP	3	0.3002	0.6360
LMNA	LPP	3	0.0731	0.8101
MAPRE3	LPP	3	0.1519	0.7526
ACTB	RBPMS	3	0.2704	0.6660
CTNNA1	RBPMS	3	0.0639	0.8180
KRT8	RBPMS	3	0.3235	0.6055
LMNA	RBPMS	3	0.1782	0.7343
MAPRE3	RBPMS	3	0.1318	0.7665
ACTB	SECISBP2L	3	0.2368	0.6935
CTNNA1	SECISBP2L	3	0.2100	0.7133
KRT8	SECISBP2L	3	0.2989	0.6373
LMNA	SECISBP2L	3	0.0579	0.8235
MAPRE3	SECISBP2L	3	0.2256	0.7020
ACTB	MED12	3	0.2103	0.7131
CTNNA1	MED12	3	0.0517	0.8294
KRT8	MED12	3	0.2518	0.6820
LMNA	MED12	3	0.2480	0.6850
MAPRE3	MED12	3	0.1742	0.7374
ACTB	PHKB	3	0.2188	0.7070
CTNNA1	PHKB	3	0.0673	0.8151
KRT8	PHKB	3	0.2963	0.6400
LMNA	PHKB	3	0.2812	0.6555
MAPRE3	PHKB	3	0.1732	0.7379
ACTB	GTF3C6	3	0.1060	0.7846
CTNNA1	GTF3C6	3	0.0054	0.8675
KRT8	GTF3C6	3	0.1059	0.7848
LMNA	GTF3C6	3	0.1047	0.7857
MAPRE3	GTF3C6	3	0.0136	0.8614
ACTB	HPS3	3	0.0661	0.8160
KRT8	HPS3	3	0.1049	0.7855
LMNA	HPS3	3	0.0119	0.8625
MAPRE3	HPS3	3	0.0069	0.8662
ACTB	SMARCE1	3	0.0204	0.8569
KRT8	SMARCE1	3	0.0144	0.8608
LMNA	SMARCE1	3	0.0162	0.8596
MAPRE3	SMARCE1	3	0.0058	0.8671
ACTB	CAVIN3	3	0.2595	0.6753
KRT8	CAVIN3	3	0.1859	0.7291
ACTB	MYDGF	3	0.2567	0.6774
CTNNA1	MYDGF	3	0.0523	0.8289
KRT8	MYDGF	3	0.3561	0.5484
LMNA	MYDGF	3	0.1758	0.7362
MAPRE3	MYDGF	3	0.1732	0.7379
ACTB	ZKSCAN4	3	0.0119	0.8625
KRT8	ZKSCAN4	3	0.0136	0.8614
LMNA	ZKSCAN4	3	0.0836	0.8016
MAPRE3	ZKSCAN4	3	0.0034	0.8695
ACTB	BORCS5	3	0.0359	0.8449
KRT8	BORCS5	3	0.0693	0.8133
ACTB	YIPF5	3	0.1920	0.7253
CTNNA1	YIPF5	3	0.0696	0.8131
KRT8	YIPF5	3	0.2735	0.6632
LMNA	YIPF5	3	0.3825	0.4986
MAPRE3	YIPF5	3	0.1122	0.7802
ACTB	PIGT	3	0.0860	0.7997
KRT8	PIGT	3	0.1007	0.7888
LMNA	PIGT	3	0.0219	0.8558
ACTB	L3MBTL2	3	0.1760	0.7360
CTNNA1	L3MBTL2	3	0.0351	0.8455
KRT8	L3MBTL2	3	0.1799	0.7330
LMNA	L3MBTL2	3	0.2612	0.6739
MAPRE3	L3MBTL2	3	0.1683	0.7411
ACTB	ZNF622	3	0.2352	0.6948
CTNNA1	ZNF622	3	0.0555	0.8259
KRT8	ZNF622	3	0.2858	0.6511
LMNA	ZNF622	3	0.2097	0.7137
MAPRE3	ZNF622	3	0.1507	0.7534
ACTB	GFM2	3	0.1393	0.7614
CTNNA1	GFM2	3	0.0206	0.8567
KRT8	GFM2	3	0.2116	0.7121
LMNA	GFM2	3	0.1383	0.7621
MAPRE3	GFM2	3	0.0524	0.8288
ACTB	PSMG2	3	0.1557	0.7499
CTNNA1	PSMG2	3	0.0260	0.8530
KRT8	PSMG2	3	0.1278	0.7690
LMNA	PSMG2	3	0.0814	0.8034
MAPRE3	PSMG2	3	0.0632	0.8186
ACTB	NCLN	3	0.1813	0.7320
CTNNA1	NCLN	3	0.0280	0.8515
KRT8	NCLN	3	0.2100	0.7133
LMNA	NCLN	3	0.1301	0.7675
MAPRE3	NCLN	3	0.0997	0.7894
ACTB	MRTFA	3	0.4608	0.3668
CTNNA1	MRTFA	3	0.0469	0.8342
KRT8	MRTFA	3	0.1870	0.7286
LMNA	MRTFA	3	0.0679	0.8145
MAPRE3	MRTFA	3	0.0717	0.8113
ACTB	ERGIC1	3	0.2571	0.6772
CTNNA1	ERGIC1	3	0.0258	0.8531
KRT8	ERGIC1	3	0.2643	0.6713
LMNA	ERGIC1	3	0.1749	0.7369
MAPRE3	ERGIC1	3	0.0971	0.7914
ACTB	UTP4	3	0.1640	0.7440
CTNNA1	UTP4	3	0.0155	0.8600
KRT8	UTP4	3	0.1676	0.7416
LMNA	UTP4	3	0.1118	0.7805
MAPRE3	UTP4	3	0.0434	0.8374
ACTB	TBRG4	3	0.1197	0.7745
CTNNA1	TBRG4	3	0.0268	0.8523
KRT8	TBRG4	3	0.2018	0.7188
LMNA	TBRG4	3	0.0698	0.8129
MAPRE3	TBRG4	3	0.0375	0.8435
ACTB	CCDC102A	3	0.3054	0.6302
CTNNA1	CCDC102A	3	0.1300	0.7676
KRT8	CCDC102A	3	0.3795	0.5049
LMNA	CCDC102A	3	0.1788	0.7339
MAPRE3	CCDC102A	3	0.2448	0.6876
ACTB	SLC35C1	3	0.0298	0.8500
KRT8	SLC35C1	3	0.1265	0.7698
LMNA	SLC35C1	3	0.0402	0.8406
ACTB	CCDC47	3	0.2310	0.6983
CTNNA1	CCDC47	3	0.1380	0.7623
KRT8	CCDC47	3	0.2372	0.6932
LMNA	CCDC47	3	0.3490	0.5608
MAPRE3	CCDC47	3	0.1387	0.7619
ACTB	SYAP1	3	0.2809	0.6559
CTNNA1	SYAP1	3	0.1253	0.7706
KRT8	SYAP1	3	0.3040	0.6315
LMNA	SYAP1	3	0.1163	0.7769
MAPRE3	SYAP1	3	0.2145	0.7102
ACTB	EXOC4	3	0.3524	0.5541
CTNNA1	EXOC4	3	0.1361	0.7635
KRT8	EXOC4	3	0.4165	0.4366
LMNA	EXOC4	3	0.2062	0.7159
MAPRE3	EXOC4	3	0.2719	0.6645
ACTB	MAGOHB	3	0.1983	0.7208
CTNNA1	MAGOHB	3	0.0766	0.8071
KRT8	MAGOHB	3	0.2378	0.6930
LMNA	MAGOHB	3	0.3371	0.5828
MAPRE3	MAGOHB	3	0.1416	0.7599
ACTB	KIAA1191	3	0.0444	0.8366
KRT8	KIAA1191	3	0.0811	0.8036
LMNA	KIAA1191	3	0.0022	0.8710
MAPRE3	KIAA1191	3	0.0081	0.8652
ACTB	ISOC2	3	0.0529	0.8284
CTNNA1	ISOC2	3	0.0479	0.8332
KRT8	ISOC2	3	0.0857	0.8000
LMNA	ISOC2	3	0.0392	0.8417
MAPRE3	ISOC2	3	0.0208	0.8566
ACTB	FERMT2	3	0.2780	0.6592
CTNNA1	FERMT2	3	0.1548	0.7505
KRT8	FERMT2	3	0.3049	0.6305
LMNA	FERMT2	3	0.1885	0.7275
MAPRE3	FERMT2	3	0.1755	0.7364
ACTB	FUBP1	3	0.2426	0.6892
CTNNA1	FUBP1	3	0.0370	0.8440
KRT8	FUBP1	3	0.2309	0.6984
LMNA	FUBP1	3	0.2779	0.6594
MAPRE3	FUBP1	3	0.1545	0.7507
ACTB	TTC17	3	0.0821	0.8028
KRT8	TTC17	3	0.1282	0.7688
LMNA	TTC17	3	0.0095	0.8641
MAPRE3	TTC17	3	0.1297	0.7679
ACTB	LRRC59	3	0.1465	0.7565
CTNNA1	LRRC59	3	0.0439	0.8371
KRT8	LRRC59	3	0.1371	0.7628
LMNA	LRRC59	3	0.3848	0.4926
MAPRE3	LRRC59	3	0.0568	0.8245
KRT8	ACD	3	0.0298	0.8500
LMNA	ACD	3	0.0139	0.8612
ACTB	PBXIP1	3	0.1030	0.7871
CTNNA1	PBXIP1	3	0.0396	0.8413
KRT8	PBXIP1	3	0.1432	0.7588
LMNA	PBXIP1	3	0.0783	0.8057
MAPRE3	PBXIP1	3	0.0450	0.8360
ACTB	KIAA1143	3	0.0159	0.8598
KRT8	KIAA1143	3	0.0016	0.8718
LMNA	KIAA1143	3	0.1064	0.7843
MAPRE3	KIAA1143	3	0.0011	0.8726
ACTB	E2F7	3	0.0243	0.8542
KRT8	E2F7	3	0.0221	0.8557
LMNA	E2F7	3	0.0372	0.8438
ACTB	VPS33A	3	0.0591	0.8224
KRT8	VPS33A	3	0.0969	0.7915
LMNA	VPS33A	3	0.0047	0.8681
MAPRE3	VPS33A	3	0.0152	0.8603
ACTB	MIB2	3	0.0291	0.8506
KRT8	MIB2	3	0.1485	0.7549
LMNA	MIB2	3	0.0388	0.8422
MAPRE3	MIB2	3	0.0131	0.8617
ACTB	EME1	3	0.1042	0.7860
CTNNA1	EME1	3	0.0316	0.8485
KRT8	EME1	3	0.0909	0.7959
LMNA	EME1	3	0.2510	0.6828
MAPRE3	EME1	3	0.1290	0.7684
ACTB	FKBP10	3	0.1292	0.7682
CTNNA1	FKBP10	3	0.0111	0.8630
KRT8	FKBP10	3	0.1561	0.7496
LMNA	FKBP10	3	0.1262	0.7700
MAPRE3	FKBP10	3	0.0255	0.8533
ACTB	TTC28	3	0.2724	0.6640
CTNNA1	TTC28	3	0.0984	0.7903
KRT8	TTC28	3	0.3104	0.6245
LMNA	TTC28	3	0.1450	0.7576
MAPRE3	TTC28	3	0.2023	0.7186
ACTB	UBE2W	3	0.0412	0.8396
KRT8	UBE2W	3	0.0500	0.8311
LMNA	UBE2W	3	0.0627	0.8191
ACTB	ARK2N	3	0.0335	0.8469
KRT8	ARK2N	3	0.0249	0.8538
LMNA	ARK2N	3	0.1122	0.7802
ACTB	EXOSC8	3	0.1457	0.7571
KRT8	EXOSC8	3	0.2393	0.6920
LMNA	EXOSC8	3	0.1647	0.7436
MAPRE3	EXOSC8	3	0.0660	0.8161
ACTB	AKT1S1	3	0.1169	0.7764
CTNNA1	AKT1S1	3	0.0182	0.8582
KRT8	AKT1S1	3	0.1827	0.7311
LMNA	AKT1S1	3	0.0489	0.8322
MAPRE3	AKT1S1	3	0.0314	0.8487
ACTB	LDAF1	3	0.2963	0.6400
CTNNA1	LDAF1	3	0.1149	0.7782
KRT8	LDAF1	3	0.2843	0.6524
LMNA	LDAF1	3	0.1589	0.7477
MAPRE3	LDAF1	3	0.1522	0.7523
ACTB	SH3KBP1	3	0.0482	0.8328
CTNNA1	SH3KBP1	3	0.0013	0.8724
KRT8	SH3KBP1	3	0.0203	0.8569
LMNA	SH3KBP1	3	0.0020	0.8713
MAPRE3	SH3KBP1	3	0.0068	0.8662
ACTB	PHF21A	3	0.1346	0.7644
CTNNA1	PHF21A	3	0.0133	0.8616
KRT8	PHF21A	3	0.1082	0.7830
LMNA	PHF21A	3	0.1953	0.7230
MAPRE3	PHF21A	3	0.1296	0.7680
ACTB	SKA1	3	0.2808	0.6559
CTNNA1	SKA1	3	0.0892	0.7971
KRT8	SKA1	3	0.3174	0.6144
LMNA	SKA1	3	0.2106	0.7129
MAPRE3	SKA1	3	0.3277	0.5990
ACTB	RNF25	3	0.2248	0.7028
CTNNA1	RNF25	3	0.0296	0.8502
KRT8	RNF25	3	0.2544	0.6798
LMNA	RNF25	3	0.1619	0.7455
MAPRE3	RNF25	3	0.1699	0.7401
ACTB	PINX1	3	0.0419	0.8389
CTNNA1	PINX1	3	0.0002	0.8745
KRT8	PINX1	3	0.0041	0.8688
LMNA	PINX1	3	0.0277	0.8517
MAPRE3	PINX1	3	0.0176	0.8586
ACTB	TADA1	3	0.0298	0.8500
KRT8	TADA1	3	0.0776	0.8063
LMNA	TADA1	3	0.0523	0.8289
MAPRE3	TADA1	3	0.0111	0.8630
ACTB	OTULIN	3	0.0644	0.8176
CTNNA1	OTULIN	3	0.0540	0.8274
KRT8	OTULIN	3	0.0500	0.8311
LMNA	OTULIN	3	0.0651	0.8170
MAPRE3	OTULIN	3	0.0364	0.8445
ACTB	PPWD1	3	0.0835	0.8017
KRT8	PPWD1	3	0.0274	0.8520
LMNA	PPWD1	3	0.0417	0.8391
KRT8	CENPT	3	0.0081	0.8652
LMNA	CENPT	3	0.0363	0.8446
MAPRE3	CENPT	3	0.0001	0.8748
ACTB	S100PBP	3	0.0940	0.7937
CTNNA1	S100PBP	3	0.0457	0.8354
KRT8	S100PBP	3	0.0974	0.7911
LMNA	S100PBP	3	0.1673	0.7418
MAPRE3	S100PBP	3	0.0041	0.8688
ACTB	UPRT	3	0.1610	0.7461
KRT8	UPRT	3	0.1814	0.7320
LMNA	UPRT	3	0.0502	0.8309
MAPRE3	UPRT	3	0.0212	0.8563
ACTB	PTER	3	0.1117	0.7805
CTNNA1	PTER	3	0.0347	0.8460
KRT8	PTER	3	0.1532	0.7516
LMNA	PTER	3	0.0258	0.8531
MAPRE3	PTER	3	0.0160	0.8597
ACTB	TAMM41	3	0.2370	0.6933
CTNNA1	TAMM41	3	0.0558	0.8255
KRT8	TAMM41	3	0.2538	0.6803
LMNA	TAMM41	3	0.1655	0.7430
MAPRE3	TAMM41	3	0.0562	0.8252
ACTB	MOB3A	3	0.0837	0.8015
CTNNA1	MOB3A	3	0.0007	0.8734
KRT8	MOB3A	3	0.0586	0.8229
LMNA	MOB3A	3	0.0090	0.8644
MAPRE3	MOB3A	3	0.0200	0.8571
ACTB	DOCK10	3	0.2931	0.6434
CTNNA1	DOCK10	3	0.1301	0.7675
KRT8	DOCK10	3	0.3182	0.6135
LMNA	DOCK10	3	0.1771	0.7352
MAPRE3	DOCK10	3	0.1854	0.7295
ACTB	ATG2B	3	0.3660	0.5287
CTNNA1	ATG2B	3	0.1737	0.7377
KRT8	ATG2B	3	0.4079	0.4481
LMNA	ATG2B	3	0.2453	0.6873
MAPRE3	ATG2B	3	0.2718	0.6647
LMNA	SARAF	3	0.5322	0.2612
CTNNA1	LENG1	3	0.0013	0.8724
LMNA	LENG1	3	0.0727	0.8104
MAPRE3	LENG1	3	0.0378	0.8432
KRT8	ZBTB9	3	0.0214	0.8562
LMNA	ZBTB9	3	0.0143	0.8609
MAPRE3	ZBTB9	3	0.0015	0.8720
ACTB	EFHD2	3	0.3699	0.5202
CTNNA1	EFHD2	3	0.1020	0.7878
KRT8	EFHD2	3	0.2835	0.6533
LMNA	EFHD2	3	0.1496	0.7541
MAPRE3	EFHD2	3	0.1702	0.7399
ACTB	SYTL4	3	0.2839	0.6527
CTNNA1	SYTL4	3	0.2509	0.6829
KRT8	SYTL4	3	0.3016	0.6345
LMNA	SYTL4	3	0.1731	0.7380
MAPRE3	SYTL4	3	0.2188	0.7070
ACTB	RUNDC1	3	0.0636	0.8182
CTNNA1	RUNDC1	3	0.0020	0.8713
KRT8	RUNDC1	3	0.0852	0.8003
MAPRE3	RUNDC1	3	0.0021	0.8711
ACTB	PYCR2	3	0.1865	0.7289
CTNNA1	PYCR2	3	0.1067	0.7841
KRT8	PYCR2	3	0.3357	0.5848
LMNA	PYCR2	3	0.0989	0.7899
MAPRE3	PYCR2	3	0.0313	0.8488
ACTB	CUSTOS	3	0.0276	0.8518
CTNNA1	CUSTOS	3	0.0186	0.8579
KRT8	CUSTOS	3	0.0066	0.8664
LMNA	CUSTOS	3	0.0872	0.7988
MAPRE3	CUSTOS	3	0.1259	0.7702
ACTB	ENTR1	3	0.0338	0.8466
CTNNA1	ENTR1	3	0.0036	0.8693
KRT8	ENTR1	3	0.1590	0.7477
LMNA	ENTR1	3	0.0372	0.8438
MAPRE3	ENTR1	3	0.0141	0.8610
ACTB	INTS12	3	0.0073	0.8658
KRT8	INTS12	3	0.0083	0.8650
LMNA	INTS12	3	0.0251	0.8536
MAPRE3	INTS12	3	0.0081	0.8652
ACTB	PPCDC	3	0.0411	0.8397
CTNNA1	PPCDC	3	0.0513	0.8297
KRT8	PPCDC	3	0.1103	0.7816
LMNA	PPCDC	3	0.0156	0.8600
ACTB	ISOC1	3	0.0769	0.8068
CTNNA1	ISOC1	3	0.0502	0.8309
KRT8	ISOC1	3	0.1048	0.7856
LMNA	ISOC1	3	0.0758	0.8077
MAPRE3	ISOC1	3	0.0443	0.8367
ACTB	GCC1	3	0.0371	0.8438
CTNNA1	GCC1	3	0.0000	0.8752
KRT8	GCC1	3	0.0662	0.8160
LMNA	GCC1	3	0.0031	0.8699
MAPRE3	GCC1	3	0.0095	0.8641
ACTB	FLYWCH2	3	0.0607	0.8210
CTNNA1	FLYWCH2	3	0.0178	0.8584
KRT8	FLYWCH2	3	0.0704	0.8123
LMNA	FLYWCH2	3	0.2103	0.7131
MAPRE3	FLYWCH2	3	0.0476	0.8336
ACTB	HAUS1	3	0.0546	0.8268
CTNNA1	HAUS1	3	0.0014	0.8722
KRT8	HAUS1	3	0.1722	0.7386
LMNA	HAUS1	3	0.0072	0.8659
MAPRE3	HAUS1	3	0.0222	0.8556
ACTB	FAF2	3	0.1623	0.7452
CTNNA1	FAF2	3	0.0516	0.8295
KRT8	FAF2	3	0.2258	0.7019
LMNA	FAF2	3	0.1639	0.7441
MAPRE3	FAF2	3	0.0690	0.8136
ACTB	CCDC124	3	0.0626	0.8192
CTNNA1	CCDC124	3	0.0031	0.8699
KRT8	CCDC124	3	0.0615	0.8202
LMNA	CCDC124	3	0.0009	0.8730
MAPRE3	CCDC124	3	0.0356	0.8451
ACTB	FOXRED1	3	0.1227	0.7724
KRT8	FOXRED1	3	0.1103	0.7816
LMNA	FOXRED1	3	0.1237	0.7718
ACTB	AP2M1	3	0.2453	0.6873
CTNNA1	AP2M1	3	0.0623	0.8195
KRT8	AP2M1	3	0.2845	0.6521
LMNA	AP2M1	3	0.1817	0.7317
MAPRE3	AP2M1	3	0.0353	0.8454
ACTB	TUBGCP3	3	0.2919	0.6447
CTNNA1	TUBGCP3	3	0.1060	0.7846
KRT8	TUBGCP3	3	0.3831	0.4975
LMNA	TUBGCP3	3	0.1741	0.7375
MAPRE3	TUBGCP3	3	0.2348	0.6951
ACTB	KCTD12	3	0.1970	0.7218
CTNNA1	KCTD12	3	0.0360	0.8448
KRT8	KCTD12	3	0.2789	0.6582
LMNA	KCTD12	3	0.1109	0.7811
MAPRE3	KCTD12	3	0.0705	0.8122
ACTB	NMD3	3	0.2795	0.6575
CTNNA1	NMD3	3	0.1026	0.7874
KRT8	NMD3	3	0.2937	0.6427
LMNA	NMD3	3	0.2187	0.7071
MAPRE3	NMD3	3	0.1512	0.7531
ACTB	REPS1	3	0.0542	0.8272
CTNNA1	REPS1	3	0.0022	0.8710
KRT8	REPS1	3	0.0584	0.8231
LMNA	REPS1	3	0.0023	0.8708
MAPRE3	REPS1	3	0.0048	0.8680
ACTB	ZG16B	3	0.1166	0.7766
KRT8	ZG16B	3	0.0290	0.8507
LMNA	ZG16B	3	0.0154	0.8601
MAPRE3	ZG16B	3	0.0111	0.8630
ACTB	ANAPC16	3	0.2203	0.7061
CTNNA1	ANAPC16	3	0.0375	0.8435
KRT8	ANAPC16	3	0.2965	0.6398
LMNA	ANAPC16	3	0.2367	0.6937
MAPRE3	ANAPC16	3	0.2176	0.7079
ACTB	ESS2	3	0.0074	0.8657
CTNNA1	ESS2	3	0.0001	0.8748
KRT8	ESS2	3	0.0165	0.8594
LMNA	ESS2	3	0.1018	0.7880
MAPRE3	ESS2	3	0.0054	0.8675
ACTB	CMBL	3	0.0994	0.7896
CTNNA1	CMBL	3	0.0278	0.8516
KRT8	CMBL	3	0.0655	0.8166
LMNA	CMBL	3	0.0548	0.8266
MAPRE3	CMBL	3	0.0523	0.8289
ACTB	SNRNP40	3	0.1176	0.7759
CTNNA1	SNRNP40	3	0.0395	0.8413
KRT8	SNRNP40	3	0.1114	0.7807
LMNA	SNRNP40	3	0.0855	0.8001
MAPRE3	SNRNP40	3	0.0489	0.8322
ACTB	TBC1D31	3	0.0575	0.8238
KRT8	TBC1D31	3	0.0968	0.7917
LMNA	TBC1D31	3	0.0080	0.8652
MAPRE3	TBC1D31	3	0.0051	0.8678
ACTB	ZBTB10	3	0.0317	0.8484
CTNNA1	ZBTB10	3	0.0404	0.8404
KRT8	ZBTB10	3	0.1183	0.7754
LMNA	ZBTB10	3	0.0660	0.8161
MAPRE3	ZBTB10	3	0.0320	0.8481
ACTB	ITPKC	3	0.0349	0.8457
KRT8	ITPKC	3	0.1412	0.7602
LMNA	ITPKC	3	0.0113	0.8630
ACTB	MTBP	3	0.0331	0.8472
KRT8	MTBP	3	0.0596	0.8220
LMNA	MTBP	3	0.0228	0.8553
LMNA	PABIR1	3	0.0524	0.8288
MAPRE3	PABIR1	3	0.0004	0.8740
ACTB	MRRF	3	0.1703	0.7398
CTNNA1	MRRF	3	0.0637	0.8181
KRT8	MRRF	3	0.1914	0.7256
LMNA	MRRF	3	0.1111	0.7809
MAPRE3	MRRF	3	0.0922	0.7951
ACTB	SPDL1	3	0.1919	0.7254
CTNNA1	SPDL1	3	0.0677	0.8147
KRT8	SPDL1	3	0.2547	0.6794
LMNA	SPDL1	3	0.2953	0.6412
MAPRE3	SPDL1	3	0.1592	0.7475
ACTB	ELP4	3	0.3190	0.6120
CTNNA1	ELP4	3	0.1451	0.7575
KRT8	ELP4	3	0.3391	0.5794
LMNA	ELP4	3	0.1667	0.7422
MAPRE3	ELP4	3	0.2480	0.6850
ACTB	SIRT1	3	0.0276	0.8518
CTNNA1	SIRT1	3	0.0691	0.8135
KRT8	SIRT1	3	0.0126	0.8621
LMNA	SIRT1	3	0.0624	0.8194
MAPRE3	SIRT1	3	0.0043	0.8685
ACTB	HOOK2	3	0.0562	0.8252
KRT8	HOOK2	3	0.1759	0.7361
ACTB	SEH1L	3	0.1345	0.7645
CTNNA1	SEH1L	3	0.0368	0.8441
KRT8	SEH1L	3	0.2137	0.7108
LMNA	SEH1L	3	0.1782	0.7343
MAPRE3	SEH1L	3	0.0550	0.8263
ACTB	MALSU1	3	0.0462	0.8349
CTNNA1	MALSU1	3	0.0361	0.8447
KRT8	MALSU1	3	0.1105	0.7815
LMNA	MALSU1	3	0.0144	0.8608
MAPRE3	MALSU1	3	0.0105	0.8634
ACTB	TCEAL4	3	0.0611	0.8206
CTNNA1	TCEAL4	3	0.0317	0.8484
KRT8	TCEAL4	3	0.0833	0.8018
LMNA	TCEAL4	3	0.3028	0.6331
MAPRE3	TCEAL4	3	0.0455	0.8355
ACTB	THAP11	3	0.1364	0.7632
CTNNA1	THAP11	3	0.0266	0.8525
KRT8	THAP11	3	0.2565	0.6776
LMNA	THAP11	3	0.1603	0.7468
MAPRE3	THAP11	3	0.0675	0.8149
ACTB	KIFBP	3	0.2587	0.6760
CTNNA1	KIFBP	3	0.0312	0.8489
KRT8	KIFBP	3	0.3566	0.5480
LMNA	KIFBP	3	0.1631	0.7447
MAPRE3	KIFBP	3	0.1343	0.7647
ACTB	GNPNAT1	3	0.1098	0.7820
CTNNA1	GNPNAT1	3	0.0352	0.8455
KRT8	GNPNAT1	3	0.1392	0.7614
LMNA	GNPNAT1	3	0.0968	0.7917
MAPRE3	GNPNAT1	3	0.0512	0.8299
ACTB	FAM120B	3	0.2510	0.6828
CTNNA1	FAM120B	3	0.0540	0.8274
KRT8	FAM120B	3	0.3138	0.6197
LMNA	FAM120B	3	0.1506	0.7535
MAPRE3	FAM120B	3	0.1309	0.7670
ACTB	MRPL53	3	0.0946	0.7933
CTNNA1	MRPL53	3	0.0739	0.8095
KRT8	MRPL53	3	0.0251	0.8536
LMNA	MRPL53	3	0.0511	0.8300
MAPRE3	MRPL53	3	0.0384	0.8426
ACTB	MOCOS	3	0.2408	0.6906
CTNNA1	MOCOS	3	0.0729	0.8103
KRT8	MOCOS	3	0.2884	0.6483
LMNA	MOCOS	3	0.1688	0.7408
MAPRE3	MOCOS	3	0.1087	0.7826
ACTB	RNF31	3	0.0076	0.8656
KRT8	RNF31	3	0.0737	0.8096
LMNA	RNF31	3	0.0002	0.8745
MAPRE3	RNF31	3	0.0034	0.8695
ACTB	DAZAP1	3	0.0900	0.7966
CTNNA1	DAZAP1	3	0.0283	0.8513
KRT8	DAZAP1	3	0.1143	0.7786
LMNA	DAZAP1	3	0.0621	0.8196
MAPRE3	DAZAP1	3	0.0225	0.8554
ACTB	SAAL1	3	0.1770	0.7353
KRT8	SAAL1	3	0.2326	0.6972
LMNA	SAAL1	3	0.1598	0.7471
MAPRE3	SAAL1	3	0.0291	0.8506
KRT8	TVP23C;TVP23B	3	0.1131	0.7794
LMNA	TVP23C;TVP23B	3	0.0094	0.8642
ACTB	RRP36	3	0.1767	0.7355
CTNNA1	RRP36	3	0.0353	0.8454
KRT8	RRP36	3	0.1478	0.7556
LMNA	RRP36	3	0.2618	0.6733
MAPRE3	RRP36	3	0.1110	0.7810
ACTB	C1GALT1C1	3	0.2188	0.7070
CTNNA1	C1GALT1C1	3	0.0698	0.8129
LMNA	C1GALT1C1	3	0.0172	0.8589
MAPRE3	C1GALT1C1	3	0.1954	0.7229
ACTB	RBM33	3	0.1545	0.7507
CTNNA1	RBM33	3	0.0946	0.7933
KRT8	RBM33	3	0.2010	0.7193
LMNA	RBM33	3	0.2338	0.6961
MAPRE3	RBM33	3	0.2477	0.6852
ACTB	DYNC2I2	3	0.2073	0.7153
CTNNA1	DYNC2I2	3	0.0126	0.8621
KRT8	DYNC2I2	3	0.2280	0.7004
LMNA	DYNC2I2	3	0.1628	0.7449
MAPRE3	DYNC2I2	3	0.0755	0.8080
ACTB	TMA16	3	0.0505	0.8305
KRT8	TMA16	3	0.2290	0.6998
LMNA	TMA16	3	0.0647	0.8174
MAPRE3	TMA16	3	0.0061	0.8669
ACTB	MVB12A	3	0.2303	0.6988
CTNNA1	MVB12A	3	0.1175	0.7760
KRT8	MVB12A	3	0.2578	0.6767
LMNA	MVB12A	3	0.1630	0.7447
MAPRE3	MVB12A	3	0.1045	0.7858
ACTB	PTCD3	3	0.1755	0.7364
CTNNA1	PTCD3	3	0.0434	0.8374
KRT8	PTCD3	3	0.5823	0.2148
LMNA	PTCD3	3	0.1083	0.7830
MAPRE3	PTCD3	3	0.0619	0.8198
ACTB	NRBF2	3	0.0194	0.8575
KRT8	NRBF2	3	0.0737	0.8096
MAPRE3	NRBF2	3	0.0028	0.8702
ACTB	ZNF503	3	0.1687	0.7409
CTNNA1	ZNF503	3	0.0457	0.8354
KRT8	ZNF503	3	0.2098	0.7136
LMNA	ZNF503	3	0.2724	0.6640
MAPRE3	ZNF503	3	0.1043	0.7859
ACTB	CCDC97	3	0.0122	0.8623
KRT8	CCDC97	3	0.0090	0.8644
LMNA	CCDC97	3	0.0404	0.8404
MAPRE3	CCDC97	3	0.0076	0.8656
ACTB	EDC3	3	0.3438	0.5707
CTNNA1	EDC3	3	0.1425	0.7593
KRT8	EDC3	3	0.3659	0.5292
LMNA	EDC3	3	0.2150	0.7099
MAPRE3	EDC3	3	0.2767	0.6607
ACTB	DDX11	3	0.0225	0.8554
CTNNA1	DDX11	3	0.0004	0.8740
KRT8	DDX11	3	0.0349	0.8457
LMNA	DDX11	3	0.0766	0.8071
MAPRE3	DDX11	3	0.0072	0.8659
ACTB	CDCA5	3	0.2533	0.6808
CTNNA1	CDCA5	3	0.0865	0.7993
KRT8	CDCA5	3	0.2466	0.6862
LMNA	CDCA5	3	0.3099	0.6250
MAPRE3	CDCA5	3	0.2291	0.6997
ACTB	STAMBPL1	3	0.2954	0.6411
CTNNA1	STAMBPL1	3	0.0767	0.8071
KRT8	STAMBPL1	3	0.2966	0.6397
LMNA	STAMBPL1	3	0.2327	0.6971
MAPRE3	STAMBPL1	3	0.1789	0.7338
ACTB	WDR89	3	0.0629	0.8190
LMNA	WDR89	3	0.1055	0.7850
ACTB	S100A16	3	0.2298	0.6992
CTNNA1	S100A16	3	0.0573	0.8240
KRT8	S100A16	3	0.1193	0.7747
LMNA	S100A16	3	0.1040	0.7862
MAPRE3	S100A16	3	0.0809	0.8038
ACTB	SIPA1	3	0.1067	0.7841
CTNNA1	SIPA1	3	0.0081	0.8652
KRT8	SIPA1	3	0.0684	0.8140
LMNA	SIPA1	3	0.0040	0.8689
MAPRE3	SIPA1	3	0.0154	0.8601
ACTB	THOC1	3	0.0908	0.7960
CTNNA1	THOC1	3	0.0085	0.8648
KRT8	THOC1	3	0.0685	0.8140
LMNA	THOC1	3	0.0816	0.8032
MAPRE3	THOC1	3	0.0116	0.8628
ACTB	OTUB1	3	0.0632	0.8186
CTNNA1	OTUB1	3	0.0415	0.8393
KRT8	OTUB1	3	0.0936	0.7941
LMNA	OTUB1	3	0.0643	0.8177
MAPRE3	OTUB1	3	0.0270	0.8522
ACTB	HMCES	3	0.1036	0.7866
CTNNA1	HMCES	3	0.0074	0.8657
KRT8	HMCES	3	0.1313	0.7668
LMNA	HMCES	3	0.2641	0.6715
MAPRE3	HMCES	3	0.0486	0.8324
ACTB	BICD1	3	0.2303	0.6988
CTNNA1	BICD1	3	0.0971	0.7914
KRT8	BICD1	3	0.3109	0.6238
LMNA	BICD1	3	0.0926	0.7948
MAPRE3	BICD1	3	0.1583	0.7480
ACTB	CERS2	3	0.1722	0.7386
KRT8	CERS2	3	0.2184	0.7073
LMNA	CERS2	3	0.4836	0.3267
MAPRE3	CERS2	3	0.0470	0.8341
ACTB	DUS3L	3	0.0820	0.8028
CTNNA1	DUS3L	3	0.0271	0.8521
KRT8	DUS3L	3	0.1223	0.7727
LMNA	DUS3L	3	0.1178	0.7757
MAPRE3	DUS3L	3	0.0145	0.8608
ACTB	OTUD5	3	0.0279	0.8516
CTNNA1	OTUD5	3	0.0013	0.8724
KRT8	OTUD5	3	0.0540	0.8274
LMNA	OTUD5	3	0.0865	0.7993
MAPRE3	OTUD5	3	0.0085	0.8648
ACTB	BSCL2	3	0.0738	0.8095
CTNNA1	BSCL2	3	0.0260	0.8530
KRT8	BSCL2	3	0.0822	0.8027
LMNA	BSCL2	3	0.1422	0.7595
ACTB	LTV1	3	0.0476	0.8336
CTNNA1	LTV1	3	0.0040	0.8689
KRT8	LTV1	3	0.0988	0.7900
LMNA	LTV1	3	0.0065	0.8665
MAPRE3	LTV1	3	0.0144	0.8608
KRT8	MRPL48	3	0.9701	0.0028
LMNA	MRPL48	3	0.0532	0.8281
ACTB	AURKB	3	0.2072	0.7154
CTNNA1	AURKB	3	0.0787	0.8054
KRT8	AURKB	3	0.2763	0.6610
LMNA	AURKB	3	0.3314	0.5937
MAPRE3	AURKB	3	0.2579	0.6766
ACTB	CEP95	3	0.0511	0.8300
CTNNA1	CEP95	3	0.0001	0.8748
KRT8	CEP95	3	0.1087	0.7826
LMNA	CEP95	3	0.0225	0.8554
MAPRE3	CEP95	3	0.0177	0.8585
ACTB	DCUN1D1	3	0.1349	0.7643
CTNNA1	DCUN1D1	3	0.0431	0.8377
KRT8	DCUN1D1	3	0.1786	0.7340
LMNA	DCUN1D1	3	0.1429	0.7590
MAPRE3	DCUN1D1	3	0.0500	0.8311
ACTB	TRMT2B	3	0.1014	0.7883
CTNNA1	TRMT2B	3	0.0064	0.8666
KRT8	TRMT2B	3	0.3198	0.6105
LMNA	TRMT2B	3	0.1218	0.7730
MAPRE3	TRMT2B	3	0.0492	0.8318
ACTB	SMARCD1	3	0.0229	0.8552
KRT8	SMARCD1	3	0.0171	0.8590
LMNA	SMARCD1	3	0.0357	0.8451
MAPRE3	SMARCD1	3	0.0009	0.8730
ACTB	TOE1	3	0.1304	0.7673
CTNNA1	TOE1	3	0.0221	0.8557
KRT8	TOE1	3	0.1772	0.7351
LMNA	TOE1	3	0.1731	0.7380
MAPRE3	TOE1	3	0.0306	0.8494
ACTB	CDCA7L	3	0.0032	0.8697
KRT8	CDCA7L	3	0.0122	0.8623
LMNA	CDCA7L	3	0.0271	0.8521
MAPRE3	CDCA7L	3	0.0002	0.8745
CTNNA1	RUSF1	3	0.0148	0.8606
KRT8	RUSF1	3	0.2384	0.6926
LMNA	RUSF1	3	0.2682	0.6679
MAPRE3	RUSF1	3	0.0567	0.8246
ACTB	DDX27	3	0.2637	0.6718
CTNNA1	DDX27	3	0.0785	0.8056
KRT8	DDX27	3	0.2775	0.6598
LMNA	DDX27	3	0.2119	0.7120
MAPRE3	DDX27	3	0.0916	0.7955
ACTB	BORCS6	3	0.0893	0.7970
CTNNA1	BORCS6	3	0.0179	0.8584
KRT8	BORCS6	3	0.1602	0.7468
LMNA	BORCS6	3	0.0840	0.8012
MAPRE3	BORCS6	3	0.0005	0.8738
ACTB	MACIR	3	0.0247	0.8539
KRT8	MACIR	3	0.0199	0.8571
LMNA	MACIR	3	0.0679	0.8145
MAPRE3	MACIR	3	0.0050	0.8678
ACTB	ATXN7L3B	3	0.1218	0.7730
CTNNA1	ATXN7L3B	3	0.0205	0.8568
KRT8	ATXN7L3B	3	0.1417	0.7599
LMNA	ATXN7L3B	3	0.0918	0.7953
MAPRE3	ATXN7L3B	3	0.0647	0.8174
ACTB	MASTL	3	0.1502	0.7537
CTNNA1	MASTL	3	0.0452	0.8358
KRT8	MASTL	3	0.1442	0.7581
LMNA	MASTL	3	0.2787	0.6585
MAPRE3	MASTL	3	0.1003	0.7890
ACTB	ZC2HC1A	3	0.0990	0.7898
KRT8	ZC2HC1A	3	0.0934	0.7942
LMNA	ZC2HC1A	3	0.0038	0.8691
MAPRE3	ZC2HC1A	3	0.1576	0.7486
ACTB	MSANTD3	3	0.0009	0.8730
KRT8	MSANTD3	3	0.0024	0.8706
LMNA	MSANTD3	3	0.0453	0.8357
MAPRE3	MSANTD3	3	0.0005	0.8738
ACTB	SNF8	3	0.3671	0.5260
CTNNA1	SNF8	3	0.1603	0.7468
KRT8	SNF8	3	0.4048	0.4512
LMNA	SNF8	3	0.3135	0.6200
MAPRE3	SNF8	3	0.2743	0.6624
ACTB	RBM18	3	0.0113	0.8630
CTNNA1	RBM18	3	0.0004	0.8740
KRT8	RBM18	3	0.0123	0.8623
LMNA	RBM18	3	0.0570	0.8242
ACTB	MYO19	3	0.3088	0.6265
CTNNA1	MYO19	3	0.1350	0.7642
KRT8	MYO19	3	0.3004	0.6358
LMNA	MYO19	3	0.1495	0.7542
MAPRE3	MYO19	3	0.2076	0.7150
ACTB	ZC3HAV1L	3	0.1195	0.7746
CTNNA1	ZC3HAV1L	3	0.0347	0.8460
KRT8	ZC3HAV1L	3	0.0333	0.8471
LMNA	ZC3HAV1L	3	0.0710	0.8119
ACTB	POM121	3	0.0424	0.8383
KRT8	POM121	3	0.0323	0.8479
LMNA	POM121	3	0.1910	0.7258
MAPRE3	POM121	3	0.0081	0.8652
ACTB	TONSL	3	0.0280	0.8515
KRT8	TONSL	3	0.0247	0.8539
LMNA	TONSL	3	0.1116	0.7806
MAPRE3	TONSL	3	0.0009	0.8730
ACTB	PDLIM5	3	0.3404	0.5772
CTNNA1	PDLIM5	3	0.0632	0.8186
KRT8	PDLIM5	3	0.2230	0.7041
LMNA	PDLIM5	3	0.0554	0.8260
MAPRE3	PDLIM5	3	0.1149	0.7782
ACTB	ERO1A	3	0.0862	0.7996
CTNNA1	ERO1A	3	0.0317	0.8484
KRT8	ERO1A	3	0.0652	0.8169
LMNA	ERO1A	3	0.0761	0.8074
MAPRE3	ERO1A	3	0.0164	0.8595
ACTB	PRR11	3	0.4478	0.3837
CTNNA1	PRR11	3	0.0938	0.7939
KRT8	PRR11	3	0.2729	0.6636
LMNA	PRR11	3	0.2325	0.6973
MAPRE3	PRR11	3	0.2599	0.6750
ACTB	GRAMD2B	3	0.0322	0.8480
CTNNA1	GRAMD2B	3	0.0042	0.8687
KRT8	GRAMD2B	3	0.0654	0.8168
LMNA	GRAMD2B	3	0.0048	0.8680
MAPRE3	GRAMD2B	3	0.0127	0.8620
ACTB	CCDC34	3	0.0320	0.8481
CTNNA1	CCDC34	3	0.0001	0.8748
KRT8	CCDC34	3	0.0649	0.8172
LMNA	CCDC34	3	0.0442	0.8368
MAPRE3	CCDC34	3	0.0482	0.8328
ACTB	AHCYL2	3	0.2697	0.6666
CTNNA1	AHCYL2	3	0.1178	0.7757
KRT8	AHCYL2	3	0.3013	0.6348
LMNA	AHCYL2	3	0.1975	0.7215
MAPRE3	AHCYL2	3	0.1524	0.7522
ACTB	DOCK6	3	0.0496	0.8314
CTNNA1	DOCK6	3	0.0034	0.8695
KRT8	DOCK6	3	0.0853	0.8002
LMNA	DOCK6	3	0.0040	0.8689
MAPRE3	DOCK6	3	0.0194	0.8575
CTNNA1	OXNAD1	3	0.0944	0.7934
KRT8	OXNAD1	3	0.0983	0.7904
LMNA	OXNAD1	3	0.0212	0.8563
ACTB	NAF1	3	0.1715	0.7391
CTNNA1	NAF1	3	0.0217	0.8560
KRT8	NAF1	3	0.1510	0.7533
LMNA	NAF1	3	0.1207	0.7737
MAPRE3	NAF1	3	0.0755	0.8080
ACTB	PGAM5	3	0.2093	0.7139
CTNNA1	PGAM5	3	0.0656	0.8165
KRT8	PGAM5	3	0.2087	0.7143
LMNA	PGAM5	3	0.2582	0.6764
MAPRE3	PGAM5	3	0.1398	0.7611
ACTB	SGSM3	3	0.2348	0.6951
CTNNA1	SGSM3	3	0.0604	0.8213
KRT8	SGSM3	3	0.3137	0.6198
LMNA	SGSM3	3	0.2405	0.6909
MAPRE3	SGSM3	3	0.1415	0.7600
ACTB	INTS4	3	0.0261	0.8529
CTNNA1	INTS4	3	0.0005	0.8738
KRT8	INTS4	3	0.0508	0.8303
LMNA	INTS4	3	0.0536	0.8277
MAPRE3	INTS4	3	0.0025	0.8705
ACTB	DDRGK1	3	0.0398	0.8411
CTNNA1	DDRGK1	3	0.0003	0.8743
KRT8	DDRGK1	3	0.0078	0.8654
LMNA	DDRGK1	3	0.0946	0.7933
ACTB	SCLY	3	0.0773	0.8065
CTNNA1	SCLY	3	0.0359	0.8449
KRT8	SCLY	3	0.0409	0.8399
LMNA	SCLY	3	0.0768	0.8069
MAPRE3	SCLY	3	0.0035	0.8694
ACTB	FUBP3	3	0.2196	0.7065
CTNNA1	FUBP3	3	0.0704	0.8123
KRT8	FUBP3	3	0.3149	0.6177
LMNA	FUBP3	3	0.1678	0.7415
MAPRE3	FUBP3	3	0.1152	0.7780
ACTB	RBM17	3	0.1905	0.7262
CTNNA1	RBM17	3	0.0117	0.8627
KRT8	RBM17	3	0.1958	0.7226
LMNA	RBM17	3	0.2523	0.6815
MAPRE3	RBM17	3	0.1123	0.7801
ACTB	RCC1L	3	0.0883	0.7979
CTNNA1	RCC1L	3	0.0045	0.8683
KRT8	RCC1L	3	0.1678	0.7415
LMNA	RCC1L	3	0.1240	0.7715
ACTB	SUCLG2	3	0.0814	0.8034
CTNNA1	SUCLG2	3	0.0391	0.8418
KRT8	SUCLG2	3	0.1101	0.7818
LMNA	SUCLG2	3	0.0630	0.8189
MAPRE3	SUCLG2	3	0.0323	0.8479
ACTB	FBXL20	3	0.0549	0.8265
CTNNA1	FBXL20	3	0.0011	0.8726
KRT8	FBXL20	3	0.0396	0.8413
LMNA	FBXL20	3	0.1927	0.7248
MAPRE3	FBXL20	3	0.0060	0.8670
ACTB	LRCH3	3	0.3310	0.5943
CTNNA1	LRCH3	3	0.1533	0.7516
KRT8	LRCH3	3	0.3651	0.5316
LMNA	LRCH3	3	0.1777	0.7347
MAPRE3	LRCH3	3	0.2836	0.6531
ACTB	GMPPA	3	0.1176	0.7759
CTNNA1	GMPPA	3	0.0390	0.8419
KRT8	GMPPA	3	0.1755	0.7364
LMNA	GMPPA	3	0.0819	0.8029
MAPRE3	GMPPA	3	0.0190	0.8577
LMNA	GMCL1	3	0.4019	0.4573
ACTB	TENT5A	3	0.0432	0.8376
KRT8	TENT5A	3	0.2211	0.7055
LMNA	TENT5A	3	0.0815	0.8033
ACTB	HPDL	3	0.1813	0.7320
CTNNA1	HPDL	3	0.0447	0.8363
KRT8	HPDL	3	0.2926	0.6439
LMNA	HPDL	3	0.2071	0.7155
ACTB	ZBED3	3	0.0843	0.8010
KRT8	ZBED3	3	0.1687	0.7409
LMNA	ZBED3	3	0.0040	0.8689
MAPRE3	ZBED3	3	0.0065	0.8665
ACTB	ATP5MK	3	0.2780	0.6592
CTNNA1	ATP5MK	3	0.0814	0.8034
KRT8	ATP5MK	3	0.3114	0.6231
LMNA	ATP5MK	3	0.2214	0.7052
MAPRE3	ATP5MK	3	0.1638	0.7441
ACTB	PAWR	3	0.3195	0.6112
CTNNA1	PAWR	3	0.0294	0.8503
KRT8	PAWR	3	0.2228	0.7043
LMNA	PAWR	3	0.0982	0.7905
MAPRE3	PAWR	3	0.0834	0.8018
ACTB	RBM41	3	0.3369	0.5831
CTNNA1	RBM41	3	0.1605	0.7466
KRT8	RBM41	3	0.2858	0.6511
LMNA	RBM41	3	0.3790	0.5062
MAPRE3	RBM41	3	0.2150	0.7099
ACTB	THOC3	3	0.0780	0.8059
CTNNA1	THOC3	3	0.0351	0.8455
KRT8	THOC3	3	0.0936	0.7941
LMNA	THOC3	3	0.0660	0.8161
MAPRE3	THOC3	3	0.0294	0.8503
ACTB	ITCH	3	0.2091	0.7141
CTNNA1	ITCH	3	0.0451	0.8359
KRT8	ITCH	3	0.2545	0.6796
LMNA	ITCH	3	0.1030	0.7871
MAPRE3	ITCH	3	0.0775	0.8064
ACTB	KIRREL1	3	0.2967	0.6396
CTNNA1	KIRREL1	3	0.2487	0.6846
KRT8	KIRREL1	3	0.3076	0.6276
LMNA	KIRREL1	3	0.2894	0.6473
MAPRE3	KIRREL1	3	0.0920	0.7952
ACTB	COG3	3	0.1541	0.7510
CTNNA1	COG3	3	0.0453	0.8357
KRT8	COG3	3	0.1916	0.7255
LMNA	COG3	3	0.0548	0.8266
MAPRE3	COG3	3	0.0385	0.8425
ACTB	CDK5RAP3	3	0.1850	0.7297
CTNNA1	CDK5RAP3	3	0.0462	0.8349
KRT8	CDK5RAP3	3	0.2290	0.6998
LMNA	CDK5RAP3	3	0.1129	0.7796
MAPRE3	CDK5RAP3	3	0.0463	0.8348
ACTB	VPS39	3	0.3339	0.5878
CTNNA1	VPS39	3	0.1813	0.7320
KRT8	VPS39	3	0.3260	0.6022
LMNA	VPS39	3	0.1684	0.7411
MAPRE3	VPS39	3	0.2200	0.7063
ACTB	VPS50	3	0.0336	0.8468
CTNNA1	VPS50	3	0.0007	0.8734
KRT8	VPS50	3	0.0474	0.8337
LMNA	VPS50	3	0.0015	0.8720
MAPRE3	VPS50	3	0.0048	0.8680
ACTB	VCPIP1	3	0.3299	0.5962
CTNNA1	VCPIP1	3	0.1008	0.7886
KRT8	VCPIP1	3	0.3279	0.5986
LMNA	VCPIP1	3	0.2383	0.6927
MAPRE3	VCPIP1	3	0.2380	0.6928
ACTB	SPG11	3	0.0319	0.8483
CTNNA1	SPG11	3	0.0007	0.8734
KRT8	SPG11	3	0.0655	0.8166
LMNA	SPG11	3	0.0029	0.8701
MAPRE3	SPG11	3	0.0057	0.8672
ACTB	ELMO2	3	0.0311	0.8490
CTNNA1	ELMO2	3	0.0008	0.8732
KRT8	ELMO2	3	0.0644	0.8176
LMNA	ELMO2	3	0.0032	0.8697
MAPRE3	ELMO2	3	0.0018	0.8715
LMNA	DCAF5	3	0.0238	0.8546
ACTB	ZNF462	3	0.0223	0.8556
KRT8	ZNF462	3	0.0003	0.8743
LMNA	ZNF462	3	0.0287	0.8509
MAPRE3	ZNF462	3	0.0018	0.8715
ACTB	CHAMP1	3	0.1907	0.7261
CTNNA1	CHAMP1	3	0.0690	0.8136
KRT8	CHAMP1	3	0.1449	0.7577
LMNA	CHAMP1	3	0.2915	0.6453
MAPRE3	CHAMP1	3	0.1413	0.7601
ACTB	L3MBTL3	3	0.0343	0.8463
KRT8	L3MBTL3	3	0.0072	0.8659
LMNA	L3MBTL3	3	0.1010	0.7885
MAPRE3	L3MBTL3	3	0.0038	0.8691
ACTB	LCOR	3	0.0046	0.8682
LMNA	LCOR	3	0.0573	0.8240
ACTB	NEURL4	3	0.0322	0.8480
KRT8	NEURL4	3	0.0753	0.8082
MAPRE3	NEURL4	3	0.0200	0.8571
ACTB	ZFP91	3	0.1910	0.7258
CTNNA1	ZFP91	3	0.0464	0.8347
KRT8	ZFP91	3	0.1583	0.7480
LMNA	ZFP91	3	0.2677	0.6683
MAPRE3	ZFP91	3	0.1679	0.7414
ACTB	CLMN	3	0.0657	0.8164
CTNNA1	CLMN	3	0.0131	0.8617
KRT8	CLMN	3	0.1019	0.7879
LMNA	CLMN	3	0.0023	0.8708
MAPRE3	CLMN	3	0.0094	0.8642
ACTB	SLC35E1	3	0.0577	0.8237
CTNNA1	SLC35E1	3	0.1142	0.7787
KRT8	SLC35E1	3	0.0754	0.8081
LMNA	SLC35E1	3	0.0602	0.8215
MAPRE3	SLC35E1	3	0.0556	0.8258
ACTB	USP47	3	0.2863	0.6504
CTNNA1	USP47	3	0.1210	0.7735
KRT8	USP47	3	0.3026	0.6332
LMNA	USP47	3	0.1455	0.7573
MAPRE3	USP47	3	0.1645	0.7437
ACTB	CLPTM1L	3	0.2194	0.7067
CTNNA1	CLPTM1L	3	0.0318	0.8483
KRT8	CLPTM1L	3	0.3188	0.6125
LMNA	CLPTM1L	3	0.1884	0.7276
MAPRE3	CLPTM1L	3	0.1162	0.7770
ACTB	PBK	3	0.1559	0.7497
CTNNA1	PBK	3	0.0648	0.8173
KRT8	PBK	3	0.1620	0.7455
LMNA	PBK	3	0.2179	0.7078
MAPRE3	PBK	3	0.1569	0.7490
ACTB	DNAJC1	3	0.0074	0.8657
KRT8	DNAJC1	3	0.0468	0.8343
LMNA	DNAJC1	3	0.2266	0.7014
ACTB	SCYL1	3	0.2714	0.6651
CTNNA1	SCYL1	3	0.0722	0.8109
KRT8	SCYL1	3	0.2880	0.6488
LMNA	SCYL1	3	0.2373	0.6932
MAPRE3	SCYL1	3	0.1749	0.7369
ACTB	ZNF512B	3	0.0022	0.8710
CTNNA1	ZNF512B	3	0.0001	0.8748
KRT8	ZNF512B	3	0.0099	0.8638
LMNA	ZNF512B	3	0.0695	0.8132
MAPRE3	ZNF512B	3	0.0574	0.8239
ACTB	EXOC2	3	0.0368	0.8441
CTNNA1	EXOC2	3	0.0008	0.8732
KRT8	EXOC2	3	0.0491	0.8319
LMNA	EXOC2	3	0.0007	0.8734
MAPRE3	EXOC2	3	0.0034	0.8695
ACTB	CNDP2	3	0.1565	0.7494
CTNNA1	CNDP2	3	0.0578	0.8236
KRT8	CNDP2	3	0.1760	0.7360
LMNA	CNDP2	3	0.0867	0.7992
MAPRE3	CNDP2	3	0.0387	0.8423
ACTB	EHMT2	3	0.2444	0.6878
CTNNA1	EHMT2	3	0.0935	0.7941
KRT8	EHMT2	3	0.2963	0.6400
LMNA	EHMT2	3	0.3425	0.5735
MAPRE3	EHMT2	3	0.1850	0.7297
ACTB	ZFR	3	0.2129	0.7113
CTNNA1	ZFR	3	0.0951	0.7929
KRT8	ZFR	3	0.1647	0.7436
LMNA	ZFR	3	0.1990	0.7204
MAPRE3	ZFR	3	0.0990	0.7898
ACTB	FAM210B	3	0.0684	0.8140
CTNNA1	FAM210B	3	0.1029	0.7872
KRT8	FAM210B	3	0.1155	0.7777
LMNA	FAM210B	3	0.0921	0.7952
MAPRE3	FAM210B	3	0.0411	0.8397
ACTB	WDR90	3	0.0379	0.8431
CTNNA1	WDR90	3	0.0054	0.8675
KRT8	WDR90	3	0.1670	0.7420
LMNA	WDR90	3	0.0315	0.8486
MAPRE3	WDR90	3	0.0522	0.8290
ACTB	CEP170P1	3	0.0214	0.8562
KRT8	CEP170P1	3	0.0609	0.8208
MAPRE3	CEP170P1	3	0.0425	0.8383
ACTB	LRR1	3	0.0063	0.8666
KRT8	LRR1	3	0.0122	0.8623
LMNA	LRR1	3	0.0234	0.8549
MAPRE3	LRR1	3	0.0005	0.8738
ACTB	NSD1	3	0.2286	0.7001
CTNNA1	NSD1	3	0.1336	0.7652
KRT8	NSD1	3	0.2489	0.6845
LMNA	NSD1	3	0.3351	0.5862
MAPRE3	NSD1	3	0.2116	0.7121
ACTB	EP400	3	0.2560	0.6781
CTNNA1	EP400	3	0.0214	0.8562
KRT8	EP400	3	0.2318	0.6978
LMNA	EP400	3	0.2359	0.6942
MAPRE3	EP400	3	0.1496	0.7541
ACTB	SNX27	3	0.1591	0.7476
CTNNA1	SNX27	3	0.0544	0.8270
KRT8	SNX27	3	0.1362	0.7634
LMNA	SNX27	3	0.0870	0.7990
MAPRE3	SNX27	3	0.1118	0.7805
ACTB	KIF16B	3	0.0476	0.8336
CTNNA1	KIF16B	3	0.0015	0.8720
KRT8	KIF16B	3	0.0722	0.8109
LMNA	KIF16B	3	0.0090	0.8644
MAPRE3	KIF16B	3	0.0087	0.8647
ACTB	IFT74	3	0.0794	0.8050
CTNNA1	IFT74	3	0.0095	0.8641
KRT8	IFT74	3	0.0752	0.8083
LMNA	IFT74	3	0.0617	0.8201
MAPRE3	IFT74	3	0.0101	0.8637
ACTB	TRIM47	3	0.1519	0.7526
KRT8	TRIM47	3	0.2593	0.6755
LMNA	TRIM47	3	0.0850	0.8005
MAPRE3	TRIM47	3	0.0266	0.8525
ACTB	CNOT6L	3	0.2442	0.6881
CTNNA1	CNOT6L	3	0.1096	0.7821
KRT8	CNOT6L	3	0.2992	0.6371
LMNA	CNOT6L	3	0.1042	0.7860
MAPRE3	CNOT6L	3	0.1852	0.7296
ACTB	DHRS1	3	0.0632	0.8186
CTNNA1	DHRS1	3	0.0114	0.8629
KRT8	DHRS1	3	0.0985	0.7903
LMNA	DHRS1	3	0.2205	0.7059
MAPRE3	DHRS1	3	0.0543	0.8271
ACTB	DNAJC30	3	0.0823	0.8026
CTNNA1	DNAJC30	3	0.0402	0.8406
KRT8	DNAJC30	3	0.1060	0.7846
LMNA	DNAJC30	3	0.1062	0.7846
MAPRE3	DNAJC30	3	0.0260	0.8530
ACTB	C9orf72	3	0.0844	0.8010
KRT8	C9orf72	3	0.1150	0.7781
LMNA	C9orf72	3	0.0417	0.8391
MAPRE3	C9orf72	3	0.0236	0.8547
ACTB	PRRC1	3	0.3196	0.6110
CTNNA1	PRRC1	3	0.1157	0.7775
KRT8	PRRC1	3	0.3175	0.6143
LMNA	PRRC1	3	0.2296	0.6993
MAPRE3	PRRC1	3	0.2235	0.7037
ACTB	CCDC138	3	0.0459	0.8351
CTNNA1	CCDC138	3	0.0021	0.8711
KRT8	CCDC138	3	0.0816	0.8032
LMNA	CCDC138	3	0.0057	0.8672
MAPRE3	CCDC138	3	0.0163	0.8595
ACTB	FGD4	3	0.2751	0.6618
CTNNA1	FGD4	3	0.0683	0.8142
KRT8	FGD4	3	0.1570	0.7489
LMNA	FGD4	3	0.0075	0.8657
MAPRE3	FGD4	3	0.0906	0.7961
ACTB	FBXL18	3	0.2112	0.7125
CTNNA1	FBXL18	3	0.0646	0.8175
KRT8	FBXL18	3	0.2287	0.7000
LMNA	FBXL18	3	0.0780	0.8059
MAPRE3	FBXL18	3	0.0679	0.8145
ACTB	ZNF512	3	0.1786	0.7340
CTNNA1	ZNF512	3	0.0208	0.8566
KRT8	ZNF512	3	0.1324	0.7660
LMNA	ZNF512	3	0.2236	0.7036
MAPRE3	ZNF512	3	0.1435	0.7586
ACTB	NSMCE2	3	0.2234	0.7038
CTNNA1	NSMCE2	3	0.0542	0.8272
KRT8	NSMCE2	3	0.2645	0.6711
LMNA	NSMCE2	3	0.2369	0.6934
MAPRE3	NSMCE2	3	0.0803	0.8043
ACTB	TCEANC2	3	0.0016	0.8718
LMNA	TCEANC2	3	0.0173	0.8588
MAPRE3	TCEANC2	3	0.0055	0.8674
ACTB	YTHDC1	3	0.1356	0.7638
KRT8	YTHDC1	3	0.3575	0.5458
LMNA	YTHDC1	3	0.3993	0.4636
MAPRE3	YTHDC1	3	0.1413	0.7601
ACTB	CCDC43	3	0.0371	0.8438
CTNNA1	CCDC43	3	0.0018	0.8715
KRT8	CCDC43	3	0.0394	0.8415
LMNA	CCDC43	3	0.0014	0.8722
MAPRE3	CCDC43	3	0.0050	0.8678
ACTB	COG8	3	0.1254	0.7705
KRT8	COG8	3	0.1651	0.7434
LMNA	COG8	3	0.0108	0.8633
MAPRE3	COG8	3	0.0133	0.8616
CTNNA1	NOL4L	3	0.0113	0.8630
LMNA	NOL4L	3	0.1677	0.7415
ACTB	INTS15	3	0.0206	0.8567
LMNA	INTS15	3	0.0211	0.8564
MAPRE3	INTS15	3	0.0002	0.8745
ACTB	TTC14	3	0.0664	0.8158
KRT8	TTC14	3	0.1017	0.7880
LMNA	TTC14	3	0.0722	0.8109
MAPRE3	TTC14	3	0.0079	0.8653
ACTB	MBOAT7	3	0.1581	0.7482
CTNNA1	MBOAT7	3	0.0614	0.8203
KRT8	MBOAT7	3	0.1933	0.7245
LMNA	MBOAT7	3	0.4959	0.3038
MAPRE3	MBOAT7	3	0.0926	0.7948
ACTB	DOCK7	3	0.3420	0.5744
CTNNA1	DOCK7	3	0.1692	0.7405
KRT8	DOCK7	3	0.3025	0.6334
LMNA	DOCK7	3	0.1432	0.7588
MAPRE3	DOCK7	3	0.2763	0.6610
ACTB	ZNF830	3	0.0052	0.8677
KRT8	ZNF830	3	0.0074	0.8657
LMNA	ZNF830	3	0.0646	0.8175
MAPRE3	ZNF830	3	0.0005	0.8738
ACTB	ZMAT2	3	0.0086	0.8647
KRT8	ZMAT2	3	0.0176	0.8586
LMNA	ZMAT2	3	0.1361	0.7635
MAPRE3	ZMAT2	3	0.0124	0.8622
ACTB	FRMD6	3	0.0321	0.8481
CTNNA1	FRMD6	3	0.0129	0.8619
KRT8	FRMD6	3	0.0797	0.8048
LMNA	FRMD6	3	0.0125	0.8621
MAPRE3	FRMD6	3	0.0033	0.8697
ACTB	SCLT1	3	0.0734	0.8098
CTNNA1	SCLT1	3	0.0094	0.8642
KRT8	SCLT1	3	0.1070	0.7839
LMNA	SCLT1	3	0.0105	0.8634
MAPRE3	SCLT1	3	0.0178	0.8584
ACTB	ANKRD27	3	0.0507	0.8304
CTNNA1	ANKRD27	3	0.0001	0.8748
KRT8	ANKRD27	3	0.0860	0.7997
LMNA	ANKRD27	3	0.0157	0.8599
MAPRE3	ANKRD27	3	0.0090	0.8644
ACTB	LRRC7	3	0.0435	0.8373
CTNNA1	LRRC7	3	0.0416	0.8392
KRT8	LRRC7	3	0.0420	0.8388
LMNA	LRRC7	3	0.0003	0.8743
MAPRE3	LRRC7	3	0.0047	0.8681
ACTB	MUS81	3	0.2064	0.7158
CTNNA1	MUS81	3	0.0964	0.7920
KRT8	MUS81	3	0.1805	0.7326
LMNA	MUS81	3	0.3267	0.6010
MAPRE3	MUS81	3	0.2245	0.7029
ACTB	NSUN5	3	0.0821	0.8028
CTNNA1	NSUN5	3	0.0097	0.8639
KRT8	NSUN5	3	0.1020	0.7878
LMNA	NSUN5	3	0.1103	0.7816
MAPRE3	NSUN5	3	0.0526	0.8286
ACTB	AGAP3	3	0.2639	0.6717
CTNNA1	AGAP3	3	0.1080	0.7831
KRT8	AGAP3	3	0.3606	0.5407
LMNA	AGAP3	3	0.2351	0.6949
MAPRE3	AGAP3	3	0.2049	0.7169
ACTB	ARAP1	3	0.3347	0.5867
CTNNA1	ARAP1	3	0.1301	0.7675
KRT8	ARAP1	3	0.3447	0.5688
LMNA	ARAP1	3	0.2399	0.6914
MAPRE3	ARAP1	3	0.2309	0.6984
ACTB	SERPINB12	3	0.1880	0.7278
CTNNA1	SERPINB12	3	0.0478	0.8333
KRT8	SERPINB12	3	0.0711	0.8118
LMNA	SERPINB12	3	0.1248	0.7710
MAPRE3	SERPINB12	3	0.0306	0.8494
ACTB	IPO9	3	0.2722	0.6642
CTNNA1	IPO9	3	0.1851	0.7297
KRT8	IPO9	3	0.4426	0.3903
LMNA	IPO9	3	0.1712	0.7393
MAPRE3	IPO9	3	0.1844	0.7300
ACTB	ARHGEF17	3	0.0790	0.8053
CTNNA1	ARHGEF17	3	0.0041	0.8688
KRT8	ARHGEF17	3	0.0693	0.8133
LMNA	ARHGEF17	3	0.0046	0.8682
MAPRE3	ARHGEF17	3	0.0138	0.8613
ACTB	RBM14	3	0.1776	0.7348
CTNNA1	RBM14	3	0.0462	0.8349
KRT8	RBM14	3	0.2644	0.6712
LMNA	RBM14	3	0.2283	0.7003
MAPRE3	RBM14	3	0.1582	0.7482
ACTB	TRERF1	3	0.0122	0.8623
KRT8	TRERF1	3	0.0162	0.8596
LMNA	TRERF1	3	0.0244	0.8541
MAPRE3	TRERF1	3	0.0020	0.8713
CTNNA1	ZNF317	3	0.0024	0.8706
LMNA	ZNF317	3	0.0240	0.8544
ACTB	KLHL5	3	0.0251	0.8536
CTNNA1	KLHL5	3	0.0020	0.8713
KRT8	KLHL5	3	0.0566	0.8247
LMNA	KLHL5	3	0.0278	0.8516
MAPRE3	KLHL5	3	0.0012	0.8725
ACTB	UHRF2	3	0.0932	0.7943
CTNNA1	UHRF2	3	0.0124	0.8622
KRT8	UHRF2	3	0.1304	0.7673
LMNA	UHRF2	3	0.1086	0.7827
MAPRE3	UHRF2	3	0.0375	0.8435
ACTB	NEDD4L	3	0.2528	0.6811
CTNNA1	NEDD4L	3	0.0125	0.8621
KRT8	NEDD4L	3	0.2397	0.6915
LMNA	NEDD4L	3	0.1635	0.7444
MAPRE3	NEDD4L	3	0.1111	0.7809
ACTB	QKI	3	0.2554	0.6787
CTNNA1	QKI	3	0.0823	0.8026
KRT8	QKI	3	0.2945	0.6420
LMNA	QKI	3	0.2821	0.6545
MAPRE3	QKI	3	0.1688	0.7408
ACTB	LENG8	3	0.1068	0.7840
KRT8	LENG8	3	0.1322	0.7662
LMNA	LENG8	3	0.2206	0.7059
MAPRE3	LENG8	3	0.0470	0.8341
ACTB	FMNL2	3	0.2460	0.6866
CTNNA1	FMNL2	3	0.0251	0.8536
KRT8	FMNL2	3	0.0519	0.8292
LMNA	FMNL2	3	0.0155	0.8600
MAPRE3	FMNL2	3	0.0261	0.8529
ACTB	NEK1	3	0.2690	0.6672
CTNNA1	NEK1	3	0.1449	0.7577
KRT8	NEK1	3	0.3399	0.5783
LMNA	NEK1	3	0.1364	0.7632
MAPRE3	NEK1	3	0.2994	0.6369
ACTB	PUS7	3	0.0928	0.7946
CTNNA1	PUS7	3	0.0298	0.8500
KRT8	PUS7	3	0.1014	0.7883
LMNA	PUS7	3	0.1955	0.7228
MAPRE3	PUS7	3	0.0348	0.8459
ACTB	TRAPPC9	3	0.0557	0.8257
CTNNA1	TRAPPC9	3	0.0021	0.8711
KRT8	TRAPPC9	3	0.0692	0.8134
LMNA	TRAPPC9	3	0.0249	0.8538
MAPRE3	TRAPPC9	3	0.0089	0.8645
ACTB	SMG1	3	0.0146	0.8607
CTNNA1	SMG1	3	0.0001	0.8748
KRT8	SMG1	3	0.0508	0.8303
LMNA	SMG1	3	0.0027	0.8703
MAPRE3	SMG1	3	0.0019	0.8714
ACTB	ALS2	3	0.0208	0.8566
KRT8	ALS2	3	0.0816	0.8032
MAPRE3	ALS2	3	0.0145	0.8608
ACTB	KIF20B	3	0.0641	0.8178
CTNNA1	KIF20B	3	0.0002	0.8745
KRT8	KIF20B	3	0.0780	0.8059
LMNA	KIF20B	3	0.0145	0.8608
MAPRE3	KIF20B	3	0.0073	0.8658
ACTB	GSDMA	3	0.0872	0.7988
CTNNA1	GSDMA	3	0.0152	0.8603
KRT8	GSDMA	3	0.0337	0.8467
LMNA	GSDMA	3	0.0913	0.7957
MAPRE3	GSDMA	3	0.0409	0.8399
ACTB	PPP1R10	3	0.2205	0.7059
CTNNA1	PPP1R10	3	0.0393	0.8416
KRT8	PPP1R10	3	0.2161	0.7091
LMNA	PPP1R10	3	0.2776	0.6597
MAPRE3	PPP1R10	3	0.1880	0.7278
ACTB	DEPDC7	3	0.2725	0.6639
CTNNA1	DEPDC7	3	0.2090	0.7142
KRT8	DEPDC7	3	0.2901	0.6468
LMNA	DEPDC7	3	0.2375	0.6931
MAPRE3	DEPDC7	3	0.2063	0.7158
ACTB	SLC38A2	3	0.2685	0.6676
CTNNA1	SLC38A2	3	0.1873	0.7283
KRT8	SLC38A2	3	0.3008	0.6356
LMNA	SLC38A2	3	0.2932	0.6432
MAPRE3	SLC38A2	3	0.2214	0.7052
ACTB	ATAD5	3	0.2719	0.6645
CTNNA1	ATAD5	3	0.0611	0.8206
KRT8	ATAD5	3	0.2862	0.6505
LMNA	ATAD5	3	0.3435	0.5712
MAPRE3	ATAD5	3	0.2411	0.6904
ACTB	RAB3IP	3	0.0443	0.8367
KRT8	RAB3IP	3	0.0702	0.8125
MAPRE3	RAB3IP	3	0.0026	0.8704
ACTB	VPS35	3	0.1574	0.7487
CTNNA1	VPS35	3	0.0155	0.8600
KRT8	VPS35	3	0.2369	0.6934
LMNA	VPS35	3	0.1019	0.7879
MAPRE3	VPS35	3	0.0649	0.8172
ACTB	PURB	3	0.0946	0.7933
CTNNA1	PURB	3	0.0462	0.8349
KRT8	PURB	3	0.1423	0.7594
LMNA	PURB	3	0.0812	0.8035
MAPRE3	PURB	3	0.0208	0.8566
ACTB	TRPM7	3	0.0420	0.8388
CTNNA1	TRPM7	3	0.0060	0.8670
KRT8	TRPM7	3	0.0428	0.8380
LMNA	TRPM7	3	0.0154	0.8601
MAPRE3	TRPM7	3	0.0139	0.8612
LMNA	PHF12	3	0.0742	0.8092
ACTB	XPO6	3	0.2904	0.6463
CTNNA1	XPO6	3	0.0634	0.8184
KRT8	XPO6	3	0.3202	0.6099
LMNA	XPO6	3	0.2086	0.7144
MAPRE3	XPO6	3	0.1433	0.7588
ACTB	SPAG5	3	0.2714	0.6651
CTNNA1	SPAG5	3	0.1031	0.7870
KRT8	SPAG5	3	0.3482	0.5622
LMNA	SPAG5	3	0.1739	0.7376
MAPRE3	SPAG5	3	0.3648	0.5323
ACTB	NACC1	3	0.1529	0.7519
CTNNA1	NACC1	3	0.0780	0.8059
KRT8	NACC1	3	0.2133	0.7110
LMNA	NACC1	3	0.3299	0.5962
MAPRE3	NACC1	3	0.1486	0.7549
ACTB	SNX18	3	0.0627	0.8191
CTNNA1	SNX18	3	0.0043	0.8685
KRT8	SNX18	3	0.1154	0.7778
LMNA	SNX18	3	0.0055	0.8674
MAPRE3	SNX18	3	0.0105	0.8634
ACTB	PASK	3	0.0543	0.8271
CTNNA1	PASK	3	0.0004	0.8740
KRT8	PASK	3	0.0770	0.8067
LMNA	PASK	3	0.0022	0.8710
MAPRE3	PASK	3	0.0119	0.8625
ACTB	CIC	3	0.2771	0.6602
CTNNA1	CIC	3	0.0372	0.8438
KRT8	CIC	3	0.3081	0.6272
LMNA	CIC	3	0.3439	0.5705
MAPRE3	CIC	3	0.2288	0.6999
ACTB	UIMC1	3	0.1627	0.7449
KRT8	UIMC1	3	0.1021	0.7878
LMNA	UIMC1	3	0.2837	0.6530
MAPRE3	UIMC1	3	0.0974	0.7911
ACTB	VPS13A	3	0.0369	0.8440
CTNNA1	VPS13A	3	0.0011	0.8726
KRT8	VPS13A	3	0.0857	0.8000
LMNA	VPS13A	3	0.0262	0.8528
MAPRE3	VPS13A	3	0.0038	0.8691
ACTB	MED15	3	0.2832	0.6535
CTNNA1	MED15	3	0.1540	0.7511
KRT8	MED15	3	0.2966	0.6397
LMNA	MED15	3	0.3207	0.6091
MAPRE3	MED15	3	0.2128	0.7114
ACTB	GFM1	3	0.1020	0.7878
CTNNA1	GFM1	3	0.0285	0.8511
KRT8	GFM1	3	0.2449	0.6875
LMNA	GFM1	3	0.1199	0.7744
MAPRE3	GFM1	3	0.0339	0.8466
ACTB	MCCC1	3	0.0481	0.8330
CTNNA1	MCCC1	3	0.0561	0.8252
KRT8	MCCC1	3	0.0582	0.8233
LMNA	MCCC1	3	0.0555	0.8259
MAPRE3	MCCC1	3	0.0260	0.8530
ACTB	TWNK	3	0.0302	0.8497
CTNNA1	TWNK	3	0.0121	0.8624
KRT8	TWNK	3	0.1937	0.7241
LMNA	TWNK	3	0.0151	0.8604
ACTB	TGS1	3	0.2380	0.6928
CTNNA1	TGS1	3	0.0715	0.8115
KRT8	TGS1	3	0.2758	0.6614
LMNA	TGS1	3	0.2338	0.6961
MAPRE3	TGS1	3	0.1730	0.7381
ACTB	NUDCD1	3	0.1856	0.7294
CTNNA1	NUDCD1	3	0.0510	0.8301
KRT8	NUDCD1	3	0.2985	0.6378
LMNA	NUDCD1	3	0.1741	0.7375
MAPRE3	NUDCD1	3	0.0770	0.8067
ACTB	ERBIN	3	0.2938	0.6427
CTNNA1	ERBIN	3	0.2977	0.6384
KRT8	ERBIN	3	0.2912	0.6456
LMNA	ERBIN	3	0.0720	0.8111
MAPRE3	ERBIN	3	0.2077	0.7149
ACTB	TUBGCP6	3	0.0438	0.8371
KRT8	TUBGCP6	3	0.0712	0.8117
LMNA	TUBGCP6	3	0.0039	0.8690
MAPRE3	TUBGCP6	3	0.0071	0.8660
ACTB	TUBGCP5	3	0.0508	0.8303
CTNNA1	TUBGCP5	3	0.0008	0.8732
KRT8	TUBGCP5	3	0.1023	0.7876
LMNA	TUBGCP5	3	0.0216	0.8560
MAPRE3	TUBGCP5	3	0.0041	0.8688
ACTB	USP28	3	0.1335	0.7653
CTNNA1	USP28	3	0.0449	0.8361
KRT8	USP28	3	0.2540	0.6802
LMNA	USP28	3	0.1679	0.7414
MAPRE3	USP28	3	0.0533	0.8280
ACTB	FNBP1	3	0.0949	0.7930
CTNNA1	FNBP1	3	0.0036	0.8693
KRT8	FNBP1	3	0.0470	0.8341
LMNA	FNBP1	3	0.0367	0.8442
MAPRE3	FNBP1	3	0.0372	0.8438
ACTB	IFT140	3	0.0585	0.8229
CTNNA1	IFT140	3	0.0006	0.8736
KRT8	IFT140	3	0.0739	0.8095
LMNA	IFT140	3	0.0095	0.8641
MAPRE3	IFT140	3	0.0108	0.8633
ACTB	WDR24	3	0.0865	0.7993
CTNNA1	WDR24	3	0.0016	0.8718
KRT8	WDR24	3	0.0844	0.8010
LMNA	WDR24	3	0.0123	0.8623
MAPRE3	WDR24	3	0.0139	0.8612
ACTB	PIGS	3	0.1279	0.7690
CTNNA1	PIGS	3	0.0323	0.8479
KRT8	PIGS	3	0.0598	0.8218
LMNA	PIGS	3	0.1578	0.7484
MAPRE3	PIGS	3	0.0840	0.8012
ACTB	WRNIP1	3	0.1297	0.7679
CTNNA1	WRNIP1	3	0.0491	0.8319
KRT8	WRNIP1	3	0.1200	0.7743
LMNA	WRNIP1	3	0.3429	0.5731
MAPRE3	WRNIP1	3	0.0971	0.7914
ACTB	RANBP9	3	0.2395	0.6917
CTNNA1	RANBP9	3	0.0309	0.8491
KRT8	RANBP9	3	0.2179	0.7078
LMNA	RANBP9	3	0.1549	0.7504
MAPRE3	RANBP9	3	0.0942	0.7936
ACTB	CLCC1	3	0.1119	0.7804
CTNNA1	CLCC1	3	0.0529	0.8284
KRT8	CLCC1	3	0.1106	0.7813
LMNA	CLCC1	3	0.0732	0.8100
MAPRE3	CLCC1	3	0.1161	0.7771
ACTB	MYADM	3	0.0253	0.8535
CTNNA1	MYADM	3	0.0012	0.8725
KRT8	MYADM	3	0.1068	0.7840
LMNA	MYADM	3	0.0518	0.8293
MAPRE3	MYADM	3	0.0037	0.8691
CTNNA1	PLEKHF1	3	0.0648	0.8173
MAPRE3	PLEKHF1	3	0.0974	0.7911
ACTB	PPP1R9B	3	0.0947	0.7932
CTNNA1	PPP1R9B	3	0.0010	0.8728
KRT8	PPP1R9B	3	0.0405	0.8403
LMNA	PPP1R9B	3	0.0023	0.8708
MAPRE3	PPP1R9B	3	0.0077	0.8655
ACTB	SRPK1	3	0.1089	0.7825
CTNNA1	SRPK1	3	0.0302	0.8497
KRT8	SRPK1	3	0.1485	0.7549
LMNA	SRPK1	3	0.0878	0.7983
MAPRE3	SRPK1	3	0.0194	0.8575
ACTB	SMC6	3	0.1378	0.7624
CTNNA1	SMC6	3	0.0278	0.8516
KRT8	SMC6	3	0.1833	0.7306
LMNA	SMC6	3	0.1679	0.7414
MAPRE3	SMC6	3	0.0434	0.8374
LMNA	DCLRE1C	3	0.0827	0.8023
ACTB	STRBP	3	0.1175	0.7760
CTNNA1	STRBP	3	0.0399	0.8409
KRT8	STRBP	3	0.0984	0.7903
LMNA	STRBP	3	0.3148	0.6181
MAPRE3	STRBP	3	0.1151	0.7781
ACTB	TMEM209	3	0.1622	0.7453
CTNNA1	TMEM209	3	0.0577	0.8237
KRT8	TMEM209	3	0.2092	0.7140
LMNA	TMEM209	3	0.4394	0.3945
MAPRE3	TMEM209	3	0.0830	0.8021
ACTB	CDK5RAP2	3	0.2082	0.7146
CTNNA1	CDK5RAP2	3	0.0937	0.7940
KRT8	CDK5RAP2	3	0.2926	0.6439
LMNA	CDK5RAP2	3	0.1060	0.7846
MAPRE3	CDK5RAP2	3	0.3606	0.5407
ACTB	IWS1	3	0.2627	0.6726
CTNNA1	IWS1	3	0.0995	0.7895
KRT8	IWS1	3	0.2634	0.6721
LMNA	IWS1	3	0.3361	0.5842
MAPRE3	IWS1	3	0.2662	0.6698
ACTB	SIN3A	3	0.0771	0.8066
CTNNA1	SIN3A	3	0.0465	0.8346
KRT8	SIN3A	3	0.1629	0.7448
LMNA	SIN3A	3	0.2612	0.6739
MAPRE3	SIN3A	3	0.0832	0.8019
ACTB	CEP89	3	0.0498	0.8313
CTNNA1	CEP89	3	0.0130	0.8618
KRT8	CEP89	3	0.0969	0.7915
MAPRE3	CEP89	3	0.0016	0.8718
ACTB	OSBPL9	3	0.2208	0.7057
CTNNA1	OSBPL9	3	0.0432	0.8376
KRT8	OSBPL9	3	0.2459	0.6867
LMNA	OSBPL9	3	0.1031	0.7870
MAPRE3	OSBPL9	3	0.0958	0.7923
ACTB	CRBN	3	0.0499	0.8312
KRT8	CRBN	3	0.0409	0.8399
LMNA	CRBN	3	0.0380	0.8430
MAPRE3	CRBN	3	0.0048	0.8680
ACTB	INTS14	3	0.1696	0.7403
CTNNA1	INTS14	3	0.0136	0.8614
KRT8	INTS14	3	0.1415	0.7600
LMNA	INTS14	3	0.2935	0.6429
MAPRE3	INTS14	3	0.0599	0.8217
ACTB	CDK5RAP1	3	0.2401	0.6912
CTNNA1	CDK5RAP1	3	0.0618	0.8200
KRT8	CDK5RAP1	3	0.4231	0.4238
LMNA	CDK5RAP1	3	0.2082	0.7146
MAPRE3	CDK5RAP1	3	0.1106	0.7813
ACTB	MAP7D2	3	0.2137	0.7108
CTNNA1	MAP7D2	3	0.0724	0.8106
KRT8	MAP7D2	3	0.2315	0.6979
LMNA	MAP7D2	3	0.0815	0.8033
MAPRE3	MAP7D2	3	0.3468	0.5648
ACTB	SECISBP2	3	0.0624	0.8194
CTNNA1	SECISBP2	3	0.0487	0.8323
KRT8	SECISBP2	3	0.0956	0.7925
LMNA	SECISBP2	3	0.1067	0.7841
MAPRE3	SECISBP2	3	0.0363	0.8446
ACTB	RSF1	3	0.2290	0.6998
CTNNA1	RSF1	3	0.0575	0.8238
KRT8	RSF1	3	0.1562	0.7495
LMNA	RSF1	3	0.2956	0.6409
MAPRE3	RSF1	3	0.0884	0.7978
ACTB	RBM15	3	0.1709	0.7394
CTNNA1	RBM15	3	0.0436	0.8372
KRT8	RBM15	3	0.2426	0.6892
LMNA	RBM15	3	0.1406	0.7605
MAPRE3	RBM15	3	0.0637	0.8181
ACTB	RUFY1	3	0.2811	0.6555
CTNNA1	RUFY1	3	0.0926	0.7948
KRT8	RUFY1	3	0.2770	0.6603
LMNA	RUFY1	3	0.1934	0.7243
MAPRE3	RUFY1	3	0.1452	0.7574
ACTB	SPEN	3	0.0634	0.8184
CTNNA1	SPEN	3	0.0003	0.8743
KRT8	SPEN	3	0.0507	0.8304
LMNA	SPEN	3	0.1793	0.7334
MAPRE3	SPEN	3	0.0243	0.8542
ACTB	MMS19	3	0.0487	0.8323
CTNNA1	MMS19	3	0.0016	0.8718
KRT8	MMS19	3	0.0631	0.8188
LMNA	MMS19	3	0.0068	0.8662
MAPRE3	MMS19	3	0.0050	0.8678
ACTB	UHRF1	3	0.1006	0.7888
CTNNA1	UHRF1	3	0.0267	0.8524
KRT8	UHRF1	3	0.0757	0.8078
LMNA	UHRF1	3	0.1076	0.7834
MAPRE3	UHRF1	3	0.0266	0.8525
ACTB	NIBAN2	3	0.3481	0.5625
CTNNA1	NIBAN2	3	0.2671	0.6689
KRT8	NIBAN2	3	0.2943	0.6423
LMNA	NIBAN2	3	0.1917	0.7255
MAPRE3	NIBAN2	3	0.2301	0.6990
ACTB	RMDN3	3	0.0944	0.7934
CTNNA1	RMDN3	3	0.0244	0.8541
KRT8	RMDN3	3	0.1469	0.7562
LMNA	RMDN3	3	0.1182	0.7755
MAPRE3	RMDN3	3	0.0308	0.8492
ACTB	TCF12	3	0.1597	0.7472
CTNNA1	TCF12	3	0.0485	0.8325
KRT8	TCF12	3	0.1771	0.7352
LMNA	TCF12	3	0.3019	0.6340
MAPRE3	TCF12	3	0.1472	0.7560
ACTB	CYTH2	3	0.0569	0.8244
KRT8	CYTH2	3	0.1060	0.7846
LMNA	CYTH2	3	0.0118	0.8626
MAPRE3	CYTH2	3	0.0025	0.8705
ACTB	CNN2	3	0.3837	0.4968
CTNNA1	CNN2	3	0.0483	0.8328
KRT8	CNN2	3	0.2227	0.7043
LMNA	CNN2	3	0.1581	0.7482
MAPRE3	CNN2	3	0.1113	0.7808
ACTB	CDC5L	3	0.2487	0.6846
CTNNA1	CDC5L	3	0.0599	0.8217
KRT8	CDC5L	3	0.2417	0.6899
LMNA	CDC5L	3	0.3084	0.6270
MAPRE3	CDC5L	3	0.2315	0.6979
ACTB	PSMD1	3	0.2464	0.6863
CTNNA1	PSMD1	3	0.0701	0.8126
KRT8	PSMD1	3	0.2200	0.7063
LMNA	PSMD1	3	0.1706	0.7397
MAPRE3	PSMD1	3	0.1205	0.7740
ACTB	PFDN5	3	0.1178	0.7757
CTNNA1	PFDN5	3	0.0005	0.8738
KRT8	PFDN5	3	0.0336	0.8468
LMNA	PFDN5	3	0.0115	0.8629
MAPRE3	PFDN5	3	0.0023	0.8708
ACTB	RNF2	3	0.0162	0.8596
KRT8	RNF2	3	0.0252	0.8535
LMNA	RNF2	3	0.0454	0.8356
MAPRE3	RNF2	3	0.0002	0.8745
ACTB	PARK7	3	0.0479	0.8332
CTNNA1	PARK7	3	0.0623	0.8195
KRT8	PARK7	3	0.0629	0.8190
LMNA	PARK7	3	0.0811	0.8036
MAPRE3	PARK7	3	0.0390	0.8419
ACTB	GAS2L1	3	0.0445	0.8365
KRT8	GAS2L1	3	0.0435	0.8373
MAPRE3	GAS2L1	3	0.0587	0.8228
ACTB	EYA3	3	0.1428	0.7591
CTNNA1	EYA3	3	0.0484	0.8327
KRT8	EYA3	3	0.1436	0.7585
LMNA	EYA3	3	0.2041	0.7174
MAPRE3	EYA3	3	0.0333	0.8471
ACTB	VAT1	3	0.1595	0.7473
CTNNA1	VAT1	3	0.0420	0.8388
KRT8	VAT1	3	0.1360	0.7636
LMNA	VAT1	3	0.0631	0.8188
MAPRE3	VAT1	3	0.0362	0.8446
ACTB	DNAJC2	3	0.1021	0.7878
CTNNA1	DNAJC2	3	0.0450	0.8360
KRT8	DNAJC2	3	0.1332	0.7655
LMNA	DNAJC2	3	0.1358	0.7637
MAPRE3	DNAJC2	3	0.0620	0.8197
ACTB	MPHOSPH8	3	0.0124	0.8622
KRT8	MPHOSPH8	3	0.0154	0.8601
LMNA	MPHOSPH8	3	0.0313	0.8488
MAPRE3	MPHOSPH8	3	0.0002	0.8745
ACTB	MPHOSPH9	3	0.0474	0.8337
CTNNA1	MPHOSPH9	3	0.0012	0.8725
KRT8	MPHOSPH9	3	0.1040	0.7862
LMNA	MPHOSPH9	3	0.0023	0.8708
MAPRE3	MPHOSPH9	3	0.0141	0.8610
ACTB	NUP88	3	0.2734	0.6632
CTNNA1	NUP88	3	0.1001	0.7891
KRT8	NUP88	3	0.3531	0.5536
LMNA	NUP88	3	0.1527	0.7520
MAPRE3	NUP88	3	0.1792	0.7336
ACTB	PKP4	3	0.0417	0.8391
CTNNA1	PKP4	3	0.0830	0.8021
KRT8	PKP4	3	0.1077	0.7833
LMNA	PKP4	3	0.0059	0.8671
MAPRE3	PKP4	3	0.0041	0.8688
ACTB	PIK3R4	3	0.2397	0.6915
CTNNA1	PIK3R4	3	0.0659	0.8162
KRT8	PIK3R4	3	0.3128	0.6212
LMNA	PIK3R4	3	0.1609	0.7462
MAPRE3	PIK3R4	3	0.2339	0.6960
ACTB	POP1	3	0.0851	0.8005
CTNNA1	POP1	3	0.0284	0.8512
KRT8	POP1	3	0.1140	0.7788
LMNA	POP1	3	0.1227	0.7724
MAPRE3	POP1	3	0.0229	0.8552
ACTB	MNT	3	0.1395	0.7612
KRT8	MNT	3	0.0605	0.8212
LMNA	MNT	3	0.1455	0.7573
MAPRE3	MNT	3	0.0264	0.8526
ACTB	SCAF11	3	0.1968	0.7220
CTNNA1	SCAF11	3	0.0388	0.8422
KRT8	SCAF11	3	0.2134	0.7110
LMNA	SCAF11	3	0.1755	0.7364
MAPRE3	SCAF11	3	0.0929	0.7945
ACTB	TIMM17A	3	0.0197	0.8573
KRT8	TIMM17A	3	0.0568	0.8245
LMNA	TIMM17A	3	0.0018	0.8715
ACTB	EIF3C	3	0.3551	0.5504
CTNNA1	EIF3C	3	0.1818	0.7316
KRT8	EIF3C	3	0.3458	0.5659
LMNA	EIF3C	3	0.1947	0.7234
MAPRE3	EIF3C	3	0.2800	0.6570
ACTB	TTC1	3	0.2182	0.7075
CTNNA1	TTC1	3	0.0528	0.8285
KRT8	TTC1	3	0.2819	0.6549
LMNA	TTC1	3	0.0755	0.8080
MAPRE3	TTC1	3	0.1151	0.7781
ACTB	DNAJC7	3	0.1244	0.7712
CTNNA1	DNAJC7	3	0.0259	0.8530
KRT8	DNAJC7	3	0.2395	0.6917
LMNA	DNAJC7	3	0.1218	0.7730
MAPRE3	DNAJC7	3	0.0389	0.8420
ACTB	CDCA3	3	0.0435	0.8373
CTNNA1	CDCA3	3	0.0121	0.8624
KRT8	CDCA3	3	0.0156	0.8600
LMNA	CDCA3	3	0.0172	0.8589
MAPRE3	CDCA3	3	0.0091	0.8643
ACTB	C12orf57	3	0.3050	0.6304
CTNNA1	C12orf57	3	0.1472	0.7560
KRT8	C12orf57	3	0.3296	0.5969
LMNA	C12orf57	3	0.2500	0.6836
MAPRE3	C12orf57	3	0.2020	0.7188
ACTB	COPS8	3	0.0417	0.8391
KRT8	COPS8	3	0.0594	0.8222
LMNA	COPS8	3	0.0176	0.8586
MAPRE3	COPS8	3	0.0000	0.8752
ACTB	PRPF18	3	0.1532	0.7516
CTNNA1	PRPF18	3	0.0194	0.8575
KRT8	PRPF18	3	0.1600	0.7470
LMNA	PRPF18	3	0.2869	0.6499
MAPRE3	PRPF18	3	0.0862	0.7996
CTNNA1	PKMYT1	3	0.1178	0.7757
LMNA	PKMYT1	3	0.7473	0.1019
MAPRE3	PKMYT1	3	0.2626	0.6728
ACTB	OSMR	3	0.0313	0.8488
CTNNA1	OSMR	3	0.0321	0.8481
KRT8	OSMR	3	0.2788	0.6583
LMNA	OSMR	3	0.0606	0.8211
ACTB	CHP1	3	0.0643	0.8177
KRT8	CHP1	3	0.0225	0.8554
LMNA	CHP1	3	0.0589	0.8226
ACTB	KIF2C	3	0.1321	0.7663
CTNNA1	KIF2C	3	0.0593	0.8223
KRT8	KIF2C	3	0.1765	0.7357
LMNA	KIF2C	3	0.1234	0.7720
MAPRE3	KIF2C	3	0.7590	0.0975
ACTB	RGPD5	3	0.0290	0.8507
CTNNA1	RGPD5	3	0.0002	0.8745
KRT8	RGPD5	3	0.0577	0.8237
LMNA	RGPD5	3	0.0029	0.8701
MAPRE3	RGPD5	3	0.0018	0.8715
LMNA	ZNF184	3	0.0047	0.8681
ACTB	LYST	3	0.0460	0.8351
KRT8	LYST	3	0.0510	0.8301
LMNA	LYST	3	0.0075	0.8657
MAPRE3	LYST	3	0.0016	0.8718
ACTB	ATXN2	3	0.2306	0.6986
CTNNA1	ATXN2	3	0.0742	0.8092
KRT8	ATXN2	3	0.2545	0.6796
LMNA	ATXN2	3	0.0958	0.7923
MAPRE3	ATXN2	3	0.2077	0.7149
ACTB	DOK1	3	0.2377	0.6930
CTNNA1	DOK1	3	0.0332	0.8471
KRT8	DOK1	3	0.2894	0.6473
LMNA	DOK1	3	0.1481	0.7554
MAPRE3	DOK1	3	0.1270	0.7695
ACTB	MTR	3	0.2574	0.6769
CTNNA1	MTR	3	0.0840	0.8012
KRT8	MTR	3	0.2806	0.6561
LMNA	MTR	3	0.0919	0.7953
MAPRE3	MTR	3	0.1618	0.7456
ACTB	RBBP8	3	0.0187	0.8579
KRT8	RBBP8	3	0.0210	0.8565
LMNA	RBBP8	3	0.0819	0.8029
MAPRE3	RBBP8	3	0.0062	0.8667
ACTB	HSD17B10	3	0.0875	0.7986
CTNNA1	HSD17B10	3	0.0335	0.8469
KRT8	HSD17B10	3	0.1593	0.7475
LMNA	HSD17B10	3	0.0852	0.8003
MAPRE3	HSD17B10	3	0.0178	0.8584
ACTB	COL12A1	3	0.2750	0.6619
CTNNA1	COL12A1	3	0.0578	0.8236
KRT8	COL12A1	3	0.2881	0.6486
LMNA	COL12A1	3	0.1810	0.7323
MAPRE3	COL12A1	3	0.1520	0.7524
ACTB	BARD1	3	0.1727	0.7383
CTNNA1	BARD1	3	0.0348	0.8459
KRT8	BARD1	3	0.1603	0.7468
LMNA	BARD1	3	0.3032	0.6325
MAPRE3	BARD1	3	0.1530	0.7518
ACTB	HNRNPAB	3	0.1128	0.7797
CTNNA1	HNRNPAB	3	0.0337	0.8467
KRT8	HNRNPAB	3	0.1448	0.7578
LMNA	HNRNPAB	3	0.0830	0.8021
MAPRE3	HNRNPAB	3	0.0339	0.8466
ACTB	NAP1L4	3	0.2368	0.6935
CTNNA1	NAP1L4	3	0.1451	0.7575
KRT8	NAP1L4	3	0.3392	0.5790
LMNA	NAP1L4	3	0.0948	0.7931
MAPRE3	NAP1L4	3	0.1477	0.7556
ACTB	CDC6	3	0.0584	0.8231
KRT8	CDC6	3	0.0496	0.8314
MAPRE3	CDC6	3	0.0530	0.8283
ACTB	NAPG	3	0.2241	0.7033
CTNNA1	NAPG	3	0.0759	0.8076
KRT8	NAPG	3	0.2521	0.6817
LMNA	NAPG	3	0.1568	0.7491
MAPRE3	NAPG	3	0.1299	0.7677
ACTB	PIP5K1A	3	0.1388	0.7618
CTNNA1	PIP5K1A	3	0.0244	0.8541
KRT8	PIP5K1A	3	0.1788	0.7339
LMNA	PIP5K1A	3	0.0605	0.8212
MAPRE3	PIP5K1A	3	0.0178	0.8584
ACTB	ACO2	3	0.1857	0.7293
CTNNA1	ACO2	3	0.1223	0.7727
KRT8	ACO2	3	0.1261	0.7701
LMNA	ACO2	3	0.0631	0.8188
MAPRE3	ACO2	3	0.0163	0.8595
ACTB	SLC29A1	3	0.0209	0.8565
CTNNA1	SLC29A1	3	0.0016	0.8718
KRT8	SLC29A1	3	0.0394	0.8415
LMNA	SLC29A1	3	0.0021	0.8711
ACTB	TSG101	3	0.1189	0.7750
CTNNA1	TSG101	3	0.0477	0.8334
KRT8	TSG101	3	0.1413	0.7601
LMNA	TSG101	3	0.0636	0.8182
MAPRE3	TSG101	3	0.0389	0.8420
ACTB	CPNE1	3	0.0952	0.7928
CTNNA1	CPNE1	3	0.0356	0.8451
KRT8	CPNE1	3	0.1031	0.7870
LMNA	CPNE1	3	0.0889	0.7974
MAPRE3	CPNE1	3	0.0283	0.8513
ACTB	CCT7	3	0.1430	0.7590
CTNNA1	CCT7	3	0.0395	0.8413
KRT8	CCT7	3	0.1299	0.7677
LMNA	CCT7	3	0.0775	0.8064
MAPRE3	CCT7	3	0.0373	0.8437
ACTB	EBNA1BP2	3	0.1025	0.7875
CTNNA1	EBNA1BP2	3	0.0422	0.8386
KRT8	EBNA1BP2	3	0.0778	0.8062
LMNA	EBNA1BP2	3	0.1421	0.7596
MAPRE3	EBNA1BP2	3	0.0748	0.8088
ACTB	HAUS7	3	0.0517	0.8294
CTNNA1	HAUS7	3	0.0004	0.8740
KRT8	HAUS7	3	0.1149	0.7782
LMNA	HAUS7	3	0.0157	0.8599
MAPRE3	HAUS7	3	0.0187	0.8579
ACTB	PRMT1	3	0.0832	0.8019
CTNNA1	PRMT1	3	0.0343	0.8463
KRT8	PRMT1	3	0.1253	0.7706
LMNA	PRMT1	3	0.0657	0.8164
MAPRE3	PRMT1	3	0.0294	0.8503
ACTB	BAG1	3	0.1782	0.7343
CTNNA1	BAG1	3	0.0196	0.8574
KRT8	BAG1	3	0.1898	0.7266
LMNA	BAG1	3	0.1315	0.7666
MAPRE3	BAG1	3	0.0373	0.8437
ACTB	ATF6B	3	0.1996	0.7201
CTNNA1	ATF6B	3	0.0659	0.8162
KRT8	ATF6B	3	0.2595	0.6753
LMNA	ATF6B	3	0.0745	0.8091
MAPRE3	ATF6B	3	0.0841	0.8011
ACTB	SH3GL1	3	0.2454	0.6872
CTNNA1	SH3GL1	3	0.0513	0.8297
KRT8	SH3GL1	3	0.2842	0.6525
LMNA	SH3GL1	3	0.0680	0.8144
MAPRE3	SH3GL1	3	0.1229	0.7723
CTNNA1	SEMA3C	3	0.2123	0.7117
KRT8	SEMA3C	3	0.0633	0.8185
LMNA	SEMA3C	3	0.1914	0.7256
MAPRE3	SEMA3C	3	0.0592	0.8224
ACTB	AKAP9	3	0.2609	0.6743
CTNNA1	AKAP9	3	0.1173	0.7761
KRT8	AKAP9	3	0.2782	0.6589
LMNA	AKAP9	3	0.1270	0.7695
MAPRE3	AKAP9	3	0.2568	0.6774
ACTB	B9D2	3	0.0401	0.8407
KRT8	B9D2	3	0.1201	0.7742
LMNA	B9D2	3	0.0539	0.8274
ACTB	NCAPG	3	0.2829	0.6537
CTNNA1	NCAPG	3	0.0814	0.8034
KRT8	NCAPG	3	0.3028	0.6331
LMNA	NCAPG	3	0.1925	0.7250
MAPRE3	NCAPG	3	0.1796	0.7332
ACTB	PAIP2	3	0.1660	0.7427
CTNNA1	PAIP2	3	0.0623	0.8195
KRT8	PAIP2	3	0.2627	0.6726
LMNA	PAIP2	3	0.0666	0.8156
MAPRE3	PAIP2	3	0.0473	0.8338
ACTB	MAPKAP1	3	0.3114	0.6231
CTNNA1	MAPKAP1	3	0.1554	0.7501
KRT8	MAPKAP1	3	0.3236	0.6054
LMNA	MAPKAP1	3	0.1548	0.7505
MAPRE3	MAPKAP1	3	0.2414	0.6901
ACTB	DDX50	3	0.1394	0.7613
CTNNA1	DDX50	3	0.0373	0.8437
KRT8	DDX50	3	0.1966	0.7222
LMNA	DDX50	3	0.1796	0.7332
MAPRE3	DDX50	3	0.0740	0.8094
ACTB	ELAC2	3	0.1010	0.7885
CTNNA1	ELAC2	3	0.0190	0.8577
KRT8	ELAC2	3	0.1499	0.7539
LMNA	ELAC2	3	0.2377	0.6930
MAPRE3	ELAC2	3	0.0465	0.8346
ACTB	TRIR	3	0.0060	0.8670
KRT8	TRIR	3	0.0317	0.8484
LMNA	TRIR	3	0.1168	0.7765
MAPRE3	TRIR	3	0.0285	0.8511
ACTB	GRWD1	3	0.1567	0.7492
CTNNA1	GRWD1	3	0.0523	0.8289
KRT8	GRWD1	3	0.1977	0.7213
LMNA	GRWD1	3	0.1226	0.7725
MAPRE3	GRWD1	3	0.1341	0.7648
ACTB	MACROD1	3	0.0633	0.8185
CTNNA1	MACROD1	3	0.0605	0.8212
KRT8	MACROD1	3	0.1493	0.7543
LMNA	MACROD1	3	0.1047	0.7857
MAPRE3	MACROD1	3	0.0135	0.8615
ACTB	TCF25	3	0.1332	0.7655
CTNNA1	TCF25	3	0.0373	0.8437
KRT8	TCF25	3	0.2444	0.6878
LMNA	TCF25	3	0.0749	0.8087
MAPRE3	TCF25	3	0.0083	0.8650
ACTB	CMSS1	3	0.0602	0.8215
CTNNA1	CMSS1	3	0.0058	0.8671
KRT8	CMSS1	3	0.0776	0.8063
LMNA	CMSS1	3	0.0320	0.8481
MAPRE3	CMSS1	3	0.0418	0.8390
ACTB	WDR77	3	0.0814	0.8034
CTNNA1	WDR77	3	0.0566	0.8247
KRT8	WDR77	3	0.1103	0.7816
LMNA	WDR77	3	0.0681	0.8143
MAPRE3	WDR77	3	0.0528	0.8285
ACTB	VKORC1	3	0.0599	0.8217
CTNNA1	VKORC1	3	0.0023	0.8708
KRT8	VKORC1	3	0.1159	0.7773
LMNA	VKORC1	3	0.0571	0.8241
MAPRE3	VKORC1	3	0.0130	0.8618
ACTB	TUBA1C	3	0.2056	0.7164
CTNNA1	TUBA1C	3	0.0532	0.8281
KRT8	TUBA1C	3	0.3363	0.5839
LMNA	TUBA1C	3	0.1701	0.7400
MAPRE3	TUBA1C	3	0.1226	0.7725
ACTB	SELENOS	3	0.0223	0.8556
LMNA	SELENOS	3	0.0061	0.8669
ACTB	BCL7B	3	0.1097	0.7820
CTNNA1	BCL7B	3	0.0787	0.8054
KRT8	BCL7B	3	0.0697	0.8130
LMNA	BCL7B	3	0.1120	0.7803
MAPRE3	BCL7B	3	0.0120	0.8625
ACTB	SENP7	3	0.0050	0.8678
KRT8	SENP7	3	0.0068	0.8662
LMNA	SENP7	3	0.1368	0.7630
ACTB	MYBBP1A	3	0.2739	0.6628
CTNNA1	MYBBP1A	3	0.0457	0.8354
KRT8	MYBBP1A	3	0.2816	0.6552
LMNA	MYBBP1A	3	0.2621	0.6730
MAPRE3	MYBBP1A	3	0.1913	0.7256
ACTB	NUDT12	3	0.0318	0.8483
KRT8	NUDT12	3	0.0504	0.8307
LMNA	NUDT12	3	0.0061	0.8669
MAPRE3	NUDT12	3	0.0071	0.8660
ACTB	SLF1	3	0.0137	0.8614
KRT8	SLF1	3	0.1636	0.7442
LMNA	SLF1	3	0.0323	0.8479
MAPRE3	SLF1	3	0.0267	0.8524
ACTB	LPIN3	3	0.1219	0.7729
KRT8	LPIN3	3	0.0584	0.8231
LMNA	LPIN3	3	0.0055	0.8674
MAPRE3	LPIN3	3	0.0086	0.8647
ACTB	FERMT1	3	0.2379	0.6929
CTNNA1	FERMT1	3	0.0724	0.8106
KRT8	FERMT1	3	0.2760	0.6611
LMNA	FERMT1	3	0.1672	0.7419
MAPRE3	FERMT1	3	0.0939	0.7938
ACTB	MGME1	3	0.1102	0.7817
KRT8	MGME1	3	0.5754	0.2243
LMNA	MGME1	3	0.1276	0.7692
MAPRE3	MGME1	3	0.1192	0.7748
ACTB	FYCO1	3	0.2326	0.6972
CTNNA1	FYCO1	3	0.0594	0.8222
KRT8	FYCO1	3	0.2089	0.7142
LMNA	FYCO1	3	0.1963	0.7223
MAPRE3	FYCO1	3	0.2760	0.6611
ACTB	ZSWIM1	3	0.0308	0.8492
KRT8	ZSWIM1	3	0.1056	0.7850
LMNA	ZSWIM1	3	0.0492	0.8318
MAPRE3	ZSWIM1	3	0.0052	0.8677
ACTB	JPH2	3	0.0193	0.8576
CTNNA1	JPH2	3	0.0024	0.8706
KRT8	JPH2	3	0.0389	0.8420
LMNA	JPH2	3	0.0513	0.8297
MAPRE3	JPH2	3	0.0001	0.8748
ACTB	ACBD6	3	0.2435	0.6885
CTNNA1	ACBD6	3	0.0506	0.8305
KRT8	ACBD6	3	0.2094	0.7139
LMNA	ACBD6	3	0.1354	0.7639
MAPRE3	ACBD6	3	0.0608	0.8209
ACTB	CORO1B	3	0.3555	0.5496
CTNNA1	CORO1B	3	0.0773	0.8065
KRT8	CORO1B	3	0.2651	0.6706
LMNA	CORO1B	3	0.0828	0.8022
MAPRE3	CORO1B	3	0.0835	0.8017
ACTB	CCDC77	3	0.0990	0.7898
CTNNA1	CCDC77	3	0.0010	0.8728
KRT8	CCDC77	3	0.1713	0.7392
LMNA	CCDC77	3	0.0328	0.8475
MAPRE3	CCDC77	3	0.0275	0.8519
ACTB	BUD13	3	0.1874	0.7282
CTNNA1	BUD13	3	0.0494	0.8317
KRT8	BUD13	3	0.1603	0.7468
LMNA	BUD13	3	0.2861	0.6506
MAPRE3	BUD13	3	0.1672	0.7419
ACTB	CPPED1	3	0.1128	0.7797
CTNNA1	CPPED1	3	0.0529	0.8284
KRT8	CPPED1	3	0.0899	0.7967
LMNA	CPPED1	3	0.0656	0.8165
MAPRE3	CPPED1	3	0.0338	0.8466
ACTB	MRPL45	3	0.1605	0.7466
KRT8	MRPL45	3	0.4263	0.4172
LMNA	MRPL45	3	0.0814	0.8034
MAPRE3	MRPL45	3	0.0391	0.8418
ACTB	C7orf50	3	0.2037	0.7176
CTNNA1	C7orf50	3	0.0602	0.8215
KRT8	C7orf50	3	0.2146	0.7102
LMNA	C7orf50	3	0.2590	0.6758
MAPRE3	C7orf50	3	0.0965	0.7919
ACTB	NUDT16L1	3	0.1922	0.7251
CTNNA1	NUDT16L1	3	0.0330	0.8473
KRT8	NUDT16L1	3	0.2147	0.7102
LMNA	NUDT16L1	3	0.1682	0.7412
MAPRE3	NUDT16L1	3	0.0580	0.8234
ACTB	LZTS2	3	0.0762	0.8074
CTNNA1	LZTS2	3	0.0294	0.8503
KRT8	LZTS2	3	0.1457	0.7571
LMNA	LZTS2	3	0.0078	0.8654
MAPRE3	LZTS2	3	0.0134	0.8616
ACTB	SRSF8	3	0.1165	0.7768
CTNNA1	SRSF8	3	0.0666	0.8156
KRT8	SRSF8	3	0.1413	0.7601
LMNA	SRSF8	3	0.0450	0.8360
MAPRE3	SRSF8	3	0.0138	0.8613
ACTB	PDCD2L	3	0.1923	0.7251
CTNNA1	PDCD2L	3	0.0320	0.8481
KRT8	PDCD2L	3	0.2515	0.6822
LMNA	PDCD2L	3	0.0755	0.8080
MAPRE3	PDCD2L	3	0.0477	0.8334
ACTB	PYM1	3	0.0348	0.8459
CTNNA1	PYM1	3	0.0011	0.8726
KRT8	PYM1	3	0.0304	0.8495
LMNA	PYM1	3	0.0003	0.8743
MAPRE3	PYM1	3	0.0021	0.8711
LMNA	ZKSCAN3	3	0.0409	0.8399
ACTB	ADPGK	3	0.0818	0.8030
KRT8	ADPGK	3	0.0958	0.7923
LMNA	ADPGK	3	0.0516	0.8295
MAPRE3	ADPGK	3	0.0147	0.8607
ACTB	GPATCH1	3	0.2084	0.7145
CTNNA1	GPATCH1	3	0.0569	0.8244
KRT8	GPATCH1	3	0.2172	0.7082
LMNA	GPATCH1	3	0.3058	0.6296
MAPRE3	GPATCH1	3	0.1847	0.7298
ACTB	RIOK1	3	0.0522	0.8290
CTNNA1	RIOK1	3	0.0005	0.8738
KRT8	RIOK1	3	0.0567	0.8246
LMNA	RIOK1	3	0.0028	0.8702
MAPRE3	RIOK1	3	0.0054	0.8675
ACTB	LARP6	3	0.0505	0.8305
KRT8	LARP6	3	0.0722	0.8109
LMNA	LARP6	3	0.0013	0.8724
MAPRE3	LARP6	3	0.0040	0.8689
ACTB	LLPH	3	0.0244	0.8541
CTNNA1	LLPH	3	0.0321	0.8481
KRT8	LLPH	3	0.0312	0.8489
LMNA	LLPH	3	0.1151	0.7781
MAPRE3	LLPH	3	0.0190	0.8577
ACTB	ZNG1A	3	0.0529	0.8284
CTNNA1	ZNG1A	3	0.0008	0.8732
KRT8	ZNG1A	3	0.0492	0.8318
LMNA	ZNG1A	3	0.0108	0.8633
MAPRE3	ZNG1A	3	0.0124	0.8622
ACTB	GINS4	3	0.0582	0.8233
CTNNA1	GINS4	3	0.0006	0.8736
KRT8	GINS4	3	0.1055	0.7850
LMNA	GINS4	3	0.0351	0.8455
MAPRE3	GINS4	3	0.0100	0.8638
ACTB	PELO	3	0.0915	0.7956
CTNNA1	PELO	3	0.0332	0.8471
KRT8	PELO	3	0.1858	0.7292
LMNA	PELO	3	0.1031	0.7870
MAPRE3	PELO	3	0.0485	0.8325
ACTB	TRIM56	3	0.0178	0.8584
KRT8	TRIM56	3	0.0562	0.8252
LMNA	TRIM56	3	0.0096	0.8640
MAPRE3	TRIM56	3	0.0100	0.8638
ACTB	ERP44	3	0.1856	0.7294
CTNNA1	ERP44	3	0.0282	0.8514
KRT8	ERP44	3	0.2445	0.6878
LMNA	ERP44	3	0.1053	0.7852
MAPRE3	ERP44	3	0.0441	0.8369
ACTB	NOL10	3	0.1939	0.7240
CTNNA1	NOL10	3	0.0538	0.8275
KRT8	NOL10	3	0.2428	0.6890
LMNA	NOL10	3	0.2471	0.6857
MAPRE3	NOL10	3	0.1143	0.7786
ACTB	NTPCR	3	0.1504	0.7536
CTNNA1	NTPCR	3	0.0298	0.8500
KRT8	NTPCR	3	0.1904	0.7263
LMNA	NTPCR	3	0.1042	0.7860
MAPRE3	NTPCR	3	0.0439	0.8371
ACTB	BTBD10	3	0.0476	0.8336
CTNNA1	BTBD10	3	0.0001	0.8748
KRT8	BTBD10	3	0.0897	0.7968
LMNA	BTBD10	3	0.0205	0.8568
MAPRE3	BTBD10	3	0.0137	0.8614
KRT8	TACO1	3	0.1008	0.7886
MAPRE3	TACO1	3	0.0337	0.8467
CTNNA1	HDHD3	3	0.0191	0.8577
KRT8	HDHD3	3	0.0333	0.8471
ACTB	TUBGCP2	3	0.2792	0.6577
CTNNA1	TUBGCP2	3	0.1198	0.7744
KRT8	TUBGCP2	3	0.3265	0.6012
LMNA	TUBGCP2	3	0.1514	0.7530
MAPRE3	TUBGCP2	3	0.2221	0.7048
ACTB	ESYT1	3	0.2616	0.6735
CTNNA1	ESYT1	3	0.0588	0.8227
KRT8	ESYT1	3	0.2736	0.6631
LMNA	ESYT1	3	0.1910	0.7258
MAPRE3	ESYT1	3	0.1240	0.7715
ACTB	UBAC1	3	0.1871	0.7285
CTNNA1	UBAC1	3	0.0202	0.8570
KRT8	UBAC1	3	0.1957	0.7227
LMNA	UBAC1	3	0.0755	0.8080
MAPRE3	UBAC1	3	0.0378	0.8432
ACTB	PHAF1	3	0.0792	0.8052
CTNNA1	PHAF1	3	0.0054	0.8675
KRT8	PHAF1	3	0.1008	0.7886
LMNA	PHAF1	3	0.0089	0.8645
MAPRE3	PHAF1	3	0.0268	0.8523
ACTB	ALG1	3	0.3061	0.6292
CTNNA1	ALG1	3	0.0346	0.8460
KRT8	ALG1	3	0.4287	0.4146
LMNA	ALG1	3	0.3032	0.6325
MAPRE3	ALG1	3	0.2564	0.6778
ACTB	HAUS8	3	0.2229	0.7042
CTNNA1	HAUS8	3	0.0894	0.7969
KRT8	HAUS8	3	0.3068	0.6284
LMNA	HAUS8	3	0.0608	0.8209
MAPRE3	HAUS8	3	0.2214	0.7052
ACTB	INPP5K	3	0.1695	0.7403
CTNNA1	INPP5K	3	0.0101	0.8637
KRT8	INPP5K	3	0.2335	0.6963
LMNA	INPP5K	3	0.1414	0.7600
MAPRE3	INPP5K	3	0.0534	0.8279
ACTB	PSMG3	3	0.1341	0.7648
CTNNA1	PSMG3	3	0.0289	0.8507
KRT8	PSMG3	3	0.1403	0.7607
LMNA	PSMG3	3	0.0998	0.7893
MAPRE3	PSMG3	3	0.0732	0.8100
ACTB	COPS4	3	0.2089	0.7142
CTNNA1	COPS4	3	0.0353	0.8454
KRT8	COPS4	3	0.2323	0.6975
LMNA	COPS4	3	0.1289	0.7684
MAPRE3	COPS4	3	0.0854	0.8002
ACTB	TCHP	3	0.0653	0.8168
KRT8	TCHP	3	0.1487	0.7548
MAPRE3	TCHP	3	0.0111	0.8630
ACTB	WAC	3	0.0870	0.7990
CTNNA1	WAC	3	0.0062	0.8667
KRT8	WAC	3	0.1070	0.7839
LMNA	WAC	3	0.1477	0.7556
MAPRE3	WAC	3	0.0280	0.8515
ACTB	DIDO1	3	0.2029	0.7182
CTNNA1	DIDO1	3	0.0341	0.8464
KRT8	DIDO1	3	0.1699	0.7401
LMNA	DIDO1	3	0.2614	0.6737
MAPRE3	DIDO1	3	0.2220	0.7048
ACTB	MTA3	3	0.1072	0.7837
KRT8	MTA3	3	0.1778	0.7346
LMNA	MTA3	3	0.0702	0.8125
MAPRE3	MTA3	3	0.0254	0.8534
ACTB	DCTN5	3	0.1278	0.7690
CTNNA1	DCTN5	3	0.0128	0.8619
KRT8	DCTN5	3	0.2042	0.7173
LMNA	DCTN5	3	0.1085	0.7828
MAPRE3	DCTN5	3	0.0366	0.8443
ACTB	MCMBP	3	0.1102	0.7817
CTNNA1	MCMBP	3	0.0555	0.8259
KRT8	MCMBP	3	0.1467	0.7563
LMNA	MCMBP	3	0.1359	0.7636
MAPRE3	MCMBP	3	0.0422	0.8386
ACTB	AARSD1	3	0.0344	0.8462
CTNNA1	AARSD1	3	0.0377	0.8433
KRT8	AARSD1	3	0.2385	0.6926
LMNA	AARSD1	3	0.0330	0.8473
MAPRE3	AARSD1	3	0.0275	0.8519
ACTB	DCUN1D5	3	0.2322	0.6975
CTNNA1	DCUN1D5	3	0.0565	0.8248
KRT8	DCUN1D5	3	0.2095	0.7139
LMNA	DCUN1D5	3	0.2731	0.6635
MAPRE3	DCUN1D5	3	0.0807	0.8040
ACTB	URM1	3	0.0590	0.8225
CTNNA1	URM1	3	0.0032	0.8697
KRT8	URM1	3	0.1170	0.7763
LMNA	URM1	3	0.0427	0.8381
MAPRE3	URM1	3	0.0440	0.8370
ACTB	ANP32E	3	0.0032	0.8697
LMNA	ANP32E	3	0.0377	0.8433
ACTB	MED10	3	0.1302	0.7675
KRT8	MED10	3	0.2421	0.6896
LMNA	MED10	3	0.1249	0.7709
ACTB	PI4K2A	3	0.2561	0.6780
CTNNA1	PI4K2A	3	0.0141	0.8610
KRT8	PI4K2A	3	0.1265	0.7698
LMNA	PI4K2A	3	0.0844	0.8010
MAPRE3	PI4K2A	3	0.0891	0.7972
ACTB	DPH7	3	0.0601	0.8216
KRT8	DPH7	3	0.0642	0.8177
LMNA	DPH7	3	0.0220	0.8557
MAPRE3	DPH7	3	0.0005	0.8738
ACTB	TBCD	3	0.2560	0.6781
CTNNA1	TBCD	3	0.0981	0.7905
KRT8	TBCD	3	0.2703	0.6661
LMNA	TBCD	3	0.1252	0.7707
MAPRE3	TBCD	3	0.1261	0.7701
ACTB	NDC1	3	0.1826	0.7311
CTNNA1	NDC1	3	0.0635	0.8183
KRT8	NDC1	3	0.2224	0.7046
LMNA	NDC1	3	0.3568	0.5475
MAPRE3	NDC1	3	0.0980	0.7906
ACTB	TTPAL	3	0.2837	0.6530
CTNNA1	TTPAL	3	0.0334	0.8470
KRT8	TTPAL	3	0.3333	0.5889
LMNA	TTPAL	3	0.1935	0.7243
MAPRE3	TTPAL	3	0.0280	0.8515
ACTB	HGH1	3	0.1605	0.7466
CTNNA1	HGH1	3	0.0479	0.8332
KRT8	HGH1	3	0.1840	0.7302
LMNA	HGH1	3	0.1040	0.7862
MAPRE3	HGH1	3	0.0876	0.7985
ACTB	LMF2	3	0.1289	0.7684
CTNNA1	LMF2	3	0.0139	0.8612
KRT8	LMF2	3	0.2253	0.7023
LMNA	LMF2	3	0.0960	0.7922
MAPRE3	LMF2	3	0.0406	0.8402
ACTB	MMTAG2	3	0.2826	0.6540
CTNNA1	MMTAG2	3	0.0571	0.8241
KRT8	MMTAG2	3	0.2292	0.6995
LMNA	MMTAG2	3	0.2612	0.6739
MAPRE3	MMTAG2	3	0.1085	0.7828
ACTB	DOHH	3	0.1241	0.7714
CTNNA1	DOHH	3	0.0572	0.8240
KRT8	DOHH	3	0.1371	0.7628
LMNA	DOHH	3	0.0605	0.8212
MAPRE3	DOHH	3	0.0434	0.8374
ACTB	MKNK1	3	0.1711	0.7393
KRT8	MKNK1	3	0.3278	0.5987
ACTB	TUBB6	3	0.1653	0.7433
CTNNA1	TUBB6	3	0.0286	0.8510
KRT8	TUBB6	3	0.2834	0.6534
LMNA	TUBB6	3	0.1149	0.7782
MAPRE3	TUBB6	3	0.0583	0.8232
ACTB	PAXX	3	0.1077	0.7833
CTNNA1	PAXX	3	0.0191	0.8577
KRT8	PAXX	3	0.1293	0.7682
LMNA	PAXX	3	0.0755	0.8080
ACTB	BEGAIN	3	0.3171	0.6149
CTNNA1	BEGAIN	3	0.2241	0.7033
KRT8	BEGAIN	3	0.3432	0.5725
LMNA	BEGAIN	3	0.1439	0.7583
MAPRE3	BEGAIN	3	0.2508	0.6830
ACTB	POLR3C	3	0.0786	0.8055
CTNNA1	POLR3C	3	0.0141	0.8610
KRT8	POLR3C	3	0.0755	0.8080
LMNA	POLR3C	3	0.2094	0.7139
MAPRE3	POLR3C	3	0.0139	0.8612
ACTB	HNRNPUL1	3	0.2119	0.7120
CTNNA1	HNRNPUL1	3	0.0564	0.8249
KRT8	HNRNPUL1	3	0.2384	0.6926
LMNA	HNRNPUL1	3	0.2707	0.6657
MAPRE3	HNRNPUL1	3	0.1835	0.7305
ACTB	MSTO1	3	0.2299	0.6991
CTNNA1	MSTO1	3	0.0572	0.8240
KRT8	MSTO1	3	0.2733	0.6633
LMNA	MSTO1	3	0.1392	0.7614
MAPRE3	MSTO1	3	0.1129	0.7796
ACTB	PHF23	3	0.1511	0.7532
CTNNA1	PHF23	3	0.0583	0.8232
KRT8	PHF23	3	0.1023	0.7876
LMNA	PHF23	3	0.2825	0.6540
MAPRE3	PHF23	3	0.0953	0.7927
ACTB	DERL1	3	0.2135	0.7109
CTNNA1	DERL1	3	0.0458	0.8352
KRT8	DERL1	3	0.3325	0.5928
LMNA	DERL1	3	0.1875	0.7282
MAPRE3	DERL1	3	0.1193	0.7747
ACTB	EFHD1	3	0.3451	0.5677
CTNNA1	EFHD1	3	0.0770	0.8067
KRT8	EFHD1	3	0.2455	0.6871
LMNA	EFHD1	3	0.0999	0.7892
MAPRE3	EFHD1	3	0.1157	0.7775
ACTB	DDX23	3	0.1253	0.7706
CTNNA1	DDX23	3	0.0329	0.8474
KRT8	DDX23	3	0.1196	0.7746
LMNA	DDX23	3	0.1518	0.7527
MAPRE3	DDX23	3	0.0455	0.8355
ACTB	WRAP53	3	0.1893	0.7270
CTNNA1	WRAP53	3	0.0343	0.8463
KRT8	WRAP53	3	0.1749	0.7369
LMNA	WRAP53	3	0.1276	0.7692
MAPRE3	WRAP53	3	0.0297	0.8501
ACTB	MRI1	3	0.0889	0.7974
CTNNA1	MRI1	3	0.0194	0.8575
KRT8	MRI1	3	0.1074	0.7836
LMNA	MRI1	3	0.0943	0.7935
ACTB	WDR18	3	0.0702	0.8125
CTNNA1	WDR18	3	0.0507	0.8304
KRT8	WDR18	3	0.1176	0.7759
LMNA	WDR18	3	0.0706	0.8121
MAPRE3	WDR18	3	0.0362	0.8446
ACTB	THUMPD3	3	0.1092	0.7823
CTNNA1	THUMPD3	3	0.0389	0.8420
KRT8	THUMPD3	3	0.1524	0.7522
LMNA	THUMPD3	3	0.0424	0.8383
MAPRE3	THUMPD3	3	0.0385	0.8425
ACTB	ADI1	3	0.0676	0.8148
CTNNA1	ADI1	3	0.0434	0.8374
KRT8	ADI1	3	0.0733	0.8099
LMNA	ADI1	3	0.0706	0.8121
MAPRE3	ADI1	3	0.0237	0.8547
ACTB	CEP250	3	0.0545	0.8269
CTNNA1	CEP250	3	0.0079	0.8653
KRT8	CEP250	3	0.1287	0.7685
LMNA	CEP250	3	0.0159	0.8598
MAPRE3	CEP250	3	0.0151	0.8604
ACTB	KATNB1	3	0.0721	0.8110
CTNNA1	KATNB1	3	0.0060	0.8670
KRT8	KATNB1	3	0.0752	0.8083
LMNA	KATNB1	3	0.0120	0.8625
MAPRE3	KATNB1	3	0.0063	0.8666
ACTB	MLST8	3	0.0786	0.8055
CTNNA1	MLST8	3	0.0524	0.8288
KRT8	MLST8	3	0.0964	0.7920
LMNA	MLST8	3	0.0660	0.8161
MAPRE3	MLST8	3	0.0234	0.8549
ACTB	C2orf49	3	0.0267	0.8524
KRT8	C2orf49	3	0.0598	0.8218
LMNA	C2orf49	3	0.0294	0.8503
MAPRE3	C2orf49	3	0.0136	0.8614
ACTB	TMEM109	3	0.1567	0.7492
LMNA	TMEM109	3	0.7687	0.0768
ACTB	TRIM62	3	0.0275	0.8519
KRT8	TRIM62	3	0.2049	0.7169
ACTB	KIFC3	3	0.0509	0.8302
CTNNA1	KIFC3	3	0.0075	0.8657
KRT8	KIFC3	3	0.1621	0.7454
LMNA	KIFC3	3	0.0205	0.8568
MAPRE3	KIFC3	3	0.0677	0.8147
ACTB	NOC4L	3	0.1400	0.7609
CTNNA1	NOC4L	3	0.0347	0.8460
KRT8	NOC4L	3	0.2195	0.7066
LMNA	NOC4L	3	0.0550	0.8263
MAPRE3	NOC4L	3	0.0263	0.8527
ACTB	UTP14A	3	0.2053	0.7166
CTNNA1	UTP14A	3	0.0310	0.8490
KRT8	UTP14A	3	0.2161	0.7091
LMNA	UTP14A	3	0.2779	0.6594
MAPRE3	UTP14A	3	0.2194	0.7067
ACTB	ALG8	3	0.2785	0.6587
CTNNA1	ALG8	3	0.0130	0.8618
KRT8	ALG8	3	0.3882	0.4845
LMNA	ALG8	3	0.2531	0.6809
MAPRE3	ALG8	3	0.1775	0.7348
ACTB	NUP58	3	0.2480	0.6850
CTNNA1	NUP58	3	0.0590	0.8225
KRT8	NUP58	3	0.2919	0.6447
LMNA	NUP58	3	0.2877	0.6490
MAPRE3	NUP58	3	0.1344	0.7646
ACTB	GNL3	3	0.2059	0.7162
CTNNA1	GNL3	3	0.0329	0.8474
KRT8	GNL3	3	0.2650	0.6707
LMNA	GNL3	3	0.2089	0.7142
MAPRE3	GNL3	3	0.0824	0.8025
ACTB	AFG2B	3	0.2158	0.7093
CTNNA1	AFG2B	3	0.0387	0.8423
KRT8	AFG2B	3	0.2412	0.6903
LMNA	AFG2B	3	0.0651	0.8170
MAPRE3	AFG2B	3	0.1084	0.7828
ACTB	RIOK2	3	0.1337	0.7652
CTNNA1	RIOK2	3	0.0303	0.8496
KRT8	RIOK2	3	0.2552	0.6789
LMNA	RIOK2	3	0.0858	0.7999
MAPRE3	RIOK2	3	0.0470	0.8341
ACTB	KIAA0586	3	0.0575	0.8238
CTNNA1	KIAA0586	3	0.0018	0.8715
KRT8	KIAA0586	3	0.1100	0.7818
LMNA	KIAA0586	3	0.0074	0.8657
MAPRE3	KIAA0586	3	0.0657	0.8164
ACTB	KIFC1	3	0.0504	0.8307
CTNNA1	KIFC1	3	0.0220	0.8557
KRT8	KIFC1	3	0.0883	0.7979
LMNA	KIFC1	3	0.1475	0.7558
MAPRE3	KIFC1	3	0.2078	0.7149
ACTB	NUP85	3	0.1466	0.7564
CTNNA1	NUP85	3	0.0513	0.8297
KRT8	NUP85	3	0.3934	0.4743
LMNA	NUP85	3	0.3441	0.5698
MAPRE3	NUP85	3	0.0565	0.8248
ACTB	ELOVL1	3	0.1326	0.7659
CTNNA1	ELOVL1	3	0.0524	0.8288
KRT8	ELOVL1	3	0.1904	0.7263
LMNA	ELOVL1	3	0.1445	0.7579
MAPRE3	ELOVL1	3	0.0478	0.8333
ACTB	KATNAL1	3	0.2942	0.6424
CTNNA1	KATNAL1	3	0.0822	0.8027
KRT8	KATNAL1	3	0.2892	0.6476
LMNA	KATNAL1	3	0.1283	0.7687
MAPRE3	KATNAL1	3	0.2090	0.7142
ACTB	HIRIP3	3	0.1091	0.7824
CTNNA1	HIRIP3	3	0.0010	0.8728
LMNA	HIRIP3	3	0.1652	0.7433
MAPRE3	HIRIP3	3	0.0113	0.8630
ACTB	HIGD2A	3	0.0850	0.8005
CTNNA1	HIGD2A	3	0.0082	0.8651
KRT8	HIGD2A	3	0.1401	0.7609
LMNA	HIGD2A	3	0.1037	0.7864
MAPRE3	HIGD2A	3	0.0083	0.8650
ACTB	YJU2	3	0.0113	0.8630
KRT8	YJU2	3	0.0016	0.8718
LMNA	YJU2	3	0.0890	0.7973
MAPRE3	YJU2	3	0.0032	0.8697
ACTB	NUDT9	3	0.2387	0.6925
CTNNA1	NUDT9	3	0.0329	0.8474
KRT8	NUDT9	3	0.3092	0.6260
LMNA	NUDT9	3	0.2119	0.7120
MAPRE3	NUDT9	3	0.0796	0.8048
ACTB	TARS2	3	0.1303	0.7674
CTNNA1	TARS2	3	0.0295	0.8502
KRT8	TARS2	3	0.1967	0.7221
LMNA	TARS2	3	0.0919	0.7953
MAPRE3	TARS2	3	0.0519	0.8292
ACTB	ACAT2	3	0.1757	0.7362
CTNNA1	ACAT2	3	0.0285	0.8511
KRT8	ACAT2	3	0.1754	0.7365
LMNA	ACAT2	3	0.0713	0.8116
MAPRE3	ACAT2	3	0.0595	0.8221
KRT8	TRAIP	3	0.0084	0.8649
LMNA	TRAIP	3	0.1064	0.7843
MAPRE3	TRAIP	3	0.0046	0.8682
ACTB	RBM4	3	0.1300	0.7676
CTNNA1	RBM4	3	0.0465	0.8346
KRT8	RBM4	3	0.2103	0.7131
LMNA	RBM4	3	0.2294	0.6995
MAPRE3	RBM4	3	0.0490	0.8320
ACTB	SCNM1	3	0.0517	0.8294
KRT8	SCNM1	3	0.0133	0.8616
LMNA	SCNM1	3	0.1667	0.7422
MAPRE3	SCNM1	3	0.0153	0.8602
ACTB	RPAP1	3	0.2677	0.6683
CTNNA1	RPAP1	3	0.1009	0.7886
KRT8	RPAP1	3	0.3217	0.6076
LMNA	RPAP1	3	0.1727	0.7383
MAPRE3	RPAP1	3	0.1847	0.7298
ACTB	C1orf43	3	0.0750	0.8085
KRT8	C1orf43	3	0.2201	0.7063
LMNA	C1orf43	3	0.2721	0.6643
MAPRE3	C1orf43	3	0.0233	0.8550
ACTB	SFXN3	3	0.2079	0.7148
CTNNA1	SFXN3	3	0.0628	0.8190
KRT8	SFXN3	3	0.4998	0.2952
LMNA	SFXN3	3	0.1609	0.7462
MAPRE3	SFXN3	3	0.0535	0.8278
ACTB	PRR14	3	0.0277	0.8517
KRT8	PRR14	3	0.0709	0.8120
LMNA	PRR14	3	0.5526	0.2448
MAPRE3	PRR14	3	0.0298	0.8500
ACTB	PAPOLG	3	0.1614	0.7459
CTNNA1	PAPOLG	3	0.0716	0.8114
KRT8	PAPOLG	3	0.1562	0.7495
LMNA	PAPOLG	3	0.2850	0.6518
MAPRE3	PAPOLG	3	0.0706	0.8121
ACTB	CARD10	3	0.0391	0.8418
KRT8	CARD10	3	0.1216	0.7732
LMNA	CARD10	3	0.0024	0.8706
MAPRE3	CARD10	3	0.0236	0.8547
ACTB	SLC4A1AP	3	0.0791	0.8052
CTNNA1	SLC4A1AP	3	0.0202	0.8570
KRT8	SLC4A1AP	3	0.0505	0.8305
LMNA	SLC4A1AP	3	0.2363	0.6939
MAPRE3	SLC4A1AP	3	0.0449	0.8361
ACTB	LSM14B	3	0.3627	0.5365
CTNNA1	LSM14B	3	0.1716	0.7389
KRT8	LSM14B	3	0.2833	0.6535
LMNA	LSM14B	3	0.1389	0.7617
MAPRE3	LSM14B	3	0.2306	0.6986
ACTB	BRIP1	3	0.2446	0.6877
CTNNA1	BRIP1	3	0.0979	0.7907
KRT8	BRIP1	3	0.2540	0.6802
LMNA	BRIP1	3	0.3436	0.5710
MAPRE3	BRIP1	3	0.2222	0.7047
ACTB	HINT2	3	0.0210	0.8565
CTNNA1	HINT2	3	0.0043	0.8685
KRT8	HINT2	3	0.1102	0.7817
LMNA	HINT2	3	0.0218	0.8559
ACTB	CARD6	3	0.1949	0.7233
CTNNA1	CARD6	3	0.0832	0.8019
KRT8	CARD6	3	0.3014	0.6347
LMNA	CARD6	3	0.0882	0.7980
MAPRE3	CARD6	3	0.3796	0.5045
ACTB	LGR4	3	0.0468	0.8343
CTNNA1	LGR4	3	0.0061	0.8669
KRT8	LGR4	3	0.0095	0.8641
LMNA	LGR4	3	0.0286	0.8510
MAPRE3	LGR4	3	0.0282	0.8514
ACTB	OSBPL11	3	0.2791	0.6579
CTNNA1	OSBPL11	3	0.0930	0.7945
KRT8	OSBPL11	3	0.3009	0.6355
LMNA	OSBPL11	3	0.1694	0.7404
MAPRE3	OSBPL11	3	0.1803	0.7327
ACTB	OSBPL10	3	0.2097	0.7137
CTNNA1	OSBPL10	3	0.0482	0.8328
KRT8	OSBPL10	3	0.2496	0.6839
LMNA	OSBPL10	3	0.0714	0.8116
MAPRE3	OSBPL10	3	0.1180	0.7756
ACTB	SPATA16	3	0.7106	0.1352
CTNNA1	SPATA16	3	0.0576	0.8238
KRT8	SPATA16	3	0.0566	0.8247
LMNA	SPATA16	3	0.0664	0.8158
MAPRE3	SPATA16	3	0.0457	0.8354
ACTB	BBS2	3	0.0770	0.8067
KRT8	BBS2	3	0.1707	0.7396
LMNA	BBS2	3	0.0209	0.8565
MAPRE3	BBS2	3	0.0215	0.8561
ACTB	RAB11FIP5	3	0.3534	0.5529
CTNNA1	RAB11FIP5	3	0.2206	0.7059
KRT8	RAB11FIP5	3	0.3498	0.5597
LMNA	RAB11FIP5	3	0.2102	0.7131
MAPRE3	RAB11FIP5	3	0.2581	0.6764
ACTB	NAA15	3	0.1868	0.7288
CTNNA1	NAA15	3	0.0415	0.8393
KRT8	NAA15	3	0.2277	0.7006
LMNA	NAA15	3	0.1029	0.7872
MAPRE3	NAA15	3	0.0771	0.8066
ACTB	BCL2L13	3	0.0270	0.8522
CTNNA1	BCL2L13	3	0.0004	0.8740
KRT8	BCL2L13	3	0.0192	0.8576
LMNA	BCL2L13	3	0.0007	0.8734
MAPRE3	BCL2L13	3	0.0017	0.8717
ACTB	SRRT	3	0.1222	0.7728
CTNNA1	SRRT	3	0.0314	0.8487
KRT8	SRRT	3	0.1752	0.7367
LMNA	SRRT	3	0.0769	0.8068
MAPRE3	SRRT	3	0.0332	0.8471
ACTB	AP1M1	3	0.1641	0.7439
CTNNA1	AP1M1	3	0.0252	0.8535
KRT8	AP1M1	3	0.2853	0.6515
LMNA	AP1M1	3	0.1704	0.7398
MAPRE3	AP1M1	3	0.0922	0.7951
ACTB	NUSAP1	3	0.2199	0.7064
CTNNA1	NUSAP1	3	0.0181	0.8582
KRT8	NUSAP1	3	0.1694	0.7404
LMNA	NUSAP1	3	0.2101	0.7132
MAPRE3	NUSAP1	3	0.2624	0.6730
KRT8	SLC26A6	3	0.1943	0.7237
LMNA	SLC26A6	3	0.4959	0.3038
ACTB	HDHD5	3	0.0808	0.8039
CTNNA1	HDHD5	3	0.0331	0.8472
KRT8	HDHD5	3	0.1067	0.7841
LMNA	HDHD5	3	0.0567	0.8246
MAPRE3	HDHD5	3	0.0220	0.8557
ACTB	FANCD2	3	0.1997	0.7200
CTNNA1	FANCD2	3	0.0472	0.8340
KRT8	FANCD2	3	0.2469	0.6859
LMNA	FANCD2	3	0.2425	0.6893
MAPRE3	FANCD2	3	0.0954	0.7927
ACTB	MAK16	3	0.1439	0.7583
CTNNA1	MAK16	3	0.0283	0.8513
KRT8	MAK16	3	0.1780	0.7344
LMNA	MAK16	3	0.0719	0.8111
MAPRE3	MAK16	3	0.0297	0.8501
ACTB	ITPA	3	0.1277	0.7691
CTNNA1	ITPA	3	0.0568	0.8245
KRT8	ITPA	3	0.1798	0.7330
LMNA	ITPA	3	0.1069	0.7840
MAPRE3	ITPA	3	0.0441	0.8369
ACTB	RTF2	3	0.0620	0.8197
CTNNA1	RTF2	3	0.0393	0.8416
KRT8	RTF2	3	0.0801	0.8045
LMNA	RTF2	3	0.1821	0.7315
MAPRE3	RTF2	3	0.0364	0.8445
ACTB	CHMP4A	3	0.0486	0.8324
KRT8	CHMP4A	3	0.0665	0.8157
LMNA	CHMP4A	3	0.0947	0.7932
MAPRE3	CHMP4A	3	0.0014	0.8722
ACTB	EIF2A	3	0.3283	0.5981
CTNNA1	EIF2A	3	0.1775	0.7348
KRT8	EIF2A	3	0.3156	0.6165
LMNA	EIF2A	3	0.1404	0.7606
MAPRE3	EIF2A	3	0.2825	0.6540
ACTB	POLDIP3	3	0.1773	0.7350
CTNNA1	POLDIP3	3	0.0180	0.8583
KRT8	POLDIP3	3	0.2499	0.6837
LMNA	POLDIP3	3	0.2870	0.6498
MAPRE3	POLDIP3	3	0.2449	0.6875
ACTB	KIAA1671	3	0.3125	0.6217
CTNNA1	KIAA1671	3	0.1302	0.7675
KRT8	KIAA1671	3	0.2926	0.6439
LMNA	KIAA1671	3	0.0990	0.7898
MAPRE3	KIAA1671	3	0.2008	0.7195
ACTB	GNB1L	3	0.1057	0.7849
CTNNA1	GNB1L	3	0.0436	0.8372
KRT8	GNB1L	3	0.5110	0.2765
LMNA	GNB1L	3	0.0824	0.8025
MAPRE3	GNB1L	3	0.0578	0.8236
ACTB	MRPL20	3	0.1116	0.7806
CTNNA1	MRPL20	3	0.0030	0.8700
KRT8	MRPL20	3	0.0851	0.8005
LMNA	MRPL20	3	0.0502	0.8309
MAPRE3	MRPL20	3	0.0009	0.8730
CTNNA1	MRPL9	3	0.0174	0.8588
KRT8	MRPL9	3	0.2086	0.7144
MAPRE3	MRPL9	3	0.0181	0.8582
ACTB	PCGF6	3	0.1786	0.7340
CTNNA1	PCGF6	3	0.0076	0.8656
KRT8	PCGF6	3	0.1501	0.7538
LMNA	PCGF6	3	0.1811	0.7322
MAPRE3	PCGF6	3	0.1496	0.7541
ACTB	NIFK	3	0.0975	0.7910
CTNNA1	NIFK	3	0.0291	0.8506
KRT8	NIFK	3	0.1261	0.7701
LMNA	NIFK	3	0.0855	0.8001
MAPRE3	NIFK	3	0.0151	0.8604
ACTB	HYCC1	3	0.0363	0.8446
CTNNA1	HYCC1	3	0.0012	0.8725
KRT8	HYCC1	3	0.0858	0.7999
LMNA	HYCC1	3	0.0102	0.8637
MAPRE3	HYCC1	3	0.0037	0.8691
ACTB	YTHDF1	3	0.1273	0.7694
CTNNA1	YTHDF1	3	0.0196	0.8574
KRT8	YTHDF1	3	0.2443	0.6880
LMNA	YTHDF1	3	0.0645	0.8175
MAPRE3	YTHDF1	3	0.0444	0.8366
ACTB	NLN	3	0.0913	0.7957
CTNNA1	NLN	3	0.0357	0.8451
KRT8	NLN	3	0.1315	0.7666
LMNA	NLN	3	0.0734	0.8098
MAPRE3	NLN	3	0.0117	0.8627
ACTB	SETD2	3	0.1788	0.7339
CTNNA1	SETD2	3	0.0400	0.8409
KRT8	SETD2	3	0.1977	0.7213
LMNA	SETD2	3	0.2607	0.6745
MAPRE3	SETD2	3	0.1770	0.7353
ACTB	TBC1D2	3	0.2881	0.6486
CTNNA1	TBC1D2	3	0.0980	0.7906
KRT8	TBC1D2	3	0.3055	0.6299
LMNA	TBC1D2	3	0.1275	0.7692
MAPRE3	TBC1D2	3	0.2059	0.7162
ACTB	DOCK9	3	0.3369	0.5831
CTNNA1	DOCK9	3	0.2004	0.7197
KRT8	DOCK9	3	0.3265	0.6012
LMNA	DOCK9	3	0.1689	0.7407
MAPRE3	DOCK9	3	0.2631	0.6723
ACTB	PITPNM3	3	0.1280	0.7689
KRT8	PITPNM3	3	0.1971	0.7218
MAPRE3	PITPNM3	3	0.0366	0.8443
ACTB	NSD3	3	0.0077	0.8655
CTNNA1	NSD3	3	0.0004	0.8740
KRT8	NSD3	3	0.0107	0.8633
LMNA	NSD3	3	0.0759	0.8076
MAPRE3	NSD3	3	0.0029	0.8701
ACTB	NUF2	3	0.3276	0.5993
CTNNA1	NUF2	3	0.0081	0.8652
KRT8	NUF2	3	0.3328	0.5922
LMNA	NUF2	3	0.1490	0.7546
MAPRE3	NUF2	3	0.3123	0.6219
ACTB	MRPL37	3	0.1535	0.7514
CTNNA1	MRPL37	3	0.0304	0.8495
KRT8	MRPL37	3	0.2858	0.6511
LMNA	MRPL37	3	0.0951	0.7929
MAPRE3	MRPL37	3	0.0419	0.8389
ACTB	GTPBP4	3	0.2009	0.7194
CTNNA1	GTPBP4	3	0.0325	0.8478
KRT8	GTPBP4	3	0.2501	0.6835
LMNA	GTPBP4	3	0.2369	0.6934
MAPRE3	GTPBP4	3	0.0965	0.7919
ACTB	OSBPL8	3	0.0220	0.8557
CTNNA1	OSBPL8	3	0.0078	0.8654
KRT8	OSBPL8	3	0.0324	0.8478
LMNA	OSBPL8	3	0.0043	0.8685
MAPRE3	OSBPL8	3	0.0012	0.8725
ACTB	OSBPL6	3	0.0414	0.8394
KRT8	OSBPL6	3	0.0554	0.8260
LMNA	OSBPL6	3	0.0034	0.8695
MAPRE3	OSBPL6	3	0.0117	0.8627
ACTB	UACA	3	0.3843	0.4938
CTNNA1	UACA	3	0.3114	0.6231
KRT8	UACA	3	0.3734	0.5154
LMNA	UACA	3	0.1673	0.7418
MAPRE3	UACA	3	0.2867	0.6501
ACTB	RAB34	3	0.0927	0.7947
CTNNA1	RAB34	3	0.0317	0.8484
KRT8	RAB34	3	0.1319	0.7664
LMNA	RAB34	3	0.1379	0.7623
MAPRE3	RAB34	3	0.0376	0.8434
ACTB	DPH1	3	0.1439	0.7583
CTNNA1	DPH1	3	0.0165	0.8594
KRT8	DPH1	3	0.1891	0.7271
LMNA	DPH1	3	0.0662	0.8160
MAPRE3	DPH1	3	0.0451	0.8359
ACTB	WDR11	3	0.2619	0.6732
CTNNA1	WDR11	3	0.0429	0.8379
KRT8	WDR11	3	0.2989	0.6373
LMNA	WDR11	3	0.1394	0.7613
MAPRE3	WDR11	3	0.1366	0.7631
ACTB	UPF3B	3	0.2097	0.7137
CTNNA1	UPF3B	3	0.0323	0.8479
KRT8	UPF3B	3	0.1958	0.7226
LMNA	UPF3B	3	0.1760	0.7360
MAPRE3	UPF3B	3	0.1825	0.7312
ACTB	CRNKL1	3	0.2433	0.6886
KRT8	CRNKL1	3	0.2254	0.7022
LMNA	CRNKL1	3	0.3140	0.6194
MAPRE3	CRNKL1	3	0.1122	0.7802
ACTB	TBL1XR1	3	0.1666	0.7422
CTNNA1	TBL1XR1	3	0.0340	0.8465
KRT8	TBL1XR1	3	0.1363	0.7633
LMNA	TBL1XR1	3	0.0987	0.7901
MAPRE3	TBL1XR1	3	0.0303	0.8496
ACTB	PPP1R12C	3	0.0902	0.7964
KRT8	PPP1R12C	3	0.0837	0.8015
MAPRE3	PPP1R12C	3	0.0037	0.8691
ACTB	NIBAN1	3	0.1506	0.7535
CTNNA1	NIBAN1	3	0.0493	0.8317
KRT8	NIBAN1	3	0.1321	0.7663
LMNA	NIBAN1	3	0.0349	0.8457
MAPRE3	NIBAN1	3	0.0192	0.8576
ACTB	UBXN6	3	0.2373	0.6932
CTNNA1	UBXN6	3	0.0661	0.8160
KRT8	UBXN6	3	0.2502	0.6834
LMNA	UBXN6	3	0.2439	0.6882
MAPRE3	UBXN6	3	0.1095	0.7821
ACTB	UCK2	3	0.2046	0.7171
CTNNA1	UCK2	3	0.0229	0.8552
KRT8	UCK2	3	0.1866	0.7289
LMNA	UCK2	3	0.1180	0.7756
MAPRE3	UCK2	3	0.0771	0.8066
ACTB	API5	3	0.3379	0.5812
CTNNA1	API5	3	0.1278	0.7690
KRT8	API5	3	0.3198	0.6105
LMNA	API5	3	0.2481	0.6849
MAPRE3	API5	3	0.2178	0.7078
ACTB	TRIM5	3	0.1791	0.7336
CTNNA1	TRIM5	3	0.0034	0.8695
KRT8	TRIM5	3	0.2664	0.6696
LMNA	TRIM5	3	0.0606	0.8211
MAPRE3	TRIM5	3	0.0668	0.8155
ACTB	KRT23	3	0.1300	0.7676
LMNA	KRT23	3	0.0262	0.8528
ACTB	UNK	3	0.2631	0.6723
CTNNA1	UNK	3	0.1076	0.7834
KRT8	UNK	3	0.2979	0.6381
LMNA	UNK	3	0.1773	0.7350
MAPRE3	UNK	3	0.1628	0.7449
ACTB	FTO	3	0.0736	0.8097
CTNNA1	FTO	3	0.0473	0.8338
KRT8	FTO	3	0.0816	0.8032
LMNA	FTO	3	0.0735	0.8098
MAPRE3	FTO	3	0.0205	0.8568
ACTB	ZDHHC5	3	0.0562	0.8252
CTNNA1	ZDHHC5	3	0.0027	0.8703
KRT8	ZDHHC5	3	0.0154	0.8601
LMNA	ZDHHC5	3	0.0006	0.8736
MAPRE3	ZDHHC5	3	0.0094	0.8642
ACTB	TANGO6	3	0.0428	0.8380
CTNNA1	TANGO6	3	0.0008	0.8732
KRT8	TANGO6	3	0.0769	0.8068
LMNA	TANGO6	3	0.0293	0.8504
MAPRE3	TANGO6	3	0.0063	0.8666
ACTB	ZCCHC2	3	0.0469	0.8342
KRT8	ZCCHC2	3	0.0657	0.8164
LMNA	ZCCHC2	3	0.0096	0.8640
MAPRE3	ZCCHC2	3	0.0198	0.8572
ACTB	TNKS1BP1	3	0.3676	0.5247
CTNNA1	TNKS1BP1	3	0.2175	0.7080
KRT8	TNKS1BP1	3	0.3179	0.6138
LMNA	TNKS1BP1	3	0.1419	0.7597
MAPRE3	TNKS1BP1	3	0.2413	0.6902
ACTB	UBE2O	3	0.2468	0.6860
CTNNA1	UBE2O	3	0.0977	0.7908
KRT8	UBE2O	3	0.3010	0.6354
LMNA	UBE2O	3	0.0737	0.8096
MAPRE3	UBE2O	3	0.1006	0.7888
ACTB	CEP295	3	0.0348	0.8459
CTNNA1	CEP295	3	0.0014	0.8722
KRT8	CEP295	3	0.1198	0.7744
LMNA	CEP295	3	0.0229	0.8552
MAPRE3	CEP295	3	0.0352	0.8455
LMNA	ZYG11B	3	0.0007	0.8734
ACTB	TANC1	3	0.3557	0.5487
CTNNA1	TANC1	3	0.2396	0.6916
KRT8	TANC1	3	0.3777	0.5081
LMNA	TANC1	3	0.1450	0.7576
MAPRE3	TANC1	3	0.3184	0.6131
ACTB	ZC3H12C	3	0.0643	0.8177
KRT8	ZC3H12C	3	0.1207	0.7737
LMNA	ZC3H12C	3	0.0001	0.8748
MAPRE3	ZC3H12C	3	0.0524	0.8288
ACTB	SELENOI	3	0.1255	0.7705
CTNNA1	SELENOI	3	0.0256	0.8532
KRT8	SELENOI	3	0.2276	0.7007
LMNA	SELENOI	3	0.0998	0.7893
MAPRE3	SELENOI	3	0.0378	0.8432
ACTB	XPO4	3	0.1606	0.7465
KRT8	XPO4	3	0.2491	0.6842
LMNA	XPO4	3	0.0341	0.8464
ACTB	CEP44	3	0.2194	0.7067
CTNNA1	CEP44	3	0.0817	0.8031
KRT8	CEP44	3	0.3392	0.5790
LMNA	CEP44	3	0.1060	0.7846
MAPRE3	CEP44	3	0.3097	0.6254
KRT8	ZNF407	3	0.0109	0.8632
LMNA	ZNF407	3	0.1038	0.7864
ACTB	ARHGAP39	3	0.0508	0.8303
CTNNA1	ARHGAP39	3	0.0025	0.8705
KRT8	ARHGAP39	3	0.0329	0.8474
LMNA	ARHGAP39	3	0.0167	0.8593
MAPRE3	ARHGAP39	3	0.0013	0.8724
ACTB	MTMR12	3	0.2072	0.7154
CTNNA1	MTMR12	3	0.0284	0.8512
KRT8	MTMR12	3	0.2531	0.6809
LMNA	MTMR12	3	0.1077	0.7833
MAPRE3	MTMR12	3	0.0651	0.8170
ACTB	WDR33	3	0.0001	0.8748
KRT8	WDR33	3	0.0042	0.8687
LMNA	WDR33	3	0.0049	0.8679
MAPRE3	WDR33	3	0.0001	0.8748
ACTB	WDR12	3	0.1695	0.7403
CTNNA1	WDR12	3	0.0748	0.8088
KRT8	WDR12	3	0.3802	0.5025
LMNA	WDR12	3	0.2688	0.6674
MAPRE3	WDR12	3	0.0524	0.8288
ACTB	YIPF3	3	0.0180	0.8583
KRT8	YIPF3	3	0.0261	0.8529
LMNA	YIPF3	3	0.0104	0.8635
MAPRE3	YIPF3	3	0.0034	0.8695
ACTB	ADISSP	3	0.1144	0.7785
CTNNA1	ADISSP	3	0.0286	0.8510
KRT8	ADISSP	3	0.1414	0.7600
LMNA	ADISSP	3	0.0690	0.8136
MAPRE3	ADISSP	3	0.0221	0.8557
ACTB	PITHD1	3	0.0877	0.7984
CTNNA1	PITHD1	3	0.0438	0.8371
KRT8	PITHD1	3	0.1742	0.7374
LMNA	PITHD1	3	0.0907	0.7961
MAPRE3	PITHD1	3	0.0528	0.8285
ACTB	DERL2	3	0.0612	0.8205
KRT8	DERL2	3	0.1396	0.7612
LMNA	DERL2	3	0.0310	0.8490
ACTB	SENP6	3	0.1630	0.7447
CTNNA1	SENP6	3	0.0122	0.8623
KRT8	SENP6	3	0.1725	0.7384
LMNA	SENP6	3	0.3659	0.5292
MAPRE3	SENP6	3	0.1654	0.7431
ACTB	REXO4	3	0.2186	0.7072
KRT8	REXO4	3	0.2053	0.7166
LMNA	REXO4	3	0.3093	0.6258
MAPRE3	REXO4	3	0.1211	0.7735
ACTB	DDX24	3	0.2419	0.6898
CTNNA1	DDX24	3	0.0891	0.7972
KRT8	DDX24	3	0.2973	0.6389
LMNA	DDX24	3	0.2339	0.6960
MAPRE3	DDX24	3	0.1246	0.7711
ACTB	POLR1E	3	0.0889	0.7974
CTNNA1	POLR1E	3	0.0698	0.8129
KRT8	POLR1E	3	0.0946	0.7933
LMNA	POLR1E	3	0.1885	0.7275
MAPRE3	POLR1E	3	0.0721	0.8110
ACTB	SLIRP	3	0.1284	0.7686
CTNNA1	SLIRP	3	0.0339	0.8466
KRT8	SLIRP	3	0.1550	0.7503
LMNA	SLIRP	3	0.1206	0.7739
MAPRE3	SLIRP	3	0.0169	0.8592
ACTB	NIF3L1	3	0.0309	0.8491
CTNNA1	NIF3L1	3	0.0005	0.8738
KRT8	NIF3L1	3	0.0539	0.8274
LMNA	NIF3L1	3	0.0084	0.8649
MAPRE3	NIF3L1	3	0.0023	0.8708
ACTB	EGLN1	3	0.1713	0.7392
CTNNA1	EGLN1	3	0.0347	0.8460
KRT8	EGLN1	3	0.2105	0.7129
LMNA	EGLN1	3	0.0978	0.7907
MAPRE3	EGLN1	3	0.0798	0.8047
ACTB	PSME3IP1	3	0.1788	0.7339
CTNNA1	PSME3IP1	3	0.0603	0.8214
KRT8	PSME3IP1	3	0.1599	0.7471
LMNA	PSME3IP1	3	0.2973	0.6389
MAPRE3	PSME3IP1	3	0.1350	0.7642
ACTB	WWTR1	3	0.1829	0.7309
CTNNA1	WWTR1	3	0.0122	0.8623
KRT8	WWTR1	3	0.1600	0.7470
LMNA	WWTR1	3	0.0495	0.8316
MAPRE3	WWTR1	3	0.0434	0.8374
ACTB	MFF	3	0.1532	0.7516
CTNNA1	MFF	3	0.0076	0.8656
KRT8	MFF	3	0.1422	0.7595
LMNA	MFF	3	0.0294	0.8503
MAPRE3	MFF	3	0.0196	0.8574
ACTB	NAA50	3	0.1361	0.7635
CTNNA1	NAA50	3	0.0212	0.8563
KRT8	NAA50	3	0.1992	0.7203
LMNA	NAA50	3	0.1245	0.7712
MAPRE3	NAA50	3	0.0797	0.8048
ACTB	MKRN2	3	0.1857	0.7293
CTNNA1	MKRN2	3	0.0521	0.8291
KRT8	MKRN2	3	0.2554	0.6787
LMNA	MKRN2	3	0.0996	0.7895
MAPRE3	MKRN2	3	0.0883	0.7979
ACTB	MTFR1L	3	0.0476	0.8336
CTNNA1	MTFR1L	3	0.0008	0.8732
KRT8	MTFR1L	3	0.0670	0.8153
LMNA	MTFR1L	3	0.0032	0.8697
MAPRE3	MTFR1L	3	0.0040	0.8689
ACTB	TMEM126A	3	0.2352	0.6948
CTNNA1	TMEM126A	3	0.0157	0.8599
KRT8	TMEM126A	3	0.2778	0.6594
LMNA	TMEM126A	3	0.1627	0.7449
MAPRE3	TMEM126A	3	0.0555	0.8259
ACTB	PAIP1	3	0.1129	0.7796
CTNNA1	PAIP1	3	0.0319	0.8483
KRT8	PAIP1	3	0.1492	0.7544
LMNA	PAIP1	3	0.0531	0.8282
MAPRE3	PAIP1	3	0.0388	0.8422
ACTB	CLPB	3	0.0951	0.7929
CTNNA1	CLPB	3	0.0571	0.8241
KRT8	CLPB	3	0.1837	0.7304
LMNA	CLPB	3	0.0964	0.7920
MAPRE3	CLPB	3	0.0448	0.8362
ACTB	LSG1	3	0.2490	0.6844
CTNNA1	LSG1	3	0.0869	0.7990
KRT8	LSG1	3	0.2975	0.6387
LMNA	LSG1	3	0.3567	0.5477
MAPRE3	LSG1	3	0.2332	0.6965
ACTB	FAM107B	3	0.1775	0.7348
CTNNA1	FAM107B	3	0.0027	0.8703
KRT8	FAM107B	3	0.1698	0.7402
LMNA	FAM107B	3	0.0500	0.8311
MAPRE3	FAM107B	3	0.0318	0.8483
ACTB	NAT10	3	0.1184	0.7754
CTNNA1	NAT10	3	0.0300	0.8498
KRT8	NAT10	3	0.2250	0.7026
LMNA	NAT10	3	0.2791	0.6579
MAPRE3	NAT10	3	0.0748	0.8088
ACTB	COMMD4	3	0.1005	0.7889
CTNNA1	COMMD4	3	0.0361	0.8447
KRT8	COMMD4	3	0.2933	0.6431
LMNA	COMMD4	3	0.1065	0.7843
MAPRE3	COMMD4	3	0.0508	0.8303
ACTB	KLC2	3	0.3060	0.6293
CTNNA1	KLC2	3	0.1301	0.7675
KRT8	KLC2	3	0.3482	0.5622
LMNA	KLC2	3	0.1910	0.7258
MAPRE3	KLC2	3	0.2558	0.6783
ACTB	ILKAP	3	0.1808	0.7325
CTNNA1	ILKAP	3	0.0571	0.8241
KRT8	ILKAP	3	0.1838	0.7303
LMNA	ILKAP	3	0.2796	0.6573
MAPRE3	ILKAP	3	0.1245	0.7712
ACTB	XRN2	3	0.1207	0.7737
CTNNA1	XRN2	3	0.0286	0.8510
KRT8	XRN2	3	0.1790	0.7337
LMNA	XRN2	3	0.1771	0.7352
MAPRE3	XRN2	3	0.0613	0.8204
KRT8	SAP130	3	0.0013	0.8724
LMNA	SAP130	3	0.0212	0.8563
MAPRE3	SAP130	3	0.0022	0.8710
ACTB	BRD8	3	0.2848	0.6519
KRT8	BRD8	3	0.2028	0.7184
LMNA	BRD8	3	0.3275	0.5998
MAPRE3	BRD8	3	0.1815	0.7319
ACTB	NSRP1	3	0.2553	0.6788
CTNNA1	NSRP1	3	0.1136	0.7790
KRT8	NSRP1	3	0.2510	0.6828
LMNA	NSRP1	3	0.3458	0.5659
MAPRE3	NSRP1	3	0.2304	0.6988
ACTB	INTS2	3	0.0822	0.8027
KRT8	INTS2	3	0.1857	0.7293
LMNA	INTS2	3	0.0764	0.8072
ACTB	KLHL25	3	0.0334	0.8470
MAPRE3	KLHL25	3	0.0638	0.8181
ACTB	RACGAP1	3	0.2000	0.7199
CTNNA1	RACGAP1	3	0.0353	0.8454
KRT8	RACGAP1	3	0.2142	0.7105
LMNA	RACGAP1	3	0.2588	0.6759
MAPRE3	RACGAP1	3	0.1975	0.7215
ACTB	PARP12	3	0.1611	0.7461
CTNNA1	PARP12	3	0.0337	0.8467
KRT8	PARP12	3	0.1826	0.7311
LMNA	PARP12	3	0.0578	0.8236
MAPRE3	PARP12	3	0.0934	0.7942
ACTB	SIK2	3	0.0486	0.8324
CTNNA1	SIK2	3	0.0017	0.8717
KRT8	SIK2	3	0.0722	0.8109
LMNA	SIK2	3	0.0051	0.8678
MAPRE3	SIK2	3	0.0037	0.8691
ACTB	PUS7L	3	0.0081	0.8652
KRT8	PUS7L	3	0.0062	0.8667
LMNA	PUS7L	3	0.0408	0.8400
MAPRE3	PUS7L	3	0.0055	0.8674
ACTB	CSTF2T	3	0.3179	0.6138
CTNNA1	CSTF2T	3	0.1157	0.7775
KRT8	CSTF2T	3	0.3207	0.6091
LMNA	CSTF2T	3	0.2859	0.6509
MAPRE3	CSTF2T	3	0.2402	0.6911
ACTB	PCBD2	3	0.0945	0.7934
ACTB	HDHD2	3	0.1078	0.7833
CTNNA1	HDHD2	3	0.0570	0.8242
KRT8	HDHD2	3	0.0868	0.7991
LMNA	HDHD2	3	0.0885	0.7977
MAPRE3	HDHD2	3	0.0550	0.8263
ACTB	DDX47	3	0.2098	0.7136
CTNNA1	DDX47	3	0.0362	0.8446
KRT8	DDX47	3	0.2591	0.6756
LMNA	DDX47	3	0.1791	0.7336
MAPRE3	DDX47	3	0.1162	0.7770
ACTB	RAB17	3	0.1542	0.7509
CTNNA1	RAB17	3	0.0273	0.8520
KRT8	RAB17	3	0.1107	0.7813
LMNA	RAB17	3	0.0740	0.8094
MAPRE3	RAB17	3	0.0339	0.8466
ACTB	RAB1B	3	0.1207	0.7737
CTNNA1	RAB1B	3	0.0304	0.8495
KRT8	RAB1B	3	0.1155	0.7777
LMNA	RAB1B	3	0.1187	0.7752
MAPRE3	RAB1B	3	0.0148	0.8606
ACTB	TSPYL1	3	0.2153	0.7097
CTNNA1	TSPYL1	3	0.0378	0.8432
KRT8	TSPYL1	3	0.2354	0.6946
LMNA	TSPYL1	3	0.2705	0.6659
MAPRE3	TSPYL1	3	0.1021	0.7878
ACTB	SMG9	3	0.2343	0.6955
CTNNA1	SMG9	3	0.0686	0.8139
KRT8	SMG9	3	0.2820	0.6547
LMNA	SMG9	3	0.0758	0.8077
MAPRE3	SMG9	3	0.1389	0.7617
ACTB	C11orf54	3	0.0666	0.8156
CTNNA1	C11orf54	3	0.0230	0.8551
KRT8	C11orf54	3	0.0958	0.7923
LMNA	C11orf54	3	0.0595	0.8221
MAPRE3	C11orf54	3	0.0235	0.8548
ACTB	DNTTIP1	3	0.0178	0.8584
LMNA	DNTTIP1	3	0.0238	0.8546
MAPRE3	DNTTIP1	3	0.0029	0.8701
ACTB	ANAPC1	3	0.3200	0.6103
CTNNA1	ANAPC1	3	0.1109	0.7811
KRT8	ANAPC1	3	0.3971	0.4688
LMNA	ANAPC1	3	0.2700	0.6664
MAPRE3	ANAPC1	3	0.2628	0.6725
ACTB	IRF2BPL	3	0.0804	0.8042
CTNNA1	IRF2BPL	3	0.0274	0.8520
KRT8	IRF2BPL	3	0.0900	0.7966
LMNA	IRF2BPL	3	0.1833	0.7306
MAPRE3	IRF2BPL	3	0.0085	0.8648
ACTB	UNC93B1	3	0.1465	0.7565
CTNNA1	UNC93B1	3	0.0307	0.8493
KRT8	UNC93B1	3	0.1279	0.7690
LMNA	UNC93B1	3	0.0796	0.8048
MAPRE3	UNC93B1	3	0.0583	0.8232
ACTB	POLR3F	3	0.1668	0.7421
CTNNA1	POLR3F	3	0.0408	0.8400
KRT8	POLR3F	3	0.1668	0.7421
LMNA	POLR3F	3	0.2815	0.6553
MAPRE3	POLR3F	3	0.1442	0.7581
ACTB	KIF13A	3	0.0429	0.8379
CTNNA1	KIF13A	3	0.0014	0.8722
KRT8	KIF13A	3	0.0700	0.8127
LMNA	KIF13A	3	0.0030	0.8700
MAPRE3	KIF13A	3	0.0022	0.8710
ACTB	ASCC2	3	0.2724	0.6640
CTNNA1	ASCC2	3	0.1024	0.7875
KRT8	ASCC2	3	0.5100	0.2814
LMNA	ASCC2	3	0.1322	0.7662
MAPRE3	ASCC2	3	0.1742	0.7374
ACTB	RBSN	3	0.0477	0.8334
CTNNA1	RBSN	3	0.0001	0.8748
KRT8	RBSN	3	0.0616	0.8201
MAPRE3	RBSN	3	0.0036	0.8693
ACTB	EPN3	3	0.0447	0.8363
CTNNA1	EPN3	3	0.0010	0.8728
KRT8	EPN3	3	0.0614	0.8203
LMNA	EPN3	3	0.0011	0.8726
MAPRE3	EPN3	3	0.0042	0.8687
ACTB	CDT1	3	0.0780	0.8059
KRT8	CDT1	3	0.0169	0.8592
LMNA	CDT1	3	0.0557	0.8257
MAPRE3	CDT1	3	0.0051	0.8678
ACTB	EHD4	3	0.3068	0.6284
CTNNA1	EHD4	3	0.1380	0.7623
KRT8	EHD4	3	0.3374	0.5822
LMNA	EHD4	3	0.1795	0.7333
MAPRE3	EHD4	3	0.2130	0.7113
ACTB	VPS33B	3	0.2205	0.7059
CTNNA1	VPS33B	3	0.0427	0.8381
KRT8	VPS33B	3	0.2728	0.6637
LMNA	VPS33B	3	0.1364	0.7632
MAPRE3	VPS33B	3	0.1130	0.7795
ACTB	VPS16	3	0.1643	0.7438
CTNNA1	VPS16	3	0.0209	0.8565
KRT8	VPS16	3	0.3189	0.6122
LMNA	VPS16	3	0.1169	0.7764
MAPRE3	VPS16	3	0.0509	0.8302
ACTB	VPS11	3	0.0560	0.8253
KRT8	VPS11	3	0.0719	0.8111
LMNA	VPS11	3	0.0022	0.8710
MAPRE3	VPS11	3	0.0003	0.8743
ACTB	TRIOBP	3	0.2465	0.6862
CTNNA1	TRIOBP	3	0.0487	0.8323
KRT8	TRIOBP	3	0.2058	0.7163
LMNA	TRIOBP	3	0.0658	0.8163
MAPRE3	TRIOBP	3	0.0613	0.8204
ACTB	EPC1	3	0.0097	0.8639
KRT8	EPC1	3	0.0132	0.8616
LMNA	EPC1	3	0.0515	0.8296
MAPRE3	EPC1	3	0.0006	0.8736
ACTB	SLK	3	0.2886	0.6482
CTNNA1	SLK	3	0.1064	0.7843
KRT8	SLK	3	0.2915	0.6453
LMNA	SLK	3	0.1362	0.7634
MAPRE3	SLK	3	0.1912	0.7257
CTNNA1	TSPYL2	3	0.0006	0.8736
LMNA	TSPYL2	3	0.0671	0.8152
ACTB	PPIL3	3	0.1519	0.7526
CTNNA1	PPIL3	3	0.0194	0.8575
KRT8	PPIL3	3	0.1428	0.7591
LMNA	PPIL3	3	0.0675	0.8149
MAPRE3	PPIL3	3	0.0174	0.8588
ACTB	SLC38A1	3	0.2830	0.6536
CTNNA1	SLC38A1	3	0.0803	0.8043
KRT8	SLC38A1	3	0.1866	0.7289
LMNA	SLC38A1	3	0.1845	0.7300
MAPRE3	SLC38A1	3	0.1079	0.7832
ACTB	PDCL3	3	0.2258	0.7019
CTNNA1	PDCL3	3	0.0490	0.8320
KRT8	PDCL3	3	0.2810	0.6556
LMNA	PDCL3	3	0.1607	0.7464
MAPRE3	PDCL3	3	0.0885	0.7977
ACTB	RAB3GAP2	3	0.2459	0.6867
CTNNA1	RAB3GAP2	3	0.0622	0.8196
KRT8	RAB3GAP2	3	0.2642	0.6714
LMNA	RAB3GAP2	3	0.1774	0.7349
MAPRE3	RAB3GAP2	3	0.1404	0.7606
ACTB	ADNP	3	0.1617	0.7457
CTNNA1	ADNP	3	0.0380	0.8430
KRT8	ADNP	3	0.1744	0.7373
LMNA	ADNP	3	0.2713	0.6652
MAPRE3	ADNP	3	0.1751	0.7368
ACTB	DHX36	3	0.2055	0.7165
CTNNA1	DHX36	3	0.0471	0.8340
KRT8	DHX36	3	0.2487	0.6846
LMNA	DHX36	3	0.2084	0.7145
MAPRE3	DHX36	3	0.1120	0.7803
ACTB	PPA2	3	0.0639	0.8180
CTNNA1	PPA2	3	0.0550	0.8263
KRT8	PPA2	3	0.0887	0.7975
LMNA	PPA2	3	0.0684	0.8140
MAPRE3	PPA2	3	0.0314	0.8487
ACTB	SPNS1	3	0.1653	0.7433
CTNNA1	SPNS1	3	0.0735	0.8098
KRT8	SPNS1	3	0.5040	0.2907
LMNA	SPNS1	3	0.1156	0.7776
MAPRE3	SPNS1	3	0.0618	0.8200
ACTB	ZNF106	3	0.1846	0.7299
CTNNA1	ZNF106	3	0.0469	0.8342
KRT8	ZNF106	3	0.2314	0.6980
LMNA	ZNF106	3	0.2778	0.6594
MAPRE3	ZNF106	3	0.2115	0.7123
ACTB	PARL	3	0.0392	0.8417
KRT8	PARL	3	0.1026	0.7874
LMNA	PARL	3	0.0292	0.8505
MAPRE3	PARL	3	0.0034	0.8695
ACTB	PNN	3	0.1878	0.7280
CTNNA1	PNN	3	0.0407	0.8401
KRT8	PNN	3	0.1994	0.7202
LMNA	PNN	3	0.1475	0.7558
MAPRE3	PNN	3	0.1073	0.7837
ACTB	FOXP1	3	0.0612	0.8205
CTNNA1	FOXP1	3	0.0007	0.8734
KRT8	FOXP1	3	0.0113	0.8630
LMNA	FOXP1	3	0.0385	0.8425
MAPRE3	FOXP1	3	0.0008	0.8732
ACTB	KCTD10	3	0.0119	0.8625
KRT8	KCTD10	3	0.0863	0.7995
LMNA	KCTD10	3	0.0204	0.8569
MAPRE3	KCTD10	3	0.0103	0.8636
ACTB	TRIT1	3	0.1164	0.7768
CTNNA1	TRIT1	3	0.0681	0.8143
KRT8	TRIT1	3	0.2186	0.7072
LMNA	TRIT1	3	0.0867	0.7992
MAPRE3	TRIT1	3	0.0168	0.8593
ACTB	C11orf68	3	0.1994	0.7202
KRT8	C11orf68	3	0.0547	0.8267
LMNA	C11orf68	3	0.0864	0.7994
MAPRE3	C11orf68	3	0.0794	0.8050
ACTB	BOLA2	3	0.0703	0.8124
CTNNA1	BOLA2	3	0.0566	0.8247
KRT8	BOLA2	3	0.0564	0.8249
LMNA	BOLA2	3	0.0608	0.8209
MAPRE3	BOLA2	3	0.0411	0.8397
ACTB	TXNIP	3	0.2177	0.7079
CTNNA1	TXNIP	3	0.0997	0.7894
KRT8	TXNIP	3	0.2804	0.6564
LMNA	TXNIP	3	0.1830	0.7308
MAPRE3	TXNIP	3	0.0430	0.8378
ACTB	TMX1	3	0.1806	0.7326
CTNNA1	TMX1	3	0.0552	0.8262
KRT8	TMX1	3	0.2093	0.7139
LMNA	TMX1	3	0.4346	0.4016
MAPRE3	TMX1	3	0.0548	0.8266
ACTB	NELFA	3	0.0683	0.8142
CTNNA1	NELFA	3	0.0177	0.8585
KRT8	NELFA	3	0.0521	0.8291
LMNA	NELFA	3	0.2209	0.7056
MAPRE3	NELFA	3	0.0444	0.8366
ACTB	ACBD3	3	0.1295	0.7680
CTNNA1	ACBD3	3	0.0528	0.8285
KRT8	ACBD3	3	0.1236	0.7719
LMNA	ACBD3	3	0.0938	0.7939
MAPRE3	ACBD3	3	0.0571	0.8241
KRT8	KDM4C	3	0.0031	0.8699
LMNA	KDM4C	3	0.0571	0.8241
ACTB	CENPH	3	0.2651	0.6706
CTNNA1	CENPH	3	0.0978	0.7907
KRT8	CENPH	3	0.3013	0.6348
LMNA	CENPH	3	0.3109	0.6238
MAPRE3	CENPH	3	0.1798	0.7330
ACTB	PTPN23	3	0.2588	0.6759
CTNNA1	PTPN23	3	0.0761	0.8074
KRT8	PTPN23	3	0.2837	0.6530
LMNA	PTPN23	3	0.1080	0.7831
MAPRE3	PTPN23	3	0.1566	0.7493
ACTB	UNC45A	3	0.3111	0.6234
CTNNA1	UNC45A	3	0.1064	0.7843
KRT8	UNC45A	3	0.3602	0.5415
LMNA	UNC45A	3	0.1927	0.7248
MAPRE3	UNC45A	3	0.2035	0.7178
ACTB	PPDPF	3	0.0183	0.8581
KRT8	PPDPF	3	0.0576	0.8238
LMNA	PPDPF	3	0.0139	0.8612
MAPRE3	PPDPF	3	0.0032	0.8697
ACTB	DSN1	3	0.0502	0.8309
CTNNA1	DSN1	3	0.0004	0.8740
KRT8	DSN1	3	0.0125	0.8621
LMNA	DSN1	3	0.0450	0.8360
MAPRE3	DSN1	3	0.0017	0.8717
ACTB	C1orf198	3	0.2892	0.6476
CTNNA1	C1orf198	3	0.1141	0.7788
KRT8	C1orf198	3	0.3451	0.5677
LMNA	C1orf198	3	0.1322	0.7662
MAPRE3	C1orf198	3	0.2065	0.7157
ACTB	CHMP4B	3	0.4264	0.4164
CTNNA1	CHMP4B	3	0.2575	0.6769
KRT8	CHMP4B	3	0.3785	0.5065
LMNA	CHMP4B	3	0.3653	0.5309
MAPRE3	CHMP4B	3	0.2715	0.6649
ACTB	CUEDC2	3	0.0469	0.8342
CTNNA1	CUEDC2	3	0.0009	0.8730
KRT8	CUEDC2	3	0.0656	0.8165
LMNA	CUEDC2	3	0.0322	0.8480
MAPRE3	CUEDC2	3	0.0068	0.8662
ACTB	PIGU	3	0.0480	0.8331
KRT8	PIGU	3	0.0684	0.8140
LMNA	PIGU	3	0.2049	0.7169
MAPRE3	PIGU	3	0.0106	0.8634
ACTB	WNK1	3	0.3253	0.6031
CTNNA1	WNK1	3	0.1272	0.7694
KRT8	WNK1	3	0.3072	0.6280
LMNA	WNK1	3	0.1679	0.7414
MAPRE3	WNK1	3	0.2535	0.6807
ACTB	RNPEP	3	0.0748	0.8088
CTNNA1	RNPEP	3	0.0432	0.8376
KRT8	RNPEP	3	0.0869	0.7990
LMNA	RNPEP	3	0.0567	0.8246
MAPRE3	RNPEP	3	0.0255	0.8533
ACTB	GOLPH3L	3	0.0462	0.8349
CTNNA1	GOLPH3L	3	0.0003	0.8743
KRT8	GOLPH3L	3	0.0490	0.8320
LMNA	GOLPH3L	3	0.0326	0.8477
MAPRE3	GOLPH3L	3	0.0058	0.8671
ACTB	GOLPH3	3	0.2584	0.6763
CTNNA1	GOLPH3	3	0.0593	0.8223
KRT8	GOLPH3	3	0.2543	0.6799
LMNA	GOLPH3	3	0.2379	0.6929
MAPRE3	GOLPH3	3	0.1271	0.7695
ACTB	OSGEPL1	3	0.0863	0.7995
CTNNA1	OSGEPL1	3	0.0455	0.8355
KRT8	OSGEPL1	3	0.1729	0.7382
MAPRE3	OSGEPL1	3	0.0151	0.8604
ACTB	SAV1	3	0.0903	0.7964
CTNNA1	SAV1	3	0.0115	0.8629
KRT8	SAV1	3	0.1494	0.7543
MAPRE3	SAV1	3	0.0149	0.8605
ACTB	SMOC1	3	0.0675	0.8149
KRT8	SMOC1	3	0.0418	0.8390
LMNA	SMOC1	3	0.0264	0.8526
ACTB	EPB41L1	3	0.3948	0.4729
CTNNA1	EPB41L1	3	0.2551	0.6791
KRT8	EPB41L1	3	0.3059	0.6294
LMNA	EPB41L1	3	0.1463	0.7567
MAPRE3	EPB41L1	3	0.2101	0.7132
ACTB	GLIPR2	3	0.2876	0.6492
CTNNA1	GLIPR2	3	0.0704	0.8123
KRT8	GLIPR2	3	0.2697	0.6666
LMNA	GLIPR2	3	0.2016	0.7190
MAPRE3	GLIPR2	3	0.1295	0.7680
ACTB	FAM83D	3	0.2264	0.7015
CTNNA1	FAM83D	3	0.0694	0.8133
KRT8	FAM83D	3	0.4483	0.3825
LMNA	FAM83D	3	0.1561	0.7496
MAPRE3	FAM83D	3	0.2527	0.6812
ACTB	ZHX3	3	0.0004	0.8740
CTNNA1	ZHX3	3	0.0048	0.8680
KRT8	ZHX3	3	0.0509	0.8302
LMNA	ZHX3	3	0.0703	0.8124
MAPRE3	ZHX3	3	0.0185	0.8580
ACTB	TRABD	3	0.2542	0.6800
CTNNA1	TRABD	3	0.0716	0.8114
KRT8	TRABD	3	0.2464	0.6863
LMNA	TRABD	3	0.2150	0.7099
MAPRE3	TRABD	3	0.1620	0.7455
ACTB	SENP3	3	0.1599	0.7471
CTNNA1	SENP3	3	0.0565	0.8248
KRT8	SENP3	3	0.3085	0.6269
LMNA	SENP3	3	0.1770	0.7353
MAPRE3	SENP3	3	0.1003	0.7890
ACTB	OSBPL3	3	0.2208	0.7057
CTNNA1	OSBPL3	3	0.0688	0.8138
KRT8	OSBPL3	3	0.2599	0.6750
LMNA	OSBPL3	3	0.1066	0.7842
MAPRE3	OSBPL3	3	0.1342	0.7648
ACTB	SMARCAD1	3	0.2438	0.6883
CTNNA1	SMARCAD1	3	0.0570	0.8242
KRT8	SMARCAD1	3	0.2777	0.6596
LMNA	SMARCAD1	3	0.1724	0.7385
MAPRE3	SMARCAD1	3	0.1368	0.7630
ACTB	EHD1	3	0.3306	0.5949
CTNNA1	EHD1	3	0.1448	0.7578
KRT8	EHD1	3	0.3532	0.5533
LMNA	EHD1	3	0.2222	0.7047
MAPRE3	EHD1	3	0.2357	0.6943
ACTB	PCIF1	3	0.0669	0.8154
CTNNA1	PCIF1	3	0.0262	0.8528
KRT8	PCIF1	3	0.1157	0.7775
LMNA	PCIF1	3	0.1549	0.7504
MAPRE3	PCIF1	3	0.0306	0.8494
ACTB	ESF1	3	0.0235	0.8548
KRT8	ESF1	3	0.0456	0.8355
LMNA	ESF1	3	0.0429	0.8379
MAPRE3	ESF1	3	0.0179	0.8584
ACTB	ZNF644	3	0.1025	0.7875
CTNNA1	ZNF644	3	0.0925	0.7949
KRT8	ZNF644	3	0.0979	0.7907
LMNA	ZNF644	3	0.2202	0.7062
MAPRE3	ZNF644	3	0.0742	0.8092
ACTB	HEATR1	3	0.2223	0.7046
CTNNA1	HEATR1	3	0.0813	0.8035
KRT8	HEATR1	3	0.3332	0.5905
LMNA	HEATR1	3	0.2545	0.6796
MAPRE3	HEATR1	3	0.1784	0.7342
ACTB	RABEP2	3	0.1018	0.7880
KRT8	RABEP2	3	0.3202	0.6099
LMNA	RABEP2	3	0.0303	0.8496
ACTB	TFB2M	3	0.1291	0.7683
CTNNA1	TFB2M	3	0.0751	0.8084
KRT8	TFB2M	3	0.2906	0.6461
LMNA	TFB2M	3	0.0995	0.7895
MAPRE3	TFB2M	3	0.0645	0.8175
ACTB	CDCP1	3	0.1105	0.7815
CTNNA1	CDCP1	3	0.0344	0.8462
KRT8	CDCP1	3	0.1378	0.7624
LMNA	CDCP1	3	0.0534	0.8279
MAPRE3	CDCP1	3	0.0170	0.8591
ACTB	STEEP1	3	0.2205	0.7059
CTNNA1	STEEP1	3	0.0925	0.7949
KRT8	STEEP1	3	0.2254	0.7022
LMNA	STEEP1	3	0.3556	0.5491
MAPRE3	STEEP1	3	0.2099	0.7135
ACTB	CIAO2A	3	0.0864	0.7994
CTNNA1	CIAO2A	3	0.0327	0.8476
KRT8	CIAO2A	3	0.1134	0.7792
LMNA	CIAO2A	3	0.0893	0.7970
MAPRE3	CIAO2A	3	0.0387	0.8423
ACTB	DHX35	3	0.0230	0.8551
KRT8	DHX35	3	0.0332	0.8471
LMNA	DHX35	3	0.0331	0.8472
MAPRE3	DHX35	3	0.0100	0.8638
ACTB	NSUN3	3	0.1185	0.7753
CTNNA1	NSUN3	3	0.0383	0.8427
KRT8	NSUN3	3	0.1716	0.7389
LMNA	NSUN3	3	0.0660	0.8161
MAPRE3	NSUN3	3	0.0479	0.8332
ACTB	BICC1	3	0.0641	0.8178
CTNNA1	BICC1	3	0.0001	0.8748
KRT8	BICC1	3	0.0681	0.8143
LMNA	BICC1	3	0.0053	0.8676
MAPRE3	BICC1	3	0.0218	0.8559
ACTB	PCNX3	3	0.0430	0.8378
CTNNA1	PCNX3	3	0.0012	0.8725
KRT8	PCNX3	3	0.0901	0.7965
LMNA	PCNX3	3	0.0054	0.8675
MAPRE3	PCNX3	3	0.0054	0.8675
ACTB	HAUS4	3	0.2478	0.6852
CTNNA1	HAUS4	3	0.1426	0.7593
KRT8	HAUS4	3	0.4248	0.4214
LMNA	HAUS4	3	0.1785	0.7341
MAPRE3	HAUS4	3	0.1997	0.7200
ACTB	TUT1	3	0.0255	0.8533
KRT8	TUT1	3	0.0006	0.8736
LMNA	TUT1	3	0.0203	0.8569
MAPRE3	TUT1	3	0.0028	0.8702
ACTB	REEP4	3	0.0382	0.8428
KRT8	REEP4	3	0.1259	0.7702
LMNA	REEP4	3	0.2985	0.6378
MAPRE3	REEP4	3	0.0549	0.8265
ACTB	CSTPP1	3	0.3012	0.6351
CTNNA1	CSTPP1	3	0.1520	0.7524
KRT8	CSTPP1	3	0.3541	0.5523
LMNA	CSTPP1	3	0.1393	0.7614
MAPRE3	CSTPP1	3	0.2367	0.6937
ACTB	ILRUN	3	0.0393	0.8416
KRT8	ILRUN	3	0.0698	0.8129
LMNA	ILRUN	3	0.0128	0.8619
MAPRE3	ILRUN	3	0.0023	0.8708
ACTB	CIAO3	3	0.0927	0.7947
CTNNA1	CIAO3	3	0.0240	0.8544
KRT8	CIAO3	3	0.1148	0.7783
LMNA	CIAO3	3	0.0380	0.8430
MAPRE3	CIAO3	3	0.0400	0.8409
ACTB	DHX33	3	0.2178	0.7078
CTNNA1	DHX33	3	0.0881	0.7981
KRT8	DHX33	3	0.2585	0.6762
LMNA	DHX33	3	0.2281	0.7004
MAPRE3	DHX33	3	0.1947	0.7234
ACTB	NOL6	3	0.1989	0.7204
CTNNA1	NOL6	3	0.0376	0.8434
KRT8	NOL6	3	0.2151	0.7099
LMNA	NOL6	3	0.2762	0.6610
MAPRE3	NOL6	3	0.1527	0.7520
ACTB	WDCP	3	0.2824	0.6542
CTNNA1	WDCP	3	0.1013	0.7883
KRT8	WDCP	3	0.4097	0.4448
LMNA	WDCP	3	0.2455	0.6871
MAPRE3	WDCP	3	0.2491	0.6842
ACTB	YTHDC2	3	0.3053	0.6302
CTNNA1	YTHDC2	3	0.1364	0.7632
KRT8	YTHDC2	3	0.3207	0.6091
LMNA	YTHDC2	3	0.1461	0.7569
MAPRE3	YTHDC2	3	0.2627	0.6726
ACTB	AZI2	3	0.2150	0.7099
CTNNA1	AZI2	3	0.0976	0.7909
KRT8	AZI2	3	0.3802	0.5025
LMNA	AZI2	3	0.1694	0.7404
MAPRE3	AZI2	3	0.1309	0.7670
ACTB	EPS8L2	3	0.0811	0.8036
CTNNA1	EPS8L2	3	0.0431	0.8377
KRT8	EPS8L2	3	0.0818	0.8030
LMNA	EPS8L2	3	0.0059	0.8671
MAPRE3	EPS8L2	3	0.0273	0.8520
ACTB	RPAP3	3	0.3113	0.6232
CTNNA1	RPAP3	3	0.1343	0.7647
KRT8	RPAP3	3	0.3532	0.5533
LMNA	RPAP3	3	0.1959	0.7226
MAPRE3	RPAP3	3	0.2266	0.7014
ACTB	BCAS3	3	0.2742	0.6625
CTNNA1	BCAS3	3	0.0864	0.7994
KRT8	BCAS3	3	0.3012	0.6351
LMNA	BCAS3	3	0.1132	0.7793
MAPRE3	BCAS3	3	0.1902	0.7264
ACTB	LDAH	3	0.2902	0.6466
CTNNA1	LDAH	3	0.0807	0.8040
KRT8	LDAH	3	0.3199	0.6104
LMNA	LDAH	3	0.2142	0.7105
MAPRE3	LDAH	3	0.1597	0.7472
ACTB	ANTXR1	3	0.1217	0.7731
CTNNA1	ANTXR1	3	0.0401	0.8407
KRT8	ANTXR1	3	0.1486	0.7549
LMNA	ANTXR1	3	0.1388	0.7618
MAPRE3	ANTXR1	3	0.0458	0.8352
ACTB	C19orf44	3	0.2394	0.6919
KRT8	C19orf44	3	0.5887	0.2047
MAPRE3	C19orf44	3	0.1635	0.7444
ACTB	WDR55	3	0.1157	0.7775
CTNNA1	WDR55	3	0.0178	0.8584
KRT8	WDR55	3	0.1171	0.7763
LMNA	WDR55	3	0.2285	0.7002
MAPRE3	WDR55	3	0.0258	0.8531
ACTB	RANBP3	3	0.1365	0.7632
CTNNA1	RANBP3	3	0.0425	0.8383
KRT8	RANBP3	3	0.1114	0.7807
LMNA	RANBP3	3	0.2179	0.7078
MAPRE3	RANBP3	3	0.0426	0.8382
ACTB	DCTPP1	3	0.0932	0.7943
CTNNA1	DCTPP1	3	0.0409	0.8399
KRT8	DCTPP1	3	0.0794	0.8050
LMNA	DCTPP1	3	0.0751	0.8084
MAPRE3	DCTPP1	3	0.0284	0.8512
ACTB	SH2D4A	3	0.3519	0.5549
CTNNA1	SH2D4A	3	0.0934	0.7942
KRT8	SH2D4A	3	0.2707	0.6657
LMNA	SH2D4A	3	0.1760	0.7360
MAPRE3	SH2D4A	3	0.1942	0.7238
ACTB	EXO5	3	0.2952	0.6412
CTNNA1	EXO5	3	0.1191	0.7749
KRT8	EXO5	3	0.3575	0.5458
LMNA	EXO5	3	0.3312	0.5938
MAPRE3	EXO5	3	0.2251	0.7025
ACTB	PEAK1	3	0.3186	0.6128
CTNNA1	PEAK1	3	0.1736	0.7377
KRT8	PEAK1	3	0.2634	0.6721
LMNA	PEAK1	3	0.0926	0.7948
MAPRE3	PEAK1	3	0.2075	0.7151
ACTB	CPLANE1	3	0.0387	0.8423
CTNNA1	CPLANE1	3	0.0025	0.8705
KRT8	CPLANE1	3	0.0956	0.7925
LMNA	CPLANE1	3	0.0024	0.8706
MAPRE3	CPLANE1	3	0.0289	0.8507
ACTB	RPF2	3	0.1119	0.7804
CTNNA1	RPF2	3	0.0332	0.8471
KRT8	RPF2	3	0.1919	0.7254
LMNA	RPF2	3	0.1232	0.7721
MAPRE3	RPF2	3	0.0271	0.8521
ACTB	SYNC	3	0.0632	0.8186
CTNNA1	SYNC	3	0.0030	0.8700
KRT8	SYNC	3	0.1514	0.7530
MAPRE3	SYNC	3	0.0188	0.8578
ACTB	AAMDC	3	0.0734	0.8098
CTNNA1	AAMDC	3	0.0595	0.8221
KRT8	AAMDC	3	0.0699	0.8128
LMNA	AAMDC	3	0.0726	0.8105
MAPRE3	AAMDC	3	0.0689	0.8137
ACTB	DOCK5	3	0.0505	0.8305
CTNNA1	DOCK5	3	0.0017	0.8717
KRT8	DOCK5	3	0.0960	0.7922
LMNA	DOCK5	3	0.0194	0.8575
MAPRE3	DOCK5	3	0.0185	0.8580
ACTB	WDR26	3	0.1614	0.7459
CTNNA1	WDR26	3	0.0556	0.8258
KRT8	WDR26	3	0.1841	0.7301
LMNA	WDR26	3	0.1108	0.7812
MAPRE3	WDR26	3	0.0932	0.7943
ACTB	TDRD3	3	0.1951	0.7231
CTNNA1	TDRD3	3	0.0593	0.8223
KRT8	TDRD3	3	0.2028	0.7184
LMNA	TDRD3	3	0.0828	0.8022
MAPRE3	TDRD3	3	0.1785	0.7341
ACTB	C8orf33	3	0.4002	0.4596
CTNNA1	C8orf33	3	0.0450	0.8360
KRT8	C8orf33	3	0.0960	0.7922
LMNA	C8orf33	3	0.0877	0.7984
MAPRE3	C8orf33	3	0.0313	0.8488
KRT8	SUDS3	3	0.0151	0.8604
LMNA	SUDS3	3	0.0583	0.8232
ACTB	SCAF1	3	0.0639	0.8180
CTNNA1	SCAF1	3	0.0096	0.8640
KRT8	SCAF1	3	0.1230	0.7722
LMNA	SCAF1	3	0.1535	0.7514
MAPRE3	SCAF1	3	0.0245	0.8541
ACTB	PLEKHG2	3	0.0674	0.8150
CTNNA1	PLEKHG2	3	0.0043	0.8685
KRT8	PLEKHG2	3	0.0739	0.8095
LMNA	PLEKHG2	3	0.0043	0.8685
MAPRE3	PLEKHG2	3	0.0125	0.8621
KRT8	AUNIP	3	0.0446	0.8364
LMNA	AUNIP	3	0.0170	0.8591
MAPRE3	AUNIP	3	0.0078	0.8654
ACTB	CCSER2	3	0.0845	0.8009
KRT8	CCSER2	3	0.1466	0.7564
MAPRE3	CCSER2	3	0.2301	0.6990
ACTB	NRDE2	3	0.0095	0.8641
CTNNA1	NRDE2	3	0.0017	0.8717
KRT8	NRDE2	3	0.0200	0.8571
LMNA	NRDE2	3	0.0533	0.8280
ACTB	KAT8	3	0.0543	0.8271
CTNNA1	KAT8	3	0.0203	0.8569
KRT8	KAT8	3	0.1579	0.7484
LMNA	KAT8	3	0.1253	0.7706
MAPRE3	KAT8	3	0.0377	0.8433
ACTB	PHAX	3	0.1278	0.7690
CTNNA1	PHAX	3	0.0448	0.8362
KRT8	PHAX	3	0.1279	0.7690
LMNA	PHAX	3	0.2912	0.6456
MAPRE3	PHAX	3	0.0819	0.8029
ACTB	GEMIN7	3	0.2350	0.6950
CTNNA1	GEMIN7	3	0.0219	0.8558
KRT8	GEMIN7	3	0.2242	0.7032
LMNA	GEMIN7	3	0.1210	0.7735
MAPRE3	GEMIN7	3	0.0708	0.8120
ACTB	ACAD9	3	0.1086	0.7827
CTNNA1	ACAD9	3	0.0320	0.8481
KRT8	ACAD9	3	0.2222	0.7047
LMNA	ACAD9	3	0.0756	0.8079
MAPRE3	ACAD9	3	0.0443	0.8367
ACTB	NT5DC2	3	0.1311	0.7669
CTNNA1	NT5DC2	3	0.0331	0.8472
KRT8	NT5DC2	3	0.2548	0.6793
LMNA	NT5DC2	3	0.1161	0.7771
MAPRE3	NT5DC2	3	0.0171	0.8590
ACTB	YY1AP1	3	0.1406	0.7605
KRT8	YY1AP1	3	0.1312	0.7668
LMNA	YY1AP1	3	0.2013	0.7192
MAPRE3	YY1AP1	3	0.0909	0.7959
ACTB	KAT14	3	0.0187	0.8579
KRT8	KAT14	3	0.0566	0.8247
LMNA	KAT14	3	0.0256	0.8532
MAPRE3	KAT14	3	0.0020	0.8713
LMNA	ZNF430	3	0.0932	0.7943
ACTB	CAAP1	3	0.2308	0.6985
CTNNA1	CAAP1	3	0.0083	0.8650
KRT8	CAAP1	3	0.2169	0.7084
LMNA	CAAP1	3	0.2510	0.6828
MAPRE3	CAAP1	3	0.1065	0.7843
ACTB	NOL11	3	0.1300	0.7676
CTNNA1	NOL11	3	0.0203	0.8569
KRT8	NOL11	3	0.2587	0.6760
LMNA	NOL11	3	0.1051	0.7853
MAPRE3	NOL11	3	0.0607	0.8210
ACTB	DDX31	3	0.2286	0.7001
CTNNA1	DDX31	3	0.0463	0.8348
KRT8	DDX31	3	0.2699	0.6665
LMNA	DDX31	3	0.2789	0.6582
MAPRE3	DDX31	3	0.1508	0.7534
ACTB	TMT1A	3	0.1643	0.7438
KRT8	TMT1A	3	0.2159	0.7092
LMNA	TMT1A	3	0.1655	0.7430
MAPRE3	TMT1A	3	0.0247	0.8539
ACTB	PAAT	3	0.0610	0.8207
CTNNA1	PAAT	3	0.0408	0.8400
KRT8	PAAT	3	0.1303	0.7674
MAPRE3	PAAT	3	0.0476	0.8336
ACTB	BRD9	3	0.0035	0.8694
KRT8	BRD9	3	0.0017	0.8717
LMNA	BRD9	3	0.0299	0.8499
MAPRE3	BRD9	3	0.0002	0.8745
ACTB	MINDY3	3	0.0987	0.7901
CTNNA1	MINDY3	3	0.0385	0.8425
KRT8	MINDY3	3	0.0965	0.7919
LMNA	MINDY3	3	0.0604	0.8213
MAPRE3	MINDY3	3	0.0310	0.8490
ACTB	ECT2	3	0.2513	0.6824
CTNNA1	ECT2	3	0.1030	0.7871
KRT8	ECT2	3	0.2573	0.6770
LMNA	ECT2	3	0.3389	0.5798
MAPRE3	ECT2	3	0.2433	0.6886
LMNA	FAM204A	3	0.2986	0.6376
ACTB	ANKZF1	3	0.1776	0.7348
CTNNA1	ANKZF1	3	0.0485	0.8325
KRT8	ANKZF1	3	0.2156	0.7094
LMNA	ANKZF1	3	0.1349	0.7643
MAPRE3	ANKZF1	3	0.0883	0.7979
ACTB	GORASP2	3	0.0359	0.8449
KRT8	GORASP2	3	0.0081	0.8652
LMNA	GORASP2	3	0.0006	0.8736
MAPRE3	GORASP2	3	0.0000	0.8752
ACTB	ZWILCH	3	0.0434	0.8374
CTNNA1	ZWILCH	3	0.0047	0.8681
KRT8	ZWILCH	3	0.0861	0.7997
LMNA	ZWILCH	3	0.0125	0.8621
MAPRE3	ZWILCH	3	0.0086	0.8647
ACTB	JPT2	3	0.2720	0.6644
CTNNA1	JPT2	3	0.0784	0.8056
KRT8	JPT2	3	0.3008	0.6356
LMNA	JPT2	3	0.2233	0.7039
MAPRE3	JPT2	3	0.1687	0.7409
ACTB	RNF121	3	0.1962	0.7224
CTNNA1	RNF121	3	0.0623	0.8195
KRT8	RNF121	3	0.1721	0.7387
LMNA	RNF121	3	0.2597	0.6752
MAPRE3	RNF121	3	0.0620	0.8197
ACTB	SP140L	3	0.0885	0.7977
CTNNA1	SP140L	3	0.0181	0.8582
KRT8	SP140L	3	0.1048	0.7856
LMNA	SP140L	3	0.1769	0.7354
MAPRE3	SP140L	3	0.0160	0.8597
ACTB	SLC25A22	3	0.2336	0.6963
CTNNA1	SLC25A22	3	0.0486	0.8324
KRT8	SLC25A22	3	0.4360	0.3986
LMNA	SLC25A22	3	0.3460	0.5657
MAPRE3	SLC25A22	3	0.1522	0.7523
ACTB	WDR76	3	0.1266	0.7698
CTNNA1	WDR76	3	0.0208	0.8566
KRT8	WDR76	3	0.0942	0.7936
LMNA	WDR76	3	0.1757	0.7362
MAPRE3	WDR76	3	0.1235	0.7719
ACTB	QTRT2	3	0.1379	0.7623
CTNNA1	QTRT2	3	0.0344	0.8462
KRT8	QTRT2	3	0.1893	0.7270
LMNA	QTRT2	3	0.1281	0.7689
MAPRE3	QTRT2	3	0.2119	0.7120
ACTB	ACTR8	3	0.0974	0.7911
CTNNA1	ACTR8	3	0.0161	0.8596
KRT8	ACTR8	3	0.0020	0.8713
LMNA	ACTR8	3	0.0628	0.8190
MAPRE3	ACTR8	3	0.0117	0.8627
ACTB	CNOT10	3	0.2407	0.6907
CTNNA1	CNOT10	3	0.0230	0.8551
KRT8	CNOT10	3	0.2374	0.6931
LMNA	CNOT10	3	0.0685	0.8140
MAPRE3	CNOT10	3	0.1405	0.7606
ACTB	LRRC40	3	0.2471	0.6857
CTNNA1	LRRC40	3	0.0551	0.8263
KRT8	LRRC40	3	0.3026	0.6332
LMNA	LRRC40	3	0.1880	0.7278
MAPRE3	LRRC40	3	0.1313	0.7668
ACTB	RMI1	3	0.1731	0.7380
CTNNA1	RMI1	3	0.0316	0.8485
KRT8	RMI1	3	0.2387	0.6925
LMNA	RMI1	3	0.3218	0.6073
MAPRE3	RMI1	3	0.1346	0.7644
ACTB	EHMT1	3	0.1240	0.7715
CTNNA1	EHMT1	3	0.0177	0.8585
KRT8	EHMT1	3	0.1096	0.7821
LMNA	EHMT1	3	0.2478	0.6852
MAPRE3	EHMT1	3	0.0934	0.7942
ACTB	SFXN1	3	0.1101	0.7818
CTNNA1	SFXN1	3	0.0250	0.8537
KRT8	SFXN1	3	0.2203	0.7061
LMNA	SFXN1	3	0.1672	0.7419
MAPRE3	SFXN1	3	0.0248	0.8539
ACTB	VIPAS39	3	0.2797	0.6573
CTNNA1	VIPAS39	3	0.0691	0.8135
KRT8	VIPAS39	3	0.3008	0.6356
LMNA	VIPAS39	3	0.1727	0.7383
MAPRE3	VIPAS39	3	0.1278	0.7690
ACTB	COG4	3	0.1701	0.7400
CTNNA1	COG4	3	0.0417	0.8391
KRT8	COG4	3	0.3013	0.6348
LMNA	COG4	3	0.1186	0.7753
MAPRE3	COG4	3	0.0776	0.8063
ACTB	ACTR5	3	0.1892	0.7270
CTNNA1	ACTR5	3	0.0210	0.8565
KRT8	ACTR5	3	0.2116	0.7121
LMNA	ACTR5	3	0.1093	0.7822
MAPRE3	ACTR5	3	0.0553	0.8261
ACTB	AGO3	3	0.0452	0.8358
CTNNA1	AGO3	3	0.0076	0.8656
KRT8	AGO3	3	0.0749	0.8087
LMNA	AGO3	3	0.0236	0.8547
MAPRE3	AGO3	3	0.0201	0.8570
ACTB	VPS37B	3	0.2175	0.7080
CTNNA1	VPS37B	3	0.0999	0.7892
KRT8	VPS37B	3	0.2570	0.6772
LMNA	VPS37B	3	0.1057	0.7849
MAPRE3	VPS37B	3	0.0676	0.8148
ACTB	MRPL44	3	0.0960	0.7922
KRT8	MRPL44	3	0.8103	0.0615
LMNA	MRPL44	3	0.1077	0.7833
ACTB	USP42	3	0.1981	0.7211
CTNNA1	USP42	3	0.0125	0.8621
KRT8	USP42	3	0.1644	0.7438
LMNA	USP42	3	0.2717	0.6648
MAPRE3	USP42	3	0.1466	0.7564
LMNA	KANSL2	3	0.0307	0.8493
MAPRE3	KANSL2	3	0.0002	0.8745
ACTB	UNKL	3	0.0674	0.8150
KRT8	UNKL	3	0.1732	0.7379
ACTB	L2HGDH	3	0.1181	0.7755
CTNNA1	L2HGDH	3	0.0542	0.8272
KRT8	L2HGDH	3	0.1780	0.7344
LMNA	L2HGDH	3	0.1577	0.7485
MAPRE3	L2HGDH	3	0.0102	0.8637
ACTB	ELP3	3	0.2418	0.6898
CTNNA1	ELP3	3	0.1620	0.7455
KRT8	ELP3	3	0.2557	0.6785
LMNA	ELP3	3	0.2441	0.6881
MAPRE3	ELP3	3	0.2048	0.7170
ACTB	POLR1B	3	0.1493	0.7543
CTNNA1	POLR1B	3	0.0024	0.8706
KRT8	POLR1B	3	0.2550	0.6791
LMNA	POLR1B	3	0.0996	0.7895
MAPRE3	POLR1B	3	0.0531	0.8282
ACTB	FN3KRP	3	0.0413	0.8395
CTNNA1	FN3KRP	3	0.0520	0.8291
KRT8	FN3KRP	3	0.0658	0.8163
LMNA	FN3KRP	3	0.0547	0.8267
MAPRE3	FN3KRP	3	0.0220	0.8557
ACTB	TBC1D17	3	0.0447	0.8363
KRT8	TBC1D17	3	0.0648	0.8173
ACTB	CARS2	3	0.0313	0.8488
KRT8	CARS2	3	0.1166	0.7766
LMNA	CARS2	3	0.0109	0.8632
ACTB	WDR41	3	0.2330	0.6967
CTNNA1	WDR41	3	0.0389	0.8420
KRT8	WDR41	3	0.2851	0.6517
LMNA	WDR41	3	0.1370	0.7629
MAPRE3	WDR41	3	0.0972	0.7913
ACTB	FBRS	3	0.0048	0.8680
KRT8	FBRS	3	0.0083	0.8650
LMNA	FBRS	3	0.0596	0.8220
MAPRE3	FBRS	3	0.0007	0.8734
CTNNA1	PELI2	3	0.0372	0.8438
LMNA	PELI2	3	0.1299	0.7677
MAPRE3	PELI2	3	0.0655	0.8166
ACTB	PLEKHA5	3	0.2853	0.6515
CTNNA1	PLEKHA5	3	0.3161	0.6158
KRT8	PLEKHA5	3	0.3333	0.5889
LMNA	PLEKHA5	3	0.0867	0.7992
MAPRE3	PLEKHA5	3	0.4795	0.3368
ACTB	UPF2	3	0.2507	0.6830
CTNNA1	UPF2	3	0.0753	0.8082
KRT8	UPF2	3	0.2690	0.6672
LMNA	UPF2	3	0.1064	0.7843
MAPRE3	UPF2	3	0.2138	0.7108
ACTB	XPO5	3	0.1548	0.7505
CTNNA1	XPO5	3	0.0427	0.8381
KRT8	XPO5	3	0.2143	0.7104
LMNA	XPO5	3	0.1004	0.7889
MAPRE3	XPO5	3	0.0358	0.8450
ACTB	GRPEL1	3	0.1130	0.7795
CTNNA1	GRPEL1	3	0.0116	0.8628
KRT8	GRPEL1	3	0.1068	0.7840
LMNA	GRPEL1	3	0.0949	0.7930
MAPRE3	GRPEL1	3	0.0169	0.8592
ACTB	CLSPN	3	0.0110	0.8631
CTNNA1	CLSPN	3	0.0010	0.8728
KRT8	CLSPN	3	0.0154	0.8601
LMNA	CLSPN	3	0.0719	0.8111
MAPRE3	CLSPN	3	0.0028	0.8702
ACTB	PLEKHA2	3	0.3674	0.5255
CTNNA1	PLEKHA2	3	0.0986	0.7902
KRT8	PLEKHA2	3	0.3997	0.4613
LMNA	PLEKHA2	3	0.3421	0.5741
MAPRE3	PLEKHA2	3	0.3151	0.6174
ACTB	PLEKHA1	3	0.0745	0.8091
KRT8	PLEKHA1	3	0.0431	0.8377
LMNA	PLEKHA1	3	0.0335	0.8469
MAPRE3	PLEKHA1	3	0.0346	0.8460
ACTB	SCPEP1	3	0.0557	0.8257
CTNNA1	SCPEP1	3	0.0280	0.8515
KRT8	SCPEP1	3	0.0618	0.8200
MAPRE3	SCPEP1	3	0.0415	0.8393
ACTB	CACYBP	3	0.2467	0.6861
CTNNA1	CACYBP	3	0.0434	0.8374
KRT8	CACYBP	3	0.2914	0.6454
LMNA	CACYBP	3	0.2100	0.7133
MAPRE3	CACYBP	3	0.1106	0.7813
ACTB	RRAGC	3	0.0614	0.8203
CTNNA1	RRAGC	3	0.0311	0.8490
KRT8	RRAGC	3	0.0918	0.7953
LMNA	RRAGC	3	0.0852	0.8003
MAPRE3	RRAGC	3	0.0151	0.8604
ACTB	RC3H2	3	0.2566	0.6775
CTNNA1	RC3H2	3	0.1225	0.7726
KRT8	RC3H2	3	0.2852	0.6516
LMNA	RC3H2	3	0.0926	0.7948
MAPRE3	RC3H2	3	0.1788	0.7339
ACTB	ZFYVE1	3	0.2979	0.6381
CTNNA1	ZFYVE1	3	0.1395	0.7612
KRT8	ZFYVE1	3	0.3408	0.5765
LMNA	ZFYVE1	3	0.1548	0.7505
MAPRE3	ZFYVE1	3	0.2250	0.7026
ACTB	IFT122	3	0.0362	0.8446
CTNNA1	IFT122	3	0.0021	0.8711
KRT8	IFT122	3	0.0846	0.8008
LMNA	IFT122	3	0.0059	0.8671
MAPRE3	IFT122	3	0.0030	0.8700
ACTB	RHOF	3	0.0661	0.8160
CTNNA1	RHOF	3	0.0017	0.8717
KRT8	RHOF	3	0.1329	0.7657
LMNA	RHOF	3	0.0399	0.8409
MAPRE3	RHOF	3	0.0094	0.8642
ACTB	PARVB	3	0.0318	0.8483
CTNNA1	PARVB	3	0.0004	0.8740
KRT8	PARVB	3	0.0666	0.8156
LMNA	PARVB	3	0.0046	0.8682
MAPRE3	PARVB	3	0.0021	0.8711
ACTB	TNS1	3	0.0394	0.8415
KRT8	TNS1	3	0.0471	0.8340
ACTB	VEZT	3	0.0840	0.8012
CTNNA1	VEZT	3	0.0001	0.8748
KRT8	VEZT	3	0.0514	0.8297
LMNA	VEZT	3	0.0195	0.8574
MAPRE3	VEZT	3	0.0057	0.8672
ACTB	TAF9B	3	0.0125	0.8621
CTNNA1	TAF9B	3	0.0001	0.8748
KRT8	TAF9B	3	0.0064	0.8666
LMNA	TAF9B	3	0.0587	0.8228
MAPRE3	TAF9B	3	0.0033	0.8697
LMNA	ZNF286A	3	0.0368	0.8441
ACTB	TMEM165	3	0.2708	0.6656
CTNNA1	TMEM165	3	0.0641	0.8178
KRT8	TMEM165	3	0.3639	0.5343
LMNA	TMEM165	3	0.2112	0.7125
MAPRE3	TMEM165	3	0.1005	0.7889
ACTB	SLC25A19	3	0.2165	0.7088
CTNNA1	SLC25A19	3	0.0220	0.8557
KRT8	SLC25A19	3	0.2742	0.6625
LMNA	SLC25A19	3	0.1728	0.7383
MAPRE3	SLC25A19	3	0.0619	0.8198
ACTB	EML4	3	0.2109	0.7127
CTNNA1	EML4	3	0.0830	0.8021
KRT8	EML4	3	0.1999	0.7199
LMNA	EML4	3	0.1157	0.7775
MAPRE3	EML4	3	0.3755	0.5133
ACTB	GLOD4	3	0.0955	0.7926
CTNNA1	GLOD4	3	0.0355	0.8452
KRT8	GLOD4	3	0.0940	0.7937
LMNA	GLOD4	3	0.0657	0.8164
MAPRE3	GLOD4	3	0.0301	0.8498
ACTB	GPBP1L1	3	0.0533	0.8280
CTNNA1	GPBP1L1	3	0.0035	0.8694
KRT8	GPBP1L1	3	0.0784	0.8056
LMNA	GPBP1L1	3	0.0012	0.8725
MAPRE3	GPBP1L1	3	0.0130	0.8618
ACTB	CBX8	3	0.1334	0.7654
CTNNA1	CBX8	3	0.0308	0.8492
KRT8	CBX8	3	0.1975	0.7215
LMNA	CBX8	3	0.2254	0.7022
MAPRE3	CBX8	3	0.0768	0.8069
ACTB	SENP2	3	0.0246	0.8540
KRT8	SENP2	3	0.0588	0.8227
LMNA	SENP2	3	0.0418	0.8390
MAPRE3	SENP2	3	0.0229	0.8552
ACTB	CENPJ	3	0.0217	0.8560
CTNNA1	CENPJ	3	0.0013	0.8724
KRT8	CENPJ	3	0.1005	0.7889
MAPRE3	CENPJ	3	0.0138	0.8613
ACTB	MUC5B	3	0.2185	0.7072
CTNNA1	MUC5B	3	0.0016	0.8718
KRT8	MUC5B	3	0.0401	0.8407
LMNA	MUC5B	3	0.0163	0.8595
ACTB	NEK6	3	0.2721	0.6643
CTNNA1	NEK6	3	0.0710	0.8119
KRT8	NEK6	3	0.3499	0.5589
LMNA	NEK6	3	0.4438	0.3870
MAPRE3	NEK6	3	0.1808	0.7325
ACTB	MCCC2	3	0.0564	0.8249
CTNNA1	MCCC2	3	0.0455	0.8355
KRT8	MCCC2	3	0.0810	0.8037
LMNA	MCCC2	3	0.0516	0.8295
MAPRE3	MCCC2	3	0.0198	0.8572
ACTB	NCOA5	3	0.0240	0.8544
CTNNA1	NCOA5	3	0.0025	0.8705
KRT8	NCOA5	3	0.0432	0.8376
LMNA	NCOA5	3	0.1041	0.7861
MAPRE3	NCOA5	3	0.0057	0.8672
ACTB	TANC2	3	0.0545	0.8269
CTNNA1	TANC2	3	0.0012	0.8725
KRT8	TANC2	3	0.0909	0.7959
LMNA	TANC2	3	0.0070	0.8661
MAPRE3	TANC2	3	0.0121	0.8624
ACTB	EPG5	3	0.0401	0.8407
CTNNA1	EPG5	3	0.0034	0.8695
KRT8	EPG5	3	0.0781	0.8059
LMNA	EPG5	3	0.0228	0.8553
MAPRE3	EPG5	3	0.0118	0.8626
ACTB	MOV10	3	0.2399	0.6914
CTNNA1	MOV10	3	0.1232	0.7721
KRT8	MOV10	3	0.3109	0.6238
LMNA	MOV10	3	0.1281	0.7689
MAPRE3	MOV10	3	0.1158	0.7774
ACTB	ZNF532	3	0.0571	0.8241
KRT8	ZNF532	3	0.0943	0.7935
LMNA	ZNF532	3	0.0250	0.8537
MAPRE3	ZNF532	3	0.0136	0.8614
ACTB	ARHGEF10L	3	0.0397	0.8412
KRT8	ARHGEF10L	3	0.0546	0.8268
MAPRE3	ARHGEF10L	3	0.0039	0.8690
ACTB	CWC22	3	0.0260	0.8530
LMNA	CWC22	3	0.0378	0.8432
ACTB	NCKAP5L	3	0.2412	0.6903
CTNNA1	NCKAP5L	3	0.1129	0.7796
KRT8	NCKAP5L	3	0.3121	0.6222
LMNA	NCKAP5L	3	0.0929	0.7945
MAPRE3	NCKAP5L	3	0.3596	0.5427
ACTB	MSL2	3	0.0783	0.8057
CTNNA1	MSL2	3	0.0031	0.8699
KRT8	MSL2	3	0.1857	0.7293
LMNA	MSL2	3	0.2082	0.7146
ACTB	RAVER2	3	0.1040	0.7862
KRT8	RAVER2	3	0.1569	0.7490
LMNA	RAVER2	3	0.2791	0.6579
MAPRE3	RAVER2	3	0.0768	0.8069
ACTB	ZDBF2	3	0.0208	0.8566
CTNNA1	ZDBF2	3	0.0002	0.8745
KRT8	ZDBF2	3	0.0390	0.8419
LMNA	ZDBF2	3	0.0260	0.8530
MAPRE3	ZDBF2	3	0.0028	0.8702
ACTB	CHD8	3	0.2207	0.7058
CTNNA1	CHD8	3	0.0395	0.8413
KRT8	CHD8	3	0.2231	0.7040
LMNA	CHD8	3	0.3027	0.6332
MAPRE3	CHD8	3	0.2132	0.7111
ACTB	GPAM	3	0.0388	0.8422
CTNNA1	GPAM	3	0.0015	0.8720
KRT8	GPAM	3	0.0407	0.8401
LMNA	GPAM	3	0.0174	0.8588
MAPRE3	GPAM	3	0.0006	0.8736
ACTB	RESF1	3	0.0199	0.8571
KRT8	RESF1	3	0.0260	0.8530
LMNA	RESF1	3	0.0303	0.8496
MAPRE3	RESF1	3	0.0117	0.8627
ACTB	KIAA1549	3	0.0424	0.8383
KRT8	KIAA1549	3	0.0847	0.8008
LMNA	KIAA1549	3	0.0065	0.8665
MAPRE3	KIAA1549	3	0.0091	0.8643
ACTB	FBRSL1	3	0.0176	0.8586
KRT8	FBRSL1	3	0.1062	0.7846
LMNA	FBRSL1	3	0.0256	0.8532
ACTB	GPN1	3	0.2673	0.6687
CTNNA1	GPN1	3	0.1384	0.7621
KRT8	GPN1	3	0.4173	0.4338
LMNA	GPN1	3	0.1879	0.7279
MAPRE3	GPN1	3	0.2019	0.7188
ACTB	EPB41L4A	3	0.0424	0.8383
CTNNA1	EPB41L4A	3	0.0036	0.8693
KRT8	EPB41L4A	3	0.0782	0.8058
LMNA	EPB41L4A	3	0.0149	0.8605
MAPRE3	EPB41L4A	3	0.0276	0.8518
ACTB	XAB2	3	0.2520	0.6818
CTNNA1	XAB2	3	0.0616	0.8201
KRT8	XAB2	3	0.2457	0.6869
LMNA	XAB2	3	0.3194	0.6113
MAPRE3	XAB2	3	0.2364	0.6939
ACTB	PREB	3	0.1072	0.7837
CTNNA1	PREB	3	0.0118	0.8626
KRT8	PREB	3	0.1275	0.7692
LMNA	PREB	3	0.1176	0.7759
MAPRE3	PREB	3	0.0195	0.8574
ACTB	S100A14	3	0.2368	0.6935
CTNNA1	S100A14	3	0.0152	0.8603
KRT8	S100A14	3	0.0210	0.8565
LMNA	S100A14	3	0.0796	0.8048
ACTB	SRA1	3	0.0604	0.8213
CTNNA1	SRA1	3	0.0002	0.8745
KRT8	SRA1	3	0.0830	0.8021
LMNA	SRA1	3	0.0315	0.8486
MAPRE3	SRA1	3	0.0087	0.8647
ACTB	ATP13A1	3	0.1721	0.7387
CTNNA1	ATP13A1	3	0.0485	0.8325
KRT8	ATP13A1	3	0.1864	0.7290
LMNA	ATP13A1	3	0.1332	0.7655
MAPRE3	ATP13A1	3	0.0615	0.8202
ACTB	GOPC	3	0.1985	0.7206
CTNNA1	GOPC	3	0.0672	0.8152
KRT8	GOPC	3	0.2948	0.6415
LMNA	GOPC	3	0.1063	0.7844
MAPRE3	GOPC	3	0.0937	0.7940
ACTB	CHMP1A	3	0.2000	0.7199
CTNNA1	CHMP1A	3	0.0317	0.8484
KRT8	CHMP1A	3	0.2643	0.6713
LMNA	CHMP1A	3	0.1703	0.7398
MAPRE3	CHMP1A	3	0.0810	0.8037
KRT8	PTPRH	3	0.1307	0.7671
MAPRE3	PTPRH	3	0.0542	0.8272
ACTB	TM9SF3	3	0.1777	0.7347
CTNNA1	TM9SF3	3	0.0079	0.8653
KRT8	TM9SF3	3	0.2166	0.7087
LMNA	TM9SF3	3	0.0896	0.7968
MAPRE3	TM9SF3	3	0.0229	0.8552
ACTB	MYO10	3	0.2815	0.6553
CTNNA1	MYO10	3	0.0901	0.7965
KRT8	MYO10	3	0.3543	0.5519
LMNA	MYO10	3	0.2262	0.7016
MAPRE3	MYO10	3	0.2370	0.6933
ACTB	WDR6	3	0.2506	0.6831
CTNNA1	WDR6	3	0.0426	0.8382
KRT8	WDR6	3	0.2760	0.6611
LMNA	WDR6	3	0.1339	0.7651
MAPRE3	WDR6	3	0.1217	0.7731
ACTB	TUFT1	3	0.0491	0.8319
CTNNA1	TUFT1	3	0.0060	0.8670
KRT8	TUFT1	3	0.1000	0.7892
LMNA	TUFT1	3	0.0372	0.8438
MAPRE3	TUFT1	3	0.0189	0.8578
ACTB	BPIFA1	3	0.3330	0.5915
LMNA	BPIFA1	3	0.0105	0.8634
ACTB	ARFGAP3	3	0.2647	0.6710
CTNNA1	ARFGAP3	3	0.0577	0.8237
KRT8	ARFGAP3	3	0.3130	0.6207
LMNA	ARFGAP3	3	0.1536	0.7513
MAPRE3	ARFGAP3	3	0.1765	0.7357
ACTB	ZCCHC17	3	0.0473	0.8338
CTNNA1	ZCCHC17	3	0.0372	0.8438
KRT8	ZCCHC17	3	0.0713	0.8116
LMNA	ZCCHC17	3	0.0604	0.8213
MAPRE3	ZCCHC17	3	0.0254	0.8534
ACTB	RAB18	3	0.0404	0.8404
CTNNA1	RAB18	3	0.0520	0.8291
KRT8	RAB18	3	0.0508	0.8303
LMNA	RAB18	3	0.0575	0.8238
MAPRE3	RAB18	3	0.0290	0.8507
ACTB	ALG13	3	0.0360	0.8448
CTNNA1	ALG13	3	0.0009	0.8730
KRT8	ALG13	3	0.0394	0.8415
LMNA	ALG13	3	0.0094	0.8642
MAPRE3	ALG13	3	0.0032	0.8697
ACTB	PALMD	3	0.1139	0.7788
CTNNA1	PALMD	3	0.0081	0.8652
KRT8	PALMD	3	0.0554	0.8260
LMNA	PALMD	3	0.0070	0.8661
MAPRE3	PALMD	3	0.0129	0.8619
ACTB	VTA1	3	0.1120	0.7803
CTNNA1	VTA1	3	0.0243	0.8542
KRT8	VTA1	3	0.1178	0.7757
LMNA	VTA1	3	0.1011	0.7884
MAPRE3	VTA1	3	0.0328	0.8475
ACTB	PNPLA8	3	0.0517	0.8294
CTNNA1	PNPLA8	3	0.0031	0.8699
KRT8	PNPLA8	3	0.1982	0.7209
LMNA	PNPLA8	3	0.0140	0.8611
ACTB	SARS2	3	0.0684	0.8140
CTNNA1	SARS2	3	0.0368	0.8441
KRT8	SARS2	3	0.1904	0.7263
LMNA	SARS2	3	0.1962	0.7224
MAPRE3	SARS2	3	0.1170	0.7763
ACTB	MRPS30	3	0.1736	0.7377
CTNNA1	MRPS30	3	0.0196	0.8574
KRT8	MRPS30	3	0.3552	0.5498
LMNA	MRPS30	3	0.0906	0.7961
MAPRE3	MRPS30	3	0.0606	0.8211
LMNA	EMC7	3	0.0785	0.8056
ACTB	MID1IP1	3	0.1972	0.7217
CTNNA1	MID1IP1	3	0.0238	0.8546
KRT8	MID1IP1	3	0.2541	0.6801
LMNA	MID1IP1	3	0.1540	0.7511
MAPRE3	MID1IP1	3	0.0610	0.8207
ACTB	EXOSC4	3	0.1459	0.7570
CTNNA1	EXOSC4	3	0.0402	0.8406
KRT8	EXOSC4	3	0.1653	0.7433
LMNA	EXOSC4	3	0.1344	0.7646
MAPRE3	EXOSC4	3	0.0500	0.8311
ACTB	UBE2T	3	0.2349	0.6951
CTNNA1	UBE2T	3	0.0928	0.7946
KRT8	UBE2T	3	0.1844	0.7300
LMNA	UBE2T	3	0.2776	0.6597
MAPRE3	UBE2T	3	0.0669	0.8154
ACTB	DMAP1	3	0.0085	0.8648
KRT8	DMAP1	3	0.0160	0.8597
LMNA	DMAP1	3	0.0816	0.8032
MAPRE3	DMAP1	3	0.0036	0.8693
ACTB	UBN1	3	0.0015	0.8720
CTNNA1	UBN1	3	0.0001	0.8748
KRT8	UBN1	3	0.0002	0.8745
LMNA	UBN1	3	0.0228	0.8553
MAPRE3	UBN1	3	0.0017	0.8717
ACTB	BRD7	3	0.2330	0.6967
CTNNA1	BRD7	3	0.0274	0.8520
KRT8	BRD7	3	0.1792	0.7336
LMNA	BRD7	3	0.1449	0.7577
MAPRE3	BRD7	3	0.0991	0.7898
ACTB	DCP1A	3	0.2169	0.7084
CTNNA1	DCP1A	3	0.0355	0.8452
KRT8	DCP1A	3	0.2425	0.6893
LMNA	DCP1A	3	0.0829	0.8022
MAPRE3	DCP1A	3	0.1075	0.7835
ACTB	MED4	3	0.1360	0.7636
KRT8	MED4	3	0.2238	0.7035
LMNA	MED4	3	0.0938	0.7939
MAPRE3	MED4	3	0.0100	0.8638
ACTB	RIC8A	3	0.1967	0.7221
CTNNA1	RIC8A	3	0.0201	0.8570
KRT8	RIC8A	3	0.2201	0.7063
LMNA	RIC8A	3	0.1289	0.7684
MAPRE3	RIC8A	3	0.0799	0.8046
ACTB	LUC7L	3	0.0235	0.8548
CTNNA1	LUC7L	3	0.0158	0.8598
KRT8	LUC7L	3	0.0643	0.8177
LMNA	LUC7L	3	0.1198	0.7744
MAPRE3	LUC7L	3	0.0297	0.8501
ACTB	AKIP1	3	0.1823	0.7313
CTNNA1	AKIP1	3	0.0483	0.8328
KRT8	AKIP1	3	0.2405	0.6909
LMNA	AKIP1	3	0.1391	0.7615
ACTB	LZTFL1	3	0.2627	0.6726
CTNNA1	LZTFL1	3	0.0691	0.8135
KRT8	LZTFL1	3	0.2720	0.6644
LMNA	LZTFL1	3	0.1085	0.7828
MAPRE3	LZTFL1	3	0.1298	0.7678
ACTB	PPAN	3	0.2045	0.7172
CTNNA1	PPAN	3	0.0601	0.8216
KRT8	PPAN	3	0.2743	0.6624
LMNA	PPAN	3	0.1963	0.7223
MAPRE3	PPAN	3	0.0989	0.7899
ACTB	TRIM36	3	0.0956	0.7925
KRT8	TRIM36	3	0.0642	0.8177
MAPRE3	TRIM36	3	0.0867	0.7992
ACTB	TIGAR	3	0.0997	0.7894
CTNNA1	TIGAR	3	0.0383	0.8427
KRT8	TIGAR	3	0.1721	0.7387
LMNA	TIGAR	3	0.0997	0.7894
MAPRE3	TIGAR	3	0.0431	0.8377
ACTB	COPRS	3	0.3326	0.5926
CTNNA1	COPRS	3	0.1377	0.7624
KRT8	COPRS	3	0.3772	0.5091
LMNA	COPRS	3	0.3226	0.6061
MAPRE3	COPRS	3	0.1335	0.7653
ACTB	TCF7L2	3	0.1237	0.7718
CTNNA1	TCF7L2	3	0.1032	0.7868
LMNA	TCF7L2	3	0.3205	0.6096
MAPRE3	TCF7L2	3	0.1458	0.7570
ACTB	RTN4	3	0.3011	0.6353
CTNNA1	RTN4	3	0.1217	0.7731
KRT8	RTN4	3	0.3156	0.6165
LMNA	RTN4	3	0.1840	0.7302
MAPRE3	RTN4	3	0.2062	0.7159
ACTB	CYLD	3	0.2612	0.6739
CTNNA1	CYLD	3	0.0802	0.8044
KRT8	CYLD	3	0.3241	0.6046
LMNA	CYLD	3	0.1745	0.7373
MAPRE3	CYLD	3	0.1731	0.7380
CTNNA1	HINT3	3	0.0663	0.8159
ACTB	RPRD1B	3	0.1814	0.7320
CTNNA1	RPRD1B	3	0.0424	0.8383
KRT8	RPRD1B	3	0.1929	0.7247
LMNA	RPRD1B	3	0.2634	0.6721
MAPRE3	RPRD1B	3	0.1168	0.7765
ACTB	PFDN4	3	0.2447	0.6877
CTNNA1	PFDN4	3	0.0429	0.8379
KRT8	PFDN4	3	0.0813	0.8035
LMNA	PFDN4	3	0.1114	0.7807
MAPRE3	PFDN4	3	0.0074	0.8657
ACTB	NIT2	3	0.1479	0.7555
CTNNA1	NIT2	3	0.0107	0.8633
KRT8	NIT2	3	0.1668	0.7421
LMNA	NIT2	3	0.0848	0.8007
MAPRE3	NIT2	3	0.0350	0.8457
ACTB	AVEN	3	0.2941	0.6424
CTNNA1	AVEN	3	0.1235	0.7719
KRT8	AVEN	3	0.3149	0.6177
LMNA	AVEN	3	0.1719	0.7388
MAPRE3	AVEN	3	0.2274	0.7008
ACTB	INCENP	3	0.2662	0.6698
CTNNA1	INCENP	3	0.0979	0.7907
KRT8	INCENP	3	0.2976	0.6385
LMNA	INCENP	3	0.3453	0.5670
MAPRE3	INCENP	3	0.2959	0.6406
ACTB	EXOSC5	3	0.0336	0.8468
CTNNA1	EXOSC5	3	0.0009	0.8730
KRT8	EXOSC5	3	0.0619	0.8198
LMNA	EXOSC5	3	0.0720	0.8111
MAPRE3	EXOSC5	3	0.0070	0.8661
ACTB	EXOSC3	3	0.2362	0.6940
CTNNA1	EXOSC3	3	0.0402	0.8406
KRT8	EXOSC3	3	0.2227	0.7043
LMNA	EXOSC3	3	0.2414	0.6901
MAPRE3	EXOSC3	3	0.1908	0.7260
ACTB	KIF13B	3	0.0400	0.8409
CTNNA1	KIF13B	3	0.0006	0.8736
KRT8	KIF13B	3	0.0478	0.8333
LMNA	KIF13B	3	0.0408	0.8400
MAPRE3	KIF13B	3	0.0086	0.8647
ACTB	PRDM11	3	0.0490	0.8320
CTNNA1	PRDM11	3	0.0003	0.8743
KRT8	PRDM11	3	0.0194	0.8575
LMNA	PRDM11	3	0.1219	0.7729
MAPRE3	PRDM11	3	0.0059	0.8671
ACTB	ANLN	3	0.2696	0.6667
CTNNA1	ANLN	3	0.0461	0.8350
KRT8	ANLN	3	0.2253	0.7023
LMNA	ANLN	3	0.2932	0.6432
MAPRE3	ANLN	3	0.2153	0.7097
ACTB	GPHN	3	0.2387	0.6925
CTNNA1	GPHN	3	0.0346	0.8460
KRT8	GPHN	3	0.2683	0.6678
LMNA	GPHN	3	0.0872	0.7988
MAPRE3	GPHN	3	0.1257	0.7703
ACTB	UTP3	3	0.1137	0.7790
CTNNA1	UTP3	3	0.0204	0.8569
KRT8	UTP3	3	0.0549	0.8265
LMNA	UTP3	3	0.1304	0.7673
MAPRE3	UTP3	3	0.0807	0.8040
ACTB	STARD7	3	0.1324	0.7660
CTNNA1	STARD7	3	0.0388	0.8422
KRT8	STARD7	3	0.2810	0.6556
LMNA	STARD7	3	0.0491	0.8319
MAPRE3	STARD7	3	0.0161	0.8596
ACTB	BIRC6	3	0.2424	0.6894
CTNNA1	BIRC6	3	0.1055	0.7850
KRT8	BIRC6	3	0.3337	0.5883
LMNA	BIRC6	3	0.1467	0.7563
MAPRE3	BIRC6	3	0.1568	0.7491
ACTB	PDLIM7	3	0.3871	0.4891
CTNNA1	PDLIM7	3	0.1014	0.7883
KRT8	PDLIM7	3	0.2666	0.6694
LMNA	PDLIM7	3	0.1151	0.7781
MAPRE3	PDLIM7	3	0.1451	0.7575
ACTB	DDX21	3	0.1360	0.7636
CTNNA1	DDX21	3	0.0364	0.8445
KRT8	DDX21	3	0.2758	0.6614
LMNA	DDX21	3	0.2493	0.6841
MAPRE3	DDX21	3	0.0689	0.8137
ACTB	SAR1A	3	0.1566	0.7493
CTNNA1	SAR1A	3	0.0504	0.8307
KRT8	SAR1A	3	0.1754	0.7365
LMNA	SAR1A	3	0.4822	0.3335
MAPRE3	SAR1A	3	0.0978	0.7907
ACTB	SH3GLB2	3	0.1450	0.7576
CTNNA1	SH3GLB2	3	0.0254	0.8534
KRT8	SH3GLB2	3	0.2326	0.6972
LMNA	SH3GLB2	3	0.0114	0.8629
MAPRE3	SH3GLB2	3	0.0572	0.8240
ACTB	ASH1L	3	0.0037	0.8691
CTNNA1	ASH1L	3	0.0000	0.8752
KRT8	ASH1L	3	0.0158	0.8598
LMNA	ASH1L	3	0.0575	0.8238
MAPRE3	ASH1L	3	0.0081	0.8652
ACTB	EIF2B3	3	0.1660	0.7427
CTNNA1	EIF2B3	3	0.0340	0.8465
KRT8	EIF2B3	3	0.1991	0.7204
LMNA	EIF2B3	3	0.0792	0.8052
MAPRE3	EIF2B3	3	0.0491	0.8319
ACTB	MBNL1	3	0.0355	0.8452
KRT8	MBNL1	3	0.0641	0.8178
LMNA	MBNL1	3	0.0926	0.7948
ACTB	EIF4ENIF1	3	0.0333	0.8471
CTNNA1	EIF4ENIF1	3	0.0014	0.8722
KRT8	EIF4ENIF1	3	0.0865	0.7993
LMNA	EIF4ENIF1	3	0.0049	0.8679
MAPRE3	EIF4ENIF1	3	0.0218	0.8559
ACTB	PICK1	3	0.0130	0.8618
CTNNA1	PICK1	3	0.0008	0.8732
KRT8	PICK1	3	0.1181	0.7755
LMNA	PICK1	3	0.0109	0.8632
MAPRE3	PICK1	3	0.0070	0.8661
ACTB	TSHZ2	3	0.0750	0.8085
KRT8	TSHZ2	3	0.1730	0.7381
LMNA	TSHZ2	3	0.3149	0.6177
MAPRE3	TSHZ2	3	0.1640	0.7440
ACTB	CTPS2	3	0.0365	0.8444
CTNNA1	CTPS2	3	0.0019	0.8714
KRT8	CTPS2	3	0.0741	0.8093
LMNA	CTPS2	3	0.0229	0.8552
MAPRE3	CTPS2	3	0.0165	0.8594
ACTB	CHRAC1	3	0.0140	0.8611
KRT8	CHRAC1	3	0.0410	0.8398
LMNA	CHRAC1	3	0.0122	0.8623
ACTB	AAAS	3	0.1941	0.7238
CTNNA1	AAAS	3	0.0658	0.8163
KRT8	AAAS	3	0.5674	0.2303
LMNA	AAAS	3	0.1423	0.7594
MAPRE3	AAAS	3	0.0934	0.7942
ACTB	TULP4	3	0.0852	0.8003
KRT8	TULP4	3	0.1164	0.7768
LMNA	TULP4	3	0.0050	0.8678
MAPRE3	TULP4	3	0.0143	0.8609
ACTB	BAZ1A	3	0.1747	0.7371
CTNNA1	BAZ1A	3	0.1566	0.7493
KRT8	BAZ1A	3	0.2426	0.6892
LMNA	BAZ1A	3	0.2443	0.6880
MAPRE3	BAZ1A	3	0.0900	0.7966
ACTB	STRN4	3	0.2503	0.6833
CTNNA1	STRN4	3	0.0697	0.8130
KRT8	STRN4	3	0.2674	0.6686
LMNA	STRN4	3	0.1136	0.7790
MAPRE3	STRN4	3	0.0881	0.7981
ACTB	LATS2	3	0.0415	0.8393
CTNNA1	LATS2	3	0.0027	0.8703
KRT8	LATS2	3	0.1047	0.7857
LMNA	LATS2	3	0.0003	0.8743
MAPRE3	LATS2	3	0.0169	0.8592
ACTB	AASDHPPT	3	0.2090	0.7142
CTNNA1	AASDHPPT	3	0.0198	0.8572
KRT8	AASDHPPT	3	0.2362	0.6940
LMNA	AASDHPPT	3	0.2129	0.7113
MAPRE3	AASDHPPT	3	0.0803	0.8043
ACTB	CDC42SE2	3	0.1085	0.7828
CTNNA1	CDC42SE2	3	0.0249	0.8538
KRT8	CDC42SE2	3	0.3066	0.6287
LMNA	CDC42SE2	3	0.1628	0.7449
MAPRE3	CDC42SE2	3	0.0565	0.8248
ACTB	DROSHA	3	0.1934	0.7243
CTNNA1	DROSHA	3	0.0232	0.8551
KRT8	DROSHA	3	0.2484	0.6848
LMNA	DROSHA	3	0.2240	0.7033
MAPRE3	DROSHA	3	0.0865	0.7993
ACTB	HEBP1	3	0.0499	0.8312
CTNNA1	HEBP1	3	0.0014	0.8722
KRT8	HEBP1	3	0.0627	0.8191
LMNA	HEBP1	3	0.0167	0.8593
MAPRE3	HEBP1	3	0.0088	0.8646
ACTB	VPS45	3	0.2028	0.7184
CTNNA1	VPS45	3	0.0337	0.8467
KRT8	VPS45	3	0.2337	0.6962
LMNA	VPS45	3	0.1030	0.7871
MAPRE3	VPS45	3	0.0642	0.8177
ACTB	PHPT1	3	0.0589	0.8226
CTNNA1	PHPT1	3	0.0293	0.8504
KRT8	PHPT1	3	0.2903	0.6465
LMNA	PHPT1	3	0.0564	0.8249
ACTB	ARHGAP35	3	0.3325	0.5928
CTNNA1	ARHGAP35	3	0.0990	0.7898
KRT8	ARHGAP35	3	0.2584	0.6763
LMNA	ARHGAP35	3	0.1498	0.7540
MAPRE3	ARHGAP35	3	0.1654	0.7431
ACTB	FAM114A2	3	0.2947	0.6417
CTNNA1	FAM114A2	3	0.1419	0.7597
KRT8	FAM114A2	3	0.3012	0.6351
LMNA	FAM114A2	3	0.1689	0.7407
MAPRE3	FAM114A2	3	0.2050	0.7168
ACTB	HELLS	3	0.2677	0.6683
CTNNA1	HELLS	3	0.0940	0.7937
KRT8	HELLS	3	0.2394	0.6919
LMNA	HELLS	3	0.3365	0.5837
MAPRE3	HELLS	3	0.2311	0.6982
ACTB	TOPORS	3	0.0082	0.8651
LMNA	TOPORS	3	0.0892	0.7971
ACTB	MBIP	3	0.0814	0.8034
KRT8	MBIP	3	0.0172	0.8589
LMNA	MBIP	3	0.0329	0.8474
MAPRE3	MBIP	3	0.0030	0.8700
ACTB	LANCL2	3	0.0265	0.8526
CTNNA1	LANCL2	3	0.0318	0.8483
KRT8	LANCL2	3	0.0450	0.8360
LMNA	LANCL2	3	0.0535	0.8278
MAPRE3	LANCL2	3	0.0175	0.8587
ACTB	KIF15	3	0.1394	0.7613
CTNNA1	KIF15	3	0.0177	0.8585
KRT8	KIF15	3	0.1682	0.7412
LMNA	KIF15	3	0.0309	0.8491
MAPRE3	KIF15	3	0.1697	0.7402
ACTB	RAD18	3	0.1123	0.7801
KRT8	RAD18	3	0.1335	0.7653
LMNA	RAD18	3	0.0224	0.8555
MAPRE3	RAD18	3	0.0208	0.8566
ACTB	FARSB	3	0.1661	0.7426
CTNNA1	FARSB	3	0.0432	0.8376
KRT8	FARSB	3	0.1679	0.7414
LMNA	FARSB	3	0.0462	0.8349
MAPRE3	FARSB	3	0.0605	0.8212
ACTB	IARS2	3	0.2203	0.7061
CTNNA1	IARS2	3	0.0510	0.8301
KRT8	IARS2	3	0.4508	0.3779
LMNA	IARS2	3	0.2446	0.6877
MAPRE3	IARS2	3	0.1070	0.7839
ACTB	FIRRM	3	0.0224	0.8555
KRT8	FIRRM	3	0.0592	0.8224
LMNA	FIRRM	3	0.0485	0.8325
MAPRE3	FIRRM	3	0.0028	0.8702
ACTB	SLX9	3	0.0010	0.8728
LMNA	SLX9	3	0.0154	0.8601
MAPRE3	SLX9	3	0.0001	0.8748
ACTB	BRWD1	3	0.0010	0.8728
KRT8	BRWD1	3	0.0029	0.8701
LMNA	BRWD1	3	0.0248	0.8539
MAPRE3	BRWD1	3	0.0009	0.8730
ACTB	KLC4	3	0.0719	0.8111
CTNNA1	KLC4	3	0.0005	0.8738
KRT8	KLC4	3	0.0722	0.8109
LMNA	KLC4	3	0.0017	0.8717
MAPRE3	KLC4	3	0.0090	0.8644
ACTB	CENPM	3	0.2422	0.6895
CTNNA1	CENPM	3	0.0479	0.8332
KRT8	CENPM	3	0.3408	0.5765
LMNA	CENPM	3	0.2661	0.6699
MAPRE3	CENPM	3	0.1774	0.7349
ACTB	DIAPH3	3	0.3055	0.6299
CTNNA1	DIAPH3	3	0.1267	0.7697
KRT8	DIAPH3	3	0.3249	0.6036
LMNA	DIAPH3	3	0.1233	0.7720
MAPRE3	DIAPH3	3	0.3253	0.6031
ACTB	BMP2K	3	0.0224	0.8555
CTNNA1	BMP2K	3	0.0002	0.8745
KRT8	BMP2K	3	0.0619	0.8198
LMNA	BMP2K	3	0.0053	0.8676
MAPRE3	BMP2K	3	0.0063	0.8666
ACTB	ATG3	3	0.2558	0.6783
CTNNA1	ATG3	3	0.0544	0.8270
KRT8	ATG3	3	0.2399	0.6914
LMNA	ATG3	3	0.0688	0.8138
MAPRE3	ATG3	3	0.0924	0.7950
ACTB	TENM2	3	0.0434	0.8374
CTNNA1	TENM2	3	0.0057	0.8672
KRT8	TENM2	3	0.0201	0.8570
LMNA	TENM2	3	0.0199	0.8571
MAPRE3	TENM2	3	0.0018	0.8715
ACTB	PDS5B	3	0.0164	0.8595
KRT8	PDS5B	3	0.0238	0.8546
LMNA	PDS5B	3	0.0177	0.8585
MAPRE3	PDS5B	3	0.0006	0.8736
ACTB	SMC4	3	0.2732	0.6634
CTNNA1	SMC4	3	0.0663	0.8159
KRT8	SMC4	3	0.3107	0.6241
LMNA	SMC4	3	0.2190	0.7069
MAPRE3	SMC4	3	0.1840	0.7302
ACTB	SACM1L	3	0.1977	0.7213
CTNNA1	SACM1L	3	0.0382	0.8428
KRT8	SACM1L	3	0.1894	0.7269
LMNA	SACM1L	3	0.1400	0.7609
MAPRE3	SACM1L	3	0.0924	0.7950
ACTB	OLA1	3	0.1188	0.7751
CTNNA1	OLA1	3	0.0378	0.8432
KRT8	OLA1	3	0.1263	0.7699
LMNA	OLA1	3	0.0660	0.8161
MAPRE3	OLA1	3	0.0424	0.8383
ACTB	ECHDC1	3	0.2778	0.6594
CTNNA1	ECHDC1	3	0.0721	0.8110
KRT8	ECHDC1	3	0.2727	0.6638
LMNA	ECHDC1	3	0.1831	0.7308
MAPRE3	ECHDC1	3	0.1153	0.7779
ACTB	RBM12	3	0.2310	0.6983
CTNNA1	RBM12	3	0.0192	0.8576
KRT8	RBM12	3	0.2229	0.7042
LMNA	RBM12	3	0.2981	0.6380
MAPRE3	RBM12	3	0.1076	0.7834
ACTB	TBC1D22B	3	0.2329	0.6969
KRT8	TBC1D22B	3	0.4221	0.4270
LMNA	TBC1D22B	3	0.1871	0.7285
MAPRE3	TBC1D22B	3	0.1306	0.7672
ACTB	MDN1	3	0.2416	0.6900
CTNNA1	MDN1	3	0.0698	0.8129
KRT8	MDN1	3	0.3041	0.6314
LMNA	MDN1	3	0.2302	0.6989
MAPRE3	MDN1	3	0.1569	0.7490
ACTB	ZBTB40	3	0.0620	0.8197
KRT8	ZBTB40	3	0.0268	0.8523
LMNA	ZBTB40	3	0.1174	0.7760
ACTB	ZCCHC3	3	0.3151	0.6174
CTNNA1	ZCCHC3	3	0.1542	0.7509
KRT8	ZCCHC3	3	0.3015	0.6347
LMNA	ZCCHC3	3	0.2142	0.7105
MAPRE3	ZCCHC3	3	0.2895	0.6472
ACTB	PDRG1	3	0.1094	0.7822
KRT8	PDRG1	3	0.1063	0.7844
LMNA	PDRG1	3	0.0170	0.8591
MAPRE3	PDRG1	3	0.0181	0.8582
ACTB	DECR2	3	0.1416	0.7599
CTNNA1	DECR2	3	0.0264	0.8526
KRT8	DECR2	3	0.1841	0.7301
LMNA	DECR2	3	0.0947	0.7932
MAPRE3	DECR2	3	0.0170	0.8591
ACTB	TCP11L1	3	0.0458	0.8352
CTNNA1	TCP11L1	3	0.0010	0.8728
KRT8	TCP11L1	3	0.0691	0.8135
LMNA	TCP11L1	3	0.0050	0.8678
MAPRE3	TCP11L1	3	0.0079	0.8653
ACTB	STAU2	3	0.3087	0.6267
CTNNA1	STAU2	3	0.1507	0.7534
KRT8	STAU2	3	0.3094	0.6256
LMNA	STAU2	3	0.1608	0.7463
MAPRE3	STAU2	3	0.2286	0.7001
ACTB	DDX28	3	0.0842	0.8011
KRT8	DDX28	3	0.2918	0.6449
LMNA	DDX28	3	0.1124	0.7800
ACTB	TMEM106B	3	0.0274	0.8520
KRT8	TMEM106B	3	0.0468	0.8343
LMNA	TMEM106B	3	0.0433	0.8375
ACTB	TXLNG	3	0.2392	0.6921
CTNNA1	TXLNG	3	0.0820	0.8028
KRT8	TXLNG	3	0.2594	0.6754
LMNA	TXLNG	3	0.1039	0.7863
MAPRE3	TXLNG	3	0.1555	0.7500
ACTB	SPATS2L	3	0.1120	0.7803
CTNNA1	SPATS2L	3	0.0322	0.8480
KRT8	SPATS2L	3	0.1413	0.7601
LMNA	SPATS2L	3	0.0449	0.8361
MAPRE3	SPATS2L	3	0.0769	0.8068
ACTB	ABCF3	3	0.2895	0.6472
CTNNA1	ABCF3	3	0.1097	0.7820
KRT8	ABCF3	3	0.3070	0.6281
LMNA	ABCF3	3	0.1513	0.7530
MAPRE3	ABCF3	3	0.2066	0.7157
ACTB	CYRIB	3	0.2710	0.6655
CTNNA1	CYRIB	3	0.0938	0.7939
KRT8	CYRIB	3	0.3066	0.6287
LMNA	CYRIB	3	0.2009	0.7194
MAPRE3	CYRIB	3	0.1015	0.7882
ACTB	OTULINL	3	0.2262	0.7016
CTNNA1	OTULINL	3	0.0710	0.8119
KRT8	OTULINL	3	0.3873	0.4882
LMNA	OTULINL	3	0.2356	0.6945
MAPRE3	OTULINL	3	0.0986	0.7902
ACTB	DDX19A	3	0.2579	0.6766
CTNNA1	DDX19A	3	0.0650	0.8171
KRT8	DDX19A	3	0.3127	0.6214
LMNA	DDX19A	3	0.1575	0.7487
MAPRE3	DDX19A	3	0.1450	0.7576
ACTB	TBC1D23	3	0.3473	0.5641
CTNNA1	TBC1D23	3	0.1655	0.7430
KRT8	TBC1D23	3	0.3481	0.5625
LMNA	TBC1D23	3	0.2441	0.6881
MAPRE3	TBC1D23	3	0.2476	0.6853
ACTB	DCAF13	3	0.1341	0.7648
CTNNA1	DCAF13	3	0.0166	0.8594
KRT8	DCAF13	3	0.1262	0.7700
LMNA	DCAF13	3	0.2963	0.6400
MAPRE3	DCAF13	3	0.0918	0.7953
ACTB	IMP3	3	0.0030	0.8700
KRT8	IMP3	3	0.0033	0.8697
LMNA	IMP3	3	0.0243	0.8542
MAPRE3	IMP3	3	0.0002	0.8745
CTNNA1	NUDT15	3	0.0424	0.8383
MAPRE3	NUDT15	3	0.0248	0.8539
ACTB	MRGBP	3	0.2155	0.7095
CTNNA1	MRGBP	3	0.0090	0.8644
KRT8	MRGBP	3	0.2377	0.6930
LMNA	MRGBP	3	0.2586	0.6761
MAPRE3	MRGBP	3	0.0953	0.7927
ACTB	TYW1	3	0.0554	0.8260
CTNNA1	TYW1	3	0.0001	0.8748
KRT8	TYW1	3	0.0306	0.8494
LMNA	TYW1	3	0.0047	0.8681
MAPRE3	TYW1	3	0.0161	0.8596
ACTB	EXOC1	3	0.2298	0.6992
CTNNA1	EXOC1	3	0.0525	0.8287
KRT8	EXOC1	3	0.3096	0.6255
LMNA	EXOC1	3	0.1542	0.7509
MAPRE3	EXOC1	3	0.1564	0.7494
KRT8	PCMTD2	3	0.0472	0.8340
LMNA	PCMTD2	3	0.0928	0.7946
ACTB	INTS9	3	0.0974	0.7911
CTNNA1	INTS9	3	0.0461	0.8350
KRT8	INTS9	3	0.1156	0.7776
LMNA	INTS9	3	0.2590	0.6758
MAPRE3	INTS9	3	0.0458	0.8352
ACTB	SEPTIN11	3	0.2342	0.6956
CTNNA1	SEPTIN11	3	0.0514	0.8297
KRT8	SEPTIN11	3	0.2250	0.7026
LMNA	SEPTIN11	3	0.0750	0.8085
MAPRE3	SEPTIN11	3	0.1566	0.7493
ACTB	MED17	3	0.0264	0.8526
CTNNA1	MED17	3	0.0015	0.8720
KRT8	MED17	3	0.0634	0.8184
LMNA	MED17	3	0.0477	0.8334
MAPRE3	MED17	3	0.0047	0.8681
ACTB	PARVA	3	0.3265	0.6012
CTNNA1	PARVA	3	0.1638	0.7441
KRT8	PARVA	3	0.3292	0.5973
LMNA	PARVA	3	0.2014	0.7191
MAPRE3	PARVA	3	0.2321	0.6976
ACTB	USP40	3	0.0063	0.8666
KRT8	USP40	3	0.0645	0.8175
ACTB	PANK4	3	0.1621	0.7454
CTNNA1	PANK4	3	0.0119	0.8625
KRT8	PANK4	3	0.2698	0.6665
LMNA	PANK4	3	0.1251	0.7708
MAPRE3	PANK4	3	0.0441	0.8369
ACTB	TBC1D13	3	0.0915	0.7956
CTNNA1	TBC1D13	3	0.0376	0.8434
KRT8	TBC1D13	3	0.1197	0.7745
LMNA	TBC1D13	3	0.0783	0.8057
MAPRE3	TBC1D13	3	0.0306	0.8494
ACTB	EXD2	3	0.0544	0.8270
CTNNA1	EXD2	3	0.0006	0.8736
KRT8	EXD2	3	0.0600	0.8217
LMNA	EXD2	3	0.0011	0.8726
MAPRE3	EXD2	3	0.0034	0.8695
ACTB	DNAJC11	3	0.1876	0.7281
CTNNA1	DNAJC11	3	0.0285	0.8511
KRT8	DNAJC11	3	0.3005	0.6358
LMNA	DNAJC11	3	0.1701	0.7400
MAPRE3	DNAJC11	3	0.0666	0.8156
ACTB	INTS7	3	0.0356	0.8451
CTNNA1	INTS7	3	0.0017	0.8717
KRT8	INTS7	3	0.1058	0.7849
LMNA	INTS7	3	0.0299	0.8499
MAPRE3	INTS7	3	0.0036	0.8693
ACTB	TMLHE	3	0.1639	0.7441
CTNNA1	TMLHE	3	0.0314	0.8487
KRT8	TMLHE	3	0.2995	0.6368
LMNA	TMLHE	3	0.0889	0.7974
MAPRE3	TMLHE	3	0.0381	0.8429
ACTB	FANCI	3	0.2073	0.7153
CTNNA1	FANCI	3	0.0709	0.8120
KRT8	FANCI	3	0.2393	0.6920
LMNA	FANCI	3	0.2805	0.6562
MAPRE3	FANCI	3	0.1606	0.7465
ACTB	ATAD3A	3	0.0333	0.8471
CTNNA1	ATAD3A	3	0.0411	0.8397
KRT8	ATAD3A	3	0.0733	0.8099
LMNA	ATAD3A	3	0.0809	0.8038
MAPRE3	ATAD3A	3	0.0198	0.8572
ACTB	ARL8B	3	0.1055	0.7850
KRT8	ARL8B	3	0.0575	0.8238
LMNA	ARL8B	3	0.0284	0.8512
MAPRE3	ARL8B	3	0.0284	0.8512
ACTB	PRMT7	3	0.0410	0.8398
CTNNA1	PRMT7	3	0.0011	0.8726
KRT8	PRMT7	3	0.0593	0.8223
LMNA	PRMT7	3	0.0397	0.8412
MAPRE3	PRMT7	3	0.0047	0.8681
ACTB	DNAJC17	3	0.1657	0.7429
CTNNA1	DNAJC17	3	0.0239	0.8545
KRT8	DNAJC17	3	0.1554	0.7501
LMNA	DNAJC17	3	0.2700	0.6664
MAPRE3	DNAJC17	3	0.0537	0.8276
ACTB	INTS13	3	0.1771	0.7352
CTNNA1	INTS13	3	0.0848	0.8007
KRT8	INTS13	3	0.2039	0.7174
LMNA	INTS13	3	0.3308	0.5947
MAPRE3	INTS13	3	0.1430	0.7590
ACTB	GNL3L	3	0.1520	0.7524
CTNNA1	GNL3L	3	0.0154	0.8601
KRT8	GNL3L	3	0.1896	0.7268
LMNA	GNL3L	3	0.1580	0.7483
MAPRE3	GNL3L	3	0.0425	0.8383
ACTB	DDX18	3	0.2159	0.7092
CTNNA1	DDX18	3	0.0424	0.8383
KRT8	DDX18	3	0.2256	0.7020
LMNA	DDX18	3	0.2497	0.6838
MAPRE3	DDX18	3	0.1572	0.7488
ACTB	ASF1B	3	0.1573	0.7488
CTNNA1	ASF1B	3	0.0508	0.8303
KRT8	ASF1B	3	0.2106	0.7129
LMNA	ASF1B	3	0.2323	0.6975
MAPRE3	ASF1B	3	0.0579	0.8235
ACTB	INTS10	3	0.0340	0.8465
CTNNA1	INTS10	3	0.0000	0.8752
KRT8	INTS10	3	0.0206	0.8567
LMNA	INTS10	3	0.0409	0.8399
MAPRE3	INTS10	3	0.0004	0.8740
ACTB	DNAAF2	3	0.2266	0.7014
CTNNA1	DNAAF2	3	0.0509	0.8302
KRT8	DNAAF2	3	0.2449	0.6875
LMNA	DNAAF2	3	0.1202	0.7741
MAPRE3	DNAAF2	3	0.0475	0.8337
ACTB	PNPO	3	0.1942	0.7238
CTNNA1	PNPO	3	0.0516	0.8295
KRT8	PNPO	3	0.0418	0.8390
LMNA	PNPO	3	0.0630	0.8189
MAPRE3	PNPO	3	0.0966	0.7918
ACTB	POLR3E	3	0.2037	0.7176
KRT8	POLR3E	3	0.2353	0.6947
LMNA	POLR3E	3	0.1129	0.7796
MAPRE3	POLR3E	3	0.1027	0.7873
ACTB	MTPAP	3	0.1068	0.7840
CTNNA1	MTPAP	3	0.0281	0.8514
KRT8	MTPAP	3	0.2057	0.7164
LMNA	MTPAP	3	0.0887	0.7975
MAPRE3	MTPAP	3	0.0513	0.8297
ACTB	HAUS2	3	0.2011	0.7193
CTNNA1	HAUS2	3	0.0390	0.8419
KRT8	HAUS2	3	0.3368	0.5836
LMNA	HAUS2	3	0.0544	0.8270
MAPRE3	HAUS2	3	0.1403	0.7607
ACTB	NLE1	3	0.0942	0.7936
CTNNA1	NLE1	3	0.0395	0.8413
KRT8	NLE1	3	0.1191	0.7749
LMNA	NLE1	3	0.0729	0.8103
MAPRE3	NLE1	3	0.0313	0.8488
ACTB	KBTBD4	3	0.1226	0.7725
KRT8	KBTBD4	3	0.0976	0.7909
LMNA	KBTBD4	3	0.4995	0.2974
MAPRE3	KBTBD4	3	0.0515	0.8296
ACTB	NECAP2	3	0.3384	0.5806
CTNNA1	NECAP2	3	0.1264	0.7698
KRT8	NECAP2	3	0.3830	0.4979
LMNA	NECAP2	3	0.3038	0.6319
MAPRE3	NECAP2	3	0.2772	0.6601
ACTB	POLR3B	3	0.0437	0.8372
KRT8	POLR3B	3	0.0799	0.8046
LMNA	POLR3B	3	0.0062	0.8667
MAPRE3	POLR3B	3	0.0058	0.8671
ACTB	RBM28	3	0.2034	0.7178
CTNNA1	RBM28	3	0.1076	0.7834
KRT8	RBM28	3	0.2315	0.6979
LMNA	RBM28	3	0.2153	0.7097
MAPRE3	RBM28	3	0.1027	0.7873
ACTB	ANO10	3	0.1138	0.7789
KRT8	ANO10	3	0.2061	0.7161
LMNA	ANO10	3	0.2032	0.7180
MAPRE3	ANO10	3	0.0473	0.8338
ACTB	FANCL	3	0.0265	0.8526
KRT8	FANCL	3	0.0569	0.8244
LMNA	FANCL	3	0.0566	0.8247
ACTB	RBM22	3	0.1985	0.7206
CTNNA1	RBM22	3	0.0728	0.8103
KRT8	RBM22	3	0.2166	0.7087
LMNA	RBM22	3	0.3416	0.5750
MAPRE3	RBM22	3	0.1972	0.7217
ACTB	BSDC1	3	0.3222	0.6069
CTNNA1	BSDC1	3	0.0771	0.8066
KRT8	BSDC1	3	0.1782	0.7343
LMNA	BSDC1	3	0.1571	0.7489
MAPRE3	BSDC1	3	0.1090	0.7824
ACTB	WDR70	3	0.1539	0.7511
CTNNA1	WDR70	3	0.0612	0.8205
KRT8	WDR70	3	0.1499	0.7539
LMNA	WDR70	3	0.3398	0.5784
MAPRE3	WDR70	3	0.1399	0.7611
ACTB	ARGLU1	3	0.0740	0.8094
CTNNA1	ARGLU1	3	0.0254	0.8534
LMNA	ARGLU1	3	0.0921	0.7952
MAPRE3	ARGLU1	3	0.0236	0.8547
ACTB	IFT57	3	0.1586	0.7478
CTNNA1	IFT57	3	0.0365	0.8444
KRT8	IFT57	3	0.5084	0.2885
LMNA	IFT57	3	0.0613	0.8204
MAPRE3	IFT57	3	0.0676	0.8148
ACTB	RNF216	3	0.1727	0.7383
KRT8	RNF216	3	0.1998	0.7200
LMNA	RNF216	3	0.3500	0.5586
MAPRE3	RNF216	3	0.0283	0.8513
ACTB	SLTM	3	0.0479	0.8332
CTNNA1	SLTM	3	0.0164	0.8595
KRT8	SLTM	3	0.0204	0.8569
LMNA	SLTM	3	0.1660	0.7427
MAPRE3	SLTM	3	0.0665	0.8157
ACTB	ZNHIT6	3	0.0047	0.8681
CTNNA1	ZNHIT6	3	0.0001	0.8748
KRT8	ZNHIT6	3	0.0048	0.8680
LMNA	ZNHIT6	3	0.0640	0.8179
MAPRE3	ZNHIT6	3	0.0017	0.8717
ACTB	ASNSD1	3	0.0684	0.8140
CTNNA1	ASNSD1	3	0.0023	0.8708
KRT8	ASNSD1	3	0.1081	0.7830
LMNA	ASNSD1	3	0.0212	0.8563
MAPRE3	ASNSD1	3	0.0063	0.8666
ACTB	CUEDC1	3	0.0381	0.8429
KRT8	CUEDC1	3	0.0546	0.8268
MAPRE3	CUEDC1	3	0.0024	0.8706
ACTB	PIH1D1	3	0.2042	0.7173
CTNNA1	PIH1D1	3	0.0279	0.8516
KRT8	PIH1D1	3	0.3147	0.6182
LMNA	PIH1D1	3	0.0925	0.7949
MAPRE3	PIH1D1	3	0.0917	0.7954
ACTB	PAK1IP1	3	0.0950	0.7930
CTNNA1	PAK1IP1	3	0.0497	0.8313
KRT8	PAK1IP1	3	0.0953	0.7927
LMNA	PAK1IP1	3	0.0932	0.7943
MAPRE3	PAK1IP1	3	0.0274	0.8520
ACTB	THG1L	3	0.1887	0.7273
CTNNA1	THG1L	3	0.0145	0.8608
KRT8	THG1L	3	0.1874	0.7282
LMNA	THG1L	3	0.0988	0.7900
MAPRE3	THG1L	3	0.0412	0.8396
ACTB	HPF1	3	0.0968	0.7917
CTNNA1	HPF1	3	0.0052	0.8677
KRT8	HPF1	3	0.1084	0.7828
LMNA	HPF1	3	0.0876	0.7985
MAPRE3	HPF1	3	0.0176	0.8586
ACTB	IRAK4	3	0.0952	0.7928
KRT8	IRAK4	3	0.0944	0.7934
LMNA	IRAK4	3	0.0110	0.8631
MAPRE3	IRAK4	3	0.0097	0.8639
ACTB	GEMIN8	3	0.2562	0.6779
CTNNA1	GEMIN8	3	0.0655	0.8166
KRT8	GEMIN8	3	0.2728	0.6637
LMNA	GEMIN8	3	0.1727	0.7383
MAPRE3	GEMIN8	3	0.1569	0.7490
ACTB	COMMD8	3	0.2287	0.7000
CTNNA1	COMMD8	3	0.0659	0.8162
KRT8	COMMD8	3	0.3396	0.5788
LMNA	COMMD8	3	0.2126	0.7116
MAPRE3	COMMD8	3	0.1272	0.7694
ACTB	MRPL16	3	0.1750	0.7368
CTNNA1	MRPL16	3	0.0267	0.8524
KRT8	MRPL16	3	0.3840	0.4961
LMNA	MRPL16	3	0.1232	0.7721
MAPRE3	MRPL16	3	0.2605	0.6746
ACTB	NHP2	3	0.0881	0.7981
CTNNA1	NHP2	3	0.0374	0.8436
KRT8	NHP2	3	0.1000	0.7892
LMNA	NHP2	3	0.1015	0.7882
MAPRE3	NHP2	3	0.0306	0.8494
ACTB	OCIAD1	3	0.0494	0.8317
KRT8	OCIAD1	3	0.0258	0.8531
LMNA	OCIAD1	3	0.0320	0.8481
MAPRE3	OCIAD1	3	0.0109	0.8632
KRT8	TMEM161A	3	0.0909	0.7959
LMNA	TMEM161A	3	0.3221	0.6070
ACTB	CHCHD3	3	0.2211	0.7055
CTNNA1	CHCHD3	3	0.0545	0.8269
KRT8	CHCHD3	3	0.2194	0.7067
LMNA	CHCHD3	3	0.1581	0.7482
MAPRE3	CHCHD3	3	0.0652	0.8169
ACTB	DUS2	3	0.0881	0.7981
CTNNA1	DUS2	3	0.0426	0.8382
KRT8	DUS2	3	0.1289	0.7684
LMNA	DUS2	3	0.1402	0.7608
MAPRE3	DUS2	3	0.0322	0.8480
ACTB	CMTM6	3	0.0094	0.8642
KRT8	CMTM6	3	0.0270	0.8522
LMNA	CMTM6	3	0.0023	0.8708
ACTB	SYBU	3	0.0695	0.8132
KRT8	SYBU	3	0.0693	0.8133
MAPRE3	SYBU	3	0.4329	0.4055
ACTB	MKS1	3	0.0399	0.8409
CTNNA1	MKS1	3	0.0015	0.8720
KRT8	MKS1	3	0.0908	0.7960
LMNA	MKS1	3	0.0512	0.8299
MAPRE3	MKS1	3	0.0082	0.8651
ACTB	MIOS	3	0.0365	0.8444
CTNNA1	MIOS	3	0.0004	0.8740
KRT8	MIOS	3	0.0713	0.8116
LMNA	MIOS	3	0.0075	0.8657
MAPRE3	MIOS	3	0.0049	0.8679
ACTB	SMPD4	3	0.1200	0.7743
CTNNA1	SMPD4	3	0.0409	0.8399
KRT8	SMPD4	3	0.2856	0.6513
LMNA	SMPD4	3	0.3254	0.6030
MAPRE3	SMPD4	3	0.0989	0.7899
ACTB	CWC25	3	0.0001	0.8748
KRT8	CWC25	3	0.0129	0.8619
LMNA	CWC25	3	0.0702	0.8125
MAPRE3	CWC25	3	0.0088	0.8646
ACTB	TEX10	3	0.1797	0.7332
CTNNA1	TEX10	3	0.0094	0.8642
KRT8	TEX10	3	0.2236	0.7036
LMNA	TEX10	3	0.1921	0.7252
MAPRE3	TEX10	3	0.0816	0.8032
ACTB	CNTLN	3	0.0628	0.8190
CTNNA1	CNTLN	3	0.0008	0.8732
KRT8	CNTLN	3	0.0909	0.7959
LMNA	CNTLN	3	0.0071	0.8660
MAPRE3	CNTLN	3	0.0531	0.8282
ACTB	THUMPD1	3	0.1484	0.7551
CTNNA1	THUMPD1	3	0.0120	0.8625
KRT8	THUMPD1	3	0.1880	0.7278
LMNA	THUMPD1	3	0.1828	0.7310
MAPRE3	THUMPD1	3	0.0270	0.8522
ACTB	TOR4A	3	0.3026	0.6332
KRT8	TOR4A	3	0.1110	0.7810
LMNA	TOR4A	3	0.1479	0.7555
MAPRE3	TOR4A	3	0.0444	0.8366
ACTB	TRMT1	3	0.0771	0.8066
CTNNA1	TRMT1	3	0.0061	0.8669
KRT8	TRMT1	3	0.1023	0.7876
LMNA	TRMT1	3	0.1514	0.7530
MAPRE3	TRMT1	3	0.0401	0.8407
ACTB	FBXL12	3	0.0177	0.8585
CTNNA1	FBXL12	3	0.0118	0.8626
KRT8	FBXL12	3	0.1295	0.7680
LMNA	FBXL12	3	0.0263	0.8527
MAPRE3	FBXL12	3	0.0138	0.8613
ACTB	NDE1	3	0.2715	0.6649
CTNNA1	NDE1	3	0.1123	0.7801
KRT8	NDE1	3	0.3281	0.5983
LMNA	NDE1	3	0.1977	0.7213
MAPRE3	NDE1	3	0.2038	0.7176
ACTB	BABAM2	3	0.1753	0.7366
CTNNA1	BABAM2	3	0.0391	0.8418
KRT8	BABAM2	3	0.2410	0.6905
LMNA	BABAM2	3	0.1651	0.7434
MAPRE3	BABAM2	3	0.0510	0.8301
ACTB	ING3	3	0.0170	0.8591
KRT8	ING3	3	0.0382	0.8428
LMNA	ING3	3	0.0109	0.8632
MAPRE3	ING3	3	0.0025	0.8705
ACTB	ARL15	3	0.3282	0.5983
CTNNA1	ARL15	3	0.1189	0.7750
KRT8	ARL15	3	0.3900	0.4800
LMNA	ARL15	3	0.3070	0.6281
MAPRE3	ARL15	3	0.2390	0.6923
ACTB	CDKN2AIP	3	0.1457	0.7571
CTNNA1	CDKN2AIP	3	0.0188	0.8578
KRT8	CDKN2AIP	3	0.1811	0.7322
LMNA	CDKN2AIP	3	0.2414	0.6901
MAPRE3	CDKN2AIP	3	0.1144	0.7785
ACTB	DNAJB12	3	0.0872	0.7988
KRT8	DNAJB12	3	0.0190	0.8577
LMNA	DNAJB12	3	0.1578	0.7484
ACTB	GAR1	3	0.0389	0.8420
CTNNA1	GAR1	3	0.0284	0.8512
KRT8	GAR1	3	0.0732	0.8100
LMNA	GAR1	3	0.0823	0.8026
MAPRE3	GAR1	3	0.0497	0.8313
ACTB	PPP4R2	3	0.2039	0.7174
CTNNA1	PPP4R2	3	0.0056	0.8673
KRT8	PPP4R2	3	0.1088	0.7825
LMNA	PPP4R2	3	0.2327	0.6971
MAPRE3	PPP4R2	3	0.0478	0.8333
ACTB	AATF	3	0.0045	0.8683
KRT8	AATF	3	0.0140	0.8611
LMNA	AATF	3	0.0266	0.8525
MAPRE3	AATF	3	0.0007	0.8734
ACTB	ETAA1	3	0.0073	0.8658
CTNNA1	ETAA1	3	0.0000	0.8752
KRT8	ETAA1	3	0.0215	0.8561
LMNA	ETAA1	3	0.0417	0.8391
MAPRE3	ETAA1	3	0.0033	0.8697
ACTB	DDX56	3	0.2742	0.6625
CTNNA1	DDX56	3	0.1330	0.7657
KRT8	DDX56	3	0.3156	0.6165
LMNA	DDX56	3	0.2801	0.6569
MAPRE3	DDX56	3	0.1744	0.7373
ACTB	MTMR4	3	0.0484	0.8327
CTNNA1	MTMR4	3	0.0002	0.8745
KRT8	MTMR4	3	0.1206	0.7739
MAPRE3	MTMR4	3	0.0089	0.8645
ACTB	ABI2	3	0.0716	0.8114
CTNNA1	ABI2	3	0.0090	0.8644
KRT8	ABI2	3	0.1206	0.7739
MAPRE3	ABI2	3	0.0133	0.8616
ACTB	HOXC10	3	0.1063	0.7844
KRT8	HOXC10	3	0.0960	0.7922
LMNA	HOXC10	3	0.1956	0.7228
MAPRE3	HOXC10	3	0.1457	0.7571
KRT8	FAM13B	3	0.0545	0.8269
MAPRE3	FAM13B	3	0.0015	0.8720
ACTB	BCLAF1	3	0.1707	0.7396
CTNNA1	BCLAF1	3	0.0301	0.8498
KRT8	BCLAF1	3	0.1521	0.7524
LMNA	BCLAF1	3	0.2508	0.6830
MAPRE3	BCLAF1	3	0.1819	0.7316
ACTB	UTP6	3	0.0435	0.8373
CTNNA1	UTP6	3	0.0005	0.8738
KRT8	UTP6	3	0.0686	0.8139
LMNA	UTP6	3	0.0934	0.7942
MAPRE3	UTP6	3	0.0121	0.8624
ACTB	PSD3	3	0.0453	0.8357
CTNNA1	PSD3	3	0.0016	0.8718
KRT8	PSD3	3	0.0381	0.8429
LMNA	PSD3	3	0.0019	0.8714
MAPRE3	PSD3	3	0.0020	0.8713
ACTB	TAB2	3	0.1569	0.7490
CTNNA1	TAB2	3	0.0226	0.8554
KRT8	TAB2	3	0.2667	0.6694
LMNA	TAB2	3	0.1115	0.7806
MAPRE3	TAB2	3	0.0724	0.8106
ACTB	MRPL39	3	0.0845	0.8009
CTNNA1	MRPL39	3	0.0243	0.8542
KRT8	MRPL39	3	0.0876	0.7985
LMNA	MRPL39	3	0.0457	0.8354
MAPRE3	MRPL39	3	0.0197	0.8573
ACTB	EURL	3	0.2621	0.6730
KRT8	EURL	3	0.2960	0.6404
LMNA	EURL	3	0.2788	0.6583
MAPRE3	EURL	3	0.0666	0.8156
ACTB	MAP3K20	3	0.2937	0.6427
CTNNA1	MAP3K20	3	0.0970	0.7915
KRT8	MAP3K20	3	0.3239	0.6051
LMNA	MAP3K20	3	0.2829	0.6537
MAPRE3	MAP3K20	3	0.2070	0.7155
ACTB	FKBP11	3	0.0442	0.8368
CTNNA1	FKBP11	3	0.0263	0.8527
KRT8	FKBP11	3	0.0575	0.8238
LMNA	FKBP11	3	0.0503	0.8308
ACTB	TMOD3	3	0.4032	0.4537
CTNNA1	TMOD3	3	0.1366	0.7631
KRT8	TMOD3	3	0.3179	0.6138
LMNA	TMOD3	3	0.1621	0.7454
MAPRE3	TMOD3	3	0.2051	0.7168
ACTB	BET1L	3	0.0309	0.8491
CTNNA1	BET1L	3	0.0004	0.8740
LMNA	BET1L	3	0.0201	0.8570
ACTB	DONSON	3	0.0113	0.8630
KRT8	DONSON	3	0.0238	0.8546
LMNA	DONSON	3	0.0386	0.8424
MAPRE3	DONSON	3	0.0051	0.8678
ACTB	ELOVL5	3	0.2544	0.6798
CTNNA1	ELOVL5	3	0.1138	0.7789
KRT8	ELOVL5	3	0.3044	0.6310
LMNA	ELOVL5	3	0.2190	0.7069
MAPRE3	ELOVL5	3	0.1517	0.7528
ACTB	MIS18A	3	0.0331	0.8472
CTNNA1	MIS18A	3	0.0004	0.8740
KRT8	MIS18A	3	0.1159	0.7773
LMNA	MIS18A	3	0.0761	0.8074
MAPRE3	MIS18A	3	0.0393	0.8416
ACTB	PLEK2	3	0.2041	0.7174
CTNNA1	PLEK2	3	0.0161	0.8596
KRT8	PLEK2	3	0.1716	0.7389
LMNA	PLEK2	3	0.1358	0.7637
MAPRE3	PLEK2	3	0.0627	0.8191
ACTB	UGGT1	3	0.0839	0.8013
CTNNA1	UGGT1	3	0.0010	0.8728
KRT8	UGGT1	3	0.0794	0.8050
LMNA	UGGT1	3	0.0249	0.8538
MAPRE3	UGGT1	3	0.0014	0.8722
ACTB	CDK12	3	0.0871	0.7989
KRT8	CDK12	3	0.0463	0.8348
LMNA	CDK12	3	0.1822	0.7315
MAPRE3	CDK12	3	0.0066	0.8664
ACTB	RRN3	3	0.0346	0.8460
KRT8	RRN3	3	0.0976	0.7909
LMNA	RRN3	3	0.0136	0.8614
MAPRE3	RRN3	3	0.0037	0.8691
ACTB	FASTKD2	3	0.1351	0.7641
CTNNA1	FASTKD2	3	0.0702	0.8125
KRT8	FASTKD2	3	0.2969	0.6394
LMNA	FASTKD2	3	0.1441	0.7582
MAPRE3	FASTKD2	3	0.0342	0.8464
ACTB	GTSE1	3	0.1209	0.7736
CTNNA1	GTSE1	3	0.0534	0.8279
KRT8	GTSE1	3	0.1734	0.7378
LMNA	GTSE1	3	0.1425	0.7593
MAPRE3	GTSE1	3	0.3990	0.4641
ACTB	TECR	3	0.2272	0.7009
CTNNA1	TECR	3	0.0572	0.8240
KRT8	TECR	3	0.3798	0.5042
LMNA	TECR	3	0.2047	0.7171
MAPRE3	TECR	3	0.1303	0.7674
ACTB	UBAP1	3	0.2756	0.6615
CTNNA1	UBAP1	3	0.1187	0.7752
KRT8	UBAP1	3	0.3158	0.6162
LMNA	UBAP1	3	0.1685	0.7410
MAPRE3	UBAP1	3	0.1779	0.7345
ACTB	USE1	3	0.1872	0.7284
CTNNA1	USE1	3	0.0380	0.8430
KRT8	USE1	3	0.1638	0.7441
LMNA	USE1	3	0.2926	0.6439
MAPRE3	USE1	3	0.0730	0.8102
ACTB	CISD1	3	0.2820	0.6547
CTNNA1	CISD1	3	0.0699	0.8128
KRT8	CISD1	3	0.2702	0.6661
LMNA	CISD1	3	0.2074	0.7151
MAPRE3	CISD1	3	0.1602	0.7468
ACTB	GGA3	3	0.0592	0.8224
CTNNA1	GGA3	3	0.0004	0.8740
KRT8	GGA3	3	0.0660	0.8161
LMNA	GGA3	3	0.0254	0.8534
MAPRE3	GGA3	3	0.0290	0.8507
ACTB	C9orf78	3	0.1560	0.7497
CTNNA1	C9orf78	3	0.1074	0.7836
KRT8	C9orf78	3	0.1268	0.7696
LMNA	C9orf78	3	0.2379	0.6929
MAPRE3	C9orf78	3	0.1479	0.7555
ACTB	RTEL1	3	0.0181	0.8582
KRT8	RTEL1	3	0.0116	0.8628
LMNA	RTEL1	3	0.0324	0.8478
MAPRE3	RTEL1	3	0.0036	0.8693
ACTB	FAM120A	3	0.2796	0.6573
CTNNA1	FAM120A	3	0.0830	0.8021
KRT8	FAM120A	3	0.3215	0.6079
LMNA	FAM120A	3	0.1681	0.7412
MAPRE3	FAM120A	3	0.1889	0.7272
ACTB	SMARCAL1	3	0.2318	0.6978
CTNNA1	SMARCAL1	3	0.0267	0.8524
KRT8	SMARCAL1	3	0.2513	0.6824
LMNA	SMARCAL1	3	0.2825	0.6540
MAPRE3	SMARCAL1	3	0.1982	0.7209
ACTB	SPG21	3	0.1364	0.7632
CTNNA1	SPG21	3	0.0129	0.8619
KRT8	SPG21	3	0.1754	0.7365
LMNA	SPG21	3	0.1610	0.7461
MAPRE3	SPG21	3	0.0324	0.8478
ACTB	IL36G	3	0.2122	0.7118
ACTB	UBP1	3	0.2792	0.6577
CTNNA1	UBP1	3	0.1916	0.7255
KRT8	UBP1	3	0.2893	0.6475
LMNA	UBP1	3	0.0892	0.7971
MAPRE3	UBP1	3	0.1836	0.7304
ACTB	IGF2BP1	3	0.1312	0.7668
CTNNA1	IGF2BP1	3	0.0597	0.8219
KRT8	IGF2BP1	3	0.1679	0.7414
LMNA	IGF2BP1	3	0.0728	0.8103
MAPRE3	IGF2BP1	3	0.0558	0.8255
ACTB	DTL	3	0.1578	0.7484
CTNNA1	DTL	3	0.0422	0.8386
KRT8	DTL	3	0.2504	0.6832
LMNA	DTL	3	0.1511	0.7532
MAPRE3	DTL	3	0.0875	0.7986
ACTB	SACS	3	0.0578	0.8236
CTNNA1	SACS	3	0.0055	0.8674
KRT8	SACS	3	0.1158	0.7774
LMNA	SACS	3	0.0116	0.8628
MAPRE3	SACS	3	0.0190	0.8577
ACTB	EIF2AK3	3	0.2246	0.7029
CTNNA1	EIF2AK3	3	0.0119	0.8625
KRT8	EIF2AK3	3	0.2443	0.6880
LMNA	EIF2AK3	3	0.2312	0.6981
MAPRE3	EIF2AK3	3	0.0126	0.8621
ACTB	COQ3	3	0.0183	0.8581
CTNNA1	COQ3	3	0.0703	0.8124
KRT8	COQ3	3	0.2738	0.6629
LMNA	COQ3	3	0.1081	0.7830
MAPRE3	COQ3	3	0.0219	0.8558
ACTB	MTCH1	3	0.1231	0.7722
CTNNA1	MTCH1	3	0.0363	0.8446
KRT8	MTCH1	3	0.1838	0.7303
LMNA	MTCH1	3	0.0790	0.8053
MAPRE3	MTCH1	3	0.0387	0.8423
ACTB	HSPBP1	3	0.0982	0.7905
CTNNA1	HSPBP1	3	0.0241	0.8543
KRT8	HSPBP1	3	0.1734	0.7378
LMNA	HSPBP1	3	0.0777	0.8062
MAPRE3	HSPBP1	3	0.0316	0.8485
ACTB	MYOF	3	0.1166	0.7766
CTNNA1	MYOF	3	0.4171	0.4352
KRT8	MYOF	3	0.1647	0.7436
LMNA	MYOF	3	0.0608	0.8209
MAPRE3	MYOF	3	0.0557	0.8257
ACTB	ITSN2	3	0.0418	0.8390
CTNNA1	ITSN2	3	0.0000	0.8752
KRT8	ITSN2	3	0.0315	0.8486
MAPRE3	ITSN2	3	0.0012	0.8725
LMNA	NOP53	3	0.1582	0.7482
ACTB	EHD2	3	0.2813	0.6554
CTNNA1	EHD2	3	0.1517	0.7528
KRT8	EHD2	3	0.3199	0.6104
LMNA	EHD2	3	0.2650	0.6707
MAPRE3	EHD2	3	0.2012	0.7192
ACTB	ARHGEF12	3	0.2639	0.6717
CTNNA1	ARHGEF12	3	0.0582	0.8233
KRT8	ARHGEF12	3	0.3093	0.6258
LMNA	ARHGEF12	3	0.0287	0.8509
MAPRE3	ARHGEF12	3	0.1413	0.7601
ACTB	CNOT2	3	0.0608	0.8209
CTNNA1	CNOT2	3	0.0029	0.8701
KRT8	CNOT2	3	0.0731	0.8101
LMNA	CNOT2	3	0.0055	0.8674
MAPRE3	CNOT2	3	0.0153	0.8602
ACTB	CALML5	3	0.3955	0.4709
CTNNA1	CALML5	3	0.0464	0.8347
KRT8	CALML5	3	0.0897	0.7968
LMNA	CALML5	3	0.2555	0.6787
MAPRE3	CALML5	3	0.2368	0.6935
ACTB	OGFR	3	0.2238	0.7035
CTNNA1	OGFR	3	0.0557	0.8257
KRT8	OGFR	3	0.1623	0.7452
LMNA	OGFR	3	0.1954	0.7229
MAPRE3	OGFR	3	0.1047	0.7857
ACTB	PALS2	3	0.2353	0.6947
CTNNA1	PALS2	3	0.0386	0.8424
KRT8	PALS2	3	0.1977	0.7213
LMNA	PALS2	3	0.0711	0.8118
MAPRE3	PALS2	3	0.0747	0.8088
ACTB	CHMP5	3	0.2208	0.7057
CTNNA1	CHMP5	3	0.0650	0.8171
KRT8	CHMP5	3	0.2333	0.6965
LMNA	CHMP5	3	0.1858	0.7292
MAPRE3	CHMP5	3	0.0618	0.8200
ACTB	COMMD9	3	0.1720	0.7388
CTNNA1	COMMD9	3	0.0815	0.8033
KRT8	COMMD9	3	0.2398	0.6914
LMNA	COMMD9	3	0.0414	0.8394
MAPRE3	COMMD9	3	0.0930	0.7945
ACTB	CNIH4	3	0.2358	0.6943
CTNNA1	CNIH4	3	0.1077	0.7833
KRT8	CNIH4	3	0.3327	0.5924
LMNA	CNIH4	3	0.2029	0.7182
MAPRE3	CNIH4	3	0.0828	0.8022
ACTB	CWC15	3	0.1055	0.7850
CTNNA1	CWC15	3	0.0677	0.8147
KRT8	CWC15	3	0.2152	0.7098
LMNA	CWC15	3	0.1511	0.7532
MAPRE3	CWC15	3	0.0490	0.8320
ACTB	THYN1	3	0.3068	0.6284
CTNNA1	THYN1	3	0.0581	0.8234
KRT8	THYN1	3	0.3083	0.6271
LMNA	THYN1	3	0.1233	0.7720
MAPRE3	THYN1	3	0.0784	0.8056
ACTB	NDUFAF4	3	0.0918	0.7953
CTNNA1	NDUFAF4	3	0.0399	0.8409
KRT8	NDUFAF4	3	0.2254	0.7022
LMNA	NDUFAF4	3	0.0779	0.8060
ACTB	HACD3	3	0.2813	0.6554
CTNNA1	HACD3	3	0.0862	0.7996
KRT8	HACD3	3	0.3446	0.5694
LMNA	HACD3	3	0.2424	0.6894
MAPRE3	HACD3	3	0.1987	0.7206
ACTB	PDP1	3	0.0428	0.8380
KRT8	PDP1	3	0.1845	0.7300
LMNA	PDP1	3	0.0207	0.8567
KRT8	KCMF1	3	0.1217	0.7731
LMNA	KCMF1	3	0.0238	0.8546
ACTB	RAI14	3	0.2990	0.6372
CTNNA1	RAI14	3	0.1893	0.7270
KRT8	RAI14	3	0.2656	0.6702
LMNA	RAI14	3	0.0911	0.7958
MAPRE3	RAI14	3	0.1794	0.7334
ACTB	VAPA	3	0.1884	0.7276
CTNNA1	VAPA	3	0.0364	0.8445
KRT8	VAPA	3	0.1830	0.7308
LMNA	VAPA	3	0.2866	0.6502
MAPRE3	VAPA	3	0.0538	0.8275
ACTB	GSKIP	3	0.0364	0.8445
ACTB	SENP1	3	0.0341	0.8464
CTNNA1	SENP1	3	0.0115	0.8629
KRT8	SENP1	3	0.0478	0.8333
LMNA	SENP1	3	0.3563	0.5482
MAPRE3	SENP1	3	0.0231	0.8551
ACTB	SH3BP4	3	0.3311	0.5940
CTNNA1	SH3BP4	3	0.2669	0.6691
KRT8	SH3BP4	3	0.3340	0.5875
LMNA	SH3BP4	3	0.1226	0.7725
MAPRE3	SH3BP4	3	0.2164	0.7089
ACTB	SEPTIN10	3	0.3397	0.5787
CTNNA1	SEPTIN10	3	0.1837	0.7304
KRT8	SEPTIN10	3	0.3215	0.6079
LMNA	SEPTIN10	3	0.1796	0.7332
MAPRE3	SEPTIN10	3	0.2237	0.7035
ACTB	GMIP	3	0.0476	0.8336
CTNNA1	GMIP	3	0.0013	0.8724
KRT8	GMIP	3	0.0763	0.8073
LMNA	GMIP	3	0.0022	0.8710
MAPRE3	GMIP	3	0.0045	0.8683
ACTB	ABRACL	3	0.0495	0.8316
CTNNA1	ABRACL	3	0.0251	0.8536
KRT8	ABRACL	3	0.0882	0.7980
LMNA	ABRACL	3	0.0604	0.8213
MAPRE3	ABRACL	3	0.0424	0.8383
ACTB	PHRF1	3	0.0353	0.8454
CTNNA1	PHRF1	3	0.0006	0.8736
KRT8	PHRF1	3	0.0118	0.8626
LMNA	PHRF1	3	0.1068	0.7840
MAPRE3	PHRF1	3	0.0058	0.8671
ACTB	CALCOCO1	3	0.1336	0.7652
CTNNA1	CALCOCO1	3	0.0512	0.8299
KRT8	CALCOCO1	3	0.1640	0.7440
LMNA	CALCOCO1	3	0.0467	0.8344
MAPRE3	CALCOCO1	3	0.0362	0.8446
ACTB	KIAA1522	3	0.3969	0.4694
CTNNA1	KIAA1522	3	0.1383	0.7621
KRT8	KIAA1522	3	0.2164	0.7089
LMNA	KIAA1522	3	0.0857	0.8000
MAPRE3	KIAA1522	3	0.1342	0.7648
ACTB	CEP72	3	0.2295	0.6994
CTNNA1	CEP72	3	0.0815	0.8033
KRT8	CEP72	3	0.3617	0.5378
LMNA	CEP72	3	0.1979	0.7211
MAPRE3	CEP72	3	0.1809	0.7324
ACTB	PLCE1	3	0.0636	0.8182
KRT8	PLCE1	3	0.0925	0.7949
MAPRE3	PLCE1	3	0.0003	0.8743
ACTB	POGK	3	0.0103	0.8636
CTNNA1	POGK	3	0.0000	0.8752
KRT8	POGK	3	0.0176	0.8586
LMNA	POGK	3	0.0434	0.8374
MAPRE3	POGK	3	0.0013	0.8724
ACTB	CCDC88C	3	0.1399	0.7611
CTNNA1	CCDC88C	3	0.0829	0.8022
KRT8	CCDC88C	3	0.2148	0.7101
LMNA	CCDC88C	3	0.0493	0.8317
MAPRE3	CCDC88C	3	0.0638	0.8181
ACTB	ARHGAP23	3	0.0630	0.8189
CTNNA1	ARHGAP23	3	0.0089	0.8645
KRT8	ARHGAP23	3	0.1174	0.7760
LMNA	ARHGAP23	3	0.0163	0.8595
MAPRE3	ARHGAP23	3	0.0487	0.8323
ACTB	NYAP2	3	0.1498	0.7540
CTNNA1	NYAP2	3	0.0009	0.8730
KRT8	NYAP2	3	0.1283	0.7687
LMNA	NYAP2	3	0.0403	0.8405
MAPRE3	NYAP2	3	0.1029	0.7872
ACTB	STIM2	3	0.2494	0.6840
CTNNA1	STIM2	3	0.0630	0.8189
KRT8	STIM2	3	0.2925	0.6441
LMNA	STIM2	3	0.2096	0.7138
MAPRE3	STIM2	3	0.2681	0.6679
ACTB	VPS18	3	0.1498	0.7540
CTNNA1	VPS18	3	0.0185	0.8580
KRT8	VPS18	3	0.2688	0.6674
LMNA	VPS18	3	0.0890	0.7973
MAPRE3	VPS18	3	0.0734	0.8098
ACTB	RCC2	3	0.0647	0.8174
CTNNA1	RCC2	3	0.0440	0.8370
KRT8	RCC2	3	0.0587	0.8228
LMNA	RCC2	3	0.0831	0.8020
MAPRE3	RCC2	3	0.0337	0.8467
ACTB	RELCH	3	0.2453	0.6873
CTNNA1	RELCH	3	0.0658	0.8163
KRT8	RELCH	3	0.2640	0.6716
LMNA	RELCH	3	0.0829	0.8022
MAPRE3	RELCH	3	0.1332	0.7655
ACTB	DIP2B	3	0.2520	0.6818
CTNNA1	DIP2B	3	0.0520	0.8291
KRT8	DIP2B	3	0.2411	0.6904
LMNA	DIP2B	3	0.1034	0.7867
MAPRE3	DIP2B	3	0.1369	0.7629
ACTB	SLAIN2	3	0.3059	0.6294
CTNNA1	SLAIN2	3	0.1532	0.7516
KRT8	SLAIN2	3	0.3345	0.5869
LMNA	SLAIN2	3	0.1483	0.7552
MAPRE3	SLAIN2	3	0.4060	0.4487
ACTB	USP36	3	0.1769	0.7354
CTNNA1	USP36	3	0.0120	0.8625
KRT8	USP36	3	0.2004	0.7197
LMNA	USP36	3	0.1690	0.7406
MAPRE3	USP36	3	0.1243	0.7713
ACTB	BCCIP	3	0.1469	0.7562
CTNNA1	BCCIP	3	0.0703	0.8124
KRT8	BCCIP	3	0.2112	0.7125
LMNA	BCCIP	3	0.1746	0.7372
MAPRE3	BCCIP	3	0.0778	0.8062
ACTB	ARMCX1	3	0.1191	0.7749
CTNNA1	ARMCX1	3	0.0181	0.8582
KRT8	ARMCX1	3	0.2410	0.6905
LMNA	ARMCX1	3	0.0188	0.8578
MAPRE3	ARMCX1	3	0.0179	0.8584
ACTB	CTTNBP2NL	3	0.3610	0.5393
CTNNA1	CTTNBP2NL	3	0.0928	0.7946
KRT8	CTTNBP2NL	3	0.1699	0.7401
LMNA	CTTNBP2NL	3	0.0728	0.8103
MAPRE3	CTTNBP2NL	3	0.1327	0.7659
KRT8	CFAP97	3	0.0241	0.8543
MAPRE3	CFAP97	3	0.0119	0.8625
ACTB	IBTK	3	0.0631	0.8188
CTNNA1	IBTK	3	0.0019	0.8714
KRT8	IBTK	3	0.0631	0.8188
LMNA	IBTK	3	0.0157	0.8599
MAPRE3	IBTK	3	0.0322	0.8480
ACTB	CHD7	3	0.1411	0.7603
CTNNA1	CHD7	3	0.0336	0.8468
KRT8	CHD7	3	0.1498	0.7540
LMNA	CHD7	3	0.2516	0.6821
MAPRE3	CHD7	3	0.0884	0.7978
ACTB	HEATR5B	3	0.0465	0.8346
CTNNA1	HEATR5B	3	0.0006	0.8736
KRT8	HEATR5B	3	0.0657	0.8164
LMNA	HEATR5B	3	0.0024	0.8706
MAPRE3	HEATR5B	3	0.0112	0.8630
ACTB	FAM135A	3	0.0517	0.8294
KRT8	FAM135A	3	0.0687	0.8139
LMNA	FAM135A	3	0.0085	0.8648
MAPRE3	FAM135A	3	0.0089	0.8645
ACTB	RRBP1	3	0.2807	0.6560
CTNNA1	RRBP1	3	0.1053	0.7852
KRT8	RRBP1	3	0.2753	0.6617
LMNA	RRBP1	3	0.0915	0.7956
MAPRE3	RRBP1	3	0.1740	0.7376
ACTB	SIPA1L2	3	0.0761	0.8074
CTNNA1	SIPA1L2	3	0.0058	0.8671
KRT8	SIPA1L2	3	0.1011	0.7884
LMNA	SIPA1L2	3	0.0023	0.8708
MAPRE3	SIPA1L2	3	0.0173	0.8588
ACTB	CEP126	3	0.0277	0.8517
KRT8	CEP126	3	0.0843	0.8010
MAPRE3	CEP126	3	0.1099	0.7819
ACTB	CPSF2	3	0.1716	0.7389
CTNNA1	CPSF2	3	0.0276	0.8518
KRT8	CPSF2	3	0.2105	0.7129
LMNA	CPSF2	3	0.2005	0.7196
MAPRE3	CPSF2	3	0.1154	0.7778
ACTB	KLHL9	3	0.3312	0.5938
CTNNA1	KLHL9	3	0.1379	0.7623
KRT8	KLHL9	3	0.3453	0.5670
LMNA	KLHL9	3	0.2276	0.7007
MAPRE3	KLHL9	3	0.2657	0.6701
ACTB	LARS1	3	0.2264	0.7015
CTNNA1	LARS1	3	0.0411	0.8397
KRT8	LARS1	3	0.2669	0.6691
LMNA	LARS1	3	0.1118	0.7805
MAPRE3	LARS1	3	0.0999	0.7892
ACTB	CC2D2A	3	0.1902	0.7264
CTNNA1	CC2D2A	3	0.0520	0.8291
KRT8	CC2D2A	3	0.2514	0.6823
LMNA	CC2D2A	3	0.0605	0.8212
MAPRE3	CC2D2A	3	0.1234	0.7720
ACTB	TXNDC16	3	0.2397	0.6915
CTNNA1	TXNDC16	3	0.0897	0.7968
KRT8	TXNDC16	3	0.2726	0.6639
MAPRE3	TXNDC16	3	0.0711	0.8118
ACTB	EIF2AK4	3	0.2808	0.6559
CTNNA1	EIF2AK4	3	0.1047	0.7857
KRT8	EIF2AK4	3	0.3276	0.5993
LMNA	EIF2AK4	3	0.2052	0.7167
MAPRE3	EIF2AK4	3	0.1911	0.7258
ACTB	WDR35	3	0.0508	0.8303
KRT8	WDR35	3	0.0906	0.7961
LMNA	WDR35	3	0.0109	0.8632
MAPRE3	WDR35	3	0.0024	0.8706
ACTB	CGN	3	0.0982	0.7905
KRT8	CGN	3	0.0388	0.8422
ACTB	RBM27	3	0.2009	0.7194
CTNNA1	RBM27	3	0.1075	0.7835
KRT8	RBM27	3	0.2701	0.6663
LMNA	RBM27	3	0.3413	0.5758
MAPRE3	RBM27	3	0.2696	0.6667
ACTB	KANSL3	3	0.0392	0.8417
KRT8	KANSL3	3	0.0043	0.8685
LMNA	KANSL3	3	0.0246	0.8540
MAPRE3	KANSL3	3	0.0051	0.8678
ACTB	KLHL13	3	0.2049	0.7169
CTNNA1	KLHL13	3	0.0462	0.8349
KRT8	KLHL13	3	0.2846	0.6521
LMNA	KLHL13	3	0.0931	0.7944
MAPRE3	KLHL13	3	0.1378	0.7624
ACTB	ANKFY1	3	0.1650	0.7435
CTNNA1	ANKFY1	3	0.0469	0.8342
KRT8	ANKFY1	3	0.2860	0.6507
LMNA	ANKFY1	3	0.0958	0.7923
MAPRE3	ANKFY1	3	0.0634	0.8184
ACTB	RERE	3	0.0160	0.8597
LMNA	RERE	3	0.0559	0.8254
MAPRE3	RERE	3	0.0066	0.8664
ACTB	SUCLA2	3	0.1159	0.7773
CTNNA1	SUCLA2	3	0.0280	0.8515
KRT8	SUCLA2	3	0.2639	0.6717
LMNA	SUCLA2	3	0.0964	0.7920
MAPRE3	SUCLA2	3	0.0297	0.8501
ACTB	WRAP73	3	0.0985	0.7903
CTNNA1	WRAP73	3	0.0297	0.8501
KRT8	WRAP73	3	0.1561	0.7496
LMNA	WRAP73	3	0.0524	0.8288
MAPRE3	WRAP73	3	0.0365	0.8444
ACTB	DPM3	3	0.1497	0.7540
CTNNA1	DPM3	3	0.0116	0.8628
KRT8	DPM3	3	0.1859	0.7291
LMNA	DPM3	3	0.1324	0.7660
MAPRE3	DPM3	3	0.0447	0.8363
ACTB	UVRAG	3	0.0473	0.8338
KRT8	UVRAG	3	0.0412	0.8396
LMNA	UVRAG	3	0.0002	0.8745
MAPRE3	UVRAG	3	0.0154	0.8601
ACTB	ATXN10	3	0.2947	0.6417
CTNNA1	ATXN10	3	0.0697	0.8130
KRT8	ATXN10	3	0.2783	0.6588
LMNA	ATXN10	3	0.2187	0.7071
MAPRE3	ATXN10	3	0.1520	0.7524
ACTB	MBD2	3	0.0282	0.8514
CTNNA1	MBD2	3	0.0076	0.8656
KRT8	MBD2	3	0.0211	0.8564
LMNA	MBD2	3	0.0438	0.8371
MAPRE3	MBD2	3	0.0122	0.8623
ACTB	NCDN	3	0.1764	0.7358
CTNNA1	NCDN	3	0.0238	0.8546
KRT8	NCDN	3	0.2586	0.6761
LMNA	NCDN	3	0.0476	0.8336
MAPRE3	NCDN	3	0.0658	0.8163
ACTB	TFIP11	3	0.1125	0.7799
CTNNA1	TFIP11	3	0.0142	0.8610
KRT8	TFIP11	3	0.1863	0.7290
LMNA	TFIP11	3	0.2131	0.7112
MAPRE3	TFIP11	3	0.0648	0.8173
ACTB	EPS15L1	3	0.3036	0.6322
CTNNA1	EPS15L1	3	0.1344	0.7646
KRT8	EPS15L1	3	0.2835	0.6533
LMNA	EPS15L1	3	0.1470	0.7561
MAPRE3	EPS15L1	3	0.1766	0.7356
ACTB	ORC3	3	0.1897	0.7267
CTNNA1	ORC3	3	0.0289	0.8507
KRT8	ORC3	3	0.1688	0.7408
LMNA	ORC3	3	0.2740	0.6627
MAPRE3	ORC3	3	0.1282	0.7688
ACTB	SAE1	3	0.0864	0.7994
CTNNA1	SAE1	3	0.0378	0.8432
KRT8	SAE1	3	0.1028	0.7873
LMNA	SAE1	3	0.2320	0.6977
MAPRE3	SAE1	3	0.0295	0.8502
ACTB	COPG2	3	0.2587	0.6760
CTNNA1	COPG2	3	0.0727	0.8104
KRT8	COPG2	3	0.3036	0.6322
LMNA	COPG2	3	0.2012	0.7192
MAPRE3	COPG2	3	0.1468	0.7562
ACTB	PI4KB	3	0.0495	0.8316
CTNNA1	PI4KB	3	0.0148	0.8606
KRT8	PI4KB	3	0.0590	0.8225
LMNA	PI4KB	3	0.0038	0.8691
MAPRE3	PI4KB	3	0.0123	0.8623
ACTB	XPR1	3	0.0560	0.8253
CTNNA1	XPR1	3	0.0109	0.8632
KRT8	XPR1	3	0.0568	0.8245
LMNA	XPR1	3	0.0021	0.8711
MAPRE3	XPR1	3	0.0725	0.8105
ACTB	GNG12	3	0.0174	0.8588
CTNNA1	GNG12	3	0.0018	0.8715
LMNA	GNG12	3	0.0095	0.8641
ACTB	HECA	3	0.0299	0.8499
KRT8	HECA	3	0.1080	0.7831
MAPRE3	HECA	3	0.0025	0.8705
ACTB	MTRR	3	0.2926	0.6439
CTNNA1	MTRR	3	0.1613	0.7459
KRT8	MTRR	3	0.3086	0.6268
LMNA	MTRR	3	0.1200	0.7743
MAPRE3	MTRR	3	0.2288	0.6999
ACTB	UXT	3	0.1033	0.7868
CTNNA1	UXT	3	0.0322	0.8480
KRT8	UXT	3	0.2116	0.7121
LMNA	UXT	3	0.0131	0.8617
MAPRE3	UXT	3	0.0139	0.8612
ACTB	CPNE7	3	0.0728	0.8103
CTNNA1	CPNE7	3	0.0416	0.8392
KRT8	CPNE7	3	0.1354	0.7639
LMNA	CPNE7	3	0.0606	0.8211
MAPRE3	CPNE7	3	0.0205	0.8568
ACTB	DHCR7	3	0.2509	0.6829
CTNNA1	DHCR7	3	0.1009	0.7886
KRT8	DHCR7	3	0.3016	0.6345
LMNA	DHCR7	3	0.2999	0.6362
MAPRE3	DHCR7	3	0.2072	0.7154
ACTB	HDAC6	3	0.0264	0.8526
CTNNA1	HDAC6	3	0.0000	0.8752
KRT8	HDAC6	3	0.0700	0.8127
LMNA	HDAC6	3	0.0011	0.8726
MAPRE3	HDAC6	3	0.0048	0.8680
ACTB	SPAST	3	0.0406	0.8402
CTNNA1	SPAST	3	0.0022	0.8710
KRT8	SPAST	3	0.0718	0.8112
LMNA	SPAST	3	0.0401	0.8407
MAPRE3	SPAST	3	0.0246	0.8540
ACTB	GULP1	3	0.2917	0.6450
CTNNA1	GULP1	3	0.1568	0.7491
KRT8	GULP1	3	0.3311	0.5940
LMNA	GULP1	3	0.1879	0.7279
MAPRE3	GULP1	3	0.2147	0.7102
ACTB	VPS29	3	0.1026	0.7874
CTNNA1	VPS29	3	0.0278	0.8516
KRT8	VPS29	3	0.2491	0.6842
LMNA	VPS29	3	0.0717	0.8113
MAPRE3	VPS29	3	0.0415	0.8393
ACTB	EIF3K	3	0.1400	0.7609
CTNNA1	EIF3K	3	0.0324	0.8478
KRT8	EIF3K	3	0.1600	0.7470
LMNA	EIF3K	3	0.0870	0.7990
MAPRE3	EIF3K	3	0.0425	0.8383
ACTB	GRHPR	3	0.0800	0.8045
CTNNA1	GRHPR	3	0.0418	0.8390
KRT8	GRHPR	3	0.0624	0.8194
LMNA	GRHPR	3	0.0687	0.8139
MAPRE3	GRHPR	3	0.0421	0.8387
ACTB	CTSZ	3	0.0485	0.8325
CTNNA1	CTSZ	3	0.0417	0.8391
KRT8	CTSZ	3	0.0567	0.8246
LMNA	CTSZ	3	0.0549	0.8265
MAPRE3	CTSZ	3	0.0307	0.8493
ACTB	UBA2	3	0.0890	0.7973
KRT8	UBA2	3	0.0525	0.8287
LMNA	UBA2	3	0.0979	0.7907
MAPRE3	UBA2	3	0.0056	0.8673
KRT8	POLK	3	0.0197	0.8573
LMNA	POLK	3	0.0724	0.8106
MAPRE3	POLK	3	0.0076	0.8656
ACTB	MORF4L1	3	0.0078	0.8654
LMNA	MORF4L1	3	0.0191	0.8577
MAPRE3	MORF4L1	3	0.0021	0.8711
ACTB	NXF1	3	0.1886	0.7274
CTNNA1	NXF1	3	0.0546	0.8268
KRT8	NXF1	3	0.2760	0.6611
LMNA	NXF1	3	0.2401	0.6912
MAPRE3	NXF1	3	0.1134	0.7792
ACTB	PEF1	3	0.0523	0.8289
CTNNA1	PEF1	3	0.0442	0.8368
KRT8	PEF1	3	0.0725	0.8105
LMNA	PEF1	3	0.0462	0.8349
MAPRE3	PEF1	3	0.0191	0.8577
ACTB	ZMYM2	3	0.1087	0.7826
KRT8	ZMYM2	3	0.0954	0.7927
LMNA	ZMYM2	3	0.2467	0.6861
MAPRE3	ZMYM2	3	0.0726	0.8105
ACTB	SLC25A10	3	0.2054	0.7165
CTNNA1	SLC25A10	3	0.0542	0.8272
KRT8	SLC25A10	3	0.3012	0.6351
LMNA	SLC25A10	3	0.1783	0.7342
MAPRE3	SLC25A10	3	0.0822	0.8027
ACTB	APEX2	3	0.1097	0.7820
CTNNA1	APEX2	3	0.0402	0.8406
KRT8	APEX2	3	0.1967	0.7221
LMNA	APEX2	3	0.2156	0.7094
MAPRE3	APEX2	3	0.0883	0.7979
ACTB	CLIP2	3	0.0500	0.8311
KRT8	CLIP2	3	0.0428	0.8380
MAPRE3	CLIP2	3	0.1066	0.7842
ACTB	TJP2	3	0.1366	0.7631
CTNNA1	TJP2	3	0.0083	0.8650
KRT8	TJP2	3	0.0731	0.8101
LMNA	TJP2	3	0.0065	0.8665
MAPRE3	TJP2	3	0.0298	0.8500
ACTB	DNAJB4	3	0.1371	0.7628
CTNNA1	DNAJB4	3	0.5996	0.2013
KRT8	DNAJB4	3	0.3447	0.5688
LMNA	DNAJB4	3	0.1020	0.7878
MAPRE3	DNAJB4	3	0.0690	0.8136
ACTB	CFDP1	3	0.0995	0.7895
CTNNA1	CFDP1	3	0.0238	0.8546
KRT8	CFDP1	3	0.0766	0.8071
LMNA	CFDP1	3	0.2935	0.6429
MAPRE3	CFDP1	3	0.0757	0.8078
ACTB	ZNF629	3	0.1576	0.7486
CTNNA1	ZNF629	3	0.0380	0.8430
KRT8	ZNF629	3	0.1831	0.7308
LMNA	ZNF629	3	0.3232	0.6056
MAPRE3	ZNF629	3	0.1404	0.7606
ACTB	FTSJ1	3	0.1153	0.7779
CTNNA1	FTSJ1	3	0.0157	0.8599
KRT8	FTSJ1	3	0.1792	0.7336
LMNA	FTSJ1	3	0.0846	0.8008
MAPRE3	FTSJ1	3	0.0444	0.8366
ACTB	STK39	3	0.2112	0.7125
CTNNA1	STK39	3	0.0608	0.8209
KRT8	STK39	3	0.1545	0.7507
LMNA	STK39	3	0.1457	0.7571
MAPRE3	STK39	3	0.1193	0.7747
ACTB	ADD3	3	0.3954	0.4719
CTNNA1	ADD3	3	0.1280	0.7689
KRT8	ADD3	3	0.2441	0.6881
LMNA	ADD3	3	0.1644	0.7438
MAPRE3	ADD3	3	0.1470	0.7561
ACTB	LRWD1	3	0.2363	0.6939
CTNNA1	LRWD1	3	0.0218	0.8559
KRT8	LRWD1	3	0.2425	0.6893
LMNA	LRWD1	3	0.2285	0.7002
MAPRE3	LRWD1	3	0.1109	0.7811
ACTB	CNOT8	3	0.3190	0.6120
CTNNA1	CNOT8	3	0.1212	0.7734
KRT8	CNOT8	3	0.3595	0.5431
LMNA	CNOT8	3	0.2434	0.6885
MAPRE3	CNOT8	3	0.2538	0.6803
ACTB	C19orf25	3	0.0815	0.8033
CTNNA1	C19orf25	3	0.0143	0.8609
KRT8	C19orf25	3	0.1379	0.7623
LMNA	C19orf25	3	0.0280	0.8515
MAPRE3	C19orf25	3	0.0134	0.8616
ACTB	IFT172	3	0.0477	0.8334
CTNNA1	IFT172	3	0.0025	0.8705
KRT8	IFT172	3	0.1210	0.7735
LMNA	IFT172	3	0.0068	0.8662
MAPRE3	IFT172	3	0.0160	0.8597
ACTB	ABCF2	3	0.3031	0.6327
CTNNA1	ABCF2	3	0.1419	0.7597
KRT8	ABCF2	3	0.3342	0.5871
LMNA	ABCF2	3	0.1984	0.7207
MAPRE3	ABCF2	3	0.2474	0.6855
ACTB	TES	3	0.4541	0.3731
CTNNA1	TES	3	0.1610	0.7461
KRT8	TES	3	0.2536	0.6805
LMNA	TES	3	0.0669	0.8154
MAPRE3	TES	3	0.1100	0.7818
ACTB	TUBGCP4	3	0.1585	0.7479
CTNNA1	TUBGCP4	3	0.0832	0.8019
KRT8	TUBGCP4	3	0.2616	0.6735
LMNA	TUBGCP4	3	0.0653	0.8168
MAPRE3	TUBGCP4	3	0.0801	0.8045
KRT8	KDM5B	3	0.0772	0.8066
LMNA	KDM5B	3	0.0335	0.8469
ACTB	DMBT1	3	0.3503	0.5580
KRT8	DMBT1	3	0.0808	0.8039
LMNA	DMBT1	3	0.0213	0.8562
MAPRE3	DMBT1	3	0.0079	0.8653
ACTB	PARP2	3	0.0808	0.8039
KRT8	PARP2	3	0.1147	0.7784
LMNA	PARP2	3	0.0605	0.8212
MAPRE3	PARP2	3	0.0082	0.8651
ACTB	LIMD1	3	0.3765	0.5109
CTNNA1	LIMD1	3	0.1742	0.7374
KRT8	LIMD1	3	0.3655	0.5299
LMNA	LIMD1	3	0.1341	0.7648
MAPRE3	LIMD1	3	0.1390	0.7616
ACTB	SEC63	3	0.2332	0.6965
CTNNA1	SEC63	3	0.0863	0.7995
KRT8	SEC63	3	0.2729	0.6636
LMNA	SEC63	3	0.3202	0.6099
MAPRE3	SEC63	3	0.1303	0.7674
ACTB	ZC3H7B	3	0.1775	0.7348
CTNNA1	ZC3H7B	3	0.0430	0.8378
KRT8	ZC3H7B	3	0.2566	0.6775
LMNA	ZC3H7B	3	0.0489	0.8322
MAPRE3	ZC3H7B	3	0.1124	0.7800
ACTB	TCF20	3	0.0074	0.8657
CTNNA1	TCF20	3	0.0001	0.8748
KRT8	TCF20	3	0.0147	0.8607
LMNA	TCF20	3	0.0484	0.8327
MAPRE3	TCF20	3	0.0074	0.8657
ACTB	HMGXB4	3	0.0686	0.8139
KRT8	HMGXB4	3	0.0394	0.8415
LMNA	HMGXB4	3	0.0220	0.8557
ACTB	NDRG3	3	0.0765	0.8072
CTNNA1	NDRG3	3	0.0410	0.8398
KRT8	NDRG3	3	0.1007	0.7888
LMNA	NDRG3	3	0.0843	0.8010
MAPRE3	NDRG3	3	0.0362	0.8446
ACTB	ARMCX3	3	0.2603	0.6747
CTNNA1	ARMCX3	3	0.0412	0.8396
KRT8	ARMCX3	3	0.2782	0.6589
LMNA	ARMCX3	3	0.2630	0.6725
MAPRE3	ARMCX3	3	0.1329	0.7657
ACTB	SWAP70	3	0.2706	0.6658
CTNNA1	SWAP70	3	0.0435	0.8373
KRT8	SWAP70	3	0.2703	0.6661
LMNA	SWAP70	3	0.1614	0.7459
MAPRE3	SWAP70	3	0.1604	0.7467
ACTB	SUN2	3	0.0535	0.8278
KRT8	SUN2	3	0.0693	0.8133
LMNA	SUN2	3	0.7087	0.1389
MAPRE3	SUN2	3	0.0076	0.8656
ACTB	RSL24D1	3	0.2747	0.6620
CTNNA1	RSL24D1	3	0.0496	0.8314
KRT8	RSL24D1	3	0.2518	0.6820
LMNA	RSL24D1	3	0.1328	0.7658
MAPRE3	RSL24D1	3	0.0361	0.8447
ACTB	LAMTOR3	3	0.1421	0.7596
CTNNA1	LAMTOR3	3	0.0149	0.8605
KRT8	LAMTOR3	3	0.0379	0.8431
LMNA	LAMTOR3	3	0.1015	0.7882
MAPRE3	LAMTOR3	3	0.0041	0.8688
ACTB	LIMA1	3	0.4716	0.3490
CTNNA1	LIMA1	3	0.0943	0.7935
KRT8	LIMA1	3	0.1887	0.7273
LMNA	LIMA1	3	0.1048	0.7856
MAPRE3	LIMA1	3	0.1114	0.7807
ACTB	AFF4	3	0.2215	0.7051
CTNNA1	AFF4	3	0.3218	0.6073
KRT8	AFF4	3	0.2089	0.7142
LMNA	AFF4	3	0.2350	0.6950
MAPRE3	AFF4	3	0.1911	0.7258
ACTB	SRP68	3	0.2844	0.6522
CTNNA1	SRP68	3	0.1268	0.7696
KRT8	SRP68	3	0.2673	0.6687
LMNA	SRP68	3	0.1280	0.7689
MAPRE3	SRP68	3	0.1932	0.7245
ACTB	MLH3	3	0.0151	0.8604
KRT8	MLH3	3	0.0356	0.8451
LMNA	MLH3	3	0.1012	0.7884
MAPRE3	MLH3	3	0.0066	0.8664
ACTB	CHORDC1	3	0.2329	0.6969
CTNNA1	CHORDC1	3	0.0367	0.8442
KRT8	CHORDC1	3	0.2883	0.6484
LMNA	CHORDC1	3	0.1644	0.7438
MAPRE3	CHORDC1	3	0.0682	0.8142
ACTB	TBK1	3	0.2672	0.6688
CTNNA1	TBK1	3	0.1353	0.7640
KRT8	TBK1	3	0.3552	0.5498
LMNA	TBK1	3	0.1657	0.7429
MAPRE3	TBK1	3	0.1876	0.7281
ACTB	SEPTIN9	3	0.3539	0.5524
CTNNA1	SEPTIN9	3	0.1798	0.7330
KRT8	SEPTIN9	3	0.2495	0.6840
LMNA	SEPTIN9	3	0.1059	0.7848
MAPRE3	SEPTIN9	3	0.2511	0.6827
ACTB	TRPS1	3	0.0395	0.8413
CTNNA1	TRPS1	3	0.0386	0.8424
KRT8	TRPS1	3	0.0292	0.8505
LMNA	TRPS1	3	0.1066	0.7842
MAPRE3	TRPS1	3	0.0134	0.8616
ACTB	DDX20	3	0.2406	0.6908
CTNNA1	DDX20	3	0.0401	0.8407
KRT8	DDX20	3	0.2515	0.6822
LMNA	DDX20	3	0.1216	0.7732
MAPRE3	DDX20	3	0.0977	0.7908
ACTB	GTF2IRD1	3	0.1707	0.7396
CTNNA1	GTF2IRD1	3	0.0332	0.8471
KRT8	GTF2IRD1	3	0.0863	0.7995
LMNA	GTF2IRD1	3	0.2015	0.7191
MAPRE3	GTF2IRD1	3	0.0391	0.8418
ACTB	CEMIP2	3	0.1987	0.7206
CTNNA1	CEMIP2	3	0.0550	0.8263
KRT8	CEMIP2	3	0.1336	0.7652
LMNA	CEMIP2	3	0.1955	0.7228
MAPRE3	CEMIP2	3	0.0157	0.8599
ACTB	USP25	3	0.0439	0.8371
KRT8	USP25	3	0.1173	0.7761
LMNA	USP25	3	0.0332	0.8471
MAPRE3	USP25	3	0.0052	0.8677
ACTB	NARF	3	0.0456	0.8355
CTNNA1	NARF	3	0.0406	0.8402
KRT8	NARF	3	0.0774	0.8065
LMNA	NARF	3	0.1269	0.7696
MAPRE3	NARF	3	0.0207	0.8567
ACTB	BAIAP2L1	3	0.3101	0.6249
CTNNA1	BAIAP2L1	3	0.1412	0.7602
KRT8	BAIAP2L1	3	0.2256	0.7020
LMNA	BAIAP2L1	3	0.0866	0.7993
MAPRE3	BAIAP2L1	3	0.1970	0.7218
ACTB	SAP30BP	3	0.2327	0.6971
CTNNA1	SAP30BP	3	0.1381	0.7622
KRT8	SAP30BP	3	0.2239	0.7034
LMNA	SAP30BP	3	0.3594	0.5433
MAPRE3	SAP30BP	3	0.2050	0.7168
ACTB	MED13	3	0.0383	0.8427
KRT8	MED13	3	0.0416	0.8392
LMNA	MED13	3	0.0503	0.8308
MAPRE3	MED13	3	0.0208	0.8566
ACTB	PFDN2	3	0.4850	0.3250
CTNNA1	PFDN2	3	0.1009	0.7886
KRT8	PFDN2	3	0.2167	0.7086
LMNA	PFDN2	3	0.1516	0.7528
MAPRE3	PFDN2	3	0.1376	0.7625
ACTB	GPN3	3	0.0495	0.8316
CTNNA1	GPN3	3	0.0176	0.8586
KRT8	GPN3	3	0.0703	0.8124
LMNA	GPN3	3	0.0359	0.8449
MAPRE3	GPN3	3	0.0434	0.8374
ACTB	PUF60	3	0.3279	0.5986
CTNNA1	PUF60	3	0.1160	0.7772
KRT8	PUF60	3	0.3388	0.5803
LMNA	PUF60	3	0.3010	0.6354
MAPRE3	PUF60	3	0.2336	0.6963
ACTB	NRBP1	3	0.1442	0.7581
CTNNA1	NRBP1	3	0.0242	0.8543
KRT8	NRBP1	3	0.1871	0.7285
LMNA	NRBP1	3	0.0174	0.8588
MAPRE3	NRBP1	3	0.0569	0.8244
ACTB	EIF2B4	3	0.1132	0.7793
CTNNA1	EIF2B4	3	0.0329	0.8474
KRT8	EIF2B4	3	0.1380	0.7623
LMNA	EIF2B4	3	0.0770	0.8067
MAPRE3	EIF2B4	3	0.0294	0.8503
ACTB	ATP6V1H	3	0.2565	0.6776
CTNNA1	ATP6V1H	3	0.0151	0.8604
KRT8	ATP6V1H	3	0.2935	0.6429
LMNA	ATP6V1H	3	0.1753	0.7366
MAPRE3	ATP6V1H	3	0.1367	0.7631
ACTB	TAGLN3	3	0.1210	0.7735
CTNNA1	TAGLN3	3	0.0055	0.8674
KRT8	TAGLN3	3	0.0692	0.8134
LMNA	TAGLN3	3	0.0333	0.8471
MAPRE3	TAGLN3	3	0.0138	0.8613
ACTB	IPO11	3	0.0296	0.8502
CTNNA1	IPO11	3	0.0004	0.8740
KRT8	IPO11	3	0.1054	0.7851
LMNA	IPO11	3	0.0245	0.8541
MAPRE3	IPO11	3	0.0043	0.8685
ACTB	TRMT112	3	0.1203	0.7740
CTNNA1	TRMT112	3	0.0359	0.8449
KRT8	TRMT112	3	0.2328	0.6970
LMNA	TRMT112	3	0.0893	0.7970
MAPRE3	TRMT112	3	0.0850	0.8005
ACTB	CPA4	3	0.0343	0.8463
LMNA	CPA4	3	0.0035	0.8694
ACTB	XPO7	3	0.1763	0.7358
CTNNA1	XPO7	3	0.0244	0.8541
KRT8	XPO7	3	0.2315	0.6979
LMNA	XPO7	3	0.1239	0.7716
MAPRE3	XPO7	3	0.0629	0.8190
ACTB	LCMT1	3	0.0277	0.8517
CTNNA1	LCMT1	3	0.0230	0.8551
KRT8	LCMT1	3	0.0416	0.8392
LMNA	LCMT1	3	0.0533	0.8280
MAPRE3	LCMT1	3	0.0060	0.8670
ACTB	VPS51	3	0.1936	0.7242
CTNNA1	VPS51	3	0.0522	0.8290
KRT8	VPS51	3	0.3645	0.5330
LMNA	VPS51	3	0.1568	0.7491
MAPRE3	VPS51	3	0.0950	0.7930
LMNA	ZNF639	3	0.0946	0.7933
ACTB	BAZ2B	3	0.2610	0.6742
CTNNA1	BAZ2B	3	0.0386	0.8424
KRT8	BAZ2B	3	0.2583	0.6763
LMNA	BAZ2B	3	0.3679	0.5239
MAPRE3	BAZ2B	3	0.2334	0.6964
ACTB	BAZ2A	3	0.1843	0.7300
CTNNA1	BAZ2A	3	0.1036	0.7866
KRT8	BAZ2A	3	0.1737	0.7377
LMNA	BAZ2A	3	0.2792	0.6577
MAPRE3	BAZ2A	3	0.1019	0.7879
ACTB	BAZ1B	3	0.2051	0.7168
CTNNA1	BAZ1B	3	0.0361	0.8447
KRT8	BAZ1B	3	0.1982	0.7209
LMNA	BAZ1B	3	0.2955	0.6410
MAPRE3	BAZ1B	3	0.1928	0.7247
ACTB	HERC5	3	0.1470	0.7561
CTNNA1	HERC5	3	0.0346	0.8460
KRT8	HERC5	3	0.2322	0.6975
LMNA	HERC5	3	0.0979	0.7907
MAPRE3	HERC5	3	0.0677	0.8147
ACTB	LNPEP	3	0.2699	0.6665
CTNNA1	LNPEP	3	0.0703	0.8124
KRT8	LNPEP	3	0.2697	0.6666
LMNA	LNPEP	3	0.2617	0.6734
MAPRE3	LNPEP	3	0.1209	0.7736
LMNA	MBD1	3	0.0925	0.7949
MAPRE3	MBD1	3	0.0056	0.8673
ACTB	SIX4	3	0.0100	0.8638
KRT8	SIX4	3	0.0127	0.8620
LMNA	SIX4	3	0.0492	0.8318
MAPRE3	SIX4	3	0.0007	0.8734
ACTB	CNOT7	3	0.1749	0.7369
KRT8	CNOT7	3	0.2012	0.7192
LMNA	CNOT7	3	0.1240	0.7715
ACTB	PLXNA1	3	0.0169	0.8592
CTNNA1	PLXNA1	3	0.0005	0.8738
KRT8	PLXNA1	3	0.0138	0.8613
LMNA	PLXNA1	3	0.0000	0.8752
MAPRE3	PLXNA1	3	0.0011	0.8726
ACTB	RABGEF1	3	0.0548	0.8266
CTNNA1	RABGEF1	3	0.0021	0.8711
KRT8	RABGEF1	3	0.0773	0.8065
LMNA	RABGEF1	3	0.0063	0.8666
MAPRE3	RABGEF1	3	0.0164	0.8595
ACTB	NAGK	3	0.1226	0.7725
CTNNA1	NAGK	3	0.0383	0.8427
KRT8	NAGK	3	0.1797	0.7332
LMNA	NAGK	3	0.0886	0.7976
MAPRE3	NAGK	3	0.0158	0.8598
ACTB	ANXA10	3	0.0486	0.8324
CTNNA1	ANXA10	3	0.0468	0.8343
KRT8	ANXA10	3	0.0687	0.8139
LMNA	ANXA10	3	0.0667	0.8156
MAPRE3	ANXA10	3	0.0246	0.8540
KRT8	ZMYM5	3	0.3108	0.6240
LMNA	ZMYM5	3	0.3684	0.5229
MAPRE3	ZMYM5	3	0.0645	0.8175
ACTB	HACL1	3	0.0510	0.8301
CTNNA1	HACL1	3	0.0010	0.8728
KRT8	HACL1	3	0.0710	0.8119
LMNA	HACL1	3	0.0184	0.8581
MAPRE3	HACL1	3	0.0024	0.8706
ACTB	TRMT6	3	0.1618	0.7456
CTNNA1	TRMT6	3	0.0640	0.8179
KRT8	TRMT6	3	0.1688	0.7408
LMNA	TRMT6	3	0.2445	0.6878
MAPRE3	TRMT6	3	0.0690	0.8136
ACTB	HOOK1	3	0.1409	0.7603
CTNNA1	HOOK1	3	0.0057	0.8672
KRT8	HOOK1	3	0.0855	0.8001
LMNA	HOOK1	3	0.0076	0.8656
MAPRE3	HOOK1	3	0.0352	0.8455
ACTB	RASAL2	3	0.3193	0.6114
CTNNA1	RASAL2	3	0.1952	0.7231
KRT8	RASAL2	3	0.3319	0.5933
LMNA	RASAL2	3	0.1549	0.7504
MAPRE3	RASAL2	3	0.2296	0.6993
ACTB	TSR3	3	0.0328	0.8475
CTNNA1	TSR3	3	0.0056	0.8673
KRT8	TSR3	3	0.0722	0.8109
LMNA	TSR3	3	0.0067	0.8663
MAPRE3	TSR3	3	0.0109	0.8632
ACTB	SLC25A13	3	0.1529	0.7519
CTNNA1	SLC25A13	3	0.0467	0.8344
KRT8	SLC25A13	3	0.4003	0.4585
LMNA	SLC25A13	3	0.2182	0.7075
MAPRE3	SLC25A13	3	0.0692	0.8134
ACTB	DBNL	3	0.4301	0.4102
CTNNA1	DBNL	3	0.0654	0.8168
KRT8	DBNL	3	0.1981	0.7211
LMNA	DBNL	3	0.0821	0.8028
MAPRE3	DBNL	3	0.1053	0.7852
ACTB	DDX41	3	0.0095	0.8641
KRT8	DDX41	3	0.0032	0.8697
LMNA	DDX41	3	0.0684	0.8140
MAPRE3	DDX41	3	0.0010	0.8728
ACTB	DCTN4	3	0.0644	0.8176
CTNNA1	DCTN4	3	0.0007	0.8734
KRT8	DCTN4	3	0.0539	0.8274
LMNA	DCTN4	3	0.0143	0.8609
MAPRE3	DCTN4	3	0.0183	0.8581
LMNA	ZNF180	3	0.1110	0.7810
ACTB	CDC23	3	0.0628	0.8190
CTNNA1	CDC23	3	0.0052	0.8677
KRT8	CDC23	3	0.1257	0.7703
LMNA	CDC23	3	0.0284	0.8512
MAPRE3	CDC23	3	0.0209	0.8565
ACTB	ANAPC7	3	0.2550	0.6791
CTNNA1	ANAPC7	3	0.0883	0.7979
KRT8	ANAPC7	3	0.3478	0.5633
LMNA	ANAPC7	3	0.2388	0.6924
MAPRE3	ANAPC7	3	0.2356	0.6945
ACTB	ANAPC5	3	0.3045	0.6309
CTNNA1	ANAPC5	3	0.1096	0.7821
KRT8	ANAPC5	3	0.3888	0.4827
LMNA	ANAPC5	3	0.2408	0.6906
MAPRE3	ANAPC5	3	0.2423	0.6895
ACTB	ANAPC4	3	0.0042	0.8687
KRT8	ANAPC4	3	0.0976	0.7909
LMNA	ANAPC4	3	0.0570	0.8242
MAPRE3	ANAPC4	3	0.0027	0.8703
ACTB	ANAPC2	3	0.0389	0.8420
CTNNA1	ANAPC2	3	0.0037	0.8691
KRT8	ANAPC2	3	0.0722	0.8109
LMNA	ANAPC2	3	0.0271	0.8521
MAPRE3	ANAPC2	3	0.0214	0.8562
ACTB	HSPB8	3	0.1655	0.7430
CTNNA1	HSPB8	3	0.0084	0.8649
KRT8	HSPB8	3	0.1934	0.7243
LMNA	HSPB8	3	0.0248	0.8539
MAPRE3	HSPB8	3	0.0239	0.8545
ACTB	GGA2	3	0.2092	0.7140
CTNNA1	GGA2	3	0.0490	0.8320
KRT8	GGA2	3	0.2537	0.6805
LMNA	GGA2	3	0.1056	0.7850
MAPRE3	GGA2	3	0.1022	0.7877
ACTB	GGA1	3	0.3255	0.6028
CTNNA1	GGA1	3	0.0582	0.8233
KRT8	GGA1	3	0.3357	0.5848
LMNA	GGA1	3	0.2514	0.6823
MAPRE3	GGA1	3	0.1385	0.7620
ACTB	STOML2	3	0.1655	0.7430
CTNNA1	STOML2	3	0.0796	0.8048
KRT8	STOML2	3	0.2422	0.6895
LMNA	STOML2	3	0.1291	0.7683
MAPRE3	STOML2	3	0.0447	0.8363
ACTB	DBR1	3	0.0010	0.8728
KRT8	DBR1	3	0.0174	0.8588
LMNA	DBR1	3	0.0864	0.7994
ACTB	TASOR	3	0.1579	0.7484
CTNNA1	TASOR	3	0.0238	0.8546
KRT8	TASOR	3	0.1957	0.7227
LMNA	TASOR	3	0.2549	0.6792
MAPRE3	TASOR	3	0.1205	0.7740
ACTB	JPT1	3	0.3300	0.5961
CTNNA1	JPT1	3	0.1072	0.7837
KRT8	JPT1	3	0.3353	0.5857
LMNA	JPT1	3	0.2611	0.6741
MAPRE3	JPT1	3	0.2142	0.7105
ACTB	FBXO3	3	0.0931	0.7944
CTNNA1	FBXO3	3	0.0062	0.8667
KRT8	FBXO3	3	0.2569	0.6773
LMNA	FBXO3	3	0.3116	0.6227
MAPRE3	FBXO3	3	0.1353	0.7640
ACTB	AKAP11	3	0.0349	0.8457
CTNNA1	AKAP11	3	0.0006	0.8736
KRT8	AKAP11	3	0.0397	0.8412
LMNA	AKAP11	3	0.0007	0.8734
MAPRE3	AKAP11	3	0.0012	0.8725
ACTB	FBXW11	3	0.0916	0.7955
CTNNA1	FBXW11	3	0.0396	0.8413
KRT8	FBXW11	3	0.1120	0.7803
LMNA	FBXW11	3	0.0756	0.8079
MAPRE3	FBXW11	3	0.0147	0.8607
ACTB	DNAJC12	3	0.1995	0.7201
CTNNA1	DNAJC12	3	0.0342	0.8464
KRT8	DNAJC12	3	0.2341	0.6957
LMNA	DNAJC12	3	0.1268	0.7696
MAPRE3	DNAJC12	3	0.0490	0.8320
ACTB	GMEB2	3	0.2276	0.7007
CTNNA1	GMEB2	3	0.1208	0.7737
KRT8	GMEB2	3	0.1956	0.7228
LMNA	GMEB2	3	0.3070	0.6281
MAPRE3	GMEB2	3	0.1422	0.7595
ACTB	MRTO4	3	0.1561	0.7496
CTNNA1	MRTO4	3	0.0466	0.8345
KRT8	MRTO4	3	0.2067	0.7156
LMNA	MRTO4	3	0.2298	0.6992
MAPRE3	MRTO4	3	0.0755	0.8080
ACTB	TNIK	3	0.0485	0.8325
CTNNA1	TNIK	3	0.0009	0.8730
KRT8	TNIK	3	0.0484	0.8327
LMNA	TNIK	3	0.0110	0.8631
MAPRE3	TNIK	3	0.0082	0.8651
ACTB	CPSF3	3	0.3207	0.6091
CTNNA1	CPSF3	3	0.1044	0.7859
KRT8	CPSF3	3	0.3091	0.6262
LMNA	CPSF3	3	0.2696	0.6667
MAPRE3	CPSF3	3	0.2055	0.7165
ACTB	APPL1	3	0.2149	0.7100
CTNNA1	APPL1	3	0.0292	0.8505
KRT8	APPL1	3	0.2345	0.6953
LMNA	APPL1	3	0.1133	0.7793
MAPRE3	APPL1	3	0.1177	0.7758
ACTB	CDC42EP3	3	0.2190	0.7069
CTNNA1	CDC42EP3	3	0.0812	0.8035
KRT8	CDC42EP3	3	0.2457	0.6869
LMNA	CDC42EP3	3	0.0558	0.8255
MAPRE3	CDC42EP3	3	0.0870	0.7990
ACTB	TLK1	3	0.1958	0.7226
CTNNA1	TLK1	3	0.0462	0.8349
KRT8	TLK1	3	0.1892	0.7270
LMNA	TLK1	3	0.2642	0.6714
MAPRE3	TLK1	3	0.1429	0.7590
ACTB	GPATCH8	3	0.0016	0.8718
CTNNA1	GPATCH8	3	0.0000	0.8752
KRT8	GPATCH8	3	0.0018	0.8715
LMNA	GPATCH8	3	0.0320	0.8481
MAPRE3	GPATCH8	3	0.0002	0.8745
ACTB	PARP4	3	0.2807	0.6560
CTNNA1	PARP4	3	0.1286	0.7685
KRT8	PARP4	3	0.3571	0.5464
LMNA	PARP4	3	0.2091	0.7141
MAPRE3	PARP4	3	0.2067	0.7156
ACTB	NUDT5	3	0.2965	0.6398
CTNNA1	NUDT5	3	0.1112	0.7808
KRT8	NUDT5	3	0.3243	0.6043
LMNA	NUDT5	3	0.2610	0.6742
MAPRE3	NUDT5	3	0.2225	0.7046
ACTB	RCOR1	3	0.0949	0.7930
CTNNA1	RCOR1	3	0.0277	0.8517
KRT8	RCOR1	3	0.1213	0.7733
LMNA	RCOR1	3	0.1584	0.7480
MAPRE3	RCOR1	3	0.0256	0.8532
ACTB	CASP8AP2	3	0.1855	0.7294
CTNNA1	CASP8AP2	3	0.0213	0.8562
KRT8	CASP8AP2	3	0.2004	0.7197
LMNA	CASP8AP2	3	0.2191	0.7068
MAPRE3	CASP8AP2	3	0.1195	0.7746
ACTB	MAN1B1	3	0.0360	0.8448
CTNNA1	MAN1B1	3	0.0499	0.8312
KRT8	MAN1B1	3	0.1754	0.7365
LMNA	MAN1B1	3	0.1155	0.7777
MAPRE3	MAN1B1	3	0.0295	0.8502
ACTB	RALY	3	0.1407	0.7604
CTNNA1	RALY	3	0.0170	0.8591
KRT8	RALY	3	0.1702	0.7399
LMNA	RALY	3	0.1110	0.7810
MAPRE3	RALY	3	0.0565	0.8248
ACTB	GTF3C4	3	0.1722	0.7386
CTNNA1	GTF3C4	3	0.0529	0.8284
KRT8	GTF3C4	3	0.1675	0.7417
LMNA	GTF3C4	3	0.3059	0.6294
MAPRE3	GTF3C4	3	0.1268	0.7696
ACTB	PACSIN3	3	0.1548	0.7505
CTNNA1	PACSIN3	3	0.0448	0.8362
KRT8	PACSIN3	3	0.1339	0.7651
LMNA	PACSIN3	3	0.0944	0.7934
MAPRE3	PACSIN3	3	0.0278	0.8516
ACTB	FBXO4	3	0.1856	0.7294
CTNNA1	FBXO4	3	0.0193	0.8576
KRT8	FBXO4	3	0.2994	0.6369
LMNA	FBXO4	3	0.1600	0.7470
MAPRE3	FBXO4	3	0.0632	0.8186
ACTB	ACIN1	3	0.1755	0.7364
CTNNA1	ACIN1	3	0.0140	0.8611
KRT8	ACIN1	3	0.1201	0.7742
LMNA	ACIN1	3	0.2381	0.6928
MAPRE3	ACIN1	3	0.0794	0.8050
ACTB	AGO2	3	0.2563	0.6779
CTNNA1	AGO2	3	0.0779	0.8060
KRT8	AGO2	3	0.3146	0.6185
LMNA	AGO2	3	0.1171	0.7763
MAPRE3	AGO2	3	0.2039	0.7174
ACTB	MYH13	3	0.0077	0.8655
KRT8	MYH13	3	0.0388	0.8422
ACTB	ITGA11	3	0.0311	0.8490
CTNNA1	ITGA11	3	0.0004	0.8740
KRT8	ITGA11	3	0.0684	0.8140
LMNA	ITGA11	3	0.0689	0.8137
MAPRE3	ITGA11	3	0.0130	0.8618
ACTB	NUP50	3	0.1174	0.7760
CTNNA1	NUP50	3	0.0522	0.8290
KRT8	NUP50	3	0.1111	0.7809
LMNA	NUP50	3	0.3457	0.5662
MAPRE3	NUP50	3	0.0838	0.8014
ACTB	ZHX1	3	0.1735	0.7378
KRT8	ZHX1	3	0.0910	0.7959
LMNA	ZHX1	3	0.1089	0.7825
MAPRE3	ZHX1	3	0.0005	0.8738
ACTB	CDV3	3	0.0660	0.8161
CTNNA1	CDV3	3	0.0014	0.8722
KRT8	CDV3	3	0.0713	0.8116
LMNA	CDV3	3	0.0050	0.8678
MAPRE3	CDV3	3	0.0136	0.8614
ACTB	CNOT11	3	0.0259	0.8530
KRT8	CNOT11	3	0.0794	0.8050
MAPRE3	CNOT11	3	0.0037	0.8691
ACTB	INTS6	3	0.2050	0.7168
CTNNA1	INTS6	3	0.0352	0.8455
KRT8	INTS6	3	0.2701	0.6663
LMNA	INTS6	3	0.1888	0.7273
MAPRE3	INTS6	3	0.0783	0.8057
ACTB	BAG5	3	0.1420	0.7596
CTNNA1	BAG5	3	0.0289	0.8507
KRT8	BAG5	3	0.2434	0.6885
LMNA	BAG5	3	0.0710	0.8119
MAPRE3	BAG5	3	0.0237	0.8547
ACTB	AGO1	3	0.2362	0.6940
CTNNA1	AGO1	3	0.0853	0.8002
KRT8	AGO1	3	0.3241	0.6046
LMNA	AGO1	3	0.0971	0.7914
MAPRE3	AGO1	3	0.1873	0.7283
ACTB	RAB21	3	0.2009	0.7194
CTNNA1	RAB21	3	0.0387	0.8423
KRT8	RAB21	3	0.2472	0.6856
LMNA	RAB21	3	0.2315	0.6979
MAPRE3	RAB21	3	0.0713	0.8116
ACTB	PSME2	3	0.1145	0.7785
CTNNA1	PSME2	3	0.0478	0.8333
KRT8	PSME2	3	0.1791	0.7336
LMNA	PSME2	3	0.0846	0.8008
MAPRE3	PSME2	3	0.0359	0.8449
ACTB	TAOK2	3	0.0611	0.8206
CTNNA1	TAOK2	3	0.0147	0.8607
KRT8	TAOK2	3	0.2579	0.6766
LMNA	TAOK2	3	0.0357	0.8451
MAPRE3	TAOK2	3	0.1501	0.7538
ACTB	MKLN1	3	0.2102	0.7131
CTNNA1	MKLN1	3	0.0616	0.8201
KRT8	MKLN1	3	0.2099	0.7135
LMNA	MKLN1	3	0.1372	0.7627
MAPRE3	MKLN1	3	0.0663	0.8159
ACTB	DNPEP	3	0.0775	0.8064
CTNNA1	DNPEP	3	0.0189	0.8578
KRT8	DNPEP	3	0.0940	0.7937
LMNA	DNPEP	3	0.0441	0.8369
MAPRE3	DNPEP	3	0.0316	0.8485
ACTB	MCTS1	3	0.0804	0.8042
CTNNA1	MCTS1	3	0.0272	0.8521
KRT8	MCTS1	3	0.1709	0.7394
LMNA	MCTS1	3	0.0747	0.8088
MAPRE3	MCTS1	3	0.0723	0.8108
ACTB	MTUS1	3	0.3294	0.5972
CTNNA1	MTUS1	3	0.1699	0.7401
KRT8	MTUS1	3	0.3369	0.5831
LMNA	MTUS1	3	0.1928	0.7247
MAPRE3	MTUS1	3	0.3820	0.5001
KRT8	BRPF3	3	0.0157	0.8599
LMNA	BRPF3	3	0.9980	0.0004
MAPRE3	BRPF3	3	0.0079	0.8653
ACTB	WWC3	3	0.0401	0.8407
CTNNA1	WWC3	3	0.0006	0.8736
KRT8	WWC3	3	0.0671	0.8152
MAPRE3	WWC3	3	0.0084	0.8649
ACTB	SLC39A10	3	0.0489	0.8322
CTNNA1	SLC39A10	3	0.0048	0.8680
KRT8	SLC39A10	3	0.0466	0.8345
LMNA	SLC39A10	3	0.0494	0.8317
MAPRE3	SLC39A10	3	0.0021	0.8711
ACTB	INO80	3	0.1704	0.7398
CTNNA1	INO80	3	0.0203	0.8569
KRT8	INO80	3	0.2302	0.6989
LMNA	INO80	3	0.2102	0.7131
MAPRE3	INO80	3	0.0828	0.8022
ACTB	KIDINS220	3	0.0447	0.8363
CTNNA1	KIDINS220	3	0.0014	0.8722
KRT8	KIDINS220	3	0.0361	0.8447
LMNA	KIDINS220	3	0.0003	0.8743
MAPRE3	KIDINS220	3	0.0016	0.8718
ACTB	ASAP1	3	0.3075	0.6277
CTNNA1	ASAP1	3	0.0927	0.7947
KRT8	ASAP1	3	0.2324	0.6973
LMNA	ASAP1	3	0.1007	0.7888
MAPRE3	ASAP1	3	0.1703	0.7398
ACTB	MRTFB	3	0.4745	0.3476
CTNNA1	MRTFB	3	0.0814	0.8034
KRT8	MRTFB	3	0.2365	0.6938
LMNA	MRTFB	3	0.0695	0.8132
MAPRE3	MRTFB	3	0.0883	0.7979
ACTB	ATAD2B	3	0.0099	0.8638
LMNA	ATAD2B	3	0.0836	0.8016
MAPRE3	ATAD2B	3	0.0007	0.8734
ACTB	HEG1	3	0.0488	0.8323
KRT8	HEG1	3	0.0305	0.8495
ACTB	ODF2L	3	0.0373	0.8437
CTNNA1	ODF2L	3	0.0008	0.8732
KRT8	ODF2L	3	0.0871	0.7989
LMNA	ODF2L	3	0.0134	0.8616
MAPRE3	ODF2L	3	0.0084	0.8649
ACTB	ZBTB21	3	0.0010	0.8728
CTNNA1	ZBTB21	3	0.0008	0.8732
KRT8	ZBTB21	3	0.0027	0.8703
LMNA	ZBTB21	3	0.0485	0.8325
MAPRE3	ZBTB21	3	0.0001	0.8748
ACTB	ANKRD50	3	0.2932	0.6432
CTNNA1	ANKRD50	3	0.1272	0.7694
KRT8	ANKRD50	3	0.3126	0.6214
LMNA	ANKRD50	3	0.1472	0.7560
MAPRE3	ANKRD50	3	0.2518	0.6820
ACTB	PPP1R9A	3	0.2099	0.7135
KRT8	PPP1R9A	3	0.0449	0.8361
ACTB	MED23	3	0.2344	0.6954
CTNNA1	MED23	3	0.0393	0.8416
KRT8	MED23	3	0.2055	0.7165
LMNA	MED23	3	0.2767	0.6607
MAPRE3	MED23	3	0.1511	0.7532
ACTB	PRR12	3	0.1332	0.7655
CTNNA1	PRR12	3	0.1599	0.7471
KRT8	PRR12	3	0.1545	0.7507
LMNA	PRR12	3	0.1439	0.7583
MAPRE3	PRR12	3	0.0603	0.8214
ACTB	YEATS2	3	0.1947	0.7234
CTNNA1	YEATS2	3	0.0355	0.8452
KRT8	YEATS2	3	0.2210	0.7056
LMNA	YEATS2	3	0.2501	0.6835
MAPRE3	YEATS2	3	0.2160	0.7092
ACTB	STRIP2	3	0.3455	0.5668
CTNNA1	STRIP2	3	0.0630	0.8189
KRT8	STRIP2	3	0.3192	0.6116
LMNA	STRIP2	3	0.2271	0.7010
MAPRE3	STRIP2	3	0.2316	0.6979
ACTB	ISY1	3	0.2064	0.7158
CTNNA1	ISY1	3	0.0399	0.8409
KRT8	ISY1	3	0.2045	0.7172
LMNA	ISY1	3	0.2411	0.6904
MAPRE3	ISY1	3	0.1427	0.7592
ACTB	TTC7A	3	0.0256	0.8532
CTNNA1	TTC7A	3	0.0008	0.8732
KRT8	TTC7A	3	0.0570	0.8242
LMNA	TTC7A	3	0.0096	0.8640
MAPRE3	TTC7A	3	0.0010	0.8728
ACTB	HECTD1	3	0.2329	0.6969
CTNNA1	HECTD1	3	0.0851	0.8005
KRT8	HECTD1	3	0.3265	0.6012
LMNA	HECTD1	3	0.1356	0.7638
MAPRE3	HECTD1	3	0.1602	0.7468
ACTB	ZMYND8	3	0.0206	0.8567
KRT8	ZMYND8	3	0.0010	0.8728
LMNA	ZMYND8	3	0.0072	0.8659
MAPRE3	ZMYND8	3	0.0001	0.8748
ACTB	CIZ1	3	0.0820	0.8028
CTNNA1	CIZ1	3	0.0092	0.8643
KRT8	CIZ1	3	0.0563	0.8250
LMNA	CIZ1	3	0.1361	0.7635
MAPRE3	CIZ1	3	0.0292	0.8505
ACTB	CORO1C	3	0.4532	0.3743
CTNNA1	CORO1C	3	0.0892	0.7971
KRT8	CORO1C	3	0.2202	0.7062
LMNA	CORO1C	3	0.0739	0.8095
MAPRE3	CORO1C	3	0.1084	0.7828
ACTB	TPX2	3	0.1610	0.7461
CTNNA1	TPX2	3	0.0732	0.8100
KRT8	TPX2	3	0.1541	0.7510
LMNA	TPX2	3	0.3309	0.5945
MAPRE3	TPX2	3	0.2208	0.7057
ACTB	NOB1	3	0.3731	0.5160
CTNNA1	NOB1	3	0.0905	0.7962
KRT8	NOB1	3	0.2553	0.6788
LMNA	NOB1	3	0.1184	0.7754
MAPRE3	NOB1	3	0.2369	0.6934
ACTB	AKAP8L	3	0.1608	0.7463
CTNNA1	AKAP8L	3	0.0283	0.8513
KRT8	AKAP8L	3	0.2972	0.6390
LMNA	AKAP8L	3	0.2063	0.7158
MAPRE3	AKAP8L	3	0.0985	0.7903
ACTB	MYO6	3	0.3403	0.5775
CTNNA1	MYO6	3	0.2216	0.7051
KRT8	MYO6	3	0.2998	0.6363
LMNA	MYO6	3	0.0937	0.7940
MAPRE3	MYO6	3	0.2474	0.6855
ACTB	SPATA2	3	0.2696	0.6667
CTNNA1	SPATA2	3	0.2499	0.6837
KRT8	SPATA2	3	0.3060	0.6293
LMNA	SPATA2	3	0.2609	0.6743
MAPRE3	SPATA2	3	0.2901	0.6468
ACTB	KMT2B	3	0.0191	0.8577
KRT8	KMT2B	3	0.0074	0.8657
LMNA	KMT2B	3	0.0455	0.8355
MAPRE3	KMT2B	3	0.0110	0.8631
ACTB	NFU1	3	0.0924	0.7950
CTNNA1	NFU1	3	0.0247	0.8539
KRT8	NFU1	3	0.1297	0.7679
LMNA	NFU1	3	0.0530	0.8283
MAPRE3	NFU1	3	0.0111	0.8630
ACTB	PRPF19	3	0.1754	0.7365
CTNNA1	PRPF19	3	0.0350	0.8457
KRT8	PRPF19	3	0.2063	0.7158
LMNA	PRPF19	3	0.1048	0.7856
MAPRE3	PRPF19	3	0.0386	0.8424
ACTB	SYNPO2	3	0.1049	0.7855
KRT8	SYNPO2	3	0.0561	0.8252
MAPRE3	SYNPO2	3	0.0037	0.8691
ACTB	NOL7	3	0.0862	0.7996
CTNNA1	NOL7	3	0.0292	0.8505
LMNA	NOL7	3	0.1815	0.7319
MAPRE3	NOL7	3	0.0545	0.8269
ACTB	SNX12	3	0.2806	0.6561
CTNNA1	SNX12	3	0.0747	0.8088
KRT8	SNX12	3	0.2941	0.6424
LMNA	SNX12	3	0.2077	0.7149
MAPRE3	SNX12	3	0.1377	0.7624
ACTB	SYNRG	3	0.2907	0.6460
CTNNA1	SYNRG	3	0.1679	0.7414
KRT8	SYNRG	3	0.3332	0.5905
LMNA	SYNRG	3	0.1009	0.7886
MAPRE3	SYNRG	3	0.2217	0.7050
ACTB	G3BP2	3	0.2468	0.6860
CTNNA1	G3BP2	3	0.1121	0.7803
KRT8	G3BP2	3	0.2869	0.6499
LMNA	G3BP2	3	0.1570	0.7489
MAPRE3	G3BP2	3	0.2073	0.7153
ACTB	POLI	3	0.0153	0.8602
LMNA	POLI	3	0.0238	0.8546
ACTB	STUB1	3	0.2359	0.6942
CTNNA1	STUB1	3	0.0671	0.8152
KRT8	STUB1	3	0.3226	0.6061
LMNA	STUB1	3	0.2177	0.7079
MAPRE3	STUB1	3	0.1486	0.7549
ACTB	PACSIN2	3	0.2491	0.6842
CTNNA1	PACSIN2	3	0.0675	0.8149
KRT8	PACSIN2	3	0.2589	0.6759
LMNA	PACSIN2	3	0.0666	0.8156
MAPRE3	PACSIN2	3	0.1184	0.7754
ACTB	MAGED2	3	0.2668	0.6692
CTNNA1	MAGED2	3	0.0799	0.8046
KRT8	MAGED2	3	0.2974	0.6387
LMNA	MAGED2	3	0.2483	0.6848
MAPRE3	MAGED2	3	0.1371	0.7628
ACTB	SNX7	3	0.3328	0.5922
CTNNA1	SNX7	3	0.1949	0.7233
KRT8	SNX7	3	0.3844	0.4934
LMNA	SNX7	3	0.1798	0.7330
MAPRE3	SNX7	3	0.2775	0.6598
ACTB	SNX6	3	0.2513	0.6824
CTNNA1	SNX6	3	0.0542	0.8272
KRT8	SNX6	3	0.2977	0.6384
LMNA	SNX6	3	0.1546	0.7507
MAPRE3	SNX6	3	0.1867	0.7288
ACTB	DUSP12	3	0.3076	0.6276
CTNNA1	DUSP12	3	0.1148	0.7783
KRT8	DUSP12	3	0.1296	0.7680
LMNA	DUSP12	3	0.1532	0.7516
MAPRE3	DUSP12	3	0.1991	0.7204
ACTB	STX8	3	0.0688	0.8138
CTNNA1	STX8	3	0.0011	0.8726
KRT8	STX8	3	0.0622	0.8196
LMNA	STX8	3	0.1004	0.7889
MAPRE3	STX8	3	0.0019	0.8714
ACTB	PSMD13	3	0.2133	0.7110
CTNNA1	PSMD13	3	0.0405	0.8403
KRT8	PSMD13	3	0.2452	0.6874
LMNA	PSMD13	3	0.1099	0.7819
MAPRE3	PSMD13	3	0.0413	0.8395
ACTB	FAF1	3	0.2347	0.6952
CTNNA1	FAF1	3	0.0104	0.8635
KRT8	FAF1	3	0.2050	0.7168
LMNA	FAF1	3	0.0673	0.8151
MAPRE3	FAF1	3	0.0201	0.8570
ACTB	PPIE	3	0.2538	0.6803
CTNNA1	PPIE	3	0.0445	0.8365
KRT8	PPIE	3	0.2547	0.6794
LMNA	PPIE	3	0.2918	0.6449
MAPRE3	PPIE	3	0.2047	0.7171
ACTB	DIMT1	3	0.2010	0.7193
CTNNA1	DIMT1	3	0.0357	0.8451
KRT8	DIMT1	3	0.2834	0.6534
LMNA	DIMT1	3	0.1710	0.7394
MAPRE3	DIMT1	3	0.1102	0.7817
ACTB	TIMELESS	3	0.2614	0.6737
CTNNA1	TIMELESS	3	0.2242	0.7032
KRT8	TIMELESS	3	0.2696	0.6667
LMNA	TIMELESS	3	0.2757	0.6615
MAPRE3	TIMELESS	3	0.2553	0.6788
ACTB	COPS3	3	0.1509	0.7534
CTNNA1	COPS3	3	0.0368	0.8441
KRT8	COPS3	3	0.1664	0.7424
LMNA	COPS3	3	0.0699	0.8128
MAPRE3	COPS3	3	0.0410	0.8398
ACTB	WDR3	3	0.1302	0.7675
CTNNA1	WDR3	3	0.0339	0.8466
KRT8	WDR3	3	0.2142	0.7105
LMNA	WDR3	3	0.2670	0.6690
MAPRE3	WDR3	3	0.0608	0.8209
ACTB	TTF2	3	0.2513	0.6824
CTNNA1	TTF2	3	0.1124	0.7800
KRT8	TTF2	3	0.2728	0.6637
LMNA	TTF2	3	0.0877	0.7984
MAPRE3	TTF2	3	0.2234	0.7038
ACTB	NSFL1C	3	0.0447	0.8363
KRT8	NSFL1C	3	0.0630	0.8189
LMNA	NSFL1C	3	0.0177	0.8585
MAPRE3	NSFL1C	3	0.0025	0.8705
ACTB	COG5	3	0.0612	0.8205
KRT8	COG5	3	0.0808	0.8039
MAPRE3	COG5	3	0.0055	0.8674
ACTB	SLC12A4	3	0.0740	0.8094
KRT8	SLC12A4	3	0.1067	0.7841
LMNA	SLC12A4	3	0.0145	0.8608
ACTB	AP4E1	3	0.3066	0.6287
CTNNA1	AP4E1	3	0.1457	0.7571
KRT8	AP4E1	3	0.3415	0.5753
LMNA	AP4E1	3	0.1849	0.7298
MAPRE3	AP4E1	3	0.2346	0.6953
ACTB	CEP131	3	0.0395	0.8413
CTNNA1	CEP131	3	0.0090	0.8644
KRT8	CEP131	3	0.2296	0.6993
LMNA	CEP131	3	0.0159	0.8598
MAPRE3	CEP131	3	0.0400	0.8409
ACTB	SCAF8	3	0.0023	0.8708
KRT8	SCAF8	3	0.0055	0.8674
LMNA	SCAF8	3	0.0252	0.8535
MAPRE3	SCAF8	3	0.0006	0.8736
ACTB	PPP6R1	3	0.2355	0.6945
CTNNA1	PPP6R1	3	0.1093	0.7822
KRT8	PPP6R1	3	0.3503	0.5580
LMNA	PPP6R1	3	0.1173	0.7761
MAPRE3	PPP6R1	3	0.1420	0.7596
ACTB	TRIM33	3	0.1405	0.7606
CTNNA1	TRIM33	3	0.0470	0.8341
KRT8	TRIM33	3	0.1853	0.7296
LMNA	TRIM33	3	0.2810	0.6556
MAPRE3	TRIM33	3	0.1322	0.7662
ACTB	PHF8	3	0.1563	0.7495
CTNNA1	PHF8	3	0.0289	0.8507
KRT8	PHF8	3	0.1744	0.7373
LMNA	PHF8	3	0.3208	0.6087
MAPRE3	PHF8	3	0.1510	0.7533
ACTB	LIMCH1	3	0.3048	0.6306
CTNNA1	LIMCH1	3	0.1069	0.7840
KRT8	LIMCH1	3	0.2251	0.7025
LMNA	LIMCH1	3	0.0807	0.8040
MAPRE3	LIMCH1	3	0.1434	0.7587
ACTB	AGAP1	3	0.2306	0.6986
CTNNA1	AGAP1	3	0.1049	0.7855
KRT8	AGAP1	3	0.2970	0.6393
LMNA	AGAP1	3	0.1491	0.7546
MAPRE3	AGAP1	3	0.1721	0.7387
ACTB	DOLK	3	0.0163	0.8595
KRT8	DOLK	3	0.0935	0.7941
LMNA	DOLK	3	0.0334	0.8470
MAPRE3	DOLK	3	0.0137	0.8614
ACTB	TNRC6B	3	0.3129	0.6210
CTNNA1	TNRC6B	3	0.1774	0.7349
KRT8	TNRC6B	3	0.3795	0.5049
LMNA	TNRC6B	3	0.1544	0.7509
MAPRE3	TNRC6B	3	0.2905	0.6462
ACTB	SLC8A2	3	0.0879	0.7982
KRT8	SLC8A2	3	0.0667	0.8156
MAPRE3	SLC8A2	3	0.0084	0.8649
ACTB	SETD1B	3	0.0498	0.8313
KRT8	SETD1B	3	0.0125	0.8621
LMNA	SETD1B	3	0.0299	0.8499
MAPRE3	SETD1B	3	0.0006	0.8736
ACTB	ANKRD26	3	0.0599	0.8217
CTNNA1	ANKRD26	3	0.0095	0.8641
KRT8	ANKRD26	3	0.0813	0.8035
LMNA	ANKRD26	3	0.0103	0.8636
MAPRE3	ANKRD26	3	0.0054	0.8675
ACTB	EXOC7	3	0.3109	0.6238
CTNNA1	EXOC7	3	0.1503	0.7537
KRT8	EXOC7	3	0.3592	0.5435
LMNA	EXOC7	3	0.1614	0.7459
MAPRE3	EXOC7	3	0.2163	0.7090
ACTB	ZC3H4	3	0.1879	0.7279
CTNNA1	ZC3H4	3	0.0160	0.8597
KRT8	ZC3H4	3	0.1466	0.7564
LMNA	ZC3H4	3	0.2652	0.6705
MAPRE3	ZC3H4	3	0.0676	0.8148
ACTB	USP22	3	0.2311	0.6982
CTNNA1	USP22	3	0.0091	0.8643
KRT8	USP22	3	0.2026	0.7184
LMNA	USP22	3	0.3209	0.6085
MAPRE3	USP22	3	0.1388	0.7618
ACTB	USP24	3	0.2646	0.6711
CTNNA1	USP24	3	0.0910	0.7959
KRT8	USP24	3	0.3425	0.5735
LMNA	USP24	3	0.2096	0.7138
MAPRE3	USP24	3	0.1575	0.7487
ACTB	TBC1D2B	3	0.1963	0.7223
CTNNA1	TBC1D2B	3	0.0424	0.8383
KRT8	TBC1D2B	3	0.2655	0.6702
LMNA	TBC1D2B	3	0.0553	0.8261
MAPRE3	TBC1D2B	3	0.1063	0.7844
ACTB	CEP164	3	0.0660	0.8161
KRT8	CEP164	3	0.1367	0.7631
MAPRE3	CEP164	3	0.0131	0.8617
ACTB	FOXJ3	3	0.1294	0.7681
CTNNA1	FOXJ3	3	0.0382	0.8428
KRT8	FOXJ3	3	0.1516	0.7528
LMNA	FOXJ3	3	0.2692	0.6671
MAPRE3	FOXJ3	3	0.0562	0.8252
ACTB	AGTPBP1	3	0.0400	0.8409
CTNNA1	AGTPBP1	3	0.0008	0.8732
KRT8	AGTPBP1	3	0.0810	0.8037
LMNA	AGTPBP1	3	0.0007	0.8734
MAPRE3	AGTPBP1	3	0.0066	0.8664
ACTB	DICER1	3	0.1161	0.7771
CTNNA1	DICER1	3	0.0153	0.8602
KRT8	DICER1	3	0.1552	0.7501
LMNA	DICER1	3	0.0583	0.8232
MAPRE3	DICER1	3	0.0170	0.8591
ACTB	SLC7A11	3	0.2170	0.7083
CTNNA1	SLC7A11	3	0.1090	0.7824
KRT8	SLC7A11	3	0.3128	0.6212
LMNA	SLC7A11	3	0.1611	0.7461
MAPRE3	SLC7A11	3	0.1031	0.7870
ACTB	MAPRE3	3	0.0647	0.8174
CTNNA1	MAPRE3	3	0.7179	0.1314
KRT8	MAPRE3	3	0.0525	0.8287
LMNA	MAPRE3	3	0.0971	0.7914
MAPRE3	MAPRE3	3	1.0000	0.0000
ACTB	HPS5	3	0.0477	0.8334
CTNNA1	HPS5	3	0.0015	0.8720
KRT8	HPS5	3	0.0911	0.7958
LMNA	HPS5	3	0.0037	0.8691
MAPRE3	HPS5	3	0.0134	0.8616
ACTB	SRRM2	3	0.1635	0.7444
CTNNA1	SRRM2	3	0.0142	0.8610
KRT8	SRRM2	3	0.1125	0.7799
LMNA	SRRM2	3	0.2516	0.6821
MAPRE3	SRRM2	3	0.0711	0.8118
ACTB	PA2G4	3	0.1283	0.7687
CTNNA1	PA2G4	3	0.0443	0.8367
KRT8	PA2G4	3	0.1836	0.7304
LMNA	PA2G4	3	0.0888	0.7974
MAPRE3	PA2G4	3	0.0739	0.8095
LMNA	EXO1	3	0.1850	0.7297
KRT8	CDK11A	3	0.0010	0.8728
LMNA	CDK11A	3	0.0178	0.8584
ACTB	BAIAP2	3	0.0777	0.8062
CTNNA1	BAIAP2	3	0.0090	0.8644
KRT8	BAIAP2	3	0.0780	0.8059
LMNA	BAIAP2	3	0.0025	0.8705
MAPRE3	BAIAP2	3	0.0212	0.8563
ACTB	SMC3	3	0.2079	0.7148
CTNNA1	SMC3	3	0.0604	0.8213
KRT8	SMC3	3	0.3059	0.6294
LMNA	SMC3	3	0.1895	0.7269
MAPRE3	SMC3	3	0.1295	0.7680
ACTB	HDAC5	3	0.0325	0.8478
KRT8	HDAC5	3	0.0285	0.8511
LMNA	HDAC5	3	0.0260	0.8530
MAPRE3	HDAC5	3	0.0009	0.8730
ACTB	CHMP2B	3	0.3094	0.6256
CTNNA1	CHMP2B	3	0.0992	0.7897
KRT8	CHMP2B	3	0.2926	0.6439
LMNA	CHMP2B	3	0.1460	0.7569
MAPRE3	CHMP2B	3	0.2116	0.7121
ACTB	SCML2	3	0.1008	0.7886
KRT8	SCML2	3	0.1208	0.7737
LMNA	SCML2	3	0.2606	0.6745
MAPRE3	SCML2	3	0.0765	0.8072
ACTB	ZNF148	3	0.1926	0.7249
CTNNA1	ZNF148	3	0.0721	0.8110
KRT8	ZNF148	3	0.1862	0.7290
LMNA	ZNF148	3	0.2683	0.6678
MAPRE3	ZNF148	3	0.0989	0.7899
ACTB	MTMR6	3	0.2552	0.6789
CTNNA1	MTMR6	3	0.0720	0.8111
KRT8	MTMR6	3	0.2494	0.6840
LMNA	MTMR6	3	0.0827	0.8023
MAPRE3	MTMR6	3	0.1812	0.7321
KRT8	JAG2	3	0.0017	0.8717
LMNA	JAG2	3	0.0619	0.8198
ACTB	NIP7	3	0.2545	0.6796
CTNNA1	NIP7	3	0.0581	0.8234
KRT8	NIP7	3	0.2875	0.6493
LMNA	NIP7	3	0.1689	0.7407
MAPRE3	NIP7	3	0.1497	0.7540
ACTB	GNE	3	0.2821	0.6545
CTNNA1	GNE	3	0.0793	0.8051
KRT8	GNE	3	0.3018	0.6342
LMNA	GNE	3	0.1583	0.7480
MAPRE3	GNE	3	0.1226	0.7725
ACTB	RTRAF	3	0.2562	0.6779
CTNNA1	RTRAF	3	0.0413	0.8395
KRT8	RTRAF	3	0.2737	0.6630
LMNA	RTRAF	3	0.1907	0.7261
MAPRE3	RTRAF	3	0.1543	0.7509
ACTB	RUVBL2	3	0.1685	0.7410
CTNNA1	RUVBL2	3	0.0273	0.8520
KRT8	RUVBL2	3	0.2690	0.6672
LMNA	RUVBL2	3	0.1072	0.7837
MAPRE3	RUVBL2	3	0.0501	0.8309
ACTB	CDYL	3	0.0011	0.8726
KRT8	CDYL	3	0.0044	0.8684
LMNA	CDYL	3	0.0504	0.8307
MAPRE3	CDYL	3	0.0004	0.8740
ACTB	POMP	3	0.0422	0.8386
KRT8	POMP	3	0.0624	0.8194
LMNA	POMP	3	0.0203	0.8569
MAPRE3	POMP	3	0.0004	0.8740
ACTB	FAM50B	3	0.0124	0.8622
KRT8	FAM50B	3	0.0102	0.8637
LMNA	FAM50B	3	0.1199	0.7744
MAPRE3	FAM50B	3	0.0051	0.8678
ACTB	EIF3L	3	0.2063	0.7158
CTNNA1	EIF3L	3	0.0258	0.8531
KRT8	EIF3L	3	0.2263	0.7016
LMNA	EIF3L	3	0.1389	0.7617
MAPRE3	EIF3L	3	0.0469	0.8342
ACTB	PLAA	3	0.2871	0.6497
CTNNA1	PLAA	3	0.1061	0.7846
KRT8	PLAA	3	0.3130	0.6207
LMNA	PLAA	3	0.2432	0.6887
MAPRE3	PLAA	3	0.1836	0.7304
ACTB	RUVBL1	3	0.1547	0.7506
CTNNA1	RUVBL1	3	0.0393	0.8416
KRT8	RUVBL1	3	0.2392	0.6921
LMNA	RUVBL1	3	0.0783	0.8057
MAPRE3	RUVBL1	3	0.0313	0.8488
ACTB	NUDC	3	0.2788	0.6583
CTNNA1	NUDC	3	0.0515	0.8296
KRT8	NUDC	3	0.2715	0.6649
LMNA	NUDC	3	0.1386	0.7620
MAPRE3	NUDC	3	0.1060	0.7846
ACTB	BCS1L	3	0.1140	0.7788
KRT8	BCS1L	3	0.3815	0.5015
LMNA	BCS1L	3	0.0396	0.8413
MAPRE3	BCS1L	3	0.0165	0.8594
ACTB	VDAC3	3	0.2317	0.6978
CTNNA1	VDAC3	3	0.0564	0.8249
KRT8	VDAC3	3	0.2404	0.6909
LMNA	VDAC3	3	0.2254	0.7022
MAPRE3	VDAC3	3	0.1084	0.7828
ACTB	CFL2	3	0.0990	0.7898
CTNNA1	CFL2	3	0.0100	0.8638
KRT8	CFL2	3	0.1481	0.7554
LMNA	CFL2	3	0.0983	0.7904
MAPRE3	CFL2	3	0.0235	0.8548
ACTB	INVS	3	0.0904	0.7963
CTNNA1	INVS	3	0.0080	0.8652
KRT8	INVS	3	0.1056	0.7850
LMNA	INVS	3	0.1179	0.7756
MAPRE3	INVS	3	0.0707	0.8121
ACTB	FARSA	3	0.1812	0.7321
CTNNA1	FARSA	3	0.0416	0.8392
KRT8	FARSA	3	0.2636	0.6719
LMNA	FARSA	3	0.1258	0.7703
MAPRE3	FARSA	3	0.0721	0.8110
ACTB	ASF1A	3	0.1235	0.7719
CTNNA1	ASF1A	3	0.0529	0.8284
KRT8	ASF1A	3	0.1808	0.7325
LMNA	ASF1A	3	0.1723	0.7385
MAPRE3	ASF1A	3	0.0216	0.8560
ACTB	DRG1	3	0.1446	0.7578
CTNNA1	DRG1	3	0.0489	0.8322
KRT8	DRG1	3	0.1820	0.7316
LMNA	DRG1	3	0.0689	0.8137
MAPRE3	DRG1	3	0.0719	0.8111
ACTB	NCKAP1	3	0.2413	0.6902
CTNNA1	NCKAP1	3	0.1262	0.7700
KRT8	NCKAP1	3	0.2799	0.6571
LMNA	NCKAP1	3	0.2227	0.7043
MAPRE3	NCKAP1	3	0.0662	0.8160
ACTB	EXOC6B	3	0.0560	0.8253
CTNNA1	EXOC6B	3	0.0000	0.8752
KRT8	EXOC6B	3	0.0682	0.8142
LMNA	EXOC6B	3	0.0059	0.8671
MAPRE3	EXOC6B	3	0.0074	0.8657
ACTB	PALM2AKAP2	3	0.3966	0.4699
CTNNA1	PALM2AKAP2	3	0.1233	0.7720
KRT8	PALM2AKAP2	3	0.2182	0.7075
LMNA	PALM2AKAP2	3	0.1001	0.7891
MAPRE3	PALM2AKAP2	3	0.1350	0.7642
ACTB	SSX2IP	3	0.0482	0.8328
CTNNA1	SSX2IP	3	0.0076	0.8656
KRT8	SSX2IP	3	0.1234	0.7720
LMNA	SSX2IP	3	0.0053	0.8676
MAPRE3	SSX2IP	3	0.0561	0.8252
ACTB	ICE1	3	0.2242	0.7032
CTNNA1	ICE1	3	0.0673	0.8151
KRT8	ICE1	3	0.2701	0.6663
LMNA	ICE1	3	0.2618	0.6733
MAPRE3	ICE1	3	0.1805	0.7326
ACTB	DNAJC16	3	0.0627	0.8191
KRT8	DNAJC16	3	0.1266	0.7698
LMNA	DNAJC16	3	0.3223	0.6066
MAPRE3	DNAJC16	3	0.0287	0.8509
ACTB	SBNO2	3	0.1462	0.7568
CTNNA1	SBNO2	3	0.0418	0.8390
KRT8	SBNO2	3	0.1530	0.7518
LMNA	SBNO2	3	0.2881	0.6486
MAPRE3	SBNO2	3	0.1189	0.7750
ACTB	STK38L	3	0.0585	0.8229
CTNNA1	STK38L	3	0.0008	0.8732
KRT8	STK38L	3	0.0918	0.7953
LMNA	STK38L	3	0.0210	0.8565
MAPRE3	STK38L	3	0.0172	0.8589
ACTB	PLEKHA6	3	0.3674	0.5255
CTNNA1	PLEKHA6	3	0.3289	0.5976
KRT8	PLEKHA6	3	0.3785	0.5065
LMNA	PLEKHA6	3	0.0850	0.8005
MAPRE3	PLEKHA6	3	0.3771	0.5097
ACTB	FNDC3A	3	0.3208	0.6087
CTNNA1	FNDC3A	3	0.1207	0.7737
KRT8	FNDC3A	3	0.2032	0.7180
LMNA	FNDC3A	3	0.1431	0.7589
MAPRE3	FNDC3A	3	0.1321	0.7663
ACTB	NISCH	3	0.2741	0.6626
CTNNA1	NISCH	3	0.1434	0.7587
KRT8	NISCH	3	0.3305	0.5951
LMNA	NISCH	3	0.2138	0.7108
MAPRE3	NISCH	3	0.1508	0.7534
ACTB	PIKFYVE	3	0.2836	0.6531
CTNNA1	PIKFYVE	3	0.1219	0.7729
KRT8	PIKFYVE	3	0.4430	0.3881
LMNA	PIKFYVE	3	0.1676	0.7416
MAPRE3	PIKFYVE	3	0.1908	0.7260
ACTB	AMOTL2	3	0.0158	0.8598
KRT8	AMOTL2	3	0.0986	0.7902
ACTB	ZBTB1	3	0.0073	0.8658
KRT8	ZBTB1	3	0.0209	0.8565
LMNA	ZBTB1	3	0.0777	0.8062
MAPRE3	ZBTB1	3	0.0118	0.8626
ACTB	SIK3	3	0.0968	0.7917
KRT8	SIK3	3	0.1527	0.7520
LMNA	SIK3	3	0.0125	0.8621
MAPRE3	SIK3	3	0.0034	0.8695
ACTB	KDM2A	3	0.2036	0.7177
CTNNA1	KDM2A	3	0.0448	0.8362
KRT8	KDM2A	3	0.2282	0.7003
LMNA	KDM2A	3	0.2910	0.6458
MAPRE3	KDM2A	3	0.1154	0.7778
ACTB	DIS3	3	0.1589	0.7477
CTNNA1	DIS3	3	0.0238	0.8546
KRT8	DIS3	3	0.2143	0.7104
LMNA	DIS3	3	0.2071	0.7155
MAPRE3	DIS3	3	0.0518	0.8293
ACTB	TRAPPC8	3	0.2546	0.6795
CTNNA1	TRAPPC8	3	0.0689	0.8137
KRT8	TRAPPC8	3	0.2781	0.6591
LMNA	TRAPPC8	3	0.0898	0.7967
MAPRE3	TRAPPC8	3	0.1276	0.7692
ACTB	LRCH1	3	0.3224	0.6065
CTNNA1	LRCH1	3	0.1053	0.7852
KRT8	LRCH1	3	0.2960	0.6404
LMNA	LRCH1	3	0.1917	0.7255
MAPRE3	LRCH1	3	0.2117	0.7121
ACTB	RCL1	3	0.1328	0.7658
CTNNA1	RCL1	3	0.0125	0.8621
KRT8	RCL1	3	0.1968	0.7220
LMNA	RCL1	3	0.1225	0.7726
MAPRE3	RCL1	3	0.0482	0.8328
ACTB	GSTK1	3	0.1654	0.7431
CTNNA1	GSTK1	3	0.0247	0.8539
KRT8	GSTK1	3	0.2111	0.7126
LMNA	GSTK1	3	0.1350	0.7642
MAPRE3	GSTK1	3	0.0541	0.8273
ACTB	DDX52	3	0.1618	0.7456
CTNNA1	DDX52	3	0.0348	0.8459
KRT8	DDX52	3	0.2130	0.7113
LMNA	DDX52	3	0.2094	0.7139
MAPRE3	DDX52	3	0.1035	0.7866
ACTB	MRPS17	3	0.0842	0.8011
CTNNA1	MRPS17	3	0.0398	0.8411
KRT8	MRPS17	3	0.4515	0.3767
LMNA	MRPS17	3	0.0895	0.7969
MAPRE3	MRPS17	3	0.0355	0.8452
ACTB	POLDIP2	3	0.1819	0.7316
CTNNA1	POLDIP2	3	0.0563	0.8250
KRT8	POLDIP2	3	0.3570	0.5465
LMNA	POLDIP2	3	0.1326	0.7659
MAPRE3	POLDIP2	3	0.0659	0.8162
ACTB	AP3M1	3	0.2459	0.6867
CTNNA1	AP3M1	3	0.0570	0.8242
KRT8	AP3M1	3	0.2945	0.6420
LMNA	AP3M1	3	0.2257	0.7020
MAPRE3	AP3M1	3	0.1344	0.7646
ACTB	GDA	3	0.0804	0.8042
CTNNA1	GDA	3	0.0404	0.8404
KRT8	GDA	3	0.1020	0.7878
LMNA	GDA	3	0.0620	0.8197
MAPRE3	GDA	3	0.0267	0.8524
ACTB	LEMD3	3	0.1178	0.7757
CTNNA1	LEMD3	3	0.0727	0.8104
KRT8	LEMD3	3	0.1168	0.7765
LMNA	LEMD3	3	0.5550	0.2419
MAPRE3	LEMD3	3	0.1012	0.7884
ACTB	CARHSP1	3	0.0719	0.8111
CTNNA1	CARHSP1	3	0.0335	0.8469
KRT8	CARHSP1	3	0.0785	0.8056
LMNA	CARHSP1	3	0.0715	0.8115
MAPRE3	CARHSP1	3	0.0251	0.8536
ACTB	THRAP3	3	0.1600	0.7470
CTNNA1	THRAP3	3	0.0218	0.8559
KRT8	THRAP3	3	0.1229	0.7723
LMNA	THRAP3	3	0.2418	0.6898
MAPRE3	THRAP3	3	0.1897	0.7267
ACTB	WBP11	3	0.0047	0.8681
CTNNA1	WBP11	3	0.0000	0.8752
KRT8	WBP11	3	0.0028	0.8702
LMNA	WBP11	3	0.0486	0.8324
MAPRE3	WBP11	3	0.0005	0.8738
ACTB	MED16	3	0.1043	0.7859
CTNNA1	MED16	3	0.0061	0.8669
KRT8	MED16	3	0.1555	0.7500
LMNA	MED16	3	0.1537	0.7513
MAPRE3	MED16	3	0.0156	0.8600
ACTB	NOP58	3	0.0993	0.7896
CTNNA1	NOP58	3	0.0227	0.8553
KRT8	NOP58	3	0.1475	0.7558
LMNA	NOP58	3	0.1379	0.7623
MAPRE3	NOP58	3	0.0395	0.8413
ACTB	GIT1	3	0.2872	0.6496
CTNNA1	GIT1	3	0.1159	0.7773
KRT8	GIT1	3	0.3104	0.6245
LMNA	GIT1	3	0.1462	0.7568
MAPRE3	GIT1	3	0.2051	0.7168
ACTB	ZNF281	3	0.1945	0.7236
CTNNA1	ZNF281	3	0.0528	0.8285
KRT8	ZNF281	3	0.2039	0.7174
LMNA	ZNF281	3	0.2893	0.6475
MAPRE3	ZNF281	3	0.1520	0.7524
ACTB	ARL2BP	3	0.0437	0.8372
CTNNA1	ARL2BP	3	0.0556	0.8258
KRT8	ARL2BP	3	0.0680	0.8144
LMNA	ARL2BP	3	0.0931	0.7944
MAPRE3	ARL2BP	3	0.0418	0.8390
ACTB	SUGT1	3	0.2223	0.7046
CTNNA1	SUGT1	3	0.0402	0.8406
KRT8	SUGT1	3	0.2720	0.6644
LMNA	SUGT1	3	0.2156	0.7094
MAPRE3	SUGT1	3	0.0793	0.8051
ACTB	MTO1	3	0.1955	0.7228
CTNNA1	MTO1	3	0.0231	0.8551
KRT8	MTO1	3	0.3276	0.5993
LMNA	MTO1	3	0.1643	0.7438
MAPRE3	MTO1	3	0.1186	0.7753
ACTB	YARS2	3	0.1977	0.7213
CTNNA1	YARS2	3	0.0506	0.8305
KRT8	YARS2	3	0.2075	0.7151
LMNA	YARS2	3	0.1566	0.7493
MAPRE3	YARS2	3	0.0352	0.8455
ACTB	COQ6	3	0.1649	0.7435
CTNNA1	COQ6	3	0.0808	0.8039
KRT8	COQ6	3	0.2946	0.6418
LMNA	COQ6	3	0.0735	0.8098
MAPRE3	COQ6	3	0.0329	0.8474
ACTB	ACOT9	3	0.1982	0.7209
CTNNA1	ACOT9	3	0.0415	0.8393
KRT8	ACOT9	3	0.3552	0.5498
LMNA	ACOT9	3	0.2547	0.6794
MAPRE3	ACOT9	3	0.0700	0.8127
ACTB	AAR2	3	0.2424	0.6894
CTNNA1	AAR2	3	0.0694	0.8133
KRT8	AAR2	3	0.2909	0.6459
LMNA	AAR2	3	0.1730	0.7381
MAPRE3	AAR2	3	0.1648	0.7436
ACTB	NOSIP	3	0.1485	0.7549
CTNNA1	NOSIP	3	0.0472	0.8340
KRT8	NOSIP	3	0.1474	0.7559
LMNA	NOSIP	3	0.2933	0.6431
MAPRE3	NOSIP	3	0.0759	0.8076
ACTB	MEMO1	3	0.0898	0.7967
CTNNA1	MEMO1	3	0.0349	0.8457
KRT8	MEMO1	3	0.1661	0.7426
LMNA	MEMO1	3	0.0736	0.8097
MAPRE3	MEMO1	3	0.0272	0.8521
ACTB	SH3GLB1	3	0.1288	0.7685
CTNNA1	SH3GLB1	3	0.0685	0.8140
KRT8	SH3GLB1	3	0.2112	0.7125
LMNA	SH3GLB1	3	0.0711	0.8118
MAPRE3	SH3GLB1	3	0.0488	0.8323
ACTB	CAB39	3	0.0779	0.8060
CTNNA1	CAB39	3	0.0030	0.8700
KRT8	CAB39	3	0.0754	0.8081
LMNA	CAB39	3	0.0264	0.8526
MAPRE3	CAB39	3	0.0053	0.8676
ACTB	LUC7L2	3	0.0702	0.8125
CTNNA1	LUC7L2	3	0.0304	0.8495
KRT8	LUC7L2	3	0.0892	0.7971
LMNA	LUC7L2	3	0.0790	0.8053
MAPRE3	LUC7L2	3	0.0228	0.8553
ACTB	MRPS2	3	0.1676	0.7416
CTNNA1	MRPS2	3	0.0499	0.8312
KRT8	MRPS2	3	0.2817	0.6551
LMNA	MRPS2	3	0.1202	0.7741
MAPRE3	MRPS2	3	0.0428	0.8380
ACTB	MOB4	3	0.0432	0.8376
KRT8	MOB4	3	0.0539	0.8274
LMNA	MOB4	3	0.0142	0.8610
ACTB	RRP7A	3	0.2128	0.7114
CTNNA1	RRP7A	3	0.0430	0.8378
KRT8	RRP7A	3	0.2329	0.6969
LMNA	RRP7A	3	0.2558	0.6783
MAPRE3	RRP7A	3	0.1122	0.7802
ACTB	SBDS	3	0.0915	0.7956
CTNNA1	SBDS	3	0.0376	0.8434
KRT8	SBDS	3	0.1078	0.7833
LMNA	SBDS	3	0.1039	0.7863
MAPRE3	SBDS	3	0.0507	0.8304
KRT8	EXOSC1	3	0.1348	0.7643
ACTB	SF3B6	3	0.2052	0.7167
CTNNA1	SF3B6	3	0.0442	0.8368
KRT8	SF3B6	3	0.2216	0.7051
LMNA	SF3B6	3	0.2378	0.6930
MAPRE3	SF3B6	3	0.0718	0.8112
ACTB	RRP15	3	0.1300	0.7676
CTNNA1	RRP15	3	0.0314	0.8487
KRT8	RRP15	3	0.1507	0.7534
LMNA	RRP15	3	0.3299	0.5962
MAPRE3	RRP15	3	0.0977	0.7908
ACTB	NOP16	3	0.1512	0.7531
CTNNA1	NOP16	3	0.0876	0.7985
KRT8	NOP16	3	0.2479	0.6851
LMNA	NOP16	3	0.1580	0.7483
MAPRE3	NOP16	3	0.1755	0.7364
ACTB	PPIL1	3	0.0922	0.7951
CTNNA1	PPIL1	3	0.0683	0.8142
KRT8	PPIL1	3	0.1010	0.7885
LMNA	PPIL1	3	0.0858	0.7999
MAPRE3	PPIL1	3	0.0448	0.8362
ACTB	UFC1	3	0.0892	0.7971
CTNNA1	UFC1	3	0.0504	0.8307
KRT8	UFC1	3	0.0967	0.7918
LMNA	UFC1	3	0.0848	0.8007
MAPRE3	UFC1	3	0.0452	0.8358
ACTB	CIAO2B	3	0.0619	0.8198
KRT8	CIAO2B	3	0.1332	0.7655
LMNA	CIAO2B	3	0.0390	0.8419
ACTB	MSRB2	3	0.0457	0.8354
CTNNA1	MSRB2	3	0.0393	0.8416
KRT8	MSRB2	3	0.0594	0.8222
LMNA	MSRB2	3	0.0466	0.8345
MAPRE3	MSRB2	3	0.0110	0.8631
ACTB	AK6	3	0.1088	0.7825
CTNNA1	AK6	3	0.0476	0.8336
KRT8	AK6	3	0.1400	0.7609
LMNA	AK6	3	0.0509	0.8302
MAPRE3	AK6	3	0.0117	0.8627
ACTB	MRPS23	3	0.2243	0.7031
CTNNA1	MRPS23	3	0.0335	0.8469
KRT8	MRPS23	3	0.3353	0.5857
LMNA	MRPS23	3	0.1854	0.7295
MAPRE3	MRPS23	3	0.1545	0.7507
ACTB	BOLA1	3	0.0733	0.8099
CTNNA1	BOLA1	3	0.0743	0.8092
KRT8	BOLA1	3	0.1424	0.7594
LMNA	BOLA1	3	0.2809	0.6559
MAPRE3	BOLA1	3	0.0999	0.7892
ACTB	PTRH2	3	0.1023	0.7876
CTNNA1	PTRH2	3	0.0442	0.8368
KRT8	PTRH2	3	0.1414	0.7600
LMNA	PTRH2	3	0.0925	0.7949
MAPRE3	PTRH2	3	0.0382	0.8428
ACTB	STRAP	3	0.1377	0.7624
CTNNA1	STRAP	3	0.0317	0.8484
KRT8	STRAP	3	0.1707	0.7396
LMNA	STRAP	3	0.0771	0.8066
MAPRE3	STRAP	3	0.0292	0.8505
ACTB	RTCB	3	0.2634	0.6721
CTNNA1	RTCB	3	0.0592	0.8224
KRT8	RTCB	3	0.2647	0.6710
LMNA	RTCB	3	0.1034	0.7867
MAPRE3	RTCB	3	0.0869	0.7990
ACTB	FBXO7	3	0.2155	0.7095
CTNNA1	FBXO7	3	0.0553	0.8261
KRT8	FBXO7	3	0.2649	0.6708
LMNA	FBXO7	3	0.1628	0.7449
MAPRE3	FBXO7	3	0.0613	0.8204
ACTB	RHBDD3	3	0.0053	0.8676
KRT8	RHBDD3	3	0.0124	0.8622
LMNA	RHBDD3	3	0.0879	0.7982
ACTB	RABGAP1	3	0.3180	0.6137
CTNNA1	RABGAP1	3	0.1702	0.7399
KRT8	RABGAP1	3	0.3580	0.5450
LMNA	RABGAP1	3	0.1770	0.7353
MAPRE3	RABGAP1	3	0.2326	0.6972
ACTB	TSC22D4	3	0.2596	0.6752
CTNNA1	TSC22D4	3	0.0938	0.7939
KRT8	TSC22D4	3	0.2799	0.6571
LMNA	TSC22D4	3	0.1399	0.7611
MAPRE3	TSC22D4	3	0.1629	0.7448
ACTB	WNK2	3	0.1461	0.7569
CTNNA1	WNK2	3	0.0447	0.8363
KRT8	WNK2	3	0.1758	0.7362
LMNA	WNK2	3	0.0058	0.8671
MAPRE3	WNK2	3	0.0541	0.8273
ACTB	NOC2L	3	0.2537	0.6805
CTNNA1	NOC2L	3	0.0952	0.7928
KRT8	NOC2L	3	0.2793	0.6576
LMNA	NOC2L	3	0.3360	0.5844
MAPRE3	NOC2L	3	0.1482	0.7552
ACTB	RPL36	3	0.1256	0.7704
CTNNA1	RPL36	3	0.0467	0.8344
KRT8	RPL36	3	0.1614	0.7459
LMNA	RPL36	3	0.1109	0.7811
MAPRE3	RPL36	3	0.0652	0.8169
ACTB	SAMHD1	3	0.1136	0.7790
CTNNA1	SAMHD1	3	0.0461	0.8350
KRT8	SAMHD1	3	0.1632	0.7446
LMNA	SAMHD1	3	0.1841	0.7301
MAPRE3	SAMHD1	3	0.0253	0.8535
ACTB	C2CD2	3	0.1793	0.7334
CTNNA1	C2CD2	3	0.0137	0.8614
KRT8	C2CD2	3	0.2278	0.7005
LMNA	C2CD2	3	0.0697	0.8130
MAPRE3	C2CD2	3	0.0461	0.8350
ACTB	PKP3	3	0.2623	0.6730
CTNNA1	PKP3	3	0.0513	0.8297
KRT8	PKP3	3	0.2330	0.6967
LMNA	PKP3	3	0.0471	0.8340
MAPRE3	PKP3	3	0.1350	0.7642
ACTB	KNSTRN	3	0.1487	0.7548
CTNNA1	KNSTRN	3	0.0655	0.8166
KRT8	KNSTRN	3	0.2503	0.6833
LMNA	KNSTRN	3	0.1045	0.7858
MAPRE3	KNSTRN	3	0.5201	0.2715
ACTB	HBS1L	3	0.3104	0.6245
CTNNA1	HBS1L	3	0.1391	0.7615
KRT8	HBS1L	3	0.3436	0.5710
LMNA	HBS1L	3	0.2049	0.7169
MAPRE3	HBS1L	3	0.2469	0.6859
ACTB	PRKAB1	3	0.0632	0.8186
KRT8	PRKAB1	3	0.1193	0.7747
LMNA	PRKAB1	3	0.0062	0.8667
MAPRE3	PRKAB1	3	0.0068	0.8662
ACTB	WDR45	3	0.2811	0.6555
CTNNA1	WDR45	3	0.1037	0.7864
KRT8	WDR45	3	0.3403	0.5775
LMNA	WDR45	3	0.1539	0.7511
MAPRE3	WDR45	3	0.1662	0.7425
ACTB	DMXL1	3	0.2796	0.6573
CTNNA1	DMXL1	3	0.1143	0.7786
KRT8	DMXL1	3	0.3249	0.6036
LMNA	DMXL1	3	0.1540	0.7511
MAPRE3	DMXL1	3	0.1878	0.7280
ACTB	TLN1	3	0.3362	0.5841
CTNNA1	TLN1	3	0.1662	0.7425
KRT8	TLN1	3	0.3380	0.5810
LMNA	TLN1	3	0.1608	0.7463
MAPRE3	TLN1	3	0.2422	0.6895
ACTB	TRRAP	3	0.0427	0.8381
CTNNA1	TRRAP	3	0.0006	0.8736
KRT8	TRRAP	3	0.0794	0.8050
LMNA	TRRAP	3	0.0401	0.8407
MAPRE3	TRRAP	3	0.0042	0.8687
ACTB	RAD54L2	3	0.0100	0.8638
KRT8	RAD54L2	3	0.0286	0.8510
LMNA	RAD54L2	3	0.0882	0.7980
MAPRE3	RAD54L2	3	0.0024	0.8706
ACTB	MTCL1	3	0.0554	0.8260
CTNNA1	MTCL1	3	0.0099	0.8638
KRT8	MTCL1	3	0.1130	0.7795
LMNA	MTCL1	3	0.0031	0.8699
MAPRE3	MTCL1	3	0.0585	0.8229
ACTB	DCAF1	3	0.2829	0.6537
CTNNA1	DCAF1	3	0.1142	0.7787
KRT8	DCAF1	3	0.3205	0.6096
LMNA	DCAF1	3	0.2600	0.6749
MAPRE3	DCAF1	3	0.1767	0.7355
ACTB	KDM3A	3	0.1335	0.7653
CTNNA1	KDM3A	3	0.0172	0.8589
KRT8	KDM3A	3	0.1306	0.7672
LMNA	KDM3A	3	0.2392	0.6921
MAPRE3	KDM3A	3	0.0577	0.8237
ACTB	TCAF1	3	0.1858	0.7292
CTNNA1	TCAF1	3	0.0160	0.8597
KRT8	TCAF1	3	0.2858	0.6511
LMNA	TCAF1	3	0.1268	0.7696
MAPRE3	TCAF1	3	0.0836	0.8016
ACTB	RBM19	3	0.2140	0.7107
CTNNA1	RBM19	3	0.0472	0.8340
KRT8	RBM19	3	0.2169	0.7084
LMNA	RBM19	3	0.2901	0.6468
MAPRE3	RBM19	3	0.2267	0.7013
ACTB	DAAM1	3	0.1582	0.7482
CTNNA1	DAAM1	3	0.0082	0.8651
KRT8	DAAM1	3	0.0680	0.8144
MAPRE3	DAAM1	3	0.0131	0.8617
ACTB	HECTD4	3	0.0412	0.8396
CTNNA1	HECTD4	3	0.0002	0.8745
KRT8	HECTD4	3	0.1031	0.7870
MAPRE3	HECTD4	3	0.0315	0.8486
ACTB	WASHC2C	3	0.2950	0.6413
CTNNA1	WASHC2C	3	0.1436	0.7585
KRT8	WASHC2C	3	0.2854	0.6514
LMNA	WASHC2C	3	0.1204	0.7740
MAPRE3	WASHC2C	3	0.2026	0.7184
ACTB	ZNF451	3	0.1205	0.7740
KRT8	ZNF451	3	0.1535	0.7514
LMNA	ZNF451	3	0.2670	0.6690
MAPRE3	ZNF451	3	0.0340	0.8465
ACTB	WDR7	3	0.2453	0.6873
CTNNA1	WDR7	3	0.0731	0.8101
KRT8	WDR7	3	0.3546	0.5511
LMNA	WDR7	3	0.1551	0.7502
MAPRE3	WDR7	3	0.2437	0.6883
ACTB	USP15	3	0.2704	0.6660
CTNNA1	USP15	3	0.0767	0.8071
KRT8	USP15	3	0.3274	0.6001
LMNA	USP15	3	0.2436	0.6884
MAPRE3	USP15	3	0.1610	0.7461
ACTB	FARP1	3	0.0571	0.8241
CTNNA1	FARP1	3	0.0079	0.8653
KRT8	FARP1	3	0.1216	0.7732
LMNA	FARP1	3	0.0405	0.8403
MAPRE3	FARP1	3	0.0065	0.8665
ACTB	MARF1	3	0.0409	0.8399
CTNNA1	MARF1	3	0.0004	0.8740
KRT8	MARF1	3	0.0652	0.8169
LMNA	MARF1	3	0.0059	0.8671
MAPRE3	MARF1	3	0.0209	0.8565
ACTB	CEP170B	3	0.0548	0.8266
CTNNA1	CEP170B	3	0.0071	0.8660
KRT8	CEP170B	3	0.0750	0.8085
LMNA	CEP170B	3	0.0008	0.8732
MAPRE3	CEP170B	3	0.0897	0.7968
ACTB	TLN2	3	0.2977	0.6384
CTNNA1	TLN2	3	0.0906	0.7961
KRT8	TLN2	3	0.1920	0.7253
LMNA	TLN2	3	0.0649	0.8172
MAPRE3	TLN2	3	0.1107	0.7813
ACTB	RAPGEF2	3	0.0495	0.8316
CTNNA1	RAPGEF2	3	0.0027	0.8703
KRT8	RAPGEF2	3	0.0648	0.8173
LMNA	RAPGEF2	3	0.0049	0.8679
MAPRE3	RAPGEF2	3	0.0159	0.8598
ACTB	IRS2	3	0.0556	0.8258
CTNNA1	IRS2	3	0.0020	0.8713
KRT8	IRS2	3	0.0704	0.8123
LMNA	IRS2	3	0.0045	0.8683
MAPRE3	IRS2	3	0.0082	0.8651
ACTB	MYO5A	3	0.3644	0.5332
CTNNA1	MYO5A	3	0.2227	0.7043
KRT8	MYO5A	3	0.3820	0.5001
LMNA	MYO5A	3	0.2207	0.7058
MAPRE3	MYO5A	3	0.2635	0.6720
ACTB	CRYBG1	3	0.2560	0.6781
CTNNA1	CRYBG1	3	0.1262	0.7700
KRT8	CRYBG1	3	0.3422	0.5739
LMNA	CRYBG1	3	0.1005	0.7889
MAPRE3	CRYBG1	3	0.1902	0.7264
ACTB	TBL2	3	0.1592	0.7475
CTNNA1	TBL2	3	0.0358	0.8450
KRT8	TBL2	3	0.1654	0.7431
LMNA	TBL2	3	0.1313	0.7668
MAPRE3	TBL2	3	0.0705	0.8122
ACTB	WIPI2	3	0.3445	0.5695
CTNNA1	WIPI2	3	0.1638	0.7441
KRT8	WIPI2	3	0.3703	0.5194
LMNA	WIPI2	3	0.2668	0.6692
MAPRE3	WIPI2	3	0.2233	0.7039
ACTB	TELO2	3	0.2500	0.6836
CTNNA1	TELO2	3	0.0696	0.8131
KRT8	TELO2	3	0.3147	0.6182
LMNA	TELO2	3	0.2520	0.6818
MAPRE3	TELO2	3	0.1532	0.7516
ACTB	LAS1L	3	0.2818	0.6549
CTNNA1	LAS1L	3	0.1024	0.7875
KRT8	LAS1L	3	0.3132	0.6204
LMNA	LAS1L	3	0.2707	0.6657
MAPRE3	LAS1L	3	0.2142	0.7105
ACTB	AFG3L2	3	0.1166	0.7766
CTNNA1	AFG3L2	3	0.0377	0.8433
KRT8	AFG3L2	3	0.2186	0.7072
LMNA	AFG3L2	3	0.1355	0.7639
MAPRE3	AFG3L2	3	0.0872	0.7988
ACTB	ARIH1	3	0.0634	0.8184
CTNNA1	ARIH1	3	0.0574	0.8239
KRT8	ARIH1	3	0.0459	0.8351
LMNA	ARIH1	3	0.0527	0.8285
MAPRE3	ARIH1	3	0.0276	0.8518
ACTB	LSM5	3	0.0810	0.8037
KRT8	LSM5	3	0.1281	0.7689
LMNA	LSM5	3	0.1033	0.7868
ACTB	LSM4	3	0.1902	0.7264
CTNNA1	LSM4	3	0.0084	0.8649
KRT8	LSM4	3	0.2351	0.6949
LMNA	LSM4	3	0.1752	0.7367
MAPRE3	LSM4	3	0.1643	0.7438
ACTB	RNF114	3	0.1194	0.7746
CTNNA1	RNF114	3	0.0682	0.8142
KRT8	RNF114	3	0.0971	0.7914
LMNA	RNF114	3	0.1074	0.7836
MAPRE3	RNF114	3	0.0308	0.8492
ACTB	SAMM50	3	0.1874	0.7282
CTNNA1	SAMM50	3	0.0529	0.8284
KRT8	SAMM50	3	0.3633	0.5354
LMNA	SAMM50	3	0.1343	0.7647
MAPRE3	SAMM50	3	0.1208	0.7737
ACTB	PRRC2C	3	0.2722	0.6642
CTNNA1	PRRC2C	3	0.1362	0.7634
KRT8	PRRC2C	3	0.2710	0.6655
LMNA	PRRC2C	3	0.1267	0.7697
MAPRE3	PRRC2C	3	0.2741	0.6626
ACTB	CSDC2	3	0.0423	0.8385
CTNNA1	CSDC2	3	0.0232	0.8551
KRT8	CSDC2	3	0.1279	0.7690
LMNA	CSDC2	3	0.0417	0.8391
ACTB	LRRC42	3	0.0951	0.7929
CTNNA1	LRRC42	3	0.0314	0.8487
KRT8	LRRC42	3	0.1381	0.7622
LMNA	LRRC42	3	0.2684	0.6677
MAPRE3	LRRC42	3	0.0722	0.8109
ACTB	PPME1	3	0.2076	0.7150
CTNNA1	PPME1	3	0.0348	0.8459
KRT8	PPME1	3	0.2093	0.7139
LMNA	PPME1	3	0.2107	0.7128
MAPRE3	PPME1	3	0.0839	0.8013
ACTB	ASB3	3	0.1525	0.7521
CTNNA1	ASB3	3	0.0096	0.8640
KRT8	ASB3	3	0.2699	0.6665
LMNA	ASB3	3	0.2566	0.6775
MAPRE3	ASB3	3	0.0410	0.8398
ACTB	KCTD3	3	0.0770	0.8067
CTNNA1	KCTD3	3	0.0063	0.8666
KRT8	KCTD3	3	0.0803	0.8043
LMNA	KCTD3	3	0.0150	0.8605
MAPRE3	KCTD3	3	0.0341	0.8464
ACTB	NUB1	3	0.1963	0.7223
CTNNA1	NUB1	3	0.0144	0.8608
KRT8	NUB1	3	0.2181	0.7076
LMNA	NUB1	3	0.2128	0.7114
MAPRE3	NUB1	3	0.0609	0.8208
ACTB	YTHDF2	3	0.2394	0.6919
CTNNA1	YTHDF2	3	0.0819	0.8029
KRT8	YTHDF2	3	0.2987	0.6376
LMNA	YTHDF2	3	0.1246	0.7711
MAPRE3	YTHDF2	3	0.1794	0.7334
ACTB	CTDP1	3	0.1241	0.7714
CTNNA1	CTDP1	3	0.0079	0.8653
KRT8	CTDP1	3	0.0801	0.8045
LMNA	CTDP1	3	0.1981	0.7211
MAPRE3	CTDP1	3	0.0955	0.7926
ACTB	PAXBP1	3	0.0360	0.8448
KRT8	PAXBP1	3	0.0581	0.8234
LMNA	PAXBP1	3	0.0522	0.8290
MAPRE3	PAXBP1	3	0.0015	0.8720
ACTB	NME7	3	0.2723	0.6641
CTNNA1	NME7	3	0.0293	0.8504
KRT8	NME7	3	0.0545	0.8269
LMNA	NME7	3	0.0605	0.8212
ACTB	SUPT16H	3	0.1536	0.7513
CTNNA1	SUPT16H	3	0.0390	0.8419
KRT8	SUPT16H	3	0.2344	0.6954
LMNA	SUPT16H	3	0.2766	0.6608
MAPRE3	SUPT16H	3	0.0890	0.7973
ACTB	UTP18	3	0.1258	0.7703
CTNNA1	UTP18	3	0.0164	0.8595
KRT8	UTP18	3	0.1467	0.7563
LMNA	UTP18	3	0.1666	0.7422
MAPRE3	UTP18	3	0.0586	0.8229
ACTB	UCHL5	3	0.1240	0.7715
CTNNA1	UCHL5	3	0.0328	0.8475
KRT8	UCHL5	3	0.1205	0.7740
LMNA	UCHL5	3	0.0681	0.8143
MAPRE3	UCHL5	3	0.0317	0.8484
ACTB	CD2AP	3	0.3268	0.6007
CTNNA1	CD2AP	3	0.1516	0.7528
KRT8	CD2AP	3	0.2758	0.6614
LMNA	CD2AP	3	0.1140	0.7788
MAPRE3	CD2AP	3	0.2299	0.6991
ACTB	TNPO3	3	0.1927	0.7248
CTNNA1	TNPO3	3	0.0312	0.8489
KRT8	TNPO3	3	0.3169	0.6151
LMNA	TNPO3	3	0.1465	0.7565
MAPRE3	TNPO3	3	0.0923	0.7951
ACTB	SRPRB	3	0.1539	0.7511
CTNNA1	SRPRB	3	0.0276	0.8518
KRT8	SRPRB	3	0.1927	0.7248
LMNA	SRPRB	3	0.1708	0.7395
MAPRE3	SRPRB	3	0.0597	0.8219
ACTB	CERT1	3	0.0401	0.8407
CTNNA1	CERT1	3	0.0011	0.8726
KRT8	CERT1	3	0.0367	0.8442
LMNA	CERT1	3	0.0413	0.8395
MAPRE3	CERT1	3	0.0051	0.8678
ACTB	GTF3C5	3	0.2395	0.6917
CTNNA1	GTF3C5	3	0.0609	0.8208
KRT8	GTF3C5	3	0.2988	0.6375
LMNA	GTF3C5	3	0.2876	0.6492
MAPRE3	GTF3C5	3	0.1889	0.7272
ACTB	GTF3C3	3	0.2149	0.7100
CTNNA1	GTF3C3	3	0.0424	0.8383
KRT8	GTF3C3	3	0.2777	0.6596
LMNA	GTF3C3	3	0.2495	0.6840
MAPRE3	GTF3C3	3	0.1242	0.7714
ACTB	CDC42BPB	3	0.3954	0.4719
CTNNA1	CDC42BPB	3	0.1424	0.7594
KRT8	CDC42BPB	3	0.3223	0.6066
LMNA	CDC42BPB	3	0.2183	0.7074
MAPRE3	CDC42BPB	3	0.2108	0.7128
ACTB	USP16	3	0.0498	0.8313
CTNNA1	USP16	3	0.0016	0.8718
KRT8	USP16	3	0.0536	0.8277
LMNA	USP16	3	0.0025	0.8705
MAPRE3	USP16	3	0.0127	0.8620
ACTB	SNX14	3	0.2237	0.7035
CTNNA1	SNX14	3	0.1152	0.7780
KRT8	SNX14	3	0.2413	0.6902
LMNA	SNX14	3	0.0830	0.8021
MAPRE3	SNX14	3	0.3022	0.6336
ACTB	SNX13	3	0.0268	0.8523
KRT8	SNX13	3	0.0767	0.8071
LMNA	SNX13	3	0.0059	0.8671
MAPRE3	SNX13	3	0.0098	0.8639
ACTB	SNX11	3	0.0241	0.8543
KRT8	SNX11	3	0.0350	0.8457
LMNA	SNX11	3	0.0190	0.8577
MAPRE3	SNX11	3	0.0072	0.8659
ACTB	SNX9	3	0.2675	0.6685
CTNNA1	SNX9	3	0.0824	0.8025
KRT8	SNX9	3	0.2884	0.6483
LMNA	SNX9	3	0.0833	0.8018
MAPRE3	SNX9	3	0.1388	0.7618
ACTB	SNX5	3	0.0496	0.8314
CTNNA1	SNX5	3	0.0006	0.8736
KRT8	SNX5	3	0.0564	0.8249
LMNA	SNX5	3	0.0063	0.8666
MAPRE3	SNX5	3	0.0199	0.8571
ACTB	NUBP2	3	0.1395	0.7612
CTNNA1	NUBP2	3	0.0433	0.8375
KRT8	NUBP2	3	0.2185	0.7072
LMNA	NUBP2	3	0.1367	0.7631
MAPRE3	NUBP2	3	0.0859	0.7998
ACTB	HCFC2	3	0.0045	0.8683
CTNNA1	HCFC2	3	0.0000	0.8752
KRT8	HCFC2	3	0.0097	0.8639
LMNA	HCFC2	3	0.0196	0.8574
MAPRE3	HCFC2	3	0.0068	0.8662
ACTB	MRFAP1	3	0.2220	0.7048
CTNNA1	MRFAP1	3	0.0359	0.8449
KRT8	MRFAP1	3	0.2237	0.7035
LMNA	MRFAP1	3	0.2586	0.6761
MAPRE3	MRFAP1	3	0.1121	0.7803
ACTB	PUS1	3	0.1654	0.7431
CTNNA1	PUS1	3	0.0364	0.8445
KRT8	PUS1	3	0.2259	0.7018
LMNA	PUS1	3	0.1349	0.7643
MAPRE3	PUS1	3	0.0481	0.8330
ACTB	LRRFIP2	3	0.3058	0.6296
CTNNA1	LRRFIP2	3	0.0949	0.7930
KRT8	LRRFIP2	3	0.2643	0.6713
LMNA	LRRFIP2	3	0.0791	0.8052
MAPRE3	LRRFIP2	3	0.1675	0.7417
ACTB	FHOD1	3	0.3086	0.6268
CTNNA1	FHOD1	3	0.0627	0.8191
KRT8	FHOD1	3	0.2237	0.7035
LMNA	FHOD1	3	0.1005	0.7889
MAPRE3	FHOD1	3	0.1191	0.7749
ACTB	PSAT1	3	0.2305	0.6987
CTNNA1	PSAT1	3	0.0254	0.8534
KRT8	PSAT1	3	0.2345	0.6953
LMNA	PSAT1	3	0.1322	0.7662
MAPRE3	PSAT1	3	0.0871	0.7989
ACTB	NCOR2	3	0.2017	0.7189
CTNNA1	NCOR2	3	0.0636	0.8182
KRT8	NCOR2	3	0.2111	0.7126
LMNA	NCOR2	3	0.3067	0.6286
MAPRE3	NCOR2	3	0.1622	0.7453
ACTB	SLC25A15	3	0.0458	0.8352
CTNNA1	SLC25A15	3	0.0009	0.8730
KRT8	SLC25A15	3	0.1496	0.7541
LMNA	SLC25A15	3	0.1232	0.7721
MAPRE3	SLC25A15	3	0.0053	0.8676
ACTB	RAD54B	3	0.0162	0.8596
CTNNA1	RAD54B	3	0.0013	0.8724
KRT8	RAD54B	3	0.0330	0.8473
LMNA	RAD54B	3	0.0853	0.8002
MAPRE3	RAD54B	3	0.0086	0.8647
KRT8	NPTN	3	0.0659	0.8162
LMNA	NPTN	3	0.2932	0.6432
ACTB	COPG1	3	0.2207	0.7058
CTNNA1	COPG1	3	0.0486	0.8324
KRT8	COPG1	3	0.2955	0.6410
LMNA	COPG1	3	0.1886	0.7274
MAPRE3	COPG1	3	0.1255	0.7705
ACTB	AUP1	3	0.0536	0.8277
CTNNA1	AUP1	3	0.0017	0.8717
KRT8	AUP1	3	0.0624	0.8194
LMNA	AUP1	3	0.1289	0.7684
MAPRE3	AUP1	3	0.0152	0.8603
ACTB	FKBP7	3	0.1377	0.7624
CTNNA1	FKBP7	3	0.0331	0.8472
KRT8	FKBP7	3	0.1761	0.7359
LMNA	FKBP7	3	0.1074	0.7836
MAPRE3	FKBP7	3	0.0345	0.8461
ACTB	GMEB1	3	0.0256	0.8532
CTNNA1	GMEB1	3	0.0176	0.8586
LMNA	GMEB1	3	0.0225	0.8554
MAPRE3	GMEB1	3	0.0318	0.8483
ACTB	CLIC4	3	0.0854	0.8002
CTNNA1	CLIC4	3	0.0905	0.7962
KRT8	CLIC4	3	0.1274	0.7693
LMNA	CLIC4	3	0.1080	0.7831
MAPRE3	CLIC4	3	0.0260	0.8530
ACTB	NFS1	3	0.0948	0.7931
CTNNA1	NFS1	3	0.0621	0.8196
KRT8	NFS1	3	0.2256	0.7020
LMNA	NFS1	3	0.0962	0.7921
ACTB	CFAP20	3	0.2078	0.7149
CTNNA1	CFAP20	3	0.0149	0.8605
KRT8	CFAP20	3	0.2313	0.6981
LMNA	CFAP20	3	0.1883	0.7277
MAPRE3	CFAP20	3	0.0714	0.8116
ACTB	TACC3	3	0.2388	0.6924
CTNNA1	TACC3	3	0.0808	0.8039
KRT8	TACC3	3	0.2872	0.6496
LMNA	TACC3	3	0.0726	0.8105
MAPRE3	TACC3	3	0.2486	0.6847
LMNA	SAR1B	3	0.9996	0.0002
ACTB	AP4B1	3	0.0452	0.8358
CTNNA1	AP4B1	3	0.0007	0.8734
KRT8	AP4B1	3	0.1087	0.7826
LMNA	AP4B1	3	0.0023	0.8708
MAPRE3	AP4B1	3	0.0088	0.8646
ACTB	MTCH2	3	0.0884	0.7978
CTNNA1	MTCH2	3	0.0405	0.8403
KRT8	MTCH2	3	0.0869	0.7990
LMNA	MTCH2	3	0.1001	0.7891
MAPRE3	MTCH2	3	0.0293	0.8504
ACTB	ARFGEF2	3	0.0450	0.8360
CTNNA1	ARFGEF2	3	0.0006	0.8736
KRT8	ARFGEF2	3	0.0612	0.8205
LMNA	ARFGEF2	3	0.0092	0.8643
MAPRE3	ARFGEF2	3	0.0060	0.8670
ACTB	ARFGEF1	3	0.0384	0.8426
CTNNA1	ARFGEF1	3	0.0001	0.8748
KRT8	ARFGEF1	3	0.0666	0.8156
LMNA	ARFGEF1	3	0.0093	0.8642
MAPRE3	ARFGEF1	3	0.0048	0.8680
ACTB	MAD1L1	3	0.0368	0.8441
KRT8	MAD1L1	3	0.0269	0.8523
LMNA	MAD1L1	3	0.0433	0.8375
MAPRE3	MAD1L1	3	0.0343	0.8463
ACTB	STK24	3	0.2671	0.6689
CTNNA1	STK24	3	0.0889	0.7974
KRT8	STK24	3	0.2722	0.6642
LMNA	STK24	3	0.1131	0.7794
MAPRE3	STK24	3	0.1146	0.7784
ACTB	BZW2	3	0.2639	0.6717
CTNNA1	BZW2	3	0.0597	0.8219
KRT8	BZW2	3	0.2514	0.6823
LMNA	BZW2	3	0.1902	0.7264
MAPRE3	BZW2	3	0.1894	0.7269
ACTB	COMMD10	3	0.2688	0.6674
CTNNA1	COMMD10	3	0.0844	0.8010
KRT8	COMMD10	3	0.3638	0.5345
LMNA	COMMD10	3	0.2574	0.6769
MAPRE3	COMMD10	3	0.1666	0.7422
ACTB	DYNC1LI1	3	0.3103	0.6248
CTNNA1	DYNC1LI1	3	0.1229	0.7723
KRT8	DYNC1LI1	3	0.3108	0.6240
LMNA	DYNC1LI1	3	0.1668	0.7421
MAPRE3	DYNC1LI1	3	0.2587	0.6760
ACTB	SNCAIP	3	0.1528	0.7520
CTNNA1	SNCAIP	3	0.0312	0.8489
KRT8	SNCAIP	3	0.1138	0.7789
LMNA	SNCAIP	3	0.0857	0.8000
MAPRE3	SNCAIP	3	0.0194	0.8575
ACTB	EPN1	3	0.0615	0.8202
CTNNA1	EPN1	3	0.0022	0.8710
KRT8	EPN1	3	0.0535	0.8278
LMNA	EPN1	3	0.0014	0.8722
MAPRE3	EPN1	3	0.0083	0.8650
ACTB	USP3	3	0.1445	0.7579
KRT8	USP3	3	0.1391	0.7615
LMNA	USP3	3	0.2601	0.6749
ACTB	TEX264	3	0.1759	0.7361
CTNNA1	TEX264	3	0.0522	0.8290
KRT8	TEX264	3	0.0765	0.8072
LMNA	TEX264	3	0.4641	0.3616
ACTB	CABIN1	3	0.0145	0.8608
KRT8	CABIN1	3	0.0002	0.8745
LMNA	CABIN1	3	0.0181	0.8582
ACTB	TAF6L	3	0.0156	0.8600
KRT8	TAF6L	3	0.0007	0.8734
LMNA	TAF6L	3	0.0285	0.8511
MAPRE3	TAF6L	3	0.0011	0.8726
ACTB	CEPT1	3	0.1714	0.7392
CTNNA1	CEPT1	3	0.0535	0.8278
KRT8	CEPT1	3	0.3884	0.4836
LMNA	CEPT1	3	0.1810	0.7323
MAPRE3	CEPT1	3	0.0946	0.7933
ACTB	DNMT3A	3	0.0472	0.8340
KRT8	DNMT3A	3	0.0233	0.8550
LMNA	DNMT3A	3	0.0369	0.8440
MAPRE3	DNMT3A	3	0.0014	0.8722
ACTB	IKBKG	3	0.2974	0.6387
CTNNA1	IKBKG	3	0.1228	0.7724
KRT8	IKBKG	3	0.3334	0.5887
LMNA	IKBKG	3	0.2227	0.7043
MAPRE3	IKBKG	3	0.1932	0.7245
ACTB	PRSS21	3	0.1947	0.7234
CTNNA1	PRSS21	3	0.0852	0.8003
KRT8	PRSS21	3	0.2767	0.6607
LMNA	PRSS21	3	0.3116	0.6227
MAPRE3	PRSS21	3	0.1020	0.7878
ACTB	SLC30A1	3	0.2208	0.7057
CTNNA1	SLC30A1	3	0.1160	0.7772
KRT8	SLC30A1	3	0.1399	0.7611
LMNA	SLC30A1	3	0.0879	0.7982
MAPRE3	SLC30A1	3	0.0178	0.8584
ACTB	SLC4A7	3	0.2687	0.6675
CTNNA1	SLC4A7	3	0.1248	0.7710
KRT8	SLC4A7	3	0.2362	0.6940
LMNA	SLC4A7	3	0.0874	0.7986
MAPRE3	SLC4A7	3	0.0764	0.8072
ACTB	NDUFB9	3	0.1278	0.7690
CTNNA1	NDUFB9	3	0.0150	0.8605
KRT8	NDUFB9	3	0.3655	0.5299
LMNA	NDUFB9	3	0.1228	0.7724
MAPRE3	NDUFB9	3	0.0346	0.8460
ACTB	SQOR	3	0.1298	0.7678
CTNNA1	SQOR	3	0.0297	0.8501
KRT8	SQOR	3	0.1825	0.7312
LMNA	SQOR	3	0.1153	0.7779
MAPRE3	SQOR	3	0.0327	0.8476
ACTB	ROBO1	3	0.2889	0.6479
CTNNA1	ROBO1	3	0.1434	0.7587
KRT8	ROBO1	3	0.2156	0.7094
LMNA	ROBO1	3	0.0816	0.8032
MAPRE3	ROBO1	3	0.0584	0.8231
ACTB	NCOA3	3	0.0103	0.8636
KRT8	NCOA3	3	0.0083	0.8650
LMNA	NCOA3	3	0.0760	0.8075
MAPRE3	NCOA3	3	0.0011	0.8726
ACTB	NUMBL	3	0.0538	0.8275
CTNNA1	NUMBL	3	0.0008	0.8732
KRT8	NUMBL	3	0.0474	0.8337
LMNA	NUMBL	3	0.0020	0.8713
MAPRE3	NUMBL	3	0.0073	0.8658
ACTB	FCGBP	3	0.3333	0.5889
ACTB	DDX49	3	0.1842	0.7301
CTNNA1	DDX49	3	0.0342	0.8464
KRT8	DDX49	3	0.2101	0.7132
LMNA	DDX49	3	0.1625	0.7451
MAPRE3	DDX49	3	0.0640	0.8179
ACTB	CAPN7	3	0.1815	0.7319
CTNNA1	CAPN7	3	0.0046	0.8682
KRT8	CAPN7	3	0.2640	0.6716
LMNA	CAPN7	3	0.0772	0.8066
MAPRE3	CAPN7	3	0.1344	0.7646
ACTB	WASF2	3	0.3331	0.5912
CTNNA1	WASF2	3	0.0811	0.8036
KRT8	WASF2	3	0.2312	0.6981
LMNA	WASF2	3	0.1504	0.7536
MAPRE3	WASF2	3	0.1028	0.7873
ACTB	PIAS3	3	0.0250	0.8537
KRT8	PIAS3	3	0.9997	0.0000
LMNA	PIAS3	3	0.1656	0.7429
MAPRE3	PIAS3	3	0.0357	0.8451
ACTB	MAU2	3	0.0758	0.8077
CTNNA1	MAU2	3	0.0027	0.8703
KRT8	MAU2	3	0.1313	0.7668
LMNA	MAU2	3	0.0514	0.8297
MAPRE3	MAU2	3	0.0057	0.8672
LMNA	FAM169A	3	0.9012	0.0232
ACTB	ZHX2	3	0.0715	0.8115
CTNNA1	ZHX2	3	0.0095	0.8641
KRT8	ZHX2	3	0.1119	0.7804
LMNA	ZHX2	3	0.2790	0.6580
MAPRE3	ZHX2	3	0.0701	0.8126
ACTB	MORC2	3	0.0229	0.8552
KRT8	MORC2	3	0.0129	0.8619
LMNA	MORC2	3	0.0323	0.8479
MAPRE3	MORC2	3	0.0053	0.8676
ACTB	IVNS1ABP	3	0.2062	0.7159
CTNNA1	IVNS1ABP	3	0.0401	0.8407
KRT8	IVNS1ABP	3	0.2297	0.6993
LMNA	IVNS1ABP	3	0.0937	0.7940
MAPRE3	IVNS1ABP	3	0.0434	0.8374
ACTB	SEC23IP	3	0.2567	0.6774
CTNNA1	SEC23IP	3	0.0781	0.8059
KRT8	SEC23IP	3	0.2977	0.6384
LMNA	SEC23IP	3	0.1109	0.7811
MAPRE3	SEC23IP	3	0.1299	0.7677
